accepted_species,estimate
t65,0.8285451162586389
t41,0.12769984829068004
t1,0.49385274475974705
t12,0.42263354000190184
t29,0.47016723696777396
t67,-0.35974234616177625
t11,-0.33754836491351964
t56,-0.3535640792629813
t45,-0.3516762063147398
t52,-0.6218286379808583
