accepted_species,0
t65,-0.013436736167352506
t41,-0.013436736167352506
t1,-0.013436736167352506
t12,-0.013436736167352506
t29,-0.013436736167352506
t67,-0.013436736167352506
t11,-0.013436736167352506
t56,-0.013436736167352506
t45,-0.013436736167352506
t52,-0.013436736167352506
