"accepted_species","estimate"
"t65",1.50533043903605
"t41",-0.0784328865171785
"t1",0.631887796917739
"t12",0.603220951448362
"t29",0.811128648952144
"t67",0.645542360252256
"t11",-0.208585635856464
"t56",0.703239442131366
"t45",-0.968523252619379
"t52",0.31054204462816
