accepted_species,estimate
Atractocarpus_sessilis,-0.3428271797753184
Coffea_arabica,-0.3057177371511689
Coffea_congensis,-0.3443496397983795
Coffea_racemosa,-0.3069362919284985
Cyclophyllum_coprosmoides,0.11583339818354052
Genipa_americana,-0.3114023983580386
Pavetta_australiensis,-0.2858331362872836
Randia_pterocarpa,-0.3407661416032579
Rothmannia_urcelliformis,-0.3253979002324473
Tocoyena_pittieri,-0.3419013892168985
