accepted_species,0,1
Asclepias_minutiflora,0.82274187,0.17725816
Metastelma_rodriguezii,0.82274187,0.17725816
Cynanchum_tuberculatum,0.82274187,0.17725816
Ditassa_ayangannensis,0.82274187,0.17725816
Metastelma_blodgettii,0.82274187,0.17725816
Asclepias_feayi,0.8192446,0.18075539
Cynanchum_batangense,0.81304157,0.1869584
Cynanchum_caudigerum,0.82274187,0.17725816
Pachycarpus_pachyglossus,0.82274187,0.17725816
Gonolobus_scaber,0.80820394,0.19179606
