"accepted_species","0","1"
"t58",0.500001499226032,0.499998500773968
"t69",0.500000000107388,0.499999999892612
"t87",0.499831838368172,0.500168161631828
"t96",0.50065919075073,0.49934080924927
"t102",0.501390283558394,0.498609716441606
"t122",0.49230271939657,0.50769728060343
"t130",0.494962199585923,0.505037800414077
"t131",0.494962199585923,0.505037800414077
"t137",0.499549560954872,0.500450439045128
"t143",0.514249577824408,0.485750422175592
