accepted_species,0,1
t58,0.4925050186171003,0.5074949813828997
t69,0.3787042013544465,0.6212957986455535
t87,0.482449767948241,0.517550232051759
t96,0.5582102284558834,0.4417897715441165
t102,0.4981453796261609,0.5018546203738391
t122,0.501617197932274,0.498382802067726
t130,0.3829605839233272,0.6170394160766728
t131,0.38176656356310346,0.6182334364368965
t137,0.4992488718085566,0.5007511281914434
t143,0.4986913230042044,0.5013086769957956
