accepted_species,0,1
t58,0.4608442958587038,0.5391557041412962
t69,0.32118785188987997,0.67881214811012
t87,0.07733570875274187,0.9226642912472581
t96,0.7347389641562514,0.2652610358437486
t102,0.867033166838645,0.13296683316135502
t122,0.7555316962417955,0.24446830375820452
t130,0.40207271180986914,0.5979272881901309
t131,0.32321884626777875,0.6767811537322213
t137,0.3584079180831051,0.6415920819168949
t143,0.8103252580857254,0.18967474191427458
