accepted_species,0,1
t58,0.48200792457013564,0.5179920754298644
t69,0.455244823481467,0.544755176518533
t87,0.46919439083786174,0.5308056091621383
t96,0.5357228468220039,0.46427715317799617
t102,0.5189656428438805,0.48103435715611953
t122,0.4825733836766538,0.5174266163233462
t130,0.43808355530176424,0.5619164446982358
t131,0.43808355530176424,0.5619164446982358
t137,0.4825690332221104,0.5174309667778896
t143,0.5182852535092038,0.48171474649079615
