"accepted_species","0","1"
"t58","0.501005223351033","0.498994776648967"
"t69","0.50000494689537","0.49999505310463"
"t87","0.488398040809862","0.511601959190138"
"t96","0.519697645910866","0.480302354089134"
"t102","0.528610827602432","0.471389172397568"
"t122","0.426318976633039","0.573681023366961"
"t130","0.435361227096206","0.564638772903794"
"t131","0.435361227096206","0.564638772903794"
"t137","0.484279812602107","0.515720187397892"
"t143","0.575685887888178","0.424314112111822"
