accepted_species,0,1
t48,0.38441133,0.61558867
t79,0.3907935,0.6092065
t99,0.46565986,0.53434014
t105,0.6196445,0.38035545
t115,0.48064798,0.519352
t120,0.52158844,0.47841156
t127,0.610965,0.38903502
t155,0.28616726,0.71383274
t168,0.4519716,0.5480284
t171,0.5277046,0.47229537
