accepted_species,estimate
t35,-0.9599204394613483
t80,-0.4768818082605759
t32,-0.8971047540926387
t2,-1.187664104572609
t56,-0.3289814422569979
t11,0.8871800429897998
t66,0.12080152892023488
t76,0.14280698016576787
t72,0.21170277379172048
t3,0.27802974845223993
