accepted_species,estimate
Asperula_glomerata,-0.5079304532059175
Coprosma_quadrifida,0.15366226019048734
Coprosma_rhamnoides,0.14811169229221144
Galium_angustifolium,-0.46611168592670316
Galium_eriocarpum,-0.3105113636908725
Mandevilla_benthamii,0.19295165234020928
Pavetta_australiensis,-0.012092848569145595
Psychotria_chagrensis,0.23504936030249302
Randia_thurberi,-0.039942010184047624
Tabernaemontana_arborea,0.6752008089321573
