"accepted_species","0","1"
"t3",0.146858390536692,0.853141609463308
"t60",0.0259061278476115,0.974093872152388
"t19",0.0654460299857993,0.934553970014201
"t10",0.736510003420373,0.263489996579627
"t65",0.0190389009596546,0.980961099040346
"t47",0.0283608009963053,0.971639199003695
"t52",0.0264485574867101,0.97355144251329
"t64",0.0206446701826224,0.979355329817378
"t78",0.00970092723933605,0.990299072760664
"t50",0.0271766369033814,0.972823363096619
