accepted_species,0,1
t3,0.36902258318368597,0.630977416816314
t60,0.6655937763503142,0.33440622364968575
t19,0.28789954151023134,0.7121004584897687
t10,0.5592419758122308,0.4407580241877692
t65,0.041332235615407664,0.9586677643845923
t47,0.020157064449484063,0.9798429355505159
t52,0.0025913575343464723,0.9974086424656535
t64,0.003682126175866385,0.9963178738241336
t78,0.003379260440872889,0.9966207395591271
t50,0.0029864127580212507,0.9970135872419787
