accepted_species,0,1
t3,0.274289588737867,0.725710411262133
t60,0.7058117882079608,0.29418821179203924
t19,0.30950129806184257,0.6904987019381574
t10,0.46287564085691535,0.5371243591430847
t65,0.022145172094481858,0.9778548279055181
t47,0.014507901200687012,0.985492098799313
t52,0.0011620087072251595,0.9988379912927748
t64,0.0005356240502228937,0.9994643759497771
t78,0.0008296673847209002,0.9991703326152791
t50,0.0008240151258752659,0.9991759848741247
