accepted_species,0,1
t3,0.44126463,0.5587354
t60,0.1419884,0.8580116
t19,0.48257697,0.51742303
t10,0.8407129,0.15928707
t65,0.01990062,0.9800994
t47,0.029595196,0.9704048
t52,0.009224236,0.99077576
t64,0.009224236,0.99077576
t78,0.009224236,0.99077576
t50,0.009224236,0.99077576
