accepted_species,estimate
t6,0.5807375732231459
t66,0.09155129970463007
t53,-0.6834277650536024
t54,-0.6834277650536024
t83,-0.8236228070774756
t88,-0.8261023899463316
t2,-0.5352582666399702
t80,-0.07202218734090794
t55,-0.3299925049447706
t74,-0.3339682101094797
