accepted_species,estimate
t6,0.100711145
t66,0.36148477
t53,0.068913
t54,0.10292682
t83,-0.27267435
t88,-0.20600754
t2,-0.13777718
t80,-0.02629043
t55,0.086421326
t74,0.3564427
