accepted_species,estimate
t60,-0.97468454
t14,-0.933732
t48,-0.8832975
t83,0.25948647
t25,1.0220474
t89,0.47723392
t90,0.47723392
t99,0.6274523
t64,-1.2405236
t12,-0.91335297
