accepted_species,estimate
t33,1.416967755918507
t23,1.192582839553668
t31,-0.003038403039168143
t94,1.3361165650369284
t80,1.406941803695176
t38,-0.21508498466704012
t5,-1.2504478905250114
t13,-1.4386265870541102
t87,-1.461145551269989
t84,-1.4686007694538254
