accepted_species,0
t33,
t23,
t31,
t94,1.0284419266053
t80,
t38,
t5,
t13,
t87,-1.18871838915278
t84,
