accepted_species,estimate
t33,1.0287529
t23,0.4742683
t31,0.04468333
t94,1.1301757
t80,1.50677
t38,0.3402757
t5,-1.3721585
t13,-1.6445937
t87,-1.3592706
t84,-1.2782661
