accepted_species,0
t67,-1.0559193898535615
t79,0.18280222251138095
t66,0.04339947551636114
t88,0.24615809020696897
t62,0.2081649978085833
t93,0.32637750377188995
t83,-0.4622636796119778
t54,0.7937575434671202
t28,-0.23682921727818254
t60,-0.3601935374121886
