"accepted_species","estimate"
"t67",-0.664281880293647
"t79",0.0747243852598465
"t66",-0.24979638874901
"t88",0.217110826008374
"t62",0.211211002165533
"t93",0.292732286299313
"t83",-0.215199006906467
"t54",0.778588365943645
"t28",-0.0694907830264863
"t60",-0.350164819574982
