"accepted_species","estimate"
"t35",-1.10521739292576
"t56",-0.337125325080798
"t26",0.944438839848339
"t22",0.787919417662163
"t93",-0.397182061150159
"t63",-0.155798841136596
"t90",-0.633827161374073
"t74",-0.237906961983398
"t95",-0.51809246592685
"t89",-0.220145209843594
