accepted_species,0,1
t125,0.9648645,0.035135504
t37,0.9709332,0.029066801
t106,0.9713515,0.02864849
t126,0.9702648,0.029735202
t127,0.9702648,0.029735202
t16,0.9643401,0.0356599
t54,0.9643401,0.0356599
t91,0.96596825,0.03403175
t90,0.9675323,0.032467708
t66,0.96721226,0.03278773
t51,0.9669557,0.033044275
t68,0.9625701,0.037429906
t112,0.9625701,0.037429906
