accepted_species,0,1
sp117,0.4430636109030651,0.5569363890969349
sp118,0.6127995880656238,0.38720041193437615
sp129,0.3303601775874191,0.6696398224125809
sp139,0.6553314998376695,0.3446685001623305
sp144,0.6320606651539113,0.36793933484608865
sp147,0.46397241644795406,0.5360275835520459
sp164,0.7180091796661481,0.28199082033385187
sp172,0.6383123385689697,0.3616876614310303
sp185,0.40819470029495464,0.5918052997050454
sp192,0.6944766043894315,0.3055233956105685
