"accepted_species","0","1"
"t26","0.50000000006754","0.49999999993246"
"t61","0.499999994730981","0.500000005269019"
"t75","0.499974606579338","0.500025393420662"
"t87","0.499999953363417","0.500000046636583"
"t96","0.500108908584862","0.499891091415138"
"t99","0.498879674811908","0.501120325188092"
"t130","0.522588779110023","0.477411220889977"
"t165","0.50823985728233","0.49176014271767"
"t179","0.257520470872692","0.742479529127308"
"t194","0.862002926326546","0.137997073673454"
