accepted_species,0,1
t43,0.3257591,0.6742409
t60,0.3257591,0.6742409
t63,0.3257591,0.6742409
t65,0.3257591,0.6742409
t66,0.3257591,0.6742409
t74,0.3257591,0.6742409
t81,0.3257591,0.6742409
t105,0.3257591,0.6742409
t106,0.3257591,0.6742409
t111,0.3257591,0.6742409
