accepted_species,0,1
t56,0.5161259558680369,0.48387404413196317
t20,0.5239913020959637,0.4760086979040363
t86,0.5503187665959395,0.4496812334040606
t99,0.5563349941707765,0.44366500582922347
t37,0.5541078881451054,0.44589211185489463
t58,0.48146780942435763,0.5185321905756424
t9,0.4791790920104856,0.5208209079895144
t5,0.4779542797180458,0.5220457202819542
t87,0.4839176261991729,0.5160823738008271
t84,0.4740441927613609,0.5259558072386391
