accepted_species,0,1
sp78,0.8408740876970701,0.15912591230292997
sp94,0.7786949554964835,0.2213050445035165
sp95,0.7838346935800506,0.21616530641994933
sp113,0.9558138707188342,0.04418612928116582
sp114,0.9530797811577306,0.04692021884226934
sp129,0.7774678860924198,0.22253211390758015
sp148,0.8242478364354096,0.1757521635645904
sp150,0.7600226675814478,0.2399773324185522
sp151,0.8316275192909515,0.16837248070904848
sp157,0.8930371851783394,0.10696281482166065
