accepted_species,0
Coprosma_foetidissima,0.01945648379697851
Galium_aparine,0.01945648379697851
Galium_labradoricum,0.01945648379697851
Gentianella_insubrica,-0.42140295950322354
Guettarda_elliptica,0.01945648379697851
Ixora_javanica,0.01945648379697851
Rothmannia_urcelliformis,0.01945648379697851
Spermacoce_brachystema,0.01945648379697851
Swertia_bimaculata,0.01945648379697851
Tabernaemontana_arborea,0.01945648379697851
