accepted_species,estimate
t34,-0.3867837877528159
t79,-0.4196336109970565
t80,-0.419633610997056
t29,-0.4799358729748987
t99,-0.29602064738581163
t9,-0.2759704378846352
t24,0.5604871372753977
t68,0.561068989872801
t21,0.574643982003994
t93,1.7497214572495992
