"","c1","c2","c3","c4","c5","c6","c7","c8","c9","c10","c11","c12","c13","c14","c15","c16","c17","c18","c19","c20","c21","c22","c23","c24","c25","c26","c27","c28","c29","c30","c31","c32","c33","c34","c35","c36","c37","c38","c39","c40","c41","c42","c43","c44","c45","c46","c47","c48","c49","c50","c51","c52","c53","c54","c55","c56","c57","c58","c59","c60","c61","c62","c63","c64","c65","c66","c67","c68","c69","c70","c71","c72","c73","c74","c75","c76","c77","c78","c79","c80","c81","c82","c83","c84","c85","c86","c87","c88","c89","c90","c91","c92","c93","c94","c95","c96","c97","c98","c99"
"t32",-0.112761214711021,-0.189123531621993,-0.0120780700528233,-0.00845429572860894,0.000643205196844673,-0.00049984047667713,-0.0060673442754234,0.0107087778854911,9.31400464754104e-05,-0.0044546300892429,-0.00106153896067061,-0.0006539561389546,-0.000282346471031819,1.28618721882028e-06,0.000175500912901343,-1.07517438118577e-05,0.0219446596325527,-0.000186178506596368,-0.000395792993241717,0.0493647066877285,0.540999332978086,0.00619086416900598,-0.00247762721084421,0.000138385076582947,-0.00146941467024335,0.00187123525411324,-0.000431297385014452,-0.370355667298264,-2.69937248808005e-06,-9.92422105917929e-06,-2.06411293931007e-05,-0.000360010072409024,-0.0816724152338295,-0.00196938452246432,2.27107996079608e-15,0.0190654902425519,-0.000932881250717901,-0.000258999966657476,0.00208318384402407,0.0356049935876129,-1.24388861251159e-15,1.59851940914483e-15,5.04442049795474e-05,-3.10413025931042e-05,4.26493557847072e-05,2.35847419959685e-15,-6.66414585023712e-06,0.000249531920758061,-7.25655168269185e-15,-1.06524039778969e-14,-1.58696078655828e-15,0.00010709368795125,1.12632041508185e-05,4.53118909427681e-06,1.44886865814632e-13,-3.03823836833678e-13,0.707106781186548,2.16475458264457e-05,-1.00501614184521e-06,-1.42468174152758e-05,1.17955648654237e-05,-2.27578926322738e-05,4.22072875315251e-15,-9.46967599346788e-18,2.71233319415716e-08,3.91325066112173e-15,3.78432981480621e-06,-3.94066165119593e-15,1.19249365887725e-05,-9.14155709161376e-16,-1.85638853130955e-15,-5.35744333317049e-07,-3.08350512183875e-15,5.66295649612608e-15,-0.00162777380353105,2.40121255814821e-06,-1.12990128147686e-05,-6.81393203850156e-16,4.32922046705069e-15,6.99527475934322e-06,1.61790919619139e-06,-6.89536719480974e-16,6.12771554806143e-16,-1.00387944799479e-15,1.06276619966693e-15,-4.70750738825844e-16,2.17991864268889e-16,-3.90157839788635e-15,-4.29344600670684e-15,3.32582743866243e-17,8.24175700171932e-16,1.20381921593548e-16,-2.8384002420065e-07,2.92183141244213e-16,-1.59472223873898e-15,-1.27067073430108e-15,-6.40286171527873e-16,-2.49774481816249e-15,-1.90356823559958e-14
"t33",-0.11276121471102,-0.189123531621993,-0.0120780700528233,-0.00845429572860881,0.000643205196844606,-0.000499840476676765,-0.00606734427542349,0.0107087778854907,9.31400464745619e-05,-0.00445463008924228,-0.00106153896067124,-0.000653956138954497,-0.000282346471031728,1.28618721867786e-06,0.000175500912900194,-1.07517438123313e-05,0.0219446596325543,-0.000186178506594355,-0.000395792993244626,0.0493647066877319,0.54099933297808,0.00619086416900485,-0.00247762721084721,0.000138385076590525,-0.00146941467024379,0.00187123525410906,-0.00043129738501521,-0.370355667298274,-2.69937248775854e-06,-9.92422106019744e-06,-2.06411293987605e-05,-0.000360010072410291,-0.0816724152338266,-0.00196938452246479,1.23422570889963e-15,0.0190654902425517,-0.000932881250720008,-0.000258999966658186,0.00208318384401214,0.035604993587605,-6.73511743709658e-16,-1.72402381425816e-15,5.0444204966489e-05,-3.10413025748967e-05,4.26493557777208e-05,-1.57055788635649e-15,-6.66414587561295e-06,0.000249531920738114,6.08094678058564e-15,8.15294156622878e-15,1.84109498482328e-15,0.000107093687946208,1.12632041330773e-05,4.53118914292816e-06,-1.41660296224347e-13,2.95962014334476e-13,-0.707106781186547,2.16475460293173e-05,-1.00501607882881e-06,-1.42468176124603e-05,1.17955648990526e-05,-2.27578926245148e-05,-4.92552272483764e-15,3.38454943985201e-18,2.71233351678203e-08,-4.14253935483231e-15,3.78432979048222e-06,4.88652488678885e-15,1.19249365874782e-05,2.24386889002868e-15,3.12074805231882e-15,-5.3574434473104e-07,4.0334845303443e-15,-7.54920157127791e-15,-0.00162777380352444,2.40121255339057e-06,-1.12990128106759e-05,-2.84301015377692e-16,-3.50950392239842e-15,6.99527475830746e-06,1.61790919862608e-06,1.00034726283964e-15,7.70641844445501e-16,1.34830166718519e-15,-2.48402781176362e-15,-1.88575816322481e-15,-4.19349039245198e-17,5.12470003268142e-15,4.43493151301038e-15,2.63778068641192e-16,-8.1143392941648e-16,1.01082896296759e-15,-2.83840029489073e-07,1.93779432851134e-15,2.3220366954445e-15,-3.15924991453912e-15,-3.60053313046465e-16,-2.39840014651334e-15,-1.5889803765806e-14
"t29",-0.114214917445335,-0.194753381381009,-0.01309143150024,-0.00933256841704109,0.000732304210783154,-0.000596503989838504,-0.00752473404385804,0.0136564478217152,0.000131193957278157,-0.00632156184988686,-0.00203956726533862,-0.00158176275348181,-0.000842658126332987,-6.64613492934394e-05,-0.000284719712916846,8.43966942888562e-06,-0.0561011057648765,-6.65165149250419e-06,-4.79353604495654e-05,0.0127580612613899,0.142065230138903,0.00173105214371212,-0.000709683834811196,3.81980102688341e-05,-0.000373030889490301,0.000367847282038659,6.38519640597156e-05,0.469149134191358,3.74311671735483e-05,-1.687425868155e-05,-3.08798094093242e-05,-0.000789198414829905,-0.390866359676213,-0.020280180605014,-6.55442005379324e-15,0.199534550934509,-0.000486609975927858,-0.000139837519757103,0.00586733162046001,0.0428793941761557,-1.04318373874017e-15,7.69166052971718e-15,2.49642590271703e-05,-1.59766897898522e-05,2.21580029065581e-05,-1.84917356457148e-15,-3.80956925023505e-06,0.000145295541101862,3.73970839653548e-15,-1.79199683938999e-14,5.34799215298688e-15,6.38267388542771e-05,6.71380593595309e-06,2.73062938227514e-06,1.44942055531799e-12,-0.707106781186563,-3.05061531591377e-13,1.33134101407242e-05,-6.18247971834383e-07,-8.79750474120772e-06,7.345305025963e-06,-1.42242746780804e-05,1.04627572905118e-14,-5.4812008368519e-16,1.71394307836953e-08,2.75862072245104e-15,2.39696203297323e-06,-3.12943613803843e-15,7.59646981867463e-06,-8.96037734296397e-15,6.84599089687918e-16,-3.4453113499887e-07,-3.08374493261304e-16,-2.34559011571731e-15,-0.00173382615062113,1.49228343112958e-06,-7.34484463899875e-06,-2.98241230612508e-15,3.49611760180562e-15,4.56801262371159e-06,1.06009853051393e-06,-2.33341972688083e-16,-6.57871927207066e-16,-4.46098526502428e-16,5.12316647358519e-15,-3.74180167026982e-15,-9.08734888658289e-17,6.03219523604917e-16,1.42638234827119e-14,5.34271862119641e-16,1.0172916903674e-16,-1.20732649693489e-15,-1.88645509859333e-07,4.43762185632351e-16,1.6720788969198e-15,-2.79270029843653e-15,-7.30524506354523e-16,-1.3406661952642e-15,-1.67675247003712e-14
"t30",-0.114214917445335,-0.194753381381009,-0.0130914315002396,-0.0093325684170415,0.000732304210783941,-0.00059650398983913,-0.00752473404385756,0.0136564478217147,0.000131193957277664,-0.00632156184988658,-0.00203956726533834,-0.00158176275348261,-0.000842658126332749,-6.64613492911703e-05,-0.000284719712915911,8.43966943013241e-06,-0.0561011057648754,-6.65165149180859e-06,-4.79353604501224e-05,0.0127580612613873,0.142065230138915,0.00173105214370764,-0.000709683834805678,3.81980102663895e-05,-0.000373030889488141,0.000367847282039626,6.3851964060655e-05,0.469149134191374,3.74311671719388e-05,-1.68742586782825e-05,-3.0879809408093e-05,-0.000789198414828736,-0.39086635967623,-0.0202801806050169,-4.84282625120879e-15,0.19953455093452,-0.000486609975941461,-0.00013983751975261,0.00586733162046666,0.0428793941761887,-1.47733111905198e-15,-4.30597157289212e-15,2.49642590270032e-05,-1.59766898066006e-05,2.2158002919224e-05,-2.70248438877895e-16,-3.80956925694421e-06,0.000145295541090091,-4.85015197114451e-15,1.7442600059384e-14,-4.0721862996724e-15,6.38267388011243e-05,6.71380595699798e-06,2.7306294162314e-06,-1.44806842743168e-12,0.707106781186531,2.94708701886748e-13,1.33134101990987e-05,-6.18248108916839e-07,-8.7975047067326e-06,7.34530498080911e-06,-1.42242746813967e-05,-1.16113457956586e-14,-2.9084704969562e-17,1.71394556936178e-08,-2.09841766894822e-15,2.3969620367629e-06,1.44220274607937e-15,7.59646983303884e-06,6.04702202562209e-15,-9.2704158344216e-16,-3.44531134443099e-07,-2.63872449555101e-16,1.39042516549058e-14,-0.00173382615067567,1.49228341792278e-06,-7.34484464708991e-06,4.54121658697045e-15,-2.01226905222058e-15,4.56801263539428e-06,1.0600985205414e-06,1.81796014745681e-17,1.14769855521911e-15,-1.21642587360934e-16,-1.95464418024612e-15,4.32032506323774e-15,1.9198897674562e-16,-4.4885838465272e-15,-1.18780472306617e-14,1.40449197193628e-16,-3.8891258023741e-16,2.04636565885067e-15,-1.88645510843336e-07,1.65916720552325e-15,-3.47376130624818e-16,-1.1074489372924e-15,-2.77711759388296e-16,-2.95259620845355e-15,-1.83966229040218e-14
"t55",-0.115731314051767,-0.200628322657801,-0.0141501260892739,-0.0102504912235211,0.000825485936310188,-0.000697693235590002,-0.00905151150368621,0.0167461167591513,0.000171155069876926,-0.00828232708918485,-0.00307207414694418,-0.0025646481996177,-0.00143788936584649,-0.000139579762551474,-0.000804451634050367,3.67787461307438e-05,-0.289751072677548,0.000148137274687881,0.000260591558577746,-0.0183528951266724,-0.194838237891104,-0.00187626040987124,0.000658846811610707,-2.44441263359792e-05,0.000207863540898139,-0.000172837621738915,-2.23594555144205e-05,-0.138578605131759,-9.97479015216161e-06,3.354654218942e-06,3.81748711999247e-06,6.6838047949833e-05,0.0256763631909607,0.00121583354490029,2.7774414745778e-16,0.131609604105465,-2.29169470633693e-06,-1.57995750291022e-06,-0.525301923655205,0.0145310110522857,5.76247542287024e-16,-1.04307551730433e-14,7.26408237031005e-06,-4.65420012100506e-06,6.46572220172721e-06,-2.62010796582673e-15,-1.22161568064376e-06,4.85433765396605e-05,-3.92204676932339e-16,-2.94097084864321e-16,7.61813245805866e-16,2.26665766818951e-05,2.38529524362628e-06,1.00086708769168e-06,-1.06633547560323e-15,1.09676725942175e-14,1.21846976952611e-14,5.18421759399207e-06,-2.40927662834653e-07,-3.46808486920412e-06,2.97054470154323e-06,-5.81763165094746e-06,9.37555361039488e-16,-1.41766226669088e-16,7.24660655516117e-09,4.09124486200581e-15,1.0206341462295e-06,-3.32609535048841e-15,3.29046011966943e-06,-5.82444666893767e-15,7.48429894449011e-15,-1.53407316034137e-07,3.75467905144483e-15,-0.707106781186547,-0.000788878141147063,6.79176910293666e-07,-3.3890797225362e-06,-1.07639571120502e-14,-1.32896322834823e-14,2.13369762162736e-06,4.99879591954474e-07,-1.7487135416505e-15,5.77985027181534e-16,-6.19231708768334e-15,-3.83936118482891e-15,-5.17894949650645e-15,5.84115673613262e-16,-2.39520794708021e-14,-1.8852411907255e-14,-1.21418294384242e-15,1.34273819828299e-15,-1.08464194256953e-15,-9.25865857809692e-08,2.18214294137718e-15,-7.08246675766149e-16,6.85573024470045e-16,-6.33021079440568e-16,-3.07371294638828e-15,-1.95205896443616e-14
"t56",-0.115731314051767,-0.200628322657801,-0.0141501260892741,-0.0102504912235215,0.000825485936310231,-0.000697693235589871,-0.00905151150368656,0.0167461167591503,0.000171155069877162,-0.00828232708918462,-0.00307207414694423,-0.00256464819961848,-0.00143788936584719,-0.00013957976255249,-0.000804451634050279,3.67787461304951e-05,-0.289751072677548,0.000148137274688634,0.000260591558577683,-0.0183528951266712,-0.194838237891105,-0.00187626040986875,0.000658846811609301,-2.44441263343676e-05,0.000207863540897102,-0.000172837621736974,-2.23594555140868e-05,-0.138578605131767,-9.97479015323198e-06,3.35465421990552e-06,3.81748712089728e-06,6.68380479495506e-05,0.0256763631909687,0.00121583354489955,1.04492966194036e-16,0.131609604105459,-2.29169470155677e-06,-1.57995750243475e-06,-0.525301923655202,0.0145310110522816,2.16442423312759e-17,-1.05914584997482e-14,7.26408237073298e-06,-4.65420011895216e-06,6.46572220503463e-06,-2.07770346141932e-15,-1.22161568223804e-06,4.85433765374061e-05,-3.74713700697778e-16,2.36365069063957e-15,-5.40560563102968e-16,2.266657668418e-05,2.38529524104419e-06,1.00086708957565e-06,-4.26874245020871e-16,-5.38036144338796e-15,-1.11022302462516e-15,5.18421760630895e-06,-2.40927649967571e-07,-3.46808486824783e-06,2.9705447018807e-06,-5.81763164976305e-06,-1.87637016464437e-16,-1.51151923813349e-16,7.2466214749556e-09,-4.73043836374587e-15,1.02063415911454e-06,4.56475645876059e-15,3.29046010701093e-06,7.2056312358171e-15,-7.64070460091174e-15,-1.53407336112909e-07,-3.37355362336848e-15,0.707106781186548,-0.000788878140806076,6.79177105634501e-07,-3.38907974479016e-06,9.90063543750693e-15,1.33570649301466e-14,2.13369760735608e-06,4.99879591482155e-07,1.55482573971366e-15,6.26672938409064e-16,5.78541332485138e-15,1.35875439702329e-15,4.2057092053239e-15,1.66433606449549e-16,1.83540989129986e-14,1.61087066098008e-14,1.11682291167919e-15,-1.03450136156471e-15,7.40823441398972e-16,-9.258659270361e-08,2.00315584843927e-16,5.23690161923201e-16,-4.01793196207717e-15,-3.12577474166568e-16,-1.46016228271769e-15,-1.56344139075398e-14
"t78",-0.115874050521731,-0.201179550375025,-0.0142485716056479,-0.010335600346663,0.000834086349875557,-0.000706974479389819,-0.00919091056266257,0.0170273523597495,0.000174758496112701,-0.00845902570604922,-0.00316338702072428,-0.00265080950481856,-0.00148977124099058,-0.000145825515973066,-0.000847877801778049,3.9094915671921e-05,-0.308727723294335,0.000160203161839958,0.000284086127705367,-0.0205341931701654,-0.21833431660862,-0.00212042283544829,0.000749328382596858,-2.83007003876974e-05,0.000242470295816558,-0.000203600830190481,-2.68184203910885e-05,-0.168017472847258,-1.21731926479631e-05,4.16921421160175e-06,4.86997345662781e-06,8.66699381992659e-05,0.0335841361475346,0.00159456805569971,-2.14733099025798e-17,0.201242577140998,-7.61157447764996e-06,-9.59226010450244e-06,0.471225231482114,-0.000897566441167306,-1.65782193641188e-16,6.48757195366239e-15,2.36043672290076e-06,-1.78742778666127e-06,2.59156544339798e-06,1.77475140948961e-15,-7.62873473558733e-07,3.25168455318459e-05,1.03682767757504e-16,-1.99015745274427e-15,2.321803161741e-15,1.63687045769459e-05,1.72332794631469e-06,7.45177710745799e-07,5.47328297429322e-15,-3.63055342074435e-15,-7.02216063075412e-15,4.04962848638396e-06,-1.88299970249631e-07,-2.7320534541481e-06,2.37884611824984e-06,-4.69057141596709e-06,4.85434091814488e-16,-6.49837529870196e-18,5.95261419718965e-09,2.83961323285753e-15,8.41508741907521e-07,1.10985779451507e-15,2.73664102522912e-06,1.42095019375337e-16,1.70110124221706e-16,-1.29269127505037e-07,-9.52040185795788e-16,1.99348713907124e-14,-0.00067114409037532,5.77887767018986e-07,-2.90039647127982e-06,1.10509518048082e-14,1.56991960353426e-15,1.83513567331604e-06,4.315465112208e-07,1.45519930502389e-14,-6.99346126115108e-15,-3.76043648263898e-15,-2.60097037518514e-14,2.0250346615125e-14,5.22749731167548e-15,-0.707106781186548,5.10424245804954e-14,-5.06531086547248e-15,-3.90130860872838e-15,-1.38087437773124e-14,-8.11267875435317e-08,-3.21155395459634e-15,3.83293518931697e-17,1.10192237862626e-15,3.31160491687672e-15,-9.58305071419549e-16,-1.99966369577592e-14
"t79",-0.115874050521731,-0.201179550375025,-0.014248571605648,-0.0103356003466632,0.000834086349875623,-0.000706974479389894,-0.00919091056266297,0.0170273523597506,0.00017475849611284,-0.00845902570604974,-0.0031633870207242,-0.00265080950481879,-0.00148977124099027,-0.000145825515974431,-0.000847877801778513,3.9094915671938e-05,-0.308727723294337,0.000160203161840907,0.000284086127704944,-0.0205341931701652,-0.218334316608622,-0.00212042283544782,0.000749328382596501,-2.83007003875125e-05,0.000242470295815895,-0.000203600830189822,-2.68184203909604e-05,-0.168017472847258,-1.21731926473725e-05,4.16921421044243e-06,4.86997345567858e-06,8.66699381996412e-05,0.0335841361475285,0.00159456805570287,2.44684184086031e-16,0.201242577141002,-7.6115744781432e-06,-9.5922601064123e-06,0.47122523148211,-0.000897566441163147,-4.53655531229172e-16,1.25551201100672e-14,2.36043672339117e-06,-1.78742778840679e-06,2.59156544280963e-06,1.92758864651736e-15,-7.62873473797297e-07,3.25168455322499e-05,1.77126119913789e-16,1.54798728671669e-16,-1.22636184598283e-15,1.63687045803327e-05,1.72332794453604e-06,7.45177704492205e-07,1.67555836242857e-15,9.76872131450046e-16,2.05391259555654e-15,4.04962848937763e-06,-1.88299966614603e-07,-2.73205345425392e-06,2.3788461155535e-06,-4.69057141662348e-06,-2.2763305169359e-15,3.56423246434062e-16,5.95260561238271e-09,-1.5108676636035e-15,8.41508736406772e-07,-2.17087861733433e-15,2.73664101345143e-06,7.29701604539531e-16,3.82507538958496e-17,-1.29269120243065e-07,7.51533267148337e-17,-2.27011622018455e-14,-0.000671144090369884,5.77887763914917e-07,-2.90039649744462e-06,-9.93375086799315e-15,1.03484891010705e-15,1.83513571504415e-06,4.31546577568666e-07,-1.49101685392068e-14,7.76101606485193e-15,4.66346775145553e-15,2.63461183807192e-14,-2.36129008463352e-14,-5.08708056552235e-15,0.707106781186549,-4.8534794540837e-14,5.75036463011033e-15,4.40195088635199e-15,1.61249240491806e-14,-8.11267636746288e-08,4.77171101902322e-15,1.06136463118575e-16,-4.6834562568304e-15,-4.74321789031019e-15,-3.40411833862844e-15,-1.54451205918284e-14
"t26",-0.11486818096814,-0.197289345313345,-0.013550978322131,-0.00973172581958793,0.000772939079457308,-0.000640802606399314,-0.00819503068750032,0.0150154732862335,0.000148874338218022,-0.00718941850537185,-0.0025019500076994,-0.00202434838793188,-0.00111164112223467,-9.99216549716458e-05,-0.000525847843545359,2.17690106781307e-05,-0.166428098792816,6.83151540458027e-05,0.000103645284306762,-0.00330808816392343,-0.0324672990381334,-0.000170948012489425,2.18087265324802e-05,3.33252212717377e-06,-4.38162004784389e-05,5.37685293561752e-05,1.12777549262365e-05,0.0867354363124992,7.00052013785546e-06,-3.09385196752955e-06,-4.82513881913024e-06,-9.98719263265967e-05,-0.0416378561768677,-0.00202080933529589,2.42742671612464e-15,-0.629376053326121,-0.000486730046888339,-0.000132512493563862,0.0433372393195644,0.0350407425353114,-2.12750344614803e-15,2.47838213141353e-15,2.00686510099584e-05,-1.27974561113767e-05,1.772999442544e-05,1.82049244483776e-16,-3.0067334033039e-06,0.000114476102915604,5.11029180704694e-15,-7.50533585589133e-16,-4.58602864127214e-16,5.02615307027611e-05,5.28692998458672e-06,2.15146059885858e-06,0.707106781186544,1.44585879813919e-12,-1.44911860289199e-13,1.05153219325048e-05,-4.88330918149816e-07,-6.95346742665061e-06,5.81554639727629e-06,-1.12713880650552e-05,-1.82783831289073e-16,1.41720608501808e-15,1.36197436617907e-08,4.82670636900578e-16,1.90599431998989e-06,-5.53973580329681e-16,6.05075696928178e-06,2.45211969496733e-15,3.33946026132865e-17,-2.75251817683638e-07,-2.78817117389619e-16,-2.39445887519456e-15,-0.00138876563533375,1.1953374790718e-06,-5.89360170197152e-06,-2.95687803515994e-15,-1.62714075028551e-15,3.67138228516971e-06,8.53126226421603e-07,-6.32909056389525e-16,-2.22811799315908e-16,-6.47320411455318e-16,-1.13123686763136e-15,-3.41123537420469e-16,-7.49353211922447e-17,3.27293695085561e-15,-1.33861788609691e-15,2.81153879049564e-16,8.18506336574711e-16,1.1016642192536e-15,-1.52714739197455e-07,-1.24868839637425e-16,-1.10273842606649e-16,-1.06858341424411e-15,-6.6432982787841e-16,-2.40490574882769e-15,-1.7083144042429e-14
"t27",-0.11486818096814,-0.197289345313345,-0.013550978322131,-0.00973172581958804,0.000772939079457751,-0.00064080260639932,-0.00819503068749923,0.015015473286234,0.000148874338217953,-0.00718941850537291,-0.00250195000770048,-0.00202434838793184,-0.00111164112223399,-9.99216549711072e-05,-0.000525847843545406,2.17690106783469e-05,-0.166428098792816,6.83151540463544e-05,0.000103645284306923,-0.00330808816392182,-0.0324672990381331,-0.000170948012489994,2.18087265339819e-05,3.33252212773429e-06,-4.38162004794614e-05,5.37685293559651e-05,1.12777549250026e-05,0.0867354363124957,7.00052013843397e-06,-3.09385196734713e-06,-4.82513882097636e-06,-9.98719263251575e-05,-0.041637856176868,-0.00202080933529623,1.78700052920573e-15,-0.629376053326111,-0.000486730046890737,-0.000132512493565113,0.0433372393195699,0.0350407425353312,-1.14046466145255e-15,-6.28680628385207e-15,2.00686510125804e-05,-1.27974561097144e-05,1.77299944283833e-05,1.8921323115294e-15,-3.00673340108101e-06,0.000114476102891631,-3.75827026900686e-15,7.7256142238478e-16,-2.73216451293379e-15,5.02615307012418e-05,5.28692997302167e-06,2.15146060204301e-06,-0.707106781186552,-1.44524522471156e-12,1.41886502547095e-13,1.05153220147223e-05,-4.88330887924235e-07,-6.9534673603373e-06,5.8155463830259e-06,-1.12713880486697e-05,2.03706841983342e-15,-7.42214687429567e-16,1.36197343678583e-08,-2.07204504386116e-15,1.90599430408147e-06,3.50600396096465e-16,6.05075696124281e-06,-1.82464016600296e-15,9.42154810763271e-16,-2.7525181476917e-07,5.65816720897656e-16,-1.56179160672569e-15,-0.00138876563535319,1.19533747695696e-06,-5.89360170202881e-06,1.23414015009453e-15,2.99180127067185e-15,3.67138228590361e-06,8.53126228762285e-07,1.0117154993346e-15,1.29014538904526e-15,1.35223169602763e-15,2.17063419691515e-16,-1.57952369889122e-15,-6.18712264822706e-17,-5.7467971886117e-16,-2.68079413284097e-15,-7.62401614019795e-17,-8.39231730900468e-16,-8.6093571065555e-16,-1.52714738226385e-07,1.93543999149833e-15,-4.01515441885085e-16,-3.11117126720951e-15,2.96737943262315e-16,-2.55626811485279e-15,-1.89774319631729e-14
"t22",-0.113927073801224,-0.193643109921389,-0.0128937869886126,-0.00916186689541433,0.00071507989898775,-0.000577949641666137,-0.00724636917634071,0.0130952026707097,0.000124011205658995,-0.0059693565188416,-0.00185693638860509,-0.00140843710864544,-0.000737670859352984,-5.32563567891586e-05,-0.000179057582197244,-1.34780104164052e-06,0.0811847222520678,-5.55393838516232e-06,-5.19996117083685e-05,0.012406648773199,0.13724671475167,0.00161316336781899,-0.000643246527354948,3.17525932218202e-05,-0.000297149129558077,0.000274804445564184,4.07855795704216e-05,0.262132082713534,1.88124594368144e-05,-5.10971239642512e-06,6.10701435567666e-06,0.000659052275278045,0.563153395266959,0.0345668526851396,1.38093254824068e-15,0.0767346845597926,-0.000870168390566706,-0.000245229706092847,0.00479224223670464,0.142996701782568,-3.3438324850523e-15,-1.78046343411827e-15,2.04150062955151e-05,-1.50469149505421e-05,2.14574701000952e-05,-3.0961556712365e-16,-4.34842039918036e-06,0.000167350613454255,-5.60348083293478e-17,-0.707106781186547,1.33392049145446e-15,7.38159828149091e-05,7.76459335233721e-06,3.15720813668025e-06,2.97010690353728e-16,1.47581467790593e-14,-1.14908083048704e-14,1.53465582094201e-05,-7.12624886843869e-07,-1.01317728402904e-05,8.44131946655472e-06,-1.63299507271285e-05,-1.09665397448227e-15,1.93519784370694e-15,1.96123909889955e-08,-1.54042733637183e-16,2.74079741809312e-06,-1.24977259311487e-15,8.67053311774583e-06,1.79282481635167e-15,4.08287691189555e-18,-3.92179037207477e-07,4.57783475921681e-16,6.40989026422335e-16,-0.00334435162651873,1.5657972221019e-06,-8.30436918342295e-06,1.65127497710119e-15,2.0223467892429e-15,5.16008143408572e-06,1.19626335969858e-06,-2.45649176210424e-16,1.07092242817341e-17,-8.54529041321957e-17,-5.89102614412844e-16,2.22564553602752e-15,-2.81668895343146e-16,3.36919192469401e-15,-2.62269631169117e-15,8.57428408553843e-16,-3.4499259174434e-16,3.77260704884873e-16,-2.11799765901489e-07,3.40325105494059e-16,-1.53737933176412e-15,-1.91148849273845e-15,-9.75590243341616e-16,-1.8399433898786e-15,-1.82435309682346e-14
"t23",-0.113927073801224,-0.193643109921389,-0.0128937869886126,-0.00916186689541426,0.000715079898987924,-0.000577949641666132,-0.00724636917634121,0.0130952026707095,0.000124011205658966,-0.00596935651884154,-0.00185693638860499,-0.00140843710864572,-0.000737670859352574,-5.32563567892043e-05,-0.000179057582198208,-1.34780104181536e-06,0.0811847222520678,-5.5539383849805e-06,-5.19996117089653e-05,0.0124066487731996,0.137246714751672,0.00161316336781836,-0.000643246527354491,3.17525932223445e-05,-0.000297149129558774,0.000274804445563997,4.07855795708399e-05,0.262132082713533,1.88124594368152e-05,-5.10971239585394e-06,6.10701435498353e-06,0.000659052275277911,0.563153395266958,0.034566852685141,1.49994668155534e-15,0.0767346845597928,-0.000870168390571843,-0.000245229706092754,0.00479224223670741,0.142996701782569,-4.03846287629169e-15,-4.40043362095599e-16,2.04150062966454e-05,-1.5046914952934e-05,2.14574700945128e-05,2.34400310647025e-16,-4.34842040615458e-06,0.000167350613477987,-5.1281516652681e-18,0.707106781186547,-2.2852362998636e-16,7.38159828541139e-05,7.76459329312095e-06,3.15720814106696e-06,2.64235682986902e-15,-2.07828677967535e-14,7.2997163869104e-15,1.53465581993907e-05,-7.12624892097299e-07,-1.01317728353528e-05,8.44131945694878e-06,-1.63299507256673e-05,4.16563034069589e-16,-1.70224796602648e-15,1.96123937994207e-08,-5.37500682931706e-16,2.74079742002681e-06,1.64729173791721e-15,8.67053311642553e-06,-1.0269681911603e-15,3.11319298162533e-17,-3.92179036776336e-07,2.10619015138517e-17,-1.79456273384911e-15,-0.00334435162652162,1.56579721994226e-06,-8.30436917878648e-06,-7.75796417979443e-16,-3.85112965069018e-17,5.16008143150116e-06,1.1962633617457e-06,4.11029904673551e-16,1.52370746505846e-15,7.77199167839251e-16,-7.37141839839465e-16,-2.40203091741594e-15,5.79272118210853e-16,1.32915711694508e-15,1.45589716413057e-15,2.00956244373756e-17,2.3163385948555e-16,3.80408960643759e-16,-2.11799764767374e-07,1.62910614450096e-15,-1.61848376633286e-16,-2.25506264018462e-15,-4.68339457711175e-16,-2.48868993657645e-15,-1.79412256206332e-14
"t13",-0.114150766949841,-0.194530408963859,-0.0130636888998152,-0.00931185366899787,0.000730722369204006,-0.00059552965330709,-0.00751785414417634,0.0136526862473517,0.000131521310631999,-0.00633876615121161,-0.00206368536642481,-0.00160892528289155,-0.000860043347925625,-6.81462625388695e-05,-0.000268148907557443,-2.64108208863828e-06,0.178392055548806,6.94122714854265e-05,8.53479834292491e-05,-0.00106257290279277,-0.00872024797786292,4.42057755238797e-05,-4.69897436411796e-05,4.6540547218954e-06,-4.85633769033032e-05,4.89224249877953e-05,7.76552716130951e-06,0.050314281325767,3.60054210273033e-06,-9.48143115701032e-07,1.03722828914097e-06,0.000103655466488222,0.0845050080041591,0.00510706527609908,8.69884759309362e-16,-0.000187162590174794,0.00047709807536476,0.000183542514231228,-0.0107758265623298,-0.946945295731573,2.54799686198044e-14,9.67840907890758e-15,0.00017888144516478,-8.90402704214395e-05,0.000115680372793869,-1.17096565503249e-15,-9.57294646194273e-06,0.000320595115248774,2.19473954155643e-15,9.07159641721586e-16,5.79137893835257e-16,0.000121714452225849,1.27913233716135e-05,4.89734032887882e-06,-1.36778469434094e-14,2.0275519901276e-14,5.19029264012261e-15,2.16266901404431e-05,-1.00317943887741e-06,-1.40399696227599e-05,1.1323034491368e-05,-2.16136256350895e-05,3.23545396248742e-15,-5.13200564150946e-16,2.50323358199911e-08,2.08950561146263e-15,3.47332185634695e-06,1.16192300145468e-15,1.08089897983133e-05,-1.64505447956767e-16,3.02911279107722e-16,-4.77944934456255e-07,8.76229915600247e-17,-3.47396228516007e-16,-0.0125249025045625,1.07857328878676e-06,-9.70744745974675e-06,-2.56116925833999e-16,5.19284618256719e-16,5.99654669031545e-06,1.38194974988062e-06,3.39079544176475e-16,4.58746706338814e-16,2.75736548964909e-16,2.92344568173173e-16,-1.05795665298504e-15,2.16868466066539e-16,3.44844132012043e-15,-8.04538878020592e-16,4.78392942150919e-16,6.66760516813737e-18,2.00610457615637e-16,-2.38465443817214e-07,1.86572000444187e-15,4.97333010871038e-17,-2.27528530321063e-15,8.29732689848462e-17,-2.59934760239435e-15,-1.73967230094563e-14
"t80",-0.115618688015109,-0.200170245400913,-0.0140560105780303,-0.0101654777419017,0.00081628790734603,-0.00068680771994096,-0.00887672027955732,0.0163774767827284,0.000165741201915664,-0.0080144315754562,-0.00288890095561235,-0.00236611653770002,-0.00130658925097728,-0.000116633484451536,-0.0005273840966406,-6.03807319547932e-06,0.426785451162235,0.000231828544863747,0.000358906480554222,-0.0218509164463359,-0.230746191902749,-0.00216224859710719,0.000744514380864226,-2.60606741475005e-05,0.000215401014901442,-0.000171495856939899,-1.98613523928728e-05,-0.111367451666026,-7.38108920803437e-06,1.62147769220541e-06,-1.44864903369209e-06,-0.000130586213955022,-0.101365178930115,-0.0060373903419983,5.62798206257128e-16,0.000130835562905724,-0.000173191781999801,-5.89023681116864e-05,0.00220845225677828,0.139070422595243,-3.81948002661475e-15,-1.06583566804518e-15,-1.40691528951524e-05,5.51096183135139e-06,-6.5513513782299e-06,2.69324764659351e-16,-4.6119414142166e-07,2.64983106691504e-05,-1.9563131076006e-16,9.00481957500775e-16,1.96312229625788e-16,1.62047730213079e-05,1.70767592526874e-06,7.82642658626943e-07,7.99750431843715e-15,-3.21340148927772e-14,-5.27355936696949e-15,4.62895967996495e-06,-2.15447314904951e-07,-3.17262434452841e-06,2.86015451193436e-06,-5.73745974099664e-06,-2.65823081843093e-15,8.2010720707854e-17,7.78800338444928e-09,-1.60652159684419e-15,1.12350213800267e-06,-7.93856243367828e-17,3.90845717298551e-06,2.84298660041239e-15,3.56613320578578e-15,-2.41484907324403e-07,1.40202994349727e-14,1.12878066671409e-13,-0.397369801117537,-3.58730074403925e-05,2.69502657757027e-07,-1.82678236351316e-15,-7.25312409846726e-15,8.53627613795437e-07,2.74238043657411e-07,-2.65763471040668e-15,4.29627899186576e-15,1.49390206983619e-14,7.5715605917158e-15,3.02843495677322e-14,1.71015767305139e-14,-4.95365650842587e-14,-0.707106781186546,-1.44906311376137e-14,1.0732970929787e-14,2.98529703574609e-15,-7.1893174872727e-08,5.32601466599698e-15,5.83267602564555e-15,8.89533176243398e-16,3.7367876168817e-16,-5.76918426883154e-15,-1.73086573473818e-14
"t81",-0.115618688015108,-0.200170245400913,-0.0140560105780304,-0.0101654777419016,0.000816287907345978,-0.000686807719940505,-0.00887672027955748,0.0163774767827284,0.000165741201915341,-0.00801443157545596,-0.00288890095561224,-0.00236611653770055,-0.00130658925097727,-0.000116633484451253,-0.000527384096640527,-6.03807319516631e-06,0.426785451162236,0.000231828544863284,0.000358906480554847,-0.0218509164463365,-0.23074619190275,-0.00216224859710757,0.00074451438086443,-2.60606741483242e-05,0.000215401014901584,-0.000171495856940203,-1.98613523930132e-05,-0.111367451666027,-7.38108920815316e-06,1.62147769201828e-06,-1.44864903194744e-06,-0.00013058621395588,-0.101365178930113,-0.00603739034199628,1.81193055298436e-17,0.000130835562901114,-0.000173191781999002,-5.89023681130424e-05,0.00220845225677475,0.139070422595242,-3.63095248049901e-15,-2.96159093218203e-15,-1.40691528949036e-05,5.51096183161887e-06,-6.55135137897278e-06,-1.57196620351791e-16,-4.61194142425042e-07,2.64983106694551e-05,-5.67740391156362e-16,-3.23509880922831e-15,-6.01476105840119e-17,1.62047730162645e-05,1.70767592328773e-06,7.8264265959582e-07,6.38854829448158e-15,-5.84948478477659e-15,3.49720252756924e-15,4.62895967445123e-06,-2.15447315037675e-07,-3.17262434667638e-06,2.86015451325324e-06,-5.73745974021904e-06,-6.12177725690773e-15,-7.45113207677973e-16,7.78799539709116e-09,-1.39740853095477e-15,1.12350213224179e-06,-3.10437462947489e-16,3.90845716658258e-06,8.32506951200532e-16,4.15595342108965e-15,-2.41484911152008e-07,1.38198935976059e-14,7.80725748494102e-14,-0.39736980111753,-3.58730074403097e-05,2.6950267210468e-07,2.98282390798285e-14,3.84962990450808e-15,8.53627586992384e-07,2.74238070068222e-07,7.4154427150196e-15,-3.25658519834442e-15,-9.11687570306973e-15,-5.97660489754045e-15,-3.58475575504622e-14,-1.91831024781523e-14,5.1708835867652e-14,0.707106781186549,1.40502488959311e-14,-9.14180830945884e-15,-1.37115466730729e-16,-7.18931897140868e-08,-2.17781073782687e-15,-7.56466813070656e-15,-3.71524560076753e-15,5.1079252526792e-16,-1.01001882448327e-15,-1.6074616457464e-14
"t59",-0.115507717031258,-0.199746676215783,-0.0139827986038518,-0.0101028475737736,0.000810063797411316,-0.000680243957887404,-0.00877980206408473,0.0161841767015865,0.000163352209704095,-0.00789756978132302,-0.00283305029987047,-0.0023155422524903,-0.00127700958649638,-0.000113509453234,-0.000511138427712451,-5.83052622105991e-06,0.411712677620636,0.000222367571138996,0.000343297017925946,-0.0207350008259279,-0.218868290727027,-0.00204632283069578,0.000703468669537848,-2.45219810626765e-05,0.000202357538948805,-0.000160790471018894,-1.8558991533478e-05,-0.103872464616428,-6.87699483974238e-06,1.50654884340584e-06,-1.341203595055e-06,-0.000120659750923387,-0.0935668550967923,-0.00557123798800615,-2.141475806869e-16,0.000119225863934823,-0.000154787284647029,-5.24385938038968e-05,0.00193879504072941,0.120918579414564,-3.03594557477899e-15,-1.27768918553351e-16,-1.20518079366055e-05,4.69969164951238e-06,-5.57863545984331e-06,2.33109774691763e-18,-3.7685992915769e-07,2.12011657161607e-05,1.20922064821256e-17,1.61632313304811e-15,5.84917291859281e-17,1.24150425599082e-05,1.30780283179268e-06,5.80631451845468e-07,-9.9846076914381e-15,2.83211193734488e-14,4.82947015711943e-15,3.10623365462351e-06,-1.44314656517519e-07,-2.06261787550017e-06,1.69992202204946e-06,-3.22652965494491e-06,7.63798395590745e-15,5.62122481651045e-16,3.27703904125819e-09,3.07908217752021e-15,4.2217504591384e-07,-3.96204965840068e-16,8.82631316097918e-07,-2.87856473897327e-15,-7.30660306815111e-15,7.44853802828693e-08,-2.89521809382049e-14,-1.99587056765986e-13,0.827041655870355,7.67907082080823e-05,-1.02487345348283e-05,-2.95979380651479e-14,4.40029985249647e-15,4.35512563975896e-06,8.71967746993225e-07,-5.5418913452744e-15,5.55256731928277e-16,-5.46494419380986e-15,-3.12728639128265e-15,3.30804273168976e-15,2.3512480032409e-15,-3.62123858427661e-15,-5.06841359114893e-15,7.19739876441022e-16,-1.17353999705352e-15,-5.23493962142513e-16,-1.2209588244614e-07,-7.95091052416687e-16,1.98327783468992e-15,-2.93538484402972e-15,-2.10848373613847e-15,-3.18116737104342e-16,-2.02095431078756e-14
"t57",-0.111939351548192,0.0989396539596212,0.00131698095492371,0.118100149955335,0.00041622429362876,0.00030795445301738,0.0128536479935029,-0.0420078022505712,-0.00518631632432055,0.396820666198936,-0.378052962492346,-0.106996608668174,0.000542234527626607,-0.000168857427934607,-0.000921171780039824,2.38532000072516e-05,-0.000372907502426819,0.000167035503498872,0.000225586857503035,-0.0109146075424372,-0.00221430274276755,0.000530271112994569,-0.0003593318836995,3.77043331261142e-05,-0.000457430167154118,0.000650248628780885,-0.000139838876199242,-0.000400679026420631,1.13388860850346e-05,-1.11573126449614e-05,-2.54779025831253e-05,-0.000569314488098344,-0.0034546871986253,0.053912581282217,9.54468577120459e-17,0.000143373952501798,-0.369820753472528,0.0108663207387077,-1.18092499199363e-05,-6.90762203328181e-05,-1.05748736098865e-15,7.31317738730053e-16,4.11306560382371e-06,-4.00845404135274e-06,6.09713952007052e-06,5.46642322797031e-16,-2.36990749355233e-06,0.00198026630299988,1.11429737213555e-15,-2.78912285416097e-15,-2.40349074384464e-16,0.000444386582911995,4.62088180325886e-06,2.23054207808438e-06,-1.47020874742672e-15,-1.89606493973561e-15,5.30825383648903e-16,0.000222708847145563,-5.48797299599474e-07,-7.96112590617248e-06,6.85126290785385e-06,-0.000116858350033226,3.98600426555759e-15,-1.53446309775875e-15,3.03291000988916e-07,-6.29664638934241e-16,2.35889924106492e-06,1.00827370156998e-15,6.51395983001809e-05,-1.3326292883732e-15,-1.78871726202738e-15,-3.00400722872911e-06,-9.56904560878238e-15,1.12650865018824e-14,-1.88797624752872e-05,1.72452850364329e-06,-7.77771309041401e-06,-0.707106781186548,2.60806267508055e-15,4.87958360803713e-06,1.96000937788111e-05,-3.14851092745122e-16,-3.53428596965285e-15,-2.06509228211363e-14,3.76653806869683e-15,-1.2626133502744e-14,-4.14300349034884e-16,-1.06587919562579e-14,1.56383002693355e-14,-5.53760592237993e-16,-3.53250023015532e-15,-1.70804562086594e-15,-2.08863444199226e-07,1.21019800137504e-15,2.6091108359206e-15,-3.66208081993422e-15,2.07715202363912e-15,-1.98131849269932e-15,-1.61828954203582e-14
"t58",-0.111939351548192,0.0989396539596213,0.00131698095492369,0.118100149955335,0.000416224293628814,0.000307954453017365,0.0128536479935029,-0.0420078022505712,-0.00518631632432076,0.396820666198936,-0.378052962492347,-0.106996608668174,0.000542234527627594,-0.000168857427934879,-0.000921171780040231,2.38532000079045e-05,-0.00037290750242658,0.000167035503498598,0.000225586857503455,-0.0109146075424372,-0.00221430274276729,0.000530271112994489,-0.000359331883700314,3.77043331260617e-05,-0.000457430167153699,0.000650248628780392,-0.000139838876199619,-0.000400679026422012,1.1338886085095e-05,-1.11573126440709e-05,-2.54779025839835e-05,-0.000569314488097374,-0.0034546871986257,0.0539125812822173,-5.49207366768952e-16,0.000143373952499932,-0.36982075347253,0.0108663207387065,-1.1809249921313e-05,-6.90762203342009e-05,-1.52239121341917e-15,1.29706742615672e-16,4.11306560443452e-06,-4.00845404052127e-06,6.09713951994528e-06,-1.3070993196157e-15,-2.36990749333715e-06,0.00198026630299472,-5.65955240662846e-16,-1.5234317067627e-16,-3.45907574322918e-16,0.000444386582909175,4.62088180262001e-06,2.23054207724756e-06,2.76251653395938e-15,-9.34843699253197e-15,9.36750677027476e-16,0.000222708847142861,-5.48797296112362e-07,-7.96112590437057e-06,6.85126290362917e-06,-0.000116858350022716,-4.36174291664785e-15,1.91502297330541e-15,3.0329100248436e-07,8.15041653123678e-16,2.35889922860704e-06,-1.40792014352909e-15,6.51395983153759e-05,2.0506619249784e-15,2.1915567227165e-15,-3.00400722394181e-06,9.11123888437621e-15,-9.58628967935889e-15,-1.88797624247519e-05,1.72452849919235e-06,-7.77771319652576e-06,0.707106781186547,-1.04779108131708e-15,4.87958367728185e-06,1.96000937676647e-05,-6.62994046867698e-18,4.38344128264191e-15,2.05893442078095e-14,-4.14021884910667e-15,1.14696797883433e-14,4.94407744210501e-16,1.06991234799686e-14,-1.594754478125e-14,1.07970115781348e-15,3.70650659881362e-15,2.16715400758507e-15,-2.08863452383016e-07,1.09756053336394e-15,-2.8243882449567e-15,-2.95742442474583e-16,-2.83737362376989e-15,-2.64933327281043e-15,-1.90500240407775e-14
"t12",-0.111159335731538,0.0974067931533939,0.00126559157047045,0.112609846932902,0.000392009286015628,0.000285162057775763,0.0117552059439843,-0.0380999681021161,-0.0045847081688536,0.350192182284672,-0.316804491036097,-0.0874972710515734,0.000436427515251678,-0.000128425744937732,-0.000658033599361594,1.59892156731762e-05,-0.000245433890388983,9.73424818758586e-05,0.000122446488282779,-0.00454658149389911,-0.000906016090693988,0.000195735509568647,-0.000121975863434132,9.71726612675199e-06,-0.000102437213439535,0.000117246579745211,-1.42277281193057e-05,-2.23187207698972e-05,3.18901192057037e-07,5.26869484794203e-07,3.87128324354783e-06,0.000122692472245014,0.000858712709887393,-0.0139506536399721,9.89977030803874e-16,-0.000112136028579995,0.849692298534717,-0.0306122859348063,7.63362202314147e-05,0.00106906900157451,2.83025364258552e-15,-9.91771438009803e-16,0.000122805219400065,-7.10723407538855e-05,9.60249868339527e-05,5.6374005113888e-16,-1.21041297456507e-05,0.00840690094278562,-6.24398643885924e-16,2.81988882372538e-15,1.1360622612664e-15,0.00153120345819516,1.59012118073234e-05,7.031464367066e-06,-1.58748848977511e-15,5.997975135309e-15,-1.1067535776732e-15,0.00060647049405123,-1.49195601678702e-06,-2.11083835520525e-05,1.72311546146985e-05,-0.000287444427473498,2.89134039497058e-16,-4.91763828793163e-16,7.01044643991932e-07,-8.53538367428564e-17,5.38399139015228e-06,4.37433409703563e-16,0.000144306626081651,-6.02775289858252e-17,2.20524141157475e-16,-6.35681201801054e-06,6.29224223812482e-16,-3.13852700304656e-15,-3.86086739051795e-05,3.52502043688285e-06,-1.5567738267155e-05,8.31952301522416e-16,4.39645020204608e-16,9.59057305799674e-06,3.79934066426556e-05,3.49948459904411e-16,7.71189650843367e-16,3.63639477874453e-16,-4.36471923879477e-16,-1.16939914243918e-15,1.77554612828237e-16,4.61204215605017e-16,-9.26320106403384e-16,7.67949262935545e-17,5.19476512485399e-18,7.9468822984536e-16,-3.82828957798261e-07,6.57997232348037e-16,1.81133314687651e-16,-2.09006529302906e-15,-7.68173090228324e-16,-2.26777490720751e-15,-1.81045429135162e-14
"t7",-0.115973953836149,0.108625263716257,0.00199361489474864,0.220683916699482,0.00154907375607319,-0.00101952720166515,-0.0133274792200136,0.0264270272243328,0.000962226182438344,-0.0682077109892402,0.00264154792573964,-0.00022475086658764,-4.90057984924436e-07,7.00737865288953e-06,0.000104112242819153,-4.72322013626842e-06,8.34446551648597e-05,-6.72925205163733e-05,-0.000115246590375521,0.0100178373054183,0.00209309880036313,-0.000584390042048829,0.000441317325125228,-6.14279560904744e-05,0.000834131561071207,-0.00136964527834517,0.000382688160891673,0.00128522544112515,-4.01381338468792e-05,5.27885319442881e-05,0.000198169423812528,0.00670856283805939,0.0542964117017773,-0.941675840469577,-2.14817844880587e-15,0.000666893747857396,-0.0551604489029609,-0.00513606633243613,4.64636076966826e-05,0.000805062740440149,1.32296578408222e-16,1.06057285765919e-15,0.000108385775719124,-6.46991633549608e-05,8.82355218328378e-05,-5.33811451647063e-16,-1.43402740658104e-05,0.132351386057701,-7.91512516842318e-16,-1.62126774746645e-15,1.25371874338897e-17,0.00125903832422109,1.30951603214652e-05,6.22176847996579e-06,-1.75060907507056e-15,-3.231398319905e-15,-3.12250225675825e-16,0.00777346784416265,-1.29500759440693e-06,-1.97268455122972e-05,1.62976659506245e-05,-0.000272770862486356,-9.52532539764538e-16,-5.19719632078142e-16,8.06385189898791e-06,2.40508899769119e-16,5.14668172260012e-06,1.5671492647575e-16,0.000138158706256231,7.21874645085492e-16,1.06716156700328e-16,-6.09189929429045e-06,2.50473687124341e-16,-7.71595989024269e-16,-3.69866627209464e-05,3.37689222805475e-06,-1.49034685310387e-05,4.37700116864507e-16,3.21036461370604e-16,9.17343834129999e-06,0.00037687376047118,2.55406637468597e-16,4.88150142171717e-16,2.65107380034076e-16,-3.21989849794146e-16,-1.30565086497692e-15,4.91604490192848e-16,2.20731522695513e-15,8.31481961020692e-16,5.92057839919217e-16,4.53150348117534e-17,7.17854198933852e-16,-3.64052297717685e-07,1.05421803961733e-15,-2.07850398399547e-16,-1.96469899535355e-15,-4.79363082442495e-16,-1.83864801350652e-15,-1.77511624132298e-14
"t41",-0.119950152736755,0.117305650492489,0.00245652011619459,0.284859569898885,0.00216193406563052,-0.00160126726565607,-0.0230465768095887,0.0490005135222598,0.00229414636444905,-0.165761788592121,0.0153741973543841,-0.00376241101245641,3.85960433419797e-05,-2.61543904268767e-05,-0.000191198227514313,5.77294058438887e-06,-9.31841030468394e-05,4.83201097644163e-05,6.90604926590187e-05,-0.00385206003085278,-0.000787427450125472,0.000196408219657415,-0.000137186783536932,1.57043912491273e-05,-0.00019805477236444,0.000297046224304592,-7.13400707594214e-05,-0.00022055526111457,6.56667265540107e-06,-7.62528921222635e-06,-2.43761712388369e-05,-0.000752853288438624,-0.00581798301778289,0.0994922104090681,4.62384988374345e-16,-3.72166142436487e-05,0.000592612178994037,2.45110430880171e-05,4.9026243558337e-07,1.30718523016913e-05,4.70322715506289e-16,-4.58459025005241e-16,1.9131480112054e-06,-1.04781490814768e-06,1.36733389392598e-06,-1.26390915112753e-15,1.34367694412097e-06,-0.105858597904116,9.45567110247009e-16,-1.19546634344111e-15,-2.24299864966929e-15,0.00036051538630027,3.72639614518762e-06,1.21934362519781e-06,-2.63442492555896e-14,3.35262830902643e-14,-8.11364864183872e-14,-0.56355695300715,-7.97039104022523e-06,-1.12216087267811e-05,5.49504302223693e-06,-8.51137840642408e-05,-4.48734578401544e-15,4.38871606556555e-15,-0.715018279475167,-1.58560987142765e-14,1.43375072291588e-06,3.87451082121749e-15,3.77464513632994e-05,5.8556065634034e-15,2.34922978359404e-15,-1.64806633148679e-06,-2.9982275411732e-15,1.20298791417032e-14,-1.00355331216581e-05,9.16327315041249e-07,-4.06581750891538e-06,-8.58712244712442e-16,-6.00375520913862e-16,2.51978508764224e-06,0.00501649882841074,1.44531167228734e-15,1.62379104838391e-15,-4.51020535422997e-15,2.03446951731384e-16,4.84324934847935e-16,-6.10295720823549e-16,-2.87691047849592e-15,-6.86460104746449e-15,-2.16076894880955e-15,1.13145393459609e-15,-5.90163098270458e-16,-1.03786018603636e-07,1.99973982220566e-15,1.67711327381512e-16,-1.52580007965683e-15,-5.34566639409544e-16,-1.91267170549788e-15,-1.79857354006628e-14
"t64",-0.120459351492749,0.118411527105014,0.00251465837401322,0.292883332501013,0.0022380197158618,-0.00167280339236292,-0.0242335280308737,0.0517448130920813,0.00245385680828497,-0.177448958772035,0.0168596593729067,-0.00417020891051687,4.30673776314352e-05,-2.98501260221484e-05,-0.000223229090188321,6.88252708593307e-06,-0.000111724567960753,5.99370804553004e-05,8.71581940208918e-05,-0.00511899133177941,-0.00104943887839998,0.000265827767413522,-0.000187760156319002,2.21418464308534e-05,-0.000282568505304068,0.000430184599829742,-0.000106033013841142,-0.000332658666536709,9.98999980230632e-06,-1.18686844059103e-05,-3.91064951962622e-05,-0.00122919042991307,-0.00958404274559635,0.164340876404492,7.22438123944005e-16,-6.95123119275617e-05,0.00140375400220033,6.14745512018112e-05,1.57018993085885e-06,5.2171736575607e-05,-3.20156296160201e-16,-2.29893189078943e-15,1.26162450973165e-05,-8.65234876582646e-06,1.23326144783488e-05,-1.07989322191468e-15,-6.9850817960057e-06,0.291509372061432,-1.63022271253002e-15,-2.58191877744751e-15,4.82079871248428e-15,-0.000478470261749104,-4.92111361012156e-06,-1.12671863762637e-06,6.80552627968555e-15,-1.50820752165719e-14,2.79914980083618e-14,0.234939553388756,3.28345577544589e-06,3.81990029764429e-06,-1.10399893441298e-06,1.24749785470707e-05,-2.92609478975606e-17,-9.63378079877476e-16,0.00506937795161382,-1.16057478948576e-16,2.73310485398638e-08,1.38289005660072e-15,2.93449435214287e-06,-3.73519785794159e-15,4.10380161500404e-15,-2.60981138073932e-07,8.36052675206977e-15,-2.19975378708131e-15,-2.0649313941329e-06,1.88989650637038e-07,-8.88721098067898e-07,-4.93200819567273e-15,2.43770847642692e-14,4.29453946872914e-07,-0.82053733145343,4.2603030009572e-15,7.27241849003904e-15,5.71199982959658e-14,3.67665321907993e-14,-4.13612580427319e-15,3.33123069579536e-15,3.73519072064439e-14,1.57100472815003e-14,-1.01922849373092e-15,-1.6608603207481e-15,-7.68095598378517e-15,-4.66889734587421e-08,1.54028544344682e-18,2.23033391776786e-16,-1.30335218126023e-15,-1.34983051205339e-16,1.06191750133194e-15,-1.43064987675739e-14
"t74",-0.120475450972077,0.118446402995921,0.00251647939658953,0.293134125766649,0.00224039016953204,-0.00167502256219119,-0.0242702378487441,0.0518295211566964,0.00245875791187975,-0.177807473714194,0.0169047440426393,-0.00418252901133171,4.32020772374124e-05,-2.99604194960929e-05,-0.000224176289985464,6.91507224672019e-06,-0.000112267199173708,6.02728003648125e-05,8.76779605437959e-05,-0.00515473977993621,-0.00105682489152541,0.000267774873363478,-0.000189173594705168,2.23201051271112e-05,-0.000284900379338424,0.000433841803341932,-0.000106978860646791,-0.0003357023606851,1.00827238120824e-05,-1.19829080671236e-05,-3.94998643999675e-05,-0.00124185405279453,-0.00968394171772072,0.166059897166174,4.16243344674033e-16,-7.03445325661691e-05,0.00142375641493802,6.2378020841488e-05,1.59575565585111e-06,5.30771055980478e-05,-1.78661252360165e-16,1.5028461320675e-15,1.28556880563227e-05,-8.82071528803535e-06,1.25745520742015e-05,-4.99570469009132e-16,-7.15185968604073e-06,0.299074123643348,-1.39960078106957e-15,-6.34171223472508e-15,1.0906689073781e-15,-0.00049282993038957,-5.06897703803391e-06,-1.1637372492554e-06,1.013988977147e-14,-2.52557989802677e-15,3.20819759647151e-14,0.244549742362149,3.41820480739806e-06,3.9849608029155e-06,-1.15832750413513e-06,1.31306104683724e-05,-3.67767186735614e-15,-2.39020821547463e-15,0.00540693647343518,9.04768311416548e-16,2.92661225931432e-08,2.48956311917614e-15,3.18115991494096e-06,2.87892838080697e-15,-2.1963013700723e-15,-2.93160297172658e-07,-6.37109052924622e-15,2.85207631059345e-15,-2.48179366625984e-06,2.27484386565951e-07,-1.20526061397022e-06,1.64360228051359e-14,-1.1313093300805e-14,9.21080789054262e-07,0.404145131086569,3.27481188942699e-15,5.32202111939555e-14,1.46109395700772e-14,1.88069848219412e-13,-0.707106781186548,-1.44960307727677e-14,-4.1751270889868e-14,-4.0269771605166e-14,-2.31717679113733e-15,1.48269172441769e-16,5.60425532559063e-15,-4.05913590194015e-08,1.1700746089909e-15,-9.54166168163873e-16,-4.65052200314552e-15,-1.21273265782043e-15,-3.91397995167941e-15,-2.15203034870345e-14
"t75",-0.120475450972077,0.118446402995921,0.00251647939658954,0.293134125766649,0.00224039016953213,-0.00167502256219118,-0.0242702378487442,0.0518295211566965,0.00245875791187979,-0.177807473714194,0.0169047440426392,-0.00418252901133174,4.32020772371862e-05,-2.99604194965173e-05,-0.000224176289985384,6.91507224662621e-06,-0.000112267199174204,6.0272800365028e-05,8.76779605439513e-05,-0.00515473977993613,-0.00105682489152594,0.000267774873364001,-0.000189173594705,2.23201051273507e-05,-0.000284900379338541,0.000433841803341705,-0.000106978860646723,-0.000335702360687695,1.00827238127626e-05,-1.19829080685641e-05,-3.94998643991885e-05,-0.00124185405279483,-0.00968394171772068,0.166059897166174,4.07012277879788e-16,-7.03445325670295e-05,0.00142375641493873,6.23780208416691e-05,1.59575565742428e-06,5.30771055973973e-05,-3.39244876811516e-16,1.1265069202807e-15,1.28556880566639e-05,-8.82071529050551e-06,1.25745520740271e-05,-9.58620837548242e-16,-7.15185968420275e-06,0.299074123643349,-3.16032556105802e-15,-1.82449230328143e-15,2.06309151570586e-15,-0.000492829930387556,-5.06897703957587e-06,-1.16373724619301e-06,8.83537771753474e-15,-1.08800081583311e-14,3.06803193961258e-14,0.244549742362152,3.41820480663768e-06,3.98496080470513e-06,-1.15832750615747e-06,1.31306104705042e-05,1.59855366538375e-15,-1.09969042482514e-15,0.00540693647343537,1.71728118672164e-15,2.92661203545664e-08,1.38459721587952e-15,3.18115991899575e-06,2.03707224859888e-15,1.3825871236248e-15,-2.93160300145724e-07,-5.05303581019738e-16,-6.39053036941098e-15,-2.48179367325226e-06,2.2748438235406e-07,-1.20526062491782e-06,-7.38519996697777e-15,-1.34925599030349e-14,9.21080786376333e-07,0.404145131086565,-6.16791162711959e-15,-5.659007250259e-14,-6.67900990678599e-14,-2.25095984065615e-13,0.707106781186547,1.30543149069469e-14,2.01927185597874e-15,2.58370706173581e-14,5.08346577800446e-15,2.03625070696792e-15,3.39911858588359e-15,-4.05913561450462e-08,1.8714337485335e-15,6.48063182875958e-16,-5.2580279374078e-16,7.91056817912095e-16,-3.71130511917095e-15,-1.80933854593479e-14
"t40",-0.119938552286827,0.117280457036601,0.00245519569430288,0.284676786230662,0.00216020084246418,-0.00159963771687271,-0.0230195392131331,0.0489380016620215,0.00229050845535272,-0.165495576905372,0.0153403629835916,-0.00375312278295902,3.84942029822229e-05,-2.60702184422393e-05,-0.000190468734846532,5.74767078758718e-06,-9.27618641320797e-05,4.80555554563792e-05,6.8648358535119e-05,-0.00382320960649433,-0.00078146096381424,0.00019482742082225,-0.000136035149660883,1.55578021515966e-05,-0.000196130293554625,0.000294014516142028,-7.05500780301912e-05,-0.000218002560236927,6.48872031350812e-06,-7.52866327114618e-06,-2.40407482831322e-05,-0.000742006641794037,-0.00573222620199233,0.0980155432174124,-2.31511224875447e-16,-3.64811893464876e-05,0.00057413931851743,2.36692157848701e-05,4.65664443727126e-07,1.21811586621467e-05,2.26912126523322e-16,-9.27557315202474e-17,1.66928148938674e-06,-8.74535832389657e-07,1.11746977254871e-06,7.13077068154574e-16,1.53362812339163e-06,-0.114926624881811,7.76793409082016e-16,-3.77739850466996e-15,1.87103313684775e-16,0.000379691470126047,3.92404922190462e-06,1.27304718614191e-06,-3.68854429619215e-14,8.88141905623457e-15,-8.04113720054289e-14,-0.581966532168687,-8.22989596387505e-06,-1.15695266679039e-05,5.6497243853899e-06,-8.74308265209271e-05,7.62066725422742e-15,8.94313157468759e-16,0.699045553142225,1.20327973535222e-14,1.45670776735515e-06,-9.99041749434186e-15,3.84597627352208e-05,-6.41430669734498e-15,-6.91922875292967e-15,-1.67745479872921e-06,-1.8382531445547e-16,-2.63220833225072e-15,-1.02028716373819e-05,9.31592256491438e-07,-4.13056567117564e-06,-2.48989598334433e-15,3.41651522067231e-15,2.55827109468757e-06,0.00482941914445256,-2.68763057949202e-15,-2.36848032099073e-15,-6.80082186396224e-16,-1.17679992598618e-16,3.74506516964032e-16,-8.84279829230073e-16,5.06093463215476e-15,1.05629277704435e-15,1.47798899123646e-15,-8.35305070223732e-16,9.48333656638791e-16,-1.0513750180136e-07,-4.42063799914467e-16,5.45956621265942e-16,-1.84668182349792e-15,-5.21561701033914e-16,-2.69185337800283e-15,-1.7429265579048e-14
"t28",-0.119212642110603,0.115703133141558,0.00237215906501486,0.273211863382055,0.00205141231077341,-0.00149726376091501,-0.0213198463964592,0.0450065928379209,0.00206142941845838,-0.148730866155038,0.0132046178608719,-0.00316620994871734,3.205485314549e-05,-2.07365058102208e-05,-0.000144143242265827,4.13978518030303e-06,-6.5881123613862e-05,3.11603016295848e-05,4.22865293211665e-05,-0.00196922870062144,-0.000397945315419248,9.30779110914131e-05,-6.18365528078116e-05,6.08882778780347e-06,-7.16913587100866e-05,9.7730863370634e-05,-1.92909867095156e-05,-5.21663312278891e-05,1.4209311593783e-06,-1.23506932336556e-06,-2.13988124338877e-06,-3.27996182423684e-05,-0.000121065274587441,0.00137487223690141,7.80093058615884e-17,1.21011852648199e-05,-0.000666070080998745,-3.30476303167842e-05,-1.21417358023087e-06,-4.92708061142908e-05,-1.35044360754171e-16,-4.76635892421526e-16,-1.54526986714001e-05,1.13609236411315e-05,-1.65600167627742e-05,3.11450496950447e-15,1.58924375851055e-05,-0.833119866522155,5.48917160174419e-15,1.6783651075793e-14,-5.83735680435529e-15,0.00213828208246187,2.20826875143244e-05,7.29575227710302e-06,3.77835210254227e-14,-2.57102586041164e-14,7.05893676844482e-14,0.410915615297641,4.50972176642685e-06,-9.52302992144968e-06,9.5740151980927e-06,-0.000159486938404164,-1.07458587810669e-16,-4.61368900632677e-16,7.78814541212188e-05,1.71448857222228e-15,2.86411282664118e-06,5.63360318287141e-16,7.52748714421353e-05,-1.39178611398476e-16,2.37918346311649e-15,-3.22297751814899e-06,1.28189313931387e-15,-5.2815090186015e-15,-1.92060703067973e-05,1.75312084641884e-06,-7.66096517322692e-06,-2.44538832134844e-15,1.63132586736097e-15,4.68005384721186e-06,0.00181098952153593,-5.74669217690989e-16,1.86354958902704e-17,1.00535283162438e-15,-1.32198671014164e-15,-2.16711843915007e-16,-5.67682558161959e-17,-4.51146296916405e-16,1.40060465254134e-15,-1.02917072146387e-16,-5.34291954701462e-16,1.16964294566535e-15,-1.81924796735882e-07,1.47169298262946e-15,-2.70690782573333e-16,-1.94362945607494e-15,-1.12980299280426e-15,-3.2824877550724e-15,-1.71008266488781e-14
"t10",-0.117581445264578,0.114972882059741,-0.0115215902720157,-0.0654197057874069,2.47926937758448e-05,0.000137031826679452,0.00537348871420894,-0.0173260414447724,-0.0018416160674076,0.138246320806947,0.284641989946735,-0.25577960635412,0.000720408435916896,-0.000135503395036701,-0.000593885359831312,1.26052056714898e-05,-0.000184767429823104,3.88845487685776e-05,-4.24973840260183e-07,0.537873188162316,-0.0518425211871453,0.00178140225101063,-0.000838714652978769,5.6255379081788e-05,-0.000615259062661483,0.000787036061505399,-0.00014607977042723,-0.000388794202651723,1.0545627946051e-05,-9.2271297279989e-06,-1.70950008066882e-05,-0.000301860300038657,-0.00142527528611528,0.0195754744325647,-5.39779288136323e-17,9.62437977398432e-05,-0.00707431888484241,-0.0137685450176774,1.65314305457563e-05,0.000305474906716584,-6.68082251384211e-15,-0.707106781186547,4.39415013832397e-05,-2.65908542125568e-05,3.64081590279078e-05,-3.36809604116513e-15,-5.65605801541927e-06,0.00192046893569084,-7.11419775198613e-16,8.8856323825716e-17,8.26644461603467e-16,0.00483975178700286,2.61440544532033e-06,3.83050648749957e-06,4.48600880554075e-15,-6.53908909786888e-15,2.95943825001643e-15,0.000164154277104505,-8.63817527724879e-07,-1.23054400749696e-05,1.02554102367592e-05,-0.000969706304101342,-3.03790210058253e-16,1.62746351089802e-16,2.05236430676288e-07,4.1585288511091e-17,3.32448071033436e-06,1.32978862189126e-16,0.000495307766029413,1.22051947464319e-15,-2.81813520623212e-16,-2.19565898103628e-05,-1.46913145681315e-16,-1.15821795881808e-15,-2.48999487427742e-05,2.27380970397896e-06,-1.01267522770125e-05,-7.06850500489318e-16,4.52227082816646e-16,6.28436251632531e-06,1.21940643238773e-05,1.61553164340767e-16,5.57294509740533e-16,-1.57791747232184e-16,-3.76727708576512e-16,-1.02225654347655e-15,5.61405303800442e-16,2.80322787378533e-15,-1.10289242020933e-15,3.31487795090298e-16,1.35576923486835e-16,3.65086417126925e-16,-2.57983137087667e-07,8.27564460757572e-16,-4.75277055761201e-16,-1.87018062229869e-15,-8.02246191517953e-16,-2.64379322099774e-15,-1.72574827194331e-14
"t11",-0.117581445264578,0.114972882059741,-0.0115215902720158,-0.0654197057874069,2.47926937759574e-05,0.000137031826679456,0.00537348871420895,-0.0173260414447724,-0.00184161606740763,0.138246320806947,0.284641989946735,-0.25577960635412,0.000720408435917348,-0.000135503395036731,-0.000593885359830856,1.26052056717567e-05,-0.000184767429823705,3.88845487680455e-05,-4.24973840208816e-07,0.537873188162315,-0.0518425211871466,0.00178140225101117,-0.000838714652979216,5.62553790804167e-05,-0.000615259062660976,0.00078703606150521,-0.000146079770427743,-0.000388794202653666,1.05456279449728e-05,-9.22712972796421e-06,-1.70950008091019e-05,-0.000301860300039641,-0.0014252752861139,0.019575474432566,-5.74111066864314e-16,9.6243797734188e-05,-0.00707431888484037,-0.0137685450176692,1.65314305176647e-05,0.000305474906731211,6.8363921230826e-15,0.707106781186548,4.39415013621764e-05,-2.65908542197562e-05,3.64081590212258e-05,3.51898009963647e-15,-5.65605801265046e-06,0.00192046893568964,9.64903818188578e-16,-1.29198356305191e-15,-6.60971175680475e-16,0.00483975178700443,2.61440544603736e-06,3.8305064922479e-06,-4.25699751337867e-15,5.10437487288745e-15,-3.64291929955129e-16,0.000164154277104498,-8.63817523981197e-07,-1.23054400768122e-05,1.02554102371962e-05,-0.000969706304103021,-9.82255240358236e-17,-2.01102359978386e-16,2.05236430440301e-07,-1.46790242968464e-16,3.32448071105235e-06,1.75510243583588e-16,0.000495307766030553,-9.24713512943166e-16,7.43207137440925e-16,-2.19565898123745e-05,-3.31812704067879e-16,-7.62701006295377e-16,-2.48999487447112e-05,2.27380970279085e-06,-1.01267522770021e-05,-1.20134494848631e-16,1.1611924860267e-15,6.28436251579048e-06,1.21940643198978e-05,-6.60156150420892e-17,4.40923460796917e-16,-1.9367822855648e-16,-3.87603064526736e-16,-4.3938945557799e-16,-3.58782983414187e-16,-2.93523738474582e-15,5.36421264589257e-16,3.59688547331989e-16,1.44422304128684e-16,5.8683052459045e-16,-2.57983136032293e-07,1.27799619235674e-15,1.99916294941287e-16,-1.74797291743751e-15,-5.65051139457482e-17,-2.05476633365587e-15,-1.79333377350485e-14
"t46",-0.118308875590094,0.116584885729593,-0.0119513540445071,-0.0683798188647374,2.62377409285937e-05,0.000147612721346041,0.00586732452252916,-0.019095418969262,-0.00209193092369742,0.157365356958337,0.347106231861475,-0.32356992810832,0.000934908495150045,-0.000195096671641011,-0.000989542243742911,2.56500018396957e-05,-0.00040396032118439,0.00020205931581189,0.000308050402046433,-0.453364702731524,0.0395645591279202,-0.000800223838098545,0.000248449048144096,-2.21454460733819e-06,-1.74565190714826e-05,7.6490097073572e-05,-2.72865265103417e-05,-8.78190942026494e-05,2.59357689493413e-06,-2.68690179373874e-06,-5.77470984346796e-06,-0.000108613098209221,-0.000527155546932194,0.00729765880805854,4.99832547927886e-16,4.4533805794086e-05,-0.00379336124643718,-0.00751974054280431,9.49615567702909e-06,0.000179951584454569,-9.4781284995674e-17,-1.48930611193066e-15,2.66598257832912e-05,-1.62498241878567e-05,2.22996266799163e-05,-8.2063293795326e-16,-3.62259798488131e-06,0.00124791006567998,9.1791773120415e-16,-1.80815251304436e-15,-8.85235499053118e-16,0.00321059301266645,1.73459835141687e-06,2.56816101656618e-06,1.19860674822592e-15,3.86280248382449e-15,-3.01841884819964e-15,0.000112318245546119,-5.91196097425335e-07,-8.45472706562798e-06,7.1076293834145e-06,-0.000674654488743666,1.11120979037847e-15,9.60002820080257e-18,1.44428699591834e-07,5.62629541134057e-16,2.34522947934708e-06,5.20686210830919e-15,0.000351496156464671,-0.707106781186547,-8.2141153678202e-15,-1.57327447717602e-05,1.0238370848289e-14,6.66063963396603e-15,-1.79786386488905e-05,1.64194141676994e-06,-7.34849287938571e-06,7.54496176717203e-16,4.7964868256122e-15,4.58023926135543e-06,8.91771900421614e-06,-7.84640819182173e-16,9.0636060728799e-16,5.26575337486462e-16,1.33859544577925e-15,-1.13601852078532e-15,1.57830051716013e-16,5.75424096113421e-16,-1.73965044947259e-15,9.20946933942469e-16,1.11056018515531e-15,-6.67617429071601e-16,-1.91428334931931e-07,4.93013913462798e-16,6.15343953410673e-16,-2.98886643564281e-15,-6.83716233607517e-16,-2.09463688736647e-15,-1.73743733324639e-14
"t47",-0.118308875590094,0.116584885729593,-0.0119513540445071,-0.0683798188647373,2.62377409286401e-05,0.000147612721346022,0.00586732452252913,-0.0190954189692621,-0.00209193092369737,0.157365356958337,0.347106231861475,-0.32356992810832,0.000934908495149893,-0.000195096671641748,-0.000989542243742868,2.56500018398347e-05,-0.000403960321184164,0.000202059315811545,0.000308050402047339,-0.453364702731524,0.0395645591279206,-0.000800223838098853,0.000248449048144303,-2.21454460697622e-06,-1.7456519070782e-05,7.64900970736139e-05,-2.72865265103113e-05,-8.78190941997351e-05,2.59357689504747e-06,-2.68690179310778e-06,-5.77470984400348e-06,-0.000108613098208756,-0.000527155546934214,0.00729765880805926,3.85490061433008e-16,4.45338057948076e-05,-0.00379336124643689,-0.00751974054280562,9.49615567758269e-06,0.000179951584454016,-3.12681714633895e-16,6.42669042187486e-16,2.66598257826819e-05,-1.62498241874225e-05,2.22996266792781e-05,3.97642685973549e-16,-3.62259798507774e-06,0.00124791006567929,-9.46881874976677e-16,1.49476098521543e-15,1.27600529573592e-15,0.00321059301266571,1.73459835381019e-06,2.5681610185687e-06,-3.17289641123487e-15,-1.03619300191853e-14,1.42247325030098e-16,0.000112318245545148,-5.91196097794606e-07,-8.45472706194814e-06,7.10762938472634e-06,-0.000674654488741022,-8.60817767704599e-16,1.08264009376569e-16,1.4442871182984e-07,-3.40692952508807e-16,2.34522947049585e-06,-5.50076208101088e-15,0.00035149615644631,0.707106781186547,8.37288548009959e-15,-1.57327447539648e-05,-1.02634483223004e-14,-6.8146923274218e-15,-1.79786386434301e-05,1.64194142217307e-06,-7.34849287697856e-06,-2.03146972570163e-15,-3.48925415752357e-15,4.5802392593302e-06,8.91771899660819e-06,5.56082014804386e-16,1.619264411237e-16,5.4424952334058e-16,-1.81267896045249e-15,-3.03351252208181e-16,6.14932883332809e-17,-3.86680143823407e-17,4.44366406782444e-16,-5.85390662758491e-16,-9.56326259709593e-16,1.43497194805133e-15,-1.914283366203e-07,1.35835182863247e-15,-3.06328701443218e-16,-1.19845123006776e-15,-2.76325511684213e-16,-2.58182843278057e-15,-1.82768526365332e-14
"t49",-0.129428226547379,0.145262952788259,-0.0264584675163325,-0.210633270439697,0.000244375484558334,-0.00064342584403532,-0.0115051996948909,0.0266652036996008,0.00142227583527349,-0.102949539606977,-0.0868060720510374,0.053977146926089,-0.000118975210641499,7.10020512067863e-06,-1.76880722305135e-05,1.27235639698296e-06,-2.26346293632661e-05,1.60239761494449e-05,2.50938564863963e-05,-0.0117899936272713,0.000700183648380493,3.89586260254919e-05,-3.44152604457668e-05,4.41852147006233e-06,-5.55564540068793e-05,8.14981114666607e-05,-1.80745501920171e-05,-5.21235565793445e-05,1.47507149954662e-06,-1.42712722576675e-06,-2.96481721899034e-06,-5.5601613845723e-05,-0.000270343140787558,0.00374590765741822,1.43597973425658e-17,2.68874640510184e-05,-0.00823980008957602,-0.210415608888,-2.92282018159294e-06,-1.06592494807007e-05,-7.60098313902796e-17,7.69317846940206e-16,2.40884654678336e-06,-1.91966045571552e-06,2.82094350205844e-06,-1.47140600760013e-15,-1.13136438436248e-06,0.000568218319707916,1.87527872691208e-16,-6.06527424832111e-15,-1.86929469739002e-16,0.192264742033547,-0.000279909049133426,-1.12989691721587e-06,2.10794449804298e-15,1.26609235891269e-14,4.82253126321552e-15,-4.03243984780176e-06,2.02804001981952e-08,1.16589275685309e-07,7.94301530548542e-08,-0.0015568601088387,-7.5698222523783e-17,1.75878244778672e-15,-1.13756189962717e-08,-9.80682701254406e-16,-3.75164721343849e-07,3.17001972893893e-15,-0.662382202314788,-9.24458887603952e-16,4.97122654767184e-13,-0.60412933610265,1.07423753621653e-14,-1.49265856548481e-14,-4.99887418298361e-06,4.55985824240617e-07,-1.95479945818799e-06,9.37774795670308e-15,1.75652024029681e-15,1.19316945454384e-06,2.30285316908808e-06,7.77087836894315e-16,9.18512140025051e-16,-1.39556775670553e-15,-2.82150052263956e-16,-2.64861030461352e-16,-4.26052735015378e-16,-3.26108430940708e-15,-4.47440697147901e-15,-4.98757388967133e-17,1.4176858423963e-16,-5.9194624206783e-17,-4.94701496892674e-08,1.43457754676152e-15,-8.36317087327282e-17,-1.3379019799698e-15,3.16324149448627e-16,-7.10269405851419e-16,-1.79742058633701e-14
"t54",-0.129464842654723,0.145353802745426,-0.0264994982591061,-0.21102052013967,0.000244933460813297,-0.000645275745576046,-0.011543113708428,0.0267603973219939,0.00142851588235516,-0.103406649245511,-0.087323053312842,0.0543343473282369,-0.000119811726066144,7.15988074783516e-06,-1.78607753472133e-05,1.2863443922697e-06,-2.28909171350088e-05,1.62366050450336e-05,2.54511870345617e-05,-0.0119910847575914,0.000712234059044085,3.96609317866811e-05,-3.50558070442543e-05,4.50752519693466e-06,-5.67088960602405e-05,8.32497251991942e-05,-1.84861426958655e-05,-5.33475678974682e-05,1.51031962013804e-06,-1.4627740883333e-06,-3.04302553157719e-06,-5.71126235634703e-05,-0.000277797933691393,0.00384965679530764,-1.29995288549052e-16,2.77720898279052e-05,-0.00858191408660564,-0.219534164354334,-3.06935120678321e-06,-1.12463238846135e-05,-5.98824474805542e-17,2.28869266725056e-15,2.56102622810502e-06,-2.04581983820423e-06,3.00875243618673e-06,1.59911629098159e-16,-1.23669352722025e-06,0.00063018455036385,9.18981383505277e-16,-6.75264521560805e-15,-2.70803242153555e-16,0.220837916626641,-0.000321620102238751,-1.33973706994941e-06,3.69332887376028e-15,1.07396606578711e-14,-6.78450351454529e-15,-5.57407755410393e-06,2.81436114520616e-08,1.74323067377689e-07,1.86132173379287e-07,-0.0107273186832371,-4.00760892963461e-15,-2.64989041921747e-15,-3.95019723575668e-09,-4.40463759854457e-15,-1.75629216166422e-07,4.41239803928967e-15,-0.40993741156906,-1.50398547164087e-14,-6.48362470390433e-13,0.787016596689163,-1.79011810022206e-14,7.04085690816255e-15,-4.43868309862257e-06,4.04779867096165e-07,-1.73613979296856e-06,2.03950909637154e-15,-3.84652932168649e-16,1.06805979351053e-06,2.0754368746513e-06,5.71339073097019e-17,1.79310529274272e-15,2.63916653082811e-15,6.64448546360636e-15,1.73559966377462e-15,1.79111877274224e-16,-8.12128886040022e-15,5.25991950456814e-16,5.18684349512298e-17,-7.89224793023844e-16,5.7661322973655e-16,-4.57116581256243e-08,6.08607522089642e-16,-5.27591964230825e-16,-2.32029476012831e-15,-1.05983133039165e-15,-3.24605600790989e-15,-1.76322683939721e-14
"t72",-0.129623116471842,0.145746436497658,-0.0266767431636559,-0.212693128064224,0.000247342946634279,-0.000653261801970812,-0.0117067559073239,0.0271712120347002,0.00145543470759767,-0.10537851661241,-0.0895515975367686,0.0558736505197796,-0.00012341587602835,7.41683249634748e-06,-1.86039438032119e-05,1.34650382914072e-06,-2.39929962617744e-05,1.71501640985483e-05,2.69858129312845e-05,-0.0128536802486496,0.000763921872046144,4.26723097048115e-05,-3.78017083814563e-05,4.88882891008904e-06,-6.16449132018377e-05,9.07497965215255e-05,-2.02476068818858e-05,-5.85844201552296e-05,1.66110202805149e-06,-1.6151981120217e-06,-3.37726019838555e-06,-6.35681900707965e-05,-0.000309642630340478,0.00429282252312147,5.81317704025089e-17,3.15435569795213e-05,-0.0100361313318271,-0.258271035141653,-3.69049257634929e-06,-1.37312023402311e-05,-2.37623928552166e-16,6.87885971432859e-16,3.20365564118675e-06,-2.57819771241862e-06,3.80110017994061e-06,-8.05947389351915e-16,-1.67819010329688e-06,0.000889051177514204,1.82486312613345e-15,-9.06157208156436e-15,-1.76975793995866e-15,0.339373464240533,-0.000494647143318642,-2.20571102826331e-06,-4.20488338424777e-15,3.63549581445979e-15,6.78276879106932e-16,-1.18311192516781e-05,6.00483727993908e-08,4.07398794024114e-07,6.10338037849454e-07,-0.0468373399146441,-7.06805326252905e-15,4.42505621208048e-17,2.38225056138912e-08,1.00125730932879e-15,5.55688525603553e-07,-4.80547342222692e-15,0.436706426130539,5.28879081586978e-15,7.30772884371633e-14,-0.0883812970808944,1.50219608252208e-15,4.35772592046383e-15,-8.73187926857134e-07,8.08839971131901e-08,-5.63079660403858e-07,-7.40790430875521e-15,-3.03886637930889e-15,4.36785887320671e-07,9.60225500702128e-07,1.54632802724795e-14,-3.29703511578428e-14,-5.5817244137226e-15,-0.70710678118655,-2.00838575283398e-13,-1.5428819207017e-15,2.89682081918648e-14,-4.57145221788469e-15,1.84559219567564e-15,3.87995048514523e-17,-5.46821967295556e-16,-2.8307848676582e-08,1.00016484133851e-15,2.77165205435424e-15,-1.5238024503053e-15,-6.48827652077504e-16,-2.03701619109198e-15,-1.69141572050874e-14
"t73",-0.129623116471842,0.145746436497658,-0.026676743163656,-0.212693128064224,0.000247342946634314,-0.000653261801970776,-0.011706755907324,0.0271712120347002,0.00145543470759763,-0.10537851661241,-0.0895515975367684,0.0558736505197796,-0.000123415876028138,7.41683249664292e-06,-1.86039438031242e-05,1.34650382879669e-06,-2.399299626161e-05,1.7150164098511e-05,2.69858129311894e-05,-0.0128536802486495,0.000763921872045747,4.26723097044652e-05,-3.78017083813673e-05,4.88882890992902e-06,-6.16449132019942e-05,9.07497965218619e-05,-2.02476068819458e-05,-5.85844201581249e-05,1.66110202744221e-06,-1.61519811240523e-06,-3.37726019850307e-06,-6.35681900706083e-05,-0.000309642630338006,0.00429282252312143,9.89061248012532e-17,3.15435569783484e-05,-0.0100361313318266,-0.258271035141653,-3.69049257830609e-06,-1.37312023393642e-05,-3.43555454417976e-16,4.76249716013279e-16,3.20365564106223e-06,-2.5781977122009e-06,3.80110018024409e-06,-8.75612330801046e-16,-1.67819010294616e-06,0.000889051177513108,9.85271064853921e-16,-9.00259148338103e-15,-2.62197111527755e-15,0.339373464240531,-0.000494647143318634,-2.20571102786703e-06,-2.93593316157401e-15,1.07409231720608e-14,-2.86923262926564e-15,-1.18311192501079e-05,6.0048372009144e-08,4.07398795904981e-07,6.10338035851905e-07,-0.046837339914643,-6.22655221213265e-15,-2.49625042285606e-16,2.38225061148396e-08,2.19706276327269e-15,5.55688526468164e-07,-3.42695163917559e-15,0.436706426130546,8.53619871517236e-15,7.34124074586876e-14,-0.0883812970809025,4.61365825055676e-15,-8.18688931850963e-16,-8.73187922279395e-07,8.08840033930099e-08,-5.63079659936655e-07,1.45081705647964e-16,5.59624458350108e-15,4.36785884838533e-07,9.60225564629955e-07,-1.62092810313121e-14,3.29296696859373e-14,6.24310473947795e-15,0.707106781186545,1.95766916219784e-13,2.22080666646126e-15,-2.33510518435958e-14,9.37572452896836e-15,-1.53383656277154e-15,1.32388797460573e-15,1.82779970664327e-15,-2.83078428192739e-08,1.04467842447801e-15,-2.26921225949268e-15,-2.664429102086e-15,-2.81069175712266e-16,-3.16879064452992e-15,-1.81457306777876e-14
"t37",-0.128927194678414,0.144018466521613,-0.0258947686112447,-0.205308221581194,0.00023669201436313,-0.000617904756310874,-0.0109814502061047,0.0253490527572327,0.00133577971104463,-0.0966122909582877,-0.0796048737109766,0.0489913635372304,-0.000107284231245747,6.26265001521929e-06,-1.52540388032109e-05,1.07447196972275e-06,-1.90053642497276e-05,1.29951571821065e-05,1.9988921343205e-05,-0.00889285206264957,0.000526492443992599,2.88112307455904e-05,-2.51441578309842e-05,3.12447793653624e-06,-3.87713040679097e-05,5.59300852850615e-05,-1.20441344503718e-05,-3.41529491131743e-05,9.56947643872351e-07,-9.01499167728675e-07,-1.80694132121645e-06,-3.31798920932878e-05,-0.000159595614110863,0.00220408772707937,2.8413225608374e-17,1.3545804177285e-05,-0.0029557620178792,-0.0688812103003767,-6.06694756148415e-07,-1.25862764971022e-06,-3.76971002556896e-16,1.81713660934134e-15,-7.91645196178949e-08,1.56231777760583e-07,-2.76020137534647e-07,6.95428527607311e-16,7.20108632764722e-07,-0.000561091348422999,-1.14852079660071e-15,9.45364769612324e-15,4.5839891255095e-16,-0.373650807297092,0.000546878500389634,3.33229984015073e-06,9.76372883033477e-15,-1.50108727596738e-14,5.97091820431217e-15,4.04935015539017e-05,-2.08529254480811e-07,-1.83613322618412e-06,-5.20403556452255e-06,0.860067162091541,1.38939079200409e-13,4.41017183111817e-15,1.33381779238172e-07,2.19905749049984e-15,1.9957488449953e-06,2.54302323714724e-15,0.0824888076775541,-5.56421417405791e-16,2.91013043068808e-15,-0.00222505315191913,3.86259086004719e-16,7.29024263824254e-16,-9.55946453342496e-06,8.72331401017426e-07,-3.76760768646822e-06,-8.10573924947214e-15,7.92984704756176e-16,2.28408283271086e-06,4.36237836888463e-06,-4.35288940411318e-16,1.71383857413472e-15,4.71301089265314e-16,-1.73005158183817e-15,-1.84612973424469e-15,6.02658608231919e-17,1.95977496537906e-15,-1.86278230013316e-15,5.95123329888616e-16,1.03883341238589e-16,6.98096300169364e-16,-8.78472519005044e-08,1.10420513433293e-15,2.09583001146313e-16,-1.95285937481133e-15,-2.18570271741539e-16,-3.01629357945091e-15,-1.79898616253075e-14
"t44",-0.128996531221964,0.14418975594302,-0.0259712145762539,-0.206027025288957,0.00023772169235929,-0.00062129183053503,-0.011050478505572,0.0255217252671084,0.00134697267794246,-0.0974316251357289,-0.0805119784842243,0.049612158905728,-0.00010872930244841,6.36364906930096e-06,-1.55402795450171e-05,1.0972072453012e-06,-1.94197059244273e-05,1.3327946239596e-05,2.05388836352791e-05,-0.00918691424105567,0.000544062867251559,2.98193606956442e-05,-2.6053190104098e-05,3.2469583282959e-06,-4.03376001420922e-05,5.82733249963098e-05,-1.2579615868891e-05,-3.57201781248278e-05,1.00165587432133e-06,-9.45583846663477e-07,-1.9004229911726e-06,-3.49500760826849e-05,-0.000168239797595806,0.00232401162425072,-2.95436699613321e-16,1.44271532763448e-05,-0.00320120170727664,-0.074865565266627,-6.68232013574637e-07,-1.39983049272159e-06,-2.33947184056231e-16,5.54657418657611e-16,-8.94675252112052e-08,1.7746004553295e-07,-3.14060267138974e-07,3.67544308753904e-16,8.64420564873632e-07,-0.00069611038748425,-1.96456397778454e-15,1.27147401886223e-14,3.20518165908315e-15,-0.504485947627791,0.000739023018270289,4.89156158903011e-06,-3.74729834853191e-15,-2.45981921603978e-14,4.2032349822918e-15,0.000103349702650178,-5.4252229567346e-07,-7.59047955362151e-06,8.34138919597463e-06,-0.357200407340929,-5.60632355643026e-14,-4.66485496167333e-15,5.51947929037338e-08,1.62478401424963e-14,9.60982243499554e-07,0.707106781186546,0.0492787971124145,6.26704905116893e-15,1.03593976550947e-15,-0.00157589360038137,-1.01494216317615e-16,-2.14555927832836e-15,-7.29117274124527e-06,6.65880047990954e-07,-2.97430025787363e-06,2.25174211018513e-15,-7.15456586024921e-16,1.84746405191648e-06,3.58560361676054e-06,-3.65845416010894e-16,-3.6475652333103e-16,5.42322880498345e-16,-1.27120389145364e-15,7.94735385868454e-16,-3.59177434299813e-16,3.1661726239215e-15,-1.68232637101948e-15,-1.01766113575406e-16,-1.00402940006045e-16,1.80590714185214e-16,-7.5907365977078e-08,7.55723628195048e-16,-2.03330692698997e-16,-2.05634708350338e-15,-1.05466421077426e-15,-2.38319346460243e-15,-1.75822942132796e-14
"t45",-0.128996531221964,0.14418975594302,-0.025971214576254,-0.206027025288957,0.000237721692359344,-0.00062129183053504,-0.011050478505572,0.0255217252671083,0.0013469726779425,-0.0974316251357289,-0.0805119784842243,0.049612158905728,-0.000108729302448505,6.36364906919451e-06,-1.55402795449744e-05,1.09720724527178e-06,-1.9419705924363e-05,1.33279462398007e-05,2.05388836353334e-05,-0.0091869142410551,0.000544062867252197,2.98193606961447e-05,-2.60531901043099e-05,3.24695832812453e-06,-4.03376001421132e-05,5.82733249963393e-05,-1.25796158689278e-05,-3.57201781261201e-05,1.00165587404076e-06,-9.45583846440485e-07,-1.90042299055172e-06,-3.49500760828801e-05,-0.00016823979759439,0.00232401162425103,2.30885415520355e-16,1.44271532760396e-05,-0.00320120170727596,-0.0748655652666264,-6.68232015434684e-07,-1.39983049438758e-06,-8.29034047993845e-17,5.13024045548002e-16,-8.94675253551476e-08,1.77460044894686e-07,-3.14060266978553e-07,5.55896987959664e-16,8.64420566234535e-07,-0.000696110387481677,-2.57611900625734e-15,1.58268341045248e-14,3.28737396856522e-15,-0.504485947627793,0.00073902301827092,4.89156158842454e-06,-4.30652982910317e-15,-1.9796477578894e-14,-4.61783389305026e-15,0.000103349702657396,-5.42522296593829e-07,-7.59047955574859e-06,8.34138919615059e-06,-0.357200407340924,-5.88990565418394e-14,1.41659937846236e-15,5.51947792193933e-08,-1.65833957372071e-14,9.60982289569501e-07,-0.707106781186548,0.0492787971124041,-3.84639183915189e-15,1.76571375689152e-15,-0.00157589360037812,1.07385442814393e-15,5.2096682598133e-15,-7.29117274148104e-06,6.65880048758238e-07,-2.97430025564013e-06,-2.9483195254854e-16,-1.97717501830814e-16,1.84746404503416e-06,3.58560361723168e-06,6.16032715391092e-17,-2.0249693469329e-16,-1.40531360223152e-15,-6.72867859560165e-17,-9.17083104886223e-17,6.16669102579224e-16,-3.26574657798462e-17,-1.95988212717644e-15,6.07443632029479e-16,-4.04501282621989e-16,3.19963313401169e-16,-7.59073672948709e-08,1.15154562384032e-15,3.1047332040446e-16,-2.04828838196028e-15,-3.04032310401247e-16,-1.95601734838557e-15,-1.79476071161695e-14
"t70",-0.128455152843737,0.142836025031819,-0.0253467208577978,-0.200093688206708,0.00022908368805396,-0.000592253891797224,-0.0104494099497517,0.0240027158759819,0.00124543434283364,-0.0899840620023794,-0.0717720967999701,0.0434735626507082,-9.42041968128269e-05,5.29070615606424e-06,-1.23236805918169e-05,8.28037377218953e-07,-1.44441326799577e-05,8.97328277811012e-06,1.30175726242336e-05,-0.00459033520341095,0.000267327054499706,1.32844916476663e-05,-1.06967470915476e-05,1.00718193446262e-06,-1.07662454609933e-05,1.22044335992114e-05,-1.27679850812574e-06,-1.27079031292214e-06,-4.86393534011996e-09,1.12477896306004e-07,5.44262342780608e-07,1.37376493413039e-05,7.57169513241193e-05,-0.00108728431850021,2.32942045457487e-16,-2.18553512250017e-05,0.0194947966591882,0.615005008209711,2.15756412350388e-05,0.000282032027617179,6.93330303912857e-16,-3.68743145442563e-15,3.16568216719184e-05,-1.83274606410039e-05,2.47758915066457e-05,2.80834192305086e-16,-3.36442501217056e-06,0.00120107566115884,1.19467537552232e-15,-4.28741476999505e-15,-8.70497751622399e-16,0.132677468033316,-0.000189436718981169,6.48426860974687e-07,-3.16850036341201e-16,9.9921115261447e-16,2.02962646689286e-16,5.48336518934859e-05,-2.89089347733326e-07,-4.22338085622823e-06,3.74802237846537e-06,-0.0172059434023537,-3.27755669642851e-15,3.22703972007449e-17,7.20307517784136e-08,1.15272979351241e-15,1.17463326134478e-06,-8.96364924039371e-16,0.00755300284205442,1.08552093967653e-15,9.10268002593248e-16,-0.000312296578868373,-1.74522753849274e-15,-6.69247509233412e-15,-8.86140567940025e-06,8.09239560888788e-07,-3.61035522511698e-06,-1.97874857433385e-14,4.48703205777005e-17,2.24322938088394e-06,4.35635301380318e-06,5.94784230574539e-14,-3.88126364686932e-15,0.707106781186547,-4.14207627127378e-15,4.20734466207099e-14,2.98773979663384e-15,-3.61240043453122e-15,1.26765765185068e-14,-2.41117351133786e-15,1.11042557633552e-15,3.26009185588514e-15,-9.24663022132356e-08,4.41037443350531e-16,1.19698476558639e-15,-2.2863780901734e-15,8.47741206020559e-16,-2.42662800960389e-15,-1.76145366203619e-14
"t71",-0.128455152843737,0.142836025031819,-0.0253467208577977,-0.200093688206708,0.00022908368805406,-0.000592253891797306,-0.0104494099497517,0.0240027158759819,0.00124543434283395,-0.0899840620023794,-0.0717720967999698,0.0434735626507081,-9.42041968131773e-05,5.29070615625999e-06,-1.23236805916395e-05,8.28037377256947e-07,-1.4444132679816e-05,8.9732827780327e-06,1.30175726242606e-05,-0.00459033520341197,0.000267327054499657,1.3284491647682e-05,-1.06967470918664e-05,1.00718193468916e-06,-1.07662454614427e-05,1.22044335989641e-05,-1.27679850810174e-06,-1.27079031338705e-06,-4.86393552166786e-09,1.12477896292814e-07,5.44262342660408e-07,1.37376493412127e-05,7.57169513248286e-05,-0.00108728431850032,4.08186174248032e-16,-2.18553512255502e-05,0.0194947966591885,0.615005008209711,2.15756412359308e-05,0.000282032027617194,6.09660816706661e-16,-3.73510923720164e-15,3.16568216717527e-05,-1.83274606419073e-05,2.47758915066863e-05,3.36569676375365e-16,-3.3644250120224e-06,0.00120107566116002,3.94951216182274e-16,-3.17719174536978e-15,-3.55283697419696e-16,0.132677468033317,-0.000189436718980306,6.48426860052188e-07,-2.04029780972814e-15,1.44330036246452e-15,-2.14932238673526e-15,5.48336518993116e-05,-2.89089348314275e-07,-4.22338085625344e-06,3.74802237884078e-06,-0.0172059434023523,-2.42918884528527e-15,-2.67834216568961e-16,7.20307558805532e-08,-2.24971150627628e-16,1.17463326182946e-06,8.03662664090879e-16,0.00755300284205478,9.66697308740235e-16,-2.77432484704647e-16,-0.000312296578864452,1.31525616890805e-15,5.06201118088474e-15,-8.8614056890887e-06,8.09239562326671e-07,-3.61035522650663e-06,2.1252602251321e-14,1.36836230669861e-15,2.24322937088472e-06,4.35635291790312e-06,-5.91211986936566e-14,4.93558750569106e-15,-0.707106781186548,3.52553388661529e-15,-4.41839434994189e-14,-2.62003762514041e-15,4.81835565871596e-15,-1.12140351926462e-14,2.6891548398372e-15,-9.41876975061765e-16,-1.98085116871447e-15,-9.24663006532031e-08,1.6595034849255e-15,-1.37366022221364e-15,-1.4748924223989e-15,-1.66372788674542e-15,-1.97928671197213e-15,-1.81007185877387e-14
"t35",-0.106208697770099,0.0862038383375817,0.00172550001001792,0.0532720215877046,-0.000257349781133065,0.00087448831053148,0.0202898897664465,-0.0544182882295019,-0.0040267270239634,0.295809492208631,0.27157299738953,0.549990293546569,-0.0190834665933886,-0.000682101410253941,-0.00251934190141383,5.53525523608537e-05,-0.00083804642179983,0.000326174654827029,0.000418005487676111,-0.0153410893864687,-0.00384743534130211,0.000843607156144221,-0.00055686163272855,5.47571952759283e-05,-0.000647105287620945,0.000888816347183542,-0.000179060785600772,-0.000491948620808212,1.35475197010494e-05,-1.22175382220212e-05,-2.30325762506014e-05,-0.000400324444671914,-0.00181356140851587,0.0241811840736365,1.79575337243174e-17,0.000147286627461169,-0.00917839415335072,-0.00254216792909518,2.74273098805429e-05,0.000505167112840533,-1.83256315739923e-16,-2.40416952492042e-16,7.27486401369424e-05,-4.40493510751514e-05,6.03242853450196e-05,3.61432892818522e-16,-9.40423951238876e-06,0.00279044075846457,1.68566096221641e-16,-8.16867649397759e-16,-5.58975172867158e-16,0.00119796566540682,1.44985584590803e-05,6.48920657267891e-06,7.87077289621471e-16,9.36209679609109e-15,-4.66640615037761e-15,0.000242773690261964,-1.45870114256326e-06,-2.07742648826248e-05,1.73096315274985e-05,-0.000255581202214657,0.707106781186548,-9.1348112055769e-16,3.04832982421016e-07,9.62454046276596e-16,5.62271258176101e-06,-1.45941330382618e-15,0.000134069136476381,1.33724531491699e-15,3.32741425184801e-16,-6.02270698289469e-06,-3.38817917777895e-16,4.75695712069347e-16,-4.21692805328058e-05,3.85082433142718e-06,-1.71535128769668e-05,4.03154189145049e-15,5.45654320731494e-16,1.06465908470157e-05,1.82099175535924e-05,-1.88844487546094e-16,4.65407884721464e-16,4.3120981085448e-16,-5.72113290448926e-16,-3.31289274965309e-15,-6.65798588040326e-17,1.60859490478123e-15,1.47464284052419e-15,7.13688509721658e-16,-1.03655101834419e-16,1.16332043398103e-15,-4.37225190771043e-07,1.08666427809486e-15,-1.3969976435858e-16,-2.12336037089996e-15,5.46163405167832e-17,-2.34163232251028e-15,-1.7804868887523e-14
"t36",-0.106208697770099,0.0862038383375817,0.00172550001001785,0.0532720215877047,-0.000257349781132962,0.00087448831053138,0.0202898897664464,-0.0544182882295019,-0.00402672702396321,0.295809492208631,0.271572997389531,0.549990293546569,-0.0190834665933883,-0.000682101410253802,-0.00251934190141354,5.53525523608707e-05,-0.000838046421799841,0.000326174654826913,0.000418005487676059,-0.015341089386469,-0.00384743534130228,0.000843607156144218,-0.000556861632728474,5.47571952762905e-05,-0.000647105287621225,0.000888816347183059,-0.000179060785600896,-0.000491948620807843,1.35475197009755e-05,-1.22175382220876e-05,-2.30325762506806e-05,-0.000400324444671466,-0.00181356140851529,0.0241811840736374,4.96806069113069e-16,0.000147286627458643,-0.00917839415335,-0.00254216792909513,2.74273098789604e-05,0.000505167112835692,-8.6085230399239e-17,3.04069384902159e-16,7.27486401376711e-05,-4.4049351075629e-05,6.03242853456263e-05,-6.10088354319664e-16,-9.40423951228989e-06,0.00279044075846308,-1.78089571751467e-16,4.59888828921118e-16,6.64726775159043e-16,0.00119796566540653,1.44985584580104e-05,6.48920657212129e-06,-1.68316894016788e-15,-1.29117526354511e-14,4.48946435582798e-15,0.000242773690258327,-1.4587011408742e-06,-2.07742648910953e-05,1.73096315344123e-05,-0.000255581201986328,-0.707106781186548,9.36742928514175e-16,3.04832994379795e-07,-8.65888799698006e-16,5.62271258366658e-06,1.43412361812745e-15,0.000134069136478635,-7.53094976377882e-16,8.66047800151164e-17,-6.02270698593769e-06,2.58895544790058e-16,-5.54730032660878e-16,-4.21692805190804e-05,3.85082433231632e-06,-1.71535128762085e-05,-3.83716379558046e-15,4.31338419934221e-16,1.06465908457778e-05,1.82099175525126e-05,6.63707896190359e-17,5.85683342063431e-16,-8.22674854243908e-17,1.42068458648599e-17,1.9329110416645e-15,2.40723001528149e-16,-1.3473738982832e-15,-2.05725415656426e-15,-2.09998145881255e-16,6.80810548375919e-17,-2.47163488336291e-16,-4.37225190097112e-07,9.0598982587818e-16,-1.44037631865547e-16,-1.84186080950504e-15,-8.39168618412862e-16,-2.32684641198788e-15,-1.75842907211619e-14
"t24",0.0672246351766443,0.000847129449893992,0.0796382830687099,-0.0044593164211425,0.0138959548402574,0.00993752497461893,0.0706220586536592,0.00687098582575121,0.0152286888236875,-0.000770440730365219,0.00447530918821221,0.0129569851044716,0.651796337453985,-0.192468471691268,-0.0972172551502876,0.00323163792620505,-0.000254747169636579,0.0131870357499722,0.00938278856582068,-0.000783243802680699,-0.00197033523044595,0.0288856936825686,-0.0178453580095854,0.00157741025676865,-0.0176225041382036,0.0148452217966377,-0.00521166738287787,-0.000114930041847133,0.000366937922561391,-0.000308958325958113,-0.00049627111068556,-0.00621426041605147,-0.00014913905491288,0.000737194264745217,9.86342658010975e-17,4.56095998840637e-05,-0.000329315615447075,-9.18128480816121e-05,8.55859260375362e-06,0.000156672542314651,1.61220762145277e-16,-8.35655011378442e-16,0.00177165002164071,-0.00106598843219523,0.00145697698505075,6.87074749475674e-16,-0.000217740328149881,0.000108038209850735,3.61988548617597e-16,-3.59523880770398e-16,-0.707106781186547,4.74545180198485e-05,0.000368877687180306,0.000145942379314952,8.66960393567325e-16,-6.11721243052689e-15,-1.60288449180257e-15,9.68856116980923e-06,-3.21728721271717e-05,-0.000455382738090861,0.000251820296390266,-1.02977794576441e-05,-2.39079975350198e-16,2.42170321426338e-17,1.23811007388648e-08,-1.0212526152215e-17,0.000119855815270224,-1.85631209880462e-16,5.47726294964359e-06,1.38207213765485e-15,2.83906673741108e-16,-2.47800837151462e-07,3.03596212053197e-16,-9.34953163256641e-16,-1.30039754866506e-05,8.00131544296277e-05,-0.00035399760259967,-1.3586821914366e-16,1.14947101277247e-16,0.00021854747389561,7.60816126940591e-07,7.29220826768422e-17,5.75049129101641e-16,-2.71823592535484e-16,-7.71483705338307e-16,-1.5159578561211e-16,-1.9955515045264e-17,-1.91999058262933e-15,-3.163401987586e-16,1.38360190220173e-16,6.9253577355449e-17,2.49907451524097e-16,-8.7730853292398e-06,1.06754972336875e-15,-1.22705561753313e-16,-2.1057191481211e-15,-4.58846324293243e-16,-2.38930926981756e-15,-1.78096674605451e-14
"t25",0.0672246351766443,0.000847129449893999,0.0796382830687099,-0.00445931642114251,0.0138959548402574,0.00993752497461892,0.0706220586536591,0.00687098582575126,0.0152286888236875,-0.000770440730365189,0.00447530918821218,0.0129569851044718,0.651796337453985,-0.192468471691268,-0.0972172551502875,0.0032316379262051,-0.000254747169637053,0.0131870357499722,0.00938278856582049,-0.000783243802680588,-0.00197033523044629,0.0288856936825687,-0.0178453580095854,0.00157741025676879,-0.0176225041382037,0.0148452217966376,-0.00521166738287804,-0.00011493004184758,0.000366937922561422,-0.000308958325958824,-0.00049627111068577,-0.00621426041605077,-0.000149139054913302,0.000737194264744345,2.40098419886756e-16,4.56095998803597e-05,-0.000329315615448777,-9.18128480813713e-05,8.55859260348472e-06,0.000156672542315212,-3.07279827421162e-16,7.74168372771416e-16,0.00177165002164285,-0.00106598843219487,0.00145697698505108,-8.06005889446599e-16,-0.000217740328148274,0.000108038209840173,-5.10716456287485e-16,-2.36358513976033e-16,0.707106781186547,4.74545180271486e-05,0.000368877687164395,0.000145942379316633,-8.12251931179054e-16,3.22947765803614e-15,1.81799020282369e-15,9.68856116881073e-06,-3.21728721267403e-05,-0.000455382738091117,0.000251820296390874,-1.02977794552793e-05,4.68686813926483e-16,6.11079921631164e-17,1.2381098234882e-08,1.69970909055885e-16,0.000119855815270609,1.47435100920184e-16,5.47726295144074e-06,-1.00490746583418e-15,1.74332980353909e-16,-2.47800837485222e-07,-2.31335908844265e-16,4.04253360197463e-16,-1.30039754866361e-05,8.0013154429349e-05,-0.000353997602599932,-6.11182451561284e-16,1.39232498849453e-15,0.000218547473895382,7.60816130721398e-07,3.2035716690778e-17,4.02873399431353e-16,1.80723368563645e-16,1.86084483713002e-16,-1.02589641744296e-15,8.02090745819181e-17,1.71252037606608e-15,-2.15726237152067e-16,2.78539054278869e-16,4.73054228579498e-17,8.09960575579537e-16,-8.77308532914908e-06,9.76329766324542e-16,2.36652371204288e-16,-1.91971535390436e-15,-6.0219902988073e-16,-2.39515930663572e-15,-1.78664109282173e-14
"t3",0.0746606851709783,0.00123975076789076,0.0768623352191585,-0.00567412479542045,0.0589467821813305,0.0249544399497352,0.217257657410734,0.110697629080049,-0.0574077253713144,0.000404329868703379,-0.000746363067204022,-0.000990363982045037,-0.0268234246219721,0.0246432274472683,-0.00301772040411113,4.80735921918177e-05,1.15941814372031e-06,-0.00292616175441655,-0.00178867745078504,0.000604601971445079,0.00166048101519402,-0.0576583327411117,0.0475639872324461,-0.0131894585920779,0.564700403164362,0.0582259254532477,0.762734997862035,-0.000559455335008481,0.00281375964439762,-0.00152464908726655,-0.00182483562554293,-0.0204248562164767,-0.000216402923852433,0.00107893186957466,-1.88151146529218e-16,5.18705246978201e-05,-0.000310783974589411,-8.47412996087276e-05,7.44354390896011e-06,0.00013248419562821,1.204230994346e-16,9.44663089353564e-17,0.00263995322917044,-0.00157297740708014,0.00214335438133108,2.47322814984986e-16,-0.0003017588088193,8.17485507237343e-05,-2.68227297332688e-16,-2.00625307425399e-17,4.54567883302135e-16,3.54861527114244e-05,0.0004882939379147,0.00019060247514455,-1.36459941350748e-15,-4.07085224348758e-15,-8.88178419700125e-16,6.97324092468457e-06,-4.09385696410978e-05,-0.000576636400944549,0.000179012398275618,-7.2957590857225e-06,-8.91365868519212e-17,-5.75914505748999e-17,8.68582518010714e-09,1.70103360316282e-16,0.000146965345241495,-4.30316601681148e-17,3.81564549267635e-06,-3.70581619544485e-18,7.79728324429302e-17,-1.71379353542547e-07,1.13962707879629e-17,-8.83957589585504e-18,-8.96931026987644e-06,9.57994328731333e-05,-0.0058544730822375,-2.24994064136179e-16,5.59807471133194e-16,0.000255982212470232,5.14714121694312e-07,-5.08301938800101e-17,4.83478158392238e-16,1.18484355541808e-16,-2.52090144764916e-16,-6.89129674227185e-16,-2.83652552003604e-17,1.09589497432052e-16,-3.52450434827728e-16,2.09520421985069e-16,6.69696111086203e-18,4.84463333766638e-16,-1.0112248526282e-05,1.11582292174619e-15,1.55090809182384e-16,-1.87164517462476e-15,-4.00824424052643e-16,-2.53518172481425e-15,-1.77283939702971e-14
"t63",0.0765876150863627,0.00131381065611553,0.0899005088586668,-0.006869091105247,0.0755766739736491,0.0348538789298902,0.324959842432257,0.173868715139392,-0.106878322600411,0.000762226949271874,-0.00229886338538111,-0.00439526046643207,-0.167606546622913,-0.319693680446073,0.00869124045803235,-7.64305411725182e-05,-1.62980845859191e-06,0.00229820254509479,0.0011099182255837,-0.000206966045435905,-0.000551298009061413,0.0163040649119031,-0.0119943330732012,0.00245598125547732,-0.0930157308775192,-0.00818755988326614,-0.0802354150148418,4.92778128565637e-05,-0.000221886390737146,8.66919671894024e-05,5.89820029158237e-05,0.000408579217410078,3.07611471798584e-06,-1.34916905738314e-05,2.10945838134736e-16,2.3164615395771e-06,-3.07194830297149e-05,-9.04129749632235e-06,9.64619063631466e-07,1.87735615645003e-05,4.45732114917311e-17,2.9417720330928e-16,0.000412676520887711,-0.000251586190228091,0.000345251447270418,2.433603624859e-16,-5.52631992288731e-05,1.55038907446667e-05,6.23699056793006e-16,-2.69464766279206e-15,6.93682172196966e-17,7.00786646973689e-06,9.6451405752713e-05,3.81637573054104e-05,-3.83408290771578e-16,3.43226234235698e-15,2.50494069931051e-15,1.39763595823554e-06,-8.2025643975981e-06,-0.000114781388104604,3.46243161074951e-05,-1.38060058833096e-06,3.49516339945429e-16,8.66153207838606e-16,1.43969668917857e-09,8.23194239298101e-17,2.31021087636578e-05,1.32980391980244e-15,4.8272938512718e-07,-1.08586360545211e-15,7.76445240768961e-16,-7.19835109548812e-10,-2.02368034328248e-15,1.22556057575894e-14,4.04895059298937e-06,-4.47919432079209e-05,0.822099621425592,6.16425145998429e-14,2.48474281216144e-15,0.000310741712115627,4.25927255588201e-07,-5.75928119802168e-16,-1.66809860993993e-16,-7.87793673047656e-16,-4.88786844493382e-16,5.49093586331357e-15,-1.1780202784424e-15,1.49326024070676e-14,-8.46954188206288e-15,-1.02972296568651e-15,-1.08329918147993e-15,2.924899537773e-15,-5.24452609838947e-06,-8.43161826615814e-16,-3.42566040978703e-16,-5.22826106109107e-16,-8.21510555644488e-16,-1.47070123034751e-15,-1.76505606077225e-14
"t86",0.0766674517735687,0.00131683268996153,0.0904107078690922,-0.00691523622623372,0.076205708309605,0.0352180105448523,0.328842432387613,0.176115894143697,-0.108568642272939,0.000774423430034505,-0.00234781145839716,-0.00449889014381952,-0.17179614300366,-0.329178673335485,0.00898871432652011,-7.93576562996696e-05,-1.69398739058389e-06,0.00240322495059898,0.00116408456450771,-0.000218896758294366,-0.000583341194937047,0.0172927166336864,-0.0127431266362588,0.00262069187901338,-0.099421196554097,-0.00876965490642733,-0.0862424897854025,5.30695125000105e-05,-0.000239225855153583,9.37373349748014e-05,6.40111124504133e-05,0.000444336202629648,3.34877483565725e-06,-1.46921521538103e-05,5.99615153719098e-17,2.55554526847719e-06,-3.45710577989156e-05,-1.02152470588447e-05,1.1054127382551e-06,2.17233049079925e-05,-4.45838868471014e-17,1.99506057981029e-16,0.000484683189644917,-0.000296801103776367,0.000407900409619438,-4.94460754487958e-16,-6.79850528545325e-05,1.94646926767335e-05,-1.8510403453115e-16,1.13979338404905e-15,-4.46060171697623e-16,9.16744562417931e-06,0.000126220209670165,5.14387060359557e-05,-1.1706567562917e-15,-5.31254248065275e-15,-5.82867087928207e-16,2.06124752449589e-06,-1.21162404158196e-05,-0.000173987524951684,5.6586853260734e-05,-2.35939316206798e-06,-1.04613760622369e-15,-5.68971741216009e-16,3.0467226293905e-09,-6.31554525012589e-16,5.26759609145604e-05,-5.47264015517945e-16,1.4573799705787e-06,-4.13370867580005e-16,-4.33873935367877e-16,-7.81035270681955e-08,1.36980204966121e-15,-7.99091205336194e-15,-6.17918064965337e-06,6.67657016116255e-05,-0.402559278810786,-3.24111670386772e-14,7.35187754499506e-16,-2.71948775908644e-05,4.48316092656074e-08,1.15936134207115e-15,1.74096466943946e-15,-2.02935338853195e-15,-1.28325574770102e-15,-2.83275217235815e-15,1.12274130609326e-15,-2.26678339792491e-14,5.31023280767482e-15,-2.9677084623751e-15,7.88485360102178e-15,0.707106781186546,-2.64101766635611e-06,-1.01341017969753e-14,1.51567752667737e-14,-2.15246957833868e-15,1.27346229596722e-15,-1.3862419577408e-15,-1.81096557262043e-14
"t87",0.0766674517735687,0.00131683268996152,0.0904107078690923,-0.00691523622623368,0.0762057083096049,0.0352180105448523,0.328842432387613,0.176115894143697,-0.108568642272939,0.000774423430034346,-0.00234781145839712,-0.00449889014381945,-0.17179614300366,-0.329178673335485,0.00898871432652007,-7.93576562996585e-05,-1.69398739000687e-06,0.00240322495059907,0.00116408456450773,-0.000218896758294264,-0.0005833411949373,0.0172927166336865,-0.0127431266362587,0.00262069187901402,-0.0994211965540969,-0.00876965490642728,-0.0862424897854026,5.30695124994415e-05,-0.000239225855153639,9.37373349746308e-05,6.40111124506333e-05,0.000444336202629692,3.34877483544084e-06,-1.46921521542562e-05,1.78511632672368e-16,2.55554526923168e-06,-3.45710577983076e-05,-1.02152470589897e-05,1.10541274003256e-06,2.17233049084806e-05,-9.36767215987057e-18,2.68894995247759e-16,0.000484683189644841,-0.000296801103776021,0.000407900409619513,6.68223421292128e-17,-6.79850528544429e-05,1.94646926760995e-05,-4.83069254971557e-16,1.18836564137646e-15,4.80284215897287e-16,9.16744562445637e-06,0.000126220209670301,5.14387060359281e-05,6.64680681290094e-16,-1.94717893725775e-15,-1.48492329543615e-15,2.06124752518801e-06,-1.211624041565e-05,-0.00017398752495076,5.65868532605272e-05,-2.35939316189732e-06,4.31845844379408e-16,-3.63174713648736e-16,3.04672404472148e-09,5.64806138428843e-16,5.26759609149594e-05,-6.28779726364051e-16,1.45737997122228e-06,1.82181892412287e-15,1.97147359728101e-16,-7.81035263275504e-08,5.51872120002848e-16,-6.28394415300075e-15,-6.17918065188617e-06,6.67657016137402e-05,-0.402559278810782,-2.86502865427595e-14,-1.40392097838281e-15,-2.71948775865175e-05,4.48316232751874e-08,-6.28444529385735e-16,1.76095267906455e-17,3.19572961565067e-15,1.32266434600569e-15,-5.11911771360095e-15,5.40075169524905e-16,7.12777644412854e-15,2.3542640046102e-15,4.80440202552533e-15,-6.70727195364561e-15,-0.707106781186548,-2.64101759385531e-06,1.371028413112e-14,-1.49790009413708e-14,-3.24350311447607e-15,-1.71739499926319e-15,-3.88667669451424e-15,-1.75035920468264e-14
"t4",0.0746632089508097,0.00123909655873382,0.0763443981487847,-0.00561373201397237,0.0578060952112091,0.0240087604991225,0.204651129694496,0.102336181380369,-0.0482507332842572,0.000336710930373952,-0.000231857706859797,0.000449184297636662,0.0427818225145111,0.32884167512939,-0.0264336363827419,0.002085845873214,-6.7170548097799e-05,0.00658597413122082,0.00202936974084593,-2.02551035470783e-05,-4.05089539257455e-06,-0.00829703349122766,0.0112842745517743,-0.00658221045038568,0.375187045810496,0.0695740703252013,-0.404143333584039,2.15357185424613e-05,0.000208635841053179,-0.000350391264062055,-0.000604228121782472,-0.00754503170624245,-8.34435568500148e-05,0.000420990142286331,0.707106781186547,2.66037417772416e-05,-0.000186245023942543,-5.17327554944893e-05,4.77822875861345e-06,8.71766293821556e-05,-9.83935452842476e-17,-5.23603999042709e-17,0.00178773731352128,-0.00107267187904226,0.00146483669854734,-4.11425796953331e-16,-0.000215286064472789,5.91309832404263e-05,-1.18353893121495e-16,1.01952339922825e-16,-3.74457950924139e-17,2.61769424780305e-05,0.000360248086291448,0.000142014945219861,-3.30534177390848e-16,-3.9648077749589e-15,-7.0082828429463e-16,5.29575093016558e-06,-3.10977979335249e-05,-0.000439621179715887,0.000137582722491228,-5.62725589077379e-06,2.53726923964842e-16,1.26603801064328e-17,6.77005766773134e-09,-9.38031302995502e-17,0.000114805591658079,2.13010457938528e-16,2.99670626203981e-06,1.09948314755965e-16,2.41838565121861e-16,-1.35725205612584e-07,-3.74625193180486e-17,3.30718881294013e-16,-7.13874561900854e-06,7.62492959104739e-05,-0.00174971354900101,-3.52541968757157e-16,4.45275204496177e-16,0.000207021246578826,4.16842812276304e-07,-2.7411585452434e-17,6.55014336047391e-16,-4.52818913526045e-18,-3.10200416138546e-16,-6.07791754126558e-16,9.09356057769276e-17,4.73773692024679e-16,-1.36463171121776e-16,1.84639269532772e-16,2.52564157740401e-16,5.29747856463726e-16,-8.28664564105016e-06,9.32281102731825e-16,-2.35428118496075e-16,-2.02095339085131e-15,-4.56705440575222e-16,-2.34596855344324e-15,-1.77256322619095e-14
"t5",0.0746632089508098,0.00123909655873384,0.0763443981487847,-0.00561373201397237,0.0578060952112092,0.0240087604991225,0.204651129694496,0.102336181380369,-0.0482507332842571,0.000336710930374116,-0.000231857706859656,0.000449184297636849,0.0427818225145113,0.32884167512939,-0.0264336363827419,0.0020858458732138,-6.71705480972467e-05,0.00658597413122092,0.00202936974084613,-2.0255103548166e-05,-4.05089539204026e-06,-0.00829703349122767,0.0112842745517741,-0.00658221045038671,0.375187045810493,0.0695740703252001,-0.404143333584038,2.15357185345457e-05,0.000208635841054626,-0.000350391264059314,-0.000604228121782312,-0.00754503170624469,-8.34435568421474e-05,0.000420990142289993,-0.707106781186549,2.66037417707987e-05,-0.000186245023940898,-5.17327554940697e-05,4.77822875864735e-06,8.71766293813116e-05,-1.27771383151517e-17,-8.43394304970144e-16,0.00178773731352135,-0.00107267187904206,0.00146483669854778,-9.33993847435529e-17,-0.000215286064472572,5.91309832405836e-05,1.12247323404286e-16,8.11356582111647e-17,1.56843217424416e-16,2.61769424782111e-05,0.000360248086291461,0.000142014945219901,4.5356083374874e-16,-2.00803969405706e-15,3.46944695195361e-16,5.29575093044349e-06,-3.10977979334225e-05,-0.000439621179716533,0.000137582722491488,-5.62725589070645e-06,-1.62606536985602e-16,2.67477052447371e-16,6.77005695284531e-09,1.87236794203539e-16,0.000114805591658116,-4.80878940578705e-16,2.99670626226112e-06,1.09948316589974e-16,1.64069842733191e-17,-1.35725205923883e-07,-1.86465616263215e-16,7.39798068494428e-17,-7.13874561961575e-06,7.62492959104803e-05,-0.00174971354900083,-3.73358650469131e-16,5.91912958130836e-16,0.00020702124657885,4.16842811918431e-07,-1.20585758181123e-16,5.38936101717516e-16,-4.61617049993961e-17,-2.61628120037524e-16,-6.66772352323644e-16,2.18657343080041e-16,9.85517117437755e-16,-7.26269152954224e-16,3.00441716844641e-16,8.93716268806359e-17,3.49334321121967e-16,-8.28664564102103e-06,1.13360000376212e-15,6.85443309386482e-17,-2.09661433361418e-15,-4.94562549645844e-16,-2.41141246780372e-15,-1.78223111254081e-14
"t14",0.0751064614130569,0.00125569404882651,0.0790296807310306,-0.00585219865477562,0.0609464453642203,0.0257188221571498,0.221862598920527,0.111847353530213,-0.0541128039381431,0.000378281365465795,-0.000275415097095116,0.000548800905273003,0.0532710536824476,0.440230324193879,-0.038730055582823,0.00339404737197146,-0.000112978888863068,0.0144409002090514,0.00547154414228843,-0.00075668919390469,-0.00200144632887653,0.0577803971464865,-0.0424157809862305,0.00954596334245816,-0.41009552492855,-0.0548347314841733,0.18500664038406,-7.16143671855921e-06,-5.67571984774358e-05,5.04824064029239e-05,1.41109466627192e-05,-0.000227553135959459,-4.4973454354281e-06,2.55737654547005e-05,1.12098017968254e-15,6.77651204071224e-06,-7.3236984366692e-05,-2.12496753873235e-05,2.19418475380198e-06,4.21513172255638e-05,-7.43674038896507e-16,-2.92877392231797e-15,0.000915421443782533,-0.000556777788638352,0.000763550358549188,0.707106781186547,-0.000121578558698947,3.42257670910694e-05,1.75301437975932e-15,-7.31549895064746e-16,8.58611679197401e-16,1.56806002786419e-05,0.000215848770735738,8.65423220936242e-05,8.57029884149832e-16,-2.71045500336624e-15,-1.68615121864946e-15,3.33257413468689e-06,-1.95774120127287e-05,-0.000278438841341692,8.83092836069088e-05,-3.63312527948184e-06,-3.157834525697e-16,-1.08030060897854e-16,4.4467077152391e-09,3.13523300631477e-16,7.56819905209223e-05,7.85254515220272e-17,1.99296858760245e-06,-3.47866099881993e-16,7.97282348164483e-17,-9.15501253557226e-08,-2.36573332378357e-16,-6.74630006719888e-16,-4.86878733079931e-06,5.20115440800049e-05,-0.00120192218285609,7.69628318082618e-16,3.66697017126285e-16,0.000143096354507477,2.89520921557767e-07,-5.75460304767606e-17,5.53513484885458e-16,3.0049852229476e-16,-3.05825961133693e-16,-3.29361182513606e-16,1.53929733348623e-16,3.2971438733268e-16,-1.63640075990448e-16,1.26297627658709e-16,-3.72631978449174e-17,7.40748741248297e-16,-5.87371503739046e-06,1.1324542186687e-15,-3.43624253856898e-16,-1.79670764282918e-15,-4.07605949126444e-16,-2.28088342664649e-15,-1.78048959081379e-14
"t15",0.0751064614130569,0.00125569404882652,0.0790296807310306,-0.00585219865477562,0.0609464453642204,0.0257188221571498,0.221862598920527,0.111847353530213,-0.054112803938143,0.000378281365465843,-0.000275415097095079,0.000548800905272925,0.0532710536824475,0.440230324193879,-0.0387300555828231,0.00339404737197142,-0.000112978888863283,0.0144409002090513,0.00547154414228839,-0.000756689193904218,-0.00200144632887636,0.0577803971464865,-0.0424157809862306,0.00954596334245833,-0.41009552492855,-0.0548347314841734,0.18500664038406,-7.16143672018291e-06,-5.67571984769685e-05,5.04824064030014e-05,1.41109466623393e-05,-0.000227553135959416,-4.49734543468564e-06,2.55737654545198e-05,1.08628595654966e-15,6.7765120384918e-06,-7.32369843656258e-05,-2.12496753858893e-05,2.19418475988782e-06,4.21513172270856e-05,4.88786046779297e-16,3.09418598489437e-15,0.000915421443795835,-0.000556777788632397,0.000763550358540956,-0.707106781186547,-0.00012157855871325,3.42257670863214e-05,-1.39481412357985e-15,1.78506465572856e-17,-7.23456346274344e-16,1.56806002765443e-05,0.000215848770734911,8.65423220942974e-05,-6.9728235032718e-16,-8.78587012734727e-16,2.24126273096203e-15,3.33257413588493e-06,-1.95774120134064e-05,-0.000278438841342551,8.83092836074812e-05,-3.633125279151e-06,3.78107584239556e-16,-8.28389144792603e-17,4.44670916656091e-09,4.74222557373105e-17,7.56819905224807e-05,3.68925348898324e-17,1.99296858806442e-06,1.28971288415223e-15,4.61744519128346e-16,-9.15501242832183e-08,4.15980375303239e-16,-2.23601902965915e-16,-4.86878733083055e-06,5.20115440801965e-05,-0.00120192218285559,-7.08356083449693e-16,6.41824582926546e-16,0.000143096354506679,2.89520921995196e-07,1.29101216068758e-17,6.16046012546133e-16,3.83764338349701e-16,-4.16849179256958e-16,-9.26106058145029e-16,-3.30501977906878e-17,3.54867877734278e-16,-4.62012513858864e-16,6.83104579755707e-17,-4.98044256655028e-17,1.92572451032076e-16,-5.87371503708213e-06,9.69448363122904e-16,3.1834480715734e-16,-1.81774742476501e-15,-5.49479676192758e-16,-2.23457604301233e-15,-1.76130189553782e-14
"t1",0.0803402123557405,0.00161372843905252,0.0363603094172858,-0.00425264935038124,0.0953093986336126,0.0383886870497321,-0.0322954470336572,-0.00454972605868864,0.0258972755436809,0.000262891709329146,0.00016989220347297,0.000510324907539973,0.0222316274989062,0.0129533765077025,0.00831016302924544,-0.015594741037252,5.91170141120783e-05,-0.0408363213744546,-0.00756742921651025,0.00323264084601627,0.00943500659095224,-0.736954337062652,0.623142290871085,0.0684038537946354,-0.128279934386216,0.0375964630278852,-0.0256381503746722,-0.000230302759943572,0.00504309155634249,-0.00360476144532623,-0.00542220208167796,-0.110734961920741,-1.73159559435278e-05,0.000312059588869878,2.6336469628008e-16,4.88991198359877e-05,-0.000318781269003388,-8.75190011505987e-05,7.81655348529059e-06,0.000140446376585563,-1.41011158312177e-16,5.32871712341605e-16,0.00720597151338694,-0.00756379396267014,0.00561354652404514,-1.93816744202257e-16,-0.000799068096912474,8.58974338425823e-05,-9.17789172569368e-17,-7.87556369833837e-16,1.77914288240465e-16,3.84107952069773e-05,0.00127140352947034,0.000493433441604674,5.8681903975038e-16,-6.30377450473367e-15,6.93889390390723e-18,7.35314160945948e-06,-0.000105089843327171,-0.00456305652650933,0.000186643187004616,-7.60904649233726e-06,1.30550468052094e-16,8.28371485656156e-17,9.048902297723e-09,1.88276709038791e-16,0.000366802668126821,-1.67838893177762e-16,3.96756211061572e-06,2.14872146551242e-16,1.61434888337e-16,-1.77710902122403e-07,-2.00328267243619e-16,1.14107194272655e-15,-9.26936624073877e-06,0.000233647530517566,-0.000434509805445599,2.3600728126147e-16,4.6259561847869e-16,0.00183531021932283,5.32886398374509e-07,-1.51723586158127e-16,5.85153992665406e-16,-4.43973386601006e-17,-3.36776432598488e-16,-7.12554374366597e-16,-4.49256762976544e-17,4.21562815155196e-16,-6.04574200723996e-16,7.59948077779927e-17,1.26812357329255e-16,3.80131376806489e-16,-2.41922586484303e-05,1.08948059409807e-15,1.06203404717192e-16,-1.96382360453464e-15,-5.57544886497016e-16,-2.282518444484e-15,-1.75371275799012e-14
"t61",0.0856856782556567,0.00187594658487647,0.0567894242588077,-0.00748131277805307,0.209935364996249,0.130146868112631,-0.182373520776402,-0.0465400694848912,-0.172939326012731,-0.00158056350979632,-0.000251681755095119,-0.000556746516412627,-0.0207269164772958,-0.00809760923978533,-0.00422638748626297,0.332260985743332,7.13067018854197e-06,0.0053768096367531,0.000870682139094417,-0.000205066477947879,-0.000575153181142304,0.0357595661696693,-0.0250959668966335,-0.00143769839598374,0.00183156983025085,-0.00024151992317797,-0.000146890400804627,-2.73622393227868e-06,7.70483344658127e-05,-8.51545723585362e-05,-0.000180940908793142,-0.00425830403472656,-7.08088855399906e-07,1.29873897462115e-05,5.49140833344434e-16,3.31224021414122e-06,-3.10015139802607e-05,-8.93925371381006e-06,9.21362762546714e-07,1.79003036418154e-05,1.45996682196772e-16,-1.13046720621796e-15,0.00101557044661929,-0.00109489335646956,0.000819608494657129,5.33201860111208e-16,-0.000143201090811213,1.68957396798243e-05,-5.97583864624813e-16,2.63543314129571e-15,-7.2214635376693e-16,9.20249407662983e-06,0.000305180232494878,0.00014033402012746,-2.100112200732e-14,1.24824087845657e-14,6.43790576404513e-14,6.92637089459862e-06,-0.000104368620828316,-0.490046630974673,-3.94903084703726e-05,7.09394436332828e-07,2.90286184759837e-15,3.38628252996677e-16,3.42473776202944e-10,-1.59558365011729e-16,1.90325893787252e-05,1.1613013832062e-15,3.09774116282632e-07,4.64069227047713e-15,4.11365741412011e-17,-1.90204218359232e-08,-1.15588340081974e-15,-1.30414661523066e-14,-1.14791509519737e-06,2.89832368421936e-05,-5.8023177806573e-05,2.24729814492689e-15,0.707106781186549,0.00199468825566916,7.64384816769675e-08,-3.81403219495359e-15,1.67126441860912e-15,5.03256941683331e-16,-4.37071968983655e-15,1.33461849023504e-15,-3.85329474133854e-16,2.58171173615762e-16,-6.8323180867049e-15,5.6401749005864e-16,1.53374240057186e-15,-6.19511863241658e-16,-3.97363658856041e-06,6.75716052299223e-16,4.3874758373416e-16,-2.29680437569916e-15,1.68808941058771e-15,-2.36083843510798e-15,-1.78092687243966e-14
"t62",0.0856856782556567,0.00187594658487648,0.0567894242588077,-0.00748131277805304,0.209935364996249,0.130146868112631,-0.182373520776403,-0.0465400694848913,-0.172939326012731,-0.0015805635097962,-0.000251681755095108,-0.000556746516413047,-0.0207269164772955,-0.0080976092397856,-0.00422638748626308,0.332260985743332,7.13067018783442e-06,0.00537680963675303,0.000870682139094368,-0.000205066477947623,-0.0005751531811422,0.0357595661696694,-0.0250959668966335,-0.00143769839598381,0.00183156983025085,-0.000241519923177895,-0.000146890400804579,-2.73622393149806e-06,7.70483344655707e-05,-8.51545723595496e-05,-0.000180940908793327,-0.00425830403472675,-7.08088854725966e-07,1.2987389746463e-05,7.0356926100415e-17,3.31224021434299e-06,-3.10015139806176e-05,-8.93925371398401e-06,9.21362764407774e-07,1.79003036417963e-05,-3.49684539901037e-16,-2.11063780582977e-16,0.00101557044661938,-0.00109489335646948,0.000819608494656759,7.51963132967194e-17,-0.000143201090811721,1.68957396770408e-05,-9.58202053817244e-16,6.23153909162384e-16,6.51753745139962e-16,9.20249407879124e-06,0.000305180232494312,0.000140334020127983,-2.55114030448512e-14,6.80639357116963e-15,7.22338855396742e-14,6.9263708928275e-06,-0.000104368620829301,-0.490046630974675,-3.94903084709189e-05,7.09394437693638e-07,3.01041726272055e-15,-2.87312683802788e-16,3.42477738765016e-10,3.97907113767803e-15,1.90325893793754e-05,3.49417267750627e-16,3.0977411649859e-07,-1.71881344659079e-15,-8.98035972403371e-16,-1.90204246019978e-08,2.03467354602952e-15,1.31424499940872e-14,-1.14791508817567e-06,2.89832368443065e-05,-5.80231778032793e-05,-1.87440483399485e-15,-0.707106781186546,0.00199468825554067,7.64384392573522e-08,4.24362973977463e-15,-1.20438443453767e-15,-1.22830248789382e-16,5.2602907746751e-15,-1.57971694722157e-15,1.62869188948641e-16,-1.40815225858661e-16,4.31848441687528e-15,-2.45392599532648e-16,-1.80372845932753e-15,1.18474624612738e-15,-3.97363658570669e-06,1.10397191414921e-15,-5.57243933110971e-16,-1.42503341197947e-15,-1.76325963406635e-15,-2.18081970488997e-15,-1.7604548688723e-14
"t42",0.0855364326434802,0.00186872637791741,0.0562481001205647,-0.00739679895440573,0.206991733077071,0.127850734840826,-0.178687572431279,-0.0455214290629168,-0.168292242288576,-0.0015375839717952,-0.000242519472109498,-0.000534244189987856,-0.0198373135760005,-0.00768285982379575,-0.00397533595515099,0.310071677072907,6.6404089280438e-06,0.00494460541690113,0.000795664375586049,-0.000183975106529195,-0.000515473828610162,0.0318767906054128,-0.0222845290102842,-0.00126370383839742,0.00160346373014946,-0.000210382013296105,-0.000126855499750311,-2.35168891790996e-06,6.6035229990048e-05,-7.24475632178708e-05,-0.000152472458265565,-0.00356871670175606,-5.91788542359754e-07,1.08451821318393e-05,-1.76881329079203e-16,2.66708051351993e-06,-2.3454038009993e-05,-6.67226483247265e-06,6.53036249910472e-07,1.2203275759044e-05,4.97151581273488e-16,5.42184078277048e-16,0.000647947104856089,-0.000683673848407228,0.000508040262928731,-6.74798755408545e-16,-6.90569512193563e-05,6.80248503714669e-06,7.56252515353203e-16,-1.75141884000255e-15,2.8412808560411e-16,1.97306712254592e-06,6.48669310736526e-05,6.82727027327273e-06,2.23054174378753e-14,-1.2029654368572e-14,-7.50857709341801e-14,-4.80313222513308e-06,7.42295327154553e-05,0.509667917727084,0.000105062737776444,-3.37408479111706e-06,-4.02995407593423e-15,-2.17999319447117e-15,2.88618607481358e-09,0.707106781186545,0.000112618594479724,-1.66099861523105e-14,1.13657646967701e-06,-6.57607312940105e-16,1.04109215903802e-15,-4.7585746971359e-08,-8.56428204668492e-16,3.86325275031883e-15,-2.41126931644478e-06,6.07627497682933e-05,-0.000112065888800124,-1.95146401609488e-15,1.46847452893693e-15,0.00362647701471432,1.33435348935536e-07,2.96230729983671e-16,1.24982428588592e-15,-6.34663241591867e-16,-1.35246311199664e-15,-1.83477774997959e-15,-3.34231679867504e-17,2.28171158063025e-15,4.47479161561001e-16,5.69185563509106e-16,3.66408586969614e-16,1.35326482783299e-15,-6.08904466636128e-06,1.80302186643924e-15,2.69424379561445e-16,-2.25743065556082e-15,-1.03636904916033e-15,-2.24615217042149e-15,-1.76809123457581e-14
"t43",0.0855364326434802,0.0018687263779174,0.0562481001205648,-0.00739679895440568,0.206991733077071,0.127850734840826,-0.178687572431279,-0.0455214290629168,-0.168292242288576,-0.00153758397179529,-0.000242519472109491,-0.000534244189987835,-0.0198373135760005,-0.00768285982379557,-0.00397533595515094,0.310071677072907,6.64040892846838e-06,0.00494460541690106,0.000795664375585914,-0.000183975106529448,-0.000515473828610488,0.0318767906054127,-0.0222845290102845,-0.00126370383839731,0.00160346373014938,-0.000210382013296177,-0.000126855499750113,-2.35168891784057e-06,6.60352299898901e-05,-7.24475632181942e-05,-0.000152472458264592,-0.00356871670175643,-5.9178854282943e-07,1.08451821314932e-05,-4.26686673814399e-16,2.66708051534518e-06,-2.34540380102177e-05,-6.67226483136247e-06,6.53036251099299e-07,1.22032757559774e-05,-1.91041446386359e-16,5.30908385171454e-16,0.000647947104856419,-0.000683673848407703,0.000508040262928564,-3.13847283797079e-16,-6.9056951218718e-05,6.80248503665756e-06,8.83676927787775e-16,-2.02897459615894e-15,1.1759445009829e-16,1.97306712171257e-06,6.48669310732665e-05,6.82727027426185e-06,2.50948527872498e-14,-1.70742302367125e-14,-6.70574706873595e-14,-4.80313222043075e-06,7.42295327169872e-05,0.509667917727079,0.000105062737776764,-3.37408478845777e-06,-2.0636727574031e-15,1.97818652373105e-15,2.88621402490028e-09,-0.707106781186549,0.000112618594862862,1.50175268696387e-14,1.13657647532477e-06,-1.5631300533531e-15,4.67443106932278e-16,-4.75857513328471e-08,-1.01501004817956e-16,-5.07057315096174e-15,-2.41126931117879e-06,6.07627497681292e-05,-0.000112065888799976,-3.90212887716046e-16,-2.3616453918115e-15,0.0036264770147153,1.33435350530661e-07,-9.37217681040857e-16,4.49030323984384e-16,7.01096039686777e-16,-1.31237194798835e-16,-9.46599330163079e-16,6.40509132145629e-16,-2.03948459802786e-15,3.43395753003005e-16,-1.5370250224823e-16,-8.16392113558358e-17,7.00536504583146e-18,-6.0890446661646e-06,7.00442060347875e-16,-8.95545150771408e-17,-1.83763301464642e-15,-7.65787958593592e-16,-2.57612647437053e-15,-1.80067875528598e-14
"t91",0.085414537706902,0.00186248295757136,0.0557010287077863,-0.00730707762264381,0.203616403604226,0.124927095763751,-0.173622197228716,-0.0440485408087272,-0.160429403371713,-0.0014640963178141,-0.00022083505135205,-0.000471649455221837,-0.0170765781694109,-0.00569507670109572,-0.00168370478694876,-0.447055133754188,-4.68062131178781e-05,0.00926651756133673,0.0012996483319191,-0.000261035910101438,-0.00072868603161998,0.0443291302220142,-0.030708587518347,-0.00171247163777656,0.0021630233485906,-0.000282520126126417,-0.00016943744771163,-3.13480145037667e-06,8.79459736683412e-05,-9.63346567313003e-05,-0.000202611855753574,-0.00474312499272463,-7.86709982276979e-07,1.44185249500162e-05,-7.22767361349366e-18,3.57695500106437e-06,-3.23273053256031e-05,-9.26080398914133e-06,9.32678525896003e-07,1.78328491408125e-05,-7.41076436508144e-17,7.47335287279894e-16,0.000986363744789063,-0.00105507046404507,0.0007877132424867,-6.12404240431201e-16,-0.000126836340019524,1.42326116869819e-05,-2.85001680229694e-16,1.24710879028614e-15,3.4742812524957e-16,6.80051112664433e-06,0.000225210598048417,9.0726688583474e-05,-2.40806491371623e-16,-5.29033276276729e-15,-9.15933995315754e-16,1.52301712287152e-06,-2.18645943919907e-05,-0.00793167546209028,3.76051084249407e-05,-1.57504495032513e-06,-2.8269985211672e-16,2.9357390490069e-16,2.01570664983589e-09,6.34807652468469e-16,8.31462210418454e-05,-2.0376412837443e-15,9.44175694405276e-07,3.69009545229679e-16,-8.11788791720609e-16,-4.75511760799832e-08,2.82718533238008e-16,3.86279599116902e-15,-3.01714865138279e-06,7.63770396062689e-05,-0.000201428189635787,-2.2265035427259e-14,-3.5488122699888e-14,0.401716413860094,-5.86287130419868e-08,2.26743611573487e-16,-8.28623048824829e-17,-1.40552283856394e-15,-2.31435912565029e-15,7.63712957162742e-16,-4.09386884404764e-15,-1.17330318163724e-14,3.00789041318574e-16,-1.0188008167749e-15,5.91835855911648e-16,1.67423370223665e-14,-3.97000270922746e-06,3.04839645522078e-14,-0.707106781186547,-2.33459337124242e-14,3.74649604906202e-15,-2.99322741154971e-15,-1.68429802798718e-14
"t92",0.085414537706902,0.0018624829575714,0.0557010287077863,-0.00730707762264387,0.203616403604226,0.124927095763751,-0.173622197228716,-0.0440485408087271,-0.160429403371713,-0.0014640963178139,-0.000220835051352027,-0.0004716494552216,-0.017076578169411,-0.00569507670109567,-0.00168370478694865,-0.447055133754188,-4.68062131178438e-05,0.00926651756133681,0.0012996483319191,-0.000261035910101068,-0.000728686031620494,0.0443291302220143,-0.0307085875183472,-0.00171247163777646,0.00216302334859056,-0.000282520126126441,-0.000169437447711862,-3.13480145016504e-06,8.79459736686599e-05,-9.63346567312289e-05,-0.000202611855753943,-0.0047431249927248,-7.86709980157146e-07,1.44185249497373e-05,3.10450538959123e-16,3.576955000341e-06,-3.23273053259301e-05,-9.26080398894299e-06,9.32678525810215e-07,1.78328491411384e-05,-6.09628964884911e-17,6.7323661060968e-17,0.00098636374478919,-0.00105507046404526,0.000787713242486684,3.50405250153705e-17,-0.000126836340019762,1.42326116868629e-05,-6.27484133485302e-17,-2.65570080765821e-16,-1.1051544600647e-16,6.80051112684811e-06,0.000225210598048702,9.07266885842036e-05,-8.23673579294138e-16,-3.4723425599436e-15,2.99760216648792e-15,1.52301712384992e-06,-2.18645943926459e-05,-0.00793167546209055,3.76051084241127e-05,-1.57504495053191e-06,-3.80160703300104e-16,3.90047964005061e-16,2.01570612693226e-09,3.24037789776921e-16,8.31462210414181e-05,-1.70777024451456e-15,9.44175693631842e-07,1.17390175656339e-15,-1.33605636319546e-15,-4.75511754815289e-08,-8.93071210220089e-16,2.86359526900637e-15,-3.0171486546795e-06,7.63770396052536e-05,-0.00020142818963525,-1.6894331545635e-14,-3.62986573423532e-14,0.40171641386009,-5.8628712577776e-08,1.7943370316921e-16,1.35335020880838e-15,-4.08078688569873e-15,2.87490459345121e-15,-8.39171533441535e-16,1.06667876235378e-15,-1.18908916526861e-14,1.42063324247494e-14,-7.90468416693076e-16,-5.76406246444504e-16,-1.33807377736746e-14,-3.97000270181376e-06,-2.6241278397943e-14,0.707106781186549,1.96435222594693e-14,-3.24436919037736e-15,-2.03200236478074e-15,-1.91710199219788e-14
"t65",0.0853334722204747,0.0018585884298075,0.0554148355841938,-0.0072626921238145,0.202086977993949,0.123752248366065,-0.171758260299286,-0.0435375974796755,-0.15816014134305,-0.00144314820457855,-0.000216656964087763,-0.000461795089008609,-0.0166989516287366,-0.0055464181180538,-0.00163327365091374,-0.432143112528239,-4.52029086392451e-05,0.00890084930159179,0.00124507406410935,-0.000248218628078009,-0.000692629654052351,0.042047276688609,-0.0290844774659096,-0.00161568498637799,0.0020377462531849,-0.000265669456035342,-0.000158840006070557,-2.9337621316218e-06,8.22255386905741e-05,-8.98407076224783e-05,-0.000188345339720913,-0.00440118237260533,-7.2933779825821e-07,1.33633900697842e-05,8.34628933903038e-17,3.27800345210211e-06,-2.91220815993554e-05,-8.31437677331437e-06,8.27318053595543e-07,1.56890244386262e-05,-6.63509506739057e-19,-4.1075217605438e-16,0.000856978190505803,-0.000913267749832935,0.00068100446680769,4.04134413066204e-16,-0.000106049727951074,1.1704862514783e-05,4.93768777227718e-16,-1.45308705741188e-15,9.22602432353488e-17,5.41161376406149e-06,0.000179163310173715,7.0521679120549e-05,-9.19723654734825e-16,5.49250802902567e-15,1.61676227961038e-15,1.10540970092209e-06,-1.58508678680412e-05,-0.00564149578638408,2.53401976794184e-05,-1.02890810169651e-06,8.27445942248489e-16,-5.7885845863948e-16,1.14665286983964e-09,-3.91098843782401e-16,4.52423880595617e-05,3.94878177338727e-15,4.41957319594481e-07,-1.10543606343692e-15,2.86834468571513e-15,-1.22472751148986e-08,4.71443574553944e-16,-8.91100107893064e-15,3.26096724257791e-07,-8.84012741541265e-06,0.000134099238984853,4.01876675542588e-14,7.53815896103848e-14,-0.822926891771543,4.70953901347686e-07,-4.13050229173124e-16,2.22899193847068e-16,5.99315908422816e-15,-1.80966064969143e-15,-2.30126929008813e-15,3.49533836953913e-15,2.42669607779852e-14,-1.59655252767014e-14,2.57303218749435e-15,3.39571223849169e-16,-2.03718879870489e-15,-8.51751009382101e-06,-1.34219626589306e-15,-1.92035320868812e-15,-2.19915299558709e-15,-1.79182364644841e-15,-1.94870655619766e-15,-1.71765455711285e-14
"t52",0.0835131542848507,0.0017618406005187,0.0457380128100804,-0.0055881657560113,0.132532325266069,0.0520807005488351,-0.0249568410845924,0.00556293224317202,0.388294323050149,0.00410162935207827,-0.000980428905651031,-0.0016146059599052,-0.0539440691328476,-0.0168889921105519,-0.00706682151283533,0.00560011382173639,-3.46034949121341e-05,0.0159908082598885,0.00249406274439021,-0.000804807205671477,-0.00239413700790146,0.312470649558184,0.277824637125057,5.67807492694054e-05,-0.000221824776089308,0.000450915860486601,-0.00105597654590841,-1.45406580196947e-05,0.000395830142241928,-0.000486660631903373,-0.00179064598497822,-0.116599170396299,0.000212179324725946,-0.000782114835406783,2.32820088767522e-16,-6.58855574202691e-07,-3.01609051790017e-05,-9.77888560922738e-06,1.43851918835726e-06,3.78008136521233e-05,6.98456488638745e-17,-1.76909174673672e-15,0.00718352721192887,-0.341867133188918,-0.016739579030678,-1.68730315502895e-15,1.24460545699564e-06,3.47766602981237e-06,-2.09758146331292e-16,-6.84109790169163e-16,-2.64650800725691e-16,3.11473163755616e-06,0.000103406368233459,4.81178106995866e-05,-1.25625519893325e-15,-5.75798814394185e-15,-8.87484530309735e-15,9.16025409621583e-07,-1.31227023447531e-05,-0.000332370185532272,2.62912459691139e-05,-1.10594865409667e-06,-1.34555071578366e-16,-1.15696258136705e-15,1.43436464552975e-09,-6.81025636711652e-17,5.91666036006459e-05,-5.72717286721119e-16,6.6678456962828e-07,-1.17786350921859e-14,-1.7459294453209e-14,-3.18039311228459e-08,-0.707106781186547,-3.94702904906435e-15,-1.73869364973669e-06,4.38536130485545e-05,-8.39384632619816e-05,9.55949418940335e-15,-7.71034856083432e-16,0.000210375747603481,1.07777762851779e-07,1.56985892819716e-15,1.36610819305338e-15,-1.21883295670552e-15,1.39391495298573e-15,1.36498799704773e-15,-1.60264423964613e-16,1.22374342262917e-16,-4.4368703543226e-16,3.09702780845569e-16,4.99268257657859e-16,7.4048466074155e-16,-5.29648858781377e-06,7.97627531794793e-16,-6.72394175666516e-16,-1.9696096367819e-15,-4.67429076952787e-16,-2.21378806624292e-15,-1.82178530913281e-14
"t53",0.0835131542848507,0.00176184060051871,0.0457380128100804,-0.00558816575601131,0.132532325266069,0.0520807005488351,-0.0249568410845924,0.00556293224317202,0.388294323050149,0.00410162935207825,-0.000980428905650751,-0.00161460595990531,-0.0539440691328478,-0.016888992110552,-0.00706682151283557,0.00560011382173628,-3.4603494912398e-05,0.0159908082598887,0.00249406274439023,-0.00080480720567119,-0.00239413700790221,0.312470649558184,0.277824637125056,5.67807492695063e-05,-0.000221824776089094,0.00045091586048657,-0.00105597654590859,-1.45406580190216e-05,0.000395830142241999,-0.000486660631903192,-0.00179064598497818,-0.116599170396299,0.00021217932472553,-0.000782114835406344,1.21803447376687e-16,-6.58855573689322e-07,-3.01609051799691e-05,-9.77888560879743e-06,1.43851918920943e-06,3.78008136515877e-05,3.05724332280086e-16,-1.73266254857675e-15,0.00718352721192869,-0.341867133188917,-0.0167395790306774,-1.04920828184e-15,1.2446054570569e-06,3.47766603024526e-06,3.99186254030099e-16,-7.39620941400571e-16,5.68016194924137e-16,3.1147316382782e-06,0.000103406368233304,4.81178106999781e-05,-1.46032174303463e-16,-5.83431597688483e-15,-1.74860126378462e-15,9.16025406018067e-07,-1.31227023443732e-05,-0.000332370185530947,2.62912459691488e-05,-1.10594865393504e-06,4.48319261475455e-16,6.69599328800966e-16,1.4343616949547e-09,4.04238690878631e-16,5.91666036019529e-05,1.14467933731944e-15,6.66784565488377e-07,1.23461664430723e-14,1.79364191921786e-14,-3.1803901177092e-08,0.707106781186548,3.4533012994527e-15,-1.73869360022222e-06,4.38536130608432e-05,-8.39384632585265e-05,-8.9569441931735e-15,2.02495953696506e-15,0.000210375747604391,1.07777776496946e-07,-1.59691702250783e-15,-1.14267192168093e-16,1.88980614670357e-15,-1.79103083558375e-15,-4.45674398772405e-15,5.98035530948125e-16,-1.02341051361961e-15,-1.24497915851715e-16,2.60925433691565e-16,-2.53346785455899e-16,1.30044070394747e-16,-5.29648858778065e-06,1.07238843224527e-15,6.37353266180668e-16,-2.01249034491009e-15,-4.51446039481272e-16,-2.49256493483302e-15,-1.72014808910944e-14
"t17",0.0831312971162042,0.00174396673261445,0.0445760278875148,-0.00541933290689439,0.127535535666044,0.0495922325488103,-0.0235837606563937,0.0052303673915981,0.359507381163418,0.00379370985038109,-0.000880014163953489,-0.00142947174770998,-0.0473412609913747,-0.0143783750493012,-0.00582683709106861,0.00447737242300695,-2.74300215757594e-05,0.0120125628247647,0.00182013066852376,-0.000534813308070844,-0.00158207040254933,0.200263685977091,0.174021087234296,3.3345255700966e-05,-0.000126769240232339,0.000248646795077437,-0.000545089920305118,-7.21306126087035e-06,0.000191652220745534,-0.000220146964490837,-0.000733564669750319,-0.0448409938146148,7.88802509163323e-05,-0.000287693891822429,2.72735677498517e-16,-1.21866734817551e-07,5.97629442104628e-06,2.89098229599544e-06,-1.05419929045039e-06,-4.33866647011592e-05,-4.63394395591191e-16,4.39541274704543e-15,-0.0152268602739193,0.869003057729589,0.0452322972475701,3.14047700186698e-15,-0.000432176628358168,3.98856742866909e-05,-6.911633256123e-17,1.66535399960539e-15,1.51395417265156e-17,1.56336231740005e-05,0.000517119069110188,0.000192368386241439,7.82287418677671e-16,8.1005884221978e-15,1.04916075827077e-14,2.71345965142564e-06,-3.87543303546448e-05,-0.000938914187105303,6.79629962081247e-05,-2.75925842450531e-06,-1.44235746629935e-16,-2.89131508868836e-16,3.25742468943521e-09,-2.44054540779492e-16,0.00013193689912344,-3.4079629770611e-16,1.42576126061785e-06,-4.70452574729929e-17,-2.6473707187952e-18,-6.3934661906927e-08,-9.49396674349368e-16,-2.01969085685996e-15,-3.34470333685883e-06,8.43122974843805e-05,-0.000157202798496869,-5.04664671092692e-16,6.07010751442803e-16,0.000385318063352683,1.94144108283719e-07,-1.30554431523365e-17,4.13269772101751e-16,-5.07016977723221e-16,-2.406588606142e-16,6.62578440657611e-16,-3.32330293111261e-17,1.08757485148872e-15,-4.01306141262049e-16,2.15045118224569e-16,-6.72720056126974e-17,6.03875323452284e-16,-8.9409772074403e-06,1.07286493524737e-15,1.3931352443224e-16,-1.96363775249909e-15,-4.68560299368673e-16,-2.40879450016528e-15,-1.78024325489966e-14
"t38",0.0831008177587819,0.00174236078091977,0.0444380192956557,-0.00539766316879399,0.126817208078946,0.0491804628376584,-0.0233341288906556,0.00516621071663235,0.352936869038645,0.00372268781344687,-0.000849164246112252,-0.00136542238679716,-0.0448843861146277,-0.0131936510273471,-0.00508783330010888,0.003647432335568,-2.18052229260129e-05,0.0074989071795671,0.000881960222458887,0.000271724238698197,0.000980935909803419,-0.295349337393667,-0.452093100702669,-0.00104271175682916,-0.00333743615414574,0.00249141156669329,-0.0032993413525622,-3.84650080356881e-05,0.000971762823653945,-0.00102938214170844,-0.00331528431582132,-0.203704210390824,0.000361258990511976,-0.0013217543871251,5.70417938985724e-16,-8.88909104614609e-07,-3.19236118956739e-05,-9.84418860068725e-06,1.16220620067806e-06,2.42696227464273e-05,-1.3858538073419e-16,-1.35732104288141e-16,0.00202322807734788,-0.0445289642786034,-0.00122615849980252,-2.78578589607068e-16,-0.000147197238598751,1.70002220597553e-05,2.52001447993245e-16,1.72280632466973e-15,1.11373864843611e-16,8.27474611405255e-06,0.000274048295522651,0.000110541671161294,-2.0087899735283e-15,-1.45411834435344e-15,6.38378239159465e-16,1.7637217318941e-06,-2.52233986562396e-05,-0.000623184463327169,4.69500435879824e-05,-1.93743387568686e-06,8.42862970528996e-16,0.707106781186547,2.38975816309566e-09,2.71734346035177e-15,9.76300370776207e-05,3.01878595093033e-15,1.07622033207721e-06,3.11462194614396e-16,-6.12702084585981e-16,-4.97011679661037e-08,-1.02439786640175e-15,-3.60086958892575e-16,-2.65538504658208e-06,6.69545139518944e-05,-0.000126412636528462,-2.24801141601064e-15,3.41855863239247e-16,0.000313160674019228,1.59043436278785e-07,3.48948165782774e-16,3.58851198254233e-16,5.06816992402494e-16,-2.56684620111577e-16,-1.55971901862029e-15,-1.57793183974298e-16,-2.17998032080204e-16,-6.65428365996485e-17,7.05747337494519e-16,2.67036909466751e-16,4.83879941839017e-16,-7.55305076147148e-06,1.15215585097896e-15,1.90064754516764e-17,-1.90753072618935e-15,-5.16799677424105e-16,-2.3484738189973e-15,-1.77089314269429e-14
"t39",0.0831008177587819,0.00174236078091977,0.0444380192956557,-0.00539766316879401,0.126817208078946,0.0491804628376584,-0.0233341288906556,0.00516621071663243,0.352936869038645,0.00372268781344697,-0.00084916424611215,-0.0013654223867972,-0.0448843861146275,-0.013193651027347,-0.00508783330010892,0.00364743233556785,-2.18052229263494e-05,0.00749890717956706,0.000881960222458934,0.000271724238698116,0.000980935909803349,-0.295349337393668,-0.45209310070267,-0.00104271175682913,-0.00333743615414554,0.00249141156669324,-0.00329934135256248,-3.84650080359449e-05,0.000971762823654014,-0.00102938214170824,-0.00331528431582103,-0.203704210390825,0.000361258990512403,-0.00132175438712462,3.10209429942243e-16,-8.88909105299825e-07,-3.19236118964105e-05,-9.84418860056302e-06,1.16220620114644e-06,2.42696227471112e-05,1.5130001218339e-16,-4.09818413512548e-16,0.00202322807734787,-0.0445289642786036,-0.00122615849980233,-9.81675199731026e-17,-0.000147197238599108,1.70002220574967e-05,-1.58223451124662e-16,-2.21848541274958e-15,3.09132340949274e-16,8.27474611350253e-06,0.000274048295524856,0.000110541671161136,1.70022712298696e-16,-1.27370710285185e-15,6.31439345255558e-16,1.76372172578878e-06,-2.52233986569347e-05,-0.000623184463327455,4.69500435907328e-05,-1.9374338686274e-06,-8.50227070793725e-16,-0.707106781186547,2.38975461039014e-09,-2.16416613358373e-15,9.76300370799976e-05,-2.96947955306863e-15,1.07622033217278e-06,1.62275970325355e-16,9.98839950612712e-16,-4.9701172402774e-08,7.69311073478232e-16,-3.18453595469132e-16,-2.6553850455442e-06,6.69545139516524e-05,-0.000126412636526932,1.90491658547784e-15,8.69213200333718e-16,0.000313160674020319,1.59043435360781e-07,-3.98799448164931e-16,6.68017080194803e-16,5.34572542022109e-16,-1.47396993482182e-16,2.30515608587904e-16,4.4655733120683e-16,1.94432474333285e-16,-7.60432226990358e-16,-2.38934007883574e-16,-1.41623217269254e-16,3.32959223431886e-16,-7.55305076151915e-06,9.11456423480642e-16,-1.01337417910203e-16,-2.11683118587555e-15,-3.29147527354319e-16,-2.31660177999002e-15,-1.78728030352657e-14
"t6",0.0819363936042228,0.00168774289871855,0.0408679268625946,-0.00487809795528683,0.11140275312927,0.04148036396331,-0.0190767581079001,0.0041337678978499,0.263270141431903,0.00276338384375037,-0.000535090670676846,-0.000786064044095757,-0.0242249116455717,-0.00537026255109737,-0.00126955158235405,0.000264688919457381,-3.73604169401917e-07,-0.0033696068760735,-0.000798831174957628,0.00042036932379625,0.00123960637500813,-0.128251464864607,-0.0452250337535934,0.000548242459414836,0.00248724388900646,-0.00254988415867034,0.0050871419164811,7.1920287041477e-05,-0.00201959198136521,0.00278706738844496,0.0125316794626755,0.934998346201918,-0.00183337805200727,0.0069194037966015,-1.34548796038154e-15,5.757310846577e-05,-0.000263330138167004,-7.03641507295448e-05,5.94367081914827e-06,0.000105726429137077,2.62477447551808e-17,4.5692395080346e-16,0.00616940215819955,-0.0640974911948718,0.000918579775299949,-2.48692549254799e-16,-0.000521435904285438,5.61084753886577e-05,1.00867021347244e-17,3.69736525588924e-18,-4.26420052540711e-16,2.50394637935359e-05,0.000828794028194157,0.00032118583026558,5.88901494856054e-16,-3.81805411109229e-15,-1.5404344466674e-15,4.7632473137663e-06,-6.80597439345779e-05,-0.00165909969951022,0.000121381625434604,-4.94540023384619e-06,3.40699064807853e-16,-1.55472789027531e-16,5.8775512148779e-09,3.4852677075724e-17,0.000238247394529579,-2.14877861793917e-16,2.57729734366577e-06,-1.01694454510714e-16,1.36231095199867e-16,-1.15499974098052e-07,-9.61713367868261e-17,2.43038978518198e-17,-6.02846782633877e-06,0.000151957581306781,-0.000282701135541519,-5.77074974411929e-16,4.8158820361538e-16,0.00069124304434974,3.47531829940249e-07,-8.93383578024144e-17,5.38865616258629e-16,2.29335992751067e-16,-3.52948963932677e-16,-6.92785872572939e-16,2.24227649667817e-16,-3.93686017314012e-16,2.01800803334367e-16,2.45247374648875e-16,1.6565263213528e-16,5.25607192070304e-16,-1.58193370684298e-05,9.95936007478936e-16,1.71209272633987e-16,-2.02756151935672e-15,-4.5840108922424e-16,-2.32947432028019e-15,-1.76621297915322e-14
"t88",0.0982450977671248,0.00280420233657859,-0.151233711210382,0.0076235534729712,-0.0868528839780053,0.0679445440423654,0.000549327802810139,-0.000594616395046407,-0.0039503106040172,-3.08266043286918e-05,-2.23093609552004e-05,-2.71234886005835e-05,-0.000459528923432136,0.000755493403903392,0.00106997649088543,-0.00107405671524557,1.5522806270139e-05,-0.335081580314641,0.00357596272344619,-0.000188565758903553,-0.000494463014786155,0.0191915546656513,-0.0110586183086896,0.00712906271956733,-0.00191208613727372,0.000765168390546867,-0.000313059458484028,1.29367461398529e-05,-0.482841538700816,-0.00276208689302426,-0.296645842662877,-0.000938704987435154,-5.24715388651453e-06,3.31370481303541e-05,-5.79330984075542e-16,4.83607679491529e-06,-4.12826910818271e-05,-1.19425119868439e-05,1.34510228908293e-06,3.1863978206207e-05,6.78819133458984e-17,8.59231230822508e-16,0.104889577471699,0.00180206804523772,-0.00644746593566007,1.00434337806193e-15,-0.0120830802050669,7.16602493965583e-06,3.62909466238381e-16,3.44624475685707e-16,-1.9240143991137e-16,4.53853023735866e-06,0.000569831361817689,0.00681694799825056,-6.79703189661676e-16,-1.58819610580733e-15,-7.28583859910259e-16,8.69549046406848e-07,-0.00138388115863838,-0.000173656177436419,2.29250846577839e-05,-9.47545630918014e-07,2.41473116152886e-16,9.65908685041593e-17,1.17301975683267e-09,6.08636269999407e-16,0.000201797936027139,-3.42058547038512e-16,5.28181337059886e-07,6.47244740342181e-16,5.03425136390255e-16,-2.44214651927711e-08,3.45803116015557e-16,-1.87228902546761e-15,-1.55408068526068e-06,0.00279605376286254,-6.15698650322682e-05,-3.61356336418447e-16,3.07395101423389e-16,9.01184760015997e-05,7.75816028472788e-08,1.47486698447503e-15,3.64366729783173e-16,-4.81987252133694e-16,-3.83704367039099e-16,3.68762951072213e-17,1.52364894089675e-15,4.44397694090829e-15,-3.98755665612766e-15,3.35532715849015e-15,6.15958603730324e-16,-1.13983772649772e-14,-0.000274368140082886,-0.707106781186546,-2.78963822513204e-14,-6.35601372772886e-15,-8.28003147857042e-16,-8.76329409360041e-16,-1.8088998219112e-14
"t89",0.0982450977671248,0.0028042023365786,-0.151233711210382,0.00762355347297123,-0.0868528839780053,0.0679445440423654,0.000549327802810207,-0.000594616395046383,-0.00395031060401716,-3.08266043286335e-05,-2.23093609551387e-05,-2.71234886006196e-05,-0.000459528923432245,0.000755493403903185,0.00106997649088542,-0.00107405671524569,1.5522806270208e-05,-0.335081580314641,0.00357596272344635,-0.000188565758903745,-0.000494463014786516,0.0191915546656515,-0.0110586183086896,0.00712906271956749,-0.00191208613727378,0.000765168390546826,-0.000313059458484139,1.29367461398112e-05,-0.482841538700817,-0.00276208689302429,-0.296645842662878,-0.000938704987435096,-5.2471538865978e-06,3.31370481304432e-05,-4.30069596880764e-16,4.8360767947557e-06,-4.12826910812262e-05,-1.19425119869135e-05,1.34510228969166e-06,3.18639782074383e-05,3.06096343641429e-16,2.48608571613955e-16,0.104889577471699,0.00180206804523764,-0.00644746593566028,9.61084415913234e-16,-0.0120830802050666,7.16602494007717e-06,5.05657179429436e-17,-1.13335992584665e-15,6.43327608275465e-17,4.53853023726003e-06,0.000569831361817863,0.00681694799825072,5.13786561814065e-16,-2.6151524035856e-15,9.22872889219661e-16,8.69549045702881e-07,-0.00138388115863985,-0.000173656177436932,2.2925084658212e-05,-9.47545631116117e-07,3.33293804625974e-17,-2.66896740053809e-16,1.17302247214981e-09,-5.08805214941951e-16,0.000201797936027041,1.99130965863991e-16,5.28181337237637e-07,-4.76852573018128e-16,1.76761807558455e-16,-2.44214643098018e-08,-7.48485331953997e-17,2.09379145704545e-16,-1.55408068249491e-06,0.00279605376286317,-6.15698650292131e-05,-3.2319241994681e-16,9.59650377028235e-16,9.01184759976067e-05,7.75816011177181e-08,-1.66656094207261e-15,8.42752706219307e-16,7.76525733805354e-16,-3.97405922434184e-16,-6.63951989414179e-16,-1.49174500921366e-15,-3.49411768516147e-15,3.51685710094834e-15,-2.88107369631946e-15,-4.41503280784509e-16,1.21582122873202e-14,-0.000274368140000693,0.707106781186549,2.82465010704475e-14,2.36003907791654e-15,-1.21201211330603e-16,-4.29193242095324e-15,-1.74732277327324e-14
"t16",0.0980862150758104,0.00279522112162242,-0.150503798002038,0.00759083160535995,-0.0866659535220927,0.0682129099790928,0.000555586156958079,-0.000605404356036135,-0.00415458733645414,-3.25174426676664e-05,-2.86207787094116e-05,-4.67790781048366e-05,-0.00137072933697571,5.39199426580558e-05,0.000433847561494954,-0.000505902608691525,7.42380340031296e-06,-0.162124298847161,0.00169380514132574,-7.98617174553149e-05,-0.000207823797901911,0.00773540299901289,-0.00432249288387527,0.00259958331957629,-0.000690322523682273,0.000285850623837278,-0.000269242112395958,-3.72188655991743e-06,0.0373711579200883,-4.36915103444558e-06,0.0181584750624594,-0.000215873188653914,-1.71185008936321e-07,4.94978138253661e-07,-2.34014628122379e-17,-1.48257338716037e-06,4.15618366443605e-05,1.44293427615724e-05,-3.0268794506779e-06,-0.000111675762424199,-2.49126996734857e-15,-1.18994816008338e-14,-0.861875703909448,-0.0211741084434074,0.0872229351020131,-4.31518201700761e-15,-0.405357356157786,3.23806977285283e-05,-9.71291479080044e-16,-1.15495413332839e-15,1.54819108875359e-15,1.61660219509647e-05,0.00202661493782597,0.0453382589479234,-2.52146653201184e-15,-6.43542347913014e-15,1.5480672299617e-14,2.27231588634931e-06,-0.00683282609563652,-0.00043036274363202,5.34026093068237e-05,-2.15028128757919e-06,-1.90353251541571e-16,1.20030588142153e-16,2.47616543458703e-09,-1.08804186222914e-16,0.000419843490406238,-2.87262140709077e-16,1.06225212872964e-06,-3.31345229061592e-16,-5.52604800180674e-17,-4.66870312042154e-08,-1.91535999999089e-16,-1.80063411868506e-15,-3.15702402785304e-06,0.00841225192997765,-0.000110207006616048,4.58934143140271e-16,7.77760138012901e-16,0.00015834873524206,1.34350815923031e-07,-4.78793797885332e-16,2.50645044877671e-16,2.30687414735574e-16,-3.22993637583606e-16,-5.67566360043437e-17,-5.23121218406794e-17,7.0355888806289e-16,-6.25439241700801e-16,-1.53266424869206e-16,-4.32045217389717e-17,3.6543744472002e-16,-0.000694625691848672,1.22309237297332e-15,2.04427530471148e-18,-1.81898274762734e-15,-3.17052964539591e-16,-1.95647453441331e-15,-1.76602679590268e-14
"t34",0.0992556270344099,0.00287138309700304,-0.161720089550695,0.00828427905069966,-0.0970527887125061,0.0793653179109858,0.000666447910594907,-0.00074218548817153,-0.00549526368709747,-4.32529569290996e-05,-4.77226272441959e-05,-9.29413005530013e-05,-0.00321677650831581,-0.000842252448391408,-8.27960596265666e-05,-0.000213012954182205,3.78438910395452e-06,-0.139136696323153,0.00167857425137046,-0.000112114606332812,-0.000297436883419933,0.012308528265949,-0.00746140872492316,0.00574843707608211,-0.00171680284029464,0.000843838756508748,-0.00118354484974525,-2.27689075287807e-05,0.297969554426426,-0.000195423082481999,-0.152080726332603,0.00105362791210816,6.86872188392432e-07,-1.8828224464134e-06,3.13301822022043e-16,1.54531542585269e-06,-1.4182767271399e-05,-4.02942643144036e-06,3.95769421341024e-07,7.69869990138424e-06,-1.63526534251327e-16,2.79869330759499e-15,0.00866386318933963,-2.52489607901708e-05,0.000379971709337978,-1.43065858033727e-15,0.1020985699842,3.41357454110913e-06,-4.44945300409658e-16,3.02688038587235e-15,9.75651498006998e-16,-4.35445236510989e-06,-0.000561231803305914,-0.892079735265399,-2.29148063443022e-15,1.92089956526489e-14,-3.27793348020577e-14,1.63724915464408e-06,-0.0149195731254199,-0.000261638636956956,2.98303627560858e-05,-1.17406598765383e-06,4.59686633591393e-16,3.27270172594943e-17,1.3045205503851e-09,-6.40409583830715e-16,0.000220443282744104,3.16809100054153e-16,5.55633337464649e-07,1.31189660162949e-15,2.41637618365453e-16,-2.45462722049604e-08,1.19363765282631e-16,1.33281308435544e-16,-2.19981184005233e-06,0.01027734081063,-5.78503673333443e-05,-8.19478465961172e-16,3.44812954130421e-16,8.40264587824502e-05,7.17786464364563e-08,8.33808685684951e-17,4.89154917892818e-16,7.25536711181979e-16,1.36976401500813e-16,1.02176665891966e-15,1.16866146657258e-15,-3.90380845839408e-15,4.50337637652977e-16,2.04070036266349e-16,-2.92767151814679e-16,4.18484276913809e-16,-0.000798863264316548,1.01360255055256e-15,1.17348040716306e-16,-2.05808271386994e-15,-5.55916494493297e-16,-2.40220079048497e-15,-1.80310059817183e-14
"t76",0.0996218269409151,0.00289492575516237,-0.165055195456563,0.00848773401570193,-0.100033672306675,0.0824636243518309,0.000696468944012467,-0.000778563694247321,-0.00583069359371332,-4.59271600401325e-05,-5.17804943353235e-05,-0.000101820923354336,-0.00354560473727692,-0.000947638619374498,-9.5123355746261e-05,-0.000249526000425067,4.45653940666486e-06,-0.169173277049177,0.00207477952130503,-0.000145649359677973,-0.000387494449083915,0.0162791092335166,-0.00997747391638626,0.00791699498095869,-0.00239268427428826,0.00119389117666362,-0.00171929066448891,-3.3576880679162e-05,0.443324421192653,-0.000297729173668176,-0.23916882373469,0.00168812062822951,1.1110080540052e-06,-3.05430732454655e-06,5.2398133613475e-16,2.86977220107692e-06,-3.50427461512757e-05,-1.07231369049787e-05,1.49415841993965e-06,4.23828790656168e-05,1.76981489637032e-16,3.01246179371118e-15,0.215138132183749,0.00459997732856285,-0.018048788478221,4.15526686086548e-15,-0.187745159692079,-3.78272252777478e-06,4.55086242124451e-16,-2.7232557947512e-15,-4.08974952818309e-16,2.19785581289849e-06,0.000281473387463588,0.266825395742136,6.99337154953828e-16,-8.14043376975916e-15,1.14144804719274e-14,-1.94836495493439e-08,0.000133247753258501,-9.04851216107936e-06,3.63456068428428e-06,-1.84064240758616e-07,-8.5930867043906e-17,2.54104332314586e-16,3.25278849843973e-10,3.31579977497165e-16,5.89203747520337e-05,1.75850743524522e-16,1.71384955277063e-07,-3.04406357088037e-16,-1.80393344084923e-16,-9.05125942040443e-09,-7.41878155709504e-16,-8.76798634970709e-16,-9.05261350108105e-07,0.00423501616483324,-2.53055566824547e-05,-6.8281687171635e-16,4.48783980183303e-16,3.85602616796679e-05,3.40879081624451e-08,2.58037642245199e-15,-2.36041827317745e-15,-3.19166294111698e-15,-2.91211545755015e-15,-1.47755614034828e-14,0.707106781186548,5.01221783563172e-15,1.77557648544761e-14,-7.73961814906029e-17,-9.46909079293938e-16,1.30831153792918e-16,-0.000428893711352976,2.40434637085444e-15,-2.66244728854296e-15,-2.09496711438694e-15,1.94688631011295e-16,-2.54228190472105e-15,-1.71096524917236e-14
"t77",0.0996218269409151,0.00289492575516237,-0.165055195456563,0.0084877340157019,-0.100033672306675,0.0824636243518308,0.000696468944012449,-0.000778563694247266,-0.00583069359371323,-4.59271600402019e-05,-5.17804943353246e-05,-0.000101820923354349,-0.00354560473727714,-0.000947638619374574,-9.51233557462976e-05,-0.000249526000425119,4.45653940653996e-06,-0.169173277049177,0.00207477952130494,-0.000145649359677995,-0.000387494449083998,0.0162791092335168,-0.00997747391638639,0.00791699498095868,-0.00239268427428829,0.00119389117666373,-0.00171929066448916,-3.35768806792522e-05,0.443324421192653,-0.000297729173668309,-0.23916882373469,0.00168812062822967,1.11100805426194e-06,-3.05430732493556e-06,4.51137763154245e-16,2.86977220146029e-06,-3.50427461511613e-05,-1.07231369048993e-05,1.49415841946781e-06,4.23828790654147e-05,-3.61513038008958e-17,2.15203894741862e-15,0.215138132183749,0.00459997732856253,-0.018048788478221,4.36918057717736e-15,-0.187745159692079,-3.78272252661539e-06,1.18409919127165e-16,-1.68936060306903e-15,-1.17540541570414e-16,2.19785581301682e-06,0.000281473387464034,0.266825395742134,8.03420563512588e-16,-7.84900022579506e-15,1.1671219546372e-14,-1.94836477193479e-08,0.00013324775325857,-9.04851216051287e-06,3.63456068502372e-06,-1.84064240857679e-07,-1.4922851694015e-16,-2.87774260595458e-16,3.25278564742176e-10,-1.47211002632893e-16,5.89203747520347e-05,-1.08702355565462e-15,1.71384956004159e-07,-2.48896699751252e-16,7.35367361568638e-16,-9.05125891099142e-09,5.00234691002651e-16,-1.11272102770355e-15,-9.0526134618557e-07,0.00423501616483153,-2.53055566847783e-05,3.16383850446238e-16,8.85040634236029e-16,3.85602616738834e-05,3.40879034657254e-08,-3.14864754536793e-15,3.51301766285465e-15,2.95756142278537e-15,2.16016773438593e-15,1.25116388737922e-14,-0.707106781186548,-2.82873227578344e-15,-1.88885338520579e-14,7.05190276928151e-16,1.34320983320468e-15,6.851953602564e-16,-0.000428893711354848,-6.6960539951908e-16,2.25002369279467e-15,-1.935229052498e-15,-1.01357279766767e-15,-1.74759651847193e-15,-1.7969871917412e-14
"t21",0.0989369543746683,0.00285085611935412,-0.158796804940134,0.00810565215127885,-0.094428955834825,0.076628765445827,0.000639867143750313,-0.000709924347055448,-0.00519636384652764,-4.08692463721964e-05,-4.40727961876421e-05,-8.49226781978811e-05,-0.00291908878959656,-0.000746042283842964,-7.14468691566462e-05,-0.000179136021542473,3.15946293379132e-06,-0.110859112064366,0.00130320139792479,-7.97407065181647e-05,-0.000210405759800938,0.00844994635221923,-0.00500645216548684,0.00360986906524355,-0.0010474410338895,0.000495312098215026,-0.000645201478873242,-1.18521549417015e-05,0.150706432881462,-9.09404686094858e-05,-0.0621986590996359,0.00039479152051477,2.45110183439042e-07,-6.61512211453359e-07,3.35223358855166e-16,1.0603159648361e-07,1.02622425480503e-05,3.95006867085865e-06,-1.00627752131096e-06,-3.90579250496581e-05,-2.13640382030978e-16,-6.83666084312397e-15,-0.298994776844763,-0.00716035892339496,0.0291545431094219,-1.19543569544769e-14,0.866712705213645,3.94359125789326e-05,5.77258338652223e-16,3.87683121784214e-15,-7.36426315052559e-16,1.49377802275219e-05,0.00187451285770593,0.243350096838906,8.42559120723655e-16,-4.91085051514954e-15,-5.22498710964214e-15,1.59719760051605e-06,-0.0146475342933702,-0.000278357016247987,3.5339830005037e-05,-1.43186131833281e-06,-1.38794668042585e-16,-2.40483135742275e-16,1.67317945355521e-09,4.24485312162466e-16,0.000284497295392743,9.05643253158261e-16,7.24757571285328e-07,-2.22936563660914e-16,-3.06286702808498e-16,-3.22669940151228e-08,-3.21919463618479e-16,-1.1755464762235e-15,-2.893571033548e-06,0.0135183122406031,-7.5991124928785e-05,9.37494966307633e-17,8.25787413687097e-16,0.000110148552405789,9.38998916291701e-08,3.73123082212982e-16,4.97044872582865e-16,1.10586995015002e-16,-6.268804077569e-16,-2.25637142626511e-15,-1.55374655380777e-16,1.52684816850936e-15,8.34112464279952e-17,1.94159035080252e-16,1.01640763354737e-16,5.70493511707631e-16,-0.00103268290617648,8.03696304060266e-16,1.49225056709312e-16,-2.09534171516862e-15,-9.94447937741708e-16,-2.42212042343215e-15,-1.78307618374796e-14
"t90",0.101534949848002,0.00302233875840881,-0.185049753910989,0.00974984951891925,-0.119575669328688,0.104438839142499,0.000922567819077506,-0.00106408995233195,-0.00884193412650301,-7.01593526595996e-05,-0.000102153010678982,-0.000233378624885204,-0.00908822118851221,-0.00422995575947227,-0.00252757466629437,0.00162304857046381,-2.13096389997552e-05,0.291565423279474,-0.00259905283939832,9.06469602429114e-05,0.000233324831222261,-0.00827162754551819,0.00450757768801434,-0.00265557793524732,0.000715308350815676,-0.00030905061679021,0.0003462992224698,5.85219945278131e-06,-0.0708589261806838,3.74605432102228e-05,0.0212000309159956,-0.00011864109962654,-6.85727255429758e-08,1.80820089920494e-07,-1.86508231083477e-16,6.49977166741755e-08,-3.33029253053018e-06,-1.12463130235759e-06,1.97106762522812e-07,6.1269712592054e-06,3.89117019679272e-16,1.12615435952802e-15,0.0336991189218727,0.000729941721270115,-0.00287350505805532,8.49932556477539e-16,-0.0257056425615392,-2.13194035853436e-07,-8.32557404183192e-16,-2.09396999484225e-15,1.77363125493446e-16,5.02485655134267e-07,6.36110378823302e-05,0.00939227514699918,-7.70325175494347e-15,-3.64736392901474e-14,-1.89362414637628e-14,5.05274566305148e-06,-0.366288546258887,4.63601108194257e-05,3.64271121068108e-07,-4.86248840707998e-08,7.10103425772246e-17,1.32622973536576e-16,1.31821731590621e-10,-2.04654839097976e-16,2.47203525194308e-05,-2.90232419400453e-16,7.7803028155734e-08,8.98406682665669e-16,3.8660083085462e-16,-5.18483093895553e-09,-7.95289408209023e-16,-5.13352296080839e-15,-8.2435410669062e-06,0.0876906244082356,-7.87377760107163e-07,6.00231981725194e-15,2.70821635523324e-15,6.93338861138187e-06,7.30587636296157e-09,-1.16790973940357e-15,-5.65657338705901e-16,1.14459833487243e-15,-4.20064818246191e-15,-2.28791199079249e-15,-1.11260777676343e-15,-1.28021797417537e-14,8.1773010480234e-15,1.10339590065961e-15,4.05300190735098e-15,4.30174263478317e-14,0.828017481416185,-4.7635015977913e-14,-4.39738398671477e-15,-2.39897204920919e-15,-1.0168885549096e-15,-2.32229154038922e-15,-1.80281778750731e-14
"t97",0.101567436052811,0.00302446770789218,-0.185369417271321,0.00976974902945553,-0.119877181485034,0.104768149961377,0.000925885793011691,-0.00106822259659991,-0.00888374116854949,-7.04948716488025e-05,-0.000102797089627303,-0.000235001567128078,-0.00915506113503795,-0.00426658447175835,-0.00255262844696276,0.00164092617258927,-2.15505434341555e-05,0.295350184483102,-0.00263489700039562,9.21022710696226e-05,0.000237098870034178,-0.00841063960397246,0.00458534177255439,-0.00270442620086632,0.000728780098819147,-0.000315038202036158,0.000353322112692878,5.97377211515593e-06,-0.0723510604463339,3.82768723799667e-05,0.0216817006155996,-0.00012139808184038,-7.01838379800132e-08,1.85082479873408e-07,-2.24273761790048e-16,6.67364522530852e-08,-3.43498132232309e-06,-1.16100404772877e-06,2.04107671165712e-07,6.35755707182988e-06,4.71434298672961e-16,1.86035051450955e-15,0.0350739426752038,0.000760395319700911,-0.00299426331378909,5.952552929039e-16,-0.0269908784119731,-2.2465386662779e-07,-9.21471774142557e-16,-9.84708555080053e-16,2.42115388045045e-16,5.33074635922368e-07,6.7487216787148e-05,0.0100092412572919,-9.15809798867571e-15,-3.91659455826607e-14,-1.56263890715991e-14,5.44986978268547e-06,-0.39515274916697,5.01667152399834e-05,3.97383222601901e-07,-5.32729514490967e-08,-5.89215874667807e-16,5.88665052143451e-16,1.46826012143756e-10,-5.7887099289341e-16,2.76581070677912e-05,8.53885659119087e-16,8.81975041728803e-08,-5.1180435866655e-16,-1.07574549980897e-16,-6.06292243716075e-09,-8.19812935506908e-16,-1.44881954274762e-14,-1.00406676775581e-05,0.106884426104595,-1.00067824567776e-06,-6.8645595136926e-16,3.83664071547e-16,9.33735570621947e-06,1.05675916264414e-08,3.95771915043689e-16,1.28891696278507e-15,1.2287914454749e-16,1.38545141247424e-15,7.8503167630222e-17,8.97962393328054e-16,9.12271286943445e-15,-7.02844323235586e-15,-1.29541306421028e-15,-2.2442993142486e-15,-2.09788844044463e-14,-0.396228161352365,2.52555878653754e-14,1.61249554827909e-15,-3.83485258591314e-15,-9.08739585851554e-15,0.707106781186545,-1.66458930113518e-14
"t98",0.101567436052811,0.00302446770789213,-0.185369417271321,0.00976974902945551,-0.119877181485034,0.104768149961377,0.000925885793011757,-0.00106822259659989,-0.00888374116854957,-7.04948716487367e-05,-0.000102797089627376,-0.00023500156712808,-0.0091550611350381,-0.00426658447175836,-0.00255262844696268,0.00164092617258925,-2.15505434344421e-05,0.295350184483102,-0.00263489700039536,9.21022710695914e-05,0.000237098870034071,-0.00841063960397253,0.00458534177255437,-0.00270442620086631,0.000728780098818841,-0.000315038202036303,0.000353322112692754,5.97377211553757e-06,-0.0723510604463334,3.82768723802535e-05,0.0216817006155996,-0.000121398081840359,-7.01838378143471e-08,1.85082479320004e-07,-2.57101830111036e-16,6.67364527650455e-08,-3.43498132226179e-06,-1.16100404745678e-06,2.04107671264455e-07,6.35755707216901e-06,4.72392154431487e-16,2.38770648163695e-15,0.0350739426752035,0.000760395319700864,-0.00299426331378902,6.55790014480123e-16,-0.0269908784119735,-2.24653865278368e-07,-7.81936085645979e-16,-1.48430891616138e-15,2.31748177424708e-16,5.33074635978113e-07,6.74872167856948e-05,0.0100092412572921,-9.00544232278988e-15,-4.08451579074062e-14,-1.57027169045421e-14,5.44986978229094e-06,-0.395152749166969,5.01667152398266e-05,3.97383222654923e-07,-5.32729524135739e-08,-6.21610013643802e-16,-1.93941506286357e-16,1.46825385442765e-10,-2.47966000309913e-16,2.76581070679298e-05,5.34146920553999e-16,8.81975028175136e-08,-1.02525528645478e-15,1.23194821240994e-16,-6.06292482391907e-09,-1.06537672286037e-15,-1.28228608905385e-14,-1.00406676740199e-05,0.106884426104599,-1.00067824433671e-06,-1.41157036432725e-15,2.18864775503383e-16,9.33735570555687e-06,1.05675859856211e-08,-2.88391429683821e-18,9.71004301008647e-16,-4.20458373900071e-16,2.63069145557286e-16,2.7279219554623e-16,8.26177216745265e-17,6.74961115429818e-15,-2.35856763502638e-15,3.475504985967e-16,-1.9855932838004e-15,-1.84568939263325e-14,-0.396228161352365,2.16765720841565e-14,2.4655917114248e-15,6.31267571871938e-17,8.38060932511168e-15,-0.707106781186549,-1.77635919985894e-14
"t99",0.101467630144124,0.00301789438936707,-0.184369162295017,0.00970722444095718,-0.118923793834743,0.103718083875792,0.000915242936505313,-0.00105491533572164,-0.00874757553322188,-6.94012838736876e-05,-0.000100653489406096,-0.000229551242005844,-0.00892933302566195,-0.00414058447468531,-0.00246488348825854,0.00157730192288832,-2.06895368702938e-05,0.281482353884932,-0.00250194415287269,8.65129401778691e-05,0.000222576850181511,-0.0078704134868892,0.00428099726906232,-0.0025097249665652,0.000674701794755863,-0.000290790551333635,0.000324455545005852,5.46995408541237e-06,-0.0661380456061812,3.48356469560269e-05,0.0196189324603329,-0.00010948576368058,-6.31916387888384e-08,1.66558864668896e-07,2.98945407480959e-16,5.87422018681529e-08,-2.90925521221497e-06,-9.75057542670312e-07,1.65923907831868e-07,5.0418265950306e-06,-5.32106716243397e-17,-9.62559028677474e-16,0.0266533752135233,0.000569817897303869,-0.00223312760693438,2.65765307946082e-17,-0.0170451795230138,-1.25611229621055e-07,1.01366208448641e-15,2.18248899863607e-15,-1.20057355755587e-16,1.95832119696217e-07,2.46542677420871e-05,0.00170644654518727,1.12027153338351e-14,4.9020917910662e-14,2.06917816214514e-14,-6.76259010848943e-06,0.510311768490595,-0.000125033003849433,8.50719148988251e-06,-3.24616812178069e-07,7.44883594014574e-16,-2.17882170019303e-16,3.86636556588478e-10,7.49114435587259e-16,6.75838699080879e-05,-1.2835275822011e-16,1.90531816502986e-07,-1.26148914920926e-15,-8.54791475440808e-16,-1.23274831846443e-08,-1.96254381063898e-15,-4.10608819810812e-14,-2.54941196873127e-05,0.273803902812333,9.95485012505453e-06,-2.0250540133593e-15,5.10746491433616e-16,3.34281757376736e-06,7.64085529649601e-09,7.90703673112446e-16,1.85811064076307e-16,4.41838435813088e-16,-1.76532686567871e-15,2.11621946407744e-15,2.00415758355289e-16,1.62095255329703e-15,4.11690175111556e-16,9.19444741488675e-16,4.54054708619116e-16,3.11140861481628e-16,-0.00662099464420206,2.13718943351868e-15,-5.0587119991115e-16,-1.59136596373082e-15,3.76561542485898e-16,-1.10984288673662e-15,-0.707106781186565
"t100",0.101467630144124,0.00301789438936709,-0.184369162295017,0.00970722444095714,-0.118923793834743,0.103718083875792,0.000915242936505281,-0.00105491533572154,-0.0087475755332219,-6.94012838737564e-05,-0.000100653489406214,-0.000229551242005878,-0.00892933302566179,-0.00414058447468541,-0.00246488348825854,0.00157730192288838,-2.06895368701076e-05,0.281482353884932,-0.00250194415287271,8.65129401775113e-05,0.000222576850181171,-0.00787041348688899,0.00428099726906205,-0.00250972496656521,0.000674701794755944,-0.000290790551333569,0.000324455545005791,5.46995408586687e-06,-0.0661380456061812,3.48356469560501e-05,0.0196189324603334,-0.000109485763680678,-6.31916381131636e-08,1.66558864826959e-07,2.81361663949771e-16,5.87422012698902e-08,-2.90925521169231e-06,-9.75057542424337e-07,1.6592390810712e-07,5.04182659563429e-06,-2.05002753113799e-16,-1.39432767940994e-16,0.0266533752135233,0.000569817897303876,-0.0022331276069338,1.57439300791075e-16,-0.0170451795230134,-1.25611228553988e-07,1.04870341435478e-15,1.75227757659365e-15,3.22618392666644e-17,1.95832119439294e-07,2.46542677419079e-05,0.0017064465451867,9.41941960053601e-15,5.04919634182903e-14,2.38489783477291e-14,-6.76259010862526e-06,0.510311768490595,-0.000125033003849256,8.5071914898915e-06,-3.24616811932376e-07,9.09625882940307e-16,-4.25008061645413e-16,3.86635980668037e-10,3.62496990158948e-16,6.7583869907436e-05,-4.53688556243904e-16,1.905318161336e-07,-2.83133125421438e-16,-1.16533943591543e-15,-1.23274833168998e-08,-3.33097400603932e-15,-4.49605403550771e-14,-2.54941196832317e-05,0.273803902812331,9.95485012488148e-06,1.00464053743409e-15,7.4568813471839e-16,3.34281757471419e-06,7.64086169245752e-09,1.1694337844725e-15,1.89642473952416e-16,6.61099226900943e-18,-6.52568959515146e-16,-1.32547191107184e-15,-6.29864768586673e-16,-2.83381733301127e-15,-8.09555151975542e-16,1.87176577034296e-17,6.53995891096643e-16,9.3385358748081e-16,-0.00662099464420112,1.57689565306306e-15,1.37016189479928e-15,-1.91872408358124e-15,-1.26420813371889e-15,-2.15593157008571e-15,0.70710678118653
"t60",0.101266198581967,0.00300468854678605,-0.182384310754166,0.00958362867861735,-0.11705029918655,0.101670761846446,0.0008946077871895,-0.00102920789394915,-0.0084873530817745,-6.73128131835812e-05,-9.66406479214479e-05,-0.000219436435172529,-0.00851268548270121,-0.00391215152817058,-0.00230859378558427,0.00146576814869733,-1.91865963176789e-05,0.257875218145874,-0.00227842229277633,7.7448328427055e-05,0.000199071690035885,-0.00700504558414033,0.00379708942263154,-0.00220609635541215,0.000591006259482569,-0.000253616187049241,0.000280907073628485,4.71664843888081e-06,-0.0568964202170225,2.97859217395878e-05,0.0166445482579391,-9.24789315497314e-05,-5.32587172896379e-08,1.4028452724986e-07,1.80592459113242e-16,4.81122679044967e-08,-2.28054749587174e-06,-7.57580261299418e-07,1.24827018325947e-07,3.70870724503928e-06,-1.24690609178701e-17,-7.4543061860908e-16,0.0189270362959022,0.000400337034317468,-0.00156335379200897,-1.08223411374472e-16,-0.0107830190789017,-7.52969602854263e-08,6.77555653626133e-16,-1.00337833035424e-15,-1.63151857553574e-16,1.04551368596013e-07,1.31484208054157e-05,0.000831879295938982,4.90272987893531e-15,6.65350442024734e-15,1.14352971536391e-14,-2.39360886074418e-06,0.179476584763439,-3.93953006688494e-05,1.80872486691474e-06,-5.01989155800382e-08,-3.79973299935676e-16,2.07577798557525e-17,-3.6874530562986e-11,4.44102808344031e-16,-1.16703803240076e-05,-4.85845404289078e-16,-8.05866653453357e-08,3.67129584204539e-15,2.37361497514228e-15,1.52017564979455e-08,8.16729164213402e-15,1.2280064144745e-13,8.28857224775821e-05,-0.905037416730397,-9.97640830305975e-05,-3.63250981357556e-15,-1.03363308991724e-15,8.79597715976737e-05,6.0908416158617e-08,-1.11519670884837e-15,9.16551909476331e-16,-7.70878514888665e-16,3.90394439512515e-15,-3.30433630662957e-15,1.20483742393974e-15,-2.16912486460832e-15,-3.96362516180161e-16,3.5926882031141e-16,-5.38037198545439e-16,-1.72569555991267e-15,-0.0174057069609873,2.6131126438695e-15,-6.11123824870267e-16,-2.1056519630095e-15,2.10346693871331e-16,-4.50765088385148e-15,-1.85502852635761e-14
"t66",0.098376523149854,0.00281299893099968,-0.152634069295128,0.00771236691492223,-0.088238467526435,0.0695191886554629,0.000565656747773958,-0.000615346625642477,-0.00417258213869033,-3.26172610441862e-05,-2.61604696012054e-05,-3.73459863403555e-05,-0.000894786399385774,0.000487861974519191,0.000863347982456387,-0.000908454431982598,1.32183690589205e-05,-0.290883879325457,0.00311103247077895,-0.00016270442390123,-0.000426261482113489,0.0164573222019579,-0.00944541838176704,0.00605722832792839,-0.00163556314879918,0.000678172092354574,-0.000538259556378773,-3.97009267631004e-06,-0.0104085710882375,0.000170547302226009,0.582921607952506,-0.011821747999951,-2.23034383884033e-05,0.000121365764404604,2.06204709455941e-16,6.3517013570906e-06,-4.81921903924932e-05,-1.38684976028744e-05,1.56564015884942e-06,3.78701825302172e-05,3.1117237974476e-16,2.76925411535494e-15,0.137276098695587,0.00252933494226623,-0.00935888377090677,1.36437160996292e-15,-0.0151108203147773,6.31717797262295e-06,-5.03699499302426e-16,3.89352980561534e-16,-6.20609636247393e-17,4.2464604223865e-06,0.000533311866168422,0.00824313188290058,-1.61377654166347e-15,-2.38606712428802e-15,-4.28129753871076e-15,8.37321296094663e-07,-0.00165051779466544,-0.000166701307856938,2.21058770954729e-05,-9.15127092467644e-07,-4.92394005467046e-17,5.62494223233655e-16,1.13718971919844e-09,9.6481679259294e-16,0.000195766919243837,-1.81409662963587e-16,5.1316735485976e-07,9.46441027409079e-16,1.11414627276283e-15,-2.37797943489861e-08,-1.81994954573669e-15,8.01537749915773e-16,-1.56070918435679e-06,0.00322853277950838,-5.99925317597962e-05,2.64998486077169e-16,-3.01351675274367e-15,8.78908311764251e-05,7.57020810286386e-08,-0.707106781186548,-2.04728891099336e-14,5.76858191727626e-14,-1.43985976185195e-14,-3.99736099835329e-15,3.54372401334089e-15,-1.40219698897774e-14,3.91598119004325e-15,3.51956229536493e-15,-1.20661112749716e-16,1.43589147495729e-15,-0.000312163233753384,-2.79175065476652e-16,-7.43059146114404e-17,-2.18216362560278e-15,-2.35199144584092e-16,-2.15300223690147e-15,-1.7754287373687e-14
"t67",0.098376523149854,0.0028129989309997,-0.152634069295128,0.00771236691492221,-0.088238467526435,0.0695191886554629,0.000565656747773942,-0.000615346625642491,-0.00417258213869033,-3.26172610442116e-05,-2.61604696011403e-05,-3.73459863403208e-05,-0.000894786399385928,0.000487861974519299,0.000863347982456264,-0.000908454431982536,1.32183690589919e-05,-0.290883879325458,0.003111032470779,-0.000162704423901517,-0.000426261482113988,0.0164573222019578,-0.00944541838176693,0.00605722832792859,-0.00163556314879911,0.00067817209235458,-0.000538259556378759,-3.9700926763378e-06,-0.0104085710882374,0.000170547302226293,0.582921607952506,-0.0118217479999509,-2.23034383886574e-05,0.000121365764404838,8.13110743878971e-17,6.35170135760018e-06,-4.81921903930511e-05,-1.38684976032304e-05,1.56564015880092e-06,3.78701825306344e-05,3.96853706247161e-16,2.9219097760542e-15,0.137276098695587,0.00252933494226623,-0.00935888377090676,1.40572263561655e-15,-0.0151108203147783,6.31717797114335e-06,1.10434675736007e-16,-5.26581014754277e-16,7.67175059013335e-17,4.24646042199784e-06,0.000533311866168733,0.0082431318829008,-3.43958957246911e-16,-2.43463938161538e-15,-2.5951463200613e-15,8.37321294922281e-07,-0.00165051779466695,-0.000166701307856222,2.21058770968985e-05,-9.15127092106641e-07,2.59135270125695e-16,-3.5225120099726e-16,1.13719388567375e-09,6.99894912498814e-18,0.000195766919242764,3.45946510745912e-16,5.13167356127732e-07,2.74818118491792e-18,-2.99520863444533e-16,-2.37797937496683e-08,1.74086955020854e-15,-2.80668708011598e-15,-1.56070917519238e-06,0.00322853277950628,-5.99925317588175e-05,-1.46998339467446e-16,4.18223035923881e-15,8.789083117569e-05,7.57020876350432e-08,0.707106781186548,2.17564876279513e-14,-5.7428594329581e-14,1.38911863062909e-14,1.85906545699271e-15,-3.36926286715223e-15,1.54683292018283e-14,-6.09684271329462e-15,-3.19761121187622e-15,2.12584145450774e-16,-3.65259807459907e-16,-0.000312163233751795,2.91104484253824e-15,-1.38810529556149e-17,-1.60879765047727e-15,-7.61113539830735e-16,-2.5497300540494e-15,-1.80972324392276e-14
"t84",0.0931279791768723,0.00242553979989252,-0.0643199115888611,0.00116180459813678,0.0526273390342526,-0.276696081193164,-0.0292961320035784,-0.0101134226451322,-0.0246119597177052,-0.000188789459568707,-0.000154114903171468,-0.000297655364420207,-0.0104988819705046,-0.00350017149296172,-0.00141441117234654,0.000560682387355498,-6.23034811621519e-06,0.00799402880970655,0.000140623288587647,2.93534044616042e-05,9.52949360168813e-05,-0.00961327130477492,0.0104836441280781,-0.355196765704533,-0.0119454888578126,0.00259387989598294,-0.00147664503807342,-1.10217268939478e-05,0.00104680791045767,0.506053586544914,-0.00295222188385464,-0.00659774970837597,-1.53371347250278e-05,8.70964028706386e-05,1.16980592371906e-15,6.5416430170401e-06,-5.00976864582472e-05,-1.43073514274656e-05,1.52557463009753e-06,3.33202416389711e-05,-1.99477206094067e-16,2.38506432240262e-16,0.015448267026421,-0.00606739587417167,0.113048684984591,-5.6764819066801e-16,-0.000286218086154213,8.86478829082362e-06,2.02894210139396e-16,7.73805884655995e-16,5.10415404536824e-16,3.1896476708132e-05,0.0188725959216625,0.000251189668222213,-1.20030046891436e-15,-5.18120996804049e-15,-4.23966417528732e-15,9.95905808195264e-07,-6.13034416394167e-05,-0.000203949898427838,2.70292030740316e-05,-1.1194208234136e-06,7.86927871534666e-17,-1.83901130702955e-16,1.41263225173506e-09,9.65754855738047e-16,0.00482059722853248,1.32011896161391e-16,6.19357348794582e-07,1.09415051321592e-15,1.87194678537165e-16,-2.87965948714478e-08,2.85965561591746e-16,6.99722434749482e-16,-1.55164374793743e-06,0.000160521339520076,-7.33378270010636e-05,-4.01718289132859e-15,-1.0864501967518e-15,0.000107240678437966,9.23330875650509e-08,-2.40284574252796e-16,-1.19424337315568e-17,-8.70574420754784e-16,-1.01909139946032e-15,-1.03508902396254e-15,1.34164643066264e-15,-4.07625588779302e-15,1.02622833028338e-14,-1.94870802632622e-14,0.707106781186548,-6.98826609343368e-15,-1.76816232473641e-05,1.67825534619205e-15,9.02868460935154e-16,-2.04453978681852e-16,-4.91912963974094e-16,-2.08640439953893e-15,-1.78907155050988e-14
"t85",0.0931279791768723,0.00242553979989255,-0.0643199115888612,0.00116180459813674,0.0526273390342526,-0.276696081193164,-0.0292961320035784,-0.0101134226451322,-0.0246119597177051,-0.000188789459568719,-0.000154114903171433,-0.000297655364420405,-0.0104988819705046,-0.00350017149296172,-0.0014144111723466,0.000560682387355278,-6.23034811629282e-06,0.00799402880970655,0.000140623288587549,2.93534044616683e-05,9.52949360164025e-05,-0.00961327130477505,0.0104836441280782,-0.355196765704532,-0.0119454888578124,0.00259387989598279,-0.00147664503807368,-1.10217268944265e-05,0.00104680791045768,0.506053586544914,-0.00295222188385474,-0.00659774970837588,-1.53371347250278e-05,8.70964028707067e-05,1.36434736710643e-15,6.54164301722225e-06,-5.00976864583918e-05,-1.43073514275982e-05,1.52557463022075e-06,3.33202416390732e-05,-4.70234828210118e-16,4.64020472974144e-16,0.0154482670264212,-0.00606739587417192,0.113048684984591,-5.90988850710589e-16,-0.000286218086154224,8.86478829168714e-06,1.57643613531888e-17,1.42606191162319e-15,6.13208593131893e-16,3.18964767089143e-05,0.0188725959216627,0.000251189668222771,6.59323097335658e-16,-5.81264931329605e-15,-2.5951463200613e-15,9.95905807783126e-07,-6.13034416383182e-05,-0.000203949898427455,2.70292030737758e-05,-1.11942082312281e-06,-8.08029965183149e-17,3.5263441483123e-16,1.41263030352957e-09,1.43609784560273e-15,0.00482059722853111,3.26367267553883e-16,6.19357349927556e-07,-8.00175852491208e-16,1.21399314745051e-16,-2.87965960395771e-08,-5.25386821605764e-16,-1.583173659636e-15,-1.55164375020429e-06,0.000160521339521061,-7.33378270029822e-05,3.21574664175658e-15,2.00857716938385e-15,0.000107240678437592,9.23330907068222e-08,1.2278275461198e-16,1.10389173552033e-15,1.21505606322018e-15,6.40689505507334e-16,8.24534542939964e-16,-1.19926430857776e-15,5.09696185317242e-15,-1.08597097406595e-14,2.02203991299699e-14,-0.707106781186547,7.90828064537257e-15,-1.76816232402444e-05,4.8953373191253e-16,-8.51489374096784e-16,-4.03377101443623e-15,-6.97317943930103e-16,-2.36026468444951e-15,-1.77036001331609e-14
"t48",0.0938103213059746,0.00246570725795852,-0.067130840628246,0.00122322574111805,0.0561949753088519,-0.301381839295556,-0.0323910903798728,-0.0112964414159345,-0.0283990868998633,-0.000218322578274295,-0.00019132172897839,-0.000383122182009224,-0.013848911641789,-0.00507573508393689,-0.00231447391170112,0.0010606362181541,-1.23528888398344e-05,0.0237297647631438,0.000600735848948025,-0.000162461780801695,-0.000452713973495604,0.0249052171040112,-0.0196484802466516,0.340582879428488,0.00910487044170502,-0.00150098694929845,0.000544710801567436,3.35384411638204e-06,-0.00032735309297463,-0.00291539145941598,-9.64966330794253e-05,-0.000471252083509944,-1.38073306829925e-06,8.31969593247959e-06,-2.89854440509688e-16,1.77779878843482e-06,-2.19140118829388e-05,-6.65734579987476e-06,8.67926880445649e-07,2.19017738886068e-05,-2.31686788820449e-16,1.62965518622335e-15,0.0137504866668747,-0.00618600843375325,0.121617556212431,-1.84378293771848e-15,3.04469172096813e-05,2.0242199597716e-06,2.4602895838622e-16,5.06460129345267e-15,1.14297387952318e-15,0.000126345707677422,0.0861085654555216,-6.09885673407328e-05,9.18051080994163e-15,-1.74969290261608e-15,1.46896383945716e-14,-2.60956268772992e-09,2.00980026958781e-07,4.45510657396838e-06,-3.94485400298094e-06,3.05053758193375e-07,-1.02481023597954e-15,-1.34973347025607e-15,-4.60631969581799e-09,-2.33068777704253e-13,-0.860462153899347,-2.78879989325675e-14,1.25301246265858e-06,-5.3215092908558e-15,1.89958369604264e-15,-3.10392586774299e-08,7.27935974189991e-16,6.97613889711496e-15,-1.39806337193109e-06,0.000144386823275702,-6.17426775156884e-05,-7.53131388469435e-15,2.15025126685669e-16,8.65943942224541e-05,7.27435358706877e-08,-7.13361818657754e-16,4.77410544018371e-16,1.9757869035972e-17,2.96153813873955e-16,-2.07741961116061e-15,1.59723603944762e-16,-3.28750962800471e-15,-3.65940344263041e-15,-7.7860080766426e-18,9.14413053470733e-16,1.56967146738804e-16,-1.31324492866389e-05,9.32946020456824e-16,-2.55148162747633e-16,-1.6759478323302e-15,-1.0781318939762e-15,-2.48418307505839e-15,-1.82055791780777e-14
"t82",0.0940017370656364,0.00247683943118528,-0.0678841570750322,0.0012395114353894,0.0571252132784056,-0.30767366038701,-0.0331670116670489,-0.0115898030975474,-0.0293074071441709,-0.000225390397969357,-0.000199662691323281,-0.000401714281466966,-0.0145637355556421,-0.00539006193884251,-0.00248158708773947,0.00114715123387029,-1.33915830510692e-05,0.0260805141900649,0.000664768074074062,-0.000183364859945489,-0.000511514207461369,0.0283011753113806,-0.0224191541564621,0.39278269264218,0.010544347997861,-0.00174738068933369,0.000639792628215899,3.95876920421603e-06,-0.000387505988430114,-0.00347710209828831,-0.000116210291942586,-0.000570661844772271,-1.67662046050149e-06,1.01110587692831e-05,-8.71559711346012e-18,2.23947274769821e-06,-2.92835215252482e-05,-9.00711108253208e-06,1.22989383486827e-06,3.20955826343871e-05,-4.14206859369931e-16,1.30672039605266e-15,0.0212882158938759,-0.00974367074939549,0.192677774337824,-7.26488744948223e-16,5.77790017409412e-05,4.28850258540669e-06,4.36589463492586e-16,1.0458083703955e-14,2.61793122355581e-15,0.000355538008657992,0.243038938415549,-0.000229587238763117,-5.8272540442947e-15,-7.28252524292111e-15,-8.19483370051444e-15,7.92039835820929e-08,-5.21097615574498e-06,-3.34196522433168e-05,9.07170631946187e-06,-4.81038233351289e-07,3.7284738478912e-17,3.74385470673611e-16,2.46319446840262e-09,9.46852166265935e-14,0.350924852018828,1.2013792999999e-14,-2.09602701955446e-07,2.81137466365226e-15,-6.70088165446043e-16,-2.96298347666743e-09,-2.94651621098417e-16,-5.25456560298627e-15,-3.33271840071163e-07,3.46608394003131e-05,-1.92792340040249e-05,2.16761352731894e-15,4.97942659310659e-17,3.1826850730201e-05,2.95098561153372e-08,3.46975892317664e-15,-6.57342098028761e-16,2.89288117446018e-15,1.16840274738102e-15,-3.65671600544797e-15,1.09475994794183e-15,-3.68839458319504e-15,-1.2527009798858e-14,0.707106781186548,1.97287419721962e-14,4.71341051434034e-15,-7.00078574512569e-06,4.03101006180965e-15,-8.41212555174746e-17,-2.26697894070683e-15,-6.12582147293675e-16,-1.7227871290258e-15,-1.71927505592966e-14
"t83",0.0940017370656364,0.00247683943118528,-0.0678841570750322,0.00123951143538945,0.0571252132784056,-0.30767366038701,-0.0331670116670488,-0.0115898030975474,-0.0293074071441708,-0.000225390397969281,-0.000199662691323145,-0.000401714281466976,-0.0145637355556422,-0.00539006193884273,-0.0024815870877394,0.00114715123387022,-1.33915830510631e-05,0.026080514190065,0.000664768074074188,-0.0001833648599452,-0.000511514207461164,0.0283011753113808,-0.0224191541564622,0.39278269264218,0.0105443479978611,-0.0017473806893336,0.000639792628215748,3.95876920471216e-06,-0.000387505988430052,-0.00347710209828795,-0.000116210291942758,-0.00057066184477222,-1.67662046011551e-06,1.01110587689566e-05,-9.19732590987485e-17,2.23947274801371e-06,-2.92835215254411e-05,-9.0071110825329e-06,1.22989383544175e-06,3.20955826340272e-05,-4.96039037692753e-16,1.32753707732975e-15,0.0212882158938763,-0.00974367074939551,0.192677774337823,-6.71909404216041e-16,5.77790017410778e-05,4.28850258645912e-06,6.54626719173092e-16,9.61847754158228e-15,2.70119833383115e-15,0.000355538008657538,0.243038938415549,-0.000229587238763075,-5.56357607594745e-15,-8.038864678447e-15,-8.42381719934338e-15,7.92039846756262e-08,-5.21097615500566e-06,-3.34196522432193e-05,9.0717063195562e-06,-4.81038232914137e-07,9.91386894045986e-16,1.37440907548946e-15,2.46319811818429e-09,9.54908519457684e-14,0.350924852018828,1.08723472230635e-14,-2.09602701638934e-07,1.08705920871951e-15,-1.88743411539692e-16,-2.96298338321004e-09,-6.56478128199206e-16,-2.80513605490702e-15,-3.33271838974601e-07,3.46608394002248e-05,-1.92792340062767e-05,3.93009257891135e-15,1.2141443872867e-15,3.18268507261788e-05,2.95098588611721e-08,-3.17793689788959e-15,1.87876905705693e-15,-2.23060650650717e-15,-2.06339998973887e-15,3.62218369977773e-15,-6.92624794172172e-16,7.11546322518848e-15,1.60612330852397e-14,-0.707106781186547,-2.01518602156713e-14,-3.55806079735425e-15,-7.00078574332122e-06,-2.06125974571054e-15,9.92451978340015e-17,-1.90253768957718e-15,-1.81367276984876e-16,-3.35441976003825e-15,-1.80941881225702e-14
"t31",0.0934119441648719,0.00244247940673704,-0.0655481047918943,0.00118893556161817,0.0542298147432153,-0.288031405160741,-0.0307395255936208,-0.0106707378971367,-0.0264499458919311,-0.000203149979840231,-0.000173213582374095,-0.00034256049355865,-0.0122846282411995,-0.00438085816208416,-0.0019413171091258,0.000865694033033508,-1.00067521280618e-05,0.0183435708097242,0.000452973370719935,-0.000113221104373768,-0.000314044094237471,0.0168485715888122,-0.0130471487286959,0.214817847880881,0.00562155029429008,-0.000901493502771939,0.000311209382637036,1.86058459595434e-06,-0.000178419797786699,-0.00151368751297406,-4.68010137075067e-05,-0.00021920312417753,-6.28351518217225e-07,3.76062320303402e-06,-1.57391319660306e-16,5.57828453664599e-07,-1.19432241239323e-06,3.58548349222599e-08,-2.14661613615451e-07,-9.68704749025866e-06,1.6074188779735e-16,2.92992629865886e-19,-0.0110066424502652,0.00571474747411478,-0.117557668467513,1.41375724824024e-15,-8.11197522796543e-05,-8.38568075951498e-06,-1.80284736913641e-15,-3.84791137231532e-14,-1.01361949934476e-14,-0.001313400439752,-0.903010572426766,0.00141368908604078,5.81553707980965e-15,1.27402390998202e-14,1.13381526389844e-14,2.33714541574397e-06,-0.000143058364048259,-0.000440360860148978,5.12289344125196e-05,-2.03749294127637e-06,7.47862431697598e-16,-8.09473517655296e-16,2.80780069839158e-09,3.09506345384128e-14,0.112942046305938,3.47105501349616e-15,7.66691651957216e-07,2.23264252888931e-15,-1.86659383457816e-16,-3.64185311898388e-08,-1.51282679925066e-16,-2.96492929227185e-15,-1.91023132848863e-06,0.000197539383373218,-8.85710516362239e-05,3.41923876170937e-16,9.72463095048315e-16,0.00012740766210329,1.08355058626382e-07,2.36754115735604e-16,4.89382662522999e-16,4.70390757113527e-17,-2.49245890810322e-16,-1.49891670787568e-15,-1.62254362782783e-16,-3.74789509404142e-16,-8.65480692129278e-16,-1.25364526474015e-16,-2.45930938565477e-16,4.54896236100853e-16,-1.98014054581643e-05,1.11130890867732e-15,2.02791552453313e-16,-1.96463939165194e-15,1.05480262177364e-16,-1.30790309758506e-15,-1.77662584121657e-14
"t18",0.0928230683163639,0.00240808528866704,-0.0631934478176398,0.00113784586268376,0.0512950999038711,-0.268032086274536,-0.0282598975291194,-0.00972993445951469,-0.023506199711592,-0.000180228499788112,-0.000145625120845374,-0.000280528988148052,-0.00988662465783057,-0.00330696482645141,-0.00135984023439109,0.000559576686628084,-6.31489664129408e-06,0.00975957790427607,0.000215939364196049,-3.2653039605356e-05,-8.68969244439098e-05,0.00357214489535092,-0.00212136834592882,0.00422059111624502,-0.00023878303791315,0.000113101165651703,-8.80943026336381e-05,-7.08092268139615e-07,7.86625118350897e-05,0.00092834017972756,4.08497773511501e-05,0.000228550543497306,7.13105968819065e-07,-4.3770331592676e-06,-1.91616188820594e-16,-1.73336132049909e-06,4.17887024445912e-05,1.42558853922841e-05,-2.75700885304624e-06,-9.05271573334644e-05,1.80986461718822e-15,-5.51648264666989e-15,-0.0863500821957419,0.0443798060052377,-0.913102662021887,4.3939644609365e-15,-0.00285997869904637,5.67582189017214e-05,6.62173245366385e-17,6.45387110359287e-15,2.82286123980689e-15,0.000367779050619936,0.239944256357589,0.000652757414610185,-4.35622617488518e-15,3.08485883804556e-15,2.56739074444567e-15,2.48291506126429e-06,-0.000152575749993657,-0.000494481153562486,6.18712225963115e-05,-2.50105179866824e-06,-6.25894453245502e-16,1.40667049505821e-16,2.9988702786548e-09,5.92282489736514e-15,0.0214012652902969,6.28648251228718e-16,1.21116436650033e-06,-5.63524608182413e-16,1.52738576543498e-16,-5.38593829527836e-08,4.44772637363925e-16,1.9825757536108e-15,-2.79919708216128e-06,0.000289444643688729,-0.000129335731718866,1.82946393757421e-16,4.58467007769378e-16,0.000185533455735087,1.57444475008847e-07,-6.15864319671333e-17,5.39521329038e-16,2.22123757881936e-16,-1.11741738824135e-16,-4.77210469301804e-16,2.03908877456048e-16,1.56429985450985e-16,-3.60865446044859e-16,8.38913801712651e-16,-3.53162856686693e-16,3.64847647653081e-16,-2.84607405528014e-05,8.63474515399568e-16,-7.68189036421287e-17,-1.87331946391677e-15,-6.75579532384424e-17,-2.57997066930832e-15,-1.72428891047758e-14
"t95",0.0932516143803664,0.00243278628904419,-0.0648208269949086,0.00117270630499052,0.0532565435422313,-0.281011456540768,-0.0298336346910133,-0.0103179730760759,-0.0252577889950236,-0.000193821146783541,-0.000160273363524104,-0.000311602596389514,-0.0110404435030981,-0.003746110327519,-0.0015491595036003,0.000632148577716277,-7.09326680462864e-06,0.00999037296312738,0.000194906354873386,1.40896900528492e-05,5.32997838267983e-05,-0.00758567756035687,0.00919177066068919,-0.368342597055737,-0.0131462786238001,0.00311194927732819,-0.0022674652088604,-2.32779324855804e-05,0.00338638926127608,-0.493832595186959,-0.000910744570929223,-0.00310971324851457,-8.02501316230202e-06,4.67375290672901e-05,-4.28064573803206e-16,4.98723101610915e-06,-4.25742732782072e-05,-1.23064270288548e-05,1.36112199527725e-06,3.04754171407764e-05,3.9468484692162e-18,7.25216798500006e-16,0.0149180082647313,-0.00602095662551195,0.113477095347308,-7.13388970245847e-16,-0.000220818699808698,7.36162387539408e-06,2.16389568543108e-16,1.59827812038969e-15,1.24560348955746e-16,3.14261465574076e-05,0.0189758111584936,0.000214853415839976,-9.26479878416325e-16,-2.7254315626737e-15,-2.92821322744885e-15,8.77017857182994e-07,-5.39978861680127e-05,-0.000180256722169202,2.40509429646075e-05,-9.98814181496005e-07,5.91416344774873e-16,-1.68541292557017e-16,1.27200434845334e-09,1.28866759977018e-15,0.00485334930547675,-1.80557963685609e-16,5.58363668317697e-07,6.43204053669195e-16,2.39954553048957e-18,-2.61069500922438e-08,1.34182914370589e-19,3.35888069449399e-16,-1.41207614131026e-06,0.00014609000438626,-6.68977755133203e-05,-2.28740378622973e-15,2.36586505630284e-15,9.80172421290117e-05,8.4518480202969e-08,-1.49961042409236e-16,7.17432698577337e-16,1.30506622190713e-15,-2.57752716975392e-16,-1.16507842794104e-16,8.72953372774666e-16,-3.9501071269661e-15,1.12988977875279e-16,-1.0070256718078e-16,2.93209158781795e-16,2.03568571733568e-15,-1.62836543321188e-05,1.47007947877199e-15,-3.22983710580506e-15,-3.5681802498145e-15,-0.707106781186548,-1.14536286512856e-14,-1.86328372287426e-14
"t96",0.0932516143803664,0.00243278628904418,-0.0648208269949086,0.00117270630499053,0.0532565435422312,-0.281011456540768,-0.0298336346910133,-0.0103179730760759,-0.0252577889950236,-0.000193821146783516,-0.000160273363524208,-0.000311602596389623,-0.011040443503098,-0.00374611032751893,-0.00154915950360035,0.000632148577716354,-7.09326680496973e-06,0.00999037296312716,0.000194906354873285,1.40896900527815e-05,5.3299783826944e-05,-0.00758567756035693,0.00919177066068931,-0.368342597055737,-0.0131462786238001,0.00311194927732823,-0.00226746520886041,-2.32779324855596e-05,0.00338638926127619,-0.493832595186958,-0.000910744570929221,-0.00310971324851458,-8.02501316196289e-06,4.67375290670921e-05,-6.54800900960881e-16,4.98723101678244e-06,-4.25742732777472e-05,-1.2306427028977e-05,1.36112199552608e-06,3.04754171415237e-05,-2.05658189284356e-17,3.47968468236493e-17,0.0149180082647313,-0.006020956625512,0.113477095347308,-7.37680099731534e-16,-0.000220818699807967,7.36162387424754e-06,4.66569859714897e-17,1.20276116786696e-15,2.51188861620785e-16,3.14261465571889e-05,0.0189758111584942,0.000214853415840007,1.69865358401733e-16,-3.16952077252376e-15,-2.66453525910038e-15,8.77017857182626e-07,-5.39978861678559e-05,-0.000180256722168052,2.405094296462e-05,-9.98814182012239e-07,-3.57996559501551e-16,9.58727690300931e-17,1.27200406680318e-09,1.62878235153918e-15,0.00485334930547583,5.13471748037135e-16,5.58363668704095e-07,3.48293778218683e-16,2.3406566877058e-16,-2.61069487734864e-08,-6.51501596865079e-17,-1.10566257459671e-17,-1.41207613831467e-06,0.000146090004387141,-6.68977755126232e-05,2.67303799332588e-15,-8.69011785684442e-16,9.80172421266628e-05,8.45184803063838e-08,3.95685909214671e-16,2.4862078731689e-16,-1.17155665236925e-15,-5.77390649115725e-16,-2.14266486235146e-15,-5.25909740469233e-16,3.84227072712174e-15,-1.12213413702012e-15,3.39662906850416e-16,1.94617170972835e-16,-9.69967055949784e-16,-1.62836543313263e-05,6.40226419545724e-16,3.3098592305258e-15,-3.57243501327011e-16,0.707106781186547,6.59991769629842e-15,-1.69890010267512e-14
"t19",0.0670348099240974,0.000690387615411535,0.189462861941602,-0.0131455507117204,-0.164104083553356,-0.0144139290313889,-0.0569867325707265,0.00655887833149435,-0.00280384981234346,0.000263618650834802,7.62559513074288e-05,0.000609316948838503,0.0289971102364166,0.00777652720519651,0.43000179144158,0.00212232739782314,-0.000271566760015714,0.00320416857356456,-0.42197190077104,-0.000952783061275482,-0.00238266918093839,0.0250288770727415,-0.0166955673841134,0.00226994056731695,-0.0379915715792914,0.229642376640418,0.00439996700239021,7.40750985452794e-05,-8.79781297924883e-05,1.18356628129401e-05,-4.28285550554124e-05,-0.000802180555703597,-3.61327067055386e-05,0.000182954544945917,-2.241392129572e-16,1.85843224604518e-05,-0.000159872563831997,-4.53379812790628e-05,4.41096804501591e-06,8.23092965120001e-05,4.2349116214831e-16,1.21633701111697e-15,0.000623555348509483,-0.000377512757192252,0.000516972760677099,1.33098772078866e-15,-8.01799963457303e-05,6.08315008501872e-05,-0.707106781186548,3.67134501049977e-16,-3.99752240859366e-16,2.69638895588838e-05,0.000139749196039321,5.57645407979462e-05,3.80620836303771e-15,-6.51775788391024e-15,-6.80011602582908e-15,5.63447687738402e-06,-1.25061583210062e-05,-0.000177663822596157,0.0022986403146106,-6.02010178125513e-06,2.78038343372069e-16,1.44808722315249e-16,7.30808014610172e-09,1.47579828284039e-17,4.76419565663036e-05,3.49741894882788e-16,3.25038886537731e-06,-6.27478796548135e-16,4.76517812322272e-16,-1.47926256668522e-07,3.93898933337692e-16,-8.15562883007113e-16,-7.79723476616164e-06,3.24377301099422e-05,-0.000144108721048917,-6.7504393853411e-16,6.88320522780697e-16,8.92999127679174e-05,4.59919285259862e-07,3.16361004624788e-16,6.91305062408598e-16,6.04029173973276e-16,-7.38322461467335e-16,-1.55721331051031e-15,3.0841724564208e-16,6.59901114163955e-17,-2.98796373775022e-16,1.11753545615077e-16,1.13702712275755e-16,6.51534759883925e-16,-3.6407862386065e-06,9.0101235279057e-16,9.28984369624386e-17,-2.42330892277872e-15,-5.73240781377626e-16,-2.46430235210037e-15,-1.7748490033256e-14
"t20",0.0670348099240974,0.000690387615411514,0.189462861941602,-0.0131455507117203,-0.164104083553356,-0.0144139290313889,-0.0569867325707264,0.00655887833149436,-0.00280384981234353,0.000263618650834699,7.62559513073851e-05,0.00060931694883859,0.0289971102364167,0.00777652720519626,0.43000179144158,0.00212232739782324,-0.000271566760015732,0.00320416857356445,-0.42197190077104,-0.000952783061275571,-0.00238266918093752,0.0250288770727412,-0.0166955673841132,0.002269940567317,-0.0379915715792909,0.229642376640417,0.00439996700239038,7.40750985448995e-05,-8.7978129792461e-05,1.1835662812971e-05,-4.28285550547586e-05,-0.000802180555703599,-3.613270670653e-05,0.000182954544945956,3.9538916289766e-17,1.85843224620935e-05,-0.000159872563831044,-4.53379812797241e-05,4.41096804425631e-06,8.23092965151853e-05,-4.65489874939357e-16,-1.21921475642485e-15,0.000623555348508358,-0.000377512757192049,0.000516972760676579,-1.5277976255235e-15,-8.01799963468269e-05,6.08315008596425e-05,0.707106781186548,-1.324658600312e-16,4.88426519869496e-16,2.69638895530396e-05,0.000139749196036584,5.57645407970481e-05,-4.6731199875423e-15,2.09340945083862e-15,6.53643805748061e-15,5.63447687797702e-06,-1.25061583240581e-05,-0.000177663822598356,0.00229864031461277,-6.02010178196943e-06,-4.8090530692796e-17,-2.51549867804854e-16,7.3080803104574e-09,2.64607133036828e-16,4.76419565663183e-05,-2.88637168694685e-16,3.25038886483251e-06,1.45418907183164e-15,5.96639793051286e-17,-1.47926257116575e-07,-2.17982120473944e-16,-8.2944067081491e-16,-7.79723476658614e-06,3.24377301103663e-05,-0.000144108721050015,1.16723239295327e-15,5.42307067955439e-16,8.92999127686861e-05,4.59919285939033e-07,-2.68355293872501e-16,6.2383141042686e-16,-2.84148467715102e-16,1.91490209123689e-16,2.48544999198954e-17,-4.08289091182175e-17,-3.39882762284968e-18,2.73316397076775e-17,3.09808145108836e-16,-7.23251572674062e-17,2.90718762991775e-16,-3.64078623854728e-06,1.19494655458305e-15,-1.60738843936538e-16,-1.80843626604358e-15,-4.02150848513264e-16,-2.32702605288918e-15,-1.77730654941586e-14
"t50",0.0679200315183815,0.000711785147211146,0.206972417177305,-0.0146838851574488,-0.190784846735282,-0.0179271767602921,-0.0754432445100283,0.00913098808570194,-0.00490952872420515,0.000471623290216964,-0.000455676610790079,-0.000409383910764391,-0.00482503488578746,0.00316591861699783,0.276407713856585,0.00178612381626049,-0.000247331505819808,0.0098922253375463,0.557263480911103,-0.00026119289344772,-0.000689146155665371,0.00882215756680363,-0.00644243261328217,0.00101445379698688,-0.0176390891766039,0.110831350602753,0.00223380486606767,3.84523842118945e-05,-4.61960972048618e-05,6.37865132687927e-06,-2.37162265254298e-05,-0.000449991390756878,-2.0389789409091e-05,0.000103421407802573,2.07429321965787e-16,1.10924263115717e-05,-9.99665873432008e-05,-2.85336267249464e-05,2.8285566802824e-06,5.33065417026046e-05,4.91969492199391e-17,4.28803127732209e-16,0.000408754020929995,-0.000248224391435164,0.000340251026062715,-2.68097919236964e-16,-5.38298995753033e-05,4.1117839492408e-05,-1.91628617925693e-16,3.17743700382374e-16,9.68958523271865e-17,1.84106336344828e-05,9.54261650633792e-05,3.82813729414391e-05,-7.72230135886106e-16,-2.67600466455023e-15,-4.1286418728248e-15,3.9121116752087e-06,-8.68467746693643e-06,-0.000123717443925826,0.00370059448573737,-4.18744034445088e-06,2.20551203025067e-16,-7.34338977890235e-16,5.13573367209641e-09,2.0824630286122e-16,3.35318097505387e-05,-4.22840738351294e-16,2.2959849329704e-06,8.32941669189146e-15,-0.707106781186547,-1.05091124317883e-07,1.76098427858366e-14,-8.1117920091868e-15,-5.56447111681171e-06,2.31505113503256e-05,-0.000103149406780137,1.7144983780798e-15,1.04449722310885e-15,6.40865752203509e-05,3.30743000370232e-07,-7.44003529346243e-16,-2.63996649617107e-16,8.05396340877654e-16,-7.04817077270188e-17,1.20455780103974e-15,-2.12517151807194e-16,3.61962144956394e-17,-3.07246769045353e-16,-4.01588549770823e-17,3.33561586257858e-18,2.1146986258002e-16,-2.64168781521901e-06,7.75790941642622e-16,-3.02137325866353e-16,-2.60386479842421e-15,-3.00090047914236e-16,-2.31789285789603e-15,-1.79146288834024e-14
"t51",0.0679200315183816,0.000711785147211125,0.206972417177305,-0.0146838851574488,-0.190784846735282,-0.0179271767602921,-0.0754432445100282,0.00913098808570192,-0.00490952872420512,0.000471623290216947,-0.000455676610789972,-0.00040938391076452,-0.0048250348857876,0.00316591861699778,0.276407713856585,0.00178612381626061,-0.000247331505820095,0.00989222533754663,0.557263480911104,-0.000261192893447889,-0.00068914615566595,0.00882215756680356,-0.00644243261328209,0.00101445379698674,-0.0176390891766037,0.110831350602753,0.00223380486606766,3.84523842127133e-05,-4.61960972047237e-05,6.37865132682416e-06,-2.37162265255999e-05,-0.000449991390756794,-2.03897894089592e-05,0.000103421407802485,-2.84894506703514e-17,1.10924263124114e-05,-9.99665873431656e-05,-2.85336267247409e-05,2.82855667981105e-06,5.33065417026388e-05,2.1231024936225e-17,-5.5651980322816e-16,0.000408754020929344,-0.000248224391434914,0.000340251026062772,3.00983175645123e-17,-5.38298995748217e-05,4.11178394929875e-05,2.3887564813607e-16,4.0101042722915e-16,2.28734641852415e-16,1.84106336349418e-05,9.54261650631293e-05,3.82813729416277e-05,4.65593447780136e-17,-1.04536459713203e-15,8.60422844084496e-16,3.91211166886563e-06,-8.68467746586374e-06,-0.000123717443927506,0.00370059448573688,-4.18744034559073e-06,-9.86340138170923e-17,7.32376960446611e-16,5.13574282647514e-09,-1.24365039121284e-16,3.35318097533116e-05,5.00045643249647e-16,2.29598493170961e-06,-8.54597188920944e-15,0.707106781186547,-1.05089959669198e-07,-1.75614201934827e-14,7.02887448913877e-15,-5.56447110392215e-06,2.31505113540974e-05,-0.000103149406781181,-2.11230160992526e-15,1.24319469631189e-16,6.40865752249146e-05,3.30743005550431e-07,6.56121718580427e-16,1.4291596496025e-15,-4.57472101458251e-16,-5.90895550884448e-16,-2.57020048235306e-15,3.77382527010869e-16,1.68035198669984e-16,-8.97052750876922e-16,6.23353689789798e-16,-5.69052434705271e-17,7.66692701162943e-16,-2.64168781559548e-06,1.10310521104575e-15,2.07300622216337e-16,-1.2977165544324e-15,-5.29040774664353e-16,-2.09056592022804e-15,-1.75977227903076e-14
"t93",0.0694517934563926,0.000749084564004764,0.238179021323378,-0.0174467052101638,-0.239314623670535,-0.0244376656353322,-0.110149902670145,0.0140176989230881,-0.00905058633757465,0.000881694321258702,-0.00159894317628075,-0.00271262501263113,-0.0842073239894625,-0.00970358680877821,-0.317343573865358,-0.00110327682982417,0.00013114411706628,-0.00206167582540498,-0.0639633563188735,-1.37684521062148e-05,-4.0786453163924e-05,0.000797531899577024,-0.000709109428743425,0.000155472292395589,-0.0029560934561444,0.0203741149755554,0.000464792531548184,8.45800994181065e-06,-1.04598167469527e-05,1.5436131134336e-06,-6.15868146188625e-06,-0.000120913868143612,-5.56598517056917e-06,2.83630127517423e-05,9.91898875125311e-18,3.52952010710902e-06,-3.642865919769e-05,-1.06076164778465e-05,1.11689629107057e-06,2.17783101395816e-05,-2.85698352713336e-16,-4.33589155495682e-17,0.000174671630621382,-0.000107368365794066,0.000147752177744905,1.91462755601703e-16,-2.57005287026676e-05,2.05002170217127e-05,-4.44772252201858e-16,2.9759240232733e-15,-1.88182492339864e-16,1.00384078892281e-05,5.2074545841342e-05,2.24562059247955e-05,-4.14530334725033e-15,1.50238019254494e-14,1.29965482820182e-14,3.24592311155807e-06,-7.27379923606956e-06,-0.000125218760263142,0.495416351961888,3.40272983962903e-06,2.38905650364751e-15,1.05295056246408e-15,7.76994071916525e-10,2.1321768728143e-17,6.60907706091254e-06,-7.77968710501013e-17,6.2077112473688e-07,7.37700490127451e-16,9.53541933760282e-16,-3.53922823890528e-08,-1.21285471328679e-16,-2.75732275341158e-15,-2.05619339426278e-06,8.56334149240753e-06,-3.98262461605743e-05,2.96509934213445e-15,2.44586252455535e-16,2.55423408282451e-05,1.34697172070951e-07,-2.61880849394979e-16,-2.38331738942022e-15,-1.1835391384381e-16,-3.76238763496852e-17,2.07533396521313e-15,2.79020488820591e-16,-2.2088017077262e-15,-3.11239543735056e-15,4.99517403375006e-17,1.96577572320672e-15,9.48605859195318e-16,-1.15667841922314e-06,5.26956556782396e-15,2.16895329306798e-14,-0.70710678118655,1.60148847387073e-15,-4.40301692666828e-15,-1.79268198285851e-14
"t94",0.0694517934563926,0.000749084564004743,0.238179021323378,-0.0174467052101637,-0.239314623670535,-0.0244376656353322,-0.110149902670145,0.014017698923088,-0.00905058633757456,0.000881694321258757,-0.0015989431762808,-0.00271262501263112,-0.0842073239894625,-0.00970358680877838,-0.317343573865358,-0.00110327682982418,0.000131144117066613,-0.002061675825405,-0.0639633563188737,-1.3768452106586e-05,-4.07864531631261e-05,0.000797531899576967,-0.00070910942874344,0.000155472292395417,-0.00295609345614422,0.0203741149755554,0.000464792531547883,8.45800994189391e-06,-1.04598167468867e-05,1.54361311364672e-06,-6.1586814620988e-06,-0.000120913868143567,-5.56598517043039e-06,2.83630127517352e-05,3.0572976075123e-17,3.52952010668835e-06,-3.6428659197644e-05,-1.06076164780713e-05,1.11689629121008e-06,2.1778310139195e-05,-1.41223003854694e-16,6.76633682041999e-17,0.000174671630621557,-0.000107368365794099,0.000147752177745047,1.61547952602042e-16,-2.57005287024433e-05,2.05002170220687e-05,-1.01029739242353e-15,3.50327995997039e-15,-1.46532917509545e-16,1.00384078892004e-05,5.20745458413392e-05,2.24562059247328e-05,-6.43513833554363e-15,1.33168340250882e-14,1.11022302462516e-14,3.24592311222904e-06,-7.27379923639846e-06,-0.000125218760262876,0.495416351961889,3.4027298396157e-06,2.57605630550672e-15,8.36692697397388e-16,7.7699451416346e-10,3.79154295654343e-16,6.60907706138949e-06,5.70097123807705e-18,6.20771125208322e-07,-1.15142896827494e-15,-3.1585374609846e-16,-3.53922814852453e-08,-9.47978360550425e-17,1.7390804963203e-15,-2.05619339253811e-06,8.56334149209385e-06,-3.98262461630932e-05,-3.72508625645259e-16,5.99360144733489e-16,2.55423408278405e-05,1.34697173546541e-07,-8.64695773257122e-16,5.01137909678766e-15,7.31508822556117e-16,1.04399912233284e-15,-2.28229140550267e-15,4.83945295398594e-16,3.93211939723158e-15,1.55054126607478e-15,4.30969260108609e-16,-1.99987813380394e-15,-4.47669438502166e-17,-1.15667841862366e-06,-3.61300243986888e-15,-2.11915366103548e-14,0.707106781186546,-2.53970194264394e-15,-2.54995193487233e-16,-1.75809366053418e-14
"t68",0.0693846462747275,0.000747484234733212,0.236918824855653,-0.0173373078633831,-0.237452071668902,-0.0241983552796068,-0.108914217169111,0.0138474024513338,-0.00891559852826996,0.000868386753702399,-0.00156663528967187,-0.00265177228495029,-0.0822013294135396,-0.00942773674463987,-0.306881238894641,-0.00106238388121406,0.000126139809583968,-0.00196970004897627,-0.0609047759909628,-1.29825540323121e-05,-3.84377574524503e-05,0.000749474027827216,-0.000665023345487462,0.000145030442282307,-0.00275178545700418,0.0189164236440547,0.000429612409710461,7.79839029199821e-06,-9.6301382908885e-06,1.41579038402206e-06,-5.62097823494924e-06,-0.000110048288004925,-5.05869372714133e-06,2.5766957920028e-05,1.1791835848431e-16,3.14805108679909e-06,-3.15080178409144e-05,-9.11510527822985e-06,9.36441808337669e-07,1.79331659922132e-05,2.30747358933891e-16,3.57308547490772e-16,0.000139597952765059,-8.50000446787687e-05,0.000116596862021527,-3.02912901875196e-16,-1.83212271865638e-05,1.37098662770173e-05,8.18192960438647e-16,-3.04601307062978e-15,3.04508505047457e-16,5.66727417320885e-06,2.9345753378221e-05,1.06182543740571e-05,3.93009498348932e-15,-1.67596677876912e-14,-1.18377530000657e-14,2.04155926228041e-07,-3.86195114764424e-07,1.60507512096901e-05,-0.504517729591502,-7.35670316677936e-06,-2.65622452000244e-15,-1.12130335543839e-15,4.02437916701103e-09,1.11517333245532e-16,2.4810957270288e-05,-9.16601395199511e-17,1.54495516466362e-06,3.14898084615488e-16,8.04625976998605e-16,-6.49772106961019e-08,-7.94642898779472e-16,-3.30471036622961e-16,-3.31483996567504e-06,1.37856778701348e-05,-6.04513097233102e-05,2.36928127754572e-15,2.00741580740161e-15,3.71581655310631e-05,1.90523716533961e-07,2.07814336881133e-14,-0.707106781186548,1.58129050920069e-13,3.36169797369653e-14,-5.40004820060903e-14,-3.1685063954274e-15,6.52344317801039e-15,-3.62549038344722e-15,-1.11179306724797e-15,-4.03750159464322e-16,1.4244523654319e-15,-1.49880959114413e-06,1.4098266107386e-15,4.75310940397973e-16,2.0063907209687e-15,-7.22410122979944e-16,-2.19176369673099e-15,-1.77228257760689e-14
"t69",0.0693846462747275,0.000747484234733191,0.236918824855653,-0.0173373078633831,-0.237452071668902,-0.0241983552796068,-0.108914217169112,0.0138474024513338,-0.00891559852827,0.000868386753702488,-0.00156663528967184,-0.00265177228495033,-0.0822013294135395,-0.00942773674464001,-0.306881238894641,-0.00106238388121412,0.000126139809583829,-0.00196970004897609,-0.0609047759909627,-1.29825540322883e-05,-3.84377574527035e-05,0.000749474027827201,-0.00066502334548757,0.000145030442282206,-0.00275178545700413,0.0189164236440546,0.000429612409710563,7.79839029237464e-06,-9.63013829082305e-06,1.41579038393953e-06,-5.62097823503254e-06,-0.000110048288004909,-5.05869372778621e-06,2.57669579197252e-05,3.9618527612225e-18,3.14805108694903e-06,-3.15080178412832e-05,-9.11510527817256e-06,9.36441808880299e-07,1.79331659920106e-05,1.04259935729613e-16,4.99555877245275e-16,0.000139597952764616,-8.50000446785513e-05,0.00011659686202156,-3.06054002363895e-16,-1.83212271866303e-05,1.37098662752894e-05,8.26187189249539e-16,-4.71134760756754e-15,4.50224665500097e-16,5.66727417272664e-06,2.93457533781157e-05,1.06182543740168e-05,5.38726270331012e-15,-1.85429635209953e-14,-1.1671219546372e-14,2.04155924307573e-07,-3.86195114269664e-07,1.60507512087883e-05,-0.504517729591503,-7.35670316916887e-06,-2.66665931694645e-15,-8.89292346957225e-16,4.02438308233735e-09,-2.08806644897733e-16,2.48109572701104e-05,8.87503004755693e-17,1.54495516639944e-06,9.04707065038274e-16,-8.64176407207332e-16,-6.4977211886289e-08,6.73724294343236e-16,-3.44348824430769e-16,-3.31483996570861e-06,1.37856778708442e-05,-6.04513097221119e-05,-5.62779394670719e-15,-3.41198475961368e-16,3.71581655306038e-05,1.90523726910649e-07,-1.99164298681558e-14,0.707106781186547,-1.58312362136037e-13,-3.54526897377613e-14,5.1304171879206e-14,2.90599648991169e-15,-8.39517871539014e-15,3.91708729009993e-15,1.43095548693777e-15,6.56147007366275e-16,-3.51383353034053e-16,-1.49880958919004e-06,8.86175125332857e-16,-9.30280151473035e-16,-5.41735906014156e-15,-2.49652902121442e-16,-2.51485483316799e-15,-1.77320063321573e-14
"t2",0.0660701063705357,0.000667804277872802,0.172717096564587,-0.011724804883639,-0.140872087056485,-0.0116168924058292,-0.0433319303748391,0.0047547706327114,-0.00158611955558138,0.000145083903874394,0.000233065836496698,0.000760977568110526,0.030574080208767,0.00598053286923219,0.2517119448935,0.000884958649031467,-9.97488618977022e-05,-0.000591438184861569,-0.0821415567228256,0.000690398062208708,0.00185874215203373,-0.0277630109744968,0.0232314316492426,-0.00549953385793989,0.114468944417555,-0.920398152242613,-0.0310581961894193,-0.000784901629770409,0.00125639648534046,-0.000794990191882503,-0.00101411458246831,-0.0115676118105295,-0.000441942308988933,0.00214267481040954,5.26869717185492e-16,9.40821179017191e-05,-0.000549591021603434,-0.000149304489063946,1.29656157214093e-05,0.000229093297933431,2.58142869838246e-17,-2.68456315095627e-16,0.00163083207868383,-0.000972644965867632,0.00132573616729695,-1.19279474633733e-16,-0.000187771195682832,0.000138429736827695,-3.67780515126953e-16,-4.5073585176109e-17,-3.26451984368313e-17,5.89151504008969e-05,0.000305259483166123,0.000119354810488084,-2.79633068797356e-16,-1.71978247237773e-15,2.64371857738865e-15,1.15939755265228e-05,-2.57209021795352e-05,-0.000362621077267707,0.00327063076804204,-1.20186511536804e-05,1.91527752531669e-16,7.88072304571631e-17,1.42654084853025e-08,1.32140954665505e-16,9.25654504789449e-05,-1.58886916887125e-16,6.24458666747275e-06,1.8216623715985e-16,1.82567419272662e-16,-2.79077286858918e-07,-2.71809138172483e-17,1.22006681059705e-15,-1.450136812781e-05,6.03162612918954e-05,-0.000265528239526915,-5.30854773979297e-16,5.43401321455054e-16,0.000163206120009984,8.35255490487057e-07,-1.59840981368378e-17,5.47809780128185e-16,2.49326309315553e-16,-3.77936901832144e-17,-9.13232311462517e-16,1.51557566543317e-17,7.89597427484391e-16,-5.67111842117096e-16,1.68258691437345e-16,1.60849254525529e-16,4.62951046303451e-16,-6.43645861810555e-06,9.92945561673767e-16,-3.15433691196679e-17,-2.03709481956678e-15,-4.50614198562581e-16,-2.2458228276937e-15,-1.77143268794366e-14
"t8",-0.00728560490331947,-0.00322945679397404,0.0750281046569257,0.0156233667556657,-0.00955438936506758,0.0133628162062511,0.255909123985574,-0.630705342693746,-0.0138293204110497,-0.131126075655771,-0.0199066972976192,-0.0144425933202662,-0.0474262110962536,-0.00299865060411102,-0.012169844741496,0.000274969094658587,-0.000786495196790797,0.00163945660138735,0.00209061903716751,-0.00218040272699563,-0.00532587648922221,0.00469150903517037,-0.00298050219402671,0.00028263802113443,-0.00330987716412041,0.0044966338035853,-0.000886575399773215,-0.000500919606624797,6.55482519867524e-05,-5.67058399256752e-05,-9.36663958952474e-05,-0.00119980982783594,-0.000635036678778988,0.00308261070547046,4.31047494750467e-17,0.000177892644428149,-0.0012698177397846,-0.000353649362246231,3.28713156503264e-05,0.000600479766877136,-0.707106781186547,2.21339539351833e-14,0.000392182646394371,-0.00023688427083859,0.000324165171129297,-9.77583907825825e-16,-4.97103910231531e-05,0.000415120884344881,-7.20967115522925e-16,-4.98658382875592e-16,-1.21558367019312e-17,0.000180299250600382,8.58868754277115e-05,3.43271239500563e-05,-9.45094059568572e-16,-2.59096066773619e-15,-3.03359767861444e-16,3.71744932454656e-05,-7.68279904826098e-06,-0.000109077707826765,9.06679208278621e-05,-3.95469198848043e-05,-1.46467031447157e-17,-2.13533888985891e-16,4.75293804778313e-08,3.1510618676068e-16,2.93279049559613e-05,-8.18855804108719e-17,2.1026015385156e-05,-9.32451175041661e-17,1.5290052664501e-16,-9.51132310050644e-07,6.90087712242864e-17,-6.61252706419023e-16,-4.98774318924064e-05,1.9985370759564e-05,-8.88460172353972e-05,-3.72741090949534e-16,6.90181279747502e-16,5.50809052768663e-05,2.92097558800563e-06,-5.58190018345915e-17,5.48840634870277e-16,4.32475001658852e-17,-1.73087119741546e-16,-7.86021183606796e-16,9.81149625790956e-17,5.69594032422959e-17,-2.49529570670406e-16,2.48732385203862e-16,1.09207407755606e-16,5.58876367734501e-16,-2.2511626282365e-06,1.02772593826776e-15,1.21938588462798e-17,-1.91436610020472e-15,-4.38618112613897e-16,-2.32373666855415e-15,-1.77727768934761e-14
"t9",-0.00728560490331947,-0.00322945679397404,0.0750281046569257,0.0156233667556656,-0.00955438936506754,0.0133628162062511,0.255909123985574,-0.630705342693746,-0.0138293204110497,-0.131126075655771,-0.0199066972976192,-0.0144425933202662,-0.0474262110962535,-0.00299865060411085,-0.0121698447414961,0.000274969094658447,-0.000786495196791058,0.00163945660138681,0.00209061903716743,-0.00218040272699604,-0.00532587648922198,0.00469150903517029,-0.00298050219402666,0.000282638021134658,-0.00330987716412062,0.00449663380358534,-0.000886575399773363,-0.000500919606624476,6.55482519872845e-05,-5.67058399252125e-05,-9.36663958956608e-05,-0.00119980982783596,-0.000635036678779422,0.00308261070547103,1.43718709031757e-16,0.000177892644426886,-0.00126981773978937,-0.000353649362247515,3.28713156520342e-05,0.000600479766915119,0.707106781186548,-2.20806780205488e-14,0.00039218264639121,-0.000236884270838045,0.000324165171132439,7.43262194159741e-16,-4.97103910241737e-05,0.000415120884345163,7.01407163695714e-16,2.64619946554218e-16,2.61930469916443e-16,0.000180299250600054,8.58868754276694e-05,3.43271239500102e-05,8.79337703749079e-17,-2.0219713676158e-15,2.44379169678233e-16,3.71744932463104e-05,-7.68279904736379e-06,-0.000109077707827152,9.06679208284099e-05,-3.95469198844968e-05,-7.70778589941482e-18,8.00667496415755e-17,4.75293807744993e-08,-1.77556941502811e-16,2.932790495606e-05,1.41243235496103e-16,2.10260153854711e-05,3.9247745794199e-16,1.80046549195933e-16,-9.51132310146074e-07,-9.76723437416985e-17,4.88110835607566e-18,-4.98774318925783e-05,1.99853707594776e-05,-8.88460172354764e-05,1.58369676692539e-17,6.26003803617824e-16,5.50809052769433e-05,2.92097558788511e-06,-3.89498340523158e-17,5.91783154237269e-16,2.98251859551849e-16,-2.49414971389388e-16,-5.57037684771949e-16,9.38307821697333e-17,1.26348342281346e-16,-3.88307448748635e-16,1.63233705225547e-16,-4.00056135576302e-17,3.60250608950025e-16,-2.25116262817327e-06,9.86236615350594e-16,6.71194839529202e-17,-2.12887004219996e-15,-4.46929872942425e-16,-2.32179370181346e-15,-1.76209598999699e-14
