accepted_species,estimate
Asclepias_amplexicaulis,-1.2110260635633951
Asclepias_incarnata,-0.935539246657815
Asclepias_subulata,-1.5258723844667885
Asclepias_tuberosa,-1.0039786022269823
Asclepias_verticillata,-1.0745641084282327
Calotropis_gigantea,-1.0269551032155941
Hoya_australis,-0.30194921099178407
Mandevilla_benthamii,0.011115968557844774
Strophanthus_kombe,-0.0070153840247076105
Wrightia_tinctoria,0.0411521636090941
