"accepted_species","estimate"
"t5",0.589884211534244
"t9",0.601989981747749
"t22",-0.0860758794709705
"t91",-0.225551050384864
"t33",-0.791354218738166
"t27",0.207151927019753
"t40",0.0134037351169803
"t70",0.313919498474027
"t71",0.313919498474027
"t1",0.731107818569814
