"accepted_species","estimate"
"t5",0.568841087716592
"t9",0.660634146689157
"t22",-0.131496523131298
"t91",0.434125761636287
"t33",-1.0180967530295
"t27",0.610372171586004
"t40",0.0558591616436159
"t70",0.211493471506524
"t71",0.211493471506524
"t1",0.912163949806052
