accepted_species,estimate
t5,0.5545643
t9,0.72174466
t22,-0.43928817
t91,-0.36886427
t33,-0.8748668
t27,-0.53697485
t40,0.14586458
t70,0.82585907
t71,0.643367
t1,0.6369934
