accepted_species,0,1
sp225,0.24850266969201096,0.751497330307989
sp300,0.24677684807836286,0.7532231519216371
sp314,0.24748477405603542,0.7525152259439646
sp315,0.24679690881216554,0.7532030911878345
sp333,0.23946272659780032,0.7605372734021997
sp361,0.2395458084396349,0.7604541915603651
sp362,0.24246444633975717,0.7575355536602428
sp367,0.24851860553333993,0.7514813944666601
sp371,0.2395395211669583,0.7604604788330417
sp372,0.24752338509346383,0.7524766149065362
