accepted_species,0,1
sp225,0.2456673711692713,0.7543326288307287
sp300,0.2447758553201671,0.7552241446798329
sp314,0.24646552930604282,0.7535344706939572
sp315,0.2447763246049085,0.7552236753950915
sp333,0.24369296723376954,0.7563070327662305
sp361,0.24388792512748958,0.7561120748725104
sp362,0.24399265441622198,0.756007345583778
sp367,0.24576663459883508,0.7542333654011649
sp371,0.24066633225044254,0.7593336677495575
sp372,0.24611781881224803,0.753882181187752
