accepted_species,estimate
Asclepias_speciosa,-0.11492894794605948
Asclepias_tuberosa,-0.2288603720332222
Asperula_molluginoides,-0.1541353912615541
Calycophyllum_candidissimum,1.0403891578808373
Centaurium_tenuiflorum,0.3007605222577075
Cruciata_glabra,-0.14292979871093006
Galium_eriocarpum,-0.3288486305799118
Gentianella_germanica,-0.38750733465069337
Rubia_tinctorum,0.14882272755379275
Tabernaemontana_arborea,0.5437492222701897
