accepted_species,0,1
t93,0.9333333333333333,0.06666666666666667
t94,0.9333333333333333,0.06666666666666667
t84,0.9333333333333333,0.06666666666666667
t30,0.9333333333333333,0.06666666666666667
t31,0.9333333333333333,0.06666666666666667
t51,0.9333333333333333,0.06666666666666667
t52,0.9333333333333333,0.06666666666666667
t25,0.9333333333333333,0.06666666666666667
t13,0.9333333333333333,0.06666666666666667
t12,0.9333333333333333,0.06666666666666667
