accepted_species,0,1
t93,0.96719384,0.032806184
t94,0.96719384,0.032806184
t84,0.96719384,0.032806184
t30,0.96719384,0.032806184
t31,0.96719384,0.032806184
t51,0.96719384,0.032806184
t52,0.96719384,0.032806184
t25,0.96719384,0.032806184
t13,0.96719384,0.032806184
t12,0.96719384,0.032806184
