accepted_species,estimate
t74,0.2105573189805675
t58,0.21043797611340445
t92,0.21109352563640746
t46,0.20774860133395356
t87,0.20676678968373333
t88,0.20676678968373288
t52,0.2060714682016816
t28,0.20437202463608128
t62,0.18823480672579593
t63,0.18823480672579593
