"accepted_species","estimate"
"t74",0.0964119145702926
"t58",-0.0645235728950081
"t92",-0.25889580326894
"t46",0.202732795812892
"t87",0.0525691349612245
"t88",0.0525691349612245
"t52",0.0525691349612245
"t28",0.0525691349612245
"t62",0.941079545400765
"t63",0.941079545400765
