accepted_species,0,1
sp91,0.18723083315894296,0.812769166841057
sp115,0.5149801283125025,0.4850198716874975
sp127,0.1810191975250388,0.8189808024749612
sp133,0.31946308338025375,0.6805369166197462
sp143,0.45024764155438446,0.5497523584456155
sp157,0.5751000265397819,0.4248999734602182
sp168,0.3197613337267454,0.6802386662732546
sp187,0.23098744586433484,0.7690125541356652
sp199,0.3133485049786695,0.6866514950213305
sp201,0.5089312649524371,0.49106873504756293
