accepted_species,0,1
sp91,0.13542217,0.86457783
sp115,0.18079197,0.819208
sp127,0.089772165,0.91022784
sp133,0.104276836,0.89572316
sp143,0.34165794,0.65834206
sp157,0.81837267,0.18162732
sp168,0.104276836,0.89572316
sp187,0.13774908,0.8622509
sp199,0.2271648,0.7728352
sp201,0.18079197,0.819208
