accepted_species,0,1
sp91,0.031211019,0.968789
sp115,0.04866141,0.9513386
sp127,0.17716604,0.82283396
sp133,0.064216554,0.93578345
sp143,0.44120347,0.5587965
sp157,0.827067,0.17293301
sp168,0.064216554,0.93578345
sp187,0.1945892,0.8054108
sp199,0.13892305,0.86107695
sp201,0.04866141,0.9513386
