accepted_species,0,1
Funtumia_elastica,0.83887583,0.16112417
Metastelma_urbanianum,0.86345077,0.13654922
Metastelma_pedunculare,0.86345077,0.13654922
Nephradenia_acerosa,0.8672002,0.13279982
Secamone_lineata,0.83887583,0.16112417
Matelea_tarrazuana,0.8672002,0.13279982
Dischidia_obovata,0.8672002,0.13279982
Gymnema_rivulare,0.8729413,0.12705867
Gymnema_hainanense,0.8729413,0.12705867
Vincetoxicum_×_sakaianum,0.8415328,0.15846719
