accepted_species,estimate
t144,0.024110715298747754
t34,-0.022130527460416327
t16,-0.6701268391917304
t160,-0.3357686002642637
t53,-0.8883650812147922
t155,-0.7142527413042636
t131,-2.8019321531389516
t132,-2.753551555745564
t116,-2.748456973658282
t94,-2.7970645065085855
t147,-1.9612575743305842
t139,-1.922596318754295
t72,-1.9329534777613198
t121,-1.407631252250682
t122,-1.4740606891280632
t30,-0.8528527701928909
