"accepted_species","estimate"
"t100",-0.714246380604632
"t70",-0.426152769315727
"t56",-0.449342707147347
"t10",-0.628677624276664
"t6",-0.608395681254503
"t29",-0.673774303370293
"t67",-0.806409005949773
"t88",-0.843340475120756
"t91",-0.921622419649967
"t22",-0.833084209092963
