accepted_species,0,1
sp11,0.9103225257589628,0.08967747424103724
sp25,0.9114592139883535,0.08854078601164651
sp46,0.9118284108499456,0.08817158915005442
sp48,0.9118393693237818,0.08816063067621813
sp57,0.9104698151870633,0.08953018481293672
sp79,0.9114514159951872,0.0885485840048128
sp89,0.91151529993092,0.08848470006908003
sp98,0.91029807576948,0.08970192423052006
sp101,0.9102882566822106,0.08971174331778947
sp113,0.9102968710587347,0.08970312894126536
