"accepted_species","estimate"
"t42",-0.679951302618743
"t93",-0.754641282901773
"t69",-0.727309187282677
"t50",-0.697603932184137
"t82",-0.254269192061024
"t67",-0.234501424536609
"t68",-0.234501424536609
"t36",-0.234501424536609
"t27",-0.234501424536609
"t2",-0.213097698087866
