"accepted_species","0","1"
"t79",0.22967847237797,0.77032152762203
"t86",0.228484431099158,0.771515568900842
"t97",0.218923662534963,0.781076337465036
"t99",0.255702707786483,0.744297292213517
"t122",0.285770126009676,0.714229873990324
"t153",0.124453154978044,0.875546845021957
"t154",0.595922555687638,0.404077444312362
"t157",0.107743140637039,0.892256859362961
"t162",0.810247355519658,0.189752644480342
"t171",0.993583141941504,0.00641685805849568
