accepted_species,0,1
t79,0.18265945,0.81734055
t86,0.13732052,0.8626795
t97,0.18416715,0.81583285
t99,0.28462142,0.7153786
t122,0.35518098,0.644819
t153,0.25865608,0.7413439
t154,0.36008173,0.63991827
t157,0.17583948,0.8241605
t162,0.4429673,0.5570327
t171,0.3567708,0.6432292
