accepted_species,0,1
t142,0.25282544,0.74717456
t155,0.110404015,0.889596
t184,0.13598841,0.8640116
t196,0.42657286,0.57342714
t200,0.4978348,0.5021652
t204,0.21518475,0.78481525
t209,0.18561965,0.81438035
t232,0.24989152,0.7501085
t241,0.1389975,0.8610025
t257,0.10718268,0.8928173
