accepted_species,0,1
t142,0.37870896,0.62129104
t155,0.09814763,0.90185237
t184,0.141963,0.858037
t196,0.45615107,0.54384893
t200,0.14479649,0.8552035
t204,0.27803153,0.7219685
t209,0.11371219,0.8862878
t232,0.37121743,0.6287826
t241,0.12586248,0.8741375
t257,0.113720775,0.8862792
