accepted_species,0,1
t79,0.120312095,0.8796879
t86,0.14947468,0.8505253
t97,0.22934437,0.77065563
t99,0.26945275,0.73054725
t122,0.47702932,0.5229707
t153,0.15256953,0.84743047
t154,0.47702932,0.5229707
t157,0.22011143,0.7798886
t162,0.4733302,0.5266698
t171,0.4733302,0.5266698
