accepted_species,0,1
t24,0.326147224405813,0.673852775594187
t28,0.3501917406106093,0.6498082593893907
t69,0.443879296791172,0.556120703208828
t72,0.506239498304238,0.493760501695762
t103,0.17113459614234405,0.828865403857656
t104,0.16465247475687184,0.8353475252431282
t107,0.5716643247804352,0.42833567521956484
t111,0.49043596697349723,0.5095640330265028
t112,0.4954233713117506,0.5045766286882494
t127,0.33298341039921375,0.6670165896007862
