accepted_species,0,1
t133,0.43333333333333335,0.5666666666666667
t152,0.43333333333333335,0.5666666666666667
t169,0.43333333333333335,0.5666666666666667
t179,0.43333333333333335,0.5666666666666667
t190,0.43333333333333335,0.5666666666666667
t199,0.43333333333333335,0.5666666666666667
t213,0.43333333333333335,0.5666666666666667
t215,0.43333333333333335,0.5666666666666667
t264,0.0,1.0
t265,1.0,0.0
