accepted_species,0,1
t24,0.4555555555555556,0.5444444444444444
t28,0.4555555555555556,0.5444444444444444
t69,0.4555555555555556,0.5444444444444444
t72,0.4555555555555556,0.5444444444444444
t103,0.4555555555555556,0.5444444444444444
t104,0.4555555555555556,0.5444444444444444
t107,0.0,1.0
t111,0.0,1.0
t112,1.0,0.0
t127,1.0,0.0
