"accepted_species","0","1"
"t24","0.485409306284461","0.514590693715539"
"t28","0.479250564884972","0.520749435115027"
"t69","0.480819517719622","0.519180482280378"
"t72","0.472129600635373","0.527870399364627"
"t103","0.499195702353318","0.500804297646682"
"t104","0.499195702353318","0.500804297646682"
"t107","0.173071475803681","0.826928524196319"
"t111","0.223352293957315","0.776647706042685"
"t112","0.811502325544518","0.188497674455482"
"t127","0.923745798388089","0.0762542016119109"
