accepted_species,0,1
t24,0.41905725,0.58094275
t28,0.37147027,0.6285297
t69,0.37688345,0.62311655
t72,0.38766336,0.61233664
t103,0.420219,0.579781
t104,0.420219,0.579781
t107,0.38766336,0.61233664
t111,0.43793166,0.56206834
t112,0.40871745,0.59128255
t127,0.37147027,0.6285297
