accepted_species,0,1
sp351,0.73776567,0.26223433
sp391,0.06799871,0.9320013
sp432,0.33752626,0.66247374
sp433,0.21417403,0.78582597
sp434,0.73776567,0.26223433
sp441,0.73776567,0.26223433
sp448,0.73776567,0.26223433
sp449,0.73776567,0.26223433
sp455,0.73776567,0.26223433
sp456,0.6661869,0.33381304
