accepted_species,0,1
t45,0.90871114,0.09128887
t106,0.9936261,0.0063739116
t24,0.14060748,0.8593925
t152,0.039164186,0.9608358
t70,0.3542462,0.6457538
t97,0.58123183,0.4187682
t55,0.18045932,0.8195407
t18,0.013020635,0.98697937
t138,0.11732572,0.8826743
t130,0.0013690591,0.99863094
t74,0.027442276,0.9725577
t128,0.9822342,0.017765839
t53,0.6942288,0.30577117
t163,0.99371314,0.00628686
t122,0.98877734,0.01122266
t4,0.88808036,0.111919664
t94,0.9877164,0.012283638
