"accepted_species","0","1"
"t252",0.0993282708105999,0.9006717291894
"t270",0.0980494704952211,0.901950529504779
"t148",0.0994932390903345,0.900506760909665
"t233",0.0994925081245016,0.900507491875498
"t215",0.0994931866509646,0.900506813349035
"t230",0.0994926566951663,0.900507343304834
"t262",0.10070357301843,0.89929642698157
"t275",0.0947963625476156,0.905203637452384
"t290",0.0994932469452359,0.900506753054764
"t291",0.0994932469452359,0.900506753054764
