accepted_species,0,1
t50,0.5366596653153737,0.4633403346846264
t70,0.5366081742792698,0.46339182572073023
t101,0.5355605075893874,0.4644394924106125
t108,0.5401996081613094,0.45980039183869054
t122,0.5079859557817217,0.4920140442182783
t134,0.5970855971007194,0.40291440289928065
t141,0.5353735023365365,0.46462649766346353
t144,0.5355839146144834,0.46441608538551665
t167,0.5352229264235846,0.4647770735764154
t176,0.5351881408936893,0.46481185910631073
