accepted_species,0,1
t31,0.0559061759189472,0.9440938240810528
t34,0.055314767404908705,0.9446852325950913
t42,0.05532693093309771,0.9446730690669023
t47,0.0555294496204124,0.9444705503795876
t48,0.05529524918142181,0.9447047508185782
t78,0.055531436054838346,0.9444685639451617
t84,0.055302898600103734,0.9446971013998963
t100,0.05561265732299814,0.9443873426770019
t106,0.05529514744353348,0.9447048525564665
t118,0.055532789112406666,0.9444672108875933
