accepted_species,0,1
t50,0.5409854304055377,0.45901456959446224
t70,0.5410677938645557,0.4589322061354443
t101,0.5401627941885494,0.45983720581145066
t108,0.544086452461915,0.455913547538085
t122,0.5472854199501749,0.45271458004982507
t134,0.5479144662825911,0.4520855337174089
t141,0.5401867500966758,0.4598132499033242
t144,0.5404140711997332,0.4595859288002668
t167,0.5415392170326983,0.45846078296730175
t176,0.5417336420124846,0.45826635798751536
