accepted_species,0,1
t50,0.5571083871594047,0.44289161284059536
t70,0.5534740346619063,0.4465259653380938
t101,0.530811353128444,0.469188646871556
t108,0.5483098657859107,0.4516901342140893
t122,0.5228076199388103,0.4771923800611897
t134,0.7538526905055486,0.2461473094944514
t141,0.4990683025508037,0.5009316974491963
t144,0.5343333598824593,0.4656666401175407
t167,0.4647173616507516,0.5352826383492484
t176,0.4579338761825341,0.5420661238174659
