accepted_species,0,1
t50,0.5444444444444445,0.45555555555555555
t70,0.5444444444444445,0.45555555555555555
t101,0.5444444444444445,0.45555555555555555
t108,0.5444444444444445,0.45555555555555555
t122,0.5444444444444445,0.45555555555555555
t134,0.5444444444444445,0.45555555555555555
t141,0.5444444444444445,0.45555555555555555
t144,0.5444444444444445,0.45555555555555555
t167,0.5444444444444445,0.45555555555555555
t176,1.0,0.0
