accepted_species,0,1
t50,0.7627835,0.23721646
t70,0.7627835,0.23721646
t101,0.30446225,0.69553775
t108,0.6531277,0.34687233
t122,0.3355835,0.6644165
t134,0.78586197,0.214138
t141,0.14963049,0.8503695
t144,0.49211693,0.5078831
t167,0.44485623,0.5551438
t176,0.7153585,0.28464147
