accepted_species,0,1
sp130,0.4076152860172729,0.5923847139827271
sp133,0.573037445088689,0.42696255491131097
sp201,0.3432825336308576,0.6567174663691424
sp207,0.01296084027867006,0.9870391597213299
sp210,0.706047860290665,0.2939521397093349
sp212,0.00802830890987627,0.9919716910901237
sp214,0.6504248507302826,0.3495751492697174
sp220,0.38378266776953995,0.61621733223046
sp239,0.2903417880235145,0.7096582119764855
sp248,0.31305049124952944,0.6869495087504706
