"accepted_species","0","1"
"t88",0.797062129462441,0.202937870537559
"t119",0.815165666533924,0.184834333466076
"t125",0.813716176358521,0.186283823641479
"t136",0.838175624721097,0.161824375278903
"t138",0.505348730597458,0.494651269402542
"t141",0.847520922769884,0.152479077230116
"t146",0.845813428840293,0.154186571159707
"t158",0.879987251707802,0.120012748292198
"t167",0.918929354037498,0.0810706459625024
"t171",0.963080630048109,0.0369193699518906
