accepted_species,0,1
t88,0.8319927162743794,0.1680072837256206
t119,0.7483419322246709,0.25165806777532906
t125,0.8210026574680634,0.17899734253193658
t136,0.8374773260713403,0.16252267392865968
t138,0.4945896519744505,0.5054103480255495
t141,0.8586382229148464,0.14136177708515366
t146,0.8375920539164512,0.16240794608354875
t158,0.7657292114491555,0.23427078855084446
t167,0.7643021506062141,0.23569784939378594
t171,0.7453602650014081,0.25463973499859194
