accepted_species,0,1
t7,0.5222222222222221,0.4777777777777778
t17,0.5222222222222221,0.4777777777777778
t23,0.5222222222222221,0.4777777777777778
t37,0.5222222222222221,0.4777777777777778
t44,0.5222222222222221,0.4777777777777778
t59,0.5222222222222221,0.4777777777777778
t61,0.5222222222222221,0.4777777777777778
t72,1.0,0.0
t89,0.6652727012975315,0.33472729870246853
t108,0.9709856001212352,0.029014399878764776
