accepted_species,0,1
t7,0.66367495,0.33632508
t17,0.64242923,0.35757077
t23,0.46502286,0.53497714
t37,0.35662436,0.64337564
t44,0.4632396,0.5367604
t59,0.53441375,0.46558625
t61,0.6416991,0.35830095
t72,0.58880055,0.41119942
t89,0.51877636,0.48122364
t108,0.66876966,0.33123034
