accepted_species,0,1
t88,0.9777352,0.02226475
t119,0.8075261,0.19247392
t125,0.940858,0.05914197
t136,0.9700432,0.029956797
t138,0.30802554,0.69197446
t141,0.9337832,0.06621685
t146,0.9542538,0.045746226
t158,0.68034744,0.3196526
t167,0.7418884,0.25811163
t171,0.92370564,0.07629434
