accepted_species,0,1
t43,0.18349838,0.8165016
t60,0.43048602,0.569514
t24,0.78685707,0.21314295
t77,0.85861886,0.14138114
t27,0.020970106,0.9790299
t61,0.49377072,0.5062293
t41,0.7101015,0.2898985
t73,0.12367469,0.8763253
t88,0.008545041,0.99145496
t25,0.1638568,0.8361432
