accepted_species,0,1
t4,0.6532258064516129,0.3467741935483871
t128,0.0,1.0
t126,0.0,1.0
t61,0.6532258064516129,0.3467741935483871
t98,0.6532258064516129,0.3467741935483871
t16,0.6532258064516129,0.3467741935483871
t19,0.6532258064516129,0.3467741935483871
t102,0.6532258064516129,0.3467741935483871
t90,0.6532258064516129,0.3467741935483871
t64,0.6532258064516129,0.3467741935483871
t113,0.0,1.0
t36,0.6532258064516129,0.3467741935483871
t69,0.6532258064516129,0.3467741935483871
