accepted_species,0,1
t4,0.07095361,0.9290464
t128,0.4215989,0.5784011
t126,0.467802,0.532198
t61,0.370884,0.629116
t98,0.370884,0.629116
t16,0.5469961,0.45300388
t19,0.5469961,0.45300388
t102,0.4249782,0.5750218
t90,0.4249782,0.5750218
t64,0.11824602,0.881754
t113,0.08300412,0.9169959
t36,0.3352934,0.6647066
t69,0.46232325,0.53767675
