accepted_species,0,1
t4,0.063946605,0.9360534
t128,0.20932698,0.790673
t126,0.20932698,0.790673
t61,0.15718752,0.8428125
t98,0.11522925,0.88477075
t16,0.8117811,0.18821888
t19,0.9358785,0.06412151
t102,0.16730058,0.8326994
t90,0.33187938,0.6681206
t64,0.15419155,0.84580845
t113,0.16938555,0.83061445
t36,0.27518404,0.72481596
t69,0.5430496,0.45695043
