accepted_species,0,1
t4,0.0072833896,0.9927166
t128,0.6661993,0.3338007
t126,0.4781115,0.5218885
t61,0.28854078,0.7114592
t98,0.7724322,0.2275678
t16,0.9025007,0.09749929
t19,0.8350838,0.16491622
t102,0.0432598,0.9567402
t90,0.0432598,0.9567402
t64,0.0432598,0.9567402
t113,0.053140163,0.94685984
t36,0.06376684,0.93623316
t69,0.077949286,0.9220507
