"accepted_species","0","1"
"t4",0.953736457327004,0.0462635426729957
"t15",0.95373645732701,0.0462635426729904
"t48",0.9537367158793,0.0462632841206998
"t79",0.957473496117593,0.0425265038824067
"t84",0.962999006461265,0.0370009935387347
"t36",0.953736474427923,0.0462635255720772
"t93",0.98640792688585,0.0135920731141496
"t90",0.973328930704841,0.0266710692951591
"t13",0.953736457327005,0.0462635426729956
"t95",0.987752326892089,0.0122476731079108
