accepted_species,0,1
t4,0.9513463637320819,0.048653636267918056
t15,0.9512747493875298,0.04872525061247018
t48,0.9513401353140772,0.04865986468592274
t79,0.9514509198359364,0.048549080164063604
t84,0.9499022245878814,0.050097775412118545
t36,0.9609269075265874,0.03907309247341258
t93,0.9585650567119429,0.04143494328805704
t90,0.9587197216550617,0.041280278344938255
t13,0.9582353895608569,0.04176461043914319
t95,0.957795696230878,0.04220430376912195
