accepted_species,estimate
t4,-0.5267206157861428
t24,-0.022303131755261104
t44,-0.12402993663941886
t80,-0.2035393180776477
t74,-1.0045667177696778
t56,-0.9943106039411036
t31,0.7508611073950004
t17,0.8041078928745783
t7,1.0030912172887396
t12,0.5568576403006201
