accepted_species,estimate
t4,-0.2403585651865446
t24,0.00633961305473079
t44,-0.24492177813325258
t80,-0.2863254316085405
t74,-0.6260387576614004
t56,-0.6305354109116972
t31,0.3436024745379733
t17,0.3496463843238378
t7,0.9165109690646932
t12,0.969752141645314
