accepted_species,estimate
t8,-0.6765084912204721
t75,-0.38333514965056853
t39,-0.8692308723918181
t55,-0.6872590260247579
t10,-0.2322723503721998
t19,-0.03829837632075533
t45,-0.21183805816992457
t24,-0.2642442918293561
t2,-0.7581691126062505
t49,-0.26281615597199587
