accepted_species,estimate
t8,-0.48967764
t75,-1.1844345
t39,-0.7149667
t55,-0.57512015
t10,-0.7826143
t19,0.78569406
t45,-0.36981943
t24,-0.40328074
t2,-0.5558089
t49,-0.40328074
