accepted_species,0
t26,
t24,
t33,
t7,
t72,2.24248562553739
t3,
t6,
t55,
t50,
t82,-0.1951705448539335
