accepted_species,0,1
t81,0.16545206,0.83454794
t60,0.74498683,0.25501317
t114,0.9950209,0.004979049
t98,0.9961102,0.00388979
t99,0.9989781,0.001021893
t128,0.018181622,0.9818184
t13,0.91424066,0.08575933
t17,0.06335348,0.9366465
t85,0.01222533,0.98777467
t118,0.057798445,0.94220155
t97,0.5578816,0.4421184
t46,0.074029624,0.9259704
t111,0.0228526,0.9771474
t144,0.0077083707,0.9922916
t31,0.42590958,0.5740904
