accepted_species,0,1
t3,0.8988292556891884,0.10117074431081166
t61,0.9591382108121276,0.04086178918787248
t71,0.8534214418013611,0.14657855819863883
t6,0.9590370465270462,0.04096295347295374
t94,0.9588878604851913,0.041112139514808785
t40,0.9583103577432532,0.041689642256746706
t38,0.9583968099359809,0.04160319006401916
t65,0.9582919263215085,0.04170807367849146
t1,0.9483588333306366,0.05164116666936336
t74,0.9602090647855432,0.03979093521445681
