accepted_species,0,1
t3,0.91068345,0.089316525
t61,0.8984247,0.10157531
t71,0.95489115,0.045108832
t6,0.96570027,0.034299757
t94,0.9665578,0.033442177
t40,0.9665578,0.033442177
t38,0.9665578,0.033442177
t65,0.9641341,0.035865895
t1,0.95517796,0.04482206
t74,0.95586675,0.044133227
