"accepted_species","0","1"
"sp147",0.648877370519738,0.351122629480262
"sp189",0.648641788308219,0.351358211691781
"sp194",0.648836784180447,0.351163215819553
"sp220",0.642043937862435,0.357956062137565
"sp228",0.60851394582492,0.39148605417508
"sp239",0.648641788308503,0.351358211691498
"sp265",0.532300691743164,0.467699308256836
"sp266",0.532300691743164,0.467699308256836
"sp281",0.648641788308533,0.351358211691467
"sp282",0.648641788308533,0.351358211691467
