accepted_species,0,1
sp147,0.6330521835541905,0.3669478164458096
sp189,0.603894573232063,0.39610542676793703
sp194,0.6096254042491803,0.3903745957508197
sp220,0.6006833895591415,0.39931661044085853
sp228,0.5989597334693432,0.40104026653065683
sp239,0.6008953130234584,0.39910468697654156
sp265,0.5979762846763454,0.4020237153236545
sp266,0.5979762846763454,0.4020237153236545
sp281,0.6003140507077143,0.3996859492922857
sp282,0.6003140507077145,0.39968594929228557
