accepted_species,0,1
sp147,0.70007646,0.29992354
sp189,0.6850096,0.3149904
sp194,0.6850096,0.3149904
sp220,0.6739217,0.3260783
sp228,0.6739217,0.3260783
sp239,0.6850096,0.3149904
sp265,0.6771351,0.3228649
sp266,0.6739217,0.3260783
sp281,0.6739217,0.3260783
sp282,0.6771351,0.3228649
