accepted_species,0,1
sp147,0.7238275,0.27617252
sp189,0.64258486,0.35741514
sp194,0.64258486,0.35741514
sp220,0.64258486,0.35741514
sp228,0.64258486,0.35741514
sp239,0.64258486,0.35741514
sp265,0.64258486,0.35741514
sp266,0.64258486,0.35741514
sp281,0.64258486,0.35741514
sp282,0.64258486,0.35741514
