accepted_species,0,1
sp92,0.6420583984499839,0.35794160155001614
sp112,0.6418346039753686,0.3581653960246313
sp161,0.6414397032009694,0.35856029679903056
sp165,0.6414370530371158,0.3585629469628841
sp190,0.6414152543259435,0.3585847456740565
sp191,0.6414152543259435,0.3585847456740565
sp196,0.641247017738245,0.358752982261755
sp197,0.641247017738245,0.358752982261755
sp199,0.6412439228643336,0.3587560771356663
sp200,0.6412439228643336,0.3587560771356663
