accepted_species,0,1
sp92,0.6477748759470616,0.3522251240529384
sp112,0.6477726712223228,0.3522273287776772
sp161,0.6478027411802616,0.35219725881973846
sp165,0.6477808507967293,0.3522191492032707
sp190,0.6477638884030419,0.35223611159695817
sp191,0.6477736327383767,0.3522263672616233
sp196,0.6478062233447175,0.35219377665528256
sp197,0.6477840373257076,0.35221596267429245
sp199,0.6477899178452384,0.3522100821547616
sp200,0.647812599306753,0.35218740069324705
