accepted_species,0,1
sp92,0.6444444444444444,0.35555555555555557
sp112,0.6444444444444444,0.35555555555555557
sp161,0.6444444444444444,0.35555555555555557
sp165,0.6444444444444444,0.35555555555555557
sp190,0.6444444444444444,0.35555555555555557
sp191,0.6444444444444444,0.35555555555555557
sp196,0.6444444444444444,0.35555555555555557
sp197,0.6444444444444444,0.35555555555555557
sp199,0.6444444444444444,0.35555555555555557
sp200,0.6444444444444444,0.35555555555555557
