"accepted_species","estimate"
"t9",-0.355486036523655
"t30",-0.073682805244123
"t95",0.293167108949304
"t96",0.293167108949304
"t81",0.0418895630305362
"t82",0.0418895630305362
"t46",-0.41766631341932
"t47",-0.427408783532398
"t100",-0.571788846471855
"t10",-0.348989132758597
