accepted_species,0,1
Ixora_baileyana,0.85915595,0.14084406
Cynanchica_glareosa,0.8520335,0.14796647
Scleromitrion_cyananthum,0.8726721,0.12732795
Psychotria_rigescens,0.84628254,0.15371746
Psychotria_cephaloides,0.85856324,0.14143674
Galium_ephedroides,0.8774896,0.122510366
Psychotria_winitii,0.86071634,0.13928364
Psychotria_alba,0.85856324,0.14143674
Ixora_jaherii,0.85623705,0.14376295
Malanea_sarmentosa,0.85028255,0.14971745
