accepted_species,0,1
Eumachia_amoena,0.9564168,0.043583196
Palicourea_persearum,0.9564168,0.043583196
Psychotria_subvelutina,0.9564168,0.043583196
Psychotria_acutigemma,0.9564168,0.043583196
Psychotria_reitsmarum,0.9564168,0.043583196
Psychotria_aguilarii,0.9564168,0.043583196
Psychotria_capensis,0.9564168,0.043583196
Palicourea_stevensiana,0.9564168,0.043583196
Palicourea_palustris,0.9564168,0.043583196
Palicourea_zarucchii,0.9564168,0.043583196
