accepted_species,0,1
Eumachia_amoena,0.9555342,0.04446576
Palicourea_persearum,0.9555342,0.04446576
Psychotria_subvelutina,0.9555342,0.04446576
Psychotria_acutigemma,0.9555342,0.04446576
Psychotria_reitsmarum,0.9555342,0.04446576
Psychotria_aguilarii,0.9555342,0.04446576
Psychotria_capensis,0.9555342,0.04446576
Palicourea_stevensiana,0.9555342,0.04446576
Palicourea_palustris,0.9555342,0.04446576
Palicourea_zarucchii,0.9555342,0.04446576
