accepted_species,0,1
t39,0.8536107200382012,0.14638927996179887
t69,0.7537331207027307,0.24626687929726926
t77,0.29504213350607167,0.7049578664939283
t79,0.16990608578786037,0.8300939142121396
t82,0.7832467947882189,0.2167532052117811
t86,0.1707797786438423,0.8292202213561577
t87,0.7682336358422707,0.2317663641577293
t108,0.7815082841236062,0.2184917158763938
t110,0.5763739416590541,0.42362605834094585
t112,0.6628466224746018,0.3371533775253982
