accepted_species,0,1
t39,0.6745437913366608,0.3254562086633392
t69,0.6436795059818089,0.3563204940181911
t77,0.20119227620183566,0.7988077237981643
t79,0.14839717167124444,0.8516028283287556
t82,0.7162742435903171,0.28372575640968284
t86,0.14711862550746968,0.8528813744925303
t87,0.716625446973628,0.28337455302637204
t108,0.6343163231322582,0.3656836768677418
t110,0.5633219274062331,0.43667807259376695
t112,0.6436795059818087,0.3563204940181913
