"accepted_species","0","1"
"t23","0.443293655363251","0.556706344636749"
"t29","0.438549296951945","0.561450703048055"
"t30","0.366774739433461","0.633225260566539"
"t36","0.413601787740151","0.586398212259849"
"t47","0.241676292277113","0.758323707722887"
"t53","0.37126354778399","0.62873645221601"
"t77","0.205125424213449","0.794874575786551"
"t95","0.551891858672672","0.448108141327328"
"t96","0.551891858672672","0.448108141327328"
"t99","0.051938770865028","0.948061229134972"
