accepted_species,0,1
t39,0.9691625,0.030837467
t69,0.9845631,0.015436882
t77,0.04386753,0.9561325
t79,0.019648492,0.9803515
t82,0.9875106,0.012489353
t86,0.019648492,0.9803515
t87,0.9875106,0.012489353
t108,0.26950085,0.73049915
t110,0.7921107,0.2078893
t112,0.9845631,0.015436882
