accepted_species,0,1
t82,0.4437642207725474,0.5562357792274526
t106,0.4319397720064886,0.5680602279935114
t113,0.43032580145313015,0.5696741985468698
t122,0.4414962134564704,0.5585037865435296
t123,0.42778328292832546,0.5722167170716745
t138,0.4413670428642138,0.5586329571357862
t140,0.4318645924394644,0.5681354075605356
t157,0.4312378345496588,0.5687621654503412
t162,0.4305063437665201,0.5694936562334799
t171,0.44428427323925856,0.5557157267607414
