accepted_species,0,1
t55,0.11474933507195884,0.8852506649280412
t111,0.07480060855906723,0.9251993914409328
t125,0.0668226291996773,0.9331773708003227
t127,0.28634032397562215,0.7136596760243779
t135,0.40859274668216916,0.5914072533178308
t143,0.46854108756258306,0.5314589124374169
t169,0.07652994222919807,0.9234700577708019
t177,0.6967489788038417,0.3032510211961583
t192,0.4738768573640221,0.5261231426359779
t201,0.13141127310145928,0.8685887268985407
