accepted_species,0,1
t55,0.2159822010600937,0.7840177989399063
t111,0.14598069097175037,0.8540193090282496
t125,0.060897901106657604,0.9391020988933424
t127,0.17689767009712398,0.823102329902876
t135,0.46417021610835285,0.5358297838916471
t143,0.15471175304507245,0.8452882469549275
t169,0.05391778179065165,0.9460822182093483
t177,0.39490014766203074,0.6050998523379693
t192,0.48174990452551647,0.5182500954744835
t201,0.20324849338256612,0.7967515066174339
