accepted_species,0,1
t82,0.43333333333333335,0.5666666666666667
t106,0.43333333333333335,0.5666666666666667
t113,0.43333333333333335,0.5666666666666667
t122,0.43333333333333335,0.5666666666666667
t123,0.43333333333333335,0.5666666666666667
t138,0.43333333333333335,0.5666666666666667
t140,0.43333333333333335,0.5666666666666667
t157,1.0,0.0
t162,0.0,1.0
t171,0.0,1.0
