accepted_species,0,1
t82,0.9559698,0.04403019
t106,0.7257984,0.27420157
t113,0.48286247,0.5171375
t122,0.09481251,0.9051875
t123,0.019334137,0.98066586
t138,0.7833899,0.21661007
t140,0.23952717,0.76047283
t157,0.9619195,0.038080487
t162,0.6823298,0.3176702
t171,0.07513213,0.92486787
