accepted_species,estimate
t15,0.2716409600252862
t18,1.0855114857910164
t85,0.4015350147964513
t30,-0.7370397668132924
t66,-0.15646604629742836
t88,0.04938815316309808
t42,0.0204260413623965
t93,0.34487309651002734
t71,-1.651321649297111
t81,0.23590076040952931
