accepted_species,estimate
t15,-0.1368333
t18,1.4041036
t85,0.4789393
t30,-1.1055818
t66,-0.29149404
t88,0.7431023
t42,-0.22670592
t93,-0.7033876
t71,-1.5260457
t81,0.20899002
