accepted_species,estimate
t22,0.8559767258729912
t97,0.9378356748365732
t98,0.5734328944778225
t88,0.8755499823976788
t48,0.8218439631102844
t59,1.3733100788046388
t92,1.290307609353496
t13,1.3880617064735836
t39,1.1184325852167063
t40,1.0235322293831053
