accepted_species,estimate
t22,1.103821587668678
t97,1.1399163303692144
t98,1.1399163303692141
t88,1.1391634885735238
t48,1.1191308410155443
t59,1.1256128905659821
t92,1.1368256580012972
t13,1.091156041019712
t39,0.958484160952382
t40,0.9584841609523818
