accepted_species,estimate
t22,0.9953766829087782
t97,0.9887723201666767
t98,0.9880038115457381
t88,0.9878936001011511
t48,0.9951016499037812
t59,0.9654173165329325
t92,0.9733444370411042
t13,0.9080686677076695
t39,0.9478761808088885
t40,0.9091294266393183
