"accepted_species","estimate"
"t22",0.925710576485432
"t97",0.925710576485432
"t98",0.925710576485432
"t88",0.925710576485432
"t48",0.925710576485432
"t59",1.09781557545207
"t92",1.17190159697717
"t13",0.98706298732859
"t39",0.78699448804223
"t40",0.78699448804223
