accepted_species,0,1
t69,0.0057911873,0.9942088
t109,0.0021018982,0.9978981
t160,0.0022850037,0.997715
t110,0.02710402,0.972896
t123,0.02710402,0.972896
t27,0.011988461,0.98801154
t161,0.014547646,0.98545235
t107,0.014547646,0.98545235
t115,0.014547646,0.98545235
t53,0.0051636696,0.99483633
t93,0.010543287,0.9894567
t10,0.0046921372,0.99530786
t11,0.0042363405,0.99576366
t152,0.0076214075,0.9923786
t124,0.0037457943,0.9962542
t101,0.0014517903,0.9985482
t30,0.056636512,0.9433635
