accepted_species,0,1
t2,0.051338673,0.9486613
t122,0.9926002,0.0073997914
t114,0.126145,0.873855
t118,0.308129,0.691871
t119,0.37229353,0.62770647
t69,0.44231558,0.5576844
t9,0.18412036,0.81587964
t93,0.985273,0.014726981
t126,0.7901889,0.20981112
t128,0.914554,0.085445985
t33,0.25662315,0.74337685
t95,0.027436972,0.972563
t80,0.027436972,0.972563
