accepted_species,0,1
t2,0.018210828,0.9817892
t122,0.9827385,0.017261501
t114,0.038985312,0.9610147
t118,0.06828296,0.93171704
t119,0.06828296,0.93171704
t69,0.06828296,0.93171704
t9,0.07817495,0.92182505
t93,0.9931201,0.0068799355
t126,0.93093336,0.069066666
t128,0.95212626,0.047873735
t33,0.13557845,0.86442155
t95,0.11210954,0.88789046
t80,0.24983394,0.75016606
