accepted_species,0,1
t2,0.29009295,0.70990705
t122,0.9724208,0.027579196
t114,0.19244999,0.80755
t118,0.03873533,0.96126467
t119,0.050771773,0.9492282
t69,0.03873533,0.96126467
t9,0.23208201,0.767918
t93,0.9690462,0.030953823
t126,0.91433966,0.08566032
t128,0.79945475,0.20054524
t33,0.7043851,0.2956149
t95,0.053925157,0.94607484
t80,0.14835793,0.8516421
