accepted_species,0,1
sp42,0.8815538660361317,0.11844613396386823
sp44,0.698773942180162,0.3012260578198381
sp66,0.894403976240591,0.10559602375940906
sp91,0.8990142400322502,0.10098575996774986
sp100,0.6162570812235704,0.3837429187764297
sp101,0.6157204252303595,0.3842795747696405
sp118,0.899521924847917,0.10047807515208299
sp131,0.7489288001989027,0.25107119980109727
sp132,0.7178203008321391,0.2821796991678609
sp137,0.7250332171520328,0.2749667828479671
