accepted_species,estimate
Alibertia_edulis,-0.3611891793711489
Coffea_arabica,-0.40062441338092747
Coffea_canephora,-0.32245176449526836
Gardenia_ternifolia,-0.33916601603953034
Genipa_americana,-0.30914068371229
Ixora_javanica,-0.409851780108193
Ixora_peruviana,-0.4060416783172601
Pavetta_australiensis,-0.34393823892298203
Randia_pterocarpa,-0.35910423795052204
Randia_thurberi,-0.5001974720270436
