accepted_species,estimate
t7,-0.2936437437191478
t8,-0.24566976072292324
t20,-0.4021426877981501
t100,-0.5399166644966472
t21,-0.5150585715537827
t95,-0.4399089277948642
t96,-0.44067631388375295
t83,-0.4434098341198472
t89,-0.470869002965883
t42,-0.47071872015207533
