accepted_species,0
t7,0.06721363234822358
t8,0.06721363234822358
t20,0.06721363234822358
t100,-0.754193495263518
t21,0.06721363234822358
t95,0.06721363234822358
t96,0.06721363234822358
t83,0.06721363234822358
t89,-0.397055126340186
t42,0.06721363234822358
