accepted_species,estimate
Coussarea_contracta,-0.006302875156419524
Coussarea_suaveolens,-0.006302875156419524
Galium_bifolium,-0.3837190300201261
Galium_bolanderi,-0.3975217166321406
Galium_labradoricum,-0.38052438326039323
Galium_lucidum,-0.4018663491051269
Galium_nuttallii,-0.38052438326039284
Galium_tinctorium,-0.38617676885006214
Knoxia_sumatrensis,-0.07961132361685581
Psychotria_suterella,0.10906733292772908
