accepted_species,0
Coussarea_contracta,0.010138062719498792
Coussarea_suaveolens,0.010138062719498792
Galium_bifolium,0.010138062719498792
Galium_bolanderi,-0.4131604314311235
Galium_labradoricum,0.010138062719498792
Galium_lucidum,-0.41535112024823995
Galium_nuttallii,0.010138062719498792
Galium_tinctorium,0.010138062719498792
Knoxia_sumatrensis,0.010138062719498792
Psychotria_suterella,0.010138062719498792
