accepted_species,estimate
t82,0.11322237989560915
t94,-0.256512570495818
t5,-0.16294759351903113
t57,-1.0274042937076984
t68,-1.010052007250064
t58,-1.0640951280089053
t99,-0.10067831266748281
t21,0.42431995153397484
t11,0.03261673965805281
t55,0.043546263566961035
