"accepted_species","estimate"
"t82",0.70975989115141
"t94",-1.57876450619073
"t5",-0.39155187136943
"t57",-0.670210402835786
"t68",-1.0750062938887
"t58",-1.31244549671753
"t99",-0.288882677816285
"t21",0.454885941889979
"t11",-0.147560650854305
"t55",0.449841171487009
