accepted_species,0
t82,0.07260933006596565
t94,-1.5908560268883838
t5,0.07260933006596565
t57,0.07260933006596565
t68,0.07260933006596565
t58,0.07260933006596565
t99,-0.286937649693911
t21,0.07260933006596565
t11,0.07260933006596565
t55,0.07260933006596565
