"accepted_species","estimate"
"t82",0.711773902274086
"t94",-1.58041135185454
"t5",-0.447260512815178
"t57",-0.66674949834541
"t68",-1.08150447850579
"t58",-1.32611384619592
"t99",-0.28910847865097
"t21",0.480302128411486
"t11",-0.179284322432952
"t55",0.459943212454239
