accepted_species,estimate
t64,-0.6793628514647898
t62,-0.2715255572654116
t75,0.5181474773030925
t29,0.6689764332473982
t72,-0.6536601733439631
t14,-0.5118799785431167
t36,-0.46509796792571967
t82,-0.5325455747444319
t99,1.101653682857443
t16,1.193210817032793
