"accepted_species","estimate"
"t64",0.0283803512095904
"t62",-0.0366683130767169
"t75",0.652694496323162
"t29",0.5749115380417
"t72",-0.554913738139547
"t14",-0.48966202137841
"t36",-0.459840284419871
"t82",-0.419339647032647
"t99",1.06987108964624
"t16",0.938785555926503
