accepted_species,estimate
t39,-0.5222159818228114
t100,-0.45727400226027176
t33,-0.2253490484849871
t73,0.04396459184485706
t11,0.971440265455748
t93,0.1007979459341961
t74,0.3061206151443993
t88,-0.05336580964578504
t10,0.3540283082658449
t25,0.745677992488782
