accepted_species,0
t39,-0.003747355745169652
t100,-0.5303696970195622
t33,-0.003747355745169652
t73,0.428154338283806
t11,-0.003747355745169652
t93,0.520519322366468
t74,-0.521181321571798
t88,-1.10799551518088
t10,-0.003747355745169652
t25,-0.003747355745169652
