"accepted_species","0","1"
"t56",0.976288861747656,0.0237111382523442
"t75",0.967101578069085,0.0328984219309146
"t91",0.983490740404122,0.0165092595958777
"t105",0.967101578069955,0.0328984219300449
"t137",0.994937174558942,0.00506282544105822
"t148",0.9976180869473,0.00238191305269966
"t154",0.967101578069955,0.0328984219300449
"t155",0.967101578069955,0.0328984219300449
"t163",0.999309855056109,0.000690144943890763
"t170",0.999627267486449,0.000372732513551354
