"accepted_species","0","1"
"t31",0.59374803238026,0.40625196761974
"t42",0.624864832547661,0.375135167452339
"t47",0.613225508397887,0.386774491602113
"t79",0.335545290173919,0.664454709826081
"t80",0.451062229307018,0.548937770692982
"t109",0.832840171809035,0.167159828190965
"t119",0.6597950623273,0.3402049376727
"t139",0.876647741408951,0.123352258591049
"t141",0.962589846123299,0.0374101538767007
"t151",0.945792903939467,0.0542070960605334
