"accepted_species","0","1"
"t31","0.369375452229062","0.630624547770938"
"t42","0.580152715058541","0.419847284941459"
"t47","0.506660598793184","0.493339401206816"
"t79","0.0588641170482892","0.941135882951711"
"t80","0.211076229334249","0.788923770665751"
"t109","0.951833116416769","0.0481668835832309"
"t119","0.575535716014932","0.424464283985068"
"t139","0.863478761909641","0.136521238090359"
"t141","0.979966619580701","0.0200333804192988"
"t151","0.933099611518693","0.0669003884813067"
