accepted_species,0,1
t31,0.56830156,0.43169844
t42,0.56117475,0.43882525
t47,0.75169176,0.24830824
t79,0.47440338,0.5255966
t80,0.4349562,0.5650438
t109,0.7681352,0.23186482
t119,0.44233227,0.55766773
t139,0.4565755,0.5434245
t141,0.7575503,0.24244972
t151,0.711835,0.288165
