accepted_species,0
Chironia_linoides,0.0030322103338123224
Coprosma_repens,-0.3735117506992435
Coprosma_rhamnoides,-0.3735397203036281
Galium_sylvaticum,-0.41612914274586504
Guettarda_aromatica,0.0030322103338123224
Nauclea_diderrichii,0.0030322103338123224
Oldenlandia_corymbosa,0.0030322103338123224
Palicourea_faxlucens,0.0030322103338123224
Pentagonia_macrophylla,0.0030322103338123224
Spermacoce_leptoloba,0.0030322103338123224
