accepted_species,estimate
Arachnothryx_buddleioides,-0.094223533891081
Coussarea_contracta,-0.1752788680441441
Crucianella_gilanica,-0.3669104532932313
Cruciata_glabra,-0.15916305827189087
Galium_palustre,-0.4246862629361389
Macrocnemum_roseum,0.14688809669037983
Plumeria_alba,-0.08720700541843758
Stephanostegia_capuronii,-0.10020647938378474
Swertia_pseudochinensis,-0.4626271710639627
Vinca_minor,0.06859871066108349
