accepted_species,estimate
Arachnothryx_buddleioides,-0.030469457508438186
Coussarea_contracta,-0.10809824299314505
Crucianella_gilanica,-0.4177207673854817
Cruciata_glabra,-0.4221618960215243
Galium_palustre,-0.42641590985095235
Macrocnemum_roseum,0.2646088896347012
Plumeria_alba,0.003540642721985801
Stephanostegia_capuronii,-0.06526054169017866
Swertia_pseudochinensis,-0.4203184729353643
Vinca_minor,0.010450607160351372
