accepted_species,0,1
Phyllanthera_grayi,0.91685164,0.08314833
Manothrix_valida,0.9218137,0.07818625
Mitrasacme_setosa,0.91367835,0.08632167
Cynanchum_giraldii,0.9098107,0.09018928
Hoya_brevialata,0.9139671,0.086032905
Vincetoxicum_kerrii,0.9098107,0.09018928
Dischidia_cylindrica,0.9130603,0.086939685
Tassadia_obovata,0.9098107,0.09018928
Echidnopsis_rubrolutea,0.9210145,0.07898553
Tachia_grandifolia,0.89950895,0.10049103
