accepted_species,0,1
Phyllanthera_grayi,0.90754867,0.09245132
Manothrix_valida,0.90838075,0.091619246
Mitrasacme_setosa,0.88664323,0.11335676
Cynanchum_giraldii,0.90654385,0.09345618
Hoya_brevialata,0.906099,0.09390096
Vincetoxicum_kerrii,0.90654385,0.09345618
Dischidia_cylindrica,0.906099,0.09390096
Tassadia_obovata,0.9064799,0.09352009
Echidnopsis_rubrolutea,0.90838075,0.091619246
Tachia_grandifolia,0.8938098,0.10619023
