accepted_species,0,1
sp64,0.9747547279467064,0.02524527205329365
sp68,0.9926606839452774,0.0073393160547226294
sp70,0.9966433370027381,0.0033566629972618506
sp131,0.9416941024359539,0.05830589756404618
sp143,0.7832262068191282,0.21677379318087173
sp160,0.9825400566527359,0.017459943347264095
sp176,0.9963498739691713,0.003650126030828709
sp180,0.9834442085856762,0.016555791414323846
sp188,0.925118569768822,0.07488143023117794
sp197,0.9772735924035916,0.022726407596408434
