accepted_species,0,1
sp64,0.96852416,0.03147584
sp68,0.96852416,0.03147584
sp70,0.96852416,0.03147584
sp131,0.95388305,0.04611693
sp143,0.87708443,0.122915566
sp160,0.96852416,0.03147584
sp176,0.96852416,0.03147584
sp180,0.96852416,0.03147584
sp188,0.9469203,0.053079702
sp197,0.96852416,0.03147584
