accepted_species,0,1
sp24,0.4686994,0.5313006
sp25,0.52487314,0.47512686
sp34,0.098962784,0.9010372
sp45,0.17077506,0.82922494
sp85,0.20502102,0.794979
sp88,0.04332137,0.9566786
sp115,0.04332137,0.9566786
sp116,0.04332137,0.9566786
sp119,0.014803648,0.98519635
sp120,0.014803648,0.98519635
