accepted_species,0,1
sp24,0.27498597,0.72501403
sp25,0.49100894,0.50899106
sp34,0.1732189,0.8267811
sp45,0.037296355,0.96270365
sp85,0.08181077,0.9181892
sp88,0.23072445,0.76927555
sp115,0.23072445,0.76927555
sp116,0.7621244,0.23787555
sp119,0.047167897,0.9528321
sp120,0.14761865,0.85238135
