accepted_species,0,1
sp24,0.2192257,0.7807743
sp25,0.2192257,0.7807743
sp34,0.026062667,0.97393733
sp45,0.026062667,0.97393733
sp85,0.026062667,0.97393733
sp88,0.026062667,0.97393733
sp115,0.040792823,0.9592072
sp116,0.040792823,0.9592072
sp119,0.048760116,0.9512399
sp120,0.048760116,0.9512399
