accepted_species,0,1
t84,0.4783740490462751,0.5216259509537249
t102,0.4786627716797496,0.5213372283202504
t121,0.480874859025061,0.519125140974939
t149,0.4809066769445053,0.5190933230554947
t155,0.476419700324513,0.523580299675487
t166,0.4786922969442202,0.5213077030557798
t168,0.4781592633294136,0.5218407366705864
t170,0.4759915873423983,0.5240084126576017
t178,0.4758564320530547,0.5241435679469453
t189,0.4781585234931601,0.5218414765068399
