"accepted_species","0","1"
"t84","0.49986598848913","0.500134011510869"
"t102","0.504296987071522","0.495703012928478"
"t121","0.615710999618494","0.384289000381506"
"t149","0.689521055203507","0.310478944796493"
"t155","0.27343454582064","0.726565454179361"
"t166","0.171040422361831","0.828959577638169"
"t168","0.14883495358847","0.85116504641153"
"t170","0.118853865127486","0.881146134872514"
"t178","0.0174028137674854","0.982597186232515"
"t189","0.997503241465783","0.0024967585342171"
