accepted_species,0,1
t56,0.48245633,0.5175437
t60,0.48245633,0.5175437
t74,0.47192895,0.52807105
t87,0.48245633,0.5175437
t137,0.48245633,0.5175437
t138,0.48245633,0.5175437
t139,0.48245633,0.5175437
t141,0.48245633,0.5175437
t181,0.48245633,0.5175437
t182,0.48245633,0.5175437
