accepted_species,0,1
t84,0.45959777,0.54040223
t102,0.47974062,0.5202594
t121,0.48542118,0.5145788
t149,0.4891588,0.5108412
t155,0.46093243,0.53906757
t166,0.47974062,0.5202594
t168,0.48097295,0.51902705
t170,0.49213982,0.5078602
t178,0.40886974,0.59113026
t189,0.47806084,0.52193916
