accepted_species,0,1
t56,0.4162439,0.5837561
t60,0.41377538,0.5862246
t74,0.4162439,0.5837561
t87,0.41377538,0.5862246
t137,0.4162439,0.5837561
t138,0.41377538,0.5862246
t139,0.41377538,0.5862246
t141,0.4162439,0.5837561
t181,0.4162439,0.5837561
t182,0.4162439,0.5837561
