accepted_species,estimate
Galium_bifolium,-0.4547094362068998
Galium_boreale,-0.5632867970471283
Galium_concinnum,-0.3451191044927376
Galium_labradoricum,-0.44639266748973766
Galium_lucidum,-0.4010722411691799
Galium_murale,-0.24297827319814053
Galium_palustre,0.11912060408175423
Galium_parisiense,-0.31504628628599823
Galium_spurium,-0.6370030958976076
Galium_sylvaticum,-0.29537957208934146
