"accepted_species","estimate"
"Galium_bifolium",-0.385221178914462
"Galium_boreale",-0.382827250488934
"Galium_concinnum",-0.379862360729944
"Galium_labradoricum",-0.379862360729944
"Galium_lucidum",-0.400731630340731
"Galium_murale",-0.374006777618537
"Galium_palustre",-0.40348169175887
"Galium_parisiense",-0.374006777618537
"Galium_spurium",-0.379862360729944
"Galium_sylvaticum",-0.39704920358662
