accepted_species,0,1
t35,0.5107990330201588,0.4892009669798411
t36,0.5107990330201588,0.4892009669798411
t79,0.51124419996649,0.48875580003351005
t80,0.51124419996649,0.48875580003351005
t70,0.5112161430953885,0.4887838569046114
t26,0.510620172275341,0.48937982772465904
t47,0.5098300456887499,0.49016995431125016
t48,0.5098300456887499,0.49016995431125016
t57,0.5098419545589986,0.4901580454410014
t58,0.5098419545589986,0.4901580454410014
