accepted_species,0,1
t35,0.47242485331996276,0.5275751466800372
t36,0.47011192393806756,0.5298880760619324
t79,0.47180065394161985,0.5281993460583801
t80,0.4718787738229778,0.5281212261770222
t70,0.47105237417411927,0.5289476258258807
t26,0.4715512648519502,0.5284487351480498
t47,0.47367046745665675,0.5263295325433432
t48,0.47407510652729734,0.5259248934727027
t57,0.4759845658817283,0.5240154341182717
t58,0.47562793074933984,0.5243720692506602
