"accepted_species","0","1"
"t35","0.999948544459899","5.14555401010082e-05"
"t36","0.999948544459899","5.14555401010082e-05"
"t79","0.999953384156067","4.66158439329244e-05"
"t80","0.999953384156067","4.66158439329244e-05"
"t70","0.999953384156067","4.66158439329244e-05"
"t26","0.999948036567544","5.19634324562151e-05"
"t47","0.999984387355972","1.56126440285377e-05"
"t48","0.999984387355972","1.56126440285377e-05"
"t57","0.999984387355972","1.56126440285377e-05"
"t58","0.999984387355972","1.56126440285377e-05"
