accepted_species,0,1
t47,0.787989914122184,0.21201008587781603
t52,0.7948460460528874,0.2051539539471125
t24,0.6849387870996528,0.31506121290034717
t72,0.6805772658117201,0.31942273418827993
t26,0.6907931273095448,0.3092068726904552
t2,0.7039594695874575,0.2960405304125425
t96,0.6937683026956261,0.30623169730437394
t53,0.6654366478113765,0.3345633521886236
t34,0.6846176955547713,0.31538230444522874
t1,0.7053591295005928,0.2946408704994072
