accepted_species,0,1
Bobea_timonioides,0.84530675,0.15469326
Plocama_botschantzevii,0.91594046,0.08405955
Mitracarpus_polygonifolius,0.84530675,0.15469326
Urophyllum_congestiflorum,0.84530675,0.15469326
Galium_falconeri,0.91594046,0.08405955
Hedyotis_nodiflora,0.84530675,0.15469326
Toxocarpus_oliganthus,0.7634876,0.23651244
Periploca_forrestii,0.7634876,0.23651244
Pavetta_hongkongensis,0.91594046,0.08405955
Gentiana_ranae,0.84530675,0.15469326
