accepted_species,estimate
t51,0.44361666628688634
t144,0.4394989930214846
t45,0.133461020860311
t76,-0.40899059326225595
t148,1.4486926652922565
t13,0.25744646045225583
t60,0.6389305684850977
t111,0.8695902101464554
t118,0.7525072856059437
t58,0.5634764818968497
t75,0.47837992568055165
t152,0.4805321271734204
t105,-1.782869439071189
t48,-1.6991549299158477
t50,-1.6889375748328237
