accepted_species,estimate
t51,0.5297331921364143
t144,0.7486732142163411
t45,0.09889536779712009
t76,-0.7098883018197503
t148,0.3661073186915969
t13,0.4130347108023565
t60,0.8791364326700625
t111,0.7465702755695368
t118,0.7318478445225313
t58,0.6726343530194786
t75,0.46603483261020856
t152,0.6198300434948604
t105,-1.944683127226069
t48,-1.4828297337471288
t50,-1.3062012714344275
