accepted_species,0,1
sp154,0.26643063766150976,0.7335693623384902
sp234,0.2689080842517124,0.7310919157482876
sp253,0.30463480943305643,0.6953651905669436
sp256,0.306225054736763,0.693774945263237
sp263,0.28693328048040745,0.7130667195195926
sp275,0.26366501689654165,0.7363349831034584
sp286,0.3047125730005311,0.6952874269994689
sp292,0.2573989660363014,0.7426010339636986
sp296,0.2449040430279451,0.7550959569720549
sp309,0.3051494963735365,0.6948505036264635
