accepted_species,0,1
sp154,0.2588539647929565,0.7411460352070435
sp234,0.24077125745386352,0.7592287425461365
sp253,0.3118031993242446,0.6881968006757554
sp256,0.4624423552513097,0.5375576447486903
sp263,0.24777473299887465,0.7522252670011254
sp275,0.2558609447985213,0.7441390552014787
sp286,0.3120164986304982,0.6879835013695018
sp292,0.2566714669598471,0.7433285330401529
sp296,0.16170715672500569,0.8382928432749943
sp309,0.30702584709166614,0.6929741529083339
