accepted_species,estimate
t53,0.6961104042807579
t36,0.8946590954831763
t25,-0.380933342765887
t23,-0.4046291205112637
t24,-0.40462912051126326
t80,-0.5301794897500508
t61,-0.5173258400586114
t99,-0.320102977869035
t100,-0.32010297786903497
t34,0.3628903429052994
