accepted_species,estimate
t53,0.983685
t36,0.40352586
t25,0.52724344
t23,-0.43790713
t24,-0.36911118
t80,-0.8375721
t61,-0.27912965
t99,-0.2709995
t100,-0.2709995
t34,1.5339916
