accepted_species,estimate
t88,-0.678928965936493
t107,-0.6738992274791406
t108,-0.6809777928697109
t53,-0.6169075190507286
t44,0.348590565298102
t31,0.30697561540941304
t23,0.28432668630616853
t42,0.941583880897244
t58,0.9614710826716133
t40,0.8916807496402668
t2,0.05014368839194625
t136,-0.5014539264391781
t150,-0.5020985567897929
t103,1.5709558484844024
t27,0.454681010967152
t8,0.38632897312366354
