accepted_species,estimate
t82,-0.383567043632003
t77,-0.00980871846964703
t126,-1.5338342905404325
t69,0.4838180143859888
t26,-0.1654542350209849
t155,1.41436514397502
t43,-0.3785747299607377
t148,0.8066667200509278
t80,-0.34531431077151076
t68,0.034087966017653966
t84,-0.08422680204325783
t19,-0.6375279379985769
t123,0.617665563693982
t138,-0.3993971764673486
t21,-0.685309889135871
