accepted_species,estimate
t82,0.15531267225157303
t77,-0.07107432277391774
t126,-1.1969822793514924
t69,0.39576088771164225
t26,1.0537948123942389
t155,1.705705227634938
t43,0.009732844253055577
t148,-0.059530916885854455
t80,-1.0126035663937432
t68,0.16704867420907302
t84,0.16889869820477826
t19,-0.0032628125911388925
t123,0.028035276536239
t138,-0.7347940105601579
t21,-0.3207091291148538
