accepted_species,0
t2,0.04934196291301632
t50,0.04934196291301632
t46,0.04934196291301632
t137,1.4171544246648555
t136,1.2641913885477023
t121,0.852386868328923
t127,-1.9751337729864502
t72,0.04934196291301632
t118,-1.6733281463070102
t12,0.04934196291301632
t111,0.0474981565772866
t44,0.04934196291301632
t81,0.04934196291301632
t84,0.04934196291301632
