"accepted_species","estimate"
"t2",-0.0803960085299557
"t50",0.0642239787886208
"t46",0.096114851493786
"t137",1.42188397346591
"t136",1.29888695263618
"t121",0.797588117309098
"t127",-1.96609297740438
"t72",-1.90204657959381
"t118",-1.77853164872547
"t12",-0.521415064095037
"t111",0.102717169306432
"t44",-0.947016106483744
"t81",-0.344199632395488
"t84",-0.203539285649189
