accepted_species,estimate
t60,0.2173313701315291
t59,0.21685880858618328
t38,0.057136618041443744
t42,-0.008556814583152994
t43,-0.008556814583152675
t8,0.029672471003667517
t93,0.012193706399610142
t94,0.012193706399610031
t33,0.036203884226486856
t92,0.03522761877897753
