accepted_species,estimate
t60,0.5613982002626393
t59,0.5099968674401149
t38,0.06571777335413487
t42,0.05011724462223566
t43,-0.06497824755051684
t8,0.08675794264064252
t93,0.09568995021772075
t94,0.28422268344883805
t33,-0.11001055892803158
t92,0.19096871752642552
