"accepted_species","estimate"
"t60",0.0808735567908694
"t59",0.081173651228363
"t38",0.0442875758477021
"t42",0.0367872411299137
"t43",0.0367872411299137
"t8",0.0388907847059465
"t93",0.00287650835708698
"t94",0.00287650835708698
"t33",0.105346470232388
"t92",0.143185809753662
