accepted_species,estimate
Blackstonia_perfoliata,-0.3795503243871944
Coffea_canephora,1.2714195531263104
Coprosma_foetidissima,0.29979007497485954
Coprosma_rhamnoides,0.3001229575106582
Fagraea_berteroana,-0.30376261020862905
Guettarda_uruguensis,-0.5433805501736328
Kelloggia_galioides,-0.26976817355548743
Pavetta_australiensis,1.2315660572030622
Swertia_bimaculata,-0.40599949857063933
Tabernaemontana_sananho,0.5791169663510022
