accepted_species,0
Blackstonia_perfoliata,0.0782181668738842
Coffea_canephora,0.0782181668738842
Coprosma_foetidissima,0.0782181668738842
Coprosma_rhamnoides,0.0782181668738842
Fagraea_berteroana,0.0782181668738842
Guettarda_uruguensis,0.0782181668738842
Kelloggia_galioides,0.0782181668738842
Pavetta_australiensis,0.0782181668738842
Swertia_bimaculata,0.0782181668738842
Tabernaemontana_sananho,0.0782181668738842
