accepted_species,0,1
t7,0.5802917528250287,0.4197082471749714
t83,0.5354941758495925,0.46450582415040753
t9,0.6023129202937301,0.39768707970627
t35,0.5725847711356995,0.42741522886430044
t46,0.5363572305963376,0.4636427694036624
t87,0.5369271335078853,0.4630728664921146
t52,0.5809546902534206,0.4190453097465794
t55,0.48733968424046314,0.5126603157595369
t66,0.5156099524501714,0.4843900475498286
t63,0.5415063872895625,0.4584936127104375
