accepted_species,0,1
t7,0.5555555555555556,0.4444444444444444
t83,1.0,0.0
t9,0.5555555555555556,0.4444444444444444
t35,1.0,0.0
t46,0.0,1.0
t87,0.0,1.0
t52,0.0,1.0
t55,0.0,1.0
t66,0.0,1.0
t63,0.0,1.0
