"accepted_species","0","1"
"t7","0.496224548836513","0.503775451163487"
"t83","0.922590998653297","0.0774090013467032"
"t9","0.777576309501863","0.222423690498137"
"t35","0.77538573417605","0.22461426582395"
"t46","0.0382472758645327","0.961752724135467"
"t87","0.034681160583651","0.965318839416349"
"t52","0.232273218332973","0.767726781667027"
"t55","0.00617272477037302","0.993827275229627"
"t66","0.108313187332495","0.891686812667505"
"t63","0.0977354362930073","0.902264563706993"
