accepted_species,0,1
t7,0.82824904,0.17175098
t83,0.42912716,0.57087284
t9,0.9448157,0.05518433
t35,0.91670626,0.08329376
t46,0.14205408,0.8579459
t87,0.19584262,0.8041574
t52,0.54310185,0.45689815
t55,0.25161844,0.74838156
t66,0.34669542,0.6533046
t63,0.35341388,0.6465861
