accepted_species,0,1
sp160,0.8110136952549089,0.18898630474509118
sp174,0.8110075340345898,0.18899246596541022
sp175,0.8110103365698811,0.1889896634301189
sp190,0.811037053033896,0.18896294696610402
sp202,0.8110248816032689,0.18897511839673106
sp203,0.8110279307933685,0.1889720692066315
sp206,0.8112163775150507,0.1887836224849493
sp222,0.8112198642279108,0.18878013577208919
sp225,0.811004715409692,0.18899528459030807
sp226,0.8110047826169419,0.18899521738305816
