accepted_species,0,1
sp160,0.74011624,0.25988373
sp174,0.8471494,0.15285063
sp175,0.74011624,0.25988373
sp190,0.84200436,0.15799566
sp202,0.8444905,0.15550947
sp203,0.8444905,0.15550947
sp206,0.8532667,0.14673331
sp222,0.8532667,0.14673331
sp225,0.84601086,0.15398914
sp226,0.84601086,0.15398914
