accepted_species,0,1
sp160,0.8838424,0.11615757
sp174,0.97287565,0.027124373
sp175,0.63014853,0.3698515
sp190,0.94559485,0.05440513
sp202,0.9944743,0.005525692
sp203,0.9800164,0.019983612
sp206,0.9753922,0.024607748
sp222,0.99428874,0.005711285
sp225,0.96825504,0.031744983
sp226,0.97287565,0.027124373
