accepted_species,0,1
t32,0.99463207,0.00536792
t40,0.99855494,0.0014450351
t13,0.9416869,0.058313098
t37,0.9771015,0.022898497
t70,0.9764717,0.023528261
t25,0.9894158,0.010584192
t82,0.9915411,0.008458931
t137,0.9796975,0.020302495
t22,0.7358098,0.26419017
t56,0.9969136,0.003086398
t83,0.99834126,0.0016587275
t128,0.996959,0.003041001
t102,0.12237704,0.87762296
t35,0.9919895,0.008010531
t127,0.9793263,0.02067371
t80,0.9793263,0.02067371
