accepted_species,0,1
t32,0.9990611,0.0009388958
t40,0.9990611,0.0009388958
t13,0.666094,0.333906
t37,0.8808588,0.1191412
t70,0.99012864,0.009871338
t25,0.97114164,0.02885837
t82,0.94522244,0.05477758
t137,0.92631257,0.07368742
t22,0.107521,0.892479
t56,0.9978977,0.0021023043
t83,0.9984587,0.0015412905
t128,0.9980355,0.0019645155
t102,0.44578862,0.5542114
t35,0.9648901,0.035109866
t127,0.77883613,0.22116385
t80,0.55461365,0.44538635
