accepted_species,0,1
t32,0.997919,0.0020809784
t40,0.9982828,0.0017171842
t13,0.9565484,0.043451585
t37,0.9460941,0.053905904
t70,0.4330365,0.5669635
t25,0.8667314,0.13326858
t82,0.9321789,0.06782109
t137,0.9704505,0.029549502
t22,0.44991225,0.55008775
t56,0.9981668,0.0018331778
t83,0.9933682,0.0066318014
t128,0.99857426,0.0014257141
t102,0.9864912,0.013508807
t35,0.99850416,0.0014958568
t127,0.9926854,0.00731461
t80,0.990644,0.009356018
