"accepted_species","0","1"
"t34",0.62769751483942,0.37230248516058
"t29",0.558660092759014,0.441339907240986
"t36",0.558660092759014,0.441339907240986
"t85",0.155103820387707,0.844896179612293
"t51",0.372964558331022,0.627035441668978
"t3",0.57839557277326,0.42160442722674
"t50",0.164149910246658,0.835850089753342
"t19",0.595288614434304,0.404711385565696
"t77",0.168341541602288,0.831658458397712
"t11",0.152709337884513,0.847290662115487
