accepted_species,0,1
t34,0.56364316,0.43635684
t29,0.73178554,0.26821446
t36,0.85025126,0.14974873
t85,0.52674407,0.47325593
t51,0.6413061,0.3586939
t3,0.6082723,0.39172772
t50,0.21158588,0.7884141
t19,0.34502012,0.6549799
t77,0.15090525,0.84909475
t11,0.69432473,0.3056753
