accepted_species,0,1
t34,0.5418292,0.45817074
t29,0.6671543,0.33284572
t36,0.66346776,0.3365322
t85,0.63402164,0.36597833
t51,0.6232121,0.37678787
t3,0.6149036,0.38509637
t50,0.27828264,0.72171736
t19,0.44655484,0.55344516
t77,0.3579967,0.6420033
t11,0.26488817,0.73511183
