accepted_species,0,1
t78,0.9646315690384696,0.0353684309615304
t79,0.9429100213896434,0.057089978610356626
t58,0.9456633954632641,0.054336604536735986
t59,0.9435120318037223,0.0564879681962777
t99,0.9485840018796223,0.051415998120377726
t100,0.9562417344077493,0.043758265592250704
t64,0.9514341955843054,0.0485658044156946
t49,0.9521157338716634,0.047884266128336586
t50,0.9366927782947216,0.0633072217052783
t13,0.9339390835029304,0.06606091649706955
