accepted_species,0,1
t78,0.48888888888888893,0.5111111111111111
t79,0.48888888888888893,0.5111111111111111
t58,0.48888888888888893,0.5111111111111111
t59,0.48888888888888893,0.5111111111111111
t99,0.48888888888888893,0.5111111111111111
t100,0.48888888888888893,0.5111111111111111
t64,0.48888888888888893,0.5111111111111111
t49,0.48888888888888893,0.5111111111111111
t50,0.48888888888888893,0.5111111111111111
t13,0.48888888888888893,0.5111111111111111
