accepted_species,0,1
t78,0.5782163,0.4217837
t79,0.5782163,0.4217837
t58,0.5782163,0.4217837
t59,0.5782163,0.4217837
t99,0.5782163,0.4217837
t100,0.5782163,0.4217837
t64,0.5782163,0.4217837
t49,0.5782163,0.4217837
t50,0.5782163,0.4217837
t13,0.73603356,0.26396647
