accepted_species,estimate
t97,0.23374245456568826
t98,-0.043293990587499664
t48,0.5642916323843366
t91,-0.21048039739577035
t71,0.18780880149546747
t72,0.24921810955701246
t31,0.2569879104867631
t42,-0.4376903130500199
t99,-0.5576680834031322
t63,-0.9810746582223937
