accepted_species,estimate
t9,-0.5520673844321908
t14,-0.4229838224160607
t3,-0.5355957054872247
t28,-0.30032708756946813
t48,-0.16780873059730328
t10,-0.5633163432486341
t37,0.5566812399198764
t21,0.3651668407868265
t65,0.47359028102449563
t94,0.3153286992184141
