accepted_species,0,1
t87,0.6490098823111009,0.3509901176888991
t90,0.6495490918556662,0.3504509081443338
t104,0.6285949064783429,0.3714050935216571
t120,0.6379850578286548,0.3620149421713453
t122,0.6501926470494956,0.3498073529505044
t144,0.6529334987355471,0.34706650126445293
t148,0.6466129428427306,0.35338705715726937
t166,0.6382230332059049,0.3617769667940951
t167,0.6382230332059049,0.36177696679409505
t177,0.6389352224217868,0.3610647775782132
