accepted_species,0,1
t87,0.6054063,0.39459372
t90,0.5754881,0.42451188
t104,0.7968844,0.20311561
t120,0.7629068,0.23709321
t122,0.6813612,0.3186388
t144,0.5654455,0.43455452
t148,0.71888524,0.28111476
t166,0.77192557,0.22807446
t167,0.78169906,0.21830091
t177,0.74571884,0.25428113
