accepted_species,0,1
t20,0.69427395,0.30572608
t67,0.7808163,0.21918371
t86,0.7499199,0.25008008
t90,0.80001426,0.19998571
t100,0.80962414,0.19037585
t110,0.8221298,0.17787023
t124,0.8305038,0.16949615
t128,0.76673144,0.23326856
t136,0.782378,0.217622
t139,0.8045428,0.1954572
