accepted_species,0,1
t72,0.3552354137044397,0.6447645862955603
t129,0.520587692439243,0.47941230756075703
t134,0.1309605276123067,0.8690394723876933
t148,0.3467770202742585,0.6532229797257415
t155,0.24532455119836738,0.7546754488016326
t167,0.5124415811515475,0.48755841884845247
t180,0.359030219629042,0.640969780370958
t210,0.27539461127561415,0.7246053887243858
t223,0.09601005408423069,0.9039899459157693
t232,0.4429953080975586,0.5570046919024414
