accepted_species,0,1
t58,0.33813477,0.66186523
t70,0.29789168,0.7021083
t99,0.35251915,0.64748085
t107,0.29789168,0.7021083
t147,0.33813477,0.66186523
t161,0.33813477,0.66186523
t166,0.25259548,0.7474045
t181,0.3321271,0.6678729
t204,0.385157,0.614843
t222,0.22042912,0.7795709
