accepted_species,estimate
t86,-0.4508050508826796
t148,-0.5913684852599828
t149,-0.741979501848314
t127,-0.5324233201637132
t128,-0.5613954858209713
t87,-0.5363931710711276
t38,-1.1284204854699962
t57,-0.6946162012963903
t58,-0.8790191140338008
t61,-0.9652444056273437
t120,-0.6846420593517346
t121,-1.0658398303400738
t55,-1.0887199258346607
t67,-0.7170534167092161
