accepted_species,0
t86,
t148,
t149,
t127,-0.148315351647752
t128,-0.148315351647752
t87,
t38,
t57,
t58,
t61,
t120,
t121,
t55,
t67,
