accepted_species,estimate
t86,-0.73037773
t148,-0.74159235
t149,-0.74159235
t127,-0.23046926
t128,-0.21967706
t87,-0.41501975
t38,-0.53971034
t57,-0.57268286
t58,-0.6074684
t61,-0.39509648
t120,-0.39337975
t121,-0.38895822
t55,-0.60274297
t67,-0.36347458
