accepted_species,0,1
t95,0.8586352978017717,0.14136470219822825
t85,0.8261753858714608,0.17382461412853925
t92,0.9413491734687874,0.058650826531212556
t73,0.9862322687983113,0.013767731201688768
t66,0.9929786911855899,0.007021308814410134
t24,0.9443290581374406,0.05567094186255934
t67,0.8333069292742001,0.1666930707257999
t76,0.85664925706817,0.14335074293183006
t77,0.8537760742930888,0.14622392570691123
t54,0.9270031977134902,0.07299680228650984
