accepted_species,0,1
t95,0.9066939937531482,0.09330600624685177
t85,0.9044137588682463,0.09558624113175378
t92,0.9270985066479114,0.07290149335208862
t73,0.8785038486459665,0.12149615135403344
t66,0.8812881261809681,0.1187118738190319
t24,0.8864235110854612,0.11357648891453881
t67,0.8648847587966315,0.13511524120336849
t76,0.8750920959257955,0.12490790407420448
t77,0.8750920959257955,0.12490790407420448
t54,0.8904132062809696,0.10958679371903036
