accepted_species,0,1
t95,0.86598325,0.13401675
t85,0.86598325,0.13401675
t92,0.9031808,0.09681923
t73,0.9234263,0.076573715
t66,0.9203488,0.0796512
t24,0.9055656,0.09443441
t67,0.8851912,0.11480881
t76,0.90186155,0.09813844
t77,0.90186155,0.09813844
t54,0.9055656,0.09443441
