accepted_species,estimate
Alibertia_edulis,0.8215375285573319
Arachnothryx_buddleioides,0.8725806434671592
Arachnothryx_galeottii,0.26755413315352383
Coprosma_propinqua,-0.44597102576996717
Cruciata_glabra,-0.1600846085842469
Exostema_caribaeum,0.4976031707173223
Faramea_occidentalis,0.9490945153778152
Hamelia_axillaris,1.2231183863483568
Nauclea_officinalis,0.8860859718127752
Randia_armata,0.9683496891970313
