accepted_species,0
Alibertia_edulis,0.03468015393188674
Arachnothryx_buddleioides,0.03468015393188674
Arachnothryx_galeottii,0.03468015393188674
Coprosma_propinqua,0.03468015393188674
Cruciata_glabra,0.03468015393188674
Exostema_caribaeum,0.03468015393188674
Faramea_occidentalis,0.03468015393188674
Hamelia_axillaris,0.03468015393188674
Nauclea_officinalis,0.03468015393188674
Randia_armata,0.03468015393188674
