accepted_species,0,1
t29,0.6072810950129754,0.3927189049870245
t30,0.6134303116999271,0.38656968830007293
t49,0.619498309618648,0.38050169038135195
t50,0.6225573772985575,0.37744262270144247
t76,0.6142850216954034,0.3857149783045966
t97,0.6160207005688283,0.3839792994311717
t99,0.6198006136261849,0.3801993863738151
t103,0.6158187487576878,0.38418125124231217
t113,0.6197417996035116,0.3802582003964884
t114,0.619743214344918,0.38025678565508203
