accepted_species,0,1
t29,0.57303584,0.4269642
t30,0.5640313,0.4359687
t49,0.64143455,0.35856542
t50,0.64143455,0.35856542
t76,0.57303584,0.4269642
t97,0.64143455,0.35856542
t99,0.77506745,0.22493257
t103,0.77506745,0.22493257
t113,0.57303584,0.4269642
t114,0.57303584,0.4269642
