accepted_species,0,1
t18,0.7803277,0.21967234
t67,0.4854234,0.5145766
t81,0.32672393,0.67327607
t72,0.88245976,0.117540225
t39,0.93419796,0.06580202
t42,0.4001847,0.5998153
t83,0.4431554,0.5568446
t84,0.46971744,0.53028256
t46,0.00051498413,0.999485
t63,0.00051498413,0.999485
