"accepted_species","0","1"
"t32",0.569004153348432,0.430995846651568
"t52",0.359836064383969,0.640163935616031
"t85",0.120321775539498,0.879678224460501
"t74",0.296110225704248,0.703889774295752
"t79",0.24621557445358,0.75378442554642
"t7",0.511376906645511,0.488623093354489
"t64",0.291137148313652,0.708862851686348
"t25",0.505851996144953,0.494148003855047
"t26",0.505851996144953,0.494148003855047
"t22",0.505851996144389,0.494148003855611
