accepted_species,0,1
t32,0.2895900874992029,0.7104099125007971
t52,0.29194038841295566,0.7080596115870443
t85,0.29165304054428964,0.7083469594557104
t74,0.28839086775819545,0.7116091322418046
t79,0.2896061539912177,0.7103938460087823
t7,0.2885183104419987,0.7114816895580013
t64,0.2762549794510557,0.7237450205489443
t25,0.2810463325217569,0.7189536674782431
t26,0.2825055543056282,0.7174944456943718
t22,0.2814453561613256,0.7185546438386744
