"accepted_species","0","1"
"t32","0.671407938095809","0.328592061904191"
"t52","0.213616841321298","0.786383158678702"
"t85","0.0428905663812667","0.957109433618733"
"t74","0.206421187401395","0.793578812598605"
"t79","0.163584397785114","0.836415602214886"
"t7","0.516115010748876","0.483884989251124"
"t64","0.156560171749307","0.843439828250693"
"t25","0.424956707139655","0.575043292860345"
"t26","0.424956707139655","0.575043292860345"
"t22","0.424956707139655","0.575043292860345"
