accepted_species,0,1
sp64,0.416335256976048,0.583664743023952
sp72,0.41688582999766666,0.5831141700023333
sp79,0.42790325907910465,0.5720967409208954
sp118,0.422894200119481,0.577105799880519
sp119,0.42288207188794236,0.5771179281120576
sp123,0.4229451785985916,0.5770548214014084
sp127,0.42289635000414205,0.577103649995858
sp137,0.42833385084067865,0.5716661491593213
sp141,0.42328774428519533,0.5767122557148047
sp143,0.42852478044870157,0.5714752195512984
