accepted_species,0,1
sp64,0.4222222222222223,0.5777777777777777
sp72,0.4222222222222223,0.5777777777777777
sp79,0.4222222222222223,0.5777777777777777
sp118,0.4222222222222223,0.5777777777777777
sp119,0.4222222222222223,0.5777777777777777
sp123,0.4222222222222223,0.5777777777777777
sp127,0.4222222222222223,0.5777777777777777
sp137,0.4222222222222223,0.5777777777777777
sp141,0.4222222222222223,0.5777777777777777
sp143,0.4222222222222223,0.5777777777777777
