accepted_species,0,1
sp64,0.025470257,0.97452974
sp72,0.33324957,0.66675043
sp79,0.38062024,0.61937976
sp118,0.090359926,0.9096401
sp119,0.059563696,0.9404363
sp123,0.9566332,0.043366797
sp127,0.9566332,0.043366797
sp137,0.7543141,0.24568588
sp141,0.43636614,0.56363386
sp143,0.009639382,0.9903606
