accepted_species,0,1
sp64,0.2575463,0.7424537
sp72,0.51690257,0.48309746
sp79,0.46687275,0.53312725
sp118,0.45589596,0.54410404
sp119,0.45589596,0.54410404
sp123,0.48259896,0.51740104
sp127,0.4577574,0.5422426
sp137,0.5825205,0.41747954
sp141,0.46090978,0.5390902
sp143,0.28701448,0.7129855
