accepted_species,0,1
sp64,0.27024245,0.72975755
sp72,0.49208838,0.5079116
sp79,0.64012575,0.35987428
sp118,0.2623672,0.7376328
sp119,0.2623672,0.7376328
sp123,0.56764513,0.43235487
sp127,0.36803722,0.6319628
sp137,0.5622468,0.43775317
sp141,0.5163026,0.48369738
sp143,0.21629465,0.78370535
