"","t52","t53","t9","t8","t90","t91","t36","t10","t79","t80","t43","t44","t20","t25","t26","t27","t83","t84","t23","t96","t97","t33","t34","t11","t75","t76","t46","t47","t14","t17","t50","t51","t21","t65","t66","t94","t95","t37","t81","t82","t41","t22","t48","t49","t4","t5","t58","t59","t30","t28","t29","t85","t86","t38","t60","t61","t42","t77","t78","t67","t68","t54","t57","t70","t71","t45","t16","t12","t13","t2","t3","t6","t24","t32","t98","t99","t100","t72","t73","t64","t88","t89","t87","t74","t69","t18","t19","t15","t62","t63","t92","t93","t55","t56","t31","t39","t40","t35","t7","t1"
"t52",0,0.6651163268,2.8454946164,3.8161732333,3.81617323349,3.81617323349,3.81617323343,3.81617323313,5.5132274357,5.5132274357,5.5132274357,5.5132274357,5.5132274355,5.51322743582,5.51322743576,5.51322743576,5.51322743582,5.51322743582,5.51322743582,5.51322743585,5.51322743585,5.51322743584,5.51322743584,6.7837490525,6.78374905229,6.78374905229,6.78374905239,6.78374905239,6.78374905239,6.783749051967,6.783749052227,6.783749052227,6.783749052027,6.783749052267,6.783749052267,6.783749052217,6.783749052217,6.783749052227,6.783749052367,6.783749052367,6.783749052367,6.783749052367,6.783749052367,6.783749052367,6.7837490527,6.7837490522,6.7837490525,6.7837490525,6.7837490525,6.7837490525,6.7837490525,6.783749052,6.783749052,6.7837490525,6.78374905247,6.78374905247,6.78374905247,6.7837490524,6.7837490524,6.78374905252,6.78374905252,6.78374905252,6.78374905249,6.78374905253,6.78374905253,6.7837490525,6.7837490523,6.7837490521,6.7837490521,9.5550755103,9.5550755104,9.5550755106,9.5550755103,9.55507551032,9.55507551028,9.55507551028,9.55507551028,9.55507551031,9.55507551031,9.55507551032,9.555075510266,9.555075510266,9.55507551027,9.55507551026,9.55507551028,9.55507551067,9.55507551067,9.5550755101,9.5550755104,9.5550755104,9.55507551025,9.55507551025,9.55507551018,9.55507551018,9.55507551028,9.55507551021,9.55507551021,9.55507551028,9.55507551,9.5550755103
"t53",0.6651163268,0,2.8454946164,3.8161732333,3.81617323349,3.81617323349,3.81617323343,3.81617323313,5.5132274357,5.5132274357,5.5132274357,5.5132274357,5.5132274355,5.51322743582,5.51322743576,5.51322743576,5.51322743582,5.51322743582,5.51322743582,5.51322743585,5.51322743585,5.51322743584,5.51322743584,6.7837490525,6.78374905229,6.78374905229,6.78374905239,6.78374905239,6.78374905239,6.783749051967,6.783749052227,6.783749052227,6.783749052027,6.783749052267,6.783749052267,6.783749052217,6.783749052217,6.783749052227,6.783749052367,6.783749052367,6.783749052367,6.783749052367,6.783749052367,6.783749052367,6.7837490527,6.7837490522,6.7837490525,6.7837490525,6.7837490525,6.7837490525,6.7837490525,6.783749052,6.783749052,6.7837490525,6.78374905247,6.78374905247,6.78374905247,6.7837490524,6.7837490524,6.78374905252,6.78374905252,6.78374905252,6.78374905249,6.78374905253,6.78374905253,6.7837490525,6.7837490523,6.7837490521,6.7837490521,9.5550755103,9.5550755104,9.5550755106,9.5550755103,9.55507551032,9.55507551028,9.55507551028,9.55507551028,9.55507551031,9.55507551031,9.55507551032,9.555075510266,9.555075510266,9.55507551027,9.55507551026,9.55507551028,9.55507551067,9.55507551067,9.5550755101,9.5550755104,9.5550755104,9.55507551025,9.55507551025,9.55507551018,9.55507551018,9.55507551028,9.55507551021,9.55507551021,9.55507551028,9.55507551,9.5550755103
"t9",2.8454946164,2.8454946164,0,3.8161732329,3.81617323309,3.81617323309,3.81617323303,3.81617323273,5.5132274353,5.5132274353,5.5132274353,5.5132274353,5.5132274351,5.51322743542,5.51322743536,5.51322743536,5.51322743542,5.51322743542,5.51322743542,5.51322743545,5.51322743545,5.51322743544,5.51322743544,6.7837490521,6.78374905189,6.78374905189,6.78374905199,6.78374905199,6.78374905199,6.783749051567,6.783749051827,6.783749051827,6.783749051627,6.783749051867,6.783749051867,6.783749051817,6.783749051817,6.783749051827,6.783749051967,6.783749051967,6.783749051967,6.783749051967,6.783749051967,6.783749051967,6.7837490523,6.7837490518,6.7837490521,6.7837490521,6.7837490521,6.7837490521,6.7837490521,6.7837490516,6.7837490516,6.7837490521,6.78374905207,6.78374905207,6.78374905207,6.783749052,6.783749052,6.78374905212,6.78374905212,6.78374905212,6.78374905209,6.78374905213,6.78374905213,6.7837490521,6.7837490519,6.7837490517,6.7837490517,9.5550755099,9.55507551,9.5550755102,9.5550755099,9.55507550992,9.55507550988,9.55507550988,9.55507550988,9.55507550991,9.55507550991,9.55507550992,9.555075509866,9.555075509866,9.55507550987,9.55507550986,9.55507550988,9.55507551027,9.55507551027,9.5550755097,9.55507551,9.55507551,9.55507550985,9.55507550985,9.55507550978,9.55507550978,9.55507550988,9.55507550981,9.55507550981,9.55507550988,9.5550755096,9.5550755099
"t8",3.8161732333,3.8161732333,3.8161732329,0,2.93897294419,2.93897294419,2.93897294413,2.93897294383,5.5132274356,5.5132274356,5.5132274356,5.5132274356,5.5132274354,5.51322743572,5.51322743566,5.51322743566,5.51322743572,5.51322743572,5.51322743572,5.51322743575,5.51322743575,5.51322743574,5.51322743574,6.7837490524,6.78374905219,6.78374905219,6.78374905229,6.78374905229,6.78374905229,6.783749051867,6.783749052127,6.783749052127,6.783749051927,6.783749052167,6.783749052167,6.783749052117,6.783749052117,6.783749052127,6.783749052267,6.783749052267,6.783749052267,6.783749052267,6.783749052267,6.783749052267,6.7837490526,6.7837490521,6.7837490524,6.7837490524,6.7837490524,6.7837490524,6.7837490524,6.7837490519,6.7837490519,6.7837490524,6.78374905237,6.78374905237,6.78374905237,6.7837490523,6.7837490523,6.78374905242,6.78374905242,6.78374905242,6.78374905239,6.78374905243,6.78374905243,6.7837490524,6.7837490522,6.783749052,6.783749052,9.5550755102,9.5550755103,9.5550755105,9.5550755102,9.55507551022,9.55507551018,9.55507551018,9.55507551018,9.55507551021,9.55507551021,9.55507551022,9.555075510166,9.555075510166,9.55507551017,9.55507551016,9.55507551018,9.55507551057,9.55507551057,9.55507551,9.5550755103,9.5550755103,9.55507551015,9.55507551015,9.55507551008,9.55507551008,9.55507551018,9.55507551011,9.55507551011,9.55507551018,9.5550755099,9.5550755102
"t90",3.81617323349,3.81617323349,3.81617323309,2.93897294419,0,0.10508863572,1.13107180686,2.84115407236,5.51322743579,5.51322743579,5.51322743579,5.51322743579,5.51322743559,5.51322743591,5.51322743585,5.51322743585,5.51322743591,5.51322743591,5.51322743591,5.51322743594,5.51322743594,5.51322743593,5.51322743593,6.78374905259,6.78374905238,6.78374905238,6.78374905248,6.78374905248,6.78374905248,6.783749052057,6.783749052317,6.783749052317,6.783749052117,6.783749052357,6.783749052357,6.783749052307,6.783749052307,6.783749052317,6.783749052457,6.783749052457,6.783749052457,6.783749052457,6.783749052457,6.783749052457,6.78374905279,6.78374905229,6.78374905259,6.78374905259,6.78374905259,6.78374905259,6.78374905259,6.78374905209,6.78374905209,6.78374905259,6.78374905256,6.78374905256,6.78374905256,6.78374905249,6.78374905249,6.78374905261,6.78374905261,6.78374905261,6.78374905258,6.78374905262,6.78374905262,6.78374905259,6.78374905239,6.78374905219,6.78374905219,9.55507551039,9.55507551049,9.55507551069,9.55507551039,9.55507551041,9.55507551037,9.55507551037,9.55507551037,9.5550755104,9.5550755104,9.55507551041,9.555075510356,9.555075510356,9.55507551036,9.55507551035,9.55507551037,9.55507551076,9.55507551076,9.55507551019,9.55507551049,9.55507551049,9.55507551034,9.55507551034,9.55507551027,9.55507551027,9.55507551037,9.5550755103,9.5550755103,9.55507551037,9.55507551009,9.55507551039
"t91",3.81617323349,3.81617323349,3.81617323309,2.93897294419,0.10508863572,0,1.13107180686,2.84115407236,5.51322743579,5.51322743579,5.51322743579,5.51322743579,5.51322743559,5.51322743591,5.51322743585,5.51322743585,5.51322743591,5.51322743591,5.51322743591,5.51322743594,5.51322743594,5.51322743593,5.51322743593,6.78374905259,6.78374905238,6.78374905238,6.78374905248,6.78374905248,6.78374905248,6.783749052057,6.783749052317,6.783749052317,6.783749052117,6.783749052357,6.783749052357,6.783749052307,6.783749052307,6.783749052317,6.783749052457,6.783749052457,6.783749052457,6.783749052457,6.783749052457,6.783749052457,6.78374905279,6.78374905229,6.78374905259,6.78374905259,6.78374905259,6.78374905259,6.78374905259,6.78374905209,6.78374905209,6.78374905259,6.78374905256,6.78374905256,6.78374905256,6.78374905249,6.78374905249,6.78374905261,6.78374905261,6.78374905261,6.78374905258,6.78374905262,6.78374905262,6.78374905259,6.78374905239,6.78374905219,6.78374905219,9.55507551039,9.55507551049,9.55507551069,9.55507551039,9.55507551041,9.55507551037,9.55507551037,9.55507551037,9.5550755104,9.5550755104,9.55507551041,9.555075510356,9.555075510356,9.55507551036,9.55507551035,9.55507551037,9.55507551076,9.55507551076,9.55507551019,9.55507551049,9.55507551049,9.55507551034,9.55507551034,9.55507551027,9.55507551027,9.55507551037,9.5550755103,9.5550755103,9.55507551037,9.55507551009,9.55507551039
"t36",3.81617323343,3.81617323343,3.81617323303,2.93897294413,1.13107180686,1.13107180686,0,2.8411540723,5.51322743573,5.51322743573,5.51322743573,5.51322743573,5.51322743553,5.51322743585,5.51322743579,5.51322743579,5.51322743585,5.51322743585,5.51322743585,5.51322743588,5.51322743588,5.51322743587,5.51322743587,6.78374905253,6.78374905232,6.78374905232,6.78374905242,6.78374905242,6.78374905242,6.783749051997,6.783749052257,6.783749052257,6.783749052057,6.783749052297,6.783749052297,6.783749052247,6.783749052247,6.783749052257,6.783749052397,6.783749052397,6.783749052397,6.783749052397,6.783749052397,6.783749052397,6.78374905273,6.78374905223,6.78374905253,6.78374905253,6.78374905253,6.78374905253,6.78374905253,6.78374905203,6.78374905203,6.78374905253,6.7837490525,6.7837490525,6.7837490525,6.78374905243,6.78374905243,6.78374905255,6.78374905255,6.78374905255,6.78374905252,6.78374905256,6.78374905256,6.78374905253,6.78374905233,6.78374905213,6.78374905213,9.55507551033,9.55507551043,9.55507551063,9.55507551033,9.55507551035,9.55507551031,9.55507551031,9.55507551031,9.55507551034,9.55507551034,9.55507551035,9.555075510296,9.555075510296,9.5550755103,9.55507551029,9.55507551031,9.5550755107,9.5550755107,9.55507551013,9.55507551043,9.55507551043,9.55507551028,9.55507551028,9.55507551021,9.55507551021,9.55507551031,9.55507551024,9.55507551024,9.55507551031,9.55507551003,9.55507551033
"t10",3.81617323313,3.81617323313,3.81617323273,2.93897294383,2.84115407236,2.84115407236,2.8411540723,0,5.51322743543,5.51322743543,5.51322743543,5.51322743543,5.51322743523,5.51322743555,5.51322743549,5.51322743549,5.51322743555,5.51322743555,5.51322743555,5.51322743558,5.51322743558,5.51322743557,5.51322743557,6.78374905223,6.78374905202,6.78374905202,6.78374905212,6.78374905212,6.78374905212,6.783749051697,6.783749051957,6.783749051957,6.783749051757,6.783749051997,6.783749051997,6.783749051947,6.783749051947,6.783749051957,6.783749052097,6.783749052097,6.783749052097,6.783749052097,6.783749052097,6.783749052097,6.78374905243,6.78374905193,6.78374905223,6.78374905223,6.78374905223,6.78374905223,6.78374905223,6.78374905173,6.78374905173,6.78374905223,6.7837490522,6.7837490522,6.7837490522,6.78374905213,6.78374905213,6.78374905225,6.78374905225,6.78374905225,6.78374905222,6.78374905226,6.78374905226,6.78374905223,6.78374905203,6.78374905183,6.78374905183,9.55507551003,9.55507551013,9.55507551033,9.55507551003,9.55507551005,9.55507551001,9.55507551001,9.55507551001,9.55507551004,9.55507551004,9.55507551005,9.555075509996,9.555075509996,9.55507551,9.55507550999,9.55507551001,9.5550755104,9.5550755104,9.55507550983,9.55507551013,9.55507551013,9.55507550998,9.55507550998,9.55507550991,9.55507550991,9.55507551001,9.55507550994,9.55507550994,9.55507551001,9.55507550973,9.55507551003
"t79",5.5132274357,5.5132274357,5.5132274353,5.5132274356,5.51322743579,5.51322743579,5.51322743573,5.51322743543,0,0.2808045816,1.0425874956,1.0425874956,3.7387913414,3.73879134172,3.73879134166,3.73879134166,3.73879134172,3.73879134172,3.73879134172,4.37546611855,4.37546611855,4.37546611854,4.37546611854,6.7837490524,6.78374905219,6.78374905219,6.78374905229,6.78374905229,6.78374905229,6.783749051867,6.783749052127,6.783749052127,6.783749051927,6.783749052167,6.783749052167,6.783749052117,6.783749052117,6.783749052127,6.783749052267,6.783749052267,6.783749052267,6.783749052267,6.783749052267,6.783749052267,6.7837490526,6.7837490521,6.7837490524,6.7837490524,6.7837490524,6.7837490524,6.7837490524,6.7837490519,6.7837490519,6.7837490524,6.78374905237,6.78374905237,6.78374905237,6.7837490523,6.7837490523,6.78374905242,6.78374905242,6.78374905242,6.78374905239,6.78374905243,6.78374905243,6.7837490524,6.7837490522,6.783749052,6.783749052,9.5550755102,9.5550755103,9.5550755105,9.5550755102,9.55507551022,9.55507551018,9.55507551018,9.55507551018,9.55507551021,9.55507551021,9.55507551022,9.555075510166,9.555075510166,9.55507551017,9.55507551016,9.55507551018,9.55507551057,9.55507551057,9.55507551,9.5550755103,9.5550755103,9.55507551015,9.55507551015,9.55507551008,9.55507551008,9.55507551018,9.55507551011,9.55507551011,9.55507551018,9.5550755099,9.5550755102
"t80",5.5132274357,5.5132274357,5.5132274353,5.5132274356,5.51322743579,5.51322743579,5.51322743573,5.51322743543,0.2808045816,0,1.0425874956,1.0425874956,3.7387913414,3.73879134172,3.73879134166,3.73879134166,3.73879134172,3.73879134172,3.73879134172,4.37546611855,4.37546611855,4.37546611854,4.37546611854,6.7837490524,6.78374905219,6.78374905219,6.78374905229,6.78374905229,6.78374905229,6.783749051867,6.783749052127,6.783749052127,6.783749051927,6.783749052167,6.783749052167,6.783749052117,6.783749052117,6.783749052127,6.783749052267,6.783749052267,6.783749052267,6.783749052267,6.783749052267,6.783749052267,6.7837490526,6.7837490521,6.7837490524,6.7837490524,6.7837490524,6.7837490524,6.7837490524,6.7837490519,6.7837490519,6.7837490524,6.78374905237,6.78374905237,6.78374905237,6.7837490523,6.7837490523,6.78374905242,6.78374905242,6.78374905242,6.78374905239,6.78374905243,6.78374905243,6.7837490524,6.7837490522,6.783749052,6.783749052,9.5550755102,9.5550755103,9.5550755105,9.5550755102,9.55507551022,9.55507551018,9.55507551018,9.55507551018,9.55507551021,9.55507551021,9.55507551022,9.555075510166,9.555075510166,9.55507551017,9.55507551016,9.55507551018,9.55507551057,9.55507551057,9.55507551,9.5550755103,9.5550755103,9.55507551015,9.55507551015,9.55507551008,9.55507551008,9.55507551018,9.55507551011,9.55507551011,9.55507551018,9.5550755099,9.5550755102
"t43",5.5132274357,5.5132274357,5.5132274353,5.5132274356,5.51322743579,5.51322743579,5.51322743573,5.51322743543,1.0425874956,1.0425874956,0,0.8330919824,3.7387913414,3.73879134172,3.73879134166,3.73879134166,3.73879134172,3.73879134172,3.73879134172,4.37546611855,4.37546611855,4.37546611854,4.37546611854,6.7837490524,6.78374905219,6.78374905219,6.78374905229,6.78374905229,6.78374905229,6.783749051867,6.783749052127,6.783749052127,6.783749051927,6.783749052167,6.783749052167,6.783749052117,6.783749052117,6.783749052127,6.783749052267,6.783749052267,6.783749052267,6.783749052267,6.783749052267,6.783749052267,6.7837490526,6.7837490521,6.7837490524,6.7837490524,6.7837490524,6.7837490524,6.7837490524,6.7837490519,6.7837490519,6.7837490524,6.78374905237,6.78374905237,6.78374905237,6.7837490523,6.7837490523,6.78374905242,6.78374905242,6.78374905242,6.78374905239,6.78374905243,6.78374905243,6.7837490524,6.7837490522,6.783749052,6.783749052,9.5550755102,9.5550755103,9.5550755105,9.5550755102,9.55507551022,9.55507551018,9.55507551018,9.55507551018,9.55507551021,9.55507551021,9.55507551022,9.555075510166,9.555075510166,9.55507551017,9.55507551016,9.55507551018,9.55507551057,9.55507551057,9.55507551,9.5550755103,9.5550755103,9.55507551015,9.55507551015,9.55507551008,9.55507551008,9.55507551018,9.55507551011,9.55507551011,9.55507551018,9.5550755099,9.5550755102
"t44",5.5132274357,5.5132274357,5.5132274353,5.5132274356,5.51322743579,5.51322743579,5.51322743573,5.51322743543,1.0425874956,1.0425874956,0.8330919824,0,3.7387913414,3.73879134172,3.73879134166,3.73879134166,3.73879134172,3.73879134172,3.73879134172,4.37546611855,4.37546611855,4.37546611854,4.37546611854,6.7837490524,6.78374905219,6.78374905219,6.78374905229,6.78374905229,6.78374905229,6.783749051867,6.783749052127,6.783749052127,6.783749051927,6.783749052167,6.783749052167,6.783749052117,6.783749052117,6.783749052127,6.783749052267,6.783749052267,6.783749052267,6.783749052267,6.783749052267,6.783749052267,6.7837490526,6.7837490521,6.7837490524,6.7837490524,6.7837490524,6.7837490524,6.7837490524,6.7837490519,6.7837490519,6.7837490524,6.78374905237,6.78374905237,6.78374905237,6.7837490523,6.7837490523,6.78374905242,6.78374905242,6.78374905242,6.78374905239,6.78374905243,6.78374905243,6.7837490524,6.7837490522,6.783749052,6.783749052,9.5550755102,9.5550755103,9.5550755105,9.5550755102,9.55507551022,9.55507551018,9.55507551018,9.55507551018,9.55507551021,9.55507551021,9.55507551022,9.555075510166,9.555075510166,9.55507551017,9.55507551016,9.55507551018,9.55507551057,9.55507551057,9.55507551,9.5550755103,9.5550755103,9.55507551015,9.55507551015,9.55507551008,9.55507551008,9.55507551018,9.55507551011,9.55507551011,9.55507551018,9.5550755099,9.5550755102
"t20",5.5132274355,5.5132274355,5.5132274351,5.5132274354,5.51322743559,5.51322743559,5.51322743553,5.51322743523,3.7387913414,3.7387913414,3.7387913414,3.7387913414,0,2.22600757032,2.22600757026,2.22600757026,2.22600757032,2.22600757032,2.22600757032,4.37546611835,4.37546611835,4.37546611834,4.37546611834,6.7837490522,6.78374905199,6.78374905199,6.78374905209,6.78374905209,6.78374905209,6.783749051667,6.783749051927,6.783749051927,6.783749051727,6.783749051967,6.783749051967,6.783749051917,6.783749051917,6.783749051927,6.783749052067,6.783749052067,6.783749052067,6.783749052067,6.783749052067,6.783749052067,6.7837490524,6.7837490519,6.7837490522,6.7837490522,6.7837490522,6.7837490522,6.7837490522,6.7837490517,6.7837490517,6.7837490522,6.78374905217,6.78374905217,6.78374905217,6.7837490521,6.7837490521,6.78374905222,6.78374905222,6.78374905222,6.78374905219,6.78374905223,6.78374905223,6.7837490522,6.783749052,6.7837490518,6.7837490518,9.55507551,9.5550755101,9.5550755103,9.55507551,9.55507551002,9.55507550998,9.55507550998,9.55507550998,9.55507551001,9.55507551001,9.55507551002,9.555075509966,9.555075509966,9.55507550997,9.55507550996,9.55507550998,9.55507551037,9.55507551037,9.5550755098,9.5550755101,9.5550755101,9.55507550995,9.55507550995,9.55507550988,9.55507550988,9.55507550998,9.55507550991,9.55507550991,9.55507550998,9.5550755097,9.55507551
"t25",5.51322743582,5.51322743582,5.51322743542,5.51322743572,5.51322743591,5.51322743591,5.51322743585,5.51322743555,3.73879134172,3.73879134172,3.73879134172,3.73879134172,2.22600757032,0,1.37338924594,1.37338924594,2.1536974116,2.1536974116,2.1536974116,4.37546611867,4.37546611867,4.37546611866,4.37546611866,6.78374905252,6.78374905231,6.78374905231,6.78374905241,6.78374905241,6.78374905241,6.783749051987,6.783749052247,6.783749052247,6.783749052047,6.783749052287,6.783749052287,6.783749052237,6.783749052237,6.783749052247,6.783749052387,6.783749052387,6.783749052387,6.783749052387,6.783749052387,6.783749052387,6.78374905272,6.78374905222,6.78374905252,6.78374905252,6.78374905252,6.78374905252,6.78374905252,6.78374905202,6.78374905202,6.78374905252,6.78374905249,6.78374905249,6.78374905249,6.78374905242,6.78374905242,6.78374905254,6.78374905254,6.78374905254,6.78374905251,6.78374905255,6.78374905255,6.78374905252,6.78374905232,6.78374905212,6.78374905212,9.55507551032,9.55507551042,9.55507551062,9.55507551032,9.55507551034,9.5550755103,9.5550755103,9.5550755103,9.55507551033,9.55507551033,9.55507551034,9.555075510286,9.555075510286,9.55507551029,9.55507551028,9.5550755103,9.55507551069,9.55507551069,9.55507551012,9.55507551042,9.55507551042,9.55507551027,9.55507551027,9.5550755102,9.5550755102,9.5550755103,9.55507551023,9.55507551023,9.5550755103,9.55507551002,9.55507551032
"t26",5.51322743576,5.51322743576,5.51322743536,5.51322743566,5.51322743585,5.51322743585,5.51322743579,5.51322743549,3.73879134166,3.73879134166,3.73879134166,3.73879134166,2.22600757026,1.37338924594,0,1.3497450252,2.15369741154,2.15369741154,2.15369741154,4.37546611861,4.37546611861,4.3754661186,4.3754661186,6.78374905246,6.78374905225,6.78374905225,6.78374905235,6.78374905235,6.78374905235,6.783749051927,6.783749052187,6.783749052187,6.783749051987,6.783749052227,6.783749052227,6.783749052177,6.783749052177,6.783749052187,6.783749052327,6.783749052327,6.783749052327,6.783749052327,6.783749052327,6.783749052327,6.78374905266,6.78374905216,6.78374905246,6.78374905246,6.78374905246,6.78374905246,6.78374905246,6.78374905196,6.78374905196,6.78374905246,6.78374905243,6.78374905243,6.78374905243,6.78374905236,6.78374905236,6.78374905248,6.78374905248,6.78374905248,6.78374905245,6.78374905249,6.78374905249,6.78374905246,6.78374905226,6.78374905206,6.78374905206,9.55507551026,9.55507551036,9.55507551056,9.55507551026,9.55507551028,9.55507551024,9.55507551024,9.55507551024,9.55507551027,9.55507551027,9.55507551028,9.555075510226,9.555075510226,9.55507551023,9.55507551022,9.55507551024,9.55507551063,9.55507551063,9.55507551006,9.55507551036,9.55507551036,9.55507551021,9.55507551021,9.55507551014,9.55507551014,9.55507551024,9.55507551017,9.55507551017,9.55507551024,9.55507550996,9.55507551026
"t27",5.51322743576,5.51322743576,5.51322743536,5.51322743566,5.51322743585,5.51322743585,5.51322743579,5.51322743549,3.73879134166,3.73879134166,3.73879134166,3.73879134166,2.22600757026,1.37338924594,1.3497450252,0,2.15369741154,2.15369741154,2.15369741154,4.37546611861,4.37546611861,4.3754661186,4.3754661186,6.78374905246,6.78374905225,6.78374905225,6.78374905235,6.78374905235,6.78374905235,6.783749051927,6.783749052187,6.783749052187,6.783749051987,6.783749052227,6.783749052227,6.783749052177,6.783749052177,6.783749052187,6.783749052327,6.783749052327,6.783749052327,6.783749052327,6.783749052327,6.783749052327,6.78374905266,6.78374905216,6.78374905246,6.78374905246,6.78374905246,6.78374905246,6.78374905246,6.78374905196,6.78374905196,6.78374905246,6.78374905243,6.78374905243,6.78374905243,6.78374905236,6.78374905236,6.78374905248,6.78374905248,6.78374905248,6.78374905245,6.78374905249,6.78374905249,6.78374905246,6.78374905226,6.78374905206,6.78374905206,9.55507551026,9.55507551036,9.55507551056,9.55507551026,9.55507551028,9.55507551024,9.55507551024,9.55507551024,9.55507551027,9.55507551027,9.55507551028,9.555075510226,9.555075510226,9.55507551023,9.55507551022,9.55507551024,9.55507551063,9.55507551063,9.55507551006,9.55507551036,9.55507551036,9.55507551021,9.55507551021,9.55507551014,9.55507551014,9.55507551024,9.55507551017,9.55507551017,9.55507551024,9.55507550996,9.55507551026
"t83",5.51322743582,5.51322743582,5.51322743542,5.51322743572,5.51322743591,5.51322743591,5.51322743585,5.51322743555,3.73879134172,3.73879134172,3.73879134172,3.73879134172,2.22600757032,2.1536974116,2.15369741154,2.15369741154,0,0.247634602,1.9131545604,4.37546611867,4.37546611867,4.37546611866,4.37546611866,6.78374905252,6.78374905231,6.78374905231,6.78374905241,6.78374905241,6.78374905241,6.783749051987,6.783749052247,6.783749052247,6.783749052047,6.783749052287,6.783749052287,6.783749052237,6.783749052237,6.783749052247,6.783749052387,6.783749052387,6.783749052387,6.783749052387,6.783749052387,6.783749052387,6.78374905272,6.78374905222,6.78374905252,6.78374905252,6.78374905252,6.78374905252,6.78374905252,6.78374905202,6.78374905202,6.78374905252,6.78374905249,6.78374905249,6.78374905249,6.78374905242,6.78374905242,6.78374905254,6.78374905254,6.78374905254,6.78374905251,6.78374905255,6.78374905255,6.78374905252,6.78374905232,6.78374905212,6.78374905212,9.55507551032,9.55507551042,9.55507551062,9.55507551032,9.55507551034,9.5550755103,9.5550755103,9.5550755103,9.55507551033,9.55507551033,9.55507551034,9.555075510286,9.555075510286,9.55507551029,9.55507551028,9.5550755103,9.55507551069,9.55507551069,9.55507551012,9.55507551042,9.55507551042,9.55507551027,9.55507551027,9.5550755102,9.5550755102,9.5550755103,9.55507551023,9.55507551023,9.5550755103,9.55507551002,9.55507551032
"t84",5.51322743582,5.51322743582,5.51322743542,5.51322743572,5.51322743591,5.51322743591,5.51322743585,5.51322743555,3.73879134172,3.73879134172,3.73879134172,3.73879134172,2.22600757032,2.1536974116,2.15369741154,2.15369741154,0.247634602,0,1.9131545604,4.37546611867,4.37546611867,4.37546611866,4.37546611866,6.78374905252,6.78374905231,6.78374905231,6.78374905241,6.78374905241,6.78374905241,6.783749051987,6.783749052247,6.783749052247,6.783749052047,6.783749052287,6.783749052287,6.783749052237,6.783749052237,6.783749052247,6.783749052387,6.783749052387,6.783749052387,6.783749052387,6.783749052387,6.783749052387,6.78374905272,6.78374905222,6.78374905252,6.78374905252,6.78374905252,6.78374905252,6.78374905252,6.78374905202,6.78374905202,6.78374905252,6.78374905249,6.78374905249,6.78374905249,6.78374905242,6.78374905242,6.78374905254,6.78374905254,6.78374905254,6.78374905251,6.78374905255,6.78374905255,6.78374905252,6.78374905232,6.78374905212,6.78374905212,9.55507551032,9.55507551042,9.55507551062,9.55507551032,9.55507551034,9.5550755103,9.5550755103,9.5550755103,9.55507551033,9.55507551033,9.55507551034,9.555075510286,9.555075510286,9.55507551029,9.55507551028,9.5550755103,9.55507551069,9.55507551069,9.55507551012,9.55507551042,9.55507551042,9.55507551027,9.55507551027,9.5550755102,9.5550755102,9.5550755103,9.55507551023,9.55507551023,9.5550755103,9.55507551002,9.55507551032
"t23",5.51322743582,5.51322743582,5.51322743542,5.51322743572,5.51322743591,5.51322743591,5.51322743585,5.51322743555,3.73879134172,3.73879134172,3.73879134172,3.73879134172,2.22600757032,2.1536974116,2.15369741154,2.15369741154,1.9131545604,1.9131545604,0,4.37546611867,4.37546611867,4.37546611866,4.37546611866,6.78374905252,6.78374905231,6.78374905231,6.78374905241,6.78374905241,6.78374905241,6.783749051987,6.783749052247,6.783749052247,6.783749052047,6.783749052287,6.783749052287,6.783749052237,6.783749052237,6.783749052247,6.783749052387,6.783749052387,6.783749052387,6.783749052387,6.783749052387,6.783749052387,6.78374905272,6.78374905222,6.78374905252,6.78374905252,6.78374905252,6.78374905252,6.78374905252,6.78374905202,6.78374905202,6.78374905252,6.78374905249,6.78374905249,6.78374905249,6.78374905242,6.78374905242,6.78374905254,6.78374905254,6.78374905254,6.78374905251,6.78374905255,6.78374905255,6.78374905252,6.78374905232,6.78374905212,6.78374905212,9.55507551032,9.55507551042,9.55507551062,9.55507551032,9.55507551034,9.5550755103,9.5550755103,9.5550755103,9.55507551033,9.55507551033,9.55507551034,9.555075510286,9.555075510286,9.55507551029,9.55507551028,9.5550755103,9.55507551069,9.55507551069,9.55507551012,9.55507551042,9.55507551042,9.55507551027,9.55507551027,9.5550755102,9.5550755102,9.5550755103,9.55507551023,9.55507551023,9.5550755103,9.55507551002,9.55507551032
"t96",5.51322743585,5.51322743585,5.51322743545,5.51322743575,5.51322743594,5.51322743594,5.51322743588,5.51322743558,4.37546611855,4.37546611855,4.37546611855,4.37546611855,4.37546611835,4.37546611867,4.37546611861,4.37546611861,4.37546611867,4.37546611867,4.37546611867,0,0.0761352351,1.32684138069,1.32684138069,6.78374905255,6.78374905234,6.78374905234,6.78374905244,6.78374905244,6.78374905244,6.783749052017,6.783749052277,6.783749052277,6.783749052077,6.783749052317,6.783749052317,6.783749052267,6.783749052267,6.783749052277,6.783749052417,6.783749052417,6.783749052417,6.783749052417,6.783749052417,6.783749052417,6.78374905275,6.78374905225,6.78374905255,6.78374905255,6.78374905255,6.78374905255,6.78374905255,6.78374905205,6.78374905205,6.78374905255,6.78374905252,6.78374905252,6.78374905252,6.78374905245,6.78374905245,6.78374905257,6.78374905257,6.78374905257,6.78374905254,6.78374905258,6.78374905258,6.78374905255,6.78374905235,6.78374905215,6.78374905215,9.55507551035,9.55507551045,9.55507551065,9.55507551035,9.55507551037,9.55507551033,9.55507551033,9.55507551033,9.55507551036,9.55507551036,9.55507551037,9.555075510316,9.555075510316,9.55507551032,9.55507551031,9.55507551033,9.55507551072,9.55507551072,9.55507551015,9.55507551045,9.55507551045,9.5550755103,9.5550755103,9.55507551023,9.55507551023,9.55507551033,9.55507551026,9.55507551026,9.55507551033,9.55507551005,9.55507551035
"t97",5.51322743585,5.51322743585,5.51322743545,5.51322743575,5.51322743594,5.51322743594,5.51322743588,5.51322743558,4.37546611855,4.37546611855,4.37546611855,4.37546611855,4.37546611835,4.37546611867,4.37546611861,4.37546611861,4.37546611867,4.37546611867,4.37546611867,0.0761352351,0,1.32684138069,1.32684138069,6.78374905255,6.78374905234,6.78374905234,6.78374905244,6.78374905244,6.78374905244,6.783749052017,6.783749052277,6.783749052277,6.783749052077,6.783749052317,6.783749052317,6.783749052267,6.783749052267,6.783749052277,6.783749052417,6.783749052417,6.783749052417,6.783749052417,6.783749052417,6.783749052417,6.78374905275,6.78374905225,6.78374905255,6.78374905255,6.78374905255,6.78374905255,6.78374905255,6.78374905205,6.78374905205,6.78374905255,6.78374905252,6.78374905252,6.78374905252,6.78374905245,6.78374905245,6.78374905257,6.78374905257,6.78374905257,6.78374905254,6.78374905258,6.78374905258,6.78374905255,6.78374905235,6.78374905215,6.78374905215,9.55507551035,9.55507551045,9.55507551065,9.55507551035,9.55507551037,9.55507551033,9.55507551033,9.55507551033,9.55507551036,9.55507551036,9.55507551037,9.555075510316,9.555075510316,9.55507551032,9.55507551031,9.55507551033,9.55507551072,9.55507551072,9.55507551015,9.55507551045,9.55507551045,9.5550755103,9.5550755103,9.55507551023,9.55507551023,9.55507551033,9.55507551026,9.55507551026,9.55507551033,9.55507551005,9.55507551035
"t33",5.51322743584,5.51322743584,5.51322743544,5.51322743574,5.51322743593,5.51322743593,5.51322743587,5.51322743557,4.37546611854,4.37546611854,4.37546611854,4.37546611854,4.37546611834,4.37546611866,4.3754661186,4.3754661186,4.37546611866,4.37546611866,4.37546611866,1.32684138069,1.32684138069,0,1.2277196364,6.78374905254,6.78374905233,6.78374905233,6.78374905243,6.78374905243,6.78374905243,6.783749052007,6.783749052267,6.783749052267,6.783749052067,6.783749052307,6.783749052307,6.783749052257,6.783749052257,6.783749052267,6.783749052407,6.783749052407,6.783749052407,6.783749052407,6.783749052407,6.783749052407,6.78374905274,6.78374905224,6.78374905254,6.78374905254,6.78374905254,6.78374905254,6.78374905254,6.78374905204,6.78374905204,6.78374905254,6.78374905251,6.78374905251,6.78374905251,6.78374905244,6.78374905244,6.78374905256,6.78374905256,6.78374905256,6.78374905253,6.78374905257,6.78374905257,6.78374905254,6.78374905234,6.78374905214,6.78374905214,9.55507551034,9.55507551044,9.55507551064,9.55507551034,9.55507551036,9.55507551032,9.55507551032,9.55507551032,9.55507551035,9.55507551035,9.55507551036,9.555075510306,9.555075510306,9.55507551031,9.5550755103,9.55507551032,9.55507551071,9.55507551071,9.55507551014,9.55507551044,9.55507551044,9.55507551029,9.55507551029,9.55507551022,9.55507551022,9.55507551032,9.55507551025,9.55507551025,9.55507551032,9.55507551004,9.55507551034
"t34",5.51322743584,5.51322743584,5.51322743544,5.51322743574,5.51322743593,5.51322743593,5.51322743587,5.51322743557,4.37546611854,4.37546611854,4.37546611854,4.37546611854,4.37546611834,4.37546611866,4.3754661186,4.3754661186,4.37546611866,4.37546611866,4.37546611866,1.32684138069,1.32684138069,1.2277196364,0,6.78374905254,6.78374905233,6.78374905233,6.78374905243,6.78374905243,6.78374905243,6.783749052007,6.783749052267,6.783749052267,6.783749052067,6.783749052307,6.783749052307,6.783749052257,6.783749052257,6.783749052267,6.783749052407,6.783749052407,6.783749052407,6.783749052407,6.783749052407,6.783749052407,6.78374905274,6.78374905224,6.78374905254,6.78374905254,6.78374905254,6.78374905254,6.78374905254,6.78374905204,6.78374905204,6.78374905254,6.78374905251,6.78374905251,6.78374905251,6.78374905244,6.78374905244,6.78374905256,6.78374905256,6.78374905256,6.78374905253,6.78374905257,6.78374905257,6.78374905254,6.78374905234,6.78374905214,6.78374905214,9.55507551034,9.55507551044,9.55507551064,9.55507551034,9.55507551036,9.55507551032,9.55507551032,9.55507551032,9.55507551035,9.55507551035,9.55507551036,9.555075510306,9.555075510306,9.55507551031,9.5550755103,9.55507551032,9.55507551071,9.55507551071,9.55507551014,9.55507551044,9.55507551044,9.55507551029,9.55507551029,9.55507551022,9.55507551022,9.55507551032,9.55507551025,9.55507551025,9.55507551032,9.55507551004,9.55507551034
"t11",6.7837490525,6.7837490525,6.7837490521,6.7837490524,6.78374905259,6.78374905259,6.78374905253,6.78374905223,6.7837490524,6.7837490524,6.7837490524,6.7837490524,6.7837490522,6.78374905252,6.78374905246,6.78374905246,6.78374905252,6.78374905252,6.78374905252,6.78374905255,6.78374905255,6.78374905254,6.78374905254,0,2.81180033179,2.81180033179,2.81180033189,2.81180033189,2.81180033189,3.390816878067,3.390816878327,3.390816878327,3.390816878127,3.390816878367,3.390816878367,3.390816878317,3.390816878317,3.390816878327,3.390816878467,3.390816878467,3.390816878467,3.390816878467,3.390816878467,3.390816878467,5.3915806828,5.3915806823,5.3915806826,5.3915806826,5.3915806826,5.3915806826,5.3915806826,5.3915806821,5.3915806821,5.3915806826,5.39158068257,5.39158068257,5.39158068257,5.3915806825,5.3915806825,5.39158068262,5.39158068262,5.39158068262,5.39158068259,5.39158068263,5.39158068263,5.3915806826,5.3915806824,5.3915806822,5.3915806822,9.5550755102,9.5550755103,9.5550755105,9.5550755102,9.55507551022,9.55507551018,9.55507551018,9.55507551018,9.55507551021,9.55507551021,9.55507551022,9.555075510166,9.555075510166,9.55507551017,9.55507551016,9.55507551018,9.55507551057,9.55507551057,9.55507551,9.5550755103,9.5550755103,9.55507551015,9.55507551015,9.55507551008,9.55507551008,9.55507551018,9.55507551011,9.55507551011,9.55507551018,9.5550755099,9.5550755102
"t75",6.78374905229,6.78374905229,6.78374905189,6.78374905219,6.78374905238,6.78374905238,6.78374905232,6.78374905202,6.78374905219,6.78374905219,6.78374905219,6.78374905219,6.78374905199,6.78374905231,6.78374905225,6.78374905225,6.78374905231,6.78374905231,6.78374905231,6.78374905234,6.78374905234,6.78374905233,6.78374905233,2.81180033179,0,0.3318905666,1.7494798479,1.7494798479,2.6716552259,3.390816877857,3.390816878117,3.390816878117,3.390816877917,3.390816878157,3.390816878157,3.390816878107,3.390816878107,3.390816878117,3.390816878257,3.390816878257,3.390816878257,3.390816878257,3.390816878257,3.390816878257,5.39158068259,5.39158068209,5.39158068239,5.39158068239,5.39158068239,5.39158068239,5.39158068239,5.39158068189,5.39158068189,5.39158068239,5.39158068236,5.39158068236,5.39158068236,5.39158068229,5.39158068229,5.39158068241,5.39158068241,5.39158068241,5.39158068238,5.39158068242,5.39158068242,5.39158068239,5.39158068219,5.39158068199,5.39158068199,9.55507550999,9.55507551009,9.55507551029,9.55507550999,9.55507551001,9.55507550997,9.55507550997,9.55507550997,9.55507551,9.55507551,9.55507551001,9.555075509956,9.555075509956,9.55507550996,9.55507550995,9.55507550997,9.55507551036,9.55507551036,9.55507550979,9.55507551009,9.55507551009,9.55507550994,9.55507550994,9.55507550987,9.55507550987,9.55507550997,9.5550755099,9.5550755099,9.55507550997,9.55507550969,9.55507550999
"t76",6.78374905229,6.78374905229,6.78374905189,6.78374905219,6.78374905238,6.78374905238,6.78374905232,6.78374905202,6.78374905219,6.78374905219,6.78374905219,6.78374905219,6.78374905199,6.78374905231,6.78374905225,6.78374905225,6.78374905231,6.78374905231,6.78374905231,6.78374905234,6.78374905234,6.78374905233,6.78374905233,2.81180033179,0.3318905666,0,1.7494798479,1.7494798479,2.6716552259,3.390816877857,3.390816878117,3.390816878117,3.390816877917,3.390816878157,3.390816878157,3.390816878107,3.390816878107,3.390816878117,3.390816878257,3.390816878257,3.390816878257,3.390816878257,3.390816878257,3.390816878257,5.39158068259,5.39158068209,5.39158068239,5.39158068239,5.39158068239,5.39158068239,5.39158068239,5.39158068189,5.39158068189,5.39158068239,5.39158068236,5.39158068236,5.39158068236,5.39158068229,5.39158068229,5.39158068241,5.39158068241,5.39158068241,5.39158068238,5.39158068242,5.39158068242,5.39158068239,5.39158068219,5.39158068199,5.39158068199,9.55507550999,9.55507551009,9.55507551029,9.55507550999,9.55507551001,9.55507550997,9.55507550997,9.55507550997,9.55507551,9.55507551,9.55507551001,9.555075509956,9.555075509956,9.55507550996,9.55507550995,9.55507550997,9.55507551036,9.55507551036,9.55507550979,9.55507551009,9.55507551009,9.55507550994,9.55507550994,9.55507550987,9.55507550987,9.55507550997,9.5550755099,9.5550755099,9.55507550997,9.55507550969,9.55507550999
"t46",6.78374905239,6.78374905239,6.78374905199,6.78374905229,6.78374905248,6.78374905248,6.78374905242,6.78374905212,6.78374905229,6.78374905229,6.78374905229,6.78374905229,6.78374905209,6.78374905241,6.78374905235,6.78374905235,6.78374905241,6.78374905241,6.78374905241,6.78374905244,6.78374905244,6.78374905243,6.78374905243,2.81180033189,1.7494798479,1.7494798479,0,0.7705353648,2.671655226,3.390816877957,3.390816878217,3.390816878217,3.390816878017,3.390816878257,3.390816878257,3.390816878207,3.390816878207,3.390816878217,3.390816878357,3.390816878357,3.390816878357,3.390816878357,3.390816878357,3.390816878357,5.39158068269,5.39158068219,5.39158068249,5.39158068249,5.39158068249,5.39158068249,5.39158068249,5.39158068199,5.39158068199,5.39158068249,5.39158068246,5.39158068246,5.39158068246,5.39158068239,5.39158068239,5.39158068251,5.39158068251,5.39158068251,5.39158068248,5.39158068252,5.39158068252,5.39158068249,5.39158068229,5.39158068209,5.39158068209,9.55507551009,9.55507551019,9.55507551039,9.55507551009,9.55507551011,9.55507551007,9.55507551007,9.55507551007,9.5550755101,9.5550755101,9.55507551011,9.555075510056,9.555075510056,9.55507551006,9.55507551005,9.55507551007,9.55507551046,9.55507551046,9.55507550989,9.55507551019,9.55507551019,9.55507551004,9.55507551004,9.55507550997,9.55507550997,9.55507551007,9.55507551,9.55507551,9.55507551007,9.55507550979,9.55507551009
"t47",6.78374905239,6.78374905239,6.78374905199,6.78374905229,6.78374905248,6.78374905248,6.78374905242,6.78374905212,6.78374905229,6.78374905229,6.78374905229,6.78374905229,6.78374905209,6.78374905241,6.78374905235,6.78374905235,6.78374905241,6.78374905241,6.78374905241,6.78374905244,6.78374905244,6.78374905243,6.78374905243,2.81180033189,1.7494798479,1.7494798479,0.7705353648,0,2.671655226,3.390816877957,3.390816878217,3.390816878217,3.390816878017,3.390816878257,3.390816878257,3.390816878207,3.390816878207,3.390816878217,3.390816878357,3.390816878357,3.390816878357,3.390816878357,3.390816878357,3.390816878357,5.39158068269,5.39158068219,5.39158068249,5.39158068249,5.39158068249,5.39158068249,5.39158068249,5.39158068199,5.39158068199,5.39158068249,5.39158068246,5.39158068246,5.39158068246,5.39158068239,5.39158068239,5.39158068251,5.39158068251,5.39158068251,5.39158068248,5.39158068252,5.39158068252,5.39158068249,5.39158068229,5.39158068209,5.39158068209,9.55507551009,9.55507551019,9.55507551039,9.55507551009,9.55507551011,9.55507551007,9.55507551007,9.55507551007,9.5550755101,9.5550755101,9.55507551011,9.555075510056,9.555075510056,9.55507551006,9.55507551005,9.55507551007,9.55507551046,9.55507551046,9.55507550989,9.55507551019,9.55507551019,9.55507551004,9.55507551004,9.55507550997,9.55507550997,9.55507551007,9.55507551,9.55507551,9.55507551007,9.55507550979,9.55507551009
"t14",6.78374905239,6.78374905239,6.78374905199,6.78374905229,6.78374905248,6.78374905248,6.78374905242,6.78374905212,6.78374905229,6.78374905229,6.78374905229,6.78374905229,6.78374905209,6.78374905241,6.78374905235,6.78374905235,6.78374905241,6.78374905241,6.78374905241,6.78374905244,6.78374905244,6.78374905243,6.78374905243,2.81180033189,2.6716552259,2.6716552259,2.671655226,2.671655226,0,3.390816877957,3.390816878217,3.390816878217,3.390816878017,3.390816878257,3.390816878257,3.390816878207,3.390816878207,3.390816878217,3.390816878357,3.390816878357,3.390816878357,3.390816878357,3.390816878357,3.390816878357,5.39158068269,5.39158068219,5.39158068249,5.39158068249,5.39158068249,5.39158068249,5.39158068249,5.39158068199,5.39158068199,5.39158068249,5.39158068246,5.39158068246,5.39158068246,5.39158068239,5.39158068239,5.39158068251,5.39158068251,5.39158068251,5.39158068248,5.39158068252,5.39158068252,5.39158068249,5.39158068229,5.39158068209,5.39158068209,9.55507551009,9.55507551019,9.55507551039,9.55507551009,9.55507551011,9.55507551007,9.55507551007,9.55507551007,9.5550755101,9.5550755101,9.55507551011,9.555075510056,9.555075510056,9.55507551006,9.55507551005,9.55507551007,9.55507551046,9.55507551046,9.55507550989,9.55507551019,9.55507551019,9.55507551004,9.55507551004,9.55507550997,9.55507550997,9.55507551007,9.55507551,9.55507551,9.55507551007,9.55507550979,9.55507551009
"t17",6.783749051967,6.783749051967,6.783749051567,6.783749051867,6.783749052057,6.783749052057,6.783749051997,6.783749051697,6.783749051867,6.783749051867,6.783749051867,6.783749051867,6.783749051667,6.783749051987,6.783749051927,6.783749051927,6.783749051987,6.783749051987,6.783749051987,6.783749052017,6.783749052017,6.783749052007,6.783749052007,3.390816878067,3.390816877857,3.390816877857,3.390816877957,3.390816877957,3.390816877957,0,2.42057269826,2.42057269826,2.42057269806,2.4205726983,2.4205726983,2.42057269825,2.42057269825,2.42057269826,3.3836829422,3.3836829422,3.3836829422,3.3836829422,3.3836829422,3.3836829422,5.391580682267,5.391580681767,5.391580682067,5.391580682067,5.391580682067,5.391580682067,5.391580682067,5.391580681567,5.391580681567,5.391580682067,5.391580682037,5.391580682037,5.391580682037,5.391580681967,5.391580681967,5.391580682087,5.391580682087,5.391580682087,5.391580682057,5.391580682097,5.391580682097,5.391580682067,5.391580681867,5.391580681667,5.391580681667,9.555075509667,9.555075509767,9.555075509967,9.555075509667,9.555075509687,9.555075509647,9.555075509647,9.555075509647,9.555075509677,9.555075509677,9.555075509687,9.555075509633,9.555075509633,9.555075509637,9.555075509627,9.555075509647,9.555075510037,9.555075510037,9.555075509467,9.555075509767,9.555075509767,9.555075509617,9.555075509617,9.555075509547,9.555075509547,9.555075509647,9.555075509577,9.555075509577,9.555075509647,9.555075509367,9.555075509667
"t50",6.783749052227,6.783749052227,6.783749051827,6.783749052127,6.783749052317,6.783749052317,6.783749052257,6.783749051957,6.783749052127,6.783749052127,6.783749052127,6.783749052127,6.783749051927,6.783749052247,6.783749052187,6.783749052187,6.783749052247,6.783749052247,6.783749052247,6.783749052277,6.783749052277,6.783749052267,6.783749052267,3.390816878327,3.390816878117,3.390816878117,3.390816878217,3.390816878217,3.390816878217,2.42057269826,0,0.6701916682,2.0360461642,2.14042234496,2.14042234496,2.14042234491,2.14042234491,2.14042234492,3.38368294246,3.38368294246,3.38368294246,3.38368294246,3.38368294246,3.38368294246,5.391580682527,5.391580682027,5.391580682327,5.391580682327,5.391580682327,5.391580682327,5.391580682327,5.391580681827,5.391580681827,5.391580682327,5.391580682297,5.391580682297,5.391580682297,5.391580682227,5.391580682227,5.391580682347,5.391580682347,5.391580682347,5.391580682317,5.391580682357,5.391580682357,5.391580682327,5.391580682127,5.391580681927,5.391580681927,9.555075509927,9.555075510027,9.555075510227,9.555075509927,9.555075509947,9.555075509907,9.555075509907,9.555075509907,9.555075509937,9.555075509937,9.555075509947,9.555075509893,9.555075509893,9.555075509897,9.555075509887,9.555075509907,9.555075510297,9.555075510297,9.555075509727,9.555075510027,9.555075510027,9.555075509877,9.555075509877,9.555075509807,9.555075509807,9.555075509907,9.555075509837,9.555075509837,9.555075509907,9.555075509627,9.555075509927
"t51",6.783749052227,6.783749052227,6.783749051827,6.783749052127,6.783749052317,6.783749052317,6.783749052257,6.783749051957,6.783749052127,6.783749052127,6.783749052127,6.783749052127,6.783749051927,6.783749052247,6.783749052187,6.783749052187,6.783749052247,6.783749052247,6.783749052247,6.783749052277,6.783749052277,6.783749052267,6.783749052267,3.390816878327,3.390816878117,3.390816878117,3.390816878217,3.390816878217,3.390816878217,2.42057269826,0.6701916682,0,2.0360461642,2.14042234496,2.14042234496,2.14042234491,2.14042234491,2.14042234492,3.38368294246,3.38368294246,3.38368294246,3.38368294246,3.38368294246,3.38368294246,5.391580682527,5.391580682027,5.391580682327,5.391580682327,5.391580682327,5.391580682327,5.391580682327,5.391580681827,5.391580681827,5.391580682327,5.391580682297,5.391580682297,5.391580682297,5.391580682227,5.391580682227,5.391580682347,5.391580682347,5.391580682347,5.391580682317,5.391580682357,5.391580682357,5.391580682327,5.391580682127,5.391580681927,5.391580681927,9.555075509927,9.555075510027,9.555075510227,9.555075509927,9.555075509947,9.555075509907,9.555075509907,9.555075509907,9.555075509937,9.555075509937,9.555075509947,9.555075509893,9.555075509893,9.555075509897,9.555075509887,9.555075509907,9.555075510297,9.555075510297,9.555075509727,9.555075510027,9.555075510027,9.555075509877,9.555075509877,9.555075509807,9.555075509807,9.555075509907,9.555075509837,9.555075509837,9.555075509907,9.555075509627,9.555075509927
"t21",6.783749052027,6.783749052027,6.783749051627,6.783749051927,6.783749052117,6.783749052117,6.783749052057,6.783749051757,6.783749051927,6.783749051927,6.783749051927,6.783749051927,6.783749051727,6.783749052047,6.783749051987,6.783749051987,6.783749052047,6.783749052047,6.783749052047,6.783749052077,6.783749052077,6.783749052067,6.783749052067,3.390816878127,3.390816877917,3.390816877917,3.390816878017,3.390816878017,3.390816878017,2.42057269806,2.0360461642,2.0360461642,0,2.14042234476,2.14042234476,2.14042234471,2.14042234471,2.14042234472,3.38368294226,3.38368294226,3.38368294226,3.38368294226,3.38368294226,3.38368294226,5.391580682327,5.391580681827,5.391580682127,5.391580682127,5.391580682127,5.391580682127,5.391580682127,5.391580681627,5.391580681627,5.391580682127,5.391580682097,5.391580682097,5.391580682097,5.391580682027,5.391580682027,5.391580682147,5.391580682147,5.391580682147,5.391580682117,5.391580682157,5.391580682157,5.391580682127,5.391580681927,5.391580681727,5.391580681727,9.555075509727,9.555075509827,9.555075510027,9.555075509727,9.555075509747,9.555075509707,9.555075509707,9.555075509707,9.555075509737,9.555075509737,9.555075509747,9.555075509693,9.555075509693,9.555075509697,9.555075509687,9.555075509707,9.555075510097,9.555075510097,9.555075509527,9.555075509827,9.555075509827,9.555075509677,9.555075509677,9.555075509607,9.555075509607,9.555075509707,9.555075509637,9.555075509637,9.555075509707,9.555075509427,9.555075509727
"t65",6.783749052267,6.783749052267,6.783749051867,6.783749052167,6.783749052357,6.783749052357,6.783749052297,6.783749051997,6.783749052167,6.783749052167,6.783749052167,6.783749052167,6.783749051967,6.783749052287,6.783749052227,6.783749052227,6.783749052287,6.783749052287,6.783749052287,6.783749052317,6.783749052317,6.783749052307,6.783749052307,3.390816878367,3.390816878157,3.390816878157,3.390816878257,3.390816878257,3.390816878257,2.4205726983,2.14042234496,2.14042234496,2.14042234476,0,0.4249757992,1.06123464495,1.06123464495,1.06123464496,3.3836829425,3.3836829425,3.3836829425,3.3836829425,3.3836829425,3.3836829425,5.391580682567,5.391580682067,5.391580682367,5.391580682367,5.391580682367,5.391580682367,5.391580682367,5.391580681867,5.391580681867,5.391580682367,5.391580682337,5.391580682337,5.391580682337,5.391580682267,5.391580682267,5.391580682387,5.391580682387,5.391580682387,5.391580682357,5.391580682397,5.391580682397,5.391580682367,5.391580682167,5.391580681967,5.391580681967,9.555075509967,9.555075510067,9.555075510267,9.555075509967,9.555075509987,9.555075509947,9.555075509947,9.555075509947,9.555075509977,9.555075509977,9.555075509987,9.555075509933,9.555075509933,9.555075509937,9.555075509927,9.555075509947,9.555075510337,9.555075510337,9.555075509767,9.555075510067,9.555075510067,9.555075509917,9.555075509917,9.555075509847,9.555075509847,9.555075509947,9.555075509877,9.555075509877,9.555075509947,9.555075509667,9.555075509967
"t66",6.783749052267,6.783749052267,6.783749051867,6.783749052167,6.783749052357,6.783749052357,6.783749052297,6.783749051997,6.783749052167,6.783749052167,6.783749052167,6.783749052167,6.783749051967,6.783749052287,6.783749052227,6.783749052227,6.783749052287,6.783749052287,6.783749052287,6.783749052317,6.783749052317,6.783749052307,6.783749052307,3.390816878367,3.390816878157,3.390816878157,3.390816878257,3.390816878257,3.390816878257,2.4205726983,2.14042234496,2.14042234496,2.14042234476,0.4249757992,0,1.06123464495,1.06123464495,1.06123464496,3.3836829425,3.3836829425,3.3836829425,3.3836829425,3.3836829425,3.3836829425,5.391580682567,5.391580682067,5.391580682367,5.391580682367,5.391580682367,5.391580682367,5.391580682367,5.391580681867,5.391580681867,5.391580682367,5.391580682337,5.391580682337,5.391580682337,5.391580682267,5.391580682267,5.391580682387,5.391580682387,5.391580682387,5.391580682357,5.391580682397,5.391580682397,5.391580682367,5.391580682167,5.391580681967,5.391580681967,9.555075509967,9.555075510067,9.555075510267,9.555075509967,9.555075509987,9.555075509947,9.555075509947,9.555075509947,9.555075509977,9.555075509977,9.555075509987,9.555075509933,9.555075509933,9.555075509937,9.555075509927,9.555075509947,9.555075510337,9.555075510337,9.555075509767,9.555075510067,9.555075510067,9.555075509917,9.555075509917,9.555075509847,9.555075509847,9.555075509947,9.555075509877,9.555075509877,9.555075509947,9.555075509667,9.555075509967
"t94",6.783749052217,6.783749052217,6.783749051817,6.783749052117,6.783749052307,6.783749052307,6.783749052247,6.783749051947,6.783749052117,6.783749052117,6.783749052117,6.783749052117,6.783749051917,6.783749052237,6.783749052177,6.783749052177,6.783749052237,6.783749052237,6.783749052237,6.783749052267,6.783749052267,6.783749052257,6.783749052257,3.390816878317,3.390816878107,3.390816878107,3.390816878207,3.390816878207,3.390816878207,2.42057269825,2.14042234491,2.14042234491,2.14042234471,1.06123464495,1.06123464495,0,0.09544279058,1.02174713439,3.38368294245,3.38368294245,3.38368294245,3.38368294245,3.38368294245,3.38368294245,5.391580682517,5.391580682017,5.391580682317,5.391580682317,5.391580682317,5.391580682317,5.391580682317,5.391580681817,5.391580681817,5.391580682317,5.391580682287,5.391580682287,5.391580682287,5.391580682217,5.391580682217,5.391580682337,5.391580682337,5.391580682337,5.391580682307,5.391580682347,5.391580682347,5.391580682317,5.391580682117,5.391580681917,5.391580681917,9.555075509917,9.555075510017,9.555075510217,9.555075509917,9.555075509937,9.555075509897,9.555075509897,9.555075509897,9.555075509927,9.555075509927,9.555075509937,9.555075509883,9.555075509883,9.555075509887,9.555075509877,9.555075509897,9.555075510287,9.555075510287,9.555075509717,9.555075510017,9.555075510017,9.555075509867,9.555075509867,9.555075509797,9.555075509797,9.555075509897,9.555075509827,9.555075509827,9.555075509897,9.555075509617,9.555075509917
"t95",6.783749052217,6.783749052217,6.783749051817,6.783749052117,6.783749052307,6.783749052307,6.783749052247,6.783749051947,6.783749052117,6.783749052117,6.783749052117,6.783749052117,6.783749051917,6.783749052237,6.783749052177,6.783749052177,6.783749052237,6.783749052237,6.783749052237,6.783749052267,6.783749052267,6.783749052257,6.783749052257,3.390816878317,3.390816878107,3.390816878107,3.390816878207,3.390816878207,3.390816878207,2.42057269825,2.14042234491,2.14042234491,2.14042234471,1.06123464495,1.06123464495,0.09544279058,0,1.02174713439,3.38368294245,3.38368294245,3.38368294245,3.38368294245,3.38368294245,3.38368294245,5.391580682517,5.391580682017,5.391580682317,5.391580682317,5.391580682317,5.391580682317,5.391580682317,5.391580681817,5.391580681817,5.391580682317,5.391580682287,5.391580682287,5.391580682287,5.391580682217,5.391580682217,5.391580682337,5.391580682337,5.391580682337,5.391580682307,5.391580682347,5.391580682347,5.391580682317,5.391580682117,5.391580681917,5.391580681917,9.555075509917,9.555075510017,9.555075510217,9.555075509917,9.555075509937,9.555075509897,9.555075509897,9.555075509897,9.555075509927,9.555075509927,9.555075509937,9.555075509883,9.555075509883,9.555075509887,9.555075509877,9.555075509897,9.555075510287,9.555075510287,9.555075509717,9.555075510017,9.555075510017,9.555075509867,9.555075509867,9.555075509797,9.555075509797,9.555075509897,9.555075509827,9.555075509827,9.555075509897,9.555075509617,9.555075509917
"t37",6.783749052227,6.783749052227,6.783749051827,6.783749052127,6.783749052317,6.783749052317,6.783749052257,6.783749051957,6.783749052127,6.783749052127,6.783749052127,6.783749052127,6.783749051927,6.783749052247,6.783749052187,6.783749052187,6.783749052247,6.783749052247,6.783749052247,6.783749052277,6.783749052277,6.783749052267,6.783749052267,3.390816878327,3.390816878117,3.390816878117,3.390816878217,3.390816878217,3.390816878217,2.42057269826,2.14042234492,2.14042234492,2.14042234472,1.06123464496,1.06123464496,1.02174713439,1.02174713439,0,3.38368294246,3.38368294246,3.38368294246,3.38368294246,3.38368294246,3.38368294246,5.391580682527,5.391580682027,5.391580682327,5.391580682327,5.391580682327,5.391580682327,5.391580682327,5.391580681827,5.391580681827,5.391580682327,5.391580682297,5.391580682297,5.391580682297,5.391580682227,5.391580682227,5.391580682347,5.391580682347,5.391580682347,5.391580682317,5.391580682357,5.391580682357,5.391580682327,5.391580682127,5.391580681927,5.391580681927,9.555075509927,9.555075510027,9.555075510227,9.555075509927,9.555075509947,9.555075509907,9.555075509907,9.555075509907,9.555075509937,9.555075509937,9.555075509947,9.555075509893,9.555075509893,9.555075509897,9.555075509887,9.555075509907,9.555075510297,9.555075510297,9.555075509727,9.555075510027,9.555075510027,9.555075509877,9.555075509877,9.555075509807,9.555075509807,9.555075509907,9.555075509837,9.555075509837,9.555075509907,9.555075509627,9.555075509927
"t81",6.783749052367,6.783749052367,6.783749051967,6.783749052267,6.783749052457,6.783749052457,6.783749052397,6.783749052097,6.783749052267,6.783749052267,6.783749052267,6.783749052267,6.783749052067,6.783749052387,6.783749052327,6.783749052327,6.783749052387,6.783749052387,6.783749052387,6.783749052417,6.783749052417,6.783749052407,6.783749052407,3.390816878467,3.390816878257,3.390816878257,3.390816878357,3.390816878357,3.390816878357,3.3836829422,3.38368294246,3.38368294246,3.38368294226,3.3836829425,3.3836829425,3.38368294245,3.38368294245,3.38368294246,0,0.2762984346,0.9851894454,1.9829890608,2.7379966496,2.7379966496,5.391580682667,5.391580682167,5.391580682467,5.391580682467,5.391580682467,5.391580682467,5.391580682467,5.391580681967,5.391580681967,5.391580682467,5.391580682437,5.391580682437,5.391580682437,5.391580682367,5.391580682367,5.391580682487,5.391580682487,5.391580682487,5.391580682457,5.391580682497,5.391580682497,5.391580682467,5.391580682267,5.391580682067,5.391580682067,9.555075510067,9.555075510167,9.555075510367,9.555075510067,9.555075510087,9.555075510047,9.555075510047,9.555075510047,9.555075510077,9.555075510077,9.555075510087,9.555075510033,9.555075510033,9.555075510037,9.555075510027,9.555075510047,9.555075510437,9.555075510437,9.555075509867,9.555075510167,9.555075510167,9.555075510017,9.555075510017,9.555075509947,9.555075509947,9.555075510047,9.555075509977,9.555075509977,9.555075510047,9.555075509767,9.555075510067
"t82",6.783749052367,6.783749052367,6.783749051967,6.783749052267,6.783749052457,6.783749052457,6.783749052397,6.783749052097,6.783749052267,6.783749052267,6.783749052267,6.783749052267,6.783749052067,6.783749052387,6.783749052327,6.783749052327,6.783749052387,6.783749052387,6.783749052387,6.783749052417,6.783749052417,6.783749052407,6.783749052407,3.390816878467,3.390816878257,3.390816878257,3.390816878357,3.390816878357,3.390816878357,3.3836829422,3.38368294246,3.38368294246,3.38368294226,3.3836829425,3.3836829425,3.38368294245,3.38368294245,3.38368294246,0.2762984346,0,0.9851894454,1.9829890608,2.7379966496,2.7379966496,5.391580682667,5.391580682167,5.391580682467,5.391580682467,5.391580682467,5.391580682467,5.391580682467,5.391580681967,5.391580681967,5.391580682467,5.391580682437,5.391580682437,5.391580682437,5.391580682367,5.391580682367,5.391580682487,5.391580682487,5.391580682487,5.391580682457,5.391580682497,5.391580682497,5.391580682467,5.391580682267,5.391580682067,5.391580682067,9.555075510067,9.555075510167,9.555075510367,9.555075510067,9.555075510087,9.555075510047,9.555075510047,9.555075510047,9.555075510077,9.555075510077,9.555075510087,9.555075510033,9.555075510033,9.555075510037,9.555075510027,9.555075510047,9.555075510437,9.555075510437,9.555075509867,9.555075510167,9.555075510167,9.555075510017,9.555075510017,9.555075509947,9.555075509947,9.555075510047,9.555075509977,9.555075509977,9.555075510047,9.555075509767,9.555075510067
"t41",6.783749052367,6.783749052367,6.783749051967,6.783749052267,6.783749052457,6.783749052457,6.783749052397,6.783749052097,6.783749052267,6.783749052267,6.783749052267,6.783749052267,6.783749052067,6.783749052387,6.783749052327,6.783749052327,6.783749052387,6.783749052387,6.783749052387,6.783749052417,6.783749052417,6.783749052407,6.783749052407,3.390816878467,3.390816878257,3.390816878257,3.390816878357,3.390816878357,3.390816878357,3.3836829422,3.38368294246,3.38368294246,3.38368294226,3.3836829425,3.3836829425,3.38368294245,3.38368294245,3.38368294246,0.9851894454,0.9851894454,0,1.9829890608,2.7379966496,2.7379966496,5.391580682667,5.391580682167,5.391580682467,5.391580682467,5.391580682467,5.391580682467,5.391580682467,5.391580681967,5.391580681967,5.391580682467,5.391580682437,5.391580682437,5.391580682437,5.391580682367,5.391580682367,5.391580682487,5.391580682487,5.391580682487,5.391580682457,5.391580682497,5.391580682497,5.391580682467,5.391580682267,5.391580682067,5.391580682067,9.555075510067,9.555075510167,9.555075510367,9.555075510067,9.555075510087,9.555075510047,9.555075510047,9.555075510047,9.555075510077,9.555075510077,9.555075510087,9.555075510033,9.555075510033,9.555075510037,9.555075510027,9.555075510047,9.555075510437,9.555075510437,9.555075509867,9.555075510167,9.555075510167,9.555075510017,9.555075510017,9.555075509947,9.555075509947,9.555075510047,9.555075509977,9.555075509977,9.555075510047,9.555075509767,9.555075510067
"t22",6.783749052367,6.783749052367,6.783749051967,6.783749052267,6.783749052457,6.783749052457,6.783749052397,6.783749052097,6.783749052267,6.783749052267,6.783749052267,6.783749052267,6.783749052067,6.783749052387,6.783749052327,6.783749052327,6.783749052387,6.783749052387,6.783749052387,6.783749052417,6.783749052417,6.783749052407,6.783749052407,3.390816878467,3.390816878257,3.390816878257,3.390816878357,3.390816878357,3.390816878357,3.3836829422,3.38368294246,3.38368294246,3.38368294226,3.3836829425,3.3836829425,3.38368294245,3.38368294245,3.38368294246,1.9829890608,1.9829890608,1.9829890608,0,2.7379966496,2.7379966496,5.391580682667,5.391580682167,5.391580682467,5.391580682467,5.391580682467,5.391580682467,5.391580682467,5.391580681967,5.391580681967,5.391580682467,5.391580682437,5.391580682437,5.391580682437,5.391580682367,5.391580682367,5.391580682487,5.391580682487,5.391580682487,5.391580682457,5.391580682497,5.391580682497,5.391580682467,5.391580682267,5.391580682067,5.391580682067,9.555075510067,9.555075510167,9.555075510367,9.555075510067,9.555075510087,9.555075510047,9.555075510047,9.555075510047,9.555075510077,9.555075510077,9.555075510087,9.555075510033,9.555075510033,9.555075510037,9.555075510027,9.555075510047,9.555075510437,9.555075510437,9.555075509867,9.555075510167,9.555075510167,9.555075510017,9.555075510017,9.555075509947,9.555075509947,9.555075510047,9.555075509977,9.555075509977,9.555075510047,9.555075509767,9.555075510067
"t48",6.783749052367,6.783749052367,6.783749051967,6.783749052267,6.783749052457,6.783749052457,6.783749052397,6.783749052097,6.783749052267,6.783749052267,6.783749052267,6.783749052267,6.783749052067,6.783749052387,6.783749052327,6.783749052327,6.783749052387,6.783749052387,6.783749052387,6.783749052417,6.783749052417,6.783749052407,6.783749052407,3.390816878467,3.390816878257,3.390816878257,3.390816878357,3.390816878357,3.390816878357,3.3836829422,3.38368294246,3.38368294246,3.38368294226,3.3836829425,3.3836829425,3.38368294245,3.38368294245,3.38368294246,2.7379966496,2.7379966496,2.7379966496,2.7379966496,0,0.7046172256,5.391580682667,5.391580682167,5.391580682467,5.391580682467,5.391580682467,5.391580682467,5.391580682467,5.391580681967,5.391580681967,5.391580682467,5.391580682437,5.391580682437,5.391580682437,5.391580682367,5.391580682367,5.391580682487,5.391580682487,5.391580682487,5.391580682457,5.391580682497,5.391580682497,5.391580682467,5.391580682267,5.391580682067,5.391580682067,9.555075510067,9.555075510167,9.555075510367,9.555075510067,9.555075510087,9.555075510047,9.555075510047,9.555075510047,9.555075510077,9.555075510077,9.555075510087,9.555075510033,9.555075510033,9.555075510037,9.555075510027,9.555075510047,9.555075510437,9.555075510437,9.555075509867,9.555075510167,9.555075510167,9.555075510017,9.555075510017,9.555075509947,9.555075509947,9.555075510047,9.555075509977,9.555075509977,9.555075510047,9.555075509767,9.555075510067
"t49",6.783749052367,6.783749052367,6.783749051967,6.783749052267,6.783749052457,6.783749052457,6.783749052397,6.783749052097,6.783749052267,6.783749052267,6.783749052267,6.783749052267,6.783749052067,6.783749052387,6.783749052327,6.783749052327,6.783749052387,6.783749052387,6.783749052387,6.783749052417,6.783749052417,6.783749052407,6.783749052407,3.390816878467,3.390816878257,3.390816878257,3.390816878357,3.390816878357,3.390816878357,3.3836829422,3.38368294246,3.38368294246,3.38368294226,3.3836829425,3.3836829425,3.38368294245,3.38368294245,3.38368294246,2.7379966496,2.7379966496,2.7379966496,2.7379966496,0.7046172256,0,5.391580682667,5.391580682167,5.391580682467,5.391580682467,5.391580682467,5.391580682467,5.391580682467,5.391580681967,5.391580681967,5.391580682467,5.391580682437,5.391580682437,5.391580682437,5.391580682367,5.391580682367,5.391580682487,5.391580682487,5.391580682487,5.391580682457,5.391580682497,5.391580682497,5.391580682467,5.391580682267,5.391580682067,5.391580682067,9.555075510067,9.555075510167,9.555075510367,9.555075510067,9.555075510087,9.555075510047,9.555075510047,9.555075510047,9.555075510077,9.555075510077,9.555075510087,9.555075510033,9.555075510033,9.555075510037,9.555075510027,9.555075510047,9.555075510437,9.555075510437,9.555075509867,9.555075510167,9.555075510167,9.555075510017,9.555075510017,9.555075509947,9.555075509947,9.555075510047,9.555075509977,9.555075509977,9.555075510047,9.555075509767,9.555075510067
"t4",6.7837490527,6.7837490527,6.7837490523,6.7837490526,6.78374905279,6.78374905279,6.78374905273,6.78374905243,6.7837490526,6.7837490526,6.7837490526,6.7837490526,6.7837490524,6.78374905272,6.78374905266,6.78374905266,6.78374905272,6.78374905272,6.78374905272,6.78374905275,6.78374905275,6.78374905274,6.78374905274,5.3915806828,5.39158068259,5.39158068259,5.39158068269,5.39158068269,5.39158068269,5.391580682267,5.391580682527,5.391580682527,5.391580682327,5.391580682567,5.391580682567,5.391580682517,5.391580682517,5.391580682527,5.391580682667,5.391580682667,5.391580682667,5.391580682667,5.391580682667,5.391580682667,0,3.4297478615,3.4297478618,3.4297478618,3.4297478618,3.4297478618,3.4297478618,3.5989677923,3.5989677923,3.9824367538,3.98243675377,3.98243675377,3.98243675377,3.9824367537,3.9824367537,3.98243675382,3.98243675382,3.98243675382,3.98243675379,3.98243675383,3.98243675383,3.9824367538,3.9824367536,3.9824367534,3.9824367534,9.5550755104,9.5550755105,9.5550755107,9.5550755104,9.55507551042,9.55507551038,9.55507551038,9.55507551038,9.55507551041,9.55507551041,9.55507551042,9.555075510366,9.555075510366,9.55507551037,9.55507551036,9.55507551038,9.55507551077,9.55507551077,9.5550755102,9.5550755105,9.5550755105,9.55507551035,9.55507551035,9.55507551028,9.55507551028,9.55507551038,9.55507551031,9.55507551031,9.55507551038,9.5550755101,9.5550755104
"t5",6.7837490522,6.7837490522,6.7837490518,6.7837490521,6.78374905229,6.78374905229,6.78374905223,6.78374905193,6.7837490521,6.7837490521,6.7837490521,6.7837490521,6.7837490519,6.78374905222,6.78374905216,6.78374905216,6.78374905222,6.78374905222,6.78374905222,6.78374905225,6.78374905225,6.78374905224,6.78374905224,5.3915806823,5.39158068209,5.39158068209,5.39158068219,5.39158068219,5.39158068219,5.391580681767,5.391580682027,5.391580682027,5.391580681827,5.391580682067,5.391580682067,5.391580682017,5.391580682017,5.391580682027,5.391580682167,5.391580682167,5.391580682167,5.391580682167,5.391580682167,5.391580682167,3.4297478615,0,3.3280497743,3.3280497743,3.3280497743,3.3280497743,3.3280497743,3.5989677918,3.5989677918,3.9824367533,3.98243675327,3.98243675327,3.98243675327,3.9824367532,3.9824367532,3.98243675332,3.98243675332,3.98243675332,3.98243675329,3.98243675333,3.98243675333,3.9824367533,3.9824367531,3.9824367529,3.9824367529,9.5550755099,9.55507551,9.5550755102,9.5550755099,9.55507550992,9.55507550988,9.55507550988,9.55507550988,9.55507550991,9.55507550991,9.55507550992,9.555075509866,9.555075509866,9.55507550987,9.55507550986,9.55507550988,9.55507551027,9.55507551027,9.5550755097,9.55507551,9.55507551,9.55507550985,9.55507550985,9.55507550978,9.55507550978,9.55507550988,9.55507550981,9.55507550981,9.55507550988,9.5550755096,9.5550755099
"t58",6.7837490525,6.7837490525,6.7837490521,6.7837490524,6.78374905259,6.78374905259,6.78374905253,6.78374905223,6.7837490524,6.7837490524,6.7837490524,6.7837490524,6.7837490522,6.78374905252,6.78374905246,6.78374905246,6.78374905252,6.78374905252,6.78374905252,6.78374905255,6.78374905255,6.78374905254,6.78374905254,5.3915806826,5.39158068239,5.39158068239,5.39158068249,5.39158068249,5.39158068249,5.391580682067,5.391580682327,5.391580682327,5.391580682127,5.391580682367,5.391580682367,5.391580682317,5.391580682317,5.391580682327,5.391580682467,5.391580682467,5.391580682467,5.391580682467,5.391580682467,5.391580682467,3.4297478618,3.3280497743,0,0.4809687386,1.260491219,2.973222778,2.973222778,3.5989677921,3.5989677921,3.9824367536,3.98243675357,3.98243675357,3.98243675357,3.9824367535,3.9824367535,3.98243675362,3.98243675362,3.98243675362,3.98243675359,3.98243675363,3.98243675363,3.9824367536,3.9824367534,3.9824367532,3.9824367532,9.5550755102,9.5550755103,9.5550755105,9.5550755102,9.55507551022,9.55507551018,9.55507551018,9.55507551018,9.55507551021,9.55507551021,9.55507551022,9.555075510166,9.555075510166,9.55507551017,9.55507551016,9.55507551018,9.55507551057,9.55507551057,9.55507551,9.5550755103,9.5550755103,9.55507551015,9.55507551015,9.55507551008,9.55507551008,9.55507551018,9.55507551011,9.55507551011,9.55507551018,9.5550755099,9.5550755102
"t59",6.7837490525,6.7837490525,6.7837490521,6.7837490524,6.78374905259,6.78374905259,6.78374905253,6.78374905223,6.7837490524,6.7837490524,6.7837490524,6.7837490524,6.7837490522,6.78374905252,6.78374905246,6.78374905246,6.78374905252,6.78374905252,6.78374905252,6.78374905255,6.78374905255,6.78374905254,6.78374905254,5.3915806826,5.39158068239,5.39158068239,5.39158068249,5.39158068249,5.39158068249,5.391580682067,5.391580682327,5.391580682327,5.391580682127,5.391580682367,5.391580682367,5.391580682317,5.391580682317,5.391580682327,5.391580682467,5.391580682467,5.391580682467,5.391580682467,5.391580682467,5.391580682467,3.4297478618,3.3280497743,0.4809687386,0,1.260491219,2.973222778,2.973222778,3.5989677921,3.5989677921,3.9824367536,3.98243675357,3.98243675357,3.98243675357,3.9824367535,3.9824367535,3.98243675362,3.98243675362,3.98243675362,3.98243675359,3.98243675363,3.98243675363,3.9824367536,3.9824367534,3.9824367532,3.9824367532,9.5550755102,9.5550755103,9.5550755105,9.5550755102,9.55507551022,9.55507551018,9.55507551018,9.55507551018,9.55507551021,9.55507551021,9.55507551022,9.555075510166,9.555075510166,9.55507551017,9.55507551016,9.55507551018,9.55507551057,9.55507551057,9.55507551,9.5550755103,9.5550755103,9.55507551015,9.55507551015,9.55507551008,9.55507551008,9.55507551018,9.55507551011,9.55507551011,9.55507551018,9.5550755099,9.5550755102
"t30",6.7837490525,6.7837490525,6.7837490521,6.7837490524,6.78374905259,6.78374905259,6.78374905253,6.78374905223,6.7837490524,6.7837490524,6.7837490524,6.7837490524,6.7837490522,6.78374905252,6.78374905246,6.78374905246,6.78374905252,6.78374905252,6.78374905252,6.78374905255,6.78374905255,6.78374905254,6.78374905254,5.3915806826,5.39158068239,5.39158068239,5.39158068249,5.39158068249,5.39158068249,5.391580682067,5.391580682327,5.391580682327,5.391580682127,5.391580682367,5.391580682367,5.391580682317,5.391580682317,5.391580682327,5.391580682467,5.391580682467,5.391580682467,5.391580682467,5.391580682467,5.391580682467,3.4297478618,3.3280497743,1.260491219,1.260491219,0,2.973222778,2.973222778,3.5989677921,3.5989677921,3.9824367536,3.98243675357,3.98243675357,3.98243675357,3.9824367535,3.9824367535,3.98243675362,3.98243675362,3.98243675362,3.98243675359,3.98243675363,3.98243675363,3.9824367536,3.9824367534,3.9824367532,3.9824367532,9.5550755102,9.5550755103,9.5550755105,9.5550755102,9.55507551022,9.55507551018,9.55507551018,9.55507551018,9.55507551021,9.55507551021,9.55507551022,9.555075510166,9.555075510166,9.55507551017,9.55507551016,9.55507551018,9.55507551057,9.55507551057,9.55507551,9.5550755103,9.5550755103,9.55507551015,9.55507551015,9.55507551008,9.55507551008,9.55507551018,9.55507551011,9.55507551011,9.55507551018,9.5550755099,9.5550755102
"t28",6.7837490525,6.7837490525,6.7837490521,6.7837490524,6.78374905259,6.78374905259,6.78374905253,6.78374905223,6.7837490524,6.7837490524,6.7837490524,6.7837490524,6.7837490522,6.78374905252,6.78374905246,6.78374905246,6.78374905252,6.78374905252,6.78374905252,6.78374905255,6.78374905255,6.78374905254,6.78374905254,5.3915806826,5.39158068239,5.39158068239,5.39158068249,5.39158068249,5.39158068249,5.391580682067,5.391580682327,5.391580682327,5.391580682127,5.391580682367,5.391580682367,5.391580682317,5.391580682317,5.391580682327,5.391580682467,5.391580682467,5.391580682467,5.391580682467,5.391580682467,5.391580682467,3.4297478618,3.3280497743,2.973222778,2.973222778,2.973222778,0,1.3336485514,3.5989677921,3.5989677921,3.9824367536,3.98243675357,3.98243675357,3.98243675357,3.9824367535,3.9824367535,3.98243675362,3.98243675362,3.98243675362,3.98243675359,3.98243675363,3.98243675363,3.9824367536,3.9824367534,3.9824367532,3.9824367532,9.5550755102,9.5550755103,9.5550755105,9.5550755102,9.55507551022,9.55507551018,9.55507551018,9.55507551018,9.55507551021,9.55507551021,9.55507551022,9.555075510166,9.555075510166,9.55507551017,9.55507551016,9.55507551018,9.55507551057,9.55507551057,9.55507551,9.5550755103,9.5550755103,9.55507551015,9.55507551015,9.55507551008,9.55507551008,9.55507551018,9.55507551011,9.55507551011,9.55507551018,9.5550755099,9.5550755102
"t29",6.7837490525,6.7837490525,6.7837490521,6.7837490524,6.78374905259,6.78374905259,6.78374905253,6.78374905223,6.7837490524,6.7837490524,6.7837490524,6.7837490524,6.7837490522,6.78374905252,6.78374905246,6.78374905246,6.78374905252,6.78374905252,6.78374905252,6.78374905255,6.78374905255,6.78374905254,6.78374905254,5.3915806826,5.39158068239,5.39158068239,5.39158068249,5.39158068249,5.39158068249,5.391580682067,5.391580682327,5.391580682327,5.391580682127,5.391580682367,5.391580682367,5.391580682317,5.391580682317,5.391580682327,5.391580682467,5.391580682467,5.391580682467,5.391580682467,5.391580682467,5.391580682467,3.4297478618,3.3280497743,2.973222778,2.973222778,2.973222778,1.3336485514,0,3.5989677921,3.5989677921,3.9824367536,3.98243675357,3.98243675357,3.98243675357,3.9824367535,3.9824367535,3.98243675362,3.98243675362,3.98243675362,3.98243675359,3.98243675363,3.98243675363,3.9824367536,3.9824367534,3.9824367532,3.9824367532,9.5550755102,9.5550755103,9.5550755105,9.5550755102,9.55507551022,9.55507551018,9.55507551018,9.55507551018,9.55507551021,9.55507551021,9.55507551022,9.555075510166,9.555075510166,9.55507551017,9.55507551016,9.55507551018,9.55507551057,9.55507551057,9.55507551,9.5550755103,9.5550755103,9.55507551015,9.55507551015,9.55507551008,9.55507551008,9.55507551018,9.55507551011,9.55507551011,9.55507551018,9.5550755099,9.5550755102
"t85",6.783749052,6.783749052,6.7837490516,6.7837490519,6.78374905209,6.78374905209,6.78374905203,6.78374905173,6.7837490519,6.7837490519,6.7837490519,6.7837490519,6.7837490517,6.78374905202,6.78374905196,6.78374905196,6.78374905202,6.78374905202,6.78374905202,6.78374905205,6.78374905205,6.78374905204,6.78374905204,5.3915806821,5.39158068189,5.39158068189,5.39158068199,5.39158068199,5.39158068199,5.391580681567,5.391580681827,5.391580681827,5.391580681627,5.391580681867,5.391580681867,5.391580681817,5.391580681817,5.391580681827,5.391580681967,5.391580681967,5.391580681967,5.391580681967,5.391580681967,5.391580681967,3.5989677923,3.5989677918,3.5989677921,3.5989677921,3.5989677921,3.5989677921,3.5989677921,0,0.2263707616,3.9824367531,3.98243675307,3.98243675307,3.98243675307,3.982436753,3.982436753,3.98243675312,3.98243675312,3.98243675312,3.98243675309,3.98243675313,3.98243675313,3.9824367531,3.9824367529,3.9824367527,3.9824367527,9.5550755097,9.5550755098,9.55507551,9.5550755097,9.55507550972,9.55507550968,9.55507550968,9.55507550968,9.55507550971,9.55507550971,9.55507550972,9.555075509666,9.555075509666,9.55507550967,9.55507550966,9.55507550968,9.55507551007,9.55507551007,9.5550755095,9.5550755098,9.5550755098,9.55507550965,9.55507550965,9.55507550958,9.55507550958,9.55507550968,9.55507550961,9.55507550961,9.55507550968,9.5550755094,9.5550755097
"t86",6.783749052,6.783749052,6.7837490516,6.7837490519,6.78374905209,6.78374905209,6.78374905203,6.78374905173,6.7837490519,6.7837490519,6.7837490519,6.7837490519,6.7837490517,6.78374905202,6.78374905196,6.78374905196,6.78374905202,6.78374905202,6.78374905202,6.78374905205,6.78374905205,6.78374905204,6.78374905204,5.3915806821,5.39158068189,5.39158068189,5.39158068199,5.39158068199,5.39158068199,5.391580681567,5.391580681827,5.391580681827,5.391580681627,5.391580681867,5.391580681867,5.391580681817,5.391580681817,5.391580681827,5.391580681967,5.391580681967,5.391580681967,5.391580681967,5.391580681967,5.391580681967,3.5989677923,3.5989677918,3.5989677921,3.5989677921,3.5989677921,3.5989677921,3.5989677921,0.2263707616,0,3.9824367531,3.98243675307,3.98243675307,3.98243675307,3.982436753,3.982436753,3.98243675312,3.98243675312,3.98243675312,3.98243675309,3.98243675313,3.98243675313,3.9824367531,3.9824367529,3.9824367527,3.9824367527,9.5550755097,9.5550755098,9.55507551,9.5550755097,9.55507550972,9.55507550968,9.55507550968,9.55507550968,9.55507550971,9.55507550971,9.55507550972,9.555075509666,9.555075509666,9.55507550967,9.55507550966,9.55507550968,9.55507551007,9.55507551007,9.5550755095,9.5550755098,9.5550755098,9.55507550965,9.55507550965,9.55507550958,9.55507550958,9.55507550968,9.55507550961,9.55507550961,9.55507550968,9.5550755094,9.5550755097
"t38",6.7837490525,6.7837490525,6.7837490521,6.7837490524,6.78374905259,6.78374905259,6.78374905253,6.78374905223,6.7837490524,6.7837490524,6.7837490524,6.7837490524,6.7837490522,6.78374905252,6.78374905246,6.78374905246,6.78374905252,6.78374905252,6.78374905252,6.78374905255,6.78374905255,6.78374905254,6.78374905254,5.3915806826,5.39158068239,5.39158068239,5.39158068249,5.39158068249,5.39158068249,5.391580682067,5.391580682327,5.391580682327,5.391580682127,5.391580682367,5.391580682367,5.391580682317,5.391580682317,5.391580682327,5.391580682467,5.391580682467,5.391580682467,5.391580682467,5.391580682467,5.391580682467,3.9824367538,3.9824367533,3.9824367536,3.9824367536,3.9824367536,3.9824367536,3.9824367536,3.9824367531,3.9824367531,0,1.01151493297,1.01151493297,1.01151493297,2.4265699569,2.4265699569,2.42656995702,2.42656995702,2.42656995702,2.42656995699,2.42656995703,2.42656995703,2.426569957,2.4615503742,3.222380053,3.222380053,9.5550755102,9.5550755103,9.5550755105,9.5550755102,9.55507551022,9.55507551018,9.55507551018,9.55507551018,9.55507551021,9.55507551021,9.55507551022,9.555075510166,9.555075510166,9.55507551017,9.55507551016,9.55507551018,9.55507551057,9.55507551057,9.55507551,9.5550755103,9.5550755103,9.55507551015,9.55507551015,9.55507551008,9.55507551008,9.55507551018,9.55507551011,9.55507551011,9.55507551018,9.5550755099,9.5550755102
"t60",6.78374905247,6.78374905247,6.78374905207,6.78374905237,6.78374905256,6.78374905256,6.7837490525,6.7837490522,6.78374905237,6.78374905237,6.78374905237,6.78374905237,6.78374905217,6.78374905249,6.78374905243,6.78374905243,6.78374905249,6.78374905249,6.78374905249,6.78374905252,6.78374905252,6.78374905251,6.78374905251,5.39158068257,5.39158068236,5.39158068236,5.39158068246,5.39158068246,5.39158068246,5.391580682037,5.391580682297,5.391580682297,5.391580682097,5.391580682337,5.391580682337,5.391580682287,5.391580682287,5.391580682297,5.391580682437,5.391580682437,5.391580682437,5.391580682437,5.391580682437,5.391580682437,3.98243675377,3.98243675327,3.98243675357,3.98243675357,3.98243675357,3.98243675357,3.98243675357,3.98243675307,3.98243675307,1.01151493297,0,0.4652145862,0.8578524016,2.42656995687,2.42656995687,2.42656995699,2.42656995699,2.42656995699,2.42656995696,2.426569957,2.426569957,2.42656995697,2.46155037417,3.22238005297,3.22238005297,9.55507551017,9.55507551027,9.55507551047,9.55507551017,9.55507551019,9.55507551015,9.55507551015,9.55507551015,9.55507551018,9.55507551018,9.55507551019,9.555075510136,9.555075510136,9.55507551014,9.55507551013,9.55507551015,9.55507551054,9.55507551054,9.55507550997,9.55507551027,9.55507551027,9.55507551012,9.55507551012,9.55507551005,9.55507551005,9.55507551015,9.55507551008,9.55507551008,9.55507551015,9.55507550987,9.55507551017
"t61",6.78374905247,6.78374905247,6.78374905207,6.78374905237,6.78374905256,6.78374905256,6.7837490525,6.7837490522,6.78374905237,6.78374905237,6.78374905237,6.78374905237,6.78374905217,6.78374905249,6.78374905243,6.78374905243,6.78374905249,6.78374905249,6.78374905249,6.78374905252,6.78374905252,6.78374905251,6.78374905251,5.39158068257,5.39158068236,5.39158068236,5.39158068246,5.39158068246,5.39158068246,5.391580682037,5.391580682297,5.391580682297,5.391580682097,5.391580682337,5.391580682337,5.391580682287,5.391580682287,5.391580682297,5.391580682437,5.391580682437,5.391580682437,5.391580682437,5.391580682437,5.391580682437,3.98243675377,3.98243675327,3.98243675357,3.98243675357,3.98243675357,3.98243675357,3.98243675357,3.98243675307,3.98243675307,1.01151493297,0.4652145862,0,0.8578524016,2.42656995687,2.42656995687,2.42656995699,2.42656995699,2.42656995699,2.42656995696,2.426569957,2.426569957,2.42656995697,2.46155037417,3.22238005297,3.22238005297,9.55507551017,9.55507551027,9.55507551047,9.55507551017,9.55507551019,9.55507551015,9.55507551015,9.55507551015,9.55507551018,9.55507551018,9.55507551019,9.555075510136,9.555075510136,9.55507551014,9.55507551013,9.55507551015,9.55507551054,9.55507551054,9.55507550997,9.55507551027,9.55507551027,9.55507551012,9.55507551012,9.55507551005,9.55507551005,9.55507551015,9.55507551008,9.55507551008,9.55507551015,9.55507550987,9.55507551017
"t42",6.78374905247,6.78374905247,6.78374905207,6.78374905237,6.78374905256,6.78374905256,6.7837490525,6.7837490522,6.78374905237,6.78374905237,6.78374905237,6.78374905237,6.78374905217,6.78374905249,6.78374905243,6.78374905243,6.78374905249,6.78374905249,6.78374905249,6.78374905252,6.78374905252,6.78374905251,6.78374905251,5.39158068257,5.39158068236,5.39158068236,5.39158068246,5.39158068246,5.39158068246,5.391580682037,5.391580682297,5.391580682297,5.391580682097,5.391580682337,5.391580682337,5.391580682287,5.391580682287,5.391580682297,5.391580682437,5.391580682437,5.391580682437,5.391580682437,5.391580682437,5.391580682437,3.98243675377,3.98243675327,3.98243675357,3.98243675357,3.98243675357,3.98243675357,3.98243675357,3.98243675307,3.98243675307,1.01151493297,0.8578524016,0.8578524016,0,2.42656995687,2.42656995687,2.42656995699,2.42656995699,2.42656995699,2.42656995696,2.426569957,2.426569957,2.42656995697,2.46155037417,3.22238005297,3.22238005297,9.55507551017,9.55507551027,9.55507551047,9.55507551017,9.55507551019,9.55507551015,9.55507551015,9.55507551015,9.55507551018,9.55507551018,9.55507551019,9.555075510136,9.555075510136,9.55507551014,9.55507551013,9.55507551015,9.55507551054,9.55507551054,9.55507550997,9.55507551027,9.55507551027,9.55507551012,9.55507551012,9.55507551005,9.55507551005,9.55507551015,9.55507551008,9.55507551008,9.55507551015,9.55507550987,9.55507551017
"t77",6.7837490524,6.7837490524,6.783749052,6.7837490523,6.78374905249,6.78374905249,6.78374905243,6.78374905213,6.7837490523,6.7837490523,6.7837490523,6.7837490523,6.7837490521,6.78374905242,6.78374905236,6.78374905236,6.78374905242,6.78374905242,6.78374905242,6.78374905245,6.78374905245,6.78374905244,6.78374905244,5.3915806825,5.39158068229,5.39158068229,5.39158068239,5.39158068239,5.39158068239,5.391580681967,5.391580682227,5.391580682227,5.391580682027,5.391580682267,5.391580682267,5.391580682217,5.391580682217,5.391580682227,5.391580682367,5.391580682367,5.391580682367,5.391580682367,5.391580682367,5.391580682367,3.9824367537,3.9824367532,3.9824367535,3.9824367535,3.9824367535,3.9824367535,3.9824367535,3.982436753,3.982436753,2.4265699569,2.42656995687,2.42656995687,2.42656995687,0,0.3232533142,1.22702894572,1.22702894572,1.22702894572,1.22702894569,1.22702894573,1.22702894573,1.2270289457,2.4615503741,3.2223800529,3.2223800529,9.5550755101,9.5550755102,9.5550755104,9.5550755101,9.55507551012,9.55507551008,9.55507551008,9.55507551008,9.55507551011,9.55507551011,9.55507551012,9.555075510066,9.555075510066,9.55507551007,9.55507551006,9.55507551008,9.55507551047,9.55507551047,9.5550755099,9.5550755102,9.5550755102,9.55507551005,9.55507551005,9.55507550998,9.55507550998,9.55507551008,9.55507551001,9.55507551001,9.55507551008,9.5550755098,9.5550755101
"t78",6.7837490524,6.7837490524,6.783749052,6.7837490523,6.78374905249,6.78374905249,6.78374905243,6.78374905213,6.7837490523,6.7837490523,6.7837490523,6.7837490523,6.7837490521,6.78374905242,6.78374905236,6.78374905236,6.78374905242,6.78374905242,6.78374905242,6.78374905245,6.78374905245,6.78374905244,6.78374905244,5.3915806825,5.39158068229,5.39158068229,5.39158068239,5.39158068239,5.39158068239,5.391580681967,5.391580682227,5.391580682227,5.391580682027,5.391580682267,5.391580682267,5.391580682217,5.391580682217,5.391580682227,5.391580682367,5.391580682367,5.391580682367,5.391580682367,5.391580682367,5.391580682367,3.9824367537,3.9824367532,3.9824367535,3.9824367535,3.9824367535,3.9824367535,3.9824367535,3.982436753,3.982436753,2.4265699569,2.42656995687,2.42656995687,2.42656995687,0.3232533142,0,1.22702894572,1.22702894572,1.22702894572,1.22702894569,1.22702894573,1.22702894573,1.2270289457,2.4615503741,3.2223800529,3.2223800529,9.5550755101,9.5550755102,9.5550755104,9.5550755101,9.55507551012,9.55507551008,9.55507551008,9.55507551008,9.55507551011,9.55507551011,9.55507551012,9.555075510066,9.555075510066,9.55507551007,9.55507551006,9.55507551008,9.55507551047,9.55507551047,9.5550755099,9.5550755102,9.5550755102,9.55507551005,9.55507551005,9.55507550998,9.55507550998,9.55507551008,9.55507551001,9.55507551001,9.55507551008,9.5550755098,9.5550755101
"t67",6.78374905252,6.78374905252,6.78374905212,6.78374905242,6.78374905261,6.78374905261,6.78374905255,6.78374905225,6.78374905242,6.78374905242,6.78374905242,6.78374905242,6.78374905222,6.78374905254,6.78374905248,6.78374905248,6.78374905254,6.78374905254,6.78374905254,6.78374905257,6.78374905257,6.78374905256,6.78374905256,5.39158068262,5.39158068241,5.39158068241,5.39158068251,5.39158068251,5.39158068251,5.391580682087,5.391580682347,5.391580682347,5.391580682147,5.391580682387,5.391580682387,5.391580682337,5.391580682337,5.391580682347,5.391580682487,5.391580682487,5.391580682487,5.391580682487,5.391580682487,5.391580682487,3.98243675382,3.98243675332,3.98243675362,3.98243675362,3.98243675362,3.98243675362,3.98243675362,3.98243675312,3.98243675312,2.42656995702,2.42656995699,2.42656995699,2.42656995699,1.22702894572,1.22702894572,0,0.401856298,0.6507084226,0.73760917043,0.73760917047,0.73760917047,0.79518616862,2.46155037422,3.22238005302,3.22238005302,9.55507551022,9.55507551032,9.55507551052,9.55507551022,9.55507551024,9.5550755102,9.5550755102,9.5550755102,9.55507551023,9.55507551023,9.55507551024,9.555075510186,9.555075510186,9.55507551019,9.55507551018,9.5550755102,9.55507551059,9.55507551059,9.55507551002,9.55507551032,9.55507551032,9.55507551017,9.55507551017,9.5550755101,9.5550755101,9.5550755102,9.55507551013,9.55507551013,9.5550755102,9.55507550992,9.55507551022
"t68",6.78374905252,6.78374905252,6.78374905212,6.78374905242,6.78374905261,6.78374905261,6.78374905255,6.78374905225,6.78374905242,6.78374905242,6.78374905242,6.78374905242,6.78374905222,6.78374905254,6.78374905248,6.78374905248,6.78374905254,6.78374905254,6.78374905254,6.78374905257,6.78374905257,6.78374905256,6.78374905256,5.39158068262,5.39158068241,5.39158068241,5.39158068251,5.39158068251,5.39158068251,5.391580682087,5.391580682347,5.391580682347,5.391580682147,5.391580682387,5.391580682387,5.391580682337,5.391580682337,5.391580682347,5.391580682487,5.391580682487,5.391580682487,5.391580682487,5.391580682487,5.391580682487,3.98243675382,3.98243675332,3.98243675362,3.98243675362,3.98243675362,3.98243675362,3.98243675362,3.98243675312,3.98243675312,2.42656995702,2.42656995699,2.42656995699,2.42656995699,1.22702894572,1.22702894572,0.401856298,0,0.6507084226,0.73760917043,0.73760917047,0.73760917047,0.79518616862,2.46155037422,3.22238005302,3.22238005302,9.55507551022,9.55507551032,9.55507551052,9.55507551022,9.55507551024,9.5550755102,9.5550755102,9.5550755102,9.55507551023,9.55507551023,9.55507551024,9.555075510186,9.555075510186,9.55507551019,9.55507551018,9.5550755102,9.55507551059,9.55507551059,9.55507551002,9.55507551032,9.55507551032,9.55507551017,9.55507551017,9.5550755101,9.5550755101,9.5550755102,9.55507551013,9.55507551013,9.5550755102,9.55507550992,9.55507551022
"t54",6.78374905252,6.78374905252,6.78374905212,6.78374905242,6.78374905261,6.78374905261,6.78374905255,6.78374905225,6.78374905242,6.78374905242,6.78374905242,6.78374905242,6.78374905222,6.78374905254,6.78374905248,6.78374905248,6.78374905254,6.78374905254,6.78374905254,6.78374905257,6.78374905257,6.78374905256,6.78374905256,5.39158068262,5.39158068241,5.39158068241,5.39158068251,5.39158068251,5.39158068251,5.391580682087,5.391580682347,5.391580682347,5.391580682147,5.391580682387,5.391580682387,5.391580682337,5.391580682337,5.391580682347,5.391580682487,5.391580682487,5.391580682487,5.391580682487,5.391580682487,5.391580682487,3.98243675382,3.98243675332,3.98243675362,3.98243675362,3.98243675362,3.98243675362,3.98243675362,3.98243675312,3.98243675312,2.42656995702,2.42656995699,2.42656995699,2.42656995699,1.22702894572,1.22702894572,0.6507084226,0.6507084226,0,0.73760917043,0.73760917047,0.73760917047,0.79518616862,2.46155037422,3.22238005302,3.22238005302,9.55507551022,9.55507551032,9.55507551052,9.55507551022,9.55507551024,9.5550755102,9.5550755102,9.5550755102,9.55507551023,9.55507551023,9.55507551024,9.555075510186,9.555075510186,9.55507551019,9.55507551018,9.5550755102,9.55507551059,9.55507551059,9.55507551002,9.55507551032,9.55507551032,9.55507551017,9.55507551017,9.5550755101,9.5550755101,9.5550755102,9.55507551013,9.55507551013,9.5550755102,9.55507550992,9.55507551022
"t57",6.78374905249,6.78374905249,6.78374905209,6.78374905239,6.78374905258,6.78374905258,6.78374905252,6.78374905222,6.78374905239,6.78374905239,6.78374905239,6.78374905239,6.78374905219,6.78374905251,6.78374905245,6.78374905245,6.78374905251,6.78374905251,6.78374905251,6.78374905254,6.78374905254,6.78374905253,6.78374905253,5.39158068259,5.39158068238,5.39158068238,5.39158068248,5.39158068248,5.39158068248,5.391580682057,5.391580682317,5.391580682317,5.391580682117,5.391580682357,5.391580682357,5.391580682307,5.391580682307,5.391580682317,5.391580682457,5.391580682457,5.391580682457,5.391580682457,5.391580682457,5.391580682457,3.98243675379,3.98243675329,3.98243675359,3.98243675359,3.98243675359,3.98243675359,3.98243675359,3.98243675309,3.98243675309,2.42656995699,2.42656995696,2.42656995696,2.42656995696,1.22702894569,1.22702894569,0.73760917043,0.73760917043,0.73760917043,0,0.52708691724,0.52708691724,0.79518616859,2.46155037419,3.22238005299,3.22238005299,9.55507551019,9.55507551029,9.55507551049,9.55507551019,9.55507551021,9.55507551017,9.55507551017,9.55507551017,9.5550755102,9.5550755102,9.55507551021,9.555075510156,9.555075510156,9.55507551016,9.55507551015,9.55507551017,9.55507551056,9.55507551056,9.55507550999,9.55507551029,9.55507551029,9.55507551014,9.55507551014,9.55507551007,9.55507551007,9.55507551017,9.5550755101,9.5550755101,9.55507551017,9.55507550989,9.55507551019
"t70",6.78374905253,6.78374905253,6.78374905213,6.78374905243,6.78374905262,6.78374905262,6.78374905256,6.78374905226,6.78374905243,6.78374905243,6.78374905243,6.78374905243,6.78374905223,6.78374905255,6.78374905249,6.78374905249,6.78374905255,6.78374905255,6.78374905255,6.78374905258,6.78374905258,6.78374905257,6.78374905257,5.39158068263,5.39158068242,5.39158068242,5.39158068252,5.39158068252,5.39158068252,5.391580682097,5.391580682357,5.391580682357,5.391580682157,5.391580682397,5.391580682397,5.391580682347,5.391580682347,5.391580682357,5.391580682497,5.391580682497,5.391580682497,5.391580682497,5.391580682497,5.391580682497,3.98243675383,3.98243675333,3.98243675363,3.98243675363,3.98243675363,3.98243675363,3.98243675363,3.98243675313,3.98243675313,2.42656995703,2.426569957,2.426569957,2.426569957,1.22702894573,1.22702894573,0.73760917047,0.73760917047,0.73760917047,0.52708691724,0,0.3702367988,0.79518616863,2.46155037423,3.22238005303,3.22238005303,9.55507551023,9.55507551033,9.55507551053,9.55507551023,9.55507551025,9.55507551021,9.55507551021,9.55507551021,9.55507551024,9.55507551024,9.55507551025,9.555075510196,9.555075510196,9.5550755102,9.55507551019,9.55507551021,9.5550755106,9.5550755106,9.55507551003,9.55507551033,9.55507551033,9.55507551018,9.55507551018,9.55507551011,9.55507551011,9.55507551021,9.55507551014,9.55507551014,9.55507551021,9.55507550993,9.55507551023
"t71",6.78374905253,6.78374905253,6.78374905213,6.78374905243,6.78374905262,6.78374905262,6.78374905256,6.78374905226,6.78374905243,6.78374905243,6.78374905243,6.78374905243,6.78374905223,6.78374905255,6.78374905249,6.78374905249,6.78374905255,6.78374905255,6.78374905255,6.78374905258,6.78374905258,6.78374905257,6.78374905257,5.39158068263,5.39158068242,5.39158068242,5.39158068252,5.39158068252,5.39158068252,5.391580682097,5.391580682357,5.391580682357,5.391580682157,5.391580682397,5.391580682397,5.391580682347,5.391580682347,5.391580682357,5.391580682497,5.391580682497,5.391580682497,5.391580682497,5.391580682497,5.391580682497,3.98243675383,3.98243675333,3.98243675363,3.98243675363,3.98243675363,3.98243675363,3.98243675363,3.98243675313,3.98243675313,2.42656995703,2.426569957,2.426569957,2.426569957,1.22702894573,1.22702894573,0.73760917047,0.73760917047,0.73760917047,0.52708691724,0.3702367988,0,0.79518616863,2.46155037423,3.22238005303,3.22238005303,9.55507551023,9.55507551033,9.55507551053,9.55507551023,9.55507551025,9.55507551021,9.55507551021,9.55507551021,9.55507551024,9.55507551024,9.55507551025,9.555075510196,9.555075510196,9.5550755102,9.55507551019,9.55507551021,9.5550755106,9.5550755106,9.55507551003,9.55507551033,9.55507551033,9.55507551018,9.55507551018,9.55507551011,9.55507551011,9.55507551021,9.55507551014,9.55507551014,9.55507551021,9.55507550993,9.55507551023
"t45",6.7837490525,6.7837490525,6.7837490521,6.7837490524,6.78374905259,6.78374905259,6.78374905253,6.78374905223,6.7837490524,6.7837490524,6.7837490524,6.7837490524,6.7837490522,6.78374905252,6.78374905246,6.78374905246,6.78374905252,6.78374905252,6.78374905252,6.78374905255,6.78374905255,6.78374905254,6.78374905254,5.3915806826,5.39158068239,5.39158068239,5.39158068249,5.39158068249,5.39158068249,5.391580682067,5.391580682327,5.391580682327,5.391580682127,5.391580682367,5.391580682367,5.391580682317,5.391580682317,5.391580682327,5.391580682467,5.391580682467,5.391580682467,5.391580682467,5.391580682467,5.391580682467,3.9824367538,3.9824367533,3.9824367536,3.9824367536,3.9824367536,3.9824367536,3.9824367536,3.9824367531,3.9824367531,2.426569957,2.42656995697,2.42656995697,2.42656995697,1.2270289457,1.2270289457,0.79518616862,0.79518616862,0.79518616862,0.79518616859,0.79518616863,0.79518616863,0,2.4615503742,3.222380053,3.222380053,9.5550755102,9.5550755103,9.5550755105,9.5550755102,9.55507551022,9.55507551018,9.55507551018,9.55507551018,9.55507551021,9.55507551021,9.55507551022,9.555075510166,9.555075510166,9.55507551017,9.55507551016,9.55507551018,9.55507551057,9.55507551057,9.55507551,9.5550755103,9.5550755103,9.55507551015,9.55507551015,9.55507551008,9.55507551008,9.55507551018,9.55507551011,9.55507551011,9.55507551018,9.5550755099,9.5550755102
"t16",6.7837490523,6.7837490523,6.7837490519,6.7837490522,6.78374905239,6.78374905239,6.78374905233,6.78374905203,6.7837490522,6.7837490522,6.7837490522,6.7837490522,6.783749052,6.78374905232,6.78374905226,6.78374905226,6.78374905232,6.78374905232,6.78374905232,6.78374905235,6.78374905235,6.78374905234,6.78374905234,5.3915806824,5.39158068219,5.39158068219,5.39158068229,5.39158068229,5.39158068229,5.391580681867,5.391580682127,5.391580682127,5.391580681927,5.391580682167,5.391580682167,5.391580682117,5.391580682117,5.391580682127,5.391580682267,5.391580682267,5.391580682267,5.391580682267,5.391580682267,5.391580682267,3.9824367536,3.9824367531,3.9824367534,3.9824367534,3.9824367534,3.9824367534,3.9824367534,3.9824367529,3.9824367529,2.4615503742,2.46155037417,2.46155037417,2.46155037417,2.4615503741,2.4615503741,2.46155037422,2.46155037422,2.46155037422,2.46155037419,2.46155037423,2.46155037423,2.4615503742,0,3.2223800528,3.2223800528,9.55507551,9.5550755101,9.5550755103,9.55507551,9.55507551002,9.55507550998,9.55507550998,9.55507550998,9.55507551001,9.55507551001,9.55507551002,9.555075509966,9.555075509966,9.55507550997,9.55507550996,9.55507550998,9.55507551037,9.55507551037,9.5550755098,9.5550755101,9.5550755101,9.55507550995,9.55507550995,9.55507550988,9.55507550988,9.55507550998,9.55507550991,9.55507550991,9.55507550998,9.5550755097,9.55507551
"t12",6.7837490521,6.7837490521,6.7837490517,6.783749052,6.78374905219,6.78374905219,6.78374905213,6.78374905183,6.783749052,6.783749052,6.783749052,6.783749052,6.7837490518,6.78374905212,6.78374905206,6.78374905206,6.78374905212,6.78374905212,6.78374905212,6.78374905215,6.78374905215,6.78374905214,6.78374905214,5.3915806822,5.39158068199,5.39158068199,5.39158068209,5.39158068209,5.39158068209,5.391580681667,5.391580681927,5.391580681927,5.391580681727,5.391580681967,5.391580681967,5.391580681917,5.391580681917,5.391580681927,5.391580682067,5.391580682067,5.391580682067,5.391580682067,5.391580682067,5.391580682067,3.9824367534,3.9824367529,3.9824367532,3.9824367532,3.9824367532,3.9824367532,3.9824367532,3.9824367527,3.9824367527,3.222380053,3.22238005297,3.22238005297,3.22238005297,3.2223800529,3.2223800529,3.22238005302,3.22238005302,3.22238005302,3.22238005299,3.22238005303,3.22238005303,3.222380053,3.2223800528,0,2.703434256,9.5550755098,9.5550755099,9.5550755101,9.5550755098,9.55507550982,9.55507550978,9.55507550978,9.55507550978,9.55507550981,9.55507550981,9.55507550982,9.555075509766,9.555075509766,9.55507550977,9.55507550976,9.55507550978,9.55507551017,9.55507551017,9.5550755096,9.5550755099,9.5550755099,9.55507550975,9.55507550975,9.55507550968,9.55507550968,9.55507550978,9.55507550971,9.55507550971,9.55507550978,9.5550755095,9.5550755098
"t13",6.7837490521,6.7837490521,6.7837490517,6.783749052,6.78374905219,6.78374905219,6.78374905213,6.78374905183,6.783749052,6.783749052,6.783749052,6.783749052,6.7837490518,6.78374905212,6.78374905206,6.78374905206,6.78374905212,6.78374905212,6.78374905212,6.78374905215,6.78374905215,6.78374905214,6.78374905214,5.3915806822,5.39158068199,5.39158068199,5.39158068209,5.39158068209,5.39158068209,5.391580681667,5.391580681927,5.391580681927,5.391580681727,5.391580681967,5.391580681967,5.391580681917,5.391580681917,5.391580681927,5.391580682067,5.391580682067,5.391580682067,5.391580682067,5.391580682067,5.391580682067,3.9824367534,3.9824367529,3.9824367532,3.9824367532,3.9824367532,3.9824367532,3.9824367532,3.9824367527,3.9824367527,3.222380053,3.22238005297,3.22238005297,3.22238005297,3.2223800529,3.2223800529,3.22238005302,3.22238005302,3.22238005302,3.22238005299,3.22238005303,3.22238005303,3.222380053,3.2223800528,2.703434256,0,9.5550755098,9.5550755099,9.5550755101,9.5550755098,9.55507550982,9.55507550978,9.55507550978,9.55507550978,9.55507550981,9.55507550981,9.55507550982,9.555075509766,9.555075509766,9.55507550977,9.55507550976,9.55507550978,9.55507551017,9.55507551017,9.5550755096,9.5550755099,9.5550755099,9.55507550975,9.55507550975,9.55507550968,9.55507550968,9.55507550978,9.55507550971,9.55507550971,9.55507550978,9.5550755095,9.5550755098
"t2",9.5550755103,9.5550755103,9.5550755099,9.5550755102,9.55507551039,9.55507551039,9.55507551033,9.55507551003,9.5550755102,9.5550755102,9.5550755102,9.5550755102,9.55507551,9.55507551032,9.55507551026,9.55507551026,9.55507551032,9.55507551032,9.55507551032,9.55507551035,9.55507551035,9.55507551034,9.55507551034,9.5550755102,9.55507550999,9.55507550999,9.55507551009,9.55507551009,9.55507551009,9.555075509667,9.555075509927,9.555075509927,9.555075509727,9.555075509967,9.555075509967,9.555075509917,9.555075509917,9.555075509927,9.555075510067,9.555075510067,9.555075510067,9.555075510067,9.555075510067,9.555075510067,9.5550755104,9.5550755099,9.5550755102,9.5550755102,9.5550755102,9.5550755102,9.5550755102,9.5550755097,9.5550755097,9.5550755102,9.55507551017,9.55507551017,9.55507551017,9.5550755101,9.5550755101,9.55507551022,9.55507551022,9.55507551022,9.55507551019,9.55507551023,9.55507551023,9.5550755102,9.55507551,9.5550755098,9.5550755098,0,4.3753047821,4.3753047823,4.375304782,4.37530478202,4.37530478198,4.37530478198,4.37530478198,4.37530478201,4.37530478201,4.37530478202,4.375304781966,4.375304781966,4.37530478197,4.37530478196,4.37530478198,4.37530478237,4.37530478237,4.3753047818,4.3753047821,4.3753047821,4.92818336115,4.92818336115,4.92818336108,4.92818336108,4.92818336118,4.92818336111,4.92818336111,4.92818336118,4.9281833609,6.6451801
"t3",9.5550755104,9.5550755104,9.55507551,9.5550755103,9.55507551049,9.55507551049,9.55507551043,9.55507551013,9.5550755103,9.5550755103,9.5550755103,9.5550755103,9.5550755101,9.55507551042,9.55507551036,9.55507551036,9.55507551042,9.55507551042,9.55507551042,9.55507551045,9.55507551045,9.55507551044,9.55507551044,9.5550755103,9.55507551009,9.55507551009,9.55507551019,9.55507551019,9.55507551019,9.555075509767,9.555075510027,9.555075510027,9.555075509827,9.555075510067,9.555075510067,9.555075510017,9.555075510017,9.555075510027,9.555075510167,9.555075510167,9.555075510167,9.555075510167,9.555075510167,9.555075510167,9.5550755105,9.55507551,9.5550755103,9.5550755103,9.5550755103,9.5550755103,9.5550755103,9.5550755098,9.5550755098,9.5550755103,9.55507551027,9.55507551027,9.55507551027,9.5550755102,9.5550755102,9.55507551032,9.55507551032,9.55507551032,9.55507551029,9.55507551033,9.55507551033,9.5550755103,9.5550755101,9.5550755099,9.5550755099,4.3753047821,0,3.5633425802,3.5633425799,3.56334257992,3.56334257988,3.56334257988,3.56334257988,3.56334257991,3.56334257991,3.56334257992,3.563342579866,3.563342579866,3.56334257987,3.56334257986,3.56334257988,3.93642443427,3.93642443427,3.9364244337,4.1535606392,4.1535606392,4.92818336125,4.92818336125,4.92818336118,4.92818336118,4.92818336128,4.92818336121,4.92818336121,4.92818336128,4.928183361,6.6451801001
"t6",9.5550755106,9.5550755106,9.5550755102,9.5550755105,9.55507551069,9.55507551069,9.55507551063,9.55507551033,9.5550755105,9.5550755105,9.5550755105,9.5550755105,9.5550755103,9.55507551062,9.55507551056,9.55507551056,9.55507551062,9.55507551062,9.55507551062,9.55507551065,9.55507551065,9.55507551064,9.55507551064,9.5550755105,9.55507551029,9.55507551029,9.55507551039,9.55507551039,9.55507551039,9.555075509967,9.555075510227,9.555075510227,9.555075510027,9.555075510267,9.555075510267,9.555075510217,9.555075510217,9.555075510227,9.555075510367,9.555075510367,9.555075510367,9.555075510367,9.555075510367,9.555075510367,9.5550755107,9.5550755102,9.5550755105,9.5550755105,9.5550755105,9.5550755105,9.5550755105,9.55507551,9.55507551,9.5550755105,9.55507551047,9.55507551047,9.55507551047,9.5550755104,9.5550755104,9.55507551052,9.55507551052,9.55507551052,9.55507551049,9.55507551053,9.55507551053,9.5550755105,9.5550755103,9.5550755101,9.5550755101,4.3753047823,3.5633425802,0,3.0656660037,3.06566600372,3.06566600368,3.06566600368,3.06566600368,3.06566600371,3.06566600371,3.06566600372,3.065666003666,3.065666003666,3.06566600367,3.06566600366,3.06566600368,3.93642443447,3.93642443447,3.9364244339,4.1535606394,4.1535606394,4.92818336145,4.92818336145,4.92818336138,4.92818336138,4.92818336148,4.92818336141,4.92818336141,4.92818336148,4.9281833612,6.6451801003
"t24",9.5550755103,9.5550755103,9.5550755099,9.5550755102,9.55507551039,9.55507551039,9.55507551033,9.55507551003,9.5550755102,9.5550755102,9.5550755102,9.5550755102,9.55507551,9.55507551032,9.55507551026,9.55507551026,9.55507551032,9.55507551032,9.55507551032,9.55507551035,9.55507551035,9.55507551034,9.55507551034,9.5550755102,9.55507550999,9.55507550999,9.55507551009,9.55507551009,9.55507551009,9.555075509667,9.555075509927,9.555075509927,9.555075509727,9.555075509967,9.555075509967,9.555075509917,9.555075509917,9.555075509927,9.555075510067,9.555075510067,9.555075510067,9.555075510067,9.555075510067,9.555075510067,9.5550755104,9.5550755099,9.5550755102,9.5550755102,9.5550755102,9.5550755102,9.5550755102,9.5550755097,9.5550755097,9.5550755102,9.55507551017,9.55507551017,9.55507551017,9.5550755101,9.5550755101,9.55507551022,9.55507551022,9.55507551022,9.55507551019,9.55507551023,9.55507551023,9.5550755102,9.55507551,9.5550755098,9.5550755098,4.375304782,3.5633425799,3.0656660037,0,1.40594484942,1.40594484938,1.40594484938,1.40594484938,1.40594484941,1.40594484941,1.40594484942,1.405944849366,1.405944849366,1.40594484937,1.40594484936,1.40594484938,3.93642443417,3.93642443417,3.9364244336,4.1535606391,4.1535606391,4.92818336115,4.92818336115,4.92818336108,4.92818336108,4.92818336118,4.92818336111,4.92818336111,4.92818336118,4.9281833609,6.6451801
"t32",9.55507551032,9.55507551032,9.55507550992,9.55507551022,9.55507551041,9.55507551041,9.55507551035,9.55507551005,9.55507551022,9.55507551022,9.55507551022,9.55507551022,9.55507551002,9.55507551034,9.55507551028,9.55507551028,9.55507551034,9.55507551034,9.55507551034,9.55507551037,9.55507551037,9.55507551036,9.55507551036,9.55507551022,9.55507551001,9.55507551001,9.55507551011,9.55507551011,9.55507551011,9.555075509687,9.555075509947,9.555075509947,9.555075509747,9.555075509987,9.555075509987,9.555075509937,9.555075509937,9.555075509947,9.555075510087,9.555075510087,9.555075510087,9.555075510087,9.555075510087,9.555075510087,9.55507551042,9.55507550992,9.55507551022,9.55507551022,9.55507551022,9.55507551022,9.55507551022,9.55507550972,9.55507550972,9.55507551022,9.55507551019,9.55507551019,9.55507551019,9.55507551012,9.55507551012,9.55507551024,9.55507551024,9.55507551024,9.55507551021,9.55507551025,9.55507551025,9.55507551022,9.55507551002,9.55507550982,9.55507550982,4.37530478202,3.56334257992,3.06566600372,1.40594484942,0,1.22809989376,1.22809989376,1.22809989376,1.22809989379,1.22809989379,1.2280998938,1.228099893746,1.228099893746,1.22809989375,1.22809989374,1.22809989376,3.93642443419,3.93642443419,3.93642443362,4.15356063912,4.15356063912,4.92818336117,4.92818336117,4.9281833611,4.9281833611,4.9281833612,4.92818336113,4.92818336113,4.9281833612,4.92818336092,6.64518010002
"t98",9.55507551028,9.55507551028,9.55507550988,9.55507551018,9.55507551037,9.55507551037,9.55507551031,9.55507551001,9.55507551018,9.55507551018,9.55507551018,9.55507551018,9.55507550998,9.5550755103,9.55507551024,9.55507551024,9.5550755103,9.5550755103,9.5550755103,9.55507551033,9.55507551033,9.55507551032,9.55507551032,9.55507551018,9.55507550997,9.55507550997,9.55507551007,9.55507551007,9.55507551007,9.555075509647,9.555075509907,9.555075509907,9.555075509707,9.555075509947,9.555075509947,9.555075509897,9.555075509897,9.555075509907,9.555075510047,9.555075510047,9.555075510047,9.555075510047,9.555075510047,9.555075510047,9.55507551038,9.55507550988,9.55507551018,9.55507551018,9.55507551018,9.55507551018,9.55507551018,9.55507550968,9.55507550968,9.55507551018,9.55507551015,9.55507551015,9.55507551015,9.55507551008,9.55507551008,9.5550755102,9.5550755102,9.5550755102,9.55507551017,9.55507551021,9.55507551021,9.55507551018,9.55507550998,9.55507550978,9.55507550978,4.37530478198,3.56334257988,3.06566600368,1.40594484938,1.22809989376,0,0.05674246234,0.05674246234,0.78236740157,0.78236740157,0.91438955656,0.914389556506,0.914389556506,0.91438955651,0.9143895565,0.91438955652,3.93642443415,3.93642443415,3.93642443358,4.15356063908,4.15356063908,4.92818336113,4.92818336113,4.92818336106,4.92818336106,4.92818336116,4.92818336109,4.92818336109,4.92818336116,4.92818336088,6.64518009998
"t99",9.55507551028,9.55507551028,9.55507550988,9.55507551018,9.55507551037,9.55507551037,9.55507551031,9.55507551001,9.55507551018,9.55507551018,9.55507551018,9.55507551018,9.55507550998,9.5550755103,9.55507551024,9.55507551024,9.5550755103,9.5550755103,9.5550755103,9.55507551033,9.55507551033,9.55507551032,9.55507551032,9.55507551018,9.55507550997,9.55507550997,9.55507551007,9.55507551007,9.55507551007,9.555075509647,9.555075509907,9.555075509907,9.555075509707,9.555075509947,9.555075509947,9.555075509897,9.555075509897,9.555075509907,9.555075510047,9.555075510047,9.555075510047,9.555075510047,9.555075510047,9.555075510047,9.55507551038,9.55507550988,9.55507551018,9.55507551018,9.55507551018,9.55507551018,9.55507551018,9.55507550968,9.55507550968,9.55507551018,9.55507551015,9.55507551015,9.55507551015,9.55507551008,9.55507551008,9.5550755102,9.5550755102,9.5550755102,9.55507551017,9.55507551021,9.55507551021,9.55507551018,9.55507550998,9.55507550978,9.55507550978,4.37530478198,3.56334257988,3.06566600368,1.40594484938,1.22809989376,0.05674246234,0,0.02284681216,0.78236740157,0.78236740157,0.91438955656,0.914389556506,0.914389556506,0.91438955651,0.9143895565,0.91438955652,3.93642443415,3.93642443415,3.93642443358,4.15356063908,4.15356063908,4.92818336113,4.92818336113,4.92818336106,4.92818336106,4.92818336116,4.92818336109,4.92818336109,4.92818336116,4.92818336088,6.64518009998
"t100",9.55507551028,9.55507551028,9.55507550988,9.55507551018,9.55507551037,9.55507551037,9.55507551031,9.55507551001,9.55507551018,9.55507551018,9.55507551018,9.55507551018,9.55507550998,9.5550755103,9.55507551024,9.55507551024,9.5550755103,9.5550755103,9.5550755103,9.55507551033,9.55507551033,9.55507551032,9.55507551032,9.55507551018,9.55507550997,9.55507550997,9.55507551007,9.55507551007,9.55507551007,9.555075509647,9.555075509907,9.555075509907,9.555075509707,9.555075509947,9.555075509947,9.555075509897,9.555075509897,9.555075509907,9.555075510047,9.555075510047,9.555075510047,9.555075510047,9.555075510047,9.555075510047,9.55507551038,9.55507550988,9.55507551018,9.55507551018,9.55507551018,9.55507551018,9.55507551018,9.55507550968,9.55507550968,9.55507551018,9.55507551015,9.55507551015,9.55507551015,9.55507551008,9.55507551008,9.5550755102,9.5550755102,9.5550755102,9.55507551017,9.55507551021,9.55507551021,9.55507551018,9.55507550998,9.55507550978,9.55507550978,4.37530478198,3.56334257988,3.06566600368,1.40594484938,1.22809989376,0.05674246234,0.02284681216,0,0.78236740157,0.78236740157,0.91438955656,0.914389556506,0.914389556506,0.91438955651,0.9143895565,0.91438955652,3.93642443415,3.93642443415,3.93642443358,4.15356063908,4.15356063908,4.92818336113,4.92818336113,4.92818336106,4.92818336106,4.92818336116,4.92818336109,4.92818336109,4.92818336116,4.92818336088,6.64518009998
"t72",9.55507551031,9.55507551031,9.55507550991,9.55507551021,9.5550755104,9.5550755104,9.55507551034,9.55507551004,9.55507551021,9.55507551021,9.55507551021,9.55507551021,9.55507551001,9.55507551033,9.55507551027,9.55507551027,9.55507551033,9.55507551033,9.55507551033,9.55507551036,9.55507551036,9.55507551035,9.55507551035,9.55507551021,9.55507551,9.55507551,9.5550755101,9.5550755101,9.5550755101,9.555075509677,9.555075509937,9.555075509937,9.555075509737,9.555075509977,9.555075509977,9.555075509927,9.555075509927,9.555075509937,9.555075510077,9.555075510077,9.555075510077,9.555075510077,9.555075510077,9.555075510077,9.55507551041,9.55507550991,9.55507551021,9.55507551021,9.55507551021,9.55507551021,9.55507551021,9.55507550971,9.55507550971,9.55507551021,9.55507551018,9.55507551018,9.55507551018,9.55507551011,9.55507551011,9.55507551023,9.55507551023,9.55507551023,9.5550755102,9.55507551024,9.55507551024,9.55507551021,9.55507551001,9.55507550981,9.55507550981,4.37530478201,3.56334257991,3.06566600371,1.40594484941,1.22809989379,0.78236740157,0.78236740157,0.78236740157,0,0.357569194,0.91438955659,0.914389556536,0.914389556536,0.91438955654,0.91438955653,0.91438955655,3.93642443418,3.93642443418,3.93642443361,4.15356063911,4.15356063911,4.92818336116,4.92818336116,4.92818336109,4.92818336109,4.92818336119,4.92818336112,4.92818336112,4.92818336119,4.92818336091,6.64518010001
"t73",9.55507551031,9.55507551031,9.55507550991,9.55507551021,9.5550755104,9.5550755104,9.55507551034,9.55507551004,9.55507551021,9.55507551021,9.55507551021,9.55507551021,9.55507551001,9.55507551033,9.55507551027,9.55507551027,9.55507551033,9.55507551033,9.55507551033,9.55507551036,9.55507551036,9.55507551035,9.55507551035,9.55507551021,9.55507551,9.55507551,9.5550755101,9.5550755101,9.5550755101,9.555075509677,9.555075509937,9.555075509937,9.555075509737,9.555075509977,9.555075509977,9.555075509927,9.555075509927,9.555075509937,9.555075510077,9.555075510077,9.555075510077,9.555075510077,9.555075510077,9.555075510077,9.55507551041,9.55507550991,9.55507551021,9.55507551021,9.55507551021,9.55507551021,9.55507551021,9.55507550971,9.55507550971,9.55507551021,9.55507551018,9.55507551018,9.55507551018,9.55507551011,9.55507551011,9.55507551023,9.55507551023,9.55507551023,9.5550755102,9.55507551024,9.55507551024,9.55507551021,9.55507551001,9.55507550981,9.55507550981,4.37530478201,3.56334257991,3.06566600371,1.40594484941,1.22809989379,0.78236740157,0.78236740157,0.78236740157,0.357569194,0,0.91438955659,0.914389556536,0.914389556536,0.91438955654,0.91438955653,0.91438955655,3.93642443418,3.93642443418,3.93642443361,4.15356063911,4.15356063911,4.92818336116,4.92818336116,4.92818336109,4.92818336109,4.92818336119,4.92818336112,4.92818336112,4.92818336119,4.92818336091,6.64518010001
"t64",9.55507551032,9.55507551032,9.55507550992,9.55507551022,9.55507551041,9.55507551041,9.55507551035,9.55507551005,9.55507551022,9.55507551022,9.55507551022,9.55507551022,9.55507551002,9.55507551034,9.55507551028,9.55507551028,9.55507551034,9.55507551034,9.55507551034,9.55507551037,9.55507551037,9.55507551036,9.55507551036,9.55507551022,9.55507551001,9.55507551001,9.55507551011,9.55507551011,9.55507551011,9.555075509687,9.555075509947,9.555075509947,9.555075509747,9.555075509987,9.555075509987,9.555075509937,9.555075509937,9.555075509947,9.555075510087,9.555075510087,9.555075510087,9.555075510087,9.555075510087,9.555075510087,9.55507551042,9.55507550992,9.55507551022,9.55507551022,9.55507551022,9.55507551022,9.55507551022,9.55507550972,9.55507550972,9.55507551022,9.55507551019,9.55507551019,9.55507551019,9.55507551012,9.55507551012,9.55507551024,9.55507551024,9.55507551024,9.55507551021,9.55507551025,9.55507551025,9.55507551022,9.55507551002,9.55507550982,9.55507550982,4.37530478202,3.56334257992,3.06566600372,1.40594484942,1.2280998938,0.91438955656,0.91438955656,0.91438955656,0.91438955659,0.91438955659,0,0.463341616746,0.463341616746,0.46334161675,0.46334161674,0.46334161676,3.93642443419,3.93642443419,3.93642443362,4.15356063912,4.15356063912,4.92818336117,4.92818336117,4.9281833611,4.9281833611,4.9281833612,4.92818336113,4.92818336113,4.9281833612,4.92818336092,6.64518010002
"t88",9.555075510266,9.555075510266,9.555075509866,9.555075510166,9.555075510356,9.555075510356,9.555075510296,9.555075509996,9.555075510166,9.555075510166,9.555075510166,9.555075510166,9.555075509966,9.555075510286,9.555075510226,9.555075510226,9.555075510286,9.555075510286,9.555075510286,9.555075510316,9.555075510316,9.555075510306,9.555075510306,9.555075510166,9.555075509956,9.555075509956,9.555075510056,9.555075510056,9.555075510056,9.555075509633,9.555075509893,9.555075509893,9.555075509693,9.555075509933,9.555075509933,9.555075509883,9.555075509883,9.555075509893,9.555075510033,9.555075510033,9.555075510033,9.555075510033,9.555075510033,9.555075510033,9.555075510366,9.555075509866,9.555075510166,9.555075510166,9.555075510166,9.555075510166,9.555075510166,9.555075509666,9.555075509666,9.555075510166,9.555075510136,9.555075510136,9.555075510136,9.555075510066,9.555075510066,9.555075510186,9.555075510186,9.555075510186,9.555075510156,9.555075510196,9.555075510196,9.555075510166,9.555075509966,9.555075509766,9.555075509766,4.375304781966,3.563342579866,3.065666003666,1.405944849366,1.228099893746,0.914389556506,0.914389556506,0.914389556506,0.914389556536,0.914389556536,0.463341616746,0,0.11914119188,0.121246645816,0.346233495606,0.375697405186,3.936424434136,3.936424434136,3.936424433566,4.153560639066,4.153560639066,4.928183361116,4.928183361116,4.928183361046,4.928183361046,4.928183361146,4.928183361076,4.928183361076,4.928183361146,4.928183360866,6.645180099966
"t89",9.555075510266,9.555075510266,9.555075509866,9.555075510166,9.555075510356,9.555075510356,9.555075510296,9.555075509996,9.555075510166,9.555075510166,9.555075510166,9.555075510166,9.555075509966,9.555075510286,9.555075510226,9.555075510226,9.555075510286,9.555075510286,9.555075510286,9.555075510316,9.555075510316,9.555075510306,9.555075510306,9.555075510166,9.555075509956,9.555075509956,9.555075510056,9.555075510056,9.555075510056,9.555075509633,9.555075509893,9.555075509893,9.555075509693,9.555075509933,9.555075509933,9.555075509883,9.555075509883,9.555075509893,9.555075510033,9.555075510033,9.555075510033,9.555075510033,9.555075510033,9.555075510033,9.555075510366,9.555075509866,9.555075510166,9.555075510166,9.555075510166,9.555075510166,9.555075510166,9.555075509666,9.555075509666,9.555075510166,9.555075510136,9.555075510136,9.555075510136,9.555075510066,9.555075510066,9.555075510186,9.555075510186,9.555075510186,9.555075510156,9.555075510196,9.555075510196,9.555075510166,9.555075509966,9.555075509766,9.555075509766,4.375304781966,3.563342579866,3.065666003666,1.405944849366,1.228099893746,0.914389556506,0.914389556506,0.914389556506,0.914389556536,0.914389556536,0.463341616746,0.11914119188,0,0.121246645816,0.346233495606,0.375697405186,3.936424434136,3.936424434136,3.936424433566,4.153560639066,4.153560639066,4.928183361116,4.928183361116,4.928183361046,4.928183361046,4.928183361146,4.928183361076,4.928183361076,4.928183361146,4.928183360866,6.645180099966
"t87",9.55507551027,9.55507551027,9.55507550987,9.55507551017,9.55507551036,9.55507551036,9.5550755103,9.55507551,9.55507551017,9.55507551017,9.55507551017,9.55507551017,9.55507550997,9.55507551029,9.55507551023,9.55507551023,9.55507551029,9.55507551029,9.55507551029,9.55507551032,9.55507551032,9.55507551031,9.55507551031,9.55507551017,9.55507550996,9.55507550996,9.55507551006,9.55507551006,9.55507551006,9.555075509637,9.555075509897,9.555075509897,9.555075509697,9.555075509937,9.555075509937,9.555075509887,9.555075509887,9.555075509897,9.555075510037,9.555075510037,9.555075510037,9.555075510037,9.555075510037,9.555075510037,9.55507551037,9.55507550987,9.55507551017,9.55507551017,9.55507551017,9.55507551017,9.55507551017,9.55507550967,9.55507550967,9.55507551017,9.55507551014,9.55507551014,9.55507551014,9.55507551007,9.55507551007,9.55507551019,9.55507551019,9.55507551019,9.55507551016,9.5550755102,9.5550755102,9.55507551017,9.55507550997,9.55507550977,9.55507550977,4.37530478197,3.56334257987,3.06566600367,1.40594484937,1.22809989375,0.91438955651,0.91438955651,0.91438955651,0.91438955654,0.91438955654,0.46334161675,0.121246645816,0.121246645816,0,0.34623349561,0.37569740519,3.93642443414,3.93642443414,3.93642443357,4.15356063907,4.15356063907,4.92818336112,4.92818336112,4.92818336105,4.92818336105,4.92818336115,4.92818336108,4.92818336108,4.92818336115,4.92818336087,6.64518009997
"t74",9.55507551026,9.55507551026,9.55507550986,9.55507551016,9.55507551035,9.55507551035,9.55507551029,9.55507550999,9.55507551016,9.55507551016,9.55507551016,9.55507551016,9.55507550996,9.55507551028,9.55507551022,9.55507551022,9.55507551028,9.55507551028,9.55507551028,9.55507551031,9.55507551031,9.5550755103,9.5550755103,9.55507551016,9.55507550995,9.55507550995,9.55507551005,9.55507551005,9.55507551005,9.555075509627,9.555075509887,9.555075509887,9.555075509687,9.555075509927,9.555075509927,9.555075509877,9.555075509877,9.555075509887,9.555075510027,9.555075510027,9.555075510027,9.555075510027,9.555075510027,9.555075510027,9.55507551036,9.55507550986,9.55507551016,9.55507551016,9.55507551016,9.55507551016,9.55507551016,9.55507550966,9.55507550966,9.55507551016,9.55507551013,9.55507551013,9.55507551013,9.55507551006,9.55507551006,9.55507551018,9.55507551018,9.55507551018,9.55507551015,9.55507551019,9.55507551019,9.55507551016,9.55507550996,9.55507550976,9.55507550976,4.37530478196,3.56334257986,3.06566600366,1.40594484936,1.22809989374,0.9143895565,0.9143895565,0.9143895565,0.91438955653,0.91438955653,0.46334161674,0.346233495606,0.346233495606,0.34623349561,0,0.37569740518,3.93642443413,3.93642443413,3.93642443356,4.15356063906,4.15356063906,4.92818336111,4.92818336111,4.92818336104,4.92818336104,4.92818336114,4.92818336107,4.92818336107,4.92818336114,4.92818336086,6.64518009996
"t69",9.55507551028,9.55507551028,9.55507550988,9.55507551018,9.55507551037,9.55507551037,9.55507551031,9.55507551001,9.55507551018,9.55507551018,9.55507551018,9.55507551018,9.55507550998,9.5550755103,9.55507551024,9.55507551024,9.5550755103,9.5550755103,9.5550755103,9.55507551033,9.55507551033,9.55507551032,9.55507551032,9.55507551018,9.55507550997,9.55507550997,9.55507551007,9.55507551007,9.55507551007,9.555075509647,9.555075509907,9.555075509907,9.555075509707,9.555075509947,9.555075509947,9.555075509897,9.555075509897,9.555075509907,9.555075510047,9.555075510047,9.555075510047,9.555075510047,9.555075510047,9.555075510047,9.55507551038,9.55507550988,9.55507551018,9.55507551018,9.55507551018,9.55507551018,9.55507551018,9.55507550968,9.55507550968,9.55507551018,9.55507551015,9.55507551015,9.55507551015,9.55507551008,9.55507551008,9.5550755102,9.5550755102,9.5550755102,9.55507551017,9.55507551021,9.55507551021,9.55507551018,9.55507550998,9.55507550978,9.55507550978,4.37530478198,3.56334257988,3.06566600368,1.40594484938,1.22809989376,0.91438955652,0.91438955652,0.91438955652,0.91438955655,0.91438955655,0.46334161676,0.375697405186,0.375697405186,0.37569740519,0.37569740518,0,3.93642443415,3.93642443415,3.93642443358,4.15356063908,4.15356063908,4.92818336113,4.92818336113,4.92818336106,4.92818336106,4.92818336116,4.92818336109,4.92818336109,4.92818336116,4.92818336088,6.64518009998
"t18",9.55507551067,9.55507551067,9.55507551027,9.55507551057,9.55507551076,9.55507551076,9.5550755107,9.5550755104,9.55507551057,9.55507551057,9.55507551057,9.55507551057,9.55507551037,9.55507551069,9.55507551063,9.55507551063,9.55507551069,9.55507551069,9.55507551069,9.55507551072,9.55507551072,9.55507551071,9.55507551071,9.55507551057,9.55507551036,9.55507551036,9.55507551046,9.55507551046,9.55507551046,9.555075510037,9.555075510297,9.555075510297,9.555075510097,9.555075510337,9.555075510337,9.555075510287,9.555075510287,9.555075510297,9.555075510437,9.555075510437,9.555075510437,9.555075510437,9.555075510437,9.555075510437,9.55507551077,9.55507551027,9.55507551057,9.55507551057,9.55507551057,9.55507551057,9.55507551057,9.55507551007,9.55507551007,9.55507551057,9.55507551054,9.55507551054,9.55507551054,9.55507551047,9.55507551047,9.55507551059,9.55507551059,9.55507551059,9.55507551056,9.5550755106,9.5550755106,9.55507551057,9.55507551037,9.55507551017,9.55507551017,4.37530478237,3.93642443427,3.93642443447,3.93642443417,3.93642443419,3.93642443415,3.93642443415,3.93642443415,3.93642443418,3.93642443418,3.93642443419,3.936424434136,3.936424434136,3.93642443414,3.93642443413,3.93642443415,0,2.347819964,2.53370897857,4.15356063947,4.15356063947,4.92818336152,4.92818336152,4.92818336145,4.92818336145,4.92818336155,4.92818336148,4.92818336148,4.92818336155,4.92818336127,6.64518010037
"t19",9.55507551067,9.55507551067,9.55507551027,9.55507551057,9.55507551076,9.55507551076,9.5550755107,9.5550755104,9.55507551057,9.55507551057,9.55507551057,9.55507551057,9.55507551037,9.55507551069,9.55507551063,9.55507551063,9.55507551069,9.55507551069,9.55507551069,9.55507551072,9.55507551072,9.55507551071,9.55507551071,9.55507551057,9.55507551036,9.55507551036,9.55507551046,9.55507551046,9.55507551046,9.555075510037,9.555075510297,9.555075510297,9.555075510097,9.555075510337,9.555075510337,9.555075510287,9.555075510287,9.555075510297,9.555075510437,9.555075510437,9.555075510437,9.555075510437,9.555075510437,9.555075510437,9.55507551077,9.55507551027,9.55507551057,9.55507551057,9.55507551057,9.55507551057,9.55507551057,9.55507551007,9.55507551007,9.55507551057,9.55507551054,9.55507551054,9.55507551054,9.55507551047,9.55507551047,9.55507551059,9.55507551059,9.55507551059,9.55507551056,9.5550755106,9.5550755106,9.55507551057,9.55507551037,9.55507551017,9.55507551017,4.37530478237,3.93642443427,3.93642443447,3.93642443417,3.93642443419,3.93642443415,3.93642443415,3.93642443415,3.93642443418,3.93642443418,3.93642443419,3.936424434136,3.936424434136,3.93642443414,3.93642443413,3.93642443415,2.347819964,0,2.53370897857,4.15356063947,4.15356063947,4.92818336152,4.92818336152,4.92818336145,4.92818336145,4.92818336155,4.92818336148,4.92818336148,4.92818336155,4.92818336127,6.64518010037
"t15",9.5550755101,9.5550755101,9.5550755097,9.55507551,9.55507551019,9.55507551019,9.55507551013,9.55507550983,9.55507551,9.55507551,9.55507551,9.55507551,9.5550755098,9.55507551012,9.55507551006,9.55507551006,9.55507551012,9.55507551012,9.55507551012,9.55507551015,9.55507551015,9.55507551014,9.55507551014,9.55507551,9.55507550979,9.55507550979,9.55507550989,9.55507550989,9.55507550989,9.555075509467,9.555075509727,9.555075509727,9.555075509527,9.555075509767,9.555075509767,9.555075509717,9.555075509717,9.555075509727,9.555075509867,9.555075509867,9.555075509867,9.555075509867,9.555075509867,9.555075509867,9.5550755102,9.5550755097,9.55507551,9.55507551,9.55507551,9.55507551,9.55507551,9.5550755095,9.5550755095,9.55507551,9.55507550997,9.55507550997,9.55507550997,9.5550755099,9.5550755099,9.55507551002,9.55507551002,9.55507551002,9.55507550999,9.55507551003,9.55507551003,9.55507551,9.5550755098,9.5550755096,9.5550755096,4.3753047818,3.9364244337,3.9364244339,3.9364244336,3.93642443362,3.93642443358,3.93642443358,3.93642443358,3.93642443361,3.93642443361,3.93642443362,3.936424433566,3.936424433566,3.93642443357,3.93642443356,3.93642443358,2.53370897857,2.53370897857,0,4.1535606389,4.1535606389,4.92818336095,4.92818336095,4.92818336088,4.92818336088,4.92818336098,4.92818336091,4.92818336091,4.92818336098,4.9281833607,6.6451800998
"t62",9.5550755104,9.5550755104,9.55507551,9.5550755103,9.55507551049,9.55507551049,9.55507551043,9.55507551013,9.5550755103,9.5550755103,9.5550755103,9.5550755103,9.5550755101,9.55507551042,9.55507551036,9.55507551036,9.55507551042,9.55507551042,9.55507551042,9.55507551045,9.55507551045,9.55507551044,9.55507551044,9.5550755103,9.55507551009,9.55507551009,9.55507551019,9.55507551019,9.55507551019,9.555075509767,9.555075510027,9.555075510027,9.555075509827,9.555075510067,9.555075510067,9.555075510017,9.555075510017,9.555075510027,9.555075510167,9.555075510167,9.555075510167,9.555075510167,9.555075510167,9.555075510167,9.5550755105,9.55507551,9.5550755103,9.5550755103,9.5550755103,9.5550755103,9.5550755103,9.5550755098,9.5550755098,9.5550755103,9.55507551027,9.55507551027,9.55507551027,9.5550755102,9.5550755102,9.55507551032,9.55507551032,9.55507551032,9.55507551029,9.55507551033,9.55507551033,9.5550755103,9.5550755101,9.5550755099,9.5550755099,4.3753047821,4.1535606392,4.1535606394,4.1535606391,4.15356063912,4.15356063908,4.15356063908,4.15356063908,4.15356063911,4.15356063911,4.15356063912,4.153560639066,4.153560639066,4.15356063907,4.15356063906,4.15356063908,4.15356063947,4.15356063947,4.1535606389,0,0.4638320632,4.92818336125,4.92818336125,4.92818336118,4.92818336118,4.92818336128,4.92818336121,4.92818336121,4.92818336128,4.928183361,6.6451801001
"t63",9.5550755104,9.5550755104,9.55507551,9.5550755103,9.55507551049,9.55507551049,9.55507551043,9.55507551013,9.5550755103,9.5550755103,9.5550755103,9.5550755103,9.5550755101,9.55507551042,9.55507551036,9.55507551036,9.55507551042,9.55507551042,9.55507551042,9.55507551045,9.55507551045,9.55507551044,9.55507551044,9.5550755103,9.55507551009,9.55507551009,9.55507551019,9.55507551019,9.55507551019,9.555075509767,9.555075510027,9.555075510027,9.555075509827,9.555075510067,9.555075510067,9.555075510017,9.555075510017,9.555075510027,9.555075510167,9.555075510167,9.555075510167,9.555075510167,9.555075510167,9.555075510167,9.5550755105,9.55507551,9.5550755103,9.5550755103,9.5550755103,9.5550755103,9.5550755103,9.5550755098,9.5550755098,9.5550755103,9.55507551027,9.55507551027,9.55507551027,9.5550755102,9.5550755102,9.55507551032,9.55507551032,9.55507551032,9.55507551029,9.55507551033,9.55507551033,9.5550755103,9.5550755101,9.5550755099,9.5550755099,4.3753047821,4.1535606392,4.1535606394,4.1535606391,4.15356063912,4.15356063908,4.15356063908,4.15356063908,4.15356063911,4.15356063911,4.15356063912,4.153560639066,4.153560639066,4.15356063907,4.15356063906,4.15356063908,4.15356063947,4.15356063947,4.1535606389,0.4638320632,0,4.92818336125,4.92818336125,4.92818336118,4.92818336118,4.92818336128,4.92818336121,4.92818336121,4.92818336128,4.928183361,6.6451801001
"t92",9.55507551025,9.55507551025,9.55507550985,9.55507551015,9.55507551034,9.55507551034,9.55507551028,9.55507550998,9.55507551015,9.55507551015,9.55507551015,9.55507551015,9.55507550995,9.55507551027,9.55507551021,9.55507551021,9.55507551027,9.55507551027,9.55507551027,9.5550755103,9.5550755103,9.55507551029,9.55507551029,9.55507551015,9.55507550994,9.55507550994,9.55507551004,9.55507551004,9.55507551004,9.555075509617,9.555075509877,9.555075509877,9.555075509677,9.555075509917,9.555075509917,9.555075509867,9.555075509867,9.555075509877,9.555075510017,9.555075510017,9.555075510017,9.555075510017,9.555075510017,9.555075510017,9.55507551035,9.55507550985,9.55507551015,9.55507551015,9.55507551015,9.55507551015,9.55507551015,9.55507550965,9.55507550965,9.55507551015,9.55507551012,9.55507551012,9.55507551012,9.55507551005,9.55507551005,9.55507551017,9.55507551017,9.55507551017,9.55507551014,9.55507551018,9.55507551018,9.55507551015,9.55507550995,9.55507550975,9.55507550975,4.92818336115,4.92818336125,4.92818336145,4.92818336115,4.92818336117,4.92818336113,4.92818336113,4.92818336113,4.92818336116,4.92818336116,4.92818336117,4.928183361116,4.928183361116,4.92818336112,4.92818336111,4.92818336113,4.92818336152,4.92818336152,4.92818336095,4.92818336125,4.92818336125,0,0.1021639611,1.97703396103,1.97703396103,1.97703396113,1.97703396106,1.97703396106,1.97703396113,2.95230458425,6.64518009995
"t93",9.55507551025,9.55507551025,9.55507550985,9.55507551015,9.55507551034,9.55507551034,9.55507551028,9.55507550998,9.55507551015,9.55507551015,9.55507551015,9.55507551015,9.55507550995,9.55507551027,9.55507551021,9.55507551021,9.55507551027,9.55507551027,9.55507551027,9.5550755103,9.5550755103,9.55507551029,9.55507551029,9.55507551015,9.55507550994,9.55507550994,9.55507551004,9.55507551004,9.55507551004,9.555075509617,9.555075509877,9.555075509877,9.555075509677,9.555075509917,9.555075509917,9.555075509867,9.555075509867,9.555075509877,9.555075510017,9.555075510017,9.555075510017,9.555075510017,9.555075510017,9.555075510017,9.55507551035,9.55507550985,9.55507551015,9.55507551015,9.55507551015,9.55507551015,9.55507551015,9.55507550965,9.55507550965,9.55507551015,9.55507551012,9.55507551012,9.55507551012,9.55507551005,9.55507551005,9.55507551017,9.55507551017,9.55507551017,9.55507551014,9.55507551018,9.55507551018,9.55507551015,9.55507550995,9.55507550975,9.55507550975,4.92818336115,4.92818336125,4.92818336145,4.92818336115,4.92818336117,4.92818336113,4.92818336113,4.92818336113,4.92818336116,4.92818336116,4.92818336117,4.928183361116,4.928183361116,4.92818336112,4.92818336111,4.92818336113,4.92818336152,4.92818336152,4.92818336095,4.92818336125,4.92818336125,0.1021639611,0,1.97703396103,1.97703396103,1.97703396113,1.97703396106,1.97703396106,1.97703396113,2.95230458425,6.64518009995
"t55",9.55507551018,9.55507551018,9.55507550978,9.55507551008,9.55507551027,9.55507551027,9.55507551021,9.55507550991,9.55507551008,9.55507551008,9.55507551008,9.55507551008,9.55507550988,9.5550755102,9.55507551014,9.55507551014,9.5550755102,9.5550755102,9.5550755102,9.55507551023,9.55507551023,9.55507551022,9.55507551022,9.55507551008,9.55507550987,9.55507550987,9.55507550997,9.55507550997,9.55507550997,9.555075509547,9.555075509807,9.555075509807,9.555075509607,9.555075509847,9.555075509847,9.555075509797,9.555075509797,9.555075509807,9.555075509947,9.555075509947,9.555075509947,9.555075509947,9.555075509947,9.555075509947,9.55507551028,9.55507550978,9.55507551008,9.55507551008,9.55507551008,9.55507551008,9.55507551008,9.55507550958,9.55507550958,9.55507551008,9.55507551005,9.55507551005,9.55507551005,9.55507550998,9.55507550998,9.5550755101,9.5550755101,9.5550755101,9.55507551007,9.55507551011,9.55507551011,9.55507551008,9.55507550988,9.55507550968,9.55507550968,4.92818336108,4.92818336118,4.92818336138,4.92818336108,4.9281833611,4.92818336106,4.92818336106,4.92818336106,4.92818336109,4.92818336109,4.9281833611,4.928183361046,4.928183361046,4.92818336105,4.92818336104,4.92818336106,4.92818336145,4.92818336145,4.92818336088,4.92818336118,4.92818336118,1.97703396103,1.97703396103,0,0.5595893024,1.8609212419,1.86092124183,1.86092124183,1.8609212419,2.95230458418,6.64518009988
"t56",9.55507551018,9.55507551018,9.55507550978,9.55507551008,9.55507551027,9.55507551027,9.55507551021,9.55507550991,9.55507551008,9.55507551008,9.55507551008,9.55507551008,9.55507550988,9.5550755102,9.55507551014,9.55507551014,9.5550755102,9.5550755102,9.5550755102,9.55507551023,9.55507551023,9.55507551022,9.55507551022,9.55507551008,9.55507550987,9.55507550987,9.55507550997,9.55507550997,9.55507550997,9.555075509547,9.555075509807,9.555075509807,9.555075509607,9.555075509847,9.555075509847,9.555075509797,9.555075509797,9.555075509807,9.555075509947,9.555075509947,9.555075509947,9.555075509947,9.555075509947,9.555075509947,9.55507551028,9.55507550978,9.55507551008,9.55507551008,9.55507551008,9.55507551008,9.55507551008,9.55507550958,9.55507550958,9.55507551008,9.55507551005,9.55507551005,9.55507551005,9.55507550998,9.55507550998,9.5550755101,9.5550755101,9.5550755101,9.55507551007,9.55507551011,9.55507551011,9.55507551008,9.55507550988,9.55507550968,9.55507550968,4.92818336108,4.92818336118,4.92818336138,4.92818336108,4.9281833611,4.92818336106,4.92818336106,4.92818336106,4.92818336109,4.92818336109,4.9281833611,4.928183361046,4.928183361046,4.92818336105,4.92818336104,4.92818336106,4.92818336145,4.92818336145,4.92818336088,4.92818336118,4.92818336118,1.97703396103,1.97703396103,0.5595893024,0,1.8609212419,1.86092124183,1.86092124183,1.8609212419,2.95230458418,6.64518009988
"t31",9.55507551028,9.55507551028,9.55507550988,9.55507551018,9.55507551037,9.55507551037,9.55507551031,9.55507551001,9.55507551018,9.55507551018,9.55507551018,9.55507551018,9.55507550998,9.5550755103,9.55507551024,9.55507551024,9.5550755103,9.5550755103,9.5550755103,9.55507551033,9.55507551033,9.55507551032,9.55507551032,9.55507551018,9.55507550997,9.55507550997,9.55507551007,9.55507551007,9.55507551007,9.555075509647,9.555075509907,9.555075509907,9.555075509707,9.555075509947,9.555075509947,9.555075509897,9.555075509897,9.555075509907,9.555075510047,9.555075510047,9.555075510047,9.555075510047,9.555075510047,9.555075510047,9.55507551038,9.55507550988,9.55507551018,9.55507551018,9.55507551018,9.55507551018,9.55507551018,9.55507550968,9.55507550968,9.55507551018,9.55507551015,9.55507551015,9.55507551015,9.55507551008,9.55507551008,9.5550755102,9.5550755102,9.5550755102,9.55507551017,9.55507551021,9.55507551021,9.55507551018,9.55507550998,9.55507550978,9.55507550978,4.92818336118,4.92818336128,4.92818336148,4.92818336118,4.9281833612,4.92818336116,4.92818336116,4.92818336116,4.92818336119,4.92818336119,4.9281833612,4.928183361146,4.928183361146,4.92818336115,4.92818336114,4.92818336116,4.92818336155,4.92818336155,4.92818336098,4.92818336128,4.92818336128,1.97703396113,1.97703396113,1.8609212419,1.8609212419,0,1.24470590153,1.24470590153,1.2447059016,2.95230458428,6.64518009998
"t39",9.55507551021,9.55507551021,9.55507550981,9.55507551011,9.5550755103,9.5550755103,9.55507551024,9.55507550994,9.55507551011,9.55507551011,9.55507551011,9.55507551011,9.55507550991,9.55507551023,9.55507551017,9.55507551017,9.55507551023,9.55507551023,9.55507551023,9.55507551026,9.55507551026,9.55507551025,9.55507551025,9.55507551011,9.5550755099,9.5550755099,9.55507551,9.55507551,9.55507551,9.555075509577,9.555075509837,9.555075509837,9.555075509637,9.555075509877,9.555075509877,9.555075509827,9.555075509827,9.555075509837,9.555075509977,9.555075509977,9.555075509977,9.555075509977,9.555075509977,9.555075509977,9.55507551031,9.55507550981,9.55507551011,9.55507551011,9.55507551011,9.55507551011,9.55507551011,9.55507550961,9.55507550961,9.55507551011,9.55507551008,9.55507551008,9.55507551008,9.55507551001,9.55507551001,9.55507551013,9.55507551013,9.55507551013,9.5550755101,9.55507551014,9.55507551014,9.55507551011,9.55507550991,9.55507550971,9.55507550971,4.92818336111,4.92818336121,4.92818336141,4.92818336111,4.92818336113,4.92818336109,4.92818336109,4.92818336109,4.92818336112,4.92818336112,4.92818336113,4.928183361076,4.928183361076,4.92818336108,4.92818336107,4.92818336109,4.92818336148,4.92818336148,4.92818336091,4.92818336121,4.92818336121,1.97703396106,1.97703396106,1.86092124183,1.86092124183,1.24470590153,0,1.0000849794,1.13534067273,2.95230458421,6.64518009991
"t40",9.55507551021,9.55507551021,9.55507550981,9.55507551011,9.5550755103,9.5550755103,9.55507551024,9.55507550994,9.55507551011,9.55507551011,9.55507551011,9.55507551011,9.55507550991,9.55507551023,9.55507551017,9.55507551017,9.55507551023,9.55507551023,9.55507551023,9.55507551026,9.55507551026,9.55507551025,9.55507551025,9.55507551011,9.5550755099,9.5550755099,9.55507551,9.55507551,9.55507551,9.555075509577,9.555075509837,9.555075509837,9.555075509637,9.555075509877,9.555075509877,9.555075509827,9.555075509827,9.555075509837,9.555075509977,9.555075509977,9.555075509977,9.555075509977,9.555075509977,9.555075509977,9.55507551031,9.55507550981,9.55507551011,9.55507551011,9.55507551011,9.55507551011,9.55507551011,9.55507550961,9.55507550961,9.55507551011,9.55507551008,9.55507551008,9.55507551008,9.55507551001,9.55507551001,9.55507551013,9.55507551013,9.55507551013,9.5550755101,9.55507551014,9.55507551014,9.55507551011,9.55507550991,9.55507550971,9.55507550971,4.92818336111,4.92818336121,4.92818336141,4.92818336111,4.92818336113,4.92818336109,4.92818336109,4.92818336109,4.92818336112,4.92818336112,4.92818336113,4.928183361076,4.928183361076,4.92818336108,4.92818336107,4.92818336109,4.92818336148,4.92818336148,4.92818336091,4.92818336121,4.92818336121,1.97703396106,1.97703396106,1.86092124183,1.86092124183,1.24470590153,1.0000849794,0,1.13534067273,2.95230458421,6.64518009991
"t35",9.55507551028,9.55507551028,9.55507550988,9.55507551018,9.55507551037,9.55507551037,9.55507551031,9.55507551001,9.55507551018,9.55507551018,9.55507551018,9.55507551018,9.55507550998,9.5550755103,9.55507551024,9.55507551024,9.5550755103,9.5550755103,9.5550755103,9.55507551033,9.55507551033,9.55507551032,9.55507551032,9.55507551018,9.55507550997,9.55507550997,9.55507551007,9.55507551007,9.55507551007,9.555075509647,9.555075509907,9.555075509907,9.555075509707,9.555075509947,9.555075509947,9.555075509897,9.555075509897,9.555075509907,9.555075510047,9.555075510047,9.555075510047,9.555075510047,9.555075510047,9.555075510047,9.55507551038,9.55507550988,9.55507551018,9.55507551018,9.55507551018,9.55507551018,9.55507551018,9.55507550968,9.55507550968,9.55507551018,9.55507551015,9.55507551015,9.55507551015,9.55507551008,9.55507551008,9.5550755102,9.5550755102,9.5550755102,9.55507551017,9.55507551021,9.55507551021,9.55507551018,9.55507550998,9.55507550978,9.55507550978,4.92818336118,4.92818336128,4.92818336148,4.92818336118,4.9281833612,4.92818336116,4.92818336116,4.92818336116,4.92818336119,4.92818336119,4.9281833612,4.928183361146,4.928183361146,4.92818336115,4.92818336114,4.92818336116,4.92818336155,4.92818336155,4.92818336098,4.92818336128,4.92818336128,1.97703396113,1.97703396113,1.8609212419,1.8609212419,1.2447059016,1.13534067273,1.13534067273,0,2.95230458428,6.64518009998
"t7",9.55507551,9.55507551,9.5550755096,9.5550755099,9.55507551009,9.55507551009,9.55507551003,9.55507550973,9.5550755099,9.5550755099,9.5550755099,9.5550755099,9.5550755097,9.55507551002,9.55507550996,9.55507550996,9.55507551002,9.55507551002,9.55507551002,9.55507551005,9.55507551005,9.55507551004,9.55507551004,9.5550755099,9.55507550969,9.55507550969,9.55507550979,9.55507550979,9.55507550979,9.555075509367,9.555075509627,9.555075509627,9.555075509427,9.555075509667,9.555075509667,9.555075509617,9.555075509617,9.555075509627,9.555075509767,9.555075509767,9.555075509767,9.555075509767,9.555075509767,9.555075509767,9.5550755101,9.5550755096,9.5550755099,9.5550755099,9.5550755099,9.5550755099,9.5550755099,9.5550755094,9.5550755094,9.5550755099,9.55507550987,9.55507550987,9.55507550987,9.5550755098,9.5550755098,9.55507550992,9.55507550992,9.55507550992,9.55507550989,9.55507550993,9.55507550993,9.5550755099,9.5550755097,9.5550755095,9.5550755095,4.9281833609,4.928183361,4.9281833612,4.9281833609,4.92818336092,4.92818336088,4.92818336088,4.92818336088,4.92818336091,4.92818336091,4.92818336092,4.928183360866,4.928183360866,4.92818336087,4.92818336086,4.92818336088,4.92818336127,4.92818336127,4.9281833607,4.928183361,4.928183361,2.95230458425,2.95230458425,2.95230458418,2.95230458418,2.95230458428,2.95230458421,2.95230458421,2.95230458428,0,6.6451800997
"t1",9.5550755103,9.5550755103,9.5550755099,9.5550755102,9.55507551039,9.55507551039,9.55507551033,9.55507551003,9.5550755102,9.5550755102,9.5550755102,9.5550755102,9.55507551,9.55507551032,9.55507551026,9.55507551026,9.55507551032,9.55507551032,9.55507551032,9.55507551035,9.55507551035,9.55507551034,9.55507551034,9.5550755102,9.55507550999,9.55507550999,9.55507551009,9.55507551009,9.55507551009,9.555075509667,9.555075509927,9.555075509927,9.555075509727,9.555075509967,9.555075509967,9.555075509917,9.555075509917,9.555075509927,9.555075510067,9.555075510067,9.555075510067,9.555075510067,9.555075510067,9.555075510067,9.5550755104,9.5550755099,9.5550755102,9.5550755102,9.5550755102,9.5550755102,9.5550755102,9.5550755097,9.5550755097,9.5550755102,9.55507551017,9.55507551017,9.55507551017,9.5550755101,9.5550755101,9.55507551022,9.55507551022,9.55507551022,9.55507551019,9.55507551023,9.55507551023,9.5550755102,9.55507551,9.5550755098,9.5550755098,6.6451801,6.6451801001,6.6451801003,6.6451801,6.64518010002,6.64518009998,6.64518009998,6.64518009998,6.64518010001,6.64518010001,6.64518010002,6.645180099966,6.645180099966,6.64518009997,6.64518009996,6.64518009998,6.64518010037,6.64518010037,6.6451800998,6.6451801001,6.6451801001,6.64518009995,6.64518009995,6.64518009988,6.64518009988,6.64518009998,6.64518009991,6.64518009991,6.64518009998,6.6451800997,0
