accepted_species,0,1
t59,0.985156,0.014844022
t60,0.985156,0.014844022
t37,0.9955028,0.0044971653
t100,0.985156,0.014844022
t101,0.985156,0.014844022
t81,0.9952936,0.004706409
t24,0.9923586,0.007641367
t25,0.9952936,0.004706409
t26,0.98331904,0.016680941
t41,0.98561734,0.01438266
t75,0.9770856,0.022914419
t99,0.8680588,0.13194118
t86,0.55199707,0.44800296
t62,0.65465736,0.34534267
