accepted_species,0,1
t59,0.97654337,0.023456628
t60,0.97654337,0.023456628
t37,0.97654337,0.023456628
t100,0.97654337,0.023456628
t101,0.97654337,0.023456628
t81,0.9766127,0.023387337
t24,0.964637,0.035363045
t25,0.964637,0.035363045
t26,0.964637,0.035363045
t41,0.819254,0.18074603
t75,0.76886195,0.23113805
t99,0.7050665,0.2949335
t86,0.7050665,0.2949335
t62,0.76886195,0.23113805
