accepted_species,0,1
Rudgea_coriacea,0.93517363,0.064826384
Palicourea_iodotricha,0.93517363,0.064826384
Psychotria_cephalidantha,0.92866164,0.07133835
Psychotria_volii,0.93517363,0.064826384
Psychotria_pedunculosa,0.93517363,0.064826384
Psychotria_bifaria,0.93517363,0.064826384
Psychotria_anemothyrsa,0.93517363,0.064826384
Psychotria_samarensis,0.92866164,0.07133835
Palicourea_palaciosii,0.93517363,0.064826384
Palicourea_cyanantha,0.93517363,0.064826384
