accepted_species,estimate
t89,0.48335221270727463
t90,-0.4800770887961609
t91,-0.5975032579599575
t7,-0.8679633241781761
t22,-0.8724018373244704
t92,-0.9484353270957893
t40,-0.8402020676744542
t64,0.4496787379605715
t39,0.6802488749382318
t57,0.4462774933721953
