"accepted_species","estimate"
"t89",0.573236862109395
"t90",-0.358476928911208
"t91",-0.358476928911208
"t7",0.228525574378812
"t22",0.392795810977517
"t92",-1.59164637786123
"t40",-1.59782687821248
"t64",0.706992640903084
"t39",0.422201332053075
"t57",0.22073864761465
