"accepted_species","estimate"
"t89",0.573235435714559
"t90",-0.358478819758503
"t91",-0.358478819758503
"t7",0.228528391275075
"t22",0.392798682273914
"t92",-1.59164602666755
"t40",-1.59782931759871
"t64",0.707000997073648
"t39",0.422201182627211
"t57",0.220727569804446
