accepted_species,estimate
t89,0.13494454
t90,-0.30504766
t91,-0.66131616
t7,0.39206544
t22,0.058500495
t92,-1.5859665
t40,-1.5859665
t64,0.31004575
t39,0.8627513
t57,0.5500753
