accepted_species,estimate
t3,0.6178181317186247
t7,0.6075266776002061
t26,0.6080737452098033
t19,0.6023536803463728
t34,0.6011660101112247
t99,0.599959008068565
t100,0.5999590080685651
t68,0.6000753096981642
t75,0.6385370212992387
t76,0.6385370212992386
