accepted_species,0,1
t78,0.19194604263085946,0.8080539573691405
t6,0.18957306085817138,0.8104269391418286
t25,0.1895392511410754,0.8104607488589246
t93,0.18955563408012766,0.8104443659198723
t94,0.18953522004987033,0.8104647799501297
t91,0.18954090019792758,0.8104590998020724
t38,0.19181644160997224,0.8081835583900278
t39,0.19183223593516285,0.8081677640648371
t87,0.19187201622471328,0.8081279837752867
t88,0.19184704489746363,0.8081529551025364
