accepted_species,0,1
t78,0.5939907050243298,0.4060092949756702
t6,0.21866460677291544,0.7813353932270846
t25,0.15032472776462424,0.8496752722353758
t93,0.14799159957584818,0.8520084004241518
t94,0.10336715297560461,0.8966328470243954
t91,0.1338579452753852,0.8661420547246148
t38,0.0879998676933269,0.9120001323066731
t39,0.10845560820913991,0.8915443917908601
t87,0.09810889112922805,0.901891108870772
t88,0.07808271375926179,0.9219172862407382
