accepted_species,estimate
t82,-1.7958897
t74,-0.7713494
t13,-0.5451211
t10,-0.68066335
t83,-1.7786232
t84,-1.7786232
t56,-1.7786232
t93,-1.7786232
t94,-1.7786232
t76,-1.3352722
