accepted_species,estimate
t42,0.6216329248407508
t7,-0.62944791124837
t79,-1.117520692201779
t71,1.0880639964489112
t20,0.054469683426715
t51,-0.7780406164491644
t91,0.6529272639085963
t74,0.6498504397554598
t14,0.4041935760044588
t81,0.4277461718176369
