accepted_species,0,1
Psychotria_desirei,0.9149538,0.08504616
Landolphia_bruneelii,0.8635882,0.13641179
Psychotria_imerinensis,0.9149538,0.08504616
Ceropegia_vahrmeijeri,0.904786,0.09521399
Cynanchica_biebersteinii,0.7949221,0.20507787
Arachnothryx_peruviana,0.7938747,0.20612532
Ochrosia_basistamina,0.8788588,0.12114121
Hoffmannia_rotata,0.796677,0.20332298
Dischidia_maxima,0.904786,0.09521399
Malanea_erecta,0.7972237,0.20277631
