accepted_species,0,1
Psychotria_desirei,0.9242989,0.07570115
Landolphia_bruneelii,0.86457956,0.13542041
Psychotria_imerinensis,0.9241838,0.07581621
Ceropegia_vahrmeijeri,0.87665117,0.123348825
Cynanchica_biebersteinii,0.78206456,0.21793541
Arachnothryx_peruviana,0.79649615,0.20350382
Ochrosia_basistamina,0.8932797,0.10672032
Hoffmannia_rotata,0.77334666,0.22665337
Dischidia_maxima,0.88254035,0.117459685
Malanea_erecta,0.8733491,0.1266509
