accepted_species,estimate
t45,-0.7100766537256274
t98,0.24777409113076226
t89,0.3950214038745709
t14,-0.1849370512650675
t4,1.04951782513226
t58,0.36388554530844336
t17,1.0273562518820625
t74,0.7938058285659183
t36,0.7810170716927111
t61,0.8178345852911894
