accepted_species,estimate
t45,-1.1083585008236996
t98,0.04798379369771043
t89,0.044000370614972764
t14,0.05234560650396962
t4,1.4063703613328917
t58,0.43132421776402446
t17,0.8723622751980913
t74,0.9593303982074082
t36,0.9531270732242247
t61,0.7726631049415051
