accepted_species,0
t45,
t98,-0.175975168331177
t89,0.72889539329898
t14,
t4,
t58,
t17,
t74,
t36,
t61,
