accepted_species,estimate
t26,0.6722521293366409
t90,0.7912895928572024
t59,0.6359577800223828
t132,1.152938977242921
t97,1.6751440929608956
t16,0.5563523612755034
t40,0.6080534694470393
t83,0.28987962687978386
t112,0.9822573591169904
t15,0.5201871786510398
t38,0.14325505162916688
t122,0.21684404099113455
t66,-0.03476473859903892
