"accepted_species","estimate"
"t26",0.449419054847602
"t90",0.478956613242007
"t59",0.468875659298383
"t132",0.765591321871204
"t97",1.74959227951198
"t16",0.512755976903038
"t40",0.946077233619686
"t83",1.37011000542666
"t112",-0.288743893836758
"t15",0.160323001318346
"t38",0.0227169990486271
"t122",-0.155209757278319
"t66",-0.138688338995363
