"accepted_species","0","1"
"t33",0.288661302344087,0.711338697655913
"t53",0.28864022567377,0.71135977432623
"t60",0.288782594269155,0.711217405730845
"t62",0.288844689851147,0.711155310148853
"t63",0.288844689851147,0.711155310148853
"t65",0.288167819639127,0.711832180360873
"t97",0.299657169782132,0.700342830217868
"t114",0.274251933644907,0.725748066355092
"t140",0.530893545122092,0.469106454877908
"t148",0.748642633708774,0.251357366291226
