accepted_species,0,1
t14,0.7615846040237664,0.23841539597623365
t16,0.7659636552444685,0.23403634475553145
t52,0.7694941910405093,0.2305058089594907
t55,0.7700658660864348,0.22993413391356515
t66,0.7656188962567813,0.23438110374321874
t79,0.761191392037947,0.23880860796205308
t89,0.7701787545133995,0.22982124548660057
t93,0.7615150605699057,0.2384849394300943
t100,0.7695376562257875,0.2304623437742125
t113,0.7609882405966852,0.23901175940331482
