accepted_species,0,1
t33,0.2664888,0.7335112
t53,0.22632426,0.77367574
t60,0.26446968,0.7355303
t62,0.33163893,0.66836107
t63,0.33163893,0.66836107
t65,0.2664888,0.7335112
t97,0.22632426,0.77367574
t114,0.41125053,0.58874947
t140,0.28172976,0.71827024
t148,0.3404945,0.6595055
