accepted_species,estimate
t140,1.128743702861947
t117,-0.8160084422036357
t89,1.2867617410990246
t15,-0.4821666848650854
t40,0.0708350126693482
t36,0.06143441969115658
t20,-0.406527086730143
t123,0.9444519915433107
t121,1.1189245110576964
t98,1.1162935198178636
t79,1.1394539792956049
t126,-0.6098083170789451
t35,0.2157976926211379
t86,0.31080733969045093
