accepted_species,0,1
t64,0.15618086,0.84381914
t89,0.09800255,0.90199745
t107,0.1579507,0.8420493
t108,0.1579507,0.8420493
t114,0.13526058,0.8647394
t136,0.1287536,0.8712464
t137,0.1287536,0.8712464
t142,0.09754056,0.90245944
t144,0.08581561,0.9141844
t150,0.12105912,0.8789409
