accepted_species,0,1
t64,0.085979104,0.9140209
t89,0.08387035,0.91612965
t107,0.12622279,0.8737772
t108,0.12214875,0.87785125
t114,0.12195963,0.8780404
t136,0.17444855,0.82555145
t137,0.18342268,0.8165773
t142,0.08387035,0.91612965
t144,0.08387035,0.91612965
t150,0.14588678,0.8541132
