accepted_species,0,1
sp147,0.013338482756685588,0.9866615172433144
sp179,0.018673894499668497,0.9813261055003315
sp218,0.02152634182144164,0.9784736581785584
sp219,0.020932243183350074,0.9790677568166499
sp226,0.019659308463440772,0.9803406915365592
sp227,0.019584985245591047,0.980415014754409
sp234,0.01244418655305013,0.9875558134469499
sp257,0.012785444787864364,0.9872145552121356
sp267,0.012812565377824159,0.9871874346221758
sp268,0.01283894857157264,0.9871610514284274
