accepted_species,0,1
sp147,0.4416024835023401,0.5583975164976599
sp179,0.44168926564358546,0.5583107343564145
sp218,0.4416818620835591,0.5583181379164409
sp219,0.4416818620835591,0.5583181379164409
sp226,0.44165315567317676,0.5583468443268232
sp227,0.44165315567317676,0.5583468443268232
sp234,0.4415615734194063,0.5584384265805937
sp257,0.44155741174671803,0.558442588253282
sp267,0.441556796073838,0.558443203926162
sp268,0.441556796073838,0.558443203926162
