accepted_species,0,1
sp147,0.26905096,0.73094904
sp179,0.26905096,0.73094904
sp218,0.26905096,0.73094904
sp219,0.26905096,0.73094904
sp226,0.26905096,0.73094904
sp227,0.26905096,0.73094904
sp234,0.26905096,0.73094904
sp257,0.26905096,0.73094904
sp267,0.26905096,0.73094904
sp268,0.26905096,0.73094904
