accepted_species,0,1
sp27,0.32781664315012804,0.672183356849872
sp37,0.32309653102999747,0.6769034689700025
sp55,0.3277968091987935,0.6722031908012065
sp68,0.3173319910524327,0.6826680089475673
sp88,0.31866985690060634,0.6813301430993937
sp89,0.3186590940245859,0.6813409059754141
sp119,0.31822840297214416,0.6817715970278558
sp125,0.3285254520036872,0.6714745479963128
sp143,0.31776328197128056,0.6822367180287194
sp148,0.31740739057836553,0.6825926094216345
