accepted_species,0,1
sp27,0.3887137290092073,0.6112862709907927
sp37,0.0003781530389311838,0.9996218469610688
sp55,0.3674690722193523,0.6325309277806477
sp68,0.6392600932643584,0.3607399067356416
sp88,0.191387779305477,0.808612220694523
sp89,0.16532745580022878,0.8346725441997712
sp119,0.025756622148363495,0.9742433778516365
sp125,0.5812415198796843,0.41875848012031575
sp143,0.3663470227636604,0.6336529772363396
sp148,0.732148394743523,0.26785160525647705
