accepted_species,0,1
t40,0.5930913971055035,0.4069086028944965
t71,0.4246615692878608,0.5753384307121392
t89,0.39351105762209104,0.606488942377909
t103,0.9145877998227057,0.08541220017729437
t107,0.4733366868115779,0.5266633131884221
t115,0.44215259998965506,0.5578474000103449
t144,0.27486195431777527,0.7251380456822247
t150,0.43551302374674894,0.5644869762532511
t152,0.5026471159423636,0.49735288405763645
t155,0.9316106552276103,0.0683893447723897
