accepted_species,0,1
t603,0.12317604,0.87682396
t613,0.6740893,0.32591066
t647,0.22729135,0.77270865
t648,0.27968997,0.72031003
t653,0.8510688,0.1489312
t670,0.03213644,0.96786356
t672,0.5618998,0.43810025
t687,0.03213644,0.96786356
t688,0.862695,0.13730504
t690,0.9812359,0.018764082
