accepted_species,0,1
t40,0.48677558,0.5132244
t71,0.45750344,0.54249656
t89,0.47766477,0.52233523
t103,0.49508363,0.50491637
t107,0.43376672,0.5662333
t115,0.46880603,0.531194
t144,0.45068926,0.54931074
t150,0.43376672,0.5662333
t152,0.47173053,0.52826947
t155,0.4998449,0.5001551
