accepted_species,0,1
t40,0.64572006,0.35427994
t71,0.38034457,0.61965543
t89,0.66410315,0.33589688
t103,0.8624134,0.13758661
t107,0.7933559,0.2066441
t115,0.49924028,0.5007597
t144,0.60887396,0.39112607
t150,0.08999163,0.9100084
t152,0.7992246,0.20077541
t155,0.7697965,0.2302035
