accepted_species,0,1
sp36,0.06921601,0.930784
sp79,0.98937845,0.010621518
sp84,0.103187144,0.89681286
sp96,0.97382873,0.026171295
sp105,0.97382873,0.026171295
sp110,0.06921601,0.930784
sp111,0.06921601,0.930784
sp130,0.3505137,0.6494863
sp131,0.5119029,0.48809707
sp161,0.9800727,0.01992733
