accepted_species,estimate
t26,0.7412344709575409
t50,0.5233579535404234
t33,0.051264938759865195
t67,-0.30095401920734405
t7,-0.13625965987309113
t30,-0.18079600896798537
t60,-0.24315652681954075
t44,-0.5471485989749008
t42,0.6969623105735283
t25,-0.18584440223052628
