accepted_species,estimate
t26,0.3911194378695171
t50,0.5189009406587028
t33,0.025041574408791283
t67,-0.46570218864240487
t7,-0.12271336103716357
t30,-0.3026565691384424
t60,-0.33057741512504535
t44,-0.4175371623828634
t42,0.46072432872023117
t25,-0.45021830126799167
