"accepted_species","estimate"
"t26",0.248341429854714
"t50",0.356503349454259
"t33",-0.393499127205044
"t67",-0.451297475778506
"t7",-0.0623563216527011
"t30",0.105271895016298
"t60",0.0908221253627575
"t44",-0.659857968696033
"t42",0.687248077795334
"t25",-0.203510057514689
