accepted_species,estimate
t48,-0.27992724345914966
t160,-0.28194143131036953
t119,-0.5394592378908741
t54,-0.16534752692999102
t144,2.0238551717026976
t87,1.9853389014795757
t46,-0.20030095931204275
t157,-0.6388853318514284
t56,-0.6148123294031144
t33,-0.1606722622185727
t67,-2.1266458187530426
t108,-1.0852715530518737
t147,0.35325353275499205
t156,0.36114839276125366
t86,-0.23220485508294533
t131,-0.2578845584500914
