accepted_species,estimate
t3,-0.7343339964682951
t45,0.284639928455429
t75,-0.6460334823647564
t68,-0.9092597721841748
t5,-0.4914195146361173
t64,1.1363593122803413
t51,1.1651515988190948
t30,0.5479330830203737
t59,0.09994473159374363
t2,-0.303748988921438
