accepted_species,estimate
t3,-0.32254714
t45,0.19735408
t75,-1.0309943
t68,-1.0444068
t5,-0.53683317
t64,1.1771834
t51,1.1771834
t30,0.7445215
t59,0.6025314
t2,0.3791078
