accepted_species,0,1
t44,0.5592444376770553,0.4407555623229446
t22,0.5590351781404097,0.4409648218595903
t68,0.5585881136128799,0.4414118863871202
t4,0.5579532557039638,0.4420467442960362
t17,0.5488674870568722,0.4511325129431279
t14,0.550655857020863,0.44934414297913705
t1,0.5531734714577838,0.4468265285422162
t32,0.5435959648678677,0.4564040351321324
t2,0.5495407134291659,0.45045928657083406
t75,0.5516329361235297,0.44836706387647024
