accepted_species,0,1
t44,0.5394783,0.46052173
t22,0.6065576,0.3934424
t68,0.5394783,0.46052173
t4,0.6065576,0.3934424
t17,0.5394783,0.46052173
t14,0.6065576,0.3934424
t1,0.57336783,0.4266322
t32,0.42801327,0.57198673
t2,0.5052454,0.4947546
t75,0.5394783,0.46052173
