accepted_species,0,1
t44,0.6048701,0.39512992
t22,0.5991285,0.4008715
t68,0.5584709,0.4415291
t4,0.48940653,0.5105935
t17,0.715255,0.28474498
t14,0.46209204,0.53790796
t1,0.46209204,0.53790796
t32,0.53918254,0.4608175
t2,0.5502938,0.4497062
t75,0.53918254,0.4608175
