accepted_species,0,1
t44,0.5918394,0.40816063
t22,0.62084043,0.37915957
t68,0.5943275,0.4056725
t4,0.6029899,0.39701012
t17,0.47351533,0.52648467
t14,0.5440459,0.45595405
t1,0.534826,0.46517402
t32,0.55305,0.44695002
t2,0.5214758,0.4785242
t75,0.5146927,0.48530728
