accepted_species,estimate
t70,-0.2788701342578062
t112,-0.30374620863185503
t108,-0.3149809918371332
t109,-0.7549162787644584
t110,-0.7568587329863613
t58,-0.8554977093786963
t36,-0.8113023654732177
t29,-0.2845801676989724
t84,-0.5052034143499767
t27,-0.38631745216618507
t31,-0.5941516283385392
t76,0.2266420948790651
t99,0.5545926667609916
t140,0.059149192284078715
