accepted_species,0,1
t127,0.9820858,0.017914198
t42,0.88491666,0.115083344
t30,0.9659867,0.034013256
t135,0.9956443,0.004355706
t136,0.9820858,0.017914198
t52,0.99472964,0.005270378
t53,0.98589325,0.014106734
t23,0.98589325,0.014106734
t6,0.9961409,0.0038590827
t58,0.8450457,0.15495428
t13,0.98589325,0.014106734
t65,0.975821,0.024178961
t133,0.975821,0.024178961
t154,0.94083923,0.05916076
t112,0.816189,0.183811
t14,0.98296595,0.017034024
