accepted_species,estimate
t2,0.47446288491975935
t9,-0.40597221114499177
t77,-0.4174691319742066
t54,0.3789085460659855
t32,-0.4325961292093144
t62,1.0226552178073998
t66,0.767726810835528
t67,0.8231646599421067
t40,0.5378671179630092
t99,-0.22935187293188958
