accepted_species,estimate
t2,0.12749044231306972
t9,-0.48842005569585045
t77,-0.614677799929857
t54,0.14663573748569872
t32,0.5525931016762206
t62,1.0599822797315204
t66,1.0306533623183123
t67,1.0306533623183123
t40,0.9948970325771768
t99,-0.05029688693801876
