accepted_species,0,1
t62,0.9555584708143672,0.044441529185632815
t64,0.9557561621722533,0.04424383782774664
t87,0.955470703869188,0.044529296130812045
t106,0.9554611512646823,0.04453884873531769
t107,0.9554611512646823,0.04453884873531769
t142,0.9554127764776524,0.04458722352234753
t146,0.9554108705061959,0.04458912949380409
t147,0.9554108705061959,0.04458912949380408
t170,0.9555125620565912,0.04448743794340879
t171,0.9555125620565912,0.04448743794340879
