"accepted_species","0","1"
"t16","0.508787721003973","0.491212278996027"
"t23","0.515679154262598","0.484320845737402"
"t31","0.523830818719453","0.476169181280547"
"t52","0.368895475795585","0.631104524204415"
"t58","0.323807556135862","0.676192443864138"
"t65","0.518641778991443","0.481358221008557"
"t66","0.518641778991443","0.481358221008557"
"t68","0.114170698140081","0.885829301859919"
"t93","0.837177845274767","0.162822154725233"
"t110","0.997000489018627","0.00299951098137261"
