accepted_species,0,1
t62,0.97650814,0.02349188
t64,0.97650814,0.02349188
t87,0.97650814,0.02349188
t106,0.97650814,0.02349188
t107,0.97650814,0.02349188
t142,0.97650814,0.02349188
t146,0.97650814,0.02349188
t147,0.97650814,0.02349188
t170,0.97650814,0.02349188
t171,0.97650814,0.02349188
