accepted_species,0,1
t62,0.9755313,0.024468696
t64,0.9755313,0.024468696
t87,0.9755313,0.024468696
t106,0.9755313,0.024468696
t107,0.9755313,0.024468696
t142,0.9755313,0.024468696
t146,0.9755313,0.024468696
t147,0.9755313,0.024468696
t170,0.9755313,0.024468696
t171,0.9755313,0.024468696
