accepted_species,0,1
t62,0.97129923,0.02870077
t64,0.97129923,0.02870077
t87,0.97129923,0.02870077
t106,0.97129923,0.02870077
t107,0.97129923,0.02870077
t142,0.97129923,0.02870077
t146,0.97129923,0.02870077
t147,0.97129923,0.02870077
t170,0.97129923,0.02870077
t171,0.97129923,0.02870077
