accepted_species,0,1
t36,0.0056236982,0.9943763
t70,0.011327088,0.9886729
t116,0.8429461,0.15705387
t148,0.8199885,0.18001148
t149,0.8199885,0.18001148
t92,0.22478747,0.7752125
t78,0.022902727,0.9770973
t79,0.47293323,0.52706677
t105,0.20697874,0.79302126
t142,0.73513067,0.26486933
t143,0.74632,0.25367996
t109,0.21099162,0.7890084
t21,0.054828048,0.94517195
t122,0.8673521,0.13264789
t48,0.19980639,0.8001936
