accepted_species,0,1
t36,0.0044943094,0.9955057
t70,0.0044943094,0.9955057
t116,0.9611827,0.03881728
t148,0.8801989,0.11980111
t149,0.8801989,0.11980111
t92,0.06425309,0.9357469
t78,0.063999176,0.9360008
t79,0.063999176,0.9360008
t105,0.063999176,0.9360008
t142,0.76581895,0.23418108
t143,0.76581895,0.23418108
t109,0.11508018,0.8849198
t21,0.5931084,0.4068916
t122,0.7342597,0.26574028
t48,0.7342597,0.26574028
