accepted_species,0,1
Ridsdalea_eucodon,0.95817155,0.041828457
Rytigynia_dubiosa,0.95817155,0.041828457
Isertia_rosea,0.9618859,0.038114075
Ceriscoides_imbakensis,0.95817155,0.041828457
Galium_wrightii,0.9759749,0.024025088
Psychotria_yunnanensis,0.91596407,0.08403593
Ixora_oresitropha,0.95817155,0.041828457
Hedyotis_rajasekaranii,0.9759749,0.024025088
Sabicea_caminata,0.89399695,0.106003046
Sabicea_subinvolucrata,0.89399695,0.106003046
