accepted_species,0,1
t92,0.7886814262171835,0.21131857378281652
t96,0.7886751555105782,0.21132484448942174
t55,0.7900491500125839,0.20995084998741606
t56,0.7900846650917733,0.2099153349082267
t23,0.790034299206857,0.209965700793143
t48,0.790032914845693,0.209967085154307
t33,0.790058662317751,0.20994133768224899
t46,0.7900774027940395,0.20992259720596051
t47,0.7900815096467867,0.2099184903532133
t17,0.7900943912445204,0.20990560875547956
