accepted_species,0,1
t92,0.7899651071999403,0.2100348928000597
t96,0.7899642886765589,0.21003571132344115
t55,0.7898782221798021,0.21012177782019792
t56,0.7898746444779294,0.2101253555220706
t23,0.7898828579980334,0.2101171420019666
t48,0.7898819188509424,0.21011808114905758
t33,0.7898822135035318,0.21011778649646815
t46,0.7898738274683349,0.2101261725316651
t47,0.7898863769197495,0.21011362308025056
t17,0.7899202091468579,0.21007979085314207
