accepted_species,0,1
t92,0.7133535981158146,0.28664640188418544
t96,0.7489720852730487,0.2510279147269513
t55,0.7633433869477043,0.23665661305229568
t56,0.8220794227438105,0.17792057725618945
t23,0.7825449534943637,0.2174550465056363
t48,0.8208956891526282,0.17910431084737174
t33,0.8727658389712146,0.12723416102878538
t46,0.850799714985285,0.14920028501471502
t47,0.7718526762768843,0.2281473237231158
t17,0.8109336459129862,0.18906635408701378
