accepted_species,0,1
t92,0.7906978220257777,0.20930217797422235
t96,0.7906978938219453,0.20930210617805473
t55,0.7906979437326748,0.20930205626732523
t56,0.7906979437326748,0.20930205626732523
t23,0.7906979874374281,0.20930201256257186
t48,0.7906981373439526,0.20930186265604742
t33,0.7906980530991234,0.20930194690087653
t46,0.7906980794561409,0.20930192054385904
t47,0.7906980794561409,0.20930192054385904
t17,0.7906979031383228,0.20930209686167717
