"accepted_species","0","1"
"t92","0.5","0.5"
"t96","0.500000000008684","0.499999999991316"
"t55","0.5","0.5"
"t56","0.5","0.5"
"t23","0.5","0.5"
"t48","0.5","0.5"
"t33","0.5","0.5"
"t46","0.5","0.5"
"t47","0.5","0.5"
"t17","0.5","0.5"
