accepted_species,0,1
t92,0.8106444,0.18935561
t96,0.8106444,0.18935561
t55,0.7898334,0.21016656
t56,0.7898334,0.21016656
t23,0.7898334,0.21016656
t48,0.81444883,0.18555117
t33,0.8127454,0.18725462
t46,0.8127454,0.18725462
t47,0.8127454,0.18725462
t17,0.81444883,0.18555117
