accepted_species,0,1
t92,0.8078588,0.19214116
t96,0.8078588,0.19214116
t55,0.82159597,0.17840402
t56,0.82159597,0.17840402
t23,0.82159597,0.17840402
t48,0.8260251,0.17397486
t33,0.8260251,0.17397486
t46,0.8240603,0.17593968
t47,0.8240603,0.17593968
t17,0.8260251,0.17397486
