accepted_species,0,1
t43,0.29302955,0.70697045
t14,0.9540628,0.04593715
t37,0.6374707,0.36252928
t88,0.13851428,0.8614857
t81,0.099942565,0.90005744
t23,0.5781534,0.42184666
t44,0.14057225,0.85942775
t79,0.089523375,0.9104766
t66,0.085926175,0.9140738
t132,0.9489545,0.05104546
t59,0.98538053,0.014619447
t112,0.9898578,0.010142224
t113,0.9898578,0.010142224
t25,0.5854721,0.41452786
t90,0.9955847,0.0044152457
