accepted_species,estimate
t78,0.30699732658078993
t136,-0.5272174651592296
t123,0.15219886196712815
t124,0.15676540900453248
t39,0.061800674197026034
t67,0.33314845412909744
t76,0.37837036283058634
t73,0.286774607497172
t22,0.03682366562803982
t23,-0.07032405583388582
t38,-0.2167499323336193
t72,-0.24633233295131965
t96,-0.5524533649650092
t97,-0.583659718132501
