accepted_species,estimate
t78,-0.2045063633244797
t136,-0.38257676773319294
t123,0.6174260739976002
t124,0.6174260739976001
t39,0.5483195740274059
t67,0.7058760533047839
t76,0.7160946030732414
t73,0.7128245495494182
t22,0.09745160833168645
t23,0.09676143513070029
t38,0.14530191746186646
t72,0.16972201150008576
t96,-1.3493348618454057
t97,-1.349334861845409
