"accepted_species","estimate"
"t78",1.11171807935699
"t136",-0.281983321034549
"t123",0.22025979241223
"t124",0.22025979241223
"t39",0.18597257708934
"t67",1.35140883164523
"t76",1.42495939116774
"t73",1.38921002383151
"t22",0.0220997137993348
"t23",0.0220997137993348
"t38",-0.0684603167939317
"t72",-0.16592005551241
"t96",-0.148169647752354
"t97",-0.148169647752354
