accepted_species,estimate
t1,0.311558955409348
t42,0.040514282865720494
t30,-0.24851415447326536
t33,-0.14446276514596057
t117,-1.2285001966377513
t159,-1.4402005923058696
t157,-0.4653839182577158
t36,-0.2709921116747623
t88,-0.19121342445845085
t89,-0.15798545130514297
t72,-1.4670587725732978
t138,-1.4928040040458728
t63,-1.3853704087614387
t162,0.5562644381668341
t168,0.4341080872075273
t29,1.3830299791390444
t120,-0.002385630124314933
