accepted_species,estimate
t25,0.16846422582793638
t58,0.24222603822130026
t83,0.31251167263924307
t47,0.23688946496329008
t78,0.24950223948403658
t75,0.3025773629658721
t73,0.3510224042417497
t74,0.3748064696382519
t68,0.38783517061411377
t100,0.4125424978715019
