"accepted_species","estimate"
"t25",-0.354517862863573
"t58",-1.21756275499193
"t83",0.776764460545113
"t47",0.531735483181926
"t78",0.575226318393716
"t75",0.604981980818622
"t73",0.299966200466341
"t74",0.299966200466341
"t68",0.299966200466341
"t100",0.555257950194047
