accepted_species,estimate
t16,0.8085904322532008
t87,0.2415528298293251
t11,0.9403494506221078
t62,0.17573813318924922
t80,0.7024638195021223
t56,0.6442424043486285
t13,1.5472159437760136
t58,2.064964610908847
t85,2.0871796923495354
t86,2.0465872506787446
