accepted_species,0
t16,-0.07715647459843733
t87,-0.07715647459843733
t11,-0.07715647459843733
t62,-0.07715647459843733
t80,-0.07715647459843733
t56,-0.07715647459843733
t13,-0.07715647459843733
t58,-0.07715647459843733
t85,-0.07715647459843733
t86,-0.07715647459843733
