"accepted_species","estimate"
"t16",0.464317455223179
"t87",0.442029787838742
"t11",0.349077498577503
"t62",0.31947247243212
"t80",0.497499924512498
"t56",0.456298766995103
"t13",0.128574132734102
"t58",0.198388527983865
"t85",0.198388527983865
"t86",0.198388527983865
