"accepted_species","estimate"
"t16",0.475297451582708
"t87",0.443827398869032
"t11",0.362014555109017
"t62",0.322716576330816
"t80",0.495834936754423
"t56",0.453127158022865
"t13",0.114061954891393
"t58",0.196686607706707
"t85",0.196686607706707
"t86",0.196686607706707
