accepted_species,0,1
sp38,0.46571354928581465,0.5342864507141853
sp39,0.4708482238595142,0.5291517761404858
sp46,0.4673971961022352,0.5326028038977648
sp51,0.567685922972521,0.43231407702747904
sp64,0.5656977227335336,0.4343022772664665
sp111,0.5697886434220187,0.4302113565779812
sp133,0.5626372291507327,0.43736277084926733
sp134,0.4398724735634555,0.5601275264365445
sp135,0.4418861997400185,0.5581138002599815
sp136,0.44425257217612246,0.5557474278238775
