accepted_species,0,1
sp38,0.3734045588042971,0.6265954411957029
sp39,0.21497737291822605,0.785022627081774
sp46,0.5486591663855491,0.4513408336144509
sp51,0.40388240950431875,0.5961175904956812
sp64,0.40963730444193913,0.5903626955580609
sp111,0.6119121850100384,0.38808781498996164
sp133,0.37975942590335776,0.6202405740966422
sp134,0.4734208928339322,0.5265791071660678
sp135,0.5019369644318098,0.4980630355681902
sp136,0.5530442679468669,0.4469557320531331
