accepted_species,0,1
sp38,0.48888888888888893,0.5111111111111111
sp39,0.48888888888888893,0.5111111111111111
sp46,0.48888888888888893,0.5111111111111111
sp51,0.48888888888888893,0.5111111111111111
sp64,0.48888888888888893,0.5111111111111111
sp111,0.48888888888888893,0.5111111111111111
sp133,0.0,1.0
sp134,0.48888888888888893,0.5111111111111111
sp135,0.48888888888888893,0.5111111111111111
sp136,1.0,0.0
