accepted_species,0,1
Psychotria_luzoniensis,0.946439,0.053561
Trachelospermum_jasminoides,0.87585086,0.12414912
Rudgea_coriacea,0.87585086,0.12414912
Psychotria_ceratoloba,0.946439,0.053561
Gardenia_brighamii,0.87585086,0.12414912
Galium_lilloi,0.9391113,0.06088873
Palicourea_vacillans,0.87585086,0.12414912
Gynochthodes_coriacea,0.8602915,0.13970852
Rudgea_corymbulosa,0.87585086,0.12414912
Oldenlandia_pilulifera,0.9391113,0.06088873
