accepted_species,0,1
sp12,0.9222222222222223,0.07777777777777778
sp13,0.9222222222222223,0.07777777777777778
sp18,0.9222222222222223,0.07777777777777778
sp25,0.9222222222222223,0.07777777777777778
sp44,0.9222222222222223,0.07777777777777778
sp47,0.9222222222222223,0.07777777777777778
sp48,0.9222222222222223,0.07777777777777778
sp64,0.9222222222222223,0.07777777777777778
sp82,1.0,0.0
sp98,1.0,0.0
