accepted_species,0,1
sp12,0.95652163,0.043478377
sp13,0.98371136,0.016288629
sp18,0.98371136,0.016288629
sp25,0.97801226,0.021987718
sp44,0.3207708,0.6792292
sp47,0.92298055,0.07701942
sp48,0.92298055,0.07701942
sp64,0.98371136,0.016288629
sp82,0.9874099,0.012590118
sp98,0.97801226,0.021987718
