"","t8","t9","t47","t48","t55","t56","t5","t4","t70","t71","t38","t82","t83","t84","t62","t65","t66","t37","t21","t19","t27","t28","t24","t89","t90","t52","t22","t23","t20","t73","t74","t42","t33","t75","t85","t86","t16","t17","t63","t64","t2","t1","t10","t50","t51","t97","t98","t7","t40","t41","t34","t32","t93","t94","t12","t60","t67","t68","t69","t14","t45","t46","t39","t35","t36","t30","t31","t25","t26","t18","t49","t77","t78","t11","t53","t54","t80","t81","t91","t92","t29","t6","t13","t15","t57","t72","t87","t88","t99","t100","t61","t43","t44","t76","t79","t95","t96","t3","t58","t59"
"t8",0,2.75470029,4.9253486019,4.9253486019,4.9253486019,4.9253486019,4.9253486022,4.925348602,4.9253486019,4.9253486019,4.9253486019,4.92534860202,4.925348602022,4.925348602022,4.92534860192,4.92534860202,4.92534860202,4.92534860196,4.92534860196,4.925348602,4.92534860202,4.92534860202,4.925348602,4.925348602,4.925348602,4.925348602,4.9253486024,4.9253486024,4.925348602,4.9253486019,4.9253486019,4.9253486019,4.9253486019,4.9253486019,4.92534860191,4.92534860191,4.9253486017,4.9253486017,6.3943396716,6.3943396716,6.3943396721,6.394339671672,6.394339671472,6.394339671972,6.394339671972,6.39433967248,6.39433967248,6.3943396718,6.39433967187,6.39433967187,6.39433967187,6.3943396719,7.43620648327,7.43620648327,7.4362064828,7.4362064829,7.43620648292,7.43620648299,7.43620648299,7.4362064831,7.43620648322,7.43620648322,7.43620648326,7.43620648316,7.43620648316,7.4362064831,7.4362064831,7.4362064831,7.4362064831,7.4362064832,7.4362064832,7.4362064832,7.4362064832,7.4362064829,7.43620648276,7.43620648276,7.43620648286,7.43620648286,7.43620648289,7.43620648289,7.43620648286,7.4362064828,7.4362064832,7.4362064825,7.4362064828,7.4362064828,7.43620648274,7.43620648274,7.43620648287,7.43620648287,7.4362064828,7.4362064829,7.4362064829,7.4362064828,7.43620648284,7.43620648285,7.43620648285,7.4362064833,7.436206483,7.436206483
"t9",2.75470029,0,4.9253486019,4.9253486019,4.9253486019,4.9253486019,4.9253486022,4.925348602,4.9253486019,4.9253486019,4.9253486019,4.92534860202,4.925348602022,4.925348602022,4.92534860192,4.92534860202,4.92534860202,4.92534860196,4.92534860196,4.925348602,4.92534860202,4.92534860202,4.925348602,4.925348602,4.925348602,4.925348602,4.9253486024,4.9253486024,4.925348602,4.9253486019,4.9253486019,4.9253486019,4.9253486019,4.9253486019,4.92534860191,4.92534860191,4.9253486017,4.9253486017,6.3943396716,6.3943396716,6.3943396721,6.394339671672,6.394339671472,6.394339671972,6.394339671972,6.39433967248,6.39433967248,6.3943396718,6.39433967187,6.39433967187,6.39433967187,6.3943396719,7.43620648327,7.43620648327,7.4362064828,7.4362064829,7.43620648292,7.43620648299,7.43620648299,7.4362064831,7.43620648322,7.43620648322,7.43620648326,7.43620648316,7.43620648316,7.4362064831,7.4362064831,7.4362064831,7.4362064831,7.4362064832,7.4362064832,7.4362064832,7.4362064832,7.4362064829,7.43620648276,7.43620648276,7.43620648286,7.43620648286,7.43620648289,7.43620648289,7.43620648286,7.4362064828,7.4362064832,7.4362064825,7.4362064828,7.4362064828,7.43620648274,7.43620648274,7.43620648287,7.43620648287,7.4362064828,7.4362064829,7.4362064829,7.4362064828,7.43620648284,7.43620648285,7.43620648285,7.4362064833,7.436206483,7.436206483
"t47",4.9253486019,4.9253486019,0,0.868340507,2.2380808916,2.2380808916,3.0014295557,3.9415544643,3.9415544642,3.9415544642,3.9415544642,3.94155446432,3.941554464322,3.941554464322,3.94155446422,3.94155446432,3.94155446432,3.94155446426,3.94155446426,3.9415544643,4.27719411092,4.27719411092,4.2771941109,4.2771941109,4.2771941109,4.2771941109,4.2771941113,4.2771941113,4.2771941109,4.2771941108,4.2771941108,4.2771941108,4.2771941108,4.2771941108,4.27719411081,4.27719411081,4.2771941106,4.2771941106,6.3943396715,6.3943396715,6.394339672,6.394339671572,6.394339671372,6.394339671872,6.394339671872,6.39433967238,6.39433967238,6.3943396717,6.39433967177,6.39433967177,6.39433967177,6.3943396718,7.43620648317,7.43620648317,7.4362064827,7.4362064828,7.43620648282,7.43620648289,7.43620648289,7.436206483,7.43620648312,7.43620648312,7.43620648316,7.43620648306,7.43620648306,7.436206483,7.436206483,7.436206483,7.436206483,7.4362064831,7.4362064831,7.4362064831,7.4362064831,7.4362064828,7.43620648266,7.43620648266,7.43620648276,7.43620648276,7.43620648279,7.43620648279,7.43620648276,7.4362064827,7.4362064831,7.4362064824,7.4362064827,7.4362064827,7.43620648264,7.43620648264,7.43620648277,7.43620648277,7.4362064827,7.4362064828,7.4362064828,7.4362064827,7.43620648274,7.43620648275,7.43620648275,7.4362064832,7.4362064829,7.4362064829
"t48",4.9253486019,4.9253486019,0.868340507,0,2.2380808916,2.2380808916,3.0014295557,3.9415544643,3.9415544642,3.9415544642,3.9415544642,3.94155446432,3.941554464322,3.941554464322,3.94155446422,3.94155446432,3.94155446432,3.94155446426,3.94155446426,3.9415544643,4.27719411092,4.27719411092,4.2771941109,4.2771941109,4.2771941109,4.2771941109,4.2771941113,4.2771941113,4.2771941109,4.2771941108,4.2771941108,4.2771941108,4.2771941108,4.2771941108,4.27719411081,4.27719411081,4.2771941106,4.2771941106,6.3943396715,6.3943396715,6.394339672,6.394339671572,6.394339671372,6.394339671872,6.394339671872,6.39433967238,6.39433967238,6.3943396717,6.39433967177,6.39433967177,6.39433967177,6.3943396718,7.43620648317,7.43620648317,7.4362064827,7.4362064828,7.43620648282,7.43620648289,7.43620648289,7.436206483,7.43620648312,7.43620648312,7.43620648316,7.43620648306,7.43620648306,7.436206483,7.436206483,7.436206483,7.436206483,7.4362064831,7.4362064831,7.4362064831,7.4362064831,7.4362064828,7.43620648266,7.43620648266,7.43620648276,7.43620648276,7.43620648279,7.43620648279,7.43620648276,7.4362064827,7.4362064831,7.4362064824,7.4362064827,7.4362064827,7.43620648264,7.43620648264,7.43620648277,7.43620648277,7.4362064827,7.4362064828,7.4362064828,7.4362064827,7.43620648274,7.43620648275,7.43620648275,7.4362064832,7.4362064829,7.4362064829
"t55",4.9253486019,4.9253486019,2.2380808916,2.2380808916,0,0.6912315922,3.0014295557,3.9415544643,3.9415544642,3.9415544642,3.9415544642,3.94155446432,3.941554464322,3.941554464322,3.94155446422,3.94155446432,3.94155446432,3.94155446426,3.94155446426,3.9415544643,4.27719411092,4.27719411092,4.2771941109,4.2771941109,4.2771941109,4.2771941109,4.2771941113,4.2771941113,4.2771941109,4.2771941108,4.2771941108,4.2771941108,4.2771941108,4.2771941108,4.27719411081,4.27719411081,4.2771941106,4.2771941106,6.3943396715,6.3943396715,6.394339672,6.394339671572,6.394339671372,6.394339671872,6.394339671872,6.39433967238,6.39433967238,6.3943396717,6.39433967177,6.39433967177,6.39433967177,6.3943396718,7.43620648317,7.43620648317,7.4362064827,7.4362064828,7.43620648282,7.43620648289,7.43620648289,7.436206483,7.43620648312,7.43620648312,7.43620648316,7.43620648306,7.43620648306,7.436206483,7.436206483,7.436206483,7.436206483,7.4362064831,7.4362064831,7.4362064831,7.4362064831,7.4362064828,7.43620648266,7.43620648266,7.43620648276,7.43620648276,7.43620648279,7.43620648279,7.43620648276,7.4362064827,7.4362064831,7.4362064824,7.4362064827,7.4362064827,7.43620648264,7.43620648264,7.43620648277,7.43620648277,7.4362064827,7.4362064828,7.4362064828,7.4362064827,7.43620648274,7.43620648275,7.43620648275,7.4362064832,7.4362064829,7.4362064829
"t56",4.9253486019,4.9253486019,2.2380808916,2.2380808916,0.6912315922,0,3.0014295557,3.9415544643,3.9415544642,3.9415544642,3.9415544642,3.94155446432,3.941554464322,3.941554464322,3.94155446422,3.94155446432,3.94155446432,3.94155446426,3.94155446426,3.9415544643,4.27719411092,4.27719411092,4.2771941109,4.2771941109,4.2771941109,4.2771941109,4.2771941113,4.2771941113,4.2771941109,4.2771941108,4.2771941108,4.2771941108,4.2771941108,4.2771941108,4.27719411081,4.27719411081,4.2771941106,4.2771941106,6.3943396715,6.3943396715,6.394339672,6.394339671572,6.394339671372,6.394339671872,6.394339671872,6.39433967238,6.39433967238,6.3943396717,6.39433967177,6.39433967177,6.39433967177,6.3943396718,7.43620648317,7.43620648317,7.4362064827,7.4362064828,7.43620648282,7.43620648289,7.43620648289,7.436206483,7.43620648312,7.43620648312,7.43620648316,7.43620648306,7.43620648306,7.436206483,7.436206483,7.436206483,7.436206483,7.4362064831,7.4362064831,7.4362064831,7.4362064831,7.4362064828,7.43620648266,7.43620648266,7.43620648276,7.43620648276,7.43620648279,7.43620648279,7.43620648276,7.4362064827,7.4362064831,7.4362064824,7.4362064827,7.4362064827,7.43620648264,7.43620648264,7.43620648277,7.43620648277,7.4362064827,7.4362064828,7.4362064828,7.4362064827,7.43620648274,7.43620648275,7.43620648275,7.4362064832,7.4362064829,7.4362064829
"t5",4.9253486022,4.9253486022,3.0014295557,3.0014295557,3.0014295557,3.0014295557,0,3.9415544646,3.9415544645,3.9415544645,3.9415544645,3.94155446462,3.941554464622,3.941554464622,3.94155446452,3.94155446462,3.94155446462,3.94155446456,3.94155446456,3.9415544646,4.27719411122,4.27719411122,4.2771941112,4.2771941112,4.2771941112,4.2771941112,4.2771941116,4.2771941116,4.2771941112,4.2771941111,4.2771941111,4.2771941111,4.2771941111,4.2771941111,4.27719411111,4.27719411111,4.2771941109,4.2771941109,6.3943396718,6.3943396718,6.3943396723,6.394339671872,6.394339671672,6.394339672172,6.394339672172,6.39433967268,6.39433967268,6.394339672,6.39433967207,6.39433967207,6.39433967207,6.3943396721,7.43620648347,7.43620648347,7.436206483,7.4362064831,7.43620648312,7.43620648319,7.43620648319,7.4362064833,7.43620648342,7.43620648342,7.43620648346,7.43620648336,7.43620648336,7.4362064833,7.4362064833,7.4362064833,7.4362064833,7.4362064834,7.4362064834,7.4362064834,7.4362064834,7.4362064831,7.43620648296,7.43620648296,7.43620648306,7.43620648306,7.43620648309,7.43620648309,7.43620648306,7.436206483,7.4362064834,7.4362064827,7.436206483,7.436206483,7.43620648294,7.43620648294,7.43620648307,7.43620648307,7.436206483,7.4362064831,7.4362064831,7.436206483,7.43620648304,7.43620648305,7.43620648305,7.4362064835,7.4362064832,7.4362064832
"t4",4.925348602,4.925348602,3.9415544643,3.9415544643,3.9415544643,3.9415544643,3.9415544646,0,3.3182484499,3.3182484499,3.3182484499,3.31824845002,3.318248450022,3.318248450022,3.31824844992,3.31824845002,3.31824845002,3.31824844996,3.31824844996,3.31824845,4.27719411102,4.27719411102,4.277194111,4.277194111,4.277194111,4.277194111,4.2771941114,4.2771941114,4.277194111,4.2771941109,4.2771941109,4.2771941109,4.2771941109,4.2771941109,4.27719411091,4.27719411091,4.2771941107,4.2771941107,6.3943396716,6.3943396716,6.3943396721,6.394339671672,6.394339671472,6.394339671972,6.394339671972,6.39433967248,6.39433967248,6.3943396718,6.39433967187,6.39433967187,6.39433967187,6.3943396719,7.43620648327,7.43620648327,7.4362064828,7.4362064829,7.43620648292,7.43620648299,7.43620648299,7.4362064831,7.43620648322,7.43620648322,7.43620648326,7.43620648316,7.43620648316,7.4362064831,7.4362064831,7.4362064831,7.4362064831,7.4362064832,7.4362064832,7.4362064832,7.4362064832,7.4362064829,7.43620648276,7.43620648276,7.43620648286,7.43620648286,7.43620648289,7.43620648289,7.43620648286,7.4362064828,7.4362064832,7.4362064825,7.4362064828,7.4362064828,7.43620648274,7.43620648274,7.43620648287,7.43620648287,7.4362064828,7.4362064829,7.4362064829,7.4362064828,7.43620648284,7.43620648285,7.43620648285,7.4362064833,7.436206483,7.436206483
"t70",4.9253486019,4.9253486019,3.9415544642,3.9415544642,3.9415544642,3.9415544642,3.9415544645,3.3182484499,0,0.3869674252,1.2012466396,2.62380154192,2.623801541922,2.623801541922,2.62380154182,2.62380154192,2.62380154192,2.62380154186,2.62380154186,2.6238015419,4.27719411092,4.27719411092,4.2771941109,4.2771941109,4.2771941109,4.2771941109,4.2771941113,4.2771941113,4.2771941109,4.2771941108,4.2771941108,4.2771941108,4.2771941108,4.2771941108,4.27719411081,4.27719411081,4.2771941106,4.2771941106,6.3943396715,6.3943396715,6.394339672,6.394339671572,6.394339671372,6.394339671872,6.394339671872,6.39433967238,6.39433967238,6.3943396717,6.39433967177,6.39433967177,6.39433967177,6.3943396718,7.43620648317,7.43620648317,7.4362064827,7.4362064828,7.43620648282,7.43620648289,7.43620648289,7.436206483,7.43620648312,7.43620648312,7.43620648316,7.43620648306,7.43620648306,7.436206483,7.436206483,7.436206483,7.436206483,7.4362064831,7.4362064831,7.4362064831,7.4362064831,7.4362064828,7.43620648266,7.43620648266,7.43620648276,7.43620648276,7.43620648279,7.43620648279,7.43620648276,7.4362064827,7.4362064831,7.4362064824,7.4362064827,7.4362064827,7.43620648264,7.43620648264,7.43620648277,7.43620648277,7.4362064827,7.4362064828,7.4362064828,7.4362064827,7.43620648274,7.43620648275,7.43620648275,7.4362064832,7.4362064829,7.4362064829
"t71",4.9253486019,4.9253486019,3.9415544642,3.9415544642,3.9415544642,3.9415544642,3.9415544645,3.3182484499,0.3869674252,0,1.2012466396,2.62380154192,2.623801541922,2.623801541922,2.62380154182,2.62380154192,2.62380154192,2.62380154186,2.62380154186,2.6238015419,4.27719411092,4.27719411092,4.2771941109,4.2771941109,4.2771941109,4.2771941109,4.2771941113,4.2771941113,4.2771941109,4.2771941108,4.2771941108,4.2771941108,4.2771941108,4.2771941108,4.27719411081,4.27719411081,4.2771941106,4.2771941106,6.3943396715,6.3943396715,6.394339672,6.394339671572,6.394339671372,6.394339671872,6.394339671872,6.39433967238,6.39433967238,6.3943396717,6.39433967177,6.39433967177,6.39433967177,6.3943396718,7.43620648317,7.43620648317,7.4362064827,7.4362064828,7.43620648282,7.43620648289,7.43620648289,7.436206483,7.43620648312,7.43620648312,7.43620648316,7.43620648306,7.43620648306,7.436206483,7.436206483,7.436206483,7.436206483,7.4362064831,7.4362064831,7.4362064831,7.4362064831,7.4362064828,7.43620648266,7.43620648266,7.43620648276,7.43620648276,7.43620648279,7.43620648279,7.43620648276,7.4362064827,7.4362064831,7.4362064824,7.4362064827,7.4362064827,7.43620648264,7.43620648264,7.43620648277,7.43620648277,7.4362064827,7.4362064828,7.4362064828,7.4362064827,7.43620648274,7.43620648275,7.43620648275,7.4362064832,7.4362064829,7.4362064829
"t38",4.9253486019,4.9253486019,3.9415544642,3.9415544642,3.9415544642,3.9415544642,3.9415544645,3.3182484499,1.2012466396,1.2012466396,0,2.62380154192,2.623801541922,2.623801541922,2.62380154182,2.62380154192,2.62380154192,2.62380154186,2.62380154186,2.6238015419,4.27719411092,4.27719411092,4.2771941109,4.2771941109,4.2771941109,4.2771941109,4.2771941113,4.2771941113,4.2771941109,4.2771941108,4.2771941108,4.2771941108,4.2771941108,4.2771941108,4.27719411081,4.27719411081,4.2771941106,4.2771941106,6.3943396715,6.3943396715,6.394339672,6.394339671572,6.394339671372,6.394339671872,6.394339671872,6.39433967238,6.39433967238,6.3943396717,6.39433967177,6.39433967177,6.39433967177,6.3943396718,7.43620648317,7.43620648317,7.4362064827,7.4362064828,7.43620648282,7.43620648289,7.43620648289,7.436206483,7.43620648312,7.43620648312,7.43620648316,7.43620648306,7.43620648306,7.436206483,7.436206483,7.436206483,7.436206483,7.4362064831,7.4362064831,7.4362064831,7.4362064831,7.4362064828,7.43620648266,7.43620648266,7.43620648276,7.43620648276,7.43620648279,7.43620648279,7.43620648276,7.4362064827,7.4362064831,7.4362064824,7.4362064827,7.4362064827,7.43620648264,7.43620648264,7.43620648277,7.43620648277,7.4362064827,7.4362064828,7.4362064828,7.4362064827,7.43620648274,7.43620648275,7.43620648275,7.4362064832,7.4362064829,7.4362064829
"t82",4.92534860202,4.92534860202,3.94155446432,3.94155446432,3.94155446432,3.94155446432,3.94155446462,3.31824845002,2.62380154192,2.62380154192,2.62380154192,0,0.237700564002,0.237700564002,0.5600619465,1.1383501228,1.1383501228,1.31107918506,1.81339724666,1.95326394282,4.27719411104,4.27719411104,4.27719411102,4.27719411102,4.27719411102,4.27719411102,4.27719411142,4.27719411142,4.27719411102,4.27719411092,4.27719411092,4.27719411092,4.27719411092,4.27719411092,4.27719411093,4.27719411093,4.27719411072,4.27719411072,6.39433967162,6.39433967162,6.39433967212,6.394339671692,6.394339671492,6.394339671992,6.394339671992,6.3943396725,6.3943396725,6.39433967182,6.39433967189,6.39433967189,6.39433967189,6.39433967192,7.43620648329,7.43620648329,7.43620648282,7.43620648292,7.43620648294,7.43620648301,7.43620648301,7.43620648312,7.43620648324,7.43620648324,7.43620648328,7.43620648318,7.43620648318,7.43620648312,7.43620648312,7.43620648312,7.43620648312,7.43620648322,7.43620648322,7.43620648322,7.43620648322,7.43620648292,7.43620648278,7.43620648278,7.43620648288,7.43620648288,7.43620648291,7.43620648291,7.43620648288,7.43620648282,7.43620648322,7.43620648252,7.43620648282,7.43620648282,7.43620648276,7.43620648276,7.43620648289,7.43620648289,7.43620648282,7.43620648292,7.43620648292,7.43620648282,7.43620648286,7.43620648287,7.43620648287,7.43620648332,7.43620648302,7.43620648302
"t83",4.925348602022,4.925348602022,3.941554464322,3.941554464322,3.941554464322,3.941554464322,3.941554464622,3.318248450022,2.623801541922,2.623801541922,2.623801541922,0.237700564002,0,0.2254277464,0.560061946502,1.138350122802,1.138350122802,1.311079185062,1.813397246662,1.953263942822,4.277194111042,4.277194111042,4.277194111022,4.277194111022,4.277194111022,4.277194111022,4.277194111422,4.277194111422,4.277194111022,4.277194110922,4.277194110922,4.277194110922,4.277194110922,4.277194110922,4.277194110932,4.277194110932,4.277194110722,4.277194110722,6.394339671622,6.394339671622,6.394339672122,6.394339671694,6.394339671494,6.394339671994,6.394339671994,6.394339672502,6.394339672502,6.394339671822,6.394339671892,6.394339671892,6.394339671892,6.394339671922,7.436206483292,7.436206483292,7.436206482822,7.436206482922,7.436206482942,7.436206483012,7.436206483012,7.436206483122,7.436206483242,7.436206483242,7.436206483282,7.436206483182,7.436206483182,7.436206483122,7.436206483122,7.436206483122,7.436206483122,7.436206483222,7.436206483222,7.436206483222,7.436206483222,7.436206482922,7.436206482782,7.436206482782,7.436206482882,7.436206482882,7.436206482912,7.436206482912,7.436206482882,7.436206482822,7.436206483222,7.436206482522,7.436206482822,7.436206482822,7.436206482762,7.436206482762,7.436206482892,7.436206482892,7.436206482822,7.436206482922,7.436206482922,7.436206482822,7.436206482862,7.436206482872,7.436206482872,7.436206483322,7.436206483022,7.436206483022
"t84",4.925348602022,4.925348602022,3.941554464322,3.941554464322,3.941554464322,3.941554464322,3.941554464622,3.318248450022,2.623801541922,2.623801541922,2.623801541922,0.237700564002,0.2254277464,0,0.560061946502,1.138350122802,1.138350122802,1.311079185062,1.813397246662,1.953263942822,4.277194111042,4.277194111042,4.277194111022,4.277194111022,4.277194111022,4.277194111022,4.277194111422,4.277194111422,4.277194111022,4.277194110922,4.277194110922,4.277194110922,4.277194110922,4.277194110922,4.277194110932,4.277194110932,4.277194110722,4.277194110722,6.394339671622,6.394339671622,6.394339672122,6.394339671694,6.394339671494,6.394339671994,6.394339671994,6.394339672502,6.394339672502,6.394339671822,6.394339671892,6.394339671892,6.394339671892,6.394339671922,7.436206483292,7.436206483292,7.436206482822,7.436206482922,7.436206482942,7.436206483012,7.436206483012,7.436206483122,7.436206483242,7.436206483242,7.436206483282,7.436206483182,7.436206483182,7.436206483122,7.436206483122,7.436206483122,7.436206483122,7.436206483222,7.436206483222,7.436206483222,7.436206483222,7.436206482922,7.436206482782,7.436206482782,7.436206482882,7.436206482882,7.436206482912,7.436206482912,7.436206482882,7.436206482822,7.436206483222,7.436206482522,7.436206482822,7.436206482822,7.436206482762,7.436206482762,7.436206482892,7.436206482892,7.436206482822,7.436206482922,7.436206482922,7.436206482822,7.436206482862,7.436206482872,7.436206482872,7.436206483322,7.436206483022,7.436206483022
"t62",4.92534860192,4.92534860192,3.94155446422,3.94155446422,3.94155446422,3.94155446422,3.94155446452,3.31824844992,2.62380154182,2.62380154182,2.62380154182,0.5600619465,0.560061946502,0.560061946502,0,1.1383501227,1.1383501227,1.31107918496,1.81339724656,1.95326394272,4.27719411094,4.27719411094,4.27719411092,4.27719411092,4.27719411092,4.27719411092,4.27719411132,4.27719411132,4.27719411092,4.27719411082,4.27719411082,4.27719411082,4.27719411082,4.27719411082,4.27719411083,4.27719411083,4.27719411062,4.27719411062,6.39433967152,6.39433967152,6.39433967202,6.394339671592,6.394339671392,6.394339671892,6.394339671892,6.3943396724,6.3943396724,6.39433967172,6.39433967179,6.39433967179,6.39433967179,6.39433967182,7.43620648319,7.43620648319,7.43620648272,7.43620648282,7.43620648284,7.43620648291,7.43620648291,7.43620648302,7.43620648314,7.43620648314,7.43620648318,7.43620648308,7.43620648308,7.43620648302,7.43620648302,7.43620648302,7.43620648302,7.43620648312,7.43620648312,7.43620648312,7.43620648312,7.43620648282,7.43620648268,7.43620648268,7.43620648278,7.43620648278,7.43620648281,7.43620648281,7.43620648278,7.43620648272,7.43620648312,7.43620648242,7.43620648272,7.43620648272,7.43620648266,7.43620648266,7.43620648279,7.43620648279,7.43620648272,7.43620648282,7.43620648282,7.43620648272,7.43620648276,7.43620648277,7.43620648277,7.43620648322,7.43620648292,7.43620648292
"t65",4.92534860202,4.92534860202,3.94155446432,3.94155446432,3.94155446432,3.94155446432,3.94155446462,3.31824845002,2.62380154192,2.62380154192,2.62380154192,1.1383501228,1.138350122802,1.138350122802,1.1383501227,0,0.4616186158,1.31107918506,1.81339724666,1.95326394282,4.27719411104,4.27719411104,4.27719411102,4.27719411102,4.27719411102,4.27719411102,4.27719411142,4.27719411142,4.27719411102,4.27719411092,4.27719411092,4.27719411092,4.27719411092,4.27719411092,4.27719411093,4.27719411093,4.27719411072,4.27719411072,6.39433967162,6.39433967162,6.39433967212,6.394339671692,6.394339671492,6.394339671992,6.394339671992,6.3943396725,6.3943396725,6.39433967182,6.39433967189,6.39433967189,6.39433967189,6.39433967192,7.43620648329,7.43620648329,7.43620648282,7.43620648292,7.43620648294,7.43620648301,7.43620648301,7.43620648312,7.43620648324,7.43620648324,7.43620648328,7.43620648318,7.43620648318,7.43620648312,7.43620648312,7.43620648312,7.43620648312,7.43620648322,7.43620648322,7.43620648322,7.43620648322,7.43620648292,7.43620648278,7.43620648278,7.43620648288,7.43620648288,7.43620648291,7.43620648291,7.43620648288,7.43620648282,7.43620648322,7.43620648252,7.43620648282,7.43620648282,7.43620648276,7.43620648276,7.43620648289,7.43620648289,7.43620648282,7.43620648292,7.43620648292,7.43620648282,7.43620648286,7.43620648287,7.43620648287,7.43620648332,7.43620648302,7.43620648302
"t66",4.92534860202,4.92534860202,3.94155446432,3.94155446432,3.94155446432,3.94155446432,3.94155446462,3.31824845002,2.62380154192,2.62380154192,2.62380154192,1.1383501228,1.138350122802,1.138350122802,1.1383501227,0.4616186158,0,1.31107918506,1.81339724666,1.95326394282,4.27719411104,4.27719411104,4.27719411102,4.27719411102,4.27719411102,4.27719411102,4.27719411142,4.27719411142,4.27719411102,4.27719411092,4.27719411092,4.27719411092,4.27719411092,4.27719411092,4.27719411093,4.27719411093,4.27719411072,4.27719411072,6.39433967162,6.39433967162,6.39433967212,6.394339671692,6.394339671492,6.394339671992,6.394339671992,6.3943396725,6.3943396725,6.39433967182,6.39433967189,6.39433967189,6.39433967189,6.39433967192,7.43620648329,7.43620648329,7.43620648282,7.43620648292,7.43620648294,7.43620648301,7.43620648301,7.43620648312,7.43620648324,7.43620648324,7.43620648328,7.43620648318,7.43620648318,7.43620648312,7.43620648312,7.43620648312,7.43620648312,7.43620648322,7.43620648322,7.43620648322,7.43620648322,7.43620648292,7.43620648278,7.43620648278,7.43620648288,7.43620648288,7.43620648291,7.43620648291,7.43620648288,7.43620648282,7.43620648322,7.43620648252,7.43620648282,7.43620648282,7.43620648276,7.43620648276,7.43620648289,7.43620648289,7.43620648282,7.43620648292,7.43620648292,7.43620648282,7.43620648286,7.43620648287,7.43620648287,7.43620648332,7.43620648302,7.43620648302
"t37",4.92534860196,4.92534860196,3.94155446426,3.94155446426,3.94155446426,3.94155446426,3.94155446456,3.31824844996,2.62380154186,2.62380154186,2.62380154186,1.31107918506,1.311079185062,1.311079185062,1.31107918496,1.31107918506,1.31107918506,0,1.8133972466,1.95326394276,4.27719411098,4.27719411098,4.27719411096,4.27719411096,4.27719411096,4.27719411096,4.27719411136,4.27719411136,4.27719411096,4.27719411086,4.27719411086,4.27719411086,4.27719411086,4.27719411086,4.27719411087,4.27719411087,4.27719411066,4.27719411066,6.39433967156,6.39433967156,6.39433967206,6.394339671632,6.394339671432,6.394339671932,6.394339671932,6.39433967244,6.39433967244,6.39433967176,6.39433967183,6.39433967183,6.39433967183,6.39433967186,7.43620648323,7.43620648323,7.43620648276,7.43620648286,7.43620648288,7.43620648295,7.43620648295,7.43620648306,7.43620648318,7.43620648318,7.43620648322,7.43620648312,7.43620648312,7.43620648306,7.43620648306,7.43620648306,7.43620648306,7.43620648316,7.43620648316,7.43620648316,7.43620648316,7.43620648286,7.43620648272,7.43620648272,7.43620648282,7.43620648282,7.43620648285,7.43620648285,7.43620648282,7.43620648276,7.43620648316,7.43620648246,7.43620648276,7.43620648276,7.4362064827,7.4362064827,7.43620648283,7.43620648283,7.43620648276,7.43620648286,7.43620648286,7.43620648276,7.4362064828,7.43620648281,7.43620648281,7.43620648326,7.43620648296,7.43620648296
"t21",4.92534860196,4.92534860196,3.94155446426,3.94155446426,3.94155446426,3.94155446426,3.94155446456,3.31824844996,2.62380154186,2.62380154186,2.62380154186,1.81339724666,1.813397246662,1.813397246662,1.81339724656,1.81339724666,1.81339724666,1.8133972466,0,1.95326394276,4.27719411098,4.27719411098,4.27719411096,4.27719411096,4.27719411096,4.27719411096,4.27719411136,4.27719411136,4.27719411096,4.27719411086,4.27719411086,4.27719411086,4.27719411086,4.27719411086,4.27719411087,4.27719411087,4.27719411066,4.27719411066,6.39433967156,6.39433967156,6.39433967206,6.394339671632,6.394339671432,6.394339671932,6.394339671932,6.39433967244,6.39433967244,6.39433967176,6.39433967183,6.39433967183,6.39433967183,6.39433967186,7.43620648323,7.43620648323,7.43620648276,7.43620648286,7.43620648288,7.43620648295,7.43620648295,7.43620648306,7.43620648318,7.43620648318,7.43620648322,7.43620648312,7.43620648312,7.43620648306,7.43620648306,7.43620648306,7.43620648306,7.43620648316,7.43620648316,7.43620648316,7.43620648316,7.43620648286,7.43620648272,7.43620648272,7.43620648282,7.43620648282,7.43620648285,7.43620648285,7.43620648282,7.43620648276,7.43620648316,7.43620648246,7.43620648276,7.43620648276,7.4362064827,7.4362064827,7.43620648283,7.43620648283,7.43620648276,7.43620648286,7.43620648286,7.43620648276,7.4362064828,7.43620648281,7.43620648281,7.43620648326,7.43620648296,7.43620648296
"t19",4.925348602,4.925348602,3.9415544643,3.9415544643,3.9415544643,3.9415544643,3.9415544646,3.31824845,2.6238015419,2.6238015419,2.6238015419,1.95326394282,1.953263942822,1.953263942822,1.95326394272,1.95326394282,1.95326394282,1.95326394276,1.95326394276,0,4.27719411102,4.27719411102,4.277194111,4.277194111,4.277194111,4.277194111,4.2771941114,4.2771941114,4.277194111,4.2771941109,4.2771941109,4.2771941109,4.2771941109,4.2771941109,4.27719411091,4.27719411091,4.2771941107,4.2771941107,6.3943396716,6.3943396716,6.3943396721,6.394339671672,6.394339671472,6.394339671972,6.394339671972,6.39433967248,6.39433967248,6.3943396718,6.39433967187,6.39433967187,6.39433967187,6.3943396719,7.43620648327,7.43620648327,7.4362064828,7.4362064829,7.43620648292,7.43620648299,7.43620648299,7.4362064831,7.43620648322,7.43620648322,7.43620648326,7.43620648316,7.43620648316,7.4362064831,7.4362064831,7.4362064831,7.4362064831,7.4362064832,7.4362064832,7.4362064832,7.4362064832,7.4362064829,7.43620648276,7.43620648276,7.43620648286,7.43620648286,7.43620648289,7.43620648289,7.43620648286,7.4362064828,7.4362064832,7.4362064825,7.4362064828,7.4362064828,7.43620648274,7.43620648274,7.43620648287,7.43620648287,7.4362064828,7.4362064829,7.4362064829,7.4362064828,7.43620648284,7.43620648285,7.43620648285,7.4362064833,7.436206483,7.436206483
"t27",4.92534860202,4.92534860202,4.27719411092,4.27719411092,4.27719411092,4.27719411092,4.27719411122,4.27719411102,4.27719411092,4.27719411092,4.27719411092,4.27719411104,4.277194111042,4.277194111042,4.27719411094,4.27719411104,4.27719411104,4.27719411098,4.27719411098,4.27719411102,0,1.6611489718,1.70258833042,2.30847568362,2.30847568362,2.30847568362,3.84104718782,3.84104718782,3.93346025942,3.93346025932,3.93346025932,3.93346025932,3.93346025932,3.93346025932,3.93346025933,3.93346025933,3.93346025912,3.93346025912,6.39433967162,6.39433967162,6.39433967212,6.394339671692,6.394339671492,6.394339671992,6.394339671992,6.3943396725,6.3943396725,6.39433967182,6.39433967189,6.39433967189,6.39433967189,6.39433967192,7.43620648329,7.43620648329,7.43620648282,7.43620648292,7.43620648294,7.43620648301,7.43620648301,7.43620648312,7.43620648324,7.43620648324,7.43620648328,7.43620648318,7.43620648318,7.43620648312,7.43620648312,7.43620648312,7.43620648312,7.43620648322,7.43620648322,7.43620648322,7.43620648322,7.43620648292,7.43620648278,7.43620648278,7.43620648288,7.43620648288,7.43620648291,7.43620648291,7.43620648288,7.43620648282,7.43620648322,7.43620648252,7.43620648282,7.43620648282,7.43620648276,7.43620648276,7.43620648289,7.43620648289,7.43620648282,7.43620648292,7.43620648292,7.43620648282,7.43620648286,7.43620648287,7.43620648287,7.43620648332,7.43620648302,7.43620648302
"t28",4.92534860202,4.92534860202,4.27719411092,4.27719411092,4.27719411092,4.27719411092,4.27719411122,4.27719411102,4.27719411092,4.27719411092,4.27719411092,4.27719411104,4.277194111042,4.277194111042,4.27719411094,4.27719411104,4.27719411104,4.27719411098,4.27719411098,4.27719411102,1.6611489718,0,1.70258833042,2.30847568362,2.30847568362,2.30847568362,3.84104718782,3.84104718782,3.93346025942,3.93346025932,3.93346025932,3.93346025932,3.93346025932,3.93346025932,3.93346025933,3.93346025933,3.93346025912,3.93346025912,6.39433967162,6.39433967162,6.39433967212,6.394339671692,6.394339671492,6.394339671992,6.394339671992,6.3943396725,6.3943396725,6.39433967182,6.39433967189,6.39433967189,6.39433967189,6.39433967192,7.43620648329,7.43620648329,7.43620648282,7.43620648292,7.43620648294,7.43620648301,7.43620648301,7.43620648312,7.43620648324,7.43620648324,7.43620648328,7.43620648318,7.43620648318,7.43620648312,7.43620648312,7.43620648312,7.43620648312,7.43620648322,7.43620648322,7.43620648322,7.43620648322,7.43620648292,7.43620648278,7.43620648278,7.43620648288,7.43620648288,7.43620648291,7.43620648291,7.43620648288,7.43620648282,7.43620648322,7.43620648252,7.43620648282,7.43620648282,7.43620648276,7.43620648276,7.43620648289,7.43620648289,7.43620648282,7.43620648292,7.43620648292,7.43620648282,7.43620648286,7.43620648287,7.43620648287,7.43620648332,7.43620648302,7.43620648302
"t24",4.925348602,4.925348602,4.2771941109,4.2771941109,4.2771941109,4.2771941109,4.2771941112,4.277194111,4.2771941109,4.2771941109,4.2771941109,4.27719411102,4.277194111022,4.277194111022,4.27719411092,4.27719411102,4.27719411102,4.27719411096,4.27719411096,4.277194111,1.70258833042,1.70258833042,0,2.3084756836,2.3084756836,2.3084756836,3.8410471878,3.8410471878,3.9334602594,3.9334602593,3.9334602593,3.9334602593,3.9334602593,3.9334602593,3.93346025931,3.93346025931,3.9334602591,3.9334602591,6.3943396716,6.3943396716,6.3943396721,6.394339671672,6.394339671472,6.394339671972,6.394339671972,6.39433967248,6.39433967248,6.3943396718,6.39433967187,6.39433967187,6.39433967187,6.3943396719,7.43620648327,7.43620648327,7.4362064828,7.4362064829,7.43620648292,7.43620648299,7.43620648299,7.4362064831,7.43620648322,7.43620648322,7.43620648326,7.43620648316,7.43620648316,7.4362064831,7.4362064831,7.4362064831,7.4362064831,7.4362064832,7.4362064832,7.4362064832,7.4362064832,7.4362064829,7.43620648276,7.43620648276,7.43620648286,7.43620648286,7.43620648289,7.43620648289,7.43620648286,7.4362064828,7.4362064832,7.4362064825,7.4362064828,7.4362064828,7.43620648274,7.43620648274,7.43620648287,7.43620648287,7.4362064828,7.4362064829,7.4362064829,7.4362064828,7.43620648284,7.43620648285,7.43620648285,7.4362064833,7.436206483,7.436206483
"t89",4.925348602,4.925348602,4.2771941109,4.2771941109,4.2771941109,4.2771941109,4.2771941112,4.277194111,4.2771941109,4.2771941109,4.2771941109,4.27719411102,4.277194111022,4.277194111022,4.27719411092,4.27719411102,4.27719411102,4.27719411096,4.27719411096,4.277194111,2.30847568362,2.30847568362,2.3084756836,0,0.2073617112,0.7672288832,3.8410471878,3.8410471878,3.9334602594,3.9334602593,3.9334602593,3.9334602593,3.9334602593,3.9334602593,3.93346025931,3.93346025931,3.9334602591,3.9334602591,6.3943396716,6.3943396716,6.3943396721,6.394339671672,6.394339671472,6.394339671972,6.394339671972,6.39433967248,6.39433967248,6.3943396718,6.39433967187,6.39433967187,6.39433967187,6.3943396719,7.43620648327,7.43620648327,7.4362064828,7.4362064829,7.43620648292,7.43620648299,7.43620648299,7.4362064831,7.43620648322,7.43620648322,7.43620648326,7.43620648316,7.43620648316,7.4362064831,7.4362064831,7.4362064831,7.4362064831,7.4362064832,7.4362064832,7.4362064832,7.4362064832,7.4362064829,7.43620648276,7.43620648276,7.43620648286,7.43620648286,7.43620648289,7.43620648289,7.43620648286,7.4362064828,7.4362064832,7.4362064825,7.4362064828,7.4362064828,7.43620648274,7.43620648274,7.43620648287,7.43620648287,7.4362064828,7.4362064829,7.4362064829,7.4362064828,7.43620648284,7.43620648285,7.43620648285,7.4362064833,7.436206483,7.436206483
"t90",4.925348602,4.925348602,4.2771941109,4.2771941109,4.2771941109,4.2771941109,4.2771941112,4.277194111,4.2771941109,4.2771941109,4.2771941109,4.27719411102,4.277194111022,4.277194111022,4.27719411092,4.27719411102,4.27719411102,4.27719411096,4.27719411096,4.277194111,2.30847568362,2.30847568362,2.3084756836,0.2073617112,0,0.7672288832,3.8410471878,3.8410471878,3.9334602594,3.9334602593,3.9334602593,3.9334602593,3.9334602593,3.9334602593,3.93346025931,3.93346025931,3.9334602591,3.9334602591,6.3943396716,6.3943396716,6.3943396721,6.394339671672,6.394339671472,6.394339671972,6.394339671972,6.39433967248,6.39433967248,6.3943396718,6.39433967187,6.39433967187,6.39433967187,6.3943396719,7.43620648327,7.43620648327,7.4362064828,7.4362064829,7.43620648292,7.43620648299,7.43620648299,7.4362064831,7.43620648322,7.43620648322,7.43620648326,7.43620648316,7.43620648316,7.4362064831,7.4362064831,7.4362064831,7.4362064831,7.4362064832,7.4362064832,7.4362064832,7.4362064832,7.4362064829,7.43620648276,7.43620648276,7.43620648286,7.43620648286,7.43620648289,7.43620648289,7.43620648286,7.4362064828,7.4362064832,7.4362064825,7.4362064828,7.4362064828,7.43620648274,7.43620648274,7.43620648287,7.43620648287,7.4362064828,7.4362064829,7.4362064829,7.4362064828,7.43620648284,7.43620648285,7.43620648285,7.4362064833,7.436206483,7.436206483
"t52",4.925348602,4.925348602,4.2771941109,4.2771941109,4.2771941109,4.2771941109,4.2771941112,4.277194111,4.2771941109,4.2771941109,4.2771941109,4.27719411102,4.277194111022,4.277194111022,4.27719411092,4.27719411102,4.27719411102,4.27719411096,4.27719411096,4.277194111,2.30847568362,2.30847568362,2.3084756836,0.7672288832,0.7672288832,0,3.8410471878,3.8410471878,3.9334602594,3.9334602593,3.9334602593,3.9334602593,3.9334602593,3.9334602593,3.93346025931,3.93346025931,3.9334602591,3.9334602591,6.3943396716,6.3943396716,6.3943396721,6.394339671672,6.394339671472,6.394339671972,6.394339671972,6.39433967248,6.39433967248,6.3943396718,6.39433967187,6.39433967187,6.39433967187,6.3943396719,7.43620648327,7.43620648327,7.4362064828,7.4362064829,7.43620648292,7.43620648299,7.43620648299,7.4362064831,7.43620648322,7.43620648322,7.43620648326,7.43620648316,7.43620648316,7.4362064831,7.4362064831,7.4362064831,7.4362064831,7.4362064832,7.4362064832,7.4362064832,7.4362064832,7.4362064829,7.43620648276,7.43620648276,7.43620648286,7.43620648286,7.43620648289,7.43620648289,7.43620648286,7.4362064828,7.4362064832,7.4362064825,7.4362064828,7.4362064828,7.43620648274,7.43620648274,7.43620648287,7.43620648287,7.4362064828,7.4362064829,7.4362064829,7.4362064828,7.43620648284,7.43620648285,7.43620648285,7.4362064833,7.436206483,7.436206483
"t22",4.9253486024,4.9253486024,4.2771941113,4.2771941113,4.2771941113,4.2771941113,4.2771941116,4.2771941114,4.2771941113,4.2771941113,4.2771941113,4.27719411142,4.277194111422,4.277194111422,4.27719411132,4.27719411142,4.27719411142,4.27719411136,4.27719411136,4.2771941114,3.84104718782,3.84104718782,3.8410471878,3.8410471878,3.8410471878,3.8410471878,0,1.8021780282,3.9334602598,3.9334602597,3.9334602597,3.9334602597,3.9334602597,3.9334602597,3.93346025971,3.93346025971,3.9334602595,3.9334602595,6.394339672,6.394339672,6.3943396725,6.394339672072,6.394339671872,6.394339672372,6.394339672372,6.39433967288,6.39433967288,6.3943396722,6.39433967227,6.39433967227,6.39433967227,6.3943396723,7.43620648367,7.43620648367,7.4362064832,7.4362064833,7.43620648332,7.43620648339,7.43620648339,7.4362064835,7.43620648362,7.43620648362,7.43620648366,7.43620648356,7.43620648356,7.4362064835,7.4362064835,7.4362064835,7.4362064835,7.4362064836,7.4362064836,7.4362064836,7.4362064836,7.4362064833,7.43620648316,7.43620648316,7.43620648326,7.43620648326,7.43620648329,7.43620648329,7.43620648326,7.4362064832,7.4362064836,7.4362064829,7.4362064832,7.4362064832,7.43620648314,7.43620648314,7.43620648327,7.43620648327,7.4362064832,7.4362064833,7.4362064833,7.4362064832,7.43620648324,7.43620648325,7.43620648325,7.4362064837,7.4362064834,7.4362064834
"t23",4.9253486024,4.9253486024,4.2771941113,4.2771941113,4.2771941113,4.2771941113,4.2771941116,4.2771941114,4.2771941113,4.2771941113,4.2771941113,4.27719411142,4.277194111422,4.277194111422,4.27719411132,4.27719411142,4.27719411142,4.27719411136,4.27719411136,4.2771941114,3.84104718782,3.84104718782,3.8410471878,3.8410471878,3.8410471878,3.8410471878,1.8021780282,0,3.9334602598,3.9334602597,3.9334602597,3.9334602597,3.9334602597,3.9334602597,3.93346025971,3.93346025971,3.9334602595,3.9334602595,6.394339672,6.394339672,6.3943396725,6.394339672072,6.394339671872,6.394339672372,6.394339672372,6.39433967288,6.39433967288,6.3943396722,6.39433967227,6.39433967227,6.39433967227,6.3943396723,7.43620648367,7.43620648367,7.4362064832,7.4362064833,7.43620648332,7.43620648339,7.43620648339,7.4362064835,7.43620648362,7.43620648362,7.43620648366,7.43620648356,7.43620648356,7.4362064835,7.4362064835,7.4362064835,7.4362064835,7.4362064836,7.4362064836,7.4362064836,7.4362064836,7.4362064833,7.43620648316,7.43620648316,7.43620648326,7.43620648326,7.43620648329,7.43620648329,7.43620648326,7.4362064832,7.4362064836,7.4362064829,7.4362064832,7.4362064832,7.43620648314,7.43620648314,7.43620648327,7.43620648327,7.4362064832,7.4362064833,7.4362064833,7.4362064832,7.43620648324,7.43620648325,7.43620648325,7.4362064837,7.4362064834,7.4362064834
"t20",4.925348602,4.925348602,4.2771941109,4.2771941109,4.2771941109,4.2771941109,4.2771941112,4.277194111,4.2771941109,4.2771941109,4.2771941109,4.27719411102,4.277194111022,4.277194111022,4.27719411092,4.27719411102,4.27719411102,4.27719411096,4.27719411096,4.277194111,3.93346025942,3.93346025942,3.9334602594,3.9334602594,3.9334602594,3.9334602594,3.9334602598,3.9334602598,0,1.8969743727,1.8969743727,1.8969743727,1.8969743727,1.8969743727,1.89697437271,1.89697437271,2.6675850025,2.6675850025,6.3943396716,6.3943396716,6.3943396721,6.394339671672,6.394339671472,6.394339671972,6.394339671972,6.39433967248,6.39433967248,6.3943396718,6.39433967187,6.39433967187,6.39433967187,6.3943396719,7.43620648327,7.43620648327,7.4362064828,7.4362064829,7.43620648292,7.43620648299,7.43620648299,7.4362064831,7.43620648322,7.43620648322,7.43620648326,7.43620648316,7.43620648316,7.4362064831,7.4362064831,7.4362064831,7.4362064831,7.4362064832,7.4362064832,7.4362064832,7.4362064832,7.4362064829,7.43620648276,7.43620648276,7.43620648286,7.43620648286,7.43620648289,7.43620648289,7.43620648286,7.4362064828,7.4362064832,7.4362064825,7.4362064828,7.4362064828,7.43620648274,7.43620648274,7.43620648287,7.43620648287,7.4362064828,7.4362064829,7.4362064829,7.4362064828,7.43620648284,7.43620648285,7.43620648285,7.4362064833,7.436206483,7.436206483
"t73",4.9253486019,4.9253486019,4.2771941108,4.2771941108,4.2771941108,4.2771941108,4.2771941111,4.2771941109,4.2771941108,4.2771941108,4.2771941108,4.27719411092,4.277194110922,4.277194110922,4.27719411082,4.27719411092,4.27719411092,4.27719411086,4.27719411086,4.2771941109,3.93346025932,3.93346025932,3.9334602593,3.9334602593,3.9334602593,3.9334602593,3.9334602597,3.9334602597,1.8969743727,0,0.317233912,0.9731027508,1.493824585,1.6370192062,1.63701920621,1.63701920621,2.6675850024,2.6675850024,6.3943396715,6.3943396715,6.394339672,6.394339671572,6.394339671372,6.394339671872,6.394339671872,6.39433967238,6.39433967238,6.3943396717,6.39433967177,6.39433967177,6.39433967177,6.3943396718,7.43620648317,7.43620648317,7.4362064827,7.4362064828,7.43620648282,7.43620648289,7.43620648289,7.436206483,7.43620648312,7.43620648312,7.43620648316,7.43620648306,7.43620648306,7.436206483,7.436206483,7.436206483,7.436206483,7.4362064831,7.4362064831,7.4362064831,7.4362064831,7.4362064828,7.43620648266,7.43620648266,7.43620648276,7.43620648276,7.43620648279,7.43620648279,7.43620648276,7.4362064827,7.4362064831,7.4362064824,7.4362064827,7.4362064827,7.43620648264,7.43620648264,7.43620648277,7.43620648277,7.4362064827,7.4362064828,7.4362064828,7.4362064827,7.43620648274,7.43620648275,7.43620648275,7.4362064832,7.4362064829,7.4362064829
"t74",4.9253486019,4.9253486019,4.2771941108,4.2771941108,4.2771941108,4.2771941108,4.2771941111,4.2771941109,4.2771941108,4.2771941108,4.2771941108,4.27719411092,4.277194110922,4.277194110922,4.27719411082,4.27719411092,4.27719411092,4.27719411086,4.27719411086,4.2771941109,3.93346025932,3.93346025932,3.9334602593,3.9334602593,3.9334602593,3.9334602593,3.9334602597,3.9334602597,1.8969743727,0.317233912,0,0.9731027508,1.493824585,1.6370192062,1.63701920621,1.63701920621,2.6675850024,2.6675850024,6.3943396715,6.3943396715,6.394339672,6.394339671572,6.394339671372,6.394339671872,6.394339671872,6.39433967238,6.39433967238,6.3943396717,6.39433967177,6.39433967177,6.39433967177,6.3943396718,7.43620648317,7.43620648317,7.4362064827,7.4362064828,7.43620648282,7.43620648289,7.43620648289,7.436206483,7.43620648312,7.43620648312,7.43620648316,7.43620648306,7.43620648306,7.436206483,7.436206483,7.436206483,7.436206483,7.4362064831,7.4362064831,7.4362064831,7.4362064831,7.4362064828,7.43620648266,7.43620648266,7.43620648276,7.43620648276,7.43620648279,7.43620648279,7.43620648276,7.4362064827,7.4362064831,7.4362064824,7.4362064827,7.4362064827,7.43620648264,7.43620648264,7.43620648277,7.43620648277,7.4362064827,7.4362064828,7.4362064828,7.4362064827,7.43620648274,7.43620648275,7.43620648275,7.4362064832,7.4362064829,7.4362064829
"t42",4.9253486019,4.9253486019,4.2771941108,4.2771941108,4.2771941108,4.2771941108,4.2771941111,4.2771941109,4.2771941108,4.2771941108,4.2771941108,4.27719411092,4.277194110922,4.277194110922,4.27719411082,4.27719411092,4.27719411092,4.27719411086,4.27719411086,4.2771941109,3.93346025932,3.93346025932,3.9334602593,3.9334602593,3.9334602593,3.9334602593,3.9334602597,3.9334602597,1.8969743727,0.9731027508,0.9731027508,0,1.493824585,1.6370192062,1.63701920621,1.63701920621,2.6675850024,2.6675850024,6.3943396715,6.3943396715,6.394339672,6.394339671572,6.394339671372,6.394339671872,6.394339671872,6.39433967238,6.39433967238,6.3943396717,6.39433967177,6.39433967177,6.39433967177,6.3943396718,7.43620648317,7.43620648317,7.4362064827,7.4362064828,7.43620648282,7.43620648289,7.43620648289,7.436206483,7.43620648312,7.43620648312,7.43620648316,7.43620648306,7.43620648306,7.436206483,7.436206483,7.436206483,7.436206483,7.4362064831,7.4362064831,7.4362064831,7.4362064831,7.4362064828,7.43620648266,7.43620648266,7.43620648276,7.43620648276,7.43620648279,7.43620648279,7.43620648276,7.4362064827,7.4362064831,7.4362064824,7.4362064827,7.4362064827,7.43620648264,7.43620648264,7.43620648277,7.43620648277,7.4362064827,7.4362064828,7.4362064828,7.4362064827,7.43620648274,7.43620648275,7.43620648275,7.4362064832,7.4362064829,7.4362064829
"t33",4.9253486019,4.9253486019,4.2771941108,4.2771941108,4.2771941108,4.2771941108,4.2771941111,4.2771941109,4.2771941108,4.2771941108,4.2771941108,4.27719411092,4.277194110922,4.277194110922,4.27719411082,4.27719411092,4.27719411092,4.27719411086,4.27719411086,4.2771941109,3.93346025932,3.93346025932,3.9334602593,3.9334602593,3.9334602593,3.9334602593,3.9334602597,3.9334602597,1.8969743727,1.493824585,1.493824585,1.493824585,0,1.6370192062,1.63701920621,1.63701920621,2.6675850024,2.6675850024,6.3943396715,6.3943396715,6.394339672,6.394339671572,6.394339671372,6.394339671872,6.394339671872,6.39433967238,6.39433967238,6.3943396717,6.39433967177,6.39433967177,6.39433967177,6.3943396718,7.43620648317,7.43620648317,7.4362064827,7.4362064828,7.43620648282,7.43620648289,7.43620648289,7.436206483,7.43620648312,7.43620648312,7.43620648316,7.43620648306,7.43620648306,7.436206483,7.436206483,7.436206483,7.436206483,7.4362064831,7.4362064831,7.4362064831,7.4362064831,7.4362064828,7.43620648266,7.43620648266,7.43620648276,7.43620648276,7.43620648279,7.43620648279,7.43620648276,7.4362064827,7.4362064831,7.4362064824,7.4362064827,7.4362064827,7.43620648264,7.43620648264,7.43620648277,7.43620648277,7.4362064827,7.4362064828,7.4362064828,7.4362064827,7.43620648274,7.43620648275,7.43620648275,7.4362064832,7.4362064829,7.4362064829
"t75",4.9253486019,4.9253486019,4.2771941108,4.2771941108,4.2771941108,4.2771941108,4.2771941111,4.2771941109,4.2771941108,4.2771941108,4.2771941108,4.27719411092,4.277194110922,4.277194110922,4.27719411082,4.27719411092,4.27719411092,4.27719411086,4.27719411086,4.2771941109,3.93346025932,3.93346025932,3.9334602593,3.9334602593,3.9334602593,3.9334602593,3.9334602597,3.9334602597,1.8969743727,1.6370192062,1.6370192062,1.6370192062,1.6370192062,0,0.29797819681,0.29797819681,2.6675850024,2.6675850024,6.3943396715,6.3943396715,6.394339672,6.394339671572,6.394339671372,6.394339671872,6.394339671872,6.39433967238,6.39433967238,6.3943396717,6.39433967177,6.39433967177,6.39433967177,6.3943396718,7.43620648317,7.43620648317,7.4362064827,7.4362064828,7.43620648282,7.43620648289,7.43620648289,7.436206483,7.43620648312,7.43620648312,7.43620648316,7.43620648306,7.43620648306,7.436206483,7.436206483,7.436206483,7.436206483,7.4362064831,7.4362064831,7.4362064831,7.4362064831,7.4362064828,7.43620648266,7.43620648266,7.43620648276,7.43620648276,7.43620648279,7.43620648279,7.43620648276,7.4362064827,7.4362064831,7.4362064824,7.4362064827,7.4362064827,7.43620648264,7.43620648264,7.43620648277,7.43620648277,7.4362064827,7.4362064828,7.4362064828,7.4362064827,7.43620648274,7.43620648275,7.43620648275,7.4362064832,7.4362064829,7.4362064829
"t85",4.92534860191,4.92534860191,4.27719411081,4.27719411081,4.27719411081,4.27719411081,4.27719411111,4.27719411091,4.27719411081,4.27719411081,4.27719411081,4.27719411093,4.277194110932,4.277194110932,4.27719411083,4.27719411093,4.27719411093,4.27719411087,4.27719411087,4.27719411091,3.93346025933,3.93346025933,3.93346025931,3.93346025931,3.93346025931,3.93346025931,3.93346025971,3.93346025971,1.89697437271,1.63701920621,1.63701920621,1.63701920621,1.63701920621,0.29797819681,0,0.225402145,2.66758500241,2.66758500241,6.39433967151,6.39433967151,6.39433967201,6.394339671582,6.394339671382,6.394339671882,6.394339671882,6.39433967239,6.39433967239,6.39433967171,6.39433967178,6.39433967178,6.39433967178,6.39433967181,7.43620648318,7.43620648318,7.43620648271,7.43620648281,7.43620648283,7.4362064829,7.4362064829,7.43620648301,7.43620648313,7.43620648313,7.43620648317,7.43620648307,7.43620648307,7.43620648301,7.43620648301,7.43620648301,7.43620648301,7.43620648311,7.43620648311,7.43620648311,7.43620648311,7.43620648281,7.43620648267,7.43620648267,7.43620648277,7.43620648277,7.4362064828,7.4362064828,7.43620648277,7.43620648271,7.43620648311,7.43620648241,7.43620648271,7.43620648271,7.43620648265,7.43620648265,7.43620648278,7.43620648278,7.43620648271,7.43620648281,7.43620648281,7.43620648271,7.43620648275,7.43620648276,7.43620648276,7.43620648321,7.43620648291,7.43620648291
"t86",4.92534860191,4.92534860191,4.27719411081,4.27719411081,4.27719411081,4.27719411081,4.27719411111,4.27719411091,4.27719411081,4.27719411081,4.27719411081,4.27719411093,4.277194110932,4.277194110932,4.27719411083,4.27719411093,4.27719411093,4.27719411087,4.27719411087,4.27719411091,3.93346025933,3.93346025933,3.93346025931,3.93346025931,3.93346025931,3.93346025931,3.93346025971,3.93346025971,1.89697437271,1.63701920621,1.63701920621,1.63701920621,1.63701920621,0.29797819681,0.225402145,0,2.66758500241,2.66758500241,6.39433967151,6.39433967151,6.39433967201,6.394339671582,6.394339671382,6.394339671882,6.394339671882,6.39433967239,6.39433967239,6.39433967171,6.39433967178,6.39433967178,6.39433967178,6.39433967181,7.43620648318,7.43620648318,7.43620648271,7.43620648281,7.43620648283,7.4362064829,7.4362064829,7.43620648301,7.43620648313,7.43620648313,7.43620648317,7.43620648307,7.43620648307,7.43620648301,7.43620648301,7.43620648301,7.43620648301,7.43620648311,7.43620648311,7.43620648311,7.43620648311,7.43620648281,7.43620648267,7.43620648267,7.43620648277,7.43620648277,7.4362064828,7.4362064828,7.43620648277,7.43620648271,7.43620648311,7.43620648241,7.43620648271,7.43620648271,7.43620648265,7.43620648265,7.43620648278,7.43620648278,7.43620648271,7.43620648281,7.43620648281,7.43620648271,7.43620648275,7.43620648276,7.43620648276,7.43620648321,7.43620648291,7.43620648291
"t16",4.9253486017,4.9253486017,4.2771941106,4.2771941106,4.2771941106,4.2771941106,4.2771941109,4.2771941107,4.2771941106,4.2771941106,4.2771941106,4.27719411072,4.277194110722,4.277194110722,4.27719411062,4.27719411072,4.27719411072,4.27719411066,4.27719411066,4.2771941107,3.93346025912,3.93346025912,3.9334602591,3.9334602591,3.9334602591,3.9334602591,3.9334602595,3.9334602595,2.6675850025,2.6675850024,2.6675850024,2.6675850024,2.6675850024,2.6675850024,2.66758500241,2.66758500241,0,2.160788964,6.3943396713,6.3943396713,6.3943396718,6.394339671372,6.394339671172,6.394339671672,6.394339671672,6.39433967218,6.39433967218,6.3943396715,6.39433967157,6.39433967157,6.39433967157,6.3943396716,7.43620648297,7.43620648297,7.4362064825,7.4362064826,7.43620648262,7.43620648269,7.43620648269,7.4362064828,7.43620648292,7.43620648292,7.43620648296,7.43620648286,7.43620648286,7.4362064828,7.4362064828,7.4362064828,7.4362064828,7.4362064829,7.4362064829,7.4362064829,7.4362064829,7.4362064826,7.43620648246,7.43620648246,7.43620648256,7.43620648256,7.43620648259,7.43620648259,7.43620648256,7.4362064825,7.4362064829,7.4362064822,7.4362064825,7.4362064825,7.43620648244,7.43620648244,7.43620648257,7.43620648257,7.4362064825,7.4362064826,7.4362064826,7.4362064825,7.43620648254,7.43620648255,7.43620648255,7.436206483,7.4362064827,7.4362064827
"t17",4.9253486017,4.9253486017,4.2771941106,4.2771941106,4.2771941106,4.2771941106,4.2771941109,4.2771941107,4.2771941106,4.2771941106,4.2771941106,4.27719411072,4.277194110722,4.277194110722,4.27719411062,4.27719411072,4.27719411072,4.27719411066,4.27719411066,4.2771941107,3.93346025912,3.93346025912,3.9334602591,3.9334602591,3.9334602591,3.9334602591,3.9334602595,3.9334602595,2.6675850025,2.6675850024,2.6675850024,2.6675850024,2.6675850024,2.6675850024,2.66758500241,2.66758500241,2.160788964,0,6.3943396713,6.3943396713,6.3943396718,6.394339671372,6.394339671172,6.394339671672,6.394339671672,6.39433967218,6.39433967218,6.3943396715,6.39433967157,6.39433967157,6.39433967157,6.3943396716,7.43620648297,7.43620648297,7.4362064825,7.4362064826,7.43620648262,7.43620648269,7.43620648269,7.4362064828,7.43620648292,7.43620648292,7.43620648296,7.43620648286,7.43620648286,7.4362064828,7.4362064828,7.4362064828,7.4362064828,7.4362064829,7.4362064829,7.4362064829,7.4362064829,7.4362064826,7.43620648246,7.43620648246,7.43620648256,7.43620648256,7.43620648259,7.43620648259,7.43620648256,7.4362064825,7.4362064829,7.4362064822,7.4362064825,7.4362064825,7.43620648244,7.43620648244,7.43620648257,7.43620648257,7.4362064825,7.4362064826,7.4362064826,7.4362064825,7.43620648254,7.43620648255,7.43620648255,7.436206483,7.4362064827,7.4362064827
"t63",6.3943396716,6.3943396716,6.3943396715,6.3943396715,6.3943396715,6.3943396715,6.3943396718,6.3943396716,6.3943396715,6.3943396715,6.3943396715,6.39433967162,6.394339671622,6.394339671622,6.39433967152,6.39433967162,6.39433967162,6.39433967156,6.39433967156,6.3943396716,6.39433967162,6.39433967162,6.3943396716,6.3943396716,6.3943396716,6.3943396716,6.394339672,6.394339672,6.3943396716,6.3943396715,6.3943396715,6.3943396715,6.3943396715,6.3943396715,6.39433967151,6.39433967151,6.3943396713,6.3943396713,0,0.540542573,4.2918364095,5.416798983672,5.416798983472,5.416798983972,5.416798983972,5.41679898448,5.41679898448,5.4167989838,5.41679898387,5.41679898387,5.41679898387,5.4167989839,7.43620648287,7.43620648287,7.4362064824,7.4362064825,7.43620648252,7.43620648259,7.43620648259,7.4362064827,7.43620648282,7.43620648282,7.43620648286,7.43620648276,7.43620648276,7.4362064827,7.4362064827,7.4362064827,7.4362064827,7.4362064828,7.4362064828,7.4362064828,7.4362064828,7.4362064825,7.43620648236,7.43620648236,7.43620648246,7.43620648246,7.43620648249,7.43620648249,7.43620648246,7.4362064824,7.4362064828,7.4362064821,7.4362064824,7.4362064824,7.43620648234,7.43620648234,7.43620648247,7.43620648247,7.4362064824,7.4362064825,7.4362064825,7.4362064824,7.43620648244,7.43620648245,7.43620648245,7.4362064829,7.4362064826,7.4362064826
"t64",6.3943396716,6.3943396716,6.3943396715,6.3943396715,6.3943396715,6.3943396715,6.3943396718,6.3943396716,6.3943396715,6.3943396715,6.3943396715,6.39433967162,6.394339671622,6.394339671622,6.39433967152,6.39433967162,6.39433967162,6.39433967156,6.39433967156,6.3943396716,6.39433967162,6.39433967162,6.3943396716,6.3943396716,6.3943396716,6.3943396716,6.394339672,6.394339672,6.3943396716,6.3943396715,6.3943396715,6.3943396715,6.3943396715,6.3943396715,6.39433967151,6.39433967151,6.3943396713,6.3943396713,0.540542573,0,4.2918364095,5.416798983672,5.416798983472,5.416798983972,5.416798983972,5.41679898448,5.41679898448,5.4167989838,5.41679898387,5.41679898387,5.41679898387,5.4167989839,7.43620648287,7.43620648287,7.4362064824,7.4362064825,7.43620648252,7.43620648259,7.43620648259,7.4362064827,7.43620648282,7.43620648282,7.43620648286,7.43620648276,7.43620648276,7.4362064827,7.4362064827,7.4362064827,7.4362064827,7.4362064828,7.4362064828,7.4362064828,7.4362064828,7.4362064825,7.43620648236,7.43620648236,7.43620648246,7.43620648246,7.43620648249,7.43620648249,7.43620648246,7.4362064824,7.4362064828,7.4362064821,7.4362064824,7.4362064824,7.43620648234,7.43620648234,7.43620648247,7.43620648247,7.4362064824,7.4362064825,7.4362064825,7.4362064824,7.43620648244,7.43620648245,7.43620648245,7.4362064829,7.4362064826,7.4362064826
"t2",6.3943396721,6.3943396721,6.394339672,6.394339672,6.394339672,6.394339672,6.3943396723,6.3943396721,6.394339672,6.394339672,6.394339672,6.39433967212,6.394339672122,6.394339672122,6.39433967202,6.39433967212,6.39433967212,6.39433967206,6.39433967206,6.3943396721,6.39433967212,6.39433967212,6.3943396721,6.3943396721,6.3943396721,6.3943396721,6.3943396725,6.3943396725,6.3943396721,6.394339672,6.394339672,6.394339672,6.394339672,6.394339672,6.39433967201,6.39433967201,6.3943396718,6.3943396718,4.2918364095,4.2918364095,0,5.416798984172,5.416798983972,5.416798984472,5.416798984472,5.41679898498,5.41679898498,5.4167989843,5.41679898437,5.41679898437,5.41679898437,5.4167989844,7.43620648337,7.43620648337,7.4362064829,7.436206483,7.43620648302,7.43620648309,7.43620648309,7.4362064832,7.43620648332,7.43620648332,7.43620648336,7.43620648326,7.43620648326,7.4362064832,7.4362064832,7.4362064832,7.4362064832,7.4362064833,7.4362064833,7.4362064833,7.4362064833,7.436206483,7.43620648286,7.43620648286,7.43620648296,7.43620648296,7.43620648299,7.43620648299,7.43620648296,7.4362064829,7.4362064833,7.4362064826,7.4362064829,7.4362064829,7.43620648284,7.43620648284,7.43620648297,7.43620648297,7.4362064829,7.436206483,7.436206483,7.4362064829,7.43620648294,7.43620648295,7.43620648295,7.4362064834,7.4362064831,7.4362064831
"t1",6.394339671672,6.394339671672,6.394339671572,6.394339671572,6.394339671572,6.394339671572,6.394339671872,6.394339671672,6.394339671572,6.394339671572,6.394339671572,6.394339671692,6.394339671694,6.394339671694,6.394339671592,6.394339671692,6.394339671692,6.394339671632,6.394339671632,6.394339671672,6.394339671692,6.394339671692,6.394339671672,6.394339671672,6.394339671672,6.394339671672,6.394339672072,6.394339672072,6.394339671672,6.394339671572,6.394339671572,6.394339671572,6.394339671572,6.394339671572,6.394339671582,6.394339671582,6.394339671372,6.394339671372,5.416798983672,5.416798983672,5.416798984172,0,4.5518056738,4.5518056743,4.5518056743,4.562539149552,4.562539149552,4.562539148872,4.562539148942,4.562539148942,4.562539148942,4.562539148972,7.436206482942,7.436206482942,7.436206482472,7.436206482572,7.436206482592,7.436206482662,7.436206482662,7.436206482772,7.436206482892,7.436206482892,7.436206482932,7.436206482832,7.436206482832,7.436206482772,7.436206482772,7.436206482772,7.436206482772,7.436206482872,7.436206482872,7.436206482872,7.436206482872,7.436206482572,7.436206482432,7.436206482432,7.436206482532,7.436206482532,7.436206482562,7.436206482562,7.436206482532,7.436206482472,7.436206482872,7.436206482172,7.436206482472,7.436206482472,7.436206482412,7.436206482412,7.436206482542,7.436206482542,7.436206482472,7.436206482572,7.436206482572,7.436206482472,7.436206482512,7.436206482522,7.436206482522,7.436206482972,7.436206482672,7.436206482672
"t10",6.394339671472,6.394339671472,6.394339671372,6.394339671372,6.394339671372,6.394339671372,6.394339671672,6.394339671472,6.394339671372,6.394339671372,6.394339671372,6.394339671492,6.394339671494,6.394339671494,6.394339671392,6.394339671492,6.394339671492,6.394339671432,6.394339671432,6.394339671472,6.394339671492,6.394339671492,6.394339671472,6.394339671472,6.394339671472,6.394339671472,6.394339671872,6.394339671872,6.394339671472,6.394339671372,6.394339671372,6.394339671372,6.394339671372,6.394339671372,6.394339671382,6.394339671382,6.394339671172,6.394339671172,5.416798983472,5.416798983472,5.416798983972,4.5518056738,0,2.7056788725,2.7056788725,4.562539149352,4.562539149352,4.562539148672,4.562539148742,4.562539148742,4.562539148742,4.562539148772,7.436206482742,7.436206482742,7.436206482272,7.436206482372,7.436206482392,7.436206482462,7.436206482462,7.436206482572,7.436206482692,7.436206482692,7.436206482732,7.436206482632,7.436206482632,7.436206482572,7.436206482572,7.436206482572,7.436206482572,7.436206482672,7.436206482672,7.436206482672,7.436206482672,7.436206482372,7.436206482232,7.436206482232,7.436206482332,7.436206482332,7.436206482362,7.436206482362,7.436206482332,7.436206482272,7.436206482672,7.436206481972,7.436206482272,7.436206482272,7.436206482212,7.436206482212,7.436206482342,7.436206482342,7.436206482272,7.436206482372,7.436206482372,7.436206482272,7.436206482312,7.436206482322,7.436206482322,7.436206482772,7.436206482472,7.436206482472
"t50",6.394339671972,6.394339671972,6.394339671872,6.394339671872,6.394339671872,6.394339671872,6.394339672172,6.394339671972,6.394339671872,6.394339671872,6.394339671872,6.394339671992,6.394339671994,6.394339671994,6.394339671892,6.394339671992,6.394339671992,6.394339671932,6.394339671932,6.394339671972,6.394339671992,6.394339671992,6.394339671972,6.394339671972,6.394339671972,6.394339671972,6.394339672372,6.394339672372,6.394339671972,6.394339671872,6.394339671872,6.394339671872,6.394339671872,6.394339671872,6.394339671882,6.394339671882,6.394339671672,6.394339671672,5.416798983972,5.416798983972,5.416798984472,4.5518056743,2.7056788725,0,0.7734675556,4.562539149852,4.562539149852,4.562539149172,4.562539149242,4.562539149242,4.562539149242,4.562539149272,7.436206483242,7.436206483242,7.436206482772,7.436206482872,7.436206482892,7.436206482962,7.436206482962,7.436206483072,7.436206483192,7.436206483192,7.436206483232,7.436206483132,7.436206483132,7.436206483072,7.436206483072,7.436206483072,7.436206483072,7.436206483172,7.436206483172,7.436206483172,7.436206483172,7.436206482872,7.436206482732,7.436206482732,7.436206482832,7.436206482832,7.436206482862,7.436206482862,7.436206482832,7.436206482772,7.436206483172,7.436206482472,7.436206482772,7.436206482772,7.436206482712,7.436206482712,7.436206482842,7.436206482842,7.436206482772,7.436206482872,7.436206482872,7.436206482772,7.436206482812,7.436206482822,7.436206482822,7.436206483272,7.436206482972,7.436206482972
"t51",6.394339671972,6.394339671972,6.394339671872,6.394339671872,6.394339671872,6.394339671872,6.394339672172,6.394339671972,6.394339671872,6.394339671872,6.394339671872,6.394339671992,6.394339671994,6.394339671994,6.394339671892,6.394339671992,6.394339671992,6.394339671932,6.394339671932,6.394339671972,6.394339671992,6.394339671992,6.394339671972,6.394339671972,6.394339671972,6.394339671972,6.394339672372,6.394339672372,6.394339671972,6.394339671872,6.394339671872,6.394339671872,6.394339671872,6.394339671872,6.394339671882,6.394339671882,6.394339671672,6.394339671672,5.416798983972,5.416798983972,5.416798984472,4.5518056743,2.7056788725,0.7734675556,0,4.562539149852,4.562539149852,4.562539149172,4.562539149242,4.562539149242,4.562539149242,4.562539149272,7.436206483242,7.436206483242,7.436206482772,7.436206482872,7.436206482892,7.436206482962,7.436206482962,7.436206483072,7.436206483192,7.436206483192,7.436206483232,7.436206483132,7.436206483132,7.436206483072,7.436206483072,7.436206483072,7.436206483072,7.436206483172,7.436206483172,7.436206483172,7.436206483172,7.436206482872,7.436206482732,7.436206482732,7.436206482832,7.436206482832,7.436206482862,7.436206482862,7.436206482832,7.436206482772,7.436206483172,7.436206482472,7.436206482772,7.436206482772,7.436206482712,7.436206482712,7.436206482842,7.436206482842,7.436206482772,7.436206482872,7.436206482872,7.436206482772,7.436206482812,7.436206482822,7.436206482822,7.436206483272,7.436206482972,7.436206482972
"t97",6.39433967248,6.39433967248,6.39433967238,6.39433967238,6.39433967238,6.39433967238,6.39433967268,6.39433967248,6.39433967238,6.39433967238,6.39433967238,6.3943396725,6.394339672502,6.394339672502,6.3943396724,6.3943396725,6.3943396725,6.39433967244,6.39433967244,6.39433967248,6.3943396725,6.3943396725,6.39433967248,6.39433967248,6.39433967248,6.39433967248,6.39433967288,6.39433967288,6.39433967248,6.39433967238,6.39433967238,6.39433967238,6.39433967238,6.39433967238,6.39433967239,6.39433967239,6.39433967218,6.39433967218,5.41679898448,5.41679898448,5.41679898498,4.562539149552,4.562539149352,4.562539149852,4.562539149852,0,0.06283510516,4.13851515248,4.13851515255,4.13851515255,4.13851515255,4.13851515258,7.43620648375,7.43620648375,7.43620648328,7.43620648338,7.4362064834,7.43620648347,7.43620648347,7.43620648358,7.4362064837,7.4362064837,7.43620648374,7.43620648364,7.43620648364,7.43620648358,7.43620648358,7.43620648358,7.43620648358,7.43620648368,7.43620648368,7.43620648368,7.43620648368,7.43620648338,7.43620648324,7.43620648324,7.43620648334,7.43620648334,7.43620648337,7.43620648337,7.43620648334,7.43620648328,7.43620648368,7.43620648298,7.43620648328,7.43620648328,7.43620648322,7.43620648322,7.43620648335,7.43620648335,7.43620648328,7.43620648338,7.43620648338,7.43620648328,7.43620648332,7.43620648333,7.43620648333,7.43620648378,7.43620648348,7.43620648348
"t98",6.39433967248,6.39433967248,6.39433967238,6.39433967238,6.39433967238,6.39433967238,6.39433967268,6.39433967248,6.39433967238,6.39433967238,6.39433967238,6.3943396725,6.394339672502,6.394339672502,6.3943396724,6.3943396725,6.3943396725,6.39433967244,6.39433967244,6.39433967248,6.3943396725,6.3943396725,6.39433967248,6.39433967248,6.39433967248,6.39433967248,6.39433967288,6.39433967288,6.39433967248,6.39433967238,6.39433967238,6.39433967238,6.39433967238,6.39433967238,6.39433967239,6.39433967239,6.39433967218,6.39433967218,5.41679898448,5.41679898448,5.41679898498,4.562539149552,4.562539149352,4.562539149852,4.562539149852,0.06283510516,0,4.13851515248,4.13851515255,4.13851515255,4.13851515255,4.13851515258,7.43620648375,7.43620648375,7.43620648328,7.43620648338,7.4362064834,7.43620648347,7.43620648347,7.43620648358,7.4362064837,7.4362064837,7.43620648374,7.43620648364,7.43620648364,7.43620648358,7.43620648358,7.43620648358,7.43620648358,7.43620648368,7.43620648368,7.43620648368,7.43620648368,7.43620648338,7.43620648324,7.43620648324,7.43620648334,7.43620648334,7.43620648337,7.43620648337,7.43620648334,7.43620648328,7.43620648368,7.43620648298,7.43620648328,7.43620648328,7.43620648322,7.43620648322,7.43620648335,7.43620648335,7.43620648328,7.43620648338,7.43620648338,7.43620648328,7.43620648332,7.43620648333,7.43620648333,7.43620648378,7.43620648348,7.43620648348
"t7",6.3943396718,6.3943396718,6.3943396717,6.3943396717,6.3943396717,6.3943396717,6.394339672,6.3943396718,6.3943396717,6.3943396717,6.3943396717,6.39433967182,6.394339671822,6.394339671822,6.39433967172,6.39433967182,6.39433967182,6.39433967176,6.39433967176,6.3943396718,6.39433967182,6.39433967182,6.3943396718,6.3943396718,6.3943396718,6.3943396718,6.3943396722,6.3943396722,6.3943396718,6.3943396717,6.3943396717,6.3943396717,6.3943396717,6.3943396717,6.39433967171,6.39433967171,6.3943396715,6.3943396715,5.4167989838,5.4167989838,5.4167989843,4.562539148872,4.562539148672,4.562539149172,4.562539149172,4.13851515248,4.13851515248,0,2.78197408207,2.78197408207,2.78197408207,2.7819740821,7.43620648307,7.43620648307,7.4362064826,7.4362064827,7.43620648272,7.43620648279,7.43620648279,7.4362064829,7.43620648302,7.43620648302,7.43620648306,7.43620648296,7.43620648296,7.4362064829,7.4362064829,7.4362064829,7.4362064829,7.436206483,7.436206483,7.436206483,7.436206483,7.4362064827,7.43620648256,7.43620648256,7.43620648266,7.43620648266,7.43620648269,7.43620648269,7.43620648266,7.4362064826,7.436206483,7.4362064823,7.4362064826,7.4362064826,7.43620648254,7.43620648254,7.43620648267,7.43620648267,7.4362064826,7.4362064827,7.4362064827,7.4362064826,7.43620648264,7.43620648265,7.43620648265,7.4362064831,7.4362064828,7.4362064828
"t40",6.39433967187,6.39433967187,6.39433967177,6.39433967177,6.39433967177,6.39433967177,6.39433967207,6.39433967187,6.39433967177,6.39433967177,6.39433967177,6.39433967189,6.394339671892,6.394339671892,6.39433967179,6.39433967189,6.39433967189,6.39433967183,6.39433967183,6.39433967187,6.39433967189,6.39433967189,6.39433967187,6.39433967187,6.39433967187,6.39433967187,6.39433967227,6.39433967227,6.39433967187,6.39433967177,6.39433967177,6.39433967177,6.39433967177,6.39433967177,6.39433967178,6.39433967178,6.39433967157,6.39433967157,5.41679898387,5.41679898387,5.41679898437,4.562539148942,4.562539148742,4.562539149242,4.562539149242,4.13851515255,4.13851515255,2.78197408207,0,0.9742750974,1.4134399154,1.58494088157,7.43620648314,7.43620648314,7.43620648267,7.43620648277,7.43620648279,7.43620648286,7.43620648286,7.43620648297,7.43620648309,7.43620648309,7.43620648313,7.43620648303,7.43620648303,7.43620648297,7.43620648297,7.43620648297,7.43620648297,7.43620648307,7.43620648307,7.43620648307,7.43620648307,7.43620648277,7.43620648263,7.43620648263,7.43620648273,7.43620648273,7.43620648276,7.43620648276,7.43620648273,7.43620648267,7.43620648307,7.43620648237,7.43620648267,7.43620648267,7.43620648261,7.43620648261,7.43620648274,7.43620648274,7.43620648267,7.43620648277,7.43620648277,7.43620648267,7.43620648271,7.43620648272,7.43620648272,7.43620648317,7.43620648287,7.43620648287
"t41",6.39433967187,6.39433967187,6.39433967177,6.39433967177,6.39433967177,6.39433967177,6.39433967207,6.39433967187,6.39433967177,6.39433967177,6.39433967177,6.39433967189,6.394339671892,6.394339671892,6.39433967179,6.39433967189,6.39433967189,6.39433967183,6.39433967183,6.39433967187,6.39433967189,6.39433967189,6.39433967187,6.39433967187,6.39433967187,6.39433967187,6.39433967227,6.39433967227,6.39433967187,6.39433967177,6.39433967177,6.39433967177,6.39433967177,6.39433967177,6.39433967178,6.39433967178,6.39433967157,6.39433967157,5.41679898387,5.41679898387,5.41679898437,4.562539148942,4.562539148742,4.562539149242,4.562539149242,4.13851515255,4.13851515255,2.78197408207,0.9742750974,0,1.4134399154,1.58494088157,7.43620648314,7.43620648314,7.43620648267,7.43620648277,7.43620648279,7.43620648286,7.43620648286,7.43620648297,7.43620648309,7.43620648309,7.43620648313,7.43620648303,7.43620648303,7.43620648297,7.43620648297,7.43620648297,7.43620648297,7.43620648307,7.43620648307,7.43620648307,7.43620648307,7.43620648277,7.43620648263,7.43620648263,7.43620648273,7.43620648273,7.43620648276,7.43620648276,7.43620648273,7.43620648267,7.43620648307,7.43620648237,7.43620648267,7.43620648267,7.43620648261,7.43620648261,7.43620648274,7.43620648274,7.43620648267,7.43620648277,7.43620648277,7.43620648267,7.43620648271,7.43620648272,7.43620648272,7.43620648317,7.43620648287,7.43620648287
"t34",6.39433967187,6.39433967187,6.39433967177,6.39433967177,6.39433967177,6.39433967177,6.39433967207,6.39433967187,6.39433967177,6.39433967177,6.39433967177,6.39433967189,6.394339671892,6.394339671892,6.39433967179,6.39433967189,6.39433967189,6.39433967183,6.39433967183,6.39433967187,6.39433967189,6.39433967189,6.39433967187,6.39433967187,6.39433967187,6.39433967187,6.39433967227,6.39433967227,6.39433967187,6.39433967177,6.39433967177,6.39433967177,6.39433967177,6.39433967177,6.39433967178,6.39433967178,6.39433967157,6.39433967157,5.41679898387,5.41679898387,5.41679898437,4.562539148942,4.562539148742,4.562539149242,4.562539149242,4.13851515255,4.13851515255,2.78197408207,1.4134399154,1.4134399154,0,1.58494088157,7.43620648314,7.43620648314,7.43620648267,7.43620648277,7.43620648279,7.43620648286,7.43620648286,7.43620648297,7.43620648309,7.43620648309,7.43620648313,7.43620648303,7.43620648303,7.43620648297,7.43620648297,7.43620648297,7.43620648297,7.43620648307,7.43620648307,7.43620648307,7.43620648307,7.43620648277,7.43620648263,7.43620648263,7.43620648273,7.43620648273,7.43620648276,7.43620648276,7.43620648273,7.43620648267,7.43620648307,7.43620648237,7.43620648267,7.43620648267,7.43620648261,7.43620648261,7.43620648274,7.43620648274,7.43620648267,7.43620648277,7.43620648277,7.43620648267,7.43620648271,7.43620648272,7.43620648272,7.43620648317,7.43620648287,7.43620648287
"t32",6.3943396719,6.3943396719,6.3943396718,6.3943396718,6.3943396718,6.3943396718,6.3943396721,6.3943396719,6.3943396718,6.3943396718,6.3943396718,6.39433967192,6.394339671922,6.394339671922,6.39433967182,6.39433967192,6.39433967192,6.39433967186,6.39433967186,6.3943396719,6.39433967192,6.39433967192,6.3943396719,6.3943396719,6.3943396719,6.3943396719,6.3943396723,6.3943396723,6.3943396719,6.3943396718,6.3943396718,6.3943396718,6.3943396718,6.3943396718,6.39433967181,6.39433967181,6.3943396716,6.3943396716,5.4167989839,5.4167989839,5.4167989844,4.562539148972,4.562539148772,4.562539149272,4.562539149272,4.13851515258,4.13851515258,2.7819740821,1.58494088157,1.58494088157,1.58494088157,0,7.43620648317,7.43620648317,7.4362064827,7.4362064828,7.43620648282,7.43620648289,7.43620648289,7.436206483,7.43620648312,7.43620648312,7.43620648316,7.43620648306,7.43620648306,7.436206483,7.436206483,7.436206483,7.436206483,7.4362064831,7.4362064831,7.4362064831,7.4362064831,7.4362064828,7.43620648266,7.43620648266,7.43620648276,7.43620648276,7.43620648279,7.43620648279,7.43620648276,7.4362064827,7.4362064831,7.4362064824,7.4362064827,7.4362064827,7.43620648264,7.43620648264,7.43620648277,7.43620648277,7.4362064827,7.4362064828,7.4362064828,7.4362064827,7.43620648274,7.43620648275,7.43620648275,7.4362064832,7.4362064829,7.4362064829
"t93",7.43620648327,7.43620648327,7.43620648317,7.43620648317,7.43620648317,7.43620648317,7.43620648347,7.43620648327,7.43620648317,7.43620648317,7.43620648317,7.43620648329,7.436206483292,7.436206483292,7.43620648319,7.43620648329,7.43620648329,7.43620648323,7.43620648323,7.43620648327,7.43620648329,7.43620648329,7.43620648327,7.43620648327,7.43620648327,7.43620648327,7.43620648367,7.43620648367,7.43620648327,7.43620648317,7.43620648317,7.43620648317,7.43620648317,7.43620648317,7.43620648318,7.43620648318,7.43620648297,7.43620648297,7.43620648287,7.43620648287,7.43620648337,7.436206482942,7.436206482742,7.436206483242,7.436206483242,7.43620648375,7.43620648375,7.43620648307,7.43620648314,7.43620648314,7.43620648314,7.43620648317,0,0.09631858494,2.42460062847,3.90994127277,3.90994127279,3.90994127286,3.90994127286,5.91387278697,5.91387278709,5.91387278709,5.91387278713,5.91387278703,5.91387278703,5.91387278697,5.91387278697,5.91387278697,5.91387278697,5.91387278707,5.91387278707,5.91387278707,5.91387278707,6.41371479237,6.41371479223,6.41371479223,6.41371479233,6.41371479233,6.41371479236,6.41371479236,6.41371479233,6.41371479227,6.41371479267,6.41371479197,6.41371479227,6.41371479227,6.41371479221,6.41371479221,6.41371479234,6.41371479234,6.41371479227,6.41371479237,6.41371479237,6.41371479227,6.41371479231,6.41371479232,6.41371479232,6.41371479277,6.41371479247,6.41371479247
"t94",7.43620648327,7.43620648327,7.43620648317,7.43620648317,7.43620648317,7.43620648317,7.43620648347,7.43620648327,7.43620648317,7.43620648317,7.43620648317,7.43620648329,7.436206483292,7.436206483292,7.43620648319,7.43620648329,7.43620648329,7.43620648323,7.43620648323,7.43620648327,7.43620648329,7.43620648329,7.43620648327,7.43620648327,7.43620648327,7.43620648327,7.43620648367,7.43620648367,7.43620648327,7.43620648317,7.43620648317,7.43620648317,7.43620648317,7.43620648317,7.43620648318,7.43620648318,7.43620648297,7.43620648297,7.43620648287,7.43620648287,7.43620648337,7.436206482942,7.436206482742,7.436206483242,7.436206483242,7.43620648375,7.43620648375,7.43620648307,7.43620648314,7.43620648314,7.43620648314,7.43620648317,0.09631858494,0,2.42460062847,3.90994127277,3.90994127279,3.90994127286,3.90994127286,5.91387278697,5.91387278709,5.91387278709,5.91387278713,5.91387278703,5.91387278703,5.91387278697,5.91387278697,5.91387278697,5.91387278697,5.91387278707,5.91387278707,5.91387278707,5.91387278707,6.41371479237,6.41371479223,6.41371479223,6.41371479233,6.41371479233,6.41371479236,6.41371479236,6.41371479233,6.41371479227,6.41371479267,6.41371479197,6.41371479227,6.41371479227,6.41371479221,6.41371479221,6.41371479234,6.41371479234,6.41371479227,6.41371479237,6.41371479237,6.41371479227,6.41371479231,6.41371479232,6.41371479232,6.41371479277,6.41371479247,6.41371479247
"t12",7.4362064828,7.4362064828,7.4362064827,7.4362064827,7.4362064827,7.4362064827,7.436206483,7.4362064828,7.4362064827,7.4362064827,7.4362064827,7.43620648282,7.436206482822,7.436206482822,7.43620648272,7.43620648282,7.43620648282,7.43620648276,7.43620648276,7.4362064828,7.43620648282,7.43620648282,7.4362064828,7.4362064828,7.4362064828,7.4362064828,7.4362064832,7.4362064832,7.4362064828,7.4362064827,7.4362064827,7.4362064827,7.4362064827,7.4362064827,7.43620648271,7.43620648271,7.4362064825,7.4362064825,7.4362064824,7.4362064824,7.4362064829,7.436206482472,7.436206482272,7.436206482772,7.436206482772,7.43620648328,7.43620648328,7.4362064826,7.43620648267,7.43620648267,7.43620648267,7.4362064827,2.42460062847,2.42460062847,0,3.9099412723,3.90994127232,3.90994127239,3.90994127239,5.9138727865,5.91387278662,5.91387278662,5.91387278666,5.91387278656,5.91387278656,5.9138727865,5.9138727865,5.9138727865,5.9138727865,5.9138727866,5.9138727866,5.9138727866,5.9138727866,6.4137147919,6.41371479176,6.41371479176,6.41371479186,6.41371479186,6.41371479189,6.41371479189,6.41371479186,6.4137147918,6.4137147922,6.4137147915,6.4137147918,6.4137147918,6.41371479174,6.41371479174,6.41371479187,6.41371479187,6.4137147918,6.4137147919,6.4137147919,6.4137147918,6.41371479184,6.41371479185,6.41371479185,6.4137147923,6.413714792,6.413714792
"t60",7.4362064829,7.4362064829,7.4362064828,7.4362064828,7.4362064828,7.4362064828,7.4362064831,7.4362064829,7.4362064828,7.4362064828,7.4362064828,7.43620648292,7.436206482922,7.436206482922,7.43620648282,7.43620648292,7.43620648292,7.43620648286,7.43620648286,7.4362064829,7.43620648292,7.43620648292,7.4362064829,7.4362064829,7.4362064829,7.4362064829,7.4362064833,7.4362064833,7.4362064829,7.4362064828,7.4362064828,7.4362064828,7.4362064828,7.4362064828,7.43620648281,7.43620648281,7.4362064826,7.4362064826,7.4362064825,7.4362064825,7.436206483,7.436206482572,7.436206482372,7.436206482872,7.436206482872,7.43620648338,7.43620648338,7.4362064827,7.43620648277,7.43620648277,7.43620648277,7.4362064828,3.90994127277,3.90994127277,3.9099412723,0,0.62015917842,0.62015917849,0.62015917849,5.9138727866,5.91387278672,5.91387278672,5.91387278676,5.91387278666,5.91387278666,5.9138727866,5.9138727866,5.9138727866,5.9138727866,5.9138727867,5.9138727867,5.9138727867,5.9138727867,6.413714792,6.41371479186,6.41371479186,6.41371479196,6.41371479196,6.41371479199,6.41371479199,6.41371479196,6.4137147919,6.4137147923,6.4137147916,6.4137147919,6.4137147919,6.41371479184,6.41371479184,6.41371479197,6.41371479197,6.4137147919,6.413714792,6.413714792,6.4137147919,6.41371479194,6.41371479195,6.41371479195,6.4137147924,6.4137147921,6.4137147921
"t67",7.43620648292,7.43620648292,7.43620648282,7.43620648282,7.43620648282,7.43620648282,7.43620648312,7.43620648292,7.43620648282,7.43620648282,7.43620648282,7.43620648294,7.436206482942,7.436206482942,7.43620648284,7.43620648294,7.43620648294,7.43620648288,7.43620648288,7.43620648292,7.43620648294,7.43620648294,7.43620648292,7.43620648292,7.43620648292,7.43620648292,7.43620648332,7.43620648332,7.43620648292,7.43620648282,7.43620648282,7.43620648282,7.43620648282,7.43620648282,7.43620648283,7.43620648283,7.43620648262,7.43620648262,7.43620648252,7.43620648252,7.43620648302,7.436206482592,7.436206482392,7.436206482892,7.436206482892,7.4362064834,7.4362064834,7.43620648272,7.43620648279,7.43620648279,7.43620648279,7.43620648282,3.90994127279,3.90994127279,3.90994127232,0.62015917842,0,0.45685139447,0.45685139447,5.91387278662,5.91387278674,5.91387278674,5.91387278678,5.91387278668,5.91387278668,5.91387278662,5.91387278662,5.91387278662,5.91387278662,5.91387278672,5.91387278672,5.91387278672,5.91387278672,6.41371479202,6.41371479188,6.41371479188,6.41371479198,6.41371479198,6.41371479201,6.41371479201,6.41371479198,6.41371479192,6.41371479232,6.41371479162,6.41371479192,6.41371479192,6.41371479186,6.41371479186,6.41371479199,6.41371479199,6.41371479192,6.41371479202,6.41371479202,6.41371479192,6.41371479196,6.41371479197,6.41371479197,6.41371479242,6.41371479212,6.41371479212
"t68",7.43620648299,7.43620648299,7.43620648289,7.43620648289,7.43620648289,7.43620648289,7.43620648319,7.43620648299,7.43620648289,7.43620648289,7.43620648289,7.43620648301,7.436206483012,7.436206483012,7.43620648291,7.43620648301,7.43620648301,7.43620648295,7.43620648295,7.43620648299,7.43620648301,7.43620648301,7.43620648299,7.43620648299,7.43620648299,7.43620648299,7.43620648339,7.43620648339,7.43620648299,7.43620648289,7.43620648289,7.43620648289,7.43620648289,7.43620648289,7.4362064829,7.4362064829,7.43620648269,7.43620648269,7.43620648259,7.43620648259,7.43620648309,7.436206482662,7.436206482462,7.436206482962,7.436206482962,7.43620648347,7.43620648347,7.43620648279,7.43620648286,7.43620648286,7.43620648286,7.43620648289,3.90994127286,3.90994127286,3.90994127239,0.62015917849,0.45685139447,0,0.4083910812,5.91387278669,5.91387278681,5.91387278681,5.91387278685,5.91387278675,5.91387278675,5.91387278669,5.91387278669,5.91387278669,5.91387278669,5.91387278679,5.91387278679,5.91387278679,5.91387278679,6.41371479209,6.41371479195,6.41371479195,6.41371479205,6.41371479205,6.41371479208,6.41371479208,6.41371479205,6.41371479199,6.41371479239,6.41371479169,6.41371479199,6.41371479199,6.41371479193,6.41371479193,6.41371479206,6.41371479206,6.41371479199,6.41371479209,6.41371479209,6.41371479199,6.41371479203,6.41371479204,6.41371479204,6.41371479249,6.41371479219,6.41371479219
"t69",7.43620648299,7.43620648299,7.43620648289,7.43620648289,7.43620648289,7.43620648289,7.43620648319,7.43620648299,7.43620648289,7.43620648289,7.43620648289,7.43620648301,7.436206483012,7.436206483012,7.43620648291,7.43620648301,7.43620648301,7.43620648295,7.43620648295,7.43620648299,7.43620648301,7.43620648301,7.43620648299,7.43620648299,7.43620648299,7.43620648299,7.43620648339,7.43620648339,7.43620648299,7.43620648289,7.43620648289,7.43620648289,7.43620648289,7.43620648289,7.4362064829,7.4362064829,7.43620648269,7.43620648269,7.43620648259,7.43620648259,7.43620648309,7.436206482662,7.436206482462,7.436206482962,7.436206482962,7.43620648347,7.43620648347,7.43620648279,7.43620648286,7.43620648286,7.43620648286,7.43620648289,3.90994127286,3.90994127286,3.90994127239,0.62015917849,0.45685139447,0.4083910812,0,5.91387278669,5.91387278681,5.91387278681,5.91387278685,5.91387278675,5.91387278675,5.91387278669,5.91387278669,5.91387278669,5.91387278669,5.91387278679,5.91387278679,5.91387278679,5.91387278679,6.41371479209,6.41371479195,6.41371479195,6.41371479205,6.41371479205,6.41371479208,6.41371479208,6.41371479205,6.41371479199,6.41371479239,6.41371479169,6.41371479199,6.41371479199,6.41371479193,6.41371479193,6.41371479206,6.41371479206,6.41371479199,6.41371479209,6.41371479209,6.41371479199,6.41371479203,6.41371479204,6.41371479204,6.41371479249,6.41371479219,6.41371479219
"t14",7.4362064831,7.4362064831,7.436206483,7.436206483,7.436206483,7.436206483,7.4362064833,7.4362064831,7.436206483,7.436206483,7.436206483,7.43620648312,7.436206483122,7.436206483122,7.43620648302,7.43620648312,7.43620648312,7.43620648306,7.43620648306,7.4362064831,7.43620648312,7.43620648312,7.4362064831,7.4362064831,7.4362064831,7.4362064831,7.4362064835,7.4362064835,7.4362064831,7.436206483,7.436206483,7.436206483,7.436206483,7.436206483,7.43620648301,7.43620648301,7.4362064828,7.4362064828,7.4362064827,7.4362064827,7.4362064832,7.436206482772,7.436206482572,7.436206483072,7.436206483072,7.43620648358,7.43620648358,7.4362064829,7.43620648297,7.43620648297,7.43620648297,7.436206483,5.91387278697,5.91387278697,5.9138727865,5.9138727866,5.91387278662,5.91387278669,5.91387278669,0,2.38654736812,2.38654736812,2.38654736816,2.38654736806,2.38654736806,4.2608924114,4.2608924114,4.2608924114,4.2608924114,4.2608924115,4.2608924115,4.2608924115,4.2608924115,6.4137147922,6.41371479206,6.41371479206,6.41371479216,6.41371479216,6.41371479219,6.41371479219,6.41371479216,6.4137147921,6.4137147925,6.4137147918,6.4137147921,6.4137147921,6.41371479204,6.41371479204,6.41371479217,6.41371479217,6.4137147921,6.4137147922,6.4137147922,6.4137147921,6.41371479214,6.41371479215,6.41371479215,6.4137147926,6.4137147923,6.4137147923
"t45",7.43620648322,7.43620648322,7.43620648312,7.43620648312,7.43620648312,7.43620648312,7.43620648342,7.43620648322,7.43620648312,7.43620648312,7.43620648312,7.43620648324,7.436206483242,7.436206483242,7.43620648314,7.43620648324,7.43620648324,7.43620648318,7.43620648318,7.43620648322,7.43620648324,7.43620648324,7.43620648322,7.43620648322,7.43620648322,7.43620648322,7.43620648362,7.43620648362,7.43620648322,7.43620648312,7.43620648312,7.43620648312,7.43620648312,7.43620648312,7.43620648313,7.43620648313,7.43620648292,7.43620648292,7.43620648282,7.43620648282,7.43620648332,7.436206482892,7.436206482692,7.436206483192,7.436206483192,7.4362064837,7.4362064837,7.43620648302,7.43620648309,7.43620648309,7.43620648309,7.43620648312,5.91387278709,5.91387278709,5.91387278662,5.91387278672,5.91387278674,5.91387278681,5.91387278681,2.38654736812,0,0.8981101546,1.07321480976,2.32072501886,2.32072501886,4.26089241152,4.26089241152,4.26089241152,4.26089241152,4.26089241162,4.26089241162,4.26089241162,4.26089241162,6.41371479232,6.41371479218,6.41371479218,6.41371479228,6.41371479228,6.41371479231,6.41371479231,6.41371479228,6.41371479222,6.41371479262,6.41371479192,6.41371479222,6.41371479222,6.41371479216,6.41371479216,6.41371479229,6.41371479229,6.41371479222,6.41371479232,6.41371479232,6.41371479222,6.41371479226,6.41371479227,6.41371479227,6.41371479272,6.41371479242,6.41371479242
"t46",7.43620648322,7.43620648322,7.43620648312,7.43620648312,7.43620648312,7.43620648312,7.43620648342,7.43620648322,7.43620648312,7.43620648312,7.43620648312,7.43620648324,7.436206483242,7.436206483242,7.43620648314,7.43620648324,7.43620648324,7.43620648318,7.43620648318,7.43620648322,7.43620648324,7.43620648324,7.43620648322,7.43620648322,7.43620648322,7.43620648322,7.43620648362,7.43620648362,7.43620648322,7.43620648312,7.43620648312,7.43620648312,7.43620648312,7.43620648312,7.43620648313,7.43620648313,7.43620648292,7.43620648292,7.43620648282,7.43620648282,7.43620648332,7.436206482892,7.436206482692,7.436206483192,7.436206483192,7.4362064837,7.4362064837,7.43620648302,7.43620648309,7.43620648309,7.43620648309,7.43620648312,5.91387278709,5.91387278709,5.91387278662,5.91387278672,5.91387278674,5.91387278681,5.91387278681,2.38654736812,0.8981101546,0,1.07321480976,2.32072501886,2.32072501886,4.26089241152,4.26089241152,4.26089241152,4.26089241152,4.26089241162,4.26089241162,4.26089241162,4.26089241162,6.41371479232,6.41371479218,6.41371479218,6.41371479228,6.41371479228,6.41371479231,6.41371479231,6.41371479228,6.41371479222,6.41371479262,6.41371479192,6.41371479222,6.41371479222,6.41371479216,6.41371479216,6.41371479229,6.41371479229,6.41371479222,6.41371479232,6.41371479232,6.41371479222,6.41371479226,6.41371479227,6.41371479227,6.41371479272,6.41371479242,6.41371479242
"t39",7.43620648326,7.43620648326,7.43620648316,7.43620648316,7.43620648316,7.43620648316,7.43620648346,7.43620648326,7.43620648316,7.43620648316,7.43620648316,7.43620648328,7.436206483282,7.436206483282,7.43620648318,7.43620648328,7.43620648328,7.43620648322,7.43620648322,7.43620648326,7.43620648328,7.43620648328,7.43620648326,7.43620648326,7.43620648326,7.43620648326,7.43620648366,7.43620648366,7.43620648326,7.43620648316,7.43620648316,7.43620648316,7.43620648316,7.43620648316,7.43620648317,7.43620648317,7.43620648296,7.43620648296,7.43620648286,7.43620648286,7.43620648336,7.436206482932,7.436206482732,7.436206483232,7.436206483232,7.43620648374,7.43620648374,7.43620648306,7.43620648313,7.43620648313,7.43620648313,7.43620648316,5.91387278713,5.91387278713,5.91387278666,5.91387278676,5.91387278678,5.91387278685,5.91387278685,2.38654736816,1.07321480976,1.07321480976,0,2.3207250189,2.3207250189,4.26089241156,4.26089241156,4.26089241156,4.26089241156,4.26089241166,4.26089241166,4.26089241166,4.26089241166,6.41371479236,6.41371479222,6.41371479222,6.41371479232,6.41371479232,6.41371479235,6.41371479235,6.41371479232,6.41371479226,6.41371479266,6.41371479196,6.41371479226,6.41371479226,6.4137147922,6.4137147922,6.41371479233,6.41371479233,6.41371479226,6.41371479236,6.41371479236,6.41371479226,6.4137147923,6.41371479231,6.41371479231,6.41371479276,6.41371479246,6.41371479246
"t35",7.43620648316,7.43620648316,7.43620648306,7.43620648306,7.43620648306,7.43620648306,7.43620648336,7.43620648316,7.43620648306,7.43620648306,7.43620648306,7.43620648318,7.436206483182,7.436206483182,7.43620648308,7.43620648318,7.43620648318,7.43620648312,7.43620648312,7.43620648316,7.43620648318,7.43620648318,7.43620648316,7.43620648316,7.43620648316,7.43620648316,7.43620648356,7.43620648356,7.43620648316,7.43620648306,7.43620648306,7.43620648306,7.43620648306,7.43620648306,7.43620648307,7.43620648307,7.43620648286,7.43620648286,7.43620648276,7.43620648276,7.43620648326,7.436206482832,7.436206482632,7.436206483132,7.436206483132,7.43620648364,7.43620648364,7.43620648296,7.43620648303,7.43620648303,7.43620648303,7.43620648306,5.91387278703,5.91387278703,5.91387278656,5.91387278666,5.91387278668,5.91387278675,5.91387278675,2.38654736806,2.32072501886,2.32072501886,2.3207250189,0,1.334065726,4.26089241146,4.26089241146,4.26089241146,4.26089241146,4.26089241156,4.26089241156,4.26089241156,4.26089241156,6.41371479226,6.41371479212,6.41371479212,6.41371479222,6.41371479222,6.41371479225,6.41371479225,6.41371479222,6.41371479216,6.41371479256,6.41371479186,6.41371479216,6.41371479216,6.4137147921,6.4137147921,6.41371479223,6.41371479223,6.41371479216,6.41371479226,6.41371479226,6.41371479216,6.4137147922,6.41371479221,6.41371479221,6.41371479266,6.41371479236,6.41371479236
"t36",7.43620648316,7.43620648316,7.43620648306,7.43620648306,7.43620648306,7.43620648306,7.43620648336,7.43620648316,7.43620648306,7.43620648306,7.43620648306,7.43620648318,7.436206483182,7.436206483182,7.43620648308,7.43620648318,7.43620648318,7.43620648312,7.43620648312,7.43620648316,7.43620648318,7.43620648318,7.43620648316,7.43620648316,7.43620648316,7.43620648316,7.43620648356,7.43620648356,7.43620648316,7.43620648306,7.43620648306,7.43620648306,7.43620648306,7.43620648306,7.43620648307,7.43620648307,7.43620648286,7.43620648286,7.43620648276,7.43620648276,7.43620648326,7.436206482832,7.436206482632,7.436206483132,7.436206483132,7.43620648364,7.43620648364,7.43620648296,7.43620648303,7.43620648303,7.43620648303,7.43620648306,5.91387278703,5.91387278703,5.91387278656,5.91387278666,5.91387278668,5.91387278675,5.91387278675,2.38654736806,2.32072501886,2.32072501886,2.3207250189,1.334065726,0,4.26089241146,4.26089241146,4.26089241146,4.26089241146,4.26089241156,4.26089241156,4.26089241156,4.26089241156,6.41371479226,6.41371479212,6.41371479212,6.41371479222,6.41371479222,6.41371479225,6.41371479225,6.41371479222,6.41371479216,6.41371479256,6.41371479186,6.41371479216,6.41371479216,6.4137147921,6.4137147921,6.41371479223,6.41371479223,6.41371479216,6.41371479226,6.41371479226,6.41371479216,6.4137147922,6.41371479221,6.41371479221,6.41371479266,6.41371479236,6.41371479236
"t30",7.4362064831,7.4362064831,7.436206483,7.436206483,7.436206483,7.436206483,7.4362064833,7.4362064831,7.436206483,7.436206483,7.436206483,7.43620648312,7.436206483122,7.436206483122,7.43620648302,7.43620648312,7.43620648312,7.43620648306,7.43620648306,7.4362064831,7.43620648312,7.43620648312,7.4362064831,7.4362064831,7.4362064831,7.4362064831,7.4362064835,7.4362064835,7.4362064831,7.436206483,7.436206483,7.436206483,7.436206483,7.436206483,7.43620648301,7.43620648301,7.4362064828,7.4362064828,7.4362064827,7.4362064827,7.4362064832,7.436206482772,7.436206482572,7.436206483072,7.436206483072,7.43620648358,7.43620648358,7.4362064829,7.43620648297,7.43620648297,7.43620648297,7.436206483,5.91387278697,5.91387278697,5.9138727865,5.9138727866,5.91387278662,5.91387278669,5.91387278669,4.2608924114,4.26089241152,4.26089241152,4.26089241156,4.26089241146,4.26089241146,0,1.5923472002,2.9716141828,2.9716141828,2.9716141829,2.9716141829,2.9716141829,2.9716141829,6.4137147922,6.41371479206,6.41371479206,6.41371479216,6.41371479216,6.41371479219,6.41371479219,6.41371479216,6.4137147921,6.4137147925,6.4137147918,6.4137147921,6.4137147921,6.41371479204,6.41371479204,6.41371479217,6.41371479217,6.4137147921,6.4137147922,6.4137147922,6.4137147921,6.41371479214,6.41371479215,6.41371479215,6.4137147926,6.4137147923,6.4137147923
"t31",7.4362064831,7.4362064831,7.436206483,7.436206483,7.436206483,7.436206483,7.4362064833,7.4362064831,7.436206483,7.436206483,7.436206483,7.43620648312,7.436206483122,7.436206483122,7.43620648302,7.43620648312,7.43620648312,7.43620648306,7.43620648306,7.4362064831,7.43620648312,7.43620648312,7.4362064831,7.4362064831,7.4362064831,7.4362064831,7.4362064835,7.4362064835,7.4362064831,7.436206483,7.436206483,7.436206483,7.436206483,7.436206483,7.43620648301,7.43620648301,7.4362064828,7.4362064828,7.4362064827,7.4362064827,7.4362064832,7.436206482772,7.436206482572,7.436206483072,7.436206483072,7.43620648358,7.43620648358,7.4362064829,7.43620648297,7.43620648297,7.43620648297,7.436206483,5.91387278697,5.91387278697,5.9138727865,5.9138727866,5.91387278662,5.91387278669,5.91387278669,4.2608924114,4.26089241152,4.26089241152,4.26089241156,4.26089241146,4.26089241146,1.5923472002,0,2.9716141828,2.9716141828,2.9716141829,2.9716141829,2.9716141829,2.9716141829,6.4137147922,6.41371479206,6.41371479206,6.41371479216,6.41371479216,6.41371479219,6.41371479219,6.41371479216,6.4137147921,6.4137147925,6.4137147918,6.4137147921,6.4137147921,6.41371479204,6.41371479204,6.41371479217,6.41371479217,6.4137147921,6.4137147922,6.4137147922,6.4137147921,6.41371479214,6.41371479215,6.41371479215,6.4137147926,6.4137147923,6.4137147923
"t25",7.4362064831,7.4362064831,7.436206483,7.436206483,7.436206483,7.436206483,7.4362064833,7.4362064831,7.436206483,7.436206483,7.436206483,7.43620648312,7.436206483122,7.436206483122,7.43620648302,7.43620648312,7.43620648312,7.43620648306,7.43620648306,7.4362064831,7.43620648312,7.43620648312,7.4362064831,7.4362064831,7.4362064831,7.4362064831,7.4362064835,7.4362064835,7.4362064831,7.436206483,7.436206483,7.436206483,7.436206483,7.436206483,7.43620648301,7.43620648301,7.4362064828,7.4362064828,7.4362064827,7.4362064827,7.4362064832,7.436206482772,7.436206482572,7.436206483072,7.436206483072,7.43620648358,7.43620648358,7.4362064829,7.43620648297,7.43620648297,7.43620648297,7.436206483,5.91387278697,5.91387278697,5.9138727865,5.9138727866,5.91387278662,5.91387278669,5.91387278669,4.2608924114,4.26089241152,4.26089241152,4.26089241156,4.26089241146,4.26089241146,2.9716141828,2.9716141828,0,1.6802464862,2.4002177975,2.4002177975,2.4002177975,2.4002177975,6.4137147922,6.41371479206,6.41371479206,6.41371479216,6.41371479216,6.41371479219,6.41371479219,6.41371479216,6.4137147921,6.4137147925,6.4137147918,6.4137147921,6.4137147921,6.41371479204,6.41371479204,6.41371479217,6.41371479217,6.4137147921,6.4137147922,6.4137147922,6.4137147921,6.41371479214,6.41371479215,6.41371479215,6.4137147926,6.4137147923,6.4137147923
"t26",7.4362064831,7.4362064831,7.436206483,7.436206483,7.436206483,7.436206483,7.4362064833,7.4362064831,7.436206483,7.436206483,7.436206483,7.43620648312,7.436206483122,7.436206483122,7.43620648302,7.43620648312,7.43620648312,7.43620648306,7.43620648306,7.4362064831,7.43620648312,7.43620648312,7.4362064831,7.4362064831,7.4362064831,7.4362064831,7.4362064835,7.4362064835,7.4362064831,7.436206483,7.436206483,7.436206483,7.436206483,7.436206483,7.43620648301,7.43620648301,7.4362064828,7.4362064828,7.4362064827,7.4362064827,7.4362064832,7.436206482772,7.436206482572,7.436206483072,7.436206483072,7.43620648358,7.43620648358,7.4362064829,7.43620648297,7.43620648297,7.43620648297,7.436206483,5.91387278697,5.91387278697,5.9138727865,5.9138727866,5.91387278662,5.91387278669,5.91387278669,4.2608924114,4.26089241152,4.26089241152,4.26089241156,4.26089241146,4.26089241146,2.9716141828,2.9716141828,1.6802464862,0,2.4002177975,2.4002177975,2.4002177975,2.4002177975,6.4137147922,6.41371479206,6.41371479206,6.41371479216,6.41371479216,6.41371479219,6.41371479219,6.41371479216,6.4137147921,6.4137147925,6.4137147918,6.4137147921,6.4137147921,6.41371479204,6.41371479204,6.41371479217,6.41371479217,6.4137147921,6.4137147922,6.4137147922,6.4137147921,6.41371479214,6.41371479215,6.41371479215,6.4137147926,6.4137147923,6.4137147923
"t18",7.4362064832,7.4362064832,7.4362064831,7.4362064831,7.4362064831,7.4362064831,7.4362064834,7.4362064832,7.4362064831,7.4362064831,7.4362064831,7.43620648322,7.436206483222,7.436206483222,7.43620648312,7.43620648322,7.43620648322,7.43620648316,7.43620648316,7.4362064832,7.43620648322,7.43620648322,7.4362064832,7.4362064832,7.4362064832,7.4362064832,7.4362064836,7.4362064836,7.4362064832,7.4362064831,7.4362064831,7.4362064831,7.4362064831,7.4362064831,7.43620648311,7.43620648311,7.4362064829,7.4362064829,7.4362064828,7.4362064828,7.4362064833,7.436206482872,7.436206482672,7.436206483172,7.436206483172,7.43620648368,7.43620648368,7.436206483,7.43620648307,7.43620648307,7.43620648307,7.4362064831,5.91387278707,5.91387278707,5.9138727866,5.9138727867,5.91387278672,5.91387278679,5.91387278679,4.2608924115,4.26089241162,4.26089241162,4.26089241166,4.26089241156,4.26089241156,2.9716141829,2.9716141829,2.4002177975,2.4002177975,0,2.077580866,2.077580866,2.077580866,6.4137147923,6.41371479216,6.41371479216,6.41371479226,6.41371479226,6.41371479229,6.41371479229,6.41371479226,6.4137147922,6.4137147926,6.4137147919,6.4137147922,6.4137147922,6.41371479214,6.41371479214,6.41371479227,6.41371479227,6.4137147922,6.4137147923,6.4137147923,6.4137147922,6.41371479224,6.41371479225,6.41371479225,6.4137147927,6.4137147924,6.4137147924
"t49",7.4362064832,7.4362064832,7.4362064831,7.4362064831,7.4362064831,7.4362064831,7.4362064834,7.4362064832,7.4362064831,7.4362064831,7.4362064831,7.43620648322,7.436206483222,7.436206483222,7.43620648312,7.43620648322,7.43620648322,7.43620648316,7.43620648316,7.4362064832,7.43620648322,7.43620648322,7.4362064832,7.4362064832,7.4362064832,7.4362064832,7.4362064836,7.4362064836,7.4362064832,7.4362064831,7.4362064831,7.4362064831,7.4362064831,7.4362064831,7.43620648311,7.43620648311,7.4362064829,7.4362064829,7.4362064828,7.4362064828,7.4362064833,7.436206482872,7.436206482672,7.436206483172,7.436206483172,7.43620648368,7.43620648368,7.436206483,7.43620648307,7.43620648307,7.43620648307,7.4362064831,5.91387278707,5.91387278707,5.9138727866,5.9138727867,5.91387278672,5.91387278679,5.91387278679,4.2608924115,4.26089241162,4.26089241162,4.26089241166,4.26089241156,4.26089241156,2.9716141829,2.9716141829,2.4002177975,2.4002177975,2.077580866,0,0.8676031974,0.8676031974,6.4137147923,6.41371479216,6.41371479216,6.41371479226,6.41371479226,6.41371479229,6.41371479229,6.41371479226,6.4137147922,6.4137147926,6.4137147919,6.4137147922,6.4137147922,6.41371479214,6.41371479214,6.41371479227,6.41371479227,6.4137147922,6.4137147923,6.4137147923,6.4137147922,6.41371479224,6.41371479225,6.41371479225,6.4137147927,6.4137147924,6.4137147924
"t77",7.4362064832,7.4362064832,7.4362064831,7.4362064831,7.4362064831,7.4362064831,7.4362064834,7.4362064832,7.4362064831,7.4362064831,7.4362064831,7.43620648322,7.436206483222,7.436206483222,7.43620648312,7.43620648322,7.43620648322,7.43620648316,7.43620648316,7.4362064832,7.43620648322,7.43620648322,7.4362064832,7.4362064832,7.4362064832,7.4362064832,7.4362064836,7.4362064836,7.4362064832,7.4362064831,7.4362064831,7.4362064831,7.4362064831,7.4362064831,7.43620648311,7.43620648311,7.4362064829,7.4362064829,7.4362064828,7.4362064828,7.4362064833,7.436206482872,7.436206482672,7.436206483172,7.436206483172,7.43620648368,7.43620648368,7.436206483,7.43620648307,7.43620648307,7.43620648307,7.4362064831,5.91387278707,5.91387278707,5.9138727866,5.9138727867,5.91387278672,5.91387278679,5.91387278679,4.2608924115,4.26089241162,4.26089241162,4.26089241166,4.26089241156,4.26089241156,2.9716141829,2.9716141829,2.4002177975,2.4002177975,2.077580866,0.8676031974,0,0.2934480586,6.4137147923,6.41371479216,6.41371479216,6.41371479226,6.41371479226,6.41371479229,6.41371479229,6.41371479226,6.4137147922,6.4137147926,6.4137147919,6.4137147922,6.4137147922,6.41371479214,6.41371479214,6.41371479227,6.41371479227,6.4137147922,6.4137147923,6.4137147923,6.4137147922,6.41371479224,6.41371479225,6.41371479225,6.4137147927,6.4137147924,6.4137147924
"t78",7.4362064832,7.4362064832,7.4362064831,7.4362064831,7.4362064831,7.4362064831,7.4362064834,7.4362064832,7.4362064831,7.4362064831,7.4362064831,7.43620648322,7.436206483222,7.436206483222,7.43620648312,7.43620648322,7.43620648322,7.43620648316,7.43620648316,7.4362064832,7.43620648322,7.43620648322,7.4362064832,7.4362064832,7.4362064832,7.4362064832,7.4362064836,7.4362064836,7.4362064832,7.4362064831,7.4362064831,7.4362064831,7.4362064831,7.4362064831,7.43620648311,7.43620648311,7.4362064829,7.4362064829,7.4362064828,7.4362064828,7.4362064833,7.436206482872,7.436206482672,7.436206483172,7.436206483172,7.43620648368,7.43620648368,7.436206483,7.43620648307,7.43620648307,7.43620648307,7.4362064831,5.91387278707,5.91387278707,5.9138727866,5.9138727867,5.91387278672,5.91387278679,5.91387278679,4.2608924115,4.26089241162,4.26089241162,4.26089241166,4.26089241156,4.26089241156,2.9716141829,2.9716141829,2.4002177975,2.4002177975,2.077580866,0.8676031974,0.2934480586,0,6.4137147923,6.41371479216,6.41371479216,6.41371479226,6.41371479226,6.41371479229,6.41371479229,6.41371479226,6.4137147922,6.4137147926,6.4137147919,6.4137147922,6.4137147922,6.41371479214,6.41371479214,6.41371479227,6.41371479227,6.4137147922,6.4137147923,6.4137147923,6.4137147922,6.41371479224,6.41371479225,6.41371479225,6.4137147927,6.4137147924,6.4137147924
"t11",7.4362064829,7.4362064829,7.4362064828,7.4362064828,7.4362064828,7.4362064828,7.4362064831,7.4362064829,7.4362064828,7.4362064828,7.4362064828,7.43620648292,7.436206482922,7.436206482922,7.43620648282,7.43620648292,7.43620648292,7.43620648286,7.43620648286,7.4362064829,7.43620648292,7.43620648292,7.4362064829,7.4362064829,7.4362064829,7.4362064829,7.4362064833,7.4362064833,7.4362064829,7.4362064828,7.4362064828,7.4362064828,7.4362064828,7.4362064828,7.43620648281,7.43620648281,7.4362064826,7.4362064826,7.4362064825,7.4362064825,7.436206483,7.436206482572,7.436206482372,7.436206482872,7.436206482872,7.43620648338,7.43620648338,7.4362064827,7.43620648277,7.43620648277,7.43620648277,7.4362064828,6.41371479237,6.41371479237,6.4137147919,6.413714792,6.41371479202,6.41371479209,6.41371479209,6.4137147922,6.41371479232,6.41371479232,6.41371479236,6.41371479226,6.41371479226,6.4137147922,6.4137147922,6.4137147922,6.4137147922,6.4137147923,6.4137147923,6.4137147923,6.4137147923,0,2.54186285586,2.54186285586,2.54186285596,2.54186285596,2.54186285599,2.54186285599,2.54186285596,3.4841769359,3.4841769363,3.4841769356,3.4841769359,3.4841769359,3.48417693584,3.48417693584,3.48417693597,3.48417693597,3.4841769359,3.484176936,3.484176936,3.4841769359,3.48417693594,3.48417693595,3.48417693595,3.8599624004,3.8599624001,3.8599624001
"t53",7.43620648276,7.43620648276,7.43620648266,7.43620648266,7.43620648266,7.43620648266,7.43620648296,7.43620648276,7.43620648266,7.43620648266,7.43620648266,7.43620648278,7.436206482782,7.436206482782,7.43620648268,7.43620648278,7.43620648278,7.43620648272,7.43620648272,7.43620648276,7.43620648278,7.43620648278,7.43620648276,7.43620648276,7.43620648276,7.43620648276,7.43620648316,7.43620648316,7.43620648276,7.43620648266,7.43620648266,7.43620648266,7.43620648266,7.43620648266,7.43620648267,7.43620648267,7.43620648246,7.43620648246,7.43620648236,7.43620648236,7.43620648286,7.436206482432,7.436206482232,7.436206482732,7.436206482732,7.43620648324,7.43620648324,7.43620648256,7.43620648263,7.43620648263,7.43620648263,7.43620648266,6.41371479223,6.41371479223,6.41371479176,6.41371479186,6.41371479188,6.41371479195,6.41371479195,6.41371479206,6.41371479218,6.41371479218,6.41371479222,6.41371479212,6.41371479212,6.41371479206,6.41371479206,6.41371479206,6.41371479206,6.41371479216,6.41371479216,6.41371479216,6.41371479216,2.54186285586,0,0.730178703,2.1060727717,2.1060727717,2.47555877533,2.47555877533,2.4755587753,3.48417693576,3.48417693616,3.48417693546,3.48417693576,3.48417693576,3.4841769357,3.4841769357,3.48417693583,3.48417693583,3.48417693576,3.48417693586,3.48417693586,3.48417693576,3.4841769358,3.48417693581,3.48417693581,3.85996240026,3.85996239996,3.85996239996
"t54",7.43620648276,7.43620648276,7.43620648266,7.43620648266,7.43620648266,7.43620648266,7.43620648296,7.43620648276,7.43620648266,7.43620648266,7.43620648266,7.43620648278,7.436206482782,7.436206482782,7.43620648268,7.43620648278,7.43620648278,7.43620648272,7.43620648272,7.43620648276,7.43620648278,7.43620648278,7.43620648276,7.43620648276,7.43620648276,7.43620648276,7.43620648316,7.43620648316,7.43620648276,7.43620648266,7.43620648266,7.43620648266,7.43620648266,7.43620648266,7.43620648267,7.43620648267,7.43620648246,7.43620648246,7.43620648236,7.43620648236,7.43620648286,7.436206482432,7.436206482232,7.436206482732,7.436206482732,7.43620648324,7.43620648324,7.43620648256,7.43620648263,7.43620648263,7.43620648263,7.43620648266,6.41371479223,6.41371479223,6.41371479176,6.41371479186,6.41371479188,6.41371479195,6.41371479195,6.41371479206,6.41371479218,6.41371479218,6.41371479222,6.41371479212,6.41371479212,6.41371479206,6.41371479206,6.41371479206,6.41371479206,6.41371479216,6.41371479216,6.41371479216,6.41371479216,2.54186285586,0.730178703,0,2.1060727717,2.1060727717,2.47555877533,2.47555877533,2.4755587753,3.48417693576,3.48417693616,3.48417693546,3.48417693576,3.48417693576,3.4841769357,3.4841769357,3.48417693583,3.48417693583,3.48417693576,3.48417693586,3.48417693586,3.48417693576,3.4841769358,3.48417693581,3.48417693581,3.85996240026,3.85996239996,3.85996239996
"t80",7.43620648286,7.43620648286,7.43620648276,7.43620648276,7.43620648276,7.43620648276,7.43620648306,7.43620648286,7.43620648276,7.43620648276,7.43620648276,7.43620648288,7.436206482882,7.436206482882,7.43620648278,7.43620648288,7.43620648288,7.43620648282,7.43620648282,7.43620648286,7.43620648288,7.43620648288,7.43620648286,7.43620648286,7.43620648286,7.43620648286,7.43620648326,7.43620648326,7.43620648286,7.43620648276,7.43620648276,7.43620648276,7.43620648276,7.43620648276,7.43620648277,7.43620648277,7.43620648256,7.43620648256,7.43620648246,7.43620648246,7.43620648296,7.436206482532,7.436206482332,7.436206482832,7.436206482832,7.43620648334,7.43620648334,7.43620648266,7.43620648273,7.43620648273,7.43620648273,7.43620648276,6.41371479233,6.41371479233,6.41371479186,6.41371479196,6.41371479198,6.41371479205,6.41371479205,6.41371479216,6.41371479228,6.41371479228,6.41371479232,6.41371479222,6.41371479222,6.41371479216,6.41371479216,6.41371479216,6.41371479216,6.41371479226,6.41371479226,6.41371479226,6.41371479226,2.54186285596,2.1060727717,2.1060727717,0,0.2450693924,2.47555877543,2.47555877543,2.4755587754,3.48417693586,3.48417693626,3.48417693556,3.48417693586,3.48417693586,3.4841769358,3.4841769358,3.48417693593,3.48417693593,3.48417693586,3.48417693596,3.48417693596,3.48417693586,3.4841769359,3.48417693591,3.48417693591,3.85996240036,3.85996240006,3.85996240006
"t81",7.43620648286,7.43620648286,7.43620648276,7.43620648276,7.43620648276,7.43620648276,7.43620648306,7.43620648286,7.43620648276,7.43620648276,7.43620648276,7.43620648288,7.436206482882,7.436206482882,7.43620648278,7.43620648288,7.43620648288,7.43620648282,7.43620648282,7.43620648286,7.43620648288,7.43620648288,7.43620648286,7.43620648286,7.43620648286,7.43620648286,7.43620648326,7.43620648326,7.43620648286,7.43620648276,7.43620648276,7.43620648276,7.43620648276,7.43620648276,7.43620648277,7.43620648277,7.43620648256,7.43620648256,7.43620648246,7.43620648246,7.43620648296,7.436206482532,7.436206482332,7.436206482832,7.436206482832,7.43620648334,7.43620648334,7.43620648266,7.43620648273,7.43620648273,7.43620648273,7.43620648276,6.41371479233,6.41371479233,6.41371479186,6.41371479196,6.41371479198,6.41371479205,6.41371479205,6.41371479216,6.41371479228,6.41371479228,6.41371479232,6.41371479222,6.41371479222,6.41371479216,6.41371479216,6.41371479216,6.41371479216,6.41371479226,6.41371479226,6.41371479226,6.41371479226,2.54186285596,2.1060727717,2.1060727717,0.2450693924,0,2.47555877543,2.47555877543,2.4755587754,3.48417693586,3.48417693626,3.48417693556,3.48417693586,3.48417693586,3.4841769358,3.4841769358,3.48417693593,3.48417693593,3.48417693586,3.48417693596,3.48417693596,3.48417693586,3.4841769359,3.48417693591,3.48417693591,3.85996240036,3.85996240006,3.85996240006
"t91",7.43620648289,7.43620648289,7.43620648279,7.43620648279,7.43620648279,7.43620648279,7.43620648309,7.43620648289,7.43620648279,7.43620648279,7.43620648279,7.43620648291,7.436206482912,7.436206482912,7.43620648281,7.43620648291,7.43620648291,7.43620648285,7.43620648285,7.43620648289,7.43620648291,7.43620648291,7.43620648289,7.43620648289,7.43620648289,7.43620648289,7.43620648329,7.43620648329,7.43620648289,7.43620648279,7.43620648279,7.43620648279,7.43620648279,7.43620648279,7.4362064828,7.4362064828,7.43620648259,7.43620648259,7.43620648249,7.43620648249,7.43620648299,7.436206482562,7.436206482362,7.436206482862,7.436206482862,7.43620648337,7.43620648337,7.43620648269,7.43620648276,7.43620648276,7.43620648276,7.43620648279,6.41371479236,6.41371479236,6.41371479189,6.41371479199,6.41371479201,6.41371479208,6.41371479208,6.41371479219,6.41371479231,6.41371479231,6.41371479235,6.41371479225,6.41371479225,6.41371479219,6.41371479219,6.41371479219,6.41371479219,6.41371479229,6.41371479229,6.41371479229,6.41371479229,2.54186285599,2.47555877533,2.47555877533,2.47555877543,2.47555877543,0,0.16365775906,1.60352451283,3.48417693589,3.48417693629,3.48417693559,3.48417693589,3.48417693589,3.48417693583,3.48417693583,3.48417693596,3.48417693596,3.48417693589,3.48417693599,3.48417693599,3.48417693589,3.48417693593,3.48417693594,3.48417693594,3.85996240039,3.85996240009,3.85996240009
"t92",7.43620648289,7.43620648289,7.43620648279,7.43620648279,7.43620648279,7.43620648279,7.43620648309,7.43620648289,7.43620648279,7.43620648279,7.43620648279,7.43620648291,7.436206482912,7.436206482912,7.43620648281,7.43620648291,7.43620648291,7.43620648285,7.43620648285,7.43620648289,7.43620648291,7.43620648291,7.43620648289,7.43620648289,7.43620648289,7.43620648289,7.43620648329,7.43620648329,7.43620648289,7.43620648279,7.43620648279,7.43620648279,7.43620648279,7.43620648279,7.4362064828,7.4362064828,7.43620648259,7.43620648259,7.43620648249,7.43620648249,7.43620648299,7.436206482562,7.436206482362,7.436206482862,7.436206482862,7.43620648337,7.43620648337,7.43620648269,7.43620648276,7.43620648276,7.43620648276,7.43620648279,6.41371479236,6.41371479236,6.41371479189,6.41371479199,6.41371479201,6.41371479208,6.41371479208,6.41371479219,6.41371479231,6.41371479231,6.41371479235,6.41371479225,6.41371479225,6.41371479219,6.41371479219,6.41371479219,6.41371479219,6.41371479229,6.41371479229,6.41371479229,6.41371479229,2.54186285599,2.47555877533,2.47555877533,2.47555877543,2.47555877543,0.16365775906,0,1.60352451283,3.48417693589,3.48417693629,3.48417693559,3.48417693589,3.48417693589,3.48417693583,3.48417693583,3.48417693596,3.48417693596,3.48417693589,3.48417693599,3.48417693599,3.48417693589,3.48417693593,3.48417693594,3.48417693594,3.85996240039,3.85996240009,3.85996240009
"t29",7.43620648286,7.43620648286,7.43620648276,7.43620648276,7.43620648276,7.43620648276,7.43620648306,7.43620648286,7.43620648276,7.43620648276,7.43620648276,7.43620648288,7.436206482882,7.436206482882,7.43620648278,7.43620648288,7.43620648288,7.43620648282,7.43620648282,7.43620648286,7.43620648288,7.43620648288,7.43620648286,7.43620648286,7.43620648286,7.43620648286,7.43620648326,7.43620648326,7.43620648286,7.43620648276,7.43620648276,7.43620648276,7.43620648276,7.43620648276,7.43620648277,7.43620648277,7.43620648256,7.43620648256,7.43620648246,7.43620648246,7.43620648296,7.436206482532,7.436206482332,7.436206482832,7.436206482832,7.43620648334,7.43620648334,7.43620648266,7.43620648273,7.43620648273,7.43620648273,7.43620648276,6.41371479233,6.41371479233,6.41371479186,6.41371479196,6.41371479198,6.41371479205,6.41371479205,6.41371479216,6.41371479228,6.41371479228,6.41371479232,6.41371479222,6.41371479222,6.41371479216,6.41371479216,6.41371479216,6.41371479216,6.41371479226,6.41371479226,6.41371479226,6.41371479226,2.54186285596,2.4755587753,2.4755587753,2.4755587754,2.4755587754,1.60352451283,1.60352451283,0,3.48417693586,3.48417693626,3.48417693556,3.48417693586,3.48417693586,3.4841769358,3.4841769358,3.48417693593,3.48417693593,3.48417693586,3.48417693596,3.48417693596,3.48417693586,3.4841769359,3.48417693591,3.48417693591,3.85996240036,3.85996240006,3.85996240006
"t6",7.4362064828,7.4362064828,7.4362064827,7.4362064827,7.4362064827,7.4362064827,7.436206483,7.4362064828,7.4362064827,7.4362064827,7.4362064827,7.43620648282,7.436206482822,7.436206482822,7.43620648272,7.43620648282,7.43620648282,7.43620648276,7.43620648276,7.4362064828,7.43620648282,7.43620648282,7.4362064828,7.4362064828,7.4362064828,7.4362064828,7.4362064832,7.4362064832,7.4362064828,7.4362064827,7.4362064827,7.4362064827,7.4362064827,7.4362064827,7.43620648271,7.43620648271,7.4362064825,7.4362064825,7.4362064824,7.4362064824,7.4362064829,7.436206482472,7.436206482272,7.436206482772,7.436206482772,7.43620648328,7.43620648328,7.4362064826,7.43620648267,7.43620648267,7.43620648267,7.4362064827,6.41371479227,6.41371479227,6.4137147918,6.4137147919,6.41371479192,6.41371479199,6.41371479199,6.4137147921,6.41371479222,6.41371479222,6.41371479226,6.41371479216,6.41371479216,6.4137147921,6.4137147921,6.4137147921,6.4137147921,6.4137147922,6.4137147922,6.4137147922,6.4137147922,3.4841769359,3.48417693576,3.48417693576,3.48417693586,3.48417693586,3.48417693589,3.48417693589,3.48417693586,0,2.9883463964,2.9883463957,2.988346396,2.988346396,2.98834639594,2.98834639594,2.98834639607,2.98834639607,2.988346396,2.9883463961,2.9883463961,2.988346396,2.98834639604,2.98834639605,2.98834639605,3.8599624003,3.8599624,3.8599624
"t13",7.4362064832,7.4362064832,7.4362064831,7.4362064831,7.4362064831,7.4362064831,7.4362064834,7.4362064832,7.4362064831,7.4362064831,7.4362064831,7.43620648322,7.436206483222,7.436206483222,7.43620648312,7.43620648322,7.43620648322,7.43620648316,7.43620648316,7.4362064832,7.43620648322,7.43620648322,7.4362064832,7.4362064832,7.4362064832,7.4362064832,7.4362064836,7.4362064836,7.4362064832,7.4362064831,7.4362064831,7.4362064831,7.4362064831,7.4362064831,7.43620648311,7.43620648311,7.4362064829,7.4362064829,7.4362064828,7.4362064828,7.4362064833,7.436206482872,7.436206482672,7.436206483172,7.436206483172,7.43620648368,7.43620648368,7.436206483,7.43620648307,7.43620648307,7.43620648307,7.4362064831,6.41371479267,6.41371479267,6.4137147922,6.4137147923,6.41371479232,6.41371479239,6.41371479239,6.4137147925,6.41371479262,6.41371479262,6.41371479266,6.41371479256,6.41371479256,6.4137147925,6.4137147925,6.4137147925,6.4137147925,6.4137147926,6.4137147926,6.4137147926,6.4137147926,3.4841769363,3.48417693616,3.48417693616,3.48417693626,3.48417693626,3.48417693629,3.48417693629,3.48417693626,2.9883463964,0,2.4168843633,2.4168843636,2.4168843636,2.41688436354,2.41688436354,2.41688436367,2.41688436367,2.4168843636,2.4168843637,2.4168843637,2.4168843636,2.41688436364,2.41688436365,2.41688436365,3.8599624007,3.8599624004,3.8599624004
"t15",7.4362064825,7.4362064825,7.4362064824,7.4362064824,7.4362064824,7.4362064824,7.4362064827,7.4362064825,7.4362064824,7.4362064824,7.4362064824,7.43620648252,7.436206482522,7.436206482522,7.43620648242,7.43620648252,7.43620648252,7.43620648246,7.43620648246,7.4362064825,7.43620648252,7.43620648252,7.4362064825,7.4362064825,7.4362064825,7.4362064825,7.4362064829,7.4362064829,7.4362064825,7.4362064824,7.4362064824,7.4362064824,7.4362064824,7.4362064824,7.43620648241,7.43620648241,7.4362064822,7.4362064822,7.4362064821,7.4362064821,7.4362064826,7.436206482172,7.436206481972,7.436206482472,7.436206482472,7.43620648298,7.43620648298,7.4362064823,7.43620648237,7.43620648237,7.43620648237,7.4362064824,6.41371479197,6.41371479197,6.4137147915,6.4137147916,6.41371479162,6.41371479169,6.41371479169,6.4137147918,6.41371479192,6.41371479192,6.41371479196,6.41371479186,6.41371479186,6.4137147918,6.4137147918,6.4137147918,6.4137147918,6.4137147919,6.4137147919,6.4137147919,6.4137147919,3.4841769356,3.48417693546,3.48417693546,3.48417693556,3.48417693556,3.48417693559,3.48417693559,3.48417693556,2.9883463957,2.4168843633,0,2.1875572143,2.1875572143,2.18755721424,2.18755721424,2.18755721437,2.18755721437,2.1875572143,2.1875572144,2.1875572144,2.1875572143,2.18755721434,2.18755721435,2.18755721435,3.8599624,3.8599623997,3.8599623997
"t57",7.4362064828,7.4362064828,7.4362064827,7.4362064827,7.4362064827,7.4362064827,7.436206483,7.4362064828,7.4362064827,7.4362064827,7.4362064827,7.43620648282,7.436206482822,7.436206482822,7.43620648272,7.43620648282,7.43620648282,7.43620648276,7.43620648276,7.4362064828,7.43620648282,7.43620648282,7.4362064828,7.4362064828,7.4362064828,7.4362064828,7.4362064832,7.4362064832,7.4362064828,7.4362064827,7.4362064827,7.4362064827,7.4362064827,7.4362064827,7.43620648271,7.43620648271,7.4362064825,7.4362064825,7.4362064824,7.4362064824,7.4362064829,7.436206482472,7.436206482272,7.436206482772,7.436206482772,7.43620648328,7.43620648328,7.4362064826,7.43620648267,7.43620648267,7.43620648267,7.4362064827,6.41371479227,6.41371479227,6.4137147918,6.4137147919,6.41371479192,6.41371479199,6.41371479199,6.4137147921,6.41371479222,6.41371479222,6.41371479226,6.41371479216,6.41371479216,6.4137147921,6.4137147921,6.4137147921,6.4137147921,6.4137147922,6.4137147922,6.4137147922,6.4137147922,3.4841769359,3.48417693576,3.48417693576,3.48417693586,3.48417693586,3.48417693589,3.48417693589,3.48417693586,2.988346396,2.4168843636,2.1875572143,0,0.6785086222,0.67850862214,0.67850862214,1.56741552967,1.56741552967,1.5674155296,1.9175392611,1.9175392611,1.917539261,1.91753926104,1.91753926105,1.91753926105,3.8599624003,3.8599624,3.8599624
"t72",7.4362064828,7.4362064828,7.4362064827,7.4362064827,7.4362064827,7.4362064827,7.436206483,7.4362064828,7.4362064827,7.4362064827,7.4362064827,7.43620648282,7.436206482822,7.436206482822,7.43620648272,7.43620648282,7.43620648282,7.43620648276,7.43620648276,7.4362064828,7.43620648282,7.43620648282,7.4362064828,7.4362064828,7.4362064828,7.4362064828,7.4362064832,7.4362064832,7.4362064828,7.4362064827,7.4362064827,7.4362064827,7.4362064827,7.4362064827,7.43620648271,7.43620648271,7.4362064825,7.4362064825,7.4362064824,7.4362064824,7.4362064829,7.436206482472,7.436206482272,7.436206482772,7.436206482772,7.43620648328,7.43620648328,7.4362064826,7.43620648267,7.43620648267,7.43620648267,7.4362064827,6.41371479227,6.41371479227,6.4137147918,6.4137147919,6.41371479192,6.41371479199,6.41371479199,6.4137147921,6.41371479222,6.41371479222,6.41371479226,6.41371479216,6.41371479216,6.4137147921,6.4137147921,6.4137147921,6.4137147921,6.4137147922,6.4137147922,6.4137147922,6.4137147922,3.4841769359,3.48417693576,3.48417693576,3.48417693586,3.48417693586,3.48417693589,3.48417693589,3.48417693586,2.988346396,2.4168843636,2.1875572143,0.6785086222,0,0.34998610214,0.34998610214,1.56741552967,1.56741552967,1.5674155296,1.9175392611,1.9175392611,1.917539261,1.91753926104,1.91753926105,1.91753926105,3.8599624003,3.8599624,3.8599624
"t87",7.43620648274,7.43620648274,7.43620648264,7.43620648264,7.43620648264,7.43620648264,7.43620648294,7.43620648274,7.43620648264,7.43620648264,7.43620648264,7.43620648276,7.436206482762,7.436206482762,7.43620648266,7.43620648276,7.43620648276,7.4362064827,7.4362064827,7.43620648274,7.43620648276,7.43620648276,7.43620648274,7.43620648274,7.43620648274,7.43620648274,7.43620648314,7.43620648314,7.43620648274,7.43620648264,7.43620648264,7.43620648264,7.43620648264,7.43620648264,7.43620648265,7.43620648265,7.43620648244,7.43620648244,7.43620648234,7.43620648234,7.43620648284,7.436206482412,7.436206482212,7.436206482712,7.436206482712,7.43620648322,7.43620648322,7.43620648254,7.43620648261,7.43620648261,7.43620648261,7.43620648264,6.41371479221,6.41371479221,6.41371479174,6.41371479184,6.41371479186,6.41371479193,6.41371479193,6.41371479204,6.41371479216,6.41371479216,6.4137147922,6.4137147921,6.4137147921,6.41371479204,6.41371479204,6.41371479204,6.41371479204,6.41371479214,6.41371479214,6.41371479214,6.41371479214,3.48417693584,3.4841769357,3.4841769357,3.4841769358,3.4841769358,3.48417693583,3.48417693583,3.4841769358,2.98834639594,2.41688436354,2.18755721424,0.67850862214,0.34998610214,0,0.2152496402,1.56741552961,1.56741552961,1.56741552954,1.91753926104,1.91753926104,1.91753926094,1.91753926098,1.91753926099,1.91753926099,3.85996240024,3.85996239994,3.85996239994
"t88",7.43620648274,7.43620648274,7.43620648264,7.43620648264,7.43620648264,7.43620648264,7.43620648294,7.43620648274,7.43620648264,7.43620648264,7.43620648264,7.43620648276,7.436206482762,7.436206482762,7.43620648266,7.43620648276,7.43620648276,7.4362064827,7.4362064827,7.43620648274,7.43620648276,7.43620648276,7.43620648274,7.43620648274,7.43620648274,7.43620648274,7.43620648314,7.43620648314,7.43620648274,7.43620648264,7.43620648264,7.43620648264,7.43620648264,7.43620648264,7.43620648265,7.43620648265,7.43620648244,7.43620648244,7.43620648234,7.43620648234,7.43620648284,7.436206482412,7.436206482212,7.436206482712,7.436206482712,7.43620648322,7.43620648322,7.43620648254,7.43620648261,7.43620648261,7.43620648261,7.43620648264,6.41371479221,6.41371479221,6.41371479174,6.41371479184,6.41371479186,6.41371479193,6.41371479193,6.41371479204,6.41371479216,6.41371479216,6.4137147922,6.4137147921,6.4137147921,6.41371479204,6.41371479204,6.41371479204,6.41371479204,6.41371479214,6.41371479214,6.41371479214,6.41371479214,3.48417693584,3.4841769357,3.4841769357,3.4841769358,3.4841769358,3.48417693583,3.48417693583,3.4841769358,2.98834639594,2.41688436354,2.18755721424,0.67850862214,0.34998610214,0.2152496402,0,1.56741552961,1.56741552961,1.56741552954,1.91753926104,1.91753926104,1.91753926094,1.91753926098,1.91753926099,1.91753926099,3.85996240024,3.85996239994,3.85996239994
"t99",7.43620648287,7.43620648287,7.43620648277,7.43620648277,7.43620648277,7.43620648277,7.43620648307,7.43620648287,7.43620648277,7.43620648277,7.43620648277,7.43620648289,7.436206482892,7.436206482892,7.43620648279,7.43620648289,7.43620648289,7.43620648283,7.43620648283,7.43620648287,7.43620648289,7.43620648289,7.43620648287,7.43620648287,7.43620648287,7.43620648287,7.43620648327,7.43620648327,7.43620648287,7.43620648277,7.43620648277,7.43620648277,7.43620648277,7.43620648277,7.43620648278,7.43620648278,7.43620648257,7.43620648257,7.43620648247,7.43620648247,7.43620648297,7.436206482542,7.436206482342,7.436206482842,7.436206482842,7.43620648335,7.43620648335,7.43620648267,7.43620648274,7.43620648274,7.43620648274,7.43620648277,6.41371479234,6.41371479234,6.41371479187,6.41371479197,6.41371479199,6.41371479206,6.41371479206,6.41371479217,6.41371479229,6.41371479229,6.41371479233,6.41371479223,6.41371479223,6.41371479217,6.41371479217,6.41371479217,6.41371479217,6.41371479227,6.41371479227,6.41371479227,6.41371479227,3.48417693597,3.48417693583,3.48417693583,3.48417693593,3.48417693593,3.48417693596,3.48417693596,3.48417693593,2.98834639607,2.41688436367,2.18755721437,1.56741552967,1.56741552967,1.56741552961,1.56741552961,0,0.03443058414,0.58037608747,1.91753926117,1.91753926117,1.91753926107,1.91753926111,1.91753926112,1.91753926112,3.85996240037,3.85996240007,3.85996240007
"t100",7.43620648287,7.43620648287,7.43620648277,7.43620648277,7.43620648277,7.43620648277,7.43620648307,7.43620648287,7.43620648277,7.43620648277,7.43620648277,7.43620648289,7.436206482892,7.436206482892,7.43620648279,7.43620648289,7.43620648289,7.43620648283,7.43620648283,7.43620648287,7.43620648289,7.43620648289,7.43620648287,7.43620648287,7.43620648287,7.43620648287,7.43620648327,7.43620648327,7.43620648287,7.43620648277,7.43620648277,7.43620648277,7.43620648277,7.43620648277,7.43620648278,7.43620648278,7.43620648257,7.43620648257,7.43620648247,7.43620648247,7.43620648297,7.436206482542,7.436206482342,7.436206482842,7.436206482842,7.43620648335,7.43620648335,7.43620648267,7.43620648274,7.43620648274,7.43620648274,7.43620648277,6.41371479234,6.41371479234,6.41371479187,6.41371479197,6.41371479199,6.41371479206,6.41371479206,6.41371479217,6.41371479229,6.41371479229,6.41371479233,6.41371479223,6.41371479223,6.41371479217,6.41371479217,6.41371479217,6.41371479217,6.41371479227,6.41371479227,6.41371479227,6.41371479227,3.48417693597,3.48417693583,3.48417693583,3.48417693593,3.48417693593,3.48417693596,3.48417693596,3.48417693593,2.98834639607,2.41688436367,2.18755721437,1.56741552967,1.56741552967,1.56741552961,1.56741552961,0.03443058414,0,0.58037608747,1.91753926117,1.91753926117,1.91753926107,1.91753926111,1.91753926112,1.91753926112,3.85996240037,3.85996240007,3.85996240007
"t61",7.4362064828,7.4362064828,7.4362064827,7.4362064827,7.4362064827,7.4362064827,7.436206483,7.4362064828,7.4362064827,7.4362064827,7.4362064827,7.43620648282,7.436206482822,7.436206482822,7.43620648272,7.43620648282,7.43620648282,7.43620648276,7.43620648276,7.4362064828,7.43620648282,7.43620648282,7.4362064828,7.4362064828,7.4362064828,7.4362064828,7.4362064832,7.4362064832,7.4362064828,7.4362064827,7.4362064827,7.4362064827,7.4362064827,7.4362064827,7.43620648271,7.43620648271,7.4362064825,7.4362064825,7.4362064824,7.4362064824,7.4362064829,7.436206482472,7.436206482272,7.436206482772,7.436206482772,7.43620648328,7.43620648328,7.4362064826,7.43620648267,7.43620648267,7.43620648267,7.4362064827,6.41371479227,6.41371479227,6.4137147918,6.4137147919,6.41371479192,6.41371479199,6.41371479199,6.4137147921,6.41371479222,6.41371479222,6.41371479226,6.41371479216,6.41371479216,6.4137147921,6.4137147921,6.4137147921,6.4137147921,6.4137147922,6.4137147922,6.4137147922,6.4137147922,3.4841769359,3.48417693576,3.48417693576,3.48417693586,3.48417693586,3.48417693589,3.48417693589,3.48417693586,2.988346396,2.4168843636,2.1875572143,1.5674155296,1.5674155296,1.56741552954,1.56741552954,0.58037608747,0.58037608747,0,1.9175392611,1.9175392611,1.917539261,1.91753926104,1.91753926105,1.91753926105,3.8599624003,3.8599624,3.8599624
"t43",7.4362064829,7.4362064829,7.4362064828,7.4362064828,7.4362064828,7.4362064828,7.4362064831,7.4362064829,7.4362064828,7.4362064828,7.4362064828,7.43620648292,7.436206482922,7.436206482922,7.43620648282,7.43620648292,7.43620648292,7.43620648286,7.43620648286,7.4362064829,7.43620648292,7.43620648292,7.4362064829,7.4362064829,7.4362064829,7.4362064829,7.4362064833,7.4362064833,7.4362064829,7.4362064828,7.4362064828,7.4362064828,7.4362064828,7.4362064828,7.43620648281,7.43620648281,7.4362064826,7.4362064826,7.4362064825,7.4362064825,7.436206483,7.436206482572,7.436206482372,7.436206482872,7.436206482872,7.43620648338,7.43620648338,7.4362064827,7.43620648277,7.43620648277,7.43620648277,7.4362064828,6.41371479237,6.41371479237,6.4137147919,6.413714792,6.41371479202,6.41371479209,6.41371479209,6.4137147922,6.41371479232,6.41371479232,6.41371479236,6.41371479226,6.41371479226,6.4137147922,6.4137147922,6.4137147922,6.4137147922,6.4137147923,6.4137147923,6.4137147923,6.4137147923,3.484176936,3.48417693586,3.48417693586,3.48417693596,3.48417693596,3.48417693599,3.48417693599,3.48417693596,2.9883463961,2.4168843637,2.1875572144,1.9175392611,1.9175392611,1.91753926104,1.91753926104,1.91753926117,1.91753926117,1.9175392611,0,0.9531306642,1.5297158119,1.52971581194,1.52971581195,1.52971581195,3.8599624004,3.8599624001,3.8599624001
"t44",7.4362064829,7.4362064829,7.4362064828,7.4362064828,7.4362064828,7.4362064828,7.4362064831,7.4362064829,7.4362064828,7.4362064828,7.4362064828,7.43620648292,7.436206482922,7.436206482922,7.43620648282,7.43620648292,7.43620648292,7.43620648286,7.43620648286,7.4362064829,7.43620648292,7.43620648292,7.4362064829,7.4362064829,7.4362064829,7.4362064829,7.4362064833,7.4362064833,7.4362064829,7.4362064828,7.4362064828,7.4362064828,7.4362064828,7.4362064828,7.43620648281,7.43620648281,7.4362064826,7.4362064826,7.4362064825,7.4362064825,7.436206483,7.436206482572,7.436206482372,7.436206482872,7.436206482872,7.43620648338,7.43620648338,7.4362064827,7.43620648277,7.43620648277,7.43620648277,7.4362064828,6.41371479237,6.41371479237,6.4137147919,6.413714792,6.41371479202,6.41371479209,6.41371479209,6.4137147922,6.41371479232,6.41371479232,6.41371479236,6.41371479226,6.41371479226,6.4137147922,6.4137147922,6.4137147922,6.4137147922,6.4137147923,6.4137147923,6.4137147923,6.4137147923,3.484176936,3.48417693586,3.48417693586,3.48417693596,3.48417693596,3.48417693599,3.48417693599,3.48417693596,2.9883463961,2.4168843637,2.1875572144,1.9175392611,1.9175392611,1.91753926104,1.91753926104,1.91753926117,1.91753926117,1.9175392611,0.9531306642,0,1.5297158119,1.52971581194,1.52971581195,1.52971581195,3.8599624004,3.8599624001,3.8599624001
"t76",7.4362064828,7.4362064828,7.4362064827,7.4362064827,7.4362064827,7.4362064827,7.436206483,7.4362064828,7.4362064827,7.4362064827,7.4362064827,7.43620648282,7.436206482822,7.436206482822,7.43620648272,7.43620648282,7.43620648282,7.43620648276,7.43620648276,7.4362064828,7.43620648282,7.43620648282,7.4362064828,7.4362064828,7.4362064828,7.4362064828,7.4362064832,7.4362064832,7.4362064828,7.4362064827,7.4362064827,7.4362064827,7.4362064827,7.4362064827,7.43620648271,7.43620648271,7.4362064825,7.4362064825,7.4362064824,7.4362064824,7.4362064829,7.436206482472,7.436206482272,7.436206482772,7.436206482772,7.43620648328,7.43620648328,7.4362064826,7.43620648267,7.43620648267,7.43620648267,7.4362064827,6.41371479227,6.41371479227,6.4137147918,6.4137147919,6.41371479192,6.41371479199,6.41371479199,6.4137147921,6.41371479222,6.41371479222,6.41371479226,6.41371479216,6.41371479216,6.4137147921,6.4137147921,6.4137147921,6.4137147921,6.4137147922,6.4137147922,6.4137147922,6.4137147922,3.4841769359,3.48417693576,3.48417693576,3.48417693586,3.48417693586,3.48417693589,3.48417693589,3.48417693586,2.988346396,2.4168843636,2.1875572143,1.917539261,1.917539261,1.91753926094,1.91753926094,1.91753926107,1.91753926107,1.917539261,1.5297158119,1.5297158119,0,0.29433090464,0.29433090465,0.29433090465,3.8599624003,3.8599624,3.8599624
"t79",7.43620648284,7.43620648284,7.43620648274,7.43620648274,7.43620648274,7.43620648274,7.43620648304,7.43620648284,7.43620648274,7.43620648274,7.43620648274,7.43620648286,7.436206482862,7.436206482862,7.43620648276,7.43620648286,7.43620648286,7.4362064828,7.4362064828,7.43620648284,7.43620648286,7.43620648286,7.43620648284,7.43620648284,7.43620648284,7.43620648284,7.43620648324,7.43620648324,7.43620648284,7.43620648274,7.43620648274,7.43620648274,7.43620648274,7.43620648274,7.43620648275,7.43620648275,7.43620648254,7.43620648254,7.43620648244,7.43620648244,7.43620648294,7.436206482512,7.436206482312,7.436206482812,7.436206482812,7.43620648332,7.43620648332,7.43620648264,7.43620648271,7.43620648271,7.43620648271,7.43620648274,6.41371479231,6.41371479231,6.41371479184,6.41371479194,6.41371479196,6.41371479203,6.41371479203,6.41371479214,6.41371479226,6.41371479226,6.4137147923,6.4137147922,6.4137147922,6.41371479214,6.41371479214,6.41371479214,6.41371479214,6.41371479224,6.41371479224,6.41371479224,6.41371479224,3.48417693594,3.4841769358,3.4841769358,3.4841769359,3.4841769359,3.48417693593,3.48417693593,3.4841769359,2.98834639604,2.41688436364,2.18755721434,1.91753926104,1.91753926104,1.91753926098,1.91753926098,1.91753926111,1.91753926111,1.91753926104,1.52971581194,1.52971581194,0.29433090464,0,0.25839182841,0.25839182841,3.85996240034,3.85996240004,3.85996240004
"t95",7.43620648285,7.43620648285,7.43620648275,7.43620648275,7.43620648275,7.43620648275,7.43620648305,7.43620648285,7.43620648275,7.43620648275,7.43620648275,7.43620648287,7.436206482872,7.436206482872,7.43620648277,7.43620648287,7.43620648287,7.43620648281,7.43620648281,7.43620648285,7.43620648287,7.43620648287,7.43620648285,7.43620648285,7.43620648285,7.43620648285,7.43620648325,7.43620648325,7.43620648285,7.43620648275,7.43620648275,7.43620648275,7.43620648275,7.43620648275,7.43620648276,7.43620648276,7.43620648255,7.43620648255,7.43620648245,7.43620648245,7.43620648295,7.436206482522,7.436206482322,7.436206482822,7.436206482822,7.43620648333,7.43620648333,7.43620648265,7.43620648272,7.43620648272,7.43620648272,7.43620648275,6.41371479232,6.41371479232,6.41371479185,6.41371479195,6.41371479197,6.41371479204,6.41371479204,6.41371479215,6.41371479227,6.41371479227,6.41371479231,6.41371479221,6.41371479221,6.41371479215,6.41371479215,6.41371479215,6.41371479215,6.41371479225,6.41371479225,6.41371479225,6.41371479225,3.48417693595,3.48417693581,3.48417693581,3.48417693591,3.48417693591,3.48417693594,3.48417693594,3.48417693591,2.98834639605,2.41688436365,2.18755721435,1.91753926105,1.91753926105,1.91753926099,1.91753926099,1.91753926112,1.91753926112,1.91753926105,1.52971581195,1.52971581195,0.29433090465,0.25839182841,0,0.07422314704,3.85996240035,3.85996240005,3.85996240005
"t96",7.43620648285,7.43620648285,7.43620648275,7.43620648275,7.43620648275,7.43620648275,7.43620648305,7.43620648285,7.43620648275,7.43620648275,7.43620648275,7.43620648287,7.436206482872,7.436206482872,7.43620648277,7.43620648287,7.43620648287,7.43620648281,7.43620648281,7.43620648285,7.43620648287,7.43620648287,7.43620648285,7.43620648285,7.43620648285,7.43620648285,7.43620648325,7.43620648325,7.43620648285,7.43620648275,7.43620648275,7.43620648275,7.43620648275,7.43620648275,7.43620648276,7.43620648276,7.43620648255,7.43620648255,7.43620648245,7.43620648245,7.43620648295,7.436206482522,7.436206482322,7.436206482822,7.436206482822,7.43620648333,7.43620648333,7.43620648265,7.43620648272,7.43620648272,7.43620648272,7.43620648275,6.41371479232,6.41371479232,6.41371479185,6.41371479195,6.41371479197,6.41371479204,6.41371479204,6.41371479215,6.41371479227,6.41371479227,6.41371479231,6.41371479221,6.41371479221,6.41371479215,6.41371479215,6.41371479215,6.41371479215,6.41371479225,6.41371479225,6.41371479225,6.41371479225,3.48417693595,3.48417693581,3.48417693581,3.48417693591,3.48417693591,3.48417693594,3.48417693594,3.48417693591,2.98834639605,2.41688436365,2.18755721435,1.91753926105,1.91753926105,1.91753926099,1.91753926099,1.91753926112,1.91753926112,1.91753926105,1.52971581195,1.52971581195,0.29433090465,0.25839182841,0.07422314704,0,3.85996240035,3.85996240005,3.85996240005
"t3",7.4362064833,7.4362064833,7.4362064832,7.4362064832,7.4362064832,7.4362064832,7.4362064835,7.4362064833,7.4362064832,7.4362064832,7.4362064832,7.43620648332,7.436206483322,7.436206483322,7.43620648322,7.43620648332,7.43620648332,7.43620648326,7.43620648326,7.4362064833,7.43620648332,7.43620648332,7.4362064833,7.4362064833,7.4362064833,7.4362064833,7.4362064837,7.4362064837,7.4362064833,7.4362064832,7.4362064832,7.4362064832,7.4362064832,7.4362064832,7.43620648321,7.43620648321,7.436206483,7.436206483,7.4362064829,7.4362064829,7.4362064834,7.436206482972,7.436206482772,7.436206483272,7.436206483272,7.43620648378,7.43620648378,7.4362064831,7.43620648317,7.43620648317,7.43620648317,7.4362064832,6.41371479277,6.41371479277,6.4137147923,6.4137147924,6.41371479242,6.41371479249,6.41371479249,6.4137147926,6.41371479272,6.41371479272,6.41371479276,6.41371479266,6.41371479266,6.4137147926,6.4137147926,6.4137147926,6.4137147926,6.4137147927,6.4137147927,6.4137147927,6.4137147927,3.8599624004,3.85996240026,3.85996240026,3.85996240036,3.85996240036,3.85996240039,3.85996240039,3.85996240036,3.8599624003,3.8599624007,3.8599624,3.8599624003,3.8599624003,3.85996240024,3.85996240024,3.85996240037,3.85996240037,3.8599624003,3.8599624004,3.8599624004,3.8599624003,3.85996240034,3.85996240035,3.85996240035,0,3.4347525537,3.4347525537
"t58",7.436206483,7.436206483,7.4362064829,7.4362064829,7.4362064829,7.4362064829,7.4362064832,7.436206483,7.4362064829,7.4362064829,7.4362064829,7.43620648302,7.436206483022,7.436206483022,7.43620648292,7.43620648302,7.43620648302,7.43620648296,7.43620648296,7.436206483,7.43620648302,7.43620648302,7.436206483,7.436206483,7.436206483,7.436206483,7.4362064834,7.4362064834,7.436206483,7.4362064829,7.4362064829,7.4362064829,7.4362064829,7.4362064829,7.43620648291,7.43620648291,7.4362064827,7.4362064827,7.4362064826,7.4362064826,7.4362064831,7.436206482672,7.436206482472,7.436206482972,7.436206482972,7.43620648348,7.43620648348,7.4362064828,7.43620648287,7.43620648287,7.43620648287,7.4362064829,6.41371479247,6.41371479247,6.413714792,6.4137147921,6.41371479212,6.41371479219,6.41371479219,6.4137147923,6.41371479242,6.41371479242,6.41371479246,6.41371479236,6.41371479236,6.4137147923,6.4137147923,6.4137147923,6.4137147923,6.4137147924,6.4137147924,6.4137147924,6.4137147924,3.8599624001,3.85996239996,3.85996239996,3.85996240006,3.85996240006,3.85996240009,3.85996240009,3.85996240006,3.8599624,3.8599624004,3.8599623997,3.8599624,3.8599624,3.85996239994,3.85996239994,3.85996240007,3.85996240007,3.8599624,3.8599624001,3.8599624001,3.8599624,3.85996240004,3.85996240005,3.85996240005,3.4347525537,0,0.6543488594
"t59",7.436206483,7.436206483,7.4362064829,7.4362064829,7.4362064829,7.4362064829,7.4362064832,7.436206483,7.4362064829,7.4362064829,7.4362064829,7.43620648302,7.436206483022,7.436206483022,7.43620648292,7.43620648302,7.43620648302,7.43620648296,7.43620648296,7.436206483,7.43620648302,7.43620648302,7.436206483,7.436206483,7.436206483,7.436206483,7.4362064834,7.4362064834,7.436206483,7.4362064829,7.4362064829,7.4362064829,7.4362064829,7.4362064829,7.43620648291,7.43620648291,7.4362064827,7.4362064827,7.4362064826,7.4362064826,7.4362064831,7.436206482672,7.436206482472,7.436206482972,7.436206482972,7.43620648348,7.43620648348,7.4362064828,7.43620648287,7.43620648287,7.43620648287,7.4362064829,6.41371479247,6.41371479247,6.413714792,6.4137147921,6.41371479212,6.41371479219,6.41371479219,6.4137147923,6.41371479242,6.41371479242,6.41371479246,6.41371479236,6.41371479236,6.4137147923,6.4137147923,6.4137147923,6.4137147923,6.4137147924,6.4137147924,6.4137147924,6.4137147924,3.8599624001,3.85996239996,3.85996239996,3.85996240006,3.85996240006,3.85996240009,3.85996240009,3.85996240006,3.8599624,3.8599624004,3.8599623997,3.8599624,3.8599624,3.85996239994,3.85996239994,3.85996240007,3.85996240007,3.8599624,3.8599624001,3.8599624001,3.8599624,3.85996240004,3.85996240005,3.85996240005,3.4347525537,0.6543488594,0
