accepted_species,0,1
t74,0.46553146877921947,0.5344685312207805
t75,0.5232234984168864,0.47677650158311363
t43,0.6941716353586538,0.3058283646413463
t53,0.5749565170155582,0.4250434829844418
t94,0.28929290032178934,0.7107070996782107
t66,0.7975967908351165,0.20240320916488352
t70,0.6532151159856293,0.3467848840143707
t39,0.3689999661452277,0.6310000338547723
t76,0.45270883815479823,0.5472911618452018
t23,0.3696486233824279,0.6303513766175721
