accepted_species,0,1
t74,0.4599593908004097,0.5400406091995903
t75,0.4599221793781585,0.5400778206218415
t43,0.4585843828183649,0.5414156171816351
t53,0.4592311359431054,0.5407688640568946
t94,0.45388887462422456,0.5461111253757754
t66,0.4636939189605912,0.5363060810394088
t70,0.4657224804733052,0.5342775195266948
t39,0.4660509617947133,0.5339490382052867
t76,0.4656654605302303,0.5343345394697697
t23,0.46564695599490236,0.5343530440050976
