accepted_species,0,1
t8,0.99775696,0.0022430301
t82,0.9218281,0.07817192
t114,0.973195,0.02680499
t115,0.973195,0.02680499
t14,0.973195,0.02680499
t30,0.973195,0.02680499
t48,0.973195,0.02680499
t49,0.973195,0.02680499
t73,0.973195,0.02680499
t74,0.973195,0.02680499
t68,0.973195,0.02680499
t119,0.973195,0.02680499
t54,0.9704679,0.02953205
t9,0.99801177,0.0019882254
t4,0.99775696,0.0022430301
