accepted_species,0,1
t8,0.99700934,0.0029906428
t82,0.944679,0.055320993
t114,0.944679,0.055320993
t115,0.944679,0.055320993
t14,0.9955093,0.004490699
t30,0.9969134,0.0030866032
t48,0.9941749,0.0058251047
t49,0.9875974,0.012402613
t73,0.995739,0.004261004
t74,0.9955093,0.004490699
t68,0.9887954,0.011204584
t119,0.9934076,0.0065924004
t54,0.9967606,0.0032393704
t9,0.99887407,0.0011259195
t4,0.99887407,0.0011259195
