accepted_species,0,1
t8,0.9905979,0.009402085
t82,0.9901268,0.009873224
t114,0.9866251,0.013374954
t115,0.9866251,0.013374954
t14,0.98071206,0.019287948
t30,0.9887488,0.0112512
t48,0.9887488,0.0112512
t49,0.99679196,0.003208015
t73,0.9887488,0.0112512
t74,0.99679196,0.003208015
t68,0.9949439,0.0050560557
t119,0.99679196,0.003208015
t54,0.99423814,0.005761847
t9,0.99311304,0.0068869693
t4,0.99311304,0.0068869693
