"accepted_species","estimate"
"t115",-1.15092854100248
"t110",-0.447120067824776
"t124",-0.934389198254053
"t39",-0.743686429673224
"t59",-0.39692880568586
"t55",1.55061598705831
"t65",2.29558063980464
"t96",0.201194267875243
"t108",-1.00495105146834
"t99",-0.980396910823909
"t135",0.563266716754076
"t32",0.341545328380712
"t98",0.214083754426661
"t12",0.188091053947162
