accepted_species,0,1
t44,0.5411861888946751,0.45881381110532493
t51,0.5407510072948964,0.45924899270510355
t57,0.5401518255185915,0.4598481744814084
t90,0.5406593581295556,0.45934064187044443
t95,0.5407010710372957,0.45929892896270436
t96,0.5411457850304784,0.45885421496952167
t97,0.5411479264884301,0.45885207351156987
t99,0.5404071905403343,0.4595928094596658
t102,0.5402099246278976,0.45979007537210237
t103,0.5402091664118186,0.4597908335881814
