accepted_species,0,1
t99,0.6337000189876203,0.3662999810123797
t131,0.6337409190509197,0.36625908094908033
t150,0.6337126639553018,0.3662873360446982
t151,0.633737262863505,0.36626273713649504
t171,0.6338564839037388,0.36614351609626117
t174,0.6342095313855991,0.36579046861440084
t195,0.6341510999848987,0.36584890001510134
t196,0.6341125863478552,0.3658874136521449
t203,0.6337664450552296,0.36623355494477045
t216,0.6338349144635027,0.3661650855364973
