accepted_species,0,1
t99,0.6346207605679954,0.3653792394320046
t131,0.6310719707651724,0.36892802923482754
t150,0.6311191395072104,0.36888086049278956
t151,0.6311191395072104,0.36888086049278956
t171,0.6309633838218093,0.3690366161781907
t174,0.6375353228594125,0.36246467714058755
t195,0.6376251799024932,0.36237482009750677
t196,0.6376251799024932,0.36237482009750677
t203,0.6307944906594966,0.36920550934050345
t216,0.6309343554466659,0.3690656445533341
