accepted_species,0,1
t99,0.6333333333333333,0.36666666666666664
t131,0.6333333333333333,0.36666666666666664
t150,0.6333333333333333,0.36666666666666664
t151,0.6333333333333333,0.36666666666666664
t171,0.6333333333333333,0.36666666666666664
t174,0.6333333333333333,0.36666666666666664
t195,0.6333333333333333,0.36666666666666664
t196,0.6333333333333333,0.36666666666666664
t203,0.6333333333333333,0.36666666666666664
t216,0.6333333333333333,0.36666666666666664
