accepted_species,0,1
t99,0.6301472,0.3698528
t131,0.59821653,0.40178347
t150,0.5806178,0.41938218
t151,0.591359,0.40864098
t171,0.59667027,0.40332973
t174,0.65944624,0.34055373
t195,0.6626332,0.33736682
t196,0.6626332,0.33736682
t203,0.5888945,0.4111055
t216,0.5962858,0.4037142
