accepted_species,0,1
t44,0.44625598,0.553744
t51,0.64605653,0.35394344
t57,0.65014017,0.34985986
t90,0.4492514,0.5507486
t95,0.4556142,0.5443858
t96,0.4202339,0.5797661
t97,0.4202339,0.5797661
t99,0.647393,0.35260704
t102,0.65014017,0.34985986
t103,0.65014017,0.34985986
