"accepted_species","0","1"
"t33","0.499896024722938","0.500103975277062"
"t34","0.499896024722938","0.500103975277062"
"t62","0.502748179746309","0.497251820253691"
"t71","0.499251889103666","0.500748110896334"
"t89","0.469799758824391","0.530200241175609"
"t92","0.508260202248195","0.491739797751805"
"t103","0.418389546723525","0.581610453276475"
"t108","0.490422763165477","0.509577236834523"
"t129","0.685088458778785","0.314911541221215"
"t146","0.904354433251172","0.095645566748828"
