accepted_species,0,1
Asclepias_pumila,0.95144945,0.04855052
Oxypetalum_guaraniticum,0.95144945,0.04855052
Cynanchum_microstemma,0.95144945,0.04855052
Vincetoxicum_zeylanicum,0.95144945,0.04855052
Rauvolfia_mannii,0.8547594,0.1452406
Mandevilla_tricolor,0.8902525,0.10974754
Hoya_galeraensis,0.93632275,0.06367726
Gentianella_briquetiana,0.8927768,0.10722321
Xysmalobium_kaessneri,0.95144945,0.04855052
Gentiana_frigida,0.8927768,0.10722321
