"accepted_species","estimate"
"t37",0.162459970582528
"t103",0.0366857466449575
"t104",0.0366857466449575
"t66",0.404710169696473
"t105",0.30222002051814
"t80",0.353940705009601
"t21",0.570677488054365
"t25",0.697406206439003
"t100",-0.0976533266981744
"t51",0.752110427322571
"t15",0.802916265923995
"t53",-1.76374154860436
"t9",-0.29739141267614
"t42",-2.06955813804931
