accepted_species,0,1
sp23,0.6240879912232964,0.37591200877670355
sp24,0.6233111804867413,0.37668881951325867
sp27,0.6300917569792395,0.3699082430207606
sp34,0.6275554822451594,0.3724445177548405
sp59,0.6179071914505833,0.38209280854941674
sp60,0.6278357766289806,0.37216422337101945
sp71,0.6168150902707132,0.3831849097292867
sp81,0.6275496205804934,0.3724503794195066
sp91,0.622863727334632,0.377136272665368
sp94,0.6166597438246231,0.383340256175377
