"accepted_species","estimate"
"t42",-1.12204536977801
"t90",0.0265579240851949
"t88",0.110304031925568
"t62",-1.25030033002172
"t36",0.782421213794414
"t81",-0.566506870118696
"t1",-0.0310998112946436
"t92",-1.19390293372207
"t99",2.08255251723725
"t67",0.11404610308211
