accepted_species,estimate
Galium_angustifolium,-0.451406918980373
Galium_murale,-0.3050274230150566
Galium_porrigens,-0.4416801556141817
Galium_tenuissimum,-0.5582531008128483
Galium_trifidum,-0.18296877819146207
Galium_triflorum,-0.36112527229326996
Nertera_granadensis,-0.09307954275042175
Opercularia_varia,0.4795061726152722
Sherardia_arvensis,-0.24231863038912305
Spermacoce_breviflora,-0.48783547491892765
