accepted_species,0
Galium_angustifolium,-0.39505075795195077
Galium_murale,-0.34804612164625426
Galium_porrigens,-0.4010387078884348
Galium_tenuissimum,-0.29731907013707903
Galium_trifidum,-0.30275974717448795
Galium_triflorum,-0.3409541530181584
Nertera_granadensis,-0.19560216649628553
Opercularia_varia,-0.09668343559792533
Sherardia_arvensis,-0.2894495238232533
Spermacoce_breviflora,-0.21168987194589042
