accepted_species,0
t11,-0.0641173380013886
t41,-0.0641173380013886
t65,0.6704675286277221
t25,-0.0641173380013886
t78,1.09960467454673
t1,-0.0641173380013886
t92,0.900042330865709
t59,0.5271259711568426
t83,-0.9471501864229938
t22,-0.0641173380013886
