accepted_species,0
Asclepias_albicans,-0.315532943631773
Asclepias_erosa,-0.315532943631773
Asclepias_fascicularis,-0.315532943631773
Asclepias_oenotheroides,-0.315532943631773
Asclepias_ovalifolia,-0.315532943631773
Asclepias_syriaca,-0.315532943631773
Asclepias_tuberosa,-0.315532943631773
Asclepias_vestita,-0.315532943631773
Calotropis_gigantea,-0.315532943631773
Vincetoxicum_hirundinaria,-0.315532943631773
