"accepted_species","0","1"
"t74",0.975046294010353,0.0249537059896468
"t75",0.0641552845860151,0.935844715413985
"t76",0.0641552845860151,0.935844715413985
"t63",0.086012363227217,0.913987636772783
"t64",0.086012363227217,0.913987636772783
"t28",0.0847428266301904,0.91525717336981
"t77",0.0190673239236957,0.980932676076304
"t40",0.932181044112298,0.0678189558877022
"t41",0.932181044112298,0.0678189558877022
"t38",0.936830244103294,0.0631697558967062
