accepted_species,0,1
t74,0.78602815,0.21397187
t75,0.12850684,0.87149316
t76,0.12850684,0.87149316
t63,0.042067945,0.95793205
t64,0.042067945,0.95793205
t28,0.018343627,0.9816564
t77,0.008364081,0.9916359
t40,0.9279021,0.07209788
t41,0.963297,0.036702998
t38,0.9834443,0.016555715
