accepted_species,0,1
t3,0.2163122069443767,0.7836877930556233
t59,0.1401276917777684,0.8598723082222316
t57,0.1409761513398503,0.8590238486601497
t17,0.21361464226708693,0.7863853577329131
t25,0.21375750146411077,0.7862424985358892
t12,0.21375750146411077,0.7862424985358892
t43,0.19665798588172323,0.8033420141182768
t44,0.19665798588172323,0.8033420141182768
t63,0.19560112886411196,0.804398871135888
t64,0.19560112886411196,0.804398871135888
