accepted_species,0
t13,
t71,0.3299961867822059
t8,
t10,
t66,0.32924414519115874
t96,0.40461339319228706
t87,0.9279394549060376
t72,0.025783553686921087
t3,
t64,-1.105147703647541
