accepted_species,0
t13,0.013355894575576828
t71,0.3299961867822059
t8,0.013355894575576828
t10,0.013355894575576828
t66,0.32924414519115874
t96,0.40461339319228706
t87,0.9279394549060376
t72,0.025783553686921087
t3,0.013355894575576828
t64,-1.105147703647541
