accepted_species,0,1
t78,0.027742088,0.9722579
t51,0.027742088,0.9722579
t39,0.027742088,0.9722579
t83,0.027742088,0.9722579
t84,0.027742088,0.9722579
t31,0.027742088,0.9722579
t53,0.027742088,0.9722579
t5,0.027742088,0.9722579
t40,0.027742088,0.9722579
t41,0.027742088,0.9722579
