accepted_species,0,1
t78,0.027198434,0.97280157
t51,0.027198434,0.97280157
t39,0.027198434,0.97280157
t83,0.027198434,0.97280157
t84,0.027198434,0.97280157
t31,0.027198434,0.97280157
t53,0.027198434,0.97280157
t5,0.027198434,0.97280157
t40,0.027198434,0.97280157
t41,0.027198434,0.97280157
