"accepted_species","estimate"
"t4",0.902328910702227
"t65",1.57077372540068
"t165",-1.98439511293385
"t39",-0.781147185271813
"t81",-0.312843889160319
"t167",-0.685306956892606
"t68",0.337578617424251
"t22",0.509725331489883
"t92",-1.09491310130523
"t79",-0.45480389777683
"t150",-2.05356694172775
"t34",-0.708801229981724
"t153",-0.270330563107309
"t121",-0.246346833488558
"t140",0.924157184735101
"t138",0.562916525437048
"t143",-1.89781025549772
