"accepted_species","estimate"
"t4",0.919349391587707
"t65",1.5544444807548
"t165",-1.99154611729286
"t39",-0.752573354153777
"t81",-0.314208331501978
"t167",-0.69467484534065
"t68",0.361307434506881
"t22",0.507374456005686
"t92",-1.09590710833426
"t79",-0.463666118904463
"t150",-2.07602875056447
"t34",-0.7144840375329
"t153",-0.266883935645196
"t121",-0.236941808157293
"t140",0.923892322960783
"t138",0.560695966031837
"t143",-1.92369999121578
