accepted_species,estimate
t6,-0.17449659366680276
t26,-0.2934786537040179
t12,-0.5150302223222195
t30,-0.5947452933109697
t53,1.1815271328445611
t99,0.4902152827108451
t86,0.3738555322646622
t92,-0.13926024495509853
t39,0.39342629115610056
t23,0.5348599726828002
