accepted_species,estimate
t6,0.06277934
t26,-0.28453767
t12,-0.63202643
t30,-0.63202643
t53,1.1187077
t99,0.33587104
t86,0.23140115
t92,0.22832191
t39,-0.058664687
t23,0.7083035
