"accepted_species","estimate"
"t42",0.15858639452622
"t43",0.15858639452622
"t26",0.15858639452622
"t60",0.472988038800007
"t18",0.0913748855726206
"t22",-0.225269691186951
"t91",1.37969430798702
"t95",-0.526329797221621
"t96",-0.526329797221621
"t34",-0.743379898411438
