accepted_species,estimate
t48,-0.5452480069575906
t43,-0.5700950753909871
t94,-0.518968240974831
t50,0.4394247028211757
t68,0.33721838377797425
t46,0.31788101041972977
t18,0.1148798156896546
t64,0.7631530437135344
t81,-0.04682013470929032
t28,-0.5637342600961929
