"accepted_species","estimate"
"t36",0.0243180094421191
"t37",0.0243180094421191
"t6",0.024072015744398
"t9",0.0210254327224088
"t50",0.0122039435408855
"t51",0.0122039435408855
"t52",0.0122039435408855
"t73",0.0122039435408855
"t74",0.0122039435408855
"t35",0.0101359161534451
