accepted_species,0,1
sp284,0.27062265484868653,0.7293773451513135
sp393,0.26314559902484047,0.7368544009751595
sp397,0.2813579789208527,0.7186420210791473
sp401,0.3178742931532562,0.6821257068467438
sp418,0.30026041009476023,0.6997395899052398
sp435,0.2714943917845819,0.7285056082154181
sp451,0.24437126714744073,0.7556287328525593
sp464,0.31370665742777704,0.686293342572223
sp465,0.31370665742777704,0.686293342572223
sp474,0.4461868217467052,0.5538131782532948
