accepted_species,0,1
sp120,0.35734531230897804,0.642654687691022
sp212,0.634713339686952,0.3652866603130481
sp219,0.4636843297873736,0.5363156702126264
sp221,0.5737254153005547,0.4262745846994454
sp223,0.5401171986589364,0.45988280134106363
sp226,0.7323857760175203,0.2676142239824797
sp261,0.49505015124767215,0.5049498487523278
sp264,0.8320067220550607,0.16799327794493935
sp277,0.6465297359514905,0.3534702640485095
sp288,0.6256355612499223,0.3743644387500777
