accepted_species,0,1
sp120,0.34875792,0.6512421
sp212,0.5564369,0.44356307
sp219,0.44550496,0.55449504
sp221,0.68107384,0.31892616
sp223,0.52756435,0.47243565
sp226,0.7547995,0.24520051
sp261,0.45250356,0.54749644
sp264,0.7547995,0.24520051
sp277,0.45535713,0.54464287
sp288,0.7056848,0.29431525
