accepted_species,estimate
t1,-0.0075338639699808925
t37,-0.0653938715185268
t60,-0.9888993506367356
t90,-0.218869596466
t39,-0.40885685851033415
t64,-0.26731509100497647
t4,0.04418708640222987
t58,0.03971928657959493
t32,0.015367803993968344
t15,0.06312325948928257
