accepted_species,0,1
t68,0.9785121,0.02148787
t71,0.96738094,0.032619037
t79,0.9978294,0.0021706147
t15,0.97423655,0.02576345
t88,0.2979691,0.7020309
t67,0.99661475,0.0033852162
t2,0.9987475,0.001252484
t21,0.99441755,0.0055824686
t82,0.9965207,0.0034792887
t54,0.99687594,0.0031240676
t112,0.9965207,0.0034792887
t72,0.9965207,0.0034792887
