accepted_species,0,1
t103,0.28344434,0.71655566
t26,0.73315907,0.2668409
t154,0.64679456,0.35320547
t136,0.64679456,0.35320547
t145,0.41368705,0.58631295
t4,0.9657991,0.03420088
t61,0.61042976,0.38957024
t69,0.61042976,0.38957024
t128,0.4032933,0.5967067
t129,0.4032933,0.5967067
t87,0.4032933,0.5967067
t122,0.3330325,0.6669675
t94,0.3200971,0.6799029
t95,0.3776998,0.6223002
t84,0.3200971,0.6799029
