accepted_species,0,1
t9,0.6740072187073239,0.32599278129267606
t16,0.6001957070807591,0.3998042929192409
t20,0.2762811039359241,0.7237188960640759
t30,0.4079962189999624,0.5920037810000376
t45,0.5096691017890609,0.4903308982109391
t66,0.37170110085617036,0.6282988991438296
t78,0.05766167696065472,0.9423383230393453
t104,5.707375008712212e-06,0.9999942926249913
t105,6.83188113348443e-06,0.9999931681188665
t113,3.7081374606451334e-06,0.9999962918625394
