"accepted_species","0","1"
"t32","0.5","0.5"
"t34","0.5","0.5"
"t83","0.5","0.5"
"t91","0.5","0.5"
"t101","0.5","0.5"
"t123","0.499999999991439","0.500000000008561"
"t132","0.49999956647458","0.50000043352542"
"t134","0.499999523979246","0.500000476020754"
"t143","0.500039943030829","0.499960056969171"
"t152","0.00665590374169293","0.993344096258307"
