accepted_species,0,1
t32,0.5005449,0.4994551
t34,0.6083785,0.39162147
t83,0.5005449,0.4994551
t91,0.52506506,0.4749349
t101,0.52506506,0.4749349
t123,0.52506506,0.4749349
t132,0.52506506,0.4749349
t134,0.52506506,0.4749349
t143,0.52506506,0.4749349
t152,0.52506506,0.4749349
