accepted_species,0,1
t9,0.37888074,0.62111926
t16,0.24911016,0.75088984
t20,0.94914883,0.05085114
t30,0.16641355,0.83358645
t45,0.3497557,0.6502443
t66,0.1211943,0.8788057
t78,0.05530566,0.94469434
t104,0.001072228,0.9989278
t105,0.001072228,0.9989278
t113,0.001072228,0.9989278
