accepted_species,0,1
t32,0.6975726,0.30242744
t34,0.96415824,0.03584177
t83,0.34349954,0.65650046
t91,0.5309526,0.46904746
t101,0.9705938,0.029406203
t123,0.71043736,0.28956264
t132,0.49229014,0.50770986
t134,0.5309526,0.46904746
t143,0.5309526,0.46904746
t152,0.49229014,0.50770986
