accepted_species,0,1
t21,0.12222222222222223,0.8777777777777778
t28,0.12222222222222223,0.8777777777777778
t10,0.12222222222222223,0.8777777777777778
t47,0.12222222222222223,0.8777777777777778
t57,0.12222222222222223,0.8777777777777778
t29,0.12222222222222223,0.8777777777777778
t23,0.12222222222222223,0.8777777777777778
t93,0.0,1.0
t17,0.12222222222222223,0.8777777777777778
t100,0.0,1.0
