"accepted_species","0","1"
"t7",0.684920713989833,0.315079286010166
"t39",0.723488875129726,0.276511124870274
"t48",0.564935240724905,0.435064759275095
"t55",0.764380878324213,0.235619121675787
"t62",0.778242900085256,0.221757099914744
"t65",0.522015052485012,0.477984947514988
"t78",0.88690915775404,0.11309084224596
"t83",0.335144918308423,0.664855081691577
"t90",0.151113481878276,0.848886518121724
"t123",3.54391667910366e-05,0.999964560833209
