accepted_species,0,1
t77,0.5449408554048958,0.45505914459510416
t106,0.5580713536797162,0.44192864632028384
t108,0.5419852937576428,0.45801470624235713
t116,0.5474443872807215,0.4525556127192784
t145,0.6519264258881872,0.3480735741118128
t148,0.5454092558210692,0.45459074417893075
t156,0.5573877587334901,0.44261224126650983
t159,0.5990016774680311,0.4009983225319688
t171,0.649618059911306,0.35038194008869405
t190,0.6056230017009208,0.39437699829907924
