accepted_species,0,1
t7,0.64543736,0.3545626
t39,0.6472399,0.3527601
t48,0.64747554,0.35252446
t55,0.6472399,0.3527601
t62,0.6472399,0.3527601
t65,0.6472399,0.3527601
t78,0.7821477,0.21785231
t83,0.64747554,0.35252446
t90,0.64543736,0.3545626
t123,0.7821477,0.21785231
