accepted_species,0,1
t7,0.8441019,0.1558981
t39,0.83414584,0.16585417
t48,0.18518156,0.81481844
t55,0.47871608,0.5212839
t62,0.78531456,0.21468544
t65,0.70780665,0.29219335
t78,0.8667564,0.13324362
t83,0.18518156,0.81481844
t90,0.21449691,0.7855031
t123,0.66361237,0.33638766
