accepted_species,0,1
t77,0.49610138,0.5038986
t106,0.58030224,0.41969776
t108,0.4995346,0.5004654
t116,0.5552604,0.44473955
t145,0.633394,0.366606
t148,0.5018599,0.49814013
t156,0.5640068,0.43599316
t159,0.6129173,0.38708267
t171,0.61817765,0.38182235
t190,0.6191168,0.3808832
