"","t4","t79","t80","t21","t27","t60","t61","t6","t31","t50","t51","t28","t54","t55","t99","t100","t87","t88","t40","t19","t20","t1","t5","t59","t89","t90","t37","t25","t41","t42","t29","t30","t23","t32","t33","t10","t9","t26","t56","t57","t69","t77","t78","t85","t86","t58","t63","t64","t81","t82","t72","t73","t7","t83","t84","t12","t15","t17","t18","t14","t16","t93","t94","t48","t49","t74","t75","t97","t98","t36","t91","t92","t76","t70","t71","t62","t8","t34","t52","t53","t22","t24","t35","t46","t47","t95","t96","t38","t39","t3","t2","t45","t65","t66","t13","t11","t43","t44","t67","t68"
"t4",0,5.3774203902,5.3774203902,5.3774203902,6.9122496151,6.9122496151,6.9122496151,6.9122496155,6.912249615068,6.912249614968,6.912249614968,6.912249615068,6.912249615068,6.912249615068,6.912249615128,6.912249615128,6.912249615178,6.912249615178,6.912249615168,6.912249615098,6.912249615098,11.37854508638,11.37854508558,11.37854508577,11.37854508576,11.37854508576,11.37854508577,11.37854508567,11.37854508568,11.37854508568,11.37854508578,11.37854508578,11.37854508568,11.37854508569,11.37854508569,11.37854508599,11.37854508538,11.37854508567,11.37854508577,11.37854508577,11.37854508567,11.3785450857,11.3785450857,11.37854508569,11.37854508569,11.37854508572,11.37854508568,11.37854508568,11.37854508568,11.37854508568,11.37854508567,11.37854508567,11.37854508537,11.37854508591,11.37854508591,11.37854508568,11.37854508548,11.37854508567,11.37854508567,11.37854508598,11.37854508566,11.3785450857,11.3785450857,11.37854508596,11.37854508596,11.37854508636,11.37854508636,11.37854508587,11.37854508587,11.37854508586,11.37854508585,11.37854508585,11.37854508586,11.37854508601,11.37854508601,11.37854508606,11.37854508596,11.37854508636,11.37854508636,11.37854508636,11.37854508636,11.37854508636,11.37854508626,11.37854508626,11.37854508626,11.37854508624,11.37854508624,11.37854508623,11.37854508623,11.37854508588,11.37854508638,11.37854508628,11.37854508628,11.37854508628,11.37854508658,11.37854508668,11.3785450863,11.3785450863,11.37854508638,11.37854508638
"t79",5.3774203902,0,0.2084011378,1.8647903424,6.9122496153,6.9122496153,6.9122496153,6.9122496157,6.912249615268,6.912249615168,6.912249615168,6.912249615268,6.912249615268,6.912249615268,6.912249615328,6.912249615328,6.912249615378,6.912249615378,6.912249615368,6.912249615298,6.912249615298,11.37854508658,11.37854508578,11.37854508597,11.37854508596,11.37854508596,11.37854508597,11.37854508587,11.37854508588,11.37854508588,11.37854508598,11.37854508598,11.37854508588,11.37854508589,11.37854508589,11.37854508619,11.37854508558,11.37854508587,11.37854508597,11.37854508597,11.37854508587,11.3785450859,11.3785450859,11.37854508589,11.37854508589,11.37854508592,11.37854508588,11.37854508588,11.37854508588,11.37854508588,11.37854508587,11.37854508587,11.37854508557,11.37854508611,11.37854508611,11.37854508588,11.37854508568,11.37854508587,11.37854508587,11.37854508618,11.37854508586,11.3785450859,11.3785450859,11.37854508616,11.37854508616,11.37854508656,11.37854508656,11.37854508607,11.37854508607,11.37854508606,11.37854508605,11.37854508605,11.37854508606,11.37854508621,11.37854508621,11.37854508626,11.37854508616,11.37854508656,11.37854508656,11.37854508656,11.37854508656,11.37854508656,11.37854508646,11.37854508646,11.37854508646,11.37854508644,11.37854508644,11.37854508643,11.37854508643,11.37854508608,11.37854508658,11.37854508648,11.37854508648,11.37854508648,11.37854508678,11.37854508688,11.3785450865,11.3785450865,11.37854508658,11.37854508658
"t80",5.3774203902,0.2084011378,0,1.8647903424,6.9122496153,6.9122496153,6.9122496153,6.9122496157,6.912249615268,6.912249615168,6.912249615168,6.912249615268,6.912249615268,6.912249615268,6.912249615328,6.912249615328,6.912249615378,6.912249615378,6.912249615368,6.912249615298,6.912249615298,11.37854508658,11.37854508578,11.37854508597,11.37854508596,11.37854508596,11.37854508597,11.37854508587,11.37854508588,11.37854508588,11.37854508598,11.37854508598,11.37854508588,11.37854508589,11.37854508589,11.37854508619,11.37854508558,11.37854508587,11.37854508597,11.37854508597,11.37854508587,11.3785450859,11.3785450859,11.37854508589,11.37854508589,11.37854508592,11.37854508588,11.37854508588,11.37854508588,11.37854508588,11.37854508587,11.37854508587,11.37854508557,11.37854508611,11.37854508611,11.37854508588,11.37854508568,11.37854508587,11.37854508587,11.37854508618,11.37854508586,11.3785450859,11.3785450859,11.37854508616,11.37854508616,11.37854508656,11.37854508656,11.37854508607,11.37854508607,11.37854508606,11.37854508605,11.37854508605,11.37854508606,11.37854508621,11.37854508621,11.37854508626,11.37854508616,11.37854508656,11.37854508656,11.37854508656,11.37854508656,11.37854508656,11.37854508646,11.37854508646,11.37854508646,11.37854508644,11.37854508644,11.37854508643,11.37854508643,11.37854508608,11.37854508658,11.37854508648,11.37854508648,11.37854508648,11.37854508678,11.37854508688,11.3785450865,11.3785450865,11.37854508658,11.37854508658
"t21",5.3774203902,1.8647903424,1.8647903424,0,6.9122496153,6.9122496153,6.9122496153,6.9122496157,6.912249615268,6.912249615168,6.912249615168,6.912249615268,6.912249615268,6.912249615268,6.912249615328,6.912249615328,6.912249615378,6.912249615378,6.912249615368,6.912249615298,6.912249615298,11.37854508658,11.37854508578,11.37854508597,11.37854508596,11.37854508596,11.37854508597,11.37854508587,11.37854508588,11.37854508588,11.37854508598,11.37854508598,11.37854508588,11.37854508589,11.37854508589,11.37854508619,11.37854508558,11.37854508587,11.37854508597,11.37854508597,11.37854508587,11.3785450859,11.3785450859,11.37854508589,11.37854508589,11.37854508592,11.37854508588,11.37854508588,11.37854508588,11.37854508588,11.37854508587,11.37854508587,11.37854508557,11.37854508611,11.37854508611,11.37854508588,11.37854508568,11.37854508587,11.37854508587,11.37854508618,11.37854508586,11.3785450859,11.3785450859,11.37854508616,11.37854508616,11.37854508656,11.37854508656,11.37854508607,11.37854508607,11.37854508606,11.37854508605,11.37854508605,11.37854508606,11.37854508621,11.37854508621,11.37854508626,11.37854508616,11.37854508656,11.37854508656,11.37854508656,11.37854508656,11.37854508656,11.37854508646,11.37854508646,11.37854508646,11.37854508644,11.37854508644,11.37854508643,11.37854508643,11.37854508608,11.37854508658,11.37854508648,11.37854508648,11.37854508648,11.37854508678,11.37854508688,11.3785450865,11.3785450865,11.37854508658,11.37854508658
"t27",6.9122496151,6.9122496153,6.9122496153,6.9122496153,0,1.2851356076,1.2851356076,4.156020968,4.156020967568,4.156020967468,4.156020967468,4.156020967568,4.156020967568,4.156020967568,4.156020967628,4.156020967628,4.156020967678,4.156020967678,4.156020967668,4.156020967598,4.156020967598,11.37854508688,11.37854508608,11.37854508627,11.37854508626,11.37854508626,11.37854508627,11.37854508617,11.37854508618,11.37854508618,11.37854508628,11.37854508628,11.37854508618,11.37854508619,11.37854508619,11.37854508649,11.37854508588,11.37854508617,11.37854508627,11.37854508627,11.37854508617,11.3785450862,11.3785450862,11.37854508619,11.37854508619,11.37854508622,11.37854508618,11.37854508618,11.37854508618,11.37854508618,11.37854508617,11.37854508617,11.37854508587,11.37854508641,11.37854508641,11.37854508618,11.37854508598,11.37854508617,11.37854508617,11.37854508648,11.37854508616,11.3785450862,11.3785450862,11.37854508646,11.37854508646,11.37854508686,11.37854508686,11.37854508637,11.37854508637,11.37854508636,11.37854508635,11.37854508635,11.37854508636,11.37854508651,11.37854508651,11.37854508656,11.37854508646,11.37854508686,11.37854508686,11.37854508686,11.37854508686,11.37854508686,11.37854508676,11.37854508676,11.37854508676,11.37854508674,11.37854508674,11.37854508673,11.37854508673,11.37854508638,11.37854508688,11.37854508678,11.37854508678,11.37854508678,11.37854508708,11.37854508718,11.3785450868,11.3785450868,11.37854508688,11.37854508688
"t60",6.9122496151,6.9122496153,6.9122496153,6.9122496153,1.2851356076,0,0.4412965064,4.156020968,4.156020967568,4.156020967468,4.156020967468,4.156020967568,4.156020967568,4.156020967568,4.156020967628,4.156020967628,4.156020967678,4.156020967678,4.156020967668,4.156020967598,4.156020967598,11.37854508688,11.37854508608,11.37854508627,11.37854508626,11.37854508626,11.37854508627,11.37854508617,11.37854508618,11.37854508618,11.37854508628,11.37854508628,11.37854508618,11.37854508619,11.37854508619,11.37854508649,11.37854508588,11.37854508617,11.37854508627,11.37854508627,11.37854508617,11.3785450862,11.3785450862,11.37854508619,11.37854508619,11.37854508622,11.37854508618,11.37854508618,11.37854508618,11.37854508618,11.37854508617,11.37854508617,11.37854508587,11.37854508641,11.37854508641,11.37854508618,11.37854508598,11.37854508617,11.37854508617,11.37854508648,11.37854508616,11.3785450862,11.3785450862,11.37854508646,11.37854508646,11.37854508686,11.37854508686,11.37854508637,11.37854508637,11.37854508636,11.37854508635,11.37854508635,11.37854508636,11.37854508651,11.37854508651,11.37854508656,11.37854508646,11.37854508686,11.37854508686,11.37854508686,11.37854508686,11.37854508686,11.37854508676,11.37854508676,11.37854508676,11.37854508674,11.37854508674,11.37854508673,11.37854508673,11.37854508638,11.37854508688,11.37854508678,11.37854508678,11.37854508678,11.37854508708,11.37854508718,11.3785450868,11.3785450868,11.37854508688,11.37854508688
"t61",6.9122496151,6.9122496153,6.9122496153,6.9122496153,1.2851356076,0.4412965064,0,4.156020968,4.156020967568,4.156020967468,4.156020967468,4.156020967568,4.156020967568,4.156020967568,4.156020967628,4.156020967628,4.156020967678,4.156020967678,4.156020967668,4.156020967598,4.156020967598,11.37854508688,11.37854508608,11.37854508627,11.37854508626,11.37854508626,11.37854508627,11.37854508617,11.37854508618,11.37854508618,11.37854508628,11.37854508628,11.37854508618,11.37854508619,11.37854508619,11.37854508649,11.37854508588,11.37854508617,11.37854508627,11.37854508627,11.37854508617,11.3785450862,11.3785450862,11.37854508619,11.37854508619,11.37854508622,11.37854508618,11.37854508618,11.37854508618,11.37854508618,11.37854508617,11.37854508617,11.37854508587,11.37854508641,11.37854508641,11.37854508618,11.37854508598,11.37854508617,11.37854508617,11.37854508648,11.37854508616,11.3785450862,11.3785450862,11.37854508646,11.37854508646,11.37854508686,11.37854508686,11.37854508637,11.37854508637,11.37854508636,11.37854508635,11.37854508635,11.37854508636,11.37854508651,11.37854508651,11.37854508656,11.37854508646,11.37854508686,11.37854508686,11.37854508686,11.37854508686,11.37854508686,11.37854508676,11.37854508676,11.37854508676,11.37854508674,11.37854508674,11.37854508673,11.37854508673,11.37854508638,11.37854508688,11.37854508678,11.37854508678,11.37854508678,11.37854508708,11.37854508718,11.3785450868,11.3785450868,11.37854508688,11.37854508688
"t6",6.9122496155,6.9122496157,6.9122496157,6.9122496157,4.156020968,4.156020968,4.156020968,0,3.692968581568,3.692968581468,3.692968581468,3.692968581568,3.692968581568,3.692968581568,3.692968581628,3.692968581628,3.692968581678,3.692968581678,3.692968581668,3.692968581598,3.692968581598,11.37854508728,11.37854508648,11.37854508667,11.37854508666,11.37854508666,11.37854508667,11.37854508657,11.37854508658,11.37854508658,11.37854508668,11.37854508668,11.37854508658,11.37854508659,11.37854508659,11.37854508689,11.37854508628,11.37854508657,11.37854508667,11.37854508667,11.37854508657,11.3785450866,11.3785450866,11.37854508659,11.37854508659,11.37854508662,11.37854508658,11.37854508658,11.37854508658,11.37854508658,11.37854508657,11.37854508657,11.37854508627,11.37854508681,11.37854508681,11.37854508658,11.37854508638,11.37854508657,11.37854508657,11.37854508688,11.37854508656,11.3785450866,11.3785450866,11.37854508686,11.37854508686,11.37854508726,11.37854508726,11.37854508677,11.37854508677,11.37854508676,11.37854508675,11.37854508675,11.37854508676,11.37854508691,11.37854508691,11.37854508696,11.37854508686,11.37854508726,11.37854508726,11.37854508726,11.37854508726,11.37854508726,11.37854508716,11.37854508716,11.37854508716,11.37854508714,11.37854508714,11.37854508713,11.37854508713,11.37854508678,11.37854508728,11.37854508718,11.37854508718,11.37854508718,11.37854508748,11.37854508758,11.3785450872,11.3785450872,11.37854508728,11.37854508728
"t31",6.912249615068,6.912249615268,6.912249615268,6.912249615268,4.156020967568,4.156020967568,4.156020967568,3.692968581568,0,1.1860868657,1.1860868657,3.5480402938,3.5480402938,3.5480402938,3.54804029386,3.54804029386,3.54804029391,3.54804029391,3.5480402939,3.68538610177,3.68538610177,11.378545086848,11.378545086048,11.378545086238,11.378545086228,11.378545086228,11.378545086238,11.378545086138,11.378545086148,11.378545086148,11.378545086248,11.378545086248,11.378545086148,11.378545086158,11.378545086158,11.378545086458,11.378545085848,11.378545086138,11.378545086238,11.378545086238,11.378545086138,11.378545086168,11.378545086168,11.378545086158,11.378545086158,11.378545086188,11.378545086148,11.378545086148,11.378545086148,11.378545086148,11.378545086138,11.378545086138,11.378545085838,11.378545086378,11.378545086378,11.378545086148,11.378545085948,11.378545086138,11.378545086138,11.378545086448,11.378545086128,11.378545086168,11.378545086168,11.378545086428,11.378545086428,11.378545086828,11.378545086828,11.378545086338,11.378545086338,11.378545086328,11.378545086318,11.378545086318,11.378545086328,11.378545086478,11.378545086478,11.378545086528,11.378545086428,11.378545086828,11.378545086828,11.378545086828,11.378545086828,11.378545086828,11.378545086728,11.378545086728,11.378545086728,11.378545086708,11.378545086708,11.378545086698,11.378545086698,11.378545086348,11.378545086848,11.378545086748,11.378545086748,11.378545086748,11.378545087048,11.378545087148,11.378545086768,11.378545086768,11.378545086848,11.378545086848
"t50",6.912249614968,6.912249615168,6.912249615168,6.912249615168,4.156020967468,4.156020967468,4.156020967468,3.692968581468,1.1860868657,0,0.7293659366,3.5480402937,3.5480402937,3.5480402937,3.54804029376,3.54804029376,3.54804029381,3.54804029381,3.5480402938,3.68538610167,3.68538610167,11.378545086748,11.378545085948,11.378545086138,11.378545086128,11.378545086128,11.378545086138,11.378545086038,11.378545086048,11.378545086048,11.378545086148,11.378545086148,11.378545086048,11.378545086058,11.378545086058,11.378545086358,11.378545085748,11.378545086038,11.378545086138,11.378545086138,11.378545086038,11.378545086068,11.378545086068,11.378545086058,11.378545086058,11.378545086088,11.378545086048,11.378545086048,11.378545086048,11.378545086048,11.378545086038,11.378545086038,11.378545085738,11.378545086278,11.378545086278,11.378545086048,11.378545085848,11.378545086038,11.378545086038,11.378545086348,11.378545086028,11.378545086068,11.378545086068,11.378545086328,11.378545086328,11.378545086728,11.378545086728,11.378545086238,11.378545086238,11.378545086228,11.378545086218,11.378545086218,11.378545086228,11.378545086378,11.378545086378,11.378545086428,11.378545086328,11.378545086728,11.378545086728,11.378545086728,11.378545086728,11.378545086728,11.378545086628,11.378545086628,11.378545086628,11.378545086608,11.378545086608,11.378545086598,11.378545086598,11.378545086248,11.378545086748,11.378545086648,11.378545086648,11.378545086648,11.378545086948,11.378545087048,11.378545086668,11.378545086668,11.378545086748,11.378545086748
"t51",6.912249614968,6.912249615168,6.912249615168,6.912249615168,4.156020967468,4.156020967468,4.156020967468,3.692968581468,1.1860868657,0.7293659366,0,3.5480402937,3.5480402937,3.5480402937,3.54804029376,3.54804029376,3.54804029381,3.54804029381,3.5480402938,3.68538610167,3.68538610167,11.378545086748,11.378545085948,11.378545086138,11.378545086128,11.378545086128,11.378545086138,11.378545086038,11.378545086048,11.378545086048,11.378545086148,11.378545086148,11.378545086048,11.378545086058,11.378545086058,11.378545086358,11.378545085748,11.378545086038,11.378545086138,11.378545086138,11.378545086038,11.378545086068,11.378545086068,11.378545086058,11.378545086058,11.378545086088,11.378545086048,11.378545086048,11.378545086048,11.378545086048,11.378545086038,11.378545086038,11.378545085738,11.378545086278,11.378545086278,11.378545086048,11.378545085848,11.378545086038,11.378545086038,11.378545086348,11.378545086028,11.378545086068,11.378545086068,11.378545086328,11.378545086328,11.378545086728,11.378545086728,11.378545086238,11.378545086238,11.378545086228,11.378545086218,11.378545086218,11.378545086228,11.378545086378,11.378545086378,11.378545086428,11.378545086328,11.378545086728,11.378545086728,11.378545086728,11.378545086728,11.378545086728,11.378545086628,11.378545086628,11.378545086628,11.378545086608,11.378545086608,11.378545086598,11.378545086598,11.378545086248,11.378545086748,11.378545086648,11.378545086648,11.378545086648,11.378545086948,11.378545087048,11.378545086668,11.378545086668,11.378545086748,11.378545086748
"t28",6.912249615068,6.912249615268,6.912249615268,6.912249615268,4.156020967568,4.156020967568,4.156020967568,3.692968581568,3.5480402938,3.5480402937,3.5480402937,0,1.2410988694,1.2410988694,2.30419415266,2.30419415266,2.30419415271,2.30419415271,2.3041941527,3.68538610177,3.68538610177,11.378545086848,11.378545086048,11.378545086238,11.378545086228,11.378545086228,11.378545086238,11.378545086138,11.378545086148,11.378545086148,11.378545086248,11.378545086248,11.378545086148,11.378545086158,11.378545086158,11.378545086458,11.378545085848,11.378545086138,11.378545086238,11.378545086238,11.378545086138,11.378545086168,11.378545086168,11.378545086158,11.378545086158,11.378545086188,11.378545086148,11.378545086148,11.378545086148,11.378545086148,11.378545086138,11.378545086138,11.378545085838,11.378545086378,11.378545086378,11.378545086148,11.378545085948,11.378545086138,11.378545086138,11.378545086448,11.378545086128,11.378545086168,11.378545086168,11.378545086428,11.378545086428,11.378545086828,11.378545086828,11.378545086338,11.378545086338,11.378545086328,11.378545086318,11.378545086318,11.378545086328,11.378545086478,11.378545086478,11.378545086528,11.378545086428,11.378545086828,11.378545086828,11.378545086828,11.378545086828,11.378545086828,11.378545086728,11.378545086728,11.378545086728,11.378545086708,11.378545086708,11.378545086698,11.378545086698,11.378545086348,11.378545086848,11.378545086748,11.378545086748,11.378545086748,11.378545087048,11.378545087148,11.378545086768,11.378545086768,11.378545086848,11.378545086848
"t54",6.912249615068,6.912249615268,6.912249615268,6.912249615268,4.156020967568,4.156020967568,4.156020967568,3.692968581568,3.5480402938,3.5480402937,3.5480402937,1.2410988694,0,0.6163920424,2.30419415266,2.30419415266,2.30419415271,2.30419415271,2.3041941527,3.68538610177,3.68538610177,11.378545086848,11.378545086048,11.378545086238,11.378545086228,11.378545086228,11.378545086238,11.378545086138,11.378545086148,11.378545086148,11.378545086248,11.378545086248,11.378545086148,11.378545086158,11.378545086158,11.378545086458,11.378545085848,11.378545086138,11.378545086238,11.378545086238,11.378545086138,11.378545086168,11.378545086168,11.378545086158,11.378545086158,11.378545086188,11.378545086148,11.378545086148,11.378545086148,11.378545086148,11.378545086138,11.378545086138,11.378545085838,11.378545086378,11.378545086378,11.378545086148,11.378545085948,11.378545086138,11.378545086138,11.378545086448,11.378545086128,11.378545086168,11.378545086168,11.378545086428,11.378545086428,11.378545086828,11.378545086828,11.378545086338,11.378545086338,11.378545086328,11.378545086318,11.378545086318,11.378545086328,11.378545086478,11.378545086478,11.378545086528,11.378545086428,11.378545086828,11.378545086828,11.378545086828,11.378545086828,11.378545086828,11.378545086728,11.378545086728,11.378545086728,11.378545086708,11.378545086708,11.378545086698,11.378545086698,11.378545086348,11.378545086848,11.378545086748,11.378545086748,11.378545086748,11.378545087048,11.378545087148,11.378545086768,11.378545086768,11.378545086848,11.378545086848
"t55",6.912249615068,6.912249615268,6.912249615268,6.912249615268,4.156020967568,4.156020967568,4.156020967568,3.692968581568,3.5480402938,3.5480402937,3.5480402937,1.2410988694,0.6163920424,0,2.30419415266,2.30419415266,2.30419415271,2.30419415271,2.3041941527,3.68538610177,3.68538610177,11.378545086848,11.378545086048,11.378545086238,11.378545086228,11.378545086228,11.378545086238,11.378545086138,11.378545086148,11.378545086148,11.378545086248,11.378545086248,11.378545086148,11.378545086158,11.378545086158,11.378545086458,11.378545085848,11.378545086138,11.378545086238,11.378545086238,11.378545086138,11.378545086168,11.378545086168,11.378545086158,11.378545086158,11.378545086188,11.378545086148,11.378545086148,11.378545086148,11.378545086148,11.378545086138,11.378545086138,11.378545085838,11.378545086378,11.378545086378,11.378545086148,11.378545085948,11.378545086138,11.378545086138,11.378545086448,11.378545086128,11.378545086168,11.378545086168,11.378545086428,11.378545086428,11.378545086828,11.378545086828,11.378545086338,11.378545086338,11.378545086328,11.378545086318,11.378545086318,11.378545086328,11.378545086478,11.378545086478,11.378545086528,11.378545086428,11.378545086828,11.378545086828,11.378545086828,11.378545086828,11.378545086828,11.378545086728,11.378545086728,11.378545086728,11.378545086708,11.378545086708,11.378545086698,11.378545086698,11.378545086348,11.378545086848,11.378545086748,11.378545086748,11.378545086748,11.378545087048,11.378545087148,11.378545086768,11.378545086768,11.378545086848,11.378545086848
"t99",6.912249615128,6.912249615328,6.912249615328,6.912249615328,4.156020967628,4.156020967628,4.156020967628,3.692968581628,3.54804029386,3.54804029376,3.54804029376,2.30419415266,2.30419415266,2.30419415266,0,0.02608242772,1.28977433157,1.28977433157,1.28977433156,3.68538610183,3.68538610183,11.378545086908,11.378545086108,11.378545086298,11.378545086288,11.378545086288,11.378545086298,11.378545086198,11.378545086208,11.378545086208,11.378545086308,11.378545086308,11.378545086208,11.378545086218,11.378545086218,11.378545086518,11.378545085908,11.378545086198,11.378545086298,11.378545086298,11.378545086198,11.378545086228,11.378545086228,11.378545086218,11.378545086218,11.378545086248,11.378545086208,11.378545086208,11.378545086208,11.378545086208,11.378545086198,11.378545086198,11.378545085898,11.378545086438,11.378545086438,11.378545086208,11.378545086008,11.378545086198,11.378545086198,11.378545086508,11.378545086188,11.378545086228,11.378545086228,11.378545086488,11.378545086488,11.378545086888,11.378545086888,11.378545086398,11.378545086398,11.378545086388,11.378545086378,11.378545086378,11.378545086388,11.378545086538,11.378545086538,11.378545086588,11.378545086488,11.378545086888,11.378545086888,11.378545086888,11.378545086888,11.378545086888,11.378545086788,11.378545086788,11.378545086788,11.378545086768,11.378545086768,11.378545086758,11.378545086758,11.378545086408,11.378545086908,11.378545086808,11.378545086808,11.378545086808,11.378545087108,11.378545087208,11.378545086828,11.378545086828,11.378545086908,11.378545086908
"t100",6.912249615128,6.912249615328,6.912249615328,6.912249615328,4.156020967628,4.156020967628,4.156020967628,3.692968581628,3.54804029386,3.54804029376,3.54804029376,2.30419415266,2.30419415266,2.30419415266,0.02608242772,0,1.28977433157,1.28977433157,1.28977433156,3.68538610183,3.68538610183,11.378545086908,11.378545086108,11.378545086298,11.378545086288,11.378545086288,11.378545086298,11.378545086198,11.378545086208,11.378545086208,11.378545086308,11.378545086308,11.378545086208,11.378545086218,11.378545086218,11.378545086518,11.378545085908,11.378545086198,11.378545086298,11.378545086298,11.378545086198,11.378545086228,11.378545086228,11.378545086218,11.378545086218,11.378545086248,11.378545086208,11.378545086208,11.378545086208,11.378545086208,11.378545086198,11.378545086198,11.378545085898,11.378545086438,11.378545086438,11.378545086208,11.378545086008,11.378545086198,11.378545086198,11.378545086508,11.378545086188,11.378545086228,11.378545086228,11.378545086488,11.378545086488,11.378545086888,11.378545086888,11.378545086398,11.378545086398,11.378545086388,11.378545086378,11.378545086378,11.378545086388,11.378545086538,11.378545086538,11.378545086588,11.378545086488,11.378545086888,11.378545086888,11.378545086888,11.378545086888,11.378545086888,11.378545086788,11.378545086788,11.378545086788,11.378545086768,11.378545086768,11.378545086758,11.378545086758,11.378545086408,11.378545086908,11.378545086808,11.378545086808,11.378545086808,11.378545087108,11.378545087208,11.378545086828,11.378545086828,11.378545086908,11.378545086908
"t87",6.912249615178,6.912249615378,6.912249615378,6.912249615378,4.156020967678,4.156020967678,4.156020967678,3.692968581678,3.54804029391,3.54804029381,3.54804029381,2.30419415271,2.30419415271,2.30419415271,1.28977433157,1.28977433157,0,0.13632245042,0.77598965241,3.68538610188,3.68538610188,11.378545086958,11.378545086158,11.378545086348,11.378545086338,11.378545086338,11.378545086348,11.378545086248,11.378545086258,11.378545086258,11.378545086358,11.378545086358,11.378545086258,11.378545086268,11.378545086268,11.378545086568,11.378545085958,11.378545086248,11.378545086348,11.378545086348,11.378545086248,11.378545086278,11.378545086278,11.378545086268,11.378545086268,11.378545086298,11.378545086258,11.378545086258,11.378545086258,11.378545086258,11.378545086248,11.378545086248,11.378545085948,11.378545086488,11.378545086488,11.378545086258,11.378545086058,11.378545086248,11.378545086248,11.378545086558,11.378545086238,11.378545086278,11.378545086278,11.378545086538,11.378545086538,11.378545086938,11.378545086938,11.378545086448,11.378545086448,11.378545086438,11.378545086428,11.378545086428,11.378545086438,11.378545086588,11.378545086588,11.378545086638,11.378545086538,11.378545086938,11.378545086938,11.378545086938,11.378545086938,11.378545086938,11.378545086838,11.378545086838,11.378545086838,11.378545086818,11.378545086818,11.378545086808,11.378545086808,11.378545086458,11.378545086958,11.378545086858,11.378545086858,11.378545086858,11.378545087158,11.378545087258,11.378545086878,11.378545086878,11.378545086958,11.378545086958
"t88",6.912249615178,6.912249615378,6.912249615378,6.912249615378,4.156020967678,4.156020967678,4.156020967678,3.692968581678,3.54804029391,3.54804029381,3.54804029381,2.30419415271,2.30419415271,2.30419415271,1.28977433157,1.28977433157,0.13632245042,0,0.77598965241,3.68538610188,3.68538610188,11.378545086958,11.378545086158,11.378545086348,11.378545086338,11.378545086338,11.378545086348,11.378545086248,11.378545086258,11.378545086258,11.378545086358,11.378545086358,11.378545086258,11.378545086268,11.378545086268,11.378545086568,11.378545085958,11.378545086248,11.378545086348,11.378545086348,11.378545086248,11.378545086278,11.378545086278,11.378545086268,11.378545086268,11.378545086298,11.378545086258,11.378545086258,11.378545086258,11.378545086258,11.378545086248,11.378545086248,11.378545085948,11.378545086488,11.378545086488,11.378545086258,11.378545086058,11.378545086248,11.378545086248,11.378545086558,11.378545086238,11.378545086278,11.378545086278,11.378545086538,11.378545086538,11.378545086938,11.378545086938,11.378545086448,11.378545086448,11.378545086438,11.378545086428,11.378545086428,11.378545086438,11.378545086588,11.378545086588,11.378545086638,11.378545086538,11.378545086938,11.378545086938,11.378545086938,11.378545086938,11.378545086938,11.378545086838,11.378545086838,11.378545086838,11.378545086818,11.378545086818,11.378545086808,11.378545086808,11.378545086458,11.378545086958,11.378545086858,11.378545086858,11.378545086858,11.378545087158,11.378545087258,11.378545086878,11.378545086878,11.378545086958,11.378545086958
"t40",6.912249615168,6.912249615368,6.912249615368,6.912249615368,4.156020967668,4.156020967668,4.156020967668,3.692968581668,3.5480402939,3.5480402938,3.5480402938,2.3041941527,2.3041941527,2.3041941527,1.28977433156,1.28977433156,0.77598965241,0.77598965241,0,3.68538610187,3.68538610187,11.378545086948,11.378545086148,11.378545086338,11.378545086328,11.378545086328,11.378545086338,11.378545086238,11.378545086248,11.378545086248,11.378545086348,11.378545086348,11.378545086248,11.378545086258,11.378545086258,11.378545086558,11.378545085948,11.378545086238,11.378545086338,11.378545086338,11.378545086238,11.378545086268,11.378545086268,11.378545086258,11.378545086258,11.378545086288,11.378545086248,11.378545086248,11.378545086248,11.378545086248,11.378545086238,11.378545086238,11.378545085938,11.378545086478,11.378545086478,11.378545086248,11.378545086048,11.378545086238,11.378545086238,11.378545086548,11.378545086228,11.378545086268,11.378545086268,11.378545086528,11.378545086528,11.378545086928,11.378545086928,11.378545086438,11.378545086438,11.378545086428,11.378545086418,11.378545086418,11.378545086428,11.378545086578,11.378545086578,11.378545086628,11.378545086528,11.378545086928,11.378545086928,11.378545086928,11.378545086928,11.378545086928,11.378545086828,11.378545086828,11.378545086828,11.378545086808,11.378545086808,11.378545086798,11.378545086798,11.378545086448,11.378545086948,11.378545086848,11.378545086848,11.378545086848,11.378545087148,11.378545087248,11.378545086868,11.378545086868,11.378545086948,11.378545086948
"t19",6.912249615098,6.912249615298,6.912249615298,6.912249615298,4.156020967598,4.156020967598,4.156020967598,3.692968581598,3.68538610177,3.68538610167,3.68538610167,3.68538610177,3.68538610177,3.68538610177,3.68538610183,3.68538610183,3.68538610188,3.68538610188,3.68538610187,0,1.8918029322,11.378545086878,11.378545086078,11.378545086268,11.378545086258,11.378545086258,11.378545086268,11.378545086168,11.378545086178,11.378545086178,11.378545086278,11.378545086278,11.378545086178,11.378545086188,11.378545086188,11.378545086488,11.378545085878,11.378545086168,11.378545086268,11.378545086268,11.378545086168,11.378545086198,11.378545086198,11.378545086188,11.378545086188,11.378545086218,11.378545086178,11.378545086178,11.378545086178,11.378545086178,11.378545086168,11.378545086168,11.378545085868,11.378545086408,11.378545086408,11.378545086178,11.378545085978,11.378545086168,11.378545086168,11.378545086478,11.378545086158,11.378545086198,11.378545086198,11.378545086458,11.378545086458,11.378545086858,11.378545086858,11.378545086368,11.378545086368,11.378545086358,11.378545086348,11.378545086348,11.378545086358,11.378545086508,11.378545086508,11.378545086558,11.378545086458,11.378545086858,11.378545086858,11.378545086858,11.378545086858,11.378545086858,11.378545086758,11.378545086758,11.378545086758,11.378545086738,11.378545086738,11.378545086728,11.378545086728,11.378545086378,11.378545086878,11.378545086778,11.378545086778,11.378545086778,11.378545087078,11.378545087178,11.378545086798,11.378545086798,11.378545086878,11.378545086878
"t20",6.912249615098,6.912249615298,6.912249615298,6.912249615298,4.156020967598,4.156020967598,4.156020967598,3.692968581598,3.68538610177,3.68538610167,3.68538610167,3.68538610177,3.68538610177,3.68538610177,3.68538610183,3.68538610183,3.68538610188,3.68538610188,3.68538610187,1.8918029322,0,11.378545086878,11.378545086078,11.378545086268,11.378545086258,11.378545086258,11.378545086268,11.378545086168,11.378545086178,11.378545086178,11.378545086278,11.378545086278,11.378545086178,11.378545086188,11.378545086188,11.378545086488,11.378545085878,11.378545086168,11.378545086268,11.378545086268,11.378545086168,11.378545086198,11.378545086198,11.378545086188,11.378545086188,11.378545086218,11.378545086178,11.378545086178,11.378545086178,11.378545086178,11.378545086168,11.378545086168,11.378545085868,11.378545086408,11.378545086408,11.378545086178,11.378545085978,11.378545086168,11.378545086168,11.378545086478,11.378545086158,11.378545086198,11.378545086198,11.378545086458,11.378545086458,11.378545086858,11.378545086858,11.378545086368,11.378545086368,11.378545086358,11.378545086348,11.378545086348,11.378545086358,11.378545086508,11.378545086508,11.378545086558,11.378545086458,11.378545086858,11.378545086858,11.378545086858,11.378545086858,11.378545086858,11.378545086758,11.378545086758,11.378545086758,11.378545086738,11.378545086738,11.378545086728,11.378545086728,11.378545086378,11.378545086878,11.378545086778,11.378545086778,11.378545086778,11.378545087078,11.378545087178,11.378545086798,11.378545086798,11.378545086878,11.378545086878
"t1",11.37854508638,11.37854508658,11.37854508658,11.37854508658,11.37854508688,11.37854508688,11.37854508688,11.37854508728,11.378545086848,11.378545086748,11.378545086748,11.378545086848,11.378545086848,11.378545086848,11.378545086908,11.378545086908,11.378545086958,11.378545086958,11.378545086948,11.378545086878,11.378545086878,0,8.8874948952,8.88749489539,8.88749489538,8.88749489538,8.88749489539,8.88749489529,8.8874948953,8.8874948953,8.8874948954,8.8874948954,8.8874948953,8.88749489531,8.88749489531,8.88749489561,8.887494895,8.88749489529,8.88749489539,8.88749489539,8.88749489529,8.88749489532,8.88749489532,8.88749489531,8.88749489531,8.88749489534,8.8874948953,8.8874948953,8.8874948953,8.8874948953,8.88749489529,8.88749489529,8.88749489499,8.88749489553,8.88749489553,8.8874948953,8.8874948951,8.88749489529,8.88749489529,8.8874948956,8.88749489528,8.88749489532,8.88749489532,8.88749489558,8.88749489558,8.88749489598,8.88749489598,8.88749489549,8.88749489549,8.88749489548,8.88749489547,8.88749489547,8.88749489548,8.88749489563,8.88749489563,8.88749489568,8.88749489558,8.88749489598,8.88749489598,8.88749489598,8.88749489598,8.88749489598,8.88749489588,8.88749489588,8.88749489588,8.88749489586,8.88749489586,8.88749489585,8.88749489585,8.8874948955,11.330344972,11.3303449719,11.3303449719,11.3303449719,11.3303449722,11.3303449723,11.33034497192,11.33034497192,11.330344972,11.330344972
"t5",11.37854508558,11.37854508578,11.37854508578,11.37854508578,11.37854508608,11.37854508608,11.37854508608,11.37854508648,11.378545086048,11.378545085948,11.378545085948,11.378545086048,11.378545086048,11.378545086048,11.378545086108,11.378545086108,11.378545086158,11.378545086158,11.378545086148,11.378545086078,11.378545086078,8.8874948952,0,4.57071055019,4.57071055018,4.57071055018,4.57071055019,4.57071055009,4.5707105501,4.5707105501,4.5707105502,4.5707105502,4.5707105501,4.57071055011,4.57071055011,4.57071055041,4.5707105498,4.57071055009,4.57071055019,4.57071055019,4.57071055009,4.57071055012,4.57071055012,4.57071055011,4.57071055011,4.57071055014,4.5707105501,4.5707105501,4.5707105501,4.5707105501,4.57071055009,4.57071055009,4.57071054979,4.57071055033,4.57071055033,4.5707105501,8.5677180679,8.56771806809,8.56771806809,8.5677180684,8.56771806808,8.56771806812,8.56771806812,8.56771806838,8.56771806838,8.56771806878,8.56771806878,8.56771806829,8.56771806829,8.56771806828,8.56771806827,8.56771806827,8.56771806828,8.56771806843,8.56771806843,8.56771806848,8.56771806838,8.56771806878,8.56771806878,8.56771806878,8.56771806878,8.56771806878,8.56771806868,8.56771806868,8.56771806868,8.56771806866,8.56771806866,8.56771806865,8.56771806865,8.5677180683,11.3303449712,11.3303449711,11.3303449711,11.3303449711,11.3303449714,11.3303449715,11.33034497112,11.33034497112,11.3303449712,11.3303449712
"t59",11.37854508577,11.37854508597,11.37854508597,11.37854508597,11.37854508627,11.37854508627,11.37854508627,11.37854508667,11.378545086238,11.378545086138,11.378545086138,11.378545086238,11.378545086238,11.378545086238,11.378545086298,11.378545086298,11.378545086348,11.378545086348,11.378545086338,11.378545086268,11.378545086268,8.88749489539,4.57071055019,0,0.49829341779,0.49829341779,0.9472715978,1.6497171393,3.41703737551,3.41703737551,3.41703737561,3.41703737561,3.41703737551,3.41703737552,3.41703737552,3.41703737582,3.41703737521,3.9100567267,3.9100567268,3.9100567268,3.9100567267,3.91005672673,3.91005672673,3.91005672672,3.91005672672,3.91005672675,3.91005672671,3.91005672671,3.91005672671,3.91005672671,3.9100567267,3.9100567267,3.9100567264,3.96616710392,3.96616710392,3.96616710369,8.56771806809,8.56771806828,8.56771806828,8.56771806859,8.56771806827,8.56771806831,8.56771806831,8.56771806857,8.56771806857,8.56771806897,8.56771806897,8.56771806848,8.56771806848,8.56771806847,8.56771806846,8.56771806846,8.56771806847,8.56771806862,8.56771806862,8.56771806867,8.56771806857,8.56771806897,8.56771806897,8.56771806897,8.56771806897,8.56771806897,8.56771806887,8.56771806887,8.56771806887,8.56771806885,8.56771806885,8.56771806884,8.56771806884,8.56771806849,11.33034497139,11.33034497129,11.33034497129,11.33034497129,11.33034497159,11.33034497169,11.33034497131,11.33034497131,11.33034497139,11.33034497139
"t89",11.37854508576,11.37854508596,11.37854508596,11.37854508596,11.37854508626,11.37854508626,11.37854508626,11.37854508666,11.378545086228,11.378545086128,11.378545086128,11.378545086228,11.378545086228,11.378545086228,11.378545086288,11.378545086288,11.378545086338,11.378545086338,11.378545086328,11.378545086258,11.378545086258,8.88749489538,4.57071055018,0.49829341779,0,0.08207025578,0.94727159779,1.64971713929,3.4170373755,3.4170373755,3.4170373756,3.4170373756,3.4170373755,3.41703737551,3.41703737551,3.41703737581,3.4170373752,3.91005672669,3.91005672679,3.91005672679,3.91005672669,3.91005672672,3.91005672672,3.91005672671,3.91005672671,3.91005672674,3.9100567267,3.9100567267,3.9100567267,3.9100567267,3.91005672669,3.91005672669,3.91005672639,3.96616710391,3.96616710391,3.96616710368,8.56771806808,8.56771806827,8.56771806827,8.56771806858,8.56771806826,8.5677180683,8.5677180683,8.56771806856,8.56771806856,8.56771806896,8.56771806896,8.56771806847,8.56771806847,8.56771806846,8.56771806845,8.56771806845,8.56771806846,8.56771806861,8.56771806861,8.56771806866,8.56771806856,8.56771806896,8.56771806896,8.56771806896,8.56771806896,8.56771806896,8.56771806886,8.56771806886,8.56771806886,8.56771806884,8.56771806884,8.56771806883,8.56771806883,8.56771806848,11.33034497138,11.33034497128,11.33034497128,11.33034497128,11.33034497158,11.33034497168,11.3303449713,11.3303449713,11.33034497138,11.33034497138
"t90",11.37854508576,11.37854508596,11.37854508596,11.37854508596,11.37854508626,11.37854508626,11.37854508626,11.37854508666,11.378545086228,11.378545086128,11.378545086128,11.378545086228,11.378545086228,11.378545086228,11.378545086288,11.378545086288,11.378545086338,11.378545086338,11.378545086328,11.378545086258,11.378545086258,8.88749489538,4.57071055018,0.49829341779,0.08207025578,0,0.94727159779,1.64971713929,3.4170373755,3.4170373755,3.4170373756,3.4170373756,3.4170373755,3.41703737551,3.41703737551,3.41703737581,3.4170373752,3.91005672669,3.91005672679,3.91005672679,3.91005672669,3.91005672672,3.91005672672,3.91005672671,3.91005672671,3.91005672674,3.9100567267,3.9100567267,3.9100567267,3.9100567267,3.91005672669,3.91005672669,3.91005672639,3.96616710391,3.96616710391,3.96616710368,8.56771806808,8.56771806827,8.56771806827,8.56771806858,8.56771806826,8.5677180683,8.5677180683,8.56771806856,8.56771806856,8.56771806896,8.56771806896,8.56771806847,8.56771806847,8.56771806846,8.56771806845,8.56771806845,8.56771806846,8.56771806861,8.56771806861,8.56771806866,8.56771806856,8.56771806896,8.56771806896,8.56771806896,8.56771806896,8.56771806896,8.56771806886,8.56771806886,8.56771806886,8.56771806884,8.56771806884,8.56771806883,8.56771806883,8.56771806848,11.33034497138,11.33034497128,11.33034497128,11.33034497128,11.33034497158,11.33034497168,11.3303449713,11.3303449713,11.33034497138,11.33034497138
"t37",11.37854508577,11.37854508597,11.37854508597,11.37854508597,11.37854508627,11.37854508627,11.37854508627,11.37854508667,11.378545086238,11.378545086138,11.378545086138,11.378545086238,11.378545086238,11.378545086238,11.378545086298,11.378545086298,11.378545086348,11.378545086348,11.378545086338,11.378545086268,11.378545086268,8.88749489539,4.57071055019,0.9472715978,0.94727159779,0.94727159779,0,1.6497171393,3.41703737551,3.41703737551,3.41703737561,3.41703737561,3.41703737551,3.41703737552,3.41703737552,3.41703737582,3.41703737521,3.9100567267,3.9100567268,3.9100567268,3.9100567267,3.91005672673,3.91005672673,3.91005672672,3.91005672672,3.91005672675,3.91005672671,3.91005672671,3.91005672671,3.91005672671,3.9100567267,3.9100567267,3.9100567264,3.96616710392,3.96616710392,3.96616710369,8.56771806809,8.56771806828,8.56771806828,8.56771806859,8.56771806827,8.56771806831,8.56771806831,8.56771806857,8.56771806857,8.56771806897,8.56771806897,8.56771806848,8.56771806848,8.56771806847,8.56771806846,8.56771806846,8.56771806847,8.56771806862,8.56771806862,8.56771806867,8.56771806857,8.56771806897,8.56771806897,8.56771806897,8.56771806897,8.56771806897,8.56771806887,8.56771806887,8.56771806887,8.56771806885,8.56771806885,8.56771806884,8.56771806884,8.56771806849,11.33034497139,11.33034497129,11.33034497129,11.33034497129,11.33034497159,11.33034497169,11.33034497131,11.33034497131,11.33034497139,11.33034497139
"t25",11.37854508567,11.37854508587,11.37854508587,11.37854508587,11.37854508617,11.37854508617,11.37854508617,11.37854508657,11.378545086138,11.378545086038,11.378545086038,11.378545086138,11.378545086138,11.378545086138,11.378545086198,11.378545086198,11.378545086248,11.378545086248,11.378545086238,11.378545086168,11.378545086168,8.88749489529,4.57071055009,1.6497171393,1.64971713929,1.64971713929,1.6497171393,0,3.41703737541,3.41703737541,3.41703737551,3.41703737551,3.41703737541,3.41703737542,3.41703737542,3.41703737572,3.41703737511,3.9100567266,3.9100567267,3.9100567267,3.9100567266,3.91005672663,3.91005672663,3.91005672662,3.91005672662,3.91005672665,3.91005672661,3.91005672661,3.91005672661,3.91005672661,3.9100567266,3.9100567266,3.9100567263,3.96616710382,3.96616710382,3.96616710359,8.56771806799,8.56771806818,8.56771806818,8.56771806849,8.56771806817,8.56771806821,8.56771806821,8.56771806847,8.56771806847,8.56771806887,8.56771806887,8.56771806838,8.56771806838,8.56771806837,8.56771806836,8.56771806836,8.56771806837,8.56771806852,8.56771806852,8.56771806857,8.56771806847,8.56771806887,8.56771806887,8.56771806887,8.56771806887,8.56771806887,8.56771806877,8.56771806877,8.56771806877,8.56771806875,8.56771806875,8.56771806874,8.56771806874,8.56771806839,11.33034497129,11.33034497119,11.33034497119,11.33034497119,11.33034497149,11.33034497159,11.33034497121,11.33034497121,11.33034497129,11.33034497129
"t41",11.37854508568,11.37854508588,11.37854508588,11.37854508588,11.37854508618,11.37854508618,11.37854508618,11.37854508658,11.378545086148,11.378545086048,11.378545086048,11.378545086148,11.378545086148,11.378545086148,11.378545086208,11.378545086208,11.378545086258,11.378545086258,11.378545086248,11.378545086178,11.378545086178,8.8874948953,4.5707105501,3.41703737551,3.4170373755,3.4170373755,3.41703737551,3.41703737541,0,0.775873553,2.4531783331,2.4531783331,2.453178333,3.27097305841,3.27097305841,3.27097305871,3.2709730581,3.91005672661,3.91005672671,3.91005672671,3.91005672661,3.91005672664,3.91005672664,3.91005672663,3.91005672663,3.91005672666,3.91005672662,3.91005672662,3.91005672662,3.91005672662,3.91005672661,3.91005672661,3.91005672631,3.96616710383,3.96616710383,3.9661671036,8.567718068,8.56771806819,8.56771806819,8.5677180685,8.56771806818,8.56771806822,8.56771806822,8.56771806848,8.56771806848,8.56771806888,8.56771806888,8.56771806839,8.56771806839,8.56771806838,8.56771806837,8.56771806837,8.56771806838,8.56771806853,8.56771806853,8.56771806858,8.56771806848,8.56771806888,8.56771806888,8.56771806888,8.56771806888,8.56771806888,8.56771806878,8.56771806878,8.56771806878,8.56771806876,8.56771806876,8.56771806875,8.56771806875,8.5677180684,11.3303449713,11.3303449712,11.3303449712,11.3303449712,11.3303449715,11.3303449716,11.33034497122,11.33034497122,11.3303449713,11.3303449713
"t42",11.37854508568,11.37854508588,11.37854508588,11.37854508588,11.37854508618,11.37854508618,11.37854508618,11.37854508658,11.378545086148,11.378545086048,11.378545086048,11.378545086148,11.378545086148,11.378545086148,11.378545086208,11.378545086208,11.378545086258,11.378545086258,11.378545086248,11.378545086178,11.378545086178,8.8874948953,4.5707105501,3.41703737551,3.4170373755,3.4170373755,3.41703737551,3.41703737541,0.775873553,0,2.4531783331,2.4531783331,2.453178333,3.27097305841,3.27097305841,3.27097305871,3.2709730581,3.91005672661,3.91005672671,3.91005672671,3.91005672661,3.91005672664,3.91005672664,3.91005672663,3.91005672663,3.91005672666,3.91005672662,3.91005672662,3.91005672662,3.91005672662,3.91005672661,3.91005672661,3.91005672631,3.96616710383,3.96616710383,3.9661671036,8.567718068,8.56771806819,8.56771806819,8.5677180685,8.56771806818,8.56771806822,8.56771806822,8.56771806848,8.56771806848,8.56771806888,8.56771806888,8.56771806839,8.56771806839,8.56771806838,8.56771806837,8.56771806837,8.56771806838,8.56771806853,8.56771806853,8.56771806858,8.56771806848,8.56771806888,8.56771806888,8.56771806888,8.56771806888,8.56771806888,8.56771806878,8.56771806878,8.56771806878,8.56771806876,8.56771806876,8.56771806875,8.56771806875,8.5677180684,11.3303449713,11.3303449712,11.3303449712,11.3303449712,11.3303449715,11.3303449716,11.33034497122,11.33034497122,11.3303449713,11.3303449713
"t29",11.37854508578,11.37854508598,11.37854508598,11.37854508598,11.37854508628,11.37854508628,11.37854508628,11.37854508668,11.378545086248,11.378545086148,11.378545086148,11.378545086248,11.378545086248,11.378545086248,11.378545086308,11.378545086308,11.378545086358,11.378545086358,11.378545086348,11.378545086278,11.378545086278,8.8874948954,4.5707105502,3.41703737561,3.4170373756,3.4170373756,3.41703737561,3.41703737551,2.4531783331,2.4531783331,0,1.2403681256,1.7592170487,3.27097305851,3.27097305851,3.27097305881,3.2709730582,3.91005672671,3.91005672681,3.91005672681,3.91005672671,3.91005672674,3.91005672674,3.91005672673,3.91005672673,3.91005672676,3.91005672672,3.91005672672,3.91005672672,3.91005672672,3.91005672671,3.91005672671,3.91005672641,3.96616710393,3.96616710393,3.9661671037,8.5677180681,8.56771806829,8.56771806829,8.5677180686,8.56771806828,8.56771806832,8.56771806832,8.56771806858,8.56771806858,8.56771806898,8.56771806898,8.56771806849,8.56771806849,8.56771806848,8.56771806847,8.56771806847,8.56771806848,8.56771806863,8.56771806863,8.56771806868,8.56771806858,8.56771806898,8.56771806898,8.56771806898,8.56771806898,8.56771806898,8.56771806888,8.56771806888,8.56771806888,8.56771806886,8.56771806886,8.56771806885,8.56771806885,8.5677180685,11.3303449714,11.3303449713,11.3303449713,11.3303449713,11.3303449716,11.3303449717,11.33034497132,11.33034497132,11.3303449714,11.3303449714
"t30",11.37854508578,11.37854508598,11.37854508598,11.37854508598,11.37854508628,11.37854508628,11.37854508628,11.37854508668,11.378545086248,11.378545086148,11.378545086148,11.378545086248,11.378545086248,11.378545086248,11.378545086308,11.378545086308,11.378545086358,11.378545086358,11.378545086348,11.378545086278,11.378545086278,8.8874948954,4.5707105502,3.41703737561,3.4170373756,3.4170373756,3.41703737561,3.41703737551,2.4531783331,2.4531783331,1.2403681256,0,1.7592170487,3.27097305851,3.27097305851,3.27097305881,3.2709730582,3.91005672671,3.91005672681,3.91005672681,3.91005672671,3.91005672674,3.91005672674,3.91005672673,3.91005672673,3.91005672676,3.91005672672,3.91005672672,3.91005672672,3.91005672672,3.91005672671,3.91005672671,3.91005672641,3.96616710393,3.96616710393,3.9661671037,8.5677180681,8.56771806829,8.56771806829,8.5677180686,8.56771806828,8.56771806832,8.56771806832,8.56771806858,8.56771806858,8.56771806898,8.56771806898,8.56771806849,8.56771806849,8.56771806848,8.56771806847,8.56771806847,8.56771806848,8.56771806863,8.56771806863,8.56771806868,8.56771806858,8.56771806898,8.56771806898,8.56771806898,8.56771806898,8.56771806898,8.56771806888,8.56771806888,8.56771806888,8.56771806886,8.56771806886,8.56771806885,8.56771806885,8.5677180685,11.3303449714,11.3303449713,11.3303449713,11.3303449713,11.3303449716,11.3303449717,11.33034497132,11.33034497132,11.3303449714,11.3303449714
"t23",11.37854508568,11.37854508588,11.37854508588,11.37854508588,11.37854508618,11.37854508618,11.37854508618,11.37854508658,11.378545086148,11.378545086048,11.378545086048,11.378545086148,11.378545086148,11.378545086148,11.378545086208,11.378545086208,11.378545086258,11.378545086258,11.378545086248,11.378545086178,11.378545086178,8.8874948953,4.5707105501,3.41703737551,3.4170373755,3.4170373755,3.41703737551,3.41703737541,2.453178333,2.453178333,1.7592170487,1.7592170487,0,3.27097305841,3.27097305841,3.27097305871,3.2709730581,3.91005672661,3.91005672671,3.91005672671,3.91005672661,3.91005672664,3.91005672664,3.91005672663,3.91005672663,3.91005672666,3.91005672662,3.91005672662,3.91005672662,3.91005672662,3.91005672661,3.91005672661,3.91005672631,3.96616710383,3.96616710383,3.9661671036,8.567718068,8.56771806819,8.56771806819,8.5677180685,8.56771806818,8.56771806822,8.56771806822,8.56771806848,8.56771806848,8.56771806888,8.56771806888,8.56771806839,8.56771806839,8.56771806838,8.56771806837,8.56771806837,8.56771806838,8.56771806853,8.56771806853,8.56771806858,8.56771806848,8.56771806888,8.56771806888,8.56771806888,8.56771806888,8.56771806888,8.56771806878,8.56771806878,8.56771806878,8.56771806876,8.56771806876,8.56771806875,8.56771806875,8.5677180684,11.3303449713,11.3303449712,11.3303449712,11.3303449712,11.3303449715,11.3303449716,11.33034497122,11.33034497122,11.3303449713,11.3303449713
"t32",11.37854508569,11.37854508589,11.37854508589,11.37854508589,11.37854508619,11.37854508619,11.37854508619,11.37854508659,11.378545086158,11.378545086058,11.378545086058,11.378545086158,11.378545086158,11.378545086158,11.378545086218,11.378545086218,11.378545086268,11.378545086268,11.378545086258,11.378545086188,11.378545086188,8.88749489531,4.57071055011,3.41703737552,3.41703737551,3.41703737551,3.41703737552,3.41703737542,3.27097305841,3.27097305841,3.27097305851,3.27097305851,3.27097305841,0,1.1216815234,2.9080831817,2.93710349631,3.91005672662,3.91005672672,3.91005672672,3.91005672662,3.91005672665,3.91005672665,3.91005672664,3.91005672664,3.91005672667,3.91005672663,3.91005672663,3.91005672663,3.91005672663,3.91005672662,3.91005672662,3.91005672632,3.96616710384,3.96616710384,3.96616710361,8.56771806801,8.5677180682,8.5677180682,8.56771806851,8.56771806819,8.56771806823,8.56771806823,8.56771806849,8.56771806849,8.56771806889,8.56771806889,8.5677180684,8.5677180684,8.56771806839,8.56771806838,8.56771806838,8.56771806839,8.56771806854,8.56771806854,8.56771806859,8.56771806849,8.56771806889,8.56771806889,8.56771806889,8.56771806889,8.56771806889,8.56771806879,8.56771806879,8.56771806879,8.56771806877,8.56771806877,8.56771806876,8.56771806876,8.56771806841,11.33034497131,11.33034497121,11.33034497121,11.33034497121,11.33034497151,11.33034497161,11.33034497123,11.33034497123,11.33034497131,11.33034497131
"t33",11.37854508569,11.37854508589,11.37854508589,11.37854508589,11.37854508619,11.37854508619,11.37854508619,11.37854508659,11.378545086158,11.378545086058,11.378545086058,11.378545086158,11.378545086158,11.378545086158,11.378545086218,11.378545086218,11.378545086268,11.378545086268,11.378545086258,11.378545086188,11.378545086188,8.88749489531,4.57071055011,3.41703737552,3.41703737551,3.41703737551,3.41703737552,3.41703737542,3.27097305841,3.27097305841,3.27097305851,3.27097305851,3.27097305841,1.1216815234,0,2.9080831817,2.93710349631,3.91005672662,3.91005672672,3.91005672672,3.91005672662,3.91005672665,3.91005672665,3.91005672664,3.91005672664,3.91005672667,3.91005672663,3.91005672663,3.91005672663,3.91005672663,3.91005672662,3.91005672662,3.91005672632,3.96616710384,3.96616710384,3.96616710361,8.56771806801,8.5677180682,8.5677180682,8.56771806851,8.56771806819,8.56771806823,8.56771806823,8.56771806849,8.56771806849,8.56771806889,8.56771806889,8.5677180684,8.5677180684,8.56771806839,8.56771806838,8.56771806838,8.56771806839,8.56771806854,8.56771806854,8.56771806859,8.56771806849,8.56771806889,8.56771806889,8.56771806889,8.56771806889,8.56771806889,8.56771806879,8.56771806879,8.56771806879,8.56771806877,8.56771806877,8.56771806876,8.56771806876,8.56771806841,11.33034497131,11.33034497121,11.33034497121,11.33034497121,11.33034497151,11.33034497161,11.33034497123,11.33034497123,11.33034497131,11.33034497131
"t10",11.37854508599,11.37854508619,11.37854508619,11.37854508619,11.37854508649,11.37854508649,11.37854508649,11.37854508689,11.378545086458,11.378545086358,11.378545086358,11.378545086458,11.378545086458,11.378545086458,11.378545086518,11.378545086518,11.378545086568,11.378545086568,11.378545086558,11.378545086488,11.378545086488,8.88749489561,4.57071055041,3.41703737582,3.41703737581,3.41703737581,3.41703737582,3.41703737572,3.27097305871,3.27097305871,3.27097305881,3.27097305881,3.27097305871,2.9080831817,2.9080831817,0,2.93710349661,3.91005672692,3.91005672702,3.91005672702,3.91005672692,3.91005672695,3.91005672695,3.91005672694,3.91005672694,3.91005672697,3.91005672693,3.91005672693,3.91005672693,3.91005672693,3.91005672692,3.91005672692,3.91005672662,3.96616710414,3.96616710414,3.96616710391,8.56771806831,8.5677180685,8.5677180685,8.56771806881,8.56771806849,8.56771806853,8.56771806853,8.56771806879,8.56771806879,8.56771806919,8.56771806919,8.5677180687,8.5677180687,8.56771806869,8.56771806868,8.56771806868,8.56771806869,8.56771806884,8.56771806884,8.56771806889,8.56771806879,8.56771806919,8.56771806919,8.56771806919,8.56771806919,8.56771806919,8.56771806909,8.56771806909,8.56771806909,8.56771806907,8.56771806907,8.56771806906,8.56771806906,8.56771806871,11.33034497161,11.33034497151,11.33034497151,11.33034497151,11.33034497181,11.33034497191,11.33034497153,11.33034497153,11.33034497161,11.33034497161
"t9",11.37854508538,11.37854508558,11.37854508558,11.37854508558,11.37854508588,11.37854508588,11.37854508588,11.37854508628,11.378545085848,11.378545085748,11.378545085748,11.378545085848,11.378545085848,11.378545085848,11.378545085908,11.378545085908,11.378545085958,11.378545085958,11.378545085948,11.378545085878,11.378545085878,8.887494895,4.5707105498,3.41703737521,3.4170373752,3.4170373752,3.41703737521,3.41703737511,3.2709730581,3.2709730581,3.2709730582,3.2709730582,3.2709730581,2.93710349631,2.93710349631,2.93710349661,0,3.91005672631,3.91005672641,3.91005672641,3.91005672631,3.91005672634,3.91005672634,3.91005672633,3.91005672633,3.91005672636,3.91005672632,3.91005672632,3.91005672632,3.91005672632,3.91005672631,3.91005672631,3.91005672601,3.96616710353,3.96616710353,3.9661671033,8.5677180677,8.56771806789,8.56771806789,8.5677180682,8.56771806788,8.56771806792,8.56771806792,8.56771806818,8.56771806818,8.56771806858,8.56771806858,8.56771806809,8.56771806809,8.56771806808,8.56771806807,8.56771806807,8.56771806808,8.56771806823,8.56771806823,8.56771806828,8.56771806818,8.56771806858,8.56771806858,8.56771806858,8.56771806858,8.56771806858,8.56771806848,8.56771806848,8.56771806848,8.56771806846,8.56771806846,8.56771806845,8.56771806845,8.5677180681,11.330344971,11.3303449709,11.3303449709,11.3303449709,11.3303449712,11.3303449713,11.33034497092,11.33034497092,11.330344971,11.330344971
"t26",11.37854508567,11.37854508587,11.37854508587,11.37854508587,11.37854508617,11.37854508617,11.37854508617,11.37854508657,11.378545086138,11.378545086038,11.378545086038,11.378545086138,11.378545086138,11.378545086138,11.378545086198,11.378545086198,11.378545086248,11.378545086248,11.378545086238,11.378545086168,11.378545086168,8.88749489529,4.57071055009,3.9100567267,3.91005672669,3.91005672669,3.9100567267,3.9100567266,3.91005672661,3.91005672661,3.91005672671,3.91005672671,3.91005672661,3.91005672662,3.91005672662,3.91005672692,3.91005672631,0,1.4960092971,1.4960092971,2.5242322742,2.52423227423,2.52423227423,2.52423227422,2.52423227422,2.52423227425,2.52423227421,2.52423227421,2.52423227421,2.52423227421,2.5242322742,2.5242322742,3.4198356983,3.96616710382,3.96616710382,3.96616710359,8.56771806799,8.56771806818,8.56771806818,8.56771806849,8.56771806817,8.56771806821,8.56771806821,8.56771806847,8.56771806847,8.56771806887,8.56771806887,8.56771806838,8.56771806838,8.56771806837,8.56771806836,8.56771806836,8.56771806837,8.56771806852,8.56771806852,8.56771806857,8.56771806847,8.56771806887,8.56771806887,8.56771806887,8.56771806887,8.56771806887,8.56771806877,8.56771806877,8.56771806877,8.56771806875,8.56771806875,8.56771806874,8.56771806874,8.56771806839,11.33034497129,11.33034497119,11.33034497119,11.33034497119,11.33034497149,11.33034497159,11.33034497121,11.33034497121,11.33034497129,11.33034497129
"t56",11.37854508577,11.37854508597,11.37854508597,11.37854508597,11.37854508627,11.37854508627,11.37854508627,11.37854508667,11.378545086238,11.378545086138,11.378545086138,11.378545086238,11.378545086238,11.378545086238,11.378545086298,11.378545086298,11.378545086348,11.378545086348,11.378545086338,11.378545086268,11.378545086268,8.88749489539,4.57071055019,3.9100567268,3.91005672679,3.91005672679,3.9100567268,3.9100567267,3.91005672671,3.91005672671,3.91005672681,3.91005672681,3.91005672671,3.91005672672,3.91005672672,3.91005672702,3.91005672641,1.4960092971,0,0.612718107,2.5242322743,2.52423227433,2.52423227433,2.52423227432,2.52423227432,2.52423227435,2.52423227431,2.52423227431,2.52423227431,2.52423227431,2.5242322743,2.5242322743,3.4198356984,3.96616710392,3.96616710392,3.96616710369,8.56771806809,8.56771806828,8.56771806828,8.56771806859,8.56771806827,8.56771806831,8.56771806831,8.56771806857,8.56771806857,8.56771806897,8.56771806897,8.56771806848,8.56771806848,8.56771806847,8.56771806846,8.56771806846,8.56771806847,8.56771806862,8.56771806862,8.56771806867,8.56771806857,8.56771806897,8.56771806897,8.56771806897,8.56771806897,8.56771806897,8.56771806887,8.56771806887,8.56771806887,8.56771806885,8.56771806885,8.56771806884,8.56771806884,8.56771806849,11.33034497139,11.33034497129,11.33034497129,11.33034497129,11.33034497159,11.33034497169,11.33034497131,11.33034497131,11.33034497139,11.33034497139
"t57",11.37854508577,11.37854508597,11.37854508597,11.37854508597,11.37854508627,11.37854508627,11.37854508627,11.37854508667,11.378545086238,11.378545086138,11.378545086138,11.378545086238,11.378545086238,11.378545086238,11.378545086298,11.378545086298,11.378545086348,11.378545086348,11.378545086338,11.378545086268,11.378545086268,8.88749489539,4.57071055019,3.9100567268,3.91005672679,3.91005672679,3.9100567268,3.9100567267,3.91005672671,3.91005672671,3.91005672681,3.91005672681,3.91005672671,3.91005672672,3.91005672672,3.91005672702,3.91005672641,1.4960092971,0.612718107,0,2.5242322743,2.52423227433,2.52423227433,2.52423227432,2.52423227432,2.52423227435,2.52423227431,2.52423227431,2.52423227431,2.52423227431,2.5242322743,2.5242322743,3.4198356984,3.96616710392,3.96616710392,3.96616710369,8.56771806809,8.56771806828,8.56771806828,8.56771806859,8.56771806827,8.56771806831,8.56771806831,8.56771806857,8.56771806857,8.56771806897,8.56771806897,8.56771806848,8.56771806848,8.56771806847,8.56771806846,8.56771806846,8.56771806847,8.56771806862,8.56771806862,8.56771806867,8.56771806857,8.56771806897,8.56771806897,8.56771806897,8.56771806897,8.56771806897,8.56771806887,8.56771806887,8.56771806887,8.56771806885,8.56771806885,8.56771806884,8.56771806884,8.56771806849,11.33034497139,11.33034497129,11.33034497129,11.33034497129,11.33034497159,11.33034497169,11.33034497131,11.33034497131,11.33034497139,11.33034497139
"t69",11.37854508567,11.37854508587,11.37854508587,11.37854508587,11.37854508617,11.37854508617,11.37854508617,11.37854508657,11.378545086138,11.378545086038,11.378545086038,11.378545086138,11.378545086138,11.378545086138,11.378545086198,11.378545086198,11.378545086248,11.378545086248,11.378545086238,11.378545086168,11.378545086168,8.88749489529,4.57071055009,3.9100567267,3.91005672669,3.91005672669,3.9100567267,3.9100567266,3.91005672661,3.91005672661,3.91005672671,3.91005672671,3.91005672661,3.91005672662,3.91005672662,3.91005672692,3.91005672631,2.5242322742,2.5242322743,2.5242322743,0,0.26706139183,0.26706139183,1.93207678802,1.93207678802,1.93207678805,1.93207678801,1.93207678801,1.93207678801,1.93207678801,1.932076788,1.932076788,3.4198356983,3.96616710382,3.96616710382,3.96616710359,8.56771806799,8.56771806818,8.56771806818,8.56771806849,8.56771806817,8.56771806821,8.56771806821,8.56771806847,8.56771806847,8.56771806887,8.56771806887,8.56771806838,8.56771806838,8.56771806837,8.56771806836,8.56771806836,8.56771806837,8.56771806852,8.56771806852,8.56771806857,8.56771806847,8.56771806887,8.56771806887,8.56771806887,8.56771806887,8.56771806887,8.56771806877,8.56771806877,8.56771806877,8.56771806875,8.56771806875,8.56771806874,8.56771806874,8.56771806839,11.33034497129,11.33034497119,11.33034497119,11.33034497119,11.33034497149,11.33034497159,11.33034497121,11.33034497121,11.33034497129,11.33034497129
"t77",11.3785450857,11.3785450859,11.3785450859,11.3785450859,11.3785450862,11.3785450862,11.3785450862,11.3785450866,11.378545086168,11.378545086068,11.378545086068,11.378545086168,11.378545086168,11.378545086168,11.378545086228,11.378545086228,11.378545086278,11.378545086278,11.378545086268,11.378545086198,11.378545086198,8.88749489532,4.57071055012,3.91005672673,3.91005672672,3.91005672672,3.91005672673,3.91005672663,3.91005672664,3.91005672664,3.91005672674,3.91005672674,3.91005672664,3.91005672665,3.91005672665,3.91005672695,3.91005672634,2.52423227423,2.52423227433,2.52423227433,0.26706139183,0,0.2225309772,1.93207678805,1.93207678805,1.93207678808,1.93207678804,1.93207678804,1.93207678804,1.93207678804,1.93207678803,1.93207678803,3.41983569833,3.96616710385,3.96616710385,3.96616710362,8.56771806802,8.56771806821,8.56771806821,8.56771806852,8.5677180682,8.56771806824,8.56771806824,8.5677180685,8.5677180685,8.5677180689,8.5677180689,8.56771806841,8.56771806841,8.5677180684,8.56771806839,8.56771806839,8.5677180684,8.56771806855,8.56771806855,8.5677180686,8.5677180685,8.5677180689,8.5677180689,8.5677180689,8.5677180689,8.5677180689,8.5677180688,8.5677180688,8.5677180688,8.56771806878,8.56771806878,8.56771806877,8.56771806877,8.56771806842,11.33034497132,11.33034497122,11.33034497122,11.33034497122,11.33034497152,11.33034497162,11.33034497124,11.33034497124,11.33034497132,11.33034497132
"t78",11.3785450857,11.3785450859,11.3785450859,11.3785450859,11.3785450862,11.3785450862,11.3785450862,11.3785450866,11.378545086168,11.378545086068,11.378545086068,11.378545086168,11.378545086168,11.378545086168,11.378545086228,11.378545086228,11.378545086278,11.378545086278,11.378545086268,11.378545086198,11.378545086198,8.88749489532,4.57071055012,3.91005672673,3.91005672672,3.91005672672,3.91005672673,3.91005672663,3.91005672664,3.91005672664,3.91005672674,3.91005672674,3.91005672664,3.91005672665,3.91005672665,3.91005672695,3.91005672634,2.52423227423,2.52423227433,2.52423227433,0.26706139183,0.2225309772,0,1.93207678805,1.93207678805,1.93207678808,1.93207678804,1.93207678804,1.93207678804,1.93207678804,1.93207678803,1.93207678803,3.41983569833,3.96616710385,3.96616710385,3.96616710362,8.56771806802,8.56771806821,8.56771806821,8.56771806852,8.5677180682,8.56771806824,8.56771806824,8.5677180685,8.5677180685,8.5677180689,8.5677180689,8.56771806841,8.56771806841,8.5677180684,8.56771806839,8.56771806839,8.5677180684,8.56771806855,8.56771806855,8.5677180686,8.5677180685,8.5677180689,8.5677180689,8.5677180689,8.5677180689,8.5677180689,8.5677180688,8.5677180688,8.5677180688,8.56771806878,8.56771806878,8.56771806877,8.56771806877,8.56771806842,11.33034497132,11.33034497122,11.33034497122,11.33034497122,11.33034497152,11.33034497162,11.33034497124,11.33034497124,11.33034497132,11.33034497132
"t85",11.37854508569,11.37854508589,11.37854508589,11.37854508589,11.37854508619,11.37854508619,11.37854508619,11.37854508659,11.378545086158,11.378545086058,11.378545086058,11.378545086158,11.378545086158,11.378545086158,11.378545086218,11.378545086218,11.378545086268,11.378545086268,11.378545086258,11.378545086188,11.378545086188,8.88749489531,4.57071055011,3.91005672672,3.91005672671,3.91005672671,3.91005672672,3.91005672662,3.91005672663,3.91005672663,3.91005672673,3.91005672673,3.91005672663,3.91005672664,3.91005672664,3.91005672694,3.91005672633,2.52423227422,2.52423227432,2.52423227432,1.93207678802,1.93207678805,1.93207678805,0,0.14436452654,0.58468739977,0.72090253461,0.72090253461,0.81812898243,0.81812898243,1.59975143202,1.59975143202,3.41983569832,3.96616710384,3.96616710384,3.96616710361,8.56771806801,8.5677180682,8.5677180682,8.56771806851,8.56771806819,8.56771806823,8.56771806823,8.56771806849,8.56771806849,8.56771806889,8.56771806889,8.5677180684,8.5677180684,8.56771806839,8.56771806838,8.56771806838,8.56771806839,8.56771806854,8.56771806854,8.56771806859,8.56771806849,8.56771806889,8.56771806889,8.56771806889,8.56771806889,8.56771806889,8.56771806879,8.56771806879,8.56771806879,8.56771806877,8.56771806877,8.56771806876,8.56771806876,8.56771806841,11.33034497131,11.33034497121,11.33034497121,11.33034497121,11.33034497151,11.33034497161,11.33034497123,11.33034497123,11.33034497131,11.33034497131
"t86",11.37854508569,11.37854508589,11.37854508589,11.37854508589,11.37854508619,11.37854508619,11.37854508619,11.37854508659,11.378545086158,11.378545086058,11.378545086058,11.378545086158,11.378545086158,11.378545086158,11.378545086218,11.378545086218,11.378545086268,11.378545086268,11.378545086258,11.378545086188,11.378545086188,8.88749489531,4.57071055011,3.91005672672,3.91005672671,3.91005672671,3.91005672672,3.91005672662,3.91005672663,3.91005672663,3.91005672673,3.91005672673,3.91005672663,3.91005672664,3.91005672664,3.91005672694,3.91005672633,2.52423227422,2.52423227432,2.52423227432,1.93207678802,1.93207678805,1.93207678805,0.14436452654,0,0.58468739977,0.72090253461,0.72090253461,0.81812898243,0.81812898243,1.59975143202,1.59975143202,3.41983569832,3.96616710384,3.96616710384,3.96616710361,8.56771806801,8.5677180682,8.5677180682,8.56771806851,8.56771806819,8.56771806823,8.56771806823,8.56771806849,8.56771806849,8.56771806889,8.56771806889,8.5677180684,8.5677180684,8.56771806839,8.56771806838,8.56771806838,8.56771806839,8.56771806854,8.56771806854,8.56771806859,8.56771806849,8.56771806889,8.56771806889,8.56771806889,8.56771806889,8.56771806889,8.56771806879,8.56771806879,8.56771806879,8.56771806877,8.56771806877,8.56771806876,8.56771806876,8.56771806841,11.33034497131,11.33034497121,11.33034497121,11.33034497121,11.33034497151,11.33034497161,11.33034497123,11.33034497123,11.33034497131,11.33034497131
"t58",11.37854508572,11.37854508592,11.37854508592,11.37854508592,11.37854508622,11.37854508622,11.37854508622,11.37854508662,11.378545086188,11.378545086088,11.378545086088,11.378545086188,11.378545086188,11.378545086188,11.378545086248,11.378545086248,11.378545086298,11.378545086298,11.378545086288,11.378545086218,11.378545086218,8.88749489534,4.57071055014,3.91005672675,3.91005672674,3.91005672674,3.91005672675,3.91005672665,3.91005672666,3.91005672666,3.91005672676,3.91005672676,3.91005672666,3.91005672667,3.91005672667,3.91005672697,3.91005672636,2.52423227425,2.52423227435,2.52423227435,1.93207678805,1.93207678808,1.93207678808,0.58468739977,0.58468739977,0,0.72090253464,0.72090253464,0.81812898246,0.81812898246,1.59975143205,1.59975143205,3.41983569835,3.96616710387,3.96616710387,3.96616710364,8.56771806804,8.56771806823,8.56771806823,8.56771806854,8.56771806822,8.56771806826,8.56771806826,8.56771806852,8.56771806852,8.56771806892,8.56771806892,8.56771806843,8.56771806843,8.56771806842,8.56771806841,8.56771806841,8.56771806842,8.56771806857,8.56771806857,8.56771806862,8.56771806852,8.56771806892,8.56771806892,8.56771806892,8.56771806892,8.56771806892,8.56771806882,8.56771806882,8.56771806882,8.5677180688,8.5677180688,8.56771806879,8.56771806879,8.56771806844,11.33034497134,11.33034497124,11.33034497124,11.33034497124,11.33034497154,11.33034497164,11.33034497126,11.33034497126,11.33034497134,11.33034497134
"t63",11.37854508568,11.37854508588,11.37854508588,11.37854508588,11.37854508618,11.37854508618,11.37854508618,11.37854508658,11.378545086148,11.378545086048,11.378545086048,11.378545086148,11.378545086148,11.378545086148,11.378545086208,11.378545086208,11.378545086258,11.378545086258,11.378545086248,11.378545086178,11.378545086178,8.8874948953,4.5707105501,3.91005672671,3.9100567267,3.9100567267,3.91005672671,3.91005672661,3.91005672662,3.91005672662,3.91005672672,3.91005672672,3.91005672662,3.91005672663,3.91005672663,3.91005672693,3.91005672632,2.52423227421,2.52423227431,2.52423227431,1.93207678801,1.93207678804,1.93207678804,0.72090253461,0.72090253461,0.72090253464,0,0.4060740838,0.81812898242,0.81812898242,1.59975143201,1.59975143201,3.41983569831,3.96616710383,3.96616710383,3.9661671036,8.567718068,8.56771806819,8.56771806819,8.5677180685,8.56771806818,8.56771806822,8.56771806822,8.56771806848,8.56771806848,8.56771806888,8.56771806888,8.56771806839,8.56771806839,8.56771806838,8.56771806837,8.56771806837,8.56771806838,8.56771806853,8.56771806853,8.56771806858,8.56771806848,8.56771806888,8.56771806888,8.56771806888,8.56771806888,8.56771806888,8.56771806878,8.56771806878,8.56771806878,8.56771806876,8.56771806876,8.56771806875,8.56771806875,8.5677180684,11.3303449713,11.3303449712,11.3303449712,11.3303449712,11.3303449715,11.3303449716,11.33034497122,11.33034497122,11.3303449713,11.3303449713
"t64",11.37854508568,11.37854508588,11.37854508588,11.37854508588,11.37854508618,11.37854508618,11.37854508618,11.37854508658,11.378545086148,11.378545086048,11.378545086048,11.378545086148,11.378545086148,11.378545086148,11.378545086208,11.378545086208,11.378545086258,11.378545086258,11.378545086248,11.378545086178,11.378545086178,8.8874948953,4.5707105501,3.91005672671,3.9100567267,3.9100567267,3.91005672671,3.91005672661,3.91005672662,3.91005672662,3.91005672672,3.91005672672,3.91005672662,3.91005672663,3.91005672663,3.91005672693,3.91005672632,2.52423227421,2.52423227431,2.52423227431,1.93207678801,1.93207678804,1.93207678804,0.72090253461,0.72090253461,0.72090253464,0.4060740838,0,0.81812898242,0.81812898242,1.59975143201,1.59975143201,3.41983569831,3.96616710383,3.96616710383,3.9661671036,8.567718068,8.56771806819,8.56771806819,8.5677180685,8.56771806818,8.56771806822,8.56771806822,8.56771806848,8.56771806848,8.56771806888,8.56771806888,8.56771806839,8.56771806839,8.56771806838,8.56771806837,8.56771806837,8.56771806838,8.56771806853,8.56771806853,8.56771806858,8.56771806848,8.56771806888,8.56771806888,8.56771806888,8.56771806888,8.56771806888,8.56771806878,8.56771806878,8.56771806878,8.56771806876,8.56771806876,8.56771806875,8.56771806875,8.5677180684,11.3303449713,11.3303449712,11.3303449712,11.3303449712,11.3303449715,11.3303449716,11.33034497122,11.33034497122,11.3303449713,11.3303449713
"t81",11.37854508568,11.37854508588,11.37854508588,11.37854508588,11.37854508618,11.37854508618,11.37854508618,11.37854508658,11.378545086148,11.378545086048,11.378545086048,11.378545086148,11.378545086148,11.378545086148,11.378545086208,11.378545086208,11.378545086258,11.378545086258,11.378545086248,11.378545086178,11.378545086178,8.8874948953,4.5707105501,3.91005672671,3.9100567267,3.9100567267,3.91005672671,3.91005672661,3.91005672662,3.91005672662,3.91005672672,3.91005672672,3.91005672662,3.91005672663,3.91005672663,3.91005672693,3.91005672632,2.52423227421,2.52423227431,2.52423227431,1.93207678801,1.93207678804,1.93207678804,0.81812898243,0.81812898243,0.81812898246,0.81812898242,0.81812898242,0,0.15272593942,1.59975143201,1.59975143201,3.41983569831,3.96616710383,3.96616710383,3.9661671036,8.567718068,8.56771806819,8.56771806819,8.5677180685,8.56771806818,8.56771806822,8.56771806822,8.56771806848,8.56771806848,8.56771806888,8.56771806888,8.56771806839,8.56771806839,8.56771806838,8.56771806837,8.56771806837,8.56771806838,8.56771806853,8.56771806853,8.56771806858,8.56771806848,8.56771806888,8.56771806888,8.56771806888,8.56771806888,8.56771806888,8.56771806878,8.56771806878,8.56771806878,8.56771806876,8.56771806876,8.56771806875,8.56771806875,8.5677180684,11.3303449713,11.3303449712,11.3303449712,11.3303449712,11.3303449715,11.3303449716,11.33034497122,11.33034497122,11.3303449713,11.3303449713
"t82",11.37854508568,11.37854508588,11.37854508588,11.37854508588,11.37854508618,11.37854508618,11.37854508618,11.37854508658,11.378545086148,11.378545086048,11.378545086048,11.378545086148,11.378545086148,11.378545086148,11.378545086208,11.378545086208,11.378545086258,11.378545086258,11.378545086248,11.378545086178,11.378545086178,8.8874948953,4.5707105501,3.91005672671,3.9100567267,3.9100567267,3.91005672671,3.91005672661,3.91005672662,3.91005672662,3.91005672672,3.91005672672,3.91005672662,3.91005672663,3.91005672663,3.91005672693,3.91005672632,2.52423227421,2.52423227431,2.52423227431,1.93207678801,1.93207678804,1.93207678804,0.81812898243,0.81812898243,0.81812898246,0.81812898242,0.81812898242,0.15272593942,0,1.59975143201,1.59975143201,3.41983569831,3.96616710383,3.96616710383,3.9661671036,8.567718068,8.56771806819,8.56771806819,8.5677180685,8.56771806818,8.56771806822,8.56771806822,8.56771806848,8.56771806848,8.56771806888,8.56771806888,8.56771806839,8.56771806839,8.56771806838,8.56771806837,8.56771806837,8.56771806838,8.56771806853,8.56771806853,8.56771806858,8.56771806848,8.56771806888,8.56771806888,8.56771806888,8.56771806888,8.56771806888,8.56771806878,8.56771806878,8.56771806878,8.56771806876,8.56771806876,8.56771806875,8.56771806875,8.5677180684,11.3303449713,11.3303449712,11.3303449712,11.3303449712,11.3303449715,11.3303449716,11.33034497122,11.33034497122,11.3303449713,11.3303449713
"t72",11.37854508567,11.37854508587,11.37854508587,11.37854508587,11.37854508617,11.37854508617,11.37854508617,11.37854508657,11.378545086138,11.378545086038,11.378545086038,11.378545086138,11.378545086138,11.378545086138,11.378545086198,11.378545086198,11.378545086248,11.378545086248,11.378545086238,11.378545086168,11.378545086168,8.88749489529,4.57071055009,3.9100567267,3.91005672669,3.91005672669,3.9100567267,3.9100567266,3.91005672661,3.91005672661,3.91005672671,3.91005672671,3.91005672661,3.91005672662,3.91005672662,3.91005672692,3.91005672631,2.5242322742,2.5242322743,2.5242322743,1.932076788,1.93207678803,1.93207678803,1.59975143202,1.59975143202,1.59975143205,1.59975143201,1.59975143201,1.59975143201,1.59975143201,0,0.2492557826,3.4198356983,3.96616710382,3.96616710382,3.96616710359,8.56771806799,8.56771806818,8.56771806818,8.56771806849,8.56771806817,8.56771806821,8.56771806821,8.56771806847,8.56771806847,8.56771806887,8.56771806887,8.56771806838,8.56771806838,8.56771806837,8.56771806836,8.56771806836,8.56771806837,8.56771806852,8.56771806852,8.56771806857,8.56771806847,8.56771806887,8.56771806887,8.56771806887,8.56771806887,8.56771806887,8.56771806877,8.56771806877,8.56771806877,8.56771806875,8.56771806875,8.56771806874,8.56771806874,8.56771806839,11.33034497129,11.33034497119,11.33034497119,11.33034497119,11.33034497149,11.33034497159,11.33034497121,11.33034497121,11.33034497129,11.33034497129
"t73",11.37854508567,11.37854508587,11.37854508587,11.37854508587,11.37854508617,11.37854508617,11.37854508617,11.37854508657,11.378545086138,11.378545086038,11.378545086038,11.378545086138,11.378545086138,11.378545086138,11.378545086198,11.378545086198,11.378545086248,11.378545086248,11.378545086238,11.378545086168,11.378545086168,8.88749489529,4.57071055009,3.9100567267,3.91005672669,3.91005672669,3.9100567267,3.9100567266,3.91005672661,3.91005672661,3.91005672671,3.91005672671,3.91005672661,3.91005672662,3.91005672662,3.91005672692,3.91005672631,2.5242322742,2.5242322743,2.5242322743,1.932076788,1.93207678803,1.93207678803,1.59975143202,1.59975143202,1.59975143205,1.59975143201,1.59975143201,1.59975143201,1.59975143201,0.2492557826,0,3.4198356983,3.96616710382,3.96616710382,3.96616710359,8.56771806799,8.56771806818,8.56771806818,8.56771806849,8.56771806817,8.56771806821,8.56771806821,8.56771806847,8.56771806847,8.56771806887,8.56771806887,8.56771806838,8.56771806838,8.56771806837,8.56771806836,8.56771806836,8.56771806837,8.56771806852,8.56771806852,8.56771806857,8.56771806847,8.56771806887,8.56771806887,8.56771806887,8.56771806887,8.56771806887,8.56771806877,8.56771806877,8.56771806877,8.56771806875,8.56771806875,8.56771806874,8.56771806874,8.56771806839,11.33034497129,11.33034497119,11.33034497119,11.33034497119,11.33034497149,11.33034497159,11.33034497121,11.33034497121,11.33034497129,11.33034497129
"t7",11.37854508537,11.37854508557,11.37854508557,11.37854508557,11.37854508587,11.37854508587,11.37854508587,11.37854508627,11.378545085838,11.378545085738,11.378545085738,11.378545085838,11.378545085838,11.378545085838,11.378545085898,11.378545085898,11.378545085948,11.378545085948,11.378545085938,11.378545085868,11.378545085868,8.88749489499,4.57071054979,3.9100567264,3.91005672639,3.91005672639,3.9100567264,3.9100567263,3.91005672631,3.91005672631,3.91005672641,3.91005672641,3.91005672631,3.91005672632,3.91005672632,3.91005672662,3.91005672601,3.4198356983,3.4198356984,3.4198356984,3.4198356983,3.41983569833,3.41983569833,3.41983569832,3.41983569832,3.41983569835,3.41983569831,3.41983569831,3.41983569831,3.41983569831,3.4198356983,3.4198356983,0,3.96616710352,3.96616710352,3.96616710329,8.56771806769,8.56771806788,8.56771806788,8.56771806819,8.56771806787,8.56771806791,8.56771806791,8.56771806817,8.56771806817,8.56771806857,8.56771806857,8.56771806808,8.56771806808,8.56771806807,8.56771806806,8.56771806806,8.56771806807,8.56771806822,8.56771806822,8.56771806827,8.56771806817,8.56771806857,8.56771806857,8.56771806857,8.56771806857,8.56771806857,8.56771806847,8.56771806847,8.56771806847,8.56771806845,8.56771806845,8.56771806844,8.56771806844,8.56771806809,11.33034497099,11.33034497089,11.33034497089,11.33034497089,11.33034497119,11.33034497129,11.33034497091,11.33034497091,11.33034497099,11.33034497099
"t83",11.37854508591,11.37854508611,11.37854508611,11.37854508611,11.37854508641,11.37854508641,11.37854508641,11.37854508681,11.378545086378,11.378545086278,11.378545086278,11.378545086378,11.378545086378,11.378545086378,11.378545086438,11.378545086438,11.378545086488,11.378545086488,11.378545086478,11.378545086408,11.378545086408,8.88749489553,4.57071055033,3.96616710392,3.96616710391,3.96616710391,3.96616710392,3.96616710382,3.96616710383,3.96616710383,3.96616710393,3.96616710393,3.96616710383,3.96616710384,3.96616710384,3.96616710414,3.96616710353,3.96616710382,3.96616710392,3.96616710392,3.96616710382,3.96616710385,3.96616710385,3.96616710384,3.96616710384,3.96616710387,3.96616710383,3.96616710383,3.96616710383,3.96616710383,3.96616710382,3.96616710382,3.96616710352,0,0.14936122446,2.25691013023,8.56771806823,8.56771806842,8.56771806842,8.56771806873,8.56771806841,8.56771806845,8.56771806845,8.56771806871,8.56771806871,8.56771806911,8.56771806911,8.56771806862,8.56771806862,8.56771806861,8.5677180686,8.5677180686,8.56771806861,8.56771806876,8.56771806876,8.56771806881,8.56771806871,8.56771806911,8.56771806911,8.56771806911,8.56771806911,8.56771806911,8.56771806901,8.56771806901,8.56771806901,8.56771806899,8.56771806899,8.56771806898,8.56771806898,8.56771806863,11.33034497153,11.33034497143,11.33034497143,11.33034497143,11.33034497173,11.33034497183,11.33034497145,11.33034497145,11.33034497153,11.33034497153
"t84",11.37854508591,11.37854508611,11.37854508611,11.37854508611,11.37854508641,11.37854508641,11.37854508641,11.37854508681,11.378545086378,11.378545086278,11.378545086278,11.378545086378,11.378545086378,11.378545086378,11.378545086438,11.378545086438,11.378545086488,11.378545086488,11.378545086478,11.378545086408,11.378545086408,8.88749489553,4.57071055033,3.96616710392,3.96616710391,3.96616710391,3.96616710392,3.96616710382,3.96616710383,3.96616710383,3.96616710393,3.96616710393,3.96616710383,3.96616710384,3.96616710384,3.96616710414,3.96616710353,3.96616710382,3.96616710392,3.96616710392,3.96616710382,3.96616710385,3.96616710385,3.96616710384,3.96616710384,3.96616710387,3.96616710383,3.96616710383,3.96616710383,3.96616710383,3.96616710382,3.96616710382,3.96616710352,0.14936122446,0,2.25691013023,8.56771806823,8.56771806842,8.56771806842,8.56771806873,8.56771806841,8.56771806845,8.56771806845,8.56771806871,8.56771806871,8.56771806911,8.56771806911,8.56771806862,8.56771806862,8.56771806861,8.5677180686,8.5677180686,8.56771806861,8.56771806876,8.56771806876,8.56771806881,8.56771806871,8.56771806911,8.56771806911,8.56771806911,8.56771806911,8.56771806911,8.56771806901,8.56771806901,8.56771806901,8.56771806899,8.56771806899,8.56771806898,8.56771806898,8.56771806863,11.33034497153,11.33034497143,11.33034497143,11.33034497143,11.33034497173,11.33034497183,11.33034497145,11.33034497145,11.33034497153,11.33034497153
"t12",11.37854508568,11.37854508588,11.37854508588,11.37854508588,11.37854508618,11.37854508618,11.37854508618,11.37854508658,11.378545086148,11.378545086048,11.378545086048,11.378545086148,11.378545086148,11.378545086148,11.378545086208,11.378545086208,11.378545086258,11.378545086258,11.378545086248,11.378545086178,11.378545086178,8.8874948953,4.5707105501,3.96616710369,3.96616710368,3.96616710368,3.96616710369,3.96616710359,3.9661671036,3.9661671036,3.9661671037,3.9661671037,3.9661671036,3.96616710361,3.96616710361,3.96616710391,3.9661671033,3.96616710359,3.96616710369,3.96616710369,3.96616710359,3.96616710362,3.96616710362,3.96616710361,3.96616710361,3.96616710364,3.9661671036,3.9661671036,3.9661671036,3.9661671036,3.96616710359,3.96616710359,3.96616710329,2.25691013023,2.25691013023,0,8.567718068,8.56771806819,8.56771806819,8.5677180685,8.56771806818,8.56771806822,8.56771806822,8.56771806848,8.56771806848,8.56771806888,8.56771806888,8.56771806839,8.56771806839,8.56771806838,8.56771806837,8.56771806837,8.56771806838,8.56771806853,8.56771806853,8.56771806858,8.56771806848,8.56771806888,8.56771806888,8.56771806888,8.56771806888,8.56771806888,8.56771806878,8.56771806878,8.56771806878,8.56771806876,8.56771806876,8.56771806875,8.56771806875,8.5677180684,11.3303449713,11.3303449712,11.3303449712,11.3303449712,11.3303449715,11.3303449716,11.33034497122,11.33034497122,11.3303449713,11.3303449713
"t15",11.37854508548,11.37854508568,11.37854508568,11.37854508568,11.37854508598,11.37854508598,11.37854508598,11.37854508638,11.378545085948,11.378545085848,11.378545085848,11.378545085948,11.378545085948,11.378545085948,11.378545086008,11.378545086008,11.378545086058,11.378545086058,11.378545086048,11.378545085978,11.378545085978,8.8874948951,8.5677180679,8.56771806809,8.56771806808,8.56771806808,8.56771806809,8.56771806799,8.567718068,8.567718068,8.5677180681,8.5677180681,8.567718068,8.56771806801,8.56771806801,8.56771806831,8.5677180677,8.56771806799,8.56771806809,8.56771806809,8.56771806799,8.56771806802,8.56771806802,8.56771806801,8.56771806801,8.56771806804,8.567718068,8.567718068,8.567718068,8.567718068,8.56771806799,8.56771806799,8.56771806769,8.56771806823,8.56771806823,8.567718068,0,2.02700551819,2.02700551819,2.9195436483,2.91954364798,2.91954364802,2.91954364802,5.96448412028,5.96448412028,5.96448412068,5.96448412068,5.96448412019,5.96448412019,5.96448412018,5.96448412017,5.96448412017,5.96448412018,5.96448412033,5.96448412033,5.96448412038,5.96448412028,5.96448412068,5.96448412068,5.96448412068,5.96448412068,5.96448412068,5.96448412058,5.96448412058,5.96448412058,5.96448412056,5.96448412056,5.96448412055,5.96448412055,5.9644841202,11.3303449711,11.330344971,11.330344971,11.330344971,11.3303449713,11.3303449714,11.33034497102,11.33034497102,11.3303449711,11.3303449711
"t17",11.37854508567,11.37854508587,11.37854508587,11.37854508587,11.37854508617,11.37854508617,11.37854508617,11.37854508657,11.378545086138,11.378545086038,11.378545086038,11.378545086138,11.378545086138,11.378545086138,11.378545086198,11.378545086198,11.378545086248,11.378545086248,11.378545086238,11.378545086168,11.378545086168,8.88749489529,8.56771806809,8.56771806828,8.56771806827,8.56771806827,8.56771806828,8.56771806818,8.56771806819,8.56771806819,8.56771806829,8.56771806829,8.56771806819,8.5677180682,8.5677180682,8.5677180685,8.56771806789,8.56771806818,8.56771806828,8.56771806828,8.56771806818,8.56771806821,8.56771806821,8.5677180682,8.5677180682,8.56771806823,8.56771806819,8.56771806819,8.56771806819,8.56771806819,8.56771806818,8.56771806818,8.56771806788,8.56771806842,8.56771806842,8.56771806819,2.02700551819,0,1.9201433374,2.91954364849,2.91954364817,2.91954364821,2.91954364821,5.96448412047,5.96448412047,5.96448412087,5.96448412087,5.96448412038,5.96448412038,5.96448412037,5.96448412036,5.96448412036,5.96448412037,5.96448412052,5.96448412052,5.96448412057,5.96448412047,5.96448412087,5.96448412087,5.96448412087,5.96448412087,5.96448412087,5.96448412077,5.96448412077,5.96448412077,5.96448412075,5.96448412075,5.96448412074,5.96448412074,5.96448412039,11.33034497129,11.33034497119,11.33034497119,11.33034497119,11.33034497149,11.33034497159,11.33034497121,11.33034497121,11.33034497129,11.33034497129
"t18",11.37854508567,11.37854508587,11.37854508587,11.37854508587,11.37854508617,11.37854508617,11.37854508617,11.37854508657,11.378545086138,11.378545086038,11.378545086038,11.378545086138,11.378545086138,11.378545086138,11.378545086198,11.378545086198,11.378545086248,11.378545086248,11.378545086238,11.378545086168,11.378545086168,8.88749489529,8.56771806809,8.56771806828,8.56771806827,8.56771806827,8.56771806828,8.56771806818,8.56771806819,8.56771806819,8.56771806829,8.56771806829,8.56771806819,8.5677180682,8.5677180682,8.5677180685,8.56771806789,8.56771806818,8.56771806828,8.56771806828,8.56771806818,8.56771806821,8.56771806821,8.5677180682,8.5677180682,8.56771806823,8.56771806819,8.56771806819,8.56771806819,8.56771806819,8.56771806818,8.56771806818,8.56771806788,8.56771806842,8.56771806842,8.56771806819,2.02700551819,1.9201433374,0,2.91954364849,2.91954364817,2.91954364821,2.91954364821,5.96448412047,5.96448412047,5.96448412087,5.96448412087,5.96448412038,5.96448412038,5.96448412037,5.96448412036,5.96448412036,5.96448412037,5.96448412052,5.96448412052,5.96448412057,5.96448412047,5.96448412087,5.96448412087,5.96448412087,5.96448412087,5.96448412087,5.96448412077,5.96448412077,5.96448412077,5.96448412075,5.96448412075,5.96448412074,5.96448412074,5.96448412039,11.33034497129,11.33034497119,11.33034497119,11.33034497119,11.33034497149,11.33034497159,11.33034497121,11.33034497121,11.33034497129,11.33034497129
"t14",11.37854508598,11.37854508618,11.37854508618,11.37854508618,11.37854508648,11.37854508648,11.37854508648,11.37854508688,11.378545086448,11.378545086348,11.378545086348,11.378545086448,11.378545086448,11.378545086448,11.378545086508,11.378545086508,11.378545086558,11.378545086558,11.378545086548,11.378545086478,11.378545086478,8.8874948956,8.5677180684,8.56771806859,8.56771806858,8.56771806858,8.56771806859,8.56771806849,8.5677180685,8.5677180685,8.5677180686,8.5677180686,8.5677180685,8.56771806851,8.56771806851,8.56771806881,8.5677180682,8.56771806849,8.56771806859,8.56771806859,8.56771806849,8.56771806852,8.56771806852,8.56771806851,8.56771806851,8.56771806854,8.5677180685,8.5677180685,8.5677180685,8.5677180685,8.56771806849,8.56771806849,8.56771806819,8.56771806873,8.56771806873,8.5677180685,2.9195436483,2.91954364849,2.91954364849,0,2.07224261168,2.07224261172,2.07224261172,5.96448412078,5.96448412078,5.96448412118,5.96448412118,5.96448412069,5.96448412069,5.96448412068,5.96448412067,5.96448412067,5.96448412068,5.96448412083,5.96448412083,5.96448412088,5.96448412078,5.96448412118,5.96448412118,5.96448412118,5.96448412118,5.96448412118,5.96448412108,5.96448412108,5.96448412108,5.96448412106,5.96448412106,5.96448412105,5.96448412105,5.9644841207,11.3303449716,11.3303449715,11.3303449715,11.3303449715,11.3303449718,11.3303449719,11.33034497152,11.33034497152,11.3303449716,11.3303449716
"t16",11.37854508566,11.37854508586,11.37854508586,11.37854508586,11.37854508616,11.37854508616,11.37854508616,11.37854508656,11.378545086128,11.378545086028,11.378545086028,11.378545086128,11.378545086128,11.378545086128,11.378545086188,11.378545086188,11.378545086238,11.378545086238,11.378545086228,11.378545086158,11.378545086158,8.88749489528,8.56771806808,8.56771806827,8.56771806826,8.56771806826,8.56771806827,8.56771806817,8.56771806818,8.56771806818,8.56771806828,8.56771806828,8.56771806818,8.56771806819,8.56771806819,8.56771806849,8.56771806788,8.56771806817,8.56771806827,8.56771806827,8.56771806817,8.5677180682,8.5677180682,8.56771806819,8.56771806819,8.56771806822,8.56771806818,8.56771806818,8.56771806818,8.56771806818,8.56771806817,8.56771806817,8.56771806787,8.56771806841,8.56771806841,8.56771806818,2.91954364798,2.91954364817,2.91954364817,2.07224261168,0,2.00697074404,2.00697074404,5.96448412046,5.96448412046,5.96448412086,5.96448412086,5.96448412037,5.96448412037,5.96448412036,5.96448412035,5.96448412035,5.96448412036,5.96448412051,5.96448412051,5.96448412056,5.96448412046,5.96448412086,5.96448412086,5.96448412086,5.96448412086,5.96448412086,5.96448412076,5.96448412076,5.96448412076,5.96448412074,5.96448412074,5.96448412073,5.96448412073,5.96448412038,11.33034497128,11.33034497118,11.33034497118,11.33034497118,11.33034497148,11.33034497158,11.3303449712,11.3303449712,11.33034497128,11.33034497128
"t93",11.3785450857,11.3785450859,11.3785450859,11.3785450859,11.3785450862,11.3785450862,11.3785450862,11.3785450866,11.378545086168,11.378545086068,11.378545086068,11.378545086168,11.378545086168,11.378545086168,11.378545086228,11.378545086228,11.378545086278,11.378545086278,11.378545086268,11.378545086198,11.378545086198,8.88749489532,8.56771806812,8.56771806831,8.5677180683,8.5677180683,8.56771806831,8.56771806821,8.56771806822,8.56771806822,8.56771806832,8.56771806832,8.56771806822,8.56771806823,8.56771806823,8.56771806853,8.56771806792,8.56771806821,8.56771806831,8.56771806831,8.56771806821,8.56771806824,8.56771806824,8.56771806823,8.56771806823,8.56771806826,8.56771806822,8.56771806822,8.56771806822,8.56771806822,8.56771806821,8.56771806821,8.56771806791,8.56771806845,8.56771806845,8.56771806822,2.91954364802,2.91954364821,2.91954364821,2.07224261172,2.00697074404,0,0.06455066988,5.9644841205,5.9644841205,5.9644841209,5.9644841209,5.96448412041,5.96448412041,5.9644841204,5.96448412039,5.96448412039,5.9644841204,5.96448412055,5.96448412055,5.9644841206,5.9644841205,5.9644841209,5.9644841209,5.9644841209,5.9644841209,5.9644841209,5.9644841208,5.9644841208,5.9644841208,5.96448412078,5.96448412078,5.96448412077,5.96448412077,5.96448412042,11.33034497132,11.33034497122,11.33034497122,11.33034497122,11.33034497152,11.33034497162,11.33034497124,11.33034497124,11.33034497132,11.33034497132
"t94",11.3785450857,11.3785450859,11.3785450859,11.3785450859,11.3785450862,11.3785450862,11.3785450862,11.3785450866,11.378545086168,11.378545086068,11.378545086068,11.378545086168,11.378545086168,11.378545086168,11.378545086228,11.378545086228,11.378545086278,11.378545086278,11.378545086268,11.378545086198,11.378545086198,8.88749489532,8.56771806812,8.56771806831,8.5677180683,8.5677180683,8.56771806831,8.56771806821,8.56771806822,8.56771806822,8.56771806832,8.56771806832,8.56771806822,8.56771806823,8.56771806823,8.56771806853,8.56771806792,8.56771806821,8.56771806831,8.56771806831,8.56771806821,8.56771806824,8.56771806824,8.56771806823,8.56771806823,8.56771806826,8.56771806822,8.56771806822,8.56771806822,8.56771806822,8.56771806821,8.56771806821,8.56771806791,8.56771806845,8.56771806845,8.56771806822,2.91954364802,2.91954364821,2.91954364821,2.07224261172,2.00697074404,0.06455066988,0,5.9644841205,5.9644841205,5.9644841209,5.9644841209,5.96448412041,5.96448412041,5.9644841204,5.96448412039,5.96448412039,5.9644841204,5.96448412055,5.96448412055,5.9644841206,5.9644841205,5.9644841209,5.9644841209,5.9644841209,5.9644841209,5.9644841209,5.9644841208,5.9644841208,5.9644841208,5.96448412078,5.96448412078,5.96448412077,5.96448412077,5.96448412042,11.33034497132,11.33034497122,11.33034497122,11.33034497122,11.33034497152,11.33034497162,11.33034497124,11.33034497124,11.33034497132,11.33034497132
"t48",11.37854508596,11.37854508616,11.37854508616,11.37854508616,11.37854508646,11.37854508646,11.37854508646,11.37854508686,11.378545086428,11.378545086328,11.378545086328,11.378545086428,11.378545086428,11.378545086428,11.378545086488,11.378545086488,11.378545086538,11.378545086538,11.378545086528,11.378545086458,11.378545086458,8.88749489558,8.56771806838,8.56771806857,8.56771806856,8.56771806856,8.56771806857,8.56771806847,8.56771806848,8.56771806848,8.56771806858,8.56771806858,8.56771806848,8.56771806849,8.56771806849,8.56771806879,8.56771806818,8.56771806847,8.56771806857,8.56771806857,8.56771806847,8.5677180685,8.5677180685,8.56771806849,8.56771806849,8.56771806852,8.56771806848,8.56771806848,8.56771806848,8.56771806848,8.56771806847,8.56771806847,8.56771806817,8.56771806871,8.56771806871,8.56771806848,5.96448412028,5.96448412047,5.96448412047,5.96448412078,5.96448412046,5.9644841205,5.9644841205,0,0.7359470844,2.4281733106,2.4281733106,3.84463056111,3.84463056111,3.8446305611,3.84463056109,3.84463056109,3.8446305611,3.84463056125,3.84463056125,3.8446305613,5.29247436,5.2924743604,5.2924743604,5.2924743604,5.2924743604,5.2924743604,5.2924743603,5.2924743603,5.2924743603,5.29247436028,5.29247436028,5.29247436027,5.29247436027,5.47207102208,11.33034497158,11.33034497148,11.33034497148,11.33034497148,11.33034497178,11.33034497188,11.3303449715,11.3303449715,11.33034497158,11.33034497158
"t49",11.37854508596,11.37854508616,11.37854508616,11.37854508616,11.37854508646,11.37854508646,11.37854508646,11.37854508686,11.378545086428,11.378545086328,11.378545086328,11.378545086428,11.378545086428,11.378545086428,11.378545086488,11.378545086488,11.378545086538,11.378545086538,11.378545086528,11.378545086458,11.378545086458,8.88749489558,8.56771806838,8.56771806857,8.56771806856,8.56771806856,8.56771806857,8.56771806847,8.56771806848,8.56771806848,8.56771806858,8.56771806858,8.56771806848,8.56771806849,8.56771806849,8.56771806879,8.56771806818,8.56771806847,8.56771806857,8.56771806857,8.56771806847,8.5677180685,8.5677180685,8.56771806849,8.56771806849,8.56771806852,8.56771806848,8.56771806848,8.56771806848,8.56771806848,8.56771806847,8.56771806847,8.56771806817,8.56771806871,8.56771806871,8.56771806848,5.96448412028,5.96448412047,5.96448412047,5.96448412078,5.96448412046,5.9644841205,5.9644841205,0.7359470844,0,2.4281733106,2.4281733106,3.84463056111,3.84463056111,3.8446305611,3.84463056109,3.84463056109,3.8446305611,3.84463056125,3.84463056125,3.8446305613,5.29247436,5.2924743604,5.2924743604,5.2924743604,5.2924743604,5.2924743604,5.2924743603,5.2924743603,5.2924743603,5.29247436028,5.29247436028,5.29247436027,5.29247436027,5.47207102208,11.33034497158,11.33034497148,11.33034497148,11.33034497148,11.33034497178,11.33034497188,11.3303449715,11.3303449715,11.33034497158,11.33034497158
"t74",11.37854508636,11.37854508656,11.37854508656,11.37854508656,11.37854508686,11.37854508686,11.37854508686,11.37854508726,11.378545086828,11.378545086728,11.378545086728,11.378545086828,11.378545086828,11.378545086828,11.378545086888,11.378545086888,11.378545086938,11.378545086938,11.378545086928,11.378545086858,11.378545086858,8.88749489598,8.56771806878,8.56771806897,8.56771806896,8.56771806896,8.56771806897,8.56771806887,8.56771806888,8.56771806888,8.56771806898,8.56771806898,8.56771806888,8.56771806889,8.56771806889,8.56771806919,8.56771806858,8.56771806887,8.56771806897,8.56771806897,8.56771806887,8.5677180689,8.5677180689,8.56771806889,8.56771806889,8.56771806892,8.56771806888,8.56771806888,8.56771806888,8.56771806888,8.56771806887,8.56771806887,8.56771806857,8.56771806911,8.56771806911,8.56771806888,5.96448412068,5.96448412087,5.96448412087,5.96448412118,5.96448412086,5.9644841209,5.9644841209,2.4281733106,2.4281733106,0,0.231375275,3.84463056151,3.84463056151,3.8446305615,3.84463056149,3.84463056149,3.8446305615,3.84463056165,3.84463056165,3.8446305617,5.2924743604,5.2924743608,5.2924743608,5.2924743608,5.2924743608,5.2924743608,5.2924743607,5.2924743607,5.2924743607,5.29247436068,5.29247436068,5.29247436067,5.29247436067,5.47207102248,11.33034497198,11.33034497188,11.33034497188,11.33034497188,11.33034497218,11.33034497228,11.3303449719,11.3303449719,11.33034497198,11.33034497198
"t75",11.37854508636,11.37854508656,11.37854508656,11.37854508656,11.37854508686,11.37854508686,11.37854508686,11.37854508726,11.378545086828,11.378545086728,11.378545086728,11.378545086828,11.378545086828,11.378545086828,11.378545086888,11.378545086888,11.378545086938,11.378545086938,11.378545086928,11.378545086858,11.378545086858,8.88749489598,8.56771806878,8.56771806897,8.56771806896,8.56771806896,8.56771806897,8.56771806887,8.56771806888,8.56771806888,8.56771806898,8.56771806898,8.56771806888,8.56771806889,8.56771806889,8.56771806919,8.56771806858,8.56771806887,8.56771806897,8.56771806897,8.56771806887,8.5677180689,8.5677180689,8.56771806889,8.56771806889,8.56771806892,8.56771806888,8.56771806888,8.56771806888,8.56771806888,8.56771806887,8.56771806887,8.56771806857,8.56771806911,8.56771806911,8.56771806888,5.96448412068,5.96448412087,5.96448412087,5.96448412118,5.96448412086,5.9644841209,5.9644841209,2.4281733106,2.4281733106,0.231375275,0,3.84463056151,3.84463056151,3.8446305615,3.84463056149,3.84463056149,3.8446305615,3.84463056165,3.84463056165,3.8446305617,5.2924743604,5.2924743608,5.2924743608,5.2924743608,5.2924743608,5.2924743608,5.2924743607,5.2924743607,5.2924743607,5.29247436068,5.29247436068,5.29247436067,5.29247436067,5.47207102248,11.33034497198,11.33034497188,11.33034497188,11.33034497188,11.33034497218,11.33034497228,11.3303449719,11.3303449719,11.33034497198,11.33034497198
"t97",11.37854508587,11.37854508607,11.37854508607,11.37854508607,11.37854508637,11.37854508637,11.37854508637,11.37854508677,11.378545086338,11.378545086238,11.378545086238,11.378545086338,11.378545086338,11.378545086338,11.378545086398,11.378545086398,11.378545086448,11.378545086448,11.378545086438,11.378545086368,11.378545086368,8.88749489549,8.56771806829,8.56771806848,8.56771806847,8.56771806847,8.56771806848,8.56771806838,8.56771806839,8.56771806839,8.56771806849,8.56771806849,8.56771806839,8.5677180684,8.5677180684,8.5677180687,8.56771806809,8.56771806838,8.56771806848,8.56771806848,8.56771806838,8.56771806841,8.56771806841,8.5677180684,8.5677180684,8.56771806843,8.56771806839,8.56771806839,8.56771806839,8.56771806839,8.56771806838,8.56771806838,8.56771806808,8.56771806862,8.56771806862,8.56771806839,5.96448412019,5.96448412038,5.96448412038,5.96448412069,5.96448412037,5.96448412041,5.96448412041,3.84463056111,3.84463056111,3.84463056151,3.84463056151,0,0.03054211262,1.60323159921,1.6032315992,1.6032315992,1.60323159921,3.46336705216,3.46336705216,3.46336705221,5.29247435991,5.29247436031,5.29247436031,5.29247436031,5.29247436031,5.29247436031,5.29247436021,5.29247436021,5.29247436021,5.29247436019,5.29247436019,5.29247436018,5.29247436018,5.47207102199,11.33034497149,11.33034497139,11.33034497139,11.33034497139,11.33034497169,11.33034497179,11.33034497141,11.33034497141,11.33034497149,11.33034497149
"t98",11.37854508587,11.37854508607,11.37854508607,11.37854508607,11.37854508637,11.37854508637,11.37854508637,11.37854508677,11.378545086338,11.378545086238,11.378545086238,11.378545086338,11.378545086338,11.378545086338,11.378545086398,11.378545086398,11.378545086448,11.378545086448,11.378545086438,11.378545086368,11.378545086368,8.88749489549,8.56771806829,8.56771806848,8.56771806847,8.56771806847,8.56771806848,8.56771806838,8.56771806839,8.56771806839,8.56771806849,8.56771806849,8.56771806839,8.5677180684,8.5677180684,8.5677180687,8.56771806809,8.56771806838,8.56771806848,8.56771806848,8.56771806838,8.56771806841,8.56771806841,8.5677180684,8.5677180684,8.56771806843,8.56771806839,8.56771806839,8.56771806839,8.56771806839,8.56771806838,8.56771806838,8.56771806808,8.56771806862,8.56771806862,8.56771806839,5.96448412019,5.96448412038,5.96448412038,5.96448412069,5.96448412037,5.96448412041,5.96448412041,3.84463056111,3.84463056111,3.84463056151,3.84463056151,0.03054211262,0,1.60323159921,1.6032315992,1.6032315992,1.60323159921,3.46336705216,3.46336705216,3.46336705221,5.29247435991,5.29247436031,5.29247436031,5.29247436031,5.29247436031,5.29247436031,5.29247436021,5.29247436021,5.29247436021,5.29247436019,5.29247436019,5.29247436018,5.29247436018,5.47207102199,11.33034497149,11.33034497139,11.33034497139,11.33034497139,11.33034497169,11.33034497179,11.33034497141,11.33034497141,11.33034497149,11.33034497149
"t36",11.37854508586,11.37854508606,11.37854508606,11.37854508606,11.37854508636,11.37854508636,11.37854508636,11.37854508676,11.378545086328,11.378545086228,11.378545086228,11.378545086328,11.378545086328,11.378545086328,11.378545086388,11.378545086388,11.378545086438,11.378545086438,11.378545086428,11.378545086358,11.378545086358,8.88749489548,8.56771806828,8.56771806847,8.56771806846,8.56771806846,8.56771806847,8.56771806837,8.56771806838,8.56771806838,8.56771806848,8.56771806848,8.56771806838,8.56771806839,8.56771806839,8.56771806869,8.56771806808,8.56771806837,8.56771806847,8.56771806847,8.56771806837,8.5677180684,8.5677180684,8.56771806839,8.56771806839,8.56771806842,8.56771806838,8.56771806838,8.56771806838,8.56771806838,8.56771806837,8.56771806837,8.56771806807,8.56771806861,8.56771806861,8.56771806838,5.96448412018,5.96448412037,5.96448412037,5.96448412068,5.96448412036,5.9644841204,5.9644841204,3.8446305611,3.8446305611,3.8446305615,3.8446305615,1.60323159921,1.60323159921,0,0.96888743579,0.96888743579,0.9688874358,3.46336705215,3.46336705215,3.4633670522,5.2924743599,5.2924743603,5.2924743603,5.2924743603,5.2924743603,5.2924743603,5.2924743602,5.2924743602,5.2924743602,5.29247436018,5.29247436018,5.29247436017,5.29247436017,5.47207102198,11.33034497148,11.33034497138,11.33034497138,11.33034497138,11.33034497168,11.33034497178,11.3303449714,11.3303449714,11.33034497148,11.33034497148
"t91",11.37854508585,11.37854508605,11.37854508605,11.37854508605,11.37854508635,11.37854508635,11.37854508635,11.37854508675,11.378545086318,11.378545086218,11.378545086218,11.378545086318,11.378545086318,11.378545086318,11.378545086378,11.378545086378,11.378545086428,11.378545086428,11.378545086418,11.378545086348,11.378545086348,8.88749489547,8.56771806827,8.56771806846,8.56771806845,8.56771806845,8.56771806846,8.56771806836,8.56771806837,8.56771806837,8.56771806847,8.56771806847,8.56771806837,8.56771806838,8.56771806838,8.56771806868,8.56771806807,8.56771806836,8.56771806846,8.56771806846,8.56771806836,8.56771806839,8.56771806839,8.56771806838,8.56771806838,8.56771806841,8.56771806837,8.56771806837,8.56771806837,8.56771806837,8.56771806836,8.56771806836,8.56771806806,8.5677180686,8.5677180686,8.56771806837,5.96448412017,5.96448412036,5.96448412036,5.96448412067,5.96448412035,5.96448412039,5.96448412039,3.84463056109,3.84463056109,3.84463056149,3.84463056149,1.6032315992,1.6032315992,0.96888743579,0,0.07400832928,0.23051548179,3.46336705214,3.46336705214,3.46336705219,5.29247435989,5.29247436029,5.29247436029,5.29247436029,5.29247436029,5.29247436029,5.29247436019,5.29247436019,5.29247436019,5.29247436017,5.29247436017,5.29247436016,5.29247436016,5.47207102197,11.33034497147,11.33034497137,11.33034497137,11.33034497137,11.33034497167,11.33034497177,11.33034497139,11.33034497139,11.33034497147,11.33034497147
"t92",11.37854508585,11.37854508605,11.37854508605,11.37854508605,11.37854508635,11.37854508635,11.37854508635,11.37854508675,11.378545086318,11.378545086218,11.378545086218,11.378545086318,11.378545086318,11.378545086318,11.378545086378,11.378545086378,11.378545086428,11.378545086428,11.378545086418,11.378545086348,11.378545086348,8.88749489547,8.56771806827,8.56771806846,8.56771806845,8.56771806845,8.56771806846,8.56771806836,8.56771806837,8.56771806837,8.56771806847,8.56771806847,8.56771806837,8.56771806838,8.56771806838,8.56771806868,8.56771806807,8.56771806836,8.56771806846,8.56771806846,8.56771806836,8.56771806839,8.56771806839,8.56771806838,8.56771806838,8.56771806841,8.56771806837,8.56771806837,8.56771806837,8.56771806837,8.56771806836,8.56771806836,8.56771806806,8.5677180686,8.5677180686,8.56771806837,5.96448412017,5.96448412036,5.96448412036,5.96448412067,5.96448412035,5.96448412039,5.96448412039,3.84463056109,3.84463056109,3.84463056149,3.84463056149,1.6032315992,1.6032315992,0.96888743579,0.07400832928,0,0.23051548179,3.46336705214,3.46336705214,3.46336705219,5.29247435989,5.29247436029,5.29247436029,5.29247436029,5.29247436029,5.29247436029,5.29247436019,5.29247436019,5.29247436019,5.29247436017,5.29247436017,5.29247436016,5.29247436016,5.47207102197,11.33034497147,11.33034497137,11.33034497137,11.33034497137,11.33034497167,11.33034497177,11.33034497139,11.33034497139,11.33034497147,11.33034497147
"t76",11.37854508586,11.37854508606,11.37854508606,11.37854508606,11.37854508636,11.37854508636,11.37854508636,11.37854508676,11.378545086328,11.378545086228,11.378545086228,11.378545086328,11.378545086328,11.378545086328,11.378545086388,11.378545086388,11.378545086438,11.378545086438,11.378545086428,11.378545086358,11.378545086358,8.88749489548,8.56771806828,8.56771806847,8.56771806846,8.56771806846,8.56771806847,8.56771806837,8.56771806838,8.56771806838,8.56771806848,8.56771806848,8.56771806838,8.56771806839,8.56771806839,8.56771806869,8.56771806808,8.56771806837,8.56771806847,8.56771806847,8.56771806837,8.5677180684,8.5677180684,8.56771806839,8.56771806839,8.56771806842,8.56771806838,8.56771806838,8.56771806838,8.56771806838,8.56771806837,8.56771806837,8.56771806807,8.56771806861,8.56771806861,8.56771806838,5.96448412018,5.96448412037,5.96448412037,5.96448412068,5.96448412036,5.9644841204,5.9644841204,3.8446305611,3.8446305611,3.8446305615,3.8446305615,1.60323159921,1.60323159921,0.9688874358,0.23051548179,0.23051548179,0,3.46336705215,3.46336705215,3.4633670522,5.2924743599,5.2924743603,5.2924743603,5.2924743603,5.2924743603,5.2924743603,5.2924743602,5.2924743602,5.2924743602,5.29247436018,5.29247436018,5.29247436017,5.29247436017,5.47207102198,11.33034497148,11.33034497138,11.33034497138,11.33034497138,11.33034497168,11.33034497178,11.3303449714,11.3303449714,11.33034497148,11.33034497148
"t70",11.37854508601,11.37854508621,11.37854508621,11.37854508621,11.37854508651,11.37854508651,11.37854508651,11.37854508691,11.378545086478,11.378545086378,11.378545086378,11.378545086478,11.378545086478,11.378545086478,11.378545086538,11.378545086538,11.378545086588,11.378545086588,11.378545086578,11.378545086508,11.378545086508,8.88749489563,8.56771806843,8.56771806862,8.56771806861,8.56771806861,8.56771806862,8.56771806852,8.56771806853,8.56771806853,8.56771806863,8.56771806863,8.56771806853,8.56771806854,8.56771806854,8.56771806884,8.56771806823,8.56771806852,8.56771806862,8.56771806862,8.56771806852,8.56771806855,8.56771806855,8.56771806854,8.56771806854,8.56771806857,8.56771806853,8.56771806853,8.56771806853,8.56771806853,8.56771806852,8.56771806852,8.56771806822,8.56771806876,8.56771806876,8.56771806853,5.96448412033,5.96448412052,5.96448412052,5.96448412083,5.96448412051,5.96448412055,5.96448412055,3.84463056125,3.84463056125,3.84463056165,3.84463056165,3.46336705216,3.46336705216,3.46336705215,3.46336705214,3.46336705214,3.46336705215,0,0.2597875782,0.41734314835,5.29247436005,5.29247436045,5.29247436045,5.29247436045,5.29247436045,5.29247436045,5.29247436035,5.29247436035,5.29247436035,5.29247436033,5.29247436033,5.29247436032,5.29247436032,5.47207102213,11.33034497163,11.33034497153,11.33034497153,11.33034497153,11.33034497183,11.33034497193,11.33034497155,11.33034497155,11.33034497163,11.33034497163
"t71",11.37854508601,11.37854508621,11.37854508621,11.37854508621,11.37854508651,11.37854508651,11.37854508651,11.37854508691,11.378545086478,11.378545086378,11.378545086378,11.378545086478,11.378545086478,11.378545086478,11.378545086538,11.378545086538,11.378545086588,11.378545086588,11.378545086578,11.378545086508,11.378545086508,8.88749489563,8.56771806843,8.56771806862,8.56771806861,8.56771806861,8.56771806862,8.56771806852,8.56771806853,8.56771806853,8.56771806863,8.56771806863,8.56771806853,8.56771806854,8.56771806854,8.56771806884,8.56771806823,8.56771806852,8.56771806862,8.56771806862,8.56771806852,8.56771806855,8.56771806855,8.56771806854,8.56771806854,8.56771806857,8.56771806853,8.56771806853,8.56771806853,8.56771806853,8.56771806852,8.56771806852,8.56771806822,8.56771806876,8.56771806876,8.56771806853,5.96448412033,5.96448412052,5.96448412052,5.96448412083,5.96448412051,5.96448412055,5.96448412055,3.84463056125,3.84463056125,3.84463056165,3.84463056165,3.46336705216,3.46336705216,3.46336705215,3.46336705214,3.46336705214,3.46336705215,0.2597875782,0,0.41734314835,5.29247436005,5.29247436045,5.29247436045,5.29247436045,5.29247436045,5.29247436045,5.29247436035,5.29247436035,5.29247436035,5.29247436033,5.29247436033,5.29247436032,5.29247436032,5.47207102213,11.33034497163,11.33034497153,11.33034497153,11.33034497153,11.33034497183,11.33034497193,11.33034497155,11.33034497155,11.33034497163,11.33034497163
"t62",11.37854508606,11.37854508626,11.37854508626,11.37854508626,11.37854508656,11.37854508656,11.37854508656,11.37854508696,11.378545086528,11.378545086428,11.378545086428,11.378545086528,11.378545086528,11.378545086528,11.378545086588,11.378545086588,11.378545086638,11.378545086638,11.378545086628,11.378545086558,11.378545086558,8.88749489568,8.56771806848,8.56771806867,8.56771806866,8.56771806866,8.56771806867,8.56771806857,8.56771806858,8.56771806858,8.56771806868,8.56771806868,8.56771806858,8.56771806859,8.56771806859,8.56771806889,8.56771806828,8.56771806857,8.56771806867,8.56771806867,8.56771806857,8.5677180686,8.5677180686,8.56771806859,8.56771806859,8.56771806862,8.56771806858,8.56771806858,8.56771806858,8.56771806858,8.56771806857,8.56771806857,8.56771806827,8.56771806881,8.56771806881,8.56771806858,5.96448412038,5.96448412057,5.96448412057,5.96448412088,5.96448412056,5.9644841206,5.9644841206,3.8446305613,3.8446305613,3.8446305617,3.8446305617,3.46336705221,3.46336705221,3.4633670522,3.46336705219,3.46336705219,3.4633670522,0.41734314835,0.41734314835,0,5.2924743601,5.2924743605,5.2924743605,5.2924743605,5.2924743605,5.2924743605,5.2924743604,5.2924743604,5.2924743604,5.29247436038,5.29247436038,5.29247436037,5.29247436037,5.47207102218,11.33034497168,11.33034497158,11.33034497158,11.33034497158,11.33034497188,11.33034497198,11.3303449716,11.3303449716,11.33034497168,11.33034497168
"t8",11.37854508596,11.37854508616,11.37854508616,11.37854508616,11.37854508646,11.37854508646,11.37854508646,11.37854508686,11.378545086428,11.378545086328,11.378545086328,11.378545086428,11.378545086428,11.378545086428,11.378545086488,11.378545086488,11.378545086538,11.378545086538,11.378545086528,11.378545086458,11.378545086458,8.88749489558,8.56771806838,8.56771806857,8.56771806856,8.56771806856,8.56771806857,8.56771806847,8.56771806848,8.56771806848,8.56771806858,8.56771806858,8.56771806848,8.56771806849,8.56771806849,8.56771806879,8.56771806818,8.56771806847,8.56771806857,8.56771806857,8.56771806847,8.5677180685,8.5677180685,8.56771806849,8.56771806849,8.56771806852,8.56771806848,8.56771806848,8.56771806848,8.56771806848,8.56771806847,8.56771806847,8.56771806817,8.56771806871,8.56771806871,8.56771806848,5.96448412028,5.96448412047,5.96448412047,5.96448412078,5.96448412046,5.9644841205,5.9644841205,5.29247436,5.29247436,5.2924743604,5.2924743604,5.29247435991,5.29247435991,5.2924743599,5.29247435989,5.29247435989,5.2924743599,5.29247436005,5.29247436005,5.2924743601,0,3.0629503624,3.0629503624,3.0629503624,3.0629503624,3.0629503624,3.0629503623,3.0629503623,3.0629503623,3.06295036228,3.06295036228,3.06295036227,3.06295036227,5.47207102208,11.33034497158,11.33034497148,11.33034497148,11.33034497148,11.33034497178,11.33034497188,11.3303449715,11.3303449715,11.33034497158,11.33034497158
"t34",11.37854508636,11.37854508656,11.37854508656,11.37854508656,11.37854508686,11.37854508686,11.37854508686,11.37854508726,11.378545086828,11.378545086728,11.378545086728,11.378545086828,11.378545086828,11.378545086828,11.378545086888,11.378545086888,11.378545086938,11.378545086938,11.378545086928,11.378545086858,11.378545086858,8.88749489598,8.56771806878,8.56771806897,8.56771806896,8.56771806896,8.56771806897,8.56771806887,8.56771806888,8.56771806888,8.56771806898,8.56771806898,8.56771806888,8.56771806889,8.56771806889,8.56771806919,8.56771806858,8.56771806887,8.56771806897,8.56771806897,8.56771806887,8.5677180689,8.5677180689,8.56771806889,8.56771806889,8.56771806892,8.56771806888,8.56771806888,8.56771806888,8.56771806888,8.56771806887,8.56771806887,8.56771806857,8.56771806911,8.56771806911,8.56771806888,5.96448412068,5.96448412087,5.96448412087,5.96448412118,5.96448412086,5.9644841209,5.9644841209,5.2924743604,5.2924743604,5.2924743608,5.2924743608,5.29247436031,5.29247436031,5.2924743603,5.29247436029,5.29247436029,5.2924743603,5.29247436045,5.29247436045,5.2924743605,3.0629503624,0,1.012202239,1.012202239,1.7855624798,2.6809936372,2.6809936371,2.6809936371,2.6809936371,2.68099363708,2.68099363708,2.68099363707,2.68099363707,5.47207102248,11.33034497198,11.33034497188,11.33034497188,11.33034497188,11.33034497218,11.33034497228,11.3303449719,11.3303449719,11.33034497198,11.33034497198
"t52",11.37854508636,11.37854508656,11.37854508656,11.37854508656,11.37854508686,11.37854508686,11.37854508686,11.37854508726,11.378545086828,11.378545086728,11.378545086728,11.378545086828,11.378545086828,11.378545086828,11.378545086888,11.378545086888,11.378545086938,11.378545086938,11.378545086928,11.378545086858,11.378545086858,8.88749489598,8.56771806878,8.56771806897,8.56771806896,8.56771806896,8.56771806897,8.56771806887,8.56771806888,8.56771806888,8.56771806898,8.56771806898,8.56771806888,8.56771806889,8.56771806889,8.56771806919,8.56771806858,8.56771806887,8.56771806897,8.56771806897,8.56771806887,8.5677180689,8.5677180689,8.56771806889,8.56771806889,8.56771806892,8.56771806888,8.56771806888,8.56771806888,8.56771806888,8.56771806887,8.56771806887,8.56771806857,8.56771806911,8.56771806911,8.56771806888,5.96448412068,5.96448412087,5.96448412087,5.96448412118,5.96448412086,5.9644841209,5.9644841209,5.2924743604,5.2924743604,5.2924743608,5.2924743608,5.29247436031,5.29247436031,5.2924743603,5.29247436029,5.29247436029,5.2924743603,5.29247436045,5.29247436045,5.2924743605,3.0629503624,1.012202239,0,0.6477945242,1.7855624798,2.6809936372,2.6809936371,2.6809936371,2.6809936371,2.68099363708,2.68099363708,2.68099363707,2.68099363707,5.47207102248,11.33034497198,11.33034497188,11.33034497188,11.33034497188,11.33034497218,11.33034497228,11.3303449719,11.3303449719,11.33034497198,11.33034497198
"t53",11.37854508636,11.37854508656,11.37854508656,11.37854508656,11.37854508686,11.37854508686,11.37854508686,11.37854508726,11.378545086828,11.378545086728,11.378545086728,11.378545086828,11.378545086828,11.378545086828,11.378545086888,11.378545086888,11.378545086938,11.378545086938,11.378545086928,11.378545086858,11.378545086858,8.88749489598,8.56771806878,8.56771806897,8.56771806896,8.56771806896,8.56771806897,8.56771806887,8.56771806888,8.56771806888,8.56771806898,8.56771806898,8.56771806888,8.56771806889,8.56771806889,8.56771806919,8.56771806858,8.56771806887,8.56771806897,8.56771806897,8.56771806887,8.5677180689,8.5677180689,8.56771806889,8.56771806889,8.56771806892,8.56771806888,8.56771806888,8.56771806888,8.56771806888,8.56771806887,8.56771806887,8.56771806857,8.56771806911,8.56771806911,8.56771806888,5.96448412068,5.96448412087,5.96448412087,5.96448412118,5.96448412086,5.9644841209,5.9644841209,5.2924743604,5.2924743604,5.2924743608,5.2924743608,5.29247436031,5.29247436031,5.2924743603,5.29247436029,5.29247436029,5.2924743603,5.29247436045,5.29247436045,5.2924743605,3.0629503624,1.012202239,0.6477945242,0,1.7855624798,2.6809936372,2.6809936371,2.6809936371,2.6809936371,2.68099363708,2.68099363708,2.68099363707,2.68099363707,5.47207102248,11.33034497198,11.33034497188,11.33034497188,11.33034497188,11.33034497218,11.33034497228,11.3303449719,11.3303449719,11.33034497198,11.33034497198
"t22",11.37854508636,11.37854508656,11.37854508656,11.37854508656,11.37854508686,11.37854508686,11.37854508686,11.37854508726,11.378545086828,11.378545086728,11.378545086728,11.378545086828,11.378545086828,11.378545086828,11.378545086888,11.378545086888,11.378545086938,11.378545086938,11.378545086928,11.378545086858,11.378545086858,8.88749489598,8.56771806878,8.56771806897,8.56771806896,8.56771806896,8.56771806897,8.56771806887,8.56771806888,8.56771806888,8.56771806898,8.56771806898,8.56771806888,8.56771806889,8.56771806889,8.56771806919,8.56771806858,8.56771806887,8.56771806897,8.56771806897,8.56771806887,8.5677180689,8.5677180689,8.56771806889,8.56771806889,8.56771806892,8.56771806888,8.56771806888,8.56771806888,8.56771806888,8.56771806887,8.56771806887,8.56771806857,8.56771806911,8.56771806911,8.56771806888,5.96448412068,5.96448412087,5.96448412087,5.96448412118,5.96448412086,5.9644841209,5.9644841209,5.2924743604,5.2924743604,5.2924743608,5.2924743608,5.29247436031,5.29247436031,5.2924743603,5.29247436029,5.29247436029,5.2924743603,5.29247436045,5.29247436045,5.2924743605,3.0629503624,1.7855624798,1.7855624798,1.7855624798,0,2.6809936372,2.6809936371,2.6809936371,2.6809936371,2.68099363708,2.68099363708,2.68099363707,2.68099363707,5.47207102248,11.33034497198,11.33034497188,11.33034497188,11.33034497188,11.33034497218,11.33034497228,11.3303449719,11.3303449719,11.33034497198,11.33034497198
"t24",11.37854508636,11.37854508656,11.37854508656,11.37854508656,11.37854508686,11.37854508686,11.37854508686,11.37854508726,11.378545086828,11.378545086728,11.378545086728,11.378545086828,11.378545086828,11.378545086828,11.378545086888,11.378545086888,11.378545086938,11.378545086938,11.378545086928,11.378545086858,11.378545086858,8.88749489598,8.56771806878,8.56771806897,8.56771806896,8.56771806896,8.56771806897,8.56771806887,8.56771806888,8.56771806888,8.56771806898,8.56771806898,8.56771806888,8.56771806889,8.56771806889,8.56771806919,8.56771806858,8.56771806887,8.56771806897,8.56771806897,8.56771806887,8.5677180689,8.5677180689,8.56771806889,8.56771806889,8.56771806892,8.56771806888,8.56771806888,8.56771806888,8.56771806888,8.56771806887,8.56771806887,8.56771806857,8.56771806911,8.56771806911,8.56771806888,5.96448412068,5.96448412087,5.96448412087,5.96448412118,5.96448412086,5.9644841209,5.9644841209,5.2924743604,5.2924743604,5.2924743608,5.2924743608,5.29247436031,5.29247436031,5.2924743603,5.29247436029,5.29247436029,5.2924743603,5.29247436045,5.29247436045,5.2924743605,3.0629503624,2.6809936372,2.6809936372,2.6809936372,2.6809936372,0,1.7092662031,1.7092662031,1.7092662031,1.70926620308,1.70926620308,1.70926620307,1.70926620307,5.47207102248,11.33034497198,11.33034497188,11.33034497188,11.33034497188,11.33034497218,11.33034497228,11.3303449719,11.3303449719,11.33034497198,11.33034497198
"t35",11.37854508626,11.37854508646,11.37854508646,11.37854508646,11.37854508676,11.37854508676,11.37854508676,11.37854508716,11.378545086728,11.378545086628,11.378545086628,11.378545086728,11.378545086728,11.378545086728,11.378545086788,11.378545086788,11.378545086838,11.378545086838,11.378545086828,11.378545086758,11.378545086758,8.88749489588,8.56771806868,8.56771806887,8.56771806886,8.56771806886,8.56771806887,8.56771806877,8.56771806878,8.56771806878,8.56771806888,8.56771806888,8.56771806878,8.56771806879,8.56771806879,8.56771806909,8.56771806848,8.56771806877,8.56771806887,8.56771806887,8.56771806877,8.5677180688,8.5677180688,8.56771806879,8.56771806879,8.56771806882,8.56771806878,8.56771806878,8.56771806878,8.56771806878,8.56771806877,8.56771806877,8.56771806847,8.56771806901,8.56771806901,8.56771806878,5.96448412058,5.96448412077,5.96448412077,5.96448412108,5.96448412076,5.9644841208,5.9644841208,5.2924743603,5.2924743603,5.2924743607,5.2924743607,5.29247436021,5.29247436021,5.2924743602,5.29247436019,5.29247436019,5.2924743602,5.29247436035,5.29247436035,5.2924743604,3.0629503623,2.6809936371,2.6809936371,2.6809936371,2.6809936371,1.7092662031,0,0.9775053402,0.9775053402,1.30804453498,1.30804453498,1.30804453497,1.30804453497,5.47207102238,11.33034497188,11.33034497178,11.33034497178,11.33034497178,11.33034497208,11.33034497218,11.3303449718,11.3303449718,11.33034497188,11.33034497188
"t46",11.37854508626,11.37854508646,11.37854508646,11.37854508646,11.37854508676,11.37854508676,11.37854508676,11.37854508716,11.378545086728,11.378545086628,11.378545086628,11.378545086728,11.378545086728,11.378545086728,11.378545086788,11.378545086788,11.378545086838,11.378545086838,11.378545086828,11.378545086758,11.378545086758,8.88749489588,8.56771806868,8.56771806887,8.56771806886,8.56771806886,8.56771806887,8.56771806877,8.56771806878,8.56771806878,8.56771806888,8.56771806888,8.56771806878,8.56771806879,8.56771806879,8.56771806909,8.56771806848,8.56771806877,8.56771806887,8.56771806887,8.56771806877,8.5677180688,8.5677180688,8.56771806879,8.56771806879,8.56771806882,8.56771806878,8.56771806878,8.56771806878,8.56771806878,8.56771806877,8.56771806877,8.56771806847,8.56771806901,8.56771806901,8.56771806878,5.96448412058,5.96448412077,5.96448412077,5.96448412108,5.96448412076,5.9644841208,5.9644841208,5.2924743603,5.2924743603,5.2924743607,5.2924743607,5.29247436021,5.29247436021,5.2924743602,5.29247436019,5.29247436019,5.2924743602,5.29247436035,5.29247436035,5.2924743604,3.0629503623,2.6809936371,2.6809936371,2.6809936371,2.6809936371,1.7092662031,0.9775053402,0,0.737378187,1.30804453498,1.30804453498,1.30804453497,1.30804453497,5.47207102238,11.33034497188,11.33034497178,11.33034497178,11.33034497178,11.33034497208,11.33034497218,11.3303449718,11.3303449718,11.33034497188,11.33034497188
"t47",11.37854508626,11.37854508646,11.37854508646,11.37854508646,11.37854508676,11.37854508676,11.37854508676,11.37854508716,11.378545086728,11.378545086628,11.378545086628,11.378545086728,11.378545086728,11.378545086728,11.378545086788,11.378545086788,11.378545086838,11.378545086838,11.378545086828,11.378545086758,11.378545086758,8.88749489588,8.56771806868,8.56771806887,8.56771806886,8.56771806886,8.56771806887,8.56771806877,8.56771806878,8.56771806878,8.56771806888,8.56771806888,8.56771806878,8.56771806879,8.56771806879,8.56771806909,8.56771806848,8.56771806877,8.56771806887,8.56771806887,8.56771806877,8.5677180688,8.5677180688,8.56771806879,8.56771806879,8.56771806882,8.56771806878,8.56771806878,8.56771806878,8.56771806878,8.56771806877,8.56771806877,8.56771806847,8.56771806901,8.56771806901,8.56771806878,5.96448412058,5.96448412077,5.96448412077,5.96448412108,5.96448412076,5.9644841208,5.9644841208,5.2924743603,5.2924743603,5.2924743607,5.2924743607,5.29247436021,5.29247436021,5.2924743602,5.29247436019,5.29247436019,5.2924743602,5.29247436035,5.29247436035,5.2924743604,3.0629503623,2.6809936371,2.6809936371,2.6809936371,2.6809936371,1.7092662031,0.9775053402,0.737378187,0,1.30804453498,1.30804453498,1.30804453497,1.30804453497,5.47207102238,11.33034497188,11.33034497178,11.33034497178,11.33034497178,11.33034497208,11.33034497218,11.3303449718,11.3303449718,11.33034497188,11.33034497188
"t95",11.37854508624,11.37854508644,11.37854508644,11.37854508644,11.37854508674,11.37854508674,11.37854508674,11.37854508714,11.378545086708,11.378545086608,11.378545086608,11.378545086708,11.378545086708,11.378545086708,11.378545086768,11.378545086768,11.378545086818,11.378545086818,11.378545086808,11.378545086738,11.378545086738,8.88749489586,8.56771806866,8.56771806885,8.56771806884,8.56771806884,8.56771806885,8.56771806875,8.56771806876,8.56771806876,8.56771806886,8.56771806886,8.56771806876,8.56771806877,8.56771806877,8.56771806907,8.56771806846,8.56771806875,8.56771806885,8.56771806885,8.56771806875,8.56771806878,8.56771806878,8.56771806877,8.56771806877,8.5677180688,8.56771806876,8.56771806876,8.56771806876,8.56771806876,8.56771806875,8.56771806875,8.56771806845,8.56771806899,8.56771806899,8.56771806876,5.96448412056,5.96448412075,5.96448412075,5.96448412106,5.96448412074,5.96448412078,5.96448412078,5.29247436028,5.29247436028,5.29247436068,5.29247436068,5.29247436019,5.29247436019,5.29247436018,5.29247436017,5.29247436017,5.29247436018,5.29247436033,5.29247436033,5.29247436038,3.06295036228,2.68099363708,2.68099363708,2.68099363708,2.68099363708,1.70926620308,1.30804453498,1.30804453498,1.30804453498,0,0.03276419916,1.01409463295,1.01409463295,5.47207102236,11.33034497186,11.33034497176,11.33034497176,11.33034497176,11.33034497206,11.33034497216,11.33034497178,11.33034497178,11.33034497186,11.33034497186
"t96",11.37854508624,11.37854508644,11.37854508644,11.37854508644,11.37854508674,11.37854508674,11.37854508674,11.37854508714,11.378545086708,11.378545086608,11.378545086608,11.378545086708,11.378545086708,11.378545086708,11.378545086768,11.378545086768,11.378545086818,11.378545086818,11.378545086808,11.378545086738,11.378545086738,8.88749489586,8.56771806866,8.56771806885,8.56771806884,8.56771806884,8.56771806885,8.56771806875,8.56771806876,8.56771806876,8.56771806886,8.56771806886,8.56771806876,8.56771806877,8.56771806877,8.56771806907,8.56771806846,8.56771806875,8.56771806885,8.56771806885,8.56771806875,8.56771806878,8.56771806878,8.56771806877,8.56771806877,8.5677180688,8.56771806876,8.56771806876,8.56771806876,8.56771806876,8.56771806875,8.56771806875,8.56771806845,8.56771806899,8.56771806899,8.56771806876,5.96448412056,5.96448412075,5.96448412075,5.96448412106,5.96448412074,5.96448412078,5.96448412078,5.29247436028,5.29247436028,5.29247436068,5.29247436068,5.29247436019,5.29247436019,5.29247436018,5.29247436017,5.29247436017,5.29247436018,5.29247436033,5.29247436033,5.29247436038,3.06295036228,2.68099363708,2.68099363708,2.68099363708,2.68099363708,1.70926620308,1.30804453498,1.30804453498,1.30804453498,0.03276419916,0,1.01409463295,1.01409463295,5.47207102236,11.33034497186,11.33034497176,11.33034497176,11.33034497176,11.33034497206,11.33034497216,11.33034497178,11.33034497178,11.33034497186,11.33034497186
"t38",11.37854508623,11.37854508643,11.37854508643,11.37854508643,11.37854508673,11.37854508673,11.37854508673,11.37854508713,11.378545086698,11.378545086598,11.378545086598,11.378545086698,11.378545086698,11.378545086698,11.378545086758,11.378545086758,11.378545086808,11.378545086808,11.378545086798,11.378545086728,11.378545086728,8.88749489585,8.56771806865,8.56771806884,8.56771806883,8.56771806883,8.56771806884,8.56771806874,8.56771806875,8.56771806875,8.56771806885,8.56771806885,8.56771806875,8.56771806876,8.56771806876,8.56771806906,8.56771806845,8.56771806874,8.56771806884,8.56771806884,8.56771806874,8.56771806877,8.56771806877,8.56771806876,8.56771806876,8.56771806879,8.56771806875,8.56771806875,8.56771806875,8.56771806875,8.56771806874,8.56771806874,8.56771806844,8.56771806898,8.56771806898,8.56771806875,5.96448412055,5.96448412074,5.96448412074,5.96448412105,5.96448412073,5.96448412077,5.96448412077,5.29247436027,5.29247436027,5.29247436067,5.29247436067,5.29247436018,5.29247436018,5.29247436017,5.29247436016,5.29247436016,5.29247436017,5.29247436032,5.29247436032,5.29247436037,3.06295036227,2.68099363707,2.68099363707,2.68099363707,2.68099363707,1.70926620307,1.30804453497,1.30804453497,1.30804453497,1.01409463295,1.01409463295,0,0.9029564404,5.47207102235,11.33034497185,11.33034497175,11.33034497175,11.33034497175,11.33034497205,11.33034497215,11.33034497177,11.33034497177,11.33034497185,11.33034497185
"t39",11.37854508623,11.37854508643,11.37854508643,11.37854508643,11.37854508673,11.37854508673,11.37854508673,11.37854508713,11.378545086698,11.378545086598,11.378545086598,11.378545086698,11.378545086698,11.378545086698,11.378545086758,11.378545086758,11.378545086808,11.378545086808,11.378545086798,11.378545086728,11.378545086728,8.88749489585,8.56771806865,8.56771806884,8.56771806883,8.56771806883,8.56771806884,8.56771806874,8.56771806875,8.56771806875,8.56771806885,8.56771806885,8.56771806875,8.56771806876,8.56771806876,8.56771806906,8.56771806845,8.56771806874,8.56771806884,8.56771806884,8.56771806874,8.56771806877,8.56771806877,8.56771806876,8.56771806876,8.56771806879,8.56771806875,8.56771806875,8.56771806875,8.56771806875,8.56771806874,8.56771806874,8.56771806844,8.56771806898,8.56771806898,8.56771806875,5.96448412055,5.96448412074,5.96448412074,5.96448412105,5.96448412073,5.96448412077,5.96448412077,5.29247436027,5.29247436027,5.29247436067,5.29247436067,5.29247436018,5.29247436018,5.29247436017,5.29247436016,5.29247436016,5.29247436017,5.29247436032,5.29247436032,5.29247436037,3.06295036227,2.68099363707,2.68099363707,2.68099363707,2.68099363707,1.70926620307,1.30804453497,1.30804453497,1.30804453497,1.01409463295,1.01409463295,0.9029564404,0,5.47207102235,11.33034497185,11.33034497175,11.33034497175,11.33034497175,11.33034497205,11.33034497215,11.33034497177,11.33034497177,11.33034497185,11.33034497185
"t3",11.37854508588,11.37854508608,11.37854508608,11.37854508608,11.37854508638,11.37854508638,11.37854508638,11.37854508678,11.378545086348,11.378545086248,11.378545086248,11.378545086348,11.378545086348,11.378545086348,11.378545086408,11.378545086408,11.378545086458,11.378545086458,11.378545086448,11.378545086378,11.378545086378,8.8874948955,8.5677180683,8.56771806849,8.56771806848,8.56771806848,8.56771806849,8.56771806839,8.5677180684,8.5677180684,8.5677180685,8.5677180685,8.5677180684,8.56771806841,8.56771806841,8.56771806871,8.5677180681,8.56771806839,8.56771806849,8.56771806849,8.56771806839,8.56771806842,8.56771806842,8.56771806841,8.56771806841,8.56771806844,8.5677180684,8.5677180684,8.5677180684,8.5677180684,8.56771806839,8.56771806839,8.56771806809,8.56771806863,8.56771806863,8.5677180684,5.9644841202,5.96448412039,5.96448412039,5.9644841207,5.96448412038,5.96448412042,5.96448412042,5.47207102208,5.47207102208,5.47207102248,5.47207102248,5.47207102199,5.47207102199,5.47207102198,5.47207102197,5.47207102197,5.47207102198,5.47207102213,5.47207102213,5.47207102218,5.47207102208,5.47207102248,5.47207102248,5.47207102248,5.47207102248,5.47207102248,5.47207102238,5.47207102238,5.47207102238,5.47207102236,5.47207102236,5.47207102235,5.47207102235,0,11.3303449715,11.3303449714,11.3303449714,11.3303449714,11.3303449717,11.3303449718,11.33034497142,11.33034497142,11.3303449715,11.3303449715
"t2",11.37854508638,11.37854508658,11.37854508658,11.37854508658,11.37854508688,11.37854508688,11.37854508688,11.37854508728,11.378545086848,11.378545086748,11.378545086748,11.378545086848,11.378545086848,11.378545086848,11.378545086908,11.378545086908,11.378545086958,11.378545086958,11.378545086948,11.378545086878,11.378545086878,11.330344972,11.3303449712,11.33034497139,11.33034497138,11.33034497138,11.33034497139,11.33034497129,11.3303449713,11.3303449713,11.3303449714,11.3303449714,11.3303449713,11.33034497131,11.33034497131,11.33034497161,11.330344971,11.33034497129,11.33034497139,11.33034497139,11.33034497129,11.33034497132,11.33034497132,11.33034497131,11.33034497131,11.33034497134,11.3303449713,11.3303449713,11.3303449713,11.3303449713,11.33034497129,11.33034497129,11.33034497099,11.33034497153,11.33034497153,11.3303449713,11.3303449711,11.33034497129,11.33034497129,11.3303449716,11.33034497128,11.33034497132,11.33034497132,11.33034497158,11.33034497158,11.33034497198,11.33034497198,11.33034497149,11.33034497149,11.33034497148,11.33034497147,11.33034497147,11.33034497148,11.33034497163,11.33034497163,11.33034497168,11.33034497158,11.33034497198,11.33034497198,11.33034497198,11.33034497198,11.33034497198,11.33034497188,11.33034497188,11.33034497188,11.33034497186,11.33034497186,11.33034497185,11.33034497185,11.3303449715,0,5.7543314439,5.7543314439,5.7543314439,5.7543314442,5.7543314443,5.75433144392,5.75433144392,5.754331444,5.754331444
"t45",11.37854508628,11.37854508648,11.37854508648,11.37854508648,11.37854508678,11.37854508678,11.37854508678,11.37854508718,11.378545086748,11.378545086648,11.378545086648,11.378545086748,11.378545086748,11.378545086748,11.378545086808,11.378545086808,11.378545086858,11.378545086858,11.378545086848,11.378545086778,11.378545086778,11.3303449719,11.3303449711,11.33034497129,11.33034497128,11.33034497128,11.33034497129,11.33034497119,11.3303449712,11.3303449712,11.3303449713,11.3303449713,11.3303449712,11.33034497121,11.33034497121,11.33034497151,11.3303449709,11.33034497119,11.33034497129,11.33034497129,11.33034497119,11.33034497122,11.33034497122,11.33034497121,11.33034497121,11.33034497124,11.3303449712,11.3303449712,11.3303449712,11.3303449712,11.33034497119,11.33034497119,11.33034497089,11.33034497143,11.33034497143,11.3303449712,11.330344971,11.33034497119,11.33034497119,11.3303449715,11.33034497118,11.33034497122,11.33034497122,11.33034497148,11.33034497148,11.33034497188,11.33034497188,11.33034497139,11.33034497139,11.33034497138,11.33034497137,11.33034497137,11.33034497138,11.33034497153,11.33034497153,11.33034497158,11.33034497148,11.33034497188,11.33034497188,11.33034497188,11.33034497188,11.33034497188,11.33034497178,11.33034497178,11.33034497178,11.33034497176,11.33034497176,11.33034497175,11.33034497175,11.3303449714,5.7543314439,0,0.7618924728,0.7618924728,2.0864168877,2.3083589216,2.75418086982,2.75418086982,2.7541808699,2.7541808699
"t65",11.37854508628,11.37854508648,11.37854508648,11.37854508648,11.37854508678,11.37854508678,11.37854508678,11.37854508718,11.378545086748,11.378545086648,11.378545086648,11.378545086748,11.378545086748,11.378545086748,11.378545086808,11.378545086808,11.378545086858,11.378545086858,11.378545086848,11.378545086778,11.378545086778,11.3303449719,11.3303449711,11.33034497129,11.33034497128,11.33034497128,11.33034497129,11.33034497119,11.3303449712,11.3303449712,11.3303449713,11.3303449713,11.3303449712,11.33034497121,11.33034497121,11.33034497151,11.3303449709,11.33034497119,11.33034497129,11.33034497129,11.33034497119,11.33034497122,11.33034497122,11.33034497121,11.33034497121,11.33034497124,11.3303449712,11.3303449712,11.3303449712,11.3303449712,11.33034497119,11.33034497119,11.33034497089,11.33034497143,11.33034497143,11.3303449712,11.330344971,11.33034497119,11.33034497119,11.3303449715,11.33034497118,11.33034497122,11.33034497122,11.33034497148,11.33034497148,11.33034497188,11.33034497188,11.33034497139,11.33034497139,11.33034497138,11.33034497137,11.33034497137,11.33034497138,11.33034497153,11.33034497153,11.33034497158,11.33034497148,11.33034497188,11.33034497188,11.33034497188,11.33034497188,11.33034497188,11.33034497178,11.33034497178,11.33034497178,11.33034497176,11.33034497176,11.33034497175,11.33034497175,11.3303449714,5.7543314439,0.7618924728,0,0.3984584584,2.0864168877,2.3083589216,2.75418086982,2.75418086982,2.7541808699,2.7541808699
"t66",11.37854508628,11.37854508648,11.37854508648,11.37854508648,11.37854508678,11.37854508678,11.37854508678,11.37854508718,11.378545086748,11.378545086648,11.378545086648,11.378545086748,11.378545086748,11.378545086748,11.378545086808,11.378545086808,11.378545086858,11.378545086858,11.378545086848,11.378545086778,11.378545086778,11.3303449719,11.3303449711,11.33034497129,11.33034497128,11.33034497128,11.33034497129,11.33034497119,11.3303449712,11.3303449712,11.3303449713,11.3303449713,11.3303449712,11.33034497121,11.33034497121,11.33034497151,11.3303449709,11.33034497119,11.33034497129,11.33034497129,11.33034497119,11.33034497122,11.33034497122,11.33034497121,11.33034497121,11.33034497124,11.3303449712,11.3303449712,11.3303449712,11.3303449712,11.33034497119,11.33034497119,11.33034497089,11.33034497143,11.33034497143,11.3303449712,11.330344971,11.33034497119,11.33034497119,11.3303449715,11.33034497118,11.33034497122,11.33034497122,11.33034497148,11.33034497148,11.33034497188,11.33034497188,11.33034497139,11.33034497139,11.33034497138,11.33034497137,11.33034497137,11.33034497138,11.33034497153,11.33034497153,11.33034497158,11.33034497148,11.33034497188,11.33034497188,11.33034497188,11.33034497188,11.33034497188,11.33034497178,11.33034497178,11.33034497178,11.33034497176,11.33034497176,11.33034497175,11.33034497175,11.3303449714,5.7543314439,0.7618924728,0.3984584584,0,2.0864168877,2.3083589216,2.75418086982,2.75418086982,2.7541808699,2.7541808699
"t13",11.37854508658,11.37854508678,11.37854508678,11.37854508678,11.37854508708,11.37854508708,11.37854508708,11.37854508748,11.378545087048,11.378545086948,11.378545086948,11.378545087048,11.378545087048,11.378545087048,11.378545087108,11.378545087108,11.378545087158,11.378545087158,11.378545087148,11.378545087078,11.378545087078,11.3303449722,11.3303449714,11.33034497159,11.33034497158,11.33034497158,11.33034497159,11.33034497149,11.3303449715,11.3303449715,11.3303449716,11.3303449716,11.3303449715,11.33034497151,11.33034497151,11.33034497181,11.3303449712,11.33034497149,11.33034497159,11.33034497159,11.33034497149,11.33034497152,11.33034497152,11.33034497151,11.33034497151,11.33034497154,11.3303449715,11.3303449715,11.3303449715,11.3303449715,11.33034497149,11.33034497149,11.33034497119,11.33034497173,11.33034497173,11.3303449715,11.3303449713,11.33034497149,11.33034497149,11.3303449718,11.33034497148,11.33034497152,11.33034497152,11.33034497178,11.33034497178,11.33034497218,11.33034497218,11.33034497169,11.33034497169,11.33034497168,11.33034497167,11.33034497167,11.33034497168,11.33034497183,11.33034497183,11.33034497188,11.33034497178,11.33034497218,11.33034497218,11.33034497218,11.33034497218,11.33034497218,11.33034497208,11.33034497208,11.33034497208,11.33034497206,11.33034497206,11.33034497205,11.33034497205,11.3303449717,5.7543314442,2.0864168877,2.0864168877,2.0864168877,0,2.3083589219,2.75418087012,2.75418087012,2.7541808702,2.7541808702
"t11",11.37854508668,11.37854508688,11.37854508688,11.37854508688,11.37854508718,11.37854508718,11.37854508718,11.37854508758,11.378545087148,11.378545087048,11.378545087048,11.378545087148,11.378545087148,11.378545087148,11.378545087208,11.378545087208,11.378545087258,11.378545087258,11.378545087248,11.378545087178,11.378545087178,11.3303449723,11.3303449715,11.33034497169,11.33034497168,11.33034497168,11.33034497169,11.33034497159,11.3303449716,11.3303449716,11.3303449717,11.3303449717,11.3303449716,11.33034497161,11.33034497161,11.33034497191,11.3303449713,11.33034497159,11.33034497169,11.33034497169,11.33034497159,11.33034497162,11.33034497162,11.33034497161,11.33034497161,11.33034497164,11.3303449716,11.3303449716,11.3303449716,11.3303449716,11.33034497159,11.33034497159,11.33034497129,11.33034497183,11.33034497183,11.3303449716,11.3303449714,11.33034497159,11.33034497159,11.3303449719,11.33034497158,11.33034497162,11.33034497162,11.33034497188,11.33034497188,11.33034497228,11.33034497228,11.33034497179,11.33034497179,11.33034497178,11.33034497177,11.33034497177,11.33034497178,11.33034497193,11.33034497193,11.33034497198,11.33034497188,11.33034497228,11.33034497228,11.33034497228,11.33034497228,11.33034497228,11.33034497218,11.33034497218,11.33034497218,11.33034497216,11.33034497216,11.33034497215,11.33034497215,11.3303449718,5.7543314443,2.3083589216,2.3083589216,2.3083589216,2.3083589219,0,2.75418087022,2.75418087022,2.7541808703,2.7541808703
"t43",11.3785450863,11.3785450865,11.3785450865,11.3785450865,11.3785450868,11.3785450868,11.3785450868,11.3785450872,11.378545086768,11.378545086668,11.378545086668,11.378545086768,11.378545086768,11.378545086768,11.378545086828,11.378545086828,11.378545086878,11.378545086878,11.378545086868,11.378545086798,11.378545086798,11.33034497192,11.33034497112,11.33034497131,11.3303449713,11.3303449713,11.33034497131,11.33034497121,11.33034497122,11.33034497122,11.33034497132,11.33034497132,11.33034497122,11.33034497123,11.33034497123,11.33034497153,11.33034497092,11.33034497121,11.33034497131,11.33034497131,11.33034497121,11.33034497124,11.33034497124,11.33034497123,11.33034497123,11.33034497126,11.33034497122,11.33034497122,11.33034497122,11.33034497122,11.33034497121,11.33034497121,11.33034497091,11.33034497145,11.33034497145,11.33034497122,11.33034497102,11.33034497121,11.33034497121,11.33034497152,11.3303449712,11.33034497124,11.33034497124,11.3303449715,11.3303449715,11.3303449719,11.3303449719,11.33034497141,11.33034497141,11.3303449714,11.33034497139,11.33034497139,11.3303449714,11.33034497155,11.33034497155,11.3303449716,11.3303449715,11.3303449719,11.3303449719,11.3303449719,11.3303449719,11.3303449719,11.3303449718,11.3303449718,11.3303449718,11.33034497178,11.33034497178,11.33034497177,11.33034497177,11.33034497142,5.75433144392,2.75418086982,2.75418086982,2.75418086982,2.75418087012,2.75418087022,0,0.7713578488,0.79518787332,0.79518787332
"t44",11.3785450863,11.3785450865,11.3785450865,11.3785450865,11.3785450868,11.3785450868,11.3785450868,11.3785450872,11.378545086768,11.378545086668,11.378545086668,11.378545086768,11.378545086768,11.378545086768,11.378545086828,11.378545086828,11.378545086878,11.378545086878,11.378545086868,11.378545086798,11.378545086798,11.33034497192,11.33034497112,11.33034497131,11.3303449713,11.3303449713,11.33034497131,11.33034497121,11.33034497122,11.33034497122,11.33034497132,11.33034497132,11.33034497122,11.33034497123,11.33034497123,11.33034497153,11.33034497092,11.33034497121,11.33034497131,11.33034497131,11.33034497121,11.33034497124,11.33034497124,11.33034497123,11.33034497123,11.33034497126,11.33034497122,11.33034497122,11.33034497122,11.33034497122,11.33034497121,11.33034497121,11.33034497091,11.33034497145,11.33034497145,11.33034497122,11.33034497102,11.33034497121,11.33034497121,11.33034497152,11.3303449712,11.33034497124,11.33034497124,11.3303449715,11.3303449715,11.3303449719,11.3303449719,11.33034497141,11.33034497141,11.3303449714,11.33034497139,11.33034497139,11.3303449714,11.33034497155,11.33034497155,11.3303449716,11.3303449715,11.3303449719,11.3303449719,11.3303449719,11.3303449719,11.3303449719,11.3303449718,11.3303449718,11.3303449718,11.33034497178,11.33034497178,11.33034497177,11.33034497177,11.33034497142,5.75433144392,2.75418086982,2.75418086982,2.75418086982,2.75418087012,2.75418087022,0.7713578488,0,0.79518787332,0.79518787332
"t67",11.37854508638,11.37854508658,11.37854508658,11.37854508658,11.37854508688,11.37854508688,11.37854508688,11.37854508728,11.378545086848,11.378545086748,11.378545086748,11.378545086848,11.378545086848,11.378545086848,11.378545086908,11.378545086908,11.378545086958,11.378545086958,11.378545086948,11.378545086878,11.378545086878,11.330344972,11.3303449712,11.33034497139,11.33034497138,11.33034497138,11.33034497139,11.33034497129,11.3303449713,11.3303449713,11.3303449714,11.3303449714,11.3303449713,11.33034497131,11.33034497131,11.33034497161,11.330344971,11.33034497129,11.33034497139,11.33034497139,11.33034497129,11.33034497132,11.33034497132,11.33034497131,11.33034497131,11.33034497134,11.3303449713,11.3303449713,11.3303449713,11.3303449713,11.33034497129,11.33034497129,11.33034497099,11.33034497153,11.33034497153,11.3303449713,11.3303449711,11.33034497129,11.33034497129,11.3303449716,11.33034497128,11.33034497132,11.33034497132,11.33034497158,11.33034497158,11.33034497198,11.33034497198,11.33034497149,11.33034497149,11.33034497148,11.33034497147,11.33034497147,11.33034497148,11.33034497163,11.33034497163,11.33034497168,11.33034497158,11.33034497198,11.33034497198,11.33034497198,11.33034497198,11.33034497198,11.33034497188,11.33034497188,11.33034497188,11.33034497186,11.33034497186,11.33034497185,11.33034497185,11.3303449715,5.754331444,2.7541808699,2.7541808699,2.7541808699,2.7541808702,2.7541808703,0.79518787332,0.79518787332,0,0.3398172082
"t68",11.37854508638,11.37854508658,11.37854508658,11.37854508658,11.37854508688,11.37854508688,11.37854508688,11.37854508728,11.378545086848,11.378545086748,11.378545086748,11.378545086848,11.378545086848,11.378545086848,11.378545086908,11.378545086908,11.378545086958,11.378545086958,11.378545086948,11.378545086878,11.378545086878,11.330344972,11.3303449712,11.33034497139,11.33034497138,11.33034497138,11.33034497139,11.33034497129,11.3303449713,11.3303449713,11.3303449714,11.3303449714,11.3303449713,11.33034497131,11.33034497131,11.33034497161,11.330344971,11.33034497129,11.33034497139,11.33034497139,11.33034497129,11.33034497132,11.33034497132,11.33034497131,11.33034497131,11.33034497134,11.3303449713,11.3303449713,11.3303449713,11.3303449713,11.33034497129,11.33034497129,11.33034497099,11.33034497153,11.33034497153,11.3303449713,11.3303449711,11.33034497129,11.33034497129,11.3303449716,11.33034497128,11.33034497132,11.33034497132,11.33034497158,11.33034497158,11.33034497198,11.33034497198,11.33034497149,11.33034497149,11.33034497148,11.33034497147,11.33034497147,11.33034497148,11.33034497163,11.33034497163,11.33034497168,11.33034497158,11.33034497198,11.33034497198,11.33034497198,11.33034497198,11.33034497198,11.33034497188,11.33034497188,11.33034497188,11.33034497186,11.33034497186,11.33034497185,11.33034497185,11.3303449715,5.754331444,2.7541808699,2.7541808699,2.7541808699,2.7541808702,2.7541808703,0.79518787332,0.79518787332,0.3398172082,0
