accepted_species,0
t13,-0.010298668236152931
t56,-0.010298668236152931
t34,-0.010298668236152931
t54,-0.010298668236152931
t55,-0.010298668236152931
t44,-0.010298668236152931
t6,-0.010298668236152931
t68,-0.010298668236152931
t79,-0.010298668236152931
t26,-0.010298668236152931
