"accepted_species","estimate"
"t13",-0.253261117481358
"t56",0.163379606192095
"t34",-0.735984669109532
"t54",-0.735984669109532
"t55",-0.735984669109532
"t44",-0.735984669109532
"t6",-0.550300858849332
"t68",-0.333962936781916
"t79",-0.248508062484112
"t26",0.486504873296313
