accepted_species,estimate
t13,-0.6002211
t56,0.093033984
t34,-0.8149639
t54,-0.8149639
t55,-0.8149639
t44,-0.8149639
t6,-0.48191664
t68,-0.21370341
t79,-0.13996647
t26,0.71042454
