accepted_species,estimate
t50,-0.015409938846069567
t51,-0.015409938846069705
t63,-0.02177419279197637
t64,-0.02177419279197637
t73,-0.02234714706128923
t74,-0.02234714706128897
t91,-0.022209627503889377
t92,-0.022209627503889377
t48,-0.01999556511056072
t49,-0.019995565110560706
