accepted_species,0
t50,0.04086927674580645
t51,0.04086927674580645
t63,0.04086927674580645
t64,0.04086927674580645
t73,0.04086927674580645
t74,0.04086927674580645
t91,0.04086927674580645
t92,0.04086927674580645
t48,0.04086927674580645
t49,0.04086927674580645
