"accepted_species","estimate"
"t50",0.251751846014407
"t51",0.251751846014407
"t63",0.251751846014407
"t64",0.251751846014407
"t73",0.251751846014407
"t74",0.251751846014407
"t91",0.251751846014407
"t92",0.251751846014407
"t48",0.251751846014407
"t49",0.251751846014407
