accepted_species,0,1
sp185,0.7754373,0.22456272
sp186,0.7754373,0.22456272
sp189,0.47150624,0.52849376
sp210,0.44792432,0.5520757
sp240,0.44792432,0.5520757
sp241,0.47150624,0.52849376
sp244,0.47150624,0.52849376
sp245,0.47150624,0.52849376
sp275,0.44792432,0.5520757
sp276,0.44792432,0.5520757
