accepted_species,0
t45,-0.028258642781234345
t54,-0.028258642781234345
t32,-0.028258642781234345
t60,-0.028258642781234345
t64,-0.028258642781234345
t65,-0.028258642781234345
t61,-0.028258642781234345
t66,-0.028258642781234345
t67,-0.028258642781234345
t2,-0.028258642781234345
