accepted_species,0
t4,0.03622311147866393
t5,0.036223111478680216
t32,0.0295770992832178
t35,0.028759772054296362
t33,0.028807286069301972
t71,0.00895758847275304
t64,-0.8128226748403036
t10,-0.6648014575399878
t41,-0.7014290300152068
t59,-0.6233878527364307
