accepted_species,estimate
t7,-0.81595653
t48,-0.81843096
t52,-0.5275109
t14,1.5060853
t85,0.23669152
t28,-0.46782902
t87,0.8885276
t53,-0.27570376
t31,-0.67191815
t21,-1.1488167
