accepted_species,0,1
t37,0.7138672241098449,0.28613277589015507
t25,0.7094003709454255,0.29059962905457454
t91,0.7215210366587552,0.2784789633412448
t87,0.7221618825315963,0.27783811746840364
t53,0.7193844046044089,0.28061559539559117
t29,0.7179806708650929,0.28201932913490707
t66,0.7212605047310154,0.2787394952689845
t95,0.7242905206789019,0.2757094793210982
t96,0.7238859521129656,0.2761140478870344
t48,0.7232779262696534,0.27672207373034663
