accepted_species,0,1
t37,0.6560388630465948,0.3439611369534052
t25,0.6555078091290801,0.34449219087091987
t91,0.6194162457144681,0.380583754285532
t87,0.6193307778516737,0.38066922214832627
t53,0.6197135370191336,0.38028646298086644
t29,0.6220743711801868,0.37792562881981323
t66,0.6215178611696874,0.3784821388303125
t95,0.6207132587683246,0.37928674123167533
t96,0.6207132587683246,0.3792867412316754
t48,0.6211806901296215,0.37881930987037854
