accepted_species,0,1
t37,0.6124409804026911,0.3875590195973088
t25,0.6151160852632706,0.38488391473672945
t91,0.6529347062926472,0.3470652937073529
t87,0.6489951747599083,0.35100482524009163
t53,0.6324351175523828,0.3675648824476172
t29,0.6094448666336685,0.39055513336633146
t66,0.5961800040069193,0.4038199959930807
t95,0.6112064627061047,0.38879353729389526
t96,0.6112064627061047,0.38879353729389526
t48,0.6112064627060538,0.3887935372939461
