"accepted_species","0","1"
"t37","0.374237667812772","0.625762332187228"
"t25","0.465530121094315","0.534469878905685"
"t91","0.977242941922792","0.0227570580772083"
"t87","0.971807091577518","0.0281929084224822"
"t53","0.923006925385764","0.0769930746142361"
"t29","0.333379477385482","0.666620522614518"
"t66","0.149776708805849","0.850223291194151"
"t95","0.375536232244514","0.624463767755486"
"t96","0.375536232244514","0.624463767755486"
"t48","0.375536232244514","0.624463767755486"
