accepted_species,estimate
t88,1.3934941649288017
t82,1.0924834035714592
t86,1.0889372012249425
t17,0.7371544612090306
t92,-0.013950774983113954
t93,-0.013950774983113812
t56,-0.020089330485851657
t44,0.054387140735506746
t45,0.05438714073550444
t67,0.4012914433672347
