accepted_species,0
t88,1.04250411218349
t82,-0.07863897576007789
t86,1.10215122870327
t17,-0.07863897576007789
t92,-0.07863897576007789
t93,-0.07863897576007789
t56,-0.07863897576007789
t44,-0.07863897576007789
t45,-0.07863897576007789
t67,-0.07863897576007789
