accepted_species,estimate
t88,1.1998656
t82,1.0140526
t86,1.0140526
t17,0.7774814
t92,-0.056824133
t93,-0.056824133
t56,-0.056824133
t44,-0.056824133
t45,-0.056824133
t67,0.5637002
