"","turnover.rates","eps.values","transition.rates"
"1",0.83049975335598,0.236056144582108,NA
"2",0.618524204008281,0.188500394811854,0.73828281625174
"3",0.83049975335598,0.236056144582108,0.225052565336227
"4",0.618524204008281,0.188500394811854,NA
