accepted_species,estimate
t1,-0.3876428711978669
t22,-1.1218350568472677
t43,-1.1468312603701172
t85,-1.1598079628462883
t87,-1.1460778597381962
t88,-1.1460778597381962
t19,-1.1141371739593815
t16,-1.092023474003922
t96,-0.552884054053884
t97,-0.5528840540538836
