"accepted_species","estimate"
"t1",-0.240171020068526
"t22",-0.826237288806075
"t43",-0.765572427785675
"t85",-0.566080415879522
"t87",-0.82668995728557
"t88",-0.82668995728557
"t19",-0.807775399193611
"t16",-0.769628877141214
"t96",-0.268798707857784
"t97",-0.268798707857784
