accepted_species,estimate
t45,-0.3488387
t68,0.6121612
t48,-0.4468054
t11,0.5185095
t41,-0.42447016
t58,-1.7803941
t8,-0.7684273
t31,-0.23767115
t28,-1.2924427
t79,0.28023914
