accepted_species,0,1
t42,0.014019728,0.9859803
t98,0.014019728,0.9859803
t76,0.014019728,0.9859803
t16,0.010554731,0.98944527
t30,0.014019728,0.9859803
t31,0.014019728,0.9859803
t129,0.014019728,0.9859803
t130,0.014019728,0.9859803
t34,0.014019728,0.9859803
t44,0.014019728,0.9859803
t115,0.014019728,0.9859803
t116,0.014019728,0.9859803
t125,0.014019728,0.9859803
t126,0.014019728,0.9859803
