accepted_species,estimate
t34,1.1515398107305856
t99,1.1571195078088954
t100,1.1571195078088958
t87,1.157092489292982
t88,1.1570924892929821
t16,1.1497166221314623
t18,1.150717448811575
t31,1.1563150563813018
t82,1.1595118760186212
t53,1.1586445270857435
