accepted_species,estimate
t34,1.0362821
t99,1.1446495
t100,1.1340008
t87,1.595335
t88,1.6848214
t16,1.5305256
t18,1.7003301
t31,1.4912906
t82,1.8652642
t53,1.3029172
