accepted_species,estimate
t56,-0.15785612166489224
t30,-0.5434972397405362
t6,-1.2141923754091104
t98,1.6464504576814176
t96,-0.9310716771433685
t120,-0.07862186525602538
t145,-0.040818762093656015
t70,0.20061680469081783
t25,0.6046538207727807
t67,0.581590625234465
t46,0.48546312060920527
t92,-0.07741084988876965
t132,-0.19199977967105902
t119,0.6245989023397608
t66,0.6443725426214106
