accepted_species,0,1
t19,0.055467522077369935,0.9445324779226301
t51,0.05533205659797147,0.9446679434020285
t66,0.05532625128731827,0.9446737487126817
t75,0.05596966556671712,0.9440303344332829
t89,0.05546605228461132,0.9445339477153887
t97,0.05615304392724374,0.9438469560727563
t124,0.055977567909398895,0.9440224320906011
t132,0.05531843303859452,0.9446815669614055
t136,0.05592496190720986,0.9440750380927901
t140,0.05602237407593913,0.9439776259240609
