accepted_species,0,1
t28,0.6985139573100978,0.3014860426899022
t40,0.69516985506981,0.30483014493019006
t70,0.6773671838553152,0.3226328161446847
t79,0.8888999774969191,0.11110002250308089
t92,0.7131571084483084,0.2868428915516917
t127,0.7114377770881831,0.2885622229118169
t137,0.6901541366511263,0.30984586334887365
t149,0.7214044971970011,0.27859550280299894
t165,0.6396114864118831,0.3603885135881169
t174,0.8703927934486413,0.12960720655135866
