accepted_species,0,1
t19,,
t51,,
t66,,
t75,,
t89,0.0,1.0
t97,0.4847890833960231,0.5152109166039769
t124,1.0,0.0
t132,0.0,1.0
t136,0.0,1.0
t140,0.0,1.0
