accepted_species,0,1
Spermacoce_viridiflora,0.96421564,0.03578439
Psychotria_calliantha,0.98419863,0.015801392
Psychotria_pseudaxillaris,0.96865743,0.031342566
Gynochthodes_scabrifolia,0.9594713,0.040528703
Amphidasya_venezuelensis,0.98419863,0.015801392
Schismatoclada_longistipula,0.96421564,0.03578439
Psychotria_louisii,0.96865743,0.031342566
Psychotria_rhombocarpa,0.97541946,0.024580542
Galium_virgatum,0.9611769,0.03882313
Coprosma_elatirioides,0.9594713,0.040528703
