accepted_species,0
t26,0.3842308977538257
t58,0.3842308977538257
t62,0.3842308977538257
t63,0.3842308977538257
t51,0.24079142161163028
t52,0.24079142161163028
t45,0.5053410560333935
t24,0.4420570539915424
t7,
t87,1.120500364882392
