accepted_species,estimate
t125,1.6717984867173408
t134,-0.4968431565434952
t92,-0.5301417428786701
t88,-0.5526566721123637
t15,-0.7920050228224094
t104,0.03381716422714611
t17,0.32735144018135065
t115,-0.35175482742616687
t111,0.6403108874918805
t97,0.9162815953792718
t98,0.8303147187014169
t41,0.6904261343339442
t65,0.012452884618828548
t2,-0.8952000176325171
