accepted_species,estimate
t45,0.1503452966055489
t64,-0.4035589984632995
t23,0.7002669399933547
t2,0.03882056575031539
t14,0.559319138462551
t81,1.0037952949414315
t100,0.7196757902614027
t10,-0.5557714979364021
t42,-0.5804252403779502
t56,-0.6408919292448773
