"accepted_species","estimate"
"t45",0.358550196721268
"t64",-0.0175464668848742
"t23",0.77254487032702
"t2",-0.114733617319839
"t14",0.403753015282922
"t81",0.900128323439265
"t100",1.23548570882796
"t10",0.314993734276605
"t42",-1.09902378967437
"t56",-0.698878950373316
