accepted_species,0,1
sp19,0.36263069820868643,0.6373693017913136
sp28,0.3580013741880588,0.6419986258119412
sp40,0.3621428805383451,0.6378571194616549
sp49,0.3643968058261785,0.6356031941738215
sp81,0.36415414754056574,0.6358458524594343
sp84,0.3573583347873742,0.6426416652126258
sp90,0.3616852721766892,0.6383147278233108
sp92,0.36382068825388303,0.636179311746117
sp93,0.3630905737720167,0.6369094262279833
sp99,0.3574068515500003,0.6425931484499997
