accepted_species,0,1
sp19,0.079870224,0.9201298
sp28,0.079870224,0.9201298
sp40,0.079870224,0.9201298
sp49,0.079870224,0.9201298
sp81,0.079870224,0.9201298
sp84,0.079870224,0.9201298
sp90,0.5550319,0.4449681
sp92,0.5550319,0.4449681
sp93,0.5550319,0.4449681
sp99,0.5550319,0.4449681
