accepted_species,0
t72,
t89,-0.215064256002313
t90,-0.215064256002313
t53,
t80,-1.45999999975848
t91,0.125108386912132
t59,
t27,
t29,
t30,
