accepted_species,0,1
sp56,0.9815271,0.018472927
sp61,0.9815271,0.018472927
sp88,0.9815271,0.018472927
sp102,0.9815271,0.018472927
sp103,0.9815271,0.018472927
sp128,0.9815271,0.018472927
sp139,0.9815271,0.018472927
sp141,0.9815271,0.018472927
sp144,0.9815271,0.018472927
sp145,0.9815271,0.018472927
