"","c1","c2","c3","c4","c5","c6","c7","c8","c9","c10","c11","c12","c13","c14","c15","c16","c17","c18","c19","c20","c21","c22","c23","c24","c25","c26","c27","c28","c29","c30","c31","c32","c33","c34","c35","c36","c37","c38","c39","c40","c41","c42","c43","c44","c45","c46","c47","c48","c49","c50","c51","c52","c53","c54","c55","c56","c57","c58","c59","c60","c61","c62","c63","c64","c65","c66","c67","c68","c69","c70","c71","c72","c73","c74","c75","c76","c77","c78","c79","c80","c81","c82","c83","c84","c85","c86","c87","c88","c89","c90","c91","c92","c93","c94","c95","c96","c97","c98","c99","c100"
"t3",0.0216363203821807,0.0576469576346218,-0.0919072653389094,0.0252312906059257,0.00074454468331805,0.000240245810881147,-0.0120636988144431,-0.00438065085128132,-0.00129202366496436,0.0089462161166133,-0.00142180584258861,-0.0533492073070879,-0.014667421336088,-0.318733386250111,-0.16886472668057,-0.0872169030741234,-0.051995083338184,0.0668493076296502,0.0316761066480216,0.00285964492557668,-0.0109218973152406,0.00245163713744257,0.000546088753138902,-0.00521962936840805,3.60567712243797e-16,-0.0058969586778527,0.896613044036478,0.0158601354687847,0.151467626721438,0.00168060461411873,-0.00246623965052103,-0.00607414176662861,-0.00110881863535467,-0.000108740153128975,0.000962814732879145,-0.00353222057873928,0.00145706035430456,-0.0208223743251949,-0.00927476692765916,-0.0017846256686383,-0.00207461251181479,0.00220462157693964,2.5215152203185e-15,0.000629673198375065,2.54463371464366e-17,0.00088285394759768,-0.00237261063816284,-0.000566170249830622,-0.00231876614522825,-9.39750227320275e-17,0.000439165394363005,-0.00194571631881685,-0.000131729986925368,0.000401932228320617,0.000466607538376224,0.00230822863309616,-2.15563401790426e-05,8.19988027084984e-17,0.000680963371183841,1.26012813237713e-16,0.000159441510842258,1.07787994156802e-16,-0.00038716870171544,0.00025088729424677,1.83738919214917e-05,0.000202172580305382,0.00195971722850038,-3.50874806850914e-17,-2.51000372455782e-16,-1.27019333515361e-16,-2.52560000355799e-16,1.96772044785352e-16,-8.15176812108384e-05,0.000111668699379953,1.85959973178522e-16,2.33279197196461e-16,1.16331592361596e-16,4.10257060676866e-05,1.88064903575274e-16,-2.00626797944057e-05,1.31447762935741e-16,-1.64641502827966e-16,-2.38371372535316e-15,9.78826276451144e-17,2.01649367342297e-16,1.75700752956215e-05,1.7115126902803e-05,-4.11860425021535e-16,-8.96028921965178e-16,-7.42496494219014e-16,-7.98682800670656e-17,2.00613119712362e-15,-1.4311270784653e-15,2.13510591885492e-15,-5.58059874295335e-16,2.17088967039692e-15,-7.17188129950099e-16,-2.53998219276264e-15,-2.7831483996451e-15,-0.100000000000001
"t13",0.0223498865491393,0.060195806664408,-0.0965149900562813,0.0268549352341202,0.000803621903523775,0.000271968714710967,-0.0138610234666282,-0.00508037691806915,-0.00159026197087231,0.0115276003747563,-0.00183947435733229,-0.0707016656464202,-0.0201697211128042,-0.50230745891031,-0.281977519100796,-0.146230870310408,-0.0891397568999027,0.115970923677013,0.057751962549091,0.0054248110350859,-0.0620982309219464,0.0173280170519136,-0.00178855457855961,0.00453018074031545,-6.02734374551765e-17,0.00309042704563904,-0.296061460897718,-0.00109347613565165,0.0130639855441214,0.000171267998158618,-0.000416270769824138,-0.00156302782678323,-0.00035063931854512,-3.72662194589121e-05,0.000334968537482885,-0.0012869222357163,0.000560275110639204,-0.00807549499750829,-0.00381738028905973,-0.000814580477397979,-0.00102196663070821,0.00108664164560922,-0.70710678118655,0.000331151942840345,-6.37068289747819e-15,0.000469006605437694,-0.00127078610330027,-0.000312642378353806,-0.00128596849189348,-1.03664543451757e-15,0.000250068966008741,-0.00111215531219313,-7.54465754069687e-05,0.00023338239493495,0.000271811374360891,0.00134496339674262,-1.25833673192114e-05,5.64236883531308e-16,0.000400453988911898,8.281818073e-16,9.46784057943032e-05,8.24177376432498e-17,-0.000230379688753143,0.000149692219171305,1.11576247823579e-05,0.000124760122849312,0.00121089223416477,-4.10761555385564e-17,-8.30024521859017e-17,-7.54242059573489e-16,-3.81702710850764e-15,-3.04300949855953e-15,-5.22723075968843e-05,7.18310477442244e-05,7.26524231906162e-16,-1.878456399019e-16,-5.968384599881e-16,2.7075590335902e-05,7.16222918916374e-16,-1.33141353691033e-05,8.80366561602155e-17,-3.02229452037771e-16,2.06858536010774e-17,-6.70778060195108e-16,4.05008123824395e-16,1.18772776398784e-05,1.1572491610173e-05,-5.77354499069553e-16,-9.37196496353864e-16,-5.36365656002396e-16,-2.11106962176851e-15,2.06468802059717e-15,-1.55265614669596e-15,1.64182989544795e-15,-7.62836206874507e-16,2.24625214212826e-15,-8.23350250603682e-16,-2.36630606042849e-15,-2.66097990144057e-15,-0.1
"t14",0.0223498865491388,0.0601958066644089,-0.0965149900562812,0.02685493523412,0.000803621903523742,0.000271968714711149,-0.0138610234666283,-0.00508037691806896,-0.00159026197087248,0.0115276003747565,-0.00183947435733244,-0.0707016656464207,-0.020169721112804,-0.502307458910312,-0.281977519100797,-0.146230870310408,-0.0891397568999028,0.115970923677013,0.0577519625490908,0.00542481103508615,-0.0620982309219464,0.0173280170519137,-0.00178855457855945,0.00453018074031499,-2.34278853368147e-16,0.00309042704563922,-0.296061460897722,-0.00109347613565232,0.0130639855441153,0.000171267998158881,-0.000416270769825351,-0.00156302782678149,-0.000350639318546475,-3.72662194606311e-05,0.000334968537483176,-0.00128692223572074,0.00056027511063988,-0.008075494997505,-0.00381738028906107,-0.000814580477409085,-0.00102196663072577,0.00108664164563141,0.707106781186546,0.000331151942840803,6.03306907671386e-15,0.000469006605429012,-0.00127078610329766,-0.000312642378348177,-0.00128596849190111,1.00543731985156e-15,0.000250068966005462,-0.00111215531219405,-7.54465754077209e-05,0.000233382394935988,0.000271811374362733,0.00134496339673941,-1.25833673190563e-05,-6.15164285945086e-16,0.000400453988910566,-7.64622375887643e-16,9.46784057956301e-05,2.35811613629823e-17,-0.000230379688754247,0.000149692219171175,1.11576247821957e-05,0.00012476012284839,0.001210892234167,1.48180749469689e-17,-3.09465079558101e-16,1.83153193625706e-16,4.0785810195002e-15,2.7138801984936e-15,-5.22723075991833e-05,7.18310477406125e-05,-4.85679141429414e-16,6.60833780447857e-16,6.46421099318387e-16,2.70755903360553e-05,-1.0964484386268e-16,-1.33141353696185e-05,1.27398179763846e-16,6.14241910022289e-17,-1.24098162451012e-15,9.05685648506425e-16,6.35735615872357e-16,1.18772776402914e-05,1.15724916113662e-05,-5.51270121624222e-16,-6.75377586522854e-16,-9.48933905890392e-16,1.53780408971096e-15,1.87224881569858e-15,-1.27118480763631e-15,2.70383378487431e-15,-3.73495519287772e-16,2.05882599335256e-15,-7.63007267857603e-16,-2.66712850074309e-15,-2.67694746370663e-15,-0.0999999999999987
"t69",0.0346090692004578,0.114295103864696,-0.207870154903443,0.0850321054493124,0.00497571077770257,-0.000771523001492115,0.0275078450231149,0.00854020323767663,0.00154144460704364,-0.0126547545213012,0.0021509221543239,0.354328032877177,-0.00488482016076978,0.0607045519413017,-0.029098347631851,-0.0100362860777938,-0.000261171190419351,-0.000952299609705085,-0.00127060022982912,-0.000120759260392538,-0.00190398409490622,0.000593641624710567,-0.000113004856550394,0.000354388213781807,-9.95188183237715e-17,0.000231751880729358,-0.0167768338241605,0.0004417313310279,0.0511737632947003,0.00608416940414622,0.00013143084504039,-9.2252635925441e-05,-5.01586292283369e-05,-6.84730617610049e-06,6.49885451972781e-05,-0.000310781675474973,0.000347086027294631,-0.0184563935010116,-0.00999984876788493,-0.53239952339697,-2.34015858189449e-05,2.61507865054541e-05,-2.80331313717852e-15,3.4770464532597e-05,-1.53031001166458e-15,5.33212729769164e-05,-0.000153273170744903,-4.74653526594878e-05,-0.00146341330949395,5.47002359452121e-16,4.87000842353045e-05,-0.000231724842056177,-1.6414953790748e-05,0.000124678073420968,0.00133100523615921,0.0850404207605863,7.73937511523804e-06,-2.39191834261727e-15,3.25136918673825e-07,-1.25410447698317e-15,7.73251447560419e-06,-1.8214622635762e-15,-2.06577502988596e-05,1.47147257312261e-05,1.45687840598239e-06,1.93329504584819e-05,0.00115593188057471,4.66778381313549e-16,2.06546170743046e-15,-1.98781346214257e-15,2.12449395638546e-15,1.75571576232623e-15,-8.91290572762964e-06,1.23748082783741e-05,-1.01110692968554e-15,-2.98285318409826e-15,-1.59710143910111e-15,5.03588412806707e-06,5.22053605209154e-15,-2.51437208571311e-06,-1.22794120844582e-14,2.09451674218742e-14,0.707106781186547,-3.4808437350745e-14,2.3473115637646e-15,2.3553953501389e-06,2.29636467167468e-06,-3.89886686387663e-16,2.68876262791537e-15,-3.34779076962984e-16,6.94095263777493e-15,-7.3777628189063e-17,-1.54184944042179e-15,4.21326582851837e-15,9.24887315070442e-16,5.73671559286898e-15,4.34779315542826e-17,-2.65307203102678e-15,-2.0860257759282e-15,-0.100000000000013
"t70",0.0346090692004577,0.114295103864697,-0.207870154903443,0.0850321054493119,0.00497571077770261,-0.000771523001492308,0.0275078450231147,0.00854020323767633,0.00154144460704388,-0.0126547545213009,0.00215092215432343,0.354328032877176,-0.00488482016076984,0.0607045519412994,-0.029098347631851,-0.0100362860777938,-0.000261171190419532,-0.000952299609705113,-0.00127060022982856,-0.000120759260392406,-0.00190398409490585,0.000593641624710496,-0.000113004856550654,0.000354388213783002,1.53255035775123e-16,0.000231751880729727,-0.016776833824162,0.000441731331027472,0.0511737632946995,0.00608416940414634,0.000131430845040407,-9.22526359240646e-05,-5.0158629230157e-05,-6.84730617718981e-06,6.49885451975961e-05,-0.000310781675475413,0.000347086027296452,-0.0184563935010111,-0.00999984876788661,-0.532399523396972,-2.34015858188195e-05,2.61507865018967e-05,-4.24660306919122e-15,3.47704645321997e-05,-2.42166496027734e-16,5.33212729767925e-05,-0.00015327317074664,-4.74653526593442e-05,-0.00146341330949558,-5.19329368484802e-16,4.87000842325716e-05,-0.000231724842058312,-1.64149537897204e-05,0.000124678073423022,0.00133100523616142,0.0850404207605918,7.73937511381355e-06,-1.11896909937902e-15,3.25136921114581e-07,-1.88120355031238e-17,7.73251447660042e-06,-1.48912882576683e-15,-2.06577503032761e-05,1.47147257286309e-05,1.45687841024058e-06,1.93329504602844e-05,0.00115593188056499,-5.33911350339019e-16,-1.57484513828655e-15,2.7139826416983e-15,-1.84626792936037e-15,-1.91703257357023e-15,-8.91290572705103e-06,1.23748082798239e-05,9.89664257258884e-16,2.60862095223334e-15,1.10316751078091e-15,5.03588412171323e-06,-5.17343193366523e-15,-2.51437207743665e-06,1.2475058563882e-14,-2.1198398233846e-14,-0.707106781186549,3.57508029416652e-14,-1.13025076730853e-15,2.3553953379907e-06,2.29636462847242e-06,-2.57339986324562e-16,-3.18744946778837e-15,-5.29915975631529e-16,-7.33480258780082e-15,3.73642547628096e-15,-1.09089447139199e-15,-3.52664381636247e-16,-1.62295550769619e-15,-2.24853397972767e-15,-1.4754955781519e-15,-2.50396196868496e-15,-3.14136848694924e-15,-0.0999999999999879
"t53",0.0344542894175098,0.113622093375487,-0.20649525309415,0.0843260951698141,0.00492592868029636,-0.000759630975957856,0.0270406301938744,0.00838696336565791,0.00150501048498851,-0.0123059830557764,0.00209093506488622,0.343772066044072,-0.00472585981213803,0.0582055095412141,-0.027811309551586,-0.00959033293326926,-0.000249281299495096,-0.000908409172428706,-0.0012091853949078,-0.00011472113969148,-0.00176612111086519,0.000549598940208386,-0.000102510261691845,0.000313822952631688,1.25306882966821e-16,0.00020252103051605,-0.0144760502374586,0.000369058632127865,0.0410242697012663,0.00484718110876654,0.000101162780742164,-6.53835325704901e-05,-3.16797318001103e-05,-3.94110056344028e-06,3.65229277865756e-05,-0.000158884048238727,0.00014783287041913,-0.00754073622420533,-0.00237836493539736,0.436396546541935,-0.000296935159236566,0.000315106833060787,1.62370117351429e-15,9.12469308362577e-05,1.92627270381053e-15,0.000131175092808369,-0.00036154984108376,-0.00010270902316666,-0.00315745468210896,1.2381531416963e-15,0.000112302024443971,-0.000551129014132673,-3.98428002431455e-05,0.000406832579767863,0.005108873007895,0.332035638267325,3.47175386742073e-05,-4.360239148291e-15,-0.000145219449437617,-3.01269620496282e-15,-5.81796061852244e-06,-1.80751744802264e-15,7.6749230743289e-06,-5.49253725818937e-07,1.06963966220417e-06,1.78403576893199e-05,0.00107707578814145,-5.3985065576762e-15,4.10936664068101e-15,-3.32634505821353e-15,-6.03561692444755e-15,0.707106781186546,-9.38093617880372e-06,1.30730937372392e-05,2.2409704819444e-15,-1.45683028909983e-15,-2.46039881112888e-15,5.41056010623108e-06,2.1015905380145e-15,-2.70564575522565e-06,1.9587076568078e-15,-1.01819717550552e-16,-3.55643075920817e-15,2.52538520799153e-15,1.39008726049441e-15,2.54009784410653e-06,2.47644984228233e-06,-6.2703115115995e-16,-3.25801872041018e-15,-1.60009148925987e-15,3.03079005656318e-15,1.88455011080481e-15,-1.8634633479339e-15,2.74951351776985e-15,-6.56479286785776e-16,3.46563574170179e-15,-6.56503040198915e-16,-3.20175898950674e-15,-2.48890641593706e-15,-0.100000000000001
"t54",0.0344542894175098,0.113622093375488,-0.20649525309415,0.0843260951698142,0.00492592868029657,-0.000759630975957815,0.0270406301938746,0.00838696336565798,0.00150501048498823,-0.012305983055776,0.00209093506488613,0.343772066044072,-0.00472585981213808,0.0582055095412143,-0.0278113095515856,-0.00959033293326904,-0.000249281299495686,-0.000908409172428338,-0.0012091853949077,-0.000114721139691587,-0.00176612111086524,0.000549598940208519,-0.000102510261691307,0.000313822952632112,-2.45356444011791e-16,0.00020252103051595,-0.0144760502374584,0.000369058632127568,0.041024269701267,0.00484718110876656,0.000101162780741278,-6.53835325710761e-05,-3.1679731799256e-05,-3.94110056341427e-06,3.65229277851387e-05,-0.000158884048239183,0.000147832870419213,-0.00754073622420837,-0.0023783649353974,0.436396546541935,-0.000296935159238645,0.000315106833060005,7.41073868937292e-15,9.12469308356365e-05,8.29173932101209e-16,0.000131175092808113,-0.00036154984108668,-0.000102709023168858,-0.00315745468210715,8.1615590883915e-17,0.000112302024444288,-0.000551129014129071,-3.98428002418723e-05,0.000406832579767458,0.00510887300789406,0.332035638267318,3.47175386740358e-05,-3.93122004589474e-15,-0.000145219449435219,8.87840726094857e-17,-5.81796062482212e-06,-2.79122750975104e-15,7.6749230756324e-06,-5.49253725134723e-07,1.0696396623444e-06,1.78403576817186e-05,0.00107707578813971,5.24556344692886e-15,-5.83883147921031e-15,1.73082749039582e-15,6.07035061607588e-15,-0.707106781186549,-9.38093725602786e-06,1.3073093744165e-05,-1.36758015548132e-15,2.88582598417785e-15,2.05605447714361e-15,5.41056010279782e-06,-1.35690774984509e-15,-2.70564573962947e-06,-1.66687975691836e-15,-3.85953542942276e-16,3.15472039172068e-16,-6.90922525345658e-16,-4.95110928431083e-16,2.54009784709286e-06,2.47644984263277e-06,-7.34007057601404e-16,6.25890571824152e-16,-4.90065888533024e-16,-4.61271899045185e-15,2.13430818536693e-15,-1.12094802298735e-15,1.82112689129137e-15,-6.84984636210764e-16,9.94808114405544e-16,-1.06355347440638e-15,-1.98654476660448e-15,-2.87506899289204e-15,-0.1
"t33",0.0341321780605531,0.112233753486039,-0.203671656755573,0.0828910772613759,0.00482577937262524,-0.000736460700567618,0.026138564545716,0.00809272549504339,0.00143726582065979,-0.0116713367488683,0.00198197374526812,0.324794417879377,-0.00444425126729002,0.0539726631395439,-0.0256649256814988,-0.00884738124674912,-0.000229581082218416,-0.00083589230721377,-0.00110884110607873,-0.000104936302771554,-0.00156508445494562,0.000485888681778552,-8.8518353720785e-05,0.000264350591405245,-1.07812514037246e-16,0.00016848129841145,-0.0119083325199663,0.000295811940606273,0.0319490118242877,0.00375993729146465,7.68803306487933e-05,-4.77046786942981e-05,-2.2138124310236e-05,-2.68117154530813e-06,2.46974634502419e-05,-0.000105192977061833,9.4864716709129e-05,-0.0048109452312007,-0.00144468152625496,0.227590992797118,-0.000118316408666643,0.000125142067643297,3.60822483003176e-16,1.58933717062275e-05,-1.06403777920694e-15,1.53710345664923e-05,-2.28011382960623e-05,2.4559905149844e-05,0.000953749568720092,-1.75052903272141e-15,-0.000105374966566759,0.000603075377378745,4.73211059259948e-05,-0.000892708107883329,-0.0132603051266906,-0.874422287826376,-0.000101272224170198,1.26835471577502e-14,0.000694126915394643,4.48384092571043e-15,8.94167005785799e-05,8.76370114713286e-15,-0.000200756718344955,0.000118981714891713,6.0757898855403e-06,5.96116614862277e-05,0.00349858231556573,7.76795130892779e-17,2.43170936962112e-16,4.37710964989598e-16,-3.64815361077834e-16,4.10159282122845e-15,-1.87602751506466e-05,2.55065413696161e-05,-6.55823678644721e-18,3.87806083229906e-16,1.35978183244675e-15,9.01574871398201e-06,2.70220995896857e-16,-4.39126951526235e-06,8.2115905645905e-17,8.10820835484501e-17,-6.05260889759179e-15,-1.84329231125814e-15,-3.28850337581973e-16,3.82611017106529e-06,3.7270688016451e-06,-6.03954388241077e-17,-1.18196386782509e-15,-5.77382463153004e-16,8.06711164749853e-16,2.05529257086709e-15,-1.4290592234548e-15,2.28268582607494e-15,-8.54125491290831e-16,2.64725320579238e-15,-5.31990406753188e-16,-2.34875925948574e-15,-3.11848085658236e-15,-0.0999999999999999
"t5",0.0294248430575801,0.0916694914874262,-0.16155748540838,0.0611382507013215,0.00328246082272913,-0.000359680263035531,0.0112293283523749,0.00318009126986757,0.000229353253710869,0.000323654581241944,-8.98077648408172e-05,-0.0515050670675869,0.00188678587237255,-0.0304006261632841,0.027895037123476,0.0104760220282503,0.00154377378320052,-0.000800039870537485,0.000581165587533726,7.51428256213931e-05,0.00342549954629749,-0.00112309307554077,0.000333151665809869,-0.00157225696087901,3.63311357065322e-16,-0.00125351411541204,0.108606046002062,-0.00443797267700247,-0.932093201287711,-0.12248468981176,-0.00518145673613647,-0.00691784212826942,-0.00109883452124919,-0.000108779655513318,0.000975946668610007,-0.00395926823428762,0.00387356933754063,-0.208969358256606,-0.0805722601673414,-0.00981163223945892,-0.00113194705597089,0.00120309194032388,-3.02535774210355e-15,0.000347165442426694,5.75650638030753e-16,0.00048722360508234,-0.00131069323530467,-0.000323851469870415,-0.0113075863344749,1.91188381040627e-16,0.000240040584072151,-0.00106536217577315,-7.2202731543178e-05,0.000227036336896877,0.00037022008933473,0.00888646911442446,-1.08772981670118e-05,3.54700184699311e-16,0.000365524358300852,4.01557979012492e-16,8.6242497628776e-05,3.6832086252149e-16,-0.000209578682851877,0.000135920395688354,9.99925511684441e-06,0.000117623339787991,0.00796925133590715,6.82352863635761e-16,-2.3239714115141e-16,-2.54536029986632e-16,1.06290625349367e-15,-6.93163554660359e-18,-4.40240079030545e-05,6.03225677458381e-05,9.22879970386617e-17,2.370625428222e-16,-9.84638832055562e-18,2.220053383031e-05,1.27686699121405e-16,-1.08609954245539e-05,1.69073837758892e-16,-1.27715470797981e-16,-1.22242265062394e-15,2.09095146622818e-16,4.40379496944586e-16,9.52664737483878e-06,9.28018779811565e-06,-2.48774990145424e-16,-8.21115568570831e-16,-7.13350473474522e-16,-1.37643769278784e-16,1.96573456416341e-15,-1.27673104501536e-15,2.25804119196041e-15,-3.26969467667381e-16,2.12803705766864e-15,-1.07362014936713e-15,-2.6495899891153e-15,-2.66426470853287e-15,-0.0999999999999986
"t83",0.0336899636716567,0.109981729882824,-0.198699570655947,0.0798527831404995,0.0045721896503693,-0.00063448554833935,0.0214637497322018,0.00640442058203587,0.000676347340051248,0.00139705596492845,-0.00040319814340589,-0.300691279504968,0.0192444467734202,0.292434046114364,-0.216316362313527,-0.0823501692042668,-0.0153837503103666,0.0120563071869658,0.000272414868069259,-7.75723432363944e-05,-0.0028469540750348,0.000890760556428666,-0.000174309511898282,0.000564948289254094,4.30759628159084e-16,0.000377078054704384,-0.0278819569595782,0.000781288264357307,0.100806783514503,0.0122399331162077,0.000313382622633698,-6.86091366688157e-05,-9.52136759388545e-05,-1.58743726596351e-05,0.000157944806791002,-0.000914316147011655,0.0016542755042878,-0.10446468804563,-0.193879414746848,0.00164085081441742,2.04866193855179e-05,-2.08286409350899e-05,1.42941214420489e-15,2.08853145786147e-05,1.71438882910882e-16,3.48225255235253e-05,-0.000105809229890062,-3.8140626964977e-05,-0.00168786609710223,-6.94502350981758e-16,3.82085339025018e-05,-0.000176264415223105,-1.21927945759621e-05,4.43533099978505e-05,7.50093871187298e-05,0.00180599202216861,-2.25785865747637e-06,-8.74679571277758e-16,8.31092073936305e-05,4.26293240074352e-16,2.25267794789176e-05,4.80189022866819e-16,-5.66037235156044e-05,3.84726930982303e-05,4.48603958876787e-06,0.000461110740102507,0.374848812562891,3.94209278949759e-15,4.34386421811106e-15,4.42736684637327e-16,-8.68924474329976e-15,3.54601834396488e-15,-2.32505804958056e-06,4.0254038341008e-06,6.77779352388069e-16,9.65651545111511e-16,-1.19227444228405e-17,3.14030425644102e-06,8.49900655327537e-16,-1.66050303094703e-06,-5.60787656174985e-16,3.40295295803383e-16,2.92007164014134e-15,6.62858388975407e-16,-4.81691966665831e-16,1.77142152278383e-06,1.72921546891865e-06,-6.28498863435678e-15,2.9249195783798e-15,1.50720235020863e-14,-0.707106781186548,-1.58296360552622e-14,-3.65166031650142e-16,-2.93173251436612e-14,1.14978984034092e-14,2.45450633168905e-14,-1.69480215167752e-14,1.13803859249524e-15,2.83850625107097e-15,-0.100000000000001
"t84",0.0336899636716566,0.109981729882824,-0.198699570655947,0.0798527831404995,0.00457218965036951,-0.000634485548339372,0.0214637497322016,0.00640442058203603,0.000676347340051568,0.00139705596492833,-0.00040319814340603,-0.300691279504968,0.0192444467734203,0.292434046114365,-0.216316362313527,-0.0823501692042671,-0.0153837503103669,0.012056307186966,0.000272414868069046,-7.75723432365273e-05,-0.00284695407503475,0.000890760556428572,-0.000174309511899234,0.000564948289254549,-4.96630009097696e-17,0.000377078054704632,-0.0278819569595784,0.000781288264357272,0.100806783514504,0.0122399331162074,0.000313382622633455,-6.86091366692945e-05,-9.5213675938462e-05,-1.58743726594205e-05,0.000157944806790561,-0.000914316147011852,0.0016542755042876,-0.104464688045631,-0.193879414746851,0.00164085081441767,2.04866193861034e-05,-2.0828640933344e-05,-1.90125692967058e-15,2.08853145792195e-05,4.5438626106733e-16,3.48225255234524e-05,-0.000105809229890219,-3.81406269661602e-05,-0.00168786609710247,-4.49429082638952e-16,3.82085339026633e-05,-0.000176264415224459,-1.21927945762436e-05,4.43533099979361e-05,7.50093871183322e-05,0.00180599202217059,-2.25785865737567e-06,3.92620684912484e-16,8.31092073937493e-05,1.63692551821684e-15,2.25267794756364e-05,3.95815061329898e-16,-5.66037235154334e-05,3.8472693098135e-05,4.48603958811088e-06,0.000461110740102331,0.374848812562892,4.76072590267893e-15,4.43306897682567e-15,-1.91305868781112e-16,-4.27658418507118e-15,-4.17870529455984e-15,-2.32505804737057e-06,4.02540383433072e-06,2.15632578813497e-15,-2.11578233070652e-15,-1.21850391400716e-15,3.14030425595284e-06,-4.65209486296805e-16,-1.6605030287115e-06,1.31766026782294e-15,8.35908303788447e-18,-1.17209944971029e-14,-1.32229160654143e-15,1.44595076862519e-16,1.77142153425707e-06,1.72921546382333e-06,6.26955247475103e-15,-3.87106064004789e-15,-1.69051812455256e-14,0.707106781186548,1.9600473151967e-14,-2.8167681941469e-15,3.31344202595998e-14,-1.28224175740676e-14,-1.92619589747588e-14,1.50899471959817e-14,-5.74116079322278e-15,-8.36746088176382e-15,-0.100000000000002
"t50",0.0332687018658421,0.108188723759566,-0.195078967031393,0.0780470811713086,0.0044490129974326,-0.000609059307929378,0.0205252774363625,0.00611035522329043,0.000636829327317227,0.00130403733403271,-0.000376083835437681,-0.279324547633228,0.0177736341376545,0.265447447808467,-0.19520742837585,-0.0742856184828908,-0.0138488244648634,0.0108419785694736,0.000243964060652845,-6.92608606244439e-05,-0.00244894666691496,0.000764149907422643,-0.000145598130414692,0.00045919212398145,2.49534557113302e-17,0.000302407107442518,-0.0220955993879558,0.000602674424140683,0.0755411536814495,0.00913628581391406,0.000229299081109962,-4.83114791184774e-05,-6.44956850891935e-05,-1.05061452611701e-05,0.000103997736603394,-0.000591451917484747,0.00104318701441356,-0.0655708120675456,-0.11713658248802,0.000890625910993246,9.53126299907211e-06,-9.67431865797491e-06,1.48492329543615e-15,7.28048479931548e-06,-6.2287390708358e-16,1.12483825594322e-05,-3.1745475591238e-05,-7.27164615533614e-06,-0.000289038813338041,1.51244923778841e-15,7.36032137031945e-07,1.57399586147851e-06,2.99540104099698e-07,-6.67544281179901e-06,-1.39412772708947e-05,-0.000341152078720774,4.74506534890082e-07,9.49637341062801e-16,-2.54862975438672e-05,-2.3704507826264e-15,-1.0489466260193e-05,-8.83916980668868e-16,2.86051961959278e-05,-2.16042844405483e-05,-4.8891216787887e-06,-0.000978972333998426,-0.845882180082899,-9.77681892891231e-15,-1.10826176155403e-14,-7.11678237055163e-16,1.56026391613686e-14,1.17448382318546e-15,-2.44976704780569e-05,3.21960826691167e-05,-2.84545116002694e-15,2.19122525198555e-15,1.58281063467617e-15,9.73529324740542e-06,1.17538043727078e-16,-4.6601250823804e-06,-3.79893468081571e-16,-8.94626256126737e-16,3.93687301365941e-15,1.57907136124358e-15,1.212755894474e-15,3.9107204767076e-06,3.80822154952212e-06,-1.04576505129569e-15,-1.75094159536941e-15,-2.91894145531778e-16,-3.39862550355005e-16,2.15346688203178e-15,-8.87738643001923e-16,2.69785996531422e-15,-2.42462286198616e-16,9.84366950974731e-16,-2.12213743945543e-16,-3.00523832323722e-15,-2.59097258620125e-15,-0.0999999999999957
"t12",0.0317133031658066,0.101521764783086,-0.181568231635462,0.071253212728665,0.0039817627481051,-0.000510145155042794,0.0168482918300163,0.00495322125660399,0.000477402929743352,0.000922500015923644,-0.000264716101164412,-0.190871867159459,0.0116164262297588,0.148596633049963,-0.102745517034229,-0.0389342432816763,-0.00709306657416853,0.0054861379162031,0.000117443420489315,-3.20760216166972e-05,-0.000527968235716181,0.000149599731131043,1.84157498394727e-06,-0.000117159575945696,2.81718693999841e-16,-0.000116909036343878,0.0112887918645967,-0.000494575086034213,-0.0909282696218445,-0.0115124575019971,-0.000358962029618131,0.000108829933404874,0.000200818458945673,3.91969956565779e-05,-0.000403441976929267,0.00262016848256918,-0.00557098515787754,0.362151673573985,0.852123900169065,-0.0145836708622293,-0.00111847138631441,0.00118631193537129,-6.80011602582908e-16,0.000287141865297298,-3.84438441173858e-16,0.000395196186848324,-0.00104775515059375,-0.000249224335906628,-0.0104781165856821,-1.08992986081736e-15,0.000176434190449738,-0.000780565241597955,-5.28157129804712e-05,0.000164468639248497,0.000267691024877541,0.00642449951687965,-7.85617038474089e-06,-5.29777941706737e-16,0.000263147561035468,2.76895546063151e-16,6.195721731522e-05,1.27216005534838e-16,-0.000150559857937181,9.76709084214311e-05,7.32073058421084e-06,0.000142197717682697,0.057555065418868,2.65590730826398e-16,5.39735445335665e-16,-5.36449050380641e-17,-2.14629069821518e-15,-1.10239885355825e-15,-2.88923985151412e-05,3.9656137502724e-05,4.74086611961951e-16,1.63255296977492e-16,1.91104410655347e-16,1.47045941219838e-05,3.26971429441024e-16,-7.20149403428672e-06,6.58254453995229e-17,-2.36260275818714e-16,-3.07492441057042e-15,-2.00397024778066e-16,5.57007028908231e-16,6.33918304610378e-06,6.1754846985687e-06,-6.27654518149279e-16,-5.94033950259372e-16,-9.02682676403246e-16,1.75679975715947e-15,2.14168804585193e-15,-1.45680284553454e-15,1.76413341183669e-15,-6.99260660786683e-16,2.50421049971837e-15,-6.79286133721495e-16,-2.54617129287192e-15,-2.73612142198209e-15,-0.100000000000001
"t51",0.032653905552607,0.105401371185823,-0.189264989467094,0.0749195013910899,0.00421862394137824,-0.00054795108242552,0.0180926556430127,0.00531146043957673,0.000492467470008722,0.000876862675531829,-0.000248996685620511,-0.166067002927661,0.00829571384198328,-0.152952363699376,0.38114183887905,0.157167608367042,0.0465227399887312,-0.047962944320929,-0.0126620644033937,-0.000831639388461191,-0.00509033327112648,0.00155776661560255,-0.000265959312688383,0.000803825700632697,-5.35857094184362e-16,0.000524266266518235,-0.0381215185978368,0.00103792133062293,0.131129508429655,0.0158863993882005,0.00040305584849335,-8.77123523582198e-05,-0.000124104638509437,-2.1513969423268e-05,0.000217067410234348,-0.00135505762564678,0.00329913804565422,-0.235114877647934,0.0808137029368499,0.000397538386162718,-8.82281546740323e-05,9.48127027262478e-05,3.24740234702858e-15,7.12559541304715e-05,-7.98011412889025e-16,0.000117838960813894,-0.000371302407390603,-0.000497149593272301,-0.360028124687008,-4.97375666772191e-15,-2.11527315182271e-05,5.76178694190056e-05,2.82585415815264e-06,7.30760038296224e-06,1.63315510794075e-05,0.000400294735951353,-5.57075027463859e-07,2.41904965289308e-16,2.68041375699403e-05,-7.31939395600554e-16,8.39133269710703e-06,1.08078542878191e-15,-2.13428483511881e-05,1.46218716670558e-05,1.40179720594781e-06,1.97100628889692e-05,0.00158280340210866,-1.68917010282165e-15,9.10098548964077e-15,3.62586888894384e-15,-0.707106781186549,-6.17641374041463e-15,-9.52742659244787e-06,1.32921407765578e-05,2.24569153005326e-15,-1.02535950431565e-15,-8.69191184248638e-16,5.59136704639861e-06,1.75983568080396e-15,-2.80810716869484e-06,-1.29524743583969e-15,7.58093436470012e-16,7.54011825227955e-16,-1.36450237559475e-15,-1.48073121728313e-16,2.67530270350638e-06,2.60875851072181e-06,-3.22650677613782e-17,-6.87001431280688e-16,-6.07909220691525e-16,1.73698024610778e-15,1.99062844076381e-15,-1.33914788864522e-15,2.26116740678897e-15,-3.6786387998378e-16,2.07557109879725e-15,-2.07380162756832e-15,-7.91386220381931e-16,-3.02597464953716e-15,-0.1
"t52",0.0326539055526071,0.105401371185823,-0.189264989467094,0.0749195013910899,0.00421862394137819,-0.000547951082425895,0.0180926556430125,0.00531146043957628,0.000492467470008875,0.000876862675531695,-0.000248996685620451,-0.166067002927661,0.00829571384198318,-0.152952363699376,0.38114183887905,0.157167608367042,0.0465227399887309,-0.0479629443209292,-0.0126620644033938,-0.000831639388461213,-0.00509033327112679,0.00155776661560217,-0.000265959312688661,0.000803825700631955,1.15590871707905e-16,0.000524266266518119,-0.0381215185978365,0.00103792133062278,0.131129508429656,0.0158863993882005,0.000403055848493683,-8.77123523582634e-05,-0.000124104638509556,-2.15139694228153e-05,0.000217067410233232,-0.00135505762564661,0.00329913804565413,-0.235114877647933,0.080813702936851,0.000397538386163246,-8.82281546750756e-05,9.48127027254917e-05,-4.69069227904129e-15,7.1255954130325e-05,1.71128828907797e-15,0.000117838960813255,-0.000371302407391264,-0.00049714959327189,-0.360028124687013,-4.95176367447326e-15,-2.11527315170555e-05,5.76178694200877e-05,2.82585415858758e-06,7.30760038209421e-06,1.63315510805954e-05,0.000400294735950197,-5.57075027689726e-07,3.20046279325059e-16,2.68041375690418e-05,2.9920845440039e-16,8.39133269442298e-06,1.00237057079158e-15,-2.13428483519257e-05,1.4621871668357e-05,1.40179720541926e-06,1.971006289327e-05,0.00158280340213395,1.17925774747682e-16,-1.05778396660654e-14,-3.3293860409551e-15,0.707106781186547,6.17481740854024e-15,-9.52742660720821e-06,1.32921407817045e-05,-1.66758772030487e-15,2.19849273547981e-15,1.08727939668929e-15,5.59136705094521e-06,-1.41102943091101e-15,-2.8081071708088e-06,1.17791692546315e-15,-1.65682937232826e-15,-3.31218000246168e-15,7.65989673458065e-16,9.69401394635619e-16,2.67530270300587e-06,2.60875851107693e-06,-9.89622325960004e-16,-7.52765083090153e-16,-3.93367350937881e-16,-2.59288954993031e-15,2.44159594842952e-15,-1.18981642951934e-15,1.76053012421598e-15,-1.09191017375132e-15,2.35166330006788e-15,-1.46614144300906e-17,-4.88028852759191e-15,-2.43834553171473e-15,-0.0999999999999995
"t24",0.0322624793579964,0.10374819552077,-0.185941073669705,0.0732798685345322,0.00410817745901431,-0.000526342317914621,0.0173114363906701,0.00507010750097731,0.000463642759696418,0.000817906384786033,-0.000232076636911031,-0.154097780200947,0.00764918409356333,-0.138328044003782,0.342398229546742,0.141128936470552,0.0416765857903835,-0.0429145445502615,-0.0112748411960287,-0.000737906729460679,-0.0043157451820014,0.0013161614137434,-0.000216978451621597,0.000631345861211449,-1.37770052383599e-16,0.000403803710787662,-0.0288417247751029,0.000752701777435821,0.0905755721489942,0.0108981313070834,0.000266707447694526,-5.38463974912344e-05,-7.00029657183646e-05,-1.14772180005072e-05,0.000114317116921192,-0.000681362943967351,0.00154398011464006,-0.108525395492158,0.0329647563838849,9.88514426888545e-05,3.30726223828867e-07,-6.27743537691519e-07,5.31519273039294e-15,-3.95857610555883e-05,-4.20645075967791e-16,-8.47510763817444e-05,0.000328672569588058,0.00102454799518839,0.855583611679665,1.16207997191024e-14,0.000192870190386232,-0.000780284990116444,-5.06941603364994e-05,0.000129197432570163,0.000203405785130228,0.00486910885124739,-5.85408054295626e-06,-7.74990816513828e-16,0.000184871364005377,7.51922539773018e-16,4.10189592494493e-05,-2.4158446913527e-15,-9.86211843792839e-05,6.31337745617822e-05,4.370103171161e-06,5.05397064800697e-05,0.0040060431584224,1.92808472805577e-15,1.2428639600995e-15,-1.00657816526434e-15,2.77841177175935e-15,1.3998239376677e-15,-1.82850096533882e-05,2.50755095351484e-05,-2.89884801042756e-16,-1.04006118272027e-16,-1.80910481136936e-16,9.36993198268553e-06,5.58866299487772e-17,-4.60650540725806e-06,3.6245187858562e-16,6.53425118181583e-16,-2.56176046685634e-15,1.40651063660365e-15,5.78326832370143e-16,4.12054735171567e-06,4.01507811761132e-06,-7.88578100392201e-16,-1.40375544105742e-15,-9.80988119531548e-16,1.28625598923598e-17,1.75054817298653e-15,-1.71816126195456e-15,2.04036768446458e-15,-1.84711247477551e-16,2.44658602534467e-15,-3.82826355619289e-16,-2.0834104472126e-15,-2.89997191967549e-15,-0.0999999999999987
"t9",0.0312822212054401,0.0995888504355492,-0.177558391306367,0.0691221651228233,0.00382657888929793,-0.000470300821046143,0.0152754920045118,0.00443925605274479,0.000386988891791225,0.000659287465574835,-0.000186510125659263,-0.121684186553008,0.00588432550964171,-0.0974204071964296,0.233100324870245,0.0958576023633287,0.0279566209843313,-0.0285999386606846,-0.00731727297398835,-0.000469292297468454,-0.0019629376333129,0.000579007927411091,-6.05997343543209e-05,5.25855589759295e-05,-6.92919454013691e-17,-1.09893297095032e-05,0.00388090038539675,-0.000311933841108102,-0.0712067823499729,-0.00919116359635203,-0.000310649695168048,0.000105709292716571,0.000218793608762072,4.68618808031355e-05,-0.000495026495163463,0.00361741818867024,-0.0110558291727399,0.821628975810231,-0.40497941582416,-0.00998092885597509,-0.000916699273059596,0.000973178999980144,-3.20576898360514e-15,0.000258000858894091,-1.05268107102172e-15,0.000361185218912835,-0.000974112241177891,-0.000327928559742507,-0.0919552692063444,-8.94536513616595e-16,0.000146880224214478,-0.000658246741439266,-4.47897432805731e-05,0.000143135283765484,0.000233910218032721,0.00561550256993903,-6.8807106701815e-06,3.18879799683803e-16,0.000232001262669971,-5.68916036851588e-17,5.49064271625096e-05,4.80065866086236e-16,-0.000133498700773971,8.66355050087503e-05,6.39756117782067e-06,7.65040997248364e-05,0.00607578600812161,-2.27945928127014e-16,3.16109126790402e-17,-2.2610556162878e-16,-1.22888929813866e-15,-2.07895741679953e-15,-2.841053714317e-05,3.89620084477093e-05,4.12442518225654e-16,-2.95723023206869e-16,4.39180485175791e-17,1.44541451121218e-05,4.33489555679337e-16,-7.08528283124776e-06,3.77962332025013e-16,-3.75382681894529e-16,-6.53781164610109e-16,1.6737039900627e-17,-1.38712344698951e-16,6.26034611625239e-06,6.09900559629124e-06,3.13927509564583e-16,-6.66522862381558e-16,-8.64778819826344e-16,-5.16166677085681e-16,1.66041437248124e-15,-1.38846963609518e-15,2.19800585863998e-15,-7.99200614155654e-16,2.06041523802303e-15,-4.70220997294529e-16,-2.24188252967689e-15,-2.85745300697114e-15,-0.100000000000001
"t71",0.104319819341513,-0.0570312905466233,0.0213119011325702,0.00629972042194239,5.95160371521955e-05,0.00135963135200874,-0.271200008129225,0.0847099374519443,-0.402487629527773,-0.00700479625687111,0.0248820349897384,0.00778359190918243,0.00623540021460907,0.0231026293893539,0.0140199709223335,0.00569617870258598,-0.0292098461392612,0.000117472283738188,0.00177123048196993,0.000263758320873753,-0.0361620566548099,-0.0288923370890399,-0.000209369167638339,0.00595769015664095,5.45333552870309e-16,0.00023499588976135,-0.00368101728201399,0.000855632284047597,0.00392670890156567,-0.0176152027062034,-0.000269940360283603,-0.0009379800000853,-0.00214655428548973,-0.000220916110902923,0.000196184426532438,-0.000757367476289622,0.00273776619125796,-0.000700869051061506,-0.000373097533061749,-9.84674422471407e-05,-0.00307452107749292,0.0111923497727044,-2.77555756156289e-16,0.000931802146943893,2.04877745218902e-15,0.00265158273382384,-0.384319497772185,0.000285114483601982,0.000162739013784875,3.16779798856225e-17,-3.99917787611454e-05,0.000121401061253577,5.73374039397858e-05,0.000179401477651685,0.00029559609076151,2.82672855010673e-05,-2.10229340404154e-06,1.02267136190108e-15,0.000137366346013043,-3.17531504228039e-15,0.000192437432534375,-1.77687073078953e-14,-0.282637364630519,-0.00021881492711969,-9.58003535599379e-07,4.60908137673261e-05,1.14131029741511e-05,-1.21374067359633e-15,-1.10141328551587e-15,2.49541143117181e-16,-1.40522996171238e-15,-1.14307890981865e-15,-9.07698802808699e-06,1.29647505257275e-05,-4.07857877864239e-16,3.91503603754456e-15,1.88270417171318e-15,4.87622783551565e-05,-7.26209292630132e-16,-3.13663036164719e-06,-4.21989251307013e-15,-1.11664972227204e-14,3.4727967050387e-14,0.707106781186548,-5.26629288405695e-14,3.09867453458509e-06,3.022655174175e-06,-1.01781420927286e-15,-1.52887741125936e-15,7.82495008857172e-16,7.8587060625732e-16,9.41594077001731e-16,-1.4004759461584e-15,2.74980443504276e-15,-2.34192386341418e-15,2.49024416450856e-15,7.15860632274376e-16,-1.25383823866803e-15,-3.70968913084001e-15,-0.0999999999999974
"t72",0.104319819341513,-0.0570312905466233,0.0213119011325702,0.00629972042194236,5.95160371521972e-05,0.00135963135200854,-0.271200008129225,0.0847099374519444,-0.402487629527773,-0.00700479625687102,0.0248820349897384,0.00778359190918251,0.00623540021460881,0.023102629389354,0.0140199709223336,0.00569617870258608,-0.0292098461392614,0.000117472283738255,0.00177123048196983,0.000263758320873771,-0.0361620566548102,-0.0288923370890407,-0.000209369167638204,0.0059576901566408,-4.70201714482304e-16,0.000234995889761209,-0.00368101728201407,0.000855632284047446,0.0039267089015658,-0.0176152027062037,-0.000269940360283236,-0.000937980000084725,-0.00214655428548968,-0.00022091611090291,0.000196184426532723,-0.000757367476289888,0.00273776619125779,-0.000700869051061471,-0.000373097533062038,-9.84674422473356e-05,-0.00307452107749262,0.0111923497727037,1.01134378649448e-15,0.000931802146942527,3.57881019307051e-15,0.00265158273382409,-0.384319497772185,0.000285114483602575,0.000162739013787191,1.16624799949073e-15,-3.99917787625514e-05,0.0001214010612529,5.73374039396237e-05,0.000179401477652329,0.000295596090763257,2.82672855041833e-05,-2.10229340463336e-06,1.70117648589675e-15,0.000137366346012473,-1.99876685734143e-15,0.000192437432533443,-1.8294539147399e-14,-0.282637364630523,-0.000218814927119401,-9.58003535679343e-07,4.60908137668237e-05,1.14131029720531e-05,5.42299524270996e-16,-7.63636025002343e-16,1.46484648183397e-17,7.4582714849928e-16,2.51978970970638e-15,-9.07698802685552e-06,1.29647505191034e-05,-5.99869093843117e-16,-3.883630767954e-15,-1.27915051440529e-15,4.87622783539066e-05,1.07507966790548e-15,-3.13663036480914e-06,4.60025119875362e-15,1.11072998123219e-14,-3.58128283767338e-14,-0.707106781186547,5.3930886198392e-14,3.09867452809567e-06,3.02265516606315e-06,-1.0562484050151e-16,-4.1872652694976e-16,-2.37514748116401e-15,-1.00436402095075e-15,2.71715843804343e-15,-1.48638097919645e-15,1.79935193837827e-15,1.21623141640405e-15,1.94388122129338e-15,-2.30311181735171e-15,-3.9105413088116e-15,-2.18132746627384e-15,-0.1
"t39",0.10286297043749,-0.0559913209033272,0.020877209562402,0.00613998340327092,5.77150521802388e-05,0.0012981110927042,-0.257791712170537,0.0803079767251325,-0.375739135205039,-0.00647257106237369,0.0229720669477475,0.00715129065821423,0.00568941128536185,0.0206443034882863,0.01243901853105,0.00505148218394256,-0.0258390131012317,0.000103782151792991,0.00155686822476052,0.000230973897494759,-0.030217857588142,-0.0240590530418221,-0.00016839747802044,0.00462010321412,-5.25996791504959e-16,0.000178927125237073,-0.00275685691788267,0.000616844803053878,0.00271380866718532,-0.0121034362951051,-0.000179988913460464,-0.000589137171164419,-0.00126552057457683,-0.00012520592839344,0.000110206218923133,-0.00041240686082801,0.00142357409994201,-0.000361325475764491,-0.000178836705087531,-3.75115721063458e-05,-0.000762913923837666,0.00276191496045371,7.51135265097957e-16,2.60201388703442e-05,-3.36584255729075e-16,-6.36785845273752e-05,0.0276490455751358,-9.04439013693586e-05,-5.92365603012958e-05,-2.23586152416978e-15,3.08037267472517e-05,-0.000103726580368915,-5.17430634734256e-05,-0.000238286138083179,-0.000432123669855472,-4.16571028655028e-05,3.27495602491458e-06,-9.92238871673486e-16,-0.000271403359354665,7.57720350107805e-15,-0.000543877743974002,5.67471120906806e-14,0.870252440053929,0.000759576195270089,1.1326525483969e-05,0.000761169190932887,0.000161057614569017,3.8515374323744e-16,4.2606602187005e-16,-1.53371597291378e-15,4.59045934253282e-16,7.79913185460575e-16,-2.9387277837762e-05,3.99108792349248e-05,1.58996580193516e-15,9.45007007610262e-16,-6.12026159827627e-16,0.000111197364105192,-2.16802446260236e-19,-6.82393935197843e-06,-4.57323495533227e-17,6.49675768454705e-16,-4.54337397585768e-15,-2.36190240520876e-15,1.53835818088404e-17,5.92176862957991e-06,5.76813474414552e-06,-1.71842946196512e-16,-8.33031094225933e-16,-3.90448920357552e-16,-1.42994228088731e-16,2.0541119965722e-15,-1.7075412319394e-15,2.13910925370055e-15,-6.23085572365606e-16,2.30455392672437e-15,-3.71492383456024e-16,-2.24132509804179e-15,-2.89530559150628e-15,-0.100000000000003
"t25",0.101458191183998,-0.0549864524660985,0.020456750673744,0.0059851050093047,5.59646850804321e-05,0.00123788124621505,-0.244637662584171,0.075984131152248,-0.349276954193425,-0.00594355100270115,0.0210728640033332,0.00652115148212933,0.0051435682574553,0.0181632617153289,0.0108383240139615,0.00439859745736925,-0.0224215258744409,8.98945246818653e-05,0.00133891772621931,0.00019758514016569,-0.0240379592897404,-0.0190265087874318,-0.000125096321045009,0.00318460296086463,-4.47395989538661e-17,0.000118295946443802,-0.00175071414481698,0.000352848316138531,0.00135039635798671,-0.0058936917936663,-7.74725629872708e-05,-0.00018260516667991,-0.000215205757945049,-9.53395322900988e-06,5.98044484703181e-06,1.0177382271819e-05,-0.000210918091079446,6.21415133612105e-05,6.90355440940135e-05,4.54751349507334e-05,0.00269695921504764,-0.0098692227895249,-1.42420797377696e-15,-0.00159721326186049,-6.0767065707037e-15,-0.00516715968053321,0.838487444500777,-0.00106480949107021,-0.000672344010291085,1.04938047110196e-15,0.000476274372159061,-0.0020304890400886,-0.00122676039747639,0.00324054455974713,0.00346177146099188,0.000321031949543954,-1.96213647881764e-05,-1.64380926176767e-15,0.000649595801987565,-2.13686185144702e-15,0.000303357381819006,-1.93099790140965e-14,-0.287880769817524,-6.1490144195629e-05,9.03782849449759e-06,0.000842415862175273,0.00018074802051487,1.36797989422431e-16,6.28522640598597e-16,7.45738952392837e-16,3.56226070365169e-17,-2.05234143212519e-15,-3.87778957848791e-05,5.28455007995827e-05,1.28951150294794e-16,-4.37382299229109e-18,2.51021685351421e-16,0.000148267387030321,5.12515311603357e-16,-9.08355445650452e-06,6.76951222238808e-17,-1.38979346496957e-15,-1.83530014289527e-15,1.0329427779025e-15,2.32584129434178e-16,7.80435696444813e-06,7.60065471173157e-06,-3.44722173352331e-16,-5.15200974525212e-16,-9.77990779658776e-16,-9.5955090886657e-17,2.08384770152515e-15,-1.02390169142894e-15,1.8276306478387e-15,-5.37720337295529e-16,1.92776537449204e-15,-1.0426078171503e-15,-2.49124962353177e-15,-2.23284254089645e-15,-0.100000000000002
"t19",0.104498827317631,-0.0575500705624874,0.0216572193340722,0.00666605068717778,0.000122332328892141,0.0012928846849325,-0.264266603536711,0.0841405628881297,0.270033259183149,-0.00518871364846067,0.0219756215905815,0.00604654765002238,0.00503405700565044,0.0198658810311394,0.0124782429535039,0.00509208898747363,-0.0278243330442222,3.53393066953849e-05,0.00156153997323429,0.000238206552488604,-0.0783070645575047,-0.082691487622949,6.42153493456189e-05,0.000347161448711245,-3.70262110933134e-17,2.09029642863051e-05,-0.000359596914652113,6.72330314119672e-05,0.000105883473196587,-0.000326315177833165,8.14957470708909e-06,0.000132190810059839,0.000631151870405843,8.64488205953948e-05,-7.61083979154812e-05,0.000353046559482981,-0.00172068006613975,0.000428812720247156,0.000312424563229402,0.0001867891686832,0.171994628568842,-0.846972131656983,1.55084278752327e-14,0.000737713178525948,3.34284409881383e-15,0.000984866431877194,-0.0193163495276002,-0.000397281805550946,-0.000276981991546257,-1.20277489189866e-15,0.000297646628654834,-0.00134608152242982,-0.000892649819968798,0.0047592222934182,0.251317039395406,-0.00362140607212375,1.50507023498029e-05,-5.00053800423793e-16,0.000160631625989274,8.86007218381638e-17,5.73277002274723e-05,2.61423368598023e-16,-0.00121262167291858,9.31212972668288e-05,7.30292000057863e-06,0.000703827055323259,0.000142850670332807,9.18959910997841e-16,-5.15120182646837e-16,-1.53879663118503e-16,-2.85438746835642e-16,1.26841793271906e-17,-3.17892057469976e-05,4.34571574240002e-05,4.11015287277004e-16,2.07684047844494e-16,-1.27137318615775e-16,0.000131603588214024,2.85853996744133e-16,-7.67530373966515e-06,1.58142208943787e-16,-3.63738721481242e-16,6.89249165402087e-16,1.23077580728951e-15,4.46885776835341e-16,6.68019027719088e-06,6.50682959166898e-06,-2.29595552110534e-16,-6.04134096937191e-16,-9.35667836678314e-16,7.42298830380919e-16,2.11670119461764e-15,-1.45639910786323e-15,2.04283621704089e-15,-6.93197222015796e-16,1.91965967788597e-15,-4.41172567500319e-16,-2.32539874246262e-15,-2.20219620975196e-15,-0.0999999999999993
"t36",0.106588452784777,-0.0590758421538821,0.0223044901092601,0.00691824626742413,0.000127956992197506,0.00138702096203696,-0.285642550340337,0.0913666170888807,0.301517518035937,-0.00590932758609906,0.0250695758049233,0.00696552849239564,0.00588274779522601,0.02431920621283,0.0155390826909838,0.00634843307263178,-0.0349044367717091,4.44742109828441e-05,0.00199072525663644,0.000306636706321094,-0.116152986789596,-0.12417317111032,0.000110882885899856,0.000726934568872083,6.69377015928731e-17,4.95067822541113e-05,-0.000972723835173684,0.000282682314916735,0.00145370193876309,-0.00674787517182271,-9.57819554280171e-05,-0.000338204859717666,-0.000803963822162382,-8.03898088380462e-05,6.64013290747484e-05,-0.000249994212436108,0.000923299540302376,-0.000219229459561937,-0.000108769044348659,-2.16134130097401e-05,0.00172226353880042,-0.00912770078223183,1.22991894446756e-15,4.68642511360637e-05,2.89186346199737e-15,6.15426670210162e-05,-0.00112671991589096,1.49857362076966e-06,6.37378023917105e-06,1.80241267303013e-15,-9.50791152617581e-05,0.000570778623230106,0.000441309435957139,-0.00926182029445501,-0.872690202483771,0.013373912258546,-9.4784292875162e-05,3.37121509089259e-15,0.000749877782032155,-3.64558491572541e-16,0.000102312385209994,9.61812693712925e-16,-0.00196117398361855,0.000135333212390659,7.24740147387251e-06,0.000601506345895631,0.000121093631248502,-7.44443722802479e-16,1.24377210623408e-15,-4.28099480753396e-16,1.0547770038631e-15,4.8891586013459e-16,-2.39023215010525e-05,3.25453771582022e-05,7.03268061606832e-17,-4.82591737590558e-16,-3.87477738007059e-17,9.70562269950401e-05,1.18829807853698e-16,-5.65828380285247e-06,-1.73314580446514e-16,-1.96607487909876e-16,-2.99555854321292e-15,-7.88266685071998e-16,2.08682274140208e-16,4.94200203007599e-06,4.81415608822993e-06,-2.14738853325592e-16,-2.23233936535628e-15,-4.88344671098524e-16,-5.70898424601427e-16,1.57265538495067e-15,-1.10987376218614e-15,2.20588160681627e-15,-5.43723361024604e-16,2.75200736690024e-15,-8.53536875531053e-16,-2.65402835883278e-15,-3.43615979844636e-15,-0.0999999999999983
"t79",0.108526957928084,-0.0604870983130909,0.0229022839491244,0.00715036218423756,0.000133116120951009,0.00147245901134978,-0.304985648047709,0.0978937234876581,0.329662073774303,-0.00654906676142859,0.0278147315279352,0.00777824633899223,0.00662982444254285,0.0281848485449358,0.0181833438797816,0.00743344907141346,-0.041008790805019,5.23434077040795e-05,0.00235918956118713,0.00036523937543273,-0.147571182691783,-0.15853037802714,0.000148662438881301,0.0010271362475681,-8.83382819202264e-17,7.18499842779298e-05,-0.00144656658091897,0.000445156977001232,0.00244315757086913,-0.0114447012170191,-0.000170374103797551,-0.000663476394105397,-0.00175859301627167,-0.000188760357826404,0.000158478080287007,-0.000632469790188185,0.00255535289901359,-0.000617254385470026,-0.00035685650329446,-0.000129937003571452,-0.0705420599097104,0.345621396885619,-6.43582409587395e-15,-0.000133603585954204,-2.25155271521986e-15,-0.000143241291313124,0.00223962328567337,-1.68532164704925e-06,-6.60605957880292e-06,-2.42444934425877e-16,5.75976364540262e-05,-0.000317157128266154,-0.000234023604417747,0.00344795207171295,0.295621176802387,-0.00449404968187279,3.0114024315683e-05,-1.50397650153493e-15,-0.000185278518656696,-1.35152882619047e-16,-1.66081316122715e-05,-2.72096104431467e-16,0.000285250319295995,-1.67512663749007e-05,2.79606548199427e-08,6.22165855315798e-05,1.34178873330514e-05,-5.94520530718851e-16,-8.98332774747531e-16,5.17132601929498e-17,-3.12875006490924e-16,1.50164851043728e-15,-7.00708488041371e-06,9.96830028998693e-06,-5.8052288394172e-17,8.7974187363921e-16,1.88880948220583e-15,3.91553123089569e-05,-8.03415834417392e-16,-2.38904272579933e-06,-1.35864703216137e-15,9.30310827043896e-16,-5.20834534610567e-15,1.15501769974403e-15,3.47624006244546e-15,2.37348948075902e-06,2.31548484107325e-06,1.20385581219523e-14,0.707106781186548,-8.78934407671889e-15,2.82336079314692e-15,-3.27251945277092e-15,-1.87671747088407e-15,1.69313144933733e-15,1.01157392874587e-15,-1.55051346753547e-15,-3.89465256122822e-15,-5.33406347889505e-15,-2.60355709342671e-15,-0.100000000000007
"t80",0.108526957928084,-0.0604870983130909,0.0229022839491244,0.00715036218423756,0.000133116120951008,0.00147245901134976,-0.304985648047709,0.0978937234876582,0.329662073774303,-0.00654906676142856,0.027814731527935,0.00777824633899224,0.00662982444254293,0.0281848485449358,0.0181833438797817,0.00743344907141345,-0.0410087908050193,5.23434077043909e-05,0.00235918956118671,0.000365239375432529,-0.147571182691784,-0.158530378027141,0.000148662438881544,0.00102713624756799,6.06053821927385e-17,7.18499842777324e-05,-0.00144656658091904,0.000445156977000591,0.00244315757086907,-0.0114447012170193,-0.000170374103797525,-0.000663476394105506,-0.00175859301627129,-0.000188760357825954,0.000158478080286655,-0.000632469790188078,0.00255535289901322,-0.000617254385469774,-0.000356856503294424,-0.000129937003573266,-0.0705420599097108,0.345621396885619,-6.4774574592974e-15,-0.000133603585954232,-3.25965159879574e-15,-0.000143241291312895,0.00223962328567384,-1.68532164727004e-06,-6.60605957954948e-06,-5.22718477035697e-16,5.75976364536828e-05,-0.000317157128266021,-0.000234023604417525,0.00344795207171285,0.295621176802389,-0.00449404968187265,3.01140243156839e-05,-9.8737563720913e-16,-0.000185278518656964,5.2459521371075e-16,-1.6608131611988e-05,-7.43713855138804e-16,0.000285250319295923,-1.67512663738896e-05,2.79606543329511e-08,6.22165855313086e-05,1.34178873346024e-05,5.36835224946226e-16,-5.78821047261364e-16,-1.70659220147069e-16,-1.18585977183479e-16,-2.15601593865982e-15,-7.00708487910784e-06,9.96830029045201e-06,2.41761994025038e-16,2.29809036470577e-16,-1.45020418393845e-15,3.9155312308762e-05,1.24120300474246e-15,-2.38904272415714e-06,1.78305451318604e-15,-1.03693660821302e-15,7.52164517350636e-16,-6.62276273293341e-17,-2.76256209900612e-15,2.37348951466704e-06,2.3154848369425e-06,-1.29749855055387e-14,-0.707106781186548,7.31259799113179e-15,-3.67144390091025e-15,7.43147898520922e-15,-1.07807066211882e-15,2.35734106619473e-15,-2.0367414126625e-15,5.60818402318101e-15,2.27221145111053e-15,7.78069082761397e-18,-2.72322403851486e-15,-0.0999999999999951
"t15",0.0973199288016088,-0.0522005922511789,0.019363939268401,0.00575035399514029,0.000101394645569223,0.000913020673961722,-0.175921209561929,0.0538332070179002,0.125640303274631,-0.00166605074015945,0.00676866698305585,0.00138391434664663,0.000521441733317283,-0.00779370332861366,-0.00768358282120546,-0.00321648460066363,0.0200169241738679,-2.70835776856773e-05,-0.00150802646301438,-0.000268487274341921,0.419849365841913,0.496395155652548,-0.00155008918251081,0.0254723133396157,-3.79892330207344e-16,0.000796747121331413,-0.0112570953608167,0.00221494218050401,0.00921919850529444,-0.0419279932306748,-0.000546754368728674,-0.00174251726229034,-0.00391716567615137,-0.000384394144534365,0.000316560402941092,-0.00118297568255688,0.00435288682547957,-0.00103370107374813,-0.000518062662827936,-0.000116711704601201,-0.00887861434429734,0.0404849420082037,-6.80358547278104e-15,0.000241851208337481,0.707106781186548,0.000371232174405128,-0.00801146150743315,-0.000212781920146081,-0.00015212518409864,-6.90082376689937e-16,0.000175454649525069,-0.000783110527883945,-0.000512824891063687,0.00155062124633309,0.00651481826702005,6.54224321848681e-05,-8.15564667131578e-06,3.08360536493936e-17,0.000274883796292266,1.9292587583714e-16,6.61647803994217e-05,-1.10865091121966e-15,-0.00136557010313521,0.000102489602979482,7.70533346798484e-06,0.00075112855016387,0.000152685784276072,3.78624999606193e-16,1.72179960829613e-16,-1.1763264437418e-15,-1.10273012349216e-15,-5.21339690808257e-16,-3.58478837031976e-05,4.92301739722655e-05,2.04383230321556e-16,3.68913712239769e-16,4.3347262679586e-16,0.000154384799023096,-9.66471605256227e-16,-9.06567646573124e-06,3.4938396122513e-16,7.39386327900193e-17,-7.49585092956785e-16,9.1399947199767e-16,2.70309856750262e-16,8.05650516811196e-06,7.84938049465443e-06,-8.91097820253126e-16,-1.52936350429446e-15,-7.98557126639341e-16,-3.10058021780574e-16,1.88041772288767e-15,-1.5858676656237e-15,1.89717976367979e-15,-5.98582822008142e-16,2.14359146666088e-15,-7.65474602575143e-16,-2.81779442645146e-15,-2.6468482029566e-15,-0.100000000000001
"t16",0.0973199288016088,-0.0522005922511789,0.019363939268401,0.00575035399514032,0.000101394645569222,0.000913020673961718,-0.175921209561929,0.0538332070179001,0.12564030327463,-0.00166605074015956,0.006768666983055,0.00138391434664673,0.000521441733317285,-0.00779370332861354,-0.00768358282120529,-0.00321648460066346,0.0200169241738678,-2.70835776854908e-05,-0.00150802646301525,-0.000268487274341658,0.419849365841912,0.496395155652547,-0.0015500891825112,0.0254723133396167,-5.88900397543939e-17,0.00079674712133224,-0.0112570953608164,0.00221494218050502,0.00921919850529403,-0.0419279932306755,-0.000546754368728417,-0.00174251726229004,-0.00391716567615018,-0.000384394144534398,0.000316560402941043,-0.00118297568255759,0.00435288682548117,-0.00103370107374994,-0.000518062662827742,-0.000116711704598464,-0.00887861434429242,0.0404849420081976,5.47999146061073e-15,0.000241851208328337,-0.707106781186548,0.000371232174408277,-0.00801146150744354,-0.000212781920147744,-0.000152125184099613,6.69236583053409e-16,0.000175454649525701,-0.000783110527879916,-0.000512824891061923,0.00155062124633175,0.00651481826701582,6.54224321873227e-05,-8.15564667195371e-06,2.32938193881703e-16,0.000274883796291428,-6.58870831760471e-17,6.61647803975897e-05,1.13148439710758e-15,-0.00136557010313512,0.000102489602981341,7.70533346644971e-06,0.000751128550164027,0.000152685784277086,-4.38201523345702e-16,-6.52632144236238e-16,9.06857680000766e-16,1.35363831849105e-15,4.79595754830361e-16,-3.58478837020882e-05,4.92301739719081e-05,8.14949139820627e-17,2.69271569872145e-16,-3.7869705377028e-16,0.00015438479902075,1.33897258289721e-15,-9.06567646578591e-06,1.17681052300054e-16,-2.30394665711716e-16,-2.46349188722187e-15,-8.62357367402629e-16,3.9641615173834e-16,8.05650516831676e-06,7.84938049441206e-06,-4.16693602731495e-16,-6.06490615047049e-16,-6.44238887685387e-16,-3.79446960819641e-16,2.18588998187472e-15,-1.22301763195036e-15,2.46709043722853e-15,-4.69896368265845e-16,2.16103740313745e-15,-6.79232726700802e-16,-2.2033618003242e-15,-2.83816247832362e-15,-0.1
"t6",0.134204686980776,-0.086727851688921,0.0366042682184673,0.0175906079009975,0.00165330482736732,-0.000530264571942677,0.0601291009605511,-0.0132540074759998,0.000196652858608541,0.000848636604466602,-0.0469608151726975,0.000299264513604619,-3.70667439346896e-05,-0.007913528099392,-0.0161046668473752,-0.00745863454427978,0.128152659630675,0.00405566388357425,0.00181982738091066,0.000160424049373286,0.00518725075843704,0.00525585146020559,0.000115087223165132,-0.0981726420997157,2.0386026384303e-15,-0.000196194059641829,0.00530247882961846,-0.00299456089764038,-0.0723501060787282,0.579129516403862,-0.00374590391934987,-0.00482150787255615,-0.445804937849436,-0.601145073022032,0.000189283834928362,-0.00144815124841326,0.170653050677417,0.00137894117989138,-0.000349643577132086,-8.81960277575264e-05,-0.00205146765988795,0.00755276921412999,-1.68615121864946e-15,0.000204789126720265,-5.34555358246727e-16,0.000308565610465431,-0.00657632528542066,-0.000168729546783855,-0.000120183364286119,-3.98741240724864e-16,0.000137234154085909,-0.000620662611127438,-0.00421017833737368,0.0144501810253839,0.00106019937940334,9.29105133152746e-05,-5.99942027115679e-06,5.04292120929822e-16,0.000200970391141845,-2.14755064173651e-17,4.84260613796348e-05,-1.34351002392137e-16,-0.000999046487248982,7.49272869651238e-05,5.59883115718679e-06,0.00508631142994124,0.000104069607649059,1.96031595340324e-17,-2.61653378426161e-16,-3.10679110870946e-16,2.58649997603364e-16,-5.53130243195191e-16,-2.51409307011501e-05,3.44736043725539e-05,-1.38714536948916e-16,1.5073473768162e-16,1.80111487058177e-16,0.00105631489045642,1.6339052014117e-16,-6.25024104627879e-06,-1.7740490507286e-17,1.21484194456581e-17,-3.64425064803813e-16,8.88131981524666e-17,6.10922237136284e-17,5.51038449587527e-06,5.36816930939573e-06,-1.66515532383082e-17,-1.34392345676975e-15,-7.43921110985686e-16,2.52245139716499e-16,2.06770339819814e-15,-1.45939302992347e-15,2.01497478717548e-15,-6.21226612225784e-16,1.99086626631692e-15,-1.00841378840919e-15,-2.55186314254549e-15,-2.86450629242205e-15,-0.0999999999999993
"t93",0.144123115271141,-0.0953721858536704,0.0407541533511851,0.0201697733777386,0.00195460535968735,-0.000695699036835783,0.0814908824487363,-0.018331903282657,0.00030988135706938,0.00147959102580383,-0.0826123161282753,0.00055540067702041,-7.47326105985347e-05,-0.0218768563253452,-0.0512590670523358,-0.0239805727862821,0.435707112551149,0.0142102904640917,0.00725895304037401,0.000712869643841702,-0.0490139842072429,-0.0404106746613674,-0.000343119209665837,0.481458494635843,-7.73769787112324e-15,-0.000241446699251649,0.000212489037036346,0.000691094636378476,0.0148273017158227,-0.114738264007244,0.000606521712028427,0.000471076134292024,0.0190599471369702,-0.0294362174491886,-1.54444782104559e-05,1.6697139819044e-05,0.00236630292820038,2.43676429923121e-05,-1.55948587785367e-05,-8.50540444151612e-06,-0.000287815889343847,0.00106232237366463,7.28583859910259e-16,3.73835828141583e-05,3.56384212104152e-16,5.84656915296386e-05,-0.00128363590117802,-3.66481437934486e-05,-2.64887148258446e-05,-1.17970883606735e-16,3.30067887689546e-05,-0.000151127161274671,-0.00103177081346783,0.00369922368723375,0.000274172774824341,2.40471918696206e-05,-1.56164057261237e-06,3.66585227047804e-16,5.35270265267279e-05,2.04980970550135e-16,1.32888482482649e-05,-1.93089931305948e-17,-0.000275879935700879,2.08616928643018e-05,1.6434225011963e-06,0.00156517781579836,3.21446102419026e-05,-1.89530462585868e-17,-2.68519491284676e-16,-8.12952394997708e-17,2.38568958857687e-16,-1.29802006647131e-15,-8.62956371213016e-06,1.19366493550174e-05,-7.2546944747573e-16,6.53134401248492e-16,-4.29584199527854e-16,0.000392426452848859,-7.21247406851419e-16,-2.35696860254634e-06,3.1265364599299e-16,-1.98826325882538e-16,-5.51834449976747e-15,-2.05625721548173e-16,2.24484330619816e-16,2.18310567309245e-06,2.12810629448161e-06,-3.7240409927386e-16,2.48907030383173e-15,3.19627320542215e-16,2.1570309513604e-14,4.56062179415322e-16,-7.77491592968219e-16,-5.41297898103445e-15,-1.44801345211402e-14,0.70710678118655,1.00716927356396e-14,-8.77343686285494e-15,-5.31283016663888e-15,-0.0999999999999839
"t94",0.144123115271141,-0.0953721858536704,0.0407541533511851,0.0201697733777386,0.00195460535968734,-0.000695699036835804,0.0814908824487362,-0.018331903282657,0.000309881357069391,0.00147959102580381,-0.0826123161282754,0.000555400677020168,-7.47326105985813e-05,-0.0218768563253452,-0.0512590670523356,-0.0239805727862821,0.435707112551149,0.0142102904640918,0.00725895304037415,0.000712869643841672,-0.049013984207243,-0.0404106746613679,-0.000343119209665977,0.481458494635842,-7.83914671364689e-15,-0.000241446699251742,0.000212489037036342,0.000691094636378316,0.0148273017158228,-0.114738264007244,0.000606521712028429,0.000471076134292385,0.0190599471369707,-0.0294362174491885,-1.54444782104649e-05,1.66971398190962e-05,0.00236630292820072,2.43676429922309e-05,-1.55948587782927e-05,-8.50540444078069e-06,-0.000287815889343887,0.00106232237366461,-3.12250225675825e-17,3.73835828142107e-05,2.93934166888365e-16,5.84656915296461e-05,-0.00128363590117836,-3.66481437934757e-05,-2.6488714825311e-05,-1.20735219600156e-16,3.3006788768854e-05,-0.000151127161274943,-0.00103177081346738,0.0036992236872343,0.00027417277482349,2.40471918692461e-05,-1.56164057259777e-06,-3.08404841560655e-17,5.35270265263208e-05,1.38955967675525e-16,1.32888482486292e-05,-1.68645860692394e-18,-0.000275879935700457,2.08616928635386e-05,1.6434225015595e-06,0.00156517781579817,3.21446102437648e-05,2.2039107506674e-16,-1.89658345824003e-16,-1.39805805138075e-16,4.051024125531e-16,1.05773441390519e-15,-8.6295637135768e-06,1.19366493546023e-05,1.13460796927143e-15,-2.58979512839547e-16,4.74512771846752e-16,0.00039242645284895,1.31728613250585e-15,-2.35696860257768e-06,1.35874461571931e-17,-8.50841945327431e-17,2.79445039711338e-15,4.5009975235818e-16,4.7246594578e-16,2.18310567378972e-06,2.12810630099516e-06,-4.14643770570625e-16,-4.28329009699643e-15,-1.69729390327596e-15,-2.20961498236842e-14,3.30814470107086e-15,-2.03666634347831e-15,9.55774844756449e-15,1.34620825767887e-14,-0.707106781186546,-1.16343221374856e-14,3.69497003001807e-15,-2.38482905733454e-16,-0.100000000000015
"t48",0.141982320713577,-0.0934886641247833,0.0398454964040581,0.0195985065760843,0.00188707910085298,-0.000657160778285337,0.0764564891347768,-0.0171265637612717,0.000281792892008748,0.0013179850123271,-0.0734558621124309,0.000488551005810263,-6.46647346672147e-05,-0.017832957886783,-0.0407609942229141,-0.0190363853653438,0.342629009359731,0.0111189643215998,0.00556306770765855,0.000537450648081258,-0.0258012312134619,-0.0202679127361646,-4.28366641327136e-05,-0.501622423751917,8.15516547675238e-15,0.000816847251840935,-0.00989468985043652,0.00252458915485263,0.0353903960421795,-0.265235769027302,0.00124067013829905,0.000842859489970247,0.0316134469660932,-0.047320646770763,-2.46806522850645e-05,2.61947523117948e-05,0.00363184912444831,3.7268918542217e-05,-2.32708406344307e-05,-1.21473497664966e-05,-0.000397694658669306,0.00146750945494498,2.32452945780892e-16,5.01893858184041e-05,-1.0015163410348e-15,7.81431645901727e-05,-0.00170943471822191,-4.81454684642673e-05,-3.47317961627482e-05,-6.48789268483537e-18,4.27695273372272e-05,-0.000195492691249141,-0.00133346208513671,0.00475144585142059,0.000351648208394303,3.08387149864124e-05,-2.00104463997586e-06,1.29349201559398e-15,6.83600149130805e-05,3.2494989186286e-17,1.68970187108583e-05,-2.19952862478271e-16,-0.000350460076976792,2.64689021877337e-05,2.06857584211096e-06,0.00195576497575759,4.01427723147249e-05,-7.32376162628906e-15,-4.9085987774235e-15,-0.707106781186547,-2.58033315304559e-15,-2.70805083933783e-15,-1.05962448367975e-05,1.46360647611834e-05,-1.03229147134421e-15,1.50470210488276e-15,-5.79563528767195e-16,0.000475560925799461,1.88960560360215e-16,-2.84905987178596e-06,6.63659141897566e-17,-4.24709169481025e-17,-4.55177454797265e-15,4.33946291864091e-16,1.24892537427561e-16,2.61665017538187e-06,2.55044957966755e-06,-1.80577755382711e-15,-9.27568468629231e-16,-1.08447087592222e-15,-2.40531170755792e-16,1.77751402656916e-15,-1.52189303939576e-15,2.35945691686771e-15,-3.96040648404725e-16,2.20444424806717e-15,-1.46785754800881e-15,-2.59646261198445e-15,-2.72791722625892e-15,-0.0999999999999993
"t49",0.141982320713577,-0.0934886641247832,0.0398454964040581,0.0195985065760843,0.00188707910085298,-0.000657160778285339,0.0764564891347769,-0.0171265637612717,0.000281792892008809,0.00131798501232717,-0.0734558621124308,0.00048855100581007,-6.46647346671948e-05,-0.0178329578867833,-0.0407609942229141,-0.0190363853653439,0.34262900935973,0.0111189643215997,0.00556306770765855,0.00053745064808152,-0.025801231213462,-0.0202679127361646,-4.28366641324106e-05,-0.501622423751916,8.02664397315711e-15,0.000816847251841276,-0.00989468985043664,0.00252458915485281,0.0353903960421792,-0.265235769027302,0.001240670138299,0.000842859489969957,0.0316134469660936,-0.0473206467707635,-2.46806522852055e-05,2.61947523118084e-05,0.00363184912444839,3.72689185424178e-05,-2.32708406345056e-05,-1.21473497650742e-05,-0.000397694658669574,0.0014675094549448,-2.77555756156289e-16,5.01893858186838e-05,8.02596073981002e-16,7.81431645899276e-05,-0.00170943471822247,-4.81454684642001e-05,-3.47317961614561e-05,-1.30982588551351e-16,4.27695273369437e-05,-0.000195492691248146,-0.00133346208513776,0.00475144585141802,0.000351648208394198,3.08387149879096e-05,-2.00104464015371e-06,-1.07791704769772e-15,6.83600149143286e-05,-2.32156648044571e-16,1.68970187119132e-05,4.84178590644859e-16,-0.000350460076974345,2.64689021883656e-05,2.06857584187446e-06,0.00195576497575793,4.0142772313816e-05,7.41809923773486e-15,4.48763330224044e-15,0.707106781186547,2.39485377605675e-15,2.21769647069831e-15,-1.05962448394612e-05,1.46360647628463e-05,1.47787449781134e-15,-8.47143323493403e-16,8.76668538155455e-16,0.000475560925796254,6.83903445230116e-17,-2.84905987338756e-06,3.66619963726806e-16,-2.07958789117243e-16,1.38917731068632e-16,4.01640628141391e-17,5.42737616563231e-16,2.61665017448745e-06,2.55044957921681e-06,9.44439398895337e-16,-8.30423953033116e-16,-4.30650640511939e-16,4.11724856211478e-16,2.24475964503153e-15,-1.23138783536589e-15,1.87429183234391e-15,-7.20610266750385e-16,2.14893309886268e-15,-9.19101189558159e-17,-2.47258754711103e-15,-2.73123121045642e-15,-0.100000000000002
"t7",0.135684911670903,-0.0880169563920621,0.0372228814784492,0.0179747079341956,0.00169813005341074,-0.000554788418278454,0.0632921008416813,-0.0140053335486256,0.000213326216548791,0.000941195092134806,-0.0521889777472146,0.000336749875616523,-4.25618105567135e-05,-0.00992674721482276,-0.0211477415645619,-0.00982795370823034,0.17217219034814,0.00550758090865046,0.00259419044940811,0.000238808280839155,-0.00195280471094555,-0.00070292824119017,6.53648693797933e-05,-0.101571877374885,1.0146358357955e-15,-8.5509436325393e-05,0.00320582247444551,-0.00207640747194677,-0.0525607591428487,0.422229107059323,-0.00276219907323537,-0.0035166737712614,-0.278404410899144,0.793402172745367,0.000501166015552182,-0.00156427738468746,0.161866277893489,0.00129518096899634,-0.00031544189980529,-7.78067981263445e-05,-0.00180523775315637,0.006646275658836,2.15105711021124e-16,0.000180628871278102,-1.49188328034156e-16,0.000272332222834169,-0.00580730655095676,-0.000149355731976349,-0.000106423938447302,7.89286240161196e-17,0.000121828571710365,-0.000551203665787412,-0.00373979026004509,0.0128546506340669,0.000943474738380988,8.2683823541767e-05,-5.34015436443411e-06,1.69052154771175e-16,0.000179037305764201,7.31087160912334e-17,4.31905705551354e-05,1.74371470017575e-17,-0.000891257737245935,6.68652752268732e-05,5.00748616288934e-06,0.00455879905996914,9.32926273431509e-05,-4.86440081065175e-17,-2.01206618753082e-16,-3.42279592933019e-17,-2.00007002905391e-16,-3.6126340682098e-16,-2.26575115545941e-05,3.10829916078154e-05,-8.2503089273595e-17,4.34025556428452e-16,4.68321096083204e-17,0.000956244579697441,2.0318957005103e-16,-5.66318929305899e-06,3.90395637039473e-17,-3.04384536869796e-16,-1.77313775492413e-15,-4.23772022855831e-19,4.59138228678155e-16,5.00816586445696e-06,4.87910927968643e-06,-4.57998908614457e-16,-8.27864658670494e-16,-7.91746502178069e-16,1.06527882280733e-16,2.0522496206127e-15,-1.32101351330279e-15,2.07972663686412e-15,-6.33328478478527e-16,2.27397799518655e-15,-7.05558075194729e-16,-2.37014840020968e-15,-2.68022840976177e-15,-0.100000000000001
"t11",0.141766310681085,-0.0935312215270689,0.0399270098762349,0.0197455726892008,0.0019171954551608,-0.000705072656634,0.08432825643918,-0.0192837123621212,0.000396132149364742,0.00272822366323401,-0.160403636220548,0.00169834414054776,0.00116303535860483,0.00607642428396013,0.00700617155235493,0.00312516917008825,-0.0437921662226107,-0.00124437476835239,-0.000352743676873166,-2.09601316492403e-05,0.00192975010914691,0.00191144903326472,4.31508782298947e-05,-0.0321055414108997,9.43378275576171e-16,-9.01287213609707e-05,0.00227067771711892,-0.00120777257605006,-0.026667978054322,0.209947126040879,-0.00121746616241178,-0.00100469591623912,0.0114932583448388,0.0171887159516248,-0.000147328859220554,0.0016409149288065,-0.931003827178426,-0.013787516907955,-0.00102516956652482,-0.000114289375686641,-0.00216328316719144,0.00795570033713556,3.2612801348364e-16,0.000196950775807123,-1.25869630306375e-15,0.000294166955016125,-0.00623265610450871,-0.000158618444233449,-0.000113168301780413,2.80546239950457e-16,0.000137267184194398,-0.000639178479339723,-0.00443036184546416,0.102642325255384,-0.000125981482055188,-3.19669132221931e-06,-1.76982039377364e-06,9.49601933679804e-16,0.000125737785087613,-3.740748546573e-16,3.48052731121913e-05,7.7539217213621e-17,-0.000727667823025823,5.53399728951123e-05,4.32057670595729e-06,0.00397946947204719,8.14776106877802e-05,-7.39980374602676e-17,6.99133565493536e-18,1.22231954851144e-16,1.13174125824811e-16,-2.77228617930606e-16,-1.98578379885506e-05,2.72376301005077e-05,2.75213027119923e-17,2.16351112486779e-16,2.42241457145265e-16,0.00467291990039987,3.07254737770419e-16,-4.93266423616418e-06,-2.0708634934109e-16,-1.88687961621811e-16,-2.79032326113068e-15,2.69401650567366e-16,2.77564251613969e-16,4.35973536131843e-06,4.24729037922055e-06,-5.34095331758033e-16,-6.2687683185593e-16,-5.13070172737043e-16,-3.17385710670631e-16,1.92860377220642e-15,-1.38100987975872e-15,2.13202777071219e-15,-5.63235605730824e-16,2.08879588242523e-15,-5.95866450498534e-16,-2.52528062112351e-15,-2.7199987077936e-15,-0.0999999999999992
"t63",0.155258967775866,-0.105576955093332,0.0457864249389827,0.0235096670750136,0.00237362969340943,-0.000997629146890379,0.124418628936149,-0.0292098631638826,0.00071148211569877,0.00560731971650465,-0.333683973299905,0.00379957339687433,0.00291813310210033,0.024407382924766,0.0356350830220533,0.0161803842530861,-0.250815165885144,-0.00753990359724225,-0.00277629391801356,-0.000211695691366015,-0.00717375234423421,-0.00642214390509704,-7.27974846004054e-05,0.0347184561485865,-6.21152296672505e-16,8.1883974791395e-05,-0.00179505948111045,0.000724481749595764,0.0123790433502363,-0.0943440894630229,0.000466798744712015,0.000290081098368894,-0.00253136013371973,-0.00322755024487171,2.67048898943648e-05,-0.000263120292288829,0.124697631737506,0.00178595610767855,9.95287341451281e-05,3.55455111603368e-06,-6.42813371493502e-05,0.000240600287516692,1.59594559789866e-16,1.98908382279672e-05,1.3829823823076e-15,3.39949965128409e-05,-0.00080235484484235,-3.1325502591338e-05,-2.39714840764826e-05,-1.18117605321995e-16,5.34775596932292e-05,-0.000288153869151542,-0.00218528614211148,0.205803900675654,-0.00222707946784247,-0.000177370430761913,6.96042007114792e-06,1.83743319671175e-15,-8.02125856070256e-05,-1.23897524665684e-15,-8.36900236966238e-06,-8.42346124047634e-16,0.000147701204262011,-9.03655247314178e-06,-1.18117048558989e-07,0.000110736342964062,2.52494971156685e-06,-3.96468788130092e-16,-1.4330239924291e-15,-2.00653046650471e-15,2.779434256496e-15,2.03742921789825e-15,-1.2622420732736e-06,1.58082416558847e-06,1.37002405582992e-15,-6.82644997112302e-15,-2.06911680340943e-14,-0.831244524785235,7.13810332408552e-15,-3.40977259381699e-06,3.06001569358594e-15,2.34996146767265e-15,2.65543580524488e-15,9.9950231334281e-16,-1.84793502356114e-15,1.5292218999106e-06,1.48669811112363e-06,1.50748925866422e-17,-8.15376832484971e-16,-1.17489824279382e-15,-4.36503930603967e-16,1.38768347125564e-15,-1.63436858887259e-15,2.5083850646131e-15,-1.43042419832548e-16,2.22559739738624e-15,-1.73152746542045e-15,-2.42940658321785e-15,-2.92325996428038e-15,-0.0999999999999906
"t75",0.155815477022917,-0.106069826054993,0.0460252010390547,0.0236616308971441,0.00239188675463988,-0.00100900167371729,0.125964555583968,-0.0295907686061147,0.000723247589013231,0.00571274739503046,-0.340019442846114,0.00387572162782696,0.00298094232065304,0.0250389499976353,0.0366087338532412,0.0166240050996364,-0.257817896771434,-0.00775235717373176,-0.00285732748679299,-0.000218029996526536,-0.00745135545352724,-0.00667465618972877,-7.60943681766586e-05,0.0364946882336856,-4.86730560899908e-16,8.63028228928952e-05,-0.00189632325929327,0.000769253309825696,0.0132128838200232,-0.100768444834735,0.000500303974415946,0.000312875039643645,-0.00274677691931162,-0.00351430113053942,2.90991633087539e-05,-0.000287437495968902,0.136703353511313,0.00195913471426895,0.000109728231601278,3.96888160616238e-06,-7.28790382101731e-05,0.000272821201575483,-3.46944695195361e-17,2.30418751171011e-05,-9.6589751109589e-16,3.95580219031732e-05,-0.000937381525730215,-3.72684146671912e-05,-2.86077025775502e-05,-4.52395023341814e-16,6.53076682001266e-05,-0.000353326201386303,-0.00268548579342672,0.257288020508027,-0.00279705223992103,-0.000222851791822823,8.76903226532134e-06,1.80933901514426e-15,-0.000102271224982463,-7.83315411130582e-16,-1.08688927542999e-05,-6.14697464842635e-16,0.000192661145016439,-1.18586420641326e-05,-1.62869985231028e-07,0.000163745573100842,3.76063250031479e-06,1.63221666713653e-15,1.925693861751e-17,3.03352950968712e-15,-1.42561785737109e-15,-9.52420433430658e-16,-3.32682248201676e-06,4.87990620076785e-06,-6.67859533845582e-16,4.05668958265399e-15,9.87212671981903e-15,0.392301650888522,-3.71534378889052e-15,1.85304127484524e-07,-1.34489879531504e-15,-3.60310493497243e-15,-2.93962098211681e-15,-3.13374205222511e-16,5.71477530816446e-15,7.25459969640149e-07,7.1055187828613e-07,-0.707106781186548,1.15966420094881e-14,-6.61542025732313e-15,6.22177634040629e-15,1.3017315498357e-15,-1.16395759179795e-15,2.50165693331298e-15,-1.01903761196597e-15,2.4343239249823e-15,-5.36198831135253e-16,-3.24783658655075e-15,-9.14084287580119e-16,-0.100000000000003
"t76",0.155815477022917,-0.106069826054993,0.0460252010390548,0.023661630897144,0.0023918867546399,-0.00100900167371729,0.125964555583968,-0.0295907686061147,0.000723247589013212,0.00571274739503049,-0.340019442846114,0.00387572162782702,0.00298094232065303,0.025038949997635,0.036608733853241,0.0166240050996365,-0.257817896771434,-0.00775235717373184,-0.00285732748679285,-0.000218029996526281,-0.0074513554535271,-0.00667465618972851,-7.6094368177258e-05,0.0364946882336857,-8.44873155497241e-16,8.63028228926838e-05,-0.00189632325929345,0.000769253309825727,0.0132128838200235,-0.100768444834735,0.000500303974416009,0.0003128750396438,-0.0027467769193119,-0.00351430113053921,2.90991633090071e-05,-0.000287437495969082,0.136703353511313,0.00195913471426814,0.000109728231602029,3.96888160648167e-06,-7.28790382102884e-05,0.00027282120157582,-6.93889390390723e-17,2.30418751168389e-05,-5.49563876897722e-16,3.95580219028532e-05,-0.000937381525730603,-3.72684146683207e-05,-2.8607702576879e-05,-2.35011824869676e-16,6.5307668200109e-05,-0.000353326201386946,-0.0026854857934258,0.257288020508026,-0.0027970522399208,-0.000222851791822147,8.76903226523031e-06,2.37382999050687e-15,-0.000102271224982954,-7.54447148785225e-16,-1.08688927547212e-05,-1.06128339672765e-15,0.000192661145015924,-1.18586420636107e-05,-1.62869984425475e-07,0.000163745573101062,3.76063249913438e-06,-7.24058561866089e-16,6.04663957432915e-16,-5.08775830369761e-16,-6.1376727061271e-16,-8.17112002304467e-16,-3.32682248365877e-06,4.87990620049907e-06,1.21039393993334e-16,3.09422823245402e-15,9.86389010935645e-15,0.392301650888523,-2.32890083086254e-15,1.85304127120631e-07,-1.79448007698379e-15,8.96189035870556e-16,-2.98125434554025e-15,2.27859519273598e-16,-3.02310270739506e-15,7.254599742271e-07,7.10551826010324e-07,0.707106781186547,-1.36054206247854e-14,5.67973297378523e-15,-6.24741600491501e-15,3.20094887206599e-15,-1.26296319275429e-15,1.62398944038703e-15,-6.22478390884202e-16,2.31636210372767e-15,8.00134425073419e-17,-1.74529400873682e-15,-4.35270105831306e-15,-0.100000000000009
"t37",0.151413908409908,-0.102158893714369,0.0441273982802675,0.0224492684195682,0.00224569215759322,-0.000916906433323784,0.113406424372293,-0.0264907252758351,0.000626462628265163,0.00483941121675205,-0.287508108705152,0.00324250930606086,0.00245624714943304,0.0196909468819855,0.0283265618212541,0.0128493124111937,-0.198138742230169,-0.00594030578830164,-0.00216397776956103,-0.000163706045072205,-0.00500314141220003,-0.00444326386211783,-4.63920521469243e-05,0.020181089847217,-2.57498375106138e-16,4.5339971055471e-05,-0.000949922418215711,0.000343183448624362,0.00512606929143699,-0.0383059559031597,0.000170382821250863,8.30381130171924e-05,-0.000523874055212423,-0.000515231450547807,3.98440098870225e-06,-2.97932583772201e-05,0.00769169643795206,9.3463923338807e-05,-2.42218846573804e-06,-8.38172623525664e-07,3.39407431589735e-05,-0.000127773247823239,8.84708972748172e-16,-2.04331051124159e-05,9.30359329067441e-16,-3.90061512155259e-05,0.00101017981516243,5.76560057991886e-05,4.68229738529932e-05,7.05528178788028e-16,-0.000157973513307981,0.000912238466944723,0.00718364558116451,-0.902147344099812,0.0105436255572423,0.000845247462639509,-3.47180242883001e-05,-7.2768118518572e-15,0.000490138212048248,3.76270394161624e-15,7.09490007298653e-05,3.549727326646e-15,-0.00135910045782418,9.34706270501345e-05,4.78317077520324e-06,0.00356517883638797,7.2052761420032e-05,-5.5889919221738e-16,-2.59570973065895e-16,-1.78029235082683e-15,-6.3859547094457e-16,3.26623970924692e-16,-1.38685377800035e-05,1.88077039031315e-05,-8.55569406339398e-17,5.38372926002397e-16,9.29941897279465e-16,0.034721548850862,-1.14568425836454e-16,-3.03348069021524e-06,9.24389687796251e-16,-2.37244827013006e-16,-3.07485936156694e-15,-2.14474893754014e-16,6.39013987673112e-16,2.6766557605149e-06,2.60720092923974e-06,-5.11843676503029e-16,-7.21071174283824e-16,-8.94469049306429e-16,2.33214977228969e-17,2.1049069106277e-15,-1.45975540805225e-15,1.97930542272818e-15,-4.48663797230295e-16,1.73162612111548e-15,-8.05043627391448e-16,-2.72760527249276e-15,-2.91992175690868e-15,-0.0999999999999962
"t8",0.137367870847893,-0.089676582368374,0.0380722496524677,0.0185890051632415,0.00178222885233218,-0.000637321406296185,0.0764195497751537,-0.0176038987045506,0.000588728457185749,-0.000969342788258928,0.0418200081614172,-5.64763043181798e-05,-7.98085782460203e-06,-0.00313914552954838,-0.00639428795571098,-0.00295512355928106,0.0499603593419475,0.00156282072125409,0.00065223181167651,5.25697072120525e-05,0.00831865755430469,0.00760354059720786,0.000114137080369685,-0.0632751836525045,9.19330225270336e-16,-0.000215276856282295,0.00509966870578167,-0.00259588966815776,-0.0571018421892945,0.450311367990366,-0.00264944842878769,-0.0021311259829567,0.844235623027004,-0.0507988889377302,0.000759790606279604,-0.00249034425663989,0.156826448083719,0.000623596166328052,-0.000528726954618494,-0.000106968879708618,-0.00231880966343713,0.00853337911950509,3.40005801291454e-16,0.000222139815262218,4.00589790170987e-16,0.000332943116781737,-0.00706674925684599,-0.000178833406344084,-0.000127166049004195,2.00055700943477e-16,0.000145234869392844,-0.000674990226461396,-0.0140726408141042,0.0120304959557538,0.00112588958000619,9.84179196010303e-05,-6.29176359349605e-06,-1.38402111283294e-16,0.000208442415213677,3.70964128433784e-17,4.99885714026108e-05,-1.04865361218231e-16,-0.00103056126119957,7.72273711344119e-05,5.75868286073276e-06,0.0149652522969602,9.39423516156757e-05,-2.04774792503632e-16,-3.63985130091103e-17,-6.33790723101027e-16,3.71462587337622e-17,3.0476817324343e-16,-2.51429687162857e-05,3.44565098743501e-05,3.93936316377457e-17,1.65178311934711e-16,1.40274702767261e-16,0.000884181026454087,5.55174831982181e-16,-6.20734535545444e-06,1.33523028145694e-16,-2.00511719893628e-16,-2.50773542134585e-15,8.69438486480957e-17,4.86738992372051e-16,5.4510234300179e-06,5.31007791356157e-06,-6.31429448612243e-17,-7.55896219390201e-16,-7.45221937003939e-16,-1.34184639512066e-16,1.97377445868344e-15,-1.32991648966958e-15,2.17729812842327e-15,-5.0345718242391e-16,2.42511575303323e-15,-6.62612571077621e-16,-2.59693419153914e-15,-2.78307253649332e-15,-0.100000000000002
"t61",0.15920793662609,-0.109461048363181,0.047775517902313,0.0249578699034316,0.00257471320516353,-0.00121575834259637,0.160826700526345,-0.0395433555111918,0.00221262809623744,-0.00684849259953641,0.319058298386856,-0.000803184048329584,0.000445129431337097,0.0105304281264392,0.0160285870556852,0.00728486010946516,-0.113092992875168,-0.00339409834763082,-0.00121867982099392,-8.89661702034047e-05,-0.00609767278773697,-0.00532508929115128,-5.39572680625886e-05,0.0213559117701915,-2.73835132792199e-16,6.24511033941313e-05,-0.00129993597741792,0.000499727236745051,0.00819328966297512,-0.0620891777284766,0.000297609579862523,0.000157552554565156,-0.0380115594193028,0.00157805132276622,-2.14662126610128e-05,4.78272537557541e-05,-0.00121888866008458,-3.65990227748619e-06,-4.26270003111464e-06,-3.75134202594299e-06,-0.000128865066602978,0.00047545875432285,2.08166817117217e-17,1.45116164208302e-05,-5.91062838645557e-16,2.1327184269359e-05,-0.000435674862575933,-4.54942291426721e-06,-1.51612592642645e-06,-3.00824599131326e-16,-8.77780659768451e-05,0.00134931834467817,0.469343441416529,0.00663731338778933,0.000552748289968243,4.79350074070248e-05,-2.91856530097347e-06,-1.45616477655395e-15,8.52498336562681e-05,5.52942322763606e-17,1.93189414655109e-05,9.78243921542073e-16,-0.000398026241514648,2.99662248133559e-05,2.8015773659905e-06,0.284656006142472,-0.000310375862960411,1.17749576992066e-15,5.35331153497067e-17,1.32320416036775e-16,-2.36860004176608e-15,6.4775313471849e-16,-3.71613750209124e-06,5.39431863934775e-06,8.45466690296643e-16,-5.50778667897476e-16,-8.95333347225706e-15,0.000180378251987563,-0.707106781186546,-1.31258209729385e-06,2.41202356803806e-16,-8.2374412852885e-16,4.1675270914493e-15,-9.38996589705707e-16,4.34124947729276e-17,1.27330842172087e-06,1.24180606954094e-06,-2.6151751639484e-17,-1.73341936140963e-15,-1.28223986088554e-15,-6.74718349334069e-16,2.23743959920636e-15,-1.05479414858748e-15,2.57454642425952e-15,-9.49731119455582e-16,1.35310090904968e-15,-1.17678707774116e-15,-2.95706141598692e-15,-2.46228790381556e-15,-0.100000000000003
"t62",0.15920793662609,-0.109461048363181,0.0477755179023129,0.0249578699034316,0.00257471320516353,-0.00121575834259638,0.160826700526345,-0.0395433555111918,0.00221262809623745,-0.00684849259953644,0.319058298386856,-0.000803184048329589,0.000445129431337061,0.0105304281264393,0.0160285870556854,0.00728486010946519,-0.113092992875168,-0.00339409834763092,-0.00121867982099385,-8.89661702035381e-05,-0.00609767278773696,-0.00532508929115121,-5.39572680622928e-05,0.0213559117701911,-2.4546534914907e-16,6.24511033943812e-05,-0.00129993597741783,0.00049972723674487,0.00819328966297518,-0.0620891777284768,0.000297609579862432,0.000157552554565305,-0.0380115594193027,0.00157805132276631,-2.14662126608928e-05,4.78272537556964e-05,-0.00121888866008471,-3.65990227798796e-06,-4.26270003116646e-06,-3.7513420264009e-06,-0.000128865066602691,0.000475458754323116,1.14491749414469e-15,1.45116164208478e-05,1.79591666430885e-15,2.13271842693683e-05,-0.000435674862576338,-4.54942291326808e-06,-1.51612592635312e-06,-2.85085137950712e-16,-8.77780659762785e-05,0.00134931834467742,0.469343441416527,0.00663731338778911,0.000552748289967778,4.79350074070594e-05,-2.91856530081305e-06,-1.15795065122068e-15,8.52498336552717e-05,-8.03079107774012e-17,1.93189414647237e-05,1.04716674688894e-15,-0.000398026241514303,2.99662248141257e-05,2.80157736553564e-06,0.284656006142469,-0.000310375862960495,2.77383968896915e-15,-7.75954917428969e-16,2.45944803093434e-16,7.67780002798958e-16,-2.87893969194236e-15,-3.71613749907737e-06,5.39431863947384e-06,-3.35934784035337e-16,1.26616884639897e-15,9.07092461627563e-15,0.000180378251999963,0.707106781186549,-1.31258214256229e-06,2.87142810414185e-16,4.75282360188666e-16,-6.36571385468187e-15,1.25022443698284e-15,3.09303837603937e-16,1.27330842626756e-06,1.24180606782341e-06,-1.38790965976958e-15,4.29374689308654e-17,-7.16562968267531e-16,4.91015826522352e-16,1.35610346569799e-15,-1.76898716064725e-15,1.78345849770137e-15,-2.34782129347468e-16,3.12251894856788e-15,-1.03645520912564e-15,-2.25902058753645e-15,-3.02726170487395e-15,-0.1
"t81",0.160105379795805,-0.110269219713389,0.0481706858291033,0.0252154280682345,0.00260653632992512,-0.00123847617919675,0.164120619253791,-0.0403962000404746,0.00227432181120387,-0.00706837847216415,0.329413754409359,-0.000830865644805247,0.000461745556953571,0.0110150899733518,0.0168142274547534,0.00764336120071274,-0.11877749245346,-0.00356653553166292,-0.00128320359870064,-9.38163473311917e-05,-0.0065515729337582,-0.00572944901607163,-5.8863441317041e-05,0.0236384684751916,-6.13161212049003e-16,6.96307376156674e-05,-0.00145889955682925,0.000569356693958003,0.00949141220928727,-0.0720910975998614,0.000349640848148952,0.000189453868640179,-0.046836969610237,0.00197393210000822,-2.69420771842235e-05,6.07386917297153e-05,-0.0015749493188011,-4.74415314837427e-06,-5.67592770277208e-06,-5.41674785063337e-06,-0.000212629181439712,0.00078573695019251,-7.63278329429795e-17,3.30115064385146e-05,-8.22335748306924e-16,5.3945462794902e-05,-0.00123569679098496,-4.59543383112332e-05,-3.54159694210784e-05,1.76609097331405e-16,0.000145483186415692,-0.00171408649703959,-0.519737335267422,-0.00264446725542857,-0.00016191562672309,-1.3654945989412e-05,6.77671520624561e-07,1.7808534238155e-15,-4.5836020148567e-06,-1.79458065777789e-16,2.31133866810914e-06,-8.06668846000294e-16,-5.96925562599136e-05,5.60845829976439e-06,1.04484710766868e-06,0.138769648869054,-0.00015368191595994,6.51589513660445e-16,-5.24983461641862e-16,-3.49469302480727e-16,-2.06263633179814e-16,-1.82403040153181e-15,-2.43836989552186e-06,3.59257229042815e-06,-2.15753394665112e-16,5.99402222692512e-17,-7.84772843211769e-16,0.000132204840255548,-2.91160979026254e-16,-9.77623843656289e-07,-1.09576909715438e-15,-5.07359137484017e-16,-1.88631089477241e-15,1.61993948973506e-15,1.16531115436432e-15,9.92636944451694e-07,9.68582030893174e-07,5.7723791911586e-15,-8.35512225843963e-15,-0.707106781186549,-1.63012389515275e-14,5.85869237970099e-15,-1.8897167817864e-15,3.98521660164888e-15,-2.46048394061495e-15,2.96525524816607e-15,-6.16156039005028e-16,-6.53178018450835e-15,-1.42467251798365e-15,-0.0999999999999935
"t82",0.160105379795805,-0.11026921971339,0.0481706858291034,0.0252154280682345,0.00260653632992512,-0.00123847617919672,0.164120619253791,-0.0403962000404746,0.00227432181120383,-0.00706837847216412,0.329413754409359,-0.000830865644805314,0.000461745556953554,0.0110150899733519,0.0168142274547533,0.00764336120071272,-0.11877749245346,-0.00356653553166288,-0.00128320359870061,-9.3816347331195e-05,-0.0065515729337582,-0.00572944901607165,-5.88634413168731e-05,0.0236384684751915,-5.38967670168047e-17,6.9630737615572e-05,-0.00145889955682921,0.000569356693957866,0.00949141220928717,-0.0720910975998615,0.000349640848148877,0.000189453868640253,-0.0468369696102367,0.00197393210000813,-2.69420771841753e-05,6.07386917297663e-05,-0.00157494931880085,-4.74415314798786e-06,-5.67592770270768e-06,-5.41674784943984e-06,-0.000212629181439307,0.000785736950192449,4.78783679369599e-16,3.30115064386551e-05,-7.94580172746724e-16,5.39454627948487e-05,-0.00123569679098479,-4.59543383109544e-05,-3.5415969420576e-05,3.16596643076486e-16,0.000145483186415178,-0.00171408649703962,-0.519737335267421,-0.00264446725542866,-0.000161915626722713,-1.36549459890877e-05,6.7767152081159e-07,1.54438140313596e-15,-4.58360201483716e-06,-2.782362014653e-16,2.31133866744446e-06,-7.24927847845238e-16,-5.96925562602071e-05,5.60845829940624e-06,1.04484710758366e-06,0.138769648869054,-0.00015368191595916,6.89180809360724e-16,3.62100907098476e-16,-1.11101291402304e-15,-6.08719479604986e-16,-7.79726868993772e-16,-2.43836989584908e-06,3.59257228955742e-06,7.53375410319924e-16,5.47348081419411e-16,8.40741366107873e-16,0.000132204840254881,-4.09338496725167e-16,-9.77623841800854e-07,1.35216448146349e-15,1.94171843428579e-16,-1.74753301669427e-15,-1.27357926820497e-15,-1.68321283072992e-16,9.92636940172194e-07,9.68582027139979e-07,-6.34889111184717e-15,6.73003312436157e-15,0.707106781186547,1.59229843382176e-14,-1.67654918909291e-15,-1.10148520298249e-15,1.33564560169197e-16,1.46216768807966e-15,9.9460827983164e-16,-8.75038469287085e-16,1.3959625885305e-15,-3.95873975469082e-15,-0.100000000000004
"t45",0.157742644455533,-0.108146569397235,0.0471340326819394,0.0245416357153913,0.0025235120376669,-0.00117970113250774,0.155618634906894,-0.0381980175986462,0.00211659394093082,-0.00650920805194973,0.303091343492351,-0.000760678754883191,0.000419764850420241,0.00980351732113566,0.0148572884512523,0.00675058637305244,-0.104639120898222,-0.00313792895489203,-0.00112323036844879,-8.18135694850049e-05,-0.00545354144085318,-0.00475287844565863,-4.72048946905431e-05,0.0183032373732904,-2.70922798654067e-16,5.29843758099481e-05,-0.00109297122769777,0.000411646752573092,0.00660164758467495,-0.0498777167841166,0.000235447441370847,0.000121011691806085,-0.0283291704968419,0.00115491392805167,-1.56471369273776e-05,3.43793692353478e-05,-0.000858671505962179,-2.56881571360326e-06,-2.90199125720516e-06,-2.33945489816264e-06,-7.0305198066933e-05,0.000259006731535109,-2.63677968348475e-16,5.85115929900019e-06,3.28498621467598e-17,7.74876852757844e-06,-0.000140248335630937,1.27038557242686e-06,1.84216453224519e-06,-5.02370458764011e-17,-3.27790187587446e-05,0.000430590968017499,0.137261207622816,0.000771746576243451,3.99230935126068e-05,3.28290767113338e-06,-1.24008960051895e-07,-4.45749923948746e-16,-6.2733132754611e-06,6.55254818331075e-16,-5.1193593570862e-06,-7.7368328693215e-17,0.000124843640115688,-1.1488147333991e-05,-3.10822044844122e-06,-0.893930197268891,0.00108440102963274,-5.53439443252511e-15,-4.12104469878675e-16,1.75230656827888e-16,2.69964088367719e-15,4.96445376178202e-15,-1.39932043596893e-05,1.83996203324224e-05,-4.59521909709456e-17,2.20176890982782e-16,2.63801251291424e-16,0.000385811572606223,-1.46644550435918e-15,-2.64500676332026e-06,-2.11763325181122e-16,-8.72221648858598e-17,-2.80759402436492e-15,5.54054663836119e-16,3.7430011465345e-16,2.20701245307158e-06,2.14900883865583e-06,-3.28914553725513e-16,-6.24931406603199e-16,-3.74206911490185e-16,-1.20880937794038e-16,2.07497489832639e-15,-1.26113087976745e-15,2.08900783535601e-15,-7.09998373592993e-16,2.2737159970013e-15,2.8286952825237e-17,-2.38570156897629e-15,-2.79393227573464e-15,-0.0999999999999984
"t34",-0.0234045005522504,0.0610887671244375,0.015787425032906,-0.221763651768588,0.207125849276405,-0.00294202309912092,0.0741981980414705,0.19273684861776,0.000139790739191035,-0.00309541123751221,0.000167128032405226,0.00201489148509611,0.00421675542809036,0.00893223905440356,0.00682869565122268,-0.00272431627118783,1.3444669222261e-05,0.00302494429717105,0.00318232632803373,0.00256974708699913,-0.0123196304158665,0.007493434533072,-0.336007858722674,8.19982803852476e-05,1.90964876262312e-16,0.000145835634580703,-0.00110255626242926,0.000696438998757512,0.000735506555172419,-0.000574379660474701,-0.000366397524667254,-0.00103028461197425,-9.20515444208635e-05,-9.89541444189297e-06,0.000206705982353967,-0.00079085781365559,0.000128261912237093,-0.000331916166398973,-0.000173431050487816,-5.3414577573486e-05,-0.171749043875812,-0.0347032721826265,-6.38378239159465e-16,-0.000128926290043335,7.55181713461058e-16,-1.49173122337957e-05,-4.08095154323333e-06,-0.00240765594929072,-4.44385210887297e-06,4.46427222607462e-16,6.53195353617133e-06,-7.62463289267519e-06,1.8203522666661e-07,-1.79778585597282e-05,-2.88429414434798e-05,-2.73417999227354e-05,4.05201132135346e-06,-7.10018727539831e-15,-0.000321921874814623,-3.66158022119751e-15,-0.840663939778335,3.67225946992141e-14,-0.000603858293775547,0.000403751256759068,9.77605322985339e-06,3.88487732184389e-05,6.91099937077681e-05,-1.40016781158603e-15,2.41114788767905e-16,5.19876709674604e-16,-1.61125468108764e-15,3.87310315712245e-15,-2.99058486443352e-05,4.08607468372171e-05,-3.46398755832378e-16,5.74933508151029e-16,7.23015303133732e-16,7.02056423081565e-06,-1.97848995403491e-16,-7.36067037901955e-06,-6.75635056649205e-17,-2.39247357344662e-16,-2.31723846474204e-15,4.89362652915692e-16,2.71820418486369e-16,6.55324904239171e-06,6.38521444229913e-06,-6.75880263355102e-16,-9.51414669650585e-16,-9.96605286386952e-16,-2.17417934856996e-15,1.87777218234841e-15,-1.27901453382537e-15,2.03749531757459e-15,-4.55236300187796e-16,1.9885470073454e-15,-7.54475719229113e-16,-2.62383709764268e-15,-2.74147464651256e-15,-0.099999999999999
"t46",-0.0235337708596694,0.0615303525814387,0.0159152219719798,-0.224001258768694,0.209626590159192,-0.00299556972494548,0.075677167544904,0.196780348699549,0.000143571337793631,-0.00319162525916752,0.000172378493891267,0.00208204701533903,0.00436877987125698,0.00932773416418595,0.0071502616248542,-0.00285310922955736,1.40935525641257e-05,0.00317247359344982,0.00334391534474512,0.00270400931889848,-0.013190717973526,0.00803356792623297,-0.364817562237175,9.02047759667378e-05,-2.86356535534105e-17,0.000161479354005581,-0.00122795824396896,0.000786029131169207,0.000842213205807623,-0.000659008963138874,-0.000424645050333466,-0.00121777020744236,-0.000111022418387413,-1.20819458921456e-05,0.000253069143442442,-0.000977440610222417,0.000160711836441637,-0.000416935557587368,-0.00022244588257309,-7.27616265781401e-05,-0.256189011039753,-0.0518169931803982,-2.52575738102223e-15,-0.000230727996934894,-6.4158400350504e-16,-2.80773755272098e-05,-8.0728567113181e-06,-0.00656015220545481,-1.30980950505165e-05,-8.15360190533576e-16,8.3463021245658e-05,-0.000396627077140936,-1.18959962497533e-05,5.11807545614744e-05,6.14761294378002e-05,5.69718943030913e-05,-7.26166988057545e-06,3.80607177071247e-15,0.000324466903558894,2.04093652032992e-15,0.380686387936615,-1.68533406760115e-14,0.000223838666546382,-0.000111006477592778,1.31489203960859e-06,1.32608182046471e-05,2.44749484145123e-05,1.02291289328679e-14,-0.707106781186548,3.75754610713393e-15,-8.13379641251452e-15,3.40070464752788e-15,-1.79074876121761e-05,2.5021187717639e-05,1.61603971659572e-16,-1.77114048644812e-16,-1.50860968841353e-16,4.92082114349631e-06,-2.94005099220011e-17,-5.27013567035856e-06,1.06990961274063e-15,-1.9691729014032e-16,4.45954335970893e-16,-2.67944219876331e-16,6.74259482439813e-16,4.9741681823113e-06,4.84977187833857e-06,-1.05084597106784e-16,-7.43235000646042e-16,-2.09402939927557e-16,5.07935802463622e-16,2.18494534762418e-15,-1.14654438548483e-15,2.1680493708831e-15,-7.22642153239427e-16,2.17243793570042e-15,-5.58377117983008e-16,-2.40089374711654e-15,-2.69204834291378e-15,-0.0999999999999978
"t47",-0.0235337708596694,0.0615303525814387,0.0159152219719797,-0.224001258768694,0.209626590159192,-0.00299556972494549,0.075677167544904,0.196780348699549,0.00014357133779356,-0.00319162525916748,0.000172378493891324,0.00208204701533892,0.00436877987125699,0.00932773416418616,0.00715026162485398,-0.00285310922955742,1.40935525640077e-05,0.00317247359344991,0.00334391534474527,0.00270400931889854,-0.0131907179735261,0.00803356792623303,-0.364817562237175,9.02047759669039e-05,-2.17981031630358e-16,0.000161479354005599,-0.00122795824396888,0.00078602913116931,0.000842213205807583,-0.000659008963139134,-0.000424645050333298,-0.00121777020744246,-0.000111022418387664,-1.2081945892173e-05,0.000253069143442307,-0.000977440610222053,0.000160711836441935,-0.000416935557587753,-0.000222445882573118,-7.27616265767958e-05,-0.256189011039752,-0.0518169931803977,-2.55351295663786e-15,-0.000230727996934921,-1.60262080919592e-15,-2.80773755268127e-05,-8.07285671301393e-06,-0.00656015220545511,-1.3098095052683e-05,2.71828908043403e-16,8.34630212466207e-05,-0.000396627077142092,-1.18959962489781e-05,5.11807545612427e-05,6.14761294401325e-05,5.69718943041729e-05,-7.26166987971034e-06,2.90474899173161e-15,0.000324466903560207,1.61925911158492e-15,0.380686387936616,-1.65170321733831e-14,0.000223838666545301,-0.000111006477592895,1.31489203911501e-06,1.32608182045128e-05,2.44749483966113e-05,-9.5869835224688e-15,0.707106781186547,-4.78423228841422e-15,8.99139374233027e-15,-6.45252469602038e-15,-1.79074876094706e-05,2.50211877174007e-05,8.11494972622482e-16,4.36616809245649e-16,-3.79155760118389e-16,4.92082114138236e-06,9.83677999998456e-16,-5.27013567077349e-06,-7.5690960874706e-16,-3.1434028366057e-17,-3.03563568031456e-15,6.51226875046748e-17,1.79700072510632e-16,4.97416818184158e-06,4.84977187896649e-06,-9.58568543744224e-16,-6.73846060141222e-16,-8.33904481427458e-16,5.46099718935107e-16,1.86634640905342e-15,-1.75658427308459e-15,1.97602322193414e-15,-4.50822669136448e-16,2.32509360533602e-15,-1.05925583728523e-15,-2.59402513137694e-15,-2.81160130382412e-15,-0.100000000000001
"t17",-0.0228697483051443,0.0592556775180814,0.015255979081495,-0.21242045616679,0.196641460370324,-0.00271469478059217,0.0678970315358219,0.175472503275696,0.000123447074406665,-0.00267601773799332,0.000144225827291447,0.00172081130130631,0.00354729848791249,0.00716098383084946,0.00538019287851901,-0.00214394439946422,1.05147050663964e-05,0.00235809612900646,0.00244890934005981,0.00195851587320024,-0.00820035511865493,0.00493195692140287,-0.195472782435511,4.07589938980648e-05,7.72704766648928e-17,6.60396359310621e-05,-0.000454229365457685,0.000218615042121219,0.000146410404231195,-0.000104935772884587,-3.5260151599015e-05,8.8991471303902e-05,2.72260877307109e-05,4.30306103591548e-06,-9.65523082779357e-05,0.000461034557177432,-9.78253507021916e-05,0.000264595176985355,0.00019149971532155,0.000120043976647569,0.887922475132821,0.180973332605768,8.29891710907305e-15,0.00413494967779826,2.12574843992969e-15,0.00128398767250036,-0.00145187123899605,-0.0600742301813065,-0.000105218150630722,-3.04970470681708e-16,0.000362062247525774,-0.00158955925457193,-4.57130815536498e-05,0.000142428672705567,0.000155443580905857,0.000142826120456814,-1.71142526506941e-05,9.24634994922504e-16,0.000538103178398535,2.98322960373869e-16,0.0576141950546582,-1.80426660333421e-15,-8.79613512762613e-05,0.00015556855787821,1.22201186719309e-05,6.00084228416399e-05,0.000107710376794358,4.23548904314425e-16,-8.08383951624116e-16,-8.4210611379912e-17,1.04691948882003e-15,-1.73092295333575e-15,-5.06107130555578e-05,6.90948473550648e-05,1.08739373075019e-16,1.98275217745467e-16,1.50695856526173e-16,1.16067774092037e-05,1.21685879103729e-17,-1.20815963766206e-05,3.13608284248905e-16,-1.93202083969331e-16,-1.88444905770002e-15,2.65767947890259e-16,2.9685385269797e-16,1.0469490964636e-05,1.01972730245428e-05,-4.60522670577054e-16,-1.17713513481097e-15,-8.73644460344986e-16,-9.4395833986089e-16,2.00393838166837e-15,-1.39456748681773e-15,2.27429109216431e-15,-5.87113832672462e-16,2.23107589271677e-15,-6.9814801183152e-16,-2.50842496768137e-15,-2.71173978375568e-15,-0.100000000000002
"t23",-0.022857098916483,0.0591963909500225,0.0152363707076128,-0.211974185152926,0.196021582361559,-0.00269237710681909,0.0672011306273072,0.173432783550557,0.000120705767416921,-0.00258953319818452,0.000139425193510724,0.00165320202863471,0.00337248958054548,0.0064941011369449,0.00476410679323434,-0.00189511444732271,9.20366641348836e-06,0.002053083050726,0.00208297988013665,0.00163339623993569,-0.00287875716416321,0.00135137133025942,0.390789480407223,0.000412744077445866,2.90102265768445e-16,0.000387552630513326,-0.00227912329424638,0.00107826382960346,0.000962304713824505,-0.000738115531447013,-0.000434033711734876,-0.00107173133711788,-8.50812161228409e-05,-8.5249279192133e-06,0.000175293747942403,-0.000634512073644803,9.46586918649616e-05,-0.000241115929427931,-0.000109571237644982,-1.96120870821508e-05,-0.00692361041415906,-0.0013207043858346,-3.4104663537704e-15,-0.000554237182717358,-1.11854498341605e-15,-0.000308521407957287,0.000560657268939971,0.845449709199948,-0.00114245149270351,2.1183393234805e-15,0.000520330530927775,-0.00212591099250779,-5.91601824313033e-05,0.000156096381440309,0.00016539470596954,0.000151611209902088,-1.78806726068868e-05,-3.3444157466207e-15,0.000526005269079083,-1.3344995658452e-16,0.010115264255439,-1.00482682318796e-15,-0.000116939583665736,0.000169462291963949,1.16187381957851e-05,5.53221862770284e-05,9.91381368723005e-05,-1.83490503752945e-15,-9.12969268907169e-17,-1.72242767176723e-16,1.68190892891155e-16,-1.48046948725946e-15,-4.5622431729909e-05,6.22665278704139e-05,4.64169951163905e-17,5.33481192002056e-16,2.02719965624888e-16,1.0481431182596e-05,-1.12075935603328e-16,-1.09234463507935e-05,4.03697945851769e-16,-3.63885004738164e-16,-1.77201450705348e-15,5.20073032297433e-16,4.84412758888622e-16,9.51598906871086e-06,9.26928542454581e-06,4.32605962281043e-16,-9.99092821801313e-16,-9.09464841690282e-16,4.19248365096908e-16,2.05980820753754e-15,-1.53467081640546e-15,2.39305815523624e-15,-5.88787684782264e-16,2.25780241405734e-15,-8.91195275209573e-16,-2.57948650879147e-15,-2.86384673394484e-15,-0.1
"t43",-0.0230901067275215,0.0599886758554438,0.0154651030439712,-0.215955618303894,0.200443635115973,-0.00278500858327598,0.0697416218907326,0.1803474434741,0.000126982634163192,-0.00274552202735006,0.000147919435333396,0.00176045819660557,0.0036104381120844,0.00706612721945568,0.00521294687032298,-0.00207442678734848,1.00944776623706e-05,0.00225409531011537,0.00229617511190735,0.00180593323679244,-0.0033064027345399,0.00155661858649707,0.463505107351384,0.00050529901842236,-4.80793955955707e-17,0.000482240813156012,-0.0028784599646602,0.00141052914466842,0.00131058303745345,-0.00101097336294632,-0.000612408791774806,-0.00160812173616716,-0.000136768988753923,-1.4335014475736e-05,0.000297836317908856,-0.00111880836602147,0.000176713627532476,-0.000455061730218494,-0.000227792505204458,-5.87385579117133e-05,-0.0739112641276681,-0.0145308039014854,8.32667268468867e-16,0.00119533078724646,4.11074936607923e-16,0.000483488053617961,-0.000684072857644547,-0.375161567119551,0.000424808785709214,-1.47957963826895e-15,-1.96832109819984e-05,1.49215287868349e-06,-1.06191060725594e-06,2.06340357092058e-05,2.58016523249162e-05,2.39428895512456e-05,-3.05519275823206e-06,1.06374473713194e-15,0.000115911508622591,-9.88278897679862e-18,0.00282131333475223,7.78206773014578e-17,-3.39675684835604e-05,5.17291371551506e-05,4.54486808058217e-06,2.52737994612328e-05,4.57684688164765e-05,-0.707106781186547,-9.47726787715413e-15,6.70171859820237e-15,1.17081534338999e-15,-4.45117750517831e-15,-2.64081361793514e-05,3.65590421096999e-05,-1.56741807374447e-16,9.69660712549835e-17,1.22942097728632e-15,6.79111583250847e-06,1.18790035708188e-15,-7.20466149429761e-06,-1.15863608975313e-16,-9.75353139697255e-17,-1.46733473837739e-15,-9.59521480928617e-16,1.79379735340232e-16,6.61630093505456e-06,6.44877566395973e-06,-1.62018619182334e-15,-1.41025541513291e-15,-6.55496257399006e-16,8.29687255688116e-17,1.91536478304027e-15,-1.4606408488863e-15,1.82781974812271e-15,-2.98267062225641e-16,2.09683118898415e-15,-8.05051085409945e-16,-2.50796791022282e-15,-2.60933622737158e-15,-0.0999999999999997
"t44",-0.0230901067275215,0.0599886758554438,0.0154651030439712,-0.215955618303894,0.200443635115973,-0.00278500858327608,0.0697416218907326,0.1803474434741,0.000126982634163081,-0.00274552202735011,0.00014791943533342,0.00176045819660561,0.0036104381120844,0.00706612721945575,0.00521294687032299,-0.00207442678734848,1.0094477662283e-05,0.00225409531011543,0.00229617511190744,0.00180593323679248,-0.00330640273454001,0.00155661858649719,0.463505107351384,0.000505299018422308,-4.98968199288792e-17,0.000482240813155918,-0.00287845996466024,0.00141052914466842,0.00131058303745419,-0.00101097336294598,-0.0006124087917746,-0.00160812173616721,-0.000136768988753936,-1.43350144756334e-05,0.000297836317908586,-0.00111880836602148,0.000176713627532316,-0.000455061730218067,-0.000227792505203817,-5.87385579117878e-05,-0.0739112641276687,-0.0145308039014843,1.00613961606655e-15,0.00119533078724752,-2.44650537311134e-16,0.000483488053617951,-0.000684072857644985,-0.375161567119548,0.000424808785706085,-5.00750673460331e-16,-1.96832109822545e-05,1.49215287867939e-06,-1.06191060798914e-06,2.06340357083645e-05,2.58016523235283e-05,2.39428895512853e-05,-3.05519275853519e-06,2.18339411482129e-15,0.000115911508625056,2.52417883746273e-16,0.00282131333475025,5.04015021973827e-16,-3.39675684843465e-05,5.17291371543508e-05,4.54486808244012e-06,2.52737994514864e-05,4.57684688002575e-05,0.707106781186549,9.00968020776336e-15,-7.12749695227219e-15,-1.02187513024433e-15,6.4012525605326e-15,-2.64081361791964e-05,3.65590421087491e-05,5.01674674329755e-16,1.25896457493045e-16,-1.18955820194653e-15,6.79111583156442e-06,-4.77434179855852e-16,-7.20466149492669e-06,5.57253895544679e-17,3.9149273175097e-17,-2.42576945885458e-15,1.14990226585793e-15,4.22028312308969e-16,6.61630093547121e-06,6.44877566385332e-06,4.78829214354618e-16,-8.59884641714545e-18,-6.65904671209172e-16,-1.35606432404264e-16,1.94231596628919e-15,-1.21069899630392e-15,2.15090381751469e-15,-7.7412187384731e-16,2.08989229544463e-15,-4.99680156914009e-16,-2.48662281311075e-15,-2.79954419706579e-15,-0.0999999999999999
"t95",-0.0193805392171544,0.0461906766906204,0.0112822572058871,-0.133673824692605,0.0955121135319309,0.00124999258087228,-0.0748845977568171,-0.302710020704001,0.00152031341722893,-0.0117744403332702,0.000610596159040133,0.00609343694627212,0.0104419210527063,0.00627632708716786,-0.153154714358062,0.392953910302025,0.000116709557193407,0.0203637458823581,0.0181946341887172,0.428663164540698,-0.0164820053555295,0.00960224758632764,-0.00368372942435766,0.000451776641011373,-5.66000368304971e-17,0.000491345493071213,-0.00312036824573856,0.00163461587744069,0.00155801768620013,-0.00120381329556621,-0.000732273152209751,-0.0019134371886538,-0.000160258506108092,-1.65853464592176e-05,0.000343520552828354,-0.00127556651687136,0.000197698928277989,-0.000507204299686134,-0.000245278876140933,-5.43308902579011e-05,-0.00305620842629577,-7.87897624340504e-05,4.68375338513738e-17,0.00477630514410696,-1.17472661016822e-16,0.000415567112191612,-0.000515101655439175,-0.00112847721343534,-9.01512253919875e-05,1.35021618152017e-16,0.000228739879950594,-0.00101697456337642,-2.94458994227635e-05,9.58843835979899e-05,0.000105509771595165,9.70042578274135e-05,-1.16673042134645e-05,-4.36987148500455e-16,0.000367621603608516,-1.05665374344627e-16,0.000337268924192676,-5.74010567231331e-17,-9.57980857912177e-05,0.000137156336722381,1.02182395710333e-05,5.20570550140139e-05,9.37341893163103e-05,-3.17304347019907e-16,-1.674348896541e-16,-7.68958851431176e-16,-9.1732404694888e-16,1.15024291347085e-17,-4.80744184464567e-05,6.60805231704797e-05,2.96344470521007e-16,9.04970127295313e-17,7.58693599815788e-16,1.16899805088768e-05,2.27781047671102e-16,-1.22935426662249e-05,-3.05855334578905e-16,-7.59445851847154e-16,-2.48291229998945e-15,-1.29530273584485e-15,1.10341804415473e-15,1.09994824370747e-05,1.07176750758439e-05,-6.55930909064267e-16,1.90855160982621e-15,-4.02192582428092e-16,-1.58026983018986e-14,1.51671146606747e-15,-4.90623189715541e-15,-1.58894067307201e-15,2.61168162204452e-16,-8.50995029515991e-15,0.707106781186547,-3.35547523237727e-14,-2.64856152167066e-15,-0.100000000000006
"t96",-0.0193805392171544,0.0461906766906204,0.0112822572058871,-0.133673824692605,0.0955121135319309,0.00124999258087226,-0.0748845977568171,-0.302710020704001,0.00152031341722895,-0.0117744403332701,0.000610596159040143,0.0060934369462721,0.0104419210527063,0.00627632708716803,-0.153154714358062,0.392953910302025,0.000116709557193362,0.0203637458823583,0.0181946341887172,0.428663164540698,-0.0164820053555294,0.00960224758632756,-0.0036837294243576,0.000451776641011388,1.1145874175576e-16,0.000491345493071202,-0.00312036824573852,0.00163461587744067,0.0015580176862005,-0.0012038132955662,-0.000732273152209761,-0.00191343718865393,-0.000160258506108023,-1.65853464590731e-05,0.000343520552828619,-0.00127556651687159,0.000197698928277908,-0.000507204299685583,-0.000245278876140853,-5.4330890258156e-05,-0.00305620842629561,-7.87897624344336e-05,3.29597460435593e-17,0.00477630514410585,-1.10533767091488e-16,0.000415567112190691,-0.000515101655439195,-0.00112847721343548,-9.01512253911748e-05,-2.4235529922811e-16,0.000228739879950315,-0.00101697456337638,-2.94458994227563e-05,9.58843835978514e-05,0.000105509771595797,9.70042578271052e-05,-1.16673042135128e-05,4.99538704941194e-16,0.000367621603607699,2.62465036166598e-16,0.000337268924192672,1.26349998417805e-16,-9.57980857903479e-05,0.000137156336722806,1.02182395710063e-05,5.20570550130588e-05,9.37341893154468e-05,2.7247883169646e-16,-3.75629043553376e-16,4.52286478940449e-16,9.70055094913492e-16,-9.95198733278073e-17,-4.8074418446395e-05,6.6080523170097e-05,1.59554053500633e-16,4.708507453532e-16,-6.04661207498454e-16,1.16899805105647e-05,2.27780447000162e-16,-1.22935426660395e-05,3.80154832297342e-16,4.73861637539235e-16,-8.9564031947067e-16,1.72311611235809e-15,-3.25285770241349e-16,1.09994824381805e-05,1.0717675076677e-05,-3.78376222916742e-16,-3.63562463244006e-15,-1.05246765601638e-15,1.58802912633418e-14,2.42903383833999e-15,2.10414016131924e-15,5.81517795955809e-15,-1.36687004098334e-15,1.28618434188312e-14,-0.707106781186548,2.84696547863182e-14,-2.86428668671119e-15,-0.099999999999995
"t65",-0.0192583354181261,0.0457954494128308,0.0111720897723861,-0.131972032110014,0.0939874493425871,0.00121469071592494,-0.0724489339133294,-0.292013586032652,0.00143517976185536,-0.0108801118060164,0.000563014352954162,0.00554185424135297,0.00925986943427542,0.0046250148722221,-0.0914708633187329,0.229342522392801,5.77299942777388e-05,0.00884668794271988,-0.000431176265151715,-0.555611871313277,-0.0201895282613359,0.0116414526227428,-0.00422010190895971,0.000504925342867299,-1.07017309115294e-16,0.000545019378272755,-0.00344298304749569,0.00178785546088304,0.00169317478924621,-0.00130731560179738,-0.000792712057968165,-0.00206185118294426,-0.000172111357186671,-1.77837328863112e-05,0.000368224691497308,-0.00136590373241448,0.000211428540213139,-0.000542312395211172,-0.000261847160379941,-5.78217929099125e-05,-0.00324401010305242,-8.36295396458242e-05,1.21430643318376e-16,0.00505687923971547,-1.98888982156419e-16,0.000439793962358008,-0.000544942197805662,-0.00119225445571489,-9.52276436895812e-05,-5.96231527710463e-16,0.000241323583938533,-0.0010727258966955,-3.10571548649363e-05,0.000101063312007986,0.000111190786537133,0.000102225949039266,-1.22942330832024e-05,-1.61331031426468e-16,0.000387231343744599,9.7327108864928e-17,0.000355082971356502,6.48139198975464e-17,-0.000100847251608729,0.000144365010882331,1.07452513432525e-05,5.4693730654884e-05,9.84747430862107e-05,-9.80749139180865e-17,6.25057859659586e-16,-1.80308283462986e-16,-1.44680180337903e-15,-1.69477989870823e-15,-5.03974039670238e-05,6.92604910178887e-05,1.62977388825183e-15,4.85823316415205e-16,7.4760900185762e-17,1.22330335807423e-05,-1.43953139003234e-16,-1.28600730065665e-05,0.707106781186547,3.58109772071885e-14,1.07225649862383e-14,4.33281392728419e-15,-8.55672494364974e-16,1.14924186997574e-05,1.1197803431192e-05,-1.01231506006598e-17,7.00043679340255e-16,-1.80575905482164e-15,-1.01710032350675e-15,1.9357723472481e-15,-1.8984567647611e-15,1.40549230238516e-15,-7.27467871717133e-16,2.13038683942062e-15,-5.62402751750985e-16,-2.59561580325462e-15,-3.27632571006832e-15,-0.0999999999999997
"t66",-0.0192583354181261,0.0457954494128308,0.0111720897723861,-0.131972032110014,0.0939874493425871,0.00121469071592494,-0.0724489339133294,-0.292013586032652,0.00143517976185541,-0.0108801118060163,0.000563014352954126,0.00554185424135292,0.00925986943427546,0.00462501487222208,-0.0914708633187329,0.229342522392801,5.77299942778637e-05,0.00884668794271977,-0.00043117626515167,-0.555611871313276,-0.0201895282613358,0.0116414526227429,-0.00422010190895977,0.000504925342867257,1.62778548609348e-17,0.000545019378272777,-0.00344298304749567,0.00178785546088307,0.00169317478924617,-0.00130731560179762,-0.000792712057968127,-0.00206185118294435,-0.00017211135718675,-1.7783732886233e-05,0.000368224691497516,-0.00136590373241443,0.000211428540213473,-0.000542312395210869,-0.000261847160380229,-5.78217929097902e-05,-0.00324401010305243,-8.36295396459436e-05,1.38777878078145e-16,0.00505687923971528,8.56056678945685e-17,0.000439793962357709,-0.000544942197805856,-0.00119225445571437,-9.52276436891819e-05,5.65805527641463e-16,0.000241323583938006,-0.00107272589669499,-3.10571548646974e-05,0.000101063312006427,0.000111190786537779,0.000102225949039286,-1.22942330829745e-05,1.12046704921514e-16,0.000387231343745007,1.08518586053116e-16,0.000355082971356554,1.54201331271938e-16,-0.00010084725160883,0.000144365010882921,1.07452513435138e-05,5.4693730655354e-05,9.84747430870113e-05,8.49384242117467e-17,-1.02639891383937e-15,-2.08063858822123e-16,1.38426690941576e-15,1.76078926543757e-15,-5.03974039652421e-05,6.92604910180678e-05,-1.30130286274865e-15,-5.07318507362762e-18,9.3594912899824e-17,1.22330335754525e-05,5.91569586345662e-16,-1.28600730105356e-05,-0.707106781186547,-3.61351949357363e-14,-1.41464307653652e-14,-3.98431777829049e-15,1.46021687074985e-15,1.14924187043892e-05,1.11978034330318e-05,-8.98301571253833e-16,-2.2975584797674e-15,3.59158780748705e-16,8.00889879316944e-16,2.03014898421473e-15,-8.56973520050445e-16,2.75973950503017e-15,-4.27570377109372e-16,2.13732562801434e-15,-1.18634569635253e-15,-2.4696993908053e-15,-2.19638394930446e-15,-0.100000000000002
"t27",-0.0196524301883747,0.0470717686471208,0.0115281631348046,-0.137485936426549,0.098943227257204,0.00133131928288754,-0.0805524299221989,-0.32777690878926,0.00173247836206284,-0.0141728173548328,0.000739214872274176,0.00766634630356868,0.0142014585134242,0.0355970895547084,0.177551770262491,-0.386587065421918,-4.67080149569444e-05,-0.00460410581467016,0.0023322563390273,0.0713113778869005,-0.0132075802128833,0.00776739336917627,-0.00316751771294396,0.000402225206713248,8.9062515263677e-17,0.000443032639366034,-0.00284134261396678,0.00151703030735682,0.00147147509033997,-0.00113948169816887,-0.000700805266992505,-0.00186869250855933,-0.000159721100355142,-1.67364737352969e-05,0.000347620202108789,-0.00130350880851403,0.000205006913590418,-0.000527395369791582,-0.000261142991300312,-6.27200446191536e-05,-0.00426103247328726,-0.000110162202575476,-6.76542155630955e-16,0.395653507286715,-2.62103214219325e-15,-0.00084037204064641,0.000339952704342199,-0.000407578511020203,-3.69928774732268e-05,5.49704722354515e-16,0.000136133370949428,-0.000622596251196382,-1.82730088898284e-05,6.4137643192996e-05,7.15794046549742e-05,6.58828355516064e-05,-7.98346095879599e-06,-0.707106781186548,0.000258524263659823,2.12661253702906e-15,0.000244447181939859,1.00591149823301e-15,-6.9830027374821e-05,0.000100697938470586,7.80375157010567e-06,4.08779153471646e-05,7.37502025773537e-05,2.3508377890294e-16,-6.7651985190555e-16,-1.40301913388251e-15,-8.26664673927544e-18,-4.20203170959999e-16,-3.95888481381747e-05,5.45846277869404e-05,-2.80430402658356e-17,3.74185093312868e-16,-6.01847500090674e-17,9.87264156925086e-06,1.96923446036795e-16,-1.04258498922139e-05,-8.38384688380155e-17,-8.53970866124761e-17,-2.44582032291687e-15,-5.83066836297093e-16,4.76446443446881e-16,9.44810526380304e-06,9.20746014091183e-06,1.59647935612997e-16,-1.03106092035893e-15,-8.32822639188334e-16,4.43941855737846e-16,1.93703639062302e-15,-1.31281463505267e-15,1.92764976025873e-15,-6.47897918177732e-16,2.35833261283107e-15,-1.47442964022332e-15,-2.35098306912094e-15,-2.85268650969425e-15,-0.1
"t28",-0.0196524301883747,0.0470717686471208,0.0115281631348046,-0.137485936426549,0.098943227257204,0.00133131928288754,-0.0805524299221989,-0.32777690878926,0.00173247836206293,-0.0141728173548328,0.000739214872274223,0.00766634630356868,0.0142014585134242,0.0355970895547083,0.177551770262491,-0.386587065421918,-4.67080149569826e-05,-0.0046041058146701,0.00233225633902723,0.0713113778869004,-0.0132075802128834,0.00776739336917612,-0.00316751771294386,0.000402225206713151,-8.45411631885293e-17,0.000443032639366033,-0.00284134261396699,0.00151703030735701,0.00147147509034053,-0.00113948169816886,-0.00070080526699243,-0.00186869250855944,-0.00015972110035444,-1.67364737351096e-05,0.000347620202108817,-0.00130350880851402,0.00020500691359047,-0.000527395369791619,-0.000261142991299608,-6.27200446207816e-05,-0.00426103247328754,-0.000110162202574979,5.30825383648903e-16,0.395653507286715,-2.48919315801914e-15,-0.000840372040646613,0.000339952704345678,-0.000407578511014403,-3.69928774718026e-05,-1.52829691136366e-15,0.000136133370949868,-0.00062259625119613,-1.82730088854401e-05,6.4137643181483e-05,7.15794046609455e-05,6.58828355715078e-05,-7.98346097790834e-06,0.707106781186548,0.000258524263677586,-2.02422622619462e-15,0.000244447181927672,-9.06826814971723e-16,-6.98300273731508e-05,0.000100697938473894,7.80375157275946e-06,4.08779153470319e-05,7.37502025786897e-05,-9.30650396968311e-16,3.01864188552466e-16,8.45182490989245e-16,2.13777958185135e-16,-3.86953672556552e-18,-3.95888481385639e-05,5.45846277880716e-05,9.94623842879917e-17,2.27841710064629e-16,3.47112958297193e-16,9.87264156945227e-06,1.83045658255551e-16,-1.04258498919775e-05,2.56167172385545e-16,-2.48216117845428e-16,-1.24192223058897e-15,1.35108682758636e-16,2.60215942587637e-16,9.44810526381144e-06,9.20746014115888e-06,-6.31385969380978e-16,-7.53505164034278e-16,-6.52411399783373e-16,-9.99348076274857e-16,2.1007638409872e-15,-1.47246514373609e-15,2.34667242906553e-15,-5.06450772815303e-16,2.05681598925405e-15,-8.08308508721078e-16,-2.68074372947232e-15,-2.58740157382831e-15,-0.0999999999999992
"t18",-0.0195115915951765,0.0466296363784884,0.0114068161172547,-0.135678957597632,0.097384535619526,0.00129953613432206,-0.078443207288452,-0.31873538166433,0.00167054794575056,-0.0135884889026566,0.000708402448952845,0.00732675915870637,0.0135193786316575,0.0334821267233515,0.166304579092488,-0.361998131502775,-4.36724088644889e-05,-0.00430159636452394,0.00217242990520882,0.0662764356273258,-0.0119245342213482,0.00699721825051211,-0.00278924774368227,0.00034541099113293,6.17730712934641e-17,0.000375509358826989,-0.00237938632023388,0.00123410534873842,0.00115704998485366,-0.000891659329899874,-0.000534477357265299,-0.0013492834032391,-0.000108194995821999,-1.08575927295381e-05,0.000223240720654107,-0.000806869592507885,0.000119700087576697,-0.000304445560458,-0.000135737011598197,-2.03515461191975e-05,0.000383225627941882,1.05366326496522e-05,3.92047505570758e-16,-0.828721792505374,5.32154826522791e-15,0.00297561784781926,-0.00219512909349717,-0.00236194854164399,-0.000179326407975213,9.44636114537274e-16,0.00036617632645892,-0.00159185407256151,-4.55791072473276e-05,0.000138819357139397,0.000150689743552516,0.000138390620599598,-1.65232521444456e-05,4.64745600466126e-16,0.000506349910258683,9.12972689834039e-17,0.000449777105776212,1.22378244456664e-16,-0.000126952717412128,0.00018030851128054,1.28312814845792e-05,6.31769592451771e-05,0.000113476258960978,6.16584545118111e-16,-3.28956519135416e-16,6.09624262042104e-17,3.4206641675526e-17,2.45905253052378e-16,-5.48884338144101e-05,7.51432191579511e-05,2.14828633532305e-16,2.49027486817449e-16,2.84428692930708e-17,1.29135801911482e-05,2.85636548392654e-16,-1.35068123572818e-05,6.77888208488623e-17,-1.88681070604087e-16,-1.60781443893683e-15,1.10226208455068e-15,3.6938718480305e-16,1.1888787416537e-05,1.15819357685585e-05,-5.96539125356658e-16,-9.38108536617812e-16,-6.24125862444072e-16,1.96824898574126e-16,1.98644669682418e-15,-1.39881966587525e-15,2.06315854293245e-15,-5.76955224014086e-16,2.15291178496489e-15,-2.505340803141e-16,-2.55024457793674e-15,-2.81549477394418e-15,-0.0999999999999987
"t64",-0.0442632646266459,0.16970464009406,0.206449396566732,0.149337402582488,0.0160069199823985,-0.000949532254427303,0.0146601225636837,0.0156229612538718,0.000814707722346046,-0.256187618723668,-0.00506192412248966,-0.00473659110449808,-0.00253640708764853,0.0020408490057317,0.001552062218543,0.000391994149055446,4.73697578781684e-06,0.0011901403956397,0.00127224309064177,0.00013965730364975,-0.00498037321608156,0.00308002325375196,-0.000177485128596922,0.000149019652312591,-1.01588028334613e-17,0.000189933093144107,-0.00109884414303844,0.000691427066749996,0.000638922652719968,-0.000504897693663999,-0.010223153980488,-0.000810170151485828,-6.47515873295581e-05,-6.90725511981834e-06,0.000160679856230814,-0.000607268428181484,8.60673315115112e-05,-0.000221820625334604,-0.000111013780878143,-2.67303176358514e-05,-0.000464021921751188,0.000207812997719982,1.08940634291343e-15,0.000213965278226799,-2.25310422632375e-16,0.000354187052522558,-0.000412006784948489,-0.000325399562996509,-0.000113646253570835,7.2847896181702e-17,0.00173237202200508,-0.134574895513599,0.000412062161849945,-0.000125010558609359,-0.000108327000918384,-9.78253243889302e-05,1.16405721146266e-05,1.63018211558044e-16,-0.00589674904635216,1.40490932732554e-16,-2.22227885073292e-05,4.43665250248376e-16,2.19105043198642e-05,-2.94913838912437e-05,-4.40308740137813e-07,1.66828748280395e-06,3.33580562896232e-06,3.21087295425551e-16,-6.15299115483335e-16,1.55299192785158e-15,4.80720854928172e-15,-2.48336181408079e-13,0.33747955663119,6.04395385187674e-05,-1.71870476199924e-15,3.21903443955331e-15,1.08216401744384e-14,1.60469147413573e-06,2.64654969138367e-14,0.834098920125177,-1.86072113072725e-15,-7.01233705439772e-15,3.50833974672464e-15,-1.38942662840505e-15,-1.09772031463434e-15,4.78133048581533e-06,4.65101149837658e-06,1.26591348960061e-16,5.78667166624124e-16,-1.69269957764278e-15,-2.09080164288036e-15,2.14378424694647e-15,-2.67917431007754e-15,2.46248381294071e-15,-2.44962880143944e-16,1.95616499429829e-15,-6.08019949674866e-16,-3.08050407536208e-15,-1.96683379877681e-15,-0.100000000000022
"t67",-0.0443005935870397,0.169890880973207,0.206702383845042,0.149564006829144,0.0160357944367829,-0.000952063456661594,0.0147026846390611,0.0156705412530259,0.000817845618356945,-0.257307532483196,-0.00508426622189371,-0.00475864068986277,-0.0025490733325671,0.00205306020604439,0.0015618570982184,0.000394476342426521,4.76750948853397e-06,0.00119788100170232,0.00128080775120031,0.000140620568627882,-0.00502450102705136,0.00310773874811342,-0.000179316343742509,0.000150748822768811,-1.30651000605706e-16,0.000192252862852242,-0.00111284785238103,0.000701040813645616,0.000648565507799714,-0.000512596807613887,-0.0103870229652992,-0.000824315344345566,-6.59700524570593e-05,-7.04257927243722e-06,0.000163854704336007,-0.000619611892952056,8.78846727845899e-05,-0.000226535549485606,-0.000113497535852105,-2.7403654608338e-05,-0.000477269929647364,0.000213752870767867,4.37150315946155e-16,0.000221075644318081,-2.56235493736989e-16,0.000366301138046311,-0.000426451670313541,-0.000338071742401149,-0.000118146748428936,2.29566447091184e-16,0.00180937665142592,-0.140670548229209,0.000430917116862536,-0.000131174723558881,-0.00011377100080095,-0.000102749420596439,1.2232998711849e-05,3.04555248528246e-16,-0.0062112455297447,4.2243930919235e-16,-2.34907275687463e-05,4.19597465089923e-16,2.31798327122448e-05,-3.12354748925757e-05,-4.70624337913389e-07,1.80512445314657e-06,3.61382728111039e-06,-2.6291918520637e-16,-1.23081835395973e-15,3.95834499777042e-16,5.00998048679838e-15,-3.05484797597468e-13,0.394397545925129,7.16969028282539e-05,-4.61389552380274e-16,1.61225818544499e-16,-6.4366658717286e-15,5.10332421795142e-06,-1.34916084015403e-14,-0.389306832996242,-3.30263252247767e-14,0.70710678118655,-2.47612045570255e-14,1.2149149791658e-14,3.40616340635092e-15,3.7695424529559e-06,3.67806279278001e-06,-2.5709878214572e-15,-1.92660332712119e-15,-3.53401424171195e-16,-1.76147150687503e-16,1.79463698112069e-15,-1.03549683522897e-15,2.40592275766298e-15,-8.77075929989964e-16,1.6742779041815e-15,-2.04556755245057e-16,-2.28529909756217e-15,-3.21562587003158e-15,-0.0999999999999856
"t68",-0.0443005935870397,0.169890880973207,0.206702383845043,0.149564006829144,0.0160357944367829,-0.000952063456661532,0.0147026846390611,0.0156705412530259,0.000817845618356992,-0.257307532483196,-0.00508426622189371,-0.0047586406898627,-0.00254907333256719,0.00205306020604435,0.0015618570982184,0.000394476342426552,4.76750948856085e-06,0.00119788100170242,0.00128080775120041,0.000140620568627909,-0.00502450102705127,0.0031077387481135,-0.000179316343742441,0.000150748822768801,1.26710065055557e-16,0.000192252862852224,-0.00111284785238107,0.000701040813645442,0.000648565507799733,-0.000512596807613752,-0.0103870229652993,-0.0008243153443457,-6.59700524571448e-05,-7.04257927293981e-06,0.000163854704336037,-0.000619611892951995,8.78846727846472e-05,-0.000226535549485869,-0.000113497535852135,-2.74036546086623e-05,-0.000477269929647443,0.000213752870768211,7.28583859910259e-16,0.000221075644318236,-3.41908887998374e-17,0.000366301138046342,-0.000426451670315039,-0.000338071742401557,-0.000118146748427728,6.34087503652015e-16,0.00180937665142595,-0.140670548229208,0.000430917116862667,-0.000131174723558868,-0.000113771000800755,-0.00010274942059679,1.22329987118e-05,3.87824830356917e-16,-0.0062112455297447,5.22635593021082e-16,-2.3490727568513e-05,3.56700420524507e-16,2.31798327136325e-05,-3.12354748926357e-05,-4.70624337754038e-07,1.80512445304419e-06,3.61382728226789e-06,-1.86591376166025e-16,-9.81018109317425e-16,2.98689984887818e-16,2.44258974235192e-15,-3.05068463963234e-13,0.394397545925128,7.16969028273823e-05,1.63075488452513e-15,-2.99174098308873e-16,-3.18839263785734e-15,5.10332421378102e-06,-1.31862970318173e-14,-0.389306832996253,3.63551644645577e-14,-0.707106781186545,1.72989008415082e-14,-9.36142131044963e-15,3.56557997993947e-17,3.76954245391775e-06,3.67806279245959e-06,2.24807398608847e-15,-1.36368709442909e-16,1.46226392420679e-16,-3.70436179996904e-16,2.07942537159304e-15,4.83455845299743e-16,1.07618307681797e-15,-1.82496095893389e-17,1.98652827590549e-15,-1.40882337537754e-15,-2.31699975490662e-15,-2.9828269818006e-15,-0.0999999999999834
"t87",-0.0444819983445601,0.170798089011839,0.207936197437634,0.150672172471263,0.016177379088873,-0.000964576139862669,0.0149135574252869,0.0159065925584183,0.00083353268786504,-0.262934056346748,-0.00519655982524978,-0.00486972017318671,-0.002613089587638,0.00211536739615683,0.00161199366736076,0.000407184449743614,4.92400531304765e-06,0.00123757666038169,0.0013248266552256,0.000145579328385049,-0.00525607563248769,0.00325338301714442,-0.000189066167790418,0.000160074799550322,2.03768295320157e-16,0.000204841430793529,-0.00118925093022532,0.000754117559943527,0.00070245870560173,-0.000555696390110894,-0.011311833356809,-0.000905351946054891,-7.30518427624428e-05,-7.83563494059332e-06,0.000182494100719331,-0.00069252439705003,9.87118892823804e-05,-0.000254668667321827,-0.000128500050236243,-3.16003123859321e-05,-0.000563076378987373,0.000252239507360873,-9.22872889219661e-16,0.00026976230900628,-1.13516780251966e-15,0.000450238754033145,-0.000527601739447892,-0.000431265290819458,-0.000151526535218296,4.7475409702385e-16,0.00241859878474432,-0.189459601806192,0.000582798568524659,-0.000183392150585216,-0.000160527517504192,-0.000145090499596743,1.73690903425144e-05,8.22473064572771e-17,-0.00903940831960291,2.92120847192652e-16,-3.55748002736777e-05,1.64130421564127e-16,3.5449061326471e-05,-4.84292395742113e-05,-8.25658058122054e-07,3.93739741803132e-06,8.0923489336669e-06,7.06094198788379e-17,2.83580954395182e-16,-8.63190939571196e-16,-5.34220625796299e-15,4.06251955796502e-13,-0.53502987622621,-6.21974967886473e-05,7.44045742442398e-16,-1.06654443256577e-15,1.67796336598045e-16,1.36291185986255e-06,2.24452210191136e-16,-0.0236027753461714,-1.25383749738128e-15,-5.34973738025323e-16,-2.00392889622944e-15,-2.84145965262764e-16,-7.93986903915224e-16,2.43090795596975e-06,2.37629134316451e-06,-9.71447333890825e-16,-1.94149029581012e-15,-6.31913207775916e-16,-6.90418671088123e-16,2.6500789921202e-15,-0.70710678118655,4.63928768855931e-14,7.00233878713362e-14,2.48132653975033e-15,-4.55927684457673e-15,2.21095203461711e-14,-1.74740905005748e-15,-0.0999999999999943
"t88",-0.0444819983445601,0.170798089011839,0.207936197437634,0.150672172471263,0.016177379088873,-0.000964576139862644,0.0149135574252869,0.0159065925584183,0.000833532687865031,-0.262934056346748,-0.00519655982524972,-0.00486972017318668,-0.00261308958763809,0.0021153673961568,0.0016119936673608,0.000407184449743617,4.92400531306673e-06,0.00123757666038178,0.00132482665522571,0.000145579328385095,-0.00525607563248764,0.00325338301714438,-0.000189066167790398,0.000160074799550369,-1.44120235702231e-17,0.000204841430793547,-0.0011892509302253,0.000754117559943539,0.000702458705601898,-0.000555696390110881,-0.011311833356809,-0.000905351946054853,-7.30518427624856e-05,-7.83563494085059e-06,0.000182494100719201,-0.000692524397049995,9.87118892824842e-05,-0.000254668667321715,-0.000128500050236207,-3.16003123856726e-05,-0.000563076378987433,0.000252239507360971,-8.95117313604032e-16,0.000269762309006274,-7.46589743960214e-16,0.000450238754033548,-0.000527601739448287,-0.000431265290819539,-0.000151526535217671,-4.65048261245271e-18,0.00241859878474443,-0.189459601806192,0.000582798568524397,-0.000183392150585226,-0.000160527517503538,-0.000145090499596569,1.73690903426097e-05,8.99459858532581e-17,-0.00903940831960352,1.42609870351111e-16,-3.55748002734515e-05,2.22569142054107e-16,3.54490613271129e-05,-4.84292395742647e-05,-8.25658058343798e-07,3.93739741824307e-06,8.09234893447017e-06,-4.03707331691735e-17,8.59567793276248e-16,-1.41830246036895e-15,-5.39077851528911e-15,4.07001356338124e-13,-0.535029876226212,-6.21974967886689e-05,4.01052023276473e-16,-6.29896663330131e-16,-9.47629787299469e-16,1.36291185933167e-06,8.21198479627572e-16,-0.0236027753461687,1.32255513977789e-16,8.34642222400947e-16,-1.87295727379319e-15,-3.43457847317514e-17,4.13370173269134e-16,2.43090795379971e-06,2.37629134037034e-06,-1.2281837257141e-15,-9.56167324943418e-16,-1.1281582910762e-15,1.80064424041457e-15,1.31637003302977e-15,0.707106781186546,-4.16891519396678e-14,-7.17079001860948e-14,2.89765885105674e-15,2.95876467703959e-15,-2.69847561381017e-14,-3.58390018906348e-15,-0.100000000000014
"t38",-0.0421523364422494,0.159127242688696,0.192049817475147,0.136374977215504,0.0143470797832881,-0.000801843080817842,0.0121664444026669,0.012828356919394,0.000627776173938811,-0.188854373735871,-0.0037176257382486,-0.00340417314554936,-0.00176635695877723,0.00128508008723054,0.000942215092433037,0.000237388007040481,2.83119717393952e-06,0.00070649178038519,0.00073486377721557,7.90342847710941e-05,-0.00209953411961881,0.00126590330262956,-5.45561277216434e-05,2.9989492778639e-05,-3.7472168644264e-17,2.83076172413223e-05,-0.000112770729333838,-1.60703486235507e-06,-7.34419179196789e-05,6.57303081569334e-05,0.00212270644562695,0.000288597756379467,3.27486324935844e-05,4.10944906507756e-06,-9.87556368753267e-05,0.000414396670506347,-6.70909066765324e-05,0.000176820226769732,0.000104526193085828,3.58159628112993e-05,0.000877284877714241,-0.000394091545019737,7.56339435525888e-16,-0.000606220321094024,2.56012969173963e-15,-0.00108399608739448,0.00134799495358636,0.00142360179653977,0.000521551675458307,-1.74591640801395e-15,-0.0112568104100271,0.928987901378012,-0.00294036257597839,0.00115507577695043,0.0010740231837002,0.000975768905632463,-0.00012109673545127,-1.1072368291187e-15,0.0741058567232644,-1.22763577764192e-15,0.000380839812110295,-1.28755086544744e-15,-0.000406109441772858,0.000611560945594147,3.36055248410267e-05,0.00012472220659495,0.000221206515244808,-1.30351705543795e-16,5.34493112508729e-16,-1.04092935433648e-15,-1.07409767797537e-15,4.02742654167296e-14,-0.0499063003211947,0.000110836924782639,3.40862884461232e-16,2.37532091987215e-16,1.69380259347025e-16,1.57617952026758e-05,5.98953991798486e-16,-0.00670581987642662,4.17427353026434e-16,3.69606897397892e-16,-3.17219753276967e-15,-1.97778318109906e-16,1.9698388015272e-16,1.43569945637109e-05,1.39727207418106e-05,3.39404669265214e-17,-7.6558233015558e-16,-6.58699325988701e-16,6.51121489031583e-16,1.99372695500519e-15,-1.41846722343258e-15,1.96660485994483e-15,-5.88731004145835e-16,2.0350304576371e-15,-8.10690669533734e-16,-2.55424136942114e-15,-3.01610795417803e-15,-0.100000000000001
"t97",-0.0397633989785998,0.145817168186312,0.172926776457005,0.116875374548513,0.0115165863721478,-0.000423083975004117,0.00492094478616644,0.00404609525326634,-0.000362751279035827,0.37955377829684,0.00816497161767126,0.0125055943751051,0.0152393473299675,0.0160008923411226,0.00867204248346933,0.00215506550509827,2.4083026589846e-05,0.00583957730289306,0.00555423760662763,0.000569860991199204,-0.0142742992659853,0.00873858323630013,-0.000477600847094656,0.000404484201023815,5.932945179293e-17,0.000528574687133141,-0.00316904624303698,0.00231633819004048,0.00324837284812931,-0.0028658038446724,-0.400305603106984,0.000711193072762487,-2.44231920130896e-05,-4.44577874097806e-06,0.000110151274237,-0.000486494723921329,7.87230591629421e-05,-0.000206467195304805,-0.000114328311765902,-3.07838526945669e-05,-0.000553854161577702,0.00024806379768654,1.04083408558608e-17,0.000248453187891734,-6.27379660051543e-16,0.00040484174539915,-0.000462804451346957,-0.000318246179995073,-0.000106969338009759,2.8636357262284e-16,0.000782262193539067,-0.0398716095776454,8.06179561997802e-05,0.000172343891524874,0.000259440716847603,0.000245462169989796,-4.06580861576909e-05,-4.38911053163749e-15,0.34110062670061,1.6575380788296e-15,-0.000160044264946629,-1.63845781860892e-15,0.00013857315981945,-0.000165244651581595,-2.34633268095214e-06,2.57884751093322e-06,5.93257126759908e-06,-4.09368695105695e-16,-6.63617572766178e-16,-2.11610550335593e-16,-1.81604097701902e-15,5.13395475211192e-16,-0.000362839177180226,2.23016903417017e-05,3.36858308740641e-16,1.61036741343701e-16,8.36608035720195e-16,4.43973438178593e-06,6.15718324371638e-16,-0.000117654036926588,4.74888470413113e-17,-1.04350250560513e-16,-1.4156849353809e-15,1.37976311930726e-15,1.01003139524778e-15,5.1857483206726e-06,5.05766667207491e-06,3.53777533153561e-16,-3.5965560002955e-15,3.1537388994216e-15,-3.39842547100802e-15,3.42402259530278e-15,-2.6035203094867e-14,1.23452179968872e-15,-6.36964356529129e-15,-4.00671604428852e-15,-3.16863050058712e-14,-0.70710678118655,-2.19134440055392e-14,-0.0999999999999826
"t98",-0.0397633989785998,0.145817168186312,0.172926776457005,0.116875374548513,0.0115165863721478,-0.000423083975004153,0.00492094478616645,0.00404609525326628,-0.000362751279035604,0.37955377829684,0.00816497161767132,0.012505594375105,0.0152393473299674,0.0160008923411226,0.00867204248346938,0.00215506550509831,2.40830265898087e-05,0.00583957730289312,0.00555423760662771,0.000569860991199218,-0.0142742992659855,0.00873858323630015,-0.00047760084709468,0.000404484201023825,-1.1391973123527e-16,0.000528574687133096,-0.00316904624303695,0.00231633819004056,0.00324837284812922,-0.00286580384467244,-0.400305603106985,0.00071119307276262,-2.44231920129944e-05,-4.44577874128313e-06,0.000110151274236892,-0.000486494723921377,7.87230591628787e-05,-0.00020646719530532,-0.000114328311765646,-3.07838526946658e-05,-0.00055385416157778,0.000248063797687046,2.67147415300428e-16,0.000248453187891747,-2.46607857145632e-16,0.000404841745399037,-0.000462804451347009,-0.000318246179995034,-0.000106969338010688,3.55177642384826e-16,0.000782262193538854,-0.0398716095776454,8.06179561997474e-05,0.000172343891524409,0.000259440716847394,0.000245462169990016,-4.06580861575223e-05,-3.92235402138631e-15,0.34110062670061,1.63228095668638e-15,-0.000160044264946826,-1.51498969354891e-15,0.000138573159818948,-0.000165244651582126,-2.34633268055202e-06,2.57884751119628e-06,5.93257126677622e-06,-5.34188568935678e-16,-3.58212132894698e-16,-6.27944195568836e-16,2.32647868361499e-15,1.73464080229886e-15,-0.000362839177180079,2.2301690341627e-05,-3.28784365916098e-16,2.15812815735748e-16,-2.69512588723036e-17,4.4397343818844e-06,1.64692264547033e-16,-0.00011765403692567,2.76321223174003e-16,-1.75956983091856e-16,-7.61694184937643e-16,-1.39579444226669e-15,-5.7566975960996e-16,5.18574832459033e-06,5.05766667074151e-06,-1.0270587534286e-15,1.77761737144789e-15,-4.51559102481497e-15,3.17530914120609e-15,4.65642584942948e-16,2.34367484558931e-14,3.05581670141752e-15,5.34589923891432e-15,8.09818274076968e-15,2.97645977141856e-14,0.707106781186545,1.67191386484296e-14,-0.100000000000018
"t40",-0.0390497572282542,0.142400398529939,0.168394714897146,0.113068010757765,0.0110689142061606,-0.000398502371408747,0.00460857395212058,0.00377616176274925,-0.000331812950198278,0.342553572364174,0.00736085923565338,0.0112023723222063,0.013527824210579,0.0138181563841098,0.00741861689155602,0.00184243391064968,2.05210255113343e-05,0.00496737850967642,0.00469283197482758,0.000479099317430151,-0.0112709606922551,0.0068675721394479,-0.000358068850395727,0.00028842988803846,9.14895207405462e-17,0.000367465448019561,-0.00215298983132299,0.00149141488267955,0.00196897224249696,-0.00172253656316562,-0.23032613379518,0.000374492462944888,-1.16755136813194e-05,-1.99787013382948e-06,4.88072072323564e-05,-0.000205043680278998,3.07557687220911e-05,-7.95151710174217e-05,-3.8848237949001e-05,-6.68268940976368e-06,-2.90323032419813e-05,1.25824981470035e-05,-8.56953397132543e-16,-5.41884281432614e-05,4.92240102162295e-16,-0.000113945449519088,0.000157244685536173,0.000202375648063957,7.40188316373007e-05,-1.02995520727774e-15,-0.000917716666862205,0.050700724159641,-0.000107026629798748,-0.000313328884547884,-0.000511053714159687,-0.000486799864633894,8.44937639637155e-05,1.09023483509451e-14,-0.867802887284162,-3.91555706313484e-15,0.000554262243152491,4.31770819153671e-15,-0.000516751482747226,0.000683349095647374,2.64694263907222e-05,9.0384295139279e-05,0.000159792663935548,1.39684827708275e-15,7.08890899562245e-16,4.76184440530898e-16,-4.47693784991551e-16,-3.04925640449317e-17,-0.00147290771687603,8.53935432129396e-05,5.06751870700334e-16,2.16175001480066e-16,-5.83432484055625e-18,1.20066302032051e-05,-2.77915749240221e-16,-0.000301228551081788,2.28595828658225e-18,-5.52933326118624e-17,-3.3750571739609e-15,4.68458556610002e-16,5.69773562240033e-16,1.14111246464356e-05,1.11104029041363e-05,-6.99844659177107e-16,-7.13110823056909e-16,-7.92363431268516e-16,-8.96401372399781e-17,1.95850624618458e-15,-1.77146408548424e-15,2.06450798314696e-15,-5.68467322110691e-16,2.43467388739186e-15,-1.11396376132391e-16,-2.51741013191774e-15,-3.00804972452336e-15,-0.0999999999999982
"t59",-0.0389251406563723,0.141771557277892,0.167538611187641,0.112305577461174,0.0109741041094936,-0.000392380379554631,0.00452734007180824,0.00370413953566771,-0.00032229497009621,0.330102749981786,0.00708830460042818,0.0107420837995497,0.0128876319882857,0.0128541807549999,0.00683391310737178,0.00169607497506736,1.8821499557513e-05,0.00454716506655449,0.00426168032683843,0.000432394534369301,-0.00910966536870553,0.00548796311066908,-0.000245942169860381,0.000147864587353008,-6.55889253694833e-18,0.000144825392817325,-0.000566410764034228,-0.000248819062860585,-0.00199402947650556,0.0020357694167825,0.559343388517057,-0.00459518425000396,-0.000237700536149747,-2.21931014758574e-05,0.000504222433915821,-0.00177596251567033,0.000232396441544001,-0.000591499703530579,-0.000271319303138045,-5.55267540523568e-05,-0.000826028433037106,0.000369408246680985,-2.77555756156289e-17,0.000305666741911556,-3.54199559469798e-16,0.000479961385029613,-0.000530989111685164,-0.000312107413576787,-0.000101895552601284,3.1100880886404e-16,0.000573634046302798,-0.0275753929441574,5.38694433967082e-05,8.10343899132796e-05,0.000106561310077531,9.95419065512063e-05,-1.4989674010214e-05,-1.19025224792464e-15,0.0649669335680266,3.9886770347817e-16,2.44896475693623e-05,-5.72823161763556e-16,-3.48076270797177e-05,6.61791525527489e-05,6.99366959413708e-06,3.4967126318229e-05,6.32233202491053e-05,1.43538995981573e-15,-4.94694148376725e-16,-9.69582112592542e-16,-8.76208018127327e-16,2.53691236432481e-15,-0.000882288812948289,5.23075523479382e-05,-2.40403414761263e-15,3.40746021083012e-15,0.707106781186547,8.49464280841617e-06,-7.65502072282402e-15,-0.000218318034312004,-9.29894756097383e-17,1.18416427539151e-15,-1.02771278966205e-17,-8.68110886603945e-16,7.38858535991663e-16,8.85104232102782e-06,8.62439780763844e-06,-2.71220810805584e-16,-2.13144648027185e-15,-1.19743442708264e-15,6.08335969116387e-16,1.77648192059645e-15,-1.06664115119043e-15,2.40052073988829e-15,-8.36755160742447e-16,2.56135993710739e-15,-1.34676345082706e-15,-1.95098764598327e-15,-2.81211044611612e-15,-0.0999999999999991
"t60",-0.0389251406563723,0.141771557277892,0.167538611187641,0.112305577461174,0.0109741041094936,-0.00039238037955468,0.00452734007180831,0.00370413953566768,-0.000322294970096208,0.330102749981786,0.00708830460042819,0.0107420837995498,0.0128876319882858,0.012854180755,0.00683391310737176,0.0016960749750673,1.88214995574662e-05,0.00454716506655454,0.00426168032683844,0.000432394534369304,-0.00910966536870573,0.0054879631106691,-0.000245942169860368,0.000147864587352823,2.41969635075927e-17,0.000144825392817266,-0.000566410764034117,-0.000248819062860697,-0.00199402947650555,0.00203576941678255,0.559343388517056,-0.00459518425000407,-0.000237700536149775,-2.21931014759572e-05,0.00050422243391566,-0.00177596251567038,0.000232396441543994,-0.000591499703530431,-0.000271319303137708,-5.55267540517088e-05,-0.000826028433037016,0.000369408246681323,1.22124532708767e-15,0.000305666741911703,2.7377033882847e-16,0.000479961385029839,-0.000530989111685251,-0.000312107413576569,-0.000101895552601538,-1.97519855835879e-17,0.000573634046302841,-0.0275753929441572,5.38694433971626e-05,8.10343899133938e-05,0.000106561310077863,9.95419065493627e-05,-1.49896740102869e-05,-3.15951678834972e-16,0.0649669335680269,3.98273827157026e-16,2.44896475683993e-05,2.11929229237292e-16,-3.48076270809162e-05,6.61791525530289e-05,6.99366959379856e-06,3.49671263179421e-05,6.3223320246546e-05,-1.86752353774373e-15,-3.28160702419084e-16,5.15341183254925e-16,9.764766542166e-16,-1.72356849267423e-15,-0.000882288812947935,5.23075523437847e-05,2.66567511695592e-15,-2.92704962312607e-15,-0.707106781186548,8.49464284372936e-06,8.17953515462345e-15,-0.000218318034293931,4.13140714394066e-16,-1.57177317758261e-15,-2.95773494390709e-15,1.60213534318331e-15,-6.16425384223631e-17,8.85104232284117e-06,8.62439780929852e-06,-5.21021003618948e-16,4.84516526475162e-16,-3.19661728734269e-16,-7.0658442567403e-16,2.1231529694137e-15,-1.64642049055682e-15,1.88032548702268e-15,-3.35237488843505e-16,1.78767322461211e-15,-2.04685361982777e-16,-2.85963430735609e-15,-2.71847270847293e-15,-0.1
"t99",-0.128087689299097,-0.094841473514782,-0.0153699683183387,0.032927529216663,0.0116402729475813,-0.0122052518809453,-0.000327715759711789,-0.000842364489794772,-0.0001673822104961,0.00377060092540888,-0.000176753807980723,-0.00267049079891106,-0.01198004937553,-0.046353799660577,-0.053901585148114,-0.0143090389072981,-0.000251444639978607,-0.103700038595739,-0.659186622825075,0.0131235565345206,-0.0515535633022218,0.0344884671876135,-0.000641538581321837,0.000562285824785988,2.26373099041407e-16,0.0343842741871237,-0.00349222300265408,0.00355501992723115,0.00201308542147624,-0.00158223899435372,-0.00122808333413362,-0.0658947234335662,-0.000110038641566846,-2.02302659368455e-05,0.000839709700700297,-0.0515388395095553,1.32211423910137e-06,-5.72854422330481e-05,-0.000110961585838991,-3.43932498655174e-05,-0.000579793612660141,0.000259461806280825,-5.55111512312578e-17,0.000224657629979317,5.78993729802365e-17,0.000524827722904325,-0.000386567758130758,-0.000215937149639681,-6.92359885001442e-05,6.71445317532084e-17,0.00609646217475693,-0.000778356423702975,-2.07337413607559e-05,7.13131789259184e-05,7.87554185128082e-05,7.24263954622532e-05,-1.43819000025798e-05,-1.6693161692643e-16,0.000306798627461277,1.70690066848198e-16,6.64641483038726e-05,1.14972877673086e-16,-7.48362025001758e-05,0.00366556528141495,0.000265693438562272,3.91792890772115e-05,7.05633297112122e-05,4.58101085286908e-17,-7.73103790960603e-17,-1.14487884813438e-16,-4.25805816675166e-16,-3.19469256216759e-16,-4.02573169781725e-05,0.00122971692388094,5.18640011201856e-16,1.96115072520013e-16,1.2939179553293e-17,8.81616444843496e-06,3.93438854649888e-16,-1.02274586614237e-05,5.68420169383167e-16,-1.57562256732611e-16,-2.81703996631023e-15,8.76024137625238e-16,1.64434256442392e-16,0.000190672888522086,0.000235619212598437,1.37482778301664e-15,-1.03601322787568e-15,3.33279041295238e-16,5.29811523217013e-15,7.84291017094472e-15,-2.70277101707839e-16,-9.35263634310053e-15,-6.82280340048922e-15,4.59084906645049e-15,-8.05969623756226e-16,-2.17004312219125e-14,0.707106781186545,-0.100000000000019
"t100",-0.128087689299097,-0.094841473514782,-0.0153699683183387,0.032927529216663,0.0116402729475813,-0.0122052518809453,-0.00032771575971176,-0.000842364489794761,-0.000167382210496077,0.00377060092540881,-0.000176753807980644,-0.00267049079891108,-0.01198004937553,-0.0463537996605771,-0.0539015851481142,-0.0143090389072981,-0.000251444639978626,-0.103700038595739,-0.659186622825075,0.0131235565345206,-0.0515535633022218,0.0344884671876136,-0.000641538581321873,0.000562285824785952,-2.62276801555993e-16,0.0343842741871236,-0.00349222300265419,0.00355501992723118,0.00201308542147613,-0.00158223899435383,-0.00122808333413374,-0.0658947234335664,-0.000110038641566853,-2.02302659364515e-05,0.000839709700700343,-0.0515388395095553,1.32211423901123e-06,-5.72854422332148e-05,-0.000110961585838915,-3.43932498656839e-05,-0.00057979361265991,0.000259461806280265,-2.84494650060196e-16,0.00022465762997934,7.17771608537239e-17,0.000524827722904181,-0.000386567758130014,-0.000215937149639772,-6.92359885003248e-05,-4.24246683901274e-18,0.00609646217475692,-0.000778356423703386,-2.07337413611081e-05,7.13131789261429e-05,7.87554185139242e-05,7.24263954628655e-05,-1.43819000024073e-05,1.97687673898691e-16,0.000306798627461686,-8.29877052216707e-17,6.64641483039765e-05,3.26232301611438e-16,-7.48362025003677e-05,0.00366556528141548,0.000265693438562329,3.91792890773115e-05,7.05633297109747e-05,-2.84657268096483e-18,-2.28325835936839e-16,-1.49182343927616e-16,3.72166982272892e-16,1.83600551816515e-16,-4.0257316978288e-05,0.00122971692388057,-5.73517417421374e-17,2.25756744034433e-16,1.48416007293731e-16,8.81616444875024e-06,1.15881097228535e-16,-1.02274586601071e-05,-3.45888051353498e-16,-2.56155998932411e-16,-1.42926118552878e-15,-5.95021369992985e-16,4.42324819486274e-16,0.000190672888518571,0.000235619212595482,-2.09462260972654e-15,-5.96911387805407e-16,-1.73780413200551e-15,-5.92901510435177e-15,-3.96022128145626e-15,-2.38302465549725e-15,1.33691248706953e-14,5.59142999750289e-15,-1.69230630732541e-16,-6.00360695877753e-16,1.67275089652103e-14,-0.707106781186551,-0.0999999999999802
"t10",-0.144416743278317,-0.11348350513272,-0.0190750682684467,0.0454455735057938,0.0186808379367455,-0.124092506874384,0.00226501865431361,0.00260257920205103,7.41523073490344e-05,-0.000648503212432243,2.79852680407354e-05,0.000251933074118303,0.000403309006137237,-0.00191054510072506,-0.0025373570582205,-0.000675897675936685,-1.19911925829429e-05,-0.00494295422168573,-0.0303418042282883,0.000569798460237901,0.00299265273715845,-0.00239751375954818,0.000135371994853931,-0.000259713545780492,5.12362313951298e-19,-0.0901104429590324,0.00137056431374406,-0.0027888843333915,-0.00244293729059912,0.00202794187709192,0.00206647095061881,0.188497251085739,0.000588000557259072,0.00017706959022952,-0.00840020203795828,0.939960148672233,0.00271605349560616,-0.00601531658949454,-0.00149255050199652,-0.000175969974779852,-0.00199414531159805,0.000890127104971612,2.96290769696839e-15,0.000601411923063097,-3.11015549743895e-16,0.00136070545535304,-0.000978159678646817,-0.000510975477488986,-0.000163343027296253,-1.06693313282555e-16,0.0898397390820309,-0.000613724286953151,-2.54484927007027e-05,0.000122742617241425,0.000137119182480209,0.000126194970759879,-2.5174363362118e-05,-7.70268540641462e-17,0.000545146843972391,6.41906198920178e-17,0.000126512373659739,6.73102113539177e-16,-0.000153835118626811,0.0411712913524922,0.00272065092911907,6.01967632108833e-05,0.000108195278846723,1.51794438570331e-16,-3.97804654669881e-16,-2.06582332045191e-16,-1.01560876118621e-16,-3.67978206072341e-16,-5.7527295608676e-05,0.00174619948303587,1.72103341413045e-16,1.85660967173201e-16,5.48076397561692e-17,1.18902833242435e-05,1.09849629410903e-16,-1.36431645257455e-05,9.7398516942499e-17,-1.46277116468043e-16,-2.17291071959636e-15,5.06539549022512e-17,3.28072376746216e-16,0.000246640248898591,0.00148707610941001,-2.012659132891e-16,-6.22072087060484e-16,-7.49133426870233e-16,-5.44849688468071e-17,1.99283652514268e-15,-1.37566046968094e-15,1.96762419343315e-15,-5.31558409565991e-16,2.15576373010585e-15,-9.9244240393167e-16,-2.50605625419352e-15,-2.72750565846975e-15,-0.100000000000001
"t35",-0.162126407280799,-0.13268475499599,-0.0227917990470394,0.0572544585569278,0.0249231072927338,-0.205386369517579,0.00404121651740701,0.0048787030417365,0.000202035875662487,-0.00263914914546981,0.000118934415979902,0.00144747639456316,0.00487672619931502,0.00832823658699142,0.00721459878757266,0.00187711086511375,2.95659706238335e-05,0.0115094193262843,0.0575121477338663,-0.000944107859653392,-0.00139665412667027,0.00102004542662764,-1.11025884347838e-05,-0.000132271143460293,6.26645015373744e-16,-0.260416872240166,-0.0026866568283623,0.00141851477243944,0.000703075153454532,-0.000548975901201018,-0.000421307095472529,-0.0238845581915336,-4.75010185674103e-05,-1.09041977071486e-05,0.000486690763642332,-0.0439256424576537,-9.16498543189496e-05,0.000190785148402284,2.71492516793431e-05,1.88204210194103e-07,1.40519685101394e-05,-6.44737383682935e-06,-1.346145417358e-15,-4.2980000122751e-05,-8.81062384193944e-16,-0.000132544716268177,0.000123192711700777,0.000194656075423554,7.58977111984566e-05,-5.48376510654487e-16,-0.699556286345953,-0.00900834977117433,-0.000155631202170737,0.000180479792867325,0.000178932947881901,0.000163297020907168,-3.09186816406508e-05,-1.10788189049495e-15,0.000590656995693917,4.09353162510502e-16,0.000162345593924598,2.17556728655623e-15,-0.000244168102222432,0.195579970904825,0.545728783838884,2.12476941335464e-05,3.85760012602007e-05,-9.19678062442509e-16,4.88672367519683e-16,-2.80807365643427e-16,6.85955924387043e-16,-9.26580849207178e-17,-2.17712782314502e-05,0.000661629899237434,-1.00735847597769e-16,-1.70813156692255e-16,4.60219860738391e-18,4.56819264902033e-06,4.93496352889037e-16,-5.26430787436215e-06,4.37988805069458e-16,4.66754818258191e-17,7.2080045896608e-16,8.7868241744983e-16,1.37775101460301e-17,9.88109847900995e-05,0.00234844894855432,-7.04800394368434e-16,-7.41610466435213e-16,-8.16741458123533e-16,2.62009244407272e-16,1.68468450922741e-15,-1.39682492736364e-15,2.13821787312523e-15,-8.94311674804044e-16,2.29265947084644e-15,-5.14569589326341e-16,-2.5561546523293e-15,-2.64856407106656e-15,-0.100000000000002
"t85",-0.165767297379871,-0.136601863811365,-0.0235470063993703,0.0596316476090671,0.0261678476078313,-0.221105345224498,0.00438153083727364,0.00531234787363251,0.000225574124105393,-0.00299652636715427,0.000135227508534148,0.0016589828718848,0.00565348921443659,0.00999632157957722,0.00876411018974353,0.0022820691105042,3.60965902285112e-05,0.0140822368501399,0.0709768065715536,-0.00117253620312479,-0.00188056639255727,0.0013819025570818,-1.59993462421358e-05,-0.000203758782648395,3.18799076665788e-16,-0.41513682580817,-0.00441905924464343,0.00251256344717899,0.00135607996894444,-0.00107167765472212,-0.000876154562814852,-0.0567059475487293,-0.000131261596757189,-3.33637119976167e-05,0.00152504818824564,-0.150077343536829,-0.000359380080041576,0.00076861723550389,0.000140853494467373,4.43415848697285e-06,-8.80154903585818e-05,3.9863156138524e-05,5.20417042793042e-16,8.71580414036477e-05,-4.29192986231051e-16,0.000231899347781387,-0.000191327625231459,-0.00019205330964508,-7.00141509693721e-05,4.3897871551156e-16,0.412034343876128,0.00493422961820571,8.19623774275303e-05,-7.0648462648455e-05,-6.47355617461413e-05,-5.86834227765208e-05,1.06039826788559e-05,-1.46706114839677e-16,-0.000164375996471178,-2.56380423530334e-17,-3.1838879063281e-05,-1.54327990142069e-15,4.36364874607442e-05,-0.0304132149426662,0.125815888366487,-2.91428421016011e-07,-1.23978795512027e-07,-2.26605342242089e-16,-7.68742084150763e-16,2.33790170175507e-16,-3.09635613651294e-17,2.2342261735867e-16,-4.4216856025201e-06,0.000143576717846529,4.14153907846245e-16,4.43411691859001e-16,-3.51517982021989e-16,1.46183350380676e-06,-3.9102965855532e-16,-1.79010293214489e-06,-1.39717788282353e-16,-3.8005693370234e-16,-4.24703342128431e-15,-1.07205942344123e-15,-8.36651764654064e-16,3.97571169947977e-05,0.000946698485922567,2.98750587117907e-16,-6.52477882350874e-15,-4.48250558830528e-15,1.76933939677257e-14,-0.707106781186546,-1.95254652016981e-15,-2.76665712088788e-15,9.49440291488844e-15,5.55032182872717e-16,-1.34225369661454e-15,-3.91849030956154e-15,3.07015494081123e-15,-0.100000000000013
"t86",-0.165767297379871,-0.136601863811365,-0.0235470063993703,0.0596316476090672,0.0261678476078313,-0.221105345224498,0.00438153083727361,0.00531234787363256,0.000225574124105331,-0.00299652636715417,0.000135227508534204,0.00165898287188493,0.00565348921443659,0.00999632157957724,0.00876411018974346,0.00228206911050424,3.60965902285477e-05,0.0140822368501398,0.0709768065715535,-0.0011725362031248,-0.00188056639255737,0.00138190255708171,-1.59993462421249e-05,-0.000203758782648293,6.7101361101144e-16,-0.41513682580817,-0.00441905924464345,0.002512563447179,0.00135607996894438,-0.00107167765472221,-0.000876154562814846,-0.0567059475487294,-0.000131261596757159,-3.33637119975616e-05,0.00152504818824569,-0.150077343536829,-0.000359380080041585,0.000768617235504247,0.000140853494466965,4.4341584865843e-06,-8.80154903585785e-05,3.98631561385034e-05,1.22818422099158e-15,8.71580414035458e-05,1.3285742009531e-16,0.000231899347781622,-0.000191327625231662,-0.00019205330964535,-7.00141509689286e-05,4.01327820309038e-16,0.412034343876128,0.00493422961820576,8.19623774280581e-05,-7.06484626484484e-05,-6.4735561746715e-05,-5.86834227763716e-05,1.06039826788513e-05,-3.00667162226785e-16,-0.000164375996471228,2.61934016468632e-17,-3.18388790635231e-05,-1.55636111319146e-15,4.36364874605572e-05,-0.0304132149426657,0.125815888366489,-2.91428420768535e-07,-1.23978795198746e-07,-9.13397850144474e-17,-3.10849844462595e-16,-1.75604555964809e-16,-3.43213787043412e-16,3.03219897253603e-16,-4.42168560256884e-06,0.000143576717846898,6.05307437043118e-18,1.27487222334555e-16,4.88991643087319e-16,1.46183350276239e-06,6.22046863105759e-16,-1.79010293238446e-06,-7.941999994297e-17,-5.62442921618222e-17,-3.33497259480635e-16,7.04297415977916e-16,1.04262686324976e-15,3.97571169929105e-05,0.000946698485924171,-1.44985498513606e-15,4.43867347609902e-15,3.17344010269196e-15,-1.78268039263754e-14,0.707106781186549,-6.78681171041994e-16,7.34544587401403e-15,-1.07306021876791e-14,3.86228485211763e-15,-2.33003171285266e-16,-1.3957712831055e-15,-8.46296927680728e-15,-0.0999999999999853
"t41",-0.16302498813375,-0.133652110237931,-0.0229783612358429,0.0578421313824593,0.0252310440890183,-0.209283609704259,0.00412564304361537,0.0049863230150096,0.000207889857026179,-0.00272815271741695,0.000122992617094821,0.00150019175669622,0.00507050351811903,0.00874551542963248,0.00760257533612665,0.00197851304800883,3.12017775418536e-05,0.0121539724957048,0.0608875780678387,-0.00100139946922673,-0.0015187342387224,0.00111137250229134,-1.23435788358221e-05,-0.000150464547628925,5.35999994204321e-16,-0.299873481984749,-0.0031292558710805,0.00169916756899498,0.000871316522560412,-0.000683724407202146,-0.000538910545093994,-0.0324185888878242,-6.94022986441647e-05,-1.67962858777928e-05,0.000759294551161369,-0.0718638534386736,-0.000162365873456602,0.000343507269781992,5.73599357693809e-05,1.33255694923037e-06,-1.39917869297184e-05,6.2793033084757e-06,-8.67361737988404e-16,-6.06458322837053e-06,8.20163292825991e-16,-2.83849005721069e-05,3.26755134610105e-05,7.93420030285146e-05,3.20923013881328e-05,-4.51454858419968e-16,-0.345623516139887,-0.0045145443780995,-7.85181038889618e-05,9.37765107564178e-05,9.31525647620493e-05,8.50170308713824e-05,-1.60953291509999e-05,1.43400971821971e-15,0.000304119334149722,-1.80648405648492e-16,7.87613871705574e-05,6.30733363774332e-15,-0.000115495215864244,0.0883512267966382,-0.81837269549706,2.18815374369232e-05,3.88288848437563e-05,1.07432763598604e-15,-9.07331137353012e-18,-3.65832710509937e-16,2.18648478847904e-17,-1.51193095364391e-16,-1.87148065269055e-05,0.000568092362801601,3.29453477589983e-16,8.81372423966378e-16,3.00344253874918e-16,3.93501879564622e-06,8.14475023538422e-17,-4.54494507053658e-06,4.3090489412085e-16,-1.68622824684807e-16,-3.95588862088887e-15,5.33788901466712e-16,9.40937553941832e-16,8.6091569281138e-05,0.00204640654796194,1.30634919419104e-16,-4.62235930676026e-16,-7.91468850685732e-16,-4.60895982349053e-16,2.74521822819622e-15,-1.51053623605297e-15,1.81879065469517e-15,-5.70735540767301e-17,1.94271048905626e-15,-6.21364548550194e-16,-2.2635693223905e-15,-2.69328125580376e-15,-0.0999999999999982
"t89",-0.169180673771595,-0.14036350817647,-0.0242812699911281,0.0620107825013772,0.0274507904818075,-0.238925716563454,0.00477838988636159,0.00582690473077978,0.000256614386413485,-0.00350477996657836,0.000158548823081871,0.00197334412951386,0.00687405630661361,0.0131517198690674,0.011909948605808,0.0031081766843304,4.97695982691771e-05,0.0195425306081056,0.101176570382615,-0.00170698412657182,-0.0042466085813886,0.00330088737953118,-0.000158226538783442,0.000398010563178723,-6.58297113237891e-16,0.388859542382387,0.0023227954791891,-0.000225351315270599,0.000163691398708569,-0.000150264982746927,-0.000192848216564123,-0.0179884007629995,-4.93256293799377e-05,-1.33520604904182e-05,0.000617377298407003,-0.062891658948871,-0.000156552697814539,0.000336821280707082,6.42018701679132e-05,2.13501491603035e-06,-4.29837007457493e-05,1.94664445527572e-05,5.55111512312578e-16,4.05912664016611e-05,2.57776123147197e-16,0.000105842307970592,-8.5475866642345e-05,-7.35274020112738e-05,-2.57705068571869e-05,3.44907024228116e-16,0.0842527064050314,0.000799550012746909,1.11769562380577e-05,1.02576094941001e-05,1.66650741735025e-05,1.57276356461781e-05,-3.67551611270338e-06,-3.02505892630507e-16,0.000138356126428589,1.51879820857848e-17,9.07018274620841e-05,5.09046316494815e-15,-0.000174368758826353,0.213914976830348,-0.00368884982805724,-2.28976809073317e-06,-3.50231759052562e-06,2.2903637834404e-16,-5.83605918235129e-16,-3.81139272981173e-16,-4.08201239683874e-16,6.95470429483411e-16,-3.64543760678349e-06,0.000120464367980229,4.43067177972429e-16,7.26458671340505e-16,9.29367889650403e-16,1.36696990706569e-06,-5.55343474327682e-17,-1.73923745668534e-06,-6.76737849114564e-17,3.06500913528724e-16,-1.21957100526213e-14,-1.76253055071805e-15,2.25563417072314e-15,0.000480641954047371,0.399921420487824,1.39302612770344e-14,-2.17052734348358e-15,-1.6042746607724e-15,3.24401454049773e-14,6.59504049072648e-15,-5.39235958980784e-14,-0.707106781186546,-4.17547584692955e-13,-2.50564996628328e-15,-4.19535359625216e-15,-9.99209693921641e-16,-1.47996733358668e-14,-0.100000000000011
"t90",-0.169180673771595,-0.14036350817647,-0.024281269991128,0.0620107825013771,0.0274507904818075,-0.238925716563454,0.00477838988636156,0.00582690473077975,0.000256614386413587,-0.00350477996657836,0.000158548823081931,0.00197334412951371,0.00687405630661352,0.0131517198690674,0.0119099486058081,0.00310817668433046,4.9769598269335e-05,0.0195425306081055,0.101176570382615,-0.00170698412657186,-0.00424660858138875,0.00330088737953109,-0.000158226538783482,0.000398010563178716,-5.18771931863945e-16,0.388859542382388,0.00232279547918911,-0.000225351315270606,0.000163691398708743,-0.000150264982746805,-0.000192848216564129,-0.0179884007629993,-4.93256293800295e-05,-1.33520604903357e-05,0.000617377298406963,-0.0628916589488708,-0.000156552697814585,0.000336821280707111,6.42018701683736e-05,2.13501491557226e-06,-4.29837007460279e-05,1.94664445527e-05,-8.53483950180589e-16,4.0591266401546e-05,6.74109757469196e-16,0.00010584230797061,-8.54758666418101e-05,-7.35274020116335e-05,-2.57705068570961e-05,-5.72991417422598e-17,0.084252706405031,0.000799550012747145,1.11769562379179e-05,1.02576094939192e-05,1.6665074173602e-05,1.57276356462876e-05,-3.67551611272486e-06,-7.58065707876701e-16,0.000138356126428471,-2.09974270634856e-17,9.07018274620304e-05,4.45710818609255e-15,-0.000174368758826362,0.213914976830349,-0.00368884982805767,-2.28976809082705e-06,-3.50231758961033e-06,1.11011887753733e-16,-5.28182259667962e-16,4.99904291112427e-19,-1.26842871629847e-17,-3.10669186583137e-16,-3.64543760616594e-06,0.000120464367980433,3.23518300723024e-16,8.2405692544822e-16,2.45171427124714e-16,1.36696990758722e-06,1.04774771099383e-15,-1.73923745746018e-06,1.40749381759663e-15,-7.97977538437993e-16,-1.65672132120828e-14,-2.70622012163518e-15,-1.60939160335822e-15,0.000480641954047707,0.399921420487824,1.48045579337896e-14,-1.68133537710542e-15,2.52631097818479e-15,-2.99474496850526e-14,-3.70066509096773e-15,5.2734394721895e-14,0.70710678118655,4.18036799256167e-13,1.0289672346513e-14,3.36763535926859e-15,-3.24286270850935e-15,7.73897897563768e-15,-0.0999999999999807
"t78",-0.16884591513962,-0.140002593221962,-0.0242116042404165,0.0617908289160985,0.0273352215691837,-0.237446239736415,0.00474620654631124,0.00578576835908058,0.000254333318159799,-0.00346951994736638,0.00015693866992744,0.00195223523081959,0.00679531995263346,0.0129721851573238,0.0117387678584664,0.00306335717648995,4.90394966308969e-05,0.0192533539468196,0.0996288390130324,-0.00168025387801893,-0.00416207083572918,0.0032342005529032,-0.000154586721400897,0.000387782591982308,-6.46030918380081e-16,0.378374782684735,0.00225762607910436,-0.000218494409125307,0.000158317934879219,-0.000145285108877489,-0.00018615677097483,-0.0173134639973761,-4.73445620395553e-05,-1.27959053922757e-05,0.000591463770933147,-0.0601837559830731,-0.000149577823088044,0.000321725778524085,6.11898952638804e-05,2.02378967489351e-06,-4.04865711624839e-05,1.83344380920455e-05,9.08995101411847e-16,3.79066996809619e-05,5.53836486023494e-16,9.86703389888737e-05,-7.95624149517032e-05,-6.79772496274484e-05,-2.37983189866358e-05,-1.63061682466645e-16,0.0771716045708522,0.000731329967504995,1.02155484057294e-05,9.32151197079035e-06,1.51214227968797e-05,1.42689965830936e-05,-3.33169042122291e-06,-2.5861059047559e-16,0.000124934715848805,-2.08611742882664e-16,8.14368421261828e-05,3.90473592424164e-15,-0.000156350313485776,0.191463392698895,-0.00325568291491784,-1.98554285733816e-06,-3.03186060937634e-06,5.57889842952642e-17,1.53808694890283e-16,-4.25272438591602e-16,-2.71120650020056e-17,-1.42774536822387e-16,-2.89686272980067e-06,9.44581102500172e-05,-3.32685907305054e-16,-7.44806182220507e-16,-8.34774913788587e-16,8.30714672919623e-07,-9.69294176228587e-16,-8.97114210352754e-07,-9.31801550294602e-16,4.02918473271925e-17,2.30815736092871e-14,4.78778856644107e-15,1.55731385051707e-16,-0.000893352113834673,-0.824546184447601,-3.09132771700466e-14,1.67712364926034e-15,-2.96123573642942e-15,-3.31768464616887e-15,2.85961933777689e-15,-3.01859651679735e-15,1.86914318576639e-15,-2.23915521729592e-15,-1.85192121465234e-15,-1.14932702641479e-15,-3.28842603912691e-15,-9.7909960301943e-16,-0.100000000000012
"t42",-0.164192125018661,-0.134964427500053,-0.0232370845441753,0.058699349005445,0.0257032796655343,-0.216258105091762,0.00428349797038505,0.00519295657895954,0.000221022003338443,-0.00295016195098231,0.0001332055150849,0.0016398501075617,0.00562355663124844,0.0102559256538715,0.0091346787620641,0.00238129631940458,3.79076941641101e-05,0.0148400046783902,0.0759172344567113,-0.00126960149087324,-0.00281952558757975,0.00217265454496724,-9.53255218512297e-05,0.000217523430233402,-2.0990667310801e-16,0.2019836545267,0.00115106440190748,-9.96737112788519e-05,6.32265656465279e-05,-5.69135080258163e-05,-6.57481905277401e-05,-0.00485190262389779,-9.85296600341845e-06,-2.12017234766337e-06,9.25034051974187e-05,-0.00749416587138418,-1.1857966021631e-05,2.28821926718609e-05,2.98567997326828e-07,-3.49069072775551e-07,1.64288098998503e-05,-7.48335242387604e-06,-1.94289029309402e-16,-2.94541007021154e-05,-1.43744729494741e-15,-8.50313873096842e-05,7.47130547897326e-05,8.97882599068485e-05,3.31069459071186e-05,-1.33215201977741e-16,-0.151998928813189,-0.00152311045958156,-2.19242162374565e-05,-2.49773149398703e-05,-4.28934435835299e-05,-4.06703746841687e-05,9.81682707804276e-06,2.24197219738829e-15,-0.000424701976998378,5.0415587767154e-16,-0.000342629483506949,-1.90309862225673e-14,0.000691409645025014,-0.906735606032403,0.0272300918078567,4.48877513333017e-05,7.8670815025002e-05,-6.8429001708866e-16,-1.27554050880507e-16,1.94821728166868e-16,8.59604944460216e-16,-4.1477021367368e-16,-2.80581839763814e-05,0.000837072320816975,8.44949877895289e-17,5.17610004280476e-17,-9.18795924807327e-17,5.18253176610257e-06,9.19593593813142e-16,-5.87497539581667e-06,3.77530336189773e-18,-1.97130067143724e-16,-9.58639088275946e-17,2.25433299060821e-16,9.63941247400256e-16,0.000119611269218631,0.0153017754158296,3.52704141478157e-16,-1.50349749565865e-15,-8.66616663721062e-16,-1.19140923034851e-16,2.56366812934666e-15,-1.41358161838223e-15,2.56298093161528e-15,-3.79276192170003e-16,2.76549200113621e-15,-1.10223414319937e-15,-2.73875471536857e-15,-3.10177179920398e-15,-0.1
"t73",-0.162095917520271,-0.131969577204065,-0.0225700924951329,0.0557388537664761,0.0234402354759367,0.308102441431453,0.00882608732288144,0.00846066782906823,0.000277897285601611,-0.00356910691188046,0.000160778935155457,0.00195537305467311,0.00660113854995577,0.0113323074506108,0.00973575092990743,0.00253059817853403,3.960179274177e-05,0.0153502432233282,0.0747443048801486,-0.00118737596058828,-0.0050683858633965,0.00373211829784676,-0.000124137551088806,0.000151632661415095,-6.2889659206051e-17,0.00795117230470155,-0.00125269225010685,0.001630830288345,0.00126328922904467,-0.0010427155735318,-0.00108253912974699,-0.172258791788351,0.000232383219276444,1.82520264309408e-05,-0.00065731659114448,0.0243955893731622,-1.94417881885548e-05,6.37406286096415e-05,3.73888392163829e-05,4.13692683792565e-06,1.67942527589968e-05,-7.36380612172922e-06,-8.88178419700125e-16,6.43339311090869e-06,2.26421100574441e-17,1.89581160195315e-05,-1.62077384361724e-05,-1.32115502349165e-05,-4.40031431574652e-06,-1.43488902999082e-16,0.000353409882169119,-6.18248017069483e-05,-1.64788921820195e-06,5.87808903085928e-06,6.53348346331099e-06,6.01123084779756e-06,-1.19711490310032e-06,4.90718202942625e-16,2.56859532708587e-05,-1.56303493170115e-16,5.49638781971604e-06,7.23760348240502e-16,-6.13382563698195e-06,0.000230365539791344,1.45169664579118e-05,1.68435593338973e-06,2.77769466776366e-06,-6.21656554930441e-16,-2.2613390829929e-17,5.74153419128491e-16,1.22503506638897e-15,-3.53579711343864e-15,6.74517622383531e-05,-0.556048639352007,-9.28050349168979e-16,1.80556072117239e-15,1.38243409128576e-15,4.13839763058384e-06,1.4925028445166e-16,-4.42902548857242e-06,1.47525519800055e-15,-1.57967955812692e-15,-4.59098098990235e-15,5.57055932194812e-14,0.707106781186547,0.0371900951932507,2.74776947387649e-05,3.71491123751847e-15,-3.35621659089649e-15,-2.17251263464504e-16,-7.65399584242429e-16,1.21940545689696e-15,-2.0466014441401e-15,4.18208033635864e-15,2.24197274698177e-15,2.61523197367969e-15,-1.11317569003355e-15,-1.9325487297315e-15,-2.50202504042725e-15,-0.1
"t74",-0.162095917520271,-0.131969577204065,-0.0225700924951329,0.0557388537664761,0.0234402354759367,0.308102441431453,0.00882608732288141,0.00846066782906822,0.000277897285601539,-0.00356910691188054,0.000160778935155442,0.00195537305467314,0.00660113854995567,0.0113323074506106,0.00973575092990746,0.00253059817853398,3.9601792741685e-05,0.0153502432233284,0.0747443048801487,-0.00118737596058813,-0.00506838586339655,0.00373211829784676,-0.000124137551088833,0.00015163266141511,-2.3056876227643e-17,0.00795117230470174,-0.00125269225010718,0.00163083028834501,0.00126328922904458,-0.00104271557353186,-0.00108253912974694,-0.172258791788351,0.000232383219276724,1.82520264313336e-05,-0.000657316591144539,0.0243955893731623,-1.94417881885645e-05,6.37406286091789e-05,3.73888392170742e-05,4.13692683759202e-06,1.6794252758922e-05,-7.36380612185218e-06,-7.7715611723761e-16,6.43339311089347e-06,7.81532612715789e-17,1.89581160197792e-05,-1.62077384366179e-05,-1.32115502346975e-05,-4.40031431570027e-06,-4.42434422423215e-16,0.000353409882168705,-6.1824801707096e-05,-1.64788921865384e-06,5.87808903065642e-06,6.53348346342685e-06,6.01123084875805e-06,-1.19711490373112e-06,4.90709082253742e-16,2.56859532704701e-05,-1.35490316719897e-16,5.49638781984254e-06,1.13388072011584e-15,-6.13382563756019e-06,0.000230365539790528,1.4516966456915e-05,1.68435593332823e-06,2.77769466621111e-06,-1.63689493675029e-16,-5.77725196103273e-16,8.10075811593314e-16,2.79322508867281e-15,-1.81321670179367e-15,6.74517622399886e-05,-0.556048639352006,-4.13188450595557e-16,3.30693160407081e-15,2.16094502768696e-15,4.13839763430782e-06,2.46394757232028e-16,-4.42902549178857e-06,-1.08103709196255e-15,1.95592483058326e-15,-1.10765625014093e-15,-5.07092836908452e-14,-0.707106781186548,0.037190095193249,2.74776947389832e-05,-4.88931710727796e-15,3.05879083578498e-15,-1.59813981736539e-15,-9.06014871655922e-18,3.09041860258251e-15,-8.33206671777008e-16,2.72566019432785e-16,-3.10915610204556e-15,2.50420942359546e-15,2.88024545429085e-18,-3.37368215803696e-15,-2.81987444624036e-15,-0.100000000000005
"t77",-0.163027457160312,-0.132959595133093,-0.0227594545143207,0.0563200205269347,0.0237318129307836,0.313827238908408,0.00900522692149868,0.00864112656007623,0.000285469714901887,-0.00368021731859381,0.000165835306927766,0.00202043030005391,0.00683775740031857,0.0118252121602455,0.0101842745026288,0.00264760855993878,4.14684902934476e-05,0.0160808746040519,0.0784375036440946,-0.00124761580135118,-0.00540727702560045,0.00398601340568071,-0.00013399143175594,0.000165405049529512,-7.89718011084504e-17,0.0087176234789248,-0.00137960245870931,0.0018139841783373,0.0014198512781449,-0.00117356737085603,-0.00122691423023729,-0.197796188776154,0.000270247856550741,2.13835130594899e-05,-0.000771333869084827,0.0287852357787718,-2.31186704709759e-05,7.59008806210222e-05,4.50240026087563e-05,5.13016227367878e-06,2.16161689811703e-05,-9.48159753611012e-06,1.49880108324396e-15,8.75970120970496e-06,-1.86535421540979e-16,2.61347176156802e-05,-2.2593420432973e-05,-1.94217849876345e-05,-6.53019603949325e-06,-9.74933092930713e-17,0.000564963858384043,-0.000100213231471171,-2.69174335389332e-06,1.02184168983643e-05,1.15590813018653e-05,1.06512087321436e-05,-2.14372818483675e-06,-1.7481191656848e-16,4.82720841231669e-05,-3.96365023007352e-17,1.11940174849073e-05,-5.00480621758854e-16,-1.27479565052803e-05,0.000492763664822123,4.11339667569744e-05,9.15514727071615e-06,1.67205791533096e-05,4.56007043701154e-16,-4.673385450941e-16,-9.01802597798184e-16,-1.2987956136146e-15,-2.79085620352847e-16,-4.77560359686977e-05,0.296814516254192,7.05063189788953e-16,-1.34446489715187e-15,-1.87490023557107e-15,4.44197838197684e-07,2.85286539134195e-15,-6.3088449358972e-07,-2.57659905823654e-15,-8.06630517017661e-16,5.59523855040681e-15,2.6854762364164e-15,1.673204808846e-15,-0.841389000709317,0.000979462644177349,2.36804720964576e-15,-2.06684877210775e-14,-2.97320098092178e-15,6.66097528767269e-15,7.58009064394519e-16,-2.64000718328428e-15,2.26727450926361e-15,1.36922348151569e-15,1.27027786435574e-15,-1.46718634412642e-15,-1.64633301095819e-16,-6.9170264623627e-16,-0.0999999999999973
"t91",-0.163361050567941,-0.133313363999296,-0.0228270467178454,0.0565269521036049,0.0238353805160969,0.315845887286555,0.00906826758506693,0.00870455522868471,0.000288113305737074,-0.00371883775670208,0.000167592208147418,0.00204298956637941,0.00691957507081872,0.0119942451730869,0.0103376688430328,0.0026876188159494,4.21061814842826e-05,0.0163303483473028,0.0796961571017646,-0.00126811753929652,-0.00552075652121009,0.00407093488321983,-0.000137251803626211,0.000169914329011449,-4.82634094972277e-17,0.00896732819276506,-0.00142077128194722,0.00187284284427014,0.00146968501973431,-0.00121516518698579,-0.00127252469910062,-0.20577220990376,0.000281947052602312,2.23451503016908e-05,-0.000806300782883479,0.0301254408333786,-2.42343073029524e-05,7.95864700140657e-05,4.73179047209747e-05,5.42209276785279e-06,2.29971777115769e-05,-1.00879876682126e-05,1.59594559789866e-15,9.40265004357348e-06,-1.55812234682203e-16,2.81037268070034e-05,-2.43341707826314e-05,-2.10663280784431e-05,-7.09147058297845e-06,1.7358021597196e-16,0.000618759356888684,-0.000109914889283481,-2.95466346906614e-06,1.12838579322177e-05,1.27843599506456e-05,1.17818165926522e-05,-2.37346355747543e-06,2.52578494114924e-18,5.36585934182741e-05,1.82160312779854e-16,1.25173651045571e-05,-6.58856590196841e-16,-1.42746868077973e-05,0.00055281968564364,4.68275873435596e-05,1.06162840759779e-05,1.94234378705431e-05,-7.26908637840526e-17,1.05933727044312e-16,-6.14824407329268e-16,-1.50481883625278e-15,3.03807005993459e-15,-6.06933754267595e-05,0.382574550350866,7.09542839131265e-16,-7.75667925797724e-16,-1.15842126944586e-15,7.52139090853313e-07,-7.87319464685992e-16,-1.2788379215772e-06,1.37771140275644e-15,-5.06896918357582e-16,-3.6196723029991e-15,-5.02842053753956e-15,2.78360758057492e-15,0.380319523371716,-0.00039776314215068,-1.3144586020902e-15,9.65025756280256e-15,2.58056567346449e-15,-1.54137564060209e-14,-7.71713567895831e-15,-7.54733470313499e-14,4.12023658969691e-13,-0.707106781186549,-1.20307509616757e-14,4.99993058442057e-16,2.29933380923863e-15,-9.94989382837112e-15,-0.099999999999996
"t92",-0.163361050567941,-0.133313363999296,-0.0228270467178454,0.0565269521036049,0.0238353805160969,0.315845887286555,0.00906826758506693,0.00870455522868465,0.000288113305737039,-0.00371883775670215,0.000167592208147439,0.00204298956637941,0.0069195750708187,0.0119942451730869,0.0103376688430329,0.0026876188159494,4.21061814842322e-05,0.0163303483473028,0.0796961571017645,-0.00126811753929656,-0.00552075652121021,0.00407093488321989,-0.000137251803626211,0.000169914329011391,-7.14791527085478e-17,0.00896732819276505,-0.00142077128194727,0.00187284284427017,0.00146968501973457,-0.00121516518698568,-0.00127252469910054,-0.20577220990376,0.000281947052602179,2.23451503016955e-05,-0.000806300782883524,0.0301254408333787,-2.4234307302974e-05,7.95864700144148e-05,4.73179047210683e-05,5.42209276824127e-06,2.29971777115792e-05,-1.00879876683712e-05,1.31838984174237e-15,9.40265004358757e-06,-8.29538487139035e-17,2.81037268068582e-05,-2.43341707826846e-05,-2.1066328078372e-05,-7.09147058358191e-06,-3.53838046766041e-17,0.000618759356888696,-0.000109914889283481,-2.95466346892491e-06,1.12838579324025e-05,1.27843599504324e-05,1.17818165924339e-05,-2.37346355741408e-06,-5.18874997270613e-16,5.3658593418209e-05,1.59296036892336e-16,1.25173651046662e-05,-6.1803231528515e-16,-1.42746868076975e-05,0.000552819685643917,4.68275873444127e-05,1.0616284075691e-05,1.94234378710308e-05,3.43659380101405e-16,-2.4098810243794e-16,-3.78902017861951e-16,-7.97051658053774e-16,2.59918502051246e-15,-6.06933754274909e-05,0.382574550350867,5.5448422520046e-16,-1.36670576500083e-15,6.81617697097293e-17,7.52139091643338e-07,-1.29732762618432e-15,-1.27883792184822e-06,1.50613145320456e-15,3.4930062555382e-16,-6.25645198648385e-15,-1.75326261489901e-15,-2.4846060893017e-15,0.38031952337172,-0.000397763142153556,-1.95283580679576e-15,6.62489983466605e-15,-1.5051391377796e-15,8.89665838631811e-15,1.24613250390534e-14,7.39425470239898e-14,-4.07981841505531e-13,0.707106781186546,1.64256524307936e-14,-1.6006542532341e-15,-9.43150732939852e-15,2.46135173483468e-15,-0.100000000000004
"t31",-0.148213163688429,-0.117108943780321,-0.0197172955698515,0.0469096135942456,0.0189734454539359,0.218120381107722,0.00598990623242672,0.00559107448287022,0.000154396804506166,-0.00172626556876745,7.67993730636556e-05,0.000866230442270627,0.00259479327570109,0.00269734447149637,0.00178635917148128,0.000455183353725252,6.35673879464602e-06,0.00231070933504711,0.00828382126035432,-9.67409794467892e-05,0.00155148561218876,-0.00125550218460449,8.05933834410994e-05,-0.000151833269048835,2.77796689089739e-16,-0.00944214804236754,0.00170475297957009,-0.00290681823316669,-0.00288775487740318,0.00245928050507246,0.00297259140021056,0.617601003597599,-0.00106548314186544,-9.62339874729711e-05,0.00357232008815642,-0.147019601603825,0.000135583813930194,-0.000456368797584567,-0.00033202378759058,-6.84752870890504e-05,-0.000940143613430742,0.000420126551348049,-9.0205620750794e-16,0.000314093893745389,1.35987338666614e-15,0.000718414396028112,-0.000520295025134504,-0.000273361028336659,-8.6896931204281e-05,1.58570156862017e-16,0.00556045277055886,-0.000948513428199012,-2.49680433991349e-05,8.29602443224674e-05,9.10498283252604e-05,8.36904106901633e-05,-1.65616946741474e-05,1.47651033154238e-15,0.000348486024771968,3.63760146333134e-15,7.39971141113694e-05,0.707106781186548,-8.27129465321825e-05,0.00311960791407262,0.000220849358287798,4.13451412266912e-05,7.43269610550301e-05,-1.94538497854106e-16,-2.59383264599928e-16,-5.00834231052495e-16,-3.3570763856073e-17,-7.95198198715288e-16,-4.25090157053998e-05,0.0198295018382247,3.40601834855302e-16,5.73121159626918e-17,3.1112771369793e-16,8.35050229763574e-06,-2.49982401085342e-18,-9.6324987690003e-06,1.70061170151158e-16,-2.26692560391685e-16,-1.0829009693264e-15,3.3642437294642e-17,5.52011251250103e-16,0.00234804096924481,0.000168795843440164,-2.08293792506439e-16,-7.65483967766107e-16,-7.88209743668399e-16,8.9383910162438e-17,1.9937344798369e-15,-1.37837768705142e-15,2.45152057996565e-15,-4.61123716041996e-16,2.17881592387172e-15,-7.65519496071286e-16,-2.62205762084699e-15,-2.7265732641668e-15,-0.0999999999999986
"t32",-0.148213163688429,-0.117108943780321,-0.0197172955698514,0.0469096135942455,0.0189734454539359,0.218120381107722,0.00598990623242683,0.00559107448287024,0.000154396804506129,-0.0017262655687675,7.67993730635294e-05,0.000866230442270629,0.00259479327570102,0.00269734447149631,0.00178635917148132,0.00045518335372529,6.35673879464255e-06,0.00231070933504703,0.00828382126035421,-9.67409794468876e-05,0.00155148561218882,-0.00125550218460437,8.05933834412111e-05,-0.00015183326904901,2.62278120862323e-16,-0.00944214804236731,0.00170475297957026,-0.0029068182331668,-0.00288775487740371,0.0024592805050723,0.00297259140021062,0.6176010035976,-0.00106548314186548,-9.62339874730327e-05,0.00357232008815648,-0.147019601603826,0.000135583813929642,-0.000456368797584389,-0.000332023787590598,-6.84752870865384e-05,-0.000940143613429707,0.00042012655134739,-1.18655085756814e-15,0.000314093893745269,-1.27690629681832e-15,0.000718414396028215,-0.000520295025135567,-0.000273361028337927,-8.68969312082292e-05,2.03936398541139e-16,0.00556045277055755,-0.00094851342820046,-2.49680433965687e-05,8.29602443169358e-05,9.10498283235101e-05,8.36904106767954e-05,-1.65616946740946e-05,-1.27129165441003e-15,0.00034848602476493,-3.2262906952842e-15,7.3997114049573e-05,-0.707106781186547,-8.27129464401617e-05,0.00311960791410265,0.000220849358280787,4.13451412273462e-05,7.43269610565757e-05,2.82944138842723e-16,-9.28498115204441e-17,-1.12256172447741e-16,-7.52041272786451e-17,5.01507599577375e-16,-4.25090157049621e-05,0.0198295018382223,-2.69290426575668e-17,1.34497511665269e-16,-4.25837826017662e-16,8.35050229789795e-06,2.75055932086251e-16,-9.63249876892727e-06,3.52774881017398e-18,-2.1182514507632e-16,-1.41596787671395e-15,5.74876161797422e-16,2.40239295991617e-16,0.0023480409692448,0.000168795843440599,-6.24627427067848e-16,-5.71194938713646e-16,-6.49431846145498e-16,1.65711743105414e-16,1.96434250934671e-15,-1.4246800982989e-15,1.64239259124965e-15,-4.32068390738629e-16,2.15106034710742e-15,-8.30571528247634e-16,-2.53445243305703e-15,-2.90670316712096e-15,-0.1
"t22",-0.0394079618961711,0.0322689584601295,0.0137948387833123,-0.12331529509411,-0.219700864994365,-0.00254075938379025,0.0184371264791874,0.0175307868620493,0.000305509698180771,0.00122267523813897,-8.90623656649522e-05,-0.00515022293657508,-0.372029449683231,0.0529016707908056,0.0508210347977644,0.0136616337524023,0.000316410002922908,0.24257792769808,-0.0277383978307803,-0.000512107599917098,-0.036158780693028,0.029466410453915,0.000220157847583055,5.3496480693373e-05,6.1808693493057e-17,0.000200609804590723,-0.000969437269589779,0.0326920456022257,0.00010997762869105,-0.000108361156271789,-0.000117713245240565,-0.0005530737195926,-2.50698695819515e-05,-2.82498795414755e-06,0.00233260265199854,-0.000232208706740641,1.65211508860317e-05,-3.99494139473776e-05,-7.50373252363921e-06,9.26850274178342e-06,0.000597391660513933,-0.000270398954854649,-4.70803951380105e-15,-0.00245290885059017,-1.6753548108321e-15,-0.846271222000251,-0.00573406940068978,-0.000761921933730971,-0.000223249983163504,1.57523081766287e-15,0.000625360969844239,-0.00183051016748137,-4.63358810046823e-05,0.000135971614728713,0.000146209711456836,0.000134178009459072,-0.000449907933262289,1.19542473051245e-16,0.000530291125138298,2.37174287857148e-16,0.000106682018059629,6.7400013040324e-17,-0.000116837938486076,0.000270280416262094,1.84992013380625e-05,5.43469201870233e-05,9.74383575299341e-05,2.12175046299978e-17,-3.12605916717886e-17,-2.78788991789401e-16,-1.46277877966892e-16,2.00116600002136e-16,-4.99206025260505e-05,9.96167197083596e-05,1.38019425450149e-16,1.03194603052881e-15,-7.56957244043003e-17,1.03946046957239e-05,2.36415676499691e-16,-1.19543306819303e-05,1.85357388920545e-16,-1.72659838001623e-16,-1.95744500280768e-15,1.04764633732664e-17,2.49775707385865e-16,1.50920845121642e-05,1.4700125348016e-05,-6.54360068169336e-16,-1.01043023000515e-15,-7.32374667130202e-16,-2.58032032928552e-16,2.10793133148675e-15,-1.37879900979669e-15,2.07362394808231e-15,-6.67133405931439e-16,2.15387705469229e-15,-9.32970641313593e-17,-2.59827751672865e-15,-2.60019487423688e-15,-0.0999999999999999
"t57",-0.0401233076892989,0.033040072950153,0.0141650983949888,-0.127469616726842,-0.228618879693734,-0.00269964732907614,0.0197077196719247,0.0188071816483398,0.000334828487242631,0.00135957863377356,-9.91541883014927e-05,-0.00577384810252926,-0.421265948283625,0.0617800001741853,0.0599941605310439,0.0161390568828255,0.000375219952039495,0.288232406717429,-0.0332179251591318,-0.000616825232388072,-0.0469811659818939,0.0385119833059254,0.000305746793150118,7.95396035821286e-05,-7.51254518706444e-18,0.000309249654668861,-0.00154573052082836,0.0566177499098279,0.000210569285101576,-0.000210539448958657,-0.000247563919936615,-0.00139103796194207,-7.94915912521699e-05,-1.06855120789622e-05,0.00922256465419345,-0.00109092400913722,0.000107430335093875,-0.000279651284282264,-0.000148309957495565,-4.00957753558053e-05,-0.000848651637531235,0.000381108629421072,2.19269047363468e-15,0.00131449143411448,7.01321562163281e-16,0.376138713100594,0.00215561263414652,0.000119959729666492,2.91424393305746e-05,-8.90833387571561e-16,1.07030047283372e-05,-6.64358999892719e-05,-2.13955479926646e-06,1.50362391410719e-05,1.82639228172353e-05,1.69181836451496e-05,-6.03026865317307e-05,1.5769385575974e-16,8.76985621253318e-05,-1.00258998346627e-16,2.1821167288121e-05,1.69745513179159e-16,-2.48346406054673e-05,6.02590116184285e-05,5.30395380665244e-06,1.84614550726976e-05,3.34933704797031e-05,-8.39182743371496e-17,-6.73218639022662e-16,1.1290209366104e-15,-1.30498533000435e-15,2.13055249847955e-15,-2.24390323891538e-05,4.55811062839132e-05,9.71121156021986e-15,0.707106781186547,-2.93584150208621e-15,5.39808529858798e-06,-6.19843046365573e-16,-6.35609679838208e-06,-2.53151943467185e-16,-3.43292084514075e-16,9.19275267061099e-16,-3.71903602160392e-15,1.23120790392218e-15,8.61595838623311e-06,8.39932515496844e-06,1.39995079180723e-16,-1.05365154427106e-15,-1.10434082312097e-15,1.56481899709761e-15,2.07450654256343e-15,-1.56241672268957e-15,2.05269237458485e-15,-2.31045534843103e-16,1.74190274040791e-15,-9.51076894814143e-16,-2.55985095203978e-15,-2.82335279261412e-15,-0.0999999999999979
"t58",-0.0401233076892989,0.033040072950153,0.0141650983949888,-0.127469616726842,-0.228618879693733,-0.00269964732907614,0.0197077196719247,0.0188071816483397,0.000334828487242608,0.00135957863377339,-9.91541883013353e-05,-0.00577384810252923,-0.421265948283625,0.0617800001741853,0.0599941605310439,0.0161390568828255,0.000375219952039508,0.288232406717428,-0.0332179251591317,-0.000616825232388027,-0.0469811659818938,0.0385119833059256,0.000305746793150094,7.9539603581945e-05,1.47715949156728e-17,0.000309249654668719,-0.00154573052082841,0.0566177499098278,0.000210569285101744,-0.000210539448958836,-0.00024756391993657,-0.0013910379619423,-7.94915912522264e-05,-1.0685512078714e-05,0.00922256465419313,-0.00109092400913728,0.000107430335093959,-0.000279651284283029,-0.000148309957495113,-4.0095775354593e-05,-0.000848651637531355,0.000381108629421379,3.05658276467113e-15,0.00131449143411452,8.12343864617885e-16,0.376138713100592,0.00215561263414637,0.000119959729666971,2.91424393298523e-05,-5.87708992472297e-16,1.07030047285366e-05,-6.64358999891253e-05,-2.13955479921143e-06,1.50362391410418e-05,1.82639228183788e-05,1.69181836453529e-05,-6.03026865336758e-05,-6.43510727210067e-17,8.7698562125308e-05,-9.3518660272771e-18,2.18211672875382e-05,1.23176218741863e-16,-2.48346406042704e-05,6.02590116186835e-05,5.30395380562743e-06,1.84614550728346e-05,3.34933704763954e-05,-8.3918271469003e-17,2.76095985389663e-17,-1.20244741428434e-15,1.8799669718905e-15,-2.11605057071168e-15,-2.24390323864175e-05,4.55811062781775e-05,-9.21283377553091e-15,-0.707106781186548,3.20884599874019e-15,5.39808531059433e-06,9.89980327735468e-16,-6.35609679446433e-06,4.17492861353557e-16,1.55112934165861e-16,-4.6006148334971e-15,4.13579187761173e-15,-3.03558670375648e-16,8.61595838696218e-06,8.39932515671655e-06,-6.44099947948409e-16,-6.30379007940612e-16,-3.5493228552035e-16,-1.47441653281377e-15,1.81258944137711e-15,-1.34248542918776e-15,2.12259149738177e-15,-8.45324076574942e-16,2.70987839253037e-15,-1.0521877506738e-15,-2.59669226066872e-15,-2.840741015873e-15,-0.100000000000002
"t29",-0.0425743547893434,0.0358735655639383,0.0155776502914329,-0.14485073404587,-0.269905556068384,-0.00379834485952949,0.029926858909256,0.0301979979797348,0.00105916095069237,-0.0165521680748525,0.00076853159901417,0.0122457710624326,0.308252541258285,0.00907052373201103,0.0149451625856437,0.00410993672966343,0.000105955979210279,0.0851715871306676,-0.0113298226752326,-0.000227806475214241,-0.0261432594400783,0.0217382649507167,0.000191912789326773,5.39526252516674e-05,-9.8447128510353e-17,0.000217042358765472,-0.00111776132172905,0.0439493695762838,0.000178974842563797,-0.000181514881674352,-0.000231953517653318,-0.0016689722293758,-0.000171579376192616,-8.81465700598045e-05,0.348202527250284,0.00288493477150073,-8.25285416749784e-05,0.000181458412435265,2.50456353508681e-05,-5.14086354488601e-06,-0.000150451766352824,6.7511376589907e-05,1.03042574473022e-15,8.1825775083928e-05,-3.59048002053002e-17,0.00334406772281942,-0.000110373009040576,-7.73863100210429e-05,-2.52034012194926e-05,-1.46382147200909e-15,0.000116281576902106,-0.000363697413131526,-9.5477528040214e-06,4.32491157039062e-05,7.35555673427334e-05,7.33498315609813e-05,-0.404348978630116,-3.33713236715246e-15,7.69455546419705e-05,0.707106781186545,2.25285143781724e-05,-3.25385512191799e-15,-2.55826209129107e-05,6.1639008096132e-05,5.0496475628365e-06,1.66117990747313e-05,3.00221981246709e-05,-2.25298605006224e-16,3.76023875503743e-16,-4.61714759144507e-17,-3.74890365563709e-16,1.12804823130652e-15,-1.86138580228473e-05,3.7649510378763e-05,1.65234834963554e-17,8.36170592492123e-16,1.41667452910239e-16,4.34303555007291e-06,2.51114238637387e-16,-5.09337357319199e-06,-3.07870826145995e-18,-2.44568861127376e-16,-7.81511578788294e-16,9.46595495489515e-16,5.32162460186745e-16,6.83476255921309e-06,6.66223600058149e-06,-4.81499815040073e-16,-6.48808441170282e-16,-5.76605014725023e-16,-4.46169109996626e-16,1.95570870606533e-15,-1.18354684783374e-15,2.12382383805809e-15,-5.90694012037553e-16,2.16751868403711e-15,-5.33750184443253e-16,-2.43247855831548e-15,-2.92620087459293e-15,-0.0999999999999999
"t30",-0.0425743547893434,0.0358735655639383,0.0155776502914329,-0.14485073404587,-0.269905556068384,-0.00379834485952951,0.029926858909256,0.0301979979797348,0.00105916095069243,-0.0165521680748525,0.00076853159901407,0.0122457710624325,0.308252541258285,0.00907052373201095,0.0149451625856437,0.00410993672966349,0.00010595597921034,0.0851715871306676,-0.0113298226752326,-0.000227806475214281,-0.0261432594400784,0.0217382649507168,0.000191912789326624,5.39526252520241e-05,-1.01444337435681e-16,0.000217042358765423,-0.00111776132172886,0.0439493695762842,0.000178974842563246,-0.000181514881674296,-0.000231953517653323,-0.00166897222937549,-0.000171579376192552,-8.81465700596671e-05,0.348202527250285,0.00288493477150077,-8.25285416749634e-05,0.000181458412435193,2.50456353509969e-05,-5.14086354430118e-06,-0.000150451766352907,6.75113765900075e-05,-5.27355936696949e-16,8.18257750838867e-05,3.58527950145097e-16,0.00334406772281906,-0.000110373009039956,-7.73863100213966e-05,-2.52034012183547e-05,6.83388534335274e-16,0.000116281576901708,-0.000363697413133974,-9.54775280350137e-06,4.32491156981249e-05,7.35555673433498e-05,7.33498315539279e-05,-0.404348978630104,-7.54210207293772e-15,7.69455546483013e-05,-0.707106781186551,2.25285143845535e-05,3.45578936189987e-15,-2.55826209007593e-05,6.16390080955362e-05,5.04964756339317e-06,1.66117990738261e-05,3.0022198128672e-05,6.96043859169484e-17,-1.28780656213443e-16,-2.54338293041847e-16,7.42271552966084e-16,-1.89730951079703e-15,-1.86138580224784e-05,3.76495103791783e-05,3.64493324469414e-16,7.74794475608059e-16,-6.73422435821428e-17,4.34303555084317e-06,1.90398916936526e-16,-5.09337357354864e-06,2.18966277005185e-16,-1.91089872960107e-16,-1.98714439459217e-15,-1.32402506569613e-16,4.62244212323378e-16,6.83476255944656e-06,6.66223600083814e-06,-4.98847049981771e-16,-1.3288200439714e-15,-7.25791227051926e-16,8.68751284793795e-16,2.01373193021086e-15,-1.46028454553393e-15,2.21086488657758e-15,-4.6506898025983e-16,2.21956038750078e-15,-8.28614118661543e-16,-2.47838891840705e-15,-2.67818843269663e-15,-0.100000000000001
"t26",-0.0425369917576665,0.0358323919312002,0.0155576356274945,-0.144618942935973,-0.269389167477914,-0.00378741726271757,0.0298326342288966,0.0300979695666729,0.00105464940561418,-0.0164712688679099,0.000764735647821901,0.0121816515706248,0.306508580882134,0.00900770852850331,0.0148352133932054,0.00407958409194109,0.000105157440728723,0.0845230710959775,-0.0112400788340043,-0.000225950863376948,-0.0258571911767236,0.0214959095157843,0.000189381505479174,5.31266839025135e-05,-6.26033498262598e-17,0.000213491162732138,-0.00109841925621514,0.0430942091676386,0.000175072382194191,-0.000177498869540439,-0.000226441194335326,-0.00162396998627367,-0.000166387652351159,-8.53029075114689e-05,0.336814240338497,0.00278612033923838,-7.95164803660106e-05,0.000174761082735124,2.40356474556112e-05,-4.88273431246121e-06,-0.000140651248562761,6.31025107164977e-05,7.97972798949331e-17,7.40563225763579e-05,-3.3501671456018e-16,0.00299921497972402,-9.81075361751182e-05,-6.49448554424802e-05,-2.08606661084414e-05,4.42301825210068e-16,7.89199071898373e-05,-0.000229106166680215,-5.70484933490525e-06,-2.42975206774629e-06,-5.46240772812181e-05,-6.17782897686904e-05,0.820340935462315,1.12229774059123e-14,0.000217304967647357,7.34507220423936e-15,3.54534367376769e-05,1.512941422079e-16,-3.83604941251379e-05,8.79115445155243e-05,6.12952404287625e-06,1.90004131941153e-05,3.42249121380978e-05,2.25023673310032e-16,-7.16934856863405e-16,-6.01511252599906e-17,5.33463235526614e-16,-2.87523324826996e-16,-2.00377713696687e-05,4.04138517480484e-05,-9.55232397990564e-17,-9.68402817661674e-16,7.52617985466905e-17,4.57886007779813e-06,1.3798680538526e-16,-5.35416483168509e-06,3.24842865296759e-16,-4.97169633991736e-17,-2.56406436601479e-15,-8.05828963100965e-17,-4.23548181242335e-17,7.12584143719129e-06,6.94532308813326e-06,-3.88574891579463e-16,-9.84772731323997e-16,-8.39192653063189e-16,-3.53981872058141e-17,1.95719539084529e-15,-1.40133576652029e-15,2.11948891892752e-15,-6.22572360038102e-16,2.08778358721688e-15,-8.41213289141304e-16,-2.56210809813422e-15,-2.60348835207899e-15,-0.1
"t20",-0.0417889331745546,0.0350027011089388,0.0151529900435135,-0.139896910827286,-0.258788972757356,-0.00355770060461604,0.0278383510089491,0.0279720919562407,0.000956420186635944,-0.0146808298007988,0.000680610585072478,0.0107494813864013,0.267116059872486,0.00753904542958416,0.0122334568212848,0.00336077136631978,8.61659024869368e-05,0.0690657047959713,-0.0090823773522619,-0.000181050006594103,-0.0183339690981978,0.0150812090611888,0.000117829968477909,2.80111695590483e-05,-2.67989627323334e-18,0.000101286174172167,-0.000465156262584417,0.0125751977796539,2.06839905089325e-05,-1.62305533580785e-05,1.33359875145126e-05,0.000712060487051335,0.000169871484492795,0.000131430591082455,-0.566637940974392,-0.0063480304807227,0.000286613102328756,-0.000689096645730097,-0.000240376218467574,-3.93423347156592e-05,-0.000542492546957023,0.000242510776938358,-6.66133814775094e-16,0.000209210124893701,6.66543521212288e-16,0.00819177985601,-0.000261439955600052,-0.00016240460769631,-5.19772542649242e-05,0.707106781186548,0.000210609365481622,-0.000640301550834976,-1.65168544979191e-05,5.43611462309097e-05,6.00963484824409e-05,5.53162551268167e-05,-0.00468775581948829,1.0405224580731e-15,0.000229373095186101,6.53016284037779e-16,4.87971109540324e-05,1.01214451817349e-16,-5.4021478044155e-05,0.000126692656577296,9.37780627543324e-06,2.92113537325037e-05,5.25961102017611e-05,-3.43700810222185e-16,-8.21884384747072e-16,-1.50127838090819e-16,-4.49944882776564e-16,-1.07470962573111e-16,-2.98379411362466e-05,5.99668906969998e-05,2.74307980693599e-16,5.84362005579265e-16,-7.86032135108589e-17,6.59012878550581e-06,2.11289697419578e-16,-7.65424123741924e-06,6.70903789078775e-16,-7.14914004926319e-18,-2.53288722631566e-15,6.83511988465048e-16,2.03380687591806e-16,9.9605442546468e-06,9.70541273641387e-06,-4.45651941221722e-16,-8.87412923942996e-16,-8.0812337038836e-16,-2.47303211723877e-16,2.00819797789157e-15,-1.23487200192186e-15,2.30760792115306e-15,-4.81848804103312e-16,2.18291220865412e-15,-9.6121702957016e-16,-2.59594176278372e-15,-2.78786963197779e-15,-0.0999999999999999
"t21",-0.0417889331745546,0.0350027011089388,0.0151529900435135,-0.139896910827286,-0.258788972757356,-0.0035577006046161,0.027838351008949,0.0279720919562407,0.000956420186635867,-0.0146808298007988,0.000680610585072539,0.0107494813864013,0.267116059872486,0.00753904542958404,0.0122334568212849,0.00336077136631983,8.61659024867893e-05,0.0690657047959713,-0.00908237735226205,-0.000181050006594153,-0.0183339690981976,0.0150812090611886,0.000117829968477938,2.80111695589745e-05,8.61628047606634e-17,0.000101286174172117,-0.000465156262584449,0.0125751977796539,2.06839905085195e-05,-1.62305533580281e-05,1.33359875147145e-05,0.000712060487051719,0.000169871484493193,0.000131430591082856,-0.566637940974393,-0.00634803048072302,0.000286613102328215,-0.000689096645730248,-0.000240376218468829,-3.9342334715425e-05,-0.000542492546957333,0.000242510776939327,1.34961486430996e-15,0.00020921012489201,-6.63989384861847e-16,0.00819177985600733,-0.000261439955599536,-0.000162404607692679,-5.19772542456937e-05,-0.707106781186548,0.000210609365482958,-0.000640301550837722,-1.6516854498636e-05,5.43611462297124e-05,6.00963484795118e-05,5.53162551297369e-05,-0.00468775581948733,-1.10359575823104e-15,0.000229373095187556,-1.05144956684068e-15,4.87971109532419e-05,3.53838035685687e-17,-5.40214780477946e-05,0.00012669265657728,9.377806275654e-06,2.92113537324704e-05,5.25961101992547e-05,1.14266187432077e-16,2.05071913042352e-16,-2.61150140554692e-16,-3.87494837641696e-16,1.155407727938e-15,-2.98379411359449e-05,5.99668906975152e-05,3.81103705452694e-17,2.57989946254583e-16,4.21357009974092e-16,6.59012878530609e-06,3.04964765116346e-16,-7.65424123782109e-06,-5.50341579781611e-16,-3.95786336826736e-16,-1.39143917912292e-15,-4.68344399583174e-16,5.32866318696855e-16,9.96054425480666e-06,9.7054127367596e-06,-1.8934654767926e-16,-5.68223804351855e-16,-6.55467705054731e-16,-1.95261507444573e-16,1.96475685989082e-15,-1.5939340699746e-15,1.93347321237709e-15,-6.75295298128596e-16,2.15775871807525e-15,-5.86519269633371e-16,-2.4969625996123e-15,-2.71451026371156e-15,-0.0999999999999995
"t4",-0.0364711391935602,0.0290478122733338,0.0122341420391258,-0.105425084005215,-0.18043071464822,-0.00178453423394186,0.0122319400704164,0.0111910934774015,0.00013577234198772,0.000965361589830964,-5.74613524407232e-05,-0.00211246634392711,-0.0982186784574677,-0.0126759508736288,-0.0278685505502009,-0.00785286687364281,-0.00023315219859996,-0.203199038741668,0.040473411818127,0.00129649136520639,0.017678747289404,-0.0179922501948521,-0.000437577307808528,-0.000234894160618182,1.0834976122985e-15,-0.00129162990241705,0.0090101796416023,-0.941954117641795,0.00952300751136456,-0.00671733524222919,-0.003378338636559,-0.0101505528838942,-0.000423056204609238,-4.90939184413695e-05,0.0378467874501588,-0.0046552022151344,0.000413337185556573,-0.00105817361156774,-0.000496383528814397,-0.000101973565244856,-0.00149243564613189,0.000667316719056826,-2.94902990916057e-16,0.000576857507914724,-5.26306154611757e-16,0.0208973342375939,-0.000738918938218837,-0.00044927582352309,-0.000143527337049311,-3.03579195717757e-18,0.00057433322194475,-0.00174245997147331,-4.48962439528547e-05,0.000146302268676768,0.000160654777674228,0.000147682101227306,-0.000461259336810295,1.99186239126243e-16,0.000615793685229238,-2.40228521381904e-16,0.00012999780921837,1.40406606949516e-16,-0.00014369738778795,0.000336331648829583,2.45655172477839e-05,7.55264193127893e-05,0.000135840349115494,-1.90066179351832e-17,-1.34752164674996e-16,-3.22210904612895e-16,4.21153248659973e-17,1.84404999436332e-16,-7.44837287275565e-05,0.00014922839805904,2.62184365213451e-16,3.14344727573245e-16,1.56388003953091e-16,1.59644954503845e-05,1.26031163706493e-16,-1.84291039428851e-05,1.09768744996435e-16,-3.7206644152729e-17,-1.50731122006253e-15,3.69207074564138e-16,3.06990523809451e-16,2.34771292086749e-05,2.28693099243393e-05,-3.69405564897833e-16,-4.72899637082117e-16,-7.28900554110168e-16,-1.35135151017386e-16,2.03607534635712e-15,-1.40653775551831e-15,2.11231945728967e-15,-5.09524032563087e-16,2.15121156387392e-15,-7.46845490403075e-16,-2.48542404711511e-15,-2.76645633710466e-15,-0.0999999999999997
"t55",-0.0384830704333385,0.0312063301108851,0.0132675573165296,-0.116924861178821,-0.204855158571485,-0.00219585353222101,0.0154369346036704,0.0143498843059141,0.000192964395204338,0.00148753763767516,-8.91827310271074e-05,-0.00342326352759044,-0.170236054256107,-0.0285120673764358,-0.0705514155600404,-0.0200498293613621,-0.000624022431937894,-0.557876259107285,0.124037874383047,0.00435612085009086,-0.126478813030603,0.100296999396724,0.000673640335981547,0.000172549521572947,-2.4855004807623e-16,0.000696354105015615,-0.00372173399354507,0.208093856993472,-0.000880474901474638,0.000529498214024607,6.45930448360073e-05,-0.000647843399387314,-5.14599111810988e-05,-7.28333167636864e-06,0.00581524184934794,-0.000793813289308007,7.91524763170853e-05,-0.000206296557961209,-0.000109234143594079,-2.73857084872034e-05,-0.000460778819141586,0.000206244421962201,6.31439345255558e-16,0.000199965196894327,7.30548134889739e-17,0.00737239684418393,-0.000264418871575326,-0.000169465008508775,-5.45398271188271e-05,-2.06290467393055e-16,0.000228298291364309,-0.000697127667310576,-1.80233182114373e-05,6.01134602651853e-05,6.63714105457587e-05,6.10394748897521e-05,-0.000191232781175275,1.52757528756934e-17,0.000258500041776083,3.23356376622346e-16,5.54705915180526e-05,-2.89270152977613e-17,-6.15287649802936e-05,0.00014466800928114,1.08828358004002e-05,3.43686580546439e-05,6.1947285860599e-05,-2.31714485631994e-16,-4.23063260419561e-16,-1.37436735376195e-15,2.02850410890326e-15,-1.96275955065777e-15,-3.61211651018119e-05,7.27443405759268e-05,0.707106781186548,2.00162927175459e-15,2.761208813827e-15,8.1180992966913e-06,5.21828956201474e-16,-9.4569211617344e-06,-1.10031087007465e-15,6.54990757025757e-16,-6.35926242479555e-16,1.08365582701584e-16,3.48699932709337e-16,1.2417684644635e-05,1.21009126491863e-05,-1.0650021096008e-15,-1.01020020282699e-15,-9.46584337717777e-16,-9.03794835937019e-16,2.13964736041898e-15,-1.23058798020696e-15,2.2420954122709e-15,-5.00745137865708e-16,2.82085571816697e-15,-9.03085819317711e-16,-2.31725310382022e-15,-2.96286460257734e-15,-0.0999999999999989
"t56",-0.0384830704333385,0.0312063301108851,0.0132675573165296,-0.116924861178821,-0.204855158571485,-0.00219585353222104,0.0154369346036704,0.0143498843059142,0.000192964395204383,0.00148753763767518,-8.91827310270471e-05,-0.00342326352759037,-0.170236054256108,-0.0285120673764358,-0.0705514155600405,-0.0200498293613619,-0.000624022431937941,-0.557876259107285,0.124037874383047,0.00435612085009095,-0.126478813030603,0.100296999396724,0.000673640335981407,0.0001725495215731,-2.71480436362846e-16,0.000696354105015585,-0.00372173399354502,0.208093856993472,-0.000880474901474517,0.000529498214024194,6.45930448360306e-05,-0.000647843399387309,-5.14599111810392e-05,-7.28333167655509e-06,0.00581524184934785,-0.000793813289308005,7.91524763171624e-05,-0.000206296557960846,-0.000109234143594002,-2.73857084866674e-05,-0.000460778819141725,0.000206244421961738,-5.58580959264532e-16,0.000199965196894136,-7.96008524027558e-17,0.00737239684418404,-0.000264418871574555,-0.000169465008508865,-5.45398271195236e-05,9.74139281996543e-17,0.000228298291364539,-0.000697127667310311,-1.80233182114585e-05,6.01134602654885e-05,6.63714105454893e-05,6.103947489026e-05,-0.000191232781175357,1.18925252148771e-16,0.000258500041775512,-9.58556594441733e-17,5.54705915188937e-05,2.33924132867891e-16,-6.15287649780885e-05,0.000144668009281109,1.08828358000242e-05,3.43686580550438e-05,6.19472858656807e-05,2.12374725924079e-16,-2.75463469842291e-17,9.43223210777371e-16,-1.96309460931828e-15,1.52056518910366e-15,-3.61211651028739e-05,7.27443405779701e-05,-0.707106781186548,-1.54502049859231e-15,-2.66554836349102e-15,8.11809929479807e-06,-1.40835419151893e-16,-9.45692116447704e-06,1.4045775685318e-15,-1.05297075234466e-15,-2.547591513006e-15,1.15304476599876e-16,2.69547042545429e-16,1.24176846444404e-05,1.21009126500344e-05,-6.58013978875904e-17,-6.21622138082479e-16,-5.02489145550599e-16,6.7133408024992e-16,1.738400259072e-15,-1.50242684105882e-15,1.92456005937774e-15,-6.31144205323112e-16,1.50246584490706e-15,-7.54974187750006e-16,-2.77078527977964e-15,-2.52397327371577e-15,-0.100000000000001
"t1",-0.0293011591590467,0.0211232870800862,0.00837804462071749,-0.0607252708892025,-0.0809896458491136,0.000263070710018472,-0.005117755204041,-0.00697592228161079,-0.000559833733873801,0.0100472896413723,-0.000464393478859369,-0.00661651596089548,-0.0573050540852276,-0.0439587868946751,-0.0364622311999541,-0.0094592394460909,-0.000157287451742512,-0.0835067498605649,-0.0262932732712762,-0.00196818857306754,0.50795344613501,-0.445624196457357,-0.0102127360928539,0.00412109161980136,-0.707106781186547,0.00711797444290761,-0.0223489389274066,0.0779314548955007,0.00747287599813351,-0.00574289710534232,-0.00379352020895424,-0.014209777688752,-0.000640895803316604,-6.65456163792965e-05,0.00777289242456855,-0.00827321594809415,0.000722437837866583,-0.00185076743575845,-0.000877386167793843,-0.000184323382884583,-0.0027227830349453,0.00121744821193561,-1.16226472890446e-16,0.000978466858973795,-1.27086547542254e-16,0.00669011017854383,-0.00159365497735689,-0.00086750658116341,-0.000276443138809484,1.47431311309501e-17,0.00109723679427655,-0.0033266311362286,-8.56855799069953e-05,0.000278663368955069,0.000305833732471658,0.000281118880647104,-0.000161870780621426,-5.7320943438681e-17,0.00117135205850809,9.75458949439069e-18,0.000247004748827712,7.34314240991088e-17,-0.0002729724348475,0.000638714985790421,4.65577357072906e-05,0.000142850671646583,0.000256883747024015,7.04647657012578e-17,-9.04468256566401e-17,-1.96617737034372e-16,5.07361025958083e-17,-1.23092229388496e-17,-0.00014001416199648,0.000280349507752229,2.04207098704995e-16,2.27611299418886e-16,-3.42373669020667e-17,2.98235213185215e-05,1.63991816107728e-16,-3.43800103864242e-05,9.61149112374323e-17,-1.64499238566255e-16,-1.67915586815687e-15,8.01794239981274e-16,3.28558552046035e-16,4.35738056583286e-05,4.24426680052484e-05,-3.28880671569144e-16,-1.01845791751291e-15,-5.55283819919743e-16,-2.48109060549786e-16,2.09549834511402e-15,-1.50414059922339e-15,2.21829423488198e-15,-5.70711060818851e-16,2.21230294855323e-15,-7.60778012185766e-16,-2.37097329174625e-15,-2.58469923677672e-15,-0.1
"t2",-0.0293011591590467,0.0211232870800862,0.00837804462071749,-0.0607252708892024,-0.0809896458491136,0.000263070710018364,-0.00511775520404101,-0.00697592228161082,-0.000559833733874006,0.0100472896413723,-0.000464393478859502,-0.00661651596089526,-0.0573050540852274,-0.0439587868946754,-0.0364622311999537,-0.0094592394460907,-0.000157287451742394,-0.0835067498605651,-0.0262932732712761,-0.00196818857306766,0.507953446135009,-0.445624196457357,-0.0102127360928541,0.00412109161982418,0.707106781186547,0.00711797444290971,-0.0223489389274071,0.0779314548955024,0.00747287599813395,-0.00574289710534242,-0.00379352020895424,-0.0142097776887524,-0.000640895803316457,-6.65456163784425e-05,0.00777289242456867,-0.00827321594809388,0.000722437837867206,-0.00185076743575853,-0.000877386167793895,-0.000184323382884321,-0.00272278303494546,0.00121744821193558,6.07153216591882e-18,0.000978466858973859,8.10802695750036e-17,0.00669011017854393,-0.0015936549773567,-0.000867506581163984,-0.000276443138809578,1.09145684997256e-16,0.00109723679427671,-0.00332663113622856,-8.5685579907086e-05,0.000278663368955045,0.000305833732471702,0.000281118880647079,-0.000161870780621475,1.3696345427702e-16,0.00117135205850814,-1.7555166891005e-18,0.000247004748828123,6.4306652594628e-17,-0.000272972434847269,0.000638714985790337,4.65577357072317e-05,0.000142850671646545,0.000256883747023802,7.0464771041652e-17,-1.94530234267077e-16,-1.68862161419071e-16,-1.40083479761664e-16,-1.3720931320918e-16,-0.00014001416199637,0.00028034950775226,1.86906691156387e-16,2.57623920484218e-16,4.91343376401284e-18,2.98235213185463e-05,2.88891906383999e-16,-3.43800103864161e-05,3.99427851179981e-17,-1.57226644625457e-16,-1.4154778998084e-15,-1.1413975533449e-16,3.68406638647897e-16,4.35738056583179e-05,4.24426680051609e-05,-3.2888067157547e-16,-8.24168888203726e-16,-8.88350724871187e-16,-6.24936486202647e-17,1.84338153700929e-15,-1.32519138224623e-15,2.03042343287509e-15,-4.89805739500565e-16,2.08046396485156e-15,-6.91940384980073e-16,-2.56107185193306e-15,-2.97650028032053e-15,-0.0999999999999999
