accepted_species,0,1
t59,0.11762208,0.8823779
t23,0.055050552,0.94494945
t11,0.15472531,0.8452747
t25,0.35643452,0.6435655
t133,0.6957285,0.30427152
t31,0.06177014,0.93822986
t73,0.16381192,0.8361881
t61,0.22604567,0.77395433
t113,0.1737938,0.8262062
t114,0.24545234,0.75454766
t105,0.01605755,0.98394245
t130,0.11813605,0.88186395
t39,0.01268667,0.98731333
t116,0.04286498,0.957135
