"accepted_species","0","1"
"t46",0.320963026310812,0.679036973689188
"t15",0.320962979689959,0.679037020310041
"t91",0.305788572882266,0.694211427117734
"t92",0.305788572882266,0.694211427117734
"t50",0.320962876063274,0.679037123936726
"t70",0.320894417150613,0.679105582849387
"t38",0.320962977545947,0.679037022454053
"t45",0.320963019235185,0.679036980764815
"t43",0.320962964520192,0.679037035479808
"t2",0.320962979689959,0.679037020310041
