accepted_species,0,1
t46,0.5077623184657569,0.4922376815342431
t15,0.6721406908337033,0.32785930916629663
t91,0.11716927593586379,0.8828307240641362
t92,0.0852480093342054,0.9147519906657946
t50,0.33505844599103585,0.6649415540089642
t70,0.3974845294098561,0.6025154705901439
t38,0.3290339859100324,0.6709660140899676
t45,0.28297482759794834,0.7170251724020517
t43,0.3024974859360994,0.6975025140639006
t2,0.21428758048312324,0.7857124195168768
