accepted_species,0,1
t46,0.5399736177088745,0.4600263822911255
t15,0.4875959747118376,0.5124040252881624
t91,0.15634561513824052,0.8436543848617595
t92,0.1561043054900888,0.8438956945099112
t50,0.3722390469693262,0.6277609530306738
t70,0.23922446605690995,0.76077553394309
t38,0.23915314384857755,0.7608468561514224
t45,0.2523261586128889,0.7476738413871111
t43,0.2527180614580937,0.7472819385419063
t2,0.2972242325368958,0.7027757674631042
