accepted_species,estimate
Blackstonia_perfoliata,-0.4053012215682599
Galium_aparine,-0.3834360011534568
Galium_murale,-0.3859436298249619
Gentiana_utriculosa,-0.4213983820812226
Hamelia_patens,-0.1611713747236136
Nauclea_officinalis,-0.16001256152868135
Nertera_granadensis,0.02806464776172761
Palicourea_cyanococca,0.2887450487730263
Psychotria_horizontalis,0.3784987662087217
Rubia_tinctorum,-0.31880710982464255
