accepted_species,0
t75,0.005425487297044098
t89,0.005425487297044098
t15,0.005425487297044098
t4,0.005425487297044098
t56,0.005425487297044098
t42,0.005425487297044098
t30,0.005425487297044098
t55,0.005425487297044098
t18,0.005425487297044098
t69,0.005425487297044098
t53,0.005425487297044098
t112,0.005425487297044098
t52,0.005425487297044098
t44,0.005425487297044098
