accepted_species,0,1
t47,0.3105113482720697,0.6894886517279303
t36,0.3191264139841443,0.6808735860158557
t26,0.2927252163400387,0.7072747836599613
t14,0.3906810173702687,0.6093189826297313
t3,0.33232168301417264,0.6676783169858274
t74,0.19297271451849363,0.8070272854815064
t17,0.2830644858115261,0.7169355141884739
t7,0.8278259428250838,0.1721740571749162
t19,0.8154766767850192,0.18452332321498072
t8,0.8082968331788916,0.19170316682110847
