"accepted_species","0","1"
"t47","0.0172420053732042","0.982757994626796"
"t36","0.173684965723421","0.826315034276579"
"t26","0.0044992812316782","0.995500718768322"
"t14","0.783784118464884","0.216215881535116"
"t3","0.508705486139447","0.491294513860553"
"t74","0.0372592754853937","0.962740724514606"
"t17","0.113537862542907","0.886462137457093"
"t7","0.662343903624526","0.337656096375474"
"t19","0.890602355291395","0.109397644708605"
"t8","0.862820923791461","0.137179076208539"
