accepted_species,0,1
t47,0.041947484,0.9580525
t36,0.37633383,0.62366617
t26,0.101198375,0.8988016
t14,0.26790202,0.732098
t3,0.7999209,0.20007907
t74,0.152901,0.847099
t17,0.152901,0.847099
t7,0.96378094,0.03621907
t19,0.8589518,0.14104818
t8,0.9246471,0.07535289
