accepted_species,0,1
t108,0.6155126858090346,0.3844873141909654
t110,0.6898741480324793,0.3101258519675208
t118,0.6907012731667554,0.30929872683324455
t120,0.671609963100738,0.32839003689926205
t165,0.6955255607222279,0.3044744392777721
t168,0.6460292313775268,0.35397076862247323
t170,0.6076386556558895,0.3923613443441106
t205,0.7675031798070654,0.2324968201929346
t210,0.6733211160438035,0.32667888395619643
t215,0.6734049035818073,0.32659509641819273
