accepted_species,0,1
t42,0.3929152702374734,0.6070847297625266
t73,0.3922357497640947,0.6077642502359053
t97,0.3909127256619035,0.6090872743380965
t115,0.389903148620352,0.610096851379648
t124,0.38798680223239523,0.6120131977676048
t125,0.39357265044378487,0.6064273495562151
t134,0.39349994768631646,0.6065000523136835
t135,0.3934999476863166,0.6065000523136834
t152,0.3904993975072877,0.6095006024927123
t154,0.3935911080324157,0.6064088919675843
