accepted_species,0,1
t108,0.6365487995623003,0.3634512004376998
t110,0.6335490734052502,0.3664509265947498
t118,0.6335421422682397,0.36645785773176026
t120,0.6350264877443116,0.3649735122556884
t165,0.6333191335620498,0.36668086643795017
t168,0.6343502302136945,0.3656497697863054
t170,0.6365160101477984,0.36348398985220165
t205,0.632311375612301,0.367688624387699
t210,0.6351660794287972,0.3648339205712028
t215,0.6343319248076639,0.36566807519233613
