"accepted_species","0","1"
"t108","0.500000021521079","0.499999978478921"
"t110","0.500000011278389","0.499999988721611"
"t118","0.500000801740383","0.499999198259617"
"t120","0.500002654220347","0.499997345779654"
"t165","0.501277050373933","0.498722949626067"
"t168","0.499297867281883","0.500702132718117"
"t170","0.500963573594757","0.499036426405243"
"t205","0.526054454255826","0.473945545744174"
"t210","0.548574724860345","0.451425275139655"
"t215","0.584871441696131","0.415128558303869"
