accepted_species,0,1
t108,0.644848,0.35515198
t110,0.6243437,0.3756563
t118,0.6243437,0.3756563
t120,0.6752505,0.32474953
t165,0.6171794,0.38282064
t168,0.6196934,0.3803066
t170,0.644848,0.35515198
t205,0.6680628,0.33193716
t210,0.6752505,0.32474953
t215,0.6196934,0.3803066
