accepted_species,0,1
t85,0.36241610738255037,0.6375838926174496
t165,0.0,1.0
t155,0.0,1.0
t156,0.0,1.0
t79,0.36241610738255037,0.6375838926174496
t157,0.0,1.0
t104,0.36241610738255037,0.6375838926174496
t55,0.36241610738255037,0.6375838926174496
t77,0.36241610738255037,0.6375838926174496
t71,0.36241610738255037,0.6375838926174496
t151,0.0,1.0
t162,0.0,1.0
t128,0.0,1.0
t58,0.36241610738255037,0.6375838926174496
t8,1.0,0.0
t107,0.0,1.0
