accepted_species,0,1
t85,0.38357627,0.6164237
t165,0.060513973,0.939486
t155,0.06198418,0.9380158
t156,0.06198418,0.9380158
t79,0.42154193,0.5784581
t157,0.012564063,0.98743594
t104,0.5716876,0.42831245
t55,0.003956318,0.9960437
t77,0.005378008,0.994622
t71,0.005378008,0.994622
t151,0.003956318,0.9960437
t162,0.001891017,0.998109
t128,0.06584513,0.93415487
t58,0.9126651,0.08733489
t8,0.9383712,0.061628804
t107,0.022919536,0.97708046
