accepted_species,0,1
t85,0.6200502,0.37994978
t165,0.18780828,0.8121917
t155,0.28629863,0.71370137
t156,0.28629863,0.71370137
t79,0.1541745,0.8458255
t157,0.061939478,0.9380605
t104,0.7656083,0.23439167
t55,0.017968297,0.9820317
t77,0.017968297,0.9820317
t71,0.017968297,0.9820317
t151,0.017968297,0.9820317
t162,0.017968297,0.9820317
t128,0.20214081,0.7978592
t58,0.8283759,0.17162411
t8,0.8283759,0.17162411
t107,0.0528726,0.9471274
