accepted_species,0,1
t86,0.2728901819534917,0.7271098180465083
t96,0.2729438120194574,0.7270561879805426
t109,0.27277264530844514,0.7272273546915549
t117,0.2729519430813758,0.7270480569186242
t135,0.27293862667327407,0.7270613733267259
t136,0.2729260581438787,0.7270739418561213
t141,0.2727850515822847,0.7272149484177153
t142,0.27278986973535047,0.7272101302646495
t149,0.27291469567269855,0.7270853043273015
t150,0.2729140253834551,0.7270859746165449
