accepted_species,0,1
t9,0.3408907403941921,0.6591092596058079
t21,0.3404306699809948,0.6595693300190052
t25,0.3417532279993646,0.6582467720006354
t41,0.34058665034502056,0.6594133496549794
t48,0.3416766325720755,0.6583233674279245
t76,0.3419391502521333,0.6580608497478667
t104,0.34197659541630165,0.6580234045836983
t106,0.34236922717679796,0.657630772823202
t117,0.3420383245499169,0.6579616754500831
t118,0.3420383437802623,0.6579616562197377
