accepted_species,0,1
t86,0.26728643786818285,0.7327135621318172
t96,0.26725443178591424,0.7327455682140858
t109,0.2673189245468004,0.7326810754531996
t117,0.2672356350862495,0.7327643649137505
t135,0.2672304472014666,0.7327695527985334
t136,0.2672304472014666,0.7327695527985334
t141,0.2673097924966089,0.7326902075033911
t142,0.2673097924966089,0.7326902075033911
t149,0.2672259085401648,0.7327740914598352
t150,0.2672259085401648,0.7327740914598352
