accepted_species,0,1
t86,0.22180688,0.7781931
t96,0.22180688,0.7781931
t109,0.22180688,0.7781931
t117,0.22180688,0.7781931
t135,0.22180688,0.7781931
t136,0.22945863,0.77054137
t141,0.22180688,0.7781931
t142,0.22180688,0.7781931
t149,0.22180688,0.7781931
t150,0.22945863,0.77054137
