accepted_species,0,1
t86,0.28075755,0.71924245
t96,0.25958586,0.74041414
t109,0.28075755,0.71924245
t117,0.25958586,0.74041414
t135,0.28075755,0.71924245
t136,0.28075755,0.71924245
t141,0.28075755,0.71924245
t142,0.28075755,0.71924245
t149,0.25958586,0.74041414
t150,0.25958586,0.74041414
