accepted_species,0,1
t69,0.09210526315789469,0.9078947368421053
t97,0.09210526315789469,0.9078947368421053
t98,0.09210526315789469,0.9078947368421053
t119,0.0,1.0
t112,0.0,1.0
t108,0.0,1.0
t163,0.0,1.0
t89,0.09210526315789469,0.9078947368421053
t90,0.09210526315789469,0.9078947368421053
t67,0.0,1.0
t136,0.0,1.0
t137,0.0,1.0
t116,0.0,1.0
t139,0.0,1.0
t117,0.0,1.0
t148,0.0,1.0
