accepted_species,0,1
t69,0.02439648,0.9756035
t97,0.18023896,0.81976104
t98,0.18023896,0.81976104
t119,0.13943094,0.86056906
t112,0.027294338,0.97270566
t108,0.027294338,0.97270566
t163,0.15981221,0.8401878
t89,0.05221212,0.9477879
t90,0.08610505,0.91389495
t67,0.0020471811,0.9979528
t136,0.26304,0.73696
t137,0.03426963,0.96573037
t116,0.10224235,0.89775765
t139,0.26304,0.73696
t117,0.37907553,0.6209245
t148,0.201433,0.798567
