accepted_species,0,1
t69,0.016612053,0.98338795
t97,0.016612053,0.98338795
t98,0.016612053,0.98338795
t119,0.016612053,0.98338795
t112,0.016612053,0.98338795
t108,0.016612053,0.98338795
t163,0.016612053,0.98338795
t89,0.016612053,0.98338795
t90,0.016612053,0.98338795
t67,0.016612053,0.98338795
t136,0.016612053,0.98338795
t137,0.016612053,0.98338795
t116,0.016612053,0.98338795
t139,0.016612053,0.98338795
t117,0.016612053,0.98338795
t148,0.016612053,0.98338795
