accepted_species,0,1
t69,0.014417291,0.9855827
t97,0.014417291,0.9855827
t98,0.014417291,0.9855827
t119,0.014417291,0.9855827
t112,0.014417291,0.9855827
t108,0.014417291,0.9855827
t163,0.0346902,0.9653098
t89,0.0346902,0.9653098
t90,0.0346902,0.9653098
t67,0.014417291,0.9855827
t136,0.014417291,0.9855827
t137,0.014417291,0.9855827
t116,0.014417291,0.9855827
t139,0.014417291,0.9855827
t117,0.014417291,0.9855827
t148,0.014417291,0.9855827
