accepted_species,0,1
Lomatogonium_caeruleum,0.83000547,0.16999455
Gentianella_poculifera,0.8290079,0.17099206
Lisianthius_exsertus,0.88459563,0.11540436
Swertia_banzragczii,0.83000547,0.16999455
Macrocarpaea_callejasii,0.8214356,0.17856446
Sebaea_natalensis,0.88459563,0.11540436
Jaeschkea_microsperma,0.88459563,0.11540436
Gentiana_purpurea,0.83000547,0.16999455
Sipapoantha_ostrina,0.88459563,0.11540436
Gentiana_rubicunda,0.83000547,0.16999455
