accepted_species,estimate
t7,-0.4818839038370467
t48,-0.5337147536639263
t51,-0.5337407899282918
t62,-0.5393836277190721
t23,-0.5533638192069115
t99,-0.5596456023486339
t100,-0.5596456023486297
t22,-0.5527584954657028
t34,-0.4608284214089754
t42,-0.4084984331669864
