accepted_species,0,1
t19,0.5747195897539399,0.42528041024606017
t40,0.9756546754735701,0.02434532452642988
t46,0.15741229024012948,0.8425877097598705
t48,0.5215970819219387,0.4784029180780614
t60,0.1952911373728865,0.8047088626271135
t80,0.583860991837313,0.41613900816268706
t86,0.9866993865060023,0.013300613493997741
t103,0.981508868982465,0.018491131017534936
t119,0.4900103797346018,0.5099896202653982
t125,0.5619464935999179,0.43805350640008206
