accepted_species,0,1
t19,0.45584697764656856,0.5441530223534314
t40,0.5490430629109293,0.4509569370890707
t46,0.3978327808368908,0.6021672191631092
t48,0.5394625461466847,0.4605374538533153
t60,0.4258808271071206,0.5741191728928794
t80,0.363896119817807,0.636103880182193
t86,0.46153700393533115,0.5384629960646689
t103,0.5499970634299647,0.4500029365700353
t119,0.796408490573703,0.20359150942629706
t125,0.009092984601607457,0.9909070153983925
