"accepted_species","0","1"
"t32","0.366348517650528","0.633651482349472"
"t46","0.5475676783245","0.4524323216755"
"t52","0.686537947349345","0.313462052650655"
"t66","0.530544283334393","0.469455716665608"
"t75","0.461106591407483","0.538893408592517"
"t77","0.725293861058621","0.274706138941379"
"t91","0.180729053250069","0.819270946749931"
"t101","0.579118021942699","0.420881978057301"
"t110","0.946097001974799","0.053902998025201"
"t119","0.97259004547208","0.0274099545279202"
