accepted_species,0,1
t32,0.7955674,0.20443258
t46,0.80247337,0.19752663
t52,0.81145054,0.18854947
t66,0.80516887,0.19483112
t75,0.8005234,0.1994766
t77,0.8073025,0.19269753
t91,0.7992538,0.20074616
t101,0.7970536,0.20294645
t110,0.80528826,0.19471173
t119,0.7920467,0.20795327
