accepted_species,0,1
t19,0.42896712,0.5710329
t40,0.3653561,0.6346439
t46,0.33224922,0.6677508
t48,0.5453373,0.45466265
t60,0.33276457,0.66723543
t80,0.36062783,0.63937217
t86,0.4127795,0.5872205
t103,0.4060039,0.5939961
t119,0.5521091,0.4478909
t125,0.35841376,0.64158624
