accepted_species,0,1
t19,0.32901645,0.67098355
t40,0.48025292,0.5197471
t46,0.48025292,0.5197471
t48,0.48025292,0.5197471
t60,0.48025292,0.5197471
t80,0.32901645,0.67098355
t86,0.48025292,0.5197471
t103,0.48025292,0.5197471
t119,0.48025292,0.5197471
t125,0.32901645,0.67098355
