accepted_species,0,1
t62,0.9896463,0.010353674
t106,0.9896463,0.010353674
t19,0.98381627,0.016183728
t128,0.9746133,0.02538672
t17,0.9896463,0.010353674
t9,0.9810734,0.018926619
t53,0.9810045,0.0189955
t80,0.94522715,0.054772824
t96,0.953007,0.046992995
t32,0.97705305,0.022946961
t67,0.9654023,0.034597673
t108,0.9654023,0.034597673
t113,0.9654023,0.034597673
t2,0.9746133,0.02538672
