accepted_species,0,1
t62,0.9941651,0.005834905
t106,0.9907468,0.009253213
t19,0.97993314,0.02006688
t128,0.97524035,0.024759674
t17,0.97524035,0.024759674
t9,0.98989886,0.010101123
t53,0.9258328,0.074167185
t80,0.9787408,0.021259196
t96,0.90414095,0.095859036
t32,0.99534905,0.004650936
t67,0.97405636,0.02594361
t108,0.96418357,0.035816442
t113,0.93844134,0.061558664
t2,0.98635143,0.01364859
