accepted_species,0,1
t62,0.97732836,0.022671642
t106,0.97346985,0.026530124
t19,0.9806473,0.019352704
t128,0.97418344,0.025816577
t17,0.97418344,0.025816577
t9,0.9833766,0.016623348
t53,0.9450598,0.05494025
t80,0.95285,0.047149986
t96,0.95285,0.047149986
t32,0.985761,0.014239001
t67,0.9808176,0.019182371
t108,0.9808176,0.019182371
t113,0.97749716,0.022502812
t2,0.96975005,0.03024997
