"accepted_species","0","1"
"t58",0.431549936086128,0.568450063913872
"t69",0.477202180026778,0.522797819973222
"t93",0.820812320315437,0.179187679684563
"t15",0.655169925875051,0.34483007412495
"t18",0.537430407433959,0.462569592566041
"t80",0.809663029380735,0.190336970619265
"t29",0.57903897092429,0.42096102907571
"t48",0.636190681716769,0.363809318283231
"t59",0.534271252812365,0.465728747187635
"t1",0.639995357399829,0.360004642600171
