accepted_species,0,1
t58,0.31931549381267443,0.6806845061873256
t69,0.3769920420431576,0.6230079579568424
t93,0.7375362560018732,0.2624637439981267
t15,0.5843694504325545,0.41563054956744555
t18,0.5853067372110083,0.4146932627889916
t80,0.6107814819024684,0.38921851809753155
t29,0.7118025885665638,0.2881974114334362
t48,0.6925350521378626,0.30746494786213746
t59,0.5032360138645062,0.49676398613549383
t1,0.6844118536143857,0.31558814638561433
