accepted_species,0,1
t58,0.27481216,0.72518784
t69,0.49945027,0.50054973
t93,0.86299133,0.13700868
t15,0.48797518,0.5120248
t18,0.43022293,0.5697771
t80,0.8757963,0.12420366
t29,0.3935622,0.6064378
t48,0.8060291,0.1939709
t59,0.7369952,0.2630048
t1,0.6808506,0.3191494
