accepted_species,0,1
t58,0.40702373,0.5929763
t69,0.40702373,0.5929763
t93,0.79694617,0.20305386
t15,0.70801425,0.29198572
t18,0.42275792,0.5772421
t80,0.71013135,0.28986865
t29,0.5973277,0.40267226
t48,0.6825613,0.31743872
t59,0.68546766,0.31453234
t1,0.6825613,0.31743872
