accepted_species,0,1
t58,0.09357327,0.9064267
t69,0.32322627,0.6767737
t93,0.8650193,0.13498071
t15,0.8650193,0.13498071
t18,0.281928,0.718072
t80,0.8161243,0.1838757
t29,0.701197,0.29880297
t48,0.47566164,0.52433836
t59,0.6325023,0.36749768
t1,0.8709758,0.12902421
