accepted_species,0,1
t75,0.14986891672861757,0.8501310832713824
t53,0.7854909862125077,0.21450901378749235
t27,0.7846515850869158,0.2153484149130842
t77,0.7635655611539187,0.23643443884608126
t41,0.8836892241356474,0.11631077586435258
t71,0.8973479756337107,0.10265202436628927
t62,0.9053242523670021,0.0946757476329979
t60,0.9052893285884234,0.09471067141157662
t99,0.898838726077367,0.10116127392263294
t40,0.9109126964957212,0.08908730350427882
