accepted_species,0,1
t75,0.09176636771595936,0.9082336322840406
t53,0.7997902564541273,0.20020974354587273
t27,0.7610858996398668,0.23891410036013316
t77,0.735075857264865,0.26492414273513504
t41,0.9340527580736766,0.0659472419263234
t71,0.9216067541926185,0.07839324580738144
t62,0.9111213117631007,0.08887868823689925
t60,0.908661493923678,0.091338506076322
t99,0.9118845278880855,0.0881154721119145
t40,0.8979957045243944,0.10200429547560563
