accepted_species,0,1
t75,0.04430889053391973,0.9556911094660803
t53,0.8822210256006899,0.11777897439931004
t27,0.7809448383369302,0.2190551616630698
t77,0.646517715968751,0.353482284031249
t41,0.9316030790891445,0.06839692091085553
t71,0.9286705538338266,0.07132944616617344
t62,0.9367151262033764,0.06328487379662362
t60,0.9342831798514984,0.06571682014850157
t99,0.9498350842019125,0.050164915798087455
t40,0.9265467297465618,0.07345327025343817
