accepted_species,estimate
t31,-0.0747132377467242
t44,0.07563400710269932
t56,0.07922114332378641
t5,0.021468374338991986
t76,0.8188190456272643
t25,0.41470289552299777
t6,-1.010243964877611
t61,-0.3144890584065968
t27,-0.3765683238048586
t7,0.22852627372976433
