accepted_species,estimate
t31,0.38789527717153116
t44,0.39446765659941196
t56,0.3362038477322131
t5,-0.04991725424139817
t76,1.208946600847631
t25,1.1573228470792365
t6,-1.0938998582398523
t61,-0.49595264960615393
t27,-0.5076588452082073
t7,-0.54311809820014
