accepted_species,estimate
t8,0.2818441453426232
t20,0.023010575128272478
t58,0.38622754541480825
t100,0.6645396696362288
t26,-0.09432682744508497
t57,-0.08615742619731687
t48,-0.09763779798949895
t10,0.6017885379089635
t51,0.7534605772500621
t52,0.7234081856269806
