accepted_species,estimate
t28,0.2983093851733596
t89,0.28159252237041676
t39,-1.0022574741885808
t112,-0.2916904151398368
t119,-0.7551102355426299
t98,-0.9816595804325371
t140,-0.051278695933997316
t73,0.01618122093749113
t104,-0.14012486989355682
t34,-0.8753173176758214
t143,0.9094626792864698
t133,-1.0901743176238272
t42,-0.6886714213261523
t37,0.04250623114572236
