accepted_species,estimate
t28,0.6003462901165239
t89,0.2808403933460582
t39,-0.16197992182497248
t112,-0.5687274790272682
t119,-0.14590967702304758
t98,-0.4097120432834184
t140,-0.8371262984180341
t73,-0.3622358905403325
t104,-0.448089537457921
t34,-0.37348251497367735
t143,1.061041076314956
t133,-1.6258777407804346
t42,-1.1438332716858788
t37,0.7206190861031271
