accepted_species,0
t28,0.0438408316951533
t89,0.0438408316951533
t39,0.0438408316951533
t112,0.0438408316951533
t119,0.0438408316951533
t98,0.0438408316951533
t140,-0.1983842948765805
t73,0.0438408316951533
t104,0.0438408316951533
t34,0.0438408316951533
t143,1.05161357843048
t133,0.0438408316951533
t42,0.0438408316951533
t37,0.0438408316951533
