"","turnover.rates","eps.values","transition.rates"
"1",0.543926009442657,0.0601145245600492,NA
"2",0.0893211234360933,0.624910096172243,0.448661910137162
"3",0.543926009442657,0.0601145245600492,0.971728168427944
"4",0.0893211234360933,0.624910096172243,NA
