accepted_species,0,1
Appunia_morindoides,0.9678305,0.0321695
Knoxia_lineata,0.93100613,0.068993844
Spermacoce_pumilio,0.9027012,0.09729882
Palicourea_polycephala,0.9985761,0.0014238708
Emplectanthus_dalzellii,0.99178594,0.00821404
Ixora_mollirama,0.99015224,0.009847764
Tabernaemontana_angulata,0.97067165,0.029328372
Rauvolfia_nukuhivensis,0.9608555,0.03914451
Ophiorrhiza_medogensis,0.89999974,0.10000028
Chassalia_moramangensis,0.9678305,0.0321695
