"accepted_species","0","1"
"t8",0.627021353730627,0.372978646269373
"t9",0.627022082295038,0.372977917704962
"t11",0.627037821671128,0.372962178328872
"t22",0.627190253733868,0.372809746266132
"t28",0.628795509802652,0.371204490197348
"t41",0.638342345599732,0.361657654400268
"t86",0.627284911898146,0.372715088101854
"t87",0.627284911898146,0.372715088101854
"t102",0.659580372301895,0.340419627698105
"t103",0.659580372301895,0.340419627698105
