accepted_species,0,1
t8,0.7868455133610273,0.21315448663897277
t9,0.7872629439739409,0.21273705602605905
t11,0.7936714482664823,0.20632855173351772
t22,0.8098904569987029,0.19010954300129712
t28,0.8167352591014769,0.18326474089852307
t41,0.8190850088448288,0.18091499115517118
t86,0.8228276652850331,0.17717233471496688
t87,0.822827665285033,0.1771723347149669
t102,0.8316125803362762,0.16838741966372378
t103,0.8316125803362762,0.16838741966372384
