accepted_species,0,1
t73,0.4450531256894691,0.5549468743105309
t135,0.44399285259252974,0.5560071474074703
t144,0.44472283431445747,0.5552771656855425
t145,0.4441741023014226,0.5558258976985774
t155,0.4446651455609083,0.5553348544390917
t170,0.4446634475544423,0.5553365524455577
t180,0.44413516049484936,0.5558648395051506
t202,0.4442743433264874,0.5557256566735126
t210,0.4447220072222514,0.5552779927777486
t219,0.4447358487243447,0.5552641512756553
