accepted_species,0,1
t8,0.7543936885463829,0.24560631145361717
t9,0.7544654037355174,0.2455345962644826
t11,0.7557151776176871,0.24428482238231283
t22,0.7604063618874141,0.2395936381125859
t28,0.767306421461029,0.23269357853897096
t41,0.7769233750201983,0.2230766249798018
t86,0.7615287240541533,0.23847127594584677
t87,0.7615287240541533,0.23847127594584677
t102,0.7869414549282127,0.21305854507178734
t103,0.7869414549282127,0.21305854507178734
