"accepted_species","0","1"
"t8","0.530163748523954","0.469836251476046"
"t9","0.53027123007591","0.46972876992409"
"t11","0.532576969570593","0.467423030429407"
"t22","0.542434796148857","0.457565203851143"
"t28","0.571504709094775","0.428495290905225"
"t41","0.635188177890414","0.364811822109586"
"t86","0.544589310783265","0.455410689216735"
"t87","0.544589310783265","0.455410689216735"
"t102","0.699478688964073","0.300521311035927"
"t103","0.699478688964073","0.300521311035927"
