accepted_species,0,1
t73,0.5155506,0.48444942
t135,0.5224891,0.4775109
t144,0.5155506,0.48444942
t145,0.5302968,0.4697032
t155,0.51877385,0.48122615
t170,0.5074569,0.4925431
t180,0.5224891,0.4775109
t202,0.5302968,0.4697032
t210,0.5155506,0.48444942
t219,0.526855,0.47314504
