accepted_species,0,1
t8,0.98186916,0.018130815
t9,0.94351685,0.05648312
t11,0.9818121,0.018187862
t22,0.95031416,0.04968584
t28,0.92061555,0.07938446
t41,0.9267978,0.07320221
t86,0.9675926,0.0324074
t87,0.9501628,0.049837176
t102,0.9675926,0.0324074
t103,0.9675926,0.0324074
