accepted_species,0
t67,0.018850546615852202
t69,0.018850546615852202
t51,0.018850546615852202
t48,0.018850546615852202
t59,0.018850546615852202
t106,0.018850546615852202
t113,0.018850546615852202
t153,-0.797928314525824
t122,0.018850546615852202
t123,0.018850546615852202
t102,0.018850546615852202
t124,0.018850546615852202
t60,0.018850546615852202
t55,0.018850546615852202
t76,0.018850546615852202
t77,0.018850546615852202
t62,0.018850546615852202
