"","c1","c2","c3","c4","c5","c6","c7","c8","c9","c10","c11","c12","c13","c14","c15","c16","c17","c18","c19","c20","c21","c22","c23","c24","c25","c26","c27","c28","c29","c30","c31","c32","c33","c34","c35","c36","c37","c38","c39","c40","c41","c42","c43","c44","c45","c46","c47","c48","c49","c50","c51","c52","c53","c54","c55","c56","c57","c58","c59","c60","c61","c62","c63","c64","c65","c66","c67","c68","c69","c70","c71","c72","c73","c74","c75","c76","c77","c78","c79","c80","c81","c82","c83","c84","c85","c86","c87","c88","c89","c90","c91","c92","c93","c94","c95","c96","c97","c98","c99","c100"
"t50",-0.194093771805204,0.0667371533069262,0.00153951085914369,-0.00907429360093902,0.107237012084722,0.00128261198305449,-0.0010391805614047,0.00660269397331524,0.000268113862719322,-0.269430114718742,-0.0203436727178081,0.000776055355953149,0.000388352936220478,1.56373521705936e-05,0.152102883314915,-0.000287224427214368,-0.0144359743064246,0.000361006992697115,-1.13419309306175e-05,-0.000155713848387609,-0.000529967028183036,-0.00259223206397676,-3.50809786715924e-06,-9.75591451585868e-07,-1.32744688585815e-05,-1.39583175708423e-06,-0.00017620763619008,5.72934162837723e-08,2.64476088653102e-06,-9.18059546184458e-06,4.58385503290188e-05,-0.00248154348628482,3.14854474321802e-05,-2.16330314305871e-05,-2.2171376760588e-06,-1.04100767761689e-05,-1.14109495078212e-05,-4.69105899977166e-07,3.40454470532517e-06,-1.11418469896561e-05,6.6239685626754e-06,1.34058379731583e-15,0.0114860817487878,-2.72213425333991e-17,1.73575813651548e-06,0.00112987453548722,7.66236204622555e-17,-4.74582643649657e-07,8.47532922154783e-08,3.7407702461562e-06,-2.31662426073907e-15,1.78751519126129e-15,3.8494793320799e-16,1.27930968594775e-15,1.60112939535622e-15,-1.86499262425121e-15,3.29971498396745e-06,-1.46892299915159e-16,-9.8024910482757e-06,0.0170275571054432,5.69197738253391e-05,-9.35385549471242e-15,0.859877355688065,-2.44192084648866e-06,-3.04477409605472e-15,-9.93651400850485e-16,-3.3191087294496e-15,5.50031082577156e-16,3.6822472596558e-15,0.316325775547047,-4.38744131329431e-06,-2.37121589416715e-05,3.45362635583806e-06,-3.53166656552275e-15,5.79667634905388e-16,-2.72439045444351e-05,8.90530812976067e-06,-9.11725460788696e-16,-2.33563029510607e-16,-0.00208448903931998,-1.4774201109855e-16,2.89114244613995e-15,6.24523975934505e-16,-2.88399266905333e-15,-1.62717208585649e-15,2.73996000214322e-06,9.89813260903988e-07,1.66633855441137e-16,6.16464697635991e-16,3.49384688409201e-15,5.08631146056467e-17,1.12402995766413e-15,6.18001290612992e-16,-1.76942330187446e-15,1.6797543770308e-15,-5.70866319749772e-15,-1.35084009724556e-15,-1.13223770186659e-15,-1.41246633853425e-14,-0.100000000000001
"t81",-0.195596960827405,0.0677706487880122,0.00157616267030793,-0.0094292735895206,0.11222400786384,0.00136820398023069,-0.00113221743349726,0.00735267398243323,0.000299574209046146,-0.301794180901272,-0.0228761074387451,0.00088091019815406,0.000441635555261442,1.7895978572228e-05,0.174377204883506,-0.000363920791247971,-0.0183892733614724,0.000471358999350436,-1.54653754140297e-05,-0.000216379241997023,-0.000751222676430785,-0.00368571570865458,-5.05682888462357e-06,-1.45836082422046e-06,-2.04715930892637e-05,-2.36293154252017e-06,-0.000302736190120912,9.85873357760832e-08,4.72067138215298e-06,-1.64758882180967e-05,8.52529469555285e-05,-0.004695084478778,6.21946682366216e-05,-4.35173948556373e-05,-4.52063555934927e-06,-2.20225862381902e-05,-3.49979939853701e-05,-1.50046314096638e-06,1.18913633412703e-05,-5.36573243204694e-05,3.37321161331041e-05,4.81432037208466e-15,0.199616063927637,-7.97645704087951e-16,-0.000493429058892965,-0.00787229092494646,-2.28593060674318e-15,1.02283909942536e-06,-1.79342152838834e-07,-7.19599674691681e-06,1.33159948854114e-15,-2.60903956190888e-15,-1.32092312672444e-15,2.76338046151156e-15,-1.17086425464792e-15,1.22465415548582e-15,-3.13191537347784e-06,1.47653100732863e-15,7.86198298909062e-06,-0.00916376676053393,-2.76457259645162e-05,5.75887040219889e-15,-0.347151388889434,7.8299712214046e-07,2.40284486769426e-15,5.16446432557534e-15,-3.42308670945581e-15,2.08633622048742e-15,3.04010658035581e-16,0.389246474168287,1.37893660843719e-07,1.70806335535291e-06,-1.55451295152888e-07,-5.53678377234895e-15,7.18818578124557e-16,-1.95378387682834e-06,1.01174690302283e-06,-9.30017220270798e-16,-8.63765026509868e-16,-0.000271861661470848,4.01010550504239e-15,-8.82193133793254e-15,-1.55733090429477e-16,2.57376912954293e-15,-4.43206150686218e-15,6.55182558683735e-07,2.46567577583222e-07,-1.09058621372182e-14,1.30793597177122e-13,0.707106781186564,7.99911366891248e-14,-3.5852726090923e-15,-1.09748973538293e-15,-7.44342749447682e-14,-4.34118966273293e-15,3.12524059986921e-15,2.11099928152233e-15,-6.36109654428822e-15,-1.62502055658011e-14,-0.0999999999999875
"t82",-0.195596960827405,0.0677706487880128,0.0015761626703076,-0.0094292735895203,0.112224007863841,0.00136820398023102,-0.00113221743349703,0.0073526739824335,0.000299574209046462,-0.301794180901273,-0.0228761074387449,0.000880910198154322,0.000441635555261676,1.78959785729775e-05,0.174377204883506,-0.000363920791248288,-0.0183892733614707,0.000471358999351748,-1.54653754139688e-05,-0.000216379241996635,-0.000751222676430732,-0.00368571570865116,-5.05682888421329e-06,-1.45836082581881e-06,-2.04715930883338e-05,-2.36293154355262e-06,-0.000302736190120518,9.85873357986774e-08,4.72067138353441e-06,-1.64758882167079e-05,8.52529469550171e-05,-0.00469508447878689,6.21946682383784e-05,-4.35173948579286e-05,-4.52063555607855e-06,-2.20225862371069e-05,-3.49979939858501e-05,-1.50046314027392e-06,1.18913633412043e-05,-5.36573243215614e-05,3.37321161317976e-05,6.98478053322987e-15,0.199616063927628,-2.63254385382136e-16,-0.000493429058892426,-0.00787229092494147,-1.37092812843878e-15,1.02283909465349e-06,-1.79342164471411e-07,-7.19599674821737e-06,1.37239151192743e-15,-1.17802461454428e-15,-5.74725672474744e-16,8.76125955474984e-16,-2.27376967776855e-15,4.9722862558596e-17,-3.13191538006962e-06,3.32787698366739e-16,7.86198298517161e-06,-0.00916376676051968,-2.76457259632202e-05,3.66402922591561e-15,-0.347151388889448,7.82997127539192e-07,2.67382962026284e-15,2.21297016638601e-15,-4.46999368759747e-15,4.29026112787761e-15,-6.0221742917515e-16,0.389246474168339,1.37893658011977e-07,1.70806335442944e-06,-1.55451301895231e-07,-6.10469091888068e-15,-2.53743309976075e-15,-1.95378387076517e-06,1.0117468958236e-06,-2.58740509004334e-16,1.43837495952015e-15,-0.000271861661473907,-2.86519970864414e-15,2.24357814319766e-14,-2.12224921040601e-15,3.69420205090839e-15,4.02347610931461e-15,6.55182579095818e-07,2.46567567974691e-07,5.58509909425257e-15,-1.33038496593226e-13,-0.707106781186531,-7.94304081032107e-14,1.73226762101374e-15,3.60476708865896e-15,7.52158367712496e-14,5.44483269354831e-15,-3.73003611671989e-15,-6.19857291875148e-16,2.50836004229814e-15,-1.04648037414995e-14,-0.0999999999999932
"t65",-0.19517915056955,0.0674833753924253,0.00156597429654707,-0.00933058792898589,0.110837544302902,0.00134440522680797,-0.00110634529976943,0.00714408862719529,0.000290824244053616,-0.292792734421293,-0.02217174291349,0.00085174454078898,0.000426814691203076,1.72677054814705e-05,0.168181182594013,-0.000342574309404401,-0.0172889414381156,0.000440640424345635,-1.43172797707271e-05,-0.00019948649765701,-0.000689606288517294,-0.00338119231146665,-4.62549522081759e-06,-1.32388249633183e-06,-1.84665011132279e-05,-2.09339069108488e-06,-0.000267469165329456,8.70774986091588e-08,4.14196674176173e-06,-1.44421241203079e-05,7.42635439749487e-05,-0.00407787073682398,5.36304564906275e-05,-3.74138586676169e-05,-3.87815995136202e-06,-1.87832830733081e-05,-2.84111476443276e-05,-1.21241983563825e-06,9.520635092292e-06,-4.17736432458451e-05,2.6154326827735e-05,6.69440421442892e-15,0.146967379510679,6.45245607227867e-16,-0.000354785627796465,-0.00534872130142179,1.23559255318694e-15,6.01840131812839e-07,-1.05085830763312e-07,-4.11947857156987e-06,-2.3293919846056e-15,6.78896893904032e-16,1.39131167085209e-15,-1.98185715022953e-15,1.94088452611457e-15,-9.37997795568643e-16,-1.3124569804065e-06,-1.07271147002569e-15,2.85333399112355e-06,-0.0016744692825311,-3.38598268850309e-06,-1.27794297675099e-15,0.00181187692835008,-1.64084269725097e-07,-3.78963657768995e-16,-3.98061695576357e-15,4.1072720637777e-15,-5.36747661209284e-15,-1.30298491856415e-15,-0.546310149383527,-2.22225038574765e-07,-3.58532670223415e-06,7.51992773984574e-07,6.49702087850799e-15,2.52649425258531e-15,-8.74996146114385e-06,3.14818257933445e-06,-4.17464743938201e-15,-5.95921338042932e-16,-0.000763540489258798,1.9304291608242e-14,-0.707106781186555,2.50517220246636e-14,-4.01050845007459e-15,-4.30100279546174e-15,1.22598466547836e-06,4.50184096026342e-07,5.52443371607857e-16,3.51378625291957e-17,-3.60822483003176e-14,1.23664130229775e-16,5.48696092662923e-15,8.05490711716859e-16,9.33759154357981e-15,-1.46142610158697e-17,-1.00843311281602e-14,-6.71158964237184e-15,-1.06987901557143e-16,-1.20163645911768e-14,-0.100000000000015
"t66",-0.19517915056955,0.0674833753924253,0.00156597429654725,-0.00933058792898606,0.110837544302902,0.00134440522680749,-0.00110634529976926,0.0071440886271955,0.000290824244053487,-0.292792734421293,-0.0221717429134897,0.000851744540788326,0.000426814691203083,1.72677054817623e-05,0.168181182594012,-0.000342574309404534,-0.017288941438115,0.000440640424345305,-1.43172797703757e-05,-0.000199486497656819,-0.000689606288517643,-0.00338119231146771,-4.62549522145722e-06,-1.32388249619928e-06,-1.84665011131809e-05,-2.09339069091456e-06,-0.000267469165329217,8.7077499015306e-08,4.14196674267747e-06,-1.44421241211281e-05,7.4263543976123e-05,-0.00407787073681783,5.3630456490278e-05,-3.74138586674748e-05,-3.87815995183426e-06,-1.8783283073349e-05,-2.84111476447594e-05,-1.212419836947e-06,9.52063509095107e-06,-4.17736432454107e-05,2.61543268282975e-05,-2.88237849118502e-17,0.146967379510686,7.71163304370843e-16,-0.000354785627795718,-0.00534872130141516,2.26566865243979e-15,6.018401325408e-07,-1.05085830241773e-07,-4.11947856572247e-06,-1.45968560146162e-15,1.41182823606932e-15,2.09016025543629e-17,-2.29043194029579e-15,1.19416855039324e-15,8.9664259937615e-16,-1.31245698054598e-06,-1.1591571149619e-15,2.85333399304035e-06,-0.00167446928252825,-3.38598268597205e-06,-9.33098855907824e-16,0.00181187692835413,-1.64084270404007e-07,-1.14974313489917e-15,-2.28245470733805e-15,4.24556640996957e-15,-2.40673342811147e-15,-1.40517436992227e-15,-0.546310149383547,-2.22225041506171e-07,-3.58532670508078e-06,7.51992774524036e-07,8.75467209538947e-15,-5.89508405489152e-17,-8.74996145323899e-06,3.14818255874045e-06,5.32562585109136e-15,2.82142847303202e-16,-0.000763540489326316,-2.03160990143173e-14,0.707106781186539,-2.44953528808742e-14,-2.44193417869224e-15,5.51790374111194e-15,1.2259846531268e-06,4.50184095696719e-07,4.92297462770483e-16,1.18145396139989e-15,-5.10702591327572e-15,-2.02186963762314e-16,-7.84088166757734e-15,-2.97541766183172e-15,4.51777838965078e-15,1.57024560918148e-15,-2.55167238218573e-15,6.00624629443313e-17,-9.02959232487239e-16,-1.34447447756616e-14,-0.100000000000003
"t14",-0.190806479658114,0.0644680151981262,0.0014586967436684,-0.0082855542386176,0.0961156681122619,0.00108984452246174,-0.000827361931605372,0.00487606889053114,0.000195560919367403,-0.1946986689048,-0.0144845044592769,0.000532297649414519,0.000264370603302923,1.03649039527517e-05,0.10006057727669,-9.88631106879616e-05,-0.00470124686283091,8.59694245425613e-05,-8.46422248000981e-07,1.08285575016637e-07,4.37560111577313e-05,0.000247332992708541,5.39912481203266e-07,3.08019737616949e-07,6.1410612504151e-06,1.3261306392859e-06,0.000182271183614705,-5.97809997734018e-08,-3.33663621202566e-06,1.18896740447497e-05,-6.97758817798964e-05,0.00405942019519252,-6.09342276295668e-05,4.4731826613468e-05,4.80758854932042e-06,2.55442281840788e-05,7.24755424866412e-05,3.25068617521755e-06,-2.80840411734796e-05,0.000161674685446567,-0.000105117740914572,-2.54827557988278e-14,-0.931581858813901,-3.14054937760342e-17,0.00275414153743408,0.0685787555305646,-6.63347074954399e-16,-8.19779353349839e-05,1.75718333425783e-05,-0.00356121901766672,4.22864699171952e-15,1.53153021359556e-16,-1.07917885080484e-16,-3.25134456803778e-16,-2.03628290963149e-15,4.40113992390383e-16,-2.43383703638653e-05,8.05733240044102e-16,4.39052040678259e-05,-0.0206262501971993,-4.34158984506003e-05,1.4303571520385e-15,-0.137568382592442,-8.51351970972085e-07,-6.58922448513316e-16,-4.07250066578473e-16,2.29050395116287e-15,1.02194312470468e-15,-6.85873938915056e-16,-0.00166514346326457,-4.55530357306483e-06,-2.73379248349204e-05,4.52579526339408e-06,-3.64600890941836e-16,-8.15384435486029e-16,-4.31372319732455e-05,1.46752590310456e-05,7.44468524858043e-16,-1.49977123290895e-16,-0.00348138359810864,6.36581600917492e-17,5.84973266936177e-15,2.54911061648581e-17,1.67284571872011e-15,-4.68263603075733e-16,4.8464340565121e-06,1.75619221665905e-06,-2.57024216351093e-16,2.64738251267072e-16,7.54951656745106e-15,-8.45380102694089e-16,-3.42235977882038e-16,-8.22446569951382e-17,-3.11738876319712e-15,2.53772250327848e-16,-1.63981738421072e-15,1.71063364527697e-15,-1.43138430829982e-15,-1.37022049164407e-14,-0.100000000000002
"t89",-0.191519142686712,0.064824372043853,0.00146561052742891,-0.00822978326293929,0.0943296486308357,0.000997909250842467,-0.000606686212734544,0.00106658085799761,1.42100072233933e-05,0.0108386927411121,0.00436765329278292,-0.000681275870388964,-0.000417351696717096,-3.30217904863041e-05,-0.390193901835212,-0.000657326925311753,-0.0325797749295718,0.00077919580848031,-2.37034377063025e-05,-0.000324373062554326,-0.00110561612560854,-0.00541122912231162,-7.35184481146188e-06,-2.08377730409643e-06,-2.9107378070924e-05,-3.60348967810157e-06,-0.000477625392657207,1.56206579768135e-07,8.81370561278148e-06,-3.20563738628974e-05,0.000317665150309767,-0.400925593387582,-9.06591912267135e-06,-7.79372801710797e-06,-1.41694579793012e-06,-1.10885851060305e-05,-2.18721173958557e-05,-9.17747229501669e-07,6.91543672459918e-06,-2.4965480286913e-05,1.50289640830484e-05,3.45465079135241e-15,0.0258735803338102,-1.11374665703459e-16,3.26163130920107e-05,0.00598004832749948,-4.5855673175853e-16,-1.80199183800204e-05,3.91956914074901e-06,-0.000857775788037905,-1.72188277420128e-16,1.60763355669399e-16,4.48538789700372e-17,3.97208760884753e-18,1.6278064281162e-15,-1.05858588729712e-15,-1.17134138613856e-05,-2.10774946634429e-15,2.7661852941057e-05,-0.35381549088437,7.39450990411529e-05,-5.21905742415912e-15,0.00569772654931304,2.69972824828945e-07,-3.18358754331774e-15,1.09967102209832e-15,-2.61267431304852e-15,2.22344717208576e-15,-1.56278902227048e-16,-5.89546892489773e-06,-2.59546233651207e-07,-2.11457578527431e-06,5.42006991045237e-07,-2.08443914824574e-16,-1.4689474958994e-15,-8.92551972979568e-06,3.41825300563654e-06,6.645170080907e-16,5.32951281244297e-16,-0.000846089144219581,-2.00713503786663e-15,5.16733654415655e-16,-1.63279241598448e-15,1.2557892975166e-15,-9.67804231426627e-16,1.48438278799306e-06,5.4800991734468e-07,8.21701948303537e-15,1.66149644006447e-15,-7.63972218820186e-14,-9.62525057550684e-15,-2.92105125081935e-14,-3.25823140778807e-15,-0.707106781186546,-2.34821532674651e-15,1.49131403103734e-14,-9.23874677663341e-15,3.47225306141198e-15,-1.30980460565196e-14,-0.100000000000015
"t90",-0.191519142686712,0.064824372043853,0.00146561052742826,-0.00822978326293963,0.0943296486308358,0.000997909250842538,-0.000606686212734687,0.00106658085799775,1.42100072233594e-05,0.0108386927411132,0.00436765329278317,-0.000681275870389668,-0.000417351696717279,-3.30217904861504e-05,-0.39019390183521,-0.000657326925311851,-0.0325797749295713,0.000779195808480905,-2.37034377056587e-05,-0.000324373062554723,-0.00110561612560811,-0.00541122912231286,-7.35184481145139e-06,-2.08377730431937e-06,-2.91073780710953e-05,-3.60348967766973e-06,-0.000477625392656934,1.56206579505492e-07,8.81370561411163e-06,-3.20563738633165e-05,0.000317665150310576,-0.400925593387583,-9.06591912230543e-06,-7.79372801687227e-06,-1.41694579725244e-06,-1.10885851059357e-05,-2.1872117395712e-05,-9.17747229206357e-07,6.91543672504188e-06,-2.49654802848223e-05,1.50289640850878e-05,2.45225040076893e-15,0.0258735803338026,-3.5079901920815e-16,3.26163130922166e-05,0.00598004832750447,-6.19852138657481e-16,-1.8019918382509e-05,3.9195691410248e-06,-0.000857775788036613,-1.62310541842134e-15,3.4426302922789e-16,5.77576898502006e-16,7.75912355815963e-17,3.16450259518537e-15,-1.14678311603642e-15,-1.17134138617958e-05,-1.68653048048561e-15,2.76618529403249e-05,-0.353815490884374,7.3945099038673e-05,-5.39240151969301e-15,0.00569772654931527,2.69972822055126e-07,2.45086687034798e-15,1.70315588538903e-15,-3.34020525903237e-15,1.89221226169155e-15,5.53931875964445e-16,-5.89546891428122e-06,-2.59546234339921e-07,-2.11457578838799e-06,5.42006985518797e-07,2.30879595598719e-15,2.13346100026388e-16,-8.92551972514629e-06,3.41825301002977e-06,-1.86557287210466e-15,-5.96158405846672e-16,-0.00084608914422403,3.32315332650406e-15,5.56824841646013e-15,3.95794718264873e-15,-5.92723359017627e-15,1.34333882245265e-15,1.48438279257684e-06,5.48009941914076e-07,-8.40792223467895e-15,-2.34202799504713e-15,7.40935091059214e-14,9.86003047242566e-15,2.81131285359773e-14,3.83044843138499e-15,0.707106781186549,4.26981598722759e-15,-2.27277448802972e-14,9.85460629847849e-15,-5.95236048874671e-15,-1.30353129167573e-14,-0.0999999999999892
"t49",-0.190525579704304,0.0641562867854187,0.00144255028285802,-0.00801969128771162,0.0914842487855862,0.000955417096203588,-0.000572651608978981,0.000992083004291076,1.3187658058448e-05,0.010042125192814,0.00403611937830282,-0.000625601209203122,-0.000382772954741153,-3.01573126091185e-05,-0.355928723009557,-0.000560859751006631,-0.0276993312916162,0.000651702458717948,-1.92639238502347e-05,-0.00026035047814079,-0.000875862395524635,-0.00427813342120979,-5.76025198227878e-06,-1.59425918533536e-06,-2.18216712416144e-05,-2.54370178435146e-06,-0.000333979356145246,1.09118628815007e-07,6.01488941037737e-06,-2.18014430510196e-05,0.000211222558622749,-0.263725826735482,-5.80491215288013e-06,-4.93423829437032e-06,-8.89609609552255e-07,-6.80562173803367e-06,-1.08075608224551e-05,-4.43174445007559e-07,3.18579244508301e-06,-9.81458762203153e-06,5.76043626075312e-06,-3.79400279636647e-15,0.00670030070955081,5.98718724153152e-16,6.59871193920123e-06,0.000404097826804497,7.07632813083741e-16,4.8460096453548e-06,-1.09175333491296e-06,0.000284790299154005,2.35478905943364e-15,-5.39984120220749e-16,-6.4115814826898e-16,1.85888503621642e-16,-7.25171132768315e-15,3.72632649171256e-15,1.18956254146584e-05,5.97939941644873e-15,-3.61303351012911e-05,0.862212203992695,-0.000214530159357081,1.34414592011532e-14,-0.0232750227684421,-1.84941241637853e-06,1.38194177822383e-15,-3.56531462076081e-15,7.37345606246273e-15,-4.51726380212569e-15,-6.7031829625263e-16,-0.000146579477461474,-4.93023571876205e-06,-2.84160493887674e-05,4.33773428252121e-06,-3.63310494795887e-15,1.97535652141998e-15,-3.58169232819946e-05,1.17837122617749e-05,4.46940096278719e-16,-1.20463320845191e-16,-0.0027632379942295,-1.24928099950431e-15,1.0833020790574e-16,-3.82003113941939e-15,4.441621238165e-15,-1.352885387138e-15,3.64647507037272e-06,1.31707673550265e-06,-1.20489308336469e-15,4.24492141799551e-16,1.0769163338864e-14,-3.31753141397669e-16,1.13591903504329e-16,2.72221673424512e-16,4.44282400105272e-15,8.42425815910208e-17,-4.44413854860821e-15,-5.18747541516534e-15,-1.34929372813827e-15,-1.4615134347542e-14,-0.0999999999999925
"t95",-0.190856711010518,0.0643753080104568,0.00144997307000516,-0.00808496068975198,0.0923524672917038,0.00096771864795998,-0.000581876538267918,0.00101074659653892,1.34404055852499e-05,0.0102370899983814,0.00411597121715307,-0.000638472307552991,-0.000390700308086627,-3.07946558815034e-05,-0.363487856247978,-0.000569295767958112,-0.0280827861891394,0.000656140749072706,-1.901448338521e-05,-0.000253765080297247,-0.000839656463003323,-0.00408937330906831,-5.42744548003065e-06,-1.42697949923689e-06,-1.82817805881675e-05,-1.21662249489625e-06,-0.000123690539435425,3.90149921924729e-08,-3.64304876723905e-07,3.26988165722709e-06,-0.000236031671930084,0.551725161661022,0.000159242207526201,-9.01877795952492e-05,-8.41145125219123e-06,-3.37433931566525e-05,-2.89374786867043e-05,-1.1887341118936e-06,8.6409601404564e-06,-2.88151646275973e-05,1.71881291478262e-05,-1.42056485577283e-16,0.0270333080472508,9.36776291433308e-17,3.29952863558655e-05,0.00565670404471564,9.31951811137697e-18,-1.47042161444782e-05,3.18514373170907e-06,-0.000681137970272049,-4.91019538757218e-17,-2.3152818599185e-16,-5.72133684426184e-16,3.42481469615915e-16,5.35609037245654e-16,-1.4018671877019e-17,-6.71802643260272e-06,-2.23137168346178e-15,1.33931895969687e-05,-0.0510692282641183,4.79936598746056e-07,-7.64244247369388e-16,-0.00195497039579005,-3.11982136277147e-07,-1.08973343114394e-15,1.90492596128767e-16,-8.39712834159894e-16,9.02089279024004e-16,2.53832561812811e-16,-4.78128946834536e-05,-1.65943561429893e-06,-1.00807404193511e-05,1.72090089581496e-06,1.08846076794719e-15,-5.4573721379311e-16,-1.78545147665462e-05,6.26260096322262e-06,3.21876990845059e-17,-3.51007453194966e-18,-0.00150423579540066,4.1581422425051e-16,-5.15040370831975e-15,-9.48155768476698e-19,-2.83950586188917e-16,-6.36081970686208e-16,2.27554521827363e-06,8.31132439381833e-07,-1.99562358552673e-15,-1.63065266578957e-15,-4.62130334000221e-15,-4.32872899875556e-15,-1.01928109332382e-14,-1.73469368438132e-14,-6.77161779239151e-15,3.9360433384211e-15,1.2937382157237e-15,0.707106781186547,3.40866869775995e-15,-1.40578695044273e-14,-0.100000000000008
"t96",-0.190856711010518,0.0643753080104568,0.00144997307000519,-0.00808496068975201,0.092352467291704,0.000967718647960622,-0.000581876538267974,0.00101074659653892,1.34404055857868e-05,0.0102370899983812,0.00411597121715326,-0.000638472307553226,-0.000390700308085863,-3.07946558815206e-05,-0.363487856247978,-0.000569295767958019,-0.0280827861891397,0.000656140749072605,-1.9014483385213e-05,-0.000253765080297613,-0.000839656463003283,-0.00408937330906755,-5.42744547984826e-06,-1.42697949899836e-06,-1.82817805884467e-05,-1.21662249515966e-06,-0.000123690539435205,3.90149919683987e-08,-3.64304877723303e-07,3.2698816571645e-06,-0.000236031671929156,0.551725161661023,0.000159242207524832,-9.01877795956901e-05,-8.41145125357424e-06,-3.37433931559213e-05,-2.89374786868922e-05,-1.18873411162034e-06,8.64096014261227e-06,-2.88151646271791e-05,1.71881291486141e-05,-3.54523423781682e-16,0.027033308047247,5.64615320438183e-17,3.29952863548228e-05,0.00565670404471402,2.31501255670689e-16,-1.47042161448606e-05,3.18514373294502e-06,-0.000681137970273211,-7.20193709142431e-16,-1.54529094583737e-16,2.69172370048247e-16,-8.07847707375636e-16,1.18183893303313e-15,-9.46055331910511e-16,-6.71802642932731e-06,5.51892811964612e-16,1.33931895955545e-05,-0.0510692282641248,4.79936597529578e-07,-9.83439777258236e-16,-0.00195497039579248,-3.11982140051935e-07,9.85684101909965e-16,1.62263564283653e-16,-1.10217517228942e-15,-1.14788077172345e-15,-2.82043731779494e-16,-4.78128946778955e-05,-1.65943561612905e-06,-1.00807404139819e-05,1.72090089277421e-06,-9.47642934455718e-17,6.01219539224961e-16,-1.78545147663802e-05,6.2626009649502e-06,4.68191562490309e-16,1.56592426573823e-17,-0.00150423579539475,-9.18997810302139e-16,1.55256780285463e-15,3.51850745229927e-17,-5.95358872716007e-16,4.80480050781984e-16,2.27554520961631e-06,8.31132439416717e-07,3.17159608527795e-16,1.6586117296251e-15,-2.47024622979097e-15,4.39752169388863e-15,8.19465303157801e-15,1.75646848748561e-14,1.21039083497121e-14,-1.88101252110899e-15,-7.61253909900268e-15,-0.707106781186548,-5.91378650682321e-15,-1.20094628314198e-14,-0.0999999999999946
"t93",-0.187241787323514,0.0617063760363778,0.00134747784695776,-0.00692482512782358,0.0746941787237217,0.000582605939711158,-8.55168133524634e-06,-0.00584094826882823,-0.000293173407452756,0.340777414074415,0.0318037290725647,-0.00182944198193476,-0.000953742452054493,-1.74574425291434e-05,0.194107121785831,-0.00414817423946247,-0.364950220157964,-0.000913855011938392,-1.2471090657611e-05,-0.000220225322570295,-0.000849056519419517,-0.00420873856403062,-5.97808413310698e-06,-1.7941420874601e-06,-2.53345123336997e-05,-2.82726249550627e-06,-0.00035914558770775,1.16848251375496e-07,5.46338616640813e-06,-1.89933901537489e-05,9.49155761127223e-05,-0.00237235197190688,6.81637545367699e-05,-4.69902675555642e-05,-4.83077021904062e-06,-2.28910411441313e-05,-2.72599165463415e-05,-1.12878048605701e-06,8.30337970527685e-06,-2.79396947210692e-05,1.6625801348715e-05,-7.13897042895243e-16,0.0154811569051689,1.00277441846493e-16,8.54411343591128e-05,0.0211252963160265,1.81621525340925e-16,-1.64361721480685e-05,3.56338991092412e-06,-0.00076476667094225,1.67960529788628e-15,1.00104581448994e-18,-4.05710009566872e-16,-1.80033842740398e-16,6.86383910699702e-17,-6.0744859940499e-16,-7.31658382538399e-06,-1.0843436369637e-15,1.39182500339205e-05,-0.00347051211384665,-1.46567703084892e-05,1.4339999661318e-15,-0.00209157724178986,-5.63929871903265e-07,4.75751206017005e-16,-3.71634638255814e-16,-7.66125057966212e-16,-2.23723311418629e-15,-2.44740356628847e-16,-4.1860903732871e-05,-2.89256443023637e-06,-1.7801058141793e-05,3.19037184046142e-06,9.17432310016015e-15,6.09173632976026e-16,-5.18287712161852e-05,4.27601035072194e-05,1.71837240642577e-14,-4.63157286037532e-15,-0.395869703430377,1.64253775797937e-15,-2.16276937723154e-14,5.16956879229054e-15,-1.80013350794471e-15,-6.96044585724903e-16,8.93330510625273e-07,3.87217928764762e-07,-1.10895460015291e-15,-2.09432130267552e-15,-2.60902410786912e-15,1.12502213122165e-15,1.1364990438051e-15,-1.06290957293309e-14,1.85467975753363e-14,5.63017164836109e-15,0.707106781186539,-6.74247906543672e-15,-1.17915545910884e-14,-1.63871866985295e-14,-0.10000000000003
"t94",-0.187241787323514,0.0617063760363779,0.00134747784695772,-0.00692482512782362,0.0746941787237218,0.00058260593971134,-8.55168133544654e-06,-0.00584094826882757,-0.000293173407452689,0.340777414074414,0.0318037290725645,-0.00182944198193459,-0.00095374245205423,-1.74574425293792e-05,0.194107121785831,-0.00414817423946227,-0.364950220157964,-0.000913855011938566,-1.24710906574503e-05,-0.000220225322570675,-0.000849056519419755,-0.00420873856403055,-5.97808413321781e-06,-1.79414208741831e-06,-2.53345123339086e-05,-2.82726249485392e-06,-0.000359145587707401,1.16848250723274e-07,5.46338616476726e-06,-1.89933901538302e-05,9.49155761127263e-05,-0.00237235197190457,6.81637545352576e-05,-4.69902675550647e-05,-4.83077021919143e-06,-2.28910411442012e-05,-2.72599165466236e-05,-1.12878048621572e-06,8.30337970528402e-06,-2.79396947217442e-05,1.66258013481175e-05,1.29021283931471e-15,0.0154811569051667,7.25619618662112e-16,8.54411343592515e-05,0.0211252963160263,1.5331843973657e-16,-1.64361721496042e-05,3.5633899114443e-06,-0.000764766670944169,-1.1234612991131e-15,-7.95096494864802e-17,5.45508426913512e-16,3.85359945304443e-16,-2.92174512000574e-16,-6.90829210965296e-16,-7.3165838217129e-06,5.07575293593799e-16,1.39182500324012e-05,-0.00347051211384735,-1.46567703059138e-05,-1.69768186465122e-17,-0.00209157724179608,-5.63929870248789e-07,1.10582473365939e-15,4.40669770879502e-16,1.13294727352027e-15,-6.28241132412824e-16,-5.39675172671751e-16,-4.18609037255852e-05,-2.892564431544e-06,-1.78010581415821e-05,3.1903718380864e-06,7.55146598332155e-15,1.55443224014124e-15,-5.18287712178073e-05,4.27601035078097e-05,1.69540117811373e-14,-2.59348616954116e-15,-0.395869703430361,3.97708915010399e-15,-1.41614439317113e-14,1.82501731949784e-15,-2.6947145015668e-16,4.56759641450825e-16,8.93330506968222e-07,3.87217929842699e-07,-5.16732079599718e-16,6.14530770577326e-16,4.57966997657877e-15,-7.76975218930544e-16,-1.02339586509221e-15,1.37926117919348e-14,-1.85222915423777e-14,-3.74644367436706e-15,-0.707106781186556,9.73570955707982e-16,9.28624748898358e-15,-9.7673886159251e-15,-0.099999999999979
"t74",-0.186755630307522,0.0613890698061309,0.00133693373536972,-0.00683742001253727,0.073583231378718,0.00057046313651566,-8.31871509576068e-06,-0.00564441052836556,-0.000283024609418659,0.32873778728967,0.0306448212642065,-0.00175791183269747,-0.000915959889453766,-1.67349921281181e-05,0.185980128351318,-0.00386741164309068,-0.339779435880357,-0.000845533153320458,-1.14175331906349e-05,-0.000200726074587184,-0.00077034832602294,-0.00381593330690216,-5.40343216500863e-06,-1.60881911258008e-06,-2.25687314574334e-05,-2.47274580476921e-06,-0.000313249713852223,1.0188675235482e-07,4.73247867856742e-06,-1.64366372305319e-05,8.16346114095708e-05,-0.00203454928089141,5.80502033230962e-05,-3.99040557353809e-05,-4.09374133400421e-06,-1.929137159642e-05,-2.19561828791771e-05,-9.05447196659503e-07,6.60728184572882e-06,-2.17093878427681e-05,1.28746001420359e-05,-2.95959104896982e-16,0.0115016926348142,-4.80056193484279e-16,6.23450285240737e-05,0.0147976064174583,-6.53955239142336e-16,-1.05069593404435e-05,2.27242971920534e-06,-0.000481280840656178,-5.53914592873405e-16,-3.09109646902887e-16,-2.82546252445229e-16,-1.87075068999887e-16,6.64134165834738e-17,1.06037389178706e-15,-3.97658939660019e-06,7.19719586139674e-16,7.18168554158361e-06,-0.0015228789803269,-6.1002568216551e-06,-1.63651971249657e-15,-0.000779486362445722,-1.7664060574992e-07,-1.6038671909744e-15,-4.5063739493978e-17,-1.03604245689473e-15,2.62337618001448e-15,6.66367456405986e-16,-4.44840919758965e-06,-2.42935426960807e-07,-7.21321349952018e-07,-2.85168587129725e-07,-1.78214070890679e-14,-1.73988990926645e-15,4.39262987029781e-05,-6.73100996273728e-05,-3.60008065990981e-14,7.72583622868528e-15,0.828503853837328,-5.79859454126933e-15,4.05522235322155e-14,-7.76523205125741e-15,7.9669329174968e-16,-3.89587293684517e-16,6.3036421010049e-06,2.17216896474197e-06,-4.79154819262503e-16,1.54340743555823e-15,-1.65145674912992e-15,-3.37949208213554e-16,-1.63150053576297e-15,-2.4577978098575e-15,4.19353952182522e-15,8.02561562012793e-16,5.88342243005478e-15,2.37409607483073e-15,-9.9992594151606e-16,-1.37431385248747e-14,-0.0999999999999942
"t21",-0.18416621662659,0.0596563047730458,0.00127776065522718,-0.00632091420275378,0.0668478691165968,0.000491273517457085,-6.65978102616053e-06,-0.00409612151522549,-0.000201731057571477,0.231083188794232,0.0210553465146565,-0.00113547377456383,-0.000583815688309773,-1.01501391625327e-05,0.111142157911239,0.0033168988270549,0.381405828099618,0.00375864382145518,-5.38025057267484e-05,-0.000638561042287651,-0.00194041520768978,-0.00934968519703351,-1.18986387256861e-05,-2.90552912127216e-06,-3.61925547928038e-05,-3.08834820880441e-06,-0.000378410448576821,1.22654848259695e-07,5.26034984537426e-06,-1.80580950613584e-05,8.30866931297259e-05,-0.00199555248193808,5.17576360703208e-05,-3.41227138057974e-05,-3.39122368751747e-06,-1.45937147990419e-05,-8.626278879416e-07,4.08258836806691e-08,-1.48650586983047e-06,1.98063019556052e-05,-1.33324525402701e-05,-2.99187646091539e-15,-0.0412477025022896,-2.94230752692639e-15,-0.000379919958466684,-0.856918939804253,1.61625222628109e-15,-9.33877625003652e-05,1.98713101734049e-05,-0.0038914080128283,-2.74988017322904e-15,7.59728405089681e-16,-2.25859833370927e-15,-4.94747661603921e-16,3.67728072750381e-15,1.62016040157356e-15,-2.30687520808587e-05,2.34458236104467e-16,4.05214019115172e-05,-0.00863375682070763,-3.52113457848409e-05,1.49170059330704e-15,-0.00473854000944902,-1.1944425377071e-06,-2.5471352295349e-17,1.07143405678601e-15,-7.98249935006505e-16,6.7775426192445e-16,-1.61606157983977e-16,-7.42598339842845e-05,-5.04823960845813e-06,-3.01185530470358e-05,4.94149130433368e-06,-5.65301860717166e-16,-2.74308875914697e-16,-4.70192310473822e-05,1.63550226255165e-05,-4.19934840065481e-16,9.49237245059094e-17,-0.00920082417432944,-5.53758178722145e-16,4.64495619218181e-15,3.18357373601131e-16,-6.63329096436198e-16,5.36915399457143e-17,5.26924417675613e-06,1.91249946642954e-06,-1.17582908527008e-15,-3.87316079842088e-16,-1.90125692967058e-15,1.30543983089194e-17,-1.3440358645127e-15,-1.47502088188199e-15,3.99226828980573e-15,9.54251106323467e-16,-3.68993410379804e-15,1.98211632303911e-16,-1.43638848981882e-15,-1.39535860044161e-14,-0.100000000000007
"t69",-0.185377899347112,0.0604440052815569,0.00130380050122031,-0.00653412826142885,0.0695379380978627,0.000519920570398387,-7.18660835044568e-06,-0.00451212529525787,-0.000222935264781234,0.255982707167639,0.0234115931217801,-0.00127412728701903,-0.000656283947054301,-1.14813491429107e-05,0.125935899583169,0.00417406774578864,0.482861510635031,0.00489414345600074,-7.37678951054413e-05,-0.000896295344667953,-0.00279335534666148,-0.0135127870925938,-1.75079582623572e-05,-4.49103396678271e-06,-5.84769184061423e-05,-5.77339158512799e-06,-0.000725475881546502,2.35784530867522e-07,1.07965794382057e-05,-3.74391738158313e-05,0.00018453968068091,-0.00458907205100015,0.000130627785244845,-8.98060866832035e-05,-9.21738953970254e-06,-4.3548885740976e-05,-5.37240597328497e-05,-2.24219910412259e-06,1.67894735241224e-05,-6.07902915458053e-05,3.66609916430036e-05,2.02578377949062e-15,0.0440820454476325,5.68820036580897e-16,0.000298831826498824,0.360229652376995,-3.07883125768724e-16,6.96547648274045e-06,-1.3743636127876e-06,0.000160783123435351,1.46216063493844e-15,-6.03677988768107e-16,9.40196044854804e-16,6.35171920149549e-16,-2.94604287842298e-16,-3.00277591121621e-16,-3.23552621586942e-06,-9.05569089522139e-17,7.11372147270839e-06,-0.00212548266779988,-9.20912547902463e-06,-6.56822400214148e-16,-0.00135797718183228,-3.74582340098157e-07,1.74898501698728e-15,6.92738761951124e-16,7.51265537898602e-16,1.07336205099613e-16,-7.12807937450006e-17,-2.7606557863373e-05,-1.89825387011562e-06,-1.1554368649443e-05,1.98624013076305e-06,3.04166935461137e-15,9.29069753081525e-16,-2.12235074299532e-05,7.67334719282677e-06,-3.05189285869534e-15,1.71114015961503e-15,-0.00438342016592198,-9.93880546797891e-15,-1.96303601665841e-16,9.64332810334243e-15,-0.707106781186548,3.31720782778415e-14,2.76634333545376e-06,1.01291398512602e-06,9.53022494646494e-16,-1.19144801953377e-15,1.73472347597681e-15,1.52523375479055e-16,-2.34423619918574e-15,1.35810801746956e-15,-3.32253345253343e-15,9.09086355782665e-16,-4.36411329081752e-15,-1.19992779503094e-15,-7.18586784336089e-16,-1.32464220213777e-14,-0.0999999999999928
"t70",-0.185377899347112,0.0604440052815568,0.00130380050122036,-0.00653412826142886,0.0695379380978626,0.000519920570398537,-7.18660835039299e-06,-0.00451212529525846,-0.000222935264781263,0.255982707167639,0.0234115931217812,-0.00127412728701893,-0.000656283947054382,-1.14813491426895e-05,0.12593589958317,0.00417406774578867,0.482861510635032,0.00489414345600061,-7.37678951050136e-05,-0.000896295344668405,-0.00279335534666185,-0.0135127870925935,-1.75079582618704e-05,-4.4910339668068e-06,-5.84769184057367e-05,-5.77339158446233e-06,-0.000725475881546219,2.3578453113965e-07,1.07965794382043e-05,-3.74391738155891e-05,0.000184539680681216,-0.00458907205100121,0.000130627785244068,-8.98060866833035e-05,-9.21738953899988e-06,-4.35488857410107e-05,-5.372405973243e-05,-2.24219910516877e-06,1.67894735236448e-05,-6.07902915456371e-05,3.66609916425476e-05,2.26453536189283e-15,0.0440820454476346,1.88128592662665e-15,0.000298831826497964,0.360229652376994,-1.07341816513157e-15,6.96547648065157e-06,-1.37436361514589e-06,0.00016078312343899,8.32273249103273e-16,-4.64671061436313e-18,7.20588050931271e-16,-1.46669450892711e-16,-2.88058362396203e-15,-1.00145796525206e-15,-3.23552621680708e-06,-7.04353731823605e-16,7.11372147117083e-06,-0.00212548266780742,-9.20912547914772e-06,-5.57398477879995e-16,-0.00135797718182516,-3.74582339283012e-07,-1.55089766298658e-15,-1.94625187495473e-15,-7.36623667911273e-16,-5.36155586084954e-16,5.34070882070163e-16,-2.76065578705617e-05,-1.89825387028524e-06,-1.15543686457432e-05,1.98624013274603e-06,-2.51743408864264e-15,-3.13189076102197e-16,-2.12235074169851e-05,7.67334717241839e-06,3.58559370273562e-15,-2.07888119869864e-15,-0.00438342016592429,1.04221376291113e-14,-2.45838301433959e-15,-1.00072349534217e-14,0.707106781186547,-3.39058128061945e-14,2.7663433277336e-06,1.01291398193946e-06,-2.16229086175588e-15,1.32525387025398e-15,2.34534613952064e-15,-1.79947003603872e-16,2.12670504946993e-15,2.74557380516799e-16,3.75860777640403e-15,4.66541862652635e-16,-2.7542899051104e-15,-1.18605000722303e-15,-1.63784706693206e-15,-1.29061205670303e-14,-0.0999999999999972
"t6",-0.135233637858137,0.0217480734064444,-0.000291245588067787,0.0165621346292429,-0.373700293189253,0.0376978458791932,-0.0037028779248638,0.00482465344192445,9.43991463463225e-05,-0.0176972165474534,0.00812291430350995,-0.00123912593743646,-0.000700810095516566,-2.2709641946235e-05,-0.000987689403047521,0.000303745810666771,0.00178621224439791,-0.00286921519375753,0.000254311151680805,0.00660641003336368,0.077983425410198,0.566626729643477,-0.000787687263488226,-4.27613903325239e-05,-0.000387670902756062,-2.50120127725537e-05,-0.00302881629241321,9.80786087933548e-07,4.16169574039432e-05,-0.000142870711594853,0.000659404455181796,-0.00114456327580249,0.000440990013750445,-0.000296780836703224,-3.00206339056686e-05,-0.000136804156903798,-0.000131063618304907,-5.34315891669357e-06,3.8133782841006e-05,-0.000116424832655655,6.81385140722945e-05,0.707106781186548,0.00540365644861538,1.03146581328193e-15,0.000494781747613302,0.00267073487215224,2.78556216316373e-16,-0.000109908185080105,2.51042146677075e-05,-0.0471095570628428,1.91969729134105e-15,-1.97342492651631e-16,-1.35282029277021e-15,-1.15741242227478e-15,1.47897535633977e-15,1.03810142929811e-15,-2.64128938109334e-05,-3.45449300966133e-16,4.95185449314401e-05,-0.0010293104290909,-5.21828831570077e-05,7.19076911438975e-16,-0.000605118704622265,-1.85744794688694e-06,7.83633579174105e-16,-6.30606376306968e-17,-8.59438879319893e-17,-2.186954927221e-17,6.52991263450342e-17,-1.07963303678238e-05,-8.33890747198281e-06,-5.01226989667338e-05,8.36767396383139e-06,1.12877834605328e-15,3.78657514939692e-16,-8.26286013228061e-05,2.81927770102842e-05,-5.04812882074814e-16,-1.93599333459727e-16,-0.000632638926212634,3.89651262891967e-16,4.68492954902003e-15,4.16839920205511e-16,-4.75124662362525e-16,-5.75888476046836e-16,1.00680850048001e-05,3.66468776935912e-06,-4.17301962661393e-16,-6.17871904209128e-17,2.6853519408121e-15,1.80442229268734e-17,-3.36670522644272e-16,1.15570362149347e-15,3.09499174193492e-15,8.52428779366733e-16,-2.59538619738998e-15,-8.60046590754429e-16,-9.80232349414528e-16,-1.29496813738011e-14,-0.100000000000001
"t7",-0.135233637858137,0.0217480734064445,-0.000291245588067789,0.0165621346292429,-0.373700293189253,0.0376978458791933,-0.00370287792486369,0.00482465344192474,9.43991463468215e-05,-0.0176972165474539,0.00812291430351,-0.0012391259374367,-0.000700810095516306,-2.27096419462335e-05,-0.000987689403047077,0.000303745810668302,0.00178621224439863,-0.00286921519375699,0.000254311151681422,0.00660641003336479,0.0779834254101979,0.566626729643478,-0.000787687263488718,-4.27613903320786e-05,-0.000387670902755734,-2.50120127724635e-05,-0.00302881629241275,9.8078608872097e-07,4.16169574025031e-05,-0.000142870711595521,0.000659404455181711,-0.00114456327580541,0.000440990013748549,-0.000296780836703522,-3.00206339075704e-05,-0.000136804156903951,-0.000131063618306615,-5.34315891556889e-06,3.81337828358655e-05,-0.000116424832641582,6.81385140673689e-05,-0.707106781186547,0.00540365644865437,-9.74269338638904e-16,0.000494781747607117,0.00267073487215521,2.22574947314958e-16,-0.000109908185084004,2.5104214670739e-05,-0.0471095570628474,2.60323590428073e-16,5.42690078547114e-16,2.37416060631919e-16,5.27825129051362e-16,-9.02154290179066e-16,-3.82225138244724e-16,-2.64128938199951e-05,3.70476201235939e-17,4.9518544931914e-05,-0.00102931042909851,-5.21828831573108e-05,-4.6786740384001e-16,-0.000605118704621238,-1.85744794785656e-06,-9.44990841246141e-16,5.37419462950262e-17,2.19742239926808e-17,6.87033519795878e-17,-1.11933521051364e-16,-1.07963303657768e-05,-8.33890747112327e-06,-5.01226989664245e-05,8.36767396357709e-06,-1.47235146909448e-15,7.15766402442779e-17,-8.26286013228599e-05,2.81927770096724e-05,1.15293114960617e-16,1.75479187809269e-16,-0.00063263892621216,-5.79014760975762e-16,-2.14988094632859e-15,-7.19165595486799e-16,-3.10354525084476e-17,5.08862097224177e-17,1.00680850050322e-05,3.66468776982881e-06,-7.5541031687131e-16,4.26192290989734e-17,2.70616862252382e-16,-2.17286770861228e-16,-7.54386535186277e-16,-7.58730904872139e-16,1.88762420265501e-15,8.19481205111381e-16,-4.60766542952337e-15,-4.50651850423941e-16,-1.43419675309084e-15,-1.36147840267647e-14,-0.1
"t32",-0.137512564211019,0.0225087207329698,-0.0003075656086173,0.0182135118892692,-0.419817313780158,0.0452074411159541,-0.00485054661455136,0.00709590461132258,0.000141743236038253,-0.0269983192717563,0.0127170870655656,-0.00207777062616641,-0.00119229609703646,-4.07475660885866e-05,-0.00180007645847234,-0.00177059791841266,-0.00784909894708373,0.00553245783026491,-0.000210742506361269,-0.00411432190220475,-0.0368478876517814,-0.256971714245464,0.000298092260903026,1.01168710198301e-05,6.04724745130634e-05,5.7286150833323e-07,3.10349280893272e-05,-8.82885418173055e-09,6.68603664528176e-07,-2.74105913050226e-06,2.41066481734724e-05,-4.9499919474183e-05,2.48390539150012e-05,-1.79555571547613e-05,-1.89615434337207e-06,-9.40987350318643e-06,-7.32319263650288e-06,-2.70115793236261e-07,1.46204928873741e-06,1.39594094187744e-06,-1.42836432183379e-06,-2.88477904033097e-15,-0.000941119847026061,-1.34300231935554e-16,-0.000135367466109556,-0.00167939484210846,-4.39679304885442e-15,0.000653720841349831,-0.000167957164078807,0.850574186365029,-1.73185745411066e-14,-4.26647860391604e-15,9.63560766718721e-15,3.97453398523218e-15,-6.89985078113981e-15,-4.01615995973203e-15,-5.41679014660639e-05,1.64159404216735e-15,8.55405216952066e-05,-0.00137744441651328,-6.67888196728843e-05,-4.88089331151692e-16,-0.000724822219409359,-2.08743944011238e-06,5.18098813943375e-16,-2.08104863696414e-16,-7.67135800467679e-16,-1.01511306198814e-15,4.66304668223029e-16,-1.08176996799249e-05,-8.2940350208248e-06,-4.92177584970032e-05,7.97962475469318e-06,5.6167707133463e-16,-3.22880864483919e-16,-7.35827267054946e-05,2.45792312836403e-05,4.10360543140985e-16,-1.98899163023708e-17,-0.000547074735690155,1.065256833342e-15,-2.99497726558056e-15,-3.77145447583884e-16,-2.13967318007559e-15,2.67036393585979e-16,8.30003775908154e-06,3.0092135885592e-06,-9.9796834961726e-16,-2.83598169697292e-16,-1.06858966120171e-15,2.21189533086918e-16,3.50213585290435e-16,1.44116456336199e-16,7.38680155584821e-16,4.44502178050095e-16,-4.56470427907659e-15,-1.85046872120384e-15,-1.21654461207328e-15,-1.39413726327017e-14,-0.100000000000005
"t87",-0.138478042634327,0.0228254293458443,-0.000314234654492134,0.0188653319598151,-0.43771642633262,0.0479896711769237,-0.00525373972999266,0.00784959078809916,0.000157313133693628,-0.0300367726822979,0.0142022028909177,-0.00234197304568406,-0.00134634483002156,-4.63020052815459e-05,-0.00204900617938123,-0.00223384909527666,-0.00995967777984863,0.00720968315382833,-0.000288142513608119,-0.00574729452910414,-0.0526629533040982,-0.368569105992497,0.000434453148018515,1.53972718546765e-05,9.56128345627347e-05,1.02131751022378e-06,5.64449438957276e-05,-1.6091569115413e-08,1.28187627782329e-06,-5.29568997579086e-06,4.9024370881734e-05,-0.000103239800272327,5.53098959364786e-05,-4.1138215005675e-05,-4.43870566097733e-06,-2.33975606104313e-05,-4.11701212612825e-05,-1.73528488073929e-06,1.31603079492952e-05,-4.69599839409644e-05,2.80462084346795e-05,2.01790307223049e-15,0.00280466486803606,2.08487345934931e-16,0.000284135838783421,0.0019896494993619,1.68760476255464e-15,-0.00032239140248287,8.11871077697865e-05,-0.368816160568427,7.20404028144184e-15,2.23631780729917e-15,-3.97898030668301e-15,-1.71733334765711e-15,2.79476264587192e-15,1.68268400159434e-15,6.8782715649702e-06,-5.99584676476521e-16,-6.05170921448256e-06,-5.33252251731259e-05,-4.14016533986324e-06,-1.54979831879118e-16,-7.21623363064555e-05,-2.91337906796362e-07,7.94010655217308e-16,4.14454978968665e-16,-3.3187678861579e-16,4.36853804129051e-16,-5.35751051622566e-16,-2.42144720145887e-06,-1.90703702162723e-06,-1.18491600615886e-05,2.12774399270283e-06,4.79575635623932e-17,-7.90329343656032e-17,-2.46765838054092e-05,8.84094588863093e-06,-9.52264036708924e-16,-8.92213600902718e-16,-0.000202163415210288,1.82944246898906e-15,4.82682409762761e-17,2.95580036413799e-15,-1.18606520974094e-16,6.85217440392989e-16,3.60790019961091e-06,1.32650664894533e-06,-7.37026913522397e-16,1.91655637252735e-15,-2.27595720048157e-15,3.21952594133402e-16,-1.0523352449679e-14,-0.707106781186548,1.85446652859298e-14,1.46157569660207e-15,-1.53794707251355e-14,-1.85188775503249e-14,-1.57109891530338e-15,-1.69876247934623e-14,-0.0999999999999967
"t88",-0.138478042634327,0.0228254293458444,-0.000314234654492209,0.0188653319598151,-0.43771642633262,0.0479896711769237,-0.00525373972999251,0.00784959078809906,0.000157313133693912,-0.030036772682298,0.0142022028909178,-0.00234197304568408,-0.00134634483002177,-4.6302005281436e-05,-0.00204900617938114,-0.00223384909527703,-0.00995967777984842,0.00720968315382733,-0.000288142513608126,-0.0057472945291047,-0.0526629533040979,-0.368569105992498,0.000434453148018604,1.53972718543455e-05,9.56128345619433e-05,1.02131751061197e-06,5.64449438956249e-05,-1.60915707828715e-08,1.28187627716021e-06,-5.29568997641621e-06,4.90243708817857e-05,-0.000103239800272042,5.53098959370811e-05,-4.11382150058753e-05,-4.4387056610612e-06,-2.33975606109939e-05,-4.11701212612037e-05,-1.73528488035999e-06,1.31603079491664e-05,-4.69599839426871e-05,2.80462084347886e-05,1.72157293796826e-16,0.00280466486803549,-3.27955213611709e-17,0.000284135838783144,0.00198964949935861,1.77981089042927e-15,-0.000322391402481801,8.11871077702619e-05,-0.368816160568427,7.61187503669736e-15,1.3367668139705e-15,-4.56013831089356e-15,-1.59854882306797e-15,2.91771132319127e-15,1.52980045225053e-15,6.87827156500576e-06,-6.49581969084993e-16,-6.05170921448216e-06,-5.3325225173616e-05,-4.1401653402972e-06,4.87671087138118e-16,-7.21623363059837e-05,-2.91337905030835e-07,-9.59658375695834e-16,-4.97291196703732e-16,3.69276596058302e-16,3.95500092600513e-16,7.17481804364651e-17,-2.42144720482076e-06,-1.90703702405306e-06,-1.18491600545944e-05,2.12774399060726e-06,-7.91895759591823e-16,5.71185235870065e-16,-2.46765838047817e-05,8.84094588552666e-06,3.32957207036186e-16,8.02430352072928e-16,-0.000202163415205848,-2.88908885213775e-15,3.69118754052757e-15,-3.16031344489928e-15,1.074883230497e-15,-1.45197862266249e-15,3.60790020869998e-06,1.32650664795032e-06,-4.60890650743711e-16,-1.75002613020544e-15,1.92901250528621e-15,-4.53224253998119e-16,8.55355440952095e-15,0.707106781186548,-1.47065143015937e-14,4.51128519232897e-16,9.14951922517648e-15,1.66960090120042e-14,-9.84236889785395e-16,-9.2207123104178e-15,-0.0999999999999944
"t25",0.0636872088229664,0.0324763489466356,-0.166940464952291,-0.0418411254202977,0.00170035535026797,0.00325364282969185,0.000113508751544247,-0.0280849570043637,-0.00223872092763535,-0.000981542896563322,0.00411832568113742,-0.000221092245047716,-0.000100045961917999,-1.3365579116169e-05,-1.16964362407296e-07,0.0158435129042122,0.00054980400225529,-0.079074951808324,0.00677654752248461,0.635297301786474,-0.155472691879081,0.012205454215134,0.127797833733841,-0.00032240506486742,-0.00305415226721462,-0.000184106099134282,-0.002237360588097,4.20476046589103e-05,0.0473896160139988,-0.0010241205691168,0.000486435729976081,-4.3170289291655e-05,0.00332153917357979,-0.000213522958891851,-0.000224918941192301,-0.000101246858098792,-0.000927807151290624,-3.77895117605677e-05,2.9051228915858e-05,-0.0327306273435988,0.000310481243297837,1.18528812999153e-15,0.000214353305029922,-1.01251964008936e-15,0.000357758944052769,0.000105622896633881,2.70122468302343e-15,-0.0152993499032299,4.59506643680494e-05,-0.000130025704289835,-2.83015901256845e-15,-4.05879648888798e-16,4.01195879510845e-15,-1.47763782659058e-14,-0.707106781186548,-3.98906418194784e-15,-0.00556492237786521,-5.01857183423816e-17,0.000324226969626363,-4.53824388697187e-05,-0.000334497878104612,-2.91516331375368e-16,-2.65528315512922e-05,-1.17120593308281e-05,-2.31810482340639e-15,-6.34363083720972e-16,-8.90856668833166e-16,3.08042539648305e-16,3.04529523040735e-16,-4.74924972114835e-07,-5.1686528724432e-05,-0.000310094759890384,5.15557321543835e-05,2.11792864065307e-16,-6.21228543981321e-16,-0.00276107541039183,0.00447192530299862,-8.09606688015493e-16,2.27698351483951e-16,-2.71529445976461e-05,-1.26128303503811e-15,4.11408363776522e-16,9.53175619699089e-16,-1.33962034706419e-15,-8.98994421749176e-16,5.91619863202821e-05,0.000539523458959462,-4.4779397784273e-16,-5.30809833102468e-17,1.346145417358e-15,-5.43157510567846e-16,-1.22395959387067e-15,5.38064252929942e-16,2.76872644174659e-15,6.82113204120249e-16,-3.39120596735076e-15,-1.40710258730455e-15,-9.19407045674366e-16,-1.3202083048602e-14,-0.0999999999999994
"t26",0.0636872088229664,0.0324763489466356,-0.166940464952291,-0.0418411254202977,0.00170035535026792,0.00325364282969193,0.000113508751544236,-0.0280849570043637,-0.00223872092763514,-0.00098154289656343,0.00411832568113744,-0.000221092245047671,-0.000100045961918207,-1.33655791160629e-05,-1.16964362488828e-07,0.015843512904213,0.000549804002255398,-0.0790749518083236,0.00677654752248464,0.635297301786476,-0.155472691879081,0.0122054542151339,0.127797833733841,-0.000322405064867238,-0.0030541522672142,-0.000184106099134189,-0.00223736058810046,4.20476046585688e-05,0.0473896160139987,-0.00102412056911699,0.000486435729975892,-4.31702892929902e-05,0.00332153917357944,-0.000213522958891617,-0.000224918941192117,-0.000101246858098772,-0.000927807151290763,-3.77895117605706e-05,2.90512289156168e-05,-0.0327306273435991,0.000310481243297984,-1.00740234363888e-15,0.000214353305027667,9.95844472393144e-16,0.000357758944050519,0.00010562289664013,-2.52305356447012e-15,-0.0152993499032288,4.59506643712699e-05,-0.00013002570427852,2.70942711765724e-15,5.01017545282142e-16,-4.40851573886726e-15,1.48111489444117e-14,0.707106781186547,4.58670252134942e-15,-0.0055649223778238,2.16906613930896e-16,0.000324226969606708,-4.53824388585189e-05,-0.000334497878108583,3.89788557502225e-16,-2.65528315555839e-05,-1.17120593299403e-05,3.12424937984359e-15,8.79034364090413e-16,9.31008915926658e-16,-5.64240620813317e-16,-3.5270333142698e-16,-4.74924968530896e-07,-5.16865287234283e-05,-0.000310094759893096,5.15557321554135e-05,-6.748700117803e-16,9.90989808047426e-16,-0.00276107541039137,0.00447192530299886,7.46998577344727e-16,4.80894771171177e-17,-2.71529445978285e-05,9.78705649842019e-16,1.37938406337158e-15,-1.75849411274448e-15,1.05776749673496e-15,4.48432593365077e-16,5.91619863212015e-05,0.000539523458960265,-3.21724798383592e-16,1.87423768401596e-17,3.46944695195361e-17,5.2680485720509e-16,-6.01194868154768e-16,1.63363982303133e-16,1.12420858652059e-15,1.03432294712336e-15,-4.08856480469339e-15,-8.34643840232198e-16,-1.52033479736462e-15,-1.32301519543252e-14,-0.1
"t33",0.0685950681362374,0.0380104047991049,-0.216278960219669,-0.0684135780601773,0.00320728808079737,0.0111359002383064,-0.0231469484103046,0.078810596642753,0.00539358812748019,0.00213703174070074,-0.00777116529119681,0.000311911167626316,0.00013426336034562,1.52918023447183e-05,1.28446577063804e-07,-0.00390486067953572,-0.000127560376263954,0.0140374664030532,-0.000785588271351145,-0.0643245159065032,0.0165061815904924,-0.00138767181344221,0.0804190470103874,3.47508316727548e-06,1.62030750743903e-05,2.05029557652678e-06,6.4696682834596e-05,-1.33744187960353e-06,-0.277064868728097,-0.000689580945981055,6.83665283984712e-05,-5.24194907110191e-06,0.000351156616299576,-2.2134233396623e-05,-2.31331266688899e-05,-1.03649402950002e-05,-0.000117651638883413,-4.99470260332755e-06,4.29844469616914e-06,-0.0558695658460796,-0.000211480356749578,-6.52133450373373e-15,1.16850282234557e-06,6.37672534303791e-16,3.12539385485386e-07,-4.74714758776513e-06,-1.41824203099468e-15,0.112349589241772,0.000392124556725227,-7.35236831662209e-05,7.35099365159461e-16,-2.78105304115773e-15,1.85618286653683e-15,-5.95844006370748e-15,-2.67452454003817e-14,-4.39761502998177e-14,0.906450162370885,-4.22007059688858e-15,0.000519817761766441,-3.05440586896279e-05,-0.000205364691154513,5.11629798520457e-15,-1.4454615027356e-05,-5.7660355552991e-06,1.53084339790479e-15,1.12574188360871e-17,1.678874606081e-15,-4.28562806089321e-16,-1.6914089972869e-15,-2.01363777325991e-07,-2.17344545198169e-05,-0.000128592514479684,2.07578885697009e-05,2.30725186276741e-16,-1.61878029997127e-16,-0.00107141235440414,0.0124356281222904,2.71093676592418e-16,8.5840637732479e-16,-8.92154128319908e-06,-9.169291299273e-16,1.24717481009061e-15,-2.10040239264495e-15,4.13140516202697e-16,-3.71196832927509e-17,2.07320734457171e-05,0.00278617356114961,-1.66439601641287e-15,-4.88919832721867e-17,-4.39925873507718e-15,6.49878993216995e-16,-1.17752602010255e-15,1.66098731634836e-17,2.69381406181284e-15,1.69633060003166e-15,-8.53980840765489e-16,1.18096583348552e-15,-1.58303473809816e-15,-1.34108921311019e-14,-0.0999999999999936
"t85",0.0690155375882832,0.0384766704722508,-0.220361158538995,-0.0705387562157324,0.00332581850662209,0.0117277090751194,-0.0248012559817144,0.085974872522134,0.00590029074336817,0.00234261443250568,-0.00854625816958321,0.000345715578703033,0.000149042838685167,1.70652365741212e-05,1.435528376309e-07,-0.00475308584218887,-0.000155998436534292,0.0175426615934307,-0.00102036085495582,-0.0849830382340897,0.0222041828931599,-0.00187191291131332,0.109851958859584,4.90910044192807e-06,2.35673300224174e-05,3.26134082741474e-06,0.000104414786560687,-2.16182795355154e-06,-0.46441035444422,-0.00116216452242924,0.000119444508445192,-9.31982012677569e-06,0.000652758589466144,-4.19356376389979e-05,-4.44555584253013e-05,-2.07156477890991e-05,-0.000363067103094762,-1.62747116368676e-05,1.57647155115562e-05,-0.336748753210121,-0.00140967092215199,-1.06437537388141e-15,-1.99073176058925e-05,-5.2329732687997e-16,-1.96625590893595e-06,1.153246847214e-05,-3.00821229889979e-16,-0.0980114170731446,-0.000335200798624941,5.63994073182226e-05,-1.02672478291468e-15,1.32629233570726e-15,-1.57941874407171e-16,1.02099872993504e-15,7.41072450352723e-15,1.22555763058869e-14,-0.251250735962397,1.61490216456023e-15,-0.000101769024449308,1.34209809647809e-06,2.61340207759033e-06,-1.43759951531917e-15,-5.33332582288576e-07,-5.11642387942536e-07,-8.35916369818673e-16,-1.29064440862488e-15,-1.06703204888248e-15,1.42990002422927e-15,-2.44928100080668e-16,-3.91969722270125e-08,-4.39346289111344e-06,-2.76980982245197e-05,5.12370028603784e-06,-2.29967525270901e-16,1.22911648531598e-15,-0.000351842551693418,0.00443514974899333,-2.80747691455924e-17,-2.38417688946658e-16,-3.28302651266277e-06,-3.0397450269749e-15,-5.22432036130043e-15,3.15167352938879e-16,1.69626676653864e-15,-9.58305272665306e-17,9.15847306454573e-06,0.00124982629032485,-2.00406772445147e-14,7.22274658462036e-15,-5.759281940243e-16,-2.21567882622747e-13,-0.707106781186548,9.07908072007085e-15,3.08747830257513e-14,1.03107822893185e-15,-2.18810688089162e-15,-1.06444978888183e-14,-1.86345139306482e-15,-1.53181397860443e-14,-0.0999999999999922
"t86",0.0690155375882832,0.0384766704722508,-0.220361158538995,-0.0705387562157324,0.00332581850662213,0.0117277090751194,-0.0248012559817144,0.085974872522134,0.00590029074336826,0.00234261443250537,-0.00854625816958326,0.000345715578703096,0.000149042838685284,1.70652365741108e-05,1.43552837490388e-07,-0.00475308584218889,-0.00015599843653439,0.0175426615934308,-0.00102036085495571,-0.0849830382340891,0.0222041828931596,-0.00187191291131345,0.109851958859584,4.90910044174884e-06,2.35673300218641e-05,3.26134082763809e-06,0.000104414786560277,-2.16182795356731e-06,-0.46441035444422,-0.00116216452242896,0.000119444508444634,-9.31982012579831e-06,0.000652758589466117,-4.19356376393688e-05,-4.44555584250117e-05,-2.07156477892074e-05,-0.000363067103094824,-1.62747116367354e-05,1.57647155115824e-05,-0.336748753210121,-0.00140967092215224,-1.55009794714306e-15,-1.99073176052091e-05,-5.4796834473968e-16,-1.96625590946066e-06,1.15324684701541e-05,2.61444284240514e-16,-0.0980114170731452,-0.000335200798625185,5.63994073166074e-05,2.63629566899937e-16,1.11843213792846e-15,-4.34823429106641e-16,1.79893500917939e-15,7.15745487418233e-15,1.20316329090758e-14,-0.251250735962396,-2.32343130939328e-16,-0.000101769024448854,1.34209809571123e-06,2.61340207734992e-06,-1.13633567552042e-15,-5.33332584623514e-07,-5.11642387840982e-07,1.23474385732585e-15,1.02564272064292e-15,-5.98517997950281e-17,-1.09302261581542e-15,6.97626543160191e-16,-3.91969735592801e-08,-4.39346289165516e-06,-2.76980982236486e-05,5.12370028537649e-06,-3.32430800167e-16,-5.53957067932213e-16,-0.000351842551692333,0.00443514974899543,-8.38407696999385e-16,-1.42801639567382e-16,-3.28302651071937e-06,2.9536026553791e-15,8.10529482810535e-15,-3.01851599795673e-16,-2.57288770784263e-15,-1.95709487419308e-16,9.15847305975172e-06,0.00124982629033772,1.89317135997528e-14,-7.57631519836941e-15,4.05925293378573e-15,2.21379968961756e-13,0.707106781186548,-9.90226355182967e-15,-2.64404806205226e-14,2.22178028368953e-16,-4.22814168864107e-15,7.83377657728659e-15,-1.85454749767733e-16,-1.2599462540753e-14,-0.1
"t38",0.068489687717517,0.0378915493161753,-0.215219575345168,-0.0678440663293759,0.00317503983271627,0.0109682696858681,-0.0226575213507556,0.0765958294579708,0.00523589574179002,0.00207273602391004,-0.00752688888599884,0.000301059044604111,0.000129501706506894,1.47133527630428e-05,1.23502579288393e-07,-0.00357085702076798,-0.000116255500462377,0.0125826386846833,-0.000680671042695993,-0.0547967711568962,0.0137909266622846,-0.00115576280900085,0.0660057794612553,2.7308405222755e-06,1.21899726346233e-05,1.29046628722774e-06,3.92295201531723e-05,-8.0764033311511e-07,-0.150100105578976,-0.000366800219774449,3.16630582424283e-05,-2.24024500161842e-06,0.00011546463220087,-6.26950543919234e-06,-5.7329936073584e-06,-1.48796037861298e-06,0.000218529207252509,1.12483678712807e-05,-1.40059181382023e-05,0.587374632048933,0.00270398817732104,7.7949125937445e-15,0.000173820276454495,3.35164066700962e-16,0.000251139682609458,6.81847248569094e-05,1.53824648326577e-15,-0.212785370688226,-0.00071538809700286,0.000109745935874365,-2.56790617218444e-15,1.5598807390153e-15,-1.18345321711188e-15,-9.88798564177991e-16,5.01558069183428e-15,5.36540476175035e-15,-0.0754229003423772,2.89151346615782e-15,4.49788133011202e-05,-1.09970249420081e-05,-8.41216841816512e-05,1.85276737249568e-15,-6.99548582312748e-06,-3.2051699526901e-06,-0.707106781186548,3.54886989152951e-16,-1.69638656635091e-15,-1.29023848651882e-14,-5.57356112858125e-15,-1.37965571871471e-07,-1.50710889743826e-05,-9.10141292251953e-05,1.53694995421213e-05,-6.72949657103272e-16,-1.55920219378672e-15,-0.000874373168397151,0.0104377714529963,-8.43566729128348e-16,-1.22640339766013e-15,-7.56772761246771e-06,-1.05003755791267e-16,7.23406350472915e-16,9.59264868900807e-16,-2.18186145930374e-15,-1.59355160919775e-16,1.86675612101945e-05,0.00252078487260029,-3.99318942043613e-16,2.36837169315027e-16,6.93889390390723e-16,2.26369509353008e-17,4.48090306188197e-16,1.01130173329029e-16,3.29109395948129e-15,3.74785174249942e-16,-3.88354683734793e-15,-1.83479419573213e-15,-8.69711787498126e-16,-1.32910541543676e-14,-0.100000000000007
"t39",0.068489687717517,0.0378915493161753,-0.215219575345168,-0.0678440663293759,0.00317503983271627,0.010968269685868,-0.0226575213507557,0.0765958294579708,0.00523589574179003,0.00207273602391015,-0.00752688888599873,0.000301059044604031,0.000129501706506951,1.47133527629938e-05,1.23502579359516e-07,-0.00357085702076779,-0.00011625550046241,0.0125826386846832,-0.000680671042696134,-0.0547967711568975,0.0137909266622842,-0.00115576280900049,0.0660057794612551,2.73084052243944e-06,1.21899726345609e-05,1.29046628772419e-06,3.92295201525717e-05,-8.07640332742052e-07,-0.150100105578976,-0.000366800219774279,3.16630582425594e-05,-2.24024500141573e-06,0.000115464632200782,-6.26950543924841e-06,-5.7329936082975e-06,-1.4879603778833e-06,0.000218529207251408,1.12483678719778e-05,-1.40059181390449e-05,0.587374632048933,0.002703988177321,5.95610570920927e-15,0.00017382027645252,3.61271970993379e-18,0.000251139682609543,6.81847248569065e-05,1.40388733951752e-15,-0.212785370688225,-0.000715388097002432,0.000109745935873771,-1.97690563919977e-15,3.77536396525246e-16,2.28961687723223e-15,-9.23747278735959e-16,-2.31957822952428e-16,4.17459712368053e-15,-0.0754229003423796,-2.9798745098718e-15,4.4978813300846e-05,-1.09970249439416e-05,-8.41216841838486e-05,-1.67089871851466e-15,-6.99548581700044e-06,-3.20516992146493e-06,0.707106781186547,-8.66966971104075e-16,4.61971478613252e-16,1.29736292978354e-14,5.67313564555257e-15,-1.37965574480495e-07,-1.50710889706472e-05,-9.10141292238827e-05,1.53694995392368e-05,7.54200622401673e-16,1.65871050839877e-15,-0.000874373168399846,0.0104377714529947,2.86745995340197e-16,9.66805485452128e-16,-7.56772760971968e-06,4.38864944990344e-16,1.56301251284569e-15,-4.53804973216082e-16,9.87478331306091e-16,2.83509687646613e-16,1.86675612126914e-05,0.00252078487259852,-3.95701392168295e-16,-5.844187582288e-16,1.19348975147204e-15,-2.75591748743332e-16,-1.54033648072357e-15,1.80462862678987e-15,-2.20451001241321e-15,3.6030175474732e-16,-3.17057548872132e-15,2.39935081536153e-16,-1.70926770358813e-15,-1.3233504745184e-14,-0.100000000000007
"t77",0.0693994668072979,0.0389108735955402,-0.224244546158813,-0.072642322572517,0.00344544016705613,0.0123580616467627,-0.0266766806131692,0.0946666386619389,0.00652168925648306,0.00259676369272987,-0.00951665839532465,0.000389377927122823,0.000168250661104294,1.94202985209018e-05,1.63734540167479e-07,-0.00645254174740574,-0.000214487345202036,0.0257402802569045,-0.00173801764204349,-0.157630632422848,0.04593579364902,-0.00394706360521873,0.254647610636805,1.63675818590434e-05,0.00014629681268709,-6.44101667821626e-06,-0.000155563701669803,3.13290196383771e-06,0.374802892313445,0.000865439715911299,-5.28620778667379e-05,3.18464750884755e-06,-0.000103827852710554,4.29249362952742e-06,2.92438900511404e-06,-3.31621123593703e-07,-0.000111344442738011,-5.16552204211986e-06,5.26968821596216e-06,-0.119522984150478,-0.000499109754392941,-1.26164138199853e-15,-2.3886020420489e-06,-2.97534731220919e-16,1.001030232762e-05,9.69107510213695e-06,2.71640536391339e-16,-0.0997482884340974,-0.000350096960731763,7.17324382682624e-05,-7.84630136312367e-16,6.88163400817044e-16,4.79146148056937e-16,-4.67547617740095e-16,1.00886024120354e-17,1.42179016116615e-16,-0.00288959575677861,1.160542928318e-16,6.71504018397923e-06,-2.33923081534141e-06,-1.90845295304636e-05,-1.07060729272539e-16,-1.7432301733615e-06,-8.73787766379585e-07,3.51885981419943e-16,2.63240837433625e-16,1.13654598993077e-16,-2.32042914718465e-16,4.36000007177864e-16,-4.45610101422467e-08,-4.92512039187689e-06,-3.0367207020706e-05,5.39010299592842e-06,-4.41403184082737e-16,-2.08685840811982e-17,-0.000353538855075276,0.0044907010794706,-1.31681005532216e-16,-5.33750564433304e-16,-3.35361005760804e-06,-1.16180372843732e-16,1.06763540545198e-15,-1.29279011643916e-15,-1.0826904777758e-15,1.39773221595124e-15,2.08274206212133e-05,0.401074587804682,-0.707106781186549,2.16030169851491e-15,-9.81853487402873e-15,-1.49581642566533e-16,1.61544035978346e-14,8.32383985631198e-16,-1.3680271004464e-14,1.96843533630434e-15,-3.94123123765734e-15,-2.2680385151335e-15,3.49266763487596e-16,-1.20189580728813e-14,-0.0999999999999914
"t78",0.069399466807298,0.0389108735955402,-0.224244546158813,-0.072642322572517,0.00344544016705621,0.0123580616467627,-0.0266766806131692,0.0946666386619389,0.0065216892564831,0.00259676369272975,-0.00951665839532466,0.000389377927122724,0.000168250661104301,1.94202985207607e-05,1.63734540595956e-07,-0.00645254174740568,-0.000214487345201911,0.0257402802569046,-0.00173801764204338,-0.157630632422848,0.0459357936490199,-0.00394706360521888,0.254647610636805,1.63675818591836e-05,0.000146296812687264,-6.44101667783508e-06,-0.000155563701669431,3.13290196403575e-06,0.374802892313446,0.000865439715911413,-5.28620778666626e-05,3.18464750953421e-06,-0.000103827852710513,4.29249362923638e-06,2.9243890051754e-06,-3.31621123520717e-07,-0.000111344442737826,-5.16552204243299e-06,5.2696882159684e-06,-0.119522984150478,-0.00049910975439294,-1.55307492596011e-15,-2.38860204098551e-06,-2.28147876261099e-17,1.00103023270662e-05,9.69107510137134e-06,3.27206439429467e-16,-0.0997482884340972,-0.000350096960731392,7.17324382687283e-05,-1.25351504276436e-15,3.65244546164287e-16,2.83458217224339e-16,-8.9849245402542e-16,-3.19738685330301e-19,7.05827627101194e-16,-0.00288959575677716,3.26825720706736e-16,6.7150401840753e-06,-2.33923081418945e-06,-1.90845295306278e-05,-4.57622466769744e-16,-1.74323017630013e-06,-8.73787765413178e-07,5.80869478914147e-16,1.07887450314706e-16,-2.86127704762109e-16,2.59564873384515e-16,-5.50079945522158e-16,-4.45610064698371e-08,-4.9251203919174e-06,-3.03672070217506e-05,5.39010299497999e-06,-7.10083442045849e-17,-1.29804575254342e-16,-0.00035353885507426,0.00449070107946727,-7.64056135449861e-16,3.19487998270507e-16,-3.35361005802805e-06,4.90289429081893e-16,9.63551996893371e-16,-1.10621243126746e-15,2.17512021010792e-15,-4.44250654598233e-16,2.08274206190393e-05,0.401074587804684,0.707106781186546,7.8775346802057e-16,6.98052726733067e-15,3.36343264127688e-16,-2.47651210400055e-14,2.05333991916087e-17,2.47347400383189e-15,6.80122310301871e-16,-3.37224193753744e-15,-3.37146780754536e-17,-3.40107821179848e-15,-1.4616669711823e-14,-0.100000000000001
"t75",0.0693520370966112,0.038858247002108,-0.223783394927602,-0.0724017084223768,0.00343200139430589,0.0122906366693153,-0.0264868077011019,0.0938359975157982,0.00646283501655002,0.00257285205145003,-0.00942630478057654,0.000385414364652366,0.000166515683525125,1.92112100642283e-05,1.61951289733009e-07,-0.00633980827211262,-0.000210670201038996,0.0252445755969109,-0.00170030509741612,-0.154050098197796,0.0448447095889082,-0.00385269176736059,0.248381939788875,1.59357387627495e-05,0.000142224329020642,-6.23605084512516e-06,-0.000150522157670729,3.03117873195395e-06,0.362108941678551,0.000835954015873544,-5.09928886514207e-05,3.07013559729165e-06,-9.99444256598912e-05,4.12942859985073e-06,2.81205127077122e-06,-3.18509009823108e-07,-0.000105955607639749,-4.91153111818476e-06,5.00266743721605e-06,-0.112946594419426,-0.000471344133401173,-1.70430431976529e-15,-2.23855330295716e-06,-1.12340469828689e-16,9.35147898870229e-06,8.99006688261995e-06,2.31820732626445e-17,-0.0912038505292506,-0.000319992110653688,6.54356181490345e-05,-9.42351516939293e-16,3.43669274298611e-16,3.3707937954286e-16,-1.11020575376045e-16,6.9342065317376e-16,1.15285390917402e-16,-0.0025843593510653,-3.31331518793808e-16,5.96843084045356e-06,-2.04369941836792e-06,-1.65909606332646e-05,-8.07023338667082e-16,-1.50119233665452e-06,-7.42951841014437e-07,-1.09142480269098e-15,-3.63720992837151e-16,-5.10669250384167e-16,-1.39010843169764e-16,-1.82862364380064e-17,-3.6306653107554e-08,-3.99500482364568e-06,-2.44215240852581e-05,4.22735237321312e-06,1.79568016232174e-16,6.69729803923411e-16,-0.000243254786778294,0.00278043262647796,2.82463476507693e-16,4.42509706144197e-16,-1.94357640698587e-06,-5.04761625782493e-16,6.60254131187154e-16,2.09329006710808e-15,-2.22800057441317e-15,-2.15631877714559e-15,-1.89028282527119e-05,-0.823533519310485,7.93186573493655e-16,-3.43588392170541e-15,6.93195501000332e-15,-2.67314611225962e-16,6.83607060489312e-15,-4.15423785134045e-16,1.55267895031595e-14,-1.34378235200518e-16,-4.59113286182763e-15,-1.24768381132562e-15,-9.0443943568049e-16,-1.27672436616246e-14,-0.100000000000009
"t27",0.0684208685186513,0.0378182195153907,-0.214606104188954,-0.067552693635416,0.00315955983398965,0.0109018462610219,-0.0225077968190203,0.0761214015522366,0.00520433021134734,0.00206053232150761,-0.00748448045704266,0.00029960029548372,0.000128898115130968,1.46553259880761e-05,1.23042740199711e-07,-0.00368986314594389,-0.000120598827753127,0.0133424555360507,-0.000767475166110568,-0.0643574610455061,0.0171530751482911,-0.00145275971461951,0.0876197175024077,4.59692230138829e-06,3.32144097457777e-05,-4.40557564783158e-07,-6.77903077795991e-06,1.28345117401519e-07,-0.00751119750030734,-2.51358213928991e-05,4.64182804762944e-06,-3.68798940677823e-07,1.9266413471761e-05,-9.21652433848276e-07,-6.90801250858805e-07,9.76470742253366e-08,9.30525662103146e-05,4.60402161078532e-06,-5.29037814679241e-06,0.16376274117988,0.000712072369097445,8.08919319631058e-17,5.31369785578863e-06,1.05756156116379e-15,-2.65123440695266e-05,-3.7404577885789e-05,-3.27620258604248e-15,0.920282970802931,0.0033148128401129,-0.000787055156731617,8.69699340849254e-15,-3.88029237188631e-15,-4.10036736970188e-15,6.74353132378443e-15,5.18610305185828e-15,7.06190019082321e-15,-0.200911795688197,2.70550094889111e-15,0.000178998151553611,-2.68968640451738e-05,-0.000194041562552732,3.65122654663561e-18,-1.48404146466594e-05,-6.28926620069478e-06,-1.27202020402696e-15,-7.30014810200378e-17,-3.6505408425657e-16,-2.59982774228575e-16,9.52502598924678e-16,-2.35970751320813e-07,-2.55512721403751e-05,-0.000151959180788343,2.47770482808372e-05,-2.41496854378903e-16,-3.27100359904878e-16,-0.00129664676619764,0.0150716189230291,-1.11102686802722e-16,-4.01959078637186e-16,-1.08145671161134e-05,6.34209010401818e-16,5.93097150233272e-16,1.09051113392604e-16,9.94590037669342e-16,-1.35217534639023e-16,2.51186683172671e-05,0.00649463402883365,-8.11197663052614e-16,5.97992206995837e-16,-1.89431803576667e-15,-2.0645339776568e-16,-2.01331861374715e-16,-1.43746546219411e-16,2.99215078334838e-15,9.53753954538688e-16,-5.03742853407869e-15,-1.58926176655121e-15,-1.07803079500134e-15,-1.32152337075973e-14,-0.0999999999999991
"t73",0.0686914712524736,0.0381167526674512,-0.217203653783695,-0.0688870541416949,0.003233432349441,0.0112618744033456,-0.0234792083037598,0.0801243423096075,0.00548485642924888,0.00217354513354143,-0.00790563223651676,0.000317402173056241,0.000136629333849902,1.55604026468434e-05,1.30696316951243e-07,-0.00371995012077954,-0.000120092367037327,0.0121198536648217,-0.000370584003588979,0.000788408473275985,-0.0219516259137789,0.00238589097672888,-0.450387498558358,3.88933057262924e-05,0.000182926504553659,-3.49168591181309e-06,-7.19893433503721e-05,1.42313391078984e-06,0.0881625332516948,0.000171261948381206,5.61936419709163e-06,-9.93828801324821e-07,0.000133684126761261,-9.72562926164357e-06,-1.1039251495848e-05,-5.82494990490282e-06,-0.000105442179170195,-4.54668340439904e-06,3.99237216704425e-06,-0.0447720794922936,-0.000153063583026711,3.50708259827608e-17,1.54119292340282e-05,-4.70274455481362e-17,3.02033317967156e-05,1.06163549652457e-05,5.44950805981524e-17,-0.016078007814758,-4.75753252001384e-05,-9.22617330304468e-07,-2.83130918527651e-17,2.37534081534636e-16,-1.362729048241e-16,-1.93356210767836e-17,3.41540815376032e-16,9.71895728861693e-16,-0.00471412659128643,-5.12367171407157e-17,2.26830710599184e-05,-2.84406195972988e-06,-1.95528888050738e-05,-1.66717271697866e-15,-1.30352159510849e-06,-4.00185614479831e-07,-1.24262335267564e-15,4.1401088361509e-16,-7.27527038500854e-16,4.789654346761e-16,3.84853394860074e-16,1.60270259806639e-08,2.19709894791721e-06,1.87495233476179e-05,-6.26563428684904e-06,-3.30970745833861e-16,-4.72680960909574e-16,0.00260313479452598,-0.843286888686077,6.61344979958373e-15,-3.74760348724781e-15,-8.23793285263167e-05,-6.60582823716406e-16,-1.18019481969875e-14,2.62353132160982e-16,-1.21937137165282e-14,-1.7518313587761e-15,3.37326466980381e-05,0.00207230636606657,-2.61331611184745e-15,1.03811390173932e-15,4.73232564246473e-15,-8.14810802713513e-17,5.89611670217236e-16,-1.63837279614945e-15,4.13504995873965e-15,5.56433160314502e-16,-4.0174489734272e-15,-2.1362091893598e-15,9.58764131490679e-16,-1.30700280999999e-14,-0.0999999999999977
"t97",0.0689150272878879,0.038363222107974,-0.219348136509747,-0.069990804084354,0.00329465598784461,0.011562979369285,-0.0243065222179717,0.0836406589528652,0.00573280727692841,0.0022739202066655,-0.00828272923061579,0.000333704204371639,0.000143744089702991,1.64088312447077e-05,1.37910657553586e-07,-0.00406359574762071,-0.000131417256219922,0.013368645192389,-0.000414317042511686,0.000886480225519312,-0.0248272901458932,0.00270084790882077,-0.511866389020425,4.46568431030072e-05,0.000211820193828338,-4.14039073839854e-06,-8.56685340480844e-05,1.69418395986582e-06,0.105857995954621,0.000205893015846563,6.809999605348e-06,-1.20891952598548e-06,0.000164108646005932,-1.19837154355302e-05,-1.36394634685662e-05,-7.24938630522795e-06,-0.000139310830963335,-6.03993532363833e-06,5.36064111783833e-06,-0.0620666837929079,-0.000213161926069422,-8.03999252169415e-16,2.27051663448507e-05,-1.60886642557358e-16,4.5610080096893e-05,1.69673902057052e-05,2.07436995902755e-16,-0.0292763072509664,-8.69347424803959e-05,-1.71887962332517e-06,-3.08857913668485e-16,1.31246796269462e-16,1.22655795183407e-16,-2.95108464035083e-16,6.19381650322901e-16,1.00328439980405e-16,-0.0109763707577388,2.31256813025238e-17,5.74134485599725e-05,-9.52531684395236e-06,-7.23314193316986e-05,6.47523009325684e-16,-6.03778247136588e-06,-2.82708021721441e-06,8.57339097176202e-16,-2.78817666857613e-16,2.40123924728803e-16,-3.8811107306412e-16,-3.46029965124897e-16,-1.36625790391268e-07,-1.51339006529507e-05,-9.39581734037697e-05,1.73044407423515e-05,-1.24769149243731e-16,6.75525852430019e-16,-0.00198529409051446,0.379554536101091,-3.66893780289401e-15,2.05286399480343e-15,2.86795148597528e-05,2.79961905978944e-16,6.65534362466357e-15,-4.8944550676134e-16,5.70332720605942e-15,7.51708809950989e-16,3.95206802115175e-06,0.000307411586079762,2.19669157233081e-15,2.13960060130183e-16,3.15719672627779e-15,1.22305680786854e-16,-2.05069841847157e-15,6.8174818350855e-16,5.17453765669327e-15,-2.28464937158126e-15,6.85848178515058e-15,-5.59089426373986e-15,0.707106781186545,-6.28814692171602e-16,-0.10000000000001
"t98",0.0689150272878879,0.038363222107974,-0.219348136509747,-0.069990804084354,0.00329465598784461,0.011562979369285,-0.0243065222179717,0.0836406589528653,0.00573280727692836,0.00227392020666555,-0.00828272923061575,0.000333704204371624,0.000143744089703081,1.64088312447552e-05,1.37910657673282e-07,-0.00406359574762086,-0.000131417256220028,0.0133686451923889,-0.000414317042511333,0.000886480225519311,-0.0248272901458931,0.00270084790882086,-0.511866389020425,4.46568431029127e-05,0.000211820193828794,-4.1403907381397e-06,-8.56685340481536e-05,1.69418395966297e-06,0.105857995954621,0.000205893015846518,6.80999960555994e-06,-1.20891952599917e-06,0.000164108646005999,-1.19837154358496e-05,-1.36394634686613e-05,-7.24938630544653e-06,-0.000139310830963195,-6.03993532346752e-06,5.36064111780817e-06,-0.0620666837929085,-0.000213161926069551,-4.50115663068452e-16,2.27051663450623e-05,1.61050587975832e-17,4.56100800967778e-05,1.69673902059914e-05,-1.03143661567925e-16,-0.0292763072509664,-8.69347424803668e-05,-1.71887962338783e-06,-4.46496198031408e-16,-9.97735265390251e-17,7.6255492921035e-17,8.46542569561882e-17,-1.46597808108094e-17,3.53301275524215e-16,-0.0109763707577396,3.04892547458123e-16,5.74134485603309e-05,-9.52531684410979e-06,-7.23314193313895e-05,-1.03743751696621e-17,-6.03778247051934e-06,-2.82708021840903e-06,6.45704629716732e-17,-8.35647031400333e-17,6.6473914966712e-17,-6.8337845262982e-17,1.39599696320097e-16,-1.36625792210993e-07,-1.51339006525878e-05,-9.39581734042557e-05,1.73044407410929e-05,6.44027909327473e-17,3.91280178392359e-16,-0.00198529409051414,0.379554536101087,-2.68813524911918e-15,1.24918471954365e-15,2.86795148600561e-05,2.49372612931193e-16,5.8157374622908e-15,-6.82027473829667e-17,4.77004597598371e-15,-1.2147284294968e-16,3.95206802204909e-06,0.000307411586079048,-1.57352847401294e-15,-1.17333263556588e-15,-5.61356516826095e-15,-2.40895969074229e-16,-2.36177384583355e-16,1.27502361278301e-15,-4.02643565988769e-15,4.22620233931283e-15,-1.39287096274794e-14,4.19988503467325e-15,-0.707106781186549,-2.62715084292653e-14,-0.0999999999999923
"t79",0.0594821684572931,0.0273303237907334,-0.116686985102504,-0.00950197773225483,-0.000310161489063431,-0.0106573861709515,0.0608883830036306,-0.53765693892899,-0.0436066819837669,-0.0197637717474768,0.0905632616861917,-0.00780111560896586,-0.00417762836234018,-0.00209054740673335,-0.000127258767641801,-0.0186595876351703,-0.000581716265638633,0.0511656152131521,-0.00156686377439349,-0.0718981987669167,0.0016852906374308,5.22336410275008e-05,-0.00900918043194683,-5.2423439861328e-05,-0.000728751316975768,-7.07743917127297e-05,-0.000894115944741635,1.68646507230367e-05,0.00115339369582158,-0.00050299264600131,0.000234233282873038,-2.12464085746022e-05,0.00171915202952725,-0.000112592962201758,-0.000120138795276344,-5.58109251865265e-05,-0.000597861987344115,-2.45256632409284e-05,1.9033648484233e-05,-0.00350341091227512,0.000308994912631212,-1.32476546108574e-16,0.000165706513390667,3.32133309888152e-17,0.000280158420432691,8.50624437029515e-05,-2.33871147619322e-16,-0.00235168577601822,7.81519260128048e-05,-0.000121476465033625,5.69999240287048e-17,-1.0404804583323e-16,1.3534209531802e-16,3.0821089359594e-16,3.70616750870894e-16,-5.61467341013087e-17,-0.000963901708243826,1.44804290425145e-16,0.000310016071089508,-4.53074543499473e-05,-0.000338546114517629,-7.71759722185897e-16,-2.76016557344619e-05,-1.2637552078554e-05,-1.36464710340092e-15,7.6102952278317e-17,2.56356411322395e-16,1.22703122526184e-16,7.43847481587089e-17,-5.91320603102533e-07,-6.54701135405038e-05,-0.000406727977091691,7.60114117893488e-05,-1.00433382746535e-16,1.47335850910885e-15,-0.400359534212968,-0.000700780012979447,2.53605291095127e-16,-1.80712894569708e-15,7.40050247171209e-06,3.31003117119926e-16,3.53447448828732e-15,1.56661049827233e-15,4.14552120244371e-15,-4.91317878463897e-16,3.11468586845272e-05,6.40538293660077e-05,-1.2700355981323e-18,-0.707106781186548,1.30832844558171e-13,1.24330734243116e-15,-6.51402813935999e-15,-2.05139897703705e-15,1.21131341918218e-15,-6.64093671299335e-16,-4.67356671914178e-15,-2.51828184405242e-15,-5.06054621622025e-16,-1.38341039337488e-14,-0.100000000000007
"t80",0.0594821684572931,0.0273303237907334,-0.116686985102504,-0.0095019777322548,-0.000310161489063395,-0.0106573861709515,0.0608883830036306,-0.53765693892899,-0.0436066819837669,-0.0197637717474769,0.0905632616861916,-0.00780111560896594,-0.00417762836234025,-0.00209054740673337,-0.00012725876764183,-0.0186595876351704,-0.00058171626563857,0.0511656152131521,-0.00156686377439345,-0.0718981987669168,0.0016852906374308,5.22336410274604e-05,-0.00900918043194663,-5.2423439861168e-05,-0.00072875131697562,-7.07743917125814e-05,-0.000894115944741601,1.68646507230526e-05,0.00115339369582154,-0.00050299264600101,0.000234233282873192,-2.12464085749373e-05,0.00171915202952753,-0.00011259296220177,-0.000120138795276383,-5.58109251864279e-05,-0.000597861987343955,-2.45256632409102e-05,1.90336484842751e-05,-0.00350341091227519,0.000308994912631117,-7.69653948709252e-17,0.000165706513391435,1.76250586891543e-16,0.000280158420432554,8.50624437023934e-05,-1.99435203732909e-16,-0.00235168577601896,7.81519260125182e-05,-0.000121476465033117,-1.69157062714631e-16,4.21576474035133e-17,-1.31438166212677e-16,-6.36755151526373e-18,-3.53085434740308e-17,-1.54637274525876e-16,-0.000963901708243711,-2.14720780539956e-16,0.000310016071089719,-4.53074543508473e-05,-0.000338546114518365,-1.43306601337892e-16,-2.76016557362556e-05,-1.26375520771527e-05,-2.54424084308846e-16,-7.64085306841921e-17,-3.01462801710286e-16,-1.57071695737623e-16,-2.67608246134707e-16,-5.91320601183928e-07,-6.54701135404271e-05,-0.000406727977092415,7.60114117888525e-05,-1.22606127306058e-15,6.55913765404812e-17,-0.400359534212971,-0.000700780012977654,-9.35071674114441e-16,5.32179359496789e-16,7.4005024691113e-06,1.02216142528336e-15,2.61854049297156e-15,-1.67554127587624e-15,2.16099754592495e-15,2.57787486881435e-17,3.11468586869364e-05,6.4053829360714e-05,-8.61531389360994e-16,0.707106781186547,-1.33719424422196e-13,-3.98123147497376e-16,6.1355757560046e-15,2.5907210458933e-15,5.22893298954441e-15,2.05013162957659e-15,-1.59269782580725e-15,7.81162207255429e-16,-2.16381451291014e-15,-1.26943409851673e-14,-0.100000000000007
"t62",0.0593472823888219,0.0272074998328272,-0.115888440437286,-0.00939695942113416,-0.000306119746256526,-0.0104624756459299,0.0594304680894426,-0.521729655693112,-0.0422773741902221,-0.0191487726660178,0.0876558283154597,-0.00753220210497279,-0.0040317021202628,-0.00201422899085175,-0.000122557959158366,-0.0175378515997741,-0.000546068994598266,0.0477617816050412,-0.00144877861676854,-0.066213065897928,0.00154562057762473,4.78745840026423e-05,-0.0082342486046849,-4.75688706108099e-05,-0.000657316688345471,-6.27718184773804e-05,-0.000791016686915266,1.49160736359681e-05,0.00101394142134345,-0.000441787076333855,0.000204564783716709,-1.85060406593971e-05,0.00148773562703392,-9.71785133147213e-05,-0.000103490629987679,-4.78296327217502e-05,-0.00049101623603591,-2.0064489975209e-05,1.54530653087455e-05,-0.00278028130657062,0.00024441655848895,3.97861455735015e-18,0.000125911238604986,-1.37030695542737e-16,0.000209147188233533,6.09781244119624e-05,1.21502229030223e-16,-0.00153592849571085,5.09146653184516e-05,-7.80555636231035e-05,-8.42626036145065e-17,-6.01866762439222e-17,-1.08336159168408e-16,-1.41213481009445e-16,-2.36456218629135e-16,2.72593360476513e-16,-0.000529049527596676,1.64741943172079e-16,0.000160535124980839,-1.93934434599217e-05,-0.000135744901050246,8.58925640081769e-16,-9.59866775424034e-06,-3.44712335720514e-06,1.67881785507451e-15,-1.88527862761337e-16,-4.03245860357457e-16,1.32508962951823e-16,2.29519690428086e-16,6.730787028425e-09,2.90139279334755e-06,4.47388339421197e-05,-2.42002052106211e-05,1.11519316693435e-15,-1.261804335632e-15,0.824248109539772,0.00391325750344432,2.39863076635697e-16,1.31544329245579e-15,-8.84251289780812e-05,-1.46673737953556e-15,-3.63617064924217e-15,-4.48741017605241e-16,-8.12483663062552e-15,-1.97432079409691e-16,9.57143877693229e-05,0.000182286253624699,-1.34558911806855e-15,1.47926927794701e-15,3.85108611666851e-15,-9.12363211414459e-16,-1.14633470792909e-15,-2.66016356445201e-16,-9.51998491094545e-16,8.90874681025614e-16,-4.44879342692326e-15,-7.1901997784511e-16,-1.00793889561282e-15,-1.36365868800648e-14,-0.0999999999999867
"t2",0.0563931197607962,0.0253169339667895,-0.00366948554609062,0.157917097534274,0.00969394134717047,0.00343745358780835,0.00852515339028519,-0.0151250387497258,0.000289598437775507,0.000244145148350201,-0.00394588429454501,0.0010292560779962,0.000631727584435225,0.000722611577820864,3.09937606085362e-05,0.0788291477382653,0.00212513751064022,-0.440980282337802,-0.0214728828404785,-0.0314418084415704,0.140108257770891,-0.0243188550912565,-0.0118255829954795,-0.00101726218886363,0.664835842147485,-0.000728409143776081,-0.00561990828677992,-0.019539502324438,0.00194046793928436,-0.543821923085431,0.000711387469581233,-7.10593207728844e-05,0.00928555081931344,-0.000379878102600755,-0.000640769913141701,-0.000187176211398293,-0.0026254288506131,-0.000106406505323714,5.36237468723872e-05,-0.0014866880362201,0.00129667305936165,8.5359679500528e-17,0.000420816340985154,1.81720267704618e-16,0.000696072636953,0.000202809734977065,1.0075846509158e-16,-0.000887121295412693,0.000279641273629522,-0.000272525987391393,1.22042884560307e-16,-1.92192934238339e-16,-1.45841829220193e-16,1.47961630399262e-16,-2.12061961407676e-16,8.23117465232349e-17,-0.000343550524131375,-1.91475285481156e-18,0.000915593393156499,-8.71993272905725e-05,-0.000929800190055151,1.26276155682606e-16,-5.07778495738055e-05,-3.23467634720921e-05,1.77606905426041e-16,-1.11695136867615e-18,-2.5062943994346e-16,-1.28368934616911e-16,-9.87261049337766e-17,-9.11244196519917e-07,-0.000143854517797555,-0.00615130479895838,0.000138782273483291,-9.50145989991496e-17,-1.39309133712054e-16,-0.000938722696445313,0.000317657461967336,-4.88036791273409e-17,1.07143769114583e-16,-5.20660770027351e-05,-8.05990667291022e-17,4.33876432014027e-16,2.17726860696211e-17,-2.60833747525748e-16,-2.55280902056579e-16,0.0010537706184621,4.02689333054188e-05,-5.83313037030993e-16,1.33398905802593e-16,-1.59594559789866e-16,3.91881970105805e-17,-2.23633748022998e-16,1.6872325308669e-16,1.87447987110292e-15,7.50346320446656e-16,-3.42032812342515e-15,-1.0606013087374e-15,-1.05315987910538e-15,-1.31727904806276e-14,-0.1
"t57",0.0625275220487437,0.0315278815362981,-0.00527331050907438,0.317904361037314,0.0242378340093543,0.0258225707980477,-0.0505500558771799,0.0312015228437387,-0.000542779939997911,-0.000428638663272165,0.00630461102220267,-0.0013513877588495,-0.000801646418093009,-0.000822338266656484,-3.42997422074776e-05,-0.0397258372722751,-0.00106145948214384,0.223369192881355,0.017359101173797,0.0684749446256633,0.166835515509382,-0.0221866431659298,-0.00476946539542528,-0.000115179338900913,0.0333421516943466,-3.44445266026748e-06,-4.95608426428913e-05,0.0231550172832339,-9.8006611056818e-07,0.000344702476031228,-8.12883236281178e-07,7.58584219776677e-08,-4.02162482264508e-06,1.65031543040791e-08,-1.75161306882136e-07,-2.26323708171626e-07,-2.34089287211136e-05,-1.00391048859794e-06,5.5448220123378e-07,-1.8123266628213e-05,1.60234237993808e-05,1.81425985623681e-16,5.34311619461436e-06,-7.51497678239677e-17,8.34705191463094e-06,1.79425875601038e-06,-1.79458559660237e-16,3.68080923744764e-06,-1.28173730309572e-06,1.91857331271901e-06,-2.10796662993299e-16,-2.53390514140251e-16,-3.63734202293088e-16,-1.81474386156389e-16,1.37047795741879e-15,4.28663441918043e-17,1.42628685445085e-05,-1.09098818632269e-16,-5.18621785708562e-05,9.87094573127372e-06,0.000125375805582445,-8.65023756592649e-17,9.42372536795466e-06,9.14236472260491e-06,-8.59616055633006e-16,-2.23532940007197e-15,7.77789422507322e-16,2.97841041784323e-16,4.46644577936712e-15,1.83096719680309e-06,0.000454023780343969,0.880520740776118,0.000205111617501586,-1.02408781099519e-15,1.78296411934659e-15,-0.000442050844279845,0.000126438254416304,-7.12631745183316e-16,-1.63994016707131e-16,-1.96517051246035e-05,9.53190458528883e-16,3.79012814188878e-15,3.53655174446537e-15,-1.71277948189988e-15,-5.88219164593425e-16,0.131913865961657,6.83100214615948e-06,1.48061317862527e-16,1.44979677238488e-16,1.90125692967058e-15,-1.14543756740939e-16,-6.50256848178973e-16,-5.02349965641401e-15,3.34643622783851e-15,7.66584537956779e-16,-3.91174410370361e-15,1.56741342594764e-15,-1.45731145318163e-15,-1.31506642869582e-14,-0.0999999999999891
"t99",0.0629625379311091,0.0319654850740147,-0.00538555992561647,0.328974171088327,0.0252390128047301,0.0273442752088748,-0.0545206100329069,0.0342897744222582,-0.000598219219683547,-0.000473422185960956,0.00698639247418438,-0.00150953478623956,-0.000896854462384684,-0.000924947641254007,-3.86365569568954e-05,-0.0485885870758035,-0.00130387955596562,0.279833771923083,0.022499778392065,0.090059769067605,0.222790325935678,-0.029696874068536,-0.0064507167670706,-0.000160083306787093,0.0474183665758904,-5.23646482890832e-06,-7.61256423333012e-05,0.0356046788921599,-1.54542679080293e-06,0.000545561117377924,-1.31784575324953e-06,1.24390134891597e-07,-6.78321964657975e-06,2.81638834585648e-08,-3.01515375149872e-07,-3.98748460481424e-07,-5.08921740267119e-05,-2.22909861802526e-06,1.28470193121206e-06,-4.81485613351319e-05,4.34724758846621e-05,3.19915108035385e-16,1.94758714150527e-05,1.38987342647311e-16,3.56718337593124e-05,1.24735247942062e-05,2.57322761104599e-17,-7.18984309774228e-05,2.27964023007231e-05,-2.29163788943886e-05,-1.00079989817378e-17,2.78027428335488e-16,1.27651255832249e-16,8.8842521221221e-17,-1.24495876951451e-15,3.88942552526554e-17,-3.7972905417139e-05,4.1904784905469e-16,0.000109457456600801,-1.29352215621489e-05,-0.000147149223486983,2.34677067209007e-16,-9.15525367642389e-06,-7.11196115140759e-06,6.21235515024145e-17,7.29771105610355e-16,9.90382813995046e-17,3.32948162986978e-17,-1.61223816837398e-15,-7.8263039245477e-07,-0.000183673733751658,-0.320955846596283,-5.57352583351046e-05,8.70780828671017e-18,-1.8812763233041e-16,1.6657504232622e-05,6.07994292447224e-06,8.05258231510153e-17,9.86966294545648e-18,-1.68217868328379e-06,3.40107149798016e-16,2.57299149748599e-15,4.51355154545962e-18,2.57403747457185e-15,2.72019275459432e-16,0.353270120010788,-9.61098908335332e-06,-1.6251063099163e-15,-2.41104828444696e-16,3.15719672627779e-15,7.32031438705639e-16,2.13405490076239e-15,3.43353749091738e-15,-3.20461974751127e-17,1.58641849840959e-15,-7.6421227854648e-15,-5.43768996812736e-15,1.19590147299401e-14,-0.707106781186561,-0.0999999999999224
"t100",0.0629625379311091,0.0319654850740147,-0.0053855599256165,0.328974171088327,0.0252390128047301,0.0273442752088748,-0.0545206100329068,0.0342897744222582,-0.000598219219683547,-0.000473422185960897,0.00698639247418438,-0.00150953478623964,-0.000896854462384743,-0.000924947641253945,-3.86365569569735e-05,-0.0485885870758035,-0.00130387955596556,0.279833771923083,0.022499778392065,0.0900597690676048,0.222790325935678,-0.0296968740685361,-0.00645071676707097,-0.000160083306787023,0.0474183665758904,-5.23646482897469e-06,-7.61256423336191e-05,0.0356046788921598,-1.54542679210565e-06,0.000545561117378103,-1.31784575326862e-06,1.24390134292982e-07,-6.78321964659563e-06,2.8163882978908e-08,-3.01515375112425e-07,-3.98748460542085e-07,-5.08921740268378e-05,-2.22909861789621e-06,1.28470193137147e-06,-4.81485613354384e-05,4.34724758849276e-05,-2.10910275618474e-16,1.94758714142339e-05,8.65414362157065e-17,3.56718337590916e-05,1.24735247932353e-05,-2.18554949707171e-16,-7.1898430977705e-05,2.27964023006001e-05,-2.29163788935592e-05,4.30439547252877e-16,-7.18130336920375e-17,1.07993168460358e-16,4.92415171999332e-17,-9.5352522395745e-16,1.41101741505634e-16,-3.79729054166082e-05,3.49354446487491e-16,0.000109457456600844,-1.29352215602676e-05,-0.000147149223486979,-4.54598005908737e-16,-9.15525367562592e-06,-7.11196115198747e-06,-2.70943341915981e-16,9.80403203047244e-16,-4.38811958771092e-16,2.27246828144127e-16,-1.26168012649259e-15,-7.82630391117298e-07,-0.000183673733751509,-0.320955846596284,-5.57352583338167e-05,-7.01791372143369e-17,-2.39282525728574e-16,1.66575042329649e-05,6.07994292411072e-06,2.33549415865022e-16,7.11664174574001e-16,-1.68217868251269e-06,1.45122156225001e-16,4.08567036853777e-15,-2.83247456430448e-16,2.50117908858174e-15,4.32223197618252e-16,0.353270120010789,-9.61098908266039e-06,9.97294395431009e-16,-1.30710885384212e-15,8.96505092384814e-15,8.8906413325213e-16,-5.02725460489957e-16,-4.23394027403729e-15,-1.22251818225838e-16,1.62938824670345e-15,-1.6989601567679e-15,-3.45316631160984e-15,-1.37966262258334e-14,0.707106781186533,-0.100000000000111
"t76",0.0628201565279695,0.0318224759555274,-0.00534893596708631,0.325372823246299,0.0249137411515329,0.0268516717627886,-0.0532402444295181,0.033297787777047,-0.000580421889308585,-0.000459051840450281,0.00676776691774287,-0.00145890415873267,-0.000866383267503256,-0.000892143041276824,-3.72504711457222e-05,-0.0458004185553555,-0.00122767604631043,0.262147681000433,0.0208992367931343,0.0833562678276036,0.205457493383759,-0.0273713791956953,-0.00593103202658084,-0.000146265044729325,0.0431025696971504,-4.69258972560018e-06,-6.80753974432562e-05,0.0318325053179459,-1.37474447356939e-06,0.000484953664752722,-1.16598781736886e-06,1.09817906257596e-07,-5.95715394792327e-06,2.46812278360104e-08,-2.63820163924085e-07,-3.47461957209368e-07,-4.29107451078195e-05,-1.87404724041778e-06,1.07396617179571e-06,-3.9588479001742e-05,3.56603346849141e-05,-1.11530440067222e-16,1.55359879877894e-05,-1.63646214690646e-16,2.81211684382807e-05,9.57976758481506e-06,-1.60824139537723e-16,-5.22582949526125e-05,1.65461096080822e-05,-1.65071482541041e-05,-3.14861069117179e-17,-3.0894612270953e-17,-7.15356090475917e-17,4.88913550483583e-17,6.54125264742803e-17,-3.77140936563547e-16,-2.52894721192073e-05,-7.36758239031651e-16,7.10659081233372e-05,-7.81271212437395e-06,-8.69916743233263e-05,2.22195309777567e-16,-5.19150286611841e-06,-3.80636120097205e-06,1.44411574733181e-15,-3.89303588182277e-17,-8.10067447243443e-16,-7.17822730036555e-16,-9.8914228852025e-16,-3.39153041810369e-07,-7.77210640980199e-05,-0.129549054453982,-1.94087136445217e-05,5.93627198125206e-16,-4.11893027689999e-16,1.54536083439022e-06,-4.78573192312532e-07,-2.332196150972e-16,-7.72782571442947e-16,2.91509511033744e-07,-1.63001200938684e-15,-6.74607132993799e-15,-3.50156106270196e-15,-4.58532098845372e-15,-1.21464285356475e-15,-0.856126565230763,3.1695817888912e-05,-2.22941775499224e-15,1.32077690855601e-15,-1.15046860926782e-14,-1.69807007323302e-15,-3.35453689982936e-15,6.43266493783194e-15,4.15674007353875e-15,-8.07175732310029e-16,-1.48320278734342e-15,3.68648007682535e-15,-1.74047229443161e-15,-1.28170392142919e-14,-0.0999999999999746
"t67",0.0614889931245403,0.0304604189791341,-0.00499309366371699,0.289072471399612,0.0215764240368333,0.0215452180426369,-0.038665561236175,0.021323960145661,-0.000363614911458877,-0.000282794502073188,0.00405736812678956,-0.000814559588782781,-0.000476588930269255,-0.000464913494324125,-1.91088249941133e-05,0.00400882625665772,0.000159101922022942,-0.0893376877075142,-0.0167561971324412,-0.0875530149155861,-0.277996109935732,0.0384312032254735,0.00978483004896059,0.000361434835268227,-0.149615207358272,5.60503873154354e-05,0.00109047472070668,-0.527908579091183,8.74182234730134e-05,-0.0490440655040592,-4.77377308451885e-05,2.83242147967584e-06,-8.50560740651614e-05,3.02809623360353e-07,-2.94922755344976e-06,-3.18649938284554e-06,-0.000199520487623016,-8.45608339878597e-06,4.59895228424826e-06,-0.00015053932307719,0.000133760020927872,-1.009478165643e-15,5.13226350870484e-05,2.05664194362695e-16,8.92794782963297e-05,2.83516572494342e-05,-1.05397464186349e-16,-0.000139375277856658,4.40330930289312e-05,-4.3421685124398e-05,-5.78687531444719e-16,-3.57144509256906e-16,-4.47225585522321e-16,-4.15866167216243e-17,1.48950781355278e-15,-8.72600973922673e-17,-5.99136648764121e-05,-2.11758110557878e-16,0.000163109543198057,-1.63143760690643e-05,-0.000176129701483122,1.12897535333014e-16,-9.83831735264229e-06,-6.45843706880433e-06,8.82251927153013e-16,2.37496505053456e-16,-1.28860719031698e-16,-8.57472806662772e-17,-6.44721061677759e-16,-2.28054595001817e-07,-4.01233312237363e-05,-0.0227274810854256,2.36151341669482e-05,3.49441682080766e-16,-9.61394332619971e-16,-0.000191356396805022,6.6485559143952e-05,-1.59241478221217e-15,2.98267745780712e-17,-1.10055131414589e-05,4.94765490492796e-15,2.61884957661166e-14,0.707106781186547,8.94013048251661e-15,1.93400692195081e-15,0.0035258114327537,8.97294356891623e-06,-7.36054434040362e-16,1.50124377794423e-15,-7.14706072102445e-16,1.20018354353861e-16,-2.25400208423197e-16,2.58803990837454e-15,-8.3877254443402e-16,6.65925274829674e-16,-4.93604218026796e-15,-9.42053202424134e-16,-9.73703431580911e-16,-1.31425746086542e-14,-0.0999999999999996
"t68",0.0614889931245403,0.0304604189791341,-0.00499309366371699,0.289072471399612,0.0215764240368332,0.0215452180426369,-0.0386655612361751,0.021323960145661,-0.00036361491145906,-0.000282794502072952,0.00405736812678962,-0.000814559588782758,-0.000476588930269262,-0.000464913494324134,-1.9108824993912e-05,0.0040088262566574,0.000159101922023086,-0.0893376877075144,-0.0167561971324413,-0.0875530149155865,-0.277996109935732,0.0384312032254735,0.00978483004896037,0.000361434835268158,-0.149615207358271,5.60503873155585e-05,0.00109047472070709,-0.527908579091182,8.74182234732574e-05,-0.0490440655040592,-4.77377308452984e-05,2.83242147981885e-06,-8.50560740648077e-05,3.02809623128048e-07,-2.94922755331364e-06,-3.1864993824607e-06,-0.000199520487622992,-8.45608339838737e-06,4.59895228459175e-06,-0.000150539323076373,0.000133760020928074,1.77072691921336e-16,5.13226350864742e-05,9.79637540373783e-17,8.92794782963889e-05,2.83516572489883e-05,-1.48835050717094e-16,-0.000139375277856994,4.40330930290515e-05,-4.3421685124962e-05,2.56184883487322e-16,2.10534747646043e-16,5.17673768243284e-16,1.94267106499224e-16,-1.54972771628544e-15,2.72689932834325e-16,-5.99136648792154e-05,5.45482465019332e-16,0.000163109543198833,-1.63143760748824e-05,-0.000176129701483371,-8.11943090011849e-17,-9.83831735064042e-06,-6.45843706967491e-06,-6.3042694366086e-16,-2.81828905998649e-17,-2.45585443631861e-16,7.4889656978916e-18,4.44776902638413e-16,-2.28054596391331e-07,-4.01233312233934e-05,-0.0227274810854208,2.36151341682989e-05,-7.23249073141881e-16,1.16826134910712e-15,-0.000191356396805394,6.6485559143322e-05,1.22013305112986e-15,2.5157343437276e-16,-1.10055131544913e-05,-5.05453867115686e-15,-2.42746101500487e-14,-0.707106781186549,-9.53987870706339e-15,-2.10434186860122e-15,0.00352581143275846,8.97294356508559e-06,-5.69526219302692e-16,-1.71725270300428e-15,1.38777878078145e-15,-2.60165840642509e-16,-8.15206208404636e-16,-3.29614212263203e-15,4.64295363965274e-15,9.47296920661777e-16,-1.60190365944027e-15,-8.79603157288929e-16,-1.35590971330438e-15,-1.35251117315847e-14,-0.0999999999999969
"t60",0.0612618276821294,0.0302285509123781,-0.00493267937255287,0.282940530562916,0.0210140838744187,0.0206573785100662,-0.0362474570308176,0.0193560874430998,-0.00032803788911262,-0.000253904745862194,0.00361392542288044,-0.000709618343331251,-0.000413162928451857,-0.00039561884905401,-1.61689880864638e-05,0.0115429820647608,0.000367807067998718,-0.140876791907882,-0.0219520733014958,-0.110314218539552,-0.339475699340592,0.0467313499431758,0.0116879842198032,0.000413858728427601,-0.164868033368422,3.29261476982468e-05,-0.000539735150831252,0.467983915448343,0.000143717414365271,-0.0770842988169202,-6.53574322673865e-05,3.76401564149901e-06,-0.000108226275274601,3.80868954997865e-07,-3.68322355428385e-06,-3.91994835489703e-06,-0.000233233776893022,-9.86263514140574e-06,5.34279665446272e-06,-0.000173315236010765,0.000153836035994176,1.50175812365042e-16,5.84494554542112e-05,-7.65267382603838e-17,0.000101363433216382,3.20139347519312e-05,6.04390317433098e-18,-0.000156145469498489,4.93235050855776e-05,-4.85978409288726e-05,2.43387168906612e-16,1.14585629264821e-15,9.70170307414855e-17,-6.02152694100752e-17,2.66576967047833e-16,-2.11527162540955e-16,-6.65944487215148e-05,1.09799506058877e-16,0.000180968186116486,-1.80152674898073e-05,-0.000194225879470119,6.26290834356036e-17,-1.08192486432818e-05,-7.07170005445757e-06,-1.20003932044545e-15,3.62502579967845e-16,-2.70801337323373e-16,-3.02004391707538e-16,2.71548892721037e-16,-2.37937998706639e-07,-4.08880586131441e-05,-0.0185949116369007,2.74785465361888e-05,-9.06826555697062e-16,-2.44053949632233e-16,-0.000213091937608141,7.37464278326567e-05,6.97572534967293e-15,0.707106781186548,-1.21913741308934e-05,-4.08118061155342e-15,1.6855165940658e-16,4.49622090630392e-16,1.45851930367184e-15,2.1915969304392e-15,0.00295454475679169,9.90289563542016e-06,-1.07288366673021e-15,-1.25425738143569e-15,1.37390099297363e-15,-1.69363069915775e-16,-7.19975219034287e-16,-9.10734209894084e-17,2.55982313153707e-15,6.64534692649669e-16,-2.52228536161282e-15,-1.047866280386e-15,-1.78981037075664e-15,-1.35530003886062e-14,-0.100000000000003
"t61",0.0612618276821294,0.0302285509123781,-0.00493267937255287,0.282940530562916,0.0210140838744187,0.0206573785100662,-0.0362474570308176,0.0193560874430997,-0.000328037889112609,-0.000253904745862156,0.00361392542288044,-0.000709618343331209,-0.00041316292845177,-0.000395618849054003,-1.61689880863649e-05,0.011542982064761,0.000367807067998556,-0.140876791907882,-0.0219520733014956,-0.110314218539552,-0.339475699340592,0.0467313499431759,0.0116879842198034,0.000413858728427615,-0.164868033368422,3.29261476985548e-05,-0.000539735150831271,0.467983915448343,0.000143717414365448,-0.0770842988169205,-6.53574322677701e-05,3.7640156415864e-06,-0.000108226275274818,3.8086895503882e-07,-3.68322355428603e-06,-3.91994835508192e-06,-0.000233233776892803,-9.86263514135493e-06,5.34279665512735e-06,-0.000173315236011036,0.000153836035993796,-1.13502155982511e-16,5.84494554544228e-05,-1.98166974218597e-16,0.000101363433216829,3.2013934751555e-05,4.9971092315475e-17,-0.000156145469498859,4.9323505085634e-05,-4.85978409286959e-05,4.97870912557227e-17,-1.13576595436035e-15,-2.85331792410827e-16,-6.18070443897438e-17,5.84101499315862e-17,2.43789118137418e-16,-6.65944487200536e-05,-2.14962978362047e-16,0.000180968186116796,-1.8015267489813e-05,-0.000194225879469641,3.65931325128624e-17,-1.08192486438126e-05,-7.07170005363769e-06,7.42850972652427e-16,-7.10207513891474e-16,-2.17134822405134e-16,4.14136500708837e-16,-5.24049684982502e-16,-2.37937998234794e-07,-4.08880586135143e-05,-0.0185949116369012,2.74785465370421e-05,8.68217201423397e-16,2.82827748082095e-16,-0.00021309193760592,7.37464278389237e-05,-7.03427254437294e-15,-0.707106781186548,-1.21913741177189e-05,4.09779573595394e-15,1.16428293461727e-15,-1.14167255603993e-16,-2.19654306021152e-15,-2.60430028785516e-15,0.00295454475679297,9.9028956347642e-06,-4.62261072671903e-16,1.2298804723524e-15,-9.57567358739198e-16,2.19473094468128e-16,-5.03134784103324e-16,1.19956084525137e-15,1.30388333492985e-15,1.01403309764687e-15,-4.70803694134364e-15,-1.11031632552117e-15,-9.43277094433394e-16,-1.28640563649072e-14,-0.100000000000003
"t3",0.057694265126578,0.0266328077556518,-0.00400883406734498,0.191679235586989,0.0127588737696562,0.00813465436930401,-0.00379877202018121,-0.00553460040160556,0.000117516925869322,0.000105203230598323,-0.00183258332165846,0.000540650726732996,0.000337818320872054,0.000406911478400638,1.76648235207886e-05,0.057908665895914,0.0015735783360377,-0.340709418660998,-0.0201067358380983,-0.0485577088449337,0.0103502997457453,-0.00477671692271101,-0.00497933442241804,-0.000554853953607122,0.373026744610918,-0.000297822164613901,-0.0018160747592272,0.0117061206939824,-0.00142442303292628,0.828894832284685,0.001205061808429,-9.40486503118934e-05,0.00975210955045704,-0.000381359483164405,-0.000627355875571148,-0.000174846398543669,-0.00221151186664734,-8.93864382749485e-05,4.48480203787157e-05,-0.0012329655096207,0.001074490463342,-3.76056840997598e-16,0.000346529224264432,1.88265211393559e-16,0.000572369066799964,0.000166443981647818,1.2901448609394e-17,-0.000726964626979786,0.000229152727531448,-0.000223306503985393,-2.98326944485753e-16,8.3201443999654e-17,-1.78156119393684e-16,-1.53229440193958e-16,1.19574713406373e-16,1.84813108321757e-16,-0.000281504152191861,1.04203270321711e-16,0.000750350089486975,-7.15072711041713e-05,-0.000762655177754038,-7.70581180435396e-17,-4.16713416410384e-05,-2.65695220617154e-05,-1.4892877920534e-16,1.719680927978e-16,-2.14047759125218e-16,2.91329767839588e-17,-7.71746579797901e-17,-7.58056034562415e-07,-0.000120630447901724,-0.0101289521582511,0.000112710123017777,-1.59809355139887e-17,2.11100550486752e-17,-0.000768581894156412,0.00026033328238424,-2.22407317836134e-16,-2.25779394775767e-16,-4.26851108864886e-05,8.34110630210729e-17,1.26723430086774e-15,-2.43663774962459e-16,-4.14124717811297e-16,-2.34068075325748e-16,0.00165308579344688,3.30596277737293e-05,-8.30159653247274e-16,-1.71628491883219e-16,1.17267306976032e-15,6.90458405726209e-17,-5.30392683505636e-16,6.49471741456437e-16,2.13877289559375e-15,8.98973054638202e-16,-3.77059090463003e-15,-1.07045825284312e-15,-1.09506140961882e-15,-1.34706157045186e-14,-0.100000000000002
"t1",0.0539351842385941,0.0228400871275409,-0.00303327756300198,0.0951062705379287,0.0040141965890377,-0.00516837370162494,0.0307832976487989,-0.0321511507912093,0.000594210381358822,0.000489553565363114,-0.00766536220912146,0.00188146070636513,0.00114339887623653,0.0012685680136728,5.40001932769884e-05,0.10721592289912,0.00284904830758694,-0.5401482413391,-0.0121947309470166,0.0612806823859808,0.588274542558992,-0.0898385765357049,-0.0330495657307836,-0.00271725324700296,-0.558761632817894,-0.000905859335880089,-0.00675116346480168,0.000989151590388442,0.00104501702865483,-0.0217639118484583,0.00147403978017149,-0.000130551961061276,0.015424895968971,-0.000619279969097009,-0.00103371300054311,-0.000295987215357869,-0.00393290959520454,-0.000159049489368911,7.98474370985849e-05,-0.00219434514434776,0.00191191917294879,-4.22319732827542e-16,0.000614482848493235,-2.51917418322812e-17,0.00101326647727039,0.000293603393458416,3.37410094134421e-18,-0.00127410439078804,0.000401563897730636,-0.000391020596418347,-1.4476526419498e-17,-1.17828344472878e-16,-2.4061098418416e-16,2.07564968491409e-16,1.71805077264807e-16,2.03355680446163e-17,-0.000489717510132015,-6.18729191417631e-17,0.00130310252596238,-0.00012366163350056,-0.00131742565536796,1.05295789964018e-16,-7.18333710469088e-05,-4.56689375603851e-05,1.0063402013415e-16,9.52704317558199e-17,-1.01269677806755e-16,1.34142502581281e-16,-1.01254435303052e-16,-1.27149801786887e-06,-0.000199580922718806,-0.00285525243044605,0.000196426905583127,-1.8765108877757e-16,1.2043784534141e-16,-0.00131734618337868,0.000444950487084688,2.18381898959315e-17,1.4415449736661e-16,-7.28760089666831e-05,-3.25733650676971e-17,8.2894549219728e-16,-1.54349394395604e-16,-7.2591961071328e-17,-2.68860703761644e-16,0.000513918853556047,5.60875483149133e-05,-7.23396923259837e-16,-5.71135295783262e-17,-6.83481049534862e-16,1.51747750354547e-17,-6.7375531730308e-16,-3.71324126218546e-16,1.98183636814189e-15,8.95226615088631e-16,-3.55394017358174e-15,-9.26771986033827e-16,-1.37849162817159e-15,-1.32593257876749e-14,-0.0999999999999984
"t15",0.068464686845999,0.0463872726951495,0.0648578050775621,-0.0122414283256214,-3.96012140113297e-05,-0.00905088100483332,0.332477639436775,0.0687112966190348,-0.173298311396863,-0.000368906203287177,0.00677622994528561,-0.00131723039705176,-0.000761592507660399,-0.00741438127958184,-2.85190831790742e-05,-0.0249739336605791,1.77038668823222e-05,0.0145042371062073,-0.00398832597652598,-0.00173761708640393,-0.00317113654463586,0.000361452041410784,-3.66443630552571e-06,-6.827182922895e-05,5.43305832942744e-05,0.000466917150359617,0.000648600369263296,-2.09090100253566e-05,-0.000193980861139626,0.00115885409563745,-0.000653524589390678,8.97043301909214e-05,-0.575124647849131,-0.0015334296695142,-0.0119539035866333,-0.000231648794539598,-0.00738676056354333,-0.000291217121481201,2.37358913598895e-05,-0.00063155275534117,0.00308277475290371,1.48691302517961e-15,0.000166246822852321,3.21577032017077e-16,0.000272254288556581,7.83259123095686e-05,3.49680784954877e-16,-0.000343206215157972,0.000572596132481614,-0.000105016457596021,-0.707106781186548,-8.14745101130434e-14,-1.90521898529373e-14,-7.70131159227945e-15,2.97546729547493e-16,2.23196586480965e-15,-0.000146638754821358,1.95850752247491e-16,0.0384265316479411,-3.08329047851141e-05,-0.00167632986231339,4.87618058668832e-16,-1.81411799657777e-05,-5.90652694534887e-05,3.24784151882733e-16,2.09097846464379e-17,5.27849561612967e-16,-4.65867132472288e-16,4.8085758747043e-16,-3.3133904617233e-07,-0.000257988012811675,-0.00031163182646041,0.000256615402850664,2.16590393656019e-16,7.50463956545178e-16,-0.000351426336449135,0.000119270511014222,9.64019068874049e-16,6.84744852981074e-17,-1.95742813719457e-05,-1.22265337297416e-16,1.09379174687905e-15,-6.98531594484141e-16,-1.16768917694575e-15,-2.90408800727172e-17,6.02126090465566e-05,1.53185633952091e-05,-7.9873940004885e-16,-3.57496728409587e-16,-5.27355936696949e-16,-9.11381910154696e-17,2.59047539155428e-17,6.00752226665255e-16,1.35953262029019e-15,9.57319516184104e-16,-1.31615226332471e-15,-8.53260853710365e-17,-1.2191124253266e-15,-1.31411156649987e-14,-0.0999999999999994
"t16",0.068464686845999,0.0463872726951495,0.0648578050775621,-0.0122414283256214,-3.96012140112863e-05,-0.00905088100483333,0.332477639436775,0.0687112966190346,-0.173298311396863,-0.000368906203287205,0.00677622994528521,-0.0013172303970519,-0.000761592507660378,-0.00741438127958182,-2.85190831791227e-05,-0.0249739336605791,1.77038668822206e-05,0.0145042371062072,-0.00398832597652604,-0.00173761708640412,-0.00317113654463597,0.000361452041410429,-3.66443630564038e-06,-6.82718292288561e-05,5.43305832942607e-05,0.000466917150359819,0.000648600369263612,-2.09090100257916e-05,-0.000193980861139109,0.00115885409563764,-0.000653524589390535,8.97043301913459e-05,-0.575124647849131,-0.00153342966951362,-0.0119539035866334,-0.000231648794539887,-0.00738676056354338,-0.000291217121480732,2.37358913593447e-05,-0.00063155275534031,0.00308277475290274,-1.57604830056949e-16,0.000166246822857635,-1.95747739144177e-17,0.000272254288558651,7.83259123045672e-05,-5.53767281533453e-16,-0.000343206215171259,0.000572596132478815,-0.000105016457567314,0.707106781186548,8.12817552349024e-14,1.8925710993655e-14,7.52689230217245e-15,3.94691243622057e-16,-2.2606813154446e-15,-0.000146638754820625,-6.04151543587685e-16,0.0384265316479411,-3.0832904788792e-05,-0.00167632986231233,-5.46281086824475e-16,-1.81411799607505e-05,-5.90652694529896e-05,-2.59817659351291e-16,9.19032874228398e-17,-5.65102651332161e-16,3.97781637130642e-16,-1.6608511726394e-16,-3.31339049516877e-07,-0.000257988012811964,-0.000311631826460077,0.000256615402851374,-3.64373455253325e-16,-5.13552746240833e-16,-0.000351426336449109,0.000119270511014486,-9.55220984058072e-16,1.29627376160545e-17,-1.95742813710193e-05,-7.76616430714486e-17,1.95204986323065e-16,1.75874439954966e-16,-3.07266332859231e-16,-3.53664466264452e-16,6.02126090463723e-05,1.5318563395196e-05,-5.64119722224504e-16,3.34502821544334e-16,-2.56739074444567e-16,2.02920713239403e-17,-1.07044050165654e-15,2.05235273809716e-16,2.80282255230284e-15,6.07526204341534e-16,-4.12033276224147e-15,-7.72276581857886e-16,-1.35820522925913e-15,-1.35549241665195e-14,-0.0999999999999995
"t58",0.0692885865420371,0.0475196980734974,0.0673306303725252,-0.0130315035086035,-4.26846829085122e-05,-0.0101050872346902,0.38705597511066,0.0838314183128444,-0.213044751603187,-0.000456098504965523,0.00845353018648209,-0.00168049769267714,-0.00097599013746917,-0.00965236387012774,-3.72918560251484e-05,-0.0453821923841686,3.29391126556202e-05,0.030436925031808,-0.0110567825544037,-0.00567262336827082,-0.0128735966967944,0.00152623518216963,-1.89620918020426e-05,-0.00097886224720967,-0.00116615438547632,-0.000996000712136739,-0.00118221508872784,3.75188777408068e-05,0.000250052206760061,-0.00142917206898388,0.000615798705807415,-7.50401934906139e-05,0.363488906213086,0.000865851111846977,0.00621704089946565,9.65809206541681e-05,-0.000144186907328345,-1.2122146659631e-05,1.91770202597441e-06,-0.000109390653170734,0.000567948577128611,-2.85297132719082e-16,4.86479921159421e-05,-1.84237911064114e-16,8.98474737771017e-05,3.16802154660641e-05,-1.400989561548e-16,-0.000194897252627198,0.000328024722754563,-6.31791174682167e-05,7.2344724859607e-16,-2.12222067512218e-16,5.79260224761226e-16,5.67576035473037e-16,4.58870401196299e-15,-1.35046168066685e-15,-0.000229005682429836,-2.96793896975492e-15,0.374511737608231,6.2006266398851e-06,0.000112734621815659,2.65114346278198e-16,-1.29704602056663e-06,-9.85078518681951e-06,-3.21482800979534e-16,-5.88996955100308e-16,9.25735123230843e-17,1.01613657797669e-15,1.99885548723429e-16,-9.6566572580295e-08,-7.69543468987692e-05,-9.66015310081576e-05,8.62019831188375e-05,-1.85133405007623e-16,3.2378613763422e-15,-0.00013875822142554,4.93120537908552e-05,0.707106781186548,-7.98049186965606e-15,-8.23580198825306e-06,-5.81907198391438e-16,-4.31890655001365e-15,1.67040617346068e-15,-2.96549888217529e-15,-7.68178820600651e-16,2.81087398744593e-05,7.21543750471006e-06,-4.16059835579919e-16,4.70795179997569e-16,2.0122792321331e-16,6.48093926560994e-16,-2.41526054871673e-16,-6.90604372827706e-16,3.27038955360182e-15,1.18333991568992e-15,-4.21850051738625e-15,-1.5057702838703e-15,-5.94933085244074e-16,-1.34529616246932e-14,-0.100000000000001
"t59",0.0692885865420371,0.0475196980734974,0.0673306303725253,-0.0130315035086035,-4.26846829084705e-05,-0.0101050872346902,0.38705597511066,0.0838314183128444,-0.213044751603187,-0.000456098504965551,0.00845353018648212,-0.00168049769267725,-0.000975990137469204,-0.00965236387012773,-3.72918560251484e-05,-0.0453821923841685,3.29391126554898e-05,0.0304369250318078,-0.0110567825544037,-0.0056726233682705,-0.0128735966967944,0.00152623518216951,-1.89620918020247e-05,-0.000978862247209651,-0.00116615438547643,-0.000996000712136813,-0.00118221508872813,3.75188777410053e-05,0.000250052206760139,-0.00142917206898422,0.000615798705807221,-7.50401934897307e-05,0.363488906213086,0.000865851111846852,0.00621704089946588,9.6580920654135e-05,-0.000144186907328168,-1.2122146659542e-05,1.91770202597467e-06,-0.000109390653170503,0.000567948577128907,-8.26530857220013e-16,4.86479921149672e-05,1.9635019847923e-16,8.98474737768959e-05,3.16802154672007e-05,-2.03549949672828e-16,-0.000194897252626724,0.000328024722754627,-6.31791174674239e-05,-9.71382671322089e-16,-1.33757914466498e-16,1.99200952270712e-16,1.28010720120782e-16,6.00423836837048e-15,9.74435899830092e-16,-0.000229005682429017,-1.95414005923861e-15,0.374511737608232,6.20062664087964e-06,0.000112734621814675,-1.79861230254671e-16,-1.29704602131256e-06,-9.85078518693199e-06,4.97306679712239e-16,9.60180907365264e-16,-4.51845126664907e-16,-8.34632429994123e-16,2.95408504344972e-16,-9.65665745214506e-08,-7.69543468990929e-05,-9.66015310091368e-05,8.62019831173329e-05,4.21954583271732e-17,-3.17203635918584e-15,-0.000138758221424826,4.93120537795342e-05,-0.707106781186548,8.07263859546037e-15,-8.23580204949834e-06,5.06466261560692e-16,5.03125298550133e-15,-1.30641181778925e-15,3.64032811434353e-15,1.8574536217926e-17,2.81087398747603e-05,7.21543750388297e-06,-1.06983432571575e-15,-7.97609738274988e-16,-5.55111512312578e-16,-7.36073215376885e-16,-1.10194889782497e-15,6.97174408473943e-16,6.61365445732683e-16,4.97608678015526e-16,-4.31477767030307e-15,-1.92210391810475e-15,-1.58035666768217e-15,-1.32681022815473e-14,-0.0999999999999989
"t34",0.0690515683073863,0.0471963875386572,0.0666303720315831,-0.0128111064611402,-4.18307441938555e-05,-0.00981888242216585,0.372567422736311,0.0799117003195357,-0.202779055200041,-0.000433640287446219,0.00802336435660046,-0.00158830717663754,-0.000921692338873778,-0.00908962398627724,-3.50903209842667e-05,-0.0408415513702681,2.95726510994525e-05,0.0270278627011424,-0.00963108255060644,-0.00489992712002434,-0.0110226426862369,0.00130502871585098,-1.61158096862243e-05,-0.000818703303603249,-0.00096208559189624,-0.000788982219572399,-0.000930519870475663,2.95111771426311e-05,0.000193605417423233,-0.00110397184789542,0.000468471031109564,-5.66722121349357e-05,0.269554623051053,0.000637201739152492,0.00454948256695877,6.95988146065033e-05,-8.97735174505895e-05,-7.43209507475614e-06,1.13931892338261e-06,-5.8518723864335e-05,0.000298830220597208,-7.88245911216095e-16,1.99865562869606e-05,1.51435449374453e-17,3.19492145066007e-05,6.86711877935937e-06,1.41919214895305e-16,3.5773005831505e-05,-6.43872197357682e-05,1.69724863938197e-05,-7.48750934879586e-17,3.81322750022522e-16,-9.54923570714321e-16,-4.95820720044992e-16,-1.14826388793485e-14,2.98328311114313e-16,0.000341148987442408,5.54447853810646e-15,-0.846468658015966,-6.26117583386713e-05,-0.00289126027556352,-1.62738998761947e-16,-2.57333734881224e-05,-7.20926130730104e-05,-5.17395825847564e-17,-6.03794178976452e-16,-2.81566051891775e-16,-4.59221412633583e-16,-7.04973412860077e-16,-3.29081607275059e-07,-0.000253430975928715,-0.000300505826638878,0.000237832130019192,-2.51046940512599e-16,4.10418197007318e-16,-0.000300924409188401,0.000100038169529057,-8.14361885458897e-16,-1.42975154678805e-16,-1.6295949969791e-05,-4.92061276463015e-17,1.8915795894667e-15,-7.94759393027497e-16,-8.28553274752072e-16,8.56836622346376e-17,4.82708341881531e-05,1.22483873936027e-05,-6.67952516201035e-16,2.07466454407091e-16,3.06005221162309e-15,-2.71452720886541e-17,-2.85921883251821e-16,4.07325942719573e-17,1.22444560390676e-15,6.90722173717172e-16,-3.09610904676497e-15,-4.80167114184026e-16,-1.39919338773737e-15,-1.33361575686197e-14,-0.1
"t35",0.0742881564049472,0.0565558525933111,0.0961063756865513,-0.050644169905955,0.000392440934534713,0.00408274257034405,-0.018678649414729,3.53922671305588e-06,0.00865374148208186,-1.80890133249442e-05,9.13220958079952e-05,3.48427755317893e-05,2.83985215740736e-05,0.0236917075179256,3.49298394194952e-07,0.342438003325388,-0.0037093859824109,0.0403992335221974,0.588981486813308,-0.0211561034760544,-0.0285991703960694,0.00322415954379064,-3.33753280557522e-05,-0.0202846342448571,-0.00122258006816087,-0.00651190431246002,-0.000687773509953624,2.16265268463754e-05,0.000111403540359525,-0.000608307035420271,0.000179010028007273,-1.666684327065e-05,0.0118495196358118,-5.07342876418926e-05,-0.00849288491986475,-3.28756175642683e-05,-0.024180279366931,-0.000972183673409006,9.59887692359463e-06,-0.000343035305842905,0.0113173332710492,-6.24389022079287e-17,8.70718116047792e-05,4.11879182045914e-16,0.000146786232056774,4.40321164315792e-05,-1.13348120184372e-16,-0.000207439042413294,0.00220910339421423,-6.12065412714878e-05,5.00902045718786e-16,1.18889310475984e-15,3.30310054641076e-16,1.17657125071311e-15,-4.73317376581403e-16,-2.07461036514052e-15,-8.0301472230517e-05,2.19855432953345e-16,0.00110057031144591,-2.10377752063825e-05,-0.00217100506830552,0.707106781186547,-1.19437497294698e-05,-0.000238386340084533,1.55656366852598e-15,-2.18130482863285e-16,-2.47941799494062e-15,7.96397170005439e-16,2.1559853396666e-15,-2.19430205904841e-07,-0.000327797971149248,-0.000206489711539296,0.00100705991054015,-1.6296813875975e-16,-2.68545362444818e-16,-0.000234975884868389,7.99979327247592e-05,-3.96380478988079e-16,4.90876450899124e-17,-1.31460630932939e-05,-2.75106155038683e-16,5.08466318770523e-16,-5.39013528177256e-16,-4.25490717853042e-16,9.96507602461814e-17,4.08097205377463e-05,1.03917177868575e-05,-5.73231625980622e-16,-2.14199324022103e-16,-6.86950496486816e-16,1.65564205589439e-16,-8.1351795863338e-16,-6.25073733254e-17,1.67454607731541e-15,7.44450399237921e-16,-4.08560962658278e-15,-1.03213750799046e-15,-1.80812221059922e-15,-1.31169191238644e-14,-0.100000000000001
"t36",0.0742881564049472,0.0565558525933111,0.0961063756865513,-0.050644169905955,0.000392440934534692,0.00408274257034406,-0.018678649414729,3.53922671308959e-06,0.00865374148208192,-1.80890133249061e-05,9.13220958079679e-05,3.48427755317738e-05,2.83985215741719e-05,0.0236917075179256,3.49298394139441e-07,0.342438003325388,-0.00370938598241085,0.0403992335221972,0.588981486813307,-0.0211561034760543,-0.0285991703960694,0.00322415954379085,-3.33753280554705e-05,-0.0202846342448572,-0.00122258006816097,-0.00651190431246007,-0.000687773509953925,2.16265268464217e-05,0.000111403540358301,-0.000608307035420374,0.0001790100280073,-1.66668432710283e-05,0.0118495196358117,-5.07342876420635e-05,-0.00849288491986466,-3.28756175642849e-05,-0.0241802793669311,-0.000972183673409712,9.59887692370004e-06,-0.000343035305841706,0.0113173332710489,1.24901204563191e-15,8.70718116044496e-05,-3.70592361232146e-16,0.000146786232057459,4.40321164290962e-05,1.29494214442421e-16,-0.000207439042412178,0.00220910339421309,-6.12065412723056e-05,-4.49752932191865e-16,-1.37923806747935e-15,-4.5684085659747e-16,-7.75919202234943e-16,1.30366393157624e-16,2.27532495846627e-15,-8.03014722230905e-05,-6.2510126757854e-17,0.00110057031144586,-2.10377751849432e-05,-0.00217100506826104,-0.707106781186548,-1.19437497462967e-05,-0.000238386340082766,-1.60757195161477e-15,3.11645294552425e-16,2.12027191660318e-15,-8.45988034437486e-16,-2.24292580013087e-15,-2.19430203202142e-07,-0.00032779797114991,-0.000206489711539368,0.00100705991054006,-5.7461803107545e-17,4.80460654901368e-16,-0.000234975884866864,7.99979327270838e-05,2.00362959493437e-16,5.60264751240002e-17,-1.31460630960327e-05,3.58467750408267e-16,8.9010548348542e-16,-1.51437675591477e-17,-5.19165785555977e-16,-3.89963067361827e-16,4.08097205373528e-05,1.03917177874635e-05,-9.08033393660376e-16,3.13040408333469e-16,1.47798440153224e-15,-1.3995344241341e-16,-6.12940560381939e-16,5.89748653739976e-16,1.48025704800602e-15,8.73635269334985e-16,-2.80885314826382e-15,-8.79481842104493e-16,-8.3671572648677e-16,-1.35729866503454e-14,-0.100000000000001
"t47",0.0791040946273652,0.0645051314996565,0.118948458813335,-0.0749035547091913,0.000643506459790277,0.00977689104412709,-0.106959006539521,-2.26494453874087e-05,-0.0377571540876577,6.16219768980394e-05,-0.000213162675216295,-7.82478402618069e-06,1.04885291827836e-05,0.261718050892042,-2.2725100207616e-05,-0.185546183600377,0.00196374877983631,-0.0255460807346299,0.0214058363320657,-3.39066625323514e-06,-0.000308025013054909,4.69502211287511e-05,-1.29962872223879e-06,-0.294643700244139,5.2800634753497e-05,-0.00186245842893524,-7.01355418708368e-05,2.24448996660112e-06,1.65716094055406e-05,-9.5167208877293e-05,3.96551140933286e-05,-4.49135954313314e-06,0.00695537379052483,-6.51250562046555e-05,-0.303089094851208,1.30097370013886e-05,-0.00593930565902159,-0.000264971500091792,1.07894196326782e-06,-0.000187766104767035,0.0362335998439219,1.07590512212372e-17,6.59823994391372e-06,-9.14010790483874e-17,1.44925049298876e-05,5.62845833872177e-06,7.98025437447657e-17,-3.480783896183e-05,0.000772882024481558,-9.98389873946494e-06,1.68652468757701e-16,5.96546231593282e-16,-3.47312830602102e-16,-7.95747554947883e-16,5.97051256214048e-16,1.7491282644845e-15,-1.5394590818323e-05,8.44955820510062e-16,0.000219706011152644,-4.76041971370913e-06,-0.000516925963807068,-2.85619663120806e-15,-3.34992594330438e-06,-0.40341400998551,2.96689019847636e-15,8.6786740065868e-16,-9.95148301996851e-15,-6.9755539585654e-15,0.70710678118655,-3.93937833464975e-08,-5.99644099837556e-05,-3.88775472703151e-05,0.000398298057709939,-5.45269382536772e-16,2.15305751585041e-15,-5.12698262113216e-05,1.79524374792597e-05,9.00038923222049e-18,-6.85924528028435e-16,-2.98271016402204e-06,4.13501487038032e-16,5.06750450185611e-16,5.71475144614314e-16,-3.72340677144124e-16,5.14682524063067e-17,9.93539937122536e-06,2.5466834100451e-06,-3.0747773164206e-17,3.4173309238841e-16,-1.76941794549634e-15,2.09918079578064e-17,-9.92113545769228e-16,1.33357838174453e-16,7.0954370237833e-16,8.4862491890669e-16,-4.43395231532852e-15,-2.15159781505107e-16,-6.4939730178626e-16,-1.36962630929927e-14,-0.0999999999999932
"t48",0.0791040946273652,0.0645051314996565,0.118948458813335,-0.0749035547091913,0.000643506459790283,0.00977689104412706,-0.106959006539521,-2.26494453874388e-05,-0.0377571540876578,6.16219768981088e-05,-0.000213162675216282,-7.82478402618176e-06,1.0488529182723e-05,0.261718050892042,-2.27251002074842e-05,-0.185546183600377,0.00196374877983664,-0.0255460807346298,0.0214058363320657,-3.39066625320653e-06,-0.000308025013054939,4.69502211288016e-05,-1.29962872235712e-06,-0.294643700244139,5.28006347535033e-05,-0.00186245842893522,-7.01355418708142e-05,2.24448996661624e-06,1.65716094060356e-05,-9.51672088773487e-05,3.9655114093355e-05,-4.49135954312704e-06,0.00695537379052453,-6.51250562047099e-05,-0.303089094851208,1.30097370015456e-05,-0.00593930565902143,-0.000264971500091164,1.07894196315686e-06,-0.00018776610476687,0.0362335998439215,9.40257780685198e-17,6.59823994424852e-06,-7.9080240082361e-17,1.44925049298757e-05,5.62845833910553e-06,-2.74768469380482e-16,-3.4807838960585e-05,0.000772882024481363,-9.9838987387449e-06,1.26999090856122e-16,-7.69071672461041e-16,3.53923014913937e-16,4.8412575210342e-16,9.39814482182922e-17,-7.18667597552943e-16,-1.53945908209876e-05,-1.5462261015416e-15,0.000219706011153797,-4.76041971460685e-06,-0.000516925963803411,1.80668005943741e-15,-3.34992593853389e-06,-0.403414009985522,1.45825985936535e-14,9.0084154156638e-15,-2.1225245191459e-15,5.27063051892268e-15,-0.707106781186544,-3.93937797729671e-08,-5.99644099882366e-05,-3.88775472632537e-05,0.000398298057713191,-9.3476382510445e-16,-7.3471493438542e-16,-5.12698262109447e-05,1.79524374787059e-05,-3.01455155680785e-16,1.41972014933683e-16,-2.98271016278221e-06,-3.89940741333984e-16,5.13689344089521e-16,-4.83239957263403e-16,3.23283436722737e-16,1.14446248395693e-16,9.93539937183264e-06,2.54668341001314e-06,-1.00219330439244e-15,3.27659333240076e-16,-1.04083408558608e-15,7.80596655956574e-18,1.0556620561903e-17,8.06430546906842e-16,1.47282203180816e-15,1.0634617467957e-15,-3.86149356825603e-15,6.4526306257941e-16,-1.11441559847551e-15,-1.32385375785049e-14,-0.0999999999999931
"t40",0.0790691192295366,0.0644484437431117,0.118788782669825,-0.0747402560142611,0.000641847989276065,0.00974127745202858,-0.106445013533103,-2.25137429685226e-05,-0.0375240899799949,6.1233361723919e-05,-0.000211773892561732,-7.76986750167573e-06,1.04138899930384e-05,0.25976733880103,-2.25536099059294e-05,-0.183192306362021,0.00193831188922176,-0.0251841397886701,0.021057845325199,-3.33251910190653e-06,-0.000302457536052821,4.60949720134367e-05,-1.27513516984633e-06,-0.288606651646132,5.16461243439191e-05,-0.00181439508120955,-6.82834107237747e-05,2.18507628770694e-06,1.61087430655446e-05,-9.2488747181512e-05,3.84842636534453e-05,-4.35582749273974e-06,0.00673436134529583,-6.3012686998363e-05,-0.293111658783438,1.25646115534511e-05,-0.00566982729600099,-0.000252667839466277,1.02656833786546e-06,-0.000177436777827719,0.0342059100417646,-6.08275352145716e-16,6.14863923970206e-06,6.18389813978143e-16,1.34230052993558e-05,5.13577610402916e-06,-2.18702849134044e-16,-3.05028223679879e-05,0.00067646277493279,-8.67834636434207e-06,-2.85659179558624e-16,-4.04750058502894e-16,-2.8275306638763e-16,4.74884182169192e-16,-4.90631588773434e-16,-1.0785187591732e-15,-1.2089881861185e-05,5.70963696062741e-16,0.000163722498656369,-2.64438841963293e-06,-0.000236470863168929,9.63633395252789e-16,-4.18211470367552e-07,0.821269492701267,-1.83290248454442e-14,-1.0269512452319e-14,1.14763154439814e-14,1.85155638764272e-15,-6.86708386817164e-15,-6.31545247938015e-08,-9.29421730644013e-05,-5.73046872843338e-05,0.000538430871276753,1.1010106276965e-15,-8.42863965585511e-16,-6.13974338950047e-05,2.09631507345666e-05,-2.04497668433008e-16,4.33552099245019e-16,-3.45266029208194e-06,-2.31968741263187e-17,1.13003335947812e-15,-6.72774772887365e-16,-6.34869131574955e-16,-9.46555083215155e-16,1.10123359089807e-05,2.81388292871031e-06,-1.12154982969127e-15,-8.40676175366781e-16,3.24046345312468e-15,-9.53296299066201e-17,-5.64801071066479e-16,-9.89296749812772e-16,3.45140306040169e-15,5.23072859140261e-16,-2.64473272563774e-15,-3.10325613790471e-15,-2.03508180972616e-15,-1.29836628171808e-14,-0.100000000000015
"t43",0.0786302869332663,0.0637285936514213,0.116734806554782,-0.0725892841796643,0.000619751618251601,0.00925171925375994,-0.0991264197232214,-2.05084587010607e-05,-0.0340600919857013,5.54325998955649e-05,-0.000190903910741615,-6.93096129541372e-06,9.27001856463451e-06,0.229536253970275,-1.9887709414414e-05,-0.139068718364587,0.00145637172136694,-0.0179746739021696,0.0134580051137231,-2.00825943417571e-06,-0.000169781073331709,2.55686388914457e-05,-6.67997101253327e-07,-0.125014085694544,1.77203971973798e-05,4.49263717927034e-05,6.98427334455096e-06,-2.42236597450453e-07,-5.45325562390318e-06,3.48908442166263e-05,-2.58829314601933e-05,3.68432004218869e-06,-0.00953433180925101,0.000109584189945499,0.593524620943946,-3.90909792556963e-05,-0.0252043243610271,-0.00102640500597099,3.63615872044016e-06,-0.00049279988276748,0.0928060423224976,-1.33866106413633e-15,1.39017764103719e-05,-1.89097368887983e-16,2.8999094190949e-05,1.03719812719227e-05,1.48025706824813e-17,-5.77740863545493e-05,0.00128026629057123,-1.63645910856879e-05,3.32590179347771e-16,6.728538156507e-16,-8.47197870312508e-16,3.08133938037928e-16,-7.29476888347367e-16,1.27442306489072e-15,-2.30800298394364e-05,1.65818834906906e-15,0.000320627428509527,-6.30614746087573e-06,-0.00065509360825425,1.84850108562397e-15,-3.64629001585806e-06,-0.00334095626257347,-5.83549953485858e-15,-1.12872293019417e-14,0.707106781186548,6.06150298639588e-14,2.83287116619482e-15,-6.94777602776309e-08,-0.000104025534401792,-6.58029688448904e-05,0.000645548279838431,3.68517114455809e-16,-8.02459073746286e-16,-7.75614108798267e-05,2.66847099862897e-05,-2.97923879903987e-16,-2.84691095667179e-17,-4.40433046824748e-06,-3.95504519296273e-17,8.85517959836309e-16,-4.18801554991183e-17,3.41854198314721e-17,-7.43511108970343e-16,1.4106239194619e-05,3.60339273357948e-06,-3.64625205271717e-16,2.51129450479475e-16,1.30451205393456e-15,4.70937998195913e-17,-1.02299476270662e-15,-1.69978123313528e-16,1.43252003366029e-15,7.18219455776034e-16,-2.81608679738841e-15,-1.49893888335279e-15,-1.16689366609368e-15,-1.31049468068332e-14,-0.0999999999999978
"t44",0.0786302869332664,0.0637285936514213,0.116734806554782,-0.0725892841796643,0.000619751618251584,0.00925171925375991,-0.0991264197232213,-2.05084587011244e-05,-0.0340600919857014,5.54325998955753e-05,-0.0001909039107416,-6.93096129538425e-06,9.27001856459937e-06,0.229536253970275,-1.98877094144817e-05,-0.139068718364587,0.00145637172136696,-0.0179746739021695,0.013458005113723,-2.00825943371664e-06,-0.000169781073331607,2.5568638891682e-05,-6.67997101424507e-07,-0.125014085694544,1.7720397197257e-05,4.49263717925358e-05,6.98427334441752e-06,-2.42236597492951e-07,-5.453255624026e-06,3.48908442166408e-05,-2.58829314601563e-05,3.6843200413113e-06,-0.00953433180925131,0.000109584189945484,0.593524620943946,-3.90909792556868e-05,-0.0252043243610269,-0.00102640500597096,3.63615872007042e-06,-0.00049279988276801,0.092806042322498,-1.38723332146498e-15,1.39017764066319e-05,3.03970207033219e-17,2.89990941909863e-05,1.03719812730498e-05,-2.38705810717708e-17,-5.7774086353954e-05,0.00128026629057134,-1.63645910866142e-05,1.86413943652878e-17,-2.6034848494431e-16,8.7976211702184e-16,-4.13961374127705e-16,4.26499467913947e-16,-1.28046721188064e-15,-2.30800298366897e-05,-1.08347459621806e-15,0.000320627428509666,-6.30614744882982e-06,-0.000655093608256307,-1.78738337591486e-15,-3.64629001671155e-06,-0.00334095626255358,6.68920396165535e-15,1.15005858178753e-14,-0.707106781186547,-6.09777494284095e-14,-2.34297624460927e-15,-6.94777725594731e-08,-0.000104025534401264,-6.58029688436268e-05,0.000645548279841284,-7.72562906300438e-16,9.64029658317481e-16,-7.7561410880272e-05,2.66847099873076e-05,2.22433635772835e-16,-4.23466189117125e-17,-4.40433046972762e-06,-2.12988677416403e-16,9.47968004971476e-16,-8.34985958638143e-17,-1.16450850206809e-15,6.44951695011916e-18,1.41062391955433e-05,3.60339273407631e-06,-7.25447320702918e-16,-1.52840740761703e-16,2.26901830657766e-15,-2.28119193142609e-16,-7.75704652149459e-17,4.75339009697318e-16,1.05781976284933e-15,1.03836855582943e-15,-4.66183257582758e-15,-1.20750533938866e-15,-1.12168306819462e-15,-1.37419461473873e-14,-0.0999999999999956
"t10",0.0777759096390027,0.0623359768199572,0.112788287002957,-0.0685081226905122,0.000578080845541814,0.00834370147448314,-0.0858032003324987,-1.69285891939289e-05,-0.0278948005532864,4.5131390844607e-05,-0.0001539719133835,-5.45897325531189e-06,7.26625415861868e-06,0.176881870486312,-1.52517630388031e-05,-0.0685023335335865,0.000688359285378026,-0.00664116579630528,0.00156915295902278,8.77610159216235e-08,4.63055339968805e-05,-8.07811097578912e-06,3.6581875834762e-07,0.225081720120068,-0.000123031285406564,-0.00084966535329338,-2.21645130128175e-05,6.80847721010797e-07,1.2594396526105e-06,-4.81730659589118e-06,-3.13243166935078e-06,5.40596523400356e-07,-0.00109318905029284,8.76829644322581e-06,0.0294835172818027,1.85162611217799e-06,0.0436817253648833,0.00207996296892695,-1.00133498975736e-05,0.00399398309779471,-0.930013264224367,3.16285717085241e-15,0.00015572299108086,1.04421096313741e-16,0.000208826403265389,4.77973879756185e-05,-1.04965790405715e-16,-0.000185778611656366,0.00409471292341403,-5.09157281926623e-05,-5.41898115932877e-16,-3.29852488130749e-16,-1.35063940773609e-16,-1.23504488958138e-16,1.96158051392135e-16,1.41882576423702e-16,-6.01343687740164e-05,-1.62274692496894e-16,0.000807255318576189,-1.48230147639227e-05,-0.0015168221534965,-5.99243710516212e-17,-8.23422776512206e-06,-0.00241248658823287,2.54344381258835e-17,-9.32739852232502e-17,-4.23611706001366e-16,-1.01944862767731e-16,2.15486534259023e-16,-1.44684233406578e-07,-0.000215712727320997,-0.000135426780271166,0.00130466201829396,1.09290454713694e-16,1.14875182384188e-16,-0.000149227739323483,5.04340324019125e-05,-2.43488803584503e-16,2.58851035879498e-16,-8.26380663519987e-06,-1.62061742218895e-16,1.1330944891103e-15,-2.43985321141449e-16,-5.65067825394264e-16,-4.49572855314516e-16,2.51963111205733e-05,6.4059393283847e-06,-5.84833802572481e-16,-2.78639429644204e-16,9.08995101411847e-16,-9.11373449835623e-17,-6.59114606351824e-16,1.23244016254413e-16,3.29820096630123e-15,8.90726350727216e-16,-3.42722033511439e-15,-1.5364318853325e-15,-9.1893265070262e-16,-1.31984416794436e-14,-0.100000000000003
"t71",0.0785218137827905,0.0635429343443644,0.116180815956576,-0.0719607504123504,0.000613046726145027,0.00908743681762228,-0.0963859239802918,-1.96682281573462e-05,-0.0325833237640096,5.29278065816777e-05,-0.000181710132807641,-6.54304332206731e-06,8.73603827093761e-06,0.214953324963257,-1.85900163573553e-05,-0.101841546796084,0.00103625842772583,-0.0106211835138051,0.00283053103004301,1.67972665975888e-07,9.48289120255183e-05,-1.67252578793335e-05,7.9710860228431e-07,0.571898516699587,-0.000366581700661482,-0.00561993929503049,-0.00018419988680027,5.81674221905659e-06,3.26853357634135e-05,-0.000180898532672791,5.89423743183073e-05,-5.84631241055977e-06,0.00562347919358201,-3.67259174017134e-05,-0.108327805927489,-5.06241505697061e-06,-0.0285969287299018,-0.00123232780553643,4.89320661666536e-06,-0.00109261975049618,0.233018955363512,-6.32805367884403e-16,-8.33576145561205e-06,-1.98805060124383e-16,3.90165063512508e-07,4.4025490366565e-06,5.35500704688794e-17,-3.80764216621277e-05,0.000847644975359069,-1.10851922307501e-05,2.13552552565531e-17,-9.28766536243266e-17,-3.49953982461033e-16,-2.26226413063432e-16,-5.46192943545708e-16,7.34402013457992e-16,-1.77344661388588e-05,-8.87418384934203e-17,0.000251536444891134,-5.14145373702707e-06,-0.000538285448549631,-4.08979556377164e-16,-3.03222202736528e-06,-0.000924194059057282,-9.53429973138659e-17,-1.8749739386239e-18,2.19785040242485e-18,6.88650629038704e-17,-1.77939148783256e-17,-6.02727614797127e-08,-9.04109836384375e-05,-5.73797483639167e-05,0.00056735416435914,7.93544924522673e-16,1.38715183866422e-16,-6.95738791939165e-05,2.41062224641448e-05,2.15755923161033e-16,-2.40911400477418e-15,-3.99001357598804e-06,-1.17469900465348e-15,-4.23944010423779e-15,-2.10749379143416e-15,2.46582402060984e-14,0.707106781186547,1.30147690704832e-05,3.33015598047224e-06,2.16405495671577e-18,-2.14913249068339e-16,3.80945275324507e-15,-2.18291128675133e-16,-2.28955004750638e-16,1.37369930786861e-15,2.33192854534858e-16,8.74636538762766e-16,-3.04035432820357e-15,-2.13189625249036e-16,-1.99663688550021e-15,-1.35706309315723e-14,-0.100000000000004
"t72",0.0785218137827905,0.0635429343443644,0.116180815956576,-0.0719607504123504,0.000613046726145006,0.00908743681762231,-0.0963859239802918,-1.96682281573384e-05,-0.0325833237640097,5.2927806581584e-05,-0.000181710132807692,-6.54304332217286e-06,8.73603827088266e-06,0.214953324963257,-1.85900163573172e-05,-0.101841546796084,0.00103625842772573,-0.0106211835138051,0.00283053103004314,1.67972665938757e-07,9.48289120253088e-05,-1.6725257879388e-05,7.97108602463862e-07,0.571898516699588,-0.000366581700661524,-0.00561993929503044,-0.000184199886800536,5.81674221906406e-06,3.26853357628168e-05,-0.000180898532672798,5.894237431828e-05,-5.84631241042562e-06,0.00562347919358194,-3.67259174017956e-05,-0.108327805927489,-5.06241505679214e-06,-0.0285969287299017,-0.00123232780553655,4.89320661659525e-06,-0.00109261975049583,0.233018955363513,-7.36888776433107e-16,-8.33576145494765e-06,-1.11334094108553e-16,3.90165063913528e-07,4.40254903614974e-06,-2.74597146996385e-16,-3.80764216620016e-05,0.000847644975358815,-1.10851922299537e-05,1.77734090083005e-16,1.60011061999325e-16,3.55476723217878e-16,2.11094574608491e-16,2.55899823365258e-16,-7.78047152506787e-16,-1.77344661388357e-05,-1.35302359616856e-16,0.000251536444890559,-5.14145373886794e-06,-0.000538285448549191,2.88434980914893e-16,-3.03222202899245e-06,-0.000924194059058491,-4.67707409699668e-17,-1.62834574143095e-16,-4.13834098986086e-16,9.65610335642549e-17,-2.31841621129035e-16,-6.02727633809697e-08,-9.04109836383848e-05,-5.7379748364744e-05,0.000567354164358653,-9.30958695057047e-16,6.87257140473335e-18,-6.95738791938889e-05,2.41062224665886e-05,-4.12906332294025e-16,2.21222765404433e-15,-3.99001357631826e-06,1.11525344781022e-15,5.32929458925028e-15,1.89093688538625e-15,-2.51109763196783e-14,-0.707106781186547,1.30147690721791e-05,3.33015598352868e-06,-1.53824826348914e-15,2.38483947590855e-16,-5.33600941210466e-15,2.32485802321865e-16,-6.17532992497013e-16,-6.94091074027541e-16,2.93936147705862e-15,5.83684230946363e-16,-4.26159965529149e-15,-1.28177928645079e-15,-6.61598593808278e-16,-1.33165440287468e-14,-0.1
"t28",0.0787661066440679,0.0640037524196526,0.11770142976776,-0.0740296543778914,0.000637170892265993,0.00985674240847773,-0.115139569343938,-3.10323739321143e-05,-0.0563414932431252,9.99267177742985e-05,-0.000416655382289392,-0.000134230305968514,-0.000113691865860889,-0.256786384211481,1.50778071842991e-05,-0.0756264632483386,0.000792174219671611,-0.00971856198122843,0.00807495662809939,-9.67636246391166e-06,-2.43622983817443e-05,4.07355100119907e-06,-1.14352522519192e-07,-0.000927578629790654,-1.06633740638852e-05,0.000217542884717001,9.69231384086046e-06,-3.18862997359611e-07,-3.61904473537772e-06,2.16326752528762e-05,-1.05476748585949e-05,1.20469958113289e-06,-0.00134994518823033,7.03674420884021e-06,0.00335866062086728,6.39699691418018e-06,0.382893918813386,0.369962927699063,2.81564685476078e-05,-0.000482926782489253,0.0306070193519474,7.10734411421508e-16,6.53621284930263e-05,-3.37858710364112e-16,0.000104574599569912,3.03524268705846e-05,-1.03918377690977e-15,-0.00115572116679354,0.294519148467558,2.92284375490824e-05,-6.65757023642211e-16,2.25629453674634e-15,-1.71723351924352e-15,-1.18600713148926e-15,7.56607497077775e-15,-0.707106781186547,-3.09505569595893e-05,4.11688971721925e-15,0.000440874674366329,-8.81189837041545e-06,-0.000915384255633653,-1.61697951495528e-15,-5.08487418621889e-06,-0.000208950925542287,-7.63340691123134e-16,-7.40018810995557e-16,1.12534534752736e-15,-4.74781764371983e-16,1.02014184396634e-15,-9.78407146863536e-08,-0.00014719293956128,-9.45649263417797e-05,0.0290153948994696,-1.23557836952162e-15,4.28248909982623e-17,-9.92063456556451e-05,3.4083397021501e-05,-1.05677948107902e-15,-9.34295352322807e-17,-5.61665396203639e-06,-4.25646057699019e-16,2.1128107353249e-15,-1.49690094203549e-16,7.60755503603001e-17,4.84848987482355e-16,1.76843453441546e-05,4.50848135651837e-06,-2.67528995142344e-16,-6.34550753610985e-17,-1.70002900645727e-15,-2.21219505305646e-16,-5.64471459175381e-16,-9.02230876955798e-17,1.793989286697e-15,7.07191717216146e-16,-3.57414022672641e-15,-5.75180055803992e-16,-1.17962910721645e-15,-1.33189253230397e-14,-0.0999999999999985
"t29",0.0787661066440679,0.0640037524196526,0.11770142976776,-0.0740296543778914,0.000637170892265898,0.00985674240847781,-0.115139569343938,-3.10323739321807e-05,-0.0563414932431252,9.9926717774295e-05,-0.000416655382289327,-0.000134230305968511,-0.000113691865860926,-0.256786384211481,1.50778071845575e-05,-0.0756264632483388,0.000792174219671459,-0.00971856198122823,0.00807495662809928,-9.67636246387375e-06,-2.43622983816633e-05,4.07355100084982e-06,-1.14352522568972e-07,-0.000927578629790668,-1.06633740640045e-05,0.00021754288471698,9.69231384069188e-06,-3.18862997204285e-07,-3.61904473530041e-06,2.16326752527157e-05,-1.05476748586534e-05,1.20469958202982e-06,-0.00134994518823029,7.03674420861961e-06,0.00335866062086731,6.39699691406246e-06,0.382893918813385,0.369962927699062,2.81564685475659e-05,-0.000482926782490427,0.0306070193519475,-5.24388703478184e-16,6.53621284935433e-05,4.85831418213023e-16,0.000104574599569971,3.03524268732132e-05,-3.84049987737799e-18,-0.00115572116678933,0.294519148467557,2.92284375556632e-05,1.59647193371914e-15,1.14236861230851e-16,2.29102900457521e-15,-9.35538110730532e-16,-8.83747021833842e-15,0.707106781186548,-3.0950556891576e-05,-4.91818299149643e-15,0.000440874674366928,-8.81189837600679e-06,-0.00091538425563353,7.26636694882484e-16,-5.0848741831068e-06,-0.000208950925540477,1.06158840562311e-15,-3.62152241325633e-17,-1.30317186204687e-15,-9.09303118356947e-17,-6.31570645954267e-16,-9.78407145926785e-08,-0.000147192939561813,-9.45649263417722e-05,0.0290153948994701,4.72752321473605e-16,1.07896482809918e-18,-9.92063456561003e-05,3.4083397022712e-05,8.93091109415132e-16,1.7632033566334e-16,-5.61665396397552e-06,-2.46137866421189e-16,3.22576108116829e-16,1.27809381250248e-16,6.55473191337211e-16,-1.00601512249402e-15,1.76843453436309e-05,4.50848135618825e-06,-9.75296956160339e-16,7.79220641995641e-17,-2.82412981889024e-15,8.3963695410453e-17,-4.50847072903224e-16,8.67187066606691e-17,1.57194468177194e-15,6.04226729049512e-16,-3.64352916576563e-15,-1.26906944619474e-15,-1.17981633583873e-15,-1.3416692515455e-14,-0.0999999999999983
"t24",0.0789165221703033,0.0642534134355774,0.118423627479442,-0.074808268580437,0.000645302153675737,0.010047691253079,-0.118329809541669,-3.22004694385297e-05,-0.0585560207104982,0.000103979735426276,-0.000434390132349429,-0.000140625646344308,-0.000119225975953458,-0.270226420564047,1.58826435448303e-05,-0.0863855307980397,0.000910503728317944,-0.011534084465877,0.010329017377038,-1.29225560654707e-05,-3.4375236058128e-05,5.80291823784799e-06,-1.70760798643304e-07,-0.00164581676314589,-2.42480809015918e-05,-0.000593336323594918,-1.51867408703506e-05,4.7473288518159e-07,1.85615648686326e-06,-9.48007449426625e-06,1.20245767243144e-06,-2.18439922977946e-08,-0.000190698016367585,1.316611764014e-06,0.000724627630654122,1.77234032647279e-06,0.172109406572223,0.167499594297602,1.28442654863884e-05,-0.000216280136330055,0.0136119670199611,-2.29435253213186e-15,2.4238801906426e-05,1.00775222981464e-16,3.30045021898731e-05,3.33287169560956e-06,1.56327363395289e-15,0.00311291506286537,-0.89387132492353,-0.000209649790098041,-1.75794500669326e-15,-3.16166132310719e-15,-6.73949008190893e-16,1.98883977959826e-15,1.99871759571182e-15,-3.40792607621114e-16,-5.71056047058305e-05,4.52234621952564e-16,0.000717303414072708,-1.20906136764888e-05,-0.00122209133663197,5.6949565499983e-16,-6.52941556879283e-06,-0.00025917384591853,5.39250820057306e-16,7.89603769677735e-17,-1.85825289399944e-16,7.05707934279543e-16,3.21437534329346e-16,-1.1695371442827e-07,-0.000176440899743801,-0.000114774857708753,0.0698643217786949,4.45450915788049e-17,8.07885338836555e-17,-0.000103068916210876,3.53094717758682e-05,-1.96342640560864e-16,-1.81572159655097e-17,-5.8067090371523e-06,3.21212033567706e-16,1.34105214445441e-15,-7.08128883936403e-17,-1.75890284036993e-15,-8.73774976960266e-17,1.79743754297677e-05,4.57494038217681e-06,-4.80961088808185e-16,-2.61562250160229e-16,7.11930514540882e-15,-5.22641920073416e-18,-6.76234515524667e-16,5.49019334583888e-16,2.12570377732765e-15,6.93516302999477e-16,-4.11505537497051e-15,-1.94229561858261e-15,-1.18917610106618e-15,-1.34552250057465e-14,-0.100000000000002
"t91",0.0799763785678577,0.0659935183376488,0.123399440636339,-0.0800620947168878,0.000699630123566075,0.011290178089168,-0.13849829912629,-3.93713075667551e-05,-0.0720899290038019,0.000128667562084312,-0.000541859773595878,-0.000178900716577253,-0.000152266503156189,-0.349801215878171,2.06369298525067e-05,-0.142346646972489,0.00152190766684912,-0.0206360719427629,0.0210569991204487,-2.80320595875439e-05,-7.99137560534844e-05,1.36402228536106e-05,-4.22386055383939e-07,-0.00471997093286696,-8.04036204178843e-05,-0.00362413119345923,-0.000106743226237834,3.39045903135528e-06,2.12238381590499e-05,-0.000118925369914134,4.10667415179618e-05,-4.1123555811694e-06,0.00351459452042795,-1.66466468587686e-05,-0.00744040896186592,-1.20697096838167e-05,-0.28635465715573,-0.258797763256019,-1.73428223869646e-05,0.000207424452653334,-0.012497610046252,6.99886894300497e-17,-1.39147320541815e-05,-1.64378834928384e-17,-1.58085463665279e-05,-1.08262379211373e-06,-5.26365050619402e-16,-0.000405916826293376,0.11333502038013,2.26242856778086e-05,6.6203271483262e-17,3.47611923002858e-16,2.20280245938967e-16,-2.11738784983581e-16,-5.85498111061058e-16,-3.98111169354592e-16,-1.99604816982525e-06,5.52298166312974e-17,4.9423280519838e-05,-1.81190548414817e-06,-0.000209391803276939,1.94985685265978e-16,-1.38286518631611e-06,-6.95023241096774e-05,6.05500430653859e-16,-5.0331500669915e-16,9.25911880417611e-16,6.14497241462022e-16,1.01782361067783e-15,-6.75607295941294e-08,-0.000113229782269681,-9.37227609804418e-05,0.357112664367893,-1.10433479185286e-15,2.38622823807817e-16,3.55496085686428e-06,2.18176938189516e-06,-9.16244515264459e-16,3.71343849940455e-16,-5.2225009670764e-07,3.12229756815725e-16,-3.63133088057574e-16,2.88257294201951e-16,-6.53771179610464e-16,-4.98857648392629e-16,3.87599235536693e-06,1.02813467404888e-06,3.48830654151777e-16,-1.17768299753469e-15,2.019218126037e-15,-7.2283212443222e-17,-7.17979634003974e-17,1.32471623008823e-15,-1.45221020788932e-15,0.707106781186548,-8.06698471808599e-15,-5.1843343748293e-15,1.66412134692941e-15,-1.35291996439458e-14,-0.099999999999992
"t92",0.0799763785678577,0.0659935183376488,0.123399440636339,-0.0800620947168878,0.000699630123566063,0.0112901780891679,-0.13849829912629,-3.93713075666604e-05,-0.0720899290038018,0.000128667562084468,-0.000541859773595834,-0.000178900716577149,-0.000152266503156136,-0.349801215878171,2.06369298524911e-05,-0.142346646972489,0.00152190766684888,-0.0206360719427629,0.0210569991204486,-2.80320595874669e-05,-7.99137560534318e-05,1.36402228536384e-05,-4.22386055469459e-07,-0.00471997093286709,-8.04036204179697e-05,-0.00362413119345918,-0.000106743226237713,3.3904590313408e-06,2.12238381592243e-05,-0.000118925369914018,4.1066741518011e-05,-4.11235558072081e-06,0.00351459452042795,-1.6646646858824e-05,-0.00744040896186587,-1.20697096838687e-05,-0.28635465715573,-0.258797763256019,-1.73428223869073e-05,0.000207424452652742,-0.0124976100462522,2.08766567494693e-16,-1.39147320535986e-05,2.27350919202303e-17,-1.58085463666881e-05,-1.0826237924391e-06,-4.37163271502195e-16,-0.000405916826292917,0.11333502038013,2.26242856771932e-05,2.06056742278069e-16,-6.82743583424358e-17,-1.61176211077553e-17,6.37752093175392e-17,-3.99882695815434e-16,-2.7677513405804e-16,-1.99604816854475e-06,2.12570690342553e-16,4.94232805200679e-05,-1.81190548522608e-06,-0.000209391803276798,-1.95041427167219e-16,-1.38286518486588e-06,-6.95023241100526e-05,7.44278332212061e-16,-7.49674502507277e-16,1.80214006112606e-16,7.13371657844399e-16,4.11845183352421e-16,-6.75607294449432e-08,-0.000113229782269574,-9.37227609809074e-05,0.357112664367892,-9.20539998405319e-16,2.9099794443602e-16,3.55496085706645e-06,2.1817693823797e-06,-1.25589698935382e-16,-1.87182629986015e-17,-5.22250096804758e-07,-3.12235642340035e-16,1.09403463176295e-15,-4.95450526479556e-17,-8.5846854977333e-16,-4.52543843058335e-16,3.87599235809927e-06,1.02813467575836e-06,-1.40053021256929e-15,1.36143067208071e-15,-6.89032164657988e-15,1.42180693316632e-16,-5.6793009815789e-16,1.69390392011918e-16,7.92917435019331e-15,-0.707106781186547,3.0704467774072e-17,1.83782625592487e-15,-4.93446651721332e-15,-1.35661574678518e-14,-0.100000000000003
"t56",0.07967787405462,0.0655050738864578,0.122007735555249,-0.0786021372923672,0.000684579684949727,0.0109488144543232,-0.133007255524593,-3.74370521257049e-05,-0.068444501180598,0.00012202475599787,-0.000512990118801369,-0.000168659515277281,-0.000143432726963646,-0.328582476775247,1.93701207810565e-05,-0.128033710568806,0.00136586696107463,-0.0183357381339988,0.0183912872872554,-2.43048508337427e-05,-6.87651172942451e-05,1.17237344328236e-05,-3.61172960857523e-07,-0.00398218668272207,-6.70795730533916e-05,-0.00292839654407278,-8.58327135616533e-05,2.72489435734444e-06,1.68574020676289e-05,-9.42958944743238e-05,3.22011921245446e-05,-3.20772757986438e-06,0.0027064102103478,-1.27509601473198e-05,-0.00567710082262222,-9.11407373839289e-06,-0.197816036987884,-0.177278135254176,-1.16829145388887e-05,0.000132752467451075,-0.00793867081267867,1.39718324177404e-16,-8.02841546175027e-06,-2.74927981348066e-17,-8.72253460954191e-06,-5.35739732065608e-07,7.10694116415581e-17,-0.000149825360891522,0.041459554505839,7.86865215730965e-06,6.19908295090882e-16,2.64138046466681e-16,-4.13667162747252e-16,3.30450600367427e-16,5.03457621584063e-16,1.53425440027659e-16,-3.04526568502891e-07,1.48307283964152e-16,4.21754513161776e-06,2.1174111759358e-07,3.77299159073181e-05,1.17476789819418e-16,4.25904303394398e-07,3.44773799545587e-05,-1.730053733231e-15,1.64572720008936e-15,-1.92836612109561e-15,-1.5382110358707e-15,-2.07703528739514e-15,8.82692044110178e-08,0.000159877682158359,0.000152817912600182,-0.859278735640109,2.02025507262928e-15,8.54059916982812e-17,-0.000110358061776926,3.11900409729924e-05,6.91344944366637e-16,-5.75583621663847e-16,-4.85284008412224e-06,1.87429687059126e-16,9.79445058819404e-16,-9.93448541289913e-16,1.11627022933949e-15,-3.68385313597391e-17,1.22871969906847e-05,3.09720524646818e-06,-1.54207270993601e-15,-2.42717142153551e-16,3.76088049591772e-15,-2.88689700797233e-16,-9.05728162470124e-16,-1.03637616093818e-15,-1.47568685746604e-15,1.64709009258984e-15,-2.08207282897249e-15,8.81002241433137e-16,-5.15811612920205e-16,-1.26579688971555e-14,-0.100000000000004
"t5",0.0761346787489377,0.0596169118981285,0.10494453410274,-0.0601204532372715,0.000491012308207764,0.00635651135800014,-0.0550526200330398,-8.24666919320872e-06,-0.0128780776873365,2.00088460917888e-05,-6.43210635883885e-05,-4.68093408458585e-06,-1.13744104877393e-06,0.0205309447361746,-1.59780007441893e-06,0.263594475654769,-0.00308841795535652,0.0648977280473364,-0.19504297568295,0.000758755092466351,-0.002650205682984,0.000341261181802422,-5.10508072700712e-06,-0.0249247039283825,-0.00029047180773636,-0.175467557874507,-3.10162569448629e-05,1.27430453229875e-06,1.43686365007636e-05,-7.80550273001896e-05,1.92600571515603e-05,-1.51853826895661e-06,0.00042361274281388,-3.11929546317122e-07,0.000411823556635527,3.03945469344484e-06,0.601403869247682,-0.674638575381037,4.09389812320507e-05,-0.000760010264678347,0.0483940073152418,-1.39815654051543e-15,0.000104932112848715,2.39737747585916e-16,0.000166312866075447,4.56758573563887e-05,-2.3386800284256e-16,-0.000206638123078127,0.00498049673916682,-5.68053802285922e-05,3.22975462943303e-16,-3.12276786566427e-16,2.6631717019939e-16,-8.67107716647181e-17,-1.53039124847526e-16,-8.18818566343877e-17,-7.16278230911828e-05,9.07619233849731e-17,0.000972660628476337,-1.82539077575107e-05,-0.00187629417987073,3.54112309682038e-16,-1.02568022032692e-05,-0.000414514206255902,8.970055269588e-16,6.05914615639193e-17,1.91798222601017e-16,3.8025625122453e-16,-1.38136659853874e-16,-1.84556799748964e-07,-0.000275450360829426,-0.000173257355831396,0.00182024662825823,-1.40665424510005e-17,2.82925459714019e-16,-0.000193777556590346,6.57234617031692e-05,-5.23570823064059e-17,-2.60287452135933e-17,-1.07839458824567e-05,7.47276096901781e-17,3.38753446698637e-16,-4.83627171920335e-16,-7.63314329569498e-16,-2.59984512837596e-16,3.31530843308748e-05,8.43467631660793e-06,-7.65169352620862e-16,6.90314851735344e-17,-2.35922392732846e-16,1.06930721682894e-16,-4.51379907547521e-16,4.22958549367239e-16,2.06743958070322e-15,7.1135519869728e-16,-3.77248997485734e-15,-9.291373223835e-16,-1.26243216358562e-15,-1.3378603906616e-14,-0.100000000000005
"t19",0.0765372973782891,0.0602521808565716,0.10667808509613,-0.0617777966572474,0.00050722563375939,0.00666410177201277,-0.0587143297901037,-8.96106884307164e-06,-0.014035344915867,2.18552186286199e-05,-7.05020226427304e-05,-5.17503489062101e-06,-1.25965001502833e-06,0.0228723965959549,-1.78297471719636e-06,0.328234480236178,-0.00387224977391051,0.0841036869779796,-0.269759989333619,0.00108313090650904,-0.00392066178133823,0.000507758890397157,-7.80050225390959e-06,-0.0411791986517684,-0.000518642343219017,-0.433102193446489,-8.21760336509205e-05,3.4030376795891e-06,4.76906870768517e-05,-0.000269280073047326,9.1308444169938e-05,-8.90968896076816e-06,0.00703683536916179,-3.21587509404412e-05,-0.0139917268197996,-2.10653034014605e-05,-0.216528860353071,0.192513078141097,-6.81692225108766e-06,-4.47872587907866e-05,0.00394582665656405,1.32407482301363e-15,2.774577610936e-05,-2.39632702182315e-16,5.19946233192156e-05,1.77408451615911e-05,1.32828980704752e-15,-9.8905455429166e-05,0.00239182731228821,-2.77519154133212e-05,-3.53949680896871e-14,1.3414339782497e-13,0.707106781186547,-3.92702478605234e-15,3.83269176051286e-15,-2.13206698645614e-15,-3.91956009539093e-05,-6.78084963270078e-16,0.000544316246578994,-1.06881454887928e-05,-0.00110956981133218,-1.82618109010409e-16,-6.16477277382704e-06,-0.00025356673860496,-2.01307767139109e-15,3.8429493962083e-16,8.92137871111328e-16,-7.1482917792807e-16,2.30131683970083e-16,-1.17296253897281e-07,-0.000175559180470724,-0.000110984054459839,0.0011802825944971,-1.61928576083649e-16,-3.10284229830092e-16,-0.000129876661533117,4.45823167634939e-05,-2.7362268196376e-16,-5.58834586291442e-16,-7.35103628147751e-06,-6.04157015528001e-16,1.70538711872394e-15,2.96745938485021e-16,6.77346348743067e-17,6.93226443524375e-17,2.33599667239381e-05,5.96205709708048e-06,-8.52764276179896e-16,1.26139626358101e-16,1.07552855510562e-15,1.54731118860194e-17,-4.85733324724318e-16,5.64762885698868e-16,1.57899074237122e-15,7.55925914305529e-16,-3.36029293802734e-15,-4.8150286949461e-16,-1.33175100282203e-15,-1.33527887025981e-14,-0.0999999999999993
"t20",0.0765372973782891,0.0602521808565716,0.10667808509613,-0.0617777966572474,0.000507225633759358,0.0066641017720128,-0.0587143297901037,-8.96106884305006e-06,-0.014035344915867,2.18552186285505e-05,-7.05020226427265e-05,-5.17503489053454e-06,-1.25965001504009e-06,0.0228723965959549,-1.78297471721892e-06,0.328234480236178,-0.0038722497739105,0.0841036869779799,-0.269759989333619,0.00108313090650867,-0.00392066178133828,0.000507758890397246,-7.80050225392419e-06,-0.0411791986517683,-0.000518642343219042,-0.433102193446489,-8.21760336511828e-05,3.40303767937814e-06,4.76906870768696e-05,-0.000269280073047342,9.13084441699077e-05,-8.90968896113996e-06,0.00703683536916189,-3.21587509403234e-05,-0.0139917268197994,-2.10653034014398e-05,-0.216528860353071,0.192513078141097,-6.81692225119562e-06,-4.47872587907916e-05,0.00394582665656427,-1.6084847242437e-16,2.77457761094415e-05,-1.61769904934676e-16,5.19946233194433e-05,1.77408451651372e-05,-1.50004188012036e-15,-9.89054554346236e-05,0.00239182731228929,-2.77519153971963e-05,3.53402041042105e-14,-1.33800507737602e-13,-0.707106781186548,3.82913894213127e-15,-4.16091401688293e-15,2.19810640557721e-15,-3.91956009502814e-05,6.60669891818763e-16,0.000544316246580569,-1.06881454898509e-05,-0.0011095698113325,3.16971152097166e-16,-6.16477277237681e-06,-0.000253566738605293,1.78943618797697e-15,-7.16318308880766e-16,-1.18325574622176e-15,2.22065851731761e-16,-2.01036192762264e-16,-1.17296255857519e-07,-0.000175559180471151,-0.000110984054460394,0.00118028259449768,-1.65537669133758e-16,4.57478462020953e-16,-0.00012987666153322,4.45823167638015e-05,3.94400306166679e-18,1.76688082654152e-16,-7.35103628181546e-06,4.88767038873787e-16,3.10669444038587e-16,-7.85705364375389e-16,-5.12375111631636e-18,-5.6819397936549e-16,2.3359966724061e-05,5.96205709706921e-06,-3.653072568482e-16,-4.070785586143e-17,3.12250225675825e-16,-1.40252953799367e-17,-7.51932066040223e-16,3.74069489481719e-17,2.09246889126036e-15,9.99411180424135e-16,-4.32132974371848e-15,-1.20314783550096e-15,-1.39425386420977e-15,-1.34594566575685e-14,-0.0999999999999984
"t17",0.0764092960532754,0.0600495227365455,0.106122984754396,-0.0612433155859861,0.000501978496673862,0.0065635557227312,-0.0575030334959634,-8.7215599649738e-06,-0.0136465183470926,2.1233854752261e-05,-6.84165786146967e-05,-5.00725655459575e-06,-1.21809923467445e-06,0.0220727231978026,-1.71965241202617e-06,0.303992554425839,-0.00357639604309616,0.0766175405705299,-0.238528973516606,0.000942357698221742,-0.00334355917481111,0.000431544082971098,-6.5201409788201e-06,-0.032439557852474,-0.000375771031350752,0.544910571129998,-0.000669065658092031,2.00562079575198e-05,7.19915316768023e-05,-0.000387328000020595,0.00010915298202649,-1.01225057870135e-05,0.00731783951194108,-3.24998231680123e-05,-0.0138681653411089,-1.98917105598025e-05,-0.0783537313341593,0.0421127310200739,1.83259732581262e-06,-0.000186153648463289,0.0128121054825428,5.5310939795055e-16,4.43793973741533e-05,-5.12096160812247e-16,7.71618362956035e-05,2.4106366933572e-05,-1.01210519942742e-15,-0.000124521896404986,0.00300782938785415,-3.46932757920972e-05,-2.0618170539431e-13,0.707106781186547,-1.43984796404115e-13,-1.26032068232542e-14,-8.51215574847133e-16,2.7522937234458e-16,-4.71703342801731e-05,-1.00264302321149e-15,0.000650294891513042,-1.25845903413417e-05,-0.00130232759523233,-1.10175233378162e-15,-7.19860741979841e-06,-0.000294452161529867,4.44163296875774e-16,4.21110558678086e-17,-3.76783790959634e-16,1.01540747018543e-16,-7.37417313038396e-16,-1.345938178271e-07,-0.000201272420516156,-0.000127040835376433,0.00134596948986231,3.18812789591608e-17,-5.80218453332378e-16,-0.000146611250173823,5.01426005209473e-05,-2.02201989584547e-16,-8.92319777105008e-16,-8.25551616376628e-06,2.75120716076235e-16,7.71245596591575e-16,-6.25994346421529e-18,-5.5648603009604e-16,-8.46934147055471e-17,2.59720124413541e-05,6.62235584985015e-06,-6.41121950460375e-16,-1.57340404648988e-16,6.80011602582908e-16,5.62698697520575e-17,-5.9154039996257e-16,8.67873946949765e-16,1.57153878382198e-15,6.58038541584961e-16,-3.37678707297287e-15,-1.11850416009677e-15,-1.25411397201936e-15,-1.31194733270498e-14,-0.0999999999999986
"t18",0.0764092960532753,0.0600495227365455,0.106122984754396,-0.0612433155859861,0.000501978496673909,0.00656355572273119,-0.0575030334959634,-8.7215599649177e-06,-0.0136465183470926,2.12338547521361e-05,-6.84165786147438e-05,-5.00725655453945e-06,-1.21809923460958e-06,0.0220727231978026,-1.71965241196372e-06,0.303992554425839,-0.00357639604309595,0.0766175405705301,-0.238528973516606,0.000942357698221733,-0.00334355917481116,0.000431544082971099,-6.52014097870549e-06,-0.0324395578524738,-0.000375771031350769,0.544910571129998,-0.000669065658091836,2.00562079577016e-05,7.19915316766292e-05,-0.000387328000020355,0.000109152982026899,-1.01225057874053e-05,0.00731783951194119,-3.24998231682032e-05,-0.0138681653411083,-1.98917105596156e-05,-0.0783537313341593,0.0421127310200746,1.83259732521968e-06,-0.000186153648463751,0.0128121054825433,8.12646124763001e-17,4.43793973732617e-05,5.41376957286331e-16,7.71618362943223e-05,2.41063669324006e-05,1.21964088027874e-15,-0.000124521896411652,0.00300782938785915,-3.4693275799101e-05,2.06016752680904e-13,-0.707106781186547,1.43622040577006e-13,1.25571238960665e-14,4.60235372547408e-16,-2.07445397662366e-16,-4.7170334283544e-05,8.32024937170538e-16,0.000650294891512408,-1.25845903421142e-05,-0.00130232759523055,1.23226887016523e-15,-7.19860741576692e-06,-0.000294452161530262,-9.15859908161216e-16,-2.48291433813381e-16,-2.49653552884686e-17,-3.49124537724867e-16,7.1935839767788e-16,-1.34593820737966e-07,-0.00020127242051596,-0.000127040835376848,0.00134596948986194,-3.45314421869592e-16,6.99049761700188e-16,-0.000146611250173839,5.01426005205927e-05,-4.94988440869139e-17,1.18934796946301e-15,-8.25551616407497e-06,-4.86980373111432e-16,1.19451812472991e-15,-4.05168402899299e-16,-2.92808061745882e-16,-3.56309302859292e-16,2.5972012441452e-05,6.62235584999865e-06,-1.06005895946166e-15,-7.55322746689429e-17,-6.80011602582908e-16,5.40690583863794e-17,-7.88865209473394e-16,-4.92149258469242e-16,1.77970560093915e-15,1.06549730365126e-15,-3.24147864184686e-15,-1.028298539346e-15,-1.09476368455877e-15,-1.3508613149893e-14,-0.0999999999999981
"t54",0.0724818698540163,0.0531525990008747,0.0848212676444561,-0.0349179512081624,0.000205678461903048,-0.00234312448946534,0.164668521530345,0.00017834034820327,0.444135808346879,-0.00106192044228526,0.00934363036791433,-0.00137630454077572,-0.00078556815902437,-0.0356194797479315,-2.61619461601262e-05,-0.0619097902730593,0.000381401552913472,0.0135914482018744,-0.0151443919944464,-0.00267422356831699,-0.00627168647385488,0.000743771496188202,-9.19604450826266e-06,-0.00109435342482107,-0.000513435261243098,-0.000722972089173768,-0.000367979013269311,1.15905691515779e-05,6.22314223982547e-05,-0.000341714199118429,0.000103877226886908,-9.79873021796817e-06,0.00713211956024157,-3.04018907346601e-05,-0.00119454947273505,-2.09702111210301e-05,-0.0046897683481527,-0.00019123396244361,7.86237299787787e-06,-0.000247234685786926,0.00246094527221495,1.2062052071639e-17,7.44507710454239e-05,-1.20839533106498e-16,0.000127727716327085,4.0055335946121e-05,1.40937901407285e-16,-0.000205412693663204,0.000674982342077831,-6.39324221260542e-05,-2.82535295637694e-16,-1.10455942589631e-15,-8.37515662103632e-17,-4.34986801688414e-17,-1.57068509609303e-16,-3.20270109543216e-17,-0.000108046800519112,-6.23137287276308e-16,0.0016997123689149,-9.50036664921979e-05,-0.331966431480813,-1.08728954049494e-14,1.6119931815526e-05,8.38099063910175e-06,2.08296698196026e-15,5.88520535976191e-16,-8.14174287427697e-16,1.06806428873692e-15,1.84280220321514e-15,-4.51334474344325e-07,-0.364948921495223,0.000111639278576812,6.42822918997794e-05,-2.81868740837485e-16,-0.707106781186549,-0.000116331380473701,4.34051386981868e-05,3.38266430447477e-15,-1.28514720762538e-16,-7.34706476406946e-06,-4.8213880549498e-16,-6.16582720214441e-16,-1.38510969423456e-15,-9.70710340791913e-16,-2.94075266617118e-16,2.6193349185207e-05,6.73518728027834e-06,-9.00968362584658e-16,-7.6087230917439e-16,2.46330733588707e-15,5.28427272446162e-16,-1.65447003651701e-15,-3.58559547548618e-16,2.04329735511139e-15,7.2967616558588e-16,-4.28529472263014e-15,-5.67127801766974e-16,-1.24833980167726e-15,-1.33143082914004e-14,-0.099999999999999
"t55",0.0724818698540163,0.0531525990008747,0.0848212676444561,-0.0349179512081625,0.00020567846190306,-0.00234312448946539,0.164668521530345,0.000178340348203222,0.444135808346879,-0.00106192044228538,0.00934363036791441,-0.00137630454077575,-0.000785568159024456,-0.0356194797479314,-2.61619461601418e-05,-0.0619097902730591,0.000381401552913529,0.0135914482018741,-0.0151443919944464,-0.00267422356831717,-0.00627168647385495,0.000743771496188016,-9.19604450808829e-06,-0.00109435342482091,-0.000513435261242858,-0.000722972089173679,-0.000367979013269191,1.15905691516999e-05,6.22314223982367e-05,-0.000341714199118532,0.000103877226886883,-9.7987302179093e-06,0.00713211956024156,-3.04018907345299e-05,-0.00119454947273488,-2.09702111210957e-05,-0.00468976834815268,-0.000191233962443227,7.862372997912e-06,-0.000247234685786458,0.00246094527221499,-3.2794374921876e-16,7.44507710442495e-05,-1.76571690990882e-16,0.000127727716327113,4.00553359454807e-05,-3.60823221591502e-16,-0.000205412693662487,0.000674982342077822,-6.39324221253992e-05,5.91757677946157e-16,9.15027549017637e-17,3.68303611104323e-16,-3.77824379969661e-16,-1.65586959282229e-15,-5.52993313336443e-17,-0.000108046800518745,2.13296435667208e-16,0.00169971236891537,-9.50036664952643e-05,-0.331966431480817,-9.62567855592963e-15,1.61199318138329e-05,8.38099064089721e-06,-1.04647416863434e-15,1.15753640419694e-15,1.2762473615711e-15,-8.99682548405025e-16,-1.22456853346137e-15,-4.51334471681525e-07,-0.364948921495226,0.000111639278574316,6.42822918996082e-05,3.39113615223891e-16,0.707106781186546,-0.000116331380471347,4.3405138697046e-05,-3.04286824206831e-15,1.629192581938e-16,-7.3470647608185e-06,5.568562619478e-16,1.99591083460663e-15,7.85931608528814e-16,3.33801713142282e-16,-4.88170770921483e-16,2.61933491845872e-05,6.7351872811443e-06,-6.56373509702898e-16,6.08944939737196e-16,-8.18789480661053e-16,-4.98412036835471e-16,2.32909101317216e-16,-9.84794722246201e-16,4.05718393789267e-16,7.83000022466289e-16,-3.31211485260723e-15,5.5003411676208e-16,-1.55045348249616e-15,-1.32006612142555e-14,-0.0999999999999973
"t51",0.0724144713231267,0.0530544665299544,0.0845823286629659,-0.0347585314752519,0.000204569449563452,-0.00232531393396113,0.163021905931062,0.000176123298656171,0.438449930296586,-0.00104803558247636,0.00921748089879291,-0.00135631213885536,-0.000774000288839238,-0.0350705565594978,-2.57538417448022e-05,-0.0603061053274769,0.000371320337893281,0.0131996344199499,-0.0146459156441561,-0.00258156504305173,-0.00604314949483067,0.000716465993876013,-8.84726806520289e-06,-0.00104940336220269,-0.000491001770486397,-0.000686028633350068,-0.000348763881381183,1.09839763284751e-05,5.88063729205347e-05,-0.000322772686423524,9.7855751533041e-05,-9.2190757372944e-06,0.0066894625619251,-2.84786944746352e-05,-0.00111794088507732,-1.95765187507624e-05,-0.00428661798376435,-0.000174449342028495,7.14429833813214e-06,-0.000222002587209638,0.00220597418202292,5.53146787877256e-16,6.52988228433387e-05,-6.65079517124138e-17,0.000110922753038585,3.3977597777221e-05,4.12988549551212e-17,-0.00016436869899182,0.000539216171516217,-5.06036789411282e-05,3.16237808552736e-16,-1.24886656322622e-16,-2.61989226953771e-16,3.94982523705081e-16,-1.37363860090015e-15,1.72258464857638e-16,-7.60512767344782e-05,-4.18861566717368e-16,0.00113844519351761,-5.24557811332363e-05,-0.169219849743207,-5.6656741888507e-15,6.67675660456432e-06,2.03546585593081e-06,-2.58765166596599e-15,-2.45204646474763e-16,2.98479974175598e-16,1.49328862135474e-16,-3.20134136655115e-15,7.46361401737783e-07,0.8489183210266,-0.00057660612163476,0.00041042981750064,-8.97620658786057e-17,1.41807484300065e-15,-0.000210131880670323,6.94289358801606e-05,-1.61403462214309e-16,-2.75114702011901e-16,-1.13178090653616e-05,2.18486066226644e-16,2.85774067021071e-15,6.21333256347331e-17,-2.69935097707189e-16,-1.74954830349825e-16,3.43339041576118e-05,8.73809952607904e-06,-7.41712091791239e-16,-2.26801042841753e-16,-1.39471767468535e-15,2.93197604049881e-17,-3.41960561920255e-16,1.4669859593952e-15,1.83889310384511e-15,9.23600832104171e-16,-4.57000838455197e-15,-1.6937386441274e-15,-1.14641488024858e-15,-1.33341849319957e-14,-0.0999999999999984
"t37",0.0722467238392157,0.052809946826614,0.0839862361224104,-0.0343599500589513,0.000201793828006811,-0.00228061433183419,0.158876878045592,0.000170525180583669,0.424086194173676,-0.00101294737156354,0.00889851891826167,-0.00130569686193506,-0.000744706223257818,-0.0336792756872008,-2.47192280215837e-05,-0.0561866860367129,0.000345406920673192,0.0121893796216466,-0.0133538336374989,-0.00234084740544117,-0.0054480489046264,0.000645338367487777,-7.93730692356836e-06,-0.000931644663112913,-0.000432028983435887,-0.000587957566728215,-0.000297679041852523,9.37105385029476e-06,4.96663738345484e-05,-0.000272199294701642,8.17239317609799e-05,-7.66367676594804e-06,0.00549701749631783,-2.32895764368159e-05,-0.000910993946245667,-1.57997823117398e-05,-0.00316447626693463,-0.000127612750155512,5.13054558703993e-06,-0.000150161692016691,0.0014784147404678,-2.85209956459026e-16,3.84435291381734e-05,6.07955689397172e-16,6.09772885045544e-05,1.53561524744699e-05,-5.43074255118647e-17,-2.86162431845499e-05,8.91830750420391e-05,-5.87780917983966e-06,-8.12403039695994e-16,1.05901179747451e-15,-2.10446916122817e-16,5.78884596373294e-17,2.34139685373153e-15,-9.92782920907214e-17,4.98225256064593e-05,9.3568571048268e-16,-0.00122833207662736,0.000186144341835135,0.866554491518344,2.73491556963598e-14,-7.96830461310787e-05,-0.000265888325550266,1.72351849238416e-15,-1.83485504463996e-15,-1.47499802747719e-15,-3.4461006469108e-16,2.6089514793452e-15,-5.4902206580304e-07,-0.113846408839719,-0.000319817421233078,0.000522283258901105,-3.95552032626388e-16,2.15023619829102e-15,-0.000326594728254521,0.000106498371585063,-6.72826160724771e-16,2.39168983672245e-16,-1.72224621520445e-05,-2.49529726472032e-16,-1.02277676034935e-15,-4.52550208922511e-16,-2.82522515418599e-16,7.88011735137345e-18,4.89320225366321e-05,1.23735399318029e-05,-6.02447981779413e-16,2.95436706165759e-16,1.38777878078145e-15,-1.35017332706838e-16,-4.81603645682253e-16,2.15760391141734e-16,3.35402857131595e-15,9.29747397099488e-16,-1.90210382733621e-15,-1.50576221150456e-15,-1.04141126503179e-15,-1.35320052596594e-14,-0.100000000000006
"t8",-0.00584678120243639,-0.111688753404088,0.00363642352629603,0.00909685340924468,-0.0207768707752784,-0.172276985464764,0.0129044970975123,-0.0906613401843143,-0.00220891452653381,0.0490009725822515,-0.62468559015985,0.175690204090172,0.119821628807043,-0.00138647585404722,-0.00133922811675839,-0.009043812538403,-0.00198318810341188,0.0228770903570738,-0.000480750153457061,-0.00554854412125837,-0.00775396280709322,-0.00428787807896115,-0.000276816508324868,-4.33121923676322e-05,-0.00053598166037417,-5.52885678022775e-05,-0.0166670058941196,-1.48185114537776e-05,8.26974809022272e-05,-0.000288478461741171,0.00396778133310998,-0.000125180645291263,0.00100324703597745,-0.00188286495865671,-6.93569718762696e-05,-0.000884324582172003,-0.00033866876078455,-1.38632495254131e-05,0.000263070827999721,-0.00030803677860951,0.000180443685928219,7.5339693612303e-16,0.000828352081208845,-0.707106781186547,0.00356081858698866,0.000404300397391151,1.38138226660405e-15,-0.000208859300624842,4.48057895260363e-05,-0.000560397074686515,-9.02960553606131e-16,-2.47754575217709e-16,-1.06303185703588e-16,6.1379622920003e-16,7.0597613884353e-16,4.34527110444707e-16,-8.38339692529663e-05,-9.06924140993136e-17,0.000154871261600892,-0.000184559053873534,-0.00016103504570386,5.51524561443876e-16,-0.000108443134632518,-5.69300094253741e-06,-1.27541166180461e-16,-1.6391977422749e-16,-2.24879355463248e-16,2.21871320629681e-16,-3.94390007951706e-17,-1.94668571446011e-06,-2.54565870329922e-05,-0.000152974055282203,2.55261889846775e-05,-6.96294119387091e-16,2.30416330163287e-16,-0.000251878382004412,8.58326262350089e-05,-3.4187190361226e-16,1.21908609015949e-17,-0.000115844731093842,1.11513700667365e-17,9.99960946033596e-16,-1.07610085239175e-16,5.01885167221605e-16,-6.99542404274476e-17,3.07404125692336e-05,1.1189847073161e-05,-5.72237067853738e-16,2.13759415231661e-16,1.21430643318376e-16,-1.90708633360351e-16,-5.90042517328674e-16,1.41956415560044e-16,1.91588756728441e-15,7.77693365097199e-16,-3.79993955834211e-15,-1.04501919633891e-15,-1.35721933129492e-15,-1.33808285333949e-14,-0.1
"t9",-0.0058467812024364,-0.111688753404088,0.00363642352629602,0.00909685340924467,-0.0207768707752784,-0.172276985464764,0.012904497097512,-0.0906613401843144,-0.00220891452653381,0.0490009725822515,-0.62468559015985,0.175690204090172,0.119821628807043,-0.00138647585404716,-0.00133922811675841,-0.00904381253840283,-0.00198318810341177,0.0228770903570739,-0.000480750153457175,-0.00554854412125836,-0.00775396280709323,-0.00428787807896114,-0.00027681650832491,-4.33121923672827e-05,-0.00053598166037446,-5.52885678024875e-05,-0.0166670058941196,-1.48185114533588e-05,8.2697480902132e-05,-0.000288478461741289,0.00396778133310933,-0.000125180645291515,0.00100324703597768,-0.00188286495865704,-6.93569718759889e-05,-0.000884324582171963,-0.000338668760784999,-1.38632495251621e-05,0.000263070827999656,-0.000308036778610557,0.000180443685928416,-1.16173778135578e-15,0.000828352081208249,0.707106781186548,0.00356081858694527,0.000404300397386548,-1.56866019370372e-15,-0.000208859300626387,4.48057895260839e-05,-0.000560397074686308,5.75025473046723e-16,2.30434110470944e-16,-1.36631151525099e-18,-6.80615331570485e-16,-8.06702732211983e-16,-3.56504728767197e-16,-8.38339692538704e-05,9.56857489850378e-17,0.000154871261600873,-0.000184559053874455,-0.00016103504570478,-5.03187916683635e-16,-0.00010844313463303,-5.6930009433253e-06,2.71445233295449e-16,5.28557674754316e-17,-8.61037361052648e-17,-1.12860102530851e-16,1.52044768146362e-17,-1.94668571277829e-06,-2.54565870329766e-05,-0.000152974055282035,2.5526188984628e-05,5.48474619869998e-16,1.1996111954605e-16,-0.000251878382004116,8.58326262350086e-05,6.05838882218877e-17,-8.62581187588959e-18,-0.000115844731092802,-7.13686629286821e-17,9.44449794802337e-16,-3.29655224109761e-16,-5.52826706172233e-16,-3.64430571219132e-16,3.07404125689397e-05,1.11898470731962e-05,-8.15098350038709e-16,-2.44204311912904e-16,5.86336534880161e-16,8.8975732434812e-17,-5.34531366330878e-16,3.08489869251815e-16,1.99221540022738e-15,8.31760948619421e-16,-3.40442260581943e-15,-1.07971366585845e-15,-1.14905231056504e-15,-1.33090435187371e-14,-0.0999999999999997
"t22",-0.00779871001103617,-0.230450630280588,0.01967700952425,-0.0233597937730587,0.0316231836315472,0.164814201139518,0.00236110940088042,0.0049685700906156,0.000130774717695392,-0.00305549441430261,0.043242799383023,0.0324860433698063,0.139090979536506,-1.51820796907734e-05,-6.24491939682677e-06,-0.000267721364882618,-6.10645571391493e-05,0.0007993863195132,-1.80998690943295e-05,-0.000206268409255361,-0.0002762467287867,-0.00015132471446653,-9.26214137129113e-06,-1.11771699118541e-06,-8.24185037338662e-06,3.71164163867935e-06,0.0031054050089754,4.22711530727756e-06,-1.05360276595995e-05,4.24960739955228e-05,-0.0265469541401822,2.37074213058915e-05,-0.00125828192473346,0.509522590361191,-0.000121520716897345,0.350313952724234,-9.41088150531296e-05,-3.81671416517459e-06,0.0486883456561089,-6.92678848053378e-05,4.03373609154746e-05,4.70087399671427e-16,0.000176997298031722,9.66511740686679e-16,0.00180846585704184,8.08502011817694e-05,-3.27130252739642e-15,-4.10041224026451e-05,8.79356002957108e-06,-0.000109797717855043,-5.08045053441874e-15,1.06854770678884e-14,3.39405400122966e-15,0.707106781186548,-1.30267725462028e-14,2.01548261180656e-17,-1.62584671000221e-05,3.13544647150644e-15,2.9985924140409e-05,-3.5639643379495e-05,-3.1083626135373e-05,-9.66963140033008e-16,-2.09203515138881e-05,-1.09784297435146e-06,-1.94682820262317e-16,3.91291451384656e-16,-1.0214820442114e-15,3.5572065807284e-16,7.01114911483988e-16,-3.75451738839419e-07,-4.91009331535565e-06,-2.95102985386313e-05,4.92674259100441e-06,-1.8957533862532e-16,1.69756779548237e-16,-4.87342665730084e-05,1.66297492707304e-05,-2.99163554713207e-16,-2.85890013711884e-17,-2.24587555873205e-05,-1.24676249205337e-16,1.12674575305153e-15,-1.09616424013442e-16,-1.99687383638911e-18,3.31914385558609e-17,5.99381549784469e-06,2.18333310449864e-06,-4.82723567090855e-16,5.89939881077943e-17,-1.16226472890446e-15,1.39714325260018e-16,-8.5507962009304e-16,5.43781454390773e-16,1.5633418819503e-15,9.50580371660996e-16,-3.2202587616067e-15,-1.4872201979361e-15,-1.42150045440174e-15,-1.32804931521575e-14,-0.100000000000001
"t23",-0.00779871001103617,-0.230450630280588,0.01967700952425,-0.0233597937730587,0.0316231836315472,0.164814201139518,0.00236110940088048,0.00496857009061546,0.000130774717695372,-0.00305549441430277,0.0432427993830231,0.0324860433698062,0.139090979536506,-1.51820796908512e-05,-6.24491939658391e-06,-0.000267721364882549,-6.10645571391133e-05,0.000799386319513046,-1.80998690939125e-05,-0.000206268409255283,-0.000276246728786553,-0.000151324714466777,-9.26214137127924e-06,-1.11771699128684e-06,-8.24185037353684e-06,3.71164163868942e-06,0.00310540500897542,4.22711530703554e-06,-1.05360276595849e-05,4.24960739952914e-05,-0.0265469541401822,2.37074213054075e-05,-0.0012582819247332,0.509522590361191,-0.000121520716897508,0.350313952724234,-9.41088150538985e-05,-3.81671416578826e-06,0.048688345656109,-6.9267884806035e-05,4.03373609155883e-05,-1.1831040729385e-15,0.000176997298032272,-6.0189494301173e-16,0.00180846585704135,8.08502011826179e-05,3.444400101592e-15,-4.1004122394586e-05,8.79356002617328e-06,-0.000109797717848592,4.96904939066455e-15,-1.08247810775099e-14,-3.41968962522422e-15,-0.707106781186547,1.27685655413157e-14,2.09153438658626e-16,-1.62584671102608e-05,-3.34126634403315e-15,2.99859241413424e-05,-3.56396433792553e-05,-3.10836261351833e-05,9.46407883415199e-16,-2.09203515140408e-05,-1.09784297365327e-06,-3.93790905375144e-19,-8.11235754377073e-16,6.83765167573473e-16,-2.45320590660557e-16,-6.87130282376156e-16,-3.75451732982993e-07,-4.91009331467522e-06,-2.9510298538939e-05,4.92674259063302e-06,4.81852192697239e-17,3.03887328954953e-17,-4.87342665733491e-05,1.66297492707339e-05,8.94798089165472e-17,-1.12415609514855e-17,-2.24587555876225e-05,1.76940500051064e-16,7.93678845663983e-16,-3.61160507375016e-16,-7.10631413772393e-16,-4.48875902987503e-16,5.99381549784691e-06,2.18333310381858e-06,-6.88289091232142e-16,-2.19462348440916e-16,7.94503351997378e-16,-2.29821694652722e-16,7.47321583483445e-17,1.76020077319737e-16,1.73681422954794e-15,6.76921153105202e-16,-3.87251478857421e-15,-3.21486022079717e-16,-1.69922810472218e-15,-1.33116729547481e-14,-0.100000000000001
"t45",-0.00784990588233238,-0.233515495867306,0.020085101875221,-0.0241774775488335,0.0329565658809225,0.175162948039889,0.00256886018744488,0.00555058308420253,0.00014672238492552,-0.00343914175743031,0.0489210586194282,0.0372217991322724,0.159773726007449,-1.75964313397966e-05,-7.25625605030745e-06,-0.000375516652369721,-8.68119219051634e-05,0.00121673821753434,-3.2140946049769e-05,-0.000399508249098459,-0.000597382116198933,-0.00033355781307153,-2.24444132066348e-05,-3.87474145699524e-06,-5.18259990385393e-05,-8.01434417108119e-06,-0.00498841341807321,-6.59450369389311e-06,8.67203687823667e-06,-3.18658808238534e-05,0.0100595738850332,-5.6991782675477e-06,-0.000128064917916143,0.161351140715359,-7.41144470802968e-05,-0.585955653379491,-2.76165725453633e-05,-1.26030802429656e-06,0.0615608142572035,-2.55913539950338e-05,1.53267157641723e-05,-2.08038533530384e-16,8.18396111465043e-05,2.83697449516627e-16,0.000877276961266928,4.22527552326637e-05,6.69891288348276e-16,-2.34111571074172e-05,5.02854829173511e-06,-6.33025195727854e-05,-4.43632202103906e-16,-4.80978526654733e-16,2.5594721225815e-16,-4.16806550105226e-16,3.05284674482301e-16,-2.41297299664107e-16,-9.93373675130661e-06,-3.88713602342966e-19,1.85487802904552e-05,-2.26249499845966e-05,-1.98486643017238e-05,-9.53365340537586e-16,-1.34896032831511e-05,-7.15566936794958e-07,-1.17309989926242e-14,-1.0183262832484e-14,-6.48190438570369e-14,0.707106781186547,5.91983776971176e-15,-2.50705550598231e-07,-3.28468855715549e-06,-1.98062962429479e-05,3.33325224495779e-06,-1.61341365288801e-15,9.11967959727602e-16,-3.37182000633912e-05,1.16022506576495e-05,-8.98565117271948e-16,4.33923488260345e-16,-1.57231055235428e-05,-1.03507213834209e-17,-4.68666727805245e-16,-3.64683818905054e-16,-2.4881627405652e-16,-3.37199202018516e-16,4.29740638267493e-06,1.56905871081068e-06,-9.67040432534488e-16,1.95256652529548e-16,6.93889390390723e-16,-6.51503980319244e-17,5.58386948347583e-16,1.0804225960289e-16,1.89645110993362e-15,9.30522516764848e-16,-2.69727485387999e-15,-2.17603106083057e-15,-9.12985432544628e-16,-1.359790116064e-14,-0.100000000000002
"t46",-0.00784990588233239,-0.233515495867306,0.0200851018752211,-0.0241774775488335,0.0329565658809225,0.175162948039889,0.0025688601874448,0.00555058308420237,0.000146722384925592,-0.00343914175743036,0.0489210586194281,0.0372217991322723,0.159773726007449,-1.75964313398599e-05,-7.25625605027362e-06,-0.000375516652369897,-8.6811921904865e-05,0.00121673821753419,-3.2140946049658e-05,-0.00039950824909866,-0.000597382116198879,-0.000333557813071577,-2.24444132067519e-05,-3.8747414568852e-06,-5.18259990387468e-05,-8.01434417107445e-06,-0.00498841341807353,-6.59450369380123e-06,8.67203687814148e-06,-3.18658808237656e-05,0.0100595738850333,-5.69917826837558e-06,-0.00012806491791614,0.161351140715359,-7.41144470806734e-05,-0.58595565337949,-2.76165725450341e-05,-1.26030802501711e-06,0.0615608142572031,-2.55913539951071e-05,1.53267157643367e-05,-2.49671896953693e-16,8.18396111453602e-05,-5.26285881507616e-17,0.000877276961266806,4.22527552317063e-05,2.20092702373156e-16,-2.34111571079334e-05,5.02854829070775e-06,-6.33025195744413e-05,2.57190350570413e-16,1.61841506759582e-16,-3.9378339759359e-16,-6.94253346913211e-17,-4.23299185423743e-16,2.30580961105673e-16,-9.93373675191435e-06,8.04146813382041e-16,1.85487802911041e-05,-2.26249499922269e-05,-1.98486643022795e-05,1.03114284463936e-15,-1.34896032856404e-05,-7.15566933653786e-07,1.24788018381138e-14,1.0678089407242e-14,6.4449850061285e-14,-0.707106781186548,-6.07760362761439e-15,-2.50705540846483e-07,-3.28468855704267e-06,-1.98062962425562e-05,3.33325224757392e-06,1.1523103224199e-15,-7.39481799288398e-16,-3.3718200063213e-05,1.16022506568044e-05,6.14123978122747e-16,-1.00371388789695e-16,-1.57231055188557e-05,-4.90310589562254e-16,2.25137968252639e-15,-1.70397053802282e-16,-3.98869854728755e-16,-2.83561791586294e-16,4.29740638372122e-06,1.56905871100329e-06,-4.94328347530625e-16,-1.30908017149121e-16,-1.3912482277334e-15,-2.10103621426896e-17,-1.68981467698614e-15,1.09776983080506e-16,1.54950641473823e-15,7.53002988523849e-16,-4.35567049691394e-15,-1.49874040889681e-16,-1.45423743635714e-15,-1.33298687717632e-14,-0.100000000000001
"t41",-0.00786773850463638,-0.234583591524818,0.0202273997992316,-0.024462899992746,0.033422247813574,0.178782783383588,0.0026416636726115,0.00575497641104149,0.000152324891930729,-0.0035739544435485,0.0509172112158161,0.038888347005017,0.167053653982906,-1.84468593287321e-05,-7.61256137156874e-06,-0.000414085696855074,-9.60343133392871e-05,0.00136704253635215,-3.72568564631098e-05,-0.000470346972823684,-0.000715961274354034,-0.000400928055064443,-2.73455805955588e-05,-4.9182929949353e-06,-6.86474208680719e-05,-1.30089643501736e-05,-0.00852318456784183,-1.13341222828542e-05,1.78188099441144e-05,-6.7840590123643e-05,0.0303949514197078,-2.37271585492052e-05,0.000983408754593315,-0.389683036981744,0.00010065314114863,0.159200980178842,-3.86187476493401e-05,-2.22409601180123e-06,0.436528918183796,-3.76189679569322e-06,3.42359236660368e-06,-1.55365066478638e-15,4.55028520677594e-05,-1.34669552338099e-16,0.000531871891338056,2.83969367015871e-05,2.60856615572084e-17,-1.72480822234456e-05,3.71003571799163e-06,-4.70463241760643e-05,2.25572885190085e-16,-2.57659139042381e-16,-9.32004772963432e-16,-6.45290965088938e-16,-6.72341249481078e-16,-2.03091391773395e-16,-7.74267132689789e-06,-1.2436378105958e-15,1.45925032502934e-05,-1.8134850977671e-05,-1.59745699769114e-05,4.75234044767221e-16,-1.09293231300659e-05,-5.83956414352955e-07,-9.01655840822253e-16,0.707106781186548,8.67870158533613e-15,3.45398279680144e-15,4.46090878739965e-15,-2.07819768948368e-07,-2.72595152441403e-06,-1.64710538386124e-05,2.78577040987711e-06,-2.16499402674089e-16,8.89018666057105e-17,-2.85631325273978e-05,9.87666634401234e-06,4.41400728605605e-16,-2.06182290048223e-16,-1.34114131084574e-05,-7.35667912453706e-16,5.53650812744764e-16,-3.56893498026702e-16,1.11251589873562e-15,-3.43855603456243e-16,3.71540382023991e-06,1.35831806782238e-06,-6.76204853849838e-16,8.15732119375422e-18,-3.95516952522712e-16,-3.01207624081098e-16,-1.7826498653693e-15,8.20304185330365e-16,1.52601385045833e-15,7.37984740233769e-16,-3.05748102700687e-15,8.75003532337141e-17,-1.07713619183274e-15,-1.33468059178306e-14,-0.0999999999999998
"t42",-0.00786773850463637,-0.234583591524818,0.0202273997992315,-0.024462899992746,0.0334222478135741,0.178782783383588,0.00264166367261159,0.00575497641104148,0.000152324891930662,-0.00357395444354865,0.050917211215816,0.038888347005017,0.167053653982905,-1.84468593287442e-05,-7.61256137148548e-06,-0.000414085696855089,-9.6034313339585e-05,0.00136704253635189,-3.7256856462848e-05,-0.000470346972823357,-0.000715961274353924,-0.000400928055064345,-2.73455805956359e-05,-4.91829299506456e-06,-6.86474208680297e-05,-1.30089643501098e-05,-0.00852318456784203,-1.13341222831832e-05,1.78188099443912e-05,-6.78405901234115e-05,0.0303949514197083,-2.37271585491866e-05,0.000983408754593238,-0.389683036981744,0.000100653141148887,0.159200980178842,-3.8618747649553e-05,-2.22409601231991e-06,0.436528918183798,-3.76189679602024e-06,3.42359236662918e-06,-1.70804105414822e-15,4.55028520690015e-05,8.67052378748208e-17,0.000531871891338356,2.83969366995709e-05,-2.86071225851542e-16,-1.72480822234267e-05,3.7100357174042e-06,-4.70463241762761e-05,4.19873287341353e-16,-1.26619705799625e-17,6.5498004541093e-16,6.3510562392008e-16,7.53601447754137e-16,1.2993513437532e-16,-7.74267132670388e-06,2.33732402854138e-15,1.45925032512141e-05,-1.81348509835408e-05,-1.59745699799488e-05,-2.51585827253715e-16,-1.0929323134708e-05,-5.83956431866701e-07,1.27715684499245e-15,-0.707106781186547,-9.22496292198315e-15,-3.39880121256043e-15,-4.53173223078914e-15,-2.07819760472509e-07,-2.72595152532027e-06,-1.64710538421532e-05,2.78577040722519e-06,9.95358120145172e-17,2.30463396846449e-16,-2.85631325276092e-05,9.87666634330176e-06,-6.73175333452505e-16,4.04440453820914e-16,-1.34114131085288e-05,7.16450712555605e-16,2.13571862283561e-15,5.94451164907115e-17,-1.56502978643489e-15,-8.60238536737494e-17,3.71540382071984e-06,1.35831806843773e-06,-8.1758471333328e-16,-1.23617384518456e-16,2.81719092498633e-15,2.59748898025492e-16,5.62696275112056e-16,-4.91146762530982e-16,2.13663651400214e-15,8.99251148334856e-16,-3.89014829547588e-15,2.36686572167697e-16,-1.24016978793059e-15,-1.32641716266785e-14,-0.0999999999999991
"t30",-0.00785192503903938,-0.233638707002524,0.0201018451682932,-0.024212289700155,0.0330143428677177,0.175633238428749,0.00257881097304064,0.00558001823320697,0.000147535728213021,-0.00345882977856711,0.049215296259307,0.0374730355673836,0.160876023767691,-1.77271652110224e-05,-7.31125923880086e-06,-0.000383083919728758,-8.86450194812143e-05,0.00124845850327484,-3.33419502541036e-05,-0.000416939174390139,-0.000628052716482479,-0.000351118248272874,-2.37671727218266e-05,-4.18402635496665e-06,-5.72383499782144e-05,-1.00972400408678e-05,-0.00652806720095548,-8.66853994315833e-06,1.31467605426081e-05,-4.97674742979374e-05,0.0214157854831134,-1.63656838135897e-05,0.000638731712196837,-0.245948873981957,6.20988288650399e-05,0.0916150421717928,1.21029644335228e-05,1.19975022632815e-06,-0.550706350214704,-4.32599538879079e-05,2.43395193080395e-05,2.17606893274941e-15,9.76820426898325e-05,-1.0757909179856e-16,0.00100608352372574,4.62197681036942e-05,-8.28816358110636e-16,-2.46385265532174e-05,5.28926775316119e-06,-6.6398821242684e-05,2.20613159103475e-16,1.32429684134523e-15,1.14913209496004e-15,-3.36892337809612e-15,-2.36085732686503e-16,3.8383188259731e-15,-1.02451717913449e-05,0.707106781186547,1.90731865192205e-05,-2.31331057055265e-05,-2.02706496496084e-05,-1.65734906067131e-16,-1.37506777246436e-05,-7.2799490603496e-07,2.34349863009975e-15,1.02132983190637e-15,-1.3412440650125e-15,6.65672251556621e-16,-1.03126692930797e-15,-2.54053588465142e-07,-3.32763373573449e-06,-2.00554578332845e-05,3.37130271343643e-06,-6.76778876659625e-16,-2.00356035014534e-16,-3.40036227686673e-05,1.16889543434278e-05,1.41466701179899e-16,-4.40755517278675e-16,-1.58344285587856e-05,-1.1950852052039e-15,3.63516391007434e-16,4.43908601328085e-17,-2.33825164332672e-16,-1.7473876241489e-16,4.31723149919247e-06,1.57595277008548e-06,-8.04354117805884e-16,2.25385399422519e-16,3.19189119579733e-16,-1.0059028824195e-16,3.20253676662175e-16,9.93768793701363e-17,1.82618043566176e-15,8.85939083103162e-16,-2.73233506714428e-15,-2.75384700117038e-16,-9.1894528676488e-16,-1.32554649517259e-14,-0.0999999999999986
"t31",-0.00785192503903938,-0.233638707002524,0.0201018451682932,-0.024212289700155,0.0330143428677177,0.175633238428749,0.00257881097304066,0.00558001823320694,0.000147535728213035,-0.00345882977856725,0.049215296259307,0.0374730355673834,0.160876023767691,-1.77271652110813e-05,-7.31125923893964e-06,-0.000383083919728809,-8.86450194816818e-05,0.0012484585032748,-3.33419502539342e-05,-0.000416939174390102,-0.00062805271648266,-0.000351118248273043,-2.37671727218831e-05,-4.1840263552434e-06,-5.72383499781499e-05,-1.00972400409527e-05,-0.0065280672009559,-8.66853994328528e-06,1.31467605434226e-05,-4.97674742978793e-05,0.0214157854831133,-1.63656838149464e-05,0.000638731712196717,-0.245948873981957,6.20988288656149e-05,0.0916150421717923,1.21029644330965e-05,1.19975022579278e-06,-0.550706350214703,-4.32599538877455e-05,2.4339519308248e-05,1.77881725675099e-15,9.76820426885419e-05,6.74720631659373e-17,0.00100608352372628,4.6219768103021e-05,-2.64503904587009e-16,-2.4638526550707e-05,5.28926775229158e-06,-6.63988212399693e-05,-5.01036341112326e-16,-8.27728064091266e-16,-1.19074885028849e-15,3.12358867704092e-15,1.0738951557799e-16,-3.89855780789643e-15,-1.02451717980879e-05,-0.707106781186548,1.90731865099804e-05,-2.31331056962582e-05,-2.02706496481799e-05,1.67331674711334e-16,-1.37506777261077e-05,-7.27994904922733e-07,-3.03501150716527e-15,-2.499780766966e-15,1.32328420124546e-15,-1.30821878504245e-16,1.12673283313643e-15,-2.54053585817954e-07,-3.32763373618658e-06,-2.005545783364e-05,3.37130271340782e-06,4.63575376525373e-16,5.38488833364075e-16,-3.40036227684369e-05,1.16889543436796e-05,-4.69156770803651e-16,-5.21774786097997e-17,-1.58344285576241e-05,1.32673929449415e-15,3.91271966623064e-16,-2.88671726915633e-16,-7.57711654077783e-16,-2.06242081482718e-16,4.31723150045491e-06,1.57595277072847e-06,-6.40422704975583e-16,-1.07633438911174e-16,1.45716771982052e-15,-3.52159892345988e-17,-1.53243099582123e-15,9.59074324326525e-17,2.27026964551182e-15,6.86660661790272e-16,-4.35603624065861e-15,-3.04400336777603e-15,-1.09934549393238e-15,-1.32979099101233e-14,-0.0999999999999988
"t63",-0.00751617189175609,-0.212586706299347,0.0171477352848416,-0.0176377299878637,0.02168482967229,0.0713879796485506,-7.42426915768624e-05,-0.00482344882186355,-0.000156606576930125,0.00424020170679638,-0.0749286683698901,-0.0950385970428767,-0.451620553035644,7.19285260709474e-05,3.30917251246026e-05,-0.00156137256313459,-0.000350884940018986,0.00447171890207081,-0.000108697604366108,-0.00132989693276561,-0.0019748281278934,-0.00110237211776121,-7.42657643736601e-05,-1.31048072606258e-05,-0.000182674758538198,-3.89343625162138e-05,-0.0268576165167951,-3.59463559848807e-05,7.25401964228041e-05,-0.00029452622138836,0.467867793965543,0.000252704683501247,-0.000520974068346599,0.0163337685409179,1.47545452879626e-05,0.00308199196929273,-2.62005311809309e-05,-1.16054102275824e-06,0.000503172922555847,-3.59206450868254e-05,2.14890355598841e-05,-7.41022887214638e-16,0.000117928218236289,3.03896657422326e-16,0.00127853466791379,6.27158792110941e-05,8.63456800541168e-17,-3.5476443719284e-05,7.62269567318377e-06,-9.61284931784283e-05,-1.73159312703308e-16,-3.39461693236639e-16,1.98540719632765e-16,1.34563308566619e-16,-1.23276266346291e-15,-2.60066932413856e-16,-1.52575641977087e-05,1.30922570761029e-15,2.8549956272607e-05,-3.49634516705656e-05,-3.06981239727101e-05,2.95407451196499e-16,-2.08897596104037e-05,-1.10954301792165e-06,-1.10778388907703e-16,9.66024039251778e-16,-3.24356422784489e-16,-3.18151725042836e-16,-4.67994750985433e-16,-3.89665457073939e-07,-5.10607267842386e-06,-3.07969224913308e-05,5.18580249571852e-06,1.60465272874115e-17,-4.61221407697047e-16,-5.25132748131513e-05,1.80728140959751e-05,5.86572537616952e-16,4.00743269445152e-15,-2.44928212635812e-05,0.707106781186548,2.11413632793103e-14,-5.16449957776376e-15,-1.0648745838952e-14,9.94726059600503e-16,6.69199087765334e-06,2.44312813234557e-06,-1.08720599028381e-15,-3.80760446477557e-16,-3.31679128606766e-15,-5.1467403860511e-17,-3.26176768081102e-15,2.49824338439303e-15,-1.17049770252124e-15,4.9070811149013e-16,-2.48539066186871e-15,-1.56736570699645e-15,-1.29672274646114e-15,-1.33472801462512e-14,-0.0999999999999999
"t64",-0.00751617189175609,-0.212586706299347,0.0171477352848416,-0.0176377299878637,0.0216848296722901,0.0713879796485506,-7.42426915768616e-05,-0.00482344882186358,-0.00015660657692999,0.00424020170679638,-0.0749286683698901,-0.0950385970428767,-0.451620553035644,7.19285260708486e-05,3.30917251247778e-05,-0.00156137256313456,-0.000350884940019061,0.00447171890207076,-0.000108697604365966,-0.00132989693276585,-0.00197482812789345,-0.00110237211776119,-7.42657643736899e-05,-1.31048072606734e-05,-0.000182674758538219,-3.89343625163216e-05,-0.0268576165167947,-3.59463559848292e-05,7.25401964230004e-05,-0.000294526221388197,0.467867793965543,0.000252704683500533,-0.000520974068346514,0.0163337685409178,1.47545452877681e-05,0.00308199196929317,-2.62005311811124e-05,-1.16054102317789e-06,0.000503172922555689,-3.59206450863378e-05,2.14890355599558e-05,2.44300047141038e-16,0.000117928218236416,2.35512539521468e-16,0.00127853466791408,6.27158792120612e-05,1.71438840993184e-16,-3.54764437187254e-05,7.62269567248699e-06,-9.61284931767211e-05,-4.82105262737755e-17,4.7654109031172e-16,-3.48159045361487e-16,-1.67039520724528e-16,9.3217223454556e-16,3.02419692201621e-16,-1.52575641990713e-05,-1.33776904400153e-15,2.85499562725442e-05,-3.49634516727494e-05,-3.06981239731303e-05,-3.16555999863305e-16,-2.08897596111011e-05,-1.10954301794366e-06,1.00857875132209e-16,-6.02009319107952e-16,4.5348519188011e-17,2.23003098062872e-16,5.08277454174068e-16,-3.8966545573213e-07,-5.106072678172e-06,-3.0796922489966e-05,5.1858024954787e-06,-3.16174731782806e-16,6.67737545776399e-16,-5.25132748156269e-05,1.80728140970485e-05,-8.14574869701083e-16,-4.4163834472461e-15,-2.44928212735274e-05,-0.707106781186548,-2.0047910934283e-14,4.74429159605562e-15,9.80364394281432e-15,-1.39016147561724e-15,6.691990880046e-06,2.44312813317858e-06,-4.15867386240336e-16,2.99113952817103e-16,3.60475538307981e-15,-5.41199505381445e-17,2.53914762544328e-15,-2.13693774330587e-15,4.13081724006388e-15,1.09404677552895e-15,-4.8827785056687e-15,-1.22341051507779e-16,-1.14051654046955e-15,-1.33916572971935e-14,-0.0999999999999994
"t11",-0.00746092614634296,-0.209444644757931,0.0167557293142113,-0.0169676929063133,0.0207001505431823,0.0666652603149589,-6.75378311863854e-05,-0.00426037767961875,-0.000137665297484493,0.00371405349570801,-0.0652602545600504,-0.0816154101239927,-0.386739827373161,6.09869474316142e-05,2.7979814482681e-05,-0.00107436654559593,-0.000237957603819363,0.00281815985289264,-5.81978072029424e-05,-0.000650562056704616,-0.000862827771247469,-0.000472373891579561,-2.89275010917165e-05,-3.60267827425155e-06,-2.94511019125565e-05,1.181591326648e-05,0.0107863937616328,1.48270052146825e-05,-5.08751056545341e-05,0.000221060981024019,-0.5273720242615,-0.000340937645323779,0.00108616615774685,-0.0409368400838198,-4.25130582973054e-05,-0.013343340824372,-0.000131107472716323,-5.29907211791166e-06,0.00199479656510639,-0.00011001696559962,6.41631598221607e-05,-1.31025700170358e-16,0.000286900223549828,-1.81451040345425e-15,0.00294680678077872,0.000132726722703004,-0.707106781186548,-6.77575160835687e-05,1.4532196324943e-05,-0.000181526653862018,-2.719494071076e-15,-1.3909898368943e-15,1.28302783739589e-15,-4.21378198497874e-15,-2.89322532598032e-15,4.96163861120238e-16,-2.69264270440338e-05,-2.60394920010186e-16,4.96635354132664e-05,-5.90076801717304e-05,-5.14559400994867e-05,-1.15241740000308e-16,-3.46194550841505e-05,-1.81581119370868e-06,4.0844663076983e-17,-3.8319585899031e-17,-1.80837173132109e-16,1.20670952605981e-16,3.37958742879237e-17,-6.19972749339726e-07,-8.10664684185086e-06,-4.87079776711327e-05,8.1255768203054e-06,7.37882936240927e-16,-5.00301834865406e-17,-8.01646162933643e-05,2.73223202754632e-05,-7.74333852236733e-17,3.07043667437903e-16,-3.68798746826766e-05,-6.64507895109355e-17,1.75725593676265e-15,-1.27227704153148e-16,-5.99421290272067e-16,-4.61132728301823e-17,9.80095272865008e-06,3.56843867975493e-06,-6.22419556665436e-16,7.71421264292471e-17,8.50014503228635e-17,1.73639464771178e-16,-6.14511827121311e-16,1.62507813167108e-16,1.90548346501416e-15,7.34863196993715e-16,-3.57678835460889e-15,-1.56004425178418e-15,-1.17749803935562e-15,-1.34891746610101e-14,-0.1
"t12",-0.00746092614634294,-0.209444644757931,0.0167557293142114,-0.0169676929063133,0.0207001505431823,0.0666652603149589,-6.75378311863857e-05,-0.0042603776796188,-0.000137665297484529,0.00371405349570784,-0.0652602545600505,-0.0816154101239927,-0.386739827373161,6.09869474316327e-05,2.79798144828059e-05,-0.00107436654559621,-0.000237957603819463,0.00281815985289297,-5.81978072029905e-05,-0.000650562056704857,-0.000862827771247407,-0.000472373891579756,-2.89275010915881e-05,-3.60267827425301e-06,-2.94511019126565e-05,1.18159132661392e-05,0.0107863937616323,1.48270052144265e-05,-5.08751056548982e-05,0.000221060981024055,-0.527372024261501,-0.000340937645324324,0.00108616615774679,-0.0409368400838206,-4.25130582974925e-05,-0.0133433408243711,-0.000131107472716341,-5.29907211822021e-06,0.00199479656510559,-0.000110016965601261,6.41631598221388e-05,-1.865368514009e-16,0.000286900223549469,1.53476390755402e-15,0.00294680678077716,0.000132726722705694,0.707106781186547,-6.77575160780788e-05,1.4532196327503e-05,-0.000181526653854839,2.90101038079082e-15,9.93516203669346e-16,-1.43065688125414e-15,4.20496898974503e-15,2.44972298004926e-15,-5.44612978762102e-16,-2.69264270427493e-05,3.15588731253772e-16,4.96635354136622e-05,-5.90076801731639e-05,-5.14559400995228e-05,9.29173098928846e-17,-3.46194550861489e-05,-1.81581119352949e-06,2.17786457617343e-16,-3.39127275549085e-16,-1.46649404457674e-16,-3.30704677437584e-16,-4.25508900864641e-17,-6.19972744694136e-07,-8.10664684199425e-06,-4.87079776709918e-05,8.12557682077307e-06,-9.23613251004269e-16,2.45916467155873e-16,-8.01646162937533e-05,2.73223202755286e-05,-1.43349027481223e-16,1.73239492595246e-18,-3.68798746816885e-05,1.58054618073815e-18,9.93977607332858e-16,-2.24377625662871e-16,2.0549040258088e-16,-3.30095178408844e-16,9.80095272859095e-06,3.56843867944728e-06,-6.95277906763478e-16,-2.07315547617917e-16,1.04256880906206e-15,-1.77824642717361e-17,-9.75334308937422e-16,-7.34145795582335e-17,2.10671138822746e-15,8.201079878696e-16,-3.54643069377939e-15,-1.32238713557537e-15,-1.42729337494957e-15,-1.32714205294874e-14,-0.100000000000001
"t83",-0.0067098168283484,-0.160517800881789,0.009564642647703,0.000820014730338832,-0.0120067451996405,-0.327100872224261,-0.0247936206447766,0.0251489615237249,0.000437134641033077,-0.00703993800962163,0.0357511330359647,-0.473329445245616,0.15100674145251,7.07690929428636e-05,3.62889165153508e-05,-0.00305798597115865,-0.000689305419235945,0.00889964337468128,-0.000221855319765752,-0.00275233014847428,-0.00415960618367099,-0.00232900902897039,-0.000159264237405681,-2.9637619744286e-05,-0.000443288951962886,-0.000221032952606325,-0.327631041906973,-0.000514647563234085,-0.000147509466423004,0.000436304883648031,-0.00759443042092566,6.13518434300178e-05,-0.000267901551643493,0.00104558612989734,1.15546804123739e-05,0.000218438680807163,-4.6218569501298e-05,-2.0162246702906e-06,0.000106617709331211,-6.01141778868246e-05,3.59247512953213e-05,-1.34906078433095e-16,0.000199747048991651,-1.43655388435059e-17,0.00419291667765999,0.000101401321314342,-6.62837352053189e-17,-5.79542903438365e-05,1.24535567908428e-05,-0.000157120228278323,-1.21224346766233e-16,-1.62215179387101e-16,-8.9879163892087e-17,-1.48097242662046e-16,-1.1469389057111e-15,-1.84602017745686e-16,-2.49990425674158e-05,1.52903516884429e-16,4.67964369591259e-05,-5.73484287764506e-05,-5.03589148332335e-05,-2.42367429071006e-17,-3.42755338945729e-05,-1.82086042812122e-06,-2.02379197916653e-17,5.41510014641128e-16,-3.20048459505311e-16,1.78261315964795e-16,2.98390451358995e-17,-6.39661234758983e-07,-8.38206566449519e-06,-5.05569289272132e-05,8.51342708044721e-06,-2.99974815579354e-16,7.42043003954169e-16,-8.62057569461076e-05,2.96659334089276e-05,-7.18911175744007e-16,2.1456966773301e-16,-4.02023906729257e-05,-6.4235117414309e-17,8.53419670015974e-16,-6.01247337275205e-16,-1.7376004184346e-17,8.91252038450423e-17,1.09786766243223e-05,4.00784142142688e-06,-9.04660797907867e-16,6.38537607991209e-16,-7.93375781737993e-14,0.707106781186548,-2.21999293422764e-13,5.48921103425093e-16,-8.02524983920812e-15,8.39526712361679e-16,-4.59635667174732e-15,3.51297480137452e-15,-1.3272323336413e-15,-1.3516228530536e-14,-0.1
"t84",-0.00670981682834841,-0.160517800881789,0.009564642647703,0.000820014730338842,-0.0120067451996405,-0.327100872224261,-0.0247936206447766,0.0251489615237248,0.000437134641033158,-0.0070399380096216,0.0357511330359647,-0.473329445245616,0.15100674145251,7.07690929429156e-05,3.62889165153733e-05,-0.00305798597115839,-0.000689305419235951,0.00889964337468119,-0.000221855319765818,-0.00275233014847431,-0.00415960618367095,-0.00232900902897056,-0.000159264237405625,-2.96376197442316e-05,-0.000443288951962793,-0.000221032952606273,-0.327631041906973,-0.000514647563233929,-0.000147509466423105,0.000436304883648126,-0.00759443042092586,6.13518434300405e-05,-0.000267901551643493,0.00104558612989732,1.15546804122278e-05,0.000218438680807165,-4.62185695012435e-05,-2.01622467039587e-06,0.000106617709331287,-6.01141778870095e-05,3.59247512954247e-05,8.01996325876388e-17,0.000199747048992933,2.57040964147073e-16,0.00419291667766008,0.000101401321314212,-2.46969652360548e-16,-5.79542903439197e-05,1.24535567907577e-05,-0.00015712022827795,1.92051016010108e-16,-2.6092392380768e-17,3.49889897499922e-17,2.20423320410963e-16,-6.44714566192496e-17,1.68766946668509e-16,-2.49990425664223e-05,1.51840168372085e-16,4.67964369591141e-05,-5.73484287769479e-05,-5.03589148334194e-05,2.36285546759039e-16,-3.42755338945989e-05,-1.82086042826465e-06,-1.45138009581156e-16,-5.4026336682332e-16,5.22660525401894e-17,7.35828719439639e-19,-5.17189954795496e-17,-6.3966123438168e-07,-8.38206566443989e-06,-5.05569289277856e-05,8.51342708081082e-06,-3.10354496205422e-16,-4.8404488329033e-16,-8.62057569476414e-05,2.96659334089789e-05,6.88479033605143e-16,-2.31165246270872e-16,-4.02023906734488e-05,-1.20973528780768e-16,5.34230550436241e-16,8.56719940374663e-18,-2.84523419484716e-16,-3.55791125881403e-16,1.09786766271541e-05,4.00784142187293e-06,-4.12013481010123e-16,-7.38515035241487e-16,7.98614646635443e-14,-0.707106781186548,2.20729893195469e-13,-2.28235013913751e-16,1.14591642429634e-14,6.80771407357469e-16,-2.70897752988453e-15,-5.22309262364468e-15,-1.07297214648218e-15,-1.3381047197839e-14,-0.1
"t4",-0.0065918837662795,-0.154841833213409,0.00904125060624512,0.000745371691522086,-0.010699698750703,-0.275151668061905,-0.0194095668668558,0.018077164891784,0.000309742799503553,-0.00493466164951542,0.0246297118386317,-0.312027687896811,0.0986552409172036,4.47758429007675e-05,2.27512121650291e-05,-0.000729882685974923,-0.0001474558409902,0.000835245466720952,3.23696332569678e-05,0.00072646646377618,0.00165687777127116,0.000978248513523492,8.29813859638312e-05,2.43344371173166e-05,0.000498044692191662,0.000533134519732633,0.883086603384909,0.00140343612189831,0.00052907613240308,-0.0016304647361911,0.0373993414118648,-0.000347107639605392,0.00221897832107339,-0.0103908775101627,-0.000133070330325868,-0.00409820457754731,-0.000395306340519486,-1.58990332457894e-05,0.00073733358138859,-0.000320646965802776,0.000186494366676824,2.59405422993714e-16,0.000824132328828071,5.94328015044025e-16,0.016222296105277,0.000353201566318131,2.56201330708043e-16,-0.000176781965369711,3.78955409097633e-05,-0.000472070210883222,-2.41140392206651e-16,8.89430762409338e-17,-2.50437928211097e-16,3.03248131011573e-17,1.7151132508854e-15,1.37708355027287e-16,-6.84773046704099e-05,-2.08105136729305e-16,0.000125622776557345,-0.00014747509977424,-0.000128234290881718,-1.54534046556085e-16,-8.5856686952681e-05,-4.47825719323593e-06,1.62178702192019e-16,-1.50581270927516e-16,-2.44145592077958e-16,-2.01729000264219e-16,4.86444388277179e-18,-1.50899410164811e-06,-1.97108471202638e-05,-0.000118208563934419,1.96280867343728e-05,1.50728508256634e-16,5.90874263177959e-17,-0.000191016087262059,6.4756058102426e-05,-2.94204980332597e-16,-3.1377504077536e-17,-8.72117845743622e-05,2.54302355523106e-16,4.05471933106813e-16,6.24280273179932e-17,-3.91333725232541e-16,-3.7101277815946e-16,2.28027864791561e-05,8.28846291987932e-06,-9.38718121390383e-16,-7.06141784747183e-17,5.65519853168439e-16,5.16232226633554e-17,-3.98213747103478e-16,7.66975707957285e-17,1.53718416592895e-15,8.77675669046555e-16,-3.40435067866577e-15,-6.95396232325339e-16,-1.28443140689223e-15,-1.31686404582283e-14,-0.1
"t52",-0.00674079089101923,-0.162139897217149,0.0097293522720644,0.000848583298328731,-0.0125623405905158,-0.358033476788825,-0.0302412491052381,0.0464337852835186,0.000976092222367231,-0.0196917782396314,0.225876826049623,0.352984088682557,-0.063943234252878,6.94724876530404e-06,6.31287817690496e-06,-0.00210087589072351,-0.000473507533165332,0.00605986694168642,-0.000144887512220124,-0.00174814415820167,-0.00254845544782103,-0.00141806124082992,-9.40735050386829e-05,-1.57870305715635e-05,-0.000208288073151479,-3.87828020945985e-05,-0.0350791078118988,-5.11459852071891e-05,1.67151611233852e-05,-6.59244350446142e-05,0.00345055110929634,-3.95544664084683e-05,0.00035859505137905,-0.00186330704161518,-2.55110279073788e-05,-0.000913018775712223,-0.000170762378746366,-7.16960199771594e-06,0.000361389267319121,-0.000204496028359144,0.000124119410471623,-6.11733796499922e-16,0.00138322601423859,1.2223661655361e-14,0.388272838945558,-0.000142944638078244,-3.05328765193477e-16,-1.88192643818594e-05,4.20001832710484e-06,-6.25492877445208e-05,-8.23605200398525e-16,-2.89217503720386e-16,-7.57621079448891e-19,-6.5174763920297e-17,3.26628359105047e-17,7.91749255775816e-16,-1.71135349973158e-05,-5.22450376224167e-16,3.3860104583501e-05,-4.52832002210396e-05,-4.03925246315957e-05,1.21032731774829e-16,-2.81448812193431e-05,-1.52947116236443e-06,7.05103321860155e-16,-1.36112988058221e-16,6.78639823701429e-16,-1.4018247062416e-15,3.90033117917232e-16,-5.5969953383344e-07,-7.35348148298485e-06,-4.45552401591466e-05,7.58095687406032e-06,-0.707106781186548,8.20027116111499e-16,-7.86377303439983e-05,2.72635637346316e-05,-3.36747108845113e-16,-7.96998795893264e-16,-3.70523230279456e-05,1.70208617177603e-16,1.7590134444735e-15,3.1434025368903e-16,-2.96414360293166e-15,6.48172691166614e-16,1.02890694874974e-05,3.76131064170071e-06,-3.362902494234e-16,-5.24047371165501e-16,7.19910242530375e-16,1.20424800385511e-17,-4.0012372799119e-16,-1.50542660856216e-16,3.15776992823435e-15,6.95669716135074e-16,-2.80346824262363e-15,-8.76037741475995e-16,-1.41927128350701e-15,-1.3438892383171e-14,-0.0999999999999992
"t53",-0.00674079089101922,-0.162139897217149,0.00972935227206441,0.000848583298328695,-0.0125623405905158,-0.358033476788825,-0.0302412491052381,0.0464337852835186,0.000976092222367211,-0.0196917782396313,0.225876826049623,0.352984088682557,-0.0639432342528781,6.94724876526726e-06,6.31287817691667e-06,-0.00210087589072348,-0.000473507533165357,0.00605986694168635,-0.000144887512220151,-0.00174814415820148,-0.002548455447821,-0.00141806124082984,-9.40735050386356e-05,-1.57870305717707e-05,-0.000208288073151597,-3.87828020945603e-05,-0.0350791078118994,-5.11459852074255e-05,1.67151611233468e-05,-6.59244350447086e-05,0.00345055110929641,-3.95544664094212e-05,0.000358595051379109,-0.00186330704161513,-2.55110279072307e-05,-0.000913018775712483,-0.000170762378746357,-7.16960199749951e-06,0.00036138926731906,-0.000204496028359545,0.000124119410471912,-3.184328711378e-15,0.00138322601423807,1.15244446109292e-14,0.38827283894556,-0.0001429446380794,9.04868374712424e-16,-1.88192643817346e-05,4.20001832768524e-06,-6.25492877457771e-05,6.4595657452381e-17,-4.59261921556845e-16,2.35714787426305e-17,-2.06244571612962e-16,8.51452316409073e-16,-7.88440502960515e-16,-1.71135349978224e-05,6.55139729201735e-16,3.38601045833157e-05,-4.52832002154344e-05,-4.03925246311375e-05,2.87758305942361e-16,-2.81448812209806e-05,-1.5294711644757e-06,-7.37319248706744e-16,2.39005569926709e-16,-9.36497667166282e-16,1.26327708383362e-15,-4.41866468299577e-16,-5.59699514088817e-07,-7.35348148290656e-06,-4.45552401578074e-05,7.58095687756263e-06,0.707106781186547,-6.48324672394637e-16,-7.86377303460524e-05,2.72635637342809e-05,-2.77956761727411e-18,1.02792799105456e-15,-3.7052322997714e-05,-1.76083414211256e-16,-6.83477209701848e-16,-7.33693602132565e-16,2.69799382265763e-15,-9.42799421263374e-16,1.02890694884413e-05,3.761310642226e-06,-6.91036633160354e-16,6.07386091177924e-16,1.92554305833426e-16,2.65878339507658e-17,-4.27879284852085e-16,6.96002394935794e-16,6.66707016731675e-16,9.05993677668748e-16,-4.49655835517691e-15,-1.87523846363862e-15,-1.23421516744902e-15,-1.3317943049844e-14,-0.100000000000001
"t13",-0.00670157712600211,-0.160257369172274,0.00955603856267586,0.000823836577335763,-0.0121276047494684,-0.340339887948235,-0.028247102406576,0.0425711985761007,0.000892288067689438,-0.0179621724452943,0.205337848699825,0.318233526021658,-0.05755396573542,6.21770162762305e-06,5.64106349034213e-06,-0.00170441809473516,-0.000382010232785757,0.00476220987115763,-0.000108463116893996,-0.00127990875272106,-0.0018214833952082,-0.00100972941114044,-6.58456803962044e-05,-1.05386366917598e-05,-0.000133189768778102,-2.14729356897485e-05,-0.0189369942506136,-2.75357309500622e-05,8.42191160121653e-06,-3.28760470889476e-05,0.00160330867430731,-1.77281728600644e-05,0.000145768800794003,-0.000724408734536676,-9.5815331328238e-06,-0.000309849447989931,6.16135979875847e-06,5.67035527864767e-07,-6.11211220014336e-05,0.000100530709788234,-6.77573945878932e-05,3.4191654518908e-15,-0.00204798843969267,-2.56412701739973e-14,-0.835536496328438,0.000779515282397498,-1.02452368479239e-15,-0.000207289976890525,4.41386582983047e-05,-0.000531811904789413,1.16743496593175e-15,7.17320115586604e-16,-1.95088133534367e-16,2.74207098339094e-16,-1.43788259249433e-15,6.91298728578862e-17,-6.44660934051045e-05,-3.80485735260389e-16,0.000114977904082365,-0.000128335065526492,-0.000110486028496077,-4.14978265473647e-16,-7.28384187999205e-05,-3.74033405655349e-06,1.02973073794523e-16,-2.53351197224722e-16,-1.49956221252106e-16,5.21211191011097e-17,5.09416605751059e-17,-1.22326472289016e-06,-1.59468573490387e-05,-9.53038204828387e-05,1.56987885970967e-05,1.20274818088229e-15,1.18792032389135e-16,-0.000149912474993024,5.05254163425687e-05,-8.91645531650315e-17,-2.86259964537024e-16,-6.78948911621539e-05,-2.16499613669632e-16,1.20739921740762e-15,-1.3448327143095e-16,-9.67981238086734e-16,-4.86880759810141e-16,1.75295606748688e-05,6.3654569201342e-06,-1.01626229392752e-15,-1.61245583786286e-16,-4.68375338513738e-17,-5.60322962241775e-17,-8.95158570059045e-16,-1.84847483537659e-18,2.11818816086253e-15,9.47485915995976e-16,-3.73757651160917e-15,-3.70654755220645e-16,-1.0321222076224e-15,-1.32572635269091e-14,-0.1
