accepted_species,estimate
Blackstonia_perfoliata,-0.4004535685902419
Cicendia_quadrangularis,-0.405568087970372
Gentiana_andrewsii,-0.43868960113410066
Gentiana_lutea,-0.438689601134101
Gentiana_sceptrum,-0.4386896011341012
Gentiana_utriculosa,-0.43868960113410066
Gentianella_germanica,-0.43249933340033836
Gentianella_parviflora,-0.4324993334003386
Swertia_bimaculata,-0.42640363459003394
Swertia_pseudochinensis,-0.42640363459003383
