accepted_species,0
Blackstonia_perfoliata,-9.204147384394136e-05
Cicendia_quadrangularis,-9.204147384394136e-05
Gentiana_andrewsii,-9.204147384394136e-05
Gentiana_lutea,-9.204147384394136e-05
Gentiana_sceptrum,-9.204147384394136e-05
Gentiana_utriculosa,-9.204147384394136e-05
Gentianella_germanica,-9.204147384394136e-05
Gentianella_parviflora,-9.204147384394136e-05
Swertia_bimaculata,-9.204147384394136e-05
Swertia_pseudochinensis,-9.204147384394136e-05
