accepted_species,0,1
sp41,0.24098820382834496,0.759011796171655
sp54,0.24062429942652475,0.7593757005734753
sp66,0.24060979607535826,0.7593902039246417
sp76,0.24141247799331855,0.7585875220066814
sp83,0.2411932024708271,0.7588067975291729
sp103,0.24057555286677001,0.75942444713323
sp109,0.24057290577687807,0.7594270942231219
sp114,0.240578852126344,0.759421147873656
sp115,0.240578852126344,0.759421147873656
sp123,0.2408556656257269,0.7591443343742731
