accepted_species,0,1
sp41,0.2160594976073602,0.7839405023926398
sp54,0.2853616022265375,0.7146383977734625
sp66,0.28578787291064256,0.7142121270893574
sp76,0.14953657281716037,0.8504634271828396
sp83,0.10198673331396946,0.8980132666860305
sp103,0.3139466186728962,0.6860533813271038
sp109,0.30793447424593534,0.6920655257540647
sp114,0.29807635210030603,0.701923647899694
sp115,0.2897458519953964,0.7102541480046036
sp123,0.26662563150751095,0.733374368492489
