accepted_species,0,1
sp41,0.11393666,0.88606334
sp54,0.37163973,0.6283603
sp66,0.37163973,0.6283603
sp76,0.18486619,0.8151338
sp83,0.11393666,0.88606334
sp103,0.37163973,0.6283603
sp109,0.37163973,0.6283603
sp114,0.37163973,0.6283603
sp115,0.37163973,0.6283603
sp123,0.37163973,0.6283603
