accepted_species,0,1
t12,0.05555555555555558,0.9444444444444444
t35,0.05555555555555558,0.9444444444444444
t3,0.05555555555555558,0.9444444444444444
t85,0.0,1.0
t56,0.05555555555555558,0.9444444444444444
t32,0.05555555555555558,0.9444444444444444
t51,0.05555555555555558,0.9444444444444444
t19,0.05555555555555558,0.9444444444444444
t47,0.05555555555555558,0.9444444444444444
t92,0.0,1.0
