accepted_species,0,1
sp41,0.4763525037373463,0.5236474962626537
sp51,0.47731381732627665,0.5226861826737234
sp62,0.47548409830762295,0.524515901692377
sp89,0.47733579316432295,0.522664206835677
sp90,0.47733579316432306,0.5226642068356769
sp101,0.47546701944153846,0.5245329805584615
sp114,0.4763558029192765,0.5236441970807235
sp123,0.47732494728725505,0.522675052712745
sp124,0.47732494728725505,0.522675052712745
sp129,0.47541641570986193,0.5245835842901381
