accepted_species,0,1
Gomphocarpus_praticola,0.8475979,0.15240209
Gentianella_rhaetica,0.8855458,0.11445423
Palicourea_psittacina,0.9528856,0.047114354
Vincetoxicum_hybanthera,0.83761215,0.16238785
Galium_wigginsii,0.9387522,0.06124784
Ixora_mercaraica,0.95256555,0.047434438
Mitracarpus_gypsophilus,0.94724524,0.052754752
Sabicea_trianae,0.95256555,0.047434438
Greenea_parkinsonii,0.95256555,0.047434438
Faramea_intercedens,0.95271534,0.04728465
