"accepted_species","0","1"
"t98",0.909749804902203,0.0902501950977965
"t27",0.865277715865955,0.134722284134045
"t31",0.865277715865809,0.134722284134191
"t14",0.865277715865803,0.134722284134197
"t61",0.865279299393442,0.134720700606558
"t40",0.865277715974503,0.134722284025497
"t86",0.86786467230936,0.13213532769064
"t95",0.875465021365528,0.124534978634472
"t71",0.865557795478281,0.134442204521719
"t84",0.867299818240635,0.132700181759365
