accepted_species,0,1
t98,0.8679894347552453,0.13201056524475469
t27,0.8679427615266592,0.13205723847334086
t31,0.8679088443666978,0.13209115563330223
t14,0.8679012692475638,0.13209873075243614
t61,0.8677373479674149,0.13226265203258514
t40,0.8677325612739901,0.13226743872600982
t86,0.8676334198973812,0.13236658010261887
t95,0.8676410771229653,0.13235892287703466
t71,0.86763675745912,0.13236324254088008
t84,0.8676512658071476,0.13234873419285245
