accepted_species,0
t7,-0.09762377253933459
t46,-0.09762377253933459
t47,-0.09762377253933459
t93,-0.09762377253933459
t94,-0.09762377253933459
t67,-0.09762377253933459
t50,-0.09762377253933459
t61,-0.09762377253933459
t62,-0.09762377253933459
t2,-0.09762377253933459
