accepted_species,estimate
t7,-0.24784191
t46,-0.14112051
t47,-0.24784191
t93,-0.14112051
t94,-0.17151524
t67,-0.24784191
t50,-0.14112051
t61,-0.14112051
t62,-0.14112051
t2,-0.24784191
