accepted_species,estimate
t7,0.050606437
t46,-0.14669725
t47,-0.14669725
t93,-0.15770672
t94,-0.15770672
t67,-0.14669725
t50,-0.45587954
t61,-0.45587954
t62,-0.45587954
t2,-0.35498026
