accepted_species,0
t28,0.21697705865849237
t24,0.21695067292398332
t72,0.2169209613918638
t6,0.2169686407080283
t19,0.21693389195169246
t17,0.21704803752187285
t60,0.21714132224565166
t18,0.21700372895626074
t52,0.21700372895625933
t53,0.21700372895625933
