accepted_species,estimate
t28,0.031912148
t24,0.028221374
t72,0.028221374
t6,0.031912148
t19,0.03637346
t17,0.11631257
t60,0.11631257
t18,0.11631257
t52,0.11631257
t53,0.11631257
