accepted_species,0,1
Oxystelma_bornouense,0.98293585,0.017064143
Swertia_przewalskii,0.517185,0.48281503
Psychotria_hirsutissima,0.9930541,0.006945887
Ixora_brachyanthera,0.49578524,0.50421476
Hedyotis_cagayanensis,0.6221231,0.3778769
Macrocarpaea_normae,0.04383397,0.956166
Canthium_suberosum,0.9487676,0.05123241
Sabatia_kennedyana,0.8768449,0.123155124
Coffea_alleizettii,0.36251068,0.6374893
Ophiorrhiza_macrocarpa,0.5917954,0.40820462
