accepted_species,0,1
t84,0.6302576761631844,0.36974232383681555
t100,0.629815767420723,0.370184232579277
t112,0.6303672543151879,0.36963274568481214
t134,0.6394553575539286,0.3605446424460715
t141,0.6292522087637209,0.37074779123627905
t150,0.6389219913355578,0.3610780086644422
t151,0.6298714456595746,0.3701285543404254
t168,0.6267780129554656,0.37322198704453435
t169,0.6267768391952036,0.37322316080479645
t171,0.6311370135144417,0.36886298648555826
