accepted_species,0,1
t84,0.6284294542970046,0.37157054570299536
t100,0.6223751625353693,0.3776248374646307
t112,0.6285659825448484,0.37143401745515164
t134,0.6456097739910133,0.35439022600898673
t141,0.6281864149000664,0.37181358509993356
t150,0.6369761282801119,0.3630238717198882
t151,0.6224298197501691,0.3775701802498309
t168,0.6282329625242501,0.3717670374757499
t169,0.6282142614737931,0.37178573852620694
t171,0.6229154344455557,0.37708456555444425
