accepted_species,0,1
t84,0.6013523939760232,0.3986476060239768
t100,0.40923953660782175,0.5907604633921782
t112,0.5759731176668172,0.4240268823331827
t134,0.9760828755637126,0.023917124436287397
t141,0.47872131349321334,0.5212786865067867
t150,0.7232299055556052,0.2767700944443948
t151,0.29155058467712713,0.7084494153228729
t168,0.5802543828265007,0.41974561717349934
t169,0.6490161668280798,0.3509838331719202
t171,0.5728470854500411,0.4271529145499588
