accepted_species,0,1
t71,0.799535,0.20046502
t140,0.8367728,0.16322717
t143,0.80437136,0.19562863
t147,0.88507575,0.114924274
t158,0.8310876,0.1689124
t159,0.83137065,0.16862933
t172,0.81309897,0.18690102
t185,0.81386983,0.18613015
t228,0.813548,0.18645196
t234,0.88507575,0.114924274
