accepted_species,0,1
Uncaria_macrophylla,0.9711233,0.028876709
Ixora_lakshnakarae,0.94369966,0.05630033
Henriquezia_verticillata,0.94369966,0.05630033
Coffea_cochinchinensis,0.94369966,0.05630033
Exostema_nitens,0.94369966,0.05630033
Pavetta_kyimbilensis,0.94369966,0.05630033
Pavetta_petiolaris,0.94369966,0.05630033
Rustia_venezuelensis,0.94369966,0.05630033
Wendlandia_tonkiniana,0.94369966,0.05630033
Coffea_rupicola,0.94369966,0.05630033
