accepted_species,0,1
Uncaria_macrophylla,0.9214558,0.078544214
Ixora_lakshnakarae,0.9049612,0.09503878
Henriquezia_verticillata,0.9049612,0.09503878
Coffea_cochinchinensis,0.9049612,0.09503878
Exostema_nitens,0.85752827,0.14247173
Pavetta_kyimbilensis,0.9049612,0.09503878
Pavetta_petiolaris,0.9049612,0.09503878
Rustia_venezuelensis,0.9214558,0.078544214
Wendlandia_tonkiniana,0.9049612,0.09503878
Coffea_rupicola,0.9049612,0.09503878
