"","turnover.rates","eps.values","transition.rates"
"1",0.671513121575117,0.0528500063810498,NA
"2",0.21640395000577,0.558493979275227,0.550951957702637
"3",0.671513121575117,0.0528500063810498,0.553492812206969
"4",0.21640395000577,0.558493979275227,NA
