"accepted_species","0","1"
"sp190",0.287317279861878,0.712682720138122
"sp100",0.291916720893187,0.708083279106813
"sp241",0.108826203198383,0.891173796801617
"sp173",0.284207080900449,0.715792919099551
"sp215",0.235755975902785,0.764244024097215
"sp219",0.182141330977911,0.817858669022089
"sp65",0.291933617425124,0.708066382574876
"sp234",0.121262220360433,0.878737779639567
"sp260",0.968855075606057,0.031144924393943
"sp188",0.32799539294287,0.67200460705713
