"accepted_species","0","1"
"sp150",0.613272501022792,0.386727498977208
"sp162",0.398871394044749,0.601128605955251
"sp166",0.61449719316674,0.38550280683326
"sp190",0.15188433459398,0.84811566540602
"sp227",0.889888633715226,0.110111366284774
"sp251",0.952215106998023,0.0477848930019773
"sp255",0.0374590068161882,0.962540993183812
"sp267",0.0254700448447796,0.97452995515522
"sp269",0.0100538068551019,0.989946193144898
"sp274",0.999864410563733,0.000135589436266794
