accepted_species,0,1
sp150,0.7182143707823858,0.28178562921761424
sp162,0.24396209083780684,0.7560379091621932
sp166,0.5889669229762658,0.41103307702373415
sp190,0.4254300456554977,0.5745699543445023
sp227,0.6363250543701906,0.3636749456298094
sp251,0.6654760153866346,0.33452398461336547
sp255,0.4295727084401342,0.5704272915598658
sp267,0.21223762764728926,0.7877623723527107
sp269,0.3075553804075736,0.6924446195924264
sp274,0.698679784865182,0.301320215134818
