accepted_species,0,1
sp150,0.515607519475882,0.484392480524118
sp162,0.4442323195033746,0.5557676804966254
sp166,0.5022425586369039,0.49775744136309613
sp190,0.34715588080041293,0.6528441191995871
sp227,0.5841176537124384,0.41588234628756166
sp251,0.6886883361553495,0.31131166384465053
sp255,0.35267088180660067,0.6473291181933993
sp267,0.466291771169117,0.533708228830883
sp269,0.27763127145926914,0.7223687285407309
sp274,0.6834980399922543,0.31650196000774566
