accepted_species,0,1
sp150,0.9838046,0.016195416
sp162,0.325763,0.674237
sp166,0.9395372,0.060462788
sp190,0.08503115,0.91496885
sp227,0.96647596,0.033524062
sp251,0.97381085,0.026189124
sp255,0.12915134,0.87084866
sp267,0.17049897,0.82950103
sp269,0.11677408,0.8832259
sp274,0.9882142,0.011785831
