accepted_species,0,1
Gentianella_crispata,0.9508191,0.049180903
Hoya_pedunculata,0.9662535,0.033746496
Bouvardia_subcordata,0.9790999,0.020900052
Notopleura_obtusa,0.9961552,0.0038448004
Psychotria_dolichocalyx,0.9961552,0.0038448004
Epigynum_ridleyi,0.4801343,0.5198657
Hedyotis_aimiriikensis,0.9790999,0.020900052
Palicourea_adusta,0.9961552,0.0038448004
Schizoglossum_stenoglossum,0.88713104,0.11286896
Ophiorrhiza_mungos,0.9062944,0.09370558
