accepted_species,0,1
sp105,0.07130456,0.92869544
sp130,0.100783706,0.8992163
sp141,0.6821855,0.31781453
sp157,0.8207129,0.17928706
sp158,0.024406135,0.97559386
sp168,0.18504792,0.8149521
sp192,0.5665674,0.4334326
sp193,0.13254881,0.8674512
sp202,0.854802,0.145198
sp206,0.45980424,0.54019576
