accepted_species,estimate
Calotropis_gigantea,-0.3669813471805473
Galium_bifolium,-0.46913661408411567
Galium_tinctorium,-0.32340327609749464
Gardenia_ternifolia,0.26652763318403905
Geniostoma_rupestre,-0.33940369658962843
Nauclea_officinalis,0.4098155878042885
Psychotria_grandis,0.45392175532805223
Psychotria_loniceroides,0.3904110670452906
Randia_armata,0.24954069862391184
Spermacoce_brachystema,-0.08583117576005037
