accepted_species,estimate
t64,-1.6352899077175669
t65,-1.2224433810213962
t60,-1.3268219686694556
t47,-0.9522441091627488
t25,-1.2148423941335136
t35,-1.15759320532277
t41,-0.9604449721320357
t42,-1.1196348739664654
t23,-0.8857868563018108
t24,-0.9459182606999835
