"accepted_species","estimate"
"t64",-1.68304270334217
"t65",-1.68304270334217
"t60",-1.68304270334217
"t47",-1.57181357626102
"t25",-1.31910123100404
"t35",-0.904733306565575
"t41",-0.904733306565575
"t42",-0.904733306565575
"t23",-0.382738227002133
"t24",-0.382738227002133
