accepted_species,estimate
t64,-1.5176684
t65,-1.561263
t60,-1.5176684
t47,-1.7971278
t25,-1.5176684
t35,-1.4482669
t41,-1.4482669
t42,-1.684132
t23,-1.6734256
t24,-1.4482669
