accepted_species,0,1
t65,0.35698672231414785,0.6430132776858521
t66,0.35776923352374723,0.6422307664762528
t94,0.4026417392760281,0.5973582607239719
t88,0.35614519611970086,0.6438548038802991
t85,0.3512099905255893,0.6487900094744107
t35,0.3494127437335264,0.6505872562664736
t25,0.35144136673954074,0.6485586332604593
t17,0.35553018860680585,0.6444698113931941
t95,0.3543843910335256,0.6456156089664744
t40,0.3553983011023757,0.6446016988976243
