accepted_species,0,1
t65,0.5615652908922288,0.4384347091077711
t66,0.5615652908922288,0.4384347091077711
t94,0.3936000507612707,0.6063999492387293
t88,0.3611562158271434,0.6388437841728566
t85,0.2603925863496356,0.7396074136503644
t35,0.2615946440539144,0.7384053559460856
t25,0.27978722025210645,0.7202127797478936
t17,0.3163341777167905,0.6836658222832095
t95,0.28021436354389817,0.7197856364561018
t40,0.2831478914912917,0.7168521085087083
