accepted_species,estimate
t17,1.0445732448226386
t27,1.1025718427496505
t28,1.1025718427496505
t21,1.0980119864033768
t15,1.0779821621926493
t16,1.077982162192649
t50,0.8201465956022588
t42,0.8860923802155567
t43,0.8860923802155571
t47,0.8360499081125654
