accepted_species,0
t17,1.0759657423376663
t27,1.0202018344585115
t28,1.0202018344585115
t21,1.020201834458831
t15,1.020201834458405
t16,1.020201834458405
t50,1.2810904552851774
t42,0.8864597508773001
t43,0.8864597508773001
t47,1.082426833839128
