accepted_species,estimate
Coprosma_quadrifida,0.07363849650758003
Galium_concinnum,-0.12879202720236016
Galium_divaricatum,-0.2930492545164849
Galium_labradoricum,-0.16572867023133786
Galium_nuttallii,-0.2133226024165733
Galium_uliginosum,-0.22721332879485368
Knoxia_sumatrensis,0.3014273910209109
Psychotria_serpens,0.19841895487305283
Rubia_tinctorum,-0.27183929409611873
Rudgea_jasminoides,0.5192419854798072
