accepted_species,0
Coprosma_quadrifida,-0.3161144200565954
Galium_concinnum,-0.39407126771896583
Galium_divaricatum,-0.4163167085725116
Galium_labradoricum,-0.39407126771896583
Galium_nuttallii,-0.39407126771896583
Galium_uliginosum,-0.40211560614684205
Knoxia_sumatrensis,
Psychotria_serpens,-0.10237651599656361
Rubia_tinctorum,-0.3633030470921066
Rudgea_jasminoides,-0.317146658364325
