accepted_species,0,1
sp27,0.2674445396753168,0.7325554603246832
sp36,0.43398187657381737,0.5660181234261826
sp56,0.4507301481594256,0.5492698518405744
sp71,0.2504575503351206,0.7495424496648794
sp81,0.48202262096783277,0.5179773790321672
sp101,0.2390454208418027,0.7609545791581973
sp104,0.2533214471679681,0.7466785528320319
sp120,0.17503559713935446,0.8249644028606455
sp134,0.4436095661299634,0.5563904338700366
sp152,0.23798465732761154,0.7620153426723885
