accepted_species,0,1
sp27,0.3373889666949298,0.6626110333050702
sp36,0.28627234239335364,0.7137276576066464
sp56,0.6268791301843764,0.3731208698156237
sp71,0.409064540910981,0.590935459089019
sp81,0.19562074092652582,0.8043792590734742
sp101,0.2757624192470113,0.7242375807529887
sp104,0.030905417756821096,0.9690945822431789
sp120,0.21098972983807074,0.7890102701619293
sp134,0.5921959729248298,0.40780402707517016
sp152,0.1205790011005079,0.8794209988994921
