accepted_species,0,1
sp27,0.3749877008619591,0.6250122991380409
sp36,0.2841238916953328,0.7158761083046672
sp56,0.34047046283625404,0.659529537163746
sp71,0.374454921336843,0.625545078663157
sp81,0.2935518840651157,0.7064481159348843
sp101,0.35702645875218364,0.6429735412478164
sp104,0.1672017940868875,0.8327982059131125
sp120,0.19514114959136597,0.804858850408634
sp134,0.4291883770083157,0.5708116229916843
sp152,0.3318451003131122,0.6681548996868878
