accepted_species,0,1
sp27,0.44615912,0.5538409
sp36,0.42973346,0.57026654
sp56,0.6192256,0.3807744
sp71,0.60340714,0.39659283
sp81,0.21492499,0.785075
sp101,0.60340714,0.39659283
sp104,0.13879728,0.8612027
sp120,0.23533154,0.76466846
sp134,0.5570903,0.44290975
sp152,0.13879728,0.8612027
