accepted_species,estimate
t30,0.23035329339325172
t60,-0.41548915582586177
t74,-1.0986776509510894
t22,-0.2880709716131597
t40,-0.2513291184897677
t131,-0.17574854809178708
t88,-0.4020696919482203
t66,-0.21314849652284745
t31,-0.9447902605283176
t16,-0.9970036138578156
t51,-0.6921164785162349
t55,-0.40369981187004067
t62,0.6789065314048427
t63,0.5914029443528938
t39,-0.9529460441660955
