"accepted_species","estimate"
"t30",-0.177905025865328
"t60",-0.682017451466783
"t74",-1.0564475693818
"t22",-0.252603474216281
"t40",-1.20049407737426
"t131",-0.873908561187835
"t88",-0.359380889899777
"t66",-0.393162476036836
"t31",-0.90146921318643
"t16",-0.405130288126203
"t51",-0.666391727010787
"t55",-1.11580468141896
"t62",1.19748846542907
"t63",1.19748846542907
"t39",-0.392460358225177
