accepted_species,estimate
t30,0.01932065
t60,-1.1437249
t74,-1.3239582
t22,-0.30278996
t40,0.06771939
t131,0.019923726
t88,-0.22882198
t66,-0.5978976
t31,-0.77486736
t16,-0.80085135
t51,-0.4322912
t55,-0.8919915
t62,1.3433399
t63,1.4059929
t39,-0.73511297
