accepted_species,estimate
t30,0.06963637
t60,-0.6942138
t74,-1.4113053
t22,-0.065531805
t40,-1.409081
t131,-0.8188005
t88,-0.32581174
t66,-0.17051783
t31,-0.96184283
t16,-0.94018555
t51,-0.4765672
t55,-1.3073895
t62,1.3707174
t63,1.3707174
t39,-0.39643118
