accepted_species,estimate
t65,-0.6223751889288166
t23,-0.5826108263131246
t91,-0.6292327140020771
t75,0.386572406035236
t10,0.654889759860036
t18,0.10504090949429205
t16,-0.48269626755399525
t26,-0.3105168308012019
t34,0.31587470129130807
t45,0.3703214976069957
