accepted_species,estimate
t65,-0.6573853
t23,-0.6290706
t91,-0.25031573
t75,0.14073567
t10,0.52806973
t18,-0.28611147
t16,0.01202571
t26,-0.4119608
t34,-0.12733288
t45,-0.16167139
