"accepted_species","estimate"
"t22",-0.392684108905675
"t68",-0.251571590837249
"t124",-0.251571590837249
"t125",-0.251571590837249
"t49",-0.0826350852165819
"t86",-0.0703758912067745
"t87",-0.0703758912067745
"t128",0.138114591640279
"t78",0.0431736416140489
"t158",-0.25042070313335
"t139",-0.223621467753689
"t52",-0.233189388188488
"t135",-0.197928500956798
"t136",-0.197928500956798
"t103",-0.195035479198734
