"accepted_species","0","1"
"t65",0.340974636140638,0.659025363859362
"t66",0.340974636140638,0.659025363859362
"t28",0.600271666262722,0.399728333737278
"t20",0.53660048052935,0.46339951947065
"t43",0.404131798081644,0.595868201918356
"t56",0.404131798081643,0.595868201918357
"t57",0.404131798081643,0.595868201918357
"t34",0.263518796469894,0.736481203530106
"t35",0.263518796469894,0.736481203530106
"t7",0.152256715543487,0.847743284456513
