accepted_species,0,1
t65,0.26388720030389257,0.7361127996961074
t66,0.2984240197071554,0.7015759802928446
t28,0.25055864361703206,0.7494413563829679
t20,0.2364520175028707,0.7635479824971293
t43,0.2523237923309941,0.7476762076690059
t56,0.2812308726338828,0.7187691273661172
t57,0.2253110644666182,0.7746889355333818
t34,0.204520627274835,0.795479372725165
t35,0.19335374098761082,0.8066462590123892
t7,0.17696243184958627,0.8230375681504137
