accepted_species,0,1
t65,0.1886786692107595,0.8113213307892405
t66,0.18174067798780003,0.8182593220122
t28,0.1917896354601576,0.8082103645398424
t20,0.23047408811020464,0.7695259118897954
t43,0.23621928115749946,0.7637807188425005
t56,0.21942364429906658,0.7805763557009334
t57,0.21488151621772622,0.7851184837822738
t34,0.23978385753669162,0.7602161424633084
t35,0.2487007442090341,0.7512992557909659
t7,0.15278594488001884,0.8472140551199812
