accepted_species,0,1
t31,0.3828801685355454,0.6171198314644546
t23,0.3830436756756529,0.6169563243243471
t12,0.3905373076680857,0.6094626923319143
t84,0.3908796148104371,0.6091203851895629
t97,0.39201004902092507,0.6079899509790749
t72,0.38804662576299753,0.6119533742370025
t85,0.40231029144018327,0.5976897085598167
t25,0.40229614317586404,0.597703856824136
t94,0.3875187735900385,0.6124812264099615
t29,0.3866666884770056,0.6133333115229944
