accepted_species,0,1
t31,0.37399614,0.62600386
t23,0.2556101,0.7443899
t12,0.2851383,0.7148617
t84,0.16818202,0.831818
t97,0.7662106,0.23378938
t72,0.6009683,0.3990317
t85,0.87574106,0.12425894
t25,0.71336937,0.2866306
t94,0.3739286,0.6260714
t29,0.08254689,0.9174531
