accepted_species,estimate
t22,0.5371044
t8,0.027298959
t34,0.027298959
t35,0.027298959
t87,-0.04122987
t15,0.027298959
t78,-0.568693
t84,-0.4011021
t93,-0.35094714
t94,-0.35094714
