accepted_species,0,1
sp15,0.9481599894988874,0.05184001050111264
sp36,0.9502732767669755,0.04972672323302447
sp42,0.9533716655976819,0.04662833440231808
sp44,0.7632969706908058,0.23670302930919415
sp45,0.7166137183556868,0.28338628164431323
sp71,0.9505057756475395,0.049494224352460536
sp87,0.7481507961594146,0.2518492038405854
sp89,0.9499869326348648,0.05001306736513523
sp94,0.7311332071236423,0.2688667928763578
sp107,0.9510178438650776,0.048982156134922426
