accepted_species,0,1
sp15,0.9338141013511033,0.0661858986488967
sp36,0.9337278200944813,0.06627217990551873
sp42,0.9338592667637131,0.06614073323628683
sp44,0.9332971871336058,0.06670281286639422
sp45,0.9331243396719742,0.06687566032802579
sp71,0.933275089770232,0.06672491022976798
sp87,0.9329418856778783,0.06705811432212173
sp89,0.9335975707861117,0.06640242921388823
sp94,0.9329058380273926,0.0670941619726074
sp107,0.9330635450175544,0.06693645498244562
