accepted_species,0,1
sp15,0.9751263,0.024873653
sp36,0.98146087,0.018539136
sp42,0.96914226,0.030857759
sp44,0.8728062,0.12719384
sp45,0.9640119,0.035988085
sp71,0.9593812,0.040618803
sp87,0.8965863,0.10341373
sp89,0.96600926,0.033990763
sp94,0.41651845,0.58348155
sp107,0.96600926,0.033990763
