accepted_species,0,1
sp15,0.97676164,0.023238376
sp36,0.98664117,0.013358856
sp42,0.97676164,0.023238376
sp44,0.3271485,0.6728515
sp45,0.9450293,0.0549707
sp71,0.97676164,0.023238376
sp87,0.3271485,0.6728515
sp89,0.97676164,0.023238376
sp94,0.3271485,0.6728515
sp107,0.97676164,0.023238376
