"accepted_species","estimate"
"t97",0.0965714027607081
"t98",0.0965714027607081
"t81",0.0965714027607081
"t35",0.0965714027607081
"t29",0.0965714027607081
"t30",0.0965714027607081
"t42",0.0965714027607081
"t43",0.0965714027607081
"t33",0.0965714027607081
"t3",0.0965714027607081
