accepted_species,estimate
t97,-0.30433404
t98,-0.30433404
t81,-0.30433404
t35,-0.30433404
t29,-0.30433404
t30,-0.30433404
t42,-0.30433404
t43,-0.30433404
t33,-0.30433404
t3,-0.30433404
