accepted_species,estimate
t71,-0.6252100949587233
t11,-0.26347685378973335
t36,-0.5001049153042787
t93,-0.528446861633537
t25,-0.48419914786325974
t10,0.06124024246308429
t57,-0.2909646461614421
t13,-0.06497106608556114
t43,-0.4391303467777107
t97,0.22181527796913825
