accepted_species,0,1
Aidia_canthioides,0.8433497,0.15665027
Peponidium_cystiporon,0.85727996,0.14272006
Ixora_homolleae,0.85727996,0.14272006
Gardenia_thunbergia,0.8433497,0.15665027
Ixora_himantophylla,0.85727996,0.14272006
Coffea_togoensis,0.8556266,0.14437345
Rutidea_hirsuta,0.8433497,0.15665027
Pavetta_schumanniana,0.8451182,0.15488176
Rothmannia_capensis,0.8433497,0.15665027
Diplospora_cuspidata,0.84464157,0.15535845
