accepted_species,0,1
Aidia_canthioides,0.8678576,0.1321424
Peponidium_cystiporon,0.8750686,0.1249314
Ixora_homolleae,0.87610334,0.12389665
Gardenia_thunbergia,0.86496896,0.13503104
Ixora_himantophylla,0.87610334,0.12389665
Coffea_togoensis,0.86496896,0.13503104
Rutidea_hirsuta,0.8715972,0.1284028
Pavetta_schumanniana,0.86496896,0.13503104
Rothmannia_capensis,0.8678576,0.1321424
Diplospora_cuspidata,0.87189996,0.12810002
