accepted_species,0,1
Aidia_canthioides,0.83302486,0.16697514
Peponidium_cystiporon,0.8825071,0.11749291
Ixora_homolleae,0.8825071,0.11749291
Gardenia_thunbergia,0.85982805,0.14017193
Ixora_himantophylla,0.8825071,0.11749291
Coffea_togoensis,0.85982805,0.14017193
Rutidea_hirsuta,0.8610353,0.1389647
Pavetta_schumanniana,0.8610353,0.1389647
Rothmannia_capensis,0.8367183,0.16328166
Diplospora_cuspidata,0.8610353,0.1389647
