accepted_species,estimate
t17,-0.07041161340551011
t132,0.8415945239045619
t22,0.02730799008456236
t136,0.7266309491384622
t138,0.6024818519232968
t19,1.0098719679985835
t42,1.1751403373055165
t30,0.564374113117722
t55,-0.9112523839267148
t33,-0.9176972553985068
t103,-0.7622768303092622
t115,-0.8551565384116429
t143,-0.9117215754647559
t29,0.5979890811609949
t104,-0.8481714534871048
