accepted_species,0
t17,0.017176525283973787
t132,0.017176525283973787
t22,0.017176525283973787
t136,0.369322326021199
t138,0.4641624718107252
t19,0.017176525283973787
t42,0.017176525283973787
t30,0.017176525283973787
t55,0.017176525283973787
t33,0.017176525283973787
t103,0.017176525283973787
t115,0.017176525283973787
t143,-0.470402187924346
t29,0.017176525283973787
t104,0.017176525283973787
