accepted_species,0
t38,0.011107135259893113
t97,-0.712185132217327
t24,0.011107135259893113
t84,-0.177111767509978
t73,0.109156456245358
t92,-0.279466254282706
t52,0.011107135259893113
t1,0.011107135259893113
t49,0.011107135259893113
t99,-1.09726833223466
