"accepted_species","estimate"
"t38",1.82221580787204
"t97",-0.718041771099422
"t24",-0.904857882924803
"t84",-0.189117218622954
"t73",0.0606496229113969
"t92",-0.257436909278924
"t52",-0.0723435157170413
"t1",0.501199988863506
"t49",0.0705976905366478
"t99",-1.09589059051752
