accepted_species,0,1
sp109,0.6291870858391948,0.37081291416080514
sp110,0.5223649342692842,0.47763506573071574
sp143,0.7414610173616043,0.2585389826383957
sp151,0.64906058277368,0.35093941722632005
sp154,0.3562785998378737,0.6437214001621263
sp155,0.47789605292133064,0.5221039470786694
sp164,0.8424912748282061,0.15750872517179396
sp185,0.6720834428505938,0.32791655714940615
sp192,0.6000403859473772,0.3999596140526228
sp225,0.4962330209788345,0.5037669790211655
