accepted_species,estimate
t84,1.4101030257105784
t37,1.2211793964352313
t2,0.22146667215781432
t67,-0.5247084311146213
t136,-1.6513055669110497
t96,-1.2197085158146141
t75,-1.1553347279608368
t104,-1.2363848614851904
t94,0.2385813830455398
t45,0.7022855959525219
t35,0.5746347450282809
t111,-0.9286402246754611
t8,-0.3329645333015864
t23,-0.8257849560391118
t70,-1.254568775694339
