accepted_species,estimate
t84,1.5910431
t37,1.0803404
t2,0.6404246
t67,-0.6631306
t136,-1.1779083
t96,-1.1793767
t75,-0.94184405
t104,-1.0618802
t94,1.0102375
t45,0.97600454
t35,0.8816064
t111,-1.4576749
t8,-0.5091467
t23,-1.2754513
t70,-0.8098212
