accepted_species,0,1
t38,0.527436941685911,0.472563058314089
t32,0.5265794261958929,0.473420573804107
t97,0.5273900966944917,0.47260990330550834
t85,0.45643060446569994,0.5435693955343001
t35,0.4553499555304761,0.5446500444695239
t96,0.46221294346296404,0.537787056537036
t1,0.46119601184662085,0.5388039881533792
t51,0.4605319874706416,0.5394680125293584
t8,0.46133168318302076,0.5386683168169792
t13,0.46057968054188514,0.5394203194581149
