accepted_species,0,1
t97,0.27597266,0.72402734
t102,0.22243696,0.77756304
t103,0.22243696,0.77756304
t44,0.6779871,0.3220129
t8,0.30201143,0.69798857
t58,0.26780045,0.73219955
t59,0.46325105,0.53674895
t105,0.26780045,0.73219955
t121,0.72783923,0.27216077
t20,0.4074831,0.5925169
t46,0.7140846,0.2859154
t89,0.7268585,0.2731415
t1,0.27605218,0.7239478
