"accepted_species","0","1"
"sp100",0.795450028923018,0.204549971076982
"sp114",0.795410720414047,0.204589279585953
"sp123",0.795793657872466,0.204206342127534
"sp128",0.795946778851192,0.204053221148808
"sp132",0.795526983813907,0.204473016186093
"sp133",0.795526983813907,0.204473016186093
"sp134",0.797039818821,0.202960181179
"sp136",0.797325205974614,0.202674794025386
"sp179",0.795419455985855,0.204580544014145
"sp180",0.795419455985855,0.204580544014145
