accepted_species,0,1
sp100,0.7705678802208045,0.22943211977919553
sp114,0.6670609414787338,0.3329390585212662
sp123,0.9997854410268312,0.00021455897316879625
sp128,0.9998128696511571,0.00018713034884289487
sp132,0.7938568627894712,0.20614313721052882
sp133,0.7614651817014462,0.2385348182985538
sp134,0.9997849336469309,0.00021506635306912984
sp136,0.9997659435841053,0.00023405641589468654
sp179,0.7709780854414258,0.22902191455857424
sp180,0.8013457824265826,0.19865421757341745
