accepted_species,0,1
sp100,0.7935961690522461,0.20640383094775397
sp114,0.7932759714027448,0.20672402859725525
sp123,0.7930258882455362,0.2069741117544638
sp128,0.7930815697782122,0.20691843022178777
sp132,0.7936073047330665,0.20639269526693346
sp133,0.7936250542819607,0.2063749457180393
sp134,0.7931037747087956,0.2068962252912044
sp136,0.7930962752980367,0.20690372470196328
sp179,0.7936036052381032,0.20639639476189678
sp180,0.7936275874133871,0.2063724125866129
