accepted_species,0,1
sp85,0.21747750864123483,0.7825224913587652
sp111,0.21372483952753996,0.78627516047246
sp134,0.7551294302156741,0.24487056978432584
sp138,0.7602626308785464,0.23973736912145358
sp158,0.3718203911028075,0.6281796088971925
sp181,0.7024043483879583,0.29759565161204177
sp194,0.617241601869982,0.382758398130018
sp198,0.7942509268991061,0.20574907310089385
sp205,0.24781435240054772,0.7521856475994523
sp206,0.6295279161475538,0.3704720838524463
