accepted_species,0,1
sp85,0.12751574085251138,0.8724842591474886
sp111,0.12014317780650807,0.8798568221934919
sp134,0.8137715732841194,0.18622842671588055
sp138,0.8122895233662784,0.18771047663372167
sp158,0.1403660538658824,0.8596339461341176
sp181,0.7744748181919451,0.2255251818080549
sp194,0.6467030546188328,0.35329694538116724
sp198,0.804779567561019,0.19522043243898102
sp205,0.15972477061214096,0.840275229387859
sp206,0.6518369289321133,0.3481630710678867
