accepted_species,estimate
t8,0.2650131185337506
t76,0.2948004930407618
t77,0.29480049304076167
t87,0.6664669612284012
t88,0.6664669612284011
t67,0.6579908858520299
t30,0.6215667850276987
t69,0.6395853227419528
t70,0.6395853227419527
t16,0.48296350104370106
