"accepted_species","estimate"
"t8",0.226612547611039
"t76",0.226612547611039
"t77",0.226612547611039
"t87",0.226612547611039
"t88",0.226612547611039
"t67",0.226612547611039
"t30",0.226612547611039
"t69",0.226612547611039
"t70",0.226612547611039
"t16",0.226612547611039
