accepted_species,estimate
t8,1.974728
t76,0.63533527
t77,0.63533527
t87,-0.3507117
t88,-0.3507117
t67,-0.3507117
t30,-0.5028222
t69,-0.3507117
t70,-0.3507117
t16,-0.6526655
