"accepted_species","0","1"
"t47",0.577682123892773,0.422317876107228
"t82",0.577682123892773,0.422317876107228
"t109",0.577682123892773,0.422317876107228
"t111",0.577682123892773,0.422317876107228
"t155",0.5776821220443,0.4223178779557
"t171",0.577684205261213,0.422315794738787
"t177",0.57767722881444,0.422322771185561
"t180",0.577672649642646,0.422327350357354
"t195",0.577682123892773,0.422317876107228
"t221",0.944768232733137,0.0552317672668626
