"accepted_species","0","1"
"t369",0.5813817440672,0.4186182559328
"t381",0.583341990267202,0.416658009732798
"t398",0.569011817686839,0.430988182313161
"t413",0.527936108600598,0.472063891399402
"t437",0.585911968142401,0.414088031857599
"t438",0.585911968142401,0.414088031857599
"t449",0.798578080382126,0.201421919617874
"t454",0.609900720625469,0.390099279374531
"t455",0.609900720625469,0.390099279374531
"t468",0.946397001438948,0.0536029985610524
