accepted_species,0,1
t369,0.7016432178873973,0.29835678211260275
t381,0.7037408677425323,0.29625913225746764
t398,0.7013444410672782,0.2986555589327218
t413,0.7000913255813597,0.2999086744186404
t437,0.7026564401834261,0.29734355981657384
t438,0.7036384252041734,0.2963615747958266
t449,0.7054535325836395,0.29454646741636054
t454,0.6986389737402748,0.30136102625972516
t455,0.7035795188164251,0.2964204811835749
t468,0.7015216869350254,0.2984783130649746
