accepted_species,0,1
t369,0.6510927011944926,0.3489072988055074
t381,0.6516684509757364,0.3483315490242636
t398,0.6511271006094959,0.34887289939050414
t413,0.6517224273748844,0.3482775726251156
t437,0.6511466298897506,0.34885337011024947
t438,0.6511466298897504,0.3488533701102497
t449,0.651958844954776,0.34804115504522404
t454,0.6519075913463364,0.3480924086536637
t455,0.6519075913463364,0.3480924086536636
t468,0.6519739710249604,0.3480260289750396
