accepted_species,0,1
t369,0.6826024291307199,0.3173975708692801
t381,0.715859662654426,0.2841403373455739
t398,0.6949558027088777,0.3050441972911223
t413,0.6743763091725394,0.32562369082746057
t437,0.6775122108258088,0.3224877891741912
t438,0.686820692420241,0.313179307579759
t449,0.7751527320060645,0.22484726799393545
t454,0.7591252290647791,0.24087477093522092
t455,0.7791215745671752,0.22087842543282477
t468,0.7287478730994538,0.27125212690054623
