accepted_species,0,1
t369,0.46215034,0.53784966
t381,0.43340826,0.56659174
t398,0.43340826,0.56659174
t413,0.43340826,0.56659174
t437,0.43340826,0.56659174
t438,0.43340826,0.56659174
t449,0.43340826,0.56659174
t454,0.43340826,0.56659174
t455,0.43340826,0.56659174
t468,0.43340826,0.56659174
