accepted_species,0,1
t47,0.45107007,0.5489299
t82,0.88562953,0.11437045
t109,0.59564364,0.4043564
t111,0.046758413,0.9532416
t155,0.9948684,0.0051315837
t171,0.830151,0.16984896
t177,0.98237014,0.017629866
t180,0.98237014,0.017629866
t195,0.6045083,0.39549175
t221,0.4172296,0.5827704
