accepted_species,0,1
t267,0.7207326980229438,0.27926730197705624
t299,0.5431757107813823,0.45682428921861773
t315,0.776935182278593,0.22306481772140702
t343,0.5631339300889995,0.4368660699110006
t348,0.702217830151775,0.297782169848225
t349,0.6484473965840063,0.35155260341599365
t359,0.4348180142297372,0.5651819857702628
t391,0.5002103235251607,0.4997896764748393
t394,0.6767028289170169,0.3232971710829831
t424,0.8360944878162215,0.16390551218377852
