"accepted_species","0","1"
"t50","0.503751473582526","0.496248526417474"
"t87","0.391426650472458","0.608573349527542"
"t89","0.523698589422819","0.476301410577181"
"t95","0.287331977078174","0.712668022921826"
"t111","0.286890840576664","0.713109159423336"
"t113","0.660918052961051","0.339081947038949"
"t115","0.615769090967584","0.384230909032416"
"t120","0.728398556628661","0.271601443371339"
"t137","0.826389672886919","0.173610327113081"
"t138","0.901528187217314","0.0984718127826857"
