accepted_species,0,1
t50,0.5716694,0.4283306
t87,0.6588042,0.34119582
t89,0.6358681,0.36413193
t95,0.5403098,0.45969024
t111,0.53978217,0.46021786
t113,0.5529802,0.4470198
t115,0.69917566,0.30082434
t120,0.6671758,0.33282417
t137,0.6726383,0.32736167
t138,0.6753753,0.32462472
