accepted_species,0,1
t50,0.53951323,0.46048674
t87,0.53482854,0.46517146
t89,0.73386776,0.26613224
t95,0.56447315,0.43552688
t111,0.56447315,0.43552688
t113,0.56447315,0.43552688
t115,0.73386776,0.26613224
t120,0.45458257,0.5454174
t137,0.69863963,0.3013604
t138,0.69863963,0.3013604
