accepted_species,estimate
t34,1.0164477
t35,1.0392107
t16,1.0164477
t91,0.8468545
t38,1.3579443
t69,1.0723346
t95,1.3906864
t51,0.96930516
t52,1.3265877
t100,1.4876713
