"accepted_species","0","1"
"t15",0.502109636438858,0.497890363561142
"t22",0.506180988013087,0.493819011986913
"t32",0.500036711071152,0.499963288928848
"t56",0.352427384695459,0.647572615304541
"t67",0.709723883958233,0.290276116041767
"t72",0.297370868706039,0.702629131293961
"t90",0.43311738727253,0.56688261272747
"t91",0.43311738727253,0.56688261272747
"t104",0.902684384694162,0.0973156153058382
"t108",0.920789795789823,0.079210204210177
