accepted_species,0,1
t120,0.8344616515009387,0.1655383484990613
t155,0.5647099552204394,0.43529004477956057
t178,0.8002289525023394,0.19977104749766061
t189,0.6912139307666564,0.3087860692333436
t193,0.7282924213476009,0.27170757865239914
t211,0.6949512977815173,0.3050487022184827
t220,0.8201266682773872,0.1798733317226128
t222,0.791126672334751,0.20887332766524902
t232,0.6609704986030476,0.3390295013969524
t235,0.6755555407288287,0.3244444592711713
