accepted_species,0,1
t15,0.6974849609372535,0.3025150390627464
t22,0.7193401167088009,0.280659883291199
t32,0.6776380743667947,0.3223619256332053
t56,0.6994037895470757,0.3005962104529243
t67,0.6870575417185831,0.3129424582814168
t72,0.7010659778013789,0.2989340221986211
t90,0.7120749883778953,0.2879250116221047
t91,0.7120749883778953,0.2879250116221047
t104,0.7189682127613661,0.2810317872386338
t108,0.7201842593000167,0.2798157406999832
