accepted_species,0,1
t15,0.8993924,0.1006076
t22,0.6696168,0.33038315
t32,0.07757914,0.92242086
t56,0.9442245,0.05577551
t67,0.3480113,0.6519887
t72,0.91966623,0.080333754
t90,0.009945393,0.9900546
t91,0.009945393,0.9900546
t104,0.9122335,0.087766506
t108,0.68074024,0.3192598
