accepted_species,0,1
t22,0.09626446238218744,0.9037355376178126
t19,0.09742000417573093,0.9025799958242691
t61,0.17283528648209046,0.8271647135179095
t32,0.17021727074850845,0.8297827292514915
t5,0.2339513041500535,0.7660486958499465
t97,0.8653509286837705,0.1346490713162295
t98,0.8692590086497831,0.13074099135021683
t53,0.5820050329754389,0.41799496702456107
t58,0.5739345723022282,0.4260654276977717
t48,0.5154794159020804,0.4845205840979196
