accepted_species,0,1
t22,0.046183486102245985,0.953816513897754
t19,0.24161519081529004,0.75838480918471
t61,0.19374769005402237,0.8062523099459776
t32,0.2838452162397269,0.7161547837602731
t5,0.31974022191913776,0.6802597780808622
t97,0.9159077218597135,0.08409227814028655
t98,0.8661647628811187,0.1338352371188814
t53,0.655152370041727,0.34484762995827306
t58,0.6832664172395425,0.3167335827604575
t48,0.4795785811443447,0.5204214188556553
