"accepted_species","0","1"
"t22","0.0562863737089138","0.943713626291086"
"t19","0.0272885749198744","0.972711425080126"
"t61","0.0361707278238501","0.96382927217615"
"t32","0.0281299959572354","0.971870004042765"
"t5","0.174286297402094","0.825713702597906"
"t97","0.835866962468891","0.164133037531109"
"t98","0.835866962468891","0.164133037531109"
"t53","0.433217683139123","0.566782316860877"
"t58","0.343258099326276","0.656741900673724"
"t48","0.144852193712988","0.855147806287012"
