accepted_species,0,1
t22,0.1995576,0.8004424
t19,0.1995576,0.8004424
t61,0.2117765,0.7882235
t32,0.2117765,0.7882235
t5,0.55689955,0.44310042
t97,0.2117765,0.7882235
t98,0.2117765,0.7882235
t53,0.32004988,0.6799501
t58,0.32004988,0.6799501
t48,0.2699406,0.7300594
