accepted_species,0,1
t22,0.033438087,0.9665619
t19,0.0152339935,0.984766
t61,0.035503924,0.9644961
t32,0.035503924,0.9644961
t5,0.119853914,0.8801461
t97,0.9796898,0.020310234
t98,0.9796898,0.020310234
t53,0.15177405,0.84822595
t58,0.15177405,0.84822595
t48,0.072470725,0.9275293
