accepted_species,0,1
sp31,0.6342341139417758,0.3657658860582243
sp38,0.634349220572678,0.36565077942732205
sp55,0.6342151352984642,0.3657848647015359
sp66,0.6342093610827788,0.36579063891722124
sp92,0.6341953143001458,0.36580468569985425
sp99,0.6341579275817837,0.3658420724182163
sp104,0.6342151352984642,0.3657848647015358
sp135,0.6342036197308942,0.3657963802691058
sp136,0.6342036197308942,0.3657963802691058
sp153,0.6341520078114986,0.3658479921885014
