accepted_species,0
t8,-0.025702758508143388
t13,-0.025702758508143388
t99,1.76520144553236
t28,-0.025702758508143388
t39,-0.025702758508143388
t57,-0.025702758508143388
t78,2.04466928925996
t43,-0.025702758508143388
t10,-0.025702758508143388
t67,-0.025702758508143388
