accepted_species,0,1
t36,0.9827627,0.017237332
t30,0.96584564,0.034154348
t81,0.96584564,0.034154348
t120,0.9842017,0.015798258
t50,0.9935582,0.006441752
t23,0.9771523,0.022847688
t27,0.15638584,0.84361416
t78,0.03330767,0.9666923
t14,0.8207853,0.1792147
t123,0.4769833,0.5230167
t95,0.013305783,0.9866942
t6,0.6616381,0.33836192
t1,0.96525866,0.034741323
