accepted_species,0,1
t36,0.9942973,0.0057027023
t30,0.99053305,0.0094669415
t81,0.99053305,0.0094669415
t120,0.9952252,0.0047747805
t50,0.9952252,0.0047747805
t23,0.9705225,0.02947749
t27,0.738057,0.26194298
t78,0.00359416,0.99640584
t14,0.91806674,0.08193329
t123,0.7067188,0.2932812
t95,0.013929188,0.9860708
t6,0.91806674,0.08193329
t1,0.98801976,0.011980234
