accepted_species,0,1
t39,0.114326954,0.88567305
t46,0.47198766,0.52801234
t63,0.9020574,0.09794261
t150,0.7513925,0.2486075
t47,0.30504656,0.69495344
t82,0.15623522,0.8437648
t155,0.11947161,0.8805284
t79,0.25368094,0.74631906
t80,0.20348465,0.79651535
t122,0.7953426,0.20465738
t91,0.7953426,0.20465738
t148,0.8982689,0.101731144
t125,0.70011044,0.29988956
t60,0.70011044,0.29988956
t102,0.12171143,0.87828857
