accepted_species,estimate
t50,0.31735715
t51,0.31735715
t39,0.31735715
t82,0.31735715
t83,0.31735715
t87,-0.003430093
t5,-0.2022288
t65,-0.56773734
t66,-0.56773734
t80,-0.5374957
