accepted_species,0
t34,-0.04851421776869432
t87,1.8940022581164202
t30,-0.04851421776869432
t6,-0.04851421776869432
t33,-0.04851421776869432
t47,-0.04851421776869432
t22,-0.04851421776869432
t15,-0.04851421776869432
t32,-0.04851421776869432
t66,-0.04851421776869432
