"accepted_species","estimate"
"t34",1.27242693345219
"t87",1.73050458307341
"t30",-1.0716400037667
"t6",-0.575571493216142
"t33",-0.183091691690962
"t47",0.556027302040706
"t22",0.482406379452286
"t15",0.41315183103389
"t32",0.318269891336384
"t66",0.256106622673506
