"accepted_species","0","1"
"t77",0.499999950990004,0.500000049009996
"t97",0.499984635733875,0.500015364266125
"t138",0.46185411810404,0.53814588189596
"t159",0.499999950990004,0.500000049009996
"t167",0.499999950990004,0.500000049009996
"t168",0.499999950990004,0.500000049009996
"t175",0.374175752703696,0.625824247296304
"t195",0.681593634529897,0.318406365470103
"t211",0.375415582315676,0.624584417684324
"t212",0.375415582315676,0.624584417684324
