accepted_species,0,1
t16,0.08713302338979989,0.9128669766102001
t44,0.08707362787839112,0.9129263721216089
t45,0.08708597744073043,0.9129140225592696
t46,0.0870109351689744,0.9129890648310256
t51,0.08698778810931229,0.9130122118906877
t55,0.08698563509329926,0.9130143649067007
t67,0.0869898031277857,0.9130101968722143
t71,0.08702003717789253,0.9129799628221075
t72,0.08698681820703458,0.9130131817929654
t73,0.0871209731451913,0.9128790268548087
