accepted_species,0,1
t16,0.016084135,0.98391587
t44,0.016084135,0.98391587
t45,0.016084135,0.98391587
t46,0.016084135,0.98391587
t51,0.016084135,0.98391587
t55,0.016084135,0.98391587
t67,0.016084135,0.98391587
t71,0.016084135,0.98391587
t72,0.016084135,0.98391587
t73,0.0028016567,0.99719834
