accepted_species,0,1
t16,0.0051279664,0.99487203
t44,0.0051279664,0.99487203
t45,0.0051279664,0.99487203
t46,0.0051279664,0.99487203
t51,0.0051279664,0.99487203
t55,0.0051279664,0.99487203
t67,0.0051279664,0.99487203
t71,0.0051279664,0.99487203
t72,0.0051279664,0.99487203
t73,0.0051279664,0.99487203
