accepted_species,estimate
t90,-0.10023469786451927
t59,-0.042320620146007404
t26,0.37053204124012973
t12,0.9263684705344783
t53,0.8642902827540193
t18,0.9664334840845672
t2,0.9532567501456204
t95,1.213025795479496
t91,-1.0117644562721089
t63,-0.5634263357248785
