accepted_species,0,1
t25,0.00010582731164643366,0.9998941726883536
t22,7.192402978017931e-05,0.9999280759702198
t29,0.0001494895916792638,0.9998505104083207
t48,0.00010242039968799688,0.999897579600312
t49,0.00013703090517358518,0.9998629690948264
t32,0.00011706740253114578,0.9998829325974689
t38,5.934253834005698e-05,0.9999406574616599
t76,5.630658402344668e-05,0.9999436934159766
t70,5.497613028504489e-05,0.999945023869715
t71,6.543341940046243e-05,0.9999345665805995
