accepted_species,0,1
t25,0.03341379910777176,0.9665862008922282
t22,0.03345457728074097,0.966545422719259
t29,0.03334801277249655,0.9666519872275035
t48,0.0331098935432772,0.9668901064567228
t49,0.0331098935432772,0.9668901064567228
t32,0.03328082526948184,0.9667191747305182
t38,0.029783817250864764,0.9702161827491352
t76,0.029457099280346122,0.9705429007196539
t70,0.02978297729632573,0.9702170227036743
t71,0.02978297729632573,0.9702170227036743
