"accepted_species","0","1"
"t25","0.00610332504876213","0.993896674951238"
"t22","0.00624203576703741","0.993757964232963"
"t29","0.00362001139120672","0.996379988608793"
"t48","0.00362001139120672","0.996379988608793"
"t49","0.00362001139120672","0.996379988608793"
"t32","0.00362001139120672","0.996379988608793"
"t38","0.000577488519699867","0.9994225114803"
"t76","0.000255678417915768","0.999744321582084"
"t70","0.00151038381235576","0.998489616187644"
"t71","0.00151038381235576","0.998489616187644"
