accepted_species,0,1
t25,0.041065633,0.95893437
t22,0.041065633,0.95893437
t29,0.041065633,0.95893437
t48,0.041065633,0.95893437
t49,0.041065633,0.95893437
t32,0.041065633,0.95893437
t38,0.0074332952,0.9925667
t76,0.0074332952,0.9925667
t70,0.0074332952,0.9925667
t71,0.0074332952,0.9925667
