accepted_species,0,1
sp20,0.28837823236988935,0.7116217676301106
sp25,0.2874017667617623,0.7125982332382377
sp36,0.28757884342202633,0.7124211565779737
sp39,0.28757884342202633,0.7124211565779737
sp42,0.29524856085429496,0.704751439145705
sp52,0.2875983594650543,0.7124016405349457
sp71,0.3051250004518281,0.6948749995481719
sp86,0.2838945688289968,0.7161054311710032
sp88,0.2860582212293016,0.7139417787706984
sp134,0.3272252527086772,0.6727747472913228
