accepted_species,0,1
sp20,0.71415592725618,0.28584407274381995
sp47,0.7158543491897023,0.2841456508102977
sp50,0.7099956993666328,0.2900043006333672
sp54,0.7087375005679969,0.2912624994320031
sp67,0.7159904813863532,0.28400951861364676
sp104,0.7109809409138199,0.2890190590861801
sp109,0.7127830334977988,0.2872169665022012
sp113,0.7066730483932352,0.2933269516067648
sp131,0.707534213477095,0.29246578652290506
sp147,0.706829629473789,0.293170370526211
