accepted_species,estimate
t66,-0.08869178669713663
t67,0.23539642991364085
t12,0.4889663957277528
t62,0.16654095510275502
t78,0.18486114078990967
t22,-0.08460345541852156
t2,0.9087011871550308
t44,1.0148886509067818
t14,1.1301052964790137
t10,0.22912072126935756
