accepted_species,0
t66,
t67,
t12,
t62,0.4556233260764231
t78,0.455623326076423
t22,
t2,
t44,
t14,
t10,
