"accepted_species","0","1"
"sp1",0.634359518359842,0.365640481640158
"sp22",0.634095235065017,0.365904764934983
"sp37",0.625108730652713,0.374891269347287
"sp61",0.592261969619622,0.407738030380378
"sp66",0.664176589089023,0.335823410910977
"sp82",0.705812063955695,0.294187936044305
"sp93",0.807061478070994,0.192938521929006
"sp98",0.833095066823235,0.166904933176765
"sp107",0.102671466416242,0.897328533583758
"sp111",0.933480339951618,0.0665196600483823
