accepted_species,0,1
sp1,0.8229375,0.17706253
sp22,0.6162059,0.38379413
sp37,0.5891709,0.41082913
sp61,0.6324084,0.3675916
sp66,0.6578958,0.34210417
sp82,0.59943604,0.40056396
sp93,0.84399056,0.1560094
sp98,0.8386363,0.16136372
sp107,0.15782303,0.842177
sp111,0.8229375,0.17706253
