accepted_species,0,1
sp1,0.43808782,0.5619122
sp22,0.14872396,0.85127604
sp37,0.3390345,0.6609655
sp61,0.9484484,0.051551558
sp66,0.96662736,0.03337267
sp82,0.9431613,0.05683868
sp93,0.9838781,0.016121916
sp98,0.97743,0.022570036
sp107,0.035088122,0.9649119
sp111,0.9873875,0.012612521
