accepted_species,0,1
sp1,0.7931378,0.20686224
sp22,0.76258624,0.2374138
sp37,0.64098465,0.35901532
sp61,0.4083622,0.5916378
sp66,0.7522806,0.24771942
sp82,0.5879283,0.41207173
sp93,0.76754403,0.232456
sp98,0.87408465,0.12591535
sp107,0.09515619,0.9048438
sp111,0.8037908,0.19620916
