"accepted_species","0","1"
"t78","0.0625411690908693","0.937458830909131"
"t62","0.872477539190491","0.127522460809509"
"t72","0.256617092352083","0.743382907647917"
"t45","0.217720239180088","0.782279760819912"
"t4","0.530076484579827","0.469923515420173"
"t28","0.377053190084272","0.622946809915728"
"t43","0.242553524201877","0.757446475798123"
"t88","0.965910167703886","0.0340898322961139"
"t91","0.974449608979969","0.0255503910200309"
"t16","0.45999635464855","0.54000364535145"
