accepted_species,0,1
t78,0.25603157,0.7439684
t62,0.50095594,0.4990441
t72,0.3226956,0.6773044
t45,0.12996352,0.8700365
t4,0.5514736,0.44852635
t28,0.17642653,0.82357347
t43,0.25530332,0.7446967
t88,0.14600176,0.85399824
t91,0.3764276,0.6235724
t16,0.30712795,0.69287205
