accepted_species,0,1
t68,0.6087151678521299,0.39128483214787013
t85,0.6084335172712396,0.39156648272876043
t121,0.6082708821782264,0.39172911782177355
t124,0.6084168820569787,0.39158311794302125
t125,0.6083991425935271,0.3916008574064728
t130,0.6085821763323525,0.39141782366764755
t149,0.6083095292479654,0.3916904707520345
t150,0.6082986052855808,0.39170139471441917
t153,0.6085808029733009,0.3914191970266992
t154,0.6085947968947925,0.39140520310520754
