accepted_species,0,1
t18,0.44419384747619584,0.5558061525238042
t47,0.5876056614524539,0.4123943385475461
t51,0.30055902249043587,0.6994409775095641
t68,0.4322666589123446,0.5677333410876554
t90,0.42613679219092904,0.573863207809071
t103,0.4173920701186893,0.5826079298813107
t118,0.5467819172477217,0.4532180827522783
t136,0.7443238376294545,0.2556761623705455
t145,0.445821625292244,0.554178374707756
t152,0.6491715098120306,0.35082849018796936
