accepted_species,0,1
t68,0.5842202728085375,0.41577972719146256
t85,0.5790619937429071,0.42093800625709293
t121,0.577722562699452,0.42227743730054806
t124,0.5799367517934867,0.4200632482065133
t125,0.5799129629626814,0.42008703703731864
t130,0.5805584907332442,0.41944150926675583
t149,0.5773492380680044,0.4226507619319956
t150,0.5772801251125801,0.42271987488741986
t153,0.5848021110152093,0.4151978889847907
t154,0.5848348079089022,0.4151651920910978
