accepted_species,0,1
t18,0.49740672598949276,0.5025932740105072
t47,0.4971471480967393,0.5028528519032607
t51,0.49807216988597125,0.5019278301140288
t68,0.5020184781519381,0.4979815218480618
t90,0.5020216160735826,0.49797838392641736
t103,0.5020444693472084,0.4979555306527916
t118,0.5021183705846448,0.4978816294153552
t136,0.496757296659738,0.503242703340262
t145,0.497628656861553,0.502371343138447
t152,0.4972610206949989,0.5027389793050011
