"accepted_species","0","1"
"t68","0.500016428312021","0.499983571687979"
"t85","0.496748842028795","0.503251157971205"
"t121","0.496803930776209","0.503196069223791"
"t124","0.495089952460238","0.504910047539762"
"t125","0.495089952460238","0.504910047539762"
"t130","0.629152430134966","0.370847569865034"
"t149","0.496803930776209","0.503196069223791"
"t150","0.496803930776209","0.503196069223791"
"t153","0.500016428312021","0.499983571687979"
"t154","0.500016428312021","0.499983571687979"
