accepted_species,0,1
t18,0.44580418,0.5541958
t47,0.49560624,0.50439376
t51,0.52718663,0.47281334
t68,0.4511935,0.5488065
t90,0.4641664,0.5358336
t103,0.476565,0.523435
t118,0.4802047,0.5197953
t136,0.5180427,0.48195732
t145,0.4135636,0.5864364
t152,0.47266692,0.5273331
