accepted_species,0,1
t18,0.49979746,0.50020254
t47,0.49979746,0.50020254
t51,0.35305566,0.64694434
t68,0.49979746,0.50020254
t90,0.49979746,0.50020254
t103,0.49979746,0.50020254
t118,0.49979746,0.50020254
t136,0.49979746,0.50020254
t145,0.49979746,0.50020254
t152,0.35305566,0.64694434
