accepted_species,0,1
t65,0.012738466,0.98726153
t98,0.012738466,0.98726153
t38,0.016024709,0.9839753
t42,0.018891275,0.9811087
t43,0.018891275,0.9811087
t24,0.15214694,0.84785306
t70,0.033914745,0.96608526
t71,0.017054558,0.98294544
t89,0.017054558,0.98294544
t90,0.017054558,0.98294544
t129,0.017054558,0.98294544
t130,0.017054558,0.98294544
t85,0.017054558,0.98294544
