"accepted_species","estimate"
"t68",-0.622590946750763
"t81",-0.832736332813492
"t49",-0.0340737234322761
"t70",1.40994668874836
"t65",0.432061424291775
"t58",-0.235377603891345
"t5",-0.207003489413206
"t85",-0.916444728876067
"t57",0.510371415901217
"t95",-0.169022120604375
