accepted_species,0,1
t130,0.0,1.0
t90,0.0,1.0
t115,0.0,1.0
t71,0.0,1.0
t46,0.03252032520325199,0.967479674796748
t92,0.0,1.0
t69,0.0,1.0
t45,0.0,1.0
t34,0.03252032520325199,0.967479674796748
t118,0.0,1.0
t119,0.0,1.0
t20,0.03252032520325199,0.967479674796748
t72,0.03252032520325199,0.967479674796748
t73,0.03252032520325199,0.967479674796748
