accepted_species,estimate
t24,1.2628037493785085
t55,0.2614803562951905
t58,-1.4553220664681394
t14,-0.7012983829696015
t88,0.4808922439281996
t27,-0.5603538841414347
t28,0.498741048990076
t81,-0.2978053391679917
t26,-0.3216832385896529
t38,0.46283828333962285
