accepted_species,estimate
t56,-1.0085716048081286
t40,-0.6145419963083734
t54,-0.5942217988082372
t14,-1.334203374171464
t30,-0.9243941057231319
t78,1.0400160476371054
t76,0.710977321941026
t50,1.0476438214415442
t66,-0.4243384718616951
t29,0.4184931477134164
