"accepted_species","estimate"
"t56",-0.735349208933594
"t40",-1.53145958293724
"t54",-0.467836947116437
"t14",-0.969474422726251
"t30",-1.12690071324328
"t78",0.897497959714241
"t76",0.631270882205962
"t50",0.868415127633125
"t66",-1.33878331102607
"t29",0.838144899844301
