accepted_species,estimate
t56,-0.86798763
t40,-0.46171224
t54,-0.7464556
t14,-1.0498145
t30,-1.3524896
t78,0.8622772
t76,0.63619465
t50,0.74907726
t66,-1.4123712
t29,0.61832136
