accepted_species,0,1
sp34,0.2796282223794637,0.7203717776205363
sp50,0.2004245895249276,0.7995754104750724
sp61,0.20883707099082793,0.7911629290091721
sp84,0.27471718512861487,0.7252828148713851
sp95,0.27890329590313356,0.7210967040968664
sp106,0.2790510060519409,0.7209489939480591
sp107,0.27596331792693685,0.7240366820730632
sp110,0.1973883901787108,0.8026116098212892
sp124,0.2773149056234405,0.7226850943765595
sp128,0.19498135923169257,0.8050186407683074
