accepted_species,0,1
sp34,0.1203655,0.8796345
sp50,0.29612404,0.70387596
sp61,0.111891925,0.8881081
sp84,0.37274826,0.62725174
sp95,0.1203655,0.8796345
sp106,0.33266097,0.667339
sp107,0.33266097,0.667339
sp110,0.29612404,0.70387596
sp124,0.33266097,0.667339
sp128,0.37274826,0.62725174
