accepted_species,0,1
t86,0.002002897112182489,0.9979971028878175
t93,0.006770004958726039,0.993229995041274
t66,0.04104252689683219,0.9589574731031678
t69,0.03649136318797752,0.9635086368120225
t70,0.03817686474465243,0.9618231352553476
t21,0.002293536449021749,0.9977064635509783
t88,0.0029778848878688757,0.9970221151121311
t59,0.002913938318627296,0.9970860616813727
t81,0.0024556688501642387,0.9975443311498358
t42,0.002340537000256937,0.9976594629997431
