accepted_species,0,1
t86,1.428388174740114e-06,0.9999985716118253
t93,3.4723088480070885e-06,0.999996527691152
t66,0.087342144364141,0.912657855635859
t69,0.08401668854787014,0.9159833114521299
t70,0.0835113714815775,0.9164886285184225
t21,0.0004980984737963379,0.9995019015262037
t88,0.0006384337362242976,0.9993615662637757
t59,0.0009620606809473964,0.9990379393190526
t81,0.004211871852833893,0.9957881281471661
t42,0.0040481839976144185,0.9959518160023856
