"accepted_species","estimate"
"t2",0.0428606354059981
"t52",-0.0705126062919131
"t18",-0.230591562443322
"t19",-0.230591562443322
"t7",-0.0739569209889148
"t99",0.168047792557388
"t100",0.168047792557388
"t65",-0.0388170526576372
"t66",-0.0388170526576372
"t84",0.805821667146223
