accepted_species,0
t2,
t52,
t18,
t19,
t7,
t99,
t100,
t65,-0.202528970548418
t66,-0.202528970548418
t84,0.7966257621558523
