accepted_species,estimate
t28,-0.8799428696632647
t55,-0.05674810214411267
t89,-0.06304378820623519
t77,0.12361996578204695
t97,1.0656528808153967
t72,1.0652872486802039
t37,-1.0859447154181827
t74,-0.5798577647052982
t61,0.9940305375142354
t64,0.9942265254009286
