accepted_species,estimate
t28,-0.14846845593496777
t55,0.28996018361483206
t89,0.39821273890072356
t77,0.2953995032359094
t97,0.4318930480859234
t72,0.5264853722574724
t37,0.08705687747687102
t74,-0.9310949344660058
t61,0.9239632897112894
t64,0.8283346464650295
