accepted_species,estimate
t28,-0.74870455
t55,0.80541044
t89,0.07196771
t77,-0.06503484
t97,0.80541044
t72,0.80541044
t37,-0.64242697
t74,-0.64242697
t61,0.83726496
t64,0.83726496
