accepted_species,estimate
t52,0.21648082
t19,-0.0034835914
t59,-0.14862338
t56,0.02791989
t87,0.097165175
t88,0.084992886
t35,0.033849563
t46,-0.10068457
t96,-0.057491668
t72,-0.006029485
