accepted_species,estimate
t119,0.6289122821783383
t10,-0.1337287593993378
t126,0.22473730325339472
t18,-0.676880820333943
t35,0.20693437017208374
t100,-0.21467195916803136
t40,-0.499061555103132
t17,-0.15772288692708245
t62,-0.6215332608931966
t25,-0.34933070540007616
t114,-0.6181777621011583
t135,-0.8711917728752251
t89,-0.46701012062726843
t59,-0.731013553328825
t141,-0.5254581989239623
