accepted_species,0
t44,
t52,
t54,
t29,
t77,
t78,
t94,-1.3254546031460013
t85,-0.400801143098074
t59,
t42,
