accepted_species,0
t44,
t52,
t54,
t29,
t77,
t78,
t94,-1.3581145992396335
t85,-0.400801143098074
t59,
t42,
