"accepted_species","estimate"
"t44",-0.157136157576779
"t52",-0.19695024591934
"t54",1.20060339827629
"t29",1.19067341314494
"t77",-0.12804537316324
"t78",-0.12804537316324
"t94",-1.33821745799811
"t85",-0.403049954627165
"t59",-0.537695185310562
"t42",-0.412720914059784
