accepted_species,estimate
t54,1.3861424
t55,1.4560977
t45,1.3541127
t78,1.5941907
t57,1.3238531
t58,1.3952789
t69,1.3867288
t70,1.3867288
t6,1.2369552
t4,0.812697
