accepted_species,0,1
t111,0.03738725,0.96261275
t11,0.02112925,0.97887075
t98,0.9426972,0.057302766
t123,0.026882112,0.9731179
t89,0.008503437,0.99149656
t93,0.023498356,0.97650164
t77,0.025699914,0.9743001
t36,0.036086023,0.963914
t48,0.421476,0.578524
t118,0.015856266,0.98414373
t105,0.014688253,0.98531175
t20,0.8646479,0.13535206
t1,0.7098799,0.29012012
t52,0.98803484,0.011965173
t53,0.9905781,0.009421887
t32,0.98993576,0.010064234
