accepted_species,estimate
Asclepias_ovalifolia,-0.1488652558590629
Asclepias_vestita,-0.1811106386404185
Calotropis_procera,0.011370493181565845
Galium_concinnum,-0.3552166795598482
Gentianella_germanica,-0.3896690679602231
Mandevilla_benthamii,0.23589415856656765
Pavetta_australiensis,1.1078886900883782
Sherardia_arvensis,-0.4932772495186886
Swertia_bimaculata,0.02295113097126904
Tabernaemontana_sananho,0.26474421792237973
