accepted_species,estimate
Asclepias_erosa,-0.08973510775347558
Blepharidium_guatemalense,-0.14896403939812464
Calotropis_gigantea,-0.1187651275978112
Coffea_arabica,0.4757809521425278
Eustoma_exaltatum,1.0034227358056682
Galium_album,-0.6881432101555335
Galium_aparine,-0.676283224499399
Galium_sterneri,-0.38456008758972837
Guettarda_elliptica,0.47856050211167045
Hamelia_patens,0.03307140443133903
