accepted_species,0,1
Oldenlandia_lechleriana,0.94299316,0.057006855
Spermacoce_congensis,0.94299316,0.057006855
Argostemma_lanceolarium,0.94299316,0.057006855
Knoxia_lineata,0.94299316,0.057006855
Galium_diabolense,0.94299316,0.057006855
Manettia_corticifer,0.94299316,0.057006855
Hedyotis_plantaginifolia,0.94299316,0.057006855
Paracarphalea_kirondron,0.94299316,0.057006855
Galianthe_elegans,0.94299316,0.057006855
Oldenlandia_paniculata,0.94299316,0.057006855
