accepted_species,estimate
t55,-0.211632859906273
t47,0.06591707793489326
t74,-0.15599141091650204
t84,-0.41152711396819736
t91,-0.2311157084698952
t93,-1.4457114900249906
t80,-1.2418687275750178
t99,-1.298322154521037
t41,0.7357037847603756
t42,0.7895480163021256
