accepted_species,estimate
t55,-0.3289798226835375
t47,-0.201627293572042
t74,-0.3289237835624067
t84,-0.3077705211558264
t91,-0.2960548274254833
t93,-1.2128904326011165
t80,-1.5581847532729274
t99,-1.4992011616713241
t41,0.9211258926594436
t42,0.9211258926594431
