"accepted_species","estimate"
"t55",-0.302225825296858
"t47",0.585810515508031
"t74",0.394243897882531
"t84",0.632029572974107
"t91",-0.350337565856454
"t93",-1.30309251537629
"t80",-1.44453224953317
"t99",-1.99949590982783
"t41",0.783301092683494
"t42",0.783301092683494
