accepted_species,estimate
t17,-0.9159185742668359
t93,-0.9053143510086765
t94,-0.9122728089876175
t82,-0.8984336722448396
t84,-1.0481803830169194
t85,-1.0769236117364325
t40,0.783755506120857
t41,0.8064194545942187
t67,0.39430760393785036
t68,0.3596362885892671
