accepted_species,estimate
t17,-0.5029085
t93,-0.5029085
t94,-0.5029085
t82,-0.5029085
t84,-0.5029085
t85,-0.5029085
t40,-0.5029085
t41,-0.5029085
t67,-0.5029085
t68,-0.5029085
