accepted_species,0
t77,-0.0006770313398551185
t144,0.0470154078739759
t79,-0.0006770313398551185
t80,-0.0006770313398551185
t110,-0.402789531604358
t89,-0.0006770313398551185
t90,-0.0006770313398551185
t107,0.160465655888141
t138,0.160465655888141
t37,-0.0006770313398551185
t8,-0.0006770313398551185
t61,-0.0006770313398551185
t22,-0.0006770313398551185
t29,-0.0006770313398551185
