accepted_species,0,1
Tricalysia_madagascariensis,0.7801883,0.21981168
Tocoyena_pittieri,0.7801883,0.21981168
Rytigynia_lecomtei,0.7801883,0.21981168
Peponidium_cuspidatum,0.7801883,0.21981168
Ixora_jacobsonii,0.7801883,0.21981168
Fadogia_punctulata,0.7801883,0.21981168
Pavetta_transjubensis,0.7801883,0.21981168
Pavetta_cellulosa,0.7801883,0.21981168
Randia_pringlei,0.7801883,0.21981168
Randia_pterocarpa,0.7801883,0.21981168
