accepted_species,0,1
t33,0.614517630950223,0.38548236904977695
t81,0.7947908388192844,0.2052091611807156
t48,0.811205120687432,0.18879487931256803
t56,0.10578795179288447,0.8942120482071155
t95,0.8325970990187803,0.16740290098121965
t68,0.602410231832058,0.397589768167942
t20,0.4673553944434652,0.5326446055565348
t6,0.5384951323718117,0.4615048676281883
t86,0.2033160629068912,0.7966839370931088
t38,0.19041271244508784,0.8095872875549122
