accepted_species,estimate
t87,-2.150859592082943
t47,-0.09149876810592192
t61,-0.4459602011609361
t16,0.5894091385637493
t89,0.44674907679431247
t3,0.22570482745661283
t41,-0.21105395052986817
t93,0.8111060162536846
t37,0.945210112413603
t55,-0.3820499092111958
