accepted_species,0
t87,-2.34351197430958
t47,-0.5933513459186904
t61,-1.72470402188237
t16,
t89,1.3193869627098
t3,
t41,-0.4769676316105353
t93,1.57198059014613
t37,
t55,-0.674179813302311
