accepted_species,estimate
t87,-2.282471
t47,-0.5293253
t61,-1.7797635
t16,0.5677116
t89,0.9017052
t3,0.5402268
t41,-0.42439196
t93,1.3942769
t37,0.756896
t55,-0.9316387
