accepted_species,0,1
t76,0.8083476,0.19165243
t94,0.99643904,0.0035609673
t27,0.99930364,0.00069637195
t86,0.9956522,0.004347793
t72,0.9956522,0.004347793
t13,0.99703705,0.0029629287
t68,0.874276,0.12572403
t35,0.865656,0.134344
t64,0.99950004,0.00049994374
t50,0.99950004,0.00049994374
t95,0.91984886,0.08015115
t25,0.96429753,0.03570247
t99,0.96429753,0.03570247
t7,0.99761623,0.00238378
t2,0.99831957,0.0016804313
