accepted_species,0
t4,-0.030448351960701017
t70,-0.030448351960701017
t140,0.248364233923271
t92,-0.030448351960701017
t112,-0.030448351960701017
t27,-0.030448351960701017
t123,-0.030448351960701017
t78,-0.030448351960701017
t84,-0.030448351960701017
t25,-0.030448351960701017
t17,-0.030448351960701017
t102,-0.030448351960701017
t109,-0.030448351960701017
t47,-0.030448351960701017
