"accepted_species","0","1"
"t34",0.499999931727553,0.500000068272447
"t22",0.499999999973292,0.500000000026708
"t9",0.5,0.5
"t77",0.52982677467761,0.47017322532239
"t6",0.5,0.5
"t18",0.499999999999476,0.500000000000524
"t40",0.49999945286226,0.50000054713774
"t98",0.226726070212113,0.773273929787887
"t52",0.499996731085817,0.500003268914183
"t57",0.500162039796934,0.499837960203066
