accepted_species,0,1
t34,0.4247371360367054,0.5752628639632946
t22,0.5009054196361418,0.49909458036385823
t9,0.48464687499098613,0.5153531250090139
t77,0.5745965982470476,0.4254034017529524
t6,0.5346829620463258,0.4653170379536742
t18,0.40069522165487703,0.599304778345123
t40,0.4538581403243891,0.5461418596756109
t98,0.4416213053096302,0.5583786946903698
t52,0.43239799260433365,0.5676020073956664
t57,0.4903391109866021,0.5096608890133979
