accepted_species,0,1
t34,0.47777777777777775,0.5222222222222223
t22,0.47777777777777775,0.5222222222222223
t9,0.47777777777777775,0.5222222222222223
t77,0.47777777777777775,0.5222222222222223
t6,0.47777777777777775,0.5222222222222223
t18,0.47777777777777775,0.5222222222222223
t40,0.47777777777777775,0.5222222222222223
t98,0.0,1.0
t52,0.47777777777777775,0.5222222222222223
t57,0.47777777777777775,0.5222222222222223
