"accepted_species","0","1"
"t34","0.49971225753321","0.50028774246679"
"t22","0.499994564485765","0.500005435514235"
"t9","0.500000011004505","0.499999988995495"
"t77","0.638705609555571","0.361294390444429"
"t6","0.499999999847205","0.500000000152795"
"t18","0.499998578527581","0.500001421472419"
"t40","0.499084070893879","0.500915929106121"
"t98","0.132420732774391","0.86757926722561"
"t52","0.498489716551303","0.501510283448697"
"t57","0.516443950504968","0.483556049495032"
