accepted_species,0,1
t34,0.21240854,0.78759146
t22,0.47567797,0.52432203
t9,0.46978813,0.53021187
t77,0.5394901,0.4605099
t6,0.5300409,0.46995908
t18,0.21240854,0.78759146
t40,0.21240854,0.78759146
t98,0.21240854,0.78759146
t52,0.21240854,0.78759146
t57,0.72567856,0.27432147
