accepted_species,0,1
t34,0.43438143,0.5656186
t22,0.5698659,0.43013412
t9,0.55818,0.44182
t77,0.6285366,0.37146342
t6,0.48000473,0.5199953
t18,0.2984439,0.7015561
t40,0.34236836,0.65763164
t98,0.36522585,0.63477415
t52,0.3776437,0.6223563
t57,0.5933639,0.4066361
