accepted_species,estimate
t56,-0.05745370762198982
t32,-0.05891640092710954
t29,-0.05524290357722025
t76,-0.045075191556244766
t100,-0.04362851047627222
t51,-0.051596160758952216
t57,-0.23356259156743703
t58,-0.23356259156743692
t89,-0.2351411853083269
t90,-0.2351411853083265
