"accepted_species","estimate"
"t56",-0.386034009743088
"t32",-0.292905601336082
"t29",-0.112011108643025
"t76",-0.00041315766414554
"t100",0.0314073790146591
"t51",0.0311741147706309
"t57",-0.188495955158976
"t58",-0.188495955158976
"t89",-0.188495955158976
"t90",-0.188495955158976
