accepted_species,0
t94,-0.15733886904618496
t49,0.16829715573956833
t78,0.10256282725239278
t18,-0.492457959905737
t13,0.117297329777562
t21,-0.6337025990075225
t83,-0.9384345425077123
t50,0.0013437786644173938
t30,1.1583524432325791
t45,-0.6174542509076145
