"accepted_species","estimate"
"t94",-0.335957075675975
"t49",0.232662841648319
"t78",-0.00626997117161355
"t18",-0.640396642182919
"t13",0.255899131593664
"t21",0.999332152276252
"t83",-1.81978696869174
"t50",0.0532826740856273
"t30",0.704443821970815
"t45",-1.82502673511176
