accepted_species,0,1
Gentianella_riojae,0.8119676,0.18803236
Notopleura_araguensis,0.9087567,0.09124334
Tocoyena_arenicola,0.8796185,0.12038147
Strychnos_xylophylla,0.72688895,0.27311105
Mandevilla_pentlandiana,0.8798686,0.120131396
Hoya_oreostemma,0.88243914,0.11756088
Willughbeia_coriacea,0.80209255,0.19790743
Gonzalagunia_microsepala,0.8345539,0.16544609
Sabicea_orientalis,0.7127292,0.2872708
Arachnothryx_subglabra,0.8297872,0.17021279
