accepted_species,0,1
Megacodon_venosus,0.95968026,0.04031975
Neonauclea_jagorii,0.95528585,0.04471414
Psydrax_calcicola,0.9739319,0.026068075
Tarennoidea_axillaris,0.875411,0.12458901
Eumachia_sclerocarpa,0.8389459,0.16105407
Cynanchum_jaramilloi,0.9498037,0.050196275
Duvalia_polita,0.6884775,0.3115225
Timonius_cuneatus,0.95528585,0.04471414
Pavetta_gorontalensis,0.77944237,0.22055762
Crucianella_baldschuanica,0.9983382,0.0016617703
