accepted_species,0,1
sp45,0.4992748483886703,0.5007251516113297
sp52,0.4438688136038228,0.5561311863961772
sp63,0.5158007320855846,0.4841992679144153
sp101,0.51379167682415,0.4862083231758501
sp105,0.49500222148524,0.50499777851476
sp112,0.532147971240531,0.4678520287594689
sp118,0.4946268672765157,0.5053731327234843
sp120,0.4234911317009812,0.5765088682990188
sp137,0.4571792257506643,0.5428207742493357
sp146,0.5693968017752701,0.4306031982247299
