accepted_species,0,1
sp736,0.1108232460607601,0.8891767539392399
sp747,0.11083901716960387,0.8891609828303961
sp755,0.11084241941731954,0.8891575805826805
sp787,0.11080234785263121,0.8891976521473688
sp788,0.11080234785263121,0.8891976521473688
sp794,0.11079743849203716,0.8892025615079628
sp844,0.11079563066767084,0.8892043693323292
sp845,0.11079563066767084,0.8892043693323292
sp858,0.11079536924994571,0.8892046307500543
sp859,0.11079536924994571,0.8892046307500543
