accepted_species,estimate
t116,0.13915476125464377
t95,0.7006494277347948
t19,0.8705632677533114
t3,0.6520002160287074
t94,0.9620294450114576
t112,-0.9399064124238035
t41,0.214698566415759
t26,0.9166085314512089
t134,-0.07660987804617328
t93,-1.8251898180622832
t21,-0.14933847350213783
t66,-0.3732764588503147
t86,-0.2532159372401236
t107,0.0018997841855202553
