"accepted_species","estimate"
"t116",0.279358291172786
"t95",0.683747416014672
"t19",0.1363889795325
"t3",0.357133361403789
"t94",0.947023200606313
"t112",-0.885984327737248
"t41",-0.168581900475944
"t26",0.28992885194586
"t134",0.685241448939904
"t93",-1.99916193306471
"t21",-0.667908030175089
"t66",-0.213940476549803
"t86",-0.404788965179788
"t107",-0.429069256140793
