accepted_species,estimate
t14,-0.501814
t15,-0.1888198
t91,0.2639082
t92,0.2639082
t33,-1.0572182
t100,-1.3839818
t37,-0.8631706
t44,-0.64225364
t45,-0.64225364
t20,0.27174735
