"accepted_species","0","1"
"t98",0.5926967900366,0.4073032099634
"t42",0.38180343591284,0.61819656408716
"t84",0.379275923875446,0.620724076124554
"t41",0.381803435912845,0.618196564087155
"t61",0.381803453399212,0.618196546600788
"t91",0.34339521968794,0.656604780312061
"t10",0.381803435912848,0.618196564087152
"t46",0.381803435912848,0.618196564087152
"t38",0.381803435912848,0.618196564087152
"t4",0.381803435912848,0.618196564087152
