accepted_species,0,1
t98,0.3871403454721052,0.6128596545278948
t42,0.387232569780005,0.612767430219995
t84,0.3871381597397666,0.6128618402602334
t41,0.3871593217942685,0.6128406782057315
t61,0.3872933749449011,0.6127066250550989
t91,0.3870982186835479,0.6129017813164521
t10,0.38728661512001894,0.6127133848799811
t46,0.3873623391023563,0.6126376608976437
t38,0.3871487133331344,0.6128512866668656
t4,0.38700547827181386,0.6129945217281861
