accepted_species,0,1
t98,0.38124401891259174,0.6187559810874083
t42,0.38060223446173913,0.6193977655382609
t84,0.3806996868226523,0.6193003131773477
t41,0.3807492393053896,0.6192507606946104
t61,0.38032490743113434,0.6196750925688657
t91,0.38121485493410967,0.6187851450658903
t10,0.38056067035781105,0.619439329642189
t46,0.3808783894618927,0.6191216105381073
t38,0.3805021770481646,0.6194978229518354
t4,0.38045922831972967,0.6195407716802703
