accepted_species,0,1
t98,0.4336063311185885,0.5663936688814115
t42,0.3727878153223657,0.6272121846776343
t84,0.3581533562960496,0.6418466437039504
t41,0.3716099435651242,0.6283900564348758
t61,0.3826008113108408,0.6173991886891592
t91,0.34433215023168606,0.6556678497683139
t10,0.37182418411981466,0.6281758158801853
t46,0.3718241841193829,0.6281758158806171
t38,0.3718241841193829,0.6281758158806171
t4,0.37320987151645846,0.6267901284835415
