"accepted_species","0","1"
"t98","0.813449179085301","0.186550820914699"
"t42","0.49999999997844","0.50000000002156"
"t84","0.492415355237699","0.507584644762301"
"t41","0.49999999998823","0.50000000001177"
"t61","0.500001382939462","0.499998617060538"
"t91","0.448540014278231","0.551459985721769"
"t10","0.5","0.5"
"t46","0.5","0.5"
"t38","0.5","0.5"
"t4","0.5","0.5"
