accepted_species,0,1
sp36,0.8918918765596722,0.10810812344032787
sp84,0.8921349167712436,0.10786508322875643
sp128,0.6765897199463377,0.32341028005366235
sp129,0.6764649868162814,0.3235350131837186
sp133,0.5876551007431352,0.41234489925686474
sp134,0.5843596630857547,0.4156403369142453
sp140,0.682312637571773,0.3176873624282271
sp143,0.5897727190988434,0.41022728090115657
sp153,0.5898322137768948,0.4101677862231053
sp158,0.887300615774074,0.11269938422592593
