"accepted_species","0","1"
"sp36","0.981879171638822","0.0181208283611777"
"sp84","0.593159104097975","0.406840895902025"
"sp128","0.999169596668862","0.000830403331138247"
"sp129","0.999169596668862","0.000830403331138247"
"sp133","0.998064401917088","0.0019355980829122"
"sp134","0.0195868491515586","0.980413150848441"
"sp140","0.999528609087184","0.000471390912816222"
"sp143","0.949980555665067","0.0500194443349333"
"sp153","0.96900519317586","0.03099480682414"
"sp158","0.999918748198161","8.12518018387235e-05"
