"accepted_species","0","1"
"t51",0.267406004897703,0.732593995102297
"t56",0.850443580308513,0.149556419691487
"t64",0.901039209582029,0.0989607904179705
"t87",0.038256206216258,0.961743793783742
"t94",0.0528151181334964,0.947184881866504
"t101",0.978383188175779,0.0216168118242213
"t102",0.984523635722187,0.0154763642778132
"t105",0.0302266868173062,0.969773313182694
"t110",0.0127400801913082,0.987259919808692
"t113",0.991430318406,0.00856968159400038
