accepted_species,0,1
t32,0.34652325409629725,0.6534767459037027
t47,0.34582442987096407,0.6541755701290359
t62,0.3410862430124192,0.6589137569875808
t72,0.34046080200835116,0.6595391979916488
t82,0.3461835056913355,0.6538164943086645
t86,0.34552349933901205,0.654476500660988
t88,0.3414475384606813,0.6585524615393187
t115,0.34661329894508075,0.6533867010549192
t131,0.34432830449085483,0.6556716955091452
t136,0.3405336710843151,0.6594663289156849
