accepted_species,0,1
t32,0.34702932619544247,0.6529706738045575
t47,0.34541861853488254,0.6545813814651175
t62,0.3426579829737334,0.6573420170262666
t72,0.3428824896838747,0.6571175103161253
t82,0.3466803296637605,0.6533196703362395
t86,0.34484312894909075,0.6551568710509093
t88,0.34141814632496603,0.658581853675034
t115,0.3475753720581797,0.6524246279418203
t131,0.3414160256367317,0.6585839743632683
t136,0.3429432156955584,0.6570567843044416
