accepted_species,0,1
t51,0.5311242496579888,0.46887575034201123
t56,0.5355198127438148,0.46448018725618523
t64,0.6194908653307772,0.38050913466922276
t87,0.4538602751617423,0.5461397248382577
t94,0.5311391792264337,0.4688608207735662
t101,0.5536471202264381,0.44635287977356186
t102,0.5530330625569871,0.44696693744301286
t105,0.5356393692629646,0.4643606307370353
t110,0.6077050882065642,0.3922949117934358
t113,0.5365424719307547,0.46345752806924534
