accepted_species,0,1
t51,0.18540657,0.81459343
t56,0.6762941,0.32370594
t64,0.9306943,0.06930571
t87,0.10924977,0.8907502
t94,0.29634255,0.70365745
t101,0.96307886,0.036921155
t102,0.9575281,0.042471882
t105,0.15651363,0.84348637
t110,0.074450195,0.9255498
t113,0.34962124,0.65037876
