accepted_species,0,1
t16,0.24264705882352944,0.7573529411764706
t117,1.0,0.0
t87,0.0,1.0
t97,0.0,1.0
t142,0.0,1.0
t139,0.0,1.0
t90,0.0,1.0
t30,0.24264705882352944,0.7573529411764706
t101,0.0,1.0
t96,0.0,1.0
t148,0.0,1.0
t111,0.0,1.0
t119,0.0,1.0
t20,0.24264705882352944,0.7573529411764706
t14,0.24264705882352944,0.7573529411764706
