accepted_species,0,1
t16,0.0012030602,0.99879694
t117,0.92623305,0.073766924
t87,0.00892961,0.9910704
t97,0.00892961,0.9910704
t142,0.00023013353,0.99976987
t139,0.00023013353,0.99976987
t90,0.010007322,0.9899927
t30,0.0009201765,0.9990798
t101,0.0014128685,0.99858713
t96,0.0031862855,0.9968137
t148,0.003874004,0.996126
t111,0.0018053651,0.99819463
t119,0.00605309,0.9939469
t20,0.36851543,0.63148457
t14,0.9938042,0.006195764
