accepted_species,0,1
Gongronemopsis_calesiana,0.9531254,0.046874564
Spermacoce_phalloides,0.8861328,0.11386723
Eumachia_obanensis,0.85894305,0.14105697
Marsdenia_oreophila,0.9531254,0.046874564
Jasminanthes_hosei,0.9531254,0.046874564
Hoya_paulshirleyi,0.9531254,0.046874564
Hedyotis_atropurpurea,0.8861328,0.11386723
Spermacoce_bisepala,0.8861328,0.11386723
Triainolepis_mandrarensis,0.8861328,0.11386723
Rothmannia_jollyana,0.84708196,0.15291806
