accepted_species,0,1
Gongronemopsis_calesiana,0.931645,0.068355024
Spermacoce_phalloides,0.90315515,0.09684486
Eumachia_obanensis,0.90315515,0.09684486
Marsdenia_oreophila,0.94469357,0.055306427
Jasminanthes_hosei,0.9373362,0.06266382
Hoya_paulshirleyi,0.94279826,0.057201743
Hedyotis_atropurpurea,0.90315515,0.09684486
Spermacoce_bisepala,0.90315515,0.09684486
Triainolepis_mandrarensis,0.90315515,0.09684486
Rothmannia_jollyana,0.9009366,0.099063426
