accepted_species,0,1
sp16,0.8001199123100625,0.1998800876899375
sp114,0.7999633604876742,0.20003663951232573
sp115,0.8004569783745281,0.19954302162547188
sp134,0.8025343807309044,0.19746561926909556
sp140,0.8019377330351817,0.1980622669648183
sp147,0.802696401081145,0.19730359891885502
sp170,0.7988815184860519,0.2011184815139481
sp181,0.8021672074626611,0.19783279253733888
sp195,0.7983016815229776,0.20169831847702238
sp201,0.799087080883942,0.20091291911605802
