accepted_species,0,1
sp16,0.7982688611910602,0.20173113880893973
sp114,0.8003601852469312,0.1996398147530688
sp115,0.8005992459989502,0.1994007540010499
sp134,0.8035601530984308,0.1964398469015692
sp140,0.8012677139215341,0.19873228607846588
sp147,0.8035170303154544,0.19648296968454557
sp170,0.7975926979270493,0.2024073020729507
sp181,0.8012665414010484,0.1987334585989516
sp195,0.7984996975681034,0.2015003024318967
sp201,0.7976219880777817,0.20237801192221824
