accepted_species,0,1
sp16,0.800246094210894,0.19975390578910604
sp114,0.8010541224949399,0.19894587750506004
sp115,0.7988956898067915,0.20110431019320854
sp134,0.8021452811643158,0.19785471883568415
sp140,0.8000454346712689,0.19995456532873115
sp147,0.8022195594282192,0.1977804405717808
sp170,0.7994613967651711,0.2005386032348289
sp181,0.8000977529555326,0.19990224704446735
sp195,0.7993695012964012,0.2006304987035988
sp201,0.7996273344017467,0.2003726655982533
