accepted_species,0,1
sp16,0.74774814,0.2522519
sp114,0.81316674,0.18683326
sp115,0.83476174,0.16523826
sp134,0.88037914,0.11962086
sp140,0.8500489,0.14995112
sp147,0.87534904,0.12465096
sp170,0.7834236,0.21657641
sp181,0.8356438,0.16435616
sp195,0.7732686,0.22673143
sp201,0.8309774,0.16902262
