accepted_species,0,1
sp265,0.6270021940978221,0.37299780590217796
sp275,0.6252394415755161,0.37476055842448386
sp319,0.6251861238211045,0.3748138761788955
sp329,0.6577524418431352,0.3422475581568648
sp349,0.63128984408129,0.3687101559187101
sp364,0.6285124769706367,0.3714875230293633
sp372,0.6248362360506845,0.37516376394931544
sp379,0.6268316578305551,0.3731683421694449
sp388,0.655648427612175,0.34435157238782504
sp391,0.5952573209888158,0.4047426790111842
