accepted_species,0,1
sp265,0.40129006,0.59870994
sp275,0.5944159,0.4055841
sp319,0.70534325,0.29465675
sp329,0.4586227,0.5413773
sp349,0.5944159,0.4055841
sp364,0.5169873,0.48301265
sp372,0.62655497,0.37344503
sp379,0.77865386,0.22134614
sp388,0.7722547,0.22774532
sp391,0.64009106,0.35990894
