accepted_species,estimate
Coprosma_foetidissima,-0.5360260814806368
Coprosma_quadrifida,-0.5889072303085883
Fagraea_berteroana,-0.8444885150762484
Galium_mollugo,-0.704852445937387
Gentiana_utriculosa,-0.2010861557540677
Gentianella_amarella,0.0376552665168213
Hintonia_latiflora,0.561578165887805
Nauclea_officinalis,0.6182419851511487
Psychotria_grandis,-0.20818584059928533
Tabernaemontana_sananho,0.04163367830519706
