accepted_species,estimate
t9,-0.4991029330746093
t131,-2.006327108525714
t5,2.101864640900276
t15,-0.21553799393730305
t10,1.126460766028952
t123,0.16376784195447325
t126,0.45226290258274027
t100,-0.06666204982423274
t78,-1.1401205621546202
t121,-0.2927052561431003
t154,0.5168188017870889
t86,-0.02107972363558819
t82,0.2489867601339062
t26,1.1692910751214158
t60,0.33248880932716074
t153,-0.642916395000213
