accepted_species,0
Cicendia_quadrangularis,-0.02769644291755307
Galium_murale,-0.02769644291755307
Gentiana_utriculosa,-0.02769644291755307
Guettarda_odorata,-0.02769644291755307
Hoya_australis,-0.02769644291755307
Pentagonia_macrophylla,-0.02769644291755307
Psychotria_limonensis,-0.02769644291755307
Psychotria_penangensis,-0.02769644291755307
Randia_armata,-0.02769644291755307
Randia_thurberi,-0.02769644291755307
