"accepted_species","0","1"
"sp66",0.382264646376339,0.617735353623661
"sp86",0.395094103432265,0.604905896567735
"sp98",0.240599429106768,0.759400570893232
"sp114",0.806465764212493,0.193534235787507
"sp115",0.388762105399282,0.611237894600718
"sp116",0.388762105399282,0.611237894600718
"sp130",0.784249026542822,0.215750973457178
"sp140",0.82266661419446,0.17733338580554
"sp155",0.924671838380902,0.075328161619098
"sp170",0.0174554575034551,0.982544542496545
