accepted_species,0,1
sp66,0.2569175163855796,0.7430824836144204
sp86,0.21590639033894055,0.7840936096610595
sp98,0.29683135116814485,0.7031686488318551
sp114,0.11100153486732356,0.8889984651326764
sp115,0.4273972470587014,0.5726027529412986
sp116,0.34512876133373116,0.6548712386662688
sp130,0.18158555463789994,0.8184144453621001
sp140,0.3435255092108882,0.6564744907891118
sp155,0.19578503318045426,0.8042149668195457
sp170,0.6418431883998108,0.35815681160018925
