accepted_species,0,1
sp66,0.43903512,0.5609649
sp86,0.03412932,0.9658707
sp98,0.23595661,0.7640434
sp114,0.97772145,0.022278551
sp115,0.15072495,0.84927505
sp116,0.15072495,0.84927505
sp130,0.3502078,0.6497922
sp140,0.124432325,0.8755677
sp155,0.38666987,0.6133301
sp170,0.067106605,0.9328934
