"accepted_species","0","1"
"t15",0.499999997852571,0.500000002147429
"t16",0.499999997852571,0.500000002147429
"t17",0.499999997852571,0.500000002147429
"t44",0.499974709647226,0.500025290352774
"t45",0.499974709647226,0.500025290352774
"t57",0.499974709647225,0.500025290352775
"t58",0.499974709647225,0.500025290352775
"t76",0.381205210231189,0.618794789768811
"t100",0.381205210231189,0.618794789768811
"t101",0.381205210231189,0.618794789768811
