"accepted_species","0","1"
"t31",0.499993312815731,0.500006687184269
"t88",0.499188862130532,0.500811137869468
"t89",0.499188862130532,0.500811137869468
"t141",0.347070306222018,0.652929693777981
"t142",0.305738783161736,0.694261216838264
"t154",0.497944862554941,0.502055137445058
"t155",0.497944862554941,0.502055137445058
"t156",0.222791179452196,0.777208820547804
"t165",0.113190808425987,0.886809191574014
"t174",0.00351781835618145,0.996482181643819
