accepted_species,0,1
t15,0.8361580248438059,0.1638419751561942
t16,0.8086662338736,0.19133376612639996
t17,0.8107182041386978,0.18928179586130225
t44,0.8413410132840757,0.15865898671592432
t45,0.8127267122818717,0.18727328771812837
t57,0.8136903988050896,0.18630960119491033
t58,0.8725012174618386,0.12749878253816135
t76,0.8799226265258095,0.12007737347419041
t100,0.7938301905892102,0.20616980941078977
t101,0.8347035212264723,0.16529647877352774
