accepted_species,0,1
t31,0.4017372225529643,0.5982627774470357
t88,0.39562270245037023,0.6043772975496298
t89,0.3940795466640914,0.6059204533359086
t141,0.39395858596336575,0.6060414140366343
t142,0.3923298841079559,0.6076701158920441
t154,0.3933614142187165,0.6066385857812835
t155,0.39393122784121126,0.6060687721587887
t156,0.39153999673675044,0.6084600032632496
t165,0.3945065660096905,0.6054934339903095
t174,0.3928244303464159,0.6071755696535841
