accepted_species,0,1
t31,0.44155961250030185,0.5584403874996982
t88,0.4404992346577562,0.5595007653422438
t89,0.4404992346577562,0.5595007653422438
t141,0.440535052212377,0.559464947787623
t142,0.44023445768496794,0.5597655423150321
t154,0.4403496224085125,0.5596503775914875
t155,0.4403496224085125,0.5596503775914875
t156,0.4402293499434926,0.5597706500565074
t165,0.4402529990757461,0.5597470009242539
t174,0.4405201722065777,0.5594798277934223
