accepted_species,0,1
t31,0.015907288,0.9840927
t88,0.30003792,0.6999621
t89,0.05127698,0.948723
t141,0.36157906,0.63842094
t142,0.06578791,0.9342121
t154,0.09138769,0.9086123
t155,0.30003792,0.6999621
t156,0.12400693,0.8759931
t165,0.35250545,0.64749455
t174,0.36594784,0.63405216
