"accepted_species","0","1"
"t77",0.761025102225625,0.238974897774375
"t78",0.761025102225625,0.238974897774375
"t46",0.761025102225625,0.238974897774375
"t47",0.761025102225625,0.238974897774375
"t32",0.761025102225625,0.238974897774375
"t18",0.761025102216983,0.238974897783017
"t34",0.788313122851089,0.211686877148911
"t64",0.199203429887475,0.800796570112525
"t88",0.0446332458229894,0.955366754177011
"t29",0.614696052870071,0.385303947129929
