accepted_species,0,1
t77,0.7915128621326126,0.20848713786738732
t78,0.7915128621326127,0.2084871378673873
t46,0.7915180669564303,0.2084819330435697
t47,0.7915180669564308,0.20848193304356918
t32,0.7915270976986893,0.20847290230131063
t18,0.7915358261615659,0.20846417383843402
t34,0.7915376320116122,0.2084623679883878
t64,0.7915205850274568,0.20847941497254316
t88,0.791516114721809,0.20848388527819092
t29,0.7915368600937567,0.2084631399062433
