"accepted_species","0","1"
"t77","0.832895996363824","0.167104003636176"
"t78","0.832895996363824","0.167104003636176"
"t46","0.832895996363824","0.167104003636176"
"t47","0.832895996363824","0.167104003636176"
"t32","0.832895996363824","0.167104003636176"
"t18","0.832895996363824","0.167104003636176"
"t34","0.855008525291984","0.144991474708016"
"t64","0.182829390293998","0.817170609706002"
"t88","0.0394134027341319","0.960586597265868"
"t29","0.638124464466928","0.361875535533072"
