accepted_species,0,1
t77,0.60525185,0.39474815
t78,0.60525185,0.39474815
t46,0.60525185,0.39474815
t47,0.60525185,0.39474815
t32,0.60525185,0.39474815
t18,0.44212472,0.5578753
t34,0.47023153,0.52976847
t64,0.314502,0.685498
t88,0.44212472,0.5578753
t29,0.44212472,0.5578753
