"","t97","t98","t60","t61","t15","t16","t5","t93","t94","t22","t99","t100","t14","t68","t69","t33","t34","t8","t25","t67","t78","t79","t9","t36","t37","t63","t64","t55","t56","t89","t90","t45","t46","t3","t65","t66","t7","t10","t11","t23","t24","t19","t20","t21","t31","t32","t13","t41","t42","t91","t92","t62","t57","t58","t59","t29","t74","t75","t6","t38","t83","t84","t47","t2","t26","t27","t18","t4","t39","t40","t52","t53","t17","t72","t73","t49","t50","t1","t35","t95","t96","t30","t48","t81","t82","t80","t12","t51","t70","t71","t54","t28","t43","t44","t76","t77","t87","t88","t85","t86"
"t97",0,0.05638183478,2.66131010639,2.66131010639,4.29311932219,4.29311932219,4.99200676779,4.99200676759,4.99200676759,4.9920067676,4.99200676759,4.99200676759,4.99200676739,4.99200676759,4.99200676759,4.99200676749,4.99200676749,4.99200676809,4.99200676769,4.99200676769,4.99200676773,4.99200676773,5.25264477259,5.25264477279,5.25264477279,5.25264477279,5.25264477279,5.25264477259,5.25264477259,5.25264477259,5.25264477259,5.71028320329,5.71028320329,5.71028320359,6.887949483549,6.887949483549,6.887949483549,6.887949483649,6.887949483649,6.887949483749,6.887949483749,6.887949483749,6.887949483829,6.887949483829,6.887949483749,6.887949483749,6.887949484149,6.887949483849,6.887949483849,6.887949483839,6.887949483839,6.887949483849,6.887949483849,6.887949483849,6.887949483849,6.887949483849,6.887949483439,6.887949483439,6.887949483539,6.887949483239,6.887949483319,6.887949483319,6.887949483319,6.887949483739,6.887949483549,6.887949483549,6.887949483549,6.887949483249,6.887949483509,6.887949483509,6.887949483509,6.887949483509,6.887949483509,6.887949484149,6.887949484149,6.887949484249,6.887949484249,6.88794948366,6.88794948366,6.88794948364,6.88794948364,6.88794948366,6.88794948366,6.887949483649,6.887949483649,6.88794948366,6.88794948326,6.88794948366,6.88794948359,6.88794948359,6.88794948359,6.88794948366,6.88794948358,6.88794948358,6.88794948351,6.88794948351,6.88794948351,6.88794948351,6.88794948351,6.88794948351
"t98",0.05638183478,0,2.66131010639,2.66131010639,4.29311932219,4.29311932219,4.99200676779,4.99200676759,4.99200676759,4.9920067676,4.99200676759,4.99200676759,4.99200676739,4.99200676759,4.99200676759,4.99200676749,4.99200676749,4.99200676809,4.99200676769,4.99200676769,4.99200676773,4.99200676773,5.25264477259,5.25264477279,5.25264477279,5.25264477279,5.25264477279,5.25264477259,5.25264477259,5.25264477259,5.25264477259,5.71028320329,5.71028320329,5.71028320359,6.887949483549,6.887949483549,6.887949483549,6.887949483649,6.887949483649,6.887949483749,6.887949483749,6.887949483749,6.887949483829,6.887949483829,6.887949483749,6.887949483749,6.887949484149,6.887949483849,6.887949483849,6.887949483839,6.887949483839,6.887949483849,6.887949483849,6.887949483849,6.887949483849,6.887949483849,6.887949483439,6.887949483439,6.887949483539,6.887949483239,6.887949483319,6.887949483319,6.887949483319,6.887949483739,6.887949483549,6.887949483549,6.887949483549,6.887949483249,6.887949483509,6.887949483509,6.887949483509,6.887949483509,6.887949483509,6.887949484149,6.887949484149,6.887949484249,6.887949484249,6.88794948366,6.88794948366,6.88794948364,6.88794948364,6.88794948366,6.88794948366,6.887949483649,6.887949483649,6.88794948366,6.88794948326,6.88794948366,6.88794948359,6.88794948359,6.88794948359,6.88794948366,6.88794948358,6.88794948358,6.88794948351,6.88794948351,6.88794948351,6.88794948351,6.88794948351,6.88794948351
"t60",2.66131010639,2.66131010639,0,0.7339416046,4.2931193218,4.2931193218,4.9920067674,4.9920067672,4.9920067672,4.99200676721,4.9920067672,4.9920067672,4.992006767,4.9920067672,4.9920067672,4.9920067671,4.9920067671,4.9920067677,4.9920067673,4.9920067673,4.99200676734,4.99200676734,5.2526447722,5.2526447724,5.2526447724,5.2526447724,5.2526447724,5.2526447722,5.2526447722,5.2526447722,5.2526447722,5.7102832029,5.7102832029,5.7102832032,6.887949483159,6.887949483159,6.887949483159,6.887949483259,6.887949483259,6.887949483359,6.887949483359,6.887949483359,6.887949483439,6.887949483439,6.887949483359,6.887949483359,6.887949483759,6.887949483459,6.887949483459,6.887949483449,6.887949483449,6.887949483459,6.887949483459,6.887949483459,6.887949483459,6.887949483459,6.887949483049,6.887949483049,6.887949483149,6.887949482849,6.887949482929,6.887949482929,6.887949482929,6.887949483349,6.887949483159,6.887949483159,6.887949483159,6.887949482859,6.887949483119,6.887949483119,6.887949483119,6.887949483119,6.887949483119,6.887949483759,6.887949483759,6.887949483859,6.887949483859,6.88794948327,6.88794948327,6.88794948325,6.88794948325,6.88794948327,6.88794948327,6.887949483259,6.887949483259,6.88794948327,6.88794948287,6.88794948327,6.8879494832,6.8879494832,6.8879494832,6.88794948327,6.88794948319,6.88794948319,6.88794948312,6.88794948312,6.88794948312,6.88794948312,6.88794948312,6.88794948312
"t61",2.66131010639,2.66131010639,0.7339416046,0,4.2931193218,4.2931193218,4.9920067674,4.9920067672,4.9920067672,4.99200676721,4.9920067672,4.9920067672,4.992006767,4.9920067672,4.9920067672,4.9920067671,4.9920067671,4.9920067677,4.9920067673,4.9920067673,4.99200676734,4.99200676734,5.2526447722,5.2526447724,5.2526447724,5.2526447724,5.2526447724,5.2526447722,5.2526447722,5.2526447722,5.2526447722,5.7102832029,5.7102832029,5.7102832032,6.887949483159,6.887949483159,6.887949483159,6.887949483259,6.887949483259,6.887949483359,6.887949483359,6.887949483359,6.887949483439,6.887949483439,6.887949483359,6.887949483359,6.887949483759,6.887949483459,6.887949483459,6.887949483449,6.887949483449,6.887949483459,6.887949483459,6.887949483459,6.887949483459,6.887949483459,6.887949483049,6.887949483049,6.887949483149,6.887949482849,6.887949482929,6.887949482929,6.887949482929,6.887949483349,6.887949483159,6.887949483159,6.887949483159,6.887949482859,6.887949483119,6.887949483119,6.887949483119,6.887949483119,6.887949483119,6.887949483759,6.887949483759,6.887949483859,6.887949483859,6.88794948327,6.88794948327,6.88794948325,6.88794948325,6.88794948327,6.88794948327,6.887949483259,6.887949483259,6.88794948327,6.88794948287,6.88794948327,6.8879494832,6.8879494832,6.8879494832,6.88794948327,6.88794948319,6.88794948319,6.88794948312,6.88794948312,6.88794948312,6.88794948312,6.88794948312,6.88794948312
"t15",4.29311932219,4.29311932219,4.2931193218,4.2931193218,0,1.9517592454,4.992006767,4.9920067668,4.9920067668,4.99200676681,4.9920067668,4.9920067668,4.9920067666,4.9920067668,4.9920067668,4.9920067667,4.9920067667,4.9920067673,4.9920067669,4.9920067669,4.99200676694,4.99200676694,5.2526447718,5.252644772,5.252644772,5.252644772,5.252644772,5.2526447718,5.2526447718,5.2526447718,5.2526447718,5.7102832025,5.7102832025,5.7102832028,6.887949482759,6.887949482759,6.887949482759,6.887949482859,6.887949482859,6.887949482959,6.887949482959,6.887949482959,6.887949483039,6.887949483039,6.887949482959,6.887949482959,6.887949483359,6.887949483059,6.887949483059,6.887949483049,6.887949483049,6.887949483059,6.887949483059,6.887949483059,6.887949483059,6.887949483059,6.887949482649,6.887949482649,6.887949482749,6.887949482449,6.887949482529,6.887949482529,6.887949482529,6.887949482949,6.887949482759,6.887949482759,6.887949482759,6.887949482459,6.887949482719,6.887949482719,6.887949482719,6.887949482719,6.887949482719,6.887949483359,6.887949483359,6.887949483459,6.887949483459,6.88794948287,6.88794948287,6.88794948285,6.88794948285,6.88794948287,6.88794948287,6.887949482859,6.887949482859,6.88794948287,6.88794948247,6.88794948287,6.8879494828,6.8879494828,6.8879494828,6.88794948287,6.88794948279,6.88794948279,6.88794948272,6.88794948272,6.88794948272,6.88794948272,6.88794948272,6.88794948272
"t16",4.29311932219,4.29311932219,4.2931193218,4.2931193218,1.9517592454,0,4.992006767,4.9920067668,4.9920067668,4.99200676681,4.9920067668,4.9920067668,4.9920067666,4.9920067668,4.9920067668,4.9920067667,4.9920067667,4.9920067673,4.9920067669,4.9920067669,4.99200676694,4.99200676694,5.2526447718,5.252644772,5.252644772,5.252644772,5.252644772,5.2526447718,5.2526447718,5.2526447718,5.2526447718,5.7102832025,5.7102832025,5.7102832028,6.887949482759,6.887949482759,6.887949482759,6.887949482859,6.887949482859,6.887949482959,6.887949482959,6.887949482959,6.887949483039,6.887949483039,6.887949482959,6.887949482959,6.887949483359,6.887949483059,6.887949483059,6.887949483049,6.887949483049,6.887949483059,6.887949483059,6.887949483059,6.887949483059,6.887949483059,6.887949482649,6.887949482649,6.887949482749,6.887949482449,6.887949482529,6.887949482529,6.887949482529,6.887949482949,6.887949482759,6.887949482759,6.887949482759,6.887949482459,6.887949482719,6.887949482719,6.887949482719,6.887949482719,6.887949482719,6.887949483359,6.887949483359,6.887949483459,6.887949483459,6.88794948287,6.88794948287,6.88794948285,6.88794948285,6.88794948287,6.88794948287,6.887949482859,6.887949482859,6.88794948287,6.88794948247,6.88794948287,6.8879494828,6.8879494828,6.8879494828,6.88794948287,6.88794948279,6.88794948279,6.88794948272,6.88794948272,6.88794948272,6.88794948272,6.88794948272,6.88794948272
"t5",4.99200676779,4.99200676779,4.9920067674,4.9920067674,4.992006767,4.992006767,0,3.0131566618,3.0131566618,3.01315666181,3.0131566618,3.0131566618,3.0131566616,3.0131566618,3.0131566618,3.0131566617,3.0131566617,3.7119614659,3.7119614655,3.7119614655,3.71196146554,3.71196146554,5.2526447722,5.2526447724,5.2526447724,5.2526447724,5.2526447724,5.2526447722,5.2526447722,5.2526447722,5.2526447722,5.7102832029,5.7102832029,5.7102832032,6.887949483159,6.887949483159,6.887949483159,6.887949483259,6.887949483259,6.887949483359,6.887949483359,6.887949483359,6.887949483439,6.887949483439,6.887949483359,6.887949483359,6.887949483759,6.887949483459,6.887949483459,6.887949483449,6.887949483449,6.887949483459,6.887949483459,6.887949483459,6.887949483459,6.887949483459,6.887949483049,6.887949483049,6.887949483149,6.887949482849,6.887949482929,6.887949482929,6.887949482929,6.887949483349,6.887949483159,6.887949483159,6.887949483159,6.887949482859,6.887949483119,6.887949483119,6.887949483119,6.887949483119,6.887949483119,6.887949483759,6.887949483759,6.887949483859,6.887949483859,6.88794948327,6.88794948327,6.88794948325,6.88794948325,6.88794948327,6.88794948327,6.887949483259,6.887949483259,6.88794948327,6.88794948287,6.88794948327,6.8879494832,6.8879494832,6.8879494832,6.88794948327,6.88794948319,6.88794948319,6.88794948312,6.88794948312,6.88794948312,6.88794948312,6.88794948312,6.88794948312
"t93",4.99200676759,4.99200676759,4.9920067672,4.9920067672,4.9920067668,4.9920067668,3.0131566618,0,0.1126629882,1.73460807641,1.7346080764,1.7346080764,2.0937408662,2.5902674368,2.5902674368,2.5902674367,2.5902674367,3.7119614657,3.7119614653,3.7119614653,3.71196146534,3.71196146534,5.252644772,5.2526447722,5.2526447722,5.2526447722,5.2526447722,5.252644772,5.252644772,5.252644772,5.252644772,5.7102832027,5.7102832027,5.710283203,6.887949482959,6.887949482959,6.887949482959,6.887949483059,6.887949483059,6.887949483159,6.887949483159,6.887949483159,6.887949483239,6.887949483239,6.887949483159,6.887949483159,6.887949483559,6.887949483259,6.887949483259,6.887949483249,6.887949483249,6.887949483259,6.887949483259,6.887949483259,6.887949483259,6.887949483259,6.887949482849,6.887949482849,6.887949482949,6.887949482649,6.887949482729,6.887949482729,6.887949482729,6.887949483149,6.887949482959,6.887949482959,6.887949482959,6.887949482659,6.887949482919,6.887949482919,6.887949482919,6.887949482919,6.887949482919,6.887949483559,6.887949483559,6.887949483659,6.887949483659,6.88794948307,6.88794948307,6.88794948305,6.88794948305,6.88794948307,6.88794948307,6.887949483059,6.887949483059,6.88794948307,6.88794948267,6.88794948307,6.887949483,6.887949483,6.887949483,6.88794948307,6.88794948299,6.88794948299,6.88794948292,6.88794948292,6.88794948292,6.88794948292,6.88794948292,6.88794948292
"t94",4.99200676759,4.99200676759,4.9920067672,4.9920067672,4.9920067668,4.9920067668,3.0131566618,0.1126629882,0,1.73460807641,1.7346080764,1.7346080764,2.0937408662,2.5902674368,2.5902674368,2.5902674367,2.5902674367,3.7119614657,3.7119614653,3.7119614653,3.71196146534,3.71196146534,5.252644772,5.2526447722,5.2526447722,5.2526447722,5.2526447722,5.252644772,5.252644772,5.252644772,5.252644772,5.7102832027,5.7102832027,5.710283203,6.887949482959,6.887949482959,6.887949482959,6.887949483059,6.887949483059,6.887949483159,6.887949483159,6.887949483159,6.887949483239,6.887949483239,6.887949483159,6.887949483159,6.887949483559,6.887949483259,6.887949483259,6.887949483249,6.887949483249,6.887949483259,6.887949483259,6.887949483259,6.887949483259,6.887949483259,6.887949482849,6.887949482849,6.887949482949,6.887949482649,6.887949482729,6.887949482729,6.887949482729,6.887949483149,6.887949482959,6.887949482959,6.887949482959,6.887949482659,6.887949482919,6.887949482919,6.887949482919,6.887949482919,6.887949482919,6.887949483559,6.887949483559,6.887949483659,6.887949483659,6.88794948307,6.88794948307,6.88794948305,6.88794948305,6.88794948307,6.88794948307,6.887949483059,6.887949483059,6.88794948307,6.88794948267,6.88794948307,6.887949483,6.887949483,6.887949483,6.88794948307,6.88794948299,6.88794948299,6.88794948292,6.88794948292,6.88794948292,6.88794948292,6.88794948292,6.88794948292
"t22",4.9920067676,4.9920067676,4.99200676721,4.99200676721,4.99200676681,4.99200676681,3.01315666181,1.73460807641,1.73460807641,0,1.61869561659,1.61869561659,2.09374086621,2.59026743681,2.59026743681,2.59026743671,2.59026743671,3.71196146571,3.71196146531,3.71196146531,3.71196146535,3.71196146535,5.25264477201,5.25264477221,5.25264477221,5.25264477221,5.25264477221,5.25264477201,5.25264477201,5.25264477201,5.25264477201,5.71028320271,5.71028320271,5.71028320301,6.887949482969,6.887949482969,6.887949482969,6.887949483069,6.887949483069,6.887949483169,6.887949483169,6.887949483169,6.887949483249,6.887949483249,6.887949483169,6.887949483169,6.887949483569,6.887949483269,6.887949483269,6.887949483259,6.887949483259,6.887949483269,6.887949483269,6.887949483269,6.887949483269,6.887949483269,6.887949482859,6.887949482859,6.887949482959,6.887949482659,6.887949482739,6.887949482739,6.887949482739,6.887949483159,6.887949482969,6.887949482969,6.887949482969,6.887949482669,6.887949482929,6.887949482929,6.887949482929,6.887949482929,6.887949482929,6.887949483569,6.887949483569,6.887949483669,6.887949483669,6.88794948308,6.88794948308,6.88794948306,6.88794948306,6.88794948308,6.88794948308,6.887949483069,6.887949483069,6.88794948308,6.88794948268,6.88794948308,6.88794948301,6.88794948301,6.88794948301,6.88794948308,6.887949483,6.887949483,6.88794948293,6.88794948293,6.88794948293,6.88794948293,6.88794948293,6.88794948293
"t99",4.99200676759,4.99200676759,4.9920067672,4.9920067672,4.9920067668,4.9920067668,3.0131566618,1.7346080764,1.7346080764,1.61869561659,0,0.02606276038,2.0937408662,2.5902674368,2.5902674368,2.5902674367,2.5902674367,3.7119614657,3.7119614653,3.7119614653,3.71196146534,3.71196146534,5.252644772,5.2526447722,5.2526447722,5.2526447722,5.2526447722,5.252644772,5.252644772,5.252644772,5.252644772,5.7102832027,5.7102832027,5.710283203,6.887949482959,6.887949482959,6.887949482959,6.887949483059,6.887949483059,6.887949483159,6.887949483159,6.887949483159,6.887949483239,6.887949483239,6.887949483159,6.887949483159,6.887949483559,6.887949483259,6.887949483259,6.887949483249,6.887949483249,6.887949483259,6.887949483259,6.887949483259,6.887949483259,6.887949483259,6.887949482849,6.887949482849,6.887949482949,6.887949482649,6.887949482729,6.887949482729,6.887949482729,6.887949483149,6.887949482959,6.887949482959,6.887949482959,6.887949482659,6.887949482919,6.887949482919,6.887949482919,6.887949482919,6.887949482919,6.887949483559,6.887949483559,6.887949483659,6.887949483659,6.88794948307,6.88794948307,6.88794948305,6.88794948305,6.88794948307,6.88794948307,6.887949483059,6.887949483059,6.88794948307,6.88794948267,6.88794948307,6.887949483,6.887949483,6.887949483,6.88794948307,6.88794948299,6.88794948299,6.88794948292,6.88794948292,6.88794948292,6.88794948292,6.88794948292,6.88794948292
"t100",4.99200676759,4.99200676759,4.9920067672,4.9920067672,4.9920067668,4.9920067668,3.0131566618,1.7346080764,1.7346080764,1.61869561659,0.02606276038,0,2.0937408662,2.5902674368,2.5902674368,2.5902674367,2.5902674367,3.7119614657,3.7119614653,3.7119614653,3.71196146534,3.71196146534,5.252644772,5.2526447722,5.2526447722,5.2526447722,5.2526447722,5.252644772,5.252644772,5.252644772,5.252644772,5.7102832027,5.7102832027,5.710283203,6.887949482959,6.887949482959,6.887949482959,6.887949483059,6.887949483059,6.887949483159,6.887949483159,6.887949483159,6.887949483239,6.887949483239,6.887949483159,6.887949483159,6.887949483559,6.887949483259,6.887949483259,6.887949483249,6.887949483249,6.887949483259,6.887949483259,6.887949483259,6.887949483259,6.887949483259,6.887949482849,6.887949482849,6.887949482949,6.887949482649,6.887949482729,6.887949482729,6.887949482729,6.887949483149,6.887949482959,6.887949482959,6.887949482959,6.887949482659,6.887949482919,6.887949482919,6.887949482919,6.887949482919,6.887949482919,6.887949483559,6.887949483559,6.887949483659,6.887949483659,6.88794948307,6.88794948307,6.88794948305,6.88794948305,6.88794948307,6.88794948307,6.887949483059,6.887949483059,6.88794948307,6.88794948267,6.88794948307,6.887949483,6.887949483,6.887949483,6.88794948307,6.88794948299,6.88794948299,6.88794948292,6.88794948292,6.88794948292,6.88794948292,6.88794948292,6.88794948292
"t14",4.99200676739,4.99200676739,4.992006767,4.992006767,4.9920067666,4.9920067666,3.0131566616,2.0937408662,2.0937408662,2.09374086621,2.0937408662,2.0937408662,0,2.5902674366,2.5902674366,2.5902674365,2.5902674365,3.7119614655,3.7119614651,3.7119614651,3.71196146514,3.71196146514,5.2526447718,5.252644772,5.252644772,5.252644772,5.252644772,5.2526447718,5.2526447718,5.2526447718,5.2526447718,5.7102832025,5.7102832025,5.7102832028,6.887949482759,6.887949482759,6.887949482759,6.887949482859,6.887949482859,6.887949482959,6.887949482959,6.887949482959,6.887949483039,6.887949483039,6.887949482959,6.887949482959,6.887949483359,6.887949483059,6.887949483059,6.887949483049,6.887949483049,6.887949483059,6.887949483059,6.887949483059,6.887949483059,6.887949483059,6.887949482649,6.887949482649,6.887949482749,6.887949482449,6.887949482529,6.887949482529,6.887949482529,6.887949482949,6.887949482759,6.887949482759,6.887949482759,6.887949482459,6.887949482719,6.887949482719,6.887949482719,6.887949482719,6.887949482719,6.887949483359,6.887949483359,6.887949483459,6.887949483459,6.88794948287,6.88794948287,6.88794948285,6.88794948285,6.88794948287,6.88794948287,6.887949482859,6.887949482859,6.88794948287,6.88794948247,6.88794948287,6.8879494828,6.8879494828,6.8879494828,6.88794948287,6.88794948279,6.88794948279,6.88794948272,6.88794948272,6.88794948272,6.88794948272,6.88794948272,6.88794948272
"t68",4.99200676759,4.99200676759,4.9920067672,4.9920067672,4.9920067668,4.9920067668,3.0131566618,2.5902674368,2.5902674368,2.59026743681,2.5902674368,2.5902674368,2.5902674366,0,0.4889670166,1.9592638999,1.9592638999,3.7119614657,3.7119614653,3.7119614653,3.71196146534,3.71196146534,5.252644772,5.2526447722,5.2526447722,5.2526447722,5.2526447722,5.252644772,5.252644772,5.252644772,5.252644772,5.7102832027,5.7102832027,5.710283203,6.887949482959,6.887949482959,6.887949482959,6.887949483059,6.887949483059,6.887949483159,6.887949483159,6.887949483159,6.887949483239,6.887949483239,6.887949483159,6.887949483159,6.887949483559,6.887949483259,6.887949483259,6.887949483249,6.887949483249,6.887949483259,6.887949483259,6.887949483259,6.887949483259,6.887949483259,6.887949482849,6.887949482849,6.887949482949,6.887949482649,6.887949482729,6.887949482729,6.887949482729,6.887949483149,6.887949482959,6.887949482959,6.887949482959,6.887949482659,6.887949482919,6.887949482919,6.887949482919,6.887949482919,6.887949482919,6.887949483559,6.887949483559,6.887949483659,6.887949483659,6.88794948307,6.88794948307,6.88794948305,6.88794948305,6.88794948307,6.88794948307,6.887949483059,6.887949483059,6.88794948307,6.88794948267,6.88794948307,6.887949483,6.887949483,6.887949483,6.88794948307,6.88794948299,6.88794948299,6.88794948292,6.88794948292,6.88794948292,6.88794948292,6.88794948292,6.88794948292
"t69",4.99200676759,4.99200676759,4.9920067672,4.9920067672,4.9920067668,4.9920067668,3.0131566618,2.5902674368,2.5902674368,2.59026743681,2.5902674368,2.5902674368,2.5902674366,0.4889670166,0,1.9592638999,1.9592638999,3.7119614657,3.7119614653,3.7119614653,3.71196146534,3.71196146534,5.252644772,5.2526447722,5.2526447722,5.2526447722,5.2526447722,5.252644772,5.252644772,5.252644772,5.252644772,5.7102832027,5.7102832027,5.710283203,6.887949482959,6.887949482959,6.887949482959,6.887949483059,6.887949483059,6.887949483159,6.887949483159,6.887949483159,6.887949483239,6.887949483239,6.887949483159,6.887949483159,6.887949483559,6.887949483259,6.887949483259,6.887949483249,6.887949483249,6.887949483259,6.887949483259,6.887949483259,6.887949483259,6.887949483259,6.887949482849,6.887949482849,6.887949482949,6.887949482649,6.887949482729,6.887949482729,6.887949482729,6.887949483149,6.887949482959,6.887949482959,6.887949482959,6.887949482659,6.887949482919,6.887949482919,6.887949482919,6.887949482919,6.887949482919,6.887949483559,6.887949483559,6.887949483659,6.887949483659,6.88794948307,6.88794948307,6.88794948305,6.88794948305,6.88794948307,6.88794948307,6.887949483059,6.887949483059,6.88794948307,6.88794948267,6.88794948307,6.887949483,6.887949483,6.887949483,6.88794948307,6.88794948299,6.88794948299,6.88794948292,6.88794948292,6.88794948292,6.88794948292,6.88794948292,6.88794948292
"t33",4.99200676749,4.99200676749,4.9920067671,4.9920067671,4.9920067667,4.9920067667,3.0131566617,2.5902674367,2.5902674367,2.59026743671,2.5902674367,2.5902674367,2.5902674365,1.9592638999,1.9592638999,0,1.2056059508,3.7119614656,3.7119614652,3.7119614652,3.71196146524,3.71196146524,5.2526447719,5.2526447721,5.2526447721,5.2526447721,5.2526447721,5.2526447719,5.2526447719,5.2526447719,5.2526447719,5.7102832026,5.7102832026,5.7102832029,6.887949482859,6.887949482859,6.887949482859,6.887949482959,6.887949482959,6.887949483059,6.887949483059,6.887949483059,6.887949483139,6.887949483139,6.887949483059,6.887949483059,6.887949483459,6.887949483159,6.887949483159,6.887949483149,6.887949483149,6.887949483159,6.887949483159,6.887949483159,6.887949483159,6.887949483159,6.887949482749,6.887949482749,6.887949482849,6.887949482549,6.887949482629,6.887949482629,6.887949482629,6.887949483049,6.887949482859,6.887949482859,6.887949482859,6.887949482559,6.887949482819,6.887949482819,6.887949482819,6.887949482819,6.887949482819,6.887949483459,6.887949483459,6.887949483559,6.887949483559,6.88794948297,6.88794948297,6.88794948295,6.88794948295,6.88794948297,6.88794948297,6.887949482959,6.887949482959,6.88794948297,6.88794948257,6.88794948297,6.8879494829,6.8879494829,6.8879494829,6.88794948297,6.88794948289,6.88794948289,6.88794948282,6.88794948282,6.88794948282,6.88794948282,6.88794948282,6.88794948282
"t34",4.99200676749,4.99200676749,4.9920067671,4.9920067671,4.9920067667,4.9920067667,3.0131566617,2.5902674367,2.5902674367,2.59026743671,2.5902674367,2.5902674367,2.5902674365,1.9592638999,1.9592638999,1.2056059508,0,3.7119614656,3.7119614652,3.7119614652,3.71196146524,3.71196146524,5.2526447719,5.2526447721,5.2526447721,5.2526447721,5.2526447721,5.2526447719,5.2526447719,5.2526447719,5.2526447719,5.7102832026,5.7102832026,5.7102832029,6.887949482859,6.887949482859,6.887949482859,6.887949482959,6.887949482959,6.887949483059,6.887949483059,6.887949483059,6.887949483139,6.887949483139,6.887949483059,6.887949483059,6.887949483459,6.887949483159,6.887949483159,6.887949483149,6.887949483149,6.887949483159,6.887949483159,6.887949483159,6.887949483159,6.887949483159,6.887949482749,6.887949482749,6.887949482849,6.887949482549,6.887949482629,6.887949482629,6.887949482629,6.887949483049,6.887949482859,6.887949482859,6.887949482859,6.887949482559,6.887949482819,6.887949482819,6.887949482819,6.887949482819,6.887949482819,6.887949483459,6.887949483459,6.887949483559,6.887949483559,6.88794948297,6.88794948297,6.88794948295,6.88794948295,6.88794948297,6.88794948297,6.887949482959,6.887949482959,6.88794948297,6.88794948257,6.88794948297,6.8879494829,6.8879494829,6.8879494829,6.88794948297,6.88794948289,6.88794948289,6.88794948282,6.88794948282,6.88794948282,6.88794948282,6.88794948282,6.88794948282
"t8",4.99200676809,4.99200676809,4.9920067677,4.9920067677,4.9920067673,4.9920067673,3.7119614659,3.7119614657,3.7119614657,3.71196146571,3.7119614657,3.7119614657,3.7119614655,3.7119614657,3.7119614657,3.7119614656,3.7119614656,0,2.6048246076,2.6048246076,2.60482460764,2.60482460764,5.2526447725,5.2526447727,5.2526447727,5.2526447727,5.2526447727,5.2526447725,5.2526447725,5.2526447725,5.2526447725,5.7102832032,5.7102832032,5.7102832035,6.887949483459,6.887949483459,6.887949483459,6.887949483559,6.887949483559,6.887949483659,6.887949483659,6.887949483659,6.887949483739,6.887949483739,6.887949483659,6.887949483659,6.887949484059,6.887949483759,6.887949483759,6.887949483749,6.887949483749,6.887949483759,6.887949483759,6.887949483759,6.887949483759,6.887949483759,6.887949483349,6.887949483349,6.887949483449,6.887949483149,6.887949483229,6.887949483229,6.887949483229,6.887949483649,6.887949483459,6.887949483459,6.887949483459,6.887949483159,6.887949483419,6.887949483419,6.887949483419,6.887949483419,6.887949483419,6.887949484059,6.887949484059,6.887949484159,6.887949484159,6.88794948357,6.88794948357,6.88794948355,6.88794948355,6.88794948357,6.88794948357,6.887949483559,6.887949483559,6.88794948357,6.88794948317,6.88794948357,6.8879494835,6.8879494835,6.8879494835,6.88794948357,6.88794948349,6.88794948349,6.88794948342,6.88794948342,6.88794948342,6.88794948342,6.88794948342,6.88794948342
"t25",4.99200676769,4.99200676769,4.9920067673,4.9920067673,4.9920067669,4.9920067669,3.7119614655,3.7119614653,3.7119614653,3.71196146531,3.7119614653,3.7119614653,3.7119614651,3.7119614653,3.7119614653,3.7119614652,3.7119614652,2.6048246076,0,1.5808712168,1.58087121684,1.58087121684,5.2526447721,5.2526447723,5.2526447723,5.2526447723,5.2526447723,5.2526447721,5.2526447721,5.2526447721,5.2526447721,5.7102832028,5.7102832028,5.7102832031,6.887949483059,6.887949483059,6.887949483059,6.887949483159,6.887949483159,6.887949483259,6.887949483259,6.887949483259,6.887949483339,6.887949483339,6.887949483259,6.887949483259,6.887949483659,6.887949483359,6.887949483359,6.887949483349,6.887949483349,6.887949483359,6.887949483359,6.887949483359,6.887949483359,6.887949483359,6.887949482949,6.887949482949,6.887949483049,6.887949482749,6.887949482829,6.887949482829,6.887949482829,6.887949483249,6.887949483059,6.887949483059,6.887949483059,6.887949482759,6.887949483019,6.887949483019,6.887949483019,6.887949483019,6.887949483019,6.887949483659,6.887949483659,6.887949483759,6.887949483759,6.88794948317,6.88794948317,6.88794948315,6.88794948315,6.88794948317,6.88794948317,6.887949483159,6.887949483159,6.88794948317,6.88794948277,6.88794948317,6.8879494831,6.8879494831,6.8879494831,6.88794948317,6.88794948309,6.88794948309,6.88794948302,6.88794948302,6.88794948302,6.88794948302,6.88794948302,6.88794948302
"t67",4.99200676769,4.99200676769,4.9920067673,4.9920067673,4.9920067669,4.9920067669,3.7119614655,3.7119614653,3.7119614653,3.71196146531,3.7119614653,3.7119614653,3.7119614651,3.7119614653,3.7119614653,3.7119614652,3.7119614652,2.6048246076,1.5808712168,0,0.53469348784,0.53469348784,5.2526447721,5.2526447723,5.2526447723,5.2526447723,5.2526447723,5.2526447721,5.2526447721,5.2526447721,5.2526447721,5.7102832028,5.7102832028,5.7102832031,6.887949483059,6.887949483059,6.887949483059,6.887949483159,6.887949483159,6.887949483259,6.887949483259,6.887949483259,6.887949483339,6.887949483339,6.887949483259,6.887949483259,6.887949483659,6.887949483359,6.887949483359,6.887949483349,6.887949483349,6.887949483359,6.887949483359,6.887949483359,6.887949483359,6.887949483359,6.887949482949,6.887949482949,6.887949483049,6.887949482749,6.887949482829,6.887949482829,6.887949482829,6.887949483249,6.887949483059,6.887949483059,6.887949483059,6.887949482759,6.887949483019,6.887949483019,6.887949483019,6.887949483019,6.887949483019,6.887949483659,6.887949483659,6.887949483759,6.887949483759,6.88794948317,6.88794948317,6.88794948315,6.88794948315,6.88794948317,6.88794948317,6.887949483159,6.887949483159,6.88794948317,6.88794948277,6.88794948317,6.8879494831,6.8879494831,6.8879494831,6.88794948317,6.88794948309,6.88794948309,6.88794948302,6.88794948302,6.88794948302,6.88794948302,6.88794948302,6.88794948302
"t78",4.99200676773,4.99200676773,4.99200676734,4.99200676734,4.99200676694,4.99200676694,3.71196146554,3.71196146534,3.71196146534,3.71196146535,3.71196146534,3.71196146534,3.71196146514,3.71196146534,3.71196146534,3.71196146524,3.71196146524,2.60482460764,1.58087121684,0.53469348784,0,0.3640126658,5.25264477214,5.25264477234,5.25264477234,5.25264477234,5.25264477234,5.25264477214,5.25264477214,5.25264477214,5.25264477214,5.71028320284,5.71028320284,5.71028320314,6.887949483099,6.887949483099,6.887949483099,6.887949483199,6.887949483199,6.887949483299,6.887949483299,6.887949483299,6.887949483379,6.887949483379,6.887949483299,6.887949483299,6.887949483699,6.887949483399,6.887949483399,6.887949483389,6.887949483389,6.887949483399,6.887949483399,6.887949483399,6.887949483399,6.887949483399,6.887949482989,6.887949482989,6.887949483089,6.887949482789,6.887949482869,6.887949482869,6.887949482869,6.887949483289,6.887949483099,6.887949483099,6.887949483099,6.887949482799,6.887949483059,6.887949483059,6.887949483059,6.887949483059,6.887949483059,6.887949483699,6.887949483699,6.887949483799,6.887949483799,6.88794948321,6.88794948321,6.88794948319,6.88794948319,6.88794948321,6.88794948321,6.887949483199,6.887949483199,6.88794948321,6.88794948281,6.88794948321,6.88794948314,6.88794948314,6.88794948314,6.88794948321,6.88794948313,6.88794948313,6.88794948306,6.88794948306,6.88794948306,6.88794948306,6.88794948306,6.88794948306
"t79",4.99200676773,4.99200676773,4.99200676734,4.99200676734,4.99200676694,4.99200676694,3.71196146554,3.71196146534,3.71196146534,3.71196146535,3.71196146534,3.71196146534,3.71196146514,3.71196146534,3.71196146534,3.71196146524,3.71196146524,2.60482460764,1.58087121684,0.53469348784,0.3640126658,0,5.25264477214,5.25264477234,5.25264477234,5.25264477234,5.25264477234,5.25264477214,5.25264477214,5.25264477214,5.25264477214,5.71028320284,5.71028320284,5.71028320314,6.887949483099,6.887949483099,6.887949483099,6.887949483199,6.887949483199,6.887949483299,6.887949483299,6.887949483299,6.887949483379,6.887949483379,6.887949483299,6.887949483299,6.887949483699,6.887949483399,6.887949483399,6.887949483389,6.887949483389,6.887949483399,6.887949483399,6.887949483399,6.887949483399,6.887949483399,6.887949482989,6.887949482989,6.887949483089,6.887949482789,6.887949482869,6.887949482869,6.887949482869,6.887949483289,6.887949483099,6.887949483099,6.887949483099,6.887949482799,6.887949483059,6.887949483059,6.887949483059,6.887949483059,6.887949483059,6.887949483699,6.887949483699,6.887949483799,6.887949483799,6.88794948321,6.88794948321,6.88794948319,6.88794948319,6.88794948321,6.88794948321,6.887949483199,6.887949483199,6.88794948321,6.88794948281,6.88794948321,6.88794948314,6.88794948314,6.88794948314,6.88794948321,6.88794948313,6.88794948313,6.88794948306,6.88794948306,6.88794948306,6.88794948306,6.88794948306,6.88794948306
"t9",5.25264477259,5.25264477259,5.2526447722,5.2526447722,5.2526447718,5.2526447718,5.2526447722,5.252644772,5.252644772,5.25264477201,5.252644772,5.252644772,5.2526447718,5.252644772,5.252644772,5.2526447719,5.2526447719,5.2526447725,5.2526447721,5.2526447721,5.25264477214,5.25264477214,0,2.5720191402,2.5720191402,2.5720191402,2.5720191402,3.8869440624,3.8869440624,3.8869440624,3.8869440624,5.7102832027,5.7102832027,5.710283203,6.887949482959,6.887949482959,6.887949482959,6.887949483059,6.887949483059,6.887949483159,6.887949483159,6.887949483159,6.887949483239,6.887949483239,6.887949483159,6.887949483159,6.887949483559,6.887949483259,6.887949483259,6.887949483249,6.887949483249,6.887949483259,6.887949483259,6.887949483259,6.887949483259,6.887949483259,6.887949482849,6.887949482849,6.887949482949,6.887949482649,6.887949482729,6.887949482729,6.887949482729,6.887949483149,6.887949482959,6.887949482959,6.887949482959,6.887949482659,6.887949482919,6.887949482919,6.887949482919,6.887949482919,6.887949482919,6.887949483559,6.887949483559,6.887949483659,6.887949483659,6.88794948307,6.88794948307,6.88794948305,6.88794948305,6.88794948307,6.88794948307,6.887949483059,6.887949483059,6.88794948307,6.88794948267,6.88794948307,6.887949483,6.887949483,6.887949483,6.88794948307,6.88794948299,6.88794948299,6.88794948292,6.88794948292,6.88794948292,6.88794948292,6.88794948292,6.88794948292
"t36",5.25264477279,5.25264477279,5.2526447724,5.2526447724,5.252644772,5.252644772,5.2526447724,5.2526447722,5.2526447722,5.25264477221,5.2526447722,5.2526447722,5.252644772,5.2526447722,5.2526447722,5.2526447721,5.2526447721,5.2526447727,5.2526447723,5.2526447723,5.25264477234,5.25264477234,2.5720191402,0,1.151235102,2.1915083946,2.1915083946,3.8869440626,3.8869440626,3.8869440626,3.8869440626,5.7102832029,5.7102832029,5.7102832032,6.887949483159,6.887949483159,6.887949483159,6.887949483259,6.887949483259,6.887949483359,6.887949483359,6.887949483359,6.887949483439,6.887949483439,6.887949483359,6.887949483359,6.887949483759,6.887949483459,6.887949483459,6.887949483449,6.887949483449,6.887949483459,6.887949483459,6.887949483459,6.887949483459,6.887949483459,6.887949483049,6.887949483049,6.887949483149,6.887949482849,6.887949482929,6.887949482929,6.887949482929,6.887949483349,6.887949483159,6.887949483159,6.887949483159,6.887949482859,6.887949483119,6.887949483119,6.887949483119,6.887949483119,6.887949483119,6.887949483759,6.887949483759,6.887949483859,6.887949483859,6.88794948327,6.88794948327,6.88794948325,6.88794948325,6.88794948327,6.88794948327,6.887949483259,6.887949483259,6.88794948327,6.88794948287,6.88794948327,6.8879494832,6.8879494832,6.8879494832,6.88794948327,6.88794948319,6.88794948319,6.88794948312,6.88794948312,6.88794948312,6.88794948312,6.88794948312,6.88794948312
"t37",5.25264477279,5.25264477279,5.2526447724,5.2526447724,5.252644772,5.252644772,5.2526447724,5.2526447722,5.2526447722,5.25264477221,5.2526447722,5.2526447722,5.252644772,5.2526447722,5.2526447722,5.2526447721,5.2526447721,5.2526447727,5.2526447723,5.2526447723,5.25264477234,5.25264477234,2.5720191402,1.151235102,0,2.1915083946,2.1915083946,3.8869440626,3.8869440626,3.8869440626,3.8869440626,5.7102832029,5.7102832029,5.7102832032,6.887949483159,6.887949483159,6.887949483159,6.887949483259,6.887949483259,6.887949483359,6.887949483359,6.887949483359,6.887949483439,6.887949483439,6.887949483359,6.887949483359,6.887949483759,6.887949483459,6.887949483459,6.887949483449,6.887949483449,6.887949483459,6.887949483459,6.887949483459,6.887949483459,6.887949483459,6.887949483049,6.887949483049,6.887949483149,6.887949482849,6.887949482929,6.887949482929,6.887949482929,6.887949483349,6.887949483159,6.887949483159,6.887949483159,6.887949482859,6.887949483119,6.887949483119,6.887949483119,6.887949483119,6.887949483119,6.887949483759,6.887949483759,6.887949483859,6.887949483859,6.88794948327,6.88794948327,6.88794948325,6.88794948325,6.88794948327,6.88794948327,6.887949483259,6.887949483259,6.88794948327,6.88794948287,6.88794948327,6.8879494832,6.8879494832,6.8879494832,6.88794948327,6.88794948319,6.88794948319,6.88794948312,6.88794948312,6.88794948312,6.88794948312,6.88794948312,6.88794948312
"t63",5.25264477279,5.25264477279,5.2526447724,5.2526447724,5.252644772,5.252644772,5.2526447724,5.2526447722,5.2526447722,5.25264477221,5.2526447722,5.2526447722,5.252644772,5.2526447722,5.2526447722,5.2526447721,5.2526447721,5.2526447727,5.2526447723,5.2526447723,5.25264477234,5.25264477234,2.5720191402,2.1915083946,2.1915083946,0,0.653697091,3.8869440626,3.8869440626,3.8869440626,3.8869440626,5.7102832029,5.7102832029,5.7102832032,6.887949483159,6.887949483159,6.887949483159,6.887949483259,6.887949483259,6.887949483359,6.887949483359,6.887949483359,6.887949483439,6.887949483439,6.887949483359,6.887949483359,6.887949483759,6.887949483459,6.887949483459,6.887949483449,6.887949483449,6.887949483459,6.887949483459,6.887949483459,6.887949483459,6.887949483459,6.887949483049,6.887949483049,6.887949483149,6.887949482849,6.887949482929,6.887949482929,6.887949482929,6.887949483349,6.887949483159,6.887949483159,6.887949483159,6.887949482859,6.887949483119,6.887949483119,6.887949483119,6.887949483119,6.887949483119,6.887949483759,6.887949483759,6.887949483859,6.887949483859,6.88794948327,6.88794948327,6.88794948325,6.88794948325,6.88794948327,6.88794948327,6.887949483259,6.887949483259,6.88794948327,6.88794948287,6.88794948327,6.8879494832,6.8879494832,6.8879494832,6.88794948327,6.88794948319,6.88794948319,6.88794948312,6.88794948312,6.88794948312,6.88794948312,6.88794948312,6.88794948312
"t64",5.25264477279,5.25264477279,5.2526447724,5.2526447724,5.252644772,5.252644772,5.2526447724,5.2526447722,5.2526447722,5.25264477221,5.2526447722,5.2526447722,5.252644772,5.2526447722,5.2526447722,5.2526447721,5.2526447721,5.2526447727,5.2526447723,5.2526447723,5.25264477234,5.25264477234,2.5720191402,2.1915083946,2.1915083946,0.653697091,0,3.8869440626,3.8869440626,3.8869440626,3.8869440626,5.7102832029,5.7102832029,5.7102832032,6.887949483159,6.887949483159,6.887949483159,6.887949483259,6.887949483259,6.887949483359,6.887949483359,6.887949483359,6.887949483439,6.887949483439,6.887949483359,6.887949483359,6.887949483759,6.887949483459,6.887949483459,6.887949483449,6.887949483449,6.887949483459,6.887949483459,6.887949483459,6.887949483459,6.887949483459,6.887949483049,6.887949483049,6.887949483149,6.887949482849,6.887949482929,6.887949482929,6.887949482929,6.887949483349,6.887949483159,6.887949483159,6.887949483159,6.887949482859,6.887949483119,6.887949483119,6.887949483119,6.887949483119,6.887949483119,6.887949483759,6.887949483759,6.887949483859,6.887949483859,6.88794948327,6.88794948327,6.88794948325,6.88794948325,6.88794948327,6.88794948327,6.887949483259,6.887949483259,6.88794948327,6.88794948287,6.88794948327,6.8879494832,6.8879494832,6.8879494832,6.88794948327,6.88794948319,6.88794948319,6.88794948312,6.88794948312,6.88794948312,6.88794948312,6.88794948312,6.88794948312
"t55",5.25264477259,5.25264477259,5.2526447722,5.2526447722,5.2526447718,5.2526447718,5.2526447722,5.252644772,5.252644772,5.25264477201,5.252644772,5.252644772,5.2526447718,5.252644772,5.252644772,5.2526447719,5.2526447719,5.2526447725,5.2526447721,5.2526447721,5.25264477214,5.25264477214,3.8869440624,3.8869440626,3.8869440626,3.8869440626,3.8869440626,0,0.7810113744,1.3989111104,1.3989111104,5.7102832027,5.7102832027,5.710283203,6.887949482959,6.887949482959,6.887949482959,6.887949483059,6.887949483059,6.887949483159,6.887949483159,6.887949483159,6.887949483239,6.887949483239,6.887949483159,6.887949483159,6.887949483559,6.887949483259,6.887949483259,6.887949483249,6.887949483249,6.887949483259,6.887949483259,6.887949483259,6.887949483259,6.887949483259,6.887949482849,6.887949482849,6.887949482949,6.887949482649,6.887949482729,6.887949482729,6.887949482729,6.887949483149,6.887949482959,6.887949482959,6.887949482959,6.887949482659,6.887949482919,6.887949482919,6.887949482919,6.887949482919,6.887949482919,6.887949483559,6.887949483559,6.887949483659,6.887949483659,6.88794948307,6.88794948307,6.88794948305,6.88794948305,6.88794948307,6.88794948307,6.887949483059,6.887949483059,6.88794948307,6.88794948267,6.88794948307,6.887949483,6.887949483,6.887949483,6.88794948307,6.88794948299,6.88794948299,6.88794948292,6.88794948292,6.88794948292,6.88794948292,6.88794948292,6.88794948292
"t56",5.25264477259,5.25264477259,5.2526447722,5.2526447722,5.2526447718,5.2526447718,5.2526447722,5.252644772,5.252644772,5.25264477201,5.252644772,5.252644772,5.2526447718,5.252644772,5.252644772,5.2526447719,5.2526447719,5.2526447725,5.2526447721,5.2526447721,5.25264477214,5.25264477214,3.8869440624,3.8869440626,3.8869440626,3.8869440626,3.8869440626,0.7810113744,0,1.3989111104,1.3989111104,5.7102832027,5.7102832027,5.710283203,6.887949482959,6.887949482959,6.887949482959,6.887949483059,6.887949483059,6.887949483159,6.887949483159,6.887949483159,6.887949483239,6.887949483239,6.887949483159,6.887949483159,6.887949483559,6.887949483259,6.887949483259,6.887949483249,6.887949483249,6.887949483259,6.887949483259,6.887949483259,6.887949483259,6.887949483259,6.887949482849,6.887949482849,6.887949482949,6.887949482649,6.887949482729,6.887949482729,6.887949482729,6.887949483149,6.887949482959,6.887949482959,6.887949482959,6.887949482659,6.887949482919,6.887949482919,6.887949482919,6.887949482919,6.887949482919,6.887949483559,6.887949483559,6.887949483659,6.887949483659,6.88794948307,6.88794948307,6.88794948305,6.88794948305,6.88794948307,6.88794948307,6.887949483059,6.887949483059,6.88794948307,6.88794948267,6.88794948307,6.887949483,6.887949483,6.887949483,6.88794948307,6.88794948299,6.88794948299,6.88794948292,6.88794948292,6.88794948292,6.88794948292,6.88794948292,6.88794948292
"t89",5.25264477259,5.25264477259,5.2526447722,5.2526447722,5.2526447718,5.2526447718,5.2526447722,5.252644772,5.252644772,5.25264477201,5.252644772,5.252644772,5.2526447718,5.252644772,5.252644772,5.2526447719,5.2526447719,5.2526447725,5.2526447721,5.2526447721,5.25264477214,5.25264477214,3.8869440624,3.8869440626,3.8869440626,3.8869440626,3.8869440626,1.3989111104,1.3989111104,0,0.2137188092,5.7102832027,5.7102832027,5.710283203,6.887949482959,6.887949482959,6.887949482959,6.887949483059,6.887949483059,6.887949483159,6.887949483159,6.887949483159,6.887949483239,6.887949483239,6.887949483159,6.887949483159,6.887949483559,6.887949483259,6.887949483259,6.887949483249,6.887949483249,6.887949483259,6.887949483259,6.887949483259,6.887949483259,6.887949483259,6.887949482849,6.887949482849,6.887949482949,6.887949482649,6.887949482729,6.887949482729,6.887949482729,6.887949483149,6.887949482959,6.887949482959,6.887949482959,6.887949482659,6.887949482919,6.887949482919,6.887949482919,6.887949482919,6.887949482919,6.887949483559,6.887949483559,6.887949483659,6.887949483659,6.88794948307,6.88794948307,6.88794948305,6.88794948305,6.88794948307,6.88794948307,6.887949483059,6.887949483059,6.88794948307,6.88794948267,6.88794948307,6.887949483,6.887949483,6.887949483,6.88794948307,6.88794948299,6.88794948299,6.88794948292,6.88794948292,6.88794948292,6.88794948292,6.88794948292,6.88794948292
"t90",5.25264477259,5.25264477259,5.2526447722,5.2526447722,5.2526447718,5.2526447718,5.2526447722,5.252644772,5.252644772,5.25264477201,5.252644772,5.252644772,5.2526447718,5.252644772,5.252644772,5.2526447719,5.2526447719,5.2526447725,5.2526447721,5.2526447721,5.25264477214,5.25264477214,3.8869440624,3.8869440626,3.8869440626,3.8869440626,3.8869440626,1.3989111104,1.3989111104,0.2137188092,0,5.7102832027,5.7102832027,5.710283203,6.887949482959,6.887949482959,6.887949482959,6.887949483059,6.887949483059,6.887949483159,6.887949483159,6.887949483159,6.887949483239,6.887949483239,6.887949483159,6.887949483159,6.887949483559,6.887949483259,6.887949483259,6.887949483249,6.887949483249,6.887949483259,6.887949483259,6.887949483259,6.887949483259,6.887949483259,6.887949482849,6.887949482849,6.887949482949,6.887949482649,6.887949482729,6.887949482729,6.887949482729,6.887949483149,6.887949482959,6.887949482959,6.887949482959,6.887949482659,6.887949482919,6.887949482919,6.887949482919,6.887949482919,6.887949482919,6.887949483559,6.887949483559,6.887949483659,6.887949483659,6.88794948307,6.88794948307,6.88794948305,6.88794948305,6.88794948307,6.88794948307,6.887949483059,6.887949483059,6.88794948307,6.88794948267,6.88794948307,6.887949483,6.887949483,6.887949483,6.88794948307,6.88794948299,6.88794948299,6.88794948292,6.88794948292,6.88794948292,6.88794948292,6.88794948292,6.88794948292
"t45",5.71028320329,5.71028320329,5.7102832029,5.7102832029,5.7102832025,5.7102832025,5.7102832029,5.7102832027,5.7102832027,5.71028320271,5.7102832027,5.7102832027,5.7102832025,5.7102832027,5.7102832027,5.7102832026,5.7102832026,5.7102832032,5.7102832028,5.7102832028,5.71028320284,5.71028320284,5.7102832027,5.7102832029,5.7102832029,5.7102832029,5.7102832029,5.7102832027,5.7102832027,5.7102832027,5.7102832027,0,0.8866576974,3.3878257717,6.887949483659,6.887949483659,6.887949483659,6.887949483759,6.887949483759,6.887949483859,6.887949483859,6.887949483859,6.887949483939,6.887949483939,6.887949483859,6.887949483859,6.887949484259,6.887949483959,6.887949483959,6.887949483949,6.887949483949,6.887949483959,6.887949483959,6.887949483959,6.887949483959,6.887949483959,6.887949483549,6.887949483549,6.887949483649,6.887949483349,6.887949483429,6.887949483429,6.887949483429,6.887949483849,6.887949483659,6.887949483659,6.887949483659,6.887949483359,6.887949483619,6.887949483619,6.887949483619,6.887949483619,6.887949483619,6.887949484259,6.887949484259,6.887949484359,6.887949484359,6.88794948377,6.88794948377,6.88794948375,6.88794948375,6.88794948377,6.88794948377,6.887949483759,6.887949483759,6.88794948377,6.88794948337,6.88794948377,6.8879494837,6.8879494837,6.8879494837,6.88794948377,6.88794948369,6.88794948369,6.88794948362,6.88794948362,6.88794948362,6.88794948362,6.88794948362,6.88794948362
"t46",5.71028320329,5.71028320329,5.7102832029,5.7102832029,5.7102832025,5.7102832025,5.7102832029,5.7102832027,5.7102832027,5.71028320271,5.7102832027,5.7102832027,5.7102832025,5.7102832027,5.7102832027,5.7102832026,5.7102832026,5.7102832032,5.7102832028,5.7102832028,5.71028320284,5.71028320284,5.7102832027,5.7102832029,5.7102832029,5.7102832029,5.7102832029,5.7102832027,5.7102832027,5.7102832027,5.7102832027,0.8866576974,0,3.3878257717,6.887949483659,6.887949483659,6.887949483659,6.887949483759,6.887949483759,6.887949483859,6.887949483859,6.887949483859,6.887949483939,6.887949483939,6.887949483859,6.887949483859,6.887949484259,6.887949483959,6.887949483959,6.887949483949,6.887949483949,6.887949483959,6.887949483959,6.887949483959,6.887949483959,6.887949483959,6.887949483549,6.887949483549,6.887949483649,6.887949483349,6.887949483429,6.887949483429,6.887949483429,6.887949483849,6.887949483659,6.887949483659,6.887949483659,6.887949483359,6.887949483619,6.887949483619,6.887949483619,6.887949483619,6.887949483619,6.887949484259,6.887949484259,6.887949484359,6.887949484359,6.88794948377,6.88794948377,6.88794948375,6.88794948375,6.88794948377,6.88794948377,6.887949483759,6.887949483759,6.88794948377,6.88794948337,6.88794948377,6.8879494837,6.8879494837,6.8879494837,6.88794948377,6.88794948369,6.88794948369,6.88794948362,6.88794948362,6.88794948362,6.88794948362,6.88794948362,6.88794948362
"t3",5.71028320359,5.71028320359,5.7102832032,5.7102832032,5.7102832028,5.7102832028,5.7102832032,5.710283203,5.710283203,5.71028320301,5.710283203,5.710283203,5.7102832028,5.710283203,5.710283203,5.7102832029,5.7102832029,5.7102832035,5.7102832031,5.7102832031,5.71028320314,5.71028320314,5.710283203,5.7102832032,5.7102832032,5.7102832032,5.7102832032,5.710283203,5.710283203,5.710283203,5.710283203,3.3878257717,3.3878257717,0,6.887949483959,6.887949483959,6.887949483959,6.887949484059,6.887949484059,6.887949484159,6.887949484159,6.887949484159,6.887949484239,6.887949484239,6.887949484159,6.887949484159,6.887949484559,6.887949484259,6.887949484259,6.887949484249,6.887949484249,6.887949484259,6.887949484259,6.887949484259,6.887949484259,6.887949484259,6.887949483849,6.887949483849,6.887949483949,6.887949483649,6.887949483729,6.887949483729,6.887949483729,6.887949484149,6.887949483959,6.887949483959,6.887949483959,6.887949483659,6.887949483919,6.887949483919,6.887949483919,6.887949483919,6.887949483919,6.887949484559,6.887949484559,6.887949484659,6.887949484659,6.88794948407,6.88794948407,6.88794948405,6.88794948405,6.88794948407,6.88794948407,6.887949484059,6.887949484059,6.88794948407,6.88794948367,6.88794948407,6.887949484,6.887949484,6.887949484,6.88794948407,6.88794948399,6.88794948399,6.88794948392,6.88794948392,6.88794948392,6.88794948392,6.88794948392,6.88794948392
"t65",6.887949483549,6.887949483549,6.887949483159,6.887949483159,6.887949482759,6.887949482759,6.887949483159,6.887949482959,6.887949482959,6.887949482969,6.887949482959,6.887949482959,6.887949482759,6.887949482959,6.887949482959,6.887949482859,6.887949482859,6.887949483459,6.887949483059,6.887949483059,6.887949483099,6.887949483099,6.887949482959,6.887949483159,6.887949483159,6.887949483159,6.887949483159,6.887949482959,6.887949482959,6.887949482959,6.887949482959,6.887949483659,6.887949483659,6.887949483959,0,0.6476361954,4.0250543714,4.0250543715,4.0250543715,4.408965695,4.408965695,4.408965695,4.40896569508,4.40896569508,5.0415211532,5.0415211532,5.0415211536,5.0415211533,5.0415211533,5.04152115329,5.04152115329,5.0415211533,5.0415211533,5.0415211533,5.0415211533,5.0415211533,5.04152115289,5.04152115289,5.04152115299,5.04152115269,5.04152115277,5.04152115277,5.04152115277,5.04152115319,5.4931986036,5.4931986036,5.4931986036,5.4931986033,5.49319860356,5.49319860356,5.49319860356,5.49319860356,5.49319860356,6.3217032508,6.3217032508,6.3217032509,6.3217032509,6.338570982629,6.338570982629,6.338570982609,6.338570982609,6.338570982629,6.338570982629,6.338570982618,6.338570982618,6.338570982629,6.338570982229,6.338570982629,6.338570982559,6.338570982559,6.338570982559,6.338570982629,6.338570982549,6.338570982549,6.338570982479,6.338570982479,6.338570982479,6.338570982479,6.338570982479,6.338570982479
"t66",6.887949483549,6.887949483549,6.887949483159,6.887949483159,6.887949482759,6.887949482759,6.887949483159,6.887949482959,6.887949482959,6.887949482969,6.887949482959,6.887949482959,6.887949482759,6.887949482959,6.887949482959,6.887949482859,6.887949482859,6.887949483459,6.887949483059,6.887949483059,6.887949483099,6.887949483099,6.887949482959,6.887949483159,6.887949483159,6.887949483159,6.887949483159,6.887949482959,6.887949482959,6.887949482959,6.887949482959,6.887949483659,6.887949483659,6.887949483959,0.6476361954,0,4.0250543714,4.0250543715,4.0250543715,4.408965695,4.408965695,4.408965695,4.40896569508,4.40896569508,5.0415211532,5.0415211532,5.0415211536,5.0415211533,5.0415211533,5.04152115329,5.04152115329,5.0415211533,5.0415211533,5.0415211533,5.0415211533,5.0415211533,5.04152115289,5.04152115289,5.04152115299,5.04152115269,5.04152115277,5.04152115277,5.04152115277,5.04152115319,5.4931986036,5.4931986036,5.4931986036,5.4931986033,5.49319860356,5.49319860356,5.49319860356,5.49319860356,5.49319860356,6.3217032508,6.3217032508,6.3217032509,6.3217032509,6.338570982629,6.338570982629,6.338570982609,6.338570982609,6.338570982629,6.338570982629,6.338570982618,6.338570982618,6.338570982629,6.338570982229,6.338570982629,6.338570982559,6.338570982559,6.338570982559,6.338570982629,6.338570982549,6.338570982549,6.338570982479,6.338570982479,6.338570982479,6.338570982479,6.338570982479,6.338570982479
"t7",6.887949483549,6.887949483549,6.887949483159,6.887949483159,6.887949482759,6.887949482759,6.887949483159,6.887949482959,6.887949482959,6.887949482969,6.887949482959,6.887949482959,6.887949482759,6.887949482959,6.887949482959,6.887949482859,6.887949482859,6.887949483459,6.887949483059,6.887949483059,6.887949483099,6.887949483099,6.887949482959,6.887949483159,6.887949483159,6.887949483159,6.887949483159,6.887949482959,6.887949482959,6.887949482959,6.887949482959,6.887949483659,6.887949483659,6.887949483959,4.0250543714,4.0250543714,0,2.7065895561,2.7065895561,4.408965695,4.408965695,4.408965695,4.40896569508,4.40896569508,5.0415211532,5.0415211532,5.0415211536,5.0415211533,5.0415211533,5.04152115329,5.04152115329,5.0415211533,5.0415211533,5.0415211533,5.0415211533,5.0415211533,5.04152115289,5.04152115289,5.04152115299,5.04152115269,5.04152115277,5.04152115277,5.04152115277,5.04152115319,5.4931986036,5.4931986036,5.4931986036,5.4931986033,5.49319860356,5.49319860356,5.49319860356,5.49319860356,5.49319860356,6.3217032508,6.3217032508,6.3217032509,6.3217032509,6.338570982629,6.338570982629,6.338570982609,6.338570982609,6.338570982629,6.338570982629,6.338570982618,6.338570982618,6.338570982629,6.338570982229,6.338570982629,6.338570982559,6.338570982559,6.338570982559,6.338570982629,6.338570982549,6.338570982549,6.338570982479,6.338570982479,6.338570982479,6.338570982479,6.338570982479,6.338570982479
"t10",6.887949483649,6.887949483649,6.887949483259,6.887949483259,6.887949482859,6.887949482859,6.887949483259,6.887949483059,6.887949483059,6.887949483069,6.887949483059,6.887949483059,6.887949482859,6.887949483059,6.887949483059,6.887949482959,6.887949482959,6.887949483559,6.887949483159,6.887949483159,6.887949483199,6.887949483199,6.887949483059,6.887949483259,6.887949483259,6.887949483259,6.887949483259,6.887949483059,6.887949483059,6.887949483059,6.887949483059,6.887949483759,6.887949483759,6.887949484059,4.0250543715,4.0250543715,2.7065895561,0,2.419362376,4.4089656951,4.4089656951,4.4089656951,4.40896569518,4.40896569518,5.0415211533,5.0415211533,5.0415211537,5.0415211534,5.0415211534,5.04152115339,5.04152115339,5.0415211534,5.0415211534,5.0415211534,5.0415211534,5.0415211534,5.04152115299,5.04152115299,5.04152115309,5.04152115279,5.04152115287,5.04152115287,5.04152115287,5.04152115329,5.4931986037,5.4931986037,5.4931986037,5.4931986034,5.49319860366,5.49319860366,5.49319860366,5.49319860366,5.49319860366,6.3217032509,6.3217032509,6.321703251,6.321703251,6.338570982729,6.338570982729,6.338570982709,6.338570982709,6.338570982729,6.338570982729,6.338570982718,6.338570982718,6.338570982729,6.338570982329,6.338570982729,6.338570982659,6.338570982659,6.338570982659,6.338570982729,6.338570982649,6.338570982649,6.338570982579,6.338570982579,6.338570982579,6.338570982579,6.338570982579,6.338570982579
"t11",6.887949483649,6.887949483649,6.887949483259,6.887949483259,6.887949482859,6.887949482859,6.887949483259,6.887949483059,6.887949483059,6.887949483069,6.887949483059,6.887949483059,6.887949482859,6.887949483059,6.887949483059,6.887949482959,6.887949482959,6.887949483559,6.887949483159,6.887949483159,6.887949483199,6.887949483199,6.887949483059,6.887949483259,6.887949483259,6.887949483259,6.887949483259,6.887949483059,6.887949483059,6.887949483059,6.887949483059,6.887949483759,6.887949483759,6.887949484059,4.0250543715,4.0250543715,2.7065895561,2.419362376,0,4.4089656951,4.4089656951,4.4089656951,4.40896569518,4.40896569518,5.0415211533,5.0415211533,5.0415211537,5.0415211534,5.0415211534,5.04152115339,5.04152115339,5.0415211534,5.0415211534,5.0415211534,5.0415211534,5.0415211534,5.04152115299,5.04152115299,5.04152115309,5.04152115279,5.04152115287,5.04152115287,5.04152115287,5.04152115329,5.4931986037,5.4931986037,5.4931986037,5.4931986034,5.49319860366,5.49319860366,5.49319860366,5.49319860366,5.49319860366,6.3217032509,6.3217032509,6.321703251,6.321703251,6.338570982729,6.338570982729,6.338570982709,6.338570982709,6.338570982729,6.338570982729,6.338570982718,6.338570982718,6.338570982729,6.338570982329,6.338570982729,6.338570982659,6.338570982659,6.338570982659,6.338570982729,6.338570982649,6.338570982649,6.338570982579,6.338570982579,6.338570982579,6.338570982579,6.338570982579,6.338570982579
"t23",6.887949483749,6.887949483749,6.887949483359,6.887949483359,6.887949482959,6.887949482959,6.887949483359,6.887949483159,6.887949483159,6.887949483169,6.887949483159,6.887949483159,6.887949482959,6.887949483159,6.887949483159,6.887949483059,6.887949483059,6.887949483659,6.887949483259,6.887949483259,6.887949483299,6.887949483299,6.887949483159,6.887949483359,6.887949483359,6.887949483359,6.887949483359,6.887949483159,6.887949483159,6.887949483159,6.887949483159,6.887949483859,6.887949483859,6.887949484159,4.408965695,4.408965695,4.408965695,4.4089656951,4.4089656951,0,1.602373227,3.5399548096,3.53995480968,3.53995480968,5.0415211534,5.0415211534,5.0415211538,5.0415211535,5.0415211535,5.04152115349,5.04152115349,5.0415211535,5.0415211535,5.0415211535,5.0415211535,5.0415211535,5.04152115309,5.04152115309,5.04152115319,5.04152115289,5.04152115297,5.04152115297,5.04152115297,5.04152115339,5.4931986038,5.4931986038,5.4931986038,5.4931986035,5.49319860376,5.49319860376,5.49319860376,5.49319860376,5.49319860376,6.321703251,6.321703251,6.3217032511,6.3217032511,6.338570982829,6.338570982829,6.338570982809,6.338570982809,6.338570982829,6.338570982829,6.338570982818,6.338570982818,6.338570982829,6.338570982429,6.338570982829,6.338570982759,6.338570982759,6.338570982759,6.338570982829,6.338570982749,6.338570982749,6.338570982679,6.338570982679,6.338570982679,6.338570982679,6.338570982679,6.338570982679
"t24",6.887949483749,6.887949483749,6.887949483359,6.887949483359,6.887949482959,6.887949482959,6.887949483359,6.887949483159,6.887949483159,6.887949483169,6.887949483159,6.887949483159,6.887949482959,6.887949483159,6.887949483159,6.887949483059,6.887949483059,6.887949483659,6.887949483259,6.887949483259,6.887949483299,6.887949483299,6.887949483159,6.887949483359,6.887949483359,6.887949483359,6.887949483359,6.887949483159,6.887949483159,6.887949483159,6.887949483159,6.887949483859,6.887949483859,6.887949484159,4.408965695,4.408965695,4.408965695,4.4089656951,4.4089656951,1.602373227,0,3.5399548096,3.53995480968,3.53995480968,5.0415211534,5.0415211534,5.0415211538,5.0415211535,5.0415211535,5.04152115349,5.04152115349,5.0415211535,5.0415211535,5.0415211535,5.0415211535,5.0415211535,5.04152115309,5.04152115309,5.04152115319,5.04152115289,5.04152115297,5.04152115297,5.04152115297,5.04152115339,5.4931986038,5.4931986038,5.4931986038,5.4931986035,5.49319860376,5.49319860376,5.49319860376,5.49319860376,5.49319860376,6.321703251,6.321703251,6.3217032511,6.3217032511,6.338570982829,6.338570982829,6.338570982809,6.338570982809,6.338570982829,6.338570982829,6.338570982818,6.338570982818,6.338570982829,6.338570982429,6.338570982829,6.338570982759,6.338570982759,6.338570982759,6.338570982829,6.338570982749,6.338570982749,6.338570982679,6.338570982679,6.338570982679,6.338570982679,6.338570982679,6.338570982679
"t19",6.887949483749,6.887949483749,6.887949483359,6.887949483359,6.887949482959,6.887949482959,6.887949483359,6.887949483159,6.887949483159,6.887949483169,6.887949483159,6.887949483159,6.887949482959,6.887949483159,6.887949483159,6.887949483059,6.887949483059,6.887949483659,6.887949483259,6.887949483259,6.887949483299,6.887949483299,6.887949483159,6.887949483359,6.887949483359,6.887949483359,6.887949483359,6.887949483159,6.887949483159,6.887949483159,6.887949483159,6.887949483859,6.887949483859,6.887949484159,4.408965695,4.408965695,4.408965695,4.4089656951,4.4089656951,3.5399548096,3.5399548096,0,1.74247661048,1.74247661048,5.0415211534,5.0415211534,5.0415211538,5.0415211535,5.0415211535,5.04152115349,5.04152115349,5.0415211535,5.0415211535,5.0415211535,5.0415211535,5.0415211535,5.04152115309,5.04152115309,5.04152115319,5.04152115289,5.04152115297,5.04152115297,5.04152115297,5.04152115339,5.4931986038,5.4931986038,5.4931986038,5.4931986035,5.49319860376,5.49319860376,5.49319860376,5.49319860376,5.49319860376,6.321703251,6.321703251,6.3217032511,6.3217032511,6.338570982829,6.338570982829,6.338570982809,6.338570982809,6.338570982829,6.338570982829,6.338570982818,6.338570982818,6.338570982829,6.338570982429,6.338570982829,6.338570982759,6.338570982759,6.338570982759,6.338570982829,6.338570982749,6.338570982749,6.338570982679,6.338570982679,6.338570982679,6.338570982679,6.338570982679,6.338570982679
"t20",6.887949483829,6.887949483829,6.887949483439,6.887949483439,6.887949483039,6.887949483039,6.887949483439,6.887949483239,6.887949483239,6.887949483249,6.887949483239,6.887949483239,6.887949483039,6.887949483239,6.887949483239,6.887949483139,6.887949483139,6.887949483739,6.887949483339,6.887949483339,6.887949483379,6.887949483379,6.887949483239,6.887949483439,6.887949483439,6.887949483439,6.887949483439,6.887949483239,6.887949483239,6.887949483239,6.887949483239,6.887949483939,6.887949483939,6.887949484239,4.40896569508,4.40896569508,4.40896569508,4.40896569518,4.40896569518,3.53995480968,3.53995480968,1.74247661048,0,1.6403464574,5.04152115348,5.04152115348,5.04152115388,5.04152115358,5.04152115358,5.04152115357,5.04152115357,5.04152115358,5.04152115358,5.04152115358,5.04152115358,5.04152115358,5.04152115317,5.04152115317,5.04152115327,5.04152115297,5.04152115305,5.04152115305,5.04152115305,5.04152115347,5.49319860388,5.49319860388,5.49319860388,5.49319860358,5.49319860384,5.49319860384,5.49319860384,5.49319860384,5.49319860384,6.32170325108,6.32170325108,6.32170325118,6.32170325118,6.338570982909,6.338570982909,6.338570982889,6.338570982889,6.338570982909,6.338570982909,6.338570982898,6.338570982898,6.338570982909,6.338570982509,6.338570982909,6.338570982839,6.338570982839,6.338570982839,6.338570982909,6.338570982829,6.338570982829,6.338570982759,6.338570982759,6.338570982759,6.338570982759,6.338570982759,6.338570982759
"t21",6.887949483829,6.887949483829,6.887949483439,6.887949483439,6.887949483039,6.887949483039,6.887949483439,6.887949483239,6.887949483239,6.887949483249,6.887949483239,6.887949483239,6.887949483039,6.887949483239,6.887949483239,6.887949483139,6.887949483139,6.887949483739,6.887949483339,6.887949483339,6.887949483379,6.887949483379,6.887949483239,6.887949483439,6.887949483439,6.887949483439,6.887949483439,6.887949483239,6.887949483239,6.887949483239,6.887949483239,6.887949483939,6.887949483939,6.887949484239,4.40896569508,4.40896569508,4.40896569508,4.40896569518,4.40896569518,3.53995480968,3.53995480968,1.74247661048,1.6403464574,0,5.04152115348,5.04152115348,5.04152115388,5.04152115358,5.04152115358,5.04152115357,5.04152115357,5.04152115358,5.04152115358,5.04152115358,5.04152115358,5.04152115358,5.04152115317,5.04152115317,5.04152115327,5.04152115297,5.04152115305,5.04152115305,5.04152115305,5.04152115347,5.49319860388,5.49319860388,5.49319860388,5.49319860358,5.49319860384,5.49319860384,5.49319860384,5.49319860384,5.49319860384,6.32170325108,6.32170325108,6.32170325118,6.32170325118,6.338570982909,6.338570982909,6.338570982889,6.338570982889,6.338570982909,6.338570982909,6.338570982898,6.338570982898,6.338570982909,6.338570982509,6.338570982909,6.338570982839,6.338570982839,6.338570982839,6.338570982909,6.338570982829,6.338570982829,6.338570982759,6.338570982759,6.338570982759,6.338570982759,6.338570982759,6.338570982759
"t31",6.887949483749,6.887949483749,6.887949483359,6.887949483359,6.887949482959,6.887949482959,6.887949483359,6.887949483159,6.887949483159,6.887949483169,6.887949483159,6.887949483159,6.887949482959,6.887949483159,6.887949483159,6.887949483059,6.887949483059,6.887949483659,6.887949483259,6.887949483259,6.887949483299,6.887949483299,6.887949483159,6.887949483359,6.887949483359,6.887949483359,6.887949483359,6.887949483159,6.887949483159,6.887949483159,6.887949483159,6.887949483859,6.887949483859,6.887949484159,5.0415211532,5.0415211532,5.0415211532,5.0415211533,5.0415211533,5.0415211534,5.0415211534,5.0415211534,5.04152115348,5.04152115348,0,1.3052338064,2.8967801396,2.8967801393,2.8967801393,2.89678013929,2.89678013929,2.8967801393,2.8967801393,2.8967801393,2.8967801393,2.8967801393,4.63461621849,4.63461621849,4.63461621859,4.63461621829,4.63461621837,4.63461621837,4.63461621837,4.63461621879,5.4931986038,5.4931986038,5.4931986038,5.4931986035,5.49319860376,5.49319860376,5.49319860376,5.49319860376,5.49319860376,6.321703251,6.321703251,6.3217032511,6.3217032511,6.338570982829,6.338570982829,6.338570982809,6.338570982809,6.338570982829,6.338570982829,6.338570982818,6.338570982818,6.338570982829,6.338570982429,6.338570982829,6.338570982759,6.338570982759,6.338570982759,6.338570982829,6.338570982749,6.338570982749,6.338570982679,6.338570982679,6.338570982679,6.338570982679,6.338570982679,6.338570982679
"t32",6.887949483749,6.887949483749,6.887949483359,6.887949483359,6.887949482959,6.887949482959,6.887949483359,6.887949483159,6.887949483159,6.887949483169,6.887949483159,6.887949483159,6.887949482959,6.887949483159,6.887949483159,6.887949483059,6.887949483059,6.887949483659,6.887949483259,6.887949483259,6.887949483299,6.887949483299,6.887949483159,6.887949483359,6.887949483359,6.887949483359,6.887949483359,6.887949483159,6.887949483159,6.887949483159,6.887949483159,6.887949483859,6.887949483859,6.887949484159,5.0415211532,5.0415211532,5.0415211532,5.0415211533,5.0415211533,5.0415211534,5.0415211534,5.0415211534,5.04152115348,5.04152115348,1.3052338064,0,2.8967801396,2.8967801393,2.8967801393,2.89678013929,2.89678013929,2.8967801393,2.8967801393,2.8967801393,2.8967801393,2.8967801393,4.63461621849,4.63461621849,4.63461621859,4.63461621829,4.63461621837,4.63461621837,4.63461621837,4.63461621879,5.4931986038,5.4931986038,5.4931986038,5.4931986035,5.49319860376,5.49319860376,5.49319860376,5.49319860376,5.49319860376,6.321703251,6.321703251,6.3217032511,6.3217032511,6.338570982829,6.338570982829,6.338570982809,6.338570982809,6.338570982829,6.338570982829,6.338570982818,6.338570982818,6.338570982829,6.338570982429,6.338570982829,6.338570982759,6.338570982759,6.338570982759,6.338570982829,6.338570982749,6.338570982749,6.338570982679,6.338570982679,6.338570982679,6.338570982679,6.338570982679,6.338570982679
"t13",6.887949484149,6.887949484149,6.887949483759,6.887949483759,6.887949483359,6.887949483359,6.887949483759,6.887949483559,6.887949483559,6.887949483569,6.887949483559,6.887949483559,6.887949483359,6.887949483559,6.887949483559,6.887949483459,6.887949483459,6.887949484059,6.887949483659,6.887949483659,6.887949483699,6.887949483699,6.887949483559,6.887949483759,6.887949483759,6.887949483759,6.887949483759,6.887949483559,6.887949483559,6.887949483559,6.887949483559,6.887949484259,6.887949484259,6.887949484559,5.0415211536,5.0415211536,5.0415211536,5.0415211537,5.0415211537,5.0415211538,5.0415211538,5.0415211538,5.04152115388,5.04152115388,2.8967801396,2.8967801396,0,2.1668118417,2.1668118417,2.32797539569,2.32797539569,2.3279753957,2.3279753957,2.3279753957,2.3279753957,2.3279753957,4.63461621889,4.63461621889,4.63461621899,4.63461621869,4.63461621877,4.63461621877,4.63461621877,4.63461621919,5.4931986042,5.4931986042,5.4931986042,5.4931986039,5.49319860416,5.49319860416,5.49319860416,5.49319860416,5.49319860416,6.3217032514,6.3217032514,6.3217032515,6.3217032515,6.338570983229,6.338570983229,6.338570983209,6.338570983209,6.338570983229,6.338570983229,6.338570983218,6.338570983218,6.338570983229,6.338570982829,6.338570983229,6.338570983159,6.338570983159,6.338570983159,6.338570983229,6.338570983149,6.338570983149,6.338570983079,6.338570983079,6.338570983079,6.338570983079,6.338570983079,6.338570983079
"t41",6.887949483849,6.887949483849,6.887949483459,6.887949483459,6.887949483059,6.887949483059,6.887949483459,6.887949483259,6.887949483259,6.887949483269,6.887949483259,6.887949483259,6.887949483059,6.887949483259,6.887949483259,6.887949483159,6.887949483159,6.887949483759,6.887949483359,6.887949483359,6.887949483399,6.887949483399,6.887949483259,6.887949483459,6.887949483459,6.887949483459,6.887949483459,6.887949483259,6.887949483259,6.887949483259,6.887949483259,6.887949483959,6.887949483959,6.887949484259,5.0415211533,5.0415211533,5.0415211533,5.0415211534,5.0415211534,5.0415211535,5.0415211535,5.0415211535,5.04152115358,5.04152115358,2.8967801393,2.8967801393,2.1668118417,0,0.9120059926,2.32797539539,2.32797539539,2.3279753954,2.3279753954,2.3279753954,2.3279753954,2.3279753954,4.63461621859,4.63461621859,4.63461621869,4.63461621839,4.63461621847,4.63461621847,4.63461621847,4.63461621889,5.4931986039,5.4931986039,5.4931986039,5.4931986036,5.49319860386,5.49319860386,5.49319860386,5.49319860386,5.49319860386,6.3217032511,6.3217032511,6.3217032512,6.3217032512,6.338570982929,6.338570982929,6.338570982909,6.338570982909,6.338570982929,6.338570982929,6.338570982918,6.338570982918,6.338570982929,6.338570982529,6.338570982929,6.338570982859,6.338570982859,6.338570982859,6.338570982929,6.338570982849,6.338570982849,6.338570982779,6.338570982779,6.338570982779,6.338570982779,6.338570982779,6.338570982779
"t42",6.887949483849,6.887949483849,6.887949483459,6.887949483459,6.887949483059,6.887949483059,6.887949483459,6.887949483259,6.887949483259,6.887949483269,6.887949483259,6.887949483259,6.887949483059,6.887949483259,6.887949483259,6.887949483159,6.887949483159,6.887949483759,6.887949483359,6.887949483359,6.887949483399,6.887949483399,6.887949483259,6.887949483459,6.887949483459,6.887949483459,6.887949483459,6.887949483259,6.887949483259,6.887949483259,6.887949483259,6.887949483959,6.887949483959,6.887949484259,5.0415211533,5.0415211533,5.0415211533,5.0415211534,5.0415211534,5.0415211535,5.0415211535,5.0415211535,5.04152115358,5.04152115358,2.8967801393,2.8967801393,2.1668118417,0.9120059926,0,2.32797539539,2.32797539539,2.3279753954,2.3279753954,2.3279753954,2.3279753954,2.3279753954,4.63461621859,4.63461621859,4.63461621869,4.63461621839,4.63461621847,4.63461621847,4.63461621847,4.63461621889,5.4931986039,5.4931986039,5.4931986039,5.4931986036,5.49319860386,5.49319860386,5.49319860386,5.49319860386,5.49319860386,6.3217032511,6.3217032511,6.3217032512,6.3217032512,6.338570982929,6.338570982929,6.338570982909,6.338570982909,6.338570982929,6.338570982929,6.338570982918,6.338570982918,6.338570982929,6.338570982529,6.338570982929,6.338570982859,6.338570982859,6.338570982859,6.338570982929,6.338570982849,6.338570982849,6.338570982779,6.338570982779,6.338570982779,6.338570982779,6.338570982779,6.338570982779
"t91",6.887949483839,6.887949483839,6.887949483449,6.887949483449,6.887949483049,6.887949483049,6.887949483449,6.887949483249,6.887949483249,6.887949483259,6.887949483249,6.887949483249,6.887949483049,6.887949483249,6.887949483249,6.887949483149,6.887949483149,6.887949483749,6.887949483349,6.887949483349,6.887949483389,6.887949483389,6.887949483249,6.887949483449,6.887949483449,6.887949483449,6.887949483449,6.887949483249,6.887949483249,6.887949483249,6.887949483249,6.887949483949,6.887949483949,6.887949484249,5.04152115329,5.04152115329,5.04152115329,5.04152115339,5.04152115339,5.04152115349,5.04152115349,5.04152115349,5.04152115357,5.04152115357,2.89678013929,2.89678013929,2.32797539569,2.32797539539,2.32797539539,0,0.11343389678,0.70473104899,0.77880152979,1.82634612299,1.82634612299,1.82634612299,4.63461621858,4.63461621858,4.63461621868,4.63461621838,4.63461621846,4.63461621846,4.63461621846,4.63461621888,5.49319860389,5.49319860389,5.49319860389,5.49319860359,5.49319860385,5.49319860385,5.49319860385,5.49319860385,5.49319860385,6.32170325109,6.32170325109,6.32170325119,6.32170325119,6.338570982919,6.338570982919,6.338570982899,6.338570982899,6.338570982919,6.338570982919,6.338570982908,6.338570982908,6.338570982919,6.338570982519,6.338570982919,6.338570982849,6.338570982849,6.338570982849,6.338570982919,6.338570982839,6.338570982839,6.338570982769,6.338570982769,6.338570982769,6.338570982769,6.338570982769,6.338570982769
"t92",6.887949483839,6.887949483839,6.887949483449,6.887949483449,6.887949483049,6.887949483049,6.887949483449,6.887949483249,6.887949483249,6.887949483259,6.887949483249,6.887949483249,6.887949483049,6.887949483249,6.887949483249,6.887949483149,6.887949483149,6.887949483749,6.887949483349,6.887949483349,6.887949483389,6.887949483389,6.887949483249,6.887949483449,6.887949483449,6.887949483449,6.887949483449,6.887949483249,6.887949483249,6.887949483249,6.887949483249,6.887949483949,6.887949483949,6.887949484249,5.04152115329,5.04152115329,5.04152115329,5.04152115339,5.04152115339,5.04152115349,5.04152115349,5.04152115349,5.04152115357,5.04152115357,2.89678013929,2.89678013929,2.32797539569,2.32797539539,2.32797539539,0.11343389678,0,0.70473104899,0.77880152979,1.82634612299,1.82634612299,1.82634612299,4.63461621858,4.63461621858,4.63461621868,4.63461621838,4.63461621846,4.63461621846,4.63461621846,4.63461621888,5.49319860389,5.49319860389,5.49319860389,5.49319860359,5.49319860385,5.49319860385,5.49319860385,5.49319860385,5.49319860385,6.32170325109,6.32170325109,6.32170325119,6.32170325119,6.338570982919,6.338570982919,6.338570982899,6.338570982899,6.338570982919,6.338570982919,6.338570982908,6.338570982908,6.338570982919,6.338570982519,6.338570982919,6.338570982849,6.338570982849,6.338570982849,6.338570982919,6.338570982839,6.338570982839,6.338570982769,6.338570982769,6.338570982769,6.338570982769,6.338570982769,6.338570982769
"t62",6.887949483849,6.887949483849,6.887949483459,6.887949483459,6.887949483059,6.887949483059,6.887949483459,6.887949483259,6.887949483259,6.887949483269,6.887949483259,6.887949483259,6.887949483059,6.887949483259,6.887949483259,6.887949483159,6.887949483159,6.887949483759,6.887949483359,6.887949483359,6.887949483399,6.887949483399,6.887949483259,6.887949483459,6.887949483459,6.887949483459,6.887949483459,6.887949483259,6.887949483259,6.887949483259,6.887949483259,6.887949483959,6.887949483959,6.887949484259,5.0415211533,5.0415211533,5.0415211533,5.0415211534,5.0415211534,5.0415211535,5.0415211535,5.0415211535,5.04152115358,5.04152115358,2.8967801393,2.8967801393,2.3279753957,2.3279753954,2.3279753954,0.70473104899,0.70473104899,0,0.7788015298,1.826346123,1.826346123,1.826346123,4.63461621859,4.63461621859,4.63461621869,4.63461621839,4.63461621847,4.63461621847,4.63461621847,4.63461621889,5.4931986039,5.4931986039,5.4931986039,5.4931986036,5.49319860386,5.49319860386,5.49319860386,5.49319860386,5.49319860386,6.3217032511,6.3217032511,6.3217032512,6.3217032512,6.338570982929,6.338570982929,6.338570982909,6.338570982909,6.338570982929,6.338570982929,6.338570982918,6.338570982918,6.338570982929,6.338570982529,6.338570982929,6.338570982859,6.338570982859,6.338570982859,6.338570982929,6.338570982849,6.338570982849,6.338570982779,6.338570982779,6.338570982779,6.338570982779,6.338570982779,6.338570982779
"t57",6.887949483849,6.887949483849,6.887949483459,6.887949483459,6.887949483059,6.887949483059,6.887949483459,6.887949483259,6.887949483259,6.887949483269,6.887949483259,6.887949483259,6.887949483059,6.887949483259,6.887949483259,6.887949483159,6.887949483159,6.887949483759,6.887949483359,6.887949483359,6.887949483399,6.887949483399,6.887949483259,6.887949483459,6.887949483459,6.887949483459,6.887949483459,6.887949483259,6.887949483259,6.887949483259,6.887949483259,6.887949483959,6.887949483959,6.887949484259,5.0415211533,5.0415211533,5.0415211533,5.0415211534,5.0415211534,5.0415211535,5.0415211535,5.0415211535,5.04152115358,5.04152115358,2.8967801393,2.8967801393,2.3279753957,2.3279753954,2.3279753954,0.77880152979,0.77880152979,0.7788015298,0,1.826346123,1.826346123,1.826346123,4.63461621859,4.63461621859,4.63461621869,4.63461621839,4.63461621847,4.63461621847,4.63461621847,4.63461621889,5.4931986039,5.4931986039,5.4931986039,5.4931986036,5.49319860386,5.49319860386,5.49319860386,5.49319860386,5.49319860386,6.3217032511,6.3217032511,6.3217032512,6.3217032512,6.338570982929,6.338570982929,6.338570982909,6.338570982909,6.338570982929,6.338570982929,6.338570982918,6.338570982918,6.338570982929,6.338570982529,6.338570982929,6.338570982859,6.338570982859,6.338570982859,6.338570982929,6.338570982849,6.338570982849,6.338570982779,6.338570982779,6.338570982779,6.338570982779,6.338570982779,6.338570982779
"t58",6.887949483849,6.887949483849,6.887949483459,6.887949483459,6.887949483059,6.887949483059,6.887949483459,6.887949483259,6.887949483259,6.887949483269,6.887949483259,6.887949483259,6.887949483059,6.887949483259,6.887949483259,6.887949483159,6.887949483159,6.887949483759,6.887949483359,6.887949483359,6.887949483399,6.887949483399,6.887949483259,6.887949483459,6.887949483459,6.887949483459,6.887949483459,6.887949483259,6.887949483259,6.887949483259,6.887949483259,6.887949483959,6.887949483959,6.887949484259,5.0415211533,5.0415211533,5.0415211533,5.0415211534,5.0415211534,5.0415211535,5.0415211535,5.0415211535,5.04152115358,5.04152115358,2.8967801393,2.8967801393,2.3279753957,2.3279753954,2.3279753954,1.82634612299,1.82634612299,1.826346123,1.826346123,0,0.7459192192,1.3899132736,4.63461621859,4.63461621859,4.63461621869,4.63461621839,4.63461621847,4.63461621847,4.63461621847,4.63461621889,5.4931986039,5.4931986039,5.4931986039,5.4931986036,5.49319860386,5.49319860386,5.49319860386,5.49319860386,5.49319860386,6.3217032511,6.3217032511,6.3217032512,6.3217032512,6.338570982929,6.338570982929,6.338570982909,6.338570982909,6.338570982929,6.338570982929,6.338570982918,6.338570982918,6.338570982929,6.338570982529,6.338570982929,6.338570982859,6.338570982859,6.338570982859,6.338570982929,6.338570982849,6.338570982849,6.338570982779,6.338570982779,6.338570982779,6.338570982779,6.338570982779,6.338570982779
"t59",6.887949483849,6.887949483849,6.887949483459,6.887949483459,6.887949483059,6.887949483059,6.887949483459,6.887949483259,6.887949483259,6.887949483269,6.887949483259,6.887949483259,6.887949483059,6.887949483259,6.887949483259,6.887949483159,6.887949483159,6.887949483759,6.887949483359,6.887949483359,6.887949483399,6.887949483399,6.887949483259,6.887949483459,6.887949483459,6.887949483459,6.887949483459,6.887949483259,6.887949483259,6.887949483259,6.887949483259,6.887949483959,6.887949483959,6.887949484259,5.0415211533,5.0415211533,5.0415211533,5.0415211534,5.0415211534,5.0415211535,5.0415211535,5.0415211535,5.04152115358,5.04152115358,2.8967801393,2.8967801393,2.3279753957,2.3279753954,2.3279753954,1.82634612299,1.82634612299,1.826346123,1.826346123,0.7459192192,0,1.3899132736,4.63461621859,4.63461621859,4.63461621869,4.63461621839,4.63461621847,4.63461621847,4.63461621847,4.63461621889,5.4931986039,5.4931986039,5.4931986039,5.4931986036,5.49319860386,5.49319860386,5.49319860386,5.49319860386,5.49319860386,6.3217032511,6.3217032511,6.3217032512,6.3217032512,6.338570982929,6.338570982929,6.338570982909,6.338570982909,6.338570982929,6.338570982929,6.338570982918,6.338570982918,6.338570982929,6.338570982529,6.338570982929,6.338570982859,6.338570982859,6.338570982859,6.338570982929,6.338570982849,6.338570982849,6.338570982779,6.338570982779,6.338570982779,6.338570982779,6.338570982779,6.338570982779
"t29",6.887949483849,6.887949483849,6.887949483459,6.887949483459,6.887949483059,6.887949483059,6.887949483459,6.887949483259,6.887949483259,6.887949483269,6.887949483259,6.887949483259,6.887949483059,6.887949483259,6.887949483259,6.887949483159,6.887949483159,6.887949483759,6.887949483359,6.887949483359,6.887949483399,6.887949483399,6.887949483259,6.887949483459,6.887949483459,6.887949483459,6.887949483459,6.887949483259,6.887949483259,6.887949483259,6.887949483259,6.887949483959,6.887949483959,6.887949484259,5.0415211533,5.0415211533,5.0415211533,5.0415211534,5.0415211534,5.0415211535,5.0415211535,5.0415211535,5.04152115358,5.04152115358,2.8967801393,2.8967801393,2.3279753957,2.3279753954,2.3279753954,1.82634612299,1.82634612299,1.826346123,1.826346123,1.3899132736,1.3899132736,0,4.63461621859,4.63461621859,4.63461621869,4.63461621839,4.63461621847,4.63461621847,4.63461621847,4.63461621889,5.4931986039,5.4931986039,5.4931986039,5.4931986036,5.49319860386,5.49319860386,5.49319860386,5.49319860386,5.49319860386,6.3217032511,6.3217032511,6.3217032512,6.3217032512,6.338570982929,6.338570982929,6.338570982909,6.338570982909,6.338570982929,6.338570982929,6.338570982918,6.338570982918,6.338570982929,6.338570982529,6.338570982929,6.338570982859,6.338570982859,6.338570982859,6.338570982929,6.338570982849,6.338570982849,6.338570982779,6.338570982779,6.338570982779,6.338570982779,6.338570982779,6.338570982779
"t74",6.887949483439,6.887949483439,6.887949483049,6.887949483049,6.887949482649,6.887949482649,6.887949483049,6.887949482849,6.887949482849,6.887949482859,6.887949482849,6.887949482849,6.887949482649,6.887949482849,6.887949482849,6.887949482749,6.887949482749,6.887949483349,6.887949482949,6.887949482949,6.887949482989,6.887949482989,6.887949482849,6.887949483049,6.887949483049,6.887949483049,6.887949483049,6.887949482849,6.887949482849,6.887949482849,6.887949482849,6.887949483549,6.887949483549,6.887949483849,5.04152115289,5.04152115289,5.04152115289,5.04152115299,5.04152115299,5.04152115309,5.04152115309,5.04152115309,5.04152115317,5.04152115317,4.63461621849,4.63461621849,4.63461621889,4.63461621859,4.63461621859,4.63461621858,4.63461621858,4.63461621859,4.63461621859,4.63461621859,4.63461621859,4.63461621859,0,0.4185615858,2.9100407919,4.5190763012,4.51907630128,4.51907630128,4.51907630128,4.5190763017,5.49319860349,5.49319860349,5.49319860349,5.49319860319,5.49319860345,5.49319860345,5.49319860345,5.49319860345,5.49319860345,6.32170325069,6.32170325069,6.32170325079,6.32170325079,6.338570982519,6.338570982519,6.338570982499,6.338570982499,6.338570982519,6.338570982519,6.338570982508,6.338570982508,6.338570982519,6.338570982119,6.338570982519,6.338570982449,6.338570982449,6.338570982449,6.338570982519,6.338570982439,6.338570982439,6.338570982369,6.338570982369,6.338570982369,6.338570982369,6.338570982369,6.338570982369
"t75",6.887949483439,6.887949483439,6.887949483049,6.887949483049,6.887949482649,6.887949482649,6.887949483049,6.887949482849,6.887949482849,6.887949482859,6.887949482849,6.887949482849,6.887949482649,6.887949482849,6.887949482849,6.887949482749,6.887949482749,6.887949483349,6.887949482949,6.887949482949,6.887949482989,6.887949482989,6.887949482849,6.887949483049,6.887949483049,6.887949483049,6.887949483049,6.887949482849,6.887949482849,6.887949482849,6.887949482849,6.887949483549,6.887949483549,6.887949483849,5.04152115289,5.04152115289,5.04152115289,5.04152115299,5.04152115299,5.04152115309,5.04152115309,5.04152115309,5.04152115317,5.04152115317,4.63461621849,4.63461621849,4.63461621889,4.63461621859,4.63461621859,4.63461621858,4.63461621858,4.63461621859,4.63461621859,4.63461621859,4.63461621859,4.63461621859,0.4185615858,0,2.9100407919,4.5190763012,4.51907630128,4.51907630128,4.51907630128,4.5190763017,5.49319860349,5.49319860349,5.49319860349,5.49319860319,5.49319860345,5.49319860345,5.49319860345,5.49319860345,5.49319860345,6.32170325069,6.32170325069,6.32170325079,6.32170325079,6.338570982519,6.338570982519,6.338570982499,6.338570982499,6.338570982519,6.338570982519,6.338570982508,6.338570982508,6.338570982519,6.338570982119,6.338570982519,6.338570982449,6.338570982449,6.338570982449,6.338570982519,6.338570982439,6.338570982439,6.338570982369,6.338570982369,6.338570982369,6.338570982369,6.338570982369,6.338570982369
"t6",6.887949483539,6.887949483539,6.887949483149,6.887949483149,6.887949482749,6.887949482749,6.887949483149,6.887949482949,6.887949482949,6.887949482959,6.887949482949,6.887949482949,6.887949482749,6.887949482949,6.887949482949,6.887949482849,6.887949482849,6.887949483449,6.887949483049,6.887949483049,6.887949483089,6.887949483089,6.887949482949,6.887949483149,6.887949483149,6.887949483149,6.887949483149,6.887949482949,6.887949482949,6.887949482949,6.887949482949,6.887949483649,6.887949483649,6.887949483949,5.04152115299,5.04152115299,5.04152115299,5.04152115309,5.04152115309,5.04152115319,5.04152115319,5.04152115319,5.04152115327,5.04152115327,4.63461621859,4.63461621859,4.63461621899,4.63461621869,4.63461621869,4.63461621868,4.63461621868,4.63461621869,4.63461621869,4.63461621869,4.63461621869,4.63461621869,2.9100407919,2.9100407919,0,4.5190763013,4.51907630138,4.51907630138,4.51907630138,4.5190763018,5.49319860359,5.49319860359,5.49319860359,5.49319860329,5.49319860355,5.49319860355,5.49319860355,5.49319860355,5.49319860355,6.32170325079,6.32170325079,6.32170325089,6.32170325089,6.338570982619,6.338570982619,6.338570982599,6.338570982599,6.338570982619,6.338570982619,6.338570982608,6.338570982608,6.338570982619,6.338570982219,6.338570982619,6.338570982549,6.338570982549,6.338570982549,6.338570982619,6.338570982539,6.338570982539,6.338570982469,6.338570982469,6.338570982469,6.338570982469,6.338570982469,6.338570982469
"t38",6.887949483239,6.887949483239,6.887949482849,6.887949482849,6.887949482449,6.887949482449,6.887949482849,6.887949482649,6.887949482649,6.887949482659,6.887949482649,6.887949482649,6.887949482449,6.887949482649,6.887949482649,6.887949482549,6.887949482549,6.887949483149,6.887949482749,6.887949482749,6.887949482789,6.887949482789,6.887949482649,6.887949482849,6.887949482849,6.887949482849,6.887949482849,6.887949482649,6.887949482649,6.887949482649,6.887949482649,6.887949483349,6.887949483349,6.887949483649,5.04152115269,5.04152115269,5.04152115269,5.04152115279,5.04152115279,5.04152115289,5.04152115289,5.04152115289,5.04152115297,5.04152115297,4.63461621829,4.63461621829,4.63461621869,4.63461621839,4.63461621839,4.63461621838,4.63461621838,4.63461621839,4.63461621839,4.63461621839,4.63461621839,4.63461621839,4.5190763012,4.5190763012,4.5190763013,0,1.06121741908,1.06121741908,1.06121741908,4.0707157595,5.49319860329,5.49319860329,5.49319860329,5.49319860299,5.49319860325,5.49319860325,5.49319860325,5.49319860325,5.49319860325,6.32170325049,6.32170325049,6.32170325059,6.32170325059,6.338570982319,6.338570982319,6.338570982299,6.338570982299,6.338570982319,6.338570982319,6.338570982308,6.338570982308,6.338570982319,6.338570981919,6.338570982319,6.338570982249,6.338570982249,6.338570982249,6.338570982319,6.338570982239,6.338570982239,6.338570982169,6.338570982169,6.338570982169,6.338570982169,6.338570982169,6.338570982169
"t83",6.887949483319,6.887949483319,6.887949482929,6.887949482929,6.887949482529,6.887949482529,6.887949482929,6.887949482729,6.887949482729,6.887949482739,6.887949482729,6.887949482729,6.887949482529,6.887949482729,6.887949482729,6.887949482629,6.887949482629,6.887949483229,6.887949482829,6.887949482829,6.887949482869,6.887949482869,6.887949482729,6.887949482929,6.887949482929,6.887949482929,6.887949482929,6.887949482729,6.887949482729,6.887949482729,6.887949482729,6.887949483429,6.887949483429,6.887949483729,5.04152115277,5.04152115277,5.04152115277,5.04152115287,5.04152115287,5.04152115297,5.04152115297,5.04152115297,5.04152115305,5.04152115305,4.63461621837,4.63461621837,4.63461621877,4.63461621847,4.63461621847,4.63461621846,4.63461621846,4.63461621847,4.63461621847,4.63461621847,4.63461621847,4.63461621847,4.51907630128,4.51907630128,4.51907630138,1.06121741908,0,0.2767000272,0.8756941178,4.07071575958,5.49319860337,5.49319860337,5.49319860337,5.49319860307,5.49319860333,5.49319860333,5.49319860333,5.49319860333,5.49319860333,6.32170325057,6.32170325057,6.32170325067,6.32170325067,6.338570982399,6.338570982399,6.338570982379,6.338570982379,6.338570982399,6.338570982399,6.338570982388,6.338570982388,6.338570982399,6.338570981999,6.338570982399,6.338570982329,6.338570982329,6.338570982329,6.338570982399,6.338570982319,6.338570982319,6.338570982249,6.338570982249,6.338570982249,6.338570982249,6.338570982249,6.338570982249
"t84",6.887949483319,6.887949483319,6.887949482929,6.887949482929,6.887949482529,6.887949482529,6.887949482929,6.887949482729,6.887949482729,6.887949482739,6.887949482729,6.887949482729,6.887949482529,6.887949482729,6.887949482729,6.887949482629,6.887949482629,6.887949483229,6.887949482829,6.887949482829,6.887949482869,6.887949482869,6.887949482729,6.887949482929,6.887949482929,6.887949482929,6.887949482929,6.887949482729,6.887949482729,6.887949482729,6.887949482729,6.887949483429,6.887949483429,6.887949483729,5.04152115277,5.04152115277,5.04152115277,5.04152115287,5.04152115287,5.04152115297,5.04152115297,5.04152115297,5.04152115305,5.04152115305,4.63461621837,4.63461621837,4.63461621877,4.63461621847,4.63461621847,4.63461621846,4.63461621846,4.63461621847,4.63461621847,4.63461621847,4.63461621847,4.63461621847,4.51907630128,4.51907630128,4.51907630138,1.06121741908,0.2767000272,0,0.8756941178,4.07071575958,5.49319860337,5.49319860337,5.49319860337,5.49319860307,5.49319860333,5.49319860333,5.49319860333,5.49319860333,5.49319860333,6.32170325057,6.32170325057,6.32170325067,6.32170325067,6.338570982399,6.338570982399,6.338570982379,6.338570982379,6.338570982399,6.338570982399,6.338570982388,6.338570982388,6.338570982399,6.338570981999,6.338570982399,6.338570982329,6.338570982329,6.338570982329,6.338570982399,6.338570982319,6.338570982319,6.338570982249,6.338570982249,6.338570982249,6.338570982249,6.338570982249,6.338570982249
"t47",6.887949483319,6.887949483319,6.887949482929,6.887949482929,6.887949482529,6.887949482529,6.887949482929,6.887949482729,6.887949482729,6.887949482739,6.887949482729,6.887949482729,6.887949482529,6.887949482729,6.887949482729,6.887949482629,6.887949482629,6.887949483229,6.887949482829,6.887949482829,6.887949482869,6.887949482869,6.887949482729,6.887949482929,6.887949482929,6.887949482929,6.887949482929,6.887949482729,6.887949482729,6.887949482729,6.887949482729,6.887949483429,6.887949483429,6.887949483729,5.04152115277,5.04152115277,5.04152115277,5.04152115287,5.04152115287,5.04152115297,5.04152115297,5.04152115297,5.04152115305,5.04152115305,4.63461621837,4.63461621837,4.63461621877,4.63461621847,4.63461621847,4.63461621846,4.63461621846,4.63461621847,4.63461621847,4.63461621847,4.63461621847,4.63461621847,4.51907630128,4.51907630128,4.51907630138,1.06121741908,0.8756941178,0.8756941178,0,4.07071575958,5.49319860337,5.49319860337,5.49319860337,5.49319860307,5.49319860333,5.49319860333,5.49319860333,5.49319860333,5.49319860333,6.32170325057,6.32170325057,6.32170325067,6.32170325067,6.338570982399,6.338570982399,6.338570982379,6.338570982379,6.338570982399,6.338570982399,6.338570982388,6.338570982388,6.338570982399,6.338570981999,6.338570982399,6.338570982329,6.338570982329,6.338570982329,6.338570982399,6.338570982319,6.338570982319,6.338570982249,6.338570982249,6.338570982249,6.338570982249,6.338570982249,6.338570982249
"t2",6.887949483739,6.887949483739,6.887949483349,6.887949483349,6.887949482949,6.887949482949,6.887949483349,6.887949483149,6.887949483149,6.887949483159,6.887949483149,6.887949483149,6.887949482949,6.887949483149,6.887949483149,6.887949483049,6.887949483049,6.887949483649,6.887949483249,6.887949483249,6.887949483289,6.887949483289,6.887949483149,6.887949483349,6.887949483349,6.887949483349,6.887949483349,6.887949483149,6.887949483149,6.887949483149,6.887949483149,6.887949483849,6.887949483849,6.887949484149,5.04152115319,5.04152115319,5.04152115319,5.04152115329,5.04152115329,5.04152115339,5.04152115339,5.04152115339,5.04152115347,5.04152115347,4.63461621879,4.63461621879,4.63461621919,4.63461621889,4.63461621889,4.63461621888,4.63461621888,4.63461621889,4.63461621889,4.63461621889,4.63461621889,4.63461621889,4.5190763017,4.5190763017,4.5190763018,4.0707157595,4.07071575958,4.07071575958,4.07071575958,0,5.49319860379,5.49319860379,5.49319860379,5.49319860349,5.49319860375,5.49319860375,5.49319860375,5.49319860375,5.49319860375,6.32170325099,6.32170325099,6.32170325109,6.32170325109,6.338570982819,6.338570982819,6.338570982799,6.338570982799,6.338570982819,6.338570982819,6.338570982808,6.338570982808,6.338570982819,6.338570982419,6.338570982819,6.338570982749,6.338570982749,6.338570982749,6.338570982819,6.338570982739,6.338570982739,6.338570982669,6.338570982669,6.338570982669,6.338570982669,6.338570982669,6.338570982669
"t26",6.887949483549,6.887949483549,6.887949483159,6.887949483159,6.887949482759,6.887949482759,6.887949483159,6.887949482959,6.887949482959,6.887949482969,6.887949482959,6.887949482959,6.887949482759,6.887949482959,6.887949482959,6.887949482859,6.887949482859,6.887949483459,6.887949483059,6.887949483059,6.887949483099,6.887949483099,6.887949482959,6.887949483159,6.887949483159,6.887949483159,6.887949483159,6.887949482959,6.887949482959,6.887949482959,6.887949482959,6.887949483659,6.887949483659,6.887949483959,5.4931986036,5.4931986036,5.4931986036,5.4931986037,5.4931986037,5.4931986038,5.4931986038,5.4931986038,5.49319860388,5.49319860388,5.4931986038,5.4931986038,5.4931986042,5.4931986039,5.4931986039,5.49319860389,5.49319860389,5.4931986039,5.4931986039,5.4931986039,5.4931986039,5.4931986039,5.49319860349,5.49319860349,5.49319860359,5.49319860329,5.49319860337,5.49319860337,5.49319860337,5.49319860379,0,1.502587305,1.7766785484,3.3728224953,3.37282249556,3.37282249556,3.37282249556,3.37282249556,3.37282249556,6.3217032508,6.3217032508,6.3217032509,6.3217032509,6.338570982629,6.338570982629,6.338570982609,6.338570982609,6.338570982629,6.338570982629,6.338570982618,6.338570982618,6.338570982629,6.338570982229,6.338570982629,6.338570982559,6.338570982559,6.338570982559,6.338570982629,6.338570982549,6.338570982549,6.338570982479,6.338570982479,6.338570982479,6.338570982479,6.338570982479,6.338570982479
"t27",6.887949483549,6.887949483549,6.887949483159,6.887949483159,6.887949482759,6.887949482759,6.887949483159,6.887949482959,6.887949482959,6.887949482969,6.887949482959,6.887949482959,6.887949482759,6.887949482959,6.887949482959,6.887949482859,6.887949482859,6.887949483459,6.887949483059,6.887949483059,6.887949483099,6.887949483099,6.887949482959,6.887949483159,6.887949483159,6.887949483159,6.887949483159,6.887949482959,6.887949482959,6.887949482959,6.887949482959,6.887949483659,6.887949483659,6.887949483959,5.4931986036,5.4931986036,5.4931986036,5.4931986037,5.4931986037,5.4931986038,5.4931986038,5.4931986038,5.49319860388,5.49319860388,5.4931986038,5.4931986038,5.4931986042,5.4931986039,5.4931986039,5.49319860389,5.49319860389,5.4931986039,5.4931986039,5.4931986039,5.4931986039,5.4931986039,5.49319860349,5.49319860349,5.49319860359,5.49319860329,5.49319860337,5.49319860337,5.49319860337,5.49319860379,1.502587305,0,1.7766785484,3.3728224953,3.37282249556,3.37282249556,3.37282249556,3.37282249556,3.37282249556,6.3217032508,6.3217032508,6.3217032509,6.3217032509,6.338570982629,6.338570982629,6.338570982609,6.338570982609,6.338570982629,6.338570982629,6.338570982618,6.338570982618,6.338570982629,6.338570982229,6.338570982629,6.338570982559,6.338570982559,6.338570982559,6.338570982629,6.338570982549,6.338570982549,6.338570982479,6.338570982479,6.338570982479,6.338570982479,6.338570982479,6.338570982479
"t18",6.887949483549,6.887949483549,6.887949483159,6.887949483159,6.887949482759,6.887949482759,6.887949483159,6.887949482959,6.887949482959,6.887949482969,6.887949482959,6.887949482959,6.887949482759,6.887949482959,6.887949482959,6.887949482859,6.887949482859,6.887949483459,6.887949483059,6.887949483059,6.887949483099,6.887949483099,6.887949482959,6.887949483159,6.887949483159,6.887949483159,6.887949483159,6.887949482959,6.887949482959,6.887949482959,6.887949482959,6.887949483659,6.887949483659,6.887949483959,5.4931986036,5.4931986036,5.4931986036,5.4931986037,5.4931986037,5.4931986038,5.4931986038,5.4931986038,5.49319860388,5.49319860388,5.4931986038,5.4931986038,5.4931986042,5.4931986039,5.4931986039,5.49319860389,5.49319860389,5.4931986039,5.4931986039,5.4931986039,5.4931986039,5.4931986039,5.49319860349,5.49319860349,5.49319860359,5.49319860329,5.49319860337,5.49319860337,5.49319860337,5.49319860379,1.7766785484,1.7766785484,0,3.3728224953,3.37282249556,3.37282249556,3.37282249556,3.37282249556,3.37282249556,6.3217032508,6.3217032508,6.3217032509,6.3217032509,6.338570982629,6.338570982629,6.338570982609,6.338570982609,6.338570982629,6.338570982629,6.338570982618,6.338570982618,6.338570982629,6.338570982229,6.338570982629,6.338570982559,6.338570982559,6.338570982559,6.338570982629,6.338570982549,6.338570982549,6.338570982479,6.338570982479,6.338570982479,6.338570982479,6.338570982479,6.338570982479
"t4",6.887949483249,6.887949483249,6.887949482859,6.887949482859,6.887949482459,6.887949482459,6.887949482859,6.887949482659,6.887949482659,6.887949482669,6.887949482659,6.887949482659,6.887949482459,6.887949482659,6.887949482659,6.887949482559,6.887949482559,6.887949483159,6.887949482759,6.887949482759,6.887949482799,6.887949482799,6.887949482659,6.887949482859,6.887949482859,6.887949482859,6.887949482859,6.887949482659,6.887949482659,6.887949482659,6.887949482659,6.887949483359,6.887949483359,6.887949483659,5.4931986033,5.4931986033,5.4931986033,5.4931986034,5.4931986034,5.4931986035,5.4931986035,5.4931986035,5.49319860358,5.49319860358,5.4931986035,5.4931986035,5.4931986039,5.4931986036,5.4931986036,5.49319860359,5.49319860359,5.4931986036,5.4931986036,5.4931986036,5.4931986036,5.4931986036,5.49319860319,5.49319860319,5.49319860329,5.49319860299,5.49319860307,5.49319860307,5.49319860307,5.49319860349,3.3728224953,3.3728224953,3.3728224953,0,3.04685010226,3.04685010226,3.04685010226,3.04685010226,3.04685010226,6.3217032505,6.3217032505,6.3217032506,6.3217032506,6.338570982329,6.338570982329,6.338570982309,6.338570982309,6.338570982329,6.338570982329,6.338570982318,6.338570982318,6.338570982329,6.338570981929,6.338570982329,6.338570982259,6.338570982259,6.338570982259,6.338570982329,6.338570982249,6.338570982249,6.338570982179,6.338570982179,6.338570982179,6.338570982179,6.338570982179,6.338570982179
"t39",6.887949483509,6.887949483509,6.887949483119,6.887949483119,6.887949482719,6.887949482719,6.887949483119,6.887949482919,6.887949482919,6.887949482929,6.887949482919,6.887949482919,6.887949482719,6.887949482919,6.887949482919,6.887949482819,6.887949482819,6.887949483419,6.887949483019,6.887949483019,6.887949483059,6.887949483059,6.887949482919,6.887949483119,6.887949483119,6.887949483119,6.887949483119,6.887949482919,6.887949482919,6.887949482919,6.887949482919,6.887949483619,6.887949483619,6.887949483919,5.49319860356,5.49319860356,5.49319860356,5.49319860366,5.49319860366,5.49319860376,5.49319860376,5.49319860376,5.49319860384,5.49319860384,5.49319860376,5.49319860376,5.49319860416,5.49319860386,5.49319860386,5.49319860385,5.49319860385,5.49319860386,5.49319860386,5.49319860386,5.49319860386,5.49319860386,5.49319860345,5.49319860345,5.49319860355,5.49319860325,5.49319860333,5.49319860333,5.49319860333,5.49319860375,3.37282249556,3.37282249556,3.37282249556,3.04685010226,0,0.922544874,2.8484091162,2.8484091162,2.8484091162,6.32170325076,6.32170325076,6.32170325086,6.32170325086,6.338570982589,6.338570982589,6.338570982569,6.338570982569,6.338570982589,6.338570982589,6.338570982578,6.338570982578,6.338570982589,6.338570982189,6.338570982589,6.338570982519,6.338570982519,6.338570982519,6.338570982589,6.338570982509,6.338570982509,6.338570982439,6.338570982439,6.338570982439,6.338570982439,6.338570982439,6.338570982439
"t40",6.887949483509,6.887949483509,6.887949483119,6.887949483119,6.887949482719,6.887949482719,6.887949483119,6.887949482919,6.887949482919,6.887949482929,6.887949482919,6.887949482919,6.887949482719,6.887949482919,6.887949482919,6.887949482819,6.887949482819,6.887949483419,6.887949483019,6.887949483019,6.887949483059,6.887949483059,6.887949482919,6.887949483119,6.887949483119,6.887949483119,6.887949483119,6.887949482919,6.887949482919,6.887949482919,6.887949482919,6.887949483619,6.887949483619,6.887949483919,5.49319860356,5.49319860356,5.49319860356,5.49319860366,5.49319860366,5.49319860376,5.49319860376,5.49319860376,5.49319860384,5.49319860384,5.49319860376,5.49319860376,5.49319860416,5.49319860386,5.49319860386,5.49319860385,5.49319860385,5.49319860386,5.49319860386,5.49319860386,5.49319860386,5.49319860386,5.49319860345,5.49319860345,5.49319860355,5.49319860325,5.49319860333,5.49319860333,5.49319860333,5.49319860375,3.37282249556,3.37282249556,3.37282249556,3.04685010226,0.922544874,0,2.8484091162,2.8484091162,2.8484091162,6.32170325076,6.32170325076,6.32170325086,6.32170325086,6.338570982589,6.338570982589,6.338570982569,6.338570982569,6.338570982589,6.338570982589,6.338570982578,6.338570982578,6.338570982589,6.338570982189,6.338570982589,6.338570982519,6.338570982519,6.338570982519,6.338570982589,6.338570982509,6.338570982509,6.338570982439,6.338570982439,6.338570982439,6.338570982439,6.338570982439,6.338570982439
"t52",6.887949483509,6.887949483509,6.887949483119,6.887949483119,6.887949482719,6.887949482719,6.887949483119,6.887949482919,6.887949482919,6.887949482929,6.887949482919,6.887949482919,6.887949482719,6.887949482919,6.887949482919,6.887949482819,6.887949482819,6.887949483419,6.887949483019,6.887949483019,6.887949483059,6.887949483059,6.887949482919,6.887949483119,6.887949483119,6.887949483119,6.887949483119,6.887949482919,6.887949482919,6.887949482919,6.887949482919,6.887949483619,6.887949483619,6.887949483919,5.49319860356,5.49319860356,5.49319860356,5.49319860366,5.49319860366,5.49319860376,5.49319860376,5.49319860376,5.49319860384,5.49319860384,5.49319860376,5.49319860376,5.49319860416,5.49319860386,5.49319860386,5.49319860385,5.49319860385,5.49319860386,5.49319860386,5.49319860386,5.49319860386,5.49319860386,5.49319860345,5.49319860345,5.49319860355,5.49319860325,5.49319860333,5.49319860333,5.49319860333,5.49319860375,3.37282249556,3.37282249556,3.37282249556,3.04685010226,2.8484091162,2.8484091162,0,0.8138306794,1.899069096,6.32170325076,6.32170325076,6.32170325086,6.32170325086,6.338570982589,6.338570982589,6.338570982569,6.338570982569,6.338570982589,6.338570982589,6.338570982578,6.338570982578,6.338570982589,6.338570982189,6.338570982589,6.338570982519,6.338570982519,6.338570982519,6.338570982589,6.338570982509,6.338570982509,6.338570982439,6.338570982439,6.338570982439,6.338570982439,6.338570982439,6.338570982439
"t53",6.887949483509,6.887949483509,6.887949483119,6.887949483119,6.887949482719,6.887949482719,6.887949483119,6.887949482919,6.887949482919,6.887949482929,6.887949482919,6.887949482919,6.887949482719,6.887949482919,6.887949482919,6.887949482819,6.887949482819,6.887949483419,6.887949483019,6.887949483019,6.887949483059,6.887949483059,6.887949482919,6.887949483119,6.887949483119,6.887949483119,6.887949483119,6.887949482919,6.887949482919,6.887949482919,6.887949482919,6.887949483619,6.887949483619,6.887949483919,5.49319860356,5.49319860356,5.49319860356,5.49319860366,5.49319860366,5.49319860376,5.49319860376,5.49319860376,5.49319860384,5.49319860384,5.49319860376,5.49319860376,5.49319860416,5.49319860386,5.49319860386,5.49319860385,5.49319860385,5.49319860386,5.49319860386,5.49319860386,5.49319860386,5.49319860386,5.49319860345,5.49319860345,5.49319860355,5.49319860325,5.49319860333,5.49319860333,5.49319860333,5.49319860375,3.37282249556,3.37282249556,3.37282249556,3.04685010226,2.8484091162,2.8484091162,0.8138306794,0,1.899069096,6.32170325076,6.32170325076,6.32170325086,6.32170325086,6.338570982589,6.338570982589,6.338570982569,6.338570982569,6.338570982589,6.338570982589,6.338570982578,6.338570982578,6.338570982589,6.338570982189,6.338570982589,6.338570982519,6.338570982519,6.338570982519,6.338570982589,6.338570982509,6.338570982509,6.338570982439,6.338570982439,6.338570982439,6.338570982439,6.338570982439,6.338570982439
"t17",6.887949483509,6.887949483509,6.887949483119,6.887949483119,6.887949482719,6.887949482719,6.887949483119,6.887949482919,6.887949482919,6.887949482929,6.887949482919,6.887949482919,6.887949482719,6.887949482919,6.887949482919,6.887949482819,6.887949482819,6.887949483419,6.887949483019,6.887949483019,6.887949483059,6.887949483059,6.887949482919,6.887949483119,6.887949483119,6.887949483119,6.887949483119,6.887949482919,6.887949482919,6.887949482919,6.887949482919,6.887949483619,6.887949483619,6.887949483919,5.49319860356,5.49319860356,5.49319860356,5.49319860366,5.49319860366,5.49319860376,5.49319860376,5.49319860376,5.49319860384,5.49319860384,5.49319860376,5.49319860376,5.49319860416,5.49319860386,5.49319860386,5.49319860385,5.49319860385,5.49319860386,5.49319860386,5.49319860386,5.49319860386,5.49319860386,5.49319860345,5.49319860345,5.49319860355,5.49319860325,5.49319860333,5.49319860333,5.49319860333,5.49319860375,3.37282249556,3.37282249556,3.37282249556,3.04685010226,2.8484091162,2.8484091162,1.899069096,1.899069096,0,6.32170325076,6.32170325076,6.32170325086,6.32170325086,6.338570982589,6.338570982589,6.338570982569,6.338570982569,6.338570982589,6.338570982589,6.338570982578,6.338570982578,6.338570982589,6.338570982189,6.338570982589,6.338570982519,6.338570982519,6.338570982519,6.338570982589,6.338570982509,6.338570982509,6.338570982439,6.338570982439,6.338570982439,6.338570982439,6.338570982439,6.338570982439
"t72",6.887949484149,6.887949484149,6.887949483759,6.887949483759,6.887949483359,6.887949483359,6.887949483759,6.887949483559,6.887949483559,6.887949483569,6.887949483559,6.887949483559,6.887949483359,6.887949483559,6.887949483559,6.887949483459,6.887949483459,6.887949484059,6.887949483659,6.887949483659,6.887949483699,6.887949483699,6.887949483559,6.887949483759,6.887949483759,6.887949483759,6.887949483759,6.887949483559,6.887949483559,6.887949483559,6.887949483559,6.887949484259,6.887949484259,6.887949484559,6.3217032508,6.3217032508,6.3217032508,6.3217032509,6.3217032509,6.321703251,6.321703251,6.321703251,6.32170325108,6.32170325108,6.321703251,6.321703251,6.3217032514,6.3217032511,6.3217032511,6.32170325109,6.32170325109,6.3217032511,6.3217032511,6.3217032511,6.3217032511,6.3217032511,6.32170325069,6.32170325069,6.32170325079,6.32170325049,6.32170325057,6.32170325057,6.32170325057,6.32170325099,6.3217032508,6.3217032508,6.3217032508,6.3217032505,6.32170325076,6.32170325076,6.32170325076,6.32170325076,6.32170325076,0,0.4502748542,1.8340944735,1.8340944735,6.338570983229,6.338570983229,6.338570983209,6.338570983209,6.338570983229,6.338570983229,6.338570983218,6.338570983218,6.338570983229,6.338570982829,6.338570983229,6.338570983159,6.338570983159,6.338570983159,6.338570983229,6.338570983149,6.338570983149,6.338570983079,6.338570983079,6.338570983079,6.338570983079,6.338570983079,6.338570983079
"t73",6.887949484149,6.887949484149,6.887949483759,6.887949483759,6.887949483359,6.887949483359,6.887949483759,6.887949483559,6.887949483559,6.887949483569,6.887949483559,6.887949483559,6.887949483359,6.887949483559,6.887949483559,6.887949483459,6.887949483459,6.887949484059,6.887949483659,6.887949483659,6.887949483699,6.887949483699,6.887949483559,6.887949483759,6.887949483759,6.887949483759,6.887949483759,6.887949483559,6.887949483559,6.887949483559,6.887949483559,6.887949484259,6.887949484259,6.887949484559,6.3217032508,6.3217032508,6.3217032508,6.3217032509,6.3217032509,6.321703251,6.321703251,6.321703251,6.32170325108,6.32170325108,6.321703251,6.321703251,6.3217032514,6.3217032511,6.3217032511,6.32170325109,6.32170325109,6.3217032511,6.3217032511,6.3217032511,6.3217032511,6.3217032511,6.32170325069,6.32170325069,6.32170325079,6.32170325049,6.32170325057,6.32170325057,6.32170325057,6.32170325099,6.3217032508,6.3217032508,6.3217032508,6.3217032505,6.32170325076,6.32170325076,6.32170325076,6.32170325076,6.32170325076,0.4502748542,0,1.8340944735,1.8340944735,6.338570983229,6.338570983229,6.338570983209,6.338570983209,6.338570983229,6.338570983229,6.338570983218,6.338570983218,6.338570983229,6.338570982829,6.338570983229,6.338570983159,6.338570983159,6.338570983159,6.338570983229,6.338570983149,6.338570983149,6.338570983079,6.338570983079,6.338570983079,6.338570983079,6.338570983079,6.338570983079
"t49",6.887949484249,6.887949484249,6.887949483859,6.887949483859,6.887949483459,6.887949483459,6.887949483859,6.887949483659,6.887949483659,6.887949483669,6.887949483659,6.887949483659,6.887949483459,6.887949483659,6.887949483659,6.887949483559,6.887949483559,6.887949484159,6.887949483759,6.887949483759,6.887949483799,6.887949483799,6.887949483659,6.887949483859,6.887949483859,6.887949483859,6.887949483859,6.887949483659,6.887949483659,6.887949483659,6.887949483659,6.887949484359,6.887949484359,6.887949484659,6.3217032509,6.3217032509,6.3217032509,6.321703251,6.321703251,6.3217032511,6.3217032511,6.3217032511,6.32170325118,6.32170325118,6.3217032511,6.3217032511,6.3217032515,6.3217032512,6.3217032512,6.32170325119,6.32170325119,6.3217032512,6.3217032512,6.3217032512,6.3217032512,6.3217032512,6.32170325079,6.32170325079,6.32170325089,6.32170325059,6.32170325067,6.32170325067,6.32170325067,6.32170325109,6.3217032509,6.3217032509,6.3217032509,6.3217032506,6.32170325086,6.32170325086,6.32170325086,6.32170325086,6.32170325086,1.8340944735,1.8340944735,0,0.8539553658,6.338570983329,6.338570983329,6.338570983309,6.338570983309,6.338570983329,6.338570983329,6.338570983318,6.338570983318,6.338570983329,6.338570982929,6.338570983329,6.338570983259,6.338570983259,6.338570983259,6.338570983329,6.338570983249,6.338570983249,6.338570983179,6.338570983179,6.338570983179,6.338570983179,6.338570983179,6.338570983179
"t50",6.887949484249,6.887949484249,6.887949483859,6.887949483859,6.887949483459,6.887949483459,6.887949483859,6.887949483659,6.887949483659,6.887949483669,6.887949483659,6.887949483659,6.887949483459,6.887949483659,6.887949483659,6.887949483559,6.887949483559,6.887949484159,6.887949483759,6.887949483759,6.887949483799,6.887949483799,6.887949483659,6.887949483859,6.887949483859,6.887949483859,6.887949483859,6.887949483659,6.887949483659,6.887949483659,6.887949483659,6.887949484359,6.887949484359,6.887949484659,6.3217032509,6.3217032509,6.3217032509,6.321703251,6.321703251,6.3217032511,6.3217032511,6.3217032511,6.32170325118,6.32170325118,6.3217032511,6.3217032511,6.3217032515,6.3217032512,6.3217032512,6.32170325119,6.32170325119,6.3217032512,6.3217032512,6.3217032512,6.3217032512,6.3217032512,6.32170325079,6.32170325079,6.32170325089,6.32170325059,6.32170325067,6.32170325067,6.32170325067,6.32170325109,6.3217032509,6.3217032509,6.3217032509,6.3217032506,6.32170325086,6.32170325086,6.32170325086,6.32170325086,6.32170325086,1.8340944735,1.8340944735,0.8539553658,0,6.338570983329,6.338570983329,6.338570983309,6.338570983309,6.338570983329,6.338570983329,6.338570983318,6.338570983318,6.338570983329,6.338570982929,6.338570983329,6.338570983259,6.338570983259,6.338570983259,6.338570983329,6.338570983249,6.338570983249,6.338570983179,6.338570983179,6.338570983179,6.338570983179,6.338570983179,6.338570983179
"t1",6.88794948366,6.88794948366,6.88794948327,6.88794948327,6.88794948287,6.88794948287,6.88794948327,6.88794948307,6.88794948307,6.88794948308,6.88794948307,6.88794948307,6.88794948287,6.88794948307,6.88794948307,6.88794948297,6.88794948297,6.88794948357,6.88794948317,6.88794948317,6.88794948321,6.88794948321,6.88794948307,6.88794948327,6.88794948327,6.88794948327,6.88794948327,6.88794948307,6.88794948307,6.88794948307,6.88794948307,6.88794948377,6.88794948377,6.88794948407,6.338570982629,6.338570982629,6.338570982629,6.338570982729,6.338570982729,6.338570982829,6.338570982829,6.338570982829,6.338570982909,6.338570982909,6.338570982829,6.338570982829,6.338570983229,6.338570982929,6.338570982929,6.338570982919,6.338570982919,6.338570982929,6.338570982929,6.338570982929,6.338570982929,6.338570982929,6.338570982519,6.338570982519,6.338570982619,6.338570982319,6.338570982399,6.338570982399,6.338570982399,6.338570982819,6.338570982629,6.338570982629,6.338570982629,6.338570982329,6.338570982589,6.338570982589,6.338570982589,6.338570982589,6.338570982589,6.338570983229,6.338570983229,6.338570983329,6.338570983329,0,4.675766082,4.67576608198,4.67576608198,4.675766082,4.675766082,4.675766081989,4.675766081989,4.675766082,4.6757660816,4.675766082,4.67576608193,4.67576608193,4.67576608193,4.675766082,4.85613305306,4.85613305306,4.85613305299,4.85613305299,4.85613305299,4.85613305299,4.85613305299,4.85613305299
"t35",6.88794948366,6.88794948366,6.88794948327,6.88794948327,6.88794948287,6.88794948287,6.88794948327,6.88794948307,6.88794948307,6.88794948308,6.88794948307,6.88794948307,6.88794948287,6.88794948307,6.88794948307,6.88794948297,6.88794948297,6.88794948357,6.88794948317,6.88794948317,6.88794948321,6.88794948321,6.88794948307,6.88794948327,6.88794948327,6.88794948327,6.88794948327,6.88794948307,6.88794948307,6.88794948307,6.88794948307,6.88794948377,6.88794948377,6.88794948407,6.338570982629,6.338570982629,6.338570982629,6.338570982729,6.338570982729,6.338570982829,6.338570982829,6.338570982829,6.338570982909,6.338570982909,6.338570982829,6.338570982829,6.338570983229,6.338570982929,6.338570982929,6.338570982919,6.338570982919,6.338570982929,6.338570982929,6.338570982929,6.338570982929,6.338570982929,6.338570982519,6.338570982519,6.338570982619,6.338570982319,6.338570982399,6.338570982399,6.338570982399,6.338570982819,6.338570982629,6.338570982629,6.338570982629,6.338570982329,6.338570982589,6.338570982589,6.338570982589,6.338570982589,6.338570982589,6.338570983229,6.338570983229,6.338570983329,6.338570983329,4.675766082,0,1.16390016458,1.16390016458,2.8607889706,2.8607889706,2.860788970589,2.860788970589,2.8607889706,3.4444661498,3.4444661502,3.44446615013,3.44446615013,3.44446615013,3.4444661502,4.85613305306,4.85613305306,4.85613305299,4.85613305299,4.85613305299,4.85613305299,4.85613305299,4.85613305299
"t95",6.88794948364,6.88794948364,6.88794948325,6.88794948325,6.88794948285,6.88794948285,6.88794948325,6.88794948305,6.88794948305,6.88794948306,6.88794948305,6.88794948305,6.88794948285,6.88794948305,6.88794948305,6.88794948295,6.88794948295,6.88794948355,6.88794948315,6.88794948315,6.88794948319,6.88794948319,6.88794948305,6.88794948325,6.88794948325,6.88794948325,6.88794948325,6.88794948305,6.88794948305,6.88794948305,6.88794948305,6.88794948375,6.88794948375,6.88794948405,6.338570982609,6.338570982609,6.338570982609,6.338570982709,6.338570982709,6.338570982809,6.338570982809,6.338570982809,6.338570982889,6.338570982889,6.338570982809,6.338570982809,6.338570983209,6.338570982909,6.338570982909,6.338570982899,6.338570982899,6.338570982909,6.338570982909,6.338570982909,6.338570982909,6.338570982909,6.338570982499,6.338570982499,6.338570982599,6.338570982299,6.338570982379,6.338570982379,6.338570982379,6.338570982799,6.338570982609,6.338570982609,6.338570982609,6.338570982309,6.338570982569,6.338570982569,6.338570982569,6.338570982569,6.338570982569,6.338570983209,6.338570983209,6.338570983309,6.338570983309,4.67576608198,1.16390016458,0,0.06980469936,2.86078897058,2.86078897058,2.860788970569,2.860788970569,2.86078897058,3.44446614978,3.44446615018,3.44446615011,3.44446615011,3.44446615011,3.44446615018,4.85613305304,4.85613305304,4.85613305297,4.85613305297,4.85613305297,4.85613305297,4.85613305297,4.85613305297
"t96",6.88794948364,6.88794948364,6.88794948325,6.88794948325,6.88794948285,6.88794948285,6.88794948325,6.88794948305,6.88794948305,6.88794948306,6.88794948305,6.88794948305,6.88794948285,6.88794948305,6.88794948305,6.88794948295,6.88794948295,6.88794948355,6.88794948315,6.88794948315,6.88794948319,6.88794948319,6.88794948305,6.88794948325,6.88794948325,6.88794948325,6.88794948325,6.88794948305,6.88794948305,6.88794948305,6.88794948305,6.88794948375,6.88794948375,6.88794948405,6.338570982609,6.338570982609,6.338570982609,6.338570982709,6.338570982709,6.338570982809,6.338570982809,6.338570982809,6.338570982889,6.338570982889,6.338570982809,6.338570982809,6.338570983209,6.338570982909,6.338570982909,6.338570982899,6.338570982899,6.338570982909,6.338570982909,6.338570982909,6.338570982909,6.338570982909,6.338570982499,6.338570982499,6.338570982599,6.338570982299,6.338570982379,6.338570982379,6.338570982379,6.338570982799,6.338570982609,6.338570982609,6.338570982609,6.338570982309,6.338570982569,6.338570982569,6.338570982569,6.338570982569,6.338570982569,6.338570983209,6.338570983209,6.338570983309,6.338570983309,4.67576608198,1.16390016458,0.06980469936,0,2.86078897058,2.86078897058,2.860788970569,2.860788970569,2.86078897058,3.44446614978,3.44446615018,3.44446615011,3.44446615011,3.44446615011,3.44446615018,4.85613305304,4.85613305304,4.85613305297,4.85613305297,4.85613305297,4.85613305297,4.85613305297,4.85613305297
"t30",6.88794948366,6.88794948366,6.88794948327,6.88794948327,6.88794948287,6.88794948287,6.88794948327,6.88794948307,6.88794948307,6.88794948308,6.88794948307,6.88794948307,6.88794948287,6.88794948307,6.88794948307,6.88794948297,6.88794948297,6.88794948357,6.88794948317,6.88794948317,6.88794948321,6.88794948321,6.88794948307,6.88794948327,6.88794948327,6.88794948327,6.88794948327,6.88794948307,6.88794948307,6.88794948307,6.88794948307,6.88794948377,6.88794948377,6.88794948407,6.338570982629,6.338570982629,6.338570982629,6.338570982729,6.338570982729,6.338570982829,6.338570982829,6.338570982829,6.338570982909,6.338570982909,6.338570982829,6.338570982829,6.338570983229,6.338570982929,6.338570982929,6.338570982919,6.338570982919,6.338570982929,6.338570982929,6.338570982929,6.338570982929,6.338570982929,6.338570982519,6.338570982519,6.338570982619,6.338570982319,6.338570982399,6.338570982399,6.338570982399,6.338570982819,6.338570982629,6.338570982629,6.338570982629,6.338570982329,6.338570982589,6.338570982589,6.338570982589,6.338570982589,6.338570982589,6.338570983229,6.338570983229,6.338570983329,6.338570983329,4.675766082,2.8607889706,2.86078897058,2.86078897058,0,1.3820361282,1.382036128189,1.382036128189,1.3820361282,3.4444661498,3.4444661502,3.44446615013,3.44446615013,3.44446615013,3.4444661502,4.85613305306,4.85613305306,4.85613305299,4.85613305299,4.85613305299,4.85613305299,4.85613305299,4.85613305299
"t48",6.88794948366,6.88794948366,6.88794948327,6.88794948327,6.88794948287,6.88794948287,6.88794948327,6.88794948307,6.88794948307,6.88794948308,6.88794948307,6.88794948307,6.88794948287,6.88794948307,6.88794948307,6.88794948297,6.88794948297,6.88794948357,6.88794948317,6.88794948317,6.88794948321,6.88794948321,6.88794948307,6.88794948327,6.88794948327,6.88794948327,6.88794948327,6.88794948307,6.88794948307,6.88794948307,6.88794948307,6.88794948377,6.88794948377,6.88794948407,6.338570982629,6.338570982629,6.338570982629,6.338570982729,6.338570982729,6.338570982829,6.338570982829,6.338570982829,6.338570982909,6.338570982909,6.338570982829,6.338570982829,6.338570983229,6.338570982929,6.338570982929,6.338570982919,6.338570982919,6.338570982929,6.338570982929,6.338570982929,6.338570982929,6.338570982929,6.338570982519,6.338570982519,6.338570982619,6.338570982319,6.338570982399,6.338570982399,6.338570982399,6.338570982819,6.338570982629,6.338570982629,6.338570982629,6.338570982329,6.338570982589,6.338570982589,6.338570982589,6.338570982589,6.338570982589,6.338570983229,6.338570983229,6.338570983329,6.338570983329,4.675766082,2.8607889706,2.86078897058,2.86078897058,1.3820361282,0,0.862386071589,0.862386071589,0.8623860716,3.4444661498,3.4444661502,3.44446615013,3.44446615013,3.44446615013,3.4444661502,4.85613305306,4.85613305306,4.85613305299,4.85613305299,4.85613305299,4.85613305299,4.85613305299,4.85613305299
"t81",6.887949483649,6.887949483649,6.887949483259,6.887949483259,6.887949482859,6.887949482859,6.887949483259,6.887949483059,6.887949483059,6.887949483069,6.887949483059,6.887949483059,6.887949482859,6.887949483059,6.887949483059,6.887949482959,6.887949482959,6.887949483559,6.887949483159,6.887949483159,6.887949483199,6.887949483199,6.887949483059,6.887949483259,6.887949483259,6.887949483259,6.887949483259,6.887949483059,6.887949483059,6.887949483059,6.887949483059,6.887949483759,6.887949483759,6.887949484059,6.338570982618,6.338570982618,6.338570982618,6.338570982718,6.338570982718,6.338570982818,6.338570982818,6.338570982818,6.338570982898,6.338570982898,6.338570982818,6.338570982818,6.338570983218,6.338570982918,6.338570982918,6.338570982908,6.338570982908,6.338570982918,6.338570982918,6.338570982918,6.338570982918,6.338570982918,6.338570982508,6.338570982508,6.338570982608,6.338570982308,6.338570982388,6.338570982388,6.338570982388,6.338570982808,6.338570982618,6.338570982618,6.338570982618,6.338570982318,6.338570982578,6.338570982578,6.338570982578,6.338570982578,6.338570982578,6.338570983218,6.338570983218,6.338570983318,6.338570983318,4.675766081989,2.860788970589,2.860788970569,2.860788970569,1.382036128189,0.862386071589,0,0.3230534914,0.329615511989,3.444466149789,3.444466150189,3.444466150119,3.444466150119,3.444466150119,3.444466150189,4.856133053049,4.856133053049,4.856133052979,4.856133052979,4.856133052979,4.856133052979,4.856133052979,4.856133052979
"t82",6.887949483649,6.887949483649,6.887949483259,6.887949483259,6.887949482859,6.887949482859,6.887949483259,6.887949483059,6.887949483059,6.887949483069,6.887949483059,6.887949483059,6.887949482859,6.887949483059,6.887949483059,6.887949482959,6.887949482959,6.887949483559,6.887949483159,6.887949483159,6.887949483199,6.887949483199,6.887949483059,6.887949483259,6.887949483259,6.887949483259,6.887949483259,6.887949483059,6.887949483059,6.887949483059,6.887949483059,6.887949483759,6.887949483759,6.887949484059,6.338570982618,6.338570982618,6.338570982618,6.338570982718,6.338570982718,6.338570982818,6.338570982818,6.338570982818,6.338570982898,6.338570982898,6.338570982818,6.338570982818,6.338570983218,6.338570982918,6.338570982918,6.338570982908,6.338570982908,6.338570982918,6.338570982918,6.338570982918,6.338570982918,6.338570982918,6.338570982508,6.338570982508,6.338570982608,6.338570982308,6.338570982388,6.338570982388,6.338570982388,6.338570982808,6.338570982618,6.338570982618,6.338570982618,6.338570982318,6.338570982578,6.338570982578,6.338570982578,6.338570982578,6.338570982578,6.338570983218,6.338570983218,6.338570983318,6.338570983318,4.675766081989,2.860788970589,2.860788970569,2.860788970569,1.382036128189,0.862386071589,0.3230534914,0,0.329615511989,3.444466149789,3.444466150189,3.444466150119,3.444466150119,3.444466150119,3.444466150189,4.856133053049,4.856133053049,4.856133052979,4.856133052979,4.856133052979,4.856133052979,4.856133052979,4.856133052979
"t80",6.88794948366,6.88794948366,6.88794948327,6.88794948327,6.88794948287,6.88794948287,6.88794948327,6.88794948307,6.88794948307,6.88794948308,6.88794948307,6.88794948307,6.88794948287,6.88794948307,6.88794948307,6.88794948297,6.88794948297,6.88794948357,6.88794948317,6.88794948317,6.88794948321,6.88794948321,6.88794948307,6.88794948327,6.88794948327,6.88794948327,6.88794948327,6.88794948307,6.88794948307,6.88794948307,6.88794948307,6.88794948377,6.88794948377,6.88794948407,6.338570982629,6.338570982629,6.338570982629,6.338570982729,6.338570982729,6.338570982829,6.338570982829,6.338570982829,6.338570982909,6.338570982909,6.338570982829,6.338570982829,6.338570983229,6.338570982929,6.338570982929,6.338570982919,6.338570982919,6.338570982929,6.338570982929,6.338570982929,6.338570982929,6.338570982929,6.338570982519,6.338570982519,6.338570982619,6.338570982319,6.338570982399,6.338570982399,6.338570982399,6.338570982819,6.338570982629,6.338570982629,6.338570982629,6.338570982329,6.338570982589,6.338570982589,6.338570982589,6.338570982589,6.338570982589,6.338570983229,6.338570983229,6.338570983329,6.338570983329,4.675766082,2.8607889706,2.86078897058,2.86078897058,1.3820361282,0.8623860716,0.329615511989,0.329615511989,0,3.4444661498,3.4444661502,3.44446615013,3.44446615013,3.44446615013,3.4444661502,4.85613305306,4.85613305306,4.85613305299,4.85613305299,4.85613305299,4.85613305299,4.85613305299,4.85613305299
"t12",6.88794948326,6.88794948326,6.88794948287,6.88794948287,6.88794948247,6.88794948247,6.88794948287,6.88794948267,6.88794948267,6.88794948268,6.88794948267,6.88794948267,6.88794948247,6.88794948267,6.88794948267,6.88794948257,6.88794948257,6.88794948317,6.88794948277,6.88794948277,6.88794948281,6.88794948281,6.88794948267,6.88794948287,6.88794948287,6.88794948287,6.88794948287,6.88794948267,6.88794948267,6.88794948267,6.88794948267,6.88794948337,6.88794948337,6.88794948367,6.338570982229,6.338570982229,6.338570982229,6.338570982329,6.338570982329,6.338570982429,6.338570982429,6.338570982429,6.338570982509,6.338570982509,6.338570982429,6.338570982429,6.338570982829,6.338570982529,6.338570982529,6.338570982519,6.338570982519,6.338570982529,6.338570982529,6.338570982529,6.338570982529,6.338570982529,6.338570982119,6.338570982119,6.338570982219,6.338570981919,6.338570981999,6.338570981999,6.338570981999,6.338570982419,6.338570982229,6.338570982229,6.338570982229,6.338570981929,6.338570982189,6.338570982189,6.338570982189,6.338570982189,6.338570982189,6.338570982829,6.338570982829,6.338570982929,6.338570982929,4.6757660816,3.4444661498,3.44446614978,3.44446614978,3.4444661498,3.4444661498,3.444466149789,3.444466149789,3.4444661498,0,2.3993853184,2.39938531833,2.39938531833,2.39938531833,2.3993853184,4.85613305266,4.85613305266,4.85613305259,4.85613305259,4.85613305259,4.85613305259,4.85613305259,4.85613305259
"t51",6.88794948366,6.88794948366,6.88794948327,6.88794948327,6.88794948287,6.88794948287,6.88794948327,6.88794948307,6.88794948307,6.88794948308,6.88794948307,6.88794948307,6.88794948287,6.88794948307,6.88794948307,6.88794948297,6.88794948297,6.88794948357,6.88794948317,6.88794948317,6.88794948321,6.88794948321,6.88794948307,6.88794948327,6.88794948327,6.88794948327,6.88794948327,6.88794948307,6.88794948307,6.88794948307,6.88794948307,6.88794948377,6.88794948377,6.88794948407,6.338570982629,6.338570982629,6.338570982629,6.338570982729,6.338570982729,6.338570982829,6.338570982829,6.338570982829,6.338570982909,6.338570982909,6.338570982829,6.338570982829,6.338570983229,6.338570982929,6.338570982929,6.338570982919,6.338570982919,6.338570982929,6.338570982929,6.338570982929,6.338570982929,6.338570982929,6.338570982519,6.338570982519,6.338570982619,6.338570982319,6.338570982399,6.338570982399,6.338570982399,6.338570982819,6.338570982629,6.338570982629,6.338570982629,6.338570982329,6.338570982589,6.338570982589,6.338570982589,6.338570982589,6.338570982589,6.338570983229,6.338570983229,6.338570983329,6.338570983329,4.675766082,3.4444661502,3.44446615018,3.44446615018,3.4444661502,3.4444661502,3.444466150189,3.444466150189,3.4444661502,2.3993853184,0,0.83787646373,0.83787646373,0.83787646373,1.401199758,4.85613305306,4.85613305306,4.85613305299,4.85613305299,4.85613305299,4.85613305299,4.85613305299,4.85613305299
"t70",6.88794948359,6.88794948359,6.8879494832,6.8879494832,6.8879494828,6.8879494828,6.8879494832,6.887949483,6.887949483,6.88794948301,6.887949483,6.887949483,6.8879494828,6.887949483,6.887949483,6.8879494829,6.8879494829,6.8879494835,6.8879494831,6.8879494831,6.88794948314,6.88794948314,6.887949483,6.8879494832,6.8879494832,6.8879494832,6.8879494832,6.887949483,6.887949483,6.887949483,6.887949483,6.8879494837,6.8879494837,6.887949484,6.338570982559,6.338570982559,6.338570982559,6.338570982659,6.338570982659,6.338570982759,6.338570982759,6.338570982759,6.338570982839,6.338570982839,6.338570982759,6.338570982759,6.338570983159,6.338570982859,6.338570982859,6.338570982849,6.338570982849,6.338570982859,6.338570982859,6.338570982859,6.338570982859,6.338570982859,6.338570982449,6.338570982449,6.338570982549,6.338570982249,6.338570982329,6.338570982329,6.338570982329,6.338570982749,6.338570982559,6.338570982559,6.338570982559,6.338570982259,6.338570982519,6.338570982519,6.338570982519,6.338570982519,6.338570982519,6.338570983159,6.338570983159,6.338570983259,6.338570983259,4.67576608193,3.44446615013,3.44446615011,3.44446615011,3.44446615013,3.44446615013,3.444466150119,3.444466150119,3.44446615013,2.39938531833,0.83787646373,0,0.4507158912,0.8019666432,1.40119975793,4.85613305299,4.85613305299,4.85613305292,4.85613305292,4.85613305292,4.85613305292,4.85613305292,4.85613305292
"t71",6.88794948359,6.88794948359,6.8879494832,6.8879494832,6.8879494828,6.8879494828,6.8879494832,6.887949483,6.887949483,6.88794948301,6.887949483,6.887949483,6.8879494828,6.887949483,6.887949483,6.8879494829,6.8879494829,6.8879494835,6.8879494831,6.8879494831,6.88794948314,6.88794948314,6.887949483,6.8879494832,6.8879494832,6.8879494832,6.8879494832,6.887949483,6.887949483,6.887949483,6.887949483,6.8879494837,6.8879494837,6.887949484,6.338570982559,6.338570982559,6.338570982559,6.338570982659,6.338570982659,6.338570982759,6.338570982759,6.338570982759,6.338570982839,6.338570982839,6.338570982759,6.338570982759,6.338570983159,6.338570982859,6.338570982859,6.338570982849,6.338570982849,6.338570982859,6.338570982859,6.338570982859,6.338570982859,6.338570982859,6.338570982449,6.338570982449,6.338570982549,6.338570982249,6.338570982329,6.338570982329,6.338570982329,6.338570982749,6.338570982559,6.338570982559,6.338570982559,6.338570982259,6.338570982519,6.338570982519,6.338570982519,6.338570982519,6.338570982519,6.338570983159,6.338570983159,6.338570983259,6.338570983259,4.67576608193,3.44446615013,3.44446615011,3.44446615011,3.44446615013,3.44446615013,3.444466150119,3.444466150119,3.44446615013,2.39938531833,0.83787646373,0.4507158912,0,0.8019666432,1.40119975793,4.85613305299,4.85613305299,4.85613305292,4.85613305292,4.85613305292,4.85613305292,4.85613305292,4.85613305292
"t54",6.88794948359,6.88794948359,6.8879494832,6.8879494832,6.8879494828,6.8879494828,6.8879494832,6.887949483,6.887949483,6.88794948301,6.887949483,6.887949483,6.8879494828,6.887949483,6.887949483,6.8879494829,6.8879494829,6.8879494835,6.8879494831,6.8879494831,6.88794948314,6.88794948314,6.887949483,6.8879494832,6.8879494832,6.8879494832,6.8879494832,6.887949483,6.887949483,6.887949483,6.887949483,6.8879494837,6.8879494837,6.887949484,6.338570982559,6.338570982559,6.338570982559,6.338570982659,6.338570982659,6.338570982759,6.338570982759,6.338570982759,6.338570982839,6.338570982839,6.338570982759,6.338570982759,6.338570983159,6.338570982859,6.338570982859,6.338570982849,6.338570982849,6.338570982859,6.338570982859,6.338570982859,6.338570982859,6.338570982859,6.338570982449,6.338570982449,6.338570982549,6.338570982249,6.338570982329,6.338570982329,6.338570982329,6.338570982749,6.338570982559,6.338570982559,6.338570982559,6.338570982259,6.338570982519,6.338570982519,6.338570982519,6.338570982519,6.338570982519,6.338570983159,6.338570983159,6.338570983259,6.338570983259,4.67576608193,3.44446615013,3.44446615011,3.44446615011,3.44446615013,3.44446615013,3.444466150119,3.444466150119,3.44446615013,2.39938531833,0.83787646373,0.8019666432,0.8019666432,0,1.40119975793,4.85613305299,4.85613305299,4.85613305292,4.85613305292,4.85613305292,4.85613305292,4.85613305292,4.85613305292
"t28",6.88794948366,6.88794948366,6.88794948327,6.88794948327,6.88794948287,6.88794948287,6.88794948327,6.88794948307,6.88794948307,6.88794948308,6.88794948307,6.88794948307,6.88794948287,6.88794948307,6.88794948307,6.88794948297,6.88794948297,6.88794948357,6.88794948317,6.88794948317,6.88794948321,6.88794948321,6.88794948307,6.88794948327,6.88794948327,6.88794948327,6.88794948327,6.88794948307,6.88794948307,6.88794948307,6.88794948307,6.88794948377,6.88794948377,6.88794948407,6.338570982629,6.338570982629,6.338570982629,6.338570982729,6.338570982729,6.338570982829,6.338570982829,6.338570982829,6.338570982909,6.338570982909,6.338570982829,6.338570982829,6.338570983229,6.338570982929,6.338570982929,6.338570982919,6.338570982919,6.338570982929,6.338570982929,6.338570982929,6.338570982929,6.338570982929,6.338570982519,6.338570982519,6.338570982619,6.338570982319,6.338570982399,6.338570982399,6.338570982399,6.338570982819,6.338570982629,6.338570982629,6.338570982629,6.338570982329,6.338570982589,6.338570982589,6.338570982589,6.338570982589,6.338570982589,6.338570983229,6.338570983229,6.338570983329,6.338570983329,4.675766082,3.4444661502,3.44446615018,3.44446615018,3.4444661502,3.4444661502,3.444466150189,3.444466150189,3.4444661502,2.3993853184,1.401199758,1.40119975793,1.40119975793,1.40119975793,0,4.85613305306,4.85613305306,4.85613305299,4.85613305299,4.85613305299,4.85613305299,4.85613305299,4.85613305299
"t43",6.88794948358,6.88794948358,6.88794948319,6.88794948319,6.88794948279,6.88794948279,6.88794948319,6.88794948299,6.88794948299,6.887949483,6.88794948299,6.88794948299,6.88794948279,6.88794948299,6.88794948299,6.88794948289,6.88794948289,6.88794948349,6.88794948309,6.88794948309,6.88794948313,6.88794948313,6.88794948299,6.88794948319,6.88794948319,6.88794948319,6.88794948319,6.88794948299,6.88794948299,6.88794948299,6.88794948299,6.88794948369,6.88794948369,6.88794948399,6.338570982549,6.338570982549,6.338570982549,6.338570982649,6.338570982649,6.338570982749,6.338570982749,6.338570982749,6.338570982829,6.338570982829,6.338570982749,6.338570982749,6.338570983149,6.338570982849,6.338570982849,6.338570982839,6.338570982839,6.338570982849,6.338570982849,6.338570982849,6.338570982849,6.338570982849,6.338570982439,6.338570982439,6.338570982539,6.338570982239,6.338570982319,6.338570982319,6.338570982319,6.338570982739,6.338570982549,6.338570982549,6.338570982549,6.338570982249,6.338570982509,6.338570982509,6.338570982509,6.338570982509,6.338570982509,6.338570983149,6.338570983149,6.338570983249,6.338570983249,4.85613305306,4.85613305306,4.85613305304,4.85613305304,4.85613305306,4.85613305306,4.856133053049,4.856133053049,4.85613305306,4.85613305266,4.85613305306,4.85613305299,4.85613305299,4.85613305299,4.85613305306,0,0.8901858476,0.98544610491,0.98544610491,0.98544610491,0.98544610491,0.98544610491,0.98544610491
"t44",6.88794948358,6.88794948358,6.88794948319,6.88794948319,6.88794948279,6.88794948279,6.88794948319,6.88794948299,6.88794948299,6.887949483,6.88794948299,6.88794948299,6.88794948279,6.88794948299,6.88794948299,6.88794948289,6.88794948289,6.88794948349,6.88794948309,6.88794948309,6.88794948313,6.88794948313,6.88794948299,6.88794948319,6.88794948319,6.88794948319,6.88794948319,6.88794948299,6.88794948299,6.88794948299,6.88794948299,6.88794948369,6.88794948369,6.88794948399,6.338570982549,6.338570982549,6.338570982549,6.338570982649,6.338570982649,6.338570982749,6.338570982749,6.338570982749,6.338570982829,6.338570982829,6.338570982749,6.338570982749,6.338570983149,6.338570982849,6.338570982849,6.338570982839,6.338570982839,6.338570982849,6.338570982849,6.338570982849,6.338570982849,6.338570982849,6.338570982439,6.338570982439,6.338570982539,6.338570982239,6.338570982319,6.338570982319,6.338570982319,6.338570982739,6.338570982549,6.338570982549,6.338570982549,6.338570982249,6.338570982509,6.338570982509,6.338570982509,6.338570982509,6.338570982509,6.338570983149,6.338570983149,6.338570983249,6.338570983249,4.85613305306,4.85613305306,4.85613305304,4.85613305304,4.85613305306,4.85613305306,4.856133053049,4.856133053049,4.85613305306,4.85613305266,4.85613305306,4.85613305299,4.85613305299,4.85613305299,4.85613305306,0.8901858476,0,0.98544610491,0.98544610491,0.98544610491,0.98544610491,0.98544610491,0.98544610491
"t76",6.88794948351,6.88794948351,6.88794948312,6.88794948312,6.88794948272,6.88794948272,6.88794948312,6.88794948292,6.88794948292,6.88794948293,6.88794948292,6.88794948292,6.88794948272,6.88794948292,6.88794948292,6.88794948282,6.88794948282,6.88794948342,6.88794948302,6.88794948302,6.88794948306,6.88794948306,6.88794948292,6.88794948312,6.88794948312,6.88794948312,6.88794948312,6.88794948292,6.88794948292,6.88794948292,6.88794948292,6.88794948362,6.88794948362,6.88794948392,6.338570982479,6.338570982479,6.338570982479,6.338570982579,6.338570982579,6.338570982679,6.338570982679,6.338570982679,6.338570982759,6.338570982759,6.338570982679,6.338570982679,6.338570983079,6.338570982779,6.338570982779,6.338570982769,6.338570982769,6.338570982779,6.338570982779,6.338570982779,6.338570982779,6.338570982779,6.338570982369,6.338570982369,6.338570982469,6.338570982169,6.338570982249,6.338570982249,6.338570982249,6.338570982669,6.338570982479,6.338570982479,6.338570982479,6.338570982179,6.338570982439,6.338570982439,6.338570982439,6.338570982439,6.338570982439,6.338570983079,6.338570983079,6.338570983179,6.338570983179,4.85613305299,4.85613305299,4.85613305297,4.85613305297,4.85613305299,4.85613305299,4.856133052979,4.856133052979,4.85613305299,4.85613305259,4.85613305299,4.85613305292,4.85613305292,4.85613305292,4.85613305299,0.98544610491,0.98544610491,0,0.3965539568,0.8606879288,0.8606879288,0.8606879288,0.8606879288
"t77",6.88794948351,6.88794948351,6.88794948312,6.88794948312,6.88794948272,6.88794948272,6.88794948312,6.88794948292,6.88794948292,6.88794948293,6.88794948292,6.88794948292,6.88794948272,6.88794948292,6.88794948292,6.88794948282,6.88794948282,6.88794948342,6.88794948302,6.88794948302,6.88794948306,6.88794948306,6.88794948292,6.88794948312,6.88794948312,6.88794948312,6.88794948312,6.88794948292,6.88794948292,6.88794948292,6.88794948292,6.88794948362,6.88794948362,6.88794948392,6.338570982479,6.338570982479,6.338570982479,6.338570982579,6.338570982579,6.338570982679,6.338570982679,6.338570982679,6.338570982759,6.338570982759,6.338570982679,6.338570982679,6.338570983079,6.338570982779,6.338570982779,6.338570982769,6.338570982769,6.338570982779,6.338570982779,6.338570982779,6.338570982779,6.338570982779,6.338570982369,6.338570982369,6.338570982469,6.338570982169,6.338570982249,6.338570982249,6.338570982249,6.338570982669,6.338570982479,6.338570982479,6.338570982479,6.338570982179,6.338570982439,6.338570982439,6.338570982439,6.338570982439,6.338570982439,6.338570983079,6.338570983079,6.338570983179,6.338570983179,4.85613305299,4.85613305299,4.85613305297,4.85613305297,4.85613305299,4.85613305299,4.856133052979,4.856133052979,4.85613305299,4.85613305259,4.85613305299,4.85613305292,4.85613305292,4.85613305292,4.85613305299,0.98544610491,0.98544610491,0.3965539568,0,0.8606879288,0.8606879288,0.8606879288,0.8606879288
"t87",6.88794948351,6.88794948351,6.88794948312,6.88794948312,6.88794948272,6.88794948272,6.88794948312,6.88794948292,6.88794948292,6.88794948293,6.88794948292,6.88794948292,6.88794948272,6.88794948292,6.88794948292,6.88794948282,6.88794948282,6.88794948342,6.88794948302,6.88794948302,6.88794948306,6.88794948306,6.88794948292,6.88794948312,6.88794948312,6.88794948312,6.88794948312,6.88794948292,6.88794948292,6.88794948292,6.88794948292,6.88794948362,6.88794948362,6.88794948392,6.338570982479,6.338570982479,6.338570982479,6.338570982579,6.338570982579,6.338570982679,6.338570982679,6.338570982679,6.338570982759,6.338570982759,6.338570982679,6.338570982679,6.338570983079,6.338570982779,6.338570982779,6.338570982769,6.338570982769,6.338570982779,6.338570982779,6.338570982779,6.338570982779,6.338570982779,6.338570982369,6.338570982369,6.338570982469,6.338570982169,6.338570982249,6.338570982249,6.338570982249,6.338570982669,6.338570982479,6.338570982479,6.338570982479,6.338570982179,6.338570982439,6.338570982439,6.338570982439,6.338570982439,6.338570982439,6.338570983079,6.338570983079,6.338570983179,6.338570983179,4.85613305299,4.85613305299,4.85613305297,4.85613305297,4.85613305299,4.85613305299,4.856133052979,4.856133052979,4.85613305299,4.85613305259,4.85613305299,4.85613305292,4.85613305292,4.85613305292,4.85613305299,0.98544610491,0.98544610491,0.8606879288,0.8606879288,0,0.23405566,0.603902705,0.603902705
"t88",6.88794948351,6.88794948351,6.88794948312,6.88794948312,6.88794948272,6.88794948272,6.88794948312,6.88794948292,6.88794948292,6.88794948293,6.88794948292,6.88794948292,6.88794948272,6.88794948292,6.88794948292,6.88794948282,6.88794948282,6.88794948342,6.88794948302,6.88794948302,6.88794948306,6.88794948306,6.88794948292,6.88794948312,6.88794948312,6.88794948312,6.88794948312,6.88794948292,6.88794948292,6.88794948292,6.88794948292,6.88794948362,6.88794948362,6.88794948392,6.338570982479,6.338570982479,6.338570982479,6.338570982579,6.338570982579,6.338570982679,6.338570982679,6.338570982679,6.338570982759,6.338570982759,6.338570982679,6.338570982679,6.338570983079,6.338570982779,6.338570982779,6.338570982769,6.338570982769,6.338570982779,6.338570982779,6.338570982779,6.338570982779,6.338570982779,6.338570982369,6.338570982369,6.338570982469,6.338570982169,6.338570982249,6.338570982249,6.338570982249,6.338570982669,6.338570982479,6.338570982479,6.338570982479,6.338570982179,6.338570982439,6.338570982439,6.338570982439,6.338570982439,6.338570982439,6.338570983079,6.338570983079,6.338570983179,6.338570983179,4.85613305299,4.85613305299,4.85613305297,4.85613305297,4.85613305299,4.85613305299,4.856133052979,4.856133052979,4.85613305299,4.85613305259,4.85613305299,4.85613305292,4.85613305292,4.85613305292,4.85613305299,0.98544610491,0.98544610491,0.8606879288,0.8606879288,0.23405566,0,0.603902705,0.603902705
"t85",6.88794948351,6.88794948351,6.88794948312,6.88794948312,6.88794948272,6.88794948272,6.88794948312,6.88794948292,6.88794948292,6.88794948293,6.88794948292,6.88794948292,6.88794948272,6.88794948292,6.88794948292,6.88794948282,6.88794948282,6.88794948342,6.88794948302,6.88794948302,6.88794948306,6.88794948306,6.88794948292,6.88794948312,6.88794948312,6.88794948312,6.88794948312,6.88794948292,6.88794948292,6.88794948292,6.88794948292,6.88794948362,6.88794948362,6.88794948392,6.338570982479,6.338570982479,6.338570982479,6.338570982579,6.338570982579,6.338570982679,6.338570982679,6.338570982679,6.338570982759,6.338570982759,6.338570982679,6.338570982679,6.338570983079,6.338570982779,6.338570982779,6.338570982769,6.338570982769,6.338570982779,6.338570982779,6.338570982779,6.338570982779,6.338570982779,6.338570982369,6.338570982369,6.338570982469,6.338570982169,6.338570982249,6.338570982249,6.338570982249,6.338570982669,6.338570982479,6.338570982479,6.338570982479,6.338570982179,6.338570982439,6.338570982439,6.338570982439,6.338570982439,6.338570982439,6.338570983079,6.338570983079,6.338570983179,6.338570983179,4.85613305299,4.85613305299,4.85613305297,4.85613305297,4.85613305299,4.85613305299,4.856133052979,4.856133052979,4.85613305299,4.85613305259,4.85613305299,4.85613305292,4.85613305292,4.85613305292,4.85613305299,0.98544610491,0.98544610491,0.8606879288,0.8606879288,0.603902705,0.603902705,0,0.2399243864
"t86",6.88794948351,6.88794948351,6.88794948312,6.88794948312,6.88794948272,6.88794948272,6.88794948312,6.88794948292,6.88794948292,6.88794948293,6.88794948292,6.88794948292,6.88794948272,6.88794948292,6.88794948292,6.88794948282,6.88794948282,6.88794948342,6.88794948302,6.88794948302,6.88794948306,6.88794948306,6.88794948292,6.88794948312,6.88794948312,6.88794948312,6.88794948312,6.88794948292,6.88794948292,6.88794948292,6.88794948292,6.88794948362,6.88794948362,6.88794948392,6.338570982479,6.338570982479,6.338570982479,6.338570982579,6.338570982579,6.338570982679,6.338570982679,6.338570982679,6.338570982759,6.338570982759,6.338570982679,6.338570982679,6.338570983079,6.338570982779,6.338570982779,6.338570982769,6.338570982769,6.338570982779,6.338570982779,6.338570982779,6.338570982779,6.338570982779,6.338570982369,6.338570982369,6.338570982469,6.338570982169,6.338570982249,6.338570982249,6.338570982249,6.338570982669,6.338570982479,6.338570982479,6.338570982479,6.338570982179,6.338570982439,6.338570982439,6.338570982439,6.338570982439,6.338570982439,6.338570983079,6.338570983079,6.338570983179,6.338570983179,4.85613305299,4.85613305299,4.85613305297,4.85613305297,4.85613305299,4.85613305299,4.856133052979,4.856133052979,4.85613305299,4.85613305259,4.85613305299,4.85613305292,4.85613305292,4.85613305292,4.85613305299,0.98544610491,0.98544610491,0.8606879288,0.8606879288,0.603902705,0.603902705,0.2399243864,0
