"accepted_species","estimate"
"t66",0.191142143581386
"t72",-0.322228232101064
"t73",-0.322228232101064
"t70",0.101222488127677
"t20",0.106283670874278
"t90",1.37552978833184
"t74",0.64504938722519
"t96",0.437306496378924
"t94",-0.681254528977394
"t64",-2.36411772675892
