accepted_species,estimate
t66,0.22949508
t72,-0.40077865
t73,-0.40077865
t70,0.4608821
t20,-0.118235424
t90,1.245534
t74,0.41485202
t96,0.52995086
t94,-0.5695435
t64,-2.3652952
