accepted_species,estimate
Coprosma_rhamnoides,0.05805055148641555
Galium_angustifolium,-0.4254133534449842
Galium_bolanderi,-0.4254133534449831
Galium_circaezans,-0.42523699028889494
Galium_labradoricum,-0.40577718780559213
Galium_mexicanum,-0.442441033333849
Galium_murale,-0.4378350073649018
Galium_triflorum,-0.43570726809575144
Rubia_cordifolia,-0.3663123900776938
Rubia_tinctorum,-0.3663123900776961
