accepted_species,estimate
t12,-0.018048901
t59,0.16456826
t95,0.33612603
t27,0.14562258
t79,0.33612603
t80,-0.025934957
t49,0.5122973
t57,0.5122973
t58,0.3881544
t13,0.95385164
