"accepted_species","estimate"
"t88",0.928630117439315
"t38",0.841744881044721
"t49",0.568442664930033
"t80",0.504231636342071
"t70",1.09456684960146
"t37",-0.425227621919256
"t26",-0.563254241600796
"t68",-1.40184265796175
"t62",-1.11273986390745
"t47",-1.12374192274418
