accepted_species,estimate
t64,-1.2883296
t78,-1.2883296
t91,-1.2883296
t92,-1.2883296
t28,-1.0092641
t33,-1.0092641
t34,-1.0092641
t66,-1.2883296
t70,-1.2883296
t71,-1.2883296
