accepted_species,0,1
Urophyllum_corniculatum,0.93841577,0.06158422
Marsdenia_mahaweeensis,0.82502824,0.17497176
Ceropegia_tribounii,0.82502824,0.17497176
Galium_×_neglectum,0.93841577,0.06158422
Tabernaemontana_crassifolia,0.82502824,0.17497176
Canthium_sarcocarpum,0.93783295,0.06216706
Matelea_honorana,0.82502824,0.17497176
Brachytome_pitardii,0.82357407,0.17642595
Gymnema_piperi,0.82502824,0.17497176
Saprosma_henryi,0.93841577,0.06158422
