accepted_species,0,1
t43,0.20833333333333337,0.7916666666666666
t91,0.20833333333333337,0.7916666666666666
t133,0.0,1.0
t114,1.0,0.0
t19,0.20833333333333337,0.7916666666666666
t20,0.20833333333333337,0.7916666666666666
t94,0.20833333333333337,0.7916666666666666
t71,0.20833333333333337,0.7916666666666666
t120,1.0,0.0
t31,0.20833333333333337,0.7916666666666666
t66,0.20833333333333337,0.7916666666666666
t126,0.20833333333333337,0.7916666666666666
t127,0.20833333333333337,0.7916666666666666
