accepted_species,0,1
t43,0.0712412,0.9287588
t91,0.03536278,0.9646372
t133,0.03536278,0.9646372
t114,0.21294701,0.787053
t19,0.17993855,0.82006145
t20,0.16971242,0.8302876
t94,0.11245853,0.8875415
t71,0.08724642,0.9127536
t120,0.6224221,0.37757793
t31,0.22457045,0.77542955
t66,0.034861207,0.9651388
t126,0.056987643,0.94301236
t127,0.056987643,0.94301236
