accepted_species,0,1
Pogonopus_speciosus,0.979341,0.020659039
Psychotria_brandneriana,0.82988715,0.17011282
Scleromitrion_tenelliflorum,0.9917666,0.008233458
Tocoyena_pittieri,0.9719954,0.028004566
Oxypetalum_charrua,0.9630275,0.036972538
Isertia_haenkeana,0.887843,0.112156965
Rondeletia_subsessilifolia,0.97334003,0.026659967
Psychotria_maleolens,0.82988715,0.17011282
Galium_elegans,0.86152095,0.13847907
Psychotria_andersonii,0.82988715,0.17011282
