accepted_species,0,1
sp199,0.5187038865504887,0.48129611344951134
sp205,0.5188510584334598,0.4811489415665402
sp270,0.5187366721524875,0.48126332784751247
sp271,0.5187366721524875,0.48126332784751247
sp273,0.45508048585185645,0.5449195141481435
sp314,0.4931655434498712,0.5068344565501288
sp317,0.4750240595143116,0.5249759404856884
sp318,0.4750240595143116,0.5249759404856884
sp323,0.47920764972632346,0.5207923502736765
sp325,0.4792099325076987,0.5207900674923013
