accepted_species,0,1
sp1202,0.6555555555555556,0.34444444444444444
sp1206,0.6555555555555556,0.34444444444444444
sp1225,0.6555555555555556,0.34444444444444444
sp1261,0.6555555555555556,0.34444444444444444
sp1290,0.6555555555555556,0.34444444444444444
sp1314,0.6555555555555556,0.34444444444444444
sp1324,1.0,0.0
sp1331,0.6555555555555556,0.34444444444444444
sp1355,1.0,0.0
sp1367,1.0,0.0
