accepted_species,0,1
sp464,0.1317787998971549,0.8682212001028451
sp477,0.13497918530083386,0.8650208146991661
sp532,0.13438654411930728,0.8656134558806927
sp537,0.13532478074683751,0.8646752192531625
sp543,0.1308869571704856,0.8691130428295144
sp549,0.132427728469932,0.867572271530068
sp561,0.13438718865187482,0.8656128113481252
sp569,0.13086109235702348,0.8691389076429765
sp577,0.1343769353837172,0.8656230646162828
sp584,0.13280025145190022,0.8671997485480998
