accepted_species,0,1
sp464,0.1333333333333333,0.8666666666666667
sp477,0.1333333333333333,0.8666666666666667
sp532,0.0,1.0
sp537,0.0,1.0
sp543,0.0,1.0
sp549,0.0,1.0
sp561,1.0,0.0
sp569,0.0,1.0
sp577,0.0,1.0
sp584,0.0,1.0
