accepted_species,0,1
sp464,0.07726538,0.9227346
sp477,0.12842733,0.8715727
sp532,0.14366615,0.85633385
sp537,0.1739654,0.8260346
sp543,0.08780205,0.91219795
sp549,0.113653064,0.88634694
sp561,0.27847457,0.72152543
sp569,0.08442098,0.915579
sp577,0.14366615,0.85633385
sp584,0.096092284,0.9039077
