accepted_species,estimate
t10,-0.4073791016108704
t37,-0.9373310733648917
t39,-0.26011874966204684
t38,-0.70805036825225
t47,-0.03678675666693752
t79,-0.0810010528622832
t97,-0.4537556730216449
t59,-0.6413380221659276
t89,-0.7600827761870893
t52,-0.033151044379842495
