accepted_species,0,1
Palicourea_rhodothamna,0.9706931,0.02930686
Afrocanthium_kilifiense,0.97017395,0.029826032
Streblosa_tortilis,0.97598106,0.024018954
Rytigynia_seyrigii,0.97017395,0.029826032
Galium_bredasdorpense,0.97598106,0.024018954
Psychotria_pilulifera,0.94926023,0.05073976
Ixora_mirabilis,0.97017395,0.029826032
Palicourea_quibdoana,0.9706931,0.02930686
Coussarea_friburgensis,0.97598106,0.024018954
Palicourea_andrei,0.9706931,0.02930686
