"accepted_species","0","1"
"sp39",0.542502362859656,0.457497637140343
"sp42",0.526603601056657,0.473396398943343
"sp46",0.52897776092636,0.47102223907364
"sp57",0.551678947061325,0.448321052938675
"sp90",0.689254139486903,0.310745860513097
"sp96",0.218722959969118,0.781277040030882
"sp97",0.214753347551454,0.785246652448546
"sp107",0.15766962527997,0.84233037472003
"sp122",0.848743955838506,0.151256044161494
"sp131",0.872420586603788,0.127579413396212
