accepted_species,estimate
t50,8.790757531315815
t51,8.790757531315819
t61,11.621994520388434
t62,11.621994520388434
t90,12.448801940603147
t97,12.458235064131046
t98,12.458235064131046
t60,12.347594140874424
t73,12.376263128791592
t74,12.376263128791592
