accepted_species,estimate
t94,-3.695301765005425
t99,-3.6989484906267327
t100,-3.6989484906267327
t49,-3.271744621732531
t50,-3.271744621732531
t17,-1.7381683302314388
t12,-0.8708701544773223
t21,-0.5839255616638283
t22,-0.5839255616638275
t5,-0.015385421512678521
