accepted_species,0
t68,-0.06775523917537642
t23,-0.06775523917537642
t89,-0.0571246278855936
t100,-0.05712462788559361
t86,-0.06775523917537642
t67,-0.06775523917537642
t50,-0.06775523917537642
t74,-0.06775523917537642
t25,-0.06775523917537642
t26,-0.06775523917537642
