"accepted_species","estimate"
"t94",1.05770836393903
"t99",1.05770836393903
"t100",1.05770836393903
"t49",1.05770836393903
"t50",1.05770836393903
"t17",1.05770836393903
"t12",1.05770836393903
"t21",1.05770836393903
"t22",1.05770836393903
"t5",1.05770836393903
