accepted_species,0,1
t3,0.7884922589968517,0.21150774100314823
t11,0.8531721978461037,0.14682780215389635
t14,0.6170292845944605,0.38297071540553945
t15,0.6217488943988252,0.3782511056011748
t27,0.6781428057597234,0.32185719424027653
t66,0.5892814759319425,0.4107185240680576
t73,0.6993467519051642,0.3006532480948358
t75,0.537815912738662,0.462184087261338
t86,0.8840946591347912,0.1159053408652088
t98,0.9218850233878102,0.07811497661218982
