accepted_species,0,1
t49,0.495539339383244,0.504460660616756
t76,0.5043665560594739,0.49563344394052605
t78,0.5049915452590803,0.4950084547409197
t86,0.5030068463849078,0.49699315361509216
t87,0.5030004819806118,0.4969995180193883
t100,0.49368490416487265,0.5063150958351273
t115,0.49807839734565396,0.501921602654346
t122,0.49344443331313526,0.5065555666868647
t133,0.49598629787636694,0.5040137021236331
t141,0.4981404378975449,0.5018595621024551
