accepted_species,0,1
t3,0.8108254697681104,0.1891745302318896
t11,0.8205599508138307,0.17944004918616926
t14,0.8065801285009114,0.19341987149908857
t15,0.8196000039812377,0.1803999960187624
t27,0.8143152290033864,0.18568477099661365
t66,0.8218417756852223,0.17815822431477774
t73,0.9338747494276918,0.06612525057230827
t75,0.8269565146822224,0.17304348531777752
t86,0.8485787222424955,0.15142127775750447
t98,0.9136749604173112,0.08632503958268875
