accepted_species,0,1
t49,0.3835572,0.6164428
t76,0.4970367,0.5029633
t78,0.5470548,0.45294517
t86,0.5040788,0.4959212
t87,0.5040788,0.4959212
t100,0.3769191,0.6230809
t115,0.5040788,0.4959212
t122,0.3769191,0.6230809
t133,0.5936188,0.4063812
t141,0.5040788,0.4959212
