accepted_species,0
t23,
t32,
t30,
t37,
t100,-0.403749269766823
t84,0.554046148963814
t38,
t34,
t52,-0.453886861153198
t56,0.283625296200754
