accepted_species,estimate
t23,-0.23682432
t32,-1.7776693
t30,0.09823367
t37,0.059971534
t100,0.059971534
t84,0.073079735
t38,0.54389143
t34,-0.2606139
t52,-0.38254857
t56,-0.080483794
