accepted_species,0,1
Asclepias_fournieri,0.80583405,0.19416596
Rauvolfia_paucifolia,0.76813686,0.23186314
Pachypodium_ambongense,0.80571544,0.19428459
Mandevilla_grata,0.80571544,0.19428459
Ceropegia_subaphylla,0.80719537,0.19280463
Hoya_velasioi,0.80719537,0.19280463
Hoya_salmonea,0.80719537,0.19280463
Kopsia_sleeseniana,0.76813686,0.23186314
Secamone_supranervis,0.80719537,0.19280463
Parsonsia_densivestita,0.80571544,0.19428459
