accepted_species,estimate
t95,-1.2006656592230127
t96,-1.260708127548156
t83,-2.158943083802855
t136,-1.7693276714867374
t137,-1.9199938440270574
t14,-1.5783998181256296
t22,-0.49995806528380476
t41,-1.0640876997367894
t49,-1.0934189140897195
t50,-1.3959408335806733
t44,-1.443575894280654
t51,-1.6818716688849926
t52,-1.387425647678331
t8,-0.8024229305296956
