accepted_species,estimate
t95,-1.6542255
t96,-1.6542255
t83,-1.6542255
t136,-1.6542255
t137,-1.6542255
t14,-0.4396262
t22,-0.36098698
t41,-0.4396262
t49,-1.5755862
t50,-1.5755862
t44,-1.5755862
t51,-1.6542255
t52,-0.4396262
t8,-0.36098698
