accepted_species,estimate
t21,0.246173578611062
t32,0.4367310061794819
t151,-0.8682723303319794
t53,0.23210632892993574
t92,-0.13049642745168724
t132,-0.31044550827734285
t148,0.20221969601769904
t70,0.6987561975429594
t119,-1.2663971583721851
t163,-0.9569757847391597
t29,0.8119950152791213
t35,0.7024423186720644
t81,1.2291245187163544
t87,0.9757072149801008
t147,0.5923274862847975
t91,0.27796482155542857
t64,0.32808613819052035
