"accepted_species","estimate"
"t21",0.325302898852266
"t32",0.249386248111921
"t151",-1.51577970593492
"t53",0.0665075095752437
"t92",0.120553093464065
"t132",0.407434837971399
"t148",0.146851157342682
"t70",-0.0340979803336674
"t119",-0.911669849464866
"t163",-0.622385845988432
"t29",1.23565595537785
"t35",0.264399463210939
"t81",0.887398230307886
"t87",0.271575136119368
"t147",-0.138396544191663
"t91",0.0776763886610399
"t64",0.647740616356492
