accepted_species,0
t61,-0.06999844979041996
t96,0.054632896901654
t82,0.528555849326605
t57,-0.06999844979041996
t93,0.909881096957529
t43,-0.06999844979041996
t71,-0.06999844979041996
t99,-0.06999844979041996
t100,-0.06999844979041996
t12,-0.06999844979041996
