accepted_species,0,1
t100,0.99577755,0.0042224433
t131,0.99577755,0.0042224433
t66,0.99577755,0.0042224433
t96,0.9887598,0.011240198
t135,0.9887598,0.011240198
t117,0.9887598,0.011240198
t74,0.9887598,0.011240198
t88,0.99577755,0.0042224433
t89,0.99577755,0.0042224433
t57,0.99577755,0.0042224433
t129,0.41001976,0.58998024
t98,0.41001976,0.58998024
t105,0.99393076,0.0060692616
t62,0.99393076,0.0060692616
t95,0.99393076,0.0060692616
t38,0.99393076,0.0060692616
