accepted_species,estimate
t1,-1.2193768569599308
t94,-0.8055600303239382
t71,-0.6772127339911725
t85,0.8312492122129417
t79,0.8162485976633752
t59,0.7993118668069564
t78,1.0000222614293708
t75,1.0051708288235603
t9,0.4201450658374203
t43,0.6629161626710852
