accepted_species,estimate
t1,-0.6827644
t94,-1.1198858
t71,-1.1509557
t85,1.1601529
t79,1.1601529
t59,1.3266865
t78,-0.17397499
t75,-0.17397499
t9,0.5599429
t43,0.67172354
