accepted_species,estimate
t1,-0.43420553
t94,-1.0343101
t71,-1.1066676
t85,1.1475245
t79,1.1475245
t59,1.181881
t78,0.013440397
t75,0.090694785
t9,0.4835751
t43,0.79920757
