accepted_species,estimate
t1,-1.2551979
t94,-0.88860387
t71,-0.5238964
t85,0.8842893
t79,0.98123366
t59,1.2565111
t78,-0.15799384
t75,-0.14297923
t9,0.55829304
t43,0.45266965
