accepted_species,0,1
sp137,0.41723520772183675,0.5827647922781632
sp185,0.08934147703532891,0.9106585229646711
sp201,0.664364080812526,0.33563591918747404
sp216,0.08788675054136186,0.9121132494586381
sp222,0.7342144324352473,0.26578556756475274
sp240,0.786374234874428,0.21362576512557194
sp278,1.1704637259413175e-10,0.9999999998829536
sp293,1.5305312572877483e-10,0.9999999998469469
sp309,0.664828333683589,0.335171666316411
sp312,0.31868573104086517,0.6813142689591348
