accepted_species,0,1
sp137,0.038071275,0.9619287
sp185,0.12521785,0.87478215
sp201,0.72173744,0.27826256
sp216,0.0319041,0.9680959
sp222,0.12622571,0.8737743
sp240,0.95631427,0.04368574
sp278,0.014010549,0.98598945
sp293,0.014010549,0.98598945
sp309,0.7560502,0.2439498
sp312,0.77526844,0.22473153
