accepted_species,estimate
t5,-0.6339969544937967
t56,-0.5748772463295628
t57,-0.8674209904163925
t47,-0.9845614248666283
t7,-0.11448198163094414
t99,-0.3770176554208353
t100,-0.13260231338031137
t64,0.031511780561637615
t17,-0.12375733976520298
t76,-0.14066809291266358
