accepted_species,estimate
t5,-0.4950095
t56,-0.4950095
t57,-0.4950095
t47,-1.5297534
t7,-0.6280018
t99,0.5557543
t100,0.52820706
t64,-0.44894508
t17,-0.679909
t76,-0.553038
