accepted_species,0,1
t95,0.3430152317252645,0.6569847682747355
t102,0.34296933553823594,0.6570306644617641
t112,0.342994914620699,0.657005085379301
t120,0.34296624858494085,0.6570337514150592
t121,0.34296233800698783,0.6570376619930122
t171,0.3429559734546951,0.6570440265453049
t173,0.3429611111392944,0.6570388888607056
t174,0.34295530272949326,0.6570446972705067
t175,0.34295530272949326,0.6570446972705067
t180,0.3429616833481086,0.6570383166518914
