accepted_species,0,1
t16,0.6179092559751316,0.3820907440248684
t48,0.5952684946261081,0.4047315053738919
t56,0.6521928944541602,0.34780710554583977
t62,0.6263666056843109,0.37363339431568915
t79,0.5310180395593553,0.4689819604406446
t82,0.5378490634837939,0.4621509365162061
t83,0.6612804955263705,0.3387195044736296
t84,0.7031191251300483,0.29688087486995174
t86,0.604780217517694,0.39521978248230605
t95,0.5787263194706951,0.4212736805293049
