accepted_species,0,1
t95,0.34444444444444444,0.6555555555555556
t102,0.34444444444444444,0.6555555555555556
t112,0.34444444444444444,0.6555555555555556
t120,0.34444444444444444,0.6555555555555556
t121,0.34444444444444444,0.6555555555555556
t171,0.34444444444444444,0.6555555555555556
t173,0.0,1.0
t174,0.34444444444444444,0.6555555555555556
t175,0.34444444444444444,0.6555555555555556
t180,0.0,1.0
