accepted_species,0,1
t16,0.67134154,0.32865846
t48,0.59947395,0.40052608
t56,0.71544576,0.28455427
t62,0.71340954,0.2865905
t79,0.6120349,0.38796505
t82,0.6168655,0.38313448
t83,0.6333717,0.36662826
t84,0.66160446,0.33839554
t86,0.67633605,0.32366392
t95,0.63055885,0.36944118
