accepted_species,0,1
t95,0.23942697,0.760573
t102,0.29558235,0.70441765
t112,0.2979545,0.7020455
t120,0.29558235,0.70441765
t121,0.2857859,0.7142141
t171,0.2955938,0.7044062
t173,0.2874143,0.7125857
t174,0.2955938,0.7044062
t175,0.2955938,0.7044062
t180,0.28948277,0.7105172
