accepted_species,0,1
t16,0.6167593,0.38324067
t48,0.6409278,0.3590722
t56,0.68926597,0.310734
t62,0.71744317,0.28255683
t79,0.7160889,0.2839111
t82,0.7151472,0.2848528
t83,0.70025504,0.29974496
t84,0.7143683,0.28563172
t86,0.74246836,0.25753164
t95,0.664443,0.33555698
