accepted_species,estimate
t48,-0.5013244287849185
t49,-0.5197791182949313
t62,0.43622079036116546
t30,-0.5231390909609935
t29,-0.1577921584782327
t4,-0.5232044132378186
t37,-0.10187185248819403
t31,0.3336768032580841
t75,0.3524405053133219
t41,0.4041141810971129
