accepted_species,estimate
t20,0.911603529626393
t31,0.09031576514050867
t8,0.46620992351880153
t51,-0.5530373531011666
t28,2.285949934678951
t82,1.677411320737299
t1,-3.021318770441686
t49,-0.10602208989936122
t73,-0.4949127223224995
t96,-0.21024798703880776
