"accepted_species","estimate"
"t20",0.688349589901483
"t31",0.391148692740383
"t8",0.994720750120737
"t51",-0.733749065739779
"t28",2.66098985608006
"t82",1.57459642713454
"t1",0.604623308774021
"t49",-0.27627950191278
"t73",-0.898912820721708
"t96",0.0564724660211717
