accepted_species,estimate
t20,0.78068334
t31,0.2750304
t8,0.9689872
t51,-1.0288115
t28,2.6267698
t82,1.8860183
t1,-0.070988074
t49,0.054822754
t73,-0.74171716
t96,-0.085905366
