accepted_species,estimate
t21,0.20302344959642527
t32,0.08106542031398878
t88,-1.1590631973705205
t52,-1.1778360891085558
t9,-1.1069870607672532
t7,-0.9721714995716902
t38,-0.688565570387795
t100,-0.6111980654598917
t17,-0.6895447426530233
t18,-0.7895644898109647
