accepted_species,estimate
t21,0.13873246663437694
t32,0.23816926637417046
t88,-1.0610607405118384
t52,-1.0518195488250501
t9,-0.8699529003031783
t7,-0.8249483019165331
t38,-0.8261293888745092
t100,-0.8415722398869533
t17,-0.821057056339585
t18,-0.8144475776426378
