accepted_species,estimate
t21,0.09506270716027157
t32,0.35865859740680095
t88,-1.1487195814758038
t52,-0.9901483481736132
t9,-0.7052937905688111
t7,-0.6824993619302197
t38,-0.5845895293345965
t100,-1.0649224465024512
t17,-0.668024850098882
t18,-0.9107448800563668
