accepted_species,0
t21,0.06291927791232191
t32,0.06291927791232191
t88,-0.849069159164432
t52,0.06291927791232191
t9,0.06291927791232191
t7,0.06291927791232191
t38,0.06291927791232191
t100,-0.475636936357608
t17,0.06291927791232191
t18,0.06291927791232191
