accepted_species,estimate
t21,0.15963495
t32,0.10678471
t88,-0.99281085
t52,-0.86003685
t9,-1.1756082
t7,-0.84158766
t38,-1.2834095
t100,-1.0473025
t17,-0.8559704
t18,-0.5728216
