accepted_species,estimate
t21,0.09299186
t32,0.09299186
t88,-0.78622407
t52,-0.78622407
t9,-0.78622407
t7,-0.78622407
t38,-0.78622407
t100,-0.78622407
t17,-0.78622407
t18,-0.78622407
