accepted_species,0,1
Randia_altiscandens,0.99041677,0.009583235
Kutchubaea_urophylla,0.99041677,0.009583235
Keetia_molundensis,0.9884811,0.011518867
Ixora_roemeri,0.9884811,0.011518867
Ixora_tenelliflora,0.9904086,0.009591385
Ixora_guillotii,0.9884811,0.011518867
Ixora_mucronata,0.9873369,0.012663126
Ixora_aggregata,0.9904086,0.009591385
Mussaenda_garrettii,0.9912852,0.008714823
Fadogia_fragrans,0.9897679,0.010232093
