accepted_species,estimate
Alstonia_actinophylla,0.9902285777821873
Alstonia_spectabilis,0.9902285777821875
Aspidosperma_cylindrocarpon,1.0379379136252171
Aspidosperma_polyneuron,1.0379379136252171
Aspidosperma_spruceanum,1.037937913625217
Carissa_macrocarpa,0.8314127446085988
Plumeria_rubra,0.8314127446085988
Tabernaemontana_alba,0.9182060492409905
Vinca_major,0.936913996446266
Vinca_minor,0.9369139964462663
