accepted_species,estimate
t50,0.38586309283340453
t66,0.5687838876304931
t77,0.552797268391732
t30,-0.055459190273281736
t31,-0.0554591902732819
t86,-0.04481308168748023
t18,-0.8032533052238903
t16,-0.7923027483887292
t2,-0.632167727119587
t90,0.2474593319696784
