accepted_species,estimate
t52,-0.6364102607786881
t45,-0.44437204858140067
t62,-0.9163062911257798
t63,-0.9329056281532535
t13,-1.1934420054783268
t9,1.9095666265214248
t19,2.1182064185564355
t69,-0.1542508089555783
t25,0.0334828278705306
t100,0.28431052531618317
