"accepted_species","estimate"
"t52",-0.537109686672269
"t45",-1.33948561479931
"t62",-0.750743797421251
"t63",-0.750743797421251
"t13",-0.719766246741692
"t9",1.64571741662732
"t19",1.94710722253073
"t69",-0.0989128857569209
"t25",-0.406291508291884
"t100",0.337533870286196
