accepted_species,0,1
t27,0.10630971,0.8936903
t34,0.10630971,0.8936903
t61,0.022427976,0.977572
t46,0.022427976,0.977572
t6,0.022427976,0.977572
t98,0.022427976,0.977572
t79,0.022427976,0.977572
t67,0.022427976,0.977572
t49,0.10630971,0.8936903
t84,0.06261003,0.93738997
