accepted_species,0,1
sp42,0.04729432,0.9527057
sp47,0.04729432,0.9527057
sp58,0.04729432,0.9527057
sp59,0.04729432,0.9527057
sp67,0.04954636,0.95045364
sp68,0.04954636,0.95045364
sp79,0.04729432,0.9527057
sp80,0.04729432,0.9527057
sp90,0.048812628,0.9511874
sp111,0.048812628,0.9511874
