accepted_species,0,1
sp42,0.019677162,0.98032284
sp47,0.019677162,0.98032284
sp58,0.019677162,0.98032284
sp59,0.019677162,0.98032284
sp67,0.019677162,0.98032284
sp68,0.019677162,0.98032284
sp79,0.019677162,0.98032284
sp80,0.019677162,0.98032284
sp90,0.019677162,0.98032284
sp111,0.019677162,0.98032284
