accepted_species,0,1
t17,0.46120793233181245,0.5387920676681875
t55,0.4463141838988619,0.5536858161011381
t58,0.5513275177149026,0.44867248228509743
t72,0.4452571997766185,0.5547428002233815
t73,0.5661643468570319,0.4338356531429681
t87,0.4224757942175831,0.5775242057824169
t89,0.5489668231356453,0.4510331768643548
t94,0.43299645742280335,0.5670035425771967
t108,0.44715452193970173,0.5528454780602983
t112,0.4528078698345481,0.5471921301654519
