accepted_species,0,1
t17,0.7735650418147704,0.22643495818522963
t55,0.732569669224768,0.26743033077523204
t58,0.712846658182859,0.287153341817141
t72,0.638834635087729,0.36116536491227097
t73,0.5620651794858957,0.4379348205141042
t87,0.025775886526857694,0.9742241134731423
t89,0.7752277229621687,0.22477227703783134
t94,0.6669415913037804,0.33305840869621967
t108,0.4574309494574096,0.5425690505425904
t112,0.6940730327621099,0.3059269672378901
