accepted_species,0,1
t11,0.006715912556389703,0.9932840874436103
t22,0.14184992302134758,0.8581500769786524
t58,0.05972863833360942,0.9402713616663906
t62,0.9847469664539193,0.015253033546080657
t67,0.4271828748808847,0.5728171251191153
t73,0.7145432026350245,0.2854567973649755
t91,0.7189717771594847,0.2810282228405153
t102,0.48418028014028414,0.5158197198597159
t109,0.33557186918841975,0.6644281308115803
t114,0.1399615541780972,0.8600384458219028
