accepted_species,0,1
t17,0.5024215282113478,0.4975784717886522
t55,0.5029526095618516,0.4970473904381484
t58,0.5031862174829941,0.4968137825170059
t72,0.49672206755314974,0.5032779324468503
t73,0.5018717063986011,0.4981282936013988
t87,0.49379044900096536,0.5062095509990346
t89,0.5032926372786901,0.49670736272130994
t94,0.49576739220077903,0.504232607799221
t108,0.4966749407791773,0.5033250592208227
t112,0.5036690020715551,0.4963309979284449
