accepted_species,0,1
t11,0.44703227,0.5529677
t22,0.31057405,0.68942595
t58,0.31057405,0.68942595
t62,0.49433362,0.5056664
t67,0.49433362,0.5056664
t73,0.44703066,0.55296934
t91,0.49433362,0.5056664
t102,0.49433362,0.5056664
t109,0.49433362,0.5056664
t114,0.31057405,0.68942595
