accepted_species,0,1
t11,0.03931117,0.9606888
t22,0.023820281,0.9761797
t58,0.023820281,0.9761797
t62,0.98086137,0.019138644
t67,0.60640943,0.39359054
t73,0.8901746,0.10982539
t91,0.9048536,0.0951464
t102,0.60640943,0.39359054
t109,0.05649042,0.9435096
t114,0.023820281,0.9761797
