accepted_species,0,1
t11,0.3153273,0.6846727
t22,0.32643807,0.67356193
t58,0.31442356,0.68557644
t62,0.56626093,0.4337391
t67,0.5237251,0.4762749
t73,0.5237251,0.4762749
t91,0.5019535,0.49804655
t102,0.5616084,0.43839163
t109,0.42537665,0.57462335
t114,0.31253588,0.6874641
