accepted_species,0,1
t17,0.5466573,0.45334265
t55,0.5298173,0.47018272
t58,0.5587392,0.4412608
t72,0.3710372,0.6289628
t73,0.5983238,0.40167618
t87,0.36586487,0.6341351
t89,0.55354726,0.44645277
t94,0.36521196,0.63478804
t108,0.3710372,0.6289628
t112,0.52463627,0.4753637
