"accepted_species","estimate"
"t61",-1.4618302589961
"t109",-1.29914256466161
"t110",-1.29914256466161
"t105",-2.11361668425418
"t82",-1.99532549675797
"t85",-1.98419055058552
"t86",-1.33510843300098
"t23",-1.02702408351652
"t119",1.3329350624505
"t33",0.266002324133106
"t54",0.105881107730945
"t58",0.0738294580411246
"t59",0.0738294580411246
"t96",0.0259195143135397
"t43",0.514745773591186
