accepted_species,estimate
t1,1.6962590355018348
t87,1.6989169174574248
t88,1.9472049539867857
t33,1.3729229109841472
t34,1.6092058647836014
t16,1.6994077080146148
t13,1.353815483172251
t29,1.0352421708101973
t50,0.4731042598737811
t51,0.6655007623036091
