accepted_species,estimate
t1,5.990343133039685
t87,11.535684141389732
t88,11.535684141389734
t33,14.276133125712057
t34,14.276133125712057
t16,13.19759806886546
t13,1.5988857677432282
t29,-0.5084782026119072
t50,-0.8511032334372828
t51,-0.8511032334372823
