accepted_species,0
t1,0.0856849805012012
t87,0.0856849805012012
t88,0.0856849805012012
t33,0.0856849805012012
t34,0.0856849805012012
t16,0.0856849805012012
t13,0.0856849805012012
t29,0.0856849805012012
t50,0.0856849805012012
t51,0.0856849805012012
