accepted_species,0,1
Orthosia_pubescens,0.8904968,0.10950321
Tarenna_agumbensis,0.9120061,0.087993905
Galium_amurense,0.9552454,0.0447546
Psychotria_alluviorum,0.9552454,0.0447546
Hedyotis_neolessertiana,0.9552454,0.0447546
Matelea_vaupesana,0.8904968,0.10950321
Rudgea_insignis,0.9552454,0.0447546
Gentianella_nephostelium,0.9277243,0.07227572
Gentiana_scabra,0.9048246,0.095175415
Gentiana_newberryi,0.9048246,0.095175415
