accepted_species,0,1
Orthosia_pubescens,0.8664176,0.13358241
Tarenna_agumbensis,0.9499386,0.050061386
Galium_amurense,0.95620096,0.04379906
Psychotria_alluviorum,0.9557328,0.04426718
Hedyotis_neolessertiana,0.95642054,0.043579478
Matelea_vaupesana,0.8664176,0.13358241
Rudgea_insignis,0.95693135,0.043068618
Gentianella_nephostelium,0.87927234,0.12072766
Gentiana_scabra,0.87866014,0.12133985
Gentiana_newberryi,0.87849313,0.121506885
