accepted_species,0,1
Orthosia_pubescens,0.830323,0.16967699
Tarenna_agumbensis,0.9403407,0.059659306
Galium_amurense,0.9959055,0.004094462
Psychotria_alluviorum,0.9944946,0.0055053593
Hedyotis_neolessertiana,0.9959055,0.004094462
Matelea_vaupesana,0.8147249,0.18527505
Rudgea_insignis,0.9944946,0.0055053593
Gentianella_nephostelium,0.8958264,0.104173586
Gentiana_scabra,0.86194056,0.13805942
Gentiana_newberryi,0.8225904,0.17740959
