accepted_species,0,1
t19,0.4956325794726185,0.5043674205273815
t22,0.7258463939226408,0.27415360607735917
t37,0.7320139787602382,0.26798602123976173
t40,0.5954708292544219,0.40452917074557815
t52,0.4871610561618772,0.5128389438381228
t55,0.7611201110646757,0.23887988893532436
t81,0.5926749687468356,0.4073250312531644
t101,0.7623474355844093,0.23765256441559074
t106,0.5993265948954045,0.40067340510459554
t116,0.7613920545224078,0.23860794547759223
