"accepted_species","0","1"
"t95","0.823197223492653","0.176802776507347"
"t38","0.806006063628519","0.193993936371481"
"t66","0.738927383628941","0.261072616371059"
"t83","0.936773185187234","0.0632268148127661"
"t98","0.162317636951427","0.837682363048572"
"t59","0.494241105710943","0.505758894289057"
"t60","0.494241105710943","0.505758894289057"
"t72","0.267583652884366","0.732416347115634"
"t69","0.741476531406971","0.258523468593029"
"t29","0.39663534300001","0.60336465699999"
