accepted_species,0,1
t19,0.63006413,0.36993584
t22,0.95220315,0.047796838
t37,0.2043882,0.7956118
t40,0.71476305,0.28523698
t52,0.4659316,0.5340684
t55,0.9409138,0.059086196
t81,0.23949486,0.76050514
t101,0.9572581,0.0427419
t106,0.054635882,0.9453641
t116,0.9409138,0.059086196
