accepted_species,0,1
t26,0.9605711,0.039428893
t64,0.076387286,0.9236127
t72,0.6463543,0.3536457
t80,0.9412569,0.0587431
t88,0.8381081,0.1618919
t91,0.17791247,0.8220875
t98,0.30058068,0.6994193
t99,0.18312722,0.8168728
t108,0.81341785,0.18658216
t110,0.050689936,0.94931006
