accepted_species,estimate
t7,0.8966004634557017
t8,0.9444720905197433
t49,0.06987294230188307
t15,-1.0942503683303928
t25,0.6606840461147023
t79,1.3203962916741745
t97,1.3300816133872664
t62,0.3133038304063139
t24,-1.0536877963987479
t46,0.6764893146028377
