accepted_species,estimate
t7,1.1139378517958225
t8,1.0619104684540395
t49,0.08886432211677568
t15,0.13396124519972624
t25,0.35227184520601645
t79,0.9674176190127546
t97,1.1517609727990779
t62,-0.2599785918886464
t24,-1.0124285604607428
t46,0.01798775610106522
