accepted_species,estimate
t7,1.1861894875168508
t8,1.3604833911722045
t49,0.14388005255204148
t15,-0.16158460355298968
t25,0.5215257040515139
t79,0.8939221094244882
t97,0.894316370548185
t62,-0.0852518053101213
t24,-0.6507455717231597
t46,-1.4521455772490726
