accepted_species,0
t51,-0.010706334254013654
t81,1.0101324409342236
t18,-0.010706334254013654
t22,-0.010706334254013654
t73,-0.49682871079880103
t36,-0.010706334254013654
t76,-0.157758815109603
t56,-0.010706334254013654
t28,-0.010706334254013654
t61,-0.010706334254013654
