accepted_species,0
t51,
t81,1.0101324409342236
t18,
t22,
t73,-0.49682871079880103
t36,
t76,-0.157758815109603
t56,
t28,
t61,
