accepted_species,estimate
t51,1.6406026
t81,0.76648307
t18,0.65078044
t22,0.017568339
t73,-0.3330174
t36,-0.28353676
t76,-0.5018809
t56,-0.35515055
t28,-0.2578553
t61,-0.36396962
