accepted_species,estimate
t16,-0.5754943
t60,1.281288
t97,0.96090907
t52,-1.2260971
t27,-1.2260971
t35,0.23926504
t75,-0.39566493
t7,-0.39566493
t72,-0.80655783
t39,1.3952886
