"accepted_species","estimate"
"t151",-0.252418148079496
"t7",-0.813975323858968
"t85",0.828567629460426
"t87",0.125637579585372
"t91",0.12457792747924
"t158",0.834329053604522
"t155",0.354927899535245
"t54",-0.245831290233647
"t161",0.312064072162065
"t106",-0.907263810731121
"t93",1.02022230694174
"t117",1.12285907183959
"t58",0.625313730107745
"t118",0.377244506538825
"t25",-1.91286993672652
"t175",-1.27517967251174
"t176",-1.27517967251174
"t82",-1.027695236837
