"accepted_species","0","1"
"t69",0.260389143527751,0.739610856472249
"t76",0.250655144350586,0.749344855649414
"t77",0.250655144350586,0.749344855649414
"t103",0.27340739350033,0.72659260649967
"t106",0.249435621444771,0.750564378555229
"t107",0.249435621444771,0.750564378555229
"t108",0.249435621444772,0.750564378555228
"t113",0.249678451274985,0.750321548725015
"t114",0.249678451274985,0.750321548725015
"t156",0.0860504533816312,0.913949546618369
