accepted_species,0,1
t34,0.3402683487168545,0.6597316512831455
t61,0.28807872884264296,0.711921271157357
t62,0.283955345777131,0.716044654222869
t77,0.2960028585691127,0.7039971414308873
t88,0.262033042792044,0.737966957207956
t89,0.2844560560028493,0.7155439439971507
t119,0.2808990050155673,0.7191009949844327
t120,0.2922242456832712,0.7077757543167288
t121,0.22862804525897618,0.7713719547410238
t122,0.2588791824058829,0.7411208175941171
