"accepted_species","0","1"
"t69","0.325975216687929","0.674024783312071"
"t76","0.204209627941803","0.795790372058197"
"t77","0.204209627941803","0.795790372058197"
"t103","0.162172179665533","0.837827820334467"
"t106","0.18180135239935","0.81819864760065"
"t107","0.18180135239935","0.81819864760065"
"t108","0.18180135239935","0.81819864760065"
"t113","0.247961850318449","0.752038149681551"
"t114","0.247961850318449","0.752038149681551"
"t156","0.0366700762974724","0.963329923702528"
