accepted_species,0,1
t69,0.5253579,0.4746421
t76,0.112177074,0.8878229
t77,0.074750304,0.9252497
t103,0.18433046,0.81566954
t106,0.045105934,0.95489407
t107,0.05689168,0.9431083
t108,0.035041153,0.96495885
t113,0.3610571,0.6389429
t114,0.4179216,0.5820784
t156,0.27281338,0.7271866
