accepted_species,0,1
t45,0.2157433030874908,0.7842566969125092
t70,0.21154517346166957,0.7884548265383304
t88,0.21210298915201387,0.7878970108479861
t97,0.21418001665351127,0.7858199833464887
t98,0.21201343930864236,0.7879865606913576
t106,0.22228106869706687,0.7777189313029331
t140,0.217259197814056,0.782740802185944
t141,0.2241909526146002,0.7758090473853998
t160,0.21947745745237746,0.7805225425476225
t161,0.22942347962309895,0.770576520376901
