accepted_species,0,1
t98,0.49332593847058726,0.5066740615294127
t107,0.4932615436735559,0.5067384563264441
t109,0.49324895484104214,0.5067510451589579
t128,0.49312750898095215,0.5068724910190479
t133,0.4933042479754408,0.5066957520245592
t137,0.4932874306660534,0.5067125693339466
t138,0.49326886880906795,0.506731131190932
t153,0.4932022741700848,0.5067977258299152
t166,0.493188167715338,0.506811832284662
t167,0.49315879221453474,0.5068412077854653
