accepted_species,0,1
t45,0.35685277,0.64314723
t70,0.031663418,0.9683366
t88,0.06789476,0.93210524
t97,0.3111511,0.6888489
t98,0.3111511,0.6888489
t106,0.025324166,0.97467583
t140,0.35685277,0.64314723
t141,0.35685277,0.64314723
t160,0.6076112,0.39238885
t161,0.35685277,0.64314723
