accepted_species,0,1
sp63,0.9575705,0.04242952
sp73,0.77566993,0.22433008
sp81,0.93119085,0.068809174
sp97,0.9739619,0.026038134
sp101,0.98050827,0.019491717
sp108,0.9739619,0.026038134
sp125,0.9705348,0.029465182
sp129,0.9786111,0.02138889
sp136,0.70929027,0.2907097
sp137,0.70929027,0.2907097
