"accepted_species","estimate"
"t47",0.112777640497983
"t38",0.378806349944003
"t131",0.187084039780757
"t41",0.256825017556804
"t20",0.647532466141358
"t52",0.919994792672971
"t105",0.850040360787655
"t68",0.864762673444882
"t125",0.41330092844897
"t126",-1.79173606022704
"t117",-0.446614804235736
"t118",-1.54614415957212
"t21",-1.37592073234947
"t3",-0.510736537427708
