"accepted_species","estimate"
"t47",0.139700636316407
"t38",0.390500549016712
"t131",0.186257449217037
"t41",0.24750737935561
"t20",0.608426530842384
"t52",0.923126763656304
"t105",0.852153503232357
"t68",0.878428580726276
"t125",0.418228013391718
"t126",-1.78436367102736
"t117",-0.448730704655682
"t118",-1.54244842979479
"t21",-1.4115625747615
"t3",-0.418531386313468
