accepted_species,estimate
t47,-0.048952576
t38,0.7104531
t131,0.29876053
t41,0.67426723
t20,0.4296476
t52,0.81715477
t105,1.0741365
t68,0.927042
t125,0.6769102
t126,-1.5860265
t117,-0.69326884
t118,-1.6906894
t21,-1.4912622
t3,-0.011030873
