accepted_species,estimate
t47,0.19841373
t38,0.4818518
t131,0.19468221
t41,-0.06733196
t20,0.4089083
t52,1.8356489
t105,0.8634057
t68,0.8413267
t125,0.44176582
t126,-1.800342
t117,-0.36955008
t118,-1.6049405
t21,-1.9246951
t3,1.2279935
