"accepted_species","estimate"
"t74",0.294646488082127
"t34",-0.496373051773411
"t1",-0.943775274591241
"t60",-0.960856145736495
"t9",-0.788933952998217
"t88",-0.081997797408586
"t33",0.106122357718952
"t79",1.49393907301035
"t99",0.0759377030758439
"t92",-0.905356039055067
