"accepted_species","estimate"
"t94",-0.703557492142441
"t88",-0.102696285346703
"t12",-0.341349555090685
"t4",-0.335944206195033
"t30",1.24767570812864
"t73",0.892625708520153
"t98",1.07090534233487
"t85",0.889525079237887
"t39",0.932969503179007
"t15",0.303996835346463
