accepted_species,0
t120,0.1054391707152214
t108,0.1054391707152214
t86,0.1054391707152214
t103,0.1054391707152214
t104,0.1054391707152214
t85,0.1054391707152214
t98,0.1054391707152214
t95,0.1054391707152214
t116,0.1054391707152214
t82,0.1054391707152214
t134,-0.474049577522027
t52,0.1054391707152214
t56,0.1054391707152214
t57,0.1054391707152214
t23,0.1054391707152214
t24,0.1054391707152214
t17,0.1054391707152214
