accepted_species,0
t43,0.19295962929737326
t21,0.1946076132914692
t78,0.1962298010080199
t16,0.19044596986778692
t17,0.19044596986778692
t39,0.18344499902854017
t40,0.18344499902854017
t13,0.18276355775223163
t83,0.16741694741262245
t33,0.1809837518214238
