accepted_species,0,1
sp89,0.9082740118403757,0.0917259881596243
sp96,0.8440407982669352,0.15595920173306477
sp100,0.5349786059085018,0.46502139409149823
sp107,0.8444205696761988,0.15557943032380112
sp111,0.5672971209905584,0.43270287900944154
sp114,0.6208480239187808,0.37915197608121914
sp122,0.761780781443436,0.23821921855656406
sp132,0.4893570714708778,0.5106429285291222
sp146,0.8054958772478327,0.19450412275216733
sp157,0.8096549919647515,0.1903450080352485
