accepted_species,0,1
sp89,0.7666666666666666,0.23333333333333334
sp96,0.7666666666666666,0.23333333333333334
sp100,0.7666666666666666,0.23333333333333334
sp107,0.7666666666666666,0.23333333333333334
sp111,0.7666666666666666,0.23333333333333334
sp114,0.7666666666666666,0.23333333333333334
sp122,0.7666666666666666,0.23333333333333334
sp132,0.7666666666666666,0.23333333333333334
sp146,0.7666666666666666,0.23333333333333334
sp157,0.7666666666666666,0.23333333333333334
