accepted_species,0
t80,0.0001828790019896797
t29,0.0001828790019896797
t58,0.0001828790019896797
t19,0.0001828790019896797
t83,-1.00610496348791
t14,0.0001828790019896797
t26,0.0001828790019896797
t13,0.0001828790019896797
t99,0.771751343822058
t16,0.0001828790019896797
