"accepted_species","estimate"
"t80",0.285026724691226
"t29",-0.839595183183372
"t58",-0.615847911501781
"t19",-0.849985266809714
"t83",-0.969695519378059
"t14",1.45017211499596
"t26",0.691734593877237
"t13",0.529047768802692
"t99",0.770853502854946
"t16",-0.0407947014582947
