"accepted_species","estimate"
"t80",0.287337367620644
"t29",-0.838041083176641
"t58",-0.619263539775964
"t19",-0.845820724270383
"t83",-0.974366190718142
"t14",1.46709193787656
"t26",0.687210379016698
"t13",0.534982418149052
"t99",0.771239401491124
"t16",-0.0448253318426994
