accepted_species,0
t84,
t85,
t93,
t125,
t76,
t5,
t91,
t99,
t86,
t136,-0.714354372424442
t119,
t121,
t9,
t132,-0.375215217674567
