"accepted_species","estimate"
"t84",0.71340166408099
"t85",0.71340166408099
"t93",-0.0682840545592472
"t125",-0.290657104384167
"t76",-0.325512701462055
"t5",-0.351893471602989
"t91",-0.372680992818321
"t99",-0.456096409841713
"t86",-0.427896217875444
"t136",-0.699853272089251
"t119",-0.892758515036123
"t121",-0.223480471813373
"t9",0.636702948518407
"t132",-0.383405073404435
