accepted_species,estimate
t84,-0.33698437
t85,0.44730222
t93,-0.12961167
t125,-0.42825255
t76,-0.42825255
t5,-0.43338004
t91,-0.663095
t99,-0.42213133
t86,-0.45356014
t136,-0.45356014
t119,-0.53027093
t121,-0.6008145
t9,0.8324152
t132,-0.7180898
