accepted_species,estimate
t84,0.8702371
t85,0.8702371
t93,-0.03837014
t125,-0.3923411
t76,-0.5186349
t5,0.21076606
t91,-0.4647585
t99,-0.4125962
t86,-0.35979882
t136,-0.4125962
t119,-0.9648554
t121,-0.22438218
t9,0.83140296
t132,-0.42928636
