accepted_species,0,1
t56,0.8513175,0.1486825
t17,0.8679687,0.13203132
t46,0.8787558,0.12124419
t75,0.8566909,0.1433091
t59,0.8614291,0.13857089
t12,0.8546294,0.14537057
t72,0.8550214,0.14497858
t51,0.8590406,0.14095935
t66,0.8384463,0.1615537
t32,0.8436855,0.15631452
