accepted_species,estimate
t18,1.141522034779813
t57,1.221872216477888
t89,1.2319659047741567
t35,0.9147620104689256
t82,-0.971692339326242
t100,-1.2255840063520975
t77,-0.8278792108868214
t80,-0.614501756779848
t81,-0.6830597213628186
t34,0.06841914701524911
