accepted_species,0
t18,
t57,1.71681927469528
t89,1.0945182133371367
t35,
t82,-1.67882318666482
t100,-0.9956840821480119
t77,-1.13601851286745
t80,-0.505123666135016
t81,-0.505123666135016
t34,
