"accepted_species","0","1"
"t47",0.910525744472662,0.0894742555273383
"t69",0.910561021120125,0.089438978879875
"t88",0.91070383288098,0.0892961671190205
"t111",0.910531701382925,0.0894682986170751
"t117",0.915808766820266,0.0841912331797344
"t120",0.910531701382925,0.0894682986170751
"t121",0.910531701382925,0.0894682986170751
"t122",0.919311998976668,0.0806880010233321
"t143",0.956614330593768,0.0433856694062322
"t166",0.999769351835822,0.000230648164177545
