accepted_species,0,1
t71,0.5035350614685207,0.4964649385314793
t73,0.5279788278936882,0.4720211721063118
t100,0.4986397477430312,0.5013602522569688
t134,0.5272621269588667,0.47273787304113335
t151,0.5348032180890889,0.46519678191091113
t173,0.5104529639910345,0.48954703600896554
t182,0.5014914177944507,0.4985085822055492
t186,0.534980875125705,0.465019124874295
t196,0.5342098599737,0.4657901400263001
t201,0.501487102523817,0.498512897476183
