accepted_species,0,1
t71,0.48674882441737366,0.5132511755826263
t73,0.48379797573529904,0.516202024264701
t100,0.47437721081961415,0.5256227891803859
t134,0.482215249556032,0.517784750443968
t151,0.4794510239093498,0.5205489760906502
t173,0.4738958703353574,0.5261041296646426
t182,0.4887081998568945,0.5112918001431055
t186,0.47958948199456564,0.5204105180054344
t196,0.4791723059865264,0.5208276940134736
t201,0.4872142967006553,0.5127857032993447
