accepted_species,0,1
t71,0.47777777777777775,0.5222222222222223
t73,0.47777777777777775,0.5222222222222223
t100,0.47777777777777775,0.5222222222222223
t134,0.47777777777777775,0.5222222222222223
t151,0.47777777777777775,0.5222222222222223
t173,0.47777777777777775,0.5222222222222223
t182,0.47777777777777775,0.5222222222222223
t186,1.0,0.0
t196,1.0,0.0
t201,0.0,1.0
