accepted_species,0,1
t47,0.9222222222222223,0.07777777777777778
t69,0.9222222222222223,0.07777777777777778
t88,0.9222222222222223,0.07777777777777778
t111,0.9222222222222223,0.07777777777777778
t117,0.9222222222222223,0.07777777777777778
t120,0.9222222222222223,0.07777777777777778
t121,0.9222222222222223,0.07777777777777778
t122,0.9222222222222223,0.07777777777777778
t143,0.9222222222222223,0.07777777777777778
t166,1.0,0.0
