accepted_species,0,1
t71,0.5397955,0.46020448
t73,0.46843374,0.53156626
t100,0.46843374,0.53156626
t134,0.46843374,0.53156626
t151,0.5397955,0.46020448
t173,0.5397955,0.46020448
t182,0.511745,0.48825502
t186,0.52153593,0.47846407
t196,0.5397955,0.46020448
t201,0.511745,0.48825502
