accepted_species,estimate
t30,0.31723083363887133
t15,0.2990686089468599
t82,0.4600226726017845
t23,1.1468532665453455
t8,1.2134625682633917
t66,-0.9083957282138859
t69,-0.7192401890669828
t79,-0.7173349779326104
t95,-0.9147410919738441
t1,-0.9492422104733285
