accepted_species,estimate
t30,0.4144589991545391
t15,0.3969675795368104
t82,0.6107864257000601
t23,1.2735479972278374
t8,0.4184804493554257
t66,-0.6794554115163777
t69,-0.6796828043695496
t79,-0.6798120968421736
t95,-0.7027698164949705
t1,-0.7135598601891258
