accepted_species,estimate
t30,-0.32188186
t15,0.056826748
t82,1.0171144
t23,1.7163647
t8,0.8947576
t66,-0.5016424
t69,-0.5016424
t79,-0.5016424
t95,-0.7372339
t1,-0.7372339
