accepted_species,0
t37,0.0007645595365959052
t61,0.0007645595365959052
t18,0.0007645595365959052
t35,0.0007645595365959052
t31,0.0007645595365959052
t73,0.277478148713306
t6,0.0007645595365959052
t12,0.0007645595365959052
t32,0.0007645595365959052
t75,-1.0718362278738
