accepted_species,estimate
t37,1.5333717
t61,1.3702306
t18,0.39692634
t35,1.6693716
t31,0.17363897
t73,-0.24133311
t6,-0.48220238
t12,-0.25655335
t32,-1.144712
t75,-0.87069327
