accepted_species,estimate
t37,1.472348
t61,1.5466974
t18,1.5722115
t35,1.5722115
t31,1.3776586
t73,0.08479554
t6,-0.664025
t12,-0.97608066
t32,-0.7747394
t75,-1.0212284
