accepted_species,0,1
t25,0.4071197019826682,0.5928802980173318
t30,0.46879647472744934,0.5312035252725507
t44,0.3446795839093708,0.6553204160906292
t16,0.5946645730157833,0.4053354269842166
t92,0.1838149244836763,0.8161850755163237
t95,0.1785540563066662,0.8214459436933338
t39,0.21848893186396912,0.7815110681360309
t78,0.17050126027429147,0.8294987397257085
t71,0.4714979574245568,0.5285020425754432
t36,0.46500001664797896,0.534999983352021
