"accepted_species","0","1"
"t79","0.430655265712631","0.56934473428737"
"t5","0.5","0.5"
"t54","0.500849387229591","0.499150612770409"
"t26","0.500000000101315","0.499999999898685"
"t73","0.531258983924114","0.468741016075886"
"t52","0.499908572275999","0.500091427724001"
"t39","0.499998211567902","0.500001788432098"
"t47","0.499987764810556","0.500012235189444"
"t50","0.499992471874272","0.500007528125728"
"t72","0.468345697938734","0.531654302061266"
