accepted_species,0,1
t33,0.1056081367405558,0.8943918632594442
t19,0.10571571129822599,0.894284288701774
t66,0.10565672954582694,0.8943432704541731
t67,0.10565672954582706,0.894343270454173
t9,0.10575248536203663,0.8942475146379634
t36,0.09791938462566752,0.9020806153743325
t81,0.09760216537273247,0.9023978346272675
t55,0.09769252198309109,0.9023074780169089
t6,0.09205807386251619,0.9079419261374838
t83,0.08900473657699426,0.9109952634230057
