"accepted_species","0","1"
"t33","0.0335178738373361","0.966482126162664"
"t19","0.063874563848809","0.936125436151191"
"t66","0.063874563848809","0.936125436151191"
"t67","0.063874563848809","0.936125436151191"
"t9","0.063874563848809","0.936125436151191"
"t36","0.0285094725783227","0.971490527421677"
"t81","0.00974418264364624","0.990255817356354"
"t55","0.0186918889055531","0.981308111094447"
"t6","0.0527027479739679","0.947297252026032"
"t83","0.00963012140791545","0.990369878592085"
