accepted_species,0,1
t33,0.104753435,0.89524657
t19,0.104753435,0.89524657
t66,0.104753435,0.89524657
t67,0.104753435,0.89524657
t9,0.104753435,0.89524657
t36,0.104753435,0.89524657
t81,0.104753435,0.89524657
t55,0.104753435,0.89524657
t6,0.104753435,0.89524657
t83,0.104753435,0.89524657
