accepted_species,0,1
t33,0.07595867,0.92404133
t19,0.12941831,0.8705817
t66,0.1324727,0.8675273
t67,0.1324727,0.8675273
t9,0.07595867,0.92404133
t36,0.09157592,0.9084241
t81,0.09157592,0.9084241
t55,0.09157592,0.9084241
t6,0.09218198,0.907818
t83,0.09218198,0.907818
