"accepted_species","estimate"
"t62",0.842382826159986
"t71",0.631666707055021
"t98",0.898733918123298
"t80",0.241831953269971
"t92",0.147482702948392
"t25",0.890856638613835
"t29",0.807071104128528
"t13",0.631324006495893
"t82",-1.53164604446641
"t83",-1.53164604446641
