accepted_species,0,1
t48,0.651774046699249,0.34822595330075107
t81,0.6434249395299537,0.3565750604700463
t82,0.625978530430662,0.374021469569338
t42,0.6829157708142402,0.31708422918575985
t43,0.6357502030638074,0.3642497969361927
t98,0.685156650953626,0.31484334904637395
t10,0.6615280899457432,0.3384719100542568
t16,0.647047467449706,0.352952532550294
t77,0.663524246929085,0.33647575307091504
t78,0.7392432073240907,0.2607567926759094
