accepted_species,0,1
t48,0.6342587434103478,0.3657412565896522
t81,0.634617411762729,0.36538258823727104
t82,0.6346174117627289,0.3653825882372711
t42,0.6347249419121652,0.3652750580878348
t43,0.6347249419121652,0.3652750580878348
t98,0.635144915276304,0.364855084723696
t10,0.6336366008230583,0.36636339917694166
t16,0.6318948159100652,0.3681051840899348
t77,0.63314755478807,0.3668524452119299
t78,0.63314755478807,0.3668524452119299
