accepted_species,0,1
t48,0.5209118,0.4790882
t81,0.5209118,0.4790882
t82,0.5209118,0.4790882
t42,0.5209118,0.4790882
t43,0.5209118,0.4790882
t98,0.5209118,0.4790882
t10,0.5209118,0.4790882
t16,0.5455902,0.45440978
t77,0.52982855,0.47017145
t78,0.52982855,0.47017145
