accepted_species,0,1
t6,0.9875635,0.012436505
t51,0.9875635,0.012436505
t52,0.9875635,0.012436505
t133,0.9875635,0.012436505
t134,0.9875635,0.012436505
t67,0.9875635,0.012436505
t102,0.9875635,0.012436505
t39,0.9875635,0.012436505
t80,0.9875635,0.012436505
t145,0.9875635,0.012436505
t38,0.9875635,0.012436505
t89,0.9875635,0.012436505
t115,0.9875635,0.012436505
t84,0.9875635,0.012436505
