accepted_species,estimate
t35,-0.6766395925427453
t38,-0.8032828464547603
t39,-0.7113098558352311
t50,-1.0730957680836166
t51,-1.1243708457280825
t75,-1.4104585091957749
t87,-1.372970054608991
t88,-1.3766264648028246
t86,-1.3900992065642428
t44,-1.4043536050090635
