accepted_species,0,1
Gynochthodes_grayi,0.9158084,0.0841916
Psychotria_macrochlamys,0.91850126,0.08149875
Palicourea_jungiana,0.91850126,0.08149875
Psychotria_ireneae,0.91850126,0.08149875
Nertera_holmboei,0.9065854,0.09341462
Lasianthus_foetulentus,0.8879169,0.11208308
Damnacanthus_officinarum,0.9158084,0.0841916
Saprosma_henryi,0.9053255,0.09467451
Ophiorrhiza_cryptantha,0.8879169,0.11208308
Chassalia_propinqua,0.91850126,0.08149875
