"accepted_species","estimate"
"t32",-0.0190076848269092
"t55",-0.0190076848269092
"t56",-0.0190076848269092
"t26",-0.0190076848269092
"t25",-0.0190076848269092
"t16",-0.0190076848269092
"t17",-0.0190076848269092
"t40",0.0670083017113695
"t11",0.0158318596730636
"t53",0.252039241566491
