accepted_species,0,1
t79,0.7899138005455031,0.21008619945449689
t80,0.7829130530444098,0.21708694695559017
t87,0.794334812553093,0.205665187446907
t88,0.7821888696252739,0.21781113037472616
t24,0.7798711733682447,0.22012882663175526
t31,0.7684019181789954,0.23159808182100455
t85,0.8097039274536266,0.1902960725463734
t86,0.7943013218014277,0.20569867819857235
t47,0.8045406260497305,0.19545937395026944
t59,0.7668977189772808,0.2331022810227192
