accepted_species,0,1
t79,0.8741128026029179,0.1258871973970821
t80,0.892200114221711,0.10779988577828901
t87,0.8831558378332927,0.11684416216670736
t88,0.8262098828604617,0.17379011713953826
t24,0.9030176948962729,0.09698230510372703
t31,0.9166658848315633,0.08333411516843668
t85,0.8414327008117185,0.15856729918828147
t86,0.8488628132267897,0.15113718677321028
t47,0.8167770881049775,0.18322291189502246
t59,0.7261511519011304,0.27384884809886956
