accepted_species,0,1
t79,0.741489146793197,0.25851085320680306
t80,0.7414891467931974,0.25851085320680256
t87,0.7364420604637195,0.2635579395362805
t88,0.7364420604637194,0.26355793953628054
t24,0.7420071370021175,0.25799286299788254
t31,0.7440544385969714,0.2559455614030286
t85,0.7808701054207534,0.21912989457924656
t86,0.7808701054207534,0.21912989457924656
t47,0.7822027573523648,0.21779724264763525
t59,0.7862563873314939,0.21374361266850608
