accepted_species,0,1
t2,,
t77,0.0,1.0
t24,0.0,1.0
t21,,
t20,0.3333333333467523,0.6666666666532477
t52,0.9150803638833523,0.08491963611664764
t50,0.0,1.0
t88,0.028619228829856902,0.9713807711701431
t73,0.07946475939781972,0.9205352406021803
t43,0.4205272563443535,0.5794727436556465
