accepted_species,0,1
t2,0.9218047,0.07819525
t77,0.17054975,0.82945025
t24,0.06501496,0.93498504
t21,0.43905747,0.56094253
t20,0.8243605,0.17563951
t52,0.6378894,0.3621106
t50,0.15863574,0.84136426
t88,0.22604918,0.7739508
t73,0.07779056,0.92220944
t43,0.14921814,0.85078186
