"accepted_species","estimate"
"t72",-0.177284654154884
"t49",-0.104699648337926
"t131",0.0314985963468512
"t111",-0.158982546705775
"t27",-0.304765886294247
"t44",0.441407320207434
"t98",-0.556502931921394
"t56",-0.450506618373093
"t96",-0.760482796063294
"t90",-1.23443364020876
"t64",1.42066244901454
"t82",-1.17162079613907
"t94",-1.18801503218443
"t51",-1.28043609882124
