accepted_species,estimate
t30,0.5319707636652342
t45,0.8043918651750415
t89,0.6894444701708193
t20,0.7739867394935913
t15,0.6005986687431901
t26,0.6369704398481393
t57,0.690192195010012
t28,0.5389173223587729
t21,0.520755362506266
t1,-0.26753854341050626
