"accepted_species","estimate"
"t30",-0.364096421629188
"t45",0.322483982656306
"t89",0.301956029981334
"t20",0.338112978876333
"t15",0.351144263751235
"t26",0.657453362105735
"t57",0.296228918361043
"t28",0.350405703607599
"t21",1.73406716053723
"t1",0.023917444411862
