accepted_species,0,1
t60,0.944368276509168,0.05563172349083204
t99,0.9442508758411722,0.055749124158827816
t12,0.9442346703675693,0.055765329632430784
t70,0.944320285903396,0.055679714096603994
t10,0.9446145389876135,0.055385461012386464
t40,0.9446215068079419,0.05537849319205808
t95,0.9446068941430318,0.05539310585696823
t96,0.9446111387577102,0.05538886124228976
t71,0.944679308076076,0.05532069192392402
t67,0.9444389260158847,0.05556107398411527
