accepted_species,0,1
t60,0.98782116,0.012178852
t99,0.8531508,0.14684923
t12,0.96031743,0.039682582
t70,0.95091873,0.04908127
t10,0.9542031,0.045796845
t40,0.94934815,0.050651833
t95,0.8725241,0.12747593
t96,0.8725241,0.12747593
t71,0.9220267,0.0779733
t67,0.97074234,0.029257672
