accepted_species,0,1
t36,0.8316431970885143,0.16835680291148564
t51,0.8399411310826151,0.16005886891738486
t52,0.8305594850896969,0.16944051491030315
t38,0.8381269266551659,0.16187307334483417
t101,0.8298338471927797,0.17016615280722028
t20,0.8412326940034036,0.15876730599659636
t34,0.8312303936938159,0.16876960630618407
t86,0.8437043621027831,0.15629563789721695
t87,0.8497645960214995,0.15023540397850052
t31,0.8582466346899489,0.14175336531005117
t6,0.8319248084701707,0.16807519152982936
