accepted_species,0,1
t36,0.9505443208827209,0.04945567911727914
t51,0.9551866031889898,0.04481339681101019
t52,0.9559510552620334,0.04404894473796664
t38,0.8166935027010682,0.18330649729893184
t101,0.828044772063774,0.17195522793622592
t20,0.8835075159566992,0.11649248404330084
t34,0.8106357814692564,0.18936421853074356
t86,0.7623387822606942,0.23766121773930585
t87,0.7907152188227625,0.2092847811772375
t31,0.9098086256566849,0.09019137434331519
t6,0.9314732567147264,0.0685267432852737
