accepted_species,0,1
t36,0.9259259259259259,0.07407407407407407
t51,0.9259259259259259,0.07407407407407407
t52,0.9259259259259259,0.07407407407407407
t38,0.9259259259259259,0.07407407407407407
t101,1.0,0.0
t20,0.9259259259259259,0.07407407407407407
t34,0.9259259259259259,0.07407407407407407
t86,0.9259259259259259,0.07407407407407407
t87,0.9259259259259259,0.07407407407407407
t31,0.9259259259259259,0.07407407407407407
t6,0.9259259259259259,0.07407407407407407
