accepted_species,0,1
t36,0.9660375,0.033962473
t51,0.9660375,0.033962473
t52,0.9660375,0.033962473
t38,0.9660375,0.033962473
t101,0.9660375,0.033962473
t20,0.9660375,0.033962473
t34,0.9660375,0.033962473
t86,0.9660375,0.033962473
t87,0.9660375,0.033962473
t31,0.90441394,0.09558607
t6,0.9660375,0.033962473
