"accepted_species","0","1"
"t21",0.0483706142249759,0.951629385775024
"t3",0.0976185270758747,0.902381472924125
"t59",0.0206582969484348,0.979341703051565
"t15",0.0648907513200837,0.935109248679916
"t80",0.00723794345162629,0.992762056548374
"t87",0.00698343948509552,0.993016560514904
"t69",0.0132604663751394,0.98673953362486
"t38",0.0306934294611827,0.969306570538817
"t56",0.0226811222367595,0.977318877763241
"t93",0.00301891278311086,0.996981087216889
