accepted_species,0,1
t21,0.050735860382944864,0.9492641396170551
t3,0.03168131613828207,0.9683186838617179
t59,0.04622089510058147,0.9537791048994185
t15,0.04239533633337467,0.9576046636666253
t80,0.030827227531750268,0.9691727724682497
t87,0.029537278775752518,0.9704627212242475
t69,0.03888512378754361,0.9611148762124564
t38,0.02988986621949008,0.9701101337805099
t56,0.07267723103934343,0.9273227689606566
t93,0.0810282691336045,0.9189717308663955
