accepted_species,0,1
t21,0.026240848926983196,0.9737591510730168
t3,0.03164488764347484,0.9683551123565252
t59,0.0551495087537921,0.9448504912462079
t15,0.056032443755093087,0.9439675562449069
t80,0.050414405211181235,0.9495855947888188
t87,0.05044625227463195,0.949553747725368
t69,0.04954722431293779,0.9504527756870622
t38,0.04497539068611989,0.9550246093138801
t56,0.10228266474219683,0.8977173352578032
t93,0.1127435390611099,0.8872564609388901
