accepted_species,0,1
t21,0.28888888888888886,0.7111111111111111
t3,0.28888888888888886,0.7111111111111111
t59,0.28888888888888886,0.7111111111111111
t15,0.28888888888888886,0.7111111111111111
t80,0.28888888888888886,0.7111111111111111
t87,0.28888888888888886,0.7111111111111111
t69,0.28888888888888886,0.7111111111111111
t38,0.28888888888888886,0.7111111111111111
t56,0.28888888888888886,0.7111111111111111
t93,0.0,1.0
