"accepted_species","0","1"
"t21","8.0772953050472e-05","0.99991922704695"
"t3","0.00596915559332156","0.994030844406678"
"t59","0.00129135552573127","0.998708644474269"
"t15","0.00114883778560786","0.998851162214392"
"t80","6.51297688520515e-05","0.999934870231148"
"t87","0.000368416609358819","0.999631583390641"
"t69","0.000443577827830694","0.999556422172169"
"t38","0.000170594022125553","0.999829405977874"
"t56","0.000622658500199399","0.999377341499801"
"t93","3.01832867789945e-05","0.999969816713221"
