accepted_species,0,1
t21,0.00905031,0.9909497
t3,0.012927473,0.9870725
t59,0.01732719,0.9826728
t15,0.01732719,0.9826728
t80,0.016612768,0.98338723
t87,0.016612768,0.98338723
t69,0.028803945,0.97119606
t38,0.028803945,0.97119606
t56,0.05191356,0.94808644
t93,0.13530797,0.86469203
