accepted_species,0,1
t74,0.018858373,0.9811416
t99,0.018858373,0.9811416
t23,0.02974248,0.9702575
t9,0.35562402,0.644376
t60,0.9771286,0.022871392
t51,0.4065345,0.5934655
t97,0.6431433,0.35685667
t56,0.09208518,0.9079148
t57,0.0026242733,0.9973757
t112,0.0031508803,0.9968491
t77,0.008083403,0.9919166
t86,0.034947276,0.9650527
t117,0.06855607,0.9314439
t79,0.50381196,0.496188
t46,0.13923055,0.86076945
t13,0.0015291572,0.99847084
