accepted_species,0,1
t62,0.015079737,0.98492026
t45,0.013749242,0.98625076
t77,0.039053857,0.96094614
t92,0.050165057,0.94983494
t53,0.017613173,0.9823868
t70,0.07823855,0.92176145
t65,0.09336203,0.90663797
t21,0.34674472,0.6532553
t52,0.050765455,0.94923455
t86,0.014222145,0.98577785
