accepted_species,0,1
t62,0.006862104,0.9931379
t45,0.001883626,0.9981164
t77,0.03590387,0.9640961
t92,0.050343513,0.9496565
t53,0.022720575,0.9772794
t70,0.059003234,0.94099677
t65,0.02179885,0.97820115
t21,0.048969865,0.95103014
t52,0.567089,0.43291098
t86,0.02211982,0.9778802
