accepted_species,0,1
t100,0.49304708088423777,0.5069529191157622
t1,0.4953657185648437,0.5046342814351563
t42,0.5037155926300315,0.4962844073699685
t87,0.5041453117028465,0.49585468829715357
t14,0.5031983472740856,0.49680165272591437
t36,0.5034248749045205,0.4965751250954796
t4,0.504872286506955,0.49512771349304496
t3,0.5036650822664156,0.4963349177335844
t84,0.5048046332697218,0.49519536673027814
t63,0.5037316760130113,0.4962683239869887
