accepted_species,0,1
t100,0.71931416,0.28068584
t1,0.2578895,0.7421105
t42,0.6294887,0.37051126
t87,0.8095672,0.19043277
t14,0.16564083,0.83435917
t36,0.20631182,0.7936882
t4,0.26172626,0.73827374
t3,0.6943223,0.3056777
t84,0.9385361,0.061463907
t63,0.21760124,0.78239876
