"accepted_species","0","1"
"t65",0.0127159551856284,0.987284044814371
"t96",0.00113039201857569,0.998869607981424
"t28",0.0772790742579432,0.922720925742057
"t73",0.0182940940549484,0.981705905945052
"t61",0.0296327729082272,0.970367227091773
"t93",0.00300651371374729,0.996993486286253
"t49",0.03439790671744,0.96560209328256
"t25",0.0610894281344962,0.938910571865504
"t5",0.0742716938912499,0.92572830610875
"t55",0.0182034591925748,0.981796540807425
