accepted_species,0,1
t65,0.00024074316,0.99975926
t96,0.00024074316,0.99975926
t28,0.026887298,0.9731127
t73,0.4370106,0.5629894
t61,0.853265,0.14673501
t93,0.620653,0.37934703
t49,0.620653,0.37934703
t25,0.027246833,0.97275317
t5,0.018712342,0.98128766
t55,0.083158255,0.91684175
