accepted_species,estimate
t17,-0.29120072525910606
t42,-0.2759589840046162
t23,-0.46379749001938025
t24,-0.36794154712391475
t20,-0.10440900033428199
t35,-0.24168837189342027
t36,-0.08381349287980475
t55,-0.7303988533826872
t47,-0.6417921995408765
t78,-0.5198997223969734
