accepted_species,estimate
t97,-0.594199948123849
t98,-0.5972089888605542
t17,-0.6140559273494121
t23,-0.5840591296214029
t86,0.06530384093685705
t29,-0.18994741738763088
t28,-0.1347517747819259
t46,-0.6760134511358956
t96,-0.4950953584321135
t3,-0.1514212326464649
