accepted_species,0,1
t68,0.8830405,0.116959505
t69,0.8830405,0.116959505
t79,0.83822,0.16178003
t1,0.8547049,0.14529508
t58,0.8485589,0.1514411
t4,0.78570765,0.21429236
t17,0.82410663,0.17589337
t98,0.8070571,0.1929429
t33,0.7942858,0.20571424
t71,0.87745214,0.122547865
