accepted_species,0,1
t56,0.062302113,0.9376979
t95,0.1764074,0.8235926
t138,0.99802846,0.0019715307
t122,0.99802846,0.0019715307
t17,0.98506564,0.014934334
t103,0.9961682,0.0038317936
t13,0.9041107,0.09588925
t32,0.9450313,0.05496874
t28,0.89043546,0.10956457
t46,0.9829273,0.017072653
t11,0.9680529,0.03194705
t65,0.9983899,0.0016101205
t89,0.808439,0.19156098
t71,0.85804135,0.14195865
