"accepted_species","0","1"
"sp164",0.500009393045729,0.499990606954271
"sp165",0.498873607198378,0.501126392801622
"sp196",0.469443718629049,0.530556281370951
"sp222",0.654512976381552,0.345487023618448
"sp225",0.562335004328932,0.437664995671068
"sp237",0.680794639690722,0.319205360309278
"sp277",0.0517771060423494,0.948222893957651
"sp278",0.909265152269369,0.0907348477306313
"sp285",0.977735334723639,0.0222646652763613
"sp287",0.990820511187538,0.00917948881246222
