accepted_species,0,1
sp164,0.50516856,0.4948314
sp165,0.6147225,0.38527748
sp196,0.3351581,0.6648419
sp222,0.7310711,0.2689289
sp225,0.7512157,0.24878429
sp237,0.7455329,0.25446713
sp277,0.3345499,0.6654501
sp278,0.57306993,0.42693007
sp285,0.5736303,0.42636973
sp287,0.67587936,0.32412064
