accepted_species,estimate
t60,0.1673044574243906
t50,1.3860080211961565
t38,-0.5521713983965042
t31,-0.5275215412628372
t100,-0.4131577106416404
t16,-0.5276493607585786
t34,-0.7151563480629698
t92,-0.7591220260712824
t21,-1.3387451735088787
t7,-1.5368478397321839
