accepted_species,estimate
t60,0.017176202
t50,1.0090598
t38,0.4936838
t31,0.49909216
t100,-0.6554472
t16,-0.44831687
t34,-0.7612804
t92,-1.1159331
t21,-1.0795184
t7,-1.1381385
