accepted_species,estimate
t44,0.9366382252879523
t77,0.34842419873455777
t89,0.22041477039528054
t90,0.3971038639591348
t84,-0.10947705557173273
t28,0.1785375192627213
t9,-0.0958780196937267
t14,0.16725430243572856
t95,-0.5815668808634821
t83,-1.5070501174052395
