accepted_species,estimate
t107,0.7508197658903658
t54,0.6947072352242172
t122,0.8413839255301232
t45,0.49489021008260053
t40,0.6574162439120657
t59,0.13012817208818298
t102,1.347776147850018
t79,1.4498013359582427
t1,-0.10630889604582769
t66,-0.34586426281181865
t134,-1.1187414177942872
t135,-1.118871498959405
t27,-1.459230501271653
t97,-1.3341422985637548
