accepted_species,estimate
t107,0.9604313192582384
t54,0.863553371689722
t122,0.9570545739958638
t45,0.5025654848645638
t40,1.0096703669550882
t59,0.35338605598890727
t102,1.4514575374920133
t79,1.2022417417618145
t1,-0.018175489376785994
t66,-0.2128806300309358
t134,-1.7402814880211472
t135,-1.482983658245616
t27,-1.857082253500293
t97,-1.2806139044375688
