accepted_species,0
t107,0.909030318853824
t54,-0.0001729904203705841
t122,0.867960653571003
t45,-0.0001729904203705841
t40,-0.0001729904203705841
t59,-0.0001729904203705841
t102,-0.0001729904203705841
t79,-0.0001729904203705841
t1,-0.0001729904203705841
t66,-0.0001729904203705841
t134,-0.0001729904203705841
t135,-0.0001729904203705841
t27,-0.0001729904203705841
t97,-0.0001729904203705841
