accepted_species,0,1
Palicourea_pervicax,0.9289425,0.071057506
Matelea_purpusii,0.8082851,0.19171488
Arachnothryx_stachyoidea,0.91860914,0.08139087
Urophyllum_rostratum,0.9303107,0.069689296
Craspidospermum_verticillatum,0.8634371,0.13656288
Cynanchum_chinense,0.8023745,0.19762552
Ixora_inaequifolia,0.8892437,0.1107563
Spermacoce_taylorii,0.92877245,0.071227565
Lasianthus_burmanicus,0.9303107,0.069689296
Gentiana_sirensis,0.8998187,0.100181304
