accepted_species,0,1
t63,0.7946881982791992,0.20531180172080074
t12,0.7939087793410102,0.20609122065898983
t82,0.7874681267863918,0.21253187321360825
t31,0.7916841724690078,0.20831582753099226
t57,0.7723974208945533,0.2276025791054467
t58,0.7725143599539037,0.22748564004609628
t80,0.7773797161512688,0.2226202838487312
t43,0.7776468365125389,0.22235316348746118
t19,0.7786344766679753,0.22136552333202472
t9,0.7768492899787285,0.2231507100212715
