accepted_species,0,1
t63,0.0,1.0
t12,0.8181818181839794,0.18181818181602064
t82,0.9217335851638406,0.07826641483615941
t31,0.8398995187491439,0.16010048125085605
t57,0.6020958625709913,0.39790413742900865
t58,0.6020958625709913,0.39790413742900865
t80,0.8092746329738756,0.19072536702612447
t43,0.7656136248714794,0.23438637512852056
t19,0.7118012400960563,0.28819875990394367
t9,0.7239717098063547,0.27602829019364533
