"accepted_species","0","1"
"t63","0.000895680376612128","0.999104319623388"
"t12","0.818812421089706","0.181187578910294"
"t82","0.999227483398389","0.000772516601611461"
"t31","0.952558800392057","0.0474411996079432"
"t57","0.215089338421033","0.784910661578966"
"t58","0.215089338421033","0.784910661578966"
"t80","0.997198925278555","0.00280107472144466"
"t43","0.987511009139282","0.0124889908607184"
"t19","0.666392850200427","0.333607149799573"
"t9","0.886668044618536","0.113331955381464"
