"accepted_species","0","1"
"t63","0.000895680423610156","0.99910431957639"
"t12","0.818812416194658","0.181187583805342"
"t82","0.999227483363415","0.000772516636584655"
"t31","0.952558798707535","0.0474412012924652"
"t57","0.215089337818879","0.784910662181121"
"t58","0.215089337818879","0.784910662181121"
"t80","0.997198925150917","0.00280107484908252"
"t43","0.987511008565805","0.0124889914341949"
"t19","0.666392848190519","0.333607151809481"
"t9","0.886668042542693","0.113331957457307"
