accepted_species,0,1
Ibatia_fontana,0.97661215,0.023387853
Tocoyena_pittieri,0.997357,0.002642985
Mycetia_minor,0.99304265,0.0069573745
Psychotria_baldwinii,0.32044894,0.67955106
Palicourea_venulosa,0.9806745,0.019325512
Spermacoce_uniseta,0.8799315,0.120068476
Dischidia_calva,0.98560804,0.01439193
Crucianella_turcica,0.7341745,0.26582548
Oldenlandia_proschii,0.81745183,0.18254815
Gentiana_lutea,0.98263997,0.01736004
