accepted_species,0,1
Psychotria_lindleyana,0.9150739,0.08492613
Palicourea_wurdackii,0.9150739,0.08492613
Psychotria_tchoutoi,0.890671,0.10932898
Psychotria_salentana,0.890671,0.10932898
Psychotria_paulae,0.9150739,0.08492613
Hedyotis_membranacea,0.74614865,0.25385135
Spermacoce_tectanthera,0.74558896,0.25441104
Crucianella_gilanica,0.86275154,0.13724846
Rudgea_mazanensis,0.9150739,0.08492613
Oldenlandia_tonkinensis,0.8029255,0.19707449
