"accepted_species","0","1"
"t32",0.344398200321876,0.655601799678124
"t40",0.344460681814356,0.655539318185644
"t47",0.344387225022264,0.655612774977736
"t50",0.343871772091971,0.656128227908029
"t59",0.34259216687041,0.65740783312959
"t67",0.353953981576876,0.646046018423124
"t69",0.344387841769842,0.655612158230158
"t70",0.344387841769842,0.655612158230158
"t99",0.261436120783791,0.738563879216209
"t100",0.253243878487957,0.746756121512043
