accepted_species,0,1
t9,0.5395544955479918,0.4604455044520081
t12,0.5572859371648835,0.44271406283511644
t46,0.4684357976145139,0.5315642023854861
t62,0.5242542670733644,0.4757457329266356
t75,0.5171289229408598,0.4828710770591403
t79,0.5106911297562854,0.4893088702437146
t92,0.47257748212500517,0.5274225178749948
t99,0.567044483372022,0.43295551662797804
t112,0.4735225723538591,0.5264774276461409
t115,0.5348224633052546,0.4651775366947454
