accepted_species,0,1
t9,0.5564959290656868,0.44350407093431315
t12,0.7110606105239237,0.2889393894760764
t46,0.48042373518165893,0.5195762648183411
t62,0.4951781001187008,0.5048218998812992
t75,0.5816901865936148,0.4183098134063852
t79,0.5102225526481166,0.48977744735188344
t92,0.5290325763511796,0.4709674236488204
t99,0.7132417149776031,0.28675828502239686
t112,0.4413012244451552,0.5586987755548448
t115,0.5751430757821065,0.42485692421789345
