accepted_species,0,1
t32,0.6611999,0.3388001
t40,0.6611999,0.3388001
t47,0.19386917,0.8061308
t50,0.12454462,0.8754554
t59,0.1334123,0.8665877
t67,0.2614014,0.7385986
t69,0.49519718,0.5048028
t70,0.49519718,0.5048028
t99,0.26803708,0.7319629
t100,0.26803708,0.7319629
