accepted_species,0,1
t9,0.5296558,0.47034422
t12,0.45838022,0.5416198
t46,0.5628551,0.4371449
t62,0.5296558,0.47034422
t75,0.54477465,0.45522532
t79,0.27377737,0.72622263
t92,0.5628551,0.4371449
t99,0.68753624,0.3124638
t112,0.54195976,0.45804027
t115,0.54477465,0.45522532
