accepted_species,0,1
t94,0.7168027,0.28319728
t22,0.41870368,0.5812963
t27,0.76128054,0.23871948
t52,0.25876087,0.74123913
t99,0.22606105,0.77393895
t100,0.22606105,0.77393895
t74,0.47825426,0.52174574
t75,0.24726278,0.7527372
t69,0.49758446,0.50241554
t24,0.3799327,0.6200673
t25,0.13298786,0.86701214
t6,0.20911163,0.79088837
t9,0.925652,0.074348
