accepted_species,estimate
Asperula_glomerata,-0.3185499326483797
Coffea_racemosa,0.5307196448364881
Galium_album,-0.3667417504808282
Galium_bolanderi,-0.3304988758845143
Galium_propinquum,-0.3207750065090561
Hintonia_latiflora,0.52110114652803
Ixora_congesta,0.524792550714579
Ixora_pendula,0.5247925507145791
Nertera_dichondrifolia,0.14290821278016042
Pavetta_australiensis,0.5302561219883781
