accepted_species,0
t99,0.256395125779961
t58,0.029676373757163206
t15,0.029676373757163206
t20,0.029676373757163206
t65,0.029676373757163206
t45,0.029676373757163206
t14,0.029676373757163206
t71,0.029676373757163206
t33,0.029676373757163206
t60,0.029676373757163206
