accepted_species,0,1
t129,0.009473205,0.9905268
t69,0.009473205,0.9905268
t17,0.0067930818,0.9932069
t110,0.0067930818,0.9932069
t61,0.0067930818,0.9932069
t31,0.0067930818,0.9932069
t20,0.0067930818,0.9932069
t50,0.0067930818,0.9932069
t55,0.0067930818,0.9932069
t76,0.0067930818,0.9932069
t73,0.8826799,0.11732014
t105,0.11549044,0.88450956
t108,0.013091683,0.9869083
t2,0.0067930818,0.9932069
