accepted_species,estimate
t47,0.05884814845455349
t48,0.06816403356782058
t24,-0.005529209039198797
t30,-0.056038086471644384
t9,0.37010363671826924
t45,0.3968390818081102
t69,0.06349372431664219
t70,0.3223283522370061
t78,0.3802994916999329
t79,0.5575690856462886
