"accepted_species","estimate"
"t47",-0.230059028147204
"t48",-0.230059028147204
"t24",-0.257865575243985
"t30",-0.284278158217381
"t9",-0.0755957145252819
"t45",-0.0243383065605006
"t69",-0.0612100558501421
"t70",-0.0612100558501421
"t78",-0.0905632658266596
"t79",-0.0905632658266596
