accepted_species,estimate
t47,-0.37557334
t48,-0.5106109
t24,-0.04543691
t30,-0.06436409
t9,0.054605804
t45,-0.24018385
t69,-0.39709505
t70,-0.39709505
t78,-0.46166041
t79,-0.46166041
