accepted_species,estimate
t27,0.38822028
t64,-0.37205663
t87,-0.26631552
t88,-0.159956
t46,-0.1859436
t89,-0.16578749
t90,-1.2232707
t56,1.7122769
t18,0.66478074
t6,0.6416598
