accepted_species,estimate
t1,-32.434377850704585
t67,-68.5974417803272
t68,-68.5974417803272
t15,-63.07624447554343
t82,21.002785821271843
t83,21.002785821271843
t5,44.59111004183728
t22,54.54542855706248
t23,54.545428557062465
t19,54.38342181874968
