accepted_species,estimate
t1,-0.233109
t67,-0.233109
t68,-0.233109
t15,-0.233109
t82,-0.36649093
t83,-0.36649093
t5,-0.36649093
t22,-0.36649093
t23,-0.36649093
t19,-0.36649093
