"","t18","t88","t89","t33","t7","t4","t24","t29","t30","t80","t81","t46","t47","t21","t44","t45","t22","t20","t97","t98","t75","t76","t6","t10","t73","t74","t36","t28","t37","t38","t84","t85","t53","t34","t41","t42","t65","t66","t91","t92","t52","t58","t63","t64","t1","t2","t78","t79","t35","t50","t51","t13","t16","t56","t57","t5","t69","t70","t59","t60","t23","t54","t55","t99","t100","t90","t95","t96","t17","t43","t71","t72","t11","t12","t3","t8","t9","t15","t77","t86","t87","t93","t94","t31","t32","t67","t68","t48","t49","t14","t61","t62","t26","t27","t39","t40","t82","t83","t25","t19"
"t18",0,1.73177269474,1.73177269474,1.7317726947,2.6742406824,3.8201543858,3.820154386,3.8201543861,3.8201543861,3.8201543861,3.8201543861,7.98008304638,7.98008304638,7.98008304638,7.98008304627,7.98008304627,7.98008304637,7.98008304631,7.980083046328,7.980083046328,7.98008304635,7.98008304635,7.98008304638,7.98008304658,7.98008304638,7.98008304638,7.98008304638,7.98008304638,7.98008304638,7.98008304638,7.9800830464,7.9800830464,7.98008304648,7.98008304588,7.98008304588,7.98008304588,7.98008304669,7.98008304669,7.98008304664,7.98008304664,7.98008304638,7.98008304636,7.98008304635,7.98008304635,7.98008304648,7.98008304648,7.98008304648,7.98008304648,7.98008304648,7.98008304628,7.98008304628,7.980083046295,7.980083046295,7.980083046295,7.980083046295,7.980083046595,7.980083046395,7.980083046395,7.980083046295,7.980083046295,7.980083046395,7.980083046395,7.980083046395,7.980083046496,7.980083046496,7.9800830465,7.98008304633,7.98008304633,7.98008304638,7.98008304638,7.98008304638,7.98008304638,7.98008304578,7.98008304578,7.9800830465,7.9800830459,7.9800830459,7.9800830464,7.9800830463,7.98008304635,7.98008304635,7.98008304595,7.98008304595,7.9800830463,7.9800830463,7.9800830466,7.9800830466,7.9800830467,7.9800830467,7.9800830471,7.9800830466,7.9800830466,7.9800830466,7.9800830466,7.98008304669,7.98008304669,7.98008304659,7.98008304659,7.9800830466,7.9800830466
"t88",1.73177269474,0,0.09755150868,0.97196215084,2.67424068234,3.82015438574,3.82015438594,3.82015438604,3.82015438604,3.82015438604,3.82015438604,7.98008304632,7.98008304632,7.98008304632,7.98008304621,7.98008304621,7.98008304631,7.98008304625,7.980083046268,7.980083046268,7.98008304629,7.98008304629,7.98008304632,7.98008304652,7.98008304632,7.98008304632,7.98008304632,7.98008304632,7.98008304632,7.98008304632,7.98008304634,7.98008304634,7.98008304642,7.98008304582,7.98008304582,7.98008304582,7.98008304663,7.98008304663,7.98008304658,7.98008304658,7.98008304632,7.9800830463,7.98008304629,7.98008304629,7.98008304642,7.98008304642,7.98008304642,7.98008304642,7.98008304642,7.98008304622,7.98008304622,7.980083046235,7.980083046235,7.980083046235,7.980083046235,7.980083046535,7.980083046335,7.980083046335,7.980083046235,7.980083046235,7.980083046335,7.980083046335,7.980083046335,7.980083046436,7.980083046436,7.98008304644,7.98008304627,7.98008304627,7.98008304632,7.98008304632,7.98008304632,7.98008304632,7.98008304572,7.98008304572,7.98008304644,7.98008304584,7.98008304584,7.98008304634,7.98008304624,7.98008304629,7.98008304629,7.98008304589,7.98008304589,7.98008304624,7.98008304624,7.98008304654,7.98008304654,7.98008304664,7.98008304664,7.98008304704,7.98008304654,7.98008304654,7.98008304654,7.98008304654,7.98008304663,7.98008304663,7.98008304653,7.98008304653,7.98008304654,7.98008304654
"t89",1.73177269474,0.09755150868,0,0.97196215084,2.67424068234,3.82015438574,3.82015438594,3.82015438604,3.82015438604,3.82015438604,3.82015438604,7.98008304632,7.98008304632,7.98008304632,7.98008304621,7.98008304621,7.98008304631,7.98008304625,7.980083046268,7.980083046268,7.98008304629,7.98008304629,7.98008304632,7.98008304652,7.98008304632,7.98008304632,7.98008304632,7.98008304632,7.98008304632,7.98008304632,7.98008304634,7.98008304634,7.98008304642,7.98008304582,7.98008304582,7.98008304582,7.98008304663,7.98008304663,7.98008304658,7.98008304658,7.98008304632,7.9800830463,7.98008304629,7.98008304629,7.98008304642,7.98008304642,7.98008304642,7.98008304642,7.98008304642,7.98008304622,7.98008304622,7.980083046235,7.980083046235,7.980083046235,7.980083046235,7.980083046535,7.980083046335,7.980083046335,7.980083046235,7.980083046235,7.980083046335,7.980083046335,7.980083046335,7.980083046436,7.980083046436,7.98008304644,7.98008304627,7.98008304627,7.98008304632,7.98008304632,7.98008304632,7.98008304632,7.98008304572,7.98008304572,7.98008304644,7.98008304584,7.98008304584,7.98008304634,7.98008304624,7.98008304629,7.98008304629,7.98008304589,7.98008304589,7.98008304624,7.98008304624,7.98008304654,7.98008304654,7.98008304664,7.98008304664,7.98008304704,7.98008304654,7.98008304654,7.98008304654,7.98008304654,7.98008304663,7.98008304663,7.98008304653,7.98008304653,7.98008304654,7.98008304654
"t33",1.7317726947,0.97196215084,0.97196215084,0,2.6742406823,3.8201543857,3.8201543859,3.820154386,3.820154386,3.820154386,3.820154386,7.98008304628,7.98008304628,7.98008304628,7.98008304617,7.98008304617,7.98008304627,7.98008304621,7.980083046228,7.980083046228,7.98008304625,7.98008304625,7.98008304628,7.98008304648,7.98008304628,7.98008304628,7.98008304628,7.98008304628,7.98008304628,7.98008304628,7.9800830463,7.9800830463,7.98008304638,7.98008304578,7.98008304578,7.98008304578,7.98008304659,7.98008304659,7.98008304654,7.98008304654,7.98008304628,7.98008304626,7.98008304625,7.98008304625,7.98008304638,7.98008304638,7.98008304638,7.98008304638,7.98008304638,7.98008304618,7.98008304618,7.980083046195,7.980083046195,7.980083046195,7.980083046195,7.980083046495,7.980083046295,7.980083046295,7.980083046195,7.980083046195,7.980083046295,7.980083046295,7.980083046295,7.980083046396,7.980083046396,7.9800830464,7.98008304623,7.98008304623,7.98008304628,7.98008304628,7.98008304628,7.98008304628,7.98008304568,7.98008304568,7.9800830464,7.9800830458,7.9800830458,7.9800830463,7.9800830462,7.98008304625,7.98008304625,7.98008304585,7.98008304585,7.9800830462,7.9800830462,7.9800830465,7.9800830465,7.9800830466,7.9800830466,7.980083047,7.9800830465,7.9800830465,7.9800830465,7.9800830465,7.98008304659,7.98008304659,7.98008304649,7.98008304649,7.9800830465,7.9800830465
"t7",2.6742406824,2.67424068234,2.67424068234,2.6742406823,0,3.8201543854,3.8201543856,3.8201543857,3.8201543857,3.8201543857,3.8201543857,7.98008304598,7.98008304598,7.98008304598,7.98008304587,7.98008304587,7.98008304597,7.98008304591,7.980083045928,7.980083045928,7.98008304595,7.98008304595,7.98008304598,7.98008304618,7.98008304598,7.98008304598,7.98008304598,7.98008304598,7.98008304598,7.98008304598,7.980083046,7.980083046,7.98008304608,7.98008304548,7.98008304548,7.98008304548,7.98008304629,7.98008304629,7.98008304624,7.98008304624,7.98008304598,7.98008304596,7.98008304595,7.98008304595,7.98008304608,7.98008304608,7.98008304608,7.98008304608,7.98008304608,7.98008304588,7.98008304588,7.980083045895,7.980083045895,7.980083045895,7.980083045895,7.980083046195,7.980083045995,7.980083045995,7.980083045895,7.980083045895,7.980083045995,7.980083045995,7.980083045995,7.980083046096,7.980083046096,7.9800830461,7.98008304593,7.98008304593,7.98008304598,7.98008304598,7.98008304598,7.98008304598,7.98008304538,7.98008304538,7.9800830461,7.9800830455,7.9800830455,7.980083046,7.9800830459,7.98008304595,7.98008304595,7.98008304555,7.98008304555,7.9800830459,7.9800830459,7.9800830462,7.9800830462,7.9800830463,7.9800830463,7.9800830467,7.9800830462,7.9800830462,7.9800830462,7.9800830462,7.98008304629,7.98008304629,7.98008304619,7.98008304619,7.9800830462,7.9800830462
"t4",3.8201543858,3.82015438574,3.82015438574,3.8201543857,3.8201543854,0,2.9822344322,2.9822344323,2.9822344323,3.2489993045,3.2489993045,7.98008304618,7.98008304618,7.98008304618,7.98008304607,7.98008304607,7.98008304617,7.98008304611,7.980083046128,7.980083046128,7.98008304615,7.98008304615,7.98008304618,7.98008304638,7.98008304618,7.98008304618,7.98008304618,7.98008304618,7.98008304618,7.98008304618,7.9800830462,7.9800830462,7.98008304628,7.98008304568,7.98008304568,7.98008304568,7.98008304649,7.98008304649,7.98008304644,7.98008304644,7.98008304618,7.98008304616,7.98008304615,7.98008304615,7.98008304628,7.98008304628,7.98008304628,7.98008304628,7.98008304628,7.98008304608,7.98008304608,7.980083046095,7.980083046095,7.980083046095,7.980083046095,7.980083046395,7.980083046195,7.980083046195,7.980083046095,7.980083046095,7.980083046195,7.980083046195,7.980083046195,7.980083046296,7.980083046296,7.9800830463,7.98008304613,7.98008304613,7.98008304618,7.98008304618,7.98008304618,7.98008304618,7.98008304558,7.98008304558,7.9800830463,7.9800830457,7.9800830457,7.9800830462,7.9800830461,7.98008304615,7.98008304615,7.98008304575,7.98008304575,7.9800830461,7.9800830461,7.9800830464,7.9800830464,7.9800830465,7.9800830465,7.9800830469,7.9800830464,7.9800830464,7.9800830464,7.9800830464,7.98008304649,7.98008304649,7.98008304639,7.98008304639,7.9800830464,7.9800830464
"t24",3.820154386,3.82015438594,3.82015438594,3.8201543859,3.8201543856,2.9822344322,0,1.3800063695,1.3800063695,3.2489993047,3.2489993047,7.98008304638,7.98008304638,7.98008304638,7.98008304627,7.98008304627,7.98008304637,7.98008304631,7.980083046328,7.980083046328,7.98008304635,7.98008304635,7.98008304638,7.98008304658,7.98008304638,7.98008304638,7.98008304638,7.98008304638,7.98008304638,7.98008304638,7.9800830464,7.9800830464,7.98008304648,7.98008304588,7.98008304588,7.98008304588,7.98008304669,7.98008304669,7.98008304664,7.98008304664,7.98008304638,7.98008304636,7.98008304635,7.98008304635,7.98008304648,7.98008304648,7.98008304648,7.98008304648,7.98008304648,7.98008304628,7.98008304628,7.980083046295,7.980083046295,7.980083046295,7.980083046295,7.980083046595,7.980083046395,7.980083046395,7.980083046295,7.980083046295,7.980083046395,7.980083046395,7.980083046395,7.980083046496,7.980083046496,7.9800830465,7.98008304633,7.98008304633,7.98008304638,7.98008304638,7.98008304638,7.98008304638,7.98008304578,7.98008304578,7.9800830465,7.9800830459,7.9800830459,7.9800830464,7.9800830463,7.98008304635,7.98008304635,7.98008304595,7.98008304595,7.9800830463,7.9800830463,7.9800830466,7.9800830466,7.9800830467,7.9800830467,7.9800830471,7.9800830466,7.9800830466,7.9800830466,7.9800830466,7.98008304669,7.98008304669,7.98008304659,7.98008304659,7.9800830466,7.9800830466
"t29",3.8201543861,3.82015438604,3.82015438604,3.820154386,3.8201543857,2.9822344323,1.3800063695,0,1.044787773,3.2489993048,3.2489993048,7.98008304648,7.98008304648,7.98008304648,7.98008304637,7.98008304637,7.98008304647,7.98008304641,7.980083046428,7.980083046428,7.98008304645,7.98008304645,7.98008304648,7.98008304668,7.98008304648,7.98008304648,7.98008304648,7.98008304648,7.98008304648,7.98008304648,7.9800830465,7.9800830465,7.98008304658,7.98008304598,7.98008304598,7.98008304598,7.98008304679,7.98008304679,7.98008304674,7.98008304674,7.98008304648,7.98008304646,7.98008304645,7.98008304645,7.98008304658,7.98008304658,7.98008304658,7.98008304658,7.98008304658,7.98008304638,7.98008304638,7.980083046395,7.980083046395,7.980083046395,7.980083046395,7.980083046695,7.980083046495,7.980083046495,7.980083046395,7.980083046395,7.980083046495,7.980083046495,7.980083046495,7.980083046596,7.980083046596,7.9800830466,7.98008304643,7.98008304643,7.98008304648,7.98008304648,7.98008304648,7.98008304648,7.98008304588,7.98008304588,7.9800830466,7.980083046,7.980083046,7.9800830465,7.9800830464,7.98008304645,7.98008304645,7.98008304605,7.98008304605,7.9800830464,7.9800830464,7.9800830467,7.9800830467,7.9800830468,7.9800830468,7.9800830472,7.9800830467,7.9800830467,7.9800830467,7.9800830467,7.98008304679,7.98008304679,7.98008304669,7.98008304669,7.9800830467,7.9800830467
"t30",3.8201543861,3.82015438604,3.82015438604,3.820154386,3.8201543857,2.9822344323,1.3800063695,1.044787773,0,3.2489993048,3.2489993048,7.98008304648,7.98008304648,7.98008304648,7.98008304637,7.98008304637,7.98008304647,7.98008304641,7.980083046428,7.980083046428,7.98008304645,7.98008304645,7.98008304648,7.98008304668,7.98008304648,7.98008304648,7.98008304648,7.98008304648,7.98008304648,7.98008304648,7.9800830465,7.9800830465,7.98008304658,7.98008304598,7.98008304598,7.98008304598,7.98008304679,7.98008304679,7.98008304674,7.98008304674,7.98008304648,7.98008304646,7.98008304645,7.98008304645,7.98008304658,7.98008304658,7.98008304658,7.98008304658,7.98008304658,7.98008304638,7.98008304638,7.980083046395,7.980083046395,7.980083046395,7.980083046395,7.980083046695,7.980083046495,7.980083046495,7.980083046395,7.980083046395,7.980083046495,7.980083046495,7.980083046495,7.980083046596,7.980083046596,7.9800830466,7.98008304643,7.98008304643,7.98008304648,7.98008304648,7.98008304648,7.98008304648,7.98008304588,7.98008304588,7.9800830466,7.980083046,7.980083046,7.9800830465,7.9800830464,7.98008304645,7.98008304645,7.98008304605,7.98008304605,7.9800830464,7.9800830464,7.9800830467,7.9800830467,7.9800830468,7.9800830468,7.9800830472,7.9800830467,7.9800830467,7.9800830467,7.9800830467,7.98008304679,7.98008304679,7.98008304669,7.98008304669,7.9800830467,7.9800830467
"t80",3.8201543861,3.82015438604,3.82015438604,3.820154386,3.8201543857,3.2489993045,3.2489993047,3.2489993048,3.2489993048,0,0.2191577568,7.98008304648,7.98008304648,7.98008304648,7.98008304637,7.98008304637,7.98008304647,7.98008304641,7.980083046428,7.980083046428,7.98008304645,7.98008304645,7.98008304648,7.98008304668,7.98008304648,7.98008304648,7.98008304648,7.98008304648,7.98008304648,7.98008304648,7.9800830465,7.9800830465,7.98008304658,7.98008304598,7.98008304598,7.98008304598,7.98008304679,7.98008304679,7.98008304674,7.98008304674,7.98008304648,7.98008304646,7.98008304645,7.98008304645,7.98008304658,7.98008304658,7.98008304658,7.98008304658,7.98008304658,7.98008304638,7.98008304638,7.980083046395,7.980083046395,7.980083046395,7.980083046395,7.980083046695,7.980083046495,7.980083046495,7.980083046395,7.980083046395,7.980083046495,7.980083046495,7.980083046495,7.980083046596,7.980083046596,7.9800830466,7.98008304643,7.98008304643,7.98008304648,7.98008304648,7.98008304648,7.98008304648,7.98008304588,7.98008304588,7.9800830466,7.980083046,7.980083046,7.9800830465,7.9800830464,7.98008304645,7.98008304645,7.98008304605,7.98008304605,7.9800830464,7.9800830464,7.9800830467,7.9800830467,7.9800830468,7.9800830468,7.9800830472,7.9800830467,7.9800830467,7.9800830467,7.9800830467,7.98008304679,7.98008304679,7.98008304669,7.98008304669,7.9800830467,7.9800830467
"t81",3.8201543861,3.82015438604,3.82015438604,3.820154386,3.8201543857,3.2489993045,3.2489993047,3.2489993048,3.2489993048,0.2191577568,0,7.98008304648,7.98008304648,7.98008304648,7.98008304637,7.98008304637,7.98008304647,7.98008304641,7.980083046428,7.980083046428,7.98008304645,7.98008304645,7.98008304648,7.98008304668,7.98008304648,7.98008304648,7.98008304648,7.98008304648,7.98008304648,7.98008304648,7.9800830465,7.9800830465,7.98008304658,7.98008304598,7.98008304598,7.98008304598,7.98008304679,7.98008304679,7.98008304674,7.98008304674,7.98008304648,7.98008304646,7.98008304645,7.98008304645,7.98008304658,7.98008304658,7.98008304658,7.98008304658,7.98008304658,7.98008304638,7.98008304638,7.980083046395,7.980083046395,7.980083046395,7.980083046395,7.980083046695,7.980083046495,7.980083046495,7.980083046395,7.980083046395,7.980083046495,7.980083046495,7.980083046495,7.980083046596,7.980083046596,7.9800830466,7.98008304643,7.98008304643,7.98008304648,7.98008304648,7.98008304648,7.98008304648,7.98008304588,7.98008304588,7.9800830466,7.980083046,7.980083046,7.9800830465,7.9800830464,7.98008304645,7.98008304645,7.98008304605,7.98008304605,7.9800830464,7.9800830464,7.9800830467,7.9800830467,7.9800830468,7.9800830468,7.9800830472,7.9800830467,7.9800830467,7.9800830467,7.9800830467,7.98008304679,7.98008304679,7.98008304669,7.98008304669,7.9800830467,7.9800830467
"t46",7.98008304638,7.98008304632,7.98008304632,7.98008304628,7.98008304598,7.98008304618,7.98008304638,7.98008304648,7.98008304648,7.98008304648,7.98008304648,0,0.6051802242,2.34273025,2.34273024989,2.34273024989,2.34273024999,2.34273024993,2.342730249948,2.342730249948,2.34273024997,2.34273024997,5.13522307,5.1352230702,5.13522307,5.13522307,5.13522307,5.13522307,5.13522307,5.13522307,6.16723762202,6.16723762202,6.1672376221,6.1672376215,6.1672376215,6.1672376215,6.16723762231,6.16723762231,6.16723762226,6.16723762226,6.167237622,6.16723762198,6.16723762197,6.16723762197,6.1672376221,6.1672376221,6.4272762765,6.4272762765,6.4272762765,6.4272762763,6.4272762763,6.427276276315,6.427276276315,6.427276276315,6.427276276315,6.427276276615,6.427276276415,6.427276276415,6.427276276315,6.427276276315,6.427276276415,6.427276276415,6.427276276415,6.427276276516,6.427276276516,6.42727627652,6.42727627635,6.42727627635,6.4272762764,6.4272762764,6.4272762764,6.4272762764,6.4272762758,6.4272762758,6.56543741068,6.56543741008,6.56543741008,6.56543741058,6.56543741048,6.56543741053,6.56543741053,6.56543741013,6.56543741013,6.56543741048,6.56543741048,6.56543741078,6.56543741078,6.56543741088,6.56543741088,6.56543741128,6.56543741078,6.56543741078,6.56543741078,6.56543741078,6.56543741087,6.56543741087,6.56543741077,6.56543741077,6.56543741078,6.56543741078
"t47",7.98008304638,7.98008304632,7.98008304632,7.98008304628,7.98008304598,7.98008304618,7.98008304638,7.98008304648,7.98008304648,7.98008304648,7.98008304648,0.6051802242,0,2.34273025,2.34273024989,2.34273024989,2.34273024999,2.34273024993,2.342730249948,2.342730249948,2.34273024997,2.34273024997,5.13522307,5.1352230702,5.13522307,5.13522307,5.13522307,5.13522307,5.13522307,5.13522307,6.16723762202,6.16723762202,6.1672376221,6.1672376215,6.1672376215,6.1672376215,6.16723762231,6.16723762231,6.16723762226,6.16723762226,6.167237622,6.16723762198,6.16723762197,6.16723762197,6.1672376221,6.1672376221,6.4272762765,6.4272762765,6.4272762765,6.4272762763,6.4272762763,6.427276276315,6.427276276315,6.427276276315,6.427276276315,6.427276276615,6.427276276415,6.427276276415,6.427276276315,6.427276276315,6.427276276415,6.427276276415,6.427276276415,6.427276276516,6.427276276516,6.42727627652,6.42727627635,6.42727627635,6.4272762764,6.4272762764,6.4272762764,6.4272762764,6.4272762758,6.4272762758,6.56543741068,6.56543741008,6.56543741008,6.56543741058,6.56543741048,6.56543741053,6.56543741053,6.56543741013,6.56543741013,6.56543741048,6.56543741048,6.56543741078,6.56543741078,6.56543741088,6.56543741088,6.56543741128,6.56543741078,6.56543741078,6.56543741078,6.56543741078,6.56543741087,6.56543741087,6.56543741077,6.56543741077,6.56543741078,6.56543741078
"t21",7.98008304638,7.98008304632,7.98008304632,7.98008304628,7.98008304598,7.98008304618,7.98008304638,7.98008304648,7.98008304648,7.98008304648,7.98008304648,2.34273025,2.34273025,0,1.54043190409,1.54043190409,1.54043190419,1.79432372493,1.794323724948,1.794323724948,1.79432372497,1.79432372497,5.13522307,5.1352230702,5.13522307,5.13522307,5.13522307,5.13522307,5.13522307,5.13522307,6.16723762202,6.16723762202,6.1672376221,6.1672376215,6.1672376215,6.1672376215,6.16723762231,6.16723762231,6.16723762226,6.16723762226,6.167237622,6.16723762198,6.16723762197,6.16723762197,6.1672376221,6.1672376221,6.4272762765,6.4272762765,6.4272762765,6.4272762763,6.4272762763,6.427276276315,6.427276276315,6.427276276315,6.427276276315,6.427276276615,6.427276276415,6.427276276415,6.427276276315,6.427276276315,6.427276276415,6.427276276415,6.427276276415,6.427276276516,6.427276276516,6.42727627652,6.42727627635,6.42727627635,6.4272762764,6.4272762764,6.4272762764,6.4272762764,6.4272762758,6.4272762758,6.56543741068,6.56543741008,6.56543741008,6.56543741058,6.56543741048,6.56543741053,6.56543741053,6.56543741013,6.56543741013,6.56543741048,6.56543741048,6.56543741078,6.56543741078,6.56543741088,6.56543741088,6.56543741128,6.56543741078,6.56543741078,6.56543741078,6.56543741078,6.56543741087,6.56543741087,6.56543741077,6.56543741077,6.56543741078,6.56543741078
"t44",7.98008304627,7.98008304621,7.98008304621,7.98008304617,7.98008304587,7.98008304607,7.98008304627,7.98008304637,7.98008304637,7.98008304637,7.98008304637,2.34273024989,2.34273024989,1.54043190409,0,0.605648221,1.4740964879,1.79432372482,1.794323724838,1.794323724838,1.79432372486,1.79432372486,5.13522306989,5.13522307009,5.13522306989,5.13522306989,5.13522306989,5.13522306989,5.13522306989,5.13522306989,6.16723762191,6.16723762191,6.16723762199,6.16723762139,6.16723762139,6.16723762139,6.1672376222,6.1672376222,6.16723762215,6.16723762215,6.16723762189,6.16723762187,6.16723762186,6.16723762186,6.16723762199,6.16723762199,6.42727627639,6.42727627639,6.42727627639,6.42727627619,6.42727627619,6.427276276205,6.427276276205,6.427276276205,6.427276276205,6.427276276505,6.427276276305,6.427276276305,6.427276276205,6.427276276205,6.427276276305,6.427276276305,6.427276276305,6.427276276406,6.427276276406,6.42727627641,6.42727627624,6.42727627624,6.42727627629,6.42727627629,6.42727627629,6.42727627629,6.42727627569,6.42727627569,6.56543741057,6.56543740997,6.56543740997,6.56543741047,6.56543741037,6.56543741042,6.56543741042,6.56543741002,6.56543741002,6.56543741037,6.56543741037,6.56543741067,6.56543741067,6.56543741077,6.56543741077,6.56543741117,6.56543741067,6.56543741067,6.56543741067,6.56543741067,6.56543741076,6.56543741076,6.56543741066,6.56543741066,6.56543741067,6.56543741067
"t45",7.98008304627,7.98008304621,7.98008304621,7.98008304617,7.98008304587,7.98008304607,7.98008304627,7.98008304637,7.98008304637,7.98008304637,7.98008304637,2.34273024989,2.34273024989,1.54043190409,0.605648221,0,1.4740964879,1.79432372482,1.794323724838,1.794323724838,1.79432372486,1.79432372486,5.13522306989,5.13522307009,5.13522306989,5.13522306989,5.13522306989,5.13522306989,5.13522306989,5.13522306989,6.16723762191,6.16723762191,6.16723762199,6.16723762139,6.16723762139,6.16723762139,6.1672376222,6.1672376222,6.16723762215,6.16723762215,6.16723762189,6.16723762187,6.16723762186,6.16723762186,6.16723762199,6.16723762199,6.42727627639,6.42727627639,6.42727627639,6.42727627619,6.42727627619,6.427276276205,6.427276276205,6.427276276205,6.427276276205,6.427276276505,6.427276276305,6.427276276305,6.427276276205,6.427276276205,6.427276276305,6.427276276305,6.427276276305,6.427276276406,6.427276276406,6.42727627641,6.42727627624,6.42727627624,6.42727627629,6.42727627629,6.42727627629,6.42727627629,6.42727627569,6.42727627569,6.56543741057,6.56543740997,6.56543740997,6.56543741047,6.56543741037,6.56543741042,6.56543741042,6.56543741002,6.56543741002,6.56543741037,6.56543741037,6.56543741067,6.56543741067,6.56543741077,6.56543741077,6.56543741117,6.56543741067,6.56543741067,6.56543741067,6.56543741067,6.56543741076,6.56543741076,6.56543741066,6.56543741066,6.56543741067,6.56543741067
"t22",7.98008304637,7.98008304631,7.98008304631,7.98008304627,7.98008304597,7.98008304617,7.98008304637,7.98008304647,7.98008304647,7.98008304647,7.98008304647,2.34273024999,2.34273024999,1.54043190419,1.4740964879,1.4740964879,0,1.79432372492,1.794323724938,1.794323724938,1.79432372496,1.79432372496,5.13522306999,5.13522307019,5.13522306999,5.13522306999,5.13522306999,5.13522306999,5.13522306999,5.13522306999,6.16723762201,6.16723762201,6.16723762209,6.16723762149,6.16723762149,6.16723762149,6.1672376223,6.1672376223,6.16723762225,6.16723762225,6.16723762199,6.16723762197,6.16723762196,6.16723762196,6.16723762209,6.16723762209,6.42727627649,6.42727627649,6.42727627649,6.42727627629,6.42727627629,6.427276276305,6.427276276305,6.427276276305,6.427276276305,6.427276276605,6.427276276405,6.427276276405,6.427276276305,6.427276276305,6.427276276405,6.427276276405,6.427276276405,6.427276276506,6.427276276506,6.42727627651,6.42727627634,6.42727627634,6.42727627639,6.42727627639,6.42727627639,6.42727627639,6.42727627579,6.42727627579,6.56543741067,6.56543741007,6.56543741007,6.56543741057,6.56543741047,6.56543741052,6.56543741052,6.56543741012,6.56543741012,6.56543741047,6.56543741047,6.56543741077,6.56543741077,6.56543741087,6.56543741087,6.56543741127,6.56543741077,6.56543741077,6.56543741077,6.56543741077,6.56543741086,6.56543741086,6.56543741076,6.56543741076,6.56543741077,6.56543741077
"t20",7.98008304631,7.98008304625,7.98008304625,7.98008304621,7.98008304591,7.98008304611,7.98008304631,7.98008304641,7.98008304641,7.98008304641,7.98008304641,2.34273024993,2.34273024993,1.79432372493,1.79432372482,1.79432372482,1.79432372492,0,1.633998958218,1.633998958218,1.63399895824,1.63399895824,5.13522306993,5.13522307013,5.13522306993,5.13522306993,5.13522306993,5.13522306993,5.13522306993,5.13522306993,6.16723762195,6.16723762195,6.16723762203,6.16723762143,6.16723762143,6.16723762143,6.16723762224,6.16723762224,6.16723762219,6.16723762219,6.16723762193,6.16723762191,6.1672376219,6.1672376219,6.16723762203,6.16723762203,6.42727627643,6.42727627643,6.42727627643,6.42727627623,6.42727627623,6.427276276245,6.427276276245,6.427276276245,6.427276276245,6.427276276545,6.427276276345,6.427276276345,6.427276276245,6.427276276245,6.427276276345,6.427276276345,6.427276276345,6.427276276446,6.427276276446,6.42727627645,6.42727627628,6.42727627628,6.42727627633,6.42727627633,6.42727627633,6.42727627633,6.42727627573,6.42727627573,6.56543741061,6.56543741001,6.56543741001,6.56543741051,6.56543741041,6.56543741046,6.56543741046,6.56543741006,6.56543741006,6.56543741041,6.56543741041,6.56543741071,6.56543741071,6.56543741081,6.56543741081,6.56543741121,6.56543741071,6.56543741071,6.56543741071,6.56543741071,6.5654374108,6.5654374108,6.5654374107,6.5654374107,6.56543741071,6.56543741071
"t97",7.980083046328,7.980083046268,7.980083046268,7.980083046228,7.980083045928,7.980083046128,7.980083046328,7.980083046428,7.980083046428,7.980083046428,7.980083046428,2.342730249948,2.342730249948,1.794323724948,1.794323724838,1.794323724838,1.794323724938,1.633998958218,0,0.016447033636,0.431729623258,0.431729623258,5.135223069948,5.135223070148,5.135223069948,5.135223069948,5.135223069948,5.135223069948,5.135223069948,5.135223069948,6.167237621968,6.167237621968,6.167237622048,6.167237621448,6.167237621448,6.167237621448,6.167237622258,6.167237622258,6.167237622208,6.167237622208,6.167237621948,6.167237621928,6.167237621918,6.167237621918,6.167237622048,6.167237622048,6.427276276448,6.427276276448,6.427276276448,6.427276276248,6.427276276248,6.427276276263,6.427276276263,6.427276276263,6.427276276263,6.427276276563,6.427276276363,6.427276276363,6.427276276263,6.427276276263,6.427276276363,6.427276276363,6.427276276363,6.427276276464,6.427276276464,6.427276276468,6.427276276298,6.427276276298,6.427276276348,6.427276276348,6.427276276348,6.427276276348,6.427276275748,6.427276275748,6.565437410628,6.565437410028,6.565437410028,6.565437410528,6.565437410428,6.565437410478,6.565437410478,6.565437410078,6.565437410078,6.565437410428,6.565437410428,6.565437410728,6.565437410728,6.565437410828,6.565437410828,6.565437411228,6.565437410728,6.565437410728,6.565437410728,6.565437410728,6.565437410818,6.565437410818,6.565437410718,6.565437410718,6.565437410728,6.565437410728
"t98",7.980083046328,7.980083046268,7.980083046268,7.980083046228,7.980083045928,7.980083046128,7.980083046328,7.980083046428,7.980083046428,7.980083046428,7.980083046428,2.342730249948,2.342730249948,1.794323724948,1.794323724838,1.794323724838,1.794323724938,1.633998958218,0.016447033636,0,0.431729623258,0.431729623258,5.135223069948,5.135223070148,5.135223069948,5.135223069948,5.135223069948,5.135223069948,5.135223069948,5.135223069948,6.167237621968,6.167237621968,6.167237622048,6.167237621448,6.167237621448,6.167237621448,6.167237622258,6.167237622258,6.167237622208,6.167237622208,6.167237621948,6.167237621928,6.167237621918,6.167237621918,6.167237622048,6.167237622048,6.427276276448,6.427276276448,6.427276276448,6.427276276248,6.427276276248,6.427276276263,6.427276276263,6.427276276263,6.427276276263,6.427276276563,6.427276276363,6.427276276363,6.427276276263,6.427276276263,6.427276276363,6.427276276363,6.427276276363,6.427276276464,6.427276276464,6.427276276468,6.427276276298,6.427276276298,6.427276276348,6.427276276348,6.427276276348,6.427276276348,6.427276275748,6.427276275748,6.565437410628,6.565437410028,6.565437410028,6.565437410528,6.565437410428,6.565437410478,6.565437410478,6.565437410078,6.565437410078,6.565437410428,6.565437410428,6.565437410728,6.565437410728,6.565437410828,6.565437410828,6.565437411228,6.565437410728,6.565437410728,6.565437410728,6.565437410728,6.565437410818,6.565437410818,6.565437410718,6.565437410718,6.565437410728,6.565437410728
"t75",7.98008304635,7.98008304629,7.98008304629,7.98008304625,7.98008304595,7.98008304615,7.98008304635,7.98008304645,7.98008304645,7.98008304645,7.98008304645,2.34273024997,2.34273024997,1.79432372497,1.79432372486,1.79432372486,1.79432372496,1.63399895824,0.431729623258,0.431729623258,0,0.3133223954,5.13522306997,5.13522307017,5.13522306997,5.13522306997,5.13522306997,5.13522306997,5.13522306997,5.13522306997,6.16723762199,6.16723762199,6.16723762207,6.16723762147,6.16723762147,6.16723762147,6.16723762228,6.16723762228,6.16723762223,6.16723762223,6.16723762197,6.16723762195,6.16723762194,6.16723762194,6.16723762207,6.16723762207,6.42727627647,6.42727627647,6.42727627647,6.42727627627,6.42727627627,6.427276276285,6.427276276285,6.427276276285,6.427276276285,6.427276276585,6.427276276385,6.427276276385,6.427276276285,6.427276276285,6.427276276385,6.427276276385,6.427276276385,6.427276276486,6.427276276486,6.42727627649,6.42727627632,6.42727627632,6.42727627637,6.42727627637,6.42727627637,6.42727627637,6.42727627577,6.42727627577,6.56543741065,6.56543741005,6.56543741005,6.56543741055,6.56543741045,6.5654374105,6.5654374105,6.5654374101,6.5654374101,6.56543741045,6.56543741045,6.56543741075,6.56543741075,6.56543741085,6.56543741085,6.56543741125,6.56543741075,6.56543741075,6.56543741075,6.56543741075,6.56543741084,6.56543741084,6.56543741074,6.56543741074,6.56543741075,6.56543741075
"t76",7.98008304635,7.98008304629,7.98008304629,7.98008304625,7.98008304595,7.98008304615,7.98008304635,7.98008304645,7.98008304645,7.98008304645,7.98008304645,2.34273024997,2.34273024997,1.79432372497,1.79432372486,1.79432372486,1.79432372496,1.63399895824,0.431729623258,0.431729623258,0.3133223954,0,5.13522306997,5.13522307017,5.13522306997,5.13522306997,5.13522306997,5.13522306997,5.13522306997,5.13522306997,6.16723762199,6.16723762199,6.16723762207,6.16723762147,6.16723762147,6.16723762147,6.16723762228,6.16723762228,6.16723762223,6.16723762223,6.16723762197,6.16723762195,6.16723762194,6.16723762194,6.16723762207,6.16723762207,6.42727627647,6.42727627647,6.42727627647,6.42727627627,6.42727627627,6.427276276285,6.427276276285,6.427276276285,6.427276276285,6.427276276585,6.427276276385,6.427276276385,6.427276276285,6.427276276285,6.427276276385,6.427276276385,6.427276276385,6.427276276486,6.427276276486,6.42727627649,6.42727627632,6.42727627632,6.42727627637,6.42727627637,6.42727627637,6.42727627637,6.42727627577,6.42727627577,6.56543741065,6.56543741005,6.56543741005,6.56543741055,6.56543741045,6.5654374105,6.5654374105,6.5654374101,6.5654374101,6.56543741045,6.56543741045,6.56543741075,6.56543741075,6.56543741085,6.56543741085,6.56543741125,6.56543741075,6.56543741075,6.56543741075,6.56543741075,6.56543741084,6.56543741084,6.56543741074,6.56543741074,6.56543741075,6.56543741075
"t6",7.98008304638,7.98008304632,7.98008304632,7.98008304628,7.98008304598,7.98008304618,7.98008304638,7.98008304648,7.98008304648,7.98008304648,7.98008304648,5.13522307,5.13522307,5.13522307,5.13522306989,5.13522306989,5.13522306999,5.13522306993,5.135223069948,5.135223069948,5.13522306997,5.13522306997,0,2.7481301142,2.748130114,2.748130114,2.748130114,2.748130114,2.748130114,2.748130114,6.16723762202,6.16723762202,6.1672376221,6.1672376215,6.1672376215,6.1672376215,6.16723762231,6.16723762231,6.16723762226,6.16723762226,6.167237622,6.16723762198,6.16723762197,6.16723762197,6.1672376221,6.1672376221,6.4272762765,6.4272762765,6.4272762765,6.4272762763,6.4272762763,6.427276276315,6.427276276315,6.427276276315,6.427276276315,6.427276276615,6.427276276415,6.427276276415,6.427276276315,6.427276276315,6.427276276415,6.427276276415,6.427276276415,6.427276276516,6.427276276516,6.42727627652,6.42727627635,6.42727627635,6.4272762764,6.4272762764,6.4272762764,6.4272762764,6.4272762758,6.4272762758,6.56543741068,6.56543741008,6.56543741008,6.56543741058,6.56543741048,6.56543741053,6.56543741053,6.56543741013,6.56543741013,6.56543741048,6.56543741048,6.56543741078,6.56543741078,6.56543741088,6.56543741088,6.56543741128,6.56543741078,6.56543741078,6.56543741078,6.56543741078,6.56543741087,6.56543741087,6.56543741077,6.56543741077,6.56543741078,6.56543741078
"t10",7.98008304658,7.98008304652,7.98008304652,7.98008304648,7.98008304618,7.98008304638,7.98008304658,7.98008304668,7.98008304668,7.98008304668,7.98008304668,5.1352230702,5.1352230702,5.1352230702,5.13522307009,5.13522307009,5.13522307019,5.13522307013,5.135223070148,5.135223070148,5.13522307017,5.13522307017,2.7481301142,0,2.4407680338,2.4407680338,2.4407680338,2.4407680338,2.4407680338,2.4407680338,6.16723762222,6.16723762222,6.1672376223,6.1672376217,6.1672376217,6.1672376217,6.16723762251,6.16723762251,6.16723762246,6.16723762246,6.1672376222,6.16723762218,6.16723762217,6.16723762217,6.1672376223,6.1672376223,6.4272762767,6.4272762767,6.4272762767,6.4272762765,6.4272762765,6.427276276515,6.427276276515,6.427276276515,6.427276276515,6.427276276815,6.427276276615,6.427276276615,6.427276276515,6.427276276515,6.427276276615,6.427276276615,6.427276276615,6.427276276716,6.427276276716,6.42727627672,6.42727627655,6.42727627655,6.4272762766,6.4272762766,6.4272762766,6.4272762766,6.427276276,6.427276276,6.56543741088,6.56543741028,6.56543741028,6.56543741078,6.56543741068,6.56543741073,6.56543741073,6.56543741033,6.56543741033,6.56543741068,6.56543741068,6.56543741098,6.56543741098,6.56543741108,6.56543741108,6.56543741148,6.56543741098,6.56543741098,6.56543741098,6.56543741098,6.56543741107,6.56543741107,6.56543741097,6.56543741097,6.56543741098,6.56543741098
"t73",7.98008304638,7.98008304632,7.98008304632,7.98008304628,7.98008304598,7.98008304618,7.98008304638,7.98008304648,7.98008304648,7.98008304648,7.98008304648,5.13522307,5.13522307,5.13522307,5.13522306989,5.13522306989,5.13522306999,5.13522306993,5.135223069948,5.135223069948,5.13522306997,5.13522306997,2.748130114,2.4407680338,0,0.3196924318,0.8827800556,1.9176160156,1.9176160156,1.9176160156,6.16723762202,6.16723762202,6.1672376221,6.1672376215,6.1672376215,6.1672376215,6.16723762231,6.16723762231,6.16723762226,6.16723762226,6.167237622,6.16723762198,6.16723762197,6.16723762197,6.1672376221,6.1672376221,6.4272762765,6.4272762765,6.4272762765,6.4272762763,6.4272762763,6.427276276315,6.427276276315,6.427276276315,6.427276276315,6.427276276615,6.427276276415,6.427276276415,6.427276276315,6.427276276315,6.427276276415,6.427276276415,6.427276276415,6.427276276516,6.427276276516,6.42727627652,6.42727627635,6.42727627635,6.4272762764,6.4272762764,6.4272762764,6.4272762764,6.4272762758,6.4272762758,6.56543741068,6.56543741008,6.56543741008,6.56543741058,6.56543741048,6.56543741053,6.56543741053,6.56543741013,6.56543741013,6.56543741048,6.56543741048,6.56543741078,6.56543741078,6.56543741088,6.56543741088,6.56543741128,6.56543741078,6.56543741078,6.56543741078,6.56543741078,6.56543741087,6.56543741087,6.56543741077,6.56543741077,6.56543741078,6.56543741078
"t74",7.98008304638,7.98008304632,7.98008304632,7.98008304628,7.98008304598,7.98008304618,7.98008304638,7.98008304648,7.98008304648,7.98008304648,7.98008304648,5.13522307,5.13522307,5.13522307,5.13522306989,5.13522306989,5.13522306999,5.13522306993,5.135223069948,5.135223069948,5.13522306997,5.13522306997,2.748130114,2.4407680338,0.3196924318,0,0.8827800556,1.9176160156,1.9176160156,1.9176160156,6.16723762202,6.16723762202,6.1672376221,6.1672376215,6.1672376215,6.1672376215,6.16723762231,6.16723762231,6.16723762226,6.16723762226,6.167237622,6.16723762198,6.16723762197,6.16723762197,6.1672376221,6.1672376221,6.4272762765,6.4272762765,6.4272762765,6.4272762763,6.4272762763,6.427276276315,6.427276276315,6.427276276315,6.427276276315,6.427276276615,6.427276276415,6.427276276415,6.427276276315,6.427276276315,6.427276276415,6.427276276415,6.427276276415,6.427276276516,6.427276276516,6.42727627652,6.42727627635,6.42727627635,6.4272762764,6.4272762764,6.4272762764,6.4272762764,6.4272762758,6.4272762758,6.56543741068,6.56543741008,6.56543741008,6.56543741058,6.56543741048,6.56543741053,6.56543741053,6.56543741013,6.56543741013,6.56543741048,6.56543741048,6.56543741078,6.56543741078,6.56543741088,6.56543741088,6.56543741128,6.56543741078,6.56543741078,6.56543741078,6.56543741078,6.56543741087,6.56543741087,6.56543741077,6.56543741077,6.56543741078,6.56543741078
"t36",7.98008304638,7.98008304632,7.98008304632,7.98008304628,7.98008304598,7.98008304618,7.98008304638,7.98008304648,7.98008304648,7.98008304648,7.98008304648,5.13522307,5.13522307,5.13522307,5.13522306989,5.13522306989,5.13522306999,5.13522306993,5.135223069948,5.135223069948,5.13522306997,5.13522306997,2.748130114,2.4407680338,0.8827800556,0.8827800556,0,1.9176160156,1.9176160156,1.9176160156,6.16723762202,6.16723762202,6.1672376221,6.1672376215,6.1672376215,6.1672376215,6.16723762231,6.16723762231,6.16723762226,6.16723762226,6.167237622,6.16723762198,6.16723762197,6.16723762197,6.1672376221,6.1672376221,6.4272762765,6.4272762765,6.4272762765,6.4272762763,6.4272762763,6.427276276315,6.427276276315,6.427276276315,6.427276276315,6.427276276615,6.427276276415,6.427276276415,6.427276276315,6.427276276315,6.427276276415,6.427276276415,6.427276276415,6.427276276516,6.427276276516,6.42727627652,6.42727627635,6.42727627635,6.4272762764,6.4272762764,6.4272762764,6.4272762764,6.4272762758,6.4272762758,6.56543741068,6.56543741008,6.56543741008,6.56543741058,6.56543741048,6.56543741053,6.56543741053,6.56543741013,6.56543741013,6.56543741048,6.56543741048,6.56543741078,6.56543741078,6.56543741088,6.56543741088,6.56543741128,6.56543741078,6.56543741078,6.56543741078,6.56543741078,6.56543741087,6.56543741087,6.56543741077,6.56543741077,6.56543741078,6.56543741078
"t28",7.98008304638,7.98008304632,7.98008304632,7.98008304628,7.98008304598,7.98008304618,7.98008304638,7.98008304648,7.98008304648,7.98008304648,7.98008304648,5.13522307,5.13522307,5.13522307,5.13522306989,5.13522306989,5.13522306999,5.13522306993,5.135223069948,5.135223069948,5.13522306997,5.13522306997,2.748130114,2.4407680338,1.9176160156,1.9176160156,1.9176160156,0,1.0989511684,1.0989511684,6.16723762202,6.16723762202,6.1672376221,6.1672376215,6.1672376215,6.1672376215,6.16723762231,6.16723762231,6.16723762226,6.16723762226,6.167237622,6.16723762198,6.16723762197,6.16723762197,6.1672376221,6.1672376221,6.4272762765,6.4272762765,6.4272762765,6.4272762763,6.4272762763,6.427276276315,6.427276276315,6.427276276315,6.427276276315,6.427276276615,6.427276276415,6.427276276415,6.427276276315,6.427276276315,6.427276276415,6.427276276415,6.427276276415,6.427276276516,6.427276276516,6.42727627652,6.42727627635,6.42727627635,6.4272762764,6.4272762764,6.4272762764,6.4272762764,6.4272762758,6.4272762758,6.56543741068,6.56543741008,6.56543741008,6.56543741058,6.56543741048,6.56543741053,6.56543741053,6.56543741013,6.56543741013,6.56543741048,6.56543741048,6.56543741078,6.56543741078,6.56543741088,6.56543741088,6.56543741128,6.56543741078,6.56543741078,6.56543741078,6.56543741078,6.56543741087,6.56543741087,6.56543741077,6.56543741077,6.56543741078,6.56543741078
"t37",7.98008304638,7.98008304632,7.98008304632,7.98008304628,7.98008304598,7.98008304618,7.98008304638,7.98008304648,7.98008304648,7.98008304648,7.98008304648,5.13522307,5.13522307,5.13522307,5.13522306989,5.13522306989,5.13522306999,5.13522306993,5.135223069948,5.135223069948,5.13522306997,5.13522306997,2.748130114,2.4407680338,1.9176160156,1.9176160156,1.9176160156,1.0989511684,0,0.8202281408,6.16723762202,6.16723762202,6.1672376221,6.1672376215,6.1672376215,6.1672376215,6.16723762231,6.16723762231,6.16723762226,6.16723762226,6.167237622,6.16723762198,6.16723762197,6.16723762197,6.1672376221,6.1672376221,6.4272762765,6.4272762765,6.4272762765,6.4272762763,6.4272762763,6.427276276315,6.427276276315,6.427276276315,6.427276276315,6.427276276615,6.427276276415,6.427276276415,6.427276276315,6.427276276315,6.427276276415,6.427276276415,6.427276276415,6.427276276516,6.427276276516,6.42727627652,6.42727627635,6.42727627635,6.4272762764,6.4272762764,6.4272762764,6.4272762764,6.4272762758,6.4272762758,6.56543741068,6.56543741008,6.56543741008,6.56543741058,6.56543741048,6.56543741053,6.56543741053,6.56543741013,6.56543741013,6.56543741048,6.56543741048,6.56543741078,6.56543741078,6.56543741088,6.56543741088,6.56543741128,6.56543741078,6.56543741078,6.56543741078,6.56543741078,6.56543741087,6.56543741087,6.56543741077,6.56543741077,6.56543741078,6.56543741078
"t38",7.98008304638,7.98008304632,7.98008304632,7.98008304628,7.98008304598,7.98008304618,7.98008304638,7.98008304648,7.98008304648,7.98008304648,7.98008304648,5.13522307,5.13522307,5.13522307,5.13522306989,5.13522306989,5.13522306999,5.13522306993,5.135223069948,5.135223069948,5.13522306997,5.13522306997,2.748130114,2.4407680338,1.9176160156,1.9176160156,1.9176160156,1.0989511684,0.8202281408,0,6.16723762202,6.16723762202,6.1672376221,6.1672376215,6.1672376215,6.1672376215,6.16723762231,6.16723762231,6.16723762226,6.16723762226,6.167237622,6.16723762198,6.16723762197,6.16723762197,6.1672376221,6.1672376221,6.4272762765,6.4272762765,6.4272762765,6.4272762763,6.4272762763,6.427276276315,6.427276276315,6.427276276315,6.427276276315,6.427276276615,6.427276276415,6.427276276415,6.427276276315,6.427276276315,6.427276276415,6.427276276415,6.427276276415,6.427276276516,6.427276276516,6.42727627652,6.42727627635,6.42727627635,6.4272762764,6.4272762764,6.4272762764,6.4272762764,6.4272762758,6.4272762758,6.56543741068,6.56543741008,6.56543741008,6.56543741058,6.56543741048,6.56543741053,6.56543741053,6.56543741013,6.56543741013,6.56543741048,6.56543741048,6.56543741078,6.56543741078,6.56543741088,6.56543741088,6.56543741128,6.56543741078,6.56543741078,6.56543741078,6.56543741078,6.56543741087,6.56543741087,6.56543741077,6.56543741077,6.56543741078,6.56543741078
"t84",7.9800830464,7.98008304634,7.98008304634,7.9800830463,7.980083046,7.9800830462,7.9800830464,7.9800830465,7.9800830465,7.9800830465,7.9800830465,6.16723762202,6.16723762202,6.16723762202,6.16723762191,6.16723762191,6.16723762201,6.16723762195,6.167237621968,6.167237621968,6.16723762199,6.16723762199,6.16723762202,6.16723762222,6.16723762202,6.16723762202,6.16723762202,6.16723762202,6.16723762202,6.16723762202,0,0.17882908224,0.52533689212,3.81397924952,3.81397924952,3.81397924952,3.81397925033,3.81397925033,3.81397925028,3.81397925028,3.81397925002,3.81397925,3.81397924999,3.81397924999,5.25801513652,5.25801513652,6.42727627652,6.42727627652,6.42727627652,6.42727627632,6.42727627632,6.427276276335,6.427276276335,6.427276276335,6.427276276335,6.427276276635,6.427276276435,6.427276276435,6.427276276335,6.427276276335,6.427276276435,6.427276276435,6.427276276435,6.427276276536,6.427276276536,6.42727627654,6.42727627637,6.42727627637,6.42727627642,6.42727627642,6.42727627642,6.42727627642,6.42727627582,6.42727627582,6.5654374107,6.5654374101,6.5654374101,6.5654374106,6.5654374105,6.56543741055,6.56543741055,6.56543741015,6.56543741015,6.5654374105,6.5654374105,6.5654374108,6.5654374108,6.5654374109,6.5654374109,6.5654374113,6.5654374108,6.5654374108,6.5654374108,6.5654374108,6.56543741089,6.56543741089,6.56543741079,6.56543741079,6.5654374108,6.5654374108
"t85",7.9800830464,7.98008304634,7.98008304634,7.9800830463,7.980083046,7.9800830462,7.9800830464,7.9800830465,7.9800830465,7.9800830465,7.9800830465,6.16723762202,6.16723762202,6.16723762202,6.16723762191,6.16723762191,6.16723762201,6.16723762195,6.167237621968,6.167237621968,6.16723762199,6.16723762199,6.16723762202,6.16723762222,6.16723762202,6.16723762202,6.16723762202,6.16723762202,6.16723762202,6.16723762202,0.17882908224,0,0.52533689212,3.81397924952,3.81397924952,3.81397924952,3.81397925033,3.81397925033,3.81397925028,3.81397925028,3.81397925002,3.81397925,3.81397924999,3.81397924999,5.25801513652,5.25801513652,6.42727627652,6.42727627652,6.42727627652,6.42727627632,6.42727627632,6.427276276335,6.427276276335,6.427276276335,6.427276276335,6.427276276635,6.427276276435,6.427276276435,6.427276276335,6.427276276335,6.427276276435,6.427276276435,6.427276276435,6.427276276536,6.427276276536,6.42727627654,6.42727627637,6.42727627637,6.42727627642,6.42727627642,6.42727627642,6.42727627642,6.42727627582,6.42727627582,6.5654374107,6.5654374101,6.5654374101,6.5654374106,6.5654374105,6.56543741055,6.56543741055,6.56543741015,6.56543741015,6.5654374105,6.5654374105,6.5654374108,6.5654374108,6.5654374109,6.5654374109,6.5654374113,6.5654374108,6.5654374108,6.5654374108,6.5654374108,6.56543741089,6.56543741089,6.56543741079,6.56543741079,6.5654374108,6.5654374108
"t53",7.98008304648,7.98008304642,7.98008304642,7.98008304638,7.98008304608,7.98008304628,7.98008304648,7.98008304658,7.98008304658,7.98008304658,7.98008304658,6.1672376221,6.1672376221,6.1672376221,6.16723762199,6.16723762199,6.16723762209,6.16723762203,6.167237622048,6.167237622048,6.16723762207,6.16723762207,6.1672376221,6.1672376223,6.1672376221,6.1672376221,6.1672376221,6.1672376221,6.1672376221,6.1672376221,0.52533689212,0.52533689212,0,3.8139792496,3.8139792496,3.8139792496,3.81397925041,3.81397925041,3.81397925036,3.81397925036,3.8139792501,3.81397925008,3.81397925007,3.81397925007,5.2580151366,5.2580151366,6.4272762766,6.4272762766,6.4272762766,6.4272762764,6.4272762764,6.427276276415,6.427276276415,6.427276276415,6.427276276415,6.427276276715,6.427276276515,6.427276276515,6.427276276415,6.427276276415,6.427276276515,6.427276276515,6.427276276515,6.427276276616,6.427276276616,6.42727627662,6.42727627645,6.42727627645,6.4272762765,6.4272762765,6.4272762765,6.4272762765,6.4272762759,6.4272762759,6.56543741078,6.56543741018,6.56543741018,6.56543741068,6.56543741058,6.56543741063,6.56543741063,6.56543741023,6.56543741023,6.56543741058,6.56543741058,6.56543741088,6.56543741088,6.56543741098,6.56543741098,6.56543741138,6.56543741088,6.56543741088,6.56543741088,6.56543741088,6.56543741097,6.56543741097,6.56543741087,6.56543741087,6.56543741088,6.56543741088
"t34",7.98008304588,7.98008304582,7.98008304582,7.98008304578,7.98008304548,7.98008304568,7.98008304588,7.98008304598,7.98008304598,7.98008304598,7.98008304598,6.1672376215,6.1672376215,6.1672376215,6.16723762139,6.16723762139,6.16723762149,6.16723762143,6.167237621448,6.167237621448,6.16723762147,6.16723762147,6.1672376215,6.1672376217,6.1672376215,6.1672376215,6.1672376215,6.1672376215,6.1672376215,6.1672376215,3.81397924952,3.81397924952,3.8139792496,0,0.9647717544,0.9647717544,3.12674282321,3.12674282321,3.12674282316,3.12674282316,3.1267428229,3.12674282288,3.12674282287,3.12674282287,5.258015136,5.258015136,6.427276276,6.427276276,6.427276276,6.4272762758,6.4272762758,6.427276275815,6.427276275815,6.427276275815,6.427276275815,6.427276276115,6.427276275915,6.427276275915,6.427276275815,6.427276275815,6.427276275915,6.427276275915,6.427276275915,6.427276276016,6.427276276016,6.42727627602,6.42727627585,6.42727627585,6.4272762759,6.4272762759,6.4272762759,6.4272762759,6.4272762753,6.4272762753,6.56543741018,6.56543740958,6.56543740958,6.56543741008,6.56543740998,6.56543741003,6.56543741003,6.56543740963,6.56543740963,6.56543740998,6.56543740998,6.56543741028,6.56543741028,6.56543741038,6.56543741038,6.56543741078,6.56543741028,6.56543741028,6.56543741028,6.56543741028,6.56543741037,6.56543741037,6.56543741027,6.56543741027,6.56543741028,6.56543741028
"t41",7.98008304588,7.98008304582,7.98008304582,7.98008304578,7.98008304548,7.98008304568,7.98008304588,7.98008304598,7.98008304598,7.98008304598,7.98008304598,6.1672376215,6.1672376215,6.1672376215,6.16723762139,6.16723762139,6.16723762149,6.16723762143,6.167237621448,6.167237621448,6.16723762147,6.16723762147,6.1672376215,6.1672376217,6.1672376215,6.1672376215,6.1672376215,6.1672376215,6.1672376215,6.1672376215,3.81397924952,3.81397924952,3.8139792496,0.9647717544,0,0.671866543,3.12674282321,3.12674282321,3.12674282316,3.12674282316,3.1267428229,3.12674282288,3.12674282287,3.12674282287,5.258015136,5.258015136,6.427276276,6.427276276,6.427276276,6.4272762758,6.4272762758,6.427276275815,6.427276275815,6.427276275815,6.427276275815,6.427276276115,6.427276275915,6.427276275915,6.427276275815,6.427276275815,6.427276275915,6.427276275915,6.427276275915,6.427276276016,6.427276276016,6.42727627602,6.42727627585,6.42727627585,6.4272762759,6.4272762759,6.4272762759,6.4272762759,6.4272762753,6.4272762753,6.56543741018,6.56543740958,6.56543740958,6.56543741008,6.56543740998,6.56543741003,6.56543741003,6.56543740963,6.56543740963,6.56543740998,6.56543740998,6.56543741028,6.56543741028,6.56543741038,6.56543741038,6.56543741078,6.56543741028,6.56543741028,6.56543741028,6.56543741028,6.56543741037,6.56543741037,6.56543741027,6.56543741027,6.56543741028,6.56543741028
"t42",7.98008304588,7.98008304582,7.98008304582,7.98008304578,7.98008304548,7.98008304568,7.98008304588,7.98008304598,7.98008304598,7.98008304598,7.98008304598,6.1672376215,6.1672376215,6.1672376215,6.16723762139,6.16723762139,6.16723762149,6.16723762143,6.167237621448,6.167237621448,6.16723762147,6.16723762147,6.1672376215,6.1672376217,6.1672376215,6.1672376215,6.1672376215,6.1672376215,6.1672376215,6.1672376215,3.81397924952,3.81397924952,3.8139792496,0.9647717544,0.671866543,0,3.12674282321,3.12674282321,3.12674282316,3.12674282316,3.1267428229,3.12674282288,3.12674282287,3.12674282287,5.258015136,5.258015136,6.427276276,6.427276276,6.427276276,6.4272762758,6.4272762758,6.427276275815,6.427276275815,6.427276275815,6.427276275815,6.427276276115,6.427276275915,6.427276275915,6.427276275815,6.427276275815,6.427276275915,6.427276275915,6.427276275915,6.427276276016,6.427276276016,6.42727627602,6.42727627585,6.42727627585,6.4272762759,6.4272762759,6.4272762759,6.4272762759,6.4272762753,6.4272762753,6.56543741018,6.56543740958,6.56543740958,6.56543741008,6.56543740998,6.56543741003,6.56543741003,6.56543740963,6.56543740963,6.56543740998,6.56543740998,6.56543741028,6.56543741028,6.56543741038,6.56543741038,6.56543741078,6.56543741028,6.56543741028,6.56543741028,6.56543741028,6.56543741037,6.56543741037,6.56543741027,6.56543741027,6.56543741028,6.56543741028
"t65",7.98008304669,7.98008304663,7.98008304663,7.98008304659,7.98008304629,7.98008304649,7.98008304669,7.98008304679,7.98008304679,7.98008304679,7.98008304679,6.16723762231,6.16723762231,6.16723762231,6.1672376222,6.1672376222,6.1672376223,6.16723762224,6.167237622258,6.167237622258,6.16723762228,6.16723762228,6.16723762231,6.16723762251,6.16723762231,6.16723762231,6.16723762231,6.16723762231,6.16723762231,6.16723762231,3.81397925033,3.81397925033,3.81397925041,3.12674282321,3.12674282321,3.12674282321,0,0.3670971526,0.51898201557,0.51898201557,2.90069667131,2.90069667129,2.90069667128,2.90069667128,5.25801513681,5.25801513681,6.42727627681,6.42727627681,6.42727627681,6.42727627661,6.42727627661,6.427276276625,6.427276276625,6.427276276625,6.427276276625,6.427276276925,6.427276276725,6.427276276725,6.427276276625,6.427276276625,6.427276276725,6.427276276725,6.427276276725,6.427276276826,6.427276276826,6.42727627683,6.42727627666,6.42727627666,6.42727627671,6.42727627671,6.42727627671,6.42727627671,6.42727627611,6.42727627611,6.56543741099,6.56543741039,6.56543741039,6.56543741089,6.56543741079,6.56543741084,6.56543741084,6.56543741044,6.56543741044,6.56543741079,6.56543741079,6.56543741109,6.56543741109,6.56543741119,6.56543741119,6.56543741159,6.56543741109,6.56543741109,6.56543741109,6.56543741109,6.56543741118,6.56543741118,6.56543741108,6.56543741108,6.56543741109,6.56543741109
"t66",7.98008304669,7.98008304663,7.98008304663,7.98008304659,7.98008304629,7.98008304649,7.98008304669,7.98008304679,7.98008304679,7.98008304679,7.98008304679,6.16723762231,6.16723762231,6.16723762231,6.1672376222,6.1672376222,6.1672376223,6.16723762224,6.167237622258,6.167237622258,6.16723762228,6.16723762228,6.16723762231,6.16723762251,6.16723762231,6.16723762231,6.16723762231,6.16723762231,6.16723762231,6.16723762231,3.81397925033,3.81397925033,3.81397925041,3.12674282321,3.12674282321,3.12674282321,0.3670971526,0,0.51898201557,0.51898201557,2.90069667131,2.90069667129,2.90069667128,2.90069667128,5.25801513681,5.25801513681,6.42727627681,6.42727627681,6.42727627681,6.42727627661,6.42727627661,6.427276276625,6.427276276625,6.427276276625,6.427276276625,6.427276276925,6.427276276725,6.427276276725,6.427276276625,6.427276276625,6.427276276725,6.427276276725,6.427276276725,6.427276276826,6.427276276826,6.42727627683,6.42727627666,6.42727627666,6.42727627671,6.42727627671,6.42727627671,6.42727627671,6.42727627611,6.42727627611,6.56543741099,6.56543741039,6.56543741039,6.56543741089,6.56543741079,6.56543741084,6.56543741084,6.56543741044,6.56543741044,6.56543741079,6.56543741079,6.56543741109,6.56543741109,6.56543741119,6.56543741119,6.56543741159,6.56543741109,6.56543741109,6.56543741109,6.56543741109,6.56543741118,6.56543741118,6.56543741108,6.56543741108,6.56543741109,6.56543741109
"t91",7.98008304664,7.98008304658,7.98008304658,7.98008304654,7.98008304624,7.98008304644,7.98008304664,7.98008304674,7.98008304674,7.98008304674,7.98008304674,6.16723762226,6.16723762226,6.16723762226,6.16723762215,6.16723762215,6.16723762225,6.16723762219,6.167237622208,6.167237622208,6.16723762223,6.16723762223,6.16723762226,6.16723762246,6.16723762226,6.16723762226,6.16723762226,6.16723762226,6.16723762226,6.16723762226,3.81397925028,3.81397925028,3.81397925036,3.12674282316,3.12674282316,3.12674282316,0.51898201557,0.51898201557,0,0.08267161852,2.90069667126,2.90069667124,2.90069667123,2.90069667123,5.25801513676,5.25801513676,6.42727627676,6.42727627676,6.42727627676,6.42727627656,6.42727627656,6.427276276575,6.427276276575,6.427276276575,6.427276276575,6.427276276875,6.427276276675,6.427276276675,6.427276276575,6.427276276575,6.427276276675,6.427276276675,6.427276276675,6.427276276776,6.427276276776,6.42727627678,6.42727627661,6.42727627661,6.42727627666,6.42727627666,6.42727627666,6.42727627666,6.42727627606,6.42727627606,6.56543741094,6.56543741034,6.56543741034,6.56543741084,6.56543741074,6.56543741079,6.56543741079,6.56543741039,6.56543741039,6.56543741074,6.56543741074,6.56543741104,6.56543741104,6.56543741114,6.56543741114,6.56543741154,6.56543741104,6.56543741104,6.56543741104,6.56543741104,6.56543741113,6.56543741113,6.56543741103,6.56543741103,6.56543741104,6.56543741104
"t92",7.98008304664,7.98008304658,7.98008304658,7.98008304654,7.98008304624,7.98008304644,7.98008304664,7.98008304674,7.98008304674,7.98008304674,7.98008304674,6.16723762226,6.16723762226,6.16723762226,6.16723762215,6.16723762215,6.16723762225,6.16723762219,6.167237622208,6.167237622208,6.16723762223,6.16723762223,6.16723762226,6.16723762246,6.16723762226,6.16723762226,6.16723762226,6.16723762226,6.16723762226,6.16723762226,3.81397925028,3.81397925028,3.81397925036,3.12674282316,3.12674282316,3.12674282316,0.51898201557,0.51898201557,0.08267161852,0,2.90069667126,2.90069667124,2.90069667123,2.90069667123,5.25801513676,5.25801513676,6.42727627676,6.42727627676,6.42727627676,6.42727627656,6.42727627656,6.427276276575,6.427276276575,6.427276276575,6.427276276575,6.427276276875,6.427276276675,6.427276276675,6.427276276575,6.427276276575,6.427276276675,6.427276276675,6.427276276675,6.427276276776,6.427276276776,6.42727627678,6.42727627661,6.42727627661,6.42727627666,6.42727627666,6.42727627666,6.42727627666,6.42727627606,6.42727627606,6.56543741094,6.56543741034,6.56543741034,6.56543741084,6.56543741074,6.56543741079,6.56543741079,6.56543741039,6.56543741039,6.56543741074,6.56543741074,6.56543741104,6.56543741104,6.56543741114,6.56543741114,6.56543741154,6.56543741104,6.56543741104,6.56543741104,6.56543741104,6.56543741113,6.56543741113,6.56543741103,6.56543741103,6.56543741104,6.56543741104
"t52",7.98008304638,7.98008304632,7.98008304632,7.98008304628,7.98008304598,7.98008304618,7.98008304638,7.98008304648,7.98008304648,7.98008304648,7.98008304648,6.167237622,6.167237622,6.167237622,6.16723762189,6.16723762189,6.16723762199,6.16723762193,6.167237621948,6.167237621948,6.16723762197,6.16723762197,6.167237622,6.1672376222,6.167237622,6.167237622,6.167237622,6.167237622,6.167237622,6.167237622,3.81397925002,3.81397925002,3.8139792501,3.1267428229,3.1267428229,3.1267428229,2.90069667131,2.90069667131,2.90069667126,2.90069667126,0,0.53731646498,0.53731646497,0.53731646497,5.2580151365,5.2580151365,6.4272762765,6.4272762765,6.4272762765,6.4272762763,6.4272762763,6.427276276315,6.427276276315,6.427276276315,6.427276276315,6.427276276615,6.427276276415,6.427276276415,6.427276276315,6.427276276315,6.427276276415,6.427276276415,6.427276276415,6.427276276516,6.427276276516,6.42727627652,6.42727627635,6.42727627635,6.4272762764,6.4272762764,6.4272762764,6.4272762764,6.4272762758,6.4272762758,6.56543741068,6.56543741008,6.56543741008,6.56543741058,6.56543741048,6.56543741053,6.56543741053,6.56543741013,6.56543741013,6.56543741048,6.56543741048,6.56543741078,6.56543741078,6.56543741088,6.56543741088,6.56543741128,6.56543741078,6.56543741078,6.56543741078,6.56543741078,6.56543741087,6.56543741087,6.56543741077,6.56543741077,6.56543741078,6.56543741078
"t58",7.98008304636,7.9800830463,7.9800830463,7.98008304626,7.98008304596,7.98008304616,7.98008304636,7.98008304646,7.98008304646,7.98008304646,7.98008304646,6.16723762198,6.16723762198,6.16723762198,6.16723762187,6.16723762187,6.16723762197,6.16723762191,6.167237621928,6.167237621928,6.16723762195,6.16723762195,6.16723762198,6.16723762218,6.16723762198,6.16723762198,6.16723762198,6.16723762198,6.16723762198,6.16723762198,3.81397925,3.81397925,3.81397925008,3.12674282288,3.12674282288,3.12674282288,2.90069667129,2.90069667129,2.90069667124,2.90069667124,0.53731646498,0,0.43809934739,0.43809934739,5.25801513648,5.25801513648,6.42727627648,6.42727627648,6.42727627648,6.42727627628,6.42727627628,6.427276276295,6.427276276295,6.427276276295,6.427276276295,6.427276276595,6.427276276395,6.427276276395,6.427276276295,6.427276276295,6.427276276395,6.427276276395,6.427276276395,6.427276276496,6.427276276496,6.4272762765,6.42727627633,6.42727627633,6.42727627638,6.42727627638,6.42727627638,6.42727627638,6.42727627578,6.42727627578,6.56543741066,6.56543741006,6.56543741006,6.56543741056,6.56543741046,6.56543741051,6.56543741051,6.56543741011,6.56543741011,6.56543741046,6.56543741046,6.56543741076,6.56543741076,6.56543741086,6.56543741086,6.56543741126,6.56543741076,6.56543741076,6.56543741076,6.56543741076,6.56543741085,6.56543741085,6.56543741075,6.56543741075,6.56543741076,6.56543741076
"t63",7.98008304635,7.98008304629,7.98008304629,7.98008304625,7.98008304595,7.98008304615,7.98008304635,7.98008304645,7.98008304645,7.98008304645,7.98008304645,6.16723762197,6.16723762197,6.16723762197,6.16723762186,6.16723762186,6.16723762196,6.1672376219,6.167237621918,6.167237621918,6.16723762194,6.16723762194,6.16723762197,6.16723762217,6.16723762197,6.16723762197,6.16723762197,6.16723762197,6.16723762197,6.16723762197,3.81397924999,3.81397924999,3.81397925007,3.12674282287,3.12674282287,3.12674282287,2.90069667128,2.90069667128,2.90069667123,2.90069667123,0.53731646497,0.43809934739,0,0.3888849446,5.25801513647,5.25801513647,6.42727627647,6.42727627647,6.42727627647,6.42727627627,6.42727627627,6.427276276285,6.427276276285,6.427276276285,6.427276276285,6.427276276585,6.427276276385,6.427276276385,6.427276276285,6.427276276285,6.427276276385,6.427276276385,6.427276276385,6.427276276486,6.427276276486,6.42727627649,6.42727627632,6.42727627632,6.42727627637,6.42727627637,6.42727627637,6.42727627637,6.42727627577,6.42727627577,6.56543741065,6.56543741005,6.56543741005,6.56543741055,6.56543741045,6.5654374105,6.5654374105,6.5654374101,6.5654374101,6.56543741045,6.56543741045,6.56543741075,6.56543741075,6.56543741085,6.56543741085,6.56543741125,6.56543741075,6.56543741075,6.56543741075,6.56543741075,6.56543741084,6.56543741084,6.56543741074,6.56543741074,6.56543741075,6.56543741075
"t64",7.98008304635,7.98008304629,7.98008304629,7.98008304625,7.98008304595,7.98008304615,7.98008304635,7.98008304645,7.98008304645,7.98008304645,7.98008304645,6.16723762197,6.16723762197,6.16723762197,6.16723762186,6.16723762186,6.16723762196,6.1672376219,6.167237621918,6.167237621918,6.16723762194,6.16723762194,6.16723762197,6.16723762217,6.16723762197,6.16723762197,6.16723762197,6.16723762197,6.16723762197,6.16723762197,3.81397924999,3.81397924999,3.81397925007,3.12674282287,3.12674282287,3.12674282287,2.90069667128,2.90069667128,2.90069667123,2.90069667123,0.53731646497,0.43809934739,0.3888849446,0,5.25801513647,5.25801513647,6.42727627647,6.42727627647,6.42727627647,6.42727627627,6.42727627627,6.427276276285,6.427276276285,6.427276276285,6.427276276285,6.427276276585,6.427276276385,6.427276276385,6.427276276285,6.427276276285,6.427276276385,6.427276276385,6.427276276385,6.427276276486,6.427276276486,6.42727627649,6.42727627632,6.42727627632,6.42727627637,6.42727627637,6.42727627637,6.42727627637,6.42727627577,6.42727627577,6.56543741065,6.56543741005,6.56543741005,6.56543741055,6.56543741045,6.5654374105,6.5654374105,6.5654374101,6.5654374101,6.56543741045,6.56543741045,6.56543741075,6.56543741075,6.56543741085,6.56543741085,6.56543741125,6.56543741075,6.56543741075,6.56543741075,6.56543741075,6.56543741084,6.56543741084,6.56543741074,6.56543741074,6.56543741075,6.56543741075
"t1",7.98008304648,7.98008304642,7.98008304642,7.98008304638,7.98008304608,7.98008304628,7.98008304648,7.98008304658,7.98008304658,7.98008304658,7.98008304658,6.1672376221,6.1672376221,6.1672376221,6.16723762199,6.16723762199,6.16723762209,6.16723762203,6.167237622048,6.167237622048,6.16723762207,6.16723762207,6.1672376221,6.1672376223,6.1672376221,6.1672376221,6.1672376221,6.1672376221,6.1672376221,6.1672376221,5.25801513652,5.25801513652,5.2580151366,5.258015136,5.258015136,5.258015136,5.25801513681,5.25801513681,5.25801513676,5.25801513676,5.2580151365,5.25801513648,5.25801513647,5.25801513647,0,3.35160397,6.4272762766,6.4272762766,6.4272762766,6.4272762764,6.4272762764,6.427276276415,6.427276276415,6.427276276415,6.427276276415,6.427276276715,6.427276276515,6.427276276515,6.427276276415,6.427276276415,6.427276276515,6.427276276515,6.427276276515,6.427276276616,6.427276276616,6.42727627662,6.42727627645,6.42727627645,6.4272762765,6.4272762765,6.4272762765,6.4272762765,6.4272762759,6.4272762759,6.56543741078,6.56543741018,6.56543741018,6.56543741068,6.56543741058,6.56543741063,6.56543741063,6.56543741023,6.56543741023,6.56543741058,6.56543741058,6.56543741088,6.56543741088,6.56543741098,6.56543741098,6.56543741138,6.56543741088,6.56543741088,6.56543741088,6.56543741088,6.56543741097,6.56543741097,6.56543741087,6.56543741087,6.56543741088,6.56543741088
"t2",7.98008304648,7.98008304642,7.98008304642,7.98008304638,7.98008304608,7.98008304628,7.98008304648,7.98008304658,7.98008304658,7.98008304658,7.98008304658,6.1672376221,6.1672376221,6.1672376221,6.16723762199,6.16723762199,6.16723762209,6.16723762203,6.167237622048,6.167237622048,6.16723762207,6.16723762207,6.1672376221,6.1672376223,6.1672376221,6.1672376221,6.1672376221,6.1672376221,6.1672376221,6.1672376221,5.25801513652,5.25801513652,5.2580151366,5.258015136,5.258015136,5.258015136,5.25801513681,5.25801513681,5.25801513676,5.25801513676,5.2580151365,5.25801513648,5.25801513647,5.25801513647,3.35160397,0,6.4272762766,6.4272762766,6.4272762766,6.4272762764,6.4272762764,6.427276276415,6.427276276415,6.427276276415,6.427276276415,6.427276276715,6.427276276515,6.427276276515,6.427276276415,6.427276276415,6.427276276515,6.427276276515,6.427276276515,6.427276276616,6.427276276616,6.42727627662,6.42727627645,6.42727627645,6.4272762765,6.4272762765,6.4272762765,6.4272762765,6.4272762759,6.4272762759,6.56543741078,6.56543741018,6.56543741018,6.56543741068,6.56543741058,6.56543741063,6.56543741063,6.56543741023,6.56543741023,6.56543741058,6.56543741058,6.56543741088,6.56543741088,6.56543741098,6.56543741098,6.56543741138,6.56543741088,6.56543741088,6.56543741088,6.56543741088,6.56543741097,6.56543741097,6.56543741087,6.56543741087,6.56543741088,6.56543741088
"t78",7.98008304648,7.98008304642,7.98008304642,7.98008304638,7.98008304608,7.98008304628,7.98008304648,7.98008304658,7.98008304658,7.98008304658,7.98008304658,6.4272762765,6.4272762765,6.4272762765,6.42727627639,6.42727627639,6.42727627649,6.42727627643,6.427276276448,6.427276276448,6.42727627647,6.42727627647,6.4272762765,6.4272762767,6.4272762765,6.4272762765,6.4272762765,6.4272762765,6.4272762765,6.4272762765,6.42727627652,6.42727627652,6.4272762766,6.427276276,6.427276276,6.427276276,6.42727627681,6.42727627681,6.42727627676,6.42727627676,6.4272762765,6.42727627648,6.42727627647,6.42727627647,6.4272762766,6.4272762766,0,0.2236306622,0.8833862114,4.2632844092,4.2632844092,5.096457429415,5.096457429415,5.096457429415,5.096457429415,5.096457429715,5.096457429515,5.096457429515,5.096457429415,5.096457429415,5.096457429515,5.096457429515,5.096457429515,5.096457429616,5.096457429616,5.09645742962,5.09645742945,5.09645742945,5.0964574295,5.0964574295,5.0964574295,5.0964574295,5.0964574289,5.0964574289,6.56543741078,6.56543741018,6.56543741018,6.56543741068,6.56543741058,6.56543741063,6.56543741063,6.56543741023,6.56543741023,6.56543741058,6.56543741058,6.56543741088,6.56543741088,6.56543741098,6.56543741098,6.56543741138,6.56543741088,6.56543741088,6.56543741088,6.56543741088,6.56543741097,6.56543741097,6.56543741087,6.56543741087,6.56543741088,6.56543741088
"t79",7.98008304648,7.98008304642,7.98008304642,7.98008304638,7.98008304608,7.98008304628,7.98008304648,7.98008304658,7.98008304658,7.98008304658,7.98008304658,6.4272762765,6.4272762765,6.4272762765,6.42727627639,6.42727627639,6.42727627649,6.42727627643,6.427276276448,6.427276276448,6.42727627647,6.42727627647,6.4272762765,6.4272762767,6.4272762765,6.4272762765,6.4272762765,6.4272762765,6.4272762765,6.4272762765,6.42727627652,6.42727627652,6.4272762766,6.427276276,6.427276276,6.427276276,6.42727627681,6.42727627681,6.42727627676,6.42727627676,6.4272762765,6.42727627648,6.42727627647,6.42727627647,6.4272762766,6.4272762766,0.2236306622,0,0.8833862114,4.2632844092,4.2632844092,5.096457429415,5.096457429415,5.096457429415,5.096457429415,5.096457429715,5.096457429515,5.096457429515,5.096457429415,5.096457429415,5.096457429515,5.096457429515,5.096457429515,5.096457429616,5.096457429616,5.09645742962,5.09645742945,5.09645742945,5.0964574295,5.0964574295,5.0964574295,5.0964574295,5.0964574289,5.0964574289,6.56543741078,6.56543741018,6.56543741018,6.56543741068,6.56543741058,6.56543741063,6.56543741063,6.56543741023,6.56543741023,6.56543741058,6.56543741058,6.56543741088,6.56543741088,6.56543741098,6.56543741098,6.56543741138,6.56543741088,6.56543741088,6.56543741088,6.56543741088,6.56543741097,6.56543741097,6.56543741087,6.56543741087,6.56543741088,6.56543741088
"t35",7.98008304648,7.98008304642,7.98008304642,7.98008304638,7.98008304608,7.98008304628,7.98008304648,7.98008304658,7.98008304658,7.98008304658,7.98008304658,6.4272762765,6.4272762765,6.4272762765,6.42727627639,6.42727627639,6.42727627649,6.42727627643,6.427276276448,6.427276276448,6.42727627647,6.42727627647,6.4272762765,6.4272762767,6.4272762765,6.4272762765,6.4272762765,6.4272762765,6.4272762765,6.4272762765,6.42727627652,6.42727627652,6.4272762766,6.427276276,6.427276276,6.427276276,6.42727627681,6.42727627681,6.42727627676,6.42727627676,6.4272762765,6.42727627648,6.42727627647,6.42727627647,6.4272762766,6.4272762766,0.8833862114,0.8833862114,0,4.2632844092,4.2632844092,5.096457429415,5.096457429415,5.096457429415,5.096457429415,5.096457429715,5.096457429515,5.096457429515,5.096457429415,5.096457429415,5.096457429515,5.096457429515,5.096457429515,5.096457429616,5.096457429616,5.09645742962,5.09645742945,5.09645742945,5.0964574295,5.0964574295,5.0964574295,5.0964574295,5.0964574289,5.0964574289,6.56543741078,6.56543741018,6.56543741018,6.56543741068,6.56543741058,6.56543741063,6.56543741063,6.56543741023,6.56543741023,6.56543741058,6.56543741058,6.56543741088,6.56543741088,6.56543741098,6.56543741098,6.56543741138,6.56543741088,6.56543741088,6.56543741088,6.56543741088,6.56543741097,6.56543741097,6.56543741087,6.56543741087,6.56543741088,6.56543741088
"t50",7.98008304628,7.98008304622,7.98008304622,7.98008304618,7.98008304588,7.98008304608,7.98008304628,7.98008304638,7.98008304638,7.98008304638,7.98008304638,6.4272762763,6.4272762763,6.4272762763,6.42727627619,6.42727627619,6.42727627629,6.42727627623,6.427276276248,6.427276276248,6.42727627627,6.42727627627,6.4272762763,6.4272762765,6.4272762763,6.4272762763,6.4272762763,6.4272762763,6.4272762763,6.4272762763,6.42727627632,6.42727627632,6.4272762764,6.4272762758,6.4272762758,6.4272762758,6.42727627661,6.42727627661,6.42727627656,6.42727627656,6.4272762763,6.42727627628,6.42727627627,6.42727627627,6.4272762764,6.4272762764,4.2632844092,4.2632844092,4.2632844092,0,0.566079675,5.096457429215,5.096457429215,5.096457429215,5.096457429215,5.096457429515,5.096457429315,5.096457429315,5.096457429215,5.096457429215,5.096457429315,5.096457429315,5.096457429315,5.096457429416,5.096457429416,5.09645742942,5.09645742925,5.09645742925,5.0964574293,5.0964574293,5.0964574293,5.0964574293,5.0964574287,5.0964574287,6.56543741058,6.56543740998,6.56543740998,6.56543741048,6.56543741038,6.56543741043,6.56543741043,6.56543741003,6.56543741003,6.56543741038,6.56543741038,6.56543741068,6.56543741068,6.56543741078,6.56543741078,6.56543741118,6.56543741068,6.56543741068,6.56543741068,6.56543741068,6.56543741077,6.56543741077,6.56543741067,6.56543741067,6.56543741068,6.56543741068
"t51",7.98008304628,7.98008304622,7.98008304622,7.98008304618,7.98008304588,7.98008304608,7.98008304628,7.98008304638,7.98008304638,7.98008304638,7.98008304638,6.4272762763,6.4272762763,6.4272762763,6.42727627619,6.42727627619,6.42727627629,6.42727627623,6.427276276248,6.427276276248,6.42727627627,6.42727627627,6.4272762763,6.4272762765,6.4272762763,6.4272762763,6.4272762763,6.4272762763,6.4272762763,6.4272762763,6.42727627632,6.42727627632,6.4272762764,6.4272762758,6.4272762758,6.4272762758,6.42727627661,6.42727627661,6.42727627656,6.42727627656,6.4272762763,6.42727627628,6.42727627627,6.42727627627,6.4272762764,6.4272762764,4.2632844092,4.2632844092,4.2632844092,0.566079675,0,5.096457429215,5.096457429215,5.096457429215,5.096457429215,5.096457429515,5.096457429315,5.096457429315,5.096457429215,5.096457429215,5.096457429315,5.096457429315,5.096457429315,5.096457429416,5.096457429416,5.09645742942,5.09645742925,5.09645742925,5.0964574293,5.0964574293,5.0964574293,5.0964574293,5.0964574287,5.0964574287,6.56543741058,6.56543740998,6.56543740998,6.56543741048,6.56543741038,6.56543741043,6.56543741043,6.56543741003,6.56543741003,6.56543741038,6.56543741038,6.56543741068,6.56543741068,6.56543741078,6.56543741078,6.56543741118,6.56543741068,6.56543741068,6.56543741068,6.56543741068,6.56543741077,6.56543741077,6.56543741067,6.56543741067,6.56543741068,6.56543741068
"t13",7.980083046295,7.980083046235,7.980083046235,7.980083046195,7.980083045895,7.980083046095,7.980083046295,7.980083046395,7.980083046395,7.980083046395,7.980083046395,6.427276276315,6.427276276315,6.427276276315,6.427276276205,6.427276276205,6.427276276305,6.427276276245,6.427276276263,6.427276276263,6.427276276285,6.427276276285,6.427276276315,6.427276276515,6.427276276315,6.427276276315,6.427276276315,6.427276276315,6.427276276315,6.427276276315,6.427276276335,6.427276276335,6.427276276415,6.427276275815,6.427276275815,6.427276275815,6.427276276625,6.427276276625,6.427276276575,6.427276276575,6.427276276315,6.427276276295,6.427276276285,6.427276276285,6.427276276415,6.427276276415,5.096457429415,5.096457429415,5.096457429415,5.096457429215,5.096457429215,0,2.060700294,2.060700294,2.060700294,2.7819134437,3.8730071093,3.8730071093,3.8730071092,3.8730071092,3.8730071093,3.8730071093,3.8730071093,3.891942547431,3.891942547431,3.891942547435,3.891942547265,3.891942547265,3.891942547315,3.891942547315,3.891942547315,3.891942547315,4.427090388515,4.427090388515,6.565437410595,6.565437409995,6.565437409995,6.565437410495,6.565437410395,6.565437410445,6.565437410445,6.565437410045,6.565437410045,6.565437410395,6.565437410395,6.565437410695,6.565437410695,6.565437410795,6.565437410795,6.565437411195,6.565437410695,6.565437410695,6.565437410695,6.565437410695,6.565437410785,6.565437410785,6.565437410685,6.565437410685,6.565437410695,6.565437410695
"t16",7.980083046295,7.980083046235,7.980083046235,7.980083046195,7.980083045895,7.980083046095,7.980083046295,7.980083046395,7.980083046395,7.980083046395,7.980083046395,6.427276276315,6.427276276315,6.427276276315,6.427276276205,6.427276276205,6.427276276305,6.427276276245,6.427276276263,6.427276276263,6.427276276285,6.427276276285,6.427276276315,6.427276276515,6.427276276315,6.427276276315,6.427276276315,6.427276276315,6.427276276315,6.427276276315,6.427276276335,6.427276276335,6.427276276415,6.427276275815,6.427276275815,6.427276275815,6.427276276625,6.427276276625,6.427276276575,6.427276276575,6.427276276315,6.427276276295,6.427276276285,6.427276276285,6.427276276415,6.427276276415,5.096457429415,5.096457429415,5.096457429415,5.096457429215,5.096457429215,2.060700294,0,1.7627288372,1.7627288372,2.7819134437,3.8730071093,3.8730071093,3.8730071092,3.8730071092,3.8730071093,3.8730071093,3.8730071093,3.891942547431,3.891942547431,3.891942547435,3.891942547265,3.891942547265,3.891942547315,3.891942547315,3.891942547315,3.891942547315,4.427090388515,4.427090388515,6.565437410595,6.565437409995,6.565437409995,6.565437410495,6.565437410395,6.565437410445,6.565437410445,6.565437410045,6.565437410045,6.565437410395,6.565437410395,6.565437410695,6.565437410695,6.565437410795,6.565437410795,6.565437411195,6.565437410695,6.565437410695,6.565437410695,6.565437410695,6.565437410785,6.565437410785,6.565437410685,6.565437410685,6.565437410695,6.565437410695
"t56",7.980083046295,7.980083046235,7.980083046235,7.980083046195,7.980083045895,7.980083046095,7.980083046295,7.980083046395,7.980083046395,7.980083046395,7.980083046395,6.427276276315,6.427276276315,6.427276276315,6.427276276205,6.427276276205,6.427276276305,6.427276276245,6.427276276263,6.427276276263,6.427276276285,6.427276276285,6.427276276315,6.427276276515,6.427276276315,6.427276276315,6.427276276315,6.427276276315,6.427276276315,6.427276276315,6.427276276335,6.427276276335,6.427276276415,6.427276275815,6.427276275815,6.427276275815,6.427276276625,6.427276276625,6.427276276575,6.427276276575,6.427276276315,6.427276276295,6.427276276285,6.427276276285,6.427276276415,6.427276276415,5.096457429415,5.096457429415,5.096457429415,5.096457429215,5.096457429215,2.060700294,1.7627288372,0,0.469193165,2.7819134437,3.8730071093,3.8730071093,3.8730071092,3.8730071092,3.8730071093,3.8730071093,3.8730071093,3.891942547431,3.891942547431,3.891942547435,3.891942547265,3.891942547265,3.891942547315,3.891942547315,3.891942547315,3.891942547315,4.427090388515,4.427090388515,6.565437410595,6.565437409995,6.565437409995,6.565437410495,6.565437410395,6.565437410445,6.565437410445,6.565437410045,6.565437410045,6.565437410395,6.565437410395,6.565437410695,6.565437410695,6.565437410795,6.565437410795,6.565437411195,6.565437410695,6.565437410695,6.565437410695,6.565437410695,6.565437410785,6.565437410785,6.565437410685,6.565437410685,6.565437410695,6.565437410695
"t57",7.980083046295,7.980083046235,7.980083046235,7.980083046195,7.980083045895,7.980083046095,7.980083046295,7.980083046395,7.980083046395,7.980083046395,7.980083046395,6.427276276315,6.427276276315,6.427276276315,6.427276276205,6.427276276205,6.427276276305,6.427276276245,6.427276276263,6.427276276263,6.427276276285,6.427276276285,6.427276276315,6.427276276515,6.427276276315,6.427276276315,6.427276276315,6.427276276315,6.427276276315,6.427276276315,6.427276276335,6.427276276335,6.427276276415,6.427276275815,6.427276275815,6.427276275815,6.427276276625,6.427276276625,6.427276276575,6.427276276575,6.427276276315,6.427276276295,6.427276276285,6.427276276285,6.427276276415,6.427276276415,5.096457429415,5.096457429415,5.096457429415,5.096457429215,5.096457429215,2.060700294,1.7627288372,0.469193165,0,2.7819134437,3.8730071093,3.8730071093,3.8730071092,3.8730071092,3.8730071093,3.8730071093,3.8730071093,3.891942547431,3.891942547431,3.891942547435,3.891942547265,3.891942547265,3.891942547315,3.891942547315,3.891942547315,3.891942547315,4.427090388515,4.427090388515,6.565437410595,6.565437409995,6.565437409995,6.565437410495,6.565437410395,6.565437410445,6.565437410445,6.565437410045,6.565437410045,6.565437410395,6.565437410395,6.565437410695,6.565437410695,6.565437410795,6.565437410795,6.565437411195,6.565437410695,6.565437410695,6.565437410695,6.565437410695,6.565437410785,6.565437410785,6.565437410685,6.565437410685,6.565437410695,6.565437410695
"t5",7.980083046595,7.980083046535,7.980083046535,7.980083046495,7.980083046195,7.980083046395,7.980083046595,7.980083046695,7.980083046695,7.980083046695,7.980083046695,6.427276276615,6.427276276615,6.427276276615,6.427276276505,6.427276276505,6.427276276605,6.427276276545,6.427276276563,6.427276276563,6.427276276585,6.427276276585,6.427276276615,6.427276276815,6.427276276615,6.427276276615,6.427276276615,6.427276276615,6.427276276615,6.427276276615,6.427276276635,6.427276276635,6.427276276715,6.427276276115,6.427276276115,6.427276276115,6.427276276925,6.427276276925,6.427276276875,6.427276276875,6.427276276615,6.427276276595,6.427276276585,6.427276276585,6.427276276715,6.427276276715,5.096457429715,5.096457429715,5.096457429715,5.096457429515,5.096457429515,2.7819134437,2.7819134437,2.7819134437,2.7819134437,0,3.8730071096,3.8730071096,3.8730071095,3.8730071095,3.8730071096,3.8730071096,3.8730071096,3.891942547731,3.891942547731,3.891942547735,3.891942547565,3.891942547565,3.891942547615,3.891942547615,3.891942547615,3.891942547615,4.427090388815,4.427090388815,6.565437410895,6.565437410295,6.565437410295,6.565437410795,6.565437410695,6.565437410745,6.565437410745,6.565437410345,6.565437410345,6.565437410695,6.565437410695,6.565437410995,6.565437410995,6.565437411095,6.565437411095,6.565437411495,6.565437410995,6.565437410995,6.565437410995,6.565437410995,6.565437411085,6.565437411085,6.565437410985,6.565437410985,6.565437410995,6.565437410995
"t69",7.980083046395,7.980083046335,7.980083046335,7.980083046295,7.980083045995,7.980083046195,7.980083046395,7.980083046495,7.980083046495,7.980083046495,7.980083046495,6.427276276415,6.427276276415,6.427276276415,6.427276276305,6.427276276305,6.427276276405,6.427276276345,6.427276276363,6.427276276363,6.427276276385,6.427276276385,6.427276276415,6.427276276615,6.427276276415,6.427276276415,6.427276276415,6.427276276415,6.427276276415,6.427276276415,6.427276276435,6.427276276435,6.427276276515,6.427276275915,6.427276275915,6.427276275915,6.427276276725,6.427276276725,6.427276276675,6.427276276675,6.427276276415,6.427276276395,6.427276276385,6.427276276385,6.427276276515,6.427276276515,5.096457429515,5.096457429515,5.096457429515,5.096457429315,5.096457429315,3.8730071093,3.8730071093,3.8730071093,3.8730071093,3.8730071096,0,0.3424747968,1.5744329861,1.5744329861,2.701427447,2.701427447,2.701427447,3.891942547531,3.891942547531,3.891942547535,3.891942547365,3.891942547365,3.891942547415,3.891942547415,3.891942547415,3.891942547415,4.427090388615,4.427090388615,6.565437410695,6.565437410095,6.565437410095,6.565437410595,6.565437410495,6.565437410545,6.565437410545,6.565437410145,6.565437410145,6.565437410495,6.565437410495,6.565437410795,6.565437410795,6.565437410895,6.565437410895,6.565437411295,6.565437410795,6.565437410795,6.565437410795,6.565437410795,6.565437410885,6.565437410885,6.565437410785,6.565437410785,6.565437410795,6.565437410795
"t70",7.980083046395,7.980083046335,7.980083046335,7.980083046295,7.980083045995,7.980083046195,7.980083046395,7.980083046495,7.980083046495,7.980083046495,7.980083046495,6.427276276415,6.427276276415,6.427276276415,6.427276276305,6.427276276305,6.427276276405,6.427276276345,6.427276276363,6.427276276363,6.427276276385,6.427276276385,6.427276276415,6.427276276615,6.427276276415,6.427276276415,6.427276276415,6.427276276415,6.427276276415,6.427276276415,6.427276276435,6.427276276435,6.427276276515,6.427276275915,6.427276275915,6.427276275915,6.427276276725,6.427276276725,6.427276276675,6.427276276675,6.427276276415,6.427276276395,6.427276276385,6.427276276385,6.427276276515,6.427276276515,5.096457429515,5.096457429515,5.096457429515,5.096457429315,5.096457429315,3.8730071093,3.8730071093,3.8730071093,3.8730071093,3.8730071096,0.3424747968,0,1.5744329861,1.5744329861,2.701427447,2.701427447,2.701427447,3.891942547531,3.891942547531,3.891942547535,3.891942547365,3.891942547365,3.891942547415,3.891942547415,3.891942547415,3.891942547415,4.427090388615,4.427090388615,6.565437410695,6.565437410095,6.565437410095,6.565437410595,6.565437410495,6.565437410545,6.565437410545,6.565437410145,6.565437410145,6.565437410495,6.565437410495,6.565437410795,6.565437410795,6.565437410895,6.565437410895,6.565437411295,6.565437410795,6.565437410795,6.565437410795,6.565437410795,6.565437410885,6.565437410885,6.565437410785,6.565437410785,6.565437410795,6.565437410795
"t59",7.980083046295,7.980083046235,7.980083046235,7.980083046195,7.980083045895,7.980083046095,7.980083046295,7.980083046395,7.980083046395,7.980083046395,7.980083046395,6.427276276315,6.427276276315,6.427276276315,6.427276276205,6.427276276205,6.427276276305,6.427276276245,6.427276276263,6.427276276263,6.427276276285,6.427276276285,6.427276276315,6.427276276515,6.427276276315,6.427276276315,6.427276276315,6.427276276315,6.427276276315,6.427276276315,6.427276276335,6.427276276335,6.427276276415,6.427276275815,6.427276275815,6.427276275815,6.427276276625,6.427276276625,6.427276276575,6.427276276575,6.427276276315,6.427276276295,6.427276276285,6.427276276285,6.427276276415,6.427276276415,5.096457429415,5.096457429415,5.096457429415,5.096457429215,5.096457429215,3.8730071092,3.8730071092,3.8730071092,3.8730071092,3.8730071095,1.5744329861,1.5744329861,0,0.4278528056,2.7014274469,2.7014274469,2.7014274469,3.891942547431,3.891942547431,3.891942547435,3.891942547265,3.891942547265,3.891942547315,3.891942547315,3.891942547315,3.891942547315,4.427090388515,4.427090388515,6.565437410595,6.565437409995,6.565437409995,6.565437410495,6.565437410395,6.565437410445,6.565437410445,6.565437410045,6.565437410045,6.565437410395,6.565437410395,6.565437410695,6.565437410695,6.565437410795,6.565437410795,6.565437411195,6.565437410695,6.565437410695,6.565437410695,6.565437410695,6.565437410785,6.565437410785,6.565437410685,6.565437410685,6.565437410695,6.565437410695
"t60",7.980083046295,7.980083046235,7.980083046235,7.980083046195,7.980083045895,7.980083046095,7.980083046295,7.980083046395,7.980083046395,7.980083046395,7.980083046395,6.427276276315,6.427276276315,6.427276276315,6.427276276205,6.427276276205,6.427276276305,6.427276276245,6.427276276263,6.427276276263,6.427276276285,6.427276276285,6.427276276315,6.427276276515,6.427276276315,6.427276276315,6.427276276315,6.427276276315,6.427276276315,6.427276276315,6.427276276335,6.427276276335,6.427276276415,6.427276275815,6.427276275815,6.427276275815,6.427276276625,6.427276276625,6.427276276575,6.427276276575,6.427276276315,6.427276276295,6.427276276285,6.427276276285,6.427276276415,6.427276276415,5.096457429415,5.096457429415,5.096457429415,5.096457429215,5.096457429215,3.8730071092,3.8730071092,3.8730071092,3.8730071092,3.8730071095,1.5744329861,1.5744329861,0.4278528056,0,2.7014274469,2.7014274469,2.7014274469,3.891942547431,3.891942547431,3.891942547435,3.891942547265,3.891942547265,3.891942547315,3.891942547315,3.891942547315,3.891942547315,4.427090388515,4.427090388515,6.565437410595,6.565437409995,6.565437409995,6.565437410495,6.565437410395,6.565437410445,6.565437410445,6.565437410045,6.565437410045,6.565437410395,6.565437410395,6.565437410695,6.565437410695,6.565437410795,6.565437410795,6.565437411195,6.565437410695,6.565437410695,6.565437410695,6.565437410695,6.565437410785,6.565437410785,6.565437410685,6.565437410685,6.565437410695,6.565437410695
"t23",7.980083046395,7.980083046335,7.980083046335,7.980083046295,7.980083045995,7.980083046195,7.980083046395,7.980083046495,7.980083046495,7.980083046495,7.980083046495,6.427276276415,6.427276276415,6.427276276415,6.427276276305,6.427276276305,6.427276276405,6.427276276345,6.427276276363,6.427276276363,6.427276276385,6.427276276385,6.427276276415,6.427276276615,6.427276276415,6.427276276415,6.427276276415,6.427276276415,6.427276276415,6.427276276415,6.427276276435,6.427276276435,6.427276276515,6.427276275915,6.427276275915,6.427276275915,6.427276276725,6.427276276725,6.427276276675,6.427276276675,6.427276276415,6.427276276395,6.427276276385,6.427276276385,6.427276276515,6.427276276515,5.096457429515,5.096457429515,5.096457429515,5.096457429315,5.096457429315,3.8730071093,3.8730071093,3.8730071093,3.8730071093,3.8730071096,2.701427447,2.701427447,2.7014274469,2.7014274469,0,1.380517765,1.380517765,3.891942547531,3.891942547531,3.891942547535,3.891942547365,3.891942547365,3.891942547415,3.891942547415,3.891942547415,3.891942547415,4.427090388615,4.427090388615,6.565437410695,6.565437410095,6.565437410095,6.565437410595,6.565437410495,6.565437410545,6.565437410545,6.565437410145,6.565437410145,6.565437410495,6.565437410495,6.565437410795,6.565437410795,6.565437410895,6.565437410895,6.565437411295,6.565437410795,6.565437410795,6.565437410795,6.565437410795,6.565437410885,6.565437410885,6.565437410785,6.565437410785,6.565437410795,6.565437410795
"t54",7.980083046395,7.980083046335,7.980083046335,7.980083046295,7.980083045995,7.980083046195,7.980083046395,7.980083046495,7.980083046495,7.980083046495,7.980083046495,6.427276276415,6.427276276415,6.427276276415,6.427276276305,6.427276276305,6.427276276405,6.427276276345,6.427276276363,6.427276276363,6.427276276385,6.427276276385,6.427276276415,6.427276276615,6.427276276415,6.427276276415,6.427276276415,6.427276276415,6.427276276415,6.427276276415,6.427276276435,6.427276276435,6.427276276515,6.427276275915,6.427276275915,6.427276275915,6.427276276725,6.427276276725,6.427276276675,6.427276276675,6.427276276415,6.427276276395,6.427276276385,6.427276276385,6.427276276515,6.427276276515,5.096457429515,5.096457429515,5.096457429515,5.096457429315,5.096457429315,3.8730071093,3.8730071093,3.8730071093,3.8730071093,3.8730071096,2.701427447,2.701427447,2.7014274469,2.7014274469,1.380517765,0,0.5005357192,3.891942547531,3.891942547531,3.891942547535,3.891942547365,3.891942547365,3.891942547415,3.891942547415,3.891942547415,3.891942547415,4.427090388615,4.427090388615,6.565437410695,6.565437410095,6.565437410095,6.565437410595,6.565437410495,6.565437410545,6.565437410545,6.565437410145,6.565437410145,6.565437410495,6.565437410495,6.565437410795,6.565437410795,6.565437410895,6.565437410895,6.565437411295,6.565437410795,6.565437410795,6.565437410795,6.565437410795,6.565437410885,6.565437410885,6.565437410785,6.565437410785,6.565437410795,6.565437410795
"t55",7.980083046395,7.980083046335,7.980083046335,7.980083046295,7.980083045995,7.980083046195,7.980083046395,7.980083046495,7.980083046495,7.980083046495,7.980083046495,6.427276276415,6.427276276415,6.427276276415,6.427276276305,6.427276276305,6.427276276405,6.427276276345,6.427276276363,6.427276276363,6.427276276385,6.427276276385,6.427276276415,6.427276276615,6.427276276415,6.427276276415,6.427276276415,6.427276276415,6.427276276415,6.427276276415,6.427276276435,6.427276276435,6.427276276515,6.427276275915,6.427276275915,6.427276275915,6.427276276725,6.427276276725,6.427276276675,6.427276276675,6.427276276415,6.427276276395,6.427276276385,6.427276276385,6.427276276515,6.427276276515,5.096457429515,5.096457429515,5.096457429515,5.096457429315,5.096457429315,3.8730071093,3.8730071093,3.8730071093,3.8730071093,3.8730071096,2.701427447,2.701427447,2.7014274469,2.7014274469,1.380517765,0.5005357192,0,3.891942547531,3.891942547531,3.891942547535,3.891942547365,3.891942547365,3.891942547415,3.891942547415,3.891942547415,3.891942547415,4.427090388615,4.427090388615,6.565437410695,6.565437410095,6.565437410095,6.565437410595,6.565437410495,6.565437410545,6.565437410545,6.565437410145,6.565437410145,6.565437410495,6.565437410495,6.565437410795,6.565437410795,6.565437410895,6.565437410895,6.565437411295,6.565437410795,6.565437410795,6.565437410795,6.565437410795,6.565437410885,6.565437410885,6.565437410785,6.565437410785,6.565437410795,6.565437410795
"t99",7.980083046496,7.980083046436,7.980083046436,7.980083046396,7.980083046096,7.980083046296,7.980083046496,7.980083046596,7.980083046596,7.980083046596,7.980083046596,6.427276276516,6.427276276516,6.427276276516,6.427276276406,6.427276276406,6.427276276506,6.427276276446,6.427276276464,6.427276276464,6.427276276486,6.427276276486,6.427276276516,6.427276276716,6.427276276516,6.427276276516,6.427276276516,6.427276276516,6.427276276516,6.427276276516,6.427276276536,6.427276276536,6.427276276616,6.427276276016,6.427276276016,6.427276276016,6.427276276826,6.427276276826,6.427276276776,6.427276276776,6.427276276516,6.427276276496,6.427276276486,6.427276276486,6.427276276616,6.427276276616,5.096457429616,5.096457429616,5.096457429616,5.096457429416,5.096457429416,3.891942547431,3.891942547431,3.891942547431,3.891942547431,3.891942547731,3.891942547531,3.891942547531,3.891942547431,3.891942547431,3.891942547531,3.891942547531,3.891942547531,0,0.006510207792,0.090532082236,2.810266964066,2.810266964066,3.219592410516,3.219592410516,3.219592410516,3.219592410516,4.427090388716,4.427090388716,6.565437410796,6.565437410196,6.565437410196,6.565437410696,6.565437410596,6.565437410646,6.565437410646,6.565437410246,6.565437410246,6.565437410596,6.565437410596,6.565437410896,6.565437410896,6.565437410996,6.565437410996,6.565437411396,6.565437410896,6.565437410896,6.565437410896,6.565437410896,6.565437410986,6.565437410986,6.565437410886,6.565437410886,6.565437410896,6.565437410896
"t100",7.980083046496,7.980083046436,7.980083046436,7.980083046396,7.980083046096,7.980083046296,7.980083046496,7.980083046596,7.980083046596,7.980083046596,7.980083046596,6.427276276516,6.427276276516,6.427276276516,6.427276276406,6.427276276406,6.427276276506,6.427276276446,6.427276276464,6.427276276464,6.427276276486,6.427276276486,6.427276276516,6.427276276716,6.427276276516,6.427276276516,6.427276276516,6.427276276516,6.427276276516,6.427276276516,6.427276276536,6.427276276536,6.427276276616,6.427276276016,6.427276276016,6.427276276016,6.427276276826,6.427276276826,6.427276276776,6.427276276776,6.427276276516,6.427276276496,6.427276276486,6.427276276486,6.427276276616,6.427276276616,5.096457429616,5.096457429616,5.096457429616,5.096457429416,5.096457429416,3.891942547431,3.891942547431,3.891942547431,3.891942547431,3.891942547731,3.891942547531,3.891942547531,3.891942547431,3.891942547431,3.891942547531,3.891942547531,3.891942547531,0.006510207792,0,0.090532082236,2.810266964066,2.810266964066,3.219592410516,3.219592410516,3.219592410516,3.219592410516,4.427090388716,4.427090388716,6.565437410796,6.565437410196,6.565437410196,6.565437410696,6.565437410596,6.565437410646,6.565437410646,6.565437410246,6.565437410246,6.565437410596,6.565437410596,6.565437410896,6.565437410896,6.565437410996,6.565437410996,6.565437411396,6.565437410896,6.565437410896,6.565437410896,6.565437410896,6.565437410986,6.565437410986,6.565437410886,6.565437410886,6.565437410896,6.565437410896
"t90",7.9800830465,7.98008304644,7.98008304644,7.9800830464,7.9800830461,7.9800830463,7.9800830465,7.9800830466,7.9800830466,7.9800830466,7.9800830466,6.42727627652,6.42727627652,6.42727627652,6.42727627641,6.42727627641,6.42727627651,6.42727627645,6.427276276468,6.427276276468,6.42727627649,6.42727627649,6.42727627652,6.42727627672,6.42727627652,6.42727627652,6.42727627652,6.42727627652,6.42727627652,6.42727627652,6.42727627654,6.42727627654,6.42727627662,6.42727627602,6.42727627602,6.42727627602,6.42727627683,6.42727627683,6.42727627678,6.42727627678,6.42727627652,6.4272762765,6.42727627649,6.42727627649,6.42727627662,6.42727627662,5.09645742962,5.09645742962,5.09645742962,5.09645742942,5.09645742942,3.891942547435,3.891942547435,3.891942547435,3.891942547435,3.891942547735,3.891942547535,3.891942547535,3.891942547435,3.891942547435,3.891942547535,3.891942547535,3.891942547535,0.090532082236,0.090532082236,0,2.81026696407,2.81026696407,3.21959241052,3.21959241052,3.21959241052,3.21959241052,4.42709038872,4.42709038872,6.5654374108,6.5654374102,6.5654374102,6.5654374107,6.5654374106,6.56543741065,6.56543741065,6.56543741025,6.56543741025,6.5654374106,6.5654374106,6.5654374109,6.5654374109,6.565437411,6.565437411,6.5654374114,6.5654374109,6.5654374109,6.5654374109,6.5654374109,6.56543741099,6.56543741099,6.56543741089,6.56543741089,6.5654374109,6.5654374109
"t95",7.98008304633,7.98008304627,7.98008304627,7.98008304623,7.98008304593,7.98008304613,7.98008304633,7.98008304643,7.98008304643,7.98008304643,7.98008304643,6.42727627635,6.42727627635,6.42727627635,6.42727627624,6.42727627624,6.42727627634,6.42727627628,6.427276276298,6.427276276298,6.42727627632,6.42727627632,6.42727627635,6.42727627655,6.42727627635,6.42727627635,6.42727627635,6.42727627635,6.42727627635,6.42727627635,6.42727627637,6.42727627637,6.42727627645,6.42727627585,6.42727627585,6.42727627585,6.42727627666,6.42727627666,6.42727627661,6.42727627661,6.42727627635,6.42727627633,6.42727627632,6.42727627632,6.42727627645,6.42727627645,5.09645742945,5.09645742945,5.09645742945,5.09645742925,5.09645742925,3.891942547265,3.891942547265,3.891942547265,3.891942547265,3.891942547565,3.891942547365,3.891942547365,3.891942547265,3.891942547265,3.891942547365,3.891942547365,3.891942547365,2.810266964066,2.810266964066,2.81026696407,0,0.0339794299,3.21959241035,3.21959241035,3.21959241035,3.21959241035,4.42709038855,4.42709038855,6.56543741063,6.56543741003,6.56543741003,6.56543741053,6.56543741043,6.56543741048,6.56543741048,6.56543741008,6.56543741008,6.56543741043,6.56543741043,6.56543741073,6.56543741073,6.56543741083,6.56543741083,6.56543741123,6.56543741073,6.56543741073,6.56543741073,6.56543741073,6.56543741082,6.56543741082,6.56543741072,6.56543741072,6.56543741073,6.56543741073
"t96",7.98008304633,7.98008304627,7.98008304627,7.98008304623,7.98008304593,7.98008304613,7.98008304633,7.98008304643,7.98008304643,7.98008304643,7.98008304643,6.42727627635,6.42727627635,6.42727627635,6.42727627624,6.42727627624,6.42727627634,6.42727627628,6.427276276298,6.427276276298,6.42727627632,6.42727627632,6.42727627635,6.42727627655,6.42727627635,6.42727627635,6.42727627635,6.42727627635,6.42727627635,6.42727627635,6.42727627637,6.42727627637,6.42727627645,6.42727627585,6.42727627585,6.42727627585,6.42727627666,6.42727627666,6.42727627661,6.42727627661,6.42727627635,6.42727627633,6.42727627632,6.42727627632,6.42727627645,6.42727627645,5.09645742945,5.09645742945,5.09645742945,5.09645742925,5.09645742925,3.891942547265,3.891942547265,3.891942547265,3.891942547265,3.891942547565,3.891942547365,3.891942547365,3.891942547265,3.891942547265,3.891942547365,3.891942547365,3.891942547365,2.810266964066,2.810266964066,2.81026696407,0.0339794299,0,3.21959241035,3.21959241035,3.21959241035,3.21959241035,4.42709038855,4.42709038855,6.56543741063,6.56543741003,6.56543741003,6.56543741053,6.56543741043,6.56543741048,6.56543741048,6.56543741008,6.56543741008,6.56543741043,6.56543741043,6.56543741073,6.56543741073,6.56543741083,6.56543741083,6.56543741123,6.56543741073,6.56543741073,6.56543741073,6.56543741073,6.56543741082,6.56543741082,6.56543741072,6.56543741072,6.56543741073,6.56543741073
"t17",7.98008304638,7.98008304632,7.98008304632,7.98008304628,7.98008304598,7.98008304618,7.98008304638,7.98008304648,7.98008304648,7.98008304648,7.98008304648,6.4272762764,6.4272762764,6.4272762764,6.42727627629,6.42727627629,6.42727627639,6.42727627633,6.427276276348,6.427276276348,6.42727627637,6.42727627637,6.4272762764,6.4272762766,6.4272762764,6.4272762764,6.4272762764,6.4272762764,6.4272762764,6.4272762764,6.42727627642,6.42727627642,6.4272762765,6.4272762759,6.4272762759,6.4272762759,6.42727627671,6.42727627671,6.42727627666,6.42727627666,6.4272762764,6.42727627638,6.42727627637,6.42727627637,6.4272762765,6.4272762765,5.0964574295,5.0964574295,5.0964574295,5.0964574293,5.0964574293,3.891942547315,3.891942547315,3.891942547315,3.891942547315,3.891942547615,3.891942547415,3.891942547415,3.891942547315,3.891942547315,3.891942547415,3.891942547415,3.891942547415,3.219592410516,3.219592410516,3.21959241052,3.21959241035,3.21959241035,0,1.7494956078,1.7494956078,1.7494956078,4.4270903886,4.4270903886,6.56543741068,6.56543741008,6.56543741008,6.56543741058,6.56543741048,6.56543741053,6.56543741053,6.56543741013,6.56543741013,6.56543741048,6.56543741048,6.56543741078,6.56543741078,6.56543741088,6.56543741088,6.56543741128,6.56543741078,6.56543741078,6.56543741078,6.56543741078,6.56543741087,6.56543741087,6.56543741077,6.56543741077,6.56543741078,6.56543741078
"t43",7.98008304638,7.98008304632,7.98008304632,7.98008304628,7.98008304598,7.98008304618,7.98008304638,7.98008304648,7.98008304648,7.98008304648,7.98008304648,6.4272762764,6.4272762764,6.4272762764,6.42727627629,6.42727627629,6.42727627639,6.42727627633,6.427276276348,6.427276276348,6.42727627637,6.42727627637,6.4272762764,6.4272762766,6.4272762764,6.4272762764,6.4272762764,6.4272762764,6.4272762764,6.4272762764,6.42727627642,6.42727627642,6.4272762765,6.4272762759,6.4272762759,6.4272762759,6.42727627671,6.42727627671,6.42727627666,6.42727627666,6.4272762764,6.42727627638,6.42727627637,6.42727627637,6.4272762765,6.4272762765,5.0964574295,5.0964574295,5.0964574295,5.0964574293,5.0964574293,3.891942547315,3.891942547315,3.891942547315,3.891942547315,3.891942547615,3.891942547415,3.891942547415,3.891942547315,3.891942547315,3.891942547415,3.891942547415,3.891942547415,3.219592410516,3.219592410516,3.21959241052,3.21959241035,3.21959241035,1.7494956078,0,0.6196796434,0.6196796434,4.4270903886,4.4270903886,6.56543741068,6.56543741008,6.56543741008,6.56543741058,6.56543741048,6.56543741053,6.56543741053,6.56543741013,6.56543741013,6.56543741048,6.56543741048,6.56543741078,6.56543741078,6.56543741088,6.56543741088,6.56543741128,6.56543741078,6.56543741078,6.56543741078,6.56543741078,6.56543741087,6.56543741087,6.56543741077,6.56543741077,6.56543741078,6.56543741078
"t71",7.98008304638,7.98008304632,7.98008304632,7.98008304628,7.98008304598,7.98008304618,7.98008304638,7.98008304648,7.98008304648,7.98008304648,7.98008304648,6.4272762764,6.4272762764,6.4272762764,6.42727627629,6.42727627629,6.42727627639,6.42727627633,6.427276276348,6.427276276348,6.42727627637,6.42727627637,6.4272762764,6.4272762766,6.4272762764,6.4272762764,6.4272762764,6.4272762764,6.4272762764,6.4272762764,6.42727627642,6.42727627642,6.4272762765,6.4272762759,6.4272762759,6.4272762759,6.42727627671,6.42727627671,6.42727627666,6.42727627666,6.4272762764,6.42727627638,6.42727627637,6.42727627637,6.4272762765,6.4272762765,5.0964574295,5.0964574295,5.0964574295,5.0964574293,5.0964574293,3.891942547315,3.891942547315,3.891942547315,3.891942547315,3.891942547615,3.891942547415,3.891942547415,3.891942547315,3.891942547315,3.891942547415,3.891942547415,3.891942547415,3.219592410516,3.219592410516,3.21959241052,3.21959241035,3.21959241035,1.7494956078,0.6196796434,0,0.3254963194,4.4270903886,4.4270903886,6.56543741068,6.56543741008,6.56543741008,6.56543741058,6.56543741048,6.56543741053,6.56543741053,6.56543741013,6.56543741013,6.56543741048,6.56543741048,6.56543741078,6.56543741078,6.56543741088,6.56543741088,6.56543741128,6.56543741078,6.56543741078,6.56543741078,6.56543741078,6.56543741087,6.56543741087,6.56543741077,6.56543741077,6.56543741078,6.56543741078
"t72",7.98008304638,7.98008304632,7.98008304632,7.98008304628,7.98008304598,7.98008304618,7.98008304638,7.98008304648,7.98008304648,7.98008304648,7.98008304648,6.4272762764,6.4272762764,6.4272762764,6.42727627629,6.42727627629,6.42727627639,6.42727627633,6.427276276348,6.427276276348,6.42727627637,6.42727627637,6.4272762764,6.4272762766,6.4272762764,6.4272762764,6.4272762764,6.4272762764,6.4272762764,6.4272762764,6.42727627642,6.42727627642,6.4272762765,6.4272762759,6.4272762759,6.4272762759,6.42727627671,6.42727627671,6.42727627666,6.42727627666,6.4272762764,6.42727627638,6.42727627637,6.42727627637,6.4272762765,6.4272762765,5.0964574295,5.0964574295,5.0964574295,5.0964574293,5.0964574293,3.891942547315,3.891942547315,3.891942547315,3.891942547315,3.891942547615,3.891942547415,3.891942547415,3.891942547315,3.891942547315,3.891942547415,3.891942547415,3.891942547415,3.219592410516,3.219592410516,3.21959241052,3.21959241035,3.21959241035,1.7494956078,0.6196796434,0.3254963194,0,4.4270903886,4.4270903886,6.56543741068,6.56543741008,6.56543741008,6.56543741058,6.56543741048,6.56543741053,6.56543741053,6.56543741013,6.56543741013,6.56543741048,6.56543741048,6.56543741078,6.56543741078,6.56543741088,6.56543741088,6.56543741128,6.56543741078,6.56543741078,6.56543741078,6.56543741078,6.56543741087,6.56543741087,6.56543741077,6.56543741077,6.56543741078,6.56543741078
"t11",7.98008304578,7.98008304572,7.98008304572,7.98008304568,7.98008304538,7.98008304558,7.98008304578,7.98008304588,7.98008304588,7.98008304588,7.98008304588,6.4272762758,6.4272762758,6.4272762758,6.42727627569,6.42727627569,6.42727627579,6.42727627573,6.427276275748,6.427276275748,6.42727627577,6.42727627577,6.4272762758,6.427276276,6.4272762758,6.4272762758,6.4272762758,6.4272762758,6.4272762758,6.4272762758,6.42727627582,6.42727627582,6.4272762759,6.4272762753,6.4272762753,6.4272762753,6.42727627611,6.42727627611,6.42727627606,6.42727627606,6.4272762758,6.42727627578,6.42727627577,6.42727627577,6.4272762759,6.4272762759,5.0964574289,5.0964574289,5.0964574289,5.0964574287,5.0964574287,4.427090388515,4.427090388515,4.427090388515,4.427090388515,4.427090388815,4.427090388615,4.427090388615,4.427090388515,4.427090388515,4.427090388615,4.427090388615,4.427090388615,4.427090388716,4.427090388716,4.42709038872,4.42709038855,4.42709038855,4.4270903886,4.4270903886,4.4270903886,4.4270903886,0,2.20595317,6.56543741008,6.56543740948,6.56543740948,6.56543740998,6.56543740988,6.56543740993,6.56543740993,6.56543740953,6.56543740953,6.56543740988,6.56543740988,6.56543741018,6.56543741018,6.56543741028,6.56543741028,6.56543741068,6.56543741018,6.56543741018,6.56543741018,6.56543741018,6.56543741027,6.56543741027,6.56543741017,6.56543741017,6.56543741018,6.56543741018
"t12",7.98008304578,7.98008304572,7.98008304572,7.98008304568,7.98008304538,7.98008304558,7.98008304578,7.98008304588,7.98008304588,7.98008304588,7.98008304588,6.4272762758,6.4272762758,6.4272762758,6.42727627569,6.42727627569,6.42727627579,6.42727627573,6.427276275748,6.427276275748,6.42727627577,6.42727627577,6.4272762758,6.427276276,6.4272762758,6.4272762758,6.4272762758,6.4272762758,6.4272762758,6.4272762758,6.42727627582,6.42727627582,6.4272762759,6.4272762753,6.4272762753,6.4272762753,6.42727627611,6.42727627611,6.42727627606,6.42727627606,6.4272762758,6.42727627578,6.42727627577,6.42727627577,6.4272762759,6.4272762759,5.0964574289,5.0964574289,5.0964574289,5.0964574287,5.0964574287,4.427090388515,4.427090388515,4.427090388515,4.427090388515,4.427090388815,4.427090388615,4.427090388615,4.427090388515,4.427090388515,4.427090388615,4.427090388615,4.427090388615,4.427090388716,4.427090388716,4.42709038872,4.42709038855,4.42709038855,4.4270903886,4.4270903886,4.4270903886,4.4270903886,2.20595317,0,6.56543741008,6.56543740948,6.56543740948,6.56543740998,6.56543740988,6.56543740993,6.56543740993,6.56543740953,6.56543740953,6.56543740988,6.56543740988,6.56543741018,6.56543741018,6.56543741028,6.56543741028,6.56543741068,6.56543741018,6.56543741018,6.56543741018,6.56543741018,6.56543741027,6.56543741027,6.56543741017,6.56543741017,6.56543741018,6.56543741018
"t3",7.9800830465,7.98008304644,7.98008304644,7.9800830464,7.9800830461,7.9800830463,7.9800830465,7.9800830466,7.9800830466,7.9800830466,7.9800830466,6.56543741068,6.56543741068,6.56543741068,6.56543741057,6.56543741057,6.56543741067,6.56543741061,6.565437410628,6.565437410628,6.56543741065,6.56543741065,6.56543741068,6.56543741088,6.56543741068,6.56543741068,6.56543741068,6.56543741068,6.56543741068,6.56543741068,6.5654374107,6.5654374107,6.56543741078,6.56543741018,6.56543741018,6.56543741018,6.56543741099,6.56543741099,6.56543741094,6.56543741094,6.56543741068,6.56543741066,6.56543741065,6.56543741065,6.56543741078,6.56543741078,6.56543741078,6.56543741078,6.56543741078,6.56543741058,6.56543741058,6.565437410595,6.565437410595,6.565437410595,6.565437410595,6.565437410895,6.565437410695,6.565437410695,6.565437410595,6.565437410595,6.565437410695,6.565437410695,6.565437410695,6.565437410796,6.565437410796,6.5654374108,6.56543741063,6.56543741063,6.56543741068,6.56543741068,6.56543741068,6.56543741068,6.56543741008,6.56543741008,0,3.2067273674,3.2067273674,4.0362975783,4.0362975782,4.03629757825,4.03629757825,4.03629757785,4.03629757785,4.0362975782,4.0362975782,5.4452386135,5.4452386135,5.4452386136,5.4452386136,5.445238614,5.4452386135,5.4452386135,5.4452386135,5.4452386135,5.44523861359,5.44523861359,5.44523861349,5.44523861349,5.4452386135,5.4452386135
"t8",7.9800830459,7.98008304584,7.98008304584,7.9800830458,7.9800830455,7.9800830457,7.9800830459,7.980083046,7.980083046,7.980083046,7.980083046,6.56543741008,6.56543741008,6.56543741008,6.56543740997,6.56543740997,6.56543741007,6.56543741001,6.565437410028,6.565437410028,6.56543741005,6.56543741005,6.56543741008,6.56543741028,6.56543741008,6.56543741008,6.56543741008,6.56543741008,6.56543741008,6.56543741008,6.5654374101,6.5654374101,6.56543741018,6.56543740958,6.56543740958,6.56543740958,6.56543741039,6.56543741039,6.56543741034,6.56543741034,6.56543741008,6.56543741006,6.56543741005,6.56543741005,6.56543741018,6.56543741018,6.56543741018,6.56543741018,6.56543741018,6.56543740998,6.56543740998,6.565437409995,6.565437409995,6.565437409995,6.565437409995,6.565437410295,6.565437410095,6.565437410095,6.565437409995,6.565437409995,6.565437410095,6.565437410095,6.565437410095,6.565437410196,6.565437410196,6.5654374102,6.56543741003,6.56543741003,6.56543741008,6.56543741008,6.56543741008,6.56543741008,6.56543740948,6.56543740948,3.2067273674,0,2.480171738,4.0362975777,4.0362975776,4.03629757765,4.03629757765,4.03629757725,4.03629757725,4.0362975776,4.0362975776,5.4452386129,5.4452386129,5.445238613,5.445238613,5.4452386134,5.4452386129,5.4452386129,5.4452386129,5.4452386129,5.44523861299,5.44523861299,5.44523861289,5.44523861289,5.4452386129,5.4452386129
"t9",7.9800830459,7.98008304584,7.98008304584,7.9800830458,7.9800830455,7.9800830457,7.9800830459,7.980083046,7.980083046,7.980083046,7.980083046,6.56543741008,6.56543741008,6.56543741008,6.56543740997,6.56543740997,6.56543741007,6.56543741001,6.565437410028,6.565437410028,6.56543741005,6.56543741005,6.56543741008,6.56543741028,6.56543741008,6.56543741008,6.56543741008,6.56543741008,6.56543741008,6.56543741008,6.5654374101,6.5654374101,6.56543741018,6.56543740958,6.56543740958,6.56543740958,6.56543741039,6.56543741039,6.56543741034,6.56543741034,6.56543741008,6.56543741006,6.56543741005,6.56543741005,6.56543741018,6.56543741018,6.56543741018,6.56543741018,6.56543741018,6.56543740998,6.56543740998,6.565437409995,6.565437409995,6.565437409995,6.565437409995,6.565437410295,6.565437410095,6.565437410095,6.565437409995,6.565437409995,6.565437410095,6.565437410095,6.565437410095,6.565437410196,6.565437410196,6.5654374102,6.56543741003,6.56543741003,6.56543741008,6.56543741008,6.56543741008,6.56543741008,6.56543740948,6.56543740948,3.2067273674,2.480171738,0,4.0362975777,4.0362975776,4.03629757765,4.03629757765,4.03629757725,4.03629757725,4.0362975776,4.0362975776,5.4452386129,5.4452386129,5.445238613,5.445238613,5.4452386134,5.4452386129,5.4452386129,5.4452386129,5.4452386129,5.44523861299,5.44523861299,5.44523861289,5.44523861289,5.4452386129,5.4452386129
"t15",7.9800830464,7.98008304634,7.98008304634,7.9800830463,7.980083046,7.9800830462,7.9800830464,7.9800830465,7.9800830465,7.9800830465,7.9800830465,6.56543741058,6.56543741058,6.56543741058,6.56543741047,6.56543741047,6.56543741057,6.56543741051,6.565437410528,6.565437410528,6.56543741055,6.56543741055,6.56543741058,6.56543741078,6.56543741058,6.56543741058,6.56543741058,6.56543741058,6.56543741058,6.56543741058,6.5654374106,6.5654374106,6.56543741068,6.56543741008,6.56543741008,6.56543741008,6.56543741089,6.56543741089,6.56543741084,6.56543741084,6.56543741058,6.56543741056,6.56543741055,6.56543741055,6.56543741068,6.56543741068,6.56543741068,6.56543741068,6.56543741068,6.56543741048,6.56543741048,6.565437410495,6.565437410495,6.565437410495,6.565437410495,6.565437410795,6.565437410595,6.565437410595,6.565437410495,6.565437410495,6.565437410595,6.565437410595,6.565437410595,6.565437410696,6.565437410696,6.5654374107,6.56543741053,6.56543741053,6.56543741058,6.56543741058,6.56543741058,6.56543741058,6.56543740998,6.56543740998,4.0362975783,4.0362975777,4.0362975777,0,1.7838428191,1.78384281915,1.78384281915,3.32192718775,3.32192718775,3.3219271881,3.3219271881,5.4452386134,5.4452386134,5.4452386135,5.4452386135,5.4452386139,5.4452386134,5.4452386134,5.4452386134,5.4452386134,5.44523861349,5.44523861349,5.44523861339,5.44523861339,5.4452386134,5.4452386134
"t77",7.9800830463,7.98008304624,7.98008304624,7.9800830462,7.9800830459,7.9800830461,7.9800830463,7.9800830464,7.9800830464,7.9800830464,7.9800830464,6.56543741048,6.56543741048,6.56543741048,6.56543741037,6.56543741037,6.56543741047,6.56543741041,6.565437410428,6.565437410428,6.56543741045,6.56543741045,6.56543741048,6.56543741068,6.56543741048,6.56543741048,6.56543741048,6.56543741048,6.56543741048,6.56543741048,6.5654374105,6.5654374105,6.56543741058,6.56543740998,6.56543740998,6.56543740998,6.56543741079,6.56543741079,6.56543741074,6.56543741074,6.56543741048,6.56543741046,6.56543741045,6.56543741045,6.56543741058,6.56543741058,6.56543741058,6.56543741058,6.56543741058,6.56543741038,6.56543741038,6.565437410395,6.565437410395,6.565437410395,6.565437410395,6.565437410695,6.565437410495,6.565437410495,6.565437410395,6.565437410395,6.565437410495,6.565437410495,6.565437410495,6.565437410596,6.565437410596,6.5654374106,6.56543741043,6.56543741043,6.56543741048,6.56543741048,6.56543741048,6.56543741048,6.56543740988,6.56543740988,4.0362975782,4.0362975776,4.0362975776,1.7838428191,0,0.30201428565,0.30201428565,3.32192718765,3.32192718765,3.321927188,3.321927188,5.4452386133,5.4452386133,5.4452386134,5.4452386134,5.4452386138,5.4452386133,5.4452386133,5.4452386133,5.4452386133,5.44523861339,5.44523861339,5.44523861329,5.44523861329,5.4452386133,5.4452386133
"t86",7.98008304635,7.98008304629,7.98008304629,7.98008304625,7.98008304595,7.98008304615,7.98008304635,7.98008304645,7.98008304645,7.98008304645,7.98008304645,6.56543741053,6.56543741053,6.56543741053,6.56543741042,6.56543741042,6.56543741052,6.56543741046,6.565437410478,6.565437410478,6.5654374105,6.5654374105,6.56543741053,6.56543741073,6.56543741053,6.56543741053,6.56543741053,6.56543741053,6.56543741053,6.56543741053,6.56543741055,6.56543741055,6.56543741063,6.56543741003,6.56543741003,6.56543741003,6.56543741084,6.56543741084,6.56543741079,6.56543741079,6.56543741053,6.56543741051,6.5654374105,6.5654374105,6.56543741063,6.56543741063,6.56543741063,6.56543741063,6.56543741063,6.56543741043,6.56543741043,6.565437410445,6.565437410445,6.565437410445,6.565437410445,6.565437410745,6.565437410545,6.565437410545,6.565437410445,6.565437410445,6.565437410545,6.565437410545,6.565437410545,6.565437410646,6.565437410646,6.56543741065,6.56543741048,6.56543741048,6.56543741053,6.56543741053,6.56543741053,6.56543741053,6.56543740993,6.56543740993,4.03629757825,4.03629757765,4.03629757765,1.78384281915,0.30201428565,0,0.106237144,3.3219271877,3.3219271877,3.32192718805,3.32192718805,5.44523861335,5.44523861335,5.44523861345,5.44523861345,5.44523861385,5.44523861335,5.44523861335,5.44523861335,5.44523861335,5.44523861344,5.44523861344,5.44523861334,5.44523861334,5.44523861335,5.44523861335
"t87",7.98008304635,7.98008304629,7.98008304629,7.98008304625,7.98008304595,7.98008304615,7.98008304635,7.98008304645,7.98008304645,7.98008304645,7.98008304645,6.56543741053,6.56543741053,6.56543741053,6.56543741042,6.56543741042,6.56543741052,6.56543741046,6.565437410478,6.565437410478,6.5654374105,6.5654374105,6.56543741053,6.56543741073,6.56543741053,6.56543741053,6.56543741053,6.56543741053,6.56543741053,6.56543741053,6.56543741055,6.56543741055,6.56543741063,6.56543741003,6.56543741003,6.56543741003,6.56543741084,6.56543741084,6.56543741079,6.56543741079,6.56543741053,6.56543741051,6.5654374105,6.5654374105,6.56543741063,6.56543741063,6.56543741063,6.56543741063,6.56543741063,6.56543741043,6.56543741043,6.565437410445,6.565437410445,6.565437410445,6.565437410445,6.565437410745,6.565437410545,6.565437410545,6.565437410445,6.565437410445,6.565437410545,6.565437410545,6.565437410545,6.565437410646,6.565437410646,6.56543741065,6.56543741048,6.56543741048,6.56543741053,6.56543741053,6.56543741053,6.56543741053,6.56543740993,6.56543740993,4.03629757825,4.03629757765,4.03629757765,1.78384281915,0.30201428565,0.106237144,0,3.3219271877,3.3219271877,3.32192718805,3.32192718805,5.44523861335,5.44523861335,5.44523861345,5.44523861345,5.44523861385,5.44523861335,5.44523861335,5.44523861335,5.44523861335,5.44523861344,5.44523861344,5.44523861334,5.44523861334,5.44523861335,5.44523861335
"t93",7.98008304595,7.98008304589,7.98008304589,7.98008304585,7.98008304555,7.98008304575,7.98008304595,7.98008304605,7.98008304605,7.98008304605,7.98008304605,6.56543741013,6.56543741013,6.56543741013,6.56543741002,6.56543741002,6.56543741012,6.56543741006,6.565437410078,6.565437410078,6.5654374101,6.5654374101,6.56543741013,6.56543741033,6.56543741013,6.56543741013,6.56543741013,6.56543741013,6.56543741013,6.56543741013,6.56543741015,6.56543741015,6.56543741023,6.56543740963,6.56543740963,6.56543740963,6.56543741044,6.56543741044,6.56543741039,6.56543741039,6.56543741013,6.56543741011,6.5654374101,6.5654374101,6.56543741023,6.56543741023,6.56543741023,6.56543741023,6.56543741023,6.56543741003,6.56543741003,6.565437410045,6.565437410045,6.565437410045,6.565437410045,6.565437410345,6.565437410145,6.565437410145,6.565437410045,6.565437410045,6.565437410145,6.565437410145,6.565437410145,6.565437410246,6.565437410246,6.56543741025,6.56543741008,6.56543741008,6.56543741013,6.56543741013,6.56543741013,6.56543741013,6.56543740953,6.56543740953,4.03629757785,4.03629757725,4.03629757725,3.32192718775,3.32192718765,3.3219271877,3.3219271877,0,0.0509240319,2.79193799625,2.79193799625,5.44523861295,5.44523861295,5.44523861305,5.44523861305,5.44523861345,5.44523861295,5.44523861295,5.44523861295,5.44523861295,5.44523861304,5.44523861304,5.44523861294,5.44523861294,5.44523861295,5.44523861295
"t94",7.98008304595,7.98008304589,7.98008304589,7.98008304585,7.98008304555,7.98008304575,7.98008304595,7.98008304605,7.98008304605,7.98008304605,7.98008304605,6.56543741013,6.56543741013,6.56543741013,6.56543741002,6.56543741002,6.56543741012,6.56543741006,6.565437410078,6.565437410078,6.5654374101,6.5654374101,6.56543741013,6.56543741033,6.56543741013,6.56543741013,6.56543741013,6.56543741013,6.56543741013,6.56543741013,6.56543741015,6.56543741015,6.56543741023,6.56543740963,6.56543740963,6.56543740963,6.56543741044,6.56543741044,6.56543741039,6.56543741039,6.56543741013,6.56543741011,6.5654374101,6.5654374101,6.56543741023,6.56543741023,6.56543741023,6.56543741023,6.56543741023,6.56543741003,6.56543741003,6.565437410045,6.565437410045,6.565437410045,6.565437410045,6.565437410345,6.565437410145,6.565437410145,6.565437410045,6.565437410045,6.565437410145,6.565437410145,6.565437410145,6.565437410246,6.565437410246,6.56543741025,6.56543741008,6.56543741008,6.56543741013,6.56543741013,6.56543741013,6.56543741013,6.56543740953,6.56543740953,4.03629757785,4.03629757725,4.03629757725,3.32192718775,3.32192718765,3.3219271877,3.3219271877,0.0509240319,0,2.79193799625,2.79193799625,5.44523861295,5.44523861295,5.44523861305,5.44523861305,5.44523861345,5.44523861295,5.44523861295,5.44523861295,5.44523861295,5.44523861304,5.44523861304,5.44523861294,5.44523861294,5.44523861295,5.44523861295
"t31",7.9800830463,7.98008304624,7.98008304624,7.9800830462,7.9800830459,7.9800830461,7.9800830463,7.9800830464,7.9800830464,7.9800830464,7.9800830464,6.56543741048,6.56543741048,6.56543741048,6.56543741037,6.56543741037,6.56543741047,6.56543741041,6.565437410428,6.565437410428,6.56543741045,6.56543741045,6.56543741048,6.56543741068,6.56543741048,6.56543741048,6.56543741048,6.56543741048,6.56543741048,6.56543741048,6.5654374105,6.5654374105,6.56543741058,6.56543740998,6.56543740998,6.56543740998,6.56543741079,6.56543741079,6.56543741074,6.56543741074,6.56543741048,6.56543741046,6.56543741045,6.56543741045,6.56543741058,6.56543741058,6.56543741058,6.56543741058,6.56543741058,6.56543741038,6.56543741038,6.565437410395,6.565437410395,6.565437410395,6.565437410395,6.565437410695,6.565437410495,6.565437410495,6.565437410395,6.565437410395,6.565437410495,6.565437410495,6.565437410495,6.565437410596,6.565437410596,6.5654374106,6.56543741043,6.56543741043,6.56543741048,6.56543741048,6.56543741048,6.56543741048,6.56543740988,6.56543740988,4.0362975782,4.0362975776,4.0362975776,3.3219271881,3.321927188,3.32192718805,3.32192718805,2.79193799625,2.79193799625,0,0.9798148784,5.4452386133,5.4452386133,5.4452386134,5.4452386134,5.4452386138,5.4452386133,5.4452386133,5.4452386133,5.4452386133,5.44523861339,5.44523861339,5.44523861329,5.44523861329,5.4452386133,5.4452386133
"t32",7.9800830463,7.98008304624,7.98008304624,7.9800830462,7.9800830459,7.9800830461,7.9800830463,7.9800830464,7.9800830464,7.9800830464,7.9800830464,6.56543741048,6.56543741048,6.56543741048,6.56543741037,6.56543741037,6.56543741047,6.56543741041,6.565437410428,6.565437410428,6.56543741045,6.56543741045,6.56543741048,6.56543741068,6.56543741048,6.56543741048,6.56543741048,6.56543741048,6.56543741048,6.56543741048,6.5654374105,6.5654374105,6.56543741058,6.56543740998,6.56543740998,6.56543740998,6.56543741079,6.56543741079,6.56543741074,6.56543741074,6.56543741048,6.56543741046,6.56543741045,6.56543741045,6.56543741058,6.56543741058,6.56543741058,6.56543741058,6.56543741058,6.56543741038,6.56543741038,6.565437410395,6.565437410395,6.565437410395,6.565437410395,6.565437410695,6.565437410495,6.565437410495,6.565437410395,6.565437410395,6.565437410495,6.565437410495,6.565437410495,6.565437410596,6.565437410596,6.5654374106,6.56543741043,6.56543741043,6.56543741048,6.56543741048,6.56543741048,6.56543741048,6.56543740988,6.56543740988,4.0362975782,4.0362975776,4.0362975776,3.3219271881,3.321927188,3.32192718805,3.32192718805,2.79193799625,2.79193799625,0.9798148784,0,5.4452386133,5.4452386133,5.4452386134,5.4452386134,5.4452386138,5.4452386133,5.4452386133,5.4452386133,5.4452386133,5.44523861339,5.44523861339,5.44523861329,5.44523861329,5.4452386133,5.4452386133
"t67",7.9800830466,7.98008304654,7.98008304654,7.9800830465,7.9800830462,7.9800830464,7.9800830466,7.9800830467,7.9800830467,7.9800830467,7.9800830467,6.56543741078,6.56543741078,6.56543741078,6.56543741067,6.56543741067,6.56543741077,6.56543741071,6.565437410728,6.565437410728,6.56543741075,6.56543741075,6.56543741078,6.56543741098,6.56543741078,6.56543741078,6.56543741078,6.56543741078,6.56543741078,6.56543741078,6.5654374108,6.5654374108,6.56543741088,6.56543741028,6.56543741028,6.56543741028,6.56543741109,6.56543741109,6.56543741104,6.56543741104,6.56543741078,6.56543741076,6.56543741075,6.56543741075,6.56543741088,6.56543741088,6.56543741088,6.56543741088,6.56543741088,6.56543741068,6.56543741068,6.565437410695,6.565437410695,6.565437410695,6.565437410695,6.565437410995,6.565437410795,6.565437410795,6.565437410695,6.565437410695,6.565437410795,6.565437410795,6.565437410795,6.565437410896,6.565437410896,6.5654374109,6.56543741073,6.56543741073,6.56543741078,6.56543741078,6.56543741078,6.56543741078,6.56543741018,6.56543741018,5.4452386135,5.4452386129,5.4452386129,5.4452386134,5.4452386133,5.44523861335,5.44523861335,5.44523861295,5.44523861295,5.4452386133,5.4452386133,0,0.3629612446,1.2890496615,1.2890496615,3.1739840101,3.1739840096,3.1739840096,3.1739840096,3.1739840096,3.17398400969,3.17398400969,3.17398400959,3.17398400959,3.1739840096,3.1739840096
"t68",7.9800830466,7.98008304654,7.98008304654,7.9800830465,7.9800830462,7.9800830464,7.9800830466,7.9800830467,7.9800830467,7.9800830467,7.9800830467,6.56543741078,6.56543741078,6.56543741078,6.56543741067,6.56543741067,6.56543741077,6.56543741071,6.565437410728,6.565437410728,6.56543741075,6.56543741075,6.56543741078,6.56543741098,6.56543741078,6.56543741078,6.56543741078,6.56543741078,6.56543741078,6.56543741078,6.5654374108,6.5654374108,6.56543741088,6.56543741028,6.56543741028,6.56543741028,6.56543741109,6.56543741109,6.56543741104,6.56543741104,6.56543741078,6.56543741076,6.56543741075,6.56543741075,6.56543741088,6.56543741088,6.56543741088,6.56543741088,6.56543741088,6.56543741068,6.56543741068,6.565437410695,6.565437410695,6.565437410695,6.565437410695,6.565437410995,6.565437410795,6.565437410795,6.565437410695,6.565437410695,6.565437410795,6.565437410795,6.565437410795,6.565437410896,6.565437410896,6.5654374109,6.56543741073,6.56543741073,6.56543741078,6.56543741078,6.56543741078,6.56543741078,6.56543741018,6.56543741018,5.4452386135,5.4452386129,5.4452386129,5.4452386134,5.4452386133,5.44523861335,5.44523861335,5.44523861295,5.44523861295,5.4452386133,5.4452386133,0.3629612446,0,1.2890496615,1.2890496615,3.1739840101,3.1739840096,3.1739840096,3.1739840096,3.1739840096,3.17398400969,3.17398400969,3.17398400959,3.17398400959,3.1739840096,3.1739840096
"t48",7.9800830467,7.98008304664,7.98008304664,7.9800830466,7.9800830463,7.9800830465,7.9800830467,7.9800830468,7.9800830468,7.9800830468,7.9800830468,6.56543741088,6.56543741088,6.56543741088,6.56543741077,6.56543741077,6.56543741087,6.56543741081,6.565437410828,6.565437410828,6.56543741085,6.56543741085,6.56543741088,6.56543741108,6.56543741088,6.56543741088,6.56543741088,6.56543741088,6.56543741088,6.56543741088,6.5654374109,6.5654374109,6.56543741098,6.56543741038,6.56543741038,6.56543741038,6.56543741119,6.56543741119,6.56543741114,6.56543741114,6.56543741088,6.56543741086,6.56543741085,6.56543741085,6.56543741098,6.56543741098,6.56543741098,6.56543741098,6.56543741098,6.56543741078,6.56543741078,6.565437410795,6.565437410795,6.565437410795,6.565437410795,6.565437411095,6.565437410895,6.565437410895,6.565437410795,6.565437410795,6.565437410895,6.565437410895,6.565437410895,6.565437410996,6.565437410996,6.565437411,6.56543741083,6.56543741083,6.56543741088,6.56543741088,6.56543741088,6.56543741088,6.56543741028,6.56543741028,5.4452386136,5.445238613,5.445238613,5.4452386135,5.4452386134,5.44523861345,5.44523861345,5.44523861305,5.44523861305,5.4452386134,5.4452386134,1.2890496615,1.2890496615,0,0.6024232896,3.1739840102,3.1739840097,3.1739840097,3.1739840097,3.1739840097,3.17398400979,3.17398400979,3.17398400969,3.17398400969,3.1739840097,3.1739840097
"t49",7.9800830467,7.98008304664,7.98008304664,7.9800830466,7.9800830463,7.9800830465,7.9800830467,7.9800830468,7.9800830468,7.9800830468,7.9800830468,6.56543741088,6.56543741088,6.56543741088,6.56543741077,6.56543741077,6.56543741087,6.56543741081,6.565437410828,6.565437410828,6.56543741085,6.56543741085,6.56543741088,6.56543741108,6.56543741088,6.56543741088,6.56543741088,6.56543741088,6.56543741088,6.56543741088,6.5654374109,6.5654374109,6.56543741098,6.56543741038,6.56543741038,6.56543741038,6.56543741119,6.56543741119,6.56543741114,6.56543741114,6.56543741088,6.56543741086,6.56543741085,6.56543741085,6.56543741098,6.56543741098,6.56543741098,6.56543741098,6.56543741098,6.56543741078,6.56543741078,6.565437410795,6.565437410795,6.565437410795,6.565437410795,6.565437411095,6.565437410895,6.565437410895,6.565437410795,6.565437410795,6.565437410895,6.565437410895,6.565437410895,6.565437410996,6.565437410996,6.565437411,6.56543741083,6.56543741083,6.56543741088,6.56543741088,6.56543741088,6.56543741088,6.56543741028,6.56543741028,5.4452386136,5.445238613,5.445238613,5.4452386135,5.4452386134,5.44523861345,5.44523861345,5.44523861305,5.44523861305,5.4452386134,5.4452386134,1.2890496615,1.2890496615,0.6024232896,0,3.1739840102,3.1739840097,3.1739840097,3.1739840097,3.1739840097,3.17398400979,3.17398400979,3.17398400969,3.17398400969,3.1739840097,3.1739840097
"t14",7.9800830471,7.98008304704,7.98008304704,7.980083047,7.9800830467,7.9800830469,7.9800830471,7.9800830472,7.9800830472,7.9800830472,7.9800830472,6.56543741128,6.56543741128,6.56543741128,6.56543741117,6.56543741117,6.56543741127,6.56543741121,6.565437411228,6.565437411228,6.56543741125,6.56543741125,6.56543741128,6.56543741148,6.56543741128,6.56543741128,6.56543741128,6.56543741128,6.56543741128,6.56543741128,6.5654374113,6.5654374113,6.56543741138,6.56543741078,6.56543741078,6.56543741078,6.56543741159,6.56543741159,6.56543741154,6.56543741154,6.56543741128,6.56543741126,6.56543741125,6.56543741125,6.56543741138,6.56543741138,6.56543741138,6.56543741138,6.56543741138,6.56543741118,6.56543741118,6.565437411195,6.565437411195,6.565437411195,6.565437411195,6.565437411495,6.565437411295,6.565437411295,6.565437411195,6.565437411195,6.565437411295,6.565437411295,6.565437411295,6.565437411396,6.565437411396,6.5654374114,6.56543741123,6.56543741123,6.56543741128,6.56543741128,6.56543741128,6.56543741128,6.56543741068,6.56543741068,5.445238614,5.4452386134,5.4452386134,5.4452386139,5.4452386138,5.44523861385,5.44523861385,5.44523861345,5.44523861345,5.4452386138,5.4452386138,3.1739840101,3.1739840101,3.1739840102,3.1739840102,0,2.0516014995,2.0516014995,2.0516014995,2.0516014995,2.86995460779,2.86995460779,2.86995460769,2.86995460769,2.8699546077,2.8699546077
"t61",7.9800830466,7.98008304654,7.98008304654,7.9800830465,7.9800830462,7.9800830464,7.9800830466,7.9800830467,7.9800830467,7.9800830467,7.9800830467,6.56543741078,6.56543741078,6.56543741078,6.56543741067,6.56543741067,6.56543741077,6.56543741071,6.565437410728,6.565437410728,6.56543741075,6.56543741075,6.56543741078,6.56543741098,6.56543741078,6.56543741078,6.56543741078,6.56543741078,6.56543741078,6.56543741078,6.5654374108,6.5654374108,6.56543741088,6.56543741028,6.56543741028,6.56543741028,6.56543741109,6.56543741109,6.56543741104,6.56543741104,6.56543741078,6.56543741076,6.56543741075,6.56543741075,6.56543741088,6.56543741088,6.56543741088,6.56543741088,6.56543741088,6.56543741068,6.56543741068,6.565437410695,6.565437410695,6.565437410695,6.565437410695,6.565437410995,6.565437410795,6.565437410795,6.565437410695,6.565437410695,6.565437410795,6.565437410795,6.565437410795,6.565437410896,6.565437410896,6.5654374109,6.56543741073,6.56543741073,6.56543741078,6.56543741078,6.56543741078,6.56543741078,6.56543741018,6.56543741018,5.4452386135,5.4452386129,5.4452386129,5.4452386134,5.4452386133,5.44523861335,5.44523861335,5.44523861295,5.44523861295,5.4452386133,5.4452386133,3.1739840096,3.1739840096,3.1739840097,3.1739840097,2.0516014995,0,0.3946899796,1.8222369606,1.8222369606,2.86995460729,2.86995460729,2.86995460719,2.86995460719,2.8699546072,2.8699546072
"t62",7.9800830466,7.98008304654,7.98008304654,7.9800830465,7.9800830462,7.9800830464,7.9800830466,7.9800830467,7.9800830467,7.9800830467,7.9800830467,6.56543741078,6.56543741078,6.56543741078,6.56543741067,6.56543741067,6.56543741077,6.56543741071,6.565437410728,6.565437410728,6.56543741075,6.56543741075,6.56543741078,6.56543741098,6.56543741078,6.56543741078,6.56543741078,6.56543741078,6.56543741078,6.56543741078,6.5654374108,6.5654374108,6.56543741088,6.56543741028,6.56543741028,6.56543741028,6.56543741109,6.56543741109,6.56543741104,6.56543741104,6.56543741078,6.56543741076,6.56543741075,6.56543741075,6.56543741088,6.56543741088,6.56543741088,6.56543741088,6.56543741088,6.56543741068,6.56543741068,6.565437410695,6.565437410695,6.565437410695,6.565437410695,6.565437410995,6.565437410795,6.565437410795,6.565437410695,6.565437410695,6.565437410795,6.565437410795,6.565437410795,6.565437410896,6.565437410896,6.5654374109,6.56543741073,6.56543741073,6.56543741078,6.56543741078,6.56543741078,6.56543741078,6.56543741018,6.56543741018,5.4452386135,5.4452386129,5.4452386129,5.4452386134,5.4452386133,5.44523861335,5.44523861335,5.44523861295,5.44523861295,5.4452386133,5.4452386133,3.1739840096,3.1739840096,3.1739840097,3.1739840097,2.0516014995,0.3946899796,0,1.8222369606,1.8222369606,2.86995460729,2.86995460729,2.86995460719,2.86995460719,2.8699546072,2.8699546072
"t26",7.9800830466,7.98008304654,7.98008304654,7.9800830465,7.9800830462,7.9800830464,7.9800830466,7.9800830467,7.9800830467,7.9800830467,7.9800830467,6.56543741078,6.56543741078,6.56543741078,6.56543741067,6.56543741067,6.56543741077,6.56543741071,6.565437410728,6.565437410728,6.56543741075,6.56543741075,6.56543741078,6.56543741098,6.56543741078,6.56543741078,6.56543741078,6.56543741078,6.56543741078,6.56543741078,6.5654374108,6.5654374108,6.56543741088,6.56543741028,6.56543741028,6.56543741028,6.56543741109,6.56543741109,6.56543741104,6.56543741104,6.56543741078,6.56543741076,6.56543741075,6.56543741075,6.56543741088,6.56543741088,6.56543741088,6.56543741088,6.56543741088,6.56543741068,6.56543741068,6.565437410695,6.565437410695,6.565437410695,6.565437410695,6.565437410995,6.565437410795,6.565437410795,6.565437410695,6.565437410695,6.565437410795,6.565437410795,6.565437410795,6.565437410896,6.565437410896,6.5654374109,6.56543741073,6.56543741073,6.56543741078,6.56543741078,6.56543741078,6.56543741078,6.56543741018,6.56543741018,5.4452386135,5.4452386129,5.4452386129,5.4452386134,5.4452386133,5.44523861335,5.44523861335,5.44523861295,5.44523861295,5.4452386133,5.4452386133,3.1739840096,3.1739840096,3.1739840097,3.1739840097,2.0516014995,1.8222369606,1.8222369606,0,1.1646981024,2.86995460729,2.86995460729,2.86995460719,2.86995460719,2.8699546072,2.8699546072
"t27",7.9800830466,7.98008304654,7.98008304654,7.9800830465,7.9800830462,7.9800830464,7.9800830466,7.9800830467,7.9800830467,7.9800830467,7.9800830467,6.56543741078,6.56543741078,6.56543741078,6.56543741067,6.56543741067,6.56543741077,6.56543741071,6.565437410728,6.565437410728,6.56543741075,6.56543741075,6.56543741078,6.56543741098,6.56543741078,6.56543741078,6.56543741078,6.56543741078,6.56543741078,6.56543741078,6.5654374108,6.5654374108,6.56543741088,6.56543741028,6.56543741028,6.56543741028,6.56543741109,6.56543741109,6.56543741104,6.56543741104,6.56543741078,6.56543741076,6.56543741075,6.56543741075,6.56543741088,6.56543741088,6.56543741088,6.56543741088,6.56543741088,6.56543741068,6.56543741068,6.565437410695,6.565437410695,6.565437410695,6.565437410695,6.565437410995,6.565437410795,6.565437410795,6.565437410695,6.565437410695,6.565437410795,6.565437410795,6.565437410795,6.565437410896,6.565437410896,6.5654374109,6.56543741073,6.56543741073,6.56543741078,6.56543741078,6.56543741078,6.56543741078,6.56543741018,6.56543741018,5.4452386135,5.4452386129,5.4452386129,5.4452386134,5.4452386133,5.44523861335,5.44523861335,5.44523861295,5.44523861295,5.4452386133,5.4452386133,3.1739840096,3.1739840096,3.1739840097,3.1739840097,2.0516014995,1.8222369606,1.8222369606,1.1646981024,0,2.86995460729,2.86995460729,2.86995460719,2.86995460719,2.8699546072,2.8699546072
"t39",7.98008304669,7.98008304663,7.98008304663,7.98008304659,7.98008304629,7.98008304649,7.98008304669,7.98008304679,7.98008304679,7.98008304679,7.98008304679,6.56543741087,6.56543741087,6.56543741087,6.56543741076,6.56543741076,6.56543741086,6.5654374108,6.565437410818,6.565437410818,6.56543741084,6.56543741084,6.56543741087,6.56543741107,6.56543741087,6.56543741087,6.56543741087,6.56543741087,6.56543741087,6.56543741087,6.56543741089,6.56543741089,6.56543741097,6.56543741037,6.56543741037,6.56543741037,6.56543741118,6.56543741118,6.56543741113,6.56543741113,6.56543741087,6.56543741085,6.56543741084,6.56543741084,6.56543741097,6.56543741097,6.56543741097,6.56543741097,6.56543741097,6.56543741077,6.56543741077,6.565437410785,6.565437410785,6.565437410785,6.565437410785,6.565437411085,6.565437410885,6.565437410885,6.565437410785,6.565437410785,6.565437410885,6.565437410885,6.565437410885,6.565437410986,6.565437410986,6.56543741099,6.56543741082,6.56543741082,6.56543741087,6.56543741087,6.56543741087,6.56543741087,6.56543741027,6.56543741027,5.44523861359,5.44523861299,5.44523861299,5.44523861349,5.44523861339,5.44523861344,5.44523861344,5.44523861304,5.44523861304,5.44523861339,5.44523861339,3.17398400969,3.17398400969,3.17398400979,3.17398400979,2.86995460779,2.86995460729,2.86995460729,2.86995460729,2.86995460729,0,0.7375433492,1.2505316221,1.2505316221,1.37927542109,1.66877725109
"t40",7.98008304669,7.98008304663,7.98008304663,7.98008304659,7.98008304629,7.98008304649,7.98008304669,7.98008304679,7.98008304679,7.98008304679,7.98008304679,6.56543741087,6.56543741087,6.56543741087,6.56543741076,6.56543741076,6.56543741086,6.5654374108,6.565437410818,6.565437410818,6.56543741084,6.56543741084,6.56543741087,6.56543741107,6.56543741087,6.56543741087,6.56543741087,6.56543741087,6.56543741087,6.56543741087,6.56543741089,6.56543741089,6.56543741097,6.56543741037,6.56543741037,6.56543741037,6.56543741118,6.56543741118,6.56543741113,6.56543741113,6.56543741087,6.56543741085,6.56543741084,6.56543741084,6.56543741097,6.56543741097,6.56543741097,6.56543741097,6.56543741097,6.56543741077,6.56543741077,6.565437410785,6.565437410785,6.565437410785,6.565437410785,6.565437411085,6.565437410885,6.565437410885,6.565437410785,6.565437410785,6.565437410885,6.565437410885,6.565437410885,6.565437410986,6.565437410986,6.56543741099,6.56543741082,6.56543741082,6.56543741087,6.56543741087,6.56543741087,6.56543741087,6.56543741027,6.56543741027,5.44523861359,5.44523861299,5.44523861299,5.44523861349,5.44523861339,5.44523861344,5.44523861344,5.44523861304,5.44523861304,5.44523861339,5.44523861339,3.17398400969,3.17398400969,3.17398400979,3.17398400979,2.86995460779,2.86995460729,2.86995460729,2.86995460729,2.86995460729,0.7375433492,0,1.2505316221,1.2505316221,1.37927542109,1.66877725109
"t82",7.98008304659,7.98008304653,7.98008304653,7.98008304649,7.98008304619,7.98008304639,7.98008304659,7.98008304669,7.98008304669,7.98008304669,7.98008304669,6.56543741077,6.56543741077,6.56543741077,6.56543741066,6.56543741066,6.56543741076,6.5654374107,6.565437410718,6.565437410718,6.56543741074,6.56543741074,6.56543741077,6.56543741097,6.56543741077,6.56543741077,6.56543741077,6.56543741077,6.56543741077,6.56543741077,6.56543741079,6.56543741079,6.56543741087,6.56543741027,6.56543741027,6.56543741027,6.56543741108,6.56543741108,6.56543741103,6.56543741103,6.56543741077,6.56543741075,6.56543741074,6.56543741074,6.56543741087,6.56543741087,6.56543741087,6.56543741087,6.56543741087,6.56543741067,6.56543741067,6.565437410685,6.565437410685,6.565437410685,6.565437410685,6.565437410985,6.565437410785,6.565437410785,6.565437410685,6.565437410685,6.565437410785,6.565437410785,6.565437410785,6.565437410886,6.565437410886,6.56543741089,6.56543741072,6.56543741072,6.56543741077,6.56543741077,6.56543741077,6.56543741077,6.56543741017,6.56543741017,5.44523861349,5.44523861289,5.44523861289,5.44523861339,5.44523861329,5.44523861334,5.44523861334,5.44523861294,5.44523861294,5.44523861329,5.44523861329,3.17398400959,3.17398400959,3.17398400969,3.17398400969,2.86995460769,2.86995460719,2.86995460719,2.86995460719,2.86995460719,1.2505316221,1.2505316221,0,0.2016907828,1.37927542099,1.66877725099
"t83",7.98008304659,7.98008304653,7.98008304653,7.98008304649,7.98008304619,7.98008304639,7.98008304659,7.98008304669,7.98008304669,7.98008304669,7.98008304669,6.56543741077,6.56543741077,6.56543741077,6.56543741066,6.56543741066,6.56543741076,6.5654374107,6.565437410718,6.565437410718,6.56543741074,6.56543741074,6.56543741077,6.56543741097,6.56543741077,6.56543741077,6.56543741077,6.56543741077,6.56543741077,6.56543741077,6.56543741079,6.56543741079,6.56543741087,6.56543741027,6.56543741027,6.56543741027,6.56543741108,6.56543741108,6.56543741103,6.56543741103,6.56543741077,6.56543741075,6.56543741074,6.56543741074,6.56543741087,6.56543741087,6.56543741087,6.56543741087,6.56543741087,6.56543741067,6.56543741067,6.565437410685,6.565437410685,6.565437410685,6.565437410685,6.565437410985,6.565437410785,6.565437410785,6.565437410685,6.565437410685,6.565437410785,6.565437410785,6.565437410785,6.565437410886,6.565437410886,6.56543741089,6.56543741072,6.56543741072,6.56543741077,6.56543741077,6.56543741077,6.56543741077,6.56543741017,6.56543741017,5.44523861349,5.44523861289,5.44523861289,5.44523861339,5.44523861329,5.44523861334,5.44523861334,5.44523861294,5.44523861294,5.44523861329,5.44523861329,3.17398400959,3.17398400959,3.17398400969,3.17398400969,2.86995460769,2.86995460719,2.86995460719,2.86995460719,2.86995460719,1.2505316221,1.2505316221,0.2016907828,0,1.37927542099,1.66877725099
"t25",7.9800830466,7.98008304654,7.98008304654,7.9800830465,7.9800830462,7.9800830464,7.9800830466,7.9800830467,7.9800830467,7.9800830467,7.9800830467,6.56543741078,6.56543741078,6.56543741078,6.56543741067,6.56543741067,6.56543741077,6.56543741071,6.565437410728,6.565437410728,6.56543741075,6.56543741075,6.56543741078,6.56543741098,6.56543741078,6.56543741078,6.56543741078,6.56543741078,6.56543741078,6.56543741078,6.5654374108,6.5654374108,6.56543741088,6.56543741028,6.56543741028,6.56543741028,6.56543741109,6.56543741109,6.56543741104,6.56543741104,6.56543741078,6.56543741076,6.56543741075,6.56543741075,6.56543741088,6.56543741088,6.56543741088,6.56543741088,6.56543741088,6.56543741068,6.56543741068,6.565437410695,6.565437410695,6.565437410695,6.565437410695,6.565437410995,6.565437410795,6.565437410795,6.565437410695,6.565437410695,6.565437410795,6.565437410795,6.565437410795,6.565437410896,6.565437410896,6.5654374109,6.56543741073,6.56543741073,6.56543741078,6.56543741078,6.56543741078,6.56543741078,6.56543741018,6.56543741018,5.4452386135,5.4452386129,5.4452386129,5.4452386134,5.4452386133,5.44523861335,5.44523861335,5.44523861295,5.44523861295,5.4452386133,5.4452386133,3.1739840096,3.1739840096,3.1739840097,3.1739840097,2.8699546077,2.8699546072,2.8699546072,2.8699546072,2.8699546072,1.37927542109,1.37927542109,1.37927542099,1.37927542099,0,1.668777251
"t19",7.9800830466,7.98008304654,7.98008304654,7.9800830465,7.9800830462,7.9800830464,7.9800830466,7.9800830467,7.9800830467,7.9800830467,7.9800830467,6.56543741078,6.56543741078,6.56543741078,6.56543741067,6.56543741067,6.56543741077,6.56543741071,6.565437410728,6.565437410728,6.56543741075,6.56543741075,6.56543741078,6.56543741098,6.56543741078,6.56543741078,6.56543741078,6.56543741078,6.56543741078,6.56543741078,6.5654374108,6.5654374108,6.56543741088,6.56543741028,6.56543741028,6.56543741028,6.56543741109,6.56543741109,6.56543741104,6.56543741104,6.56543741078,6.56543741076,6.56543741075,6.56543741075,6.56543741088,6.56543741088,6.56543741088,6.56543741088,6.56543741088,6.56543741068,6.56543741068,6.565437410695,6.565437410695,6.565437410695,6.565437410695,6.565437410995,6.565437410795,6.565437410795,6.565437410695,6.565437410695,6.565437410795,6.565437410795,6.565437410795,6.565437410896,6.565437410896,6.5654374109,6.56543741073,6.56543741073,6.56543741078,6.56543741078,6.56543741078,6.56543741078,6.56543741018,6.56543741018,5.4452386135,5.4452386129,5.4452386129,5.4452386134,5.4452386133,5.44523861335,5.44523861335,5.44523861295,5.44523861295,5.4452386133,5.4452386133,3.1739840096,3.1739840096,3.1739840097,3.1739840097,2.8699546077,2.8699546072,2.8699546072,2.8699546072,2.8699546072,1.66877725109,1.66877725109,1.66877725099,1.66877725099,1.668777251,0
