accepted_species,estimate
t15,0.38793559272481604
t46,0.34556042369698314
t47,0.26838473232578464
t38,0.698952898683534
t39,0.5888035218889562
t26,0.2715522172277747
t57,0.28063227205517594
t44,0.030663555830620998
t61,0.12783106375606126
t73,0.4240208444201393
