accepted_species,estimate
t15,0.25858942458263723
t46,0.17640953211682128
t47,0.2413771834867093
t38,0.4772788921893172
t39,0.5918164268402988
t26,0.2399509747179782
t57,0.298607190532997
t44,0.2710572570407903
t61,0.20495399760473185
t73,0.15084737785235267
