accepted_species,estimate
t15,0.29163030176421567
t46,0.31935951280299074
t47,0.3193595128029911
t38,0.3186808822303665
t39,0.31868088223036634
t26,0.32754948100564935
t57,0.33174457080024766
t44,0.33543348766052666
t61,0.33808655909896645
t73,0.3385746660846589
