accepted_species,estimate
t15,-0.4062465
t46,-0.57848907
t47,-0.47779578
t38,0.8620528
t39,0.96274596
t26,0.025792522
t57,0.7080785
t44,0.025792522
t61,0.025792522
t73,0.7080785
