accepted_species,estimate
t64,0.1539614696286546
t48,0.02859569665487123
t21,0.24584965766546113
t92,0.5008145568041953
t96,0.4832685892273411
t94,0.6118799172795375
t85,-0.5453884107902665
t19,-1.1551102182397803
t46,0.6259258764218096
t18,0.9214650517709274
