"accepted_species","estimate"
"t64",0.646256757577716
"t48",0.867339470679084
"t21",0.0777605188261371
"t92",0.593330274662058
"t96",1.11436401929777
"t94",0.611397370046031
"t85",0.291440718197524
"t19",-0.803059749953883
"t46",-0.036919903713156
"t18",0.424495949776913
