accepted_species,estimate
t86,-0.20049023621654258
t7,0.08205957424184841
t31,0.24443550940002237
t82,0.30669032130122
t23,0.544521397331462
t54,0.46996911796785956
t20,0.5774914922677854
t47,0.6159061548731084
t62,-0.41335395239520345
t2,-0.1370007140648921
