"accepted_species","0","1"
"t89","0.000196702437043195","0.999803297562957"
"t74","0.000841232522253408","0.999158767477747"
"t92","0.000138518427497554","0.999861481572503"
"t78","0.69665080764513","0.30334919235487"
"t4","0.00329457967116132","0.996705420328839"
"t68","0.00280350546827393","0.997196494531726"
"t84","0.000540981014564328","0.999459018985436"
"t5","0.0065045652149393","0.993495434785061"
"t60","0.00151310953469837","0.998486890465302"
"t1","0.0293685396880522","0.970631460311948"
