accepted_species,0,1
t89,0.068075955,0.93192405
t74,0.0673123,0.9326877
t92,0.12151331,0.8784867
t78,0.12151331,0.8784867
t4,0.06328088,0.9367191
t68,0.11156702,0.888433
t84,0.10505074,0.89494926
t5,0.06535387,0.9346461
t60,0.08784747,0.9121525
t1,0.08784747,0.9121525
