"accepted_species","0","1"
"sp8",0.967134078779676,0.0328659212203239
"sp12",0.972031754286677,0.0279682457133232
"sp19",0.981849552342858,0.018150447657142
"sp31",0.988259282891419,0.0117407171085809
"sp33",0.989133027891111,0.010866972108889
"sp35",0.989082093663981,0.010917906336019
"sp49",0.992347144071715,0.00765285592828539
"sp86",0.998309971997802,0.00169002800219754
"sp87",0.998299399280524,0.00170060071947633
"sp91",0.998649979202585,0.00135002079741499
