accepted_species,0,1
sp8,0.999505103618816,0.0004948963811840191
sp12,0.963182350459341,0.036817649540659046
sp19,0.955141942018508,0.04485805798149204
sp31,0.9994862406327545,0.0005137593672455532
sp33,0.9999276426911838,7.23573088161269e-05
sp35,0.8742894332428663,0.1257105667571336
sp49,0.999497840357709,0.0005021596422909001
sp86,0.9399991835703015,0.060000816429698435
sp87,0.9993490566648224,0.0006509433351776041
sp91,0.9602935887156582,0.03970641128434182
