accepted_species,0,1
sp30,0.9444444444444444,0.05555555555555555
sp51,0.9444444444444444,0.05555555555555555
sp62,0.9444444444444444,0.05555555555555555
sp65,0.9444444444444444,0.05555555555555555
sp69,0.9444444444444444,0.05555555555555555
sp85,0.9444444444444444,0.05555555555555555
sp91,0.9444444444444444,0.05555555555555555
sp106,0.9444444444444444,0.05555555555555555
sp110,0.9444444444444444,0.05555555555555555
sp148,1.0,0.0
