"accepted_species","0","1"
"sp8","0.999726671191546","0.000273328808453867"
"sp12","0.999895145917113","0.000104854082887337"
"sp19","0.999743029735955","0.000256970264044685"
"sp31","0.999957950720275","4.20492797246326e-05"
"sp33","0.999987635195981","1.23648040191483e-05"
"sp35","0.999782101045619","0.000217898954380668"
"sp49","0.999956788188322","4.32118116780806e-05"
"sp86","0.999990512000944","9.48799905572169e-06"
"sp87","0.999931763593264","6.82364067363278e-05"
"sp91","0.999992438672337","7.56132766254777e-06"
