accepted_species,0,1
sp8,0.9701805,0.0298195
sp12,0.9701805,0.0298195
sp19,0.9701805,0.0298195
sp31,0.9701805,0.0298195
sp33,0.9701805,0.0298195
sp35,0.9701805,0.0298195
sp49,0.9701805,0.0298195
sp86,0.9701805,0.0298195
sp87,0.9701805,0.0298195
sp91,0.9701805,0.0298195
