accepted_species,estimate
Asclepias_albicans,-0.34937680802396226
Atractocarpus_sessilis,0.6775630039729719
Cruciata_glabra,-0.31245531522321673
Galium_angustifolium,-0.653499493450457
Galium_aparine,-0.3425984057421156
Galium_mollugo,-0.3855199480723485
Gentiana_triflora,-0.7584947485446216
Nerium_oleander,0.1101991968342167
Nertera_dichondrifolia,-0.10357904976652271
Rothmannia_urcelliformis,0.6159148087190478
