accepted_species,0
Asclepias_albicans,-0.3723924550878877
Atractocarpus_sessilis,0.8585874999741446
Cruciata_glabra,-0.4038262676043954
Galium_angustifolium,-0.4044531584795941
Galium_aparine,-0.4047790620127799
Galium_mollugo,-0.4049669125732044
Gentiana_triflora,-0.4224251441501005
Nerium_oleander,-0.24273733774673986
Nertera_dichondrifolia,-0.3201347058812782
Rothmannia_urcelliformis,0.8369674928982166
