accepted_species,0,1
sp435,0.062069952,0.93793005
sp450,0.17365438,0.8263456
sp485,0.17365438,0.8263456
sp519,0.1363455,0.8636545
sp549,0.11565745,0.88434255
sp557,0.23358268,0.7664173
sp558,0.1363455,0.8636545
sp575,0.11874223,0.8812578
sp576,0.1000762,0.8999238
sp587,0.11874223,0.8812578
