accepted_species,0,1
sp435,0.087952375,0.9120476
sp450,0.087952375,0.9120476
sp485,0.2567023,0.7432977
sp519,0.2567023,0.7432977
sp549,0.093171895,0.9068281
sp557,0.2567023,0.7432977
sp558,0.2567023,0.7432977
sp575,0.087952375,0.9120476
sp576,0.2567023,0.7432977
sp587,0.2567023,0.7432977
