"accepted_species","0","1"
"sp34",0.962153315461486,0.037846684538514
"sp41",0.962183118861911,0.0378168811380891
"sp56",0.962617785433557,0.0373822145664425
"sp64",0.964117507118226,0.0358824928817738
"sp67",0.962153315461486,0.037846684538514
"sp71",0.965118952428563,0.0348810475714367
"sp87",0.965499132361454,0.0345008676385461
"sp88",0.965499132361454,0.0345008676385461
"sp128",0.990289537887058,0.00971046211294253
"sp132",0.996662171234088,0.00333782876591164
