accepted_species,0,1
sp34,0.9922058389203107,0.0077941610796893445
sp41,0.9994775778673024,0.0005224221326975457
sp56,0.9994812263333561,0.0005187736666439286
sp64,0.9853339172473299,0.014666082752670083
sp67,0.9927105763509789,0.007289423649021036
sp71,0.9697021047727955,0.030297895227204504
sp87,0.9580202571188293,0.04197974288117068
sp88,0.9546450598715471,0.04535494012845285
sp128,0.9988450795314106,0.0011549204685894867
sp132,0.9787124062429365,0.021287593757063506
