accepted_species,0,1
sp34,0.99793303,0.002066946
sp41,0.99793303,0.002066946
sp56,0.99793303,0.002066946
sp64,0.99793303,0.002066946
sp67,0.99793303,0.002066946
sp71,0.99793303,0.002066946
sp87,0.99793303,0.002066946
sp88,0.99793303,0.002066946
sp128,0.99793303,0.002066946
sp132,0.99758184,0.0024181423
