accepted_species,0,1
sp36,0.0861855860702988,0.9138144139297012
sp48,0.05882391579152113,0.9411760842084789
sp49,0.09455850251395526,0.9054414974860447
sp60,0.07611529701599062,0.9238847029840094
sp72,0.09268732565496662,0.9073126743450334
sp81,0.10555751554328241,0.8944424844567176
sp97,0.05589103161905762,0.9441089683809424
sp104,0.05222317191490622,0.9477768280850938
sp107,0.05210916189554704,0.947890838104453
sp117,0.06593350316334412,0.9340664968366559
