accepted_species,0,1
sp36,0.030202031,0.96979797
sp48,0.019751012,0.980249
sp49,0.06458908,0.9354109
sp60,0.0440771,0.9559229
sp72,0.039168894,0.9608311
sp81,0.06458908,0.9354109
sp97,0.017396271,0.9826037
sp104,0.017396271,0.9826037
sp107,0.0129265785,0.9870734
sp117,0.019751012,0.980249
