accepted_species,estimate
t100,-0.8314165054250451
t68,1.0480923706556415
t20,1.0148802485183817
t21,1.0148802485183799
t1,0.34913613750978334
t7,-0.3667062473611079
t54,-0.48430228205135817
t22,-0.045231642552764115
t60,-0.04482285210427246
t70,-0.05062581945772035
