"accepted_species","estimate"
"t127",1.32694548983214
"t128",1.32694548983214
"t71",1.32694548983214
"t74",1.32694548983214
"t75",1.32694548983214
"t108",1.58198377009166
"t123",0.965523889186927
"t124",0.965523889186927
"t68",0.965523889186927
"t55",0.965523889186927
"t69",0.965523889186927
"t70",0.965523889186927
"t40",0.965523889186927
"t21",0.870955853251997
