accepted_species,0,1
t228,0.21661710353122832,0.7833828964687717
t270,0.18784698692848134,0.8121530130715187
t294,0.22869386506937417,0.7713061349306258
t298,0.2046179950170175,0.7953820049829825
t304,0.6241855011527415,0.3758144988472584
t305,0.6327915996244,0.3672084003756
t326,0.5648075670915399,0.4351924329084601
t328,0.5929446540731456,0.40705534592685444
t344,0.31674435877531815,0.6832556412246819
t349,0.5966083496828882,0.40339165031711177
