accepted_species,0,1
t41,0.45321893615503084,0.5467810638449692
t42,0.4531419352183317,0.5468580647816683
t52,0.453197198584278,0.546802801415722
t55,0.45319424188779733,0.5468057581122027
t65,0.4531321215257109,0.5468678784742891
t77,0.4531978964483022,0.5468021035516978
t92,0.4531814886201757,0.5468185113798243
t93,0.4531814886201757,0.5468185113798243
t121,0.45315654384401716,0.5468434561559828
t125,0.4531138040358095,0.5468861959641905
