"accepted_species","0","1"
"t228","0.499999999399912","0.500000000600088"
"t270","0.463323421661121","0.536676578338879"
"t294","0.398670291340997","0.601329708659003"
"t298","0.476288555940542","0.523711444059458"
"t304","0.500744550370006","0.499255449629994"
"t305","0.500744550370006","0.499255449629994"
"t326","0.897428973361743","0.102571026638257"
"t328","0.90091767255974","0.0990823274402605"
"t344","0.130241446016081","0.869758553983919"
"t349","0.986417223677006","0.0135827763229936"
