accepted_species,0,1
t41,0.26749533,0.73250467
t42,0.26249313,0.73750687
t52,0.28193396,0.71806604
t55,0.32801723,0.67198277
t65,0.25528806,0.74471194
t77,0.26104802,0.738952
t92,0.26934153,0.7306585
t93,0.2726518,0.7273482
t121,0.25528806,0.74471194
t125,0.27069175,0.72930825
