accepted_species,0,1
t228,0.2765088,0.7234912
t270,0.2942282,0.7057718
t294,0.29828954,0.70171046
t298,0.4717968,0.5282032
t304,0.5244309,0.47556916
t305,0.5244309,0.47556916
t326,0.60863304,0.39136693
t328,0.59480023,0.4051998
t344,0.5732731,0.42672688
t349,0.60863304,0.39136693
