accepted_species,0,1
sp61,0.4092670890988842,0.5907329109011158
sp139,0.41413913106033984,0.5858608689396602
sp186,0.420911719931766,0.579088280068234
sp211,0.3996116455256411,0.6003883544743589
sp224,0.5322929812478499,0.4677070187521502
sp236,0.4227150510336727,0.5772849489663273
sp239,0.2908037940931625,0.7091962059068375
sp241,0.4212223733790086,0.5787776266209914
sp249,0.46465952274113753,0.5353404772588625
sp256,0.29146181420447037,0.7085381857955296
