accepted_species,0,1
sp61,0.35926676,0.64073324
sp139,0.56615496,0.43384507
sp186,0.3338251,0.6661749
sp211,0.5211474,0.47885266
sp224,0.61944,0.38055998
sp236,0.37919092,0.6208091
sp239,0.27803004,0.72196996
sp241,0.30578822,0.6942118
sp249,0.50358474,0.4964153
sp256,0.27532905,0.72467095
