"","t99","t100","t57","t85","t86","t93","t94","t31","t48","t49","t91","t92","t5","t6","t12","t13","t95","t96","t61","t62","t52","t53","t71","t72","t83","t84","t9","t35","t97","t98","t15","t55","t56","t18","t58","t65","t66","t42","t14","t26","t27","t25","t19","t20","t54","t67","t68","t64","t63","t50","t51","t47","t78","t79","t22","t29","t30","t33","t34","t28","t24","t4","t7","t8","t59","t60","t89","t90","t82","t39","t21","t10","t11","t1","t36","t37","t87","t88","t80","t81","t23","t17","t16","t43","t44","t2","t45","t46","t76","t77","t75","t3","t69","t70","t73","t74","t38","t40","t41","t32"
"t99",0,0.004719788702,0.628892514551,1.693536073151,1.693536073151,1.693536073141,1.693536073141,1.693536073151,1.693536073091,1.693536073091,1.790912362441,1.790912362441,3.340635085271,3.340635085271,3.947700675031,3.947700675031,5.063412972381,5.063412972381,5.063412972331,5.063412972331,5.063412972131,5.063412972131,5.063412972301,5.063412972301,5.063412972301,5.063412972301,5.063412972431,5.063412972331,5.063412972361,5.063412972361,5.063412972031,5.063412972541,5.063412972541,5.063412972311,5.063412972311,5.063412972311,5.063412972311,5.063412972311,5.063412971811,5.063412972349,5.063412972349,5.063412972311,5.749277715011,5.749277715011,5.749277714911,5.749277714931,5.749277714931,5.749277714861,5.749277714931,5.749277714941,5.749277714941,5.749277714951,5.749277714881,5.749277714881,5.749277715011,5.749277714871,5.749277714871,5.749277715001,5.749277715001,5.749277715001,5.749277714971,5.749277714651,5.749277714251,5.749277715051,5.749277715051,5.749277715051,5.749277714751,5.749277714751,5.749277714741,5.749277714671,5.749277714671,5.749277714771,5.749277714771,5.749277714561,8.802145622931,8.802145622931,8.802145622811,8.802145622811,8.802145622431,8.802145622431,8.802145622431,8.802145622431,8.802145622231,8.802145622431,8.802145622431,8.802145622431,8.802145622631,8.802145622631,8.8021456225938,8.8021456225938,8.802145622631,8.802145622356,8.802145622356,8.802145622356,8.802145622356,8.802145622356,8.802145622356,8.802145622356,8.802145622356,8.802145622356
"t100",0.004719788702,0,0.628892514551,1.693536073151,1.693536073151,1.693536073141,1.693536073141,1.693536073151,1.693536073091,1.693536073091,1.790912362441,1.790912362441,3.340635085271,3.340635085271,3.947700675031,3.947700675031,5.063412972381,5.063412972381,5.063412972331,5.063412972331,5.063412972131,5.063412972131,5.063412972301,5.063412972301,5.063412972301,5.063412972301,5.063412972431,5.063412972331,5.063412972361,5.063412972361,5.063412972031,5.063412972541,5.063412972541,5.063412972311,5.063412972311,5.063412972311,5.063412972311,5.063412972311,5.063412971811,5.063412972349,5.063412972349,5.063412972311,5.749277715011,5.749277715011,5.749277714911,5.749277714931,5.749277714931,5.749277714861,5.749277714931,5.749277714941,5.749277714941,5.749277714951,5.749277714881,5.749277714881,5.749277715011,5.749277714871,5.749277714871,5.749277715001,5.749277715001,5.749277715001,5.749277714971,5.749277714651,5.749277714251,5.749277715051,5.749277715051,5.749277715051,5.749277714751,5.749277714751,5.749277714741,5.749277714671,5.749277714671,5.749277714771,5.749277714771,5.749277714561,8.802145622931,8.802145622931,8.802145622811,8.802145622811,8.802145622431,8.802145622431,8.802145622431,8.802145622431,8.802145622231,8.802145622431,8.802145622431,8.802145622431,8.802145622631,8.802145622631,8.8021456225938,8.8021456225938,8.802145622631,8.802145622356,8.802145622356,8.802145622356,8.802145622356,8.802145622356,8.802145622356,8.802145622356,8.802145622356,8.802145622356
"t57",0.628892514551,0.628892514551,0,1.6935360732,1.6935360732,1.69353607319,1.69353607319,1.6935360732,1.69353607314,1.69353607314,1.79091236249,1.79091236249,3.34063508532,3.34063508532,3.94770067508,3.94770067508,5.06341297243,5.06341297243,5.06341297238,5.06341297238,5.06341297218,5.06341297218,5.06341297235,5.06341297235,5.06341297235,5.06341297235,5.06341297248,5.06341297238,5.06341297241,5.06341297241,5.06341297208,5.06341297259,5.06341297259,5.06341297236,5.06341297236,5.06341297236,5.06341297236,5.06341297236,5.06341297186,5.063412972398,5.063412972398,5.06341297236,5.74927771506,5.74927771506,5.74927771496,5.74927771498,5.74927771498,5.74927771491,5.74927771498,5.74927771499,5.74927771499,5.749277715,5.74927771493,5.74927771493,5.74927771506,5.74927771492,5.74927771492,5.74927771505,5.74927771505,5.74927771505,5.74927771502,5.7492777147,5.7492777143,5.7492777151,5.7492777151,5.7492777151,5.7492777148,5.7492777148,5.74927771479,5.74927771472,5.74927771472,5.74927771482,5.74927771482,5.74927771461,8.80214562298,8.80214562298,8.80214562286,8.80214562286,8.80214562248,8.80214562248,8.80214562248,8.80214562248,8.80214562228,8.80214562248,8.80214562248,8.80214562248,8.80214562268,8.80214562268,8.8021456226428,8.8021456226428,8.80214562268,8.802145622405,8.802145622405,8.802145622405,8.802145622405,8.802145622405,8.802145622405,8.802145622405,8.802145622405,8.802145622405
"t85",1.693536073151,1.693536073151,1.6935360732,0,0.07887484006,1.54014346885,1.54014346885,1.54014346886,1.66307664086,1.66307664086,1.79091236249,1.79091236249,3.34063508532,3.34063508532,3.94770067508,3.94770067508,5.06341297243,5.06341297243,5.06341297238,5.06341297238,5.06341297218,5.06341297218,5.06341297235,5.06341297235,5.06341297235,5.06341297235,5.06341297248,5.06341297238,5.06341297241,5.06341297241,5.06341297208,5.06341297259,5.06341297259,5.06341297236,5.06341297236,5.06341297236,5.06341297236,5.06341297236,5.06341297186,5.063412972398,5.063412972398,5.06341297236,5.74927771506,5.74927771506,5.74927771496,5.74927771498,5.74927771498,5.74927771491,5.74927771498,5.74927771499,5.74927771499,5.749277715,5.74927771493,5.74927771493,5.74927771506,5.74927771492,5.74927771492,5.74927771505,5.74927771505,5.74927771505,5.74927771502,5.7492777147,5.7492777143,5.7492777151,5.7492777151,5.7492777151,5.7492777148,5.7492777148,5.74927771479,5.74927771472,5.74927771472,5.74927771482,5.74927771482,5.74927771461,8.80214562298,8.80214562298,8.80214562286,8.80214562286,8.80214562248,8.80214562248,8.80214562248,8.80214562248,8.80214562228,8.80214562248,8.80214562248,8.80214562248,8.80214562268,8.80214562268,8.8021456226428,8.8021456226428,8.80214562268,8.802145622405,8.802145622405,8.802145622405,8.802145622405,8.802145622405,8.802145622405,8.802145622405,8.802145622405,8.802145622405
"t86",1.693536073151,1.693536073151,1.6935360732,0.07887484006,0,1.54014346885,1.54014346885,1.54014346886,1.66307664086,1.66307664086,1.79091236249,1.79091236249,3.34063508532,3.34063508532,3.94770067508,3.94770067508,5.06341297243,5.06341297243,5.06341297238,5.06341297238,5.06341297218,5.06341297218,5.06341297235,5.06341297235,5.06341297235,5.06341297235,5.06341297248,5.06341297238,5.06341297241,5.06341297241,5.06341297208,5.06341297259,5.06341297259,5.06341297236,5.06341297236,5.06341297236,5.06341297236,5.06341297236,5.06341297186,5.063412972398,5.063412972398,5.06341297236,5.74927771506,5.74927771506,5.74927771496,5.74927771498,5.74927771498,5.74927771491,5.74927771498,5.74927771499,5.74927771499,5.749277715,5.74927771493,5.74927771493,5.74927771506,5.74927771492,5.74927771492,5.74927771505,5.74927771505,5.74927771505,5.74927771502,5.7492777147,5.7492777143,5.7492777151,5.7492777151,5.7492777151,5.7492777148,5.7492777148,5.74927771479,5.74927771472,5.74927771472,5.74927771482,5.74927771482,5.74927771461,8.80214562298,8.80214562298,8.80214562286,8.80214562286,8.80214562248,8.80214562248,8.80214562248,8.80214562248,8.80214562228,8.80214562248,8.80214562248,8.80214562248,8.80214562268,8.80214562268,8.8021456226428,8.8021456226428,8.80214562268,8.802145622405,8.802145622405,8.802145622405,8.802145622405,8.802145622405,8.802145622405,8.802145622405,8.802145622405,8.802145622405
"t93",1.693536073141,1.693536073141,1.69353607319,1.54014346885,1.54014346885,0,0.06154052418,1.38893485419,1.66307664085,1.66307664085,1.79091236248,1.79091236248,3.34063508531,3.34063508531,3.94770067507,3.94770067507,5.06341297242,5.06341297242,5.06341297237,5.06341297237,5.06341297217,5.06341297217,5.06341297234,5.06341297234,5.06341297234,5.06341297234,5.06341297247,5.06341297237,5.0634129724,5.0634129724,5.06341297207,5.06341297258,5.06341297258,5.06341297235,5.06341297235,5.06341297235,5.06341297235,5.06341297235,5.06341297185,5.063412972388,5.063412972388,5.06341297235,5.74927771505,5.74927771505,5.74927771495,5.74927771497,5.74927771497,5.7492777149,5.74927771497,5.74927771498,5.74927771498,5.74927771499,5.74927771492,5.74927771492,5.74927771505,5.74927771491,5.74927771491,5.74927771504,5.74927771504,5.74927771504,5.74927771501,5.74927771469,5.74927771429,5.74927771509,5.74927771509,5.74927771509,5.74927771479,5.74927771479,5.74927771478,5.74927771471,5.74927771471,5.74927771481,5.74927771481,5.7492777146,8.80214562297,8.80214562297,8.80214562285,8.80214562285,8.80214562247,8.80214562247,8.80214562247,8.80214562247,8.80214562227,8.80214562247,8.80214562247,8.80214562247,8.80214562267,8.80214562267,8.8021456226328,8.8021456226328,8.80214562267,8.802145622395,8.802145622395,8.802145622395,8.802145622395,8.802145622395,8.802145622395,8.802145622395,8.802145622395,8.802145622395
"t94",1.693536073141,1.693536073141,1.69353607319,1.54014346885,1.54014346885,0.06154052418,0,1.38893485419,1.66307664085,1.66307664085,1.79091236248,1.79091236248,3.34063508531,3.34063508531,3.94770067507,3.94770067507,5.06341297242,5.06341297242,5.06341297237,5.06341297237,5.06341297217,5.06341297217,5.06341297234,5.06341297234,5.06341297234,5.06341297234,5.06341297247,5.06341297237,5.0634129724,5.0634129724,5.06341297207,5.06341297258,5.06341297258,5.06341297235,5.06341297235,5.06341297235,5.06341297235,5.06341297235,5.06341297185,5.063412972388,5.063412972388,5.06341297235,5.74927771505,5.74927771505,5.74927771495,5.74927771497,5.74927771497,5.7492777149,5.74927771497,5.74927771498,5.74927771498,5.74927771499,5.74927771492,5.74927771492,5.74927771505,5.74927771491,5.74927771491,5.74927771504,5.74927771504,5.74927771504,5.74927771501,5.74927771469,5.74927771429,5.74927771509,5.74927771509,5.74927771509,5.74927771479,5.74927771479,5.74927771478,5.74927771471,5.74927771471,5.74927771481,5.74927771481,5.7492777146,8.80214562297,8.80214562297,8.80214562285,8.80214562285,8.80214562247,8.80214562247,8.80214562247,8.80214562247,8.80214562227,8.80214562247,8.80214562247,8.80214562247,8.80214562267,8.80214562267,8.8021456226328,8.8021456226328,8.80214562267,8.802145622395,8.802145622395,8.802145622395,8.802145622395,8.802145622395,8.802145622395,8.802145622395,8.802145622395,8.802145622395
"t31",1.693536073151,1.693536073151,1.6935360732,1.54014346886,1.54014346886,1.38893485419,1.38893485419,0,1.66307664086,1.66307664086,1.79091236249,1.79091236249,3.34063508532,3.34063508532,3.94770067508,3.94770067508,5.06341297243,5.06341297243,5.06341297238,5.06341297238,5.06341297218,5.06341297218,5.06341297235,5.06341297235,5.06341297235,5.06341297235,5.06341297248,5.06341297238,5.06341297241,5.06341297241,5.06341297208,5.06341297259,5.06341297259,5.06341297236,5.06341297236,5.06341297236,5.06341297236,5.06341297236,5.06341297186,5.063412972398,5.063412972398,5.06341297236,5.74927771506,5.74927771506,5.74927771496,5.74927771498,5.74927771498,5.74927771491,5.74927771498,5.74927771499,5.74927771499,5.749277715,5.74927771493,5.74927771493,5.74927771506,5.74927771492,5.74927771492,5.74927771505,5.74927771505,5.74927771505,5.74927771502,5.7492777147,5.7492777143,5.7492777151,5.7492777151,5.7492777151,5.7492777148,5.7492777148,5.74927771479,5.74927771472,5.74927771472,5.74927771482,5.74927771482,5.74927771461,8.80214562298,8.80214562298,8.80214562286,8.80214562286,8.80214562248,8.80214562248,8.80214562248,8.80214562248,8.80214562228,8.80214562248,8.80214562248,8.80214562248,8.80214562268,8.80214562268,8.8021456226428,8.8021456226428,8.80214562268,8.802145622405,8.802145622405,8.802145622405,8.802145622405,8.802145622405,8.802145622405,8.802145622405,8.802145622405,8.802145622405
"t48",1.693536073091,1.693536073091,1.69353607314,1.66307664086,1.66307664086,1.66307664085,1.66307664085,1.66307664086,0,0.7408200942,1.79091236243,1.79091236243,3.34063508526,3.34063508526,3.94770067502,3.94770067502,5.06341297237,5.06341297237,5.06341297232,5.06341297232,5.06341297212,5.06341297212,5.06341297229,5.06341297229,5.06341297229,5.06341297229,5.06341297242,5.06341297232,5.06341297235,5.06341297235,5.06341297202,5.06341297253,5.06341297253,5.0634129723,5.0634129723,5.0634129723,5.0634129723,5.0634129723,5.0634129718,5.063412972338,5.063412972338,5.0634129723,5.749277715,5.749277715,5.7492777149,5.74927771492,5.74927771492,5.74927771485,5.74927771492,5.74927771493,5.74927771493,5.74927771494,5.74927771487,5.74927771487,5.749277715,5.74927771486,5.74927771486,5.74927771499,5.74927771499,5.74927771499,5.74927771496,5.74927771464,5.74927771424,5.74927771504,5.74927771504,5.74927771504,5.74927771474,5.74927771474,5.74927771473,5.74927771466,5.74927771466,5.74927771476,5.74927771476,5.74927771455,8.80214562292,8.80214562292,8.8021456228,8.8021456228,8.80214562242,8.80214562242,8.80214562242,8.80214562242,8.80214562222,8.80214562242,8.80214562242,8.80214562242,8.80214562262,8.80214562262,8.8021456225828,8.8021456225828,8.80214562262,8.802145622345,8.802145622345,8.802145622345,8.802145622345,8.802145622345,8.802145622345,8.802145622345,8.802145622345,8.802145622345
"t49",1.693536073091,1.693536073091,1.69353607314,1.66307664086,1.66307664086,1.66307664085,1.66307664085,1.66307664086,0.7408200942,0,1.79091236243,1.79091236243,3.34063508526,3.34063508526,3.94770067502,3.94770067502,5.06341297237,5.06341297237,5.06341297232,5.06341297232,5.06341297212,5.06341297212,5.06341297229,5.06341297229,5.06341297229,5.06341297229,5.06341297242,5.06341297232,5.06341297235,5.06341297235,5.06341297202,5.06341297253,5.06341297253,5.0634129723,5.0634129723,5.0634129723,5.0634129723,5.0634129723,5.0634129718,5.063412972338,5.063412972338,5.0634129723,5.749277715,5.749277715,5.7492777149,5.74927771492,5.74927771492,5.74927771485,5.74927771492,5.74927771493,5.74927771493,5.74927771494,5.74927771487,5.74927771487,5.749277715,5.74927771486,5.74927771486,5.74927771499,5.74927771499,5.74927771499,5.74927771496,5.74927771464,5.74927771424,5.74927771504,5.74927771504,5.74927771504,5.74927771474,5.74927771474,5.74927771473,5.74927771466,5.74927771466,5.74927771476,5.74927771476,5.74927771455,8.80214562292,8.80214562292,8.8021456228,8.8021456228,8.80214562242,8.80214562242,8.80214562242,8.80214562242,8.80214562222,8.80214562242,8.80214562242,8.80214562242,8.80214562262,8.80214562262,8.8021456225828,8.8021456225828,8.80214562262,8.802145622345,8.802145622345,8.802145622345,8.802145622345,8.802145622345,8.802145622345,8.802145622345,8.802145622345,8.802145622345
"t91",1.790912362441,1.790912362441,1.79091236249,1.79091236249,1.79091236249,1.79091236248,1.79091236248,1.79091236249,1.79091236243,1.79091236243,0,0.06324532202,3.34063508525,3.34063508525,3.94770067501,3.94770067501,5.06341297236,5.06341297236,5.06341297231,5.06341297231,5.06341297211,5.06341297211,5.06341297228,5.06341297228,5.06341297228,5.06341297228,5.06341297241,5.06341297231,5.06341297234,5.06341297234,5.06341297201,5.06341297252,5.06341297252,5.06341297229,5.06341297229,5.06341297229,5.06341297229,5.06341297229,5.06341297179,5.063412972328,5.063412972328,5.06341297229,5.74927771499,5.74927771499,5.74927771489,5.74927771491,5.74927771491,5.74927771484,5.74927771491,5.74927771492,5.74927771492,5.74927771493,5.74927771486,5.74927771486,5.74927771499,5.74927771485,5.74927771485,5.74927771498,5.74927771498,5.74927771498,5.74927771495,5.74927771463,5.74927771423,5.74927771503,5.74927771503,5.74927771503,5.74927771473,5.74927771473,5.74927771472,5.74927771465,5.74927771465,5.74927771475,5.74927771475,5.74927771454,8.80214562291,8.80214562291,8.80214562279,8.80214562279,8.80214562241,8.80214562241,8.80214562241,8.80214562241,8.80214562221,8.80214562241,8.80214562241,8.80214562241,8.80214562261,8.80214562261,8.8021456225728,8.8021456225728,8.80214562261,8.802145622335,8.802145622335,8.802145622335,8.802145622335,8.802145622335,8.802145622335,8.802145622335,8.802145622335,8.802145622335
"t92",1.790912362441,1.790912362441,1.79091236249,1.79091236249,1.79091236249,1.79091236248,1.79091236248,1.79091236249,1.79091236243,1.79091236243,0.06324532202,0,3.34063508525,3.34063508525,3.94770067501,3.94770067501,5.06341297236,5.06341297236,5.06341297231,5.06341297231,5.06341297211,5.06341297211,5.06341297228,5.06341297228,5.06341297228,5.06341297228,5.06341297241,5.06341297231,5.06341297234,5.06341297234,5.06341297201,5.06341297252,5.06341297252,5.06341297229,5.06341297229,5.06341297229,5.06341297229,5.06341297229,5.06341297179,5.063412972328,5.063412972328,5.06341297229,5.74927771499,5.74927771499,5.74927771489,5.74927771491,5.74927771491,5.74927771484,5.74927771491,5.74927771492,5.74927771492,5.74927771493,5.74927771486,5.74927771486,5.74927771499,5.74927771485,5.74927771485,5.74927771498,5.74927771498,5.74927771498,5.74927771495,5.74927771463,5.74927771423,5.74927771503,5.74927771503,5.74927771503,5.74927771473,5.74927771473,5.74927771472,5.74927771465,5.74927771465,5.74927771475,5.74927771475,5.74927771454,8.80214562291,8.80214562291,8.80214562279,8.80214562279,8.80214562241,8.80214562241,8.80214562241,8.80214562241,8.80214562221,8.80214562241,8.80214562241,8.80214562241,8.80214562261,8.80214562261,8.8021456225728,8.8021456225728,8.80214562261,8.802145622335,8.802145622335,8.802145622335,8.802145622335,8.802145622335,8.802145622335,8.802145622335,8.802145622335,8.802145622335
"t5",3.340635085271,3.340635085271,3.34063508532,3.34063508532,3.34063508532,3.34063508531,3.34063508531,3.34063508532,3.34063508526,3.34063508526,3.34063508525,3.34063508525,0,3.15609603,3.94770067544,3.94770067544,5.06341297279,5.06341297279,5.06341297274,5.06341297274,5.06341297254,5.06341297254,5.06341297271,5.06341297271,5.06341297271,5.06341297271,5.06341297284,5.06341297274,5.06341297277,5.06341297277,5.06341297244,5.06341297295,5.06341297295,5.06341297272,5.06341297272,5.06341297272,5.06341297272,5.06341297272,5.06341297222,5.063412972758,5.063412972758,5.06341297272,5.74927771542,5.74927771542,5.74927771532,5.74927771534,5.74927771534,5.74927771527,5.74927771534,5.74927771535,5.74927771535,5.74927771536,5.74927771529,5.74927771529,5.74927771542,5.74927771528,5.74927771528,5.74927771541,5.74927771541,5.74927771541,5.74927771538,5.74927771506,5.74927771466,5.74927771546,5.74927771546,5.74927771546,5.74927771516,5.74927771516,5.74927771515,5.74927771508,5.74927771508,5.74927771518,5.74927771518,5.74927771497,8.80214562334,8.80214562334,8.80214562322,8.80214562322,8.80214562284,8.80214562284,8.80214562284,8.80214562284,8.80214562264,8.80214562284,8.80214562284,8.80214562284,8.80214562304,8.80214562304,8.8021456230028,8.8021456230028,8.80214562304,8.802145622765,8.802145622765,8.802145622765,8.802145622765,8.802145622765,8.802145622765,8.802145622765,8.802145622765,8.802145622765
"t6",3.340635085271,3.340635085271,3.34063508532,3.34063508532,3.34063508532,3.34063508531,3.34063508531,3.34063508532,3.34063508526,3.34063508526,3.34063508525,3.34063508525,3.15609603,0,3.94770067544,3.94770067544,5.06341297279,5.06341297279,5.06341297274,5.06341297274,5.06341297254,5.06341297254,5.06341297271,5.06341297271,5.06341297271,5.06341297271,5.06341297284,5.06341297274,5.06341297277,5.06341297277,5.06341297244,5.06341297295,5.06341297295,5.06341297272,5.06341297272,5.06341297272,5.06341297272,5.06341297272,5.06341297222,5.063412972758,5.063412972758,5.06341297272,5.74927771542,5.74927771542,5.74927771532,5.74927771534,5.74927771534,5.74927771527,5.74927771534,5.74927771535,5.74927771535,5.74927771536,5.74927771529,5.74927771529,5.74927771542,5.74927771528,5.74927771528,5.74927771541,5.74927771541,5.74927771541,5.74927771538,5.74927771506,5.74927771466,5.74927771546,5.74927771546,5.74927771546,5.74927771516,5.74927771516,5.74927771515,5.74927771508,5.74927771508,5.74927771518,5.74927771518,5.74927771497,8.80214562334,8.80214562334,8.80214562322,8.80214562322,8.80214562284,8.80214562284,8.80214562284,8.80214562284,8.80214562264,8.80214562284,8.80214562284,8.80214562284,8.80214562304,8.80214562304,8.8021456230028,8.8021456230028,8.80214562304,8.802145622765,8.802145622765,8.802145622765,8.802145622765,8.802145622765,8.802145622765,8.802145622765,8.802145622765,8.802145622765
"t12",3.947700675031,3.947700675031,3.94770067508,3.94770067508,3.94770067508,3.94770067507,3.94770067507,3.94770067508,3.94770067502,3.94770067502,3.94770067501,3.94770067501,3.94770067544,3.94770067544,0,2.172924268,5.06341297215,5.06341297215,5.0634129721,5.0634129721,5.0634129719,5.0634129719,5.06341297207,5.06341297207,5.06341297207,5.06341297207,5.0634129722,5.0634129721,5.06341297213,5.06341297213,5.0634129718,5.06341297231,5.06341297231,5.06341297208,5.06341297208,5.06341297208,5.06341297208,5.06341297208,5.06341297158,5.063412972118,5.063412972118,5.06341297208,5.74927771478,5.74927771478,5.74927771468,5.7492777147,5.7492777147,5.74927771463,5.7492777147,5.74927771471,5.74927771471,5.74927771472,5.74927771465,5.74927771465,5.74927771478,5.74927771464,5.74927771464,5.74927771477,5.74927771477,5.74927771477,5.74927771474,5.74927771442,5.74927771402,5.74927771482,5.74927771482,5.74927771482,5.74927771452,5.74927771452,5.74927771451,5.74927771444,5.74927771444,5.74927771454,5.74927771454,5.74927771433,8.8021456227,8.8021456227,8.80214562258,8.80214562258,8.8021456222,8.8021456222,8.8021456222,8.8021456222,8.802145622,8.8021456222,8.8021456222,8.8021456222,8.8021456224,8.8021456224,8.8021456223628,8.8021456223628,8.8021456224,8.802145622125,8.802145622125,8.802145622125,8.802145622125,8.802145622125,8.802145622125,8.802145622125,8.802145622125,8.802145622125
"t13",3.947700675031,3.947700675031,3.94770067508,3.94770067508,3.94770067508,3.94770067507,3.94770067507,3.94770067508,3.94770067502,3.94770067502,3.94770067501,3.94770067501,3.94770067544,3.94770067544,2.172924268,0,5.06341297215,5.06341297215,5.0634129721,5.0634129721,5.0634129719,5.0634129719,5.06341297207,5.06341297207,5.06341297207,5.06341297207,5.0634129722,5.0634129721,5.06341297213,5.06341297213,5.0634129718,5.06341297231,5.06341297231,5.06341297208,5.06341297208,5.06341297208,5.06341297208,5.06341297208,5.06341297158,5.063412972118,5.063412972118,5.06341297208,5.74927771478,5.74927771478,5.74927771468,5.7492777147,5.7492777147,5.74927771463,5.7492777147,5.74927771471,5.74927771471,5.74927771472,5.74927771465,5.74927771465,5.74927771478,5.74927771464,5.74927771464,5.74927771477,5.74927771477,5.74927771477,5.74927771474,5.74927771442,5.74927771402,5.74927771482,5.74927771482,5.74927771482,5.74927771452,5.74927771452,5.74927771451,5.74927771444,5.74927771444,5.74927771454,5.74927771454,5.74927771433,8.8021456227,8.8021456227,8.80214562258,8.80214562258,8.8021456222,8.8021456222,8.8021456222,8.8021456222,8.802145622,8.8021456222,8.8021456222,8.8021456222,8.8021456224,8.8021456224,8.8021456223628,8.8021456223628,8.8021456224,8.802145622125,8.802145622125,8.802145622125,8.802145622125,8.802145622125,8.802145622125,8.802145622125,8.802145622125,8.802145622125
"t95",5.063412972381,5.063412972381,5.06341297243,5.06341297243,5.06341297243,5.06341297242,5.06341297242,5.06341297243,5.06341297237,5.06341297237,5.06341297236,5.06341297236,5.06341297279,5.06341297279,5.06341297215,5.06341297215,0,0.0429033283,1.23396749325,1.23396749325,4.77768120705,4.77768120705,4.77768120722,4.77768120722,4.77768120722,4.77768120722,4.77768120735,4.77768120725,4.77768120728,4.77768120728,4.77768120695,4.77768120746,4.77768120746,4.77768120723,4.77768120723,4.77768120723,4.77768120723,4.77768120723,4.77768120673,4.777681207268,4.777681207268,4.77768120723,5.74927771513,5.74927771513,5.74927771503,5.74927771505,5.74927771505,5.74927771498,5.74927771505,5.74927771506,5.74927771506,5.74927771507,5.749277715,5.749277715,5.74927771513,5.74927771499,5.74927771499,5.74927771512,5.74927771512,5.74927771512,5.74927771509,5.74927771477,5.74927771437,5.74927771517,5.74927771517,5.74927771517,5.74927771487,5.74927771487,5.74927771486,5.74927771479,5.74927771479,5.74927771489,5.74927771489,5.74927771468,8.80214562305,8.80214562305,8.80214562293,8.80214562293,8.80214562255,8.80214562255,8.80214562255,8.80214562255,8.80214562235,8.80214562255,8.80214562255,8.80214562255,8.80214562275,8.80214562275,8.8021456227128,8.8021456227128,8.80214562275,8.802145622475,8.802145622475,8.802145622475,8.802145622475,8.802145622475,8.802145622475,8.802145622475,8.802145622475,8.802145622475
"t96",5.063412972381,5.063412972381,5.06341297243,5.06341297243,5.06341297243,5.06341297242,5.06341297242,5.06341297243,5.06341297237,5.06341297237,5.06341297236,5.06341297236,5.06341297279,5.06341297279,5.06341297215,5.06341297215,0.0429033283,0,1.23396749325,1.23396749325,4.77768120705,4.77768120705,4.77768120722,4.77768120722,4.77768120722,4.77768120722,4.77768120735,4.77768120725,4.77768120728,4.77768120728,4.77768120695,4.77768120746,4.77768120746,4.77768120723,4.77768120723,4.77768120723,4.77768120723,4.77768120723,4.77768120673,4.777681207268,4.777681207268,4.77768120723,5.74927771513,5.74927771513,5.74927771503,5.74927771505,5.74927771505,5.74927771498,5.74927771505,5.74927771506,5.74927771506,5.74927771507,5.749277715,5.749277715,5.74927771513,5.74927771499,5.74927771499,5.74927771512,5.74927771512,5.74927771512,5.74927771509,5.74927771477,5.74927771437,5.74927771517,5.74927771517,5.74927771517,5.74927771487,5.74927771487,5.74927771486,5.74927771479,5.74927771479,5.74927771489,5.74927771489,5.74927771468,8.80214562305,8.80214562305,8.80214562293,8.80214562293,8.80214562255,8.80214562255,8.80214562255,8.80214562255,8.80214562235,8.80214562255,8.80214562255,8.80214562255,8.80214562275,8.80214562275,8.8021456227128,8.8021456227128,8.80214562275,8.802145622475,8.802145622475,8.802145622475,8.802145622475,8.802145622475,8.802145622475,8.802145622475,8.802145622475,8.802145622475
"t61",5.063412972331,5.063412972331,5.06341297238,5.06341297238,5.06341297238,5.06341297237,5.06341297237,5.06341297238,5.06341297232,5.06341297232,5.06341297231,5.06341297231,5.06341297274,5.06341297274,5.0634129721,5.0634129721,1.23396749325,1.23396749325,0,0.56802704,4.777681207,4.777681207,4.77768120717,4.77768120717,4.77768120717,4.77768120717,4.7776812073,4.7776812072,4.77768120723,4.77768120723,4.7776812069,4.77768120741,4.77768120741,4.77768120718,4.77768120718,4.77768120718,4.77768120718,4.77768120718,4.77768120668,4.777681207218,4.777681207218,4.77768120718,5.74927771508,5.74927771508,5.74927771498,5.749277715,5.749277715,5.74927771493,5.749277715,5.74927771501,5.74927771501,5.74927771502,5.74927771495,5.74927771495,5.74927771508,5.74927771494,5.74927771494,5.74927771507,5.74927771507,5.74927771507,5.74927771504,5.74927771472,5.74927771432,5.74927771512,5.74927771512,5.74927771512,5.74927771482,5.74927771482,5.74927771481,5.74927771474,5.74927771474,5.74927771484,5.74927771484,5.74927771463,8.802145623,8.802145623,8.80214562288,8.80214562288,8.8021456225,8.8021456225,8.8021456225,8.8021456225,8.8021456223,8.8021456225,8.8021456225,8.8021456225,8.8021456227,8.8021456227,8.8021456226628,8.8021456226628,8.8021456227,8.802145622425,8.802145622425,8.802145622425,8.802145622425,8.802145622425,8.802145622425,8.802145622425,8.802145622425,8.802145622425
"t62",5.063412972331,5.063412972331,5.06341297238,5.06341297238,5.06341297238,5.06341297237,5.06341297237,5.06341297238,5.06341297232,5.06341297232,5.06341297231,5.06341297231,5.06341297274,5.06341297274,5.0634129721,5.0634129721,1.23396749325,1.23396749325,0.56802704,0,4.777681207,4.777681207,4.77768120717,4.77768120717,4.77768120717,4.77768120717,4.7776812073,4.7776812072,4.77768120723,4.77768120723,4.7776812069,4.77768120741,4.77768120741,4.77768120718,4.77768120718,4.77768120718,4.77768120718,4.77768120718,4.77768120668,4.777681207218,4.777681207218,4.77768120718,5.74927771508,5.74927771508,5.74927771498,5.749277715,5.749277715,5.74927771493,5.749277715,5.74927771501,5.74927771501,5.74927771502,5.74927771495,5.74927771495,5.74927771508,5.74927771494,5.74927771494,5.74927771507,5.74927771507,5.74927771507,5.74927771504,5.74927771472,5.74927771432,5.74927771512,5.74927771512,5.74927771512,5.74927771482,5.74927771482,5.74927771481,5.74927771474,5.74927771474,5.74927771484,5.74927771484,5.74927771463,8.802145623,8.802145623,8.80214562288,8.80214562288,8.8021456225,8.8021456225,8.8021456225,8.8021456225,8.8021456223,8.8021456225,8.8021456225,8.8021456225,8.8021456227,8.8021456227,8.8021456226628,8.8021456226628,8.8021456227,8.802145622425,8.802145622425,8.802145622425,8.802145622425,8.802145622425,8.802145622425,8.802145622425,8.802145622425,8.802145622425
"t52",5.063412972131,5.063412972131,5.06341297218,5.06341297218,5.06341297218,5.06341297217,5.06341297217,5.06341297218,5.06341297212,5.06341297212,5.06341297211,5.06341297211,5.06341297254,5.06341297254,5.0634129719,5.0634129719,4.77768120705,4.77768120705,4.777681207,4.777681207,0,0.6695123072,2.99605253737,2.99605253737,2.99605253737,2.99605253737,2.9960525375,3.9026000366,3.90260003663,3.90260003663,3.9026000363,3.90260003681,3.90260003681,3.90260003658,3.90260003658,3.90260003658,3.90260003658,3.90260003658,3.90260003608,3.902600036618,3.902600036618,3.90260003658,5.74927771488,5.74927771488,5.74927771478,5.7492777148,5.7492777148,5.74927771473,5.7492777148,5.74927771481,5.74927771481,5.74927771482,5.74927771475,5.74927771475,5.74927771488,5.74927771474,5.74927771474,5.74927771487,5.74927771487,5.74927771487,5.74927771484,5.74927771452,5.74927771412,5.74927771492,5.74927771492,5.74927771492,5.74927771462,5.74927771462,5.74927771461,5.74927771454,5.74927771454,5.74927771464,5.74927771464,5.74927771443,8.8021456228,8.8021456228,8.80214562268,8.80214562268,8.8021456223,8.8021456223,8.8021456223,8.8021456223,8.8021456221,8.8021456223,8.8021456223,8.8021456223,8.8021456225,8.8021456225,8.8021456224628,8.8021456224628,8.8021456225,8.802145622225,8.802145622225,8.802145622225,8.802145622225,8.802145622225,8.802145622225,8.802145622225,8.802145622225,8.802145622225
"t53",5.063412972131,5.063412972131,5.06341297218,5.06341297218,5.06341297218,5.06341297217,5.06341297217,5.06341297218,5.06341297212,5.06341297212,5.06341297211,5.06341297211,5.06341297254,5.06341297254,5.0634129719,5.0634129719,4.77768120705,4.77768120705,4.777681207,4.777681207,0.6695123072,0,2.99605253737,2.99605253737,2.99605253737,2.99605253737,2.9960525375,3.9026000366,3.90260003663,3.90260003663,3.9026000363,3.90260003681,3.90260003681,3.90260003658,3.90260003658,3.90260003658,3.90260003658,3.90260003658,3.90260003608,3.902600036618,3.902600036618,3.90260003658,5.74927771488,5.74927771488,5.74927771478,5.7492777148,5.7492777148,5.74927771473,5.7492777148,5.74927771481,5.74927771481,5.74927771482,5.74927771475,5.74927771475,5.74927771488,5.74927771474,5.74927771474,5.74927771487,5.74927771487,5.74927771487,5.74927771484,5.74927771452,5.74927771412,5.74927771492,5.74927771492,5.74927771492,5.74927771462,5.74927771462,5.74927771461,5.74927771454,5.74927771454,5.74927771464,5.74927771464,5.74927771443,8.8021456228,8.8021456228,8.80214562268,8.80214562268,8.8021456223,8.8021456223,8.8021456223,8.8021456223,8.8021456221,8.8021456223,8.8021456223,8.8021456223,8.8021456225,8.8021456225,8.8021456224628,8.8021456224628,8.8021456225,8.802145622225,8.802145622225,8.802145622225,8.802145622225,8.802145622225,8.802145622225,8.802145622225,8.802145622225,8.802145622225
"t71",5.063412972301,5.063412972301,5.06341297235,5.06341297235,5.06341297235,5.06341297234,5.06341297234,5.06341297235,5.06341297229,5.06341297229,5.06341297228,5.06341297228,5.06341297271,5.06341297271,5.06341297207,5.06341297207,4.77768120722,4.77768120722,4.77768120717,4.77768120717,2.99605253737,2.99605253737,0,0.3732237548,0.48904855014,0.48904855014,2.35288066387,3.90260003677,3.9026000368,3.9026000368,3.90260003647,3.90260003698,3.90260003698,3.90260003675,3.90260003675,3.90260003675,3.90260003675,3.90260003675,3.90260003625,3.902600036788,3.902600036788,3.90260003675,5.74927771505,5.74927771505,5.74927771495,5.74927771497,5.74927771497,5.7492777149,5.74927771497,5.74927771498,5.74927771498,5.74927771499,5.74927771492,5.74927771492,5.74927771505,5.74927771491,5.74927771491,5.74927771504,5.74927771504,5.74927771504,5.74927771501,5.74927771469,5.74927771429,5.74927771509,5.74927771509,5.74927771509,5.74927771479,5.74927771479,5.74927771478,5.74927771471,5.74927771471,5.74927771481,5.74927771481,5.7492777146,8.80214562297,8.80214562297,8.80214562285,8.80214562285,8.80214562247,8.80214562247,8.80214562247,8.80214562247,8.80214562227,8.80214562247,8.80214562247,8.80214562247,8.80214562267,8.80214562267,8.8021456226328,8.8021456226328,8.80214562267,8.802145622395,8.802145622395,8.802145622395,8.802145622395,8.802145622395,8.802145622395,8.802145622395,8.802145622395,8.802145622395
"t72",5.063412972301,5.063412972301,5.06341297235,5.06341297235,5.06341297235,5.06341297234,5.06341297234,5.06341297235,5.06341297229,5.06341297229,5.06341297228,5.06341297228,5.06341297271,5.06341297271,5.06341297207,5.06341297207,4.77768120722,4.77768120722,4.77768120717,4.77768120717,2.99605253737,2.99605253737,0.3732237548,0,0.48904855014,0.48904855014,2.35288066387,3.90260003677,3.9026000368,3.9026000368,3.90260003647,3.90260003698,3.90260003698,3.90260003675,3.90260003675,3.90260003675,3.90260003675,3.90260003675,3.90260003625,3.902600036788,3.902600036788,3.90260003675,5.74927771505,5.74927771505,5.74927771495,5.74927771497,5.74927771497,5.7492777149,5.74927771497,5.74927771498,5.74927771498,5.74927771499,5.74927771492,5.74927771492,5.74927771505,5.74927771491,5.74927771491,5.74927771504,5.74927771504,5.74927771504,5.74927771501,5.74927771469,5.74927771429,5.74927771509,5.74927771509,5.74927771509,5.74927771479,5.74927771479,5.74927771478,5.74927771471,5.74927771471,5.74927771481,5.74927771481,5.7492777146,8.80214562297,8.80214562297,8.80214562285,8.80214562285,8.80214562247,8.80214562247,8.80214562247,8.80214562247,8.80214562227,8.80214562247,8.80214562247,8.80214562247,8.80214562267,8.80214562267,8.8021456226328,8.8021456226328,8.80214562267,8.802145622395,8.802145622395,8.802145622395,8.802145622395,8.802145622395,8.802145622395,8.802145622395,8.802145622395,8.802145622395
"t83",5.063412972301,5.063412972301,5.06341297235,5.06341297235,5.06341297235,5.06341297234,5.06341297234,5.06341297235,5.06341297229,5.06341297229,5.06341297228,5.06341297228,5.06341297271,5.06341297271,5.06341297207,5.06341297207,4.77768120722,4.77768120722,4.77768120717,4.77768120717,2.99605253737,2.99605253737,0.48904855014,0.48904855014,0,0.09413645774,2.35288066387,3.90260003677,3.9026000368,3.9026000368,3.90260003647,3.90260003698,3.90260003698,3.90260003675,3.90260003675,3.90260003675,3.90260003675,3.90260003675,3.90260003625,3.902600036788,3.902600036788,3.90260003675,5.74927771505,5.74927771505,5.74927771495,5.74927771497,5.74927771497,5.7492777149,5.74927771497,5.74927771498,5.74927771498,5.74927771499,5.74927771492,5.74927771492,5.74927771505,5.74927771491,5.74927771491,5.74927771504,5.74927771504,5.74927771504,5.74927771501,5.74927771469,5.74927771429,5.74927771509,5.74927771509,5.74927771509,5.74927771479,5.74927771479,5.74927771478,5.74927771471,5.74927771471,5.74927771481,5.74927771481,5.7492777146,8.80214562297,8.80214562297,8.80214562285,8.80214562285,8.80214562247,8.80214562247,8.80214562247,8.80214562247,8.80214562227,8.80214562247,8.80214562247,8.80214562247,8.80214562267,8.80214562267,8.8021456226328,8.8021456226328,8.80214562267,8.802145622395,8.802145622395,8.802145622395,8.802145622395,8.802145622395,8.802145622395,8.802145622395,8.802145622395,8.802145622395
"t84",5.063412972301,5.063412972301,5.06341297235,5.06341297235,5.06341297235,5.06341297234,5.06341297234,5.06341297235,5.06341297229,5.06341297229,5.06341297228,5.06341297228,5.06341297271,5.06341297271,5.06341297207,5.06341297207,4.77768120722,4.77768120722,4.77768120717,4.77768120717,2.99605253737,2.99605253737,0.48904855014,0.48904855014,0.09413645774,0,2.35288066387,3.90260003677,3.9026000368,3.9026000368,3.90260003647,3.90260003698,3.90260003698,3.90260003675,3.90260003675,3.90260003675,3.90260003675,3.90260003675,3.90260003625,3.902600036788,3.902600036788,3.90260003675,5.74927771505,5.74927771505,5.74927771495,5.74927771497,5.74927771497,5.7492777149,5.74927771497,5.74927771498,5.74927771498,5.74927771499,5.74927771492,5.74927771492,5.74927771505,5.74927771491,5.74927771491,5.74927771504,5.74927771504,5.74927771504,5.74927771501,5.74927771469,5.74927771429,5.74927771509,5.74927771509,5.74927771509,5.74927771479,5.74927771479,5.74927771478,5.74927771471,5.74927771471,5.74927771481,5.74927771481,5.7492777146,8.80214562297,8.80214562297,8.80214562285,8.80214562285,8.80214562247,8.80214562247,8.80214562247,8.80214562247,8.80214562227,8.80214562247,8.80214562247,8.80214562247,8.80214562267,8.80214562267,8.8021456226328,8.8021456226328,8.80214562267,8.802145622395,8.802145622395,8.802145622395,8.802145622395,8.802145622395,8.802145622395,8.802145622395,8.802145622395,8.802145622395
"t9",5.063412972431,5.063412972431,5.06341297248,5.06341297248,5.06341297248,5.06341297247,5.06341297247,5.06341297248,5.06341297242,5.06341297242,5.06341297241,5.06341297241,5.06341297284,5.06341297284,5.0634129722,5.0634129722,4.77768120735,4.77768120735,4.7776812073,4.7776812073,2.9960525375,2.9960525375,2.35288066387,2.35288066387,2.35288066387,2.35288066387,0,3.9026000369,3.90260003693,3.90260003693,3.9026000366,3.90260003711,3.90260003711,3.90260003688,3.90260003688,3.90260003688,3.90260003688,3.90260003688,3.90260003638,3.902600036918,3.902600036918,3.90260003688,5.74927771518,5.74927771518,5.74927771508,5.7492777151,5.7492777151,5.74927771503,5.7492777151,5.74927771511,5.74927771511,5.74927771512,5.74927771505,5.74927771505,5.74927771518,5.74927771504,5.74927771504,5.74927771517,5.74927771517,5.74927771517,5.74927771514,5.74927771482,5.74927771442,5.74927771522,5.74927771522,5.74927771522,5.74927771492,5.74927771492,5.74927771491,5.74927771484,5.74927771484,5.74927771494,5.74927771494,5.74927771473,8.8021456231,8.8021456231,8.80214562298,8.80214562298,8.8021456226,8.8021456226,8.8021456226,8.8021456226,8.8021456224,8.8021456226,8.8021456226,8.8021456226,8.8021456228,8.8021456228,8.8021456227628,8.8021456227628,8.8021456228,8.802145622525,8.802145622525,8.802145622525,8.802145622525,8.802145622525,8.802145622525,8.802145622525,8.802145622525,8.802145622525
"t35",5.063412972331,5.063412972331,5.06341297238,5.06341297238,5.06341297238,5.06341297237,5.06341297237,5.06341297238,5.06341297232,5.06341297232,5.06341297231,5.06341297231,5.06341297274,5.06341297274,5.0634129721,5.0634129721,4.77768120725,4.77768120725,4.7776812072,4.7776812072,3.9026000366,3.9026000366,3.90260003677,3.90260003677,3.90260003677,3.90260003677,3.9026000369,0,1.24676503223,1.24676503223,2.1325381983,2.97031424961,2.97031424961,2.97031424938,2.97031424938,2.97031424938,2.97031424938,2.97031424938,2.97031424888,2.970314249418,2.970314249418,2.97031424938,5.74927771508,5.74927771508,5.74927771498,5.749277715,5.749277715,5.74927771493,5.749277715,5.74927771501,5.74927771501,5.74927771502,5.74927771495,5.74927771495,5.74927771508,5.74927771494,5.74927771494,5.74927771507,5.74927771507,5.74927771507,5.74927771504,5.74927771472,5.74927771432,5.74927771512,5.74927771512,5.74927771512,5.74927771482,5.74927771482,5.74927771481,5.74927771474,5.74927771474,5.74927771484,5.74927771484,5.74927771463,8.802145623,8.802145623,8.80214562288,8.80214562288,8.8021456225,8.8021456225,8.8021456225,8.8021456225,8.8021456223,8.8021456225,8.8021456225,8.8021456225,8.8021456227,8.8021456227,8.8021456226628,8.8021456226628,8.8021456227,8.802145622425,8.802145622425,8.802145622425,8.802145622425,8.802145622425,8.802145622425,8.802145622425,8.802145622425,8.802145622425
"t97",5.063412972361,5.063412972361,5.06341297241,5.06341297241,5.06341297241,5.0634129724,5.0634129724,5.06341297241,5.06341297235,5.06341297235,5.06341297234,5.06341297234,5.06341297277,5.06341297277,5.06341297213,5.06341297213,4.77768120728,4.77768120728,4.77768120723,4.77768120723,3.90260003663,3.90260003663,3.9026000368,3.9026000368,3.9026000368,3.9026000368,3.90260003693,1.24676503223,0,0.03545714646,2.13253819833,2.97031424964,2.97031424964,2.97031424941,2.97031424941,2.97031424941,2.97031424941,2.97031424941,2.97031424891,2.970314249448,2.970314249448,2.97031424941,5.74927771511,5.74927771511,5.74927771501,5.74927771503,5.74927771503,5.74927771496,5.74927771503,5.74927771504,5.74927771504,5.74927771505,5.74927771498,5.74927771498,5.74927771511,5.74927771497,5.74927771497,5.7492777151,5.7492777151,5.7492777151,5.74927771507,5.74927771475,5.74927771435,5.74927771515,5.74927771515,5.74927771515,5.74927771485,5.74927771485,5.74927771484,5.74927771477,5.74927771477,5.74927771487,5.74927771487,5.74927771466,8.80214562303,8.80214562303,8.80214562291,8.80214562291,8.80214562253,8.80214562253,8.80214562253,8.80214562253,8.80214562233,8.80214562253,8.80214562253,8.80214562253,8.80214562273,8.80214562273,8.8021456226928,8.8021456226928,8.80214562273,8.802145622455,8.802145622455,8.802145622455,8.802145622455,8.802145622455,8.802145622455,8.802145622455,8.802145622455,8.802145622455
"t98",5.063412972361,5.063412972361,5.06341297241,5.06341297241,5.06341297241,5.0634129724,5.0634129724,5.06341297241,5.06341297235,5.06341297235,5.06341297234,5.06341297234,5.06341297277,5.06341297277,5.06341297213,5.06341297213,4.77768120728,4.77768120728,4.77768120723,4.77768120723,3.90260003663,3.90260003663,3.9026000368,3.9026000368,3.9026000368,3.9026000368,3.90260003693,1.24676503223,0.03545714646,0,2.13253819833,2.97031424964,2.97031424964,2.97031424941,2.97031424941,2.97031424941,2.97031424941,2.97031424941,2.97031424891,2.970314249448,2.970314249448,2.97031424941,5.74927771511,5.74927771511,5.74927771501,5.74927771503,5.74927771503,5.74927771496,5.74927771503,5.74927771504,5.74927771504,5.74927771505,5.74927771498,5.74927771498,5.74927771511,5.74927771497,5.74927771497,5.7492777151,5.7492777151,5.7492777151,5.74927771507,5.74927771475,5.74927771435,5.74927771515,5.74927771515,5.74927771515,5.74927771485,5.74927771485,5.74927771484,5.74927771477,5.74927771477,5.74927771487,5.74927771487,5.74927771466,8.80214562303,8.80214562303,8.80214562291,8.80214562291,8.80214562253,8.80214562253,8.80214562253,8.80214562253,8.80214562233,8.80214562253,8.80214562253,8.80214562253,8.80214562273,8.80214562273,8.8021456226928,8.8021456226928,8.80214562273,8.802145622455,8.802145622455,8.802145622455,8.802145622455,8.802145622455,8.802145622455,8.802145622455,8.802145622455,8.802145622455
"t15",5.063412972031,5.063412972031,5.06341297208,5.06341297208,5.06341297208,5.06341297207,5.06341297207,5.06341297208,5.06341297202,5.06341297202,5.06341297201,5.06341297201,5.06341297244,5.06341297244,5.0634129718,5.0634129718,4.77768120695,4.77768120695,4.7776812069,4.7776812069,3.9026000363,3.9026000363,3.90260003647,3.90260003647,3.90260003647,3.90260003647,3.9026000366,2.1325381983,2.13253819833,2.13253819833,0,2.97031424931,2.97031424931,2.97031424908,2.97031424908,2.97031424908,2.97031424908,2.97031424908,2.97031424858,2.970314249118,2.970314249118,2.97031424908,5.74927771478,5.74927771478,5.74927771468,5.7492777147,5.7492777147,5.74927771463,5.7492777147,5.74927771471,5.74927771471,5.74927771472,5.74927771465,5.74927771465,5.74927771478,5.74927771464,5.74927771464,5.74927771477,5.74927771477,5.74927771477,5.74927771474,5.74927771442,5.74927771402,5.74927771482,5.74927771482,5.74927771482,5.74927771452,5.74927771452,5.74927771451,5.74927771444,5.74927771444,5.74927771454,5.74927771454,5.74927771433,8.8021456227,8.8021456227,8.80214562258,8.80214562258,8.8021456222,8.8021456222,8.8021456222,8.8021456222,8.802145622,8.8021456222,8.8021456222,8.8021456222,8.8021456224,8.8021456224,8.8021456223628,8.8021456223628,8.8021456224,8.802145622125,8.802145622125,8.802145622125,8.802145622125,8.802145622125,8.802145622125,8.802145622125,8.802145622125,8.802145622125
"t55",5.063412972541,5.063412972541,5.06341297259,5.06341297259,5.06341297259,5.06341297258,5.06341297258,5.06341297259,5.06341297253,5.06341297253,5.06341297252,5.06341297252,5.06341297295,5.06341297295,5.06341297231,5.06341297231,4.77768120746,4.77768120746,4.77768120741,4.77768120741,3.90260003681,3.90260003681,3.90260003698,3.90260003698,3.90260003698,3.90260003698,3.90260003711,2.97031424961,2.97031424964,2.97031424964,2.97031424931,0,0.6543279574,2.80483680517,2.80483680517,2.80483680517,2.80483680517,2.80483680517,2.80483680467,2.804836805208,2.804836805208,2.80483680517,5.74927771529,5.74927771529,5.74927771519,5.74927771521,5.74927771521,5.74927771514,5.74927771521,5.74927771522,5.74927771522,5.74927771523,5.74927771516,5.74927771516,5.74927771529,5.74927771515,5.74927771515,5.74927771528,5.74927771528,5.74927771528,5.74927771525,5.74927771493,5.74927771453,5.74927771533,5.74927771533,5.74927771533,5.74927771503,5.74927771503,5.74927771502,5.74927771495,5.74927771495,5.74927771505,5.74927771505,5.74927771484,8.80214562321,8.80214562321,8.80214562309,8.80214562309,8.80214562271,8.80214562271,8.80214562271,8.80214562271,8.80214562251,8.80214562271,8.80214562271,8.80214562271,8.80214562291,8.80214562291,8.8021456228728,8.8021456228728,8.80214562291,8.802145622635,8.802145622635,8.802145622635,8.802145622635,8.802145622635,8.802145622635,8.802145622635,8.802145622635,8.802145622635
"t56",5.063412972541,5.063412972541,5.06341297259,5.06341297259,5.06341297259,5.06341297258,5.06341297258,5.06341297259,5.06341297253,5.06341297253,5.06341297252,5.06341297252,5.06341297295,5.06341297295,5.06341297231,5.06341297231,4.77768120746,4.77768120746,4.77768120741,4.77768120741,3.90260003681,3.90260003681,3.90260003698,3.90260003698,3.90260003698,3.90260003698,3.90260003711,2.97031424961,2.97031424964,2.97031424964,2.97031424931,0.6543279574,0,2.80483680517,2.80483680517,2.80483680517,2.80483680517,2.80483680517,2.80483680467,2.804836805208,2.804836805208,2.80483680517,5.74927771529,5.74927771529,5.74927771519,5.74927771521,5.74927771521,5.74927771514,5.74927771521,5.74927771522,5.74927771522,5.74927771523,5.74927771516,5.74927771516,5.74927771529,5.74927771515,5.74927771515,5.74927771528,5.74927771528,5.74927771528,5.74927771525,5.74927771493,5.74927771453,5.74927771533,5.74927771533,5.74927771533,5.74927771503,5.74927771503,5.74927771502,5.74927771495,5.74927771495,5.74927771505,5.74927771505,5.74927771484,8.80214562321,8.80214562321,8.80214562309,8.80214562309,8.80214562271,8.80214562271,8.80214562271,8.80214562271,8.80214562251,8.80214562271,8.80214562271,8.80214562271,8.80214562291,8.80214562291,8.8021456228728,8.8021456228728,8.80214562291,8.802145622635,8.802145622635,8.802145622635,8.802145622635,8.802145622635,8.802145622635,8.802145622635,8.802145622635,8.802145622635
"t18",5.063412972311,5.063412972311,5.06341297236,5.06341297236,5.06341297236,5.06341297235,5.06341297235,5.06341297236,5.0634129723,5.0634129723,5.06341297229,5.06341297229,5.06341297272,5.06341297272,5.06341297208,5.06341297208,4.77768120723,4.77768120723,4.77768120718,4.77768120718,3.90260003658,3.90260003658,3.90260003675,3.90260003675,3.90260003675,3.90260003675,3.90260003688,2.97031424938,2.97031424941,2.97031424941,2.97031424908,2.80483680517,2.80483680517,0,1.847426405,1.847426405,1.847426405,1.847426405,2.7417444319,2.741744432438,2.741744432438,2.7417444324,5.74927771506,5.74927771506,5.74927771496,5.74927771498,5.74927771498,5.74927771491,5.74927771498,5.74927771499,5.74927771499,5.749277715,5.74927771493,5.74927771493,5.74927771506,5.74927771492,5.74927771492,5.74927771505,5.74927771505,5.74927771505,5.74927771502,5.7492777147,5.7492777143,5.7492777151,5.7492777151,5.7492777151,5.7492777148,5.7492777148,5.74927771479,5.74927771472,5.74927771472,5.74927771482,5.74927771482,5.74927771461,8.80214562298,8.80214562298,8.80214562286,8.80214562286,8.80214562248,8.80214562248,8.80214562248,8.80214562248,8.80214562228,8.80214562248,8.80214562248,8.80214562248,8.80214562268,8.80214562268,8.8021456226428,8.8021456226428,8.80214562268,8.802145622405,8.802145622405,8.802145622405,8.802145622405,8.802145622405,8.802145622405,8.802145622405,8.802145622405,8.802145622405
"t58",5.063412972311,5.063412972311,5.06341297236,5.06341297236,5.06341297236,5.06341297235,5.06341297235,5.06341297236,5.0634129723,5.0634129723,5.06341297229,5.06341297229,5.06341297272,5.06341297272,5.06341297208,5.06341297208,4.77768120723,4.77768120723,4.77768120718,4.77768120718,3.90260003658,3.90260003658,3.90260003675,3.90260003675,3.90260003675,3.90260003675,3.90260003688,2.97031424938,2.97031424941,2.97031424941,2.97031424908,2.80483680517,2.80483680517,1.847426405,0,0.6287054428,0.6287054428,0.9258692352,2.7417444319,2.741744432438,2.741744432438,2.7417444324,5.74927771506,5.74927771506,5.74927771496,5.74927771498,5.74927771498,5.74927771491,5.74927771498,5.74927771499,5.74927771499,5.749277715,5.74927771493,5.74927771493,5.74927771506,5.74927771492,5.74927771492,5.74927771505,5.74927771505,5.74927771505,5.74927771502,5.7492777147,5.7492777143,5.7492777151,5.7492777151,5.7492777151,5.7492777148,5.7492777148,5.74927771479,5.74927771472,5.74927771472,5.74927771482,5.74927771482,5.74927771461,8.80214562298,8.80214562298,8.80214562286,8.80214562286,8.80214562248,8.80214562248,8.80214562248,8.80214562248,8.80214562228,8.80214562248,8.80214562248,8.80214562248,8.80214562268,8.80214562268,8.8021456226428,8.8021456226428,8.80214562268,8.802145622405,8.802145622405,8.802145622405,8.802145622405,8.802145622405,8.802145622405,8.802145622405,8.802145622405,8.802145622405
"t65",5.063412972311,5.063412972311,5.06341297236,5.06341297236,5.06341297236,5.06341297235,5.06341297235,5.06341297236,5.0634129723,5.0634129723,5.06341297229,5.06341297229,5.06341297272,5.06341297272,5.06341297208,5.06341297208,4.77768120723,4.77768120723,4.77768120718,4.77768120718,3.90260003658,3.90260003658,3.90260003675,3.90260003675,3.90260003675,3.90260003675,3.90260003688,2.97031424938,2.97031424941,2.97031424941,2.97031424908,2.80483680517,2.80483680517,1.847426405,0.6287054428,0,0.4917823046,0.9258692352,2.7417444319,2.741744432438,2.741744432438,2.7417444324,5.74927771506,5.74927771506,5.74927771496,5.74927771498,5.74927771498,5.74927771491,5.74927771498,5.74927771499,5.74927771499,5.749277715,5.74927771493,5.74927771493,5.74927771506,5.74927771492,5.74927771492,5.74927771505,5.74927771505,5.74927771505,5.74927771502,5.7492777147,5.7492777143,5.7492777151,5.7492777151,5.7492777151,5.7492777148,5.7492777148,5.74927771479,5.74927771472,5.74927771472,5.74927771482,5.74927771482,5.74927771461,8.80214562298,8.80214562298,8.80214562286,8.80214562286,8.80214562248,8.80214562248,8.80214562248,8.80214562248,8.80214562228,8.80214562248,8.80214562248,8.80214562248,8.80214562268,8.80214562268,8.8021456226428,8.8021456226428,8.80214562268,8.802145622405,8.802145622405,8.802145622405,8.802145622405,8.802145622405,8.802145622405,8.802145622405,8.802145622405,8.802145622405
"t66",5.063412972311,5.063412972311,5.06341297236,5.06341297236,5.06341297236,5.06341297235,5.06341297235,5.06341297236,5.0634129723,5.0634129723,5.06341297229,5.06341297229,5.06341297272,5.06341297272,5.06341297208,5.06341297208,4.77768120723,4.77768120723,4.77768120718,4.77768120718,3.90260003658,3.90260003658,3.90260003675,3.90260003675,3.90260003675,3.90260003675,3.90260003688,2.97031424938,2.97031424941,2.97031424941,2.97031424908,2.80483680517,2.80483680517,1.847426405,0.6287054428,0.4917823046,0,0.9258692352,2.7417444319,2.741744432438,2.741744432438,2.7417444324,5.74927771506,5.74927771506,5.74927771496,5.74927771498,5.74927771498,5.74927771491,5.74927771498,5.74927771499,5.74927771499,5.749277715,5.74927771493,5.74927771493,5.74927771506,5.74927771492,5.74927771492,5.74927771505,5.74927771505,5.74927771505,5.74927771502,5.7492777147,5.7492777143,5.7492777151,5.7492777151,5.7492777151,5.7492777148,5.7492777148,5.74927771479,5.74927771472,5.74927771472,5.74927771482,5.74927771482,5.74927771461,8.80214562298,8.80214562298,8.80214562286,8.80214562286,8.80214562248,8.80214562248,8.80214562248,8.80214562248,8.80214562228,8.80214562248,8.80214562248,8.80214562248,8.80214562268,8.80214562268,8.8021456226428,8.8021456226428,8.80214562268,8.802145622405,8.802145622405,8.802145622405,8.802145622405,8.802145622405,8.802145622405,8.802145622405,8.802145622405,8.802145622405
"t42",5.063412972311,5.063412972311,5.06341297236,5.06341297236,5.06341297236,5.06341297235,5.06341297235,5.06341297236,5.0634129723,5.0634129723,5.06341297229,5.06341297229,5.06341297272,5.06341297272,5.06341297208,5.06341297208,4.77768120723,4.77768120723,4.77768120718,4.77768120718,3.90260003658,3.90260003658,3.90260003675,3.90260003675,3.90260003675,3.90260003675,3.90260003688,2.97031424938,2.97031424941,2.97031424941,2.97031424908,2.80483680517,2.80483680517,1.847426405,0.9258692352,0.9258692352,0.9258692352,0,2.7417444319,2.741744432438,2.741744432438,2.7417444324,5.74927771506,5.74927771506,5.74927771496,5.74927771498,5.74927771498,5.74927771491,5.74927771498,5.74927771499,5.74927771499,5.749277715,5.74927771493,5.74927771493,5.74927771506,5.74927771492,5.74927771492,5.74927771505,5.74927771505,5.74927771505,5.74927771502,5.7492777147,5.7492777143,5.7492777151,5.7492777151,5.7492777151,5.7492777148,5.7492777148,5.74927771479,5.74927771472,5.74927771472,5.74927771482,5.74927771482,5.74927771461,8.80214562298,8.80214562298,8.80214562286,8.80214562286,8.80214562248,8.80214562248,8.80214562248,8.80214562248,8.80214562228,8.80214562248,8.80214562248,8.80214562248,8.80214562268,8.80214562268,8.8021456226428,8.8021456226428,8.80214562268,8.802145622405,8.802145622405,8.802145622405,8.802145622405,8.802145622405,8.802145622405,8.802145622405,8.802145622405,8.802145622405
"t14",5.063412971811,5.063412971811,5.06341297186,5.06341297186,5.06341297186,5.06341297185,5.06341297185,5.06341297186,5.0634129718,5.0634129718,5.06341297179,5.06341297179,5.06341297222,5.06341297222,5.06341297158,5.06341297158,4.77768120673,4.77768120673,4.77768120668,4.77768120668,3.90260003608,3.90260003608,3.90260003625,3.90260003625,3.90260003625,3.90260003625,3.90260003638,2.97031424888,2.97031424891,2.97031424891,2.97031424858,2.80483680467,2.80483680467,2.7417444319,2.7417444319,2.7417444319,2.7417444319,2.7417444319,0,2.164509430538,2.164509430538,2.1645094305,5.74927771456,5.74927771456,5.74927771446,5.74927771448,5.74927771448,5.74927771441,5.74927771448,5.74927771449,5.74927771449,5.7492777145,5.74927771443,5.74927771443,5.74927771456,5.74927771442,5.74927771442,5.74927771455,5.74927771455,5.74927771455,5.74927771452,5.7492777142,5.7492777138,5.7492777146,5.7492777146,5.7492777146,5.7492777143,5.7492777143,5.74927771429,5.74927771422,5.74927771422,5.74927771432,5.74927771432,5.74927771411,8.80214562248,8.80214562248,8.80214562236,8.80214562236,8.80214562198,8.80214562198,8.80214562198,8.80214562198,8.80214562178,8.80214562198,8.80214562198,8.80214562198,8.80214562218,8.80214562218,8.8021456221428,8.8021456221428,8.80214562218,8.802145621905,8.802145621905,8.802145621905,8.802145621905,8.802145621905,8.802145621905,8.802145621905,8.802145621905,8.802145621905
"t26",5.063412972349,5.063412972349,5.063412972398,5.063412972398,5.063412972398,5.063412972388,5.063412972388,5.063412972398,5.063412972338,5.063412972338,5.063412972328,5.063412972328,5.063412972758,5.063412972758,5.063412972118,5.063412972118,4.777681207268,4.777681207268,4.777681207218,4.777681207218,3.902600036618,3.902600036618,3.902600036788,3.902600036788,3.902600036788,3.902600036788,3.902600036918,2.970314249418,2.970314249448,2.970314249448,2.970314249118,2.804836805208,2.804836805208,2.741744432438,2.741744432438,2.741744432438,2.741744432438,2.741744432438,2.164509430538,0,1.5645757032,1.574142105438,5.749277715098,5.749277715098,5.749277714998,5.749277715018,5.749277715018,5.749277714948,5.749277715018,5.749277715028,5.749277715028,5.749277715038,5.749277714968,5.749277714968,5.749277715098,5.749277714958,5.749277714958,5.749277715088,5.749277715088,5.749277715088,5.749277715058,5.749277714738,5.749277714338,5.749277715138,5.749277715138,5.749277715138,5.749277714838,5.749277714838,5.749277714828,5.749277714758,5.749277714758,5.749277714858,5.749277714858,5.749277714648,8.802145623018,8.802145623018,8.802145622898,8.802145622898,8.802145622518,8.802145622518,8.802145622518,8.802145622518,8.802145622318,8.802145622518,8.802145622518,8.802145622518,8.802145622718,8.802145622718,8.8021456226808,8.8021456226808,8.802145622718,8.802145622443,8.802145622443,8.802145622443,8.802145622443,8.802145622443,8.802145622443,8.802145622443,8.802145622443,8.802145622443
"t27",5.063412972349,5.063412972349,5.063412972398,5.063412972398,5.063412972398,5.063412972388,5.063412972388,5.063412972398,5.063412972338,5.063412972338,5.063412972328,5.063412972328,5.063412972758,5.063412972758,5.063412972118,5.063412972118,4.777681207268,4.777681207268,4.777681207218,4.777681207218,3.902600036618,3.902600036618,3.902600036788,3.902600036788,3.902600036788,3.902600036788,3.902600036918,2.970314249418,2.970314249448,2.970314249448,2.970314249118,2.804836805208,2.804836805208,2.741744432438,2.741744432438,2.741744432438,2.741744432438,2.741744432438,2.164509430538,1.5645757032,0,1.574142105438,5.749277715098,5.749277715098,5.749277714998,5.749277715018,5.749277715018,5.749277714948,5.749277715018,5.749277715028,5.749277715028,5.749277715038,5.749277714968,5.749277714968,5.749277715098,5.749277714958,5.749277714958,5.749277715088,5.749277715088,5.749277715088,5.749277715058,5.749277714738,5.749277714338,5.749277715138,5.749277715138,5.749277715138,5.749277714838,5.749277714838,5.749277714828,5.749277714758,5.749277714758,5.749277714858,5.749277714858,5.749277714648,8.802145623018,8.802145623018,8.802145622898,8.802145622898,8.802145622518,8.802145622518,8.802145622518,8.802145622518,8.802145622318,8.802145622518,8.802145622518,8.802145622518,8.802145622718,8.802145622718,8.8021456226808,8.8021456226808,8.802145622718,8.802145622443,8.802145622443,8.802145622443,8.802145622443,8.802145622443,8.802145622443,8.802145622443,8.802145622443,8.802145622443
"t25",5.063412972311,5.063412972311,5.06341297236,5.06341297236,5.06341297236,5.06341297235,5.06341297235,5.06341297236,5.0634129723,5.0634129723,5.06341297229,5.06341297229,5.06341297272,5.06341297272,5.06341297208,5.06341297208,4.77768120723,4.77768120723,4.77768120718,4.77768120718,3.90260003658,3.90260003658,3.90260003675,3.90260003675,3.90260003675,3.90260003675,3.90260003688,2.97031424938,2.97031424941,2.97031424941,2.97031424908,2.80483680517,2.80483680517,2.7417444324,2.7417444324,2.7417444324,2.7417444324,2.7417444324,2.1645094305,1.574142105438,1.574142105438,0,5.74927771506,5.74927771506,5.74927771496,5.74927771498,5.74927771498,5.74927771491,5.74927771498,5.74927771499,5.74927771499,5.749277715,5.74927771493,5.74927771493,5.74927771506,5.74927771492,5.74927771492,5.74927771505,5.74927771505,5.74927771505,5.74927771502,5.7492777147,5.7492777143,5.7492777151,5.7492777151,5.7492777151,5.7492777148,5.7492777148,5.74927771479,5.74927771472,5.74927771472,5.74927771482,5.74927771482,5.74927771461,8.80214562298,8.80214562298,8.80214562286,8.80214562286,8.80214562248,8.80214562248,8.80214562248,8.80214562248,8.80214562228,8.80214562248,8.80214562248,8.80214562248,8.80214562268,8.80214562268,8.8021456226428,8.8021456226428,8.80214562268,8.802145622405,8.802145622405,8.802145622405,8.802145622405,8.802145622405,8.802145622405,8.802145622405,8.802145622405,8.802145622405
"t19",5.749277715011,5.749277715011,5.74927771506,5.74927771506,5.74927771506,5.74927771505,5.74927771505,5.74927771506,5.749277715,5.749277715,5.74927771499,5.74927771499,5.74927771542,5.74927771542,5.74927771478,5.74927771478,5.74927771513,5.74927771513,5.74927771508,5.74927771508,5.74927771488,5.74927771488,5.74927771505,5.74927771505,5.74927771505,5.74927771505,5.74927771518,5.74927771508,5.74927771511,5.74927771511,5.74927771478,5.74927771529,5.74927771529,5.74927771506,5.74927771506,5.74927771506,5.74927771506,5.74927771506,5.74927771456,5.749277715098,5.749277715098,5.74927771506,0,1.7854460564,2.5313577511,2.53135775112,2.53135775112,2.53135775105,2.53135775112,2.53135775113,2.53135775113,2.53135775114,2.53135775107,2.53135775107,2.5313577512,2.58226468174,2.58226468174,3.07686688907,3.07686688907,3.07686688907,3.07686688904,5.62232033872,5.62232033832,5.62232033912,5.62232033912,5.62232033912,5.62232033882,5.62232033882,5.62232033881,5.62232033874,5.62232033874,5.62232033884,5.62232033884,5.65213870845,8.80214562328,8.80214562328,8.80214562316,8.80214562316,8.80214562278,8.80214562278,8.80214562278,8.80214562278,8.80214562258,8.80214562278,8.80214562278,8.80214562278,8.80214562298,8.80214562298,8.8021456229428,8.8021456229428,8.80214562298,8.802145622705,8.802145622705,8.802145622705,8.802145622705,8.802145622705,8.802145622705,8.802145622705,8.802145622705,8.802145622705
"t20",5.749277715011,5.749277715011,5.74927771506,5.74927771506,5.74927771506,5.74927771505,5.74927771505,5.74927771506,5.749277715,5.749277715,5.74927771499,5.74927771499,5.74927771542,5.74927771542,5.74927771478,5.74927771478,5.74927771513,5.74927771513,5.74927771508,5.74927771508,5.74927771488,5.74927771488,5.74927771505,5.74927771505,5.74927771505,5.74927771505,5.74927771518,5.74927771508,5.74927771511,5.74927771511,5.74927771478,5.74927771529,5.74927771529,5.74927771506,5.74927771506,5.74927771506,5.74927771506,5.74927771506,5.74927771456,5.749277715098,5.749277715098,5.74927771506,1.7854460564,0,2.5313577511,2.53135775112,2.53135775112,2.53135775105,2.53135775112,2.53135775113,2.53135775113,2.53135775114,2.53135775107,2.53135775107,2.5313577512,2.58226468174,2.58226468174,3.07686688907,3.07686688907,3.07686688907,3.07686688904,5.62232033872,5.62232033832,5.62232033912,5.62232033912,5.62232033912,5.62232033882,5.62232033882,5.62232033881,5.62232033874,5.62232033874,5.62232033884,5.62232033884,5.65213870845,8.80214562328,8.80214562328,8.80214562316,8.80214562316,8.80214562278,8.80214562278,8.80214562278,8.80214562278,8.80214562258,8.80214562278,8.80214562278,8.80214562278,8.80214562298,8.80214562298,8.8021456229428,8.8021456229428,8.80214562298,8.802145622705,8.802145622705,8.802145622705,8.802145622705,8.802145622705,8.802145622705,8.802145622705,8.802145622705,8.802145622705
"t54",5.749277714911,5.749277714911,5.74927771496,5.74927771496,5.74927771496,5.74927771495,5.74927771495,5.74927771496,5.7492777149,5.7492777149,5.74927771489,5.74927771489,5.74927771532,5.74927771532,5.74927771468,5.74927771468,5.74927771503,5.74927771503,5.74927771498,5.74927771498,5.74927771478,5.74927771478,5.74927771495,5.74927771495,5.74927771495,5.74927771495,5.74927771508,5.74927771498,5.74927771501,5.74927771501,5.74927771468,5.74927771519,5.74927771519,5.74927771496,5.74927771496,5.74927771496,5.74927771496,5.74927771496,5.74927771446,5.749277714998,5.749277714998,5.74927771496,2.5313577511,2.5313577511,0,0.66428325862,0.66428325862,0.66428325855,0.66428325862,1.01211851523,1.01211851523,1.01211851524,1.01211851517,1.01211851517,1.7238604079,2.58226468164,2.58226468164,3.07686688897,3.07686688897,3.07686688897,3.07686688894,5.62232033862,5.62232033822,5.62232033902,5.62232033902,5.62232033902,5.62232033872,5.62232033872,5.62232033871,5.62232033864,5.62232033864,5.62232033874,5.62232033874,5.65213870835,8.80214562318,8.80214562318,8.80214562306,8.80214562306,8.80214562268,8.80214562268,8.80214562268,8.80214562268,8.80214562248,8.80214562268,8.80214562268,8.80214562268,8.80214562288,8.80214562288,8.8021456228428,8.8021456228428,8.80214562288,8.802145622605,8.802145622605,8.802145622605,8.802145622605,8.802145622605,8.802145622605,8.802145622605,8.802145622605,8.802145622605
"t67",5.749277714931,5.749277714931,5.74927771498,5.74927771498,5.74927771498,5.74927771497,5.74927771497,5.74927771498,5.74927771492,5.74927771492,5.74927771491,5.74927771491,5.74927771534,5.74927771534,5.7492777147,5.7492777147,5.74927771505,5.74927771505,5.749277715,5.749277715,5.7492777148,5.7492777148,5.74927771497,5.74927771497,5.74927771497,5.74927771497,5.7492777151,5.749277715,5.74927771503,5.74927771503,5.7492777147,5.74927771521,5.74927771521,5.74927771498,5.74927771498,5.74927771498,5.74927771498,5.74927771498,5.74927771448,5.749277715018,5.749277715018,5.74927771498,2.53135775112,2.53135775112,0.66428325862,0,0.4516897656,0.51099401747,0.5357617216,1.01211851525,1.01211851525,1.01211851526,1.01211851519,1.01211851519,1.72386040792,2.58226468166,2.58226468166,3.07686688899,3.07686688899,3.07686688899,3.07686688896,5.62232033864,5.62232033824,5.62232033904,5.62232033904,5.62232033904,5.62232033874,5.62232033874,5.62232033873,5.62232033866,5.62232033866,5.62232033876,5.62232033876,5.65213870837,8.8021456232,8.8021456232,8.80214562308,8.80214562308,8.8021456227,8.8021456227,8.8021456227,8.8021456227,8.8021456225,8.8021456227,8.8021456227,8.8021456227,8.8021456229,8.8021456229,8.8021456228628,8.8021456228628,8.8021456229,8.802145622625,8.802145622625,8.802145622625,8.802145622625,8.802145622625,8.802145622625,8.802145622625,8.802145622625,8.802145622625
"t68",5.749277714931,5.749277714931,5.74927771498,5.74927771498,5.74927771498,5.74927771497,5.74927771497,5.74927771498,5.74927771492,5.74927771492,5.74927771491,5.74927771491,5.74927771534,5.74927771534,5.7492777147,5.7492777147,5.74927771505,5.74927771505,5.749277715,5.749277715,5.7492777148,5.7492777148,5.74927771497,5.74927771497,5.74927771497,5.74927771497,5.7492777151,5.749277715,5.74927771503,5.74927771503,5.7492777147,5.74927771521,5.74927771521,5.74927771498,5.74927771498,5.74927771498,5.74927771498,5.74927771498,5.74927771448,5.749277715018,5.749277715018,5.74927771498,2.53135775112,2.53135775112,0.66428325862,0.4516897656,0,0.51099401747,0.5357617216,1.01211851525,1.01211851525,1.01211851526,1.01211851519,1.01211851519,1.72386040792,2.58226468166,2.58226468166,3.07686688899,3.07686688899,3.07686688899,3.07686688896,5.62232033864,5.62232033824,5.62232033904,5.62232033904,5.62232033904,5.62232033874,5.62232033874,5.62232033873,5.62232033866,5.62232033866,5.62232033876,5.62232033876,5.65213870837,8.8021456232,8.8021456232,8.80214562308,8.80214562308,8.8021456227,8.8021456227,8.8021456227,8.8021456227,8.8021456225,8.8021456227,8.8021456227,8.8021456227,8.8021456229,8.8021456229,8.8021456228628,8.8021456228628,8.8021456229,8.802145622625,8.802145622625,8.802145622625,8.802145622625,8.802145622625,8.802145622625,8.802145622625,8.802145622625,8.802145622625
"t64",5.749277714861,5.749277714861,5.74927771491,5.74927771491,5.74927771491,5.7492777149,5.7492777149,5.74927771491,5.74927771485,5.74927771485,5.74927771484,5.74927771484,5.74927771527,5.74927771527,5.74927771463,5.74927771463,5.74927771498,5.74927771498,5.74927771493,5.74927771493,5.74927771473,5.74927771473,5.7492777149,5.7492777149,5.7492777149,5.7492777149,5.74927771503,5.74927771493,5.74927771496,5.74927771496,5.74927771463,5.74927771514,5.74927771514,5.74927771491,5.74927771491,5.74927771491,5.74927771491,5.74927771491,5.74927771441,5.749277714948,5.749277714948,5.74927771491,2.53135775105,2.53135775105,0.66428325855,0.51099401747,0.51099401747,0,0.53576172153,1.01211851518,1.01211851518,1.01211851519,1.01211851512,1.01211851512,1.72386040785,2.58226468159,2.58226468159,3.07686688892,3.07686688892,3.07686688892,3.07686688889,5.62232033857,5.62232033817,5.62232033897,5.62232033897,5.62232033897,5.62232033867,5.62232033867,5.62232033866,5.62232033859,5.62232033859,5.62232033869,5.62232033869,5.6521387083,8.80214562313,8.80214562313,8.80214562301,8.80214562301,8.80214562263,8.80214562263,8.80214562263,8.80214562263,8.80214562243,8.80214562263,8.80214562263,8.80214562263,8.80214562283,8.80214562283,8.8021456227928,8.8021456227928,8.80214562283,8.802145622555,8.802145622555,8.802145622555,8.802145622555,8.802145622555,8.802145622555,8.802145622555,8.802145622555,8.802145622555
"t63",5.749277714931,5.749277714931,5.74927771498,5.74927771498,5.74927771498,5.74927771497,5.74927771497,5.74927771498,5.74927771492,5.74927771492,5.74927771491,5.74927771491,5.74927771534,5.74927771534,5.7492777147,5.7492777147,5.74927771505,5.74927771505,5.749277715,5.749277715,5.7492777148,5.7492777148,5.74927771497,5.74927771497,5.74927771497,5.74927771497,5.7492777151,5.749277715,5.74927771503,5.74927771503,5.7492777147,5.74927771521,5.74927771521,5.74927771498,5.74927771498,5.74927771498,5.74927771498,5.74927771498,5.74927771448,5.749277715018,5.749277715018,5.74927771498,2.53135775112,2.53135775112,0.66428325862,0.5357617216,0.5357617216,0.53576172153,0,1.01211851525,1.01211851525,1.01211851526,1.01211851519,1.01211851519,1.72386040792,2.58226468166,2.58226468166,3.07686688899,3.07686688899,3.07686688899,3.07686688896,5.62232033864,5.62232033824,5.62232033904,5.62232033904,5.62232033904,5.62232033874,5.62232033874,5.62232033873,5.62232033866,5.62232033866,5.62232033876,5.62232033876,5.65213870837,8.8021456232,8.8021456232,8.80214562308,8.80214562308,8.8021456227,8.8021456227,8.8021456227,8.8021456227,8.8021456225,8.8021456227,8.8021456227,8.8021456227,8.8021456229,8.8021456229,8.8021456228628,8.8021456228628,8.8021456229,8.802145622625,8.802145622625,8.802145622625,8.802145622625,8.802145622625,8.802145622625,8.802145622625,8.802145622625,8.802145622625
"t50",5.749277714941,5.749277714941,5.74927771499,5.74927771499,5.74927771499,5.74927771498,5.74927771498,5.74927771499,5.74927771493,5.74927771493,5.74927771492,5.74927771492,5.74927771535,5.74927771535,5.74927771471,5.74927771471,5.74927771506,5.74927771506,5.74927771501,5.74927771501,5.74927771481,5.74927771481,5.74927771498,5.74927771498,5.74927771498,5.74927771498,5.74927771511,5.74927771501,5.74927771504,5.74927771504,5.74927771471,5.74927771522,5.74927771522,5.74927771499,5.74927771499,5.74927771499,5.74927771499,5.74927771499,5.74927771449,5.749277715028,5.749277715028,5.74927771499,2.53135775113,2.53135775113,1.01211851523,1.01211851525,1.01211851525,1.01211851518,1.01211851525,0,0.721991272,0.83845153559,0.86528614766,0.86528614766,1.72386040793,2.58226468167,2.58226468167,3.076866889,3.076866889,3.076866889,3.07686688897,5.62232033865,5.62232033825,5.62232033905,5.62232033905,5.62232033905,5.62232033875,5.62232033875,5.62232033874,5.62232033867,5.62232033867,5.62232033877,5.62232033877,5.65213870838,8.80214562321,8.80214562321,8.80214562309,8.80214562309,8.80214562271,8.80214562271,8.80214562271,8.80214562271,8.80214562251,8.80214562271,8.80214562271,8.80214562271,8.80214562291,8.80214562291,8.8021456228728,8.8021456228728,8.80214562291,8.802145622635,8.802145622635,8.802145622635,8.802145622635,8.802145622635,8.802145622635,8.802145622635,8.802145622635,8.802145622635
"t51",5.749277714941,5.749277714941,5.74927771499,5.74927771499,5.74927771499,5.74927771498,5.74927771498,5.74927771499,5.74927771493,5.74927771493,5.74927771492,5.74927771492,5.74927771535,5.74927771535,5.74927771471,5.74927771471,5.74927771506,5.74927771506,5.74927771501,5.74927771501,5.74927771481,5.74927771481,5.74927771498,5.74927771498,5.74927771498,5.74927771498,5.74927771511,5.74927771501,5.74927771504,5.74927771504,5.74927771471,5.74927771522,5.74927771522,5.74927771499,5.74927771499,5.74927771499,5.74927771499,5.74927771499,5.74927771449,5.749277715028,5.749277715028,5.74927771499,2.53135775113,2.53135775113,1.01211851523,1.01211851525,1.01211851525,1.01211851518,1.01211851525,0.721991272,0,0.83845153559,0.86528614766,0.86528614766,1.72386040793,2.58226468167,2.58226468167,3.076866889,3.076866889,3.076866889,3.07686688897,5.62232033865,5.62232033825,5.62232033905,5.62232033905,5.62232033905,5.62232033875,5.62232033875,5.62232033874,5.62232033867,5.62232033867,5.62232033877,5.62232033877,5.65213870838,8.80214562321,8.80214562321,8.80214562309,8.80214562309,8.80214562271,8.80214562271,8.80214562271,8.80214562271,8.80214562251,8.80214562271,8.80214562271,8.80214562271,8.80214562291,8.80214562291,8.8021456228728,8.8021456228728,8.80214562291,8.802145622635,8.802145622635,8.802145622635,8.802145622635,8.802145622635,8.802145622635,8.802145622635,8.802145622635,8.802145622635
"t47",5.749277714951,5.749277714951,5.749277715,5.749277715,5.749277715,5.74927771499,5.74927771499,5.749277715,5.74927771494,5.74927771494,5.74927771493,5.74927771493,5.74927771536,5.74927771536,5.74927771472,5.74927771472,5.74927771507,5.74927771507,5.74927771502,5.74927771502,5.74927771482,5.74927771482,5.74927771499,5.74927771499,5.74927771499,5.74927771499,5.74927771512,5.74927771502,5.74927771505,5.74927771505,5.74927771472,5.74927771523,5.74927771523,5.749277715,5.749277715,5.749277715,5.749277715,5.749277715,5.7492777145,5.749277715038,5.749277715038,5.749277715,2.53135775114,2.53135775114,1.01211851524,1.01211851526,1.01211851526,1.01211851519,1.01211851526,0.83845153559,0.83845153559,0,0.86528614767,0.86528614767,1.72386040794,2.58226468168,2.58226468168,3.07686688901,3.07686688901,3.07686688901,3.07686688898,5.62232033866,5.62232033826,5.62232033906,5.62232033906,5.62232033906,5.62232033876,5.62232033876,5.62232033875,5.62232033868,5.62232033868,5.62232033878,5.62232033878,5.65213870839,8.80214562322,8.80214562322,8.8021456231,8.8021456231,8.80214562272,8.80214562272,8.80214562272,8.80214562272,8.80214562252,8.80214562272,8.80214562272,8.80214562272,8.80214562292,8.80214562292,8.8021456228828,8.8021456228828,8.80214562292,8.802145622645,8.802145622645,8.802145622645,8.802145622645,8.802145622645,8.802145622645,8.802145622645,8.802145622645,8.802145622645
"t78",5.749277714881,5.749277714881,5.74927771493,5.74927771493,5.74927771493,5.74927771492,5.74927771492,5.74927771493,5.74927771487,5.74927771487,5.74927771486,5.74927771486,5.74927771529,5.74927771529,5.74927771465,5.74927771465,5.749277715,5.749277715,5.74927771495,5.74927771495,5.74927771475,5.74927771475,5.74927771492,5.74927771492,5.74927771492,5.74927771492,5.74927771505,5.74927771495,5.74927771498,5.74927771498,5.74927771465,5.74927771516,5.74927771516,5.74927771493,5.74927771493,5.74927771493,5.74927771493,5.74927771493,5.74927771443,5.749277714968,5.749277714968,5.74927771493,2.53135775107,2.53135775107,1.01211851517,1.01211851519,1.01211851519,1.01211851512,1.01211851519,0.86528614766,0.86528614766,0.86528614767,0,0.2692678748,1.72386040787,2.58226468161,2.58226468161,3.07686688894,3.07686688894,3.07686688894,3.07686688891,5.62232033859,5.62232033819,5.62232033899,5.62232033899,5.62232033899,5.62232033869,5.62232033869,5.62232033868,5.62232033861,5.62232033861,5.62232033871,5.62232033871,5.65213870832,8.80214562315,8.80214562315,8.80214562303,8.80214562303,8.80214562265,8.80214562265,8.80214562265,8.80214562265,8.80214562245,8.80214562265,8.80214562265,8.80214562265,8.80214562285,8.80214562285,8.8021456228128,8.8021456228128,8.80214562285,8.802145622575,8.802145622575,8.802145622575,8.802145622575,8.802145622575,8.802145622575,8.802145622575,8.802145622575,8.802145622575
"t79",5.749277714881,5.749277714881,5.74927771493,5.74927771493,5.74927771493,5.74927771492,5.74927771492,5.74927771493,5.74927771487,5.74927771487,5.74927771486,5.74927771486,5.74927771529,5.74927771529,5.74927771465,5.74927771465,5.749277715,5.749277715,5.74927771495,5.74927771495,5.74927771475,5.74927771475,5.74927771492,5.74927771492,5.74927771492,5.74927771492,5.74927771505,5.74927771495,5.74927771498,5.74927771498,5.74927771465,5.74927771516,5.74927771516,5.74927771493,5.74927771493,5.74927771493,5.74927771493,5.74927771493,5.74927771443,5.749277714968,5.749277714968,5.74927771493,2.53135775107,2.53135775107,1.01211851517,1.01211851519,1.01211851519,1.01211851512,1.01211851519,0.86528614766,0.86528614766,0.86528614767,0.2692678748,0,1.72386040787,2.58226468161,2.58226468161,3.07686688894,3.07686688894,3.07686688894,3.07686688891,5.62232033859,5.62232033819,5.62232033899,5.62232033899,5.62232033899,5.62232033869,5.62232033869,5.62232033868,5.62232033861,5.62232033861,5.62232033871,5.62232033871,5.65213870832,8.80214562315,8.80214562315,8.80214562303,8.80214562303,8.80214562265,8.80214562265,8.80214562265,8.80214562265,8.80214562245,8.80214562265,8.80214562265,8.80214562265,8.80214562285,8.80214562285,8.8021456228128,8.8021456228128,8.80214562285,8.802145622575,8.802145622575,8.802145622575,8.802145622575,8.802145622575,8.802145622575,8.802145622575,8.802145622575,8.802145622575
"t22",5.749277715011,5.749277715011,5.74927771506,5.74927771506,5.74927771506,5.74927771505,5.74927771505,5.74927771506,5.749277715,5.749277715,5.74927771499,5.74927771499,5.74927771542,5.74927771542,5.74927771478,5.74927771478,5.74927771513,5.74927771513,5.74927771508,5.74927771508,5.74927771488,5.74927771488,5.74927771505,5.74927771505,5.74927771505,5.74927771505,5.74927771518,5.74927771508,5.74927771511,5.74927771511,5.74927771478,5.74927771529,5.74927771529,5.74927771506,5.74927771506,5.74927771506,5.74927771506,5.74927771506,5.74927771456,5.749277715098,5.749277715098,5.74927771506,2.5313577512,2.5313577512,1.7238604079,1.72386040792,1.72386040792,1.72386040785,1.72386040792,1.72386040793,1.72386040793,1.72386040794,1.72386040787,1.72386040787,0,2.58226468174,2.58226468174,3.07686688907,3.07686688907,3.07686688907,3.07686688904,5.62232033872,5.62232033832,5.62232033912,5.62232033912,5.62232033912,5.62232033882,5.62232033882,5.62232033881,5.62232033874,5.62232033874,5.62232033884,5.62232033884,5.65213870845,8.80214562328,8.80214562328,8.80214562316,8.80214562316,8.80214562278,8.80214562278,8.80214562278,8.80214562278,8.80214562258,8.80214562278,8.80214562278,8.80214562278,8.80214562298,8.80214562298,8.8021456229428,8.8021456229428,8.80214562298,8.802145622705,8.802145622705,8.802145622705,8.802145622705,8.802145622705,8.802145622705,8.802145622705,8.802145622705,8.802145622705
"t29",5.749277714871,5.749277714871,5.74927771492,5.74927771492,5.74927771492,5.74927771491,5.74927771491,5.74927771492,5.74927771486,5.74927771486,5.74927771485,5.74927771485,5.74927771528,5.74927771528,5.74927771464,5.74927771464,5.74927771499,5.74927771499,5.74927771494,5.74927771494,5.74927771474,5.74927771474,5.74927771491,5.74927771491,5.74927771491,5.74927771491,5.74927771504,5.74927771494,5.74927771497,5.74927771497,5.74927771464,5.74927771515,5.74927771515,5.74927771492,5.74927771492,5.74927771492,5.74927771492,5.74927771492,5.74927771442,5.749277714958,5.749277714958,5.74927771492,2.58226468174,2.58226468174,2.58226468164,2.58226468166,2.58226468166,2.58226468159,2.58226468166,2.58226468167,2.58226468167,2.58226468168,2.58226468161,2.58226468161,2.58226468174,0,1.4487598176,3.07686688893,3.07686688893,3.07686688893,3.0768668889,5.62232033858,5.62232033818,5.62232033898,5.62232033898,5.62232033898,5.62232033868,5.62232033868,5.62232033867,5.6223203386,5.6223203386,5.6223203387,5.6223203387,5.65213870831,8.80214562314,8.80214562314,8.80214562302,8.80214562302,8.80214562264,8.80214562264,8.80214562264,8.80214562264,8.80214562244,8.80214562264,8.80214562264,8.80214562264,8.80214562284,8.80214562284,8.8021456228028,8.8021456228028,8.80214562284,8.802145622565,8.802145622565,8.802145622565,8.802145622565,8.802145622565,8.802145622565,8.802145622565,8.802145622565,8.802145622565
"t30",5.749277714871,5.749277714871,5.74927771492,5.74927771492,5.74927771492,5.74927771491,5.74927771491,5.74927771492,5.74927771486,5.74927771486,5.74927771485,5.74927771485,5.74927771528,5.74927771528,5.74927771464,5.74927771464,5.74927771499,5.74927771499,5.74927771494,5.74927771494,5.74927771474,5.74927771474,5.74927771491,5.74927771491,5.74927771491,5.74927771491,5.74927771504,5.74927771494,5.74927771497,5.74927771497,5.74927771464,5.74927771515,5.74927771515,5.74927771492,5.74927771492,5.74927771492,5.74927771492,5.74927771492,5.74927771442,5.749277714958,5.749277714958,5.74927771492,2.58226468174,2.58226468174,2.58226468164,2.58226468166,2.58226468166,2.58226468159,2.58226468166,2.58226468167,2.58226468167,2.58226468168,2.58226468161,2.58226468161,2.58226468174,1.4487598176,0,3.07686688893,3.07686688893,3.07686688893,3.0768668889,5.62232033858,5.62232033818,5.62232033898,5.62232033898,5.62232033898,5.62232033868,5.62232033868,5.62232033867,5.6223203386,5.6223203386,5.6223203387,5.6223203387,5.65213870831,8.80214562314,8.80214562314,8.80214562302,8.80214562302,8.80214562264,8.80214562264,8.80214562264,8.80214562264,8.80214562244,8.80214562264,8.80214562264,8.80214562264,8.80214562284,8.80214562284,8.8021456228028,8.8021456228028,8.80214562284,8.802145622565,8.802145622565,8.802145622565,8.802145622565,8.802145622565,8.802145622565,8.802145622565,8.802145622565,8.802145622565
"t33",5.749277715001,5.749277715001,5.74927771505,5.74927771505,5.74927771505,5.74927771504,5.74927771504,5.74927771505,5.74927771499,5.74927771499,5.74927771498,5.74927771498,5.74927771541,5.74927771541,5.74927771477,5.74927771477,5.74927771512,5.74927771512,5.74927771507,5.74927771507,5.74927771487,5.74927771487,5.74927771504,5.74927771504,5.74927771504,5.74927771504,5.74927771517,5.74927771507,5.7492777151,5.7492777151,5.74927771477,5.74927771528,5.74927771528,5.74927771505,5.74927771505,5.74927771505,5.74927771505,5.74927771505,5.74927771455,5.749277715088,5.749277715088,5.74927771505,3.07686688907,3.07686688907,3.07686688897,3.07686688899,3.07686688899,3.07686688892,3.07686688899,3.076866889,3.076866889,3.07686688901,3.07686688894,3.07686688894,3.07686688907,3.07686688893,3.07686688893,0,1.3403911308,1.5572899166,1.59894329223,5.62232033871,5.62232033831,5.62232033911,5.62232033911,5.62232033911,5.62232033881,5.62232033881,5.6223203388,5.62232033873,5.62232033873,5.62232033883,5.62232033883,5.65213870844,8.80214562327,8.80214562327,8.80214562315,8.80214562315,8.80214562277,8.80214562277,8.80214562277,8.80214562277,8.80214562257,8.80214562277,8.80214562277,8.80214562277,8.80214562297,8.80214562297,8.8021456229328,8.8021456229328,8.80214562297,8.802145622695,8.802145622695,8.802145622695,8.802145622695,8.802145622695,8.802145622695,8.802145622695,8.802145622695,8.802145622695
"t34",5.749277715001,5.749277715001,5.74927771505,5.74927771505,5.74927771505,5.74927771504,5.74927771504,5.74927771505,5.74927771499,5.74927771499,5.74927771498,5.74927771498,5.74927771541,5.74927771541,5.74927771477,5.74927771477,5.74927771512,5.74927771512,5.74927771507,5.74927771507,5.74927771487,5.74927771487,5.74927771504,5.74927771504,5.74927771504,5.74927771504,5.74927771517,5.74927771507,5.7492777151,5.7492777151,5.74927771477,5.74927771528,5.74927771528,5.74927771505,5.74927771505,5.74927771505,5.74927771505,5.74927771505,5.74927771455,5.749277715088,5.749277715088,5.74927771505,3.07686688907,3.07686688907,3.07686688897,3.07686688899,3.07686688899,3.07686688892,3.07686688899,3.076866889,3.076866889,3.07686688901,3.07686688894,3.07686688894,3.07686688907,3.07686688893,3.07686688893,1.3403911308,0,1.5572899166,1.59894329223,5.62232033871,5.62232033831,5.62232033911,5.62232033911,5.62232033911,5.62232033881,5.62232033881,5.6223203388,5.62232033873,5.62232033873,5.62232033883,5.62232033883,5.65213870844,8.80214562327,8.80214562327,8.80214562315,8.80214562315,8.80214562277,8.80214562277,8.80214562277,8.80214562277,8.80214562257,8.80214562277,8.80214562277,8.80214562277,8.80214562297,8.80214562297,8.8021456229328,8.8021456229328,8.80214562297,8.802145622695,8.802145622695,8.802145622695,8.802145622695,8.802145622695,8.802145622695,8.802145622695,8.802145622695,8.802145622695
"t28",5.749277715001,5.749277715001,5.74927771505,5.74927771505,5.74927771505,5.74927771504,5.74927771504,5.74927771505,5.74927771499,5.74927771499,5.74927771498,5.74927771498,5.74927771541,5.74927771541,5.74927771477,5.74927771477,5.74927771512,5.74927771512,5.74927771507,5.74927771507,5.74927771487,5.74927771487,5.74927771504,5.74927771504,5.74927771504,5.74927771504,5.74927771517,5.74927771507,5.7492777151,5.7492777151,5.74927771477,5.74927771528,5.74927771528,5.74927771505,5.74927771505,5.74927771505,5.74927771505,5.74927771505,5.74927771455,5.749277715088,5.749277715088,5.74927771505,3.07686688907,3.07686688907,3.07686688897,3.07686688899,3.07686688899,3.07686688892,3.07686688899,3.076866889,3.076866889,3.07686688901,3.07686688894,3.07686688894,3.07686688907,3.07686688893,3.07686688893,1.5572899166,1.5572899166,0,1.59894329223,5.62232033871,5.62232033831,5.62232033911,5.62232033911,5.62232033911,5.62232033881,5.62232033881,5.6223203388,5.62232033873,5.62232033873,5.62232033883,5.62232033883,5.65213870844,8.80214562327,8.80214562327,8.80214562315,8.80214562315,8.80214562277,8.80214562277,8.80214562277,8.80214562277,8.80214562257,8.80214562277,8.80214562277,8.80214562277,8.80214562297,8.80214562297,8.8021456229328,8.8021456229328,8.80214562297,8.802145622695,8.802145622695,8.802145622695,8.802145622695,8.802145622695,8.802145622695,8.802145622695,8.802145622695,8.802145622695
"t24",5.749277714971,5.749277714971,5.74927771502,5.74927771502,5.74927771502,5.74927771501,5.74927771501,5.74927771502,5.74927771496,5.74927771496,5.74927771495,5.74927771495,5.74927771538,5.74927771538,5.74927771474,5.74927771474,5.74927771509,5.74927771509,5.74927771504,5.74927771504,5.74927771484,5.74927771484,5.74927771501,5.74927771501,5.74927771501,5.74927771501,5.74927771514,5.74927771504,5.74927771507,5.74927771507,5.74927771474,5.74927771525,5.74927771525,5.74927771502,5.74927771502,5.74927771502,5.74927771502,5.74927771502,5.74927771452,5.749277715058,5.749277715058,5.74927771502,3.07686688904,3.07686688904,3.07686688894,3.07686688896,3.07686688896,3.07686688889,3.07686688896,3.07686688897,3.07686688897,3.07686688898,3.07686688891,3.07686688891,3.07686688904,3.0768668889,3.0768668889,1.59894329223,1.59894329223,1.59894329223,0,5.62232033868,5.62232033828,5.62232033908,5.62232033908,5.62232033908,5.62232033878,5.62232033878,5.62232033877,5.6223203387,5.6223203387,5.6223203388,5.6223203388,5.65213870841,8.80214562324,8.80214562324,8.80214562312,8.80214562312,8.80214562274,8.80214562274,8.80214562274,8.80214562274,8.80214562254,8.80214562274,8.80214562274,8.80214562274,8.80214562294,8.80214562294,8.8021456229028,8.8021456229028,8.80214562294,8.802145622665,8.802145622665,8.802145622665,8.802145622665,8.802145622665,8.802145622665,8.802145622665,8.802145622665,8.802145622665
"t4",5.749277714651,5.749277714651,5.7492777147,5.7492777147,5.7492777147,5.74927771469,5.74927771469,5.7492777147,5.74927771464,5.74927771464,5.74927771463,5.74927771463,5.74927771506,5.74927771506,5.74927771442,5.74927771442,5.74927771477,5.74927771477,5.74927771472,5.74927771472,5.74927771452,5.74927771452,5.74927771469,5.74927771469,5.74927771469,5.74927771469,5.74927771482,5.74927771472,5.74927771475,5.74927771475,5.74927771442,5.74927771493,5.74927771493,5.7492777147,5.7492777147,5.7492777147,5.7492777147,5.7492777147,5.7492777142,5.749277714738,5.749277714738,5.7492777147,5.62232033872,5.62232033872,5.62232033862,5.62232033864,5.62232033864,5.62232033857,5.62232033864,5.62232033865,5.62232033865,5.62232033866,5.62232033859,5.62232033859,5.62232033872,5.62232033858,5.62232033858,5.62232033871,5.62232033871,5.62232033871,5.62232033868,0,3.3946931276,3.3946931284,3.3946931284,3.3946931284,3.53621275446,3.53621275446,3.53621275445,3.53621275438,3.53621275438,3.53621275448,3.53621275448,5.65213870809,8.80214562292,8.80214562292,8.8021456228,8.8021456228,8.80214562242,8.80214562242,8.80214562242,8.80214562242,8.80214562222,8.80214562242,8.80214562242,8.80214562242,8.80214562262,8.80214562262,8.8021456225828,8.8021456225828,8.80214562262,8.802145622345,8.802145622345,8.802145622345,8.802145622345,8.802145622345,8.802145622345,8.802145622345,8.802145622345,8.802145622345
"t7",5.749277714251,5.749277714251,5.7492777143,5.7492777143,5.7492777143,5.74927771429,5.74927771429,5.7492777143,5.74927771424,5.74927771424,5.74927771423,5.74927771423,5.74927771466,5.74927771466,5.74927771402,5.74927771402,5.74927771437,5.74927771437,5.74927771432,5.74927771432,5.74927771412,5.74927771412,5.74927771429,5.74927771429,5.74927771429,5.74927771429,5.74927771442,5.74927771432,5.74927771435,5.74927771435,5.74927771402,5.74927771453,5.74927771453,5.7492777143,5.7492777143,5.7492777143,5.7492777143,5.7492777143,5.7492777138,5.749277714338,5.749277714338,5.7492777143,5.62232033832,5.62232033832,5.62232033822,5.62232033824,5.62232033824,5.62232033817,5.62232033824,5.62232033825,5.62232033825,5.62232033826,5.62232033819,5.62232033819,5.62232033832,5.62232033818,5.62232033818,5.62232033831,5.62232033831,5.62232033831,5.62232033828,3.3946931276,0,2.9399978908,2.9399978908,2.9399978908,3.53621275406,3.53621275406,3.53621275405,3.53621275398,3.53621275398,3.53621275408,3.53621275408,5.65213870769,8.80214562252,8.80214562252,8.8021456224,8.8021456224,8.80214562202,8.80214562202,8.80214562202,8.80214562202,8.80214562182,8.80214562202,8.80214562202,8.80214562202,8.80214562222,8.80214562222,8.8021456221828,8.8021456221828,8.80214562222,8.802145621945,8.802145621945,8.802145621945,8.802145621945,8.802145621945,8.802145621945,8.802145621945,8.802145621945,8.802145621945
"t8",5.749277715051,5.749277715051,5.7492777151,5.7492777151,5.7492777151,5.74927771509,5.74927771509,5.7492777151,5.74927771504,5.74927771504,5.74927771503,5.74927771503,5.74927771546,5.74927771546,5.74927771482,5.74927771482,5.74927771517,5.74927771517,5.74927771512,5.74927771512,5.74927771492,5.74927771492,5.74927771509,5.74927771509,5.74927771509,5.74927771509,5.74927771522,5.74927771512,5.74927771515,5.74927771515,5.74927771482,5.74927771533,5.74927771533,5.7492777151,5.7492777151,5.7492777151,5.7492777151,5.7492777151,5.7492777146,5.749277715138,5.749277715138,5.7492777151,5.62232033912,5.62232033912,5.62232033902,5.62232033904,5.62232033904,5.62232033897,5.62232033904,5.62232033905,5.62232033905,5.62232033906,5.62232033899,5.62232033899,5.62232033912,5.62232033898,5.62232033898,5.62232033911,5.62232033911,5.62232033911,5.62232033908,3.3946931284,2.9399978908,0,2.73890467,2.73890467,3.53621275486,3.53621275486,3.53621275485,3.53621275478,3.53621275478,3.53621275488,3.53621275488,5.65213870849,8.80214562332,8.80214562332,8.8021456232,8.8021456232,8.80214562282,8.80214562282,8.80214562282,8.80214562282,8.80214562262,8.80214562282,8.80214562282,8.80214562282,8.80214562302,8.80214562302,8.8021456229828,8.8021456229828,8.80214562302,8.802145622745,8.802145622745,8.802145622745,8.802145622745,8.802145622745,8.802145622745,8.802145622745,8.802145622745,8.802145622745
"t59",5.749277715051,5.749277715051,5.7492777151,5.7492777151,5.7492777151,5.74927771509,5.74927771509,5.7492777151,5.74927771504,5.74927771504,5.74927771503,5.74927771503,5.74927771546,5.74927771546,5.74927771482,5.74927771482,5.74927771517,5.74927771517,5.74927771512,5.74927771512,5.74927771492,5.74927771492,5.74927771509,5.74927771509,5.74927771509,5.74927771509,5.74927771522,5.74927771512,5.74927771515,5.74927771515,5.74927771482,5.74927771533,5.74927771533,5.7492777151,5.7492777151,5.7492777151,5.7492777151,5.7492777151,5.7492777146,5.749277715138,5.749277715138,5.7492777151,5.62232033912,5.62232033912,5.62232033902,5.62232033904,5.62232033904,5.62232033897,5.62232033904,5.62232033905,5.62232033905,5.62232033906,5.62232033899,5.62232033899,5.62232033912,5.62232033898,5.62232033898,5.62232033911,5.62232033911,5.62232033911,5.62232033908,3.3946931284,2.9399978908,2.73890467,0,0.584148382,3.53621275486,3.53621275486,3.53621275485,3.53621275478,3.53621275478,3.53621275488,3.53621275488,5.65213870849,8.80214562332,8.80214562332,8.8021456232,8.8021456232,8.80214562282,8.80214562282,8.80214562282,8.80214562282,8.80214562262,8.80214562282,8.80214562282,8.80214562282,8.80214562302,8.80214562302,8.8021456229828,8.8021456229828,8.80214562302,8.802145622745,8.802145622745,8.802145622745,8.802145622745,8.802145622745,8.802145622745,8.802145622745,8.802145622745,8.802145622745
"t60",5.749277715051,5.749277715051,5.7492777151,5.7492777151,5.7492777151,5.74927771509,5.74927771509,5.7492777151,5.74927771504,5.74927771504,5.74927771503,5.74927771503,5.74927771546,5.74927771546,5.74927771482,5.74927771482,5.74927771517,5.74927771517,5.74927771512,5.74927771512,5.74927771492,5.74927771492,5.74927771509,5.74927771509,5.74927771509,5.74927771509,5.74927771522,5.74927771512,5.74927771515,5.74927771515,5.74927771482,5.74927771533,5.74927771533,5.7492777151,5.7492777151,5.7492777151,5.7492777151,5.7492777151,5.7492777146,5.749277715138,5.749277715138,5.7492777151,5.62232033912,5.62232033912,5.62232033902,5.62232033904,5.62232033904,5.62232033897,5.62232033904,5.62232033905,5.62232033905,5.62232033906,5.62232033899,5.62232033899,5.62232033912,5.62232033898,5.62232033898,5.62232033911,5.62232033911,5.62232033911,5.62232033908,3.3946931284,2.9399978908,2.73890467,0.584148382,0,3.53621275486,3.53621275486,3.53621275485,3.53621275478,3.53621275478,3.53621275488,3.53621275488,5.65213870849,8.80214562332,8.80214562332,8.8021456232,8.8021456232,8.80214562282,8.80214562282,8.80214562282,8.80214562282,8.80214562262,8.80214562282,8.80214562282,8.80214562282,8.80214562302,8.80214562302,8.8021456229828,8.8021456229828,8.80214562302,8.802145622745,8.802145622745,8.802145622745,8.802145622745,8.802145622745,8.802145622745,8.802145622745,8.802145622745,8.802145622745
"t89",5.749277714751,5.749277714751,5.7492777148,5.7492777148,5.7492777148,5.74927771479,5.74927771479,5.7492777148,5.74927771474,5.74927771474,5.74927771473,5.74927771473,5.74927771516,5.74927771516,5.74927771452,5.74927771452,5.74927771487,5.74927771487,5.74927771482,5.74927771482,5.74927771462,5.74927771462,5.74927771479,5.74927771479,5.74927771479,5.74927771479,5.74927771492,5.74927771482,5.74927771485,5.74927771485,5.74927771452,5.74927771503,5.74927771503,5.7492777148,5.7492777148,5.7492777148,5.7492777148,5.7492777148,5.7492777143,5.749277714838,5.749277714838,5.7492777148,5.62232033882,5.62232033882,5.62232033872,5.62232033874,5.62232033874,5.62232033867,5.62232033874,5.62232033875,5.62232033875,5.62232033876,5.62232033869,5.62232033869,5.62232033882,5.62232033868,5.62232033868,5.62232033881,5.62232033881,5.62232033881,5.62232033878,3.53621275446,3.53621275406,3.53621275486,3.53621275486,3.53621275486,0,0.0758643627,0.10364274335,1.03236906308,1.75353068728,2.93336186438,2.93336186438,5.65213870819,8.80214562302,8.80214562302,8.8021456229,8.8021456229,8.80214562252,8.80214562252,8.80214562252,8.80214562252,8.80214562232,8.80214562252,8.80214562252,8.80214562252,8.80214562272,8.80214562272,8.8021456226828,8.8021456226828,8.80214562272,8.802145622445,8.802145622445,8.802145622445,8.802145622445,8.802145622445,8.802145622445,8.802145622445,8.802145622445,8.802145622445
"t90",5.749277714751,5.749277714751,5.7492777148,5.7492777148,5.7492777148,5.74927771479,5.74927771479,5.7492777148,5.74927771474,5.74927771474,5.74927771473,5.74927771473,5.74927771516,5.74927771516,5.74927771452,5.74927771452,5.74927771487,5.74927771487,5.74927771482,5.74927771482,5.74927771462,5.74927771462,5.74927771479,5.74927771479,5.74927771479,5.74927771479,5.74927771492,5.74927771482,5.74927771485,5.74927771485,5.74927771452,5.74927771503,5.74927771503,5.7492777148,5.7492777148,5.7492777148,5.7492777148,5.7492777148,5.7492777143,5.749277714838,5.749277714838,5.7492777148,5.62232033882,5.62232033882,5.62232033872,5.62232033874,5.62232033874,5.62232033867,5.62232033874,5.62232033875,5.62232033875,5.62232033876,5.62232033869,5.62232033869,5.62232033882,5.62232033868,5.62232033868,5.62232033881,5.62232033881,5.62232033881,5.62232033878,3.53621275446,3.53621275406,3.53621275486,3.53621275486,3.53621275486,0.0758643627,0,0.10364274335,1.03236906308,1.75353068728,2.93336186438,2.93336186438,5.65213870819,8.80214562302,8.80214562302,8.8021456229,8.8021456229,8.80214562252,8.80214562252,8.80214562252,8.80214562252,8.80214562232,8.80214562252,8.80214562252,8.80214562252,8.80214562272,8.80214562272,8.8021456226828,8.8021456226828,8.80214562272,8.802145622445,8.802145622445,8.802145622445,8.802145622445,8.802145622445,8.802145622445,8.802145622445,8.802145622445,8.802145622445
"t82",5.749277714741,5.749277714741,5.74927771479,5.74927771479,5.74927771479,5.74927771478,5.74927771478,5.74927771479,5.74927771473,5.74927771473,5.74927771472,5.74927771472,5.74927771515,5.74927771515,5.74927771451,5.74927771451,5.74927771486,5.74927771486,5.74927771481,5.74927771481,5.74927771461,5.74927771461,5.74927771478,5.74927771478,5.74927771478,5.74927771478,5.74927771491,5.74927771481,5.74927771484,5.74927771484,5.74927771451,5.74927771502,5.74927771502,5.74927771479,5.74927771479,5.74927771479,5.74927771479,5.74927771479,5.74927771429,5.749277714828,5.749277714828,5.74927771479,5.62232033881,5.62232033881,5.62232033871,5.62232033873,5.62232033873,5.62232033866,5.62232033873,5.62232033874,5.62232033874,5.62232033875,5.62232033868,5.62232033868,5.62232033881,5.62232033867,5.62232033867,5.6223203388,5.6223203388,5.6223203388,5.62232033877,3.53621275445,3.53621275405,3.53621275485,3.53621275485,3.53621275485,0.10364274335,0.10364274335,0,1.03236906307,1.75353068727,2.93336186437,2.93336186437,5.65213870818,8.80214562301,8.80214562301,8.80214562289,8.80214562289,8.80214562251,8.80214562251,8.80214562251,8.80214562251,8.80214562231,8.80214562251,8.80214562251,8.80214562251,8.80214562271,8.80214562271,8.8021456226728,8.8021456226728,8.80214562271,8.802145622435,8.802145622435,8.802145622435,8.802145622435,8.802145622435,8.802145622435,8.802145622435,8.802145622435,8.802145622435
"t39",5.749277714671,5.749277714671,5.74927771472,5.74927771472,5.74927771472,5.74927771471,5.74927771471,5.74927771472,5.74927771466,5.74927771466,5.74927771465,5.74927771465,5.74927771508,5.74927771508,5.74927771444,5.74927771444,5.74927771479,5.74927771479,5.74927771474,5.74927771474,5.74927771454,5.74927771454,5.74927771471,5.74927771471,5.74927771471,5.74927771471,5.74927771484,5.74927771474,5.74927771477,5.74927771477,5.74927771444,5.74927771495,5.74927771495,5.74927771472,5.74927771472,5.74927771472,5.74927771472,5.74927771472,5.74927771422,5.749277714758,5.749277714758,5.74927771472,5.62232033874,5.62232033874,5.62232033864,5.62232033866,5.62232033866,5.62232033859,5.62232033866,5.62232033867,5.62232033867,5.62232033868,5.62232033861,5.62232033861,5.62232033874,5.6223203386,5.6223203386,5.62232033873,5.62232033873,5.62232033873,5.6223203387,3.53621275438,3.53621275398,3.53621275478,3.53621275478,3.53621275478,1.03236906308,1.03236906308,1.03236906307,0,1.7535306872,2.9333618643,2.9333618643,5.65213870811,8.80214562294,8.80214562294,8.80214562282,8.80214562282,8.80214562244,8.80214562244,8.80214562244,8.80214562244,8.80214562224,8.80214562244,8.80214562244,8.80214562244,8.80214562264,8.80214562264,8.8021456226028,8.8021456226028,8.80214562264,8.802145622365,8.802145622365,8.802145622365,8.802145622365,8.802145622365,8.802145622365,8.802145622365,8.802145622365,8.802145622365
"t21",5.749277714671,5.749277714671,5.74927771472,5.74927771472,5.74927771472,5.74927771471,5.74927771471,5.74927771472,5.74927771466,5.74927771466,5.74927771465,5.74927771465,5.74927771508,5.74927771508,5.74927771444,5.74927771444,5.74927771479,5.74927771479,5.74927771474,5.74927771474,5.74927771454,5.74927771454,5.74927771471,5.74927771471,5.74927771471,5.74927771471,5.74927771484,5.74927771474,5.74927771477,5.74927771477,5.74927771444,5.74927771495,5.74927771495,5.74927771472,5.74927771472,5.74927771472,5.74927771472,5.74927771472,5.74927771422,5.749277714758,5.749277714758,5.74927771472,5.62232033874,5.62232033874,5.62232033864,5.62232033866,5.62232033866,5.62232033859,5.62232033866,5.62232033867,5.62232033867,5.62232033868,5.62232033861,5.62232033861,5.62232033874,5.6223203386,5.6223203386,5.62232033873,5.62232033873,5.62232033873,5.6223203387,3.53621275438,3.53621275398,3.53621275478,3.53621275478,3.53621275478,1.75353068728,1.75353068728,1.75353068727,1.7535306872,0,2.9333618643,2.9333618643,5.65213870811,8.80214562294,8.80214562294,8.80214562282,8.80214562282,8.80214562244,8.80214562244,8.80214562244,8.80214562244,8.80214562224,8.80214562244,8.80214562244,8.80214562244,8.80214562264,8.80214562264,8.8021456226028,8.8021456226028,8.80214562264,8.802145622365,8.802145622365,8.802145622365,8.802145622365,8.802145622365,8.802145622365,8.802145622365,8.802145622365,8.802145622365
"t10",5.749277714771,5.749277714771,5.74927771482,5.74927771482,5.74927771482,5.74927771481,5.74927771481,5.74927771482,5.74927771476,5.74927771476,5.74927771475,5.74927771475,5.74927771518,5.74927771518,5.74927771454,5.74927771454,5.74927771489,5.74927771489,5.74927771484,5.74927771484,5.74927771464,5.74927771464,5.74927771481,5.74927771481,5.74927771481,5.74927771481,5.74927771494,5.74927771484,5.74927771487,5.74927771487,5.74927771454,5.74927771505,5.74927771505,5.74927771482,5.74927771482,5.74927771482,5.74927771482,5.74927771482,5.74927771432,5.749277714858,5.749277714858,5.74927771482,5.62232033884,5.62232033884,5.62232033874,5.62232033876,5.62232033876,5.62232033869,5.62232033876,5.62232033877,5.62232033877,5.62232033878,5.62232033871,5.62232033871,5.62232033884,5.6223203387,5.6223203387,5.62232033883,5.62232033883,5.62232033883,5.6223203388,3.53621275448,3.53621275408,3.53621275488,3.53621275488,3.53621275488,2.93336186438,2.93336186438,2.93336186437,2.9333618643,2.9333618643,0,2.351192342,5.65213870821,8.80214562304,8.80214562304,8.80214562292,8.80214562292,8.80214562254,8.80214562254,8.80214562254,8.80214562254,8.80214562234,8.80214562254,8.80214562254,8.80214562254,8.80214562274,8.80214562274,8.8021456227028,8.8021456227028,8.80214562274,8.802145622465,8.802145622465,8.802145622465,8.802145622465,8.802145622465,8.802145622465,8.802145622465,8.802145622465,8.802145622465
"t11",5.749277714771,5.749277714771,5.74927771482,5.74927771482,5.74927771482,5.74927771481,5.74927771481,5.74927771482,5.74927771476,5.74927771476,5.74927771475,5.74927771475,5.74927771518,5.74927771518,5.74927771454,5.74927771454,5.74927771489,5.74927771489,5.74927771484,5.74927771484,5.74927771464,5.74927771464,5.74927771481,5.74927771481,5.74927771481,5.74927771481,5.74927771494,5.74927771484,5.74927771487,5.74927771487,5.74927771454,5.74927771505,5.74927771505,5.74927771482,5.74927771482,5.74927771482,5.74927771482,5.74927771482,5.74927771432,5.749277714858,5.749277714858,5.74927771482,5.62232033884,5.62232033884,5.62232033874,5.62232033876,5.62232033876,5.62232033869,5.62232033876,5.62232033877,5.62232033877,5.62232033878,5.62232033871,5.62232033871,5.62232033884,5.6223203387,5.6223203387,5.62232033883,5.62232033883,5.62232033883,5.6223203388,3.53621275448,3.53621275408,3.53621275488,3.53621275488,3.53621275488,2.93336186438,2.93336186438,2.93336186437,2.9333618643,2.9333618643,2.351192342,0,5.65213870821,8.80214562304,8.80214562304,8.80214562292,8.80214562292,8.80214562254,8.80214562254,8.80214562254,8.80214562254,8.80214562234,8.80214562254,8.80214562254,8.80214562254,8.80214562274,8.80214562274,8.8021456227028,8.8021456227028,8.80214562274,8.802145622465,8.802145622465,8.802145622465,8.802145622465,8.802145622465,8.802145622465,8.802145622465,8.802145622465,8.802145622465
"t1",5.749277714561,5.749277714561,5.74927771461,5.74927771461,5.74927771461,5.7492777146,5.7492777146,5.74927771461,5.74927771455,5.74927771455,5.74927771454,5.74927771454,5.74927771497,5.74927771497,5.74927771433,5.74927771433,5.74927771468,5.74927771468,5.74927771463,5.74927771463,5.74927771443,5.74927771443,5.7492777146,5.7492777146,5.7492777146,5.7492777146,5.74927771473,5.74927771463,5.74927771466,5.74927771466,5.74927771433,5.74927771484,5.74927771484,5.74927771461,5.74927771461,5.74927771461,5.74927771461,5.74927771461,5.74927771411,5.749277714648,5.749277714648,5.74927771461,5.65213870845,5.65213870845,5.65213870835,5.65213870837,5.65213870837,5.6521387083,5.65213870837,5.65213870838,5.65213870838,5.65213870839,5.65213870832,5.65213870832,5.65213870845,5.65213870831,5.65213870831,5.65213870844,5.65213870844,5.65213870844,5.65213870841,5.65213870809,5.65213870769,5.65213870849,5.65213870849,5.65213870849,5.65213870819,5.65213870819,5.65213870818,5.65213870811,5.65213870811,5.65213870821,5.65213870821,0,8.80214562283,8.80214562283,8.80214562271,8.80214562271,8.80214562233,8.80214562233,8.80214562233,8.80214562233,8.80214562213,8.80214562233,8.80214562233,8.80214562233,8.80214562253,8.80214562253,8.8021456224928,8.8021456224928,8.80214562253,8.802145622255,8.802145622255,8.802145622255,8.802145622255,8.802145622255,8.802145622255,8.802145622255,8.802145622255,8.802145622255
"t36",8.802145622931,8.802145622931,8.80214562298,8.80214562298,8.80214562298,8.80214562297,8.80214562297,8.80214562298,8.80214562292,8.80214562292,8.80214562291,8.80214562291,8.80214562334,8.80214562334,8.8021456227,8.8021456227,8.80214562305,8.80214562305,8.802145623,8.802145623,8.8021456228,8.8021456228,8.80214562297,8.80214562297,8.80214562297,8.80214562297,8.8021456231,8.802145623,8.80214562303,8.80214562303,8.8021456227,8.80214562321,8.80214562321,8.80214562298,8.80214562298,8.80214562298,8.80214562298,8.80214562298,8.80214562248,8.802145623018,8.802145623018,8.80214562298,8.80214562328,8.80214562328,8.80214562318,8.8021456232,8.8021456232,8.80214562313,8.8021456232,8.80214562321,8.80214562321,8.80214562322,8.80214562315,8.80214562315,8.80214562328,8.80214562314,8.80214562314,8.80214562327,8.80214562327,8.80214562327,8.80214562324,8.80214562292,8.80214562252,8.80214562332,8.80214562332,8.80214562332,8.80214562302,8.80214562302,8.80214562301,8.80214562294,8.80214562294,8.80214562304,8.80214562304,8.80214562283,0,1.2432246646,6.85384218448,6.85384218448,6.8538421841,6.8538421841,6.8538421841,6.8538421841,6.8538421839,6.8538421841,6.8538421841,6.8538421841,6.8538421843,6.8538421843,6.8538421842628,6.8538421842628,6.8538421843,6.853842184025,6.853842184025,6.853842184025,6.853842184025,6.853842184025,6.853842184025,6.853842184025,6.853842184025,6.853842184025
"t37",8.802145622931,8.802145622931,8.80214562298,8.80214562298,8.80214562298,8.80214562297,8.80214562297,8.80214562298,8.80214562292,8.80214562292,8.80214562291,8.80214562291,8.80214562334,8.80214562334,8.8021456227,8.8021456227,8.80214562305,8.80214562305,8.802145623,8.802145623,8.8021456228,8.8021456228,8.80214562297,8.80214562297,8.80214562297,8.80214562297,8.8021456231,8.802145623,8.80214562303,8.80214562303,8.8021456227,8.80214562321,8.80214562321,8.80214562298,8.80214562298,8.80214562298,8.80214562298,8.80214562298,8.80214562248,8.802145623018,8.802145623018,8.80214562298,8.80214562328,8.80214562328,8.80214562318,8.8021456232,8.8021456232,8.80214562313,8.8021456232,8.80214562321,8.80214562321,8.80214562322,8.80214562315,8.80214562315,8.80214562328,8.80214562314,8.80214562314,8.80214562327,8.80214562327,8.80214562327,8.80214562324,8.80214562292,8.80214562252,8.80214562332,8.80214562332,8.80214562332,8.80214562302,8.80214562302,8.80214562301,8.80214562294,8.80214562294,8.80214562304,8.80214562304,8.80214562283,1.2432246646,0,6.85384218448,6.85384218448,6.8538421841,6.8538421841,6.8538421841,6.8538421841,6.8538421839,6.8538421841,6.8538421841,6.8538421841,6.8538421843,6.8538421843,6.8538421842628,6.8538421842628,6.8538421843,6.853842184025,6.853842184025,6.853842184025,6.853842184025,6.853842184025,6.853842184025,6.853842184025,6.853842184025,6.853842184025
"t87",8.802145622811,8.802145622811,8.80214562286,8.80214562286,8.80214562286,8.80214562285,8.80214562285,8.80214562286,8.8021456228,8.8021456228,8.80214562279,8.80214562279,8.80214562322,8.80214562322,8.80214562258,8.80214562258,8.80214562293,8.80214562293,8.80214562288,8.80214562288,8.80214562268,8.80214562268,8.80214562285,8.80214562285,8.80214562285,8.80214562285,8.80214562298,8.80214562288,8.80214562291,8.80214562291,8.80214562258,8.80214562309,8.80214562309,8.80214562286,8.80214562286,8.80214562286,8.80214562286,8.80214562286,8.80214562236,8.802145622898,8.802145622898,8.80214562286,8.80214562316,8.80214562316,8.80214562306,8.80214562308,8.80214562308,8.80214562301,8.80214562308,8.80214562309,8.80214562309,8.8021456231,8.80214562303,8.80214562303,8.80214562316,8.80214562302,8.80214562302,8.80214562315,8.80214562315,8.80214562315,8.80214562312,8.8021456228,8.8021456224,8.8021456232,8.8021456232,8.8021456232,8.8021456229,8.8021456229,8.80214562289,8.80214562282,8.80214562282,8.80214562292,8.80214562292,8.80214562271,6.85384218448,6.85384218448,0,0.07801198136,5.00608814898,5.00608814898,5.00608814898,5.00608814898,5.00608814878,5.00608814898,5.00608814898,5.08811879458,5.08811879478,5.08811879478,5.0881187947428,5.0881187947428,5.08811879478,5.088118794505,5.088118794505,5.088118794505,5.088118794505,5.088118794505,5.088118794505,5.088118794505,5.088118794505,5.088118794505
"t88",8.802145622811,8.802145622811,8.80214562286,8.80214562286,8.80214562286,8.80214562285,8.80214562285,8.80214562286,8.8021456228,8.8021456228,8.80214562279,8.80214562279,8.80214562322,8.80214562322,8.80214562258,8.80214562258,8.80214562293,8.80214562293,8.80214562288,8.80214562288,8.80214562268,8.80214562268,8.80214562285,8.80214562285,8.80214562285,8.80214562285,8.80214562298,8.80214562288,8.80214562291,8.80214562291,8.80214562258,8.80214562309,8.80214562309,8.80214562286,8.80214562286,8.80214562286,8.80214562286,8.80214562286,8.80214562236,8.802145622898,8.802145622898,8.80214562286,8.80214562316,8.80214562316,8.80214562306,8.80214562308,8.80214562308,8.80214562301,8.80214562308,8.80214562309,8.80214562309,8.8021456231,8.80214562303,8.80214562303,8.80214562316,8.80214562302,8.80214562302,8.80214562315,8.80214562315,8.80214562315,8.80214562312,8.8021456228,8.8021456224,8.8021456232,8.8021456232,8.8021456232,8.8021456229,8.8021456229,8.80214562289,8.80214562282,8.80214562282,8.80214562292,8.80214562292,8.80214562271,6.85384218448,6.85384218448,0.07801198136,0,5.00608814898,5.00608814898,5.00608814898,5.00608814898,5.00608814878,5.00608814898,5.00608814898,5.08811879458,5.08811879478,5.08811879478,5.0881187947428,5.0881187947428,5.08811879478,5.088118794505,5.088118794505,5.088118794505,5.088118794505,5.088118794505,5.088118794505,5.088118794505,5.088118794505,5.088118794505
"t80",8.802145622431,8.802145622431,8.80214562248,8.80214562248,8.80214562248,8.80214562247,8.80214562247,8.80214562248,8.80214562242,8.80214562242,8.80214562241,8.80214562241,8.80214562284,8.80214562284,8.8021456222,8.8021456222,8.80214562255,8.80214562255,8.8021456225,8.8021456225,8.8021456223,8.8021456223,8.80214562247,8.80214562247,8.80214562247,8.80214562247,8.8021456226,8.8021456225,8.80214562253,8.80214562253,8.8021456222,8.80214562271,8.80214562271,8.80214562248,8.80214562248,8.80214562248,8.80214562248,8.80214562248,8.80214562198,8.802145622518,8.802145622518,8.80214562248,8.80214562278,8.80214562278,8.80214562268,8.8021456227,8.8021456227,8.80214562263,8.8021456227,8.80214562271,8.80214562271,8.80214562272,8.80214562265,8.80214562265,8.80214562278,8.80214562264,8.80214562264,8.80214562277,8.80214562277,8.80214562277,8.80214562274,8.80214562242,8.80214562202,8.80214562282,8.80214562282,8.80214562282,8.80214562252,8.80214562252,8.80214562251,8.80214562244,8.80214562244,8.80214562254,8.80214562254,8.80214562233,6.8538421841,6.8538421841,5.00608814898,5.00608814898,0,0.212307611,1.609043918,1.9665516806,3.1016856678,3.101685668,3.101685668,5.0881187942,5.0881187944,5.0881187944,5.0881187943628,5.0881187943628,5.0881187944,5.088118794125,5.088118794125,5.088118794125,5.088118794125,5.088118794125,5.088118794125,5.088118794125,5.088118794125,5.088118794125
"t81",8.802145622431,8.802145622431,8.80214562248,8.80214562248,8.80214562248,8.80214562247,8.80214562247,8.80214562248,8.80214562242,8.80214562242,8.80214562241,8.80214562241,8.80214562284,8.80214562284,8.8021456222,8.8021456222,8.80214562255,8.80214562255,8.8021456225,8.8021456225,8.8021456223,8.8021456223,8.80214562247,8.80214562247,8.80214562247,8.80214562247,8.8021456226,8.8021456225,8.80214562253,8.80214562253,8.8021456222,8.80214562271,8.80214562271,8.80214562248,8.80214562248,8.80214562248,8.80214562248,8.80214562248,8.80214562198,8.802145622518,8.802145622518,8.80214562248,8.80214562278,8.80214562278,8.80214562268,8.8021456227,8.8021456227,8.80214562263,8.8021456227,8.80214562271,8.80214562271,8.80214562272,8.80214562265,8.80214562265,8.80214562278,8.80214562264,8.80214562264,8.80214562277,8.80214562277,8.80214562277,8.80214562274,8.80214562242,8.80214562202,8.80214562282,8.80214562282,8.80214562282,8.80214562252,8.80214562252,8.80214562251,8.80214562244,8.80214562244,8.80214562254,8.80214562254,8.80214562233,6.8538421841,6.8538421841,5.00608814898,5.00608814898,0.212307611,0,1.609043918,1.9665516806,3.1016856678,3.101685668,3.101685668,5.0881187942,5.0881187944,5.0881187944,5.0881187943628,5.0881187943628,5.0881187944,5.088118794125,5.088118794125,5.088118794125,5.088118794125,5.088118794125,5.088118794125,5.088118794125,5.088118794125,5.088118794125
"t23",8.802145622431,8.802145622431,8.80214562248,8.80214562248,8.80214562248,8.80214562247,8.80214562247,8.80214562248,8.80214562242,8.80214562242,8.80214562241,8.80214562241,8.80214562284,8.80214562284,8.8021456222,8.8021456222,8.80214562255,8.80214562255,8.8021456225,8.8021456225,8.8021456223,8.8021456223,8.80214562247,8.80214562247,8.80214562247,8.80214562247,8.8021456226,8.8021456225,8.80214562253,8.80214562253,8.8021456222,8.80214562271,8.80214562271,8.80214562248,8.80214562248,8.80214562248,8.80214562248,8.80214562248,8.80214562198,8.802145622518,8.802145622518,8.80214562248,8.80214562278,8.80214562278,8.80214562268,8.8021456227,8.8021456227,8.80214562263,8.8021456227,8.80214562271,8.80214562271,8.80214562272,8.80214562265,8.80214562265,8.80214562278,8.80214562264,8.80214562264,8.80214562277,8.80214562277,8.80214562277,8.80214562274,8.80214562242,8.80214562202,8.80214562282,8.80214562282,8.80214562282,8.80214562252,8.80214562252,8.80214562251,8.80214562244,8.80214562244,8.80214562254,8.80214562254,8.80214562233,6.8538421841,6.8538421841,5.00608814898,5.00608814898,1.609043918,1.609043918,0,1.9665516806,3.1016856678,3.101685668,3.101685668,5.0881187942,5.0881187944,5.0881187944,5.0881187943628,5.0881187943628,5.0881187944,5.088118794125,5.088118794125,5.088118794125,5.088118794125,5.088118794125,5.088118794125,5.088118794125,5.088118794125,5.088118794125
"t17",8.802145622431,8.802145622431,8.80214562248,8.80214562248,8.80214562248,8.80214562247,8.80214562247,8.80214562248,8.80214562242,8.80214562242,8.80214562241,8.80214562241,8.80214562284,8.80214562284,8.8021456222,8.8021456222,8.80214562255,8.80214562255,8.8021456225,8.8021456225,8.8021456223,8.8021456223,8.80214562247,8.80214562247,8.80214562247,8.80214562247,8.8021456226,8.8021456225,8.80214562253,8.80214562253,8.8021456222,8.80214562271,8.80214562271,8.80214562248,8.80214562248,8.80214562248,8.80214562248,8.80214562248,8.80214562198,8.802145622518,8.802145622518,8.80214562248,8.80214562278,8.80214562278,8.80214562268,8.8021456227,8.8021456227,8.80214562263,8.8021456227,8.80214562271,8.80214562271,8.80214562272,8.80214562265,8.80214562265,8.80214562278,8.80214562264,8.80214562264,8.80214562277,8.80214562277,8.80214562277,8.80214562274,8.80214562242,8.80214562202,8.80214562282,8.80214562282,8.80214562282,8.80214562252,8.80214562252,8.80214562251,8.80214562244,8.80214562244,8.80214562254,8.80214562254,8.80214562233,6.8538421841,6.8538421841,5.00608814898,5.00608814898,1.9665516806,1.9665516806,1.9665516806,0,3.1016856678,3.101685668,3.101685668,5.0881187942,5.0881187944,5.0881187944,5.0881187943628,5.0881187943628,5.0881187944,5.088118794125,5.088118794125,5.088118794125,5.088118794125,5.088118794125,5.088118794125,5.088118794125,5.088118794125,5.088118794125
"t16",8.802145622231,8.802145622231,8.80214562228,8.80214562228,8.80214562228,8.80214562227,8.80214562227,8.80214562228,8.80214562222,8.80214562222,8.80214562221,8.80214562221,8.80214562264,8.80214562264,8.802145622,8.802145622,8.80214562235,8.80214562235,8.8021456223,8.8021456223,8.8021456221,8.8021456221,8.80214562227,8.80214562227,8.80214562227,8.80214562227,8.8021456224,8.8021456223,8.80214562233,8.80214562233,8.802145622,8.80214562251,8.80214562251,8.80214562228,8.80214562228,8.80214562228,8.80214562228,8.80214562228,8.80214562178,8.802145622318,8.802145622318,8.80214562228,8.80214562258,8.80214562258,8.80214562248,8.8021456225,8.8021456225,8.80214562243,8.8021456225,8.80214562251,8.80214562251,8.80214562252,8.80214562245,8.80214562245,8.80214562258,8.80214562244,8.80214562244,8.80214562257,8.80214562257,8.80214562257,8.80214562254,8.80214562222,8.80214562182,8.80214562262,8.80214562262,8.80214562262,8.80214562232,8.80214562232,8.80214562231,8.80214562224,8.80214562224,8.80214562234,8.80214562234,8.80214562213,6.8538421839,6.8538421839,5.00608814878,5.00608814878,3.1016856678,3.1016856678,3.1016856678,3.1016856678,0,2.1065244422,2.1065244422,5.088118794,5.0881187942,5.0881187942,5.0881187941628,5.0881187941628,5.0881187942,5.088118793925,5.088118793925,5.088118793925,5.088118793925,5.088118793925,5.088118793925,5.088118793925,5.088118793925,5.088118793925
"t43",8.802145622431,8.802145622431,8.80214562248,8.80214562248,8.80214562248,8.80214562247,8.80214562247,8.80214562248,8.80214562242,8.80214562242,8.80214562241,8.80214562241,8.80214562284,8.80214562284,8.8021456222,8.8021456222,8.80214562255,8.80214562255,8.8021456225,8.8021456225,8.8021456223,8.8021456223,8.80214562247,8.80214562247,8.80214562247,8.80214562247,8.8021456226,8.8021456225,8.80214562253,8.80214562253,8.8021456222,8.80214562271,8.80214562271,8.80214562248,8.80214562248,8.80214562248,8.80214562248,8.80214562248,8.80214562198,8.802145622518,8.802145622518,8.80214562248,8.80214562278,8.80214562278,8.80214562268,8.8021456227,8.8021456227,8.80214562263,8.8021456227,8.80214562271,8.80214562271,8.80214562272,8.80214562265,8.80214562265,8.80214562278,8.80214562264,8.80214562264,8.80214562277,8.80214562277,8.80214562277,8.80214562274,8.80214562242,8.80214562202,8.80214562282,8.80214562282,8.80214562282,8.80214562252,8.80214562252,8.80214562251,8.80214562244,8.80214562244,8.80214562254,8.80214562254,8.80214562233,6.8538421841,6.8538421841,5.00608814898,5.00608814898,3.101685668,3.101685668,3.101685668,3.101685668,2.1065244422,0,0.9251946432,5.0881187942,5.0881187944,5.0881187944,5.0881187943628,5.0881187943628,5.0881187944,5.088118794125,5.088118794125,5.088118794125,5.088118794125,5.088118794125,5.088118794125,5.088118794125,5.088118794125,5.088118794125
"t44",8.802145622431,8.802145622431,8.80214562248,8.80214562248,8.80214562248,8.80214562247,8.80214562247,8.80214562248,8.80214562242,8.80214562242,8.80214562241,8.80214562241,8.80214562284,8.80214562284,8.8021456222,8.8021456222,8.80214562255,8.80214562255,8.8021456225,8.8021456225,8.8021456223,8.8021456223,8.80214562247,8.80214562247,8.80214562247,8.80214562247,8.8021456226,8.8021456225,8.80214562253,8.80214562253,8.8021456222,8.80214562271,8.80214562271,8.80214562248,8.80214562248,8.80214562248,8.80214562248,8.80214562248,8.80214562198,8.802145622518,8.802145622518,8.80214562248,8.80214562278,8.80214562278,8.80214562268,8.8021456227,8.8021456227,8.80214562263,8.8021456227,8.80214562271,8.80214562271,8.80214562272,8.80214562265,8.80214562265,8.80214562278,8.80214562264,8.80214562264,8.80214562277,8.80214562277,8.80214562277,8.80214562274,8.80214562242,8.80214562202,8.80214562282,8.80214562282,8.80214562282,8.80214562252,8.80214562252,8.80214562251,8.80214562244,8.80214562244,8.80214562254,8.80214562254,8.80214562233,6.8538421841,6.8538421841,5.00608814898,5.00608814898,3.101685668,3.101685668,3.101685668,3.101685668,2.1065244422,0.9251946432,0,5.0881187942,5.0881187944,5.0881187944,5.0881187943628,5.0881187943628,5.0881187944,5.088118794125,5.088118794125,5.088118794125,5.088118794125,5.088118794125,5.088118794125,5.088118794125,5.088118794125,5.088118794125
"t2",8.802145622431,8.802145622431,8.80214562248,8.80214562248,8.80214562248,8.80214562247,8.80214562247,8.80214562248,8.80214562242,8.80214562242,8.80214562241,8.80214562241,8.80214562284,8.80214562284,8.8021456222,8.8021456222,8.80214562255,8.80214562255,8.8021456225,8.8021456225,8.8021456223,8.8021456223,8.80214562247,8.80214562247,8.80214562247,8.80214562247,8.8021456226,8.8021456225,8.80214562253,8.80214562253,8.8021456222,8.80214562271,8.80214562271,8.80214562248,8.80214562248,8.80214562248,8.80214562248,8.80214562248,8.80214562198,8.802145622518,8.802145622518,8.80214562248,8.80214562278,8.80214562278,8.80214562268,8.8021456227,8.8021456227,8.80214562263,8.8021456227,8.80214562271,8.80214562271,8.80214562272,8.80214562265,8.80214562265,8.80214562278,8.80214562264,8.80214562264,8.80214562277,8.80214562277,8.80214562277,8.80214562274,8.80214562242,8.80214562202,8.80214562282,8.80214562282,8.80214562282,8.80214562252,8.80214562252,8.80214562251,8.80214562244,8.80214562244,8.80214562254,8.80214562254,8.80214562233,6.8538421841,6.8538421841,5.08811879458,5.08811879458,5.0881187942,5.0881187942,5.0881187942,5.0881187942,5.088118794,5.0881187942,5.0881187942,0,4.8627408202,4.8627408202,4.8627408201628,4.8627408201628,4.8627408202,4.862740819925,4.862740819925,4.862740819925,4.862740819925,4.862740819925,4.862740819925,4.862740819925,4.862740819925,4.862740819925
"t45",8.802145622631,8.802145622631,8.80214562268,8.80214562268,8.80214562268,8.80214562267,8.80214562267,8.80214562268,8.80214562262,8.80214562262,8.80214562261,8.80214562261,8.80214562304,8.80214562304,8.8021456224,8.8021456224,8.80214562275,8.80214562275,8.8021456227,8.8021456227,8.8021456225,8.8021456225,8.80214562267,8.80214562267,8.80214562267,8.80214562267,8.8021456228,8.8021456227,8.80214562273,8.80214562273,8.8021456224,8.80214562291,8.80214562291,8.80214562268,8.80214562268,8.80214562268,8.80214562268,8.80214562268,8.80214562218,8.802145622718,8.802145622718,8.80214562268,8.80214562298,8.80214562298,8.80214562288,8.8021456229,8.8021456229,8.80214562283,8.8021456229,8.80214562291,8.80214562291,8.80214562292,8.80214562285,8.80214562285,8.80214562298,8.80214562284,8.80214562284,8.80214562297,8.80214562297,8.80214562297,8.80214562294,8.80214562262,8.80214562222,8.80214562302,8.80214562302,8.80214562302,8.80214562272,8.80214562272,8.80214562271,8.80214562264,8.80214562264,8.80214562274,8.80214562274,8.80214562253,6.8538421843,6.8538421843,5.08811879478,5.08811879478,5.0881187944,5.0881187944,5.0881187944,5.0881187944,5.0881187942,5.0881187944,5.0881187944,4.8627408202,0,0.9151392204,1.1333236545628,1.1333236545628,1.1333236546,4.425632300325,4.425632300325,4.425632300325,4.425632300325,4.425632300325,4.425632300325,4.425632300325,4.425632300325,4.425632300325
"t46",8.802145622631,8.802145622631,8.80214562268,8.80214562268,8.80214562268,8.80214562267,8.80214562267,8.80214562268,8.80214562262,8.80214562262,8.80214562261,8.80214562261,8.80214562304,8.80214562304,8.8021456224,8.8021456224,8.80214562275,8.80214562275,8.8021456227,8.8021456227,8.8021456225,8.8021456225,8.80214562267,8.80214562267,8.80214562267,8.80214562267,8.8021456228,8.8021456227,8.80214562273,8.80214562273,8.8021456224,8.80214562291,8.80214562291,8.80214562268,8.80214562268,8.80214562268,8.80214562268,8.80214562268,8.80214562218,8.802145622718,8.802145622718,8.80214562268,8.80214562298,8.80214562298,8.80214562288,8.8021456229,8.8021456229,8.80214562283,8.8021456229,8.80214562291,8.80214562291,8.80214562292,8.80214562285,8.80214562285,8.80214562298,8.80214562284,8.80214562284,8.80214562297,8.80214562297,8.80214562297,8.80214562294,8.80214562262,8.80214562222,8.80214562302,8.80214562302,8.80214562302,8.80214562272,8.80214562272,8.80214562271,8.80214562264,8.80214562264,8.80214562274,8.80214562274,8.80214562253,6.8538421843,6.8538421843,5.08811879478,5.08811879478,5.0881187944,5.0881187944,5.0881187944,5.0881187944,5.0881187942,5.0881187944,5.0881187944,4.8627408202,0.9151392204,0,1.1333236545628,1.1333236545628,1.1333236546,4.425632300325,4.425632300325,4.425632300325,4.425632300325,4.425632300325,4.425632300325,4.425632300325,4.425632300325,4.425632300325
"t76",8.8021456225938,8.8021456225938,8.8021456226428,8.8021456226428,8.8021456226428,8.8021456226328,8.8021456226328,8.8021456226428,8.8021456225828,8.8021456225828,8.8021456225728,8.8021456225728,8.8021456230028,8.8021456230028,8.8021456223628,8.8021456223628,8.8021456227128,8.8021456227128,8.8021456226628,8.8021456226628,8.8021456224628,8.8021456224628,8.8021456226328,8.8021456226328,8.8021456226328,8.8021456226328,8.8021456227628,8.8021456226628,8.8021456226928,8.8021456226928,8.8021456223628,8.8021456228728,8.8021456228728,8.8021456226428,8.8021456226428,8.8021456226428,8.8021456226428,8.8021456226428,8.8021456221428,8.8021456226808,8.8021456226808,8.8021456226428,8.8021456229428,8.8021456229428,8.8021456228428,8.8021456228628,8.8021456228628,8.8021456227928,8.8021456228628,8.8021456228728,8.8021456228728,8.8021456228828,8.8021456228128,8.8021456228128,8.8021456229428,8.8021456228028,8.8021456228028,8.8021456229328,8.8021456229328,8.8021456229328,8.8021456229028,8.8021456225828,8.8021456221828,8.8021456229828,8.8021456229828,8.8021456229828,8.8021456226828,8.8021456226828,8.8021456226728,8.8021456226028,8.8021456226028,8.8021456227028,8.8021456227028,8.8021456224928,6.8538421842628,6.8538421842628,5.0881187947428,5.0881187947428,5.0881187943628,5.0881187943628,5.0881187943628,5.0881187943628,5.0881187941628,5.0881187943628,5.0881187943628,4.8627408201628,1.1333236545628,1.1333236545628,0,0.2769406656,0.2776101501628,4.4256323002878,4.4256323002878,4.4256323002878,4.4256323002878,4.4256323002878,4.4256323002878,4.4256323002878,4.4256323002878,4.4256323002878
"t77",8.8021456225938,8.8021456225938,8.8021456226428,8.8021456226428,8.8021456226428,8.8021456226328,8.8021456226328,8.8021456226428,8.8021456225828,8.8021456225828,8.8021456225728,8.8021456225728,8.8021456230028,8.8021456230028,8.8021456223628,8.8021456223628,8.8021456227128,8.8021456227128,8.8021456226628,8.8021456226628,8.8021456224628,8.8021456224628,8.8021456226328,8.8021456226328,8.8021456226328,8.8021456226328,8.8021456227628,8.8021456226628,8.8021456226928,8.8021456226928,8.8021456223628,8.8021456228728,8.8021456228728,8.8021456226428,8.8021456226428,8.8021456226428,8.8021456226428,8.8021456226428,8.8021456221428,8.8021456226808,8.8021456226808,8.8021456226428,8.8021456229428,8.8021456229428,8.8021456228428,8.8021456228628,8.8021456228628,8.8021456227928,8.8021456228628,8.8021456228728,8.8021456228728,8.8021456228828,8.8021456228128,8.8021456228128,8.8021456229428,8.8021456228028,8.8021456228028,8.8021456229328,8.8021456229328,8.8021456229328,8.8021456229028,8.8021456225828,8.8021456221828,8.8021456229828,8.8021456229828,8.8021456229828,8.8021456226828,8.8021456226828,8.8021456226728,8.8021456226028,8.8021456226028,8.8021456227028,8.8021456227028,8.8021456224928,6.8538421842628,6.8538421842628,5.0881187947428,5.0881187947428,5.0881187943628,5.0881187943628,5.0881187943628,5.0881187943628,5.0881187941628,5.0881187943628,5.0881187943628,4.8627408201628,1.1333236545628,1.1333236545628,0.2769406656,0,0.2776101501628,4.4256323002878,4.4256323002878,4.4256323002878,4.4256323002878,4.4256323002878,4.4256323002878,4.4256323002878,4.4256323002878,4.4256323002878
"t75",8.802145622631,8.802145622631,8.80214562268,8.80214562268,8.80214562268,8.80214562267,8.80214562267,8.80214562268,8.80214562262,8.80214562262,8.80214562261,8.80214562261,8.80214562304,8.80214562304,8.8021456224,8.8021456224,8.80214562275,8.80214562275,8.8021456227,8.8021456227,8.8021456225,8.8021456225,8.80214562267,8.80214562267,8.80214562267,8.80214562267,8.8021456228,8.8021456227,8.80214562273,8.80214562273,8.8021456224,8.80214562291,8.80214562291,8.80214562268,8.80214562268,8.80214562268,8.80214562268,8.80214562268,8.80214562218,8.802145622718,8.802145622718,8.80214562268,8.80214562298,8.80214562298,8.80214562288,8.8021456229,8.8021456229,8.80214562283,8.8021456229,8.80214562291,8.80214562291,8.80214562292,8.80214562285,8.80214562285,8.80214562298,8.80214562284,8.80214562284,8.80214562297,8.80214562297,8.80214562297,8.80214562294,8.80214562262,8.80214562222,8.80214562302,8.80214562302,8.80214562302,8.80214562272,8.80214562272,8.80214562271,8.80214562264,8.80214562264,8.80214562274,8.80214562274,8.80214562253,6.8538421843,6.8538421843,5.08811879478,5.08811879478,5.0881187944,5.0881187944,5.0881187944,5.0881187944,5.0881187942,5.0881187944,5.0881187944,4.8627408202,1.1333236546,1.1333236546,0.2776101501628,0.2776101501628,0,4.425632300325,4.425632300325,4.425632300325,4.425632300325,4.425632300325,4.425632300325,4.425632300325,4.425632300325,4.425632300325
"t3",8.802145622356,8.802145622356,8.802145622405,8.802145622405,8.802145622405,8.802145622395,8.802145622395,8.802145622405,8.802145622345,8.802145622345,8.802145622335,8.802145622335,8.802145622765,8.802145622765,8.802145622125,8.802145622125,8.802145622475,8.802145622475,8.802145622425,8.802145622425,8.802145622225,8.802145622225,8.802145622395,8.802145622395,8.802145622395,8.802145622395,8.802145622525,8.802145622425,8.802145622455,8.802145622455,8.802145622125,8.802145622635,8.802145622635,8.802145622405,8.802145622405,8.802145622405,8.802145622405,8.802145622405,8.802145621905,8.802145622443,8.802145622443,8.802145622405,8.802145622705,8.802145622705,8.802145622605,8.802145622625,8.802145622625,8.802145622555,8.802145622625,8.802145622635,8.802145622635,8.802145622645,8.802145622575,8.802145622575,8.802145622705,8.802145622565,8.802145622565,8.802145622695,8.802145622695,8.802145622695,8.802145622665,8.802145622345,8.802145621945,8.802145622745,8.802145622745,8.802145622745,8.802145622445,8.802145622445,8.802145622435,8.802145622365,8.802145622365,8.802145622465,8.802145622465,8.802145622255,6.853842184025,6.853842184025,5.088118794505,5.088118794505,5.088118794125,5.088118794125,5.088118794125,5.088118794125,5.088118793925,5.088118794125,5.088118794125,4.862740819925,4.425632300325,4.425632300325,4.4256323002878,4.4256323002878,4.425632300325,0,4.422316132,4.422316132,4.422316132,4.422316132,4.422316132,4.422316132,4.422316132,4.422316132
"t69",8.802145622356,8.802145622356,8.802145622405,8.802145622405,8.802145622405,8.802145622395,8.802145622395,8.802145622405,8.802145622345,8.802145622345,8.802145622335,8.802145622335,8.802145622765,8.802145622765,8.802145622125,8.802145622125,8.802145622475,8.802145622475,8.802145622425,8.802145622425,8.802145622225,8.802145622225,8.802145622395,8.802145622395,8.802145622395,8.802145622395,8.802145622525,8.802145622425,8.802145622455,8.802145622455,8.802145622125,8.802145622635,8.802145622635,8.802145622405,8.802145622405,8.802145622405,8.802145622405,8.802145622405,8.802145621905,8.802145622443,8.802145622443,8.802145622405,8.802145622705,8.802145622705,8.802145622605,8.802145622625,8.802145622625,8.802145622555,8.802145622625,8.802145622635,8.802145622635,8.802145622645,8.802145622575,8.802145622575,8.802145622705,8.802145622565,8.802145622565,8.802145622695,8.802145622695,8.802145622695,8.802145622665,8.802145622345,8.802145621945,8.802145622745,8.802145622745,8.802145622745,8.802145622445,8.802145622445,8.802145622435,8.802145622365,8.802145622365,8.802145622465,8.802145622465,8.802145622255,6.853842184025,6.853842184025,5.088118794505,5.088118794505,5.088118794125,5.088118794125,5.088118794125,5.088118794125,5.088118793925,5.088118794125,5.088118794125,4.862740819925,4.425632300325,4.425632300325,4.4256323002878,4.4256323002878,4.425632300325,4.422316132,0,0.42484977,1.384444532,1.384444532,1.384444532,3.0284273438,3.0284273438,3.0284273438
"t70",8.802145622356,8.802145622356,8.802145622405,8.802145622405,8.802145622405,8.802145622395,8.802145622395,8.802145622405,8.802145622345,8.802145622345,8.802145622335,8.802145622335,8.802145622765,8.802145622765,8.802145622125,8.802145622125,8.802145622475,8.802145622475,8.802145622425,8.802145622425,8.802145622225,8.802145622225,8.802145622395,8.802145622395,8.802145622395,8.802145622395,8.802145622525,8.802145622425,8.802145622455,8.802145622455,8.802145622125,8.802145622635,8.802145622635,8.802145622405,8.802145622405,8.802145622405,8.802145622405,8.802145622405,8.802145621905,8.802145622443,8.802145622443,8.802145622405,8.802145622705,8.802145622705,8.802145622605,8.802145622625,8.802145622625,8.802145622555,8.802145622625,8.802145622635,8.802145622635,8.802145622645,8.802145622575,8.802145622575,8.802145622705,8.802145622565,8.802145622565,8.802145622695,8.802145622695,8.802145622695,8.802145622665,8.802145622345,8.802145621945,8.802145622745,8.802145622745,8.802145622745,8.802145622445,8.802145622445,8.802145622435,8.802145622365,8.802145622365,8.802145622465,8.802145622465,8.802145622255,6.853842184025,6.853842184025,5.088118794505,5.088118794505,5.088118794125,5.088118794125,5.088118794125,5.088118794125,5.088118793925,5.088118794125,5.088118794125,4.862740819925,4.425632300325,4.425632300325,4.4256323002878,4.4256323002878,4.425632300325,4.422316132,0.42484977,0,1.384444532,1.384444532,1.384444532,3.0284273438,3.0284273438,3.0284273438
"t73",8.802145622356,8.802145622356,8.802145622405,8.802145622405,8.802145622405,8.802145622395,8.802145622395,8.802145622405,8.802145622345,8.802145622345,8.802145622335,8.802145622335,8.802145622765,8.802145622765,8.802145622125,8.802145622125,8.802145622475,8.802145622475,8.802145622425,8.802145622425,8.802145622225,8.802145622225,8.802145622395,8.802145622395,8.802145622395,8.802145622395,8.802145622525,8.802145622425,8.802145622455,8.802145622455,8.802145622125,8.802145622635,8.802145622635,8.802145622405,8.802145622405,8.802145622405,8.802145622405,8.802145622405,8.802145621905,8.802145622443,8.802145622443,8.802145622405,8.802145622705,8.802145622705,8.802145622605,8.802145622625,8.802145622625,8.802145622555,8.802145622625,8.802145622635,8.802145622635,8.802145622645,8.802145622575,8.802145622575,8.802145622705,8.802145622565,8.802145622565,8.802145622695,8.802145622695,8.802145622695,8.802145622665,8.802145622345,8.802145621945,8.802145622745,8.802145622745,8.802145622745,8.802145622445,8.802145622445,8.802145622435,8.802145622365,8.802145622365,8.802145622465,8.802145622465,8.802145622255,6.853842184025,6.853842184025,5.088118794505,5.088118794505,5.088118794125,5.088118794125,5.088118794125,5.088118794125,5.088118793925,5.088118794125,5.088118794125,4.862740819925,4.425632300325,4.425632300325,4.4256323002878,4.4256323002878,4.425632300325,4.422316132,1.384444532,1.384444532,0,0.3565331904,1.1238473294,3.0284273438,3.0284273438,3.0284273438
"t74",8.802145622356,8.802145622356,8.802145622405,8.802145622405,8.802145622405,8.802145622395,8.802145622395,8.802145622405,8.802145622345,8.802145622345,8.802145622335,8.802145622335,8.802145622765,8.802145622765,8.802145622125,8.802145622125,8.802145622475,8.802145622475,8.802145622425,8.802145622425,8.802145622225,8.802145622225,8.802145622395,8.802145622395,8.802145622395,8.802145622395,8.802145622525,8.802145622425,8.802145622455,8.802145622455,8.802145622125,8.802145622635,8.802145622635,8.802145622405,8.802145622405,8.802145622405,8.802145622405,8.802145622405,8.802145621905,8.802145622443,8.802145622443,8.802145622405,8.802145622705,8.802145622705,8.802145622605,8.802145622625,8.802145622625,8.802145622555,8.802145622625,8.802145622635,8.802145622635,8.802145622645,8.802145622575,8.802145622575,8.802145622705,8.802145622565,8.802145622565,8.802145622695,8.802145622695,8.802145622695,8.802145622665,8.802145622345,8.802145621945,8.802145622745,8.802145622745,8.802145622745,8.802145622445,8.802145622445,8.802145622435,8.802145622365,8.802145622365,8.802145622465,8.802145622465,8.802145622255,6.853842184025,6.853842184025,5.088118794505,5.088118794505,5.088118794125,5.088118794125,5.088118794125,5.088118794125,5.088118793925,5.088118794125,5.088118794125,4.862740819925,4.425632300325,4.425632300325,4.4256323002878,4.4256323002878,4.425632300325,4.422316132,1.384444532,1.384444532,0.3565331904,0,1.1238473294,3.0284273438,3.0284273438,3.0284273438
"t38",8.802145622356,8.802145622356,8.802145622405,8.802145622405,8.802145622405,8.802145622395,8.802145622395,8.802145622405,8.802145622345,8.802145622345,8.802145622335,8.802145622335,8.802145622765,8.802145622765,8.802145622125,8.802145622125,8.802145622475,8.802145622475,8.802145622425,8.802145622425,8.802145622225,8.802145622225,8.802145622395,8.802145622395,8.802145622395,8.802145622395,8.802145622525,8.802145622425,8.802145622455,8.802145622455,8.802145622125,8.802145622635,8.802145622635,8.802145622405,8.802145622405,8.802145622405,8.802145622405,8.802145622405,8.802145621905,8.802145622443,8.802145622443,8.802145622405,8.802145622705,8.802145622705,8.802145622605,8.802145622625,8.802145622625,8.802145622555,8.802145622625,8.802145622635,8.802145622635,8.802145622645,8.802145622575,8.802145622575,8.802145622705,8.802145622565,8.802145622565,8.802145622695,8.802145622695,8.802145622695,8.802145622665,8.802145622345,8.802145621945,8.802145622745,8.802145622745,8.802145622745,8.802145622445,8.802145622445,8.802145622435,8.802145622365,8.802145622365,8.802145622465,8.802145622465,8.802145622255,6.853842184025,6.853842184025,5.088118794505,5.088118794505,5.088118794125,5.088118794125,5.088118794125,5.088118794125,5.088118793925,5.088118794125,5.088118794125,4.862740819925,4.425632300325,4.425632300325,4.4256323002878,4.4256323002878,4.425632300325,4.422316132,1.384444532,1.384444532,1.1238473294,1.1238473294,0,3.0284273438,3.0284273438,3.0284273438
"t40",8.802145622356,8.802145622356,8.802145622405,8.802145622405,8.802145622405,8.802145622395,8.802145622395,8.802145622405,8.802145622345,8.802145622345,8.802145622335,8.802145622335,8.802145622765,8.802145622765,8.802145622125,8.802145622125,8.802145622475,8.802145622475,8.802145622425,8.802145622425,8.802145622225,8.802145622225,8.802145622395,8.802145622395,8.802145622395,8.802145622395,8.802145622525,8.802145622425,8.802145622455,8.802145622455,8.802145622125,8.802145622635,8.802145622635,8.802145622405,8.802145622405,8.802145622405,8.802145622405,8.802145622405,8.802145621905,8.802145622443,8.802145622443,8.802145622405,8.802145622705,8.802145622705,8.802145622605,8.802145622625,8.802145622625,8.802145622555,8.802145622625,8.802145622635,8.802145622635,8.802145622645,8.802145622575,8.802145622575,8.802145622705,8.802145622565,8.802145622565,8.802145622695,8.802145622695,8.802145622695,8.802145622665,8.802145622345,8.802145621945,8.802145622745,8.802145622745,8.802145622745,8.802145622445,8.802145622445,8.802145622435,8.802145622365,8.802145622365,8.802145622465,8.802145622465,8.802145622255,6.853842184025,6.853842184025,5.088118794505,5.088118794505,5.088118794125,5.088118794125,5.088118794125,5.088118794125,5.088118793925,5.088118794125,5.088118794125,4.862740819925,4.425632300325,4.425632300325,4.4256323002878,4.4256323002878,4.425632300325,4.422316132,3.0284273438,3.0284273438,3.0284273438,3.0284273438,3.0284273438,0,1.018233135,1.3714104882
"t41",8.802145622356,8.802145622356,8.802145622405,8.802145622405,8.802145622405,8.802145622395,8.802145622395,8.802145622405,8.802145622345,8.802145622345,8.802145622335,8.802145622335,8.802145622765,8.802145622765,8.802145622125,8.802145622125,8.802145622475,8.802145622475,8.802145622425,8.802145622425,8.802145622225,8.802145622225,8.802145622395,8.802145622395,8.802145622395,8.802145622395,8.802145622525,8.802145622425,8.802145622455,8.802145622455,8.802145622125,8.802145622635,8.802145622635,8.802145622405,8.802145622405,8.802145622405,8.802145622405,8.802145622405,8.802145621905,8.802145622443,8.802145622443,8.802145622405,8.802145622705,8.802145622705,8.802145622605,8.802145622625,8.802145622625,8.802145622555,8.802145622625,8.802145622635,8.802145622635,8.802145622645,8.802145622575,8.802145622575,8.802145622705,8.802145622565,8.802145622565,8.802145622695,8.802145622695,8.802145622695,8.802145622665,8.802145622345,8.802145621945,8.802145622745,8.802145622745,8.802145622745,8.802145622445,8.802145622445,8.802145622435,8.802145622365,8.802145622365,8.802145622465,8.802145622465,8.802145622255,6.853842184025,6.853842184025,5.088118794505,5.088118794505,5.088118794125,5.088118794125,5.088118794125,5.088118794125,5.088118793925,5.088118794125,5.088118794125,4.862740819925,4.425632300325,4.425632300325,4.4256323002878,4.4256323002878,4.425632300325,4.422316132,3.0284273438,3.0284273438,3.0284273438,3.0284273438,3.0284273438,1.018233135,0,1.3714104882
"t32",8.802145622356,8.802145622356,8.802145622405,8.802145622405,8.802145622405,8.802145622395,8.802145622395,8.802145622405,8.802145622345,8.802145622345,8.802145622335,8.802145622335,8.802145622765,8.802145622765,8.802145622125,8.802145622125,8.802145622475,8.802145622475,8.802145622425,8.802145622425,8.802145622225,8.802145622225,8.802145622395,8.802145622395,8.802145622395,8.802145622395,8.802145622525,8.802145622425,8.802145622455,8.802145622455,8.802145622125,8.802145622635,8.802145622635,8.802145622405,8.802145622405,8.802145622405,8.802145622405,8.802145622405,8.802145621905,8.802145622443,8.802145622443,8.802145622405,8.802145622705,8.802145622705,8.802145622605,8.802145622625,8.802145622625,8.802145622555,8.802145622625,8.802145622635,8.802145622635,8.802145622645,8.802145622575,8.802145622575,8.802145622705,8.802145622565,8.802145622565,8.802145622695,8.802145622695,8.802145622695,8.802145622665,8.802145622345,8.802145621945,8.802145622745,8.802145622745,8.802145622745,8.802145622445,8.802145622445,8.802145622435,8.802145622365,8.802145622365,8.802145622465,8.802145622465,8.802145622255,6.853842184025,6.853842184025,5.088118794505,5.088118794505,5.088118794125,5.088118794125,5.088118794125,5.088118794125,5.088118793925,5.088118794125,5.088118794125,4.862740819925,4.425632300325,4.425632300325,4.4256323002878,4.4256323002878,4.425632300325,4.422316132,3.0284273438,3.0284273438,3.0284273438,3.0284273438,3.0284273438,1.3714104882,1.3714104882,0
