accepted_species,0
t64,-0.11355701331283624
t45,-0.10884475905902449
t80,-1.2398720184179963
t34,0.25660234415504174
t95,0.26966156105866357
t57,0.43377201977939744
t66,-0.0913594969899496
t23,-0.09028701510142595
t22,-0.09028701510142595
t60,-0.10633633135077554
