accepted_species,0,1
sp238,0.726561274363134,0.273438725636866
sp248,0.7279906690481364,0.2720093309518636
sp274,0.6845168735404688,0.3154831264595312
sp275,0.6926673980264934,0.30733260197350665
sp277,0.7538601663294165,0.24613983367058342
sp280,0.7092261982675202,0.2907738017324798
sp320,0.6813999416268948,0.3186000583731053
sp338,0.6887820217163689,0.311217978283631
sp371,0.7132537850387348,0.28674621496126523
sp372,0.7126996687111025,0.28730033128889754
