accepted_species,0,1
sp238,0.6517728315399839,0.3482271684600161
sp248,0.6523336959376917,0.3476663040623083
sp274,0.6520687581715128,0.34793124182848717
sp275,0.6520687581715128,0.34793124182848717
sp277,0.6518319685902034,0.3481680314097965
sp280,0.6558431505040677,0.3441568494959323
sp320,0.652424891701775,0.347575108298225
sp338,0.652424891701775,0.347575108298225
sp371,0.6509430496620938,0.34905695033790624
sp372,0.6509430496620943,0.3490569503379058
