accepted_species,0,1
sp238,0.720514992917243,0.279485007082757
sp248,0.7170729027336831,0.28292709726631693
sp274,0.7170729027336831,0.28292709726631693
sp275,0.7170729027336831,0.28292709726631693
sp277,0.7301754423666249,0.26982455763337504
sp280,0.7168360525154331,0.2831639474845668
sp320,0.7170729027336831,0.28292709726631693
sp338,0.7170729027336831,0.28292709726631693
sp371,0.720514992917243,0.279485007082757
sp372,0.720514992917243,0.279485007082757
