accepted_species,0,1
sp238,0.93881,0.06119001
sp248,0.52525604,0.47474396
sp274,0.48503697,0.51496303
sp275,0.52525604,0.47474396
sp277,0.14158535,0.85841465
sp280,0.299174,0.700826
sp320,0.9173882,0.082611814
sp338,0.5654674,0.43453258
sp371,0.3815694,0.6184306
sp372,0.48503697,0.51496303
