accepted_species,0,1
sp238,0.8099414,0.19005856
sp248,0.5777274,0.42227262
sp274,0.5777274,0.42227262
sp275,0.5777274,0.42227262
sp277,0.8099414,0.19005856
sp280,0.8099414,0.19005856
sp320,0.5777274,0.42227262
sp338,0.5777274,0.42227262
sp371,0.8099414,0.19005856
sp372,0.8099414,0.19005856
