accepted_species,0,1
sp238,0.7177646,0.2822354
sp248,0.7177646,0.2822354
sp274,0.7177646,0.2822354
sp275,0.7177646,0.2822354
sp277,0.7177646,0.2822354
sp280,0.7177646,0.2822354
sp320,0.7177646,0.2822354
sp338,0.7177646,0.2822354
sp371,0.7177646,0.2822354
sp372,0.7177646,0.2822354
