"accepted_species","estimate"
"t103",1.30622364721649
"t142",1.54380632126086
"t114",1.51629105853832
"t98",0.800854396317631
"t117",0.982219275236982
"t118",0.982219275236982
"t99",0.982219275236982
"t89",0.982219275236982
"t140",0.982219275236982
"t141",0.982219275236982
"t48",1.02100950273009
"t130",1.01776552419281
"t131",1.01776552419281
"t47",0.439699761762508
"t44",0.48348711296664
