accepted_species,0
t42,-0.061237153872923056
t110,-0.061237153872923056
t111,-0.061237153872923056
t29,-0.061237153872923056
t30,-0.061237153872923056
t4,-0.061237153872923056
t12,-0.061237153872923056
t13,-0.061237153872923056
t54,-0.061237153872923056
t55,-0.061237153872923056
t90,-0.061237153872923056
t139,-0.061237153872923056
t140,-0.061237153872923056
t83,-0.061237153872923056
