"accepted_species","estimate"
"t42",-0.5254420505349
"t110",-0.5254420505349
"t111",-0.5254420505349
"t29",-0.5254420505349
"t30",-0.5254420505349
"t4",-0.5254420505349
"t12",-0.5254420505349
"t13",-0.5254420505349
"t54",-0.5254420505349
"t55",-0.5254420505349
"t90",-0.5254420505349
"t139",-0.5254420505349
"t140",-0.5254420505349
"t83",-0.5254420505349
