accepted_species,estimate
t46,1.3679615977444162
t84,0.6572190317582712
t36,-1.188144576550596
t13,-1.0136563153259854
t79,-0.30142384669694583
t80,0.33861084098308064
t81,0.338277355663786
t29,-0.8055211450389972
t71,-0.17354856115913
t10,0.49832645224014677
