accepted_species,0
t46,0.030128711422482052
t84,0.030128711422482052
t36,0.030128711422482052
t13,0.030128711422482052
t79,0.030128711422482052
t80,0.030128711422482052
t81,0.030128711422482052
t29,0.030128711422482052
t71,0.030128711422482052
t10,0.030128711422482052
