"accepted_species","estimate"
"t46",0.372318396509054
"t84",-0.0801839797740337
"t36",-1.28421945673296
"t13",-1.07430751958178
"t79",-0.746882142079621
"t80",-0.29139904329536
"t81",-0.29139904329536
"t29",-0.875936672565845
"t71",-0.681258193206522
"t10",0.555624379467423
