accepted_species,estimate
t21,-0.9787509014249087
t97,-1.148958657580903
t98,-1.1362400854784696
t58,0.953770496302663
t68,0.7263756609854704
t91,0.03366249051863783
t33,0.023720521318509255
t44,0.12524768575738415
t11,-0.19465340414829008
t24,-0.5881759789372096
