"accepted_species","estimate"
"t21",-0.120020163741962
"t97",-0.120020163741962
"t98",-0.120020163741962
"t58",0.3808958059229
"t68",0.588117421211054
"t91",-0.73258700757142
"t33",0.176853426495809
"t44",0.159198503136052
"t11",-0.450140833831943
"t24",-0.599159153779237
