accepted_species,estimate
t97,-0.30603348591694557
t56,-0.3031967321353367
t60,-0.30319131458430587
t74,-0.30316185055888595
t75,-0.30316185055888595
t33,-0.30359953301497855
t82,-0.8591620631482668
t25,-0.9563042820965835
t8,-0.835744312213618
t53,-0.9680093059023858
