accepted_species,0,1
t7,0.7911924312169978,0.20880756878300225
t46,0.8100705663463242,0.18992943365367576
t49,0.8340342335277248,0.16596576647227523
t61,0.7868526601474995,0.21314733985250048
t62,0.8055090530037925,0.19449094699620753
t65,0.8559643482291751,0.1440356517708249
t81,0.805407347252723,0.19459265274727697
t85,0.8177745047432154,0.1822254952567845
t101,0.79284755294173,0.20715244705827002
t104,0.8438043352242393,0.15619566477576075
