accepted_species,0,1
t2,0.5373750222733742,0.46262497772662575
t25,0.5873318461429364,0.41266815385706357
t26,0.5124545117148139,0.48754548828518607
t33,0.546011752847224,0.45398824715277597
t39,0.41613836896519474,0.5838616310348053
t40,0.4977479648484817,0.5022520351515183
t65,0.46180800576432846,0.5381919942356715
t90,0.42628201163999735,0.5737179883600027
t91,0.43757127979123656,0.5624287202087634
t92,0.4681218037290772,0.5318781962709228
