accepted_species,0,1
t7,0.8371053519957798,0.16289464800422018
t46,0.837946049253088,0.16205395074691198
t49,0.8377703558303307,0.16222964416966937
t61,0.8377020425787847,0.1622979574212154
t62,0.8377187079201756,0.16228129207982442
t65,0.8377669091381061,0.16223309086189383
t81,0.8376999132180241,0.162300086781976
t85,0.8380356891436925,0.16196431085630744
t101,0.8380646694007076,0.1619353305992924
t104,0.8378125569688215,0.16218744303117855
