accepted_species,0,1
t2,0.4917612,0.5082388
t25,0.5172774,0.48272258
t26,0.5172774,0.48272258
t33,0.5064293,0.4935707
t39,0.5064293,0.4935707
t40,0.5064293,0.4935707
t65,0.35325456,0.64674544
t90,0.5095034,0.49049658
t91,0.5095034,0.49049658
t92,0.3480873,0.6519127
