accepted_species,0,1
t103,0.6135810754940625,0.38641892450593746
t110,0.6135655528050484,0.38643444719495157
t219,0.6136962970113715,0.38630370298862843
t221,0.6135529484994874,0.3864470515005126
t222,0.6135194237348189,0.386480576265181
t230,0.6136768900787918,0.3863231099212082
t248,0.6137882186124455,0.38621178138755446
t271,0.6138235129501104,0.38617648704988955
t272,0.613823976624712,0.38617602337528795
t273,0.6137042254530432,0.3862957745469568
