accepted_species,0,1
t126,0.8755499983858552,0.12445000161414482
t144,0.8754587277435435,0.1245412722564565
t173,0.8786904073564458,0.12130959264355426
t176,0.8742220311952373,0.12577796880476272
t262,0.875206686247742,0.124793313752258
t272,0.8729861447137105,0.12701385528628947
t282,0.8748731443464599,0.12512685565354015
t284,0.8792821367955584,0.12071786320444158
t285,0.8730061042048495,0.1269938957951505
t286,0.8730069746630216,0.12699302533697845
