accepted_species,0,1
t126,0.91461337,0.08538661
t144,0.89046013,0.109539896
t173,0.89046013,0.109539896
t176,0.91461337,0.08538661
t262,0.91461337,0.08538661
t272,0.91461337,0.08538661
t282,0.91461337,0.08538661
t284,0.927938,0.072062
t285,0.91461337,0.08538661
t286,0.91461337,0.08538661
