accepted_species,0,1
t126,0.8417391,0.1582609
t144,0.8223482,0.17765184
t173,0.8417391,0.1582609
t176,0.8417391,0.1582609
t262,0.8417391,0.1582609
t272,0.8615754,0.13842458
t282,0.7894219,0.21057811
t284,0.8115833,0.1884167
t285,0.8615754,0.13842458
t286,0.8615754,0.13842458
