accepted_species,0,1
t103,0.651244,0.34875602
t110,0.55711377,0.44288623
t219,0.55711377,0.44288623
t221,0.6230918,0.3769082
t222,0.6230918,0.3769082
t230,0.56281376,0.43718627
t248,0.56281376,0.43718627
t271,0.56281376,0.43718627
t272,0.56281376,0.43718627
t273,0.56281376,0.43718627
