accepted_species,0,1
t126,0.8988336,0.101166405
t144,0.86180526,0.13819475
t173,0.8988336,0.101166405
t176,0.8988336,0.101166405
t262,0.8988336,0.101166405
t272,0.8988336,0.101166405
t282,0.86180526,0.13819475
t284,0.82622784,0.17377216
t285,0.8988336,0.101166405
t286,0.8988336,0.101166405
