"accepted_species","0","1"
"t128",0.00402058084008792,0.995979419159912
"t96",0.0355542993239196,0.96444570067608
"t121",0.0512357514689647,0.948764248531035
"t122",0.0512357514689647,0.948764248531035
"t75",0.962820343164953,0.0371796568350464
"t41",0.878801575278724,0.121198424721276
"t42",0.985267168871865,0.0147328311281353
"t71",0.945654706715094,0.0543452932849055
"t136",0.99866878889625,0.00133121110375036
"t88",0.039763403016574,0.960236596983426
"t49",0.225622366326029,0.774377633673971
"t113",0.26507487012296,0.73492512987704
"t114",0.26507487012296,0.73492512987704
