accepted_species,0,1
t128,0.43342543,0.5665746
t96,0.06175244,0.93824756
t121,0.50119627,0.49880373
t122,0.11416751,0.8858325
t75,0.6029526,0.3970474
t41,0.95850503,0.041494984
t42,0.14235365,0.85764635
t71,0.064481914,0.9355181
t136,0.6029526,0.3970474
t88,0.0071296096,0.9928704
t49,0.19729501,0.802705
t113,0.78897077,0.21102923
t114,0.68437046,0.31562954
