accepted_species,0,1
sp13,0.7241815577344977,0.27581844226550234
sp25,0.7436828657575313,0.2563171342424687
sp36,0.4164258977976254,0.5835741022023746
sp49,0.5200875447455002,0.4799124552544998
sp69,0.42496860920920365,0.5750313907907963
sp76,0.6970314309878353,0.30296856901216473
sp88,0.6976000155817654,0.30239998441823457
sp92,0.7728753040981342,0.22712469590186582
sp99,0.7739859656459364,0.22601403435406361
sp100,0.8492674613175978,0.15073253868240222
