accepted_species,0,1
sp13,0.9928873,0.007112695
sp25,0.9915613,0.008438702
sp36,0.4598987,0.5401013
sp49,0.948087,0.051913038
sp69,0.11713344,0.88286656
sp76,0.42336345,0.57663655
sp88,0.9631772,0.036822803
sp92,0.95681006,0.043189943
sp99,0.9703264,0.029673586
sp100,0.98918897,0.010811047
