accepted_species,0,1
sp13,0.7605877,0.23941228
sp25,0.78917974,0.21082024
sp36,0.426691,0.573309
sp49,0.5431942,0.4568058
sp69,0.54578966,0.45421034
sp76,0.788363,0.21163705
sp88,0.788363,0.21163705
sp92,0.77216506,0.22783491
sp99,0.820033,0.17996697
sp100,0.81980526,0.18019475
