accepted_species,estimate
t90,0.41151497887726035
t71,-0.09507279887645145
t72,-0.09507279887644798
t15,1.4121615667033682
t3,0.042408840801304644
t80,-0.8134900308980662
t54,-0.7244437855965857
t89,-0.6975167983051083
t41,-0.4631713805133858
t62,0.2604034777707225
