accepted_species,0
t90,0.2764806577367575
t71,
t72,
t15,
t3,
t80,-0.879257473714476
t54,
t89,-0.06414091585468434
t41,
t62,
