accepted_species,0,1
t127,0.008343816,0.9916562
t118,0.00019842386,0.9998016
t119,0.00019842386,0.9998016
t18,0.00019842386,0.9998016
t68,0.002349317,0.9976507
t136,0.0098413825,0.9901586
t67,0.0015860796,0.9984139
t26,0.018966317,0.9810337
t88,0.011235833,0.98876417
t66,0.018702507,0.9812975
t64,0.013594329,0.9864057
t70,0.0057061315,0.99429387
t71,0.006244421,0.9937556
t130,0.0036649704,0.996335
