accepted_species,0,1
t127,0.012305617,0.9876944
t118,0.012305617,0.9876944
t119,0.012305617,0.9876944
t18,0.012305617,0.9876944
t68,0.012305617,0.9876944
t136,0.012305617,0.9876944
t67,0.012305617,0.9876944
t26,0.024015307,0.9759847
t88,0.012305617,0.9876944
t66,0.060492992,0.939507
t64,0.024636269,0.97536373
t70,0.038573027,0.961427
t71,0.038573027,0.961427
t130,0.038573027,0.961427
