accepted_species,0,1
t127,0.022005975,0.977994
t118,0.007955313,0.9920447
t119,0.019010127,0.9809899
t18,0.012249172,0.9877508
t68,0.0076055527,0.99239445
t136,0.027157843,0.97284216
t67,0.0062301755,0.9937698
t26,0.0063890815,0.9936109
t88,0.0061165094,0.9938835
t66,0.019287348,0.98071265
t64,0.013471484,0.9865285
t70,0.13026047,0.86973953
t71,0.13026047,0.86973953
t130,0.055234253,0.94476575
