accepted_species,0,1
t34,0.4634722988169614,0.5365277011830386
t83,0.48090018997893536,0.5190998100210646
t100,0.46278126133007347,0.5372187386699265
t119,0.4634591506323362,0.5365408493676638
t121,0.4627990707226294,0.5372009292773706
t135,0.47284157128402127,0.5271584287159787
t137,0.47016319837989773,0.5298368016201023
t141,0.4627976591077708,0.5372023408922292
t147,0.46462582670567565,0.5353741732943244
t150,0.462853547020854,0.537146452979146
