accepted_species,0,1
t2,0.1687348041429716,0.8312651958570284
t7,0.16679525168571152,0.8332047483142885
t36,0.16961487823003862,0.8303851217699614
t53,0.1663784629853905,0.8336215370146095
t55,0.16896352384481872,0.8310364761551813
t65,0.1688312849036281,0.8311687150963719
t73,0.16958794402057242,0.8304120559794276
t91,0.16394000530475106,0.8360599946952489
t99,0.16866080197894728,0.8313391980210527
t104,0.16443346590353514,0.8355665340964649
