accepted_species,0,1
t34,0.3930844,0.6069156
t83,0.46383905,0.53616095
t100,0.44584262,0.5541574
t119,0.5247463,0.4752537
t121,0.39025688,0.6097431
t135,0.6137459,0.38625404
t137,0.34160554,0.65839446
t141,0.41296458,0.5870354
t147,0.48562348,0.5143765
t150,0.4694959,0.5305041
