accepted_species,0,1
t2,0.17039913,0.8296009
t7,0.16706121,0.8329388
t36,0.22195017,0.7780498
t53,0.16706121,0.8329388
t55,0.15596664,0.84403336
t65,0.15596664,0.84403336
t73,0.22195017,0.7780498
t91,0.11762977,0.88237023
t99,0.17039913,0.8296009
t104,0.16706121,0.8329388
