accepted_species,estimate
t16,-0.8033271
t33,-0.41669515
t87,0.23560959
t23,0.29818308
t31,1.430998
t49,1.0780219
t27,-0.45146635
t96,-0.6743719
t37,0.46676132
t80,0.4599963
