accepted_species,estimate
t16,-0.9494164
t33,-0.7472929
t87,0.28554046
t23,0.28554046
t31,1.4698883
t49,1.2321885
t27,-0.655038
t96,-0.66034174
t37,0.3690377
t80,0.3690377
