accepted_species,estimate
t141,-0.16150600854158706
t146,-0.9626163552305066
t23,-0.3918998929800647
t71,-1.2073206361139146
t35,0.716918082604302
t70,0.39279574902975084
t59,1.9760390011818878
t79,1.505222949638603
t107,0.5950120617651652
t127,-0.03640439189853842
t25,-0.6380260533433727
t99,-0.031406945188584806
t123,0.7264599791592949
t27,-0.5160164056035591
t151,-0.6506450362950915
t2,-0.6687792527019186
