accepted_species,0,1
t117,0.009869754,0.99013025
t70,0.009869754,0.99013025
t56,0.0023078918,0.9976921
t154,0.0023078918,0.9976921
t141,0.0023078918,0.9976921
t129,0.0013609529,0.99863905
t126,0.009869754,0.99013025
t156,0.009959757,0.99004024
t107,0.009959757,0.99004024
t147,0.009959757,0.99004024
t19,0.013435721,0.9865643
t12,0.062484145,0.93751585
t109,0.70085406,0.2991459
t48,0.8054079,0.19459212
t80,0.037442148,0.96255785
t30,0.0061274767,0.9938725
