"accepted_species","0","1"
"t13",0.507756427533055,0.492243572466945
"t29",0.497519946161,0.502480053839
"t43",0.502554256350282,0.497445743649718
"t50",0.393716609891787,0.606283390108213
"t59",0.290063490509323,0.709936509490677
"t63",0.68236180879889,0.31763819120111
"t69",0.247310551389433,0.752689448610567
"t76",0.159376353301029,0.840623646698972
"t100",0.0531597771865671,0.946840222813433
"t111",0.00512236063257926,0.994877639367421
