"accepted_species","0","1"
"t12",0.664692942770789,0.335307057229211
"t24",0.698669691554279,0.301330308445721
"t34",0.687279921872188,0.312720078127811
"t35",0.736534301168229,0.263465698831771
"t48",0.599041060937288,0.400958939062712
"t73",0.688946891573439,0.311053108426561
"t74",0.688946891573439,0.311053108426561
"t93",0.900007431854678,0.0999925681453225
"t108",0.0557976896889724,0.944202310311028
"t110",0.073333932838928,0.926666067161072
