accepted_species,0,1
t13,0.37242694647442476,0.6275730535255752
t29,0.31554951735665093,0.6844504826433491
t43,0.3655060468164886,0.6344939531835114
t50,0.360439616832985,0.639560383167015
t59,0.3542104685284526,0.6457895314715474
t63,0.37806696019081854,0.6219330398091815
t69,0.33312075368151073,0.6668792463184893
t76,0.3099629005368385,0.6900370994631615
t100,0.35291064359183144,0.6470893564081686
t111,0.3238373115548039,0.6761626884451961
