accepted_species,0,1
t12,0.7442624399873481,0.2557375600126519
t24,0.7344384298237178,0.26556157017628224
t34,0.6668940478101557,0.33310595218984423
t35,0.7530648429475997,0.24693515705240032
t48,0.7463322327627215,0.2536677672372784
t73,0.752387713750165,0.24761228624983497
t74,0.752387713750165,0.24761228624983497
t93,0.7504098568029187,0.24959014319708125
t108,0.23014198014920872,0.7698580198507913
t110,0.250833634512727,0.749166365487273
