accepted_species,0,1
t13,0.3863718918540173,0.6136281081459827
t29,0.3150557015184624,0.6849442984815376
t43,0.35351234123162767,0.6464876587683723
t50,0.3540149643011242,0.6459850356988758
t59,0.35749804457211465,0.6425019554278854
t63,0.39273563464557026,0.6072643653544297
t69,0.2996837989229053,0.7003162010770947
t76,0.31150157522757027,0.6884984247724297
t100,0.3593282938838047,0.6406717061161953
t111,0.29524594810323757,0.7047540518967624
