accepted_species,0,1
t12,0.6922870433125701,0.30771295668742993
t24,0.5991748678379352,0.4008251321620648
t34,0.6305071145761956,0.3694928854238045
t35,0.6360530317521584,0.3639469682478416
t48,0.8174109748507006,0.18258902514929942
t73,0.8225059911705148,0.17749400882948516
t74,0.8178504030382002,0.18214959696179978
t93,0.8002139297567443,0.19978607024325565
t108,0.18611927635980718,0.8138807236401928
t110,0.547982905982936,0.4520170940170641
