accepted_species,0,1
t13,0.87413156,0.12586841
t29,0.21415085,0.78584915
t43,0.7295821,0.27041796
t50,0.27135748,0.7286425
t59,0.047408998,0.952591
t63,0.850803,0.14919701
t69,0.12897474,0.87102526
t76,0.08863866,0.91136134
t100,0.07644677,0.9235532
t111,0.09554154,0.90445846
