accepted_species,0,1
t13,0.9486083,0.0513917
t29,0.065443516,0.9345565
t43,0.20880073,0.79119927
t50,0.06391448,0.9360855
t59,0.07030392,0.9296961
t63,0.96975386,0.030246116
t69,0.1038512,0.8961488
t76,0.004055083,0.9959449
t100,0.26168424,0.73831576
t111,0.18586254,0.81413746
