accepted_species,0
t114,
t51,
t28,
t57,
t35,
t125,
t117,
t106,
t18,
t156,0.321152842857282
t86,
t58,
t147,0.920387574635955
t30,
t140,-1.22647029640005
t10,
