accepted_species,estimate
t78,-4.898129747555212
t131,-5.149837091317885
t132,-5.149837091317865
t123,-0.4546116090220488
t98,-0.4715259794327309
t85,-0.4871837813553104
t139,-0.4528151887308759
t140,-0.45281518873087967
t129,-0.45683169948011315
t160,-0.6356638690621972
t161,-0.6356638690622
t144,-0.5884265687080005
t145,-0.5884265687080019
t87,-0.6178034071624874
t82,-0.6513287782323844
t67,-0.727517030320226
