accepted_species,0,1
t75,0.084254265,0.91574574
t150,0.0077390075,0.992261
t122,0.018628001,0.981372
t131,0.03218031,0.9678197
t53,0.047034085,0.9529659
t94,0.0027045608,0.99729544
t43,0.02145058,0.9785494
t14,0.014460325,0.9855397
t19,0.02145058,0.9785494
t156,0.03778076,0.96221924
t72,0.03778076,0.96221924
t78,0.06279153,0.9372085
t67,0.00084245205,0.99915755
t21,0.00084245205,0.99915755
t114,0.0006173849,0.9993826
t7,0.008957028,0.991043
