"accepted_species","0","1"
"t96",0.990287598326669,0.00971240167333116
"t68",0.49820749204614,0.50179250795386
"t21",0.972174429688495,0.0278255703115054
"t82",0.978565433088463,0.0214345669115366
"t92",0.984501881907186,0.0154981180928136
"t3",0.936176578663388,0.0638234213366121
"t41",0.971205837845013,0.028794162154987
"t57",0.582114811304327,0.417885188695673
"t58",0.582114811304327,0.417885188695673
"t60",0.981509245784901,0.0184907542150987
