accepted_species,0,1
t96,0.9561046222085833,0.04389537779141669
t68,0.9553971045723884,0.04460289542761166
t21,0.955666508153477,0.044333491846523
t82,0.9556780435931134,0.044321956406886576
t92,0.9556806807109305,0.044319319289069556
t3,0.9556822507813999,0.044317749218600086
t41,0.9552949750002248,0.04470502499977523
t57,0.9552456967578493,0.04475430324215066
t58,0.9552427418527266,0.04475725814727341
t60,0.9552442626223514,0.04475573737764863
