accepted_species,estimate
t39,-1.2017263536309561
t40,-1.1065065013225286
t15,-1.25371666464021
t45,-1.2739420799558603
t50,0.816121027476419
t7,0.5966898771179125
t27,0.8794955602064664
t1,0.46489938658194424
t80,0.7961862928710863
t18,0.8407000958909561
