accepted_species,estimate
t89,0.3753145238507371
t98,0.42484819171434285
t4,0.026651260931323924
t48,-1.6772600090916316
t13,-1.1047940678531292
t78,-0.03404083126827272
t65,-0.03436996508923647
t69,0.4393941847070846
t24,0.03397463036352424
t58,1.3626711885502254
