accepted_species,0
t89,0.816789091599031
t98,-0.843115058860496
t4,
t48,
t13,
t78,
t65,
t69,
t24,
t58,
