"accepted_species","estimate"
"t89",0.805998589585852
"t98",-0.837409162688821
"t4",0.300088718310072
"t48",-1.37767996470819
"t13",-0.878027994928508
"t78",-0.862701113195992
"t65",-1.04714684985161
"t69",0.564716540587691
"t24",0.290794132022472
"t58",2.2803529635683
