accepted_species,estimate
t87,-0.9949805183079905
t41,-0.17295598684456853
t48,-0.4570947836568145
t23,-0.3216647848266699
t75,-0.39896256136488534
t80,0.8034944762300636
t3,0.7965481109094433
t50,1.0284354865744487
t25,-0.6735134103869183
t37,-0.6337950460892927
