"accepted_species","estimate"
"t87",-1.49389192164976
"t41",-0.466718122389781
"t48",-0.460501451787986
"t23",-0.435647478474973
"t75",-0.404835651561112
"t80",0.515159726545223
"t3",0.57001150872214
"t50",0.881813350916396
"t25",-0.684532838737232
"t37",-0.64338670500016
