accepted_species,estimate
t87,-1.3503109
t41,-0.5203289
t48,-0.56385165
t23,-0.5028613
t75,-0.309688
t80,0.5408463
t3,0.4049706
t50,0.90189016
t25,-0.7219322
t37,-0.659263
