accepted_species,estimate
t87,-1.0880941
t41,-0.2703369
t48,-0.2652532
t23,-0.50949556
t75,-0.6092828
t80,1.1203831
t3,0.35499927
t50,0.8406538
t25,-0.77234095
t37,-0.83045393
