accepted_species,estimate
t12,-0.802602525983272
t62,-1.2096630462242384
t6,0.49189618594639334
t68,-1.2712960054190474
t25,-1.825431180402673
t41,1.2351593189072119
t97,1.3805399895598958
t64,1.2139391157361676
t1,0.8895184151809052
t96,1.0919580151651518
