accepted_species,0
t12,
t62,
t6,
t68,
t25,
t41,
t97,0.798498468009165
t64,
t1,
t96,0.531716211978497
