accepted_species,0
t24,
t53,
t95,0.4193555615465678
t81,-0.166242260370294
t7,
t42,
t68,-0.57707209648453
t44,
t70,-1.94614421228531
t20,
