accepted_species,0,1
t63,0.9444527750926808,0.05554722490731924
t95,0.9444733954101192,0.05552660458988079
t99,0.944444060868856,0.05555593913114398
t100,0.9444483861095541,0.05555161389044599
t103,0.9444328448673119,0.05556715513268802
t111,0.944449551993136,0.055550448006863984
t117,0.9444486997457388,0.055551300254261284
t120,0.9444450801825851,0.05555491981741487
t121,0.9444364544160628,0.055563545583937134
t124,0.9444687454940747,0.05553125450592528
