accepted_species,0,1
t63,0.9446294921044213,0.055370507895578736
t95,0.9446516919005582,0.05534830809944176
t99,0.9446459099272336,0.05535409007276637
t100,0.9446460918735551,0.05535390812644495
t103,0.944660190766286,0.05533980923371397
t111,0.9446430408011001,0.05535695919889994
t117,0.9446416052539236,0.05535839474607641
t120,0.9446229679971461,0.055377032002853974
t121,0.9446417812427761,0.05535821875722396
t124,0.9446428567506167,0.055357143249383324
