accepted_species,estimate
t90,0.3551567654735747
t142,0.023732927818189194
t17,1.110804661144153
t16,0.9496222112432546
t91,-2.181995906773835
t97,-0.990252821805974
t82,-0.5287586503216769
t52,-0.6873201017541951
t5,0.5092049320128856
t140,-0.1266488302685371
t147,0.2703284991737369
t99,0.23836257658010954
t119,-0.16352806680784346
t137,-0.15645484131142093
t76,0.01184022212137572
t85,-0.36092296978009836
