accepted_species,estimate
t90,-0.007957937347567126
t142,0.07624966869081096
t17,1.1699977093947687
t16,1.1330126878098914
t91,-1.6057805632474613
t97,-0.954517641166558
t82,-0.707148916350532
t52,-0.7283409837543697
t5,0.0939486351271491
t140,0.08215871732652497
t147,0.09962496175147267
t99,0.09454393453799143
t119,-0.2609602688752059
t137,-0.3634253857062324
t76,-0.2990083408778418
t85,-0.30032860036518455
