accepted_species,0
t90,0.05357720030151373
t142,0.05357720030151373
t17,0.05357720030151373
t16,0.05357720030151373
t91,0.05357720030151373
t97,0.05357720030151373
t82,0.05357720030151373
t52,0.05357720030151373
t5,0.05357720030151373
t140,0.05357720030151373
t147,-0.0612305436587229
t99,0.05357720030151373
t119,0.05357720030151373
t137,0.05357720030151373
t76,0.05357720030151373
t85,0.05357720030151373
