accepted_species,estimate
Asclepias_oenotheroides,-0.4210438589237563
Centaurium_erythraea,-0.4103549592782719
Chironia_linoides,-0.30183807067363955
Cyclophyllum_coprosmoides,0.32814411528636345
Galium_mexicanum,-0.5804136004305677
Galium_mollugo,-0.521854555876634
Gentiana_scabra,-0.46582107792672034
Nauclea_diderrichii,0.0732817386334351
Plumeria_alba,0.6822767133047999
Timonius_wallichianus,-0.028563298852327473
