accepted_species,estimate
t61,-0.7557043004957087
t93,-0.8164778580824269
t71,-0.8517286018935116
t55,-0.7594446197477815
t41,1.5417838973539453
t86,0.6879433083875144
t72,0.7272461350794766
t33,0.7139207157320784
t22,1.176641101748045
t28,-0.21181061733137527
