accepted_species,0
t61,
t93,-1.21686921582568
t71,
t55,
t41,
t86,0.682097137284644
t72,
t33,
t22,
t28,
