accepted_species,0,1
Rudgea_stipulacea,0.9958289,0.004171102
Artia_brachycarpa,0.9799465,0.020053493
Asclepias_melantha,0.9799465,0.020053493
Fockea_capensis,0.9799465,0.020053493
Kohautia_coccinea,0.9958289,0.004171102
Ixora_tenuiflora,0.5107391,0.48926094
Pentanisia_foetida,0.9827658,0.017234206
Coffea_dubardii,0.9661175,0.03388248
Galianthe_chiquitosiana,0.9958289,0.004171102
Orbea_tapscottii,0.8859011,0.11409889
