"accepted_species","0","1"
"t67",0.265226327967443,0.734773672032557
"t72",0.223354371071567,0.776645628928433
"t74",0.225926520526266,0.774073479473734
"t101",0.124761641376915,0.875238358623085
"t122",0.121159017533901,0.878840982466099
"t124",0.0790586848004124,0.920941315199588
"t137",0.0879625135428685,0.912037486457132
"t139",0.0670439536786806,0.932956046321319
"t142",0.0458182867245371,0.954181713275463
"t165",0.000777106760708066,0.999222893239292
