accepted_species,0,1
t67,0.257824234076391,0.742175765923609
t72,0.24069044648465876,0.7593095535153412
t74,0.22373599411966716,0.7762640058803328
t101,0.21575286487822742,0.7842471351217726
t122,0.22400304180847064,0.7759969581915294
t124,0.22197063756001112,0.7780293624399889
t137,0.22386234986487874,0.7761376501351213
t139,0.25865993249210584,0.7413400675078942
t142,0.2577901396381118,0.7422098603618882
t165,0.25870531188343515,0.7412946881165648
