accepted_species,0,1
t59,0.6232746270628047,0.3767253729371953
t100,0.45597921443267164,0.5440207855673284
t109,0.4521224987272914,0.5478775012727086
t110,0.27468823636548423,0.7253117636345158
t114,0.5217139791249641,0.47828602087503597
t137,0.43468501980904706,0.5653149801909529
t146,0.6281528125126213,0.37184718748737866
t148,0.40133102924076935,0.5986689707592306
t155,0.4972720412524124,0.5027279587475876
t156,0.5126187061726319,0.48738129382736806
