accepted_species,0,1
t59,0.543525,0.456475
t100,0.543525,0.456475
t109,0.5306895,0.4693105
t110,0.5306895,0.4693105
t114,0.5215175,0.4784825
t137,0.34426755,0.65573245
t146,0.50862265,0.49137738
t148,0.50862265,0.49137738
t155,0.543525,0.456475
t156,0.543525,0.456475
