accepted_species,0,1
t67,0.27697533,0.72302467
t72,0.13123399,0.868766
t74,0.36896294,0.63103706
t101,0.10800463,0.8919954
t122,0.36896294,0.63103706
t124,0.13547045,0.86452955
t137,0.36896294,0.63103706
t139,0.12963557,0.8703644
t142,0.40391296,0.59608704
t165,0.12963557,0.8703644
