accepted_species,0,1
t59,0.65356135,0.34643865
t100,0.8945908,0.105409205
t109,0.19781369,0.8021863
t110,0.19781369,0.8021863
t114,0.6965786,0.30342138
t137,0.063432336,0.93656766
t146,0.27314448,0.7268555
t148,0.5701094,0.42989057
t155,0.9488161,0.051183887
t156,0.4549582,0.5450418
