"accepted_species","estimate"
"t96",-0.250091404463151
"t97",-0.0658932348457196
"t28",-0.708511082754616
"t49",0.0462789331510714
"t27",-0.271425487579267
"t93",-0.55810231888934
"t63",-0.690167405769533
"t39",-0.307741063500787
"t20",-0.555896313420874
"t18",-1.14122370420835
