accepted_species,estimate
t16,0.28050367741406385
t39,0.5127315873042483
t40,0.5127315873042483
t99,0.6146857658062328
t100,0.614685765806233
t61,0.6584668063026187
t59,0.6583007508424251
t10,0.3671789681243762
t11,0.36717896812437645
t19,0.3266602259742928
