accepted_species,0,1
sp138,0.2315948045476265,0.7684051954523735
sp139,0.23447720841066955,0.7655227915893305
sp141,0.6319510065464038,0.36804899345359615
sp151,0.05931519384677986,0.9406848061532201
sp157,0.7426985054375479,0.2573014945624521
sp166,0.21492056556910233,0.7850794344308977
sp186,0.3205732667340051,0.6794267332659949
sp204,0.773517093033848,0.2264829069661521
sp210,0.06853069565005843,0.9314693043499416
sp215,0.7203193198044846,0.2796806801955154
