accepted_species,0,1
sp138,0.2315855,0.7684145
sp139,0.2315855,0.7684145
sp141,0.29675645,0.70324355
sp151,0.13110101,0.868899
sp157,0.8039056,0.19609442
sp166,0.2137438,0.7862562
sp186,0.3026029,0.6973971
sp204,0.8039056,0.19609442
sp210,0.13110101,0.868899
sp215,0.7198514,0.28014863
