accepted_species,0,1
sp138,0.2103185,0.7896815
sp139,0.33544552,0.6645545
sp141,0.5472158,0.45278415
sp151,0.028155386,0.9718446
sp157,0.086450994,0.913549
sp166,0.14211965,0.85788035
sp186,0.42495328,0.5750467
sp204,0.96216244,0.03783754
sp210,0.028155386,0.9718446
sp215,0.83848774,0.16151223
