accepted_species,0,1
t91,0.05610924751977131,0.9438907524802287
t8,0.056102016900761664,0.9438979830992383
t43,0.05596515009937397,0.944034849900626
t14,0.055985897166503484,0.9440141028334965
t90,0.0549694043148673,0.9450305956851327
t9,0.05519651761008448,0.9448034823899155
t80,0.0554457125967287,0.9445542874032713
t35,0.05544102187403699,0.944558978125963
t87,0.05520006509273112,0.9447999349072689
t38,0.05519695976268424,0.9448030402373158
