accepted_species,0,1
t91,0.05616263438630609,0.9438373656136939
t8,0.05613824158313929,0.9438617584168607
t43,0.0556447697269965,0.9443552302730035
t14,0.05558805411700707,0.9444119458829929
t90,0.055316409218205576,0.9446835907817944
t9,0.05531074286764803,0.944689257132352
t80,0.05598998646836073,0.9440100135316393
t35,0.05598386477021733,0.9440161352297827
t87,0.055326080763414054,0.944673919236586
t38,0.05534339038156055,0.9446566096184394
