accepted_species,0,1
t91,0.05899781,0.9410022
t8,0.060503423,0.9394966
t43,0.053506732,0.94649327
t14,0.06252581,0.9374742
t90,0.045167565,0.95483243
t9,0.042844653,0.95715535
t80,0.05353844,0.94646156
t35,0.048835576,0.9511644
t87,0.0436939,0.9563061
t38,0.042844653,0.95715535
