accepted_species,estimate
t20,0.14105636269058006
t74,0.38457797782134534
t4,0.2892822232796601
t97,0.6312639625734735
t86,-0.29458689664650933
t16,0.3492772401813293
t5,0.27177144541452275
t55,-0.6249127543229851
t43,-0.5977922256463688
t27,-0.045374798390225325
