accepted_species,estimate
t20,0.12212915345046468
t74,0.08219178935030039
t4,0.40058585178594774
t97,0.5737111344992852
t86,0.5115606879522981
t16,0.4971449926924828
t5,0.15021557556800932
t55,-0.6482703042616837
t43,-0.6192701009161848
t27,-0.2639683862176746
