"accepted_species","estimate"
"t20",0.235452393336386
"t74",0.0844641468263008
"t4",0.433527189469844
"t97",0.393295857190163
"t86",0.485715549498742
"t16",0.272028334740942
"t5",0.231505122650493
"t55",-0.284405503122292
"t43",-0.12886113828296
"t27",-1.69905610441949
