"accepted_species","0","1"
"t183",0.342553878624032,0.657446121375968
"t184",0.342551756221532,0.657448243778468
"t192",0.342550148338479,0.657449851661521
"t198",0.342634346191277,0.657365653808723
"t205",0.34227803286987,0.65772196713013
"t224",0.342554856919231,0.657445143080769
"t260",0.297539848564622,0.702460151435378
"t261",0.432271487877797,0.567728512122203
"t284",0.36095974649994,0.63904025350006
"t298",0.0739924714792649,0.926007528520735
