accepted_species,0,1
t183,0.331575551108343,0.668424448891657
t184,0.3321610039633647,0.6678389960366353
t192,0.33296216015007374,0.6670378398499263
t198,0.33469461649543497,0.665305383504565
t205,0.33290557776314034,0.6670944222368597
t224,0.33212698839760646,0.6678730116023935
t260,0.3347066952292247,0.6652933047707753
t261,0.3297125508336979,0.6702874491663021
t284,0.32978698863422784,0.6702130113657722
t298,0.33208275806891974,0.6679172419310803
