accepted_species,0,1
t23,0.4986961133780127,0.5013038866219873
t43,0.4988495552263551,0.5011504447736449
t59,0.5127837766096689,0.4872162233903311
t60,0.49227785681172287,0.5077221431882771
t74,0.49935176073334,0.50064823926666
t79,0.48790183297596323,0.5120981670240368
t83,0.49851125965046017,0.5014887403495398
t87,0.5025682040311458,0.49743179596885423
t106,0.5108675618263323,0.48913243817366764
t109,0.5021048127315155,0.49789518726848453
