accepted_species,0,1
t183,0.13687271,0.8631273
t184,0.53504956,0.46495044
t192,0.84321713,0.15678284
t198,0.0925591,0.9074409
t205,0.014104068,0.98589593
t224,0.38382065,0.61617935
t260,0.9579676,0.04203241
t261,0.14300501,0.856995
t284,0.30938458,0.6906154
t298,0.20440584,0.79559416
