accepted_species,0,1
t183,0.35332572,0.6466743
t184,0.3794977,0.6205023
t192,0.35332572,0.6466743
t198,0.35332572,0.6466743
t205,0.35332572,0.6466743
t224,0.3794977,0.6205023
t260,0.35332572,0.6466743
t261,0.42078048,0.5792195
t284,0.42078048,0.5792195
t298,0.3794977,0.6205023
