accepted_species,0,1
t48,0.32799999999999996,0.672
t92,0.32799999999999996,0.672
t11,0.32799999999999996,0.672
t37,0.32799999999999996,0.672
t40,0.32799999999999996,0.672
t109,0.0,1.0
t125,0.0,1.0
t34,0.0,1.0
t139,0.0,1.0
t28,0.32799999999999996,0.672
t74,0.32799999999999996,0.672
t83,0.32799999999999996,0.672
t132,1.0,0.0
t121,1.0,0.0
