accepted_species,0,1
t48,0.013268173,0.9867318
t92,0.013268173,0.9867318
t11,0.40352356,0.59647644
t37,0.04504764,0.95495236
t40,0.0043669343,0.99563307
t109,0.024844348,0.97515565
t125,0.033897817,0.9661022
t34,0.04082191,0.9591781
t139,0.008568525,0.9914315
t28,0.008568525,0.9914315
t74,0.9928958,0.0071041933
t83,0.9928958,0.0071041933
t132,0.9933671,0.006632923
t121,0.9933671,0.006632923
