accepted_species,0
t28,0.014300330409237106
t44,0.014300330409237106
t11,0.014300330409237106
t15,0.014300330409237106
t4,0.014300330409237106
t19,0.014300330409237106
t85,0.430175391006363
t38,0.014300330409237106
t42,0.014300330409237106
t55,-0.937487587509334
