accepted_species,0,1
Rogersonanthus_arboreus,0.9919783,0.008021686
Larryleachia_perlata,0.9943239,0.005676108
Vangueria_pallidiflora,0.91977066,0.08022933
Apocynum_pictum,0.9736868,0.026313208
Mandevilla_scaberula,0.9736868,0.026313208
Mussaenda_cordifolia,0.79195297,0.20804703
Sphinctanthus_maculatus,0.8562353,0.14376467
Pauridiantha_liberiensis,0.90700024,0.09299975
Dischidia_cominsii,0.96726024,0.03273975
Praravinia_hexamera,0.8050594,0.19494064
