accepted_species,0,1
sp225,0.23344696949146626,0.7665530305085337
sp294,0.2333986648862968,0.7666013351137032
sp326,0.23347168753050251,0.7665283124694975
sp341,0.23353979748672682,0.7664602025132732
sp342,0.23354290082514806,0.7664570991748519
sp357,0.23348667703764125,0.7665133229623587
sp366,0.23347536037514038,0.7665246396248596
sp367,0.2334796372831659,0.7665203627168341
sp391,0.2334888633551686,0.7665111366448314
sp392,0.23348897517169942,0.7665110248283006
