accepted_species,0,1
sp225,0.097225785,0.9027742
sp294,0.097225785,0.9027742
sp326,0.097225785,0.9027742
sp341,0.07818085,0.92181915
sp342,0.07818085,0.92181915
sp357,0.07818085,0.92181915
sp366,0.07818085,0.92181915
sp367,0.097225785,0.9027742
sp391,0.097225785,0.9027742
sp392,0.097225785,0.9027742
