accepted_species,0,1
t12,0.3969069911389911,0.6030930088610089
t27,0.4174467622215673,0.5825532377784327
t32,0.5794051152827746,0.42059488471722545
t33,0.550257027127862,0.4497429728721381
t58,0.493023480483745,0.506976519516255
t63,0.43576816688437037,0.5642318331156296
t80,0.4866524003330499,0.5133475996669501
t96,0.7085001844237458,0.29149981557625415
t100,0.4332248755653997,0.5667751244346003
t102,0.40556382514258427,0.5944361748574157
