accepted_species,0,1
t9,0.8857398863848228,0.11426011361517716
t10,0.8279990723225391,0.17200092767746092
t12,0.8459527427342476,0.1540472572657524
t24,0.8487454202411299,0.15125457975887013
t32,0.8368431111237806,0.16315688887621935
t60,0.8664818590648502,0.13351814093514977
t76,0.9447716602144531,0.055228339785546844
t92,0.9613840637503731,0.03861593624962689
t98,0.5276955766353475,0.47230442336465245
t99,0.9182881593057872,0.08171184069421272
