accepted_species,0,1
t9,0.87589115,0.12410887
t10,0.8737197,0.1262803
t12,0.8717059,0.12829411
t24,0.8301537,0.16984631
t32,0.88796264,0.11203737
t60,0.8753521,0.12464789
t76,0.88044125,0.11955874
t92,0.8963713,0.10362871
t98,0.8252916,0.17470843
t99,0.82220525,0.17779474
