accepted_species,0,1
t84,0.795192696787382,0.204807303212618
t29,0.7645530990658853,0.23544690093411466
t36,0.7559396928307611,0.24406030716923882
t51,0.7836587104480834,0.21634128955191653
t3,0.6150861905154251,0.3849138094845749
t52,0.6379889889018111,0.36201101109818895
t2,0.9508533848085823,0.049146615191417706
t15,0.949644889651478,0.05035511034852203
t23,0.915129907812785,0.08487009218721502
t68,0.9720561804192536,0.027943819580746463
