accepted_species,0,1
t84,1.0,0.0
t29,1.0,0.0
t36,1.0,0.0
t51,1.0,0.0
t3,0.8,0.2
t52,1.0,0.0
t2,0.8,0.2
t15,0.8,0.2
t23,0.7999999999941487,0.20000000000585133
t68,1.0,0.0
