accepted_species,0,1
t84,0.8879465,0.11205354
t29,0.87606424,0.12393578
t36,0.92687,0.07313002
t51,0.92687,0.07313002
t3,0.38238853,0.61761147
t52,0.49906158,0.5009384
t2,0.9025453,0.097454734
t15,0.9025453,0.097454734
t23,0.91993904,0.08006098
t68,0.9947821,0.0052179326
