accepted_species,estimate
t90,-0.6642399051437765
t31,-0.4145436669194299
t64,0.020982995551381185
t18,-1.0721879044354585
t51,0.5426110337254205
t92,0.5835755907579224
t84,0.687131216951791
t29,0.6753220909010633
t45,0.677029354160875
t88,0.6784655438462324
