"accepted_species","estimate"
"t90",-0.910126492362241
"t31",-0.257048693765424
"t64",0.262838678808881
"t18",-0.573435583429296
"t51",0.750084138495331
"t92",-0.101453939203739
"t84",1.2380262289272
"t29",-0.313293511899355
"t45",-0.377473512866647
"t88",0.945249792947521
