accepted_species,estimate
t90,-0.8418561
t31,-0.17135586
t64,0.6919266
t18,-0.66999435
t51,0.8526452
t92,-0.09500694
t84,1.2419192
t29,-0.26276022
t45,-0.26276022
t88,0.6565629
