accepted_species,estimate
t123,0.9187363556388635
t50,-0.46327693053320895
t131,-1.0597353493568575
t79,-1.6403415302493192
t73,-1.647466632149974
t129,-1.7131365004356327
t90,-0.6854089707011802
t46,-0.7988955090912635
t23,-0.8312619537132167
t33,0.4407088321299377
t133,1.5892889143409341
t62,1.450976580300274
t45,0.7093336230403996
t29,0.8579797578089012
t153,1.1115337799530673
t121,1.1055485647828605
