accepted_species,estimate
t123,0.21470738873838674
t50,-0.3955382474516027
t131,-0.7182029707144514
t79,-1.866926422144422
t73,-1.731340523644619
t129,-1.8958910288701722
t90,-1.0702447901352334
t46,-0.8122725613863425
t23,-0.7202425965317479
t33,0.18018407836579448
t133,1.403337048062395
t62,1.2129461772201184
t45,0.6951700770773811
t29,0.835884561436563
t153,0.9409783645164359
t121,0.9360108429433116
