accepted_species,0
t123,0.007952387436635075
t50,0.007952387436635075
t131,0.007952387436635075
t79,0.007952387436635075
t73,0.007952387436635075
t129,0.007952387436635075
t90,0.007952387436635075
t46,0.007952387436635075
t23,0.007952387436635075
t33,0.007952387436635075
t133,2.14524532973729
t62,0.007952387436635075
t45,0.007952387436635075
t29,0.007952387436635075
t153,0.945538321134753
t121,0.007952387436635075
