"accepted_species","estimate"
"t123",0.555609005567677
"t50",-0.154180800899337
"t131",-1.37306222699074
"t79",-1.54395292067445
"t73",-1.65918885794277
"t129",-1.70828007132438
"t90",-1.02986624930604
"t46",-0.893623162080473
"t23",-0.803586662692854
"t33",0.0579770041714204
"t133",1.99593918286416
"t62",1.11362091799343
"t45",0.862554692699161
"t29",1.00982777988468
"t153",0.950510936346471
"t121",0.917686117206529
