accepted_species,estimate
t89,-0.07063147906554572
t4,0.05939393346692891
t11,0.11626876274751992
t48,-0.9116536024576861
t32,-0.17670843941331438
t25,-0.9517745020773953
t19,-0.9295406024082661
t52,-0.9637045981136603
t9,0.40966020318591223
t86,0.407128209900421
