accepted_species,0
t89,-1.20796312285284
t4,
t11,
t48,
t32,
t25,
t19,
t52,
t9,
t86,0.21086734544162
