"accepted_species","estimate"
"t89",-1.1889293663202
"t4",0.0223967692571838
"t11",0.130761804047669
"t48",-0.706410885830339
"t32",0.0583124475062003
"t25",-1.18620901377694
"t19",-0.665428021596116
"t52",-0.551120531015067
"t9",0.42474521782002
"t86",0.222825955006562
