accepted_species,0,1
t58,0.6616662077717095,0.3383337922282906
t82,0.694393245689995,0.30560675431000495
t88,0.7077076881771931,0.29229231182280696
t102,0.6597178972749806,0.3402821027250193
t164,0.6162264983580568,0.38377350164194324
t208,0.7199186688278113,0.2800813311721887
t220,0.5865386352114952,0.41346136478850487
t228,0.625922111189245,0.374077888810755
t229,0.6739746057197786,0.32602539428022137
t230,0.6624449848582135,0.3375550151417866
