accepted_species,0,1
t58,0.2718324227287937,0.7281675772712063
t82,0.2717609965837109,0.7282390034162891
t88,0.27178745925314074,0.7282125407468593
t102,0.2718203606456677,0.7281796393543323
t164,0.27189034399217693,0.7281096560078231
t208,0.27175067752588156,0.7282493224741184
t220,0.2716288304196298,0.7283711695803702
t228,0.27160606717339153,0.7283939328266085
t229,0.2717035954878304,0.7282964045121696
t230,0.27162988468585647,0.7283701153141435
