accepted_species,0,1
t58,0.2666666666666667,0.7333333333333333
t82,0.2666666666666667,0.7333333333333333
t88,0.2666666666666667,0.7333333333333333
t102,0.2666666666666667,0.7333333333333333
t164,0.2666666666666667,0.7333333333333333
t208,0.0,1.0
t220,1.0,0.0
t228,1.0,0.0
t229,0.2666666666666667,0.7333333333333333
t230,0.2666666666666667,0.7333333333333333
