accepted_species,0,1
t58,0.32004356,0.67995644
t82,0.3520218,0.6479782
t88,0.36005342,0.6399466
t102,0.3184793,0.6815207
t164,0.32224625,0.67775375
t208,0.3263489,0.6736511
t220,0.3526156,0.6473844
t228,0.43595195,0.56404805
t229,0.3505177,0.6494823
t230,0.3291918,0.6708082
