accepted_species,0,1
t58,0.36422688,0.6357731
t82,0.29913402,0.700866
t88,0.29913402,0.700866
t102,0.29913402,0.700866
t164,0.29913402,0.700866
t208,0.29913402,0.700866
t220,0.29913402,0.700866
t228,0.29913402,0.700866
t229,0.29913402,0.700866
t230,0.29913402,0.700866
