accepted_species,0,1
t58,0.9080173,0.09198272
t82,0.4708516,0.5291484
t88,0.42574793,0.57425207
t102,0.4708516,0.5291484
t164,0.5451511,0.45484886
t208,0.92365056,0.07634945
t220,0.38645297,0.613547
t228,0.4080392,0.5919608
t229,0.4080392,0.5919608
t230,0.4080392,0.5919608
