accepted_species,0,1
t108,0.27381444,0.72618556
t141,0.2971546,0.7028454
t173,0.2985825,0.7014175
t187,0.56921697,0.43078303
t188,0.5917672,0.40823278
t191,0.58955425,0.41044575
t192,0.559989,0.44001102
t199,0.26674455,0.73325545
t206,0.27976674,0.72023326
t240,0.28670645,0.71329355
