accepted_species,0,1
Gentianella_petrophila,0.9417003,0.05829972
Microplumeria_anomala,0.87028545,0.12971453
Pyrostria_longiflora,0.9479156,0.052084383
Chonemorpha_pedicellata,0.6500381,0.3499619
Tarenna_puberula,0.9654274,0.03457263
Pachypodium_geayi,0.6500381,0.3499619
Gardenia_tropidocarpa,0.9654274,0.03457263
Pavetta_seretii,0.9654274,0.03457263
Xysmalobium_prunelloides,0.87492514,0.12507486
Exacum_caeruleum,0.9417003,0.05829972
