accepted_species,0,1
Gentianella_petrophila,0.9865723,0.013427655
Microplumeria_anomala,0.9282217,0.07177832
Pyrostria_longiflora,0.99454606,0.0054539414
Chonemorpha_pedicellata,0.95082504,0.049174972
Tarenna_puberula,0.39074272,0.6092573
Pachypodium_geayi,0.93231356,0.06768641
Gardenia_tropidocarpa,0.99454606,0.0054539414
Pavetta_seretii,0.9933997,0.0066003026
Xysmalobium_prunelloides,0.9021308,0.097869225
Exacum_caeruleum,0.98282224,0.017177772
