accepted_species,0,1
t74,0.9790548,0.020945214
t85,0.9358034,0.064196594
t38,0.9598301,0.040169917
t42,0.9862029,0.0137971165
t52,0.98059076,0.019409241
t64,0.91794336,0.08205667
t41,0.9791549,0.020845134
t94,0.9637842,0.03621576
t13,0.9755483,0.024451647
t66,0.9755483,0.024451647
