accepted_species,estimate
t31,-0.4179803754171661
t58,-0.11965312031973546
t55,0.1915398822903342
t72,0.09059013146334721
t16,-1.3272964046628875
t64,-0.16479252982124254
t79,-0.09144982171451971
t3,0.2987547752356147
t15,0.1741749040847247
t24,-0.04189297708513622
