accepted_species,estimate
t76,0.2706704545869625
t77,0.2706704545869569
t85,0.45674188291803414
t43,-1.5484175886983154
t97,-1.638372754056593
t98,-1.638372754056593
t65,-1.6053429879012104
t26,-1.4259793276577355
t49,-1.4434976252414558
t50,-1.4434976252414558
