accepted_species,estimate
t76,0.29883235288129273
t77,0.3145588781663503
t85,0.18418109303052288
t43,-1.4044488514033953
t97,-1.500808143166907
t98,-1.5018048234695094
t65,-1.4370668203185213
t26,-1.1815096254612598
t49,-1.2687916290386694
t50,-1.2910667346234463
