accepted_species,estimate
t59,-0.2715451696257076
t34,-0.4261391942864893
t63,-0.7430393008116803
t75,-0.16801760748219088
t30,-0.1538187015849916
t47,-0.3774017737010589
t39,0.9226692451656254
t98,0.9315607103486252
t11,0.7613855169676682
t26,-0.9211941657775611
