accepted_species,0
t59,0.049317698671798284
t34,0.049317698671798284
t63,0.049317698671798284
t75,0.049317698671798284
t30,0.049317698671798284
t47,0.049317698671798284
t39,0.049317698671798284
t98,0.8577936962121567
t11,0.049317698671798284
t26,0.049317698671798284
