accepted_species,estimate
t59,-1.1474099
t34,-1.8996834
t63,-0.66454095
t75,-0.5217353
t30,-0.37495717
t47,-0.90257794
t39,0.67710066
t98,0.9966374
t11,0.23591554
t26,-1.1564106
