accepted_species,estimate
t27,0.4281407296343096
t73,-0.497556672016946
t33,0.5548145248751747
t22,0.5588479357820988
t58,-0.4066060844033128
t53,-0.23086090027758654
t91,-0.23262863391432553
t19,0.6351862688359677
t69,0.833348827435563
t74,0.11652863282120995
