accepted_species,estimate
t27,0.6012464655941261
t73,-0.6377419587876925
t33,2.2444832580900593
t22,1.9598494056768754
t58,0.013223636469565023
t53,-0.590271458578701
t91,-1.3304814335297277
t19,0.8428419078843729
t69,0.8997669698578977
t74,0.000850596639369725
