"accepted_species","estimate"
"t27",0.221099804491884
"t73",-0.479896852733689
"t33",1.8900083521237
"t22",2.05247889093032
"t58",0.191987128124071
"t53",-0.296573305623152
"t91",-0.724101809774995
"t19",0.605380842867474
"t69",0.80067802998486
"t74",0.160874798716701
