"accepted_species","estimate"
"t27",0.139432424689633
"t73",-0.572785005214427
"t33",2.06917376126688
"t22",1.96166561734332
"t58",0.118594559666509
"t53",-0.242536474625993
"t91",-0.714957732942157
"t19",0.600148202694044
"t69",0.819010563103547
"t74",0.256533500920029
