accepted_species,estimate
Alstonia_muelleriana,0.4421392277078031
Aspidosperma_polyneuron,0.3961434034287199
Aspidosperma_spruceanum,0.39614340342872034
Coffea_arabica,0.807880858053003
Galium_angustifolium,-0.28413689542243614
Galium_murale,-0.3154702688311344
Knoxia_sumatrensis,0.17969914367536136
Oldenlandia_corymbosa,0.18460033331804843
Psychotria_tenuifolia,0.555018028348289
Vincetoxicum_hirundinaria,-0.2558626638605209
