accepted_species,0,1
sp6,0.8333333333333334,0.16666666666666666
sp21,0.8333333333333334,0.16666666666666666
sp23,0.8333333333333334,0.16666666666666666
sp39,0.8333333333333334,0.16666666666666666
sp41,0.8333333333333334,0.16666666666666666
sp45,0.8333333333333334,0.16666666666666666
sp78,0.8333333333333334,0.16666666666666666
sp79,0.8333333333333334,0.16666666666666666
sp82,0.0,1.0
sp98,1.0,0.0
