accepted_species,0,1
sp6,0.9702025,0.029797498
sp21,0.4594878,0.5405122
sp23,0.9590905,0.04090954
sp39,0.11052674,0.88947326
sp41,0.9963122,0.003687788
sp45,0.91300887,0.08699111
sp78,0.9963122,0.003687788
sp79,0.4383111,0.5616889
sp82,0.11052674,0.88947326
sp98,0.9787922,0.021207828
