accepted_species,0,1
sp6,0.86256176,0.13743824
sp21,0.8250852,0.17491479
sp23,0.8710975,0.12890251
sp39,0.71125627,0.28874376
sp41,0.8169553,0.18304467
sp45,0.8710975,0.12890251
sp78,0.8710975,0.12890251
sp79,0.86256176,0.13743824
sp82,0.71125627,0.28874376
sp98,0.8710975,0.12890251
