"accepted_species","0","1"
"t43","0.49991812364664","0.50008187635336"
"t57","0.488814571683086","0.511185428316914"
"t94","0.488567938975493","0.511432061024507"
"t128","0.583788770406269","0.416211229593731"
"t129","0.583788770406269","0.416211229593731"
"t149","0.488567938975493","0.511432061024507"
"t150","0.488567938975493","0.511432061024507"
"t155","0.0613191401086419","0.938680859891358"
"t162","0.564884978041292","0.435115021958708"
"t163","0.564884978041292","0.435115021958708"
