accepted_species,0,1
t43,0.3990742,0.6009258
t57,0.3990742,0.6009258
t94,0.3990742,0.6009258
t128,0.40747005,0.59252995
t129,0.41326106,0.58673894
t149,0.3990742,0.6009258
t150,0.3990742,0.6009258
t155,0.40244544,0.59755456
t162,0.40244544,0.59755456
t163,0.40747005,0.59252995
