"accepted_species","0","1"
"t69",0.500000000875803,0.499999999124197
"t140",0.501010560587996,0.498989439412004
"t148",0.502018326870518,0.497981673129482
"t165",0.506943725078665,0.493056274921335
"t174",0.49906184142152,0.50093815857848
"t187",0.500008485194695,0.499991514805305
"t205",0.599174055224405,0.400825944775595
"t220",0.353224196280322,0.646775803719678
"t247",0.0440700222297669,0.955929977770233
"t249",0.97233845770515,0.0276615422948499
