"accepted_species","0","1"
"t140","0.500005798121849","0.499994201878151"
"t142","0.499999999341184","0.500000000658816"
"t155","0.500048016983375","0.499951983016625"
"t215","0.527059437951746","0.472940562048254"
"t231","0.678237749620599","0.321762250379401"
"t234","0.690472138102204","0.309527861897796"
"t236","0.27254602003259","0.72745397996741"
"t239","0.657961731322302","0.342038268677698"
"t243","0.195304401067287","0.804695598932713"
"t259","0.967397722392479","0.0326022776075208"
