accepted_species,0,1
t69,0.85852635,0.14147362
t140,0.0341779,0.9658221
t148,0.9204318,0.079568215
t165,0.9644077,0.035592325
t174,0.081308484,0.9186915
t187,0.48928922,0.5107108
t205,0.9204318,0.079568215
t220,0.88671225,0.113287725
t247,0.48928922,0.5107108
t249,0.43728513,0.5627149
