accepted_species,0,1
t104,0.9521740861944831,0.0478259138055169
t128,0.7008762551980976,0.2991237448019024
t153,0.9044130577215205,0.09558694227847951
t163,0.9534668788993801,0.04653312110061991
t178,0.7138961539766754,0.2861038460233246
t192,0.4543750658498469,0.5456249341501531
t212,0.9410851773781597,0.05891482262184038
t218,0.6981458781646507,0.3018541218353493
t222,0.9195718183651576,0.08042818163484247
t224,0.9153005377091064,0.0846994622908936
