accepted_species,0,1
t104,0.9300052776660396,0.06999472233396044
t128,0.7974091128835326,0.2025908871164674
t153,0.921915458265862,0.07808454173413802
t163,0.9246032484310779,0.07539675156892213
t178,0.7889636867790651,0.21103631322093483
t192,0.41594948988625835,0.5840505101137416
t212,0.9473570554322992,0.05264294456770083
t218,0.7202442588918349,0.27975574110816515
t222,0.8932354026907181,0.10676459730928192
t224,0.8975141749530653,0.10248582504693465
