accepted_species,0,1
t102,0.6699884644028344,0.3300115355971655
t129,0.7285737172420172,0.2714262827579827
t130,0.6364669723093026,0.36353302769069745
t131,0.6364669723093026,0.36353302769069745
t136,0.43950487819890804,0.560495121801092
t137,0.5271128866731227,0.4728871133268773
t140,0.6204957666007824,0.3795042333992175
t143,0.6204957666007824,0.3795042333992175
t144,0.6204957666007824,0.3795042333992175
t147,0.4129334224569787,0.5870665775430213
