accepted_species,0,1
t20,0.7765745,0.22342548
t48,0.55003,0.44997
t57,0.8666461,0.13335389
t61,0.8070797,0.19292031
t87,0.5018128,0.49818715
t89,0.85391855,0.14608142
t97,0.84856147,0.15143855
t98,0.84978455,0.15021543
t107,0.60565025,0.39434975
t108,0.6318178,0.36818215
