accepted_species,0,1
t20,0.38063967,0.6193603
t48,0.85958177,0.14041823
t57,0.7760263,0.2239737
t61,0.6119209,0.3880791
t87,0.5567019,0.4432981
t89,0.7657106,0.2342894
t97,0.8623071,0.13769293
t98,0.79734015,0.20265985
t107,0.5567019,0.4432981
t108,0.5567019,0.4432981
