accepted_species,0,1
t37,0.7257644,0.27423558
t40,0.871472,0.12852797
t43,0.5385177,0.4614823
t45,0.75194216,0.24805787
t65,0.6828271,0.3171729
t66,0.5586475,0.44135246
t90,0.6545346,0.3454654
t91,0.6030889,0.39691108
t123,0.66653407,0.3334659
t138,0.6030889,0.39691108
