accepted_species,0,1
t10,0.0894987,0.9105013
t97,0.064450145,0.93554986
t58,0.064450145,0.93554986
t115,0.30129385,0.69870615
t101,0.30129385,0.69870615
t83,0.83768064,0.16231938
t117,0.42588663,0.57411337
t118,0.42588663,0.57411337
t51,0.44186693,0.55813307
t133,0.8505494,0.14945062
t75,0.7434381,0.25656185
t36,0.29941005,0.70058995
t79,0.7029944,0.2970056
