accepted_species,0,1
t19,0.9940756,0.0059244186
t36,0.9940756,0.0059244186
t86,0.9940756,0.0059244186
t108,0.9940756,0.0059244186
t93,0.9920495,0.00795046
t94,0.9920495,0.00795046
t3,0.9920495,0.00795046
t20,0.9920495,0.00795046
t2,0.9920495,0.00795046
t1,0.9920495,0.00795046
t29,0.9940756,0.0059244186
t28,0.9920495,0.00795046
t122,0.9940756,0.0059244186
t69,0.7780267,0.22197331
