accepted_species,0,1
t19,0.9708237,0.029176306
t36,0.98215276,0.017847242
t86,0.99629676,0.0037032114
t108,0.9826948,0.017305186
t93,0.9826948,0.017305186
t94,0.9826948,0.017305186
t3,0.994369,0.005631053
t20,0.994369,0.005631053
t2,0.994369,0.005631053
t1,0.994369,0.005631053
t29,0.994369,0.005631053
t28,0.9630615,0.03693847
t122,0.9797013,0.020298691
t69,0.83769983,0.16230015
