accepted_species,0,1
t19,0.99893343,0.00106655
t36,0.99893343,0.00106655
t86,0.99893343,0.00106655
t108,0.99893343,0.00106655
t93,0.99893343,0.00106655
t94,0.99893343,0.00106655
t3,0.99893343,0.00106655
t20,0.98809165,0.011908349
t2,0.99647486,0.0035251433
t1,0.97317797,0.026822029
t29,0.9907763,0.009223722
t28,0.9978827,0.0021172583
t122,0.9950527,0.0049473285
t69,0.9377574,0.06224265
