accepted_species,0,1
t31,0.3042010961489542,0.6957989038510458
t33,0.27335001927498803,0.726649980725012
t46,0.4430628538430955,0.5569371461569045
t65,0.27300632514133494,0.7269936748586651
t66,0.4409915601460297,0.5590084398539703
t89,0.29088298592842365,0.7091170140715763
t97,0.43455393965379485,0.5654460603462051
t99,0.2765224004711889,0.7234775995288111
t111,0.2753640654085453,0.7246359345914547
t122,0.29446196360399357,0.7055380363960064
