accepted_species,0,1
t35,0.5870736356472417,0.4129263643527583
t55,0.9050201932727341,0.09497980672726589
t59,0.8867463894398966,0.11325361056010347
t73,0.8650015492949528,0.13499845070504723
t82,0.5705554694038297,0.42944453059617027
t99,0.7841379975516976,0.2158620024483024
t113,0.5299085819071985,0.4700914180928015
t126,0.7859730165285809,0.21402698347141913
t133,0.8254191896289894,0.17458081037101056
t135,0.9017979629031644,0.09820203709683559
