accepted_species,0,1
t35,0.7555555555555555,0.24444444444444444
t55,0.7555555555555555,0.24444444444444444
t59,0.7555555555555555,0.24444444444444444
t73,0.7555555555555555,0.24444444444444444
t82,0.7555555555555555,0.24444444444444444
t99,0.7555555555555555,0.24444444444444444
t113,0.7555555555555555,0.24444444444444444
t126,1.0,0.0
t133,1.0,0.0
t135,1.0,0.0
