"accepted_species","0","1"
"t35","0.298738759617099","0.701261240382901"
"t55","0.974576520496676","0.0254234795033244"
"t59","0.758212926747068","0.241787073252932"
"t73","0.975476929744781","0.0245230702552193"
"t82","0.240968002772635","0.759031997227365"
"t99","0.824550833187654","0.175449166812346"
"t113","0.939218981413398","0.0607810185866022"
"t126","0.97677337682615","0.0232266231738496"
"t133","0.988092439044177","0.0119075609558231"
"t135","0.999150788361386","0.000849211638613608"
