accepted_species,0,1
Willughbeia_angustifolia,0.5319131,0.4680869
Diplolepis_viridis,0.9951154,0.0048845713
Cyclophyllum_pancheri,0.94866234,0.051337633
Orbea_hardyi,0.7071153,0.29288468
Metastelma_penicillatum,0.9951154,0.0048845713
Cynanchum_wallichii,0.9952519,0.0047480874
Tortuella_abietifolia,0.9949857,0.005014296
Tassadia_obovata,0.9951154,0.0048845713
Pavetta_ruwenzoriensis,0.14235127,0.85764873
Diodia_rubricosa,0.9911273,0.008872689
