accepted_species,0,1
t46,0.9665730825344717,0.0334269174655283
t53,0.9665588178898903,0.03344118211010967
t86,0.9665933530735821,0.033406646926417975
t57,0.9665874804145119,0.033412519585488125
t93,0.9666340162961317,0.03336598370386839
t18,0.9666116688140048,0.03338833118599513
t38,0.9666063366495499,0.03339366335045018
t29,0.9666200128361635,0.03337998716383653
t17,0.9666154467689809,0.03338455323101902
t39,0.9666276411905058,0.03337235880949421
