accepted_species,0,1
t46,0.9602665262075358,0.03973347379246412
t53,0.960092974279518,0.039907025720482
t86,0.9589576549807517,0.04104234501924826
t57,0.9563465291401926,0.043653470859807406
t93,0.9607969199342087,0.03920308006579137
t18,0.9600657612253152,0.039934238774684855
t38,0.9600107839125525,0.03998921608744755
t29,0.959985839317219,0.04001416068278101
t17,0.9599829067970815,0.04001709320291842
t39,0.9600658033727155,0.039934196627284445
