"accepted_species","estimate"
"t59",0.032661030796258
"t75",-0.258769622849972
"t43",0.475633414120984
"t49",0.407019840671144
"t1",0.257564670213326
"t33",0.307438969596414
"t16",-0.689303822715435
"t51",-0.659490343676109
"t44",-0.115658709938977
"t100",-0.0287914949997035
