accepted_species,estimate
t21,0.010159702
t37,-0.13171831
t56,0.010159702
t81,0.010159702
t86,0.010159702
t83,0.010159702
t96,0.010159702
t73,-0.19988707
t33,0.010159702
t11,0.010159702
