accepted_species,0,1
t13,0.07561572664179039,0.9243842733582096
t15,0.07872533541523663,0.9212746645847634
t69,0.3646979879256035,0.6353020120743965
t34,0.5700815135449102,0.4299184864550898
t36,0.588349363491619,0.4116506365083809
t37,0.5835122868253189,0.4164877131746812
t97,0.4568597906481797,0.5431402093518203
t57,0.43824835789418093,0.5617516421058191
t67,0.3280268885883363,0.6719731114116637
t66,0.3640513220939723,0.6359486779060277
