accepted_species,0,1
t13,0.22224927,0.77775073
t15,0.22224927,0.77775073
t69,0.44120258,0.5587974
t34,0.43248677,0.5675132
t36,0.52174866,0.47825134
t37,0.52174866,0.47825134
t97,0.51460713,0.48539287
t57,0.49612147,0.50387853
t67,0.30617905,0.69382095
t66,0.39342695,0.60657305
