accepted_species,0,1
t13,0.05497253,0.9450275
t15,0.050733745,0.94926625
t69,0.24057359,0.7594264
t34,0.5438479,0.4561521
t36,0.58061576,0.41938427
t37,0.58974093,0.41025907
t97,0.425685,0.574315
t57,0.366737,0.633263
t67,0.28308463,0.71691537
t66,0.36094743,0.63905257
