accepted_species,0,1
t50,0.998881481959765,0.0011185180402349926
t54,0.9983329824922345,0.0016670175077655
t87,0.9992253959685102,0.0007746040314897265
t45,0.7700813990918294,0.22991860090817065
t46,0.7759373806921823,0.22406261930781768
t95,0.7673789081734582,0.23262109182654175
t11,0.7330410650964969,0.26695893490350303
t57,0.8401606623967263,0.15983933760327376
t39,0.8056857001668546,0.1943142998331454
t75,0.8795200869066938,0.12047991309330615
