accepted_species,0,1
t50,0.9114304896135285,0.0885695103864715
t54,0.9112994972416515,0.08870050275834852
t87,0.9112172022071565,0.08878279779284348
t45,0.9108883802265855,0.08911161977341457
t46,0.9109022955775171,0.08909770442248287
t95,0.9108812434330803,0.08911875656691971
t11,0.9107477760504107,0.08925222394958927
t57,0.9108825239920603,0.08911747600793975
t39,0.9108759423924673,0.08912405760753268
t75,0.9108448850255462,0.0891551149744538
