accepted_species,0,1
t56,0.9859459,0.014054143
t81,0.9859459,0.014054143
t110,0.9859459,0.014054143
t111,0.9859459,0.014054143
t92,0.9859459,0.014054143
t93,0.9859459,0.014054143
t14,0.9859459,0.014054143
t80,0.9859459,0.014054143
t90,0.9859459,0.014054143
t91,0.9859459,0.014054143
t99,0.9859459,0.014054143
t100,0.9859459,0.014054143
t34,0.9859459,0.014054143
