accepted_species,0,1
t56,0.9964825,0.0035175034
t81,0.9964825,0.0035175034
t110,0.9964825,0.0035175034
t111,0.9964825,0.0035175034
t92,0.9964825,0.0035175034
t93,0.9964825,0.0035175034
t14,0.9952354,0.00476464
t80,0.9959839,0.0040160837
t90,0.9959839,0.0040160837
t91,0.9959839,0.0040160837
t99,0.9959839,0.0040160837
t100,0.9959839,0.0040160837
t34,0.9959839,0.0040160837
