"","turnover.rates","eps.values","transition.rates"
"1",0.955419172300026,0.0346090784296393,NA
"2",0.0268046238925308,0.275324913440272,0.127961362712085
"3",0.955419172300026,0.0346090784296393,0.235874545760453
"4",0.0268046238925308,0.275324913440272,NA
