"accepted_species","0","1"
"t96",0.945529733806972,0.0544702661930282
"t88",0.560328502844557,0.439671497155443
"t53",0.500000001117991,0.499999998882009
"t61",0.499999961491945,0.500000038508055
"t98",0.952298400973246,0.0477015990267544
"t7",0.5,0.5
"t12",0.5,0.5
"t23",0.5,0.5
"t35",0.499999999999718,0.500000000000282
"t77",0.499999999994944,0.500000000005056
