"accepted_species","0","1"
"t96","0.968948869264243","0.0310511307357573"
"t88","0.649392681456679","0.350607318543321"
"t53","0.500014078225724","0.499985921774276"
"t61","0.499883528201534","0.500116471798466"
"t98","0.972919102237404","0.0270808977625965"
"t7","0.5","0.5"
"t12","0.500000000000066","0.499999999999934"
"t23","0.500000000836676","0.499999999163324"
"t35","0.499999847909124","0.500000152090876"
"t77","0.499999291267551","0.500000708732449"
