accepted_species,estimate
t80,0.8266433483235646
t59,0.029611170241772865
t89,-0.04537810882291824
t43,0.17062691556089096
t2,0.3486517920292985
t86,-0.2081331234748248
t23,-0.031546746825149664
t98,-0.29672011396046727
t34,0.19952760278348083
t21,-0.8843409632493898
