accepted_species,0,1
Psychotria_morley-smithiae,0.9460317,0.05396834
Villaria_purpurea,0.85641754,0.1435825
Oxypetalum_marambaiense,0.89857125,0.10142875
Strychnos_araguaensis,0.93825805,0.061741922
Psychotria_volii,0.94483495,0.055165052
Psychotria_anemothyrsa,0.9460317,0.05396834
Belonophora_coffeoides,0.85427094,0.14572906
Mussaenda_kwangtungensis,0.8368083,0.16319168
Hoffmannia_sessilifolia,0.89555395,0.10444605
Gonolobus_dussii,0.8842971,0.11570295
