accepted_species,0,1
t55,0.70453256,0.29546744
t73,0.6599806,0.3400194
t82,0.6463531,0.35364684
t129,0.6746832,0.32531682
t130,0.6746832,0.32531682
t139,0.656574,0.343426
t159,0.70719457,0.29280546
t163,0.6614262,0.3385738
t185,0.6510295,0.34897047
t189,0.6510295,0.34897047
