accepted_species,0,1
t55,0.7036867,0.2963133
t73,0.5779733,0.4220267
t82,0.5622032,0.43779677
t129,0.580198,0.419802
t130,0.5764401,0.42355993
t139,0.67683,0.32317
t159,0.7694745,0.23052548
t163,0.67109543,0.32890457
t185,0.6050103,0.3949897
t189,0.6050103,0.3949897
