accepted_species,0,1
t55,0.5879302,0.41206977
t73,0.53699183,0.46300817
t82,0.63997316,0.36002684
t129,0.68571186,0.31428817
t130,0.61176074,0.38823923
t139,0.6669681,0.33303192
t159,0.76794446,0.23205552
t163,0.67901707,0.32098296
t185,0.66032946,0.33967054
t189,0.6562673,0.34373268
