accepted_species,0,1
Tarenna_sumatrensis,0.9952911,0.004708864
Rytigynia_laurentii,0.99625593,0.0037440509
Kailarsenia_lineata,0.9952911,0.004708864
Macrosphyra_brachysiphon,0.9952911,0.004708864
Polysphaeria_aethiopica,0.9952911,0.004708864
Polysphaeria_ntemii,0.9952911,0.004708864
Mantalania_sambiranensis,0.9952911,0.004708864
Ixora_umbellata,0.99625593,0.0037440509
Ixora_nonantha,0.99625593,0.0037440509
Tricalysia_repens,0.9952911,0.004708864
