accepted_species,estimate
t38,-0.40919045131736287
t26,0.03122295462482467
t100,0.45451539568822774
t75,0.5169538373574886
t52,0.17062576785788208
t9,0.33166211940780843
t88,0.35361659968319803
t60,0.19143325205528655
t36,-0.3422893444521806
t16,-0.1680946049000625
