accepted_species,estimate
t38,-1.0749775
t26,0.66642475
t100,0.95750475
t75,0.95750475
t52,1.0942587
t9,-1.4817446
t88,0.16951352
t60,-1.4817446
t36,0.16951352
t16,-1.6561759
