accepted_species,0,1
t114,0.0,1.0
t137,0.0,1.0
t65,0.0,1.0
t47,0.0,1.0
t35,0.0,1.0
t52,0.0,1.0
t135,0.0,1.0
t85,0.0,1.0
t100,0.0,1.0
t42,0.0,1.0
t31,0.007575757575757569,0.9924242424242424
t48,0.0,1.0
t34,0.0,1.0
t24,0.0,1.0
t8,0.0,1.0
