accepted_species,0
Alibertia_edulis,0.010545335586178557
Atractocarpus_sessilis,0.010545335586178557
Coffea_arabica,0.010545335586178557
Coffea_canephora,0.010545335586178557
Gardenia_ovularis,0.010545335586178557
Gardenia_ternifolia,0.010545335586178557
Pavetta_australiensis,0.010545335586178557
Randia_hebecarpa,0.010545335586178557
Rosenbergiodendron_formosum,0.010545335586178557
Tocoyena_pittieri,0.010545335586178557
