accepted_species,estimate
t91,0.5277866487374588
t92,0.5864530646723853
t4,0.8037536211802048
t38,0.7369978376054009
t32,0.8621323717039676
t7,0.9328956797175185
t64,-0.5214634016499125
t35,1.0570999705662507
t46,1.0512217775351649
t49,-0.3981116120298769
