accepted_species,estimate
t91,0.4086842876439557
t92,0.40868428764395576
t4,0.5105151577527883
t38,0.6744509668211827
t32,0.6824107923990478
t7,0.6090761238767077
t64,-0.41350560291381155
t35,1.260915619846294
t46,1.074601260701045
t49,-0.6463169927150401
