accepted_species,estimate
t91,-0.015352699
t92,0.07255048
t4,0.5234063
t38,1.48801
t32,0.6748912
t7,1.2187409
t64,-1.5002496
t35,2.0647547
t46,-0.11278282
t49,-0.35197765
