"accepted_species","0","1"
"sp94",0.261467379169554,0.738532620830446
"sp124",0.242228021368035,0.757771978631965
"sp126",0.354571133135667,0.645428866864333
"sp137",0.237897495375189,0.762102504624811
"sp151",0.181432937834474,0.818567062165526
"sp171",0.129239032069704,0.870760967930296
"sp191",0.718654485380001,0.28134551462
"sp196",0.704086366197535,0.295913633802465
"sp202",0.057261202916324,0.942738797083676
"sp217",0.031260718788632,0.968739281211368
