"accepted_species","estimate"
"t7",-0.0112772464707863
"t8",-0.0112772464707863
"t98",-0.0112772464707863
"t100",-0.0112772464707863
"t92",-0.0112772464707863
"t41",-0.0112772464707863
"t44",-0.0112772464707863
"t67",-0.0112772464707863
"t81",-0.0112772464707863
"t20",-0.0112772464707863
