"accepted_species","estimate"
"t7",-0.0906058754698797
"t8",-0.207430758631962
"t98",-0.634252443947575
"t100",-1.9216202084831
"t92",-1.72023530777838
"t41",-0.857324879154238
"t44",-0.888744644581951
"t67",0.401672814307672
"t81",0.191267126571158
"t20",0.157735686221177
