accepted_species,0,1
sp391,0.6618260875812381,0.3381739124187619
sp417,0.6571179225304524,0.3428820774695476
sp418,0.5972827690388864,0.40271723096111356
sp419,0.6574938139681992,0.34250618603180083
sp447,0.6572885289858257,0.34271147101417426
sp455,0.6582407655173083,0.34175923448269174
sp456,0.6817542963074252,0.31824570369257477
sp462,0.5984530236052292,0.4015469763947707
sp467,0.6816752123600291,0.3183247876399709
sp477,0.6829283436538662,0.3170716563461337
