accepted_species,0,1
sp391,0.6226275766623852,0.3773724233376147
sp417,0.6654277192039394,0.3345722807960606
sp418,0.6228936842821425,0.37710631571785747
sp419,0.6657548635729419,0.3342451364270581
sp447,0.6659472231551731,0.33405277684482687
sp455,0.6658662397753359,0.33413376022466407
sp456,0.6710940155348681,0.32890598446513186
sp462,0.6701462769862355,0.3298537230137645
sp467,0.6711046650760506,0.32889533492394946
sp477,0.6644192269319789,0.3355807730680211
