accepted_species,0,1
sp391,0.6555555555555556,0.34444444444444444
sp417,0.6555555555555556,0.34444444444444444
sp418,0.6555555555555556,0.34444444444444444
sp419,0.6555555555555556,0.34444444444444444
sp447,0.6555555555555556,0.34444444444444444
sp455,1.0,0.0
sp456,1.0,0.0
sp462,1.0,0.0
sp467,1.0,0.0
sp477,1.0,0.0
