accepted_species,0,1
sp41,0.25123460239466044,0.7487653976053396
sp48,0.3485452870026028,0.6514547129973972
sp68,0.25096308793605016,0.7490369120639498
sp73,0.17352442504755228,0.8264755749524477
sp74,0.17279468474490456,0.8272053152550954
sp79,0.24931241724570197,0.750687582754298
sp92,0.2618405965861049,0.7381594034138951
sp94,0.23168353021257115,0.7683164697874288
sp98,0.257073886552178,0.742926113447822
sp111,0.2223971511464009,0.7776028488535991
