accepted_species,0,1
sp41,0.25534616788597153,0.7446538321140285
sp48,0.5018013832559802,0.4981986167440197
sp68,0.2364746114165568,0.7635253885834432
sp73,0.12083033822208822,0.8791696617779118
sp74,0.12083033822208822,0.8791696617779118
sp79,0.224522476881309,0.775477523118691
sp92,0.25799977648070327,0.7420002235192967
sp94,0.23938027519402616,0.7606197248059738
sp98,0.6883156171029945,0.31168438289700545
sp111,0.09919302519896334,0.9008069748010367
