"accepted_species","0","1"
"sp41","0.0973867378335502","0.90261326216645"
"sp48","0.344848580072329","0.655151419927671"
"sp68","0.250332018859092","0.749667981140908"
"sp73","0.0545254838039567","0.945474516196043"
"sp74","0.0545254838039567","0.945474516196043"
"sp79","0.0153544290690269","0.984645570930973"
"sp92","0.944684268125317","0.0553157318746827"
"sp94","0.0285231181500473","0.971476881849953"
"sp98","0.993225155529654","0.00677484447034602"
"sp111","0.00798974182991179","0.992010258170088"
