accepted_species,0,1
t54,0.99099874,0.009001242
t50,0.99099874,0.009001242
t106,0.99099874,0.009001242
t109,0.99099874,0.009001242
t110,0.99099874,0.009001242
t105,0.99099874,0.009001242
t89,0.99099874,0.009001242
t60,0.9878046,0.012195432
t61,0.99099874,0.009001242
t22,0.9878046,0.012195432
t51,0.99099874,0.009001242
t122,0.99099874,0.009001242
t56,0.99099874,0.009001242
