accepted_species,0,1
t54,0.9936544,0.0063456413
t50,0.9897673,0.010232657
t106,0.9897673,0.010232657
t109,0.9897673,0.010232657
t110,0.9897673,0.010232657
t105,0.9897673,0.010232657
t89,0.9897673,0.010232657
t60,0.9952255,0.0047744974
t61,0.9952255,0.0047744974
t22,0.9952255,0.0047744974
t51,0.9952255,0.0047744974
t122,0.9952255,0.0047744974
t56,0.9952255,0.0047744974
