accepted_species,0
t1,-0.052362547725203955
t35,-0.052362547725203955
t43,-0.052362547725203955
t70,-0.052362547725203955
t71,-0.052362547725203955
t78,-0.052362547725203955
t79,-0.052362547725203955
t88,-0.052362547725203955
t23,-0.052362547725203955
t24,-0.052362547725203955
t83,-0.052362547725203955
t62,-0.052362547725203955
t52,-0.052362547725203955
t6,-0.052362547725203955
