"accepted_species","0","1"
"t81",0.5,0.5
"t107",0.5,0.5
"t108",0.5,0.5
"t110",0.5,0.5
"t130",0.5,0.5
"t138",0.5,0.5
"t139",0.5,0.5
"t140",0.5,0.5
"t146",0.499999999999998,0.500000000000002
"t150",0.490144448721624,0.509855551278376
