accepted_species,0,1
t81,0.5204507658092832,0.47954923419071677
t107,0.5198540478269479,0.4801459521730521
t108,0.5208127570462164,0.4791872429537836
t110,0.5207982119570285,0.47920178804297153
t130,0.5211750785760085,0.47882492142399147
t138,0.5212017551438872,0.4787982448561128
t139,0.5212003307265491,0.47879966927345086
t140,0.5197638978017483,0.4802361021982517
t146,0.5205772932592748,0.4794227067407252
t150,0.5201089625917472,0.47989103740825273
