accepted_species,0,1
t81,0.5409321100080351,0.45906788999196496
t107,0.5313568714751917,0.4686431285248082
t108,0.5594873507658332,0.4405126492341668
t110,0.5613497171917352,0.43865028280826485
t130,0.5527691333588733,0.44723086664112666
t138,0.5527691333588733,0.44723086664112666
t139,0.5527691333588733,0.44723086664112666
t140,0.5640670622795252,0.43593293772047476
t146,0.5277625269143414,0.47223747308565855
t150,0.5099471964949898,0.4900528035050103
