"accepted_species","0","1"
"t81","0.5","0.5"
"t107","0.5","0.5"
"t108","0.5","0.5"
"t110","0.5","0.5"
"t130","0.5","0.5"
"t138","0.5","0.5"
"t139","0.5","0.5"
"t140","0.500000000016709","0.499999999983291"
"t146","0.499999967777986","0.500000032222014"
"t150","0.409386212514056","0.590613787485944"
