"accepted_species","0","1"
"t16","0.900100053587772","0.0998999464122284"
"t38","0.431566528579218","0.568433471420782"
"t41","0.179705045699357","0.820294954300643"
"t46","0.208810236776761","0.791189763223239"
"t49","0.37919194299496","0.62080805700504"
"t60","0.987376304394493","0.0126236956055074"
"t82","0.0684836902698697","0.93151630973013"
"t111","0.00188771451934323","0.998112285480657"
"t112","0.00126109658511328","0.998738903414887"
"t114","0.00235441887829137","0.997645581121709"
