accepted_species,0,1
t81,0.5467065,0.4532935
t107,0.5464291,0.4535709
t108,0.5653002,0.4346998
t110,0.5653002,0.4346998
t130,0.55381155,0.44618842
t138,0.55381155,0.44618842
t139,0.5604545,0.43954548
t140,0.56207246,0.43792754
t146,0.53227085,0.46772915
t150,0.54679275,0.45320725
