accepted_species,0,1
t81,0.51152366,0.48847634
t107,0.46625578,0.5337442
t108,0.58391964,0.41608033
t110,0.6090833,0.39091673
t130,0.505847,0.49415305
t138,0.5276505,0.47234955
t139,0.505847,0.49415305
t140,0.6090833,0.39091673
t146,0.53330773,0.46669227
t150,0.46625578,0.5337442
