accepted_species,0,1
t16,0.5587119,0.4412881
t38,0.5874173,0.4125827
t41,0.005540848,0.99445915
t46,0.115446985,0.884553
t49,0.5452192,0.45478085
t60,0.5587119,0.4412881
t82,0.005540848,0.99445915
t111,0.005540848,0.99445915
t112,0.005540848,0.99445915
t114,0.010098577,0.9899014
