accepted_species,0,1
t81,0.3680303,0.6319697
t107,0.05569297,0.944307
t108,0.23991048,0.7600895
t110,0.30362916,0.69637084
t130,0.9514574,0.048542637
t138,0.7128587,0.28714132
t139,0.082876265,0.91712373
t140,0.7550259,0.24497408
t146,0.38801688,0.6119831
t150,0.05569297,0.944307
