accepted_species,0,1
t81,0.4812386,0.5187614
t107,0.45860547,0.54139453
t108,0.59114516,0.40885487
t110,0.59114516,0.40885487
t130,0.45860547,0.54139453
t138,0.45860547,0.54139453
t139,0.45860547,0.54139453
t140,0.59114516,0.40885487
t146,0.45860547,0.54139453
t150,0.45860547,0.54139453
