accepted_species,0,1
t92,0.20020934219561248,0.7997906578043875
t15,0.20029276452614164,0.7997072354738584
t13,0.2004641759974609,0.7995358240025391
t20,0.20025973462795976,0.7997402653720402
t57,0.20139582545996848,0.7986041745400315
t66,0.20486055778499568,0.7951394422150043
t64,0.20514831786703336,0.7948516821329666
t84,0.2046360335020213,0.7953639664979787
t90,0.19400020964820786,0.8059997903517921
t11,0.19166060666781715,0.8083393933321829
