"accepted_species","0","1"
"t92","0.00198529771142897","0.998014702288571"
"t15","0.0188648955769879","0.981135104423012"
"t13","0.00280226592646134","0.997197734073539"
"t20","0.0554084781271485","0.944591521872852"
"t57","0.725826644032898","0.274173355967102"
"t66","0.00459222611368148","0.995407773886319"
"t64","0.444433616502891","0.555566383497109"
"t84","0.999513191414169","0.0004868085858308"
"t90","0.000978294493568376","0.999021705506432"
"t11","0.00416042623264643","0.995839573767354"
