accepted_species,0,1
t92,0.23792017,0.76207983
t15,0.15426505,0.84573495
t13,0.19513708,0.8048629
t20,0.20553142,0.7944686
t57,0.29937202,0.700628
t66,0.16225207,0.83774793
t64,0.20299798,0.797002
t84,0.33769792,0.6623021
t90,0.11395657,0.8860434
t11,0.1493364,0.8506636
