accepted_species,0,1
t92,0.24261695,0.75738305
t15,0.27778423,0.7222158
t13,0.16228604,0.83771396
t20,0.16228604,0.83771396
t57,0.73895156,0.26104847
t66,0.15579802,0.844202
t64,0.067275524,0.9327245
t84,0.53260255,0.46739742
t90,0.059277058,0.94072294
t11,0.10863942,0.8913606
