accepted_species,0
t87,-0.050438839669853616
t79,-0.050438839669853616
t123,-0.050438839669853616
t124,-0.050438839669853616
t98,-0.050438839669853616
t55,-0.050438839669853616
t126,0.442168799868303
t120,-0.494560501980339
t121,-0.494560501980339
t89,-0.050438839669853616
t99,-0.050438839669853616
t100,-0.050438839669853616
t14,-0.050438839669853616
