accepted_species,0
t87,
t79,
t123,
t124,
t98,
t55,
t126,0.442168799868303
t120,-0.494560501980339
t121,-0.494560501980339
t89,
t99,
t100,
t14,
