accepted_species,estimate
t87,0.21583548
t79,0.09262146
t123,1.0249972
t124,1.0249972
t98,0.50388384
t55,0.39326662
t126,0.556553
t120,-0.105053246
t121,-0.105053246
t89,-0.06775039
t99,1.3420155
t100,1.2844802
t14,0.697893
