accepted_species,estimate
t87,-0.021902723
t79,0.28382206
t123,0.93616045
t124,0.75859404
t98,0.5752838
t55,0.55206645
t126,0.7042605
t120,-0.15064165
t121,-0.15064165
t89,-0.15064165
t99,1.155366
t100,1.2264972
t14,1.1373097
