accepted_species,0,1
t23,0.6753752886614337,0.32462471133856635
t45,0.5380350290037682,0.4619649709962318
t47,0.6376056142038418,0.36239438579615824
t55,0.5003328434461132,0.49966715655388677
t83,0.5001799444891484,0.4998200555108517
t84,0.5001799444891484,0.4998200555108517
t91,0.4727024668381744,0.5272975331618256
t95,0.4726912597406875,0.5273087402593125
t100,0.7058738864577359,0.29412611354226414
t104,0.7026878972547739,0.29731210274522607
