accepted_species,0,1
t16,0.48577199545918304,0.514228004540817
t21,0.5025623167489808,0.4974376832510193
t37,0.5026970013050513,0.49730299869494865
t49,0.5089848198694544,0.4910151801305455
t51,0.5089719468769061,0.4910280531230939
t83,0.5026532607022393,0.49734673929776074
t86,0.5114336709384999,0.48856632906150005
t95,0.4838912105581442,0.5161087894418558
t98,0.5024335818230216,0.49756641817697844
t114,0.502452012240332,0.49754798775966796
