accepted_species,0,1
t16,0.6626508,0.3373492
t21,0.8842957,0.1157043
t37,0.6173662,0.38263384
t49,0.9897304,0.010269571
t51,0.9267159,0.073284075
t83,0.31150508,0.6884949
t86,0.774341,0.22565904
t95,0.90319085,0.09680916
t98,0.4397514,0.5602486
t114,0.44278562,0.5572144
