accepted_species,0,1
t23,0.6259955,0.37400448
t45,0.42446166,0.57553834
t47,0.4404478,0.5595522
t55,0.4900142,0.5099858
t83,0.6346536,0.36534637
t84,0.6346536,0.36534637
t91,0.437922,0.562078
t95,0.49680465,0.50319535
t100,0.6505821,0.3494179
t104,0.6679623,0.33203766
