accepted_species,0,1
t23,0.61822677,0.3817732
t45,0.39516544,0.60483456
t47,0.5454127,0.45458728
t55,0.50661016,0.49338984
t83,0.5148784,0.48512158
t84,0.4286149,0.5713851
t91,0.4213943,0.5786057
t95,0.5761329,0.4238671
t100,0.68017656,0.31982344
t104,0.74211466,0.25788534
