accepted_species,0,1
t8,0.5358464749041683,0.4641535250958318
t81,0.6465277799151612,0.35347222008483886
t82,0.6390048702004983,0.36099512979950166
t31,0.5708861092343813,0.42911389076561873
t47,0.5014623783344736,0.49853762166552634
t48,0.4615275293686877,0.5384724706313123
t23,0.4887326292592774,0.5112673707407226
t68,0.5093858545253303,0.4906141454746697
t77,0.510650478731827,0.489349521268173
t78,0.5160524068306058,0.48394759316939423
