accepted_species,0,1
t8,0.7144725205108424,0.2855274794891576
t81,0.7131941376793622,0.2868058623206378
t82,0.7185484808760922,0.2814515191239078
t31,0.7096054734097661,0.29039452659023396
t47,0.7334352939568819,0.2665647060431181
t48,0.7376422971110959,0.2623577028889042
t23,0.685406139715839,0.31459386028416103
t68,0.6841477186885491,0.31585228131145093
t77,0.6992663136959036,0.30073368630409636
t78,0.675454605200839,0.32454539479916106
