"accepted_species","0","1"
"t8","0.0591937350944586","0.940806264905541"
"t81","0.0591937350944586","0.940806264905541"
"t82","0.0591937350944586","0.940806264905541"
"t31","0.0591937350944586","0.940806264905541"
"t47","0.0591937350944586","0.940806264905541"
"t48","0.0591937350944586","0.940806264905541"
"t23","0.0591937350944586","0.940806264905541"
"t68","0.0591937350944586","0.940806264905541"
"t77","0.0591937350944586","0.940806264905541"
"t78","0.0591937350944586","0.940806264905541"
