accepted_species,estimate
t7,-0.7406526278985694
t38,1.3170946844316413
t35,-0.04771124189421743
t82,1.352297633404121
t83,1.1122555193293058
t45,1.0703297195196473
t150,0.5534722130999963
t131,0.5398859980617778
t80,0.38091410443558854
t18,-0.8364310402386212
t79,0.29390702881297787
t95,-0.49127246212420533
t60,-0.23647297297861353
t21,-0.9243283622605518
t22,-1.1631516046930617
t122,-1.2445019347034132
