accepted_species,0
t7,-0.0038069566381658485
t38,-0.0038069566381658485
t35,-0.0038069566381658485
t82,-0.0038069566381658485
t83,-0.0038069566381658485
t45,-0.0038069566381658485
t150,0.356336974829542
t131,-0.0038069566381658485
t80,-0.0038069566381658485
t18,-0.0038069566381658485
t79,-0.0038069566381658485
t95,-0.0038069566381658485
t60,-0.0038069566381658485
t21,-0.0038069566381658485
t22,-0.0038069566381658485
t122,-0.0038069566381658485
