accepted_species,estimate
t96,-0.9447724693462294
t1,-0.8817416545753147
t10,-0.9355991090752432
t80,0.9761306675127746
t91,0.9767768571958325
t13,0.9733803587484327
t55,1.475067373557233
t66,0.5403723433614257
t33,0.5175191586032352
t19,-0.38135212338834124
