accepted_species,estimate
t96,-0.8335116094971893
t1,-1.0081024279770867
t10,-0.9306150489439764
t80,1.4092248837549617
t91,0.6430043738205455
t13,1.1039635174508886
t55,1.6601430284036685
t66,0.07979474279269722
t33,0.28501641036778386
t19,-0.15507189654533976
