accepted_species,0
t96,-1.1650330080306248
t1,
t10,
t80,
t91,0.638371894448463
t13,
t55,
t66,
t33,
t19,
