accepted_species,estimate
Asclepias_cordifolia,-0.4242185390656446
Coussarea_contracta,0.10442375857555691
Cruciata_glabra,-0.38461335913535905
Galium_aparine,-0.4123704662250716
Galium_circaezans,-0.39796468750085845
Gentiana_scabra,-0.4880346609114053
Oldenlandia_corymbosa,-0.021278672102879148
Stephanostegia_capuronii,0.4110565375388261
Tabernaemontana_sananho,0.7448227324988316
Thevetia_ahouai,0.4110565375388262
