accepted_species,estimate
Asclepias_cordifolia,-0.3405223795976994
Coussarea_contracta,0.01822127873679604
Cruciata_glabra,-0.7689222729387842
Galium_aparine,-0.49548825588632706
Galium_circaezans,0.17810116286548464
Gentiana_scabra,-0.51051932078916
Oldenlandia_corymbosa,0.1260365232766353
Stephanostegia_capuronii,0.15466454033870006
Tabernaemontana_sananho,0.5635425461499549
Thevetia_ahouai,0.3155828102038393
