accepted_species,0,1
t10,0.34922826,0.65077174
t11,0.34922826,0.65077174
t6,0.34922826,0.65077174
t7,0.34922826,0.65077174
t61,0.34922826,0.65077174
t21,0.34922826,0.65077174
t32,0.34922826,0.65077174
t100,0.34922826,0.65077174
t83,0.35179168,0.6482083
t84,0.35179168,0.6482083
