accepted_species,0,1
t10,0.43952978,0.5604702
t11,0.43656176,0.56343824
t6,0.43952978,0.5604702
t7,0.43952978,0.5604702
t61,0.44350845,0.55649155
t21,0.44923604,0.55076396
t32,0.43656176,0.56343824
t100,0.43656176,0.56343824
t83,0.42912507,0.5708749
t84,0.4369921,0.5630079
