accepted_species,0,1
t94,0.523946083362833,0.476053916637167
t60,0.524245511054755,0.47575448894524497
t29,0.555627630658003,0.44437236934199703
t36,0.555627630658003,0.4443723693419969
t82,0.5974567115288353,0.4025432884711647
t83,0.5974567115288354,0.40254328847116455
t99,0.6030820264064108,0.39691797359358916
t100,0.6030820264064108,0.39691797359358916
t57,0.6019357372713299,0.3980642627286701
t9,0.5877800196643063,0.41221998033569374
