accepted_species,0,1
t94,0.8725772,0.12742284
t60,0.8777058,0.12229418
t29,0.975357,0.024642995
t36,0.9451708,0.054829165
t82,0.43607998,0.56392
t83,0.97807056,0.021929447
t99,0.9639728,0.036027163
t100,0.97807056,0.021929447
t57,0.3923474,0.6076526
t9,0.43607998,0.56392
