accepted_species,0,1
t94,0.478849,0.521151
t60,0.48741323,0.5125868
t29,0.48741323,0.5125868
t36,0.48741323,0.5125868
t82,0.48345965,0.51654035
t83,0.48741323,0.5125868
t99,0.46436942,0.5356306
t100,0.46436942,0.5356306
t57,0.46436942,0.5356306
t9,0.48741323,0.5125868
