accepted_species,0,1
Galium_cliftonsmithii,0.9446825,0.055317532
Spermacoce_pulchristipula,0.9446825,0.055317532
Spermacoce_clinopodioides,0.9446825,0.055317532
Galium_subtrifidum,0.9446825,0.055317532
Coprosma_rhamnoides,0.9446825,0.055317532
Hedyotis_similis,0.9446825,0.055317532
Hedyotis_lancea,0.9446825,0.055317532
Spermacoce_marginata,0.9446825,0.055317532
Crucianella_chlorostachys,0.9446825,0.055317532
Oldenlandia_verrucitesta,0.9455615,0.054438446
