accepted_species,estimate
t16,0.48290963176388085
t54,0.4932164956966841
t55,0.49321649569668397
t52,0.4930705128928852
t14,0.47934523953035674
t3,0.4552749555481493
t24,0.4624562775202123
t59,0.46659778602221363
t36,0.49154260818900936
t48,0.49493604440007527
