accepted_species,0
t16,0.4724667058718715
t54,0.4724667058720538
t55,0.4724667058720538
t52,0.47246670587204237
t14,0.4724667058718715
t3,0.47733540338981706
t24,0.48710804622979637
t59,0.48296627498498934
t36,0.4496903027103356
t48,0.4431961519067459
