accepted_species,estimate
t16,0.8027213
t54,0.636618
t55,0.4644054
t52,0.636618
t14,0.034457415
t3,0.30955514
t24,0.8027213
t59,0.6374765
t36,0.52722144
t48,0.30856517
