accepted_species,0,1
t13,0.7924359059621604,0.20756409403783962
t19,0.8029652147516884,0.19703478524831158
t20,0.7351785817962537,0.2648214182037462
t29,0.8363013236076303,0.16369867639236968
t38,0.727643674631228,0.272356325368772
t42,0.6686305961790112,0.3313694038209888
t58,0.69106605534254,0.30893394465746005
t72,0.693699503502849,0.30630049649715096
t92,0.7466052645170831,0.25339473548291686
t104,0.8354916470399503,0.16450835296004973
