accepted_species,0,1
t13,0.8449370177808271,0.15506298221917292
t19,0.8459105062023584,0.15408949379764159
t20,0.8397429428197195,0.16025705718028047
t29,0.8458687882399075,0.1541312117600925
t38,0.8406978887421281,0.1593021112578718
t42,0.837437066401746,0.16256293359825402
t58,0.8419148483669814,0.15808515163301867
t72,0.8440388520658978,0.15596114793410218
t92,0.8342397435483103,0.16576025645168968
t104,0.8437789304626482,0.15622106953735176
