accepted_species,0,1
t70,0.5768959642215008,0.42310403577849925
t71,0.6277095948076371,0.3722904051923629
t72,0.6277095948076382,0.3722904051923618
t84,0.6057576871646119,0.39424231283538813
t85,0.6057576871646112,0.3942423128353888
t93,0.5727734752839134,0.4272265247160866
t111,0.5718761680958517,0.42812383190414827
t112,0.5718761680958528,0.4281238319041472
t129,0.6035589339358707,0.3964410660641294
t130,0.60355893393587,0.39644106606412993
