accepted_species,0,1
t13,0.8777777777777778,0.12222222222222222
t19,0.8777777777777778,0.12222222222222222
t20,0.8777777777777778,0.12222222222222222
t29,0.8777777777777778,0.12222222222222222
t38,0.8777777777777778,0.12222222222222222
t42,0.8777777777777778,0.12222222222222222
t58,0.8777777777777778,0.12222222222222222
t72,0.8777777777777778,0.12222222222222222
t92,1.0,0.0
t104,1.0,0.0
