accepted_species,0,1
t13,0.9502041,0.049795907
t19,0.9347297,0.06527032
t20,0.9347297,0.06527032
t29,0.9347297,0.06527032
t38,0.819676,0.18032402
t42,0.819676,0.18032402
t58,0.8655162,0.13448378
t72,0.8655162,0.13448378
t92,0.8655162,0.13448378
t104,0.819676,0.18032402
