accepted_species,0,1
Blepharodon_pictum,0.876775,0.12322497
Asclepias_rubra,0.876775,0.12322497
Deppea_serboi,0.91641927,0.08358075
Psychotria_baviensis,0.92218864,0.07781134
Psychotria_balakrishnii,0.92218864,0.07781134
Huernia_anagaynensis,0.91641927,0.08358075
Palicourea_zarucchii,0.92218864,0.07781134
Timonius_cuneatus,0.91641927,0.08358075
Dendrosipanea_revoluta,0.91641927,0.08358075
Gentiana_manshurica,0.91641927,0.08358075
