accepted_species,0
t14,0.010291651507381852
t24,0.010291651507381852
t41,0.010291651507381852
t89,-0.0281624074749963
t37,0.010291651507381852
t80,0.7234127229663369
t87,-0.603603321665463
t95,-0.42463876240766635
t25,0.010291651507381852
t61,0.010291651507381852
