"accepted_species","estimate"
"t14",1.1996844753105
"t24",-0.761720526857084
"t41",-1.01442082223779
"t89",0.0295060778582195
"t37",-0.104103650802777
"t80",0.806626458606863
"t87",-0.605145525657318
"t95",-0.477558123812514
"t25",-1.01460028123471
"t61",-1.29916588117581
