accepted_species,estimate
t58,0.36840563033479823
t91,0.39590373942235835
t92,0.3959037394223582
t83,0.383535205314285
t84,0.3835352053142851
t82,0.3835256773259931
t53,0.3497832004182059
t54,0.34978320041820904
t2,0.2139630779046379
t3,0.21396307790463792
