accepted_species,estimate
t72,-0.18849208591327882
t53,-0.1850932463273552
t95,0.9586280514325856
t55,0.9501986102039814
t16,0.8350539554264664
t78,-1.0553166641406933
t20,-1.0137808708486362
t70,-1.036123287258135
t39,-0.32413878856509404
t98,-0.32967946104788903
