"accepted_species","estimate"
"t72",-0.46199347542206
"t53",-0.264632361253982
"t95",-0.110739719738184
"t55",-0.428763995968814
"t16",0.85550298877076
"t78",-1.34039631598269
"t20",-0.933288866701651
"t70",-0.9296708728316
"t39",-0.518369841554403
"t98",-0.513433432993101
