accepted_species,0,1
t22,0.41315210109600786,0.5868478989039921
t23,0.4642707832507966,0.5357292167492034
t24,0.4697670369032724,0.5302329630967276
t31,0.5298348392567691,0.47016516074323095
t46,0.5544896834387636,0.44551031656123635
t56,0.667769428146911,0.332230571853089
t65,0.4973914979461579,0.5026085020538421
t80,0.21601407993148714,0.7839859200685129
t96,0.6727094257778532,0.3272905742221468
t105,0.3372753020343864,0.6627246979656136
