accepted_species,0,1
t20,0.20583690973052504,0.794163090269475
t38,0.20472940370529547,0.7952705962947045
t66,0.20633552909677355,0.7936644709032264
t78,0.20373389514792895,0.796266104852071
t87,0.20311705203532548,0.7968829479646745
t92,0.2030924514893374,0.7969075485106626
t100,0.20361949589116446,0.7963805041088355
t107,0.20295543216928957,0.7970445678307104
t135,0.20296574800979406,0.7970342519902059
t136,0.20296571697614796,0.797034283023852
