accepted_species,0,1
t20,0.20874148108868018,0.7912585189113198
t38,0.20868309389059858,0.7913169061094014
t66,0.20873911167251902,0.791260888327481
t78,0.2085950129876203,0.7914049870123797
t87,0.20857079402379763,0.7914292059762024
t92,0.20850986231171464,0.7914901376882854
t100,0.20855702902323214,0.7914429709767679
t107,0.20852888490324661,0.7914711150967534
t135,0.20853894475948465,0.7914610552405154
t136,0.20851296609670245,0.7914870339032976
