accepted_species,0,1
t22,0.40482763853139647,0.5951723614686035
t23,0.40467197441835534,0.5953280255816447
t24,0.4038940173968545,0.5961059826031455
t31,0.40468887244048213,0.5953111275595179
t46,0.4048118930386152,0.5951881069613848
t56,0.40386063097376945,0.5961393690262305
t65,0.40474706978462693,0.5952529302153731
t80,0.40348983548349815,0.5965101645165019
t96,0.4036758570103164,0.5963241429896836
t105,0.4038008245884076,0.5961991754115924
