accepted_species,0,1
t20,0.15426047894847517,0.8457395210515248
t38,0.20648898148921335,0.7935110185107866
t66,0.20224066657830098,0.797759333421699
t78,0.11519603538508805,0.884803964614912
t87,0.06290936644669654,0.9370906335533035
t92,0.05256196210008168,0.9474380378999183
t100,0.10271102588964576,0.8972889741103542
t107,0.08365484399495315,0.9163451560050468
t135,0.06165830187285759,0.9383416981271424
t136,0.05155742801275898,0.948442571987241
