"accepted_species","0","1"
"t22","0.500002838724035","0.499997161275965"
"t23","0.500002838724035","0.499997161275965"
"t24","0.500064710935837","0.499935289064163"
"t31","0.500120108994039","0.499879891005961"
"t46","0.500661162499728","0.499338837500272"
"t56","0.510931695467884","0.489068304532116"
"t65","0.481772680622848","0.518227319377152"
"t80","0.461100284716834","0.538899715283166"
"t96","0.672972151666556","0.327027848333444"
"t105","0.755000646893992","0.244999353106008"
