accepted_species,0,1
t20,0.09429717,0.9057028
t38,0.09429717,0.9057028
t66,0.09429717,0.9057028
t78,0.09429717,0.9057028
t87,0.09429717,0.9057028
t92,0.09429717,0.9057028
t100,0.09429717,0.9057028
t107,0.09429717,0.9057028
t135,0.09429717,0.9057028
t136,0.09429717,0.9057028
