accepted_species,0,1
t22,0.30449802,0.695502
t23,0.57023364,0.42976636
t24,0.52053833,0.47946164
t31,0.3954606,0.6045394
t46,0.41229117,0.58770883
t56,0.61953753,0.38046247
t65,0.47403634,0.52596366
t80,0.21908563,0.78091437
t96,0.59676915,0.40323085
t105,0.4315247,0.5684753
