accepted_species,0,1
t20,0.62862,0.37137997
t38,0.042984307,0.9570157
t66,0.62862,0.37137997
t78,0.034389496,0.9656105
t87,0.026093304,0.9739067
t92,0.026093304,0.9739067
t100,0.034389496,0.9656105
t107,0.026093304,0.9739067
t135,0.026093304,0.9739067
t136,0.034389496,0.9656105
