"accepted_species","0","1"
"sp59","0.138831364295959","0.861168635704041"
"sp88","0.138831364295959","0.861168635704041"
"sp113","0.0371878383966519","0.962812161603348"
"sp135","0.859753914147473","0.140246085852527"
"sp164","0.975279295987867","0.0247207040121328"
"sp165","0.0534047691511886","0.946595230848811"
"sp170","0.00289055233360244","0.997109447666398"
"sp185","0.00630470796540506","0.993695292034595"
"sp200","0.000124877432187344","0.999875122567813"
"sp204","0.002812576447044","0.997187423552956"
