accepted_species,0,1
sp59,0.008377492,0.9916225
sp88,0.5229195,0.47708052
sp113,0.21396977,0.78603023
sp135,0.9426264,0.057373583
sp164,0.97443634,0.025563668
sp165,0.07280177,0.92719823
sp170,0.10878354,0.89121646
sp185,0.09002578,0.9099742
sp200,0.014991879,0.9850081
sp204,0.030017912,0.9699821
