accepted_species,0,1
sp59,0.7057938,0.2942062
sp88,0.586153,0.41384703
sp113,0.06035745,0.93964255
sp135,0.45397824,0.54602176
sp164,0.87836194,0.12163803
sp165,0.10455656,0.89544344
sp170,0.051585495,0.9484145
sp185,0.040418267,0.95958173
sp200,0.09557527,0.9044247
sp204,0.22541559,0.7745844
