accepted_species,0,1
Leichhardtia_rara,0.90566415,0.09433588
Otiophora_stolzii,0.95124483,0.048755154
Cynanchica_pedicellata,0.9228892,0.07711081
Galium_guadalupense,0.95124483,0.048755154
Oxypetalum_pubescens,0.925664,0.074336
Strychnos_alvimiana,0.9228892,0.07711081
Asperula_laevigata,0.95124483,0.048755154
Asperula_strishovae,0.95124483,0.048755154
Mussaenda_benguetensis,0.8862777,0.11372235
Sabicea_exellii,0.8862777,0.11372235
