accepted_species,0,1
t57,0.44477620959548214,0.5552237904045179
t68,0.3760587329483538,0.6239412670516462
t82,0.4365697113112864,0.5634302886887136
t110,0.43699932958232723,0.5630006704176728
t114,0.358689337335076,0.641310662664924
t122,0.43835591413788155,0.5616440858621184
t129,0.4399237556426029,0.5600762443573971
t147,0.45281139461719544,0.5471886053828046
t148,0.35613838490666194,0.6438616150933381
t149,0.35613807584043444,0.6438619241595656
