accepted_species,0,1
t57,0.5158137121364377,0.48418628786356227
t68,0.17935882044006413,0.8206411795599359
t82,0.6736800565315244,0.32631994346847565
t110,0.4838148172085236,0.5161851827914764
t114,0.1417920473276616,0.8582079526723384
t122,0.6000835906452477,0.39991640935475226
t129,0.5376084135329778,0.46239158646702216
t147,0.40779102016392044,0.5922089798360796
t148,0.1502397775279105,0.8497602224720895
t149,0.1369072897337148,0.8630927102662852
