accepted_species,0,1
t8,0.26923076923076916,0.7307692307692308
t29,0.33689314969106476,0.6631068503089352
t37,0.5381451693982269,0.4618548306017731
t38,0.5381451693982269,0.4618548306017731
t44,0.28069697411851113,0.7193030258814889
t47,0.15720248234598888,0.8427975176540111
t88,0.4747144355133963,0.5252855644866037
t108,0.5329019883679391,0.4670980116320608
t111,0.36648399696851996,0.63351600303148
t113,0.672026826181338,0.3279731738186619
