"accepted_species","0","1"
"t8","0.499998905749446","0.500001094250554"
"t29","0.502808745297542","0.497191254702458"
"t37","0.499948778654673","0.500051221345327"
"t38","0.499948778654673","0.500051221345327"
"t44","0.502148002015605","0.497851997984395"
"t47","0.490505738678156","0.509494261321845"
"t88","0.409096000913687","0.590903999086313"
"t108","0.93229265110481","0.06770734889519"
"t111","0.251984888267055","0.748015111732945"
"t113","0.864710045621826","0.135289954378174"
