accepted_species,0,1
t8,0.2667097,0.7332903
t29,0.2667097,0.7332903
t37,0.50922465,0.49077535
t38,0.50922465,0.49077535
t44,0.2667097,0.7332903
t47,0.2667097,0.7332903
t88,0.50922465,0.49077535
t108,0.2667097,0.7332903
t111,0.50922465,0.49077535
t113,0.50922465,0.49077535
