accepted_species,0,1
t57,0.43930113,0.56069887
t68,0.32767004,0.67232996
t82,0.45909578,0.5409042
t110,0.4472388,0.5527612
t114,0.372388,0.627612
t122,0.4472388,0.5527612
t129,0.43930113,0.56069887
t147,0.45909578,0.5409042
t148,0.372388,0.627612
t149,0.372388,0.627612
