accepted_species,0,1
t8,0.093698084,0.9063019
t29,0.35893142,0.6410686
t37,0.5763119,0.4236881
t38,0.9155591,0.08444087
t44,0.34077787,0.6592221
t47,0.027908623,0.9720914
t88,0.73237896,0.26762104
t108,0.06927031,0.9307297
t111,0.7818794,0.2181206
t113,0.5036174,0.49638262
