accepted_species,0,1
t33,0.45702570392831154,0.5429742960716885
t56,0.4577361460774607,0.5422638539225393
t19,0.4577180718511339,0.5422819281488661
t96,0.45684468267870304,0.543155317321297
t93,0.45726640843911426,0.5427335915608857
t37,0.4573637568808837,0.5426362431191163
t99,0.45547812824654,0.54452187175346
t63,0.4560318789212624,0.5439681210787376
t77,0.4554742063557069,0.5445257936442931
t25,0.4560273845381674,0.5439726154618326
