"accepted_species","0","1"
"t33","2.39373434422005e-05","0.999976062656558"
"t56","6.62614150896066e-05","0.99993373858491"
"t19","6.978267907926e-05","0.999930217320921"
"t96","9.88792532257234e-07","0.999999011207468"
"t93","2.66704903511391e-06","0.999997332950965"
"t37","0.000151346968917525","0.999848653031083"
"t99","5.06434993257282e-07","0.999999493565007"
"t63","9.36840255451761e-06","0.999990631597446"
"t77","5.71786374478761e-06","0.999994282136255"
"t25","3.82672630581933e-05","0.999961732736942"
