accepted_species,estimate
t86,1.932350062325307
t66,1.9322310144513581
t60,2.138347843339227
t61,1.776860077535825
t67,2.2665474672007244
t137,2.406463726724978
t142,2.3969553503598244
t143,2.3971226489111452
t39,1.6928640665558603
t135,1.8170532355169247
t136,1.8193871969895716
t77,2.0268700180814916
t78,1.902771379309938
t13,1.276368837669947
