accepted_species,estimate
t86,2.4102917
t66,2.1477363
t60,2.1679559
t61,2.195706
t67,2.12546
t137,2.1004791
t142,2.1004791
t143,2.1004791
t39,2.0299315
t135,2.1129477
t136,2.1129477
t77,2.0882826
t78,1.7035182
t13,1.5703415
