accepted_species,estimate
t76,1.7831503219286742
t88,1.5100183464749033
t4,0.7152887102538179
t22,0.23507085369903474
t51,-0.08497434166445365
t12,-0.22640697499846024
t46,-0.8051669995606218
t7,-0.7977751848307711
t55,-1.0591822312858237
t42,0.6818968573569026
