accepted_species,estimate
t87,1.5145647135561269
t55,0.9947002631338397
t73,-0.06389323520827109
t24,-1.280965755799787
t75,-1.1265519834237863
t7,0.5283534400812762
t12,-0.0959284074034408
t37,-0.1071216466625278
t83,0.05093643332516848
t54,-1.1830035738322746
