accepted_species,0
t87,-0.0010726863382188054
t55,-0.0010726863382188054
t73,-0.0010726863382188054
t24,-0.0010726863382188054
t75,-0.0010726863382188054
t7,-0.0010726863382188054
t12,-0.0010726863382188054
t37,-0.0010726863382188054
t83,-0.0010726863382188054
t54,-0.0010726863382188054
