accepted_species,0
t11,-0.010148461497311483
t32,-0.010148461497311483
t66,-0.010148461497311483
t39,-0.010148461497311483
t14,-0.010148461497311483
t72,-0.010148461497311483
t88,-0.0978083195464265
t71,-0.010148461497311483
t94,1.840375768375355
t21,-0.010148461497311483
