accepted_species,0,1
Sinoswertia_tetraptera,0.9615045,0.03849548
Pavetta_multiflora,0.9185677,0.08143229
Arachnothryx_atravesadensis,0.96423924,0.035760764
Forsteronia_rufa,0.90921795,0.090782076
Galium_ramboi,0.92348945,0.07651052
Psychotria_polyphylla,0.96320796,0.03679207
Hoya_olosegaensis,0.88667476,0.113325216
Mussaenda_scandens,0.9636739,0.03632612
Palicourea_vagans,0.96320796,0.03679207
Pavetta_abyssinica,0.9185677,0.08143229
