accepted_species,0,1
Sinoswertia_tetraptera,0.9853738,0.014626182
Pavetta_multiflora,0.94176614,0.058233853
Arachnothryx_atravesadensis,0.9878682,0.0121318335
Forsteronia_rufa,0.87082237,0.12917764
Galium_ramboi,0.974866,0.025134047
Psychotria_polyphylla,0.98131377,0.018686242
Hoya_olosegaensis,0.989027,0.010972952
Mussaenda_scandens,0.9878682,0.0121318335
Palicourea_vagans,0.98131377,0.018686242
Pavetta_abyssinica,0.94176614,0.058233853
