accepted_species,0
t141,0.578701664728968
t43,-0.03739384355143705
t28,-0.03739384355143705
t96,-0.03739384355143705
t97,-0.03739384355143705
t59,-0.03739384355143705
t29,-0.03739384355143705
t15,-0.03739384355143705
t16,-0.03739384355143705
t5,-0.03739384355143705
t94,-0.03739384355143705
t95,-0.03739384355143705
t77,-0.03739384355143705
t61,-0.03739384355143705
t87,-0.03739384355143705
