accepted_species,estimate
Centaurium_erythraea,-0.3029778761775909
Centaurium_littorale,-0.3107040608083621
Gentiana_affinis,-0.35848299993126204
Gentiana_andrewsii,-0.36552342384092246
Gentiana_clusii,-0.34641561153360007
Gentiana_lutea,-0.3214121764594791
Gentiana_nivalis,-0.12510195396653306
Gentiana_scabra,-0.1584299224392044
Gentiana_sceptrum,-0.14844628050168407
Gentianella_insubrica,-0.34399280913987573
