accepted_species,estimate
Alstonia_scholaris,0.03802349246341372
Alyxia_ruscifolia,0.02774688243121351
Asperula_glomerata,-0.16881729067062654
Galium_eriocarpum,-0.1718830146827338
Galium_palustre,-0.17665873459008416
Gentiana_utriculosa,-0.41313368725860566
Gentianella_insubrica,-0.4520040315707492
Stephanostegia_capuronii,-0.0008445935794522616
Tabernaemontana_cymosa,0.04988962173079635
Tarenna_mollissima,0.38130556891620027
