accepted_species,estimate
Alstonia_scholaris,0.4292182856390093
Alyxia_ruscifolia,-0.055536337438854805
Asperula_glomerata,-0.48347955985782887
Galium_eriocarpum,-0.075236933550027
Galium_palustre,-0.5072974423390925
Gentiana_utriculosa,-0.20133090594804562
Gentianella_insubrica,-0.6836952395285244
Stephanostegia_capuronii,-0.5600487937578552
Tabernaemontana_cymosa,0.06823584733465002
Tarenna_mollissima,0.4171685245126068
