accepted_species,0
t21,-0.021603621491799688
t30,-0.021603621491799688
t31,-0.021603621491799688
t92,1.07613855426547
t51,-0.021603621491799688
t52,-0.021603621491799688
t87,-0.113100754949796
t19,-0.021603621491799688
t89,-0.021603621491799688
t90,-0.021603621491799688
