accepted_species,estimate
t24,1.1673371061020965
t97,1.3638544398378658
t98,1.367875399055486
t28,0.038084423966795206
t48,0.6261829309855134
t91,0.4725169570616996
t92,0.47126811363756604
t10,0.9140868787113037
t11,1.461146560042857
t6,0.4583223040731086
