accepted_species,estimate
t24,0.97354287
t97,1.1429936
t98,1.1429936
t28,-0.27368093
t48,1.0004689
t91,1.0004689
t92,1.0004689
t10,0.12463897
t11,0.12463897
t6,0.12463897
