accepted_species,estimate
t34,-0.40132204
t53,-0.40132204
t54,-0.40132204
t47,-0.40132204
t75,-0.40132204
t76,-0.40132204
t106,-0.25197622
t107,-0.25197622
t15,-0.13630238
t20,-0.13630238
t56,-0.14649041
t57,-0.14649041
t36,-0.13630238
