accepted_species,estimate
t34,0.28208748
t53,0.28208748
t54,0.28208748
t47,0.28208748
t75,0.28208748
t76,0.28208748
t106,0.28208748
t107,0.28208748
t15,0.28208748
t20,0.28208748
t56,0.28208748
t57,0.28208748
t36,0.28208748
