accepted_species,0,1
t4,0.8661117732889545,0.13388822671104544
t5,0.866118237012609,0.13388176298739096
t10,0.8660918289341987,0.13390817106580136
t20,0.8660737466268374,0.13392625337316252
t29,0.8660868603048453,0.13391313969515467
t66,0.8660498402992938,0.1339501597007062
t19,0.8660910610091481,0.1339089389908519
t83,0.8661086664748772,0.13389133352512284
t52,0.8661286357523807,0.13387136424761925
t53,0.8661354307624528,0.13386456923754722
