accepted_species,0,1
t4,0.7634430048034678,0.2365569951965322
t5,0.7867100492584324,0.21328995074156762
t10,0.8403348250930054,0.1596651749069946
t20,0.8347479758018496,0.16525202419815047
t29,0.8065642549618136,0.1934357450381864
t66,0.8170780092147973,0.18292199078520271
t19,0.8464056663286974,0.15359433367130257
t83,0.815876763293846,0.18412323670615405
t52,0.7851166599178548,0.21488334008214516
t53,0.8316858309952463,0.1683141690047537
