"accepted_species","0","1"
"t4","0.958271537942461","0.0417284620575388"
"t5","0.958271537942461","0.0417284620575388"
"t10","0.513780176070317","0.486219823929683"
"t20","0.351569346581766","0.648430653418234"
"t29","0.281182704586549","0.718817295413451"
"t66","0.0577516387226243","0.942248361277376"
"t19","0.352830315769832","0.647169684230168"
"t83","0.997145553486513","0.0028544465134868"
"t52","0.950513894725101","0.0494861052748987"
"t53","0.950513894725101","0.0494861052748987"
