accepted_species,0,1
t4,0.83449197,0.16550806
t5,0.83449197,0.16550806
t10,0.83281106,0.16718896
t20,0.83281106,0.16718896
t29,0.83281106,0.16718896
t66,0.83281106,0.16718896
t19,0.83281106,0.16718896
t83,0.83281106,0.16718896
t52,0.83281106,0.16718896
t53,0.83281106,0.16718896
