accepted_species,0,1
t4,0.86464524,0.13535476
t5,0.8652453,0.1347547
t10,0.8579428,0.14205718
t20,0.8551571,0.14484294
t29,0.85653865,0.14346136
t66,0.85653865,0.14346136
t19,0.8551571,0.14484294
t83,0.8603437,0.13965632
t52,0.8565725,0.14342749
t53,0.8565725,0.14342749
