accepted_species,estimate
t95,0.3628079213472832
t38,0.3561512538273106
t39,0.35615125382731044
t7,0.526729095432205
t21,0.5529040711268554
t25,0.5553011352174304
t26,0.5553011352174306
t53,0.5639199645727047
t54,0.5639199645727047
t27,0.5564796313061859
