accepted_species,estimate
t95,-0.5920422662999539
t38,-0.6437813113676755
t39,-0.5955870433273872
t7,1.186354228310728
t21,0.8056315595650706
t25,0.754151827001471
t26,0.7258493612963973
t53,0.9392698405905769
t54,0.8101809134514425
t27,0.8413901444005788
