accepted_species,0
t22,
t52,
t53,
t97,-1.67669492615721
t38,0.349357283233775
t40,1.52954079365089
t24,
t93,
t94,
t2,
