accepted_species,0
t22,0.010019654793639627
t52,0.010019654793639627
t53,0.010019654793639627
t97,-1.67669492615721
t38,0.349357283233775
t40,1.52954079365089
t24,0.010019654793639627
t93,0.010019654793639627
t94,0.010019654793639627
t2,0.010019654793639627
