accepted_species,0,1
Gentianella_albidocoerulea,0.97783273,0.02216725
Gentianella_longibarbata,0.95750487,0.04249512
Voyria_rosea,0.9682058,0.031794198
Gentianella_multicaulis,0.97783273,0.02216725
Swertia_subuniflora,0.95750487,0.04249512
Exacum_loheri,0.94369036,0.056309618
Latouchea_fokienensis,0.920426,0.07957397
Halenia_elata,0.97783273,0.02216725
Gentiana_duclouxii,0.97783273,0.02216725
Exacum_lokohense,0.9675032,0.03249682
