"accepted_species","0","1"
"t28","0.500003062250848","0.499996937749152"
"t79","0.380255377003549","0.619744622996451"
"t17","0.499999354297315","0.500000645702685"
"t11","0.499999887683319","0.500000112316681"
"t5","0.499999999997288","0.500000000002712"
"t89","0.188770884825923","0.811229115174077"
"t14","0.500000248371371","0.499999751628629"
"t56","0.554126088589529","0.445873911410471"
"t94","0.143660282387104","0.856339717612896"
"t45","0.501532954636354","0.498467045363646"
