accepted_species,0,1
Leptactina_angolensis,0.9743934,0.025606584
Tarenna_stellulata,0.9743934,0.025606584
Tarenna_meyeri,0.9743934,0.025606584
Tarenna_puberula,0.9743934,0.025606584
Gardenia_posoquerioides,0.9743934,0.025606584
Mussaenda_ferruginea,0.9741433,0.025856685
Pavetta_seretii,0.9743934,0.025606584
Pavetta_kimberleyana,0.9743934,0.025606584
Casasia_ekmanii,0.9743934,0.025606584
Sabicea_longepetiolata,0.9741433,0.025856685
