accepted_species,0,1
t28,0.9709466,0.029053368
t62,0.9456119,0.05438811
t121,0.29431576,0.70568424
t101,0.14385843,0.85614157
t107,0.93552595,0.06447407
t64,0.9429895,0.057010457
t36,0.23609877,0.76390123
t109,0.09529233,0.9047077
t45,0.6280086,0.37199137
t112,0.8461058,0.1538942
t10,0.6897747,0.3102253
t113,0.97634065,0.023659376
t6,0.9626007,0.0373993
