accepted_species,0,1
t28,0.99712753,0.0028724393
t62,0.9974196,0.002580407
t121,0.16959113,0.8304089
t101,0.0774712,0.9225288
t107,0.93921775,0.060782265
t64,0.91051865,0.08948135
t36,0.86190784,0.13809218
t109,0.06216234,0.93783766
t45,0.96547574,0.03452424
t112,0.9485619,0.051438108
t10,0.98858637,0.011413647
t113,0.9717982,0.028201837
t6,0.9970778,0.0029221922
