accepted_species,0,1
t28,0.98624074,0.013759256
t62,0.9893293,0.010670719
t121,0.061962068,0.93803793
t101,0.11930293,0.8806971
t107,0.9856748,0.014325189
t64,0.9961078,0.0038921968
t36,0.74559283,0.25440717
t109,0.07368529,0.9263147
t45,0.5816047,0.41839528
t112,0.941821,0.058179036
t10,0.8680209,0.13197912
t113,0.9983894,0.0016105551
t6,0.9983894,0.0016105551
