accepted_species,estimate
Blackstonia_perfoliata,-0.34018632688452943
Centaurium_littorale,-0.4913246851915397
Centaurium_tenuiflorum,-0.22240368666617794
Exacum_affine,-0.8115336294246162
Gentiana_affinis,-0.5095800358025412
Gentiana_triflora,-0.21915068555022865
Gentiana_utriculosa,-0.12345508646598634
Gentianella_campestris,-0.40027677951066265
Gentianella_insubrica,0.009849100403418368
Swertia_bimaculata,0.07994774218234148
