accepted_species,0,1
t34,0.8573733865390758,0.14262661346092426
t35,0.5311073480564931,0.46889265194350693
t58,0.8482874877655148,0.15171251223448523
t70,0.13491571746999886,0.8650842825300011
t75,0.17084890407721176,0.8291510959227882
t82,0.1856550635837383,0.8143449364162617
t87,0.4121985712348424,0.5878014287651576
t89,0.9114747202997817,0.08852527970021827
t119,0.1561527754177,0.8438472245823
t124,0.48833591739590854,0.5116640826040915
