accepted_species,0,1
t34,0.25002664228298255,0.7499733577170175
t56,0.24571328032355144,0.7542867196764486
t87,0.24623452228559228,0.7537654777144077
t95,0.25487834558327593,0.7451216544167241
t96,0.25487834558327593,0.7451216544167241
t101,0.25496945851211883,0.7450305414878812
t102,0.25496945851211883,0.7450305414878812
t103,0.24620283296653622,0.7537971670334638
t104,0.24620283296653622,0.7537971670334638
t109,0.24629133420240645,0.7537086657975935
