accepted_species,0,1
t34,0.25555555555555554,0.7444444444444445
t56,0.25555555555555554,0.7444444444444445
t87,0.25555555555555554,0.7444444444444445
t95,0.25555555555555554,0.7444444444444445
t96,0.25555555555555554,0.7444444444444445
t101,0.25555555555555554,0.7444444444444445
t102,0.25555555555555554,0.7444444444444445
t103,0.25555555555555554,0.7444444444444445
t104,0.25555555555555554,0.7444444444444445
t109,0.0,1.0
