"accepted_species","0","1"
"t34","0.500237508368164","0.499762491631836"
"t35","0.503985235720313","0.496014764279688"
"t58","0.501003175441764","0.498996824558236"
"t70","0.43082242025102","0.56917757974898"
"t75","0.48402102661758","0.51597897338242"
"t82","0.386240137276415","0.613759862723585"
"t87","0.377593365242817","0.622406634757183"
"t89","0.674525729749437","0.325474270250563"
"t119","0.113139800632568","0.886860199367433"
"t124","0.974883580287441","0.0251164197125586"
