accepted_species,0,1
t34,0.6623067,0.33769327
t35,0.6940057,0.30599427
t58,0.6109041,0.38909587
t70,0.2362811,0.7637189
t75,0.2362811,0.7637189
t82,0.2362811,0.7637189
t87,0.5561968,0.4438032
t89,0.6109041,0.38909587
t119,0.40067685,0.59932315
t124,0.45395887,0.54604113
