accepted_species,0,1
t32,0.7622033696865139,0.2377966303134861
t53,0.7249539118056669,0.27504608819433307
t58,0.9662720518326229,0.03372794816737711
t63,0.7718671984041022,0.22813280159589777
t93,0.2899858471014476,0.7100141528985524
t105,0.7874717025696727,0.2125282974303273
t119,0.7253760085251951,0.2746239914748049
t124,0.7470727495182035,0.25292725048179654
t127,0.4021277783355687,0.5978722216644313
t135,0.7554097493050025,0.24459025069499749
