"accepted_species","0","1"
"t8","0.508231985041777","0.491768014958223"
"t17","0.508231985041777","0.491768014958223"
"t22","0.508231985041777","0.491768014958223"
"t23","0.508231985041777","0.491768014958223"
"t27","0.508231985041777","0.491768014958223"
"t28","0.508231985041777","0.491768014958223"
"t58","0.508231985041777","0.491768014958223"
"t59","0.508231985041777","0.491768014958223"
"t99","0.508231985041777","0.491768014958223"
"t100","0.508231985041777","0.491768014958223"
