accepted_species,0,1
t8,0.073848486,0.9261515
t17,0.09514272,0.9048573
t22,0.09514272,0.9048573
t23,0.073848486,0.9261515
t27,0.096630275,0.9033697
t28,0.09514272,0.9048573
t58,0.09514272,0.9048573
t59,0.073848486,0.9261515
t99,0.073848486,0.9261515
t100,0.073848486,0.9261515
