accepted_species,0,1
t32,0.87000895,0.12999104
t53,0.9659659,0.0340341
t58,0.9805227,0.01947731
t63,0.3677246,0.6322754
t93,0.25127935,0.74872065
t105,0.89895034,0.10104969
t119,0.9023326,0.09766737
t124,0.67434305,0.32565695
t127,0.49707782,0.5029222
t135,0.71579635,0.28420365
