accepted_species,0,1
sp78,0.7384570166826809,0.2615429833173191
sp79,0.7383867745096895,0.2616132254903105
sp84,0.7383625682017312,0.26163743179826876
sp133,0.7383924225358736,0.2616075774641264
sp134,0.7383863838736908,0.2616136161263092
sp137,0.7383567598450136,0.26164324015498636
sp167,0.7384610428052931,0.2615389571947068
sp168,0.7384851573109718,0.26151484268902825
sp169,0.7385405426970304,0.26145945730296966
sp173,0.7385983472134223,0.2614016527865776
