accepted_species,0,1
sp78,0.7827923,0.21720767
sp79,0.7717849,0.2282151
sp84,0.7872209,0.21277909
sp133,0.7872209,0.21277909
sp134,0.7872209,0.21277909
sp137,0.7813451,0.2186549
sp167,0.7872209,0.21277909
sp168,0.7872209,0.21277909
sp169,0.7577401,0.2422599
sp173,0.7577401,0.2422599
