accepted_species,0,1
t43,0.9907605135322545,0.00923948646774552
t58,0.7507841900183463,0.24921580998165377
t59,0.9999658378926201,3.4162107379964406e-05
t73,0.8500306443180381,0.14996935568196193
t87,0.9348995569436486,0.06510044305635145
t101,0.9812045881121247,0.018795411887875306
t107,0.9913648877329694,0.008635112267030643
t110,0.9781792032175447,0.021820796782455253
t118,0.9999457061043759,5.429389562408033e-05
t128,0.9999813012502761,1.8698749723928535e-05
