accepted_species,0,1
t43,0.99350196,0.006498033
t58,0.8995013,0.10049866
t59,0.99350196,0.006498033
t73,0.9448289,0.055171054
t87,0.9736531,0.026346907
t101,0.9698382,0.030161774
t107,0.99350196,0.006498033
t110,0.9736531,0.026346907
t118,0.99350196,0.006498033
t128,0.99350196,0.006498033
