"accepted_species","0","1"
"t11",0.108206721202495,0.891793278797505
"t25",0.108206721202701,0.891793278797299
"t26",0.108206721202701,0.891793278797299
"t97",0.0854451582445097,0.91455484175549
"t98",0.0854451582445097,0.91455484175549
"t72",0.0854451582439605,0.914554841756039
"t14",0.103936726831861,0.896063273168139
"t43",0.103936726830148,0.896063273169852
"t31",0.103936726830148,0.896063273169852
"t10",0.105750566977527,0.894249433022473
