accepted_species,0,1
t11,0.0076777037376132284,0.9923222962623868
t25,0.00751089539458738,0.9924891046054126
t26,0.00751089539458738,0.9924891046054126
t97,0.005338912788000916,0.9946610872119991
t98,0.005338912788000916,0.9946610872119991
t72,0.005375620971828532,0.9946243790281715
t14,0.006210544221803116,0.9937894557781969
t43,0.006090373565270091,0.9939096264347299
t31,0.006090373565270091,0.9939096264347299
t10,0.0066262059844620635,0.9933737940155379
