"accepted_species","0","1"
"t11","0.0099163636956026","0.990083636304397"
"t25","0.0099163636956026","0.990083636304397"
"t26","0.0099163636956026","0.990083636304397"
"t97","0.000203531313154967","0.999796468686845"
"t98","0.000203531313154967","0.999796468686845"
"t72","0.000203531313154967","0.999796468686845"
"t14","0.00498009304125291","0.995019906958747"
"t43","0.00498009304125291","0.995019906958747"
"t31","0.00498009304125291","0.995019906958747"
"t10","0.00654017208591947","0.993459827914081"
