accepted_species,0,1
t11,0.018009126,0.9819909
t25,0.018009126,0.9819909
t26,0.018009126,0.9819909
t97,0.018009126,0.9819909
t98,0.018009126,0.9819909
t72,0.018009126,0.9819909
t14,0.018009126,0.9819909
t43,0.018009126,0.9819909
t31,0.018009126,0.9819909
t10,0.018009126,0.9819909
