accepted_species,0,1
t11,0.054471076,0.9455289
t25,0.054471076,0.9455289
t26,0.030050397,0.9699496
t97,0.054471076,0.9455289
t98,0.054471076,0.9455289
t72,0.054471076,0.9455289
t14,0.054471076,0.9455289
t43,0.054471076,0.9455289
t31,0.054471076,0.9455289
t10,0.054471076,0.9455289
