accepted_species,estimate
t16,0.2988906644600352
t32,0.3054415878596001
t43,0.4586410253548082
t53,-0.25269402751044207
t67,0.6411426866095725
t17,0.5793968323352556
t64,-0.8670182246856997
t75,-0.8875311233377533
t87,-0.3896398649558638
t97,0.333926174187111
