accepted_species,estimate
t16,0.94630057
t32,1.1817807
t43,0.26302096
t53,0.4200707
t67,1.0151309
t17,0.580292
t64,-1.1465329
t75,-1.0995812
t87,-1.0372506
t97,0.5300252
