accepted_species,0,1
Psychotria_puberulina,0.99082184,0.00917817
Psychotria_charlotteana,0.99082184,0.00917817
Psychotria_lindleyana,0.99082184,0.00917817
Psychotria_kentii,0.99082184,0.00917817
Psychotria_silhetensis,0.99082184,0.00917817
Psychotria_wesselsboeri,0.99082184,0.00917817
Psychotria_podocarpa,0.99082184,0.00917817
Psychotria_fendleri,0.99082184,0.00917817
Psychotria_rhombocarpa,0.99082184,0.00917817
Amaracarpus_grandiflorus,0.99082184,0.00917817
