"","t36","t99","t100","t47","t27","t95","t96","t82","t83","t73","t85","t86","t97","t98","t78","t79","t55","t56","t37","t8","t52","t63","t64","t21","t17","t69","t70","t29","t60","t61","t38","t39","t57","t76","t77","t53","t18","t26","t91","t92","t42","t89","t90","t7","t14","t45","t46","t58","t59","t43","t44","t23","t3","t4","t11","t12","t62","t67","t68","t65","t66","t80","t81","t24","t25","t5","t40","t41","t74","t75","t84","t93","t94","t10","t2","t48","t49","t6","t30","t31","t19","t20","t1","t87","t88","t28","t32","t33","t22","t9","t15","t16","t54","t71","t72","t50","t51","t34","t35","t13"
"t36",0,1.10559578845,1.10559578845,1.1055957884,1.3057865886,2.23498753916,2.23498753916,4.04739387478,4.04739387478,4.0473938748,4.0473938748,4.0473938748,4.04739387486,4.04739387486,4.04739387486,4.04739387486,4.0473938749,4.0473938749,4.0473938748,6.0620710312,6.0620710314,6.06207103138,6.06207103138,6.0620710313,6.0620710313,6.0620710313,6.0620710313,6.0620710313,6.0620710314,6.0620710314,6.0620710313,6.0620710313,6.062071030946,6.062071030946,6.062071030946,6.062071031,6.431081638,6.431081638,6.43108163798,6.43108163798,6.4310816381,6.43108163803,6.43108163803,6.4310816382,6.431081638,6.431081638,6.431081638,8.34921198747,8.34921198747,8.34921198747,8.34921198747,8.3492119874,8.3492119878,8.3492119878,8.3492119875,8.3492119875,8.3492119873,8.3492119873,8.3492119873,8.3492119873,8.3492119873,8.3492119873,8.3492119873,8.3492119872,8.3492119872,8.3492119877,8.3492119872,8.3492119872,8.3492119872,8.3492119872,8.34921198729,8.3492119873,8.3492119873,8.3492119877,8.3492119877,8.34921198742,8.34921198742,8.34921198742,8.34921198732,8.34921198732,8.34921198732,8.34921198732,8.3492119873,8.34921198732,8.34921198732,8.3492119873,8.349211987327,8.349211987327,8.349211987227,8.349211987527,8.3492119873,8.3492119873,8.34921198732,8.34921198732,8.34921198732,8.34921198742,8.34921198742,8.34921198732,8.34921198732,8.34921198712
"t99",1.10559578845,0,0.0257185157,0.81377403065,1.30578658865,2.23498753921,2.23498753921,4.04739387483,4.04739387483,4.04739387485,4.04739387485,4.04739387485,4.04739387491,4.04739387491,4.04739387491,4.04739387491,4.04739387495,4.04739387495,4.04739387485,6.06207103125,6.06207103145,6.06207103143,6.06207103143,6.06207103135,6.06207103135,6.06207103135,6.06207103135,6.06207103135,6.06207103145,6.06207103145,6.06207103135,6.06207103135,6.062071030996,6.062071030996,6.062071030996,6.06207103105,6.43108163805,6.43108163805,6.43108163803,6.43108163803,6.43108163815,6.43108163808,6.43108163808,6.43108163825,6.43108163805,6.43108163805,6.43108163805,8.34921198752,8.34921198752,8.34921198752,8.34921198752,8.34921198745,8.34921198785,8.34921198785,8.34921198755,8.34921198755,8.34921198735,8.34921198735,8.34921198735,8.34921198735,8.34921198735,8.34921198735,8.34921198735,8.34921198725,8.34921198725,8.34921198775,8.34921198725,8.34921198725,8.34921198725,8.34921198725,8.34921198734,8.34921198735,8.34921198735,8.34921198775,8.34921198775,8.34921198747,8.34921198747,8.34921198747,8.34921198737,8.34921198737,8.34921198737,8.34921198737,8.34921198735,8.34921198737,8.34921198737,8.34921198735,8.349211987377,8.349211987377,8.349211987277,8.349211987577,8.34921198735,8.34921198735,8.34921198737,8.34921198737,8.34921198737,8.34921198747,8.34921198747,8.34921198737,8.34921198737,8.34921198717
"t100",1.10559578845,0.0257185157,0,0.81377403065,1.30578658865,2.23498753921,2.23498753921,4.04739387483,4.04739387483,4.04739387485,4.04739387485,4.04739387485,4.04739387491,4.04739387491,4.04739387491,4.04739387491,4.04739387495,4.04739387495,4.04739387485,6.06207103125,6.06207103145,6.06207103143,6.06207103143,6.06207103135,6.06207103135,6.06207103135,6.06207103135,6.06207103135,6.06207103145,6.06207103145,6.06207103135,6.06207103135,6.062071030996,6.062071030996,6.062071030996,6.06207103105,6.43108163805,6.43108163805,6.43108163803,6.43108163803,6.43108163815,6.43108163808,6.43108163808,6.43108163825,6.43108163805,6.43108163805,6.43108163805,8.34921198752,8.34921198752,8.34921198752,8.34921198752,8.34921198745,8.34921198785,8.34921198785,8.34921198755,8.34921198755,8.34921198735,8.34921198735,8.34921198735,8.34921198735,8.34921198735,8.34921198735,8.34921198735,8.34921198725,8.34921198725,8.34921198775,8.34921198725,8.34921198725,8.34921198725,8.34921198725,8.34921198734,8.34921198735,8.34921198735,8.34921198775,8.34921198775,8.34921198747,8.34921198747,8.34921198747,8.34921198737,8.34921198737,8.34921198737,8.34921198737,8.34921198735,8.34921198737,8.34921198737,8.34921198735,8.349211987377,8.349211987377,8.349211987277,8.349211987577,8.34921198735,8.34921198735,8.34921198737,8.34921198737,8.34921198737,8.34921198747,8.34921198747,8.34921198737,8.34921198737,8.34921198717
"t47",1.1055957884,0.81377403065,0.81377403065,0,1.3057865886,2.23498753916,2.23498753916,4.04739387478,4.04739387478,4.0473938748,4.0473938748,4.0473938748,4.04739387486,4.04739387486,4.04739387486,4.04739387486,4.0473938749,4.0473938749,4.0473938748,6.0620710312,6.0620710314,6.06207103138,6.06207103138,6.0620710313,6.0620710313,6.0620710313,6.0620710313,6.0620710313,6.0620710314,6.0620710314,6.0620710313,6.0620710313,6.062071030946,6.062071030946,6.062071030946,6.062071031,6.431081638,6.431081638,6.43108163798,6.43108163798,6.4310816381,6.43108163803,6.43108163803,6.4310816382,6.431081638,6.431081638,6.431081638,8.34921198747,8.34921198747,8.34921198747,8.34921198747,8.3492119874,8.3492119878,8.3492119878,8.3492119875,8.3492119875,8.3492119873,8.3492119873,8.3492119873,8.3492119873,8.3492119873,8.3492119873,8.3492119873,8.3492119872,8.3492119872,8.3492119877,8.3492119872,8.3492119872,8.3492119872,8.3492119872,8.34921198729,8.3492119873,8.3492119873,8.3492119877,8.3492119877,8.34921198742,8.34921198742,8.34921198742,8.34921198732,8.34921198732,8.34921198732,8.34921198732,8.3492119873,8.34921198732,8.34921198732,8.3492119873,8.349211987327,8.349211987327,8.349211987227,8.349211987527,8.3492119873,8.3492119873,8.34921198732,8.34921198732,8.34921198732,8.34921198742,8.34921198742,8.34921198732,8.34921198732,8.34921198712
"t27",1.3057865886,1.30578658865,1.30578658865,1.3057865886,0,2.23498753916,2.23498753916,4.04739387478,4.04739387478,4.0473938748,4.0473938748,4.0473938748,4.04739387486,4.04739387486,4.04739387486,4.04739387486,4.0473938749,4.0473938749,4.0473938748,6.0620710312,6.0620710314,6.06207103138,6.06207103138,6.0620710313,6.0620710313,6.0620710313,6.0620710313,6.0620710313,6.0620710314,6.0620710314,6.0620710313,6.0620710313,6.062071030946,6.062071030946,6.062071030946,6.062071031,6.431081638,6.431081638,6.43108163798,6.43108163798,6.4310816381,6.43108163803,6.43108163803,6.4310816382,6.431081638,6.431081638,6.431081638,8.34921198747,8.34921198747,8.34921198747,8.34921198747,8.3492119874,8.3492119878,8.3492119878,8.3492119875,8.3492119875,8.3492119873,8.3492119873,8.3492119873,8.3492119873,8.3492119873,8.3492119873,8.3492119873,8.3492119872,8.3492119872,8.3492119877,8.3492119872,8.3492119872,8.3492119872,8.3492119872,8.34921198729,8.3492119873,8.3492119873,8.3492119877,8.3492119877,8.34921198742,8.34921198742,8.34921198742,8.34921198732,8.34921198732,8.34921198732,8.34921198732,8.3492119873,8.34921198732,8.34921198732,8.3492119873,8.349211987327,8.349211987327,8.349211987227,8.349211987527,8.3492119873,8.3492119873,8.34921198732,8.34921198732,8.34921198732,8.34921198742,8.34921198742,8.34921198732,8.34921198732,8.34921198712
"t95",2.23498753916,2.23498753921,2.23498753921,2.23498753916,2.23498753916,0,0.04651622512,4.04739387474,4.04739387474,4.04739387476,4.04739387476,4.04739387476,4.04739387482,4.04739387482,4.04739387482,4.04739387482,4.04739387486,4.04739387486,4.04739387476,6.06207103116,6.06207103136,6.06207103134,6.06207103134,6.06207103126,6.06207103126,6.06207103126,6.06207103126,6.06207103126,6.06207103136,6.06207103136,6.06207103126,6.06207103126,6.062071030906,6.062071030906,6.062071030906,6.06207103096,6.43108163796,6.43108163796,6.43108163794,6.43108163794,6.43108163806,6.43108163799,6.43108163799,6.43108163816,6.43108163796,6.43108163796,6.43108163796,8.34921198743,8.34921198743,8.34921198743,8.34921198743,8.34921198736,8.34921198776,8.34921198776,8.34921198746,8.34921198746,8.34921198726,8.34921198726,8.34921198726,8.34921198726,8.34921198726,8.34921198726,8.34921198726,8.34921198716,8.34921198716,8.34921198766,8.34921198716,8.34921198716,8.34921198716,8.34921198716,8.34921198725,8.34921198726,8.34921198726,8.34921198766,8.34921198766,8.34921198738,8.34921198738,8.34921198738,8.34921198728,8.34921198728,8.34921198728,8.34921198728,8.34921198726,8.34921198728,8.34921198728,8.34921198726,8.349211987287,8.349211987287,8.349211987187,8.349211987487,8.34921198726,8.34921198726,8.34921198728,8.34921198728,8.34921198728,8.34921198738,8.34921198738,8.34921198728,8.34921198728,8.34921198708
"t96",2.23498753916,2.23498753921,2.23498753921,2.23498753916,2.23498753916,0.04651622512,0,4.04739387474,4.04739387474,4.04739387476,4.04739387476,4.04739387476,4.04739387482,4.04739387482,4.04739387482,4.04739387482,4.04739387486,4.04739387486,4.04739387476,6.06207103116,6.06207103136,6.06207103134,6.06207103134,6.06207103126,6.06207103126,6.06207103126,6.06207103126,6.06207103126,6.06207103136,6.06207103136,6.06207103126,6.06207103126,6.062071030906,6.062071030906,6.062071030906,6.06207103096,6.43108163796,6.43108163796,6.43108163794,6.43108163794,6.43108163806,6.43108163799,6.43108163799,6.43108163816,6.43108163796,6.43108163796,6.43108163796,8.34921198743,8.34921198743,8.34921198743,8.34921198743,8.34921198736,8.34921198776,8.34921198776,8.34921198746,8.34921198746,8.34921198726,8.34921198726,8.34921198726,8.34921198726,8.34921198726,8.34921198726,8.34921198726,8.34921198716,8.34921198716,8.34921198766,8.34921198716,8.34921198716,8.34921198716,8.34921198716,8.34921198725,8.34921198726,8.34921198726,8.34921198766,8.34921198766,8.34921198738,8.34921198738,8.34921198738,8.34921198728,8.34921198728,8.34921198728,8.34921198728,8.34921198726,8.34921198728,8.34921198728,8.34921198726,8.349211987287,8.349211987287,8.349211987187,8.349211987487,8.34921198726,8.34921198726,8.34921198728,8.34921198728,8.34921198728,8.34921198738,8.34921198738,8.34921198728,8.34921198728,8.34921198708
"t82",4.04739387478,4.04739387483,4.04739387483,4.04739387478,4.04739387478,4.04739387474,4.04739387474,0,0.2158401148,0.40852892218,1.70158207418,1.70158207418,1.70158207424,1.70158207424,1.70158207424,1.70158207424,2.21100732548,2.21100732548,2.21100732538,6.06207103118,6.06207103138,6.06207103136,6.06207103136,6.06207103128,6.06207103128,6.06207103128,6.06207103128,6.06207103128,6.06207103138,6.06207103138,6.06207103128,6.06207103128,6.062071030926,6.062071030926,6.062071030926,6.06207103098,6.43108163798,6.43108163798,6.43108163796,6.43108163796,6.43108163808,6.43108163801,6.43108163801,6.43108163818,6.43108163798,6.43108163798,6.43108163798,8.34921198745,8.34921198745,8.34921198745,8.34921198745,8.34921198738,8.34921198778,8.34921198778,8.34921198748,8.34921198748,8.34921198728,8.34921198728,8.34921198728,8.34921198728,8.34921198728,8.34921198728,8.34921198728,8.34921198718,8.34921198718,8.34921198768,8.34921198718,8.34921198718,8.34921198718,8.34921198718,8.34921198727,8.34921198728,8.34921198728,8.34921198768,8.34921198768,8.3492119874,8.3492119874,8.3492119874,8.3492119873,8.3492119873,8.3492119873,8.3492119873,8.34921198728,8.3492119873,8.3492119873,8.34921198728,8.349211987307,8.349211987307,8.349211987207,8.349211987507,8.34921198728,8.34921198728,8.3492119873,8.3492119873,8.3492119873,8.3492119874,8.3492119874,8.3492119873,8.3492119873,8.3492119871
"t83",4.04739387478,4.04739387483,4.04739387483,4.04739387478,4.04739387478,4.04739387474,4.04739387474,0.2158401148,0,0.40852892218,1.70158207418,1.70158207418,1.70158207424,1.70158207424,1.70158207424,1.70158207424,2.21100732548,2.21100732548,2.21100732538,6.06207103118,6.06207103138,6.06207103136,6.06207103136,6.06207103128,6.06207103128,6.06207103128,6.06207103128,6.06207103128,6.06207103138,6.06207103138,6.06207103128,6.06207103128,6.062071030926,6.062071030926,6.062071030926,6.06207103098,6.43108163798,6.43108163798,6.43108163796,6.43108163796,6.43108163808,6.43108163801,6.43108163801,6.43108163818,6.43108163798,6.43108163798,6.43108163798,8.34921198745,8.34921198745,8.34921198745,8.34921198745,8.34921198738,8.34921198778,8.34921198778,8.34921198748,8.34921198748,8.34921198728,8.34921198728,8.34921198728,8.34921198728,8.34921198728,8.34921198728,8.34921198728,8.34921198718,8.34921198718,8.34921198768,8.34921198718,8.34921198718,8.34921198718,8.34921198718,8.34921198727,8.34921198728,8.34921198728,8.34921198768,8.34921198768,8.3492119874,8.3492119874,8.3492119874,8.3492119873,8.3492119873,8.3492119873,8.3492119873,8.34921198728,8.3492119873,8.3492119873,8.34921198728,8.349211987307,8.349211987307,8.349211987207,8.349211987507,8.34921198728,8.34921198728,8.3492119873,8.3492119873,8.3492119873,8.3492119874,8.3492119874,8.3492119873,8.3492119873,8.3492119871
"t73",4.0473938748,4.04739387485,4.04739387485,4.0473938748,4.0473938748,4.04739387476,4.04739387476,0.40852892218,0.40852892218,0,1.7015820742,1.7015820742,1.70158207426,1.70158207426,1.70158207426,1.70158207426,2.2110073255,2.2110073255,2.2110073254,6.0620710312,6.0620710314,6.06207103138,6.06207103138,6.0620710313,6.0620710313,6.0620710313,6.0620710313,6.0620710313,6.0620710314,6.0620710314,6.0620710313,6.0620710313,6.062071030946,6.062071030946,6.062071030946,6.062071031,6.431081638,6.431081638,6.43108163798,6.43108163798,6.4310816381,6.43108163803,6.43108163803,6.4310816382,6.431081638,6.431081638,6.431081638,8.34921198747,8.34921198747,8.34921198747,8.34921198747,8.3492119874,8.3492119878,8.3492119878,8.3492119875,8.3492119875,8.3492119873,8.3492119873,8.3492119873,8.3492119873,8.3492119873,8.3492119873,8.3492119873,8.3492119872,8.3492119872,8.3492119877,8.3492119872,8.3492119872,8.3492119872,8.3492119872,8.34921198729,8.3492119873,8.3492119873,8.3492119877,8.3492119877,8.34921198742,8.34921198742,8.34921198742,8.34921198732,8.34921198732,8.34921198732,8.34921198732,8.3492119873,8.34921198732,8.34921198732,8.3492119873,8.349211987327,8.349211987327,8.349211987227,8.349211987527,8.3492119873,8.3492119873,8.34921198732,8.34921198732,8.34921198732,8.34921198742,8.34921198742,8.34921198732,8.34921198732,8.34921198712
"t85",4.0473938748,4.04739387485,4.04739387485,4.0473938748,4.0473938748,4.04739387476,4.04739387476,1.70158207418,1.70158207418,1.7015820742,0,0.14400280472,1.60300033038,1.60300033038,1.60300033038,1.60300033038,2.2110073255,2.2110073255,2.2110073254,6.0620710312,6.0620710314,6.06207103138,6.06207103138,6.0620710313,6.0620710313,6.0620710313,6.0620710313,6.0620710313,6.0620710314,6.0620710314,6.0620710313,6.0620710313,6.062071030946,6.062071030946,6.062071030946,6.062071031,6.431081638,6.431081638,6.43108163798,6.43108163798,6.4310816381,6.43108163803,6.43108163803,6.4310816382,6.431081638,6.431081638,6.431081638,8.34921198747,8.34921198747,8.34921198747,8.34921198747,8.3492119874,8.3492119878,8.3492119878,8.3492119875,8.3492119875,8.3492119873,8.3492119873,8.3492119873,8.3492119873,8.3492119873,8.3492119873,8.3492119873,8.3492119872,8.3492119872,8.3492119877,8.3492119872,8.3492119872,8.3492119872,8.3492119872,8.34921198729,8.3492119873,8.3492119873,8.3492119877,8.3492119877,8.34921198742,8.34921198742,8.34921198742,8.34921198732,8.34921198732,8.34921198732,8.34921198732,8.3492119873,8.34921198732,8.34921198732,8.3492119873,8.349211987327,8.349211987327,8.349211987227,8.349211987527,8.3492119873,8.3492119873,8.34921198732,8.34921198732,8.34921198732,8.34921198742,8.34921198742,8.34921198732,8.34921198732,8.34921198712
"t86",4.0473938748,4.04739387485,4.04739387485,4.0473938748,4.0473938748,4.04739387476,4.04739387476,1.70158207418,1.70158207418,1.7015820742,0.14400280472,0,1.60300033038,1.60300033038,1.60300033038,1.60300033038,2.2110073255,2.2110073255,2.2110073254,6.0620710312,6.0620710314,6.06207103138,6.06207103138,6.0620710313,6.0620710313,6.0620710313,6.0620710313,6.0620710313,6.0620710314,6.0620710314,6.0620710313,6.0620710313,6.062071030946,6.062071030946,6.062071030946,6.062071031,6.431081638,6.431081638,6.43108163798,6.43108163798,6.4310816381,6.43108163803,6.43108163803,6.4310816382,6.431081638,6.431081638,6.431081638,8.34921198747,8.34921198747,8.34921198747,8.34921198747,8.3492119874,8.3492119878,8.3492119878,8.3492119875,8.3492119875,8.3492119873,8.3492119873,8.3492119873,8.3492119873,8.3492119873,8.3492119873,8.3492119873,8.3492119872,8.3492119872,8.3492119877,8.3492119872,8.3492119872,8.3492119872,8.3492119872,8.34921198729,8.3492119873,8.3492119873,8.3492119877,8.3492119877,8.34921198742,8.34921198742,8.34921198742,8.34921198732,8.34921198732,8.34921198732,8.34921198732,8.3492119873,8.34921198732,8.34921198732,8.3492119873,8.349211987327,8.349211987327,8.349211987227,8.349211987527,8.3492119873,8.3492119873,8.34921198732,8.34921198732,8.34921198732,8.34921198742,8.34921198742,8.34921198732,8.34921198732,8.34921198712
"t97",4.04739387486,4.04739387491,4.04739387491,4.04739387486,4.04739387486,4.04739387482,4.04739387482,1.70158207424,1.70158207424,1.70158207426,1.60300033038,1.60300033038,0,0.04032115204,0.40888746684,0.40888746684,2.21100732556,2.21100732556,2.21100732546,6.06207103126,6.06207103146,6.06207103144,6.06207103144,6.06207103136,6.06207103136,6.06207103136,6.06207103136,6.06207103136,6.06207103146,6.06207103146,6.06207103136,6.06207103136,6.062071031006,6.062071031006,6.062071031006,6.06207103106,6.43108163806,6.43108163806,6.43108163804,6.43108163804,6.43108163816,6.43108163809,6.43108163809,6.43108163826,6.43108163806,6.43108163806,6.43108163806,8.34921198753,8.34921198753,8.34921198753,8.34921198753,8.34921198746,8.34921198786,8.34921198786,8.34921198756,8.34921198756,8.34921198736,8.34921198736,8.34921198736,8.34921198736,8.34921198736,8.34921198736,8.34921198736,8.34921198726,8.34921198726,8.34921198776,8.34921198726,8.34921198726,8.34921198726,8.34921198726,8.34921198735,8.34921198736,8.34921198736,8.34921198776,8.34921198776,8.34921198748,8.34921198748,8.34921198748,8.34921198738,8.34921198738,8.34921198738,8.34921198738,8.34921198736,8.34921198738,8.34921198738,8.34921198736,8.349211987387,8.349211987387,8.349211987287,8.349211987587,8.34921198736,8.34921198736,8.34921198738,8.34921198738,8.34921198738,8.34921198748,8.34921198748,8.34921198738,8.34921198738,8.34921198718
"t98",4.04739387486,4.04739387491,4.04739387491,4.04739387486,4.04739387486,4.04739387482,4.04739387482,1.70158207424,1.70158207424,1.70158207426,1.60300033038,1.60300033038,0.04032115204,0,0.40888746684,0.40888746684,2.21100732556,2.21100732556,2.21100732546,6.06207103126,6.06207103146,6.06207103144,6.06207103144,6.06207103136,6.06207103136,6.06207103136,6.06207103136,6.06207103136,6.06207103146,6.06207103146,6.06207103136,6.06207103136,6.062071031006,6.062071031006,6.062071031006,6.06207103106,6.43108163806,6.43108163806,6.43108163804,6.43108163804,6.43108163816,6.43108163809,6.43108163809,6.43108163826,6.43108163806,6.43108163806,6.43108163806,8.34921198753,8.34921198753,8.34921198753,8.34921198753,8.34921198746,8.34921198786,8.34921198786,8.34921198756,8.34921198756,8.34921198736,8.34921198736,8.34921198736,8.34921198736,8.34921198736,8.34921198736,8.34921198736,8.34921198726,8.34921198726,8.34921198776,8.34921198726,8.34921198726,8.34921198726,8.34921198726,8.34921198735,8.34921198736,8.34921198736,8.34921198776,8.34921198776,8.34921198748,8.34921198748,8.34921198748,8.34921198738,8.34921198738,8.34921198738,8.34921198738,8.34921198736,8.34921198738,8.34921198738,8.34921198736,8.349211987387,8.349211987387,8.349211987287,8.349211987587,8.34921198736,8.34921198736,8.34921198738,8.34921198738,8.34921198738,8.34921198748,8.34921198748,8.34921198738,8.34921198738,8.34921198718
"t78",4.04739387486,4.04739387491,4.04739387491,4.04739387486,4.04739387486,4.04739387482,4.04739387482,1.70158207424,1.70158207424,1.70158207426,1.60300033038,1.60300033038,0.40888746684,0.40888746684,0,0.2822933874,2.21100732556,2.21100732556,2.21100732546,6.06207103126,6.06207103146,6.06207103144,6.06207103144,6.06207103136,6.06207103136,6.06207103136,6.06207103136,6.06207103136,6.06207103146,6.06207103146,6.06207103136,6.06207103136,6.062071031006,6.062071031006,6.062071031006,6.06207103106,6.43108163806,6.43108163806,6.43108163804,6.43108163804,6.43108163816,6.43108163809,6.43108163809,6.43108163826,6.43108163806,6.43108163806,6.43108163806,8.34921198753,8.34921198753,8.34921198753,8.34921198753,8.34921198746,8.34921198786,8.34921198786,8.34921198756,8.34921198756,8.34921198736,8.34921198736,8.34921198736,8.34921198736,8.34921198736,8.34921198736,8.34921198736,8.34921198726,8.34921198726,8.34921198776,8.34921198726,8.34921198726,8.34921198726,8.34921198726,8.34921198735,8.34921198736,8.34921198736,8.34921198776,8.34921198776,8.34921198748,8.34921198748,8.34921198748,8.34921198738,8.34921198738,8.34921198738,8.34921198738,8.34921198736,8.34921198738,8.34921198738,8.34921198736,8.349211987387,8.349211987387,8.349211987287,8.349211987587,8.34921198736,8.34921198736,8.34921198738,8.34921198738,8.34921198738,8.34921198748,8.34921198748,8.34921198738,8.34921198738,8.34921198718
"t79",4.04739387486,4.04739387491,4.04739387491,4.04739387486,4.04739387486,4.04739387482,4.04739387482,1.70158207424,1.70158207424,1.70158207426,1.60300033038,1.60300033038,0.40888746684,0.40888746684,0.2822933874,0,2.21100732556,2.21100732556,2.21100732546,6.06207103126,6.06207103146,6.06207103144,6.06207103144,6.06207103136,6.06207103136,6.06207103136,6.06207103136,6.06207103136,6.06207103146,6.06207103146,6.06207103136,6.06207103136,6.062071031006,6.062071031006,6.062071031006,6.06207103106,6.43108163806,6.43108163806,6.43108163804,6.43108163804,6.43108163816,6.43108163809,6.43108163809,6.43108163826,6.43108163806,6.43108163806,6.43108163806,8.34921198753,8.34921198753,8.34921198753,8.34921198753,8.34921198746,8.34921198786,8.34921198786,8.34921198756,8.34921198756,8.34921198736,8.34921198736,8.34921198736,8.34921198736,8.34921198736,8.34921198736,8.34921198736,8.34921198726,8.34921198726,8.34921198776,8.34921198726,8.34921198726,8.34921198726,8.34921198726,8.34921198735,8.34921198736,8.34921198736,8.34921198776,8.34921198776,8.34921198748,8.34921198748,8.34921198748,8.34921198738,8.34921198738,8.34921198738,8.34921198738,8.34921198736,8.34921198738,8.34921198738,8.34921198736,8.349211987387,8.349211987387,8.349211987287,8.349211987587,8.34921198736,8.34921198736,8.34921198738,8.34921198738,8.34921198738,8.34921198748,8.34921198748,8.34921198738,8.34921198738,8.34921198718
"t55",4.0473938749,4.04739387495,4.04739387495,4.0473938749,4.0473938749,4.04739387486,4.04739387486,2.21100732548,2.21100732548,2.2110073255,2.2110073255,2.2110073255,2.21100732556,2.21100732556,2.21100732556,2.21100732556,0,0.7269224516,1.1018820177,6.0620710313,6.0620710315,6.06207103148,6.06207103148,6.0620710314,6.0620710314,6.0620710314,6.0620710314,6.0620710314,6.0620710315,6.0620710315,6.0620710314,6.0620710314,6.062071031046,6.062071031046,6.062071031046,6.0620710311,6.4310816381,6.4310816381,6.43108163808,6.43108163808,6.4310816382,6.43108163813,6.43108163813,6.4310816383,6.4310816381,6.4310816381,6.4310816381,8.34921198757,8.34921198757,8.34921198757,8.34921198757,8.3492119875,8.3492119879,8.3492119879,8.3492119876,8.3492119876,8.3492119874,8.3492119874,8.3492119874,8.3492119874,8.3492119874,8.3492119874,8.3492119874,8.3492119873,8.3492119873,8.3492119878,8.3492119873,8.3492119873,8.3492119873,8.3492119873,8.34921198739,8.3492119874,8.3492119874,8.3492119878,8.3492119878,8.34921198752,8.34921198752,8.34921198752,8.34921198742,8.34921198742,8.34921198742,8.34921198742,8.3492119874,8.34921198742,8.34921198742,8.3492119874,8.349211987427,8.349211987427,8.349211987327,8.349211987627,8.3492119874,8.3492119874,8.34921198742,8.34921198742,8.34921198742,8.34921198752,8.34921198752,8.34921198742,8.34921198742,8.34921198722
"t56",4.0473938749,4.04739387495,4.04739387495,4.0473938749,4.0473938749,4.04739387486,4.04739387486,2.21100732548,2.21100732548,2.2110073255,2.2110073255,2.2110073255,2.21100732556,2.21100732556,2.21100732556,2.21100732556,0.7269224516,0,1.1018820177,6.0620710313,6.0620710315,6.06207103148,6.06207103148,6.0620710314,6.0620710314,6.0620710314,6.0620710314,6.0620710314,6.0620710315,6.0620710315,6.0620710314,6.0620710314,6.062071031046,6.062071031046,6.062071031046,6.0620710311,6.4310816381,6.4310816381,6.43108163808,6.43108163808,6.4310816382,6.43108163813,6.43108163813,6.4310816383,6.4310816381,6.4310816381,6.4310816381,8.34921198757,8.34921198757,8.34921198757,8.34921198757,8.3492119875,8.3492119879,8.3492119879,8.3492119876,8.3492119876,8.3492119874,8.3492119874,8.3492119874,8.3492119874,8.3492119874,8.3492119874,8.3492119874,8.3492119873,8.3492119873,8.3492119878,8.3492119873,8.3492119873,8.3492119873,8.3492119873,8.34921198739,8.3492119874,8.3492119874,8.3492119878,8.3492119878,8.34921198752,8.34921198752,8.34921198752,8.34921198742,8.34921198742,8.34921198742,8.34921198742,8.3492119874,8.34921198742,8.34921198742,8.3492119874,8.349211987427,8.349211987427,8.349211987327,8.349211987627,8.3492119874,8.3492119874,8.34921198742,8.34921198742,8.34921198742,8.34921198752,8.34921198752,8.34921198742,8.34921198742,8.34921198722
"t37",4.0473938748,4.04739387485,4.04739387485,4.0473938748,4.0473938748,4.04739387476,4.04739387476,2.21100732538,2.21100732538,2.2110073254,2.2110073254,2.2110073254,2.21100732546,2.21100732546,2.21100732546,2.21100732546,1.1018820177,1.1018820177,0,6.0620710312,6.0620710314,6.06207103138,6.06207103138,6.0620710313,6.0620710313,6.0620710313,6.0620710313,6.0620710313,6.0620710314,6.0620710314,6.0620710313,6.0620710313,6.062071030946,6.062071030946,6.062071030946,6.062071031,6.431081638,6.431081638,6.43108163798,6.43108163798,6.4310816381,6.43108163803,6.43108163803,6.4310816382,6.431081638,6.431081638,6.431081638,8.34921198747,8.34921198747,8.34921198747,8.34921198747,8.3492119874,8.3492119878,8.3492119878,8.3492119875,8.3492119875,8.3492119873,8.3492119873,8.3492119873,8.3492119873,8.3492119873,8.3492119873,8.3492119873,8.3492119872,8.3492119872,8.3492119877,8.3492119872,8.3492119872,8.3492119872,8.3492119872,8.34921198729,8.3492119873,8.3492119873,8.3492119877,8.3492119877,8.34921198742,8.34921198742,8.34921198742,8.34921198732,8.34921198732,8.34921198732,8.34921198732,8.3492119873,8.34921198732,8.34921198732,8.3492119873,8.349211987327,8.349211987327,8.349211987227,8.349211987527,8.3492119873,8.3492119873,8.34921198732,8.34921198732,8.34921198732,8.34921198742,8.34921198742,8.34921198732,8.34921198732,8.34921198712
"t8",6.0620710312,6.06207103125,6.06207103125,6.0620710312,6.0620710312,6.06207103116,6.06207103116,6.06207103118,6.06207103118,6.0620710312,6.0620710312,6.0620710312,6.06207103126,6.06207103126,6.06207103126,6.06207103126,6.0620710313,6.0620710313,6.0620710312,0,2.3519688882,2.35196888818,2.35196888818,2.3519688881,2.3519688881,2.8042181019,2.8042181019,2.8042181019,2.804218102,2.804218102,2.8042181019,2.8042181019,4.218144483546,4.218144483546,4.218144483546,4.2181444836,6.4310816384,6.4310816384,6.43108163838,6.43108163838,6.4310816385,6.43108163843,6.43108163843,6.4310816386,6.4310816384,6.4310816384,6.4310816384,8.34921198787,8.34921198787,8.34921198787,8.34921198787,8.3492119878,8.3492119882,8.3492119882,8.3492119879,8.3492119879,8.3492119877,8.3492119877,8.3492119877,8.3492119877,8.3492119877,8.3492119877,8.3492119877,8.3492119876,8.3492119876,8.3492119881,8.3492119876,8.3492119876,8.3492119876,8.3492119876,8.34921198769,8.3492119877,8.3492119877,8.3492119881,8.3492119881,8.34921198782,8.34921198782,8.34921198782,8.34921198772,8.34921198772,8.34921198772,8.34921198772,8.3492119877,8.34921198772,8.34921198772,8.3492119877,8.349211987727,8.349211987727,8.349211987627,8.349211987927,8.3492119877,8.3492119877,8.34921198772,8.34921198772,8.34921198772,8.34921198782,8.34921198782,8.34921198772,8.34921198772,8.34921198752
"t52",6.0620710314,6.06207103145,6.06207103145,6.0620710314,6.0620710314,6.06207103136,6.06207103136,6.06207103138,6.06207103138,6.0620710314,6.0620710314,6.0620710314,6.06207103146,6.06207103146,6.06207103146,6.06207103146,6.0620710315,6.0620710315,6.0620710314,2.3519688882,0,0.74128555578,0.74128555578,1.5128354227,1.8392114795,2.8042181021,2.8042181021,2.8042181021,2.8042181022,2.8042181022,2.8042181021,2.8042181021,4.218144483746,4.218144483746,4.218144483746,4.2181444838,6.4310816386,6.4310816386,6.43108163858,6.43108163858,6.4310816387,6.43108163863,6.43108163863,6.4310816388,6.4310816386,6.4310816386,6.4310816386,8.34921198807,8.34921198807,8.34921198807,8.34921198807,8.349211988,8.3492119884,8.3492119884,8.3492119881,8.3492119881,8.3492119879,8.3492119879,8.3492119879,8.3492119879,8.3492119879,8.3492119879,8.3492119879,8.3492119878,8.3492119878,8.3492119883,8.3492119878,8.3492119878,8.3492119878,8.3492119878,8.34921198789,8.3492119879,8.3492119879,8.3492119883,8.3492119883,8.34921198802,8.34921198802,8.34921198802,8.34921198792,8.34921198792,8.34921198792,8.34921198792,8.3492119879,8.34921198792,8.34921198792,8.3492119879,8.349211987927,8.349211987927,8.349211987827,8.349211988127,8.3492119879,8.3492119879,8.34921198792,8.34921198792,8.34921198792,8.34921198802,8.34921198802,8.34921198792,8.34921198792,8.34921198772
"t63",6.06207103138,6.06207103143,6.06207103143,6.06207103138,6.06207103138,6.06207103134,6.06207103134,6.06207103136,6.06207103136,6.06207103138,6.06207103138,6.06207103138,6.06207103144,6.06207103144,6.06207103144,6.06207103144,6.06207103148,6.06207103148,6.06207103138,2.35196888818,0.74128555578,0,0.553912018,1.51283542268,1.83921147948,2.80421810208,2.80421810208,2.80421810208,2.80421810218,2.80421810218,2.80421810208,2.80421810208,4.218144483726,4.218144483726,4.218144483726,4.21814448378,6.43108163858,6.43108163858,6.43108163856,6.43108163856,6.43108163868,6.43108163861,6.43108163861,6.43108163878,6.43108163858,6.43108163858,6.43108163858,8.34921198805,8.34921198805,8.34921198805,8.34921198805,8.34921198798,8.34921198838,8.34921198838,8.34921198808,8.34921198808,8.34921198788,8.34921198788,8.34921198788,8.34921198788,8.34921198788,8.34921198788,8.34921198788,8.34921198778,8.34921198778,8.34921198828,8.34921198778,8.34921198778,8.34921198778,8.34921198778,8.34921198787,8.34921198788,8.34921198788,8.34921198828,8.34921198828,8.349211988,8.349211988,8.349211988,8.3492119879,8.3492119879,8.3492119879,8.3492119879,8.34921198788,8.3492119879,8.3492119879,8.34921198788,8.349211987907,8.349211987907,8.349211987807,8.349211988107,8.34921198788,8.34921198788,8.3492119879,8.3492119879,8.3492119879,8.349211988,8.349211988,8.3492119879,8.3492119879,8.3492119877
"t64",6.06207103138,6.06207103143,6.06207103143,6.06207103138,6.06207103138,6.06207103134,6.06207103134,6.06207103136,6.06207103136,6.06207103138,6.06207103138,6.06207103138,6.06207103144,6.06207103144,6.06207103144,6.06207103144,6.06207103148,6.06207103148,6.06207103138,2.35196888818,0.74128555578,0.553912018,0,1.51283542268,1.83921147948,2.80421810208,2.80421810208,2.80421810208,2.80421810218,2.80421810218,2.80421810208,2.80421810208,4.218144483726,4.218144483726,4.218144483726,4.21814448378,6.43108163858,6.43108163858,6.43108163856,6.43108163856,6.43108163868,6.43108163861,6.43108163861,6.43108163878,6.43108163858,6.43108163858,6.43108163858,8.34921198805,8.34921198805,8.34921198805,8.34921198805,8.34921198798,8.34921198838,8.34921198838,8.34921198808,8.34921198808,8.34921198788,8.34921198788,8.34921198788,8.34921198788,8.34921198788,8.34921198788,8.34921198788,8.34921198778,8.34921198778,8.34921198828,8.34921198778,8.34921198778,8.34921198778,8.34921198778,8.34921198787,8.34921198788,8.34921198788,8.34921198828,8.34921198828,8.349211988,8.349211988,8.349211988,8.3492119879,8.3492119879,8.3492119879,8.3492119879,8.34921198788,8.3492119879,8.3492119879,8.34921198788,8.349211987907,8.349211987907,8.349211987807,8.349211988107,8.34921198788,8.34921198788,8.3492119879,8.3492119879,8.3492119879,8.349211988,8.349211988,8.3492119879,8.3492119879,8.3492119877
"t21",6.0620710313,6.06207103135,6.06207103135,6.0620710313,6.0620710313,6.06207103126,6.06207103126,6.06207103128,6.06207103128,6.0620710313,6.0620710313,6.0620710313,6.06207103136,6.06207103136,6.06207103136,6.06207103136,6.0620710314,6.0620710314,6.0620710313,2.3519688881,1.5128354227,1.51283542268,1.51283542268,0,1.8392114794,2.804218102,2.804218102,2.804218102,2.8042181021,2.8042181021,2.804218102,2.804218102,4.218144483646,4.218144483646,4.218144483646,4.2181444837,6.4310816385,6.4310816385,6.43108163848,6.43108163848,6.4310816386,6.43108163853,6.43108163853,6.4310816387,6.4310816385,6.4310816385,6.4310816385,8.34921198797,8.34921198797,8.34921198797,8.34921198797,8.3492119879,8.3492119883,8.3492119883,8.349211988,8.349211988,8.3492119878,8.3492119878,8.3492119878,8.3492119878,8.3492119878,8.3492119878,8.3492119878,8.3492119877,8.3492119877,8.3492119882,8.3492119877,8.3492119877,8.3492119877,8.3492119877,8.34921198779,8.3492119878,8.3492119878,8.3492119882,8.3492119882,8.34921198792,8.34921198792,8.34921198792,8.34921198782,8.34921198782,8.34921198782,8.34921198782,8.3492119878,8.34921198782,8.34921198782,8.3492119878,8.349211987827,8.349211987827,8.349211987727,8.349211988027,8.3492119878,8.3492119878,8.34921198782,8.34921198782,8.34921198782,8.34921198792,8.34921198792,8.34921198782,8.34921198782,8.34921198762
"t17",6.0620710313,6.06207103135,6.06207103135,6.0620710313,6.0620710313,6.06207103126,6.06207103126,6.06207103128,6.06207103128,6.0620710313,6.0620710313,6.0620710313,6.06207103136,6.06207103136,6.06207103136,6.06207103136,6.0620710314,6.0620710314,6.0620710313,2.3519688881,1.8392114795,1.83921147948,1.83921147948,1.8392114794,0,2.804218102,2.804218102,2.804218102,2.8042181021,2.8042181021,2.804218102,2.804218102,4.218144483646,4.218144483646,4.218144483646,4.2181444837,6.4310816385,6.4310816385,6.43108163848,6.43108163848,6.4310816386,6.43108163853,6.43108163853,6.4310816387,6.4310816385,6.4310816385,6.4310816385,8.34921198797,8.34921198797,8.34921198797,8.34921198797,8.3492119879,8.3492119883,8.3492119883,8.349211988,8.349211988,8.3492119878,8.3492119878,8.3492119878,8.3492119878,8.3492119878,8.3492119878,8.3492119878,8.3492119877,8.3492119877,8.3492119882,8.3492119877,8.3492119877,8.3492119877,8.3492119877,8.34921198779,8.3492119878,8.3492119878,8.3492119882,8.3492119882,8.34921198792,8.34921198792,8.34921198792,8.34921198782,8.34921198782,8.34921198782,8.34921198782,8.3492119878,8.34921198782,8.34921198782,8.3492119878,8.349211987827,8.349211987827,8.349211987727,8.349211988027,8.3492119878,8.3492119878,8.34921198782,8.34921198782,8.34921198782,8.34921198792,8.34921198792,8.34921198782,8.34921198782,8.34921198762
"t69",6.0620710313,6.06207103135,6.06207103135,6.0620710313,6.0620710313,6.06207103126,6.06207103126,6.06207103128,6.06207103128,6.0620710313,6.0620710313,6.0620710313,6.06207103136,6.06207103136,6.06207103136,6.06207103136,6.0620710314,6.0620710314,6.0620710313,2.8042181019,2.8042181021,2.80421810208,2.80421810208,2.804218102,2.804218102,0,0.4712331448,1.5369845438,1.5369845439,1.5369845439,2.1618452456,2.1618452456,4.218144483646,4.218144483646,4.218144483646,4.2181444837,6.4310816385,6.4310816385,6.43108163848,6.43108163848,6.4310816386,6.43108163853,6.43108163853,6.4310816387,6.4310816385,6.4310816385,6.4310816385,8.34921198797,8.34921198797,8.34921198797,8.34921198797,8.3492119879,8.3492119883,8.3492119883,8.349211988,8.349211988,8.3492119878,8.3492119878,8.3492119878,8.3492119878,8.3492119878,8.3492119878,8.3492119878,8.3492119877,8.3492119877,8.3492119882,8.3492119877,8.3492119877,8.3492119877,8.3492119877,8.34921198779,8.3492119878,8.3492119878,8.3492119882,8.3492119882,8.34921198792,8.34921198792,8.34921198792,8.34921198782,8.34921198782,8.34921198782,8.34921198782,8.3492119878,8.34921198782,8.34921198782,8.3492119878,8.349211987827,8.349211987827,8.349211987727,8.349211988027,8.3492119878,8.3492119878,8.34921198782,8.34921198782,8.34921198782,8.34921198792,8.34921198792,8.34921198782,8.34921198782,8.34921198762
"t70",6.0620710313,6.06207103135,6.06207103135,6.0620710313,6.0620710313,6.06207103126,6.06207103126,6.06207103128,6.06207103128,6.0620710313,6.0620710313,6.0620710313,6.06207103136,6.06207103136,6.06207103136,6.06207103136,6.0620710314,6.0620710314,6.0620710313,2.8042181019,2.8042181021,2.80421810208,2.80421810208,2.804218102,2.804218102,0.4712331448,0,1.5369845438,1.5369845439,1.5369845439,2.1618452456,2.1618452456,4.218144483646,4.218144483646,4.218144483646,4.2181444837,6.4310816385,6.4310816385,6.43108163848,6.43108163848,6.4310816386,6.43108163853,6.43108163853,6.4310816387,6.4310816385,6.4310816385,6.4310816385,8.34921198797,8.34921198797,8.34921198797,8.34921198797,8.3492119879,8.3492119883,8.3492119883,8.349211988,8.349211988,8.3492119878,8.3492119878,8.3492119878,8.3492119878,8.3492119878,8.3492119878,8.3492119878,8.3492119877,8.3492119877,8.3492119882,8.3492119877,8.3492119877,8.3492119877,8.3492119877,8.34921198779,8.3492119878,8.3492119878,8.3492119882,8.3492119882,8.34921198792,8.34921198792,8.34921198792,8.34921198782,8.34921198782,8.34921198782,8.34921198782,8.3492119878,8.34921198782,8.34921198782,8.3492119878,8.349211987827,8.349211987827,8.349211987727,8.349211988027,8.3492119878,8.3492119878,8.34921198782,8.34921198782,8.34921198782,8.34921198792,8.34921198792,8.34921198782,8.34921198782,8.34921198762
"t29",6.0620710313,6.06207103135,6.06207103135,6.0620710313,6.0620710313,6.06207103126,6.06207103126,6.06207103128,6.06207103128,6.0620710313,6.0620710313,6.0620710313,6.06207103136,6.06207103136,6.06207103136,6.06207103136,6.0620710314,6.0620710314,6.0620710313,2.8042181019,2.8042181021,2.80421810208,2.80421810208,2.804218102,2.804218102,1.5369845438,1.5369845438,0,1.2298320177,1.2298320177,2.1618452456,2.1618452456,4.218144483646,4.218144483646,4.218144483646,4.2181444837,6.4310816385,6.4310816385,6.43108163848,6.43108163848,6.4310816386,6.43108163853,6.43108163853,6.4310816387,6.4310816385,6.4310816385,6.4310816385,8.34921198797,8.34921198797,8.34921198797,8.34921198797,8.3492119879,8.3492119883,8.3492119883,8.349211988,8.349211988,8.3492119878,8.3492119878,8.3492119878,8.3492119878,8.3492119878,8.3492119878,8.3492119878,8.3492119877,8.3492119877,8.3492119882,8.3492119877,8.3492119877,8.3492119877,8.3492119877,8.34921198779,8.3492119878,8.3492119878,8.3492119882,8.3492119882,8.34921198792,8.34921198792,8.34921198792,8.34921198782,8.34921198782,8.34921198782,8.34921198782,8.3492119878,8.34921198782,8.34921198782,8.3492119878,8.349211987827,8.349211987827,8.349211987727,8.349211988027,8.3492119878,8.3492119878,8.34921198782,8.34921198782,8.34921198782,8.34921198792,8.34921198792,8.34921198782,8.34921198782,8.34921198762
"t60",6.0620710314,6.06207103145,6.06207103145,6.0620710314,6.0620710314,6.06207103136,6.06207103136,6.06207103138,6.06207103138,6.0620710314,6.0620710314,6.0620710314,6.06207103146,6.06207103146,6.06207103146,6.06207103146,6.0620710315,6.0620710315,6.0620710314,2.804218102,2.8042181022,2.80421810218,2.80421810218,2.8042181021,2.8042181021,1.5369845439,1.5369845439,1.2298320177,0,0.5946026952,2.1618452457,2.1618452457,4.218144483746,4.218144483746,4.218144483746,4.2181444838,6.4310816386,6.4310816386,6.43108163858,6.43108163858,6.4310816387,6.43108163863,6.43108163863,6.4310816388,6.4310816386,6.4310816386,6.4310816386,8.34921198807,8.34921198807,8.34921198807,8.34921198807,8.349211988,8.3492119884,8.3492119884,8.3492119881,8.3492119881,8.3492119879,8.3492119879,8.3492119879,8.3492119879,8.3492119879,8.3492119879,8.3492119879,8.3492119878,8.3492119878,8.3492119883,8.3492119878,8.3492119878,8.3492119878,8.3492119878,8.34921198789,8.3492119879,8.3492119879,8.3492119883,8.3492119883,8.34921198802,8.34921198802,8.34921198802,8.34921198792,8.34921198792,8.34921198792,8.34921198792,8.3492119879,8.34921198792,8.34921198792,8.3492119879,8.349211987927,8.349211987927,8.349211987827,8.349211988127,8.3492119879,8.3492119879,8.34921198792,8.34921198792,8.34921198792,8.34921198802,8.34921198802,8.34921198792,8.34921198792,8.34921198772
"t61",6.0620710314,6.06207103145,6.06207103145,6.0620710314,6.0620710314,6.06207103136,6.06207103136,6.06207103138,6.06207103138,6.0620710314,6.0620710314,6.0620710314,6.06207103146,6.06207103146,6.06207103146,6.06207103146,6.0620710315,6.0620710315,6.0620710314,2.804218102,2.8042181022,2.80421810218,2.80421810218,2.8042181021,2.8042181021,1.5369845439,1.5369845439,1.2298320177,0.5946026952,0,2.1618452457,2.1618452457,4.218144483746,4.218144483746,4.218144483746,4.2181444838,6.4310816386,6.4310816386,6.43108163858,6.43108163858,6.4310816387,6.43108163863,6.43108163863,6.4310816388,6.4310816386,6.4310816386,6.4310816386,8.34921198807,8.34921198807,8.34921198807,8.34921198807,8.349211988,8.3492119884,8.3492119884,8.3492119881,8.3492119881,8.3492119879,8.3492119879,8.3492119879,8.3492119879,8.3492119879,8.3492119879,8.3492119879,8.3492119878,8.3492119878,8.3492119883,8.3492119878,8.3492119878,8.3492119878,8.3492119878,8.34921198789,8.3492119879,8.3492119879,8.3492119883,8.3492119883,8.34921198802,8.34921198802,8.34921198802,8.34921198792,8.34921198792,8.34921198792,8.34921198792,8.3492119879,8.34921198792,8.34921198792,8.3492119879,8.349211987927,8.349211987927,8.349211987827,8.349211988127,8.3492119879,8.3492119879,8.34921198792,8.34921198792,8.34921198792,8.34921198802,8.34921198802,8.34921198792,8.34921198792,8.34921198772
"t38",6.0620710313,6.06207103135,6.06207103135,6.0620710313,6.0620710313,6.06207103126,6.06207103126,6.06207103128,6.06207103128,6.0620710313,6.0620710313,6.0620710313,6.06207103136,6.06207103136,6.06207103136,6.06207103136,6.0620710314,6.0620710314,6.0620710313,2.8042181019,2.8042181021,2.80421810208,2.80421810208,2.804218102,2.804218102,2.1618452456,2.1618452456,2.1618452456,2.1618452457,2.1618452457,0,1.0532587918,4.218144483646,4.218144483646,4.218144483646,4.2181444837,6.4310816385,6.4310816385,6.43108163848,6.43108163848,6.4310816386,6.43108163853,6.43108163853,6.4310816387,6.4310816385,6.4310816385,6.4310816385,8.34921198797,8.34921198797,8.34921198797,8.34921198797,8.3492119879,8.3492119883,8.3492119883,8.349211988,8.349211988,8.3492119878,8.3492119878,8.3492119878,8.3492119878,8.3492119878,8.3492119878,8.3492119878,8.3492119877,8.3492119877,8.3492119882,8.3492119877,8.3492119877,8.3492119877,8.3492119877,8.34921198779,8.3492119878,8.3492119878,8.3492119882,8.3492119882,8.34921198792,8.34921198792,8.34921198792,8.34921198782,8.34921198782,8.34921198782,8.34921198782,8.3492119878,8.34921198782,8.34921198782,8.3492119878,8.349211987827,8.349211987827,8.349211987727,8.349211988027,8.3492119878,8.3492119878,8.34921198782,8.34921198782,8.34921198782,8.34921198792,8.34921198792,8.34921198782,8.34921198782,8.34921198762
"t39",6.0620710313,6.06207103135,6.06207103135,6.0620710313,6.0620710313,6.06207103126,6.06207103126,6.06207103128,6.06207103128,6.0620710313,6.0620710313,6.0620710313,6.06207103136,6.06207103136,6.06207103136,6.06207103136,6.0620710314,6.0620710314,6.0620710313,2.8042181019,2.8042181021,2.80421810208,2.80421810208,2.804218102,2.804218102,2.1618452456,2.1618452456,2.1618452456,2.1618452457,2.1618452457,1.0532587918,0,4.218144483646,4.218144483646,4.218144483646,4.2181444837,6.4310816385,6.4310816385,6.43108163848,6.43108163848,6.4310816386,6.43108163853,6.43108163853,6.4310816387,6.4310816385,6.4310816385,6.4310816385,8.34921198797,8.34921198797,8.34921198797,8.34921198797,8.3492119879,8.3492119883,8.3492119883,8.349211988,8.349211988,8.3492119878,8.3492119878,8.3492119878,8.3492119878,8.3492119878,8.3492119878,8.3492119878,8.3492119877,8.3492119877,8.3492119882,8.3492119877,8.3492119877,8.3492119877,8.3492119877,8.34921198779,8.3492119878,8.3492119878,8.3492119882,8.3492119882,8.34921198792,8.34921198792,8.34921198792,8.34921198782,8.34921198782,8.34921198782,8.34921198782,8.3492119878,8.34921198782,8.34921198782,8.3492119878,8.349211987827,8.349211987827,8.349211987727,8.349211988027,8.3492119878,8.3492119878,8.34921198782,8.34921198782,8.34921198782,8.34921198792,8.34921198792,8.34921198782,8.34921198782,8.34921198762
"t57",6.062071030946,6.062071030996,6.062071030996,6.062071030946,6.062071030946,6.062071030906,6.062071030906,6.062071030926,6.062071030926,6.062071030946,6.062071030946,6.062071030946,6.062071031006,6.062071031006,6.062071031006,6.062071031006,6.062071031046,6.062071031046,6.062071030946,4.218144483546,4.218144483746,4.218144483726,4.218144483726,4.218144483646,4.218144483646,4.218144483646,4.218144483646,4.218144483646,4.218144483746,4.218144483746,4.218144483646,4.218144483646,0,0.7173846472,0.7173846472,0.734103671346,6.431081638146,6.431081638146,6.431081638126,6.431081638126,6.431081638246,6.431081638176,6.431081638176,6.431081638346,6.431081638146,6.431081638146,6.431081638146,8.349211987616,8.349211987616,8.349211987616,8.349211987616,8.349211987546,8.349211987946,8.349211987946,8.349211987646,8.349211987646,8.349211987446,8.349211987446,8.349211987446,8.349211987446,8.349211987446,8.349211987446,8.349211987446,8.349211987346,8.349211987346,8.349211987846,8.349211987346,8.349211987346,8.349211987346,8.349211987346,8.349211987436,8.349211987446,8.349211987446,8.349211987846,8.349211987846,8.349211987566,8.349211987566,8.349211987566,8.349211987466,8.349211987466,8.349211987466,8.349211987466,8.349211987446,8.349211987466,8.349211987466,8.349211987446,8.349211987473,8.349211987473,8.349211987373,8.349211987673,8.349211987446,8.349211987446,8.349211987466,8.349211987466,8.349211987466,8.349211987566,8.349211987566,8.349211987466,8.349211987466,8.349211987266
"t76",6.062071030946,6.062071030996,6.062071030996,6.062071030946,6.062071030946,6.062071030906,6.062071030906,6.062071030926,6.062071030926,6.062071030946,6.062071030946,6.062071030946,6.062071031006,6.062071031006,6.062071031006,6.062071031006,6.062071031046,6.062071031046,6.062071030946,4.218144483546,4.218144483746,4.218144483726,4.218144483726,4.218144483646,4.218144483646,4.218144483646,4.218144483646,4.218144483646,4.218144483746,4.218144483746,4.218144483646,4.218144483646,0.7173846472,0,0.3410098514,0.734103671346,6.431081638146,6.431081638146,6.431081638126,6.431081638126,6.431081638246,6.431081638176,6.431081638176,6.431081638346,6.431081638146,6.431081638146,6.431081638146,8.349211987616,8.349211987616,8.349211987616,8.349211987616,8.349211987546,8.349211987946,8.349211987946,8.349211987646,8.349211987646,8.349211987446,8.349211987446,8.349211987446,8.349211987446,8.349211987446,8.349211987446,8.349211987446,8.349211987346,8.349211987346,8.349211987846,8.349211987346,8.349211987346,8.349211987346,8.349211987346,8.349211987436,8.349211987446,8.349211987446,8.349211987846,8.349211987846,8.349211987566,8.349211987566,8.349211987566,8.349211987466,8.349211987466,8.349211987466,8.349211987466,8.349211987446,8.349211987466,8.349211987466,8.349211987446,8.349211987473,8.349211987473,8.349211987373,8.349211987673,8.349211987446,8.349211987446,8.349211987466,8.349211987466,8.349211987466,8.349211987566,8.349211987566,8.349211987466,8.349211987466,8.349211987266
"t77",6.062071030946,6.062071030996,6.062071030996,6.062071030946,6.062071030946,6.062071030906,6.062071030906,6.062071030926,6.062071030926,6.062071030946,6.062071030946,6.062071030946,6.062071031006,6.062071031006,6.062071031006,6.062071031006,6.062071031046,6.062071031046,6.062071030946,4.218144483546,4.218144483746,4.218144483726,4.218144483726,4.218144483646,4.218144483646,4.218144483646,4.218144483646,4.218144483646,4.218144483746,4.218144483746,4.218144483646,4.218144483646,0.7173846472,0.3410098514,0,0.734103671346,6.431081638146,6.431081638146,6.431081638126,6.431081638126,6.431081638246,6.431081638176,6.431081638176,6.431081638346,6.431081638146,6.431081638146,6.431081638146,8.349211987616,8.349211987616,8.349211987616,8.349211987616,8.349211987546,8.349211987946,8.349211987946,8.349211987646,8.349211987646,8.349211987446,8.349211987446,8.349211987446,8.349211987446,8.349211987446,8.349211987446,8.349211987446,8.349211987346,8.349211987346,8.349211987846,8.349211987346,8.349211987346,8.349211987346,8.349211987346,8.349211987436,8.349211987446,8.349211987446,8.349211987846,8.349211987846,8.349211987566,8.349211987566,8.349211987566,8.349211987466,8.349211987466,8.349211987466,8.349211987466,8.349211987446,8.349211987466,8.349211987466,8.349211987446,8.349211987473,8.349211987473,8.349211987373,8.349211987673,8.349211987446,8.349211987446,8.349211987466,8.349211987466,8.349211987466,8.349211987566,8.349211987566,8.349211987466,8.349211987466,8.349211987266
"t53",6.062071031,6.06207103105,6.06207103105,6.062071031,6.062071031,6.06207103096,6.06207103096,6.06207103098,6.06207103098,6.062071031,6.062071031,6.062071031,6.06207103106,6.06207103106,6.06207103106,6.06207103106,6.0620710311,6.0620710311,6.062071031,4.2181444836,4.2181444838,4.21814448378,4.21814448378,4.2181444837,4.2181444837,4.2181444837,4.2181444837,4.2181444837,4.2181444838,4.2181444838,4.2181444837,4.2181444837,0.734103671346,0.734103671346,0.734103671346,0,6.4310816382,6.4310816382,6.43108163818,6.43108163818,6.4310816383,6.43108163823,6.43108163823,6.4310816384,6.4310816382,6.4310816382,6.4310816382,8.34921198767,8.34921198767,8.34921198767,8.34921198767,8.3492119876,8.349211988,8.349211988,8.3492119877,8.3492119877,8.3492119875,8.3492119875,8.3492119875,8.3492119875,8.3492119875,8.3492119875,8.3492119875,8.3492119874,8.3492119874,8.3492119879,8.3492119874,8.3492119874,8.3492119874,8.3492119874,8.34921198749,8.3492119875,8.3492119875,8.3492119879,8.3492119879,8.34921198762,8.34921198762,8.34921198762,8.34921198752,8.34921198752,8.34921198752,8.34921198752,8.3492119875,8.34921198752,8.34921198752,8.3492119875,8.349211987527,8.349211987527,8.349211987427,8.349211987727,8.3492119875,8.3492119875,8.34921198752,8.34921198752,8.34921198752,8.34921198762,8.34921198762,8.34921198752,8.34921198752,8.34921198732
"t18",6.431081638,6.43108163805,6.43108163805,6.431081638,6.431081638,6.43108163796,6.43108163796,6.43108163798,6.43108163798,6.431081638,6.431081638,6.431081638,6.43108163806,6.43108163806,6.43108163806,6.43108163806,6.4310816381,6.4310816381,6.431081638,6.4310816384,6.4310816386,6.43108163858,6.43108163858,6.4310816385,6.4310816385,6.4310816385,6.4310816385,6.4310816385,6.4310816386,6.4310816386,6.4310816385,6.4310816385,6.431081638146,6.431081638146,6.431081638146,6.4310816382,0,1.6631971974,1.66319719738,1.66319719738,2.6906264731,2.69062647303,2.69062647303,3.8555364884,3.8555364882,3.8555364882,3.8555364882,8.34921198767,8.34921198767,8.34921198767,8.34921198767,8.3492119876,8.349211988,8.349211988,8.3492119877,8.3492119877,8.3492119875,8.3492119875,8.3492119875,8.3492119875,8.3492119875,8.3492119875,8.3492119875,8.3492119874,8.3492119874,8.3492119879,8.3492119874,8.3492119874,8.3492119874,8.3492119874,8.34921198749,8.3492119875,8.3492119875,8.3492119879,8.3492119879,8.34921198762,8.34921198762,8.34921198762,8.34921198752,8.34921198752,8.34921198752,8.34921198752,8.3492119875,8.34921198752,8.34921198752,8.3492119875,8.349211987527,8.349211987527,8.349211987427,8.349211987727,8.3492119875,8.3492119875,8.34921198752,8.34921198752,8.34921198752,8.34921198762,8.34921198762,8.34921198752,8.34921198752,8.34921198732
"t26",6.431081638,6.43108163805,6.43108163805,6.431081638,6.431081638,6.43108163796,6.43108163796,6.43108163798,6.43108163798,6.431081638,6.431081638,6.431081638,6.43108163806,6.43108163806,6.43108163806,6.43108163806,6.4310816381,6.4310816381,6.431081638,6.4310816384,6.4310816386,6.43108163858,6.43108163858,6.4310816385,6.4310816385,6.4310816385,6.4310816385,6.4310816385,6.4310816386,6.4310816386,6.4310816385,6.4310816385,6.431081638146,6.431081638146,6.431081638146,6.4310816382,1.6631971974,0,1.33130381158,1.33130381158,2.6906264731,2.69062647303,2.69062647303,3.8555364884,3.8555364882,3.8555364882,3.8555364882,8.34921198767,8.34921198767,8.34921198767,8.34921198767,8.3492119876,8.349211988,8.349211988,8.3492119877,8.3492119877,8.3492119875,8.3492119875,8.3492119875,8.3492119875,8.3492119875,8.3492119875,8.3492119875,8.3492119874,8.3492119874,8.3492119879,8.3492119874,8.3492119874,8.3492119874,8.3492119874,8.34921198749,8.3492119875,8.3492119875,8.3492119879,8.3492119879,8.34921198762,8.34921198762,8.34921198762,8.34921198752,8.34921198752,8.34921198752,8.34921198752,8.3492119875,8.34921198752,8.34921198752,8.3492119875,8.349211987527,8.349211987527,8.349211987427,8.349211987727,8.3492119875,8.3492119875,8.34921198752,8.34921198752,8.34921198752,8.34921198762,8.34921198762,8.34921198752,8.34921198752,8.34921198732
"t91",6.43108163798,6.43108163803,6.43108163803,6.43108163798,6.43108163798,6.43108163794,6.43108163794,6.43108163796,6.43108163796,6.43108163798,6.43108163798,6.43108163798,6.43108163804,6.43108163804,6.43108163804,6.43108163804,6.43108163808,6.43108163808,6.43108163798,6.43108163838,6.43108163858,6.43108163856,6.43108163856,6.43108163848,6.43108163848,6.43108163848,6.43108163848,6.43108163848,6.43108163858,6.43108163858,6.43108163848,6.43108163848,6.431081638126,6.431081638126,6.431081638126,6.43108163818,1.66319719738,1.33130381158,0,0.12069322696,2.69062647308,2.69062647301,2.69062647301,3.85553648838,3.85553648818,3.85553648818,3.85553648818,8.34921198765,8.34921198765,8.34921198765,8.34921198765,8.34921198758,8.34921198798,8.34921198798,8.34921198768,8.34921198768,8.34921198748,8.34921198748,8.34921198748,8.34921198748,8.34921198748,8.34921198748,8.34921198748,8.34921198738,8.34921198738,8.34921198788,8.34921198738,8.34921198738,8.34921198738,8.34921198738,8.34921198747,8.34921198748,8.34921198748,8.34921198788,8.34921198788,8.3492119876,8.3492119876,8.3492119876,8.3492119875,8.3492119875,8.3492119875,8.3492119875,8.34921198748,8.3492119875,8.3492119875,8.34921198748,8.349211987507,8.349211987507,8.349211987407,8.349211987707,8.34921198748,8.34921198748,8.3492119875,8.3492119875,8.3492119875,8.3492119876,8.3492119876,8.3492119875,8.3492119875,8.3492119873
"t92",6.43108163798,6.43108163803,6.43108163803,6.43108163798,6.43108163798,6.43108163794,6.43108163794,6.43108163796,6.43108163796,6.43108163798,6.43108163798,6.43108163798,6.43108163804,6.43108163804,6.43108163804,6.43108163804,6.43108163808,6.43108163808,6.43108163798,6.43108163838,6.43108163858,6.43108163856,6.43108163856,6.43108163848,6.43108163848,6.43108163848,6.43108163848,6.43108163848,6.43108163858,6.43108163858,6.43108163848,6.43108163848,6.431081638126,6.431081638126,6.431081638126,6.43108163818,1.66319719738,1.33130381158,0.12069322696,0,2.69062647308,2.69062647301,2.69062647301,3.85553648838,3.85553648818,3.85553648818,3.85553648818,8.34921198765,8.34921198765,8.34921198765,8.34921198765,8.34921198758,8.34921198798,8.34921198798,8.34921198768,8.34921198768,8.34921198748,8.34921198748,8.34921198748,8.34921198748,8.34921198748,8.34921198748,8.34921198748,8.34921198738,8.34921198738,8.34921198788,8.34921198738,8.34921198738,8.34921198738,8.34921198738,8.34921198747,8.34921198748,8.34921198748,8.34921198788,8.34921198788,8.3492119876,8.3492119876,8.3492119876,8.3492119875,8.3492119875,8.3492119875,8.3492119875,8.34921198748,8.3492119875,8.3492119875,8.34921198748,8.349211987507,8.349211987507,8.349211987407,8.349211987707,8.34921198748,8.34921198748,8.3492119875,8.3492119875,8.3492119875,8.3492119876,8.3492119876,8.3492119875,8.3492119875,8.3492119873
"t42",6.4310816381,6.43108163815,6.43108163815,6.4310816381,6.4310816381,6.43108163806,6.43108163806,6.43108163808,6.43108163808,6.4310816381,6.4310816381,6.4310816381,6.43108163816,6.43108163816,6.43108163816,6.43108163816,6.4310816382,6.4310816382,6.4310816381,6.4310816385,6.4310816387,6.43108163868,6.43108163868,6.4310816386,6.4310816386,6.4310816386,6.4310816386,6.4310816386,6.4310816387,6.4310816387,6.4310816386,6.4310816386,6.431081638246,6.431081638246,6.431081638246,6.4310816383,2.6906264731,2.6906264731,2.69062647308,2.69062647308,0,0.90400371853,0.90400371853,3.8555364885,3.8555364883,3.8555364883,3.8555364883,8.34921198777,8.34921198777,8.34921198777,8.34921198777,8.3492119877,8.3492119881,8.3492119881,8.3492119878,8.3492119878,8.3492119876,8.3492119876,8.3492119876,8.3492119876,8.3492119876,8.3492119876,8.3492119876,8.3492119875,8.3492119875,8.349211988,8.3492119875,8.3492119875,8.3492119875,8.3492119875,8.34921198759,8.3492119876,8.3492119876,8.349211988,8.349211988,8.34921198772,8.34921198772,8.34921198772,8.34921198762,8.34921198762,8.34921198762,8.34921198762,8.3492119876,8.34921198762,8.34921198762,8.3492119876,8.349211987627,8.349211987627,8.349211987527,8.349211987827,8.3492119876,8.3492119876,8.34921198762,8.34921198762,8.34921198762,8.34921198772,8.34921198772,8.34921198762,8.34921198762,8.34921198742
"t89",6.43108163803,6.43108163808,6.43108163808,6.43108163803,6.43108163803,6.43108163799,6.43108163799,6.43108163801,6.43108163801,6.43108163803,6.43108163803,6.43108163803,6.43108163809,6.43108163809,6.43108163809,6.43108163809,6.43108163813,6.43108163813,6.43108163803,6.43108163843,6.43108163863,6.43108163861,6.43108163861,6.43108163853,6.43108163853,6.43108163853,6.43108163853,6.43108163853,6.43108163863,6.43108163863,6.43108163853,6.43108163853,6.431081638176,6.431081638176,6.431081638176,6.43108163823,2.69062647303,2.69062647303,2.69062647301,2.69062647301,0.90400371853,0,0.13250791266,3.85553648843,3.85553648823,3.85553648823,3.85553648823,8.3492119877,8.3492119877,8.3492119877,8.3492119877,8.34921198763,8.34921198803,8.34921198803,8.34921198773,8.34921198773,8.34921198753,8.34921198753,8.34921198753,8.34921198753,8.34921198753,8.34921198753,8.34921198753,8.34921198743,8.34921198743,8.34921198793,8.34921198743,8.34921198743,8.34921198743,8.34921198743,8.34921198752,8.34921198753,8.34921198753,8.34921198793,8.34921198793,8.34921198765,8.34921198765,8.34921198765,8.34921198755,8.34921198755,8.34921198755,8.34921198755,8.34921198753,8.34921198755,8.34921198755,8.34921198753,8.349211987557,8.349211987557,8.349211987457,8.349211987757,8.34921198753,8.34921198753,8.34921198755,8.34921198755,8.34921198755,8.34921198765,8.34921198765,8.34921198755,8.34921198755,8.34921198735
"t90",6.43108163803,6.43108163808,6.43108163808,6.43108163803,6.43108163803,6.43108163799,6.43108163799,6.43108163801,6.43108163801,6.43108163803,6.43108163803,6.43108163803,6.43108163809,6.43108163809,6.43108163809,6.43108163809,6.43108163813,6.43108163813,6.43108163803,6.43108163843,6.43108163863,6.43108163861,6.43108163861,6.43108163853,6.43108163853,6.43108163853,6.43108163853,6.43108163853,6.43108163863,6.43108163863,6.43108163853,6.43108163853,6.431081638176,6.431081638176,6.431081638176,6.43108163823,2.69062647303,2.69062647303,2.69062647301,2.69062647301,0.90400371853,0.13250791266,0,3.85553648843,3.85553648823,3.85553648823,3.85553648823,8.3492119877,8.3492119877,8.3492119877,8.3492119877,8.34921198763,8.34921198803,8.34921198803,8.34921198773,8.34921198773,8.34921198753,8.34921198753,8.34921198753,8.34921198753,8.34921198753,8.34921198753,8.34921198753,8.34921198743,8.34921198743,8.34921198793,8.34921198743,8.34921198743,8.34921198743,8.34921198743,8.34921198752,8.34921198753,8.34921198753,8.34921198793,8.34921198793,8.34921198765,8.34921198765,8.34921198765,8.34921198755,8.34921198755,8.34921198755,8.34921198755,8.34921198753,8.34921198755,8.34921198755,8.34921198753,8.349211987557,8.349211987557,8.349211987457,8.349211987757,8.34921198753,8.34921198753,8.34921198755,8.34921198755,8.34921198755,8.34921198765,8.34921198765,8.34921198755,8.34921198755,8.34921198735
"t7",6.4310816382,6.43108163825,6.43108163825,6.4310816382,6.4310816382,6.43108163816,6.43108163816,6.43108163818,6.43108163818,6.4310816382,6.4310816382,6.4310816382,6.43108163826,6.43108163826,6.43108163826,6.43108163826,6.4310816383,6.4310816383,6.4310816382,6.4310816386,6.4310816388,6.43108163878,6.43108163878,6.4310816387,6.4310816387,6.4310816387,6.4310816387,6.4310816387,6.4310816388,6.4310816388,6.4310816387,6.4310816387,6.431081638346,6.431081638346,6.431081638346,6.4310816384,3.8555364884,3.8555364884,3.85553648838,3.85553648838,3.8555364885,3.85553648843,3.85553648843,0,2.3545193838,2.3545193838,2.3545193838,8.34921198787,8.34921198787,8.34921198787,8.34921198787,8.3492119878,8.3492119882,8.3492119882,8.3492119879,8.3492119879,8.3492119877,8.3492119877,8.3492119877,8.3492119877,8.3492119877,8.3492119877,8.3492119877,8.3492119876,8.3492119876,8.3492119881,8.3492119876,8.3492119876,8.3492119876,8.3492119876,8.34921198769,8.3492119877,8.3492119877,8.3492119881,8.3492119881,8.34921198782,8.34921198782,8.34921198782,8.34921198772,8.34921198772,8.34921198772,8.34921198772,8.3492119877,8.34921198772,8.34921198772,8.3492119877,8.349211987727,8.349211987727,8.349211987627,8.349211987927,8.3492119877,8.3492119877,8.34921198772,8.34921198772,8.34921198772,8.34921198782,8.34921198782,8.34921198772,8.34921198772,8.34921198752
"t14",6.431081638,6.43108163805,6.43108163805,6.431081638,6.431081638,6.43108163796,6.43108163796,6.43108163798,6.43108163798,6.431081638,6.431081638,6.431081638,6.43108163806,6.43108163806,6.43108163806,6.43108163806,6.4310816381,6.4310816381,6.431081638,6.4310816384,6.4310816386,6.43108163858,6.43108163858,6.4310816385,6.4310816385,6.4310816385,6.4310816385,6.4310816385,6.4310816386,6.4310816386,6.4310816385,6.4310816385,6.431081638146,6.431081638146,6.431081638146,6.4310816382,3.8555364882,3.8555364882,3.85553648818,3.85553648818,3.8555364883,3.85553648823,3.85553648823,2.3545193838,0,1.9210130728,1.9210130728,8.34921198767,8.34921198767,8.34921198767,8.34921198767,8.3492119876,8.349211988,8.349211988,8.3492119877,8.3492119877,8.3492119875,8.3492119875,8.3492119875,8.3492119875,8.3492119875,8.3492119875,8.3492119875,8.3492119874,8.3492119874,8.3492119879,8.3492119874,8.3492119874,8.3492119874,8.3492119874,8.34921198749,8.3492119875,8.3492119875,8.3492119879,8.3492119879,8.34921198762,8.34921198762,8.34921198762,8.34921198752,8.34921198752,8.34921198752,8.34921198752,8.3492119875,8.34921198752,8.34921198752,8.3492119875,8.349211987527,8.349211987527,8.349211987427,8.349211987727,8.3492119875,8.3492119875,8.34921198752,8.34921198752,8.34921198752,8.34921198762,8.34921198762,8.34921198752,8.34921198752,8.34921198732
"t45",6.431081638,6.43108163805,6.43108163805,6.431081638,6.431081638,6.43108163796,6.43108163796,6.43108163798,6.43108163798,6.431081638,6.431081638,6.431081638,6.43108163806,6.43108163806,6.43108163806,6.43108163806,6.4310816381,6.4310816381,6.431081638,6.4310816384,6.4310816386,6.43108163858,6.43108163858,6.4310816385,6.4310816385,6.4310816385,6.4310816385,6.4310816385,6.4310816386,6.4310816386,6.4310816385,6.4310816385,6.431081638146,6.431081638146,6.431081638146,6.4310816382,3.8555364882,3.8555364882,3.85553648818,3.85553648818,3.8555364883,3.85553648823,3.85553648823,2.3545193838,1.9210130728,0,0.8176091214,8.34921198767,8.34921198767,8.34921198767,8.34921198767,8.3492119876,8.349211988,8.349211988,8.3492119877,8.3492119877,8.3492119875,8.3492119875,8.3492119875,8.3492119875,8.3492119875,8.3492119875,8.3492119875,8.3492119874,8.3492119874,8.3492119879,8.3492119874,8.3492119874,8.3492119874,8.3492119874,8.34921198749,8.3492119875,8.3492119875,8.3492119879,8.3492119879,8.34921198762,8.34921198762,8.34921198762,8.34921198752,8.34921198752,8.34921198752,8.34921198752,8.3492119875,8.34921198752,8.34921198752,8.3492119875,8.349211987527,8.349211987527,8.349211987427,8.349211987727,8.3492119875,8.3492119875,8.34921198752,8.34921198752,8.34921198752,8.34921198762,8.34921198762,8.34921198752,8.34921198752,8.34921198732
"t46",6.431081638,6.43108163805,6.43108163805,6.431081638,6.431081638,6.43108163796,6.43108163796,6.43108163798,6.43108163798,6.431081638,6.431081638,6.431081638,6.43108163806,6.43108163806,6.43108163806,6.43108163806,6.4310816381,6.4310816381,6.431081638,6.4310816384,6.4310816386,6.43108163858,6.43108163858,6.4310816385,6.4310816385,6.4310816385,6.4310816385,6.4310816385,6.4310816386,6.4310816386,6.4310816385,6.4310816385,6.431081638146,6.431081638146,6.431081638146,6.4310816382,3.8555364882,3.8555364882,3.85553648818,3.85553648818,3.8555364883,3.85553648823,3.85553648823,2.3545193838,1.9210130728,0.8176091214,0,8.34921198767,8.34921198767,8.34921198767,8.34921198767,8.3492119876,8.349211988,8.349211988,8.3492119877,8.3492119877,8.3492119875,8.3492119875,8.3492119875,8.3492119875,8.3492119875,8.3492119875,8.3492119875,8.3492119874,8.3492119874,8.3492119879,8.3492119874,8.3492119874,8.3492119874,8.3492119874,8.34921198749,8.3492119875,8.3492119875,8.3492119879,8.3492119879,8.34921198762,8.34921198762,8.34921198762,8.34921198752,8.34921198752,8.34921198752,8.34921198752,8.3492119875,8.34921198752,8.34921198752,8.3492119875,8.349211987527,8.349211987527,8.349211987427,8.349211987727,8.3492119875,8.3492119875,8.34921198752,8.34921198752,8.34921198752,8.34921198762,8.34921198762,8.34921198752,8.34921198752,8.34921198732
"t58",8.34921198747,8.34921198752,8.34921198752,8.34921198747,8.34921198747,8.34921198743,8.34921198743,8.34921198745,8.34921198745,8.34921198747,8.34921198747,8.34921198747,8.34921198753,8.34921198753,8.34921198753,8.34921198753,8.34921198757,8.34921198757,8.34921198747,8.34921198787,8.34921198807,8.34921198805,8.34921198805,8.34921198797,8.34921198797,8.34921198797,8.34921198797,8.34921198797,8.34921198807,8.34921198807,8.34921198797,8.34921198797,8.349211987616,8.349211987616,8.349211987616,8.34921198767,8.34921198767,8.34921198767,8.34921198765,8.34921198765,8.34921198777,8.3492119877,8.3492119877,8.34921198787,8.34921198767,8.34921198767,8.34921198767,0,0.6511325438,1.3063093492,1.3063093492,1.37352676247,3.98400488687,3.98400488687,4.82706075197,4.82706075197,5.83260649977,5.83260649977,5.83260649977,5.83260649977,5.83260649977,5.83260649977,5.83260649977,5.83260649967,5.83260649967,5.83260650017,5.83260649967,5.83260649967,5.83260649967,5.83260649967,5.83260649976,5.83260649977,5.83260649977,5.83260650017,5.83260650017,5.83260649989,5.83260649989,5.83260649989,5.83260649979,5.83260649979,5.83260649979,5.83260649979,5.83260649977,5.83260649979,5.83260649979,5.83260649977,5.832606499797,5.832606499797,5.832606499697,5.832606499997,5.83260649977,5.83260649977,5.83260649979,5.83260649979,5.83260649979,5.83260649989,5.83260649989,5.83260649979,5.83260649979,5.83260649959
"t59",8.34921198747,8.34921198752,8.34921198752,8.34921198747,8.34921198747,8.34921198743,8.34921198743,8.34921198745,8.34921198745,8.34921198747,8.34921198747,8.34921198747,8.34921198753,8.34921198753,8.34921198753,8.34921198753,8.34921198757,8.34921198757,8.34921198747,8.34921198787,8.34921198807,8.34921198805,8.34921198805,8.34921198797,8.34921198797,8.34921198797,8.34921198797,8.34921198797,8.34921198807,8.34921198807,8.34921198797,8.34921198797,8.349211987616,8.349211987616,8.349211987616,8.34921198767,8.34921198767,8.34921198767,8.34921198765,8.34921198765,8.34921198777,8.3492119877,8.3492119877,8.34921198787,8.34921198767,8.34921198767,8.34921198767,0.6511325438,0,1.3063093492,1.3063093492,1.37352676247,3.98400488687,3.98400488687,4.82706075197,4.82706075197,5.83260649977,5.83260649977,5.83260649977,5.83260649977,5.83260649977,5.83260649977,5.83260649977,5.83260649967,5.83260649967,5.83260650017,5.83260649967,5.83260649967,5.83260649967,5.83260649967,5.83260649976,5.83260649977,5.83260649977,5.83260650017,5.83260650017,5.83260649989,5.83260649989,5.83260649989,5.83260649979,5.83260649979,5.83260649979,5.83260649979,5.83260649977,5.83260649979,5.83260649979,5.83260649977,5.832606499797,5.832606499797,5.832606499697,5.832606499997,5.83260649977,5.83260649977,5.83260649979,5.83260649979,5.83260649979,5.83260649989,5.83260649989,5.83260649979,5.83260649979,5.83260649959
"t43",8.34921198747,8.34921198752,8.34921198752,8.34921198747,8.34921198747,8.34921198743,8.34921198743,8.34921198745,8.34921198745,8.34921198747,8.34921198747,8.34921198747,8.34921198753,8.34921198753,8.34921198753,8.34921198753,8.34921198757,8.34921198757,8.34921198747,8.34921198787,8.34921198807,8.34921198805,8.34921198805,8.34921198797,8.34921198797,8.34921198797,8.34921198797,8.34921198797,8.34921198807,8.34921198807,8.34921198797,8.34921198797,8.349211987616,8.349211987616,8.349211987616,8.34921198767,8.34921198767,8.34921198767,8.34921198765,8.34921198765,8.34921198777,8.3492119877,8.3492119877,8.34921198787,8.34921198767,8.34921198767,8.34921198767,1.3063093492,1.3063093492,0,0.8933610904,1.37352676247,3.98400488687,3.98400488687,4.82706075197,4.82706075197,5.83260649977,5.83260649977,5.83260649977,5.83260649977,5.83260649977,5.83260649977,5.83260649977,5.83260649967,5.83260649967,5.83260650017,5.83260649967,5.83260649967,5.83260649967,5.83260649967,5.83260649976,5.83260649977,5.83260649977,5.83260650017,5.83260650017,5.83260649989,5.83260649989,5.83260649989,5.83260649979,5.83260649979,5.83260649979,5.83260649979,5.83260649977,5.83260649979,5.83260649979,5.83260649977,5.832606499797,5.832606499797,5.832606499697,5.832606499997,5.83260649977,5.83260649977,5.83260649979,5.83260649979,5.83260649979,5.83260649989,5.83260649989,5.83260649979,5.83260649979,5.83260649959
"t44",8.34921198747,8.34921198752,8.34921198752,8.34921198747,8.34921198747,8.34921198743,8.34921198743,8.34921198745,8.34921198745,8.34921198747,8.34921198747,8.34921198747,8.34921198753,8.34921198753,8.34921198753,8.34921198753,8.34921198757,8.34921198757,8.34921198747,8.34921198787,8.34921198807,8.34921198805,8.34921198805,8.34921198797,8.34921198797,8.34921198797,8.34921198797,8.34921198797,8.34921198807,8.34921198807,8.34921198797,8.34921198797,8.349211987616,8.349211987616,8.349211987616,8.34921198767,8.34921198767,8.34921198767,8.34921198765,8.34921198765,8.34921198777,8.3492119877,8.3492119877,8.34921198787,8.34921198767,8.34921198767,8.34921198767,1.3063093492,1.3063093492,0.8933610904,0,1.37352676247,3.98400488687,3.98400488687,4.82706075197,4.82706075197,5.83260649977,5.83260649977,5.83260649977,5.83260649977,5.83260649977,5.83260649977,5.83260649977,5.83260649967,5.83260649967,5.83260650017,5.83260649967,5.83260649967,5.83260649967,5.83260649967,5.83260649976,5.83260649977,5.83260649977,5.83260650017,5.83260650017,5.83260649989,5.83260649989,5.83260649989,5.83260649979,5.83260649979,5.83260649979,5.83260649979,5.83260649977,5.83260649979,5.83260649979,5.83260649977,5.832606499797,5.832606499797,5.832606499697,5.832606499997,5.83260649977,5.83260649977,5.83260649979,5.83260649979,5.83260649979,5.83260649989,5.83260649989,5.83260649979,5.83260649979,5.83260649959
"t23",8.3492119874,8.34921198745,8.34921198745,8.3492119874,8.3492119874,8.34921198736,8.34921198736,8.34921198738,8.34921198738,8.3492119874,8.3492119874,8.3492119874,8.34921198746,8.34921198746,8.34921198746,8.34921198746,8.3492119875,8.3492119875,8.3492119874,8.3492119878,8.349211988,8.34921198798,8.34921198798,8.3492119879,8.3492119879,8.3492119879,8.3492119879,8.3492119879,8.349211988,8.349211988,8.3492119879,8.3492119879,8.349211987546,8.349211987546,8.349211987546,8.3492119876,8.3492119876,8.3492119876,8.34921198758,8.34921198758,8.3492119877,8.34921198763,8.34921198763,8.3492119878,8.3492119876,8.3492119876,8.3492119876,1.37352676247,1.37352676247,1.37352676247,1.37352676247,0,3.9840048868,3.9840048868,4.8270607519,4.8270607519,5.8326064997,5.8326064997,5.8326064997,5.8326064997,5.8326064997,5.8326064997,5.8326064997,5.8326064996,5.8326064996,5.8326065001,5.8326064996,5.8326064996,5.8326064996,5.8326064996,5.83260649969,5.8326064997,5.8326064997,5.8326065001,5.8326065001,5.83260649982,5.83260649982,5.83260649982,5.83260649972,5.83260649972,5.83260649972,5.83260649972,5.8326064997,5.83260649972,5.83260649972,5.8326064997,5.832606499727,5.832606499727,5.832606499627,5.832606499927,5.8326064997,5.8326064997,5.83260649972,5.83260649972,5.83260649972,5.83260649982,5.83260649982,5.83260649972,5.83260649972,5.83260649952
"t3",8.3492119878,8.34921198785,8.34921198785,8.3492119878,8.3492119878,8.34921198776,8.34921198776,8.34921198778,8.34921198778,8.3492119878,8.3492119878,8.3492119878,8.34921198786,8.34921198786,8.34921198786,8.34921198786,8.3492119879,8.3492119879,8.3492119878,8.3492119882,8.3492119884,8.34921198838,8.34921198838,8.3492119883,8.3492119883,8.3492119883,8.3492119883,8.3492119883,8.3492119884,8.3492119884,8.3492119883,8.3492119883,8.349211987946,8.349211987946,8.349211987946,8.349211988,8.349211988,8.349211988,8.34921198798,8.34921198798,8.3492119881,8.34921198803,8.34921198803,8.3492119882,8.349211988,8.349211988,8.349211988,3.98400488687,3.98400488687,3.98400488687,3.98400488687,3.9840048868,0,2.619068894,4.8270607523,4.8270607523,5.8326065001,5.8326065001,5.8326065001,5.8326065001,5.8326065001,5.8326065001,5.8326065001,5.8326065,5.8326065,5.8326065005,5.8326065,5.8326065,5.8326065,5.8326065,5.83260650009,5.8326065001,5.8326065001,5.8326065005,5.8326065005,5.83260650022,5.83260650022,5.83260650022,5.83260650012,5.83260650012,5.83260650012,5.83260650012,5.8326065001,5.83260650012,5.83260650012,5.8326065001,5.832606500127,5.832606500127,5.832606500027,5.832606500327,5.8326065001,5.8326065001,5.83260650012,5.83260650012,5.83260650012,5.83260650022,5.83260650022,5.83260650012,5.83260650012,5.83260649992
"t4",8.3492119878,8.34921198785,8.34921198785,8.3492119878,8.3492119878,8.34921198776,8.34921198776,8.34921198778,8.34921198778,8.3492119878,8.3492119878,8.3492119878,8.34921198786,8.34921198786,8.34921198786,8.34921198786,8.3492119879,8.3492119879,8.3492119878,8.3492119882,8.3492119884,8.34921198838,8.34921198838,8.3492119883,8.3492119883,8.3492119883,8.3492119883,8.3492119883,8.3492119884,8.3492119884,8.3492119883,8.3492119883,8.349211987946,8.349211987946,8.349211987946,8.349211988,8.349211988,8.349211988,8.34921198798,8.34921198798,8.3492119881,8.34921198803,8.34921198803,8.3492119882,8.349211988,8.349211988,8.349211988,3.98400488687,3.98400488687,3.98400488687,3.98400488687,3.9840048868,2.619068894,0,4.8270607523,4.8270607523,5.8326065001,5.8326065001,5.8326065001,5.8326065001,5.8326065001,5.8326065001,5.8326065001,5.8326065,5.8326065,5.8326065005,5.8326065,5.8326065,5.8326065,5.8326065,5.83260650009,5.8326065001,5.8326065001,5.8326065005,5.8326065005,5.83260650022,5.83260650022,5.83260650022,5.83260650012,5.83260650012,5.83260650012,5.83260650012,5.8326065001,5.83260650012,5.83260650012,5.8326065001,5.832606500127,5.832606500127,5.832606500027,5.832606500327,5.8326065001,5.8326065001,5.83260650012,5.83260650012,5.83260650012,5.83260650022,5.83260650022,5.83260650012,5.83260650012,5.83260649992
"t11",8.3492119875,8.34921198755,8.34921198755,8.3492119875,8.3492119875,8.34921198746,8.34921198746,8.34921198748,8.34921198748,8.3492119875,8.3492119875,8.3492119875,8.34921198756,8.34921198756,8.34921198756,8.34921198756,8.3492119876,8.3492119876,8.3492119875,8.3492119879,8.3492119881,8.34921198808,8.34921198808,8.349211988,8.349211988,8.349211988,8.349211988,8.349211988,8.3492119881,8.3492119881,8.349211988,8.349211988,8.349211987646,8.349211987646,8.349211987646,8.3492119877,8.3492119877,8.3492119877,8.34921198768,8.34921198768,8.3492119878,8.34921198773,8.34921198773,8.3492119879,8.3492119877,8.3492119877,8.3492119877,4.82706075197,4.82706075197,4.82706075197,4.82706075197,4.8270607519,4.8270607523,4.8270607523,0,2.137476604,5.8326064998,5.8326064998,5.8326064998,5.8326064998,5.8326064998,5.8326064998,5.8326064998,5.8326064997,5.8326064997,5.8326065002,5.8326064997,5.8326064997,5.8326064997,5.8326064997,5.83260649979,5.8326064998,5.8326064998,5.8326065002,5.8326065002,5.83260649992,5.83260649992,5.83260649992,5.83260649982,5.83260649982,5.83260649982,5.83260649982,5.8326064998,5.83260649982,5.83260649982,5.8326064998,5.832606499827,5.832606499827,5.832606499727,5.832606500027,5.8326064998,5.8326064998,5.83260649982,5.83260649982,5.83260649982,5.83260649992,5.83260649992,5.83260649982,5.83260649982,5.83260649962
"t12",8.3492119875,8.34921198755,8.34921198755,8.3492119875,8.3492119875,8.34921198746,8.34921198746,8.34921198748,8.34921198748,8.3492119875,8.3492119875,8.3492119875,8.34921198756,8.34921198756,8.34921198756,8.34921198756,8.3492119876,8.3492119876,8.3492119875,8.3492119879,8.3492119881,8.34921198808,8.34921198808,8.349211988,8.349211988,8.349211988,8.349211988,8.349211988,8.3492119881,8.3492119881,8.349211988,8.349211988,8.349211987646,8.349211987646,8.349211987646,8.3492119877,8.3492119877,8.3492119877,8.34921198768,8.34921198768,8.3492119878,8.34921198773,8.34921198773,8.3492119879,8.3492119877,8.3492119877,8.3492119877,4.82706075197,4.82706075197,4.82706075197,4.82706075197,4.8270607519,4.8270607523,4.8270607523,2.137476604,0,5.8326064998,5.8326064998,5.8326064998,5.8326064998,5.8326064998,5.8326064998,5.8326064998,5.8326064997,5.8326064997,5.8326065002,5.8326064997,5.8326064997,5.8326064997,5.8326064997,5.83260649979,5.8326064998,5.8326064998,5.8326065002,5.8326065002,5.83260649992,5.83260649992,5.83260649992,5.83260649982,5.83260649982,5.83260649982,5.83260649982,5.8326064998,5.83260649982,5.83260649982,5.8326064998,5.832606499827,5.832606499827,5.832606499727,5.832606500027,5.8326064998,5.8326064998,5.83260649982,5.83260649982,5.83260649982,5.83260649992,5.83260649992,5.83260649982,5.83260649982,5.83260649962
"t62",8.3492119873,8.34921198735,8.34921198735,8.3492119873,8.3492119873,8.34921198726,8.34921198726,8.34921198728,8.34921198728,8.3492119873,8.3492119873,8.3492119873,8.34921198736,8.34921198736,8.34921198736,8.34921198736,8.3492119874,8.3492119874,8.3492119873,8.3492119877,8.3492119879,8.34921198788,8.34921198788,8.3492119878,8.3492119878,8.3492119878,8.3492119878,8.3492119878,8.3492119879,8.3492119879,8.3492119878,8.3492119878,8.349211987446,8.349211987446,8.349211987446,8.3492119875,8.3492119875,8.3492119875,8.34921198748,8.34921198748,8.3492119876,8.34921198753,8.34921198753,8.3492119877,8.3492119875,8.3492119875,8.3492119875,5.83260649977,5.83260649977,5.83260649977,5.83260649977,5.8326064997,5.8326065001,5.8326065001,5.8326064998,5.8326064998,0,0.578002742,0.578002742,2.1730021502,2.1730021502,2.1730021502,2.1730021502,2.1730021501,2.1730021501,2.5648331016,3.3807009969,3.3807009969,3.3807009969,3.3807009969,3.38070099699,3.380700997,3.380700997,3.3807009974,3.3807009974,3.95868388572,3.95868388572,3.95868388572,3.95868388562,3.95868388562,3.95868388562,3.95868388562,3.9586838856,3.95868388562,3.95868388562,3.9586838856,3.958683885627,3.958683885627,3.958683885527,3.958683885827,3.9586838856,3.9586838856,3.95868388562,3.95868388562,3.95868388562,3.95868388572,3.95868388572,3.95868388562,3.95868388562,3.95868388542
"t67",8.3492119873,8.34921198735,8.34921198735,8.3492119873,8.3492119873,8.34921198726,8.34921198726,8.34921198728,8.34921198728,8.3492119873,8.3492119873,8.3492119873,8.34921198736,8.34921198736,8.34921198736,8.34921198736,8.3492119874,8.3492119874,8.3492119873,8.3492119877,8.3492119879,8.34921198788,8.34921198788,8.3492119878,8.3492119878,8.3492119878,8.3492119878,8.3492119878,8.3492119879,8.3492119879,8.3492119878,8.3492119878,8.349211987446,8.349211987446,8.349211987446,8.3492119875,8.3492119875,8.3492119875,8.34921198748,8.34921198748,8.3492119876,8.34921198753,8.34921198753,8.3492119877,8.3492119875,8.3492119875,8.3492119875,5.83260649977,5.83260649977,5.83260649977,5.83260649977,5.8326064997,5.8326065001,5.8326065001,5.8326064998,5.8326064998,0.578002742,0,0.4770755102,2.1730021502,2.1730021502,2.1730021502,2.1730021502,2.1730021501,2.1730021501,2.5648331016,3.3807009969,3.3807009969,3.3807009969,3.3807009969,3.38070099699,3.380700997,3.380700997,3.3807009974,3.3807009974,3.95868388572,3.95868388572,3.95868388572,3.95868388562,3.95868388562,3.95868388562,3.95868388562,3.9586838856,3.95868388562,3.95868388562,3.9586838856,3.958683885627,3.958683885627,3.958683885527,3.958683885827,3.9586838856,3.9586838856,3.95868388562,3.95868388562,3.95868388562,3.95868388572,3.95868388572,3.95868388562,3.95868388562,3.95868388542
"t68",8.3492119873,8.34921198735,8.34921198735,8.3492119873,8.3492119873,8.34921198726,8.34921198726,8.34921198728,8.34921198728,8.3492119873,8.3492119873,8.3492119873,8.34921198736,8.34921198736,8.34921198736,8.34921198736,8.3492119874,8.3492119874,8.3492119873,8.3492119877,8.3492119879,8.34921198788,8.34921198788,8.3492119878,8.3492119878,8.3492119878,8.3492119878,8.3492119878,8.3492119879,8.3492119879,8.3492119878,8.3492119878,8.349211987446,8.349211987446,8.349211987446,8.3492119875,8.3492119875,8.3492119875,8.34921198748,8.34921198748,8.3492119876,8.34921198753,8.34921198753,8.3492119877,8.3492119875,8.3492119875,8.3492119875,5.83260649977,5.83260649977,5.83260649977,5.83260649977,5.8326064997,5.8326065001,5.8326065001,5.8326064998,5.8326064998,0.578002742,0.4770755102,0,2.1730021502,2.1730021502,2.1730021502,2.1730021502,2.1730021501,2.1730021501,2.5648331016,3.3807009969,3.3807009969,3.3807009969,3.3807009969,3.38070099699,3.380700997,3.380700997,3.3807009974,3.3807009974,3.95868388572,3.95868388572,3.95868388572,3.95868388562,3.95868388562,3.95868388562,3.95868388562,3.9586838856,3.95868388562,3.95868388562,3.9586838856,3.958683885627,3.958683885627,3.958683885527,3.958683885827,3.9586838856,3.9586838856,3.95868388562,3.95868388562,3.95868388562,3.95868388572,3.95868388572,3.95868388562,3.95868388562,3.95868388542
"t65",8.3492119873,8.34921198735,8.34921198735,8.3492119873,8.3492119873,8.34921198726,8.34921198726,8.34921198728,8.34921198728,8.3492119873,8.3492119873,8.3492119873,8.34921198736,8.34921198736,8.34921198736,8.34921198736,8.3492119874,8.3492119874,8.3492119873,8.3492119877,8.3492119879,8.34921198788,8.34921198788,8.3492119878,8.3492119878,8.3492119878,8.3492119878,8.3492119878,8.3492119879,8.3492119879,8.3492119878,8.3492119878,8.349211987446,8.349211987446,8.349211987446,8.3492119875,8.3492119875,8.3492119875,8.34921198748,8.34921198748,8.3492119876,8.34921198753,8.34921198753,8.3492119877,8.3492119875,8.3492119875,8.3492119875,5.83260649977,5.83260649977,5.83260649977,5.83260649977,5.8326064997,5.8326065001,5.8326065001,5.8326064998,5.8326064998,2.1730021502,2.1730021502,2.1730021502,0,0.478059135,0.9543554278,0.9543554278,1.8071783263,1.8071783263,2.5648331016,3.3807009969,3.3807009969,3.3807009969,3.3807009969,3.38070099699,3.380700997,3.380700997,3.3807009974,3.3807009974,3.95868388572,3.95868388572,3.95868388572,3.95868388562,3.95868388562,3.95868388562,3.95868388562,3.9586838856,3.95868388562,3.95868388562,3.9586838856,3.958683885627,3.958683885627,3.958683885527,3.958683885827,3.9586838856,3.9586838856,3.95868388562,3.95868388562,3.95868388562,3.95868388572,3.95868388572,3.95868388562,3.95868388562,3.95868388542
"t66",8.3492119873,8.34921198735,8.34921198735,8.3492119873,8.3492119873,8.34921198726,8.34921198726,8.34921198728,8.34921198728,8.3492119873,8.3492119873,8.3492119873,8.34921198736,8.34921198736,8.34921198736,8.34921198736,8.3492119874,8.3492119874,8.3492119873,8.3492119877,8.3492119879,8.34921198788,8.34921198788,8.3492119878,8.3492119878,8.3492119878,8.3492119878,8.3492119878,8.3492119879,8.3492119879,8.3492119878,8.3492119878,8.349211987446,8.349211987446,8.349211987446,8.3492119875,8.3492119875,8.3492119875,8.34921198748,8.34921198748,8.3492119876,8.34921198753,8.34921198753,8.3492119877,8.3492119875,8.3492119875,8.3492119875,5.83260649977,5.83260649977,5.83260649977,5.83260649977,5.8326064997,5.8326065001,5.8326065001,5.8326064998,5.8326064998,2.1730021502,2.1730021502,2.1730021502,0.478059135,0,0.9543554278,0.9543554278,1.8071783263,1.8071783263,2.5648331016,3.3807009969,3.3807009969,3.3807009969,3.3807009969,3.38070099699,3.380700997,3.380700997,3.3807009974,3.3807009974,3.95868388572,3.95868388572,3.95868388572,3.95868388562,3.95868388562,3.95868388562,3.95868388562,3.9586838856,3.95868388562,3.95868388562,3.9586838856,3.958683885627,3.958683885627,3.958683885527,3.958683885827,3.9586838856,3.9586838856,3.95868388562,3.95868388562,3.95868388562,3.95868388572,3.95868388572,3.95868388562,3.95868388562,3.95868388542
"t80",8.3492119873,8.34921198735,8.34921198735,8.3492119873,8.3492119873,8.34921198726,8.34921198726,8.34921198728,8.34921198728,8.3492119873,8.3492119873,8.3492119873,8.34921198736,8.34921198736,8.34921198736,8.34921198736,8.3492119874,8.3492119874,8.3492119873,8.3492119877,8.3492119879,8.34921198788,8.34921198788,8.3492119878,8.3492119878,8.3492119878,8.3492119878,8.3492119878,8.3492119879,8.3492119879,8.3492119878,8.3492119878,8.349211987446,8.349211987446,8.349211987446,8.3492119875,8.3492119875,8.3492119875,8.34921198748,8.34921198748,8.3492119876,8.34921198753,8.34921198753,8.3492119877,8.3492119875,8.3492119875,8.3492119875,5.83260649977,5.83260649977,5.83260649977,5.83260649977,5.8326064997,5.8326065001,5.8326065001,5.8326064998,5.8326064998,2.1730021502,2.1730021502,2.1730021502,0.9543554278,0.9543554278,0,0.2226908316,1.8071783263,1.8071783263,2.5648331016,3.3807009969,3.3807009969,3.3807009969,3.3807009969,3.38070099699,3.380700997,3.380700997,3.3807009974,3.3807009974,3.95868388572,3.95868388572,3.95868388572,3.95868388562,3.95868388562,3.95868388562,3.95868388562,3.9586838856,3.95868388562,3.95868388562,3.9586838856,3.958683885627,3.958683885627,3.958683885527,3.958683885827,3.9586838856,3.9586838856,3.95868388562,3.95868388562,3.95868388562,3.95868388572,3.95868388572,3.95868388562,3.95868388562,3.95868388542
"t81",8.3492119873,8.34921198735,8.34921198735,8.3492119873,8.3492119873,8.34921198726,8.34921198726,8.34921198728,8.34921198728,8.3492119873,8.3492119873,8.3492119873,8.34921198736,8.34921198736,8.34921198736,8.34921198736,8.3492119874,8.3492119874,8.3492119873,8.3492119877,8.3492119879,8.34921198788,8.34921198788,8.3492119878,8.3492119878,8.3492119878,8.3492119878,8.3492119878,8.3492119879,8.3492119879,8.3492119878,8.3492119878,8.349211987446,8.349211987446,8.349211987446,8.3492119875,8.3492119875,8.3492119875,8.34921198748,8.34921198748,8.3492119876,8.34921198753,8.34921198753,8.3492119877,8.3492119875,8.3492119875,8.3492119875,5.83260649977,5.83260649977,5.83260649977,5.83260649977,5.8326064997,5.8326065001,5.8326065001,5.8326064998,5.8326064998,2.1730021502,2.1730021502,2.1730021502,0.9543554278,0.9543554278,0.2226908316,0,1.8071783263,1.8071783263,2.5648331016,3.3807009969,3.3807009969,3.3807009969,3.3807009969,3.38070099699,3.380700997,3.380700997,3.3807009974,3.3807009974,3.95868388572,3.95868388572,3.95868388572,3.95868388562,3.95868388562,3.95868388562,3.95868388562,3.9586838856,3.95868388562,3.95868388562,3.9586838856,3.958683885627,3.958683885627,3.958683885527,3.958683885827,3.9586838856,3.9586838856,3.95868388562,3.95868388562,3.95868388562,3.95868388572,3.95868388572,3.95868388562,3.95868388562,3.95868388542
"t24",8.3492119872,8.34921198725,8.34921198725,8.3492119872,8.3492119872,8.34921198716,8.34921198716,8.34921198718,8.34921198718,8.3492119872,8.3492119872,8.3492119872,8.34921198726,8.34921198726,8.34921198726,8.34921198726,8.3492119873,8.3492119873,8.3492119872,8.3492119876,8.3492119878,8.34921198778,8.34921198778,8.3492119877,8.3492119877,8.3492119877,8.3492119877,8.3492119877,8.3492119878,8.3492119878,8.3492119877,8.3492119877,8.349211987346,8.349211987346,8.349211987346,8.3492119874,8.3492119874,8.3492119874,8.34921198738,8.34921198738,8.3492119875,8.34921198743,8.34921198743,8.3492119876,8.3492119874,8.3492119874,8.3492119874,5.83260649967,5.83260649967,5.83260649967,5.83260649967,5.8326064996,5.8326065,5.8326065,5.8326064997,5.8326064997,2.1730021501,2.1730021501,2.1730021501,1.8071783263,1.8071783263,1.8071783263,1.8071783263,0,1.3592204446,2.5648331015,3.3807009968,3.3807009968,3.3807009968,3.3807009968,3.38070099689,3.3807009969,3.3807009969,3.3807009973,3.3807009973,3.95868388562,3.95868388562,3.95868388562,3.95868388552,3.95868388552,3.95868388552,3.95868388552,3.9586838855,3.95868388552,3.95868388552,3.9586838855,3.958683885527,3.958683885527,3.958683885427,3.958683885727,3.9586838855,3.9586838855,3.95868388552,3.95868388552,3.95868388552,3.95868388562,3.95868388562,3.95868388552,3.95868388552,3.95868388532
"t25",8.3492119872,8.34921198725,8.34921198725,8.3492119872,8.3492119872,8.34921198716,8.34921198716,8.34921198718,8.34921198718,8.3492119872,8.3492119872,8.3492119872,8.34921198726,8.34921198726,8.34921198726,8.34921198726,8.3492119873,8.3492119873,8.3492119872,8.3492119876,8.3492119878,8.34921198778,8.34921198778,8.3492119877,8.3492119877,8.3492119877,8.3492119877,8.3492119877,8.3492119878,8.3492119878,8.3492119877,8.3492119877,8.349211987346,8.349211987346,8.349211987346,8.3492119874,8.3492119874,8.3492119874,8.34921198738,8.34921198738,8.3492119875,8.34921198743,8.34921198743,8.3492119876,8.3492119874,8.3492119874,8.3492119874,5.83260649967,5.83260649967,5.83260649967,5.83260649967,5.8326064996,5.8326065,5.8326065,5.8326064997,5.8326064997,2.1730021501,2.1730021501,2.1730021501,1.8071783263,1.8071783263,1.8071783263,1.8071783263,1.3592204446,0,2.5648331015,3.3807009968,3.3807009968,3.3807009968,3.3807009968,3.38070099689,3.3807009969,3.3807009969,3.3807009973,3.3807009973,3.95868388562,3.95868388562,3.95868388562,3.95868388552,3.95868388552,3.95868388552,3.95868388552,3.9586838855,3.95868388552,3.95868388552,3.9586838855,3.958683885527,3.958683885527,3.958683885427,3.958683885727,3.9586838855,3.9586838855,3.95868388552,3.95868388552,3.95868388552,3.95868388562,3.95868388562,3.95868388552,3.95868388552,3.95868388532
"t5",8.3492119877,8.34921198775,8.34921198775,8.3492119877,8.3492119877,8.34921198766,8.34921198766,8.34921198768,8.34921198768,8.3492119877,8.3492119877,8.3492119877,8.34921198776,8.34921198776,8.34921198776,8.34921198776,8.3492119878,8.3492119878,8.3492119877,8.3492119881,8.3492119883,8.34921198828,8.34921198828,8.3492119882,8.3492119882,8.3492119882,8.3492119882,8.3492119882,8.3492119883,8.3492119883,8.3492119882,8.3492119882,8.349211987846,8.349211987846,8.349211987846,8.3492119879,8.3492119879,8.3492119879,8.34921198788,8.34921198788,8.349211988,8.34921198793,8.34921198793,8.3492119881,8.3492119879,8.3492119879,8.3492119879,5.83260650017,5.83260650017,5.83260650017,5.83260650017,5.8326065001,5.8326065005,5.8326065005,5.8326065002,5.8326065002,2.5648331016,2.5648331016,2.5648331016,2.5648331016,2.5648331016,2.5648331016,2.5648331016,2.5648331015,2.5648331015,0,3.3807009973,3.3807009973,3.3807009973,3.3807009973,3.38070099739,3.3807009974,3.3807009974,3.3807009978,3.3807009978,3.95868388612,3.95868388612,3.95868388612,3.95868388602,3.95868388602,3.95868388602,3.95868388602,3.958683886,3.95868388602,3.95868388602,3.958683886,3.958683886027,3.958683886027,3.958683885927,3.958683886227,3.958683886,3.958683886,3.95868388602,3.95868388602,3.95868388602,3.95868388612,3.95868388612,3.95868388602,3.95868388602,3.95868388582
"t40",8.3492119872,8.34921198725,8.34921198725,8.3492119872,8.3492119872,8.34921198716,8.34921198716,8.34921198718,8.34921198718,8.3492119872,8.3492119872,8.3492119872,8.34921198726,8.34921198726,8.34921198726,8.34921198726,8.3492119873,8.3492119873,8.3492119872,8.3492119876,8.3492119878,8.34921198778,8.34921198778,8.3492119877,8.3492119877,8.3492119877,8.3492119877,8.3492119877,8.3492119878,8.3492119878,8.3492119877,8.3492119877,8.349211987346,8.349211987346,8.349211987346,8.3492119874,8.3492119874,8.3492119874,8.34921198738,8.34921198738,8.3492119875,8.34921198743,8.34921198743,8.3492119876,8.3492119874,8.3492119874,8.3492119874,5.83260649967,5.83260649967,5.83260649967,5.83260649967,5.8326064996,5.8326065,5.8326065,5.8326064997,5.8326064997,3.3807009969,3.3807009969,3.3807009969,3.3807009969,3.3807009969,3.3807009969,3.3807009969,3.3807009968,3.3807009968,3.3807009973,0,1.0125188118,1.9180463254,1.9180463254,1.91804632549,1.9180463255,1.9180463255,2.1495632135,3.0423570195,3.95868388562,3.95868388562,3.95868388562,3.95868388552,3.95868388552,3.95868388552,3.95868388552,3.9586838855,3.95868388552,3.95868388552,3.9586838855,3.958683885527,3.958683885527,3.958683885427,3.958683885727,3.9586838855,3.9586838855,3.95868388552,3.95868388552,3.95868388552,3.95868388562,3.95868388562,3.95868388552,3.95868388552,3.95868388532
"t41",8.3492119872,8.34921198725,8.34921198725,8.3492119872,8.3492119872,8.34921198716,8.34921198716,8.34921198718,8.34921198718,8.3492119872,8.3492119872,8.3492119872,8.34921198726,8.34921198726,8.34921198726,8.34921198726,8.3492119873,8.3492119873,8.3492119872,8.3492119876,8.3492119878,8.34921198778,8.34921198778,8.3492119877,8.3492119877,8.3492119877,8.3492119877,8.3492119877,8.3492119878,8.3492119878,8.3492119877,8.3492119877,8.349211987346,8.349211987346,8.349211987346,8.3492119874,8.3492119874,8.3492119874,8.34921198738,8.34921198738,8.3492119875,8.34921198743,8.34921198743,8.3492119876,8.3492119874,8.3492119874,8.3492119874,5.83260649967,5.83260649967,5.83260649967,5.83260649967,5.8326064996,5.8326065,5.8326065,5.8326064997,5.8326064997,3.3807009969,3.3807009969,3.3807009969,3.3807009969,3.3807009969,3.3807009969,3.3807009969,3.3807009968,3.3807009968,3.3807009973,1.0125188118,0,1.9180463254,1.9180463254,1.91804632549,1.9180463255,1.9180463255,2.1495632135,3.0423570195,3.95868388562,3.95868388562,3.95868388562,3.95868388552,3.95868388552,3.95868388552,3.95868388552,3.9586838855,3.95868388552,3.95868388552,3.9586838855,3.958683885527,3.958683885527,3.958683885427,3.958683885727,3.9586838855,3.9586838855,3.95868388552,3.95868388552,3.95868388552,3.95868388562,3.95868388562,3.95868388552,3.95868388552,3.95868388532
"t74",8.3492119872,8.34921198725,8.34921198725,8.3492119872,8.3492119872,8.34921198716,8.34921198716,8.34921198718,8.34921198718,8.3492119872,8.3492119872,8.3492119872,8.34921198726,8.34921198726,8.34921198726,8.34921198726,8.3492119873,8.3492119873,8.3492119872,8.3492119876,8.3492119878,8.34921198778,8.34921198778,8.3492119877,8.3492119877,8.3492119877,8.3492119877,8.3492119877,8.3492119878,8.3492119878,8.3492119877,8.3492119877,8.349211987346,8.349211987346,8.349211987346,8.3492119874,8.3492119874,8.3492119874,8.34921198738,8.34921198738,8.3492119875,8.34921198743,8.34921198743,8.3492119876,8.3492119874,8.3492119874,8.3492119874,5.83260649967,5.83260649967,5.83260649967,5.83260649967,5.8326064996,5.8326065,5.8326065,5.8326064997,5.8326064997,3.3807009969,3.3807009969,3.3807009969,3.3807009969,3.3807009969,3.3807009969,3.3807009969,3.3807009968,3.3807009968,3.3807009973,1.9180463254,1.9180463254,0,0.3988072988,0.86720034949,0.8672003495,0.8672003495,2.1495632135,3.0423570195,3.95868388562,3.95868388562,3.95868388562,3.95868388552,3.95868388552,3.95868388552,3.95868388552,3.9586838855,3.95868388552,3.95868388552,3.9586838855,3.958683885527,3.958683885527,3.958683885427,3.958683885727,3.9586838855,3.9586838855,3.95868388552,3.95868388552,3.95868388552,3.95868388562,3.95868388562,3.95868388552,3.95868388552,3.95868388532
"t75",8.3492119872,8.34921198725,8.34921198725,8.3492119872,8.3492119872,8.34921198716,8.34921198716,8.34921198718,8.34921198718,8.3492119872,8.3492119872,8.3492119872,8.34921198726,8.34921198726,8.34921198726,8.34921198726,8.3492119873,8.3492119873,8.3492119872,8.3492119876,8.3492119878,8.34921198778,8.34921198778,8.3492119877,8.3492119877,8.3492119877,8.3492119877,8.3492119877,8.3492119878,8.3492119878,8.3492119877,8.3492119877,8.349211987346,8.349211987346,8.349211987346,8.3492119874,8.3492119874,8.3492119874,8.34921198738,8.34921198738,8.3492119875,8.34921198743,8.34921198743,8.3492119876,8.3492119874,8.3492119874,8.3492119874,5.83260649967,5.83260649967,5.83260649967,5.83260649967,5.8326064996,5.8326065,5.8326065,5.8326064997,5.8326064997,3.3807009969,3.3807009969,3.3807009969,3.3807009969,3.3807009969,3.3807009969,3.3807009969,3.3807009968,3.3807009968,3.3807009973,1.9180463254,1.9180463254,0.3988072988,0,0.86720034949,0.8672003495,0.8672003495,2.1495632135,3.0423570195,3.95868388562,3.95868388562,3.95868388562,3.95868388552,3.95868388552,3.95868388552,3.95868388552,3.9586838855,3.95868388552,3.95868388552,3.9586838855,3.958683885527,3.958683885527,3.958683885427,3.958683885727,3.9586838855,3.9586838855,3.95868388552,3.95868388552,3.95868388552,3.95868388562,3.95868388562,3.95868388552,3.95868388552,3.95868388532
"t84",8.34921198729,8.34921198734,8.34921198734,8.34921198729,8.34921198729,8.34921198725,8.34921198725,8.34921198727,8.34921198727,8.34921198729,8.34921198729,8.34921198729,8.34921198735,8.34921198735,8.34921198735,8.34921198735,8.34921198739,8.34921198739,8.34921198729,8.34921198769,8.34921198789,8.34921198787,8.34921198787,8.34921198779,8.34921198779,8.34921198779,8.34921198779,8.34921198779,8.34921198789,8.34921198789,8.34921198779,8.34921198779,8.349211987436,8.349211987436,8.349211987436,8.34921198749,8.34921198749,8.34921198749,8.34921198747,8.34921198747,8.34921198759,8.34921198752,8.34921198752,8.34921198769,8.34921198749,8.34921198749,8.34921198749,5.83260649976,5.83260649976,5.83260649976,5.83260649976,5.83260649969,5.83260650009,5.83260650009,5.83260649979,5.83260649979,3.38070099699,3.38070099699,3.38070099699,3.38070099699,3.38070099699,3.38070099699,3.38070099699,3.38070099689,3.38070099689,3.38070099739,1.91804632549,1.91804632549,0.86720034949,0.86720034949,0,0.15633311859,0.15633311859,2.14956321359,3.04235701959,3.95868388571,3.95868388571,3.95868388571,3.95868388561,3.95868388561,3.95868388561,3.95868388561,3.95868388559,3.95868388561,3.95868388561,3.95868388559,3.958683885617,3.958683885617,3.958683885517,3.958683885817,3.95868388559,3.95868388559,3.95868388561,3.95868388561,3.95868388561,3.95868388571,3.95868388571,3.95868388561,3.95868388561,3.95868388541
"t93",8.3492119873,8.34921198735,8.34921198735,8.3492119873,8.3492119873,8.34921198726,8.34921198726,8.34921198728,8.34921198728,8.3492119873,8.3492119873,8.3492119873,8.34921198736,8.34921198736,8.34921198736,8.34921198736,8.3492119874,8.3492119874,8.3492119873,8.3492119877,8.3492119879,8.34921198788,8.34921198788,8.3492119878,8.3492119878,8.3492119878,8.3492119878,8.3492119878,8.3492119879,8.3492119879,8.3492119878,8.3492119878,8.349211987446,8.349211987446,8.349211987446,8.3492119875,8.3492119875,8.3492119875,8.34921198748,8.34921198748,8.3492119876,8.34921198753,8.34921198753,8.3492119877,8.3492119875,8.3492119875,8.3492119875,5.83260649977,5.83260649977,5.83260649977,5.83260649977,5.8326064997,5.8326065001,5.8326065001,5.8326064998,5.8326064998,3.380700997,3.380700997,3.380700997,3.380700997,3.380700997,3.380700997,3.380700997,3.3807009969,3.3807009969,3.3807009974,1.9180463255,1.9180463255,0.8672003495,0.8672003495,0.15633311859,0,0.08610065658,2.1495632136,3.0423570196,3.95868388572,3.95868388572,3.95868388572,3.95868388562,3.95868388562,3.95868388562,3.95868388562,3.9586838856,3.95868388562,3.95868388562,3.9586838856,3.958683885627,3.958683885627,3.958683885527,3.958683885827,3.9586838856,3.9586838856,3.95868388562,3.95868388562,3.95868388562,3.95868388572,3.95868388572,3.95868388562,3.95868388562,3.95868388542
"t94",8.3492119873,8.34921198735,8.34921198735,8.3492119873,8.3492119873,8.34921198726,8.34921198726,8.34921198728,8.34921198728,8.3492119873,8.3492119873,8.3492119873,8.34921198736,8.34921198736,8.34921198736,8.34921198736,8.3492119874,8.3492119874,8.3492119873,8.3492119877,8.3492119879,8.34921198788,8.34921198788,8.3492119878,8.3492119878,8.3492119878,8.3492119878,8.3492119878,8.3492119879,8.3492119879,8.3492119878,8.3492119878,8.349211987446,8.349211987446,8.349211987446,8.3492119875,8.3492119875,8.3492119875,8.34921198748,8.34921198748,8.3492119876,8.34921198753,8.34921198753,8.3492119877,8.3492119875,8.3492119875,8.3492119875,5.83260649977,5.83260649977,5.83260649977,5.83260649977,5.8326064997,5.8326065001,5.8326065001,5.8326064998,5.8326064998,3.380700997,3.380700997,3.380700997,3.380700997,3.380700997,3.380700997,3.380700997,3.3807009969,3.3807009969,3.3807009974,1.9180463255,1.9180463255,0.8672003495,0.8672003495,0.15633311859,0.08610065658,0,2.1495632136,3.0423570196,3.95868388572,3.95868388572,3.95868388572,3.95868388562,3.95868388562,3.95868388562,3.95868388562,3.9586838856,3.95868388562,3.95868388562,3.9586838856,3.958683885627,3.958683885627,3.958683885527,3.958683885827,3.9586838856,3.9586838856,3.95868388562,3.95868388562,3.95868388562,3.95868388572,3.95868388572,3.95868388562,3.95868388562,3.95868388542
"t10",8.3492119877,8.34921198775,8.34921198775,8.3492119877,8.3492119877,8.34921198766,8.34921198766,8.34921198768,8.34921198768,8.3492119877,8.3492119877,8.3492119877,8.34921198776,8.34921198776,8.34921198776,8.34921198776,8.3492119878,8.3492119878,8.3492119877,8.3492119881,8.3492119883,8.34921198828,8.34921198828,8.3492119882,8.3492119882,8.3492119882,8.3492119882,8.3492119882,8.3492119883,8.3492119883,8.3492119882,8.3492119882,8.349211987846,8.349211987846,8.349211987846,8.3492119879,8.3492119879,8.3492119879,8.34921198788,8.34921198788,8.349211988,8.34921198793,8.34921198793,8.3492119881,8.3492119879,8.3492119879,8.3492119879,5.83260650017,5.83260650017,5.83260650017,5.83260650017,5.8326065001,5.8326065005,5.8326065005,5.8326065002,5.8326065002,3.3807009974,3.3807009974,3.3807009974,3.3807009974,3.3807009974,3.3807009974,3.3807009974,3.3807009973,3.3807009973,3.3807009978,2.1495632135,2.1495632135,2.1495632135,2.1495632135,2.14956321359,2.1495632136,2.1495632136,0,3.04235702,3.95868388612,3.95868388612,3.95868388612,3.95868388602,3.95868388602,3.95868388602,3.95868388602,3.958683886,3.95868388602,3.95868388602,3.958683886,3.958683886027,3.958683886027,3.958683885927,3.958683886227,3.958683886,3.958683886,3.95868388602,3.95868388602,3.95868388602,3.95868388612,3.95868388612,3.95868388602,3.95868388602,3.95868388582
"t2",8.3492119877,8.34921198775,8.34921198775,8.3492119877,8.3492119877,8.34921198766,8.34921198766,8.34921198768,8.34921198768,8.3492119877,8.3492119877,8.3492119877,8.34921198776,8.34921198776,8.34921198776,8.34921198776,8.3492119878,8.3492119878,8.3492119877,8.3492119881,8.3492119883,8.34921198828,8.34921198828,8.3492119882,8.3492119882,8.3492119882,8.3492119882,8.3492119882,8.3492119883,8.3492119883,8.3492119882,8.3492119882,8.349211987846,8.349211987846,8.349211987846,8.3492119879,8.3492119879,8.3492119879,8.34921198788,8.34921198788,8.349211988,8.34921198793,8.34921198793,8.3492119881,8.3492119879,8.3492119879,8.3492119879,5.83260650017,5.83260650017,5.83260650017,5.83260650017,5.8326065001,5.8326065005,5.8326065005,5.8326065002,5.8326065002,3.3807009974,3.3807009974,3.3807009974,3.3807009974,3.3807009974,3.3807009974,3.3807009974,3.3807009973,3.3807009973,3.3807009978,3.0423570195,3.0423570195,3.0423570195,3.0423570195,3.04235701959,3.0423570196,3.0423570196,3.04235702,0,3.95868388612,3.95868388612,3.95868388612,3.95868388602,3.95868388602,3.95868388602,3.95868388602,3.958683886,3.95868388602,3.95868388602,3.958683886,3.958683886027,3.958683886027,3.958683885927,3.958683886227,3.958683886,3.958683886,3.95868388602,3.95868388602,3.95868388602,3.95868388612,3.95868388612,3.95868388602,3.95868388602,3.95868388582
"t48",8.34921198742,8.34921198747,8.34921198747,8.34921198742,8.34921198742,8.34921198738,8.34921198738,8.3492119874,8.3492119874,8.34921198742,8.34921198742,8.34921198742,8.34921198748,8.34921198748,8.34921198748,8.34921198748,8.34921198752,8.34921198752,8.34921198742,8.34921198782,8.34921198802,8.349211988,8.349211988,8.34921198792,8.34921198792,8.34921198792,8.34921198792,8.34921198792,8.34921198802,8.34921198802,8.34921198792,8.34921198792,8.349211987566,8.349211987566,8.349211987566,8.34921198762,8.34921198762,8.34921198762,8.3492119876,8.3492119876,8.34921198772,8.34921198765,8.34921198765,8.34921198782,8.34921198762,8.34921198762,8.34921198762,5.83260649989,5.83260649989,5.83260649989,5.83260649989,5.83260649982,5.83260650022,5.83260650022,5.83260649992,5.83260649992,3.95868388572,3.95868388572,3.95868388572,3.95868388572,3.95868388572,3.95868388572,3.95868388572,3.95868388562,3.95868388562,3.95868388612,3.95868388562,3.95868388562,3.95868388562,3.95868388562,3.95868388571,3.95868388572,3.95868388572,3.95868388612,3.95868388612,0,0.7773718686,2.419921516,2.8243078537,2.8243078537,2.8243078537,2.8243078537,3.87874283668,3.8787428367,3.8787428367,3.87874283668,3.878742836707,3.878742836707,3.878742836607,3.878742836907,3.87874283668,3.87874283668,3.8787428367,3.8787428367,3.8787428367,3.8787428368,3.8787428368,3.8787428367,3.8787428367,3.8787428365
"t49",8.34921198742,8.34921198747,8.34921198747,8.34921198742,8.34921198742,8.34921198738,8.34921198738,8.3492119874,8.3492119874,8.34921198742,8.34921198742,8.34921198742,8.34921198748,8.34921198748,8.34921198748,8.34921198748,8.34921198752,8.34921198752,8.34921198742,8.34921198782,8.34921198802,8.349211988,8.349211988,8.34921198792,8.34921198792,8.34921198792,8.34921198792,8.34921198792,8.34921198802,8.34921198802,8.34921198792,8.34921198792,8.349211987566,8.349211987566,8.349211987566,8.34921198762,8.34921198762,8.34921198762,8.3492119876,8.3492119876,8.34921198772,8.34921198765,8.34921198765,8.34921198782,8.34921198762,8.34921198762,8.34921198762,5.83260649989,5.83260649989,5.83260649989,5.83260649989,5.83260649982,5.83260650022,5.83260650022,5.83260649992,5.83260649992,3.95868388572,3.95868388572,3.95868388572,3.95868388572,3.95868388572,3.95868388572,3.95868388572,3.95868388562,3.95868388562,3.95868388612,3.95868388562,3.95868388562,3.95868388562,3.95868388562,3.95868388571,3.95868388572,3.95868388572,3.95868388612,3.95868388612,0.7773718686,0,2.419921516,2.8243078537,2.8243078537,2.8243078537,2.8243078537,3.87874283668,3.8787428367,3.8787428367,3.87874283668,3.878742836707,3.878742836707,3.878742836607,3.878742836907,3.87874283668,3.87874283668,3.8787428367,3.8787428367,3.8787428367,3.8787428368,3.8787428368,3.8787428367,3.8787428367,3.8787428365
"t6",8.34921198742,8.34921198747,8.34921198747,8.34921198742,8.34921198742,8.34921198738,8.34921198738,8.3492119874,8.3492119874,8.34921198742,8.34921198742,8.34921198742,8.34921198748,8.34921198748,8.34921198748,8.34921198748,8.34921198752,8.34921198752,8.34921198742,8.34921198782,8.34921198802,8.349211988,8.349211988,8.34921198792,8.34921198792,8.34921198792,8.34921198792,8.34921198792,8.34921198802,8.34921198802,8.34921198792,8.34921198792,8.349211987566,8.349211987566,8.349211987566,8.34921198762,8.34921198762,8.34921198762,8.3492119876,8.3492119876,8.34921198772,8.34921198765,8.34921198765,8.34921198782,8.34921198762,8.34921198762,8.34921198762,5.83260649989,5.83260649989,5.83260649989,5.83260649989,5.83260649982,5.83260650022,5.83260650022,5.83260649992,5.83260649992,3.95868388572,3.95868388572,3.95868388572,3.95868388572,3.95868388572,3.95868388572,3.95868388572,3.95868388562,3.95868388562,3.95868388612,3.95868388562,3.95868388562,3.95868388562,3.95868388562,3.95868388571,3.95868388572,3.95868388572,3.95868388612,3.95868388612,2.419921516,2.419921516,0,2.8243078537,2.8243078537,2.8243078537,2.8243078537,3.87874283668,3.8787428367,3.8787428367,3.87874283668,3.878742836707,3.878742836707,3.878742836607,3.878742836907,3.87874283668,3.87874283668,3.8787428367,3.8787428367,3.8787428367,3.8787428368,3.8787428368,3.8787428367,3.8787428367,3.8787428365
"t30",8.34921198732,8.34921198737,8.34921198737,8.34921198732,8.34921198732,8.34921198728,8.34921198728,8.3492119873,8.3492119873,8.34921198732,8.34921198732,8.34921198732,8.34921198738,8.34921198738,8.34921198738,8.34921198738,8.34921198742,8.34921198742,8.34921198732,8.34921198772,8.34921198792,8.3492119879,8.3492119879,8.34921198782,8.34921198782,8.34921198782,8.34921198782,8.34921198782,8.34921198792,8.34921198792,8.34921198782,8.34921198782,8.349211987466,8.349211987466,8.349211987466,8.34921198752,8.34921198752,8.34921198752,8.3492119875,8.3492119875,8.34921198762,8.34921198755,8.34921198755,8.34921198772,8.34921198752,8.34921198752,8.34921198752,5.83260649979,5.83260649979,5.83260649979,5.83260649979,5.83260649972,5.83260650012,5.83260650012,5.83260649982,5.83260649982,3.95868388562,3.95868388562,3.95868388562,3.95868388562,3.95868388562,3.95868388562,3.95868388562,3.95868388552,3.95868388552,3.95868388602,3.95868388552,3.95868388552,3.95868388552,3.95868388552,3.95868388561,3.95868388562,3.95868388562,3.95868388602,3.95868388602,2.8243078537,2.8243078537,2.8243078537,0,1.2179946206,2.562902112,2.562902112,3.87874283658,3.8787428366,3.8787428366,3.87874283658,3.878742836607,3.878742836607,3.878742836507,3.878742836807,3.87874283658,3.87874283658,3.8787428366,3.8787428366,3.8787428366,3.8787428367,3.8787428367,3.8787428366,3.8787428366,3.8787428364
"t31",8.34921198732,8.34921198737,8.34921198737,8.34921198732,8.34921198732,8.34921198728,8.34921198728,8.3492119873,8.3492119873,8.34921198732,8.34921198732,8.34921198732,8.34921198738,8.34921198738,8.34921198738,8.34921198738,8.34921198742,8.34921198742,8.34921198732,8.34921198772,8.34921198792,8.3492119879,8.3492119879,8.34921198782,8.34921198782,8.34921198782,8.34921198782,8.34921198782,8.34921198792,8.34921198792,8.34921198782,8.34921198782,8.349211987466,8.349211987466,8.349211987466,8.34921198752,8.34921198752,8.34921198752,8.3492119875,8.3492119875,8.34921198762,8.34921198755,8.34921198755,8.34921198772,8.34921198752,8.34921198752,8.34921198752,5.83260649979,5.83260649979,5.83260649979,5.83260649979,5.83260649972,5.83260650012,5.83260650012,5.83260649982,5.83260649982,3.95868388562,3.95868388562,3.95868388562,3.95868388562,3.95868388562,3.95868388562,3.95868388562,3.95868388552,3.95868388552,3.95868388602,3.95868388552,3.95868388552,3.95868388552,3.95868388552,3.95868388561,3.95868388562,3.95868388562,3.95868388602,3.95868388602,2.8243078537,2.8243078537,2.8243078537,1.2179946206,0,2.562902112,2.562902112,3.87874283658,3.8787428366,3.8787428366,3.87874283658,3.878742836607,3.878742836607,3.878742836507,3.878742836807,3.87874283658,3.87874283658,3.8787428366,3.8787428366,3.8787428366,3.8787428367,3.8787428367,3.8787428366,3.8787428366,3.8787428364
"t19",8.34921198732,8.34921198737,8.34921198737,8.34921198732,8.34921198732,8.34921198728,8.34921198728,8.3492119873,8.3492119873,8.34921198732,8.34921198732,8.34921198732,8.34921198738,8.34921198738,8.34921198738,8.34921198738,8.34921198742,8.34921198742,8.34921198732,8.34921198772,8.34921198792,8.3492119879,8.3492119879,8.34921198782,8.34921198782,8.34921198782,8.34921198782,8.34921198782,8.34921198792,8.34921198792,8.34921198782,8.34921198782,8.349211987466,8.349211987466,8.349211987466,8.34921198752,8.34921198752,8.34921198752,8.3492119875,8.3492119875,8.34921198762,8.34921198755,8.34921198755,8.34921198772,8.34921198752,8.34921198752,8.34921198752,5.83260649979,5.83260649979,5.83260649979,5.83260649979,5.83260649972,5.83260650012,5.83260650012,5.83260649982,5.83260649982,3.95868388562,3.95868388562,3.95868388562,3.95868388562,3.95868388562,3.95868388562,3.95868388562,3.95868388552,3.95868388552,3.95868388602,3.95868388552,3.95868388552,3.95868388552,3.95868388552,3.95868388561,3.95868388562,3.95868388562,3.95868388602,3.95868388602,2.8243078537,2.8243078537,2.8243078537,2.562902112,2.562902112,0,1.552042228,3.87874283658,3.8787428366,3.8787428366,3.87874283658,3.878742836607,3.878742836607,3.878742836507,3.878742836807,3.87874283658,3.87874283658,3.8787428366,3.8787428366,3.8787428366,3.8787428367,3.8787428367,3.8787428366,3.8787428366,3.8787428364
"t20",8.34921198732,8.34921198737,8.34921198737,8.34921198732,8.34921198732,8.34921198728,8.34921198728,8.3492119873,8.3492119873,8.34921198732,8.34921198732,8.34921198732,8.34921198738,8.34921198738,8.34921198738,8.34921198738,8.34921198742,8.34921198742,8.34921198732,8.34921198772,8.34921198792,8.3492119879,8.3492119879,8.34921198782,8.34921198782,8.34921198782,8.34921198782,8.34921198782,8.34921198792,8.34921198792,8.34921198782,8.34921198782,8.349211987466,8.349211987466,8.349211987466,8.34921198752,8.34921198752,8.34921198752,8.3492119875,8.3492119875,8.34921198762,8.34921198755,8.34921198755,8.34921198772,8.34921198752,8.34921198752,8.34921198752,5.83260649979,5.83260649979,5.83260649979,5.83260649979,5.83260649972,5.83260650012,5.83260650012,5.83260649982,5.83260649982,3.95868388562,3.95868388562,3.95868388562,3.95868388562,3.95868388562,3.95868388562,3.95868388562,3.95868388552,3.95868388552,3.95868388602,3.95868388552,3.95868388552,3.95868388552,3.95868388552,3.95868388561,3.95868388562,3.95868388562,3.95868388602,3.95868388602,2.8243078537,2.8243078537,2.8243078537,2.562902112,2.562902112,1.552042228,0,3.87874283658,3.8787428366,3.8787428366,3.87874283658,3.878742836607,3.878742836607,3.878742836507,3.878742836807,3.87874283658,3.87874283658,3.8787428366,3.8787428366,3.8787428366,3.8787428367,3.8787428367,3.8787428366,3.8787428366,3.8787428364
"t1",8.3492119873,8.34921198735,8.34921198735,8.3492119873,8.3492119873,8.34921198726,8.34921198726,8.34921198728,8.34921198728,8.3492119873,8.3492119873,8.3492119873,8.34921198736,8.34921198736,8.34921198736,8.34921198736,8.3492119874,8.3492119874,8.3492119873,8.3492119877,8.3492119879,8.34921198788,8.34921198788,8.3492119878,8.3492119878,8.3492119878,8.3492119878,8.3492119878,8.3492119879,8.3492119879,8.3492119878,8.3492119878,8.349211987446,8.349211987446,8.349211987446,8.3492119875,8.3492119875,8.3492119875,8.34921198748,8.34921198748,8.3492119876,8.34921198753,8.34921198753,8.3492119877,8.3492119875,8.3492119875,8.3492119875,5.83260649977,5.83260649977,5.83260649977,5.83260649977,5.8326064997,5.8326065001,5.8326065001,5.8326064998,5.8326064998,3.9586838856,3.9586838856,3.9586838856,3.9586838856,3.9586838856,3.9586838856,3.9586838856,3.9586838855,3.9586838855,3.958683886,3.9586838855,3.9586838855,3.9586838855,3.9586838855,3.95868388559,3.9586838856,3.9586838856,3.958683886,3.958683886,3.87874283668,3.87874283668,3.87874283668,3.87874283658,3.87874283658,3.87874283658,3.87874283658,0,3.13418815202,3.13418815202,3.134188152,3.134188152027,3.134188152027,3.134188151927,3.134188152227,3.3954773852,3.3954773852,3.51010158878,3.51010158878,3.51010158878,3.51010158888,3.51010158888,3.51010158878,3.51010158878,3.51010158858
"t87",8.34921198732,8.34921198737,8.34921198737,8.34921198732,8.34921198732,8.34921198728,8.34921198728,8.3492119873,8.3492119873,8.34921198732,8.34921198732,8.34921198732,8.34921198738,8.34921198738,8.34921198738,8.34921198738,8.34921198742,8.34921198742,8.34921198732,8.34921198772,8.34921198792,8.3492119879,8.3492119879,8.34921198782,8.34921198782,8.34921198782,8.34921198782,8.34921198782,8.34921198792,8.34921198792,8.34921198782,8.34921198782,8.349211987466,8.349211987466,8.349211987466,8.34921198752,8.34921198752,8.34921198752,8.3492119875,8.3492119875,8.34921198762,8.34921198755,8.34921198755,8.34921198772,8.34921198752,8.34921198752,8.34921198752,5.83260649979,5.83260649979,5.83260649979,5.83260649979,5.83260649972,5.83260650012,5.83260650012,5.83260649982,5.83260649982,3.95868388562,3.95868388562,3.95868388562,3.95868388562,3.95868388562,3.95868388562,3.95868388562,3.95868388552,3.95868388552,3.95868388602,3.95868388552,3.95868388552,3.95868388552,3.95868388552,3.95868388561,3.95868388562,3.95868388562,3.95868388602,3.95868388602,3.8787428367,3.8787428367,3.8787428367,3.8787428366,3.8787428366,3.8787428366,3.8787428366,3.13418815202,0,0.13934202024,1.24010086382,2.276789524647,2.276789524647,2.276789524547,2.276789524847,3.39547738522,3.39547738522,3.5101015888,3.5101015888,3.5101015888,3.5101015889,3.5101015889,3.5101015888,3.5101015888,3.5101015886
"t88",8.34921198732,8.34921198737,8.34921198737,8.34921198732,8.34921198732,8.34921198728,8.34921198728,8.3492119873,8.3492119873,8.34921198732,8.34921198732,8.34921198732,8.34921198738,8.34921198738,8.34921198738,8.34921198738,8.34921198742,8.34921198742,8.34921198732,8.34921198772,8.34921198792,8.3492119879,8.3492119879,8.34921198782,8.34921198782,8.34921198782,8.34921198782,8.34921198782,8.34921198792,8.34921198792,8.34921198782,8.34921198782,8.349211987466,8.349211987466,8.349211987466,8.34921198752,8.34921198752,8.34921198752,8.3492119875,8.3492119875,8.34921198762,8.34921198755,8.34921198755,8.34921198772,8.34921198752,8.34921198752,8.34921198752,5.83260649979,5.83260649979,5.83260649979,5.83260649979,5.83260649972,5.83260650012,5.83260650012,5.83260649982,5.83260649982,3.95868388562,3.95868388562,3.95868388562,3.95868388562,3.95868388562,3.95868388562,3.95868388562,3.95868388552,3.95868388552,3.95868388602,3.95868388552,3.95868388552,3.95868388552,3.95868388552,3.95868388561,3.95868388562,3.95868388562,3.95868388602,3.95868388602,3.8787428367,3.8787428367,3.8787428367,3.8787428366,3.8787428366,3.8787428366,3.8787428366,3.13418815202,0.13934202024,0,1.24010086382,2.276789524647,2.276789524647,2.276789524547,2.276789524847,3.39547738522,3.39547738522,3.5101015888,3.5101015888,3.5101015888,3.5101015889,3.5101015889,3.5101015888,3.5101015888,3.5101015886
"t28",8.3492119873,8.34921198735,8.34921198735,8.3492119873,8.3492119873,8.34921198726,8.34921198726,8.34921198728,8.34921198728,8.3492119873,8.3492119873,8.3492119873,8.34921198736,8.34921198736,8.34921198736,8.34921198736,8.3492119874,8.3492119874,8.3492119873,8.3492119877,8.3492119879,8.34921198788,8.34921198788,8.3492119878,8.3492119878,8.3492119878,8.3492119878,8.3492119878,8.3492119879,8.3492119879,8.3492119878,8.3492119878,8.349211987446,8.349211987446,8.349211987446,8.3492119875,8.3492119875,8.3492119875,8.34921198748,8.34921198748,8.3492119876,8.34921198753,8.34921198753,8.3492119877,8.3492119875,8.3492119875,8.3492119875,5.83260649977,5.83260649977,5.83260649977,5.83260649977,5.8326064997,5.8326065001,5.8326065001,5.8326064998,5.8326064998,3.9586838856,3.9586838856,3.9586838856,3.9586838856,3.9586838856,3.9586838856,3.9586838856,3.9586838855,3.9586838855,3.958683886,3.9586838855,3.9586838855,3.9586838855,3.9586838855,3.95868388559,3.9586838856,3.9586838856,3.958683886,3.958683886,3.87874283668,3.87874283668,3.87874283668,3.87874283658,3.87874283658,3.87874283658,3.87874283658,3.134188152,1.24010086382,1.24010086382,0,2.276789524627,2.276789524627,2.276789524527,2.276789524827,3.3954773852,3.3954773852,3.51010158878,3.51010158878,3.51010158878,3.51010158888,3.51010158888,3.51010158878,3.51010158878,3.51010158858
"t32",8.349211987327,8.349211987377,8.349211987377,8.349211987327,8.349211987327,8.349211987287,8.349211987287,8.349211987307,8.349211987307,8.349211987327,8.349211987327,8.349211987327,8.349211987387,8.349211987387,8.349211987387,8.349211987387,8.349211987427,8.349211987427,8.349211987327,8.349211987727,8.349211987927,8.349211987907,8.349211987907,8.349211987827,8.349211987827,8.349211987827,8.349211987827,8.349211987827,8.349211987927,8.349211987927,8.349211987827,8.349211987827,8.349211987473,8.349211987473,8.349211987473,8.349211987527,8.349211987527,8.349211987527,8.349211987507,8.349211987507,8.349211987627,8.349211987557,8.349211987557,8.349211987727,8.349211987527,8.349211987527,8.349211987527,5.832606499797,5.832606499797,5.832606499797,5.832606499797,5.832606499727,5.832606500127,5.832606500127,5.832606499827,5.832606499827,3.958683885627,3.958683885627,3.958683885627,3.958683885627,3.958683885627,3.958683885627,3.958683885627,3.958683885527,3.958683885527,3.958683886027,3.958683885527,3.958683885527,3.958683885527,3.958683885527,3.958683885617,3.958683885627,3.958683885627,3.958683886027,3.958683886027,3.878742836707,3.878742836707,3.878742836707,3.878742836607,3.878742836607,3.878742836607,3.878742836607,3.134188152027,2.276789524647,2.276789524647,2.276789524627,0,1.2141794974,1.4580230381,2.2679147398,3.395477385227,3.395477385227,3.510101588807,3.510101588807,3.510101588807,3.510101588907,3.510101588907,3.510101588807,3.510101588807,3.510101588607
"t33",8.349211987327,8.349211987377,8.349211987377,8.349211987327,8.349211987327,8.349211987287,8.349211987287,8.349211987307,8.349211987307,8.349211987327,8.349211987327,8.349211987327,8.349211987387,8.349211987387,8.349211987387,8.349211987387,8.349211987427,8.349211987427,8.349211987327,8.349211987727,8.349211987927,8.349211987907,8.349211987907,8.349211987827,8.349211987827,8.349211987827,8.349211987827,8.349211987827,8.349211987927,8.349211987927,8.349211987827,8.349211987827,8.349211987473,8.349211987473,8.349211987473,8.349211987527,8.349211987527,8.349211987527,8.349211987507,8.349211987507,8.349211987627,8.349211987557,8.349211987557,8.349211987727,8.349211987527,8.349211987527,8.349211987527,5.832606499797,5.832606499797,5.832606499797,5.832606499797,5.832606499727,5.832606500127,5.832606500127,5.832606499827,5.832606499827,3.958683885627,3.958683885627,3.958683885627,3.958683885627,3.958683885627,3.958683885627,3.958683885627,3.958683885527,3.958683885527,3.958683886027,3.958683885527,3.958683885527,3.958683885527,3.958683885527,3.958683885617,3.958683885627,3.958683885627,3.958683886027,3.958683886027,3.878742836707,3.878742836707,3.878742836707,3.878742836607,3.878742836607,3.878742836607,3.878742836607,3.134188152027,2.276789524647,2.276789524647,2.276789524627,1.2141794974,0,1.4580230381,2.2679147398,3.395477385227,3.395477385227,3.510101588807,3.510101588807,3.510101588807,3.510101588907,3.510101588907,3.510101588807,3.510101588807,3.510101588607
"t22",8.349211987227,8.349211987277,8.349211987277,8.349211987227,8.349211987227,8.349211987187,8.349211987187,8.349211987207,8.349211987207,8.349211987227,8.349211987227,8.349211987227,8.349211987287,8.349211987287,8.349211987287,8.349211987287,8.349211987327,8.349211987327,8.349211987227,8.349211987627,8.349211987827,8.349211987807,8.349211987807,8.349211987727,8.349211987727,8.349211987727,8.349211987727,8.349211987727,8.349211987827,8.349211987827,8.349211987727,8.349211987727,8.349211987373,8.349211987373,8.349211987373,8.349211987427,8.349211987427,8.349211987427,8.349211987407,8.349211987407,8.349211987527,8.349211987457,8.349211987457,8.349211987627,8.349211987427,8.349211987427,8.349211987427,5.832606499697,5.832606499697,5.832606499697,5.832606499697,5.832606499627,5.832606500027,5.832606500027,5.832606499727,5.832606499727,3.958683885527,3.958683885527,3.958683885527,3.958683885527,3.958683885527,3.958683885527,3.958683885527,3.958683885427,3.958683885427,3.958683885927,3.958683885427,3.958683885427,3.958683885427,3.958683885427,3.958683885517,3.958683885527,3.958683885527,3.958683885927,3.958683885927,3.878742836607,3.878742836607,3.878742836607,3.878742836507,3.878742836507,3.878742836507,3.878742836507,3.134188151927,2.276789524547,2.276789524547,2.276789524527,1.4580230381,1.4580230381,0,2.2679147397,3.395477385127,3.395477385127,3.510101588707,3.510101588707,3.510101588707,3.510101588807,3.510101588807,3.510101588707,3.510101588707,3.510101588507
"t9",8.349211987527,8.349211987577,8.349211987577,8.349211987527,8.349211987527,8.349211987487,8.349211987487,8.349211987507,8.349211987507,8.349211987527,8.349211987527,8.349211987527,8.349211987587,8.349211987587,8.349211987587,8.349211987587,8.349211987627,8.349211987627,8.349211987527,8.349211987927,8.349211988127,8.349211988107,8.349211988107,8.349211988027,8.349211988027,8.349211988027,8.349211988027,8.349211988027,8.349211988127,8.349211988127,8.349211988027,8.349211988027,8.349211987673,8.349211987673,8.349211987673,8.349211987727,8.349211987727,8.349211987727,8.349211987707,8.349211987707,8.349211987827,8.349211987757,8.349211987757,8.349211987927,8.349211987727,8.349211987727,8.349211987727,5.832606499997,5.832606499997,5.832606499997,5.832606499997,5.832606499927,5.832606500327,5.832606500327,5.832606500027,5.832606500027,3.958683885827,3.958683885827,3.958683885827,3.958683885827,3.958683885827,3.958683885827,3.958683885827,3.958683885727,3.958683885727,3.958683886227,3.958683885727,3.958683885727,3.958683885727,3.958683885727,3.958683885817,3.958683885827,3.958683885827,3.958683886227,3.958683886227,3.878742836907,3.878742836907,3.878742836907,3.878742836807,3.878742836807,3.878742836807,3.878742836807,3.134188152227,2.276789524847,2.276789524847,2.276789524827,2.2679147398,2.2679147398,2.2679147397,0,3.395477385427,3.395477385427,3.510101589007,3.510101589007,3.510101589007,3.510101589107,3.510101589107,3.510101589007,3.510101589007,3.510101588807
"t15",8.3492119873,8.34921198735,8.34921198735,8.3492119873,8.3492119873,8.34921198726,8.34921198726,8.34921198728,8.34921198728,8.3492119873,8.3492119873,8.3492119873,8.34921198736,8.34921198736,8.34921198736,8.34921198736,8.3492119874,8.3492119874,8.3492119873,8.3492119877,8.3492119879,8.34921198788,8.34921198788,8.3492119878,8.3492119878,8.3492119878,8.3492119878,8.3492119878,8.3492119879,8.3492119879,8.3492119878,8.3492119878,8.349211987446,8.349211987446,8.349211987446,8.3492119875,8.3492119875,8.3492119875,8.34921198748,8.34921198748,8.3492119876,8.34921198753,8.34921198753,8.3492119877,8.3492119875,8.3492119875,8.3492119875,5.83260649977,5.83260649977,5.83260649977,5.83260649977,5.8326064997,5.8326065001,5.8326065001,5.8326064998,5.8326064998,3.9586838856,3.9586838856,3.9586838856,3.9586838856,3.9586838856,3.9586838856,3.9586838856,3.9586838855,3.9586838855,3.958683886,3.9586838855,3.9586838855,3.9586838855,3.9586838855,3.95868388559,3.9586838856,3.9586838856,3.958683886,3.958683886,3.87874283668,3.87874283668,3.87874283668,3.87874283658,3.87874283658,3.87874283658,3.87874283658,3.3954773852,3.39547738522,3.39547738522,3.3954773852,3.395477385227,3.395477385227,3.395477385127,3.395477385427,0,1.8406380004,3.51010158878,3.51010158878,3.51010158878,3.51010158888,3.51010158888,3.51010158878,3.51010158878,3.51010158858
"t16",8.3492119873,8.34921198735,8.34921198735,8.3492119873,8.3492119873,8.34921198726,8.34921198726,8.34921198728,8.34921198728,8.3492119873,8.3492119873,8.3492119873,8.34921198736,8.34921198736,8.34921198736,8.34921198736,8.3492119874,8.3492119874,8.3492119873,8.3492119877,8.3492119879,8.34921198788,8.34921198788,8.3492119878,8.3492119878,8.3492119878,8.3492119878,8.3492119878,8.3492119879,8.3492119879,8.3492119878,8.3492119878,8.349211987446,8.349211987446,8.349211987446,8.3492119875,8.3492119875,8.3492119875,8.34921198748,8.34921198748,8.3492119876,8.34921198753,8.34921198753,8.3492119877,8.3492119875,8.3492119875,8.3492119875,5.83260649977,5.83260649977,5.83260649977,5.83260649977,5.8326064997,5.8326065001,5.8326065001,5.8326064998,5.8326064998,3.9586838856,3.9586838856,3.9586838856,3.9586838856,3.9586838856,3.9586838856,3.9586838856,3.9586838855,3.9586838855,3.958683886,3.9586838855,3.9586838855,3.9586838855,3.9586838855,3.95868388559,3.9586838856,3.9586838856,3.958683886,3.958683886,3.87874283668,3.87874283668,3.87874283668,3.87874283658,3.87874283658,3.87874283658,3.87874283658,3.3954773852,3.39547738522,3.39547738522,3.3954773852,3.395477385227,3.395477385227,3.395477385127,3.395477385427,1.8406380004,0,3.51010158878,3.51010158878,3.51010158878,3.51010158888,3.51010158888,3.51010158878,3.51010158878,3.51010158858
"t54",8.34921198732,8.34921198737,8.34921198737,8.34921198732,8.34921198732,8.34921198728,8.34921198728,8.3492119873,8.3492119873,8.34921198732,8.34921198732,8.34921198732,8.34921198738,8.34921198738,8.34921198738,8.34921198738,8.34921198742,8.34921198742,8.34921198732,8.34921198772,8.34921198792,8.3492119879,8.3492119879,8.34921198782,8.34921198782,8.34921198782,8.34921198782,8.34921198782,8.34921198792,8.34921198792,8.34921198782,8.34921198782,8.349211987466,8.349211987466,8.349211987466,8.34921198752,8.34921198752,8.34921198752,8.3492119875,8.3492119875,8.34921198762,8.34921198755,8.34921198755,8.34921198772,8.34921198752,8.34921198752,8.34921198752,5.83260649979,5.83260649979,5.83260649979,5.83260649979,5.83260649972,5.83260650012,5.83260650012,5.83260649982,5.83260649982,3.95868388562,3.95868388562,3.95868388562,3.95868388562,3.95868388562,3.95868388562,3.95868388562,3.95868388552,3.95868388552,3.95868388602,3.95868388552,3.95868388552,3.95868388552,3.95868388552,3.95868388561,3.95868388562,3.95868388562,3.95868388602,3.95868388602,3.8787428367,3.8787428367,3.8787428367,3.8787428366,3.8787428366,3.8787428366,3.8787428366,3.51010158878,3.5101015888,3.5101015888,3.51010158878,3.510101588807,3.510101588807,3.510101588707,3.510101589007,3.51010158878,3.51010158878,0,0.733001698,0.733001698,2.2348035259,2.2348035259,3.218050851,3.218050851,3.2180508508
"t71",8.34921198732,8.34921198737,8.34921198737,8.34921198732,8.34921198732,8.34921198728,8.34921198728,8.3492119873,8.3492119873,8.34921198732,8.34921198732,8.34921198732,8.34921198738,8.34921198738,8.34921198738,8.34921198738,8.34921198742,8.34921198742,8.34921198732,8.34921198772,8.34921198792,8.3492119879,8.3492119879,8.34921198782,8.34921198782,8.34921198782,8.34921198782,8.34921198782,8.34921198792,8.34921198792,8.34921198782,8.34921198782,8.349211987466,8.349211987466,8.349211987466,8.34921198752,8.34921198752,8.34921198752,8.3492119875,8.3492119875,8.34921198762,8.34921198755,8.34921198755,8.34921198772,8.34921198752,8.34921198752,8.34921198752,5.83260649979,5.83260649979,5.83260649979,5.83260649979,5.83260649972,5.83260650012,5.83260650012,5.83260649982,5.83260649982,3.95868388562,3.95868388562,3.95868388562,3.95868388562,3.95868388562,3.95868388562,3.95868388562,3.95868388552,3.95868388552,3.95868388602,3.95868388552,3.95868388552,3.95868388552,3.95868388552,3.95868388561,3.95868388562,3.95868388562,3.95868388602,3.95868388602,3.8787428367,3.8787428367,3.8787428367,3.8787428366,3.8787428366,3.8787428366,3.8787428366,3.51010158878,3.5101015888,3.5101015888,3.51010158878,3.510101588807,3.510101588807,3.510101588707,3.510101589007,3.51010158878,3.51010158878,0.733001698,0,0.4093808036,2.2348035259,2.2348035259,3.218050851,3.218050851,3.2180508508
"t72",8.34921198732,8.34921198737,8.34921198737,8.34921198732,8.34921198732,8.34921198728,8.34921198728,8.3492119873,8.3492119873,8.34921198732,8.34921198732,8.34921198732,8.34921198738,8.34921198738,8.34921198738,8.34921198738,8.34921198742,8.34921198742,8.34921198732,8.34921198772,8.34921198792,8.3492119879,8.3492119879,8.34921198782,8.34921198782,8.34921198782,8.34921198782,8.34921198782,8.34921198792,8.34921198792,8.34921198782,8.34921198782,8.349211987466,8.349211987466,8.349211987466,8.34921198752,8.34921198752,8.34921198752,8.3492119875,8.3492119875,8.34921198762,8.34921198755,8.34921198755,8.34921198772,8.34921198752,8.34921198752,8.34921198752,5.83260649979,5.83260649979,5.83260649979,5.83260649979,5.83260649972,5.83260650012,5.83260650012,5.83260649982,5.83260649982,3.95868388562,3.95868388562,3.95868388562,3.95868388562,3.95868388562,3.95868388562,3.95868388562,3.95868388552,3.95868388552,3.95868388602,3.95868388552,3.95868388552,3.95868388552,3.95868388552,3.95868388561,3.95868388562,3.95868388562,3.95868388602,3.95868388602,3.8787428367,3.8787428367,3.8787428367,3.8787428366,3.8787428366,3.8787428366,3.8787428366,3.51010158878,3.5101015888,3.5101015888,3.51010158878,3.510101588807,3.510101588807,3.510101588707,3.510101589007,3.51010158878,3.51010158878,0.733001698,0.4093808036,0,2.2348035259,2.2348035259,3.218050851,3.218050851,3.2180508508
"t50",8.34921198742,8.34921198747,8.34921198747,8.34921198742,8.34921198742,8.34921198738,8.34921198738,8.3492119874,8.3492119874,8.34921198742,8.34921198742,8.34921198742,8.34921198748,8.34921198748,8.34921198748,8.34921198748,8.34921198752,8.34921198752,8.34921198742,8.34921198782,8.34921198802,8.349211988,8.349211988,8.34921198792,8.34921198792,8.34921198792,8.34921198792,8.34921198792,8.34921198802,8.34921198802,8.34921198792,8.34921198792,8.349211987566,8.349211987566,8.349211987566,8.34921198762,8.34921198762,8.34921198762,8.3492119876,8.3492119876,8.34921198772,8.34921198765,8.34921198765,8.34921198782,8.34921198762,8.34921198762,8.34921198762,5.83260649989,5.83260649989,5.83260649989,5.83260649989,5.83260649982,5.83260650022,5.83260650022,5.83260649992,5.83260649992,3.95868388572,3.95868388572,3.95868388572,3.95868388572,3.95868388572,3.95868388572,3.95868388572,3.95868388562,3.95868388562,3.95868388612,3.95868388562,3.95868388562,3.95868388562,3.95868388562,3.95868388571,3.95868388572,3.95868388572,3.95868388612,3.95868388612,3.8787428368,3.8787428368,3.8787428368,3.8787428367,3.8787428367,3.8787428367,3.8787428367,3.51010158888,3.5101015889,3.5101015889,3.51010158888,3.510101588907,3.510101588907,3.510101588807,3.510101589107,3.51010158888,3.51010158888,2.2348035259,2.2348035259,2.2348035259,0,0.7654897802,3.2180508511,3.2180508511,3.2180508509
"t51",8.34921198742,8.34921198747,8.34921198747,8.34921198742,8.34921198742,8.34921198738,8.34921198738,8.3492119874,8.3492119874,8.34921198742,8.34921198742,8.34921198742,8.34921198748,8.34921198748,8.34921198748,8.34921198748,8.34921198752,8.34921198752,8.34921198742,8.34921198782,8.34921198802,8.349211988,8.349211988,8.34921198792,8.34921198792,8.34921198792,8.34921198792,8.34921198792,8.34921198802,8.34921198802,8.34921198792,8.34921198792,8.349211987566,8.349211987566,8.349211987566,8.34921198762,8.34921198762,8.34921198762,8.3492119876,8.3492119876,8.34921198772,8.34921198765,8.34921198765,8.34921198782,8.34921198762,8.34921198762,8.34921198762,5.83260649989,5.83260649989,5.83260649989,5.83260649989,5.83260649982,5.83260650022,5.83260650022,5.83260649992,5.83260649992,3.95868388572,3.95868388572,3.95868388572,3.95868388572,3.95868388572,3.95868388572,3.95868388572,3.95868388562,3.95868388562,3.95868388612,3.95868388562,3.95868388562,3.95868388562,3.95868388562,3.95868388571,3.95868388572,3.95868388572,3.95868388612,3.95868388612,3.8787428368,3.8787428368,3.8787428368,3.8787428367,3.8787428367,3.8787428367,3.8787428367,3.51010158888,3.5101015889,3.5101015889,3.51010158888,3.510101588907,3.510101588907,3.510101588807,3.510101589107,3.51010158888,3.51010158888,2.2348035259,2.2348035259,2.2348035259,0.7654897802,0,3.2180508511,3.2180508511,3.2180508509
"t34",8.34921198732,8.34921198737,8.34921198737,8.34921198732,8.34921198732,8.34921198728,8.34921198728,8.3492119873,8.3492119873,8.34921198732,8.34921198732,8.34921198732,8.34921198738,8.34921198738,8.34921198738,8.34921198738,8.34921198742,8.34921198742,8.34921198732,8.34921198772,8.34921198792,8.3492119879,8.3492119879,8.34921198782,8.34921198782,8.34921198782,8.34921198782,8.34921198782,8.34921198792,8.34921198792,8.34921198782,8.34921198782,8.349211987466,8.349211987466,8.349211987466,8.34921198752,8.34921198752,8.34921198752,8.3492119875,8.3492119875,8.34921198762,8.34921198755,8.34921198755,8.34921198772,8.34921198752,8.34921198752,8.34921198752,5.83260649979,5.83260649979,5.83260649979,5.83260649979,5.83260649972,5.83260650012,5.83260650012,5.83260649982,5.83260649982,3.95868388562,3.95868388562,3.95868388562,3.95868388562,3.95868388562,3.95868388562,3.95868388562,3.95868388552,3.95868388552,3.95868388602,3.95868388552,3.95868388552,3.95868388552,3.95868388552,3.95868388561,3.95868388562,3.95868388562,3.95868388602,3.95868388602,3.8787428367,3.8787428367,3.8787428367,3.8787428366,3.8787428366,3.8787428366,3.8787428366,3.51010158878,3.5101015888,3.5101015888,3.51010158878,3.510101588807,3.510101588807,3.510101588707,3.510101589007,3.51010158878,3.51010158878,3.218050851,3.218050851,3.218050851,3.2180508511,3.2180508511,0,1.178524422,2.0162812842
"t35",8.34921198732,8.34921198737,8.34921198737,8.34921198732,8.34921198732,8.34921198728,8.34921198728,8.3492119873,8.3492119873,8.34921198732,8.34921198732,8.34921198732,8.34921198738,8.34921198738,8.34921198738,8.34921198738,8.34921198742,8.34921198742,8.34921198732,8.34921198772,8.34921198792,8.3492119879,8.3492119879,8.34921198782,8.34921198782,8.34921198782,8.34921198782,8.34921198782,8.34921198792,8.34921198792,8.34921198782,8.34921198782,8.349211987466,8.349211987466,8.349211987466,8.34921198752,8.34921198752,8.34921198752,8.3492119875,8.3492119875,8.34921198762,8.34921198755,8.34921198755,8.34921198772,8.34921198752,8.34921198752,8.34921198752,5.83260649979,5.83260649979,5.83260649979,5.83260649979,5.83260649972,5.83260650012,5.83260650012,5.83260649982,5.83260649982,3.95868388562,3.95868388562,3.95868388562,3.95868388562,3.95868388562,3.95868388562,3.95868388562,3.95868388552,3.95868388552,3.95868388602,3.95868388552,3.95868388552,3.95868388552,3.95868388552,3.95868388561,3.95868388562,3.95868388562,3.95868388602,3.95868388602,3.8787428367,3.8787428367,3.8787428367,3.8787428366,3.8787428366,3.8787428366,3.8787428366,3.51010158878,3.5101015888,3.5101015888,3.51010158878,3.510101588807,3.510101588807,3.510101588707,3.510101589007,3.51010158878,3.51010158878,3.218050851,3.218050851,3.218050851,3.2180508511,3.2180508511,1.178524422,0,2.0162812842
"t13",8.34921198712,8.34921198717,8.34921198717,8.34921198712,8.34921198712,8.34921198708,8.34921198708,8.3492119871,8.3492119871,8.34921198712,8.34921198712,8.34921198712,8.34921198718,8.34921198718,8.34921198718,8.34921198718,8.34921198722,8.34921198722,8.34921198712,8.34921198752,8.34921198772,8.3492119877,8.3492119877,8.34921198762,8.34921198762,8.34921198762,8.34921198762,8.34921198762,8.34921198772,8.34921198772,8.34921198762,8.34921198762,8.349211987266,8.349211987266,8.349211987266,8.34921198732,8.34921198732,8.34921198732,8.3492119873,8.3492119873,8.34921198742,8.34921198735,8.34921198735,8.34921198752,8.34921198732,8.34921198732,8.34921198732,5.83260649959,5.83260649959,5.83260649959,5.83260649959,5.83260649952,5.83260649992,5.83260649992,5.83260649962,5.83260649962,3.95868388542,3.95868388542,3.95868388542,3.95868388542,3.95868388542,3.95868388542,3.95868388542,3.95868388532,3.95868388532,3.95868388582,3.95868388532,3.95868388532,3.95868388532,3.95868388532,3.95868388541,3.95868388542,3.95868388542,3.95868388582,3.95868388582,3.8787428365,3.8787428365,3.8787428365,3.8787428364,3.8787428364,3.8787428364,3.8787428364,3.51010158858,3.5101015886,3.5101015886,3.51010158858,3.510101588607,3.510101588607,3.510101588507,3.510101588807,3.51010158858,3.51010158858,3.2180508508,3.2180508508,3.2180508508,3.2180508509,3.2180508509,2.0162812842,2.0162812842,0
