"accepted_species","0","1"
"t18",0.437620793771492,0.562379206228508
"t53",0.43757692616358,0.562423073836421
"t64",0.437230132766198,0.562769867233802
"t81",0.437620720220949,0.562379279779051
"t82",0.437620720220949,0.562379279779051
"t91",0.429970279116348,0.570029720883652
"t96",0.438725718023314,0.561274281976686
"t97",0.438725718023314,0.561274281976686
"t109",0.437620793771725,0.562379206228275
"t110",0.437620793771725,0.562379206228275
