accepted_species,0,1
t18,0.5162473174947304,0.48375268250526954
t44,0.5160899527383751,0.48391004726162484
t45,0.5162904847298537,0.4837095152701462
t50,0.5162468028713589,0.48375319712864107
t87,0.5161302423672999,0.4838697576327001
t88,0.5161011923747354,0.48389880762526466
t90,0.5163348855361799,0.4836651144638201
t91,0.5163187478764377,0.4836812521235623
t115,0.5161921959747098,0.48380780402529017
t116,0.5161910132430045,0.48380898675699546
