accepted_species,0,1
t18,0.43728756919213707,0.5627124308078629
t53,0.4291317996398236,0.5708682003601764
t64,0.4372167324806262,0.5627832675193738
t81,0.4333896829536318,0.5666103170463682
t82,0.4333896829536318,0.5666103170463682
t91,0.43720680625304154,0.5627931937469585
t96,0.4370964543698638,0.5629035456301362
t97,0.4370964543698638,0.5629035456301362
t109,0.43250608267232493,0.5674939173276751
t110,0.43250608267232493,0.5674939173276751
