accepted_species,0,1
t4,0.028554142,0.97144586
t41,0.00931108,0.9906889
t110,0.008763671,0.9912363
t118,0.87835956,0.121640466
t54,0.78742325,0.21257678
t93,0.9225107,0.07748931
t38,0.77061045,0.22938958
t7,0.16346538,0.8365346
t109,0.00565958,0.9943404
t20,0.0061552525,0.99384475
t129,0.010679841,0.98932016
t71,0.017545164,0.98245484
t72,0.017545164,0.98245484
