accepted_species,0,1
t4,0.0045492053,0.9954508
t41,0.0028708577,0.99712914
t110,0.0028708577,0.99712914
t118,0.9311435,0.068856455
t54,0.93658483,0.06341518
t93,0.9537713,0.046228692
t38,0.98908055,0.010919464
t7,0.015950143,0.98404986
t109,0.008325279,0.9916747
t20,0.008325279,0.9916747
t129,0.016904175,0.9830958
t71,0.007175684,0.9928243
t72,0.007175684,0.9928243
