accepted_species,0,1
t4,0.016164005,0.983836
t41,0.016665637,0.98333436
t110,0.016665637,0.98333436
t118,0.8589283,0.14107165
t54,0.7427294,0.25727054
t93,0.87346214,0.12653787
t38,0.75048685,0.24951315
t7,0.12849861,0.8715014
t109,0.019093573,0.9809064
t20,0.019093573,0.9809064
t129,0.019093573,0.9809064
t71,0.03441584,0.96558416
t72,0.03441584,0.96558416
