accepted_species,0,1
t39,0.5542036496970035,0.44579635030299647
t61,0.5633192019815361,0.436680798018464
t71,0.564014937374343,0.435985062625657
t112,0.5640498205074108,0.4359501794925892
t126,0.5512183512440995,0.44878164875590054
t143,0.556990070714247,0.44300992928575295
t144,0.5567750983749238,0.4432249016250762
t150,0.5640856262708246,0.4359143737291754
t160,0.5509471767652729,0.449052823234727
t179,0.5511461960759714,0.4488538039240287
