accepted_species,0,1
t28,0.6888888888888889,0.3111111111111111
t41,0.6888888888888889,0.3111111111111111
t44,0.6888888888888889,0.3111111111111111
t56,0.6888888888888889,0.3111111111111111
t59,0.6888888888888889,0.3111111111111111
t60,0.6888888888888889,0.3111111111111111
t69,0.6888888888888889,0.3111111111111111
t74,0.6888888888888889,0.3111111111111111
t75,0.6888888888888889,0.3111111111111111
t104,1.0,0.0
