accepted_species,0,1
t39,0.5254457343387159,0.4745542656612841
t61,0.6332613646710665,0.3667386353289334
t71,0.6278903868247974,0.3721096131752026
t112,0.6298570642750547,0.3701429357249453
t126,0.534624756750251,0.465375243249749
t143,0.5550991905784696,0.44490080942153043
t144,0.542736880607933,0.457263119392067
t150,0.6164914820455558,0.38350851795444413
t160,0.4335886868622508,0.5664113131377492
t179,0.5469674280697799,0.45303257193022006
