accepted_species,0,1
t28,0.68489015,0.31510985
t41,0.65263075,0.34736925
t44,0.65263075,0.34736925
t56,0.66553134,0.33446866
t59,0.6583252,0.3416748
t60,0.6583252,0.3416748
t69,0.68489015,0.31510985
t74,0.68489015,0.31510985
t75,0.68489015,0.31510985
t104,0.7518367,0.24816328
