accepted_species,0,1
t39,0.60954314,0.39045686
t61,0.6290504,0.37094966
t71,0.6290504,0.37094966
t112,0.6290504,0.37094966
t126,0.58029956,0.41970044
t143,0.6089568,0.39104316
t144,0.6112255,0.3887745
t150,0.5929959,0.4070041
t160,0.42247742,0.5775226
t179,0.5175772,0.48242286
