accepted_species,0,1
t28,0.6858436,0.3141564
t41,0.6858436,0.3141564
t44,0.6858436,0.3141564
t56,0.6858436,0.3141564
t59,0.74790365,0.25209635
t60,0.74790365,0.25209635
t69,0.6858436,0.3141564
t74,0.6858436,0.3141564
t75,0.6858436,0.3141564
t104,0.6858436,0.3141564
