accepted_species,0,1
t39,0.58807147,0.41192853
t61,0.58807147,0.41192853
t71,0.58807147,0.41192853
t112,0.58807147,0.41192853
t126,0.58807147,0.41192853
t143,0.58807147,0.41192853
t144,0.58807147,0.41192853
t150,0.58807147,0.41192853
t160,0.34284204,0.65715796
t179,0.58807147,0.41192853
