accepted_species,0,1
t24,0.5059469663448395,0.49405303365516057
t36,0.4903813961235628,0.5096186038764372
t62,0.5061859499199872,0.49381405008001283
t73,0.5061004281251873,0.4938995718748127
t74,0.5062010427741321,0.49379895722586786
t83,0.48952652329411683,0.5104734767058832
t106,0.4906532769490788,0.5093467230509212
t124,0.5056158654569576,0.49438413454304236
t126,0.49091461139524384,0.5090853886047562
t129,0.5045401963212761,0.4954598036787239
