"accepted_species","0","1"
"t29","0.456063144042697","0.543936855957303"
"t64","0.491435843112542","0.508564156887458"
"t68","0.491435843112542","0.508564156887458"
"t76","0.218882875090225","0.781117124909775"
"t95","0.491435843112542","0.508564156887458"
"t96","0.491435843112542","0.508564156887458"
"t112","0.16958117556752","0.83041882443248"
"t122","0.914354660141317","0.0856453398586831"
"t124","0.851500680107683","0.148499319892317"
"t137","0.080447722764111","0.919552277235889"
