accepted_species,0,1
t24,0.41348356,0.58651644
t36,0.675268,0.324732
t62,0.6336942,0.3663058
t73,0.43686235,0.56313765
t74,0.39926648,0.6007335
t83,0.3387906,0.6612094
t106,0.27774745,0.72225255
t124,0.44864506,0.55135494
t126,0.38355982,0.6164402
t129,0.30558616,0.69441384
