accepted_species,0,1
t24,0.57848567,0.42151433
t36,0.39477462,0.6052254
t62,0.5717568,0.42824322
t73,0.5834009,0.4165991
t74,0.5855254,0.4144746
t83,0.42933112,0.5706689
t106,0.37100917,0.6289908
t124,0.5709102,0.4290898
t126,0.48441887,0.51558113
t129,0.49002343,0.50997657
