accepted_species,0,1
t29,0.4572441,0.5427559
t64,0.37837446,0.62162554
t68,0.37837446,0.62162554
t76,0.4572441,0.5427559
t95,0.37837446,0.62162554
t96,0.37837446,0.62162554
t112,0.4572441,0.5427559
t122,0.60037357,0.39962643
t124,0.4667238,0.5332762
t137,0.51196426,0.48803574
