accepted_species,0,1
t24,0.7410556,0.25894436
t36,0.90223956,0.09776041
t62,0.28479713,0.71520287
t73,0.9418367,0.058163274
t74,0.58801013,0.41198987
t83,0.3823887,0.6176113
t106,0.092692554,0.90730745
t124,0.5626848,0.4373152
t126,0.25547016,0.74452984
t129,0.5885782,0.41142175
