accepted_species,0,1
t6,0.008645093891414768,0.9913549061085852
t39,0.006899381738699528,0.9931006182613005
t68,0.006530818887378165,0.9934691811126218
t37,0.006536094438514328,0.9934639055614857
t38,0.006536094438514328,0.9934639055614857
t88,0.006747971816922549,0.9932520281830775
t14,0.009224454299954998,0.990775545700045
t15,0.009224454299954998,0.990775545700045
t25,0.0359257451303191,0.9640742548696809
t26,0.0359257451303191,0.9640742548696809
