accepted_species,0,1
t6,0.017720282,0.9822797
t39,0.017720282,0.9822797
t68,0.017720282,0.9822797
t37,0.017720282,0.9822797
t38,0.017720282,0.9822797
t88,0.017720282,0.9822797
t14,0.054510474,0.9454895
t15,0.017720282,0.9822797
t25,0.017720282,0.9822797
t26,0.054510474,0.9454895
