accepted_species,0,1
t6,0.0016183853,0.9983816
t39,0.0020800233,0.99792
t68,0.0020800233,0.99792
t37,0.0020800233,0.99792
t38,0.0020800233,0.99792
t88,0.0020800233,0.99792
t14,0.001190424,0.9988096
t15,0.001190424,0.9988096
t25,0.086049676,0.9139503
t26,0.086049676,0.9139503
