accepted_species,estimate
Catharanthus_roseus,0.9902583540440966
Galium_aparine,0.049095025457513
Galium_sylvaticum,0.11855629843915051
Gardenia_ovularis,0.658643405800304
Macrocnemum_roseum,-0.3736469072598989
Nertera_dichondrifolia,-0.26995685803462305
Palicourea_faxlucens,-0.2520280918135601
Psychotria_tenuifolia,0.12945013122835067
Randia_thurberi,0.6105652894250136
Tarenna_mollissima,0.5520061813672815
