accepted_species,0
Catharanthus_roseus,-0.3007327374140545
Galium_aparine,-0.3962102191708057
Galium_sylvaticum,-0.39633236133528055
Gardenia_ovularis,0.7922335560821223
Macrocnemum_roseum,0.008428182925065626
Nertera_dichondrifolia,-0.34645352031749116
Palicourea_faxlucens,-0.14245686375113492
Psychotria_tenuifolia,-0.11160561174024634
Randia_thurberi,0.8128847046952875
Tarenna_mollissima,0.7961439040911782
