"accepted_species","0","1"
"t414",0.5,0.5
"t502",0.500000000104144,0.499999999895856
"t509",0.5,0.5
"t510",0.5,0.5
"t452",0.5,0.5
"t529",0.499993061963524,0.500006938036476
"t565",0.503733499976613,0.496266500023387
"t562",0.499995335176586,0.500004664823415
"t563",0.499995335176586,0.500004664823415
"t546",0.499096271162516,0.500903728837484
