accepted_species,0,1
t20,0.4966328344094406,0.5033671655905594
t54,0.4970911626836928,0.5029088373163072
t60,0.49697141994267957,0.5030285800573204
t70,0.49675124450447117,0.5032487554955288
t71,0.4969478642479769,0.5030521357520231
t105,0.4973427159168372,0.5026572840831628
t106,0.4972463974948337,0.5027536025051663
t137,0.4972036456053931,0.5027963543946069
t150,0.4964166885265068,0.5035833114734932
t151,0.4964151114001618,0.5035848885998382
