accepted_species,0,1
t33,0.7343820761823415,0.2656179238176585
t54,0.7342641624482652,0.2657358375517348
t55,0.7343408964640563,0.2656591035359437
t61,0.7345092004782823,0.26549079952171767
t62,0.7345837457617699,0.2654162542382302
t77,0.7345374442848931,0.26546255571510696
t78,0.7345404252519063,0.26545957474809373
t91,0.7347322331725807,0.2652677668274192
t101,0.7347851319403857,0.26521486805961425
t105,0.7348120004692437,0.26518799953075634
