accepted_species,0,1
t33,0.7414365933098187,0.2585634066901813
t54,0.7402827857357223,0.25971721426427774
t55,0.7402827857357223,0.25971721426427774
t61,0.7424071899517233,0.2575928100482768
t62,0.7424071899517233,0.2575928100482768
t77,0.7424511069876444,0.2575488930123556
t78,0.7424511069876444,0.2575488930123556
t91,0.7430866295537863,0.2569133704462136
t101,0.7431058552663219,0.25689414473367816
t105,0.7431104676666387,0.25688953233336126
