accepted_species,0,1
t20,0.5073319268211072,0.49266807317889283
t54,0.5073102734239178,0.49268972657608223
t60,0.5076299128992064,0.49237008710079355
t70,0.507283541675348,0.49271645832465205
t71,0.5071928329470412,0.49280716705295874
t105,0.5077128109736582,0.4922871890263419
t106,0.5074576840574007,0.49254231594259934
t137,0.5076734409641349,0.4923265590358651
t150,0.5078871669442944,0.49211283305570563
t151,0.5078525675532467,0.4921474324467533
