"accepted_species","0","1"
"t33","0.510463159045407","0.489536840954593"
"t54","0.502364883767435","0.497635116232565"
"t55","0.502364883767435","0.497635116232565"
"t61","0.519121514175286","0.480878485824714"
"t62","0.519121514175286","0.480878485824714"
"t77","0.519121514175286","0.480878485824714"
"t78","0.519121514175286","0.480878485824714"
"t91","0.967077972764863","0.0329220272351366"
"t101","0.992981448478596","0.00701855152140424"
"t105","0.996908089384184","0.00309191061581642"
