"accepted_species","0","1"
"t33","0.510463173147272","0.489536826852728"
"t54","0.502364897925084","0.497635102074916"
"t55","0.502364897925084","0.497635102074916"
"t61","0.519121263551842","0.480878736448158"
"t62","0.519121263551842","0.480878736448158"
"t77","0.519121263551842","0.480878736448158"
"t78","0.519121263551842","0.480878736448158"
"t91","0.967077391996722","0.0329226080032779"
"t101","0.99298137714721","0.00701862285279013"
"t105","0.996908042816785","0.00309195718321529"
