accepted_species,0,1
t33,0.8374538,0.16254623
t54,0.8836565,0.11634347
t55,0.8836565,0.11634347
t61,0.8836565,0.11634347
t62,0.8836565,0.11634347
t77,0.8374538,0.16254623
t78,0.8836565,0.11634347
t91,0.8836565,0.11634347
t101,0.8836565,0.11634347
t105,0.8836565,0.11634347
