accepted_species,0,1
t20,0.67324936,0.32675064
t54,0.615532,0.38446802
t60,0.615532,0.38446802
t70,0.39760554,0.60239446
t71,0.39760554,0.60239446
t105,0.33594394,0.66405606
t106,0.33594394,0.66405606
t137,0.332169,0.667831
t150,0.33317405,0.66682595
t151,0.33317405,0.66682595
