accepted_species,0,1
Hyperacanthus_amoenus,0.9399691,0.060030863
Tricalysia_boiviniana,0.9399691,0.060030863
Leptactina_arborescens,0.9399691,0.060030863
Euclinia_longiflora,0.9399691,0.060030863
Rondeletia_vazquezii,0.9399691,0.060030863
Neonauclea_tsaiana,0.9399691,0.060030863
Alseis_floribunda,0.9399691,0.060030863
Mussaenda_corymbosa,0.9399691,0.060030863
Cuviera_truncata,0.9399691,0.060030863
Sabicea_boliviensis,0.9399691,0.060030863
