accepted_species,0,1
Hyperacanthus_amoenus,0.9426488,0.05735119
Tricalysia_boiviniana,0.9426488,0.05735119
Leptactina_arborescens,0.9426488,0.05735119
Euclinia_longiflora,0.9426488,0.05735119
Rondeletia_vazquezii,0.9426488,0.05735119
Neonauclea_tsaiana,0.9426488,0.05735119
Alseis_floribunda,0.9426488,0.05735119
Mussaenda_corymbosa,0.9426488,0.05735119
Cuviera_truncata,0.9426488,0.05735119
Sabicea_boliviensis,0.9426488,0.05735119
