accepted_species,0,1
Hyperacanthus_amoenus,0.99084955,0.009150433
Tricalysia_boiviniana,0.99084955,0.009150433
Leptactina_arborescens,0.99084955,0.009150433
Euclinia_longiflora,0.9930244,0.0069755875
Rondeletia_vazquezii,0.9930244,0.0069755875
Neonauclea_tsaiana,0.9930244,0.0069755875
Alseis_floribunda,0.9930244,0.0069755875
Mussaenda_corymbosa,0.9930244,0.0069755875
Cuviera_truncata,0.99084955,0.009150433
Sabicea_boliviensis,0.9930244,0.0069755875
