accepted_species,0,1
Hyperacanthus_amoenus,0.9392842,0.060715802
Tricalysia_boiviniana,0.9392842,0.060715802
Leptactina_arborescens,0.9392842,0.060715802
Euclinia_longiflora,0.9392842,0.060715802
Rondeletia_vazquezii,0.9392842,0.060715802
Neonauclea_tsaiana,0.9392842,0.060715802
Alseis_floribunda,0.9392842,0.060715802
Mussaenda_corymbosa,0.9392842,0.060715802
Cuviera_truncata,0.9392842,0.060715802
Sabicea_boliviensis,0.9392842,0.060715802
