accepted_species,estimate
Asperula_molluginoides,-0.2975138220519074
Coprosma_quadrifida,0.14030862117093046
Coprosma_rhamnoides,0.1402912584953348
Galium_angustifolium,-0.3217493817864017
Galium_divaricatum,-0.3436165939687362
Galium_tenuissimum,-0.29856017763750314
Galium_triflorum,-0.33420269939980746
Galium_verum,-0.33880948194417565
Nertera_dichondrifolia,0.13732506910411862
Spermacoce_leptoloba,0.10656703361456199
