accepted_species,0
Asperula_molluginoides,-0.40023141897117
Coprosma_quadrifida,0.09789048019387907
Coprosma_rhamnoides,0.09789048019387907
Galium_angustifolium,-0.39753972233147605
Galium_divaricatum,-0.42150416921823325
Galium_tenuissimum,0.09789048019387907
Galium_triflorum,0.09789048019387907
Galium_verum,0.09789048019387907
Nertera_dichondrifolia,0.09789048019387907
Spermacoce_leptoloba,0.09789048019387907
