accepted_species,estimate
t6,-0.4265369782981009
t93,0.4190350270214064
t32,0.32197115614770977
t77,0.6266642858306616
t59,1.0726220402852378
t40,1.2350855646777519
t61,1.1336549607570778
t50,-0.3749211587184328
t78,0.18693948152039103
t80,1.0491646578948548
