accepted_species,estimate
t6,-0.1782290651338138
t93,0.18512617339327492
t32,0.1821218238764475
t77,0.7139916159867775
t59,0.709644920195468
t40,0.7051905828067522
t61,0.6776254261981107
t50,-1.0324978333849906
t78,0.23106909015143773
t80,1.5195256163953799
