accepted_species,estimate
t6,-0.359926193409502
t93,0.3777566363917709
t32,-0.26328611672279173
t77,0.7440323160124906
t59,0.7577443792027916
t40,0.7017484144775681
t61,0.7199501769349643
t50,-1.2087442956169132
t78,0.6798092002658385
t80,1.4605496426304123
