accepted_species,estimate
t44,0.8504964159359495
t56,0.8513062734245254
t36,0.8514294641251938
t68,0.8578300371392843
t92,0.8602312914391501
t95,0.8603468917649375
t96,0.8603468917649375
t65,0.8381168949230282
t70,0.8385678861661127
t71,0.8385678861661122
