accepted_species,estimate
t44,0.9189632260206146
t56,1.016354249243031
t36,0.9133337769819689
t68,0.9031332300338526
t92,0.9845872647398537
t95,1.1211161303272072
t96,0.920184331984989
t65,0.4320071991458055
t70,0.45910097282099965
t71,0.37255331890638793
