accepted_species,0
t44,-0.12839910918309216
t56,-0.12839910918309216
t36,-0.12839910918309216
t68,-0.12839910918309216
t92,-0.12839910918309216
t95,-0.12839910918309216
t96,-0.12839910918309216
t65,-0.12839910918309216
t70,-0.12839910918309216
t71,-0.12839910918309216
