accepted_species,estimate
t44,1.4091789
t56,1.4974198
t36,1.181913
t68,0.998186
t92,1.1789857
t95,1.189361
t96,1.189361
t65,0.91941035
t70,0.8694612
t71,0.8827196
