accepted_species,0
t77,0.009350289833904353
t104,0.009350289833904353
t129,0.009350289833904353
t19,0.009350289833904353
t72,0.009350289833904353
t143,0.583711115600747
t141,0.009350289833904353
t90,0.009350289833904353
t87,0.009350289833904353
t18,0.009350289833904353
t28,0.009350289833904353
t10,0.009350289833904353
t3,0.009350289833904353
t2,0.009350289833904353
t45,0.009350289833904353
t11,0.009350289833904353
