accepted_species,0,1
t92,0.23787482761904621,0.7621251723809538
t112,0.23737089979612347,0.7626291002038765
t130,0.2376154958813257,0.7623845041186743
t144,0.23756664935724958,0.7624333506427504
t152,0.23773640510904437,0.7622635948909556
t166,0.23776339499029442,0.7622366050097056
t173,0.23784336279013762,0.7621566372098624
t174,0.23785552017827083,0.7621444798217292
t187,0.23782816476732838,0.7621718352326716
t188,0.23782755002942213,0.7621724499705779
