accepted_species,0,1
t27,0.8796424874008475,0.12035751259915256
t54,0.8676053767509825,0.13239462324901752
t57,0.8815356279552183,0.11846437204478162
t58,0.8720303196185264,0.1279696803814736
t89,0.8853379568576576,0.11466204314234235
t90,0.8793147913567723,0.12068520864322775
t91,0.8836323551632098,0.11636764483679017
t92,0.8788946846262058,0.1211053153737942
t93,0.8644469958409746,0.13555300415902535
t94,0.860680072609323,0.13931992739067703
