accepted_species,0,1
t27,0.7612851069775324,0.23871489302246762
t54,0.7606683613776217,0.23933163862237833
t57,0.7613450864685648,0.2386549135314352
t58,0.7612719788612208,0.23872802113877925
t89,0.7606244025999742,0.23937559740002579
t90,0.7605740430322994,0.23942595696770066
t91,0.7590547169040409,0.24094528309595903
t92,0.7590826756219156,0.24091732437808444
t93,0.7615997819757898,0.23840021802421013
t94,0.7615933578017111,0.23840664219828892
