accepted_species,0,1
t92,0.245215813436772,0.754784186563228
t112,0.24532468742761926,0.7546753125723807
t130,0.24536256324012407,0.7546374367598759
t144,0.2453803297194448,0.7546196702805552
t152,0.24538349214633426,0.7546165078536657
t166,0.24539908411585687,0.7546009158841431
t173,0.24540425858436166,0.7545957414156383
t174,0.24540425858436166,0.7545957414156383
t187,0.24536094923181306,0.7546390507681869
t188,0.24536094923181306,0.7546390507681869
