accepted_species,0,1
t92,0.75990283,0.24009714
t112,0.75990283,0.24009714
t130,0.75990283,0.24009714
t144,0.75990283,0.24009714
t152,0.75990283,0.24009714
t166,0.75990283,0.24009714
t173,0.75990283,0.24009714
t174,0.75990283,0.24009714
t187,0.75990283,0.24009714
t188,0.75990283,0.24009714
