accepted_species,estimate
t94,0.9668424376462438
t123,1.0919928608765337
t42,0.14494797632762477
t70,-0.22645776194318426
t113,-0.479311387781685
t77,0.0021227646480341603
t18,0.27729838907993865
t55,0.31410348697367463
t88,0.23034524038073464
t149,0.18063425140670938
t43,0.3032242927333134
t48,0.6250012928669972
t49,0.6503332028396971
t56,0.3513975442383013
t98,-0.06997340966274182
