accepted_species,estimate
t25,-0.2904315860600652
t18,-0.33262854733768726
t26,-0.19038220459622573
t27,-0.12062588044445816
t42,-0.68521127204923
t43,-0.4008449348460887
t82,-0.26867057366009645
t64,0.0529068494191392
t91,-0.40443749334775164
t19,-0.31514348846457513
