accepted_species,0
t25,
t18,
t26,
t27,
t42,
t43,
t82,-0.684901258258551
t64,-0.684901258258551
t91,-1.46362043935543
t19,
