accepted_species,0
t25,0.04502327566949471
t18,0.04502327566949471
t26,0.04502327566949471
t27,0.04502327566949471
t42,0.04502327566949471
t43,0.04502327566949471
t82,-0.684901258258551
t64,-0.684901258258551
t91,-1.46362043935543
t19,0.04502327566949471
