accepted_species,0,1
sp19,0.6145649369148062,0.3854350630851938
sp27,0.46230891137116825,0.5376910886288317
sp31,0.6238377665109633,0.3761622334890367
sp37,0.6262028561780992,0.37379714382190077
sp76,0.6136312339407314,0.3863687660592686
sp96,0.625571792651695,0.374428207348305
sp103,0.4786567418306785,0.5213432581693215
sp107,0.460486947925975,0.539513052074025
sp111,0.6238141643306867,0.37618583566931324
sp123,0.6233475285093343,0.3766524714906657
