accepted_species,0,1
sp19,0.5555555555555556,0.4444444444444444
sp27,0.5555555555555556,0.4444444444444444
sp31,0.5555555555555556,0.4444444444444444
sp37,0.5555555555555556,0.4444444444444444
sp76,0.5555555555555556,0.4444444444444444
sp96,0.5555555555555556,0.4444444444444444
sp103,0.5555555555555556,0.4444444444444444
sp107,0.5555555555555556,0.4444444444444444
sp111,0.5555555555555556,0.4444444444444444
sp123,1.0,0.0
