accepted_species,0,1
t57,0.109375,0.890625
t58,0.109375,0.890625
t107,0.109375,0.890625
t95,0.109375,0.890625
t96,0.109375,0.890625
t141,0.109375,0.890625
t142,0.109375,0.890625
t53,0.109375,0.890625
t109,0.109375,0.890625
t110,0.109375,0.890625
t89,0.109375,0.890625
t86,0.109375,0.890625
t70,0.109375,0.890625
t103,0.109375,0.890625
