accepted_species,0,1
t57,0.035875738,0.96412426
t58,0.035875738,0.96412426
t107,0.061279237,0.93872076
t95,0.07197124,0.92802876
t96,0.07197124,0.92802876
t141,0.76707214,0.23292786
t142,0.76707214,0.23292786
t53,0.44668227,0.5533177
t109,0.88235587,0.11764415
t110,0.88235587,0.11764415
t89,0.70553905,0.29446095
t86,0.6438867,0.3561133
t70,0.5627932,0.4372068
t103,0.08366972,0.9163303
