accepted_species,0
t52,-0.010022794669365715
t26,-0.010022794669365715
t79,-0.36601258603848
t81,0.0567891477947778
t74,0.125128226537662
t20,-0.010022794669365715
t78,1.59226570654038
t51,-0.010022794669365715
t94,-0.387382549049171
t64,-0.580876286187409
