"accepted_species","estimate"
"t52",-0.287651618158278
"t26",-0.15430933807927
"t79",-0.286270795368844
"t81",0.05267658720927
"t74",0.021460600416774
"t20",-0.142229190006342
"t78",1.54617557851905
"t51",1.04712562569843
"t94",-0.361577963722606
"t64",-0.531043117404648
