"accepted_species","estimate"
"t51",0.714159649618533
"t36",-0.170779264109502
"t27",-0.0268221290276847
"t28",-0.0268221290276847
"t78",1.1805672444756
"t84",1.22825328386582
"t38",0.822393422713691
"t61",1.04426431918586
"t82",0.128952181747723
"t2",-0.422982121125255
