accepted_species,0,1
t19,0.001140008839063622,0.9988599911609364
t8,0.14921100307687185,0.8507889969231281
t59,0.15309383892277328,0.8469061610772267
t15,0.12800300229928308,0.8719969977007169
t86,0.127827061353589,0.872172938646411
t95,0.13156109228316082,0.8684389077168392
t51,0.13720340178620083,0.8627965982137992
t44,0.17498543939237288,0.8250145606076271
t38,0.17206539259980147,0.8279346074001985
t22,0.18546829335965553,0.8145317066403445
