"accepted_species","estimate"
"t98",0.213019177572496
"t15",-1.1661150396438
"t29",-0.661782264658951
"t50",0.284137315885689
"t81",0.284514754459987
"t10",0.183609609561687
"t47",-0.814044921249446
"t4",-0.740979273008311
"t61",-0.155539482781715
"t18",0.688031021284987
