accepted_species,0
t68,-0.06462099705385001
t69,-0.06462099705385001
t44,-0.06462099705385001
t79,-0.06462099705385001
t80,-0.06462099705385001
t21,-0.06462099705385001
t97,0.591991520917535
t31,-0.06462099705385001
t65,-0.06462099705385001
t11,-0.06462099705385001
