accepted_species,0
t81,0.00468400681084717
t92,0.00468400681084717
t59,0.00468400681084717
t110,0.00468400681084717
t115,0.00468400681084717
t116,0.00468400681084717
t84,0.00468400681084717
t85,0.00468400681084717
t35,0.00468400681084717
t75,0.00468400681084717
t76,0.00468400681084717
t57,0.00468400681084717
t29,0.00468400681084717
