accepted_species,0,1
sp104,0.4874816,0.5125184
sp118,0.45701724,0.54298276
sp126,0.2286514,0.7713486
sp137,0.2286514,0.7713486
sp163,0.355577,0.644423
sp164,0.49389392,0.5061061
sp172,0.355577,0.644423
sp204,0.3521453,0.6478547
sp207,0.67985964,0.32014033
sp213,0.67985964,0.32014033
