accepted_species,0,1
sp104,0.37941182,0.6205882
sp118,0.5116521,0.48834792
sp126,0.2916898,0.7083102
sp137,0.28350562,0.7164944
sp163,0.3964784,0.6035216
sp164,0.58498627,0.41501373
sp172,0.3653134,0.6346866
sp204,0.37855667,0.62144333
sp207,0.681795,0.31820503
sp213,0.6692935,0.33070648
