"accepted_species","estimate"
"t93",-1.29808687091454
"t80",-0.746275219150524
"t81",-0.746275219150524
"t70",-0.746275219150524
"t99",-0.746275219150524
"t100",-0.746275219150524
"t20",-1.01189365601532
"t35",-1.07155677619832
"t65",-0.979901798846066
"t66",-0.979901798846066
