accepted_species,0,1
Vincetoxicum_iphisia,0.99248934,0.0075106695
Oxypetalum_fiebrigii,0.99248934,0.0075106695
Metastelma_broadwayi,0.99248934,0.0075106695
Cynanchum_obovatum,0.99248934,0.0075106695
Oxypetalum_brachystemma,0.99248934,0.0075106695
Oxypetalum_dombeyanum,0.99248934,0.0075106695
Oxypetalum_nanum,0.99248934,0.0075106695
Asclepias_crassinervis,0.99248934,0.0075106695
Aspidoglossum_difficile,0.99248934,0.0075106695
Xysmalobium_gramineum,0.99248934,0.0075106695
