accepted_species,0
Asclepias_erosa,0.1901554529973865
Coffea_arabica,0.1901554529973865
Galium_bifolium,0.1901554529973865
Galium_trifidum,0.1901554529973865
Gentiana_sceptrum,0.1901554529973865
Gentiana_utriculosa,0.1901554529973865
Guettarda_elliptica,0.1901554529973865
Guettarda_tikalana,0.1901554529973865
Psychotria_marginata,0.1901554529973865
Tabernaemontana_arborea,0.1901554529973865
