"accepted_species","estimate"
"t38",0.588680324901751
"t39",0.588680324901751
"t68",1.81400960495152
"t56",1.33953269677239
"t65",1.31895273025186
"t22",1.30302685782174
"t42",1.23286242519661
"t43",1.23286242519661
"t97",1.19506702362286
"t98",1.19506702362286
