accepted_species,estimate
t56,-0.3578947396466772
t57,-0.3578947396466774
t12,-0.3060223314694489
t9,-0.2744892283512304
t75,-0.5481922460680879
t76,-0.5481922460680887
t83,-0.6296234433083102
t90,-0.6335530001211089
t91,-0.633553000121109
t5,-0.29709755516902314
