accepted_species,estimate
t56,0.2565891
t57,0.2565891
t12,0.2565891
t9,0.2565891
t75,0.31117356
t76,0.2565891
t83,0.31117356
t90,0.2565891
t91,0.31117356
t5,0.2565891
