accepted_species,estimate
t56,-0.15754534
t57,-0.15754534
t12,-0.15754534
t9,-0.15754534
t75,-0.15754534
t76,-0.15754534
t83,-0.15754534
t90,-0.15754534
t91,-0.15754534
t5,-0.15754534
