accepted_species,0,1
sp32,0.7873501834395106,0.21264981656048942
sp47,0.5949431503805223,0.4050568496194778
sp49,0.8127844550286462,0.18721554497135384
sp76,0.5248083775281251,0.4751916224718749
sp82,0.9999772098937638,2.2790106236175293e-05
sp83,0.9446292834118122,0.05537071658818785
sp101,0.9999808772302691,1.912276973088481e-05
sp104,0.9934703395950947,0.006529660404905306
sp111,0.8165240354812535,0.18347596451874645
sp114,0.9978325521477118,0.0021674478522882
