accepted_species,0,1
sp32,0.8268588,0.1731412
sp47,0.719123,0.28087696
sp49,0.8268588,0.1731412
sp76,0.7211914,0.27880862
sp82,0.9605781,0.039421942
sp83,0.8789552,0.12104483
sp101,0.9605781,0.039421942
sp104,0.9605781,0.039421942
sp111,0.8980459,0.10195412
sp114,0.9605781,0.039421942
