accepted_species,estimate
Asperula_glomerata,-0.40371188372757094
Asperula_molluginoides,-0.40371188372757094
Cruciata_glabra,-0.40135086020616517
Galium_labradoricum,-0.4025137108987159
Galium_odoratum,-0.4282764154273452
Galium_palustre,-0.4175581339893174
Galium_tenuissimum,-0.4025137108987209
Galium_verum,-0.42827641542734596
Rubia_peregrina,-0.34470387799393454
Sherardia_arvensis,-0.3929001607795003
