accepted_species,estimate
Asperula_glomerata,-0.6824039036687086
Asperula_molluginoides,-0.6633380155777142
Cruciata_glabra,-1.1727297814665514
Galium_labradoricum,-0.9870161787498359
Galium_odoratum,0.21259859783502885
Galium_palustre,-0.33407241908592056
Galium_tenuissimum,-0.9915674377369252
Galium_verum,0.1883082499883035
Rubia_peregrina,-1.5093889903940614
Sherardia_arvensis,-1.47757504046959
