accepted_species,0
Asperula_glomerata,0.11543778370445881
Asperula_molluginoides,0.11543778370445881
Cruciata_glabra,0.11543778370445881
Galium_labradoricum,0.11543778370445881
Galium_odoratum,-0.41800420277557215
Galium_palustre,-0.403746156697262
Galium_tenuissimum,0.11543778370445881
Galium_verum,-0.41800420277557215
Rubia_peregrina,0.11543778370445881
Sherardia_arvensis,0.11543778370445881
