accepted_species,estimate
t5,0.14739819299399404
t34,-0.44720536773495223
t47,-1.8743319130844043
t49,-1.876126292367212
t62,-1.1142968519405616
t10,0.6685733665162652
t43,0.5534960601388407
t8,0.4731807554674734
t75,-0.04573171867663996
t92,-0.05127699050957467
