accepted_species,estimate
t5,0.3389057
t34,-0.80967695
t47,-0.12113538
t49,-0.33996236
t62,-1.2893307
t10,0.5048924
t43,1.3693341
t8,-0.25103208
t75,0.067707695
t92,-0.31275734
