accepted_species,0,1
t11,0.99529755,0.004702477
t58,0.9763506,0.023649376
t60,0.9918108,0.008189208
t44,0.9861059,0.013894073
t108,0.9861059,0.013894073
t109,0.9861059,0.013894073
t156,0.9861059,0.013894073
t110,0.9861059,0.013894073
t75,0.9861059,0.013894073
t76,0.9861059,0.013894073
t73,0.9918108,0.008189208
t74,0.9861059,0.013894073
t144,0.9763506,0.023649376
t51,0.9918108,0.008189208
t9,0.99529755,0.004702477
