accepted_species,0,1
t38,0.48928524730173784,0.5107147526982622
t53,0.5282075952321976,0.47179240476780243
t58,0.5803552677492099,0.4196447322507901
t87,0.5883904661292407,0.41160953387075927
t93,0.4729370406508633,0.5270629593491367
t99,0.42568640304392014,0.5743135969560799
t111,0.5347170143616509,0.4652829856383492
t112,0.5895913263078985,0.4104086736921016
t124,0.45207311873322664,0.5479268812667734
t125,0.4545075857006512,0.5454924142993488
