accepted_species,0,1
t38,0.4174273829187801,0.5825726170812199
t53,0.40083872402144527,0.5991612759785547
t58,0.4078843409688674,0.5921156590311326
t87,0.3902785511781156,0.6097214488218844
t93,0.42207387472694136,0.5779261252730586
t99,0.42407408202250285,0.5759259179774971
t111,0.38901594078188606,0.6109840592181139
t112,0.3891577527468034,0.6108422472531966
t124,0.42591331420779166,0.5740866857922083
t125,0.42590943164250616,0.5740905683574938
