accepted_species,0,1
t38,0.3918741878821925,0.6081258121178075
t53,0.4059886956416501,0.5940113043583499
t58,0.4020010916411394,0.5979989083588606
t87,0.4119236225769285,0.5880763774230715
t93,0.4451448803263305,0.5548551196736695
t99,0.4431434367652838,0.5568565632347162
t111,0.41465708158918724,0.5853429184108128
t112,0.4135905992907495,0.5864094007092505
t124,0.44366476268057065,0.5563352373194294
t125,0.44366287967692886,0.5563371203230711
