accepted_species,0,1
t58,0.4673572823007722,0.5326427176992278
t74,0.4700843625924762,0.5299156374075238
t75,0.4700843625924762,0.5299156374075238
t103,0.467299864273949,0.532700135726051
t104,0.467299864273949,0.532700135726051
t125,0.4672496216382571,0.5327503783617429
t136,0.46724758871389993,0.5327524112861001
t139,0.47021905463359204,0.529780945366408
t145,0.46730713929023715,0.5326928607097628
t155,0.4702383680197657,0.5297616319802343
