"accepted_species","estimate"
"t15",-0.25346633783488
"t77",-0.735302908438175
"t10",-0.420249978618142
"t100",0.24557415015116
"t52",-0.41729450347952
"t84",-0.390559678898935
"t40",-0.478088675469826
"t32",1.03475141153057
"t61",1.70785204771033
"t39",0.669648823544989
