accepted_species,0,1
Macropharynx_abnorma,0.9640466,0.035953417
Forsteronia_velloziana,0.97610265,0.023897348
Gentianella_pallide-lilacina,0.9831561,0.016843935
Cynanchum_fasciculiflorum,0.9307674,0.069232576
Alyxia_lackii,0.9412547,0.058745332
Gonolobus_gritensis,0.8531261,0.14687388
Harmandiella_cordifolia,0.3882699,0.6117301
Macropharynx_renteriae,0.94235986,0.05764013
Gonolobus_bakeri,0.7798146,0.22018538
Aganosma_schlechteriana,0.97610265,0.023897348
