"accepted_species","estimate"
"t85",-0.742037696762562
"t86",-0.742037696762562
"t97",-0.742037696762562
"t98",-0.742037696762562
"t95",-0.742037696762562
"t96",-0.742037696762562
"t35",-0.742037696762562
"t9",-0.742037696762562
"t27",-0.729027973538594
"t28",-0.729027973538594
