accepted_species,estimate
t4,-1.0882462
t95,-1.5341413
t96,-0.98641723
t77,-1.1346308
t78,-1.2797518
t66,-1.3317914
t67,-0.98641723
t32,-0.98641723
t93,-1.4980421
t94,-1.4980421
