accepted_species,estimate
Asclepias_incarnata,-0.36305232608021426
Calotropis_gigantea,-0.3236958072573409
Calycophyllum_candidissimum,0.2812893885744566
Coffea_arabica,0.28799897966035115
Gentianella_campestris,-0.4495199126158665
Ixora_javanica,0.2877773450933336
Psychotria_grandis,0.5805956779754083
Richardia_stellaris,0.14610626248186293
Rothmannia_urcelliformis,0.28828676530742064
Tabernaemontana_alba,0.3009261629061746
