"accepted_species","0","1"
"t216",0.594453077759398,0.405546922240602
"t228",0.593944703654813,0.406055296345187
"t274",0.593160190438826,0.406839809561174
"t276",0.68567515358154,0.31432484641846
"t279",0.518019570963756,0.481980429036244
"t283",0.459413512659066,0.540586487340934
"t289",0.519205644280045,0.480794355719955
"t307",0.174378128964934,0.825621871035066
"t314",0.924255091929672,0.0757449080703276
"t318",0.987121419880985,0.0128785801190148
