"accepted_species","0","1"
"t19",0.726257655019296,0.273742344980704
"t24",0.726259418886289,0.273740581113712
"t25",0.726259418886289,0.273740581113712
"t42",0.726259418886289,0.273740581113712
"t56",0.726259418886289,0.273740581113712
"t57",0.726332641807865,0.273667358192135
"t60",0.726021350790735,0.273978649209265
"t88",0.724379823970252,0.275620176029748
"t115",0.660211235960553,0.339788764039447
"t144",0.862506238656472,0.137493761343528
