accepted_species,0,1
t216,0.6496739218598777,0.35032607814012234
t228,0.6559007814471582,0.34409921855284176
t274,0.6517356945192805,0.34826430548071946
t276,0.662207527775994,0.33779247222400594
t279,0.4759643994499222,0.5240356005500778
t283,0.47576044774211024,0.5242395522578898
t289,0.6355163971160103,0.3644836028839897
t307,0.63326969333489,0.3667303066651099
t314,0.6516015445026825,0.3483984554973175
t318,0.5077233022603377,0.4922766977396623
