accepted_species,0,1
t216,0.6119343807960059,0.38806561920399407
t228,0.6107393086703328,0.3892606913296672
t274,0.6274220690868886,0.3725779309131115
t276,0.6245661052699982,0.3754338947300018
t279,0.5194797200343247,0.48052027996567526
t283,0.5238943578341869,0.4761056421658131
t289,0.5479039177189449,0.4520960822810552
t307,0.5462063860926742,0.4537936139073257
t314,0.6127249598767901,0.3872750401232099
t318,0.5862981272795487,0.4137018727204513
