accepted_species,0,1
t19,0.6546221015390987,0.34537789846090133
t24,0.6555049204478485,0.3444950795521516
t25,0.6550169716354383,0.34498302836456174
t42,0.6533517638339417,0.34664823616605833
t56,0.6532439383843989,0.34675606161560113
t57,0.6548586445424955,0.3451413554575045
t60,0.6602363243058536,0.3397636756941465
t88,0.6527604315622968,0.3472395684377032
t115,0.6468563208851569,0.3531436791148431
t144,0.6605353954707706,0.33946460452922944
