accepted_species,0,1
t19,0.9625723884907195,0.037427611509280485
t24,0.6287942124976741,0.3712057875023259
t25,0.628794212497674,0.371205787502326
t42,0.6225808987890803,0.3774191012109197
t56,0.6225808987890806,0.3774191012109194
t57,0.6823064063724784,0.3176935936275216
t60,0.685050691182624,0.31494930881737604
t88,0.6407968331134732,0.3592031668865268
t115,0.5722759027270456,0.42772409727295435
t144,0.3282939627571948,0.6717060372428052
