accepted_species,0,1
t216,0.9855296,0.0144703835
t228,0.73496485,0.26503518
t274,0.22212785,0.77787215
t276,0.9004838,0.099516205
t279,0.20796478,0.7920352
t283,0.0056200624,0.99437994
t289,0.8658853,0.1341147
t307,0.5316718,0.46832818
t314,0.5411874,0.45881262
t318,0.77984476,0.22015522
