accepted_species,0,1
t216,0.74620104,0.25379893
t228,0.6487429,0.3512571
t274,0.66187024,0.33812973
t276,0.6945045,0.30549547
t279,0.3915214,0.6084786
t283,0.20306885,0.79693115
t289,0.4410439,0.5589561
t307,0.4410439,0.5589561
t314,0.6487429,0.3512571
t318,0.71683764,0.28316236
