accepted_species,0,1
sp211,0.88248307,0.117516935
sp223,0.16158658,0.8384134
sp243,0.19320089,0.8067991
sp245,0.19320089,0.8067991
sp253,0.9095844,0.09041557
sp257,0.16227323,0.8377268
sp259,0.9369035,0.06309652
sp261,0.046390176,0.9536098
sp268,0.1646986,0.8353014
sp272,0.0542413,0.9457587
