accepted_species,0,1
sp43,0.5777777777777777,0.4222222222222222
sp44,0.5777777777777777,0.4222222222222222
sp83,0.5777777777777777,0.4222222222222222
sp100,0.5777777777777777,0.4222222222222222
sp103,0.5777777777777777,0.4222222222222222
sp104,0.5777777777777777,0.4222222222222222
sp112,0.5777777777777777,0.4222222222222222
sp119,0.5777777777777777,0.4222222222222222
sp120,0.5777777777777777,0.4222222222222222
sp122,1.0,0.0
