accepted_species,0
t3,0.024516054791405326
t30,0.024516054791405326
t15,0.024516054791405326
t28,0.024516054791405326
t53,0.024516054791405326
t68,-0.405963903365456
t22,0.024516054791405326
t78,0.120672810063821
t79,0.120672810063821
t88,-0.6541010144293784
