"accepted_species","estimate"
"t3",-0.504486646880953
"t30",-0.480849299678545
"t15",-0.571272443044112
"t28",-0.455379709696002
"t53",-0.290346090082651
"t68",-0.350016349079026
"t22",-0.439918940880651
"t78",-0.190479308299996
"t79",-0.190479308299996
"t88",-0.559781799029943
