accepted_species,0
t29,0.040125968513371094
t43,0.040125968513371094
t62,0.040125968513371094
t70,0.040125968513371094
t56,0.040125968513371094
t94,1.18774387296488
t48,0.040125968513371094
t11,0.040125968513371094
t83,0.040125968513371094
t41,0.040125968513371094
