"accepted_species","estimate"
"t29",-1.06332007664231
"t43",0.188529394339611
"t62",-0.248282375697425
"t70",0.121312360520697
"t56",1.46333724593175
"t94",1.13140071217685
"t48",-0.249010914888837
"t11",-0.26272860811936
"t83",-1.44104956482408
"t41",-0.710148371161096
