"accepted_species","estimate"
"t29",-1.0716109278232
"t43",0.169891698918244
"t62",-0.237724346907799
"t70",0.12236673854816
"t56",1.53336712520082
"t94",1.15432561623429
"t48",-0.271089458005894
"t11",-0.279630106247162
"t83",-1.42391347127303
"t41",-0.725278723939005
