accepted_species,estimate
t26,-0.5238685538934692
t4,-0.6412629081655105
t49,-1.152211271113811
t60,-1.1748138573745004
t40,-1.239511977489416
t72,0.1183730799038766
t74,0.11812240728554732
t88,-0.5203597120291509
t98,-0.01684591022978501
t5,0.12760016967796484
