accepted_species,0
t26,0.5285747009658013
t4,0.1896516891808312
t49,-1.26257081836602
t60,-1.2597072747453903
t40,-1.2027821134807877
t72,0.15408915326795075
t74,0.154805573571029
t88,-0.7814777625915418
t98,0.015958170496415694
t5,0.008360637747840266
