"accepted_species","estimate"
"t65",-0.322013092358174
"t27",0.42947431349828
"t29",-0.0442299841540174
"t75",-0.340211418128282
"t3",-0.238342244946622
"t84",0.19804874744016
"t62",-0.0411032456930885
"t73",-0.959602567563995
"t36",-0.1277879460223
"t58",0.333583971304859
