accepted_species,estimate
t28,0.8521532340286968
t42,1.0779777084268953
t72,0.7759321776348087
t82,0.6318983453014064
t69,0.5706921494313493
t37,0.21134004765916473
t6,0.9132965208578405
t44,0.9347760857431824
t61,0.6367923598021047
t62,0.8101169935198835
