accepted_species,estimate
t28,0.7330635
t42,0.757499
t72,0.7521705
t82,0.7521705
t69,1.4811156
t37,0.88807714
t6,0.09618636
t44,2.033038
t61,0.68184334
t62,1.8237371
