accepted_species,0,1
sp80,0.6903732527334239,0.3096267472665761
sp101,0.6903967601132402,0.30960323988675975
sp112,0.6904526815720688,0.3095473184279312
sp145,0.690390081568648,0.309609918431352
sp146,0.6902158660843611,0.30978413391563886
sp149,0.6904376349923906,0.30956236500760936
sp158,0.6903362576670358,0.3096637423329642
sp159,0.6904857577210926,0.3095142422789075
sp172,0.6902106833934101,0.30978931660659
sp173,0.6901547684855176,0.30984523151448246
