accepted_species,0,1
sp80,0.6940263,0.3059737
sp101,0.6940263,0.3059737
sp112,0.6940263,0.3059737
sp145,0.6940263,0.3059737
sp146,0.6940263,0.3059737
sp149,0.6940263,0.3059737
sp158,0.6940263,0.3059737
sp159,0.6940263,0.3059737
sp172,0.6940263,0.3059737
sp173,0.6940263,0.3059737
