accepted_species,0,1
t31,0.6556882129677538,0.3443117870322462
t62,0.6992761396249639,0.30072386037503607
t78,0.654559163589057,0.34544083641094303
t98,0.6517661329715703,0.3482338670284298
t106,0.6856337917966089,0.3143662082033912
t107,0.6419623194232161,0.35803768057678387
t108,0.6421868709909067,0.3578131290090934
t127,0.6552924773931543,0.3447075226068457
t129,0.5891315457887959,0.4108684542112041
t134,0.6437008722434221,0.35629912775657785
