accepted_species,0,1
t20,1.0,0.0
t49,0.3609340730021672,0.6390659269978328
t82,0.27415099024230993,0.7258490097576901
t85,0.2755242442246554,0.7244757557753446
t102,0.19909924131329704,0.800900758686703
t106,0.3907730738974666,0.6092269261025334
t109,0.2632861256108886,0.7367138743891114
t162,0.22935234037490804,0.770647659625092
t177,0.07502916716711672,0.9249708328328833
t181,0.0039182964267676645,0.9960817035732323
