"accepted_species","0","1"
"t20","0.518150248592857","0.481849751407143"
"t49","0.542302570108256","0.457697429891744"
"t82","0.255377835907478","0.744622164092522"
"t85","0.293985065641501","0.706014934358499"
"t102","0.0188815845208357","0.981118415479164"
"t106","0.736888679739447","0.263111320260553"
"t109","0.127602327965088","0.872397672034912"
"t162","0.0814043555957455","0.918595644404254"
"t177","0.0199413310806307","0.980058668919369"
"t181","0.000492089892147437","0.999507910107853"
