accepted_species,0,1
t31,0.6812763,0.31872365
t62,0.7034747,0.2965253
t78,0.6924854,0.3075146
t98,0.6812763,0.31872365
t106,0.7034747,0.2965253
t107,0.6812763,0.31872365
t108,0.6812763,0.31872365
t127,0.7034747,0.2965253
t129,0.6236191,0.37638092
t134,0.6812763,0.31872365
