accepted_species,0,1
t20,0.55555993,0.44444007
t49,0.577354,0.422646
t82,0.039300382,0.9606996
t85,0.03298664,0.96701336
t102,0.021843791,0.9781562
t106,0.07990813,0.92009187
t109,0.16305989,0.8369401
t162,0.11870891,0.8812911
t177,0.2013396,0.7986604
t181,0.010727882,0.9892721
