accepted_species,0,1
t31,0.041847825,0.9581522
t62,0.9423514,0.057648584
t78,0.98666936,0.013330628
t98,0.100542665,0.89945734
t106,0.25618285,0.74381715
t107,0.06269592,0.9373041
t108,0.4580227,0.5419773
t127,0.98666936,0.013330628
t129,0.6595686,0.3404314
t134,0.86299294,0.13700707
