accepted_species,0
t71,
t16,
t139,-0.403149001324316
t144,0.455075699635004
t115,
t30,
t84,
t52,
t2,
t38,
t91,
t102,
t35,
t12,
t100,
