accepted_species,estimate
t71,-0.19211356
t16,1.6115482
t139,-0.36525068
t144,0.27899674
t115,0.21111976
t30,0.31272063
t84,1.5189879
t52,1.4107808
t2,0.5888044
t38,-0.96782696
t91,-0.9794538
t102,-0.22504166
t35,0.19730173
t12,-0.22912166
t100,-0.9653654
