accepted_species,0,1
Kibatalia_laurifolia,0.75160867,0.24839132
Cynanchica_rumelica,0.9187148,0.08128516
Vincetoxicum_schneideri,0.8752377,0.124762274
Matelea_ecuadorensis,0.8752377,0.124762274
Greeniopsis_pubescens,0.91110396,0.08889606
Hoya_juhoneweana,0.8752377,0.124762274
Keetia_gracilis,0.91110396,0.08889606
Palicourea_stenosepala,0.9177989,0.08220115
Rudgea_hemisphaerica,0.9177989,0.08220115
Sabicea_arborea,0.91470623,0.0852938
