accepted_species,0,1
t87,0.7506140968199654,0.2493859031800346
t88,0.749947137139799,0.25005286286020095
t40,0.7513597890489295,0.2486402109510705
t67,0.7516586069790361,0.24834139302096392
t97,0.7518978402214948,0.24810215977850528
t37,0.754105518106013,0.24589448189398694
t92,0.7536300733478967,0.2463699266521033
t36,0.7520845725801839,0.2479154274198161
t59,0.7489193591441583,0.25108064085584164
t50,0.751498513548445,0.248501486451555
