accepted_species,0,1
t87,0.9513779305069976,0.048622069493002386
t88,0.9489013024771398,0.05109869752286028
t40,0.9452475854044645,0.05475241459553543
t67,0.9277840736410705,0.07221592635892952
t97,0.9153850707120263,0.08461492928797362
t37,0.9091425981400066,0.09085740185999333
t92,0.8795445989438628,0.12045540105613715
t36,0.8842645733640659,0.1157354266359341
t59,0.9430478415196762,0.05695215848032375
t50,0.9345466588520771,0.06545334114792292
