accepted_species,0,1
t87,0.80478317,0.19521683
t88,0.80478317,0.19521683
t40,0.80478317,0.19521683
t67,0.80478317,0.19521683
t97,0.80478317,0.19521683
t37,0.80478317,0.19521683
t92,0.80478317,0.19521683
t36,0.80478317,0.19521683
t59,0.80478317,0.19521683
t50,0.80478317,0.19521683
