accepted_species,0,1
t87,0.84598994,0.15401009
t88,0.84598994,0.15401009
t40,0.84598994,0.15401009
t67,0.84598994,0.15401009
t97,0.84598994,0.15401009
t37,0.84598994,0.15401009
t92,0.84598994,0.15401009
t36,0.84598994,0.15401009
t59,0.84598994,0.15401009
t50,0.84598994,0.15401009
