accepted_species,0,1
t16,0.9228906,0.07710939
t82,0.92470145,0.07529854
t100,0.92470145,0.07529854
t68,0.9262567,0.07374327
t57,0.91274685,0.08725316
t63,0.95492226,0.045077723
t89,0.9491173,0.050882723
t14,0.94958496,0.05041506
t54,0.9501163,0.049883723
t20,0.95594645,0.044053577
