"accepted_species","0","1"
"t37",0.365474792359445,0.634525207640555
"t42",0.365474790145727,0.634525209854273
"t50",0.365474961518737,0.634525038481263
"t52",0.365474792287416,0.634525207712584
"t65",0.365483889608522,0.634516110391478
"t86",0.36998991289775,0.63001008710225
"t94",0.365474792287416,0.634525207712584
"t95",0.365474792287416,0.634525207712584
"t96",0.365474792359445,0.634525207640555
"t97",0.365474792359445,0.634525207640555
