accepted_species,0,1
t37,0.4023742862789872,0.5976257137210128
t42,0.3974984585290169,0.6025015414709831
t50,0.40127166745583065,0.5987283325441694
t52,0.411212419480136,0.588787580519864
t65,0.39979188229832185,0.6002081177016781
t86,0.40852547506729253,0.5914745249327075
t94,0.40914728638740394,0.5908527136125961
t95,0.40958879337115217,0.5904112066288478
t96,0.4053843431575501,0.5946156568424499
t97,0.4052878137547853,0.5947121862452147
