accepted_species,0,1
t37,0.4161869124052545,0.5838130875947455
t42,0.42549882689331797,0.574501173106682
t50,0.4250709739964138,0.5749290260035862
t52,0.4268091263983994,0.5731908736016006
t65,0.42000772723116564,0.5799922727688344
t86,0.418197834946894,0.581802165053106
t94,0.42602327715457156,0.5739767228454284
t95,0.42594347577382763,0.5740565242261724
t96,0.4219917759802926,0.5780082240197074
t97,0.4220371239061943,0.5779628760938057
