accepted_species,0,1
t39,0.19310091248560723,0.8068990875143928
t71,0.14962585199255551,0.8503741480074445
t74,0.1733885575023928,0.8266114424976072
t75,0.18212102607549407,0.8178789739245059
t86,0.1564081650507606,0.8435918349492394
t95,0.1603452876709065,0.8396547123290935
t112,0.19452763693707364,0.8054723630629264
t113,0.19917827109466635,0.8008217289053337
t114,0.16413510908092976,0.8358648909190702
t115,0.16474353062674285,0.8352564693732571
