accepted_species,0,1
t39,0.22142214,0.77857786
t71,0.22402602,0.775974
t74,0.22402602,0.775974
t75,0.22402602,0.775974
t86,0.22402602,0.775974
t95,0.22402602,0.775974
t112,0.22402602,0.775974
t113,0.22402602,0.775974
t114,0.22402602,0.775974
t115,0.22402602,0.775974
