accepted_species,0,1
t39,0.39193642,0.6080636
t71,0.53308666,0.46691334
t74,0.4581439,0.5418561
t75,0.42947853,0.5705215
t86,0.53308666,0.46691334
t95,0.53308666,0.46691334
t112,0.49140334,0.50859666
t113,0.49140334,0.50859666
t114,0.43235487,0.56764513
t115,0.53308666,0.46691334
