accepted_species,0,1
t56,0.98546135,0.014538654
t109,0.988517,0.011483018
t110,0.99707335,0.0029266498
t134,0.99597245,0.0040275515
t108,0.99597245,0.0040275515
t86,0.99597245,0.0040275515
t83,0.977493,0.022507034
t84,0.98902434,0.010975658
t87,0.98424834,0.015751675
t88,0.98424834,0.015751675
t67,0.93835694,0.06164305
t38,0.99707335,0.0029266498
t98,0.99667555,0.0033244498
