accepted_species,0,1
t56,0.98154896,0.018451061
t109,0.9671694,0.032830566
t110,0.9671694,0.032830566
t134,0.9671694,0.032830566
t108,0.9671694,0.032830566
t86,0.7597826,0.2402174
t83,0.9671694,0.032830566
t84,0.9671694,0.032830566
t87,0.9671694,0.032830566
t88,0.9671694,0.032830566
t67,0.9671694,0.032830566
t38,0.9836385,0.016361456
t98,0.98154896,0.018451061
