accepted_species,0,1
sp50,0.5136166683400476,0.4863833316599524
sp55,0.5114647221024848,0.4885352778975151
sp89,0.5111096169170112,0.4888903830829888
sp104,0.5105548829485309,0.48944511705146904
sp115,0.5121900128719505,0.4878099871280495
sp139,0.5131335084396071,0.48686649156039286
sp141,0.5105410893156641,0.48945891068433595
sp153,0.5126588402152659,0.48734115978473413
sp172,0.5124445447275026,0.4875554552724974
sp175,0.5126258138438541,0.4873741861561459
