accepted_species,0,1
sp50,0.5140479424875665,0.48595205751243353
sp55,0.5074945121084184,0.4925054878915816
sp89,0.5072532935084624,0.4927467064915376
sp104,0.5079761581257676,0.4920238418742325
sp115,0.5110131884446953,0.4889868115553046
sp139,0.5107438142779043,0.4892561857220957
sp141,0.5069229431971574,0.4930770568028427
sp153,0.5080220641455966,0.4919779358544034
sp172,0.5165484564942531,0.483451543505747
sp175,0.5166016878260286,0.48339831217397145
