accepted_species,0,1
sp50,0.017471705399714765,0.9825282946002852
sp55,0.0173852673077165,0.9826147326922835
sp89,0.015725250336404928,0.9842747496635951
sp104,0.014260266237541619,0.9857397337624584
sp115,0.016117038641842663,0.9838829613581573
sp139,0.011617712242134592,0.9883822877578654
sp141,0.010081057178203845,0.9899189428217962
sp153,0.012419613086255166,0.9875803869137448
sp172,0.003073508437051564,0.9969264915629484
sp175,0.0014673790598517256,0.9985326209401483
