accepted_species,estimate
t30,-0.6005291107709807
t78,-0.4582998397105
t32,0.4732686836029539
t98,0.39681510601037
t82,1.1718492394775737
t69,0.8661556342554757
t84,-0.07596268855245197
t85,-0.9872493567996368
t24,-0.04716014384869788
t16,0.7459108948657276
