"accepted_species","estimate"
"t21",-1.36919905419612
"t27",-0.284300433501337
"t20",-0.301375131633264
"t53",-0.154637144198935
"t75",-0.989207617430623
"t98",-0.47714015659847
"t78",0.619409287588281
"t40",1.14863389698958
"t100",0.0320675720972046
"t89",-0.355914282372391
