accepted_species,estimate
t21,-0.5448974
t27,-0.5496187
t20,-0.02422647
t53,-0.041799087
t75,-1.0365547
t98,-0.7843101
t78,0.011256487
t40,1.4849818
t100,-0.05885812
t89,-0.05526969
