accepted_species,estimate
Alstonia_actinophylla,0.41595600567908625
Asclepias_eriocarpa,-0.2861001354925737
Asclepias_erosa,-0.21076478034430118
Blepharidium_guatemalense,0.3509302707827932
Catharanthus_roseus,0.6612081434312312
Coffea_liberica,0.26047613394843616
Geniostoma_rupestre,-0.4585917547800998
Hintonia_latiflora,0.18193992870740877
Kelloggia_galioides,-0.5407362122733619
Opercularia_varia,-0.16379205312980544
