accepted_species,0,1
Eumachia_vaupelii,0.9092643,0.09073569
Gynochthodes_lacunosa,0.9092643,0.09073569
Psychotria_sloanei,0.9092643,0.09073569
Psychotria_luteola,0.9092643,0.09073569
Psychotria_multiplex,0.9092643,0.09073569
Psychotria_divergens,0.9092643,0.09073569
Palicourea_cajamarcana,0.9092643,0.09073569
Rudgea_nebulicola,0.9092643,0.09073569
Chassalia_tsaratanensis,0.9092643,0.09073569
Chassalia_bojeri,0.9092643,0.09073569
