accepted_species,0,1
Eumachia_vaupelii,0.8954555,0.10454455
Gynochthodes_lacunosa,0.8954555,0.10454455
Psychotria_sloanei,0.8954555,0.10454455
Psychotria_luteola,0.8954555,0.10454455
Psychotria_multiplex,0.8954555,0.10454455
Psychotria_divergens,0.8954555,0.10454455
Palicourea_cajamarcana,0.8954555,0.10454455
Rudgea_nebulicola,0.8954555,0.10454455
Chassalia_tsaratanensis,0.8954555,0.10454455
Chassalia_bojeri,0.8954555,0.10454455
