accepted_species,0
t73,-0.39609323375144534
t74,-0.39609323375144534
t38,-0.3960932337514454
t99,-0.39609323375144534
t100,-0.39609323375144534
t88,-0.3960932337514454
t16,-0.3960932337514453
t46,-0.39609323375144534
t39,-0.39609323375144534
t40,-0.39609323375144534
