"accepted_species","estimate"
"t10",-0.16147798192065
"t99",-0.0537523314687563
"t100",-0.0537523314687563
"t88",-0.0537523314687563
"t29",-0.0537523314687563
"t12",-0.0616922390339723
"t75",0.135761863129764
"t63",0.0492130060993563
"t64",0.0492130060993563
"t58",0.0492130060993563
