accepted_species,estimate
t10,-0.11757886
t99,0.4879266
t100,0.4879266
t88,0.4879266
t29,0.25761056
t12,0.21408439
t75,0.044542313
t63,-0.01683209
t64,-0.01683209
t58,-0.01683209
