accepted_species,estimate
t33,1.6255174482062256
t62,1.6202887067224372
t100,-0.35031485491922293
t31,-0.35482733062758437
t35,-0.565558347527732
t47,0.18784553568045215
t51,0.20838936123590407
t39,0.5884778601012267
t13,0.17131055955814173
t78,-0.5915831340459033
