accepted_species,estimate
t33,1.5889912000840063
t62,1.335189767587645
t100,-0.058579782612806136
t31,-0.4353334495500801
t35,-0.6123584917675073
t47,0.20070797373866725
t51,-0.0052469121756885916
t39,0.5223332971932402
t13,0.2456210609423736
t78,-0.9760768588829419
