accepted_species,0
t33,-0.04199308669817359
t62,-0.04199308669817359
t100,-0.5019234781780834
t31,-0.04199308669817359
t35,-0.04199308669817359
t47,-0.04199308669817359
t51,-0.04199308669817359
t39,-0.04199308669817359
t13,-0.04199308669817359
t78,-0.04199308669817359
