"accepted_species","0","1"
"Metastelma_broadwayi","0.999867124411055","0.000132875588944573"
"Simira_paraensis","0.996930532583208","0.00306946741679186"
"Ridsdalea_kampucheana","0.999943069418854","5.69305811458202e-05"
"Atractocarpus_aragoensis","0.999998128888562","1.87111143847293e-06"
"Ceropegia_macrantha","0.99999499748677","5.00251323041731e-06"
"Dolicholobium_forbesii","0.997144888937528","0.00285511106247229"
"Gentianella_asyneumoides","0.999192834012631","0.000807165987369369"
"Stachyarrhena_duckei","0.999999918600564","8.1399435519845e-08"
"Sabicea_ndjoleensis","0.994203682592021","0.00579631740797899"
"Declieuxia_gracilis","0.999864465539456","0.000135534460543772"
