accepted_species,0,1
Metastelma_broadwayi,0.9537945,0.046205517
Simira_paraensis,0.9511712,0.048828773
Ridsdalea_kampucheana,0.9539824,0.04601759
Atractocarpus_aragoensis,0.9539824,0.04601759
Ceropegia_macrantha,0.9537945,0.046205517
Dolicholobium_forbesii,0.82010585,0.17989416
Gentianella_asyneumoides,0.9537945,0.046205517
Stachyarrhena_duckei,0.9511712,0.048828773
Sabicea_ndjoleensis,0.82010585,0.17989416
Declieuxia_gracilis,0.82010585,0.17989416
