accepted_species,estimate
t84,0.8599127
t60,0.0403959
t45,0.0403959
t115,-0.32038587
t112,-0.3497149
t39,0.15267204
t77,0.85691786
t8,-0.92938495
t10,-0.11802143
t11,-0.12892292
t103,-0.09993895
t73,-0.5968152
t48,0.69003075
t100,-2.014311
