"accepted_species","estimate"
"t58",0.377924021320932
"t22",-0.684501299770575
"t100",-1.39077796945258
"t12",0.340572626181194
"t89",0.436392282626007
"t32",-0.165305396025133
"t21",0.232968123133935
"t24",-0.0444489064730587
"t74",1.12538013414066
"t11",0.787730851416449
