accepted_species,0
t58,
t22,
t100,-1.39658394145884
t12,
t89,0.493364030467891
t32,
t21,
t24,
t74,
t11,
