accepted_species,0
t59,-0.07174490442689109
t29,-0.07174490442689109
t30,-0.07174490442689109
t87,-0.525418869053789
t32,-0.07174490442689109
t22,-0.07174490442689109
t40,-0.07174490442689109
t66,-0.07174490442689109
t81,-0.07174490442689109
t82,-0.07174490442689109
