"accepted_species","estimate"
"t59",1.87906140225791
"t29",1.70945167238682
"t30",1.70945167238682
"t87",-0.494227775432436
"t32",-0.21594745667568
"t22",-0.386753336088721
"t40",0.541865034619685
"t66",0.532632676905212
"t81",0.532632676905212
"t82",0.532632676905212
