accepted_species,estimate
Alstonia_angustiloba,-0.1262620830132456
Arachnothryx_galeottii,0.12668851966198932
Coprosma_lucida,0.3183575907773692
Cruciata_glabra,-0.3742209829640111
Faramea_luteovirens,0.43197960096336563
Galium_mexicanum,-0.4247044771286044
Ixora_peruviana,0.5985915258051429
Nertera_dichondrifolia,0.3158523697485889
Nertera_granadensis,0.31585236974858916
Psychotria_limonensis,0.7385539957648792
