accepted_species,estimate
Alstonia_angustiloba,-0.130264990856066
Arachnothryx_galeottii,0.17887243989225213
Coprosma_lucida,0.813372314751245
Cruciata_glabra,-0.4362552971348387
Faramea_luteovirens,0.4933451355394225
Galium_mexicanum,-0.3652029933163099
Ixora_peruviana,0.28830470573651246
Nertera_dichondrifolia,0.8646937619597264
Nertera_granadensis,0.9212349668169381
Psychotria_limonensis,0.45079292252616965
