accepted_species,0,1
Psychotria_isalensis,0.95297116,0.047028847
Cosmostigma_cordatum,0.8895199,0.11048011
Minaria_decussata,0.8979599,0.10204009
Psychotria_cuspidella,0.95297116,0.047028847
Tarenna_acutisepala,0.94237,0.057629988
Ixora_hiernii,0.93289804,0.067101955
Mussaenda_brachygyna,0.8814843,0.118515655
Cruckshanksia_montiana,0.95297116,0.047028847
Rudgea_recurva,0.95297116,0.047028847
Declieuxia_aspalathoides,0.95297116,0.047028847
