accepted_species,0,1
sp145,0.8859817737771225,0.11401822622287751
sp154,0.8871291471870327,0.11287085281296723
sp156,0.8894220885781119,0.11057791142188812
sp206,0.8894512698021703,0.11054873019782978
sp207,0.9029750657222138,0.09702493427778625
sp224,0.8897310906323128,0.11026890936768717
sp236,0.8993103779373455,0.10068962206265457
sp237,0.8993103779373454,0.1006896220626546
sp241,0.903622337751927,0.09637766224807301
sp242,0.903622337751927,0.09637766224807301
