accepted_species,0,1
sp145,0.7308906441964353,0.26910935580356465
sp154,0.6860697399613747,0.3139302600386254
sp156,0.7305567893929548,0.2694432106070452
sp206,0.7332089217719145,0.26679107822808545
sp207,0.723621915788474,0.27637808421152593
sp224,0.7282042434585961,0.27179575654140387
sp236,0.7163556639026993,0.2836443360973007
sp237,0.7171979842376645,0.28280201576233555
sp241,0.71734297380014,0.28265702619985994
sp242,0.716935857538509,0.2830641424614911
