accepted_species,0,1
sp145,0.9288556,0.071144395
sp154,0.80294394,0.19705606
sp156,0.84922624,0.15077376
sp206,0.93339807,0.06660191
sp207,0.91032875,0.08967127
sp224,0.9288556,0.071144395
sp236,0.8393452,0.16065481
sp237,0.8319404,0.16805959
sp241,0.91032875,0.08967127
sp242,0.90678257,0.09321742
