accepted_species,0,1
sp145,0.99901485,0.0009851336
sp154,0.99901485,0.0009851336
sp156,0.99901485,0.0009851336
sp206,0.99901485,0.0009851336
sp207,0.99901485,0.0009851336
sp224,0.99901485,0.0009851336
sp236,0.99901485,0.0009851336
sp237,0.99901485,0.0009851336
sp241,0.99901485,0.0009851336
sp242,0.99901485,0.0009851336
