accepted_species,0
t57,1.122102534641983
t72,1.1228793413607958
t38,1.144632879634378
t92,1.376425769331812
t21,0.039786568085547584
t94,0.041497882072181184
t34,-0.37357528976023996
t85,-0.39167265761043446
t88,1.0046384546537983
t8,0.2073782659692334
