accepted_species,0,1
sp15,0.8119977443018259,0.18800225569817405
sp35,0.8104402744280009,0.1895597255719991
sp44,0.8104423175915351,0.1895576824084649
sp60,0.8120767462142059,0.1879232537857941
sp76,0.8121789462741902,0.18782105372580987
sp88,0.8104343794019708,0.18956562059802914
sp90,0.8121711780748855,0.18782882192511455
sp96,0.8104785206342793,0.1895214793657207
sp129,0.8103956066748383,0.18960439332516169
sp132,0.8120754601315278,0.18792453986847227
