accepted_species,0,1
t109,0.2314148919478365,0.7685851080521635
t126,0.2314125937500605,0.7685874062499395
t127,0.2313948128093828,0.7686051871906172
t138,0.23116761977826128,0.7688323802217387
t141,0.23236170245135257,0.7676382975486474
t152,0.23194122933641315,0.7680587706635869
t153,0.23708401996547257,0.7629159800345274
t169,0.23118684959422786,0.7688131504057721
t171,0.23724869229965428,0.7627513077003457
t177,0.23705896210336985,0.7629410378966301
