accepted_species,estimate
t59,0.8352017031846394
t89,0.8419797286820471
t22,0.6460716726516603
t3,-0.5083531673453959
t92,-0.573316621156398
t12,0.0666503861637107
t75,0.1534956919796309
t68,-1.1567040011233005
t47,-0.319990081442375
t84,1.5910720046244988
