accepted_species,estimate
t59,0.751393605130555
t89,0.5002184389594844
t22,0.7760019839368077
t3,-0.4039827683720201
t92,-0.6150453436225234
t12,0.29581351276924583
t75,0.20570435268834442
t68,-1.3626856539356558
t47,-0.39798196821186216
t84,1.9725742890385933
