accepted_species,estimate
t59,1.2483242
t89,1.154666
t22,0.707138
t3,-0.73009324
t92,-0.73009324
t12,0.31392133
t75,0.096999355
t68,-0.97387743
t47,-0.15962982
t84,2.0909054
