accepted_species,0
t60,0.04538215498995637
t61,0.04538215498995637
t1,0.04538215498995637
t72,0.04538215498995637
t42,0.04538215498995637
t51,0.04538215498995637
t91,-0.406588590625447
t87,-0.675290493155659
t15,0.04538215498995637
t81,0.995422015108163
