"accepted_species","estimate"
"t60",-1.16850023087676
"t61",-1.16850023087676
"t1",0.282625011096732
"t72",-0.267644681207703
"t42",-1.50201974699909
"t51",-1.05644381213367
"t91",-0.424288915799979
"t87",-0.701879460400359
"t15",0.0395495882854848
"t81",0.985094138885468
