accepted_species,0,1
Gentianella_praecox,0.979773,0.020226993
Gentianella_fiebrigii,0.979773,0.020226993
Symbolanthus_frigidus,0.979773,0.020226993
Macrocarpaea_lucubrans,0.979773,0.020226993
Fagraea_rarissima,0.979773,0.020226993
Halenia_herzogii,0.979773,0.020226993
Gentianella_stellata,0.979773,0.020226993
Gentiana_elwesii,0.979773,0.020226993
Gentiana_muscicola,0.979773,0.020226993
Gentiana_davidi,0.979773,0.020226993
