"accepted_species","estimate"
"t3",0.0948181435346513
"t19",-0.311547917508493
"t67",0.645333526839677
"t58",0.586703911538785
"t45",0.00498366235435107
"t92",-0.588669688563919
"t5",0.100397748617833
"t13",0.215882508335244
"t7",0.886089372364479
"t41",0.401783985433717
