"accepted_species","estimate"
"t2",-0.0275762872166231
"t37",-0.0275762872166231
"t28",-0.0275762872166231
"t8",-0.0275762872166231
"t49",-0.0275762872166231
"t68",-0.0275762872166231
"t20",-0.0275762872166231
"t10",-0.0275762872166231
"t95",-0.0275762872166231
"t59",-0.0275762872166231
