accepted_species,estimate
t3,-0.103964135
t19,-0.35144427
t67,0.6319533
t58,0.6319533
t45,-0.40926686
t92,-0.46996978
t5,-0.2756227
t13,0.2838829
t7,0.67200774
t41,0.8593474
