accepted_species,0,1
t69,0.5291013521531155,0.4708986478468845
t46,0.5290529419972115,0.47094705800278847
t27,0.5290216072146086,0.47097839278539144
t97,0.5141382038024955,0.4858617961975044
t40,0.5227168156056936,0.47728318439430634
t18,0.5236851191391616,0.4763148808608384
t2,0.5228588715979772,0.4771411284020229
t17,0.5227224618291736,0.4772775381708264
t50,0.5128985934460086,0.48710140655399137
t16,0.5131672607344441,0.4868327392655559
