accepted_species,0,1
t69,0.5481479555005276,0.45185204449947236
t46,0.5467697077611455,0.4532302922388545
t27,0.5505979857095025,0.4494020142904976
t97,0.3982078944722106,0.6017921055277894
t40,0.4811143836358599,0.5188856163641401
t18,0.5052914249213318,0.49470857507866817
t2,0.4737533146592726,0.5262466853407274
t17,0.4791512473602355,0.5208487526397645
t50,0.4355826565685531,0.5644173434314469
t16,0.4485969879335131,0.5514030120664869
