"accepted_species","0","1"
"t69","0.571893646765115","0.428106353234885"
"t46","0.500212594258889","0.499787405741111"
"t27","0.499985557377887","0.500014442622113"
"t97","0.986999997926728","0.0130000020732716"
"t40","0.5","0.5"
"t18","0.500000789036592","0.499999210963408"
"t2","0.5","0.5"
"t17","0.500000000000002","0.499999999999998"
"t50","0.501277775829699","0.498722224170301"
"t16","0.499998893005035","0.500001106994965"
