accepted_species,0,1
t69,0.57339406,0.42660597
t46,0.57339406,0.42660597
t27,0.57339406,0.42660597
t97,0.3936298,0.6063702
t40,0.5423348,0.45766518
t18,0.52432275,0.47567722
t2,0.5423348,0.45766518
t17,0.5423348,0.45766518
t50,0.4541219,0.5458781
t16,0.45194584,0.54805416
