accepted_species,0,1
t69,0.5562308,0.44376925
t46,0.5216061,0.47839388
t27,0.5485921,0.4514079
t97,0.40728652,0.5927135
t40,0.44054133,0.5594587
t18,0.5606512,0.43934882
t2,0.40856034,0.59143966
t17,0.4669655,0.5330345
t50,0.4630249,0.5369751
t16,0.4169439,0.5830561
