accepted_species,0,1
t69,0.5865829,0.41341713
t46,0.53231406,0.46768597
t27,0.6019661,0.39803392
t97,0.41996634,0.58003366
t40,0.5126066,0.4873934
t18,0.5052037,0.49479628
t2,0.52299404,0.47700593
t17,0.5320639,0.4679361
t50,0.4594077,0.5405923
t16,0.44135177,0.5586482
