accepted_species,estimate
t85,-0.8035825936205472
t65,-0.8682431054546493
t13,0.159047874523006
t70,0.3928466779203637
t7,-0.5717069450850935
t33,1.4340817335999543
t45,1.3386736038910032
t16,-0.046687558541593524
t78,-1.1590447229487357
t75,-1.120945341319666
