"accepted_species","estimate"
"t85",-0.554534644353617
"t65",-1.35173533646423
"t13",0.33154749126701
"t70",0.533644177727573
"t7",-0.373826147873378
"t33",1.73073765070311
"t45",1.30116219325117
"t16",-0.648093193753086
"t78",-0.684003430580115
"t75",-1.0995007362558
