accepted_species,0
t110,1.3558594799749
t137,1.3558594799749
t143,1.3558594799749
t89,-0.12320976179720279
t119,1.44907375441434
t63,-0.12320976179720279
t34,-0.12320976179720279
t35,-0.12320976179720279
t83,-0.12320976179720279
t40,-0.12320976179720279
t101,-0.12320976179720279
t122,0.837708557521459
t75,-0.12320976179720279
t13,-0.12320976179720279
