"accepted_species","0","1"
"t53",0.578081793664101,0.421918206335899
"t59",0.57807019389111,0.42192980610889
"t76",0.578589620462203,0.421410379537797
"t80",0.57885426637146,0.42114573362854
"t83",0.579091502232275,0.420908497767725
"t84",0.57949094912015,0.42050905087985
"t86",0.583583597517512,0.416416402482488
"t92",0.587923407217002,0.412076592782998
"t101",0.578079726215764,0.421920273784236
"t139",0.998413870471298,0.00158612952870236
