accepted_species,0,1
t46,0.9972771682273427,0.0027228317726572544
t51,0.9973156019449368,0.002684398055063204
t55,0.8758471237944918,0.12415287620550818
t74,0.8360538844240462,0.1639461155759538
t96,0.6426984076524702,0.3573015923475298
t102,0.8356925372630658,0.16430746273693417
t109,0.8009039081623303,0.19909609183766974
t114,0.8310187694437428,0.1689812305562573
t129,0.9969873442112785,0.0030126557887214496
t132,0.8964174377566921,0.10358256224330786
