accepted_species,0,1
t53,0.6005217337852385,0.39947826621476146
t59,0.6001148204372857,0.39988517956271435
t76,0.6005391537327622,0.3994608462672378
t80,0.6005398000769551,0.39946019992304493
t83,0.5994766988720611,0.4005233011279389
t84,0.6001176722158124,0.39988232778418764
t86,0.6009012765117467,0.3990987234882533
t92,0.6009047610706035,0.3990952389293964
t101,0.5995899428161202,0.40041005718387984
t139,0.6001182106563776,0.39988178934362234
