"accepted_species","0","1"
"t53","0.501334551797822","0.498665448202178"
"t59","0.498241758423452","0.501758241576548"
"t76","0.51487915971554","0.48512084028446"
"t80","0.518321088086392","0.481678911913608"
"t83","0.518461853462735","0.481538146537265"
"t84","0.524683234663412","0.475316765336588"
"t86","0.572872897359161","0.427127102640839"
"t92","0.600037048730353","0.399962951269647"
"t101","0.500878979162387","0.499121020837613"
"t139","0.998935140517107","0.00106485948289266"
