accepted_species,0,1
t53,0.5855104,0.4144896
t59,0.58457446,0.41542554
t76,0.5989,0.40109998
t80,0.5989,0.40109998
t83,0.59665865,0.40334135
t84,0.5842985,0.41570148
t86,0.6180203,0.38197973
t92,0.6227311,0.3772689
t101,0.6106366,0.38936338
t139,0.58749473,0.4125053
