accepted_species,0,1
t53,0.6197359,0.3802641
t59,0.60265964,0.39734036
t76,0.61517453,0.3848255
t80,0.6170577,0.3829423
t83,0.58928615,0.41071385
t84,0.60265964,0.39734036
t86,0.6472794,0.3527206
t92,0.63776195,0.36223808
t101,0.5968627,0.4031373
t139,0.60265964,0.39734036
