accepted_species,0,1
sp148,0.87500846,0.124991536
sp160,0.9571724,0.04282761
sp164,0.98344576,0.016554208
sp176,0.9953642,0.0046357913
sp185,0.99030405,0.009695965
sp203,0.95703447,0.042965557
sp221,0.87069213,0.12930785
sp246,0.9953642,0.0046357913
sp261,0.8528455,0.1471545
sp267,0.98417753,0.015822481
