accepted_species,estimate
t52,0.030526842220202757
t83,0.4736838814950693
t27,0.42596841623414106
t14,0.5699938247884815
t93,0.35674523473732667
t71,1.072481700695949
t86,-0.2282155638453977
t88,0.5570511633641768
t50,0.6026546798070924
t19,-0.11038557002217879
