accepted_species,estimate
t52,-0.1343512171833571
t83,-0.9128964296917131
t27,-0.8351317834062292
t14,0.43030371228898906
t93,0.753632940197651
t71,0.8512333471783605
t86,-0.4199205960155083
t88,1.1686195573378937
t50,1.1248983084632096
t19,-0.4950938717041579
