"accepted_species","estimate"
"t52",0.010387593317888
"t83",0.561575678708678
"t27",0.322573351286748
"t14",0.55266358891998
"t93",0.575314874150924
"t71",0.575500449525054
"t86",-0.618247423972531
"t88",0.604306549154814
"t50",0.402211482362839
"t19",-0.26558432834934
