"accepted_species","0","1"
"t35",0.41406626280338,0.58593373719662
"t55",0.413867081854412,0.586132918145588
"t11",0.41406673277092,0.58593326722908
"t77",0.40383980702796,0.59616019297204
"t42",0.414075699821727,0.585924300178273
"t43",0.414094873029419,0.585905126970581
"t53",0.413917304636047,0.586082695363953
"t27",0.414066723251163,0.585933276748837
"t41",0.414066732770541,0.585933267229459
"t56",0.41440638028455,0.58559361971545
