accepted_species,0,1
t35,0.43276149339702397,0.567238506602976
t55,0.4144651174636349,0.5855348825363651
t11,0.4608274361475778,0.5391725638524222
t77,0.4570165134017472,0.5429834865982528
t42,0.49147598310727003,0.50852401689273
t43,0.4976215840031437,0.5023784159968563
t53,0.391972049835536,0.608027950164464
t27,0.4185810461361624,0.5814189538638376
t41,0.45018894778767227,0.5498110522123277
t56,0.48923936674601465,0.5107606332539854
