"accepted_species","0","1"
"t35","0.499548068428061","0.500451931571939"
"t55","0.490909661044503","0.509090338955497"
"t11","0.50000025955785","0.49999974044215"
"t77","0.435151188325663","0.564848811674337"
"t42","0.502756732440597","0.497243267559403"
"t43","0.505031152964571","0.494968847035429"
"t53","0.492121772752741","0.507878227247259"
"t27","0.499935385711325","0.500064614288675"
"t41","0.500000001231916","0.499999998768084"
"t56","0.515210652773126","0.484789347226874"
