accepted_species,0,1
t19,0.9215657,0.07843427
t20,0.9466065,0.05339351
t164,0.9539955,0.0460045
t165,0.9444055,0.05559451
t96,0.9476168,0.052383162
t103,0.9367852,0.06321475
t118,0.9766988,0.023301195
t149,0.9367852,0.06321475
t150,0.9766988,0.023301195
t60,0.9444055,0.05559451
t84,0.9367852,0.06321475
t63,0.9367852,0.06321475
t18,0.9466065,0.05339351
t107,0.9561591,0.0438409
t108,0.94908637,0.05091361
t109,0.94908637,0.05091361
