accepted_species,estimate
t80,0.33037606
t81,0.33037606
t82,0.33037606
t99,0.33037606
t90,0.14068754
t46,0.14068754
t11,0.14068754
t33,-0.06432847
t34,-0.06432847
t18,-0.06432847
