accepted_species,0,1
t36,0.7317073170731707,0.2682926829268293
t109,1.0,0.0
t2,0.7317073170731707,0.2682926829268293
t129,1.0,0.0
t91,0.7317073170731707,0.2682926829268293
t67,0.7317073170731707,0.2682926829268293
t95,0.7317073170731707,0.2682926829268293
t111,0.0,1.0
t135,0.0,1.0
t101,0.7317073170731707,0.2682926829268293
t102,0.7317073170731707,0.2682926829268293
t79,0.7317073170731707,0.2682926829268293
t39,0.7317073170731707,0.2682926829268293
t14,0.7317073170731707,0.2682926829268293
