accepted_species,0,1
t36,0.96267974,0.037320282
t109,0.9816699,0.018330114
t2,0.9851747,0.014825274
t129,0.9945401,0.005459891
t91,0.9938443,0.0061557246
t67,0.9941773,0.0058227303
t95,0.8348893,0.16511074
t111,0.006288171,0.9937118
t135,0.045714974,0.954285
t101,0.006288171,0.9937118
t102,0.006288171,0.9937118
t79,0.11580467,0.8841953
t39,0.7885833,0.21141672
t14,0.86749166,0.13250832
