accepted_species,estimate
t69,0.3689801477947366
t87,0.01922535526650878
t20,0.18883644056450918
t97,1.1546295385336593
t49,1.2880609849839768
t2,1.0310799072854107
t15,0.8679676455262361
t25,0.8415655581532101
t92,-0.2952805186227014
t23,-0.6744327186877292
