accepted_species,estimate
t69,0.3455276
t87,0.4719839
t20,0.28287125
t97,1.0282987
t49,1.1194887
t2,1.204695
t15,1.1023047
t25,0.7232512
t92,-0.3240817
t23,-0.8511849
