accepted_species,0,1
Spermacoce_thymoidea,0.95876366,0.041236334
Mycetia_nutans,0.95876366,0.041236334
Mycetia_cauliflora,0.95876366,0.041236334
Manettia_dubia,0.95876366,0.041236334
Asperula_trifida,0.95876366,0.041236334
Coprosma_elegans,0.95876366,0.041236334
Nertera_sinensis,0.95876366,0.041236334
Mitracarpus_breviflorus,0.95876366,0.041236334
Oldenlandia_saxifragoides,0.95876366,0.041236334
Argostemma_oblongum,0.95876366,0.041236334
