accepted_species,estimate
t71,-0.6297260677158376
t8,-1.1891290055500519
t123,-0.8785623995193237
t135,-1.0315521884610883
t84,-1.121265182228017
t99,-1.1667665516259924
t74,-0.9012346255824375
t75,-0.909605621088508
t90,-0.7384667715874724
t62,-0.6593412829740053
t127,-0.6988540745145355
t35,-0.9960873640939925
t52,-0.6053265854450238
t26,-0.9556302035235205
