"accepted_species","estimate"
"t71",0.434852081191199
"t8",-0.291032689629421
"t123",-0.859405287267576
"t135",-0.85987408989756
"t84",-1.04701512896767
"t99",-1.01533963164679
"t74",-1.41563463548865
"t75",-1.41563463548865
"t90",-1.80424782637199
"t62",-1.12625789027448
"t127",-1.22576202226024
"t35",-1.13208120190191
"t52",-0.084174960884655
"t26",-0.587959321175218
