accepted_species,0
t36,-0.08387858012382064
t57,-0.08387858012382064
t58,-0.08387858012382064
t46,-0.08387858012382064
t71,-0.08387858012382064
t82,-0.08387858012382064
t93,-0.08387858012382064
t94,-0.08387858012382064
t30,-0.08387858012382064
t19,-0.08387858012382064
