"accepted_species","estimate"
"t36",0.423976372398623
"t57",0.423976372398623
"t58",0.423976372398623
"t46",0.423976372398623
"t71",0.423976372398623
"t82",0.423976372398623
"t93",0.423976372398624
"t94",0.423976372398624
"t30",0.423976372398623
"t19",0.423976372398623
