accepted_species,0,1
t88,0.032521427,0.9674786
t90,0.032521427,0.9674786
t109,0.032521427,0.9674786
t126,0.032521427,0.9674786
t127,0.032521427,0.9674786
t118,0.032521427,0.9674786
t119,0.032521427,0.9674786
t56,0.032521427,0.9674786
t134,0.032521427,0.9674786
t135,0.032521427,0.9674786
t73,0.032521427,0.9674786
t124,0.032521427,0.9674786
t125,0.032521427,0.9674786
t114,0.032521427,0.9674786
