accepted_species,0,1
sp155,0.7896182965539926,0.2103817034460074
sp164,0.7900773598945471,0.2099226401054529
sp165,0.7907957240386101,0.20920427596138996
sp177,0.7753551853575336,0.2246448146424664
sp195,0.7861640023200307,0.21383599767996928
sp196,0.7862251296455045,0.21377487035449544
sp199,0.7673889051236746,0.2326110948763254
sp200,0.7674720496549966,0.23252795034500337
sp203,0.8013761590067301,0.19862384099326985
sp204,0.801403340191176,0.198596659808824
