accepted_species,0,1
sp155,0.6511235207387835,0.34887647926121645
sp164,0.6513146254879942,0.34868537451200576
sp165,0.651314625487994,0.34868537451200604
sp177,0.6431008057807748,0.3568991942192252
sp195,0.6509692886501429,0.3490307113498571
sp196,0.6509692886501429,0.3490307113498571
sp199,0.6186787958991986,0.3813212041008014
sp200,0.6186787958991988,0.38132120410080117
sp203,0.6504133730940356,0.34958662690596437
sp204,0.6504133730940356,0.3495866269059645
