accepted_species,0,1
sp155,0.7157637,0.28423628
sp164,0.7157637,0.28423628
sp165,0.7157637,0.28423628
sp177,0.73755467,0.26244533
sp195,0.7157637,0.28423628
sp196,0.7157637,0.28423628
sp199,0.73755467,0.26244533
sp200,0.73755467,0.26244533
sp203,0.7157637,0.28423628
sp204,0.7157637,0.28423628
