accepted_species,0,1
t55,0.1419338,0.8580662
t56,0.1419338,0.8580662
t86,0.13963664,0.86036336
t129,0.11523718,0.8847628
t130,0.11523718,0.8847628
t109,0.11523718,0.8847628
t28,0.14885342,0.8511466
t33,0.14885342,0.8511466
t102,0.6728374,0.32716262
t144,0.85635126,0.14364873
t87,0.11390597,0.88609403
t88,0.11390597,0.88609403
t50,0.694585,0.30541497
t32,0.14885342,0.8511466
t52,0.7988354,0.20116457
t99,0.7988354,0.20116457
