accepted_species,0,1
t3,0.7116948,0.28830522
t96,0.071115136,0.92888486
t31,0.10148394,0.89851606
t32,0.10842943,0.89157057
t129,0.22636819,0.7736318
t64,0.4118694,0.5881306
t95,0.19322991,0.8067701
t106,0.10304588,0.8969541
t18,0.35089904,0.64910096
t69,0.3901707,0.6098293
t52,0.86527175,0.13472825
t27,0.6497089,0.35029107
t116,0.13264626,0.86735374
