accepted_species,0,1
sp1298,0.61111123695613,0.38888876304387
sp1309,0.6122195800438559,0.38778041995614404
sp1340,0.6141402899430508,0.3858597100569492
sp1343,0.6126417360294029,0.38735826397059714
sp1344,0.6136238732793419,0.38637612672065813
sp1345,0.6105997936401779,0.38940020635982214
sp1346,0.6105223531454788,0.38947764685452124
sp1347,0.6143405649225753,0.3856594350774247
sp1348,0.6137475380487574,0.38625246195124263
sp1361,0.6156413512540153,0.38435864874598463
