accepted_species,0,1
sp1298,0.7081149629113603,0.29188503708863967
sp1309,0.7150211281052528,0.2849788718947472
sp1340,0.7034885085643497,0.29651149143565025
sp1343,0.7326218893421648,0.2673781106578353
sp1344,0.7286668770624374,0.2713331229375626
sp1345,0.7072734654653411,0.2927265345346589
sp1346,0.7041790561327725,0.29582094386722746
sp1347,0.7290404504104118,0.2709595495895883
sp1348,0.7299931775030286,0.27000682249697133
sp1361,0.7316843180672813,0.2683156819327187
