accepted_species,estimate
t72,-0.9110763858991008
t83,-0.9119120715218318
t69,-0.9201806082852824
t50,-0.9156502426717272
t88,-0.9607359790699711
t86,-0.9606678477558834
t87,-0.9606678477558834
t58,-0.9508425222082016
t59,-0.9508425222082016
t57,-0.9507717654796146
