accepted_species,estimate
t72,-1.1625315371613207
t83,-1.1993705020680503
t69,-0.8481567859121464
t50,-0.8352900874857943
t88,-1.2140935988620964
t86,-1.2402307135988777
t87,-1.2372069899650078
t58,-1.1204904095111603
t59,-1.0079777355829016
t57,-1.0268511827253513
