accepted_species,estimate
t72,-0.8137172
t83,-1.0730915
t69,-0.6143543
t50,-0.7142295
t88,-1.1611382
t86,-1.1611382
t87,-1.1931762
t58,-1.2136177
t59,-1.2136177
t57,-1.2136177
