accepted_species,0,1
t255,0.4608804095301331,0.5391195904698669
t271,0.4612216659002296,0.5387783340997704
t300,0.4607769918625604,0.5392230081374396
t320,0.4608707440726256,0.5391292559273744
t383,0.4608324271257367,0.5391675728742633
t407,0.4608244071598937,0.5391755928401063
t420,0.4605982921084001,0.5394017078915999
t424,0.4606000234042027,0.5393999765957973
t430,0.4606720850446828,0.5393279149553172
t438,0.46058597478429786,0.5394140252157021
