accepted_species,0,1
t104,0.767783823963716,0.23221617603628392
t105,0.7677895937938448,0.23221040620615524
t112,0.7679320350010999,0.23206796499890014
t115,0.7678675980968607,0.23213240190313933
t128,0.76785794879486,0.23214205120513995
t129,0.7678600559778844,0.23213994402211557
t150,0.7678327518318935,0.23216724816810655
t153,0.7678581822852115,0.23214181771478848
t163,0.7679865053960925,0.2320134946039075
t178,0.7678271568866367,0.2321728431133633
