accepted_species,0,1
t255,0.44926104955636625,0.5507389504436337
t271,0.4513231151602103,0.5486768848397897
t300,0.4491978167226397,0.5508021832773603
t320,0.4482045573286244,0.5517954426713756
t383,0.4484082352419344,0.5515917647580656
t407,0.4490435935852576,0.5509564064147424
t420,0.448488767284706,0.551511232715294
t424,0.44850003779037306,0.5514999622096269
t430,0.4485026741468423,0.5514973258531577
t438,0.44843882052468753,0.5515611794753125
