accepted_species,0,1
t104,0.7756283012107589,0.2243716987892411
t105,0.780819145894964,0.21918085410503593
t112,0.7061745115248814,0.2938254884751186
t115,0.7085513240534875,0.2914486759465125
t128,0.8143872749336374,0.18561272506636267
t129,0.7796419910154448,0.2203580089845552
t150,0.6811433711766228,0.3188566288233771
t153,0.7226664533005727,0.2773335466994273
t163,0.7994868305315296,0.20051316946847045
t178,0.6536303681892844,0.34636963181071556
