accepted_species,0,1
t255,0.4666666666666667,0.5333333333333333
t271,0.4666666666666667,0.5333333333333333
t300,0.4666666666666667,0.5333333333333333
t320,0.4666666666666667,0.5333333333333333
t383,0.4666666666666667,0.5333333333333333
t407,0.4666666666666667,0.5333333333333333
t420,0.4666666666666667,0.5333333333333333
t424,0.4666666666666667,0.5333333333333333
t430,0.4666666666666667,0.5333333333333333
t438,0.0,1.0
