accepted_species,0,1
t104,0.75724417,0.24275582
t105,0.75724417,0.24275582
t112,0.75724417,0.24275582
t115,0.75724417,0.24275582
t128,0.75724417,0.24275582
t129,0.75724417,0.24275582
t150,0.75724417,0.24275582
t153,0.75724417,0.24275582
t163,0.75724417,0.24275582
t178,0.75724417,0.24275582
