accepted_species,0
t61,0.075833452663789
t62,0.075833452663789
t118,0.075833452663789
t65,0.075833452663789
t111,0.075833452663789
t53,0.075833452663789
t72,0.075833452663789
t73,0.075833452663789
t47,0.075833452663789
t71,0.075833452663789
t131,-1.0160991645956094
t114,0.075833452663789
t14,0.075833452663789
