"accepted_species","estimate"
"t5",0.736841092076073
"t68",1.18236161735964
"t69",1.18236161735964
"t66",1.14777005410232
"t92",-0.940484240331333
"t46",-0.321292075534958
"t77",1.1108895445077
"t35",0.386626419750319
"t47",0.390022061741885
"t34",0.386457084613107
