accepted_species,0,1
t8,0.44954056,0.55045944
t11,0.59183925,0.40816075
t35,0.30624956,0.69375044
t39,0.30624956,0.69375044
t57,0.44954056,0.55045944
t70,0.44954056,0.55045944
t79,0.44954056,0.55045944
t86,0.30624956,0.69375044
t89,0.44954056,0.55045944
t100,0.30624956,0.69375044
