accepted_species,0,1
t16,0.80651236,0.19348766
t48,0.9470053,0.05299475
t111,0.97705674,0.022943245
t66,0.99674594,0.0032540716
t135,0.99434185,0.0056581455
t65,0.96675104,0.033248935
t31,0.964183,0.035817046
t49,0.9967638,0.0032361539
t96,0.99674594,0.0032540716
t108,0.99621755,0.003782436
t109,0.9967638,0.0032361539
t59,0.70484126,0.29515877
t93,0.7803691,0.21963088
t13,0.50182545,0.49817455
