accepted_species,0,1
t96,0.529171593852613,0.47082840614738697
t67,0.5240270226194974,0.47597297738050265
t43,0.5238118460399507,0.4761881539600493
t31,0.5243059441756728,0.4756940558243272
t58,0.5292549366524093,0.4707450633475907
t30,0.5296345738645197,0.47036542613548027
t2,0.5283207193671517,0.47167928063284825
t29,0.5281249102495131,0.47187508975048686
t65,0.5283215978600857,0.47167840213991435
t36,0.5281373892647715,0.4718626107352285
