accepted_species,0,1
t96,0.3761797010061837,0.6238202989938163
t67,0.38903969451949194,0.6109603054805081
t43,0.4150160478652948,0.5849839521347052
t31,0.40905448127094957,0.5909455187290504
t58,0.29644502594574373,0.7035549740542563
t30,0.24981393429250187,0.7501860657074981
t2,0.410443503189047,0.589556496810953
t29,0.8425941955769639,0.15740580442303606
t65,0.8935482253630062,0.10645177463699385
t36,0.7241138100460985,0.27588618995390146
