accepted_species,0,1
t96,0.37618726,0.62381274
t67,0.71337116,0.2866288
t43,0.5020193,0.49798068
t31,0.49560297,0.50439703
t58,0.47733313,0.5226669
t30,0.47801083,0.52198917
t2,0.39741772,0.6025823
t29,0.7137932,0.28620678
t65,0.73531866,0.2646813
t36,0.6910807,0.30891928
