accepted_species,0,1
t96,0.07963377,0.9203662
t67,0.8625841,0.13741592
t43,0.6969614,0.3030386
t31,0.8420395,0.15796046
t58,0.40848988,0.5915101
t30,0.30374146,0.69625854
t2,0.18037832,0.8196217
t29,0.8559763,0.14402373
t65,0.84956276,0.15043725
t36,0.84729755,0.15270245
