accepted_species,0,1
t96,0.037787616,0.9622124
t67,0.5922239,0.4077761
t43,0.63747966,0.3625203
t31,0.22786301,0.772137
t58,0.87511194,0.12488807
t30,0.7415757,0.25842425
t2,0.14381307,0.8561869
t29,0.7379352,0.26206478
t65,0.87511194,0.12488807
t36,0.14381307,0.8561869
