accepted_species,estimate
t6,0.18950152582312896
t89,-0.01716571934438659
t56,-0.13675420981715258
t15,-0.3861102832078258
t27,-0.7270314984766357
t59,1.442856332675626
t88,0.4932037530154396
t70,0.808294742813247
t98,0.14816489999888932
t42,-0.9499966230842984
