accepted_species,0
t6,
t89,0.23861028752593302
t56,
t15,
t27,
t59,
t88,1.03164631217433
t70,
t98,-0.93902235786933
t42,
