accepted_species,0,1
t34,0.005589187,0.9944108
t35,0.038709998,0.96129
t110,0.005409479,0.9945905
t111,0.005409479,0.9945905
t95,0.005409479,0.9945905
t135,0.005409479,0.9945905
t58,0.0049822927,0.9950177
t84,0.006548643,0.99345136
t127,0.006548643,0.99345136
t71,0.006548643,0.99345136
t132,0.0047205687,0.99527943
t133,0.0047205687,0.99527943
t76,0.0047205687,0.99527943
t77,0.0047205687,0.99527943
t104,0.005589187,0.9944108
