accepted_species,0,1
Pavetta_melanochroa,0.80044794,0.19955203
Tarenna_polysperma,0.80440825,0.19559173
Tarenna_brevicymigera,0.80440825,0.19559173
Cyclophyllum_letocartiorum,0.8502584,0.14974158
Ixora_dolichophylla,0.8463067,0.15369329
Ixora_elongata,0.84454304,0.15545696
Fernelia_pedunculata,0.81215614,0.18784387
Randia_pubiflora,0.81792945,0.18207054
Wendlandia_parviflora,0.80440825,0.19559173
Pyrostria_pseudocommersonii,0.8329618,0.16703819
