accepted_species,0,1
t47,0.332777676441983,0.667222323558017
t61,0.3320644928564225,0.6679355071435775
t80,0.3335507271259769,0.6664492728740231
t113,0.33169215638094074,0.6683078436190593
t129,0.3326377694688327,0.6673622305311673
t161,0.33605059002532955,0.6639494099746704
t182,0.3365410469235076,0.6634589530764924
t183,0.3365410469235076,0.6634589530764924
t187,0.33581841289462266,0.6641815871053773
t189,0.32831309149180976,0.6716869085081902
