accepted_species,0,1
t4,0.33544697308593896,0.664553026914061
t10,0.33565483788726724,0.6643451621127328
t13,0.33140834287348864,0.6685916571265114
t24,0.33584496019291665,0.6641550398070833
t25,0.33202873404314703,0.667971265956853
t73,0.3353144600977822,0.6646855399022178
t74,0.3353145952315105,0.6646854047684895
t78,0.3363945856077657,0.6636054143922343
t86,0.33161672844175505,0.668383271558245
t100,0.33202885551441697,0.667971144485583
