accepted_species,0,1
t4,0.33333333333333337,0.6666666666666666
t10,0.33333333333333337,0.6666666666666666
t13,0.33333333333333337,0.6666666666666666
t24,0.33333333333333337,0.6666666666666666
t25,0.33333333333333337,0.6666666666666666
t73,0.0,1.0
t74,0.0,1.0
t78,1.0,0.0
t86,1.0,0.0
t100,1.0,0.0
