accepted_species,0,1
t47,0.32161236,0.67838764
t61,0.22918987,0.7708101
t80,0.33923697,0.660763
t113,0.26456243,0.7354376
t129,0.2614112,0.7385888
t161,0.33645588,0.6635441
t182,0.21608096,0.78391904
t183,0.21608096,0.78391904
t187,0.26513755,0.73486245
t189,0.20847875,0.79152125
