accepted_species,0,1
t4,0.012218356,0.98778164
t10,0.055531263,0.94446874
t13,0.12538081,0.8746192
t24,0.74943125,0.25056878
t25,0.13358825,0.86641175
t73,0.02602464,0.97397536
t74,0.02602464,0.97397536
t78,0.95349014,0.046509873
t86,0.08682591,0.9131741
t100,0.6244072,0.3755928
