accepted_species,estimate
t26,-0.17076369106848313
t81,-0.2334599382062155
t72,0.09645371257338273
t16,-0.11998983174829794
t85,0.47488911549277746
t2,0.6010349889779179
t69,0.7552613324831892
t7,0.5808777770114772
t22,0.3515390963705418
t92,-0.5058785602259246
