accepted_species,estimate
t26,-0.2945200145287891
t81,-0.39210681988329127
t72,0.2122981740565801
t16,-0.5604308010541477
t85,0.33934933582171756
t2,0.7100903715606809
t69,1.1846389293440678
t7,0.3617558328268427
t22,0.4338244541052945
t92,-0.49585786036181895
