accepted_species,0
t26,0.005035375381921754
t81,0.3573217811516813
t72,0.110674485286926
t16,0.005035375381921754
t85,0.37733482076841507
t2,0.005035375381921754
t69,0.005035375381921754
t7,0.005035375381921754
t22,0.005035375381921754
t92,-1.48459785770505
