accepted_species,estimate
t26,-0.48681712
t81,-0.08798632
t72,0.062616855
t16,-0.580791
t85,0.30684233
t2,0.42633379
t69,0.52275735
t7,0.29111373
t22,0.26413998
t92,-0.8784736
