accepted_species,estimate
t83,0.007795956
t84,0.007795956
t66,0.007795956
t67,0.007795956
t61,0.007795956
t47,0.007795956
t13,0.007795956
t37,1.3346049
t85,0.007795956
t53,0.007795956
