accepted_species,0,1
t35,0.28059749582893856,0.7194025041710614
t38,0.16469114680567964,0.8353088531943204
t56,0.20128885417493592,0.7987111458250641
t59,0.11983808963478226,0.8801619103652177
t77,0.33479528902285816,0.6652047109771418
t101,0.24571717608279486,0.7542828239172051
t107,0.2830211137873029,0.7169788862126971
t120,0.24356336183958127,0.7564366381604187
t127,0.3686362514352909,0.6313637485647091
t129,0.6929094042514621,0.307090595748538
