accepted_species,0,1
t60,0.2565029185597085,0.7434970814402915
t81,0.6682586721943985,0.3317413278056015
t91,0.5125272121070115,0.48747278789298853
t127,0.26299490526264013,0.7370050947373599
t164,0.6177799039692675,0.3822200960307325
t186,0.4836585560352772,0.5163414439647228
t193,0.5983183028915948,0.4016816971084052
t220,0.6446508421356124,0.3553491578643876
t223,0.6474963447804526,0.3525036552195474
t226,0.8573123918748675,0.14268760812513243
