accepted_species,0,1
t60,0.5890944208928064,0.41090557910719355
t81,0.5895688534234245,0.4104311465765756
t91,0.587035528124447,0.412964471875553
t127,0.5888577222861373,0.4111422777138627
t164,0.5895458743644049,0.4104541256355952
t186,0.5833391415358204,0.4166608584641796
t193,0.5905638696755587,0.40943613032444126
t220,0.5885050621692228,0.4114949378307772
t223,0.5872138032352564,0.4127861967647436
t226,0.5909136498006512,0.4090863501993488
