accepted_species,0,1
t60,0.5881698737304378,0.41183012626956217
t81,0.587242877978111,0.41275712202188897
t91,0.5917079485191673,0.4082920514808327
t127,0.5910352891776178,0.4089647108223822
t164,0.5900442353864829,0.4099557646135171
t186,0.5823933955126763,0.41760660448732373
t193,0.5883232098489741,0.4116767901510259
t220,0.5936545338592198,0.40634546614078015
t223,0.5904834831032941,0.40951651689670593
t226,0.5889739175844586,0.41102608241554145
