accepted_species,0,1
t35,0.3222222222222222,0.6777777777777778
t38,0.3222222222222222,0.6777777777777778
t56,0.3222222222222222,0.6777777777777778
t59,0.3222222222222222,0.6777777777777778
t77,0.3222222222222222,0.6777777777777778
t101,0.3222222222222222,0.6777777777777778
t107,0.3222222222222222,0.6777777777777778
t120,0.3222222222222222,0.6777777777777778
t127,0.0,1.0
t129,1.0,0.0
