accepted_species,0,1
t105,0.7824108831008773,0.21758911689912275
t115,0.7822477198375153,0.21775228016248468
t116,0.7822477198375153,0.21775228016248468
t121,0.7841973902265589,0.21580260977344112
t147,0.7838669396319184,0.21613306036808155
t148,0.7838669396319184,0.21613306036808155
t158,0.7818847620712415,0.21811523792875848
t160,0.7834925622806579,0.21650743771934217
t166,0.781862692711004,0.21813730728899602
t167,0.781862692711004,0.21813730728899602
