accepted_species,0,1
t26,0.5282717196594453,0.47172828034055464
t43,0.5283508500335248,0.4716491499664753
t66,0.528652330613558,0.47134766938644196
t83,0.5275248382560971,0.47247516174390297
t88,0.5286389280704251,0.47136107192957494
t89,0.5287001634993316,0.4712998365006685
t90,0.5275350835120742,0.4724649164879257
t91,0.5275385163893377,0.4724614836106623
t99,0.5274961545621983,0.4725038454378017
t100,0.5274872909446504,0.47251270905534953
