accepted_species,0,1
t105,0.7934285415293759,0.2065714584706241
t115,0.7934285415293759,0.2065714584706241
t116,0.7934285415293759,0.2065714584706241
t121,0.798996903543237,0.20100309645676293
t147,0.7953899051851652,0.20461009481483483
t148,0.7953899051851652,0.20461009481483483
t158,0.7934285415293759,0.2065714584706241
t160,0.8188667445737159,0.18113325542628417
t166,0.7934285415293759,0.2065714584706241
t167,0.7934285415293759,0.2065714584706241
