"accepted_species","0","1"
"t26","0.494389139962417","0.505610860037583"
"t43","0.494389139962417","0.505610860037583"
"t66","0.494389139962417","0.505610860037583"
"t83","0.494389139962417","0.505610860037583"
"t88","0.494389139962417","0.505610860037583"
"t89","0.494389139962417","0.505610860037583"
"t90","0.494389139962417","0.505610860037583"
"t91","0.494389139962417","0.505610860037583"
"t99","0.494389139962417","0.505610860037583"
"t100","0.494389139962417","0.505610860037583"
