accepted_species,0,1
t105,0.7355235,0.26447648
t115,0.7361976,0.26380238
t116,0.75081706,0.24918294
t121,0.7161297,0.28387028
t147,0.7185421,0.28145793
t148,0.73483455,0.26516548
t158,0.7158787,0.2841213
t160,0.7173402,0.28265983
t166,0.7158787,0.2841213
t167,0.7158787,0.2841213
