accepted_species,0,1
t72,0.027383268,0.97261673
t15,0.17125404,0.82874596
t33,0.99107605,0.008923967
t49,0.7058718,0.29412815
t43,0.955419,0.04458097
t87,0.96914804,0.030851984
t67,0.10671407,0.89328593
t30,0.9939736,0.00602636
t99,0.97939605,0.020603927
t125,0.98531,0.014689997
t115,0.98531,0.014689997
t127,0.9772507,0.02274929
t147,0.9772507,0.02274929
t50,0.99175704,0.008242955
t82,0.9735949,0.02640511
