accepted_species,0,1
t72,0.0029819012,0.9970181
t15,0.00021833181,0.99978167
t33,0.97633123,0.02366877
t49,0.7056574,0.29434258
t43,0.9391937,0.06080626
t87,0.9007763,0.09922369
t67,0.8825116,0.11748838
t30,0.99677956,0.0032204113
t99,0.97311646,0.026883522
t125,0.98333406,0.01666593
t115,0.98333406,0.01666593
t127,0.991151,0.00884904
t147,0.98835737,0.011642636
t50,0.9976103,0.0023897432
t82,0.9849445,0.0150554925
