accepted_species,0,1
Peponidium_cystiporon,0.94734746,0.05265254
Stenostomum_guianensis,0.94734746,0.05265254
Leuconotis_bullata,0.88111293,0.1188871
Coccocypselum_bahiense,0.9452798,0.054720204
Mandevilla_columbiana,0.84612423,0.15387578
Galium_subtrifidum,0.9452798,0.054720204
Astiella_deblockiae,0.94608885,0.05391113
Coprosma_rhamnoides,0.9452798,0.054720204
Hedyotis_lancea,0.9452798,0.054720204
Rudgea_hostmanniana,0.9454756,0.054524392
