accepted_species,estimate
t19,-0.5110084050073788
t11,-0.7449447322800961
t54,0.075106463483565
t51,0.2997769997087868
t28,-0.621513561267587
t64,-0.6542692192125262
t61,1.4561265425770085
t66,1.382710548703276
t48,0.8952398209957332
t59,0.8108193584381523
