accepted_species,0
t36,-0.7480708203808878
t91,-0.4203191881464037
t31,0.639089551743255
t5,0.639089551743255
t6,0.9070499789069043
t32,-1.1863414098720453
t47,-1.3080252719120897
t93,-0.7440706853533811
t3,-0.136327516122183
t18,-1.06036743882027
