"accepted_species","estimate"
"t36",-1.40045532113825
"t91",-0.571119920689416
"t31",0.556160733400983
"t5",0.51625277439995
"t6",0.765271864206831
"t32",-1.17282817699695
"t47",-1.52601243510574
"t93",-0.350107850286591
"t3",-0.331981584850418
"t18",-0.637038476098005
