accepted_species,estimate
t19,-0.93624216
t11,0.30936527
t54,-0.84670705
t51,0.28754672
t28,-1.1198317
t64,-0.41815305
t61,1.9441954
t66,1.9939082
t48,0.43546537
t59,1.5273324
