"accepted_species","estimate"
"t58",0.435324477452603
"t121",1.21340961405619
"t18",-0.687539789791177
"t122",0.0694719691032993
"t110",0.0392474514597773
"t11",-1.36118909919273
"t62",-1.5137733748861
"t94",0.451388133374164
"t130",-0.449326134954743
"t98",-0.939290567032068
"t149",0.893612498110326
"t111",-0.774115263312437
"t112",-0.774115263312437
"t73",-0.786367376198672
"t114",0.452180587425377
"t157",-0.135168436178689
"t93",-0.105741530822391
