accepted_species,0,1
sp102,0.12494198717216021,0.8750580128278398
sp104,0.09212727728270009,0.9078727227172999
sp124,0.3856179625546714,0.6143820374453286
sp125,0.5897870105210566,0.41021298947894336
sp151,0.006923471029727124,0.9930765289702729
sp192,0.8843822345474734,0.11561776545252654
sp200,0.21413633468734772,0.7858636653126523
sp205,0.010690980583204501,0.9893090194167955
sp215,0.32432739086324225,0.6756726091367578
sp218,0.07929759480280307,0.9207024051971969
