accepted_species,0,1
sp102,0.1137899231233166,0.8862100768766834
sp104,0.09920315876112684,0.9007968412388732
sp124,0.5160253910166395,0.48397460898336053
sp125,0.6184994197028708,0.38150058029712913
sp151,0.27664752120025793,0.7233524787997421
sp192,0.47563274052666904,0.524367259473331
sp200,0.09172453496708,0.90827546503292
sp205,0.27615102048255735,0.7238489795174426
sp215,0.11370629575767588,0.8862937042423241
sp218,0.06103485735191716,0.9389651426480828
