accepted_species,0,1
sp102,0.1113472,0.8886528
sp104,0.1113472,0.8886528
sp124,0.18137789,0.8186221
sp125,0.6908736,0.30912635
sp151,0.10591513,0.8940849
sp192,0.52229714,0.4777029
sp200,0.1113472,0.8886528
sp205,0.10591513,0.8940849
sp215,0.1113472,0.8886528
sp218,0.068777144,0.93122286
