accepted_species,estimate
t13,0.3198643960226445
t8,0.3205311026848832
t32,0.327518364624873
t85,0.328409245916379
t86,0.32840924591637877
t52,0.32730146814626343
t62,0.3274983332249289
t63,0.3274983332249289
t31,0.3230282774547564
t42,0.3233609287662842
