accepted_species,0,1
t3,0.05832094,0.94167906
t46,0.27897578,0.7210242
t31,0.022285223,0.9777148
t140,0.096682906,0.9033171
t92,0.11535251,0.8846475
t114,0.12971944,0.87028056
t22,0.03219843,0.9678016
t67,0.02523899,0.974761
t71,0.024867654,0.97513235
t56,0.033391237,0.96660876
t52,0.44551122,0.5544888
t123,0.94481254,0.05518746
t27,0.13403016,0.86596984
t8,0.09369558,0.9063044
t105,0.12218124,0.87781876
t2,0.050875425,0.9491246
