accepted_species,0,1
t3,0.026194513,0.9738055
t46,0.47499585,0.52500415
t31,0.005068004,0.994932
t140,0.017304778,0.9826952
t92,0.008547783,0.9914522
t114,0.00901401,0.990986
t22,0.0048468113,0.9951532
t67,0.006503105,0.9934969
t71,0.004784465,0.99521554
t56,0.07057595,0.92942405
t52,0.9243841,0.07561588
t123,0.98949313,0.010506839
t27,0.7780651,0.22193494
t8,0.04726863,0.9527314
t105,0.004490733,0.99550927
t2,0.008188248,0.99181175
