accepted_species,0,1
t3,0.14990544,0.85009456
t46,0.61102223,0.3889778
t31,0.031687856,0.96831214
t140,0.013216853,0.98678315
t92,0.016868949,0.98313105
t114,0.016868949,0.98313105
t22,0.05364895,0.94635105
t67,0.014724255,0.98527575
t71,0.0015981793,0.9984018
t56,0.042742074,0.9572579
t52,0.89997745,0.10002255
t123,0.99120724,0.008792754
t27,0.1372214,0.8627786
t8,0.016638815,0.9833612
t105,0.006451547,0.99354845
t2,0.032280922,0.9677191
