"accepted_species","estimate"
"t41",0.100929559756978
"t129",0.345420982738655
"t130",0.345420982738655
"t56",0.440095512864313
"t57",0.440095512864313
"t18",0.673070843528234
"t104",-0.21844542609288
"t105",-0.21844542609288
"t92",0.158078954339906
"t24",1.07423608823011
"t99",1.25581925260845
"t100",1.25581925260845
"t51",1.23291816816446
"t46",1.20429569843554
