accepted_species,estimate
Asperula_glomerata,-0.5588130558700846
Asperula_molluginoides,-0.4181532587851839
Coprosma_rhamnoides,-0.13902590244115726
Coprosma_robusta,-0.27139438870198024
Galium_eriocarpum,-0.6624492573194904
Galium_labradoricum,-0.6104129603604103
Galium_tenuissimum,-0.17890553858384112
Nertera_dichondrifolia,-0.20714034610957505
Richardia_stellaris,0.8310681766979944
Rubia_peregrina,-0.4042638048104707
