accepted_species,0
Asperula_glomerata,0.030060168412886164
Asperula_molluginoides,0.030060168412886164
Coprosma_rhamnoides,-0.32022231508742127
Coprosma_robusta,-0.32022231508742127
Galium_eriocarpum,0.030060168412886164
Galium_labradoricum,0.030060168412886164
Galium_tenuissimum,0.030060168412886164
Nertera_dichondrifolia,-0.32162256373219517
Richardia_stellaris,0.030060168412886164
Rubia_peregrina,0.030060168412886164
