accepted_species,estimate
t68,-0.43857766779732954
t69,-0.6383243721241916
t58,-0.6211712144876288
t54,-0.4838138202954312
t55,-0.5516870843725443
t94,-0.5571312836596214
t99,-0.7100978041639541
t100,-0.8860702267281642
t97,-0.46410738252936445
t70,-0.4532155664062565
