accepted_species,estimate
t68,-0.059942365
t69,-0.031807102
t58,-0.58573467
t54,-0.4384394
t55,-0.6251473
t94,-0.9037726
t99,-1.0058067
t100,-0.6647357
t97,-1.0478343
t70,-1.212525
