accepted_species,0,1
sp20,0.7305047234207567,0.2694952765792434
sp33,0.7806896935939256,0.21931030640607446
sp35,0.7732581758584436,0.22674182414155641
sp42,0.7218281848919093,0.2781718151080908
sp44,0.7508920941913717,0.24910790580862827
sp54,0.7153556387423772,0.2846443612576229
sp71,0.7570104741091748,0.24298952589082526
sp77,0.7746030744914749,0.22539692550852508
sp122,0.6963149023993113,0.30368509760068874
sp123,0.7254709834605876,0.2745290165394124
