accepted_species,0,1
sp20,0.7702087914514075,0.22979120854859242
sp33,0.7645381443628285,0.23546185563717142
sp35,0.7643749938142335,0.23562500618576648
sp42,0.7650072710215217,0.2349927289784783
sp44,0.7640736040799194,0.2359263959200806
sp54,0.7628978761649846,0.23710212383501542
sp71,0.7653100437785142,0.23468995622148583
sp77,0.7642962394835193,0.23570376051648073
sp122,0.7593885877090754,0.24061141229092461
sp123,0.7593885877090754,0.24061141229092461
