accepted_species,0,1
Faramea_papirifolia,0.945287,0.05471304
Schradera_suaveolens,0.945287,0.05471304
Peponidium_ankaranense,0.8951476,0.10485238
Vallesia_glabra,0.909595,0.090404965
Galium_trifidum,0.87253964,0.12746036
Tabernaemontana_alba,0.8998202,0.10017977
Timonius_rosselensis,0.915145,0.084855005
Rustia_venezuelensis,0.899763,0.10023698
Stapelia_arenosa,0.89978606,0.10021397
Ophiorrhiza_ovata,0.94509673,0.054903273
