accepted_species,0
Asclepias_albicans,-0.3391706994458161
Calotropis_gigantea,-0.3139463288861798
Fagraea_berteroana,0.1139016934029048
Galium_binifolium,-0.4093393059945377
Galium_mollugo,-0.4144614472665928
Galium_parisiense,-0.42015341246537513
Galium_saxatile,-0.41392244609000833
Gentiana_andrewsii,0.1139016934029048
Gentiana_utriculosa,0.1139016934029048
Gentianella_campestris,-0.421396460863986
