accepted_species,0,1
t63,0.49650663,0.50349337
t87,0.49650663,0.50349337
t121,0.49650663,0.50349337
t142,0.49650663,0.50349337
t152,0.49650663,0.50349337
t156,0.49650663,0.50349337
t158,0.49650663,0.50349337
t159,0.49650663,0.50349337
t188,0.49650663,0.50349337
t198,0.49650663,0.50349337
