accepted_species,estimate
Atractocarpus_sessilis,0.7293902825404136
Centaurium_pulchellum,-0.19019811649156812
Galium_sterneri,0.3639195028109382
Galium_tenuissimum,-0.1813728946129932
Galium_trifidum,-0.1498181558921062
Hamelia_axillaris,-0.2940896022892058
Knoxia_sumatrensis,1.0082740708530031
Nauclea_diderrichii,-0.41912080597125645
Psychotria_suterella,0.2925212901285537
Tabernaemontana_cymosa,0.61029707050698
