accepted_species,0,1
sp19,0.4653862748263615,0.5346137251736385
sp36,0.4655475456381899,0.5344524543618101
sp41,0.46396301179641264,0.5360369882035874
sp52,0.46827569620125764,0.5317243037987424
sp53,0.46797540843656893,0.5320245915634311
sp60,0.46213552737233077,0.5378644726276692
sp70,0.4579125963214419,0.5420874036785581
sp72,0.46480276083148775,0.5351972391685123
sp73,0.4651820353777848,0.5348179646222152
sp93,0.4629394409975288,0.5370605590024712
