accepted_species,0,1
sp19,0.4678416165512257,0.5321583834487743
sp36,0.4714198639247522,0.5285801360752478
sp41,0.46726251999279433,0.5327374800072057
sp52,0.45617233863031514,0.5438276613696849
sp53,0.4612306962458813,0.5387693037541187
sp60,0.4705489509527133,0.5294510490472867
sp70,0.4571543557912753,0.5428456442087247
sp72,0.4737489482928745,0.5262510517071255
sp73,0.4711157163313827,0.5288842836686173
sp93,0.44779561973968707,0.5522043802603129
