accepted_species,0,1
sp19,0.3010981,0.6989019
sp36,0.3010981,0.6989019
sp41,0.39232117,0.60767883
sp52,0.28870803,0.71129197
sp53,0.28870803,0.71129197
sp60,0.43031472,0.5696853
sp70,0.6651647,0.33483526
sp72,0.6651647,0.33483526
sp73,0.6651647,0.33483526
sp93,0.5489134,0.45108658
