accepted_species,0,1
sp19,0.37558252,0.6244175
sp36,0.63957036,0.36042964
sp41,0.37558252,0.6244175
sp52,0.37558252,0.6244175
sp53,0.37558252,0.6244175
sp60,0.63957036,0.36042964
sp70,0.37558252,0.6244175
sp72,0.63957036,0.36042964
sp73,0.63957036,0.36042964
sp93,0.63957036,0.36042964
