"accepted_species","estimate"
"t21",-0.400168113546959
"t9",-0.685444318575786
"t99",-1.31417747495652
"t34",-0.768864915937855
"t44",-0.667973992367464
"t27",0.483633201190207
"t89",0.45015509830296
"t76",0.919226456559577
"t41",1.19305938590837
"t65",-1.243321082822
