accepted_species,estimate
Asperula_molluginoides,-0.6368055034095258
Cruciata_glabra,-0.5901591452484686
Exostema_caribaeum,0.15714870359541744
Faramea_occidentalis,0.5768975747554791
Galium_labradoricum,-0.575264249833307
Galium_lucidum,-0.1837863651841828
Galium_saxatile,-0.13745902481600047
Guettarda_elliptica,-0.09613499417579285
Psychotria_tenuifolia,0.36184233593661574
Rubia_tinctorum,-0.14172394542608735
