accepted_species,estimate
t38,0.13669571
t20,-0.4845693
t28,1.0160849
t18,1.4186797
t51,0.20939547
t87,-0.27570254
t63,-0.21565555
t81,-1.6683564
t74,-0.81914145
t86,-0.7498695
