accepted_species,estimate
t38,0.53766054
t20,-0.1530807
t28,1.1377803
t18,0.9831003
t51,0.42469183
t87,-0.43043953
t63,-0.43043953
t81,-1.1199504
t74,-1.3331563
t86,-0.68585074
