accepted_species,0,1
Pauridiantha_viridiflora,0.887308,0.11269199
Rubia_atropurpurea,0.88785094,0.11214906
Asclepias_jorgeana,0.9154799,0.08452011
Strychnos_asterantha,0.8877974,0.11220261
Amphidasya_elegans,0.887308,0.11269199
Hoya_eburnea,0.9013117,0.0986883
Cuviera_semseii,0.8804862,0.11951382
Malanea_chocoana,0.88430333,0.11569667
Genipa_spruceana,0.85149705,0.14850295
Argostemma_stenophyllum,0.917547,0.082453
