accepted_species,0,1
Pauridiantha_viridiflora,0.94288254,0.05711745
Rubia_atropurpurea,0.9082211,0.09177886
Asclepias_jorgeana,0.90477973,0.095220245
Strychnos_asterantha,0.94288254,0.05711745
Amphidasya_elegans,0.94288254,0.05711745
Hoya_eburnea,0.9295678,0.07043218
Cuviera_semseii,0.94288254,0.05711745
Malanea_chocoana,0.94288254,0.05711745
Genipa_spruceana,0.8329756,0.1670244
Argostemma_stenophyllum,0.9310957,0.06890429
