accepted_species,0,1
t17,0.8486604917132785,0.1513395082867215
t62,0.8483795203579708,0.15162047964202918
t56,0.8488318290408117,0.15116817095918827
t11,0.849005323933838,0.15099467606616207
t12,0.849005323933838,0.15099467606616207
t20,0.8480640111066785,0.15193598889332147
t54,0.8478570075153602,0.1521429924846398
t55,0.8478570075153602,0.1521429924846398
t87,0.8478027863407374,0.1521972136592627
t35,0.8480559464633683,0.1519440535366317
