accepted_species,0,1
t17,0.8465420293117504,0.15345797068824962
t62,0.8447929547808171,0.15520704521918294
t56,0.8478377229553551,0.15216227704464494
t11,0.8459586141789625,0.15404138582103755
t12,0.8452379985153418,0.1547620014846582
t20,0.8438693731028781,0.15613062689712182
t54,0.8448869844135578,0.1551130155864422
t55,0.8445268084650788,0.15547319153492126
t87,0.843280427667562,0.15671957233243808
t35,0.8444814506703184,0.15551854932968157
