"accepted_species","0","1"
"t17","0.995682026726463","0.00431797327353693"
"t62","0.996403770227542","0.00359622977245766"
"t56","0.996559318834715","0.0034406811652852"
"t11","0.995576180131221","0.00442381986877909"
"t12","0.995576180131221","0.00442381986877909"
"t20","0.605120673910506","0.394879326089494"
"t54","0.610177746139911","0.389822253860089"
"t55","0.610177746139911","0.389822253860089"
"t87","0.995648659718294","0.00435134028170567"
"t35","0.954047669555734","0.0459523304442659"
