accepted_species,0,1
t17,0.8264644,0.17353559
t62,0.7961254,0.2038746
t56,0.78768146,0.21231857
t11,0.85627127,0.14372872
t12,0.7424138,0.25758618
t20,0.7307213,0.2692787
t54,0.7893729,0.2106271
t55,0.82958484,0.17041518
t87,0.77581924,0.22418076
t35,0.73142034,0.26857966
