accepted_species,0,1
t17,0.8362239,0.16377608
t62,0.7682346,0.23176537
t56,0.8282353,0.17176467
t11,0.8282353,0.17176467
t12,0.8282353,0.17176467
t20,0.6394228,0.36057726
t54,0.65441126,0.34558874
t55,0.65441126,0.34558874
t87,0.6945231,0.30547693
t35,0.65441126,0.34558874
