accepted_species,0,1
t17,0.8810665,0.118933514
t62,0.6272034,0.3727966
t56,0.9473057,0.05269432
t11,0.7327917,0.26720828
t12,0.93055904,0.06944093
t20,0.36918205,0.63081795
t54,0.540979,0.459021
t55,0.36918205,0.63081795
t87,0.8382175,0.1617825
t35,0.7776554,0.22234459
