accepted_species,0,1
t14,0.4103530392444671,0.5896469607555329
t93,0.36557177459411316,0.6344282254058868
t67,0.14073357511785778,0.8592664248821422
t68,0.13881914012181207,0.8611808598781879
t29,0.14050775368781776,0.8594922463121822
t33,0.13394738898438663,0.8660526110156134
t89,0.14790092756666062,0.8520990724333394
t90,0.14859701858042473,0.8514029814195753
t74,0.1443309054640639,0.8556690945359361
t18,0.1481450040830674,0.8518549959169326
