accepted_species,0,1
t14,0.18752957069633946,0.8124704293036605
t93,0.18756334350016468,0.8124366564998353
t67,0.18752695995339108,0.8124730400466089
t68,0.18752695995339108,0.8124730400466089
t29,0.1875286605837595,0.8124713394162405
t33,0.18753057915208182,0.8124694208479182
t89,0.1875232749584016,0.8124767250415984
t90,0.1875232749584016,0.8124767250415984
t74,0.1875232749584016,0.8124767250415984
t18,0.1875257974883976,0.8124742025116024
