accepted_species,0,1
t14,0.27207553,0.72792447
t93,0.27083236,0.72916764
t67,0.29318833,0.70681167
t68,0.29318833,0.70681167
t29,0.28870958,0.7112904
t33,0.29124427,0.70875573
t89,0.28870958,0.7112904
t90,0.28870958,0.7112904
t74,0.28870958,0.7112904
t18,0.29178107,0.70821893
