accepted_species,0,1
t14,0.18027812,0.8197219
t93,0.69153666,0.3084633
t67,0.21103758,0.7889624
t68,0.27314395,0.72685605
t29,0.458708,0.541292
t33,0.17814702,0.821853
t89,0.49344695,0.50655305
t90,0.55636966,0.4436303
t74,0.26573366,0.73426634
t18,0.46548694,0.53451306
