accepted_species,estimate
t12,0.6775925
t22,0.8260777
t3,-0.30074728
t43,0.8385601
t62,0.8548527
t91,-1.3052961
t86,-0.33825427
t59,-1.0904647
t51,-0.513597
t99,-0.8968762
