"","t91","t92","t32","t70","t71","t47","t48","t38","t33","t34","t41","t42","t7","t17","t18","t29","t99","t100","t86","t87","t10","t22","t88","t95","t96","t62","t63","t12","t82","t83","t79","t25","t26","t14","t43","t44","t77","t78","t75","t35","t36","t39","t40","t27","t93","t94","t20","t21","t30","t31","t23","t24","t16","t5","t8","t9","t54","t56","t57","t28","t19","t61","t73","t74","t72","t58","t6","t11","t55","t89","t90","t69","t68","t3","t64","t65","t80","t81","t37","t13","t15","t76","t97","t98","t84","t85","t66","t67","t50","t51","t59","t60","t45","t46","t1","t2","t4","t49","t52","t53"
"t91",0,0.13455423818,2.19576033439,2.19576033439,2.19576033439,2.19576033442,2.19576033442,2.19576033439,2.21973733394,2.21973733394,5.49489537564,5.49489537564,5.69898673554,5.698986735471,5.698986735471,5.698986735471,5.698986735381,5.698986735381,5.698986735431,5.698986735431,5.698986735681,5.69898673544,5.69898673542,5.69898673542,5.69898673542,5.69898673544,5.69898673544,5.69898673514,5.69898673523,5.69898673523,5.69898673524,8.09211188504,8.09211188504,8.09211188464,8.09211188534,8.09211188534,8.09211188516,8.09211188516,8.09211188511,8.09211188511,8.09211188511,8.09211188516,8.09211188516,8.09211188516,8.09211188517,8.09211188517,8.09211188526,8.09211188526,8.09211188516,8.09211188516,8.09211188517,8.09211188517,8.09211188517,8.09211188534,8.09211188534,8.09211188534,8.09211188544,8.09211188546,8.09211188546,8.09211188544,8.09211188544,8.09211188523,8.09211188524,8.09211188524,8.09211188522,8.09211188524,8.09211188514,8.09211188574,8.09211188524,8.09211188528,8.09211188528,8.0921118853,8.09211188524,8.09211188504,8.09211188514,8.09211188514,8.09211188524,8.09211188524,8.09211188524,8.09211188514,8.09211188512,8.09211188522,8.09211188517,8.09211188517,8.09211188512,8.09211188512,8.09211188512,8.09211188512,8.09211188512,8.09211188512,8.09211188514,8.09211188514,8.09211188514,8.09211188514,8.09211188564,8.09211188504,8.09211188504,8.09211188534,8.09211188528,8.09211188528
"t92",0.13455423818,0,2.19576033439,2.19576033439,2.19576033439,2.19576033442,2.19576033442,2.19576033439,2.21973733394,2.21973733394,5.49489537564,5.49489537564,5.69898673554,5.698986735471,5.698986735471,5.698986735471,5.698986735381,5.698986735381,5.698986735431,5.698986735431,5.698986735681,5.69898673544,5.69898673542,5.69898673542,5.69898673542,5.69898673544,5.69898673544,5.69898673514,5.69898673523,5.69898673523,5.69898673524,8.09211188504,8.09211188504,8.09211188464,8.09211188534,8.09211188534,8.09211188516,8.09211188516,8.09211188511,8.09211188511,8.09211188511,8.09211188516,8.09211188516,8.09211188516,8.09211188517,8.09211188517,8.09211188526,8.09211188526,8.09211188516,8.09211188516,8.09211188517,8.09211188517,8.09211188517,8.09211188534,8.09211188534,8.09211188534,8.09211188544,8.09211188546,8.09211188546,8.09211188544,8.09211188544,8.09211188523,8.09211188524,8.09211188524,8.09211188522,8.09211188524,8.09211188514,8.09211188574,8.09211188524,8.09211188528,8.09211188528,8.0921118853,8.09211188524,8.09211188504,8.09211188514,8.09211188514,8.09211188524,8.09211188524,8.09211188524,8.09211188514,8.09211188512,8.09211188522,8.09211188517,8.09211188517,8.09211188512,8.09211188512,8.09211188512,8.09211188512,8.09211188512,8.09211188512,8.09211188514,8.09211188514,8.09211188514,8.09211188514,8.09211188564,8.09211188504,8.09211188504,8.09211188534,8.09211188528,8.09211188528
"t32",2.19576033439,2.19576033439,0,1.0694581128,1.0694581128,1.85932606543,1.85932606543,1.8593260654,2.21973733415,2.21973733415,5.49489537585,5.49489537585,5.69898673575,5.698986735681,5.698986735681,5.698986735681,5.698986735591,5.698986735591,5.698986735641,5.698986735641,5.698986735891,5.69898673565,5.69898673563,5.69898673563,5.69898673563,5.69898673565,5.69898673565,5.69898673535,5.69898673544,5.69898673544,5.69898673545,8.09211188525,8.09211188525,8.09211188485,8.09211188555,8.09211188555,8.09211188537,8.09211188537,8.09211188532,8.09211188532,8.09211188532,8.09211188537,8.09211188537,8.09211188537,8.09211188538,8.09211188538,8.09211188547,8.09211188547,8.09211188537,8.09211188537,8.09211188538,8.09211188538,8.09211188538,8.09211188555,8.09211188555,8.09211188555,8.09211188565,8.09211188567,8.09211188567,8.09211188565,8.09211188565,8.09211188544,8.09211188545,8.09211188545,8.09211188543,8.09211188545,8.09211188535,8.09211188595,8.09211188545,8.09211188549,8.09211188549,8.09211188551,8.09211188545,8.09211188525,8.09211188535,8.09211188535,8.09211188545,8.09211188545,8.09211188545,8.09211188535,8.09211188533,8.09211188543,8.09211188538,8.09211188538,8.09211188533,8.09211188533,8.09211188533,8.09211188533,8.09211188533,8.09211188533,8.09211188535,8.09211188535,8.09211188535,8.09211188535,8.09211188585,8.09211188525,8.09211188525,8.09211188555,8.09211188549,8.09211188549
"t70",2.19576033439,2.19576033439,1.0694581128,0,0.3525012936,1.85932606543,1.85932606543,1.8593260654,2.21973733415,2.21973733415,5.49489537585,5.49489537585,5.69898673575,5.698986735681,5.698986735681,5.698986735681,5.698986735591,5.698986735591,5.698986735641,5.698986735641,5.698986735891,5.69898673565,5.69898673563,5.69898673563,5.69898673563,5.69898673565,5.69898673565,5.69898673535,5.69898673544,5.69898673544,5.69898673545,8.09211188525,8.09211188525,8.09211188485,8.09211188555,8.09211188555,8.09211188537,8.09211188537,8.09211188532,8.09211188532,8.09211188532,8.09211188537,8.09211188537,8.09211188537,8.09211188538,8.09211188538,8.09211188547,8.09211188547,8.09211188537,8.09211188537,8.09211188538,8.09211188538,8.09211188538,8.09211188555,8.09211188555,8.09211188555,8.09211188565,8.09211188567,8.09211188567,8.09211188565,8.09211188565,8.09211188544,8.09211188545,8.09211188545,8.09211188543,8.09211188545,8.09211188535,8.09211188595,8.09211188545,8.09211188549,8.09211188549,8.09211188551,8.09211188545,8.09211188525,8.09211188535,8.09211188535,8.09211188545,8.09211188545,8.09211188545,8.09211188535,8.09211188533,8.09211188543,8.09211188538,8.09211188538,8.09211188533,8.09211188533,8.09211188533,8.09211188533,8.09211188533,8.09211188533,8.09211188535,8.09211188535,8.09211188535,8.09211188535,8.09211188585,8.09211188525,8.09211188525,8.09211188555,8.09211188549,8.09211188549
"t71",2.19576033439,2.19576033439,1.0694581128,0.3525012936,0,1.85932606543,1.85932606543,1.8593260654,2.21973733415,2.21973733415,5.49489537585,5.49489537585,5.69898673575,5.698986735681,5.698986735681,5.698986735681,5.698986735591,5.698986735591,5.698986735641,5.698986735641,5.698986735891,5.69898673565,5.69898673563,5.69898673563,5.69898673563,5.69898673565,5.69898673565,5.69898673535,5.69898673544,5.69898673544,5.69898673545,8.09211188525,8.09211188525,8.09211188485,8.09211188555,8.09211188555,8.09211188537,8.09211188537,8.09211188532,8.09211188532,8.09211188532,8.09211188537,8.09211188537,8.09211188537,8.09211188538,8.09211188538,8.09211188547,8.09211188547,8.09211188537,8.09211188537,8.09211188538,8.09211188538,8.09211188538,8.09211188555,8.09211188555,8.09211188555,8.09211188565,8.09211188567,8.09211188567,8.09211188565,8.09211188565,8.09211188544,8.09211188545,8.09211188545,8.09211188543,8.09211188545,8.09211188535,8.09211188595,8.09211188545,8.09211188549,8.09211188549,8.09211188551,8.09211188545,8.09211188525,8.09211188535,8.09211188535,8.09211188545,8.09211188545,8.09211188545,8.09211188535,8.09211188533,8.09211188543,8.09211188538,8.09211188538,8.09211188533,8.09211188533,8.09211188533,8.09211188533,8.09211188533,8.09211188533,8.09211188535,8.09211188535,8.09211188535,8.09211188535,8.09211188585,8.09211188525,8.09211188525,8.09211188555,8.09211188549,8.09211188549
"t47",2.19576033442,2.19576033442,1.85932606543,1.85932606543,1.85932606543,0,0.8199622202,0.96664960343,2.21973733418,2.21973733418,5.49489537588,5.49489537588,5.69898673578,5.698986735711,5.698986735711,5.698986735711,5.698986735621,5.698986735621,5.698986735671,5.698986735671,5.698986735921,5.69898673568,5.69898673566,5.69898673566,5.69898673566,5.69898673568,5.69898673568,5.69898673538,5.69898673547,5.69898673547,5.69898673548,8.09211188528,8.09211188528,8.09211188488,8.09211188558,8.09211188558,8.0921118854,8.0921118854,8.09211188535,8.09211188535,8.09211188535,8.0921118854,8.0921118854,8.0921118854,8.09211188541,8.09211188541,8.0921118855,8.0921118855,8.0921118854,8.0921118854,8.09211188541,8.09211188541,8.09211188541,8.09211188558,8.09211188558,8.09211188558,8.09211188568,8.0921118857,8.0921118857,8.09211188568,8.09211188568,8.09211188547,8.09211188548,8.09211188548,8.09211188546,8.09211188548,8.09211188538,8.09211188598,8.09211188548,8.09211188552,8.09211188552,8.09211188554,8.09211188548,8.09211188528,8.09211188538,8.09211188538,8.09211188548,8.09211188548,8.09211188548,8.09211188538,8.09211188536,8.09211188546,8.09211188541,8.09211188541,8.09211188536,8.09211188536,8.09211188536,8.09211188536,8.09211188536,8.09211188536,8.09211188538,8.09211188538,8.09211188538,8.09211188538,8.09211188588,8.09211188528,8.09211188528,8.09211188558,8.09211188552,8.09211188552
"t48",2.19576033442,2.19576033442,1.85932606543,1.85932606543,1.85932606543,0.8199622202,0,0.96664960343,2.21973733418,2.21973733418,5.49489537588,5.49489537588,5.69898673578,5.698986735711,5.698986735711,5.698986735711,5.698986735621,5.698986735621,5.698986735671,5.698986735671,5.698986735921,5.69898673568,5.69898673566,5.69898673566,5.69898673566,5.69898673568,5.69898673568,5.69898673538,5.69898673547,5.69898673547,5.69898673548,8.09211188528,8.09211188528,8.09211188488,8.09211188558,8.09211188558,8.0921118854,8.0921118854,8.09211188535,8.09211188535,8.09211188535,8.0921118854,8.0921118854,8.0921118854,8.09211188541,8.09211188541,8.0921118855,8.0921118855,8.0921118854,8.0921118854,8.09211188541,8.09211188541,8.09211188541,8.09211188558,8.09211188558,8.09211188558,8.09211188568,8.0921118857,8.0921118857,8.09211188568,8.09211188568,8.09211188547,8.09211188548,8.09211188548,8.09211188546,8.09211188548,8.09211188538,8.09211188598,8.09211188548,8.09211188552,8.09211188552,8.09211188554,8.09211188548,8.09211188528,8.09211188538,8.09211188538,8.09211188548,8.09211188548,8.09211188548,8.09211188538,8.09211188536,8.09211188546,8.09211188541,8.09211188541,8.09211188536,8.09211188536,8.09211188536,8.09211188536,8.09211188536,8.09211188536,8.09211188538,8.09211188538,8.09211188538,8.09211188538,8.09211188588,8.09211188528,8.09211188528,8.09211188558,8.09211188552,8.09211188552
"t38",2.19576033439,2.19576033439,1.8593260654,1.8593260654,1.8593260654,0.96664960343,0.96664960343,0,2.21973733415,2.21973733415,5.49489537585,5.49489537585,5.69898673575,5.698986735681,5.698986735681,5.698986735681,5.698986735591,5.698986735591,5.698986735641,5.698986735641,5.698986735891,5.69898673565,5.69898673563,5.69898673563,5.69898673563,5.69898673565,5.69898673565,5.69898673535,5.69898673544,5.69898673544,5.69898673545,8.09211188525,8.09211188525,8.09211188485,8.09211188555,8.09211188555,8.09211188537,8.09211188537,8.09211188532,8.09211188532,8.09211188532,8.09211188537,8.09211188537,8.09211188537,8.09211188538,8.09211188538,8.09211188547,8.09211188547,8.09211188537,8.09211188537,8.09211188538,8.09211188538,8.09211188538,8.09211188555,8.09211188555,8.09211188555,8.09211188565,8.09211188567,8.09211188567,8.09211188565,8.09211188565,8.09211188544,8.09211188545,8.09211188545,8.09211188543,8.09211188545,8.09211188535,8.09211188595,8.09211188545,8.09211188549,8.09211188549,8.09211188551,8.09211188545,8.09211188525,8.09211188535,8.09211188535,8.09211188545,8.09211188545,8.09211188545,8.09211188535,8.09211188533,8.09211188543,8.09211188538,8.09211188538,8.09211188533,8.09211188533,8.09211188533,8.09211188533,8.09211188533,8.09211188533,8.09211188535,8.09211188535,8.09211188535,8.09211188535,8.09211188585,8.09211188525,8.09211188525,8.09211188555,8.09211188549,8.09211188549
"t33",2.21973733394,2.21973733394,2.21973733415,2.21973733415,2.21973733415,2.21973733418,2.21973733418,2.21973733415,0,1.0052443482,5.4948953759,5.4948953759,5.6989867358,5.698986735731,5.698986735731,5.698986735731,5.698986735641,5.698986735641,5.698986735691,5.698986735691,5.698986735941,5.6989867357,5.69898673568,5.69898673568,5.69898673568,5.6989867357,5.6989867357,5.6989867354,5.69898673549,5.69898673549,5.6989867355,8.0921118853,8.0921118853,8.0921118849,8.0921118856,8.0921118856,8.09211188542,8.09211188542,8.09211188537,8.09211188537,8.09211188537,8.09211188542,8.09211188542,8.09211188542,8.09211188543,8.09211188543,8.09211188552,8.09211188552,8.09211188542,8.09211188542,8.09211188543,8.09211188543,8.09211188543,8.0921118856,8.0921118856,8.0921118856,8.0921118857,8.09211188572,8.09211188572,8.0921118857,8.0921118857,8.09211188549,8.0921118855,8.0921118855,8.09211188548,8.0921118855,8.0921118854,8.092111886,8.0921118855,8.09211188554,8.09211188554,8.09211188556,8.0921118855,8.0921118853,8.0921118854,8.0921118854,8.0921118855,8.0921118855,8.0921118855,8.0921118854,8.09211188538,8.09211188548,8.09211188543,8.09211188543,8.09211188538,8.09211188538,8.09211188538,8.09211188538,8.09211188538,8.09211188538,8.0921118854,8.0921118854,8.0921118854,8.0921118854,8.0921118859,8.0921118853,8.0921118853,8.0921118856,8.09211188554,8.09211188554
"t34",2.21973733394,2.21973733394,2.21973733415,2.21973733415,2.21973733415,2.21973733418,2.21973733418,2.21973733415,1.0052443482,0,5.4948953759,5.4948953759,5.6989867358,5.698986735731,5.698986735731,5.698986735731,5.698986735641,5.698986735641,5.698986735691,5.698986735691,5.698986735941,5.6989867357,5.69898673568,5.69898673568,5.69898673568,5.6989867357,5.6989867357,5.6989867354,5.69898673549,5.69898673549,5.6989867355,8.0921118853,8.0921118853,8.0921118849,8.0921118856,8.0921118856,8.09211188542,8.09211188542,8.09211188537,8.09211188537,8.09211188537,8.09211188542,8.09211188542,8.09211188542,8.09211188543,8.09211188543,8.09211188552,8.09211188552,8.09211188542,8.09211188542,8.09211188543,8.09211188543,8.09211188543,8.0921118856,8.0921118856,8.0921118856,8.0921118857,8.09211188572,8.09211188572,8.0921118857,8.0921118857,8.09211188549,8.0921118855,8.0921118855,8.09211188548,8.0921118855,8.0921118854,8.092111886,8.0921118855,8.09211188554,8.09211188554,8.09211188556,8.0921118855,8.0921118853,8.0921118854,8.0921118854,8.0921118855,8.0921118855,8.0921118855,8.0921118854,8.09211188538,8.09211188548,8.09211188543,8.09211188543,8.09211188538,8.09211188538,8.09211188538,8.09211188538,8.09211188538,8.09211188538,8.0921118854,8.0921118854,8.0921118854,8.0921118854,8.0921118859,8.0921118853,8.0921118853,8.0921118856,8.09211188554,8.09211188554
"t41",5.49489537564,5.49489537564,5.49489537585,5.49489537585,5.49489537585,5.49489537588,5.49489537588,5.49489537585,5.4948953759,5.4948953759,0,0.8879530156,5.6989867355,5.698986735431,5.698986735431,5.698986735431,5.698986735341,5.698986735341,5.698986735391,5.698986735391,5.698986735641,5.6989867354,5.69898673538,5.69898673538,5.69898673538,5.6989867354,5.6989867354,5.6989867351,5.69898673519,5.69898673519,5.6989867352,8.092111885,8.092111885,8.0921118846,8.0921118853,8.0921118853,8.09211188512,8.09211188512,8.09211188507,8.09211188507,8.09211188507,8.09211188512,8.09211188512,8.09211188512,8.09211188513,8.09211188513,8.09211188522,8.09211188522,8.09211188512,8.09211188512,8.09211188513,8.09211188513,8.09211188513,8.0921118853,8.0921118853,8.0921118853,8.0921118854,8.09211188542,8.09211188542,8.0921118854,8.0921118854,8.09211188519,8.0921118852,8.0921118852,8.09211188518,8.0921118852,8.0921118851,8.0921118857,8.0921118852,8.09211188524,8.09211188524,8.09211188526,8.0921118852,8.092111885,8.0921118851,8.0921118851,8.0921118852,8.0921118852,8.0921118852,8.0921118851,8.09211188508,8.09211188518,8.09211188513,8.09211188513,8.09211188508,8.09211188508,8.09211188508,8.09211188508,8.09211188508,8.09211188508,8.0921118851,8.0921118851,8.0921118851,8.0921118851,8.0921118856,8.092111885,8.092111885,8.0921118853,8.09211188524,8.09211188524
"t42",5.49489537564,5.49489537564,5.49489537585,5.49489537585,5.49489537585,5.49489537588,5.49489537588,5.49489537585,5.4948953759,5.4948953759,0.8879530156,0,5.6989867355,5.698986735431,5.698986735431,5.698986735431,5.698986735341,5.698986735341,5.698986735391,5.698986735391,5.698986735641,5.6989867354,5.69898673538,5.69898673538,5.69898673538,5.6989867354,5.6989867354,5.6989867351,5.69898673519,5.69898673519,5.6989867352,8.092111885,8.092111885,8.0921118846,8.0921118853,8.0921118853,8.09211188512,8.09211188512,8.09211188507,8.09211188507,8.09211188507,8.09211188512,8.09211188512,8.09211188512,8.09211188513,8.09211188513,8.09211188522,8.09211188522,8.09211188512,8.09211188512,8.09211188513,8.09211188513,8.09211188513,8.0921118853,8.0921118853,8.0921118853,8.0921118854,8.09211188542,8.09211188542,8.0921118854,8.0921118854,8.09211188519,8.0921118852,8.0921118852,8.09211188518,8.0921118852,8.0921118851,8.0921118857,8.0921118852,8.09211188524,8.09211188524,8.09211188526,8.0921118852,8.092111885,8.0921118851,8.0921118851,8.0921118852,8.0921118852,8.0921118852,8.0921118851,8.09211188508,8.09211188518,8.09211188513,8.09211188513,8.09211188508,8.09211188508,8.09211188508,8.09211188508,8.09211188508,8.09211188508,8.0921118851,8.0921118851,8.0921118851,8.0921118851,8.0921118856,8.092111885,8.092111885,8.0921118853,8.09211188524,8.09211188524
"t7",5.69898673554,5.69898673554,5.69898673575,5.69898673575,5.69898673575,5.69898673578,5.69898673578,5.69898673575,5.6989867358,5.6989867358,5.6989867355,5.6989867355,0,2.679926933931,2.679926933931,2.679926933931,2.679926933841,2.679926933841,2.679926933891,2.679926933891,2.679926934141,4.1869591341,4.18695913408,4.18695913408,4.18695913408,4.1869591341,4.1869591341,4.1869591338,4.18695913389,4.18695913389,4.1869591339,8.0921118855,8.0921118855,8.0921118851,8.0921118858,8.0921118858,8.09211188562,8.09211188562,8.09211188557,8.09211188557,8.09211188557,8.09211188562,8.09211188562,8.09211188562,8.09211188563,8.09211188563,8.09211188572,8.09211188572,8.09211188562,8.09211188562,8.09211188563,8.09211188563,8.09211188563,8.0921118858,8.0921118858,8.0921118858,8.0921118859,8.09211188592,8.09211188592,8.0921118859,8.0921118859,8.09211188569,8.0921118857,8.0921118857,8.09211188568,8.0921118857,8.0921118856,8.0921118862,8.0921118857,8.09211188574,8.09211188574,8.09211188576,8.0921118857,8.0921118855,8.0921118856,8.0921118856,8.0921118857,8.0921118857,8.0921118857,8.0921118856,8.09211188558,8.09211188568,8.09211188563,8.09211188563,8.09211188558,8.09211188558,8.09211188558,8.09211188558,8.09211188558,8.09211188558,8.0921118856,8.0921118856,8.0921118856,8.0921118856,8.0921118861,8.0921118855,8.0921118855,8.0921118858,8.09211188574,8.09211188574
"t17",5.698986735471,5.698986735471,5.698986735681,5.698986735681,5.698986735681,5.698986735711,5.698986735711,5.698986735681,5.698986735731,5.698986735731,5.698986735431,5.698986735431,2.679926933931,0,1.655521308,2.625009086,2.62500908591,2.62500908591,2.62500908596,2.62500908596,2.66143836579,4.186959134031,4.186959134011,4.186959134011,4.186959134011,4.186959134031,4.186959134031,4.186959133731,4.186959133821,4.186959133821,4.186959133831,8.092111885431,8.092111885431,8.092111885031,8.092111885731,8.092111885731,8.092111885551,8.092111885551,8.092111885501,8.092111885501,8.092111885501,8.092111885551,8.092111885551,8.092111885551,8.092111885561,8.092111885561,8.092111885651,8.092111885651,8.092111885551,8.092111885551,8.092111885561,8.092111885561,8.092111885561,8.092111885731,8.092111885731,8.092111885731,8.092111885831,8.092111885851,8.092111885851,8.092111885831,8.092111885831,8.092111885621,8.092111885631,8.092111885631,8.092111885611,8.092111885631,8.092111885531,8.092111886131,8.092111885631,8.092111885671,8.092111885671,8.092111885691,8.092111885631,8.092111885431,8.092111885531,8.092111885531,8.092111885631,8.092111885631,8.092111885631,8.092111885531,8.092111885511,8.092111885611,8.092111885561,8.092111885561,8.092111885511,8.092111885511,8.092111885511,8.092111885511,8.092111885511,8.092111885511,8.092111885531,8.092111885531,8.092111885531,8.092111885531,8.092111886031,8.092111885431,8.092111885431,8.092111885731,8.092111885671,8.092111885671
"t18",5.698986735471,5.698986735471,5.698986735681,5.698986735681,5.698986735681,5.698986735711,5.698986735711,5.698986735681,5.698986735731,5.698986735731,5.698986735431,5.698986735431,2.679926933931,1.655521308,0,2.625009086,2.62500908591,2.62500908591,2.62500908596,2.62500908596,2.66143836579,4.186959134031,4.186959134011,4.186959134011,4.186959134011,4.186959134031,4.186959134031,4.186959133731,4.186959133821,4.186959133821,4.186959133831,8.092111885431,8.092111885431,8.092111885031,8.092111885731,8.092111885731,8.092111885551,8.092111885551,8.092111885501,8.092111885501,8.092111885501,8.092111885551,8.092111885551,8.092111885551,8.092111885561,8.092111885561,8.092111885651,8.092111885651,8.092111885551,8.092111885551,8.092111885561,8.092111885561,8.092111885561,8.092111885731,8.092111885731,8.092111885731,8.092111885831,8.092111885851,8.092111885851,8.092111885831,8.092111885831,8.092111885621,8.092111885631,8.092111885631,8.092111885611,8.092111885631,8.092111885531,8.092111886131,8.092111885631,8.092111885671,8.092111885671,8.092111885691,8.092111885631,8.092111885431,8.092111885531,8.092111885531,8.092111885631,8.092111885631,8.092111885631,8.092111885531,8.092111885511,8.092111885611,8.092111885561,8.092111885561,8.092111885511,8.092111885511,8.092111885511,8.092111885511,8.092111885511,8.092111885511,8.092111885531,8.092111885531,8.092111885531,8.092111885531,8.092111886031,8.092111885431,8.092111885431,8.092111885731,8.092111885671,8.092111885671
"t29",5.698986735471,5.698986735471,5.698986735681,5.698986735681,5.698986735681,5.698986735711,5.698986735711,5.698986735681,5.698986735731,5.698986735731,5.698986735431,5.698986735431,2.679926933931,2.625009086,2.625009086,0,1.18669240811,1.18669240811,1.18669240816,1.18669240816,2.66143836579,4.186959134031,4.186959134011,4.186959134011,4.186959134011,4.186959134031,4.186959134031,4.186959133731,4.186959133821,4.186959133821,4.186959133831,8.092111885431,8.092111885431,8.092111885031,8.092111885731,8.092111885731,8.092111885551,8.092111885551,8.092111885501,8.092111885501,8.092111885501,8.092111885551,8.092111885551,8.092111885551,8.092111885561,8.092111885561,8.092111885651,8.092111885651,8.092111885551,8.092111885551,8.092111885561,8.092111885561,8.092111885561,8.092111885731,8.092111885731,8.092111885731,8.092111885831,8.092111885851,8.092111885851,8.092111885831,8.092111885831,8.092111885621,8.092111885631,8.092111885631,8.092111885611,8.092111885631,8.092111885531,8.092111886131,8.092111885631,8.092111885671,8.092111885671,8.092111885691,8.092111885631,8.092111885431,8.092111885531,8.092111885531,8.092111885631,8.092111885631,8.092111885631,8.092111885531,8.092111885511,8.092111885611,8.092111885561,8.092111885561,8.092111885511,8.092111885511,8.092111885511,8.092111885511,8.092111885511,8.092111885511,8.092111885531,8.092111885531,8.092111885531,8.092111885531,8.092111886031,8.092111885431,8.092111885431,8.092111885731,8.092111885671,8.092111885671
"t99",5.698986735381,5.698986735381,5.698986735591,5.698986735591,5.698986735591,5.698986735621,5.698986735621,5.698986735591,5.698986735641,5.698986735641,5.698986735341,5.698986735341,2.679926933841,2.62500908591,2.62500908591,1.18669240811,0,0.02261093722,0.75758141527,0.75758141527,2.6614383657,4.186959133941,4.186959133921,4.186959133921,4.186959133921,4.186959133941,4.186959133941,4.186959133641,4.186959133731,4.186959133731,4.186959133741,8.092111885341,8.092111885341,8.092111884941,8.092111885641,8.092111885641,8.092111885461,8.092111885461,8.092111885411,8.092111885411,8.092111885411,8.092111885461,8.092111885461,8.092111885461,8.092111885471,8.092111885471,8.092111885561,8.092111885561,8.092111885461,8.092111885461,8.092111885471,8.092111885471,8.092111885471,8.092111885641,8.092111885641,8.092111885641,8.092111885741,8.092111885761,8.092111885761,8.092111885741,8.092111885741,8.092111885531,8.092111885541,8.092111885541,8.092111885521,8.092111885541,8.092111885441,8.092111886041,8.092111885541,8.092111885581,8.092111885581,8.092111885601,8.092111885541,8.092111885341,8.092111885441,8.092111885441,8.092111885541,8.092111885541,8.092111885541,8.092111885441,8.092111885421,8.092111885521,8.092111885471,8.092111885471,8.092111885421,8.092111885421,8.092111885421,8.092111885421,8.092111885421,8.092111885421,8.092111885441,8.092111885441,8.092111885441,8.092111885441,8.092111885941,8.092111885341,8.092111885341,8.092111885641,8.092111885581,8.092111885581
"t100",5.698986735381,5.698986735381,5.698986735591,5.698986735591,5.698986735591,5.698986735621,5.698986735621,5.698986735591,5.698986735641,5.698986735641,5.698986735341,5.698986735341,2.679926933841,2.62500908591,2.62500908591,1.18669240811,0.02261093722,0,0.75758141527,0.75758141527,2.6614383657,4.186959133941,4.186959133921,4.186959133921,4.186959133921,4.186959133941,4.186959133941,4.186959133641,4.186959133731,4.186959133731,4.186959133741,8.092111885341,8.092111885341,8.092111884941,8.092111885641,8.092111885641,8.092111885461,8.092111885461,8.092111885411,8.092111885411,8.092111885411,8.092111885461,8.092111885461,8.092111885461,8.092111885471,8.092111885471,8.092111885561,8.092111885561,8.092111885461,8.092111885461,8.092111885471,8.092111885471,8.092111885471,8.092111885641,8.092111885641,8.092111885641,8.092111885741,8.092111885761,8.092111885761,8.092111885741,8.092111885741,8.092111885531,8.092111885541,8.092111885541,8.092111885521,8.092111885541,8.092111885441,8.092111886041,8.092111885541,8.092111885581,8.092111885581,8.092111885601,8.092111885541,8.092111885341,8.092111885441,8.092111885441,8.092111885541,8.092111885541,8.092111885541,8.092111885441,8.092111885421,8.092111885521,8.092111885471,8.092111885471,8.092111885421,8.092111885421,8.092111885421,8.092111885421,8.092111885421,8.092111885421,8.092111885441,8.092111885441,8.092111885441,8.092111885441,8.092111885941,8.092111885341,8.092111885341,8.092111885641,8.092111885581,8.092111885581
"t86",5.698986735431,5.698986735431,5.698986735641,5.698986735641,5.698986735641,5.698986735671,5.698986735671,5.698986735641,5.698986735691,5.698986735691,5.698986735391,5.698986735391,2.679926933891,2.62500908596,2.62500908596,1.18669240816,0.75758141527,0.75758141527,0,0.18143106052,2.66143836575,4.186959133991,4.186959133971,4.186959133971,4.186959133971,4.186959133991,4.186959133991,4.186959133691,4.186959133781,4.186959133781,4.186959133791,8.092111885391,8.092111885391,8.092111884991,8.092111885691,8.092111885691,8.092111885511,8.092111885511,8.092111885461,8.092111885461,8.092111885461,8.092111885511,8.092111885511,8.092111885511,8.092111885521,8.092111885521,8.092111885611,8.092111885611,8.092111885511,8.092111885511,8.092111885521,8.092111885521,8.092111885521,8.092111885691,8.092111885691,8.092111885691,8.092111885791,8.092111885811,8.092111885811,8.092111885791,8.092111885791,8.092111885581,8.092111885591,8.092111885591,8.092111885571,8.092111885591,8.092111885491,8.092111886091,8.092111885591,8.092111885631,8.092111885631,8.092111885651,8.092111885591,8.092111885391,8.092111885491,8.092111885491,8.092111885591,8.092111885591,8.092111885591,8.092111885491,8.092111885471,8.092111885571,8.092111885521,8.092111885521,8.092111885471,8.092111885471,8.092111885471,8.092111885471,8.092111885471,8.092111885471,8.092111885491,8.092111885491,8.092111885491,8.092111885491,8.092111885991,8.092111885391,8.092111885391,8.092111885691,8.092111885631,8.092111885631
"t87",5.698986735431,5.698986735431,5.698986735641,5.698986735641,5.698986735641,5.698986735671,5.698986735671,5.698986735641,5.698986735691,5.698986735691,5.698986735391,5.698986735391,2.679926933891,2.62500908596,2.62500908596,1.18669240816,0.75758141527,0.75758141527,0.18143106052,0,2.66143836575,4.186959133991,4.186959133971,4.186959133971,4.186959133971,4.186959133991,4.186959133991,4.186959133691,4.186959133781,4.186959133781,4.186959133791,8.092111885391,8.092111885391,8.092111884991,8.092111885691,8.092111885691,8.092111885511,8.092111885511,8.092111885461,8.092111885461,8.092111885461,8.092111885511,8.092111885511,8.092111885511,8.092111885521,8.092111885521,8.092111885611,8.092111885611,8.092111885511,8.092111885511,8.092111885521,8.092111885521,8.092111885521,8.092111885691,8.092111885691,8.092111885691,8.092111885791,8.092111885811,8.092111885811,8.092111885791,8.092111885791,8.092111885581,8.092111885591,8.092111885591,8.092111885571,8.092111885591,8.092111885491,8.092111886091,8.092111885591,8.092111885631,8.092111885631,8.092111885651,8.092111885591,8.092111885391,8.092111885491,8.092111885491,8.092111885591,8.092111885591,8.092111885591,8.092111885491,8.092111885471,8.092111885571,8.092111885521,8.092111885521,8.092111885471,8.092111885471,8.092111885471,8.092111885471,8.092111885471,8.092111885471,8.092111885491,8.092111885491,8.092111885491,8.092111885491,8.092111885991,8.092111885391,8.092111885391,8.092111885691,8.092111885631,8.092111885631
"t10",5.698986735681,5.698986735681,5.698986735891,5.698986735891,5.698986735891,5.698986735921,5.698986735921,5.698986735891,5.698986735941,5.698986735941,5.698986735641,5.698986735641,2.679926934141,2.66143836579,2.66143836579,2.66143836579,2.6614383657,2.6614383657,2.66143836575,2.66143836575,0,4.186959134241,4.186959134221,4.186959134221,4.186959134221,4.186959134241,4.186959134241,4.186959133941,4.186959134031,4.186959134031,4.186959134041,8.092111885641,8.092111885641,8.092111885241,8.092111885941,8.092111885941,8.092111885761,8.092111885761,8.092111885711,8.092111885711,8.092111885711,8.092111885761,8.092111885761,8.092111885761,8.092111885771,8.092111885771,8.092111885861,8.092111885861,8.092111885761,8.092111885761,8.092111885771,8.092111885771,8.092111885771,8.092111885941,8.092111885941,8.092111885941,8.092111886041,8.092111886061,8.092111886061,8.092111886041,8.092111886041,8.092111885831,8.092111885841,8.092111885841,8.092111885821,8.092111885841,8.092111885741,8.092111886341,8.092111885841,8.092111885881,8.092111885881,8.092111885901,8.092111885841,8.092111885641,8.092111885741,8.092111885741,8.092111885841,8.092111885841,8.092111885841,8.092111885741,8.092111885721,8.092111885821,8.092111885771,8.092111885771,8.092111885721,8.092111885721,8.092111885721,8.092111885721,8.092111885721,8.092111885721,8.092111885741,8.092111885741,8.092111885741,8.092111885741,8.092111886241,8.092111885641,8.092111885641,8.092111885941,8.092111885881,8.092111885881
"t22",5.69898673544,5.69898673544,5.69898673565,5.69898673565,5.69898673565,5.69898673568,5.69898673568,5.69898673565,5.6989867357,5.6989867357,5.6989867354,5.6989867354,4.1869591341,4.186959134031,4.186959134031,4.186959134031,4.186959133941,4.186959133941,4.186959133991,4.186959133991,4.186959134241,0,1.51260793118,1.51260793118,1.51260793118,3.30592793,3.30592793,3.3059279297,3.30592792979,3.30592792979,3.3059279298,8.0921118854,8.0921118854,8.092111885,8.0921118857,8.0921118857,8.09211188552,8.09211188552,8.09211188547,8.09211188547,8.09211188547,8.09211188552,8.09211188552,8.09211188552,8.09211188553,8.09211188553,8.09211188562,8.09211188562,8.09211188552,8.09211188552,8.09211188553,8.09211188553,8.09211188553,8.0921118857,8.0921118857,8.0921118857,8.0921118858,8.09211188582,8.09211188582,8.0921118858,8.0921118858,8.09211188559,8.0921118856,8.0921118856,8.09211188558,8.0921118856,8.0921118855,8.0921118861,8.0921118856,8.09211188564,8.09211188564,8.09211188566,8.0921118856,8.0921118854,8.0921118855,8.0921118855,8.0921118856,8.0921118856,8.0921118856,8.0921118855,8.09211188548,8.09211188558,8.09211188553,8.09211188553,8.09211188548,8.09211188548,8.09211188548,8.09211188548,8.09211188548,8.09211188548,8.0921118855,8.0921118855,8.0921118855,8.0921118855,8.092111886,8.0921118854,8.0921118854,8.0921118857,8.09211188564,8.09211188564
"t88",5.69898673542,5.69898673542,5.69898673563,5.69898673563,5.69898673563,5.69898673566,5.69898673566,5.69898673563,5.69898673568,5.69898673568,5.69898673538,5.69898673538,4.18695913408,4.186959134011,4.186959134011,4.186959134011,4.186959133921,4.186959133921,4.186959133971,4.186959133971,4.186959134221,1.51260793118,0,0.17762704636,0.17762704636,3.30592792998,3.30592792998,3.30592792968,3.30592792977,3.30592792977,3.30592792978,8.09211188538,8.09211188538,8.09211188498,8.09211188568,8.09211188568,8.0921118855,8.0921118855,8.09211188545,8.09211188545,8.09211188545,8.0921118855,8.0921118855,8.0921118855,8.09211188551,8.09211188551,8.0921118856,8.0921118856,8.0921118855,8.0921118855,8.09211188551,8.09211188551,8.09211188551,8.09211188568,8.09211188568,8.09211188568,8.09211188578,8.0921118858,8.0921118858,8.09211188578,8.09211188578,8.09211188557,8.09211188558,8.09211188558,8.09211188556,8.09211188558,8.09211188548,8.09211188608,8.09211188558,8.09211188562,8.09211188562,8.09211188564,8.09211188558,8.09211188538,8.09211188548,8.09211188548,8.09211188558,8.09211188558,8.09211188558,8.09211188548,8.09211188546,8.09211188556,8.09211188551,8.09211188551,8.09211188546,8.09211188546,8.09211188546,8.09211188546,8.09211188546,8.09211188546,8.09211188548,8.09211188548,8.09211188548,8.09211188548,8.09211188598,8.09211188538,8.09211188538,8.09211188568,8.09211188562,8.09211188562
"t95",5.69898673542,5.69898673542,5.69898673563,5.69898673563,5.69898673563,5.69898673566,5.69898673566,5.69898673563,5.69898673568,5.69898673568,5.69898673538,5.69898673538,4.18695913408,4.186959134011,4.186959134011,4.186959134011,4.186959133921,4.186959133921,4.186959133971,4.186959133971,4.186959134221,1.51260793118,0.17762704636,0,0.09665749832,3.30592792998,3.30592792998,3.30592792968,3.30592792977,3.30592792977,3.30592792978,8.09211188538,8.09211188538,8.09211188498,8.09211188568,8.09211188568,8.0921118855,8.0921118855,8.09211188545,8.09211188545,8.09211188545,8.0921118855,8.0921118855,8.0921118855,8.09211188551,8.09211188551,8.0921118856,8.0921118856,8.0921118855,8.0921118855,8.09211188551,8.09211188551,8.09211188551,8.09211188568,8.09211188568,8.09211188568,8.09211188578,8.0921118858,8.0921118858,8.09211188578,8.09211188578,8.09211188557,8.09211188558,8.09211188558,8.09211188556,8.09211188558,8.09211188548,8.09211188608,8.09211188558,8.09211188562,8.09211188562,8.09211188564,8.09211188558,8.09211188538,8.09211188548,8.09211188548,8.09211188558,8.09211188558,8.09211188558,8.09211188548,8.09211188546,8.09211188556,8.09211188551,8.09211188551,8.09211188546,8.09211188546,8.09211188546,8.09211188546,8.09211188546,8.09211188546,8.09211188548,8.09211188548,8.09211188548,8.09211188548,8.09211188598,8.09211188538,8.09211188538,8.09211188568,8.09211188562,8.09211188562
"t96",5.69898673542,5.69898673542,5.69898673563,5.69898673563,5.69898673563,5.69898673566,5.69898673566,5.69898673563,5.69898673568,5.69898673568,5.69898673538,5.69898673538,4.18695913408,4.186959134011,4.186959134011,4.186959134011,4.186959133921,4.186959133921,4.186959133971,4.186959133971,4.186959134221,1.51260793118,0.17762704636,0.09665749832,0,3.30592792998,3.30592792998,3.30592792968,3.30592792977,3.30592792977,3.30592792978,8.09211188538,8.09211188538,8.09211188498,8.09211188568,8.09211188568,8.0921118855,8.0921118855,8.09211188545,8.09211188545,8.09211188545,8.0921118855,8.0921118855,8.0921118855,8.09211188551,8.09211188551,8.0921118856,8.0921118856,8.0921118855,8.0921118855,8.09211188551,8.09211188551,8.09211188551,8.09211188568,8.09211188568,8.09211188568,8.09211188578,8.0921118858,8.0921118858,8.09211188578,8.09211188578,8.09211188557,8.09211188558,8.09211188558,8.09211188556,8.09211188558,8.09211188548,8.09211188608,8.09211188558,8.09211188562,8.09211188562,8.09211188564,8.09211188558,8.09211188538,8.09211188548,8.09211188548,8.09211188558,8.09211188558,8.09211188558,8.09211188548,8.09211188546,8.09211188556,8.09211188551,8.09211188551,8.09211188546,8.09211188546,8.09211188546,8.09211188546,8.09211188546,8.09211188546,8.09211188548,8.09211188548,8.09211188548,8.09211188548,8.09211188598,8.09211188538,8.09211188538,8.09211188568,8.09211188562,8.09211188562
"t62",5.69898673544,5.69898673544,5.69898673565,5.69898673565,5.69898673565,5.69898673568,5.69898673568,5.69898673565,5.6989867357,5.6989867357,5.6989867354,5.6989867354,4.1869591341,4.186959134031,4.186959134031,4.186959134031,4.186959133941,4.186959133941,4.186959133991,4.186959133991,4.186959134241,3.30592793,3.30592792998,3.30592792998,3.30592792998,0,0.4919711638,2.1755613583,2.62210512979,2.62210512979,2.6221051298,8.0921118854,8.0921118854,8.092111885,8.0921118857,8.0921118857,8.09211188552,8.09211188552,8.09211188547,8.09211188547,8.09211188547,8.09211188552,8.09211188552,8.09211188552,8.09211188553,8.09211188553,8.09211188562,8.09211188562,8.09211188552,8.09211188552,8.09211188553,8.09211188553,8.09211188553,8.0921118857,8.0921118857,8.0921118857,8.0921118858,8.09211188582,8.09211188582,8.0921118858,8.0921118858,8.09211188559,8.0921118856,8.0921118856,8.09211188558,8.0921118856,8.0921118855,8.0921118861,8.0921118856,8.09211188564,8.09211188564,8.09211188566,8.0921118856,8.0921118854,8.0921118855,8.0921118855,8.0921118856,8.0921118856,8.0921118856,8.0921118855,8.09211188548,8.09211188558,8.09211188553,8.09211188553,8.09211188548,8.09211188548,8.09211188548,8.09211188548,8.09211188548,8.09211188548,8.0921118855,8.0921118855,8.0921118855,8.0921118855,8.092111886,8.0921118854,8.0921118854,8.0921118857,8.09211188564,8.09211188564
"t63",5.69898673544,5.69898673544,5.69898673565,5.69898673565,5.69898673565,5.69898673568,5.69898673568,5.69898673565,5.6989867357,5.6989867357,5.6989867354,5.6989867354,4.1869591341,4.186959134031,4.186959134031,4.186959134031,4.186959133941,4.186959133941,4.186959133991,4.186959133991,4.186959134241,3.30592793,3.30592792998,3.30592792998,3.30592792998,0.4919711638,0,2.1755613583,2.62210512979,2.62210512979,2.6221051298,8.0921118854,8.0921118854,8.092111885,8.0921118857,8.0921118857,8.09211188552,8.09211188552,8.09211188547,8.09211188547,8.09211188547,8.09211188552,8.09211188552,8.09211188552,8.09211188553,8.09211188553,8.09211188562,8.09211188562,8.09211188552,8.09211188552,8.09211188553,8.09211188553,8.09211188553,8.0921118857,8.0921118857,8.0921118857,8.0921118858,8.09211188582,8.09211188582,8.0921118858,8.0921118858,8.09211188559,8.0921118856,8.0921118856,8.09211188558,8.0921118856,8.0921118855,8.0921118861,8.0921118856,8.09211188564,8.09211188564,8.09211188566,8.0921118856,8.0921118854,8.0921118855,8.0921118855,8.0921118856,8.0921118856,8.0921118856,8.0921118855,8.09211188548,8.09211188558,8.09211188553,8.09211188553,8.09211188548,8.09211188548,8.09211188548,8.09211188548,8.09211188548,8.09211188548,8.0921118855,8.0921118855,8.0921118855,8.0921118855,8.092111886,8.0921118854,8.0921118854,8.0921118857,8.09211188564,8.09211188564
"t12",5.69898673514,5.69898673514,5.69898673535,5.69898673535,5.69898673535,5.69898673538,5.69898673538,5.69898673535,5.6989867354,5.6989867354,5.6989867351,5.6989867351,4.1869591338,4.186959133731,4.186959133731,4.186959133731,4.186959133641,4.186959133641,4.186959133691,4.186959133691,4.186959133941,3.3059279297,3.30592792968,3.30592792968,3.30592792968,2.1755613583,2.1755613583,0,2.62210512949,2.62210512949,2.6221051295,8.0921118851,8.0921118851,8.0921118847,8.0921118854,8.0921118854,8.09211188522,8.09211188522,8.09211188517,8.09211188517,8.09211188517,8.09211188522,8.09211188522,8.09211188522,8.09211188523,8.09211188523,8.09211188532,8.09211188532,8.09211188522,8.09211188522,8.09211188523,8.09211188523,8.09211188523,8.0921118854,8.0921118854,8.0921118854,8.0921118855,8.09211188552,8.09211188552,8.0921118855,8.0921118855,8.09211188529,8.0921118853,8.0921118853,8.09211188528,8.0921118853,8.0921118852,8.0921118858,8.0921118853,8.09211188534,8.09211188534,8.09211188536,8.0921118853,8.0921118851,8.0921118852,8.0921118852,8.0921118853,8.0921118853,8.0921118853,8.0921118852,8.09211188518,8.09211188528,8.09211188523,8.09211188523,8.09211188518,8.09211188518,8.09211188518,8.09211188518,8.09211188518,8.09211188518,8.0921118852,8.0921118852,8.0921118852,8.0921118852,8.0921118857,8.0921118851,8.0921118851,8.0921118854,8.09211188534,8.09211188534
"t82",5.69898673523,5.69898673523,5.69898673544,5.69898673544,5.69898673544,5.69898673547,5.69898673547,5.69898673544,5.69898673549,5.69898673549,5.69898673519,5.69898673519,4.18695913389,4.186959133821,4.186959133821,4.186959133821,4.186959133731,4.186959133731,4.186959133781,4.186959133781,4.186959134031,3.30592792979,3.30592792977,3.30592792977,3.30592792977,2.62210512979,2.62210512979,2.62210512949,0,0.2161938776,0.25306832359,8.09211188519,8.09211188519,8.09211188479,8.09211188549,8.09211188549,8.09211188531,8.09211188531,8.09211188526,8.09211188526,8.09211188526,8.09211188531,8.09211188531,8.09211188531,8.09211188532,8.09211188532,8.09211188541,8.09211188541,8.09211188531,8.09211188531,8.09211188532,8.09211188532,8.09211188532,8.09211188549,8.09211188549,8.09211188549,8.09211188559,8.09211188561,8.09211188561,8.09211188559,8.09211188559,8.09211188538,8.09211188539,8.09211188539,8.09211188537,8.09211188539,8.09211188529,8.09211188589,8.09211188539,8.09211188543,8.09211188543,8.09211188545,8.09211188539,8.09211188519,8.09211188529,8.09211188529,8.09211188539,8.09211188539,8.09211188539,8.09211188529,8.09211188527,8.09211188537,8.09211188532,8.09211188532,8.09211188527,8.09211188527,8.09211188527,8.09211188527,8.09211188527,8.09211188527,8.09211188529,8.09211188529,8.09211188529,8.09211188529,8.09211188579,8.09211188519,8.09211188519,8.09211188549,8.09211188543,8.09211188543
"t83",5.69898673523,5.69898673523,5.69898673544,5.69898673544,5.69898673544,5.69898673547,5.69898673547,5.69898673544,5.69898673549,5.69898673549,5.69898673519,5.69898673519,4.18695913389,4.186959133821,4.186959133821,4.186959133821,4.186959133731,4.186959133731,4.186959133781,4.186959133781,4.186959134031,3.30592792979,3.30592792977,3.30592792977,3.30592792977,2.62210512979,2.62210512979,2.62210512949,0.2161938776,0,0.25306832359,8.09211188519,8.09211188519,8.09211188479,8.09211188549,8.09211188549,8.09211188531,8.09211188531,8.09211188526,8.09211188526,8.09211188526,8.09211188531,8.09211188531,8.09211188531,8.09211188532,8.09211188532,8.09211188541,8.09211188541,8.09211188531,8.09211188531,8.09211188532,8.09211188532,8.09211188532,8.09211188549,8.09211188549,8.09211188549,8.09211188559,8.09211188561,8.09211188561,8.09211188559,8.09211188559,8.09211188538,8.09211188539,8.09211188539,8.09211188537,8.09211188539,8.09211188529,8.09211188589,8.09211188539,8.09211188543,8.09211188543,8.09211188545,8.09211188539,8.09211188519,8.09211188529,8.09211188529,8.09211188539,8.09211188539,8.09211188539,8.09211188529,8.09211188527,8.09211188537,8.09211188532,8.09211188532,8.09211188527,8.09211188527,8.09211188527,8.09211188527,8.09211188527,8.09211188527,8.09211188529,8.09211188529,8.09211188529,8.09211188529,8.09211188579,8.09211188519,8.09211188519,8.09211188549,8.09211188543,8.09211188543
"t79",5.69898673524,5.69898673524,5.69898673545,5.69898673545,5.69898673545,5.69898673548,5.69898673548,5.69898673545,5.6989867355,5.6989867355,5.6989867352,5.6989867352,4.1869591339,4.186959133831,4.186959133831,4.186959133831,4.186959133741,4.186959133741,4.186959133791,4.186959133791,4.186959134041,3.3059279298,3.30592792978,3.30592792978,3.30592792978,2.6221051298,2.6221051298,2.6221051295,0.25306832359,0.25306832359,0,8.0921118852,8.0921118852,8.0921118848,8.0921118855,8.0921118855,8.09211188532,8.09211188532,8.09211188527,8.09211188527,8.09211188527,8.09211188532,8.09211188532,8.09211188532,8.09211188533,8.09211188533,8.09211188542,8.09211188542,8.09211188532,8.09211188532,8.09211188533,8.09211188533,8.09211188533,8.0921118855,8.0921118855,8.0921118855,8.0921118856,8.09211188562,8.09211188562,8.0921118856,8.0921118856,8.09211188539,8.0921118854,8.0921118854,8.09211188538,8.0921118854,8.0921118853,8.0921118859,8.0921118854,8.09211188544,8.09211188544,8.09211188546,8.0921118854,8.0921118852,8.0921118853,8.0921118853,8.0921118854,8.0921118854,8.0921118854,8.0921118853,8.09211188528,8.09211188538,8.09211188533,8.09211188533,8.09211188528,8.09211188528,8.09211188528,8.09211188528,8.09211188528,8.09211188528,8.0921118853,8.0921118853,8.0921118853,8.0921118853,8.0921118858,8.0921118852,8.0921118852,8.0921118855,8.09211188544,8.09211188544
"t25",8.09211188504,8.09211188504,8.09211188525,8.09211188525,8.09211188525,8.09211188528,8.09211188528,8.09211188525,8.0921118853,8.0921118853,8.092111885,8.092111885,8.0921118855,8.092111885431,8.092111885431,8.092111885431,8.092111885341,8.092111885341,8.092111885391,8.092111885391,8.092111885641,8.0921118854,8.09211188538,8.09211188538,8.09211188538,8.0921118854,8.0921118854,8.0921118851,8.09211188519,8.09211188519,8.0921118852,0,1.2468644484,2.0140241844,4.2107937951,4.2107937951,5.17306722572,5.17306722572,5.17306722567,5.17306722567,5.17306722567,5.17306722572,5.17306722572,5.17306722572,5.17306722573,5.17306722573,5.17306722582,5.17306722582,5.17306722572,5.17306722572,5.17306722573,5.17306722573,5.17306722573,5.1730672259,5.1730672259,5.1730672259,7.12294244,7.12294244002,7.12294244002,7.12294244,7.12294244,7.12294243979,7.1229424398,7.1229424398,7.12294243978,7.1229424398,7.1229424397,7.1229424403,7.1229424398,7.12294243984,7.12294243984,7.12294243986,7.1229424398,7.1229424396,7.1229424397,7.1229424397,7.1229424398,7.1229424398,7.1229424398,7.1229424397,7.12294243968,7.12294243978,7.12294243973,7.12294243973,7.12294243968,7.12294243968,7.12294243968,7.12294243968,7.12294243968,7.12294243968,7.1229424397,7.1229424397,7.1229424397,7.1229424397,7.1229424402,7.1229424396,7.1229424396,7.1229424399,7.12294243984,7.12294243984
"t26",8.09211188504,8.09211188504,8.09211188525,8.09211188525,8.09211188525,8.09211188528,8.09211188528,8.09211188525,8.0921118853,8.0921118853,8.092111885,8.092111885,8.0921118855,8.092111885431,8.092111885431,8.092111885431,8.092111885341,8.092111885341,8.092111885391,8.092111885391,8.092111885641,8.0921118854,8.09211188538,8.09211188538,8.09211188538,8.0921118854,8.0921118854,8.0921118851,8.09211188519,8.09211188519,8.0921118852,1.2468644484,0,2.0140241844,4.2107937951,4.2107937951,5.17306722572,5.17306722572,5.17306722567,5.17306722567,5.17306722567,5.17306722572,5.17306722572,5.17306722572,5.17306722573,5.17306722573,5.17306722582,5.17306722582,5.17306722572,5.17306722572,5.17306722573,5.17306722573,5.17306722573,5.1730672259,5.1730672259,5.1730672259,7.12294244,7.12294244002,7.12294244002,7.12294244,7.12294244,7.12294243979,7.1229424398,7.1229424398,7.12294243978,7.1229424398,7.1229424397,7.1229424403,7.1229424398,7.12294243984,7.12294243984,7.12294243986,7.1229424398,7.1229424396,7.1229424397,7.1229424397,7.1229424398,7.1229424398,7.1229424398,7.1229424397,7.12294243968,7.12294243978,7.12294243973,7.12294243973,7.12294243968,7.12294243968,7.12294243968,7.12294243968,7.12294243968,7.12294243968,7.1229424397,7.1229424397,7.1229424397,7.1229424397,7.1229424402,7.1229424396,7.1229424396,7.1229424399,7.12294243984,7.12294243984
"t14",8.09211188464,8.09211188464,8.09211188485,8.09211188485,8.09211188485,8.09211188488,8.09211188488,8.09211188485,8.0921118849,8.0921118849,8.0921118846,8.0921118846,8.0921118851,8.092111885031,8.092111885031,8.092111885031,8.092111884941,8.092111884941,8.092111884991,8.092111884991,8.092111885241,8.092111885,8.09211188498,8.09211188498,8.09211188498,8.092111885,8.092111885,8.0921118847,8.09211188479,8.09211188479,8.0921118848,2.0140241844,2.0140241844,0,4.2107937947,4.2107937947,5.17306722532,5.17306722532,5.17306722527,5.17306722527,5.17306722527,5.17306722532,5.17306722532,5.17306722532,5.17306722533,5.17306722533,5.17306722542,5.17306722542,5.17306722532,5.17306722532,5.17306722533,5.17306722533,5.17306722533,5.1730672255,5.1730672255,5.1730672255,7.1229424396,7.12294243962,7.12294243962,7.1229424396,7.1229424396,7.12294243939,7.1229424394,7.1229424394,7.12294243938,7.1229424394,7.1229424393,7.1229424399,7.1229424394,7.12294243944,7.12294243944,7.12294243946,7.1229424394,7.1229424392,7.1229424393,7.1229424393,7.1229424394,7.1229424394,7.1229424394,7.1229424393,7.12294243928,7.12294243938,7.12294243933,7.12294243933,7.12294243928,7.12294243928,7.12294243928,7.12294243928,7.12294243928,7.12294243928,7.1229424393,7.1229424393,7.1229424393,7.1229424393,7.1229424398,7.1229424392,7.1229424392,7.1229424395,7.12294243944,7.12294243944
"t43",8.09211188534,8.09211188534,8.09211188555,8.09211188555,8.09211188555,8.09211188558,8.09211188558,8.09211188555,8.0921118856,8.0921118856,8.0921118853,8.0921118853,8.0921118858,8.092111885731,8.092111885731,8.092111885731,8.092111885641,8.092111885641,8.092111885691,8.092111885691,8.092111885941,8.0921118857,8.09211188568,8.09211188568,8.09211188568,8.0921118857,8.0921118857,8.0921118854,8.09211188549,8.09211188549,8.0921118855,4.2107937951,4.2107937951,4.2107937947,0,0.8851640094,5.17306722602,5.17306722602,5.17306722597,5.17306722597,5.17306722597,5.17306722602,5.17306722602,5.17306722602,5.17306722603,5.17306722603,5.17306722612,5.17306722612,5.17306722602,5.17306722602,5.17306722603,5.17306722603,5.17306722603,5.1730672262,5.1730672262,5.1730672262,7.1229424403,7.12294244032,7.12294244032,7.1229424403,7.1229424403,7.12294244009,7.1229424401,7.1229424401,7.12294244008,7.1229424401,7.12294244,7.1229424406,7.1229424401,7.12294244014,7.12294244014,7.12294244016,7.1229424401,7.1229424399,7.12294244,7.12294244,7.1229424401,7.1229424401,7.1229424401,7.12294244,7.12294243998,7.12294244008,7.12294244003,7.12294244003,7.12294243998,7.12294243998,7.12294243998,7.12294243998,7.12294243998,7.12294243998,7.12294244,7.12294244,7.12294244,7.12294244,7.1229424405,7.1229424399,7.1229424399,7.1229424402,7.12294244014,7.12294244014
"t44",8.09211188534,8.09211188534,8.09211188555,8.09211188555,8.09211188555,8.09211188558,8.09211188558,8.09211188555,8.0921118856,8.0921118856,8.0921118853,8.0921118853,8.0921118858,8.092111885731,8.092111885731,8.092111885731,8.092111885641,8.092111885641,8.092111885691,8.092111885691,8.092111885941,8.0921118857,8.09211188568,8.09211188568,8.09211188568,8.0921118857,8.0921118857,8.0921118854,8.09211188549,8.09211188549,8.0921118855,4.2107937951,4.2107937951,4.2107937947,0.8851640094,0,5.17306722602,5.17306722602,5.17306722597,5.17306722597,5.17306722597,5.17306722602,5.17306722602,5.17306722602,5.17306722603,5.17306722603,5.17306722612,5.17306722612,5.17306722602,5.17306722602,5.17306722603,5.17306722603,5.17306722603,5.1730672262,5.1730672262,5.1730672262,7.1229424403,7.12294244032,7.12294244032,7.1229424403,7.1229424403,7.12294244009,7.1229424401,7.1229424401,7.12294244008,7.1229424401,7.12294244,7.1229424406,7.1229424401,7.12294244014,7.12294244014,7.12294244016,7.1229424401,7.1229424399,7.12294244,7.12294244,7.1229424401,7.1229424401,7.1229424401,7.12294244,7.12294243998,7.12294244008,7.12294244003,7.12294244003,7.12294243998,7.12294243998,7.12294243998,7.12294243998,7.12294243998,7.12294243998,7.12294244,7.12294244,7.12294244,7.12294244,7.1229424405,7.1229424399,7.1229424399,7.1229424402,7.12294244014,7.12294244014
"t77",8.09211188516,8.09211188516,8.09211188537,8.09211188537,8.09211188537,8.0921118854,8.0921118854,8.09211188537,8.09211188542,8.09211188542,8.09211188512,8.09211188512,8.09211188562,8.092111885551,8.092111885551,8.092111885551,8.092111885461,8.092111885461,8.092111885511,8.092111885511,8.092111885761,8.09211188552,8.0921118855,8.0921118855,8.0921118855,8.09211188552,8.09211188552,8.09211188522,8.09211188531,8.09211188531,8.09211188532,5.17306722572,5.17306722572,5.17306722532,5.17306722602,5.17306722602,0,0.254188904,0.28640534645,2.20067006985,2.20067006985,2.8917650343,2.8917650343,2.8917650343,2.89176503431,2.89176503431,2.8917650344,2.8917650344,2.8917650343,2.8917650343,2.89176503431,2.89176503431,2.89176503431,2.97178220582,3.67751623542,3.67751623542,7.12294244012,7.12294244014,7.12294244014,7.12294244012,7.12294244012,7.12294243991,7.12294243992,7.12294243992,7.1229424399,7.12294243992,7.12294243982,7.12294244042,7.12294243992,7.12294243996,7.12294243996,7.12294243998,7.12294243992,7.12294243972,7.12294243982,7.12294243982,7.12294243992,7.12294243992,7.12294243992,7.12294243982,7.1229424398,7.1229424399,7.12294243985,7.12294243985,7.1229424398,7.1229424398,7.1229424398,7.1229424398,7.1229424398,7.1229424398,7.12294243982,7.12294243982,7.12294243982,7.12294243982,7.12294244032,7.12294243972,7.12294243972,7.12294244002,7.12294243996,7.12294243996
"t78",8.09211188516,8.09211188516,8.09211188537,8.09211188537,8.09211188537,8.0921118854,8.0921118854,8.09211188537,8.09211188542,8.09211188542,8.09211188512,8.09211188512,8.09211188562,8.092111885551,8.092111885551,8.092111885551,8.092111885461,8.092111885461,8.092111885511,8.092111885511,8.092111885761,8.09211188552,8.0921118855,8.0921118855,8.0921118855,8.09211188552,8.09211188552,8.09211188522,8.09211188531,8.09211188531,8.09211188532,5.17306722572,5.17306722572,5.17306722532,5.17306722602,5.17306722602,0.254188904,0,0.28640534645,2.20067006985,2.20067006985,2.8917650343,2.8917650343,2.8917650343,2.89176503431,2.89176503431,2.8917650344,2.8917650344,2.8917650343,2.8917650343,2.89176503431,2.89176503431,2.89176503431,2.97178220582,3.67751623542,3.67751623542,7.12294244012,7.12294244014,7.12294244014,7.12294244012,7.12294244012,7.12294243991,7.12294243992,7.12294243992,7.1229424399,7.12294243992,7.12294243982,7.12294244042,7.12294243992,7.12294243996,7.12294243996,7.12294243998,7.12294243992,7.12294243972,7.12294243982,7.12294243982,7.12294243992,7.12294243992,7.12294243992,7.12294243982,7.1229424398,7.1229424399,7.12294243985,7.12294243985,7.1229424398,7.1229424398,7.1229424398,7.1229424398,7.1229424398,7.1229424398,7.12294243982,7.12294243982,7.12294243982,7.12294243982,7.12294244032,7.12294243972,7.12294243972,7.12294244002,7.12294243996,7.12294243996
"t75",8.09211188511,8.09211188511,8.09211188532,8.09211188532,8.09211188532,8.09211188535,8.09211188535,8.09211188532,8.09211188537,8.09211188537,8.09211188507,8.09211188507,8.09211188557,8.092111885501,8.092111885501,8.092111885501,8.092111885411,8.092111885411,8.092111885461,8.092111885461,8.092111885711,8.09211188547,8.09211188545,8.09211188545,8.09211188545,8.09211188547,8.09211188547,8.09211188517,8.09211188526,8.09211188526,8.09211188527,5.17306722567,5.17306722567,5.17306722527,5.17306722597,5.17306722597,0.28640534645,0.28640534645,0,2.2006700698,2.2006700698,2.89176503425,2.89176503425,2.89176503425,2.89176503426,2.89176503426,2.89176503435,2.89176503435,2.89176503425,2.89176503425,2.89176503426,2.89176503426,2.89176503426,2.97178220577,3.67751623537,3.67751623537,7.12294244007,7.12294244009,7.12294244009,7.12294244007,7.12294244007,7.12294243986,7.12294243987,7.12294243987,7.12294243985,7.12294243987,7.12294243977,7.12294244037,7.12294243987,7.12294243991,7.12294243991,7.12294243993,7.12294243987,7.12294243967,7.12294243977,7.12294243977,7.12294243987,7.12294243987,7.12294243987,7.12294243977,7.12294243975,7.12294243985,7.1229424398,7.1229424398,7.12294243975,7.12294243975,7.12294243975,7.12294243975,7.12294243975,7.12294243975,7.12294243977,7.12294243977,7.12294243977,7.12294243977,7.12294244027,7.12294243967,7.12294243967,7.12294243997,7.12294243991,7.12294243991
"t35",8.09211188511,8.09211188511,8.09211188532,8.09211188532,8.09211188532,8.09211188535,8.09211188535,8.09211188532,8.09211188537,8.09211188537,8.09211188507,8.09211188507,8.09211188557,8.092111885501,8.092111885501,8.092111885501,8.092111885411,8.092111885411,8.092111885461,8.092111885461,8.092111885711,8.09211188547,8.09211188545,8.09211188545,8.09211188545,8.09211188547,8.09211188547,8.09211188517,8.09211188526,8.09211188526,8.09211188527,5.17306722567,5.17306722567,5.17306722527,5.17306722597,5.17306722597,2.20067006985,2.20067006985,2.2006700698,0,0.977866894,2.89176503425,2.89176503425,2.89176503425,2.89176503426,2.89176503426,2.89176503435,2.89176503435,2.89176503425,2.89176503425,2.89176503426,2.89176503426,2.89176503426,2.97178220577,3.67751623537,3.67751623537,7.12294244007,7.12294244009,7.12294244009,7.12294244007,7.12294244007,7.12294243986,7.12294243987,7.12294243987,7.12294243985,7.12294243987,7.12294243977,7.12294244037,7.12294243987,7.12294243991,7.12294243991,7.12294243993,7.12294243987,7.12294243967,7.12294243977,7.12294243977,7.12294243987,7.12294243987,7.12294243987,7.12294243977,7.12294243975,7.12294243985,7.1229424398,7.1229424398,7.12294243975,7.12294243975,7.12294243975,7.12294243975,7.12294243975,7.12294243975,7.12294243977,7.12294243977,7.12294243977,7.12294243977,7.12294244027,7.12294243967,7.12294243967,7.12294243997,7.12294243991,7.12294243991
"t36",8.09211188511,8.09211188511,8.09211188532,8.09211188532,8.09211188532,8.09211188535,8.09211188535,8.09211188532,8.09211188537,8.09211188537,8.09211188507,8.09211188507,8.09211188557,8.092111885501,8.092111885501,8.092111885501,8.092111885411,8.092111885411,8.092111885461,8.092111885461,8.092111885711,8.09211188547,8.09211188545,8.09211188545,8.09211188545,8.09211188547,8.09211188547,8.09211188517,8.09211188526,8.09211188526,8.09211188527,5.17306722567,5.17306722567,5.17306722527,5.17306722597,5.17306722597,2.20067006985,2.20067006985,2.2006700698,0.977866894,0,2.89176503425,2.89176503425,2.89176503425,2.89176503426,2.89176503426,2.89176503435,2.89176503435,2.89176503425,2.89176503425,2.89176503426,2.89176503426,2.89176503426,2.97178220577,3.67751623537,3.67751623537,7.12294244007,7.12294244009,7.12294244009,7.12294244007,7.12294244007,7.12294243986,7.12294243987,7.12294243987,7.12294243985,7.12294243987,7.12294243977,7.12294244037,7.12294243987,7.12294243991,7.12294243991,7.12294243993,7.12294243987,7.12294243967,7.12294243977,7.12294243977,7.12294243987,7.12294243987,7.12294243987,7.12294243977,7.12294243975,7.12294243985,7.1229424398,7.1229424398,7.12294243975,7.12294243975,7.12294243975,7.12294243975,7.12294243975,7.12294243975,7.12294243977,7.12294243977,7.12294243977,7.12294243977,7.12294244027,7.12294243967,7.12294243967,7.12294243997,7.12294243991,7.12294243991
"t39",8.09211188516,8.09211188516,8.09211188537,8.09211188537,8.09211188537,8.0921118854,8.0921118854,8.09211188537,8.09211188542,8.09211188542,8.09211188512,8.09211188512,8.09211188562,8.092111885551,8.092111885551,8.092111885551,8.092111885461,8.092111885461,8.092111885511,8.092111885511,8.092111885761,8.09211188552,8.0921118855,8.0921118855,8.0921118855,8.09211188552,8.09211188552,8.09211188522,8.09211188531,8.09211188531,8.09211188532,5.17306722572,5.17306722572,5.17306722532,5.17306722602,5.17306722602,2.8917650343,2.8917650343,2.89176503425,2.89176503425,2.89176503425,0,0.9012369072,1.5639576968,1.56395769681,1.56395769681,2.7590752863,2.7590752863,2.7590752862,2.7590752862,2.75907528621,2.75907528621,2.75907528621,2.97178220582,3.67751623542,3.67751623542,7.12294244012,7.12294244014,7.12294244014,7.12294244012,7.12294244012,7.12294243991,7.12294243992,7.12294243992,7.1229424399,7.12294243992,7.12294243982,7.12294244042,7.12294243992,7.12294243996,7.12294243996,7.12294243998,7.12294243992,7.12294243972,7.12294243982,7.12294243982,7.12294243992,7.12294243992,7.12294243992,7.12294243982,7.1229424398,7.1229424399,7.12294243985,7.12294243985,7.1229424398,7.1229424398,7.1229424398,7.1229424398,7.1229424398,7.1229424398,7.12294243982,7.12294243982,7.12294243982,7.12294243982,7.12294244032,7.12294243972,7.12294243972,7.12294244002,7.12294243996,7.12294243996
"t40",8.09211188516,8.09211188516,8.09211188537,8.09211188537,8.09211188537,8.0921118854,8.0921118854,8.09211188537,8.09211188542,8.09211188542,8.09211188512,8.09211188512,8.09211188562,8.092111885551,8.092111885551,8.092111885551,8.092111885461,8.092111885461,8.092111885511,8.092111885511,8.092111885761,8.09211188552,8.0921118855,8.0921118855,8.0921118855,8.09211188552,8.09211188552,8.09211188522,8.09211188531,8.09211188531,8.09211188532,5.17306722572,5.17306722572,5.17306722532,5.17306722602,5.17306722602,2.8917650343,2.8917650343,2.89176503425,2.89176503425,2.89176503425,0.9012369072,0,1.5639576968,1.56395769681,1.56395769681,2.7590752863,2.7590752863,2.7590752862,2.7590752862,2.75907528621,2.75907528621,2.75907528621,2.97178220582,3.67751623542,3.67751623542,7.12294244012,7.12294244014,7.12294244014,7.12294244012,7.12294244012,7.12294243991,7.12294243992,7.12294243992,7.1229424399,7.12294243992,7.12294243982,7.12294244042,7.12294243992,7.12294243996,7.12294243996,7.12294243998,7.12294243992,7.12294243972,7.12294243982,7.12294243982,7.12294243992,7.12294243992,7.12294243992,7.12294243982,7.1229424398,7.1229424399,7.12294243985,7.12294243985,7.1229424398,7.1229424398,7.1229424398,7.1229424398,7.1229424398,7.1229424398,7.12294243982,7.12294243982,7.12294243982,7.12294243982,7.12294244032,7.12294243972,7.12294243972,7.12294244002,7.12294243996,7.12294243996
"t27",8.09211188516,8.09211188516,8.09211188537,8.09211188537,8.09211188537,8.0921118854,8.0921118854,8.09211188537,8.09211188542,8.09211188542,8.09211188512,8.09211188512,8.09211188562,8.092111885551,8.092111885551,8.092111885551,8.092111885461,8.092111885461,8.092111885511,8.092111885511,8.092111885761,8.09211188552,8.0921118855,8.0921118855,8.0921118855,8.09211188552,8.09211188552,8.09211188522,8.09211188531,8.09211188531,8.09211188532,5.17306722572,5.17306722572,5.17306722532,5.17306722602,5.17306722602,2.8917650343,2.8917650343,2.89176503425,2.89176503425,2.89176503425,1.5639576968,1.5639576968,0,1.24373813141,1.24373813141,2.7590752863,2.7590752863,2.7590752862,2.7590752862,2.75907528621,2.75907528621,2.75907528621,2.97178220582,3.67751623542,3.67751623542,7.12294244012,7.12294244014,7.12294244014,7.12294244012,7.12294244012,7.12294243991,7.12294243992,7.12294243992,7.1229424399,7.12294243992,7.12294243982,7.12294244042,7.12294243992,7.12294243996,7.12294243996,7.12294243998,7.12294243992,7.12294243972,7.12294243982,7.12294243982,7.12294243992,7.12294243992,7.12294243992,7.12294243982,7.1229424398,7.1229424399,7.12294243985,7.12294243985,7.1229424398,7.1229424398,7.1229424398,7.1229424398,7.1229424398,7.1229424398,7.12294243982,7.12294243982,7.12294243982,7.12294243982,7.12294244032,7.12294243972,7.12294243972,7.12294244002,7.12294243996,7.12294243996
"t93",8.09211188517,8.09211188517,8.09211188538,8.09211188538,8.09211188538,8.09211188541,8.09211188541,8.09211188538,8.09211188543,8.09211188543,8.09211188513,8.09211188513,8.09211188563,8.092111885561,8.092111885561,8.092111885561,8.092111885471,8.092111885471,8.092111885521,8.092111885521,8.092111885771,8.09211188553,8.09211188551,8.09211188551,8.09211188551,8.09211188553,8.09211188553,8.09211188523,8.09211188532,8.09211188532,8.09211188533,5.17306722573,5.17306722573,5.17306722533,5.17306722603,5.17306722603,2.89176503431,2.89176503431,2.89176503426,2.89176503426,2.89176503426,1.56395769681,1.56395769681,1.24373813141,0,0.09869355502,2.75907528631,2.75907528631,2.75907528621,2.75907528621,2.75907528622,2.75907528622,2.75907528622,2.97178220583,3.67751623543,3.67751623543,7.12294244013,7.12294244015,7.12294244015,7.12294244013,7.12294244013,7.12294243992,7.12294243993,7.12294243993,7.12294243991,7.12294243993,7.12294243983,7.12294244043,7.12294243993,7.12294243997,7.12294243997,7.12294243999,7.12294243993,7.12294243973,7.12294243983,7.12294243983,7.12294243993,7.12294243993,7.12294243993,7.12294243983,7.12294243981,7.12294243991,7.12294243986,7.12294243986,7.12294243981,7.12294243981,7.12294243981,7.12294243981,7.12294243981,7.12294243981,7.12294243983,7.12294243983,7.12294243983,7.12294243983,7.12294244033,7.12294243973,7.12294243973,7.12294244003,7.12294243997,7.12294243997
"t94",8.09211188517,8.09211188517,8.09211188538,8.09211188538,8.09211188538,8.09211188541,8.09211188541,8.09211188538,8.09211188543,8.09211188543,8.09211188513,8.09211188513,8.09211188563,8.092111885561,8.092111885561,8.092111885561,8.092111885471,8.092111885471,8.092111885521,8.092111885521,8.092111885771,8.09211188553,8.09211188551,8.09211188551,8.09211188551,8.09211188553,8.09211188553,8.09211188523,8.09211188532,8.09211188532,8.09211188533,5.17306722573,5.17306722573,5.17306722533,5.17306722603,5.17306722603,2.89176503431,2.89176503431,2.89176503426,2.89176503426,2.89176503426,1.56395769681,1.56395769681,1.24373813141,0.09869355502,0,2.75907528631,2.75907528631,2.75907528621,2.75907528621,2.75907528622,2.75907528622,2.75907528622,2.97178220583,3.67751623543,3.67751623543,7.12294244013,7.12294244015,7.12294244015,7.12294244013,7.12294244013,7.12294243992,7.12294243993,7.12294243993,7.12294243991,7.12294243993,7.12294243983,7.12294244043,7.12294243993,7.12294243997,7.12294243997,7.12294243999,7.12294243993,7.12294243973,7.12294243983,7.12294243983,7.12294243993,7.12294243993,7.12294243993,7.12294243983,7.12294243981,7.12294243991,7.12294243986,7.12294243986,7.12294243981,7.12294243981,7.12294243981,7.12294243981,7.12294243981,7.12294243981,7.12294243983,7.12294243983,7.12294243983,7.12294243983,7.12294244033,7.12294243973,7.12294243973,7.12294244003,7.12294243997,7.12294243997
"t20",8.09211188526,8.09211188526,8.09211188547,8.09211188547,8.09211188547,8.0921118855,8.0921118855,8.09211188547,8.09211188552,8.09211188552,8.09211188522,8.09211188522,8.09211188572,8.092111885651,8.092111885651,8.092111885651,8.092111885561,8.092111885561,8.092111885611,8.092111885611,8.092111885861,8.09211188562,8.0921118856,8.0921118856,8.0921118856,8.09211188562,8.09211188562,8.09211188532,8.09211188541,8.09211188541,8.09211188542,5.17306722582,5.17306722582,5.17306722542,5.17306722612,5.17306722612,2.8917650344,2.8917650344,2.89176503435,2.89176503435,2.89176503435,2.7590752863,2.7590752863,2.7590752863,2.75907528631,2.75907528631,0,1.540302649,1.7657818243,1.7657818243,1.97560087731,1.97560087731,1.97560087731,2.97178220592,3.67751623552,3.67751623552,7.12294244022,7.12294244024,7.12294244024,7.12294244022,7.12294244022,7.12294244001,7.12294244002,7.12294244002,7.12294244,7.12294244002,7.12294243992,7.12294244052,7.12294244002,7.12294244006,7.12294244006,7.12294244008,7.12294244002,7.12294243982,7.12294243992,7.12294243992,7.12294244002,7.12294244002,7.12294244002,7.12294243992,7.1229424399,7.12294244,7.12294243995,7.12294243995,7.1229424399,7.1229424399,7.1229424399,7.1229424399,7.1229424399,7.1229424399,7.12294243992,7.12294243992,7.12294243992,7.12294243992,7.12294244042,7.12294243982,7.12294243982,7.12294244012,7.12294244006,7.12294244006
"t21",8.09211188526,8.09211188526,8.09211188547,8.09211188547,8.09211188547,8.0921118855,8.0921118855,8.09211188547,8.09211188552,8.09211188552,8.09211188522,8.09211188522,8.09211188572,8.092111885651,8.092111885651,8.092111885651,8.092111885561,8.092111885561,8.092111885611,8.092111885611,8.092111885861,8.09211188562,8.0921118856,8.0921118856,8.0921118856,8.09211188562,8.09211188562,8.09211188532,8.09211188541,8.09211188541,8.09211188542,5.17306722582,5.17306722582,5.17306722542,5.17306722612,5.17306722612,2.8917650344,2.8917650344,2.89176503435,2.89176503435,2.89176503435,2.7590752863,2.7590752863,2.7590752863,2.75907528631,2.75907528631,1.540302649,0,1.7657818243,1.7657818243,1.97560087731,1.97560087731,1.97560087731,2.97178220592,3.67751623552,3.67751623552,7.12294244022,7.12294244024,7.12294244024,7.12294244022,7.12294244022,7.12294244001,7.12294244002,7.12294244002,7.12294244,7.12294244002,7.12294243992,7.12294244052,7.12294244002,7.12294244006,7.12294244006,7.12294244008,7.12294244002,7.12294243982,7.12294243992,7.12294243992,7.12294244002,7.12294244002,7.12294244002,7.12294243992,7.1229424399,7.12294244,7.12294243995,7.12294243995,7.1229424399,7.1229424399,7.1229424399,7.1229424399,7.1229424399,7.1229424399,7.12294243992,7.12294243992,7.12294243992,7.12294243992,7.12294244042,7.12294243982,7.12294243982,7.12294244012,7.12294244006,7.12294244006
"t30",8.09211188516,8.09211188516,8.09211188537,8.09211188537,8.09211188537,8.0921118854,8.0921118854,8.09211188537,8.09211188542,8.09211188542,8.09211188512,8.09211188512,8.09211188562,8.092111885551,8.092111885551,8.092111885551,8.092111885461,8.092111885461,8.092111885511,8.092111885511,8.092111885761,8.09211188552,8.0921118855,8.0921118855,8.0921118855,8.09211188552,8.09211188552,8.09211188522,8.09211188531,8.09211188531,8.09211188532,5.17306722572,5.17306722572,5.17306722532,5.17306722602,5.17306722602,2.8917650343,2.8917650343,2.89176503425,2.89176503425,2.89176503425,2.7590752862,2.7590752862,2.7590752862,2.75907528621,2.75907528621,1.7657818243,1.7657818243,0,1.0849868846,1.97560087721,1.97560087721,1.97560087721,2.97178220582,3.67751623542,3.67751623542,7.12294244012,7.12294244014,7.12294244014,7.12294244012,7.12294244012,7.12294243991,7.12294243992,7.12294243992,7.1229424399,7.12294243992,7.12294243982,7.12294244042,7.12294243992,7.12294243996,7.12294243996,7.12294243998,7.12294243992,7.12294243972,7.12294243982,7.12294243982,7.12294243992,7.12294243992,7.12294243992,7.12294243982,7.1229424398,7.1229424399,7.12294243985,7.12294243985,7.1229424398,7.1229424398,7.1229424398,7.1229424398,7.1229424398,7.1229424398,7.12294243982,7.12294243982,7.12294243982,7.12294243982,7.12294244032,7.12294243972,7.12294243972,7.12294244002,7.12294243996,7.12294243996
"t31",8.09211188516,8.09211188516,8.09211188537,8.09211188537,8.09211188537,8.0921118854,8.0921118854,8.09211188537,8.09211188542,8.09211188542,8.09211188512,8.09211188512,8.09211188562,8.092111885551,8.092111885551,8.092111885551,8.092111885461,8.092111885461,8.092111885511,8.092111885511,8.092111885761,8.09211188552,8.0921118855,8.0921118855,8.0921118855,8.09211188552,8.09211188552,8.09211188522,8.09211188531,8.09211188531,8.09211188532,5.17306722572,5.17306722572,5.17306722532,5.17306722602,5.17306722602,2.8917650343,2.8917650343,2.89176503425,2.89176503425,2.89176503425,2.7590752862,2.7590752862,2.7590752862,2.75907528621,2.75907528621,1.7657818243,1.7657818243,1.0849868846,0,1.97560087721,1.97560087721,1.97560087721,2.97178220582,3.67751623542,3.67751623542,7.12294244012,7.12294244014,7.12294244014,7.12294244012,7.12294244012,7.12294243991,7.12294243992,7.12294243992,7.1229424399,7.12294243992,7.12294243982,7.12294244042,7.12294243992,7.12294243996,7.12294243996,7.12294243998,7.12294243992,7.12294243972,7.12294243982,7.12294243982,7.12294243992,7.12294243992,7.12294243992,7.12294243982,7.1229424398,7.1229424399,7.12294243985,7.12294243985,7.1229424398,7.1229424398,7.1229424398,7.1229424398,7.1229424398,7.1229424398,7.12294243982,7.12294243982,7.12294243982,7.12294243982,7.12294244032,7.12294243972,7.12294243972,7.12294244002,7.12294243996,7.12294243996
"t23",8.09211188517,8.09211188517,8.09211188538,8.09211188538,8.09211188538,8.09211188541,8.09211188541,8.09211188538,8.09211188543,8.09211188543,8.09211188513,8.09211188513,8.09211188563,8.092111885561,8.092111885561,8.092111885561,8.092111885471,8.092111885471,8.092111885521,8.092111885521,8.092111885771,8.09211188553,8.09211188551,8.09211188551,8.09211188551,8.09211188553,8.09211188553,8.09211188523,8.09211188532,8.09211188532,8.09211188533,5.17306722573,5.17306722573,5.17306722533,5.17306722603,5.17306722603,2.89176503431,2.89176503431,2.89176503426,2.89176503426,2.89176503426,2.75907528621,2.75907528621,2.75907528621,2.75907528622,2.75907528622,1.97560087731,1.97560087731,1.97560087721,1.97560087721,0,1.2561499756,1.9056533282,2.97178220583,3.67751623543,3.67751623543,7.12294244013,7.12294244015,7.12294244015,7.12294244013,7.12294244013,7.12294243992,7.12294243993,7.12294243993,7.12294243991,7.12294243993,7.12294243983,7.12294244043,7.12294243993,7.12294243997,7.12294243997,7.12294243999,7.12294243993,7.12294243973,7.12294243983,7.12294243983,7.12294243993,7.12294243993,7.12294243993,7.12294243983,7.12294243981,7.12294243991,7.12294243986,7.12294243986,7.12294243981,7.12294243981,7.12294243981,7.12294243981,7.12294243981,7.12294243981,7.12294243983,7.12294243983,7.12294243983,7.12294243983,7.12294244033,7.12294243973,7.12294243973,7.12294244003,7.12294243997,7.12294243997
"t24",8.09211188517,8.09211188517,8.09211188538,8.09211188538,8.09211188538,8.09211188541,8.09211188541,8.09211188538,8.09211188543,8.09211188543,8.09211188513,8.09211188513,8.09211188563,8.092111885561,8.092111885561,8.092111885561,8.092111885471,8.092111885471,8.092111885521,8.092111885521,8.092111885771,8.09211188553,8.09211188551,8.09211188551,8.09211188551,8.09211188553,8.09211188553,8.09211188523,8.09211188532,8.09211188532,8.09211188533,5.17306722573,5.17306722573,5.17306722533,5.17306722603,5.17306722603,2.89176503431,2.89176503431,2.89176503426,2.89176503426,2.89176503426,2.75907528621,2.75907528621,2.75907528621,2.75907528622,2.75907528622,1.97560087731,1.97560087731,1.97560087721,1.97560087721,1.2561499756,0,1.9056533282,2.97178220583,3.67751623543,3.67751623543,7.12294244013,7.12294244015,7.12294244015,7.12294244013,7.12294244013,7.12294243992,7.12294243993,7.12294243993,7.12294243991,7.12294243993,7.12294243983,7.12294244043,7.12294243993,7.12294243997,7.12294243997,7.12294243999,7.12294243993,7.12294243973,7.12294243983,7.12294243983,7.12294243993,7.12294243993,7.12294243993,7.12294243983,7.12294243981,7.12294243991,7.12294243986,7.12294243986,7.12294243981,7.12294243981,7.12294243981,7.12294243981,7.12294243981,7.12294243981,7.12294243983,7.12294243983,7.12294243983,7.12294243983,7.12294244033,7.12294243973,7.12294243973,7.12294244003,7.12294243997,7.12294243997
"t16",8.09211188517,8.09211188517,8.09211188538,8.09211188538,8.09211188538,8.09211188541,8.09211188541,8.09211188538,8.09211188543,8.09211188543,8.09211188513,8.09211188513,8.09211188563,8.092111885561,8.092111885561,8.092111885561,8.092111885471,8.092111885471,8.092111885521,8.092111885521,8.092111885771,8.09211188553,8.09211188551,8.09211188551,8.09211188551,8.09211188553,8.09211188553,8.09211188523,8.09211188532,8.09211188532,8.09211188533,5.17306722573,5.17306722573,5.17306722533,5.17306722603,5.17306722603,2.89176503431,2.89176503431,2.89176503426,2.89176503426,2.89176503426,2.75907528621,2.75907528621,2.75907528621,2.75907528622,2.75907528622,1.97560087731,1.97560087731,1.97560087721,1.97560087721,1.9056533282,1.9056533282,0,2.97178220583,3.67751623543,3.67751623543,7.12294244013,7.12294244015,7.12294244015,7.12294244013,7.12294244013,7.12294243992,7.12294243993,7.12294243993,7.12294243991,7.12294243993,7.12294243983,7.12294244043,7.12294243993,7.12294243997,7.12294243997,7.12294243999,7.12294243993,7.12294243973,7.12294243983,7.12294243983,7.12294243993,7.12294243993,7.12294243993,7.12294243983,7.12294243981,7.12294243991,7.12294243986,7.12294243986,7.12294243981,7.12294243981,7.12294243981,7.12294243981,7.12294243981,7.12294243981,7.12294243983,7.12294243983,7.12294243983,7.12294243983,7.12294244033,7.12294243973,7.12294243973,7.12294244003,7.12294243997,7.12294243997
"t5",8.09211188534,8.09211188534,8.09211188555,8.09211188555,8.09211188555,8.09211188558,8.09211188558,8.09211188555,8.0921118856,8.0921118856,8.0921118853,8.0921118853,8.0921118858,8.092111885731,8.092111885731,8.092111885731,8.092111885641,8.092111885641,8.092111885691,8.092111885691,8.092111885941,8.0921118857,8.09211188568,8.09211188568,8.09211188568,8.0921118857,8.0921118857,8.0921118854,8.09211188549,8.09211188549,8.0921118855,5.1730672259,5.1730672259,5.1730672255,5.1730672262,5.1730672262,2.97178220582,2.97178220582,2.97178220577,2.97178220577,2.97178220577,2.97178220582,2.97178220582,2.97178220582,2.97178220583,2.97178220583,2.97178220592,2.97178220592,2.97178220582,2.97178220582,2.97178220583,2.97178220583,2.97178220583,0,3.6775162356,3.6775162356,7.1229424403,7.12294244032,7.12294244032,7.1229424403,7.1229424403,7.12294244009,7.1229424401,7.1229424401,7.12294244008,7.1229424401,7.12294244,7.1229424406,7.1229424401,7.12294244014,7.12294244014,7.12294244016,7.1229424401,7.1229424399,7.12294244,7.12294244,7.1229424401,7.1229424401,7.1229424401,7.12294244,7.12294243998,7.12294244008,7.12294244003,7.12294244003,7.12294243998,7.12294243998,7.12294243998,7.12294243998,7.12294243998,7.12294243998,7.12294244,7.12294244,7.12294244,7.12294244,7.1229424405,7.1229424399,7.1229424399,7.1229424402,7.12294244014,7.12294244014
"t8",8.09211188534,8.09211188534,8.09211188555,8.09211188555,8.09211188555,8.09211188558,8.09211188558,8.09211188555,8.0921118856,8.0921118856,8.0921118853,8.0921118853,8.0921118858,8.092111885731,8.092111885731,8.092111885731,8.092111885641,8.092111885641,8.092111885691,8.092111885691,8.092111885941,8.0921118857,8.09211188568,8.09211188568,8.09211188568,8.0921118857,8.0921118857,8.0921118854,8.09211188549,8.09211188549,8.0921118855,5.1730672259,5.1730672259,5.1730672255,5.1730672262,5.1730672262,3.67751623542,3.67751623542,3.67751623537,3.67751623537,3.67751623537,3.67751623542,3.67751623542,3.67751623542,3.67751623543,3.67751623543,3.67751623552,3.67751623552,3.67751623542,3.67751623542,3.67751623543,3.67751623543,3.67751623543,3.6775162356,0,2.678038702,7.1229424403,7.12294244032,7.12294244032,7.1229424403,7.1229424403,7.12294244009,7.1229424401,7.1229424401,7.12294244008,7.1229424401,7.12294244,7.1229424406,7.1229424401,7.12294244014,7.12294244014,7.12294244016,7.1229424401,7.1229424399,7.12294244,7.12294244,7.1229424401,7.1229424401,7.1229424401,7.12294244,7.12294243998,7.12294244008,7.12294244003,7.12294244003,7.12294243998,7.12294243998,7.12294243998,7.12294243998,7.12294243998,7.12294243998,7.12294244,7.12294244,7.12294244,7.12294244,7.1229424405,7.1229424399,7.1229424399,7.1229424402,7.12294244014,7.12294244014
"t9",8.09211188534,8.09211188534,8.09211188555,8.09211188555,8.09211188555,8.09211188558,8.09211188558,8.09211188555,8.0921118856,8.0921118856,8.0921118853,8.0921118853,8.0921118858,8.092111885731,8.092111885731,8.092111885731,8.092111885641,8.092111885641,8.092111885691,8.092111885691,8.092111885941,8.0921118857,8.09211188568,8.09211188568,8.09211188568,8.0921118857,8.0921118857,8.0921118854,8.09211188549,8.09211188549,8.0921118855,5.1730672259,5.1730672259,5.1730672255,5.1730672262,5.1730672262,3.67751623542,3.67751623542,3.67751623537,3.67751623537,3.67751623537,3.67751623542,3.67751623542,3.67751623542,3.67751623543,3.67751623543,3.67751623552,3.67751623552,3.67751623542,3.67751623542,3.67751623543,3.67751623543,3.67751623543,3.6775162356,2.678038702,0,7.1229424403,7.12294244032,7.12294244032,7.1229424403,7.1229424403,7.12294244009,7.1229424401,7.1229424401,7.12294244008,7.1229424401,7.12294244,7.1229424406,7.1229424401,7.12294244014,7.12294244014,7.12294244016,7.1229424401,7.1229424399,7.12294244,7.12294244,7.1229424401,7.1229424401,7.1229424401,7.12294244,7.12294243998,7.12294244008,7.12294244003,7.12294244003,7.12294243998,7.12294243998,7.12294243998,7.12294243998,7.12294243998,7.12294243998,7.12294244,7.12294244,7.12294244,7.12294244,7.1229424405,7.1229424399,7.1229424399,7.1229424402,7.12294244014,7.12294244014
"t54",8.09211188544,8.09211188544,8.09211188565,8.09211188565,8.09211188565,8.09211188568,8.09211188568,8.09211188565,8.0921118857,8.0921118857,8.0921118854,8.0921118854,8.0921118859,8.092111885831,8.092111885831,8.092111885831,8.092111885741,8.092111885741,8.092111885791,8.092111885791,8.092111886041,8.0921118858,8.09211188578,8.09211188578,8.09211188578,8.0921118858,8.0921118858,8.0921118855,8.09211188559,8.09211188559,8.0921118856,7.12294244,7.12294244,7.1229424396,7.1229424403,7.1229424403,7.12294244012,7.12294244012,7.12294244007,7.12294244007,7.12294244007,7.12294244012,7.12294244012,7.12294244012,7.12294244013,7.12294244013,7.12294244022,7.12294244022,7.12294244012,7.12294244012,7.12294244013,7.12294244013,7.12294244013,7.1229424403,7.1229424403,7.1229424403,0,0.66555209462,0.66555209462,1.2009133552,1.6475137152,6.23982009099,6.239820091,6.239820091,6.23982009098,6.239820091,6.2398200909,6.2398200915,6.239820091,6.23982009104,6.23982009104,6.23982009106,6.239820091,6.2398200908,6.2398200909,6.2398200909,6.239820091,6.239820091,6.239820091,6.2398200909,6.23982009088,6.23982009098,6.23982009093,6.23982009093,6.23982009088,6.23982009088,6.23982009088,6.23982009088,6.23982009088,6.23982009088,6.2398200909,6.2398200909,6.2398200909,6.2398200909,6.2398200914,6.2398200908,6.2398200908,6.2398200911,6.23982009104,6.23982009104
"t56",8.09211188546,8.09211188546,8.09211188567,8.09211188567,8.09211188567,8.0921118857,8.0921118857,8.09211188567,8.09211188572,8.09211188572,8.09211188542,8.09211188542,8.09211188592,8.092111885851,8.092111885851,8.092111885851,8.092111885761,8.092111885761,8.092111885811,8.092111885811,8.092111886061,8.09211188582,8.0921118858,8.0921118858,8.0921118858,8.09211188582,8.09211188582,8.09211188552,8.09211188561,8.09211188561,8.09211188562,7.12294244002,7.12294244002,7.12294243962,7.12294244032,7.12294244032,7.12294244014,7.12294244014,7.12294244009,7.12294244009,7.12294244009,7.12294244014,7.12294244014,7.12294244014,7.12294244015,7.12294244015,7.12294244024,7.12294244024,7.12294244014,7.12294244014,7.12294244015,7.12294244015,7.12294244015,7.12294244032,7.12294244032,7.12294244032,0.66555209462,0,0.5783762758,1.20091335522,1.64751371522,6.23982009101,6.23982009102,6.23982009102,6.239820091,6.23982009102,6.23982009092,6.23982009152,6.23982009102,6.23982009106,6.23982009106,6.23982009108,6.23982009102,6.23982009082,6.23982009092,6.23982009092,6.23982009102,6.23982009102,6.23982009102,6.23982009092,6.2398200909,6.239820091,6.23982009095,6.23982009095,6.2398200909,6.2398200909,6.2398200909,6.2398200909,6.2398200909,6.2398200909,6.23982009092,6.23982009092,6.23982009092,6.23982009092,6.23982009142,6.23982009082,6.23982009082,6.23982009112,6.23982009106,6.23982009106
"t57",8.09211188546,8.09211188546,8.09211188567,8.09211188567,8.09211188567,8.0921118857,8.0921118857,8.09211188567,8.09211188572,8.09211188572,8.09211188542,8.09211188542,8.09211188592,8.092111885851,8.092111885851,8.092111885851,8.092111885761,8.092111885761,8.092111885811,8.092111885811,8.092111886061,8.09211188582,8.0921118858,8.0921118858,8.0921118858,8.09211188582,8.09211188582,8.09211188552,8.09211188561,8.09211188561,8.09211188562,7.12294244002,7.12294244002,7.12294243962,7.12294244032,7.12294244032,7.12294244014,7.12294244014,7.12294244009,7.12294244009,7.12294244009,7.12294244014,7.12294244014,7.12294244014,7.12294244015,7.12294244015,7.12294244024,7.12294244024,7.12294244014,7.12294244014,7.12294244015,7.12294244015,7.12294244015,7.12294244032,7.12294244032,7.12294244032,0.66555209462,0.5783762758,0,1.20091335522,1.64751371522,6.23982009101,6.23982009102,6.23982009102,6.239820091,6.23982009102,6.23982009092,6.23982009152,6.23982009102,6.23982009106,6.23982009106,6.23982009108,6.23982009102,6.23982009082,6.23982009092,6.23982009092,6.23982009102,6.23982009102,6.23982009102,6.23982009092,6.2398200909,6.239820091,6.23982009095,6.23982009095,6.2398200909,6.2398200909,6.2398200909,6.2398200909,6.2398200909,6.2398200909,6.23982009092,6.23982009092,6.23982009092,6.23982009092,6.23982009142,6.23982009082,6.23982009082,6.23982009112,6.23982009106,6.23982009106
"t28",8.09211188544,8.09211188544,8.09211188565,8.09211188565,8.09211188565,8.09211188568,8.09211188568,8.09211188565,8.0921118857,8.0921118857,8.0921118854,8.0921118854,8.0921118859,8.092111885831,8.092111885831,8.092111885831,8.092111885741,8.092111885741,8.092111885791,8.092111885791,8.092111886041,8.0921118858,8.09211188578,8.09211188578,8.09211188578,8.0921118858,8.0921118858,8.0921118855,8.09211188559,8.09211188559,8.0921118856,7.12294244,7.12294244,7.1229424396,7.1229424403,7.1229424403,7.12294244012,7.12294244012,7.12294244007,7.12294244007,7.12294244007,7.12294244012,7.12294244012,7.12294244012,7.12294244013,7.12294244013,7.12294244022,7.12294244022,7.12294244012,7.12294244012,7.12294244013,7.12294244013,7.12294244013,7.1229424403,7.1229424403,7.1229424403,1.2009133552,1.20091335522,1.20091335522,0,1.6475137152,6.23982009099,6.239820091,6.239820091,6.23982009098,6.239820091,6.2398200909,6.2398200915,6.239820091,6.23982009104,6.23982009104,6.23982009106,6.239820091,6.2398200908,6.2398200909,6.2398200909,6.239820091,6.239820091,6.239820091,6.2398200909,6.23982009088,6.23982009098,6.23982009093,6.23982009093,6.23982009088,6.23982009088,6.23982009088,6.23982009088,6.23982009088,6.23982009088,6.2398200909,6.2398200909,6.2398200909,6.2398200909,6.2398200914,6.2398200908,6.2398200908,6.2398200911,6.23982009104,6.23982009104
"t19",8.09211188544,8.09211188544,8.09211188565,8.09211188565,8.09211188565,8.09211188568,8.09211188568,8.09211188565,8.0921118857,8.0921118857,8.0921118854,8.0921118854,8.0921118859,8.092111885831,8.092111885831,8.092111885831,8.092111885741,8.092111885741,8.092111885791,8.092111885791,8.092111886041,8.0921118858,8.09211188578,8.09211188578,8.09211188578,8.0921118858,8.0921118858,8.0921118855,8.09211188559,8.09211188559,8.0921118856,7.12294244,7.12294244,7.1229424396,7.1229424403,7.1229424403,7.12294244012,7.12294244012,7.12294244007,7.12294244007,7.12294244007,7.12294244012,7.12294244012,7.12294244012,7.12294244013,7.12294244013,7.12294244022,7.12294244022,7.12294244012,7.12294244012,7.12294244013,7.12294244013,7.12294244013,7.1229424403,7.1229424403,7.1229424403,1.6475137152,1.64751371522,1.64751371522,1.6475137152,0,6.23982009099,6.239820091,6.239820091,6.23982009098,6.239820091,6.2398200909,6.2398200915,6.239820091,6.23982009104,6.23982009104,6.23982009106,6.239820091,6.2398200908,6.2398200909,6.2398200909,6.239820091,6.239820091,6.239820091,6.2398200909,6.23982009088,6.23982009098,6.23982009093,6.23982009093,6.23982009088,6.23982009088,6.23982009088,6.23982009088,6.23982009088,6.23982009088,6.2398200909,6.2398200909,6.2398200909,6.2398200909,6.2398200914,6.2398200908,6.2398200908,6.2398200911,6.23982009104,6.23982009104
"t61",8.09211188523,8.09211188523,8.09211188544,8.09211188544,8.09211188544,8.09211188547,8.09211188547,8.09211188544,8.09211188549,8.09211188549,8.09211188519,8.09211188519,8.09211188569,8.092111885621,8.092111885621,8.092111885621,8.092111885531,8.092111885531,8.092111885581,8.092111885581,8.092111885831,8.09211188559,8.09211188557,8.09211188557,8.09211188557,8.09211188559,8.09211188559,8.09211188529,8.09211188538,8.09211188538,8.09211188539,7.12294243979,7.12294243979,7.12294243939,7.12294244009,7.12294244009,7.12294243991,7.12294243991,7.12294243986,7.12294243986,7.12294243986,7.12294243991,7.12294243991,7.12294243991,7.12294243992,7.12294243992,7.12294244001,7.12294244001,7.12294243991,7.12294243991,7.12294243992,7.12294243992,7.12294243992,7.12294244009,7.12294244009,7.12294244009,6.23982009099,6.23982009101,6.23982009101,6.23982009099,6.23982009099,0,0.52453331241,0.52453331241,0.52453331239,0.56765490019,2.81847433609,3.03347885149,3.03347885099,3.03347885103,3.03347885103,3.03347885105,3.03347885099,3.65464033739,3.65464033749,3.65464033749,3.65464033759,3.65464033759,3.65464033759,3.65464033749,4.09504775847,4.09504775857,4.09504775852,4.09504775852,4.09504775847,4.09504775847,4.09504775847,4.09504775847,4.09504775847,4.09504775847,4.09504775849,4.09504775849,4.09504775849,4.09504775849,5.31605431039,5.31605430979,5.31605430979,5.31605431009,5.31605431003,5.31605431003
"t73",8.09211188524,8.09211188524,8.09211188545,8.09211188545,8.09211188545,8.09211188548,8.09211188548,8.09211188545,8.0921118855,8.0921118855,8.0921118852,8.0921118852,8.0921118857,8.092111885631,8.092111885631,8.092111885631,8.092111885541,8.092111885541,8.092111885591,8.092111885591,8.092111885841,8.0921118856,8.09211188558,8.09211188558,8.09211188558,8.0921118856,8.0921118856,8.0921118853,8.09211188539,8.09211188539,8.0921118854,7.1229424398,7.1229424398,7.1229424394,7.1229424401,7.1229424401,7.12294243992,7.12294243992,7.12294243987,7.12294243987,7.12294243987,7.12294243992,7.12294243992,7.12294243992,7.12294243993,7.12294243993,7.12294244002,7.12294244002,7.12294243992,7.12294243992,7.12294243993,7.12294243993,7.12294243993,7.1229424401,7.1229424401,7.1229424401,6.239820091,6.23982009102,6.23982009102,6.239820091,6.239820091,0.52453331241,0,0.3265072394,0.34864885662,0.5676549002,2.8184743361,3.0334788515,3.033478851,3.03347885104,3.03347885104,3.03347885106,3.033478851,3.6546403374,3.6546403375,3.6546403375,3.6546403376,3.6546403376,3.6546403376,3.6546403375,4.09504775848,4.09504775858,4.09504775853,4.09504775853,4.09504775848,4.09504775848,4.09504775848,4.09504775848,4.09504775848,4.09504775848,4.0950477585,4.0950477585,4.0950477585,4.0950477585,5.3160543104,5.3160543098,5.3160543098,5.3160543101,5.31605431004,5.31605431004
"t74",8.09211188524,8.09211188524,8.09211188545,8.09211188545,8.09211188545,8.09211188548,8.09211188548,8.09211188545,8.0921118855,8.0921118855,8.0921118852,8.0921118852,8.0921118857,8.092111885631,8.092111885631,8.092111885631,8.092111885541,8.092111885541,8.092111885591,8.092111885591,8.092111885841,8.0921118856,8.09211188558,8.09211188558,8.09211188558,8.0921118856,8.0921118856,8.0921118853,8.09211188539,8.09211188539,8.0921118854,7.1229424398,7.1229424398,7.1229424394,7.1229424401,7.1229424401,7.12294243992,7.12294243992,7.12294243987,7.12294243987,7.12294243987,7.12294243992,7.12294243992,7.12294243992,7.12294243993,7.12294243993,7.12294244002,7.12294244002,7.12294243992,7.12294243992,7.12294243993,7.12294243993,7.12294243993,7.1229424401,7.1229424401,7.1229424401,6.239820091,6.23982009102,6.23982009102,6.239820091,6.239820091,0.52453331241,0.3265072394,0,0.34864885662,0.5676549002,2.8184743361,3.0334788515,3.033478851,3.03347885104,3.03347885104,3.03347885106,3.033478851,3.6546403374,3.6546403375,3.6546403375,3.6546403376,3.6546403376,3.6546403376,3.6546403375,4.09504775848,4.09504775858,4.09504775853,4.09504775853,4.09504775848,4.09504775848,4.09504775848,4.09504775848,4.09504775848,4.09504775848,4.0950477585,4.0950477585,4.0950477585,4.0950477585,5.3160543104,5.3160543098,5.3160543098,5.3160543101,5.31605431004,5.31605431004
"t72",8.09211188522,8.09211188522,8.09211188543,8.09211188543,8.09211188543,8.09211188546,8.09211188546,8.09211188543,8.09211188548,8.09211188548,8.09211188518,8.09211188518,8.09211188568,8.092111885611,8.092111885611,8.092111885611,8.092111885521,8.092111885521,8.092111885571,8.092111885571,8.092111885821,8.09211188558,8.09211188556,8.09211188556,8.09211188556,8.09211188558,8.09211188558,8.09211188528,8.09211188537,8.09211188537,8.09211188538,7.12294243978,7.12294243978,7.12294243938,7.12294244008,7.12294244008,7.1229424399,7.1229424399,7.12294243985,7.12294243985,7.12294243985,7.1229424399,7.1229424399,7.1229424399,7.12294243991,7.12294243991,7.12294244,7.12294244,7.1229424399,7.1229424399,7.12294243991,7.12294243991,7.12294243991,7.12294244008,7.12294244008,7.12294244008,6.23982009098,6.239820091,6.239820091,6.23982009098,6.23982009098,0.52453331239,0.34864885662,0.34864885662,0,0.56765490018,2.81847433608,3.03347885148,3.03347885098,3.03347885102,3.03347885102,3.03347885104,3.03347885098,3.65464033738,3.65464033748,3.65464033748,3.65464033758,3.65464033758,3.65464033758,3.65464033748,4.09504775846,4.09504775856,4.09504775851,4.09504775851,4.09504775846,4.09504775846,4.09504775846,4.09504775846,4.09504775846,4.09504775846,4.09504775848,4.09504775848,4.09504775848,4.09504775848,5.31605431038,5.31605430978,5.31605430978,5.31605431008,5.31605431002,5.31605431002
"t58",8.09211188524,8.09211188524,8.09211188545,8.09211188545,8.09211188545,8.09211188548,8.09211188548,8.09211188545,8.0921118855,8.0921118855,8.0921118852,8.0921118852,8.0921118857,8.092111885631,8.092111885631,8.092111885631,8.092111885541,8.092111885541,8.092111885591,8.092111885591,8.092111885841,8.0921118856,8.09211188558,8.09211188558,8.09211188558,8.0921118856,8.0921118856,8.0921118853,8.09211188539,8.09211188539,8.0921118854,7.1229424398,7.1229424398,7.1229424394,7.1229424401,7.1229424401,7.12294243992,7.12294243992,7.12294243987,7.12294243987,7.12294243987,7.12294243992,7.12294243992,7.12294243992,7.12294243993,7.12294243993,7.12294244002,7.12294244002,7.12294243992,7.12294243992,7.12294243993,7.12294243993,7.12294243993,7.1229424401,7.1229424401,7.1229424401,6.239820091,6.23982009102,6.23982009102,6.239820091,6.239820091,0.56765490019,0.5676549002,0.5676549002,0.56765490018,0,2.8184743361,3.0334788515,3.033478851,3.03347885104,3.03347885104,3.03347885106,3.033478851,3.6546403374,3.6546403375,3.6546403375,3.6546403376,3.6546403376,3.6546403376,3.6546403375,4.09504775848,4.09504775858,4.09504775853,4.09504775853,4.09504775848,4.09504775848,4.09504775848,4.09504775848,4.09504775848,4.09504775848,4.0950477585,4.0950477585,4.0950477585,4.0950477585,5.3160543104,5.3160543098,5.3160543098,5.3160543101,5.31605431004,5.31605431004
"t6",8.09211188514,8.09211188514,8.09211188535,8.09211188535,8.09211188535,8.09211188538,8.09211188538,8.09211188535,8.0921118854,8.0921118854,8.0921118851,8.0921118851,8.0921118856,8.092111885531,8.092111885531,8.092111885531,8.092111885441,8.092111885441,8.092111885491,8.092111885491,8.092111885741,8.0921118855,8.09211188548,8.09211188548,8.09211188548,8.0921118855,8.0921118855,8.0921118852,8.09211188529,8.09211188529,8.0921118853,7.1229424397,7.1229424397,7.1229424393,7.12294244,7.12294244,7.12294243982,7.12294243982,7.12294243977,7.12294243977,7.12294243977,7.12294243982,7.12294243982,7.12294243982,7.12294243983,7.12294243983,7.12294243992,7.12294243992,7.12294243982,7.12294243982,7.12294243983,7.12294243983,7.12294243983,7.12294244,7.12294244,7.12294244,6.2398200909,6.23982009092,6.23982009092,6.2398200909,6.2398200909,2.81847433609,2.8184743361,2.8184743361,2.81847433608,2.8184743361,0,3.0334788514,3.0334788509,3.03347885094,3.03347885094,3.03347885096,3.0334788509,3.6546403373,3.6546403374,3.6546403374,3.6546403375,3.6546403375,3.6546403375,3.6546403374,4.09504775838,4.09504775848,4.09504775843,4.09504775843,4.09504775838,4.09504775838,4.09504775838,4.09504775838,4.09504775838,4.09504775838,4.0950477584,4.0950477584,4.0950477584,4.0950477584,5.3160543103,5.3160543097,5.3160543097,5.31605431,5.31605430994,5.31605430994
"t11",8.09211188574,8.09211188574,8.09211188595,8.09211188595,8.09211188595,8.09211188598,8.09211188598,8.09211188595,8.092111886,8.092111886,8.0921118857,8.0921118857,8.0921118862,8.092111886131,8.092111886131,8.092111886131,8.092111886041,8.092111886041,8.092111886091,8.092111886091,8.092111886341,8.0921118861,8.09211188608,8.09211188608,8.09211188608,8.0921118861,8.0921118861,8.0921118858,8.09211188589,8.09211188589,8.0921118859,7.1229424403,7.1229424403,7.1229424399,7.1229424406,7.1229424406,7.12294244042,7.12294244042,7.12294244037,7.12294244037,7.12294244037,7.12294244042,7.12294244042,7.12294244042,7.12294244043,7.12294244043,7.12294244052,7.12294244052,7.12294244042,7.12294244042,7.12294244043,7.12294244043,7.12294244043,7.1229424406,7.1229424406,7.1229424406,6.2398200915,6.23982009152,6.23982009152,6.2398200915,6.2398200915,3.03347885149,3.0334788515,3.0334788515,3.03347885148,3.0334788515,3.0334788514,0,2.5322525555,2.53225255554,2.53225255554,2.53225255556,2.5322525555,3.6546403379,3.654640338,3.654640338,3.6546403381,3.6546403381,3.6546403381,3.654640338,4.09504775898,4.09504775908,4.09504775903,4.09504775903,4.09504775898,4.09504775898,4.09504775898,4.09504775898,4.09504775898,4.09504775898,4.095047759,4.095047759,4.095047759,4.095047759,5.3160543109,5.3160543103,5.3160543103,5.3160543106,5.31605431054,5.31605431054
"t55",8.09211188524,8.09211188524,8.09211188545,8.09211188545,8.09211188545,8.09211188548,8.09211188548,8.09211188545,8.0921118855,8.0921118855,8.0921118852,8.0921118852,8.0921118857,8.092111885631,8.092111885631,8.092111885631,8.092111885541,8.092111885541,8.092111885591,8.092111885591,8.092111885841,8.0921118856,8.09211188558,8.09211188558,8.09211188558,8.0921118856,8.0921118856,8.0921118853,8.09211188539,8.09211188539,8.0921118854,7.1229424398,7.1229424398,7.1229424394,7.1229424401,7.1229424401,7.12294243992,7.12294243992,7.12294243987,7.12294243987,7.12294243987,7.12294243992,7.12294243992,7.12294243992,7.12294243993,7.12294243993,7.12294244002,7.12294244002,7.12294243992,7.12294243992,7.12294243993,7.12294243993,7.12294243993,7.1229424401,7.1229424401,7.1229424401,6.239820091,6.23982009102,6.23982009102,6.239820091,6.239820091,3.03347885099,3.033478851,3.033478851,3.03347885098,3.033478851,3.0334788509,2.5322525555,0,0.64612106644,0.64612106644,0.64612106646,0.6461210664,3.6546403374,3.6546403375,3.6546403375,3.6546403376,3.6546403376,3.6546403376,3.6546403375,4.09504775848,4.09504775858,4.09504775853,4.09504775853,4.09504775848,4.09504775848,4.09504775848,4.09504775848,4.09504775848,4.09504775848,4.0950477585,4.0950477585,4.0950477585,4.0950477585,5.3160543104,5.3160543098,5.3160543098,5.3160543101,5.31605431004,5.31605431004
"t89",8.09211188528,8.09211188528,8.09211188549,8.09211188549,8.09211188549,8.09211188552,8.09211188552,8.09211188549,8.09211188554,8.09211188554,8.09211188524,8.09211188524,8.09211188574,8.092111885671,8.092111885671,8.092111885671,8.092111885581,8.092111885581,8.092111885631,8.092111885631,8.092111885881,8.09211188564,8.09211188562,8.09211188562,8.09211188562,8.09211188564,8.09211188564,8.09211188534,8.09211188543,8.09211188543,8.09211188544,7.12294243984,7.12294243984,7.12294243944,7.12294244014,7.12294244014,7.12294243996,7.12294243996,7.12294243991,7.12294243991,7.12294243991,7.12294243996,7.12294243996,7.12294243996,7.12294243997,7.12294243997,7.12294244006,7.12294244006,7.12294243996,7.12294243996,7.12294243997,7.12294243997,7.12294243997,7.12294244014,7.12294244014,7.12294244014,6.23982009104,6.23982009106,6.23982009106,6.23982009104,6.23982009104,3.03347885103,3.03347885104,3.03347885104,3.03347885102,3.03347885104,3.03347885094,2.53225255554,0.64612106644,0,0.17736705292,0.37579477798,0.40256601304,3.65464033744,3.65464033754,3.65464033754,3.65464033764,3.65464033764,3.65464033764,3.65464033754,4.09504775852,4.09504775862,4.09504775857,4.09504775857,4.09504775852,4.09504775852,4.09504775852,4.09504775852,4.09504775852,4.09504775852,4.09504775854,4.09504775854,4.09504775854,4.09504775854,5.31605431044,5.31605430984,5.31605430984,5.31605431014,5.31605431008,5.31605431008
"t90",8.09211188528,8.09211188528,8.09211188549,8.09211188549,8.09211188549,8.09211188552,8.09211188552,8.09211188549,8.09211188554,8.09211188554,8.09211188524,8.09211188524,8.09211188574,8.092111885671,8.092111885671,8.092111885671,8.092111885581,8.092111885581,8.092111885631,8.092111885631,8.092111885881,8.09211188564,8.09211188562,8.09211188562,8.09211188562,8.09211188564,8.09211188564,8.09211188534,8.09211188543,8.09211188543,8.09211188544,7.12294243984,7.12294243984,7.12294243944,7.12294244014,7.12294244014,7.12294243996,7.12294243996,7.12294243991,7.12294243991,7.12294243991,7.12294243996,7.12294243996,7.12294243996,7.12294243997,7.12294243997,7.12294244006,7.12294244006,7.12294243996,7.12294243996,7.12294243997,7.12294243997,7.12294243997,7.12294244014,7.12294244014,7.12294244014,6.23982009104,6.23982009106,6.23982009106,6.23982009104,6.23982009104,3.03347885103,3.03347885104,3.03347885104,3.03347885102,3.03347885104,3.03347885094,2.53225255554,0.64612106644,0.17736705292,0,0.37579477798,0.40256601304,3.65464033744,3.65464033754,3.65464033754,3.65464033764,3.65464033764,3.65464033764,3.65464033754,4.09504775852,4.09504775862,4.09504775857,4.09504775857,4.09504775852,4.09504775852,4.09504775852,4.09504775852,4.09504775852,4.09504775852,4.09504775854,4.09504775854,4.09504775854,4.09504775854,5.31605431044,5.31605430984,5.31605430984,5.31605431014,5.31605431008,5.31605431008
"t69",8.0921118853,8.0921118853,8.09211188551,8.09211188551,8.09211188551,8.09211188554,8.09211188554,8.09211188551,8.09211188556,8.09211188556,8.09211188526,8.09211188526,8.09211188576,8.092111885691,8.092111885691,8.092111885691,8.092111885601,8.092111885601,8.092111885651,8.092111885651,8.092111885901,8.09211188566,8.09211188564,8.09211188564,8.09211188564,8.09211188566,8.09211188566,8.09211188536,8.09211188545,8.09211188545,8.09211188546,7.12294243986,7.12294243986,7.12294243946,7.12294244016,7.12294244016,7.12294243998,7.12294243998,7.12294243993,7.12294243993,7.12294243993,7.12294243998,7.12294243998,7.12294243998,7.12294243999,7.12294243999,7.12294244008,7.12294244008,7.12294243998,7.12294243998,7.12294243999,7.12294243999,7.12294243999,7.12294244016,7.12294244016,7.12294244016,6.23982009106,6.23982009108,6.23982009108,6.23982009106,6.23982009106,3.03347885105,3.03347885106,3.03347885106,3.03347885104,3.03347885106,3.03347885096,2.53225255556,0.64612106646,0.37579477798,0.37579477798,0,0.40256601306,3.65464033746,3.65464033756,3.65464033756,3.65464033766,3.65464033766,3.65464033766,3.65464033756,4.09504775854,4.09504775864,4.09504775859,4.09504775859,4.09504775854,4.09504775854,4.09504775854,4.09504775854,4.09504775854,4.09504775854,4.09504775856,4.09504775856,4.09504775856,4.09504775856,5.31605431046,5.31605430986,5.31605430986,5.31605431016,5.3160543101,5.3160543101
"t68",8.09211188524,8.09211188524,8.09211188545,8.09211188545,8.09211188545,8.09211188548,8.09211188548,8.09211188545,8.0921118855,8.0921118855,8.0921118852,8.0921118852,8.0921118857,8.092111885631,8.092111885631,8.092111885631,8.092111885541,8.092111885541,8.092111885591,8.092111885591,8.092111885841,8.0921118856,8.09211188558,8.09211188558,8.09211188558,8.0921118856,8.0921118856,8.0921118853,8.09211188539,8.09211188539,8.0921118854,7.1229424398,7.1229424398,7.1229424394,7.1229424401,7.1229424401,7.12294243992,7.12294243992,7.12294243987,7.12294243987,7.12294243987,7.12294243992,7.12294243992,7.12294243992,7.12294243993,7.12294243993,7.12294244002,7.12294244002,7.12294243992,7.12294243992,7.12294243993,7.12294243993,7.12294243993,7.1229424401,7.1229424401,7.1229424401,6.239820091,6.23982009102,6.23982009102,6.239820091,6.239820091,3.03347885099,3.033478851,3.033478851,3.03347885098,3.033478851,3.0334788509,2.5322525555,0.6461210664,0.40256601304,0.40256601304,0.40256601306,0,3.6546403374,3.6546403375,3.6546403375,3.6546403376,3.6546403376,3.6546403376,3.6546403375,4.09504775848,4.09504775858,4.09504775853,4.09504775853,4.09504775848,4.09504775848,4.09504775848,4.09504775848,4.09504775848,4.09504775848,4.0950477585,4.0950477585,4.0950477585,4.0950477585,5.3160543104,5.3160543098,5.3160543098,5.3160543101,5.31605431004,5.31605431004
"t3",8.09211188504,8.09211188504,8.09211188525,8.09211188525,8.09211188525,8.09211188528,8.09211188528,8.09211188525,8.0921118853,8.0921118853,8.092111885,8.092111885,8.0921118855,8.092111885431,8.092111885431,8.092111885431,8.092111885341,8.092111885341,8.092111885391,8.092111885391,8.092111885641,8.0921118854,8.09211188538,8.09211188538,8.09211188538,8.0921118854,8.0921118854,8.0921118851,8.09211188519,8.09211188519,8.0921118852,7.1229424396,7.1229424396,7.1229424392,7.1229424399,7.1229424399,7.12294243972,7.12294243972,7.12294243967,7.12294243967,7.12294243967,7.12294243972,7.12294243972,7.12294243972,7.12294243973,7.12294243973,7.12294243982,7.12294243982,7.12294243972,7.12294243972,7.12294243973,7.12294243973,7.12294243973,7.1229424399,7.1229424399,7.1229424399,6.2398200908,6.23982009082,6.23982009082,6.2398200908,6.2398200908,3.65464033739,3.6546403374,3.6546403374,3.65464033738,3.6546403374,3.6546403373,3.6546403379,3.6546403374,3.65464033744,3.65464033744,3.65464033746,3.6546403374,0,3.4384823841,3.4384823841,3.4384823842,3.4384823842,3.4384823842,3.4384823841,4.09504775828,4.09504775838,4.09504775833,4.09504775833,4.09504775828,4.09504775828,4.09504775828,4.09504775828,4.09504775828,4.09504775828,4.0950477583,4.0950477583,4.0950477583,4.0950477583,5.3160543102,5.3160543096,5.3160543096,5.3160543099,5.31605430984,5.31605430984
"t64",8.09211188514,8.09211188514,8.09211188535,8.09211188535,8.09211188535,8.09211188538,8.09211188538,8.09211188535,8.0921118854,8.0921118854,8.0921118851,8.0921118851,8.0921118856,8.092111885531,8.092111885531,8.092111885531,8.092111885441,8.092111885441,8.092111885491,8.092111885491,8.092111885741,8.0921118855,8.09211188548,8.09211188548,8.09211188548,8.0921118855,8.0921118855,8.0921118852,8.09211188529,8.09211188529,8.0921118853,7.1229424397,7.1229424397,7.1229424393,7.12294244,7.12294244,7.12294243982,7.12294243982,7.12294243977,7.12294243977,7.12294243977,7.12294243982,7.12294243982,7.12294243982,7.12294243983,7.12294243983,7.12294243992,7.12294243992,7.12294243982,7.12294243982,7.12294243983,7.12294243983,7.12294243983,7.12294244,7.12294244,7.12294244,6.2398200909,6.23982009092,6.23982009092,6.2398200909,6.2398200909,3.65464033749,3.6546403375,3.6546403375,3.65464033748,3.6546403375,3.6546403374,3.654640338,3.6546403375,3.65464033754,3.65464033754,3.65464033756,3.6546403375,3.4384823841,0,0.4911094558,2.8205687299,2.8205687299,2.8205687299,2.8205687298,4.09504775838,4.09504775848,4.09504775843,4.09504775843,4.09504775838,4.09504775838,4.09504775838,4.09504775838,4.09504775838,4.09504775838,4.0950477584,4.0950477584,4.0950477584,4.0950477584,5.3160543103,5.3160543097,5.3160543097,5.31605431,5.31605430994,5.31605430994
"t65",8.09211188514,8.09211188514,8.09211188535,8.09211188535,8.09211188535,8.09211188538,8.09211188538,8.09211188535,8.0921118854,8.0921118854,8.0921118851,8.0921118851,8.0921118856,8.092111885531,8.092111885531,8.092111885531,8.092111885441,8.092111885441,8.092111885491,8.092111885491,8.092111885741,8.0921118855,8.09211188548,8.09211188548,8.09211188548,8.0921118855,8.0921118855,8.0921118852,8.09211188529,8.09211188529,8.0921118853,7.1229424397,7.1229424397,7.1229424393,7.12294244,7.12294244,7.12294243982,7.12294243982,7.12294243977,7.12294243977,7.12294243977,7.12294243982,7.12294243982,7.12294243982,7.12294243983,7.12294243983,7.12294243992,7.12294243992,7.12294243982,7.12294243982,7.12294243983,7.12294243983,7.12294243983,7.12294244,7.12294244,7.12294244,6.2398200909,6.23982009092,6.23982009092,6.2398200909,6.2398200909,3.65464033749,3.6546403375,3.6546403375,3.65464033748,3.6546403375,3.6546403374,3.654640338,3.6546403375,3.65464033754,3.65464033754,3.65464033756,3.6546403375,3.4384823841,0.4911094558,0,2.8205687299,2.8205687299,2.8205687299,2.8205687298,4.09504775838,4.09504775848,4.09504775843,4.09504775843,4.09504775838,4.09504775838,4.09504775838,4.09504775838,4.09504775838,4.09504775838,4.0950477584,4.0950477584,4.0950477584,4.0950477584,5.3160543103,5.3160543097,5.3160543097,5.31605431,5.31605430994,5.31605430994
"t80",8.09211188524,8.09211188524,8.09211188545,8.09211188545,8.09211188545,8.09211188548,8.09211188548,8.09211188545,8.0921118855,8.0921118855,8.0921118852,8.0921118852,8.0921118857,8.092111885631,8.092111885631,8.092111885631,8.092111885541,8.092111885541,8.092111885591,8.092111885591,8.092111885841,8.0921118856,8.09211188558,8.09211188558,8.09211188558,8.0921118856,8.0921118856,8.0921118853,8.09211188539,8.09211188539,8.0921118854,7.1229424398,7.1229424398,7.1229424394,7.1229424401,7.1229424401,7.12294243992,7.12294243992,7.12294243987,7.12294243987,7.12294243987,7.12294243992,7.12294243992,7.12294243992,7.12294243993,7.12294243993,7.12294244002,7.12294244002,7.12294243992,7.12294243992,7.12294243993,7.12294243993,7.12294243993,7.1229424401,7.1229424401,7.1229424401,6.239820091,6.23982009102,6.23982009102,6.239820091,6.239820091,3.65464033759,3.6546403376,3.6546403376,3.65464033758,3.6546403376,3.6546403375,3.6546403381,3.6546403376,3.65464033764,3.65464033764,3.65464033766,3.6546403376,3.4384823842,2.8205687299,2.8205687299,0,0.2372080692,0.9771321988,2.1103714021,4.09504775848,4.09504775858,4.09504775853,4.09504775853,4.09504775848,4.09504775848,4.09504775848,4.09504775848,4.09504775848,4.09504775848,4.0950477585,4.0950477585,4.0950477585,4.0950477585,5.3160543104,5.3160543098,5.3160543098,5.3160543101,5.31605431004,5.31605431004
"t81",8.09211188524,8.09211188524,8.09211188545,8.09211188545,8.09211188545,8.09211188548,8.09211188548,8.09211188545,8.0921118855,8.0921118855,8.0921118852,8.0921118852,8.0921118857,8.092111885631,8.092111885631,8.092111885631,8.092111885541,8.092111885541,8.092111885591,8.092111885591,8.092111885841,8.0921118856,8.09211188558,8.09211188558,8.09211188558,8.0921118856,8.0921118856,8.0921118853,8.09211188539,8.09211188539,8.0921118854,7.1229424398,7.1229424398,7.1229424394,7.1229424401,7.1229424401,7.12294243992,7.12294243992,7.12294243987,7.12294243987,7.12294243987,7.12294243992,7.12294243992,7.12294243992,7.12294243993,7.12294243993,7.12294244002,7.12294244002,7.12294243992,7.12294243992,7.12294243993,7.12294243993,7.12294243993,7.1229424401,7.1229424401,7.1229424401,6.239820091,6.23982009102,6.23982009102,6.239820091,6.239820091,3.65464033759,3.6546403376,3.6546403376,3.65464033758,3.6546403376,3.6546403375,3.6546403381,3.6546403376,3.65464033764,3.65464033764,3.65464033766,3.6546403376,3.4384823842,2.8205687299,2.8205687299,0.2372080692,0,0.9771321988,2.1103714021,4.09504775848,4.09504775858,4.09504775853,4.09504775853,4.09504775848,4.09504775848,4.09504775848,4.09504775848,4.09504775848,4.09504775848,4.0950477585,4.0950477585,4.0950477585,4.0950477585,5.3160543104,5.3160543098,5.3160543098,5.3160543101,5.31605431004,5.31605431004
"t37",8.09211188524,8.09211188524,8.09211188545,8.09211188545,8.09211188545,8.09211188548,8.09211188548,8.09211188545,8.0921118855,8.0921118855,8.0921118852,8.0921118852,8.0921118857,8.092111885631,8.092111885631,8.092111885631,8.092111885541,8.092111885541,8.092111885591,8.092111885591,8.092111885841,8.0921118856,8.09211188558,8.09211188558,8.09211188558,8.0921118856,8.0921118856,8.0921118853,8.09211188539,8.09211188539,8.0921118854,7.1229424398,7.1229424398,7.1229424394,7.1229424401,7.1229424401,7.12294243992,7.12294243992,7.12294243987,7.12294243987,7.12294243987,7.12294243992,7.12294243992,7.12294243992,7.12294243993,7.12294243993,7.12294244002,7.12294244002,7.12294243992,7.12294243992,7.12294243993,7.12294243993,7.12294243993,7.1229424401,7.1229424401,7.1229424401,6.239820091,6.23982009102,6.23982009102,6.239820091,6.239820091,3.65464033759,3.6546403376,3.6546403376,3.65464033758,3.6546403376,3.6546403375,3.6546403381,3.6546403376,3.65464033764,3.65464033764,3.65464033766,3.6546403376,3.4384823842,2.8205687299,2.8205687299,0.9771321988,0.9771321988,0,2.1103714021,4.09504775848,4.09504775858,4.09504775853,4.09504775853,4.09504775848,4.09504775848,4.09504775848,4.09504775848,4.09504775848,4.09504775848,4.0950477585,4.0950477585,4.0950477585,4.0950477585,5.3160543104,5.3160543098,5.3160543098,5.3160543101,5.31605431004,5.31605431004
"t13",8.09211188514,8.09211188514,8.09211188535,8.09211188535,8.09211188535,8.09211188538,8.09211188538,8.09211188535,8.0921118854,8.0921118854,8.0921118851,8.0921118851,8.0921118856,8.092111885531,8.092111885531,8.092111885531,8.092111885441,8.092111885441,8.092111885491,8.092111885491,8.092111885741,8.0921118855,8.09211188548,8.09211188548,8.09211188548,8.0921118855,8.0921118855,8.0921118852,8.09211188529,8.09211188529,8.0921118853,7.1229424397,7.1229424397,7.1229424393,7.12294244,7.12294244,7.12294243982,7.12294243982,7.12294243977,7.12294243977,7.12294243977,7.12294243982,7.12294243982,7.12294243982,7.12294243983,7.12294243983,7.12294243992,7.12294243992,7.12294243982,7.12294243982,7.12294243983,7.12294243983,7.12294243983,7.12294244,7.12294244,7.12294244,6.2398200909,6.23982009092,6.23982009092,6.2398200909,6.2398200909,3.65464033749,3.6546403375,3.6546403375,3.65464033748,3.6546403375,3.6546403374,3.654640338,3.6546403375,3.65464033754,3.65464033754,3.65464033756,3.6546403375,3.4384823841,2.8205687298,2.8205687298,2.1103714021,2.1103714021,2.1103714021,0,4.09504775838,4.09504775848,4.09504775843,4.09504775843,4.09504775838,4.09504775838,4.09504775838,4.09504775838,4.09504775838,4.09504775838,4.0950477584,4.0950477584,4.0950477584,4.0950477584,5.3160543103,5.3160543097,5.3160543097,5.31605431,5.31605430994,5.31605430994
"t15",8.09211188512,8.09211188512,8.09211188533,8.09211188533,8.09211188533,8.09211188536,8.09211188536,8.09211188533,8.09211188538,8.09211188538,8.09211188508,8.09211188508,8.09211188558,8.092111885511,8.092111885511,8.092111885511,8.092111885421,8.092111885421,8.092111885471,8.092111885471,8.092111885721,8.09211188548,8.09211188546,8.09211188546,8.09211188546,8.09211188548,8.09211188548,8.09211188518,8.09211188527,8.09211188527,8.09211188528,7.12294243968,7.12294243968,7.12294243928,7.12294243998,7.12294243998,7.1229424398,7.1229424398,7.12294243975,7.12294243975,7.12294243975,7.1229424398,7.1229424398,7.1229424398,7.12294243981,7.12294243981,7.1229424399,7.1229424399,7.1229424398,7.1229424398,7.12294243981,7.12294243981,7.12294243981,7.12294243998,7.12294243998,7.12294243998,6.23982009088,6.2398200909,6.2398200909,6.23982009088,6.23982009088,4.09504775847,4.09504775848,4.09504775848,4.09504775846,4.09504775848,4.09504775838,4.09504775898,4.09504775848,4.09504775852,4.09504775852,4.09504775854,4.09504775848,4.09504775828,4.09504775838,4.09504775838,4.09504775848,4.09504775848,4.09504775848,4.09504775838,0,1.9485374297,1.94853742965,1.94853742965,2.4924364772,2.4924364772,2.4924364772,2.4924364772,2.4924364772,2.4924364772,2.63410986518,2.63410986518,2.63410986518,2.63410986518,5.31605431028,5.31605430968,5.31605430968,5.31605430998,5.31605430992,5.31605430992
"t76",8.09211188522,8.09211188522,8.09211188543,8.09211188543,8.09211188543,8.09211188546,8.09211188546,8.09211188543,8.09211188548,8.09211188548,8.09211188518,8.09211188518,8.09211188568,8.092111885611,8.092111885611,8.092111885611,8.092111885521,8.092111885521,8.092111885571,8.092111885571,8.092111885821,8.09211188558,8.09211188556,8.09211188556,8.09211188556,8.09211188558,8.09211188558,8.09211188528,8.09211188537,8.09211188537,8.09211188538,7.12294243978,7.12294243978,7.12294243938,7.12294244008,7.12294244008,7.1229424399,7.1229424399,7.12294243985,7.12294243985,7.12294243985,7.1229424399,7.1229424399,7.1229424399,7.12294243991,7.12294243991,7.12294244,7.12294244,7.1229424399,7.1229424399,7.12294243991,7.12294243991,7.12294243991,7.12294244008,7.12294244008,7.12294244008,6.23982009098,6.239820091,6.239820091,6.23982009098,6.23982009098,4.09504775857,4.09504775858,4.09504775858,4.09504775856,4.09504775858,4.09504775848,4.09504775908,4.09504775858,4.09504775862,4.09504775862,4.09504775864,4.09504775858,4.09504775838,4.09504775848,4.09504775848,4.09504775858,4.09504775858,4.09504775858,4.09504775848,1.9485374297,0,0.28458406475,0.28458406475,2.4924364773,2.4924364773,2.4924364773,2.4924364773,2.4924364773,2.4924364773,2.63410986528,2.63410986528,2.63410986528,2.63410986528,5.31605431038,5.31605430978,5.31605430978,5.31605431008,5.31605431002,5.31605431002
"t97",8.09211188517,8.09211188517,8.09211188538,8.09211188538,8.09211188538,8.09211188541,8.09211188541,8.09211188538,8.09211188543,8.09211188543,8.09211188513,8.09211188513,8.09211188563,8.092111885561,8.092111885561,8.092111885561,8.092111885471,8.092111885471,8.092111885521,8.092111885521,8.092111885771,8.09211188553,8.09211188551,8.09211188551,8.09211188551,8.09211188553,8.09211188553,8.09211188523,8.09211188532,8.09211188532,8.09211188533,7.12294243973,7.12294243973,7.12294243933,7.12294244003,7.12294244003,7.12294243985,7.12294243985,7.1229424398,7.1229424398,7.1229424398,7.12294243985,7.12294243985,7.12294243985,7.12294243986,7.12294243986,7.12294243995,7.12294243995,7.12294243985,7.12294243985,7.12294243986,7.12294243986,7.12294243986,7.12294244003,7.12294244003,7.12294244003,6.23982009093,6.23982009095,6.23982009095,6.23982009093,6.23982009093,4.09504775852,4.09504775853,4.09504775853,4.09504775851,4.09504775853,4.09504775843,4.09504775903,4.09504775853,4.09504775857,4.09504775857,4.09504775859,4.09504775853,4.09504775833,4.09504775843,4.09504775843,4.09504775853,4.09504775853,4.09504775853,4.09504775843,1.94853742965,0.28458406475,0,0.08621612458,2.49243647725,2.49243647725,2.49243647725,2.49243647725,2.49243647725,2.49243647725,2.63410986523,2.63410986523,2.63410986523,2.63410986523,5.31605431033,5.31605430973,5.31605430973,5.31605431003,5.31605430997,5.31605430997
"t98",8.09211188517,8.09211188517,8.09211188538,8.09211188538,8.09211188538,8.09211188541,8.09211188541,8.09211188538,8.09211188543,8.09211188543,8.09211188513,8.09211188513,8.09211188563,8.092111885561,8.092111885561,8.092111885561,8.092111885471,8.092111885471,8.092111885521,8.092111885521,8.092111885771,8.09211188553,8.09211188551,8.09211188551,8.09211188551,8.09211188553,8.09211188553,8.09211188523,8.09211188532,8.09211188532,8.09211188533,7.12294243973,7.12294243973,7.12294243933,7.12294244003,7.12294244003,7.12294243985,7.12294243985,7.1229424398,7.1229424398,7.1229424398,7.12294243985,7.12294243985,7.12294243985,7.12294243986,7.12294243986,7.12294243995,7.12294243995,7.12294243985,7.12294243985,7.12294243986,7.12294243986,7.12294243986,7.12294244003,7.12294244003,7.12294244003,6.23982009093,6.23982009095,6.23982009095,6.23982009093,6.23982009093,4.09504775852,4.09504775853,4.09504775853,4.09504775851,4.09504775853,4.09504775843,4.09504775903,4.09504775853,4.09504775857,4.09504775857,4.09504775859,4.09504775853,4.09504775833,4.09504775843,4.09504775843,4.09504775853,4.09504775853,4.09504775853,4.09504775843,1.94853742965,0.28458406475,0.08621612458,0,2.49243647725,2.49243647725,2.49243647725,2.49243647725,2.49243647725,2.49243647725,2.63410986523,2.63410986523,2.63410986523,2.63410986523,5.31605431033,5.31605430973,5.31605430973,5.31605431003,5.31605430997,5.31605430997
"t84",8.09211188512,8.09211188512,8.09211188533,8.09211188533,8.09211188533,8.09211188536,8.09211188536,8.09211188533,8.09211188538,8.09211188538,8.09211188508,8.09211188508,8.09211188558,8.092111885511,8.092111885511,8.092111885511,8.092111885421,8.092111885421,8.092111885471,8.092111885471,8.092111885721,8.09211188548,8.09211188546,8.09211188546,8.09211188546,8.09211188548,8.09211188548,8.09211188518,8.09211188527,8.09211188527,8.09211188528,7.12294243968,7.12294243968,7.12294243928,7.12294243998,7.12294243998,7.1229424398,7.1229424398,7.12294243975,7.12294243975,7.12294243975,7.1229424398,7.1229424398,7.1229424398,7.12294243981,7.12294243981,7.1229424399,7.1229424399,7.1229424398,7.1229424398,7.12294243981,7.12294243981,7.12294243981,7.12294243998,7.12294243998,7.12294243998,6.23982009088,6.2398200909,6.2398200909,6.23982009088,6.23982009088,4.09504775847,4.09504775848,4.09504775848,4.09504775846,4.09504775848,4.09504775838,4.09504775898,4.09504775848,4.09504775852,4.09504775852,4.09504775854,4.09504775848,4.09504775828,4.09504775838,4.09504775838,4.09504775848,4.09504775848,4.09504775848,4.09504775838,2.4924364772,2.4924364773,2.49243647725,2.49243647725,0,0.208329602,1.434734032,1.434734032,1.434734032,1.434734032,2.63410986518,2.63410986518,2.63410986518,2.63410986518,5.31605431028,5.31605430968,5.31605430968,5.31605430998,5.31605430992,5.31605430992
"t85",8.09211188512,8.09211188512,8.09211188533,8.09211188533,8.09211188533,8.09211188536,8.09211188536,8.09211188533,8.09211188538,8.09211188538,8.09211188508,8.09211188508,8.09211188558,8.092111885511,8.092111885511,8.092111885511,8.092111885421,8.092111885421,8.092111885471,8.092111885471,8.092111885721,8.09211188548,8.09211188546,8.09211188546,8.09211188546,8.09211188548,8.09211188548,8.09211188518,8.09211188527,8.09211188527,8.09211188528,7.12294243968,7.12294243968,7.12294243928,7.12294243998,7.12294243998,7.1229424398,7.1229424398,7.12294243975,7.12294243975,7.12294243975,7.1229424398,7.1229424398,7.1229424398,7.12294243981,7.12294243981,7.1229424399,7.1229424399,7.1229424398,7.1229424398,7.12294243981,7.12294243981,7.12294243981,7.12294243998,7.12294243998,7.12294243998,6.23982009088,6.2398200909,6.2398200909,6.23982009088,6.23982009088,4.09504775847,4.09504775848,4.09504775848,4.09504775846,4.09504775848,4.09504775838,4.09504775898,4.09504775848,4.09504775852,4.09504775852,4.09504775854,4.09504775848,4.09504775828,4.09504775838,4.09504775838,4.09504775848,4.09504775848,4.09504775848,4.09504775838,2.4924364772,2.4924364773,2.49243647725,2.49243647725,0.208329602,0,1.434734032,1.434734032,1.434734032,1.434734032,2.63410986518,2.63410986518,2.63410986518,2.63410986518,5.31605431028,5.31605430968,5.31605430968,5.31605430998,5.31605430992,5.31605430992
"t66",8.09211188512,8.09211188512,8.09211188533,8.09211188533,8.09211188533,8.09211188536,8.09211188536,8.09211188533,8.09211188538,8.09211188538,8.09211188508,8.09211188508,8.09211188558,8.092111885511,8.092111885511,8.092111885511,8.092111885421,8.092111885421,8.092111885471,8.092111885471,8.092111885721,8.09211188548,8.09211188546,8.09211188546,8.09211188546,8.09211188548,8.09211188548,8.09211188518,8.09211188527,8.09211188527,8.09211188528,7.12294243968,7.12294243968,7.12294243928,7.12294243998,7.12294243998,7.1229424398,7.1229424398,7.12294243975,7.12294243975,7.12294243975,7.1229424398,7.1229424398,7.1229424398,7.12294243981,7.12294243981,7.1229424399,7.1229424399,7.1229424398,7.1229424398,7.12294243981,7.12294243981,7.12294243981,7.12294243998,7.12294243998,7.12294243998,6.23982009088,6.2398200909,6.2398200909,6.23982009088,6.23982009088,4.09504775847,4.09504775848,4.09504775848,4.09504775846,4.09504775848,4.09504775838,4.09504775898,4.09504775848,4.09504775852,4.09504775852,4.09504775854,4.09504775848,4.09504775828,4.09504775838,4.09504775838,4.09504775848,4.09504775848,4.09504775848,4.09504775838,2.4924364772,2.4924364773,2.49243647725,2.49243647725,1.434734032,1.434734032,0,0.4271383336,0.8460610416,0.8460610416,2.63410986518,2.63410986518,2.63410986518,2.63410986518,5.31605431028,5.31605430968,5.31605430968,5.31605430998,5.31605430992,5.31605430992
"t67",8.09211188512,8.09211188512,8.09211188533,8.09211188533,8.09211188533,8.09211188536,8.09211188536,8.09211188533,8.09211188538,8.09211188538,8.09211188508,8.09211188508,8.09211188558,8.092111885511,8.092111885511,8.092111885511,8.092111885421,8.092111885421,8.092111885471,8.092111885471,8.092111885721,8.09211188548,8.09211188546,8.09211188546,8.09211188546,8.09211188548,8.09211188548,8.09211188518,8.09211188527,8.09211188527,8.09211188528,7.12294243968,7.12294243968,7.12294243928,7.12294243998,7.12294243998,7.1229424398,7.1229424398,7.12294243975,7.12294243975,7.12294243975,7.1229424398,7.1229424398,7.1229424398,7.12294243981,7.12294243981,7.1229424399,7.1229424399,7.1229424398,7.1229424398,7.12294243981,7.12294243981,7.12294243981,7.12294243998,7.12294243998,7.12294243998,6.23982009088,6.2398200909,6.2398200909,6.23982009088,6.23982009088,4.09504775847,4.09504775848,4.09504775848,4.09504775846,4.09504775848,4.09504775838,4.09504775898,4.09504775848,4.09504775852,4.09504775852,4.09504775854,4.09504775848,4.09504775828,4.09504775838,4.09504775838,4.09504775848,4.09504775848,4.09504775848,4.09504775838,2.4924364772,2.4924364773,2.49243647725,2.49243647725,1.434734032,1.434734032,0.4271383336,0,0.8460610416,0.8460610416,2.63410986518,2.63410986518,2.63410986518,2.63410986518,5.31605431028,5.31605430968,5.31605430968,5.31605430998,5.31605430992,5.31605430992
"t50",8.09211188512,8.09211188512,8.09211188533,8.09211188533,8.09211188533,8.09211188536,8.09211188536,8.09211188533,8.09211188538,8.09211188538,8.09211188508,8.09211188508,8.09211188558,8.092111885511,8.092111885511,8.092111885511,8.092111885421,8.092111885421,8.092111885471,8.092111885471,8.092111885721,8.09211188548,8.09211188546,8.09211188546,8.09211188546,8.09211188548,8.09211188548,8.09211188518,8.09211188527,8.09211188527,8.09211188528,7.12294243968,7.12294243968,7.12294243928,7.12294243998,7.12294243998,7.1229424398,7.1229424398,7.12294243975,7.12294243975,7.12294243975,7.1229424398,7.1229424398,7.1229424398,7.12294243981,7.12294243981,7.1229424399,7.1229424399,7.1229424398,7.1229424398,7.12294243981,7.12294243981,7.12294243981,7.12294243998,7.12294243998,7.12294243998,6.23982009088,6.2398200909,6.2398200909,6.23982009088,6.23982009088,4.09504775847,4.09504775848,4.09504775848,4.09504775846,4.09504775848,4.09504775838,4.09504775898,4.09504775848,4.09504775852,4.09504775852,4.09504775854,4.09504775848,4.09504775828,4.09504775838,4.09504775838,4.09504775848,4.09504775848,4.09504775848,4.09504775838,2.4924364772,2.4924364773,2.49243647725,2.49243647725,1.434734032,1.434734032,0.8460610416,0.8460610416,0,0.695008526,2.63410986518,2.63410986518,2.63410986518,2.63410986518,5.31605431028,5.31605430968,5.31605430968,5.31605430998,5.31605430992,5.31605430992
"t51",8.09211188512,8.09211188512,8.09211188533,8.09211188533,8.09211188533,8.09211188536,8.09211188536,8.09211188533,8.09211188538,8.09211188538,8.09211188508,8.09211188508,8.09211188558,8.092111885511,8.092111885511,8.092111885511,8.092111885421,8.092111885421,8.092111885471,8.092111885471,8.092111885721,8.09211188548,8.09211188546,8.09211188546,8.09211188546,8.09211188548,8.09211188548,8.09211188518,8.09211188527,8.09211188527,8.09211188528,7.12294243968,7.12294243968,7.12294243928,7.12294243998,7.12294243998,7.1229424398,7.1229424398,7.12294243975,7.12294243975,7.12294243975,7.1229424398,7.1229424398,7.1229424398,7.12294243981,7.12294243981,7.1229424399,7.1229424399,7.1229424398,7.1229424398,7.12294243981,7.12294243981,7.12294243981,7.12294243998,7.12294243998,7.12294243998,6.23982009088,6.2398200909,6.2398200909,6.23982009088,6.23982009088,4.09504775847,4.09504775848,4.09504775848,4.09504775846,4.09504775848,4.09504775838,4.09504775898,4.09504775848,4.09504775852,4.09504775852,4.09504775854,4.09504775848,4.09504775828,4.09504775838,4.09504775838,4.09504775848,4.09504775848,4.09504775848,4.09504775838,2.4924364772,2.4924364773,2.49243647725,2.49243647725,1.434734032,1.434734032,0.8460610416,0.8460610416,0.695008526,0,2.63410986518,2.63410986518,2.63410986518,2.63410986518,5.31605431028,5.31605430968,5.31605430968,5.31605430998,5.31605430992,5.31605430992
"t59",8.09211188514,8.09211188514,8.09211188535,8.09211188535,8.09211188535,8.09211188538,8.09211188538,8.09211188535,8.0921118854,8.0921118854,8.0921118851,8.0921118851,8.0921118856,8.092111885531,8.092111885531,8.092111885531,8.092111885441,8.092111885441,8.092111885491,8.092111885491,8.092111885741,8.0921118855,8.09211188548,8.09211188548,8.09211188548,8.0921118855,8.0921118855,8.0921118852,8.09211188529,8.09211188529,8.0921118853,7.1229424397,7.1229424397,7.1229424393,7.12294244,7.12294244,7.12294243982,7.12294243982,7.12294243977,7.12294243977,7.12294243977,7.12294243982,7.12294243982,7.12294243982,7.12294243983,7.12294243983,7.12294243992,7.12294243992,7.12294243982,7.12294243982,7.12294243983,7.12294243983,7.12294243983,7.12294244,7.12294244,7.12294244,6.2398200909,6.23982009092,6.23982009092,6.2398200909,6.2398200909,4.09504775849,4.0950477585,4.0950477585,4.09504775848,4.0950477585,4.0950477584,4.095047759,4.0950477585,4.09504775854,4.09504775854,4.09504775856,4.0950477585,4.0950477583,4.0950477584,4.0950477584,4.0950477585,4.0950477585,4.0950477585,4.0950477584,2.63410986518,2.63410986528,2.63410986523,2.63410986523,2.63410986518,2.63410986518,2.63410986518,2.63410986518,2.63410986518,2.63410986518,0,0.5556472828,1.5166571538,1.5166571538,5.3160543103,5.3160543097,5.3160543097,5.31605431,5.31605430994,5.31605430994
"t60",8.09211188514,8.09211188514,8.09211188535,8.09211188535,8.09211188535,8.09211188538,8.09211188538,8.09211188535,8.0921118854,8.0921118854,8.0921118851,8.0921118851,8.0921118856,8.092111885531,8.092111885531,8.092111885531,8.092111885441,8.092111885441,8.092111885491,8.092111885491,8.092111885741,8.0921118855,8.09211188548,8.09211188548,8.09211188548,8.0921118855,8.0921118855,8.0921118852,8.09211188529,8.09211188529,8.0921118853,7.1229424397,7.1229424397,7.1229424393,7.12294244,7.12294244,7.12294243982,7.12294243982,7.12294243977,7.12294243977,7.12294243977,7.12294243982,7.12294243982,7.12294243982,7.12294243983,7.12294243983,7.12294243992,7.12294243992,7.12294243982,7.12294243982,7.12294243983,7.12294243983,7.12294243983,7.12294244,7.12294244,7.12294244,6.2398200909,6.23982009092,6.23982009092,6.2398200909,6.2398200909,4.09504775849,4.0950477585,4.0950477585,4.09504775848,4.0950477585,4.0950477584,4.095047759,4.0950477585,4.09504775854,4.09504775854,4.09504775856,4.0950477585,4.0950477583,4.0950477584,4.0950477584,4.0950477585,4.0950477585,4.0950477585,4.0950477584,2.63410986518,2.63410986528,2.63410986523,2.63410986523,2.63410986518,2.63410986518,2.63410986518,2.63410986518,2.63410986518,2.63410986518,0.5556472828,0,1.5166571538,1.5166571538,5.3160543103,5.3160543097,5.3160543097,5.31605431,5.31605430994,5.31605430994
"t45",8.09211188514,8.09211188514,8.09211188535,8.09211188535,8.09211188535,8.09211188538,8.09211188538,8.09211188535,8.0921118854,8.0921118854,8.0921118851,8.0921118851,8.0921118856,8.092111885531,8.092111885531,8.092111885531,8.092111885441,8.092111885441,8.092111885491,8.092111885491,8.092111885741,8.0921118855,8.09211188548,8.09211188548,8.09211188548,8.0921118855,8.0921118855,8.0921118852,8.09211188529,8.09211188529,8.0921118853,7.1229424397,7.1229424397,7.1229424393,7.12294244,7.12294244,7.12294243982,7.12294243982,7.12294243977,7.12294243977,7.12294243977,7.12294243982,7.12294243982,7.12294243982,7.12294243983,7.12294243983,7.12294243992,7.12294243992,7.12294243982,7.12294243982,7.12294243983,7.12294243983,7.12294243983,7.12294244,7.12294244,7.12294244,6.2398200909,6.23982009092,6.23982009092,6.2398200909,6.2398200909,4.09504775849,4.0950477585,4.0950477585,4.09504775848,4.0950477585,4.0950477584,4.095047759,4.0950477585,4.09504775854,4.09504775854,4.09504775856,4.0950477585,4.0950477583,4.0950477584,4.0950477584,4.0950477585,4.0950477585,4.0950477585,4.0950477584,2.63410986518,2.63410986528,2.63410986523,2.63410986523,2.63410986518,2.63410986518,2.63410986518,2.63410986518,2.63410986518,2.63410986518,1.5166571538,1.5166571538,0,0.8389519376,5.3160543103,5.3160543097,5.3160543097,5.31605431,5.31605430994,5.31605430994
"t46",8.09211188514,8.09211188514,8.09211188535,8.09211188535,8.09211188535,8.09211188538,8.09211188538,8.09211188535,8.0921118854,8.0921118854,8.0921118851,8.0921118851,8.0921118856,8.092111885531,8.092111885531,8.092111885531,8.092111885441,8.092111885441,8.092111885491,8.092111885491,8.092111885741,8.0921118855,8.09211188548,8.09211188548,8.09211188548,8.0921118855,8.0921118855,8.0921118852,8.09211188529,8.09211188529,8.0921118853,7.1229424397,7.1229424397,7.1229424393,7.12294244,7.12294244,7.12294243982,7.12294243982,7.12294243977,7.12294243977,7.12294243977,7.12294243982,7.12294243982,7.12294243982,7.12294243983,7.12294243983,7.12294243992,7.12294243992,7.12294243982,7.12294243982,7.12294243983,7.12294243983,7.12294243983,7.12294244,7.12294244,7.12294244,6.2398200909,6.23982009092,6.23982009092,6.2398200909,6.2398200909,4.09504775849,4.0950477585,4.0950477585,4.09504775848,4.0950477585,4.0950477584,4.095047759,4.0950477585,4.09504775854,4.09504775854,4.09504775856,4.0950477585,4.0950477583,4.0950477584,4.0950477584,4.0950477585,4.0950477585,4.0950477585,4.0950477584,2.63410986518,2.63410986528,2.63410986523,2.63410986523,2.63410986518,2.63410986518,2.63410986518,2.63410986518,2.63410986518,2.63410986518,1.5166571538,1.5166571538,0.8389519376,0,5.3160543103,5.3160543097,5.3160543097,5.31605431,5.31605430994,5.31605430994
"t1",8.09211188564,8.09211188564,8.09211188585,8.09211188585,8.09211188585,8.09211188588,8.09211188588,8.09211188585,8.0921118859,8.0921118859,8.0921118856,8.0921118856,8.0921118861,8.092111886031,8.092111886031,8.092111886031,8.092111885941,8.092111885941,8.092111885991,8.092111885991,8.092111886241,8.092111886,8.09211188598,8.09211188598,8.09211188598,8.092111886,8.092111886,8.0921118857,8.09211188579,8.09211188579,8.0921118858,7.1229424402,7.1229424402,7.1229424398,7.1229424405,7.1229424405,7.12294244032,7.12294244032,7.12294244027,7.12294244027,7.12294244027,7.12294244032,7.12294244032,7.12294244032,7.12294244033,7.12294244033,7.12294244042,7.12294244042,7.12294244032,7.12294244032,7.12294244033,7.12294244033,7.12294244033,7.1229424405,7.1229424405,7.1229424405,6.2398200914,6.23982009142,6.23982009142,6.2398200914,6.2398200914,5.31605431039,5.3160543104,5.3160543104,5.31605431038,5.3160543104,5.3160543103,5.3160543109,5.3160543104,5.31605431044,5.31605431044,5.31605431046,5.3160543104,5.3160543102,5.3160543103,5.3160543103,5.3160543104,5.3160543104,5.3160543104,5.3160543103,5.31605431028,5.31605431038,5.31605431033,5.31605431033,5.31605431028,5.31605431028,5.31605431028,5.31605431028,5.31605431028,5.31605431028,5.3160543103,5.3160543103,5.3160543103,5.3160543103,0,5.2399856534,5.2399856534,5.2399856537,5.23998565364,5.23998565364
"t2",8.09211188504,8.09211188504,8.09211188525,8.09211188525,8.09211188525,8.09211188528,8.09211188528,8.09211188525,8.0921118853,8.0921118853,8.092111885,8.092111885,8.0921118855,8.092111885431,8.092111885431,8.092111885431,8.092111885341,8.092111885341,8.092111885391,8.092111885391,8.092111885641,8.0921118854,8.09211188538,8.09211188538,8.09211188538,8.0921118854,8.0921118854,8.0921118851,8.09211188519,8.09211188519,8.0921118852,7.1229424396,7.1229424396,7.1229424392,7.1229424399,7.1229424399,7.12294243972,7.12294243972,7.12294243967,7.12294243967,7.12294243967,7.12294243972,7.12294243972,7.12294243972,7.12294243973,7.12294243973,7.12294243982,7.12294243982,7.12294243972,7.12294243972,7.12294243973,7.12294243973,7.12294243973,7.1229424399,7.1229424399,7.1229424399,6.2398200908,6.23982009082,6.23982009082,6.2398200908,6.2398200908,5.31605430979,5.3160543098,5.3160543098,5.31605430978,5.3160543098,5.3160543097,5.3160543103,5.3160543098,5.31605430984,5.31605430984,5.31605430986,5.3160543098,5.3160543096,5.3160543097,5.3160543097,5.3160543098,5.3160543098,5.3160543098,5.3160543097,5.31605430968,5.31605430978,5.31605430973,5.31605430973,5.31605430968,5.31605430968,5.31605430968,5.31605430968,5.31605430968,5.31605430968,5.3160543097,5.3160543097,5.3160543097,5.3160543097,5.2399856534,0,4.33348446,4.3334844603,4.33348446024,4.33348446024
"t4",8.09211188504,8.09211188504,8.09211188525,8.09211188525,8.09211188525,8.09211188528,8.09211188528,8.09211188525,8.0921118853,8.0921118853,8.092111885,8.092111885,8.0921118855,8.092111885431,8.092111885431,8.092111885431,8.092111885341,8.092111885341,8.092111885391,8.092111885391,8.092111885641,8.0921118854,8.09211188538,8.09211188538,8.09211188538,8.0921118854,8.0921118854,8.0921118851,8.09211188519,8.09211188519,8.0921118852,7.1229424396,7.1229424396,7.1229424392,7.1229424399,7.1229424399,7.12294243972,7.12294243972,7.12294243967,7.12294243967,7.12294243967,7.12294243972,7.12294243972,7.12294243972,7.12294243973,7.12294243973,7.12294243982,7.12294243982,7.12294243972,7.12294243972,7.12294243973,7.12294243973,7.12294243973,7.1229424399,7.1229424399,7.1229424399,6.2398200908,6.23982009082,6.23982009082,6.2398200908,6.2398200908,5.31605430979,5.3160543098,5.3160543098,5.31605430978,5.3160543098,5.3160543097,5.3160543103,5.3160543098,5.31605430984,5.31605430984,5.31605430986,5.3160543098,5.3160543096,5.3160543097,5.3160543097,5.3160543098,5.3160543098,5.3160543098,5.3160543097,5.31605430968,5.31605430978,5.31605430973,5.31605430973,5.31605430968,5.31605430968,5.31605430968,5.31605430968,5.31605430968,5.31605430968,5.3160543097,5.3160543097,5.3160543097,5.3160543097,5.2399856534,4.33348446,0,3.1795046103,3.17950461024,3.17950461024
"t49",8.09211188534,8.09211188534,8.09211188555,8.09211188555,8.09211188555,8.09211188558,8.09211188558,8.09211188555,8.0921118856,8.0921118856,8.0921118853,8.0921118853,8.0921118858,8.092111885731,8.092111885731,8.092111885731,8.092111885641,8.092111885641,8.092111885691,8.092111885691,8.092111885941,8.0921118857,8.09211188568,8.09211188568,8.09211188568,8.0921118857,8.0921118857,8.0921118854,8.09211188549,8.09211188549,8.0921118855,7.1229424399,7.1229424399,7.1229424395,7.1229424402,7.1229424402,7.12294244002,7.12294244002,7.12294243997,7.12294243997,7.12294243997,7.12294244002,7.12294244002,7.12294244002,7.12294244003,7.12294244003,7.12294244012,7.12294244012,7.12294244002,7.12294244002,7.12294244003,7.12294244003,7.12294244003,7.1229424402,7.1229424402,7.1229424402,6.2398200911,6.23982009112,6.23982009112,6.2398200911,6.2398200911,5.31605431009,5.3160543101,5.3160543101,5.31605431008,5.3160543101,5.31605431,5.3160543106,5.3160543101,5.31605431014,5.31605431014,5.31605431016,5.3160543101,5.3160543099,5.31605431,5.31605431,5.3160543101,5.3160543101,5.3160543101,5.31605431,5.31605430998,5.31605431008,5.31605431003,5.31605431003,5.31605430998,5.31605430998,5.31605430998,5.31605430998,5.31605430998,5.31605430998,5.31605431,5.31605431,5.31605431,5.31605431,5.2399856537,4.3334844603,3.1795046103,0,0.71962159254,0.71962159254
"t52",8.09211188528,8.09211188528,8.09211188549,8.09211188549,8.09211188549,8.09211188552,8.09211188552,8.09211188549,8.09211188554,8.09211188554,8.09211188524,8.09211188524,8.09211188574,8.092111885671,8.092111885671,8.092111885671,8.092111885581,8.092111885581,8.092111885631,8.092111885631,8.092111885881,8.09211188564,8.09211188562,8.09211188562,8.09211188562,8.09211188564,8.09211188564,8.09211188534,8.09211188543,8.09211188543,8.09211188544,7.12294243984,7.12294243984,7.12294243944,7.12294244014,7.12294244014,7.12294243996,7.12294243996,7.12294243991,7.12294243991,7.12294243991,7.12294243996,7.12294243996,7.12294243996,7.12294243997,7.12294243997,7.12294244006,7.12294244006,7.12294243996,7.12294243996,7.12294243997,7.12294243997,7.12294243997,7.12294244014,7.12294244014,7.12294244014,6.23982009104,6.23982009106,6.23982009106,6.23982009104,6.23982009104,5.31605431003,5.31605431004,5.31605431004,5.31605431002,5.31605431004,5.31605430994,5.31605431054,5.31605431004,5.31605431008,5.31605431008,5.3160543101,5.31605431004,5.31605430984,5.31605430994,5.31605430994,5.31605431004,5.31605431004,5.31605431004,5.31605430994,5.31605430992,5.31605431002,5.31605430997,5.31605430997,5.31605430992,5.31605430992,5.31605430992,5.31605430992,5.31605430992,5.31605430992,5.31605430994,5.31605430994,5.31605430994,5.31605430994,5.23998565364,4.33348446024,3.17950461024,0.71962159254,0,0.6711536916
"t53",8.09211188528,8.09211188528,8.09211188549,8.09211188549,8.09211188549,8.09211188552,8.09211188552,8.09211188549,8.09211188554,8.09211188554,8.09211188524,8.09211188524,8.09211188574,8.092111885671,8.092111885671,8.092111885671,8.092111885581,8.092111885581,8.092111885631,8.092111885631,8.092111885881,8.09211188564,8.09211188562,8.09211188562,8.09211188562,8.09211188564,8.09211188564,8.09211188534,8.09211188543,8.09211188543,8.09211188544,7.12294243984,7.12294243984,7.12294243944,7.12294244014,7.12294244014,7.12294243996,7.12294243996,7.12294243991,7.12294243991,7.12294243991,7.12294243996,7.12294243996,7.12294243996,7.12294243997,7.12294243997,7.12294244006,7.12294244006,7.12294243996,7.12294243996,7.12294243997,7.12294243997,7.12294243997,7.12294244014,7.12294244014,7.12294244014,6.23982009104,6.23982009106,6.23982009106,6.23982009104,6.23982009104,5.31605431003,5.31605431004,5.31605431004,5.31605431002,5.31605431004,5.31605430994,5.31605431054,5.31605431004,5.31605431008,5.31605431008,5.3160543101,5.31605431004,5.31605430984,5.31605430994,5.31605430994,5.31605431004,5.31605431004,5.31605431004,5.31605430994,5.31605430992,5.31605431002,5.31605430997,5.31605430997,5.31605430992,5.31605430992,5.31605430992,5.31605430992,5.31605430992,5.31605430992,5.31605430994,5.31605430994,5.31605430994,5.31605430994,5.23998565364,4.33348446024,3.17950461024,0.71962159254,0.6711536916,0
