accepted_species,estimate
Asperula_molluginoides,-0.34236186858877604
Galium_album,-0.3713314592439555
Galium_aparine,-0.3685893735687129
Galium_bolanderi,-0.35310718210912406
Galium_eriocarpum,-0.3477624071736234
Galium_labradoricum,-0.34776240717362383
Galium_mexicanum,-0.3713314592439574
Galium_odoratum,-0.36858937356871113
Galium_sylvaticum,-0.3708263884536851
Galium_tenuissimum,-0.3477624071736236
