accepted_species,0
Asperula_molluginoides,0.14668354734016442
Galium_album,0.14668354734016442
Galium_aparine,0.14668354734016442
Galium_bolanderi,-0.362210959100364
Galium_eriocarpum,0.14668354734016442
Galium_labradoricum,0.14668354734016442
Galium_mexicanum,0.14668354734016442
Galium_odoratum,0.14668354734016442
Galium_sylvaticum,0.14668354734016442
Galium_tenuissimum,0.14668354734016442
