accepted_species,0,1
Notopleura_perparva,0.8161194,0.18388061
Palicourea_brazaoi,0.8161194,0.18388061
Psychotria_simianensis,0.8161194,0.18388061
Palicourea_mansoana,0.8161194,0.18388061
Notopleura_humensis,0.8161194,0.18388061
Psychotria_louisii,0.8161194,0.18388061
Psychotria_aquatica,0.8161194,0.18388061
Eumachia_frutescens,0.8161194,0.18388061
Palicourea_garcioides,0.8161194,0.18388061
Rudgea_vincentina,0.8161194,0.18388061
