accepted_species,0,1
Notopleura_perparva,0.8859008,0.114099205
Palicourea_brazaoi,0.8859008,0.114099205
Psychotria_simianensis,0.8859008,0.114099205
Palicourea_mansoana,0.8859008,0.114099205
Notopleura_humensis,0.8859008,0.114099205
Psychotria_louisii,0.88445765,0.11554236
Psychotria_aquatica,0.88445765,0.11554236
Eumachia_frutescens,0.8859008,0.114099205
Palicourea_garcioides,0.8859008,0.114099205
Rudgea_vincentina,0.8859008,0.114099205
