accepted_species,estimate
t66,0.09269087762183562
t2,-0.24543946976535413
t37,-0.17010788481439765
t53,-0.1705348538493361
t35,0.4170571544098719
t61,-1.6275430723464819
t52,-1.6311294727294998
t76,0.24749594870843772
t82,0.09128099122475074
t1,0.039667834594519454
