accepted_species,0
t66,0.01372946406889536
t2,0.01372946406889536
t37,0.01372946406889536
t53,0.01372946406889536
t35,0.01372946406889536
t61,0.01372946406889536
t52,0.01372946406889536
t76,0.01372946406889536
t82,0.01372946406889536
t1,0.01372946406889536
