"accepted_species","estimate"
"t5",1.54187514411756
"t120",1.37923095664638
"t91",1.39904390633988
"t84",-0.551853007556628
"t40",-0.315818836777509
"t52",-0.256237516497158
"t118",-0.766961832716038
"t110",-0.671674887361846
"t111",-0.671674887361846
"t27",-0.0952398165168827
"t60",0.831558686500119
"t119",-1.84646485747577
"t135",-1.93675195781921
"t70",-0.178679483483814
