accepted_species,estimate
t5,1.6261164
t120,0.78928757
t91,1.3056369
t84,-0.34594896
t40,-0.05586655
t52,-0.27950954
t118,-0.76938677
t110,-1.0118698
t111,-0.98222375
t27,-0.30263966
t60,0.46412924
t119,-1.8441818
t135,-1.8705306
t70,0.13579789
