"accepted_species","0","1"
"t20",0.33608127296004,0.66391872703996
"t41",0.336653484105521,0.663346515894479
"t52",0.336653484105521,0.663346515894479
"t66",0.336067944492667,0.663932055507333
"t76",0.336318150384524,0.663681849615475
"t115",0.443412211636035,0.556587788363965
"t126",0.599575200636166,0.400424799363834
"t133",0.514695351958194,0.485304648041806
"t148",0.500277492352137,0.499722507647862
"t149",0.500277492352137,0.499722507647862
