accepted_species,0,1
t20,0.5991614,0.40083858
t41,0.4902777,0.5097223
t52,0.4902777,0.5097223
t66,0.21738899,0.782611
t76,0.6750627,0.32493728
t115,0.4902777,0.5097223
t126,0.6750627,0.32493728
t133,0.2679798,0.7320202
t148,0.582404,0.417596
t149,0.6750627,0.32493728
