accepted_species,estimate
t42,-0.9253681909791949
t43,-0.9759514805417675
t15,-0.4030016697728831
t100,0.13717128918532764
t49,0.4406788215399169
t28,0.3219973647832568
t38,0.5629685568657252
t16,-0.06990219121744178
t31,-0.04792670081600879
t20,0.33487076556869383
