"accepted_species","estimate"
"t42",-1.00468234090162
"t43",-1.00468234090162
"t15",-0.951851488502737
"t100",1.66979236815528
"t49",-0.00384885924174404
"t28",0.417722101478706
"t38",0.639720402945279
"t16",0.0144265833037749
"t31",0.0116447983573583
"t20",0.363699051042341
