"accepted_species","estimate"
"t42",-0.995055859262861
"t43",-0.995055859262861
"t15",-0.929629620684916
"t100",1.66905581677542
"t49",-0.0016602812888179
"t28",0.415619151394573
"t38",0.636736389585789
"t16",0.0161345973930079
"t31",0.0125849086637732
"t20",0.35762662160628
