accepted_species,0,1
t126,0.9875373,0.012462676
t38,0.9952587,0.004741319
t65,0.9790203,0.020979706
t21,0.99822044,0.0017795761
t74,0.9991743,0.0008257228
t47,0.9989798,0.0010202033
t59,0.011072874,0.9889271
t98,0.45137048,0.5486295
t72,0.0797227,0.9202773
t14,0.004123807,0.9958762
t5,0.03144294,0.96855706
t54,0.6976733,0.3023267
t52,0.6976733,0.3023267
t22,0.002542317,0.9974577
t137,0.18383336,0.81616664
