accepted_species,0,1
t126,0.99960697,0.0003930507
t38,0.9994142,0.00058577664
t65,0.9993606,0.00063938915
t21,0.9939608,0.0060392185
t74,0.998769,0.0012309948
t47,0.99803364,0.0019663807
t59,0.02998972,0.9700103
t98,0.3916968,0.6083032
t72,0.34801364,0.65198636
t14,0.005354047,0.99464595
t5,0.005847156,0.99415284
t54,0.72248065,0.27751938
t52,0.72248065,0.27751938
t22,0.0043007135,0.9956993
t137,0.033833325,0.9661667
