accepted_species,0,1
t126,0.94607407,0.053925935
t38,0.9505627,0.049437314
t65,0.99374354,0.0062564644
t21,0.98922396,0.010776024
t74,0.98510784,0.014892185
t47,0.993018,0.0069820546
t59,0.034296095,0.9657039
t98,0.23776323,0.7622368
t72,0.1769309,0.8230691
t14,0.09212166,0.90787834
t5,0.11961818,0.8803818
t54,0.27487808,0.7251219
t52,0.18448842,0.8155116
t22,0.0758602,0.9241398
t137,0.31801695,0.68198305
