accepted_species,estimate
t30,-0.04505365730416321
t81,0.8128372169209347
t82,0.8396222953786615
t49,0.7114615089800519
t44,0.48036449143775173
t23,0.7036626761575208
t73,0.5075106952421039
t88,0.37623287478927836
t18,0.40439420599674014
t19,0.4493826351793003
