accepted_species,estimate
t30,0.45732886
t81,0.45732886
t82,0.45732886
t49,0.45732886
t44,0.31086084
t23,0.31086084
t73,0.31086084
t88,0.48724115
t18,0.7185501
t19,0.7185501
