accepted_species,0
t97,-0.9467093829756547
t90,-2.027515192086477
t1,
t43,0.47315932193501914
t18,0.7575388307650652
t85,-0.4359971806009411
t86,-0.4359971806009411
t69,0.05933980099477591
t75,-0.979676104031819
t82,-1.028273638432323
