accepted_species,estimate
t64,-0.7839213803064524
t96,-1.1999213584189197
t42,-1.1484020711204588
t93,0.156965593939165
t40,-0.3419629523200793
t97,-0.7029328569099493
t68,-0.73550642661171
t67,0.10444149406002205
t88,2.1845908040501425
t84,2.004735215645488
