accepted_species,0
t64,-0.015274366961780004
t96,-1.4017657179084633
t42,-0.015274366961780004
t93,0.9166616487140661
t40,-0.015274366961780004
t97,-0.4299654486972374
t68,-0.015274366961780004
t67,-0.015274366961780004
t88,2.31920522921343
t84,2.31920522921343
