accepted_species,estimate
t64,-0.9281597
t96,-1.201031
t42,-1.3895309
t93,0.63244134
t40,-0.31794772
t97,-0.5008162
t68,-0.5008162
t67,-0.40315312
t88,2.3359041
t84,2.3359041
