accepted_species,estimate
Alstonia_spectabilis,0.5834545156407995
Carissa_macrocarpa,0.4618080189095944
Coprosma_lucida,-0.09881142749018637
Coussarea_contracta,-0.021681630480755908
Gentiana_scabra,-0.4263461596706791
Guettarda_elliptica,-0.2287076091868905
Hoya_australis,-0.38925523304069
Randia_thurberi,0.9620940598720671
Tabernaemontana_siphilitica,0.3769471951954527
Timonius_wallichianus,-0.19832084276528564
