accepted_species,estimate
Alstonia_spectabilis,0.45308886758880906
Carissa_macrocarpa,0.27690538406259746
Coprosma_lucida,-0.09280112752862368
Coussarea_contracta,-0.012815841912113737
Gentiana_scabra,-0.4105223864982554
Guettarda_elliptica,-0.28588299108696497
Hoya_australis,-0.04368681249018886
Randia_thurberi,0.8479770458675212
Tabernaemontana_siphilitica,0.40451006800796174
Timonius_wallichianus,-0.25296934799114135
