accepted_species,0,1
sp8,0.909359276242491,0.09064072375750895
sp10,0.9086494485746189,0.0913505514253811
sp28,0.9078452368165918,0.09215476318340825
sp44,0.9091103723711474,0.09088962762885255
sp54,0.9084154717928585,0.09158452820714148
sp62,0.9071787753785099,0.09282122462149008
sp79,0.9079960770458553,0.09200392295414468
sp84,0.9073653902536549,0.09263460974634506
sp95,0.9075729335442361,0.09242706645576397
sp110,0.9066904581102213,0.0933095418897787
