accepted_species,0,1
sp8,0.9111111111111111,0.08888888888888889
sp10,0.9111111111111111,0.08888888888888889
sp28,0.9111111111111111,0.08888888888888889
sp44,0.9111111111111111,0.08888888888888889
sp54,0.9111111111111111,0.08888888888888889
sp62,0.9111111111111111,0.08888888888888889
sp79,0.9111111111111111,0.08888888888888889
sp84,0.0,1.0
sp95,1.0,0.0
sp110,1.0,0.0
