accepted_species,0,1
sp8,0.96446544,0.03553455
sp10,0.9662212,0.033778768
sp28,0.9738275,0.026172543
sp44,0.9417571,0.05824289
sp54,0.9750253,0.024974706
sp62,0.49704486,0.50295514
sp79,0.97591347,0.024086518
sp84,0.97179085,0.028209124
sp95,0.9514417,0.04855831
sp110,0.9490984,0.050901573
