accepted_species,0,1
sp8,0.9116141,0.088385865
sp10,0.9083437,0.09165636
sp28,0.9112462,0.08875384
sp44,0.91077924,0.089220755
sp54,0.91328955,0.08671042
sp62,0.90450644,0.095493525
sp79,0.9055601,0.09443993
sp84,0.9031757,0.09682426
sp95,0.9072177,0.09278232
sp110,0.91087884,0.08912118
