accepted_species,0,1
t12,0.9681902,0.03180982
t30,0.99680257,0.0031974504
t81,0.9976385,0.002361474
t61,0.37787312,0.6221269
t97,0.9916788,0.008321199
t94,0.9806809,0.019319091
t132,0.98299664,0.017003337
t33,0.8750074,0.12499258
t71,0.9680116,0.031988375
t42,0.4560954,0.5439046
t53,0.7727908,0.22720923
t51,0.391037,0.608963
t27,0.99841005,0.001589938
t124,0.9900918,0.009908191
