accepted_species,estimate
t59,-1.5376563
t18,-1.5189631
t23,0.05043076
t52,-0.11132429
t67,-0.6144606
t56,-0.24154788
t32,-0.18330516
t20,-0.69016814
t24,0.5249379
t97,-0.4116015
