accepted_species,0,1
Gaertnera_sralensis,0.9386922,0.061307766
Oldenlandia_adscensionis,0.94312084,0.056879155
Swertia_fasciculata,0.8529495,0.14705053
Ditassa_tamayoi,0.8884588,0.111541204
Cynanchum_folotsioides,0.88699156,0.113008425
Psychotria_janssensii,0.9377611,0.06223885
Galium_×_lindbergii,0.9437378,0.05626218
Psychotria_shaferi,0.9377611,0.06223885
Hoya_brevialata,0.9067466,0.093253374
Hoya_ranauensis,0.9067466,0.093253374
