accepted_species,estimate
t8,0.20158132574447207
t46,0.46940779977399427
t94,0.4814737031257385
t6,-0.025998384558635727
t45,0.21385053472263998
t37,-1.5903940392088853
t28,-1.7505184278117145
t17,-1.6924470766253565
t75,-0.030676347664804385
t49,-0.020646990109633313
