"accepted_species","0","1"
"t213",0.104086712543802,0.895913287456198
"t249",0.104086712526711,0.895913287473289
"t269",0.104086495478741,0.895913504521259
"t148",0.104086712543802,0.895913287456198
"t154",0.104086712543802,0.895913287456198
"t268",0.104087417977047,0.895912582022953
"t281",0.106654199595576,0.893345800404424
"t114",0.104086712543802,0.895913287456198
"t159",0.104086712543802,0.895913287456198
"t167",0.104086712543802,0.895913287456198
