accepted_species,0,1
t92,0.06807214602652478,0.9319278539734752
t93,0.06806127868261969,0.9319387213173803
t96,0.06803720881426134,0.9319627911857387
t102,0.06808989003229526,0.9319101099677047
t103,0.06795657733464822,0.9320434226653518
t111,0.06810068157766003,0.93189931842234
t114,0.06819490439727383,0.9318050956027262
t117,0.06822624055404758,0.9317737594459524
t132,0.06821702677178765,0.9317829732282124
t133,0.06821697940488425,0.9317830205951158
