accepted_species,0,1
t92,0.79258997199352,0.20741002800647998
t119,0.9401677195525894,0.059832280447410575
t127,0.950943643610287,0.04905635638971296
t133,0.9282634562490208,0.0717365437509791
t139,0.8729155205384932,0.12708447946150683
t140,0.8745676376535515,0.12543236234644853
t141,0.9583338052016723,0.04166619479832767
t143,0.9316109407640725,0.0683890592359275
t164,0.9533468488310229,0.04665315116897703
t165,0.9341848118786225,0.06581518812137752
