"accepted_species","0","1"
"t213","0.0037221208683001","0.9962778791317"
"t249","0.000306266314830892","0.999693733685169"
"t269","0.00181211605482245","0.998187883945178"
"t148","0.00484610408804034","0.99515389591196"
"t154","0.00432795934429244","0.995672040655708"
"t268","0.859702392048919","0.140297607951081"
"t281","0.941516884671567","0.0584831153284333"
"t114","0.271851504195146","0.728148495804854"
"t159","0.271851504195146","0.728148495804854"
"t167","0.271851504195146","0.728148495804854"
