accepted_species,0,1
t92,0.07149345,0.92850655
t93,0.068829894,0.9311701
t96,0.069523275,0.9304767
t102,0.069523275,0.9304767
t103,0.068829894,0.9311701
t111,0.06977308,0.9302269
t114,0.068829894,0.9311701
t117,0.068829894,0.9311701
t132,0.07079965,0.92920035
t133,0.07079965,0.92920035
