accepted_species,0,1
t92,0.05920756,0.94079244
t93,0.05920756,0.94079244
t96,0.05920756,0.94079244
t102,0.05920756,0.94079244
t103,0.05920756,0.94079244
t111,0.059769034,0.94023097
t114,0.059769034,0.94023097
t117,0.059769034,0.94023097
t132,0.059769034,0.94023097
t133,0.059769034,0.94023097
