accepted_species,0,1
t84,0.3005719605548526,0.6994280394451474
t108,0.3005293726472271,0.6994706273527729
t113,0.3005453406041054,0.6994546593958946
t114,0.30059546918753366,0.6994045308124663
t115,0.3005100427068561,0.6994899572931439
t133,0.3006185546064227,0.6993814453935773
t141,0.30063994999657007,0.6993600500034299
t142,0.300661445357988,0.699338554642012
t145,0.3005699185343056,0.6994300814656944
t157,0.30053104642709694,0.6994689535729031
