accepted_species,0,1
t84,0.16840052322624177,0.8315994767737582
t108,0.1499079578309872,0.8500920421690128
t113,0.16536307553981855,0.8346369244601815
t114,0.12864470966929176,0.8713552903307082
t115,0.13638766896059873,0.8636123310394013
t133,0.15654267596717963,0.8434573240328204
t141,0.1728047598991559,0.8271952401008441
t142,0.16680065290147494,0.8331993470985251
t145,0.14456175517290992,0.8554382448270901
t157,0.16047248259708802,0.839527517402912
