accepted_species,0,1
t142,0.2424666556580657,0.7575333443419343
t159,0.33836361918682045,0.6616363808131795
t190,0.44836650317456417,0.5516334968254358
t191,0.42664346580858836,0.5733565341914116
t194,0.23635369985939247,0.7636463001406075
t215,0.26338188606261126,0.7366181139373887
t216,0.2602675000142566,0.7397324999857434
t220,0.2710710400596107,0.7289289599403893
t231,0.2576890740790335,0.7423109259209665
t232,0.2686156234402377,0.7313843765597623
