accepted_species,0,1
t84,0.30000000000000004,0.7
t108,0.30000000000000004,0.7
t113,0.30000000000000004,0.7
t114,0.30000000000000004,0.7
t115,0.30000000000000004,0.7
t133,0.30000000000000004,0.7
t141,0.30000000000000004,0.7
t142,0.30000000000000004,0.7
t145,0.30000000000000004,0.7
t157,0.0,1.0
