"accepted_species","0","1"
"t84","0.574855528868056","0.425144471131944"
"t108","0.66054097538128","0.33945902461872"
"t113","0.146722292518725","0.853277707481275"
"t114","0.782966286614962","0.217033713385038"
"t115","0.782966286614962","0.217033713385038"
"t133","0.574855528868056","0.425144471131944"
"t141","0.574855528868056","0.425144471131944"
"t142","0.574855528868056","0.425144471131944"
"t145","0.723694232585002","0.276305767414998"
"t157","0.0345922401328695","0.96540775986713"
