accepted_species,0,1
t84,0.39369822,0.6063018
t108,0.39369822,0.6063018
t113,0.19190085,0.80809915
t114,0.19190085,0.80809915
t115,0.39369822,0.6063018
t133,0.39369822,0.6063018
t141,0.39369822,0.6063018
t142,0.39369822,0.6063018
t145,0.19190085,0.80809915
t157,0.19190085,0.80809915
