accepted_species,0,1
t14,0.4978541374922647,0.5021458625077353
t27,0.6513814695787269,0.3486185304212731
t33,0.42701884196624085,0.5729811580337592
t39,0.5644852241190983,0.43551477588090176
t48,0.6689847343461305,0.3310152656538695
t58,0.620770594370367,0.3792294056296331
t72,0.5989407303751954,0.40105926962480465
t86,0.49354288695310544,0.5064571130468946
t91,0.6263617484119122,0.3736382515880878
t113,0.5257908733578951,0.47420912664210496
