accepted_species,0,1
t14,0.5387977215252213,0.46120227847477874
t27,0.5450741535491158,0.4549258464508842
t33,0.5471017248027716,0.4528982751972283
t39,0.5467952730984937,0.4532047269015062
t48,0.5436040291349384,0.45639597086506156
t58,0.5471797003258045,0.45282029967419546
t72,0.5448881663109999,0.45511183368900004
t86,0.5387550616871424,0.4612449383128576
t91,0.5471387617749729,0.4528612382250271
t113,0.546522983659498,0.453477016340502
