accepted_species,0,1
t14,0.42529416,0.57470584
t27,0.5003631,0.49963692
t33,0.43832755,0.56167245
t39,0.64027596,0.35972404
t48,0.7305739,0.2694261
t58,0.62182856,0.37817144
t72,0.5852182,0.4147818
t86,0.4234498,0.5765502
t91,0.46747035,0.53252965
t113,0.4493131,0.5506869
