accepted_species,0,1
t159,0.76735574,0.23264425
t198,0.7793862,0.22061379
t220,0.76735574,0.23264425
t238,0.76735574,0.23264425
t244,0.7793862,0.22061379
t249,0.7793862,0.22061379
t257,0.7793862,0.22061379
t261,0.76735574,0.23264425
t269,0.76735574,0.23264425
t290,0.7793862,0.22061379
