accepted_species,0,1
t159,0.57584816,0.42415184
t198,0.77910054,0.22089943
t220,0.70935357,0.29064643
t238,0.76178163,0.23821837
t244,0.7364433,0.26355672
t249,0.8344784,0.16552159
t257,0.69000137,0.30999863
t261,0.7632469,0.23675309
t269,0.58451974,0.41548023
t290,0.8290005,0.1709995
