accepted_species,0,1
t14,0.6626711,0.33732888
t27,0.76632595,0.23367403
t33,0.60955644,0.39044356
t39,0.709298,0.290702
t48,0.99016905,0.009830979
t58,0.13726676,0.86273324
t72,0.9101723,0.08982772
t86,0.6371118,0.36288822
t91,0.9250479,0.074952155
t113,0.19824266,0.80175734
