accepted_species,0,1
t159,0.94388413,0.056115888
t198,0.9589984,0.041001603
t220,0.9212044,0.07879563
t238,0.64191437,0.3580856
t244,0.9526074,0.04739259
t249,0.94989103,0.05010898
t257,0.7970674,0.20293263
t261,0.2223525,0.7776475
t269,0.08043563,0.91956437
t290,0.9806793,0.019320726
