accepted_species,0,1
sp76,0.5644601607283157,0.4355398392716843
sp129,0.18341661976160295,0.816583380238397
sp130,0.08100503843034523,0.9189949615696548
sp171,0.3086776834505254,0.6913223165494746
sp173,0.18186051480644705,0.818139485193553
sp176,0.3822850145530634,0.6177149854469366
sp181,0.03662455369017725,0.9633754463098227
sp187,0.5346132814472064,0.46538671855279357
sp194,0.5061074629423383,0.49389253705766173
sp205,0.5113793790152059,0.4886206209847941
