accepted_species,0,1
sp76,0.4111111111111111,0.5888888888888889
sp129,0.4111111111111111,0.5888888888888889
sp130,0.4111111111111111,0.5888888888888889
sp171,0.4111111111111111,0.5888888888888889
sp173,0.4111111111111111,0.5888888888888889
sp176,0.4111111111111111,0.5888888888888889
sp181,0.0,1.0
sp187,0.0,1.0
sp194,1.0,0.0
sp205,1.0,0.0
