accepted_species,0,1
sp76,0.7447428,0.2552572
sp129,0.0136864185,0.9863136
sp130,0.10582411,0.8941759
sp171,0.23740792,0.7625921
sp173,0.8430973,0.1569027
sp176,0.10582411,0.8941759
sp181,0.0055109262,0.9944891
sp187,0.22616154,0.77383846
sp194,0.065439165,0.93456084
sp205,0.065439165,0.93456084
