accepted_species,0,1
t57,0.4444444444444444,0.5555555555555556
t36,0.4444444444444444,0.5555555555555556
t30,0.4444444444444444,0.5555555555555556
t46,0.4444444444444444,0.5555555555555556
t47,0.4444444444444444,0.5555555555555556
t38,0.4444444444444444,0.5555555555555556
t86,0.0,1.0
t14,0.4444444444444444,0.5555555555555556
t23,0.4444444444444444,0.5555555555555556
t5,0.4444444444444444,0.5555555555555556
