"accepted_species","0","1"
"t57","0.668169792706068","0.331830207293932"
"t36","0.579839075447271","0.420160924552729"
"t30","0.427373953871784","0.572626046128216"
"t46","0.427014765844855","0.572985234155145"
"t47","0.427014765844855","0.572985234155145"
"t38","0.427014765844855","0.572985234155145"
"t86","0.146333526006233","0.853666473993767"
"t14","0.49186131900157","0.50813868099843"
"t23","0.49186131900157","0.50813868099843"
"t5","0.49186131900157","0.50813868099843"
