accepted_species,0,1
sp50,0.688696774809813,0.31130322519018705
sp79,0.681147701904488,0.318852298095512
sp95,0.6829240195310518,0.3170759804689482
sp114,0.6889119562652772,0.3110880437347227
sp133,0.6916635738421343,0.3083364261578657
sp135,0.6890339369326317,0.3109660630673683
sp142,0.6892008444801192,0.3107991555198808
sp144,0.6914139070641537,0.30858609293584627
sp154,0.6918921101145064,0.30810788988549365
sp168,0.6803238973101537,0.31967610268984625
