accepted_species,0,1
sp50,0.6888888888888889,0.3111111111111111
sp79,0.6888888888888889,0.3111111111111111
sp95,0.6888888888888889,0.3111111111111111
sp114,0.6888888888888889,0.3111111111111111
sp133,0.6888888888888889,0.3111111111111111
sp135,0.6888888888888889,0.3111111111111111
sp142,0.6888888888888889,0.3111111111111111
sp144,0.6888888888888889,0.3111111111111111
sp154,0.0,1.0
sp168,1.0,0.0
