accepted_species,0,1
sp50,0.90888315,0.091116846
sp79,0.13465303,0.86534697
sp95,0.75494397,0.24505606
sp114,0.7145898,0.28541023
sp133,0.85862017,0.14137985
sp135,0.71290755,0.28709245
sp142,0.2736326,0.7263674
sp144,0.9689625,0.031037504
sp154,0.13373035,0.86626965
sp168,0.9071731,0.09282688
