"accepted_species","estimate"
"t33",-0.268946298692445
"t34",-0.268946298692445
"t21",-0.161932520878397
"t22",-0.161932520878397
"t42",0.202199720963959
"t70",-0.286260296979871
"t86",-0.485537527429721
"t75",-2.12182957128814
"t56",-1.75391550574781
"t24",-0.736835099313708
