accepted_species,estimate
t33,-0.63872963
t34,-0.9844006
t21,0.5933707
t22,-0.45160174
t42,-0.062075946
t70,-0.59309703
t86,-0.46409842
t75,-1.9843354
t56,-1.9292418
t24,-0.5287519
