"accepted_species","estimate"
"t72",0.390213462586672
"t73",0.390213462586672
"t6",0.222591566384458
"t90",-0.330788644371214
"t26",-0.5962433075836
"t81",-0.260395362114139
"t50",-1.05381189708079
"t29",-1.05603715170852
"t14",-0.279525876325391
"t10",0.638350004240132
