accepted_species,estimate
t72,1.0636792
t73,1.0636792
t6,0.60433084
t90,-0.3560784
t26,-0.6412568
t81,-0.22560377
t50,-0.60481644
t29,-1.0367631
t14,-0.23625065
t10,0.5929941
