accepted_species,0,1
sp40,0.977561374821231,0.02243862517876909
sp57,0.9776891300970242,0.022310869902975806
sp90,0.977633926933512,0.022366073066487958
sp103,0.9775448642015542,0.022455135798445793
sp104,0.9776801107011031,0.022319889298896962
sp126,0.9776900412479435,0.0223099587520565
sp128,0.9778407046099606,0.022159295390039344
sp133,0.9778976347729559,0.022102365227044115
sp134,0.977795152409621,0.022204847590378968
sp135,0.9777951554758132,0.02220484452418679
