accepted_species,0,1
sp40,0.9776003405427924,0.02239965945720752
sp57,0.9775852307500265,0.022414769249973553
sp90,0.9777766405314605,0.022223359468539455
sp103,0.9775860591377034,0.022413940862296693
sp104,0.9777904908693142,0.02220950913068573
sp126,0.9775763478775413,0.022423652122458632
sp128,0.9777858707326013,0.022214129267398727
sp133,0.9777894333320725,0.022210566667927513
sp134,0.9777565779929391,0.022243422007060896
sp135,0.9777565779929391,0.022243422007060896
