accepted_species,0,1
t88,0.0662815,0.9337185
t146,0.0662815,0.9337185
t79,0.33852458,0.6614754
t65,0.010743737,0.98925626
t135,0.010069609,0.9899304
t42,0.14560151,0.8543985
t128,0.020151913,0.9798481
t166,0.020151913,0.9798481
t59,0.11167908,0.8883209
t143,0.78968865,0.21031135
t117,0.777927,0.222073
t113,0.777927,0.222073
t74,0.00013661385,0.9998634
t104,0.00022274256,0.99977726
t149,0.00022274256,0.99977726
t9,0.00034868717,0.9996513
