accepted_species,0
t30,
t49,1.28689495107558
t32,
t36,
t7,
t70,-0.417011910255164
t76,1.3656243902583507
t11,
t92,-1.28272337331861
t75,1.02861543891023
