"accepted_species","0","1"
"t57",0.500606811994361,0.499393188005639
"t89",0.492901897437095,0.507098102562905
"t103",0.508610801711114,0.491389198288886
"t104",0.499999592887917,0.500000407112083
"t114",0.471169581530584,0.528830418469416
"t117",0.49999999456924,0.50000000543076
"t118",0.619198876755605,0.380801123244395
"t136",0.303683471617799,0.696316528382201
"t150",0.191946340902252,0.808053659097748
"t165",0.00158238162991372,0.998417618370086
