accepted_species,0,1
t57,0.6429587036866805,0.3570412963133195
t89,0.44864571693729416,0.5513542830627058
t103,0.4568195166235194,0.5431804833764806
t104,0.6239344882622022,0.37606551173779784
t114,0.31092889146883995,0.68907110853116
t117,0.7044613671603916,0.2955386328396083
t118,0.5418980400230952,0.45810195997690484
t136,0.41244355206205074,0.5875564479379493
t150,0.43984775217564676,0.5601522478243532
t165,0.3043375888935891,0.6956624111064109
