accepted_species,0,1
t57,0.62463033,0.37536964
t89,0.5401492,0.45985082
t103,0.42236418,0.5776358
t104,0.5362804,0.4637196
t114,0.43450654,0.56549346
t117,0.6140647,0.3859353
t118,0.6268747,0.3731253
t136,0.31447786,0.68552214
t150,0.31447786,0.68552214
t165,0.42499334,0.57500666
