accepted_species,estimate
t48,-0.9788216993440074
t89,-0.9814010325972868
t81,-1.0381505647703508
t64,-0.14875994961151023
t56,-0.11011881119304748
t61,-0.3915271041911388
t4,-0.3271977245352258
t82,0.1938617112020411
t2,-0.18936620735043413
t20,-0.5831947678567914
