accepted_species,estimate
t48,-0.737612593304988
t89,-0.5008052431132819
t81,-0.9463388652037359
t64,-0.450903556755019
t56,-0.3594928908683778
t61,-0.8584590012583522
t4,-0.2911404701410351
t82,-0.41371432833573446
t2,0.3315907187917904
t20,0.014975936388734547
