accepted_species,estimate
t48,-0.8117105129994665
t89,-1.0686533247924406
t81,-1.0983756865648218
t64,-0.1388830985022075
t56,-0.14079968590791217
t61,-0.8402116666531179
t4,-0.20711362093334515
t82,-0.07815671918581937
t2,-0.10951773593331865
t20,0.15435450018913052
