"accepted_species","estimate"
"t48",-0.980474054376148
"t89",-1.07970204482522
"t81",-0.939692995926871
"t64",-0.0593976187465611
"t56",-0.0674293975342157
"t61",-0.994029339022364
"t4",-0.0794939175806588
"t82",0.182862901854894
"t2",-0.267160548951469
"t20",-0.103311522239545
