accepted_species,0,1
sp83,0.05599587617525592,0.9440041238247441
sp94,0.05727446075112497,0.942725539248875
sp147,0.024590852289743337,0.9754091477102567
sp153,0.05024224300033797,0.949757756999662
sp176,0.05024224300033797,0.949757756999662
sp192,0.024590852289743337,0.9754091477102567
sp194,0.02361372124437966,0.9763862787556203
sp195,0.02361372124437966,0.9763862787556203
sp220,0.02265946707502542,0.9773405329249746
sp221,0.02265946707502542,0.9773405329249746
