accepted_species,estimate
t76,-1.3534461100684585
t71,-1.2109788097683036
t72,-1.1864699413105229
t43,-0.9003815658961396
t11,-1.7079739653040396
t91,-2.0404944188123144
t92,-1.8638420398350222
t99,-1.9096654169953506
t100,-2.1168735680392796
t8,-1.9232321646641597
