"accepted_species","estimate"
"t76",-1.02669574253605
"t71",-0.957587276880013
"t72",-0.957587276880013
"t43",-0.956437317674838
"t11",-0.768015122666109
"t91",-0.65542103751861
"t92",-0.65542103751861
"t99",-0.65542103751861
"t100",-0.65542103751861
"t8",-0.65542103751861
