accepted_species,0
Aspidosperma_polyneuron,-0.0019961621402187005
Coffea_congensis,-0.0019961621402187005
Coprosma_foetidissima,-0.0019961621402187005
Coprosma_propinqua,-0.0019961621402187005
Gentianella_campestris,-0.421396460863986
Isertia_haenkeana,-0.0019961621402187005
Knoxia_sumatrensis,-0.0019961621402187005
Plumeria_rubra,-0.0019961621402187005
Spermacoce_brachystema,-0.0019961621402187005
Tabernaemontana_sananho,-0.0019961621402187005
