accepted_species,estimate
t40,0.5714187
t41,0.5714187
t22,0.15916348
t23,0.15916348
t24,-0.070991434
t49,-0.17255315
t68,-0.17255315
t69,-0.17255315
t76,-0.17255315
t77,-0.17255315
