accepted_species,0,1
t43,0.8393523664679614,0.16064763353203856
t36,0.8887922633078327,0.11120773669216735
t54,0.8336927535164372,0.16630724648356277
t28,0.8560725128360454,0.1439274871639547
t58,0.25247677802449686,0.7475232219755031
t59,0.27206505251001645,0.7279349474899836
t84,0.2670133459286078,0.7329866540713922
t16,0.23670931862667377,0.7632906813733262
t41,0.25054432515510816,0.7494556748448918
t21,0.1938195178309492,0.8061804821690508
