accepted_species,0,1
t43,0.7796995103207696,0.2203004896792304
t36,0.8159609094361427,0.18403909056385725
t54,0.8687773079527653,0.1312226920472347
t28,0.6889289056655438,0.31107109433445623
t58,0.6461419332155087,0.3538580667844912
t59,0.6355978912089377,0.3644021087910622
t84,0.4919432927236296,0.5080567072763704
t16,0.44367405547381944,0.5563259445261806
t41,0.695472033646493,0.30452796635350704
t21,0.1406756655834127,0.8593243344165873
