"accepted_species","0","1"
"t43","0.979771386693703","0.0202286133062973"
"t36","0.696205566226855","0.303794433773145"
"t54","0.999934414993463","6.55850065365566e-05"
"t28","0.986155316883937","0.0138446831160635"
"t58","0.951130714929995","0.0488692850700051"
"t59","0.951130714929995","0.0488692850700051"
"t84","0.998530787225931","0.00146921277406872"
"t16","0.989562785947135","0.0104372140528649"
"t41","0.98251255139725","0.0174874486027502"
"t21","0.00477418572483298","0.995225814275167"
