accepted_species,0,1
t43,0.88794196,0.11205804
t36,0.8618454,0.1381546
t54,0.9851052,0.014894758
t28,0.98082626,0.01917372
t58,0.6320172,0.3679828
t59,0.5911748,0.40882522
t84,0.77327,0.22673002
t16,0.76913065,0.23086934
t41,0.9619188,0.038081203
t21,0.040937364,0.95906264
