accepted_species,0,1
t86,0.21225938241760423,0.7877406175823958
t53,0.23209636252417265,0.7679036374758273
t89,0.9643942355410585,0.03560576445894148
t67,0.8034032417133052,0.1965967582866947
t34,0.7603679790861383,0.23963202091386174
t73,0.6020522515640616,0.39794774843593844
t47,0.7594997535174381,0.24050024648256185
t45,0.5499095446581206,0.45009045534187936
t95,0.4500700134636928,0.5499299865363072
t96,0.44883004287328987,0.5511699571267101
