accepted_species,0,1
t86,0.4164678809712592,0.5835321190287408
t53,0.330374447109978,0.669625552890022
t89,0.8636599167706238,0.13634008322937613
t67,0.728451210548115,0.271548789451885
t34,0.7664390927495494,0.23356090725045064
t73,0.6316742038097927,0.3683257961902074
t47,0.7550891821353126,0.24491081786468735
t45,0.622753178567948,0.377246821432052
t95,0.3854849054067929,0.6145150945932071
t96,0.3854849054067929,0.6145150945932071
