accepted_species,0,1
t86,0.2989210402576795,0.7010789597423205
t53,0.16052858981457696,0.839471410185423
t89,0.9382730549331558,0.06172694506684415
t67,0.8407534441129443,0.15924655588705575
t34,0.8062639610370982,0.1937360389629018
t73,0.7118536710168837,0.28814632898311626
t47,0.7681780985515304,0.2318219014484696
t45,0.4484854274515012,0.5515145725484988
t95,0.48705168131421905,0.512948318685781
t96,0.390454004082869,0.609545995917131
