accepted_species,0,1
t86,1.0,0.0
t53,0.0,1.0
t89,1.0,0.0
t67,1.0,0.0
t34,1.0,0.0
t73,0.9855448211678965,0.01445517883210342
t47,0.05372138502726387,0.9462786149727361
t45,1.0,0.0
t95,0.24999999999643496,0.750000000003565
t96,0.24999999999643496,0.750000000003565
