accepted_species,0,1
t94,0.7833149731298721,0.21668502687012792
t6,0.9242388554869887,0.07576114451301126
t86,0.923220715461758,0.07677928453824202
t89,0.8661132786188926,0.13388672138110735
t90,0.8732311020996721,0.12676889790032791
t80,0.9223137408716099,0.07768625912839013
t1,0.5988899640994432,0.40111003590055677
t13,0.3448644257187935,0.6551355742812065
t9,0.743099785103573,0.256900214896427
t7,0.8206867569076988,0.1793132430923013
