accepted_species,estimate
t71,1.5296093836740599
t47,-1.073927452916728
t69,-0.10552831335191777
t75,0.136286922086931
t17,-0.40649544443145785
t50,-0.9282386339845261
t62,-0.1952688404223843
t6,-0.5050973008241606
t14,-0.02811817058529127
t15,-0.4915011643325357
