"accepted_species","estimate"
"t71",1.75989325252453
"t47",-0.602599773127836
"t69",-0.0780665789083026
"t75",0.131903374522718
"t17",-0.0644274783114817
"t50",-0.806470246204251
"t62",0.20481294686771
"t6",-0.25850830932081
"t14",-0.430307006969858
"t15",-0.430307006969858
