accepted_species,estimate
t71,1.7604122
t47,-0.6923231
t69,-0.04417615
t75,-0.12268663
t17,-0.063531086
t50,-0.622388
t62,0.04898529
t6,-0.29059818
t14,-0.813919
t15,-0.41191688
