accepted_species,estimate
t71,1.9371688
t47,-0.6778295
t69,0.6634699
t75,0.053892337
t17,0.6720365
t50,-0.5381137
t62,0.12244579
t6,-0.63762367
t14,-0.59799737
t15,-0.6499767
