accepted_species,estimate
t61,-0.4069986937123848
t62,-0.28092947845936267
t63,-0.3412831552028081
t121,-0.17660813520056906
t76,-0.209682062898997
t33,-0.14014338477014002
t81,-0.13378327726825198
t123,0.2141001878797816
t124,0.20261885561612047
t125,0.20888802863168127
t51,0.16648993829286945
t35,0.011955466704015452
t8,-1.0554902949233211
