accepted_species,0,1
t3,0.0351283072566988,0.9648716927433012
t72,0.9976434595145003,0.0023565404854997436
t73,0.9963386059310421,0.0036613940689579805
t77,0.9964532053443728,0.003546794655627287
t84,0.9534929135450348,0.04650708645496513
t36,0.990139597250559,0.00986040274944105
t10,0.9693396442146565,0.03066035578534353
t93,0.9997543123002995,0.0002456876997004954
t65,0.8919342815330423,0.10806571846695769
t24,0.6184200224384035,0.3815799775615964
