accepted_species,0,1
t3,,
t72,,
t73,,
t77,1.0,0.0
t84,0.9224669066558313,0.07753309334416868
t36,,
t10,,
t93,1.0,0.0
t65,1.0,0.0
t24,,
