accepted_species,0,1
t3,0.7894616,0.2105384
t72,0.8910532,0.10894681
t73,0.8910532,0.10894681
t77,0.9041656,0.09583439
t84,0.89793766,0.102062374
t36,0.85987544,0.14012459
t10,0.88604236,0.113957666
t93,0.8624668,0.13753317
t65,0.8467576,0.15324241
t24,0.83250505,0.16749495
