accepted_species,0,1
sp54,0.43571687,0.56428313
sp57,0.9055066,0.09449337
sp71,0.5091916,0.49080843
sp85,0.5236761,0.4763239
sp124,0.9073199,0.092680074
sp128,0.2669351,0.7330649
sp136,0.94405943,0.055940565
sp147,0.38735443,0.61264557
sp159,0.8860438,0.11395618
sp167,0.88506925,0.11493073
