accepted_species,0,1
t25,0.4751421792534182,0.5248578207465818
t31,0.3744876672966372,0.6255123327033628
t37,0.3846587439694342,0.6153412560305658
t45,0.4941882839806011,0.5058117160193989
t54,0.6361132848209561,0.363886715179044
t56,0.7609811934941573,0.2390188065058427
t62,0.4848217961815141,0.5151782038184859
t100,0.7733468102494693,0.22665318975053073
t117,0.4369223413637745,0.5630776586362255
t132,0.1376402917192152,0.8623597082807848
