accepted_species,0,1
t45,0.48851406001343467,0.5114859399865653
t87,0.2908971634923495,0.7091028365076505
t89,0.20772276950319324,0.7922772304968068
t93,0.330344161384306,0.669655838615694
t97,0.30548639802681166,0.6945136019731883
t107,0.3237264907462124,0.6762735092537876
t111,0.5050711860537784,0.4949288139462215
t144,0.21916389291959437,0.7808361070804056
t152,0.30781742517487254,0.6921825748251275
t160,0.30788523672353896,0.692114763276461
