accepted_species,0,1
t45,0.49444952903593664,0.5055504709640634
t87,0.2843235831586227,0.7156764168413773
t89,0.13683225525605403,0.863167744743946
t93,0.38136978108291375,0.6186302189170862
t97,0.3625205569424128,0.6374794430575872
t107,0.2853273557736281,0.7146726442263719
t111,0.7096734843956246,0.2903265156043754
t144,0.1150950122147133,0.8849049877852867
t152,0.4082108162431378,0.5917891837568622
t160,0.3054868871792814,0.6945131128207186
