accepted_species,0,1
t25,0.4222222222222223,0.5777777777777777
t31,0.4222222222222223,0.5777777777777777
t37,0.4222222222222223,0.5777777777777777
t45,0.4222222222222223,0.5777777777777777
t54,0.4222222222222223,0.5777777777777777
t56,0.4222222222222223,0.5777777777777777
t62,0.4222222222222223,0.5777777777777777
t100,0.0,1.0
t117,0.0,1.0
t132,0.0,1.0
