"accepted_species","0","1"
"t25","0.513815158769021","0.486184841230979"
"t31","0.443623266719133","0.556376733280867"
"t37","0.508769553727636","0.491230446272364"
"t45","0.551957803687421","0.448042196312579"
"t54","0.60541801934621","0.39458198065379"
"t56","0.609057455139767","0.390942544860233"
"t62","0.689618771546635","0.310381228453365"
"t100","0.282748250233972","0.717251749766028"
"t117","0.0810137293402917","0.918986270659708"
"t132","0.00372201626838457","0.996277983731615"
