accepted_species,0,1
t45,0.5484538,0.45154616
t87,0.18142688,0.8185731
t89,0.16874677,0.83125323
t93,0.38603687,0.6139631
t97,0.1915437,0.8084563
t107,0.37198997,0.62801003
t111,0.5218247,0.47817528
t144,0.24651295,0.75348705
t152,0.1915437,0.8084563
t160,0.1915437,0.8084563
