accepted_species,0,1
t25,0.3050279,0.6949721
t31,0.048625648,0.95137435
t37,0.8123441,0.18765596
t45,0.3001024,0.6998976
t54,0.90669113,0.09330887
t56,0.96974933,0.030250644
t62,0.19284588,0.8071541
t100,0.77675354,0.22324648
t117,0.0141586065,0.9858414
t132,0.0062897205,0.9937103
