accepted_species,0,1
t45,0.887008,0.11299201
t87,0.056576967,0.94342303
t89,0.035883963,0.96411604
t93,0.8270055,0.17299448
t97,0.078317046,0.92168295
t107,0.4303983,0.5696017
t111,0.4721529,0.5278471
t144,0.19116282,0.8088372
t152,0.012693405,0.9873066
t160,0.012693405,0.9873066
