accepted_species,0,1
t25,0.60784537,0.39215463
t31,0.4224792,0.5775208
t37,0.38232613,0.6176739
t45,0.46053004,0.53946996
t54,0.5114961,0.48850387
t56,0.4686156,0.5313844
t62,0.4044271,0.5955729
t100,0.6477896,0.3522104
t117,0.31167537,0.68832463
t132,0.21817797,0.781822
