accepted_species,0,1
t46,0.7000743214874958,0.2999256785125042
t50,0.6997630282673828,0.30023697173261715
t54,0.6996359528974205,0.30036404710257947
t60,0.6996697639789533,0.30033023602104675
t61,0.6997876506491953,0.3002123493508047
t69,0.6995510337562336,0.30044896624376644
t82,0.7001169776694445,0.2998830223305555
t95,0.6997665873493086,0.30023341265069137
t117,0.7000385852516227,0.2999614147483774
t124,0.7000136664242926,0.2999863335757073
