accepted_species,0,1
t40,0.3309933336149522,0.6690066663850478
t45,0.3412626853353765,0.6587373146646235
t47,0.2850900188418759,0.7149099811581241
t56,0.2854481970437772,0.7145518029562228
t61,0.2743301170113711,0.7256698829886289
t68,0.2903575198136905,0.7096424801863095
t69,0.29065785285918333,0.7093421471408167
t97,0.34400873959235423,0.6559912604076458
t105,0.3354616704341076,0.6645383295658924
t113,0.3343087770007471,0.6656912229992529
