accepted_species,0,1
t40,0.10013470174533523,0.8998652982546648
t45,0.24556031233557052,0.7544396876644295
t47,0.21096808682255197,0.789031913177448
t56,0.18084978805177754,0.8191502119482225
t61,0.4101342935892919,0.5898657064107081
t68,0.15454431451541073,0.8454556854845893
t69,0.15175208149277797,0.848247918507222
t97,0.20946536172484698,0.790534638275153
t105,0.5131066865969682,0.4868933134030317
t113,0.5315839532224421,0.4684160467775579
