accepted_species,0,1
t46,0.6982479587786197,0.3017520412213803
t50,0.6996659865028458,0.3003340134971542
t54,0.6995458924578095,0.30045410754219043
t60,0.6993954782109655,0.3006045217890346
t61,0.6994028014846311,0.3005971985153689
t69,0.6982707631229687,0.30172923687703135
t82,0.7013511203879458,0.2986488796120542
t95,0.7003090069975163,0.2996909930024837
t117,0.7013309102636818,0.2986690897363182
t124,0.7021866849209033,0.29781331507909664
