accepted_species,0,1
t46,0.0,1.0
t50,1.0,0.0
t54,1.0,0.0
t60,1.0,0.0
t61,0.5,0.5
t69,0.0,1.0
t82,0.0,1.0
t95,1.0,0.0
t117,0.8458972149540284,0.1541027850459716
t124,0.8533712509918487,0.14662874900815132
