accepted_species,0,1
t46,0.52519023,0.4748098
t50,0.56699204,0.433008
t54,0.8404112,0.1595888
t60,0.67531943,0.32468054
t61,0.6621453,0.33785468
t69,0.71310973,0.2868903
t82,0.5482594,0.4517406
t95,0.74821806,0.25178197
t117,0.7623534,0.2376466
t124,0.8308077,0.1691923
