accepted_species,0,1
t40,0.028740287,0.9712597
t45,0.1128068,0.8871932
t47,0.9012632,0.09873684
t56,0.76334727,0.23665275
t61,0.46044475,0.53955525
t68,0.14534527,0.8546547
t69,0.21405405,0.78594595
t97,0.82765853,0.1723415
t105,0.04562664,0.95437336
t113,0.05181551,0.9481845
