accepted_species,0,1
t40,0.26048088,0.7395191
t45,0.37061673,0.62938327
t47,0.22067916,0.77932084
t56,0.32045937,0.67954063
t61,0.33463544,0.66536456
t68,0.2289716,0.7710284
t69,0.22349316,0.77650684
t97,0.1971317,0.8028683
t105,0.2057637,0.7942363
t113,0.26692647,0.73307353
