accepted_species,0,1
t40,0.33039755,0.66960245
t45,0.3236043,0.6763957
t47,0.12290138,0.8770986
t56,0.12290138,0.8770986
t61,0.24764109,0.7523589
t68,0.17216545,0.82783455
t69,0.13432759,0.8656724
t97,0.23781765,0.76218235
t105,0.15087152,0.8491285
t113,0.15087152,0.8491285
