"accepted_species","estimate"
"t97",-0.203683984052779
"t40",0.492151962283088
"t31",-0.294589566145681
"t58",0.0592683440249905
"t59",0.0592683440249905
"t85",0.517801963078526
"t23",0.354794909489476
"t14",0.207716023977567
"t8",-0.0227719262299976
"t88",0.0709070210314142
