"accepted_species","estimate"
"t97",-0.203649578269924
"t40",0.493727573850969
"t31",-0.296806511330032
"t58",0.0517393870489524
"t59",0.0517393870489524
"t85",0.518241067469408
"t23",0.359492624581593
"t14",0.211185517574445
"t8",-0.0309606963099759
"t88",0.0706893881412563
