accepted_species,0,1
t57,0.855327379095755,0.14467262090424507
t85,0.9789306273277755,0.02106937267222451
t105,0.9242878439451891,0.0757121560548108
t107,0.6071437702350231,0.39285622976497697
t109,0.6571886081306217,0.3428113918693783
t110,0.6491199121848558,0.35088008781514424
t122,0.9487123762319906,0.05128762376800948
t126,0.848677219184054,0.15132278081594597
t127,0.8503077350726719,0.14969226492732812
t152,0.7358549930915691,0.2641450069084309
