accepted_species,0,1
t57,0.96544605,0.03455394
t85,0.97298926,0.027010724
t105,0.96544605,0.03455394
t107,0.9504953,0.049504705
t109,0.5399216,0.46007842
t110,0.9504953,0.049504705
t122,0.97298926,0.027010724
t126,0.55724347,0.4427565
t127,0.9740003,0.025999716
t152,0.9504953,0.049504705
