accepted_species,estimate
t10,-0.39680573
t69,-0.2354281
t2,-0.33260584
t75,-0.33260584
t22,0.18564324
t42,0.10501692
t67,0.25636196
t92,-0.10667826
t48,0.03974933
t72,0.30762428
