accepted_species,0,1
Ditassa_colellae,0.9198017,0.08019832
Matelea_obliqua,0.9198017,0.08019832
Rytigynia_laurentii,0.84763587,0.15236412
Cynanchum_tuberculatum,0.9198017,0.08019832
Ophiorrhiza_quanzhouensis,0.9198115,0.08018852
Vincetoxicum_tenerrimum,0.9198017,0.08019832
Alyxia_balansae,0.85428447,0.14571553
Hedyotis_punicea,0.8888923,0.11110772
Myrmecodia_pendens,0.9095703,0.09042972
Gentiana_laevigata,0.90308607,0.09691395
