accepted_species,0,1
Ditassa_colellae,0.897654,0.10234601
Matelea_obliqua,0.897654,0.10234601
Rytigynia_laurentii,0.8566541,0.14334588
Cynanchum_tuberculatum,0.8932908,0.106709205
Ophiorrhiza_quanzhouensis,0.9062375,0.09376255
Vincetoxicum_tenerrimum,0.897654,0.10234601
Alyxia_balansae,0.89069873,0.10930126
Hedyotis_punicea,0.9030183,0.096981704
Myrmecodia_pendens,0.91347265,0.08652735
Gentiana_laevigata,0.889465,0.11053503
