"accepted_species","estimate"
"t30",0.103796647123141
"t31",0.103796647123141
"t85",0.103796647123141
"t86",0.103796647123141
"t39",0.103796647123141
"t95",0.103796647123141
"t96",0.103796647123141
"t57",0.103796647123141
"t40",0.103796647123141
"t15",0.103796647123141
