accepted_species,estimate
t53,-0.16509110358066065
t97,-0.36706763111930824
t39,-0.23594829349321983
t40,0.6319822976327027
t72,0.39861618005127547
t58,-0.6004226621235819
t88,-0.6415148673497776
t44,-0.4947916391199734
t81,-0.5498469872209354
t22,-0.4511621478593988
