"accepted_species","estimate"
"t22",-0.00669160379790024
"t48",0.00557485770130423
"t21",-0.00669226602956477
"t12",-0.00669871023021193
"t68",0.0116781235811843
"t83",0.0598373753494006
"t92",-0.0950404212397685
"t51",-0.00933786858016721
"t76",-0.00667009774881777
"t77",-0.00667009774881777
