"accepted_species","estimate"
"t22",0.965033358083968
"t48",0.786185771660956
"t21",0.518364690355305
"t12",0.355061118516694
"t68",0.274040842436693
"t83",0.223073542602095
"t92",-0.189547652157087
"t51",-0.235089147203034
"t76",0.422421327277773
"t77",0.422421327277773
