"accepted_species","estimate"
"t53",0.471941928747163
"t97",-0.320782665977902
"t39",1.21392824320158
"t40",0.733555107392608
"t72",1.56429103401329
"t58",-0.813445538484468
"t88",-0.354956297240688
"t44",-0.657866402306253
"t81",-0.729846691813414
"t22",-0.54958495085113
