accepted_species,estimate
t37,0.5855997283799003
t6,-0.6173875113065526
t45,0.35061154652148036
t58,-0.9447697387971957
t16,0.7474168059313729
t74,-0.17191225217275177
t34,-0.16850169945512464
t23,-0.1676976399581875
t63,-0.16863012632037302
t33,-0.1679333935305114
