accepted_species,0
t37,-0.017477757064817242
t6,-0.017477757064817242
t45,-0.017477757064817242
t58,-0.017477757064817242
t16,-0.017477757064817242
t74,-0.017477757064817242
t34,-0.017477757064817242
t23,-0.017477757064817242
t63,-0.017477757064817242
t33,-0.017477757064817242
