"accepted_species","estimate"
"t37",0.097292376574051
"t6",-0.389008364392457
"t45",0.408833544500779
"t58",-0.500853529246712
"t16",-0.124405180079563
"t74",0.629062879519715
"t34",0.230912510047477
"t23",0.183451746331166
"t63",0.360030164071198
"t33",0.20898566507648
