accepted_species,0,1
t30,0.5004980022884518,0.4995019977115483
t53,0.49828109651515884,0.5017189034848412
t54,0.5005189624183599,0.4994810375816401
t60,0.498264145097184,0.501735854902816
t80,0.49869650242064745,0.5013034975793526
t82,0.5005246677982187,0.49947533220178125
t85,0.5005247139046443,0.49947528609535574
t92,0.49823821638781063,0.5017617836121894
t93,0.49823821638781063,0.5017617836121894
t104,0.5005021830418108,0.49949781695818923
