accepted_species,0,1
t30,0.5321876,0.4678124
t53,0.8840731,0.11592693
t54,0.15995538,0.8400446
t60,0.9264565,0.073543474
t80,0.36625385,0.63374615
t82,0.46390963,0.5360904
t85,0.10000026,0.89999974
t92,0.47393036,0.52606964
t93,0.55225956,0.4477404
t104,0.15082467,0.84917533
