accepted_species,0
t10,0.04677280826036416
t21,0.04677280826036416
t54,0.04677280826036416
t37,0.04677280826036416
t97,-2.26945924199722
t87,0.04677280826036416
t1,0.04677280826036416
t75,0.04677280826036416
t57,0.04677280826036416
t4,0.04677280826036416
