"accepted_species","estimate"
"t10",0.775173630749295
"t21",1.56517396684984
"t54",-0.61035630252056
"t37",-0.933521544487093
"t97",-2.25683620194636
"t87",-1.22626746001342
"t1",0.00418022660865578
"t75",-0.980890790072114
"t57",-1.04557078634611
"t4",-0.559870329038406
