accepted_species,0,1
Schmidtottia_neglecta,0.85229814,0.14770187
Spigelia_marilandica,0.8076176,0.1923824
Psychotria_clausa,0.88324076,0.11675924
Gentianella_dombeyana,0.8040478,0.1959522
Galium_equisetoides,0.89013386,0.10986616
Ixora_leucocarpa,0.85115814,0.14884187
Oreonesion_testui,0.8141544,0.1858456
Acrosynanthus_latifolius,0.85229814,0.14770187
Gentianella_rupicola,0.8040478,0.1959522
Ochrosia_thiollierei,0.83071905,0.16928095
