"accepted_species","estimate"
"t121",-1.34547518477648
"t40",-0.0101287307080774
"t12",0.743988078915686
"t27",0.965817364635674
"t73",0.854487296960827
"t24",1.24082635926441
"t51",-0.156095809305751
"t53",-0.157834182971602
"t107",0.250177260716069
"t55",0.411066313006792
"t15",-0.687881195813197
"t16",-0.687881195813197
"t4",0.112577465171822
"t69",-1.10299128492965
"t19",0.270891557469251
