accepted_species,0,1
sp24,0.5868553732030496,0.4131446267969504
sp26,0.5928099317015305,0.40719006829846943
sp30,0.8002388404351553,0.19976115956484478
sp44,0.6383760687834006,0.3616239312165994
sp47,0.593702464272845,0.406297535727155
sp49,0.4094807650141461,0.5905192349858539
sp53,0.7111905354078429,0.288809464592157
sp101,0.3811878014450506,0.6188121985549494
sp106,0.7585489789259199,0.24145102107408015
sp124,0.577765497820993,0.42223450217900704
