accepted_species,0,1
sp24,,
sp26,,
sp30,,
sp44,,
sp47,0.0,1.0
sp49,0.0,1.0
sp53,0.0,1.0
sp101,0.33333333333333337,0.6666666666666666
sp106,0.4531487086838185,0.5468512913161815
sp124,1.0,0.0
