accepted_species,0,1
t11,0.4111111111111111,0.5888888888888889
t28,0.4111111111111111,0.5888888888888889
t39,0.4111111111111111,0.5888888888888889
t62,0.4111111111111111,0.5888888888888889
t71,0.4111111111111111,0.5888888888888889
t92,0.0,1.0
t94,1.0,0.0
t110,0.0,1.0
t122,1.0,0.0
t125,0.0,1.0
