"accepted_species","0","1"
"t11","0.427059205608571","0.572940794391429"
"t28","0.599121865716451","0.400878134283549"
"t39","0.643492322795846","0.356507677204154"
"t62","0.425591138746306","0.574408861253694"
"t71","0.19323539090419","0.80676460909581"
"t92","0.0896823110659261","0.910317688934074"
"t94","0.862091695411435","0.137908304588565"
"t110","0.113071496626971","0.886928503373029"
"t122","0.995335885308631","0.00466411469136916"
"t125","0.00354312667750229","0.996456873322498"
