accepted_species,0,1
t192,0.0923484,0.9076516
t223,0.032285273,0.9677147
t250,0.1510697,0.8489303
t262,0.92393905,0.07606095
t284,0.027758002,0.972242
t288,0.5643066,0.43569335
t309,0.39893538,0.6010646
t311,0.043812394,0.9561876
t331,0.9322162,0.06778375
t343,0.96443945,0.035560552
