accepted_species,0,1
t11,0.48347265,0.51652735
t28,0.48347265,0.51652735
t39,0.48347265,0.51652735
t62,0.3837883,0.6162117
t71,0.47990698,0.520093
t92,0.27450103,0.725499
t94,0.48347265,0.51652735
t110,0.47990698,0.520093
t122,0.48347265,0.51652735
t125,0.27450103,0.725499
