"accepted_species","0","1"
"t35","0.489872809769478","0.510127190230522"
"t69","0.446876349996511","0.55312365000349"
"t75","0.440147358594595","0.559852641405405"
"t107","0.49014300914158","0.50985699085842"
"t120","0.707018061393422","0.292981938606578"
"t123","0.73892746991367","0.26107253008633"
"t140","0.825962670817675","0.174037329182325"
"t154","0.958730083706471","0.0412699162935287"
"t163","0.014420888498138","0.985579111501862"
"t168","0.000172822823879525","0.99982717717612"
