accepted_species,0,1
t12,0.21591622,0.7840838
t88,0.61041397,0.38958603
t110,0.8653569,0.13464305
t116,0.79188645,0.20811352
t118,0.5504043,0.44959572
t129,0.8142839,0.18571611
t135,0.33885497,0.66114503
t137,0.79188645,0.20811352
t139,0.8071812,0.19281882
t140,0.33885497,0.66114503
