accepted_species,0,1
t12,0.032106042,0.96789396
t88,0.5741923,0.4258077
t110,0.955627,0.04437295
t116,0.87732464,0.122675344
t118,0.8476333,0.15236668
t129,0.4905067,0.5094933
t135,0.5431261,0.45687386
t137,0.67485285,0.32514715
t139,0.9753597,0.024640309
t140,0.18538684,0.81461316
