"accepted_species","0","1"
"t100",0.0574296306278868,0.942570369372113
"t71",0.672645038202317,0.327354961797683
"t72",0.672645038202317,0.327354961797683
"t52",0.681704605119713,0.318295394880287
"t60",0.694099941978145,0.305900058021855
"t19",0.672810071141046,0.327189928858954
"t49",0.674163267409057,0.325836732590943
"t50",0.674163267409057,0.325836732590943
"t91",0.878892523836428,0.121107476163572
"t35",0.66947272165742,0.33052727834258
