accepted_species,estimate
t6,0.48369060798631286
t37,0.09377820882194858
t51,0.314938216229856
t65,0.6721015950338148
t59,1.135577872721108
t81,-0.36327650812166373
t39,-0.8036151650629471
t33,0.2903766669614914
t19,-0.3756701533358661
t77,-1.0122568516607855
