accepted_species,estimate
t6,0.1296557680420733
t37,0.43560947328004396
t51,0.7608178089332223
t65,0.28057210236932595
t59,0.8338466927008314
t81,0.5590241783086711
t39,-0.3697853726702165
t33,0.17691153292494044
t19,-1.0532870304310913
t77,-0.578094405345972
