accepted_species,estimate
t6,0.02188448
t37,0.34037688
t51,0.7260608
t65,1.0596019
t59,0.8250406
t81,-0.1890371
t39,-0.5713009
t33,0.35133564
t19,-0.1472138
t77,-1.1124054
