accepted_species,estimate
t61,-0.5505820941788802
t32,-0.48403708730734296
t108,-0.20306467840004405
t133,-0.11686890841427411
t65,0.010883052915330094
t98,-0.08737811089583547
t75,-0.5326609899452234
t96,-0.41219848554167493
t114,0.19334097561894503
t131,0.3484978954124005
t36,1.3688150527467025
t87,-0.7603938486191488
t63,-0.15657571854771768
t23,-0.5564949015645023
