accepted_species,estimate
t10,-0.8681567877229921
t23,-0.9218443620018906
t119,-0.04095032163119786
t120,-0.48873862931493495
t88,-0.5832313516655601
t67,-0.3161309943449963
t68,-0.8169788044561471
t61,-0.4326629769548628
t48,-0.32357664032186595
t66,-0.03654322639568073
t101,-0.18604880169270052
t102,0.22118075443323712
t93,-0.07902087279896955
t77,-0.7989695311314133
t16,-0.9777131643947744
