accepted_species,0,1
t93,0.37104153426125064,0.6289584657387494
t94,0.37104153426125064,0.6289584657387494
t32,0.3759921340263028,0.6240078659736972
t15,0.42126408726898024,0.5787359127310198
t28,0.42289367799208266,0.5771063220079173
t90,0.4238607364100214,0.5761392635899786
t42,0.42318673752923597,0.576813262470764
t74,0.4237071745420835,0.5762928254579165
t52,0.4201491651169289,0.5798508348830711
t53,0.4201491651169291,0.5798508348830709
