accepted_species,estimate
t13,-0.26327042392242284
t71,0.07583394847640791
t46,0.2323169767801413
t75,-1.188305016085096
t132,-0.902619176589385
t44,0.4518110751984272
t65,0.21997643823067659
t64,0.16249549675697805
t120,-0.271844731555698
t69,-0.3740523566152203
t82,-0.3273762844598198
t83,-0.2847119029106886
t102,0.18424745547612753
t7,0.015780543142437556
