accepted_species,0,1
t27,0.1106163568820796,0.8893836431179204
t15,0.10915435064260981,0.8908456493573902
t59,0.1057644153724856,0.8942355846275144
t6,0.10446351286729338,0.8955364871327066
t36,0.10570305139063718,0.8942969486093628
t21,0.09660809825601824,0.9033919017439818
t94,0.09927857072349855,0.9007214292765015
t86,0.09912629488868197,0.900873705111318
t98,0.09914667125643228,0.9008533287435677
t80,0.09914762429463486,0.9008523757053651
