accepted_species,0,1
t27,0.08877224,0.91122776
t15,0.13036388,0.8696361
t59,0.07527679,0.9247232
t6,0.07527679,0.9247232
t36,0.07527679,0.9247232
t21,0.13036388,0.8696361
t94,0.07527679,0.9247232
t86,0.07527679,0.9247232
t98,0.07527679,0.9247232
t80,0.07527679,0.9247232
