accepted_species,0,1
t27,0.0473907,0.9526093
t15,0.13724226,0.86275774
t59,0.028929055,0.97107095
t6,0.028929055,0.97107095
t36,0.028929055,0.97107095
t21,0.28832603,0.711674
t94,0.1108163,0.8891837
t86,0.1108163,0.8891837
t98,0.1108163,0.8891837
t80,0.028929055,0.97107095
