,corHMM_picante,corHMM_phylnn_fill_means,corHMM_logit_eigenvecs,corHMM_logit_umap,corHMM_logit_autoencoded,corHMM_xgb_eigenvecs,corHMM_xgb_umap,corHMM_xgb_autoencoded,picante_phylnn_fill_means,picante_logit_eigenvecs,picante_logit_umap,picante_logit_autoencoded,picante_xgb_eigenvecs,picante_xgb_umap,picante_xgb_autoencoded,phylnn_fill_means_logit_eigenvecs,phylnn_fill_means_logit_umap,phylnn_fill_means_logit_autoencoded,phylnn_fill_means_xgb_eigenvecs,phylnn_fill_means_xgb_umap,phylnn_fill_means_xgb_autoencoded,logit_eigenvecs_logit_umap,logit_eigenvecs_logit_autoencoded,logit_eigenvecs_xgb_eigenvecs,logit_eigenvecs_xgb_umap,logit_eigenvecs_xgb_autoencoded,logit_umap_logit_autoencoded,logit_umap_xgb_eigenvecs,logit_umap_xgb_umap,logit_umap_xgb_autoencoded,logit_autoencoded_xgb_eigenvecs,logit_autoencoded_xgb_umap,logit_autoencoded_xgb_autoencoded,xgb_eigenvecs_xgb_umap,xgb_eigenvecs_xgb_autoencoded,xgb_umap_xgb_autoencoded
stat,-2.111172708478597,1.5816184329025005,-1.7121186639119124,-2.1284183285758433,-2.1938227588985564,-0.8690263582065932,-0.8407422518864475,-1.1319802770752092,2.3713084444878647,-0.7236789570065596,-1.3023049831710227,-1.1248657850036898,1.2960907055565063,0.6741865773707753,0.7605283645136843,-2.80516068951401,-2.9256688950024503,-3.023888445337524,-1.9170240772617821,-1.7091778800548907,-2.228694356074281,-0.7694629733224052,-0.16715099394874758,1.4886552012805787,1.212657378660632,1.4964632031306653,0.644234731492506,3.0368354322210616,2.6607035916159787,2.7337577771734476,1.8632075775116093,1.678700107902359,2.1246013543667734,-0.3924637900404061,-0.8370686883891434,-0.06169416655850062
p value,0.06394788898438271,0.14819547214933795,0.1210308160431693,0.06218113645620858,0.055900795652219615,0.40741008548006263,0.4222662101700805,0.2869004496160816,0.04181919243023241,0.4876450761917508,0.22515078686532888,0.28974949702948233,0.22719271104910727,0.5171330142858639,0.46639522713343085,0.02053875536268375,0.01687546992444284,0.014388398465102998,0.08747242597876621,0.12158934393441694,0.05280923695415896,0.46133490199510296,0.8709465996100753,0.17075756426676292,0.2561302769325349,0.1687521955829372,0.5354950693389775,0.014089893449235063,0.026015780267751004,0.02308215085821664,0.09532504396432678,0.127518246123988,0.06256805666441771,0.7038482234133855,0.4242228013486151,0.9521547410554063
