"accepted_species","0","1"
"t58",0.367565859373873,0.632434140626127
"t87",0.361910439162355,0.638089560837645
"t99",0.297546762155274,0.702453237844726
"t108",0.323858590709746,0.676141409290254
"t110",0.319924168823144,0.680075831176856
"t121",0.380961143545413,0.619038856454587
"t124",0.32445893926244,0.67554106073756
"t127",0.434659574236979,0.565340425763021
"t139",0.200565745201686,0.799434254798314
"t177",0.000346630017536415,0.999653369982464
