accepted_species,0,1
t104,0.5444468131549383,0.4555531868450618
t123,0.5444795174813,0.4555204825187001
t124,0.5444795174813,0.4555204825187001
t135,0.5445548972808687,0.45544510271913136
t143,0.5441855321921214,0.45581446780787854
t144,0.5441855321921214,0.45581446780787854
t157,0.5443904940333758,0.4556095059666242
t158,0.5443904940333758,0.4556095059666242
t159,0.5441732005008597,0.4558267994991403
t160,0.5441732005008597,0.4558267994991403
