accepted_species,0,1
t27,0.98774034,0.012259686
t82,0.98774034,0.012259686
t125,0.98774034,0.012259686
t83,0.98774034,0.012259686
t106,0.98774034,0.012259686
t123,0.98774034,0.012259686
t124,0.98774034,0.012259686
t118,0.98774034,0.012259686
t54,0.98774034,0.012259686
t44,0.98774034,0.012259686
t139,0.98774034,0.012259686
t140,0.98774034,0.012259686
t114,0.98774034,0.012259686
t5,0.98774034,0.012259686
t3,0.98774034,0.012259686
