accepted_species,estimate
t16,-0.14690557635936416
t6,0.4589462457804458
t66,-0.007108966702592832
t69,0.2635578245404096
t89,0.823983606012686
t1,-0.16179827890526596
t94,-0.6446712403307716
t73,-0.28182721806877803
t17,-0.6752516523644901
t87,-0.7634625488724578
