"","turnover.rates","eps.values","transition.rates"
"1",0.850781501270831,0.609806778142229,NA
"2",0.714697250165045,0.392162927892059,0.563515251269564
"3",0.850781501270831,0.609806778142229,0.953913197619841
"4",0.714697250165045,0.392162927892059,NA
