"accepted_species","0","1"
"t4",0.590247759617903,0.409752240382097
"t30",0.590247759617903,0.409752240382097
"t31",0.590247759617903,0.409752240382097
"t27",0.590247759617903,0.409752240382097
"t39",0.590247759617903,0.409752240382097
"t40",0.590247759617903,0.409752240382097
"t74",0.590247759617903,0.409752240382097
"t97",0.590247759617903,0.409752240382097
"t98",0.590247759617903,0.409752240382097
"t47",0.590247759617903,0.409752240382097
