accepted_species,0,1
t4,0.3453771,0.6546229
t30,0.40884966,0.59115034
t31,0.40884966,0.59115034
t27,0.40884966,0.59115034
t39,0.40884966,0.59115034
t40,0.40884966,0.59115034
t74,0.3453771,0.6546229
t97,0.3453771,0.6546229
t98,0.3453771,0.6546229
t47,0.3453771,0.6546229
