accepted_species,0,1
t184,0.4600712195513569,0.5399287804486431
t226,0.46631099919169927,0.5336890008083007
t227,0.4740641435200059,0.5259358564799941
t231,0.4654870099271189,0.5345129900728811
t249,0.46282904901015365,0.5371709509898464
t290,0.4634916532449326,0.5365083467550674
t291,0.46427486499026793,0.5357251350097321
t318,0.46243665574352444,0.5375633442564756
t321,0.4624278617656208,0.5375721382343792
t322,0.46242801207394624,0.5375719879260538
