accepted_species,0,1
t184,0.6493658331764722,0.3506341668235278
t226,0.6732577951918763,0.32674220480812366
t227,0.7298313662627667,0.2701686337372334
t231,0.7117461946550947,0.28825380534490525
t249,0.6768133646013935,0.3231866353986065
t290,0.6860499509474651,0.3139500490525348
t291,0.6932130027303414,0.3067869972696586
t318,0.7759244741710549,0.22407552582894502
t321,0.7558736916718182,0.24412630832818183
t322,0.7499173367559875,0.25008266324401257
