accepted_species,0,1
t68,0.8215697006878668,0.1784302993121331
t87,0.7388519906455897,0.26114800935441035
t97,0.5391962106208144,0.46080378937918565
t117,0.5469238664440355,0.4530761335559645
t122,0.7246950556273559,0.2753049443726441
t127,0.8080159410933091,0.19198405890669093
t141,0.6939647089494738,0.3060352910505261
t143,0.3006088735562983,0.6993911264437017
t151,0.5808765823191173,0.4191234176808826
t159,0.2939526302733493,0.7060473697266507
