accepted_species,0,1
t184,0.5555555555555556,0.4444444444444444
t226,0.5555555555555556,0.4444444444444444
t227,0.5555555555555556,0.4444444444444444
t231,0.5555555555555556,0.4444444444444444
t249,0.5555555555555556,0.4444444444444444
t290,0.5555555555555556,0.4444444444444444
t291,0.5555555555555556,0.4444444444444444
t318,0.5555555555555556,0.4444444444444444
t321,0.5555555555555556,0.4444444444444444
t322,0.5555555555555556,0.4444444444444444
