accepted_species,0,1
t104,0.008474648,0.99152535
t94,0.008474648,0.99152535
t96,0.008474648,0.99152535
t112,0.008474648,0.99152535
t51,0.008474648,0.99152535
t64,0.008474648,0.99152535
t79,0.008474648,0.99152535
t118,0.008474648,0.99152535
t101,0.008474648,0.99152535
t39,0.008474648,0.99152535
t61,0.008474648,0.99152535
t90,0.008474648,0.99152535
t83,0.008474648,0.99152535
