"accepted_species","0","1"
"sp16",0.632976553780475,0.367023446219525
"sp18",0.623913087326542,0.376086912673458
"sp25",0.620156836665701,0.379843163334299
"sp55",0.551711386589018,0.448288613410982
"sp60",0.645927003214905,0.354072996785095
"sp62",0.517983215649957,0.482016784350043
"sp68",0.656735951025025,0.343264048974975
"sp84",0.454461179801118,0.545538820198882
"sp108",0.104219305842863,0.895780694157137
"sp120",0.983937378958269,0.0160626210417313
