accepted_species,0,1
sp16,0.5205507047616611,0.47944929523833896
sp18,0.4263438509876002,0.5736561490123998
sp25,0.4558850364681343,0.5441149635318657
sp55,0.31798412914675045,0.6820158708532496
sp60,0.3927174493629827,0.6072825506370173
sp62,0.3775673583551583,0.6224326416448417
sp68,0.37777793736713416,0.6222220626328658
sp84,0.40714761771777774,0.5928523822822223
sp108,0.30677528746267446,0.6932247125373255
sp120,0.3916431429994094,0.6083568570005906
