accepted_species,0,1
sp16,0.43387277197787233,0.5661272280221277
sp18,0.08433877487309649,0.9156612251269035
sp25,0.36384798851975597,0.636152011480244
sp55,0.07575165641844195,0.924248343581558
sp60,0.5134984741541252,0.4865015258458748
sp62,0.3082016131868871,0.6917983868131129
sp68,0.5158415042202819,0.48415849577971815
sp84,0.47039720254370154,0.5296027974562985
sp108,0.08585767311550085,0.9141423268844991
sp120,0.44053235633709387,0.5594676436629061
