accepted_species,estimate
t55,0.600755897048309
t56,0.499556122657265
t85,0.0742229369443824
t31,-0.11538811950877195
t1,-1.2943537648100305
t49,-0.698994706604
t19,-0.1387985930157755
t2,-1.0765454275831443
t3,0.4193610112869123
t17,0.7113740534154022
