"accepted_species","0","1"
"t23",0.382234013535032,0.617765986464967
"t36",0.377075148512187,0.622924851487813
"t38",0.391091858324292,0.608908141675708
"t40",0.372420005023554,0.627579994976446
"t41",0.403764318839641,0.596235681160359
"t91",0.412195271341717,0.587804728658283
"t95",0.640524803080346,0.359475196919654
"t103",0.120744268006088,0.879255731993912
"t104",0.140185405810623,0.859814594189377
"t105",0.119233804199434,0.880766195800566
