accepted_species,0,1
t40,0.2891425083287905,0.7108574916712095
t42,0.19956106715488942,0.8004389328451106
t45,0.2955644561993802,0.7044355438006198
t66,0.17562562793155811,0.8243743720684419
t87,0.6401137812646505,0.35988621873534954
t130,0.29325906703867255,0.7067409329613275
t135,0.375223335654397,0.624776664345603
t138,0.7997087682142325,0.2002912317857674
t144,0.517452855343642,0.48254714465635795
t158,0.303041596949885,0.696958403050115
