accepted_species,0,1
t40,0.20472023959360752,0.7952797604063925
t42,0.22910273994256558,0.7708972600574344
t45,0.20255504036153726,0.7974449596384627
t66,0.1467486360378798,0.8532513639621202
t87,0.8304209341671249,0.1695790658328751
t130,0.35715720264590467,0.6428427973540953
t135,0.39033424535632855,0.6096657546436715
t138,0.8626175324921036,0.13738246750789637
t144,0.2192187434380063,0.7807812565619937
t158,0.5053923725052107,0.4946076274947893
