accepted_species,0,1
t23,0.2462910480958832,0.7537089519041168
t36,0.3447590529317106,0.6552409470682894
t38,0.5745557752745538,0.42544422472544624
t40,0.24885861171579504,0.751141388284205
t41,0.244568307072228,0.755431692927772
t91,0.25575428712199977,0.7442457128780002
t95,0.2789453610256767,0.7210546389743233
t103,0.24079059298909455,0.7592094070109054
t104,0.34172700938964273,0.6582729906103573
t105,0.23806042574708375,0.7619395742529163
