"accepted_species","0","1"
"t49",0.500065402998654,0.499934597001346
"t53",0.500094274312078,0.499905725687922
"t70",0.503255071399928,0.496744928600072
"t78",0.500009777824558,0.499990222175442
"t79",0.500009777824558,0.499990222175442
"t95",0.525536597932606,0.474463402067394
"t106",0.560382225731616,0.439617774268384
"t126",0.750201278181719,0.249798721818281
"t130",0.847831389672777,0.152168610327223
"t134",0.798744176338711,0.201255823661289
