"accepted_species","0","1"
"t23",0.850533639492539,0.149466360507461
"t24",0.850535706271704,0.149464293728296
"t34",0.850549034464784,0.149450965535216
"t51",0.850530913857144,0.149469086142856
"t78",0.850530913857144,0.149469086142856
"t87",0.855597202495735,0.144402797504265
"t90",0.850530913857144,0.149469086142856
"t91",0.850530913857144,0.149469086142856
"t111",0.883002540622221,0.116997459377779
"t129",0.940032988765253,0.0599670112347474
