accepted_species,0,1
t49,0.5966963458483561,0.403303654151644
t53,0.5967435607022433,0.40325643929775673
t70,0.5971970052046239,0.40280299479537607
t78,0.5966511484347585,0.4033488515652415
t79,0.5966534003902444,0.4033465996097556
t95,0.5966950724985676,0.4033049275014324
t106,0.5965278425215877,0.40347215747841225
t126,0.596538884442211,0.40346111555778896
t130,0.5967540781729754,0.4032459218270245
t134,0.5966922445225245,0.40330775547747555
