"accepted_species","0","1"
"t49","0.502226087374134","0.497773912625866"
"t53","0.502132094875789","0.497867905124211"
"t70","0.529324435089698","0.470675564910303"
"t78","0.499539578276484","0.500460421723516"
"t79","0.499539578276484","0.500460421723516"
"t95","0.575439023007179","0.424560976992821"
"t106","0.627786358975908","0.372213641024092"
"t126","0.815800741085726","0.184199258914274"
"t130","0.953074099376827","0.0469259006231728"
"t134","0.855401062850984","0.144598937149016"
