accepted_species,0,1
t23,0.9238358,0.07616421
t24,0.9238358,0.07616421
t34,0.9238358,0.07616421
t51,0.9238358,0.07616421
t78,0.9238358,0.07616421
t87,0.9238358,0.07616421
t90,0.9238358,0.07616421
t91,0.9238358,0.07616421
t111,0.9238358,0.07616421
t129,0.9238358,0.07616421
