accepted_species,0,1
t49,0.61790633,0.3820937
t53,0.5805514,0.4194486
t70,0.6151204,0.38487962
t78,0.5779735,0.42202654
t79,0.5779735,0.42202654
t95,0.62091583,0.37908417
t106,0.59768724,0.4023128
t126,0.5976424,0.40235758
t130,0.6226505,0.37734953
t134,0.62091583,0.37908417
