accepted_species,estimate
t7,-0.16608346086614997
t142,1.0587912489832805
t26,1.020277497805837
t89,-1.1916559097203607
t17,-0.9406933978233966
t52,-0.20426573291623218
t29,-0.17913177835925082
t102,-0.7292630901802314
t103,-0.7292630901802323
t78,-0.10898053786207523
t124,0.790532100962334
t73,0.8771261179084778
t22,0.3133250536699866
t23,0.3124796119717896
