accepted_species,estimate
t91,0.4125189874451533
t92,0.4125189874451538
t28,0.5613393241955109
t29,-0.1077045101231516
t30,-0.10770451012315144
t40,-0.24830154197014082
t41,-0.24830154197014082
t32,0.5957570086286291
t70,1.5139944249169763
t71,1.513994424916976
