accepted_species,0
t91,-0.05691488416865259
t92,-0.05691488416865259
t28,-0.05691488416865259
t29,-0.05691488416865259
t30,-0.05691488416865259
t40,-0.05691488416865259
t41,-0.05691488416865259
t32,-0.05691488416865259
t70,-0.05691488416865259
t71,-0.05691488416865259
