accepted_species,0
t24,-0.029553217269844445
t25,-0.029553217269844445
t13,-0.029553217269844445
t55,-0.029553217269844445
t49,-0.029553217269844445
t60,-0.029553217269844445
t53,-0.029553217269844445
t96,0.054632896901654
t94,0.924983143555451
t42,-0.029553217269844445
