accepted_species,estimate
t24,-0.26991737
t25,-0.29775348
t13,-1.0295079
t55,0.39995274
t49,0.03839625
t60,-0.442081
t53,-0.086066805
t96,0.07635052
t94,0.78342795
t42,0.45756102
