accepted_species,0,1
t131,0.9909929,0.009007084
t5,0.2019285,0.7980715
t19,0.031369448,0.96863055
t100,0.7995449,0.20045513
t26,0.050804853,0.94919515
t49,0.5695821,0.43041793
t35,0.96405333,0.035946686
t36,0.9901791,0.009820907
t91,0.9676125,0.03238752
t34,0.85203487,0.14796512
t27,0.98193467,0.018065343
t69,0.99279106,0.0072089285
t70,0.99279106,0.0072089285
