accepted_species,estimate
t21,0.12990648159233067
t69,0.476534565449272
t77,0.30070987092676615
t134,0.06828451132701754
t37,0.25372902057153135
t63,-1.2237613175681294
t129,-0.42803308364221493
t34,-0.6781110949650454
t28,0.3882760226716032
t125,-0.4093675376681184
t66,1.2194719412499924
t118,1.0184314347121786
t147,0.9481738525595734
t150,0.9557303597257475
t151,0.9526513754453877
t7,0.9872976561100387
