accepted_species,estimate
Aspidosperma_spruceanum,0.7358999255022776
Blepharidium_guatemalense,0.3813892856043577
Centaurium_littorale,-0.31998201404039894
Cynanchum_acutum,-0.23905922148810996
Galium_labradoricum,-0.3517970164875047
Galium_mexicanum,-0.36738395392517376
Hamelia_axillaris,0.40148818426434385
Pavetta_australiensis,0.9313110195430909
Randia_hebecarpa,0.9630576313042993
Stephanostegia_capuronii,0.3487869461241956
