accepted_species,0,1
sp113,0.3989949990595054,0.6010050009404946
sp129,0.3988393414310831,0.6011606585689169
sp187,0.39881350129841864,0.6011864987015814
sp188,0.3988095268412285,0.6011904731587715
sp189,0.39903146272362733,0.6009685372763727
sp197,0.3988133984919855,0.6011866015080145
sp198,0.39890238348809837,0.6010976165119016
sp199,0.39889445007532154,0.6011055499246785
sp200,0.3990323901716718,0.6009676098283282
sp201,0.39901725082138506,0.6009827491786149
