accepted_species,estimate
t39,1.285666758352588
t17,0.6629023398909377
t56,0.21017750648063255
t90,-0.4143413964168737
t84,-0.7809635586406054
t15,-1.0663870546785448
t2,-0.8866840313251478
t29,-0.8837367586149505
t96,-0.996238971967617
t78,-0.7806058271723868
