accepted_species,estimate
t11,-0.523126045922791
t149,-1.439774303029646
t6,-0.14493690947302873
t144,-0.7539857884784296
t46,-0.7294724464156462
t54,-0.7184723337356439
t21,-0.5792036381614123
t117,-0.7810274118136631
t111,-0.7827098807972982
t134,-0.7934025988028566
t47,1.149330552556186
t59,1.1328526990152272
t88,1.9899260769009564
t104,1.9423210134594182
t105,1.9423210134594182
t66,1.906143306317968
