accepted_species,0
t11,-0.0037962239352336076
t149,-0.103516749814332
t6,-0.0037962239352336076
t144,-0.0037962239352336076
t46,-0.0037962239352336076
t54,-0.0037962239352336076
t21,-0.0037962239352336076
t117,-0.0037962239352336076
t111,-0.0037962239352336076
t134,-0.0037962239352336076
t47,-0.0037962239352336076
t59,-0.0037962239352336076
t88,-0.0037962239352336076
t104,-0.0037962239352336076
t105,-0.0037962239352336076
t66,-0.0037962239352336076
