"accepted_species","estimate"
"t52",0.470317088413936
"t81",-0.580765469426893
"t21",0.0515524735633979
"t23",-0.0671401572343281
"t89",0.629760127234741
"t11",-0.217261503630895
"t95",2.10913848327037
"t10",0.14172352785408
"t85",1.11217268849947
"t75",0.312826284595792
