accepted_species,estimate
t54,-1.0892984344203025
t7,-0.17753776352763212
t45,0.5205519601936582
t6,0.35433346539112925
t11,-0.019723342870027753
t2,-0.03359420807761583
t92,0.5636851329163314
t61,-0.905773960824118
t44,1.7601632949605954
t12,1.1514391767622796
