"accepted_species","0","1"
"sp6",0.971338536942174,0.028661463057826
"sp15",0.972912273361391,0.0270877266386091
"sp39",0.978041928368823,0.0219580716311771
"sp44",0.977883145323256,0.022116854676744
"sp49",0.985228043036467,0.0147719569635326
"sp52",0.983448368904284,0.0165516310957156
"sp68",0.987644894942533,0.0123551050574669
"sp81",0.989154238183938,0.010845761816062
"sp89",0.993930605517439,0.0060693944825606
"sp101",0.999409123399714,0.000590876600286116
