accepted_species,0,1
t66,0.4379047501298229,0.5620952498701771
t67,0.43722579464950606,0.5627742053504939
t17,0.4415472312680927,0.5584527687319073
t70,0.44569349220416554,0.5543065077958345
t71,0.4459062612255901,0.5540937387744099
t45,0.44734220555226123,0.5526577944477388
t46,0.4463063481664147,0.5536936518335853
t44,0.4459450895778153,0.5540549104221847
t25,0.44450827610741117,0.5554917238925888
t5,0.4400392983932556,0.5599607016067444
