accepted_species,0,1
t66,0.5576569,0.44234312
t67,0.5576569,0.44234312
t17,0.5576569,0.44234312
t70,0.5576569,0.44234312
t71,0.5576569,0.44234312
t45,0.5576569,0.44234312
t46,0.5576569,0.44234312
t44,0.5576569,0.44234312
t25,0.5576569,0.44234312
t5,0.5576569,0.44234312
