accepted_species,0,1
t26,0.99296457,0.00703546
t60,0.9631192,0.036880806
t79,0.9954065,0.004593493
t65,0.9895828,0.010417252
t47,0.9840944,0.015905637
t142,0.9895828,0.010417252
t89,0.76816434,0.23183566
t45,0.41897976,0.58102024
t151,0.9032475,0.09675252
t39,0.99384546,0.006154558
t84,0.99384546,0.006154558
t86,0.99861103,0.0013889471
t147,0.99861103,0.0013889471
t144,0.99861103,0.0013889471
t2,0.9978101,0.0021898805
