accepted_species,0,1
t26,0.99748075,0.0025192725
t60,0.98547894,0.014521059
t79,0.9246806,0.07531941
t65,0.97707176,0.022928234
t47,0.9911183,0.008881679
t142,0.8199644,0.18003562
t89,0.8686769,0.13132313
t45,0.68460464,0.31539539
t151,0.99776894,0.0022310875
t39,0.99776894,0.0022310875
t84,0.999022,0.0009779945
t86,0.9975923,0.0024077133
t147,0.9975923,0.0024077133
t144,0.9975923,0.0024077133
t2,0.99621904,0.0037809447
