accepted_species,0,1
Gentiana_lagodechiana,0.9354866,0.0645134
Marsdenia_tinctoria,0.7898907,0.21010928
Perama_carajensis,0.9354866,0.0645134
Rondeletia_jamaicensis,0.93184483,0.068155184
Ceropegia_yorubana,0.7898907,0.21010928
Ceropegia_ahmarensis,0.7898907,0.21010928
Psychotria_issembei,0.9354866,0.0645134
Galium_philippianum,0.9354866,0.0645134
Palicourea_insignis,0.9354866,0.0645134
Fagraea_kuminii,0.9354866,0.0645134
