accepted_species,estimate
Asclepias_fascicularis,-0.07665190222472307
Asclepias_oenotheroides,-0.4994999966530952
Coprosma_robusta,-0.24771730425104682
Galium_mexicanum,-0.37620334465690675
Hamelia_patens,0.07750518481703417
Palicourea_guianensis,0.49283761448017904
Psychotria_chagrensis,0.37390765606281373
Psychotria_grandis,0.37852482103099994
Tabernaemontana_cymosa,0.7541044749650775
Tabernaemontana_sananho,0.8502234322004719
