accepted_species,0,1
t48,0.3948436674049772,0.6051563325950228
t57,0.4043516625686403,0.5956483374313597
t63,0.39761786493985674,0.6023821350601433
t68,0.3963153415201194,0.6036846584798806
t75,0.4050114721592798,0.5949885278407202
t85,0.39764485561632523,0.6023551443836748
t106,0.3936487022246423,0.6063512977753577
t110,0.4036730430660963,0.5963269569339037
t132,0.3971748032556387,0.6028251967443613
t146,0.4051499618729615,0.5948500381270385
