accepted_species,0,1
t48,0.24301675187686622,0.7569832481231338
t57,0.6344323064251685,0.3655676935748315
t63,0.5329007727046986,0.46709922729530134
t68,0.026613777702547137,0.9733862222974529
t75,0.7878665183247711,0.2121334816752289
t85,0.408983084263812,0.591016915736188
t106,0.2922248729747716,0.7077751270252284
t110,0.24909027506607173,0.7509097249339283
t132,0.46972793478905206,0.5302720652109479
t146,0.6117850087319372,0.3882149912680628
