accepted_species,0,1
t28,0.21617934756493684,0.7838206524350632
t38,0.4848966593095543,0.5151033406904457
t39,0.293034015336352,0.706965984663648
t49,0.2908882639601781,0.7091117360398219
t54,0.3184613279459958,0.6815386720540042
t66,0.280007660703401,0.719992339296599
t76,0.31303549956632803,0.686964500433672
t93,0.49080278451157133,0.5091972154884287
t103,0.251620853891667,0.748379146108333
t117,0.27658050809588164,0.7234194919041184
