accepted_species,0,1
t28,0.1909305828292367,0.8090694171707633
t38,0.4465221326094423,0.5534778673905577
t39,0.334264560494531,0.665735439505469
t49,0.2803169442019129,0.7196830557980871
t54,0.28084317969608386,0.7191568203039161
t66,0.22854522704085656,0.7714547729591434
t76,0.28190803844227474,0.7180919615577253
t93,0.6814479180559624,0.3185520819440376
t103,0.29741108249098,0.70258891750902
t117,0.2191004830980926,0.7808995169019074
