accepted_species,0,1
t48,0.24003458,0.7599654
t57,0.5419922,0.45800784
t63,0.36331767,0.63668233
t68,0.29799026,0.70200974
t75,0.3113914,0.6886086
t85,0.43676925,0.56323075
t106,0.25583613,0.7441639
t110,0.5561483,0.4438517
t132,0.36331767,0.63668233
t146,0.2932529,0.7067471
