accepted_species,0
t135,-0.726877595027221
t45,0.05314336702908365
t109,0.05314336702908365
t153,-0.655066549152658
t90,0.05314336702908365
t140,0.6640641458235282
t6,0.05314336702908365
t115,0.05314336702908365
t160,-0.876844541434592
t53,0.05314336702908365
t154,0.05314336702908365
t155,0.05314336702908365
t147,-1.23054868076603
t139,-1.23054868076603
t56,0.05314336702908365
t8,0.05314336702908365
