accepted_species,estimate
t27,1.0994448503889744
t28,1.0781418632691853
t30,1.2511873637849764
t72,1.3626121393120487
t96,1.3610319897814818
t97,1.2800839538492685
t66,1.3182716166004906
t63,1.2695265429476899
t64,1.2710877938687313
t82,0.8447231102077657
