"accepted_species","estimate"
"t27",0.900928661045951
"t28",0.900928661045951
"t30",0.933515045075497
"t72",0.968707350083339
"t96",0.949021620768201
"t97",0.949080653367946
"t66",0.947593517157598
"t63",0.946069435063907
"t64",0.946069435063907
"t82",0.875656966190698
