accepted_species,estimate
t27,0.5218272
t28,0.5218272
t30,0.5218272
t72,0.5218272
t96,0.5218272
t97,0.5218272
t66,0.5218272
t63,0.5218272
t64,0.5218272
t82,0.5218272
