accepted_species,estimate
t46,-0.4634781352072131
t11,-0.4907824742168652
t24,-0.4888953524746948
t25,-0.4888953524746948
t62,-0.43714625666253454
t86,-0.453294905820075
t21,-0.6557747807165146
t22,-0.6557747807165142
t92,-0.7362938287202305
t77,-0.843204292966772
