accepted_species,0
t46,
t11,
t24,
t25,
t62,
t86,-0.103008625151821
t21,
t22,
t92,-0.631117871603404
t77,-0.9722767201693792
