accepted_species,0
t46,-0.255979262058075
t11,0.08529793733305568
t24,0.08529793733305568
t25,0.08529793733305568
t62,-0.031211652945009553
t86,-0.103008625151821
t21,0.08529793733305568
t22,0.08529793733305568
t92,-0.631117871603404
t77,-0.9706244783996566
