accepted_species,0,1
sp105,0.8657517142004681,0.13424828579953188
sp107,0.8508414081493698,0.14915859185063018
sp113,0.871035954582383,0.12896404541761697
sp123,0.8765085103203712,0.12349148967962874
sp127,0.874398686560549,0.12560131343945102
sp133,0.8678661474594775,0.1321338525405225
sp150,0.8803925601186117,0.11960743988138829
sp161,0.7718473965265812,0.22815260347341879
sp174,0.8803422409524472,0.11965775904755278
sp178,0.9005216780812593,0.09947832191874079
