accepted_species,0,1
t78,0.9824771,0.017522885
t108,0.9824771,0.017522885
t140,0.9824771,0.017522885
t141,0.9824771,0.017522885
t31,0.8680017,0.1319983
t55,0.98053664,0.019463377
t56,0.95342374,0.046576254
t125,0.95342374,0.046576254
t126,0.95342374,0.046576254
t115,0.9366973,0.063302696
t137,0.9366973,0.063302696
t69,0.9680041,0.031995893
t51,0.8935895,0.10641053
t52,0.94431406,0.055685926
