"accepted_species","0","1"
"t18",0.500001465199254,0.499998534800746
"t34",0.500061296021887,0.499938703978113
"t67",0.525273748977395,0.474726251022605
"t76",0.437579665844449,0.56242033415555
"t32",0.500000378664751,0.499999621335249
"t33",0.500000378664751,0.499999621335249
"t100",0.982012030509229,0.017987969490771
"t16",0.500000599168891,0.49999940083111
"t7",0.500000091174602,0.499999908825398
"t38",0.50038428682691,0.49961571317309
