accepted_species,0,1
t18,0.68699837,0.31300166
t34,0.68699837,0.31300166
t67,0.68699837,0.31300166
t76,0.68699837,0.31300166
t32,0.68699837,0.31300166
t33,0.68699837,0.31300166
t100,0.68699837,0.31300166
t16,0.68699837,0.31300166
t7,0.68699837,0.31300166
t38,0.68699837,0.31300166
