accepted_species,estimate
t5,0.91648704
t104,-0.8270384
t77,-0.7408096
t109,-0.98824984
t22,-0.3184745
t32,0.62734705
t125,-0.61138225
t68,0.6638173
t37,0.6646911
t28,0.93540424
t114,0.9669573
t33,0.36706668
t105,-1.9734246
