accepted_species,0,1
t7,0.018531322,0.9814687
t39,0.029715836,0.97028416
t9,0.0043309927,0.995669
t27,0.0037418604,0.99625814
t44,0.016198814,0.9838012
t38,0.016198814,0.9838012
t48,0.016198814,0.9838012
t93,0.39129442,0.6087056
t105,0.028347969,0.97165203
t119,0.03707075,0.96292925
t34,0.0019750595,0.99802494
t75,0.0031487346,0.99685127
t18,0.0031487346,0.99685127
