accepted_species,0
t9,-0.08044657001237246
t53,-0.08044657001237246
t54,-0.08044657001237246
t11,-0.08044657001237246
t8,-0.08044657001237246
t57,-0.08044657001237246
t58,-0.08044657001237246
t45,-0.08044657001237246
t59,-0.08044657001237246
t60,-0.08044657001237246
