accepted_species,0,1
t60,0.99958426,0.00041577034
t70,0.98224765,0.01775233
t71,0.98224765,0.01775233
t109,0.98224765,0.01775233
t110,0.98224765,0.01775233
t65,0.9989372,0.0010627988
t80,0.9989372,0.0010627988
t139,0.9989372,0.0010627988
t82,0.9989372,0.0010627988
t95,0.9989372,0.0010627988
t11,0.994835,0.0051650084
t75,0.99918085,0.00081917463
t49,0.99922734,0.00077264244
