accepted_species,0,1
t60,0.99030787,0.009692105
t70,0.99574083,0.0042591933
t71,0.99574083,0.0042591933
t109,0.99574083,0.0042591933
t110,0.99574083,0.0042591933
t65,0.97522855,0.024771478
t80,0.97522855,0.024771478
t139,0.97522855,0.024771478
t82,0.97522855,0.024771478
t95,0.97522855,0.024771478
t11,0.97522855,0.024771478
t75,0.98897475,0.011025273
t49,0.98897475,0.011025273
