accepted_species,0,1
t60,0.991366,0.008633972
t70,0.9918771,0.008122896
t71,0.9956024,0.004397559
t109,0.9956024,0.004397559
t110,0.9956024,0.004397559
t65,0.99704635,0.0029536618
t80,0.99704635,0.0029536618
t139,0.99704635,0.0029536618
t82,0.99704635,0.0029536618
t95,0.99704635,0.0029536618
t11,0.99903226,0.0009677509
t75,0.9871687,0.012831298
t49,0.9871687,0.012831298
