accepted_species,0,1
t96,0.02412349,0.9758765
t163,0.02412349,0.9758765
t164,0.02412349,0.9758765
t120,0.02412349,0.9758765
t121,0.69539034,0.3046097
t53,0.02412349,0.9758765
t113,0.02412349,0.9758765
t88,0.02412349,0.9758765
t77,0.02412349,0.9758765
t41,0.70111066,0.29888934
t98,0.016469777,0.9835302
t99,0.016469777,0.9835302
t85,0.0147352815,0.9852647
t148,0.044688344,0.95531166
t43,0.015535891,0.9844641
t25,0.5465803,0.45341966
