accepted_species,0,1
t96,0.025150776,0.9748492
t163,0.023992717,0.9760073
t164,0.023992717,0.9760073
t120,0.019815505,0.9801845
t121,0.019815505,0.9801845
t53,0.02207607,0.9779239
t113,0.0665527,0.9334473
t88,0.07911903,0.920881
t77,0.071444035,0.92855597
t41,0.098620296,0.9013797
t98,0.017042339,0.98295766
t99,0.019815505,0.9801845
t85,0.018366516,0.9816335
t148,0.018366516,0.9816335
t43,0.14492089,0.8550791
t25,0.37133884,0.62866116
