accepted_species,0,1
Gynochthodes_shuanghuaensis,0.9876192,0.012380805
Prismatomeris_khoonmengiana,0.975236,0.024764027
Marsdenia_tirunelvelica,0.88515943,0.11484055
Staelia_culcita,0.88457733,0.11542267
Ceropegia_filicorona,0.91208035,0.08791964
Chomelia_grandifolia,0.9576864,0.042313576
Dictyanthus_aeneus,0.9919638,0.00803619
Sebaea_rara,0.9873452,0.012654781
Keetia_abouabou,0.9682402,0.031759817
Pyrostria_lobulata,0.9682402,0.031759817
