"accepted_species","0","1"
"t108",0.500361079036513,0.499638920963487
"t120",0.50871510418353,0.49128489581647
"t155",0.500082668890766,0.499917331109234
"t157",0.543565958743872,0.456434041256128
"t166",0.594846380931561,0.405153619068439
"t182",0.364550108927163,0.635449891072837
"t205",0.294965858756403,0.705034141243598
"t211",0.260737122728033,0.739262877271967
"t217",0.811810725206183,0.188189274793817
"t228",0.940390118200222,0.0596098817997779
