accepted_species,0,1
t25,0.2697772241534335,0.7302227758465665
t26,0.3334877010200159,0.6665122989799841
t35,0.35485667428058254,0.6451433257194175
t37,0.24914855313647155,0.7508514468635284
t48,0.2672684942180972,0.7327315057819028
t57,0.3045644165675284,0.6954355834324716
t105,0.30393357304289104,0.696066426957109
t109,0.3217329284968702,0.6782670715031298
t116,0.31020112239802355,0.6897988776019764
t128,0.32795578945130566,0.6720442105486943
