accepted_species,0,1
t25,0.34155624581098964,0.6584437541890104
t26,0.34001697939136677,0.6599830206086332
t35,0.34013286124299713,0.6598671387570029
t37,0.34177518324117717,0.6582248167588228
t48,0.3407308774136535,0.6592691225863465
t57,0.34050864289631566,0.6594913571036843
t105,0.3405820939359402,0.6594179060640598
t109,0.340558577667164,0.659441422332836
t116,0.34058044578736735,0.6594195542126327
t128,0.3405647436154071,0.6594352563845929
