accepted_species,0,1
t108,0.5197546,0.4802454
t120,0.59021217,0.40978783
t155,0.5197546,0.4802454
t157,0.62787384,0.37212616
t166,0.66835546,0.3316445
t182,0.4367271,0.5632729
t205,0.37597334,0.62402666
t211,0.66835546,0.3316445
t217,0.55541885,0.44458112
t228,0.76188403,0.23811598
