accepted_species,0,1
t108,0.46391016,0.53608984
t120,0.6304388,0.36956117
t155,0.46391016,0.53608984
t157,0.46391016,0.53608984
t166,0.6304388,0.36956117
t182,0.6304388,0.36956117
t205,0.43802738,0.5619726
t211,0.6304388,0.36956117
t217,0.60576355,0.39423642
t228,0.6304388,0.36956117
