accepted_species,0,1
t21,0.3101632380008512,0.6898367619991488
t49,0.14637928300444325,0.8536207169955567
t44,0.19651542378511766,0.8034845762148823
t42,0.31057512076566995,0.68942487923433
t99,0.2210581862685932,0.7789418137314068
t13,0.5437723861358141,0.45622761386418587
t87,0.8371598530770945,0.1628401469229055
t88,0.8299239781457175,0.1700760218542825
t50,0.928449426458938,0.07155057354106194
t39,0.8864819486824773,0.11351805131752274
