accepted_species,0,1
t21,0.24431667799756018,0.7556833220024398
t49,0.21411774705595277,0.7858822529440472
t44,0.2195063251882049,0.7804936748117951
t42,0.2259670979754007,0.7740329020245993
t99,0.21696018692762098,0.783039813072379
t13,0.2264812594785175,0.7735187405214825
t87,0.13972607523991076,0.8602739247600892
t88,0.1457481715878286,0.8542518284121714
t50,0.13306646870404226,0.8669335312959577
t39,0.14232389174075888,0.8576761082592411
