accepted_species,0,1
t21,0.26446462,0.7355354
t49,0.28708643,0.7129136
t44,0.28708643,0.7129136
t42,0.26446462,0.7355354
t99,0.28708643,0.7129136
t13,0.26446462,0.7355354
t87,0.73773193,0.26226807
t88,0.73773193,0.26226807
t50,0.7118887,0.28811136
t39,0.7118887,0.28811136
