accepted_species,0,1
t21,0.5608337,0.43916628
t49,0.20857859,0.7914214
t44,0.20857859,0.7914214
t42,0.3811947,0.6188053
t99,0.57298684,0.42701313
t13,0.38458902,0.615411
t87,0.5095633,0.4904367
t88,0.5095633,0.4904367
t50,0.46996194,0.53003806
t39,0.46996194,0.53003806
