"accepted_species","estimate"
"t11",-0.415702844693726
"t114",-1.99186972976722
"t76",-1.84491785999265
"t107",-1.37062262452591
"t35",-1.65006279991025
"t79",1.05782633941746
"t138",1.10944653218541
"t72",1.17052457747882
"t100",0.674782370110337
"t57",1.03960876149671
"t58",1.03960876149671
"t21",1.97746851183454
"t119",0.450308957066393
"t6",0.429589812007618
