accepted_species,estimate
t11,0.5808386
t114,-1.3512359
t76,-1.1796647
t107,-1.4413766
t35,-1.3512359
t79,0.84768134
t138,0.5268769
t72,0.3193519
t100,0.6407356
t57,0.3193519
t58,0.33516213
t21,0.2922715
t119,-0.2677549
t6,0.39904442
