accepted_species,0,1
Tarenna_cinerea,0.8807061,0.11929394
Ixora_jourdanii,0.88797575,0.11202425
Ixora_eriantha,0.88797575,0.11202425
Coffea_decaryana,0.8869107,0.1130893
Neonauclea_sessilifolia,0.87705815,0.12294188
Isidorea_leonis,0.8798479,0.120152086
Randia_claesii,0.8844283,0.11557167
Elaeagia_ecuadorensis,0.8910945,0.10890547
Wendlandia_bouvardioides,0.88797575,0.11202425
Gonzalagunia_cuatrecasasii,0.87705815,0.12294188
