accepted_species,estimate
t112,0.7595855020424052
t104,-1.6814206768457365
t10,0.18758164169175173
t42,0.23706382734181947
t7,0.07047079126480972
t71,-1.0874597613127956
t58,-1.0392942683112785
t77,-0.8452920349330606
t132,-0.18286748027292915
t31,0.34288996730315563
t24,0.3295202223435657
t37,1.0337075816384251
t53,1.051143120673085
t142,-1.4529502557544813
t79,-0.07799502052752823
