"accepted_species","0","1"
"sp210",0.754117682127672,0.245882317872328
"sp229",0.753935966527893,0.246064033472107
"sp271",0.753936087586985,0.246063912413015
"sp283",0.78552869892913,0.21447130107087
"sp286",0.689138144631029,0.310861855368971
"sp322",0.8152261952493,0.1847738047507
"sp323",0.8152261952493,0.1847738047507
"sp326",0.442557569690551,0.557442430309449
"sp328",0.163938917135798,0.836061082864202
"sp332",0.828969840308197,0.171030159691803
