"accepted_species","estimate"
"t89",-0.306505888590237
"t97",0.575040155201673
"t55",-0.142161497010496
"t42",-0.439510823364588
"t43",-0.439510823364588
"t17",-1.0245680047424
"t31",-0.0620452050424529
"t47",-0.341729171569216
"t49",-0.341713512611163
"t66",-0.505365759626194
