accepted_species,0
t89,-0.3176314784419154
t97,0.574642666254891
t55,
t42,
t43,
t17,
t31,
t47,
t49,
t66,
