accepted_species,0
t66,
t69,
t92,1.49987467774767
t94,1.5961284421052748
t71,
t48,
t21,
t60,
t13,
t83,
