accepted_species,estimate
t66,0.80974793
t69,0.7137597
t92,1.2057469
t94,1.3158579
t71,-0.7528605
t48,-0.48945886
t21,-0.45090014
t60,-0.17109877
t13,-0.107912
t83,-0.55306697
