accepted_species,estimate
t66,0.9496172
t69,0.48681945
t92,1.3082634
t94,0.85223645
t71,-0.82977813
t48,-0.7381496
t21,-0.23941974
t60,0.6202782
t13,0.6346941
t83,-0.6948563
