accepted_species,estimate
t110,1.7284118
t16,-0.5556129
t30,0.7830408
t143,1.5169352
t144,1.5169352
t104,-1.3131307
t25,-1.1832105
t142,-0.74300665
t13,-0.47767282
t101,1.7009356
t69,0.38457078
t49,1.5686733
t70,-0.7266935
t27,-0.81458694
t63,0.07719828
t146,-0.036517315
