"accepted_species","estimate"
"t70",-0.930607782388791
"t137",-0.40344155550547
"t116",-1.29569187064436
"t119",0.361659193684698
"t25",0.277340164609282
"t41",0.965333727018617
"t45",0.531577947725498
"t99",-0.114964640118001
"t151",-1.28988463616071
"t103",-0.130848736054178
"t145",2.20332474656883
"t56",0.778600231482021
"t30",-0.648542562115043
"t90",-0.44864959743576
"t39",-0.553838250942329
