accepted_species,0
t70,-0.005379010822607118
t137,-0.36735266413403
t116,-0.005379010822607118
t119,-0.005379010822607118
t25,-0.005379010822607118
t41,-0.005379010822607118
t45,-0.005379010822607118
t99,-0.005379010822607118
t151,-1.29715126579634
t103,-0.005379010822607118
t145,2.22457508522122
t56,-0.005379010822607118
t30,-0.005379010822607118
t90,-0.005379010822607118
t39,-0.005379010822607118
