accepted_species,estimate
t70,-0.9253232
t137,-0.5518173
t116,-1.3771713
t119,0.47544238
t25,0.2708837
t41,0.8717281
t45,0.47501814
t99,0.095928326
t151,-1.2778041
t103,0.06771779
t145,1.8745196
t56,0.8432118
t30,-0.039970677
t90,-0.83609194
t39,-0.7232954
