accepted_species,0,1
t102,0.98716295,0.012837078
t103,0.98716295,0.012837078
t14,0.9908082,0.009191783
t52,0.9891214,0.010878597
t53,0.9891214,0.010878597
t79,0.42883563,0.57116437
t107,0.9350256,0.064974405
t128,0.114065886,0.8859341
t67,0.1131013,0.8868987
t66,0.81895626,0.18104374
t44,0.78376746,0.21623255
t91,0.97178584,0.02821416
t38,0.9325866,0.067413405
