accepted_species,estimate
t11,-0.014899222739610911
t93,-0.5740800965419891
t94,-0.5522877362161297
t46,-0.18009815655581346
t1,0.969238610738529
t65,-0.5608982995549853
t16,-0.6711676835851695
t79,-0.06466454295225182
t27,-0.7758888081670735
t69,-0.04896512972212513
