accepted_species,estimate
t11,-0.2613066238301014
t93,-0.37208051008285215
t94,-0.5680227457568281
t46,0.14129565335374017
t1,0.3884785461634202
t65,-1.0264221556504813
t16,-0.5692070125154687
t79,0.24476290789923827
t27,0.2039281503165874
t69,0.30927023498863637
