"accepted_species","estimate"
"t11",0.105431181628613
"t93",0.132874688049508
"t94",0.132874688049508
"t46",-0.999109675308445
"t1",0.576453970515256
"t65",-0.926106443270816
"t16",-0.881735369966437
"t79",0.668358993181317
"t27",-0.753834251706727
"t69",-0.173130404273063
