"accepted_species","0","1"
"t72",0.658163098903709,0.341836901096292
"t83",0.65795554112146,0.34204445887854
"t117",0.669753895527393,0.330246104472607
"t125",0.676603268308681,0.323396731691319
"t130",0.601544691760103,0.398455308239897
"t141",0.717750215993807,0.282249784006193
"t149",0.507947782211394,0.492052217788606
"t156",0.762996016316237,0.237003983683763
"t160",0.79223384278095,0.20776615721905
"t166",0.282135808765121,0.717864191234879
