accepted_species,0,1
t72,0.7029275701003314,0.29707242989966864
t83,0.2949335674506697,0.7050664325493303
t117,0.8283925940563052,0.1716074059436948
t125,0.4178893027935947,0.5821106972064053
t130,0.34303728854816196,0.656962711451838
t141,0.8222899743971072,0.1777100256028928
t149,0.5798528943746062,0.4201471056253938
t156,0.8390660454506118,0.16093395454938814
t160,0.7260523778790633,0.27394762212093676
t166,0.6258992767774474,0.37410072322255267
