"accepted_species","0","1"
"t62","0.500161019486916","0.499838980513084"
"t66","0.504153514718396","0.495846485281604"
"t120","0.528544984147644","0.471455015852356"
"t130","0.463632149540262","0.536367850459738"
"t131","0.463632149540262","0.536367850459738"
"t134","0.405083531643022","0.594916468356978"
"t137","0.376247860200749","0.623752139799251"
"t150","0.485292524698104","0.514707475301896"
"t168","0.727163439843744","0.272836560156256"
"t196","0.985871863162688","0.0141281368373119"
