accepted_species,0,1
t72,0.6780126,0.32198742
t83,0.48535544,0.51464456
t117,0.73846495,0.26153508
t125,0.5070497,0.49295035
t130,0.53011143,0.46988854
t141,0.7099472,0.29005274
t149,0.6359497,0.36405033
t156,0.72691834,0.27308166
t160,0.6832702,0.31672978
t166,0.624563,0.37543702
