accepted_species,0,1
t72,0.676769,0.32323095
t83,0.46682572,0.5331743
t117,0.7812355,0.21876448
t125,0.5555588,0.44444123
t130,0.3991915,0.6008085
t141,0.79308784,0.20691216
t149,0.5888817,0.41111833
t156,0.79308784,0.20691216
t160,0.5888817,0.41111833
t166,0.7086134,0.29138663
