accepted_species,0,1
t62,0.5857922,0.4142078
t66,0.90234923,0.097650744
t120,0.85684115,0.14315884
t130,0.53338826,0.46661174
t131,0.53338826,0.46661174
t134,0.34111613,0.65888387
t137,0.62049633,0.37950367
t150,0.4416312,0.5583688
t168,0.7909039,0.20909604
t196,0.70605123,0.29394874
