accepted_species,0,1
t62,0.55431294,0.4456871
t66,0.8232719,0.1767281
t120,0.23789358,0.7621064
t130,0.7073661,0.29263386
t131,0.7073661,0.29263386
t134,0.41307074,0.58692926
t137,0.7073661,0.29263386
t150,0.41307074,0.58692926
t168,0.8232719,0.1767281
t196,0.5736614,0.4263386
