accepted_species,0,1
t72,0.79891384,0.2010862
t83,0.09495354,0.90504646
t117,0.8778661,0.1221339
t125,0.120500445,0.87949955
t130,0.062678635,0.93732136
t141,0.9137739,0.08622612
t149,0.3312106,0.6687894
t156,0.9137739,0.08622612
t160,0.9269407,0.07305934
t166,0.24018985,0.75981015
