accepted_species,0,1
t128,0.93360436,0.06639564
t5,0.051900923,0.9480991
t116,0.51926076,0.4807392
t34,0.08638525,0.91361475
t121,0.21616638,0.7838336
t30,0.43905395,0.56094605
t72,0.800839,0.19916101
t45,0.82669866,0.17330131
t117,0.8727782,0.1272218
t8,0.04175979,0.9582402
t133,0.8454297,0.1545703
t130,0.5902751,0.4097249
t131,0.5902751,0.4097249
t88,0.70515645,0.29484355
t75,0.035263598,0.9647364
