accepted_species,estimate
t1,-0.0944480160420435
t3,-0.1934208882125071
t30,-0.2037965986059957
t17,-0.19943149674429136
t50,0.02028507667442727
t86,0.018492107197543038
t11,0.04488475394486097
t55,0.07617367766068388
t82,-0.17720745746647715
t27,-0.18505886973289
