"","c1","c2","c3","c4","c5","c6","c7","c8","c9","c10","c11","c12","c13","c14","c15","c16","c17","c18","c19","c20","c21","c22","c23","c24","c25","c26","c27","c28","c29","c30","c31","c32","c33","c34","c35","c36","c37","c38","c39","c40","c41","c42","c43","c44","c45","c46","c47","c48","c49","c50","c51","c52","c53","c54","c55","c56","c57","c58","c59","c60","c61","c62","c63","c64","c65","c66","c67","c68","c69","c70","c71","c72","c73","c74","c75","c76","c77","c78","c79","c80","c81","c82","c83","c84","c85","c86","c87","c88","c89","c90","c91","c92","c93","c94","c95","c96","c97","c98","c99","c100"
"t8",-0.0759287295161016,-0.0112458270425862,-0.00632227588634823,-0.0121504340791566,0.0114182658267825,0.0078303218787772,0.0660196394994171,-0.000585472019620131,0.0943429651140285,0.0038642374439851,0.00742990620469869,-0.0113964736751395,0.0541580411852649,0.150430474691588,0.629010024567432,-0.148398063772925,1.43021600378787e-05,0.153804577282863,0.00570146567768694,-0.000258350976899203,0.0326956414495182,0.000565684550507793,0.0201497039554798,-0.0234240131358371,0.00173797448807434,0.00409907673773446,0.00154532686483245,-0.0334357893197518,0.00385182414088374,-0.000265001174048518,7.95916518033246e-05,-0.000105663733281679,-0.000601224377817365,0.0111420349734305,0.00298913940445051,-0.00201831186321537,0.00192216405455317,-5.81324212989988e-05,0.00324231731120402,-0.000427759625073959,0.707106781186546,0.000106775327216308,-0.000669304726274965,-0.000284496070415302,3.17194185912766e-05,0.00274050520517679,-0.00109253757224604,1.27699954562698e-15,-0.000139139822400214,9.9137625298526e-05,4.53156561697325e-16,-0.000332918228211309,0.000509987184482036,0.000119660034175039,7.59266956546759e-17,-1.73449862596855e-15,-1.94940152248687e-16,-0.000435886014680941,-5.88323887434155e-05,-0.00121737389418218,-3.72926665300379e-16,-0.000250572409790517,-3.40580789711693e-05,-6.39650683693642e-05,1.73805847806184e-16,7.62891725922971e-16,-0.000788869117465014,-1.57331844433249e-16,1.32672295067111e-15,2.5588425222819e-05,-6.84502107727498e-16,2.03636490612349e-05,-2.09385161515239e-16,0.000131257113321292,0.000133050234380532,-2.592626419075e-15,2.686929237029e-16,4.17305449670118e-17,-1.02547989606484e-05,-6.8136452684683e-17,-1.62737985618775e-16,-3.02134797459093e-06,-9.27064475252182e-16,7.99623423124628e-06,4.00767048680543e-05,2.07472667235954e-16,-3.15171639809918e-16,6.25725150114896e-07,-7.06296090882017e-16,2.34333420137177e-06,-6.25802297845092e-16,7.28777490869955e-16,3.85467486105058e-16,2.46824535943054e-16,1.16518304756411e-15,-3.44331586225345e-16,3.24863179689778e-16,1.3904182312355e-15,4.44464480673043e-17,-0.1
"t9",-0.0759287295161013,-0.0112458270425862,-0.00632227588634756,-0.0121504340791563,0.0114182658267824,0.0078303218787769,0.0660196394994162,-0.000585472019619972,0.0943429651140288,0.00386423744398518,0.00742990620469881,-0.0113964736751392,0.0541580411852649,0.150430474691587,0.629010024567428,-0.148398063772924,1.43021600373658e-05,0.153804577282862,0.00570146567768615,-0.000258350976901067,0.0326956414495174,0.000565684550507721,0.0201497039554789,-0.0234240131358382,0.00173797448807649,0.00409907673773497,0.00154532686482926,-0.0334357893197533,0.0038518241408799,-0.000265001174052022,7.95916518075397e-05,-0.00010566373327827,-0.000601224377822632,0.0111420349734326,0.00298913940445122,-0.00201831186321976,0.00192216405456249,-5.81324212788089e-05,0.00324231731118737,-0.000427759625079925,-0.707106781186549,0.00010677532731411,-0.000669304726244726,-0.000284496070421746,3.17194185922352e-05,0.00274050520517023,-0.00109253757225754,-1.76297111668508e-15,-0.000139139822383914,9.91376252984968e-05,-4.46508004997443e-16,-0.000332918228211586,0.000509987184481601,0.000119660034176968,-3.73898017116329e-17,2.56061118124457e-15,-6.50790173821558e-17,-0.000435886014680018,-5.88323887432317e-05,-0.00121737389418048,1.41980792598338e-16,-0.000250572409790749,-3.40580789709616e-05,-6.39650683665252e-05,-4.64810000205536e-16,-1.24787742775968e-15,-0.000788869117463368,-1.06805927869498e-16,-3.27562795586662e-15,2.55884252212297e-05,-2.97848911663694e-17,2.03636490517103e-05,-2.97561515373929e-17,0.000131257113320525,0.000133050234381132,-1.72543147607322e-15,1.43031023327793e-16,3.63470232400525e-16,-1.02547989590533e-05,9.17596377453148e-16,7.31197447129471e-16,-3.0213479770186e-06,5.5710308589184e-16,7.99623423334092e-06,4.00767048667399e-05,2.86411115158344e-17,5.37544782274795e-16,6.25725150798871e-07,-6.31781009909838e-16,2.34333420192005e-06,2.36621968838886e-17,-1.77547710881487e-15,3.32636429614469e-16,-1.64766561279135e-16,3.08782856349925e-15,-1.51693124615399e-15,4.7852597052542e-16,1.44323245697167e-15,4.64247842527156e-18,-0.1
"t47",-0.103515773494239,-0.0345231073222588,0.0376487781331383,0.0137355271148019,-0.0149243803677956,0.0068245783719145,0.109444472691509,0.000491439670695923,0.32853271733843,0.239570039907796,-0.00522319024862091,0.0061263144325299,-0.0116715990033329,-0.030568013536081,-0.112905300510772,-0.058926807025568,-5.27467437603732e-09,0.0409295545329939,0.000513367300232314,-2.7345012535032e-05,0.00353944199060579,7.99536944214145e-05,0.0142400683459454,-0.0178828658356887,0.000285785196990555,0.00116716100286514,0.000981390182883251,-0.0503331776950778,0.00889808851724433,0.00012323035704244,-5.13438773321753e-07,0.000134379413356082,0.488007742301612,0.196395516762477,-0.00171179824788402,0.00025341254998431,-4.98527511937708e-05,4.70939305429689e-07,0.000712923745097504,-1.32316111556617e-05,-3.80251385934116e-15,6.4708655612889e-06,-4.31153774593759e-05,-2.54012065908894e-05,3.02838381643585e-06,0.00099473992845716,-0.000954667803854146,-1.86315573893047e-15,-1.68985429705374e-05,9.46575978497119e-05,1.28202659875691e-16,-4.41855176079986e-05,0.000231894170131934,5.44540194689084e-05,1.83672558068805e-15,1.39651406569973e-15,-1.61554243442107e-16,-0.00045244403230417,-8.07566569980021e-06,-0.00127575067063689,7.28190848564936e-15,-0.000128782366052792,-5.5159164013257e-06,-1.05851900593083e-05,-2.73166270676861e-15,-6.78365835449255e-15,-0.000419559037505483,3.77137987954384e-14,0.707106781186546,4.42010081191991e-06,-2.59492060645173e-15,3.59537027812594e-06,5.45001685897987e-16,2.33704359552236e-05,0.000150375774959525,-5.96390292855605e-15,2.00269546268496e-15,-5.13095738722683e-16,-1.90854553346572e-06,-4.06375575657505e-15,2.98258511935577e-15,-5.70352936149061e-07,-3.77403630102274e-15,1.51426547642481e-06,2.30670248882264e-05,7.72683338388505e-16,-1.79137839226797e-15,1.20285611277658e-07,-5.91839889750759e-16,2.72516909409881e-06,1.93495769110983e-15,1.54066236473541e-15,1.90948537737339e-16,4.48326676777465e-15,-6.99844362308355e-17,-1.64222306821329e-15,1.25051229505414e-15,2.20167930029913e-15,-3.65988764826143e-18,-0.100000000000001
"t48",-0.103515773494239,-0.0345231073222595,0.037648778133138,0.0137355271148012,-0.0149243803677958,0.00682457837191433,0.109444472691509,0.000491439670695803,0.328532717338431,0.239570039907797,-0.00522319024862115,0.00612631443252965,-0.0116715990033328,-0.0305680135360817,-0.112905300510774,-0.0589268070255673,-5.27467470307378e-09,0.0409295545329928,0.000513367300232067,-2.73450125356197e-05,0.00353944199060598,7.99536944212555e-05,0.0142400683459453,-0.0178828658356844,0.000285785196991634,0.00116716100286569,0.000981390182883349,-0.0503331776950745,0.0088980885172454,0.000123230357041981,-5.13438771986166e-07,0.000134379413357799,0.488007742301611,0.196395516762467,-0.00171179824788455,0.000253412549984881,-4.98527511928169e-05,4.7093930633255e-07,0.000712923745097961,-1.32316111536826e-05,9.43689570931383e-16,6.47086555930391e-06,-4.31153774587895e-05,-2.54012065904301e-05,3.0283838145346e-06,0.00099473992845982,-0.000954667803852841,1.55452691170875e-15,-1.68985429729587e-05,9.4657597848603e-05,-3.88599337586021e-17,-4.41855176070293e-05,0.000231894170135727,5.44540194585043e-05,-1.31087510309611e-15,1.80244533219584e-16,8.19287428383389e-16,-0.000452444032290696,-8.07566569910601e-06,-0.00127575067066182,-6.19585699675817e-15,-0.000128782366057047,-5.51591639271162e-06,-1.05851900642499e-05,2.58737262181029e-15,7.19845554308924e-15,-0.000419559037537993,-3.72167125444169e-14,-0.707106781186549,4.42010080194073e-06,9.94312177650171e-16,3.59537018221367e-06,-1.42026106122487e-15,2.33704359585658e-05,0.000150375775023496,1.91977195615772e-15,-1.80948209289122e-15,8.02487288038631e-16,-1.90854553800715e-06,2.22935890321222e-15,-2.75584898343883e-15,-5.70352951533316e-07,3.51037582337566e-15,1.51426548574675e-06,2.30670249027035e-05,-3.89252029079912e-16,1.92665435428515e-15,1.20285621064569e-07,-1.01234913917488e-15,2.72516910841094e-06,-3.63543053763713e-15,-1.25533755472347e-15,4.69270221847319e-16,-3.91377972512914e-15,2.71023380541934e-15,7.87378047971718e-16,-2.13994983783576e-16,5.64889920438326e-16,-6.16371952309425e-17,-0.0999999999999985
"t55",-0.10364848243402,-0.0346203345061676,0.0378041016986634,0.0138291797639262,-0.0150263611045597,0.00690716888396003,0.110850501447814,0.000498268259669743,0.334447323454943,0.244096522378057,-0.00535033363662316,0.00628529114145309,-0.0120710434030768,-0.0316348310652952,-0.117013627122014,-0.0616164326525953,-5.5564825858064e-09,0.0433763471351773,0.000567275553618001,-3.05679262883717e-05,0.00396409408949338,9.21033452302842e-05,0.0174447948055712,-0.0227943825783567,0.000380170258856546,0.00174834266626936,0.00181193973492021,-0.103436449888284,0.0224440965194234,0.000347050863952145,1.42364946864891e-06,-0.000154039972637866,-0.503520270363708,0.0791634952814945,-0.000921162667378722,0.000171201491953679,-3.73807615964461e-05,3.60860895608778e-07,0.000566954478481825,-1.06895757824925e-05,2.62290189567693e-15,5.43057308674332e-06,-3.63626107365941e-05,-2.20925934838288e-05,2.6519584148678e-06,0.00087820461814579,-0.000845367588134051,3.70941888209295e-16,-1.52483261363763e-05,8.55823710747913e-05,1.95054518617922e-15,-4.02882303296625e-05,0.000212013161882058,4.97918269007847e-05,-3.21988263169036e-16,-1.63410077373645e-15,-1.45293352519927e-16,-0.000417159149918418,-7.4461149977986e-06,-0.00117903198395764,-2.40135640175135e-15,-0.000120116460396153,-5.14791053053515e-06,-9.90091060552843e-06,-1.46211059831936e-15,-2.8744066575912e-15,-0.000393408409547722,-7.94618849970045e-15,3.4268106524498e-15,4.15344776506429e-06,2.2478979241614e-14,3.38575939967115e-06,1.25695948981697e-14,2.20247271019795e-05,0.000141736752941775,0.707106781186544,-1.90470916506938e-14,2.99953401400934e-15,-1.80650109708134e-06,-1.19733365929503e-14,-3.32460979475053e-15,-5.40575758793692e-07,-2.40808322478631e-14,1.43562885187222e-06,2.18872978543124e-05,2.94589190388749e-15,-8.05328241201471e-16,1.1419621994938e-07,-1.88537935562558e-15,2.58894835330332e-06,-2.72671995460006e-15,-1.20332423378631e-15,-1.65705458216855e-15,-4.78748611510629e-16,1.74031308486439e-15,-1.42863924289998e-15,1.30358433880242e-15,-2.38846334162e-15,3.19570888961909e-16,-0.100000000000013
"t56",-0.10364848243402,-0.0346203345061679,0.0378041016986633,0.013829179763927,-0.0150263611045594,0.00690716888395974,0.110850501447814,0.000498268259669278,0.334447323454945,0.244096522378057,-0.00535033363662278,0.00628529114145329,-0.0120710434030765,-0.0316348310652958,-0.117013627122015,-0.0616164326525974,-5.55648275141743e-09,0.0433763471351774,0.000567275553618638,-3.05679262886706e-05,0.00396409408949461,9.21033452303018e-05,0.0174447948055703,-0.0227943825783557,0.000380170258856379,0.00174834266626939,0.00181193973492065,-0.103436449888281,0.0224440965194228,0.000347050863952862,1.42364946966663e-06,-0.000154039972638178,-0.503520270363707,0.0791634952814894,-0.000921162667379736,0.000171201491953371,-3.73807615974419e-05,3.60860895908931e-07,0.000566954478482969,-1.06895757834083e-05,1.79023462720806e-15,5.4305730869534e-06,-3.63626107403357e-05,-2.20925934850092e-05,2.65195841443516e-06,0.000878204618144173,-0.000845367588132292,-1.32997034107043e-15,-1.52483261365616e-05,8.55823710804039e-05,-1.61479219192188e-15,-4.02882303269747e-05,0.000212013161880676,4.97918268951822e-05,2.5033495100921e-16,1.2286851583021e-15,-3.71488758864585e-17,-0.000417159149911916,-7.44611500016038e-06,-0.0011790319839541,1.19753086069864e-15,-0.000120116460392993,-5.14791052793749e-06,-9.90091061225272e-06,8.32128540229936e-16,3.26329393216294e-15,-0.00039340840953896,8.25258535195078e-15,-4.3516894138302e-15,4.15344771990611e-06,-2.27234836813546e-14,3.38575939979778e-06,-1.27672604898037e-14,2.20247271045396e-05,0.000141736753297828,-0.70710678118655,1.93950950799918e-14,-3.01463878677877e-15,-1.80650110504154e-06,1.40701515041655e-14,3.49839632506984e-15,-5.40575756332286e-07,2.42462133451792e-14,1.43562886574316e-06,2.18872978403112e-05,-2.42437840455687e-15,7.61060342883941e-16,1.14196228954293e-07,7.23211433194892e-16,2.5889483341239e-06,2.81985099570136e-15,9.72549974474015e-16,2.52549008798178e-15,1.8292668864934e-16,2.09516237455076e-15,-1.14046479032494e-16,-4.15055433506589e-16,5.07199979958736e-15,-4.53667469309895e-16,-0.0999999999999854
"t5",-0.100787476909189,-0.0325363922913042,0.0344912689223187,0.0118516049348771,-0.0128730483123769,0.00519647234288122,0.0818053366272106,0.000357734303600891,0.214478729030948,0.152569317352881,-0.00282722548248695,0.0031476006962311,-0.00440046855567869,-0.011193550027544,-0.0386715617652744,-0.0118048587267966,-4.59648670270074e-10,-5.35695894013279e-05,-0.00028057295573728,1.85817103006149e-05,-0.00247993207469837,-7.96978930075606e-05,-0.0220599003623344,0.033186964797182,-0.000615899933853111,-0.0033614000152703,-0.00391365139665067,0.228507947947626,-0.0502743990122248,-0.000776533030759037,-1.97737391956e-06,6.09527148368618e-05,0.0970432766093705,-0.912465050171016,0.0109312085414013,-0.00312213129496701,0.00211265109678014,-5.9841778555892e-05,0.0299886083377372,-0.000335142944007281,-2.19269047363468e-15,7.59134731408511e-05,-0.000467757780681568,-0.00017796823222829,1.94131734230504e-05,0.00574917634507342,-0.00531262970139562,1.77203669035147e-15,-7.4489058185219e-05,0.000407282481486465,3.39634059979642e-16,-0.000171390944743629,0.000870060276836527,0.000203990885512265,-8.78769370820091e-16,-2.30825303848574e-15,-8.98048473680821e-16,-0.00152940725485209,-2.72870386602749e-05,-0.00418779986361837,-2.40487207863425e-16,-0.000376599745882357,-1.60043859732104e-05,-2.98544601357778e-05,3.56712469664938e-16,-1.04658657056094e-15,-0.00114626221107593,-5.07907328062965e-16,7.37842658104469e-15,1.17469386655894e-05,6.99836560872626e-16,9.29019089425606e-06,6.37890673803963e-16,5.9786630683253e-05,0.000383986133933878,2.06585692327499e-15,6.40086099001032e-16,2.813286166239e-16,-4.60887224580354e-06,1.03277026367456e-15,4.91910837309625e-17,-1.35303915177593e-06,-1.3896136906805e-15,3.57815687000161e-06,5.39010663456701e-05,-3.50483259299917e-17,4.76140285582667e-18,2.79005804240447e-07,-5.04269617609076e-16,6.26385731750428e-06,-8.94160290045265e-16,-5.64427427616262e-16,6.52513965680447e-16,4.84447470920747e-17,1.42656604479025e-15,-9.82572747593194e-16,3.38842764658883e-16,1.04816510492624e-15,-4.3393683128198e-17,-0.1
"t4",-0.104376780913167,-0.0363109538672234,0.0434673242871484,0.0485719260600181,-0.0540374058440863,0.000802227546284111,0.0154418399088542,7.71810048190867e-05,0.0436552185049744,0.0284644422512368,-2.11700184983872e-05,-0.000221990768958653,0.00336186643800618,0.00958607845450837,0.0423057572833508,0.119514465814202,6.13838709870628e-10,-0.0186612605794597,-0.00079624223389117,4.95550585382516e-05,-0.00656372391584949,-0.000197691411278578,-0.0539899154316103,0.0830122410870508,-0.00159214256028684,-0.00968781829251367,-0.0137013557468484,0.87775739741682,-0.227049382175005,-0.00379457852915995,0.000304177738728453,-0.000379374578336984,-0.0832797050219508,0.274196381425183,0.0018810187670042,-0.00191447350025536,0.00184539004099836,-5.79113408152331e-05,0.189546672305485,-0.000181135101117405,-1.5404344466674e-15,6.67843125671537e-05,-0.000419543376509549,-0.000174530126061974,1.93821933696196e-05,0.0059915748505196,-0.0242503154126989,-8.67118804511083e-16,-7.66553282517265e-05,0.00170979699297558,-1.65940906437825e-15,-0.000178926369965144,0.000911697902197227,0.000213791965762693,7.10968026690624e-16,1.95497707257982e-15,1.83898325001704e-16,-0.00591109225835195,-2.31471660144429e-05,-0.0160077431580627,-2.31098556571251e-16,-0.000394646555533696,-1.67792586347326e-05,-3.13396788658054e-05,-5.51888497231191e-17,6.54443551184216e-18,-0.0012042701635066,-7.76324878401962e-17,2.97047573567473e-16,1.23454773732367e-05,-4.5767612850946e-16,9.76559609381996e-06,2.10700765748512e-16,6.29578534905946e-05,0.0013196419740113,-9.71849718053434e-16,-4.96050008185453e-16,4.38786366601999e-16,-4.83659179557797e-06,7.27449582220238e-16,1.16812432143346e-15,-1.41907455676178e-06,-3.85736680115933e-16,3.75225422170219e-06,5.64991066768803e-05,4.20487278573351e-17,-3.69598347802417e-16,2.92363113492237e-07,-2.03274593520272e-16,2.04162669705757e-05,-2.08104376199182e-16,-3.25971320286559e-16,6.29995413120079e-17,-2.76565915127659e-16,2.27598337404234e-15,-8.92407485946925e-16,5.22340694011165e-17,1.17770239658515e-15,3.86430257675102e-17,-0.0999999999999998
"t70",-0.113918496091319,-0.0448475626318694,0.0611056299420308,0.10198132584267,-0.113807734543784,-0.00245834129229331,-0.0287146930124455,-8.15708422625282e-05,-0.000513979715990414,0.00270601880575326,-1.16307340226154e-05,-0.000146679554838621,0.00446915207149011,0.0134457547424838,0.0669473638950992,0.519981463103822,-1.63759618308177e-08,0.0808621945397339,0.000610225853559242,-3.19114109705838e-05,0.00412289026702856,9.26599102665343e-05,0.0173542679954711,-0.0228560077136899,0.000386409022530572,0.00186582153624543,0.00212568370363285,-0.127260834131499,0.0301003532587907,0.000486073980482916,-2.8797147329587e-05,3.28706340052436e-05,0.00712868749378301,-0.0107121338019147,-3.67667632754327e-05,-3.87523414296822e-05,0.000143129844555731,-6.34340848188451e-06,0.0946110598627394,5.60814247672753e-05,-1.65145674912992e-15,1.65937745186594e-06,-1.51775753912825e-05,-1.73654267554549e-05,2.26355286786718e-06,0.000952043797616727,-0.0199355459536505,1.6122193019845e-16,-1.44830310560618e-05,0.00176412103341851,-1.6840838591187e-15,-4.69053300530905e-05,0.00027117671848852,6.40228031573918e-05,7.36542449663704e-16,-4.495664447321e-15,2.82132739156864e-15,-0.0194368880244583,1.83088398699916e-06,-0.3709948428876,5.9576821211682e-16,-1.33679769727432e-05,-7.82083716478877e-07,-2.61523146869682e-06,-5.41196792813595e-16,1.56364678271048e-15,-0.000137370757250653,-5.75660137499371e-16,2.4096124331791e-15,1.67178403255036e-06,-8.29888284567114e-16,1.5058258368316e-06,1.40260878495377e-15,1.01650780541189e-05,0.000786856942781411,-2.7910213242977e-14,-3.115086349749e-15,2.80811518167836e-15,-9.27232032067221e-07,-2.31943259127157e-15,-6.75387979970647e-15,-2.84801268862219e-07,-0.707106781186551,7.6038975819802e-07,1.17595249624334e-05,1.09688402524793e-14,2.61843764232262e-15,6.18999123370465e-08,-4.06565099742127e-15,1.51771910116123e-05,4.93419959027317e-15,-5.44229068722897e-15,2.4187039763327e-15,-6.12657801043811e-15,-1.88961203982633e-15,7.18241239171283e-16,2.7413372589803e-15,1.84375953710595e-15,2.07655312645423e-15,-0.0999999999999976
"t71",-0.113918496091319,-0.0448475626318694,0.0611056299420307,0.10198132584267,-0.113807734543784,-0.00245834129229334,-0.0287146930124456,-8.15708422624929e-05,-0.000513979715991601,0.00270601880575291,-1.16307340223415e-05,-0.00014667955483886,0.00446915207148991,0.0134457547424842,0.0669473638950994,0.519981463103823,-1.63759617007009e-08,0.0808621945397333,0.000610225853559804,-3.19114109699167e-05,0.00412289026702757,9.26599102665342e-05,0.0173542679954715,-0.0228560077136895,0.000386409022531076,0.00186582153624604,0.00212568370363306,-0.127260834131499,0.0301003532587909,0.000486073980483542,-2.87971473283628e-05,3.28706340057394e-05,0.00712868749378376,-0.0107121338019158,-3.67667632750934e-05,-3.87523414297584e-05,0.000143129844556298,-6.34340848157321e-06,0.094611059862739,5.60814247661706e-05,-3.46944695195361e-16,1.65937745265128e-06,-1.51775753914252e-05,-1.73654267565399e-05,2.26355286721711e-06,0.000952043797615782,-0.0199355459536519,8.09589822015632e-16,-1.44830310561049e-05,0.00176412103341962,3.13782776462415e-16,-4.69053300539952e-05,0.000271176718489309,6.40228031607753e-05,-5.58701098582357e-16,-5.06464172530958e-15,3.03826108141358e-15,-0.0194368880244605,1.83088398676141e-06,-0.370994842887607,-1.08554792853996e-15,-1.33679769769487e-05,-7.82083716524382e-07,-2.61523146801678e-06,4.61175959339376e-18,-1.51748023207286e-15,-0.000137370757245921,5.87118591189992e-16,9.6121843054348e-15,1.67178403673232e-06,5.5658581763399e-16,1.50582583124322e-06,-3.61483257469229e-16,1.0165078050366e-05,0.000786856942785083,2.08216386441635e-14,4.04064127089445e-15,-1.25754386175231e-15,-9.27232037153654e-07,1.28080025358856e-15,7.7448129164944e-15,-2.84802186861e-07,0.707106781186545,7.60389661007832e-07,1.1759524947059e-05,-1.01206920104253e-14,-2.86576524285618e-15,6.18998622746083e-08,2.69760248707773e-15,1.5177191001406e-05,-7.07784136624156e-15,5.17208252665367e-15,-1.54956179877072e-15,5.75816299903689e-15,6.37141411847792e-15,-2.16272542377968e-15,-3.42302682949174e-15,-5.7261284931717e-17,-2.22777758132164e-15,-0.100000000000004
"t38",-0.113259362300455,-0.0442897816909955,0.0600123808448905,0.0990736458688633,-0.110556419427322,-0.00234208372733673,-0.027286339374473,-7.72380254527198e-05,-0.000480285943595211,0.00252174347964869,-1.06701728527593e-05,-0.000133985174763338,0.00400011441095616,0.0120161476261266,0.0596310533517929,0.454478152070419,-1.41153578558767e-08,0.0689904942443235,0.000493865042840504,-2.5552523801067e-05,0.00329597172260344,7.25352932277888e-05,0.0131618483283678,-0.0170914262848718,0.000285559553476948,0.00134894101593593,0.00150594651325031,-0.0895999838861211,0.021022617666628,0.000338453292214563,-1.95534241945461e-05,2.21692735673284e-05,0.00480354899734008,-0.00689807521970148,-2.31597959428808e-05,-2.32670280752708e-05,8.09958763949126e-05,-3.5146124567512e-06,0.0497858491386606,2.86017787204665e-05,8.04911692853238e-16,7.47653740144995e-07,-6.67111498309817e-06,-5.81256586623671e-06,6.73004242454023e-07,0.000228807884641396,-0.00427786394396683,-7.59564715721065e-16,8.31786663307417e-07,-0.00018662224343104,2.11067127762816e-15,1.94371397024396e-05,-0.000155214143588486,-3.71922148084772e-05,-1.3794567768869e-16,1.08517617040056e-14,-6.8647510898277e-15,0.031179512005641,-2.95070744924115e-06,0.849289445670863,4.37753803422255e-16,-0.000238744447439308,-9.75885269551487e-06,-1.62631964276643e-05,-8.19442841143293e-17,-1.52606838709858e-16,-0.000571197206079603,-3.08482817317527e-16,-1.4787193413404e-14,5.53786513453352e-06,-8.0258410616812e-16,4.20546853923586e-06,-1.40062713553619e-15,2.69851741720731e-05,0.0020704149824063,-3.26510955775129e-17,2.71842917933233e-17,-1.02146927915684e-15,-1.96321802894848e-06,2.27543835982532e-15,-1.33006127307338e-15,-5.71580762963851e-07,3.87242521882413e-15,1.50925272680172e-06,2.26494751667062e-05,-1.18834372088853e-16,5.13681156416152e-16,1.16997887020691e-07,-8.21436542486399e-16,2.80576427575202e-05,-4.90316945587936e-17,-2.04170865167712e-16,4.81546897079002e-16,6.7650681995811e-16,9.46428118255324e-16,-5.57076255791833e-16,1.66546121915922e-15,2.25708873601413e-15,3.13857953309917e-16,-0.100000000000001
"t82",-0.121824368325057,-0.0523385801255755,0.0773986640116749,0.157238970347877,-0.175687203677294,-0.00684463972502246,-0.0907043591479271,-0.00031892504187464,-0.0887993970577942,-0.0527933162854351,2.71952693259511e-05,0.000266895001082686,-0.00347263591421066,-0.00990429796429771,-0.0440480393685221,-0.184111698692658,3.54882215810539e-09,-0.0113178572694828,6.5916320460385e-05,-4.56715140361579e-06,0.000611166280210036,1.94677987763232e-05,0.00509843250249967,-0.00752721579921817,0.000138637354341996,0.000771983096389172,0.000990479960416022,-0.0613878168719675,0.0151723120826424,0.000249043998795187,-1.68275599704624e-05,1.98807589597955e-05,0.00433132411978667,-0.00817909514429515,-3.14059375118734e-05,-4.27691981667329e-05,0.00022655738459012,-1.16479755465389e-05,0.269236737575744,0.00022786792259736,-5.32213162429684e-15,-1.74337451154255e-05,0.000101053808511489,3.52794583994448e-05,-4.55302685048471e-06,-0.00318218186032813,0.216550402164275,-3.75684939601646e-15,-3.78639622876805e-07,-0.0102296331291845,8.08267521361287e-16,-6.99009501197427e-08,2.25049059535869e-06,5.59556740291657e-07,4.73847707722487e-17,2.57566054867828e-15,-9.96941327782574e-16,-0.0455801945774285,6.49007058245621e-05,0.00166310852270923,2.21218355679201e-16,-4.71427328088245e-06,-2.28309065934166e-07,-6.34296999426026e-07,4.74616301571676e-16,-1.24864176456011e-15,-3.63376123000227e-05,-2.37492175443207e-15,2.2952852127108e-15,5.62764450452608e-07,1.38947529660999e-15,1.12060886161806e-06,6.36108133725049e-15,3.86605424736536e-05,0.245330659855347,7.13765722662609e-14,-9.16235520893555e-15,2.57284538073442e-15,-7.13054305794586e-08,4.77026228963982e-16,1.37271095953787e-14,-3.15791590897785e-08,-6.6854174347065e-15,8.82792815903211e-08,1.47723817103267e-06,1.7167047810121e-14,-8.90171103944624e-16,7.54260185319653e-09,1.64997848168815e-13,-0.818463579666566,-1.39915854213673e-13,-5.21133385670797e-14,-3.12673485152615e-14,-1.35095007779899e-14,1.71762170727165e-14,1.87440813997758e-15,-3.23965368931354e-15,6.92878142152714e-15,2.41083231790725e-15,-0.100000000000033
"t83",-0.121834920906645,-0.0523482507145744,0.0774191076698626,0.157304362703337,-0.175760408629587,-0.0068492629638106,-0.0907686277931914,-0.000319165449632619,-0.0888808931639519,-0.0528435090847864,2.72261424357139e-05,0.000267211173833638,-0.00347752902558736,-0.00991841611907591,-0.0441123783142914,-0.184416419044136,3.55518086344559e-09,-0.0113392346799371,6.60712509237994e-05,-4.57827798710929e-06,0.000612663090053937,1.95186288044955e-05,0.00511291031459484,-0.00754931730906344,0.000139055281039274,0.000774418278216053,0.000993726549227846,-0.0615912834361024,0.0152233095974749,0.000249885429704774,-1.68867689191748e-05,1.99514315895969e-05,0.00434674199180198,-0.00821009352468513,-3.15282409748873e-05,-4.29448067846222e-05,0.000227540927815028,-1.16994486443455e-05,0.270474326166647,0.000228938145642623,-4.55885329486705e-15,-1.7521675662889e-05,0.00010156967409952,3.54785070362113e-05,-4.57950833027702e-06,-0.00320148546020686,0.217887249544775,-3.91820673428612e-15,-3.81339271984826e-07,-0.0103040242806104,5.56787111889948e-16,-7.04627656718495e-08,2.26929061913842e-06,5.64240061485305e-07,1.18008444913458e-16,9.01569260111196e-16,-6.57676736997495e-16,-0.0460227699899179,6.55313272392773e-05,0.00168013426842061,-1.4567323293669e-15,-4.77834749101367e-06,-2.31491958705393e-07,-6.44086002638971e-07,-1.2356142174795e-15,-2.34466856899343e-15,-3.69807389275517e-05,-1.94246194195286e-15,1.21069147544559e-14,5.74291767066602e-07,-1.8232316864848e-15,1.14827656675962e-06,5.53480694631568e-15,3.96938700625909e-05,0.251990505261058,5.91635482819781e-14,-3.07060325268232e-15,2.12676104844889e-15,-7.52389855471495e-08,-7.89191733745765e-15,-8.78141757445732e-15,-3.42968473436284e-08,8.20822522250485e-15,9.69843379996135e-08,1.72913665688809e-06,-5.267319096808e-15,5.01936239285625e-15,1.00807213908797e-08,-9.39709855846778e-14,0.406261678682276,0.707106781186615,-5.0339406650654e-12,1.54233911763742e-14,-8.14231231033666e-14,-3.43769670885545e-14,5.48756527238664e-15,4.59289352920411e-15,-3.80448929701486e-15,1.28238568432282e-15,-0.0999999999999893
"t84",-0.121834920906645,-0.0523482507145744,0.0774191076698626,0.157304362703337,-0.175760408629587,-0.00684926296380986,-0.0907686277931914,-0.000319165449632761,-0.0888808931639519,-0.0528435090847867,2.72261424356806e-05,0.000267211173833603,-0.00347752902558787,-0.00991841611907578,-0.0441123783142914,-0.184416419044137,3.55517972716084e-09,-0.0113392346799369,6.60712509237117e-05,-4.5782779873964e-06,0.000612663090053844,1.95186288042573e-05,0.00511291031459417,-0.00754931730906367,0.000139055281039926,0.000774418278215995,0.000993726549227892,-0.0615912834361021,0.015223309597475,0.000249885429705605,-1.68867689192998e-05,1.99514315888001e-05,0.00434674199180045,-0.00821009352468433,-3.15282409749263e-05,-4.29448067848807e-05,0.000227540927815326,-1.16994486445704e-05,0.270474326166646,0.000228938145643375,-5.19029264012261e-15,-1.75216756624469e-05,0.000101569674100129,3.5478507035603e-05,-4.57950833192772e-06,-0.00320148546020596,0.217887249544773,-3.75843621785798e-15,-3.81339269734298e-07,-0.0103040242806081,-9.34300514459611e-16,-7.0462765278938e-08,2.26929061817432e-06,5.64240062821172e-07,-5.43613860799421e-16,3.85799173643997e-15,-3.90543841786605e-16,-0.0460227699899174,6.55313272392313e-05,0.00168013426842175,-2.85438157870523e-16,-4.77834749106721e-06,-2.31491959342745e-07,-6.44086000911729e-07,-2.74317076246286e-15,8.64910467351821e-16,-3.69807389324063e-05,-1.41028448586081e-16,1.76996632410051e-14,5.74291769763243e-07,1.75429111632064e-15,1.14827656326093e-06,9.03778943868352e-15,3.96938700571766e-05,0.251990505261056,5.37234554613148e-14,-7.86812765514257e-15,1.27898878372228e-15,-7.52389787774052e-08,1.21040545975819e-14,-1.22847064583225e-14,-3.42968454017693e-08,-3.47687211167492e-15,9.6984332152117e-08,1.72913670470166e-06,-7.73218115587967e-15,-2.71286193841704e-15,1.00808165673355e-08,-7.04959815688267e-14,0.406261678682516,-0.70710678118648,5.08551653634523e-12,1.65751815035269e-14,9.43395557334064e-14,2.31536455965687e-14,-7.77739571096885e-15,-7.87115160056908e-16,1.06072933064164e-15,-2.54947067495039e-15,-0.0999999999999833
"t62",-0.121268749950757,-0.0518280820408476,0.0763172049128416,0.153765817707796,-0.171799021920509,-0.00659738532168992,-0.0872641816260728,-0.000306040892113821,-0.0844125437663623,-0.0500890921008742,2.55236361623365e-05,0.000249752868755401,-0.00320572349864658,-0.00913382842235184,-0.0405335068365439,-0.167377677947295,3.19834021067439e-09,-0.0101363394152479,5.72432323312913e-05,-3.94278701167998e-06,0.000527143085740356,1.66015056884419e-05,0.00427676311195019,-0.00626944703290424,0.000114800873409023,0.00063253933585425,0.000803918669217131,-0.0496836127995228,0.0122348068162698,0.000200552612696701,-1.34016494183599e-05,1.57872807774629e-05,0.00343817174485671,-0.00637139699453816,-2.42521069685411e-05,-3.24339423633052e-05,0.000168271827261022,-8.59065158295225e-06,0.195342004528536,0.000163776736019388,-3.87884169228414e-15,-1.21132024915363e-05,6.97822900389601e-05,2.30156749416575e-05,-2.91274854791944e-06,-0.00197728965908898,0.132830292758178,-3.11516774152862e-15,-2.04425171998917e-07,-0.00540717931664953,-1.76158560826735e-15,-3.25690943389473e-08,9.88196689728447e-07,2.44937823110724e-07,2.87601945322936e-16,-3.59284888995117e-15,-1.35954994821134e-16,-0.0144733380689694,2.05663139263409e-05,0.000444287179416951,-6.09715043215085e-16,4.81846322438736e-07,3.34185623887733e-08,2.21634550521743e-07,2.95180159048837e-15,4.15939313086879e-15,2.58580396595536e-05,5.27690876108092e-15,-4.10468091895733e-14,-7.18092530872247e-07,-3.04627929021803e-15,-2.83852794092806e-06,-2.64004484215768e-14,-0.000133000105830368,-0.89871136637998,-2.27701434196643e-13,2.43108533375419e-14,-5.32597468289349e-15,-6.24961300274403e-07,-1.76813461040188e-15,7.26375211691494e-15,-1.63606476887227e-07,2.60208341389354e-15,4.25124847102705e-07,6.15905505013745e-06,-3.90607254116065e-15,-1.18165356676968e-15,3.12957963628682e-08,-2.84904591477011e-15,0.00445237106233355,1.64858957384179e-15,-5.37750201813343e-17,1.0395094849052e-15,-6.62024826269411e-16,8.54436937664187e-16,-1.8181331664316e-15,6.54797672966887e-16,-9.48264772091696e-17,-5.98251352927461e-16,-0.0999999999999865
"t65",-0.120345998423996,-0.050968687504539,0.0744763335439374,0.147725272891512,-0.165035880927888,-0.00615081026551116,-0.0810201933744931,-0.000282497682495533,-0.0761953750482091,-0.0449980641202165,2.2285023734017e-05,0.000216281587824158,-0.00266536611166918,-0.00756982979229384,-0.0333578022834515,-0.132080670058308,2.44152478989066e-09,-0.00754128652286003,3.65136437799421e-05,-2.42572767346192e-06,0.000322476844828651,9.39402487196198e-06,0.00211209366958463,-0.0028879813983738,4.96357374533044e-05,0.000239491779928922,0.000263303806560804,-0.0154824787102891,0.00355811421651155,5.67409785507461e-05,-2.90050543247167e-06,3.13003247332938e-06,0.000673296866876267,-0.000446171743127441,-1.63265496771749e-07,4.40303870906401e-06,-5.3858459233585e-05,3.33342416400337e-06,-0.109070901364968,-0.000108868136892191,4.95437024738976e-15,1.33990930581924e-05,-8.35931654579235e-05,-5.21483168576697e-05,8.02027334918022e-06,0.00720257855087237,-0.546600267537312,8.40564877141834e-15,3.13493180236351e-06,0.110255889594637,9.35667793930963e-16,-2.65233128554441e-06,3.49295233536049e-05,8.45010943792008e-06,3.54467343733756e-15,-3.25771286194385e-15,-4.03560749369811e-15,-0.246228511328437,0.000349673941931008,0.00755450598355983,1.46555951310233e-15,-1.24744797131035e-05,-5.83397781222521e-07,-1.4172551143911e-06,2.70186821057448e-16,-3.88026862759942e-16,-6.73917811040222e-05,-3.77345108944185e-15,-4.88418776514573e-15,8.09533742530969e-07,-1.66461774475073e-15,8.10271990176387e-07,1.18715889273186e-15,1.01104098905493e-05,0.0370426105493703,-7.62017655523071e-15,-4.3266629942326e-17,-5.44643056788322e-15,-4.05485067767226e-07,-0.707106781186547,4.98847451696152e-15,-1.26496516527351e-07,4.16533093165573e-16,3.38722944602562e-07,5.27910891300364e-06,1.17866990355944e-15,-2.36041390844629e-15,2.79216329219345e-08,2.12834107416963e-15,0.000353865218507818,-9.67081291976336e-15,1.75093974064942e-15,2.66549545549492e-15,2.68339682096085e-15,7.13537360231023e-16,-1.717885367291e-15,6.93509694248529e-16,2.22376272221228e-15,-2.17426471534806e-15,-0.100000000000005
"t66",-0.120345998423996,-0.050968687504539,0.0744763335439374,0.147725272891512,-0.165035880927888,-0.0061508102655112,-0.0810201933744931,-0.000282497682495143,-0.076195375048209,-0.0449980641202163,2.22850237345842e-05,0.000216281587823946,-0.00266536611166926,-0.00756982979229394,-0.0333578022834517,-0.132080670058308,2.44152438227511e-09,-0.00754128652286008,3.65136437801532e-05,-2.4257276730858e-06,0.000322476844829017,9.39402487153076e-06,0.00211209366958436,-0.00288798139837366,4.96357374532104e-05,0.000239491779929084,0.000263303806561008,-0.0154824787102893,0.00355811421651086,5.67409785520863e-05,-2.90050543266869e-06,3.13003247235661e-06,0.000673296866879153,-0.000446171743126449,-1.63265497415819e-07,4.40303870907593e-06,-5.38584592343523e-05,3.33342416453967e-06,-0.10907090136497,-0.000108868136891982,5.9535709695524e-15,1.33990930568287e-05,-8.35931654573208e-05,-5.21483168581735e-05,8.02027335033836e-06,0.00720257855087325,-0.546600267537312,8.33734138459741e-15,3.13493180406488e-06,0.110255889594635,4.46994807259557e-17,-2.65233128608271e-06,3.49295233537615e-05,8.45010943829833e-06,3.16360168843285e-15,-1.26489352749613e-15,-3.06176348114591e-15,-0.246228511328435,0.000349673941931523,0.00755450598355661,-4.33002499080453e-17,-1.24744797118033e-05,-5.83397780698111e-07,-1.41725511236006e-06,-1.78025009223897e-15,-1.19550717716084e-15,-6.73917810963197e-05,2.58983163256171e-15,1.63837250452706e-15,8.09533741508442e-07,2.19904743485204e-15,8.10271998028399e-07,1.190488596078e-15,1.01104098854149e-05,0.0370426105493667,1.955253197247e-14,-3.34346897230484e-17,6.60298558318541e-15,-4.0548507734596e-07,0.707106781186548,-3.33371484016218e-15,-1.26496561485501e-07,-3.26108067590525e-15,3.38722925122697e-07,5.27910891798031e-06,-3.25125113814891e-16,2.12751910309027e-15,2.79216345289623e-08,-3.67326799468519e-15,0.000353865218505849,1.06480031543528e-14,-1.66929762363208e-15,-2.29942392520334e-15,-2.13202350684475e-15,3.28354784093588e-15,-6.07641743491135e-19,2.29736676543104e-16,1.66943867271681e-15,1.92162730289834e-15,-0.100000000000001
"t37",-0.119021123425814,-0.0497543164285006,0.071909090394498,0.139516032515577,-0.155845887445783,-0.00557140476873461,-0.0729684526652021,-0.000252393994737843,-0.066014008682966,-0.0387309509678066,1.84447102131676e-05,0.000177000297715087,-0.00206148699318176,-0.00582844099681018,-0.025431979817773,-0.0948421517736551,1.66976895544379e-09,-0.00496076262901886,1.84591357020958e-05,-1.14016946317799e-06,0.000149769751780269,3.63670848155547e-06,0.000523599303430318,-0.000501002789208057,5.12660005814047e-06,-1.26948134615313e-05,-6.35172309952353e-05,0.00481270957887394,-0.00146680633840761,-2.57765706962367e-05,2.66995903984656e-06,-3.44041603927402e-06,-0.000757800458655584,0.00218504510311307,9.71244987303373e-06,1.68958813158952e-05,-0.000111083006669303,6.07553992853079e-06,-0.159437885275951,-0.00014382855643095,3.92741394961149e-15,1.3234845260378e-05,-7.88184155332711e-05,-3.24268539377781e-05,4.26302096753814e-06,0.0029189093895502,-0.191988022460097,5.32698449912074e-15,-5.46489443674818e-07,-0.0292348677105893,-8.75708127466392e-16,2.27405314338457e-06,-4.10803499359767e-05,-1.0087134473986e-05,-9.76611442369779e-15,-1.61023174176546e-15,1.22523960022545e-14,0.914377874860887,-0.00130629738272696,-0.0458966217033815,1.56205350111704e-16,-9.45481150384565e-05,-3.95337293931594e-06,-7.05050724190911e-06,2.36027564616637e-15,-1.17043443247568e-16,-0.000262761089136469,2.3811415983855e-16,1.10294224891279e-14,2.66955886664078e-06,-1.10203252941429e-15,2.20779562656413e-06,1.29073436143252e-15,2.0087864982891e-05,0.0463373380589178,1.37677267525822e-14,-1.99190891559613e-15,-1.21628671106337e-16,-9.90606008106471e-07,-1.21739182471233e-15,-2.01031426122238e-16,-2.93090558501314e-07,8.82549814929005e-16,7.76365226853503e-07,1.17501798307441e-05,-5.12528087535995e-16,-6.99234862191041e-16,6.10156864458809e-08,-8.06999064382507e-16,0.000394638709365253,3.16697807076464e-16,-2.30050422364209e-16,3.86269291357568e-16,5.82716256039134e-16,1.2020136458955e-15,-1.12623577360329e-15,2.75516569598224e-16,1.61384770473976e-15,7.50204531493146e-17,-0.0999999999999997
"t21",-0.116413264590651,-0.04734722951335,0.066790837263315,0.122960952724732,-0.137311838966602,-0.00437833321815795,-0.0563426819739775,-0.000189994021033408,-0.0446028601513597,-0.0255117798535111,1.02021038949914e-05,9.22792909337363e-05,-0.000728537151519027,-0.00197784479139151,-0.00783894151642767,-0.0103341438026623,-1.10926915926838e-10,0.0010675681407291,-2.66254851656971e-05,2.11557081762516e-06,-0.000288568596131148,-1.13981489376683e-05,-0.00381491472560675,0.00615550312383042,-0.000121228401433822,-0.000753549987896395,-0.00105590966857826,0.0670844109500113,-0.0170978347096803,-0.000283812750576166,2.08887520559523e-05,-2.52005261795376e-05,-0.00550532844247825,0.0117414759825291,4.73658584398211e-05,7.05548886431072e-05,-0.00040612759259796,2.1375171666251e-05,-0.516880702745958,-0.000446171382142021,4.53803661315533e-15,3.50583170181651e-05,-0.000202371963413731,-5.29160578815659e-05,4.7998636800565e-06,-0.0001870814606912,0.172441996424566,-1.49881578044197e-15,-1.62110051073562e-05,-0.7743168040543,5.11963470244879e-15,-7.42039181769997e-05,0.000372543386637059,8.7356488419208e-05,3.00685496637585e-15,1.9149190838347e-16,-4.24926055824756e-15,-0.166793205835478,0.000225399220521906,-0.0175469288955867,-8.77460034756992e-16,-0.00012401117002891,-5.29515880515951e-06,-1.00161868746013e-05,8.22273427488614e-16,6.35923294906464e-17,-0.000389337608706396,4.01533013966523e-16,-3.72483226564752e-16,4.03040711702154e-06,-1.75615152809326e-15,3.24375191962824e-06,3.84023736247645e-16,2.24846995983333e-05,0.0122952987073564,-2.70418013049584e-15,-1.01795670256629e-15,1.10864902154935e-15,-1.6115838358533e-06,-9.71159227308861e-16,3.19694451245157e-16,-4.75791353548054e-07,-1.59999469561343e-17,1.25978226392096e-06,1.90427996906377e-05,-3.10718942639085e-16,5.9737606770595e-16,9.87953769698896e-08,-9.19911323156939e-16,0.000145298934726556,-1.59158281580736e-15,-8.00886768453542e-16,-1.08220929823058e-16,-4.63266946107156e-16,1.94808832152325e-15,-8.20304410350198e-16,1.31171384147555e-15,1.04799789989776e-15,-2.89464617549889e-16,-0.100000000000001
"t19",-0.115567475830966,-0.0465680196555745,0.0651365472335557,0.117626382946986,-0.131339680400264,-0.0039959858975386,-0.051018423145603,-0.000170030926012603,-0.0377783984938533,-0.0213016136854695,7.58850427398606e-06,6.54484249399349e-05,-0.000308827437970831,-0.00076592671320422,-0.00230702515886681,0.016095042388682,-6.65601338821328e-10,0.00293980303726561,-4.04118467972411e-05,3.10796068546541e-06,-0.000422114114959952,-1.59495642354941e-05,-0.00511543086864491,0.00814193013396253,-0.000158791952317489,-0.000972214435480179,-0.00134681766820543,0.0852997137656209,-0.0216573586742537,-0.000359001215478616,2.61499530288462e-05,-3.14688499356611e-05,-0.00687247029102996,0.0144457542103646,5.79247130478583e-05,8.52831722500966e-05,-0.000484679724514539,2.53988012373683e-05,-0.607739415693776,-0.000521187200140506,3.69149155687865e-15,3.97634014480917e-05,-0.00022791061089452,-5.07018506440841e-05,3.53503769265084e-06,-0.00270639262949622,0.418068975572644,-6.34269927238841e-15,-5.01582929805158e-05,0.612299257907357,-3.13042828871943e-15,-7.68012282198212e-05,0.000394379584138465,9.25190832492976e-05,-4.06274598814247e-16,1.28926996803012e-15,1.03454202629494e-15,-0.0808919627989423,0.000101357188980531,-0.0245671782010487,1.96078173135405e-16,-0.000147304859940406,-6.27717002607257e-06,-1.18007525343216e-05,-1.55700080160403e-15,-8.70980194581709e-16,-0.000456093273111889,-3.83981241292151e-16,-4.8618291506981e-16,4.69949398422472e-06,5.83998943707953e-16,3.75476406480213e-06,1.53449807334496e-16,2.53353739175204e-05,0.00905604169266432,2.6564572206576e-15,9.69696232052757e-16,-1.15208947304217e-15,-1.86172413583842e-06,3.11671335694741e-16,5.74916886035197e-17,-5.48370420384878e-07,-1.31704937908268e-15,1.45123899251903e-06,2.19067191182879e-05,9.65955227646298e-16,1.12162618443755e-16,1.13552101393125e-07,-1.43648621011913e-16,0.000113796539206187,2.29145299473183e-16,1.08630483643456e-16,6.49633940830533e-16,1.54438192919967e-15,1.5422444395271e-15,-1.11764631961751e-15,2.55201671754607e-16,1.34932829403664e-15,3.80670917887135e-16,-0.0999999999999999
"t27",-0.105242105315267,-0.0355900278044529,0.0380095474354766,-0.0591764497303497,0.0686981058755051,0.0123849838899828,0.27925880713199,0.00330991766217909,-0.139266250069353,-0.054370499847855,-0.00106992287331076,0.00154326394788888,-0.00416168307544012,-0.0109956763297787,-0.0411656230337402,-0.00758808921564443,-3.31031068480259e-09,0.0345171071548739,-3.81891029462665e-05,4.97565713903978e-06,-0.000719467214621247,-5.55233446581729e-05,-0.413920933113883,-0.166016486617945,0.000105702028912478,0.000944684300109862,0.000577107858778742,-0.0254304595202297,-0.00323309989696226,2.09902321698043e-05,8.25926293135879e-06,-1.21526377895084e-05,-0.000382908218426922,0.00678501587170327,0.000351488214046191,-0.000273009818244036,0.000273902132211021,-8.40239160187439e-06,0.00187456789412258,-6.22264433636228e-05,2.83106871279415e-15,1.62551052020016e-05,-0.000102468921374756,-4.56817617307438e-05,5.20588622084669e-06,0.00378550701479053,-0.000605286176617184,1.40502296938219e-17,-2.39983745298682e-05,5.93739091304333e-05,2.40629209939341e-15,-6.87905512588347e-05,0.00388525129609345,0.405611519928132,2.57886866977997e-14,0.707106781186564,-5.42492196101e-15,-0.000232552263568739,-9.34750558280806e-06,-0.000663041831317557,-8.1273112380911e-16,-0.000312338542038626,-6.13208474912718e-06,-1.18739275742403e-05,1.22121742150932e-15,1.13167294983335e-15,-0.0159054008778405,1.77377621481149e-16,-4.04062669038587e-15,4.49769402552032e-06,-1.22590214497988e-15,3.70761771229731e-06,-6.93340845431924e-16,2.40937383216562e-05,7.55115021755202e-05,-2.34454115138153e-15,8.80886083215494e-16,1.62322104358057e-16,-1.95036583933295e-06,-7.74906740916634e-16,2.39928875960338e-16,-5.80410850037019e-07,-7.83906027875415e-16,1.53949032459884e-06,4.85404975503499e-05,7.86261011249109e-16,-5.68013061767794e-16,1.21720942496436e-07,-9.9468016121877e-16,1.37327952058183e-06,1.74939118742032e-15,-1.38174248380977e-16,2.53019881437504e-16,-8.21453332042885e-16,1.71895532956993e-15,-1.27903705911397e-15,1.2685364079704e-16,1.25600662187051e-15,-9.82707474239026e-17,-0.0999999999999998
"t28",-0.105242105315267,-0.0355900278044529,0.0380095474354765,-0.0591764497303497,0.0686981058755051,0.0123849838899828,0.27925880713199,0.00330991766217908,-0.139266250069353,-0.0543704998478547,-0.00106992287331087,0.00154326394788858,-0.00416168307544044,-0.0109956763297782,-0.0411656230337394,-0.00758808921564443,-3.31031055162169e-09,0.0345171071548738,-3.81891029461448e-05,4.97565713896249e-06,-0.000719467214620989,-5.55233446582649e-05,-0.413920933113884,-0.166016486617946,0.000105702028913488,0.000944684300109683,0.000577107858778406,-0.0254304595202278,-0.00323309989696136,2.09902321701627e-05,8.25926292951531e-06,-1.21526377904687e-05,-0.000382908218426187,0.00678501587170715,0.000351488214045718,-0.00027300981824317,0.000273902132212466,-8.4023916042065e-06,0.00187456789412388,-6.22264433654623e-05,-1.45716771982052e-15,1.62551052051555e-05,-0.000102468921372204,-4.56817617286766e-05,5.20588622071121e-06,0.00378550701478944,-0.000605286176610732,2.16202478671714e-15,-2.39983745327441e-05,5.93739091306564e-05,3.27378630247001e-15,-6.87905512368335e-05,0.00388525129614427,0.405611519928191,-1.47928222862829e-14,-0.70710678118653,2.1363121660426e-15,-0.000232552263569288,-9.34750557598908e-06,-0.000663041831299714,-1.57517746484151e-15,-0.000312338542038815,-6.13208475058187e-06,-1.18739275735862e-05,-1.29013903276018e-15,7.41882037266843e-16,-0.0159054008778398,5.57125431686592e-16,-2.69448127302787e-15,4.4976940295211e-06,4.9091419362299e-16,3.70761771432969e-06,9.34256686691665e-16,2.409373832524e-05,7.55115021825639e-05,-5.63357686183356e-15,1.5760394509606e-16,2.01300780884932e-16,-1.95036583886929e-06,9.30326435953221e-16,-7.92706149039865e-16,-5.8041084855004e-07,-1.53330656949741e-15,1.53949032400694e-06,4.85404975512641e-05,5.02620113730274e-18,4.63986536435826e-16,1.21720941123237e-07,1.87906790603492e-17,1.37327952004072e-06,-1.15974008178685e-15,4.92870547635174e-16,4.97991974488066e-16,4.89441117133091e-16,1.80287003295097e-15,-1.18228082291665e-15,5.85511554849024e-16,3.32473411756559e-15,4.10933435617428e-16,-0.100000000000001
"t24",-0.105211005456248,-0.0355673275239074,0.0379745544717276,-0.0590890508175671,0.0685964391991076,0.0123542832761384,0.278529539712883,0.00330066785485548,-0.1387820984155,-0.054173828582031,-0.00106518509729658,0.00153608431236658,-0.00413792006096166,-0.010932011971577,-0.0409201611173048,-0.00753535297026179,-3.28489579831329e-09,0.0342335850099713,-3.77692158989979e-05,4.91814357835527e-06,-0.000711088964812669,-5.48149215236488e-05,-0.407942990482221,-0.163493890088614,0.000104029296110908,0.000928627383528842,0.00056667200284214,-0.0249621383457689,-0.00317216446031533,2.05912046217795e-05,8.09110978392101e-06,-1.19008168520447e-05,-0.000374955287908327,0.00662755563639036,0.000342914680712281,-0.000265646321187694,0.000265643781070257,-8.13953380243541e-06,0.0018107553757001,-6.00043879553504e-05,-9.99200722162641e-16,1.55682354359574e-05,-9.80063691236491e-05,-4.30621106376239e-05,4.87777248580739e-06,0.00351056284277488,-0.000558438427123862,-2.06053029082815e-15,-2.02974700863139e-05,4.8905728820211e-05,-5.88784420689312e-15,-3.04593131404797e-05,-0.00585778532805101,-0.819076562217809,-1.1317839198732e-14,-3.40704988991178e-14,3.30338607241145e-15,-0.000283633845049947,-1.13910322900505e-05,-0.000771308158129804,1.90703494028212e-15,-0.000335886887690926,-6.57611179066948e-06,-1.26224324759567e-05,8.35041363465996e-16,2.18417678917415e-15,-0.0167735842627142,4.80936024179507e-16,5.45166684882885e-15,4.71607875031992e-06,-6.65259925559087e-16,3.86840839045047e-06,-5.11923508773433e-16,2.50987560658509e-05,7.86390315909408e-05,9.46513182974222e-16,9.74209809929307e-17,7.97187266657421e-16,-2.01606718172689e-06,5.22428322411543e-16,6.76363940459902e-16,-5.98770950600981e-07,1.47335945106298e-15,1.58752351090722e-06,4.99974190883411e-05,-2.90582292477978e-16,7.62943618516781e-17,1.25282751959144e-07,-7.55437597390592e-16,1.4122356917189e-06,-1.06769982067162e-15,-4.19373977541216e-16,4.96286071237324e-16,-4.72134023323599e-16,1.40334983788129e-15,-1.34123296715464e-16,2.8727245073712e-16,1.59452091367979e-16,1.52881207194203e-16,-0.0999999999999985
"t89",-0.107086479192147,-0.0369826079947478,0.0402192807383983,-0.0650353478359585,0.0755157201984621,0.0147019124788688,0.335232054323185,0.00403697943070869,-0.181090346387762,-0.0717161437933094,-0.00154537553923845,0.00229242683276503,-0.00721804726504079,-0.0193313917219848,-0.074605540925082,-0.0169450999313287,-9.12436750603488e-09,0.117041249146135,0.000247366876332722,-1.8255400409269e-05,0.0024668551029268,9.76387346514352e-05,0.366079302937614,0.11330367486336,-5.86181639293182e-05,-0.000358089495747513,-0.000151507230170173,0.00592294220625936,0.00063960690003552,-3.89328547911884e-06,-8.1043010460498e-07,9.53072270082345e-07,2.9061929554394e-05,0.000187863613090007,2.30082510134309e-05,-3.53980898116714e-05,5.10969187709773e-05,-1.70412971460253e-06,0.00044271798271396,-1.57422321040588e-05,-9.29811783123569e-16,4.92068721551309e-06,-3.18003478724956e-05,-1.67474604160327e-05,1.98643161022063e-06,0.00151745733858538,-0.0002472146990243,8.66054179556396e-16,-1.10100045907449e-05,2.74987761402095e-05,1.33146832154989e-15,-2.99907709410387e-05,0.000377627093674855,0.00194960621680681,-6.11161070422163e-17,-6.38338175019398e-16,-5.00048482599798e-16,-0.000154560722763293,-6.21430690615631e-06,-0.000453190483642654,-5.29737555763534e-17,-0.000299365079316693,-6.2107466516813e-06,-1.68379593805494e-05,6.54571314830675e-15,3.63864533074599e-14,-0.384940772617391,5.27608930639292e-15,1.28551745049624e-14,-2.26965366652748e-06,1.36999197365243e-15,2.19572089692413e-07,9.48548990010253e-18,3.4500596381818e-06,1.17797472143138e-05,-5.24919366450705e-15,2.02641248620021e-15,2.48959814639704e-15,-7.21536315789877e-07,-1.25607094835646e-16,-3.76145059023109e-15,-2.35389627173552e-07,7.05063691683741e-15,6.34982839890107e-07,2.08995367202422e-05,-6.18524489494787e-15,1.45058894298431e-15,5.37358500428053e-08,3.86102585709606e-15,6.2340202158812e-07,-8.64658101608223e-14,-7.48491210799355e-14,-4.3775972879359e-14,-0.707106781186547,1.05822018498424e-14,1.23077751741189e-15,-5.48106532416988e-15,3.002256011146e-15,-8.59840468064414e-16,-0.0999999999999982
"t90",-0.107086479192147,-0.0369826079947478,0.0402192807383983,-0.0650353478359585,0.0755157201984622,0.0147019124788687,0.335232054323185,0.00403697943070861,-0.181090346387762,-0.0717161437933094,-0.00154537553923874,0.00229242683276492,-0.00721804726504122,-0.0193313917219844,-0.0746055409250819,-0.0169450999313288,-9.12436769715452e-09,0.117041249146134,0.00024736687633267,-1.82554004097282e-05,0.00246685510292616,9.76387346515271e-05,0.366079302937613,0.113303674863359,-5.86181639291741e-05,-0.000358089495747909,-0.000151507230170587,0.00592294220626013,0.000639606900035822,-3.89328547870471e-06,-8.10430104581463e-07,9.53072270308825e-07,2.90619295536862e-05,0.000187863613090132,2.30082510132812e-05,-3.53980898130012e-05,5.1096918770653e-05,-1.70412971523409e-06,0.000442717982715695,-1.57422321049944e-05,-1.346145417358e-15,4.92068721478911e-06,-3.18003478721302e-05,-1.67474604161295e-05,1.98643161101294e-06,0.00151745733858545,-0.000247214699024233,-2.07965283010003e-15,-1.10100045915104e-05,2.74987761384741e-05,-1.02425517639853e-15,-2.99907709417388e-05,0.000377627093675109,0.00194960621680644,5.39650881619051e-16,3.23132311992211e-16,-1.69765020473739e-16,-0.000154560722764282,-6.21430690604877e-06,-0.000453190483643826,2.35101424452325e-16,-0.000299365079317006,-6.21074665138453e-06,-1.68379593810404e-05,7.35629563246464e-15,3.55033184561378e-14,-0.384940772617391,5.52652968796232e-15,4.76442421300662e-15,-2.26965366308856e-06,-4.16478980522113e-15,2.19572088488909e-07,9.61021395843464e-16,3.45005963651239e-06,1.17797472135027e-05,-4.65244878877103e-15,8.59047638265817e-16,-3.73006553447101e-15,-7.21536314605399e-07,4.81488536474334e-15,4.61922293222883e-15,-2.35389622323985e-07,-4.60670484172674e-15,6.34982826023328e-07,2.0899536725294e-05,5.70044738127147e-15,-1.44669862586422e-15,5.37358842661286e-08,-4.29243334959436e-15,6.23401998724614e-07,8.81167604614842e-14,7.40380712900736e-14,4.49744471069541e-14,0.707106781186547,-7.08905676817539e-15,-3.04360779983829e-15,5.95900334300951e-15,-3.84175209344926e-16,2.48819248314605e-17,-0.0999999999999976
"t52",-0.106661773259626,-0.0366684381453164,0.0397292063684094,-0.0637795008895945,0.0740546434072003,0.0142356256301301,0.324062801287878,0.00389360269250957,-0.17320365338742,-0.068475877315374,-0.00146132225506584,0.00216203099745791,-0.00672478826273136,-0.0179939765479603,-0.0693082566094083,-0.01556976647888,-8.31769321176809e-09,0.106084107200273,0.000217927340137138,-1.599440240264e-05,0.00215952423471681,8.45710821325525e-05,0.312209877641021,0.0959838013081978,-4.93838572181615e-05,-0.000298658751717249,-0.000125221343282421,0.00488197955866953,0.000525347076879785,-3.19358292684959e-06,-6.57696926763319e-07,7.7127991838244e-07,2.35097572170689e-05,0.000149209134752453,1.81182093878535e-05,-2.73802598806476e-05,3.87114683628533e-05,-1.28196594879087e-06,0.000327576772541121,-1.15369433860227e-05,3.46944695195361e-16,3.4828631167932e-06,-2.23647217160355e-05,-1.109218504318e-05,1.28822121698743e-06,0.000953296325702799,-0.00015310915409185,7.11076547105998e-16,-5.89059045322538e-06,1.43445554114899e-05,-1.89589552568673e-16,-1.33616895014494e-05,0.000155519205905478,0.000799528317281184,-1.12188360581036e-16,3.43945629775875e-16,2.88883279341452e-16,-3.86734764680478e-05,-1.54931384211782e-06,-8.09269673960412e-05,-2.25956737090065e-17,0.0001351595755124,3.36631262086449e-06,1.70740081481198e-05,-1.57362412030763e-14,-7.83830712892874e-14,0.838350220144942,-1.2334173301065e-14,-1.93150686633449e-14,1.32448409621485e-05,1.80372782801753e-15,6.31231158128827e-06,-1.50839835435071e-15,3.67044770372319e-05,0.000112996453621007,2.72994918187209e-15,-2.67125408067352e-15,1.46676740435374e-15,-2.09192272431072e-06,-4.01932571790642e-15,-3.53395149406634e-16,-5.87152444542239e-07,-3.14049434241333e-15,1.54005034688832e-06,4.71771531918181e-05,9.72849283333867e-16,1.47034577497154e-18,1.16310534100187e-07,-1.68301570355018e-15,1.28762795432552e-06,-3.55717339052024e-15,-5.96329015857179e-17,-2.48377935231669e-16,3.12631147172273e-16,2.27674830943602e-15,-1.72048127208879e-16,8.98128725844246e-16,8.30118708517978e-16,7.46410297283637e-16,-0.100000000000004
"t22",-0.0998653037840274,-0.0314672583817491,0.031379508969241,-0.0410950768237544,0.0476546670622881,0.00480540350681419,0.0945715957253242,0.000881428546531205,0.0075732678606069,0.00721721652938957,0.000745442459101431,-0.00138324296077556,0.0094309810388427,0.0265098654431844,0.113292084633835,0.0444962488608595,3.62024704179466e-08,-0.656309178090315,0.00242531878127979,-0.000111940866968302,0.0142269294040557,0.000271367576451621,0.0981738950553405,-0.08233034593166,9.41618736618574e-05,0.00126880661551575,0.000914853977784029,-0.0416880650885816,-0.00549418313867351,3.60922078766314e-05,1.52507374017772e-05,-2.27427152765849e-05,-0.00071776904557586,0.0134473049861021,0.000707021897896673,-0.00055966714830016,0.000567397261310121,-1.74391555883996e-05,0.00390011759881922,-0.000129523575052116,8.18789480661053e-16,3.37749768774609e-05,-0.000212761532139518,-9.39816848305672e-05,1.0668648015e-05,0.0077095836369035,-0.00122912190270244,-1.30889892365067e-15,-4.69130739717386e-05,0.000114983226100802,-0.707106781186548,-0.000114426195393519,0.00134178219889955,0.000395852111387948,-2.29493052560373e-15,-1.13265234124987e-15,2.00720872045357e-15,-0.000501072870723261,-2.01331687691906e-05,-0.00139785523728616,9.66807426292153e-16,-0.00062390913235224,-1.21968448126224e-05,-2.30660821284529e-05,3.04446774232877e-16,-1.72918121291492e-16,-0.00236944330864005,4.49771258956744e-17,-4.78964042844228e-16,9.28050778274166e-06,-1.03795784193485e-15,7.43699807465725e-06,-2.08444135242995e-16,4.80549051492113e-05,0.000150464954369513,-6.68253878019945e-16,1.99624415878734e-16,1.0665003318458e-15,-3.80039369202789e-06,-2.74869520980295e-16,4.21594457852523e-18,-1.12414620275998e-06,3.36298301636025e-16,2.97778697126306e-06,9.35435242223285e-05,1.06791232790437e-16,-1.86873737267226e-16,2.34001917953714e-07,-1.05350865750197e-15,2.63218272751563e-06,1.1853071668514e-16,-1.78073835888198e-16,3.32847728485888e-16,-1.36780660212501e-15,1.71138601697259e-15,-5.17486386341188e-16,1.42397744142158e-16,2.9375547215092e-15,4.04286601641932e-16,-0.100000000000001
"t23",-0.0998653037840274,-0.0314672583817491,0.031379508969241,-0.0410950768237544,0.0476546670622881,0.00480540350681425,0.0945715957253243,0.000881428546531354,0.00757326786060669,0.00721721652938947,0.000745442459101418,-0.00138324296077553,0.00943098103884277,0.0265098654431844,0.113292084633835,0.0444962488608592,3.62024703063797e-08,-0.656309178090314,0.00242531878128088,-0.000111940866968508,0.0142269294040555,0.000271367576451692,0.0981738950553408,-0.0823303459316614,9.41618736618798e-05,0.00126880661551491,0.000914853977784457,-0.0416880650885795,-0.00549418313867383,3.60922078765637e-05,1.52507374016473e-05,-2.27427152774783e-05,-0.000717769045576013,0.0134473049861031,0.000707021897897843,-0.00055966714830153,0.000567397261311075,-1.74391555886904e-05,0.00390011759882118,-0.00012952357505341,-9.71445146547012e-17,3.37749768811177e-05,-0.000212761532139129,-9.39816848299189e-05,1.06686480147638e-05,0.00770958363690428,-0.00122912190270094,9.81887825250086e-16,-4.69130739715888e-05,0.000114983226109173,0.707106781186548,-0.000114426195335964,0.00134178219888034,0.000395852111377897,2.50464809187314e-15,1.50412734203408e-15,-2.42772467027457e-15,-0.000501072870720973,-2.01331687679333e-05,-0.00139785523728941,-9.75371146956184e-16,-0.000623909132354087,-1.21968448122856e-05,-2.30660821289174e-05,-3.64346372335251e-16,7.15525115222986e-16,-0.00236944330863965,2.71811795865357e-17,-3.48748329941653e-17,9.28050778190421e-06,2.26507056651698e-17,7.43699807666168e-06,-1.19047571703182e-16,4.80549051492203e-05,0.00015046495436737,-4.23484534462826e-15,2.95658057789e-17,-7.23920538355387e-16,-3.80039369284434e-06,8.0759792802616e-16,-1.93541957992375e-16,-1.12414620138915e-06,-1.91190332322992e-15,2.97778697255974e-06,9.35435242220992e-05,4.85254983833037e-16,2.05490305769013e-16,2.34001918557945e-07,-5.80835178058298e-17,2.6321827287857e-06,-1.26924806409498e-15,-3.19058458469762e-17,3.57832055638757e-16,1.09897018060718e-15,1.62760048916304e-15,-8.54948062631306e-16,5.518800718819e-16,-4.13758696058238e-16,-4.30597505325344e-16,-0.100000000000001
"t20",-0.111717988680236,-0.0416422277128269,0.0500523167559879,-0.12615770875371,0.147117237184992,-0.00984414495481446,-0.145213162366319,-0.000939842275575403,-0.0123134233388929,-0.00684295890998949,-0.000269151339598981,0.000418090169246302,-0.00133622479318203,-0.00355170025347991,-0.0134418793427745,-0.00252146383638094,-1.06559488564622e-09,0.0104664557857539,-1.44992210355598e-05,1.74658954310138e-06,-0.000249222497181109,-1.55550052265166e-05,-0.0229752185148782,0.0737654684201356,0.000577554358528044,0.000734398655827371,0.000423568839783324,-0.0226993978733808,-0.0441873049879389,-1.99441827966818e-05,1.58989243423862e-06,-2.45248256222281e-06,-7.7488931131926e-05,0.00110869894010012,4.53492610997725e-05,-1.18286627397099e-05,-2.15572458903223e-05,1.06568764644027e-06,-0.000479527429416983,2.13539475371945e-05,4.3159920082303e-15,-1.26536112648761e-05,9.09539828052405e-05,0.000145377501511551,-3.11743459481711e-05,-0.906692186543963,-0.0114541000253827,6.46700396791085e-15,-6.49008143503218e-05,0.000149175410778758,4.56097409627268e-15,-0.00014461186544714,0.28710555564007,-0.00200170179555572,-2.19656358524275e-15,1.07889765713772e-14,1.52654868194059e-16,-0.000316790381597078,-1.27284246638019e-05,-0.000876277219646844,-3.02342530132701e-16,-0.0304052088102966,-6.34105038160691e-06,-1.26476055339434e-05,-1.1359438952273e-15,4.59225573344763e-17,-0.00104506696326544,5.27363048773028e-16,-8.42857796485921e-16,4.95925222662905e-06,4.66044243419518e-16,3.91421502443557e-06,-8.44075136279496e-18,2.51610296179333e-05,7.87075350503098e-05,-1.52954557581908e-15,4.61305858850052e-16,-1.18497305230659e-16,-1.93623809575071e-06,7.84214111529183e-16,5.54656884101523e-16,-5.68599738732814e-07,-1.48376381152503e-15,1.50401764680226e-06,0.00214038363019563,1.00893663557869e-15,-1.15090913727102e-16,1.17181629063436e-07,-1.02452085128202e-15,1.31440966562453e-06,-1.13509758349178e-15,-8.76065255794629e-16,4.93185104240956e-16,5.49509759850128e-16,1.72243396589175e-15,-6.83879816922197e-16,-3.40866970328665e-16,1.57347743564942e-15,1.18190476964145e-17,-0.0999999999999958
"t73",-0.114733787848571,-0.0441465777522345,0.0545160837603075,-0.145239025930303,0.169420504995694,-0.0126328291612349,-0.189229634455874,-0.00125146771068119,-0.0178528731038942,-0.0101075622973779,-0.000446046750315029,0.000717234892685504,-0.00275539153012252,-0.00743904103127852,-0.0291479865981648,-0.00688122979208246,-3.62334943137625e-09,0.0437984866199317,0.000150444366573976,-9.45072896804804e-06,0.00124951800599522,3.58616456366509e-05,0.0170074196585201,-0.0182195358442682,0.000100062260069129,0.000882352633935314,0.00141460904584604,-0.110460309020198,-0.421739677851777,-0.000279675337023925,-1.0651404386179e-05,1.24185565323389e-05,0.000380437832511256,-0.00235092005611002,-7.77552951557842e-05,1.46610794742247e-05,2.02762784274735e-05,-9.25312042702592e-07,0.000351676581503018,-1.43312503385706e-05,1.80411241501588e-16,6.38533823044474e-06,-4.37534136483844e-05,-4.6378665521543e-05,8.68502854613212e-06,0.20606349051378,0.00237285273294218,-1.52997202025785e-15,3.46840061392343e-06,-4.59321035070539e-06,2.11328519725299e-15,-2.46953085100077e-05,0.20199909758457,-0.00160639461759232,-1.56896903130248e-15,6.39793991439641e-15,-1.33210169352029e-16,5.81135265011884e-06,2.226282622784e-07,-3.25655243766425e-05,-9.07691142493365e-16,-0.32996422494835,6.18401205918903e-06,1.28509269475163e-06,-4.11080853844318e-17,-6.69641975186098e-16,-2.57518481900605e-05,-2.91831552883937e-16,4.71735820757986e-16,3.91562080763957e-07,-1.62779667206307e-15,4.65614711311315e-07,-5.52990043844655e-16,3.30371551109228e-06,1.05074919020886e-05,-5.92273278845806e-15,1.17124616263691e-16,1.62770023562978e-15,-3.73750001429336e-07,9.85264585765529e-16,1.78896655116329e-15,-1.1953817721454e-07,8.67070838341538e-15,3.21847675612428e-07,0.00102282525157214,0.707106781186548,1.12080703543255e-15,2.70549712160633e-08,-4.49635407649904e-15,3.14566380967447e-07,-1.59525450204613e-15,2.46621476913797e-15,-5.71979188349523e-16,-6.04302108992737e-15,3.11898672019906e-15,1.88622746432173e-16,3.95855996075334e-16,7.96744695718948e-16,2.60780101856075e-16,-0.0999999999999999
"t74",-0.114733787848572,-0.0441465777522346,0.0545160837603076,-0.145239025930303,0.169420504995694,-0.0126328291612349,-0.189229634455874,-0.00125146771068112,-0.0178528731038941,-0.010107562297378,-0.000446046750315033,0.00071723489268553,-0.00275539153012244,-0.00743904103127856,-0.0291479865981648,-0.00688122979208225,-3.62334957286929e-09,0.0437984866199315,0.000150444366573844,-9.45072896813615e-06,0.00124951800599519,3.58616456367318e-05,0.0170074196585199,-0.0182195358442685,0.00010006226006912,0.000882352633935094,0.00141460904584601,-0.110460309020198,-0.421739677851776,-0.000279675337024003,-1.06514043864059e-05,1.24185565322686e-05,0.000380437832511505,-0.00235092005610983,-7.77552951559409e-05,1.46610794746492e-05,2.02762784279102e-05,-9.25312042990349e-07,0.000351676581503731,-1.43312503385809e-05,3.60822483003176e-16,6.38533823057763e-06,-4.3753413648521e-05,-4.63786655215848e-05,8.6850285459826e-06,0.206063490513779,0.00237285273294243,-1.90184231531505e-15,3.46840061349079e-06,-4.59321034987241e-06,2.30757422663959e-15,-2.46953085106867e-05,0.20199909758457,-0.00160639461759111,-1.27236903442856e-15,7.34856837884851e-15,5.40194033922239e-17,5.81135264858039e-06,2.22628262881695e-07,-3.25655243770031e-05,-3.17429135416113e-16,-0.329964224948349,6.18401206004197e-06,1.2850926943472e-06,-3.88488395635657e-16,-6.29039051545829e-16,-2.57518481890396e-05,1.25830681309216e-15,1.81788123811599e-15,3.91562079708462e-07,-1.82239520022319e-16,4.65614710594014e-07,-1.45933016217262e-17,3.30371551372756e-06,1.05074919080039e-05,-2.12023105542408e-16,8.03368200361623e-16,-1.56380931736763e-15,-3.73750003159233e-07,-4.44147558436281e-16,-6.2937573044421e-16,-1.19538167413144e-07,-1.12439171207984e-14,3.21847674778814e-07,0.00102282525202656,-0.707106781186547,-1.07478914373157e-15,2.70549817741906e-08,3.13589622574159e-15,3.14566353891785e-07,7.84786106993339e-16,-3.18398469035803e-15,1.09015423514557e-15,6.0315216601985e-15,6.43991356926039e-16,-1.66929510634317e-15,6.93578731436153e-16,1.83486793336826e-15,-4.70921015855802e-16,-0.100000000000002
"t42",-0.114199948181505,-0.0437058658505466,0.0537343936054785,-0.141930021258417,0.165552967568618,-0.0121579241820403,-0.181752186034098,-0.001198710358838,-0.0169272139716656,-0.00956353800018636,-0.000417046143059656,0.000668421183203097,-0.00252912341166551,-0.00682039312180057,-0.026658483782641,-0.00620682435517479,-3.23547459204423e-09,0.038823826119887,0.000128509664862024,-8.01408248539331e-06,0.00105839935070393,2.99480037586806e-05,0.0139078793433691,-0.0147625718777846,8.0460716322309e-05,0.000699651367381887,0.00110750323787737,-0.086146608612467,-0.327275819306974,-0.000216626545496198,-8.12474304213086e-06,9.43430559138796e-06,0.000288860364571308,-0.00173787015115762,-5.6754679340319e-05,1.04173956393701e-05,1.39553357097973e-05,-6.29864746173539e-07,0.000233199147509511,-9.35788947405665e-06,3.19189119579733e-16,3.93648860993913e-06,-2.66824693156631e-05,-2.54309900412981e-05,4.57805212451749e-06,0.102104198135517,0.00114248845587456,-1.16938518421998e-16,1.18947703770969e-06,-1.46986051356148e-06,1.6255067758274e-15,-4.54627410934299e-06,0.0244078650326976,-0.000188781826924088,1.31803659254699e-16,5.24073736909415e-16,-4.60910653814821e-16,-1.23611867299502e-06,-4.78030526990231e-08,1.23336663248717e-05,-2.50437490708954e-16,0.873362861334144,-1.96166572245866e-05,-1.04031362360425e-05,1.27981669914873e-15,1.56367755576135e-15,-0.000594492582093329,-1.64276661638813e-16,-2.98562690225861e-15,2.46314685090993e-06,-3.54685948716269e-17,1.81656118833773e-06,-2.09650271757258e-17,1.15125928244534e-05,3.59345114515874e-05,-1.80948521064728e-16,-9.45061933594479e-16,6.80082495386991e-16,-8.63370247425152e-07,-7.42435777688508e-16,-1.22566225674376e-15,-2.54591623856997e-07,2.06895062471243e-15,6.7444633893126e-07,0.00205305266642525,8.13925271356766e-16,1.13841522620657e-16,5.28968049165403e-08,-4.73326034801325e-16,5.96674265724522e-07,-3.62511305342756e-16,4.156478064127e-16,4.4107280893391e-16,1.42281297655433e-16,1.48840553893952e-15,-6.62833124409502e-16,7.63663430974525e-16,9.97297270875373e-16,2.45431642979851e-16,-0.100000000000002
"t33",-0.113349129682504,-0.0430004756251069,0.0524788672357265,-0.136578911910724,0.159298408078065,-0.0113806305670665,-0.169494300959202,-0.00111203686333012,-0.0153942704499109,-0.00866112805298975,-0.000368490092419558,0.00058648321514552,-0.00214477761140443,-0.00576860665648597,-0.02241788774171,-0.00504558927364957,-2.56236776565696e-09,0.0301417206019399,8.91203397849071e-05,-5.41974197254215e-06,0.000712978359208523,1.91432419722742e-05,0.00815355851844479,-0.00829973932356387,4.36033889635671e-05,0.000352467747037668,0.000518298599003508,-0.0393636385194847,-0.1448341995929,-9.46873522887362e-05,-3.1817668316324e-06,3.57842418492898e-06,0.000109089052746125,-0.000510257437804754,-1.43056881502907e-05,1.66830293545936e-06,6.17157864881823e-07,-1.41596451901562e-09,-2.36222271253629e-05,1.5425234055068e-06,1.55431223447522e-15,-1.65432332138608e-06,1.25892825089973e-05,2.64279319397052e-05,-5.86353109929325e-06,-0.173271327800576,-0.00217823916113766,2.0702118143264e-15,-6.37560719202999e-06,9.30876628583393e-06,-1.24724509508872e-14,8.62903365025212e-05,-0.909375183024474,0.00733057810796347,5.85284711231505e-15,-3.22859690072315e-14,-1.24072135637099e-16,-0.000302215591873238,-1.21162091180983e-05,-0.000741033508104957,2.17195288386637e-15,-0.134742902128992,-1.90018452880306e-06,-7.419810477207e-06,-7.65099379871988e-16,-3.98146326172332e-16,-0.000643217485051726,-1.73987076751648e-15,-2.82194141208954e-15,3.09568185839696e-06,5.85821100240987e-16,2.46590429387372e-06,5.97870305669402e-17,1.58973503590166e-05,4.97556767485244e-05,-1.24536719157758e-15,8.87620460023407e-16,-2.94189435539391e-16,-1.24446313819124e-06,4.89931331356427e-16,7.17778941812789e-16,-3.67638693090553e-07,-5.02188992693441e-16,9.73882635662513e-07,0.00296203349717346,1.51907697252421e-15,1.07946904133765e-16,7.62334693416484e-08,-6.78276021710147e-16,8.58327062347018e-07,1.76124657136331e-16,-4.81496530093553e-16,5.51643535736953e-16,3.16792308733747e-16,1.66870050682483e-15,-8.36465811114918e-16,4.03395833390845e-16,1.69722984631412e-15,5.44367456725501e-16,-0.100000000000007
"t75",-0.115198481729167,-0.0445462157854349,0.055249374353093,-0.148558800764911,0.173302036166764,-0.0131716233800239,-0.197854241542895,-0.00131372898860176,-0.0190439721613106,-0.0108203878356371,-0.000488309859195345,0.000790543115217373,-0.00314886706353709,-0.0085272432281554,-0.0336375578391693,-0.00829144718102921,-4.53455313441312e-09,0.0565938094374057,0.000250593020663311,-1.70753480725942e-05,0.00228903910560116,8.24269923804391e-05,0.0810643278040258,-0.237231272236707,-0.00178300177344547,-0.00234267541738162,-0.00175687210308317,0.113278642751014,0.341866745149228,0.000207984868237675,3.89223063257556e-06,-3.70086387084838e-06,-0.000110228762730847,2.52574822292534e-05,-5.27076262426307e-06,2.63834524178468e-06,5.28011837469095e-06,-2.59524723498887e-07,0.000111738193284309,-4.79437088642315e-06,-5.82867087928207e-16,2.4029847692912e-06,-1.66976939408612e-05,-1.90246994545755e-05,3.59642643451821e-06,0.0857488622731593,0.000986725020561677,-1.36935510167477e-15,1.33654651376613e-06,-1.72863910960486e-06,1.49941892734832e-16,-7.39767934437917e-06,0.0496328228734859,-0.000389453517502522,-2.96156930749987e-16,1.67495072119854e-15,-1.13703754060039e-16,-1.20193102661689e-05,-4.86270964589466e-07,-4.82618228241069e-05,-5.25249218883939e-16,-0.0101632208527522,-5.81527448902981e-07,-1.54939574990664e-06,6.40438600507852e-16,-1.87168368958617e-15,-0.000145149311793435,-5.8274434024279e-16,-8.35302993597807e-15,7.49953619143299e-07,-1.81402864763967e-16,6.33657424806558e-07,3.54908932129194e-16,4.14962950203265e-06,1.30196927461996e-05,5.86843730991295e-15,1.48703133227323e-15,1.26646528322455e-15,-2.9215303463993e-07,3.35393802616836e-15,-5.16614608900201e-15,-4.14392010869235e-08,-9.28171367668114e-15,2.62464101886002e-08,-0.820248986099232,-2.63199572756606e-13,-1.00625441802354e-15,6.8855589102161e-08,1.14527455192442e-15,5.35515996230567e-07,-2.80287534116532e-14,-4.74827333926688e-15,3.96599695109114e-15,2.43110857323517e-15,4.22549543055008e-15,-7.97625729449767e-16,7.9803033224851e-17,-4.94025517726274e-15,5.94422434144185e-16,-0.100000000000043
"t85",-0.115257541278846,-0.0445949776143396,0.055335897057561,-0.148925654044975,0.173730816296873,-0.0132245867772896,-0.198689074026907,-0.00131962886793901,-0.019148268058442,-0.0108817965777385,-0.00049162500625398,0.000796146404526459,-0.00317547330877036,-0.00860014487060639,-0.0339323382222709,-0.00837394067503008,-4.58345758291256e-09,0.0572378958153701,0.000254158423582527,-1.73273806774186e-05,0.00232300847824636,8.373318836411e-05,0.0824646696064815,-0.241472792456813,-0.00181575679593999,-0.00238777345862755,-0.00179205950271821,0.115573660018828,0.348894029453393,0.000212283046495002,3.97611732510355e-06,-3.78147777914631e-06,-0.000112633172367989,2.58454495682325e-05,-5.39697224859233e-06,2.70509943554939e-06,5.42171032242576e-06,-2.66614543745546e-07,0.000114919189301606,-4.9339721846394e-06,-2.99760216648792e-15,2.47839355513206e-06,-1.72283790301233e-05,-1.96967030084434e-05,3.72762142531426e-06,0.0890198445456337,0.00102507298211109,-1.30306711294629e-15,1.39714405418427e-06,-1.80869785869836e-06,2.5650203589764e-16,-7.77942947027579e-06,0.0523039366177117,-0.000410456540042529,-4.30750783897431e-16,2.56584001522442e-15,-1.90507050736732e-16,-1.27822369379819e-05,-5.17161276537417e-07,-5.15102766139805e-05,-6.38806759589501e-16,-0.0111059763097297,-6.37078582491839e-07,-1.71607092884849e-06,4.02328399525254e-16,3.63404473685236e-16,-0.00016353865359579,4.6854729045719e-16,2.87429886922214e-15,8.6368337807058e-07,-1.22070516712305e-15,7.55805110156296e-07,-5.28627911263132e-16,5.03909417895227e-06,1.58699820983986e-05,-5.20947635884188e-15,-2.48823757698476e-17,1.4904534644901e-16,-5.00246598620955e-07,7.87315864333142e-16,2.43546733085901e-15,-1.77972689498318e-07,-1.38458162657835e-15,5.17244218547114e-07,0.404457144818247,1.27497641733119e-13,-3.37216298314728e-15,9.4422667860014e-09,5.91950274912349e-15,2.33723312894691e-07,5.07355712829078e-12,0.70710678118655,-3.17390046598895e-14,-7.4947331366264e-14,-2.05721215971613e-15,1.28716767587771e-15,2.15698101310975e-15,6.35354391687351e-15,-1.67036932336048e-15,-0.0999999999999781
"t86",-0.115257541278846,-0.0445949776143396,0.055335897057561,-0.148925654044975,0.173730816296873,-0.0132245867772896,-0.198689074026907,-0.0013196288679391,-0.0191482680584419,-0.0108817965777383,-0.000491625006253839,0.000796146404526486,-0.00317547330877059,-0.00860014487060665,-0.0339323382222716,-0.00837394067503006,-4.58345760495003e-09,0.0572378958153699,0.000254158423582547,-1.73273806775102e-05,0.00232300847824637,8.37331883638761e-05,0.0824646696064811,-0.241472792456813,-0.00181575679593993,-0.00238777345862759,-0.00179205950271818,0.115573660018828,0.348894029453393,0.000212283046495031,3.97611732478298e-06,-3.78147777905689e-06,-0.000112633172367476,2.58454495689196e-05,-5.39697224878321e-06,2.70509943511575e-06,5.42171032235088e-06,-2.66614544070517e-07,0.000114919189301666,-4.93397218461942e-06,-4.85722573273506e-16,2.47839355530876e-06,-1.72283790301556e-05,-1.96967030081505e-05,3.72762142531744e-06,0.0890198445456347,0.00102507298211096,-8.23918867716073e-16,1.39714405419705e-06,-1.80869785767952e-06,5.75691156125578e-16,-7.7794294700069e-06,0.0523039366177117,-0.000410456540041786,1.20229885495132e-16,1.97950347897311e-15,-5.08294814278269e-17,-1.27822369380566e-05,-5.17161276535489e-07,-5.15102766139768e-05,1.9420069519128e-16,-0.0111059763097289,-6.37078582831059e-07,-1.71607092895961e-06,-8.53237127375193e-16,1.07449057062054e-15,-0.000163538653595407,3.67207116544799e-16,5.24740058435842e-15,8.63683378339369e-07,-7.57078860468678e-16,7.55805110864e-07,-1.80791782269719e-16,5.039094179931e-06,1.58699820986455e-05,-7.19400001535935e-15,-1.21041911631903e-15,-3.61256863759036e-16,-5.00246602400277e-07,-2.95968684376752e-15,2.89263771438768e-15,-1.77972687326332e-07,8.9057980329161e-15,5.1724421957169e-07,0.404457144818255,1.32909978783465e-13,4.42706003683977e-15,9.4422727458311e-09,-8.9730601173233e-15,2.33723403224704e-07,-5.04698616401161e-12,-0.707106781186545,2.84709621869875e-14,7.20774220995055e-14,3.17275661765975e-15,-2.58454212724354e-15,-7.0740858914019e-16,2.60531681075369e-15,1.07623894001956e-15,-0.0999999999999757
"t16",-0.107667993851109,-0.0382277648541213,0.0438886614014107,-0.099130875915511,0.115522454338881,-0.00570174214681684,-0.0794047356627396,-0.000469713284847161,-0.00366418590842894,-0.00170851429173965,2.12727429377363e-05,-7.90869450061678e-05,0.00116859667780151,0.00334188932122412,0.0146983901604503,0.00578313808906839,4.04724151707257e-09,-0.0587075415248368,-0.000446228299472086,3.28205921239834e-05,-0.00444781318795166,-0.000180839501292507,-0.197871567566407,0.582137618848958,0.00425327967290806,0.00455015375662836,0.00151819653895073,-0.0354932298743944,0.217536768646574,0.00022492906874041,3.14110651666068e-05,-4.36060789741028e-05,-0.00136477109937255,0.0197750245616792,0.000969909740737635,-0.000694404963029635,0.000654409289152107,-1.97521132318674e-05,0.00427464121515234,-0.000139992842928029,-2.95596880306448e-15,3.55722171681609e-05,-0.000223904088316362,-0.000107443924179411,1.39073116751776e-05,0.120258708114592,0.000297555908857376,0.707106781186547,-3.37941525078699e-05,8.38757959552609e-05,-1.42452928839691e-16,-8.6984356357591e-05,0.014108143594214,0.000130892435773307,-3.80425417075905e-16,1.82050957388048e-15,1.06065145816561e-16,-0.000372980566605861,-1.49866362968318e-05,-0.00104098786982106,-1.12831490368842e-15,-0.00512556237649658,-8.91755186909579e-06,-1.69605641249682e-05,-1.70493214760453e-17,-1.38077750540464e-16,-0.00141609255421889,-1.95603734638187e-16,3.33486867449431e-15,6.80116185808415e-06,-8.40722318038838e-17,5.43324535219423e-06,-2.92151370617928e-16,3.50695083913732e-05,0.000109784435073897,-2.62660746841818e-15,2.76413663608288e-16,-9.94080658494723e-18,-2.75609517398722e-06,2.3365441530858e-16,2.45298900516365e-16,-8.13691741548384e-07,-7.10797285245808e-16,2.15454479666889e-06,0.000605450418173114,1.9423781058479e-16,4.04011982269039e-17,1.68925541652521e-07,-5.02480758914411e-16,1.89846698144926e-06,-3.93962069235962e-16,4.8264894925444e-16,5.19874073644896e-16,1.53122578501484e-15,1.63872354575949e-15,-9.15131790382786e-16,7.97291765392615e-17,1.01799966541186e-15,-7.08694168310782e-17,-0.0999999999999971
"t17",-0.107667993851109,-0.0382277648541213,0.0438886614014108,-0.099130875915511,0.115522454338881,-0.00570174214681682,-0.0794047356627397,-0.000469713284847096,-0.00366418590842903,-0.00170851429173972,2.12727429378671e-05,-7.90869450061089e-05,0.00116859667780147,0.00334188932122422,0.01469839016045,0.00578313808906841,4.04724145459881e-09,-0.058707541524837,-0.000446228299472116,3.282059212419e-05,-0.00444781318795158,-0.000180839501292638,-0.197871567566408,0.582137618848959,0.00425327967290789,0.00455015375662819,0.00151819653895041,-0.0354932298743951,0.217536768646574,0.000224929068740296,3.14110651662984e-05,-4.36060789737445e-05,-0.00136477109937193,0.0197750245616763,0.000969909740737246,-0.000694404963029155,0.000654409289150981,-1.97521132320431e-05,0.00427464121514942,-0.000139992842927935,5.55111512312578e-17,3.55722171670883e-05,-0.000223904088314487,-0.000107443924182233,1.3907311676651e-05,0.120258708114582,0.000297555908834515,-0.707106781186548,-3.37941525073176e-05,8.38757959537994e-05,2.00166528728525e-15,-8.69843563591094e-05,0.0141081435942127,0.000130892435777011,-1.20351043756227e-16,-7.05247806829945e-16,1.440739577624e-16,-0.000372980566603048,-1.49866362957939e-05,-0.00104098786982242,7.66725453495504e-16,-0.00512556237649572,-8.91755186887612e-06,-1.69605641248925e-05,-1.39511356735672e-16,-2.16488726124449e-16,-0.00141609255421738,1.92881464721749e-16,4.89922173892343e-16,6.801161857939e-06,-5.92165676498737e-16,5.43324535206808e-06,-3.49641147286153e-17,3.50695083922247e-05,0.000109784435074944,-1.05668272265917e-15,3.5315004852986e-16,7.53079656020612e-16,-2.75609517474988e-06,1.22632112850293e-16,3.47878570289991e-16,-8.13691741392905e-07,-3.22219226626998e-16,2.15454479661954e-06,0.000605450418173468,2.21993386372678e-16,-2.02058919560229e-16,1.6892554166501e-07,-5.42847157766783e-16,1.89846698174024e-06,-2.23091806854357e-16,-4.05529458414957e-16,3.57955707457605e-16,-1.38310965485269e-15,1.86418667626322e-15,-8.7379538737596e-16,2.02522091425407e-16,9.47326790588141e-16,3.89561921719464e-17,-0.0999999999999969
"t63",-0.035628741486205,0.0401026987893181,-0.175483403206131,0.0117157367154909,0.0022566798654357,0.00666224632284282,0.0190489922492736,-0.00214099481133572,0.265555996800025,-0.430672025647503,0.342767079285958,0.0251295924883173,-0.0475940418814678,-0.0288495784319538,-0.065209008007722,0.00556661655603092,6.48918963487473e-06,0.00370188194379464,0.0134251865234092,-0.00144407937899015,0.238239733122555,0.131439988553127,-0.000727345818380364,0.000360418345022169,-4.4190800526628e-05,0.000411381808212261,0.000206416896457686,-0.000891258506268666,0.000115913977048768,-9.18271311457258e-05,2.62716181627732e-05,-3.57676347431334e-05,-2.54203578371825e-05,0.000625597295782686,0.00514038210186257,-0.00359654590724158,0.000898037728007819,-2.78174266105076e-05,0.000231319150933084,-0.000220308381542032,-1.45716771982052e-16,5.80434832423944e-05,-0.000366862897320642,-0.000165270049418678,1.8681607096964e-05,0.000253793670052109,-0.000102294325965592,-6.08674427334215e-17,-8.89471783362076e-05,1.01100859075607e-05,-8.66079596911364e-16,-0.00076274740265605,5.47805901110609e-05,1.28629204895157e-05,-8.69591787502067e-17,-1.36963630565081e-16,1.88797560235225e-17,-4.9296802066318e-05,-0.000138972873461075,-0.0001390760080644,2.30211608830192e-16,-3.03681049933248e-05,-2.45498504224317e-05,-4.65503866770771e-05,-2.46009337470902e-16,3.03127581560415e-16,-9.93150376031717e-05,7.42866404373622e-16,-7.28456713932155e-16,1.90353889645517e-05,-1.08150434266989e-15,1.5305996789448e-05,-8.45189953448197e-16,9.90201727463144e-05,1.74329380193369e-05,1.0530898763365e-15,1.73000965455943e-15,-0.707106781186548,-7.91368999806659e-06,6.21753842114679e-15,-2.37386006801675e-15,-2.34846100830965e-06,-2.45099657889254e-15,6.22540772197252e-06,5.56990810929423e-06,1.76434124736878e-15,-2.47795631128009e-16,4.9091020571572e-07,-1.52432704063939e-15,3.29445374727473e-07,2.05906102007277e-16,-1.33377935237076e-18,3.68864695202354e-16,-2.9016112127106e-15,1.99474830364445e-15,-1.64961342544545e-15,4.20819332201579e-16,1.07848961603254e-15,-3.78577136379593e-16,-0.100000000000003
"t64",-0.035628741486205,0.0401026987893181,-0.175483403206131,0.011715736715491,0.00225667986543571,0.00666224632284284,0.0190489922492736,-0.00214099481133572,0.265555996800025,-0.430672025647503,0.342767079285958,0.0251295924883172,-0.0475940418814678,-0.0288495784319538,-0.065209008007722,0.00556661655603097,6.48918963490975e-06,0.00370188194379467,0.013425186523409,-0.00144407937899037,0.238239733122555,0.131439988553126,-0.000727345818379648,0.000360418345022342,-4.41908005263342e-05,0.000411381808212806,0.000206416896457302,-0.000891258506268812,0.000115913977048437,-9.18271311455223e-05,2.6271618162709e-05,-3.57676347431506e-05,-2.5420357837448e-05,0.000625597295783069,0.00514038210186262,-0.00359654590724126,0.000898037728007483,-2.78174266104351e-05,0.000231319150932297,-0.000220308381541843,1.73472347597681e-16,5.80434832424736e-05,-0.000366862897320493,-0.000165270049419026,1.86816070969426e-05,0.000253793670051588,-0.000102294325964555,1.33421585936027e-16,-8.89471783362929e-05,1.0110085909614e-05,1.08374959009332e-15,-0.000762747402655993,5.47805901107255e-05,1.2862920489816e-05,3.59259963365036e-17,1.96103276884121e-16,-2.04329426548387e-16,-4.92968020653063e-05,-0.000138972873460549,-0.000139076008062307,-4.99725440715194e-16,-3.03681049943318e-05,-2.45498504229847e-05,-4.65503866768577e-05,1.10145666967964e-16,-6.69871214208883e-16,-9.93150376055585e-05,-3.8113200906953e-16,3.54010735077372e-16,1.90353889635775e-05,4.2989049859946e-16,1.53059967878069e-05,5.27407288248914e-16,9.90201727444893e-05,1.74329380103619e-05,-4.66455870048306e-15,-1.24091221747474e-15,0.707106781186548,-7.91368998427975e-06,-5.86307586555651e-15,2.42152711001977e-15,-2.34846100443866e-06,1.323761704833e-15,6.22540771922766e-06,5.5699081109366e-06,-1.4605096931023e-15,2.08048536448445e-16,4.90910205922955e-07,3.00607714584362e-16,3.29445375641643e-07,-9.04316922617609e-16,-2.65011928658716e-16,3.00593986238406e-16,2.88542630370903e-15,1.28438169700694e-15,-8.15833359320294e-18,4.35482944328431e-16,1.67248372879402e-15,5.35577911153027e-16,-0.0999999999999997
"t2",-0.034657714566244,0.0376910895982531,-0.159965901235586,0.00999012168484424,0.00192355255617778,0.00489325755166294,0.0136677467626313,-0.00148478691681169,0.158793436689606,-0.248467128721021,0.152807751591303,0.0102093243052364,-0.00934772967369147,-0.00515733682990835,-0.00910923612016154,-0.00062365539519913,-2.17960780352075e-06,-0.00195296267027647,-0.0292652219316146,0.00399601449785712,-0.683789749710584,-0.617222143659042,0.00901482322835666,-0.00944059211355977,0.00560286151988205,0.0106160455683097,0.00280805751527272,-0.0107526652559445,0.00122923714476724,-0.000933242497592317,0.000204212447761574,-0.000263404882161552,-0.000185937453900079,0.00354591184818407,0.0267979301261187,-0.0164111495545405,0.00367107621534585,-0.000110333615051517,0.000863824911066003,-0.000798732877773879,5.10008701937181e-16,0.000193405173831536,-0.00120718420838491,-0.000497407914959007,5.49593773849816e-05,0.000725411456119625,-0.000289132689133883,-1.09910403919874e-16,-0.000232735933670126,2.62199046416049e-05,8.16896185304115e-17,-0.00190049158807211,0.000134656298636381,3.15979829354846e-05,6.40356771752254e-17,-5.60782601137059e-17,-1.12930805515577e-16,-0.000115867433629223,-0.000326581936025678,-0.000322582684148349,-1.92650789759213e-16,-6.66611132381159e-05,-5.36793023459414e-05,-0.000100336800383436,-2.21498152824492e-16,-1.39676292378998e-16,-0.000210579070732066,-9.5859698165141e-17,-2.46053648948447e-16,3.97770369007299e-05,-3.83815413065896e-16,3.1503679970953e-05,8.40188715882639e-17,0.000202700235938345,3.56503033581523e-05,-2.75400464985787e-15,2.34261533409561e-16,1.04247325970044e-16,-1.56862883416483e-05,1.91377359721938e-16,2.51280758557274e-16,-4.60780749847783e-06,-9.90570532201859e-16,1.21868408710675e-05,1.08331172771996e-05,3.55694770613336e-16,7.67838383252387e-17,9.50677509162083e-07,-5.95270408850411e-16,6.34587753296548e-07,-2.77036057643327e-16,-2.09884969700726e-17,3.37584695445649e-16,-9.18944560923238e-17,1.85930602530681e-15,-7.29750073983173e-16,4.04819030500093e-16,1.45825384343045e-15,-7.51909441464458e-18,-0.0999999999999986
"t1",-0.0365147601462891,0.0432400212542392,-0.203635021612525,0.0195894708679094,0.00378727981701511,-0.00300403894085157,-0.0049787729559188,0.000227151439350797,0.0269390540235565,-0.0501334971093164,-0.093664601962383,0.000475613335159015,0.0352134272790493,-0.00155451502920181,0.00296851245771644,-0.00134715600167108,-2.65905080877509e-06,-0.00206212109386379,-0.0255402154959754,0.0034874526010528,-0.597587489498461,0.747370711620912,0.00720534895971791,-0.00760584616508281,0.00453577312297443,0.00867220059477768,0.00231868893396568,-0.00891482157822181,0.00102522796657042,-0.000780294976026447,0.000175536745046459,-0.000228808778607289,-0.000161765074356262,0.00374421556605844,0.105087322626521,-0.0624859866129118,0.00229781019354385,-7.19434079832969e-05,0.000590595015076078,-0.00055431827939978,4.68375338513738e-16,0.000138099735200594,-0.000864648558721785,-0.000362414804363822,4.01794224021999e-05,0.000532400092767777,-0.000212503266199631,-2.3370910134048e-17,-0.00017261470765872,1.94691031068833e-05,1.74992867558342e-17,-0.00526892745359497,9.9755549743931e-05,2.34151612493528e-05,7.2043506171257e-17,-3.0151349841121e-16,-1.07829851822703e-16,-8.73893073417273e-05,-0.000877667100131792,-0.000241053032871294,-1.34565553617455e-16,-5.00473435222223e-05,-4.0313406933684e-05,-7.54381702355697e-05,9.46283830622626e-17,-1.00051638595111e-16,-0.000158526684651921,-1.08750526867055e-16,-4.71618743840425e-16,2.99786887839263e-05,-3.63430094008575e-16,2.37714522860108e-05,5.42571107046131e-17,0.000153015400023096,2.6914025683774e-05,-2.74635820532644e-15,1.86056308558272e-16,2.97885654374471e-16,-1.18719126143775e-05,3.02816282981994e-16,2.00207731571796e-16,-3.49026353424609e-06,-6.79068490956048e-16,9.23287081477954e-06,8.21171348582452e-06,7.86320893313814e-17,4.56950019455262e-17,7.20893339001355e-07,-5.73862835304776e-16,4.81422275384822e-07,-4.95559743249546e-16,-3.66657782595047e-16,3.45984726868617e-16,-2.20529812528975e-16,1.89792055756907e-15,-8.05434725719538e-16,3.66750019447793e-16,1.17705128786585e-15,5.50490861165899e-17,-0.100000000000004
"t10",-0.0375378191462921,0.0460631583058828,-0.224167301091128,0.0232580081529831,0.00449855841281741,-0.00431349595330149,-0.00738658800783108,0.00035398058467548,0.0533008753846969,-0.105827217323807,-0.357372282907459,0.00245988608791106,-0.166067662076312,0.0062342050299404,-0.00889142157729988,0.00142880081770166,1.6763854586984e-06,0.000928216367481049,0.00207319482590404,-0.000184127277170526,0.0293744489264414,-0.0114062178863399,1.38663559196386e-06,3.04610226251648e-05,-5.62251024802864e-05,-0.00034813665709422,-0.000189199784331374,0.000872227339865378,-0.000124843667886367,0.000102773262312975,-4.17500503870192e-05,6.3005515759946e-05,4.54119729476317e-05,-0.00274709063760035,-0.130336682732763,0.864916832021356,0.00568144039271071,-0.000139282064894768,0.00082273106665618,-0.000687628936608967,-2.87270207621759e-15,0.000135040611356345,-0.000823027092282001,-0.00029704315765467,3.20000510324755e-05,0.000410681282843912,-0.00016209581438693,4.25655449150459e-16,-0.000123822530010234,1.38892776944641e-05,1.07837368859582e-15,-0.00367955545470732,6.92471667241783e-05,1.62496568665697e-05,-1.18973145925878e-16,6.79378435313425e-16,-2.64898174756439e-16,-5.97059761880152e-05,-0.000599605953097325,-0.000164097832655032,-2.26963895811913e-17,-3.37242760543115e-05,-2.71530239520544e-05,-5.07436862345282e-05,1.96217473898911e-17,-2.56333443000225e-16,-0.000106530602933171,-4.7247925932227e-17,2.98287087616802e-16,2.01383660403468e-05,-2.10373533713161e-18,1.59699640762646e-05,2.05615962918418e-18,0.000102812545339898,1.80843983000338e-05,-2.18671683591937e-15,4.08968700526171e-16,2.45586956221271e-16,-7.99316803046702e-06,3.09723388172342e-16,-2.24183916599712e-17,-2.35242678643205e-06,-2.40810729482638e-16,6.22455792730574e-06,5.54055106286808e-06,1.55978047796799e-16,4.68504748012343e-17,4.86675648054043e-07,-7.63417282194839e-16,3.25255068065037e-07,-3.98185720653e-16,-3.69907115902114e-16,3.90894573298947e-16,6.70868640396171e-16,1.72589773496087e-15,-8.04236079426406e-16,4.5743818605708e-16,1.55025889784919e-15,1.04611779685552e-16,-0.100000000000001
"t50",-0.0380661021345534,0.0474979092802506,-0.234461410420264,0.025046808060611,0.0048453287187124,-0.00491824829601112,-0.0084901480887273,0.000411489480025653,0.0647634938735579,-0.129825134327755,-0.464881678445903,0.00325575741047056,-0.240309038482663,0.00908742764652223,-0.0131710852468389,0.0023407486421944,2.99201059584308e-06,0.00177834627211664,0.00687841873410911,-0.000731696145276357,0.120444743275848,-0.0819209599930286,-3.92182999234212e-05,-0.000252362867395221,0.000286810602399318,0.00100456888996622,0.000378739122093729,-0.001587782175057,0.000202630557333748,-0.000160090193578202,4.78927604939819e-05,-6.71311311967389e-05,-4.79215234548709e-05,0.00186986897417279,0.0733470406989746,-0.329744703816436,-0.00135153653705493,2.78051225123974e-05,-0.000102598556655127,6.09731416700924e-05,5.44703171456717e-16,1.54812758396623e-06,-2.13919720683239e-05,-3.76515049784387e-05,4.85530690656451e-06,7.51185835780816e-05,-3.15886267922447e-05,9.42239144864535e-17,-3.41007122341314e-05,3.95061329604576e-06,3.0213828189784e-16,-0.00119446482915692,2.3405994432046e-05,5.50280080843578e-06,-2.08988824282377e-18,-9.5848055588897e-16,-2.58444298918001e-16,-2.27769938044872e-05,-0.000228847687182554,-6.46737601561059e-05,1.13603679417113e-16,-1.502599253738e-05,-1.21953352986829e-05,-2.34527425398727e-05,-9.99785671545548e-16,-5.83971518601804e-16,-5.0815212633085e-05,-2.51019374738154e-15,-1.50054144357147e-15,9.86809026689472e-06,-0.707106781186548,8.03919298811728e-06,-4.13591572356472e-15,5.22479224316188e-05,9.20622707780416e-06,2.00272161189475e-14,-2.05854576865984e-15,1.26656528031739e-15,-4.2854013815711e-06,1.90864298970583e-15,-6.0177635133265e-17,-1.28174234691302e-06,5.45097597435119e-16,3.40356944623647e-06,3.06009353721279e-06,-2.2606753536057e-16,2.05124111361439e-16,2.70572731774235e-07,-1.27856023185476e-15,1.82296792896081e-07,-1.85874558948853e-15,-2.27957362274147e-16,2.28008367017707e-16,-2.92762566864662e-15,1.60749329809025e-15,-8.30343762382616e-16,-4.12347658861624e-18,1.55781594959102e-15,-2.34521387652372e-16,-0.099999999999996
"t51",-0.0380661021345534,0.0474979092802506,-0.234461410420264,0.0250468080606109,0.00484532871871245,-0.00491824829601108,-0.00849014808872735,0.000411489480025708,0.0647634938735576,-0.129825134327755,-0.464881678445903,0.00325575741047059,-0.240309038482663,0.00908742764652242,-0.013171085246839,0.00234074864219443,2.99201059583116e-06,0.0017783462721165,0.0068784187341091,-0.000731696145276287,0.120444743275848,-0.0819209599930286,-3.92182999232289e-05,-0.000252362867395798,0.000286810602399894,0.00100456888996604,0.000378739122093854,-0.00158778217505716,0.000202630557333611,-0.000160090193578107,4.78927604938479e-05,-6.71311311967172e-05,-4.79215234538024e-05,0.00186986897417419,0.0733470406989747,-0.329744703816436,-0.00135153653705514,2.78051225122891e-05,-0.000102598556655483,6.09731416699409e-05,1.18655085756814e-15,1.54812758414387e-06,-2.1391972068353e-05,-3.76515049780016e-05,4.85530690655192e-06,7.51185835798725e-05,-3.15886267916015e-05,-5.37215431968725e-16,-3.41007122344363e-05,3.9506132935712e-06,-8.08084742724164e-16,-0.00119446482915796,2.34059944334838e-05,5.50280080796303e-06,1.38371083465155e-16,8.17876283080113e-16,1.90994468008905e-16,-2.27769938027714e-05,-0.000228847687182047,-6.46737601554855e-05,-2.20838605679234e-16,-1.50259925380939e-05,-1.21953352985003e-05,-2.34527425377351e-05,6.56962307006424e-16,5.16671371879735e-16,-5.08152126367225e-05,2.50683226371898e-15,1.03909372525858e-15,9.86809026915739e-06,0.707106781186547,8.03919299105997e-06,3.63941056696861e-15,5.22479224490651e-05,9.20622707388316e-06,-2.39376156562087e-14,2.19512415947922e-15,-9.88575225749595e-16,-4.28540138216651e-06,-1.14447032799968e-15,4.93076276150035e-16,-1.28174234901695e-06,-1.27289260538858e-15,3.4035694475939e-06,3.06009353816413e-06,5.30271901413521e-16,-2.09304696264137e-16,2.70572731347906e-07,-3.91649943143734e-17,1.82296794585146e-07,1.51355684780669e-15,2.87813798013736e-17,5.60687496862515e-16,2.62348945137875e-15,1.78345661066295e-15,-5.7503584919192e-16,6.95280581374656e-16,9.38619694304697e-16,2.66049759925627e-16,-0.100000000000001
"t97",-0.0383764316029972,0.0485313574637812,-0.243367900143789,0.0274019046550408,0.00530304111997243,-0.0077341097902363,-0.0155247321177029,0.00111267463478998,-0.0142138491571336,0.00223955988473289,-0.122916630505438,0.000793744318987574,0.623054099269437,-0.0673625941402141,-0.0588551711340708,0.00265858373751832,2.93633995723622e-06,0.0016483317649783,0.0055013379462861,-0.000571872397952641,0.0938008616008253,-0.0606465038197366,-1.31681841197759e-05,-0.000190797980781833,0.000203298468400238,0.000662628698751159,0.000235025041763435,-0.000966471713740604,0.000120206645091718,-9.40307894684114e-05,2.57549035971271e-05,-3.51920888715608e-05,-2.50353039075612e-05,0.000835910809539868,0.0419278186620116,-0.00765531471642967,0.000413925391930696,-1.36260796886111e-05,0.000121815936259092,-0.000118694333587217,2.08166817117217e-17,3.26268580063355e-05,-0.000207141182409269,-9.56020686233837e-05,1.08576442379365e-05,0.000148310685849614,-5.9898023447288e-05,-1.28718306492091e-18,-5.28020337340452e-05,6.01370086038026e-06,1.60153398875636e-15,-0.00350795913958426,3.22534260791542e-05,7.57851296690327e-06,3.9418813490086e-18,6.70872752893436e-16,-7.54594950783723e-16,-3.02250990940331e-05,-0.000605026639901534,-8.33388513134648e-05,-2.39531310489406e-16,-1.83581775501118e-05,-1.48497130433779e-05,-2.82188473978059e-05,1.23990110697054e-16,7.55341281765983e-17,-6.03573693593261e-05,-9.65892168253948e-17,-7.41568125010514e-16,1.15949852762353e-05,1.65574608638307e-17,9.34597220529187e-06,1.15987434600672e-16,6.05164487338478e-05,1.06559525457564e-05,1.68213105446335e-15,-3.67987116848974e-16,-1.0633741383587e-16,-4.86294108736272e-06,3.49734595737064e-16,5.53166083855568e-16,-1.44573403555089e-06,4.73771301157642e-16,3.8339846032025e-06,3.43433191116757e-06,9.52909602027329e-16,-2.26829874309472e-16,3.02929090879382e-07,-1.05819589470987e-16,2.03495370823821e-07,1.67730568789621e-15,-2.04204795973233e-15,-8.64467431558154e-16,1.89554532105316e-15,1.14062014301719e-15,1.70127781527961e-15,-2.12469115467619e-15,0.707106781186549,1.9444943032693e-14,-0.0999999999999904
"t98",-0.0383764316029972,0.0485313574637812,-0.243367900143789,0.0274019046550408,0.0053030411199724,-0.00773410979023624,-0.0155247321177028,0.00111267463478994,-0.0142138491571336,0.00223955988473276,-0.122916630505438,0.000793744318987663,0.623054099269436,-0.067362594140214,-0.0588551711340707,0.00265858373751821,2.93633995728728e-06,0.0016483317649785,0.00550133794628611,-0.000571872397952631,0.0938008616008252,-0.0606465038197368,-1.3168184120231e-05,-0.000190797980782626,0.000203298468400312,0.000662628698751141,0.000235025041763375,-0.000966471713740815,0.000120206645091583,-9.40307894684875e-05,2.57549035972111e-05,-3.51920888714151e-05,-2.50353039073044e-05,0.000835910809540141,0.0419278186620113,-0.00765531471642933,0.000413925391930492,-1.36260796888754e-05,0.000121815936258911,-0.00011869433358739,-3.81639164714898e-17,3.26268580064964e-05,-0.000207141182409282,-9.56020686233576e-05,1.08576442385052e-05,0.000148310685849158,-5.98980234482527e-05,-1.08840784936386e-16,-5.28020337342193e-05,6.01370086123596e-06,-1.17402357138044e-15,-0.00350795913958477,3.22534260788063e-05,7.57851296916234e-06,2.80361380283056e-17,-1.16099523892194e-15,6.33416570316118e-16,-3.02250990939389e-05,-0.000605026639901646,-8.3338851311869e-05,1.62570899496246e-16,-1.83581775505607e-05,-1.48497130435526e-05,-2.82188473982878e-05,-3.47297932226855e-16,-1.54878341516794e-16,-6.03573693599247e-05,-9.44830699028214e-17,7.36416276521725e-16,1.15949852759119e-05,-4.65259468732859e-16,9.34597220546657e-06,-4.12608924858366e-16,6.05164487364247e-05,1.06559525476918e-05,-5.49268524217672e-15,6.44810115594424e-16,4.38464962925113e-16,-4.86294108802601e-06,1.31159437770109e-16,-3.13246529340429e-16,-1.44573403850094e-06,-1.23319659920353e-15,3.83398460397258e-06,3.43433192199915e-06,-5.73647381840115e-16,2.06830539634973e-16,3.02929093726937e-07,-1.1724085008882e-15,2.03495361241025e-07,-3.01078450593238e-15,1.57297010026158e-15,1.53140415720135e-15,-1.31022367962748e-15,2.4401571632938e-15,-3.20000937496041e-15,3.06876454155628e-15,-0.707106781186547,-1.93581904420828e-14,-0.100000000000009
"t7",-0.038815890359334,0.0500022459633802,-0.256033595935503,0.0307004665696396,0.00594403078760615,-0.0113682380521169,-0.0244438656779315,0.00197711012589741,-0.0976696107125894,0.13555229304678,0.0926744131167738,-0.000391125420872529,-0.0415632513628913,0.00368093294293271,0.00193630931331659,4.91068629686316e-05,3.30389553752563e-08,-1.37325915239438e-05,-0.00128952140038097,0.000172833217873766,-0.0293827913515307,0.028697524368646,1.03686106114169e-05,0.000183983544177774,-0.000230680091882359,-0.00100797439832511,-0.000467758421641179,0.00209045535486507,-0.000290037947748525,0.000236551906665986,-9.31696358406699e-05,0.000141410536702846,0.000102050790187109,-0.00843048491862227,-0.920406935257455,-0.168099848252314,0.0032895502036957,-9.1680922820299e-05,0.000624544365495644,-0.000543881861730844,-7.97972798949331e-17,0.000114200046916962,-0.000700137451139121,-0.000259253845354742,2.80274810656002e-05,0.000360999411322981,-0.000142670542872445,2.43654743007969e-16,-0.000110917930663985,1.25228578507363e-05,3.03310321723898e-15,-0.0568933813570026,5.24620441944798e-05,1.23880693972488e-05,-1.55263675402478e-16,-6.63265970345631e-16,-2.19044007346948e-16,-6.03111287118933e-05,-0.00793407666671191,-0.000136802228707551,-8.04656782064994e-17,-2.82693385417423e-05,-2.27589569780214e-05,-4.25093868404042e-05,-2.03807636793626e-17,-2.91152844819099e-17,-8.91628050481165e-05,-1.33052070499707e-16,2.54386778489806e-16,1.68386369037751e-05,-4.30186329292405e-16,1.33380582909709e-05,-1.65661491831418e-16,8.58316978107677e-05,1.50963052373866e-05,-1.53080883277827e-15,3.03675315147955e-16,2.73102089871718e-16,-6.65526921945352e-06,-9.47223791714995e-17,7.34500383655594e-17,-1.95700171052205e-06,-8.89827632774662e-17,5.17727230939919e-06,4.60586028029688e-06,1.15731164404887e-16,1.00952943228171e-16,4.04429055448e-07,-6.91116005132089e-16,2.70169365889128e-07,-4.19243568731099e-16,-1.87831371418895e-17,4.39661506832986e-16,-2.29308466226569e-16,1.743389533603e-15,-7.88932929279657e-16,3.43432806931379e-16,1.59733625394974e-15,4.69356845995637e-17,-0.0999999999999984
"t40",-0.0400721281472727,0.0536551271413506,-0.284094274996324,0.0365520088284767,0.00707977166647214,-0.0156558150484417,-0.0343920693576896,0.00286810925894769,-0.16057601382014,0.229278658822947,0.188711223551335,-0.000845140133284229,-0.127768549672231,0.0116993357781939,0.0066442485274745,0.000316481321479717,6.56568270086596e-07,0.000465831255153575,0.00266702071903635,-0.000295420895069165,0.0489016660986925,-0.0352724136444525,-8.88357232698138e-06,-0.000137330435419871,0.000154611477799404,0.000561066877644909,0.000222013604879495,-0.000946705800633798,0.000123726948325993,-9.86894275304152e-05,3.24857824922613e-05,-4.70452200071345e-05,-3.37399605208265e-05,0.0020472954364484,0.192567393013864,0.0251819262287697,-0.000310477908369295,7.148865664346e-06,-2.70931488459343e-05,1.38081643631775e-05,1.83880688453542e-16,3.5105672209317e-06,-2.78960769689176e-05,-2.95709166319364e-05,3.84520090142433e-06,6.17464471529639e-05,-2.65595993979816e-05,1.83540832719153e-16,-4.27867356768058e-05,5.55337125718826e-06,1.62931314584651e-14,-0.406859913131378,-4.25651940943174e-05,-9.38607763037315e-06,7.3115397627391e-16,-6.10665382553647e-15,6.30045589116902e-16,-0.000361170089617736,-0.254187999738756,7.88313401751159e-06,-8.2460458527855e-16,-4.08328382323224e-06,-3.44630133935996e-06,-7.43447240794495e-06,-0.707106781186548,5.36109619239766e-15,-1.77244501110069e-05,-4.23881267510028e-15,-3.13371196727198e-15,3.67310474951762e-06,3.84544042369723e-16,3.16008529771067e-06,5.10432740615409e-16,2.08950499749101e-05,3.69307792022944e-06,-3.77873037330967e-15,5.5976883664019e-16,4.22797589668333e-16,-1.86326963760461e-06,-8.83814399808728e-16,2.87769895851406e-16,-5.69506840842653e-07,-1.76104484262667e-16,1.51924490438824e-06,1.38335205935413e-06,4.6655419822435e-16,-4.75288794448056e-16,1.23310555551515e-07,-6.84650730733289e-16,8.38899237918506e-08,1.36173081069156e-16,4.12487784160354e-16,1.01902371139171e-16,2.4374760742905e-16,1.60074909058354e-15,-4.06725606086135e-16,4.3366999191381e-16,1.65543514706222e-15,-1.02849014828338e-16,-0.0999999999999984
"t41",-0.0400721281472727,0.0536551271413506,-0.284094274996324,0.0365520088284767,0.00707977166647217,-0.0156558150484417,-0.0343920693576895,0.00286810925894772,-0.16057601382014,0.229278658822947,0.188711223551335,-0.00084514013328424,-0.127768549672231,0.0116993357781939,0.00664424852747461,0.000316481321479894,6.56568270057656e-07,0.00046583125515368,0.00266702071903636,-0.000295420895069178,0.0489016660986925,-0.0352724136444529,-8.88357232683946e-06,-0.000137330435419547,0.000154611477799345,0.000561066877644926,0.000222013604879367,-0.000946705800634115,0.000123726948326054,-9.8689427530352e-05,3.24857824922897e-05,-4.70452200072533e-05,-3.37399605213746e-05,0.002047295436449,0.192567393013863,0.0251819262287696,-0.000310477908369669,7.14886566430293e-06,-2.70931488455645e-05,1.38081643632817e-05,-4.68375338513738e-16,3.51056722111884e-06,-2.78960769693144e-05,-2.95709166319891e-05,3.84520090149443e-06,6.17464471511642e-05,-2.65595993974284e-05,2.87624241203482e-16,-4.27867356767823e-05,5.55337125994886e-06,1.70390625531072e-14,-0.406859913131378,-4.25651940948013e-05,-9.38607762926058e-06,-9.79081619538716e-16,-8.60465563093862e-15,2.20217958963358e-16,-0.000361170089621334,-0.254187999738757,7.88313401751251e-06,-1.24581079121477e-15,-4.0832838251556e-06,-3.44630133728692e-06,-7.4344724002534e-06,0.707106781186547,-5.92160070439506e-15,-1.77244500847934e-05,4.11970312090296e-15,2.00106952161937e-15,3.67310475039552e-06,-1.66936854449974e-15,3.16008529865672e-06,-8.08169347255685e-16,2.08950499746396e-05,3.69307792514334e-06,-9.84524534380029e-16,-3.33937477214125e-16,1.48711281026377e-16,-1.86326963795282e-06,1.25336492259177e-15,-5.77188540583268e-17,-5.69506841744887e-07,-8.83871662461211e-16,1.51924490456259e-06,1.38335206036971e-06,-1.7182404085947e-16,1.83895845645215e-16,1.23310556149167e-07,-7.27011775426939e-16,8.38899266230974e-08,-1.19956399543223e-15,-9.19779862883692e-16,3.18596427436039e-16,-6.86064175658751e-16,1.93508028032378e-15,-1.27787209837614e-15,3.30795651058392e-16,1.141983721611e-15,-2.01617134296581e-16,-0.0999999999999998
"t34",-0.0399468915534177,0.0532940499186584,-0.281340147108451,0.0359857301441513,0.00696986956341363,-0.0152515238931604,-0.033457287169098,0.00278479128715557,-0.154800087593576,0.220705708813906,0.18012072008655,-0.000804781958388017,-0.120333160837178,0.0110093347105428,0.00624115456893409,0.000294249574742844,6.0586189153547e-07,0.000427478923697247,0.00237839721171234,-0.000261932931143666,0.043320147964761,-0.0308928796295125,-7.64836764504344e-06,-0.000117335807842995,0.000131260133181329,0.000470716507102494,0.000184233889197076,-0.000782979582098826,0.000101886012368992,-8.11354041253817e-05,2.63484073739602e-05,-3.80190707004958e-05,-2.72533932035738e-05,0.0016139492021453,0.150028455568234,0.0191240455739742,-0.000228514277009739,5.20341431551527e-06,-1.91950217461977e-05,9.62494701368249e-06,-1.00613961606655e-16,2.29645466614899e-06,-1.80216497270733e-05,-1.67355148627404e-05,2.06131727405062e-06,3.02040896317758e-05,-1.24137652671268e-05,3.33320613722736e-16,-9.10370287098904e-06,9.00738649741881e-07,-4.30090760042921e-15,0.0846675973620945,1.8588780459171e-05,4.22370495511809e-06,6.28437034044784e-16,5.5110873269066e-15,-7.63155144836868e-16,0.00121718051785289,0.866640086737429,-9.00057821380806e-05,3.30260146670518e-15,-1.09673285332629e-05,-8.7917729466591e-06,-1.63011984471482e-05,1.37399173971464e-16,-2.61378083273296e-17,-3.42848561250062e-05,3.26562379559267e-16,3.90045182447099e-16,6.53165387934558e-06,-5.53444805236489e-16,5.24265416509108e-06,1.25129450871601e-16,3.3924193143392e-05,5.9730050294637e-06,-3.51655966717441e-15,3.29471827205887e-16,-3.71911107315487e-16,-2.73286475684104e-06,1.48422602646753e-16,5.86680915781429e-16,-8.14504022571409e-07,-2.74585188925255e-16,2.16139601568646e-06,1.93994676053318e-06,5.10309767018479e-16,1.43493263347752e-16,1.7136189414097e-07,-5.79981617758195e-16,1.15333554558099e-07,-5.676550389449e-16,-7.50919539998735e-17,4.70801100435723e-16,1.99558805375548e-16,1.74759504503738e-15,-5.11250157208532e-16,2.35626639264092e-16,1.12558102289233e-15,2.23095406046772e-16,-0.0999999999999993
"t32",-0.0398489581966009,0.0530112938376131,-0.279180909619602,0.0355407560600587,0.00688350893499292,-0.0149325426294849,-0.0327193594521083,0.00271897055786239,-0.150224631426208,0.213910738844405,0.17328982571806,-0.000772661930520218,-0.114390837667734,0.0104577168067761,0.00591868524173232,0.00027639609664915,5.65027015950919e-07,0.000396529437368217,0.0021430257770573,-0.000234566290670123,0.0387574296083419,-0.0272980150796333,-6.62824116775098e-06,-0.000100777921535581,0.000111878858251567,0.000395414498267775,0.000152626270700965,-0.0006458422545269,8.35645249651104e-05,-6.64017177649033e-05,2.11730931896874e-05,-3.03983764669258e-05,-2.17759412466254e-05,0.00124499407173678,0.113667424866664,0.0139020694804101,-0.000157139815867914,3.50327526983364e-06,-1.22338535259317e-05,5.91931342061833e-06,-3.98986399474666e-16,1.20012529937263e-06,-9.07232119990863e-06,-4.66455752246284e-06,3.59778492617548e-07,-5.7079496279001e-07,1.53603121843591e-06,-1.0890732010091e-15,2.88814815088058e-05,-4.5001613769275e-06,-3.28082918841657e-14,0.811449638004189,0.000127403661036575,2.87300154526083e-05,-4.51123173150789e-16,1.09028624360234e-14,-4.20557501069441e-16,-0.000527441323298551,-0.345897067043975,-7.01435705178162e-05,-1.575851832348e-15,-1.42094556614075e-05,-1.13918443563483e-05,-2.10258810008267e-05,8.04641671286615e-17,-6.47489432661296e-18,-4.37613778596974e-05,-2.31226120755825e-16,1.60123700104018e-16,8.24389759969507e-06,2.84516190152818e-16,6.53628111365722e-06,-2.10322739217903e-16,4.21076470974061e-05,7.40779457308692e-06,1.13135332443686e-16,3.72750608872635e-16,5.23958150940211e-16,-3.3073446215171e-06,8.11911834100737e-16,-4.34642823235644e-17,-9.78332139112938e-07,-1.87885777065415e-16,2.59188003359348e-06,2.31563517589505e-06,-2.83467818436338e-16,-2.26828992240432e-17,2.03934756904125e-07,-5.15861544287688e-16,1.36756324927538e-07,-2.44240466093877e-16,-1.17775631641415e-17,6.01555618439589e-16,5.30495223014621e-16,1.66656620959797e-15,-7.12070294618421e-16,4.61041088724981e-16,1.09919932562693e-15,1.88830874946715e-16,-0.100000000000005
"t93",0.0519568928603905,0.119743975962524,0.0252177398962439,-0.212322694335791,-0.188646825965592,-0.0160058847598059,-0.00238828009806815,0.00432149708194731,0.00137200863991064,-0.00282688972190344,0.00619624867122312,-0.522651546041098,-0.00641091695935995,-0.0418014289421628,-0.0082408395282039,0.00110527431227489,1.34152394800584e-05,0.000677671215593172,0.0132431264605234,-0.000142911768631758,0.00586795752041222,0.000117395488886961,0.000582417862443488,-0.000779999693483947,0.00461602238791184,0.0104102185187364,0.00579170547153535,-0.00117861924146324,0.000154497706054322,-0.00229124734670701,0.000297948728196633,-0.000398989358738742,-3.04189947477814e-05,0.000783404773220752,0.00190025949227416,-0.0021272651105912,0.340447413485021,0.00152529614496763,-0.000318812038413651,0.00170725720763183,2.84494650060196e-15,-0.000137161987570977,0.00126302015588181,9.17233131557166e-07,5.40239200426687e-06,1.8107461633318e-05,-8.58457689693976e-06,-2.38942699631513e-16,-0.000109722272949185,1.58260411300223e-06,-3.666527859443e-16,-3.96351583801552e-05,1.02811907248549e-05,2.41808899086232e-06,-1.86808800674186e-16,3.8892854206246e-16,-1.37365062477503e-16,-1.02037035374697e-05,-8.44825514121118e-06,-2.95889595196735e-05,-3.15540070987439e-16,-7.02921184162021e-06,-7.8546671287999e-05,-0.000150791195703332,-3.53265555079295e-16,-1.94571928883617e-16,-2.39640426276539e-05,9.54781642969927e-17,-1.16073494168869e-15,3.60901964504654e-05,-3.08729140662897e-16,2.95940231250014e-05,-4.16688110860915e-16,0.00216666970858251,4.02711770595185e-06,-3.16296190552785e-15,9.83607441675751e-17,9.97754474982249e-16,-0.000172143248083971,1.23309023645982e-15,4.74334901762988e-16,-4.59496056695074e-06,-1.83047091859597e-15,1.21941716198426e-05,1.44790982062813e-06,1.22349082771932e-15,1.0056436403834e-15,9.66372770509293e-07,-8.30550967156901e-16,8.62800835259113e-08,6.26841368826035e-15,1.71192072502525e-15,-8.33251942901018e-17,-1.98590635908412e-15,2.93032947627487e-15,-0.707106781186548,2.24448138394506e-14,3.5449931593012e-15,-2.56958454840304e-15,-0.0999999999999937
"t94",0.0519568928603905,0.119743975962524,0.0252177398962439,-0.212322694335791,-0.188646825965592,-0.0160058847598058,-0.00238828009806813,0.00432149708194732,0.00137200863991057,-0.00282688972190367,0.00619624867122323,-0.522651546041098,-0.00641091695935988,-0.0418014289421627,-0.00824083952820349,0.00110527431227486,1.34152394801201e-05,0.00067767121559329,0.0132431264605234,-0.000142911768631784,0.00586795752041222,0.000117395488887091,0.000582417862443026,-0.000779999693483698,0.00461602238791185,0.0104102185187363,0.00579170547153525,-0.00117861924146284,0.000154497706054302,-0.00229124734670693,0.000297948728196571,-0.000398989358738714,-3.04189947481683e-05,0.000783404773220406,0.00190025949227406,-0.00212726511059113,0.34044741348502,0.00152529614496755,-0.000318812038414561,0.00170725720763171,1.65839564303383e-15,-0.00013716198757073,0.00126302015588211,9.17233131801348e-07,5.40239200414229e-06,1.81074616333908e-05,-8.58457689773445e-06,-3.22209610662716e-16,-0.000109722272949116,1.58260411304674e-06,-3.35858781381242e-17,-3.96351583804202e-05,1.02811907245551e-05,2.41808899219258e-06,2.27320639753792e-16,5.27706419730987e-16,4.03115452359666e-17,-1.02037035369749e-05,-8.44825514186265e-06,-2.95889595199207e-05,5.02407517902559e-17,-7.02921184170872e-06,-7.85466712887168e-05,-0.000150791195703169,2.8858383388805e-16,3.53369455949745e-17,-2.39640426285261e-05,3.22994350999844e-17,1.41879886708882e-15,3.60901964510049e-05,-5.49347486369221e-16,2.9594023125358e-05,1.54371902402648e-16,0.00216666970858129,4.02711770393391e-06,-1.37272727831978e-15,6.0735332163894e-16,-5.20130453180067e-16,-0.000172143248080334,-5.15511027322535e-16,-2.79468478967229e-16,-4.59496056759135e-06,6.22428076435222e-16,1.21941716202078e-05,1.4479098204919e-06,-8.0787046135645e-16,-1.26560116013867e-15,9.6637277304205e-07,-4.62942920126267e-16,8.62800868288959e-08,-7.15140712189689e-15,-2.01777141535774e-15,8.5510371225554e-16,2.42723015806887e-15,6.42315170580033e-16,0.707106781186547,-2.16080683460016e-14,-9.93846687574575e-16,2.80327001028611e-15,-0.100000000000004
"t12",0.0510897783160245,0.115404547804744,0.0238920572931787,-0.194238545786006,-0.17254589188726,-0.0136760337174294,-0.0020211568998414,0.00360823260592165,0.00108674190105015,-0.00221371990951453,0.00452575891259752,-0.373986557853955,-0.00412697528380793,-0.0266772936527901,-0.00515990148105284,0.00061422509654289,6.73455229956445e-06,0.000312689177821729,0.00312353454951037,-2.66922636211263e-05,0.00105139801590122,9.18194375938776e-06,-4.908658090787e-05,0.000125682272246917,-0.00105067106967642,-0.00371436867284597,-0.00279945650306923,0.000617060987516217,-8.91007642195377e-05,0.00136804597936003,-0.000230234822320137,0.000328003407596689,2.52094956962234e-05,-0.000931475038260873,-0.00262882661626833,0.00395437301340344,-0.874551137142628,-0.0043678444687253,0.00117979053829579,-0.00735860159504075,-6.01602101468757e-15,0.00109742874474788,-0.0115494305427098,-0.00348994124347067,0.00020032049730579,0.000296453023313268,-0.000115695409435226,6.02389777501975e-16,-0.000673287687322492,9.1492175250544e-06,6.2351851054671e-16,-0.000182123709382599,4.42116485996912e-05,1.03668261057819e-05,3.99110710318793e-17,-8.44712534953642e-16,-2.39992311418948e-16,-3.62912649626874e-05,-3.00264588755656e-05,-0.000100189345512331,-1.12618370979058e-16,-1.98990740235115e-05,-0.000219842583628248,-0.000405313325107597,-2.22747183247776e-16,-2.40372723905979e-16,-6.16329914803061e-05,-1.06322871939535e-17,-6.65766848011857e-16,8.94255790843487e-05,-4.87435408341907e-16,7.06677900671779e-05,1.56842269191529e-17,0.0051073552584277,9.47042864857317e-06,-1.50423578588484e-15,1.89868398191724e-16,1.03463662775644e-16,-0.000377453996449875,-9.87910056901921e-17,1.41018818143885e-16,-9.85985471015259e-06,-3.0337594859509e-17,2.60425428171434e-05,3.05118925947996e-06,-4.67087606157887e-18,1.5192738774654e-16,2.01867569126733e-06,-6.59055605946652e-16,1.78309451099216e-07,-6.32054031735648e-16,-2.27723720824606e-16,3.65250846708134e-16,-6.68950146607781e-17,1.6384858322824e-15,-7.76152114902949e-16,2.95420385247753e-16,1.29767262111172e-15,-5.6274816100178e-17,-0.100000000000002
"t60",0.053830443900783,0.130345590779053,0.0288448285589143,-0.276856669517566,-0.246196926243879,-0.0340044292295161,-0.00573371926652914,0.0129564418376894,-0.0148314836383996,0.0132486213022856,-0.00454594935568452,0.26945180041169,0.00034134673444229,0.0014653709981628,-1.98027157927855e-06,0.000147026596486351,2.53081564007369e-06,0.000147247590660661,0.00378864283967876,-4.16327854190647e-05,0.001713217424169,3.48920975943507e-05,0.000172917530474488,-0.000229602663580508,0.00134476319790628,0.00295384301042046,0.00159128100401163,-0.000320173029647299,4.1312636499425e-05,-0.000608854515706711,7.46536638458011e-05,-9.81871332487908e-05,-7.46728647433992e-06,0.000165284671942271,0.000363854391448157,-0.00030277960513299,0.0228299313629344,5.41209331284411e-05,1.74155819921927e-05,-0.000205651414989345,6.38378239159465e-16,7.1243123332353e-05,-0.000811984558291524,-0.000375122304411394,2.33448955414857e-05,3.78361227313883e-05,-1.52484575892658e-05,-5.51574265415316e-16,-0.000106041242682269,1.46353160038056e-06,1.8425248940682e-16,-3.07741391162224e-05,7.55863190753623e-06,1.77316323233343e-06,-1.80296788019156e-16,-2.17252378023441e-15,3.96215415859884e-16,-6.20329436225234e-06,-5.13153313782869e-06,-1.68150689874108e-05,-4.55689836033856e-16,-2.28594792659465e-06,-2.32947691536785e-05,-2.39496270922392e-05,-3.89322611186403e-16,-1.46791289059465e-15,3.03280126560842e-06,-9.02541375778359e-16,-2.07284424619231e-15,-2.69289256942411e-05,1.03962709012311e-14,-0.00014216882021696,-4.53194478478686e-15,-0.869143092443722,0.000135138880784247,-3.29000158830881e-15,1.75854859460899e-15,-6.51650726758802e-16,-0.0409260895369777,-2.86213203763015e-15,-2.32341867327447e-15,-6.54023257437523e-06,-2.74720348496393e-15,1.6921959092458e-05,1.88480668794697e-06,-1.66170740818892e-15,-4.56950271734254e-16,1.21286223232047e-06,-6.47821519828951e-16,1.04059238876927e-07,2.66663089102798e-15,-5.22341585830733e-16,3.32273493391636e-16,-8.0323639744103e-16,2.32039729298604e-15,-1.30736495512821e-15,4.59072429436043e-16,-2.75953510183154e-16,-3.72404069562473e-17,-0.0999999999999893
"t67",0.0539551924134302,0.13099380641411,0.029050894587654,-0.280000208653918,-0.248997852344233,-0.0346418141391344,-0.00584669572645089,0.0132288207389536,-0.0152150913343338,0.0136043588525432,-0.00469344964686632,0.278604405602847,0.000355342932329209,0.00152622127321747,-2.06473087031867e-06,0.000154225030091873,2.66619366269739e-06,0.000155606415195445,0.00406498571378136,-4.47994916897512e-05,0.00184433854258408,3.77721597275088e-05,0.000188699581059303,-0.00025142454368297,0.00147674034592493,0.00326036055136705,0.00176445704522474,-0.000355503954109496,4.59521861825883e-05,-0.000677676168216543,8.35358495896363e-05,-0.000110022556427312,-8.36893559276177e-06,0.000186916561017966,0.000413187796151983,-0.000346798202607576,0.0264066212343856,6.28070197342198e-05,2.03660520150461e-05,-0.000241549331010545,1.04083408558608e-15,8.49988851245143e-05,-0.000971509011981503,-0.00046056230674623,2.89145431378781e-05,4.747369745618e-05,-1.92416943761781e-05,-1.23991189762135e-16,-0.000141336304049535,1.96790465877946e-06,4.29059265347084e-16,-4.35341999058381e-05,1.09398197999821e-05,2.56938737945917e-06,-3.55081391852445e-17,1.0403037608715e-15,-1.21346452735597e-16,-1.00538309373552e-05,-8.32219966674862e-06,-2.87142534988655e-05,-6.08238311515784e-16,-6.70169975940882e-06,-7.51161488182212e-05,-0.000147272328039233,1.87531735250102e-16,1.32468513554499e-16,-2.48201478591148e-05,-2.7573868614647e-16,-2.09970664894336e-15,4.29159677364398e-05,-3.22725496619736e-15,6.80257138906775e-05,1.7526120563475e-15,0.245306137564467,-3.40443968081139e-05,-6.38751023176528e-15,-4.01431145096545e-16,-7.55237067169116e-15,0.829640951940416,6.75272533165753e-15,-7.60938836805832e-16,-3.59703695712278e-06,3.25028990060784e-15,9.21159110487912e-06,1.04375788607349e-06,-4.25929946989845e-16,7.03897713149206e-16,6.8833531245085e-07,8.47280113090227e-16,6.10513318158565e-08,2.61960570318008e-15,-2.33121385792402e-15,1.94593262361675e-16,-4.96066506911314e-16,2.56971052842517e-15,-2.67120194050063e-15,-6.64617363961254e-17,1.34237152062433e-15,7.19771026844985e-17,-0.100000000000009
"t68",0.0539736801232014,0.131089745684235,0.0290813608927358,-0.280464019757406,-0.249411108385733,-0.0347355238732196,-0.00586329821706561,0.0132688233169412,-0.0152713016450404,0.0136564614161799,-0.00471499738705868,0.279940545346202,0.000357379680726336,0.00153507423048464,-2.07701247974257e-06,0.00015526887281502,2.68578606909373e-06,0.000156814427351736,0.00410465176702867,-4.52534558547005e-05,0.0018631318233174,3.81839479666129e-05,0.000190948253928306,-0.000254529192750736,0.00149549441947989,0.00330382275969726,0.00178896514528913,-0.000360501166536759,4.66079238568016e-05,-0.000687400518311645,8.47881171535075e-05,-0.000111690232375519,-8.49597323256927e-06,0.000189953201874244,0.000420101502480847,-0.000352945925765099,0.0269042227078309,6.40139026702216e-05,2.07747915865463e-05,-0.000246514057402579,-8.04911692853238e-16,8.68901385645187e-05,-0.000993418689664647,-0.000472187384001545,2.96700098931982e-05,4.87750650171423e-05,-1.97798525623245e-05,2.2015266784291e-16,-0.000146008374299883,2.0344859093787e-06,-3.48335756719437e-16,-4.51932169958362e-05,1.13765856997451e-05,2.67220587395175e-06,2.52066939431693e-16,1.14331042253822e-15,-3.91676341018804e-16,-1.05368782821779e-05,-8.722404649873e-06,-3.01890912627505e-05,3.8056578214916e-16,-7.20316366622434e-06,-8.09404628217197e-05,-0.000160491134280575,-1.1361989300448e-16,1.4839176336468e-16,-2.75656585106596e-05,5.43570661646612e-16,4.62594878846559e-15,4.89648073379108e-05,-4.27472498183146e-15,8.16624332922593e-05,1.58243437682666e-15,0.303626659338158,-4.24292837157358e-05,-2.48826318288307e-15,-7.48582884357086e-16,6.76320949358459e-15,-0.393713560948744,-5.65094999979612e-15,-0.707106781186546,-2.05074374062648e-06,4.20854642443143e-15,5.80080389799796e-06,7.67910656630589e-07,2.72860803201899e-15,-3.93868161649765e-15,5.35928372905365e-07,-1.9693608033472e-15,4.982508742072e-08,-1.58440621098622e-15,8.99510507450253e-16,-5.45893065177968e-16,4.82448759792512e-15,6.38875141664257e-16,2.43286609516896e-16,5.46309095380359e-16,2.55935591822303e-15,3.64571576573923e-16,-0.100000000000001
"t69",0.0539736801232014,0.131089745684235,0.0290813608927357,-0.280464019757406,-0.249411108385733,-0.0347355238732197,-0.00586329821706542,0.0132688233169413,-0.0152713016450403,0.0136564614161798,-0.0047149973870586,0.279940545346203,0.000357379680726376,0.00153507423048449,-2.07701247999237e-06,0.000155268872815219,2.68578606906204e-06,0.00015681442735138,0.00410465176702836,-4.52534558546809e-05,0.00186313182331759,3.81839479666727e-05,0.00019094825392827,-0.000254529192751384,0.00149549441948,0.00330382275969739,0.00178896514528924,-0.000360501166538253,4.66079238572221e-05,-0.00068740051831149,8.47881171534194e-05,-0.000111690232375304,-8.49597323245305e-06,0.00018995320187375,0.00042010150248065,-0.000352945925764865,0.0269042227078309,6.40139026700324e-05,2.07747915874922e-05,-0.000246514057402109,8.32667268468867e-17,8.6890138564556e-05,-0.000993418689664409,-0.000472187384001764,2.9670009893407e-05,4.8775065017827e-05,-1.9779852560216e-05,2.75663824705965e-16,-0.000146008374300194,2.03448590926456e-06,-1.07209193554159e-16,-4.51932169955762e-05,1.13765857001643e-05,2.67220587511808e-06,-1.27614113135979e-16,2.1349863911539e-16,-2.69578269021941e-16,-1.05368782815547e-05,-8.72240465056162e-06,-3.01890912605673e-05,2.81777748288136e-16,-7.20316366397007e-06,-8.09404628206404e-05,-0.000160491134280672,-9.97421047432333e-17,8.22699815377948e-16,-2.75656585097584e-05,3.9684232332389e-16,-8.80063524284797e-16,4.89648073388923e-05,-4.13074280233837e-15,8.16624332936916e-05,6.20104462659822e-16,0.303626659338154,-4.24292837038176e-05,3.74286354282562e-15,3.4066991278449e-17,2.23905063940772e-15,-0.393713560948741,2.89776728982051e-15,0.70710678118655,-2.05074373883316e-06,-6.6195975126158e-15,5.80080390579401e-06,7.67910647570934e-07,-4.69495465025766e-17,3.78652056129694e-15,5.35928372141707e-07,-7.35349514863705e-16,4.98251152316149e-08,-5.3730422825202e-15,1.25426260670036e-15,1.3757866488897e-15,-3.4744295143153e-15,1.61991537591182e-15,7.76428383876067e-16,4.93571262068854e-16,1.65663851408628e-15,-2.28536302988024e-16,-0.0999999999999988
"t14",0.0589066238752734,0.181192681529721,0.0762220848870047,0.0753037205372423,0.0654813369929255,-0.00270795686598325,0.000400939501067378,-0.270770511903799,-0.00554544927386668,0.0045034332343743,-0.000584799475800433,0.0105069300238906,-0.000777375506591856,-0.00525784158273703,-0.0011048168243215,0.000171731045025913,2.07276484880089e-06,0.000100797738440996,0.0046371151988279,-9.22901582798619e-07,4.29476043977556e-05,-3.73675904768907e-06,-8.88437981158244e-05,0.000186439947820232,-0.00159573448994474,-0.0084929387295211,-0.221951930043023,-0.00371138854150287,0.000225069233350098,-0.0204598933605517,9.98548137392501e-05,-0.000108231595057239,-8.02504036646498e-06,3.35222324407691e-05,-2.46978857335487e-05,0.000157940994263104,-0.00530353862326171,9.69976274752167e-05,-0.000162445462589472,0.00189342974774773,1.96370697480575e-14,-0.00416479841579128,0.902190734856252,-0.0228583858829529,0.000164524000083241,0.000220059008490165,-8.31002285485735e-05,1.07877398216593e-15,-0.000417072614813743,5.60625178392947e-06,-9.47412646662081e-17,-0.00010731419525611,2.57861584697296e-05,6.04363655293199e-06,-9.41766272611609e-17,1.61722730812993e-15,9.61447333436868e-17,-2.06323838921168e-05,-1.70692883884977e-05,-5.66478064215654e-05,-2.20949203448966e-16,-1.12620106348798e-05,-0.0101117856418157,-0.00131087802942942,1.50838221230281e-16,5.47348633684888e-17,-3.38841688212145e-05,-3.13641400427978e-16,2.81426477213355e-17,4.9087870138708e-05,-1.08811773420164e-16,3.84422501379745e-05,1.27400910927731e-17,0.000429854808826892,5.57259890383611e-06,-4.44025658700112e-15,3.03529507415941e-16,1.33265964546639e-16,-3.24296926684357e-05,-1.27003874009899e-16,-1.17978993713192e-17,-5.43846926780217e-06,-3.31189633105254e-16,1.43649095662708e-05,1.68331801559099e-06,-4.28319843796459e-17,-6.59963511739839e-17,1.11389048467075e-06,-5.43654390907241e-16,9.84179784781579e-08,-8.57418286609098e-17,-1.83519427947378e-16,4.3000486705922e-16,-2.57199977343691e-16,1.96027837862394e-15,-9.85372061335248e-16,6.31056184507483e-16,1.32871126050072e-15,4.61135800470906e-17,-0.0999999999999995
"t45",0.0601700641864351,0.189834343118093,0.0816036091456743,0.0842854415921046,0.0733095212318551,-0.00330732538729131,0.000495753531761258,-0.340661081128922,-0.00746909974920414,0.00615629617994239,-0.000875801720664107,0.0161680218699078,-0.00137820553541852,-0.00943177100771036,-0.00203399090879221,0.00037305229328469,5.20966824824673e-06,0.000287103466824451,0.0471748657153583,-2.04855296189147e-05,0.00116479566026456,5.32724904406007e-05,0.000378054028770509,-0.000602902571779694,0.00429910660245307,0.0175332094329229,0.380129776353604,0.00605898187947522,-0.000347403986310344,0.0309753237777416,-0.000134134349122221,0.000142882835236685,1.05760669700533e-05,-6.40201473010519e-05,-6.19788173157324e-05,-2.68129631264228e-05,0.0012093816741687,-2.13291828031735e-05,3.0863767918793e-05,-0.000323262360959361,-2.74780198594726e-15,0.000438172723845429,-0.0852463465339257,0.000299421203947118,1.45619006666348e-06,8.19262215529418e-06,-4.02277225195937e-06,-2.43563938696835e-17,-5.35440321148988e-05,7.73485265465855e-07,4.74952421371738e-17,-1.96194451795027e-05,5.12783251040964e-06,1.20654437276046e-06,1.86674558965149e-16,5.44869014347273e-16,-4.49687092753065e-16,-5.34023538901062e-06,-4.42292029386979e-06,-1.59191966702232e-05,-3.63146641167505e-16,-1.14039975161325e-05,-0.399218894207057,-0.000134843998463277,-2.51217722019397e-15,2.86880491837092e-16,-7.71820432872038e-06,0.70710678118655,-4.11999472953091e-14,1.33821820475107e-05,-2.29298243443505e-15,1.16736553750407e-05,4.21004281846722e-16,0.000134568080677976,1.75380196373459e-06,5.92352948022017e-15,-3.73835776379388e-16,9.24777745681511e-16,-1.16562213955128e-05,-3.20483988129695e-15,1.08558137358879e-15,-2.0247489890329e-06,-7.64609284995933e-16,5.38825926475408e-06,6.44641791086396e-07,4.48644085415073e-16,4.16360528808269e-17,4.32298326562774e-07,-7.651495948778e-16,3.88140215601027e-08,7.92284667777336e-16,-1.06335546048556e-16,2.8218856952507e-16,1.25664048974235e-17,1.71544141224941e-15,-9.66058093533747e-16,6.103102637949e-16,1.35571904800372e-15,-1.05023597472582e-16,-0.099999999999999
"t46",0.0601700641864351,0.189834343118093,0.0816036091456743,0.0842854415921046,0.0733095212318551,-0.00330732538729133,0.000495753531761326,-0.340661081128922,-0.0074690997492038,0.00615629617994236,-0.000875801720663896,0.0161680218699077,-0.00137820553541872,-0.00943177100771047,-0.00203399090879254,0.000373052293284595,5.20966824822374e-06,0.000287103466824349,0.047174865715358,-2.04855296188636e-05,0.00116479566026484,5.32724904406422e-05,0.000378054028769995,-0.000602902571780002,0.00429910660245296,0.0175332094329228,0.380129776353605,0.00605898187947486,-0.000347403986310416,0.0309753237777418,-0.000134134349122335,0.000142882835236721,1.05760669700204e-05,-6.40201473002976e-05,-6.19788173155972e-05,-2.681296312641e-05,0.00120938167416875,-2.13291828028764e-05,3.08637679185704e-05,-0.000323262360960055,-2.7824964554668e-15,0.000438172723845539,-0.0852463465339262,0.000299421203946792,1.45619006674645e-06,8.19262215531843e-06,-4.02277225159937e-06,-5.51712330559605e-16,-5.35440321153828e-05,7.73485264470214e-07,3.36174543071348e-17,-1.96194451795999e-05,5.12783251320834e-06,1.20654437284142e-06,-8.71159172080683e-16,4.35339298275048e-17,-3.80293451521358e-16,-5.34023538825041e-06,-4.42292029349692e-06,-1.59191966706671e-05,-8.81889771411208e-16,-1.14039975164674e-05,-0.399218894207064,-0.000134843998463588,3.63568277663353e-15,1.79427082165188e-15,-7.71820434923453e-06,-0.707106781186546,3.60212682377985e-14,1.33821820459533e-05,1.59973702638977e-15,1.16736553697226e-05,7.12334418849653e-17,0.000134568080679246,1.75380195537656e-06,-1.05632824354634e-14,1.62099472450312e-15,-5.87901126403581e-16,-1.16562213963106e-05,3.82556068596483e-15,6.58333939384053e-18,-2.024748988306e-06,-2.75417264770481e-16,5.38825926429177e-06,6.44641792236622e-07,-6.58109492431537e-16,5.7874819663939e-17,4.32298326721296e-07,-9.22717980868512e-16,3.88140231700774e-08,-1.17836120093144e-15,-5.08243666386935e-17,3.97511808464733e-16,3.42163865573677e-16,1.9546585391525e-15,-1.00807327980854e-15,-1.34465060341653e-17,1.31317036401602e-15,2.53858705358503e-16,-0.0999999999999986
"t39",0.060095266316633,0.189327614425892,0.081290531816439,0.0837709713475578,0.0728611625706892,-0.0032739394968623,0.000490491684761035,-0.336802122105815,-0.0073648817491506,0.00606709824230128,-0.000860446899552472,0.0158711608197501,-0.00134760614110921,-0.00921966707094302,-0.00198699794516416,0.000363142800302961,5.05830286235984e-06,0.000278243769892463,0.0452967536134128,-1.96343750919643e-05,0.00111609322419106,5.08665775563602e-05,0.000359132948955941,-0.000571450511390993,0.00406733355437115,0.0165323124705647,0.357342127953132,0.00569054138033451,-0.000325893773223051,0.0290445710950323,-0.000125320253966018,0.000133366832447462,9.87045224607356e-06,-5.93782506587338e-05,-5.73174878824624e-05,-2.46451221386625e-05,0.00110369722059686,-1.94178063330448e-05,2.79372616032906e-05,-0.000291636796522316,-2.33146835171283e-15,0.000390518428413086,-0.0758042493363862,0.000260641514274915,1.25804363326966e-06,6.99707256056333e-06,-3.41801849350432e-06,2.25730982617319e-17,-4.31042581986429e-05,6.16799564651881e-07,-2.51677117521332e-16,-1.47377468795634e-05,3.7376643862761e-06,8.78022877531866e-07,6.02365786272771e-16,-9.87018617773397e-16,2.993285950879e-16,-3.21847081335254e-06,-2.66203787508397e-06,-8.49750542914505e-06,8.89319568130829e-16,1.36405378484764e-05,0.825267329682741,-0.000978097224948233,-1.31715973898359e-15,-2.25263463223037e-15,-1.81296085634511e-05,-3.44234543013266e-15,4.85821686883671e-15,2.38394556593517e-05,-4.70161093027814e-16,1.7940809882925e-05,-1.02524932649805e-15,0.000199290393320651,2.58124042304359e-06,-7.06317510726778e-17,-6.10263861823039e-16,5.18406902463562e-16,-1.50536405977722e-05,-4.64106629003922e-17,-5.96045936880196e-16,-2.54565078541154e-06,-5.28093106430621e-16,6.73848101860146e-06,7.94894037846844e-07,5.73782025854436e-16,-3.22656037319107e-16,5.28511170676008e-07,-2.14796531694196e-16,4.69883858665755e-08,-7.33338297015902e-16,-2.66259460056094e-16,4.30775631804187e-16,-2.51919796934957e-17,1.64015406935978e-15,-3.43203551263044e-16,3.76676247892781e-16,1.22573332504628e-15,4.22858609735512e-17,-0.100000000000006
"t35",0.0594400369181729,0.184800830823422,0.0784477412871485,0.0789458188792064,0.0686553273326209,-0.00294165558447318,0.000437702284950448,-0.297656736132098,-0.00626273291451559,0.00511555316039025,-0.000688112237886174,0.012491527416988,-0.000974499103439533,-0.00661971473102902,-0.00140431548963051,0.000231775295773964,2.94695271589685e-06,0.000149821643704012,0.0115607541133409,-3.60630975970693e-06,0.000192229253247352,5.16443512384285e-07,-0.000106585070025881,0.000266420775052542,-0.00255452011350913,-0.0163926851312584,-0.510215864591144,-0.00903276495184078,0.000592186174703645,-0.055515553130331,0.000364736882988946,-0.000435980246196962,-3.27773867691186e-05,0.000499930052811579,0.000985160219190008,-0.000647326235086444,0.0094741141994266,-0.000140982060221795,0.000155538577168253,-0.00145924249517896,-4.92661467177413e-15,0.00152483332380777,-0.28689457163897,0.000815972775576744,3.78303679064205e-06,2.00858477791797e-05,-9.65006972030556e-06,-1.18376176795152e-15,-0.000111261824941751,1.5814153627494e-06,-6.41121247045779e-16,-3.72215179988327e-05,9.47109704724168e-06,2.22556979315312e-06,1.07604785774092e-15,2.16947727514613e-16,-2.07613770102637e-16,-8.87709209014785e-06,-7.34828155939624e-06,-2.53569436433442e-05,-0.707106781186547,-5.81317236130022e-06,-0.00626702899767125,-0.000700217981886225,-5.47287896128191e-16,1.95611896893586e-16,-1.87088569286973e-05,3.22664527154072e-16,6.29738199064728e-15,2.78534463673214e-05,-4.96597225210639e-16,2.24029426368203e-05,-2.7089319635812e-17,0.000252833707228101,3.28325451557883e-06,-3.33750909576446e-15,-4.2131290354799e-16,-2.17292253356495e-16,-2.00730454746654e-05,-6.43255669246243e-17,3.0074007679387e-16,-3.41709920355602e-06,-1.20873524884518e-15,9.0553397631018e-06,1.07093555525021e-06,-6.62962438181145e-17,3.66680729487981e-16,7.12934777944272e-07,-1.06124990046611e-15,6.34549939724916e-08,-1.25184592774358e-15,-5.58234093536291e-16,1.98464101856725e-16,2.3400977516858e-16,1.68154538888107e-15,-4.39964958978775e-16,2.85686048085384e-16,1.23289822290883e-15,7.37736062513379e-17,-0.0999999999999976
"t36",0.0594400369181729,0.184800830823422,0.0784477412871486,0.0789458188792065,0.0686553273326208,-0.00294165558447316,0.000437702284950213,-0.297656736132098,-0.00626273291451561,0.00511555316039013,-0.000688112237886021,0.012491527416988,-0.000974499103439607,-0.00661971473102925,-0.00140431548963042,0.000231775295773734,2.94695271591408e-06,0.00014982164370411,0.0115607541133407,-3.60630975965448e-06,0.000192229253247216,5.16443512362395e-07,-0.000106585070026264,0.000266420775052389,-0.00255452011350928,-0.0163926851312584,-0.510215864591144,-0.00903276495184063,0.00059218617470371,-0.0555155531303306,0.000364736882989416,-0.0004359802461968,-3.27773867707944e-05,0.000499930052811197,0.000985160219190062,-0.000647326235086515,0.00947411419942659,-0.000140982060222256,0.000155538577168883,-0.00145924249517861,-4.413136522885e-15,0.00152483332380733,-0.28689457163897,0.000815972775576634,3.78303678949666e-06,2.008584777992e-05,-9.65006971850133e-06,6.06472859223048e-16,-0.000111261824941666,1.58141536122769e-06,1.20809397835825e-15,-3.7221517998627e-05,9.47109705054587e-06,2.22556979682768e-06,-8.59930023828228e-16,-8.13478017028502e-16,-1.26719710727784e-16,-8.87709209020624e-06,-7.34828156495811e-06,-2.53569436441358e-05,0.707106781186547,-5.81317236117778e-06,-0.00626702899767302,-0.000700217981883877,7.82361806995006e-18,-6.44846035265732e-16,-1.87088569285906e-05,-4.82247322376226e-16,-7.14325550122102e-15,2.78534463682486e-05,-2.79756775483106e-16,2.24029426368492e-05,-2.18218399539058e-16,0.000252833707227477,3.28325451529231e-06,4.51126975768883e-16,6.80933669177704e-16,4.76597138307411e-16,-2.00730454736352e-05,1.31608063908898e-15,2.72984116296907e-16,-3.41709920379722e-06,6.99460574729312e-16,9.05533976287968e-06,1.07093555489297e-06,5.89429229630983e-16,-2.02495353524079e-16,7.12934778144912e-07,-3.69280934142013e-16,6.34549952142655e-08,1.35932853036176e-16,3.43822122878282e-16,3.53689196952713e-16,-2.03140540242841e-16,1.524796825119e-15,-8.70998953424799e-16,3.96676660005177e-16,1.4931993796682e-15,-3.00124957681163e-17,-0.0999999999999989
"t30",0.05941612575431,0.18540454812831,0.0793889523514203,0.0839552868167929,0.0730462980772081,-0.0114723616072437,-0.00249424643869147,0.162099159835906,-0.00193316523514862,0.00169863724357731,-0.00022330749858725,0.00373687443441177,-8.35484752214769e-05,-0.000416542417838575,-1.38731472927034e-05,-9.73259761344759e-05,-2.81712056805043e-06,-0.000235337690028261,-0.580564247123985,-0.000805211845823276,0.0287443655375447,0.000243792322133654,0.000785698478951122,-0.000961112249445527,0.00545251935676922,0.0127803805706458,0.0554491024377592,-0.000891073629921784,0.000462953681328801,-0.252700194498513,5.22415306998026e-05,-9.43355436032129e-05,-7.36842625851383e-06,0.000233227724042885,0.00051205624925514,-0.000370790910666989,0.00541109626801623,-7.87563601195871e-05,7.87937532134438e-05,-0.0006720497407312,9.08995101411847e-16,0.000220075056001589,-0.0126830802342444,-0.0417318968632125,3.21271262493995e-05,6.26113373007169e-05,-2.57857573208475e-05,1.02331665498393e-16,-0.000189426483441311,2.62627623737791e-06,3.30775961946271e-15,-5.6735037369421e-05,1.4121913555402e-05,3.3151857671193e-06,-6.66942852970339e-15,2.9264072320804e-15,0.707106781186548,-1.25004502079097e-05,-1.03455721893064e-05,-3.52253410098594e-05,-6.93154887079947e-17,-7.59440827524369e-06,-0.000498102490853446,-0.0055400577574217,2.54469122187242e-16,-2.47983360957658e-17,-2.421436871015e-05,1.03674205800354e-16,5.70465125566649e-16,3.58049704283923e-05,-7.42031698150512e-16,2.85725207844489e-05,6.0341277243099e-16,0.000321554806554602,4.1734941938875e-06,-2.40240008154096e-15,4.38320483659359e-16,2.90904212346678e-16,-2.51253622668911e-05,1.28908709300188e-16,1.35446533510347e-17,-4.25673832600309e-06,-3.99512318889989e-16,1.12685317156114e-05,1.32872685775481e-06,2.53535274189707e-17,-4.32490551358768e-16,8.82824583574759e-07,-6.18415672422687e-16,7.83882107358466e-08,-4.76099514834188e-16,-2.58387991676345e-16,5.70614252050296e-16,2.4626186792731e-16,1.7527689996518e-15,-7.91909833902093e-16,3.0406549586414e-16,1.48030464396708e-15,-1.84022171544959e-17,-0.100000000000003
"t31",0.05941612575431,0.18540454812831,0.0793889523514203,0.0839552868167928,0.0730462980772082,-0.0114723616072437,-0.00249424643869139,0.162099159835906,-0.00193316523514847,0.00169863724357745,-0.000223307498587246,0.00373687443441176,-8.35484752214565e-05,-0.000416542417838449,-1.38731472928769e-05,-9.73259761342139e-05,-2.81712056798498e-06,-0.000235337690028049,-0.580564247123985,-0.000805211845823262,0.0287443655375448,0.000243792322133615,0.000785698478950745,-0.000961112249445216,0.00545251935676925,0.0127803805706459,0.055449102437759,-0.000891073629921857,0.000462953681329009,-0.252700194498513,5.22415306998648e-05,-9.43355436033132e-05,-7.3684262580281e-06,0.000233227724044294,0.000512056249255435,-0.000370790910667215,0.00541109626801644,-7.87563601194282e-05,7.87937532135149e-05,-0.00067204974073118,7.84095011141517e-16,0.000220075056001996,-0.012683080234244,-0.0417318968632121,3.21271262488998e-05,6.2611337300444e-05,-2.57857573198244e-05,5.72288551120532e-17,-0.000189426483443015,2.62627624121073e-06,-2.56254462321286e-15,-5.67350373704145e-05,1.41219135555595e-05,3.31518576123837e-06,6.30498426671466e-15,-3.0948179531436e-15,-0.707106781186548,-1.25004501890292e-05,-1.03455721904644e-05,-3.52253410219857e-05,-2.15032506569678e-16,-7.59440827574995e-06,-0.000498102490852585,-0.00554005775742155,-3.76970223056304e-16,-2.21376406280435e-16,-2.42143687094505e-05,4.12241702004659e-17,-6.59453818900908e-16,3.58049704283895e-05,4.29950816503434e-19,2.85725207841648e-05,-5.92830820903227e-16,0.000321554806553766,4.17349419374849e-06,-2.249744415655e-15,-1.43811380463958e-16,4.11040322564203e-17,-2.51253622666721e-05,8.29736993592852e-16,9.68114159747318e-17,-4.25673832579433e-06,-1.39303797493468e-16,1.12685317156991e-05,1.32872685771853e-06,9.82119132349319e-17,5.35166500955322e-16,8.82824583555216e-07,-6.50463334006571e-16,7.83882113118894e-08,-6.2875518071937e-16,-1.26549013401905e-16,1.72075775126264e-16,3.93713363221263e-16,1.64226155241522e-15,-7.36312839749333e-16,4.70521816043182e-16,1.17499803194328e-15,-1.6590670689993e-17,-0.100000000000001
"t25",0.0603982616885393,0.192465506349857,0.0840094024490158,0.0928116356547006,0.0807728015824062,-0.0141137343827268,-0.0031240137118482,0.208515741130386,-0.00281666473606403,0.00255602882634997,-0.000435471276385209,0.00810684222326668,-0.000662611018379204,-0.00450291281947058,-0.000954978441690117,0.000152498397042155,1.80610868962323e-06,8.29475974194385e-05,-0.0607184078211608,-0.000103480983283865,0.0037711340742861,3.55710443156746e-05,7.87497964759634e-05,-4.48793758363359e-05,-0.000120686573201776,-0.00324209207547567,-0.042818777700015,0.000972801251343081,-0.000841946356787225,0.576640207626305,0.00031765764851736,-0.000355290611275146,-2.65293121043997e-05,0.000351798185403236,0.000675324007838412,-0.000422667300867747,0.0057494767447277,-8.27380892617927e-05,8.19650761978754e-05,-0.000701413927730404,-5.89805981832114e-16,0.000245847689996731,-0.0145253150807947,-0.211721285142969,-2.54291222912171e-05,1.49235368692301e-05,-9.1127827706189e-06,4.70741451354793e-16,-0.000116786433886388,1.64964061510497e-06,-2.2763947315953e-15,-3.77991708441904e-05,9.54141017650511e-06,2.24127378755882e-06,0.707106781186547,-2.07872820158804e-14,6.32885357690694e-15,-8.74894098349791e-06,-7.24164609867707e-06,-2.48618625053996e-05,3.5573453367069e-16,-5.5626457720999e-06,-0.000366823287251537,-0.0138281522764691,7.22155047971056e-16,-8.46788137451548e-16,-1.74406951969395e-05,-3.48190410717807e-16,-2.02907967568685e-15,2.61242111733586e-05,-2.66356270776517e-16,2.1016348946106e-05,2.10547636673898e-16,0.000237102517483212,3.07873538990754e-06,-1.55239722560261e-15,1.43326406992707e-16,3.38260026310247e-17,-1.87626682720472e-05,-7.41558996213758e-18,2.40968754719809e-16,-3.19040152729885e-06,-7.67616413966917e-17,8.45246774724095e-06,9.98929267798401e-07,3.90224147521569e-16,-2.05992912394331e-17,6.64691796769754e-07,-8.13830123071219e-16,5.91278353400008e-08,-3.77259175660137e-16,2.53811075319148e-16,2.14856604554564e-16,-3.12965785160426e-16,1.6024255287312e-15,-9.58789750251645e-16,4.904261709934e-16,1.30580042383713e-15,-8.58734660395343e-17,-0.0999999999999992
"t26",0.0603982616885393,0.192465506349857,0.0840094024490158,0.0928116356547006,0.0807728015824063,-0.0141137343827267,-0.00312401371184809,0.208515741130386,-0.00281666473606402,0.00255602882634991,-0.000435471276385304,0.0081068422232666,-0.000662611018379157,-0.00450291281947052,-0.000954978441690055,0.000152498397042315,1.80610868967348e-06,8.29475974193621e-05,-0.0607184078211607,-0.000103480983283888,0.00377113407428599,3.55710443156632e-05,7.87497964764186e-05,-4.48793758366431e-05,-0.000120686573201968,-0.00324209207547578,-0.0428187777000152,0.000972801251343782,-0.000841946356787275,0.576640207626305,0.000317657648517528,-0.000355290611275242,-2.65293121042887e-05,0.000351798185404793,0.000675324007838668,-0.000422667300867934,0.00574947674472769,-8.27380892615334e-05,8.19650761973236e-05,-0.000701413927730109,-4.64905891561784e-16,0.000245847689996669,-0.0145253150807949,-0.211721285142968,-2.54291222916816e-05,1.49235368696609e-05,-9.11278277276625e-06,2.14002376881388e-16,-0.000116786433885057,1.64964061287667e-06,2.65715883406872e-15,-3.77991708445046e-05,9.54141016730453e-06,2.24127380741074e-06,-0.707106781186547,2.06066895679158e-14,-6.82381966340758e-15,-8.74894099912667e-06,-7.24164609678157e-06,-2.48618625049849e-05,-9.76533059902747e-16,-5.56264577161493e-06,-0.000366823287250438,-0.0138281522764682,-8.23049888210331e-16,5.91000444985521e-16,-1.74406951973022e-05,6.5101031026934e-16,1.1836282018222e-15,2.61242111731434e-05,-3.63500785235055e-16,2.10163489461257e-05,-3.92742515153962e-16,0.000237102517483476,3.07873538916253e-06,-1.80219740614327e-15,3.4521525514016e-16,2.18790893163165e-16,-1.87626682721402e-05,-5.76404890081916e-16,-2.03120461995775e-16,-3.19040152728813e-06,-1.43331539961056e-15,8.45246774715132e-06,9.98929267984513e-07,-1.12845660419347e-16,-4.18666926174735e-17,6.64691796450114e-07,-4.40888144083227e-16,5.91278350207645e-08,3.58263578153784e-16,-5.58039505470949e-16,5.71550707875076e-16,-2.84711350626036e-17,1.85020635053964e-15,-4.59207995519344e-16,4.73351128708671e-16,1.19477989445789e-15,4.33825574831834e-17,-0.0999999999999991
"t18",0.0605149801724154,0.193353473894157,0.0846166009687821,0.0940725725961543,0.0818733242578232,-0.0145401312010713,-0.00322721524554037,0.216277147719806,-0.00297504134564895,0.00271178720174325,-0.000476816791120934,0.00897346263394014,-0.000785977818766336,-0.0053775918189485,-0.00115840170963974,0.000209069593824605,2.87790840553864e-06,0.00015754428478597,0.0539668386415176,4.41553711342192e-05,-0.0014368931491648,-1.26055865236657e-06,1.20285086805453e-05,-8.57944722774799e-06,-2.56311574369143e-05,-0.000759504927483746,-0.0103091199847604,0.000234263256993197,-0.000201864476071923,0.137851647853573,7.23688937473098e-05,-7.93571599380992e-05,-5.90866674937812e-06,6.32189943135342e-05,0.000102690413692236,-3.3257297342467e-05,-0.000206504969862886,6.90956284090461e-06,-1.77001640075601e-05,0.000216700278110946,-4.28129753871076e-15,-0.000197264657868587,0.013553212878156,0.924733198891346,0.000292989977701329,0.00022523765063865,-7.6703598428617e-05,-1.72981825070512e-15,-0.000289587453863272,3.84502784826621e-06,-4.30268324668256e-16,-7.1106885570188e-05,1.69833116571306e-05,3.9795417740351e-06,3.87238587601499e-16,1.19848632054731e-15,1.80393252259966e-16,-1.35002226967998e-05,-1.11689117223506e-05,-3.7116122104647e-05,2.49507248326106e-18,-7.56865258604644e-06,-0.00049932652348842,-0.0421136675496048,1.72448431129192e-16,-4.10596465613966e-17,-2.12192307295323e-05,-2.22326095272065e-16,9.89843143785047e-18,3.16592003206802e-05,-6.14457210990726e-16,2.51446047163597e-05,-4.93330982388318e-17,0.000282247783188776,3.66149578606931e-06,-2.60791125139745e-15,2.23882265993447e-16,1.25508088293148e-16,-2.16888682175853e-05,4.99577445795595e-16,3.84188585025398e-16,-3.65609189324807e-06,1.54438674321225e-16,9.66799886904806e-06,1.13657104240804e-06,1.96032508829041e-16,1.89413351722195e-16,7.53693916595311e-07,-6.58481279649767e-16,6.67673655698713e-08,-8.65742170900298e-16,-1.32446862532938e-16,3.91501262604347e-16,-4.40939961310058e-18,1.80882549009395e-15,-8.2025715438801e-16,3.64395401172232e-16,1.41692559463158e-15,2.65558006800616e-16,-0.1
"t49",0.0615849510556533,0.200948001375008,0.0895320994821112,0.103284422436736,0.0899089734814189,-0.0171684200968514,-0.00384995564933116,0.261773666980682,-0.00381166368156688,0.00351763449806405,-0.000667312559585195,0.0128445705081874,-0.00126458030799424,-0.00873596845305706,-0.0019222801031855,0.000396752995782453,6.13273847617217e-06,0.000370053833576944,0.29109759812356,0.00033054657564526,-0.0114418182617133,-6.36408083409662e-05,-8.11953886899505e-05,3.78800492803308e-05,8.72789487844339e-05,0.00179739965220074,0.0188594220152657,-0.000400063283215488,0.000317035572664154,-0.210071612176335,-8.80536269302625e-05,9.1465212626637e-05,6.76230934699656e-06,-5.28235400553425e-05,-7.53166860140855e-05,1.90121432852084e-05,9.09090729328537e-05,-2.79612446393237e-06,5.92213511011608e-06,-6.51642155769843e-05,2.48412401759879e-15,4.07311926992961e-05,-0.00261380971092083,-0.0922394369703959,-2.26726375466633e-05,-1.13066440390581e-05,3.07263394207893e-06,1.86410328352354e-16,-5.97613793065439e-06,1.00361361219622e-07,1.39450724366504e-16,-3.11352334215089e-06,7.81711638513419e-07,1.83333423594934e-07,3.83399519011809e-16,2.73159737453491e-16,-4.53675388099026e-17,-3.42231767500268e-07,-2.80516751493548e-07,-1.1658181277209e-07,-1.39266911376429e-15,4.77272940774513e-06,0.000432409063483974,0.843846735035682,-4.53078616884689e-15,-5.65035680348074e-17,-3.14147269268671e-05,-2.72309080710125e-16,-3.2968057242247e-15,2.98279005989809e-05,-1.5911678671129e-15,1.91124854005299e-05,-6.66054187319049e-16,0.00020415844228334,2.62715423388199e-06,-5.97852789998158e-15,-1.34843476078937e-16,4.65598803210354e-17,-1.34328622815154e-05,-6.50948731879644e-16,2.87004907732011e-16,-2.21549379934914e-06,-7.73667465992292e-16,5.83629437321806e-06,6.799067270236e-07,-5.22619328635081e-17,9.96543834730656e-16,4.48725747589048e-07,-1.0783961908699e-15,3.95662888733458e-08,4.74833010957546e-16,-2.40127845523316e-16,1.84056158713265e-16,3.03880931360281e-16,2.05627348078098e-15,-9.06626617854402e-16,3.49904383297782e-16,1.16220276127273e-15,5.25342952109783e-17,-0.100000000000003
"t77",0.0618366333624805,0.202716736376733,0.0906675642823729,0.105378484634446,0.0917355019553931,-0.0177490165579717,-0.0039870032364788,0.271734254453539,-0.00399132961686241,0.00369000679164602,-0.000707144236369376,0.0136489545705514,-0.0013611543941236,-0.00941213878888263,-0.00207534694095315,0.000433356200806,6.75504883181272e-06,0.000410098210162366,0.33257264529288,0.000379894405119918,-0.0131618387343275,-7.40548960803941e-05,-9.60888540167686e-05,4.51587745858211e-05,0.000104682251801228,0.00217977940178934,0.0231017182314308,-0.000491538610628977,0.000391045245428227,-0.259489603492327,-0.000110070797949771,0.000114695315649141,8.48332431707276e-06,-6.76436754214349e-05,-9.7382886977756e-05,2.50858556200607e-05,0.000122828567361567,-3.80870613028062e-06,8.22244386098456e-06,-9.14883030216379e-05,7.84095011141517e-16,5.95679135077829e-05,-0.00385167134952234,-0.146090195414769,-3.68482376996864e-05,-1.91150825280092e-05,5.2882630098137e-06,1.51806629871232e-16,-1.24557574182681e-05,2.16567753975202e-07,-5.28765616897063e-16,-8.44661852414502e-06,2.39994094229989e-06,5.66724747895283e-07,-3.54748066957406e-16,1.43175878422373e-16,2.12670149989917e-16,-3.06471546540677e-06,-2.54012299486976e-06,-9.6135505905183e-06,8.85347940953369e-16,-4.71547600178605e-06,-0.000364722204409428,-0.377955820399208,1.57036059392121e-15,-1.20813182033537e-16,4.77838447611334e-06,-2.01198259705959e-18,3.14232319722719e-15,9.29626995396271e-07,4.06410138161355e-16,3.31655195091864e-06,1.52949636814738e-16,4.4157973631975e-05,5.87922951747099e-07,4.57734229808975e-16,8.88092916662567e-19,1.82881883071179e-16,-5.47613047293218e-06,-1.59845706341775e-15,-3.79388844020596e-15,-1.00307904285074e-06,2.44739327842953e-15,2.69672586749075e-06,3.31301842284929e-07,4.19500523176749e-16,0.707106781186547,2.25723028084864e-07,-1.03084088642459e-15,2.06350888351917e-08,-5.13698935879821e-15,3.75120438197702e-15,4.0765674613886e-16,1.46902834255427e-15,1.42999734054611e-15,4.53233097417134e-16,-8.56173409839054e-16,1.61847591981525e-15,8.31371571853204e-16,-0.0999999999999982
"t78",0.0618366333624804,0.202716736376733,0.0906675642823729,0.105378484634446,0.0917355019553931,-0.0177490165579717,-0.00398700323647882,0.27173425445354,-0.00399132961686231,0.003690006791646,-0.000707144236369439,0.0136489545705516,-0.00136115439412358,-0.00941213878888264,-0.00207534694095293,0.000433356200806076,6.75504883172916e-06,0.000410098210162463,0.332572645292879,0.00037989440511994,-0.0131618387343276,-7.4054896080388e-05,-9.60888540166374e-05,4.51587745856005e-05,0.000104682251801306,0.00217977940178935,0.0231017182314307,-0.000491538610629448,0.000391045245428256,-0.259489603492328,-0.000110070797949588,0.000114695315649149,8.4833243172948e-06,-6.76436754215355e-05,-9.73828869780191e-05,2.50858556200566e-05,0.000122828567361275,-3.80870613017242e-06,8.22244386079922e-06,-9.14883030215744e-05,-6.93889390390723e-17,5.95679135077033e-05,-0.00385167134952241,-0.146090195414769,-3.68482376995961e-05,-1.91150825279235e-05,5.28826301055192e-06,3.8772903131318e-16,-1.24557574182749e-05,2.16567753399681e-07,-9.21593600476061e-18,-8.44661852396831e-06,2.39994094214883e-06,5.66724747798307e-07,-3.89126694591182e-16,-9.18474888253817e-16,-5.23971813744643e-16,-3.06471546633591e-06,-2.54012299449776e-06,-9.61355058975896e-06,3.8575391798488e-16,-4.71547600164163e-06,-0.000364722204409879,-0.377955820399206,2.1809832508384e-15,-2.05495158624159e-16,4.77838447610461e-06,-9.91559289170754e-17,-1.09734097806012e-15,9.29626994937395e-07,8.02824503558894e-17,3.31655195089215e-06,-3.85562719576917e-17,4.41579736327094e-05,5.87922953707793e-07,-1.0549446412428e-15,7.84898055160337e-16,5.78398831274867e-16,-5.47613047198882e-06,3.39754654739069e-15,4.18583175820718e-15,-1.00307904615677e-06,-3.16964133678338e-15,2.69672586577258e-06,3.31301844046188e-07,3.29294966829946e-16,-0.707106781186548,2.25723074565464e-07,2.80641536672151e-16,2.06350911113659e-08,3.03008876610151e-15,-4.08800827207261e-15,5.9287215750569e-16,-1.51469602881245e-15,1.86433833824294e-15,-1.96752049804347e-15,1.75314856379199e-15,1.12949696748553e-15,-7.80286825539699e-16,-0.0999999999999982
"t11",0.11848703025317,-0.0794151128460542,0.00128057200006789,0.000760965697174799,0.000611631583494582,0.22605312531249,-0.014337116896991,0.0061326326071692,-0.00725002057917984,0.00587488537666188,-0.000758339293236561,0.00868711529719332,-0.00522785529531564,-0.0624584908233108,0.0133051702910914,-5.31603496748256e-05,0.000381978203386454,1.15854585676593e-05,-0.000146484417832052,0.00551398046564853,-0.000229196482734585,-1.16774248753965e-05,-0.000153603264248998,0.000355658739043592,-0.0228405826752314,-0.0511742622129346,0.00211967172403872,-0.000629088719248298,5.70701256508352e-05,-0.000398014408884988,-0.0638531342613456,-0.0364441867351453,6.6480631119276e-06,-2.07976359483457e-05,-0.000133088918869496,0.00025894004725781,-0.00533642217170919,0.0192844419625284,-0.000667347000705526,0.942038383596726,-2.85882428840978e-15,0.0397607928784186,-0.0030053939403421,-0.000781798469743126,0.0042330958048635,0.000117251978205067,-4.58766929619368e-05,1.08538513890098e-18,-0.126533033018429,1.05694098767406e-06,7.33787540709179e-16,-5.69290399755699e-05,1.42331558755009e-05,3.34100640487392e-06,3.14241609895277e-17,-5.89661418327528e-16,7.1223479487435e-17,-1.22147332551775e-05,-1.01073017511063e-05,-3.39720729716266e-05,-2.6678887855613e-16,-6.89956337398164e-06,-4.34268387282114e-05,-8.05515892425019e-05,-1.05847998256699e-16,-1.38849478223236e-16,-2.16142712527561e-05,-3.01652998103774e-16,1.08508384722659e-15,0.000996648670572494,-3.99212731755518e-16,0.000767077057730484,-5.30980823857758e-16,0.000158580297968091,3.61055354049778e-06,-2.53251653140559e-15,5.19930459917087e-17,1.72716002918678e-16,-1.21391204022399e-05,3.59616152378155e-16,2.76091381739248e-17,-0.000103243182474063,3.12794362098371e-16,0.000271994684261497,1.10261379524354e-06,1.99509749735392e-16,4.62018506737583e-17,2.08303838438131e-05,-5.17284458856851e-16,6.46335974215731e-08,-6.18740114570924e-17,-4.36467383986534e-18,5.13032422624991e-16,6.05840368572679e-16,1.76811824647481e-15,-8.36950948370196e-16,3.66570492985348e-16,1.23113955014142e-15,-3.3753951269961e-17,-0.100000000000002
"t53",0.120991690383889,-0.0831623058352882,0.00137032313577559,0.000851723741150903,0.000684750275718963,0.276881982232126,-0.0177897417527336,0.00775020856289502,-0.00985771589168953,0.0081181911841827,-0.00115990718119117,0.0137048080123974,-0.00975448382198946,-0.118234912139738,0.026011764031884,-0.000129089639027026,0.0011458252165446,4.25240782351843e-05,0.00112010729893521,0.271964249028462,0.00290044372236436,3.14075568367619e-05,0.000195090216946925,-0.000338528294055547,0.0168878385417135,0.0205801833600673,-0.000163804672447637,-2.80891389738023e-05,1.36800762995146e-05,-0.000131500625407903,-0.191838966501229,-0.493086490709991,0.000152633424974627,2.12742962389217e-05,9.84077717437545e-05,-0.000119557407536883,0.00159728845780201,-0.00501895424548308,0.000124799728143524,-0.144060928360344,-2.16493489801906e-15,-0.00240872029506433,0.000142331155689771,-3.45795174865666e-05,0.000284243308486663,1.12745879756411e-05,-4.93107765272011e-06,-2.55966934344189e-16,-0.0298296260076123,6.46108116153048e-08,-3.3256003224542e-16,-1.21932064630861e-05,3.25555180065888e-06,7.66420893363473e-07,1.12963511605017e-16,1.42868801429546e-16,4.50841423119729e-16,-3.33170458629774e-06,-2.75866060776116e-06,-9.69179277161855e-06,-5.83040966391788e-17,-2.32077262692762e-06,-1.47626116887787e-05,-2.84361411979557e-05,-7.93791821748554e-16,1.11544367088684e-15,-7.95297444675644e-06,3.17101956134265e-16,-3.36446609307537e-16,0.000379861411081156,3.31111498277264e-15,0.000302827069898671,-0.707106781186547,6.33824978243827e-05,1.44636399744795e-06,1.06779109272209e-14,-2.36950926004736e-16,8.87659985762371e-16,-5.20211733955784e-06,-2.02352387191632e-16,-4.11211300765536e-16,-4.51832512817359e-05,-1.21616566779197e-15,0.000119586460860315,4.9114746440577e-07,-6.73418979070268e-17,3.25293175460361e-17,9.35859110109471e-06,-1.17351052179054e-15,2.93453788777682e-08,-2.31343096353713e-15,-5.44815300119323e-16,1.49337452632301e-16,6.08139810940286e-16,1.95627644007403e-15,-4.35885776051589e-16,8.02879483096918e-16,1.54731769659018e-15,7.45917381861148e-17,-0.0999999999999991
"t54",0.120991690383889,-0.0831623058352882,0.0013703231357756,0.000851723741150876,0.000684750275718974,0.276881982232126,-0.0177897417527336,0.00775020856289496,-0.00985771589168951,0.00811819118418269,-0.00115990718119129,0.0137048080123974,-0.00975448382198945,-0.118234912139738,0.0260117640318839,-0.000129089639027238,0.00114582521654463,4.25240782351115e-05,0.0011201072989355,0.271964249028462,0.00290044372236476,3.14075568367508e-05,0.000195090216947012,-0.000338528294055559,0.0168878385417139,0.0205801833600673,-0.000163804672447542,-2.80891389744333e-05,1.36800762996011e-05,-0.000131500625407923,-0.191838966501229,-0.49308649070999,0.000152633424974974,2.12742962399314e-05,9.84077717436958e-05,-0.000119557407537146,0.00159728845780216,-0.00501895424548303,0.000124799728143767,-0.144060928360344,-1.98452365651747e-15,-0.00240872029506441,0.000142331155689607,-3.4579517486633e-05,0.000284243308486809,1.12745879759223e-05,-4.93107765214579e-06,5.6283290952345e-17,-0.029829626007613,6.46108116940221e-08,-3.9154063043879e-16,-1.21932064630784e-05,3.25555180092459e-06,7.66420892556672e-07,2.9696619319479e-17,1.7110588235457e-15,-6.47238138748897e-16,-3.33170458609299e-06,-2.75866060809655e-06,-9.69179276936169e-06,9.43516054835451e-17,-2.32077262714845e-06,-1.47626116873114e-05,-2.84361411970991e-05,4.96842446968899e-16,-1.39492716261402e-15,-7.95297444443238e-06,-1.40865054681226e-16,-2.2238257511703e-15,0.000379861411083016,-4.03370417465452e-15,0.000302827069904549,0.707106781186547,6.33824978172676e-05,1.44636395626612e-06,-1.4684613653298e-14,8.5548602856859e-16,-4.61954876589744e-16,-5.2021173406595e-06,-9.82689786286512e-17,9.07178521810833e-16,-4.51832512823627e-05,6.15702322839543e-16,0.000119586460860255,4.91147465226225e-07,5.1899463706144e-16,-5.9755548873853e-17,9.35859110006564e-06,-1.54362362464983e-16,2.93453780310348e-08,1.53071625922629e-15,7.27461915524206e-17,6.05935080119267e-16,-2.41874693554519e-16,1.82546218877779e-15,-1.01195353090616e-15,-1.19887909405172e-16,1.01995329236186e-15,4.42706555896221e-18,-0.100000000000001
"t80",0.121417113775935,-0.0838056794566459,0.00138587402558755,0.000867742496247024,0.000697656999626483,0.286175655725744,-0.0184241159187501,0.0080494517611971,-0.0103529825253861,0.00854664980493343,-0.0012392287079468,0.0147056239478425,-0.0107022272779609,-0.129958008216682,0.0287050582659012,-0.000146023266208467,0.00132325104864927,4.99431754137723e-05,0.00148128330587164,0.37187172918115,0.00398775865877275,4.69014458366544e-05,0.000351564040539456,-0.000693445310404357,0.0400227737193361,0.0781115244620655,-0.00309292622825817,0.000926414070501404,-8.71655727031754e-05,0.00062224184098775,0.214389606235607,0.41070427816315,-0.000122300767485511,-2.78017930938675e-07,1.4004875009436e-05,-3.989775626002e-05,0.000726739676300872,-0.00242840784825013,6.69846525425804e-05,-0.080760172253167,1.12410081243297e-15,-0.00149854131928426,8.97429478965536e-05,-2.36999272575282e-05,0.000198438391432104,8.04577835225871e-06,-3.54761808977051e-06,6.56283634406425e-17,-0.0225789975507068,4.91665764925693e-08,9.8432677563291e-16,-9.49242303758814e-06,2.55300530863422e-06,6.01233414685573e-07,-3.83107937632414e-16,-1.00208234045234e-15,1.02098076733153e-16,-2.67285968279418e-06,-2.2133345217714e-06,-7.82480490283352e-06,-1.01530957577888e-16,-1.92070960660984e-06,-1.22380942671238e-05,-2.37149613704164e-05,7.70874375219352e-18,-1.01681896510557e-15,-6.67702119310379e-06,8.5871148279202e-17,5.11425041642619e-16,0.000320760166390922,3.5483622256881e-16,0.000257204977023046,2.3585032827708e-16,5.39447810405118e-05,1.2314655189286e-06,-3.15439350273165e-15,2.43173214048278e-16,1.01285502345843e-15,-4.47998180988894e-06,-2.61245793483277e-15,8.08654987542396e-16,-3.90512467072322e-05,2.35128939903756e-15,0.000103438873528363,4.25783480395112e-07,-3.70279345979109e-15,-5.12252987944385e-16,8.12512369852533e-06,-0.707106781186548,2.55238798907468e-08,-1.20407869605901e-14,6.75504181483761e-15,-1.05836511001324e-14,-4.64914185951492e-15,-1.49378228878365e-15,-6.23103161478732e-16,9.55952396270511e-18,1.96039635862046e-15,2.30905440629918e-16,-0.0999999999999958
"t81",0.121417113775935,-0.0838056794566459,0.00138587402558754,0.000867742496247028,0.00069765699962648,0.286175655725744,-0.0184241159187502,0.00804945176119702,-0.0103529825253861,0.00854664980493348,-0.00123922870794692,0.0147056239478425,-0.0107022272779609,-0.129958008216682,0.0287050582659011,-0.000146023266208432,0.00132325104864925,4.99431754140082e-05,0.00148128330587159,0.37187172918115,0.00398775865877285,4.69014458366102e-05,0.000351564040539685,-0.000693445310404516,0.040022773719336,0.0781115244620655,-0.00309292622825823,0.000926414070500788,-8.71655727030037e-05,0.000622241840987774,0.214389606235608,0.41070427816315,-0.000122300767485185,-2.78017930879695e-07,1.40048750093243e-05,-3.98977562599027e-05,0.000726739676300846,-0.00242840784825012,6.69846525425499e-05,-0.080760172253167,1.22124532708767e-15,-0.00149854131928432,8.97429478963679e-05,-2.36999272574411e-05,0.000198438391432365,8.04577835169476e-06,-3.54761809029462e-06,6.56282853011958e-17,-0.0225789975507064,4.91665758276959e-08,-2.16101869191005e-16,-9.49242303777499e-06,2.55300530874707e-06,6.01233414506395e-07,6.72176521367171e-17,8.03851071981808e-17,-1.36672953876147e-16,-2.67285968263985e-06,-2.21333452174397e-06,-7.824804902606e-06,-3.2349379626906e-16,-1.92070960686406e-06,-1.22380942678504e-05,-2.37149613696128e-05,-1.03313556683293e-16,7.7616910745835e-16,-6.67702119138863e-06,-1.70856749543045e-16,8.12136196003712e-17,0.000320760166391114,-1.21335375272586e-15,0.000257204977023663,-7.79494976489862e-16,5.39447810406187e-05,1.23146551684646e-06,-1.03109196813604e-15,1.58406041622614e-16,-7.11460271118536e-16,-4.47998181243981e-06,3.68805772992457e-15,-6.06942119659242e-16,-3.90512467087868e-05,-4.01167631084537e-15,0.000103438873530928,4.25783483498555e-07,3.90743825280585e-15,6.10755120488764e-16,8.12512369428929e-06,0.707106781186547,2.5524165335731e-08,1.04134737124515e-14,-7.19215355966086e-15,1.13987286341644e-14,4.81897885565757e-15,5.07147260075938e-15,-9.53630131288904e-16,8.57632333838469e-16,7.90076584190494e-16,-9.65409647042463e-17,-0.100000000000005
"t91",0.121602527765698,-0.0840814756537399,0.00139244982906242,0.000874337893073182,0.00070297032614996,0.289827977136652,-0.0186719433430705,0.00816541499991215,-0.0105395158380308,0.00870713580612595,-0.00126811710372826,0.0150677918095239,-0.0110390098325601,-0.134122426974444,0.0296617067061076,-0.000152162173737896,0.0013907386117077,5.29483160409631e-05,0.00224048431682947,-0.49261220432953,-0.00127333319204715,3.51813460650324e-05,0.000287884432351276,-0.000562404455518132,0.0318192166742169,0.0579849185091362,-0.00203734028664134,0.000577587042581757,-4.95471966520939e-05,0.000338726550389723,0.0493371632637379,0.0351917676255473,-7.72472896031218e-06,1.0220573690242e-05,5.83401982358575e-05,-8.88705286122359e-05,0.00136633975926842,-0.00444814726116425,0.00011864317509325,-0.141867404656258,-1.29063426612674e-15,-0.0026532135394125,0.00015982785975881,-4.66588516166367e-05,0.000412000125999559,1.84660206788082e-05,-8.59588135944609e-06,-1.91190190617543e-16,-0.305671753552441,-5.06349353318389e-06,-6.31306599687983e-17,1.09657023018542e-05,-1.44912736360239e-06,-3.28807485139661e-07,-1.96064198227343e-16,9.16499901181333e-16,2.35758835359975e-16,-6.05388808651902e-07,-5.05246487728584e-07,-2.64877208639751e-06,2.16651285499587e-17,-1.17087473888553e-06,-7.61145067196613e-06,-1.57112664549643e-05,-2.32711768774127e-16,-5.20696332846424e-16,-4.6841003485702e-06,3.60630206859844e-16,1.7610124511643e-15,0.000234425692301383,-5.57633336327641e-16,0.000194726015027987,-2.07647251657649e-16,4.13031205660184e-05,9.44771659099935e-07,-1.54632928892944e-15,2.96780510005964e-16,4.58635783448497e-16,-3.62238016416129e-06,-4.93928099357672e-16,-2.73046386365692e-16,-3.20180460417836e-05,-4.49410277280312e-15,8.50577210312102e-05,3.52939832371798e-07,-1.02104193066369e-15,5.79869916152848e-17,6.76936295631426e-06,-3.7260166426131e-15,2.13937732188474e-08,2.76965564694816e-14,2.49735590698368e-15,-2.92490394138027e-15,8.57899062694143e-15,0.707106781186549,-2.3472849764224e-17,-3.47893102600449e-16,2.03391262200654e-15,-5.94877598216404e-16,-0.0999999999999861
"t92",0.121602527765698,-0.0840814756537399,0.00139244982906243,0.000874337893073114,0.000702970326149917,0.289827977136652,-0.0186719433430705,0.00816541499991218,-0.0105395158380311,0.00870713580612582,-0.00126811710372829,0.0150677918095239,-0.0110390098325598,-0.134122426974443,0.0296617067061083,-0.000152162173737714,0.00139073861170775,5.29483160413013e-05,0.00224048431682958,-0.49261220432953,-0.00127333319204744,3.51813460650391e-05,0.000287884432351683,-0.000562404455517963,0.0318192166742169,0.0579849185091363,-0.00203734028664118,0.000577587042582194,-4.95471966522025e-05,0.00033872655038974,0.0493371632637378,0.0351917676255472,-7.72472896123506e-06,1.02205736906828e-05,5.83401982358794e-05,-8.88705286122403e-05,0.00136633975926858,-0.00444814726116416,0.000118643175093485,-0.141867404656258,-3.15025783237388e-15,-0.00265321353941234,0.000159827859759185,-4.66588516165417e-05,0.000412000125999573,1.84660206789262e-05,-8.59588135974927e-06,-2.46701742723769e-16,-0.305671753552441,-5.06349353339984e-06,-1.49866832399857e-16,1.09657023017391e-05,-1.4491273634616e-06,-3.28807484865486e-07,-4.26298986562836e-16,6.80577506519852e-16,3.239527886818e-16,-6.05388809586325e-07,-5.05246487668563e-07,-2.64877208785187e-06,-1.57541332652951e-16,-1.17087473930643e-06,-7.61145067219913e-06,-1.57112664544955e-05,-2.58892224379012e-19,-4.44300931232623e-17,-4.68410034794804e-06,-2.02159352434149e-16,-8.75767232320447e-16,0.000234425692301005,-3.49404484367832e-16,0.000194726015027152,-3.42465271828686e-16,4.13031205650894e-05,9.4477166032213e-07,-1.91235594236055e-15,6.44790307257748e-17,-1.10356053271749e-16,-3.62238016255548e-06,2.0942793268115e-15,5.9322202058452e-16,-3.20180460435611e-05,3.58276973134487e-15,8.50577210326967e-05,3.52939828150518e-07,1.35769728003622e-15,-3.69081047612172e-17,6.76936296003888e-06,2.82256442088874e-15,2.1393746843979e-08,-2.95631960255637e-14,-2.74593000968788e-15,3.94505360052697e-15,-9.14988332302107e-15,-0.707106781186546,-1.54873880315178e-15,7.81380850447966e-16,7.74835724292378e-16,5.68673417307372e-16,-0.100000000000011
"t29",0.120354816539659,-0.0822208851285784,0.00134800491232225,0.000829626824850477,0.00066695010376374,0.265011781116667,-0.0169881998494358,0.0073778048146307,-0.00927690038114038,0.00762215298596465,-0.00107504590385393,0.0126588976327177,-0.00887836254621532,-0.107508122132824,0.0236026096832923,-0.000116018141666141,0.00102641402431402,3.81276120144242e-05,0.00140646414090856,-0.300083104843716,-0.000772066561026073,2.00460723872679e-05,0.000148240930427909,-0.000275881859751678,0.0149608511582583,0.0250768612941879,-0.000810284316486507,0.000223585026861883,-1.84987699867471e-05,0.000124712198707126,0.0160552635197141,0.0110497152239617,-2.41368622102863e-06,2.41229458866567e-06,1.16191144673751e-05,-1.06291622868769e-05,3.11600673375839e-05,5.05255453676337e-05,-1.1128299521916e-05,0.0203120478935121,1.07414077632484e-14,0.000884908354153083,-5.92207487692026e-05,3.51027649451485e-05,-0.000372124179383822,-2.12414471164337e-05,1.09115558818161e-05,2.08267306279916e-16,0.891053626142477,1.67584864660687e-05,-1.1337631987396e-17,-8.00735644161796e-05,1.66023837806089e-05,3.86877968113469e-06,8.67414238371865e-16,-1.83438314131761e-15,-1.13808912388279e-15,-1.0334864577418e-05,-8.5448309657978e-06,-2.72992857142559e-05,-1.79027470463049e-16,-4.91253770927411e-06,-3.07707971044549e-05,-5.62301674147842e-05,-2.84922304019557e-17,1.77290970905699e-16,-1.4901173107344e-05,-3.19835228276372e-16,-1.57359412612096e-15,0.000681861617323057,2.45054078208578e-17,0.000522091552514565,2.83543895809626e-16,0.000107797187594308,2.4538288431235e-06,-2.12628616603514e-15,3.45807583021392e-16,3.01806571131097e-16,-8.23368813890002e-06,-8.72850596079446e-16,2.33730309356222e-16,-7.0088979022815e-05,-1.38307437827807e-16,0.000184701942863023,7.49471479757722e-07,9.1408285918838e-17,1.55299838805328e-18,1.41698075015455e-05,-8.44221686702366e-16,4.40147224373314e-08,1.11048887693996e-15,-1.08623148773532e-16,7.9725193882212e-17,4.68567444205719e-16,1.98620919803978e-15,-7.48554577464608e-16,6.19546251274336e-16,1.2185380339228e-15,9.13729822384722e-17,-0.100000000000001
"t6",0.120117614606747,-0.0845678721566887,0.00151406211265349,0.00486746598626924,0.00413240033089238,0.0296464658378705,-0.00202234787742001,0.000857482224884161,-0.000347275443971352,0.000100962740420397,0.000169253967271949,-0.00268802242724477,0.00453183608506904,0.0575759878643894,-0.0139507456271985,0.000109329584644087,-0.00480706496277839,-5.63719269724549e-05,-0.00380650003071257,0.00303550494738652,-0.00410181278203131,-0.000122979537858045,-0.00129261557266432,0.00296516765843501,-0.227100010155414,-0.379833093366819,0.0173517084262746,-0.00532415822868157,0.000506527386389948,-0.00360025387470345,-0.562335031137602,0.28876576850545,-0.000163801728125645,0.000878406492466719,0.00162189822875166,-0.000913498384472507,0.00471144099651758,0.57969433472354,0.000281726089920933,-0.108609748914522,1.68476343986868e-14,0.140400442432665,-0.000959553080767857,-0.000638478687579063,0.0180568748726203,0.000109356905354051,-4.36744358624132e-05,1.32873517170823e-16,-0.0123190146379876,3.67062956254569e-06,-4.41342536098612e-16,-7.9673472899761e-05,1.96119331319321e-05,4.60148141441088e-06,-1.28472541004439e-16,-1.03092053197806e-16,-1.23430216602318e-16,-1.66967771587268e-05,-1.38162693248461e-05,-4.65054666358885e-05,2.8516769847121e-16,-9.51746918075018e-06,-5.99315379443875e-05,-0.000111334049445212,-8.74103707734102e-17,-2.25670363566336e-16,-2.99246935603479e-05,2.34467366232303e-16,-9.66528214418885e-16,0.00391778967272213,-3.34687074030419e-16,0.00296968089846028,-1.07603908165146e-16,0.000218803872935978,4.98305223097572e-06,-2.40490785022883e-15,3.503013357549e-16,2.13817684625381e-16,-1.67489250479455e-05,2.27507440157983e-16,2.08947746551269e-16,-0.000380400723757352,-2.1709263200312e-16,0.000999754880196817,1.51783910432811e-06,1.85323628684635e-16,-4.35048271558401e-17,7.56871680157255e-05,-5.98820099056233e-16,8.88644222187337e-08,-8.0741163494746e-16,-7.66486727978451e-17,3.16279996206613e-16,1.94985942595114e-16,1.81600239633442e-15,-7.85016535986912e-16,2.15349539288151e-16,1.36283327667151e-15,5.48836206545717e-17,-0.0999999999999991
"t13",0.128094624863158,-0.0995320860456305,0.00199362786286661,0.00955288391214413,0.00813749616050595,-0.0489310704339845,0.0021629977336981,-0.000541492663406513,8.67752130707077e-06,3.26768964006624e-06,3.85353905999873e-05,-0.000698269665498263,0.00162036418516257,0.0208815602236991,-0.00520421133415347,4.57736098808253e-05,-0.00680972293745218,-2.54577951637885e-05,-0.00189579671058559,0.00153123411538811,-0.00207296751974647,-6.35885688483755e-05,-0.000696584129986831,0.00166689842606175,-0.152684272790102,-0.184928900353047,0.00889348333136773,-0.00274890207800056,0.000263510337508139,-0.00187758975905042,-0.298071188058745,0.153628702018983,-8.71875850650188e-05,0.000479508825423807,0.000900149662343165,-0.000545664488913679,0.00568385064043573,-0.48890097974124,5.1104228641613e-05,-0.0194900326420542,-4.622691118783e-14,-0.559410536113653,-0.00358111175008469,-0.000622587778519659,0.487816437354554,5.69533034282407e-05,-2.44336711908579e-05,1.07993871405732e-15,-0.00745739175735476,2.22491641630887e-06,1.47009354494591e-15,-4.84736474692766e-05,1.19437673021266e-05,2.80245665760093e-06,-6.59295182878744e-17,-1.00753031726777e-16,-3.33548830726179e-16,-1.02043250459698e-05,-8.44402647123866e-06,-2.8457131389102e-05,-8.60906434345643e-17,-5.86323235038157e-06,-3.69441311296131e-05,-6.88163741807425e-05,-5.52319178930019e-17,-4.60168031226414e-16,-1.85915805746231e-05,-3.40328070624509e-17,-1.09730555596912e-15,0.00923672255793071,-3.86212297582617e-16,0.0068257792153391,-2.09093413614443e-16,0.000134492642324786,3.06731950542488e-06,-2.61277109549787e-15,2.45957326741774e-16,2.16168026697705e-16,-1.04395007525993e-05,-3.90949450221649e-16,1.66197645559592e-17,-0.000813296560249993,2.84787779902187e-16,0.00213069810874371,9.49068254731645e-07,1.15463176349566e-17,-3.49573004492631e-18,0.000158936502982098,-7.42426917000187e-16,5.57073016506393e-08,-1.1910739429957e-15,4.67041149286932e-17,4.31265947681363e-16,-8.32752412103616e-16,1.62570215500631e-15,-5.91365262708868e-16,5.03950775288124e-16,1.54708128425743e-15,-3.02648008103072e-18,-0.0999999999999999
"t15",0.131067240676583,-0.10510867014814,0.00217234818283713,0.0112990778972049,0.00963014328650784,-0.0782172233982149,0.00372289728606085,-0.00106289947391666,0.000141343838601623,-3.31439420708488e-05,-1.0183625603336e-05,4.33101640407512e-05,0.000535276035900625,0.00720574776297071,-0.00194440756194102,2.20809292636685e-05,-0.00716447682481519,-1.39502861804183e-05,-0.00118361902998174,0.000970233010207291,-0.00131624963020362,-4.13848716870251e-05,-0.0004707311593138,0.0011614876174451,-0.117618587264398,-0.117069313725642,0.00587480959959443,-0.00182715333325912,0.000176295803984839,-0.0012588611759574,-0.202707754016766,0.104808658767995,-5.95055192886033e-05,0.000333442646373075,0.000631526822477097,-0.000391462074557012,0.00425725382778125,-0.37522636316006,4.37490020082393e-05,-0.0195066745493177,-1.53488333154428e-14,-0.127783351007197,-0.00106725353544915,-3.6927605013127e-05,-0.847210969270851,8.00846391749903e-05,-2.8207942733686e-05,-8.0191134819449e-16,-0.00619020270477547,1.82738452486977e-06,1.22119290033108e-16,-3.86080208329806e-05,9.45320498756269e-06,2.21749217922656e-06,1.2050651859227e-16,6.47316144969537e-16,1.20255626164723e-16,-7.97559065476607e-06,-6.59954589135638e-06,-2.2197165148849e-05,-5.55963528939813e-16,-4.56138219921591e-06,-2.87456969021604e-05,-5.36082941778464e-05,-1.41056005683899e-16,-2.36260751198991e-16,-1.45432242908038e-05,-9.76342168883479e-17,3.494788138378e-17,0.0142309130599201,-4.62661620682261e-16,0.010320125767168,-4.13996636932709e-17,0.000103194389970856,2.3576347355328e-06,-2.48876959237145e-15,1.62088078005419e-17,1.03436717682787e-16,-8.12121824885684e-06,1.11969042202176e-15,2.24287077055246e-16,-0.00116842618462197,-1.03887737383012e-15,0.00305448616744454,7.39511598954382e-07,2.02456193525473e-16,-9.04584662892796e-17,0.000225588650173522,-4.97165826160819e-16,4.34908944744403e-08,4.9953378563058e-16,-5.3747598835571e-17,1.88816835095201e-16,4.84558379940131e-16,1.74062023450189e-15,-7.22253890443629e-16,4.92231621537675e-16,8.88009529836664e-16,4.75384175614953e-17,-0.0999999999999976
"t57",0.139053795032972,-0.120095466806001,0.00265274829537672,0.0159943521461792,0.0136436706125776,-0.156977054074949,0.00791782015857468,-0.00246497113240908,0.000497840189784536,-0.000130964069789342,-0.000140738220522753,0.00202820588612528,-0.00233449882297113,-0.0289026760229053,0.00662561443728346,-3.56686180530141e-05,-0.254237002705249,2.43447813555973e-05,0.000978984522628934,-0.000751390601689621,0.00101068889832117,2.95768954547775e-05,0.000374427780296118,-0.00121387788391626,0.252780539792708,-0.0598719716521338,0.000387444684777783,-3.94197866321216e-05,-2.98426356122269e-06,3.49304004576769e-05,0.0156191177576367,-0.00873935876045214,5.00441286882505e-06,-3.29421775193256e-05,-6.23532766854465e-05,3.69128338831007e-05,-0.000374839476767466,0.0324752764481566,-3.78273699384239e-06,0.001779538980254,9.85322934354826e-16,-0.00924576134342429,-2.5961370914787e-05,3.51398593385752e-07,0.00637478669669299,-3.1384519848666e-07,6.56124239483259e-08,4.63088956235512e-17,-5.64952980858376e-05,1.87563142821105e-08,-4.43076294645507e-16,-5.33742761591771e-07,1.33229324498552e-07,3.12427581660635e-08,1.06189301001529e-16,-2.44582832153742e-15,-1.45050691722184e-16,-6.24457345157343e-08,-5.12631725144976e-08,-4.88250364370064e-08,5.13306170868152e-16,3.93293918375455e-07,2.96095345407012e-06,1.09894957676472e-05,4.13177289486906e-16,9.36677284785724e-15,8.53662885097035e-06,5.99258207568934e-16,1.97198064014129e-15,-0.888071343006676,6.92032350723162e-16,0.0719446853871168,6.82643863786809e-16,6.1651953822719e-05,1.39271929906978e-06,2.63739948841457e-14,1.95642883032695e-15,-7.83046450876814e-17,-3.14023399500806e-06,-2.50568286617384e-15,6.36078552721543e-16,-0.0520865491836212,-3.13448493424022e-14,0.00219407468006321,2.4518526881258e-07,6.39866849450299e-16,4.91565908662784e-16,0.000164342439439886,-6.17753422551176e-16,1.41432680014811e-08,-2.03991034438248e-15,-3.11528221312605e-16,3.08643254366592e-16,2.57584726949088e-15,1.97623248393597e-15,-5.04306759866741e-16,-2.57703074992518e-16,1.46593848914827e-15,-8.96796336119033e-16,-0.0999999999999959
"t72",0.139704245241608,-0.121305666768827,0.00269127141603069,0.0163658035193616,0.0139611649490683,-0.163061398699016,0.00824088283337294,-0.00257248879415168,0.000524749731418372,-0.000138323856880589,-0.000150376072290092,0.00217394310772682,-0.0025391560219191,-0.0314708062882434,0.0072313123934211,-3.9448016710051e-05,-0.283874882912725,2.73718416946324e-05,0.00113939722653545,-0.000880418107620833,0.00118545093578824,3.51455591354924e-05,0.000453479185887033,-0.00148238965973286,0.310811779179993,-0.074539616565915,0.000487824211734286,-4.98016269139009e-05,-3.78673582589553e-06,4.43959052951443e-05,0.0201186964895249,-0.0112967394206719,6.47187169569283e-06,-4.35937901906603e-05,-8.34095274880027e-05,5.05075583340903e-05,-0.00052659309471185,0.0460362671325901,-5.4771333183329e-06,0.00260856208873744,-1.30451205393456e-15,-0.0141768665313534,-4.01403046556059e-05,5.87899732446793e-07,0.010968470192462,-5.63536018813456e-07,1.20103041287233e-07,-5.62003208721882e-17,-0.000126756799901792,4.36418934797333e-08,-6.9827250661666e-16,-1.57226019314039e-06,4.44581599838867e-07,1.04972976666535e-07,-9.4317479787885e-17,1.48796757201031e-15,-6.35120022556565e-18,-5.64816976114262e-07,-4.68098040740092e-07,-1.75526432922058e-06,-3.46023953798121e-17,-5.92198983623548e-07,-3.90721243629861e-06,-8.98957470385134e-06,2.93398998177029e-16,-1.86942527899441e-15,-3.86451433056797e-06,1.90855049174945e-16,-1.00860201895031e-14,0.20775457834148,5.02066899758418e-16,-0.00532560304708664,-6.67933769724101e-17,-1.85010568261241e-06,-3.15292522500419e-08,-6.92421847296873e-15,-1.03412013909131e-15,-1.76778722285262e-15,1.01920608730658e-07,2.69666520609602e-14,-1.09847143598723e-15,0.835847196039881,5.41857326628528e-13,0.00421115590180685,1.86109246265833e-07,5.8580336840477e-15,-1.98218790661793e-15,0.000106919973171686,2.65306449227655e-16,8.46849783039509e-09,1.40661001330117e-15,1.13983280082421e-15,2.43801780123091e-15,-3.4204801269359e-15,5.86226553119308e-16,-3.86127840895182e-16,4.3314576546233e-16,-5.51109305646844e-16,1.70616930668209e-16,-0.100000000000002
"t87",0.139837319842301,-0.121552606253943,0.00269911515676769,0.0164411240723142,0.0140255430345003,-0.164286396501244,0.008305867629959,-0.00259408918740287,0.000530131331547213,-0.0001397943768475,-0.000152291831521968,0.00220287167892379,-0.00257952257649293,-0.0319771071500868,0.00735060450192655,-4.01882305841386e-05,-0.289656750821317,2.79607079257012e-05,0.00117018209149014,-0.000905116610451648,0.00121889109566059,3.62059465304292e-05,0.000468428399193789,-0.00153301799408836,0.321727460865116,-0.0772867482007285,0.000506552817104813,-5.17364436686237e-05,-3.93607122846801e-06,4.61564234593278e-05,0.0209519280540797,-0.0117697753182629,6.74326497772117e-06,-4.55493983392353e-05,-8.72625495533904e-05,5.29783382607551e-05,-0.000553963406283749,0.04847590152528,-5.78017654031935e-06,0.00275634136615403,6.80011602582908e-16,-0.0150456856943357,-4.26333333763577e-05,6.28720112618805e-07,0.0117565125887552,-6.05991981403824e-07,1.29332778589012e-07,-1.75464263567833e-16,-0.000138245444276607,4.76890689528978e-08,7.96180544308916e-16,-1.7361939185127e-06,4.93108663164607e-07,1.16457061116629e-07,-2.1253764472277e-17,6.88629499352113e-16,-4.98422866499618e-16,-6.38758555157113e-07,-5.29431339308272e-07,-2.00057296259388e-06,-3.23275443360138e-16,-7.11605896947493e-07,-4.72266939261465e-06,-1.11505775475186e-05,-5.85016684426029e-16,-3.72785928479471e-15,-4.99970063372008e-06,-4.0378618866991e-16,3.11212447015395e-15,0.284569335050637,-1.67277135524119e-15,-0.00806091305543518,-9.73097705724643e-16,-2.96085770927991e-06,-5.10745711485768e-08,-9.62243098642334e-15,-1.94548801421444e-16,1.25744484014568e-15,-1.01679823630883e-06,-9.51669485993394e-15,-6.14694423582879e-16,-0.386402888237009,-2.50328853118967e-13,-0.000933487838054822,3.20591253726836e-08,-1.87570025705185e-15,7.34367629371266e-16,3.42644892129772e-05,-1.29962988871399e-14,3.77198785231544e-09,-8.1110672575167e-16,3.08672482854964e-14,0.707106781186547,-4.25475673954805e-14,5.61614038356593e-15,-1.39644020824451e-15,7.09549431425085e-16,3.10417913454941e-15,-2.74855951485907e-15,-0.100000000000002
"t88",0.139837319842301,-0.121552606253943,0.00269911515676769,0.0164411240723143,0.0140255430345003,-0.164286396501244,0.00830586762995911,-0.00259408918740276,0.000530131331547289,-0.000139794376847348,-0.000152291831522026,0.00220287167892372,-0.00257952257649304,-0.0319771071500871,0.00735060450192662,-4.01882305839998e-05,-0.289656750821317,2.79607079257289e-05,0.00117018209149017,-0.000905116610451673,0.00121889109566059,3.62059465304287e-05,0.000468428399193572,-0.00153301799408813,0.321727460865116,-0.0772867482007286,0.000506552817104933,-5.17364436690626e-05,-3.9360712285799e-06,4.61564234593704e-05,0.0209519280540798,-0.0117697753182629,6.74326497768647e-06,-4.55493983397002e-05,-8.72625495535683e-05,5.2978338260739e-05,-0.000553963406283734,0.0484759015252799,-5.7801765401229e-06,0.00275634136615414,7.35522753814166e-16,-0.0150456856943356,-4.26333333762042e-05,6.28720112574983e-07,0.0117565125887555,-6.05991981724965e-07,1.29332778963333e-07,5.00497173800407e-17,-0.000138245444277094,4.76890696819052e-08,4.31888614717313e-16,-1.73619391806742e-06,4.9310866289273e-07,1.16457060920711e-07,-1.91456421637274e-16,3.00051440017609e-16,1.56128389423004e-16,-6.38758554866899e-07,-5.2943133918944e-07,-2.00057296254932e-06,-2.77206928342911e-16,-7.11605896790745e-07,-4.72266939250546e-06,-1.11505775478756e-05,-4.04605476013267e-16,-3.78025135428388e-15,-4.99970063470475e-06,-5.98401553787653e-16,2.79293535057422e-15,0.284569335050637,-1.01704290917078e-15,-0.00806091305543458,-4.29149094647582e-16,-2.96085770928939e-06,-5.10745718709197e-08,-1.38655646086626e-14,1.75156044379259e-16,1.36152799564712e-15,-1.01679823656068e-06,-1.44086150621838e-14,1.49623754642364e-15,-0.386402888237005,-2.54322186560665e-13,-0.000933487838055144,3.20591188958699e-08,-3.58266826360849e-15,9.58546123112705e-16,3.42644892167279e-05,1.08617929398364e-14,3.77204246127674e-09,6.59938781875616e-16,-3.23530299763972e-14,-0.707106781186548,4.37309646573107e-14,-1.39998077883267e-15,-6.36637269459886e-16,4.10832888402912e-16,6.76713394577977e-16,3.39964142167815e-15,-0.100000000000007
"t99",0.138887672887643,-0.119739787073351,0.00264015851500313,0.0158477614791249,0.0135182544705136,-0.153762231445426,0.00774100646321658,-0.0024032598951825,0.000479573762238013,-0.0001258002394835,-0.000132625540381995,0.0018994746806319,-0.00210963551801393,-0.0260354767680265,0.00592572643942567,-3.03755312592337e-05,-0.206541616369127,1.89516653120638e-05,0.000487790000508206,-0.000306991869521282,0.000397630865589819,4.51252578651449e-06,-0.000179047452710645,0.0011787715002783,-0.402730929646279,0.242499676887692,-0.00609682668327133,0.00167871323181482,-0.000142185828069488,0.000972505079986954,0.118737837604238,-0.0579389247737485,3.2654081166792e-05,-0.000136394244967358,-0.000232184654388437,0.000119827820461881,-0.00111638563422633,0.094876818054005,-1.07006833801923e-05,0.00497148010896624,-3.15025783237388e-15,-0.0252922407491582,-7.09544645674051e-05,9.77210603701271e-07,0.0179686609610468,-9.06962717146353e-07,1.92009859624999e-07,9.92420993821283e-17,-0.000194150494496643,6.6541073042579e-08,1.60730738035443e-16,-2.35056348017381e-06,6.60455934233104e-07,1.55897840412831e-07,1.63196720065128e-16,3.07961173051831e-16,-2.47421119313065e-16,-8.22028635138206e-07,-6.81205821521629e-07,-2.53835015268568e-06,-1.27404237389729e-16,-8.16967685978845e-07,-5.34830617252525e-06,-1.17239820987798e-05,-3.17335689886304e-16,-1.03030257037009e-15,-4.21578245010394e-06,-1.37874283847243e-15,-2.56868516210894e-14,0.04273203599389,-1.35974354116607e-15,0.372193840938273,-1.56600826158441e-15,-5.70426124878687e-05,-1.04188795648488e-06,-3.5621562990232e-15,-9.1316538145555e-16,2.37054866154836e-16,-5.98935946916606e-07,-4.00756243094938e-15,2.99275661965645e-17,-0.00078531797100614,2.60969710298697e-15,0.000742738872066063,9.02119465474149e-08,-3.62753282150724e-16,-8.83608754863764e-16,6.5043589749985e-05,-6.497071344906e-16,6.06619737373924e-09,-3.15111198583192e-15,1.30356673269666e-15,3.54516258435553e-15,-2.16475302296631e-16,2.37709803198801e-15,-3.73988373928036e-15,-5.84859520024118e-15,-1.78059024295243e-14,0.707106781186548,-0.0999999999999987
"t100",0.138887672887643,-0.119739787073351,0.00264015851500313,0.0158477614791249,0.0135182544705136,-0.153762231445426,0.00774100646321647,-0.00240325989518253,0.000479573762237808,-0.000125800239483718,-0.000132625540381986,0.00189947468063185,-0.00210963551801392,-0.0260354767680266,0.00592572643942571,-3.03755312592406e-05,-0.206541616369127,1.89516653121228e-05,0.000487790000508322,-0.000306991869521258,0.000397630865589854,4.51252578663006e-06,-0.000179047452711005,0.00117877150027814,-0.402730929646279,0.242499676887692,-0.00609682668327131,0.00167871323181481,-0.000142185828069553,0.000972505079986932,0.118737837604238,-0.0579389247737484,3.2654081166785e-05,-0.000136394244967317,-0.000232184654388585,0.000119827820461923,-0.00111638563422613,0.094876818054005,-1.07006833800266e-05,0.00497148010896614,-3.10862446895044e-15,-0.0252922407491581,-7.09544645673779e-05,9.77210604060224e-07,0.0179686609610467,-9.06962717339883e-07,1.92009860181832e-07,-2.73927328305964e-17,-0.000194150494496583,6.65410735890389e-08,-7.36121299013853e-16,-2.35056347979606e-06,6.60455933488264e-07,1.55897840474215e-07,-6.39491393191019e-17,-1.39597483772019e-16,-1.26984501112665e-16,-8.22028635061478e-07,-6.81205821098059e-07,-2.53835015225056e-06,-2.20474827875135e-16,-8.16967685662709e-07,-5.34830617257088e-06,-1.17239820988194e-05,-4.56112754271273e-16,-4.55088188483842e-16,-4.2157824487699e-06,-1.57735944283892e-15,-2.5797873923552e-14,0.0427320359938916,-8.87884496554759e-16,0.372193840938275,-1.61348680152759e-15,-5.70426124877557e-05,-1.04188795527467e-06,-2.81275575740122e-15,-7.80850709110829e-16,1.16686638667725e-15,-5.98935946920231e-07,2.22002037448737e-17,-5.37823717672617e-16,-0.000785317971006204,-1.879767252841e-15,0.000742738872067725,9.02119455250779e-08,1.43785965978043e-16,8.97358927728503e-16,6.50435897524587e-05,-9.77489502030892e-16,6.0661938279585e-09,5.82012934470129e-16,-1.39913599543269e-15,-2.60678665952505e-15,8.33032400337809e-16,6.49312002777719e-16,2.14436702789342e-15,5.7007671234359e-15,2.10526907685289e-14,-0.707106781186547,-0.0999999999999993
"t61",0.138351250108803,-0.118750687127618,0.0026089150337067,0.0155512581655313,0.013264843605472,-0.14905657282997,0.00749227098305928,-0.00232100350134334,0.000459498911801174,-0.000120340025956998,-0.000125716793218635,0.00179607986503743,-0.00197218914399263,-0.0243186785625533,0.00552493671521967,-2.80348388366006e-05,-0.18924590205293,1.72739881904391e-05,0.000433343445792789,-0.000271387008298847,0.000351252591604403,3.94878246864966e-06,-0.000154558059583949,0.00101159128568002,-0.343955212259118,0.205313466885676,-0.00512181142233119,0.00140695444032053,-0.000118810878013459,0.000811716424617456,0.0982082644560992,-0.047807236845778,2.69353944217861e-05,-0.000110786368710742,-0.00018725172142339,9.52212951397866e-05,-0.000872261135293796,0.0737076802201054,-8.2036179567766e-06,0.00378245796038691,5.37070388162419e-15,-0.0187259656756192,-5.22745654908264e-05,6.8802302969356e-07,0.012456526237355,-6.14451075515608e-07,1.28770460166162e-07,-6.61355335518345e-17,-0.000117945342563339,3.97753319001364e-08,1.33936928295751e-15,-1.27810800228641e-06,3.43813096685041e-07,8.0971378369612e-08,2.13811014644591e-17,-1.68611266871765e-15,5.79739945044585e-17,-3.41304997834692e-07,-2.82452610308157e-07,-9.42596649013703e-07,-9.2704596522226e-17,-3.7992258385322e-08,-3.87320510386423e-08,2.04566914343344e-06,4.47406470623801e-16,8.08966461868856e-16,2.12415901039283e-06,3.24715253891645e-15,5.77171601446999e-14,-0.0440725881258617,1.56975609602891e-15,-0.846922301830894,3.55511481503049e-15,0.000184804361721189,3.6322212490251e-06,-3.88178945843074e-16,2.54529553424677e-15,-7.66652082438549e-16,-3.62858905554305e-06,4.83253247951339e-15,1.01857322640405e-15,-0.00306835198378221,-5.402881211381e-15,0.0027117128558287,2.80789075249825e-07,5.36531002801014e-16,7.56115092871825e-17,0.000185854712790324,-2.80530117414097e-16,1.58469648021633e-08,1.60775918478533e-15,-6.60696685170816e-16,-4.45339931989352e-17,-6.31651821876952e-16,2.27279226054103e-15,-5.43308897213973e-16,1.38005271020703e-15,1.25384488952199e-15,-8.80561564900839e-16,-0.0999999999999989
"t43",0.136796270230276,-0.11583426437153,0.00251551076909827,0.0146411538447466,0.0124869021183749,-0.133963579154477,0.00669018675942536,-0.00205384577890347,0.000392729598892463,-0.000102103329479185,-0.000102264734443918,0.00144473026774468,-0.00152460623945022,-0.0187803942787021,0.00426558481123797,-2.53663001285147e-05,0.125559976276364,3.49031504852035e-06,2.31329612374453e-05,2.0827760904363e-05,-3.5939990405031e-05,-3.93355222985105e-06,-8.59016193818522e-05,0.000264313896226329,-0.0369111200006473,-0.0239620652187416,0.00155634761344377,-0.00050758633626189,5.16987970475961e-05,-0.000376176706729847,-0.0693668490396632,0.0370402055809862,-2.11183359276295e-05,0.000143696081432569,0.000297150398474517,-0.000223196504565049,0.00316132286353137,-0.31085074806304,5.03708952431619e-05,-0.0295483037236248,3.42781358853017e-14,0.544426338722983,0.00245849580299508,1.04680125695034e-05,0.14506145263275,-5.5893923910432e-06,1.08411286968252e-06,-2.81043299059422e-16,-0.000693324037598911,2.27812662424228e-07,-1.20061856710515e-15,-6.75485389622795e-06,1.79591730469582e-06,4.22818799046548e-07,-7.19721803142074e-16,2.28495800276957e-15,-2.57121302667959e-16,-1.87115806556583e-06,-1.54945704799496e-06,-5.47543844570507e-06,-2.65272738840846e-16,-1.33911363868813e-06,-8.53226806643535e-06,-1.65612368708133e-05,-1.52844053199836e-14,-0.707106781186547,-4.72499340240906e-06,1.0455384420406e-15,-7.08249474388279e-15,0.0114877419993504,4.13566553549762e-16,0.00840384803795724,-1.36776370562954e-15,3.40429501501275e-05,7.83388073059304e-07,-5.15010181450968e-15,-5.98118841554018e-17,-9.35495996513588e-17,-2.96035384056465e-06,3.88026829439514e-16,-6.9838416388675e-17,-0.000997850812788639,-1.88755476385209e-15,0.00827913838102357,2.75346708613218e-07,-2.71705897336664e-17,2.48243016397069e-17,0.000599228966846819,2.13771282209216e-16,1.65973530357469e-08,-2.19411090011754e-15,-4.72814426585018e-16,2.89558767721008e-16,-1.63464473443763e-16,1.60222733346021e-15,-7.06306848612826e-16,2.88963321039856e-16,1.56407460567815e-15,-1.97070036684215e-16,-0.099999999999999
"t44",0.136796270230276,-0.11583426437153,0.00251551076909821,0.0146411538447466,0.0124869021183749,-0.133963579154477,0.00669018675942525,-0.0020538457789034,0.000392729598892434,-0.00010210332947938,-0.000102264734443745,0.00144473026774459,-0.00152460623945032,-0.018780394278702,0.00426558481123845,-2.53663001285008e-05,0.125559976276363,3.49031504877188e-06,2.31329612374216e-05,2.08277609042781e-05,-3.59399904050501e-05,-3.93355222984871e-06,-8.59016193822673e-05,0.000264313896226657,-0.0369111200006469,-0.0239620652187419,0.00155634761344351,-0.000507586336261251,5.16987970477375e-05,-0.000376176706729893,-0.0693668490396629,0.0370402055809861,-2.1118335927463e-05,0.000143696081431015,0.000297150398474638,-0.000223196504564783,0.00316132286353117,-0.310850748063039,5.03708952421079e-05,-0.0295483037236248,3.22519788653608e-14,0.544426338722982,0.00245849580299479,1.04680125694035e-05,0.14506145263275,-5.58939239087832e-06,1.08411286898553e-06,-1.67852592515215e-16,-0.000693324037599422,2.27812663503468e-07,-1.60524281799033e-15,-6.75485389655266e-06,1.79591730448594e-06,4.22818800326108e-07,5.01522778845038e-16,1.48351575692577e-15,3.8819748238145e-16,-1.87115806611542e-06,-1.54945704825755e-06,-5.47543844547228e-06,4.61576183760032e-16,-1.33911364124458e-06,-8.53226806263786e-06,-1.65612368709205e-05,1.48477414595395e-14,0.707106781186548,-4.72499327025431e-06,-1.14541727378112e-15,3.02053478020614e-15,0.0114877419993658,-1.53626262151765e-15,0.00840384803795793,1.16160810146262e-15,3.40429501478638e-05,7.83388079411155e-07,5.67546762309877e-16,1.29278172668914e-16,4.51153572693177e-16,-2.96035384026538e-06,1.47569844886413e-15,2.11186846090587e-16,-0.000997850812789859,6.79835980593567e-16,0.00827913838102542,2.75346705623428e-07,3.40590787151804e-16,-1.4790232835292e-16,0.000599228966846416,-1.55749013620153e-15,1.65973524119589e-08,1.12268038595365e-15,3.49444475025233e-16,5.6742791580612e-16,4.45206626570801e-16,2.07326761554874e-15,-9.66347724602169e-16,8.39898439455673e-16,1.33858725396933e-15,3.88482909107304e-16,-0.100000000000001
"t76",0.139933317915456,-0.121756485024909,0.00270632679473374,0.0165261277168537,0.0140982762513625,-0.166272283474818,0.00841645075184626,-0.00263341502039221,0.00054284506694207,-0.000143469336313239,-0.000159079594387724,0.00231690497343836,-0.00287178990660352,-0.0358559497557575,0.00839116529485037,-6.05641910147794e-05,0.357408308947748,1.16065495582886e-05,0.000867462087138171,-0.000663864830096279,0.000891662259586373,2.49417650873696e-05,0.000251440177900147,-0.000619729378622311,0.0739957784730108,0.0376437861989685,-0.00202668674344005,0.000627477123839486,-5.9929784760089e-05,0.000425984566454375,0.0657058684230491,-0.0335778914194697,1.90346389917266e-05,-9.97214624971368e-05,-0.000184548144179802,0.000111719389093846,-0.0012567018073539,0.114633073709168,-1.56571518128271e-05,0.00833828768074508,-6.56419363309624e-15,-0.108794741421413,-0.000461077614026712,-1.04624503211457e-06,-0.0112593456328151,2.76217883932287e-07,-4.17510137481065e-08,1.07953436430016e-17,-2.48655547896732e-05,1.00861304680912e-08,8.10384154293254e-16,-5.51173344102658e-07,1.6868983139182e-07,3.99614813296686e-08,-6.22015948231934e-17,-5.85794096517711e-16,-1.67415416643493e-16,-2.48906431686852e-07,-2.0635252698645e-07,-7.87775560364415e-07,-2.89955536524862e-16,-2.43835916435622e-07,-1.57075443261775e-06,-3.14763025208714e-06,-1.14868904524214e-16,7.47902981365294e-16,-9.12023414998158e-07,2.53365015211878e-16,-8.84443165474977e-16,0.00217995363111385,6.80456417064885e-16,0.00147175697583718,2.06606745703788e-16,5.61097380537942e-06,1.27283220404809e-07,-5.35055679332221e-15,-2.94386806255508e-16,-1.11773002402747e-15,5.39941816602905e-07,-9.95159100076977e-15,4.25698694914614e-15,0.00249980452815944,-2.80833226452226e-14,-0.695979478380468,4.16468977818781e-07,4.65753691141391e-15,1.81290380766931e-14,0.525699330595132,2.21938257339639e-15,1.19880526210317e-08,3.74790708171723e-14,1.39763665534079e-15,1.93656742289128e-15,-1.94249867833137e-14,2.3624776119533e-15,-1.46000496771552e-15,1.18665667266738e-15,1.92613005118247e-15,1.38482242070993e-16,-0.0999999999999952
"t79",0.140004458913631,-0.121888841039137,0.00271054059183738,0.0165667936521206,0.014133035292367,-0.166941088721122,0.0084519926850105,-0.00264525930375481,0.000545829804765689,-0.000144287203262754,-0.000160167440800374,0.00233345872597943,-0.00289633331596037,-0.0361660853519515,0.00846560276076271,-6.1175969869022e-05,0.361330107799834,1.17411457928873e-05,0.000880128922430279,-0.000673934846318461,0.000905263736572256,2.53490762023317e-05,0.000255932539965281,-0.000631207109216254,0.0754056551149432,0.0383970749206838,-0.0020689651707949,0.000640725965988577,-6.12146093128455e-05,0.000435168725426651,0.0671866022721833,-0.034343126123086,1.94690756167121e-05,-0.000102159573967138,-0.000189197300749743,0.000114703653901183,-0.0012924197407024,0.117956526971448,-1.61316012807153e-05,0.00859715759998448,-6.8139938136369e-15,-0.112456420673323,-0.00047681052412439,-1.08629114070964e-06,-0.0117057725089435,2.87720504047042e-07,-4.35257345447651e-08,-4.08120878008313e-17,-2.61199813038564e-05,1.06072476929713e-08,1.08969894422693e-15,-5.83358013349084e-07,1.79024322326179e-07,4.24154920873957e-08,2.35428052048275e-16,5.1390991912613e-16,-1.31441177974804e-16,-2.67373030273438e-07,-2.21676130745616e-07,-8.50413336666645e-07,-4.87967078697605e-17,-2.72569266956552e-07,-1.76292387689453e-06,-3.59720122271819e-06,1.6786849583843e-16,-2.03916411167736e-16,-1.07481484270924e-06,-4.98957974631474e-17,-7.71211820673775e-15,0.00268547414062323,-2.15583875474005e-16,0.00197497975097251,-7.56654381996084e-16,7.93617142489528e-06,1.82194830841843e-07,-9.7492683053401e-15,6.09823403547461e-17,-2.04480183909741e-16,-2.85643017166375e-07,-2.65957354730649e-15,1.22079819679521e-15,0.000843319746707067,-4.83830160000151e-14,-0.275261148927116,1.75614840012333e-07,-5.82829548776298e-15,-2.67326619360467e-14,-0.824466148203016,-2.58544337977342e-15,1.07690053889387e-08,-5.50188539816725e-14,-3.81627998994276e-15,-1.73103772386219e-15,1.73644443942975e-14,-7.41956441105537e-16,7.00440435492417e-16,-2.4583103501727e-15,-4.03228472488869e-16,-1.71875609472314e-15,-0.0999999999999981
"t95",0.140186692593081,-0.122227784668214,0.00272132897554083,0.0166708623842042,0.0142219874048325,-0.168651333505808,0.00854287040705455,-0.00267554011035271,0.00055345683703158,-0.000146376932084522,-0.000162945485090442,0.00237572606491418,-0.0029589595557389,-0.0369574052106062,0.00865551239083286,-6.27358848657375e-05,0.371325890288709,1.20841029294418e-05,0.000912360579166004,-0.000699552208873335,0.000939863549905426,2.63847090518308e-05,0.000267347122611984,-0.000660362373145136,0.0789861344743478,0.0403093096161456,-0.0021762502911419,0.000674342374506883,-6.44741534058412e-05,0.000458467331827601,0.0709414033122966,-0.0362833764411108,2.05705726849367e-05,-0.000108337075327358,-0.000200973321502949,0.000122257842746502,-0.00138277054888502,0.126361463730311,-1.73308369119018e-05,0.009251291042859,-5.81479309147426e-15,-0.121699449918186,-0.000516517204034382,-1.18719680693875e-06,-0.0128300627937424,3.16667183296039e-07,-4.79904311691346e-08,3.82870800241283e-17,-2.92666793922366e-05,1.19138957747547e-08,1.31623525174621e-16,-6.63871033011208e-07,2.04852219987593e-07,4.85482425810518e-08,-1.11590053840282e-16,-9.99486061040841e-16,-1.28168566118338e-17,-3.13334394379037e-07,-2.5981412626989e-07,-1.00606066800961e-06,6.27590980895629e-18,-3.432330780741e-07,-2.2350116667433e-06,-4.6964927171385e-06,-2.82206310268741e-16,-6.61251410020744e-16,-1.47004110208182e-06,7.10339682407152e-17,4.58410542426237e-15,0.00390193605389724,-5.45914615339545e-16,0.00316952598688953,-3.93064993617692e-16,1.34188575287943e-05,3.11494472651391e-07,4.36237310695001e-15,5.11420518354804e-16,1.1137733994358e-15,-2.0458275301701e-06,6.16150061089643e-15,-2.32032146590711e-15,-0.00226426329532611,3.24536710020081e-14,0.46885969751687,-9.25356347308521e-08,6.1723105521732e-16,3.10201745170609e-15,0.14814671527029,-6.04253366319254e-16,8.91406774284803e-10,1.00252090738147e-14,2.2988741685931e-15,8.21961231116006e-16,6.82504151678677e-15,1.64857002197953e-15,-2.13658725211003e-14,-0.707106781186546,-9.37840020388224e-16,-4.8292527737668e-15,-0.100000000000006
"t96",0.140186692593081,-0.122227784668214,0.00272132897554082,0.0166708623842041,0.0142219874048324,-0.168651333505808,0.00854287040705459,-0.00267554011035283,0.000553456837031421,-0.000146376932084501,-0.000162945485090451,0.00237572606491422,-0.00295895955573907,-0.0369574052106064,0.00865551239083308,-6.27358848654148e-05,0.371325890288709,1.2084102929244e-05,0.00091236057916598,-0.000699552208873501,0.000939863549905382,2.63847090518722e-05,0.000267347122611584,-0.000660362373144559,0.0789861344743478,0.0403093096161456,-0.00217625029114176,0.000674342374507153,-6.44741534056593e-05,0.000458467331827462,0.0709414033122965,-0.0362833764411109,2.05705726848326e-05,-0.000108337075327357,-0.000200973321502969,0.000122257842746377,-0.00138277054888514,0.126361463730312,-1.7330836911008e-05,0.00925129104285893,-5.64825963778048e-15,-0.121699449918185,-0.000516517204034698,-1.18719680688796e-06,-0.0128300627937426,3.16667182263418e-07,-4.79904311867936e-08,-5.88572561582223e-17,-2.92666793926747e-05,1.19138968543736e-08,-3.6364002757808e-16,-6.63871033118042e-07,2.04852220039652e-07,4.85482427207318e-08,2.6971054109391e-17,-4.23557866700047e-16,-1.78089985310409e-16,-3.13334394126272e-07,-2.59814126204092e-07,-1.00606067032926e-06,-1.6684029998575e-16,-3.432330784672e-07,-2.23501166683834e-06,-4.69649271703217e-06,-6.01648170763045e-17,-1.20607983627199e-15,-1.47004110285508e-06,-4.68372670084374e-16,3.3628600971747e-15,0.00390193605389635,-1.18438540263434e-15,0.00316952598689127,3.27908919105667e-16,1.34188575289057e-05,3.11494473139879e-07,2.64152741878102e-15,5.24277232619396e-16,1.01663095839575e-15,-2.04582752952554e-06,6.5535481164655e-15,-2.44012612406496e-15,-0.00226426329532597,3.86154087886777e-14,0.468859697516869,-9.25356354364218e-08,9.3642025799461e-16,5.53020033022613e-15,0.148146715270286,-1.44456516182997e-15,8.91400820754398e-10,4.79328307026906e-15,-7.54204094897216e-16,5.47151255519697e-16,-4.54433614024574e-15,3.54838478133214e-15,1.91623343435301e-14,0.707106781186549,4.51298674839448e-15,6.57732068354578e-15,-0.100000000000001
"t3",0.105094450976479,-0.0568806094813173,0.000645055885241285,-0.00305124315929544,-0.00263292649950064,0.110849498287268,-0.00550742663154754,0.00147917736821311,0.00234494124633623,-0.00267514904765713,0.00106437328771133,-0.0151754806447329,0.0227824557303749,0.291678662036215,-0.0724060338078314,0.000916952915878006,0.00180472377405443,0.000185460288861272,-0.00401718769871411,0.00169961486202359,-0.00489151604075873,-0.000163467433077439,-0.00182853619504146,0.00408066413738128,-0.217245431285784,-0.694558603090823,0.0316845858520573,-0.00988769898763061,0.000975721662067462,-0.00707795651453641,0.549693810750864,-0.191002847421724,-1.4746559919953e-05,0.0012868292820427,0.00246742848813439,-0.00147076150484929,0.0108583482909798,-0.0089548783388218,0.000290607001361249,-0.0492556684180775,1.27675647831893e-15,0.0100111291738508,-0.00272871166734433,-0.00110266214186319,0.00243973646219012,0.000187662547845819,-7.46208242205971e-05,-3.62171055873551e-17,-0.00876981704466875,6.43567188782256e-06,-5.65414748683755e-16,-0.000135544985285483,3.33035427654093e-05,7.81333354499653e-06,1.59708062312176e-16,-2.74852975013596e-16,-6.28231633821875e-17,-2.82560548142988e-05,-2.33811137078097e-05,-7.86466683079704e-05,-2.3874234645944e-16,-1.60534734012955e-05,-0.00010106842127046,-0.000187596508859406,-1.06153639118617e-16,-3.50710395845643e-16,-5.03451371728515e-05,-1.86965637148711e-17,-5.57148816396647e-16,0.00111837370312672,-3.51504778864017e-16,0.000867597013429999,-9.08706434602574e-17,0.000369296912824706,8.40677753059573e-06,-1.5467339503943e-15,3.11967985364173e-16,3.19212817954813e-16,-2.81488598285519e-05,4.3683471006807e-16,2.64658486555105e-16,-0.000119252287324235,-4.14453426104205e-16,0.000314440090977854,2.54836843853232e-06,1.04985284970803e-16,1.89322580406421e-17,2.41750186906824e-05,-6.47356726436836e-16,1.49070710483505e-07,-4.7216688113462e-16,-2.25096415424881e-16,4.02482611605188e-16,-3.00176886524772e-16,1.68293802262296e-15,-8.46408597315079e-16,5.07555645265711e-16,1.37628793042972e-15,-6.81137590380945e-17,-0.1
"t58",0.107247474147484,-0.0594965348171704,0.00068934122157514,-0.00341155536576512,-0.00294458994260926,0.136102895418089,-0.00685588542598235,0.00187785254275109,0.00322511854127187,-0.00374636648688742,0.00167510995360174,-0.0247762991985614,0.0458602394702158,0.598340373800618,-0.155011837965121,0.00267517985560893,0.00747602641722622,0.0011539646549407,0.0110031001625699,-0.00339519915536068,0.00936410250150119,0.000195905439647672,0.00126537456016941,-0.00227425692393755,0.101678227071081,0.236321277135575,-0.00798127017872802,0.002264144475656,-0.000196721158408342,0.00135838686847632,-0.0672887521138887,0.0203457856417403,1.54066893150995e-06,-2.52332645021544e-05,2.91839528263661e-05,-9.67379917347515e-05,0.00123787807545889,-0.00114475496767292,4.5403227411742e-05,-0.00840049093701637,3.46944695195361e-16,0.00213007501226788,-0.00059817631999355,-0.000293719844080292,0.00068012568018334,5.52995163616159e-05,-2.24539433371445e-05,2.17231201740077e-16,-0.00302418573837228,2.25247157008252e-06,1.83181871559692e-16,-5.06299687406548e-05,1.27082566111448e-05,2.98448763322342e-06,-2.71871779971293e-16,9.54254664951665e-16,2.54150591410541e-16,-1.15448216492561e-05,-9.555661431967e-06,-3.27689006418699e-05,6.58453092624025e-16,-7.23614726639775e-06,-4.58040782137689e-05,-8.67067896869182e-05,-6.09591546441033e-16,-4.47054463177415e-16,-2.3792323613129e-05,-1.0060793704426e-15,1.69865618495813e-15,0.000538888604795426,7.7194975399178e-16,0.000426444115672111,2.69444152170654e-16,0.000182810854374674,4.16700375472637e-06,-2.19232928455886e-14,-0.707106781186548,-6.66123100398554e-16,-1.45202402448573e-05,2.55370394714762e-16,5.37807344726101e-16,-6.23067726936381e-05,3.13552779010678e-15,0.000164754773342723,1.34605372438807e-06,-3.00260552433569e-16,-4.88758314940709e-16,1.28375967664958e-05,-8.0480352417105e-16,7.96834604817425e-08,2.02896466931218e-15,3.69807410343907e-16,2.39074921705305e-17,-7.51547675035757e-16,1.8947934077093e-15,-5.03095312794042e-16,4.9781117362006e-16,7.59476558915788e-16,-6.61975259843023e-17,-0.100000000000001
"t59",0.107247474147484,-0.0594965348171704,0.000689341221575154,-0.00341155536576514,-0.00294458994260925,0.136102895418089,-0.0068558854259824,0.00187785254275105,0.00322511854127191,-0.00374636648688739,0.00167510995360152,-0.0247762991985611,0.045860239470216,0.598340373800618,-0.155011837965121,0.00267517985560869,0.00747602641722625,0.00115396465494054,0.0110031001625697,-0.00339519915536072,0.00936410250150124,0.000195905439647644,0.00126537456016982,-0.00227425692393774,0.101678227071082,0.236321277135575,-0.00798127017872815,0.00226414447565676,-0.000196721158408459,0.00135838686847624,-0.0672887521138887,0.0203457856417405,1.54066893150301e-06,-2.52332645012246e-05,2.91839528265841e-05,-9.67379917350939e-05,0.00123787807545875,-0.0011447549676732,4.54032274122208e-05,-0.00840049093701613,2.08166817117217e-16,0.00213007501226811,-0.000598176319993768,-0.000293719844080235,0.000680125680183171,5.52995163620913e-05,-2.24539433363399e-05,-1.78285750998644e-16,-0.00302418573837248,2.25247156796468e-06,-1.11071577137366e-17,-5.06299687408574e-05,1.27082566118754e-05,2.9844876327243e-06,2.41621525838e-16,-2.39235086232454e-16,-2.38549555971458e-16,-1.15448216476571e-05,-9.55566143210022e-06,-3.27689006415183e-05,-5.51516679893693e-16,-7.23614726464174e-06,-4.58040782123456e-05,-8.67067896863598e-05,4.58998121705482e-16,2.89370558880344e-16,-2.37923236083774e-05,9.02116749812627e-16,-2.11079656828694e-15,0.000538888604798437,-1.75380748969442e-15,0.000426444115675828,-6.37770477433766e-16,0.00018281085437726,4.16700379283302e-06,1.73074785636269e-14,0.707106781186548,1.02696702287879e-15,-1.45202402446868e-05,4.08026060595244e-16,-2.25468776690537e-16,-6.2306772692274e-05,-4.13296357423604e-15,0.000164754773341779,1.3460537268345e-06,6.29551232362903e-16,4.46686669657556e-16,1.28375967665776e-05,-5.33715959149612e-16,7.96834559126767e-08,-2.78662769999802e-15,-7.9939640608002e-16,4.10484494487961e-16,5.94597744677814e-16,1.66204264735679e-15,-9.81766676337077e-16,4.80536421211409e-16,1.84170595930252e-15,6.79234194207851e-17,-0.0999999999999983
