accepted_species,estimate
t42,1.057301107757917
t121,0.39844418949043886
t53,0.9225129251608442
t137,0.5459013034591647
t135,-0.6826245689917023
t118,-0.8349259443597954
t129,0.43834355509028405
t130,0.2865934790044377
t24,0.33161470127717546
t127,-2.0567622058454442
t97,-1.2499627322059856
t98,-1.0891230176055817
t66,-0.4662519554005103
t28,0.17949786832339226
t4,0.53205416286635
