"accepted_species","estimate"
"t42",0.933410511499574
"t121",0.176267123260434
"t53",1.29115699677801
"t137",0.189234461736081
"t135",-0.764272788096859
"t118",-0.361720150360459
"t129",0.402339180547784
"t130",0.402339180547784
"t24",1.29184209115669
"t127",-1.8301169967766
"t97",-0.853719701189881
"t98",-0.853719701189881
"t66",-0.182142064453645
"t28",-0.673565894104783
"t4",1.00264289353252
