"accepted_species","0","1"
"sp9","0.499891836703491","0.500108163296509"
"sp31","0.504648358603952","0.495351641396048"
"sp46","0.452193988920925","0.547806011079075"
"sp50","0.301856670108544","0.698143329891456"
"sp55","0.606357320718867","0.393642679281133"
"sp78","0.881533586912967","0.118466413087033"
"sp79","0.191342678874621","0.808657321125379"
"sp109","0.79653650948493","0.20346349051507"
"sp114","0.170533315596608","0.829466684403392"
"sp121","0.0967261828471202","0.90327381715288"
