"accepted_species","0","1"
"t69",0.0225030396123627,0.977496960387637
"t95",0.00261428289187438,0.997385717108126
"t43",0.0375139149730109,0.962486085026989
"t4",0.103957711925256,0.896042288074744
"t99",0.00130159117408011,0.99869840882592
"t54",0.0379108039603184,0.962089196039682
"t78",0.03053044754725,0.96946955245275
"t15",0.0736102665215041,0.926389733478496
"t66",0.0248523328498105,0.975147667150189
"t53",0.0343209829755169,0.965679017024483
