accepted_species,0,1
t69,0.013191223,0.9868088
t95,0.013191223,0.9868088
t43,0.013191223,0.9868088
t4,0.002905488,0.9970945
t99,0.02938211,0.9706179
t54,0.34677774,0.65322226
t78,0.13391054,0.86608946
t15,0.021334112,0.9786659
t66,0.044360638,0.95563936
t53,0.040136516,0.9598635
