accepted_species,0,1
Funtumia_elastica,0.9340355,0.0659645
Ceropegia_elegantula,0.9348988,0.06510119
Marsdenia_engleriana,0.9348988,0.06510119
Marsdenia_formosana,0.9348988,0.06510119
Marsdenia_elephantina,0.9348988,0.06510119
Asclepias_ovalifolia,0.93532044,0.06467956
Cynanchum_alatum,0.93532044,0.06467956
Pentopetia_suarezensis,0.9344623,0.06553767
Gonolobus_dussii,0.93532044,0.06467956
Dischidia_kerrii,0.9348988,0.06510119
