accepted_species,0,1
Funtumia_elastica,0.84824127,0.15175872
Ceropegia_elegantula,0.8930796,0.10692043
Marsdenia_engleriana,0.8890629,0.11093714
Marsdenia_formosana,0.88775957,0.11224046
Marsdenia_elephantina,0.88775957,0.11224046
Asclepias_ovalifolia,0.88775957,0.11224046
Cynanchum_alatum,0.88775957,0.11224046
Pentopetia_suarezensis,0.8639807,0.13601927
Gonolobus_dussii,0.8875309,0.11246905
Dischidia_kerrii,0.88775957,0.11224046
