accepted_species,0,1
t55,0.5968789244392302,0.4031210755607698
t84,0.5961857652909931,0.4038142347090069
t97,0.5961334650079086,0.4038665349920914
t128,0.5961701556690494,0.4038298443309506
t131,0.5968542923654784,0.4031457076345216
t135,0.5968484980702218,0.40315150192977817
t137,0.5969936396237651,0.40300636037623494
t167,0.5970871361075438,0.4029128638924562
t188,0.5968361197302963,0.4031638802697037
t189,0.5968361197302963,0.4031638802697037
