accepted_species,0,1
t55,0.5941827345374605,0.4058172654625395
t84,0.5942310236916672,0.4057689763083327
t97,0.5942843581877726,0.40571564181222736
t128,0.594144153550377,0.405855846449623
t131,0.5938502388933208,0.4061497611066792
t135,0.5939674250867896,0.40603257491321043
t137,0.5939542304992579,0.4060457695007421
t167,0.5940788091329687,0.4059211908670313
t188,0.5939592129296686,0.4060407870703314
t189,0.5938962582679548,0.40610374173204516
