accepted_species,0,1
t147,0.05053115351594828,0.9494688464840517
t170,0.08169626290409338,0.9183037370959066
t176,0.2538688164601749,0.7461311835398251
t178,0.08307636466947044,0.9169236353305296
t186,0.08046837580042543,0.9195316241995746
t193,0.08393658667315074,0.9160634133268493
t201,0.03922824736575481,0.9607717526342452
t226,0.24032031745188454,0.7596796825481155
t230,0.2521356040618149,0.7478643959381851
t236,0.08294526974229766,0.9170547302577023
