accepted_species,0,1
t147,0.11465793914957545,0.8853420608504246
t170,0.08944075226076964,0.9105592477392304
t176,0.15193397636316675,0.8480660236368333
t178,0.0941003769594232,0.9058996230405768
t186,0.08296272890166878,0.9170372710983312
t193,0.10491507488823626,0.8950849251117637
t201,0.06093510271382174,0.9390648972861783
t226,0.13084777303523876,0.8691522269647612
t230,0.1399650267318756,0.8600349732681244
t236,0.08060581819488521,0.9193941818051148
