accepted_species,0,1
t55,0.5527617838596486,0.44723821614035136
t84,0.5434061882762004,0.45659381172379965
t97,0.5411529558528761,0.45884704414712385
t128,0.5429010811392432,0.45709891886075676
t131,0.5306929558626288,0.46930704413737123
t135,0.5348185268408273,0.4651814731591727
t137,0.5688324455814568,0.43116755441854315
t167,0.5053578101680581,0.49464218983194186
t188,0.5348185268408273,0.4651814731591727
t189,0.5348185268408273,0.4651814731591727
