accepted_species,0,1
t147,0.2063304886916898,0.7936695113083102
t170,0.18667211413094953,0.8133278858690505
t176,0.2215921734141485,0.7784078265858515
t178,0.1850103063047428,0.8149896936952572
t186,0.18282925690808116,0.8171707430919188
t193,0.1922793130144227,0.8077206869855773
t201,0.19070734402280975,0.8092926559771902
t226,0.2170125142566932,0.7829874857433068
t230,0.2170125142566932,0.7829874857433068
t236,0.1758073322493956,0.8241926677506044
