"accepted_species","0","1"
"t55","0.499966898422144","0.500033101577856"
"t84","0.493844514130905","0.506155485869095"
"t97","0.488358736289149","0.511641263710851"
"t128","0.492812243361618","0.507187756638382"
"t131","0.426890210927966","0.573109789072034"
"t135","0.45392153387945","0.54607846612055"
"t137","0.556361862570148","0.443638137429852"
"t167","0.263238210786151","0.736761789213849"
"t188","0.45392153387945","0.54607846612055"
"t189","0.45392153387945","0.54607846612055"
