accepted_species,0,1
t55,0.21456349,0.7854365
t84,0.7371881,0.2628119
t97,0.7371881,0.2628119
t128,0.11989951,0.8801005
t131,0.079692066,0.92030793
t135,0.079692066,0.92030793
t137,0.08710885,0.91289115
t167,0.094103694,0.9058963
t188,0.079692066,0.92030793
t189,0.101982,0.898018
