accepted_species,0,1
t55,0.5250999,0.4749001
t84,0.5250999,0.4749001
t97,0.5569811,0.44301894
t128,0.5569811,0.44301894
t131,0.5250999,0.4749001
t135,0.5569811,0.44301894
t137,0.5250999,0.4749001
t167,0.5250999,0.4749001
t188,0.5569811,0.44301894
t189,0.5569811,0.44301894
