accepted_species,0,1
t147,0.01153481,0.9884652
t170,0.09484851,0.9051515
t176,0.04653412,0.9534659
t178,0.076939166,0.92306083
t186,0.111727,0.888273
t193,0.09407002,0.90593
t201,0.0191589,0.9808411
t226,0.041843414,0.9581566
t230,0.041843414,0.9581566
t236,0.076939166,0.92306083
