accepted_species,0,1
t147,0.0971145,0.9028855
t170,0.066504836,0.93349516
t176,0.15580279,0.8441972
t178,0.051091015,0.948909
t186,0.066504836,0.93349516
t193,0.18190897,0.81809103
t201,0.03638333,0.96361667
t226,0.15580279,0.8441972
t230,0.24945694,0.75054306
t236,0.066504836,0.93349516
