"accepted_species","0","1"
"t2",0.256681369275226,0.743318630724773
"t3",0.256681369275226,0.743318630724773
"t24",0.256681369275226,0.743318630724773
"t25",0.256681369275226,0.743318630724773
"t26",0.256681369275226,0.743318630724773
"t27",0.256681369275226,0.743318630724773
"t35",0.256681369275226,0.743318630724773
"t46",0.256681369275226,0.743318630724773
"t47",0.256681369275226,0.743318630724773
"t105",0.0594511294522131,0.940548870547787
