accepted_species,0,1
t101,0.69028085,0.30971915
t151,0.756747,0.24325298
t152,0.756747,0.24325298
t153,0.69028085,0.30971915
t185,0.69028085,0.30971915
t205,0.90730196,0.09269803
t206,0.90730196,0.09269803
t237,0.69028085,0.30971915
t268,0.69028085,0.30971915
t269,0.69028085,0.30971915
