accepted_species,0,1
t62,0.3844694899006197,0.6155305100993803
t72,0.8012256897889942,0.19877431021100583
t79,0.4729989022548282,0.5270010977451718
t106,0.3870307516323799,0.6129692483676201
t133,0.8318523517867464,0.1681476482132535
t134,0.828788705724572,0.171211294275428
t151,0.546961901371528,0.453038098628472
t155,0.8039758366730172,0.1960241633269828
t175,0.4002633868751887,0.5997366131248113
t176,0.5346794673052516,0.4653205326947484
