accepted_species,0,1
t62,0.5542946270010082,0.4457053729989918
t72,0.557995526050591,0.442004473949409
t79,0.5539897702865115,0.4460102297134885
t106,0.5542087468849517,0.44579125311504836
t133,0.5580469955811833,0.4419530044188167
t134,0.5580469955811833,0.4419530044188167
t151,0.5537999229102755,0.44620007708972453
t155,0.558086368305225,0.44191363169477504
t175,0.5539088352675834,0.4460911647324166
t176,0.5539088352675834,0.4460911647324166
