accepted_species,0,1
t62,0.5934152,0.4065848
t72,0.5934152,0.4065848
t79,0.5934152,0.4065848
t106,0.5934152,0.4065848
t133,0.5934152,0.4065848
t134,0.5934152,0.4065848
t151,0.5934152,0.4065848
t155,0.5934152,0.4065848
t175,0.5934152,0.4065848
t176,0.5934152,0.4065848
