accepted_species,0,1
t62,0.46298403,0.537016
t72,0.6107781,0.38922194
t79,0.46298403,0.537016
t106,0.46298403,0.537016
t133,0.6107781,0.38922194
t134,0.6107781,0.38922194
t151,0.46298403,0.537016
t155,0.6107781,0.38922194
t175,0.46298403,0.537016
t176,0.46298403,0.537016
