accepted_species,0,1
t62,0.52731395,0.47268605
t72,0.5909854,0.40901455
t79,0.52731395,0.47268605
t106,0.52731395,0.47268605
t133,0.5909854,0.40901455
t134,0.5909854,0.40901455
t151,0.52731395,0.47268605
t155,0.5909854,0.40901455
t175,0.52731395,0.47268605
t176,0.52731395,0.47268605
