accepted_species,0,1
t7,0.65990704,0.34009296
t9,0.7222488,0.27775118
t51,0.6792165,0.32078347
t62,0.65990704,0.34009296
t72,0.6792165,0.32078347
t74,0.6792165,0.32078347
t82,0.6792165,0.32078347
t83,0.77402985,0.22597016
t102,0.6792165,0.32078347
t106,0.77402985,0.22597016
