accepted_species,0,1
t62,0.3536747,0.6463253
t72,0.19499266,0.80500734
t79,0.41567355,0.58432645
t106,0.79884714,0.20115285
t133,0.66291934,0.33708066
t134,0.1484868,0.8515132
t151,0.50601304,0.49398696
t155,0.20105451,0.7989455
t175,0.34031647,0.6596835
t176,0.15030247,0.84969753
