"accepted_species","estimate"
"t31",1.55755724558098
"t86",0.691135312208476
"t64",1.11105133999213
"t65",1.11105133999213
"t49",0.553661161071385
"t81",-1.01132083310518
"t68",-0.93474823920894
"t88",0.214673093776998
"t29",0.134621360707755
"t10",0.727873658852335
