accepted_species,0
t31,-0.049260516477775455
t86,-0.049260516477775455
t64,-0.049260516477775455
t65,-0.049260516477775455
t49,-0.049260516477775455
t81,-0.049260516477775455
t68,-0.049260516477775455
t88,-0.049260516477775455
t29,-0.049260516477775455
t10,-0.049260516477775455
