accepted_species,0
t16,
t22,
t137,-0.578065145544448
t57,
t5,
t114,
t2,
t3,
t122,-1.7938469017315
t88,
t52,
t17,
t45,
t37,
