accepted_species,0,1
Psychotria_euosma,0.9449929,0.055007096
Psychotria_capuronii,0.9449929,0.055007096
Gynochthodes_epiphytica,0.94137174,0.058628257
Psychotria_croftiana,0.9449929,0.055007096
Psychotria_liesneri,0.94435215,0.055647828
Psychotria_streimannii,0.9449929,0.055007096
Psychotria_diminuta,0.9429559,0.057044063
Gaertnera_kochummenii,0.94000405,0.059995957
Palicourea_sucllii,0.9428555,0.05714452
Chassalia_stenantha,0.9428555,0.05714452
