accepted_species,estimate
t91,1.6719284
t40,2.314616
t85,0.10501857
t23,-0.0010478022
t43,0.20369066
t33,-0.065055415
t6,-0.5957013
t98,-1.4779639
t29,-0.7430613
t2,-0.96166533
