accepted_species,0,1
Schradera_pentacme,0.95646495,0.04353507
Palicourea_dichotoma,0.95646495,0.04353507
Psychotria_myristica,0.95646495,0.04353507
Chassalia_subochreata,0.95646495,0.04353507
Palicourea_oblonga,0.95646495,0.04353507
Notopleura_pyramidata,0.95646495,0.04353507
Geophila_herbacea,0.95646495,0.04353507
Psychotria_heteromorpha,0.95646495,0.04353507
Psychotria_mumfordiana,0.95646495,0.04353507
Psychotria_coelospermum,0.95646495,0.04353507
