"accepted_species","0","1"
"sp173",0.83225084671047,0.16774915328953
"sp176",0.83225084671047,0.16774915328953
"sp202",0.83225084671047,0.16774915328953
"sp218",0.83225084671047,0.16774915328953
"sp228",0.83225084671047,0.16774915328953
"sp235",0.83225084671047,0.16774915328953
"sp243",0.83225084671047,0.16774915328953
"sp246",0.832250846710472,0.167749153289528
"sp247",0.832250846710473,0.167749153289527
"sp266",0.832290168476172,0.167709831523828
