accepted_species,0,1
sp173,0.8385705571879007,0.1614294428120993
sp176,0.8368225231432466,0.16317747685675343
sp202,0.836690114047104,0.16330988595289594
sp218,0.8383296273660588,0.1616703726339413
sp228,0.8382580145627246,0.16174198543727536
sp235,0.8379870165564294,0.16201298344357057
sp243,0.8368506072622419,0.16314939273775814
sp246,0.8390960015876858,0.16090399841231418
sp247,0.8390366460842047,0.16096335391579536
sp266,0.8391097131255901,0.1608902868744099
