accepted_species,0,1
sp173,0.8922781,0.10772195
sp176,0.8922781,0.10772195
sp202,0.8922781,0.10772195
sp218,0.8922781,0.10772195
sp228,0.8922781,0.10772195
sp235,0.8922781,0.10772195
sp243,0.8922781,0.10772195
sp246,0.8922781,0.10772195
sp247,0.8922781,0.10772195
sp266,0.8922781,0.10772195
