accepted_species,0,1
sp173,0.8749395,0.12506048
sp176,0.8974898,0.10251021
sp202,0.8974898,0.10251021
sp218,0.90129673,0.09870326
sp228,0.89633703,0.103662945
sp235,0.8942439,0.10575611
sp243,0.8974898,0.10251021
sp246,0.86854315,0.13145684
sp247,0.8749395,0.12506048
sp266,0.86854315,0.13145684
