accepted_species,0,1
t8,0.12194198,0.878058
t16,0.711166,0.288834
t94,0.3981883,0.6018117
t119,0.3513925,0.6486075
t50,0.9749931,0.025006866
t104,0.27327967,0.72672033
t29,0.9888449,0.011155101
t40,0.9870507,0.012949276
t117,0.97691196,0.023088021
t82,0.9658742,0.034125794
t61,0.9928836,0.0071163564
t44,0.9852619,0.014738082
t115,0.98274076,0.017259236
t46,0.9927648,0.0072352225
