accepted_species,0,1
t8,0.0047831535,0.99521685
t16,0.92327684,0.076723166
t94,0.7065956,0.2934044
t119,0.73412037,0.26587966
t50,0.9961873,0.0038126626
t104,0.17027253,0.8297275
t29,0.9990698,0.00093017076
t40,0.9989372,0.0010627998
t117,0.9844388,0.015561228
t82,0.9915047,0.008495246
t61,0.99877036,0.001229626
t44,0.6963978,0.30360222
t115,0.99143153,0.008568459
t46,0.99039584,0.009604144
