accepted_species,0,1
sp45,0.9895325326992729,0.010467467300727108
sp70,0.7189897178565803,0.28101028214341967
sp83,0.7558175816653873,0.24418241833461277
sp101,0.7618369310301791,0.23816306896982087
sp110,0.7182934750124437,0.2817065249875563
sp113,0.7475310285013648,0.2524689714986352
sp116,0.7457456105066927,0.25425438949330725
sp128,0.8135855477034107,0.18641445229658923
sp132,0.7175915275284337,0.28240847247156625
sp141,0.673797805485147,0.326202194514853
