accepted_species,estimate
t84,-1.0745430932310207
t48,1.5024351814084784
t62,0.9268688825149595
t40,0.25606534027468697
t20,0.9476189125317668
t29,0.40849655973214183
t19,-0.810683114907847
t73,-0.3381787047199475
t74,-0.17133229879883555
t49,0.16405780496113087
