"accepted_species","estimate"
"t84",-0.741815822993952
"t48",1.47802716464478
"t62",1.02029730838953
"t40",1.08535542919659
"t20",0.585710799909735
"t29",0.557715774990129
"t19",-0.733775431153444
"t73",-0.018709098589038
"t74",-0.018709098589038
"t49",0.273114771148549
