accepted_species,0,1
Zeltnera_texensis,0.8645433,0.13545671
Gentianella_longibarbata,0.81734985,0.18265013
Swertia_gonczaroviana,0.81551206,0.18448797
Centaurium_intermedium,0.8498694,0.15013066
Halenia_deflexa,0.8237771,0.17622292
Gentianella_bridgesii,0.81734985,0.18265013
Symbolanthus_sessilis,0.8645433,0.13545671
Schultesia_benthamiana,0.8645433,0.13545671
Swertia_beddomei,0.81551206,0.18448797
Chironia_erythraeoides,0.8645433,0.13545671
