accepted_species,0,1
Zeltnera_texensis,0.68003035,0.31996962
Gentianella_longibarbata,0.79404426,0.20595573
Swertia_gonczaroviana,0.79551977,0.20448022
Centaurium_intermedium,0.8233258,0.1766742
Halenia_deflexa,0.8233258,0.1766742
Gentianella_bridgesii,0.79404426,0.20595573
Symbolanthus_sessilis,0.8255686,0.17443137
Schultesia_benthamiana,0.75595784,0.24404214
Swertia_beddomei,0.80431163,0.19568834
Chironia_erythraeoides,0.84210414,0.15789586
