accepted_species,estimate
t63,-0.5720629475016458
t72,-0.6137890260208538
t73,-0.6503379519578308
t93,-0.4290015286186524
t94,-0.4539032609914547
t91,-0.00546220217818183
t92,0.07838062730874251
t48,0.20594055375552467
t41,0.14164534744402935
t65,0.2730582548564904
