"accepted_species","estimate"
"t63",-0.0616656818770023
"t72",-0.0616656818770023
"t73",-0.0616656818770023
"t93",-0.0616656818770023
"t94",-0.0616656818770023
"t91",-0.119279561773096
"t92",-0.119279561773096
"t48",-0.076701481783933
"t41",-0.0638798067202695
"t65",-0.0589295725992324
