"accepted_species","0","1"
"Secamone_spirei","0.999606022318268","0.0003939776817321"
"Dolianthus_clemensiae","0.999983246043169","1.67539568312694e-05"
"Mandevilla_martii","0.999479133975267","0.000520866024733087"
"Orbea_huillensis","0.998998993704304","0.00100100629569593"
"Cynanchica_tephrocarpa","0.999983246043169","1.67539568312694e-05"
"Micrechites_parkinsonii","0.960660531870863","0.0393394681291368"
"Gardenia_cornuta","0.999816878343755","0.000183121656244851"
"Ceropegia_stenophylla","0.99999983936003","1.60639970333211e-07"
"Gaertnera_obesa","0.999188826866465","0.000811173133535197"
"Oxyanthus_nangensis","0.999988780924907","1.12190750930947e-05"
