accepted_species,estimate
t24,-0.105330885668208
t68,0.4409819499879961
t2,1.0032755864901
t13,0.2730991825975555
t97,-0.9237277019005092
t62,1.1259731953508152
t23,0.7373715923135484
t79,1.0736442488606932
t15,-0.14455673652483544
t35,0.01926088283297702
