accepted_species,0
t16,0.0294020250402674
t14,0.0294020250402674
t60,0.0294020250402674
t13,0.0294020250402674
t4,0.0294020250402674
t45,0.0294020250402674
t17,0.0294020250402674
t43,0.0294020250402674
t77,0.0294020250402674
t36,0.0294020250402674
