accepted_species,0,1
t45,0.6111111111111112,0.3888888888888889
t46,0.6111111111111112,0.3888888888888889
t89,0.6111111111111112,0.3888888888888889
t90,0.6111111111111112,0.3888888888888889
t35,0.6111111111111112,0.3888888888888889
t55,0.6111111111111112,0.3888888888888889
t22,0.6111111111111112,0.3888888888888889
t75,0.6111111111111112,0.3888888888888889
t93,0.0,1.0
t42,0.6111111111111112,0.3888888888888889
