accepted_species,0,1
t45,0.83243316,0.16756684
t46,0.83782727,0.16217272
t89,0.9484295,0.0515705
t90,0.9484295,0.0515705
t35,0.8588027,0.14119734
t55,0.8830082,0.1169918
t22,0.93180275,0.06819726
t75,0.711445,0.28855503
t93,0.68566406,0.3143359
t42,0.9482132,0.051786803
