accepted_species,estimate
t80,-0.24748870450367866
t35,-0.29238274859917746
t8,-0.49386533753599315
t56,-0.5647930752808312
t75,-0.7637505034948733
t76,-0.5568103652614487
t86,-0.5384952760785711
t87,-0.4533474180110708
t81,-0.7513742106773058
t49,-0.7691717343756108
