accepted_species,estimate
t80,-1.4871818
t35,-1.4871818
t8,-1.4758083
t56,-0.7468067
t75,-1.0247175
t76,-1.0247175
t86,-0.250902
t87,-0.250902
t81,-0.20208699
t49,-0.27033436
