accepted_species,estimate
t69,-0.15803197346289008
t95,-0.16830141107875532
t85,1.6023784646814172
t83,0.7865558526164639
t84,0.7865558526164638
t21,-0.37050863821022784
t22,-0.37050863821022717
t23,-0.6691729807637943
t28,-0.7210272198830816
t30,-0.723323908396781
