accepted_species,estimate
t69,0.045246642
t95,-0.47906125
t85,2.0522113
t83,1.276178
t84,1.276178
t21,-0.24189156
t22,-0.24189156
t23,-0.19441986
t28,-0.73008716
t30,-0.73008716
