accepted_species,0,1
sp69,0.44004118135119774,0.5599588186488023
sp80,0.5092533874514953,0.49074661254850466
sp81,0.45071785651304086,0.5492821434869591
sp100,0.395376178680539,0.604623821319461
sp134,0.4222973805049247,0.5777026194950753
sp149,0.40353393907326185,0.5964660609267382
sp150,0.34735333763363707,0.6526466623663629
sp155,0.36374326089688946,0.6362567391031105
sp158,0.3771989251786454,0.6228010748213546
sp159,0.31309372228517474,0.6869062777148253
