accepted_species,0,1
sp69,0.30287136327152064,0.6971286367284794
sp80,0.34397867391005443,0.6560213260899456
sp81,0.34397867391005443,0.6560213260899456
sp100,0.125978360480839,0.874021639519161
sp134,0.3436740093661653,0.6563259906338347
sp149,0.07948553442770356,0.9205144655722964
sp150,0.07948553442770434,0.9205144655722957
sp155,0.07138213474743793,0.9286178652525621
sp158,0.07123504194081287,0.9287649580591871
sp159,0.07123504194081287,0.9287649580591871
