accepted_species,0,1
sp69,0.8333333333333334,0.16666666666666666
sp80,0.8333333333333334,0.16666666666666666
sp81,0.8333333333333334,0.16666666666666666
sp100,0.8333333333333334,0.16666666666666666
sp134,0.8333333333333334,0.16666666666666666
sp149,0.8333333333333334,0.16666666666666666
sp150,0.8333333333333334,0.16666666666666666
sp155,0.8333333333333334,0.16666666666666666
sp158,0.8333333333333334,0.16666666666666666
sp159,0.8333333333333334,0.16666666666666666
