"accepted_species","0","1"
"t17",0.499998235666705,0.500001764333295
"t25",0.50000000000961,0.49999999999039
"t35",0.500078145546821,0.499921854453179
"t42",0.499948632132458,0.500051367867542
"t58",0.501069281626267,0.498930718373733
"t65",0.498332826896859,0.501667173103141
"t71",0.515077322850768,0.484922677149232
"t82",0.51745184535526,0.48254815464474
"t87",0.474515937548716,0.525484062451284
"t102",0.332140079255557,0.667859920744443
