accepted_species,0,1
t15,0.501004387091333,0.49899561290866695
t45,0.49681081018687256,0.5031891898131274
t54,0.5006305138896991,0.49936948611030085
t58,0.5010389483760227,0.49896105162397725
t67,0.5035345188527864,0.49646548114721356
t86,0.4958747323300371,0.5041252676699629
t94,0.49809637488490954,0.5019036251150905
t102,0.5048698237525612,0.4951301762474388
t103,0.5004901952065248,0.4995098047934751
t111,0.5026797488939763,0.4973202511060237
