accepted_species,0,1
t17,0.508664275989388,0.49133572401061193
t25,0.562916423252936,0.43708357674706405
t35,0.5008945042112063,0.49910549578879365
t42,0.5434543138989836,0.45654568610101637
t58,0.5753870189313481,0.42461298106865186
t65,0.5253176499265564,0.47468235007344367
t71,0.6627216158856593,0.3372783841143408
t82,0.5360194532498896,0.4639805467501103
t87,0.5510979758553269,0.4489020241446731
t102,0.4982259519715584,0.5017740480284416
