"accepted_species","0","1"
"t15","0.500222157741284","0.499777842258716"
"t45","0.544220206055703","0.455779793944297"
"t54","0.499701281176598","0.500298718823402"
"t58","0.499924853318529","0.500075146681472"
"t67","0.671677862779571","0.328322137220429"
"t86","0.443403352354392","0.556596647645608"
"t94","0.831383474055922","0.168616525944078"
"t102","0.88503209428709","0.11496790571291"
"t103","0.0861411142576192","0.913858885742381"
"t111","0.00409985567751867","0.995900144322481"
