accepted_species,0,1
t17,0.58497405,0.41502598
t25,0.66234094,0.33765906
t35,0.58497405,0.41502598
t42,0.58497405,0.41502598
t58,0.58497405,0.41502598
t65,0.50272214,0.49727786
t71,0.58497405,0.41502598
t82,0.50272214,0.49727786
t87,0.58497405,0.41502598
t102,0.45672983,0.5432702
