accepted_species,0
t86,-0.8046847661879529
t14,
t15,
t56,
t57,
t50,
t51,
t83,-0.815545441539001
t93,
t94,
