,xgb_eigenvecs_binary,xgb_eigenvecs_continuous,phylnn_fill_means_binary,phylnn_fill_means_continuous,phylopars_continuous,logit_autoencoded_binary,xgb_umap_binary,xgb_umap_continuous,corHMM_binary,linear_umap_continuous,xgb_autoenc_supervised_binary,xgb_umap_supervised_binary,logit_umap_supervised_binary,picante_binary,picante_continuous,xgb_autoencoded_binary,xgb_autoencoded_continuous,linear_eigenvecs_continuous,logit_autoenc_supervised_binary,linear_autoencoded_continuous,logit_eigenvecs_binary,logit_umap_binary
stat,-4.87601274064671,11.653515247474152,-4.322191330461989,2.600749500091985,15.179655381257659,-4.954469618206474,-5.334296171294931,10.400837597593368,-3.989466743567642,4.520839502558313,-5.623176182107251,-6.034474213640427,-4.449163283418086,-3.7489484121224215,17.2734919594511,-4.872334938481599,10.483425244308673,0.12430336442948747,-4.349933904792819,5.054897291635582,-4.197840347905072,-5.005071008353721
p value,1.3891703586487601e-06,2.0033085407004377e-28,1.8093389782124194e-05,0.009532078199684291,2.9230848956637807e-44,9.453613593695201e-07,1.3625270958923828e-07,2.1149612262482636e-23,7.443523485237542e-05,7.427927471581779e-06,2.8798467861754685e-08,2.7977342853794956e-09,1.0282284100895384e-05,0.00019481872041545483,1.5497809227242405e-54,1.4142801200311376e-06,1.013178264324901e-23,0.9011168544233246,1.601080211204012e-05,5.732109516247673e-07,3.104513755546442e-05,7.35499188633171e-07
