accepted_species,0,1
t22,0.4710733711933881,0.5289266288066119
t24,0.46790224815472947,0.5320977518452705
t31,0.4754756377972984,0.5245243622027016
t47,0.4812540758592888,0.5187459241407112
t55,0.4813992210106921,0.5186007789893079
t71,0.474872344723384,0.525127655276616
t82,0.46972351158097825,0.5302764884190218
t88,0.47830377108477007,0.5216962289152299
t104,0.4819337338606755,0.5180662661393245
t105,0.4818328103326277,0.5181671896673723
