accepted_species,0,1
t29,0.1492978135263041,0.8507021864736959
t36,0.12126504417702366,0.8787349558229763
t38,0.1475351172863324,0.8524648827136676
t49,0.14710950630634612,0.8528904936936539
t50,0.4944643716860675,0.5055356283139325
t56,0.4645626062305338,0.5354373937694662
t63,0.1279382786626745,0.8720617213373255
t77,0.14750826422302854,0.8524917357769715
t100,0.2552794869601527,0.7447205130398473
t101,0.2552794869601521,0.7447205130398479
