accepted_species,0,1
t29,0.015064478,0.9849355
t36,0.03535807,0.9646419
t38,0.01596129,0.9840387
t49,0.016850531,0.98314947
t50,0.9703425,0.02965748
t56,0.25975037,0.74024963
t63,0.015685797,0.9843142
t77,0.01785183,0.9821482
t100,0.74231994,0.2576801
t101,0.16039264,0.83960736
