accepted_species,0,1
t29,0.0038567185,0.9961433
t36,0.012792051,0.98720795
t38,0.003113687,0.9968863
t49,0.003113687,0.9968863
t50,0.6016235,0.39837652
t56,0.81847507,0.18152492
t63,0.010062456,0.98993754
t77,0.003113687,0.9968863
t100,0.042730868,0.95726913
t101,0.042730868,0.95726913
