accepted_species,estimate
t71,0.7938054209198274
t72,0.7938054209198275
t85,0.7957497854663539
t24,0.7436246691707582
t27,0.6218714901259565
t66,0.7020096947670608
t28,0.7031187867706503
t89,0.7223535210264346
t90,0.7223535210264326
t68,0.6466304658077852
