"accepted_species","estimate"
"t71",0.876089596054162
"t72",0.876089596054162
"t85",1.1895353684238
"t24",0.685478919536925
"t27",0.537172560556412
"t66",0.689658437302659
"t28",0.58333070593318
"t89",0.58333070593318
"t90",0.58333070593318
"t68",0.737178608346091
