accepted_species,estimate
t33,-0.8382166
t101,0.3952632
t102,0.3952632
t140,0.34429243
t141,0.2794149
t78,-0.04697887
t87,-0.036259
t88,-0.036259
t83,-0.036259
t84,0.14303517
t115,0.14303517
t116,0.20791271
t76,0.14303517
t51,-0.17429921
t52,0.13071844
t26,-0.8382166
