accepted_species,0
t90,0.12423936618173512
t41,0.12478578226379376
t7,0.12523723371255355
t42,0.1253125408627181
t51,0.12486508373183933
t27,0.12503415878768323
t74,0.1261323983739312
t91,0.12617015404036724
t92,0.12617015404036724
t100,0.1271481742908599
