accepted_species,estimate
t90,-0.15105994
t41,-0.15105994
t7,-0.15105994
t42,-0.15105994
t51,-0.15105994
t27,-0.15324113
t74,0.052686308
t91,0.052686308
t92,0.052686308
t100,0.052686308
