"accepted_species","estimate"
"t88",1.06018443003311
"t63",0.348477286446836
"t56",-0.67067923939548
"t67",-0.603853641676111
"t45",-1.06807729053436
"t71",-0.710606660626013
"t17",-0.482666354051512
"t21",-0.530948435122042
"t34",0.726154846096282
"t54",-0.226597865335174
