accepted_species,0
t107,-0.011642960615762761
t22,-0.011642960615762761
t46,-0.011642960615762761
t65,-0.011642960615762761
t134,-0.138050111877865
t11,-0.011642960615762761
t70,-0.011642960615762761
t76,-0.011642960615762761
t146,2.12767230935364
t66,-0.011642960615762761
t36,-0.011642960615762761
t1,-0.011642960615762761
t62,-0.011642960615762761
t74,-0.011642960615762761
t88,-0.011642960615762761
