accepted_species,0,1
t7,0.058309913,0.9416901
t40,0.058309913,0.9416901
t41,0.058309913,0.9416901
t14,0.058309913,0.9416901
t22,0.058309913,0.9416901
t80,0.058309913,0.9416901
t9,0.058309913,0.9416901
t15,0.058309913,0.9416901
t78,0.058309913,0.9416901
t79,0.058309913,0.9416901
