accepted_species,estimate
t86,0.30959365
t47,0.27791902
t44,0.34481284
t41,-0.83054215
t18,-0.72223735
t37,0.0033848847
t4,0.17335655
t71,-0.087150164
t72,-0.087150164
t31,0.2607157
