"accepted_species","estimate"
"t83",-0.214186271919533
"t84",-0.214186271919533
"t37",-0.214186271919533
"t24",-0.214186271919533
"t26",-0.214186271919533
"t27",-0.214186271919533
"t20",-0.214186271919533
"t11",-0.214186271919533
"t80",-0.214186271919533
"t81",-0.214186271919533
