accepted_species,0,1
sp24,0.698589407651994,0.30141059234800605
sp32,0.736250557309936,0.263749442690064
sp34,0.6963240840595659,0.303675915940434
sp57,0.9937270870553009,0.0062729129446991005
sp72,0.4828743260510354,0.5171256739489646
sp98,0.8316250067765971,0.16837499322340294
sp103,0.619909435871836,0.380090564128164
sp106,0.6728489487650221,0.3271510512349779
sp116,0.5570076222032103,0.4429923777967896
sp117,0.612972517360064,0.38702748263993597
