accepted_species,0,1
sp24,0.7443350722508724,0.2556649277491277
sp32,0.744083022177576,0.2559169778224239
sp34,0.7442283242984642,0.25577167570153586
sp57,0.7471263112090806,0.2528736887909194
sp72,0.7422333224690467,0.25776667753095334
sp98,0.7420262160516418,0.2579737839483583
sp103,0.7422479586350869,0.25775204136491314
sp106,0.7458260736520025,0.2541739263479975
sp116,0.7451613964437951,0.25483860355620486
sp117,0.7451598918810967,0.2548401081189034
