accepted_species,0,1
sp24,0.7444444444444445,0.25555555555555554
sp32,0.7444444444444445,0.25555555555555554
sp34,0.7444444444444445,0.25555555555555554
sp57,0.7444444444444445,0.25555555555555554
sp72,0.7444444444444445,0.25555555555555554
sp98,1.0,0.0
sp103,1.0,0.0
sp106,1.0,0.0
sp116,1.0,0.0
sp117,1.0,0.0
