accepted_species,0,1
sp24,0.74844515,0.25155488
sp32,0.74844515,0.25155488
sp34,0.73807156,0.26192844
sp57,0.8639877,0.13601232
sp72,0.81635815,0.18364184
sp98,0.7400594,0.2599406
sp103,0.7355647,0.2644353
sp106,0.7765932,0.22340678
sp116,0.7737026,0.22629741
sp117,0.7737026,0.22629741
