"accepted_species","0","1"
"t75",0.777932497644273,0.222067502355727
"t83",0.791764785329625,0.208235214670375
"t84",0.797264379952119,0.202735620047881
"t93",0.812673253180739,0.187326746819261
"t100",0.81596684627968,0.18403315372032
"t101",0.81596684627968,0.18403315372032
"t106",0.862496003904699,0.137503996095301
"t115",0.776291753596546,0.223708246403454
"t116",0.776291753596546,0.223708246403454
"t117",0.949252624959784,0.0507473750402159
