accepted_species,0,1
t30,0.19086258862032957,0.8091374113796704
t31,0.19037104814062145,0.8096289518593786
t36,0.19525438115315175,0.8047456188468483
t57,0.191412404657482,0.808587595342518
t58,0.1909668684617024,0.8090331315382976
t63,0.19614834480925658,0.8038516551907434
t82,0.19125831419882444,0.8087416858011756
t89,0.1914129864258104,0.8085870135741896
t95,0.18885873109677254,0.8111412689032275
t96,0.18894252234079612,0.8110574776592039
