accepted_species,0,1
t75,0.7043525391529135,0.29564746084708654
t83,0.7043282110952014,0.2956717889047986
t84,0.7044690495863353,0.29553095041366473
t93,0.7045042016248575,0.29549579837514256
t100,0.7043606491972845,0.2956393508027155
t101,0.7043947893861449,0.29560521061385514
t106,0.7043706423066136,0.2956293576933864
t115,0.7044322027449414,0.29556779725505855
t116,0.7044315389073127,0.2955684610926873
t117,0.7044222016053419,0.2955777983946582
