accepted_species,0,1
t75,0.7032241301319071,0.29677586986809285
t83,0.7032471968729057,0.29675280312709423
t84,0.7032791575906698,0.2967208424093301
t93,0.7032987953982186,0.2967012046017814
t100,0.7032672563797521,0.29673274362024793
t101,0.7032660123424331,0.29673398765756687
t106,0.7032134217426461,0.2967865782573539
t115,0.7033153946635938,0.29668460533640617
t116,0.7033236421460877,0.29667635785391233
t117,0.7032307861354499,0.29676921386455013
