accepted_species,0,1
t75,0.8015086897103149,0.19849131028968517
t83,0.80412647937802,0.19587352062198007
t84,0.8054072136789194,0.19459278632108054
t93,0.808729319489332,0.19127068051066795
t100,0.8094713416094426,0.19052865839055746
t101,0.8094713416094426,0.19052865839055746
t106,0.8217241551992261,0.17827584480077388
t115,0.8011878252274882,0.19881217477251176
t116,0.8011878252274882,0.19881217477251176
t117,0.8670465229046638,0.1329534770953362
