accepted_species,0,1
t103,0.0084222555,0.99157774
t120,0.0061181784,0.9938818
t28,0.023869336,0.97613066
t17,0.014556587,0.9854434
t116,0.0018989444,0.99810106
t107,0.003904283,0.9960957
t138,0.007076144,0.99292386
t122,0.007076144,0.99292386
t36,0.007076144,0.99292386
t23,0.007076144,0.99292386
t131,0.010393441,0.98960656
t12,0.007076144,0.99292386
t34,0.034550846,0.96544915
t29,0.007076144,0.99292386
