accepted_species,0,1
t20,0.021987915,0.9780121
t132,0.004687786,0.9953122
t119,0.005254507,0.9947455
t149,0.9687801,0.0312199
t92,0.051914632,0.94808537
t16,0.0052272677,0.99477273
t71,0.017028034,0.98297197
t38,0.004205823,0.9957942
t55,0.0036259294,0.9963741
t97,0.013410568,0.98658943
t87,0.032939672,0.9670603
t62,0.062202513,0.9377975
t80,0.0018233061,0.9981767
t136,0.019292057,0.98070794
t4,0.06416279,0.9358372
t6,0.0048273206,0.9951727
