accepted_species,0,1
Oxypetalum_habrogynum,0.9409966,0.059003394
Artia_amieuensis,0.40776926,0.59223074
Peponidium_homolleae,0.993051,0.006949028
Psychotria_wesselsboeri,0.99400795,0.0059920284
Hoya_matiensis,0.9409966,0.059003394
Ochrosia_poweri,0.7155397,0.28446028
Morinda_asteroscepa,0.99400795,0.0059920284
Craterispermum_puffianum,0.993201,0.006799003
Halenia_taruga-gasso,0.82689023,0.17310978
Raphionacme_moyalica,0.9510579,0.04894208
