accepted_species,0,1
Oxypetalum_habrogynum,0.9495962,0.050403778
Artia_amieuensis,0.9476711,0.05232886
Peponidium_homolleae,0.9911322,0.008867805
Psychotria_wesselsboeri,0.9949063,0.005093718
Hoya_matiensis,0.99269235,0.007307678
Ochrosia_poweri,0.89264226,0.107357755
Morinda_asteroscepa,0.9939108,0.006089196
Craterispermum_puffianum,0.9939108,0.006089196
Halenia_taruga-gasso,0.8766908,0.123309195
Raphionacme_moyalica,0.9702374,0.029762626
