accepted_species,0,1
t36,0.054088533,0.94591147
t64,0.066720545,0.93327945
t70,0.017770886,0.9822291
t6,0.9244261,0.07557389
t121,0.49102068,0.5089793
t102,0.021907568,0.97809243
t24,0.021620631,0.97837937
t25,0.021620631,0.97837937
t122,0.015945613,0.9840544
t97,0.024806142,0.97519386
t12,0.017145753,0.98285425
t3,0.8798662,0.12013382
t2,0.7843804,0.21561964
