accepted_species,0,1
t36,0.03339368,0.9666063
t64,0.02937603,0.97062397
t70,0.028695643,0.97130436
t6,0.664934,0.33506602
t121,0.56016827,0.43983173
t102,0.031259596,0.9687404
t24,0.024927855,0.97507215
t25,0.024927855,0.97507215
t122,0.028901756,0.97109824
t97,0.031659603,0.9683404
t12,0.03574872,0.9642513
t3,0.6853062,0.31469378
t2,0.6853062,0.31469378
