accepted_species,estimate
Exostema_caribaeum,-0.07870755818339245
Guettarda_divaricata,-0.009320091828929317
Guettarda_elliptica,-0.043757148742944646
Guettarda_odorata,-0.057877889698657564
Guettarda_tikalana,0.007089680004273263
Guettarda_uruguensis,0.02944217053585277
Hamelia_patens,-0.44835111173563136
Hintonia_latiflora,-0.22103370083934767
Nauclea_diderrichii,0.17187964518582158
Neolamarckia_cadamba,0.24958261540252538
