accepted_species,0,1
t62,0.38274615809681223,0.6172538419031878
t84,0.5052073308936357,0.4947926691063643
t118,0.5110281637455867,0.4889718362544133
t123,0.5498550265506528,0.4501449734493473
t124,0.447719033995734,0.552280966004266
t152,0.17755088090439575,0.8224491190956043
t153,0.22859767976127943,0.7714023202387206
t163,0.4226438078228648,0.5773561921771352
t173,0.38712385439700625,0.6128761456029937
t174,0.3813968066047869,0.6186031933952131
