"accepted_species","0","1"
"t99","0.50005112201508","0.49994887798492"
"t102","0.50005112201508","0.49994887798492"
"t117","0.50005112201508","0.49994887798492"
"t120","0.50005112201508","0.49994887798492"
"t121","0.50005112201508","0.49994887798492"
"t127","0.50005112201508","0.49994887798492"
"t194","0.50005112201508","0.49994887798492"
"t195","0.50005112201508","0.49994887798492"
"t200","0.50005112201508","0.49994887798492"
"t201","0.50005112201508","0.49994887798492"
