accepted_species,0,1
t62,0.53981113,0.46018887
t84,0.62164366,0.3783563
t118,0.27587247,0.72412753
t123,0.32248574,0.67751426
t124,0.27587247,0.72412753
t152,0.69639885,0.30360115
t153,0.69639885,0.30360115
t163,0.32248574,0.67751426
t173,0.32248574,0.67751426
t174,0.32248574,0.67751426
