accepted_species,estimate
t52,-1.4308934116855403
t78,-0.9837640306446997
t32,-0.9864682496942787
t60,1.074285728959347
t76,0.9918000107512805
t54,0.6555285920151841
t55,0.702197392856373
t79,0.7295292936163256
t57,0.7093787056789145
t24,0.7066250389498345
