accepted_species,0,1
Rubia_horrida,0.99221957,0.0077804103
Palicourea_longiflora,0.8002578,0.19974221
Asperula_×_portae,0.99221957,0.0077804103
Notopleura_leucantha,0.9378219,0.062178086
Galium_johnstonii,0.99221957,0.0077804103
Agathisanthemum_assimile,0.99221957,0.0077804103
Psychotria_febrifuga,0.7448406,0.25515938
Galium_sojakii,0.99221957,0.0077804103
Psychotria_vomensis,0.93056625,0.069433756
Psychotria_terniflora,0.7807032,0.21929684
