accepted_species,0,1
Rubia_horrida,0.8970713,0.1029287
Palicourea_longiflora,0.8900969,0.109903075
Asperula_×_portae,0.8970713,0.1029287
Notopleura_leucantha,0.8912289,0.1087711
Galium_johnstonii,0.8970713,0.1029287
Agathisanthemum_assimile,0.8970713,0.1029287
Psychotria_febrifuga,0.8819172,0.11808283
Galium_sojakii,0.8970713,0.1029287
Psychotria_vomensis,0.88748026,0.11251972
Psychotria_terniflora,0.8774797,0.12252036
