"accepted_species","estimate"
"t43",0.290226679106123
"t31",-0.465605686312632
"t56",-0.137487879414736
"t57",-0.137487879414736
"t17",-0.137487879414736
"t18",-0.137487879414736
"t67",-0.147977426578409
"t68",-0.147977426578409
"t95",-0.147977426578409
"t96",-0.147977426578409
