"accepted_species","estimate"
"t43",0.290226679106122
"t31",-0.465605686312634
"t56",-0.137487879414739
"t57",-0.137487879414739
"t17",-0.137487879414739
"t18",-0.137487879414739
"t67",-0.147977426578414
"t68",-0.147977426578414
"t95",-0.147977426578414
"t96",-0.147977426578414
