accepted_species,0,1
sp222,0.9326176367657149,0.06738236323428515
sp245,0.9372850113549887,0.06271498864501135
sp284,0.9283792533249898,0.0716207466750102
sp309,0.9094424667345324,0.0905575332654676
sp318,0.9479559643780048,0.05204403562199522
sp319,0.9441095462571143,0.055890453742885725
sp322,0.9133049562556397,0.08669504374436035
sp323,0.9109921906712644,0.0890078093287357
sp338,0.902529253772713,0.09747074622728699
sp339,0.9263464202602809,0.07365357973971906
