accepted_species,0,1
sp222,0.95277333,0.047226664
sp245,0.7288773,0.27112266
sp284,0.80702096,0.19297904
sp309,0.7648379,0.2351621
sp318,0.95103085,0.048969157
sp319,0.95103085,0.048969157
sp322,0.7648379,0.2351621
sp323,0.7269869,0.2730131
sp338,0.6824733,0.3175267
sp339,0.6824733,0.3175267
