accepted_species,0,1
sp47,0.6442017850473085,0.35579821495269154
sp67,0.6634798035944895,0.33652019640551045
sp82,0.8907343539504377,0.1092656460495623
sp115,0.9219562736443526,0.0780437263556474
sp119,0.781796625830669,0.21820337416933103
sp142,0.3775301148721627,0.6224698851278373
sp157,0.743226161622406,0.25677383837759404
sp162,0.644295515594371,0.35570448440562896
sp164,0.9236255636675195,0.07637443633248048
sp165,0.9406509185094492,0.05934908149055081
