accepted_species,0,1
sp47,0.6885725204359956,0.3114274795640044
sp67,0.6863923761116155,0.3136076238883844
sp82,0.6888494473333058,0.3111505526666943
sp115,0.6921126043149871,0.3078873956850129
sp119,0.6918006104743502,0.3081993895256498
sp142,0.6832427347022062,0.3167572652977938
sp157,0.6913370731970758,0.3086629268029242
sp162,0.6907741186400903,0.3092258813599097
sp164,0.6885795726342091,0.3114204273657909
sp165,0.6885795726342091,0.3114204273657909
