accepted_species,estimate
t79,1.413872926113318
t43,1.1164632319015968
t94,0.3732617923311182
t82,0.5171943488467323
t99,-1.0565857222642638
t97,-1.0504988489340643
t77,-1.0621858276044742
t20,-1.0461613106239878
t8,-1.2290487357384634
t69,-1.2759897198549779
