accepted_species,estimate
t79,1.4455119
t43,1.2594663
t94,0.39433312
t82,0.18185791
t99,-1.4450153
t97,-0.8565218
t77,-1.099901
t20,-0.31135464
t8,-0.94432276
t69,-0.8624319
