accepted_species,0,1
t5,0.79902416,0.20097582
t81,0.79902416,0.20097582
t82,0.79902416,0.20097582
t93,0.28028756,0.71971244
t94,0.28028756,0.71971244
t44,0.28028756,0.71971244
t22,0.28028756,0.71971244
t75,0.28028756,0.71971244
t76,0.28028756,0.71971244
t15,0.28028756,0.71971244
