accepted_species,0,1
t5,0.64308244,0.35691756
t81,0.6597549,0.3402451
t82,0.6597549,0.3402451
t93,0.6216494,0.37835062
t94,0.6216494,0.37835062
t44,0.6216494,0.37835062
t22,0.6216494,0.37835062
t75,0.6387607,0.3612393
t76,0.6387607,0.3612393
t15,0.6216494,0.37835062
