accepted_species,0,1
sp48,0.8555555555555556,0.14444444444444443
sp56,0.8555555555555556,0.14444444444444443
sp58,0.8555555555555556,0.14444444444444443
sp59,0.8555555555555556,0.14444444444444443
sp60,0.8555555555555556,0.14444444444444443
sp64,0.8555555555555556,0.14444444444444443
sp70,0.8555555555555556,0.14444444444444443
sp89,1.0,0.0
sp90,1.0,0.0
sp101,1.0,0.0
