accepted_species,0,1
sp48,0.22161531,0.7783847
sp56,0.97914034,0.020859638
sp58,0.99218684,0.007813175
sp59,0.99218684,0.007813175
sp60,0.46994424,0.53005576
sp64,0.9883886,0.0116113955
sp70,0.9381245,0.061875515
sp89,0.97282195,0.027178075
sp90,0.99470764,0.005292327
sp101,0.8253354,0.17466465
