"accepted_species","0","1"
"t23",0.499999620390835,0.500000379609165
"t40",0.49998344250798,0.50001655749202
"t48",0.500034836982037,0.499965163017963
"t63",0.500375294198838,0.499624705801162
"t75",0.495457939446393,0.504542060553607
"t111",0.500002675177795,0.499997324822205
"t119",0.591203204931545,0.408796795068455
"t127",0.643055681681185,0.356944318318815
"t135",0.179860576022904,0.820139423977096
"t142",0.0570038390126908,0.942996160987309
