accepted_species,0,1
t33,0.50306600610667,0.49693399389333004
t68,0.6216925770876747,0.37830742291232533
t73,0.43137244901282334,0.5686275509871767
t77,0.4763674751693068,0.5236325248306932
t86,0.2400271926701888,0.7599728073298112
t91,0.6630678411554112,0.3369321588445889
t128,0.2725001010849132,0.7274998989150868
t141,0.6161973736007318,0.38380262639926827
t155,0.830793637156477,0.16920636284352297
t157,0.849536659622559,0.15046334037744102
