accepted_species,0,1
t23,0.4444444444444444,0.5555555555555556
t40,0.4444444444444444,0.5555555555555556
t48,0.4444444444444444,0.5555555555555556
t63,0.4444444444444444,0.5555555555555556
t75,0.4444444444444444,0.5555555555555556
t111,0.4444444444444444,0.5555555555555556
t119,0.4444444444444444,0.5555555555555556
t127,0.4444444444444444,0.5555555555555556
t135,0.0,1.0
t142,0.0,1.0
