accepted_species,0,1
t23,0.548167,0.45183298
t40,0.31312096,0.68687904
t48,0.47472137,0.5252786
t63,0.35515988,0.6448401
t75,0.27544844,0.72455156
t111,0.46664816,0.53335184
t119,0.544238,0.45576206
t127,0.35224003,0.64776
t135,0.25993246,0.74006754
t142,0.2391414,0.7608586
