accepted_species,0,1
t33,0.6397299,0.36027008
t68,0.6397299,0.36027008
t73,0.6397299,0.36027008
t77,0.47860783,0.52139217
t86,0.47860783,0.52139217
t91,0.6397299,0.36027008
t128,0.4969344,0.5030656
t141,0.6397299,0.36027008
t155,0.6397299,0.36027008
t157,0.6397299,0.36027008
