accepted_species,0,1
t54,0.066266954,0.93373305
t55,0.066266954,0.93373305
t82,0.066266954,0.93373305
t83,0.066266954,0.93373305
t136,0.066266954,0.93373305
t48,0.066266954,0.93373305
t79,0.066266954,0.93373305
t91,0.066266954,0.93373305
t92,0.066266954,0.93373305
t18,0.066266954,0.93373305
t49,0.066266954,0.93373305
t60,0.066266954,0.93373305
t61,0.066266954,0.93373305
