accepted_species,estimate
t84,0.2111209133406552
t33,0.20953261961438444
t12,0.20276184152130614
t46,0.2380017559515676
t68,0.23918773375447755
t54,0.2363159315831786
t55,0.23631593158317815
t21,0.22816824888670315
t91,0.23031625182178891
t92,0.23031625182179025
