accepted_species,estimate
t84,-0.015848244393139144
t33,0.3456642031560764
t12,1.2043504168544354
t46,1.3761584804498088
t68,1.1268088156799312
t54,1.8991880370225336
t55,2.0367610195750596
t21,1.2870706993646008
t91,1.5220503872231037
t92,1.5157522086487774
