accepted_species,estimate
t84,0.42511758
t33,0.2215632
t12,0.2215632
t46,0.07043075
t68,-0.008490363
t54,0.07043075
t55,0.07043075
t21,0.15556633
t91,0.15556633
t92,0.15556633
