"accepted_species","0","1"
"t14",0.499825647901393,0.500174352098607
"t20",0.500511156847711,0.499488843152289
"t34",0.494802908800689,0.505197091199311
"t42",0.509651707394616,0.490348292605384
"t62",0.564131901024955,0.435868098975045
"t64",0.60359101621939,0.39640898378061
"t66",0.565176541959531,0.434823458040469
"t81",0.720404375410917,0.279595624589083
"t83",0.776464254713557,0.223535745286443
"t86",0.760545792696286,0.239454207303714
