"accepted_species","0","1"
"t40",0.377975997704372,0.622024002295628
"t81",0.377802673950596,0.622197326049404
"t82",0.37743151998586,0.62256848001414
"t126",0.48805214930023,0.51194785069977
"t128",0.334022783870986,0.665977216129014
"t142",0.614529193404476,0.385470806595524
"t144",0.205382985375917,0.794617014624083
"t151",0.834496073661852,0.165503926338148
"t153",0.860416816127751,0.139583183872249
"t158",0.888977853914459,0.111022146085541
