accepted_species,0,1
t40,0.36880607732107895,0.631193922678921
t81,0.20454728496604624,0.7954527150339538
t82,0.3615909780453177,0.6384090219546823
t126,0.3637156100538719,0.6362843899461281
t128,0.7581658844114046,0.24183411558859533
t142,0.2875743282805856,0.7124256717194144
t144,0.3333435257053231,0.6666564742946769
t151,0.34553468484495853,0.6544653151550415
t153,0.3303331851972672,0.6696668148027328
t158,0.33795422031403555,0.6620457796859645
