accepted_species,0,1
t40,0.37654995663722357,0.6234500433627764
t81,0.37669213740269203,0.623307862597308
t82,0.3725081549043423,0.6274918450956577
t126,0.37663580061034585,0.6233641993896541
t128,0.3738936774755732,0.6261063225244268
t142,0.3730509653186005,0.6269490346813995
t144,0.3734631768000831,0.6265368231999169
t151,0.3724634886536471,0.6275365113463529
t153,0.37282664995088766,0.6271733500491123
t158,0.376840102642895,0.623159897357105
