accepted_species,0,1
t95,0.6127010377227811,0.3872989622772189
t152,0.6127010377227812,0.38729896227721883
t171,0.634909192134041,0.36509080786595904
t174,0.6349091921340408,0.36509080786595915
t187,0.6349091921340408,0.36509080786595915
t188,0.6349091921340408,0.36509080786595915
t203,0.5273191908256942,0.4726808091743058
t210,0.634909192134041,0.36509080786595904
t211,0.634909192134041,0.36509080786595904
t231,0.23051894228581638,0.7694810577141836
