accepted_species,0,1
t40,0.35514963,0.6448504
t81,0.35226917,0.6477308
t82,0.32660913,0.67339087
t126,0.39587992,0.6041201
t128,0.3918432,0.6081568
t142,0.44258875,0.55741125
t144,0.40641493,0.5935851
t151,0.35723233,0.64276767
t153,0.39119643,0.6088036
t158,0.4195804,0.5804196
