accepted_species,0,1
t40,0.52494967,0.47505033
t81,0.18133807,0.8186619
t82,0.20316476,0.79683524
t126,0.52494967,0.47505033
t128,0.4300059,0.5699941
t142,0.5279777,0.47202227
t144,0.22639203,0.77360797
t151,0.4030983,0.5969017
t153,0.41781116,0.58218884
t158,0.52494967,0.47505033
