accepted_species,0,1
t40,0.35872483,0.64127517
t81,0.26262045,0.73737955
t82,0.30041474,0.69958526
t126,0.44143337,0.55856663
t128,0.48979616,0.51020384
t142,0.40391093,0.59608907
t144,0.3634631,0.6365369
t151,0.3617227,0.6382773
t153,0.39956653,0.60043347
t158,0.37793422,0.6220658
