"accepted_species","0","1"
"t27",0.0578504463369439,0.942149553663056
"t40",0.052501674187258,0.947498325812742
"t22",0.655250023733859,0.344749976266141
"t7",0.639234067494917,0.360765932505083
"t8",0.639234067494917,0.360765932505083
"t63",0.665597590943601,0.334402409056399
"t36",0.658510081443322,0.341489918556678
"t84",0.685303687448385,0.314696312551615
"t46",0.565614351739551,0.434385648260449
"t62",0.627901229686315,0.372098770313685
