accepted_species,0,1
t27,0.17756510021776728,0.8224348997822327
t40,0.17639646796127229,0.8236035320387277
t22,0.45359263053328813,0.5464073694667119
t7,0.45275516219535106,0.5472448378046489
t8,0.4562335065892511,0.5437664934107489
t63,0.45635623391719227,0.5436437660828077
t36,0.7862836357480103,0.21371636425198967
t84,0.7896700551762075,0.21032994482379247
t46,0.5599729259392913,0.44002707406070873
t62,0.13453715971558755,0.8654628402844124
