accepted_species,estimate
t83,-0.603015523786649
t48,-0.8462749052100955
t49,-1.0136369795190026
t17,-0.7170735416255367
t8,1.076559009862941
t96,1.0664434106839675
t58,1.3329546506858316
t6,1.0575068354778543
t52,0.975883818040454
t94,0.08116951310574713
