"accepted_species","0","1"
"t97",0.618594099036172,0.381405900963828
"t138",0.618594098577278,0.381405901422722
"t194",0.618594107488896,0.381405892511104
"t199",0.618594099036403,0.381405900963597
"t200",0.618580048992875,0.381419951007125
"t219",0.618640874252642,0.381359125747358
"t235",0.618594099036403,0.381405900963597
"t253",0.654704748732039,0.345295251267961
"t264",0.618594099036403,0.381405900963597
"t265",0.219197360324801,0.780802639675199
