accepted_species,0,1
t97,0.6050177024705571,0.3949822975294429
t138,0.6105935373316032,0.3894064626683969
t194,0.6125705848729524,0.3874294151270477
t199,0.6437134829446525,0.3562865170553476
t200,0.6104544697190954,0.3895455302809045
t219,0.6515208016209371,0.34847919837906294
t235,0.6437134829446524,0.35628651705534764
t253,0.6144716228630234,0.3855283771369766
t264,0.6436365958177988,0.35636340418220125
t265,0.6124243762906749,0.38757562370932513
