accepted_species,0,1
t97,0.6217575734010478,0.37824242659895224
t138,0.6162646012970039,0.38373539870299606
t194,0.6232498286287728,0.37675017137122724
t199,0.6217498537248758,0.3782501462751242
t200,0.6162748604037988,0.38372513959620125
t219,0.6270170140048748,0.3729829859951253
t235,0.6218366526026808,0.3781633473973192
t253,0.6173216316629684,0.3826783683370316
t264,0.6217157479947356,0.3782842520052644
t265,0.6171644242409722,0.3828355757590279
