accepted_species,0,1
t191,0.8534176636900873,0.14658233630991266
t198,0.8519765834935675,0.1480234165064325
t211,0.8556022299715706,0.14439777002842938
t236,0.86764970577159,0.13235029422841008
t247,0.8678158935057847,0.13218410649421528
t258,0.8515556991275682,0.1484443008724318
t271,0.85266523287996,0.14733476712004007
t282,0.839357345153511,0.16064265484648896
t283,0.8327527654929077,0.1672472345070923
t286,0.8690789348668586,0.1309210651331414
