accepted_species,0,1
t97,0.6267554,0.37324458
t138,0.55360603,0.44639394
t194,0.6042007,0.39579928
t199,0.68060017,0.31939983
t200,0.54753864,0.4524614
t219,0.66928697,0.33071306
t235,0.68060017,0.31939983
t253,0.6469214,0.35307863
t264,0.68060017,0.31939983
t265,0.57264656,0.42735344
