accepted_species,0,1
t97,0.6008931,0.39910692
t138,0.59651744,0.4034826
t194,0.58660704,0.41339296
t199,0.6525637,0.3474363
t200,0.59398216,0.40601784
t219,0.6887943,0.3112057
t235,0.6525637,0.3474363
t253,0.5965326,0.4034674
t264,0.6525637,0.3474363
t265,0.5817075,0.41829255
