"accepted_species","0","1"
"sp29",0.74504445657801,0.25495554342199
"sp39",0.720229817618715,0.279770182381285
"sp43",0.729350180489879,0.270649819510121
"sp50",0.742811761505569,0.257188238494431
"sp57",0.849091771462373,0.150908228537627
"sp86",0.838159296811965,0.161840703188035
"sp87",0.838159296811965,0.161840703188035
"sp119",0.939441901058329,0.0605580989416708
"sp120",0.939441901058329,0.0605580989416708
"sp122",0.985261492018421,0.0147385079815786
