accepted_species,0,1
sp29,0.7354370539513504,0.26456294604864955
sp39,0.731479977932437,0.26852002206756304
sp43,0.7314313293210317,0.2685686706789682
sp50,0.7326020625112626,0.2673979374887374
sp57,0.7359309003049955,0.26406909969500447
sp86,0.7356259133257272,0.26437408667427276
sp87,0.7356259133257272,0.26437408667427276
sp119,0.7311176549521261,0.26888234504787395
sp120,0.7311176549521261,0.26888234504787395
sp122,0.7359967030855551,0.2640032969144449
