accepted_species,0,1
sp29,0.9329159,0.06708407
sp39,0.8173826,0.18261744
sp43,0.8531767,0.14682326
sp50,0.8309031,0.16909687
sp57,0.9690132,0.030986778
sp86,0.9400032,0.059996795
sp87,0.95308405,0.046915952
sp119,0.8729994,0.12700059
sp120,0.8729994,0.12700059
sp122,0.9921405,0.007859502
