"accepted_species","0","1"
"t39",0.26473658112193,0.73526341887807
"t50",0.264718502030948,0.735281497969053
"t57",0.26473689393104,0.73526310606896
"t62",0.264736719536676,0.735263280463324
"t77",0.265898330200742,0.734101669799258
"t78",0.265932204550745,0.734067795449255
"t96",0.285238152081639,0.714761847918361
"t116",0.209219656549248,0.790780343450752
"t126",0.150108939283969,0.849891060716031
"t129",0.837668018835888,0.162331981164112
