"accepted_species","0","1"
"t8",0.397209812930825,0.602790187069175
"t19",0.397209812930824,0.602790187069176
"t25",0.397209812930824,0.602790187069176
"t26",0.397209812930825,0.602790187069175
"t55",0.397209812325854,0.602790187674146
"t65",0.397209836917065,0.602790163082935
"t83",0.397163692467764,0.602836307532236
"t85",0.397434157744039,0.602565842255961
"t89",0.399224089294874,0.600775910705126
"t100",0.215782800673017,0.784217199326983
