accepted_species,0,1
t39,0.25560302613931674,0.7443969738606833
t50,0.2530917394129282,0.7469082605870718
t57,0.2596451346178962,0.7403548653821038
t62,0.25257942752419005,0.74742057247581
t77,0.2525816196135773,0.7474183803864227
t78,0.25438418463541745,0.7456158153645825
t96,0.25399160087808004,0.74600839912192
t116,0.2520814001390431,0.7479185998609569
t126,0.25530536524142067,0.7446946347585793
t129,0.25254021777286884,0.7474597822271312
