accepted_species,0,1
t8,0.4118962814574634,0.5881037185425366
t19,0.3590790299135409,0.6409209700864591
t25,0.4064973204537853,0.5935026795462147
t26,0.40924391881151123,0.5907560811884888
t55,0.27170825509262175,0.7282917449073782
t65,0.43920098996048285,0.5607990100395172
t83,0.27150610832190014,0.7284938916780999
t85,0.3584362513009073,0.6415637486990927
t89,0.42026960777404154,0.5797303922259585
t100,0.4153553241423188,0.5846446758576812
