accepted_species,0,1
t39,0.28334373,0.71665627
t50,0.19646442,0.8035356
t57,0.29877895,0.70122105
t62,0.21593446,0.78406554
t77,0.20013809,0.7998619
t78,0.2239604,0.7760396
t96,0.26898462,0.7310154
t116,0.21753454,0.78246546
t126,0.2338512,0.7661488
t129,0.21054935,0.78945065
