accepted_species,0,1
t8,0.39561838,0.6043816
t19,0.33325803,0.66674197
t25,0.34738111,0.6526189
t26,0.33870924,0.66129076
t55,0.3155591,0.6844409
t65,0.4624766,0.5375234
t83,0.3155591,0.6844409
t85,0.32611436,0.67388564
t89,0.4169132,0.5830868
t100,0.47818577,0.5218142
