accepted_species,0,1
t66,0.29747742,0.7025226
t67,0.16037256,0.83962744
t29,0.4095543,0.5904457
t79,0.98283297,0.01716702
t108,0.98283297,0.01716702
t103,0.98283297,0.01716702
t27,0.98473305,0.015266969
t25,0.98283297,0.01716702
t80,0.98473305,0.015266969
t65,0.93277967,0.067220315
t107,0.98283297,0.01716702
t96,0.246634,0.753366
t97,0.246634,0.753366
t11,0.016251087,0.9837489
