accepted_species,0,1
t66,0.060901284,0.9390987
t67,0.5219536,0.4780464
t29,0.97243816,0.027561858
t79,0.97243816,0.027561858
t108,0.97243816,0.027561858
t103,0.97243816,0.027561858
t27,0.97243816,0.027561858
t25,0.97243816,0.027561858
t80,0.97243816,0.027561858
t65,0.97243816,0.027561858
t107,0.97243816,0.027561858
t96,0.060901284,0.9390987
t97,0.060901284,0.9390987
t11,0.033356547,0.96664345
