"accepted_species","estimate"
"t57",-0.0390562055090583
"t98",-0.0390562055090583
"t39",-0.0390562055090583
"t74",-0.0390562055090583
"t45",-0.0390562055090583
"t83",-0.0390562055090583
"t59",-0.0390562055090583
"t65",-0.0390562055090583
"t34",-0.0390562055090583
"t62",-0.0390562055090583
