accepted_species,0
t48,0.03913579279919429
t44,0.03913579279919429
t54,0.03913579279919429
t10,0.03913579279919429
t65,0.03913579279919429
t98,-1.34660495619586
t39,0.03913579279919429
t40,0.03913579279919429
t25,0.03913579279919429
t82,0.03913579279919429
