accepted_species,0,1
t63,0.9980932172572087,0.001906782742791376
t100,0.9988327054302152,0.0011672945697848434
t57,0.002033220091486432,0.9979667799085136
t73,0.001723605085174773,0.9982763949148252
t4,0.0018249649843967708,0.9981750350156032
t8,0.0023662235701517043,0.9976337764298483
t23,0.0006506968304198502,0.9993493031695801
t51,0.0010748438335740351,0.998925156166426
t76,0.0009124464191692105,0.9990875535808308
t31,0.0011248597525782555,0.9988751402474217
