accepted_species,0,1
t63,0.97009605,0.029903939
t100,0.97009605,0.029903939
t57,0.017312825,0.9826872
t73,0.017312825,0.9826872
t4,0.017312825,0.9826872
t8,0.017312825,0.9826872
t23,0.017312825,0.9826872
t51,0.017312825,0.9826872
t76,0.017312825,0.9826872
t31,0.017312825,0.9826872
