accepted_species,0,1
t118,0.006491542,0.99350846
t61,0.006491542,0.99350846
t56,0.0051068068,0.9948932
t151,0.0114684105,0.9885316
t97,0.03284502,0.967155
t59,0.039301157,0.96069884
t73,0.008469105,0.9915309
t148,0.008469105,0.9915309
t30,0.009344161,0.99065584
t20,0.0011383295,0.9988617
t108,0.0057955384,0.99420446
t90,0.0057955384,0.99420446
t48,0.0057955384,0.99420446
t81,0.0057955384,0.99420446
t27,0.0057955384,0.99420446
t43,0.0057955384,0.99420446
t21,0.0018930435,0.99810696
