accepted_species,0,1
t90,0.5777777777777777,0.4222222222222222
t97,0.5777777777777777,0.4222222222222222
t106,0.5777777777777777,0.4222222222222222
t116,0.5777777777777777,0.4222222222222222
t120,0.5777777777777777,0.4222222222222222
t145,0.5777777777777777,0.4222222222222222
t148,0.5777777777777777,0.4222222222222222
t149,0.5777777777777777,0.4222222222222222
t189,1.0,0.0
t206,1.0,0.0
