"accepted_species","0","1"
"sp366",0.217108774551193,0.782891225448807
"sp397",0.154099634754697,0.845900365245303
"sp402",0.320385339470603,0.679614660529397
"sp409",0.256843451437321,0.743156548562679
"sp410",0.256843451437321,0.743156548562679
"sp415",0.142347199144659,0.857652800855341
"sp428",0.120038037926428,0.879961962073572
"sp451",0.82942040641018,0.17057959358982
"sp454",0.923875554818619,0.076124445181381
"sp462",0.999168264450812,0.00083173554918757
