accepted_species,0,1
sp366,0.16822213,0.8317779
sp397,0.046667814,0.9533322
sp402,0.3046807,0.6953193
sp409,0.13768697,0.86231303
sp410,0.2575122,0.7424878
sp415,0.33234346,0.66765654
sp428,0.4811566,0.5188434
sp451,0.7014433,0.29855666
sp454,0.45261192,0.5473881
sp462,0.9782398,0.021760197
