accepted_species,0,1
t70,0.1333333333333333,0.8666666666666667
t82,0.1333333333333333,0.8666666666666667
t83,0.1333333333333333,0.8666666666666667
t80,0.1333333333333333,0.8666666666666667
t71,0.1333333333333333,0.8666666666666667
t72,0.1333333333333333,0.8666666666666667
t67,0.1333333333333333,0.8666666666666667
t95,0.1333333333333333,0.8666666666666667
t96,0.1333333333333333,0.8666666666666667
t43,0.1333333333333333,0.8666666666666667
