accepted_species,0,1
t70,0.0015537143,0.9984463
t82,0.0015537143,0.9984463
t83,0.0015537143,0.9984463
t80,0.0015537143,0.9984463
t71,0.0032353401,0.99676466
t72,0.0032353401,0.99676466
t67,0.0032353401,0.99676466
t95,0.007112801,0.9928872
t96,0.007112801,0.9928872
t43,0.0032353401,0.99676466
