accepted_species,0,1
Gentianella_sandiensis,0.9927072,0.007292836
Petchia_humbertii,0.7551644,0.24483562
Alyxia_buxifolia,0.9667244,0.03327561
Pachycarpus_dealbatus,0.4276998,0.5723002
Timonius_bracteatus,0.9945702,0.005429791
Crucianella_divaricata,0.9617902,0.038209796
Faramea_oblongifolia,0.9850887,0.014911322
Neobracea_martiana,0.6816673,0.31833267
Exacum_naviculare,0.99467283,0.005327175
Gentiana_verna,0.9927072,0.007292836
