accepted_species,0,1
Gentianella_sandiensis,0.870858,0.12914197
Petchia_humbertii,0.870858,0.12914197
Alyxia_buxifolia,0.870858,0.12914197
Pachycarpus_dealbatus,0.8214704,0.17852964
Timonius_bracteatus,0.8214704,0.17852964
Crucianella_divaricata,0.925612,0.07438804
Faramea_oblongifolia,0.870858,0.12914197
Neobracea_martiana,0.8214704,0.17852964
Exacum_naviculare,0.870858,0.12914197
Gentiana_verna,0.870858,0.12914197
