"accepted_species","0","1"
"Geniostoma_venosum","0.995522255352772","0.00447774464722768"
"Rustia_thibaudioides","0.995847606949339","0.00415239305066099"
"Calycosiphonia_spathicalyx","0.995809719562399","0.00419028043760071"
"Psychotria_tripedunculata","0.999999986638902","1.33610979780404e-08"
"Psychotria_flagelliflora","0.999999986638902","1.33610979780404e-08"
"Hoya_martinii","0.999999412541675","5.87458325480205e-07"
"Pavetta_macropoda","0.999999834620806","1.65379194172766e-07"
"Aleisanthiopsis_distantiflora","0.999506143519382","0.000493856480618164"
"Virectaria_belingana","0.99480467953777","0.00519532046222975"
"Oldenlandia_schaeferi","0.981071048274334","0.018928951725666"
