"","t16","t26","t63","t64","t57","t97","t98","t13","t46","t47","t22","t23","t28","t29","t2","t48","t67","t68","t62","t31","t76","t77","t25","t65","t66","t3","t1","t5","t80","t91","t92","t9","t10","t49","t85","t86","t21","t44","t45","t12","t41","t42","t43","t78","t79","t17","t27","t59","t60","t51","t52","t81","t82","t6","t95","t96","t7","t8","t83","t84","t36","t11","t15","t38","t39","t89","t90","t40","t61","t69","t70","t19","t93","t94","t20","t53","t54","t99","t100","t37","t4","t14","t55","t56","t50","t75","t87","t88","t58","t71","t72","t18","t32","t33","t34","t35","t24","t30","t73","t74"
"t16",0,1.59421272197,1.59421272195,1.59421272195,1.59421272197,1.59421272196,1.59421272196,1.76150954862,2.27462174632,2.27462174632,2.50227094484,2.50227094484,2.50227094483,2.50227094483,4.27847163392,4.27847163382,4.278471633807,4.278471633807,4.27847163382,7.70833378092,7.70833378092,7.70833378092,7.70833378072,7.70833378072,7.70833378072,7.70833378092,7.70833378082,7.70833378102,7.70833378106,7.70833378106,7.70833378106,7.70833378022,7.70833378022,7.7083337803,7.70833378038,7.70833378038,7.7083337807,7.7083337807,7.7083337807,7.70833378072,7.70833378062,7.70833378065,7.70833378065,7.70833378032,7.70833378032,7.70833378058,7.70833378058,7.70833378058,7.70833378058,7.7083337806,7.7083337806,7.70833378065,7.70833378065,7.70833377982,7.70833378027,7.70833378027,7.81663743928,7.816637439933,7.816637439703,7.816637439703,7.816637439733,7.81663743975,7.81663743975,7.81663743975,7.81663743975,7.81663743972,7.81663743972,7.81663743966,7.81663743966,7.81663743964,7.81663743964,7.8166374397,7.81663743964,7.81663743964,7.81663743965,7.81663743965,7.81663743965,7.8166374397816,7.8166374397816,7.81663743975,7.81663743978,7.81663743968,7.81663743967,7.81663743967,7.81663743963,7.81663743973,7.81663743973,7.81663743973,7.81663743968,7.81663743978,7.81663743978,7.81663743968,7.81663743958,7.81663743958,7.81663743978,7.81663743978,7.81663743978,7.81663743978,7.81663743968,7.81663743968
"t26",1.59421272197,0,1.31544445558,1.31544445558,1.3154444556,1.39731803597,1.39731803597,1.76150954859,2.27462174629,2.27462174629,2.50227094481,2.50227094481,2.5022709448,2.5022709448,4.27847163389,4.27847163379,4.278471633777,4.278471633777,4.27847163379,7.70833378089,7.70833378089,7.70833378089,7.70833378069,7.70833378069,7.70833378069,7.70833378089,7.70833378079,7.70833378099,7.70833378103,7.70833378103,7.70833378103,7.70833378019,7.70833378019,7.70833378027,7.70833378035,7.70833378035,7.70833378067,7.70833378067,7.70833378067,7.70833378069,7.70833378059,7.70833378062,7.70833378062,7.70833378029,7.70833378029,7.70833378055,7.70833378055,7.70833378055,7.70833378055,7.70833378057,7.70833378057,7.70833378062,7.70833378062,7.70833377979,7.70833378024,7.70833378024,7.81663743925,7.816637439903,7.816637439673,7.816637439673,7.816637439703,7.81663743972,7.81663743972,7.81663743972,7.81663743972,7.81663743969,7.81663743969,7.81663743963,7.81663743963,7.81663743961,7.81663743961,7.81663743967,7.81663743961,7.81663743961,7.81663743962,7.81663743962,7.81663743962,7.8166374397516,7.8166374397516,7.81663743972,7.81663743975,7.81663743965,7.81663743964,7.81663743964,7.8166374396,7.8166374397,7.8166374397,7.8166374397,7.81663743965,7.81663743975,7.81663743975,7.81663743965,7.81663743955,7.81663743955,7.81663743975,7.81663743975,7.81663743975,7.81663743975,7.81663743965,7.81663743965
"t63",1.59421272195,1.31544445558,0,0.4161524262,0.55261330958,1.39731803595,1.39731803595,1.76150954857,2.27462174627,2.27462174627,2.50227094479,2.50227094479,2.50227094478,2.50227094478,4.27847163387,4.27847163377,4.278471633757,4.278471633757,4.27847163377,7.70833378087,7.70833378087,7.70833378087,7.70833378067,7.70833378067,7.70833378067,7.70833378087,7.70833378077,7.70833378097,7.70833378101,7.70833378101,7.70833378101,7.70833378017,7.70833378017,7.70833378025,7.70833378033,7.70833378033,7.70833378065,7.70833378065,7.70833378065,7.70833378067,7.70833378057,7.7083337806,7.7083337806,7.70833378027,7.70833378027,7.70833378053,7.70833378053,7.70833378053,7.70833378053,7.70833378055,7.70833378055,7.7083337806,7.7083337806,7.70833377977,7.70833378022,7.70833378022,7.81663743923,7.816637439883,7.816637439653,7.816637439653,7.816637439683,7.8166374397,7.8166374397,7.8166374397,7.8166374397,7.81663743967,7.81663743967,7.81663743961,7.81663743961,7.81663743959,7.81663743959,7.81663743965,7.81663743959,7.81663743959,7.8166374396,7.8166374396,7.8166374396,7.8166374397316,7.8166374397316,7.8166374397,7.81663743973,7.81663743963,7.81663743962,7.81663743962,7.81663743958,7.81663743968,7.81663743968,7.81663743968,7.81663743963,7.81663743973,7.81663743973,7.81663743963,7.81663743953,7.81663743953,7.81663743973,7.81663743973,7.81663743973,7.81663743973,7.81663743963,7.81663743963
"t64",1.59421272195,1.31544445558,0.4161524262,0,0.55261330958,1.39731803595,1.39731803595,1.76150954857,2.27462174627,2.27462174627,2.50227094479,2.50227094479,2.50227094478,2.50227094478,4.27847163387,4.27847163377,4.278471633757,4.278471633757,4.27847163377,7.70833378087,7.70833378087,7.70833378087,7.70833378067,7.70833378067,7.70833378067,7.70833378087,7.70833378077,7.70833378097,7.70833378101,7.70833378101,7.70833378101,7.70833378017,7.70833378017,7.70833378025,7.70833378033,7.70833378033,7.70833378065,7.70833378065,7.70833378065,7.70833378067,7.70833378057,7.7083337806,7.7083337806,7.70833378027,7.70833378027,7.70833378053,7.70833378053,7.70833378053,7.70833378053,7.70833378055,7.70833378055,7.7083337806,7.7083337806,7.70833377977,7.70833378022,7.70833378022,7.81663743923,7.816637439883,7.816637439653,7.816637439653,7.816637439683,7.8166374397,7.8166374397,7.8166374397,7.8166374397,7.81663743967,7.81663743967,7.81663743961,7.81663743961,7.81663743959,7.81663743959,7.81663743965,7.81663743959,7.81663743959,7.8166374396,7.8166374396,7.8166374396,7.8166374397316,7.8166374397316,7.8166374397,7.81663743973,7.81663743963,7.81663743962,7.81663743962,7.81663743958,7.81663743968,7.81663743968,7.81663743968,7.81663743963,7.81663743973,7.81663743973,7.81663743963,7.81663743953,7.81663743953,7.81663743973,7.81663743973,7.81663743973,7.81663743973,7.81663743963,7.81663743963
"t57",1.59421272197,1.3154444556,0.55261330958,0.55261330958,0,1.39731803597,1.39731803597,1.76150954859,2.27462174629,2.27462174629,2.50227094481,2.50227094481,2.5022709448,2.5022709448,4.27847163389,4.27847163379,4.278471633777,4.278471633777,4.27847163379,7.70833378089,7.70833378089,7.70833378089,7.70833378069,7.70833378069,7.70833378069,7.70833378089,7.70833378079,7.70833378099,7.70833378103,7.70833378103,7.70833378103,7.70833378019,7.70833378019,7.70833378027,7.70833378035,7.70833378035,7.70833378067,7.70833378067,7.70833378067,7.70833378069,7.70833378059,7.70833378062,7.70833378062,7.70833378029,7.70833378029,7.70833378055,7.70833378055,7.70833378055,7.70833378055,7.70833378057,7.70833378057,7.70833378062,7.70833378062,7.70833377979,7.70833378024,7.70833378024,7.81663743925,7.816637439903,7.816637439673,7.816637439673,7.816637439703,7.81663743972,7.81663743972,7.81663743972,7.81663743972,7.81663743969,7.81663743969,7.81663743963,7.81663743963,7.81663743961,7.81663743961,7.81663743967,7.81663743961,7.81663743961,7.81663743962,7.81663743962,7.81663743962,7.8166374397516,7.8166374397516,7.81663743972,7.81663743975,7.81663743965,7.81663743964,7.81663743964,7.8166374396,7.8166374397,7.8166374397,7.8166374397,7.81663743965,7.81663743975,7.81663743975,7.81663743965,7.81663743955,7.81663743955,7.81663743975,7.81663743975,7.81663743975,7.81663743975,7.81663743965,7.81663743965
"t97",1.59421272196,1.39731803597,1.39731803595,1.39731803595,1.39731803597,0,0.03165889556,1.76150954858,2.27462174628,2.27462174628,2.5022709448,2.5022709448,2.50227094479,2.50227094479,4.27847163388,4.27847163378,4.278471633767,4.278471633767,4.27847163378,7.70833378088,7.70833378088,7.70833378088,7.70833378068,7.70833378068,7.70833378068,7.70833378088,7.70833378078,7.70833378098,7.70833378102,7.70833378102,7.70833378102,7.70833378018,7.70833378018,7.70833378026,7.70833378034,7.70833378034,7.70833378066,7.70833378066,7.70833378066,7.70833378068,7.70833378058,7.70833378061,7.70833378061,7.70833378028,7.70833378028,7.70833378054,7.70833378054,7.70833378054,7.70833378054,7.70833378056,7.70833378056,7.70833378061,7.70833378061,7.70833377978,7.70833378023,7.70833378023,7.81663743924,7.816637439893,7.816637439663,7.816637439663,7.816637439693,7.81663743971,7.81663743971,7.81663743971,7.81663743971,7.81663743968,7.81663743968,7.81663743962,7.81663743962,7.8166374396,7.8166374396,7.81663743966,7.8166374396,7.8166374396,7.81663743961,7.81663743961,7.81663743961,7.8166374397416,7.8166374397416,7.81663743971,7.81663743974,7.81663743964,7.81663743963,7.81663743963,7.81663743959,7.81663743969,7.81663743969,7.81663743969,7.81663743964,7.81663743974,7.81663743974,7.81663743964,7.81663743954,7.81663743954,7.81663743974,7.81663743974,7.81663743974,7.81663743974,7.81663743964,7.81663743964
"t98",1.59421272196,1.39731803597,1.39731803595,1.39731803595,1.39731803597,0.03165889556,0,1.76150954858,2.27462174628,2.27462174628,2.5022709448,2.5022709448,2.50227094479,2.50227094479,4.27847163388,4.27847163378,4.278471633767,4.278471633767,4.27847163378,7.70833378088,7.70833378088,7.70833378088,7.70833378068,7.70833378068,7.70833378068,7.70833378088,7.70833378078,7.70833378098,7.70833378102,7.70833378102,7.70833378102,7.70833378018,7.70833378018,7.70833378026,7.70833378034,7.70833378034,7.70833378066,7.70833378066,7.70833378066,7.70833378068,7.70833378058,7.70833378061,7.70833378061,7.70833378028,7.70833378028,7.70833378054,7.70833378054,7.70833378054,7.70833378054,7.70833378056,7.70833378056,7.70833378061,7.70833378061,7.70833377978,7.70833378023,7.70833378023,7.81663743924,7.816637439893,7.816637439663,7.816637439663,7.816637439693,7.81663743971,7.81663743971,7.81663743971,7.81663743971,7.81663743968,7.81663743968,7.81663743962,7.81663743962,7.8166374396,7.8166374396,7.81663743966,7.8166374396,7.8166374396,7.81663743961,7.81663743961,7.81663743961,7.8166374397416,7.8166374397416,7.81663743971,7.81663743974,7.81663743964,7.81663743963,7.81663743963,7.81663743959,7.81663743969,7.81663743969,7.81663743969,7.81663743964,7.81663743974,7.81663743974,7.81663743964,7.81663743954,7.81663743954,7.81663743974,7.81663743974,7.81663743974,7.81663743974,7.81663743964,7.81663743964
"t13",1.76150954862,1.76150954859,1.76150954857,1.76150954857,1.76150954859,1.76150954858,1.76150954858,0,2.2746217463,2.2746217463,2.50227094482,2.50227094482,2.50227094481,2.50227094481,4.2784716339,4.2784716338,4.278471633787,4.278471633787,4.2784716338,7.7083337809,7.7083337809,7.7083337809,7.7083337807,7.7083337807,7.7083337807,7.7083337809,7.7083337808,7.708333781,7.70833378104,7.70833378104,7.70833378104,7.7083337802,7.7083337802,7.70833378028,7.70833378036,7.70833378036,7.70833378068,7.70833378068,7.70833378068,7.7083337807,7.7083337806,7.70833378063,7.70833378063,7.7083337803,7.7083337803,7.70833378056,7.70833378056,7.70833378056,7.70833378056,7.70833378058,7.70833378058,7.70833378063,7.70833378063,7.7083337798,7.70833378025,7.70833378025,7.81663743926,7.816637439913,7.816637439683,7.816637439683,7.816637439713,7.81663743973,7.81663743973,7.81663743973,7.81663743973,7.8166374397,7.8166374397,7.81663743964,7.81663743964,7.81663743962,7.81663743962,7.81663743968,7.81663743962,7.81663743962,7.81663743963,7.81663743963,7.81663743963,7.8166374397616,7.8166374397616,7.81663743973,7.81663743976,7.81663743966,7.81663743965,7.81663743965,7.81663743961,7.81663743971,7.81663743971,7.81663743971,7.81663743966,7.81663743976,7.81663743976,7.81663743966,7.81663743956,7.81663743956,7.81663743976,7.81663743976,7.81663743976,7.81663743976,7.81663743966,7.81663743966
"t46",2.27462174632,2.27462174629,2.27462174627,2.27462174627,2.27462174629,2.27462174628,2.27462174628,2.2746217463,0,0.6853663954,2.50227094472,2.50227094472,2.50227094471,2.50227094471,4.2784716338,4.2784716337,4.278471633687,4.278471633687,4.2784716337,7.7083337808,7.7083337808,7.7083337808,7.7083337806,7.7083337806,7.7083337806,7.7083337808,7.7083337807,7.7083337809,7.70833378094,7.70833378094,7.70833378094,7.7083337801,7.7083337801,7.70833378018,7.70833378026,7.70833378026,7.70833378058,7.70833378058,7.70833378058,7.7083337806,7.7083337805,7.70833378053,7.70833378053,7.7083337802,7.7083337802,7.70833378046,7.70833378046,7.70833378046,7.70833378046,7.70833378048,7.70833378048,7.70833378053,7.70833378053,7.7083337797,7.70833378015,7.70833378015,7.81663743916,7.816637439813,7.816637439583,7.816637439583,7.816637439613,7.81663743963,7.81663743963,7.81663743963,7.81663743963,7.8166374396,7.8166374396,7.81663743954,7.81663743954,7.81663743952,7.81663743952,7.81663743958,7.81663743952,7.81663743952,7.81663743953,7.81663743953,7.81663743953,7.8166374396616,7.8166374396616,7.81663743963,7.81663743966,7.81663743956,7.81663743955,7.81663743955,7.81663743951,7.81663743961,7.81663743961,7.81663743961,7.81663743956,7.81663743966,7.81663743966,7.81663743956,7.81663743946,7.81663743946,7.81663743966,7.81663743966,7.81663743966,7.81663743966,7.81663743956,7.81663743956
"t47",2.27462174632,2.27462174629,2.27462174627,2.27462174627,2.27462174629,2.27462174628,2.27462174628,2.2746217463,0.6853663954,0,2.50227094472,2.50227094472,2.50227094471,2.50227094471,4.2784716338,4.2784716337,4.278471633687,4.278471633687,4.2784716337,7.7083337808,7.7083337808,7.7083337808,7.7083337806,7.7083337806,7.7083337806,7.7083337808,7.7083337807,7.7083337809,7.70833378094,7.70833378094,7.70833378094,7.7083337801,7.7083337801,7.70833378018,7.70833378026,7.70833378026,7.70833378058,7.70833378058,7.70833378058,7.7083337806,7.7083337805,7.70833378053,7.70833378053,7.7083337802,7.7083337802,7.70833378046,7.70833378046,7.70833378046,7.70833378046,7.70833378048,7.70833378048,7.70833378053,7.70833378053,7.7083337797,7.70833378015,7.70833378015,7.81663743916,7.816637439813,7.816637439583,7.816637439583,7.816637439613,7.81663743963,7.81663743963,7.81663743963,7.81663743963,7.8166374396,7.8166374396,7.81663743954,7.81663743954,7.81663743952,7.81663743952,7.81663743958,7.81663743952,7.81663743952,7.81663743953,7.81663743953,7.81663743953,7.8166374396616,7.8166374396616,7.81663743963,7.81663743966,7.81663743956,7.81663743955,7.81663743955,7.81663743951,7.81663743961,7.81663743961,7.81663743961,7.81663743956,7.81663743966,7.81663743966,7.81663743956,7.81663743946,7.81663743946,7.81663743966,7.81663743966,7.81663743966,7.81663743966,7.81663743956,7.81663743956
"t22",2.50227094484,2.50227094481,2.50227094479,2.50227094479,2.50227094481,2.5022709448,2.5022709448,2.50227094482,2.50227094472,2.50227094472,0,1.3766068336,1.40328795283,1.40328795283,4.27847163392,4.27847163382,4.278471633807,4.278471633807,4.27847163382,7.70833378092,7.70833378092,7.70833378092,7.70833378072,7.70833378072,7.70833378072,7.70833378092,7.70833378082,7.70833378102,7.70833378106,7.70833378106,7.70833378106,7.70833378022,7.70833378022,7.7083337803,7.70833378038,7.70833378038,7.7083337807,7.7083337807,7.7083337807,7.70833378072,7.70833378062,7.70833378065,7.70833378065,7.70833378032,7.70833378032,7.70833378058,7.70833378058,7.70833378058,7.70833378058,7.7083337806,7.7083337806,7.70833378065,7.70833378065,7.70833377982,7.70833378027,7.70833378027,7.81663743928,7.816637439933,7.816637439703,7.816637439703,7.816637439733,7.81663743975,7.81663743975,7.81663743975,7.81663743975,7.81663743972,7.81663743972,7.81663743966,7.81663743966,7.81663743964,7.81663743964,7.8166374397,7.81663743964,7.81663743964,7.81663743965,7.81663743965,7.81663743965,7.8166374397816,7.8166374397816,7.81663743975,7.81663743978,7.81663743968,7.81663743967,7.81663743967,7.81663743963,7.81663743973,7.81663743973,7.81663743973,7.81663743968,7.81663743978,7.81663743978,7.81663743968,7.81663743958,7.81663743958,7.81663743978,7.81663743978,7.81663743978,7.81663743978,7.81663743968,7.81663743968
"t23",2.50227094484,2.50227094481,2.50227094479,2.50227094479,2.50227094481,2.5022709448,2.5022709448,2.50227094482,2.50227094472,2.50227094472,1.3766068336,0,1.40328795283,1.40328795283,4.27847163392,4.27847163382,4.278471633807,4.278471633807,4.27847163382,7.70833378092,7.70833378092,7.70833378092,7.70833378072,7.70833378072,7.70833378072,7.70833378092,7.70833378082,7.70833378102,7.70833378106,7.70833378106,7.70833378106,7.70833378022,7.70833378022,7.7083337803,7.70833378038,7.70833378038,7.7083337807,7.7083337807,7.7083337807,7.70833378072,7.70833378062,7.70833378065,7.70833378065,7.70833378032,7.70833378032,7.70833378058,7.70833378058,7.70833378058,7.70833378058,7.7083337806,7.7083337806,7.70833378065,7.70833378065,7.70833377982,7.70833378027,7.70833378027,7.81663743928,7.816637439933,7.816637439703,7.816637439703,7.816637439733,7.81663743975,7.81663743975,7.81663743975,7.81663743975,7.81663743972,7.81663743972,7.81663743966,7.81663743966,7.81663743964,7.81663743964,7.8166374397,7.81663743964,7.81663743964,7.81663743965,7.81663743965,7.81663743965,7.8166374397816,7.8166374397816,7.81663743975,7.81663743978,7.81663743968,7.81663743967,7.81663743967,7.81663743963,7.81663743973,7.81663743973,7.81663743973,7.81663743968,7.81663743978,7.81663743978,7.81663743968,7.81663743958,7.81663743958,7.81663743978,7.81663743978,7.81663743978,7.81663743978,7.81663743968,7.81663743968
"t28",2.50227094483,2.5022709448,2.50227094478,2.50227094478,2.5022709448,2.50227094479,2.50227094479,2.50227094481,2.50227094471,2.50227094471,1.40328795283,1.40328795283,0,1.2160146428,4.27847163391,4.27847163381,4.278471633797,4.278471633797,4.27847163381,7.70833378091,7.70833378091,7.70833378091,7.70833378071,7.70833378071,7.70833378071,7.70833378091,7.70833378081,7.70833378101,7.70833378105,7.70833378105,7.70833378105,7.70833378021,7.70833378021,7.70833378029,7.70833378037,7.70833378037,7.70833378069,7.70833378069,7.70833378069,7.70833378071,7.70833378061,7.70833378064,7.70833378064,7.70833378031,7.70833378031,7.70833378057,7.70833378057,7.70833378057,7.70833378057,7.70833378059,7.70833378059,7.70833378064,7.70833378064,7.70833377981,7.70833378026,7.70833378026,7.81663743927,7.816637439923,7.816637439693,7.816637439693,7.816637439723,7.81663743974,7.81663743974,7.81663743974,7.81663743974,7.81663743971,7.81663743971,7.81663743965,7.81663743965,7.81663743963,7.81663743963,7.81663743969,7.81663743963,7.81663743963,7.81663743964,7.81663743964,7.81663743964,7.8166374397716,7.8166374397716,7.81663743974,7.81663743977,7.81663743967,7.81663743966,7.81663743966,7.81663743962,7.81663743972,7.81663743972,7.81663743972,7.81663743967,7.81663743977,7.81663743977,7.81663743967,7.81663743957,7.81663743957,7.81663743977,7.81663743977,7.81663743977,7.81663743977,7.81663743967,7.81663743967
"t29",2.50227094483,2.5022709448,2.50227094478,2.50227094478,2.5022709448,2.50227094479,2.50227094479,2.50227094481,2.50227094471,2.50227094471,1.40328795283,1.40328795283,1.2160146428,0,4.27847163391,4.27847163381,4.278471633797,4.278471633797,4.27847163381,7.70833378091,7.70833378091,7.70833378091,7.70833378071,7.70833378071,7.70833378071,7.70833378091,7.70833378081,7.70833378101,7.70833378105,7.70833378105,7.70833378105,7.70833378021,7.70833378021,7.70833378029,7.70833378037,7.70833378037,7.70833378069,7.70833378069,7.70833378069,7.70833378071,7.70833378061,7.70833378064,7.70833378064,7.70833378031,7.70833378031,7.70833378057,7.70833378057,7.70833378057,7.70833378057,7.70833378059,7.70833378059,7.70833378064,7.70833378064,7.70833377981,7.70833378026,7.70833378026,7.81663743927,7.816637439923,7.816637439693,7.816637439693,7.816637439723,7.81663743974,7.81663743974,7.81663743974,7.81663743974,7.81663743971,7.81663743971,7.81663743965,7.81663743965,7.81663743963,7.81663743963,7.81663743969,7.81663743963,7.81663743963,7.81663743964,7.81663743964,7.81663743964,7.8166374397716,7.8166374397716,7.81663743974,7.81663743977,7.81663743967,7.81663743966,7.81663743966,7.81663743962,7.81663743972,7.81663743972,7.81663743972,7.81663743967,7.81663743977,7.81663743977,7.81663743967,7.81663743957,7.81663743957,7.81663743977,7.81663743977,7.81663743977,7.81663743977,7.81663743967,7.81663743967
"t2",4.27847163392,4.27847163389,4.27847163387,4.27847163387,4.27847163389,4.27847163388,4.27847163388,4.2784716339,4.2784716338,4.2784716338,4.27847163392,4.27847163392,4.27847163391,4.27847163391,0,3.3292645559,3.329264555887,3.329264555887,3.3292645559,7.7083337806,7.7083337806,7.7083337806,7.7083337804,7.7083337804,7.7083337804,7.7083337806,7.7083337805,7.7083337807,7.70833378074,7.70833378074,7.70833378074,7.7083337799,7.7083337799,7.70833377998,7.70833378006,7.70833378006,7.70833378038,7.70833378038,7.70833378038,7.7083337804,7.7083337803,7.70833378033,7.70833378033,7.70833378,7.70833378,7.70833378026,7.70833378026,7.70833378026,7.70833378026,7.70833378028,7.70833378028,7.70833378033,7.70833378033,7.7083337795,7.70833377995,7.70833377995,7.81663743896,7.816637439613,7.816637439383,7.816637439383,7.816637439413,7.81663743943,7.81663743943,7.81663743943,7.81663743943,7.8166374394,7.8166374394,7.81663743934,7.81663743934,7.81663743932,7.81663743932,7.81663743938,7.81663743932,7.81663743932,7.81663743933,7.81663743933,7.81663743933,7.8166374394616,7.8166374394616,7.81663743943,7.81663743946,7.81663743936,7.81663743935,7.81663743935,7.81663743931,7.81663743941,7.81663743941,7.81663743941,7.81663743936,7.81663743946,7.81663743946,7.81663743936,7.81663743926,7.81663743926,7.81663743946,7.81663743946,7.81663743946,7.81663743946,7.81663743936,7.81663743936
"t48",4.27847163382,4.27847163379,4.27847163377,4.27847163377,4.27847163379,4.27847163378,4.27847163378,4.2784716338,4.2784716337,4.2784716337,4.27847163382,4.27847163382,4.27847163381,4.27847163381,3.3292645559,0,0.657262199787,0.657262199787,0.6572621998,7.7083337805,7.7083337805,7.7083337805,7.7083337803,7.7083337803,7.7083337803,7.7083337805,7.7083337804,7.7083337806,7.70833378064,7.70833378064,7.70833378064,7.7083337798,7.7083337798,7.70833377988,7.70833377996,7.70833377996,7.70833378028,7.70833378028,7.70833378028,7.7083337803,7.7083337802,7.70833378023,7.70833378023,7.7083337799,7.7083337799,7.70833378016,7.70833378016,7.70833378016,7.70833378016,7.70833378018,7.70833378018,7.70833378023,7.70833378023,7.7083337794,7.70833377985,7.70833377985,7.81663743886,7.816637439513,7.816637439283,7.816637439283,7.816637439313,7.81663743933,7.81663743933,7.81663743933,7.81663743933,7.8166374393,7.8166374393,7.81663743924,7.81663743924,7.81663743922,7.81663743922,7.81663743928,7.81663743922,7.81663743922,7.81663743923,7.81663743923,7.81663743923,7.8166374393616,7.8166374393616,7.81663743933,7.81663743936,7.81663743926,7.81663743925,7.81663743925,7.81663743921,7.81663743931,7.81663743931,7.81663743931,7.81663743926,7.81663743936,7.81663743936,7.81663743926,7.81663743916,7.81663743916,7.81663743936,7.81663743936,7.81663743936,7.81663743936,7.81663743926,7.81663743926
"t67",4.278471633807,4.278471633777,4.278471633757,4.278471633757,4.278471633777,4.278471633767,4.278471633767,4.278471633787,4.278471633687,4.278471633687,4.278471633807,4.278471633807,4.278471633797,4.278471633797,3.329264555887,0.657262199787,0,0.4026650958,0.422353131987,7.708333780487,7.708333780487,7.708333780487,7.708333780287,7.708333780287,7.708333780287,7.708333780487,7.708333780387,7.708333780587,7.708333780627,7.708333780627,7.708333780627,7.708333779787,7.708333779787,7.708333779867,7.708333779947,7.708333779947,7.708333780267,7.708333780267,7.708333780267,7.708333780287,7.708333780187,7.708333780217,7.708333780217,7.708333779887,7.708333779887,7.708333780147,7.708333780147,7.708333780147,7.708333780147,7.708333780167,7.708333780167,7.708333780217,7.708333780217,7.708333779387,7.708333779837,7.708333779837,7.816637438847,7.8166374395,7.81663743927,7.81663743927,7.8166374393,7.816637439317,7.816637439317,7.816637439317,7.816637439317,7.816637439287,7.816637439287,7.816637439227,7.816637439227,7.816637439207,7.816637439207,7.816637439267,7.816637439207,7.816637439207,7.816637439217,7.816637439217,7.816637439217,7.8166374393486,7.8166374393486,7.816637439317,7.816637439347,7.816637439247,7.816637439237,7.816637439237,7.816637439197,7.816637439297,7.816637439297,7.816637439297,7.816637439247,7.816637439347,7.816637439347,7.816637439247,7.816637439147,7.816637439147,7.816637439347,7.816637439347,7.816637439347,7.816637439347,7.816637439247,7.816637439247
"t68",4.278471633807,4.278471633777,4.278471633757,4.278471633757,4.278471633777,4.278471633767,4.278471633767,4.278471633787,4.278471633687,4.278471633687,4.278471633807,4.278471633807,4.278471633797,4.278471633797,3.329264555887,0.657262199787,0.4026650958,0,0.422353131987,7.708333780487,7.708333780487,7.708333780487,7.708333780287,7.708333780287,7.708333780287,7.708333780487,7.708333780387,7.708333780587,7.708333780627,7.708333780627,7.708333780627,7.708333779787,7.708333779787,7.708333779867,7.708333779947,7.708333779947,7.708333780267,7.708333780267,7.708333780267,7.708333780287,7.708333780187,7.708333780217,7.708333780217,7.708333779887,7.708333779887,7.708333780147,7.708333780147,7.708333780147,7.708333780147,7.708333780167,7.708333780167,7.708333780217,7.708333780217,7.708333779387,7.708333779837,7.708333779837,7.816637438847,7.8166374395,7.81663743927,7.81663743927,7.8166374393,7.816637439317,7.816637439317,7.816637439317,7.816637439317,7.816637439287,7.816637439287,7.816637439227,7.816637439227,7.816637439207,7.816637439207,7.816637439267,7.816637439207,7.816637439207,7.816637439217,7.816637439217,7.816637439217,7.8166374393486,7.8166374393486,7.816637439317,7.816637439347,7.816637439247,7.816637439237,7.816637439237,7.816637439197,7.816637439297,7.816637439297,7.816637439297,7.816637439247,7.816637439347,7.816637439347,7.816637439247,7.816637439147,7.816637439147,7.816637439347,7.816637439347,7.816637439347,7.816637439347,7.816637439247,7.816637439247
"t62",4.27847163382,4.27847163379,4.27847163377,4.27847163377,4.27847163379,4.27847163378,4.27847163378,4.2784716338,4.2784716337,4.2784716337,4.27847163382,4.27847163382,4.27847163381,4.27847163381,3.3292645559,0.6572621998,0.422353131987,0.422353131987,0,7.7083337805,7.7083337805,7.7083337805,7.7083337803,7.7083337803,7.7083337803,7.7083337805,7.7083337804,7.7083337806,7.70833378064,7.70833378064,7.70833378064,7.7083337798,7.7083337798,7.70833377988,7.70833377996,7.70833377996,7.70833378028,7.70833378028,7.70833378028,7.7083337803,7.7083337802,7.70833378023,7.70833378023,7.7083337799,7.7083337799,7.70833378016,7.70833378016,7.70833378016,7.70833378016,7.70833378018,7.70833378018,7.70833378023,7.70833378023,7.7083337794,7.70833377985,7.70833377985,7.81663743886,7.816637439513,7.816637439283,7.816637439283,7.816637439313,7.81663743933,7.81663743933,7.81663743933,7.81663743933,7.8166374393,7.8166374393,7.81663743924,7.81663743924,7.81663743922,7.81663743922,7.81663743928,7.81663743922,7.81663743922,7.81663743923,7.81663743923,7.81663743923,7.8166374393616,7.8166374393616,7.81663743933,7.81663743936,7.81663743926,7.81663743925,7.81663743925,7.81663743921,7.81663743931,7.81663743931,7.81663743931,7.81663743926,7.81663743936,7.81663743936,7.81663743926,7.81663743916,7.81663743916,7.81663743936,7.81663743936,7.81663743936,7.81663743936,7.81663743926,7.81663743926
"t31",7.70833378092,7.70833378089,7.70833378087,7.70833378087,7.70833378089,7.70833378088,7.70833378088,7.7083337809,7.7083337808,7.7083337808,7.70833378092,7.70833378092,7.70833378091,7.70833378091,7.7083337806,7.7083337805,7.708333780487,7.708333780487,7.7083337805,0,1.0938433672,1.0938433672,4.283943701,4.283943701,4.283943701,4.2839437012,4.2839437011,4.2839437013,4.28394370134,4.28394370134,4.28394370134,4.2839437005,4.2839437005,4.28394370058,4.28394370066,4.28394370066,4.28394370098,4.28394370098,4.28394370098,4.283943701,4.2839437009,4.28394370093,4.28394370093,4.2839437006,4.2839437006,4.28394370086,4.28394370086,4.28394370086,4.28394370086,4.28394370088,4.28394370088,4.28394370093,4.28394370093,5.7769541051,5.77695410555,5.77695410555,7.81663743996,7.816637440613,7.816637440383,7.816637440383,7.816637440413,7.81663744043,7.81663744043,7.81663744043,7.81663744043,7.8166374404,7.8166374404,7.81663744034,7.81663744034,7.81663744032,7.81663744032,7.81663744038,7.81663744032,7.81663744032,7.81663744033,7.81663744033,7.81663744033,7.8166374404616,7.8166374404616,7.81663744043,7.81663744046,7.81663744036,7.81663744035,7.81663744035,7.81663744031,7.81663744041,7.81663744041,7.81663744041,7.81663744036,7.81663744046,7.81663744046,7.81663744036,7.81663744026,7.81663744026,7.81663744046,7.81663744046,7.81663744046,7.81663744046,7.81663744036,7.81663744036
"t76",7.70833378092,7.70833378089,7.70833378087,7.70833378087,7.70833378089,7.70833378088,7.70833378088,7.7083337809,7.7083337808,7.7083337808,7.70833378092,7.70833378092,7.70833378091,7.70833378091,7.7083337806,7.7083337805,7.708333780487,7.708333780487,7.7083337805,1.0938433672,0,0.213560599,4.283943701,4.283943701,4.283943701,4.2839437012,4.2839437011,4.2839437013,4.28394370134,4.28394370134,4.28394370134,4.2839437005,4.2839437005,4.28394370058,4.28394370066,4.28394370066,4.28394370098,4.28394370098,4.28394370098,4.283943701,4.2839437009,4.28394370093,4.28394370093,4.2839437006,4.2839437006,4.28394370086,4.28394370086,4.28394370086,4.28394370086,4.28394370088,4.28394370088,4.28394370093,4.28394370093,5.7769541051,5.77695410555,5.77695410555,7.81663743996,7.816637440613,7.816637440383,7.816637440383,7.816637440413,7.81663744043,7.81663744043,7.81663744043,7.81663744043,7.8166374404,7.8166374404,7.81663744034,7.81663744034,7.81663744032,7.81663744032,7.81663744038,7.81663744032,7.81663744032,7.81663744033,7.81663744033,7.81663744033,7.8166374404616,7.8166374404616,7.81663744043,7.81663744046,7.81663744036,7.81663744035,7.81663744035,7.81663744031,7.81663744041,7.81663744041,7.81663744041,7.81663744036,7.81663744046,7.81663744046,7.81663744036,7.81663744026,7.81663744026,7.81663744046,7.81663744046,7.81663744046,7.81663744046,7.81663744036,7.81663744036
"t77",7.70833378092,7.70833378089,7.70833378087,7.70833378087,7.70833378089,7.70833378088,7.70833378088,7.7083337809,7.7083337808,7.7083337808,7.70833378092,7.70833378092,7.70833378091,7.70833378091,7.7083337806,7.7083337805,7.708333780487,7.708333780487,7.7083337805,1.0938433672,0.213560599,0,4.283943701,4.283943701,4.283943701,4.2839437012,4.2839437011,4.2839437013,4.28394370134,4.28394370134,4.28394370134,4.2839437005,4.2839437005,4.28394370058,4.28394370066,4.28394370066,4.28394370098,4.28394370098,4.28394370098,4.283943701,4.2839437009,4.28394370093,4.28394370093,4.2839437006,4.2839437006,4.28394370086,4.28394370086,4.28394370086,4.28394370086,4.28394370088,4.28394370088,4.28394370093,4.28394370093,5.7769541051,5.77695410555,5.77695410555,7.81663743996,7.816637440613,7.816637440383,7.816637440383,7.816637440413,7.81663744043,7.81663744043,7.81663744043,7.81663744043,7.8166374404,7.8166374404,7.81663744034,7.81663744034,7.81663744032,7.81663744032,7.81663744038,7.81663744032,7.81663744032,7.81663744033,7.81663744033,7.81663744033,7.8166374404616,7.8166374404616,7.81663744043,7.81663744046,7.81663744036,7.81663744035,7.81663744035,7.81663744031,7.81663744041,7.81663744041,7.81663744041,7.81663744036,7.81663744046,7.81663744046,7.81663744036,7.81663744026,7.81663744026,7.81663744046,7.81663744046,7.81663744046,7.81663744046,7.81663744036,7.81663744036
"t25",7.70833378072,7.70833378069,7.70833378067,7.70833378067,7.70833378069,7.70833378068,7.70833378068,7.7083337807,7.7083337806,7.7083337806,7.70833378072,7.70833378072,7.70833378071,7.70833378071,7.7083337804,7.7083337803,7.708333780287,7.708333780287,7.7083337803,4.283943701,4.283943701,4.283943701,0,1.3576830468,1.3576830468,2.9505339198,3.4888446079,3.9236598831,3.92365988314,3.92365988314,3.92365988314,3.9236598823,3.9236598823,3.92365988238,3.92365988246,3.92365988246,3.92365988278,3.92365988278,3.92365988278,3.9236598828,3.9236598827,3.92365988273,3.92365988273,3.9236598824,3.9236598824,3.92365988266,3.92365988266,3.92365988266,3.92365988266,3.92365988268,3.92365988268,3.92365988273,3.92365988273,5.7769541049,5.77695410535,5.77695410535,7.81663743976,7.816637440413,7.816637440183,7.816637440183,7.816637440213,7.81663744023,7.81663744023,7.81663744023,7.81663744023,7.8166374402,7.8166374402,7.81663744014,7.81663744014,7.81663744012,7.81663744012,7.81663744018,7.81663744012,7.81663744012,7.81663744013,7.81663744013,7.81663744013,7.8166374402616,7.8166374402616,7.81663744023,7.81663744026,7.81663744016,7.81663744015,7.81663744015,7.81663744011,7.81663744021,7.81663744021,7.81663744021,7.81663744016,7.81663744026,7.81663744026,7.81663744016,7.81663744006,7.81663744006,7.81663744026,7.81663744026,7.81663744026,7.81663744026,7.81663744016,7.81663744016
"t65",7.70833378072,7.70833378069,7.70833378067,7.70833378067,7.70833378069,7.70833378068,7.70833378068,7.7083337807,7.7083337806,7.7083337806,7.70833378072,7.70833378072,7.70833378071,7.70833378071,7.7083337804,7.7083337803,7.708333780287,7.708333780287,7.7083337803,4.283943701,4.283943701,4.283943701,1.3576830468,0,0.415135608,2.9505339198,3.4888446079,3.9236598831,3.92365988314,3.92365988314,3.92365988314,3.9236598823,3.9236598823,3.92365988238,3.92365988246,3.92365988246,3.92365988278,3.92365988278,3.92365988278,3.9236598828,3.9236598827,3.92365988273,3.92365988273,3.9236598824,3.9236598824,3.92365988266,3.92365988266,3.92365988266,3.92365988266,3.92365988268,3.92365988268,3.92365988273,3.92365988273,5.7769541049,5.77695410535,5.77695410535,7.81663743976,7.816637440413,7.816637440183,7.816637440183,7.816637440213,7.81663744023,7.81663744023,7.81663744023,7.81663744023,7.8166374402,7.8166374402,7.81663744014,7.81663744014,7.81663744012,7.81663744012,7.81663744018,7.81663744012,7.81663744012,7.81663744013,7.81663744013,7.81663744013,7.8166374402616,7.8166374402616,7.81663744023,7.81663744026,7.81663744016,7.81663744015,7.81663744015,7.81663744011,7.81663744021,7.81663744021,7.81663744021,7.81663744016,7.81663744026,7.81663744026,7.81663744016,7.81663744006,7.81663744006,7.81663744026,7.81663744026,7.81663744026,7.81663744026,7.81663744016,7.81663744016
"t66",7.70833378072,7.70833378069,7.70833378067,7.70833378067,7.70833378069,7.70833378068,7.70833378068,7.7083337807,7.7083337806,7.7083337806,7.70833378072,7.70833378072,7.70833378071,7.70833378071,7.7083337804,7.7083337803,7.708333780287,7.708333780287,7.7083337803,4.283943701,4.283943701,4.283943701,1.3576830468,0.415135608,0,2.9505339198,3.4888446079,3.9236598831,3.92365988314,3.92365988314,3.92365988314,3.9236598823,3.9236598823,3.92365988238,3.92365988246,3.92365988246,3.92365988278,3.92365988278,3.92365988278,3.9236598828,3.9236598827,3.92365988273,3.92365988273,3.9236598824,3.9236598824,3.92365988266,3.92365988266,3.92365988266,3.92365988266,3.92365988268,3.92365988268,3.92365988273,3.92365988273,5.7769541049,5.77695410535,5.77695410535,7.81663743976,7.816637440413,7.816637440183,7.816637440183,7.816637440213,7.81663744023,7.81663744023,7.81663744023,7.81663744023,7.8166374402,7.8166374402,7.81663744014,7.81663744014,7.81663744012,7.81663744012,7.81663744018,7.81663744012,7.81663744012,7.81663744013,7.81663744013,7.81663744013,7.8166374402616,7.8166374402616,7.81663744023,7.81663744026,7.81663744016,7.81663744015,7.81663744015,7.81663744011,7.81663744021,7.81663744021,7.81663744021,7.81663744016,7.81663744026,7.81663744026,7.81663744016,7.81663744006,7.81663744006,7.81663744026,7.81663744026,7.81663744026,7.81663744026,7.81663744016,7.81663744016
"t3",7.70833378092,7.70833378089,7.70833378087,7.70833378087,7.70833378089,7.70833378088,7.70833378088,7.7083337809,7.7083337808,7.7083337808,7.70833378092,7.70833378092,7.70833378091,7.70833378091,7.7083337806,7.7083337805,7.708333780487,7.708333780487,7.7083337805,4.2839437012,4.2839437012,4.2839437012,2.9505339198,2.9505339198,2.9505339198,0,3.4888446081,3.9236598833,3.92365988334,3.92365988334,3.92365988334,3.9236598825,3.9236598825,3.92365988258,3.92365988266,3.92365988266,3.92365988298,3.92365988298,3.92365988298,3.923659883,3.9236598829,3.92365988293,3.92365988293,3.9236598826,3.9236598826,3.92365988286,3.92365988286,3.92365988286,3.92365988286,3.92365988288,3.92365988288,3.92365988293,3.92365988293,5.7769541051,5.77695410555,5.77695410555,7.81663743996,7.816637440613,7.816637440383,7.816637440383,7.816637440413,7.81663744043,7.81663744043,7.81663744043,7.81663744043,7.8166374404,7.8166374404,7.81663744034,7.81663744034,7.81663744032,7.81663744032,7.81663744038,7.81663744032,7.81663744032,7.81663744033,7.81663744033,7.81663744033,7.8166374404616,7.8166374404616,7.81663744043,7.81663744046,7.81663744036,7.81663744035,7.81663744035,7.81663744031,7.81663744041,7.81663744041,7.81663744041,7.81663744036,7.81663744046,7.81663744046,7.81663744036,7.81663744026,7.81663744026,7.81663744046,7.81663744046,7.81663744046,7.81663744046,7.81663744036,7.81663744036
"t1",7.70833378082,7.70833378079,7.70833378077,7.70833378077,7.70833378079,7.70833378078,7.70833378078,7.7083337808,7.7083337807,7.7083337807,7.70833378082,7.70833378082,7.70833378081,7.70833378081,7.7083337805,7.7083337804,7.708333780387,7.708333780387,7.7083337804,4.2839437011,4.2839437011,4.2839437011,3.4888446079,3.4888446079,3.4888446079,3.4888446081,0,3.9236598832,3.92365988324,3.92365988324,3.92365988324,3.9236598824,3.9236598824,3.92365988248,3.92365988256,3.92365988256,3.92365988288,3.92365988288,3.92365988288,3.9236598829,3.9236598828,3.92365988283,3.92365988283,3.9236598825,3.9236598825,3.92365988276,3.92365988276,3.92365988276,3.92365988276,3.92365988278,3.92365988278,3.92365988283,3.92365988283,5.776954105,5.77695410545,5.77695410545,7.81663743986,7.816637440513,7.816637440283,7.816637440283,7.816637440313,7.81663744033,7.81663744033,7.81663744033,7.81663744033,7.8166374403,7.8166374403,7.81663744024,7.81663744024,7.81663744022,7.81663744022,7.81663744028,7.81663744022,7.81663744022,7.81663744023,7.81663744023,7.81663744023,7.8166374403616,7.8166374403616,7.81663744033,7.81663744036,7.81663744026,7.81663744025,7.81663744025,7.81663744021,7.81663744031,7.81663744031,7.81663744031,7.81663744026,7.81663744036,7.81663744036,7.81663744026,7.81663744016,7.81663744016,7.81663744036,7.81663744036,7.81663744036,7.81663744036,7.81663744026,7.81663744026
"t5",7.70833378102,7.70833378099,7.70833378097,7.70833378097,7.70833378099,7.70833378098,7.70833378098,7.708333781,7.7083337809,7.7083337809,7.70833378102,7.70833378102,7.70833378101,7.70833378101,7.7083337807,7.7083337806,7.708333780587,7.708333780587,7.7083337806,4.2839437013,4.2839437013,4.2839437013,3.9236598831,3.9236598831,3.9236598831,3.9236598833,3.9236598832,0,2.45666661404,2.45666661404,2.45666661404,2.8313961342,2.8313961342,3.27434244488,3.27434244496,3.27434244496,3.27434244528,3.27434244528,3.27434244528,3.2743424453,3.2743424452,3.27434244523,3.27434244523,3.6319826249,3.6319826249,3.63198262516,3.63198262516,3.63198262516,3.63198262516,3.63198262518,3.63198262518,3.63198262523,3.63198262523,5.7769541052,5.77695410565,5.77695410565,7.81663744006,7.816637440713,7.816637440483,7.816637440483,7.816637440513,7.81663744053,7.81663744053,7.81663744053,7.81663744053,7.8166374405,7.8166374405,7.81663744044,7.81663744044,7.81663744042,7.81663744042,7.81663744048,7.81663744042,7.81663744042,7.81663744043,7.81663744043,7.81663744043,7.8166374405616,7.8166374405616,7.81663744053,7.81663744056,7.81663744046,7.81663744045,7.81663744045,7.81663744041,7.81663744051,7.81663744051,7.81663744051,7.81663744046,7.81663744056,7.81663744056,7.81663744046,7.81663744036,7.81663744036,7.81663744056,7.81663744056,7.81663744056,7.81663744056,7.81663744046,7.81663744046
"t80",7.70833378106,7.70833378103,7.70833378101,7.70833378101,7.70833378103,7.70833378102,7.70833378102,7.70833378104,7.70833378094,7.70833378094,7.70833378106,7.70833378106,7.70833378105,7.70833378105,7.70833378074,7.70833378064,7.708333780627,7.708333780627,7.70833378064,4.28394370134,4.28394370134,4.28394370134,3.92365988314,3.92365988314,3.92365988314,3.92365988334,3.92365988324,2.45666661404,0,0.14672766408,0.14672766408,2.83139613424,2.83139613424,3.27434244492,3.274342445,3.274342445,3.27434244532,3.27434244532,3.27434244532,3.27434244534,3.27434244524,3.27434244527,3.27434244527,3.63198262494,3.63198262494,3.6319826252,3.6319826252,3.6319826252,3.6319826252,3.63198262522,3.63198262522,3.63198262527,3.63198262527,5.77695410524,5.77695410569,5.77695410569,7.8166374401,7.816637440753,7.816637440523,7.816637440523,7.816637440553,7.81663744057,7.81663744057,7.81663744057,7.81663744057,7.81663744054,7.81663744054,7.81663744048,7.81663744048,7.81663744046,7.81663744046,7.81663744052,7.81663744046,7.81663744046,7.81663744047,7.81663744047,7.81663744047,7.8166374406016,7.8166374406016,7.81663744057,7.8166374406,7.8166374405,7.81663744049,7.81663744049,7.81663744045,7.81663744055,7.81663744055,7.81663744055,7.8166374405,7.8166374406,7.8166374406,7.8166374405,7.8166374404,7.8166374404,7.8166374406,7.8166374406,7.8166374406,7.8166374406,7.8166374405,7.8166374405
"t91",7.70833378106,7.70833378103,7.70833378101,7.70833378101,7.70833378103,7.70833378102,7.70833378102,7.70833378104,7.70833378094,7.70833378094,7.70833378106,7.70833378106,7.70833378105,7.70833378105,7.70833378074,7.70833378064,7.708333780627,7.708333780627,7.70833378064,4.28394370134,4.28394370134,4.28394370134,3.92365988314,3.92365988314,3.92365988314,3.92365988334,3.92365988324,2.45666661404,0.14672766408,0,0.03481489486,2.83139613424,2.83139613424,3.27434244492,3.274342445,3.274342445,3.27434244532,3.27434244532,3.27434244532,3.27434244534,3.27434244524,3.27434244527,3.27434244527,3.63198262494,3.63198262494,3.6319826252,3.6319826252,3.6319826252,3.6319826252,3.63198262522,3.63198262522,3.63198262527,3.63198262527,5.77695410524,5.77695410569,5.77695410569,7.8166374401,7.816637440753,7.816637440523,7.816637440523,7.816637440553,7.81663744057,7.81663744057,7.81663744057,7.81663744057,7.81663744054,7.81663744054,7.81663744048,7.81663744048,7.81663744046,7.81663744046,7.81663744052,7.81663744046,7.81663744046,7.81663744047,7.81663744047,7.81663744047,7.8166374406016,7.8166374406016,7.81663744057,7.8166374406,7.8166374405,7.81663744049,7.81663744049,7.81663744045,7.81663744055,7.81663744055,7.81663744055,7.8166374405,7.8166374406,7.8166374406,7.8166374405,7.8166374404,7.8166374404,7.8166374406,7.8166374406,7.8166374406,7.8166374406,7.8166374405,7.8166374405
"t92",7.70833378106,7.70833378103,7.70833378101,7.70833378101,7.70833378103,7.70833378102,7.70833378102,7.70833378104,7.70833378094,7.70833378094,7.70833378106,7.70833378106,7.70833378105,7.70833378105,7.70833378074,7.70833378064,7.708333780627,7.708333780627,7.70833378064,4.28394370134,4.28394370134,4.28394370134,3.92365988314,3.92365988314,3.92365988314,3.92365988334,3.92365988324,2.45666661404,0.14672766408,0.03481489486,0,2.83139613424,2.83139613424,3.27434244492,3.274342445,3.274342445,3.27434244532,3.27434244532,3.27434244532,3.27434244534,3.27434244524,3.27434244527,3.27434244527,3.63198262494,3.63198262494,3.6319826252,3.6319826252,3.6319826252,3.6319826252,3.63198262522,3.63198262522,3.63198262527,3.63198262527,5.77695410524,5.77695410569,5.77695410569,7.8166374401,7.816637440753,7.816637440523,7.816637440523,7.816637440553,7.81663744057,7.81663744057,7.81663744057,7.81663744057,7.81663744054,7.81663744054,7.81663744048,7.81663744048,7.81663744046,7.81663744046,7.81663744052,7.81663744046,7.81663744046,7.81663744047,7.81663744047,7.81663744047,7.8166374406016,7.8166374406016,7.81663744057,7.8166374406,7.8166374405,7.81663744049,7.81663744049,7.81663744045,7.81663744055,7.81663744055,7.81663744055,7.8166374405,7.8166374406,7.8166374406,7.8166374405,7.8166374404,7.8166374404,7.8166374406,7.8166374406,7.8166374406,7.8166374406,7.8166374405,7.8166374405
"t9",7.70833378022,7.70833378019,7.70833378017,7.70833378017,7.70833378019,7.70833378018,7.70833378018,7.7083337802,7.7083337801,7.7083337801,7.70833378022,7.70833378022,7.70833378021,7.70833378021,7.7083337799,7.7083337798,7.708333779787,7.708333779787,7.7083337798,4.2839437005,4.2839437005,4.2839437005,3.9236598823,3.9236598823,3.9236598823,3.9236598825,3.9236598824,2.8313961342,2.83139613424,2.83139613424,2.83139613424,0,2.003506732,3.27434244408,3.27434244416,3.27434244416,3.27434244448,3.27434244448,3.27434244448,3.2743424445,3.2743424444,3.27434244443,3.27434244443,3.6319826241,3.6319826241,3.63198262436,3.63198262436,3.63198262436,3.63198262436,3.63198262438,3.63198262438,3.63198262443,3.63198262443,5.7769541044,5.77695410485,5.77695410485,7.81663743926,7.816637439913,7.816637439683,7.816637439683,7.816637439713,7.81663743973,7.81663743973,7.81663743973,7.81663743973,7.8166374397,7.8166374397,7.81663743964,7.81663743964,7.81663743962,7.81663743962,7.81663743968,7.81663743962,7.81663743962,7.81663743963,7.81663743963,7.81663743963,7.8166374397616,7.8166374397616,7.81663743973,7.81663743976,7.81663743966,7.81663743965,7.81663743965,7.81663743961,7.81663743971,7.81663743971,7.81663743971,7.81663743966,7.81663743976,7.81663743976,7.81663743966,7.81663743956,7.81663743956,7.81663743976,7.81663743976,7.81663743976,7.81663743976,7.81663743966,7.81663743966
"t10",7.70833378022,7.70833378019,7.70833378017,7.70833378017,7.70833378019,7.70833378018,7.70833378018,7.7083337802,7.7083337801,7.7083337801,7.70833378022,7.70833378022,7.70833378021,7.70833378021,7.7083337799,7.7083337798,7.708333779787,7.708333779787,7.7083337798,4.2839437005,4.2839437005,4.2839437005,3.9236598823,3.9236598823,3.9236598823,3.9236598825,3.9236598824,2.8313961342,2.83139613424,2.83139613424,2.83139613424,2.003506732,0,3.27434244408,3.27434244416,3.27434244416,3.27434244448,3.27434244448,3.27434244448,3.2743424445,3.2743424444,3.27434244443,3.27434244443,3.6319826241,3.6319826241,3.63198262436,3.63198262436,3.63198262436,3.63198262436,3.63198262438,3.63198262438,3.63198262443,3.63198262443,5.7769541044,5.77695410485,5.77695410485,7.81663743926,7.816637439913,7.816637439683,7.816637439683,7.816637439713,7.81663743973,7.81663743973,7.81663743973,7.81663743973,7.8166374397,7.8166374397,7.81663743964,7.81663743964,7.81663743962,7.81663743962,7.81663743968,7.81663743962,7.81663743962,7.81663743963,7.81663743963,7.81663743963,7.8166374397616,7.8166374397616,7.81663743973,7.81663743976,7.81663743966,7.81663743965,7.81663743965,7.81663743961,7.81663743971,7.81663743971,7.81663743971,7.81663743966,7.81663743976,7.81663743976,7.81663743966,7.81663743956,7.81663743956,7.81663743976,7.81663743976,7.81663743976,7.81663743976,7.81663743966,7.81663743966
"t49",7.7083337803,7.70833378027,7.70833378025,7.70833378025,7.70833378027,7.70833378026,7.70833378026,7.70833378028,7.70833378018,7.70833378018,7.7083337803,7.7083337803,7.70833378029,7.70833378029,7.70833377998,7.70833377988,7.708333779867,7.708333779867,7.70833377988,4.28394370058,4.28394370058,4.28394370058,3.92365988238,3.92365988238,3.92365988238,3.92365988258,3.92365988248,3.27434244488,3.27434244492,3.27434244492,3.27434244492,3.27434244408,3.27434244408,0,0.62458891308,0.62458891308,2.6443105354,2.6443105354,2.6443105354,2.80079978598,2.80079978588,2.80079978591,2.80079978591,3.63198262418,3.63198262418,3.63198262444,3.63198262444,3.63198262444,3.63198262444,3.63198262446,3.63198262446,3.63198262451,3.63198262451,5.77695410448,5.77695410493,5.77695410493,7.81663743934,7.816637439993,7.816637439763,7.816637439763,7.816637439793,7.81663743981,7.81663743981,7.81663743981,7.81663743981,7.81663743978,7.81663743978,7.81663743972,7.81663743972,7.8166374397,7.8166374397,7.81663743976,7.8166374397,7.8166374397,7.81663743971,7.81663743971,7.81663743971,7.8166374398416,7.8166374398416,7.81663743981,7.81663743984,7.81663743974,7.81663743973,7.81663743973,7.81663743969,7.81663743979,7.81663743979,7.81663743979,7.81663743974,7.81663743984,7.81663743984,7.81663743974,7.81663743964,7.81663743964,7.81663743984,7.81663743984,7.81663743984,7.81663743984,7.81663743974,7.81663743974
"t85",7.70833378038,7.70833378035,7.70833378033,7.70833378033,7.70833378035,7.70833378034,7.70833378034,7.70833378036,7.70833378026,7.70833378026,7.70833378038,7.70833378038,7.70833378037,7.70833378037,7.70833378006,7.70833377996,7.708333779947,7.708333779947,7.70833377996,4.28394370066,4.28394370066,4.28394370066,3.92365988246,3.92365988246,3.92365988246,3.92365988266,3.92365988256,3.27434244496,3.274342445,3.274342445,3.274342445,3.27434244416,3.27434244416,0.62458891308,0,0.10870826656,2.64431053548,2.64431053548,2.64431053548,2.80079978606,2.80079978596,2.80079978599,2.80079978599,3.63198262426,3.63198262426,3.63198262452,3.63198262452,3.63198262452,3.63198262452,3.63198262454,3.63198262454,3.63198262459,3.63198262459,5.77695410456,5.77695410501,5.77695410501,7.81663743942,7.816637440073,7.816637439843,7.816637439843,7.816637439873,7.81663743989,7.81663743989,7.81663743989,7.81663743989,7.81663743986,7.81663743986,7.8166374398,7.8166374398,7.81663743978,7.81663743978,7.81663743984,7.81663743978,7.81663743978,7.81663743979,7.81663743979,7.81663743979,7.8166374399216,7.8166374399216,7.81663743989,7.81663743992,7.81663743982,7.81663743981,7.81663743981,7.81663743977,7.81663743987,7.81663743987,7.81663743987,7.81663743982,7.81663743992,7.81663743992,7.81663743982,7.81663743972,7.81663743972,7.81663743992,7.81663743992,7.81663743992,7.81663743992,7.81663743982,7.81663743982
"t86",7.70833378038,7.70833378035,7.70833378033,7.70833378033,7.70833378035,7.70833378034,7.70833378034,7.70833378036,7.70833378026,7.70833378026,7.70833378038,7.70833378038,7.70833378037,7.70833378037,7.70833378006,7.70833377996,7.708333779947,7.708333779947,7.70833377996,4.28394370066,4.28394370066,4.28394370066,3.92365988246,3.92365988246,3.92365988246,3.92365988266,3.92365988256,3.27434244496,3.274342445,3.274342445,3.274342445,3.27434244416,3.27434244416,0.62458891308,0.10870826656,0,2.64431053548,2.64431053548,2.64431053548,2.80079978606,2.80079978596,2.80079978599,2.80079978599,3.63198262426,3.63198262426,3.63198262452,3.63198262452,3.63198262452,3.63198262452,3.63198262454,3.63198262454,3.63198262459,3.63198262459,5.77695410456,5.77695410501,5.77695410501,7.81663743942,7.816637440073,7.816637439843,7.816637439843,7.816637439873,7.81663743989,7.81663743989,7.81663743989,7.81663743989,7.81663743986,7.81663743986,7.8166374398,7.8166374398,7.81663743978,7.81663743978,7.81663743984,7.81663743978,7.81663743978,7.81663743979,7.81663743979,7.81663743979,7.8166374399216,7.8166374399216,7.81663743989,7.81663743992,7.81663743982,7.81663743981,7.81663743981,7.81663743977,7.81663743987,7.81663743987,7.81663743987,7.81663743982,7.81663743992,7.81663743992,7.81663743982,7.81663743972,7.81663743972,7.81663743992,7.81663743992,7.81663743992,7.81663743992,7.81663743982,7.81663743982
"t21",7.7083337807,7.70833378067,7.70833378065,7.70833378065,7.70833378067,7.70833378066,7.70833378066,7.70833378068,7.70833378058,7.70833378058,7.7083337807,7.7083337807,7.70833378069,7.70833378069,7.70833378038,7.70833378028,7.708333780267,7.708333780267,7.70833378028,4.28394370098,4.28394370098,4.28394370098,3.92365988278,3.92365988278,3.92365988278,3.92365988298,3.92365988288,3.27434244528,3.27434244532,3.27434244532,3.27434244532,3.27434244448,3.27434244448,2.6443105354,2.64431053548,2.64431053548,0,1.3818949512,1.3818949512,2.80079978638,2.80079978628,2.80079978631,2.80079978631,3.63198262458,3.63198262458,3.63198262484,3.63198262484,3.63198262484,3.63198262484,3.63198262486,3.63198262486,3.63198262491,3.63198262491,5.77695410488,5.77695410533,5.77695410533,7.81663743974,7.816637440393,7.816637440163,7.816637440163,7.816637440193,7.81663744021,7.81663744021,7.81663744021,7.81663744021,7.81663744018,7.81663744018,7.81663744012,7.81663744012,7.8166374401,7.8166374401,7.81663744016,7.8166374401,7.8166374401,7.81663744011,7.81663744011,7.81663744011,7.8166374402416,7.8166374402416,7.81663744021,7.81663744024,7.81663744014,7.81663744013,7.81663744013,7.81663744009,7.81663744019,7.81663744019,7.81663744019,7.81663744014,7.81663744024,7.81663744024,7.81663744014,7.81663744004,7.81663744004,7.81663744024,7.81663744024,7.81663744024,7.81663744024,7.81663744014,7.81663744014
"t44",7.7083337807,7.70833378067,7.70833378065,7.70833378065,7.70833378067,7.70833378066,7.70833378066,7.70833378068,7.70833378058,7.70833378058,7.7083337807,7.7083337807,7.70833378069,7.70833378069,7.70833378038,7.70833378028,7.708333780267,7.708333780267,7.70833378028,4.28394370098,4.28394370098,4.28394370098,3.92365988278,3.92365988278,3.92365988278,3.92365988298,3.92365988288,3.27434244528,3.27434244532,3.27434244532,3.27434244532,3.27434244448,3.27434244448,2.6443105354,2.64431053548,2.64431053548,1.3818949512,0,0.7507839284,2.80079978638,2.80079978628,2.80079978631,2.80079978631,3.63198262458,3.63198262458,3.63198262484,3.63198262484,3.63198262484,3.63198262484,3.63198262486,3.63198262486,3.63198262491,3.63198262491,5.77695410488,5.77695410533,5.77695410533,7.81663743974,7.816637440393,7.816637440163,7.816637440163,7.816637440193,7.81663744021,7.81663744021,7.81663744021,7.81663744021,7.81663744018,7.81663744018,7.81663744012,7.81663744012,7.8166374401,7.8166374401,7.81663744016,7.8166374401,7.8166374401,7.81663744011,7.81663744011,7.81663744011,7.8166374402416,7.8166374402416,7.81663744021,7.81663744024,7.81663744014,7.81663744013,7.81663744013,7.81663744009,7.81663744019,7.81663744019,7.81663744019,7.81663744014,7.81663744024,7.81663744024,7.81663744014,7.81663744004,7.81663744004,7.81663744024,7.81663744024,7.81663744024,7.81663744024,7.81663744014,7.81663744014
"t45",7.7083337807,7.70833378067,7.70833378065,7.70833378065,7.70833378067,7.70833378066,7.70833378066,7.70833378068,7.70833378058,7.70833378058,7.7083337807,7.7083337807,7.70833378069,7.70833378069,7.70833378038,7.70833378028,7.708333780267,7.708333780267,7.70833378028,4.28394370098,4.28394370098,4.28394370098,3.92365988278,3.92365988278,3.92365988278,3.92365988298,3.92365988288,3.27434244528,3.27434244532,3.27434244532,3.27434244532,3.27434244448,3.27434244448,2.6443105354,2.64431053548,2.64431053548,1.3818949512,0.7507839284,0,2.80079978638,2.80079978628,2.80079978631,2.80079978631,3.63198262458,3.63198262458,3.63198262484,3.63198262484,3.63198262484,3.63198262484,3.63198262486,3.63198262486,3.63198262491,3.63198262491,5.77695410488,5.77695410533,5.77695410533,7.81663743974,7.816637440393,7.816637440163,7.816637440163,7.816637440193,7.81663744021,7.81663744021,7.81663744021,7.81663744021,7.81663744018,7.81663744018,7.81663744012,7.81663744012,7.8166374401,7.8166374401,7.81663744016,7.8166374401,7.8166374401,7.81663744011,7.81663744011,7.81663744011,7.8166374402416,7.8166374402416,7.81663744021,7.81663744024,7.81663744014,7.81663744013,7.81663744013,7.81663744009,7.81663744019,7.81663744019,7.81663744019,7.81663744014,7.81663744024,7.81663744024,7.81663744014,7.81663744004,7.81663744004,7.81663744024,7.81663744024,7.81663744024,7.81663744024,7.81663744014,7.81663744014
"t12",7.70833378072,7.70833378069,7.70833378067,7.70833378067,7.70833378069,7.70833378068,7.70833378068,7.7083337807,7.7083337806,7.7083337806,7.70833378072,7.70833378072,7.70833378071,7.70833378071,7.7083337804,7.7083337803,7.708333780287,7.708333780287,7.7083337803,4.283943701,4.283943701,4.283943701,3.9236598828,3.9236598828,3.9236598828,3.923659883,3.9236598829,3.2743424453,3.27434244534,3.27434244534,3.27434244534,3.2743424445,3.2743424445,2.80079978598,2.80079978606,2.80079978606,2.80079978638,2.80079978638,2.80079978638,0,1.8364493947,1.83644939473,1.83644939473,3.6319826246,3.6319826246,3.63198262486,3.63198262486,3.63198262486,3.63198262486,3.63198262488,3.63198262488,3.63198262493,3.63198262493,5.7769541049,5.77695410535,5.77695410535,7.81663743976,7.816637440413,7.816637440183,7.816637440183,7.816637440213,7.81663744023,7.81663744023,7.81663744023,7.81663744023,7.8166374402,7.8166374402,7.81663744014,7.81663744014,7.81663744012,7.81663744012,7.81663744018,7.81663744012,7.81663744012,7.81663744013,7.81663744013,7.81663744013,7.8166374402616,7.8166374402616,7.81663744023,7.81663744026,7.81663744016,7.81663744015,7.81663744015,7.81663744011,7.81663744021,7.81663744021,7.81663744021,7.81663744016,7.81663744026,7.81663744026,7.81663744016,7.81663744006,7.81663744006,7.81663744026,7.81663744026,7.81663744026,7.81663744026,7.81663744016,7.81663744016
"t41",7.70833378062,7.70833378059,7.70833378057,7.70833378057,7.70833378059,7.70833378058,7.70833378058,7.7083337806,7.7083337805,7.7083337805,7.70833378062,7.70833378062,7.70833378061,7.70833378061,7.7083337803,7.7083337802,7.708333780187,7.708333780187,7.7083337802,4.2839437009,4.2839437009,4.2839437009,3.9236598827,3.9236598827,3.9236598827,3.9236598829,3.9236598828,3.2743424452,3.27434244524,3.27434244524,3.27434244524,3.2743424444,3.2743424444,2.80079978588,2.80079978596,2.80079978596,2.80079978628,2.80079978628,2.80079978628,1.8364493947,0,0.81284087623,0.81284087623,3.6319826245,3.6319826245,3.63198262476,3.63198262476,3.63198262476,3.63198262476,3.63198262478,3.63198262478,3.63198262483,3.63198262483,5.7769541048,5.77695410525,5.77695410525,7.81663743966,7.816637440313,7.816637440083,7.816637440083,7.816637440113,7.81663744013,7.81663744013,7.81663744013,7.81663744013,7.8166374401,7.8166374401,7.81663744004,7.81663744004,7.81663744002,7.81663744002,7.81663744008,7.81663744002,7.81663744002,7.81663744003,7.81663744003,7.81663744003,7.8166374401616,7.8166374401616,7.81663744013,7.81663744016,7.81663744006,7.81663744005,7.81663744005,7.81663744001,7.81663744011,7.81663744011,7.81663744011,7.81663744006,7.81663744016,7.81663744016,7.81663744006,7.81663743996,7.81663743996,7.81663744016,7.81663744016,7.81663744016,7.81663744016,7.81663744006,7.81663744006
"t42",7.70833378065,7.70833378062,7.7083337806,7.7083337806,7.70833378062,7.70833378061,7.70833378061,7.70833378063,7.70833378053,7.70833378053,7.70833378065,7.70833378065,7.70833378064,7.70833378064,7.70833378033,7.70833378023,7.708333780217,7.708333780217,7.70833378023,4.28394370093,4.28394370093,4.28394370093,3.92365988273,3.92365988273,3.92365988273,3.92365988293,3.92365988283,3.27434244523,3.27434244527,3.27434244527,3.27434244527,3.27434244443,3.27434244443,2.80079978591,2.80079978599,2.80079978599,2.80079978631,2.80079978631,2.80079978631,1.83644939473,0.81284087623,0,0.800136627,3.63198262453,3.63198262453,3.63198262479,3.63198262479,3.63198262479,3.63198262479,3.63198262481,3.63198262481,3.63198262486,3.63198262486,5.77695410483,5.77695410528,5.77695410528,7.81663743969,7.816637440343,7.816637440113,7.816637440113,7.816637440143,7.81663744016,7.81663744016,7.81663744016,7.81663744016,7.81663744013,7.81663744013,7.81663744007,7.81663744007,7.81663744005,7.81663744005,7.81663744011,7.81663744005,7.81663744005,7.81663744006,7.81663744006,7.81663744006,7.8166374401916,7.8166374401916,7.81663744016,7.81663744019,7.81663744009,7.81663744008,7.81663744008,7.81663744004,7.81663744014,7.81663744014,7.81663744014,7.81663744009,7.81663744019,7.81663744019,7.81663744009,7.81663743999,7.81663743999,7.81663744019,7.81663744019,7.81663744019,7.81663744019,7.81663744009,7.81663744009
"t43",7.70833378065,7.70833378062,7.7083337806,7.7083337806,7.70833378062,7.70833378061,7.70833378061,7.70833378063,7.70833378053,7.70833378053,7.70833378065,7.70833378065,7.70833378064,7.70833378064,7.70833378033,7.70833378023,7.708333780217,7.708333780217,7.70833378023,4.28394370093,4.28394370093,4.28394370093,3.92365988273,3.92365988273,3.92365988273,3.92365988293,3.92365988283,3.27434244523,3.27434244527,3.27434244527,3.27434244527,3.27434244443,3.27434244443,2.80079978591,2.80079978599,2.80079978599,2.80079978631,2.80079978631,2.80079978631,1.83644939473,0.81284087623,0.800136627,0,3.63198262453,3.63198262453,3.63198262479,3.63198262479,3.63198262479,3.63198262479,3.63198262481,3.63198262481,3.63198262486,3.63198262486,5.77695410483,5.77695410528,5.77695410528,7.81663743969,7.816637440343,7.816637440113,7.816637440113,7.816637440143,7.81663744016,7.81663744016,7.81663744016,7.81663744016,7.81663744013,7.81663744013,7.81663744007,7.81663744007,7.81663744005,7.81663744005,7.81663744011,7.81663744005,7.81663744005,7.81663744006,7.81663744006,7.81663744006,7.8166374401916,7.8166374401916,7.81663744016,7.81663744019,7.81663744009,7.81663744008,7.81663744008,7.81663744004,7.81663744014,7.81663744014,7.81663744014,7.81663744009,7.81663744019,7.81663744019,7.81663744009,7.81663743999,7.81663743999,7.81663744019,7.81663744019,7.81663744019,7.81663744019,7.81663744009,7.81663744009
"t78",7.70833378032,7.70833378029,7.70833378027,7.70833378027,7.70833378029,7.70833378028,7.70833378028,7.7083337803,7.7083337802,7.7083337802,7.70833378032,7.70833378032,7.70833378031,7.70833378031,7.70833378,7.7083337799,7.708333779887,7.708333779887,7.7083337799,4.2839437006,4.2839437006,4.2839437006,3.9236598824,3.9236598824,3.9236598824,3.9236598826,3.9236598825,3.6319826249,3.63198262494,3.63198262494,3.63198262494,3.6319826241,3.6319826241,3.63198262418,3.63198262426,3.63198262426,3.63198262458,3.63198262458,3.63198262458,3.6319826246,3.6319826245,3.63198262453,3.63198262453,0,0.2045843,2.30365951626,2.30365951626,2.30365951626,2.30365951626,2.30365951628,2.30365951628,2.30365951633,2.30365951633,5.7769541045,5.77695410495,5.77695410495,7.81663743936,7.816637440013,7.816637439783,7.816637439783,7.816637439813,7.81663743983,7.81663743983,7.81663743983,7.81663743983,7.8166374398,7.8166374398,7.81663743974,7.81663743974,7.81663743972,7.81663743972,7.81663743978,7.81663743972,7.81663743972,7.81663743973,7.81663743973,7.81663743973,7.8166374398616,7.8166374398616,7.81663743983,7.81663743986,7.81663743976,7.81663743975,7.81663743975,7.81663743971,7.81663743981,7.81663743981,7.81663743981,7.81663743976,7.81663743986,7.81663743986,7.81663743976,7.81663743966,7.81663743966,7.81663743986,7.81663743986,7.81663743986,7.81663743986,7.81663743976,7.81663743976
"t79",7.70833378032,7.70833378029,7.70833378027,7.70833378027,7.70833378029,7.70833378028,7.70833378028,7.7083337803,7.7083337802,7.7083337802,7.70833378032,7.70833378032,7.70833378031,7.70833378031,7.70833378,7.7083337799,7.708333779887,7.708333779887,7.7083337799,4.2839437006,4.2839437006,4.2839437006,3.9236598824,3.9236598824,3.9236598824,3.9236598826,3.9236598825,3.6319826249,3.63198262494,3.63198262494,3.63198262494,3.6319826241,3.6319826241,3.63198262418,3.63198262426,3.63198262426,3.63198262458,3.63198262458,3.63198262458,3.6319826246,3.6319826245,3.63198262453,3.63198262453,0.2045843,0,2.30365951626,2.30365951626,2.30365951626,2.30365951626,2.30365951628,2.30365951628,2.30365951633,2.30365951633,5.7769541045,5.77695410495,5.77695410495,7.81663743936,7.816637440013,7.816637439783,7.816637439783,7.816637439813,7.81663743983,7.81663743983,7.81663743983,7.81663743983,7.8166374398,7.8166374398,7.81663743974,7.81663743974,7.81663743972,7.81663743972,7.81663743978,7.81663743972,7.81663743972,7.81663743973,7.81663743973,7.81663743973,7.8166374398616,7.8166374398616,7.81663743983,7.81663743986,7.81663743976,7.81663743975,7.81663743975,7.81663743971,7.81663743981,7.81663743981,7.81663743981,7.81663743976,7.81663743986,7.81663743986,7.81663743976,7.81663743966,7.81663743966,7.81663743986,7.81663743986,7.81663743986,7.81663743986,7.81663743976,7.81663743976
"t17",7.70833378058,7.70833378055,7.70833378053,7.70833378053,7.70833378055,7.70833378054,7.70833378054,7.70833378056,7.70833378046,7.70833378046,7.70833378058,7.70833378058,7.70833378057,7.70833378057,7.70833378026,7.70833378016,7.708333780147,7.708333780147,7.70833378016,4.28394370086,4.28394370086,4.28394370086,3.92365988266,3.92365988266,3.92365988266,3.92365988286,3.92365988276,3.63198262516,3.6319826252,3.6319826252,3.6319826252,3.63198262436,3.63198262436,3.63198262444,3.63198262452,3.63198262452,3.63198262484,3.63198262484,3.63198262484,3.63198262486,3.63198262476,3.63198262479,3.63198262479,2.30365951626,2.30365951626,0,1.5731397278,1.5731397278,1.5731397278,1.69926854034,1.69926854034,1.69926854039,1.69926854039,5.77695410476,5.77695410521,5.77695410521,7.81663743962,7.816637440273,7.816637440043,7.816637440043,7.816637440073,7.81663744009,7.81663744009,7.81663744009,7.81663744009,7.81663744006,7.81663744006,7.81663744,7.81663744,7.81663743998,7.81663743998,7.81663744004,7.81663743998,7.81663743998,7.81663743999,7.81663743999,7.81663743999,7.8166374401216,7.8166374401216,7.81663744009,7.81663744012,7.81663744002,7.81663744001,7.81663744001,7.81663743997,7.81663744007,7.81663744007,7.81663744007,7.81663744002,7.81663744012,7.81663744012,7.81663744002,7.81663743992,7.81663743992,7.81663744012,7.81663744012,7.81663744012,7.81663744012,7.81663744002,7.81663744002
"t27",7.70833378058,7.70833378055,7.70833378053,7.70833378053,7.70833378055,7.70833378054,7.70833378054,7.70833378056,7.70833378046,7.70833378046,7.70833378058,7.70833378058,7.70833378057,7.70833378057,7.70833378026,7.70833378016,7.708333780147,7.708333780147,7.70833378016,4.28394370086,4.28394370086,4.28394370086,3.92365988266,3.92365988266,3.92365988266,3.92365988286,3.92365988276,3.63198262516,3.6319826252,3.6319826252,3.6319826252,3.63198262436,3.63198262436,3.63198262444,3.63198262452,3.63198262452,3.63198262484,3.63198262484,3.63198262484,3.63198262486,3.63198262476,3.63198262479,3.63198262479,2.30365951626,2.30365951626,1.5731397278,0,1.3116424864,1.3116424864,1.69926854034,1.69926854034,1.69926854039,1.69926854039,5.77695410476,5.77695410521,5.77695410521,7.81663743962,7.816637440273,7.816637440043,7.816637440043,7.816637440073,7.81663744009,7.81663744009,7.81663744009,7.81663744009,7.81663744006,7.81663744006,7.81663744,7.81663744,7.81663743998,7.81663743998,7.81663744004,7.81663743998,7.81663743998,7.81663743999,7.81663743999,7.81663743999,7.8166374401216,7.8166374401216,7.81663744009,7.81663744012,7.81663744002,7.81663744001,7.81663744001,7.81663743997,7.81663744007,7.81663744007,7.81663744007,7.81663744002,7.81663744012,7.81663744012,7.81663744002,7.81663743992,7.81663743992,7.81663744012,7.81663744012,7.81663744012,7.81663744012,7.81663744002,7.81663744002
"t59",7.70833378058,7.70833378055,7.70833378053,7.70833378053,7.70833378055,7.70833378054,7.70833378054,7.70833378056,7.70833378046,7.70833378046,7.70833378058,7.70833378058,7.70833378057,7.70833378057,7.70833378026,7.70833378016,7.708333780147,7.708333780147,7.70833378016,4.28394370086,4.28394370086,4.28394370086,3.92365988266,3.92365988266,3.92365988266,3.92365988286,3.92365988276,3.63198262516,3.6319826252,3.6319826252,3.6319826252,3.63198262436,3.63198262436,3.63198262444,3.63198262452,3.63198262452,3.63198262484,3.63198262484,3.63198262484,3.63198262486,3.63198262476,3.63198262479,3.63198262479,2.30365951626,2.30365951626,1.5731397278,1.3116424864,0,0.5478318668,1.69926854034,1.69926854034,1.69926854039,1.69926854039,5.77695410476,5.77695410521,5.77695410521,7.81663743962,7.816637440273,7.816637440043,7.816637440043,7.816637440073,7.81663744009,7.81663744009,7.81663744009,7.81663744009,7.81663744006,7.81663744006,7.81663744,7.81663744,7.81663743998,7.81663743998,7.81663744004,7.81663743998,7.81663743998,7.81663743999,7.81663743999,7.81663743999,7.8166374401216,7.8166374401216,7.81663744009,7.81663744012,7.81663744002,7.81663744001,7.81663744001,7.81663743997,7.81663744007,7.81663744007,7.81663744007,7.81663744002,7.81663744012,7.81663744012,7.81663744002,7.81663743992,7.81663743992,7.81663744012,7.81663744012,7.81663744012,7.81663744012,7.81663744002,7.81663744002
"t60",7.70833378058,7.70833378055,7.70833378053,7.70833378053,7.70833378055,7.70833378054,7.70833378054,7.70833378056,7.70833378046,7.70833378046,7.70833378058,7.70833378058,7.70833378057,7.70833378057,7.70833378026,7.70833378016,7.708333780147,7.708333780147,7.70833378016,4.28394370086,4.28394370086,4.28394370086,3.92365988266,3.92365988266,3.92365988266,3.92365988286,3.92365988276,3.63198262516,3.6319826252,3.6319826252,3.6319826252,3.63198262436,3.63198262436,3.63198262444,3.63198262452,3.63198262452,3.63198262484,3.63198262484,3.63198262484,3.63198262486,3.63198262476,3.63198262479,3.63198262479,2.30365951626,2.30365951626,1.5731397278,1.3116424864,0.5478318668,0,1.69926854034,1.69926854034,1.69926854039,1.69926854039,5.77695410476,5.77695410521,5.77695410521,7.81663743962,7.816637440273,7.816637440043,7.816637440043,7.816637440073,7.81663744009,7.81663744009,7.81663744009,7.81663744009,7.81663744006,7.81663744006,7.81663744,7.81663744,7.81663743998,7.81663743998,7.81663744004,7.81663743998,7.81663743998,7.81663743999,7.81663743999,7.81663743999,7.8166374401216,7.8166374401216,7.81663744009,7.81663744012,7.81663744002,7.81663744001,7.81663744001,7.81663743997,7.81663744007,7.81663744007,7.81663744007,7.81663744002,7.81663744012,7.81663744012,7.81663744002,7.81663743992,7.81663743992,7.81663744012,7.81663744012,7.81663744012,7.81663744012,7.81663744002,7.81663744002
"t51",7.7083337806,7.70833378057,7.70833378055,7.70833378055,7.70833378057,7.70833378056,7.70833378056,7.70833378058,7.70833378048,7.70833378048,7.7083337806,7.7083337806,7.70833378059,7.70833378059,7.70833378028,7.70833378018,7.708333780167,7.708333780167,7.70833378018,4.28394370088,4.28394370088,4.28394370088,3.92365988268,3.92365988268,3.92365988268,3.92365988288,3.92365988278,3.63198262518,3.63198262522,3.63198262522,3.63198262522,3.63198262438,3.63198262438,3.63198262446,3.63198262454,3.63198262454,3.63198262486,3.63198262486,3.63198262486,3.63198262488,3.63198262478,3.63198262481,3.63198262481,2.30365951628,2.30365951628,1.69926854034,1.69926854034,1.69926854034,1.69926854034,0,0.5933643884,1.65757193145,1.65757193145,5.77695410478,5.77695410523,5.77695410523,7.81663743964,7.816637440293,7.816637440063,7.816637440063,7.816637440093,7.81663744011,7.81663744011,7.81663744011,7.81663744011,7.81663744008,7.81663744008,7.81663744002,7.81663744002,7.81663744,7.81663744,7.81663744006,7.81663744,7.81663744,7.81663744001,7.81663744001,7.81663744001,7.8166374401416,7.8166374401416,7.81663744011,7.81663744014,7.81663744004,7.81663744003,7.81663744003,7.81663743999,7.81663744009,7.81663744009,7.81663744009,7.81663744004,7.81663744014,7.81663744014,7.81663744004,7.81663743994,7.81663743994,7.81663744014,7.81663744014,7.81663744014,7.81663744014,7.81663744004,7.81663744004
"t52",7.7083337806,7.70833378057,7.70833378055,7.70833378055,7.70833378057,7.70833378056,7.70833378056,7.70833378058,7.70833378048,7.70833378048,7.7083337806,7.7083337806,7.70833378059,7.70833378059,7.70833378028,7.70833378018,7.708333780167,7.708333780167,7.70833378018,4.28394370088,4.28394370088,4.28394370088,3.92365988268,3.92365988268,3.92365988268,3.92365988288,3.92365988278,3.63198262518,3.63198262522,3.63198262522,3.63198262522,3.63198262438,3.63198262438,3.63198262446,3.63198262454,3.63198262454,3.63198262486,3.63198262486,3.63198262486,3.63198262488,3.63198262478,3.63198262481,3.63198262481,2.30365951628,2.30365951628,1.69926854034,1.69926854034,1.69926854034,1.69926854034,0.5933643884,0,1.65757193145,1.65757193145,5.77695410478,5.77695410523,5.77695410523,7.81663743964,7.816637440293,7.816637440063,7.816637440063,7.816637440093,7.81663744011,7.81663744011,7.81663744011,7.81663744011,7.81663744008,7.81663744008,7.81663744002,7.81663744002,7.81663744,7.81663744,7.81663744006,7.81663744,7.81663744,7.81663744001,7.81663744001,7.81663744001,7.8166374401416,7.8166374401416,7.81663744011,7.81663744014,7.81663744004,7.81663744003,7.81663744003,7.81663743999,7.81663744009,7.81663744009,7.81663744009,7.81663744004,7.81663744014,7.81663744014,7.81663744004,7.81663743994,7.81663743994,7.81663744014,7.81663744014,7.81663744014,7.81663744014,7.81663744004,7.81663744004
"t81",7.70833378065,7.70833378062,7.7083337806,7.7083337806,7.70833378062,7.70833378061,7.70833378061,7.70833378063,7.70833378053,7.70833378053,7.70833378065,7.70833378065,7.70833378064,7.70833378064,7.70833378033,7.70833378023,7.708333780217,7.708333780217,7.70833378023,4.28394370093,4.28394370093,4.28394370093,3.92365988273,3.92365988273,3.92365988273,3.92365988293,3.92365988283,3.63198262523,3.63198262527,3.63198262527,3.63198262527,3.63198262443,3.63198262443,3.63198262451,3.63198262459,3.63198262459,3.63198262491,3.63198262491,3.63198262491,3.63198262493,3.63198262483,3.63198262486,3.63198262486,2.30365951633,2.30365951633,1.69926854039,1.69926854039,1.69926854039,1.69926854039,1.65757193145,1.65757193145,0,0.1459508717,5.77695410483,5.77695410528,5.77695410528,7.81663743969,7.816637440343,7.816637440113,7.816637440113,7.816637440143,7.81663744016,7.81663744016,7.81663744016,7.81663744016,7.81663744013,7.81663744013,7.81663744007,7.81663744007,7.81663744005,7.81663744005,7.81663744011,7.81663744005,7.81663744005,7.81663744006,7.81663744006,7.81663744006,7.8166374401916,7.8166374401916,7.81663744016,7.81663744019,7.81663744009,7.81663744008,7.81663744008,7.81663744004,7.81663744014,7.81663744014,7.81663744014,7.81663744009,7.81663744019,7.81663744019,7.81663744009,7.81663743999,7.81663743999,7.81663744019,7.81663744019,7.81663744019,7.81663744019,7.81663744009,7.81663744009
"t82",7.70833378065,7.70833378062,7.7083337806,7.7083337806,7.70833378062,7.70833378061,7.70833378061,7.70833378063,7.70833378053,7.70833378053,7.70833378065,7.70833378065,7.70833378064,7.70833378064,7.70833378033,7.70833378023,7.708333780217,7.708333780217,7.70833378023,4.28394370093,4.28394370093,4.28394370093,3.92365988273,3.92365988273,3.92365988273,3.92365988293,3.92365988283,3.63198262523,3.63198262527,3.63198262527,3.63198262527,3.63198262443,3.63198262443,3.63198262451,3.63198262459,3.63198262459,3.63198262491,3.63198262491,3.63198262491,3.63198262493,3.63198262483,3.63198262486,3.63198262486,2.30365951633,2.30365951633,1.69926854039,1.69926854039,1.69926854039,1.69926854039,1.65757193145,1.65757193145,0.1459508717,0,5.77695410483,5.77695410528,5.77695410528,7.81663743969,7.816637440343,7.816637440113,7.816637440113,7.816637440143,7.81663744016,7.81663744016,7.81663744016,7.81663744016,7.81663744013,7.81663744013,7.81663744007,7.81663744007,7.81663744005,7.81663744005,7.81663744011,7.81663744005,7.81663744005,7.81663744006,7.81663744006,7.81663744006,7.8166374401916,7.8166374401916,7.81663744016,7.81663744019,7.81663744009,7.81663744008,7.81663744008,7.81663744004,7.81663744014,7.81663744014,7.81663744014,7.81663744009,7.81663744019,7.81663744019,7.81663744009,7.81663743999,7.81663743999,7.81663744019,7.81663744019,7.81663744019,7.81663744019,7.81663744009,7.81663744009
"t6",7.70833377982,7.70833377979,7.70833377977,7.70833377977,7.70833377979,7.70833377978,7.70833377978,7.7083337798,7.7083337797,7.7083337797,7.70833377982,7.70833377982,7.70833377981,7.70833377981,7.7083337795,7.7083337794,7.708333779387,7.708333779387,7.7083337794,5.7769541051,5.7769541051,5.7769541051,5.7769541049,5.7769541049,5.7769541049,5.7769541051,5.776954105,5.7769541052,5.77695410524,5.77695410524,5.77695410524,5.7769541044,5.7769541044,5.77695410448,5.77695410456,5.77695410456,5.77695410488,5.77695410488,5.77695410488,5.7769541049,5.7769541048,5.77695410483,5.77695410483,5.7769541045,5.7769541045,5.77695410476,5.77695410476,5.77695410476,5.77695410476,5.77695410478,5.77695410478,5.77695410483,5.77695410483,0,2.11442444845,2.11442444845,7.81663743886,7.816637439513,7.816637439283,7.816637439283,7.816637439313,7.81663743933,7.81663743933,7.81663743933,7.81663743933,7.8166374393,7.8166374393,7.81663743924,7.81663743924,7.81663743922,7.81663743922,7.81663743928,7.81663743922,7.81663743922,7.81663743923,7.81663743923,7.81663743923,7.8166374393616,7.8166374393616,7.81663743933,7.81663743936,7.81663743926,7.81663743925,7.81663743925,7.81663743921,7.81663743931,7.81663743931,7.81663743931,7.81663743926,7.81663743936,7.81663743936,7.81663743926,7.81663743916,7.81663743916,7.81663743936,7.81663743936,7.81663743936,7.81663743936,7.81663743926,7.81663743926
"t95",7.70833378027,7.70833378024,7.70833378022,7.70833378022,7.70833378024,7.70833378023,7.70833378023,7.70833378025,7.70833378015,7.70833378015,7.70833378027,7.70833378027,7.70833378026,7.70833378026,7.70833377995,7.70833377985,7.708333779837,7.708333779837,7.70833377985,5.77695410555,5.77695410555,5.77695410555,5.77695410535,5.77695410535,5.77695410535,5.77695410555,5.77695410545,5.77695410565,5.77695410569,5.77695410569,5.77695410569,5.77695410485,5.77695410485,5.77695410493,5.77695410501,5.77695410501,5.77695410533,5.77695410533,5.77695410533,5.77695410535,5.77695410525,5.77695410528,5.77695410528,5.77695410495,5.77695410495,5.77695410521,5.77695410521,5.77695410521,5.77695410521,5.77695410523,5.77695410523,5.77695410528,5.77695410528,2.11442444845,0,0.0342202549,7.81663743931,7.816637439963,7.816637439733,7.816637439733,7.816637439763,7.81663743978,7.81663743978,7.81663743978,7.81663743978,7.81663743975,7.81663743975,7.81663743969,7.81663743969,7.81663743967,7.81663743967,7.81663743973,7.81663743967,7.81663743967,7.81663743968,7.81663743968,7.81663743968,7.8166374398116,7.8166374398116,7.81663743978,7.81663743981,7.81663743971,7.8166374397,7.8166374397,7.81663743966,7.81663743976,7.81663743976,7.81663743976,7.81663743971,7.81663743981,7.81663743981,7.81663743971,7.81663743961,7.81663743961,7.81663743981,7.81663743981,7.81663743981,7.81663743981,7.81663743971,7.81663743971
"t96",7.70833378027,7.70833378024,7.70833378022,7.70833378022,7.70833378024,7.70833378023,7.70833378023,7.70833378025,7.70833378015,7.70833378015,7.70833378027,7.70833378027,7.70833378026,7.70833378026,7.70833377995,7.70833377985,7.708333779837,7.708333779837,7.70833377985,5.77695410555,5.77695410555,5.77695410555,5.77695410535,5.77695410535,5.77695410535,5.77695410555,5.77695410545,5.77695410565,5.77695410569,5.77695410569,5.77695410569,5.77695410485,5.77695410485,5.77695410493,5.77695410501,5.77695410501,5.77695410533,5.77695410533,5.77695410533,5.77695410535,5.77695410525,5.77695410528,5.77695410528,5.77695410495,5.77695410495,5.77695410521,5.77695410521,5.77695410521,5.77695410521,5.77695410523,5.77695410523,5.77695410528,5.77695410528,2.11442444845,0.0342202549,0,7.81663743931,7.816637439963,7.816637439733,7.816637439733,7.816637439763,7.81663743978,7.81663743978,7.81663743978,7.81663743978,7.81663743975,7.81663743975,7.81663743969,7.81663743969,7.81663743967,7.81663743967,7.81663743973,7.81663743967,7.81663743967,7.81663743968,7.81663743968,7.81663743968,7.8166374398116,7.8166374398116,7.81663743978,7.81663743981,7.81663743971,7.8166374397,7.8166374397,7.81663743966,7.81663743976,7.81663743976,7.81663743976,7.81663743971,7.81663743981,7.81663743981,7.81663743971,7.81663743961,7.81663743961,7.81663743981,7.81663743981,7.81663743981,7.81663743981,7.81663743971,7.81663743971
"t7",7.81663743928,7.81663743925,7.81663743923,7.81663743923,7.81663743925,7.81663743924,7.81663743924,7.81663743926,7.81663743916,7.81663743916,7.81663743928,7.81663743928,7.81663743927,7.81663743927,7.81663743896,7.81663743886,7.816637438847,7.816637438847,7.81663743886,7.81663743996,7.81663743996,7.81663743996,7.81663743976,7.81663743976,7.81663743976,7.81663743996,7.81663743986,7.81663744006,7.8166374401,7.8166374401,7.8166374401,7.81663743926,7.81663743926,7.81663743934,7.81663743942,7.81663743942,7.81663743974,7.81663743974,7.81663743974,7.81663743976,7.81663743966,7.81663743969,7.81663743969,7.81663743936,7.81663743936,7.81663743962,7.81663743962,7.81663743962,7.81663743962,7.81663743964,7.81663743964,7.81663743969,7.81663743969,7.81663743886,7.81663743931,7.81663743931,0,2.112199720653,2.112199720423,2.112199720423,2.112199720453,2.14125231373,2.14125231373,2.14125231373,2.14125231373,2.5170219541,2.5170219541,2.51702195404,2.51702195404,2.51702195402,2.51702195402,2.51702195408,2.51702195402,2.51702195402,4.36524064583,4.36524064583,4.36524064583,4.3652406459616,4.3652406459616,4.36524064593,4.4458710537,4.4458710536,4.44587105359,4.44587105359,4.44587105355,4.44587105365,4.44587105365,4.44587105365,4.4458710536,4.4458710537,4.4458710537,4.4458710536,4.4458710535,4.4458710535,6.2421268005,6.2421268005,6.2421268005,6.2421268005,6.2421268004,6.2421268004
"t8",7.816637439933,7.816637439903,7.816637439883,7.816637439883,7.816637439903,7.816637439893,7.816637439893,7.816637439913,7.816637439813,7.816637439813,7.816637439933,7.816637439933,7.816637439923,7.816637439923,7.816637439613,7.816637439513,7.8166374395,7.8166374395,7.816637439513,7.816637440613,7.816637440613,7.816637440613,7.816637440413,7.816637440413,7.816637440413,7.816637440613,7.816637440513,7.816637440713,7.816637440753,7.816637440753,7.816637440753,7.816637439913,7.816637439913,7.816637439993,7.816637440073,7.816637440073,7.816637440393,7.816637440393,7.816637440393,7.816637440413,7.816637440313,7.816637440343,7.816637440343,7.816637440013,7.816637440013,7.816637440273,7.816637440273,7.816637440273,7.816637440273,7.816637440293,7.816637440293,7.816637440343,7.816637440343,7.816637439513,7.816637439963,7.816637439963,2.112199720653,0,2.10977420977,2.10977420977,2.1097742098,2.141252314383,2.141252314383,2.141252314383,2.141252314383,2.517021954753,2.517021954753,2.517021954693,2.517021954693,2.517021954673,2.517021954673,2.517021954733,2.517021954673,2.517021954673,4.365240646483,4.365240646483,4.365240646483,4.3652406466146,4.3652406466146,4.365240646583,4.445871054353,4.445871054253,4.445871054243,4.445871054243,4.445871054203,4.445871054303,4.445871054303,4.445871054303,4.445871054253,4.445871054353,4.445871054353,4.445871054253,4.445871054153,4.445871054153,6.242126801153,6.242126801153,6.242126801153,6.242126801153,6.242126801053,6.242126801053
"t83",7.816637439703,7.816637439673,7.816637439653,7.816637439653,7.816637439673,7.816637439663,7.816637439663,7.816637439683,7.816637439583,7.816637439583,7.816637439703,7.816637439703,7.816637439693,7.816637439693,7.816637439383,7.816637439283,7.81663743927,7.81663743927,7.816637439283,7.816637440383,7.816637440383,7.816637440383,7.816637440183,7.816637440183,7.816637440183,7.816637440383,7.816637440283,7.816637440483,7.816637440523,7.816637440523,7.816637440523,7.816637439683,7.816637439683,7.816637439763,7.816637439843,7.816637439843,7.816637440163,7.816637440163,7.816637440163,7.816637440183,7.816637440083,7.816637440113,7.816637440113,7.816637439783,7.816637439783,7.816637440043,7.816637440043,7.816637440043,7.816637440043,7.816637440063,7.816637440063,7.816637440113,7.816637440113,7.816637439283,7.816637439733,7.816637439733,2.112199720423,2.10977420977,0,0.12302475714,0.97628105417,2.141252314153,2.141252314153,2.141252314153,2.141252314153,2.517021954523,2.517021954523,2.517021954463,2.517021954463,2.517021954443,2.517021954443,2.517021954503,2.517021954443,2.517021954443,4.365240646253,4.365240646253,4.365240646253,4.3652406463846,4.3652406463846,4.365240646353,4.445871054123,4.445871054023,4.445871054013,4.445871054013,4.445871053973,4.445871054073,4.445871054073,4.445871054073,4.445871054023,4.445871054123,4.445871054123,4.445871054023,4.445871053923,4.445871053923,6.242126800923,6.242126800923,6.242126800923,6.242126800923,6.242126800823,6.242126800823
"t84",7.816637439703,7.816637439673,7.816637439653,7.816637439653,7.816637439673,7.816637439663,7.816637439663,7.816637439683,7.816637439583,7.816637439583,7.816637439703,7.816637439703,7.816637439693,7.816637439693,7.816637439383,7.816637439283,7.81663743927,7.81663743927,7.816637439283,7.816637440383,7.816637440383,7.816637440383,7.816637440183,7.816637440183,7.816637440183,7.816637440383,7.816637440283,7.816637440483,7.816637440523,7.816637440523,7.816637440523,7.816637439683,7.816637439683,7.816637439763,7.816637439843,7.816637439843,7.816637440163,7.816637440163,7.816637440163,7.816637440183,7.816637440083,7.816637440113,7.816637440113,7.816637439783,7.816637439783,7.816637440043,7.816637440043,7.816637440043,7.816637440043,7.816637440063,7.816637440063,7.816637440113,7.816637440113,7.816637439283,7.816637439733,7.816637439733,2.112199720423,2.10977420977,0.12302475714,0,0.97628105417,2.141252314153,2.141252314153,2.141252314153,2.141252314153,2.517021954523,2.517021954523,2.517021954463,2.517021954463,2.517021954443,2.517021954443,2.517021954503,2.517021954443,2.517021954443,4.365240646253,4.365240646253,4.365240646253,4.3652406463846,4.3652406463846,4.365240646353,4.445871054123,4.445871054023,4.445871054013,4.445871054013,4.445871053973,4.445871054073,4.445871054073,4.445871054073,4.445871054023,4.445871054123,4.445871054123,4.445871054023,4.445871053923,4.445871053923,6.242126800923,6.242126800923,6.242126800923,6.242126800923,6.242126800823,6.242126800823
"t36",7.816637439733,7.816637439703,7.816637439683,7.816637439683,7.816637439703,7.816637439693,7.816637439693,7.816637439713,7.816637439613,7.816637439613,7.816637439733,7.816637439733,7.816637439723,7.816637439723,7.816637439413,7.816637439313,7.8166374393,7.8166374393,7.816637439313,7.816637440413,7.816637440413,7.816637440413,7.816637440213,7.816637440213,7.816637440213,7.816637440413,7.816637440313,7.816637440513,7.816637440553,7.816637440553,7.816637440553,7.816637439713,7.816637439713,7.816637439793,7.816637439873,7.816637439873,7.816637440193,7.816637440193,7.816637440193,7.816637440213,7.816637440113,7.816637440143,7.816637440143,7.816637439813,7.816637439813,7.816637440073,7.816637440073,7.816637440073,7.816637440073,7.816637440093,7.816637440093,7.816637440143,7.816637440143,7.816637439313,7.816637439763,7.816637439763,2.112199720453,2.1097742098,0.97628105417,0.97628105417,0,2.141252314183,2.141252314183,2.141252314183,2.141252314183,2.517021954553,2.517021954553,2.517021954493,2.517021954493,2.517021954473,2.517021954473,2.517021954533,2.517021954473,2.517021954473,4.365240646283,4.365240646283,4.365240646283,4.3652406464146,4.3652406464146,4.365240646383,4.445871054153,4.445871054053,4.445871054043,4.445871054043,4.445871054003,4.445871054103,4.445871054103,4.445871054103,4.445871054053,4.445871054153,4.445871054153,4.445871054053,4.445871053953,4.445871053953,6.242126800953,6.242126800953,6.242126800953,6.242126800953,6.242126800853,6.242126800853
"t11",7.81663743975,7.81663743972,7.8166374397,7.8166374397,7.81663743972,7.81663743971,7.81663743971,7.81663743973,7.81663743963,7.81663743963,7.81663743975,7.81663743975,7.81663743974,7.81663743974,7.81663743943,7.81663743933,7.816637439317,7.816637439317,7.81663743933,7.81663744043,7.81663744043,7.81663744043,7.81663744023,7.81663744023,7.81663744023,7.81663744043,7.81663744033,7.81663744053,7.81663744057,7.81663744057,7.81663744057,7.81663743973,7.81663743973,7.81663743981,7.81663743989,7.81663743989,7.81663744021,7.81663744021,7.81663744021,7.81663744023,7.81663744013,7.81663744016,7.81663744016,7.81663743983,7.81663743983,7.81663744009,7.81663744009,7.81663744009,7.81663744009,7.81663744011,7.81663744011,7.81663744016,7.81663744016,7.81663743933,7.81663743978,7.81663743978,2.14125231373,2.141252314383,2.141252314153,2.141252314153,2.141252314183,0,1.8463260934,1.8463260934,1.8463260934,2.51702195457,2.51702195457,2.51702195451,2.51702195451,2.51702195449,2.51702195449,2.51702195455,2.51702195449,2.51702195449,4.3652406463,4.3652406463,4.3652406463,4.3652406464316,4.3652406464316,4.3652406464,4.44587105417,4.44587105407,4.44587105406,4.44587105406,4.44587105402,4.44587105412,4.44587105412,4.44587105412,4.44587105407,4.44587105417,4.44587105417,4.44587105407,4.44587105397,4.44587105397,6.24212680097,6.24212680097,6.24212680097,6.24212680097,6.24212680087,6.24212680087
"t15",7.81663743975,7.81663743972,7.8166374397,7.8166374397,7.81663743972,7.81663743971,7.81663743971,7.81663743973,7.81663743963,7.81663743963,7.81663743975,7.81663743975,7.81663743974,7.81663743974,7.81663743943,7.81663743933,7.816637439317,7.816637439317,7.81663743933,7.81663744043,7.81663744043,7.81663744043,7.81663744023,7.81663744023,7.81663744023,7.81663744043,7.81663744033,7.81663744053,7.81663744057,7.81663744057,7.81663744057,7.81663743973,7.81663743973,7.81663743981,7.81663743989,7.81663743989,7.81663744021,7.81663744021,7.81663744021,7.81663744023,7.81663744013,7.81663744016,7.81663744016,7.81663743983,7.81663743983,7.81663744009,7.81663744009,7.81663744009,7.81663744009,7.81663744011,7.81663744011,7.81663744016,7.81663744016,7.81663743933,7.81663743978,7.81663743978,2.14125231373,2.141252314383,2.141252314153,2.141252314153,2.141252314183,1.8463260934,0,1.6375712074,1.6375712074,2.51702195457,2.51702195457,2.51702195451,2.51702195451,2.51702195449,2.51702195449,2.51702195455,2.51702195449,2.51702195449,4.3652406463,4.3652406463,4.3652406463,4.3652406464316,4.3652406464316,4.3652406464,4.44587105417,4.44587105407,4.44587105406,4.44587105406,4.44587105402,4.44587105412,4.44587105412,4.44587105412,4.44587105407,4.44587105417,4.44587105417,4.44587105407,4.44587105397,4.44587105397,6.24212680097,6.24212680097,6.24212680097,6.24212680097,6.24212680087,6.24212680087
"t38",7.81663743975,7.81663743972,7.8166374397,7.8166374397,7.81663743972,7.81663743971,7.81663743971,7.81663743973,7.81663743963,7.81663743963,7.81663743975,7.81663743975,7.81663743974,7.81663743974,7.81663743943,7.81663743933,7.816637439317,7.816637439317,7.81663743933,7.81663744043,7.81663744043,7.81663744043,7.81663744023,7.81663744023,7.81663744023,7.81663744043,7.81663744033,7.81663744053,7.81663744057,7.81663744057,7.81663744057,7.81663743973,7.81663743973,7.81663743981,7.81663743989,7.81663743989,7.81663744021,7.81663744021,7.81663744021,7.81663744023,7.81663744013,7.81663744016,7.81663744016,7.81663743983,7.81663743983,7.81663744009,7.81663744009,7.81663744009,7.81663744009,7.81663744011,7.81663744011,7.81663744016,7.81663744016,7.81663743933,7.81663743978,7.81663743978,2.14125231373,2.141252314383,2.141252314153,2.141252314153,2.141252314183,1.8463260934,1.6375712074,0,0.8718425758,2.51702195457,2.51702195457,2.51702195451,2.51702195451,2.51702195449,2.51702195449,2.51702195455,2.51702195449,2.51702195449,4.3652406463,4.3652406463,4.3652406463,4.3652406464316,4.3652406464316,4.3652406464,4.44587105417,4.44587105407,4.44587105406,4.44587105406,4.44587105402,4.44587105412,4.44587105412,4.44587105412,4.44587105407,4.44587105417,4.44587105417,4.44587105407,4.44587105397,4.44587105397,6.24212680097,6.24212680097,6.24212680097,6.24212680097,6.24212680087,6.24212680087
"t39",7.81663743975,7.81663743972,7.8166374397,7.8166374397,7.81663743972,7.81663743971,7.81663743971,7.81663743973,7.81663743963,7.81663743963,7.81663743975,7.81663743975,7.81663743974,7.81663743974,7.81663743943,7.81663743933,7.816637439317,7.816637439317,7.81663743933,7.81663744043,7.81663744043,7.81663744043,7.81663744023,7.81663744023,7.81663744023,7.81663744043,7.81663744033,7.81663744053,7.81663744057,7.81663744057,7.81663744057,7.81663743973,7.81663743973,7.81663743981,7.81663743989,7.81663743989,7.81663744021,7.81663744021,7.81663744021,7.81663744023,7.81663744013,7.81663744016,7.81663744016,7.81663743983,7.81663743983,7.81663744009,7.81663744009,7.81663744009,7.81663744009,7.81663744011,7.81663744011,7.81663744016,7.81663744016,7.81663743933,7.81663743978,7.81663743978,2.14125231373,2.141252314383,2.141252314153,2.141252314153,2.141252314183,1.8463260934,1.6375712074,0.8718425758,0,2.51702195457,2.51702195457,2.51702195451,2.51702195451,2.51702195449,2.51702195449,2.51702195455,2.51702195449,2.51702195449,4.3652406463,4.3652406463,4.3652406463,4.3652406464316,4.3652406464316,4.3652406464,4.44587105417,4.44587105407,4.44587105406,4.44587105406,4.44587105402,4.44587105412,4.44587105412,4.44587105412,4.44587105407,4.44587105417,4.44587105417,4.44587105407,4.44587105397,4.44587105397,6.24212680097,6.24212680097,6.24212680097,6.24212680097,6.24212680087,6.24212680087
"t89",7.81663743972,7.81663743969,7.81663743967,7.81663743967,7.81663743969,7.81663743968,7.81663743968,7.8166374397,7.8166374396,7.8166374396,7.81663743972,7.81663743972,7.81663743971,7.81663743971,7.8166374394,7.8166374393,7.816637439287,7.816637439287,7.8166374393,7.8166374404,7.8166374404,7.8166374404,7.8166374402,7.8166374402,7.8166374402,7.8166374404,7.8166374403,7.8166374405,7.81663744054,7.81663744054,7.81663744054,7.8166374397,7.8166374397,7.81663743978,7.81663743986,7.81663743986,7.81663744018,7.81663744018,7.81663744018,7.8166374402,7.8166374401,7.81663744013,7.81663744013,7.8166374398,7.8166374398,7.81663744006,7.81663744006,7.81663744006,7.81663744006,7.81663744008,7.81663744008,7.81663744013,7.81663744013,7.8166374393,7.81663743975,7.81663743975,2.5170219541,2.517021954753,2.517021954523,2.517021954523,2.517021954553,2.51702195457,2.51702195457,2.51702195457,2.51702195457,0,0.09090560344,0.96520331278,0.96520331278,0.96520331276,0.96520331276,2.43974134782,2.43974134776,2.43974134776,4.36524064627,4.36524064627,4.36524064627,4.3652406464016,4.3652406464016,4.36524064637,4.44587105414,4.44587105404,4.44587105403,4.44587105403,4.44587105399,4.44587105409,4.44587105409,4.44587105409,4.44587105404,4.44587105414,4.44587105414,4.44587105404,4.44587105394,4.44587105394,6.24212680094,6.24212680094,6.24212680094,6.24212680094,6.24212680084,6.24212680084
"t90",7.81663743972,7.81663743969,7.81663743967,7.81663743967,7.81663743969,7.81663743968,7.81663743968,7.8166374397,7.8166374396,7.8166374396,7.81663743972,7.81663743972,7.81663743971,7.81663743971,7.8166374394,7.8166374393,7.816637439287,7.816637439287,7.8166374393,7.8166374404,7.8166374404,7.8166374404,7.8166374402,7.8166374402,7.8166374402,7.8166374404,7.8166374403,7.8166374405,7.81663744054,7.81663744054,7.81663744054,7.8166374397,7.8166374397,7.81663743978,7.81663743986,7.81663743986,7.81663744018,7.81663744018,7.81663744018,7.8166374402,7.8166374401,7.81663744013,7.81663744013,7.8166374398,7.8166374398,7.81663744006,7.81663744006,7.81663744006,7.81663744006,7.81663744008,7.81663744008,7.81663744013,7.81663744013,7.8166374393,7.81663743975,7.81663743975,2.5170219541,2.517021954753,2.517021954523,2.517021954523,2.517021954553,2.51702195457,2.51702195457,2.51702195457,2.51702195457,0.09090560344,0,0.96520331278,0.96520331278,0.96520331276,0.96520331276,2.43974134782,2.43974134776,2.43974134776,4.36524064627,4.36524064627,4.36524064627,4.3652406464016,4.3652406464016,4.36524064637,4.44587105414,4.44587105404,4.44587105403,4.44587105403,4.44587105399,4.44587105409,4.44587105409,4.44587105409,4.44587105404,4.44587105414,4.44587105414,4.44587105404,4.44587105394,4.44587105394,6.24212680094,6.24212680094,6.24212680094,6.24212680094,6.24212680084,6.24212680084
"t40",7.81663743966,7.81663743963,7.81663743961,7.81663743961,7.81663743963,7.81663743962,7.81663743962,7.81663743964,7.81663743954,7.81663743954,7.81663743966,7.81663743966,7.81663743965,7.81663743965,7.81663743934,7.81663743924,7.816637439227,7.816637439227,7.81663743924,7.81663744034,7.81663744034,7.81663744034,7.81663744014,7.81663744014,7.81663744014,7.81663744034,7.81663744024,7.81663744044,7.81663744048,7.81663744048,7.81663744048,7.81663743964,7.81663743964,7.81663743972,7.8166374398,7.8166374398,7.81663744012,7.81663744012,7.81663744012,7.81663744014,7.81663744004,7.81663744007,7.81663744007,7.81663743974,7.81663743974,7.81663744,7.81663744,7.81663744,7.81663744,7.81663744002,7.81663744002,7.81663744007,7.81663744007,7.81663743924,7.81663743969,7.81663743969,2.51702195404,2.517021954693,2.517021954463,2.517021954463,2.517021954493,2.51702195451,2.51702195451,2.51702195451,2.51702195451,0.96520331278,0.96520331278,0,0.8621145826,0.86211458258,0.86211458258,2.43974134776,2.4397413477,2.4397413477,4.36524064621,4.36524064621,4.36524064621,4.3652406463416,4.3652406463416,4.36524064631,4.44587105408,4.44587105398,4.44587105397,4.44587105397,4.44587105393,4.44587105403,4.44587105403,4.44587105403,4.44587105398,4.44587105408,4.44587105408,4.44587105398,4.44587105388,4.44587105388,6.24212680088,6.24212680088,6.24212680088,6.24212680088,6.24212680078,6.24212680078
"t61",7.81663743966,7.81663743963,7.81663743961,7.81663743961,7.81663743963,7.81663743962,7.81663743962,7.81663743964,7.81663743954,7.81663743954,7.81663743966,7.81663743966,7.81663743965,7.81663743965,7.81663743934,7.81663743924,7.816637439227,7.816637439227,7.81663743924,7.81663744034,7.81663744034,7.81663744034,7.81663744014,7.81663744014,7.81663744014,7.81663744034,7.81663744024,7.81663744044,7.81663744048,7.81663744048,7.81663744048,7.81663743964,7.81663743964,7.81663743972,7.8166374398,7.8166374398,7.81663744012,7.81663744012,7.81663744012,7.81663744014,7.81663744004,7.81663744007,7.81663744007,7.81663743974,7.81663743974,7.81663744,7.81663744,7.81663744,7.81663744,7.81663744002,7.81663744002,7.81663744007,7.81663744007,7.81663743924,7.81663743969,7.81663743969,2.51702195404,2.517021954693,2.517021954463,2.517021954463,2.517021954493,2.51702195451,2.51702195451,2.51702195451,2.51702195451,0.96520331278,0.96520331278,0.8621145826,0,0.42534810078,0.42534810078,2.43974134776,2.4397413477,2.4397413477,4.36524064621,4.36524064621,4.36524064621,4.3652406463416,4.3652406463416,4.36524064631,4.44587105408,4.44587105398,4.44587105397,4.44587105397,4.44587105393,4.44587105403,4.44587105403,4.44587105403,4.44587105398,4.44587105408,4.44587105408,4.44587105398,4.44587105388,4.44587105388,6.24212680088,6.24212680088,6.24212680088,6.24212680088,6.24212680078,6.24212680078
"t69",7.81663743964,7.81663743961,7.81663743959,7.81663743959,7.81663743961,7.8166374396,7.8166374396,7.81663743962,7.81663743952,7.81663743952,7.81663743964,7.81663743964,7.81663743963,7.81663743963,7.81663743932,7.81663743922,7.816637439207,7.816637439207,7.81663743922,7.81663744032,7.81663744032,7.81663744032,7.81663744012,7.81663744012,7.81663744012,7.81663744032,7.81663744022,7.81663744042,7.81663744046,7.81663744046,7.81663744046,7.81663743962,7.81663743962,7.8166374397,7.81663743978,7.81663743978,7.8166374401,7.8166374401,7.8166374401,7.81663744012,7.81663744002,7.81663744005,7.81663744005,7.81663743972,7.81663743972,7.81663743998,7.81663743998,7.81663743998,7.81663743998,7.81663744,7.81663744,7.81663744005,7.81663744005,7.81663743922,7.81663743967,7.81663743967,2.51702195402,2.517021954673,2.517021954443,2.517021954443,2.517021954473,2.51702195449,2.51702195449,2.51702195449,2.51702195449,0.96520331276,0.96520331276,0.86211458258,0.42534810078,0,0.3831676058,2.43974134774,2.43974134768,2.43974134768,4.36524064619,4.36524064619,4.36524064619,4.3652406463216,4.3652406463216,4.36524064629,4.44587105406,4.44587105396,4.44587105395,4.44587105395,4.44587105391,4.44587105401,4.44587105401,4.44587105401,4.44587105396,4.44587105406,4.44587105406,4.44587105396,4.44587105386,4.44587105386,6.24212680086,6.24212680086,6.24212680086,6.24212680086,6.24212680076,6.24212680076
"t70",7.81663743964,7.81663743961,7.81663743959,7.81663743959,7.81663743961,7.8166374396,7.8166374396,7.81663743962,7.81663743952,7.81663743952,7.81663743964,7.81663743964,7.81663743963,7.81663743963,7.81663743932,7.81663743922,7.816637439207,7.816637439207,7.81663743922,7.81663744032,7.81663744032,7.81663744032,7.81663744012,7.81663744012,7.81663744012,7.81663744032,7.81663744022,7.81663744042,7.81663744046,7.81663744046,7.81663744046,7.81663743962,7.81663743962,7.8166374397,7.81663743978,7.81663743978,7.8166374401,7.8166374401,7.8166374401,7.81663744012,7.81663744002,7.81663744005,7.81663744005,7.81663743972,7.81663743972,7.81663743998,7.81663743998,7.81663743998,7.81663743998,7.81663744,7.81663744,7.81663744005,7.81663744005,7.81663743922,7.81663743967,7.81663743967,2.51702195402,2.517021954673,2.517021954443,2.517021954443,2.517021954473,2.51702195449,2.51702195449,2.51702195449,2.51702195449,0.96520331276,0.96520331276,0.86211458258,0.42534810078,0.3831676058,0,2.43974134774,2.43974134768,2.43974134768,4.36524064619,4.36524064619,4.36524064619,4.3652406463216,4.3652406463216,4.36524064629,4.44587105406,4.44587105396,4.44587105395,4.44587105395,4.44587105391,4.44587105401,4.44587105401,4.44587105401,4.44587105396,4.44587105406,4.44587105406,4.44587105396,4.44587105386,4.44587105386,6.24212680086,6.24212680086,6.24212680086,6.24212680086,6.24212680076,6.24212680076
"t19",7.8166374397,7.81663743967,7.81663743965,7.81663743965,7.81663743967,7.81663743966,7.81663743966,7.81663743968,7.81663743958,7.81663743958,7.8166374397,7.8166374397,7.81663743969,7.81663743969,7.81663743938,7.81663743928,7.816637439267,7.816637439267,7.81663743928,7.81663744038,7.81663744038,7.81663744038,7.81663744018,7.81663744018,7.81663744018,7.81663744038,7.81663744028,7.81663744048,7.81663744052,7.81663744052,7.81663744052,7.81663743968,7.81663743968,7.81663743976,7.81663743984,7.81663743984,7.81663744016,7.81663744016,7.81663744016,7.81663744018,7.81663744008,7.81663744011,7.81663744011,7.81663743978,7.81663743978,7.81663744004,7.81663744004,7.81663744004,7.81663744004,7.81663744006,7.81663744006,7.81663744011,7.81663744011,7.81663743928,7.81663743973,7.81663743973,2.51702195408,2.517021954733,2.517021954503,2.517021954503,2.517021954533,2.51702195455,2.51702195455,2.51702195455,2.51702195455,2.43974134782,2.43974134782,2.43974134776,2.43974134776,2.43974134774,2.43974134774,0,1.39429673534,1.39429673534,4.36524064625,4.36524064625,4.36524064625,4.3652406463816,4.3652406463816,4.36524064635,4.44587105412,4.44587105402,4.44587105401,4.44587105401,4.44587105397,4.44587105407,4.44587105407,4.44587105407,4.44587105402,4.44587105412,4.44587105412,4.44587105402,4.44587105392,4.44587105392,6.24212680092,6.24212680092,6.24212680092,6.24212680092,6.24212680082,6.24212680082
"t93",7.81663743964,7.81663743961,7.81663743959,7.81663743959,7.81663743961,7.8166374396,7.8166374396,7.81663743962,7.81663743952,7.81663743952,7.81663743964,7.81663743964,7.81663743963,7.81663743963,7.81663743932,7.81663743922,7.816637439207,7.816637439207,7.81663743922,7.81663744032,7.81663744032,7.81663744032,7.81663744012,7.81663744012,7.81663744012,7.81663744032,7.81663744022,7.81663744042,7.81663744046,7.81663744046,7.81663744046,7.81663743962,7.81663743962,7.8166374397,7.81663743978,7.81663743978,7.8166374401,7.8166374401,7.8166374401,7.81663744012,7.81663744002,7.81663744005,7.81663744005,7.81663743972,7.81663743972,7.81663743998,7.81663743998,7.81663743998,7.81663743998,7.81663744,7.81663744,7.81663744005,7.81663744005,7.81663743922,7.81663743967,7.81663743967,2.51702195402,2.517021954673,2.517021954443,2.517021954443,2.517021954473,2.51702195449,2.51702195449,2.51702195449,2.51702195449,2.43974134776,2.43974134776,2.4397413477,2.4397413477,2.43974134768,2.43974134768,1.39429673534,0,0.03469025188,4.36524064619,4.36524064619,4.36524064619,4.3652406463216,4.3652406463216,4.36524064629,4.44587105406,4.44587105396,4.44587105395,4.44587105395,4.44587105391,4.44587105401,4.44587105401,4.44587105401,4.44587105396,4.44587105406,4.44587105406,4.44587105396,4.44587105386,4.44587105386,6.24212680086,6.24212680086,6.24212680086,6.24212680086,6.24212680076,6.24212680076
"t94",7.81663743964,7.81663743961,7.81663743959,7.81663743959,7.81663743961,7.8166374396,7.8166374396,7.81663743962,7.81663743952,7.81663743952,7.81663743964,7.81663743964,7.81663743963,7.81663743963,7.81663743932,7.81663743922,7.816637439207,7.816637439207,7.81663743922,7.81663744032,7.81663744032,7.81663744032,7.81663744012,7.81663744012,7.81663744012,7.81663744032,7.81663744022,7.81663744042,7.81663744046,7.81663744046,7.81663744046,7.81663743962,7.81663743962,7.8166374397,7.81663743978,7.81663743978,7.8166374401,7.8166374401,7.8166374401,7.81663744012,7.81663744002,7.81663744005,7.81663744005,7.81663743972,7.81663743972,7.81663743998,7.81663743998,7.81663743998,7.81663743998,7.81663744,7.81663744,7.81663744005,7.81663744005,7.81663743922,7.81663743967,7.81663743967,2.51702195402,2.517021954673,2.517021954443,2.517021954443,2.517021954473,2.51702195449,2.51702195449,2.51702195449,2.51702195449,2.43974134776,2.43974134776,2.4397413477,2.4397413477,2.43974134768,2.43974134768,1.39429673534,0.03469025188,0,4.36524064619,4.36524064619,4.36524064619,4.3652406463216,4.3652406463216,4.36524064629,4.44587105406,4.44587105396,4.44587105395,4.44587105395,4.44587105391,4.44587105401,4.44587105401,4.44587105401,4.44587105396,4.44587105406,4.44587105406,4.44587105396,4.44587105386,4.44587105386,6.24212680086,6.24212680086,6.24212680086,6.24212680086,6.24212680076,6.24212680076
"t20",7.81663743965,7.81663743962,7.8166374396,7.8166374396,7.81663743962,7.81663743961,7.81663743961,7.81663743963,7.81663743953,7.81663743953,7.81663743965,7.81663743965,7.81663743964,7.81663743964,7.81663743933,7.81663743923,7.816637439217,7.816637439217,7.81663743923,7.81663744033,7.81663744033,7.81663744033,7.81663744013,7.81663744013,7.81663744013,7.81663744033,7.81663744023,7.81663744043,7.81663744047,7.81663744047,7.81663744047,7.81663743963,7.81663743963,7.81663743971,7.81663743979,7.81663743979,7.81663744011,7.81663744011,7.81663744011,7.81663744013,7.81663744003,7.81663744006,7.81663744006,7.81663743973,7.81663743973,7.81663743999,7.81663743999,7.81663743999,7.81663743999,7.81663744001,7.81663744001,7.81663744006,7.81663744006,7.81663743923,7.81663743968,7.81663743968,4.36524064583,4.365240646483,4.365240646253,4.365240646253,4.365240646283,4.3652406463,4.3652406463,4.3652406463,4.3652406463,4.36524064627,4.36524064627,4.36524064621,4.36524064621,4.36524064619,4.36524064619,4.36524064625,4.36524064619,4.36524064619,0,1.3872574176,1.3872574176,3.2225357021316,3.2225357021316,3.2225357021,4.44587105407,4.44587105397,4.44587105396,4.44587105396,4.44587105392,4.44587105402,4.44587105402,4.44587105402,4.44587105397,4.44587105407,4.44587105407,4.44587105397,4.44587105387,4.44587105387,6.24212680087,6.24212680087,6.24212680087,6.24212680087,6.24212680077,6.24212680077
"t53",7.81663743965,7.81663743962,7.8166374396,7.8166374396,7.81663743962,7.81663743961,7.81663743961,7.81663743963,7.81663743953,7.81663743953,7.81663743965,7.81663743965,7.81663743964,7.81663743964,7.81663743933,7.81663743923,7.816637439217,7.816637439217,7.81663743923,7.81663744033,7.81663744033,7.81663744033,7.81663744013,7.81663744013,7.81663744013,7.81663744033,7.81663744023,7.81663744043,7.81663744047,7.81663744047,7.81663744047,7.81663743963,7.81663743963,7.81663743971,7.81663743979,7.81663743979,7.81663744011,7.81663744011,7.81663744011,7.81663744013,7.81663744003,7.81663744006,7.81663744006,7.81663743973,7.81663743973,7.81663743999,7.81663743999,7.81663743999,7.81663743999,7.81663744001,7.81663744001,7.81663744006,7.81663744006,7.81663743923,7.81663743968,7.81663743968,4.36524064583,4.365240646483,4.365240646253,4.365240646253,4.365240646283,4.3652406463,4.3652406463,4.3652406463,4.3652406463,4.36524064627,4.36524064627,4.36524064621,4.36524064621,4.36524064619,4.36524064619,4.36524064625,4.36524064619,4.36524064619,1.3872574176,0,0.5632063554,3.2225357021316,3.2225357021316,3.2225357021,4.44587105407,4.44587105397,4.44587105396,4.44587105396,4.44587105392,4.44587105402,4.44587105402,4.44587105402,4.44587105397,4.44587105407,4.44587105407,4.44587105397,4.44587105387,4.44587105387,6.24212680087,6.24212680087,6.24212680087,6.24212680087,6.24212680077,6.24212680077
"t54",7.81663743965,7.81663743962,7.8166374396,7.8166374396,7.81663743962,7.81663743961,7.81663743961,7.81663743963,7.81663743953,7.81663743953,7.81663743965,7.81663743965,7.81663743964,7.81663743964,7.81663743933,7.81663743923,7.816637439217,7.816637439217,7.81663743923,7.81663744033,7.81663744033,7.81663744033,7.81663744013,7.81663744013,7.81663744013,7.81663744033,7.81663744023,7.81663744043,7.81663744047,7.81663744047,7.81663744047,7.81663743963,7.81663743963,7.81663743971,7.81663743979,7.81663743979,7.81663744011,7.81663744011,7.81663744011,7.81663744013,7.81663744003,7.81663744006,7.81663744006,7.81663743973,7.81663743973,7.81663743999,7.81663743999,7.81663743999,7.81663743999,7.81663744001,7.81663744001,7.81663744006,7.81663744006,7.81663743923,7.81663743968,7.81663743968,4.36524064583,4.365240646483,4.365240646253,4.365240646253,4.365240646283,4.3652406463,4.3652406463,4.3652406463,4.3652406463,4.36524064627,4.36524064627,4.36524064621,4.36524064621,4.36524064619,4.36524064619,4.36524064625,4.36524064619,4.36524064619,1.3872574176,0.5632063554,0,3.2225357021316,3.2225357021316,3.2225357021,4.44587105407,4.44587105397,4.44587105396,4.44587105396,4.44587105392,4.44587105402,4.44587105402,4.44587105402,4.44587105397,4.44587105407,4.44587105407,4.44587105397,4.44587105387,4.44587105387,6.24212680087,6.24212680087,6.24212680087,6.24212680087,6.24212680077,6.24212680077
"t99",7.8166374397816,7.8166374397516,7.8166374397316,7.8166374397316,7.8166374397516,7.8166374397416,7.8166374397416,7.8166374397616,7.8166374396616,7.8166374396616,7.8166374397816,7.8166374397816,7.8166374397716,7.8166374397716,7.8166374394616,7.8166374393616,7.8166374393486,7.8166374393486,7.8166374393616,7.8166374404616,7.8166374404616,7.8166374404616,7.8166374402616,7.8166374402616,7.8166374402616,7.8166374404616,7.8166374403616,7.8166374405616,7.8166374406016,7.8166374406016,7.8166374406016,7.8166374397616,7.8166374397616,7.8166374398416,7.8166374399216,7.8166374399216,7.8166374402416,7.8166374402416,7.8166374402416,7.8166374402616,7.8166374401616,7.8166374401916,7.8166374401916,7.8166374398616,7.8166374398616,7.8166374401216,7.8166374401216,7.8166374401216,7.8166374401216,7.8166374401416,7.8166374401416,7.8166374401916,7.8166374401916,7.8166374393616,7.8166374398116,7.8166374398116,4.3652406459616,4.3652406466146,4.3652406463846,4.3652406463846,4.3652406464146,4.3652406464316,4.3652406464316,4.3652406464316,4.3652406464316,4.3652406464016,4.3652406464016,4.3652406463416,4.3652406463416,4.3652406463216,4.3652406463216,4.3652406463816,4.3652406463216,4.3652406463216,3.2225357021316,3.2225357021316,3.2225357021316,0,0.0019473986632,0.8884871442316,4.4458710542016,4.4458710541016,4.4458710540916,4.4458710540916,4.4458710540516,4.4458710541516,4.4458710541516,4.4458710541516,4.4458710541016,4.4458710542016,4.4458710542016,4.4458710541016,4.4458710540016,4.4458710540016,6.2421268010016,6.2421268010016,6.2421268010016,6.2421268010016,6.2421268009016,6.2421268009016
"t100",7.8166374397816,7.8166374397516,7.8166374397316,7.8166374397316,7.8166374397516,7.8166374397416,7.8166374397416,7.8166374397616,7.8166374396616,7.8166374396616,7.8166374397816,7.8166374397816,7.8166374397716,7.8166374397716,7.8166374394616,7.8166374393616,7.8166374393486,7.8166374393486,7.8166374393616,7.8166374404616,7.8166374404616,7.8166374404616,7.8166374402616,7.8166374402616,7.8166374402616,7.8166374404616,7.8166374403616,7.8166374405616,7.8166374406016,7.8166374406016,7.8166374406016,7.8166374397616,7.8166374397616,7.8166374398416,7.8166374399216,7.8166374399216,7.8166374402416,7.8166374402416,7.8166374402416,7.8166374402616,7.8166374401616,7.8166374401916,7.8166374401916,7.8166374398616,7.8166374398616,7.8166374401216,7.8166374401216,7.8166374401216,7.8166374401216,7.8166374401416,7.8166374401416,7.8166374401916,7.8166374401916,7.8166374393616,7.8166374398116,7.8166374398116,4.3652406459616,4.3652406466146,4.3652406463846,4.3652406463846,4.3652406464146,4.3652406464316,4.3652406464316,4.3652406464316,4.3652406464316,4.3652406464016,4.3652406464016,4.3652406463416,4.3652406463416,4.3652406463216,4.3652406463216,4.3652406463816,4.3652406463216,4.3652406463216,3.2225357021316,3.2225357021316,3.2225357021316,0.0019473986632,0,0.8884871442316,4.4458710542016,4.4458710541016,4.4458710540916,4.4458710540916,4.4458710540516,4.4458710541516,4.4458710541516,4.4458710541516,4.4458710541016,4.4458710542016,4.4458710542016,4.4458710541016,4.4458710540016,4.4458710540016,6.2421268010016,6.2421268010016,6.2421268010016,6.2421268010016,6.2421268009016,6.2421268009016
"t37",7.81663743975,7.81663743972,7.8166374397,7.8166374397,7.81663743972,7.81663743971,7.81663743971,7.81663743973,7.81663743963,7.81663743963,7.81663743975,7.81663743975,7.81663743974,7.81663743974,7.81663743943,7.81663743933,7.816637439317,7.816637439317,7.81663743933,7.81663744043,7.81663744043,7.81663744043,7.81663744023,7.81663744023,7.81663744023,7.81663744043,7.81663744033,7.81663744053,7.81663744057,7.81663744057,7.81663744057,7.81663743973,7.81663743973,7.81663743981,7.81663743989,7.81663743989,7.81663744021,7.81663744021,7.81663744021,7.81663744023,7.81663744013,7.81663744016,7.81663744016,7.81663743983,7.81663743983,7.81663744009,7.81663744009,7.81663744009,7.81663744009,7.81663744011,7.81663744011,7.81663744016,7.81663744016,7.81663743933,7.81663743978,7.81663743978,4.36524064593,4.365240646583,4.365240646353,4.365240646353,4.365240646383,4.3652406464,4.3652406464,4.3652406464,4.3652406464,4.36524064637,4.36524064637,4.36524064631,4.36524064631,4.36524064629,4.36524064629,4.36524064635,4.36524064629,4.36524064629,3.2225357021,3.2225357021,3.2225357021,0.8884871442316,0.8884871442316,0,4.44587105417,4.44587105407,4.44587105406,4.44587105406,4.44587105402,4.44587105412,4.44587105412,4.44587105412,4.44587105407,4.44587105417,4.44587105417,4.44587105407,4.44587105397,4.44587105397,6.24212680097,6.24212680097,6.24212680097,6.24212680097,6.24212680087,6.24212680087
"t4",7.81663743978,7.81663743975,7.81663743973,7.81663743973,7.81663743975,7.81663743974,7.81663743974,7.81663743976,7.81663743966,7.81663743966,7.81663743978,7.81663743978,7.81663743977,7.81663743977,7.81663743946,7.81663743936,7.816637439347,7.816637439347,7.81663743936,7.81663744046,7.81663744046,7.81663744046,7.81663744026,7.81663744026,7.81663744026,7.81663744046,7.81663744036,7.81663744056,7.8166374406,7.8166374406,7.8166374406,7.81663743976,7.81663743976,7.81663743984,7.81663743992,7.81663743992,7.81663744024,7.81663744024,7.81663744024,7.81663744026,7.81663744016,7.81663744019,7.81663744019,7.81663743986,7.81663743986,7.81663744012,7.81663744012,7.81663744012,7.81663744012,7.81663744014,7.81663744014,7.81663744019,7.81663744019,7.81663743936,7.81663743981,7.81663743981,4.4458710537,4.445871054353,4.445871054123,4.445871054123,4.445871054153,4.44587105417,4.44587105417,4.44587105417,4.44587105417,4.44587105414,4.44587105414,4.44587105408,4.44587105408,4.44587105406,4.44587105406,4.44587105412,4.44587105406,4.44587105406,4.44587105407,4.44587105407,4.44587105407,4.4458710542016,4.4458710542016,4.44587105417,0,2.7309359959,2.73093599589,2.73093599589,2.73093599585,2.73093599595,2.73093599595,2.73093599595,2.7309359959,2.730935996,2.730935996,2.7309359959,2.7309359958,2.7309359958,6.242126801,6.242126801,6.242126801,6.242126801,6.2421268009,6.2421268009
"t14",7.81663743968,7.81663743965,7.81663743963,7.81663743963,7.81663743965,7.81663743964,7.81663743964,7.81663743966,7.81663743956,7.81663743956,7.81663743968,7.81663743968,7.81663743967,7.81663743967,7.81663743936,7.81663743926,7.816637439247,7.816637439247,7.81663743926,7.81663744036,7.81663744036,7.81663744036,7.81663744016,7.81663744016,7.81663744016,7.81663744036,7.81663744026,7.81663744046,7.8166374405,7.8166374405,7.8166374405,7.81663743966,7.81663743966,7.81663743974,7.81663743982,7.81663743982,7.81663744014,7.81663744014,7.81663744014,7.81663744016,7.81663744006,7.81663744009,7.81663744009,7.81663743976,7.81663743976,7.81663744002,7.81663744002,7.81663744002,7.81663744002,7.81663744004,7.81663744004,7.81663744009,7.81663744009,7.81663743926,7.81663743971,7.81663743971,4.4458710536,4.445871054253,4.445871054023,4.445871054023,4.445871054053,4.44587105407,4.44587105407,4.44587105407,4.44587105407,4.44587105404,4.44587105404,4.44587105398,4.44587105398,4.44587105396,4.44587105396,4.44587105402,4.44587105396,4.44587105396,4.44587105397,4.44587105397,4.44587105397,4.4458710541016,4.4458710541016,4.44587105407,2.7309359959,0,1.66109876079,1.66109876079,1.66109876075,1.66109876085,1.66109876085,1.66109876085,1.6610987608,1.6610987609,1.6610987609,1.9120846108,1.9120846107,1.9120846107,6.2421268009,6.2421268009,6.2421268009,6.2421268009,6.2421268008,6.2421268008
"t55",7.81663743967,7.81663743964,7.81663743962,7.81663743962,7.81663743964,7.81663743963,7.81663743963,7.81663743965,7.81663743955,7.81663743955,7.81663743967,7.81663743967,7.81663743966,7.81663743966,7.81663743935,7.81663743925,7.816637439237,7.816637439237,7.81663743925,7.81663744035,7.81663744035,7.81663744035,7.81663744015,7.81663744015,7.81663744015,7.81663744035,7.81663744025,7.81663744045,7.81663744049,7.81663744049,7.81663744049,7.81663743965,7.81663743965,7.81663743973,7.81663743981,7.81663743981,7.81663744013,7.81663744013,7.81663744013,7.81663744015,7.81663744005,7.81663744008,7.81663744008,7.81663743975,7.81663743975,7.81663744001,7.81663744001,7.81663744001,7.81663744001,7.81663744003,7.81663744003,7.81663744008,7.81663744008,7.81663743925,7.8166374397,7.8166374397,4.44587105359,4.445871054243,4.445871054013,4.445871054013,4.445871054043,4.44587105406,4.44587105406,4.44587105406,4.44587105406,4.44587105403,4.44587105403,4.44587105397,4.44587105397,4.44587105395,4.44587105395,4.44587105401,4.44587105395,4.44587105395,4.44587105396,4.44587105396,4.44587105396,4.4458710540916,4.4458710540916,4.44587105406,2.73093599589,1.66109876079,0,0.5596947004,0.59785921624,1.11168167594,1.11168167594,1.11168167594,1.22154789599,1.22154789609,1.22154789609,1.91208461079,1.91208461069,1.91208461069,6.24212680089,6.24212680089,6.24212680089,6.24212680089,6.24212680079,6.24212680079
"t56",7.81663743967,7.81663743964,7.81663743962,7.81663743962,7.81663743964,7.81663743963,7.81663743963,7.81663743965,7.81663743955,7.81663743955,7.81663743967,7.81663743967,7.81663743966,7.81663743966,7.81663743935,7.81663743925,7.816637439237,7.816637439237,7.81663743925,7.81663744035,7.81663744035,7.81663744035,7.81663744015,7.81663744015,7.81663744015,7.81663744035,7.81663744025,7.81663744045,7.81663744049,7.81663744049,7.81663744049,7.81663743965,7.81663743965,7.81663743973,7.81663743981,7.81663743981,7.81663744013,7.81663744013,7.81663744013,7.81663744015,7.81663744005,7.81663744008,7.81663744008,7.81663743975,7.81663743975,7.81663744001,7.81663744001,7.81663744001,7.81663744001,7.81663744003,7.81663744003,7.81663744008,7.81663744008,7.81663743925,7.8166374397,7.8166374397,4.44587105359,4.445871054243,4.445871054013,4.445871054013,4.445871054043,4.44587105406,4.44587105406,4.44587105406,4.44587105406,4.44587105403,4.44587105403,4.44587105397,4.44587105397,4.44587105395,4.44587105395,4.44587105401,4.44587105395,4.44587105395,4.44587105396,4.44587105396,4.44587105396,4.4458710540916,4.4458710540916,4.44587105406,2.73093599589,1.66109876079,0.5596947004,0,0.59785921624,1.11168167594,1.11168167594,1.11168167594,1.22154789599,1.22154789609,1.22154789609,1.91208461079,1.91208461069,1.91208461069,6.24212680089,6.24212680089,6.24212680089,6.24212680089,6.24212680079,6.24212680079
"t50",7.81663743963,7.8166374396,7.81663743958,7.81663743958,7.8166374396,7.81663743959,7.81663743959,7.81663743961,7.81663743951,7.81663743951,7.81663743963,7.81663743963,7.81663743962,7.81663743962,7.81663743931,7.81663743921,7.816637439197,7.816637439197,7.81663743921,7.81663744031,7.81663744031,7.81663744031,7.81663744011,7.81663744011,7.81663744011,7.81663744031,7.81663744021,7.81663744041,7.81663744045,7.81663744045,7.81663744045,7.81663743961,7.81663743961,7.81663743969,7.81663743977,7.81663743977,7.81663744009,7.81663744009,7.81663744009,7.81663744011,7.81663744001,7.81663744004,7.81663744004,7.81663743971,7.81663743971,7.81663743997,7.81663743997,7.81663743997,7.81663743997,7.81663743999,7.81663743999,7.81663744004,7.81663744004,7.81663743921,7.81663743966,7.81663743966,4.44587105355,4.445871054203,4.445871053973,4.445871053973,4.445871054003,4.44587105402,4.44587105402,4.44587105402,4.44587105402,4.44587105399,4.44587105399,4.44587105393,4.44587105393,4.44587105391,4.44587105391,4.44587105397,4.44587105391,4.44587105391,4.44587105392,4.44587105392,4.44587105392,4.4458710540516,4.4458710540516,4.44587105402,2.73093599585,1.66109876075,0.59785921624,0.59785921624,0,1.1116816759,1.1116816759,1.1116816759,1.22154789595,1.22154789605,1.22154789605,1.91208461075,1.91208461065,1.91208461065,6.24212680085,6.24212680085,6.24212680085,6.24212680085,6.24212680075,6.24212680075
"t75",7.81663743973,7.8166374397,7.81663743968,7.81663743968,7.8166374397,7.81663743969,7.81663743969,7.81663743971,7.81663743961,7.81663743961,7.81663743973,7.81663743973,7.81663743972,7.81663743972,7.81663743941,7.81663743931,7.816637439297,7.816637439297,7.81663743931,7.81663744041,7.81663744041,7.81663744041,7.81663744021,7.81663744021,7.81663744021,7.81663744041,7.81663744031,7.81663744051,7.81663744055,7.81663744055,7.81663744055,7.81663743971,7.81663743971,7.81663743979,7.81663743987,7.81663743987,7.81663744019,7.81663744019,7.81663744019,7.81663744021,7.81663744011,7.81663744014,7.81663744014,7.81663743981,7.81663743981,7.81663744007,7.81663744007,7.81663744007,7.81663744007,7.81663744009,7.81663744009,7.81663744014,7.81663744014,7.81663743931,7.81663743976,7.81663743976,4.44587105365,4.445871054303,4.445871054073,4.445871054073,4.445871054103,4.44587105412,4.44587105412,4.44587105412,4.44587105412,4.44587105409,4.44587105409,4.44587105403,4.44587105403,4.44587105401,4.44587105401,4.44587105407,4.44587105401,4.44587105401,4.44587105402,4.44587105402,4.44587105402,4.4458710541516,4.4458710541516,4.44587105412,2.73093599595,1.66109876085,1.11168167594,1.11168167594,1.1116816759,0,0.2368399986,0.2368399986,1.22154789605,1.22154789615,1.22154789615,1.91208461085,1.91208461075,1.91208461075,6.24212680095,6.24212680095,6.24212680095,6.24212680095,6.24212680085,6.24212680085
"t87",7.81663743973,7.8166374397,7.81663743968,7.81663743968,7.8166374397,7.81663743969,7.81663743969,7.81663743971,7.81663743961,7.81663743961,7.81663743973,7.81663743973,7.81663743972,7.81663743972,7.81663743941,7.81663743931,7.816637439297,7.816637439297,7.81663743931,7.81663744041,7.81663744041,7.81663744041,7.81663744021,7.81663744021,7.81663744021,7.81663744041,7.81663744031,7.81663744051,7.81663744055,7.81663744055,7.81663744055,7.81663743971,7.81663743971,7.81663743979,7.81663743987,7.81663743987,7.81663744019,7.81663744019,7.81663744019,7.81663744021,7.81663744011,7.81663744014,7.81663744014,7.81663743981,7.81663743981,7.81663744007,7.81663744007,7.81663744007,7.81663744007,7.81663744009,7.81663744009,7.81663744014,7.81663744014,7.81663743931,7.81663743976,7.81663743976,4.44587105365,4.445871054303,4.445871054073,4.445871054073,4.445871054103,4.44587105412,4.44587105412,4.44587105412,4.44587105412,4.44587105409,4.44587105409,4.44587105403,4.44587105403,4.44587105401,4.44587105401,4.44587105407,4.44587105401,4.44587105401,4.44587105402,4.44587105402,4.44587105402,4.4458710541516,4.4458710541516,4.44587105412,2.73093599595,1.66109876085,1.11168167594,1.11168167594,1.1116816759,0.2368399986,0,0.10525539696,1.22154789605,1.22154789615,1.22154789615,1.91208461085,1.91208461075,1.91208461075,6.24212680095,6.24212680095,6.24212680095,6.24212680095,6.24212680085,6.24212680085
"t88",7.81663743973,7.8166374397,7.81663743968,7.81663743968,7.8166374397,7.81663743969,7.81663743969,7.81663743971,7.81663743961,7.81663743961,7.81663743973,7.81663743973,7.81663743972,7.81663743972,7.81663743941,7.81663743931,7.816637439297,7.816637439297,7.81663743931,7.81663744041,7.81663744041,7.81663744041,7.81663744021,7.81663744021,7.81663744021,7.81663744041,7.81663744031,7.81663744051,7.81663744055,7.81663744055,7.81663744055,7.81663743971,7.81663743971,7.81663743979,7.81663743987,7.81663743987,7.81663744019,7.81663744019,7.81663744019,7.81663744021,7.81663744011,7.81663744014,7.81663744014,7.81663743981,7.81663743981,7.81663744007,7.81663744007,7.81663744007,7.81663744007,7.81663744009,7.81663744009,7.81663744014,7.81663744014,7.81663743931,7.81663743976,7.81663743976,4.44587105365,4.445871054303,4.445871054073,4.445871054073,4.445871054103,4.44587105412,4.44587105412,4.44587105412,4.44587105412,4.44587105409,4.44587105409,4.44587105403,4.44587105403,4.44587105401,4.44587105401,4.44587105407,4.44587105401,4.44587105401,4.44587105402,4.44587105402,4.44587105402,4.4458710541516,4.4458710541516,4.44587105412,2.73093599595,1.66109876085,1.11168167594,1.11168167594,1.1116816759,0.2368399986,0.10525539696,0,1.22154789605,1.22154789615,1.22154789615,1.91208461085,1.91208461075,1.91208461075,6.24212680095,6.24212680095,6.24212680095,6.24212680095,6.24212680085,6.24212680085
"t58",7.81663743968,7.81663743965,7.81663743963,7.81663743963,7.81663743965,7.81663743964,7.81663743964,7.81663743966,7.81663743956,7.81663743956,7.81663743968,7.81663743968,7.81663743967,7.81663743967,7.81663743936,7.81663743926,7.816637439247,7.816637439247,7.81663743926,7.81663744036,7.81663744036,7.81663744036,7.81663744016,7.81663744016,7.81663744016,7.81663744036,7.81663744026,7.81663744046,7.8166374405,7.8166374405,7.8166374405,7.81663743966,7.81663743966,7.81663743974,7.81663743982,7.81663743982,7.81663744014,7.81663744014,7.81663744014,7.81663744016,7.81663744006,7.81663744009,7.81663744009,7.81663743976,7.81663743976,7.81663744002,7.81663744002,7.81663744002,7.81663744002,7.81663744004,7.81663744004,7.81663744009,7.81663744009,7.81663743926,7.81663743971,7.81663743971,4.4458710536,4.445871054253,4.445871054023,4.445871054023,4.445871054053,4.44587105407,4.44587105407,4.44587105407,4.44587105407,4.44587105404,4.44587105404,4.44587105398,4.44587105398,4.44587105396,4.44587105396,4.44587105402,4.44587105396,4.44587105396,4.44587105397,4.44587105397,4.44587105397,4.4458710541016,4.4458710541016,4.44587105407,2.7309359959,1.6610987608,1.22154789599,1.22154789599,1.22154789595,1.22154789605,1.22154789605,1.22154789605,0,0.5525667873,0.5525667873,1.9120846108,1.9120846107,1.9120846107,6.2421268009,6.2421268009,6.2421268009,6.2421268009,6.2421268008,6.2421268008
"t71",7.81663743978,7.81663743975,7.81663743973,7.81663743973,7.81663743975,7.81663743974,7.81663743974,7.81663743976,7.81663743966,7.81663743966,7.81663743978,7.81663743978,7.81663743977,7.81663743977,7.81663743946,7.81663743936,7.816637439347,7.816637439347,7.81663743936,7.81663744046,7.81663744046,7.81663744046,7.81663744026,7.81663744026,7.81663744026,7.81663744046,7.81663744036,7.81663744056,7.8166374406,7.8166374406,7.8166374406,7.81663743976,7.81663743976,7.81663743984,7.81663743992,7.81663743992,7.81663744024,7.81663744024,7.81663744024,7.81663744026,7.81663744016,7.81663744019,7.81663744019,7.81663743986,7.81663743986,7.81663744012,7.81663744012,7.81663744012,7.81663744012,7.81663744014,7.81663744014,7.81663744019,7.81663744019,7.81663743936,7.81663743981,7.81663743981,4.4458710537,4.445871054353,4.445871054123,4.445871054123,4.445871054153,4.44587105417,4.44587105417,4.44587105417,4.44587105417,4.44587105414,4.44587105414,4.44587105408,4.44587105408,4.44587105406,4.44587105406,4.44587105412,4.44587105406,4.44587105406,4.44587105407,4.44587105407,4.44587105407,4.4458710542016,4.4458710542016,4.44587105417,2.730935996,1.6610987609,1.22154789609,1.22154789609,1.22154789605,1.22154789615,1.22154789615,1.22154789615,0.5525667873,0,0.2850812994,1.9120846109,1.9120846108,1.9120846108,6.242126801,6.242126801,6.242126801,6.242126801,6.2421268009,6.2421268009
"t72",7.81663743978,7.81663743975,7.81663743973,7.81663743973,7.81663743975,7.81663743974,7.81663743974,7.81663743976,7.81663743966,7.81663743966,7.81663743978,7.81663743978,7.81663743977,7.81663743977,7.81663743946,7.81663743936,7.816637439347,7.816637439347,7.81663743936,7.81663744046,7.81663744046,7.81663744046,7.81663744026,7.81663744026,7.81663744026,7.81663744046,7.81663744036,7.81663744056,7.8166374406,7.8166374406,7.8166374406,7.81663743976,7.81663743976,7.81663743984,7.81663743992,7.81663743992,7.81663744024,7.81663744024,7.81663744024,7.81663744026,7.81663744016,7.81663744019,7.81663744019,7.81663743986,7.81663743986,7.81663744012,7.81663744012,7.81663744012,7.81663744012,7.81663744014,7.81663744014,7.81663744019,7.81663744019,7.81663743936,7.81663743981,7.81663743981,4.4458710537,4.445871054353,4.445871054123,4.445871054123,4.445871054153,4.44587105417,4.44587105417,4.44587105417,4.44587105417,4.44587105414,4.44587105414,4.44587105408,4.44587105408,4.44587105406,4.44587105406,4.44587105412,4.44587105406,4.44587105406,4.44587105407,4.44587105407,4.44587105407,4.4458710542016,4.4458710542016,4.44587105417,2.730935996,1.6610987609,1.22154789609,1.22154789609,1.22154789605,1.22154789615,1.22154789615,1.22154789615,0.5525667873,0.2850812994,0,1.9120846109,1.9120846108,1.9120846108,6.242126801,6.242126801,6.242126801,6.242126801,6.2421268009,6.2421268009
"t18",7.81663743968,7.81663743965,7.81663743963,7.81663743963,7.81663743965,7.81663743964,7.81663743964,7.81663743966,7.81663743956,7.81663743956,7.81663743968,7.81663743968,7.81663743967,7.81663743967,7.81663743936,7.81663743926,7.816637439247,7.816637439247,7.81663743926,7.81663744036,7.81663744036,7.81663744036,7.81663744016,7.81663744016,7.81663744016,7.81663744036,7.81663744026,7.81663744046,7.8166374405,7.8166374405,7.8166374405,7.81663743966,7.81663743966,7.81663743974,7.81663743982,7.81663743982,7.81663744014,7.81663744014,7.81663744014,7.81663744016,7.81663744006,7.81663744009,7.81663744009,7.81663743976,7.81663743976,7.81663744002,7.81663744002,7.81663744002,7.81663744002,7.81663744004,7.81663744004,7.81663744009,7.81663744009,7.81663743926,7.81663743971,7.81663743971,4.4458710536,4.445871054253,4.445871054023,4.445871054023,4.445871054053,4.44587105407,4.44587105407,4.44587105407,4.44587105407,4.44587105404,4.44587105404,4.44587105398,4.44587105398,4.44587105396,4.44587105396,4.44587105402,4.44587105396,4.44587105396,4.44587105397,4.44587105397,4.44587105397,4.4458710541016,4.4458710541016,4.44587105407,2.7309359959,1.9120846108,1.91208461079,1.91208461079,1.91208461075,1.91208461085,1.91208461085,1.91208461085,1.9120846108,1.9120846109,1.9120846109,0,1.5512693961,1.5512693961,6.2421268009,6.2421268009,6.2421268009,6.2421268009,6.2421268008,6.2421268008
"t32",7.81663743958,7.81663743955,7.81663743953,7.81663743953,7.81663743955,7.81663743954,7.81663743954,7.81663743956,7.81663743946,7.81663743946,7.81663743958,7.81663743958,7.81663743957,7.81663743957,7.81663743926,7.81663743916,7.816637439147,7.816637439147,7.81663743916,7.81663744026,7.81663744026,7.81663744026,7.81663744006,7.81663744006,7.81663744006,7.81663744026,7.81663744016,7.81663744036,7.8166374404,7.8166374404,7.8166374404,7.81663743956,7.81663743956,7.81663743964,7.81663743972,7.81663743972,7.81663744004,7.81663744004,7.81663744004,7.81663744006,7.81663743996,7.81663743999,7.81663743999,7.81663743966,7.81663743966,7.81663743992,7.81663743992,7.81663743992,7.81663743992,7.81663743994,7.81663743994,7.81663743999,7.81663743999,7.81663743916,7.81663743961,7.81663743961,4.4458710535,4.445871054153,4.445871053923,4.445871053923,4.445871053953,4.44587105397,4.44587105397,4.44587105397,4.44587105397,4.44587105394,4.44587105394,4.44587105388,4.44587105388,4.44587105386,4.44587105386,4.44587105392,4.44587105386,4.44587105386,4.44587105387,4.44587105387,4.44587105387,4.4458710540016,4.4458710540016,4.44587105397,2.7309359958,1.9120846107,1.91208461069,1.91208461069,1.91208461065,1.91208461075,1.91208461075,1.91208461075,1.9120846107,1.9120846108,1.9120846108,1.5512693961,0,1.0251466994,6.2421268008,6.2421268008,6.2421268008,6.2421268008,6.2421268007,6.2421268007
"t33",7.81663743958,7.81663743955,7.81663743953,7.81663743953,7.81663743955,7.81663743954,7.81663743954,7.81663743956,7.81663743946,7.81663743946,7.81663743958,7.81663743958,7.81663743957,7.81663743957,7.81663743926,7.81663743916,7.816637439147,7.816637439147,7.81663743916,7.81663744026,7.81663744026,7.81663744026,7.81663744006,7.81663744006,7.81663744006,7.81663744026,7.81663744016,7.81663744036,7.8166374404,7.8166374404,7.8166374404,7.81663743956,7.81663743956,7.81663743964,7.81663743972,7.81663743972,7.81663744004,7.81663744004,7.81663744004,7.81663744006,7.81663743996,7.81663743999,7.81663743999,7.81663743966,7.81663743966,7.81663743992,7.81663743992,7.81663743992,7.81663743992,7.81663743994,7.81663743994,7.81663743999,7.81663743999,7.81663743916,7.81663743961,7.81663743961,4.4458710535,4.445871054153,4.445871053923,4.445871053923,4.445871053953,4.44587105397,4.44587105397,4.44587105397,4.44587105397,4.44587105394,4.44587105394,4.44587105388,4.44587105388,4.44587105386,4.44587105386,4.44587105392,4.44587105386,4.44587105386,4.44587105387,4.44587105387,4.44587105387,4.4458710540016,4.4458710540016,4.44587105397,2.7309359958,1.9120846107,1.91208461069,1.91208461069,1.91208461065,1.91208461075,1.91208461075,1.91208461075,1.9120846107,1.9120846108,1.9120846108,1.5512693961,1.0251466994,0,6.2421268008,6.2421268008,6.2421268008,6.2421268008,6.2421268007,6.2421268007
"t34",7.81663743978,7.81663743975,7.81663743973,7.81663743973,7.81663743975,7.81663743974,7.81663743974,7.81663743976,7.81663743966,7.81663743966,7.81663743978,7.81663743978,7.81663743977,7.81663743977,7.81663743946,7.81663743936,7.816637439347,7.816637439347,7.81663743936,7.81663744046,7.81663744046,7.81663744046,7.81663744026,7.81663744026,7.81663744026,7.81663744046,7.81663744036,7.81663744056,7.8166374406,7.8166374406,7.8166374406,7.81663743976,7.81663743976,7.81663743984,7.81663743992,7.81663743992,7.81663744024,7.81663744024,7.81663744024,7.81663744026,7.81663744016,7.81663744019,7.81663744019,7.81663743986,7.81663743986,7.81663744012,7.81663744012,7.81663744012,7.81663744012,7.81663744014,7.81663744014,7.81663744019,7.81663744019,7.81663743936,7.81663743981,7.81663743981,6.2421268005,6.242126801153,6.242126800923,6.242126800923,6.242126800953,6.24212680097,6.24212680097,6.24212680097,6.24212680097,6.24212680094,6.24212680094,6.24212680088,6.24212680088,6.24212680086,6.24212680086,6.24212680092,6.24212680086,6.24212680086,6.24212680087,6.24212680087,6.24212680087,6.2421268010016,6.2421268010016,6.24212680097,6.242126801,6.2421268009,6.24212680089,6.24212680089,6.24212680085,6.24212680095,6.24212680095,6.24212680095,6.2421268009,6.242126801,6.242126801,6.2421268009,6.2421268008,6.2421268008,0,0.988869032,1.3592233764,2.921815185,2.9218151849,2.9218151849
"t35",7.81663743978,7.81663743975,7.81663743973,7.81663743973,7.81663743975,7.81663743974,7.81663743974,7.81663743976,7.81663743966,7.81663743966,7.81663743978,7.81663743978,7.81663743977,7.81663743977,7.81663743946,7.81663743936,7.816637439347,7.816637439347,7.81663743936,7.81663744046,7.81663744046,7.81663744046,7.81663744026,7.81663744026,7.81663744026,7.81663744046,7.81663744036,7.81663744056,7.8166374406,7.8166374406,7.8166374406,7.81663743976,7.81663743976,7.81663743984,7.81663743992,7.81663743992,7.81663744024,7.81663744024,7.81663744024,7.81663744026,7.81663744016,7.81663744019,7.81663744019,7.81663743986,7.81663743986,7.81663744012,7.81663744012,7.81663744012,7.81663744012,7.81663744014,7.81663744014,7.81663744019,7.81663744019,7.81663743936,7.81663743981,7.81663743981,6.2421268005,6.242126801153,6.242126800923,6.242126800923,6.242126800953,6.24212680097,6.24212680097,6.24212680097,6.24212680097,6.24212680094,6.24212680094,6.24212680088,6.24212680088,6.24212680086,6.24212680086,6.24212680092,6.24212680086,6.24212680086,6.24212680087,6.24212680087,6.24212680087,6.2421268010016,6.2421268010016,6.24212680097,6.242126801,6.2421268009,6.24212680089,6.24212680089,6.24212680085,6.24212680095,6.24212680095,6.24212680095,6.2421268009,6.242126801,6.242126801,6.2421268009,6.2421268008,6.2421268008,0.988869032,0,1.3592233764,2.921815185,2.9218151849,2.9218151849
"t24",7.81663743978,7.81663743975,7.81663743973,7.81663743973,7.81663743975,7.81663743974,7.81663743974,7.81663743976,7.81663743966,7.81663743966,7.81663743978,7.81663743978,7.81663743977,7.81663743977,7.81663743946,7.81663743936,7.816637439347,7.816637439347,7.81663743936,7.81663744046,7.81663744046,7.81663744046,7.81663744026,7.81663744026,7.81663744026,7.81663744046,7.81663744036,7.81663744056,7.8166374406,7.8166374406,7.8166374406,7.81663743976,7.81663743976,7.81663743984,7.81663743992,7.81663743992,7.81663744024,7.81663744024,7.81663744024,7.81663744026,7.81663744016,7.81663744019,7.81663744019,7.81663743986,7.81663743986,7.81663744012,7.81663744012,7.81663744012,7.81663744012,7.81663744014,7.81663744014,7.81663744019,7.81663744019,7.81663743936,7.81663743981,7.81663743981,6.2421268005,6.242126801153,6.242126800923,6.242126800923,6.242126800953,6.24212680097,6.24212680097,6.24212680097,6.24212680097,6.24212680094,6.24212680094,6.24212680088,6.24212680088,6.24212680086,6.24212680086,6.24212680092,6.24212680086,6.24212680086,6.24212680087,6.24212680087,6.24212680087,6.2421268010016,6.2421268010016,6.24212680097,6.242126801,6.2421268009,6.24212680089,6.24212680089,6.24212680085,6.24212680095,6.24212680095,6.24212680095,6.2421268009,6.242126801,6.242126801,6.2421268009,6.2421268008,6.2421268008,1.3592233764,1.3592233764,0,2.921815185,2.9218151849,2.9218151849
"t30",7.81663743978,7.81663743975,7.81663743973,7.81663743973,7.81663743975,7.81663743974,7.81663743974,7.81663743976,7.81663743966,7.81663743966,7.81663743978,7.81663743978,7.81663743977,7.81663743977,7.81663743946,7.81663743936,7.816637439347,7.816637439347,7.81663743936,7.81663744046,7.81663744046,7.81663744046,7.81663744026,7.81663744026,7.81663744026,7.81663744046,7.81663744036,7.81663744056,7.8166374406,7.8166374406,7.8166374406,7.81663743976,7.81663743976,7.81663743984,7.81663743992,7.81663743992,7.81663744024,7.81663744024,7.81663744024,7.81663744026,7.81663744016,7.81663744019,7.81663744019,7.81663743986,7.81663743986,7.81663744012,7.81663744012,7.81663744012,7.81663744012,7.81663744014,7.81663744014,7.81663744019,7.81663744019,7.81663743936,7.81663743981,7.81663743981,6.2421268005,6.242126801153,6.242126800923,6.242126800923,6.242126800953,6.24212680097,6.24212680097,6.24212680097,6.24212680097,6.24212680094,6.24212680094,6.24212680088,6.24212680088,6.24212680086,6.24212680086,6.24212680092,6.24212680086,6.24212680086,6.24212680087,6.24212680087,6.24212680087,6.2421268010016,6.2421268010016,6.24212680097,6.242126801,6.2421268009,6.24212680089,6.24212680089,6.24212680085,6.24212680095,6.24212680095,6.24212680095,6.2421268009,6.242126801,6.242126801,6.2421268009,6.2421268008,6.2421268008,2.921815185,2.921815185,2.921815185,0,1.1404864721,1.1404864721
"t73",7.81663743968,7.81663743965,7.81663743963,7.81663743963,7.81663743965,7.81663743964,7.81663743964,7.81663743966,7.81663743956,7.81663743956,7.81663743968,7.81663743968,7.81663743967,7.81663743967,7.81663743936,7.81663743926,7.816637439247,7.816637439247,7.81663743926,7.81663744036,7.81663744036,7.81663744036,7.81663744016,7.81663744016,7.81663744016,7.81663744036,7.81663744026,7.81663744046,7.8166374405,7.8166374405,7.8166374405,7.81663743966,7.81663743966,7.81663743974,7.81663743982,7.81663743982,7.81663744014,7.81663744014,7.81663744014,7.81663744016,7.81663744006,7.81663744009,7.81663744009,7.81663743976,7.81663743976,7.81663744002,7.81663744002,7.81663744002,7.81663744002,7.81663744004,7.81663744004,7.81663744009,7.81663744009,7.81663743926,7.81663743971,7.81663743971,6.2421268004,6.242126801053,6.242126800823,6.242126800823,6.242126800853,6.24212680087,6.24212680087,6.24212680087,6.24212680087,6.24212680084,6.24212680084,6.24212680078,6.24212680078,6.24212680076,6.24212680076,6.24212680082,6.24212680076,6.24212680076,6.24212680077,6.24212680077,6.24212680077,6.2421268009016,6.2421268009016,6.24212680087,6.2421268009,6.2421268008,6.24212680079,6.24212680079,6.24212680075,6.24212680085,6.24212680085,6.24212680085,6.2421268008,6.2421268009,6.2421268009,6.2421268008,6.2421268007,6.2421268007,2.9218151849,2.9218151849,2.9218151849,1.1404864721,0,0.2372026596
"t74",7.81663743968,7.81663743965,7.81663743963,7.81663743963,7.81663743965,7.81663743964,7.81663743964,7.81663743966,7.81663743956,7.81663743956,7.81663743968,7.81663743968,7.81663743967,7.81663743967,7.81663743936,7.81663743926,7.816637439247,7.816637439247,7.81663743926,7.81663744036,7.81663744036,7.81663744036,7.81663744016,7.81663744016,7.81663744016,7.81663744036,7.81663744026,7.81663744046,7.8166374405,7.8166374405,7.8166374405,7.81663743966,7.81663743966,7.81663743974,7.81663743982,7.81663743982,7.81663744014,7.81663744014,7.81663744014,7.81663744016,7.81663744006,7.81663744009,7.81663744009,7.81663743976,7.81663743976,7.81663744002,7.81663744002,7.81663744002,7.81663744002,7.81663744004,7.81663744004,7.81663744009,7.81663744009,7.81663743926,7.81663743971,7.81663743971,6.2421268004,6.242126801053,6.242126800823,6.242126800823,6.242126800853,6.24212680087,6.24212680087,6.24212680087,6.24212680087,6.24212680084,6.24212680084,6.24212680078,6.24212680078,6.24212680076,6.24212680076,6.24212680082,6.24212680076,6.24212680076,6.24212680077,6.24212680077,6.24212680077,6.2421268009016,6.2421268009016,6.24212680087,6.2421268009,6.2421268008,6.24212680079,6.24212680079,6.24212680075,6.24212680085,6.24212680085,6.24212680085,6.2421268008,6.2421268009,6.2421268009,6.2421268008,6.2421268007,6.2421268007,2.9218151849,2.9218151849,2.9218151849,1.1404864721,0.2372026596,0
