accepted_species,0,1
Asclepias_crispa,0.89338374,0.10661629
Alafia_whytei,0.89688784,0.10311217
Bertiera_guianensis,0.9709245,0.029075515
Galium_yunnanense,0.9709245,0.029075515
Ixora_filipendula,0.9709245,0.029075515
Strophanthus_gratus,0.8795028,0.12049725
Timonius_sylvestris,0.9709245,0.029075515
Jaeschkea_oligosperma,0.9594813,0.04051869
Oxyanthus_lewisii,0.9709245,0.029075515
Argostemma_parvifolium,0.9709245,0.029075515
