accepted_species,estimate
t49,-0.04996957479022739
t63,0.6813943698069926
t102,0.8590727791763948
t70,0.5306297146343089
t147,0.03975680600943438
t148,-0.07131173009412045
t31,0.16791986442947326
t97,0.45827879430872004
t155,1.2435432350926892
t140,0.3957815252364458
t134,0.44424752479677426
t93,0.9462966586599781
t7,-1.8815066966955194
t50,-0.7851047277401384
t94,0.18312086394002186
t112,0.08261053193345752
