accepted_species,0,1
t31,0.1730626288527839,0.8269373711472161
t78,0.10633972390917645,0.8936602760908235
t43,0.09620398534486596,0.903796014655134
t2,0.9664277411438237,0.03357225885617629
t63,0.9257358701514156,0.0742641298485844
t83,0.900559579113807,0.099440420886193
t46,0.6497321285989957,0.3502678714010044
t9,0.746013762148081,0.253986237851919
t93,0.7369091399363761,0.263090860063624
t40,0.7893319825088742,0.21066801749112585
