accepted_species,0,1
t31,0.5777777777777777,0.4222222222222222
t78,0.0,1.0
t43,0.0,1.0
t2,0.5777777777777777,0.4222222222222222
t63,1.0,0.0
t83,1.0,0.0
t46,1.0,0.0
t9,0.5777777777777777,0.4222222222222222
t93,1.0,0.0
t40,0.5777777777777777,0.4222222222222222
