accepted_species,estimate
t94,0.18077865266054174
t93,-0.03315655500535642
t20,0.007564105329850652
t85,-0.04122984920008897
t79,-0.03955717108901312
t26,0.45101968105816476
t68,0.4807424686118615
t18,0.4280939373107101
t72,0.47246241331673994
t60,0.5334293403717294
