accepted_species,estimate
t94,0.33797058
t93,0.29772434
t20,0.21930194
t85,0.11895839
t79,0.062784076
t26,0.37522128
t68,-0.04558615
t18,-0.19977504
t72,0.544049
t60,0.7195276
