accepted_species,estimate
t90,0.5801299479306745
t20,-0.026596641071466625
t48,-0.3888078526944896
t92,-0.6066579338406681
t70,0.12234011751815667
t54,-0.4456345860486435
t24,-0.24748493351300313
t56,0.30671982235275985
t82,0.441911451633487
t25,0.3218155509703009
