accepted_species,0
t90,1.57090857030263
t20,0.004257670285781435
t48,0.004257670285781435
t92,-0.497155433081072
t70,-0.122578304209195
t54,0.004257670285781435
t24,0.004257670285781435
t56,0.004257670285781435
t82,0.82195699227238
t25,0.004257670285781435
