"accepted_species","estimate"
"t52",-0.547168882500201
"t123",-0.547168882500201
"t162",-0.547168882500201
"t163",-0.547168882500201
"t65",-0.547168882500201
"t66",-0.547168882500201
"t91",-0.534990059044051
"t105",-0.534990059044051
"t106",-0.534990059044051
"t47",-0.534990059044051
"t150",-0.534990059044051
"t151",-0.534990059044051
"t89",-0.534990059044051
"t127",-0.235708179461104
"t110",-0.5678340886233
"t53",-0.4359374661163
