"accepted_species","estimate"
"t52",-0.547168887397831
"t123",-0.547168887397831
"t162",-0.547168887397831
"t163",-0.547168887397831
"t65",-0.547168887397831
"t66",-0.547168887397831
"t91",-0.534990057967097
"t105",-0.534990057967097
"t106",-0.534990057967097
"t47",-0.534990057967097
"t150",-0.534990057967097
"t151",-0.534990057967097
"t89",-0.534990057967097
"t127",-0.235707665711209
"t110",-0.567834353143412
"t53",-0.435937416446967
