accepted_species,estimate
t52,-0.67759025
t123,-0.63201165
t162,-0.70470256
t163,-0.70470256
t65,-0.67759025
t66,-0.70305866
t91,-0.70470256
t105,-0.693744
t106,-0.693744
t47,-0.70305866
t150,-0.693744
t151,-0.693744
t89,-0.63201165
t127,-0.28337705
t110,-0.5819116
t53,-0.6210531
