accepted_species,estimate
t52,-0.4164031
t123,-0.480859
t162,-0.17190388
t163,-0.17190388
t65,-0.4038226
t66,-0.12463539
t91,-0.15251589
t105,-0.12389172
t106,-0.12950155
t47,-0.8481443
t150,-0.1414735
t151,-0.1414735
t89,-0.12844992
t127,-0.12363077
t110,-0.4674041
t53,-0.4131964
