accepted_species,estimate
t52,-0.45870954
t123,-0.45870954
t162,-0.45870954
t163,-0.45870954
t65,-0.45870954
t66,-0.45870954
t91,-0.45870954
t105,-0.45870954
t106,-0.45870954
t47,-0.45870954
t150,-0.45870954
t151,-0.45870954
t89,-0.45870954
t127,-0.45870954
t110,-0.45870954
t53,-0.45870954
