"accepted_species","0","1"
"sp23","0.499286669328885","0.500713330671115"
"sp29","0.488326980632193","0.511673019367807"
"sp54","0.51445549227592","0.48554450772408"
"sp60","0.529124528708867","0.470875471291133"
"sp72","0.625156558510053","0.374843441489947"
"sp75","0.326868080012186","0.673131919987814"
"sp87","0.285154857256745","0.714845142743255"
"sp95","0.0859214506393407","0.914078549360659"
"sp122","0.882271761372882","0.117728238627118"
"sp127","0.873040961618179","0.126959038381821"
