accepted_species,estimate
Atractocarpus_sessilis,0.08600013686655372
Coffea_canephora,0.07633024923526308
Gardenia_jasminoides,0.08164267256499239
Gardenia_ternifolia,0.08164267256499222
Ixora_javanica,0.031050805228560158
Ixora_pendula,0.031050805228560158
Ixora_peruviana,0.031050805228560296
Pavetta_australiensis,0.07733910973805833
Rothmannia_urcelliformis,0.08496180137920925
Tarenna_mollissima,0.07733910973805833
