accepted_species,0
Atractocarpus_sessilis,-0.14901691413817955
Coffea_canephora,-0.14901691413817955
Gardenia_jasminoides,-0.14901691413817955
Gardenia_ternifolia,-0.14901691413817955
Ixora_javanica,-0.14901691413817955
Ixora_pendula,-0.14901691413817955
Ixora_peruviana,-0.14901691413817955
Pavetta_australiensis,-0.14901691413817955
Rothmannia_urcelliformis,-0.14901691413817955
Tarenna_mollissima,-0.14901691413817955
