accepted_species,0,1
Vincetoxicum_carnosum,0.8457452,0.1542548
Vincetoxicum_conspicuum,0.8502034,0.14979658
Ceropegia_elliptica,0.84874517,0.15125483
Ditassa_lisae,0.8512145,0.14878544
Cynanchum_ovalifolium,0.8502034,0.14979658
Hoya_yingjiangensis,0.8502034,0.14979658
Hoya_filiformis,0.8502034,0.14979658
Hoya_thomsonii,0.8502034,0.14979658
Hoya_martinii,0.8502034,0.14979658
Dischidia_calva,0.8502034,0.14979658
