"accepted_species","0","1"
"t79",0.631373684627935,0.368626315372065
"t58",0.320952681850911,0.679047318149089
"t59",0.320952681850911,0.679047318149089
"t36",0.320952681851834,0.679047318148166
"t62",0.302824395169924,0.697175604830076
"t63",0.302824395169924,0.697175604830076
"t71",0.312973342942036,0.687026657057964
"t72",0.312973342942036,0.687026657057964
"t64",0.312973342942036,0.687026657057964
"t65",0.312973342942036,0.687026657057964
