accepted_species,0,1
t79,0.335505805942124,0.664494194057876
t58,0.32050504368630106,0.6794949563136989
t59,0.3396789152000843,0.6603210847999157
t36,0.3467064699213541,0.6532935300786459
t62,0.46845609187118087,0.5315439081288191
t63,0.45432875857810806,0.5456712414218919
t71,0.4110862882350863,0.5889137117649137
t72,0.4187472469593535,0.5812527530406465
t64,0.3878409484938309,0.6121590515061691
t65,0.36801024396080295,0.631989756039197
