accepted_species,0,1
t79,0.3062899604287631,0.6937100395712369
t58,0.3109479087751119,0.6890520912248881
t59,0.31283027469127744,0.6871697253087226
t36,0.31404741323414265,0.6859525867658574
t62,0.3765529368802195,0.6234470631197805
t63,0.3814517259653032,0.6185482740346968
t71,0.4962585619455736,0.5037414380544264
t72,0.4894626265290193,0.5105373734709807
t64,0.5278485847168906,0.4721514152831094
t65,0.5344328104085689,0.4655671895914311
