accepted_species,0,1
t79,0.30000000000000004,0.7
t58,0.30000000000000004,0.7
t59,0.30000000000000004,0.7
t36,0.30000000000000004,0.7
t62,0.30000000000000004,0.7
t63,0.30000000000000004,0.7
t71,0.30000000000000004,0.7
t72,0.30000000000000004,0.7
t64,0.30000000000000004,0.7
t65,0.30000000000000004,0.7
