"accepted_species","0","1"
"t79","0.77250702146323","0.22749297853677"
"t58","0.406839205590862","0.593160794409138"
"t59","0.406839205590862","0.593160794409138"
"t36","0.406839205590862","0.593160794409138"
"t62","0.170525581699806","0.829474418300194"
"t63","0.170525581699806","0.829474418300194"
"t71","0.267666658880286","0.732333341119714"
"t72","0.267666658880286","0.732333341119714"
"t64","0.267666658880286","0.732333341119714"
"t65","0.267666658880286","0.732333341119714"
