accepted_species,estimate
Asclepias_incarnata,-0.39627924732664455
Asclepias_oenotheroides,-0.3408829435800851
Asclepias_ovalifolia,-0.3346082815191187
Asclepias_speciosa,-0.40497686071355976
Asclepias_syriaca,-0.37756908567821124
Asclepias_verticillata,-0.4047898161004537
Calotropis_gigantea,-0.4219594455406075
Calotropis_procera,-0.4131925216568153
Nerium_oleander,0.3210017999658705
Wrightia_tinctoria,0.06159376272439612
