"accepted_species","estimate"
"t46",-0.423075055033085
"t57",-0.596018654662339
"t17",-0.230395097413929
"t5",-0.167139493689102
"t7",-0.167658903262594
"t26",0.0133322740968667
"t76",0.929779174393539
"t43",0.948215633373445
"t40",1.11479660318129
"t30",0.686267334868793
