"accepted_species","0","1"
"sp25",0.77012477482602,0.22987522517398
"sp103",0.798801023623649,0.201198976376351
"sp117",0.769921573410327,0.230078426589673
"sp126",0.841522934048972,0.158477065951028
"sp130",0.759281678335881,0.240718321664119
"sp147",0.569919583696417,0.430080416303583
"sp155",0.858770508627069,0.141229491372931
"sp163",0.784897378494135,0.215102621505865
"sp172",0.784897378494135,0.215102621505865
"sp218",0.989857270760157,0.0101427292398427
