accepted_species,0,1
sp25,0.9913904,0.008609608
sp103,0.9770951,0.022904893
sp117,0.9800023,0.019997727
sp126,0.9871625,0.012837526
sp130,0.9800023,0.019997727
sp147,0.36348724,0.63651276
sp155,0.9882034,0.011796588
sp163,0.77030236,0.22969766
sp172,0.8139572,0.1860428
sp218,0.9882034,0.011796588
