accepted_species,0,1
sp25,0.8400947,0.15990531
sp103,0.8668987,0.13310128
sp117,0.84372556,0.15627444
sp126,0.8879466,0.1120534
sp130,0.8252883,0.1747117
sp147,0.84028685,0.15971312
sp155,0.89108694,0.10891309
sp163,0.81123555,0.18876444
sp172,0.802879,0.19712102
sp218,0.8869965,0.11300348
