accepted_species,0,1
Rubia_florida,0.9706754,0.029324599
Rondeletia_naguensis,0.978241,0.021758994
Psychotria_scytophylla,0.9706754,0.029324599
Galium_×_barcinonense,0.9706754,0.029324599
Neonauclea_sericea,0.52356267,0.47643736
Manettia_spraguei,0.90585065,0.09414933
Hedyotis_leschenaultii,0.63879526,0.3612047
Coussarea_linearis,0.90585065,0.09414933
Fagraea_ceilanica,0.9123091,0.08769087
Periploca_angustifolia,0.95977587,0.040224135
