accepted_species,0,1
Rubia_florida,0.9899938,0.010006171
Rondeletia_naguensis,0.15862703,0.84137297
Psychotria_scytophylla,0.95867366,0.04132637
Galium_×_barcinonense,0.9899938,0.010006171
Neonauclea_sericea,0.95736927,0.042630725
Manettia_spraguei,0.990393,0.009606993
Hedyotis_leschenaultii,0.990393,0.009606993
Coussarea_linearis,0.9469151,0.053084888
Fagraea_ceilanica,0.99233437,0.00766566
Periploca_angustifolia,0.93989944,0.060100567
