accepted_species,estimate
t13,0.3476385595355935
t38,0.3587980958094001
t39,0.3587980958094015
t8,0.3535236731687843
t11,0.3583990702218214
t64,0.37828730545737194
t65,0.3782873054573728
t97,0.35966157494748313
t10,0.3382560595145485
t2,0.27807723621771324
