accepted_species,0
t13,0.07055441799082936
t38,0.07055441799082936
t39,0.07055441799082936
t8,0.07055441799082936
t11,0.07055441799082936
t64,0.07055441799082936
t65,0.07055441799082936
t97,0.492628339419737
t10,0.07055441799082936
t2,0.07055441799082936
