accepted_species,estimate
t45,0.11263029658112356
t84,0.18290074969930925
t96,-1.8366766381691466
t40,-1.2345197799283696
t48,0.7780488959042166
t67,0.7846886501862035
t74,0.8704483381694502
t83,0.3352647087462669
t51,0.023193742284134962
t35,-0.394676681906732
