accepted_species,0
t45,0.003281209505999992
t84,0.4691407621935027
t96,-2.967317714607754
t40,0.003281209505999992
t48,0.003281209505999992
t67,1.938857583821835
t74,0.8652453445277329
t83,0.389193575564439
t51,0.003281209505999992
t35,0.003281209505999992
