accepted_species,estimate
t19,-3.4159607198916593
t61,-3.454394658874712
t62,-3.454394658874712
t34,-3.4366191439880334
t8,-3.3406517831727713
t82,-3.516187012647767
t83,-3.516187012647767
t93,-3.5484422746087354
t94,-3.5484422746087363
t75,-3.54353713966192
