accepted_species,0
t19,-2.88475321351669
t61,-2.88475321351669
t62,-2.88475321351669
t34,-2.88475321351669
t8,-2.88475321351669
t82,-2.8847532135166896
t83,-2.8847532135166896
t93,-2.8847532135166896
t94,-2.8847532135166896
t75,-2.8847532135166896
