accepted_species,0
t67,
t72,0.126021150910244
t11,
t88,-1.37399909693456
t54,
t94,
t95,
t38,
t3,
t34,
