"accepted_species","estimate"
"t67",-0.0381019850068953
"t72",0.0758396763774664
"t11",-0.872310090182155
"t88",-1.30513717812652
"t54",-0.399302220554577
"t94",-0.39829441483466
"t95",-0.39829441483466
"t38",1.72982086123563
"t3",1.06507576870721
"t34",0.386221298530889
