"accepted_species","0","1"
"t23",0.724248440415034,0.275751559584966
"t99",0.724248440409368,0.275751559590632
"t100",0.724248440409368,0.275751559590632
"t17",0.724248440428769,0.275751559571231
"t25",0.6610884356386,0.3389115643614
"t26",0.6610884356386,0.3389115643614
"t55",0.95464872279178,0.0453512772082203
"t7",0.828990346493796,0.171009653506204
"t22",0.904655010429725,0.0953449895702753
"t19",0.894990703312726,0.105009296687274
