accepted_species,0,1
t23,0.7777777777777778,0.2222222222222222
t99,0.7777777777777778,0.2222222222222222
t100,0.7777777777777778,0.2222222222222222
t17,0.7777777777777778,0.2222222222222222
t25,0.7777777777777778,0.2222222222222222
t26,0.7777777777777778,0.2222222222222222
t55,0.7777777777777778,0.2222222222222222
t7,0.7777777777777778,0.2222222222222222
t22,0.7777777777777778,0.2222222222222222
t19,0.7777777777777778,0.2222222222222222
