"accepted_species","0","1"
"t23","0.920704052681129","0.0792959473188707"
"t99","0.920704052681129","0.0792959473188707"
"t100","0.920704052681129","0.0792959473188707"
"t17","0.920704052681129","0.0792959473188707"
"t25","0.96473564556363","0.0352643544363705"
"t26","0.96473564556363","0.0352643544363705"
"t55","0.989748552983859","0.010251447016141"
"t7","0.975417748505752","0.0245822514942485"
"t22","0.990178593388838","0.00982140661116225"
"t19","0.988269687969828","0.011730312030172"
