accepted_species,0,1
t23,0.9509339,0.049066104
t99,0.9509339,0.049066104
t100,0.9509339,0.049066104
t17,0.9529927,0.047007337
t25,0.959707,0.04029295
t26,0.959707,0.04029295
t55,0.9869626,0.013037401
t7,0.94607383,0.05392619
t22,0.9869626,0.013037401
t19,0.9869626,0.013037401
