accepted_species,0,1
t22,0.48280230889623876,0.5171976911037612
t30,0.5129320662724783,0.48706793372752166
t31,0.507324065076941,0.49267593492305894
t36,0.5311277799087853,0.46887222009121465
t40,0.5224961666412913,0.47750383335870866
t94,0.5266310071004965,0.47336899289950357
t118,0.5325498725363832,0.4674501274636168
t119,0.5325576557186751,0.467442344281325
t123,0.5247838887075424,0.47521611129245755
t124,0.5248170543307904,0.4751829456692096
