accepted_species,0,1
t74,0.4442464,0.5557536
t83,0.4144743,0.5855257
t93,0.4442464,0.5557536
t94,0.4442464,0.5557536
t98,0.5628686,0.43713143
t119,0.5628686,0.43713143
t164,0.4442464,0.5557536
t169,0.4144743,0.5855257
t178,0.5628686,0.43713143
t181,0.4144743,0.5855257
