accepted_species,0,1
t22,0.5290559,0.4709441
t30,0.55231667,0.44768333
t31,0.57084465,0.42915532
t36,0.57770693,0.42229304
t40,0.5737131,0.42628688
t94,0.5545225,0.44547746
t118,0.517583,0.482417
t119,0.517583,0.482417
t123,0.563955,0.436045
t124,0.5545225,0.44547746
