accepted_species,0,1
t22,0.94967717,0.050322838
t30,0.969305,0.03069502
t31,0.4176628,0.5823372
t36,0.310342,0.689658
t40,0.06920135,0.93079865
t94,0.969305,0.03069502
t118,0.96796787,0.03203212
t119,0.96796787,0.03203212
t123,0.969305,0.03069502
t124,0.969305,0.03069502
