accepted_species,0,1
t74,0.5455147,0.4544853
t83,0.46699524,0.53300476
t93,0.5455147,0.4544853
t94,0.5455147,0.4544853
t98,0.5720295,0.4279705
t119,0.5720295,0.4279705
t164,0.5455147,0.4544853
t169,0.472704,0.527296
t178,0.57175887,0.4282411
t181,0.47321105,0.52678895
