accepted_species,0,1
t74,0.41839033,0.58160967
t83,0.44467854,0.55532146
t93,0.41839033,0.58160967
t94,0.41839033,0.58160967
t98,0.6182911,0.38170892
t119,0.6182911,0.38170892
t164,0.41839033,0.58160967
t169,0.44467854,0.55532146
t178,0.6182911,0.38170892
t181,0.44467854,0.55532146
