accepted_species,estimate
Alstonia_actinophylla,-0.19833862590747545
Asclepias_amplexicaulis,-0.23832785556152283
Asclepias_syriaca,-0.49878513278929026
Galium_nuttallii,-0.45058018836639313
Gentiana_pneumonanthe,-0.2827161260622446
Gentianella_campestris,-0.4799574545456562
Psychotria_suterella,0.5632280397214235
Spermacoce_brachystema,0.7658183175077993
Swertia_bimaculata,-0.4477709686441548
Swertia_pseudochinensis,-0.4553363766866249
