accepted_species,estimate
Alstonia_actinophylla,0.15503007397747132
Asclepias_amplexicaulis,-0.42718644788599264
Asclepias_syriaca,-0.42718644788599264
Galium_nuttallii,-0.374341422714406
Gentiana_pneumonanthe,-0.4444329969211562
Gentianella_campestris,-0.441431356120006
Psychotria_suterella,0.5262838928142887
Spermacoce_brachystema,0.19380437011234636
Swertia_bimaculata,-0.42907035580061337
Swertia_pseudochinensis,-0.42907035580061337
