accepted_species,0
t29,-0.07420526622670288
t39,-0.07420526622453508
t40,-0.07420526622453508
t67,-0.23427068927221506
t68,-0.23427068927221506
t99,0.3135714335550156
t7,-0.2922383484145556
t5,-0.2776451440540019
t11,-0.24936274769383837
t44,-0.22154848316735434
