accepted_species,estimate
Coffea_racemosa,1.4621676580741991
Coprosma_quadrifida,1.0260178693827244
Cruciata_glabra,-0.6306634182338033
Fagraea_berteroana,-0.6023189273547019
Guettarda_tikalana,-0.2294643446090271
Hamelia_axillaris,-0.09970202678416429
Plumeria_alba,0.6373108678213449
Sherardia_arvensis,-0.36378789367972597
Swertia_bimaculata,-0.5210658869136601
Tarenna_mollissima,1.1143099123001532
