accepted_species,estimate
t103,0.11416612766411344
t48,0.19051142525832226
t135,-0.5133412603729434
t28,-0.3509972931695065
t127,-0.8697265028747004
t132,-0.7190710598594475
t37,-0.4031932557553806
t86,-0.7196727455899138
t45,-0.25993348598027716
t88,0.8693741112345497
t34,1.6721914888008655
t71,1.0609948855651743
t64,1.6157299320871596
t72,1.801256677607537
t80,1.909406878695951
t41,2.025461131380995
