accepted_species,estimate
t103,0.03071315118856046
t48,-0.22580079129493255
t135,-0.8167784874317622
t28,-0.6223093585091893
t127,-0.2979377051954154
t132,-0.668418958081458
t37,-0.9083044531696366
t86,-0.4175948027287383
t45,-0.27060821644358446
t88,0.9861224279921631
t34,1.0436538174347276
t71,1.3897388204526713
t64,1.5943611305321912
t72,1.6499262038408478
t80,1.8713063352115078
t41,1.7359311210499377
