"accepted_species","estimate"
"t103",0.302915198748117
"t48",0.0440892291155137
"t135",-0.8429849013247
"t28",-0.606379072178364
"t127",-0.288204615545784
"t132",-0.771703722809547
"t37",-0.456708152228421
"t86",-0.457215183136733
"t45",-0.305321068867899
"t88",1.15235277013693
"t34",1.12591062140296
"t71",1.2414157013442
"t64",1.54282468451002
"t72",1.51931368093963
"t80",2.35779405357592
"t41",1.78364907183385
