accepted_species,0
t103,
t48,
t135,-0.909289686312062
t28,
t127,-0.0705314090119019
t132,-0.819533822881771
t37,
t86,
t45,
t88,1.16417154524369
t34,
t71,
t64,
t72,
t80,2.62895603937408
t41,
