"accepted_species","estimate"
"t103",0.302915755273261
"t48",0.0440895598912512
"t135",-0.842985939947415
"t28",-0.606379079323937
"t127",-0.288202191567093
"t132",-0.771704523433532
"t37",-0.456707704939097
"t86",-0.457213962286014
"t45",-0.305321186421317
"t88",1.1523529935028
"t34",1.12591113439354
"t71",1.24141623882325
"t64",1.5428244050566
"t72",1.51931331921894
"t80",2.35779585724799
"t41",1.78364951532108
