accepted_species,0,1
t25,0.4133928938046918,0.5866071061953082
t31,0.4324590927269547,0.5675409072730453
t45,0.2096023267339533,0.7903976732660467
t51,0.4425537885097033,0.5574462114902967
t72,0.2062070219746771,0.7937929780253229
t73,0.2003125640249479,0.7996874359750521
t78,0.4172066242914524,0.5827933757085476
t87,0.20321197538730773,0.7967880246126923
t99,0.19863847785469646,0.8013615221453035
t106,0.19817365464884396,0.801826345351156
