accepted_species,0,1
t15,0.37515742,0.6248426
t55,0.387003,0.612997
t67,0.37515742,0.6248426
t70,0.37402225,0.62597775
t97,0.40014368,0.5998563
t98,0.387003,0.612997
t99,0.387003,0.612997
t100,0.40826237,0.5917376
t103,0.40014368,0.5998563
t108,0.37515742,0.6248426
