accepted_species,0,1
sp159,0.9007326,0.09926742
sp168,0.88542414,0.11457584
sp171,0.63531494,0.36468506
sp180,0.681957,0.318043
sp206,0.0955441,0.9044559
sp210,0.5715748,0.42842522
sp217,0.2228058,0.7771942
sp226,0.10552335,0.89447665
sp251,0.46821177,0.53178823
sp256,0.41301095,0.58698905
