accepted_species,estimate
t25,-0.3469007951011862
t26,-0.2742048472943167
t83,-0.46055471909976486
t20,0.16641700580239258
t23,-0.2915472465369011
t5,-0.20578932806753783
t29,-0.23459633318813625
t64,-0.487523954114619
t62,-0.3308461744181085
t78,0.2575906908223806
