accepted_species,0
t57,0.03363997891364148
t28,0.03363997891364148
t70,0.03363997891364148
t71,0.03363997891364148
t20,0.03363997891364148
t17,0.03363997891364148
t27,0.03363997891364148
t100,-0.7277057970927073
t58,0.03363997891364148
t72,-0.733549636666904
