"accepted_species","estimate"
"t25",-0.00405423112169115
"t26",-0.00405423112169115
"t83",-0.00405423112169115
"t20",-0.00405423112169115
"t23",-0.00405423112169115
"t5",-0.00405423112169115
"t29",-0.00405423112169115
"t64",-0.00405423112169116
"t62",-0.00405423112169115
"t78",-0.00405423112169115
