accepted_species,0,1
Psydrax_approximatus,0.91436946,0.08563056
Rogiera_macdougallii,0.91436946,0.08563056
Ruehssia_loniceroides,0.84496415,0.15503582
Rothmannia_macrosiphon,0.8289109,0.17108911
Psychotria_acutiflora,0.91436946,0.08563056
Psychotria_spathulifolia,0.91436946,0.08563056
Galium_scopulorum,0.91436946,0.08563056
Timonius_dumagat,0.91436946,0.08563056
Echidnopsis_insularis,0.84496415,0.15503582
Oldenlandia_toussidana,0.91436946,0.08563056
