"accepted_species","estimate"
"t50",-0.52921431289316
"t30",-0.740467566723455
"t80",-0.710567651255534
"t4",-0.36452201601996
"t81",-0.0323210859471372
"t95",1.01332013691545
"t73",1.02341861307603
"t49",0.585643076374786
"t64",-0.0582039379639886
"t93",-0.205002114582128
