"accepted_species","estimate"
"t50",-0.528895443654908
"t30",-0.740609598519471
"t80",-0.711794301217493
"t4",-0.364621934978292
"t81",-0.0369823522190721
"t95",1.01303898861543
"t73",1.02315516495763
"t49",0.585664701157316
"t64",-0.0572136853481675
"t93",-0.204907363686598
