"accepted_species","0","1"
"t12",0.368697661512821,0.631302338487179
"t15",0.368697209459215,0.631302790540785
"t24",0.368470942582037,0.631529057417963
"t45",0.363337278701277,0.636662721298723
"t76",0.427408646759568,0.572591353240432
"t77",0.378617543594369,0.621382456405631
"t79",0.386388053072927,0.613611946927073
"t98",0.481722073950103,0.518277926049897
"t110",0.242117558704887,0.757882441295113
"t118",0.854828436401111,0.145171563598889
