accepted_species,0,1
t96,0.6610976280692034,0.3389023719307966
t158,0.42213685087122566,0.5778631491287743
t190,0.7027445114566964,0.29725548854330364
t193,0.3030144973760841,0.6969855026239159
t198,0.6425596580174766,0.3574403419825234
t202,0.22820604111433695,0.771793958885663
t231,0.4220002623352934,0.5779997376647066
t246,0.7735941294742599,0.22640587052574013
t255,0.5453234548355921,0.454676545164408
t278,0.47513675346241113,0.5248632465375889
