accepted_species,0,1
t96,0.5230434978092345,0.47695650219076546
t158,0.3947946226416812,0.6052053773583188
t190,0.5867667975250627,0.41323320247493733
t193,0.3888890975174484,0.6111109024825516
t198,0.5854357993055863,0.41456420069441363
t202,0.3952326525242982,0.6047673474757018
t231,0.39591852067870104,0.604081479321299
t246,0.6615793359364542,0.33842066406354576
t255,0.39377104045615197,0.606228959543848
t278,0.394362304819564,0.605637695180436
