accepted_species,0,1
t12,0.4555555555555556,0.5444444444444444
t15,0.4555555555555556,0.5444444444444444
t24,0.4555555555555556,0.5444444444444444
t45,0.4555555555555556,0.5444444444444444
t76,0.4555555555555556,0.5444444444444444
t77,0.4555555555555556,0.5444444444444444
t79,0.4555555555555556,0.5444444444444444
t98,0.4555555555555556,0.5444444444444444
t110,0.4555555555555556,0.5444444444444444
t118,1.0,0.0
