accepted_species,0,1
t12,0.27327502,0.726725
t15,0.67539,0.32460997
t24,0.571114,0.428886
t45,0.11226982,0.8877302
t76,0.94189525,0.058104776
t77,0.7559964,0.24400361
t79,0.3962989,0.6037011
t98,0.08836037,0.91163963
t110,0.04528457,0.95471543
t118,0.9020129,0.09798714
