accepted_species,0,1
t255,0.4977327958545327,0.5022672041454673
t271,0.49806208522235185,0.5019379147776482
t308,0.5003792505465277,0.49962074945347235
t364,0.500511608545305,0.4994883914546951
t371,0.49924705357555976,0.5007529464244402
t384,0.4976174687325393,0.5023825312674607
t434,0.500475494006155,0.499524505993845
t441,0.4992102670739149,0.5007897329260851
t453,0.4994264128408409,0.5005735871591591
t461,0.5020947682342698,0.4979052317657302
