accepted_species,0,1
t255,0.47111403153731213,0.5288859684626879
t271,0.5571901137225541,0.4428098862774459
t308,0.6472404474295803,0.3527595525704197
t364,0.33127940166173364,0.6687205983382664
t371,0.49148523103803843,0.5085147689619616
t384,0.438856955585488,0.561143044414512
t434,0.6897561711364306,0.3102438288635693
t441,0.3252216645570851,0.6747783354429149
t453,0.4092082100621818,0.5907917899378182
t461,0.4817560031915218,0.5182439968084782
