accepted_species,0,1
t255,0.43136796886642326,0.5686320311335767
t271,0.4391356356087276,0.5608643643912724
t308,0.5214525724859365,0.4785474275140636
t364,0.3854563679344938,0.6145436320655062
t371,0.5067924143461435,0.49320758565385653
t384,0.43067083696948183,0.5693291630305182
t434,0.5505527528897871,0.44944724711021294
t441,0.22983083307845797,0.770169166921542
t453,0.07610506419491925,0.9238949358050808
t461,0.03455513973978053,0.9654448602602195
