accepted_species,0,1
t255,0.44998485,0.55001515
t271,0.3929699,0.6070301
t308,0.6456964,0.35430357
t364,0.29362488,0.7063751
t371,0.55403626,0.4459637
t384,0.40015888,0.5998411
t434,0.64597666,0.35402337
t441,0.30675113,0.69324887
t453,0.4334349,0.5665651
t461,0.54178727,0.4582127
