accepted_species,0,1
t255,0.2883811,0.7116189
t271,0.28454918,0.7154508
t308,0.74695235,0.25304765
t364,0.2506798,0.7493202
t371,0.29736525,0.70263475
t384,0.2793395,0.7206605
t434,0.7413839,0.25861606
t441,0.31573153,0.6842685
t453,0.29736525,0.70263475
t461,0.50450265,0.49549738
