accepted_species,0,1
t63,0.89733845,0.10266153
t72,0.73930645,0.26069358
t78,0.64628863,0.35371134
t105,0.76754403,0.23245595
t117,0.67563,0.32437
t123,0.6787855,0.3212145
t130,0.8305832,0.1694168
t137,0.854481,0.14551903
t146,0.8711048,0.12889521
t189,0.89733845,0.10266153
