accepted_species,0,1
t63,0.70764977,0.29235023
t72,0.7284081,0.27159193
t78,0.7307321,0.26926792
t105,0.8205805,0.17941952
t117,0.8383335,0.1616665
t123,0.741203,0.258797
t130,0.74939144,0.25060856
t137,0.7203356,0.2796644
t146,0.81304383,0.18695614
t189,0.8536848,0.14631523
