accepted_species,estimate
Galium_angustifolium,-0.23725044576073423
Galium_circaezans,-0.2909383326878921
Galium_eriocarpum,-0.7802280745821243
Galium_mexicanum,-0.33341935167593223
Galium_mollugo,-0.3239375069649613
Galium_nuttallii,-0.5005012702530548
Galium_odoratum,-0.4515469642554299
Galium_saxatile,-0.23160532276636164
Galium_tenuissimum,-0.45741619437120207
Galium_tinctorium,-0.47431978059677454
