accepted_species,estimate
t11,0.33566649065140874
t64,0.3453795558705495
t83,0.34595698471235176
t8,0.21988645477465926
t96,0.20397083278693068
t33,0.1929814269251179
t46,0.18348108742723138
t97,0.17675519532547757
t98,0.17675519532547757
t9,0.2709174974477798
