accepted_species,estimate
t16,-0.9733038124993568
t37,-1.247526170839979
t95,-1.2251878648383705
t96,-1.3500285395560414
t44,-1.2713222039359635
t93,-1.2297319710528194
t94,-1.2677385758480149
t59,-1.0873500868843597
t42,-0.9853919489301469
t43,-1.0671960763021886
