accepted_species,estimate
t16,-0.8107207911847757
t37,-0.5881516958294123
t95,-0.6941519458130551
t96,-0.6943615066873704
t44,-0.6883281788789887
t93,-0.5702270650320255
t94,-0.570573954389692
t59,-0.5688137013983737
t42,-0.5286894150782636
t43,-0.5256315365770525
