"accepted_species","estimate"
"t38",-0.442864124388345
"t39",-0.442864124388345
"t31",-0.4226348857882
"t32",-0.4226348857882
"t21",-0.0857432681996192
"t93",-0.0857432681996192
"t94",-0.0857432681996192
"t50",-0.0857432681996192
"t51",-0.0857432681996192
"t17",-0.0857432681996192
