accepted_species,0
t38,-0.06667646512651622
t39,-0.06667646512651622
t31,-0.06667646512651622
t32,-0.06667646512651622
t21,-0.06667646512651622
t93,-0.06667646512651622
t94,-0.06667646512651622
t50,-0.06667646512651622
t51,-0.06667646512651622
t17,-0.06667646512651622
