accepted_species,0,1
t3,0.8209972328180014,0.1790027671819986
t6,0.8210187011592172,0.17898129884078282
t10,0.8231378445049313,0.1768621554950687
t25,0.8210815225442254,0.1789184774557746
t57,0.8231077100447746,0.17689228995522546
t82,0.8231022483544292,0.17689775164557073
t90,0.8230942658262563,0.1769057341737437
t92,0.823450706122347,0.17654929387765297
t99,0.82103256632838,0.17896743367162002
t107,0.8210052424780749,0.17899475752192506
