accepted_species,0,1
t259,0.9002434726318903,0.09975652736810971
t284,0.8996181500851846,0.10038184991481533
t286,0.8991515942665617,0.10084840573343831
t298,0.8998943210281576,0.10010567897184244
t301,0.9008144382257093,0.09918556177429075
t307,0.8999034065858021,0.10009659341419788
t321,0.8985111530503777,0.1014888469496223
t329,0.9008744386627903,0.09912556133720972
t331,0.8991892144939098,0.1008107855060902
t343,0.9007665435557809,0.09923345644421913
