"accepted_species","0","1"
"t3","0.992270995187123","0.00772900481287712"
"t6","0.99288434887826","0.00711565112173996"
"t10","0.99543598441388","0.00456401558612038"
"t25","0.989505381094845","0.0104946189051554"
"t57","0.989798444968879","0.0102015550311212"
"t82","0.275951262112765","0.724048737887235"
"t90","0.208581267258924","0.791418732741076"
"t92","0.126196708035512","0.873803291964488"
"t99","0.00216922832617591","0.997830771673824"
"t107","0.999995158175947","4.84182405331162e-06"
