accepted_species,0
Asclepias_eriocarpa,-0.0380251126081721
Asclepias_oenotheroides,-0.0380251126081721
Asclepias_speciosa,-0.0380251126081721
Centaurium_erythraea,-0.0380251126081721
Crucianella_gilanica,-0.0380251126081721
Galium_boreale,-0.38360584760197153
Guettarda_divaricata,-0.0380251126081721
Psychotria_serpens,-0.0380251126081721
Randia_armata,-0.0380251126081721
Tarenna_mollissima,-0.0380251126081721
