"accepted_species","estimate"
"t11",0.364979182958645
"t76",0.672583021766382
"t77",0.672583021766382
"t58",0.66019018135407
"t49",0.0594726764509741
"t50",0.0594726764509741
"t48",0.0594726764509741
"t54",0.423649935025609
"t63",0.423649935025609
"t64",0.423649935025609
