accepted_species,estimate
t11,0.12734546
t76,0.5670232
t77,0.12734546
t58,0.12734546
t49,-0.039989874
t50,0.17745481
t48,0.12734546
t54,0.12734546
t63,0.12734546
t64,0.12734546
