accepted_species,estimate
t84,0.002071683173055734
t98,-0.10334744754439906
t32,-0.059147235004645644
t18,0.19076321043419373
t4,-0.08805229476790424
t72,-0.11217699340084694
t85,0.05911324083152989
t86,0.05911324083152982
t100,-0.1302945774171075
t42,-0.7458323757159467
