"accepted_species","estimate"
"t84",0.382004526832516
"t98",-0.517256599482482
"t32",-0.128309470200552
"t18",-0.0793397672935007
"t4",-0.0779458399870506
"t72",-0.374729479079515
"t85",-0.0219010755178609
"t86",-0.0219010755178609
"t100",-0.626417500678792
"t42",-0.0982248136652081
