accepted_species,0
t84,0.6552508596594561
t98,-0.553119697006842
t32,
t18,
t4,
t72,-1.0307374113948
t85,
t86,
t100,-0.6429860857854938
t42,
