accepted_species,estimate
t14,-0.8969374043334908
t74,-0.8868591761219369
t75,-0.812515589916238
t32,-0.8786654607656039
t95,-0.8699737154528389
t96,-0.7843926571390141
t13,-0.7152916348197509
t39,-0.8781408569681453
t91,-0.6979159906498906
t92,-0.8610997269316163
