accepted_species,0
t24,0.017627128757157204
t35,0.017627128757157204
t62,-0.47384220233021396
t99,-0.473842202330214
t5,0.017627128757157204
t86,-0.311991776425607
t72,0.017627128757157204
t73,0.017627128757157204
t81,0.4238398072322337
t34,0.017627128757157204
