"accepted_species","estimate"
"t24",-0.286869487482815
"t35",0.300426612225666
"t62",-0.435154498079784
"t99",-0.473246847519608
"t5",-0.207023917994602
"t86",-0.291212946463576
"t72",-0.229738762193681
"t73",-0.229738762193681
"t81",0.417729325673985
"t34",0.388187578629973
