accepted_species,estimate
t11,-0.450243345013822
t14,-0.3891755771017579
t100,-0.7070480367743761
t21,-0.5374747168496471
t18,-0.3873716277015939
t42,0.19734252734583937
t28,1.1712630052891204
t65,0.17799828717233712
t46,0.1879561759671419
t20,0.2703487833183632
t94,1.178802005133634
t17,0.572026786626217
t45,0.5590302939066908
