accepted_species,estimate
t62,1.4225312449887686
t75,1.2469151580019835
t70,1.1358405579438622
t71,1.1288116462522488
t8,1.180897085434564
t99,2.024758627288361
t90,0.8415302431817627
t91,0.8052725433182489
t84,0.4306748957262244
t72,0.45606249155398637
