accepted_species,0
t3,
t48,
t59,
t100,-1.15909222357949
t35,
t91,-0.398244610605351
t26,
t31,
t32,
t51,
