accepted_species,estimate
t24,-0.1414873879202413
t71,-0.21328226167885223
t72,-0.20819067827365234
t67,-0.19082500856965268
t12,-0.08362093264235683
t89,-0.6028594071814642
t50,-0.555884016798334
t85,0.0284275365008707
t2,-0.10362256859126852
t28,0.015152116509438474
