accepted_species,0,1
t22,0.20390266,0.79609734
t23,0.20390266,0.79609734
t19,0.20390266,0.79609734
t30,0.03308916,0.96691084
t16,0.8608715,0.13912852
t44,0.88737595,0.112624064
t88,0.7181729,0.28182706
t96,0.6558738,0.34412622
t12,0.8785727,0.12142733
t52,0.731696,0.26830396
