accepted_species,0,1
t22,0.3450036,0.6549964
t23,0.73381615,0.26618388
t19,0.3450036,0.6549964
t30,0.33113873,0.66886127
t16,0.8958643,0.1041357
t44,0.80309135,0.19690867
t88,0.9188381,0.081161894
t96,0.80309135,0.19690867
t12,0.24184155,0.75815845
t52,0.31068915,0.68931085
