accepted_species,0,1
t22,0.7168754,0.28312463
t23,0.7444048,0.25559524
t19,0.6967967,0.30320328
t30,0.3747291,0.6252709
t16,0.58849865,0.41150135
t44,0.7639176,0.23608236
t88,0.52169776,0.47830227
t96,0.57620233,0.42379767
t12,0.6011454,0.3988546
t52,0.8592018,0.14079821
