accepted_species,0,1
sp94,0.4265393887322997,0.5734606112677003
sp105,0.41596352252645774,0.5840364774735423
sp126,0.4255236151609011,0.5744763848390989
sp128,0.40305320384671806,0.5969467961532819
sp156,0.39810665536356493,0.6018933446364351
sp165,0.3991930650903007,0.6008069349096993
sp166,0.39919306509030084,0.6008069349096992
sp167,0.3969887446712703,0.6030112553287297
sp178,0.39701087232945076,0.6029891276705492
sp198,0.39701312161405633,0.6029868783859437
