accepted_species,0,1
sp94,0.24463004,0.75536996
sp105,0.31198037,0.68801963
sp126,0.24463004,0.75536996
sp128,0.32907444,0.67092556
sp156,0.32907444,0.67092556
sp165,0.32907444,0.67092556
sp166,0.32907444,0.67092556
sp167,0.8135755,0.1864245
sp178,0.32907444,0.67092556
sp198,0.8135755,0.1864245
