accepted_species,0,1
sp94,0.41125602,0.588744
sp105,0.41125602,0.588744
sp126,0.41125602,0.588744
sp128,0.41125602,0.588744
sp156,0.6180308,0.3819692
sp165,0.6180308,0.3819692
sp166,0.6180308,0.3819692
sp167,0.6180308,0.3819692
sp178,0.6180308,0.3819692
sp198,0.6180308,0.3819692
