accepted_species,0,1
t85,0.6982882456238995,0.3017117543761005
t87,0.5277214031009221,0.47227859689907786
t104,0.5422275929061579,0.45777240709384215
t126,0.4925294527226788,0.5074705472773212
t129,0.8150819965662337,0.18491800343376635
t150,0.8228295332450168,0.17717046675498313
t151,0.8198591685508738,0.1801408314491262
t154,0.5605778975851339,0.4394221024148661
t161,0.4835842685070253,0.5164157314929747
t162,0.48359977190183545,0.5164002280981645
