accepted_species,0,1
t23,0.3437783865836427,0.6562216134163573
t29,0.34376445665769817,0.6562355433423018
t40,0.3409771627966023,0.6590228372033977
t61,0.34054032235144016,0.6594596776485598
t90,0.3422796833014279,0.6577203166985721
t101,0.3401782258153827,0.6598217741846173
t105,0.34283896990484997,0.65716103009515
t116,0.289582061613991,0.710417938386009
t127,0.34271032231591136,0.6572896776840886
t128,0.3427103223159115,0.6572896776840885
