"accepted_species","0","1"
"t85","0.247662126285219","0.752337873714781"
"t87","0.752610916192655","0.247389083807345"
"t104","0.979310379007279","0.0206896209927214"
"t126","0.752610916192655","0.247389083807345"
"t129","0.231226975764448","0.768773024235552"
"t150","0.231226975764448","0.768773024235552"
"t151","0.231226975764448","0.768773024235552"
"t154","0.999157931262037","0.000842068737963202"
"t161","0.752610916192655","0.247389083807345"
"t162","0.752610916192655","0.247389083807345"
