accepted_species,0,1
t23,0.36277717,0.6372228
t29,0.36277717,0.6372228
t40,0.36277717,0.6372228
t61,0.36277717,0.6372228
t90,0.36277717,0.6372228
t101,0.36277717,0.6372228
t105,0.36277717,0.6372228
t116,0.36277717,0.6372228
t127,0.36277717,0.6372228
t128,0.36277717,0.6372228
