accepted_species,estimate
t7,0.40999812
t52,0.2665203
t53,0.30387652
t85,0.30387652
t86,0.2665203
t31,0.2665203
t49,0.38337892
t59,0.38337892
t60,0.38337892
t18,0.38337892
