accepted_species,0,1
t90,0.0148682,0.9851318
t24,0.0148682,0.9851318
t67,0.0148682,0.9851318
t89,0.0148682,0.9851318
t35,0.0148682,0.9851318
t8,0.0148682,0.9851318
t130,0.0148682,0.9851318
t101,0.0148682,0.9851318
t113,0.0148682,0.9851318
t47,0.0148682,0.9851318
t77,0.0148682,0.9851318
t46,0.0148682,0.9851318
t32,0.0148682,0.9851318
