accepted_species,estimate
t100,-1.1788364400911542
t109,-1.195284251942787
t68,0.31606148180235455
t158,0.41523510894034793
t20,-0.1241925328302691
t37,1.077609760379564
t57,1.5561787338572461
t172,-0.3888129512044778
t152,0.8318907695478847
t97,0.7935672327687339
t150,0.7111591275551815
t87,-0.6944287246706181
t25,-0.45099753699227113
t118,-1.902169124851319
t13,-0.4391750870552353
t124,-0.5488650543906256
t125,-0.5488650543906256
