"","t2","t3","t87","t88","t77","t78","t13","t14","t21","t33","t34","t37","t38","t6","t5","t72","t73","t69","t70","t31","t32","t49","t89","t90","t20","t45","t46","t40","t29","t97","t98","t91","t92","t59","t60","t57","t58","t56","t99","t100","t71","t65","t66","t35","t36","t1","t19","t54","t55","t22","t23","t4","t81","t82","t79","t80","t67","t68","t15","t63","t64","t24","t25","t50","t51","t28","t27","t16","t10","t17","t18","t83","t84","t43","t95","t96","t93","t94","t74","t52","t53","t44","t26","t85","t86","t39","t30","t41","t42","t75","t76","t61","t62","t47","t48","t8","t9","t7","t11","t12"
"t2",0,4.511982088,7.47300040933,7.47300040933,7.4730004086,7.4730004086,7.47300040819,7.47300040819,7.47300040859,7.47300040857,7.47300040857,7.47300040859,7.47300040859,7.47300040879,7.47300040869,7.47300040859,7.47300040859,7.47300040858,7.47300040858,7.47300040858,7.47300040858,7.47300040869,7.47300040861,7.47300040861,7.47300040859,7.47300040807,7.47300040807,7.47300040809,7.47300040799,7.473000408006,7.473000408006,7.473000408077,7.473000408077,7.47300040839,7.47300040839,7.47300040847,7.47300040847,7.47300040848,7.473000408462,7.473000408462,7.47300040848,7.47300040848,7.47300040848,7.47300040849,7.47300040849,7.473000408,7.7653757068,7.7653757068,7.7653757068,7.7653757068,7.7653757068,7.7653757062,7.76537570649,7.76537570649,7.76537570708,7.76537570708,7.76537570665,7.76537570665,7.76537570715,7.7653757067,7.7653757067,7.7653757067,7.7653757067,7.765375706611,7.765375706611,7.765375706611,7.7653757066,7.7653757065,7.7653757064,7.765375706,7.765375706,7.76537570649,7.76537570649,7.76537570649,7.765375706444,7.765375706444,7.76537570642,7.76537570642,7.76537570639,7.7653757065,7.7653757065,7.7653757065,7.76537570645,7.76537570647,7.76537570647,7.76537570648,7.76537570638,7.76537570647,7.76537570647,7.76537570647,7.76537570647,7.76537570645,7.76537570645,7.76537570649,7.76537570649,7.7653757063,7.7653757063,7.7653757066,7.7653757066,7.7653757066
"t3",4.511982088,0,7.47300040933,7.47300040933,7.4730004086,7.4730004086,7.47300040819,7.47300040819,7.47300040859,7.47300040857,7.47300040857,7.47300040859,7.47300040859,7.47300040879,7.47300040869,7.47300040859,7.47300040859,7.47300040858,7.47300040858,7.47300040858,7.47300040858,7.47300040869,7.47300040861,7.47300040861,7.47300040859,7.47300040807,7.47300040807,7.47300040809,7.47300040799,7.473000408006,7.473000408006,7.473000408077,7.473000408077,7.47300040839,7.47300040839,7.47300040847,7.47300040847,7.47300040848,7.473000408462,7.473000408462,7.47300040848,7.47300040848,7.47300040848,7.47300040849,7.47300040849,7.473000408,7.7653757068,7.7653757068,7.7653757068,7.7653757068,7.7653757068,7.7653757062,7.76537570649,7.76537570649,7.76537570708,7.76537570708,7.76537570665,7.76537570665,7.76537570715,7.7653757067,7.7653757067,7.7653757067,7.7653757067,7.765375706611,7.765375706611,7.765375706611,7.7653757066,7.7653757065,7.7653757064,7.765375706,7.765375706,7.76537570649,7.76537570649,7.76537570649,7.765375706444,7.765375706444,7.76537570642,7.76537570642,7.76537570639,7.7653757065,7.7653757065,7.7653757065,7.76537570645,7.76537570647,7.76537570647,7.76537570648,7.76537570638,7.76537570647,7.76537570647,7.76537570647,7.76537570647,7.76537570645,7.76537570645,7.76537570649,7.76537570649,7.7653757063,7.7653757063,7.7653757066,7.7653757066,7.7653757066
"t87",7.47300040933,7.47300040933,0,0.07438345628,2.41875351955,2.41875351955,4.64327966714,4.64327966714,4.64327966754,4.64327966752,4.64327966752,4.64327966754,4.64327966754,4.64327966774,4.64327966764,4.64327966754,4.64327966754,4.64327966753,4.64327966753,4.64327966753,4.64327966753,4.64327966764,4.64327966756,4.64327966756,4.64327966754,5.21459922462,5.21459922462,5.21459922464,5.21459922454,5.214599224556,5.214599224556,5.214599224627,5.214599224627,5.21459922494,5.21459922494,5.21459922502,5.21459922502,5.21459922503,5.214599225012,5.214599225012,5.21459922503,5.21459922503,5.21459922503,5.21459922504,5.21459922504,5.28046555733,7.76537570813,7.76537570813,7.76537570813,7.76537570813,7.76537570813,7.76537570753,7.76537570782,7.76537570782,7.76537570841,7.76537570841,7.76537570798,7.76537570798,7.76537570848,7.76537570803,7.76537570803,7.76537570803,7.76537570803,7.765375707941,7.765375707941,7.765375707941,7.76537570793,7.76537570783,7.76537570773,7.76537570733,7.76537570733,7.76537570782,7.76537570782,7.76537570782,7.765375707774,7.765375707774,7.76537570775,7.76537570775,7.76537570772,7.76537570783,7.76537570783,7.76537570783,7.76537570778,7.7653757078,7.7653757078,7.76537570781,7.76537570771,7.7653757078,7.7653757078,7.7653757078,7.7653757078,7.76537570778,7.76537570778,7.76537570782,7.76537570782,7.76537570763,7.76537570763,7.76537570793,7.76537570793,7.76537570793
"t88",7.47300040933,7.47300040933,0.07438345628,0,2.41875351955,2.41875351955,4.64327966714,4.64327966714,4.64327966754,4.64327966752,4.64327966752,4.64327966754,4.64327966754,4.64327966774,4.64327966764,4.64327966754,4.64327966754,4.64327966753,4.64327966753,4.64327966753,4.64327966753,4.64327966764,4.64327966756,4.64327966756,4.64327966754,5.21459922462,5.21459922462,5.21459922464,5.21459922454,5.214599224556,5.214599224556,5.214599224627,5.214599224627,5.21459922494,5.21459922494,5.21459922502,5.21459922502,5.21459922503,5.214599225012,5.214599225012,5.21459922503,5.21459922503,5.21459922503,5.21459922504,5.21459922504,5.28046555733,7.76537570813,7.76537570813,7.76537570813,7.76537570813,7.76537570813,7.76537570753,7.76537570782,7.76537570782,7.76537570841,7.76537570841,7.76537570798,7.76537570798,7.76537570848,7.76537570803,7.76537570803,7.76537570803,7.76537570803,7.765375707941,7.765375707941,7.765375707941,7.76537570793,7.76537570783,7.76537570773,7.76537570733,7.76537570733,7.76537570782,7.76537570782,7.76537570782,7.765375707774,7.765375707774,7.76537570775,7.76537570775,7.76537570772,7.76537570783,7.76537570783,7.76537570783,7.76537570778,7.7653757078,7.7653757078,7.76537570781,7.76537570771,7.7653757078,7.7653757078,7.7653757078,7.7653757078,7.76537570778,7.76537570778,7.76537570782,7.76537570782,7.76537570763,7.76537570763,7.76537570793,7.76537570793,7.76537570793
"t77",7.4730004086,7.4730004086,2.41875351955,2.41875351955,0,0.15954084682,4.64327966641,4.64327966641,4.64327966681,4.64327966679,4.64327966679,4.64327966681,4.64327966681,4.64327966701,4.64327966691,4.64327966681,4.64327966681,4.6432796668,4.6432796668,4.6432796668,4.6432796668,4.64327966691,4.64327966683,4.64327966683,4.64327966681,5.21459922389,5.21459922389,5.21459922391,5.21459922381,5.214599223826,5.214599223826,5.214599223897,5.214599223897,5.21459922421,5.21459922421,5.21459922429,5.21459922429,5.2145992243,5.214599224282,5.214599224282,5.2145992243,5.2145992243,5.2145992243,5.21459922431,5.21459922431,5.2804655566,7.7653757074,7.7653757074,7.7653757074,7.7653757074,7.7653757074,7.7653757068,7.76537570709,7.76537570709,7.76537570768,7.76537570768,7.76537570725,7.76537570725,7.76537570775,7.7653757073,7.7653757073,7.7653757073,7.7653757073,7.765375707211,7.765375707211,7.765375707211,7.7653757072,7.7653757071,7.765375707,7.7653757066,7.7653757066,7.76537570709,7.76537570709,7.76537570709,7.765375707044,7.765375707044,7.76537570702,7.76537570702,7.76537570699,7.7653757071,7.7653757071,7.7653757071,7.76537570705,7.76537570707,7.76537570707,7.76537570708,7.76537570698,7.76537570707,7.76537570707,7.76537570707,7.76537570707,7.76537570705,7.76537570705,7.76537570709,7.76537570709,7.7653757069,7.7653757069,7.7653757072,7.7653757072,7.7653757072
"t78",7.4730004086,7.4730004086,2.41875351955,2.41875351955,0.15954084682,0,4.64327966641,4.64327966641,4.64327966681,4.64327966679,4.64327966679,4.64327966681,4.64327966681,4.64327966701,4.64327966691,4.64327966681,4.64327966681,4.6432796668,4.6432796668,4.6432796668,4.6432796668,4.64327966691,4.64327966683,4.64327966683,4.64327966681,5.21459922389,5.21459922389,5.21459922391,5.21459922381,5.214599223826,5.214599223826,5.214599223897,5.214599223897,5.21459922421,5.21459922421,5.21459922429,5.21459922429,5.2145992243,5.214599224282,5.214599224282,5.2145992243,5.2145992243,5.2145992243,5.21459922431,5.21459922431,5.2804655566,7.7653757074,7.7653757074,7.7653757074,7.7653757074,7.7653757074,7.7653757068,7.76537570709,7.76537570709,7.76537570768,7.76537570768,7.76537570725,7.76537570725,7.76537570775,7.7653757073,7.7653757073,7.7653757073,7.7653757073,7.765375707211,7.765375707211,7.765375707211,7.7653757072,7.7653757071,7.765375707,7.7653757066,7.7653757066,7.76537570709,7.76537570709,7.76537570709,7.765375707044,7.765375707044,7.76537570702,7.76537570702,7.76537570699,7.7653757071,7.7653757071,7.7653757071,7.76537570705,7.76537570707,7.76537570707,7.76537570708,7.76537570698,7.76537570707,7.76537570707,7.76537570707,7.76537570707,7.76537570705,7.76537570705,7.76537570709,7.76537570709,7.7653757069,7.7653757069,7.7653757072,7.7653757072,7.7653757072
"t13",7.47300040819,7.47300040819,4.64327966714,4.64327966714,4.64327966641,4.64327966641,0,2.171915518,4.115265332,4.11526533198,4.11526533198,4.115265332,4.115265332,4.1152653322,4.1152653321,4.115265332,4.115265332,4.11526533199,4.11526533199,4.11526533199,4.11526533199,4.1152653321,4.11526533202,4.11526533202,4.115265332,5.21459922348,5.21459922348,5.2145992235,5.2145992234,5.214599223416,5.214599223416,5.214599223487,5.214599223487,5.2145992238,5.2145992238,5.21459922388,5.21459922388,5.21459922389,5.214599223872,5.214599223872,5.21459922389,5.21459922389,5.21459922389,5.2145992239,5.2145992239,5.28046555619,7.76537570699,7.76537570699,7.76537570699,7.76537570699,7.76537570699,7.76537570639,7.76537570668,7.76537570668,7.76537570727,7.76537570727,7.76537570684,7.76537570684,7.76537570734,7.76537570689,7.76537570689,7.76537570689,7.76537570689,7.765375706801,7.765375706801,7.765375706801,7.76537570679,7.76537570669,7.76537570659,7.76537570619,7.76537570619,7.76537570668,7.76537570668,7.76537570668,7.765375706634,7.765375706634,7.76537570661,7.76537570661,7.76537570658,7.76537570669,7.76537570669,7.76537570669,7.76537570664,7.76537570666,7.76537570666,7.76537570667,7.76537570657,7.76537570666,7.76537570666,7.76537570666,7.76537570666,7.76537570664,7.76537570664,7.76537570668,7.76537570668,7.76537570649,7.76537570649,7.76537570679,7.76537570679,7.76537570679
"t14",7.47300040819,7.47300040819,4.64327966714,4.64327966714,4.64327966641,4.64327966641,2.171915518,0,4.115265332,4.11526533198,4.11526533198,4.115265332,4.115265332,4.1152653322,4.1152653321,4.115265332,4.115265332,4.11526533199,4.11526533199,4.11526533199,4.11526533199,4.1152653321,4.11526533202,4.11526533202,4.115265332,5.21459922348,5.21459922348,5.2145992235,5.2145992234,5.214599223416,5.214599223416,5.214599223487,5.214599223487,5.2145992238,5.2145992238,5.21459922388,5.21459922388,5.21459922389,5.214599223872,5.214599223872,5.21459922389,5.21459922389,5.21459922389,5.2145992239,5.2145992239,5.28046555619,7.76537570699,7.76537570699,7.76537570699,7.76537570699,7.76537570699,7.76537570639,7.76537570668,7.76537570668,7.76537570727,7.76537570727,7.76537570684,7.76537570684,7.76537570734,7.76537570689,7.76537570689,7.76537570689,7.76537570689,7.765375706801,7.765375706801,7.765375706801,7.76537570679,7.76537570669,7.76537570659,7.76537570619,7.76537570619,7.76537570668,7.76537570668,7.76537570668,7.765375706634,7.765375706634,7.76537570661,7.76537570661,7.76537570658,7.76537570669,7.76537570669,7.76537570669,7.76537570664,7.76537570666,7.76537570666,7.76537570667,7.76537570657,7.76537570666,7.76537570666,7.76537570666,7.76537570666,7.76537570664,7.76537570664,7.76537570668,7.76537570668,7.76537570649,7.76537570649,7.76537570679,7.76537570679,7.76537570679
"t21",7.47300040859,7.47300040859,4.64327966754,4.64327966754,4.64327966681,4.64327966681,4.115265332,4.115265332,0,1.75535420058,1.75535420058,1.7553542006,1.7553542006,2.9799793138,3.2362713039,3.747029748,3.747029748,3.74702974799,3.74702974799,3.74702974799,3.74702974799,3.7470297481,3.74702974802,3.74702974802,3.747029748,5.21459922388,5.21459922388,5.2145992239,5.2145992238,5.214599223816,5.214599223816,5.214599223887,5.214599223887,5.2145992242,5.2145992242,5.21459922428,5.21459922428,5.21459922429,5.214599224272,5.214599224272,5.21459922429,5.21459922429,5.21459922429,5.2145992243,5.2145992243,5.28046555659,7.76537570739,7.76537570739,7.76537570739,7.76537570739,7.76537570739,7.76537570679,7.76537570708,7.76537570708,7.76537570767,7.76537570767,7.76537570724,7.76537570724,7.76537570774,7.76537570729,7.76537570729,7.76537570729,7.76537570729,7.765375707201,7.765375707201,7.765375707201,7.76537570719,7.76537570709,7.76537570699,7.76537570659,7.76537570659,7.76537570708,7.76537570708,7.76537570708,7.765375707034,7.765375707034,7.76537570701,7.76537570701,7.76537570698,7.76537570709,7.76537570709,7.76537570709,7.76537570704,7.76537570706,7.76537570706,7.76537570707,7.76537570697,7.76537570706,7.76537570706,7.76537570706,7.76537570706,7.76537570704,7.76537570704,7.76537570708,7.76537570708,7.76537570689,7.76537570689,7.76537570719,7.76537570719,7.76537570719
"t33",7.47300040857,7.47300040857,4.64327966752,4.64327966752,4.64327966679,4.64327966679,4.11526533198,4.11526533198,1.75535420058,0,1.107581602,1.21098786498,1.21098786498,2.97997931378,3.23627130388,3.74702974798,3.74702974798,3.74702974797,3.74702974797,3.74702974797,3.74702974797,3.74702974808,3.747029748,3.747029748,3.74702974798,5.21459922386,5.21459922386,5.21459922388,5.21459922378,5.214599223796,5.214599223796,5.214599223867,5.214599223867,5.21459922418,5.21459922418,5.21459922426,5.21459922426,5.21459922427,5.214599224252,5.214599224252,5.21459922427,5.21459922427,5.21459922427,5.21459922428,5.21459922428,5.28046555657,7.76537570737,7.76537570737,7.76537570737,7.76537570737,7.76537570737,7.76537570677,7.76537570706,7.76537570706,7.76537570765,7.76537570765,7.76537570722,7.76537570722,7.76537570772,7.76537570727,7.76537570727,7.76537570727,7.76537570727,7.765375707181,7.765375707181,7.765375707181,7.76537570717,7.76537570707,7.76537570697,7.76537570657,7.76537570657,7.76537570706,7.76537570706,7.76537570706,7.765375707014,7.765375707014,7.76537570699,7.76537570699,7.76537570696,7.76537570707,7.76537570707,7.76537570707,7.76537570702,7.76537570704,7.76537570704,7.76537570705,7.76537570695,7.76537570704,7.76537570704,7.76537570704,7.76537570704,7.76537570702,7.76537570702,7.76537570706,7.76537570706,7.76537570687,7.76537570687,7.76537570717,7.76537570717,7.76537570717
"t34",7.47300040857,7.47300040857,4.64327966752,4.64327966752,4.64327966679,4.64327966679,4.11526533198,4.11526533198,1.75535420058,1.107581602,0,1.21098786498,1.21098786498,2.97997931378,3.23627130388,3.74702974798,3.74702974798,3.74702974797,3.74702974797,3.74702974797,3.74702974797,3.74702974808,3.747029748,3.747029748,3.74702974798,5.21459922386,5.21459922386,5.21459922388,5.21459922378,5.214599223796,5.214599223796,5.214599223867,5.214599223867,5.21459922418,5.21459922418,5.21459922426,5.21459922426,5.21459922427,5.214599224252,5.214599224252,5.21459922427,5.21459922427,5.21459922427,5.21459922428,5.21459922428,5.28046555657,7.76537570737,7.76537570737,7.76537570737,7.76537570737,7.76537570737,7.76537570677,7.76537570706,7.76537570706,7.76537570765,7.76537570765,7.76537570722,7.76537570722,7.76537570772,7.76537570727,7.76537570727,7.76537570727,7.76537570727,7.765375707181,7.765375707181,7.765375707181,7.76537570717,7.76537570707,7.76537570697,7.76537570657,7.76537570657,7.76537570706,7.76537570706,7.76537570706,7.765375707014,7.765375707014,7.76537570699,7.76537570699,7.76537570696,7.76537570707,7.76537570707,7.76537570707,7.76537570702,7.76537570704,7.76537570704,7.76537570705,7.76537570695,7.76537570704,7.76537570704,7.76537570704,7.76537570704,7.76537570702,7.76537570702,7.76537570706,7.76537570706,7.76537570687,7.76537570687,7.76537570717,7.76537570717,7.76537570717
"t37",7.47300040859,7.47300040859,4.64327966754,4.64327966754,4.64327966681,4.64327966681,4.115265332,4.115265332,1.7553542006,1.21098786498,1.21098786498,0,0.9764437162,2.9799793138,3.2362713039,3.747029748,3.747029748,3.74702974799,3.74702974799,3.74702974799,3.74702974799,3.7470297481,3.74702974802,3.74702974802,3.747029748,5.21459922388,5.21459922388,5.2145992239,5.2145992238,5.214599223816,5.214599223816,5.214599223887,5.214599223887,5.2145992242,5.2145992242,5.21459922428,5.21459922428,5.21459922429,5.214599224272,5.214599224272,5.21459922429,5.21459922429,5.21459922429,5.2145992243,5.2145992243,5.28046555659,7.76537570739,7.76537570739,7.76537570739,7.76537570739,7.76537570739,7.76537570679,7.76537570708,7.76537570708,7.76537570767,7.76537570767,7.76537570724,7.76537570724,7.76537570774,7.76537570729,7.76537570729,7.76537570729,7.76537570729,7.765375707201,7.765375707201,7.765375707201,7.76537570719,7.76537570709,7.76537570699,7.76537570659,7.76537570659,7.76537570708,7.76537570708,7.76537570708,7.765375707034,7.765375707034,7.76537570701,7.76537570701,7.76537570698,7.76537570709,7.76537570709,7.76537570709,7.76537570704,7.76537570706,7.76537570706,7.76537570707,7.76537570697,7.76537570706,7.76537570706,7.76537570706,7.76537570706,7.76537570704,7.76537570704,7.76537570708,7.76537570708,7.76537570689,7.76537570689,7.76537570719,7.76537570719,7.76537570719
"t38",7.47300040859,7.47300040859,4.64327966754,4.64327966754,4.64327966681,4.64327966681,4.115265332,4.115265332,1.7553542006,1.21098786498,1.21098786498,0.9764437162,0,2.9799793138,3.2362713039,3.747029748,3.747029748,3.74702974799,3.74702974799,3.74702974799,3.74702974799,3.7470297481,3.74702974802,3.74702974802,3.747029748,5.21459922388,5.21459922388,5.2145992239,5.2145992238,5.214599223816,5.214599223816,5.214599223887,5.214599223887,5.2145992242,5.2145992242,5.21459922428,5.21459922428,5.21459922429,5.214599224272,5.214599224272,5.21459922429,5.21459922429,5.21459922429,5.2145992243,5.2145992243,5.28046555659,7.76537570739,7.76537570739,7.76537570739,7.76537570739,7.76537570739,7.76537570679,7.76537570708,7.76537570708,7.76537570767,7.76537570767,7.76537570724,7.76537570724,7.76537570774,7.76537570729,7.76537570729,7.76537570729,7.76537570729,7.765375707201,7.765375707201,7.765375707201,7.76537570719,7.76537570709,7.76537570699,7.76537570659,7.76537570659,7.76537570708,7.76537570708,7.76537570708,7.765375707034,7.765375707034,7.76537570701,7.76537570701,7.76537570698,7.76537570709,7.76537570709,7.76537570709,7.76537570704,7.76537570706,7.76537570706,7.76537570707,7.76537570697,7.76537570706,7.76537570706,7.76537570706,7.76537570706,7.76537570704,7.76537570704,7.76537570708,7.76537570708,7.76537570689,7.76537570689,7.76537570719,7.76537570719,7.76537570719
"t6",7.47300040879,7.47300040879,4.64327966774,4.64327966774,4.64327966701,4.64327966701,4.1152653322,4.1152653322,2.9799793138,2.97997931378,2.97997931378,2.9799793138,2.9799793138,0,3.2362713041,3.7470297482,3.7470297482,3.74702974819,3.74702974819,3.74702974819,3.74702974819,3.7470297483,3.74702974822,3.74702974822,3.7470297482,5.21459922408,5.21459922408,5.2145992241,5.214599224,5.214599224016,5.214599224016,5.214599224087,5.214599224087,5.2145992244,5.2145992244,5.21459922448,5.21459922448,5.21459922449,5.214599224472,5.214599224472,5.21459922449,5.21459922449,5.21459922449,5.2145992245,5.2145992245,5.28046555679,7.76537570759,7.76537570759,7.76537570759,7.76537570759,7.76537570759,7.76537570699,7.76537570728,7.76537570728,7.76537570787,7.76537570787,7.76537570744,7.76537570744,7.76537570794,7.76537570749,7.76537570749,7.76537570749,7.76537570749,7.765375707401,7.765375707401,7.765375707401,7.76537570739,7.76537570729,7.76537570719,7.76537570679,7.76537570679,7.76537570728,7.76537570728,7.76537570728,7.765375707234,7.765375707234,7.76537570721,7.76537570721,7.76537570718,7.76537570729,7.76537570729,7.76537570729,7.76537570724,7.76537570726,7.76537570726,7.76537570727,7.76537570717,7.76537570726,7.76537570726,7.76537570726,7.76537570726,7.76537570724,7.76537570724,7.76537570728,7.76537570728,7.76537570709,7.76537570709,7.76537570739,7.76537570739,7.76537570739
"t5",7.47300040869,7.47300040869,4.64327966764,4.64327966764,4.64327966691,4.64327966691,4.1152653321,4.1152653321,3.2362713039,3.23627130388,3.23627130388,3.2362713039,3.2362713039,3.2362713041,0,3.7470297481,3.7470297481,3.74702974809,3.74702974809,3.74702974809,3.74702974809,3.7470297482,3.74702974812,3.74702974812,3.7470297481,5.21459922398,5.21459922398,5.214599224,5.2145992239,5.214599223916,5.214599223916,5.214599223987,5.214599223987,5.2145992243,5.2145992243,5.21459922438,5.21459922438,5.21459922439,5.214599224372,5.214599224372,5.21459922439,5.21459922439,5.21459922439,5.2145992244,5.2145992244,5.28046555669,7.76537570749,7.76537570749,7.76537570749,7.76537570749,7.76537570749,7.76537570689,7.76537570718,7.76537570718,7.76537570777,7.76537570777,7.76537570734,7.76537570734,7.76537570784,7.76537570739,7.76537570739,7.76537570739,7.76537570739,7.765375707301,7.765375707301,7.765375707301,7.76537570729,7.76537570719,7.76537570709,7.76537570669,7.76537570669,7.76537570718,7.76537570718,7.76537570718,7.765375707134,7.765375707134,7.76537570711,7.76537570711,7.76537570708,7.76537570719,7.76537570719,7.76537570719,7.76537570714,7.76537570716,7.76537570716,7.76537570717,7.76537570707,7.76537570716,7.76537570716,7.76537570716,7.76537570716,7.76537570714,7.76537570714,7.76537570718,7.76537570718,7.76537570699,7.76537570699,7.76537570729,7.76537570729,7.76537570729
"t72",7.47300040859,7.47300040859,4.64327966754,4.64327966754,4.64327966681,4.64327966681,4.115265332,4.115265332,3.747029748,3.74702974798,3.74702974798,3.747029748,3.747029748,3.7470297482,3.7470297481,0,0.2749946358,2.04265747759,2.04265747759,2.04265747759,2.04265747759,3.0296045087,3.02960450862,3.02960450862,3.0296045086,5.21459922388,5.21459922388,5.2145992239,5.2145992238,5.214599223816,5.214599223816,5.214599223887,5.214599223887,5.2145992242,5.2145992242,5.21459922428,5.21459922428,5.21459922429,5.214599224272,5.214599224272,5.21459922429,5.21459922429,5.21459922429,5.2145992243,5.2145992243,5.28046555659,7.76537570739,7.76537570739,7.76537570739,7.76537570739,7.76537570739,7.76537570679,7.76537570708,7.76537570708,7.76537570767,7.76537570767,7.76537570724,7.76537570724,7.76537570774,7.76537570729,7.76537570729,7.76537570729,7.76537570729,7.765375707201,7.765375707201,7.765375707201,7.76537570719,7.76537570709,7.76537570699,7.76537570659,7.76537570659,7.76537570708,7.76537570708,7.76537570708,7.765375707034,7.765375707034,7.76537570701,7.76537570701,7.76537570698,7.76537570709,7.76537570709,7.76537570709,7.76537570704,7.76537570706,7.76537570706,7.76537570707,7.76537570697,7.76537570706,7.76537570706,7.76537570706,7.76537570706,7.76537570704,7.76537570704,7.76537570708,7.76537570708,7.76537570689,7.76537570689,7.76537570719,7.76537570719,7.76537570719
"t73",7.47300040859,7.47300040859,4.64327966754,4.64327966754,4.64327966681,4.64327966681,4.115265332,4.115265332,3.747029748,3.74702974798,3.74702974798,3.747029748,3.747029748,3.7470297482,3.7470297481,0.2749946358,0,2.04265747759,2.04265747759,2.04265747759,2.04265747759,3.0296045087,3.02960450862,3.02960450862,3.0296045086,5.21459922388,5.21459922388,5.2145992239,5.2145992238,5.214599223816,5.214599223816,5.214599223887,5.214599223887,5.2145992242,5.2145992242,5.21459922428,5.21459922428,5.21459922429,5.214599224272,5.214599224272,5.21459922429,5.21459922429,5.21459922429,5.2145992243,5.2145992243,5.28046555659,7.76537570739,7.76537570739,7.76537570739,7.76537570739,7.76537570739,7.76537570679,7.76537570708,7.76537570708,7.76537570767,7.76537570767,7.76537570724,7.76537570724,7.76537570774,7.76537570729,7.76537570729,7.76537570729,7.76537570729,7.765375707201,7.765375707201,7.765375707201,7.76537570719,7.76537570709,7.76537570699,7.76537570659,7.76537570659,7.76537570708,7.76537570708,7.76537570708,7.765375707034,7.765375707034,7.76537570701,7.76537570701,7.76537570698,7.76537570709,7.76537570709,7.76537570709,7.76537570704,7.76537570706,7.76537570706,7.76537570707,7.76537570697,7.76537570706,7.76537570706,7.76537570706,7.76537570706,7.76537570704,7.76537570704,7.76537570708,7.76537570708,7.76537570689,7.76537570689,7.76537570719,7.76537570719,7.76537570719
"t69",7.47300040858,7.47300040858,4.64327966753,4.64327966753,4.6432796668,4.6432796668,4.11526533199,4.11526533199,3.74702974799,3.74702974797,3.74702974797,3.74702974799,3.74702974799,3.74702974819,3.74702974809,2.04265747759,2.04265747759,0,0.3280154996,1.9070506092,1.9070506092,3.02960450869,3.02960450861,3.02960450861,3.02960450859,5.21459922387,5.21459922387,5.21459922389,5.21459922379,5.214599223806,5.214599223806,5.214599223877,5.214599223877,5.21459922419,5.21459922419,5.21459922427,5.21459922427,5.21459922428,5.214599224262,5.214599224262,5.21459922428,5.21459922428,5.21459922428,5.21459922429,5.21459922429,5.28046555658,7.76537570738,7.76537570738,7.76537570738,7.76537570738,7.76537570738,7.76537570678,7.76537570707,7.76537570707,7.76537570766,7.76537570766,7.76537570723,7.76537570723,7.76537570773,7.76537570728,7.76537570728,7.76537570728,7.76537570728,7.765375707191,7.765375707191,7.765375707191,7.76537570718,7.76537570708,7.76537570698,7.76537570658,7.76537570658,7.76537570707,7.76537570707,7.76537570707,7.765375707024,7.765375707024,7.765375707,7.765375707,7.76537570697,7.76537570708,7.76537570708,7.76537570708,7.76537570703,7.76537570705,7.76537570705,7.76537570706,7.76537570696,7.76537570705,7.76537570705,7.76537570705,7.76537570705,7.76537570703,7.76537570703,7.76537570707,7.76537570707,7.76537570688,7.76537570688,7.76537570718,7.76537570718,7.76537570718
"t70",7.47300040858,7.47300040858,4.64327966753,4.64327966753,4.6432796668,4.6432796668,4.11526533199,4.11526533199,3.74702974799,3.74702974797,3.74702974797,3.74702974799,3.74702974799,3.74702974819,3.74702974809,2.04265747759,2.04265747759,0.3280154996,0,1.9070506092,1.9070506092,3.02960450869,3.02960450861,3.02960450861,3.02960450859,5.21459922387,5.21459922387,5.21459922389,5.21459922379,5.214599223806,5.214599223806,5.214599223877,5.214599223877,5.21459922419,5.21459922419,5.21459922427,5.21459922427,5.21459922428,5.214599224262,5.214599224262,5.21459922428,5.21459922428,5.21459922428,5.21459922429,5.21459922429,5.28046555658,7.76537570738,7.76537570738,7.76537570738,7.76537570738,7.76537570738,7.76537570678,7.76537570707,7.76537570707,7.76537570766,7.76537570766,7.76537570723,7.76537570723,7.76537570773,7.76537570728,7.76537570728,7.76537570728,7.76537570728,7.765375707191,7.765375707191,7.765375707191,7.76537570718,7.76537570708,7.76537570698,7.76537570658,7.76537570658,7.76537570707,7.76537570707,7.76537570707,7.765375707024,7.765375707024,7.765375707,7.765375707,7.76537570697,7.76537570708,7.76537570708,7.76537570708,7.76537570703,7.76537570705,7.76537570705,7.76537570706,7.76537570696,7.76537570705,7.76537570705,7.76537570705,7.76537570705,7.76537570703,7.76537570703,7.76537570707,7.76537570707,7.76537570688,7.76537570688,7.76537570718,7.76537570718,7.76537570718
"t31",7.47300040858,7.47300040858,4.64327966753,4.64327966753,4.6432796668,4.6432796668,4.11526533199,4.11526533199,3.74702974799,3.74702974797,3.74702974797,3.74702974799,3.74702974799,3.74702974819,3.74702974809,2.04265747759,2.04265747759,1.9070506092,1.9070506092,0,1.1380480392,3.02960450869,3.02960450861,3.02960450861,3.02960450859,5.21459922387,5.21459922387,5.21459922389,5.21459922379,5.214599223806,5.214599223806,5.214599223877,5.214599223877,5.21459922419,5.21459922419,5.21459922427,5.21459922427,5.21459922428,5.214599224262,5.214599224262,5.21459922428,5.21459922428,5.21459922428,5.21459922429,5.21459922429,5.28046555658,7.76537570738,7.76537570738,7.76537570738,7.76537570738,7.76537570738,7.76537570678,7.76537570707,7.76537570707,7.76537570766,7.76537570766,7.76537570723,7.76537570723,7.76537570773,7.76537570728,7.76537570728,7.76537570728,7.76537570728,7.765375707191,7.765375707191,7.765375707191,7.76537570718,7.76537570708,7.76537570698,7.76537570658,7.76537570658,7.76537570707,7.76537570707,7.76537570707,7.765375707024,7.765375707024,7.765375707,7.765375707,7.76537570697,7.76537570708,7.76537570708,7.76537570708,7.76537570703,7.76537570705,7.76537570705,7.76537570706,7.76537570696,7.76537570705,7.76537570705,7.76537570705,7.76537570705,7.76537570703,7.76537570703,7.76537570707,7.76537570707,7.76537570688,7.76537570688,7.76537570718,7.76537570718,7.76537570718
"t32",7.47300040858,7.47300040858,4.64327966753,4.64327966753,4.6432796668,4.6432796668,4.11526533199,4.11526533199,3.74702974799,3.74702974797,3.74702974797,3.74702974799,3.74702974799,3.74702974819,3.74702974809,2.04265747759,2.04265747759,1.9070506092,1.9070506092,1.1380480392,0,3.02960450869,3.02960450861,3.02960450861,3.02960450859,5.21459922387,5.21459922387,5.21459922389,5.21459922379,5.214599223806,5.214599223806,5.214599223877,5.214599223877,5.21459922419,5.21459922419,5.21459922427,5.21459922427,5.21459922428,5.214599224262,5.214599224262,5.21459922428,5.21459922428,5.21459922428,5.21459922429,5.21459922429,5.28046555658,7.76537570738,7.76537570738,7.76537570738,7.76537570738,7.76537570738,7.76537570678,7.76537570707,7.76537570707,7.76537570766,7.76537570766,7.76537570723,7.76537570723,7.76537570773,7.76537570728,7.76537570728,7.76537570728,7.76537570728,7.765375707191,7.765375707191,7.765375707191,7.76537570718,7.76537570708,7.76537570698,7.76537570658,7.76537570658,7.76537570707,7.76537570707,7.76537570707,7.765375707024,7.765375707024,7.765375707,7.765375707,7.76537570697,7.76537570708,7.76537570708,7.76537570708,7.76537570703,7.76537570705,7.76537570705,7.76537570706,7.76537570696,7.76537570705,7.76537570705,7.76537570705,7.76537570705,7.76537570703,7.76537570703,7.76537570707,7.76537570707,7.76537570688,7.76537570688,7.76537570718,7.76537570718,7.76537570718
"t49",7.47300040869,7.47300040869,4.64327966764,4.64327966764,4.64327966691,4.64327966691,4.1152653321,4.1152653321,3.7470297481,3.74702974808,3.74702974808,3.7470297481,3.7470297481,3.7470297483,3.7470297482,3.0296045087,3.0296045087,3.02960450869,3.02960450869,3.02960450869,3.02960450869,0,0.69066992512,0.69066992512,1.8116060337,5.21459922398,5.21459922398,5.214599224,5.2145992239,5.214599223916,5.214599223916,5.214599223987,5.214599223987,5.2145992243,5.2145992243,5.21459922438,5.21459922438,5.21459922439,5.214599224372,5.214599224372,5.21459922439,5.21459922439,5.21459922439,5.2145992244,5.2145992244,5.28046555669,7.76537570749,7.76537570749,7.76537570749,7.76537570749,7.76537570749,7.76537570689,7.76537570718,7.76537570718,7.76537570777,7.76537570777,7.76537570734,7.76537570734,7.76537570784,7.76537570739,7.76537570739,7.76537570739,7.76537570739,7.765375707301,7.765375707301,7.765375707301,7.76537570729,7.76537570719,7.76537570709,7.76537570669,7.76537570669,7.76537570718,7.76537570718,7.76537570718,7.765375707134,7.765375707134,7.76537570711,7.76537570711,7.76537570708,7.76537570719,7.76537570719,7.76537570719,7.76537570714,7.76537570716,7.76537570716,7.76537570717,7.76537570707,7.76537570716,7.76537570716,7.76537570716,7.76537570716,7.76537570714,7.76537570714,7.76537570718,7.76537570718,7.76537570699,7.76537570699,7.76537570729,7.76537570729,7.76537570729
"t89",7.47300040861,7.47300040861,4.64327966756,4.64327966756,4.64327966683,4.64327966683,4.11526533202,4.11526533202,3.74702974802,3.747029748,3.747029748,3.74702974802,3.74702974802,3.74702974822,3.74702974812,3.02960450862,3.02960450862,3.02960450861,3.02960450861,3.02960450861,3.02960450861,0.69066992512,0,0.06863926944,1.81160603362,5.2145992239,5.2145992239,5.21459922392,5.21459922382,5.214599223836,5.214599223836,5.214599223907,5.214599223907,5.21459922422,5.21459922422,5.2145992243,5.2145992243,5.21459922431,5.214599224292,5.214599224292,5.21459922431,5.21459922431,5.21459922431,5.21459922432,5.21459922432,5.28046555661,7.76537570741,7.76537570741,7.76537570741,7.76537570741,7.76537570741,7.76537570681,7.7653757071,7.7653757071,7.76537570769,7.76537570769,7.76537570726,7.76537570726,7.76537570776,7.76537570731,7.76537570731,7.76537570731,7.76537570731,7.765375707221,7.765375707221,7.765375707221,7.76537570721,7.76537570711,7.76537570701,7.76537570661,7.76537570661,7.7653757071,7.7653757071,7.7653757071,7.765375707054,7.765375707054,7.76537570703,7.76537570703,7.765375707,7.76537570711,7.76537570711,7.76537570711,7.76537570706,7.76537570708,7.76537570708,7.76537570709,7.76537570699,7.76537570708,7.76537570708,7.76537570708,7.76537570708,7.76537570706,7.76537570706,7.7653757071,7.7653757071,7.76537570691,7.76537570691,7.76537570721,7.76537570721,7.76537570721
"t90",7.47300040861,7.47300040861,4.64327966756,4.64327966756,4.64327966683,4.64327966683,4.11526533202,4.11526533202,3.74702974802,3.747029748,3.747029748,3.74702974802,3.74702974802,3.74702974822,3.74702974812,3.02960450862,3.02960450862,3.02960450861,3.02960450861,3.02960450861,3.02960450861,0.69066992512,0.06863926944,0,1.81160603362,5.2145992239,5.2145992239,5.21459922392,5.21459922382,5.214599223836,5.214599223836,5.214599223907,5.214599223907,5.21459922422,5.21459922422,5.2145992243,5.2145992243,5.21459922431,5.214599224292,5.214599224292,5.21459922431,5.21459922431,5.21459922431,5.21459922432,5.21459922432,5.28046555661,7.76537570741,7.76537570741,7.76537570741,7.76537570741,7.76537570741,7.76537570681,7.7653757071,7.7653757071,7.76537570769,7.76537570769,7.76537570726,7.76537570726,7.76537570776,7.76537570731,7.76537570731,7.76537570731,7.76537570731,7.765375707221,7.765375707221,7.765375707221,7.76537570721,7.76537570711,7.76537570701,7.76537570661,7.76537570661,7.7653757071,7.7653757071,7.7653757071,7.765375707054,7.765375707054,7.76537570703,7.76537570703,7.765375707,7.76537570711,7.76537570711,7.76537570711,7.76537570706,7.76537570708,7.76537570708,7.76537570709,7.76537570699,7.76537570708,7.76537570708,7.76537570708,7.76537570708,7.76537570706,7.76537570706,7.7653757071,7.7653757071,7.76537570691,7.76537570691,7.76537570721,7.76537570721,7.76537570721
"t20",7.47300040859,7.47300040859,4.64327966754,4.64327966754,4.64327966681,4.64327966681,4.115265332,4.115265332,3.747029748,3.74702974798,3.74702974798,3.747029748,3.747029748,3.7470297482,3.7470297481,3.0296045086,3.0296045086,3.02960450859,3.02960450859,3.02960450859,3.02960450859,1.8116060337,1.81160603362,1.81160603362,0,5.21459922388,5.21459922388,5.2145992239,5.2145992238,5.214599223816,5.214599223816,5.214599223887,5.214599223887,5.2145992242,5.2145992242,5.21459922428,5.21459922428,5.21459922429,5.214599224272,5.214599224272,5.21459922429,5.21459922429,5.21459922429,5.2145992243,5.2145992243,5.28046555659,7.76537570739,7.76537570739,7.76537570739,7.76537570739,7.76537570739,7.76537570679,7.76537570708,7.76537570708,7.76537570767,7.76537570767,7.76537570724,7.76537570724,7.76537570774,7.76537570729,7.76537570729,7.76537570729,7.76537570729,7.765375707201,7.765375707201,7.765375707201,7.76537570719,7.76537570709,7.76537570699,7.76537570659,7.76537570659,7.76537570708,7.76537570708,7.76537570708,7.765375707034,7.765375707034,7.76537570701,7.76537570701,7.76537570698,7.76537570709,7.76537570709,7.76537570709,7.76537570704,7.76537570706,7.76537570706,7.76537570707,7.76537570697,7.76537570706,7.76537570706,7.76537570706,7.76537570706,7.76537570704,7.76537570704,7.76537570708,7.76537570708,7.76537570689,7.76537570689,7.76537570719,7.76537570719,7.76537570719
"t45",7.47300040807,7.47300040807,5.21459922462,5.21459922462,5.21459922389,5.21459922389,5.21459922348,5.21459922348,5.21459922388,5.21459922386,5.21459922386,5.21459922388,5.21459922388,5.21459922408,5.21459922398,5.21459922388,5.21459922388,5.21459922387,5.21459922387,5.21459922387,5.21459922387,5.21459922398,5.2145992239,5.2145992239,5.21459922388,0,0.7976121962,0.92103857558,1.65327039228,1.653270392296,1.653270392296,1.653270392367,1.653270392367,3.83499637868,3.83499637868,3.83499637876,3.83499637876,3.83499637877,3.834996378752,3.834996378752,3.83499637877,3.83499637877,3.83499637877,3.83499637878,3.83499637878,5.28046555607,7.76537570687,7.76537570687,7.76537570687,7.76537570687,7.76537570687,7.76537570627,7.76537570656,7.76537570656,7.76537570715,7.76537570715,7.76537570672,7.76537570672,7.76537570722,7.76537570677,7.76537570677,7.76537570677,7.76537570677,7.765375706681,7.765375706681,7.765375706681,7.76537570667,7.76537570657,7.76537570647,7.76537570607,7.76537570607,7.76537570656,7.76537570656,7.76537570656,7.765375706514,7.765375706514,7.76537570649,7.76537570649,7.76537570646,7.76537570657,7.76537570657,7.76537570657,7.76537570652,7.76537570654,7.76537570654,7.76537570655,7.76537570645,7.76537570654,7.76537570654,7.76537570654,7.76537570654,7.76537570652,7.76537570652,7.76537570656,7.76537570656,7.76537570637,7.76537570637,7.76537570667,7.76537570667,7.76537570667
"t46",7.47300040807,7.47300040807,5.21459922462,5.21459922462,5.21459922389,5.21459922389,5.21459922348,5.21459922348,5.21459922388,5.21459922386,5.21459922386,5.21459922388,5.21459922388,5.21459922408,5.21459922398,5.21459922388,5.21459922388,5.21459922387,5.21459922387,5.21459922387,5.21459922387,5.21459922398,5.2145992239,5.2145992239,5.21459922388,0.7976121962,0,0.92103857558,1.65327039228,1.653270392296,1.653270392296,1.653270392367,1.653270392367,3.83499637868,3.83499637868,3.83499637876,3.83499637876,3.83499637877,3.834996378752,3.834996378752,3.83499637877,3.83499637877,3.83499637877,3.83499637878,3.83499637878,5.28046555607,7.76537570687,7.76537570687,7.76537570687,7.76537570687,7.76537570687,7.76537570627,7.76537570656,7.76537570656,7.76537570715,7.76537570715,7.76537570672,7.76537570672,7.76537570722,7.76537570677,7.76537570677,7.76537570677,7.76537570677,7.765375706681,7.765375706681,7.765375706681,7.76537570667,7.76537570657,7.76537570647,7.76537570607,7.76537570607,7.76537570656,7.76537570656,7.76537570656,7.765375706514,7.765375706514,7.76537570649,7.76537570649,7.76537570646,7.76537570657,7.76537570657,7.76537570657,7.76537570652,7.76537570654,7.76537570654,7.76537570655,7.76537570645,7.76537570654,7.76537570654,7.76537570654,7.76537570654,7.76537570652,7.76537570652,7.76537570656,7.76537570656,7.76537570637,7.76537570637,7.76537570667,7.76537570667,7.76537570667
"t40",7.47300040809,7.47300040809,5.21459922464,5.21459922464,5.21459922391,5.21459922391,5.2145992235,5.2145992235,5.2145992239,5.21459922388,5.21459922388,5.2145992239,5.2145992239,5.2145992241,5.214599224,5.2145992239,5.2145992239,5.21459922389,5.21459922389,5.21459922389,5.21459922389,5.214599224,5.21459922392,5.21459922392,5.2145992239,0.92103857558,0.92103857558,0,1.6532703923,1.653270392316,1.653270392316,1.653270392387,1.653270392387,3.8349963787,3.8349963787,3.83499637878,3.83499637878,3.83499637879,3.834996378772,3.834996378772,3.83499637879,3.83499637879,3.83499637879,3.8349963788,3.8349963788,5.28046555609,7.76537570689,7.76537570689,7.76537570689,7.76537570689,7.76537570689,7.76537570629,7.76537570658,7.76537570658,7.76537570717,7.76537570717,7.76537570674,7.76537570674,7.76537570724,7.76537570679,7.76537570679,7.76537570679,7.76537570679,7.765375706701,7.765375706701,7.765375706701,7.76537570669,7.76537570659,7.76537570649,7.76537570609,7.76537570609,7.76537570658,7.76537570658,7.76537570658,7.765375706534,7.765375706534,7.76537570651,7.76537570651,7.76537570648,7.76537570659,7.76537570659,7.76537570659,7.76537570654,7.76537570656,7.76537570656,7.76537570657,7.76537570647,7.76537570656,7.76537570656,7.76537570656,7.76537570656,7.76537570654,7.76537570654,7.76537570658,7.76537570658,7.76537570639,7.76537570639,7.76537570669,7.76537570669,7.76537570669
"t29",7.47300040799,7.47300040799,5.21459922454,5.21459922454,5.21459922381,5.21459922381,5.2145992234,5.2145992234,5.2145992238,5.21459922378,5.21459922378,5.2145992238,5.2145992238,5.214599224,5.2145992239,5.2145992238,5.2145992238,5.21459922379,5.21459922379,5.21459922379,5.21459922379,5.2145992239,5.21459922382,5.21459922382,5.2145992238,1.65327039228,1.65327039228,1.6532703923,0,1.319184865416,1.319184865416,1.319184865487,1.319184865487,3.8349963786,3.8349963786,3.83499637868,3.83499637868,3.83499637869,3.834996378672,3.834996378672,3.83499637869,3.83499637869,3.83499637869,3.8349963787,3.8349963787,5.28046555599,7.76537570679,7.76537570679,7.76537570679,7.76537570679,7.76537570679,7.76537570619,7.76537570648,7.76537570648,7.76537570707,7.76537570707,7.76537570664,7.76537570664,7.76537570714,7.76537570669,7.76537570669,7.76537570669,7.76537570669,7.765375706601,7.765375706601,7.765375706601,7.76537570659,7.76537570649,7.76537570639,7.76537570599,7.76537570599,7.76537570648,7.76537570648,7.76537570648,7.765375706434,7.765375706434,7.76537570641,7.76537570641,7.76537570638,7.76537570649,7.76537570649,7.76537570649,7.76537570644,7.76537570646,7.76537570646,7.76537570647,7.76537570637,7.76537570646,7.76537570646,7.76537570646,7.76537570646,7.76537570644,7.76537570644,7.76537570648,7.76537570648,7.76537570629,7.76537570629,7.76537570659,7.76537570659,7.76537570659
"t97",7.473000408006,7.473000408006,5.214599224556,5.214599224556,5.214599223826,5.214599223826,5.214599223416,5.214599223416,5.214599223816,5.214599223796,5.214599223796,5.214599223816,5.214599223816,5.214599224016,5.214599223916,5.214599223816,5.214599223816,5.214599223806,5.214599223806,5.214599223806,5.214599223806,5.214599223916,5.214599223836,5.214599223836,5.214599223816,1.653270392296,1.653270392296,1.653270392316,1.319184865416,0,0.011579181978,1.310406548249,1.310406548249,3.834996378616,3.834996378616,3.834996378696,3.834996378696,3.834996378706,3.834996378688,3.834996378688,3.834996378706,3.834996378706,3.834996378706,3.834996378716,3.834996378716,5.280465556006,7.765375706806,7.765375706806,7.765375706806,7.765375706806,7.765375706806,7.765375706206,7.765375706496,7.765375706496,7.765375707086,7.765375707086,7.765375706656,7.765375706656,7.765375707156,7.765375706706,7.765375706706,7.765375706706,7.765375706706,7.765375706617,7.765375706617,7.765375706617,7.765375706606,7.765375706506,7.765375706406,7.765375706006,7.765375706006,7.765375706496,7.765375706496,7.765375706496,7.76537570645,7.76537570645,7.765375706426,7.765375706426,7.765375706396,7.765375706506,7.765375706506,7.765375706506,7.765375706456,7.765375706476,7.765375706476,7.765375706486,7.765375706386,7.765375706476,7.765375706476,7.765375706476,7.765375706476,7.765375706456,7.765375706456,7.765375706496,7.765375706496,7.765375706306,7.765375706306,7.765375706606,7.765375706606,7.765375706606
"t98",7.473000408006,7.473000408006,5.214599224556,5.214599224556,5.214599223826,5.214599223826,5.214599223416,5.214599223416,5.214599223816,5.214599223796,5.214599223796,5.214599223816,5.214599223816,5.214599224016,5.214599223916,5.214599223816,5.214599223816,5.214599223806,5.214599223806,5.214599223806,5.214599223806,5.214599223916,5.214599223836,5.214599223836,5.214599223816,1.653270392296,1.653270392296,1.653270392316,1.319184865416,0.011579181978,0,1.310406548249,1.310406548249,3.834996378616,3.834996378616,3.834996378696,3.834996378696,3.834996378706,3.834996378688,3.834996378688,3.834996378706,3.834996378706,3.834996378706,3.834996378716,3.834996378716,5.280465556006,7.765375706806,7.765375706806,7.765375706806,7.765375706806,7.765375706806,7.765375706206,7.765375706496,7.765375706496,7.765375707086,7.765375707086,7.765375706656,7.765375706656,7.765375707156,7.765375706706,7.765375706706,7.765375706706,7.765375706706,7.765375706617,7.765375706617,7.765375706617,7.765375706606,7.765375706506,7.765375706406,7.765375706006,7.765375706006,7.765375706496,7.765375706496,7.765375706496,7.76537570645,7.76537570645,7.765375706426,7.765375706426,7.765375706396,7.765375706506,7.765375706506,7.765375706506,7.765375706456,7.765375706476,7.765375706476,7.765375706486,7.765375706386,7.765375706476,7.765375706476,7.765375706476,7.765375706476,7.765375706456,7.765375706456,7.765375706496,7.765375706496,7.765375706306,7.765375706306,7.765375706606,7.765375706606,7.765375706606
"t91",7.473000408077,7.473000408077,5.214599224627,5.214599224627,5.214599223897,5.214599223897,5.214599223487,5.214599223487,5.214599223887,5.214599223867,5.214599223867,5.214599223887,5.214599223887,5.214599224087,5.214599223987,5.214599223887,5.214599223887,5.214599223877,5.214599223877,5.214599223877,5.214599223877,5.214599223987,5.214599223907,5.214599223907,5.214599223887,1.653270392367,1.653270392367,1.653270392387,1.319184865487,1.310406548249,1.310406548249,0,0.03343593632,3.834996378687,3.834996378687,3.834996378767,3.834996378767,3.834996378777,3.834996378759,3.834996378759,3.834996378777,3.834996378777,3.834996378777,3.834996378787,3.834996378787,5.280465556077,7.765375706877,7.765375706877,7.765375706877,7.765375706877,7.765375706877,7.765375706277,7.765375706567,7.765375706567,7.765375707157,7.765375707157,7.765375706727,7.765375706727,7.765375707227,7.765375706777,7.765375706777,7.765375706777,7.765375706777,7.765375706688,7.765375706688,7.765375706688,7.765375706677,7.765375706577,7.765375706477,7.765375706077,7.765375706077,7.765375706567,7.765375706567,7.765375706567,7.765375706521,7.765375706521,7.765375706497,7.765375706497,7.765375706467,7.765375706577,7.765375706577,7.765375706577,7.765375706527,7.765375706547,7.765375706547,7.765375706557,7.765375706457,7.765375706547,7.765375706547,7.765375706547,7.765375706547,7.765375706527,7.765375706527,7.765375706567,7.765375706567,7.765375706377,7.765375706377,7.765375706677,7.765375706677,7.765375706677
"t92",7.473000408077,7.473000408077,5.214599224627,5.214599224627,5.214599223897,5.214599223897,5.214599223487,5.214599223487,5.214599223887,5.214599223867,5.214599223867,5.214599223887,5.214599223887,5.214599224087,5.214599223987,5.214599223887,5.214599223887,5.214599223877,5.214599223877,5.214599223877,5.214599223877,5.214599223987,5.214599223907,5.214599223907,5.214599223887,1.653270392367,1.653270392367,1.653270392387,1.319184865487,1.310406548249,1.310406548249,0.03343593632,0,3.834996378687,3.834996378687,3.834996378767,3.834996378767,3.834996378777,3.834996378759,3.834996378759,3.834996378777,3.834996378777,3.834996378777,3.834996378787,3.834996378787,5.280465556077,7.765375706877,7.765375706877,7.765375706877,7.765375706877,7.765375706877,7.765375706277,7.765375706567,7.765375706567,7.765375707157,7.765375707157,7.765375706727,7.765375706727,7.765375707227,7.765375706777,7.765375706777,7.765375706777,7.765375706777,7.765375706688,7.765375706688,7.765375706688,7.765375706677,7.765375706577,7.765375706477,7.765375706077,7.765375706077,7.765375706567,7.765375706567,7.765375706567,7.765375706521,7.765375706521,7.765375706497,7.765375706497,7.765375706467,7.765375706577,7.765375706577,7.765375706577,7.765375706527,7.765375706547,7.765375706547,7.765375706557,7.765375706457,7.765375706547,7.765375706547,7.765375706547,7.765375706547,7.765375706527,7.765375706527,7.765375706567,7.765375706567,7.765375706377,7.765375706377,7.765375706677,7.765375706677,7.765375706677
"t59",7.47300040839,7.47300040839,5.21459922494,5.21459922494,5.21459922421,5.21459922421,5.2145992238,5.2145992238,5.2145992242,5.21459922418,5.21459922418,5.2145992242,5.2145992242,5.2145992244,5.2145992243,5.2145992242,5.2145992242,5.21459922419,5.21459922419,5.21459922419,5.21459922419,5.2145992243,5.21459922422,5.21459922422,5.2145992242,3.83499637868,3.83499637868,3.8349963787,3.8349963786,3.834996378616,3.834996378616,3.834996378687,3.834996378687,0,0.4132060384,1.72792469488,1.72792469488,1.72792469489,1.727924694872,1.727924694872,1.72792469489,1.72792469489,1.72792469489,3.0122443237,3.0122443237,5.28046555639,7.76537570719,7.76537570719,7.76537570719,7.76537570719,7.76537570719,7.76537570659,7.76537570688,7.76537570688,7.76537570747,7.76537570747,7.76537570704,7.76537570704,7.76537570754,7.76537570709,7.76537570709,7.76537570709,7.76537570709,7.765375707001,7.765375707001,7.765375707001,7.76537570699,7.76537570689,7.76537570679,7.76537570639,7.76537570639,7.76537570688,7.76537570688,7.76537570688,7.765375706834,7.765375706834,7.76537570681,7.76537570681,7.76537570678,7.76537570689,7.76537570689,7.76537570689,7.76537570684,7.76537570686,7.76537570686,7.76537570687,7.76537570677,7.76537570686,7.76537570686,7.76537570686,7.76537570686,7.76537570684,7.76537570684,7.76537570688,7.76537570688,7.76537570669,7.76537570669,7.76537570699,7.76537570699,7.76537570699
"t60",7.47300040839,7.47300040839,5.21459922494,5.21459922494,5.21459922421,5.21459922421,5.2145992238,5.2145992238,5.2145992242,5.21459922418,5.21459922418,5.2145992242,5.2145992242,5.2145992244,5.2145992243,5.2145992242,5.2145992242,5.21459922419,5.21459922419,5.21459922419,5.21459922419,5.2145992243,5.21459922422,5.21459922422,5.2145992242,3.83499637868,3.83499637868,3.8349963787,3.8349963786,3.834996378616,3.834996378616,3.834996378687,3.834996378687,0.4132060384,0,1.72792469488,1.72792469488,1.72792469489,1.727924694872,1.727924694872,1.72792469489,1.72792469489,1.72792469489,3.0122443237,3.0122443237,5.28046555639,7.76537570719,7.76537570719,7.76537570719,7.76537570719,7.76537570719,7.76537570659,7.76537570688,7.76537570688,7.76537570747,7.76537570747,7.76537570704,7.76537570704,7.76537570754,7.76537570709,7.76537570709,7.76537570709,7.76537570709,7.765375707001,7.765375707001,7.765375707001,7.76537570699,7.76537570689,7.76537570679,7.76537570639,7.76537570639,7.76537570688,7.76537570688,7.76537570688,7.765375706834,7.765375706834,7.76537570681,7.76537570681,7.76537570678,7.76537570689,7.76537570689,7.76537570689,7.76537570684,7.76537570686,7.76537570686,7.76537570687,7.76537570677,7.76537570686,7.76537570686,7.76537570686,7.76537570686,7.76537570684,7.76537570684,7.76537570688,7.76537570688,7.76537570669,7.76537570669,7.76537570699,7.76537570699,7.76537570699
"t57",7.47300040847,7.47300040847,5.21459922502,5.21459922502,5.21459922429,5.21459922429,5.21459922388,5.21459922388,5.21459922428,5.21459922426,5.21459922426,5.21459922428,5.21459922428,5.21459922448,5.21459922438,5.21459922428,5.21459922428,5.21459922427,5.21459922427,5.21459922427,5.21459922427,5.21459922438,5.2145992243,5.2145992243,5.21459922428,3.83499637876,3.83499637876,3.83499637878,3.83499637868,3.834996378696,3.834996378696,3.834996378767,3.834996378767,1.72792469488,1.72792469488,0,0.419013921,0.50999749119,1.663090445972,1.663090445972,1.66309044599,1.66309044599,1.66309044599,3.01224432378,3.01224432378,5.28046555647,7.76537570727,7.76537570727,7.76537570727,7.76537570727,7.76537570727,7.76537570667,7.76537570696,7.76537570696,7.76537570755,7.76537570755,7.76537570712,7.76537570712,7.76537570762,7.76537570717,7.76537570717,7.76537570717,7.76537570717,7.765375707081,7.765375707081,7.765375707081,7.76537570707,7.76537570697,7.76537570687,7.76537570647,7.76537570647,7.76537570696,7.76537570696,7.76537570696,7.765375706914,7.765375706914,7.76537570689,7.76537570689,7.76537570686,7.76537570697,7.76537570697,7.76537570697,7.76537570692,7.76537570694,7.76537570694,7.76537570695,7.76537570685,7.76537570694,7.76537570694,7.76537570694,7.76537570694,7.76537570692,7.76537570692,7.76537570696,7.76537570696,7.76537570677,7.76537570677,7.76537570707,7.76537570707,7.76537570707
"t58",7.47300040847,7.47300040847,5.21459922502,5.21459922502,5.21459922429,5.21459922429,5.21459922388,5.21459922388,5.21459922428,5.21459922426,5.21459922426,5.21459922428,5.21459922428,5.21459922448,5.21459922438,5.21459922428,5.21459922428,5.21459922427,5.21459922427,5.21459922427,5.21459922427,5.21459922438,5.2145992243,5.2145992243,5.21459922428,3.83499637876,3.83499637876,3.83499637878,3.83499637868,3.834996378696,3.834996378696,3.834996378767,3.834996378767,1.72792469488,1.72792469488,0.419013921,0,0.50999749119,1.663090445972,1.663090445972,1.66309044599,1.66309044599,1.66309044599,3.01224432378,3.01224432378,5.28046555647,7.76537570727,7.76537570727,7.76537570727,7.76537570727,7.76537570727,7.76537570667,7.76537570696,7.76537570696,7.76537570755,7.76537570755,7.76537570712,7.76537570712,7.76537570762,7.76537570717,7.76537570717,7.76537570717,7.76537570717,7.765375707081,7.765375707081,7.765375707081,7.76537570707,7.76537570697,7.76537570687,7.76537570647,7.76537570647,7.76537570696,7.76537570696,7.76537570696,7.765375706914,7.765375706914,7.76537570689,7.76537570689,7.76537570686,7.76537570697,7.76537570697,7.76537570697,7.76537570692,7.76537570694,7.76537570694,7.76537570695,7.76537570685,7.76537570694,7.76537570694,7.76537570694,7.76537570694,7.76537570692,7.76537570692,7.76537570696,7.76537570696,7.76537570677,7.76537570677,7.76537570707,7.76537570707,7.76537570707
"t56",7.47300040848,7.47300040848,5.21459922503,5.21459922503,5.2145992243,5.2145992243,5.21459922389,5.21459922389,5.21459922429,5.21459922427,5.21459922427,5.21459922429,5.21459922429,5.21459922449,5.21459922439,5.21459922429,5.21459922429,5.21459922428,5.21459922428,5.21459922428,5.21459922428,5.21459922439,5.21459922431,5.21459922431,5.21459922429,3.83499637877,3.83499637877,3.83499637879,3.83499637869,3.834996378706,3.834996378706,3.834996378777,3.834996378777,1.72792469489,1.72792469489,0.50999749119,0.50999749119,0,1.663090445982,1.663090445982,1.663090446,1.663090446,1.663090446,3.01224432379,3.01224432379,5.28046555648,7.76537570728,7.76537570728,7.76537570728,7.76537570728,7.76537570728,7.76537570668,7.76537570697,7.76537570697,7.76537570756,7.76537570756,7.76537570713,7.76537570713,7.76537570763,7.76537570718,7.76537570718,7.76537570718,7.76537570718,7.765375707091,7.765375707091,7.765375707091,7.76537570708,7.76537570698,7.76537570688,7.76537570648,7.76537570648,7.76537570697,7.76537570697,7.76537570697,7.765375706924,7.765375706924,7.7653757069,7.7653757069,7.76537570687,7.76537570698,7.76537570698,7.76537570698,7.76537570693,7.76537570695,7.76537570695,7.76537570696,7.76537570686,7.76537570695,7.76537570695,7.76537570695,7.76537570695,7.76537570693,7.76537570693,7.76537570697,7.76537570697,7.76537570678,7.76537570678,7.76537570708,7.76537570708,7.76537570708
"t99",7.473000408462,7.473000408462,5.214599225012,5.214599225012,5.214599224282,5.214599224282,5.214599223872,5.214599223872,5.214599224272,5.214599224252,5.214599224252,5.214599224272,5.214599224272,5.214599224472,5.214599224372,5.214599224272,5.214599224272,5.214599224262,5.214599224262,5.214599224262,5.214599224262,5.214599224372,5.214599224292,5.214599224292,5.214599224272,3.834996378752,3.834996378752,3.834996378772,3.834996378672,3.834996378688,3.834996378688,3.834996378759,3.834996378759,1.727924694872,1.727924694872,1.663090445972,1.663090445972,1.663090445982,0,0.009359811564,0.322454067982,0.606909069182,0.606909069182,3.012244323772,3.012244323772,5.280465556462,7.765375707262,7.765375707262,7.765375707262,7.765375707262,7.765375707262,7.765375706662,7.765375706952,7.765375706952,7.765375707542,7.765375707542,7.765375707112,7.765375707112,7.765375707612,7.765375707162,7.765375707162,7.765375707162,7.765375707162,7.765375707073,7.765375707073,7.765375707073,7.765375707062,7.765375706962,7.765375706862,7.765375706462,7.765375706462,7.765375706952,7.765375706952,7.765375706952,7.765375706906,7.765375706906,7.765375706882,7.765375706882,7.765375706852,7.765375706962,7.765375706962,7.765375706962,7.765375706912,7.765375706932,7.765375706932,7.765375706942,7.765375706842,7.765375706932,7.765375706932,7.765375706932,7.765375706932,7.765375706912,7.765375706912,7.765375706952,7.765375706952,7.765375706762,7.765375706762,7.765375707062,7.765375707062,7.765375707062
"t100",7.473000408462,7.473000408462,5.214599225012,5.214599225012,5.214599224282,5.214599224282,5.214599223872,5.214599223872,5.214599224272,5.214599224252,5.214599224252,5.214599224272,5.214599224272,5.214599224472,5.214599224372,5.214599224272,5.214599224272,5.214599224262,5.214599224262,5.214599224262,5.214599224262,5.214599224372,5.214599224292,5.214599224292,5.214599224272,3.834996378752,3.834996378752,3.834996378772,3.834996378672,3.834996378688,3.834996378688,3.834996378759,3.834996378759,1.727924694872,1.727924694872,1.663090445972,1.663090445972,1.663090445982,0.009359811564,0,0.322454067982,0.606909069182,0.606909069182,3.012244323772,3.012244323772,5.280465556462,7.765375707262,7.765375707262,7.765375707262,7.765375707262,7.765375707262,7.765375706662,7.765375706952,7.765375706952,7.765375707542,7.765375707542,7.765375707112,7.765375707112,7.765375707612,7.765375707162,7.765375707162,7.765375707162,7.765375707162,7.765375707073,7.765375707073,7.765375707073,7.765375707062,7.765375706962,7.765375706862,7.765375706462,7.765375706462,7.765375706952,7.765375706952,7.765375706952,7.765375706906,7.765375706906,7.765375706882,7.765375706882,7.765375706852,7.765375706962,7.765375706962,7.765375706962,7.765375706912,7.765375706932,7.765375706932,7.765375706942,7.765375706842,7.765375706932,7.765375706932,7.765375706932,7.765375706932,7.765375706912,7.765375706912,7.765375706952,7.765375706952,7.765375706762,7.765375706762,7.765375707062,7.765375707062,7.765375707062
"t71",7.47300040848,7.47300040848,5.21459922503,5.21459922503,5.2145992243,5.2145992243,5.21459922389,5.21459922389,5.21459922429,5.21459922427,5.21459922427,5.21459922429,5.21459922429,5.21459922449,5.21459922439,5.21459922429,5.21459922429,5.21459922428,5.21459922428,5.21459922428,5.21459922428,5.21459922439,5.21459922431,5.21459922431,5.21459922429,3.83499637877,3.83499637877,3.83499637879,3.83499637869,3.834996378706,3.834996378706,3.834996378777,3.834996378777,1.72792469489,1.72792469489,1.66309044599,1.66309044599,1.663090446,0.322454067982,0.322454067982,0,0.6069090692,0.6069090692,3.01224432379,3.01224432379,5.28046555648,7.76537570728,7.76537570728,7.76537570728,7.76537570728,7.76537570728,7.76537570668,7.76537570697,7.76537570697,7.76537570756,7.76537570756,7.76537570713,7.76537570713,7.76537570763,7.76537570718,7.76537570718,7.76537570718,7.76537570718,7.765375707091,7.765375707091,7.765375707091,7.76537570708,7.76537570698,7.76537570688,7.76537570648,7.76537570648,7.76537570697,7.76537570697,7.76537570697,7.765375706924,7.765375706924,7.7653757069,7.7653757069,7.76537570687,7.76537570698,7.76537570698,7.76537570698,7.76537570693,7.76537570695,7.76537570695,7.76537570696,7.76537570686,7.76537570695,7.76537570695,7.76537570695,7.76537570695,7.76537570693,7.76537570693,7.76537570697,7.76537570697,7.76537570678,7.76537570678,7.76537570708,7.76537570708,7.76537570708
"t65",7.47300040848,7.47300040848,5.21459922503,5.21459922503,5.2145992243,5.2145992243,5.21459922389,5.21459922389,5.21459922429,5.21459922427,5.21459922427,5.21459922429,5.21459922429,5.21459922449,5.21459922439,5.21459922429,5.21459922429,5.21459922428,5.21459922428,5.21459922428,5.21459922428,5.21459922439,5.21459922431,5.21459922431,5.21459922429,3.83499637877,3.83499637877,3.83499637879,3.83499637869,3.834996378706,3.834996378706,3.834996378777,3.834996378777,1.72792469489,1.72792469489,1.66309044599,1.66309044599,1.663090446,0.606909069182,0.606909069182,0.6069090692,0,0.3625262658,3.01224432379,3.01224432379,5.28046555648,7.76537570728,7.76537570728,7.76537570728,7.76537570728,7.76537570728,7.76537570668,7.76537570697,7.76537570697,7.76537570756,7.76537570756,7.76537570713,7.76537570713,7.76537570763,7.76537570718,7.76537570718,7.76537570718,7.76537570718,7.765375707091,7.765375707091,7.765375707091,7.76537570708,7.76537570698,7.76537570688,7.76537570648,7.76537570648,7.76537570697,7.76537570697,7.76537570697,7.765375706924,7.765375706924,7.7653757069,7.7653757069,7.76537570687,7.76537570698,7.76537570698,7.76537570698,7.76537570693,7.76537570695,7.76537570695,7.76537570696,7.76537570686,7.76537570695,7.76537570695,7.76537570695,7.76537570695,7.76537570693,7.76537570693,7.76537570697,7.76537570697,7.76537570678,7.76537570678,7.76537570708,7.76537570708,7.76537570708
"t66",7.47300040848,7.47300040848,5.21459922503,5.21459922503,5.2145992243,5.2145992243,5.21459922389,5.21459922389,5.21459922429,5.21459922427,5.21459922427,5.21459922429,5.21459922429,5.21459922449,5.21459922439,5.21459922429,5.21459922429,5.21459922428,5.21459922428,5.21459922428,5.21459922428,5.21459922439,5.21459922431,5.21459922431,5.21459922429,3.83499637877,3.83499637877,3.83499637879,3.83499637869,3.834996378706,3.834996378706,3.834996378777,3.834996378777,1.72792469489,1.72792469489,1.66309044599,1.66309044599,1.663090446,0.606909069182,0.606909069182,0.6069090692,0.3625262658,0,3.01224432379,3.01224432379,5.28046555648,7.76537570728,7.76537570728,7.76537570728,7.76537570728,7.76537570728,7.76537570668,7.76537570697,7.76537570697,7.76537570756,7.76537570756,7.76537570713,7.76537570713,7.76537570763,7.76537570718,7.76537570718,7.76537570718,7.76537570718,7.765375707091,7.765375707091,7.765375707091,7.76537570708,7.76537570698,7.76537570688,7.76537570648,7.76537570648,7.76537570697,7.76537570697,7.76537570697,7.765375706924,7.765375706924,7.7653757069,7.7653757069,7.76537570687,7.76537570698,7.76537570698,7.76537570698,7.76537570693,7.76537570695,7.76537570695,7.76537570696,7.76537570686,7.76537570695,7.76537570695,7.76537570695,7.76537570695,7.76537570693,7.76537570693,7.76537570697,7.76537570697,7.76537570678,7.76537570678,7.76537570708,7.76537570708,7.76537570708
"t35",7.47300040849,7.47300040849,5.21459922504,5.21459922504,5.21459922431,5.21459922431,5.2145992239,5.2145992239,5.2145992243,5.21459922428,5.21459922428,5.2145992243,5.2145992243,5.2145992245,5.2145992244,5.2145992243,5.2145992243,5.21459922429,5.21459922429,5.21459922429,5.21459922429,5.2145992244,5.21459922432,5.21459922432,5.2145992243,3.83499637878,3.83499637878,3.8349963788,3.8349963787,3.834996378716,3.834996378716,3.834996378787,3.834996378787,3.0122443237,3.0122443237,3.01224432378,3.01224432378,3.01224432379,3.012244323772,3.012244323772,3.01224432379,3.01224432379,3.01224432379,0,1.0571954476,5.28046555649,7.76537570729,7.76537570729,7.76537570729,7.76537570729,7.76537570729,7.76537570669,7.76537570698,7.76537570698,7.76537570757,7.76537570757,7.76537570714,7.76537570714,7.76537570764,7.76537570719,7.76537570719,7.76537570719,7.76537570719,7.765375707101,7.765375707101,7.765375707101,7.76537570709,7.76537570699,7.76537570689,7.76537570649,7.76537570649,7.76537570698,7.76537570698,7.76537570698,7.765375706934,7.765375706934,7.76537570691,7.76537570691,7.76537570688,7.76537570699,7.76537570699,7.76537570699,7.76537570694,7.76537570696,7.76537570696,7.76537570697,7.76537570687,7.76537570696,7.76537570696,7.76537570696,7.76537570696,7.76537570694,7.76537570694,7.76537570698,7.76537570698,7.76537570679,7.76537570679,7.76537570709,7.76537570709,7.76537570709
"t36",7.47300040849,7.47300040849,5.21459922504,5.21459922504,5.21459922431,5.21459922431,5.2145992239,5.2145992239,5.2145992243,5.21459922428,5.21459922428,5.2145992243,5.2145992243,5.2145992245,5.2145992244,5.2145992243,5.2145992243,5.21459922429,5.21459922429,5.21459922429,5.21459922429,5.2145992244,5.21459922432,5.21459922432,5.2145992243,3.83499637878,3.83499637878,3.8349963788,3.8349963787,3.834996378716,3.834996378716,3.834996378787,3.834996378787,3.0122443237,3.0122443237,3.01224432378,3.01224432378,3.01224432379,3.012244323772,3.012244323772,3.01224432379,3.01224432379,3.01224432379,1.0571954476,0,5.28046555649,7.76537570729,7.76537570729,7.76537570729,7.76537570729,7.76537570729,7.76537570669,7.76537570698,7.76537570698,7.76537570757,7.76537570757,7.76537570714,7.76537570714,7.76537570764,7.76537570719,7.76537570719,7.76537570719,7.76537570719,7.765375707101,7.765375707101,7.765375707101,7.76537570709,7.76537570699,7.76537570689,7.76537570649,7.76537570649,7.76537570698,7.76537570698,7.76537570698,7.765375706934,7.765375706934,7.76537570691,7.76537570691,7.76537570688,7.76537570699,7.76537570699,7.76537570699,7.76537570694,7.76537570696,7.76537570696,7.76537570697,7.76537570687,7.76537570696,7.76537570696,7.76537570696,7.76537570696,7.76537570694,7.76537570694,7.76537570698,7.76537570698,7.76537570679,7.76537570679,7.76537570709,7.76537570709,7.76537570709
"t1",7.473000408,7.473000408,5.28046555733,5.28046555733,5.2804655566,5.2804655566,5.28046555619,5.28046555619,5.28046555659,5.28046555657,5.28046555657,5.28046555659,5.28046555659,5.28046555679,5.28046555669,5.28046555659,5.28046555659,5.28046555658,5.28046555658,5.28046555658,5.28046555658,5.28046555669,5.28046555661,5.28046555661,5.28046555659,5.28046555607,5.28046555607,5.28046555609,5.28046555599,5.280465556006,5.280465556006,5.280465556077,5.280465556077,5.28046555639,5.28046555639,5.28046555647,5.28046555647,5.28046555648,5.280465556462,5.280465556462,5.28046555648,5.28046555648,5.28046555648,5.28046555649,5.28046555649,0,7.7653757068,7.7653757068,7.7653757068,7.7653757068,7.7653757068,7.7653757062,7.76537570649,7.76537570649,7.76537570708,7.76537570708,7.76537570665,7.76537570665,7.76537570715,7.7653757067,7.7653757067,7.7653757067,7.7653757067,7.765375706611,7.765375706611,7.765375706611,7.7653757066,7.7653757065,7.7653757064,7.765375706,7.765375706,7.76537570649,7.76537570649,7.76537570649,7.765375706444,7.765375706444,7.76537570642,7.76537570642,7.76537570639,7.7653757065,7.7653757065,7.7653757065,7.76537570645,7.76537570647,7.76537570647,7.76537570648,7.76537570638,7.76537570647,7.76537570647,7.76537570647,7.76537570647,7.76537570645,7.76537570645,7.76537570649,7.76537570649,7.7653757063,7.7653757063,7.7653757066,7.7653757066,7.7653757066
"t19",7.7653757068,7.7653757068,7.76537570813,7.76537570813,7.7653757074,7.7653757074,7.76537570699,7.76537570699,7.76537570739,7.76537570737,7.76537570737,7.76537570739,7.76537570739,7.76537570759,7.76537570749,7.76537570739,7.76537570739,7.76537570738,7.76537570738,7.76537570738,7.76537570738,7.76537570749,7.76537570741,7.76537570741,7.76537570739,7.76537570687,7.76537570687,7.76537570689,7.76537570679,7.765375706806,7.765375706806,7.765375706877,7.765375706877,7.76537570719,7.76537570719,7.76537570727,7.76537570727,7.76537570728,7.765375707262,7.765375707262,7.76537570728,7.76537570728,7.76537570728,7.76537570729,7.76537570729,7.7653757068,0,1.8645843296,1.8645843296,3.716585053,3.716585053,7.2214780624,7.22147806269,7.22147806269,7.22147806328,7.22147806328,7.22147806285,7.22147806285,7.22147806335,7.2214780629,7.2214780629,7.2214780629,7.2214780629,7.221478062811,7.221478062811,7.221478062811,7.2214780628,7.2214780627,7.2214780626,7.2214780622,7.2214780622,7.22147806269,7.22147806269,7.22147806269,7.221478062644,7.221478062644,7.22147806262,7.22147806262,7.22147806259,7.2214780627,7.2214780627,7.2214780627,7.22147806265,7.22147806267,7.22147806267,7.22147806268,7.22147806258,7.22147806267,7.22147806267,7.22147806267,7.22147806267,7.22147806265,7.22147806265,7.22147806269,7.22147806269,7.2214780625,7.2214780625,7.2214780628,7.2214780628,7.2214780628
"t54",7.7653757068,7.7653757068,7.76537570813,7.76537570813,7.7653757074,7.7653757074,7.76537570699,7.76537570699,7.76537570739,7.76537570737,7.76537570737,7.76537570739,7.76537570739,7.76537570759,7.76537570749,7.76537570739,7.76537570739,7.76537570738,7.76537570738,7.76537570738,7.76537570738,7.76537570749,7.76537570741,7.76537570741,7.76537570739,7.76537570687,7.76537570687,7.76537570689,7.76537570679,7.765375706806,7.765375706806,7.765375706877,7.765375706877,7.76537570719,7.76537570719,7.76537570727,7.76537570727,7.76537570728,7.765375707262,7.765375707262,7.76537570728,7.76537570728,7.76537570728,7.76537570729,7.76537570729,7.7653757068,1.8645843296,0,0.5581832564,3.716585053,3.716585053,7.2214780624,7.22147806269,7.22147806269,7.22147806328,7.22147806328,7.22147806285,7.22147806285,7.22147806335,7.2214780629,7.2214780629,7.2214780629,7.2214780629,7.221478062811,7.221478062811,7.221478062811,7.2214780628,7.2214780627,7.2214780626,7.2214780622,7.2214780622,7.22147806269,7.22147806269,7.22147806269,7.221478062644,7.221478062644,7.22147806262,7.22147806262,7.22147806259,7.2214780627,7.2214780627,7.2214780627,7.22147806265,7.22147806267,7.22147806267,7.22147806268,7.22147806258,7.22147806267,7.22147806267,7.22147806267,7.22147806267,7.22147806265,7.22147806265,7.22147806269,7.22147806269,7.2214780625,7.2214780625,7.2214780628,7.2214780628,7.2214780628
"t55",7.7653757068,7.7653757068,7.76537570813,7.76537570813,7.7653757074,7.7653757074,7.76537570699,7.76537570699,7.76537570739,7.76537570737,7.76537570737,7.76537570739,7.76537570739,7.76537570759,7.76537570749,7.76537570739,7.76537570739,7.76537570738,7.76537570738,7.76537570738,7.76537570738,7.76537570749,7.76537570741,7.76537570741,7.76537570739,7.76537570687,7.76537570687,7.76537570689,7.76537570679,7.765375706806,7.765375706806,7.765375706877,7.765375706877,7.76537570719,7.76537570719,7.76537570727,7.76537570727,7.76537570728,7.765375707262,7.765375707262,7.76537570728,7.76537570728,7.76537570728,7.76537570729,7.76537570729,7.7653757068,1.8645843296,0.5581832564,0,3.716585053,3.716585053,7.2214780624,7.22147806269,7.22147806269,7.22147806328,7.22147806328,7.22147806285,7.22147806285,7.22147806335,7.2214780629,7.2214780629,7.2214780629,7.2214780629,7.221478062811,7.221478062811,7.221478062811,7.2214780628,7.2214780627,7.2214780626,7.2214780622,7.2214780622,7.22147806269,7.22147806269,7.22147806269,7.221478062644,7.221478062644,7.22147806262,7.22147806262,7.22147806259,7.2214780627,7.2214780627,7.2214780627,7.22147806265,7.22147806267,7.22147806267,7.22147806268,7.22147806258,7.22147806267,7.22147806267,7.22147806267,7.22147806267,7.22147806265,7.22147806265,7.22147806269,7.22147806269,7.2214780625,7.2214780625,7.2214780628,7.2214780628,7.2214780628
"t22",7.7653757068,7.7653757068,7.76537570813,7.76537570813,7.7653757074,7.7653757074,7.76537570699,7.76537570699,7.76537570739,7.76537570737,7.76537570737,7.76537570739,7.76537570739,7.76537570759,7.76537570749,7.76537570739,7.76537570739,7.76537570738,7.76537570738,7.76537570738,7.76537570738,7.76537570749,7.76537570741,7.76537570741,7.76537570739,7.76537570687,7.76537570687,7.76537570689,7.76537570679,7.765375706806,7.765375706806,7.765375706877,7.765375706877,7.76537570719,7.76537570719,7.76537570727,7.76537570727,7.76537570728,7.765375707262,7.765375707262,7.76537570728,7.76537570728,7.76537570728,7.76537570729,7.76537570729,7.7653757068,3.716585053,3.716585053,3.716585053,0,1.7311266252,7.2214780624,7.22147806269,7.22147806269,7.22147806328,7.22147806328,7.22147806285,7.22147806285,7.22147806335,7.2214780629,7.2214780629,7.2214780629,7.2214780629,7.221478062811,7.221478062811,7.221478062811,7.2214780628,7.2214780627,7.2214780626,7.2214780622,7.2214780622,7.22147806269,7.22147806269,7.22147806269,7.221478062644,7.221478062644,7.22147806262,7.22147806262,7.22147806259,7.2214780627,7.2214780627,7.2214780627,7.22147806265,7.22147806267,7.22147806267,7.22147806268,7.22147806258,7.22147806267,7.22147806267,7.22147806267,7.22147806267,7.22147806265,7.22147806265,7.22147806269,7.22147806269,7.2214780625,7.2214780625,7.2214780628,7.2214780628,7.2214780628
"t23",7.7653757068,7.7653757068,7.76537570813,7.76537570813,7.7653757074,7.7653757074,7.76537570699,7.76537570699,7.76537570739,7.76537570737,7.76537570737,7.76537570739,7.76537570739,7.76537570759,7.76537570749,7.76537570739,7.76537570739,7.76537570738,7.76537570738,7.76537570738,7.76537570738,7.76537570749,7.76537570741,7.76537570741,7.76537570739,7.76537570687,7.76537570687,7.76537570689,7.76537570679,7.765375706806,7.765375706806,7.765375706877,7.765375706877,7.76537570719,7.76537570719,7.76537570727,7.76537570727,7.76537570728,7.765375707262,7.765375707262,7.76537570728,7.76537570728,7.76537570728,7.76537570729,7.76537570729,7.7653757068,3.716585053,3.716585053,3.716585053,1.7311266252,0,7.2214780624,7.22147806269,7.22147806269,7.22147806328,7.22147806328,7.22147806285,7.22147806285,7.22147806335,7.2214780629,7.2214780629,7.2214780629,7.2214780629,7.221478062811,7.221478062811,7.221478062811,7.2214780628,7.2214780627,7.2214780626,7.2214780622,7.2214780622,7.22147806269,7.22147806269,7.22147806269,7.221478062644,7.221478062644,7.22147806262,7.22147806262,7.22147806259,7.2214780627,7.2214780627,7.2214780627,7.22147806265,7.22147806267,7.22147806267,7.22147806268,7.22147806258,7.22147806267,7.22147806267,7.22147806267,7.22147806267,7.22147806265,7.22147806265,7.22147806269,7.22147806269,7.2214780625,7.2214780625,7.2214780628,7.2214780628,7.2214780628
"t4",7.7653757062,7.7653757062,7.76537570753,7.76537570753,7.7653757068,7.7653757068,7.76537570639,7.76537570639,7.76537570679,7.76537570677,7.76537570677,7.76537570679,7.76537570679,7.76537570699,7.76537570689,7.76537570679,7.76537570679,7.76537570678,7.76537570678,7.76537570678,7.76537570678,7.76537570689,7.76537570681,7.76537570681,7.76537570679,7.76537570627,7.76537570627,7.76537570629,7.76537570619,7.765375706206,7.765375706206,7.765375706277,7.765375706277,7.76537570659,7.76537570659,7.76537570667,7.76537570667,7.76537570668,7.765375706662,7.765375706662,7.76537570668,7.76537570668,7.76537570668,7.76537570669,7.76537570669,7.7653757062,7.2214780624,7.2214780624,7.2214780624,7.2214780624,7.2214780624,0,4.14989286029,4.14989286029,4.14989286088,4.14989286088,4.14989286045,4.14989286045,4.14989286095,4.1498928605,4.1498928605,4.1498928605,4.1498928605,4.149892860411,4.149892860411,4.149892860411,4.1498928604,4.1498928603,4.1498928602,5.5915620486,5.5915620486,5.59156204909,5.59156204909,5.59156204909,5.591562049044,5.591562049044,5.59156204902,5.59156204902,5.59156204899,5.5915620491,5.5915620491,5.5915620491,5.59156204905,5.59156204907,5.59156204907,5.59156204908,5.59156204898,5.59156204907,5.59156204907,5.59156204907,5.59156204907,5.59156204905,5.59156204905,5.59156204909,5.59156204909,5.5915620489,5.5915620489,5.5915620492,5.5915620492,5.5915620492
"t81",7.76537570649,7.76537570649,7.76537570782,7.76537570782,7.76537570709,7.76537570709,7.76537570668,7.76537570668,7.76537570708,7.76537570706,7.76537570706,7.76537570708,7.76537570708,7.76537570728,7.76537570718,7.76537570708,7.76537570708,7.76537570707,7.76537570707,7.76537570707,7.76537570707,7.76537570718,7.7653757071,7.7653757071,7.76537570708,7.76537570656,7.76537570656,7.76537570658,7.76537570648,7.765375706496,7.765375706496,7.765375706567,7.765375706567,7.76537570688,7.76537570688,7.76537570696,7.76537570696,7.76537570697,7.765375706952,7.765375706952,7.76537570697,7.76537570697,7.76537570697,7.76537570698,7.76537570698,7.76537570649,7.22147806269,7.22147806269,7.22147806269,7.22147806269,7.22147806269,4.14989286029,0,0.08604085188,3.49816669447,3.49816669447,3.74132641364,3.74132641364,3.74132641414,3.89178645559,3.89178645559,3.89178645559,3.89178645559,3.891786455501,3.891786455501,3.891786455501,3.89178645549,3.89178645539,3.89178645529,5.59156204889,5.59156204889,5.59156204938,5.59156204938,5.59156204938,5.591562049334,5.591562049334,5.59156204931,5.59156204931,5.59156204928,5.59156204939,5.59156204939,5.59156204939,5.59156204934,5.59156204936,5.59156204936,5.59156204937,5.59156204927,5.59156204936,5.59156204936,5.59156204936,5.59156204936,5.59156204934,5.59156204934,5.59156204938,5.59156204938,5.59156204919,5.59156204919,5.59156204949,5.59156204949,5.59156204949
"t82",7.76537570649,7.76537570649,7.76537570782,7.76537570782,7.76537570709,7.76537570709,7.76537570668,7.76537570668,7.76537570708,7.76537570706,7.76537570706,7.76537570708,7.76537570708,7.76537570728,7.76537570718,7.76537570708,7.76537570708,7.76537570707,7.76537570707,7.76537570707,7.76537570707,7.76537570718,7.7653757071,7.7653757071,7.76537570708,7.76537570656,7.76537570656,7.76537570658,7.76537570648,7.765375706496,7.765375706496,7.765375706567,7.765375706567,7.76537570688,7.76537570688,7.76537570696,7.76537570696,7.76537570697,7.765375706952,7.765375706952,7.76537570697,7.76537570697,7.76537570697,7.76537570698,7.76537570698,7.76537570649,7.22147806269,7.22147806269,7.22147806269,7.22147806269,7.22147806269,4.14989286029,0.08604085188,0,3.49816669447,3.49816669447,3.74132641364,3.74132641364,3.74132641414,3.89178645559,3.89178645559,3.89178645559,3.89178645559,3.891786455501,3.891786455501,3.891786455501,3.89178645549,3.89178645539,3.89178645529,5.59156204889,5.59156204889,5.59156204938,5.59156204938,5.59156204938,5.591562049334,5.591562049334,5.59156204931,5.59156204931,5.59156204928,5.59156204939,5.59156204939,5.59156204939,5.59156204934,5.59156204936,5.59156204936,5.59156204937,5.59156204927,5.59156204936,5.59156204936,5.59156204936,5.59156204936,5.59156204934,5.59156204934,5.59156204938,5.59156204938,5.59156204919,5.59156204919,5.59156204949,5.59156204949,5.59156204949
"t79",7.76537570708,7.76537570708,7.76537570841,7.76537570841,7.76537570768,7.76537570768,7.76537570727,7.76537570727,7.76537570767,7.76537570765,7.76537570765,7.76537570767,7.76537570767,7.76537570787,7.76537570777,7.76537570767,7.76537570767,7.76537570766,7.76537570766,7.76537570766,7.76537570766,7.76537570777,7.76537570769,7.76537570769,7.76537570767,7.76537570715,7.76537570715,7.76537570717,7.76537570707,7.765375707086,7.765375707086,7.765375707157,7.765375707157,7.76537570747,7.76537570747,7.76537570755,7.76537570755,7.76537570756,7.765375707542,7.765375707542,7.76537570756,7.76537570756,7.76537570756,7.76537570757,7.76537570757,7.76537570708,7.22147806328,7.22147806328,7.22147806328,7.22147806328,7.22147806328,4.14989286088,3.49816669447,3.49816669447,0,0.14958873906,3.74132641423,3.74132641423,3.74132641473,3.89178645618,3.89178645618,3.89178645618,3.89178645618,3.891786456091,3.891786456091,3.891786456091,3.89178645608,3.89178645598,3.89178645588,5.59156204948,5.59156204948,5.59156204997,5.59156204997,5.59156204997,5.591562049924,5.591562049924,5.5915620499,5.5915620499,5.59156204987,5.59156204998,5.59156204998,5.59156204998,5.59156204993,5.59156204995,5.59156204995,5.59156204996,5.59156204986,5.59156204995,5.59156204995,5.59156204995,5.59156204995,5.59156204993,5.59156204993,5.59156204997,5.59156204997,5.59156204978,5.59156204978,5.59156205008,5.59156205008,5.59156205008
"t80",7.76537570708,7.76537570708,7.76537570841,7.76537570841,7.76537570768,7.76537570768,7.76537570727,7.76537570727,7.76537570767,7.76537570765,7.76537570765,7.76537570767,7.76537570767,7.76537570787,7.76537570777,7.76537570767,7.76537570767,7.76537570766,7.76537570766,7.76537570766,7.76537570766,7.76537570777,7.76537570769,7.76537570769,7.76537570767,7.76537570715,7.76537570715,7.76537570717,7.76537570707,7.765375707086,7.765375707086,7.765375707157,7.765375707157,7.76537570747,7.76537570747,7.76537570755,7.76537570755,7.76537570756,7.765375707542,7.765375707542,7.76537570756,7.76537570756,7.76537570756,7.76537570757,7.76537570757,7.76537570708,7.22147806328,7.22147806328,7.22147806328,7.22147806328,7.22147806328,4.14989286088,3.49816669447,3.49816669447,0.14958873906,0,3.74132641423,3.74132641423,3.74132641473,3.89178645618,3.89178645618,3.89178645618,3.89178645618,3.891786456091,3.891786456091,3.891786456091,3.89178645608,3.89178645598,3.89178645588,5.59156204948,5.59156204948,5.59156204997,5.59156204997,5.59156204997,5.591562049924,5.591562049924,5.5915620499,5.5915620499,5.59156204987,5.59156204998,5.59156204998,5.59156204998,5.59156204993,5.59156204995,5.59156204995,5.59156204996,5.59156204986,5.59156204995,5.59156204995,5.59156204995,5.59156204995,5.59156204993,5.59156204993,5.59156204997,5.59156204997,5.59156204978,5.59156204978,5.59156205008,5.59156205008,5.59156205008
"t67",7.76537570665,7.76537570665,7.76537570798,7.76537570798,7.76537570725,7.76537570725,7.76537570684,7.76537570684,7.76537570724,7.76537570722,7.76537570722,7.76537570724,7.76537570724,7.76537570744,7.76537570734,7.76537570724,7.76537570724,7.76537570723,7.76537570723,7.76537570723,7.76537570723,7.76537570734,7.76537570726,7.76537570726,7.76537570724,7.76537570672,7.76537570672,7.76537570674,7.76537570664,7.765375706656,7.765375706656,7.765375706727,7.765375706727,7.76537570704,7.76537570704,7.76537570712,7.76537570712,7.76537570713,7.765375707112,7.765375707112,7.76537570713,7.76537570713,7.76537570713,7.76537570714,7.76537570714,7.76537570665,7.22147806285,7.22147806285,7.22147806285,7.22147806285,7.22147806285,4.14989286045,3.74132641364,3.74132641364,3.74132641423,3.74132641423,0,0.348973137,2.1539151755,3.89178645575,3.89178645575,3.89178645575,3.89178645575,3.891786455661,3.891786455661,3.891786455661,3.89178645565,3.89178645555,3.89178645545,5.59156204905,5.59156204905,5.59156204954,5.59156204954,5.59156204954,5.591562049494,5.591562049494,5.59156204947,5.59156204947,5.59156204944,5.59156204955,5.59156204955,5.59156204955,5.5915620495,5.59156204952,5.59156204952,5.59156204953,5.59156204943,5.59156204952,5.59156204952,5.59156204952,5.59156204952,5.5915620495,5.5915620495,5.59156204954,5.59156204954,5.59156204935,5.59156204935,5.59156204965,5.59156204965,5.59156204965
"t68",7.76537570665,7.76537570665,7.76537570798,7.76537570798,7.76537570725,7.76537570725,7.76537570684,7.76537570684,7.76537570724,7.76537570722,7.76537570722,7.76537570724,7.76537570724,7.76537570744,7.76537570734,7.76537570724,7.76537570724,7.76537570723,7.76537570723,7.76537570723,7.76537570723,7.76537570734,7.76537570726,7.76537570726,7.76537570724,7.76537570672,7.76537570672,7.76537570674,7.76537570664,7.765375706656,7.765375706656,7.765375706727,7.765375706727,7.76537570704,7.76537570704,7.76537570712,7.76537570712,7.76537570713,7.765375707112,7.765375707112,7.76537570713,7.76537570713,7.76537570713,7.76537570714,7.76537570714,7.76537570665,7.22147806285,7.22147806285,7.22147806285,7.22147806285,7.22147806285,4.14989286045,3.74132641364,3.74132641364,3.74132641423,3.74132641423,0.348973137,0,2.1539151755,3.89178645575,3.89178645575,3.89178645575,3.89178645575,3.891786455661,3.891786455661,3.891786455661,3.89178645565,3.89178645555,3.89178645545,5.59156204905,5.59156204905,5.59156204954,5.59156204954,5.59156204954,5.591562049494,5.591562049494,5.59156204947,5.59156204947,5.59156204944,5.59156204955,5.59156204955,5.59156204955,5.5915620495,5.59156204952,5.59156204952,5.59156204953,5.59156204943,5.59156204952,5.59156204952,5.59156204952,5.59156204952,5.5915620495,5.5915620495,5.59156204954,5.59156204954,5.59156204935,5.59156204935,5.59156204965,5.59156204965,5.59156204965
"t15",7.76537570715,7.76537570715,7.76537570848,7.76537570848,7.76537570775,7.76537570775,7.76537570734,7.76537570734,7.76537570774,7.76537570772,7.76537570772,7.76537570774,7.76537570774,7.76537570794,7.76537570784,7.76537570774,7.76537570774,7.76537570773,7.76537570773,7.76537570773,7.76537570773,7.76537570784,7.76537570776,7.76537570776,7.76537570774,7.76537570722,7.76537570722,7.76537570724,7.76537570714,7.765375707156,7.765375707156,7.765375707227,7.765375707227,7.76537570754,7.76537570754,7.76537570762,7.76537570762,7.76537570763,7.765375707612,7.765375707612,7.76537570763,7.76537570763,7.76537570763,7.76537570764,7.76537570764,7.76537570715,7.22147806335,7.22147806335,7.22147806335,7.22147806335,7.22147806335,4.14989286095,3.74132641414,3.74132641414,3.74132641473,3.74132641473,2.1539151755,2.1539151755,0,3.89178645625,3.89178645625,3.89178645625,3.89178645625,3.891786456161,3.891786456161,3.891786456161,3.89178645615,3.89178645605,3.89178645595,5.59156204955,5.59156204955,5.59156205004,5.59156205004,5.59156205004,5.591562049994,5.591562049994,5.59156204997,5.59156204997,5.59156204994,5.59156205005,5.59156205005,5.59156205005,5.59156205,5.59156205002,5.59156205002,5.59156205003,5.59156204993,5.59156205002,5.59156205002,5.59156205002,5.59156205002,5.59156205,5.59156205,5.59156205004,5.59156205004,5.59156204985,5.59156204985,5.59156205015,5.59156205015,5.59156205015
"t63",7.7653757067,7.7653757067,7.76537570803,7.76537570803,7.7653757073,7.7653757073,7.76537570689,7.76537570689,7.76537570729,7.76537570727,7.76537570727,7.76537570729,7.76537570729,7.76537570749,7.76537570739,7.76537570729,7.76537570729,7.76537570728,7.76537570728,7.76537570728,7.76537570728,7.76537570739,7.76537570731,7.76537570731,7.76537570729,7.76537570677,7.76537570677,7.76537570679,7.76537570669,7.765375706706,7.765375706706,7.765375706777,7.765375706777,7.76537570709,7.76537570709,7.76537570717,7.76537570717,7.76537570718,7.765375707162,7.765375707162,7.76537570718,7.76537570718,7.76537570718,7.76537570719,7.76537570719,7.7653757067,7.2214780629,7.2214780629,7.2214780629,7.2214780629,7.2214780629,4.1498928605,3.89178645559,3.89178645559,3.89178645618,3.89178645618,3.89178645575,3.89178645575,3.89178645625,0,0.3746205494,3.4237842074,3.4237842074,3.423784207311,3.423784207311,3.423784207311,3.4237842073,3.4237842072,3.4237842071,5.5915620491,5.5915620491,5.59156204959,5.59156204959,5.59156204959,5.591562049544,5.591562049544,5.59156204952,5.59156204952,5.59156204949,5.5915620496,5.5915620496,5.5915620496,5.59156204955,5.59156204957,5.59156204957,5.59156204958,5.59156204948,5.59156204957,5.59156204957,5.59156204957,5.59156204957,5.59156204955,5.59156204955,5.59156204959,5.59156204959,5.5915620494,5.5915620494,5.5915620497,5.5915620497,5.5915620497
"t64",7.7653757067,7.7653757067,7.76537570803,7.76537570803,7.7653757073,7.7653757073,7.76537570689,7.76537570689,7.76537570729,7.76537570727,7.76537570727,7.76537570729,7.76537570729,7.76537570749,7.76537570739,7.76537570729,7.76537570729,7.76537570728,7.76537570728,7.76537570728,7.76537570728,7.76537570739,7.76537570731,7.76537570731,7.76537570729,7.76537570677,7.76537570677,7.76537570679,7.76537570669,7.765375706706,7.765375706706,7.765375706777,7.765375706777,7.76537570709,7.76537570709,7.76537570717,7.76537570717,7.76537570718,7.765375707162,7.765375707162,7.76537570718,7.76537570718,7.76537570718,7.76537570719,7.76537570719,7.7653757067,7.2214780629,7.2214780629,7.2214780629,7.2214780629,7.2214780629,4.1498928605,3.89178645559,3.89178645559,3.89178645618,3.89178645618,3.89178645575,3.89178645575,3.89178645625,0.3746205494,0,3.4237842074,3.4237842074,3.423784207311,3.423784207311,3.423784207311,3.4237842073,3.4237842072,3.4237842071,5.5915620491,5.5915620491,5.59156204959,5.59156204959,5.59156204959,5.591562049544,5.591562049544,5.59156204952,5.59156204952,5.59156204949,5.5915620496,5.5915620496,5.5915620496,5.59156204955,5.59156204957,5.59156204957,5.59156204958,5.59156204948,5.59156204957,5.59156204957,5.59156204957,5.59156204957,5.59156204955,5.59156204955,5.59156204959,5.59156204959,5.5915620494,5.5915620494,5.5915620497,5.5915620497,5.5915620497
"t24",7.7653757067,7.7653757067,7.76537570803,7.76537570803,7.7653757073,7.7653757073,7.76537570689,7.76537570689,7.76537570729,7.76537570727,7.76537570727,7.76537570729,7.76537570729,7.76537570749,7.76537570739,7.76537570729,7.76537570729,7.76537570728,7.76537570728,7.76537570728,7.76537570728,7.76537570739,7.76537570731,7.76537570731,7.76537570729,7.76537570677,7.76537570677,7.76537570679,7.76537570669,7.765375706706,7.765375706706,7.765375706777,7.765375706777,7.76537570709,7.76537570709,7.76537570717,7.76537570717,7.76537570718,7.765375707162,7.765375707162,7.76537570718,7.76537570718,7.76537570718,7.76537570719,7.76537570719,7.7653757067,7.2214780629,7.2214780629,7.2214780629,7.2214780629,7.2214780629,4.1498928605,3.89178645559,3.89178645559,3.89178645618,3.89178645618,3.89178645575,3.89178645575,3.89178645625,3.4237842074,3.4237842074,0,1.7156932988,2.778730631911,2.778730631911,2.778730631911,2.7787306319,2.7787306318,2.7787306317,5.5915620491,5.5915620491,5.59156204959,5.59156204959,5.59156204959,5.591562049544,5.591562049544,5.59156204952,5.59156204952,5.59156204949,5.5915620496,5.5915620496,5.5915620496,5.59156204955,5.59156204957,5.59156204957,5.59156204958,5.59156204948,5.59156204957,5.59156204957,5.59156204957,5.59156204957,5.59156204955,5.59156204955,5.59156204959,5.59156204959,5.5915620494,5.5915620494,5.5915620497,5.5915620497,5.5915620497
"t25",7.7653757067,7.7653757067,7.76537570803,7.76537570803,7.7653757073,7.7653757073,7.76537570689,7.76537570689,7.76537570729,7.76537570727,7.76537570727,7.76537570729,7.76537570729,7.76537570749,7.76537570739,7.76537570729,7.76537570729,7.76537570728,7.76537570728,7.76537570728,7.76537570728,7.76537570739,7.76537570731,7.76537570731,7.76537570729,7.76537570677,7.76537570677,7.76537570679,7.76537570669,7.765375706706,7.765375706706,7.765375706777,7.765375706777,7.76537570709,7.76537570709,7.76537570717,7.76537570717,7.76537570718,7.765375707162,7.765375707162,7.76537570718,7.76537570718,7.76537570718,7.76537570719,7.76537570719,7.7653757067,7.2214780629,7.2214780629,7.2214780629,7.2214780629,7.2214780629,4.1498928605,3.89178645559,3.89178645559,3.89178645618,3.89178645618,3.89178645575,3.89178645575,3.89178645625,3.4237842074,3.4237842074,1.7156932988,0,2.778730631911,2.778730631911,2.778730631911,2.7787306319,2.7787306318,2.7787306317,5.5915620491,5.5915620491,5.59156204959,5.59156204959,5.59156204959,5.591562049544,5.591562049544,5.59156204952,5.59156204952,5.59156204949,5.5915620496,5.5915620496,5.5915620496,5.59156204955,5.59156204957,5.59156204957,5.59156204958,5.59156204948,5.59156204957,5.59156204957,5.59156204957,5.59156204957,5.59156204955,5.59156204955,5.59156204959,5.59156204959,5.5915620494,5.5915620494,5.5915620497,5.5915620497,5.5915620497
"t50",7.765375706611,7.765375706611,7.765375707941,7.765375707941,7.765375707211,7.765375707211,7.765375706801,7.765375706801,7.765375707201,7.765375707181,7.765375707181,7.765375707201,7.765375707201,7.765375707401,7.765375707301,7.765375707201,7.765375707201,7.765375707191,7.765375707191,7.765375707191,7.765375707191,7.765375707301,7.765375707221,7.765375707221,7.765375707201,7.765375706681,7.765375706681,7.765375706701,7.765375706601,7.765375706617,7.765375706617,7.765375706688,7.765375706688,7.765375707001,7.765375707001,7.765375707081,7.765375707081,7.765375707091,7.765375707073,7.765375707073,7.765375707091,7.765375707091,7.765375707091,7.765375707101,7.765375707101,7.765375706611,7.221478062811,7.221478062811,7.221478062811,7.221478062811,7.221478062811,4.149892860411,3.891786455501,3.891786455501,3.891786456091,3.891786456091,3.891786455661,3.891786455661,3.891786456161,3.423784207311,3.423784207311,2.778730631911,2.778730631911,0,0.6410596598,1.3463627412,1.347836010211,2.148833108111,2.366887712211,5.591562049011,5.591562049011,5.591562049501,5.591562049501,5.591562049501,5.591562049455,5.591562049455,5.591562049431,5.591562049431,5.591562049401,5.591562049511,5.591562049511,5.591562049511,5.591562049461,5.591562049481,5.591562049481,5.591562049491,5.591562049391,5.591562049481,5.591562049481,5.591562049481,5.591562049481,5.591562049461,5.591562049461,5.591562049501,5.591562049501,5.591562049311,5.591562049311,5.591562049611,5.591562049611,5.591562049611
"t51",7.765375706611,7.765375706611,7.765375707941,7.765375707941,7.765375707211,7.765375707211,7.765375706801,7.765375706801,7.765375707201,7.765375707181,7.765375707181,7.765375707201,7.765375707201,7.765375707401,7.765375707301,7.765375707201,7.765375707201,7.765375707191,7.765375707191,7.765375707191,7.765375707191,7.765375707301,7.765375707221,7.765375707221,7.765375707201,7.765375706681,7.765375706681,7.765375706701,7.765375706601,7.765375706617,7.765375706617,7.765375706688,7.765375706688,7.765375707001,7.765375707001,7.765375707081,7.765375707081,7.765375707091,7.765375707073,7.765375707073,7.765375707091,7.765375707091,7.765375707091,7.765375707101,7.765375707101,7.765375706611,7.221478062811,7.221478062811,7.221478062811,7.221478062811,7.221478062811,4.149892860411,3.891786455501,3.891786455501,3.891786456091,3.891786456091,3.891786455661,3.891786455661,3.891786456161,3.423784207311,3.423784207311,2.778730631911,2.778730631911,0.6410596598,0,1.3463627412,1.347836010211,2.148833108111,2.366887712211,5.591562049011,5.591562049011,5.591562049501,5.591562049501,5.591562049501,5.591562049455,5.591562049455,5.591562049431,5.591562049431,5.591562049401,5.591562049511,5.591562049511,5.591562049511,5.591562049461,5.591562049481,5.591562049481,5.591562049491,5.591562049391,5.591562049481,5.591562049481,5.591562049481,5.591562049481,5.591562049461,5.591562049461,5.591562049501,5.591562049501,5.591562049311,5.591562049311,5.591562049611,5.591562049611,5.591562049611
"t28",7.765375706611,7.765375706611,7.765375707941,7.765375707941,7.765375707211,7.765375707211,7.765375706801,7.765375706801,7.765375707201,7.765375707181,7.765375707181,7.765375707201,7.765375707201,7.765375707401,7.765375707301,7.765375707201,7.765375707201,7.765375707191,7.765375707191,7.765375707191,7.765375707191,7.765375707301,7.765375707221,7.765375707221,7.765375707201,7.765375706681,7.765375706681,7.765375706701,7.765375706601,7.765375706617,7.765375706617,7.765375706688,7.765375706688,7.765375707001,7.765375707001,7.765375707081,7.765375707081,7.765375707091,7.765375707073,7.765375707073,7.765375707091,7.765375707091,7.765375707091,7.765375707101,7.765375707101,7.765375706611,7.221478062811,7.221478062811,7.221478062811,7.221478062811,7.221478062811,4.149892860411,3.891786455501,3.891786455501,3.891786456091,3.891786456091,3.891786455661,3.891786455661,3.891786456161,3.423784207311,3.423784207311,2.778730631911,2.778730631911,1.3463627412,1.3463627412,0,1.347836010211,2.148833108111,2.366887712211,5.591562049011,5.591562049011,5.591562049501,5.591562049501,5.591562049501,5.591562049455,5.591562049455,5.591562049431,5.591562049431,5.591562049401,5.591562049511,5.591562049511,5.591562049511,5.591562049461,5.591562049481,5.591562049481,5.591562049491,5.591562049391,5.591562049481,5.591562049481,5.591562049481,5.591562049481,5.591562049461,5.591562049461,5.591562049501,5.591562049501,5.591562049311,5.591562049311,5.591562049611,5.591562049611,5.591562049611
"t27",7.7653757066,7.7653757066,7.76537570793,7.76537570793,7.7653757072,7.7653757072,7.76537570679,7.76537570679,7.76537570719,7.76537570717,7.76537570717,7.76537570719,7.76537570719,7.76537570739,7.76537570729,7.76537570719,7.76537570719,7.76537570718,7.76537570718,7.76537570718,7.76537570718,7.76537570729,7.76537570721,7.76537570721,7.76537570719,7.76537570667,7.76537570667,7.76537570669,7.76537570659,7.765375706606,7.765375706606,7.765375706677,7.765375706677,7.76537570699,7.76537570699,7.76537570707,7.76537570707,7.76537570708,7.765375707062,7.765375707062,7.76537570708,7.76537570708,7.76537570708,7.76537570709,7.76537570709,7.7653757066,7.2214780628,7.2214780628,7.2214780628,7.2214780628,7.2214780628,4.1498928604,3.89178645549,3.89178645549,3.89178645608,3.89178645608,3.89178645565,3.89178645565,3.89178645615,3.4237842073,3.4237842073,2.7787306319,2.7787306319,1.347836010211,1.347836010211,1.347836010211,0,2.1488331081,2.3668877122,5.591562049,5.591562049,5.59156204949,5.59156204949,5.59156204949,5.591562049444,5.591562049444,5.59156204942,5.59156204942,5.59156204939,5.5915620495,5.5915620495,5.5915620495,5.59156204945,5.59156204947,5.59156204947,5.59156204948,5.59156204938,5.59156204947,5.59156204947,5.59156204947,5.59156204947,5.59156204945,5.59156204945,5.59156204949,5.59156204949,5.5915620493,5.5915620493,5.5915620496,5.5915620496,5.5915620496
"t16",7.7653757065,7.7653757065,7.76537570783,7.76537570783,7.7653757071,7.7653757071,7.76537570669,7.76537570669,7.76537570709,7.76537570707,7.76537570707,7.76537570709,7.76537570709,7.76537570729,7.76537570719,7.76537570709,7.76537570709,7.76537570708,7.76537570708,7.76537570708,7.76537570708,7.76537570719,7.76537570711,7.76537570711,7.76537570709,7.76537570657,7.76537570657,7.76537570659,7.76537570649,7.765375706506,7.765375706506,7.765375706577,7.765375706577,7.76537570689,7.76537570689,7.76537570697,7.76537570697,7.76537570698,7.765375706962,7.765375706962,7.76537570698,7.76537570698,7.76537570698,7.76537570699,7.76537570699,7.7653757065,7.2214780627,7.2214780627,7.2214780627,7.2214780627,7.2214780627,4.1498928603,3.89178645539,3.89178645539,3.89178645598,3.89178645598,3.89178645555,3.89178645555,3.89178645605,3.4237842072,3.4237842072,2.7787306318,2.7787306318,2.148833108111,2.148833108111,2.148833108111,2.1488331081,0,2.3668877121,5.5915620489,5.5915620489,5.59156204939,5.59156204939,5.59156204939,5.591562049344,5.591562049344,5.59156204932,5.59156204932,5.59156204929,5.5915620494,5.5915620494,5.5915620494,5.59156204935,5.59156204937,5.59156204937,5.59156204938,5.59156204928,5.59156204937,5.59156204937,5.59156204937,5.59156204937,5.59156204935,5.59156204935,5.59156204939,5.59156204939,5.5915620492,5.5915620492,5.5915620495,5.5915620495,5.5915620495
"t10",7.7653757064,7.7653757064,7.76537570773,7.76537570773,7.765375707,7.765375707,7.76537570659,7.76537570659,7.76537570699,7.76537570697,7.76537570697,7.76537570699,7.76537570699,7.76537570719,7.76537570709,7.76537570699,7.76537570699,7.76537570698,7.76537570698,7.76537570698,7.76537570698,7.76537570709,7.76537570701,7.76537570701,7.76537570699,7.76537570647,7.76537570647,7.76537570649,7.76537570639,7.765375706406,7.765375706406,7.765375706477,7.765375706477,7.76537570679,7.76537570679,7.76537570687,7.76537570687,7.76537570688,7.765375706862,7.765375706862,7.76537570688,7.76537570688,7.76537570688,7.76537570689,7.76537570689,7.7653757064,7.2214780626,7.2214780626,7.2214780626,7.2214780626,7.2214780626,4.1498928602,3.89178645529,3.89178645529,3.89178645588,3.89178645588,3.89178645545,3.89178645545,3.89178645595,3.4237842071,3.4237842071,2.7787306317,2.7787306317,2.366887712211,2.366887712211,2.366887712211,2.3668877122,2.3668877121,0,5.5915620488,5.5915620488,5.59156204929,5.59156204929,5.59156204929,5.591562049244,5.591562049244,5.59156204922,5.59156204922,5.59156204919,5.5915620493,5.5915620493,5.5915620493,5.59156204925,5.59156204927,5.59156204927,5.59156204928,5.59156204918,5.59156204927,5.59156204927,5.59156204927,5.59156204927,5.59156204925,5.59156204925,5.59156204929,5.59156204929,5.5915620491,5.5915620491,5.5915620494,5.5915620494,5.5915620494
"t17",7.765375706,7.765375706,7.76537570733,7.76537570733,7.7653757066,7.7653757066,7.76537570619,7.76537570619,7.76537570659,7.76537570657,7.76537570657,7.76537570659,7.76537570659,7.76537570679,7.76537570669,7.76537570659,7.76537570659,7.76537570658,7.76537570658,7.76537570658,7.76537570658,7.76537570669,7.76537570661,7.76537570661,7.76537570659,7.76537570607,7.76537570607,7.76537570609,7.76537570599,7.765375706006,7.765375706006,7.765375706077,7.765375706077,7.76537570639,7.76537570639,7.76537570647,7.76537570647,7.76537570648,7.765375706462,7.765375706462,7.76537570648,7.76537570648,7.76537570648,7.76537570649,7.76537570649,7.765375706,7.2214780622,7.2214780622,7.2214780622,7.2214780622,7.2214780622,5.5915620486,5.59156204889,5.59156204889,5.59156204948,5.59156204948,5.59156204905,5.59156204905,5.59156204955,5.5915620491,5.5915620491,5.5915620491,5.5915620491,5.591562049011,5.591562049011,5.591562049011,5.591562049,5.5915620489,5.5915620488,0,2.071808062,3.07236794929,3.07236794929,3.07236794929,3.072367949244,3.072367949244,3.07236794922,3.07236794922,3.07236794919,3.0723679493,3.0723679493,3.0723679493,3.07236794925,3.07236794927,3.07236794927,3.07236794928,3.07236794918,3.07236794927,3.07236794927,3.07236794927,3.07236794927,3.07236794925,3.07236794925,3.07236794929,3.07236794929,5.1317227131,5.1317227131,5.1317227134,5.1317227134,5.1317227134
"t18",7.765375706,7.765375706,7.76537570733,7.76537570733,7.7653757066,7.7653757066,7.76537570619,7.76537570619,7.76537570659,7.76537570657,7.76537570657,7.76537570659,7.76537570659,7.76537570679,7.76537570669,7.76537570659,7.76537570659,7.76537570658,7.76537570658,7.76537570658,7.76537570658,7.76537570669,7.76537570661,7.76537570661,7.76537570659,7.76537570607,7.76537570607,7.76537570609,7.76537570599,7.765375706006,7.765375706006,7.765375706077,7.765375706077,7.76537570639,7.76537570639,7.76537570647,7.76537570647,7.76537570648,7.765375706462,7.765375706462,7.76537570648,7.76537570648,7.76537570648,7.76537570649,7.76537570649,7.765375706,7.2214780622,7.2214780622,7.2214780622,7.2214780622,7.2214780622,5.5915620486,5.59156204889,5.59156204889,5.59156204948,5.59156204948,5.59156204905,5.59156204905,5.59156204955,5.5915620491,5.5915620491,5.5915620491,5.5915620491,5.591562049011,5.591562049011,5.591562049011,5.591562049,5.5915620489,5.5915620488,2.071808062,0,3.07236794929,3.07236794929,3.07236794929,3.072367949244,3.072367949244,3.07236794922,3.07236794922,3.07236794919,3.0723679493,3.0723679493,3.0723679493,3.07236794925,3.07236794927,3.07236794927,3.07236794928,3.07236794918,3.07236794927,3.07236794927,3.07236794927,3.07236794927,3.07236794925,3.07236794925,3.07236794929,3.07236794929,5.1317227131,5.1317227131,5.1317227134,5.1317227134,5.1317227134
"t83",7.76537570649,7.76537570649,7.76537570782,7.76537570782,7.76537570709,7.76537570709,7.76537570668,7.76537570668,7.76537570708,7.76537570706,7.76537570706,7.76537570708,7.76537570708,7.76537570728,7.76537570718,7.76537570708,7.76537570708,7.76537570707,7.76537570707,7.76537570707,7.76537570707,7.76537570718,7.7653757071,7.7653757071,7.76537570708,7.76537570656,7.76537570656,7.76537570658,7.76537570648,7.765375706496,7.765375706496,7.765375706567,7.765375706567,7.76537570688,7.76537570688,7.76537570696,7.76537570696,7.76537570697,7.765375706952,7.765375706952,7.76537570697,7.76537570697,7.76537570697,7.76537570698,7.76537570698,7.76537570649,7.22147806269,7.22147806269,7.22147806269,7.22147806269,7.22147806269,5.59156204909,5.59156204938,5.59156204938,5.59156204997,5.59156204997,5.59156204954,5.59156204954,5.59156205004,5.59156204959,5.59156204959,5.59156204959,5.59156204959,5.591562049501,5.591562049501,5.591562049501,5.59156204949,5.59156204939,5.59156204929,3.07236794929,3.07236794929,0,0.0821924969,1.0097453331,1.009745333054,1.009745333054,1.00974533303,1.00974533303,1.009745333,1.11683265419,1.11683265419,1.11683265419,2.21327398714,2.21327398716,2.21327398716,2.21327398717,2.21327398707,2.21327398716,2.21327398716,2.21327398716,2.21327398716,2.21327398714,2.21327398714,2.21327398718,2.21327398718,5.13172271359,5.13172271359,5.13172271389,5.13172271389,5.13172271389
"t84",7.76537570649,7.76537570649,7.76537570782,7.76537570782,7.76537570709,7.76537570709,7.76537570668,7.76537570668,7.76537570708,7.76537570706,7.76537570706,7.76537570708,7.76537570708,7.76537570728,7.76537570718,7.76537570708,7.76537570708,7.76537570707,7.76537570707,7.76537570707,7.76537570707,7.76537570718,7.7653757071,7.7653757071,7.76537570708,7.76537570656,7.76537570656,7.76537570658,7.76537570648,7.765375706496,7.765375706496,7.765375706567,7.765375706567,7.76537570688,7.76537570688,7.76537570696,7.76537570696,7.76537570697,7.765375706952,7.765375706952,7.76537570697,7.76537570697,7.76537570697,7.76537570698,7.76537570698,7.76537570649,7.22147806269,7.22147806269,7.22147806269,7.22147806269,7.22147806269,5.59156204909,5.59156204938,5.59156204938,5.59156204997,5.59156204997,5.59156204954,5.59156204954,5.59156205004,5.59156204959,5.59156204959,5.59156204959,5.59156204959,5.591562049501,5.591562049501,5.591562049501,5.59156204949,5.59156204939,5.59156204929,3.07236794929,3.07236794929,0.0821924969,0,1.0097453331,1.009745333054,1.009745333054,1.00974533303,1.00974533303,1.009745333,1.11683265419,1.11683265419,1.11683265419,2.21327398714,2.21327398716,2.21327398716,2.21327398717,2.21327398707,2.21327398716,2.21327398716,2.21327398716,2.21327398716,2.21327398714,2.21327398714,2.21327398718,2.21327398718,5.13172271359,5.13172271359,5.13172271389,5.13172271389,5.13172271389
"t43",7.76537570649,7.76537570649,7.76537570782,7.76537570782,7.76537570709,7.76537570709,7.76537570668,7.76537570668,7.76537570708,7.76537570706,7.76537570706,7.76537570708,7.76537570708,7.76537570728,7.76537570718,7.76537570708,7.76537570708,7.76537570707,7.76537570707,7.76537570707,7.76537570707,7.76537570718,7.7653757071,7.7653757071,7.76537570708,7.76537570656,7.76537570656,7.76537570658,7.76537570648,7.765375706496,7.765375706496,7.765375706567,7.765375706567,7.76537570688,7.76537570688,7.76537570696,7.76537570696,7.76537570697,7.765375706952,7.765375706952,7.76537570697,7.76537570697,7.76537570697,7.76537570698,7.76537570698,7.76537570649,7.22147806269,7.22147806269,7.22147806269,7.22147806269,7.22147806269,5.59156204909,5.59156204938,5.59156204938,5.59156204997,5.59156204997,5.59156204954,5.59156204954,5.59156205004,5.59156204959,5.59156204959,5.59156204959,5.59156204959,5.591562049501,5.591562049501,5.591562049501,5.59156204949,5.59156204939,5.59156204929,3.07236794929,3.07236794929,1.0097453331,1.0097453331,0,0.832396963754,0.832396963754,0.83239696373,0.83239696373,0.8323969637,1.11683265419,1.11683265419,1.11683265419,2.21327398714,2.21327398716,2.21327398716,2.21327398717,2.21327398707,2.21327398716,2.21327398716,2.21327398716,2.21327398716,2.21327398714,2.21327398714,2.21327398718,2.21327398718,5.13172271359,5.13172271359,5.13172271389,5.13172271389,5.13172271389
"t95",7.765375706444,7.765375706444,7.765375707774,7.765375707774,7.765375707044,7.765375707044,7.765375706634,7.765375706634,7.765375707034,7.765375707014,7.765375707014,7.765375707034,7.765375707034,7.765375707234,7.765375707134,7.765375707034,7.765375707034,7.765375707024,7.765375707024,7.765375707024,7.765375707024,7.765375707134,7.765375707054,7.765375707054,7.765375707034,7.765375706514,7.765375706514,7.765375706534,7.765375706434,7.76537570645,7.76537570645,7.765375706521,7.765375706521,7.765375706834,7.765375706834,7.765375706914,7.765375706914,7.765375706924,7.765375706906,7.765375706906,7.765375706924,7.765375706924,7.765375706924,7.765375706934,7.765375706934,7.765375706444,7.221478062644,7.221478062644,7.221478062644,7.221478062644,7.221478062644,5.591562049044,5.591562049334,5.591562049334,5.591562049924,5.591562049924,5.591562049494,5.591562049494,5.591562049994,5.591562049544,5.591562049544,5.591562049544,5.591562049544,5.591562049455,5.591562049455,5.591562049455,5.591562049444,5.591562049344,5.591562049244,3.072367949244,3.072367949244,1.009745333054,1.009745333054,0.832396963754,0,0.015798399908,0.572768280684,0.572768280684,0.572768280654,1.116832654144,1.116832654144,1.116832654144,2.213273987094,2.213273987114,2.213273987114,2.213273987124,2.213273987024,2.213273987114,2.213273987114,2.213273987114,2.213273987114,2.213273987094,2.213273987094,2.213273987134,2.213273987134,5.131722713544,5.131722713544,5.131722713844,5.131722713844,5.131722713844
"t96",7.765375706444,7.765375706444,7.765375707774,7.765375707774,7.765375707044,7.765375707044,7.765375706634,7.765375706634,7.765375707034,7.765375707014,7.765375707014,7.765375707034,7.765375707034,7.765375707234,7.765375707134,7.765375707034,7.765375707034,7.765375707024,7.765375707024,7.765375707024,7.765375707024,7.765375707134,7.765375707054,7.765375707054,7.765375707034,7.765375706514,7.765375706514,7.765375706534,7.765375706434,7.76537570645,7.76537570645,7.765375706521,7.765375706521,7.765375706834,7.765375706834,7.765375706914,7.765375706914,7.765375706924,7.765375706906,7.765375706906,7.765375706924,7.765375706924,7.765375706924,7.765375706934,7.765375706934,7.765375706444,7.221478062644,7.221478062644,7.221478062644,7.221478062644,7.221478062644,5.591562049044,5.591562049334,5.591562049334,5.591562049924,5.591562049924,5.591562049494,5.591562049494,5.591562049994,5.591562049544,5.591562049544,5.591562049544,5.591562049544,5.591562049455,5.591562049455,5.591562049455,5.591562049444,5.591562049344,5.591562049244,3.072367949244,3.072367949244,1.009745333054,1.009745333054,0.832396963754,0.015798399908,0,0.572768280684,0.572768280684,0.572768280654,1.116832654144,1.116832654144,1.116832654144,2.213273987094,2.213273987114,2.213273987114,2.213273987124,2.213273987024,2.213273987114,2.213273987114,2.213273987114,2.213273987114,2.213273987094,2.213273987094,2.213273987134,2.213273987134,5.131722713544,5.131722713544,5.131722713844,5.131722713844,5.131722713844
"t93",7.76537570642,7.76537570642,7.76537570775,7.76537570775,7.76537570702,7.76537570702,7.76537570661,7.76537570661,7.76537570701,7.76537570699,7.76537570699,7.76537570701,7.76537570701,7.76537570721,7.76537570711,7.76537570701,7.76537570701,7.765375707,7.765375707,7.765375707,7.765375707,7.76537570711,7.76537570703,7.76537570703,7.76537570701,7.76537570649,7.76537570649,7.76537570651,7.76537570641,7.765375706426,7.765375706426,7.765375706497,7.765375706497,7.76537570681,7.76537570681,7.76537570689,7.76537570689,7.7653757069,7.765375706882,7.765375706882,7.7653757069,7.7653757069,7.7653757069,7.76537570691,7.76537570691,7.76537570642,7.22147806262,7.22147806262,7.22147806262,7.22147806262,7.22147806262,5.59156204902,5.59156204931,5.59156204931,5.5915620499,5.5915620499,5.59156204947,5.59156204947,5.59156204997,5.59156204952,5.59156204952,5.59156204952,5.59156204952,5.591562049431,5.591562049431,5.591562049431,5.59156204942,5.59156204932,5.59156204922,3.07236794922,3.07236794922,1.00974533303,1.00974533303,0.83239696373,0.572768280684,0.572768280684,0,0.02661240146,0.27405165503,1.11683265412,1.11683265412,1.11683265412,2.21327398707,2.21327398709,2.21327398709,2.2132739871,2.213273987,2.21327398709,2.21327398709,2.21327398709,2.21327398709,2.21327398707,2.21327398707,2.21327398711,2.21327398711,5.13172271352,5.13172271352,5.13172271382,5.13172271382,5.13172271382
"t94",7.76537570642,7.76537570642,7.76537570775,7.76537570775,7.76537570702,7.76537570702,7.76537570661,7.76537570661,7.76537570701,7.76537570699,7.76537570699,7.76537570701,7.76537570701,7.76537570721,7.76537570711,7.76537570701,7.76537570701,7.765375707,7.765375707,7.765375707,7.765375707,7.76537570711,7.76537570703,7.76537570703,7.76537570701,7.76537570649,7.76537570649,7.76537570651,7.76537570641,7.765375706426,7.765375706426,7.765375706497,7.765375706497,7.76537570681,7.76537570681,7.76537570689,7.76537570689,7.7653757069,7.765375706882,7.765375706882,7.7653757069,7.7653757069,7.7653757069,7.76537570691,7.76537570691,7.76537570642,7.22147806262,7.22147806262,7.22147806262,7.22147806262,7.22147806262,5.59156204902,5.59156204931,5.59156204931,5.5915620499,5.5915620499,5.59156204947,5.59156204947,5.59156204997,5.59156204952,5.59156204952,5.59156204952,5.59156204952,5.591562049431,5.591562049431,5.591562049431,5.59156204942,5.59156204932,5.59156204922,3.07236794922,3.07236794922,1.00974533303,1.00974533303,0.83239696373,0.572768280684,0.572768280684,0.02661240146,0,0.27405165503,1.11683265412,1.11683265412,1.11683265412,2.21327398707,2.21327398709,2.21327398709,2.2132739871,2.213273987,2.21327398709,2.21327398709,2.21327398709,2.21327398709,2.21327398707,2.21327398707,2.21327398711,2.21327398711,5.13172271352,5.13172271352,5.13172271382,5.13172271382,5.13172271382
"t74",7.76537570639,7.76537570639,7.76537570772,7.76537570772,7.76537570699,7.76537570699,7.76537570658,7.76537570658,7.76537570698,7.76537570696,7.76537570696,7.76537570698,7.76537570698,7.76537570718,7.76537570708,7.76537570698,7.76537570698,7.76537570697,7.76537570697,7.76537570697,7.76537570697,7.76537570708,7.765375707,7.765375707,7.76537570698,7.76537570646,7.76537570646,7.76537570648,7.76537570638,7.765375706396,7.765375706396,7.765375706467,7.765375706467,7.76537570678,7.76537570678,7.76537570686,7.76537570686,7.76537570687,7.765375706852,7.765375706852,7.76537570687,7.76537570687,7.76537570687,7.76537570688,7.76537570688,7.76537570639,7.22147806259,7.22147806259,7.22147806259,7.22147806259,7.22147806259,5.59156204899,5.59156204928,5.59156204928,5.59156204987,5.59156204987,5.59156204944,5.59156204944,5.59156204994,5.59156204949,5.59156204949,5.59156204949,5.59156204949,5.591562049401,5.591562049401,5.591562049401,5.59156204939,5.59156204929,5.59156204919,3.07236794919,3.07236794919,1.009745333,1.009745333,0.8323969637,0.572768280654,0.572768280654,0.27405165503,0.27405165503,0,1.11683265409,1.11683265409,1.11683265409,2.21327398704,2.21327398706,2.21327398706,2.21327398707,2.21327398697,2.21327398706,2.21327398706,2.21327398706,2.21327398706,2.21327398704,2.21327398704,2.21327398708,2.21327398708,5.13172271349,5.13172271349,5.13172271379,5.13172271379,5.13172271379
"t52",7.7653757065,7.7653757065,7.76537570783,7.76537570783,7.7653757071,7.7653757071,7.76537570669,7.76537570669,7.76537570709,7.76537570707,7.76537570707,7.76537570709,7.76537570709,7.76537570729,7.76537570719,7.76537570709,7.76537570709,7.76537570708,7.76537570708,7.76537570708,7.76537570708,7.76537570719,7.76537570711,7.76537570711,7.76537570709,7.76537570657,7.76537570657,7.76537570659,7.76537570649,7.765375706506,7.765375706506,7.765375706577,7.765375706577,7.76537570689,7.76537570689,7.76537570697,7.76537570697,7.76537570698,7.765375706962,7.765375706962,7.76537570698,7.76537570698,7.76537570698,7.76537570699,7.76537570699,7.7653757065,7.2214780627,7.2214780627,7.2214780627,7.2214780627,7.2214780627,5.5915620491,5.59156204939,5.59156204939,5.59156204998,5.59156204998,5.59156204955,5.59156204955,5.59156205005,5.5915620496,5.5915620496,5.5915620496,5.5915620496,5.591562049511,5.591562049511,5.591562049511,5.5915620495,5.5915620494,5.5915620493,3.0723679493,3.0723679493,1.11683265419,1.11683265419,1.11683265419,1.116832654144,1.116832654144,1.11683265412,1.11683265412,1.11683265409,0,0.5917058344,0.827922975,2.21327398715,2.21327398717,2.21327398717,2.21327398718,2.21327398708,2.21327398717,2.21327398717,2.21327398717,2.21327398717,2.21327398715,2.21327398715,2.21327398719,2.21327398719,5.1317227136,5.1317227136,5.1317227139,5.1317227139,5.1317227139
"t53",7.7653757065,7.7653757065,7.76537570783,7.76537570783,7.7653757071,7.7653757071,7.76537570669,7.76537570669,7.76537570709,7.76537570707,7.76537570707,7.76537570709,7.76537570709,7.76537570729,7.76537570719,7.76537570709,7.76537570709,7.76537570708,7.76537570708,7.76537570708,7.76537570708,7.76537570719,7.76537570711,7.76537570711,7.76537570709,7.76537570657,7.76537570657,7.76537570659,7.76537570649,7.765375706506,7.765375706506,7.765375706577,7.765375706577,7.76537570689,7.76537570689,7.76537570697,7.76537570697,7.76537570698,7.765375706962,7.765375706962,7.76537570698,7.76537570698,7.76537570698,7.76537570699,7.76537570699,7.7653757065,7.2214780627,7.2214780627,7.2214780627,7.2214780627,7.2214780627,5.5915620491,5.59156204939,5.59156204939,5.59156204998,5.59156204998,5.59156204955,5.59156204955,5.59156205005,5.5915620496,5.5915620496,5.5915620496,5.5915620496,5.591562049511,5.591562049511,5.591562049511,5.5915620495,5.5915620494,5.5915620493,3.0723679493,3.0723679493,1.11683265419,1.11683265419,1.11683265419,1.116832654144,1.116832654144,1.11683265412,1.11683265412,1.11683265409,0.5917058344,0,0.827922975,2.21327398715,2.21327398717,2.21327398717,2.21327398718,2.21327398708,2.21327398717,2.21327398717,2.21327398717,2.21327398717,2.21327398715,2.21327398715,2.21327398719,2.21327398719,5.1317227136,5.1317227136,5.1317227139,5.1317227139,5.1317227139
"t44",7.7653757065,7.7653757065,7.76537570783,7.76537570783,7.7653757071,7.7653757071,7.76537570669,7.76537570669,7.76537570709,7.76537570707,7.76537570707,7.76537570709,7.76537570709,7.76537570729,7.76537570719,7.76537570709,7.76537570709,7.76537570708,7.76537570708,7.76537570708,7.76537570708,7.76537570719,7.76537570711,7.76537570711,7.76537570709,7.76537570657,7.76537570657,7.76537570659,7.76537570649,7.765375706506,7.765375706506,7.765375706577,7.765375706577,7.76537570689,7.76537570689,7.76537570697,7.76537570697,7.76537570698,7.765375706962,7.765375706962,7.76537570698,7.76537570698,7.76537570698,7.76537570699,7.76537570699,7.7653757065,7.2214780627,7.2214780627,7.2214780627,7.2214780627,7.2214780627,5.5915620491,5.59156204939,5.59156204939,5.59156204998,5.59156204998,5.59156204955,5.59156204955,5.59156205005,5.5915620496,5.5915620496,5.5915620496,5.5915620496,5.591562049511,5.591562049511,5.591562049511,5.5915620495,5.5915620494,5.5915620493,3.0723679493,3.0723679493,1.11683265419,1.11683265419,1.11683265419,1.116832654144,1.116832654144,1.11683265412,1.11683265412,1.11683265409,0.827922975,0.827922975,0,2.21327398715,2.21327398717,2.21327398717,2.21327398718,2.21327398708,2.21327398717,2.21327398717,2.21327398717,2.21327398717,2.21327398715,2.21327398715,2.21327398719,2.21327398719,5.1317227136,5.1317227136,5.1317227139,5.1317227139,5.1317227139
"t26",7.76537570645,7.76537570645,7.76537570778,7.76537570778,7.76537570705,7.76537570705,7.76537570664,7.76537570664,7.76537570704,7.76537570702,7.76537570702,7.76537570704,7.76537570704,7.76537570724,7.76537570714,7.76537570704,7.76537570704,7.76537570703,7.76537570703,7.76537570703,7.76537570703,7.76537570714,7.76537570706,7.76537570706,7.76537570704,7.76537570652,7.76537570652,7.76537570654,7.76537570644,7.765375706456,7.765375706456,7.765375706527,7.765375706527,7.76537570684,7.76537570684,7.76537570692,7.76537570692,7.76537570693,7.765375706912,7.765375706912,7.76537570693,7.76537570693,7.76537570693,7.76537570694,7.76537570694,7.76537570645,7.22147806265,7.22147806265,7.22147806265,7.22147806265,7.22147806265,5.59156204905,5.59156204934,5.59156204934,5.59156204993,5.59156204993,5.5915620495,5.5915620495,5.59156205,5.59156204955,5.59156204955,5.59156204955,5.59156204955,5.591562049461,5.591562049461,5.591562049461,5.59156204945,5.59156204935,5.59156204925,3.07236794925,3.07236794925,2.21327398714,2.21327398714,2.21327398714,2.213273987094,2.213273987094,2.21327398707,2.21327398707,2.21327398704,2.21327398715,2.21327398715,2.21327398715,0,1.56831152882,1.56831152882,1.56831152883,1.56831152873,1.56831152882,1.56831152882,1.56831152882,1.56831152882,2.1699976116,2.1699976116,2.16999761164,2.16999761164,5.13172271355,5.13172271355,5.13172271385,5.13172271385,5.13172271385
"t85",7.76537570647,7.76537570647,7.7653757078,7.7653757078,7.76537570707,7.76537570707,7.76537570666,7.76537570666,7.76537570706,7.76537570704,7.76537570704,7.76537570706,7.76537570706,7.76537570726,7.76537570716,7.76537570706,7.76537570706,7.76537570705,7.76537570705,7.76537570705,7.76537570705,7.76537570716,7.76537570708,7.76537570708,7.76537570706,7.76537570654,7.76537570654,7.76537570656,7.76537570646,7.765375706476,7.765375706476,7.765375706547,7.765375706547,7.76537570686,7.76537570686,7.76537570694,7.76537570694,7.76537570695,7.765375706932,7.765375706932,7.76537570695,7.76537570695,7.76537570695,7.76537570696,7.76537570696,7.76537570647,7.22147806267,7.22147806267,7.22147806267,7.22147806267,7.22147806267,5.59156204907,5.59156204936,5.59156204936,5.59156204995,5.59156204995,5.59156204952,5.59156204952,5.59156205002,5.59156204957,5.59156204957,5.59156204957,5.59156204957,5.591562049481,5.591562049481,5.591562049481,5.59156204947,5.59156204937,5.59156204927,3.07236794927,3.07236794927,2.21327398716,2.21327398716,2.21327398716,2.213273987114,2.213273987114,2.21327398709,2.21327398709,2.21327398706,2.21327398717,2.21327398717,2.21327398717,1.56831152882,0,0.07811956678,0.94611269819,1.19100253489,1.40644189778,1.40644189778,1.40644189778,1.40644189778,2.16999761162,2.16999761162,2.16999761166,2.16999761166,5.13172271357,5.13172271357,5.13172271387,5.13172271387,5.13172271387
"t86",7.76537570647,7.76537570647,7.7653757078,7.7653757078,7.76537570707,7.76537570707,7.76537570666,7.76537570666,7.76537570706,7.76537570704,7.76537570704,7.76537570706,7.76537570706,7.76537570726,7.76537570716,7.76537570706,7.76537570706,7.76537570705,7.76537570705,7.76537570705,7.76537570705,7.76537570716,7.76537570708,7.76537570708,7.76537570706,7.76537570654,7.76537570654,7.76537570656,7.76537570646,7.765375706476,7.765375706476,7.765375706547,7.765375706547,7.76537570686,7.76537570686,7.76537570694,7.76537570694,7.76537570695,7.765375706932,7.765375706932,7.76537570695,7.76537570695,7.76537570695,7.76537570696,7.76537570696,7.76537570647,7.22147806267,7.22147806267,7.22147806267,7.22147806267,7.22147806267,5.59156204907,5.59156204936,5.59156204936,5.59156204995,5.59156204995,5.59156204952,5.59156204952,5.59156205002,5.59156204957,5.59156204957,5.59156204957,5.59156204957,5.591562049481,5.591562049481,5.591562049481,5.59156204947,5.59156204937,5.59156204927,3.07236794927,3.07236794927,2.21327398716,2.21327398716,2.21327398716,2.213273987114,2.213273987114,2.21327398709,2.21327398709,2.21327398706,2.21327398717,2.21327398717,2.21327398717,1.56831152882,0.07811956678,0,0.94611269819,1.19100253489,1.40644189778,1.40644189778,1.40644189778,1.40644189778,2.16999761162,2.16999761162,2.16999761166,2.16999761166,5.13172271357,5.13172271357,5.13172271387,5.13172271387,5.13172271387
"t39",7.76537570648,7.76537570648,7.76537570781,7.76537570781,7.76537570708,7.76537570708,7.76537570667,7.76537570667,7.76537570707,7.76537570705,7.76537570705,7.76537570707,7.76537570707,7.76537570727,7.76537570717,7.76537570707,7.76537570707,7.76537570706,7.76537570706,7.76537570706,7.76537570706,7.76537570717,7.76537570709,7.76537570709,7.76537570707,7.76537570655,7.76537570655,7.76537570657,7.76537570647,7.765375706486,7.765375706486,7.765375706557,7.765375706557,7.76537570687,7.76537570687,7.76537570695,7.76537570695,7.76537570696,7.765375706942,7.765375706942,7.76537570696,7.76537570696,7.76537570696,7.76537570697,7.76537570697,7.76537570648,7.22147806268,7.22147806268,7.22147806268,7.22147806268,7.22147806268,5.59156204908,5.59156204937,5.59156204937,5.59156204996,5.59156204996,5.59156204953,5.59156204953,5.59156205003,5.59156204958,5.59156204958,5.59156204958,5.59156204958,5.591562049491,5.591562049491,5.591562049491,5.59156204948,5.59156204938,5.59156204928,3.07236794928,3.07236794928,2.21327398717,2.21327398717,2.21327398717,2.213273987124,2.213273987124,2.2132739871,2.2132739871,2.21327398707,2.21327398718,2.21327398718,2.21327398718,1.56831152883,0.94611269819,0.94611269819,0,1.1910025349,1.40644189779,1.40644189779,1.40644189779,1.40644189779,2.16999761163,2.16999761163,2.16999761167,2.16999761167,5.13172271358,5.13172271358,5.13172271388,5.13172271388,5.13172271388
"t30",7.76537570638,7.76537570638,7.76537570771,7.76537570771,7.76537570698,7.76537570698,7.76537570657,7.76537570657,7.76537570697,7.76537570695,7.76537570695,7.76537570697,7.76537570697,7.76537570717,7.76537570707,7.76537570697,7.76537570697,7.76537570696,7.76537570696,7.76537570696,7.76537570696,7.76537570707,7.76537570699,7.76537570699,7.76537570697,7.76537570645,7.76537570645,7.76537570647,7.76537570637,7.765375706386,7.765375706386,7.765375706457,7.765375706457,7.76537570677,7.76537570677,7.76537570685,7.76537570685,7.76537570686,7.765375706842,7.765375706842,7.76537570686,7.76537570686,7.76537570686,7.76537570687,7.76537570687,7.76537570638,7.22147806258,7.22147806258,7.22147806258,7.22147806258,7.22147806258,5.59156204898,5.59156204927,5.59156204927,5.59156204986,5.59156204986,5.59156204943,5.59156204943,5.59156204993,5.59156204948,5.59156204948,5.59156204948,5.59156204948,5.591562049391,5.591562049391,5.591562049391,5.59156204938,5.59156204928,5.59156204918,3.07236794918,3.07236794918,2.21327398707,2.21327398707,2.21327398707,2.213273987024,2.213273987024,2.213273987,2.213273987,2.21327398697,2.21327398708,2.21327398708,2.21327398708,1.56831152873,1.19100253489,1.19100253489,1.1910025349,0,1.40644189769,1.40644189769,1.40644189769,1.40644189769,2.16999761153,2.16999761153,2.16999761157,2.16999761157,5.13172271348,5.13172271348,5.13172271378,5.13172271378,5.13172271378
"t41",7.76537570647,7.76537570647,7.7653757078,7.7653757078,7.76537570707,7.76537570707,7.76537570666,7.76537570666,7.76537570706,7.76537570704,7.76537570704,7.76537570706,7.76537570706,7.76537570726,7.76537570716,7.76537570706,7.76537570706,7.76537570705,7.76537570705,7.76537570705,7.76537570705,7.76537570716,7.76537570708,7.76537570708,7.76537570706,7.76537570654,7.76537570654,7.76537570656,7.76537570646,7.765375706476,7.765375706476,7.765375706547,7.765375706547,7.76537570686,7.76537570686,7.76537570694,7.76537570694,7.76537570695,7.765375706932,7.765375706932,7.76537570695,7.76537570695,7.76537570695,7.76537570696,7.76537570696,7.76537570647,7.22147806267,7.22147806267,7.22147806267,7.22147806267,7.22147806267,5.59156204907,5.59156204936,5.59156204936,5.59156204995,5.59156204995,5.59156204952,5.59156204952,5.59156205002,5.59156204957,5.59156204957,5.59156204957,5.59156204957,5.591562049481,5.591562049481,5.591562049481,5.59156204947,5.59156204937,5.59156204927,3.07236794927,3.07236794927,2.21327398716,2.21327398716,2.21327398716,2.213273987114,2.213273987114,2.21327398709,2.21327398709,2.21327398706,2.21327398717,2.21327398717,2.21327398717,1.56831152882,1.40644189778,1.40644189778,1.40644189779,1.40644189769,0,0.9084397506,1.260455934,1.260455934,2.16999761162,2.16999761162,2.16999761166,2.16999761166,5.13172271357,5.13172271357,5.13172271387,5.13172271387,5.13172271387
"t42",7.76537570647,7.76537570647,7.7653757078,7.7653757078,7.76537570707,7.76537570707,7.76537570666,7.76537570666,7.76537570706,7.76537570704,7.76537570704,7.76537570706,7.76537570706,7.76537570726,7.76537570716,7.76537570706,7.76537570706,7.76537570705,7.76537570705,7.76537570705,7.76537570705,7.76537570716,7.76537570708,7.76537570708,7.76537570706,7.76537570654,7.76537570654,7.76537570656,7.76537570646,7.765375706476,7.765375706476,7.765375706547,7.765375706547,7.76537570686,7.76537570686,7.76537570694,7.76537570694,7.76537570695,7.765375706932,7.765375706932,7.76537570695,7.76537570695,7.76537570695,7.76537570696,7.76537570696,7.76537570647,7.22147806267,7.22147806267,7.22147806267,7.22147806267,7.22147806267,5.59156204907,5.59156204936,5.59156204936,5.59156204995,5.59156204995,5.59156204952,5.59156204952,5.59156205002,5.59156204957,5.59156204957,5.59156204957,5.59156204957,5.591562049481,5.591562049481,5.591562049481,5.59156204947,5.59156204937,5.59156204927,3.07236794927,3.07236794927,2.21327398716,2.21327398716,2.21327398716,2.213273987114,2.213273987114,2.21327398709,2.21327398709,2.21327398706,2.21327398717,2.21327398717,2.21327398717,1.56831152882,1.40644189778,1.40644189778,1.40644189779,1.40644189769,0.9084397506,0,1.260455934,1.260455934,2.16999761162,2.16999761162,2.16999761166,2.16999761166,5.13172271357,5.13172271357,5.13172271387,5.13172271387,5.13172271387
"t75",7.76537570647,7.76537570647,7.7653757078,7.7653757078,7.76537570707,7.76537570707,7.76537570666,7.76537570666,7.76537570706,7.76537570704,7.76537570704,7.76537570706,7.76537570706,7.76537570726,7.76537570716,7.76537570706,7.76537570706,7.76537570705,7.76537570705,7.76537570705,7.76537570705,7.76537570716,7.76537570708,7.76537570708,7.76537570706,7.76537570654,7.76537570654,7.76537570656,7.76537570646,7.765375706476,7.765375706476,7.765375706547,7.765375706547,7.76537570686,7.76537570686,7.76537570694,7.76537570694,7.76537570695,7.765375706932,7.765375706932,7.76537570695,7.76537570695,7.76537570695,7.76537570696,7.76537570696,7.76537570647,7.22147806267,7.22147806267,7.22147806267,7.22147806267,7.22147806267,5.59156204907,5.59156204936,5.59156204936,5.59156204995,5.59156204995,5.59156204952,5.59156204952,5.59156205002,5.59156204957,5.59156204957,5.59156204957,5.59156204957,5.591562049481,5.591562049481,5.591562049481,5.59156204947,5.59156204937,5.59156204927,3.07236794927,3.07236794927,2.21327398716,2.21327398716,2.21327398716,2.213273987114,2.213273987114,2.21327398709,2.21327398709,2.21327398706,2.21327398717,2.21327398717,2.21327398717,1.56831152882,1.40644189778,1.40644189778,1.40644189779,1.40644189769,1.260455934,1.260455934,0,0.26005268,2.16999761162,2.16999761162,2.16999761166,2.16999761166,5.13172271357,5.13172271357,5.13172271387,5.13172271387,5.13172271387
"t76",7.76537570647,7.76537570647,7.7653757078,7.7653757078,7.76537570707,7.76537570707,7.76537570666,7.76537570666,7.76537570706,7.76537570704,7.76537570704,7.76537570706,7.76537570706,7.76537570726,7.76537570716,7.76537570706,7.76537570706,7.76537570705,7.76537570705,7.76537570705,7.76537570705,7.76537570716,7.76537570708,7.76537570708,7.76537570706,7.76537570654,7.76537570654,7.76537570656,7.76537570646,7.765375706476,7.765375706476,7.765375706547,7.765375706547,7.76537570686,7.76537570686,7.76537570694,7.76537570694,7.76537570695,7.765375706932,7.765375706932,7.76537570695,7.76537570695,7.76537570695,7.76537570696,7.76537570696,7.76537570647,7.22147806267,7.22147806267,7.22147806267,7.22147806267,7.22147806267,5.59156204907,5.59156204936,5.59156204936,5.59156204995,5.59156204995,5.59156204952,5.59156204952,5.59156205002,5.59156204957,5.59156204957,5.59156204957,5.59156204957,5.591562049481,5.591562049481,5.591562049481,5.59156204947,5.59156204937,5.59156204927,3.07236794927,3.07236794927,2.21327398716,2.21327398716,2.21327398716,2.213273987114,2.213273987114,2.21327398709,2.21327398709,2.21327398706,2.21327398717,2.21327398717,2.21327398717,1.56831152882,1.40644189778,1.40644189778,1.40644189779,1.40644189769,1.260455934,1.260455934,0.26005268,0,2.16999761162,2.16999761162,2.16999761166,2.16999761166,5.13172271357,5.13172271357,5.13172271387,5.13172271387,5.13172271387
"t61",7.76537570645,7.76537570645,7.76537570778,7.76537570778,7.76537570705,7.76537570705,7.76537570664,7.76537570664,7.76537570704,7.76537570702,7.76537570702,7.76537570704,7.76537570704,7.76537570724,7.76537570714,7.76537570704,7.76537570704,7.76537570703,7.76537570703,7.76537570703,7.76537570703,7.76537570714,7.76537570706,7.76537570706,7.76537570704,7.76537570652,7.76537570652,7.76537570654,7.76537570644,7.765375706456,7.765375706456,7.765375706527,7.765375706527,7.76537570684,7.76537570684,7.76537570692,7.76537570692,7.76537570693,7.765375706912,7.765375706912,7.76537570693,7.76537570693,7.76537570693,7.76537570694,7.76537570694,7.76537570645,7.22147806265,7.22147806265,7.22147806265,7.22147806265,7.22147806265,5.59156204905,5.59156204934,5.59156204934,5.59156204993,5.59156204993,5.5915620495,5.5915620495,5.59156205,5.59156204955,5.59156204955,5.59156204955,5.59156204955,5.591562049461,5.591562049461,5.591562049461,5.59156204945,5.59156204935,5.59156204925,3.07236794925,3.07236794925,2.21327398714,2.21327398714,2.21327398714,2.213273987094,2.213273987094,2.21327398707,2.21327398707,2.21327398704,2.21327398715,2.21327398715,2.21327398715,2.1699976116,2.16999761162,2.16999761162,2.16999761163,2.16999761153,2.16999761162,2.16999761162,2.16999761162,2.16999761162,0,0.3971811198,0.87533388784,0.87533388784,5.13172271355,5.13172271355,5.13172271385,5.13172271385,5.13172271385
"t62",7.76537570645,7.76537570645,7.76537570778,7.76537570778,7.76537570705,7.76537570705,7.76537570664,7.76537570664,7.76537570704,7.76537570702,7.76537570702,7.76537570704,7.76537570704,7.76537570724,7.76537570714,7.76537570704,7.76537570704,7.76537570703,7.76537570703,7.76537570703,7.76537570703,7.76537570714,7.76537570706,7.76537570706,7.76537570704,7.76537570652,7.76537570652,7.76537570654,7.76537570644,7.765375706456,7.765375706456,7.765375706527,7.765375706527,7.76537570684,7.76537570684,7.76537570692,7.76537570692,7.76537570693,7.765375706912,7.765375706912,7.76537570693,7.76537570693,7.76537570693,7.76537570694,7.76537570694,7.76537570645,7.22147806265,7.22147806265,7.22147806265,7.22147806265,7.22147806265,5.59156204905,5.59156204934,5.59156204934,5.59156204993,5.59156204993,5.5915620495,5.5915620495,5.59156205,5.59156204955,5.59156204955,5.59156204955,5.59156204955,5.591562049461,5.591562049461,5.591562049461,5.59156204945,5.59156204935,5.59156204925,3.07236794925,3.07236794925,2.21327398714,2.21327398714,2.21327398714,2.213273987094,2.213273987094,2.21327398707,2.21327398707,2.21327398704,2.21327398715,2.21327398715,2.21327398715,2.1699976116,2.16999761162,2.16999761162,2.16999761163,2.16999761153,2.16999761162,2.16999761162,2.16999761162,2.16999761162,0.3971811198,0,0.87533388784,0.87533388784,5.13172271355,5.13172271355,5.13172271385,5.13172271385,5.13172271385
"t47",7.76537570649,7.76537570649,7.76537570782,7.76537570782,7.76537570709,7.76537570709,7.76537570668,7.76537570668,7.76537570708,7.76537570706,7.76537570706,7.76537570708,7.76537570708,7.76537570728,7.76537570718,7.76537570708,7.76537570708,7.76537570707,7.76537570707,7.76537570707,7.76537570707,7.76537570718,7.7653757071,7.7653757071,7.76537570708,7.76537570656,7.76537570656,7.76537570658,7.76537570648,7.765375706496,7.765375706496,7.765375706567,7.765375706567,7.76537570688,7.76537570688,7.76537570696,7.76537570696,7.76537570697,7.765375706952,7.765375706952,7.76537570697,7.76537570697,7.76537570697,7.76537570698,7.76537570698,7.76537570649,7.22147806269,7.22147806269,7.22147806269,7.22147806269,7.22147806269,5.59156204909,5.59156204938,5.59156204938,5.59156204997,5.59156204997,5.59156204954,5.59156204954,5.59156205004,5.59156204959,5.59156204959,5.59156204959,5.59156204959,5.591562049501,5.591562049501,5.591562049501,5.59156204949,5.59156204939,5.59156204929,3.07236794929,3.07236794929,2.21327398718,2.21327398718,2.21327398718,2.213273987134,2.213273987134,2.21327398711,2.21327398711,2.21327398708,2.21327398719,2.21327398719,2.21327398719,2.16999761164,2.16999761166,2.16999761166,2.16999761167,2.16999761157,2.16999761166,2.16999761166,2.16999761166,2.16999761166,0.87533388784,0.87533388784,0,0.7855640076,5.13172271359,5.13172271359,5.13172271389,5.13172271389,5.13172271389
"t48",7.76537570649,7.76537570649,7.76537570782,7.76537570782,7.76537570709,7.76537570709,7.76537570668,7.76537570668,7.76537570708,7.76537570706,7.76537570706,7.76537570708,7.76537570708,7.76537570728,7.76537570718,7.76537570708,7.76537570708,7.76537570707,7.76537570707,7.76537570707,7.76537570707,7.76537570718,7.7653757071,7.7653757071,7.76537570708,7.76537570656,7.76537570656,7.76537570658,7.76537570648,7.765375706496,7.765375706496,7.765375706567,7.765375706567,7.76537570688,7.76537570688,7.76537570696,7.76537570696,7.76537570697,7.765375706952,7.765375706952,7.76537570697,7.76537570697,7.76537570697,7.76537570698,7.76537570698,7.76537570649,7.22147806269,7.22147806269,7.22147806269,7.22147806269,7.22147806269,5.59156204909,5.59156204938,5.59156204938,5.59156204997,5.59156204997,5.59156204954,5.59156204954,5.59156205004,5.59156204959,5.59156204959,5.59156204959,5.59156204959,5.591562049501,5.591562049501,5.591562049501,5.59156204949,5.59156204939,5.59156204929,3.07236794929,3.07236794929,2.21327398718,2.21327398718,2.21327398718,2.213273987134,2.213273987134,2.21327398711,2.21327398711,2.21327398708,2.21327398719,2.21327398719,2.21327398719,2.16999761164,2.16999761166,2.16999761166,2.16999761167,2.16999761157,2.16999761166,2.16999761166,2.16999761166,2.16999761166,0.87533388784,0.87533388784,0.7855640076,0,5.13172271359,5.13172271359,5.13172271389,5.13172271389,5.13172271389
"t8",7.7653757063,7.7653757063,7.76537570763,7.76537570763,7.7653757069,7.7653757069,7.76537570649,7.76537570649,7.76537570689,7.76537570687,7.76537570687,7.76537570689,7.76537570689,7.76537570709,7.76537570699,7.76537570689,7.76537570689,7.76537570688,7.76537570688,7.76537570688,7.76537570688,7.76537570699,7.76537570691,7.76537570691,7.76537570689,7.76537570637,7.76537570637,7.76537570639,7.76537570629,7.765375706306,7.765375706306,7.765375706377,7.765375706377,7.76537570669,7.76537570669,7.76537570677,7.76537570677,7.76537570678,7.765375706762,7.765375706762,7.76537570678,7.76537570678,7.76537570678,7.76537570679,7.76537570679,7.7653757063,7.2214780625,7.2214780625,7.2214780625,7.2214780625,7.2214780625,5.5915620489,5.59156204919,5.59156204919,5.59156204978,5.59156204978,5.59156204935,5.59156204935,5.59156204985,5.5915620494,5.5915620494,5.5915620494,5.5915620494,5.591562049311,5.591562049311,5.591562049311,5.5915620493,5.5915620492,5.5915620491,5.1317227131,5.1317227131,5.13172271359,5.13172271359,5.13172271359,5.131722713544,5.131722713544,5.13172271352,5.13172271352,5.13172271349,5.1317227136,5.1317227136,5.1317227136,5.13172271355,5.13172271357,5.13172271357,5.13172271358,5.13172271348,5.13172271357,5.13172271357,5.13172271357,5.13172271357,5.13172271355,5.13172271355,5.13172271359,5.13172271359,0,2.442163286,2.8999064117,2.9948944537,2.9948944537
"t9",7.7653757063,7.7653757063,7.76537570763,7.76537570763,7.7653757069,7.7653757069,7.76537570649,7.76537570649,7.76537570689,7.76537570687,7.76537570687,7.76537570689,7.76537570689,7.76537570709,7.76537570699,7.76537570689,7.76537570689,7.76537570688,7.76537570688,7.76537570688,7.76537570688,7.76537570699,7.76537570691,7.76537570691,7.76537570689,7.76537570637,7.76537570637,7.76537570639,7.76537570629,7.765375706306,7.765375706306,7.765375706377,7.765375706377,7.76537570669,7.76537570669,7.76537570677,7.76537570677,7.76537570678,7.765375706762,7.765375706762,7.76537570678,7.76537570678,7.76537570678,7.76537570679,7.76537570679,7.7653757063,7.2214780625,7.2214780625,7.2214780625,7.2214780625,7.2214780625,5.5915620489,5.59156204919,5.59156204919,5.59156204978,5.59156204978,5.59156204935,5.59156204935,5.59156204985,5.5915620494,5.5915620494,5.5915620494,5.5915620494,5.591562049311,5.591562049311,5.591562049311,5.5915620493,5.5915620492,5.5915620491,5.1317227131,5.1317227131,5.13172271359,5.13172271359,5.13172271359,5.131722713544,5.131722713544,5.13172271352,5.13172271352,5.13172271349,5.1317227136,5.1317227136,5.1317227136,5.13172271355,5.13172271357,5.13172271357,5.13172271358,5.13172271348,5.13172271357,5.13172271357,5.13172271357,5.13172271357,5.13172271355,5.13172271355,5.13172271359,5.13172271359,2.442163286,0,2.8999064117,2.9948944537,2.9948944537
"t7",7.7653757066,7.7653757066,7.76537570793,7.76537570793,7.7653757072,7.7653757072,7.76537570679,7.76537570679,7.76537570719,7.76537570717,7.76537570717,7.76537570719,7.76537570719,7.76537570739,7.76537570729,7.76537570719,7.76537570719,7.76537570718,7.76537570718,7.76537570718,7.76537570718,7.76537570729,7.76537570721,7.76537570721,7.76537570719,7.76537570667,7.76537570667,7.76537570669,7.76537570659,7.765375706606,7.765375706606,7.765375706677,7.765375706677,7.76537570699,7.76537570699,7.76537570707,7.76537570707,7.76537570708,7.765375707062,7.765375707062,7.76537570708,7.76537570708,7.76537570708,7.76537570709,7.76537570709,7.7653757066,7.2214780628,7.2214780628,7.2214780628,7.2214780628,7.2214780628,5.5915620492,5.59156204949,5.59156204949,5.59156205008,5.59156205008,5.59156204965,5.59156204965,5.59156205015,5.5915620497,5.5915620497,5.5915620497,5.5915620497,5.591562049611,5.591562049611,5.591562049611,5.5915620496,5.5915620495,5.5915620494,5.1317227134,5.1317227134,5.13172271389,5.13172271389,5.13172271389,5.131722713844,5.131722713844,5.13172271382,5.13172271382,5.13172271379,5.1317227139,5.1317227139,5.1317227139,5.13172271385,5.13172271387,5.13172271387,5.13172271388,5.13172271378,5.13172271387,5.13172271387,5.13172271387,5.13172271387,5.13172271385,5.13172271385,5.13172271389,5.13172271389,2.8999064117,2.8999064117,0,2.994894454,2.994894454
"t11",7.7653757066,7.7653757066,7.76537570793,7.76537570793,7.7653757072,7.7653757072,7.76537570679,7.76537570679,7.76537570719,7.76537570717,7.76537570717,7.76537570719,7.76537570719,7.76537570739,7.76537570729,7.76537570719,7.76537570719,7.76537570718,7.76537570718,7.76537570718,7.76537570718,7.76537570729,7.76537570721,7.76537570721,7.76537570719,7.76537570667,7.76537570667,7.76537570669,7.76537570659,7.765375706606,7.765375706606,7.765375706677,7.765375706677,7.76537570699,7.76537570699,7.76537570707,7.76537570707,7.76537570708,7.765375707062,7.765375707062,7.76537570708,7.76537570708,7.76537570708,7.76537570709,7.76537570709,7.7653757066,7.2214780628,7.2214780628,7.2214780628,7.2214780628,7.2214780628,5.5915620492,5.59156204949,5.59156204949,5.59156205008,5.59156205008,5.59156204965,5.59156204965,5.59156205015,5.5915620497,5.5915620497,5.5915620497,5.5915620497,5.591562049611,5.591562049611,5.591562049611,5.5915620496,5.5915620495,5.5915620494,5.1317227134,5.1317227134,5.13172271389,5.13172271389,5.13172271389,5.131722713844,5.131722713844,5.13172271382,5.13172271382,5.13172271379,5.1317227139,5.1317227139,5.1317227139,5.13172271385,5.13172271387,5.13172271387,5.13172271388,5.13172271378,5.13172271387,5.13172271387,5.13172271387,5.13172271387,5.13172271385,5.13172271385,5.13172271389,5.13172271389,2.9948944537,2.9948944537,2.994894454,0,2.320442758
"t12",7.7653757066,7.7653757066,7.76537570793,7.76537570793,7.7653757072,7.7653757072,7.76537570679,7.76537570679,7.76537570719,7.76537570717,7.76537570717,7.76537570719,7.76537570719,7.76537570739,7.76537570729,7.76537570719,7.76537570719,7.76537570718,7.76537570718,7.76537570718,7.76537570718,7.76537570729,7.76537570721,7.76537570721,7.76537570719,7.76537570667,7.76537570667,7.76537570669,7.76537570659,7.765375706606,7.765375706606,7.765375706677,7.765375706677,7.76537570699,7.76537570699,7.76537570707,7.76537570707,7.76537570708,7.765375707062,7.765375707062,7.76537570708,7.76537570708,7.76537570708,7.76537570709,7.76537570709,7.7653757066,7.2214780628,7.2214780628,7.2214780628,7.2214780628,7.2214780628,5.5915620492,5.59156204949,5.59156204949,5.59156205008,5.59156205008,5.59156204965,5.59156204965,5.59156205015,5.5915620497,5.5915620497,5.5915620497,5.5915620497,5.591562049611,5.591562049611,5.591562049611,5.5915620496,5.5915620495,5.5915620494,5.1317227134,5.1317227134,5.13172271389,5.13172271389,5.13172271389,5.131722713844,5.131722713844,5.13172271382,5.13172271382,5.13172271379,5.1317227139,5.1317227139,5.1317227139,5.13172271385,5.13172271387,5.13172271387,5.13172271388,5.13172271378,5.13172271387,5.13172271387,5.13172271387,5.13172271387,5.13172271385,5.13172271385,5.13172271389,5.13172271389,2.9948944537,2.9948944537,2.994894454,2.320442758,0
