accepted_species,estimate
t65,1.1136518070347003
t100,2.340267135821512
t98,-0.6208408207838778
t75,-0.250698045774168
t4,-0.4607569265399801
t73,-0.2791517194678953
t43,-0.5683885812661608
t19,-0.7877003629437148
t12,-1.1122951467845654
t89,-1.0399017604700567
