accepted_species,estimate
t65,1.6801973054967851
t100,1.7498140966664157
t98,-0.8456861569477973
t75,-0.5592094329203411
t4,-0.4816139458539373
t73,-0.4240830807817357
t43,-0.3858120676518107
t19,-0.45395003146478313
t12,-0.9394355555296233
t89,-1.01083736369804
