accepted_species,0,1
t9,0.5553268208206037,0.44467317917939625
t25,0.559828842055498,0.440171157944502
t45,0.4726838978830854,0.5273161021169146
t26,0.5921228715145017,0.40787712848549834
t4,0.5829335701165455,0.4170664298834546
t1,0.6016549050146756,0.3983450949853245
t75,0.6629799365151658,0.33702006348483415
t54,0.6120834081620894,0.3879165918379106
t29,0.6226467438876264,0.3773532561123736
t52,0.48801678552103234,0.5119832144789677
