accepted_species,0,1
t9,0.5648001,0.43519992
t25,0.6316934,0.36830658
t45,0.39137822,0.6086218
t26,0.6463866,0.3536134
t4,0.66130936,0.33869067
t1,0.5917785,0.40822145
t75,0.6291437,0.3708563
t54,0.6255313,0.3744687
t29,0.6195328,0.3804672
t52,0.5705565,0.4294435
