accepted_species,0,1
t77,0.49231577568766693,0.5076842243123331
t31,0.4920988238718117,0.5079011761281883
t69,0.4916169444213139,0.5083830555786861
t70,0.4915770909567735,0.5084229090432265
t28,0.49236063389652174,0.5076393661034783
t29,0.49234560477370637,0.5076543952262936
t8,0.493175135336682,0.506824864663318
t99,0.4935511367309783,0.5064488632690217
t46,0.4935999093300071,0.5064000906699929
t32,0.49338398026042296,0.506616019739577
