accepted_species,0,1
t77,0.48345375,0.51654625
t31,0.48345375,0.51654625
t69,0.48345375,0.51654625
t70,0.48345375,0.51654625
t28,0.48345375,0.51654625
t29,0.48345375,0.51654625
t8,0.4106642,0.5893358
t99,0.4106642,0.5893358
t46,0.4106642,0.5893358
t32,0.4106642,0.5893358
