accepted_species,0,1
t77,0.93608934,0.063910656
t31,0.7620773,0.23792274
t69,0.07752514,0.92247486
t70,0.93608934,0.063910656
t28,0.78991556,0.21008441
t29,0.8235123,0.17648768
t8,0.31854033,0.68145967
t99,0.71409094,0.28590903
t46,0.71409094,0.28590903
t32,0.24077767,0.7592223
