accepted_species,estimate
Crucianella_gilanica,-0.050260900798967625
Galium_album,-0.32171895607444023
Galium_binifolium,-0.2991015088827971
Galium_concinnum,-0.13218631640031697
Galium_labradoricum,-0.26346279837157915
Galium_mexicanum,-0.3324045930985713
Galium_saxatile,-0.41532605674201184
Galium_spurium,-0.23409284294609134
Galium_trifidum,-0.5842991983718582
Sherardia_arvensis,0.0018427522007967573
