accepted_species,0
Alstonia_muelleriana,-0.3965283347184297
Alstonia_scholaris,-0.3965283347184297
Blepharidium_guatemalense,0.07842670231035857
Galium_binifolium,0.07842670231035857
Guettarda_odorata,0.07842670231035857
Hintonia_latiflora,0.07842670231035857
Psychotria_horizontalis,0.07842670231035857
Sherardia_arvensis,0.07842670231035857
Vinca_major,-0.364317886347613
Vincetoxicum_hirundinaria,0.07842670231035857
