"accepted_species","estimate"
"t5",0.0295953677030114
"t73",0.203880638901215
"t33",0.0998710470657344
"t36",0.369425347178495
"t8",0.307597562830762
"t3",0.277081598764036
"t38",0.343261139732687
"t62",-0.00861307793676574
"t49",-0.0175431095355915
"t81",0.604228162042603
