accepted_species,estimate
Alstonia_angustiloba,0.004352154879966062
Alstonia_muelleriana,0.017786449407024972
Alstonia_spectabilis,0.01111136264410769
Calotropis_procera,-0.0008394708882711113
Centaurium_erythraea,-0.6125558012425825
Cynanchum_acutum,0.15378002161877055
Gentianella_germanica,-0.4118463527331829
Gentianella_parviflora,-0.34035631396284055
Hoya_australis,0.1099360575554926
Plumeria_rubra,0.7389904040240727
