accepted_species,0
Alstonia_angustiloba,-0.317295100965836
Alstonia_muelleriana,-0.317295100965836
Alstonia_spectabilis,-0.317295100965836
Calotropis_procera,-0.3293292126975236
Centaurium_erythraea,-0.4226811596707666
Cynanchum_acutum,-0.3293292126975236
Gentianella_germanica,-0.4217376757592635
Gentianella_parviflora,-0.42173825183898606
Hoya_australis,-0.3293292126975236
Plumeria_rubra,0.048784336389652266
