"accepted_species","estimate"
"t60",-0.160222097950836
"t23",0.1096175052469
"t88",1.29673829091695
"t44",0.423295242797529
"t89",0.757609786578996
"t14",0.320419041659091
"t11",-1.30373542964133
"t16",-0.403261804857704
"t100",-0.213942729555931
"t13",0.167389854195023
