accepted_species,estimate
t47,-0.16549110399625766
t9,-0.039492630132384576
t42,0.003581275114735938
t43,0.03781140634449731
t78,-0.8673325950985245
t85,-0.791801968940566
t50,-0.735570752149455
t67,-0.7126357038122357
t54,-0.670025102144026
t49,-0.6904474793681517
