accepted_species,0
t108,0.006752187259488787
t125,0.006752187259488787
t25,0.006752187259488787
t75,0.006752187259488787
t52,0.006752187259488787
t105,0.006752187259488787
t135,0.006752187259488787
t61,0.006752187259488787
t46,0.006752187259488787
t94,0.006752187259488787
t122,0.006752187259488787
t130,0.006752187259488787
t143,0.006752187259488787
t27,0.006752187259488787
t11,0.006752187259488787
t28,0.006752187259488787
