"accepted_species","0","1"
"t49",0.709723755457985,0.290276244542015
"t52",0.51117682231966,0.48882317768034
"t64",0.407235416727118,0.592764583272882
"t89",0.876917222245332,0.123082777754668
"t94",0.846718364009477,0.153281635990523
"t95",0.846718364009477,0.153281635990523
"t100",0.939736294563466,0.0602637054365344
"t106",0.95324816386371,0.0467518361362902
"t117",0.85273485365932,0.14726514634068
"t118",0.85273485365932,0.14726514634068
