accepted_species,0,1
t28,0.7572974188589071,0.24270258114109292
t49,0.7569643563292826,0.2430356436707174
t54,0.7602881334911901,0.23971186650880996
t61,0.757320566633504,0.24267943336649603
t67,0.7606467386585207,0.23935326134147933
t75,0.7597929633548828,0.24020703664511728
t106,0.7574707531028052,0.24252924689719482
t114,0.7604203104064444,0.2395796895935556
t119,0.7605734639286494,0.2394265360713506
t130,0.7572653788541337,0.24273462114586636
