accepted_species,0,1
t28,0.6094442990154758,0.39055570098452413
t49,0.6288212047482398,0.37117879525176023
t54,0.9536744256055323,0.04632557439446777
t61,0.6375174854667237,0.3624825145332763
t67,0.8239167503464246,0.1760832496535753
t75,0.9283590790706183,0.0716409209293817
t106,0.649034254256365,0.3509657457436351
t114,0.9420150632496774,0.057984936750322576
t119,0.7586314729780775,0.24136852702192244
t130,0.5565256966440477,0.4434743033559523
