accepted_species,0,1
t28,0.7555555555555555,0.24444444444444444
t49,0.7555555555555555,0.24444444444444444
t54,0.7555555555555555,0.24444444444444444
t61,0.7555555555555555,0.24444444444444444
t67,0.7555555555555555,0.24444444444444444
t75,0.7555555555555555,0.24444444444444444
t106,0.7555555555555555,0.24444444444444444
t114,0.7555555555555555,0.24444444444444444
t119,0.7555555555555555,0.24444444444444444
t130,0.0,1.0
