"accepted_species","0","1"
"t28","0.648188967231693","0.351811032768307"
"t49","0.727064278392587","0.272935721607413"
"t54","0.791785734188503","0.208214265811497"
"t61","0.697780045758429","0.302219954241571"
"t67","0.97907539614199","0.0209246038580097"
"t75","0.786764291606781","0.213235708393219"
"t106","0.891228881560574","0.108771118439426"
"t114","0.960631925553493","0.0393680744465069"
"t119","0.96590361151382","0.0340963884861802"
"t130","0.0362882183766329","0.963711781623367"
