accepted_species,0,1
t28,0.7974213,0.20257872
t49,0.27538896,0.72461104
t54,0.8886997,0.11130028
t61,0.82876164,0.17123838
t67,0.45444793,0.5455521
t75,0.9006783,0.09932169
t106,0.7260768,0.27392322
t114,0.9524213,0.047578707
t119,0.95336235,0.046637636
t130,0.06157744,0.93842256
