accepted_species,estimate
t71,0.5359239383179824
t6,0.52935440178544
t66,0.5355733871004283
t90,0.233774042571888
t24,-0.1359233873694651
t47,-0.1430698064981913
t9,-0.13240496826147807
t53,-0.9674943527674071
t50,-0.9177472814380717
t5,-0.7342886278219355
