accepted_species,0,1
t125,0.5031598012052267,0.4968401987947733
t129,0.49962145536616487,0.5003785446338351
t131,0.5026067376376662,0.4973932623623339
t142,0.5074035446948921,0.4925964553051079
t167,0.49359342958211605,0.506406570417884
t172,0.4973547198559286,0.5026452801440714
t185,0.5078958012308974,0.49210419876910255
t210,0.5075092009475627,0.4924907990524373
t213,0.5031066884690543,0.4968933115309457
t220,0.5071929190694577,0.49280708093054226
