accepted_species,0,1
t125,0.5111111111111111,0.4888888888888889
t129,0.5111111111111111,0.4888888888888889
t131,0.5111111111111111,0.4888888888888889
t142,0.5111111111111111,0.4888888888888889
t167,0.5111111111111111,0.4888888888888889
t172,0.5111111111111111,0.4888888888888889
t185,0.5111111111111111,0.4888888888888889
t210,1.0,0.0
t213,0.0,1.0
t220,0.0,1.0
