accepted_species,0,1
t125,0.49039817,0.50960183
t129,0.49039817,0.50960183
t131,0.49039817,0.50960183
t142,0.5632147,0.43678528
t167,0.49039817,0.50960183
t172,0.47571576,0.52428424
t185,0.5632147,0.43678528
t210,0.5632147,0.43678528
t213,0.49039817,0.50960183
t220,0.5632147,0.43678528
