accepted_species,0,1
t18,0.01445514,0.98554486
t25,0.008806407,0.9911936
t33,0.07430297,0.925697
t39,0.9598164,0.040183626
t41,0.17358905,0.82641095
t46,0.12354839,0.8764516
t66,0.30099,0.69901
t67,0.058320224,0.9416798
t76,0.12597233,0.87402767
t79,0.009257734,0.99074227
