"accepted_species","0","1"
"t129",0.726295427786653,0.273704572213347
"t164",0.726295427786653,0.273704572213347
"t169",0.726295427786653,0.273704572213347
"t188",0.726295427495676,0.273704572504324
"t205",0.726295427786653,0.273704572213347
"t220",0.726295427786653,0.273704572213347
"t259",0.726295427786653,0.273704572213347
"t274",0.730048027576279,0.269951972423721
"t284",0.726295427786653,0.273704572213347
"t285",0.726295427786653,0.273704572213347
