accepted_species,0,1
t36,0.2648696505098639,0.7351303494901361
t39,0.3094954762085701,0.6905045237914299
t53,0.1944100342766527,0.8055899657233473
t54,0.18621219076935647,0.8137878092306435
t57,0.11287379131153186,0.8871262086884681
t66,0.11205235384683998,0.88794764615316
t98,0.10032654844068079,0.8996734515593192
t101,0.16237887906347026,0.8376211209365297
t119,0.08815808355328725,0.9118419164467128
t120,0.10079340269148118,0.8992065973085188
