"accepted_species","0","1"
"t36","0.502027324775706","0.497972675224294"
"t39","0.502027324775706","0.497972675224294"
"t53","0.502027324775706","0.497972675224294"
"t54","0.502027324775706","0.497972675224294"
"t57","0.502027324775706","0.497972675224294"
"t66","0.502027324775706","0.497972675224294"
"t98","0.502027324775706","0.497972675224294"
"t101","0.502027324775706","0.497972675224294"
"t119","0.502027324775706","0.497972675224294"
"t120","0.502027324775706","0.497972675224294"
