"accepted_species","0","1"
"t129","0.500015904104963","0.499984095895037"
"t164","0.500000025238052","0.499999974761949"
"t169","0.500000025238052","0.499999974761949"
"t188","0.436780709795169","0.563219290204831"
"t205","0.500000025238052","0.499999974761949"
"t220","0.500000025238052","0.499999974761949"
"t259","0.500000025238052","0.499999974761949"
"t274","0.950979710874682","0.0490202891253185"
"t284","0.500000006483987","0.499999993516013"
"t285","0.500000006483987","0.499999993516013"
