accepted_species,0,1
t36,0.9749658,0.025034202
t39,0.99028176,0.009718264
t53,0.9749658,0.025034202
t54,0.9749658,0.025034202
t57,0.9749658,0.025034202
t66,0.97050774,0.029492255
t98,0.97050774,0.029492255
t101,0.9749658,0.025034202
t119,0.97050774,0.029492255
t120,0.9749658,0.025034202
