accepted_species,0,1
sp95,0.8841350050110633,0.11586499498893668
sp130,0.274322317800744,0.725677682199256
sp171,0.6626433972922781,0.33735660270772194
sp213,0.7930579457758011,0.2069420542241989
sp221,9.671528699017884e-07,0.9999990328471301
sp241,4.137433122664014e-06,0.9999958625668773
sp252,0.9735877522469366,0.02641224775306341
sp257,0.9825390455236336,0.01746095447636639
sp264,6.053267795902428e-07,0.9999993946732204
sp285,0.982944130657575,0.017055869342425013
