accepted_species,0,1
sp95,0.73528665,0.26471335
sp130,0.49083495,0.50916505
sp171,0.51838255,0.48161742
sp213,0.6325673,0.3674327
sp221,0.40688795,0.59311205
sp241,0.41614366,0.58385634
sp252,0.7304845,0.26951548
sp257,0.72608197,0.273918
sp264,0.48156285,0.51843715
sp285,0.72608197,0.273918
