accepted_species,0,1
sp95,0.8163148,0.18368521
sp130,0.37358403,0.62641597
sp171,0.37358403,0.62641597
sp213,0.27586538,0.7241346
sp221,0.014355183,0.9856448
sp241,0.014355183,0.9856448
sp252,0.9860233,0.013976678
sp257,0.983364,0.016635988
sp264,0.014355183,0.9856448
sp285,0.983364,0.016635988
