accepted_species,estimate
t50,0.1609648647659132
t32,-1.0547052618701827
t100,0.45861067933305044
t85,0.39174749167895473
t96,-1.6736765777414448
t24,-1.3615924704969848
t22,-1.5319286850338916
t67,-0.07576001180799138
t6,0.37329124687945153
t54,0.4413221464372491
