accepted_species,estimate
t50,-0.09988898859490669
t32,-1.0843788947981177
t100,1.049842750088536
t85,1.0295883778087325
t96,-1.0590772787709217
t24,-1.3984047895108536
t22,-1.361069400500318
t67,-0.5489920454682492
t6,1.5120876665602156
t54,0.13445355404955722
