"accepted_species","estimate"
"t122",-0.0128620990037873
"t74",1.90315581783848
"t106",0.706136480918937
"t79",-1.31596309460024
"t113",-1.85000474250534
"t23",-0.466049340461686
"t95",-0.377619690742679
"t90",1.13783867405193
"t73",0.752374197771656
"t39",0.473505123099144
"t72",0.229080722438295
"t18",-0.576928156650657
"t63",-0.575548868301717
"t100",-1.61900638706257
