accepted_species,0,1
t43,0.14539254,0.85460746
t98,0.14673966,0.85326034
t93,0.14539254,0.85460746
t94,0.14539254,0.85460746
t58,0.07774502,0.922255
t37,0.07774502,0.922255
t63,0.07774502,0.922255
t65,0.07774502,0.922255
t14,0.07774502,0.922255
t79,0.040955484,0.9590445
