accepted_species,estimate
t126,-1.2205073888183913
t139,-0.5485525829801574
t85,-0.31530587751090255
t128,-1.0404986344198015
t52,1.182636123976278
t133,1.854087441930539
t108,1.6573294265198413
t77,1.866282655943127
t39,0.3025173373475947
t48,0.6752938490122173
t110,0.6138129391144593
t60,0.11107468155146957
t6,1.163019217434028
t36,-0.19870081674664355
t41,-0.25819003821088227
