accepted_species,estimate
t126,-1.8112895573337593
t139,-0.39634943842430076
t85,-1.1858699547491092
t128,-1.278730131157691
t52,0.9387834392886877
t133,1.0435658913824728
t108,1.0271911537863652
t77,1.0399557683244458
t39,0.360329133018744
t48,0.6820409599286865
t110,0.7398609752614242
t60,0.7417398805916178
t6,1.2785090079074182
t36,-0.03845335534693004
t41,-0.0733088113269082
