accepted_species,0
t126,-1.22066792007302
t139,-1.23607302224189
t85,0.007754530968703502
t128,-1.3899241715622024
t52,0.007754530968703502
t133,1.2289205671045922
t108,1.255298108379245
t77,0.007754530968703502
t39,0.007754530968703502
t48,0.007754530968703502
t110,0.463972563428106
t60,0.007754530968703502
t6,0.007754530968703502
t36,0.007754530968703502
t41,0.007754530968703502
