"accepted_species","estimate"
"t40",-0.230580890938595
"t41",-0.230580890938595
"t54",-0.421345899444848
"t42",-0.602421234689204
"t87",-0.625701286817539
"t94",-0.582240817199491
"t95",-0.582240817199491
"t63",-0.427939037570738
"t92",-0.483022553030936
"t97",1.11222052410494
