accepted_species,estimate
t40,-1.0099461
t41,-1.0099461
t54,-0.41956043
t42,-0.59457415
t87,-0.59457415
t94,-0.59457415
t95,-0.59457415
t63,-0.20669843
t92,-0.34338486
t97,0.81379855
