accepted_species,0,1
sp110,0.8448425923657928,0.15515740763420718
sp114,0.8447694554946256,0.15523054450537446
sp130,0.8448047145711824,0.15519528542881755
sp134,0.8424159960944835,0.15758400390551652
sp146,0.8456495561204226,0.15435044387957744
sp152,0.8440507795187573,0.15594922048124266
sp213,0.8447632312687321,0.15523676873126788
sp214,0.843964237210552,0.15603576278944797
sp224,0.8443100971248128,0.1556899028751872
sp225,0.8448099133714166,0.15519008662858333
