accepted_species,0,1
sp110,0.8667961,0.13320391
sp114,0.7232131,0.27678695
sp130,0.99210805,0.00789198
sp134,0.5585648,0.44143525
sp146,0.9640934,0.035906628
sp152,0.7820955,0.2179045
sp213,0.70140886,0.29859117
sp214,0.45181167,0.5481883
sp224,0.9688642,0.031135777
sp225,0.98851097,0.011489049
