accepted_species,0,1
Oreopolus_glacialis,0.9869677,0.013032335
Gentianella_filipes,0.8894711,0.11052887
Aidia_pycnantha,0.9953382,0.004661816
Gentianella_roseolilacina,0.9015599,0.098440096
Pentatropis_capensis,0.9902071,0.009792898
Psychotria_brevicalyx,0.949454,0.050545968
Psychotria_lutescens,0.9307588,0.069241226
Manettia_dubia,0.99884236,0.001157633
Tabernaemontana_pachysiphon,0.047189236,0.95281076
Sabicea_uniflora,0.9953382,0.004661816
