accepted_species,estimate
Alstonia_muelleriana,-0.2836484119259276
Asclepias_albicans,-0.26923652624450256
Asclepias_fascicularis,-0.2146490206848269
Asclepias_oenotheroides,-0.30027982015570587
Mandevilla_benthamii,-0.2333934212072953
Tabernaemontana_alba,0.037001897401405595
Tabernaemontana_arborea,-0.12463750253931237
Tabernaemontana_cymosa,-0.08567509582532838
Thevetia_ahouai,0.5739833861012917
Wrightia_tinctoria,-0.4601119848107771
