accepted_species,estimate
Alstonia_muelleriana,0.136188141800941
Asclepias_albicans,-0.2872330264019103
Asclepias_fascicularis,-0.27076210524514677
Asclepias_oenotheroides,-0.39278618294646483
Mandevilla_benthamii,-0.045211376850431945
Tabernaemontana_alba,0.5164545183626058
Tabernaemontana_arborea,0.2721311620966143
Tabernaemontana_cymosa,0.496490008970394
Thevetia_ahouai,0.08306230779731939
Wrightia_tinctoria,-0.13391963698911108
