accepted_species,estimate
t22,-0.7801782376514319
t26,-0.8296215895052875
t27,-0.43758464034079536
t24,-0.11114843380366211
t43,-0.45618703717901743
t44,-0.6323379797852314
t42,-0.5119820334908142
t79,0.014048236161861807
t95,-0.026036646491480395
t96,-0.006353959789129435
t119,-0.0013238261183442374
t120,-0.026599351682482827
t91,-0.21130542973429256
t92,-0.19192350919486778
t33,-0.5612637241733763
