accepted_species,0,1
t28,0.99333334,0.006666667
t80,0.99333334,0.006666667
t81,0.99333334,0.006666667
t73,0.99333334,0.006666667
t55,0.99333334,0.006666667
t32,0.99333334,0.006666667
t27,0.99333334,0.006666667
t62,0.99333334,0.006666667
t74,0.99333334,0.006666667
t107,0.99333334,0.006666667
t108,0.99333334,0.006666667
t159,0.99333334,0.006666667
t160,0.99333334,0.006666667
t112,0.99333334,0.006666667
t22,0.99333334,0.006666667
t15,0.99333334,0.006666667
