accepted_species,0,1
sp14,0.6641675724276138,0.3358324275723862
sp51,0.5573305177010134,0.4426694822989866
sp61,0.5583337515128477,0.44166624848715225
sp68,0.5459715680754992,0.4540284319245008
sp71,0.4998138624856452,0.5001861375143548
sp82,0.6770484700286692,0.32295152997133086
sp87,0.5557686944638385,0.44423130553616147
sp91,0.6826136861513986,0.3173863138486014
sp92,0.6827465893442393,0.3172534106557607
sp114,0.6755230604912108,0.32447693950878914
