"accepted_species","0","1"
"sp14","0.505337879115837","0.494662120884163"
"sp51","0.647974274314122","0.352025725685878"
"sp61","0.268417373698807","0.731582626301193"
"sp68","0.496041350866078","0.503958649133922"
"sp71","0.311592738320215","0.688407261679785"
"sp82","0.81272840449383","0.18727159550617"
"sp87","0.876670400625264","0.123329599374736"
"sp91","0.732214962689","0.267785037311"
"sp92","0.732214962689","0.267785037311"
"sp114","0.956424660051402","0.043575339948598"
