accepted_species,0,1
Riocreuxia_picta,0.89782107,0.10217894
Ceropegia_noorjahaniae,0.89782107,0.10217894
Ceropegia_zambesiaca,0.89892554,0.10107446
Hoya_seanwhistleriana,0.8990474,0.1009526
Hoya_juannguoana,0.8961331,0.1038669
Hoya_rima,0.89500165,0.10499833
Dischidia_calva,0.8961331,0.1038669
Dischidia_kutchinensis,0.8961331,0.1038669
Dischidia_tomentella,0.89500165,0.10499833
Gymnema_decaisneanum,0.8961331,0.1038669
