accepted_species,0,1
Riocreuxia_picta,0.84242994,0.15757005
Ceropegia_noorjahaniae,0.8506222,0.14937784
Ceropegia_zambesiaca,0.8383208,0.16167921
Hoya_seanwhistleriana,0.9144091,0.0855909
Hoya_juannguoana,0.9144091,0.0855909
Hoya_rima,0.9144091,0.0855909
Dischidia_calva,0.9144091,0.0855909
Dischidia_kutchinensis,0.91439545,0.085604526
Dischidia_tomentella,0.9144091,0.0855909
Gymnema_decaisneanum,0.91485345,0.085146524
