accepted_species,0,1
Riocreuxia_picta,0.8658704,0.1341296
Ceropegia_noorjahaniae,0.8765823,0.12341767
Ceropegia_zambesiaca,0.87889296,0.12110706
Hoya_seanwhistleriana,0.8745291,0.12547085
Hoya_juannguoana,0.8771982,0.12280176
Hoya_rima,0.8871955,0.11280447
Dischidia_calva,0.8771982,0.12280176
Dischidia_kutchinensis,0.8771982,0.12280176
Dischidia_tomentella,0.8771982,0.12280176
Gymnema_decaisneanum,0.86318004,0.13681993
