accepted_species,0
t73,-0.1291525257539907
t75,-0.1291525257539907
t142,-0.1291525257539907
t143,-0.1291525257539907
t113,-0.1291525257539907
t138,1.26277879303663
t89,-0.1291525257539907
t88,-0.1291525257539907
t126,-0.1291525257539907
t127,-0.1291525257539907
t102,-0.1291525257539907
t140,-0.1291525257539907
t141,-0.1291525257539907
t51,-0.1291525257539907
