accepted_species,0,1
t39,0.9402234038646948,0.05977659613530519
t49,0.8626467651140612,0.13735323488593873
t100,0.8588304755371785,0.14116952446282155
t35,0.9788821184814219,0.021117881518578067
t2,0.8960819856273229,0.10391801437267711
t69,0.808744731637177,0.19125526836282303
t83,0.6976878313903062,0.3023121686096938
t92,0.6937615594006544,0.3062384405993456
t78,0.44794882534526514,0.5520511746547349
t3,0.7608974266560974,0.2391025733439026
