accepted_species,0,1
t39,1.0,0.0
t49,1.0,0.0
t100,1.0,0.0
t35,1.0,0.0
t2,,
t69,0.9567799568822716,0.04322004311772842
t83,0.3131087079271262,0.6868912920728738
t92,0.17553921187134325,0.8244607881286568
t78,0.0,1.0
t3,,
