accepted_species,0,1
t39,0.95396364,0.046036385
t49,0.95396364,0.046036385
t100,0.92368156,0.07631844
t35,0.89864594,0.10135405
t2,0.92368156,0.07631844
t69,0.8579688,0.14203118
t83,0.8579688,0.14203118
t92,0.8579688,0.14203118
t78,0.6646534,0.33534658
t3,0.7248421,0.27515793
