accepted_species,0,1
t39,0.97286355,0.02713644
t46,0.9871872,0.012812785
t87,0.9871872,0.012812785
t38,0.6819671,0.31803292
t119,0.26525176,0.73474824
t17,0.8437696,0.15623038
t19,0.8437696,0.15623038
t59,0.98646635,0.013533626
t110,0.98980236,0.010197636
t44,0.9126953,0.087304726
t10,0.6055882,0.39441177
t29,0.9715032,0.028496787
t102,0.9365299,0.06347013
t67,0.93567705,0.06432298
t143,0.94906294,0.050937064
