accepted_species,estimate
t6,0.460978185233329
t30,0.6090611539310097
t68,0.6357257392473743
t64,0.7190374080487008
t24,0.4317414172649154
t90,-0.144938418552556
t50,-0.3646469371161877
t17,0.03537303821158413
t19,-0.26583929717975197
t87,-0.8631279709045254
