accepted_species,estimate
t6,0.3985478585052527
t30,0.6141197764654777
t68,0.6260715518144536
t64,0.623877409687096
t24,0.6075565732644821
t90,-0.08420213899997467
t50,-0.7426348768554746
t17,-0.12420991169181188
t19,-0.13963784573029653
t87,-1.019731763131291
