accepted_species,estimate
t6,-0.26264444
t30,0.7705886
t68,0.38171512
t64,0.8207109
t24,1.3348796
t90,0.3911315
t50,-0.8841128
t17,-0.41566977
t19,-0.5971399
t87,-0.11200099
