accepted_species,0
Galium_bifolium,-0.09822720900726942
Galium_labradoricum,-0.09822720900726942
Galium_lucidum,-0.41546354878455305
Galium_sylvaticum,-0.41545396833254206
Galium_trifidum,-0.09822720900726942
Guettarda_tikalana,-0.09822720900726942
Ixora_javanica,-0.09822720900726942
Pavetta_australiensis,-0.09822720900726942
Psychotria_flava,-0.09822720900726942
Psychotria_grandis,-0.09822720900726942
