accepted_species,0,1
sp156,0.42025173867287013,0.5797482613271299
sp169,0.4083556844558057,0.5916443155441943
sp184,0.40808769175795634,0.5919123082420437
sp193,0.4053481224551648,0.5946518775448352
sp205,0.41807849305875155,0.5819215069412484
sp209,0.41895899892021937,0.5810410010797806
sp211,0.40548304087468834,0.5945169591253117
sp243,0.42070849509543906,0.5792915049045609
sp256,0.40343416644867924,0.5965658335513208
sp258,0.40703033699948876,0.5929696630005112
