accepted_species,0,1
sp156,0.59694016,0.40305987
sp169,0.42788082,0.5721192
sp184,0.41083062,0.5891694
sp193,0.43428028,0.5657197
sp205,0.3455469,0.6544531
sp209,0.40172017,0.59827983
sp211,0.43675888,0.5632411
sp243,0.5911534,0.4088466
sp256,0.27974886,0.72025114
sp258,0.41850764,0.58149236
