"accepted_species","0","1"
"t58",0.498222205967258,0.501777794032742
"t59",0.50005465043641,0.49994534956359
"t69",0.487015297230923,0.512984702769077
"t73",0.483112588294176,0.516887411705824
"t90",0.535258852512406,0.464741147487594
"t126",0.772509588929327,0.227490411070673
"t129",0.225924015745725,0.774075984254275
"t130",0.50005465043641,0.49994534956359
"t144",0.0964588266936207,0.903541173306379
"t149",0.926982484077561,0.0730175159224386
