accepted_species,0,1
t58,0.5769061339538722,0.42309386604612775
t59,0.21215827462469428,0.7878417253753057
t69,0.4219981840015816,0.5780018159984184
t73,0.2647167989963244,0.7352832010036756
t90,0.5658094023583062,0.4341905976416937
t126,0.657610372007807,0.3423896279921929
t129,0.49287301177719556,0.5071269882228044
t130,0.26234742194356075,0.7376525780564392
t144,0.5759046722670512,0.4240953277329488
t149,0.6475646522625164,0.35243534773748364
