accepted_species,0,1
t7,0.36284695979453196,0.637153040205468
t17,0.3648789877020615,0.6351210122979385
t30,0.3627339106397309,0.6372660893602691
t38,0.3617691367634228,0.6382308632365772
t56,0.36249448926435723,0.6375055107356428
t80,0.35792405684592055,0.6420759431540795
t106,0.3654372330246902,0.6345627669753098
t111,0.36181463734102626,0.6381853626589737
t121,0.36905892865599665,0.6309410713440033
t124,0.36160756538982974,0.6383924346101703
