accepted_species,0,1
t58,0.4835242034495706,0.5164757965504294
t59,0.4763760926043472,0.5236239073956528
t69,0.4800566808274759,0.5199433191725241
t73,0.47625675078905183,0.5237432492109482
t90,0.47842803897034103,0.521571961029659
t126,0.48351116039849174,0.5164888396015083
t129,0.4799169684300143,0.5200830315699857
t130,0.4764619865187619,0.5235380134812381
t144,0.4833609364631243,0.5166390635368757
t149,0.47651497021552647,0.5234850297844735
