"accepted_species","0","1"
"t7","0.500031516499186","0.499968483500814"
"t17","0.499999216893736","0.500000783106264"
"t30","0.496257951343184","0.503742048656816"
"t38","0.524306142093498","0.475693857906502"
"t56","0.480904183588233","0.519095816411767"
"t80","0.394618250275186","0.605381749724814"
"t106","0.261207032800833","0.738792967199167"
"t111","0.857891095880929","0.142108904119071"
"t121","0.984306698827332","0.0156933011726675"
"t124","0.00231854763099593","0.997681452369004"
