accepted_species,0,1
t58,0.4998023,0.5001977
t59,0.51189953,0.48810047
t69,0.6410847,0.35891533
t73,0.28410417,0.71589583
t90,0.4223265,0.5776735
t126,0.74838597,0.25161403
t129,0.29807538,0.7019246
t130,0.609355,0.39064503
t144,0.31470424,0.68529576
t149,0.51092297,0.48907703
