accepted_species,0,1
t7,0.22008228,0.7799177
t17,0.20145196,0.79854804
t30,0.23161238,0.7683876
t38,0.55770946,0.44229054
t56,0.3024435,0.6975565
t80,0.22299892,0.7770011
t106,0.23161238,0.7683876
t111,0.45481968,0.5451803
t121,0.6114606,0.38853937
t124,0.33002245,0.66997755
