accepted_species,0,1
Tarenna_confusa,0.99731404,0.002685937
Bertiera_guianensis,0.99731404,0.002685937
Ixora_tibetana,0.99731404,0.002685937
Ixora_brunonis,0.99731404,0.002685937
Ixora_chartacea,0.99731404,0.002685937
Ixora_filipendula,0.99731404,0.002685937
Ixora_kerstingii,0.99731404,0.002685937
Oxyanthus_lewisii,0.99731404,0.002685937
Sabicea_cameroonensis,0.99731404,0.002685937
Sabicea_mapiana,0.99731404,0.002685937
