accepted_species,0
t88,-1.51255857151807
t5,
t51,
t52,
t78,-0.352510002213175
t73,-1.73740233136326
t16,
t17,
t57,-0.3609255983245792
t91,-0.19451524693933075
