accepted_species,0
t44,-0.14313756128830826
t46,-0.1432752627584132
t87,-0.07949951898751531
t88,-0.07949951898751531
t79,-0.0794995189887208
t93,-0.07949951897515932
t94,-0.07949951897515932
t82,-0.07949951897666618
t56,-0.062286165128830034
t57,-0.062286165128830034
