"accepted_species","estimate"
"t88",-1.5915823163832
"t5",-1.0958049051313
"t51",-0.0216582689533495
"t52",-0.0216582689533495
"t78",-0.363473803432414
"t73",-1.47167803262279
"t16",-1.06285093615644
"t17",-1.06285093615644
"t57",-0.509861674030295
"t91",-0.258114484233803
