accepted_species,0,1
t94,1.0,0.0
t34,1.0,0.0
t46,1.0,0.0
t81,1.0,0.0
t75,0.983574719345634,0.016425280654366044
t48,0.9835550750913468,0.0164449249086532
t40,0.9836376755076274,0.01636232449237258
t22,0.9836450005778801,0.01635499942211996
t28,0.9836220851634369,0.01637791483656318
t1,0.9836139483192826,0.01638605168071742
