accepted_species,0,1
t126,0.42765903,0.57234097
t59,0.42765903,0.57234097
t60,0.86180276,0.13819723
t111,0.057799518,0.9422005
t88,0.057799518,0.9422005
t69,0.057799518,0.9422005
t102,0.23404294,0.76595706
t48,0.5216257,0.4783743
t65,0.42765903,0.57234097
t66,0.37041867,0.62958133
t21,0.37041867,0.62958133
t53,0.42765903,0.57234097
t19,0.40399987,0.59600013
