"accepted_species","0","1"
"t350",0.637357936386645,0.362642063613355
"t364",0.637358236825478,0.362641763174522
"t365",0.637358236825478,0.362641763174522
"t385",0.637358996144347,0.362641003855653
"t386",0.637358996144347,0.362641003855653
"t419",0.637358996144347,0.362641003855653
"t420",0.637358996144347,0.362641003855653
"t429",0.718663815083147,0.281336184916853
"t431",0.743811928821834,0.256188071178166
"t433",0.763432459853734,0.236567540146266
