accepted_species,0,1
t350,0.6229939712195027,0.37700602878049727
t364,0.6291066902554024,0.37089330974459755
t365,0.6174189916152548,0.3825810083847451
t385,0.6199715871965654,0.38002841280343463
t386,0.6218550058713466,0.3781449941286534
t419,0.6258878996407977,0.37411210035920234
t420,0.6264178907633293,0.37358210923667073
t429,0.5938914434930671,0.4061085565069329
t431,0.5934650310157283,0.40653496898427166
t433,0.5929532060711646,0.4070467939288354
