accepted_species,0,1
t350,0.6729118452821364,0.32708815471786357
t364,0.6765429391636202,0.32345706083637976
t365,0.6765429391636202,0.32345706083637976
t385,0.6781462590205474,0.3218537409794526
t386,0.6781462590205474,0.3218537409794526
t419,0.6781462590205474,0.3218537409794526
t420,0.6781462590205474,0.3218537409794526
t429,0.7573122001350886,0.24268779986491137
t431,0.7695143950518806,0.23048560494811948
t433,0.7790910581111604,0.2209089418888396
