"accepted_species","0","1"
"t9","0.9724968993979","0.0275031006021005"
"t40","0.965579275607729","0.0344207243922712"
"t41","0.965579275607729","0.0344207243922712"
"t45","0.96998606143631","0.0300139385636895"
"t47","0.970298770095615","0.0297012299043847"
"t54","0.974434040987208","0.0255659590127915"
"t55","0.974434040987208","0.0255659590127915"
"t59","0.904686706030053","0.0953132939699472"
"t82","0.976415931252699","0.0235840687473009"
"t83","0.976415931252699","0.0235840687473009"
