accepted_species,0,1
t9,0.81351376,0.18648624
t40,0.81351376,0.18648624
t41,0.81351376,0.18648624
t45,0.81351376,0.18648624
t47,0.81351376,0.18648624
t54,0.81351376,0.18648624
t55,0.81351376,0.18648624
t59,0.81351376,0.18648624
t82,0.81351376,0.18648624
t83,0.81351376,0.18648624
