accepted_species,0,1
t350,0.8139524,0.1860476
t364,0.8139524,0.1860476
t365,0.8139524,0.1860476
t385,0.8331391,0.16686086
t386,0.8139524,0.1860476
t419,0.8139524,0.1860476
t420,0.8139524,0.1860476
t429,0.8139524,0.1860476
t431,0.8139524,0.1860476
t433,0.8139524,0.1860476
