accepted_species,0,1
t350,0.91468495,0.08531506
t364,0.91468495,0.08531506
t365,0.91468495,0.08531506
t385,0.91468495,0.08531506
t386,0.91468495,0.08531506
t419,0.91468495,0.08531506
t420,0.91468495,0.08531506
t429,0.91468495,0.08531506
t431,0.8155775,0.18442251
t433,0.91468495,0.08531506
