accepted_species,estimate
Asclepias_albicans,0.09486110474449869
Asclepias_eriocarpa,0.09486110474449902
Asclepias_erosa,0.09486110474449877
Asclepias_fascicularis,0.09372440568701884
Asclepias_incarnata,0.09372440568701859
Asclepias_ovalifolia,0.09486110474449877
Asclepias_syriaca,0.09444140283996563
Calotropis_gigantea,0.10088364424501964
Cynanchum_acutum,0.1110342491032878
Hoya_australis,0.13114056789039483
