"accepted_species","estimate"
"t41",-0.300396786112806
"t73",-0.300396786112806
"t74",-0.300396786112806
"t1",0.407092850205727
"t29",0.70602921967679
"t51",0.984347728904575
"t52",0.984347728904575
"t91",1.2294676427451
"t92",0.689424158805928
"t93",0.689424158805928
