"accepted_species","0","1"
"t22",0.943153568255049,0.0568464317449507
"t31",0.943153568255048,0.0568464317449519
"t81",0.943153568255048,0.0568464317449517
"t82",0.943153568255048,0.0568464317449517
"t61",0.943153568255048,0.0568464317449519
"t62",0.943153568255048,0.0568464317449519
"t24",0.943153568255048,0.0568464317449519
"t69",0.943153568255048,0.0568464317449519
"t70",0.943153568255048,0.0568464317449519
"t6",0.943153568255048,0.0568464317449519
