accepted_species,0,1
t22,0.9441733550678922,0.05582664493210776
t31,0.9442733764497315,0.05572662355026853
t81,0.9443441897582,0.05565581024180001
t82,0.9443443637270683,0.05565563627293173
t61,0.9443232976622449,0.05567670233775509
t62,0.9443237837334489,0.05567621626655103
t24,0.9440650254278422,0.0559349745721578
t69,0.9440582916485999,0.05594170835140009
t70,0.9440574984239355,0.055942501576064514
t6,0.944064556110795,0.055935443889205023
