accepted_species,0,1
t22,0.9440519934433392,0.05594800655666081
t31,0.9440037737740923,0.055996226225907705
t81,0.9440186142254818,0.05598138577451814
t82,0.944014839405168,0.05598516059483201
t61,0.9440028363171759,0.05599716368282412
t62,0.9440148561359163,0.0559851438640837
t24,0.9440499728701518,0.05595002712984818
t69,0.9440361081839871,0.05596389181601296
t70,0.9440347765935998,0.05596522340640018
t6,0.9440376227289157,0.055962377271084315
