accepted_species,estimate
t16,0.2592356397278659
t61,-0.47980856534857796
t93,-0.8666723938191971
t75,-0.8158693050002954
t4,-0.27091244909405493
t65,0.3315904133578007
t97,0.4568768542334957
t12,0.42794975571851757
t44,0.36221593908887895
t7,0.420102208564639
