accepted_species,0
t16,0.012729279133829841
t61,-0.5366265096352374
t93,-0.9207590245439315
t75,-0.8740570331156367
t4,0.03170836435574139
t65,0.023654120727522487
t97,-0.0442158994139143
t12,0.100741085113819
t44,0.09346085521909255
t7,0.11369821396855752
