accepted_species,estimate
t16,0.0642701
t61,0.09178248
t93,-0.45705712
t75,-0.45705712
t4,-0.1319037
t65,-0.6071144
t97,-0.0696749
t12,0.2564084
t44,-0.050573584
t7,0.5256184
