accepted_species,0,1
t39,0.5121268248885606,0.4878731751114394
t76,0.5337782490994454,0.46622175090055457
t96,0.45172390205233026,0.5482760979476697
t109,0.6712380072023161,0.328761992797684
t111,0.4904134200508736,0.5095865799491264
t117,0.49179972386959137,0.5082002761304086
t122,0.3943508422827491,0.6056491577172509
t133,0.5468955706198525,0.4531044293801475
t144,0.408957897591845,0.591042102408155
t151,0.7655713535279515,0.23442864647204856
