accepted_species,0,1
t39,0.45859426,0.54140574
t76,0.6666659,0.3333341
t96,0.44197494,0.55802506
t109,0.64608765,0.35391235
t111,0.5913955,0.4086045
t117,0.6056701,0.39432988
t122,0.45047742,0.5495226
t133,0.5921096,0.40789038
t144,0.47060364,0.52939636
t151,0.64608765,0.35391235
