accepted_species,0,1
Timonius_sessilis,0.9647553,0.03524472
Palicourea_odorata,0.9593401,0.04065988
Mycetia_mindanaensis,0.9647553,0.03524472
Rubia_falciformis,0.9647553,0.03524472
Tangshuia_pitouchaoensis,0.9457565,0.054243516
Psychotria_hamiltoniana,0.9457565,0.054243516
Cruckshanksia_macrantha,0.9647553,0.03524472
Philibertia_tactila,0.95618236,0.04381767
Rudgea_trianae,0.9593401,0.04065988
Argostemma_brevicaule,0.9647553,0.03524472
