accepted_species,0,1
Timonius_sessilis,0.9597108,0.04028924
Palicourea_odorata,0.9529405,0.047059454
Mycetia_mindanaensis,0.9597108,0.04028924
Rubia_falciformis,0.9597108,0.04028924
Tangshuia_pitouchaoensis,0.954084,0.045916036
Psychotria_hamiltoniana,0.95121956,0.048780434
Cruckshanksia_macrantha,0.95920783,0.040792152
Philibertia_tactila,0.9007664,0.09923363
Rudgea_trianae,0.9529405,0.047059454
Argostemma_brevicaule,0.95920783,0.040792152
