accepted_species,0,1
Pavetta_corymbosa,0.93319154,0.06680849
Guettarda_splendens,0.9356709,0.06432911
Chomelia_brachypoda,0.9356709,0.06432911
Oxypetalum_pardense,0.87899965,0.12100036
Urophyllum_leytense,0.8931145,0.106885485
Psychotria_pachyantha,0.9245703,0.07542971
Manettia_stenocalyx,0.9032746,0.0967254
Hoya_collettii,0.855888,0.144112
Dischidia_obovata,0.8587921,0.14120787
Posoqueria_palustris,0.92457783,0.075422145
