accepted_species,estimate
t76,-0.9002047410575909
t86,0.8832349799105741
t20,0.3218652214061772
t64,0.1265687588542856
t19,0.6351565294202263
t35,0.492231488340014
t36,0.6083084995193901
t16,0.3627144529424557
t60,0.4463997011683497
t62,-0.049598745198447244
