accepted_species,0,1
sp30,0.006909302526867056,0.9930906974731329
sp42,0.043888423933541865,0.9561115760664581
sp55,0.007830418234129,0.992169581765871
sp86,0.00689483931914725,0.9931051606808527
sp89,0.07929299585472827,0.9207070041452717
sp110,0.0072768289122588925,0.9927231710877411
sp117,0.006181347800188974,0.993818652199811
sp120,0.00735564661135657,0.9926443533886434
sp128,0.007268099070251499,0.9927319009297485
sp143,0.00666441027074216,0.9933355897292578
