accepted_species,0,1
sp30,0.01842922,0.9815708
sp42,0.01842922,0.9815708
sp55,0.01842922,0.9815708
sp86,0.01842922,0.9815708
sp89,0.01842922,0.9815708
sp110,0.01842922,0.9815708
sp117,0.01842922,0.9815708
sp120,0.01842922,0.9815708
sp128,0.01842922,0.9815708
sp143,0.01842922,0.9815708
