accepted_species,0
t76,0.02397752592896247
t27,0.02397752592896247
t57,0.02397752592896247
t53,0.02397752592896247
t36,0.02397752592896247
t67,0.02397752592896247
t77,0.02397752592896247
t78,0.02397752592896247
t79,0.02397752592896247
t88,0.02397752592896247
