accepted_species,estimate
t76,-0.49898702
t27,-0.5178611
t57,-0.3724442
t53,-0.57759225
t36,-0.4272281
t67,-0.6788031
t77,0.043745123
t78,0.0666592
t79,-0.17092589
t88,0.25975126
