accepted_species,0
t25,-0.10543517291394632
t85,-0.22567448080495728
t9,-0.14104393293721945
t38,-0.12215222980454007
t3,-0.5391620180497576
t16,-0.492747323734534
t22,-0.4983037626342301
t73,-0.43243337992571723
t52,0.3504087942802796
t61,0.44924094045427
