accepted_species,estimate
t82,-0.9317270005762144
t99,-0.9267623731169161
t33,-1.2774433742964597
t62,-1.2742890844840635
t37,-1.2407343225937122
t38,-1.262946953055238
t93,-0.613664253142201
t76,-0.4364988956847702
t52,-0.6304572822521435
t91,-1.2536632482732704
