accepted_species,0
t82,-1.67882318666482
t99,-0.9784853824509268
t33,0.12517588531139937
t62,0.12517588531139937
t37,0.12517588531139937
t38,0.12517588531139937
t93,-0.571496867705917
t76,-0.802963522753615
t52,0.12517588531139937
t91,-1.13039706333664
