accepted_species,estimate
t2,-1.0928958828089559
t78,-1.339459429170303
t36,1.1970608505360463
t89,-0.217852424055058
t99,0.5485981397514589
t47,0.9853880386569144
t71,-0.1399074975853093
t72,0.19638917431079184
t59,-1.307695124104169
t92,-1.099773741884599
