"accepted_species","estimate"
"t45",-0.624415855337609
"t30",-0.425737363677076
"t65",-0.499670593648232
"t99",-0.111653542563956
"t14",-0.947587413365491
"t37",0.289314468256205
"t38",0.289314468256205
"t40",0.766892909058918
"t76",0.377606138095712
"t20",0.137527517370378
