accepted_species,estimate
t45,-0.76381826
t30,-0.3603818
t65,-0.6360844
t99,-0.25204393
t14,-0.9746133
t37,0.30986422
t38,0.30986422
t40,0.72229
t76,0.37198582
t20,0.089240454
