accepted_species,0,1
Gentianella_amabilis,0.93475056,0.06524941
Forsteronia_umbellata,0.9379389,0.062061083
Strychnos_ngouniensis,0.94020313,0.059796855
Strychnos_asterantha,0.94020313,0.059796855
Swertia_volkensii,0.93475056,0.06524941
Hoya_cembra,0.93634075,0.06365925
Hoya_tjampeaensis,0.93634075,0.06365925
Ochrosia_mariannensis,0.9379389,0.062061083
Dischidia_polilloensis,0.93634075,0.06365925
Dischidia_vidalii,0.93634075,0.06365925
