"accepted_species","estimate"
"t13",-1.07637777795365
"t89",-0.352370504821598
"t53",1.73632755600009
"t1",-0.668071399538345
"t70",-0.979184550399152
"t71",-0.979184550399152
"t99",-1.33854381568189
"t18",-0.441787676101149
"t10",-0.523308892129603
"t40",-2.08761937772219
