accepted_species,0,1
t52,0.3702711908335026,0.6297288091664974
t56,0.37022895857855986,0.6297710414214401
t60,0.3696825819844616,0.6303174180155384
t64,0.3702473234200512,0.6297526765799488
t68,0.37032839515867655,0.6296716048413235
t69,0.3703750147871889,0.6296249852128111
t73,0.37027648239617894,0.6297235176038211
t109,0.36953281082911626,0.6304671891708837
t125,0.370498451804368,0.629501548195632
t129,0.37053150803393453,0.6294684919660655
