accepted_species,0,1
t207,0.6522823949427726,0.3477176050572274
t211,0.6517737795572995,0.3482262204427005
t249,0.6463227609477286,0.35367723905227144
t267,0.6577020598917835,0.3422979401082165
t278,0.6505323595988444,0.3494676404011557
t289,0.6524894182989371,0.34751058170106286
t290,0.6503427706890637,0.3496572293109363
t312,0.6466739592290449,0.3533260407709551
t314,0.6457293305268355,0.3542706694731645
t322,0.6555903897215665,0.3444096102784335
