"accepted_species","0","1"
"t52","0.500642653757407","0.499357346242593"
"t56","0.510292050723805","0.489707949276195"
"t60","0.477797433744741","0.522202566255259"
"t64","0.489507735176138","0.510492264823862"
"t68","0.502659299211947","0.497340700788053"
"t69","0.502999225982196","0.497000774017804"
"t73","0.493401502306171","0.506598497693829"
"t109","0.246494157926864","0.753505842073136"
"t125","0.11202450918755","0.88797549081245"
"t129","0.0905715427064354","0.909428457293565"
