accepted_species,0,1
t52,0.42877156,0.57122844
t56,0.42103696,0.57896304
t60,0.412732,0.587268
t64,0.42353088,0.5764691
t68,0.4164884,0.5835116
t69,0.40778333,0.5922167
t73,0.42735404,0.57264596
t109,0.40537822,0.5946218
t125,0.41502476,0.58497524
t129,0.42377388,0.5762261
