accepted_species,0,1
t52,0.40985382,0.5901462
t56,0.40985382,0.5901462
t60,0.37966698,0.620333
t64,0.40985382,0.5901462
t68,0.42189652,0.5781035
t69,0.42189652,0.5781035
t73,0.42189652,0.5781035
t109,0.37966698,0.620333
t125,0.29837793,0.70162207
t129,0.29837793,0.70162207
