accepted_species,0,1
t1,0.021503806,0.9784962
t121,0.016794145,0.98320585
t40,0.016794145,0.98320585
t96,0.016794145,0.98320585
t111,0.016794145,0.98320585
t105,0.016614795,0.9833852
t106,0.016614795,0.9833852
t10,0.016794145,0.98320585
t69,0.016794145,0.98320585
t3,0.016794145,0.98320585
t61,0.07158625,0.92841375
t32,0.07158625,0.92841375
t129,0.049623847,0.95037615
t48,0.054307103,0.9456929
