accepted_species,estimate
t42,-0.598602018924723
t78,-0.8100575396486341
t61,-0.7724661277890227
t87,-0.6642168382509341
t88,-0.5733411220143368
t65,-0.9711318160958721
t66,-1.0139968927456946
t99,-0.5503140982946684
t100,-0.30877282924225447
t17,-0.09325955216356954
