accepted_species,estimate
t42,-0.8225786
t78,-0.87261266
t61,-0.87261266
t87,-0.87261266
t88,-0.87261266
t65,-0.8225786
t66,-0.8225786
t99,-0.0007737344
t100,-0.0007737344
t17,-0.33469594
