accepted_species,estimate
t88,0.774156444016601
t89,0.7176599402076468
t147,0.7015340684737096
t65,0.6018222393018032
t76,0.5274084739107298
t90,0.7036322371369778
t134,0.910248340894037
t106,0.9844758578277266
t113,0.9578764881654523
t87,1.2082983234793132
t23,0.6976624979175138
t25,0.845337128653005
t51,1.1034324657848371
t144,1.1520215647780758
t44,1.0676681027726267
