accepted_species,0
t88,
t89,
t147,0.612470146530225
t65,
t76,
t90,
t134,-0.158741469410808
t106,
t113,
t87,
t23,
t25,
t51,
t144,1.49527660788175
t44,
