accepted_species,0,1
sp143,0.31554480161654697,0.684455198383453
sp172,0.31398619958978213,0.6860138004102179
sp184,0.3154690413192064,0.6845309586807936
sp185,0.31570066051711787,0.6842993394828821
sp205,0.31431739976615747,0.6856826002338425
sp206,0.3143951872462434,0.6856048127537566
sp217,0.3143167981743168,0.6856832018256832
sp218,0.3143180889345396,0.6856819110654604
sp219,0.31727545453428396,0.682724545465716
sp220,0.3172762988912048,0.6827237011087952
