accepted_species,0,1
sp143,0.33333333333333337,0.6666666666666666
sp172,0.33333333333333337,0.6666666666666666
sp184,0.33333333333333337,0.6666666666666666
sp185,0.33333333333333337,0.6666666666666666
sp205,0.33333333333333337,0.6666666666666666
sp206,0.33333333333333337,0.6666666666666666
sp217,0.33333333333333337,0.6666666666666666
sp218,0.33333333333333337,0.6666666666666666
sp219,0.33333333333333337,0.6666666666666666
sp220,0.33333333333333337,0.6666666666666666
