accepted_species,0,1
sp143,0.69667685,0.30332312
sp172,0.69667685,0.30332312
sp184,0.69667685,0.30332312
sp185,0.69667685,0.30332312
sp205,0.69667685,0.30332312
sp206,0.69667685,0.30332312
sp217,0.69667685,0.30332312
sp218,0.69667685,0.30332312
sp219,0.3694936,0.6305064
sp220,0.3694936,0.6305064
