accepted_species,0
t93,0.9855811269392392
t52,0.369846941845157
t80,-0.14939337198413127
t69,0.13293473621922852
t37,-0.10015915343894555
t82,0.9331047282262586
t25,-0.08168900356522554
t48,-1.5160846004109998
t63,-0.3534139158560989
t92,-0.0756311474556863
