"accepted_species","estimate"
"t93",0.976400403903359
"t52",0.334108732174195
"t80",-0.200508031622603
"t69",0.146813013769309
"t37",-0.0729915185459092
"t82",0.914027578182265
"t25",-0.135929647795814
"t48",-1.48389938475466
"t63",-0.429125978191848
"t92",-0.0775067949892582
