accepted_species,0,1
t179,0.5269404364208468,0.47305956357915324
t211,0.6386353138265621,0.36136468617343787
t232,0.5419850354138005,0.45801496458619956
t323,0.5405600666605391,0.45943993333946087
t338,0.5221477625413482,0.47785223745865185
t341,0.6387676990290448,0.36123230097095516
t351,0.6397236081715281,0.3602763918284719
t362,0.5227669030565659,0.4772330969434341
t365,0.6103211194754601,0.38967888052453986
t367,0.5759312062238542,0.4240687937761458
