accepted_species,0,1
t179,0.5659520931618861,0.4340479068381139
t211,0.6216310988668902,0.37836890113310984
t232,0.5878943669927122,0.41210563300728775
t323,0.5887158065791083,0.4112841934208918
t338,0.5652153444518628,0.4347846555481372
t341,0.6235964669087476,0.3764035330912524
t351,0.6240473558912774,0.37595264410872264
t362,0.563981780801541,0.436018219198459
t365,0.5943771512669931,0.4056228487330069
t367,0.5752770723363603,0.4247229276636397
