accepted_species,0,1
t63,0.47275758,0.5272424
t87,0.7004486,0.29955143
t95,0.5020342,0.49796578
t100,0.2942992,0.7057008
t114,0.32878268,0.6712173
t127,0.32065558,0.6793444
t136,0.43174028,0.5682597
t142,0.55257237,0.44742766
t147,0.7004486,0.29955143
t152,0.5020342,0.49796578
