accepted_species,0,1
t179,0.5267726,0.47322735
t211,0.6702944,0.3297056
t232,0.54713064,0.45286936
t323,0.5560956,0.44390437
t338,0.59271157,0.4072884
t341,0.6910882,0.30891183
t351,0.6767615,0.3232385
t362,0.4521351,0.5478649
t365,0.5458021,0.45419788
t367,0.64223456,0.3577654
