accepted_species,0,1
t179,0.3924802,0.6075198
t211,0.79011077,0.20988923
t232,0.39448965,0.60551035
t323,0.5381441,0.4618559
t338,0.64101917,0.35898083
t341,0.79011077,0.20988923
t351,0.79011077,0.20988923
t362,0.50905454,0.49094543
t365,0.5306655,0.46933445
t367,0.68672895,0.31327105
