accepted_species,0,1
t179,0.5575185,0.44248152
t211,0.77428234,0.22571768
t232,0.5575185,0.44248152
t323,0.5575185,0.44248152
t338,0.5575185,0.44248152
t341,0.77428234,0.22571768
t351,0.77428234,0.22571768
t362,0.5575185,0.44248152
t365,0.5991405,0.4008595
t367,0.5575185,0.44248152
