accepted_species,estimate
t6,1.067052215493929
t99,0.5512303779465774
t100,0.5931530663189225
t123,0.9848584259103595
t113,0.8933584307188013
t88,0.9646029929407728
t83,0.6557114552009243
t84,0.597192843397817
t140,-0.04210774758129285
t97,-0.21568091597179415
t93,-0.400085781904182
t96,-0.16462465152600977
t90,0.15269778765932843
t132,0.7276552895253413
