accepted_species,0
t6,-0.0690179131028246
t99,-0.0690179131028246
t100,-0.0690179131028246
t123,-0.0690179131028246
t113,-0.0690179131028246
t88,-0.0690179131028246
t83,-0.0690179131028246
t84,-0.0690179131028246
t140,-0.244450673667917
t97,-0.0690179131028246
t93,-0.0690179131028246
t96,-0.0690179131028246
t90,-0.0690179131028246
t132,-0.0690179131028246
