"accepted_species","estimate"
"t80",1.63561919489931
"t15",0.797120163458977
"t16",0.797120163458977
"t30",1.2801451218791
"t90",1.0921955995232
"t74",0.498451760598964
"t75",0.498451760598964
"t73",0.256200288587918
"t95",0.387336290320119
"t56",0.426520894945522
