accepted_species,estimate
t80,1.7463183
t15,1.5133109
t16,1.1169757
t30,1.477597
t90,1.0874357
t74,0.43329015
t75,0.5328864
t73,0.26677656
t95,0.42164126
t56,0.26744413
