accepted_species,0,1
Spermacoce_viridiflora,0.9298802,0.0701198
Forsteronia_thyrsoidea,0.76890624,0.23109378
Acranthera_axilliflora,0.9298802,0.0701198
Malouetia_heudelotii,0.76890624,0.23109378
Pagamea_puberula,0.9516982,0.048301842
Galium_qaradaghense,0.9298802,0.0701198
Psychotria_rhombocarpa,0.9516982,0.048301842
Ixora_symphorantha,0.9516982,0.048301842
Vangueria_proschii,0.9516982,0.048301842
Ophiorrhiza_linearifolia,0.9298802,0.0701198
