accepted_species,0,1
Spermacoce_viridiflora,0.94344383,0.05655616
Forsteronia_thyrsoidea,0.8802717,0.11972835
Acranthera_axilliflora,0.94274294,0.05725704
Malouetia_heudelotii,0.8632094,0.13679059
Pagamea_puberula,0.94344383,0.05655616
Galium_qaradaghense,0.9418159,0.05818408
Psychotria_rhombocarpa,0.94344383,0.05655616
Ixora_symphorantha,0.92920923,0.07079079
Vangueria_proschii,0.92920923,0.07079079
Ophiorrhiza_linearifolia,0.94344383,0.05655616
