accepted_species,0,1
t17,0.21562633862645164,0.7843736613735484
t25,0.2334995507287212,0.7665004492712788
t36,0.10944327955414479,0.8905567204458552
t100,0.5319080105269793,0.4680919894730206
t14,0.44404606822478665,0.5559539317752134
t15,0.5506117050419064,0.4493882949580937
t52,0.12210726458638521,0.8778927354136148
t83,0.3554973321183208,0.6445026678816792
t49,0.1755219272756321,0.8244780727243679
t62,0.23928263387414717,0.7607173661258528
