accepted_species,0,1
t17,0.33700782,0.6629922
t25,0.57413805,0.42586198
t36,0.042137206,0.9578628
t100,0.45176566,0.54823434
t14,0.29452288,0.7054771
t15,0.24853057,0.75146943
t52,0.049782872,0.9502171
t83,0.1337164,0.8662836
t49,0.11101222,0.8889878
t62,0.11101222,0.8889878
