accepted_species,estimate
Galium_mollugo,-0.7036961105811863
Galium_spurium,-0.21483871941013577
Galium_tenuissimum,-0.47210315607711495
Gentiana_triflora,-1.0487282696798048
Hintonia_latiflora,0.3680334263881755
Psychotria_loniceroides,-0.22311568345968924
Psychotria_penangensis,-0.02232556970035615
Swertia_pseudochinensis,-0.0829784914102647
Tabernaemontana_cymosa,0.3730697771536433
Vinca_minor,1.1978749324964277
