accepted_species,0,1
t7,0.7538854785692405,0.2461145214307595
t15,0.7602931464630766,0.23970685353692342
t16,0.7482576368052125,0.25174236319478754
t42,0.7607419863481292,0.2392580136518708
t45,0.7610049185115335,0.23899508148846652
t59,0.7476738035592306,0.25232619644076937
t91,0.7608456980126211,0.2391543019873789
t95,0.7463768898803287,0.25362311011967137
t101,0.7610215611184867,0.2389784388815132
t107,0.7465997303610845,0.2534002696389155
