accepted_species,0,1
t44,0.18299997518819144,0.8170000248118086
t54,0.1744354769444505,0.8255645230555495
t59,0.17343922633474795,0.826560773665252
t75,0.17457823635440572,0.8254217636455943
t106,0.18286503473337556,0.8171349652666244
t127,0.17938792506413603,0.820612074935864
t133,0.1792621563127954,0.8207378436872046
t134,0.17910489405479957,0.8208951059452004
t135,0.17907674844468924,0.8209232515553108
t138,0.17447380913905997,0.82552619086094
