"accepted_species","0","1"
"t7","0.499933964535894","0.500066035464106"
"t15","0.500921327944922","0.499078672055078"
"t16","0.498496157771529","0.501503842228471"
"t42","0.508926983569666","0.491073016430334"
"t45","0.482196283662762","0.517803716337238"
"t59","0.500014712726543","0.499985287273457"
"t91","0.683606658002445","0.316393341997555"
"t95","0.810162446218127","0.189837553781873"
"t101","0.739925748919682","0.260074251080318"
"t107","0.836376246161664","0.163623753838336"
