accepted_species,0,1
t44,0.062063158,0.93793684
t54,0.1732037,0.8267963
t59,0.054221272,0.9457787
t75,0.043939233,0.95606077
t106,0.18386841,0.8161316
t127,0.0146071315,0.98539287
t133,0.45720327,0.54279673
t134,0.028551519,0.9714485
t135,0.028551519,0.9714485
t138,0.045713365,0.95428663
