accepted_species,0,1
t7,0.7844466,0.21555342
t15,0.8201953,0.17980465
t16,0.70545983,0.29454014
t42,0.7577413,0.24225874
t45,0.7216021,0.27839792
t59,0.7195004,0.2804996
t91,0.7834749,0.21652505
t95,0.7340458,0.2659542
t101,0.7238189,0.2761811
t107,0.7394131,0.26058692
