accepted_species,0,1
t44,0.16102946,0.83897054
t54,0.07200837,0.9279916
t59,0.07923138,0.9207686
t75,0.04400438,0.9559956
t106,0.72686195,0.27313808
t127,0.09439367,0.9056063
t133,0.09907615,0.90092385
t134,0.033994615,0.9660054
t135,0.031552136,0.96844786
t138,0.039156437,0.96084356
