accepted_species,0,1
t6,0.0075187683,0.99248123
t97,0.0075187683,0.99248123
t98,0.0075187683,0.99248123
t52,0.0075187683,0.99248123
t134,0.0075187683,0.99248123
t73,0.0075187683,0.99248123
t131,0.0075187683,0.99248123
t99,0.0075187683,0.99248123
t45,0.0075187683,0.99248123
t119,0.0075187683,0.99248123
t85,0.0075187683,0.99248123
t86,0.0075187683,0.99248123
t74,0.0075187683,0.99248123
t28,0.0075187683,0.99248123
