accepted_species,0,1
t61,0.13715887,0.8628411
t23,0.13715887,0.8628411
t67,0.13291919,0.8670808
t68,0.13291919,0.8670808
t46,0.13291919,0.8670808
t11,0.12198025,0.87801975
t93,0.12296349,0.8770365
t99,0.1622402,0.8377598
t32,0.16376758,0.8362324
t65,0.16197401,0.838026
