accepted_species,0,1
t61,0.10268372,0.8973163
t23,0.10268372,0.8973163
t67,0.10085285,0.89914715
t68,0.10085285,0.89914715
t46,0.101632,0.898368
t11,0.09795004,0.90204996
t93,0.099871874,0.9001281
t99,0.1937725,0.8062275
t32,0.18720299,0.812797
t65,0.19180739,0.8081926
