accepted_species,0,1
sp6,0.9927990432422551,0.00720095675774486
sp89,0.25871649334196856,0.7412835066580314
sp91,0.5028180469018502,0.49718195309814983
sp101,0.33686165063066553,0.6631383493693345
sp103,0.34778406100346315,0.6522159389965368
sp111,0.2944531443191921,0.7055468556808079
sp113,0.45704818345406306,0.5429518165459369
sp126,0.4713093948424686,0.5286906051575314
sp143,0.3306672160360419,0.6693327839639581
sp164,0.26828867554910696,0.731711324450893
