accepted_species,0,1
sp6,0.37777777777777777,0.6222222222222222
sp89,0.37777777777777777,0.6222222222222222
sp91,0.37777777777777777,0.6222222222222222
sp101,0.37777777777777777,0.6222222222222222
sp103,0.37777777777777777,0.6222222222222222
sp111,0.37777777777777777,0.6222222222222222
sp113,0.37777777777777777,0.6222222222222222
sp126,0.37777777777777777,0.6222222222222222
sp143,0.37777777777777777,0.6222222222222222
sp164,1.0,0.0
