accepted_species,0,1
sp6,0.82319343,0.17680658
sp89,0.008318722,0.9916813
sp91,0.010228872,0.9897711
sp101,0.03667581,0.9633242
sp103,0.028307915,0.9716921
sp111,0.038832903,0.9611671
sp113,0.3163708,0.6836292
sp126,0.10530937,0.89469063
sp143,0.013171136,0.98682886
sp164,0.8036741,0.19632593
