accepted_species,0,1
sp94,0.1821292,0.8178708
sp113,0.3036611,0.6963389
sp131,0.20383829,0.7961617
sp146,0.5727458,0.42725423
sp174,0.4909194,0.5090806
sp183,0.24941826,0.75058174
sp197,0.03337139,0.9666286
sp203,0.02937758,0.9706224
sp214,0.016099572,0.9839004
sp240,0.016099572,0.9839004
