accepted_species,0
t80,0.043529816551366014
t116,0.043529816551366014
t159,-1.31300775272726
t33,0.043529816551366014
t75,0.043529816551366014
t145,-0.580794925654931
t46,0.043529816551366014
t55,0.043529816551366014
t59,0.043529816551366014
t3,0.043529816551366014
t74,0.043529816551366014
t30,0.043529816551366014
t115,0.043529816551366014
t110,0.043529816551366014
t84,0.043529816551366014
t95,0.043529816551366014
t155,1.51276018806522
