"accepted_species","estimate"
"t80",0.0691316058050632
"t116",0.10959102254988
"t159",-1.30100105491164
"t33",0.911805409220571
"t75",-0.533646242076977
"t145",-0.573851865691142
"t46",-0.525992541836903
"t55",-0.547244970503018
"t59",0.209476367211919
"t3",0.361868433411835
"t74",0.36810146905366
"t30",-0.621938926561605
"t115",-1.50949597504055
"t110",0.0389265099937656
"t84",0.291155092794062
"t95",0.13515498621932
"t155",1.55163508726345
