accepted_species,estimate
t80,-0.31229696
t116,-0.09404184
t159,-1.0421528
t33,0.3919371
t75,-0.5781203
t145,-0.6480126
t46,-1.0738711
t55,-0.9556458
t59,-0.84355867
t3,0.08283202
t74,1.3159691
t30,-0.59337175
t115,-0.66426057
t110,-0.9630597
t84,-0.31092635
t95,-0.03889655
t155,1.9298564
