accepted_species,estimate
t62,7.0335887710834895
t63,7.03386473169461
t64,7.03386473169461
t60,6.4499248561705835
t61,6.4499248561705835
t13,6.923886730621902
t99,7.270942702810396
t100,7.270942702810396
t18,7.007693509637244
t19,7.007693509637242
