"accepted_species","estimate"
"t62",0.084485531837446
"t63",0.084485531837446
"t64",0.084485531837446
"t60",0.084485531837446
"t61",0.084485531837446
"t13",0.084485531837446
"t99",0.084485531837446
"t100",0.084485531837446
"t18",0.084485531837446
"t19",0.084485531837446
