accepted_species,0,1
t147,0.8123301779559222,0.18766982204407784
t215,0.9196352522927453,0.08036474770725466
t223,0.8111966075109034,0.18880339248909664
t227,0.8344624810144023,0.1655375189855976
t237,0.8148015416117518,0.18519845838824817
t262,0.6811868054853149,0.31881319451468515
t263,0.5944510395710229,0.40554896042897715
t267,0.8844349820899119,0.11556501791008811
t271,0.897109188311042,0.10289081168895797
t288,0.7652957422434191,0.23470425775658085
