accepted_species,0,1
t147,0.72249174,0.27750826
t215,0.84313506,0.15686494
t223,0.82741386,0.17258614
t227,0.83248734,0.16751269
t237,0.83248734,0.16751269
t262,0.8417102,0.1582898
t263,0.8417102,0.1582898
t267,0.8364,0.16360001
t271,0.8438089,0.1561911
t288,0.83312,0.16688
