accepted_species,estimate
t2,-0.5652363380335899
t16,-0.6544167474107943
t17,-0.7903712156151685
t85,-0.8299383762537793
t86,-0.8418293296060517
t90,-0.8600234061375096
t20,-0.9029322810628579
t10,-0.20140464299410768
t80,0.16311868375421348
t81,0.1539509683135922
