accepted_species,estimate
Alstonia_muelleriana,-0.4939822133580332
Arachnothryx_galeottii,0.33300420080603804
Asclepias_incarnata,-0.20276753240985973
Coffea_liberica,0.840103316410721
Galium_tinctorium,-0.3810090181629298
Gentiana_lutea,0.028338924491496175
Ixora_pendula,0.370065824304939
Palicourea_cyanococca,-0.1305477474425923
Psychotria_grandis,0.5101070428850071
Timonius_wallichianus,0.272891834294753
