accepted_species,0,1
t29,0.9912040405725142,0.008795959427485806
t83,0.9929043170943525,0.0070956829056475
t67,0.9947481609305968,0.005251839069403145
t46,0.9955835629905647,0.004416437009435327
t78,0.9663276252929859,0.03367237470701407
t41,0.9650130348584588,0.03498696514154117
t69,0.889793553210424,0.110206446789576
t84,0.8711573449386304,0.1288426550613696
t72,0.8855365455880159,0.11446345441198412
t52,0.9072698443210071,0.0927301556789929
