accepted_species,0,1
t29,0.9508150732057155,0.0491849267942845
t83,0.9516491376328327,0.0483508623671673
t67,0.954181052489274,0.04581894751072605
t46,0.9541831259947018,0.045816874005298235
t78,0.9364218580080301,0.06357814199196982
t41,0.9364701516814905,0.06352984831850947
t69,0.9393975750749223,0.06060242492507771
t84,0.9393464017646205,0.060653598235379476
t72,0.9398971884326225,0.06010281156737748
t52,0.9399234925496589,0.06007650745034113
