accepted_species,0,1
t29,0.96035963,0.039640382
t83,0.9539876,0.04601239
t67,0.9607281,0.03927189
t46,0.96130115,0.038698874
t78,0.9191403,0.0808597
t41,0.919912,0.08008804
t69,0.9372134,0.0627866
t84,0.9324032,0.06759679
t72,0.9416483,0.058351707
t52,0.9427838,0.05721622
