accepted_species,0,1
Sicyocarpus_cordifolius,0.996742,0.0032579915
Randia_genipifolia,0.99524397,0.004756053
Scleromitrion_scleranthoides,0.9636114,0.03638855
Spermacoce_omissa,0.9752386,0.024761377
Kadua_grantii,0.9752386,0.024761377
Gyrandra_pauciflora,0.3494134,0.6505866
Acranthera_parviflora,0.9752386,0.024761377
Mussaenda_pingbianensis,0.99678606,0.0032139216
Pachycarpus_pachyglossus,0.9806358,0.019364156
Mitreola_pedicellata,0.9644557,0.03554427
