"accepted_species","estimate"
"t77",-0.319609544576942
"t78",-0.319609544576942
"t34",-0.319609544576942
"t9",-0.319609544576942
"t89",-0.319609544576942
"t90",-0.319609544576942
"t56",-0.319609544576942
"t93",-0.319609544576942
"t94",-0.319609544576942
"t20",-0.319609544576942
