accepted_species,estimate
t77,-0.22694516
t78,-0.22694516
t34,-0.22360536
t9,-0.22360536
t89,-0.20377743
t90,-0.20377743
t56,-0.20377743
t93,-0.20377743
t94,-0.20377743
t20,-0.20377743
