accepted_species,0,1
Phyllanthera_grayi,0.89450586,0.10549417
Aspidoglossum_uncinatum,0.871776,0.12822402
Ceropegia_parvior,0.89450586,0.10549417
Pseudolachnostoma_parviflorum,0.8488372,0.1511628
Mandevilla_ulei,0.8789907,0.12100929
Mitrasacme_galbina,0.87017655,0.12982346
Ceropegia_foetidiflora,0.89450586,0.10549417
Swertia_acaulis,0.95292383,0.047076166
Ceropegia_leroyi,0.89450586,0.10549417
Vincetoxicum_pumilum,0.8621461,0.13785394
