accepted_species,0,1
t168,0.49446765923145664,0.5055323407685434
t178,0.4978914747737434,0.5021085252262566
t182,0.4478069967406605,0.5521930032593395
t194,0.41528362391208395,0.584716376087916
t195,0.41756160787184904,0.582438392128151
t200,0.5921411290004441,0.4078588709995559
t201,0.48723243431707786,0.5127675656829221
t206,0.5862304448886875,0.4137695551113126
t209,0.5304630826720014,0.4695369173279986
t244,0.5260131685005844,0.4739868314994155
