accepted_species,0,1
t168,0.5349001525069852,0.46509984749301475
t178,0.5348881776603944,0.4651118223396055
t182,0.5348901741947165,0.46510982580528343
t194,0.5349600552447055,0.46503994475529453
t195,0.5349608647656471,0.4650391352343529
t200,0.5348149307724704,0.46518506922752956
t201,0.5348310287398517,0.46516897126014833
t206,0.5348544350163809,0.4651455649836192
t209,0.5350030553284546,0.4649969446715454
t244,0.5348574332710054,0.4651425667289945
