accepted_species,0,1
t49,0.6325477568293174,0.3674522431706826
t88,0.6326090264018818,0.3673909735981182
t134,0.6327556293406292,0.36724437065937077
t141,0.6326795159700194,0.36732048402998063
t198,0.6319432416548936,0.3680567583451064
t200,0.6327201462765792,0.36727985372342076
t201,0.6326743054946019,0.3673256945053981
t235,0.6327992025077985,0.36720079749220147
t246,0.6326913118851143,0.3673086881148857
t250,0.6311914872458909,0.3688085127541091
