accepted_species,0,1
t168,0.46766615,0.53233385
t178,0.46687567,0.5331243
t182,0.34818506,0.65181494
t194,0.34818506,0.65181494
t195,0.34818506,0.65181494
t200,0.36579365,0.63420635
t201,0.35695946,0.64304054
t206,0.4611299,0.5388701
t209,0.4095077,0.5904923
t244,0.48232305,0.51767695
