accepted_species,0
t57,-0.04200937256990147
t58,-0.04200937256990147
t72,-0.04200937256990147
t69,-0.04200937256990147
t24,-0.04200937256990147
t37,-0.04200937256990147
t38,-0.04200937256990147
t63,-0.04200937256990147
t41,-0.04200937256990147
t8,-0.04200937256990147
