"","turnover.rates","eps.values","transition.rates"
"1",0.433288066647947,0.0261570310685784,NA
"2",0.769954859279096,0.591571510769427,0.596278031356633
"3",0.433288066647947,0.0261570310685784,0.658224144019186
"4",0.769954859279096,0.591571510769427,NA
