accepted_species,0,1
t82,0.20734212233697757,0.7926578776630224
t7,0.45252227323853844,0.5474777267614616
t100,0.4498683107691992,0.5501316892308008
t54,0.3034574237346105,0.6965425762653895
t33,0.6353613079314042,0.3646386920685957
t23,0.6414654947764196,0.3585345052235805
t73,0.6407528200346881,0.35924717996531186
t74,0.6400927505321748,0.35990724946782515
t44,0.5720165798115684,0.42798342018843155
t2,0.5733939486675323,0.42660605133246765
