accepted_species,0,1
t82,0.29016525,0.70983475
t7,0.44516212,0.5548379
t100,0.4599768,0.5400232
t54,0.36012065,0.63987935
t33,0.5465336,0.45346642
t23,0.5478197,0.45218033
t73,0.5436839,0.45631608
t74,0.52847147,0.47152856
t44,0.49811262,0.5018874
t2,0.49811262,0.5018874
