accepted_species,0,1
t82,0.25019264,0.74980736
t7,0.48332882,0.5166712
t100,0.55576587,0.44423416
t54,0.26874548,0.7312545
t33,0.6369168,0.36308318
t23,0.6369168,0.36308318
t73,0.6369168,0.36308318
t74,0.6369168,0.36308318
t44,0.28170437,0.71829563
t2,0.28170437,0.71829563
