accepted_species,0,1
t82,0.2850799,0.7149201
t7,0.50893617,0.49106383
t100,0.45674533,0.5432547
t54,0.33486974,0.66513026
t33,0.54848635,0.45151365
t23,0.55322516,0.4467748
t73,0.54600286,0.45399716
t74,0.54600286,0.45399716
t44,0.516637,0.48336297
t2,0.4917053,0.5082947
