"accepted_species","estimate"
"t100",1.86967807693328
"t76",1.78169813648526
"t48",1.656342372703
"t25",1.2093900451731
"t26",1.2093900451731
"t84",1.35779318917543
"t85",1.35779318917543
"t92",1.39661057048423
"t16",1.24876007775433
"t3",0.900123419093458
