accepted_species,estimate
t97,0.13739846218933432
t164,0.05181661606255372
t125,0.3467805819019656
t23,-0.25091678529025735
t86,0.08563437528686817
t87,-0.08151578684889946
t46,-0.01635010285275016
t12,-0.07041045715001853
t42,0.04822045802943621
t30,-0.2292491012074564
t140,0.02235045501722384
t141,-0.19173462151776627
t153,-0.3215069476570753
t31,-0.29513973001250443
t113,-0.1773403679526097
t90,-0.320604494677919
t20,-0.33009153479908565
