accepted_species,0
t97,
t164,-0.133455549438116
t125,
t23,
t86,
t87,
t46,
t12,
t42,
t30,
t140,
t141,
t153,-1.0340536556135
t31,
t113,
t90,
t20,
