accepted_species,0,1
t76,0.9868022,0.013197796
t65,0.9761439,0.023856096
t59,0.9868022,0.013197796
t44,0.9747584,0.02524162
t17,0.86336744,0.13663255
t66,0.9422074,0.057792626
t79,0.9636849,0.036315106
t80,0.9484505,0.051549517
t30,0.9761439,0.023856096
t82,0.9636849,0.036315106
t31,0.94383246,0.056167524
t39,0.9636849,0.036315106
t106,0.9258593,0.07414071
