accepted_species,estimate
Asclepias_subulata,-0.2295416194349441
Asclepias_syriaca,-0.21057855436460982
Asclepias_verticillata,-0.2073492748924709
Coprosma_repens,-0.33327330554631474
Coprosma_rhamnoides,-0.288694500025391
Galium_nuttallii,-0.49801373694424067
Hamelia_axillaris,-0.5021077425931134
Swertia_bimaculata,-0.46867639928938487
Tabernaemontana_cymosa,0.4260375729246032
Vinca_major,0.4933889669290926
