accepted_species,estimate
Alstonia_scholaris,0.5682121860648581
Centaurium_littorale,-0.41551237078270475
Crucianella_gilanica,-0.31540358863352225
Galium_eriocarpum,-0.3242042676638085
Gentiana_utriculosa,-0.4651581059558848
Ixora_congesta,1.3028659453384113
Ixora_peruviana,1.3028659453384117
Kelloggia_galioides,-0.2564999188072754
Tabernaemontana_siphilitica,0.495516474267829
Timonius_wallichianus,-0.2595710702865983
