accepted_species,0,1
sp59,0.3411587007523227,0.6588412992476773
sp60,0.3411587007523227,0.6588412992476773
sp75,0.3411469062706046,0.6588530937293954
sp76,0.3411469062706046,0.6588530937293954
sp82,0.3410618250920804,0.6589381749079196
sp96,0.34137550601777245,0.6586244939822276
sp120,0.3413750587834111,0.6586249412165889
sp121,0.3413750587834111,0.6586249412165889
sp128,0.34102343193268503,0.658976568067315
sp129,0.34102343193268514,0.6589765680673149
