accepted_species,0,1
sp59,0.60472435,0.39527565
sp60,0.60472435,0.39527565
sp75,0.38140255,0.61859745
sp76,0.38140255,0.61859745
sp82,0.5660307,0.43396932
sp96,0.52965903,0.47034094
sp120,0.52965903,0.47034094
sp121,0.52965903,0.47034094
sp128,0.4890477,0.5109523
sp129,0.4890477,0.5109523
