accepted_species,estimate
Blepharidium_guatemalense,0.6770896995649885
Exostema_caribaeum,-0.34807677557780997
Guettarda_elliptica,0.4578482530551112
Guettarda_odorata,0.5526660932103357
Guettarda_tikalana,0.4877523206400534
Guettarda_uruguensis,0.4678705041921221
Hamelia_axillaris,0.21042982756113635
Hintonia_latiflora,-0.5148124745371493
Neolamarckia_cadamba,0.4368825202023768
Timonius_wallichianus,0.5199295865180938
