accepted_species,estimate
Blepharidium_guatemalense,0.26718601668770947
Exostema_caribaeum,0.3869978040803078
Guettarda_elliptica,0.2568688704889649
Guettarda_odorata,0.5024323707071419
Guettarda_tikalana,0.5007795387727655
Guettarda_uruguensis,0.2720252246568029
Hamelia_axillaris,0.343398631420883
Hintonia_latiflora,0.4838954842065489
Neolamarckia_cadamba,0.28744169998684643
Timonius_wallichianus,0.4222323880845818
