accepted_species,0
Blepharidium_guatemalense,-0.018148244384554448
Exostema_caribaeum,-0.018148244384554448
Guettarda_elliptica,-0.018148244384554448
Guettarda_odorata,-0.018148244384554448
Guettarda_tikalana,-0.018148244384554448
Guettarda_uruguensis,-0.018148244384554448
Hamelia_axillaris,-0.018148244384554448
Hintonia_latiflora,-0.018148244384554448
Neolamarckia_cadamba,-0.018148244384554448
Timonius_wallichianus,-0.018148244384554448
