accepted_species,0,1
t9,0.8367598303103306,0.16324016968966937
t12,0.8306551889347068,0.16934481106529323
t29,0.8190778149150353,0.18092218508496474
t97,0.8102190750030215,0.18978092499697855
t60,0.23247380091811576,0.7675261990818842
t24,0.28504475826107967,0.7149552417389203
t19,0.3300105209960895,0.6699894790039105
t22,0.3321924215589419,0.6678075784410581
t13,0.805711810751454,0.19428818924854593
t18,0.8623368360366935,0.1376631639633065
