accepted_species,0,1
t9,0.8929725640545292,0.1070274359454708
t12,0.8850733850372945,0.1149266149627055
t29,0.9174999531679978,0.08250004683200221
t97,0.8746788832968507,0.12532111670314924
t60,0.11168137606597006,0.8883186239340299
t24,0.2555737673091224,0.7444262326908776
t19,0.24741715670920117,0.7525828432907988
t22,0.13448242385983245,0.8655175761401676
t13,0.33301385122307947,0.6669861487769205
t18,0.6718945733767422,0.3281054266232578
