"accepted_species","0","1"
"t91",0.908564251326883,0.0914357486731172
"t92",0.908564251326883,0.0914357486731172
"t79",0.857362670479111,0.142637329520889
"t23",0.591453415039062,0.408546584960938
"t24",0.591453415039062,0.408546584960938
"t83",0.896663053396711,0.103336946603289
"t31",0.597254086828629,0.402745913171371
"t66",0.756770033730657,0.243229966269343
"t64",0.60310120465383,0.39689879534617
"t4",0.590072700167639,0.409927299832361
