accepted_species,0,1
t91,0.82136905,0.17863092
t92,0.82136905,0.17863092
t79,0.82136905,0.17863092
t23,0.82136905,0.17863092
t24,0.82136905,0.17863092
t83,0.74761784,0.25238216
t31,0.74761784,0.25238216
t66,0.74761784,0.25238216
t64,0.5786735,0.4213265
t4,0.5786735,0.4213265
