accepted_species,0,1
t91,0.6461649,0.35383508
t92,0.6461649,0.35383508
t79,0.6461649,0.35383508
t23,0.6461649,0.35383508
t24,0.6461649,0.35383508
t83,0.6461649,0.35383508
t31,0.6461649,0.35383508
t66,0.6461649,0.35383508
t64,0.6461649,0.35383508
t4,0.6461649,0.35383508
