accepted_species,estimate
t67,0.07752645008618837
t78,0.3219136711424487
t88,0.14410332494676037
t93,0.1529393185538393
t126,-0.02927958626609993
t86,-0.035989545297743716
t61,-0.009066871272698326
t62,1.2220537128170759
t134,1.1701735722083904
t135,1.224329532400009
t96,1.0219251128495663
t97,1.2845163905023687
t95,1.214520523920869
t116,1.1033564419941826
t90,1.0433185592018908
