"accepted_species","estimate"
"t67",0.433701932495632
"t78",0.452865708251457
"t88",0.454532863385692
"t93",0.459409181962674
"t126",0.494149090513275
"t86",0.114353819055492
"t61",0.339640612414267
"t62",0.896795661214714
"t134",0.769623474597223
"t135",0.769623474597223
"t96",1.23961077345675
"t97",1.23961077345675
"t95",1.27428965673648
"t116",1.4067066725585
"t90",1.24205927658032
