accepted_species,estimate
t67,0.24609308
t78,0.25792336
t88,-0.16566516
t93,0.25201204
t126,0.24609308
t86,0.25201204
t61,0.25201204
t62,0.3980911
t134,0.3980911
t135,0.82606417
t96,0.82606417
t97,0.6639489
t95,0.82606417
t116,0.3980911
t90,0.8142339
