accepted_species,0,1
Aidia_bakeri,0.93881863,0.06118134
Ceriscoides_curranii,0.93881863,0.06118134
Ixora_vinniei,0.93881863,0.06118134
Guettarda_rotundifolia,0.893023,0.106977016
Guettarda_nervosa,0.893023,0.106977016
Ixora_richardiana,0.93881863,0.06118134
Mussaenda_divaricata,0.93881863,0.06118134
Hoffmannia_pearcei,0.93881863,0.06118134
Tricalysia_allocalyx,0.93881863,0.06118134
Sabicea_boliviensis,0.93881863,0.06118134
