accepted_species,0,1
t78,0.5753850519265533,0.42461494807344663
t72,0.6406939696043392,0.3593060303956607
t50,0.6289695309637473,0.37103046903625264
t20,0.73074667187693,0.26925332812307
t84,0.786922341052774,0.21307765894722597
t57,0.8219338042633335,0.17806619573666654
t95,0.8302905674359576,0.16970943256404233
t38,0.8303437250670518,0.1696562749329482
t66,0.8406440924018858,0.15935590759811422
t29,0.8303367839872944,0.1696632160127056
