accepted_species,0,1
t78,0.7977902670474396,0.20220973295256042
t72,0.7997564026517612,0.20024359734823888
t50,0.8002269006740746,0.19977309932592535
t20,0.8084670963802023,0.1915329036197977
t84,0.8073649114354091,0.19263508856459086
t57,0.8120477802127034,0.18795221978729656
t95,0.811932330333933,0.188067669666067
t38,0.8099681423897058,0.19003185761029415
t66,0.809113192354034,0.19088680764596597
t29,0.8087120553338732,0.19128794466612675
