accepted_species,0,1
t78,0.7808869,0.2191131
t72,0.7683512,0.23164882
t50,0.7858253,0.2141747
t20,0.82879186,0.17120813
t84,0.838857,0.16114302
t57,0.7832327,0.21676734
t95,0.7981091,0.20189089
t38,0.8163322,0.18366781
t66,0.79280674,0.20719324
t29,0.82288903,0.17711096
