accepted_species,estimate
t31,-1.7660283
t65,0.059550755
t58,0.38066703
t95,-0.0428572
t135,0.26355925
t45,0.5108013
t16,0.41467315
t114,1.4131504
t108,0.4465685
t38,0.6315687
t49,0.9851269
t18,0.76107454
t94,0.38708463
t88,0.25824192
t149,0.08605798
