"accepted_species","0","1"
"sp65",0.41275797805079,0.58724202194921
"sp83",0.411034667331612,0.588965332668388
"sp114",0.415202461966958,0.584797538033042
"sp116",0.442272871194355,0.557727128805645
"sp130",0.515240177863613,0.484759822136387
"sp154",0.215824364571365,0.784175635428635
"sp175",0.779934047344253,0.220065952655747
"sp186",0.768625572095747,0.231374427904253
"sp196",0.840384573787692,0.159615426212308
"sp197",0.840384573787692,0.159615426212308
