accepted_species,0,1
sp65,0.49541295,0.50458705
sp83,0.94542384,0.05457616
sp114,0.97597295,0.024027027
sp116,0.49896407,0.5010359
sp130,0.8542609,0.14573906
sp154,0.43016523,0.56983477
sp175,0.9936068,0.00639318
sp186,0.9654017,0.03459828
sp196,0.648553,0.35144696
sp197,0.90583223,0.09416779
