accepted_species,0,1
t56,0.05003271760647843,0.9499672823935216
t79,0.017477328665352787,0.9825226713346472
t5,0.01732638942621534,0.9826736105737847
t87,0.04269959817879099,0.957300401821209
t88,0.057654782670771065,0.9423452173292289
t66,0.08561272597536573,0.9143872740246343
t39,0.04320261212254739,0.9567973878774526
t33,0.022271250848017732,0.9777287491519823
t25,0.3008751123754868,0.6991248876245132
t92,0.20511057504913233,0.7948894249508677
