accepted_species,0,1
t56,0.08742047262273633,0.9125795273772637
t79,0.4656896629623798,0.5343103370376202
t5,0.23896835707167108,0.7610316429283289
t87,0.21045513858941522,0.7895448614105848
t88,0.21045513858941522,0.7895448614105848
t66,0.09091849779851346,0.9090815022014865
t39,0.16997772941395906,0.8300222705860409
t33,0.142753489788089,0.857246510211911
t25,0.20906585531697863,0.7909341446830214
t92,0.004509202011820812,0.9954907979881792
