accepted_species,0,1
Gynochthodes_polyneura,0.9545543,0.04544567
Triainolepis_arcuata,0.9551315,0.04486853
Pleioceras_zenkeri,0.98942184,0.010578127
Houstonia_rubra,0.9805737,0.019426309
Mandevilla_novocapitalis,0.98942184,0.010578127
Matelea_camporum,0.9695237,0.0304763
Chironia_erythraeoides,0.8323604,0.16763958
Gymnema_albiflorum,0.95809263,0.04190735
Erithalis_fruticosa,0.8764517,0.12354831
Ophiorrhiza_carstensensis,0.9596848,0.0403152
