accepted_species,0,1
t18,0.012011647,0.98798835
t121,0.01797545,0.98202455
t142,0.012011647,0.98798835
t144,0.012011647,0.98798835
t44,0.012011647,0.98798835
t132,0.012410164,0.98758984
t57,0.012011647,0.98798835
t71,0.012011647,0.98798835
t58,0.012011647,0.98798835
t38,0.023151994,0.976848
t39,0.023151994,0.976848
t97,0.058238924,0.9417611
t34,0.029559255,0.97044075
t32,0.037942886,0.9620571
