accepted_species,0,1
t134,0.9854518,0.014548159
t49,0.9859741,0.014025917
t115,0.34627736,0.65372264
t95,0.99438035,0.005619669
t118,0.9899556,0.010044414
t143,0.9489802,0.051019788
t46,0.29766643,0.70233357
t81,0.99670565,0.0032943473
t8,0.96924937,0.030750636
t38,0.96305406,0.03694597
t89,0.9849158,0.015084193
t121,0.8769822,0.123017795
t27,0.9178091,0.08219085
t1,0.9918212,0.008178749
