accepted_species,0,1
t9,0.6030685743271607,0.3969314256728394
t12,0.051592487152056665,0.9484075128479433
t23,0.30954671734929373,0.6904532826507063
t42,0.3728180548037391,0.6271819451962609
t71,0.29563903605122754,0.7043609639487725
t91,0.46610429872345016,0.5338957012765498
t98,0.2525354112360272,0.7474645887639728
t108,0.23911778990970955,0.7608822100902904
t113,0.684406878150704,0.315593121849296
t133,0.7210898368684951,0.27891016313150485
