accepted_species,0,1
t9,0.4903670199190836,0.5096329800809164
t12,0.059500190098639494,0.9404998099013605
t23,0.23775898052366695,0.762241019476333
t42,0.23726430625949413,0.7627356937405059
t71,0.32561631651922773,0.6743836834807723
t91,0.3315227093222627,0.6684772906777373
t98,0.3548715368224783,0.6451284631775217
t108,0.35139146670187615,0.6486085332981238
t113,0.726814450000668,0.273185549999332
t133,0.6388553391628365,0.36114466083716346
