accepted_species,0,1
t7,0.7533659585754539,0.24663404142454612
t9,0.7531951881697372,0.24680481183026282
t25,0.7540363158856809,0.24596368411431915
t47,0.751535404354766,0.24846459564523402
t49,0.7523149752412759,0.24768502475872406
t53,0.7515163543242789,0.24848364567572107
t92,0.7524260422647202,0.24757395773527982
t96,0.7559338451494881,0.2440661548505118
t101,0.7589752197191574,0.24102478028084262
t103,0.7559379113417677,0.24406208865823234
