accepted_species,0,1
t7,0.7555555555555555,0.24444444444444444
t9,0.7555555555555555,0.24444444444444444
t25,0.7555555555555555,0.24444444444444444
t47,0.7555555555555555,0.24444444444444444
t49,0.7555555555555555,0.24444444444444444
t53,0.7555555555555555,0.24444444444444444
t92,1.0,0.0
t96,1.0,0.0
t101,1.0,0.0
t103,1.0,0.0
