accepted_species,0,1
t7,0.7791942,0.22080581
t9,0.6596291,0.3403709
t25,0.6155126,0.3844874
t47,0.70543945,0.29456055
t49,0.67876005,0.32123995
t53,0.7756357,0.22436431
t92,0.6611031,0.33889687
t96,0.7526169,0.24738309
t101,0.82745725,0.17254277
t103,0.8101656,0.18983442
