accepted_species,estimate
t59,-1.1942244569055553
t60,-1.1008488252252122
t37,-1.170166683980915
t32,-1.2933094287824303
t57,-1.2200666081872944
t58,-1.2319879107189289
t84,-0.6789722387193743
t78,-0.7283110111418142
t53,-0.484915467736076
t73,-0.8723965358150209
