accepted_species,estimate
t98,1.3267719
t13,0.2828149
t55,0.14429115
t41,0.6033469
t42,0.6033469
t70,-0.82016385
t10,-0.18054613
t31,-0.55380595
t46,-1.3600622
t12,-0.18054613
