accepted_species,estimate
t29,-0.3083837537831996
t136,-0.8507661632043991
t91,1.2444220963415844
t87,1.0923320339990656
t32,0.3324831067605723
t23,-0.949653054934339
t130,0.5645692924328878
t11,0.027830436199102342
t73,-1.0153399755690866
t24,-0.5338747515475285
t49,-0.6094377463670122
t105,0.21263737309284594
t107,0.21462227842135592
t3,0.040599711448953385
