accepted_species,0,1
t96,0.09790343,0.90209657
t21,0.5771652,0.4228348
t88,0.3511942,0.6488058
t27,0.49218112,0.5078189
t76,0.84736687,0.15263312
t33,0.5484687,0.4515313
t55,0.7343729,0.2656271
t86,0.071835995,0.928164
t7,0.5340837,0.46591628
t25,0.20291781,0.7970822
