accepted_species,estimate
t40,1.7179288836809108
t39,0.6866838479626826
t79,0.6808799332608566
t125,1.0577127660785748
t51,1.5414755376748959
t27,-0.5977754782880219
t110,-0.873138439879116
t134,-1.1533103361907888
t115,-1.2970049046689902
t121,-0.5174889668973017
t95,-0.7955452760425853
t103,0.03700001252821242
t89,-0.05890834959862985
t10,-0.5674546373094168
