"accepted_species","estimate"
"t40",1.41214547564556
"t39",0.746431841231829
"t79",0.547729757347355
"t125",1.50579426944551
"t51",1.53211073213982
"t27",-1.06674166356773
"t110",-0.785185636572034
"t134",-1.45694430636576
"t115",-1.2395565629162
"t121",-0.53417288234221
"t95",-0.909460166002009
"t103",0.560302591262717
"t89",-0.565742828692727
"t10",-0.155110624596081
