accepted_species,estimate
t14,0.35491788
t91,0.46865353
t17,0.20993178
t35,0.46865353
t22,0.28463677
t31,0.67947924
t97,-0.16523822
t66,-0.28448454
t81,-1.4395655
t11,0.036699165
