accepted_species,estimate
t72,-0.047988523
t46,-0.14992566
t62,-0.14992566
t63,-0.14992566
t86,0.16851902
t57,-0.12023315
t98,-0.12023315
t45,-0.26911432
t52,0.20729977
t92,-0.2639992
