accepted_species,estimate
t72,0.034898814
t46,-0.06878321
t62,-0.06878321
t63,-0.06878321
t86,0.02231702
t57,-0.056073975
t98,-0.04459465
t45,0.22094843
t52,-0.09375657
t92,-0.17895602
