accepted_species,estimate
t6,-0.30877569614416245
t16,-0.2423288346207301
t70,0.09623538942182672
t71,0.09540905845059364
t78,0.09096132546445754
t84,0.2111418182410912
t85,0.21239191049197878
t30,-0.10037669961483534
t74,-0.06982120083032042
t75,-0.06282671847954494
