"accepted_species","estimate"
"t6",-0.353029423610188
"t16",-0.353029423610188
"t70",-0.309947258995511
"t71",-0.309947258995511
"t78",-0.297013541158591
"t84",-0.316060208501073
"t85",-0.316060208501073
"t30",-0.329027204771577
"t74",-0.329027204771577
"t75",-0.329027204771577
