accepted_species,0
t6,-0.0415284203678414
t16,-0.0415284203678414
t70,-0.0415284203678414
t71,-0.0415284203678414
t78,-0.0415284203678414
t84,-0.0415284203678414
t85,-0.0415284203678414
t30,-0.0415284203678414
t74,-0.0415284203678414
t75,-0.0415284203678414
