"accepted_species","estimate"
"t6",-0.300479386700002
"t16",-0.300479386700002
"t70",-0.116298769570428
"t71",-0.116298769570428
"t78",-0.0610058158785853
"t84",-0.142432247831936
"t85",-0.142432247831936
"t30",-0.197867470197823
"t74",-0.197867470197823
"t75",-0.197867470197823
