accepted_species,0,1
Psychotria_fauriei,0.9239053,0.076094665
Rubia_rechingeri,0.18207335,0.81792665
Rondeletia_galanensis,0.4294706,0.5705294
Psychotria_spathicalyx,0.81573564,0.18426435
Psychotria_myrsinoides,0.94252115,0.057478853
Asperula_subulifolia,0.86741006,0.13258994
Mussaenda_conopharyngiifolia,0.9038115,0.096188486
Pitardella_sikkimensis,0.94429016,0.055709813
Villaria_fasciculiflora,0.9577264,0.042273585
Ophiorrhiza_heterostyla,0.86741006,0.13258994
