"accepted_species","0","1"
"sp226",0.767711099198593,0.232288900801407
"sp243",0.767709652600027,0.232290347399973
"sp335",0.769615916134327,0.230384083865673
"sp337",0.771484307748232,0.228515692251768
"sp339",0.778924895222091,0.221075104777909
"sp365",0.771484307748232,0.228515692251768
"sp366",0.771484307748232,0.228515692251768
"sp380",0.771484307748232,0.228515692251768
"sp389",0.77148430774811,0.22851569225189
"sp390",0.77148430774811,0.22851569225189
