accepted_species,estimate
t11,-0.2928674637734711
t38,-0.2966694117764098
t85,-1.0566270293758373
t53,-1.041003070541151
t96,-1.0100508824897454
t6,0.34482559605744
t48,0.6820965321709841
t28,0.6633145832504664
t29,0.6633145832504664
t32,-0.14057222482326104
