accepted_species,estimate
t11,-0.43754175
t38,-0.16200888
t85,-0.91374254
t53,-1.2876849
t96,-0.9149684
t6,0.07941008
t48,1.0020703
t28,1.0020703
t29,0.65946585
t32,0.05308045
