accepted_species,0,1
sp8,0.9111989964147785,0.0888010035852215
sp26,0.9113300158906168,0.08866998410938319
sp36,0.9113268845115738,0.08867311548842621
sp37,0.9113268845115738,0.08867311548842621
sp43,0.9111860578981504,0.08881394210184959
sp50,0.9113307690642635,0.08866923093573653
sp53,0.9114409792593314,0.08855902074066861
sp76,0.9113279167879674,0.08867208321203261
sp79,0.9111873459740139,0.08881265402598615
sp94,0.9116440090122993,0.08835599098770072
