accepted_species,0,1
sp8,0.9457437464426439,0.054256253557356034
sp26,0.9518835126262463,0.04811648737375375
sp36,0.953009999337648,0.04699000066235207
sp37,0.9431998774112305,0.05680012258876957
sp43,0.8975136652919833,0.10248633470801671
sp50,0.9538595938885763,0.04614040611142369
sp53,0.9459643789350569,0.05403562106494311
sp76,0.9455653667483944,0.05443463325160554
sp79,0.9017145823717525,0.09828541762824744
sp94,0.9622627927612561,0.0377372072387438
