accepted_species,0,1
Vincetoxicum_anthopotamicum,0.9305984,0.06940159
Gelsemium_elegans,0.89291704,0.107082956
Sacosperma_parviflorum,0.9068833,0.093116716
Psychotria_jamesoniana,0.94104856,0.058951434
Oncinotis_gabonica,0.9198965,0.0801035
Ceropegia_fantastica,0.9231205,0.07687952
Ixora_odoratiflora,0.92571515,0.07428487
Hoya_benvergarae,0.9197872,0.08021278
Hemipogon_abietoides,0.93750685,0.062493138
Matelea_serpens,0.93817335,0.06182666
