accepted_species,0,1
Vincetoxicum_anthopotamicum,0.95345354,0.04654643
Gelsemium_elegans,0.8858129,0.114187144
Sacosperma_parviflorum,0.8858129,0.114187144
Psychotria_jamesoniana,0.9467304,0.053269636
Oncinotis_gabonica,0.8858129,0.114187144
Ceropegia_fantastica,0.95345354,0.04654643
Ixora_odoratiflora,0.8858129,0.114187144
Hoya_benvergarae,0.95345354,0.04654643
Hemipogon_abietoides,0.95345354,0.04654643
Matelea_serpens,0.95345354,0.04654643
