accepted_species,estimate
t19,1.0050088
t67,-0.18587713
t21,-1.6775899
t30,-0.78679997
t20,0.1793193
t46,-0.68310714
t64,-0.63466895
t65,-0.7491678
t59,-0.13672808
t4,-0.18897657
