accepted_species,estimate
t19,0.44522807
t67,-0.2918053
t21,-0.9601617
t30,-0.080975406
t20,0.16795227
t46,-0.7023857
t64,-0.44846782
t65,-0.45668134
t59,0.013487241
t4,-0.023317637
