"accepted_species","estimate"
"t37",0.0625137700196338
"t76",0.58610954347179
"t88",1.05038910375514
"t90",0.281834614535398
"t30",0.32185188198589
"t63",1.66128067147203
"t69",1.25789750178208
"t31",-0.23258448465696
"t87",-1.16157832114693
"t40",-0.406826271855351
