accepted_species,0,1
t42,0.93299997,0.06700005
t52,0.34532475,0.65467525
t132,0.98572284,0.014277169
t20,0.116304636,0.88369536
t108,0.98958313,0.010416839
t18,0.004991412,0.9950086
t72,0.0057600737,0.9942399
t122,0.0057600737,0.9942399
t73,0.0057600737,0.9942399
t79,0.005813837,0.99418616
t106,0.005813837,0.99418616
t105,0.005813837,0.99418616
t124,0.99179053,0.008209448
t137,0.9926021,0.007397907
