accepted_species,0,1
t42,0.83721983,0.16278018
t52,0.20332181,0.7966782
t132,0.98113495,0.018865049
t20,0.95883673,0.04116324
t108,0.98113495,0.018865049
t18,0.025485754,0.97451425
t72,0.038155198,0.9618448
t122,0.038155198,0.9618448
t73,0.038155198,0.9618448
t79,0.013288796,0.9867112
t106,0.013288796,0.9867112
t105,0.013288796,0.9867112
t124,0.9793025,0.02069746
t137,0.9793025,0.02069746
