accepted_species,estimate
t6,-0.5680826744333237
t26,-0.5428914569385878
t88,-0.5042885737115398
t9,-0.6683742727144305
t16,-0.7280997058954343
t78,-0.8590242410626593
t79,-0.8559619906371506
t86,-1.302480474120722
t87,-1.3274921394847623
t58,-1.1268656478791987
