accepted_species,0
t6,0.06613911967830173
t26,0.06613911967830173
t88,-0.5315584227042985
t9,0.06613911967830173
t16,0.06613911967830173
t78,0.06613911967830173
t79,0.06613911967830173
t86,0.06613911967830173
t87,0.06613911967830173
t58,0.06613911967830173
