accepted_species,0,1
t93,0.5770734601594337,0.4229265398405663
t40,0.577057332254521,0.42294266774547895
t86,0.5791971034060968,0.42080289659390324
t87,0.5795010650654417,0.4204989349345582
t42,0.5793606400157826,0.4206393599842174
t14,0.5787298678545727,0.4212701321454273
t18,0.578687567592959,0.4213124324070409
t70,0.5794218027796953,0.4205781972203046
t71,0.5795667269854303,0.4204332730145696
t38,0.5796682907908972,0.4203317092091028
