accepted_species,0,1
t93,0.585403993149001,0.41459600685099895
t40,0.5847009439841476,0.4152990560158524
t86,0.584534566992306,0.415465433007694
t87,0.5848275681990703,0.41517243180092966
t42,0.5837596587884375,0.4162403412115625
t14,0.5820673930266422,0.4179326069733578
t18,0.5818655675947385,0.4181344324052615
t70,0.5857616026513839,0.4142383973486161
t71,0.5860447757558683,0.41395522424413167
t38,0.584956359943984,0.415043640056016
