accepted_species,0,1
t93,0.98888886,0.01111111
t40,0.98888886,0.01111111
t86,0.98888886,0.01111111
t87,0.98888886,0.01111111
t42,0.98888886,0.01111111
t14,0.98888886,0.01111111
t18,0.98888886,0.01111111
t70,0.98888886,0.01111111
t71,0.98888886,0.01111111
t38,0.98888886,0.01111111
