accepted_species,estimate
t1,0.3999602204613972
t5,0.33340663569801193
t102,-0.3090302372625068
t37,1.1338884934402467
t68,1.1512533135794614
t36,1.063938806423792
t22,0.9812990075025138
t66,0.34418074546238325
t96,0.44573439886603944
t49,0.973907358281467
t19,-0.44622691215225957
t20,-0.44776424076519167
t100,-0.45619224620534554
t30,-1.3253800441217338
t35,-1.4991640347195392
