"accepted_species","estimate"
"t1",-0.778740936404051
"t5",-0.358733325345261
"t102",-0.275844195771286
"t37",0.945312896433396
"t68",1.34436209930405
"t36",0.893195686610573
"t22",0.743879648693756
"t66",0.68160367668358
"t96",0.517673635674892
"t49",0.808091751905741
"t19",-0.719865698930422
"t20",-0.719865698930422
"t100",-0.463479128517935
"t30",-1.75607336256273
"t35",-1.43991699677686
