accepted_species,0
t1,-0.001370357641639813
t5,-0.001370357641639813
t102,-0.001370357641639813
t37,-0.001370357641639813
t68,-0.001370357641639813
t36,-0.001370357641639813
t22,-0.001370357641639813
t66,-0.001370357641639813
t96,-0.001370357641639813
t49,-0.001370357641639813
t19,-0.001370357641639813
t20,-0.001370357641639813
t100,-0.001370357641639813
t30,-0.001370357641639813
t35,-0.001370357641639813
