accepted_species,estimate
t79,0.7984851573666295
t93,0.784125274146403
t94,0.7839801006913151
t32,0.6404243898685144
t27,-0.45689371488555736
t28,-0.5022183159718238
t80,0.2743888714050527
t34,0.3911887662088494
t97,0.18144728365497814
t98,0.1788401710458956
