"accepted_species","0","1"
"t22",0.401457205468555,0.598542794531445
"t39",0.401451057900963,0.598548942099037
"t61",0.40119577185474,0.59880422814526
"t70",0.401456010315006,0.598543989684994
"t88",0.373842203495626,0.626157796504374
"t89",0.352556972976783,0.647443027023217
"t97",0.426386384095188,0.573613615904812
"t101",0.379554615080077,0.620445384919923
"t107",0.24760900721928,0.75239099278072
"t119",0.110260009643026,0.889739990356974
