accepted_species,0,1
t20,0.1182603669103599,0.8817396330896401
t50,0.15454176871857073,0.8454582312814293
t52,0.7684571007465238,0.23154289925347615
t66,0.11584084302099185,0.8841591569790082
t72,0.7435087636180917,0.2564912363819083
t87,0.14903772967542195,0.850962270324578
t89,0.19147356961840978,0.8085264303815902
t91,0.2933412333293698,0.7066587666706302
t130,0.23012093112599052,0.7698790688740095
t135,0.0785426870074134,0.9214573129925866
