accepted_species,0,1
t20,0.14150400785005035,0.8584959921499496
t50,0.19834709171621834,0.8016529082837817
t52,0.5265802640420607,0.4734197359579393
t66,0.14150400785005035,0.8584959921499496
t72,0.5247283093383508,0.47527169066164926
t87,0.09540848566660254,0.9045915143333975
t89,0.19846436474821427,0.8015356352517857
t91,0.24398911185211147,0.7560108881478885
t130,0.1956960840128642,0.8043039159871358
t135,0.09341919626622486,0.9065808037337751
