accepted_species,0,1
t20,0.11316230059782606,0.8868376994021739
t50,0.21182288751275313,0.7881771124872469
t52,0.44670736591202165,0.5532926340879784
t66,0.14778639102485147,0.8522136089751485
t72,0.43674674670990354,0.5632532532900965
t87,0.05191829092332023,0.9480817090766798
t89,0.0780525404701855,0.9219474595298145
t91,0.1751862310533696,0.8248137689466304
t130,0.06721695860718868,0.9327830413928113
t135,0.04958687387996308,0.9504131261200369
