accepted_species,0,1
t20,0.19572952786969056,0.8042704721303094
t50,0.20158365510272136,0.7984163448972786
t52,0.20182165915525785,0.7981783408447422
t66,0.19574616889036167,0.8042538311096383
t72,0.20182425124012904,0.798175748759871
t87,0.19568259557921652,0.8043174044207835
t89,0.19727625095493106,0.8027237490450689
t91,0.20309206360966958,0.7969079363903304
t130,0.19728320116091158,0.8027167988390884
t135,0.1956491071190284,0.8043508928809716
