accepted_species,0,1
t22,0.40246916,0.59753084
t39,0.12160182,0.8783982
t61,0.39270335,0.60729665
t70,0.1121853,0.8878147
t88,0.12160182,0.8783982
t89,0.1121853,0.8878147
t97,0.39846146,0.60153854
t101,0.599316,0.400684
t107,0.5865665,0.4134335
t119,0.3652612,0.6347388
