accepted_species,0,1
t20,0.113686144,0.88631386
t50,0.0896126,0.9103874
t52,0.5039793,0.49602064
t66,0.11244118,0.8875588
t72,0.5039793,0.49602064
t87,0.09023297,0.90976703
t89,0.22724128,0.7727587
t91,0.18558645,0.81441355
t130,0.1850667,0.8149333
t135,0.09788799,0.902112
