accepted_species,0,1
t20,0.16440469,0.8355953
t50,0.16440469,0.8355953
t52,0.40451592,0.5954841
t66,0.16440469,0.8355953
t72,0.21337318,0.7866268
t87,0.16440469,0.8355953
t89,0.16440469,0.8355953
t91,0.21337318,0.7866268
t130,0.16440469,0.8355953
t135,0.16440469,0.8355953
