accepted_species,0,1
sp32,0.9110235409080725,0.08897645909192757
sp39,0.9109226532223343,0.08907734677766564
sp40,0.9103757305701028,0.08962426942989721
sp51,0.9117368912755993,0.08826310872440073
sp58,0.9113161394924397,0.08868386050756029
sp67,0.9117661717989638,0.0882338282010362
sp82,0.91035180112197,0.08964819887803
sp94,0.9104101979280335,0.08958980207196657
sp95,0.9104110763767189,0.08958892362328108
sp112,0.9103057610823303,0.0896942389176697
