"accepted_species","0","1"
"sp32","0.999377031052275","0.000622968947724865"
"sp39","0.994258740804347","0.0057412591956533"
"sp40","0.995965073896634","0.00403492610336627"
"sp51","0.999678949607176","0.000321050392824498"
"sp58","0.746096929559503","0.253903070440497"
"sp67","0.999666946916219","0.000333053083781353"
"sp82","0.999141687176865","0.000858312823134806"
"sp94","0.834101072586456","0.165898927413544"
"sp95","0.834101072586456","0.165898927413544"
"sp112","0.999928947237327","7.10527626735181e-05"
