accepted_species,estimate
t2,0.3478803418040354
t7,0.3990894817741815
t9,0.4494592395770001
t105,-1.1096497066023217
t120,-1.880907215373765
t109,-0.6526403577742989
t92,-0.22170431698876586
t149,-1.7247865146125767
t150,-1.378780131965873
t88,0.7368517800089992
t124,0.58292317249978
t86,1.4290538405366564
t23,0.7568152496769924
t25,0.9078438825950872
t78,0.6342747801762589
