accepted_species,0
t2,
t7,
t9,
t105,
t120,-1.30984331201505
t109,
t92,
t149,
t150,
t88,
t124,0.290209638027714
t86,
t23,
t25,
t78,
