accepted_species,estimate
t2,1.4615663
t7,0.42284808
t9,0.6131787
t105,-0.6617938
t120,-1.3448004
t109,-0.8530062
t92,0.34304303
t149,-1.8163923
t150,-1.8163923
t88,0.7114593
t124,0.6041442
t86,1.1358227
t23,0.93966466
t25,0.93966466
t78,0.6478306
