accepted_species,0
Asclepias_vestita,-0.32709044863348713
Aspidosperma_polyneuron,-0.04362129054330415
Galium_binifolium,-0.04362129054330415
Gentianella_insubrica,-0.04362129054330415
Nertera_dichondrifolia,-0.3717041028905248
Psychotria_chagrensis,-0.04362129054330415
Psychotria_flava,-0.163374488612286
Rudgea_jasminoides,-0.04362129054330415
Spermacoce_breviflora,-0.04362129054330415
Tocoyena_pittieri,0.23299598824738849
