accepted_species,estimate
t35,0.5694782
t33,0.66397095
t61,0.66397095
t62,0.60396683
t49,0.66397095
t82,0.59944785
t48,0.854569
t55,0.854569
t29,0.854569
t88,0.854569
