accepted_species,0,1
t62,0.3213552919231495,0.6786447080768505
t21,0.4299475731658434,0.5700524268341566
t4,0.8611660053324028,0.1388339946675972
t50,0.961794326494019,0.038205673505980975
t31,0.9882695916375738,0.011730408362426246
t61,0.9268738722691394,0.07312612773086061
t66,0.4090966746326008,0.5909033253673992
t67,0.3859617443787099,0.6140382556212901
t44,0.40562002386819096,0.594379976131809
t56,0.5417707101191431,0.45822928988085687
