accepted_species,0,1
t1,0.6108172379043828,0.38918276209561725
t93,0.6138024163938502,0.3861975836061497
t92,0.607220993648562,0.39277900635143803
t9,0.6137137581135003,0.38628624188649974
t53,0.6068642834241034,0.3931357165758966
t8,0.6119493903701014,0.3880506096298986
t72,0.6138697353768454,0.3861302646231546
t55,0.6124696254064235,0.3875303745935765
t45,0.6057228918850226,0.39427710811497735
t15,0.6011231120628862,0.39887688793711384
