accepted_species,0,1
t1,0.9411498,0.058850225
t93,0.17200857,0.8279914
t92,0.8274533,0.17254668
t9,0.70542026,0.29457974
t53,0.33986247,0.66013753
t8,0.69597805,0.30402192
t72,0.96918035,0.030819673
t55,0.95144236,0.048557617
t45,0.10698146,0.89301854
t15,0.024509251,0.97549075
