accepted_species,0,1
t1,0.5911908,0.4088092
t93,0.6666578,0.3333422
t92,0.5784371,0.4215629
t9,0.61711025,0.38288975
t53,0.54515505,0.45484498
t8,0.6736594,0.32634062
t72,0.689854,0.31014594
t55,0.59191203,0.408088
t45,0.5837339,0.41626608
t15,0.5535759,0.44642416
