accepted_species,estimate
t5,0.32410146135580903
t17,-0.03857548802071539
t34,0.27196157049652075
t58,0.31045808814968273
t65,0.619409141857763
t18,1.5138077432818173
t86,0.13560109793925793
t42,-0.8541506711150553
t33,-0.07588919659429064
t76,-0.6299756962011408
