"accepted_species","estimate"
"t5",0.221039988357601
"t17",0.369191573271599
"t34",0.150093765446668
"t58",0.776570450194672
"t65",0.432124148002376
"t18",0.902589147504895
"t86",1.4662830051491
"t42",-0.804915469153936
"t33",-0.137470237998537
"t76",-1.37247541273244
