"accepted_species","estimate"
"t6",0.403731202031612
"t38",0.403731202031612
"t44",0.403731202031612
"t97",0.403731202031612
"t98",0.403731202031612
"t9",0.403731202031612
"t64",0.403731202031612
"t65",0.403731202031612
"t34",0.403731202031612
"t35",0.403731202031612
