"accepted_species","estimate"
"t6",0.403731425543811
"t38",0.403731425543811
"t44",0.403731425543811
"t97",0.403731425543811
"t98",0.403731425543811
"t9",0.403731425543811
"t64",0.403731425543811
"t65",0.403731425543811
"t34",0.403731425543811
"t35",0.403731425543811
