accepted_species,estimate
t6,0.85524833
t38,0.21908441
t44,0.21908441
t97,0.17531198
t98,0.17531198
t9,0.5452941
t64,0.43297243
t65,0.43297243
t34,0.43297243
t35,0.43297243
