accepted_species,estimate
t93,-0.6892226197904096
t94,-0.6983583154475529
t50,0.3036763718158839
t58,-0.1300205568478547
t76,0.4008455990026122
t29,0.06012501253103477
t17,0.5930621841898595
t97,0.2596162284065142
t71,0.21372479553740778
t65,-0.45185351887874753
