accepted_species,0,1
sp25,0.8225644682650874,0.17743553173491255
sp90,0.8226232573628269,0.1773767426371731
sp91,0.8226192486953261,0.17738075130467396
sp94,0.8225827746294677,0.17741722537053228
sp98,0.8225708603594237,0.17742913964057633
sp115,0.8225481484079125,0.1774518515920875
sp117,0.8225889357484153,0.17741106425158473
sp123,0.8225536601539508,0.1774463398460492
sp124,0.8225528009767813,0.17744719902321876
sp135,0.822583121234501,0.177416878765499
