accepted_species,0,1
sp25,0.8222222222222222,0.17777777777777778
sp90,0.8222222222222222,0.17777777777777778
sp91,0.8222222222222222,0.17777777777777778
sp94,0.8222222222222222,0.17777777777777778
sp98,0.8222222222222222,0.17777777777777778
sp115,0.8222222222222222,0.17777777777777778
sp117,0.8222222222222222,0.17777777777777778
sp123,0.8222222222222222,0.17777777777777778
sp124,0.8222222222222222,0.17777777777777778
sp135,1.0,0.0
