accepted_species,0,1
sp25,0.66288924,0.3371108
sp90,0.7525805,0.2474195
sp91,0.7525805,0.2474195
sp94,0.86446273,0.13553728
sp98,0.8471807,0.15281928
sp115,0.9044185,0.095581494
sp117,0.8471807,0.15281928
sp123,0.9044185,0.095581494
sp124,0.9044185,0.095581494
sp135,0.869153,0.13084696
