accepted_species,0,1
sp25,0.8278805,0.17211953
sp90,0.8278805,0.17211953
sp91,0.8278805,0.17211953
sp94,0.8278805,0.17211953
sp98,0.8278805,0.17211953
sp115,0.8584196,0.1415804
sp117,0.8278805,0.17211953
sp123,0.8584196,0.1415804
sp124,0.8584196,0.1415804
sp135,0.8278805,0.17211953
