accepted_species,estimate
Asclepias_cordifolia,-0.28310213034083576
Asclepias_verticillata,-0.29146965714100265
Aspidosperma_cylindrocarpon,0.1510545828618765
Galium_trifidum,-0.3703338048940891
Genipa_americana,1.078760445833882
Gentiana_nivalis,-0.43773448388382374
Neolamarckia_cadamba,0.16728071124003485
Plumeria_rubra,0.09526259094043049
Psychotria_penangensis,0.41483848454529204
Psychotria_serpens,0.4232071992367151
