accepted_species,0,1
sp20,0.50055325,0.49944678
sp38,0.17362475,0.82637525
sp59,0.57967377,0.4203262
sp68,0.8710215,0.12897848
sp71,0.90064424,0.09935576
sp94,0.8953543,0.10464572
sp104,0.29375148,0.7062485
sp107,0.93595624,0.06404377
sp142,0.9633418,0.036658235
sp158,0.8189776,0.18102239
