"accepted_species","estimate"
"t27",-0.386944065546527
"t38",-0.030495562789845
"t58",0.534385526426971
"t32",-0.179583332284501
"t22",0.338761162148269
"t52",-0.703870855671048
"t82",-0.737021190092009
"t54",-1.8961018561731
"t18",-0.841640721011036
"t15",-0.135349974243418
