accepted_species,estimate
t27,-0.22753532
t38,0.08199265
t58,-0.00091919955
t32,0.12037621
t22,0.0920127
t52,-0.4415916
t82,-0.4415916
t54,-0.53636736
t18,-0.37553224
t15,-0.37553224
