"accepted_species","estimate"
"t13",-1.35362736160228
"t85",0.0499456647312274
"t112",0.60661146229246
"t9",0.39502600824974
"t8",0.373709268410242
"t105",0.31474769945012
"t44",0.274445435105882
"t31",0.886823013059698
"t38",0.659954855506507
"t116",0.6504598188118
"t64",1.05416957559052
"t79",0.727060161291619
"t7",0.976589985879418
