"accepted_species","estimate"
"t7",0.295358717217139
"t26",-0.18228258327934
"t56",0.125717149317757
"t139",-0.208827317997152
"t64",-0.93308276585771
"t70",-0.560067144301065
"t112",-1.32231362676101
"t98",-0.387957822533818
"t136",-0.292474834184094
"t140",-0.193706096381179
"t124",-0.914767307072666
"t107",0.984598810814083
"t117",0.942049442490077
"t44",1.23826442986889
"t13",0.744433570657875
