"accepted_species","estimate"
"t7",0.295358717217141
"t26",-0.182282583279262
"t56",0.125717149317814
"t139",-0.208827317997152
"t64",-0.933082765857707
"t70",-0.560067144301065
"t112",-1.32231362676101
"t98",-0.38795782253382
"t136",-0.292474834184095
"t140",-0.193706096381179
"t124",-0.914767307072665
"t107",0.984598810814084
"t117",0.942049442490077
"t44",1.23826442986889
"t13",0.744433570657873
