accepted_species,estimate
t7,-0.030544259
t26,1.0084072
t56,-0.5515126
t139,0.0923325
t64,0.14216405
t70,-0.46598828
t112,-1.2999128
t98,-0.24711013
t136,-0.1869038
t140,-0.24405149
t124,0.24893123
t107,1.3023632
t117,0.49751654
t44,0.5114928
t13,-0.9458561
