accepted_species,0,1
t76,0.002257228,0.9977428
t161,0.0016138554,0.99838614
t115,0.013100743,0.98689926
t67,0.007012069,0.99298793
t50,0.007012069,0.99298793
t49,0.007012069,0.99298793
t51,0.20526958,0.7947304
t29,0.23829955,0.76170045
t140,0.5924958,0.40750417
t95,0.04098642,0.9590136
t24,0.35775095,0.64224905
t113,0.007118702,0.9928813
t84,0.9247933,0.075206675
t82,0.87516165,0.12483838
t101,0.8730181,0.1269819
t11,0.33659005,0.66340995
t4,0.16595596,0.83404404
