accepted_species,0,1
t76,0.004131317,0.9958687
t161,0.0021342635,0.99786574
t115,0.0010812283,0.9989188
t67,0.004348576,0.9956514
t50,0.004348576,0.9956514
t49,0.004348576,0.9956514
t51,0.17138636,0.82861364
t29,0.055657685,0.9443423
t140,0.79178154,0.20821849
t95,0.009105444,0.99089456
t24,0.6433121,0.35668793
t113,0.014776468,0.98522353
t84,0.9935004,0.0064995787
t82,0.9901666,0.009833393
t101,0.92886466,0.071135335
t11,0.05490142,0.9450986
t4,0.02214253,0.9778575
