accepted_species,estimate
Blepharidium_guatemalense,-0.2968128920475843
Exostema_caribaeum,-0.21048830412031924
Guettarda_aromatica,-0.5223356663227076
Guettarda_divaricata,-0.5223356663227053
Guettarda_elliptica,-0.5223356663227053
Guettarda_tikalana,-0.5223356663227072
Guettarda_uruguensis,-0.5223356663227076
Macrocnemum_roseum,0.12229127341052815
Nauclea_officinalis,-0.21757169749102293
Timonius_wallichianus,-0.43890474341476515
