accepted_species,0,1
Cordiera_humilis,0.8944737,0.10552635
Vincetoxicum_bilobatum,0.79815656,0.20184343
Leichhardtia_tumida,0.79815656,0.20184343
Mussaenda_oreadum,0.8617154,0.13828464
Canthium_lasianthoides,0.8944737,0.10552635
Gonolobus_manarae,0.79815656,0.20184343
Wendlandia_budleioides,0.8944737,0.10552635
Tricalysia_schliebenii,0.8944737,0.10552635
Oldenlandia_thomsonii,0.84323215,0.15676782
Gentiana_davidi,0.88467807,0.11532191
