accepted_species,0,1
Cordiera_humilis,0.5263969,0.4736031
Vincetoxicum_bilobatum,0.7901614,0.2098386
Leichhardtia_tumida,0.85415024,0.14584978
Mussaenda_oreadum,0.5229389,0.4770611
Canthium_lasianthoides,0.9879821,0.012017888
Gonolobus_manarae,0.96130484,0.03869515
Wendlandia_budleioides,0.9481936,0.05180641
Tricalysia_schliebenii,0.8720094,0.12799057
Oldenlandia_thomsonii,0.9897429,0.0102571035
Gentiana_davidi,0.9763146,0.023685396
