accepted_species,0,1
t57,0.2368332221370335,0.7631667778629665
t58,0.2368332221370335,0.7631667778629665
t39,0.23920319110039945,0.7607968088996006
t72,0.24334836593311104,0.756651634066889
t79,0.24342192599990709,0.7565780740000929
t80,0.2434219259999073,0.7565780740000927
t56,0.2422609639430091,0.7577390360569909
t97,0.2424472175778598,0.7575527824221402
t98,0.2424472175778598,0.7575527824221402
t47,0.241250499077722,0.758749500922278
