accepted_species,0,1
t57,0.06685549,0.9331445
t58,0.06685549,0.9331445
t39,0.06647551,0.9335245
t72,0.06647551,0.9335245
t79,0.06647551,0.9335245
t80,0.06647551,0.9335245
t56,0.06647551,0.9335245
t97,0.06647551,0.9335245
t98,0.06647551,0.9335245
t47,0.06647551,0.9335245
