accepted_species,estimate
t1,0.6384322204273312
t58,0.6176590837622932
t38,-0.32866976159809863
t46,-0.39036109114131606
t70,0.33493834718752896
t26,0.29521762736643214
t57,0.32909605284559384
t61,0.21546192854744287
t62,0.21546192854744312
t92,0.2323454148749793
