accepted_species,estimate
t1,-0.20101961
t58,0.54746705
t38,-0.76965547
t46,-0.88427085
t70,0.8194162
t26,1.0059584
t57,0.8194162
t61,0.21147707
t62,0.21147707
t92,0.38301575
