"","t79","t80","t64","t65","t55","t56","t21","t44","t45","t43","t15","t16","t85","t86","t10","t24","t52","t53","t93","t94","t28","t83","t84","t22","t5","t1","t29","t48","t49","t32","t33","t77","t78","t11","t40","t41","t2","t38","t61","t62","t3","t14","t46","t47","t9","t95","t96","t30","t31","t68","t69","t70","t23","t57","t58","t39","t88","t89","t99","t100","t87","t50","t19","t20","t18","t73","t74","t17","t4","t6","t81","t82","t27","t63","t71","t72","t54","t75","t76","t34","t66","t67","t97","t98","t90","t7","t8","t13","t42","t59","t60","t37","t26","t12","t25","t51","t91","t92","t35","t36"
"t79",0,0.17845423994,4.04703113352,4.04703113352,4.04703113349,4.04703113349,4.04703113346,4.047031133489,4.047031133489,4.04703113346,4.04703113356,4.04703113356,4.0470311336,4.0470311336,4.04703113332,4.04703113335,4.04703113335,4.04703113335,4.04703113363,4.04703113363,4.04703113365,4.04703113362,4.04703113362,4.04703113365,4.04703113385,4.04703113405,4.46027860767,4.46027860767,4.46027860767,4.46027860777,4.46027860777,5.09079605797,5.09079605797,5.09079605797,5.09079605837,5.09079605837,5.09079605777,5.09079605747,5.09079605747,5.09079605747,5.09079605827,5.09079605797,5.09079605797,5.09079605797,5.09079605747,5.595616013744,5.595616013744,5.5956160138,5.5956160138,5.5956160141,5.595616014047,5.595616014047,5.59561601371,5.59561601371,5.59561601371,5.59561601371,5.59561601368,5.59561601368,5.595616013688,5.595616013688,5.59561601369,5.59561601371,5.59561601362,5.59561601362,5.59561601366,5.59561601366,5.59561601366,5.59561601362,5.59561601372,5.59561601334,5.59561601374,5.59561601374,5.59561601379,5.59561601381,5.59561601382,5.59561601382,5.59561601379,5.59561601389,5.59561601389,5.59561601386,5.59561601376,5.59561601376,5.595616013831,5.595616013831,5.59561601383,5.59561601364,5.59561601364,5.595616013779,5.595616013819,5.595616013719,5.595616013719,5.595616013779,5.595616013779,5.59561601374,5.59561601394,5.59561601389,5.59561601391,5.59561601391,5.59561601388,5.59561601388
"t80",0.17845423994,0,4.04703113352,4.04703113352,4.04703113349,4.04703113349,4.04703113346,4.047031133489,4.047031133489,4.04703113346,4.04703113356,4.04703113356,4.0470311336,4.0470311336,4.04703113332,4.04703113335,4.04703113335,4.04703113335,4.04703113363,4.04703113363,4.04703113365,4.04703113362,4.04703113362,4.04703113365,4.04703113385,4.04703113405,4.46027860767,4.46027860767,4.46027860767,4.46027860777,4.46027860777,5.09079605797,5.09079605797,5.09079605797,5.09079605837,5.09079605837,5.09079605777,5.09079605747,5.09079605747,5.09079605747,5.09079605827,5.09079605797,5.09079605797,5.09079605797,5.09079605747,5.595616013744,5.595616013744,5.5956160138,5.5956160138,5.5956160141,5.595616014047,5.595616014047,5.59561601371,5.59561601371,5.59561601371,5.59561601371,5.59561601368,5.59561601368,5.595616013688,5.595616013688,5.59561601369,5.59561601371,5.59561601362,5.59561601362,5.59561601366,5.59561601366,5.59561601366,5.59561601362,5.59561601372,5.59561601334,5.59561601374,5.59561601374,5.59561601379,5.59561601381,5.59561601382,5.59561601382,5.59561601379,5.59561601389,5.59561601389,5.59561601386,5.59561601376,5.59561601376,5.595616013831,5.595616013831,5.59561601383,5.59561601364,5.59561601364,5.595616013779,5.595616013819,5.595616013719,5.595616013719,5.595616013779,5.595616013779,5.59561601374,5.59561601394,5.59561601389,5.59561601391,5.59561601391,5.59561601388,5.59561601388
"t64",4.04703113352,4.04703113352,0,0.3272275366,0.52615400917,0.52615400917,3.77795223914,3.777952239169,3.777952239169,3.77795223914,3.77795223924,3.77795223924,3.77795223928,3.77795223928,3.777952239,3.86164551937,3.86164551937,3.86164551937,3.86164551965,3.86164551965,3.86164551967,3.86164551964,3.86164551964,3.86164551967,3.86164551987,3.86164552007,4.46027860725,4.46027860725,4.46027860725,4.46027860735,4.46027860735,5.09079605755,5.09079605755,5.09079605755,5.09079605795,5.09079605795,5.09079605735,5.09079605705,5.09079605705,5.09079605705,5.09079605785,5.09079605755,5.09079605755,5.09079605755,5.09079605705,5.595616013324,5.595616013324,5.59561601338,5.59561601338,5.59561601368,5.595616013627,5.595616013627,5.59561601329,5.59561601329,5.59561601329,5.59561601329,5.59561601326,5.59561601326,5.595616013268,5.595616013268,5.59561601327,5.59561601329,5.5956160132,5.5956160132,5.59561601324,5.59561601324,5.59561601324,5.5956160132,5.5956160133,5.59561601292,5.59561601332,5.59561601332,5.59561601337,5.59561601339,5.5956160134,5.5956160134,5.59561601337,5.59561601347,5.59561601347,5.59561601344,5.59561601334,5.59561601334,5.595616013411,5.595616013411,5.59561601341,5.59561601322,5.59561601322,5.595616013359,5.595616013399,5.595616013299,5.595616013299,5.595616013359,5.595616013359,5.59561601332,5.59561601352,5.59561601347,5.59561601349,5.59561601349,5.59561601346,5.59561601346
"t65",4.04703113352,4.04703113352,0.3272275366,0,0.52615400917,0.52615400917,3.77795223914,3.777952239169,3.777952239169,3.77795223914,3.77795223924,3.77795223924,3.77795223928,3.77795223928,3.777952239,3.86164551937,3.86164551937,3.86164551937,3.86164551965,3.86164551965,3.86164551967,3.86164551964,3.86164551964,3.86164551967,3.86164551987,3.86164552007,4.46027860725,4.46027860725,4.46027860725,4.46027860735,4.46027860735,5.09079605755,5.09079605755,5.09079605755,5.09079605795,5.09079605795,5.09079605735,5.09079605705,5.09079605705,5.09079605705,5.09079605785,5.09079605755,5.09079605755,5.09079605755,5.09079605705,5.595616013324,5.595616013324,5.59561601338,5.59561601338,5.59561601368,5.595616013627,5.595616013627,5.59561601329,5.59561601329,5.59561601329,5.59561601329,5.59561601326,5.59561601326,5.595616013268,5.595616013268,5.59561601327,5.59561601329,5.5956160132,5.5956160132,5.59561601324,5.59561601324,5.59561601324,5.5956160132,5.5956160133,5.59561601292,5.59561601332,5.59561601332,5.59561601337,5.59561601339,5.5956160134,5.5956160134,5.59561601337,5.59561601347,5.59561601347,5.59561601344,5.59561601334,5.59561601334,5.595616013411,5.595616013411,5.59561601341,5.59561601322,5.59561601322,5.595616013359,5.595616013399,5.595616013299,5.595616013299,5.595616013359,5.595616013359,5.59561601332,5.59561601352,5.59561601347,5.59561601349,5.59561601349,5.59561601346,5.59561601346
"t55",4.04703113349,4.04703113349,0.52615400917,0.52615400917,0,0.4176829862,3.77795223911,3.777952239139,3.777952239139,3.77795223911,3.77795223921,3.77795223921,3.77795223925,3.77795223925,3.77795223897,3.86164551934,3.86164551934,3.86164551934,3.86164551962,3.86164551962,3.86164551964,3.86164551961,3.86164551961,3.86164551964,3.86164551984,3.86164552004,4.46027860722,4.46027860722,4.46027860722,4.46027860732,4.46027860732,5.09079605752,5.09079605752,5.09079605752,5.09079605792,5.09079605792,5.09079605732,5.09079605702,5.09079605702,5.09079605702,5.09079605782,5.09079605752,5.09079605752,5.09079605752,5.09079605702,5.595616013294,5.595616013294,5.59561601335,5.59561601335,5.59561601365,5.595616013597,5.595616013597,5.59561601326,5.59561601326,5.59561601326,5.59561601326,5.59561601323,5.59561601323,5.595616013238,5.595616013238,5.59561601324,5.59561601326,5.59561601317,5.59561601317,5.59561601321,5.59561601321,5.59561601321,5.59561601317,5.59561601327,5.59561601289,5.59561601329,5.59561601329,5.59561601334,5.59561601336,5.59561601337,5.59561601337,5.59561601334,5.59561601344,5.59561601344,5.59561601341,5.59561601331,5.59561601331,5.595616013381,5.595616013381,5.59561601338,5.59561601319,5.59561601319,5.595616013329,5.595616013369,5.595616013269,5.595616013269,5.595616013329,5.595616013329,5.59561601329,5.59561601349,5.59561601344,5.59561601346,5.59561601346,5.59561601343,5.59561601343
"t56",4.04703113349,4.04703113349,0.52615400917,0.52615400917,0.4176829862,0,3.77795223911,3.777952239139,3.777952239139,3.77795223911,3.77795223921,3.77795223921,3.77795223925,3.77795223925,3.77795223897,3.86164551934,3.86164551934,3.86164551934,3.86164551962,3.86164551962,3.86164551964,3.86164551961,3.86164551961,3.86164551964,3.86164551984,3.86164552004,4.46027860722,4.46027860722,4.46027860722,4.46027860732,4.46027860732,5.09079605752,5.09079605752,5.09079605752,5.09079605792,5.09079605792,5.09079605732,5.09079605702,5.09079605702,5.09079605702,5.09079605782,5.09079605752,5.09079605752,5.09079605752,5.09079605702,5.595616013294,5.595616013294,5.59561601335,5.59561601335,5.59561601365,5.595616013597,5.595616013597,5.59561601326,5.59561601326,5.59561601326,5.59561601326,5.59561601323,5.59561601323,5.595616013238,5.595616013238,5.59561601324,5.59561601326,5.59561601317,5.59561601317,5.59561601321,5.59561601321,5.59561601321,5.59561601317,5.59561601327,5.59561601289,5.59561601329,5.59561601329,5.59561601334,5.59561601336,5.59561601337,5.59561601337,5.59561601334,5.59561601344,5.59561601344,5.59561601341,5.59561601331,5.59561601331,5.595616013381,5.595616013381,5.59561601338,5.59561601319,5.59561601319,5.595616013329,5.595616013369,5.595616013269,5.595616013269,5.595616013329,5.595616013329,5.59561601329,5.59561601349,5.59561601344,5.59561601346,5.59561601346,5.59561601343,5.59561601343
"t21",4.04703113346,4.04703113346,3.77795223914,3.77795223914,3.77795223911,3.77795223911,0,1.118082684429,1.118082684429,1.1180826844,1.5017055211,1.8190377525,1.81903775254,1.81903775254,2.00959244414,3.86164551931,3.86164551931,3.86164551931,3.86164551959,3.86164551959,3.86164551961,3.86164551958,3.86164551958,3.86164551961,3.86164551981,3.86164552001,4.46027860719,4.46027860719,4.46027860719,4.46027860729,4.46027860729,5.09079605749,5.09079605749,5.09079605749,5.09079605789,5.09079605789,5.09079605729,5.09079605699,5.09079605699,5.09079605699,5.09079605779,5.09079605749,5.09079605749,5.09079605749,5.09079605699,5.595616013264,5.595616013264,5.59561601332,5.59561601332,5.59561601362,5.595616013567,5.595616013567,5.59561601323,5.59561601323,5.59561601323,5.59561601323,5.5956160132,5.5956160132,5.595616013208,5.595616013208,5.59561601321,5.59561601323,5.59561601314,5.59561601314,5.59561601318,5.59561601318,5.59561601318,5.59561601314,5.59561601324,5.59561601286,5.59561601326,5.59561601326,5.59561601331,5.59561601333,5.59561601334,5.59561601334,5.59561601331,5.59561601341,5.59561601341,5.59561601338,5.59561601328,5.59561601328,5.595616013351,5.595616013351,5.59561601335,5.59561601316,5.59561601316,5.595616013299,5.595616013339,5.595616013239,5.595616013239,5.595616013299,5.595616013299,5.59561601326,5.59561601346,5.59561601341,5.59561601343,5.59561601343,5.5956160134,5.5956160134
"t44",4.047031133489,4.047031133489,3.777952239169,3.777952239169,3.777952239139,3.777952239139,1.118082684429,0,0.6074283112,0.627285306229,1.501705521129,1.819037752529,1.819037752569,1.819037752569,2.009592444169,3.861645519339,3.861645519339,3.861645519339,3.861645519619,3.861645519619,3.861645519639,3.861645519609,3.861645519609,3.861645519639,3.861645519839,3.861645520039,4.460278607219,4.460278607219,4.460278607219,4.460278607319,4.460278607319,5.090796057519,5.090796057519,5.090796057519,5.090796057919,5.090796057919,5.090796057319,5.090796057019,5.090796057019,5.090796057019,5.090796057819,5.090796057519,5.090796057519,5.090796057519,5.090796057019,5.595616013293,5.595616013293,5.595616013349,5.595616013349,5.595616013649,5.595616013596,5.595616013596,5.595616013259,5.595616013259,5.595616013259,5.595616013259,5.595616013229,5.595616013229,5.595616013237,5.595616013237,5.595616013239,5.595616013259,5.595616013169,5.595616013169,5.595616013209,5.595616013209,5.595616013209,5.595616013169,5.595616013269,5.595616012889,5.595616013289,5.595616013289,5.595616013339,5.595616013359,5.595616013369,5.595616013369,5.595616013339,5.595616013439,5.595616013439,5.595616013409,5.595616013309,5.595616013309,5.59561601338,5.59561601338,5.595616013379,5.595616013189,5.595616013189,5.595616013328,5.595616013368,5.595616013268,5.595616013268,5.595616013328,5.595616013328,5.595616013289,5.595616013489,5.595616013439,5.595616013459,5.595616013459,5.595616013429,5.595616013429
"t45",4.047031133489,4.047031133489,3.777952239169,3.777952239169,3.777952239139,3.777952239139,1.118082684429,0.6074283112,0,0.627285306229,1.501705521129,1.819037752529,1.819037752569,1.819037752569,2.009592444169,3.861645519339,3.861645519339,3.861645519339,3.861645519619,3.861645519619,3.861645519639,3.861645519609,3.861645519609,3.861645519639,3.861645519839,3.861645520039,4.460278607219,4.460278607219,4.460278607219,4.460278607319,4.460278607319,5.090796057519,5.090796057519,5.090796057519,5.090796057919,5.090796057919,5.090796057319,5.090796057019,5.090796057019,5.090796057019,5.090796057819,5.090796057519,5.090796057519,5.090796057519,5.090796057019,5.595616013293,5.595616013293,5.595616013349,5.595616013349,5.595616013649,5.595616013596,5.595616013596,5.595616013259,5.595616013259,5.595616013259,5.595616013259,5.595616013229,5.595616013229,5.595616013237,5.595616013237,5.595616013239,5.595616013259,5.595616013169,5.595616013169,5.595616013209,5.595616013209,5.595616013209,5.595616013169,5.595616013269,5.595616012889,5.595616013289,5.595616013289,5.595616013339,5.595616013359,5.595616013369,5.595616013369,5.595616013339,5.595616013439,5.595616013439,5.595616013409,5.595616013309,5.595616013309,5.59561601338,5.59561601338,5.595616013379,5.595616013189,5.595616013189,5.595616013328,5.595616013368,5.595616013268,5.595616013268,5.595616013328,5.595616013328,5.595616013289,5.595616013489,5.595616013439,5.595616013459,5.595616013459,5.595616013429,5.595616013429
"t43",4.04703113346,4.04703113346,3.77795223914,3.77795223914,3.77795223911,3.77795223911,1.1180826844,0.627285306229,0.627285306229,0,1.5017055211,1.8190377525,1.81903775254,1.81903775254,2.00959244414,3.86164551931,3.86164551931,3.86164551931,3.86164551959,3.86164551959,3.86164551961,3.86164551958,3.86164551958,3.86164551961,3.86164551981,3.86164552001,4.46027860719,4.46027860719,4.46027860719,4.46027860729,4.46027860729,5.09079605749,5.09079605749,5.09079605749,5.09079605789,5.09079605789,5.09079605729,5.09079605699,5.09079605699,5.09079605699,5.09079605779,5.09079605749,5.09079605749,5.09079605749,5.09079605699,5.595616013264,5.595616013264,5.59561601332,5.59561601332,5.59561601362,5.595616013567,5.595616013567,5.59561601323,5.59561601323,5.59561601323,5.59561601323,5.5956160132,5.5956160132,5.595616013208,5.595616013208,5.59561601321,5.59561601323,5.59561601314,5.59561601314,5.59561601318,5.59561601318,5.59561601318,5.59561601314,5.59561601324,5.59561601286,5.59561601326,5.59561601326,5.59561601331,5.59561601333,5.59561601334,5.59561601334,5.59561601331,5.59561601341,5.59561601341,5.59561601338,5.59561601328,5.59561601328,5.595616013351,5.595616013351,5.59561601335,5.59561601316,5.59561601316,5.595616013299,5.595616013339,5.595616013239,5.595616013239,5.595616013299,5.595616013299,5.59561601326,5.59561601346,5.59561601341,5.59561601343,5.59561601343,5.5956160134,5.5956160134
"t15",4.04703113356,4.04703113356,3.77795223924,3.77795223924,3.77795223921,3.77795223921,1.5017055211,1.501705521129,1.501705521129,1.5017055211,0,1.8190377526,1.81903775264,1.81903775264,2.00959244424,3.86164551941,3.86164551941,3.86164551941,3.86164551969,3.86164551969,3.86164551971,3.86164551968,3.86164551968,3.86164551971,3.86164551991,3.86164552011,4.46027860729,4.46027860729,4.46027860729,4.46027860739,4.46027860739,5.09079605759,5.09079605759,5.09079605759,5.09079605799,5.09079605799,5.09079605739,5.09079605709,5.09079605709,5.09079605709,5.09079605789,5.09079605759,5.09079605759,5.09079605759,5.09079605709,5.595616013364,5.595616013364,5.59561601342,5.59561601342,5.59561601372,5.595616013667,5.595616013667,5.59561601333,5.59561601333,5.59561601333,5.59561601333,5.5956160133,5.5956160133,5.595616013308,5.595616013308,5.59561601331,5.59561601333,5.59561601324,5.59561601324,5.59561601328,5.59561601328,5.59561601328,5.59561601324,5.59561601334,5.59561601296,5.59561601336,5.59561601336,5.59561601341,5.59561601343,5.59561601344,5.59561601344,5.59561601341,5.59561601351,5.59561601351,5.59561601348,5.59561601338,5.59561601338,5.595616013451,5.595616013451,5.59561601345,5.59561601326,5.59561601326,5.595616013399,5.595616013439,5.595616013339,5.595616013339,5.595616013399,5.595616013399,5.59561601336,5.59561601356,5.59561601351,5.59561601353,5.59561601353,5.5956160135,5.5956160135
"t16",4.04703113356,4.04703113356,3.77795223924,3.77795223924,3.77795223921,3.77795223921,1.8190377525,1.819037752529,1.819037752529,1.8190377525,1.8190377526,0,1.44092357504,1.44092357504,2.00959244424,3.86164551941,3.86164551941,3.86164551941,3.86164551969,3.86164551969,3.86164551971,3.86164551968,3.86164551968,3.86164551971,3.86164551991,3.86164552011,4.46027860729,4.46027860729,4.46027860729,4.46027860739,4.46027860739,5.09079605759,5.09079605759,5.09079605759,5.09079605799,5.09079605799,5.09079605739,5.09079605709,5.09079605709,5.09079605709,5.09079605789,5.09079605759,5.09079605759,5.09079605759,5.09079605709,5.595616013364,5.595616013364,5.59561601342,5.59561601342,5.59561601372,5.595616013667,5.595616013667,5.59561601333,5.59561601333,5.59561601333,5.59561601333,5.5956160133,5.5956160133,5.595616013308,5.595616013308,5.59561601331,5.59561601333,5.59561601324,5.59561601324,5.59561601328,5.59561601328,5.59561601328,5.59561601324,5.59561601334,5.59561601296,5.59561601336,5.59561601336,5.59561601341,5.59561601343,5.59561601344,5.59561601344,5.59561601341,5.59561601351,5.59561601351,5.59561601348,5.59561601338,5.59561601338,5.595616013451,5.595616013451,5.59561601345,5.59561601326,5.59561601326,5.595616013399,5.595616013439,5.595616013339,5.595616013339,5.595616013399,5.595616013399,5.59561601336,5.59561601356,5.59561601351,5.59561601353,5.59561601353,5.5956160135,5.5956160135
"t85",4.0470311336,4.0470311336,3.77795223928,3.77795223928,3.77795223925,3.77795223925,1.81903775254,1.819037752569,1.819037752569,1.81903775254,1.81903775264,1.44092357504,0,0.14113506988,2.00959244428,3.86164551945,3.86164551945,3.86164551945,3.86164551973,3.86164551973,3.86164551975,3.86164551972,3.86164551972,3.86164551975,3.86164551995,3.86164552015,4.46027860733,4.46027860733,4.46027860733,4.46027860743,4.46027860743,5.09079605763,5.09079605763,5.09079605763,5.09079605803,5.09079605803,5.09079605743,5.09079605713,5.09079605713,5.09079605713,5.09079605793,5.09079605763,5.09079605763,5.09079605763,5.09079605713,5.595616013404,5.595616013404,5.59561601346,5.59561601346,5.59561601376,5.595616013707,5.595616013707,5.59561601337,5.59561601337,5.59561601337,5.59561601337,5.59561601334,5.59561601334,5.595616013348,5.595616013348,5.59561601335,5.59561601337,5.59561601328,5.59561601328,5.59561601332,5.59561601332,5.59561601332,5.59561601328,5.59561601338,5.595616013,5.5956160134,5.5956160134,5.59561601345,5.59561601347,5.59561601348,5.59561601348,5.59561601345,5.59561601355,5.59561601355,5.59561601352,5.59561601342,5.59561601342,5.595616013491,5.595616013491,5.59561601349,5.5956160133,5.5956160133,5.595616013439,5.595616013479,5.595616013379,5.595616013379,5.595616013439,5.595616013439,5.5956160134,5.5956160136,5.59561601355,5.59561601357,5.59561601357,5.59561601354,5.59561601354
"t86",4.0470311336,4.0470311336,3.77795223928,3.77795223928,3.77795223925,3.77795223925,1.81903775254,1.819037752569,1.819037752569,1.81903775254,1.81903775264,1.44092357504,0.14113506988,0,2.00959244428,3.86164551945,3.86164551945,3.86164551945,3.86164551973,3.86164551973,3.86164551975,3.86164551972,3.86164551972,3.86164551975,3.86164551995,3.86164552015,4.46027860733,4.46027860733,4.46027860733,4.46027860743,4.46027860743,5.09079605763,5.09079605763,5.09079605763,5.09079605803,5.09079605803,5.09079605743,5.09079605713,5.09079605713,5.09079605713,5.09079605793,5.09079605763,5.09079605763,5.09079605763,5.09079605713,5.595616013404,5.595616013404,5.59561601346,5.59561601346,5.59561601376,5.595616013707,5.595616013707,5.59561601337,5.59561601337,5.59561601337,5.59561601337,5.59561601334,5.59561601334,5.595616013348,5.595616013348,5.59561601335,5.59561601337,5.59561601328,5.59561601328,5.59561601332,5.59561601332,5.59561601332,5.59561601328,5.59561601338,5.595616013,5.5956160134,5.5956160134,5.59561601345,5.59561601347,5.59561601348,5.59561601348,5.59561601345,5.59561601355,5.59561601355,5.59561601352,5.59561601342,5.59561601342,5.595616013491,5.595616013491,5.59561601349,5.5956160133,5.5956160133,5.595616013439,5.595616013479,5.595616013379,5.595616013379,5.595616013439,5.595616013439,5.5956160134,5.5956160136,5.59561601355,5.59561601357,5.59561601357,5.59561601354,5.59561601354
"t10",4.04703113332,4.04703113332,3.777952239,3.777952239,3.77795223897,3.77795223897,2.00959244414,2.009592444169,2.009592444169,2.00959244414,2.00959244424,2.00959244424,2.00959244428,2.00959244428,0,3.86164551917,3.86164551917,3.86164551917,3.86164551945,3.86164551945,3.86164551947,3.86164551944,3.86164551944,3.86164551947,3.86164551967,3.86164551987,4.46027860705,4.46027860705,4.46027860705,4.46027860715,4.46027860715,5.09079605735,5.09079605735,5.09079605735,5.09079605775,5.09079605775,5.09079605715,5.09079605685,5.09079605685,5.09079605685,5.09079605765,5.09079605735,5.09079605735,5.09079605735,5.09079605685,5.595616013124,5.595616013124,5.59561601318,5.59561601318,5.59561601348,5.595616013427,5.595616013427,5.59561601309,5.59561601309,5.59561601309,5.59561601309,5.59561601306,5.59561601306,5.595616013068,5.595616013068,5.59561601307,5.59561601309,5.595616013,5.595616013,5.59561601304,5.59561601304,5.59561601304,5.595616013,5.5956160131,5.59561601272,5.59561601312,5.59561601312,5.59561601317,5.59561601319,5.5956160132,5.5956160132,5.59561601317,5.59561601327,5.59561601327,5.59561601324,5.59561601314,5.59561601314,5.595616013211,5.595616013211,5.59561601321,5.59561601302,5.59561601302,5.595616013159,5.595616013199,5.595616013099,5.595616013099,5.595616013159,5.595616013159,5.59561601312,5.59561601332,5.59561601327,5.59561601329,5.59561601329,5.59561601326,5.59561601326
"t24",4.04703113335,4.04703113335,3.86164551937,3.86164551937,3.86164551934,3.86164551934,3.86164551931,3.861645519339,3.861645519339,3.86164551931,3.86164551941,3.86164551941,3.86164551945,3.86164551945,3.86164551917,0,1.0103997758,1.0103997758,3.15972766608,3.15972766608,3.1597276661,3.15972766607,3.15972766607,3.1597276661,3.1597276663,3.6464709173,4.46027860708,4.46027860708,4.46027860708,4.46027860718,4.46027860718,5.09079605738,5.09079605738,5.09079605738,5.09079605778,5.09079605778,5.09079605718,5.09079605688,5.09079605688,5.09079605688,5.09079605768,5.09079605738,5.09079605738,5.09079605738,5.09079605688,5.595616013154,5.595616013154,5.59561601321,5.59561601321,5.59561601351,5.595616013457,5.595616013457,5.59561601312,5.59561601312,5.59561601312,5.59561601312,5.59561601309,5.59561601309,5.595616013098,5.595616013098,5.5956160131,5.59561601312,5.59561601303,5.59561601303,5.59561601307,5.59561601307,5.59561601307,5.59561601303,5.59561601313,5.59561601275,5.59561601315,5.59561601315,5.5956160132,5.59561601322,5.59561601323,5.59561601323,5.5956160132,5.5956160133,5.5956160133,5.59561601327,5.59561601317,5.59561601317,5.595616013241,5.595616013241,5.59561601324,5.59561601305,5.59561601305,5.595616013189,5.595616013229,5.595616013129,5.595616013129,5.595616013189,5.595616013189,5.59561601315,5.59561601335,5.5956160133,5.59561601332,5.59561601332,5.59561601329,5.59561601329
"t52",4.04703113335,4.04703113335,3.86164551937,3.86164551937,3.86164551934,3.86164551934,3.86164551931,3.861645519339,3.861645519339,3.86164551931,3.86164551941,3.86164551941,3.86164551945,3.86164551945,3.86164551917,1.0103997758,0,0.4446196166,3.15972766608,3.15972766608,3.1597276661,3.15972766607,3.15972766607,3.1597276661,3.1597276663,3.6464709173,4.46027860708,4.46027860708,4.46027860708,4.46027860718,4.46027860718,5.09079605738,5.09079605738,5.09079605738,5.09079605778,5.09079605778,5.09079605718,5.09079605688,5.09079605688,5.09079605688,5.09079605768,5.09079605738,5.09079605738,5.09079605738,5.09079605688,5.595616013154,5.595616013154,5.59561601321,5.59561601321,5.59561601351,5.595616013457,5.595616013457,5.59561601312,5.59561601312,5.59561601312,5.59561601312,5.59561601309,5.59561601309,5.595616013098,5.595616013098,5.5956160131,5.59561601312,5.59561601303,5.59561601303,5.59561601307,5.59561601307,5.59561601307,5.59561601303,5.59561601313,5.59561601275,5.59561601315,5.59561601315,5.5956160132,5.59561601322,5.59561601323,5.59561601323,5.5956160132,5.5956160133,5.5956160133,5.59561601327,5.59561601317,5.59561601317,5.595616013241,5.595616013241,5.59561601324,5.59561601305,5.59561601305,5.595616013189,5.595616013229,5.595616013129,5.595616013129,5.595616013189,5.595616013189,5.59561601315,5.59561601335,5.5956160133,5.59561601332,5.59561601332,5.59561601329,5.59561601329
"t53",4.04703113335,4.04703113335,3.86164551937,3.86164551937,3.86164551934,3.86164551934,3.86164551931,3.861645519339,3.861645519339,3.86164551931,3.86164551941,3.86164551941,3.86164551945,3.86164551945,3.86164551917,1.0103997758,0.4446196166,0,3.15972766608,3.15972766608,3.1597276661,3.15972766607,3.15972766607,3.1597276661,3.1597276663,3.6464709173,4.46027860708,4.46027860708,4.46027860708,4.46027860718,4.46027860718,5.09079605738,5.09079605738,5.09079605738,5.09079605778,5.09079605778,5.09079605718,5.09079605688,5.09079605688,5.09079605688,5.09079605768,5.09079605738,5.09079605738,5.09079605738,5.09079605688,5.595616013154,5.595616013154,5.59561601321,5.59561601321,5.59561601351,5.595616013457,5.595616013457,5.59561601312,5.59561601312,5.59561601312,5.59561601312,5.59561601309,5.59561601309,5.595616013098,5.595616013098,5.5956160131,5.59561601312,5.59561601303,5.59561601303,5.59561601307,5.59561601307,5.59561601307,5.59561601303,5.59561601313,5.59561601275,5.59561601315,5.59561601315,5.5956160132,5.59561601322,5.59561601323,5.59561601323,5.5956160132,5.5956160133,5.5956160133,5.59561601327,5.59561601317,5.59561601317,5.595616013241,5.595616013241,5.59561601324,5.59561601305,5.59561601305,5.595616013189,5.595616013229,5.595616013129,5.595616013129,5.595616013189,5.595616013189,5.59561601315,5.59561601335,5.5956160133,5.59561601332,5.59561601332,5.59561601329,5.59561601329
"t93",4.04703113363,4.04703113363,3.86164551965,3.86164551965,3.86164551962,3.86164551962,3.86164551959,3.861645519619,3.861645519619,3.86164551959,3.86164551969,3.86164551969,3.86164551973,3.86164551973,3.86164551945,3.15972766608,3.15972766608,3.15972766608,0,0.05573878516,0.94194221598,1.55974335175,1.55974335175,1.55974335178,2.72335190778,3.64647091758,4.46027860736,4.46027860736,4.46027860736,4.46027860746,4.46027860746,5.09079605766,5.09079605766,5.09079605766,5.09079605806,5.09079605806,5.09079605746,5.09079605716,5.09079605716,5.09079605716,5.09079605796,5.09079605766,5.09079605766,5.09079605766,5.09079605716,5.595616013434,5.595616013434,5.59561601349,5.59561601349,5.59561601379,5.595616013737,5.595616013737,5.5956160134,5.5956160134,5.5956160134,5.5956160134,5.59561601337,5.59561601337,5.595616013378,5.595616013378,5.59561601338,5.5956160134,5.59561601331,5.59561601331,5.59561601335,5.59561601335,5.59561601335,5.59561601331,5.59561601341,5.59561601303,5.59561601343,5.59561601343,5.59561601348,5.5956160135,5.59561601351,5.59561601351,5.59561601348,5.59561601358,5.59561601358,5.59561601355,5.59561601345,5.59561601345,5.595616013521,5.595616013521,5.59561601352,5.59561601333,5.59561601333,5.595616013469,5.595616013509,5.595616013409,5.595616013409,5.595616013469,5.595616013469,5.59561601343,5.59561601363,5.59561601358,5.5956160136,5.5956160136,5.59561601357,5.59561601357
"t94",4.04703113363,4.04703113363,3.86164551965,3.86164551965,3.86164551962,3.86164551962,3.86164551959,3.861645519619,3.861645519619,3.86164551959,3.86164551969,3.86164551969,3.86164551973,3.86164551973,3.86164551945,3.15972766608,3.15972766608,3.15972766608,0.05573878516,0,0.94194221598,1.55974335175,1.55974335175,1.55974335178,2.72335190778,3.64647091758,4.46027860736,4.46027860736,4.46027860736,4.46027860746,4.46027860746,5.09079605766,5.09079605766,5.09079605766,5.09079605806,5.09079605806,5.09079605746,5.09079605716,5.09079605716,5.09079605716,5.09079605796,5.09079605766,5.09079605766,5.09079605766,5.09079605716,5.595616013434,5.595616013434,5.59561601349,5.59561601349,5.59561601379,5.595616013737,5.595616013737,5.5956160134,5.5956160134,5.5956160134,5.5956160134,5.59561601337,5.59561601337,5.595616013378,5.595616013378,5.59561601338,5.5956160134,5.59561601331,5.59561601331,5.59561601335,5.59561601335,5.59561601335,5.59561601331,5.59561601341,5.59561601303,5.59561601343,5.59561601343,5.59561601348,5.5956160135,5.59561601351,5.59561601351,5.59561601348,5.59561601358,5.59561601358,5.59561601355,5.59561601345,5.59561601345,5.595616013521,5.595616013521,5.59561601352,5.59561601333,5.59561601333,5.595616013469,5.595616013509,5.595616013409,5.595616013409,5.595616013469,5.595616013469,5.59561601343,5.59561601363,5.59561601358,5.5956160136,5.5956160136,5.59561601357,5.59561601357
"t28",4.04703113365,4.04703113365,3.86164551967,3.86164551967,3.86164551964,3.86164551964,3.86164551961,3.861645519639,3.861645519639,3.86164551961,3.86164551971,3.86164551971,3.86164551975,3.86164551975,3.86164551947,3.1597276661,3.1597276661,3.1597276661,0.94194221598,0.94194221598,0,1.55974335177,1.55974335177,1.5597433518,2.7233519078,3.6464709176,4.46027860738,4.46027860738,4.46027860738,4.46027860748,4.46027860748,5.09079605768,5.09079605768,5.09079605768,5.09079605808,5.09079605808,5.09079605748,5.09079605718,5.09079605718,5.09079605718,5.09079605798,5.09079605768,5.09079605768,5.09079605768,5.09079605718,5.595616013454,5.595616013454,5.59561601351,5.59561601351,5.59561601381,5.595616013757,5.595616013757,5.59561601342,5.59561601342,5.59561601342,5.59561601342,5.59561601339,5.59561601339,5.595616013398,5.595616013398,5.5956160134,5.59561601342,5.59561601333,5.59561601333,5.59561601337,5.59561601337,5.59561601337,5.59561601333,5.59561601343,5.59561601305,5.59561601345,5.59561601345,5.5956160135,5.59561601352,5.59561601353,5.59561601353,5.5956160135,5.5956160136,5.5956160136,5.59561601357,5.59561601347,5.59561601347,5.595616013541,5.595616013541,5.59561601354,5.59561601335,5.59561601335,5.595616013489,5.595616013529,5.595616013429,5.595616013429,5.595616013489,5.595616013489,5.59561601345,5.59561601365,5.5956160136,5.59561601362,5.59561601362,5.59561601359,5.59561601359
"t83",4.04703113362,4.04703113362,3.86164551964,3.86164551964,3.86164551961,3.86164551961,3.86164551958,3.861645519609,3.861645519609,3.86164551958,3.86164551968,3.86164551968,3.86164551972,3.86164551972,3.86164551944,3.15972766607,3.15972766607,3.15972766607,1.55974335175,1.55974335175,1.55974335177,0,0.14491565414,1.09281684417,2.72335190777,3.64647091757,4.46027860735,4.46027860735,4.46027860735,4.46027860745,4.46027860745,5.09079605765,5.09079605765,5.09079605765,5.09079605805,5.09079605805,5.09079605745,5.09079605715,5.09079605715,5.09079605715,5.09079605795,5.09079605765,5.09079605765,5.09079605765,5.09079605715,5.595616013424,5.595616013424,5.59561601348,5.59561601348,5.59561601378,5.595616013727,5.595616013727,5.59561601339,5.59561601339,5.59561601339,5.59561601339,5.59561601336,5.59561601336,5.595616013368,5.595616013368,5.59561601337,5.59561601339,5.5956160133,5.5956160133,5.59561601334,5.59561601334,5.59561601334,5.5956160133,5.5956160134,5.59561601302,5.59561601342,5.59561601342,5.59561601347,5.59561601349,5.5956160135,5.5956160135,5.59561601347,5.59561601357,5.59561601357,5.59561601354,5.59561601344,5.59561601344,5.595616013511,5.595616013511,5.59561601351,5.59561601332,5.59561601332,5.595616013459,5.595616013499,5.595616013399,5.595616013399,5.595616013459,5.595616013459,5.59561601342,5.59561601362,5.59561601357,5.59561601359,5.59561601359,5.59561601356,5.59561601356
"t84",4.04703113362,4.04703113362,3.86164551964,3.86164551964,3.86164551961,3.86164551961,3.86164551958,3.861645519609,3.861645519609,3.86164551958,3.86164551968,3.86164551968,3.86164551972,3.86164551972,3.86164551944,3.15972766607,3.15972766607,3.15972766607,1.55974335175,1.55974335175,1.55974335177,0.14491565414,0,1.09281684417,2.72335190777,3.64647091757,4.46027860735,4.46027860735,4.46027860735,4.46027860745,4.46027860745,5.09079605765,5.09079605765,5.09079605765,5.09079605805,5.09079605805,5.09079605745,5.09079605715,5.09079605715,5.09079605715,5.09079605795,5.09079605765,5.09079605765,5.09079605765,5.09079605715,5.595616013424,5.595616013424,5.59561601348,5.59561601348,5.59561601378,5.595616013727,5.595616013727,5.59561601339,5.59561601339,5.59561601339,5.59561601339,5.59561601336,5.59561601336,5.595616013368,5.595616013368,5.59561601337,5.59561601339,5.5956160133,5.5956160133,5.59561601334,5.59561601334,5.59561601334,5.5956160133,5.5956160134,5.59561601302,5.59561601342,5.59561601342,5.59561601347,5.59561601349,5.5956160135,5.5956160135,5.59561601347,5.59561601357,5.59561601357,5.59561601354,5.59561601344,5.59561601344,5.595616013511,5.595616013511,5.59561601351,5.59561601332,5.59561601332,5.595616013459,5.595616013499,5.595616013399,5.595616013399,5.595616013459,5.595616013459,5.59561601342,5.59561601362,5.59561601357,5.59561601359,5.59561601359,5.59561601356,5.59561601356
"t22",4.04703113365,4.04703113365,3.86164551967,3.86164551967,3.86164551964,3.86164551964,3.86164551961,3.861645519639,3.861645519639,3.86164551961,3.86164551971,3.86164551971,3.86164551975,3.86164551975,3.86164551947,3.1597276661,3.1597276661,3.1597276661,1.55974335178,1.55974335178,1.5597433518,1.09281684417,1.09281684417,0,2.7233519078,3.6464709176,4.46027860738,4.46027860738,4.46027860738,4.46027860748,4.46027860748,5.09079605768,5.09079605768,5.09079605768,5.09079605808,5.09079605808,5.09079605748,5.09079605718,5.09079605718,5.09079605718,5.09079605798,5.09079605768,5.09079605768,5.09079605768,5.09079605718,5.595616013454,5.595616013454,5.59561601351,5.59561601351,5.59561601381,5.595616013757,5.595616013757,5.59561601342,5.59561601342,5.59561601342,5.59561601342,5.59561601339,5.59561601339,5.595616013398,5.595616013398,5.5956160134,5.59561601342,5.59561601333,5.59561601333,5.59561601337,5.59561601337,5.59561601337,5.59561601333,5.59561601343,5.59561601305,5.59561601345,5.59561601345,5.5956160135,5.59561601352,5.59561601353,5.59561601353,5.5956160135,5.5956160136,5.5956160136,5.59561601357,5.59561601347,5.59561601347,5.595616013541,5.595616013541,5.59561601354,5.59561601335,5.59561601335,5.595616013489,5.595616013529,5.595616013429,5.595616013429,5.595616013489,5.595616013489,5.59561601345,5.59561601365,5.5956160136,5.59561601362,5.59561601362,5.59561601359,5.59561601359
"t5",4.04703113385,4.04703113385,3.86164551987,3.86164551987,3.86164551984,3.86164551984,3.86164551981,3.861645519839,3.861645519839,3.86164551981,3.86164551991,3.86164551991,3.86164551995,3.86164551995,3.86164551967,3.1597276663,3.1597276663,3.1597276663,2.72335190778,2.72335190778,2.7233519078,2.72335190777,2.72335190777,2.7233519078,0,3.6464709178,4.46027860758,4.46027860758,4.46027860758,4.46027860768,4.46027860768,5.09079605788,5.09079605788,5.09079605788,5.09079605828,5.09079605828,5.09079605768,5.09079605738,5.09079605738,5.09079605738,5.09079605818,5.09079605788,5.09079605788,5.09079605788,5.09079605738,5.595616013654,5.595616013654,5.59561601371,5.59561601371,5.59561601401,5.595616013957,5.595616013957,5.59561601362,5.59561601362,5.59561601362,5.59561601362,5.59561601359,5.59561601359,5.595616013598,5.595616013598,5.5956160136,5.59561601362,5.59561601353,5.59561601353,5.59561601357,5.59561601357,5.59561601357,5.59561601353,5.59561601363,5.59561601325,5.59561601365,5.59561601365,5.5956160137,5.59561601372,5.59561601373,5.59561601373,5.5956160137,5.5956160138,5.5956160138,5.59561601377,5.59561601367,5.59561601367,5.595616013741,5.595616013741,5.59561601374,5.59561601355,5.59561601355,5.595616013689,5.595616013729,5.595616013629,5.595616013629,5.595616013689,5.595616013689,5.59561601365,5.59561601385,5.5956160138,5.59561601382,5.59561601382,5.59561601379,5.59561601379
"t1",4.04703113405,4.04703113405,3.86164552007,3.86164552007,3.86164552004,3.86164552004,3.86164552001,3.861645520039,3.861645520039,3.86164552001,3.86164552011,3.86164552011,3.86164552015,3.86164552015,3.86164551987,3.6464709173,3.6464709173,3.6464709173,3.64647091758,3.64647091758,3.6464709176,3.64647091757,3.64647091757,3.6464709176,3.6464709178,0,4.46027860778,4.46027860778,4.46027860778,4.46027860788,4.46027860788,5.09079605808,5.09079605808,5.09079605808,5.09079605848,5.09079605848,5.09079605788,5.09079605758,5.09079605758,5.09079605758,5.09079605838,5.09079605808,5.09079605808,5.09079605808,5.09079605758,5.595616013854,5.595616013854,5.59561601391,5.59561601391,5.59561601421,5.595616014157,5.595616014157,5.59561601382,5.59561601382,5.59561601382,5.59561601382,5.59561601379,5.59561601379,5.595616013798,5.595616013798,5.5956160138,5.59561601382,5.59561601373,5.59561601373,5.59561601377,5.59561601377,5.59561601377,5.59561601373,5.59561601383,5.59561601345,5.59561601385,5.59561601385,5.5956160139,5.59561601392,5.59561601393,5.59561601393,5.5956160139,5.595616014,5.595616014,5.59561601397,5.59561601387,5.59561601387,5.595616013941,5.595616013941,5.59561601394,5.59561601375,5.59561601375,5.595616013889,5.595616013929,5.595616013829,5.595616013829,5.595616013889,5.595616013889,5.59561601385,5.59561601405,5.595616014,5.59561601402,5.59561601402,5.59561601399,5.59561601399
"t29",4.46027860767,4.46027860767,4.46027860725,4.46027860725,4.46027860722,4.46027860722,4.46027860719,4.460278607219,4.460278607219,4.46027860719,4.46027860729,4.46027860729,4.46027860733,4.46027860733,4.46027860705,4.46027860708,4.46027860708,4.46027860708,4.46027860736,4.46027860736,4.46027860738,4.46027860735,4.46027860735,4.46027860738,4.46027860758,4.46027860778,0,0.9269393338,0.9269393338,2.6102294667,2.6102294667,5.0907960575,5.0907960575,5.0907960575,5.0907960579,5.0907960579,5.0907960573,5.090796057,5.090796057,5.090796057,5.0907960578,5.0907960575,5.0907960575,5.0907960575,5.090796057,5.595616013274,5.595616013274,5.59561601333,5.59561601333,5.59561601363,5.595616013577,5.595616013577,5.59561601324,5.59561601324,5.59561601324,5.59561601324,5.59561601321,5.59561601321,5.595616013218,5.595616013218,5.59561601322,5.59561601324,5.59561601315,5.59561601315,5.59561601319,5.59561601319,5.59561601319,5.59561601315,5.59561601325,5.59561601287,5.59561601327,5.59561601327,5.59561601332,5.59561601334,5.59561601335,5.59561601335,5.59561601332,5.59561601342,5.59561601342,5.59561601339,5.59561601329,5.59561601329,5.595616013361,5.595616013361,5.59561601336,5.59561601317,5.59561601317,5.595616013309,5.595616013349,5.595616013249,5.595616013249,5.595616013309,5.595616013309,5.59561601327,5.59561601347,5.59561601342,5.59561601344,5.59561601344,5.59561601341,5.59561601341
"t48",4.46027860767,4.46027860767,4.46027860725,4.46027860725,4.46027860722,4.46027860722,4.46027860719,4.460278607219,4.460278607219,4.46027860719,4.46027860729,4.46027860729,4.46027860733,4.46027860733,4.46027860705,4.46027860708,4.46027860708,4.46027860708,4.46027860736,4.46027860736,4.46027860738,4.46027860735,4.46027860735,4.46027860738,4.46027860758,4.46027860778,0.9269393338,0,0.5768558134,2.6102294667,2.6102294667,5.0907960575,5.0907960575,5.0907960575,5.0907960579,5.0907960579,5.0907960573,5.090796057,5.090796057,5.090796057,5.0907960578,5.0907960575,5.0907960575,5.0907960575,5.090796057,5.595616013274,5.595616013274,5.59561601333,5.59561601333,5.59561601363,5.595616013577,5.595616013577,5.59561601324,5.59561601324,5.59561601324,5.59561601324,5.59561601321,5.59561601321,5.595616013218,5.595616013218,5.59561601322,5.59561601324,5.59561601315,5.59561601315,5.59561601319,5.59561601319,5.59561601319,5.59561601315,5.59561601325,5.59561601287,5.59561601327,5.59561601327,5.59561601332,5.59561601334,5.59561601335,5.59561601335,5.59561601332,5.59561601342,5.59561601342,5.59561601339,5.59561601329,5.59561601329,5.595616013361,5.595616013361,5.59561601336,5.59561601317,5.59561601317,5.595616013309,5.595616013349,5.595616013249,5.595616013249,5.595616013309,5.595616013309,5.59561601327,5.59561601347,5.59561601342,5.59561601344,5.59561601344,5.59561601341,5.59561601341
"t49",4.46027860767,4.46027860767,4.46027860725,4.46027860725,4.46027860722,4.46027860722,4.46027860719,4.460278607219,4.460278607219,4.46027860719,4.46027860729,4.46027860729,4.46027860733,4.46027860733,4.46027860705,4.46027860708,4.46027860708,4.46027860708,4.46027860736,4.46027860736,4.46027860738,4.46027860735,4.46027860735,4.46027860738,4.46027860758,4.46027860778,0.9269393338,0.5768558134,0,2.6102294667,2.6102294667,5.0907960575,5.0907960575,5.0907960575,5.0907960579,5.0907960579,5.0907960573,5.090796057,5.090796057,5.090796057,5.0907960578,5.0907960575,5.0907960575,5.0907960575,5.090796057,5.595616013274,5.595616013274,5.59561601333,5.59561601333,5.59561601363,5.595616013577,5.595616013577,5.59561601324,5.59561601324,5.59561601324,5.59561601324,5.59561601321,5.59561601321,5.595616013218,5.595616013218,5.59561601322,5.59561601324,5.59561601315,5.59561601315,5.59561601319,5.59561601319,5.59561601319,5.59561601315,5.59561601325,5.59561601287,5.59561601327,5.59561601327,5.59561601332,5.59561601334,5.59561601335,5.59561601335,5.59561601332,5.59561601342,5.59561601342,5.59561601339,5.59561601329,5.59561601329,5.595616013361,5.595616013361,5.59561601336,5.59561601317,5.59561601317,5.595616013309,5.595616013349,5.595616013249,5.595616013249,5.595616013309,5.595616013309,5.59561601327,5.59561601347,5.59561601342,5.59561601344,5.59561601344,5.59561601341,5.59561601341
"t32",4.46027860777,4.46027860777,4.46027860735,4.46027860735,4.46027860732,4.46027860732,4.46027860729,4.460278607319,4.460278607319,4.46027860729,4.46027860739,4.46027860739,4.46027860743,4.46027860743,4.46027860715,4.46027860718,4.46027860718,4.46027860718,4.46027860746,4.46027860746,4.46027860748,4.46027860745,4.46027860745,4.46027860748,4.46027860768,4.46027860788,2.6102294667,2.6102294667,2.6102294667,0,0.8692870712,5.0907960576,5.0907960576,5.0907960576,5.090796058,5.090796058,5.0907960574,5.0907960571,5.0907960571,5.0907960571,5.0907960579,5.0907960576,5.0907960576,5.0907960576,5.0907960571,5.595616013374,5.595616013374,5.59561601343,5.59561601343,5.59561601373,5.595616013677,5.595616013677,5.59561601334,5.59561601334,5.59561601334,5.59561601334,5.59561601331,5.59561601331,5.595616013318,5.595616013318,5.59561601332,5.59561601334,5.59561601325,5.59561601325,5.59561601329,5.59561601329,5.59561601329,5.59561601325,5.59561601335,5.59561601297,5.59561601337,5.59561601337,5.59561601342,5.59561601344,5.59561601345,5.59561601345,5.59561601342,5.59561601352,5.59561601352,5.59561601349,5.59561601339,5.59561601339,5.595616013461,5.595616013461,5.59561601346,5.59561601327,5.59561601327,5.595616013409,5.595616013449,5.595616013349,5.595616013349,5.595616013409,5.595616013409,5.59561601337,5.59561601357,5.59561601352,5.59561601354,5.59561601354,5.59561601351,5.59561601351
"t33",4.46027860777,4.46027860777,4.46027860735,4.46027860735,4.46027860732,4.46027860732,4.46027860729,4.460278607319,4.460278607319,4.46027860729,4.46027860739,4.46027860739,4.46027860743,4.46027860743,4.46027860715,4.46027860718,4.46027860718,4.46027860718,4.46027860746,4.46027860746,4.46027860748,4.46027860745,4.46027860745,4.46027860748,4.46027860768,4.46027860788,2.6102294667,2.6102294667,2.6102294667,0.8692870712,0,5.0907960576,5.0907960576,5.0907960576,5.090796058,5.090796058,5.0907960574,5.0907960571,5.0907960571,5.0907960571,5.0907960579,5.0907960576,5.0907960576,5.0907960576,5.0907960571,5.595616013374,5.595616013374,5.59561601343,5.59561601343,5.59561601373,5.595616013677,5.595616013677,5.59561601334,5.59561601334,5.59561601334,5.59561601334,5.59561601331,5.59561601331,5.595616013318,5.595616013318,5.59561601332,5.59561601334,5.59561601325,5.59561601325,5.59561601329,5.59561601329,5.59561601329,5.59561601325,5.59561601335,5.59561601297,5.59561601337,5.59561601337,5.59561601342,5.59561601344,5.59561601345,5.59561601345,5.59561601342,5.59561601352,5.59561601352,5.59561601349,5.59561601339,5.59561601339,5.595616013461,5.595616013461,5.59561601346,5.59561601327,5.59561601327,5.595616013409,5.595616013449,5.595616013349,5.595616013349,5.595616013409,5.595616013409,5.59561601337,5.59561601357,5.59561601352,5.59561601354,5.59561601354,5.59561601351,5.59561601351
"t77",5.09079605797,5.09079605797,5.09079605755,5.09079605755,5.09079605752,5.09079605752,5.09079605749,5.090796057519,5.090796057519,5.09079605749,5.09079605759,5.09079605759,5.09079605763,5.09079605763,5.09079605735,5.09079605738,5.09079605738,5.09079605738,5.09079605766,5.09079605766,5.09079605768,5.09079605765,5.09079605765,5.09079605768,5.09079605788,5.09079605808,5.0907960575,5.0907960575,5.0907960575,5.0907960576,5.0907960576,0,0.2022518952,1.6457639708,3.1349204792,3.1349204792,3.4325796062,4.1554396545,4.1554396545,4.1554396545,4.1554396553,4.155439655,4.155439655,4.155439655,4.1554396545,5.595616013374,5.595616013374,5.59561601343,5.59561601343,5.59561601373,5.595616013677,5.595616013677,5.59561601334,5.59561601334,5.59561601334,5.59561601334,5.59561601331,5.59561601331,5.595616013318,5.595616013318,5.59561601332,5.59561601334,5.59561601325,5.59561601325,5.59561601329,5.59561601329,5.59561601329,5.59561601325,5.59561601335,5.59561601297,5.59561601337,5.59561601337,5.59561601342,5.59561601344,5.59561601345,5.59561601345,5.59561601342,5.59561601352,5.59561601352,5.59561601349,5.59561601339,5.59561601339,5.595616013461,5.595616013461,5.59561601346,5.59561601327,5.59561601327,5.595616013409,5.595616013449,5.595616013349,5.595616013349,5.595616013409,5.595616013409,5.59561601337,5.59561601357,5.59561601352,5.59561601354,5.59561601354,5.59561601351,5.59561601351
"t78",5.09079605797,5.09079605797,5.09079605755,5.09079605755,5.09079605752,5.09079605752,5.09079605749,5.090796057519,5.090796057519,5.09079605749,5.09079605759,5.09079605759,5.09079605763,5.09079605763,5.09079605735,5.09079605738,5.09079605738,5.09079605738,5.09079605766,5.09079605766,5.09079605768,5.09079605765,5.09079605765,5.09079605768,5.09079605788,5.09079605808,5.0907960575,5.0907960575,5.0907960575,5.0907960576,5.0907960576,0.2022518952,0,1.6457639708,3.1349204792,3.1349204792,3.4325796062,4.1554396545,4.1554396545,4.1554396545,4.1554396553,4.155439655,4.155439655,4.155439655,4.1554396545,5.595616013374,5.595616013374,5.59561601343,5.59561601343,5.59561601373,5.595616013677,5.595616013677,5.59561601334,5.59561601334,5.59561601334,5.59561601334,5.59561601331,5.59561601331,5.595616013318,5.595616013318,5.59561601332,5.59561601334,5.59561601325,5.59561601325,5.59561601329,5.59561601329,5.59561601329,5.59561601325,5.59561601335,5.59561601297,5.59561601337,5.59561601337,5.59561601342,5.59561601344,5.59561601345,5.59561601345,5.59561601342,5.59561601352,5.59561601352,5.59561601349,5.59561601339,5.59561601339,5.595616013461,5.595616013461,5.59561601346,5.59561601327,5.59561601327,5.595616013409,5.595616013449,5.595616013349,5.595616013349,5.595616013409,5.595616013409,5.59561601337,5.59561601357,5.59561601352,5.59561601354,5.59561601354,5.59561601351,5.59561601351
"t11",5.09079605797,5.09079605797,5.09079605755,5.09079605755,5.09079605752,5.09079605752,5.09079605749,5.090796057519,5.090796057519,5.09079605749,5.09079605759,5.09079605759,5.09079605763,5.09079605763,5.09079605735,5.09079605738,5.09079605738,5.09079605738,5.09079605766,5.09079605766,5.09079605768,5.09079605765,5.09079605765,5.09079605768,5.09079605788,5.09079605808,5.0907960575,5.0907960575,5.0907960575,5.0907960576,5.0907960576,1.6457639708,1.6457639708,0,3.1349204792,3.1349204792,3.4325796062,4.1554396545,4.1554396545,4.1554396545,4.1554396553,4.155439655,4.155439655,4.155439655,4.1554396545,5.595616013374,5.595616013374,5.59561601343,5.59561601343,5.59561601373,5.595616013677,5.595616013677,5.59561601334,5.59561601334,5.59561601334,5.59561601334,5.59561601331,5.59561601331,5.595616013318,5.595616013318,5.59561601332,5.59561601334,5.59561601325,5.59561601325,5.59561601329,5.59561601329,5.59561601329,5.59561601325,5.59561601335,5.59561601297,5.59561601337,5.59561601337,5.59561601342,5.59561601344,5.59561601345,5.59561601345,5.59561601342,5.59561601352,5.59561601352,5.59561601349,5.59561601339,5.59561601339,5.595616013461,5.595616013461,5.59561601346,5.59561601327,5.59561601327,5.595616013409,5.595616013449,5.595616013349,5.595616013349,5.595616013409,5.595616013409,5.59561601337,5.59561601357,5.59561601352,5.59561601354,5.59561601354,5.59561601351,5.59561601351
"t40",5.09079605837,5.09079605837,5.09079605795,5.09079605795,5.09079605792,5.09079605792,5.09079605789,5.090796057919,5.090796057919,5.09079605789,5.09079605799,5.09079605799,5.09079605803,5.09079605803,5.09079605775,5.09079605778,5.09079605778,5.09079605778,5.09079605806,5.09079605806,5.09079605808,5.09079605805,5.09079605805,5.09079605808,5.09079605828,5.09079605848,5.0907960579,5.0907960579,5.0907960579,5.090796058,5.090796058,3.1349204792,3.1349204792,3.1349204792,0,0.7004379276,3.4325796066,4.1554396549,4.1554396549,4.1554396549,4.1554396557,4.1554396554,4.1554396554,4.1554396554,4.1554396549,5.595616013774,5.595616013774,5.59561601383,5.59561601383,5.59561601413,5.595616014077,5.595616014077,5.59561601374,5.59561601374,5.59561601374,5.59561601374,5.59561601371,5.59561601371,5.595616013718,5.595616013718,5.59561601372,5.59561601374,5.59561601365,5.59561601365,5.59561601369,5.59561601369,5.59561601369,5.59561601365,5.59561601375,5.59561601337,5.59561601377,5.59561601377,5.59561601382,5.59561601384,5.59561601385,5.59561601385,5.59561601382,5.59561601392,5.59561601392,5.59561601389,5.59561601379,5.59561601379,5.595616013861,5.595616013861,5.59561601386,5.59561601367,5.59561601367,5.595616013809,5.595616013849,5.595616013749,5.595616013749,5.595616013809,5.595616013809,5.59561601377,5.59561601397,5.59561601392,5.59561601394,5.59561601394,5.59561601391,5.59561601391
"t41",5.09079605837,5.09079605837,5.09079605795,5.09079605795,5.09079605792,5.09079605792,5.09079605789,5.090796057919,5.090796057919,5.09079605789,5.09079605799,5.09079605799,5.09079605803,5.09079605803,5.09079605775,5.09079605778,5.09079605778,5.09079605778,5.09079605806,5.09079605806,5.09079605808,5.09079605805,5.09079605805,5.09079605808,5.09079605828,5.09079605848,5.0907960579,5.0907960579,5.0907960579,5.090796058,5.090796058,3.1349204792,3.1349204792,3.1349204792,0.7004379276,0,3.4325796066,4.1554396549,4.1554396549,4.1554396549,4.1554396557,4.1554396554,4.1554396554,4.1554396554,4.1554396549,5.595616013774,5.595616013774,5.59561601383,5.59561601383,5.59561601413,5.595616014077,5.595616014077,5.59561601374,5.59561601374,5.59561601374,5.59561601374,5.59561601371,5.59561601371,5.595616013718,5.595616013718,5.59561601372,5.59561601374,5.59561601365,5.59561601365,5.59561601369,5.59561601369,5.59561601369,5.59561601365,5.59561601375,5.59561601337,5.59561601377,5.59561601377,5.59561601382,5.59561601384,5.59561601385,5.59561601385,5.59561601382,5.59561601392,5.59561601392,5.59561601389,5.59561601379,5.59561601379,5.595616013861,5.595616013861,5.59561601386,5.59561601367,5.59561601367,5.595616013809,5.595616013849,5.595616013749,5.595616013749,5.595616013809,5.595616013809,5.59561601377,5.59561601397,5.59561601392,5.59561601394,5.59561601394,5.59561601391,5.59561601391
"t2",5.09079605777,5.09079605777,5.09079605735,5.09079605735,5.09079605732,5.09079605732,5.09079605729,5.090796057319,5.090796057319,5.09079605729,5.09079605739,5.09079605739,5.09079605743,5.09079605743,5.09079605715,5.09079605718,5.09079605718,5.09079605718,5.09079605746,5.09079605746,5.09079605748,5.09079605745,5.09079605745,5.09079605748,5.09079605768,5.09079605788,5.0907960573,5.0907960573,5.0907960573,5.0907960574,5.0907960574,3.4325796062,3.4325796062,3.4325796062,3.4325796066,3.4325796066,0,4.1554396543,4.1554396543,4.1554396543,4.1554396551,4.1554396548,4.1554396548,4.1554396548,4.1554396543,5.595616013174,5.595616013174,5.59561601323,5.59561601323,5.59561601353,5.595616013477,5.595616013477,5.59561601314,5.59561601314,5.59561601314,5.59561601314,5.59561601311,5.59561601311,5.595616013118,5.595616013118,5.59561601312,5.59561601314,5.59561601305,5.59561601305,5.59561601309,5.59561601309,5.59561601309,5.59561601305,5.59561601315,5.59561601277,5.59561601317,5.59561601317,5.59561601322,5.59561601324,5.59561601325,5.59561601325,5.59561601322,5.59561601332,5.59561601332,5.59561601329,5.59561601319,5.59561601319,5.595616013261,5.595616013261,5.59561601326,5.59561601307,5.59561601307,5.595616013209,5.595616013249,5.595616013149,5.595616013149,5.595616013209,5.595616013209,5.59561601317,5.59561601337,5.59561601332,5.59561601334,5.59561601334,5.59561601331,5.59561601331
"t38",5.09079605747,5.09079605747,5.09079605705,5.09079605705,5.09079605702,5.09079605702,5.09079605699,5.090796057019,5.090796057019,5.09079605699,5.09079605709,5.09079605709,5.09079605713,5.09079605713,5.09079605685,5.09079605688,5.09079605688,5.09079605688,5.09079605716,5.09079605716,5.09079605718,5.09079605715,5.09079605715,5.09079605718,5.09079605738,5.09079605758,5.090796057,5.090796057,5.090796057,5.0907960571,5.0907960571,4.1554396545,4.1554396545,4.1554396545,4.1554396549,4.1554396549,4.1554396543,0,0.7300546542,0.7300546542,3.789846813,3.7898468127,3.7898468127,3.7898468127,3.7898468122,5.595616012874,5.595616012874,5.59561601293,5.59561601293,5.59561601323,5.595616013177,5.595616013177,5.59561601284,5.59561601284,5.59561601284,5.59561601284,5.59561601281,5.59561601281,5.595616012818,5.595616012818,5.59561601282,5.59561601284,5.59561601275,5.59561601275,5.59561601279,5.59561601279,5.59561601279,5.59561601275,5.59561601285,5.59561601247,5.59561601287,5.59561601287,5.59561601292,5.59561601294,5.59561601295,5.59561601295,5.59561601292,5.59561601302,5.59561601302,5.59561601299,5.59561601289,5.59561601289,5.595616012961,5.595616012961,5.59561601296,5.59561601277,5.59561601277,5.595616012909,5.595616012949,5.595616012849,5.595616012849,5.595616012909,5.595616012909,5.59561601287,5.59561601307,5.59561601302,5.59561601304,5.59561601304,5.59561601301,5.59561601301
"t61",5.09079605747,5.09079605747,5.09079605705,5.09079605705,5.09079605702,5.09079605702,5.09079605699,5.090796057019,5.090796057019,5.09079605699,5.09079605709,5.09079605709,5.09079605713,5.09079605713,5.09079605685,5.09079605688,5.09079605688,5.09079605688,5.09079605716,5.09079605716,5.09079605718,5.09079605715,5.09079605715,5.09079605718,5.09079605738,5.09079605758,5.090796057,5.090796057,5.090796057,5.0907960571,5.0907960571,4.1554396545,4.1554396545,4.1554396545,4.1554396549,4.1554396549,4.1554396543,0.7300546542,0,0.3546842078,3.789846813,3.7898468127,3.7898468127,3.7898468127,3.7898468122,5.595616012874,5.595616012874,5.59561601293,5.59561601293,5.59561601323,5.595616013177,5.595616013177,5.59561601284,5.59561601284,5.59561601284,5.59561601284,5.59561601281,5.59561601281,5.595616012818,5.595616012818,5.59561601282,5.59561601284,5.59561601275,5.59561601275,5.59561601279,5.59561601279,5.59561601279,5.59561601275,5.59561601285,5.59561601247,5.59561601287,5.59561601287,5.59561601292,5.59561601294,5.59561601295,5.59561601295,5.59561601292,5.59561601302,5.59561601302,5.59561601299,5.59561601289,5.59561601289,5.595616012961,5.595616012961,5.59561601296,5.59561601277,5.59561601277,5.595616012909,5.595616012949,5.595616012849,5.595616012849,5.595616012909,5.595616012909,5.59561601287,5.59561601307,5.59561601302,5.59561601304,5.59561601304,5.59561601301,5.59561601301
"t62",5.09079605747,5.09079605747,5.09079605705,5.09079605705,5.09079605702,5.09079605702,5.09079605699,5.090796057019,5.090796057019,5.09079605699,5.09079605709,5.09079605709,5.09079605713,5.09079605713,5.09079605685,5.09079605688,5.09079605688,5.09079605688,5.09079605716,5.09079605716,5.09079605718,5.09079605715,5.09079605715,5.09079605718,5.09079605738,5.09079605758,5.090796057,5.090796057,5.090796057,5.0907960571,5.0907960571,4.1554396545,4.1554396545,4.1554396545,4.1554396549,4.1554396549,4.1554396543,0.7300546542,0.3546842078,0,3.789846813,3.7898468127,3.7898468127,3.7898468127,3.7898468122,5.595616012874,5.595616012874,5.59561601293,5.59561601293,5.59561601323,5.595616013177,5.595616013177,5.59561601284,5.59561601284,5.59561601284,5.59561601284,5.59561601281,5.59561601281,5.595616012818,5.595616012818,5.59561601282,5.59561601284,5.59561601275,5.59561601275,5.59561601279,5.59561601279,5.59561601279,5.59561601275,5.59561601285,5.59561601247,5.59561601287,5.59561601287,5.59561601292,5.59561601294,5.59561601295,5.59561601295,5.59561601292,5.59561601302,5.59561601302,5.59561601299,5.59561601289,5.59561601289,5.595616012961,5.595616012961,5.59561601296,5.59561601277,5.59561601277,5.595616012909,5.595616012949,5.595616012849,5.595616012849,5.595616012909,5.595616012909,5.59561601287,5.59561601307,5.59561601302,5.59561601304,5.59561601304,5.59561601301,5.59561601301
"t3",5.09079605827,5.09079605827,5.09079605785,5.09079605785,5.09079605782,5.09079605782,5.09079605779,5.090796057819,5.090796057819,5.09079605779,5.09079605789,5.09079605789,5.09079605793,5.09079605793,5.09079605765,5.09079605768,5.09079605768,5.09079605768,5.09079605796,5.09079605796,5.09079605798,5.09079605795,5.09079605795,5.09079605798,5.09079605818,5.09079605838,5.0907960578,5.0907960578,5.0907960578,5.0907960579,5.0907960579,4.1554396553,4.1554396553,4.1554396553,4.1554396557,4.1554396557,4.1554396551,3.789846813,3.789846813,3.789846813,0,3.2019529137,3.2019529137,3.2019529137,3.2019529132,5.595616013674,5.595616013674,5.59561601373,5.59561601373,5.59561601403,5.595616013977,5.595616013977,5.59561601364,5.59561601364,5.59561601364,5.59561601364,5.59561601361,5.59561601361,5.595616013618,5.595616013618,5.59561601362,5.59561601364,5.59561601355,5.59561601355,5.59561601359,5.59561601359,5.59561601359,5.59561601355,5.59561601365,5.59561601327,5.59561601367,5.59561601367,5.59561601372,5.59561601374,5.59561601375,5.59561601375,5.59561601372,5.59561601382,5.59561601382,5.59561601379,5.59561601369,5.59561601369,5.595616013761,5.595616013761,5.59561601376,5.59561601357,5.59561601357,5.595616013709,5.595616013749,5.595616013649,5.595616013649,5.595616013709,5.595616013709,5.59561601367,5.59561601387,5.59561601382,5.59561601384,5.59561601384,5.59561601381,5.59561601381
"t14",5.09079605797,5.09079605797,5.09079605755,5.09079605755,5.09079605752,5.09079605752,5.09079605749,5.090796057519,5.090796057519,5.09079605749,5.09079605759,5.09079605759,5.09079605763,5.09079605763,5.09079605735,5.09079605738,5.09079605738,5.09079605738,5.09079605766,5.09079605766,5.09079605768,5.09079605765,5.09079605765,5.09079605768,5.09079605788,5.09079605808,5.0907960575,5.0907960575,5.0907960575,5.0907960576,5.0907960576,4.155439655,4.155439655,4.155439655,4.1554396554,4.1554396554,4.1554396548,3.7898468127,3.7898468127,3.7898468127,3.2019529137,0,1.52365336,1.52365336,2.1378719205,5.595616013374,5.595616013374,5.59561601343,5.59561601343,5.59561601373,5.595616013677,5.595616013677,5.59561601334,5.59561601334,5.59561601334,5.59561601334,5.59561601331,5.59561601331,5.595616013318,5.595616013318,5.59561601332,5.59561601334,5.59561601325,5.59561601325,5.59561601329,5.59561601329,5.59561601329,5.59561601325,5.59561601335,5.59561601297,5.59561601337,5.59561601337,5.59561601342,5.59561601344,5.59561601345,5.59561601345,5.59561601342,5.59561601352,5.59561601352,5.59561601349,5.59561601339,5.59561601339,5.595616013461,5.595616013461,5.59561601346,5.59561601327,5.59561601327,5.595616013409,5.595616013449,5.595616013349,5.595616013349,5.595616013409,5.595616013409,5.59561601337,5.59561601357,5.59561601352,5.59561601354,5.59561601354,5.59561601351,5.59561601351
"t46",5.09079605797,5.09079605797,5.09079605755,5.09079605755,5.09079605752,5.09079605752,5.09079605749,5.090796057519,5.090796057519,5.09079605749,5.09079605759,5.09079605759,5.09079605763,5.09079605763,5.09079605735,5.09079605738,5.09079605738,5.09079605738,5.09079605766,5.09079605766,5.09079605768,5.09079605765,5.09079605765,5.09079605768,5.09079605788,5.09079605808,5.0907960575,5.0907960575,5.0907960575,5.0907960576,5.0907960576,4.155439655,4.155439655,4.155439655,4.1554396554,4.1554396554,4.1554396548,3.7898468127,3.7898468127,3.7898468127,3.2019529137,1.52365336,0,0.5916161088,2.1378719205,5.595616013374,5.595616013374,5.59561601343,5.59561601343,5.59561601373,5.595616013677,5.595616013677,5.59561601334,5.59561601334,5.59561601334,5.59561601334,5.59561601331,5.59561601331,5.595616013318,5.595616013318,5.59561601332,5.59561601334,5.59561601325,5.59561601325,5.59561601329,5.59561601329,5.59561601329,5.59561601325,5.59561601335,5.59561601297,5.59561601337,5.59561601337,5.59561601342,5.59561601344,5.59561601345,5.59561601345,5.59561601342,5.59561601352,5.59561601352,5.59561601349,5.59561601339,5.59561601339,5.595616013461,5.595616013461,5.59561601346,5.59561601327,5.59561601327,5.595616013409,5.595616013449,5.595616013349,5.595616013349,5.595616013409,5.595616013409,5.59561601337,5.59561601357,5.59561601352,5.59561601354,5.59561601354,5.59561601351,5.59561601351
"t47",5.09079605797,5.09079605797,5.09079605755,5.09079605755,5.09079605752,5.09079605752,5.09079605749,5.090796057519,5.090796057519,5.09079605749,5.09079605759,5.09079605759,5.09079605763,5.09079605763,5.09079605735,5.09079605738,5.09079605738,5.09079605738,5.09079605766,5.09079605766,5.09079605768,5.09079605765,5.09079605765,5.09079605768,5.09079605788,5.09079605808,5.0907960575,5.0907960575,5.0907960575,5.0907960576,5.0907960576,4.155439655,4.155439655,4.155439655,4.1554396554,4.1554396554,4.1554396548,3.7898468127,3.7898468127,3.7898468127,3.2019529137,1.52365336,0.5916161088,0,2.1378719205,5.595616013374,5.595616013374,5.59561601343,5.59561601343,5.59561601373,5.595616013677,5.595616013677,5.59561601334,5.59561601334,5.59561601334,5.59561601334,5.59561601331,5.59561601331,5.595616013318,5.595616013318,5.59561601332,5.59561601334,5.59561601325,5.59561601325,5.59561601329,5.59561601329,5.59561601329,5.59561601325,5.59561601335,5.59561601297,5.59561601337,5.59561601337,5.59561601342,5.59561601344,5.59561601345,5.59561601345,5.59561601342,5.59561601352,5.59561601352,5.59561601349,5.59561601339,5.59561601339,5.595616013461,5.595616013461,5.59561601346,5.59561601327,5.59561601327,5.595616013409,5.595616013449,5.595616013349,5.595616013349,5.595616013409,5.595616013409,5.59561601337,5.59561601357,5.59561601352,5.59561601354,5.59561601354,5.59561601351,5.59561601351
"t9",5.09079605747,5.09079605747,5.09079605705,5.09079605705,5.09079605702,5.09079605702,5.09079605699,5.090796057019,5.090796057019,5.09079605699,5.09079605709,5.09079605709,5.09079605713,5.09079605713,5.09079605685,5.09079605688,5.09079605688,5.09079605688,5.09079605716,5.09079605716,5.09079605718,5.09079605715,5.09079605715,5.09079605718,5.09079605738,5.09079605758,5.090796057,5.090796057,5.090796057,5.0907960571,5.0907960571,4.1554396545,4.1554396545,4.1554396545,4.1554396549,4.1554396549,4.1554396543,3.7898468122,3.7898468122,3.7898468122,3.2019529132,2.1378719205,2.1378719205,2.1378719205,0,5.595616012874,5.595616012874,5.59561601293,5.59561601293,5.59561601323,5.595616013177,5.595616013177,5.59561601284,5.59561601284,5.59561601284,5.59561601284,5.59561601281,5.59561601281,5.595616012818,5.595616012818,5.59561601282,5.59561601284,5.59561601275,5.59561601275,5.59561601279,5.59561601279,5.59561601279,5.59561601275,5.59561601285,5.59561601247,5.59561601287,5.59561601287,5.59561601292,5.59561601294,5.59561601295,5.59561601295,5.59561601292,5.59561601302,5.59561601302,5.59561601299,5.59561601289,5.59561601289,5.595616012961,5.595616012961,5.59561601296,5.59561601277,5.59561601277,5.595616012909,5.595616012949,5.595616012849,5.595616012849,5.595616012909,5.595616012909,5.59561601287,5.59561601307,5.59561601302,5.59561601304,5.59561601304,5.59561601301,5.59561601301
"t95",5.595616013744,5.595616013744,5.595616013324,5.595616013324,5.595616013294,5.595616013294,5.595616013264,5.595616013293,5.595616013293,5.595616013264,5.595616013364,5.595616013364,5.595616013404,5.595616013404,5.595616013124,5.595616013154,5.595616013154,5.595616013154,5.595616013434,5.595616013434,5.595616013454,5.595616013424,5.595616013424,5.595616013454,5.595616013654,5.595616013854,5.595616013274,5.595616013274,5.595616013274,5.595616013374,5.595616013374,5.595616013374,5.595616013374,5.595616013374,5.595616013774,5.595616013774,5.595616013174,5.595616012874,5.595616012874,5.595616012874,5.595616013674,5.595616013374,5.595616013374,5.595616013374,5.595616012874,0,0.017991968088,1.527920837344,1.527920837344,2.701951816844,2.701951816791,2.701951816791,3.462955292654,3.462955292654,3.462955292654,3.462955292654,3.462955292624,3.462955292624,3.462955292632,3.462955292632,3.462955292634,3.462955292654,3.462955292564,3.462955292564,3.462955292604,3.462955292604,3.462955292604,3.462955292564,3.462955292664,3.573659743004,3.573659743404,3.573659743404,3.573659743454,3.573659743474,3.573659743484,3.573659743484,3.573659743454,3.573659743554,3.573659743554,3.573659743524,3.573659743424,3.573659743424,3.573659743495,3.573659743495,3.573659743494,3.573659743304,3.573659743304,3.573659743443,3.573659743483,3.573659743383,3.573659743383,3.573659743443,3.573659743443,3.573659743404,5.566468037604,5.566468037554,5.566468037574,5.566468037574,5.566468037544,5.566468037544
"t96",5.595616013744,5.595616013744,5.595616013324,5.595616013324,5.595616013294,5.595616013294,5.595616013264,5.595616013293,5.595616013293,5.595616013264,5.595616013364,5.595616013364,5.595616013404,5.595616013404,5.595616013124,5.595616013154,5.595616013154,5.595616013154,5.595616013434,5.595616013434,5.595616013454,5.595616013424,5.595616013424,5.595616013454,5.595616013654,5.595616013854,5.595616013274,5.595616013274,5.595616013274,5.595616013374,5.595616013374,5.595616013374,5.595616013374,5.595616013374,5.595616013774,5.595616013774,5.595616013174,5.595616012874,5.595616012874,5.595616012874,5.595616013674,5.595616013374,5.595616013374,5.595616013374,5.595616012874,0.017991968088,0,1.527920837344,1.527920837344,2.701951816844,2.701951816791,2.701951816791,3.462955292654,3.462955292654,3.462955292654,3.462955292654,3.462955292624,3.462955292624,3.462955292632,3.462955292632,3.462955292634,3.462955292654,3.462955292564,3.462955292564,3.462955292604,3.462955292604,3.462955292604,3.462955292564,3.462955292664,3.573659743004,3.573659743404,3.573659743404,3.573659743454,3.573659743474,3.573659743484,3.573659743484,3.573659743454,3.573659743554,3.573659743554,3.573659743524,3.573659743424,3.573659743424,3.573659743495,3.573659743495,3.573659743494,3.573659743304,3.573659743304,3.573659743443,3.573659743483,3.573659743383,3.573659743383,3.573659743443,3.573659743443,3.573659743404,5.566468037604,5.566468037554,5.566468037574,5.566468037574,5.566468037544,5.566468037544
"t30",5.5956160138,5.5956160138,5.59561601338,5.59561601338,5.59561601335,5.59561601335,5.59561601332,5.595616013349,5.595616013349,5.59561601332,5.59561601342,5.59561601342,5.59561601346,5.59561601346,5.59561601318,5.59561601321,5.59561601321,5.59561601321,5.59561601349,5.59561601349,5.59561601351,5.59561601348,5.59561601348,5.59561601351,5.59561601371,5.59561601391,5.59561601333,5.59561601333,5.59561601333,5.59561601343,5.59561601343,5.59561601343,5.59561601343,5.59561601343,5.59561601383,5.59561601383,5.59561601323,5.59561601293,5.59561601293,5.59561601293,5.59561601373,5.59561601343,5.59561601343,5.59561601343,5.59561601293,1.527920837344,1.527920837344,0,0.871132148,2.7019518169,2.701951816847,2.701951816847,3.46295529271,3.46295529271,3.46295529271,3.46295529271,3.46295529268,3.46295529268,3.462955292688,3.462955292688,3.46295529269,3.46295529271,3.46295529262,3.46295529262,3.46295529266,3.46295529266,3.46295529266,3.46295529262,3.46295529272,3.57365974306,3.57365974346,3.57365974346,3.57365974351,3.57365974353,3.57365974354,3.57365974354,3.57365974351,3.57365974361,3.57365974361,3.57365974358,3.57365974348,3.57365974348,3.573659743551,3.573659743551,3.57365974355,3.57365974336,3.57365974336,3.573659743499,3.573659743539,3.573659743439,3.573659743439,3.573659743499,3.573659743499,3.57365974346,5.56646803766,5.56646803761,5.56646803763,5.56646803763,5.5664680376,5.5664680376
"t31",5.5956160138,5.5956160138,5.59561601338,5.59561601338,5.59561601335,5.59561601335,5.59561601332,5.595616013349,5.595616013349,5.59561601332,5.59561601342,5.59561601342,5.59561601346,5.59561601346,5.59561601318,5.59561601321,5.59561601321,5.59561601321,5.59561601349,5.59561601349,5.59561601351,5.59561601348,5.59561601348,5.59561601351,5.59561601371,5.59561601391,5.59561601333,5.59561601333,5.59561601333,5.59561601343,5.59561601343,5.59561601343,5.59561601343,5.59561601343,5.59561601383,5.59561601383,5.59561601323,5.59561601293,5.59561601293,5.59561601293,5.59561601373,5.59561601343,5.59561601343,5.59561601343,5.59561601293,1.527920837344,1.527920837344,0.871132148,0,2.7019518169,2.701951816847,2.701951816847,3.46295529271,3.46295529271,3.46295529271,3.46295529271,3.46295529268,3.46295529268,3.462955292688,3.462955292688,3.46295529269,3.46295529271,3.46295529262,3.46295529262,3.46295529266,3.46295529266,3.46295529266,3.46295529262,3.46295529272,3.57365974306,3.57365974346,3.57365974346,3.57365974351,3.57365974353,3.57365974354,3.57365974354,3.57365974351,3.57365974361,3.57365974361,3.57365974358,3.57365974348,3.57365974348,3.573659743551,3.573659743551,3.57365974355,3.57365974336,3.57365974336,3.573659743499,3.573659743539,3.573659743439,3.573659743439,3.573659743499,3.573659743499,3.57365974346,5.56646803766,5.56646803761,5.56646803763,5.56646803763,5.5664680376,5.5664680376
"t68",5.5956160141,5.5956160141,5.59561601368,5.59561601368,5.59561601365,5.59561601365,5.59561601362,5.595616013649,5.595616013649,5.59561601362,5.59561601372,5.59561601372,5.59561601376,5.59561601376,5.59561601348,5.59561601351,5.59561601351,5.59561601351,5.59561601379,5.59561601379,5.59561601381,5.59561601378,5.59561601378,5.59561601381,5.59561601401,5.59561601421,5.59561601363,5.59561601363,5.59561601363,5.59561601373,5.59561601373,5.59561601373,5.59561601373,5.59561601373,5.59561601413,5.59561601413,5.59561601353,5.59561601323,5.59561601323,5.59561601323,5.59561601403,5.59561601373,5.59561601373,5.59561601373,5.59561601323,2.701951816844,2.701951816844,2.7019518169,2.7019518169,0,0.296529465147,0.296529465147,3.46295529301,3.46295529301,3.46295529301,3.46295529301,3.46295529298,3.46295529298,3.462955292988,3.462955292988,3.46295529299,3.46295529301,3.46295529292,3.46295529292,3.46295529296,3.46295529296,3.46295529296,3.46295529292,3.46295529302,3.57365974336,3.57365974376,3.57365974376,3.57365974381,3.57365974383,3.57365974384,3.57365974384,3.57365974381,3.57365974391,3.57365974391,3.57365974388,3.57365974378,3.57365974378,3.573659743851,3.573659743851,3.57365974385,3.57365974366,3.57365974366,3.573659743799,3.573659743839,3.573659743739,3.573659743739,3.573659743799,3.573659743799,3.57365974376,5.56646803796,5.56646803791,5.56646803793,5.56646803793,5.5664680379,5.5664680379
"t69",5.595616014047,5.595616014047,5.595616013627,5.595616013627,5.595616013597,5.595616013597,5.595616013567,5.595616013596,5.595616013596,5.595616013567,5.595616013667,5.595616013667,5.595616013707,5.595616013707,5.595616013427,5.595616013457,5.595616013457,5.595616013457,5.595616013737,5.595616013737,5.595616013757,5.595616013727,5.595616013727,5.595616013757,5.595616013957,5.595616014157,5.595616013577,5.595616013577,5.595616013577,5.595616013677,5.595616013677,5.595616013677,5.595616013677,5.595616013677,5.595616014077,5.595616014077,5.595616013477,5.595616013177,5.595616013177,5.595616013177,5.595616013977,5.595616013677,5.595616013677,5.595616013677,5.595616013177,2.701951816791,2.701951816791,2.701951816847,2.701951816847,0.296529465147,0,0.2877565228,3.462955292957,3.462955292957,3.462955292957,3.462955292957,3.462955292927,3.462955292927,3.462955292935,3.462955292935,3.462955292937,3.462955292957,3.462955292867,3.462955292867,3.462955292907,3.462955292907,3.462955292907,3.462955292867,3.462955292967,3.573659743307,3.573659743707,3.573659743707,3.573659743757,3.573659743777,3.573659743787,3.573659743787,3.573659743757,3.573659743857,3.573659743857,3.573659743827,3.573659743727,3.573659743727,3.573659743798,3.573659743798,3.573659743797,3.573659743607,3.573659743607,3.573659743746,3.573659743786,3.573659743686,3.573659743686,3.573659743746,3.573659743746,3.573659743707,5.566468037907,5.566468037857,5.566468037877,5.566468037877,5.566468037847,5.566468037847
"t70",5.595616014047,5.595616014047,5.595616013627,5.595616013627,5.595616013597,5.595616013597,5.595616013567,5.595616013596,5.595616013596,5.595616013567,5.595616013667,5.595616013667,5.595616013707,5.595616013707,5.595616013427,5.595616013457,5.595616013457,5.595616013457,5.595616013737,5.595616013737,5.595616013757,5.595616013727,5.595616013727,5.595616013757,5.595616013957,5.595616014157,5.595616013577,5.595616013577,5.595616013577,5.595616013677,5.595616013677,5.595616013677,5.595616013677,5.595616013677,5.595616014077,5.595616014077,5.595616013477,5.595616013177,5.595616013177,5.595616013177,5.595616013977,5.595616013677,5.595616013677,5.595616013677,5.595616013177,2.701951816791,2.701951816791,2.701951816847,2.701951816847,0.296529465147,0.2877565228,0,3.462955292957,3.462955292957,3.462955292957,3.462955292957,3.462955292927,3.462955292927,3.462955292935,3.462955292935,3.462955292937,3.462955292957,3.462955292867,3.462955292867,3.462955292907,3.462955292907,3.462955292907,3.462955292867,3.462955292967,3.573659743307,3.573659743707,3.573659743707,3.573659743757,3.573659743777,3.573659743787,3.573659743787,3.573659743757,3.573659743857,3.573659743857,3.573659743827,3.573659743727,3.573659743727,3.573659743798,3.573659743798,3.573659743797,3.573659743607,3.573659743607,3.573659743746,3.573659743786,3.573659743686,3.573659743686,3.573659743746,3.573659743746,3.573659743707,5.566468037907,5.566468037857,5.566468037877,5.566468037877,5.566468037847,5.566468037847
"t23",5.59561601371,5.59561601371,5.59561601329,5.59561601329,5.59561601326,5.59561601326,5.59561601323,5.595616013259,5.595616013259,5.59561601323,5.59561601333,5.59561601333,5.59561601337,5.59561601337,5.59561601309,5.59561601312,5.59561601312,5.59561601312,5.5956160134,5.5956160134,5.59561601342,5.59561601339,5.59561601339,5.59561601342,5.59561601362,5.59561601382,5.59561601324,5.59561601324,5.59561601324,5.59561601334,5.59561601334,5.59561601334,5.59561601334,5.59561601334,5.59561601374,5.59561601374,5.59561601314,5.59561601284,5.59561601284,5.59561601284,5.59561601364,5.59561601334,5.59561601334,5.59561601334,5.59561601284,3.462955292654,3.462955292654,3.46295529271,3.46295529271,3.46295529301,3.462955292957,3.462955292957,0,1.0873050158,1.0873050158,1.0873050158,2.02181754297,2.02181754297,2.021817542978,2.021817542978,2.02181754298,2.021817543,2.20682323809,2.20682323809,3.32392572493,3.32392572493,3.32392572493,3.32392572489,3.32392572499,3.57365974297,3.57365974337,3.57365974337,3.57365974342,3.57365974344,3.57365974345,3.57365974345,3.57365974342,3.57365974352,3.57365974352,3.57365974349,3.57365974339,3.57365974339,3.573659743461,3.573659743461,3.57365974346,3.57365974327,3.57365974327,3.573659743409,3.573659743449,3.573659743349,3.573659743349,3.573659743409,3.573659743409,3.57365974337,5.56646803757,5.56646803752,5.56646803754,5.56646803754,5.56646803751,5.56646803751
"t57",5.59561601371,5.59561601371,5.59561601329,5.59561601329,5.59561601326,5.59561601326,5.59561601323,5.595616013259,5.595616013259,5.59561601323,5.59561601333,5.59561601333,5.59561601337,5.59561601337,5.59561601309,5.59561601312,5.59561601312,5.59561601312,5.5956160134,5.5956160134,5.59561601342,5.59561601339,5.59561601339,5.59561601342,5.59561601362,5.59561601382,5.59561601324,5.59561601324,5.59561601324,5.59561601334,5.59561601334,5.59561601334,5.59561601334,5.59561601334,5.59561601374,5.59561601374,5.59561601314,5.59561601284,5.59561601284,5.59561601284,5.59561601364,5.59561601334,5.59561601334,5.59561601334,5.59561601284,3.462955292654,3.462955292654,3.46295529271,3.46295529271,3.46295529301,3.462955292957,3.462955292957,1.0873050158,0,0.4065941246,0.7011213276,2.02181754297,2.02181754297,2.021817542978,2.021817542978,2.02181754298,2.021817543,2.20682323809,2.20682323809,3.32392572493,3.32392572493,3.32392572493,3.32392572489,3.32392572499,3.57365974297,3.57365974337,3.57365974337,3.57365974342,3.57365974344,3.57365974345,3.57365974345,3.57365974342,3.57365974352,3.57365974352,3.57365974349,3.57365974339,3.57365974339,3.573659743461,3.573659743461,3.57365974346,3.57365974327,3.57365974327,3.573659743409,3.573659743449,3.573659743349,3.573659743349,3.573659743409,3.573659743409,3.57365974337,5.56646803757,5.56646803752,5.56646803754,5.56646803754,5.56646803751,5.56646803751
"t58",5.59561601371,5.59561601371,5.59561601329,5.59561601329,5.59561601326,5.59561601326,5.59561601323,5.595616013259,5.595616013259,5.59561601323,5.59561601333,5.59561601333,5.59561601337,5.59561601337,5.59561601309,5.59561601312,5.59561601312,5.59561601312,5.5956160134,5.5956160134,5.59561601342,5.59561601339,5.59561601339,5.59561601342,5.59561601362,5.59561601382,5.59561601324,5.59561601324,5.59561601324,5.59561601334,5.59561601334,5.59561601334,5.59561601334,5.59561601334,5.59561601374,5.59561601374,5.59561601314,5.59561601284,5.59561601284,5.59561601284,5.59561601364,5.59561601334,5.59561601334,5.59561601334,5.59561601284,3.462955292654,3.462955292654,3.46295529271,3.46295529271,3.46295529301,3.462955292957,3.462955292957,1.0873050158,0.4065941246,0,0.7011213276,2.02181754297,2.02181754297,2.021817542978,2.021817542978,2.02181754298,2.021817543,2.20682323809,2.20682323809,3.32392572493,3.32392572493,3.32392572493,3.32392572489,3.32392572499,3.57365974297,3.57365974337,3.57365974337,3.57365974342,3.57365974344,3.57365974345,3.57365974345,3.57365974342,3.57365974352,3.57365974352,3.57365974349,3.57365974339,3.57365974339,3.573659743461,3.573659743461,3.57365974346,3.57365974327,3.57365974327,3.573659743409,3.573659743449,3.573659743349,3.573659743349,3.573659743409,3.573659743409,3.57365974337,5.56646803757,5.56646803752,5.56646803754,5.56646803754,5.56646803751,5.56646803751
"t39",5.59561601371,5.59561601371,5.59561601329,5.59561601329,5.59561601326,5.59561601326,5.59561601323,5.595616013259,5.595616013259,5.59561601323,5.59561601333,5.59561601333,5.59561601337,5.59561601337,5.59561601309,5.59561601312,5.59561601312,5.59561601312,5.5956160134,5.5956160134,5.59561601342,5.59561601339,5.59561601339,5.59561601342,5.59561601362,5.59561601382,5.59561601324,5.59561601324,5.59561601324,5.59561601334,5.59561601334,5.59561601334,5.59561601334,5.59561601334,5.59561601374,5.59561601374,5.59561601314,5.59561601284,5.59561601284,5.59561601284,5.59561601364,5.59561601334,5.59561601334,5.59561601334,5.59561601284,3.462955292654,3.462955292654,3.46295529271,3.46295529271,3.46295529301,3.462955292957,3.462955292957,1.0873050158,0.7011213276,0.7011213276,0,2.02181754297,2.02181754297,2.021817542978,2.021817542978,2.02181754298,2.021817543,2.20682323809,2.20682323809,3.32392572493,3.32392572493,3.32392572493,3.32392572489,3.32392572499,3.57365974297,3.57365974337,3.57365974337,3.57365974342,3.57365974344,3.57365974345,3.57365974345,3.57365974342,3.57365974352,3.57365974352,3.57365974349,3.57365974339,3.57365974339,3.573659743461,3.573659743461,3.57365974346,3.57365974327,3.57365974327,3.573659743409,3.573659743449,3.573659743349,3.573659743349,3.573659743409,3.573659743409,3.57365974337,5.56646803757,5.56646803752,5.56646803754,5.56646803754,5.56646803751,5.56646803751
"t88",5.59561601368,5.59561601368,5.59561601326,5.59561601326,5.59561601323,5.59561601323,5.5956160132,5.595616013229,5.595616013229,5.5956160132,5.5956160133,5.5956160133,5.59561601334,5.59561601334,5.59561601306,5.59561601309,5.59561601309,5.59561601309,5.59561601337,5.59561601337,5.59561601339,5.59561601336,5.59561601336,5.59561601339,5.59561601359,5.59561601379,5.59561601321,5.59561601321,5.59561601321,5.59561601331,5.59561601331,5.59561601331,5.59561601331,5.59561601331,5.59561601371,5.59561601371,5.59561601311,5.59561601281,5.59561601281,5.59561601281,5.59561601361,5.59561601331,5.59561601331,5.59561601331,5.59561601281,3.462955292624,3.462955292624,3.46295529268,3.46295529268,3.46295529298,3.462955292927,3.462955292927,2.02181754297,2.02181754297,2.02181754297,2.02181754297,0,0.08746530962,0.360227809828,0.360227809828,0.36022780983,0.55588732737,2.20682323806,2.20682323806,3.3239257249,3.3239257249,3.3239257249,3.32392572486,3.32392572496,3.57365974294,3.57365974334,3.57365974334,3.57365974339,3.57365974341,3.57365974342,3.57365974342,3.57365974339,3.57365974349,3.57365974349,3.57365974346,3.57365974336,3.57365974336,3.573659743431,3.573659743431,3.57365974343,3.57365974324,3.57365974324,3.573659743379,3.573659743419,3.573659743319,3.573659743319,3.573659743379,3.573659743379,3.57365974334,5.56646803754,5.56646803749,5.56646803751,5.56646803751,5.56646803748,5.56646803748
"t89",5.59561601368,5.59561601368,5.59561601326,5.59561601326,5.59561601323,5.59561601323,5.5956160132,5.595616013229,5.595616013229,5.5956160132,5.5956160133,5.5956160133,5.59561601334,5.59561601334,5.59561601306,5.59561601309,5.59561601309,5.59561601309,5.59561601337,5.59561601337,5.59561601339,5.59561601336,5.59561601336,5.59561601339,5.59561601359,5.59561601379,5.59561601321,5.59561601321,5.59561601321,5.59561601331,5.59561601331,5.59561601331,5.59561601331,5.59561601331,5.59561601371,5.59561601371,5.59561601311,5.59561601281,5.59561601281,5.59561601281,5.59561601361,5.59561601331,5.59561601331,5.59561601331,5.59561601281,3.462955292624,3.462955292624,3.46295529268,3.46295529268,3.46295529298,3.462955292927,3.462955292927,2.02181754297,2.02181754297,2.02181754297,2.02181754297,0.08746530962,0,0.360227809828,0.360227809828,0.36022780983,0.55588732737,2.20682323806,2.20682323806,3.3239257249,3.3239257249,3.3239257249,3.32392572486,3.32392572496,3.57365974294,3.57365974334,3.57365974334,3.57365974339,3.57365974341,3.57365974342,3.57365974342,3.57365974339,3.57365974349,3.57365974349,3.57365974346,3.57365974336,3.57365974336,3.573659743431,3.573659743431,3.57365974343,3.57365974324,3.57365974324,3.573659743379,3.573659743419,3.573659743319,3.573659743319,3.573659743379,3.573659743379,3.57365974334,5.56646803754,5.56646803749,5.56646803751,5.56646803751,5.56646803748,5.56646803748
"t99",5.595616013688,5.595616013688,5.595616013268,5.595616013268,5.595616013238,5.595616013238,5.595616013208,5.595616013237,5.595616013237,5.595616013208,5.595616013308,5.595616013308,5.595616013348,5.595616013348,5.595616013068,5.595616013098,5.595616013098,5.595616013098,5.595616013378,5.595616013378,5.595616013398,5.595616013368,5.595616013368,5.595616013398,5.595616013598,5.595616013798,5.595616013218,5.595616013218,5.595616013218,5.595616013318,5.595616013318,5.595616013318,5.595616013318,5.595616013318,5.595616013718,5.595616013718,5.595616013118,5.595616012818,5.595616012818,5.595616012818,5.595616013618,5.595616013318,5.595616013318,5.595616013318,5.595616012818,3.462955292632,3.462955292632,3.462955292688,3.462955292688,3.462955292988,3.462955292935,3.462955292935,2.021817542978,2.021817542978,2.021817542978,2.021817542978,0.360227809828,0.360227809828,0,0.001463624936,0.117252886038,0.555887327378,2.206823238068,2.206823238068,3.323925724908,3.323925724908,3.323925724908,3.323925724868,3.323925724968,3.573659742948,3.573659743348,3.573659743348,3.573659743398,3.573659743418,3.573659743428,3.573659743428,3.573659743398,3.573659743498,3.573659743498,3.573659743468,3.573659743368,3.573659743368,3.573659743439,3.573659743439,3.573659743438,3.573659743248,3.573659743248,3.573659743387,3.573659743427,3.573659743327,3.573659743327,3.573659743387,3.573659743387,3.573659743348,5.566468037548,5.566468037498,5.566468037518,5.566468037518,5.566468037488,5.566468037488
"t100",5.595616013688,5.595616013688,5.595616013268,5.595616013268,5.595616013238,5.595616013238,5.595616013208,5.595616013237,5.595616013237,5.595616013208,5.595616013308,5.595616013308,5.595616013348,5.595616013348,5.595616013068,5.595616013098,5.595616013098,5.595616013098,5.595616013378,5.595616013378,5.595616013398,5.595616013368,5.595616013368,5.595616013398,5.595616013598,5.595616013798,5.595616013218,5.595616013218,5.595616013218,5.595616013318,5.595616013318,5.595616013318,5.595616013318,5.595616013318,5.595616013718,5.595616013718,5.595616013118,5.595616012818,5.595616012818,5.595616012818,5.595616013618,5.595616013318,5.595616013318,5.595616013318,5.595616012818,3.462955292632,3.462955292632,3.462955292688,3.462955292688,3.462955292988,3.462955292935,3.462955292935,2.021817542978,2.021817542978,2.021817542978,2.021817542978,0.360227809828,0.360227809828,0.001463624936,0,0.117252886038,0.555887327378,2.206823238068,2.206823238068,3.323925724908,3.323925724908,3.323925724908,3.323925724868,3.323925724968,3.573659742948,3.573659743348,3.573659743348,3.573659743398,3.573659743418,3.573659743428,3.573659743428,3.573659743398,3.573659743498,3.573659743498,3.573659743468,3.573659743368,3.573659743368,3.573659743439,3.573659743439,3.573659743438,3.573659743248,3.573659743248,3.573659743387,3.573659743427,3.573659743327,3.573659743327,3.573659743387,3.573659743387,3.573659743348,5.566468037548,5.566468037498,5.566468037518,5.566468037518,5.566468037488,5.566468037488
"t87",5.59561601369,5.59561601369,5.59561601327,5.59561601327,5.59561601324,5.59561601324,5.59561601321,5.595616013239,5.595616013239,5.59561601321,5.59561601331,5.59561601331,5.59561601335,5.59561601335,5.59561601307,5.5956160131,5.5956160131,5.5956160131,5.59561601338,5.59561601338,5.5956160134,5.59561601337,5.59561601337,5.5956160134,5.5956160136,5.5956160138,5.59561601322,5.59561601322,5.59561601322,5.59561601332,5.59561601332,5.59561601332,5.59561601332,5.59561601332,5.59561601372,5.59561601372,5.59561601312,5.59561601282,5.59561601282,5.59561601282,5.59561601362,5.59561601332,5.59561601332,5.59561601332,5.59561601282,3.462955292634,3.462955292634,3.46295529269,3.46295529269,3.46295529299,3.462955292937,3.462955292937,2.02181754298,2.02181754298,2.02181754298,2.02181754298,0.36022780983,0.36022780983,0.117252886038,0.117252886038,0,0.55588732738,2.20682323807,2.20682323807,3.32392572491,3.32392572491,3.32392572491,3.32392572487,3.32392572497,3.57365974295,3.57365974335,3.57365974335,3.5736597434,3.57365974342,3.57365974343,3.57365974343,3.5736597434,3.5736597435,3.5736597435,3.57365974347,3.57365974337,3.57365974337,3.573659743441,3.573659743441,3.57365974344,3.57365974325,3.57365974325,3.573659743389,3.573659743429,3.573659743329,3.573659743329,3.573659743389,3.573659743389,3.57365974335,5.56646803755,5.5664680375,5.56646803752,5.56646803752,5.56646803749,5.56646803749
"t50",5.59561601371,5.59561601371,5.59561601329,5.59561601329,5.59561601326,5.59561601326,5.59561601323,5.595616013259,5.595616013259,5.59561601323,5.59561601333,5.59561601333,5.59561601337,5.59561601337,5.59561601309,5.59561601312,5.59561601312,5.59561601312,5.5956160134,5.5956160134,5.59561601342,5.59561601339,5.59561601339,5.59561601342,5.59561601362,5.59561601382,5.59561601324,5.59561601324,5.59561601324,5.59561601334,5.59561601334,5.59561601334,5.59561601334,5.59561601334,5.59561601374,5.59561601374,5.59561601314,5.59561601284,5.59561601284,5.59561601284,5.59561601364,5.59561601334,5.59561601334,5.59561601334,5.59561601284,3.462955292654,3.462955292654,3.46295529271,3.46295529271,3.46295529301,3.462955292957,3.462955292957,2.021817543,2.021817543,2.021817543,2.021817543,0.55588732737,0.55588732737,0.555887327378,0.555887327378,0.55588732738,0,2.20682323809,2.20682323809,3.32392572493,3.32392572493,3.32392572493,3.32392572489,3.32392572499,3.57365974297,3.57365974337,3.57365974337,3.57365974342,3.57365974344,3.57365974345,3.57365974345,3.57365974342,3.57365974352,3.57365974352,3.57365974349,3.57365974339,3.57365974339,3.573659743461,3.573659743461,3.57365974346,3.57365974327,3.57365974327,3.573659743409,3.573659743449,3.573659743349,3.573659743349,3.573659743409,3.573659743409,3.57365974337,5.56646803757,5.56646803752,5.56646803754,5.56646803754,5.56646803751,5.56646803751
"t19",5.59561601362,5.59561601362,5.5956160132,5.5956160132,5.59561601317,5.59561601317,5.59561601314,5.595616013169,5.595616013169,5.59561601314,5.59561601324,5.59561601324,5.59561601328,5.59561601328,5.595616013,5.59561601303,5.59561601303,5.59561601303,5.59561601331,5.59561601331,5.59561601333,5.5956160133,5.5956160133,5.59561601333,5.59561601353,5.59561601373,5.59561601315,5.59561601315,5.59561601315,5.59561601325,5.59561601325,5.59561601325,5.59561601325,5.59561601325,5.59561601365,5.59561601365,5.59561601305,5.59561601275,5.59561601275,5.59561601275,5.59561601355,5.59561601325,5.59561601325,5.59561601325,5.59561601275,3.462955292564,3.462955292564,3.46295529262,3.46295529262,3.46295529292,3.462955292867,3.462955292867,2.20682323809,2.20682323809,2.20682323809,2.20682323809,2.20682323806,2.20682323806,2.206823238068,2.206823238068,2.20682323807,2.20682323809,0,1.2089080754,3.32392572484,3.32392572484,3.32392572484,3.3239257248,3.3239257249,3.57365974288,3.57365974328,3.57365974328,3.57365974333,3.57365974335,3.57365974336,3.57365974336,3.57365974333,3.57365974343,3.57365974343,3.5736597434,3.5736597433,3.5736597433,3.573659743371,3.573659743371,3.57365974337,3.57365974318,3.57365974318,3.573659743319,3.573659743359,3.573659743259,3.573659743259,3.573659743319,3.573659743319,3.57365974328,5.56646803748,5.56646803743,5.56646803745,5.56646803745,5.56646803742,5.56646803742
"t20",5.59561601362,5.59561601362,5.5956160132,5.5956160132,5.59561601317,5.59561601317,5.59561601314,5.595616013169,5.595616013169,5.59561601314,5.59561601324,5.59561601324,5.59561601328,5.59561601328,5.595616013,5.59561601303,5.59561601303,5.59561601303,5.59561601331,5.59561601331,5.59561601333,5.5956160133,5.5956160133,5.59561601333,5.59561601353,5.59561601373,5.59561601315,5.59561601315,5.59561601315,5.59561601325,5.59561601325,5.59561601325,5.59561601325,5.59561601325,5.59561601365,5.59561601365,5.59561601305,5.59561601275,5.59561601275,5.59561601275,5.59561601355,5.59561601325,5.59561601325,5.59561601325,5.59561601275,3.462955292564,3.462955292564,3.46295529262,3.46295529262,3.46295529292,3.462955292867,3.462955292867,2.20682323809,2.20682323809,2.20682323809,2.20682323809,2.20682323806,2.20682323806,2.206823238068,2.206823238068,2.20682323807,2.20682323809,1.2089080754,0,3.32392572484,3.32392572484,3.32392572484,3.3239257248,3.3239257249,3.57365974288,3.57365974328,3.57365974328,3.57365974333,3.57365974335,3.57365974336,3.57365974336,3.57365974333,3.57365974343,3.57365974343,3.5736597434,3.5736597433,3.5736597433,3.573659743371,3.573659743371,3.57365974337,3.57365974318,3.57365974318,3.573659743319,3.573659743359,3.573659743259,3.573659743259,3.573659743319,3.573659743319,3.57365974328,5.56646803748,5.56646803743,5.56646803745,5.56646803745,5.56646803742,5.56646803742
"t18",5.59561601366,5.59561601366,5.59561601324,5.59561601324,5.59561601321,5.59561601321,5.59561601318,5.595616013209,5.595616013209,5.59561601318,5.59561601328,5.59561601328,5.59561601332,5.59561601332,5.59561601304,5.59561601307,5.59561601307,5.59561601307,5.59561601335,5.59561601335,5.59561601337,5.59561601334,5.59561601334,5.59561601337,5.59561601357,5.59561601377,5.59561601319,5.59561601319,5.59561601319,5.59561601329,5.59561601329,5.59561601329,5.59561601329,5.59561601329,5.59561601369,5.59561601369,5.59561601309,5.59561601279,5.59561601279,5.59561601279,5.59561601359,5.59561601329,5.59561601329,5.59561601329,5.59561601279,3.462955292604,3.462955292604,3.46295529266,3.46295529266,3.46295529296,3.462955292907,3.462955292907,3.32392572493,3.32392572493,3.32392572493,3.32392572493,3.3239257249,3.3239257249,3.323925724908,3.323925724908,3.32392572491,3.32392572493,3.32392572484,3.32392572484,0,1.2897677174,1.2897677174,1.40960105344,3.05226002194,3.57365974292,3.57365974332,3.57365974332,3.57365974337,3.57365974339,3.5736597434,3.5736597434,3.57365974337,3.57365974347,3.57365974347,3.57365974344,3.57365974334,3.57365974334,3.573659743411,3.573659743411,3.57365974341,3.57365974322,3.57365974322,3.573659743359,3.573659743399,3.573659743299,3.573659743299,3.573659743359,3.573659743359,3.57365974332,5.56646803752,5.56646803747,5.56646803749,5.56646803749,5.56646803746,5.56646803746
"t73",5.59561601366,5.59561601366,5.59561601324,5.59561601324,5.59561601321,5.59561601321,5.59561601318,5.595616013209,5.595616013209,5.59561601318,5.59561601328,5.59561601328,5.59561601332,5.59561601332,5.59561601304,5.59561601307,5.59561601307,5.59561601307,5.59561601335,5.59561601335,5.59561601337,5.59561601334,5.59561601334,5.59561601337,5.59561601357,5.59561601377,5.59561601319,5.59561601319,5.59561601319,5.59561601329,5.59561601329,5.59561601329,5.59561601329,5.59561601329,5.59561601369,5.59561601369,5.59561601309,5.59561601279,5.59561601279,5.59561601279,5.59561601359,5.59561601329,5.59561601329,5.59561601329,5.59561601279,3.462955292604,3.462955292604,3.46295529266,3.46295529266,3.46295529296,3.462955292907,3.462955292907,3.32392572493,3.32392572493,3.32392572493,3.32392572493,3.3239257249,3.3239257249,3.323925724908,3.323925724908,3.32392572491,3.32392572493,3.32392572484,3.32392572484,1.2897677174,0,0.2250212666,1.40960105344,3.05226002194,3.57365974292,3.57365974332,3.57365974332,3.57365974337,3.57365974339,3.5736597434,3.5736597434,3.57365974337,3.57365974347,3.57365974347,3.57365974344,3.57365974334,3.57365974334,3.573659743411,3.573659743411,3.57365974341,3.57365974322,3.57365974322,3.573659743359,3.573659743399,3.573659743299,3.573659743299,3.573659743359,3.573659743359,3.57365974332,5.56646803752,5.56646803747,5.56646803749,5.56646803749,5.56646803746,5.56646803746
"t74",5.59561601366,5.59561601366,5.59561601324,5.59561601324,5.59561601321,5.59561601321,5.59561601318,5.595616013209,5.595616013209,5.59561601318,5.59561601328,5.59561601328,5.59561601332,5.59561601332,5.59561601304,5.59561601307,5.59561601307,5.59561601307,5.59561601335,5.59561601335,5.59561601337,5.59561601334,5.59561601334,5.59561601337,5.59561601357,5.59561601377,5.59561601319,5.59561601319,5.59561601319,5.59561601329,5.59561601329,5.59561601329,5.59561601329,5.59561601329,5.59561601369,5.59561601369,5.59561601309,5.59561601279,5.59561601279,5.59561601279,5.59561601359,5.59561601329,5.59561601329,5.59561601329,5.59561601279,3.462955292604,3.462955292604,3.46295529266,3.46295529266,3.46295529296,3.462955292907,3.462955292907,3.32392572493,3.32392572493,3.32392572493,3.32392572493,3.3239257249,3.3239257249,3.323925724908,3.323925724908,3.32392572491,3.32392572493,3.32392572484,3.32392572484,1.2897677174,0.2250212666,0,1.40960105344,3.05226002194,3.57365974292,3.57365974332,3.57365974332,3.57365974337,3.57365974339,3.5736597434,3.5736597434,3.57365974337,3.57365974347,3.57365974347,3.57365974344,3.57365974334,3.57365974334,3.573659743411,3.573659743411,3.57365974341,3.57365974322,3.57365974322,3.573659743359,3.573659743399,3.573659743299,3.573659743299,3.573659743359,3.573659743359,3.57365974332,5.56646803752,5.56646803747,5.56646803749,5.56646803749,5.56646803746,5.56646803746
"t17",5.59561601362,5.59561601362,5.5956160132,5.5956160132,5.59561601317,5.59561601317,5.59561601314,5.595616013169,5.595616013169,5.59561601314,5.59561601324,5.59561601324,5.59561601328,5.59561601328,5.595616013,5.59561601303,5.59561601303,5.59561601303,5.59561601331,5.59561601331,5.59561601333,5.5956160133,5.5956160133,5.59561601333,5.59561601353,5.59561601373,5.59561601315,5.59561601315,5.59561601315,5.59561601325,5.59561601325,5.59561601325,5.59561601325,5.59561601325,5.59561601365,5.59561601365,5.59561601305,5.59561601275,5.59561601275,5.59561601275,5.59561601355,5.59561601325,5.59561601325,5.59561601325,5.59561601275,3.462955292564,3.462955292564,3.46295529262,3.46295529262,3.46295529292,3.462955292867,3.462955292867,3.32392572489,3.32392572489,3.32392572489,3.32392572489,3.32392572486,3.32392572486,3.323925724868,3.323925724868,3.32392572487,3.32392572489,3.3239257248,3.3239257248,1.40960105344,1.40960105344,1.40960105344,0,3.0522600219,3.57365974288,3.57365974328,3.57365974328,3.57365974333,3.57365974335,3.57365974336,3.57365974336,3.57365974333,3.57365974343,3.57365974343,3.5736597434,3.5736597433,3.5736597433,3.573659743371,3.573659743371,3.57365974337,3.57365974318,3.57365974318,3.573659743319,3.573659743359,3.573659743259,3.573659743259,3.573659743319,3.573659743319,3.57365974328,5.56646803748,5.56646803743,5.56646803745,5.56646803745,5.56646803742,5.56646803742
"t4",5.59561601372,5.59561601372,5.5956160133,5.5956160133,5.59561601327,5.59561601327,5.59561601324,5.595616013269,5.595616013269,5.59561601324,5.59561601334,5.59561601334,5.59561601338,5.59561601338,5.5956160131,5.59561601313,5.59561601313,5.59561601313,5.59561601341,5.59561601341,5.59561601343,5.5956160134,5.5956160134,5.59561601343,5.59561601363,5.59561601383,5.59561601325,5.59561601325,5.59561601325,5.59561601335,5.59561601335,5.59561601335,5.59561601335,5.59561601335,5.59561601375,5.59561601375,5.59561601315,5.59561601285,5.59561601285,5.59561601285,5.59561601365,5.59561601335,5.59561601335,5.59561601335,5.59561601285,3.462955292664,3.462955292664,3.46295529272,3.46295529272,3.46295529302,3.462955292967,3.462955292967,3.32392572499,3.32392572499,3.32392572499,3.32392572499,3.32392572496,3.32392572496,3.323925724968,3.323925724968,3.32392572497,3.32392572499,3.3239257249,3.3239257249,3.05226002194,3.05226002194,3.05226002194,3.0522600219,0,3.57365974298,3.57365974338,3.57365974338,3.57365974343,3.57365974345,3.57365974346,3.57365974346,3.57365974343,3.57365974353,3.57365974353,3.5736597435,3.5736597434,3.5736597434,3.573659743471,3.573659743471,3.57365974347,3.57365974328,3.57365974328,3.573659743419,3.573659743459,3.573659743359,3.573659743359,3.573659743419,3.573659743419,3.57365974338,5.56646803758,5.56646803753,5.56646803755,5.56646803755,5.56646803752,5.56646803752
"t6",5.59561601334,5.59561601334,5.59561601292,5.59561601292,5.59561601289,5.59561601289,5.59561601286,5.595616012889,5.595616012889,5.59561601286,5.59561601296,5.59561601296,5.595616013,5.595616013,5.59561601272,5.59561601275,5.59561601275,5.59561601275,5.59561601303,5.59561601303,5.59561601305,5.59561601302,5.59561601302,5.59561601305,5.59561601325,5.59561601345,5.59561601287,5.59561601287,5.59561601287,5.59561601297,5.59561601297,5.59561601297,5.59561601297,5.59561601297,5.59561601337,5.59561601337,5.59561601277,5.59561601247,5.59561601247,5.59561601247,5.59561601327,5.59561601297,5.59561601297,5.59561601297,5.59561601247,3.573659743004,3.573659743004,3.57365974306,3.57365974306,3.57365974336,3.573659743307,3.573659743307,3.57365974297,3.57365974297,3.57365974297,3.57365974297,3.57365974294,3.57365974294,3.573659742948,3.573659742948,3.57365974295,3.57365974297,3.57365974288,3.57365974288,3.57365974292,3.57365974292,3.57365974292,3.57365974288,3.57365974298,0,2.3305936864,2.3305936864,2.33059368645,2.33059368647,2.33059368648,2.33059368648,2.33059368645,2.33059368655,2.33059368655,2.33059368652,2.33059368642,2.33059368642,2.330593686491,2.330593686491,2.33059368649,2.6480150159,2.6480150159,2.648015016039,2.648015016079,2.648015015979,2.648015015979,2.648015016039,2.648015016039,2.648015016,5.5664680372,5.56646803715,5.56646803717,5.56646803717,5.56646803714,5.56646803714
"t81",5.59561601374,5.59561601374,5.59561601332,5.59561601332,5.59561601329,5.59561601329,5.59561601326,5.595616013289,5.595616013289,5.59561601326,5.59561601336,5.59561601336,5.5956160134,5.5956160134,5.59561601312,5.59561601315,5.59561601315,5.59561601315,5.59561601343,5.59561601343,5.59561601345,5.59561601342,5.59561601342,5.59561601345,5.59561601365,5.59561601385,5.59561601327,5.59561601327,5.59561601327,5.59561601337,5.59561601337,5.59561601337,5.59561601337,5.59561601337,5.59561601377,5.59561601377,5.59561601317,5.59561601287,5.59561601287,5.59561601287,5.59561601367,5.59561601337,5.59561601337,5.59561601337,5.59561601287,3.573659743404,3.573659743404,3.57365974346,3.57365974346,3.57365974376,3.573659743707,3.573659743707,3.57365974337,3.57365974337,3.57365974337,3.57365974337,3.57365974334,3.57365974334,3.573659743348,3.573659743348,3.57365974335,3.57365974337,3.57365974328,3.57365974328,3.57365974332,3.57365974332,3.57365974332,3.57365974328,3.57365974338,2.3305936864,0,0.1567378135,0.98325091855,2.14768545117,2.14768545118,2.14768545118,2.14768545115,2.14768545125,2.14768545125,2.14768545122,2.14768545112,2.14768545112,2.147685451191,2.147685451191,2.14768545119,2.6480150163,2.6480150163,2.648015016439,2.648015016479,2.648015016379,2.648015016379,2.648015016439,2.648015016439,2.6480150164,5.5664680376,5.56646803755,5.56646803757,5.56646803757,5.56646803754,5.56646803754
"t82",5.59561601374,5.59561601374,5.59561601332,5.59561601332,5.59561601329,5.59561601329,5.59561601326,5.595616013289,5.595616013289,5.59561601326,5.59561601336,5.59561601336,5.5956160134,5.5956160134,5.59561601312,5.59561601315,5.59561601315,5.59561601315,5.59561601343,5.59561601343,5.59561601345,5.59561601342,5.59561601342,5.59561601345,5.59561601365,5.59561601385,5.59561601327,5.59561601327,5.59561601327,5.59561601337,5.59561601337,5.59561601337,5.59561601337,5.59561601337,5.59561601377,5.59561601377,5.59561601317,5.59561601287,5.59561601287,5.59561601287,5.59561601367,5.59561601337,5.59561601337,5.59561601337,5.59561601287,3.573659743404,3.573659743404,3.57365974346,3.57365974346,3.57365974376,3.573659743707,3.573659743707,3.57365974337,3.57365974337,3.57365974337,3.57365974337,3.57365974334,3.57365974334,3.573659743348,3.573659743348,3.57365974335,3.57365974337,3.57365974328,3.57365974328,3.57365974332,3.57365974332,3.57365974332,3.57365974328,3.57365974338,2.3305936864,0.1567378135,0,0.98325091855,2.14768545117,2.14768545118,2.14768545118,2.14768545115,2.14768545125,2.14768545125,2.14768545122,2.14768545112,2.14768545112,2.147685451191,2.147685451191,2.14768545119,2.6480150163,2.6480150163,2.648015016439,2.648015016479,2.648015016379,2.648015016379,2.648015016439,2.648015016439,2.6480150164,5.5664680376,5.56646803755,5.56646803757,5.56646803757,5.56646803754,5.56646803754
"t27",5.59561601379,5.59561601379,5.59561601337,5.59561601337,5.59561601334,5.59561601334,5.59561601331,5.595616013339,5.595616013339,5.59561601331,5.59561601341,5.59561601341,5.59561601345,5.59561601345,5.59561601317,5.5956160132,5.5956160132,5.5956160132,5.59561601348,5.59561601348,5.5956160135,5.59561601347,5.59561601347,5.5956160135,5.5956160137,5.5956160139,5.59561601332,5.59561601332,5.59561601332,5.59561601342,5.59561601342,5.59561601342,5.59561601342,5.59561601342,5.59561601382,5.59561601382,5.59561601322,5.59561601292,5.59561601292,5.59561601292,5.59561601372,5.59561601342,5.59561601342,5.59561601342,5.59561601292,3.573659743454,3.573659743454,3.57365974351,3.57365974351,3.57365974381,3.573659743757,3.573659743757,3.57365974342,3.57365974342,3.57365974342,3.57365974342,3.57365974339,3.57365974339,3.573659743398,3.573659743398,3.5736597434,3.57365974342,3.57365974333,3.57365974333,3.57365974337,3.57365974337,3.57365974337,3.57365974333,3.57365974343,2.33059368645,0.98325091855,0.98325091855,0,2.14768545122,2.14768545123,2.14768545123,2.1476854512,2.1476854513,2.1476854513,2.14768545127,2.14768545117,2.14768545117,2.147685451241,2.147685451241,2.14768545124,2.64801501635,2.64801501635,2.648015016489,2.648015016529,2.648015016429,2.648015016429,2.648015016489,2.648015016489,2.64801501645,5.56646803765,5.5664680376,5.56646803762,5.56646803762,5.56646803759,5.56646803759
"t63",5.59561601381,5.59561601381,5.59561601339,5.59561601339,5.59561601336,5.59561601336,5.59561601333,5.595616013359,5.595616013359,5.59561601333,5.59561601343,5.59561601343,5.59561601347,5.59561601347,5.59561601319,5.59561601322,5.59561601322,5.59561601322,5.5956160135,5.5956160135,5.59561601352,5.59561601349,5.59561601349,5.59561601352,5.59561601372,5.59561601392,5.59561601334,5.59561601334,5.59561601334,5.59561601344,5.59561601344,5.59561601344,5.59561601344,5.59561601344,5.59561601384,5.59561601384,5.59561601324,5.59561601294,5.59561601294,5.59561601294,5.59561601374,5.59561601344,5.59561601344,5.59561601344,5.59561601294,3.573659743474,3.573659743474,3.57365974353,3.57365974353,3.57365974383,3.573659743777,3.573659743777,3.57365974344,3.57365974344,3.57365974344,3.57365974344,3.57365974341,3.57365974341,3.573659743418,3.573659743418,3.57365974342,3.57365974344,3.57365974335,3.57365974335,3.57365974339,3.57365974339,3.57365974339,3.57365974335,3.57365974345,2.33059368647,2.14768545117,2.14768545117,2.14768545122,0,0.34740511461,0.34740511461,0.42287648382,1.62499395232,1.62499395232,1.62499395229,1.62499395219,1.62499395219,1.624993952261,1.624993952261,1.62499395226,2.64801501637,2.64801501637,2.648015016509,2.648015016549,2.648015016449,2.648015016449,2.648015016509,2.648015016509,2.64801501647,5.56646803767,5.56646803762,5.56646803764,5.56646803764,5.56646803761,5.56646803761
"t71",5.59561601382,5.59561601382,5.5956160134,5.5956160134,5.59561601337,5.59561601337,5.59561601334,5.595616013369,5.595616013369,5.59561601334,5.59561601344,5.59561601344,5.59561601348,5.59561601348,5.5956160132,5.59561601323,5.59561601323,5.59561601323,5.59561601351,5.59561601351,5.59561601353,5.5956160135,5.5956160135,5.59561601353,5.59561601373,5.59561601393,5.59561601335,5.59561601335,5.59561601335,5.59561601345,5.59561601345,5.59561601345,5.59561601345,5.59561601345,5.59561601385,5.59561601385,5.59561601325,5.59561601295,5.59561601295,5.59561601295,5.59561601375,5.59561601345,5.59561601345,5.59561601345,5.59561601295,3.573659743484,3.573659743484,3.57365974354,3.57365974354,3.57365974384,3.573659743787,3.573659743787,3.57365974345,3.57365974345,3.57365974345,3.57365974345,3.57365974342,3.57365974342,3.573659743428,3.573659743428,3.57365974343,3.57365974345,3.57365974336,3.57365974336,3.5736597434,3.5736597434,3.5736597434,3.57365974336,3.57365974346,2.33059368648,2.14768545118,2.14768545118,2.14768545123,0.34740511461,0,0.259865096,0.42287648383,1.62499395233,1.62499395233,1.6249939523,1.6249939522,1.6249939522,1.624993952271,1.624993952271,1.62499395227,2.64801501638,2.64801501638,2.648015016519,2.648015016559,2.648015016459,2.648015016459,2.648015016519,2.648015016519,2.64801501648,5.56646803768,5.56646803763,5.56646803765,5.56646803765,5.56646803762,5.56646803762
"t72",5.59561601382,5.59561601382,5.5956160134,5.5956160134,5.59561601337,5.59561601337,5.59561601334,5.595616013369,5.595616013369,5.59561601334,5.59561601344,5.59561601344,5.59561601348,5.59561601348,5.5956160132,5.59561601323,5.59561601323,5.59561601323,5.59561601351,5.59561601351,5.59561601353,5.5956160135,5.5956160135,5.59561601353,5.59561601373,5.59561601393,5.59561601335,5.59561601335,5.59561601335,5.59561601345,5.59561601345,5.59561601345,5.59561601345,5.59561601345,5.59561601385,5.59561601385,5.59561601325,5.59561601295,5.59561601295,5.59561601295,5.59561601375,5.59561601345,5.59561601345,5.59561601345,5.59561601295,3.573659743484,3.573659743484,3.57365974354,3.57365974354,3.57365974384,3.573659743787,3.573659743787,3.57365974345,3.57365974345,3.57365974345,3.57365974345,3.57365974342,3.57365974342,3.573659743428,3.573659743428,3.57365974343,3.57365974345,3.57365974336,3.57365974336,3.5736597434,3.5736597434,3.5736597434,3.57365974336,3.57365974346,2.33059368648,2.14768545118,2.14768545118,2.14768545123,0.34740511461,0.259865096,0,0.42287648383,1.62499395233,1.62499395233,1.6249939523,1.6249939522,1.6249939522,1.624993952271,1.624993952271,1.62499395227,2.64801501638,2.64801501638,2.648015016519,2.648015016559,2.648015016459,2.648015016459,2.648015016519,2.648015016519,2.64801501648,5.56646803768,5.56646803763,5.56646803765,5.56646803765,5.56646803762,5.56646803762
"t54",5.59561601379,5.59561601379,5.59561601337,5.59561601337,5.59561601334,5.59561601334,5.59561601331,5.595616013339,5.595616013339,5.59561601331,5.59561601341,5.59561601341,5.59561601345,5.59561601345,5.59561601317,5.5956160132,5.5956160132,5.5956160132,5.59561601348,5.59561601348,5.5956160135,5.59561601347,5.59561601347,5.5956160135,5.5956160137,5.5956160139,5.59561601332,5.59561601332,5.59561601332,5.59561601342,5.59561601342,5.59561601342,5.59561601342,5.59561601342,5.59561601382,5.59561601382,5.59561601322,5.59561601292,5.59561601292,5.59561601292,5.59561601372,5.59561601342,5.59561601342,5.59561601342,5.59561601292,3.573659743454,3.573659743454,3.57365974351,3.57365974351,3.57365974381,3.573659743757,3.573659743757,3.57365974342,3.57365974342,3.57365974342,3.57365974342,3.57365974339,3.57365974339,3.573659743398,3.573659743398,3.5736597434,3.57365974342,3.57365974333,3.57365974333,3.57365974337,3.57365974337,3.57365974337,3.57365974333,3.57365974343,2.33059368645,2.14768545115,2.14768545115,2.1476854512,0.42287648382,0.42287648383,0.42287648383,0,1.6249939523,1.6249939523,1.62499395227,1.62499395217,1.62499395217,1.624993952241,1.624993952241,1.62499395224,2.64801501635,2.64801501635,2.648015016489,2.648015016529,2.648015016429,2.648015016429,2.648015016489,2.648015016489,2.64801501645,5.56646803765,5.5664680376,5.56646803762,5.56646803762,5.56646803759,5.56646803759
"t75",5.59561601389,5.59561601389,5.59561601347,5.59561601347,5.59561601344,5.59561601344,5.59561601341,5.595616013439,5.595616013439,5.59561601341,5.59561601351,5.59561601351,5.59561601355,5.59561601355,5.59561601327,5.5956160133,5.5956160133,5.5956160133,5.59561601358,5.59561601358,5.5956160136,5.59561601357,5.59561601357,5.5956160136,5.5956160138,5.595616014,5.59561601342,5.59561601342,5.59561601342,5.59561601352,5.59561601352,5.59561601352,5.59561601352,5.59561601352,5.59561601392,5.59561601392,5.59561601332,5.59561601302,5.59561601302,5.59561601302,5.59561601382,5.59561601352,5.59561601352,5.59561601352,5.59561601302,3.573659743554,3.573659743554,3.57365974361,3.57365974361,3.57365974391,3.573659743857,3.573659743857,3.57365974352,3.57365974352,3.57365974352,3.57365974352,3.57365974349,3.57365974349,3.573659743498,3.573659743498,3.5736597435,3.57365974352,3.57365974343,3.57365974343,3.57365974347,3.57365974347,3.57365974347,3.57365974343,3.57365974353,2.33059368655,2.14768545125,2.14768545125,2.1476854513,1.62499395232,1.62499395233,1.62499395233,1.6249939523,0,0.2091513918,0.91637786297,0.91637786287,0.91637786287,0.916377862941,0.916377862941,0.91637786294,2.64801501645,2.64801501645,2.648015016589,2.648015016629,2.648015016529,2.648015016529,2.648015016589,2.648015016589,2.64801501655,5.56646803775,5.5664680377,5.56646803772,5.56646803772,5.56646803769,5.56646803769
"t76",5.59561601389,5.59561601389,5.59561601347,5.59561601347,5.59561601344,5.59561601344,5.59561601341,5.595616013439,5.595616013439,5.59561601341,5.59561601351,5.59561601351,5.59561601355,5.59561601355,5.59561601327,5.5956160133,5.5956160133,5.5956160133,5.59561601358,5.59561601358,5.5956160136,5.59561601357,5.59561601357,5.5956160136,5.5956160138,5.595616014,5.59561601342,5.59561601342,5.59561601342,5.59561601352,5.59561601352,5.59561601352,5.59561601352,5.59561601352,5.59561601392,5.59561601392,5.59561601332,5.59561601302,5.59561601302,5.59561601302,5.59561601382,5.59561601352,5.59561601352,5.59561601352,5.59561601302,3.573659743554,3.573659743554,3.57365974361,3.57365974361,3.57365974391,3.573659743857,3.573659743857,3.57365974352,3.57365974352,3.57365974352,3.57365974352,3.57365974349,3.57365974349,3.573659743498,3.573659743498,3.5736597435,3.57365974352,3.57365974343,3.57365974343,3.57365974347,3.57365974347,3.57365974347,3.57365974343,3.57365974353,2.33059368655,2.14768545125,2.14768545125,2.1476854513,1.62499395232,1.62499395233,1.62499395233,1.6249939523,0.2091513918,0,0.91637786297,0.91637786287,0.91637786287,0.916377862941,0.916377862941,0.91637786294,2.64801501645,2.64801501645,2.648015016589,2.648015016629,2.648015016529,2.648015016529,2.648015016589,2.648015016589,2.64801501655,5.56646803775,5.5664680377,5.56646803772,5.56646803772,5.56646803769,5.56646803769
"t34",5.59561601386,5.59561601386,5.59561601344,5.59561601344,5.59561601341,5.59561601341,5.59561601338,5.595616013409,5.595616013409,5.59561601338,5.59561601348,5.59561601348,5.59561601352,5.59561601352,5.59561601324,5.59561601327,5.59561601327,5.59561601327,5.59561601355,5.59561601355,5.59561601357,5.59561601354,5.59561601354,5.59561601357,5.59561601377,5.59561601397,5.59561601339,5.59561601339,5.59561601339,5.59561601349,5.59561601349,5.59561601349,5.59561601349,5.59561601349,5.59561601389,5.59561601389,5.59561601329,5.59561601299,5.59561601299,5.59561601299,5.59561601379,5.59561601349,5.59561601349,5.59561601349,5.59561601299,3.573659743524,3.573659743524,3.57365974358,3.57365974358,3.57365974388,3.573659743827,3.573659743827,3.57365974349,3.57365974349,3.57365974349,3.57365974349,3.57365974346,3.57365974346,3.573659743468,3.573659743468,3.57365974347,3.57365974349,3.5736597434,3.5736597434,3.57365974344,3.57365974344,3.57365974344,3.5736597434,3.5736597435,2.33059368652,2.14768545122,2.14768545122,2.14768545127,1.62499395229,1.6249939523,1.6249939523,1.62499395227,0.91637786297,0.91637786297,0,0.7710328709,0.7710328709,0.771032870971,0.771032870971,0.77103287097,2.64801501642,2.64801501642,2.648015016559,2.648015016599,2.648015016499,2.648015016499,2.648015016559,2.648015016559,2.64801501652,5.56646803772,5.56646803767,5.56646803769,5.56646803769,5.56646803766,5.56646803766
"t66",5.59561601376,5.59561601376,5.59561601334,5.59561601334,5.59561601331,5.59561601331,5.59561601328,5.595616013309,5.595616013309,5.59561601328,5.59561601338,5.59561601338,5.59561601342,5.59561601342,5.59561601314,5.59561601317,5.59561601317,5.59561601317,5.59561601345,5.59561601345,5.59561601347,5.59561601344,5.59561601344,5.59561601347,5.59561601367,5.59561601387,5.59561601329,5.59561601329,5.59561601329,5.59561601339,5.59561601339,5.59561601339,5.59561601339,5.59561601339,5.59561601379,5.59561601379,5.59561601319,5.59561601289,5.59561601289,5.59561601289,5.59561601369,5.59561601339,5.59561601339,5.59561601339,5.59561601289,3.573659743424,3.573659743424,3.57365974348,3.57365974348,3.57365974378,3.573659743727,3.573659743727,3.57365974339,3.57365974339,3.57365974339,3.57365974339,3.57365974336,3.57365974336,3.573659743368,3.573659743368,3.57365974337,3.57365974339,3.5736597433,3.5736597433,3.57365974334,3.57365974334,3.57365974334,3.5736597433,3.5736597434,2.33059368642,2.14768545112,2.14768545112,2.14768545117,1.62499395219,1.6249939522,1.6249939522,1.62499395217,0.91637786287,0.91637786287,0.7710328709,0,0.3148266012,0.534527159071,0.534527159071,0.53452715907,2.64801501632,2.64801501632,2.648015016459,2.648015016499,2.648015016399,2.648015016399,2.648015016459,2.648015016459,2.64801501642,5.56646803762,5.56646803757,5.56646803759,5.56646803759,5.56646803756,5.56646803756
"t67",5.59561601376,5.59561601376,5.59561601334,5.59561601334,5.59561601331,5.59561601331,5.59561601328,5.595616013309,5.595616013309,5.59561601328,5.59561601338,5.59561601338,5.59561601342,5.59561601342,5.59561601314,5.59561601317,5.59561601317,5.59561601317,5.59561601345,5.59561601345,5.59561601347,5.59561601344,5.59561601344,5.59561601347,5.59561601367,5.59561601387,5.59561601329,5.59561601329,5.59561601329,5.59561601339,5.59561601339,5.59561601339,5.59561601339,5.59561601339,5.59561601379,5.59561601379,5.59561601319,5.59561601289,5.59561601289,5.59561601289,5.59561601369,5.59561601339,5.59561601339,5.59561601339,5.59561601289,3.573659743424,3.573659743424,3.57365974348,3.57365974348,3.57365974378,3.573659743727,3.573659743727,3.57365974339,3.57365974339,3.57365974339,3.57365974339,3.57365974336,3.57365974336,3.573659743368,3.573659743368,3.57365974337,3.57365974339,3.5736597433,3.5736597433,3.57365974334,3.57365974334,3.57365974334,3.5736597433,3.5736597434,2.33059368642,2.14768545112,2.14768545112,2.14768545117,1.62499395219,1.6249939522,1.6249939522,1.62499395217,0.91637786287,0.91637786287,0.7710328709,0.3148266012,0,0.534527159071,0.534527159071,0.53452715907,2.64801501632,2.64801501632,2.648015016459,2.648015016499,2.648015016399,2.648015016399,2.648015016459,2.648015016459,2.64801501642,5.56646803762,5.56646803757,5.56646803759,5.56646803759,5.56646803756,5.56646803756
"t97",5.595616013831,5.595616013831,5.595616013411,5.595616013411,5.595616013381,5.595616013381,5.595616013351,5.59561601338,5.59561601338,5.595616013351,5.595616013451,5.595616013451,5.595616013491,5.595616013491,5.595616013211,5.595616013241,5.595616013241,5.595616013241,5.595616013521,5.595616013521,5.595616013541,5.595616013511,5.595616013511,5.595616013541,5.595616013741,5.595616013941,5.595616013361,5.595616013361,5.595616013361,5.595616013461,5.595616013461,5.595616013461,5.595616013461,5.595616013461,5.595616013861,5.595616013861,5.595616013261,5.595616012961,5.595616012961,5.595616012961,5.595616013761,5.595616013461,5.595616013461,5.595616013461,5.595616012961,3.573659743495,3.573659743495,3.573659743551,3.573659743551,3.573659743851,3.573659743798,3.573659743798,3.573659743461,3.573659743461,3.573659743461,3.573659743461,3.573659743431,3.573659743431,3.573659743439,3.573659743439,3.573659743441,3.573659743461,3.573659743371,3.573659743371,3.573659743411,3.573659743411,3.573659743411,3.573659743371,3.573659743471,2.330593686491,2.147685451191,2.147685451191,2.147685451241,1.624993952261,1.624993952271,1.624993952271,1.624993952241,0.916377862941,0.916377862941,0.771032870971,0.534527159071,0.534527159071,0,0.015164299902,0.079267911541,2.648015016391,2.648015016391,2.64801501653,2.64801501657,2.64801501647,2.64801501647,2.64801501653,2.64801501653,2.648015016491,5.566468037691,5.566468037641,5.566468037661,5.566468037661,5.566468037631,5.566468037631
"t98",5.595616013831,5.595616013831,5.595616013411,5.595616013411,5.595616013381,5.595616013381,5.595616013351,5.59561601338,5.59561601338,5.595616013351,5.595616013451,5.595616013451,5.595616013491,5.595616013491,5.595616013211,5.595616013241,5.595616013241,5.595616013241,5.595616013521,5.595616013521,5.595616013541,5.595616013511,5.595616013511,5.595616013541,5.595616013741,5.595616013941,5.595616013361,5.595616013361,5.595616013361,5.595616013461,5.595616013461,5.595616013461,5.595616013461,5.595616013461,5.595616013861,5.595616013861,5.595616013261,5.595616012961,5.595616012961,5.595616012961,5.595616013761,5.595616013461,5.595616013461,5.595616013461,5.595616012961,3.573659743495,3.573659743495,3.573659743551,3.573659743551,3.573659743851,3.573659743798,3.573659743798,3.573659743461,3.573659743461,3.573659743461,3.573659743461,3.573659743431,3.573659743431,3.573659743439,3.573659743439,3.573659743441,3.573659743461,3.573659743371,3.573659743371,3.573659743411,3.573659743411,3.573659743411,3.573659743371,3.573659743471,2.330593686491,2.147685451191,2.147685451191,2.147685451241,1.624993952261,1.624993952271,1.624993952271,1.624993952241,0.916377862941,0.916377862941,0.771032870971,0.534527159071,0.534527159071,0.015164299902,0,0.079267911541,2.648015016391,2.648015016391,2.64801501653,2.64801501657,2.64801501647,2.64801501647,2.64801501653,2.64801501653,2.648015016491,5.566468037691,5.566468037641,5.566468037661,5.566468037661,5.566468037631,5.566468037631
"t90",5.59561601383,5.59561601383,5.59561601341,5.59561601341,5.59561601338,5.59561601338,5.59561601335,5.595616013379,5.595616013379,5.59561601335,5.59561601345,5.59561601345,5.59561601349,5.59561601349,5.59561601321,5.59561601324,5.59561601324,5.59561601324,5.59561601352,5.59561601352,5.59561601354,5.59561601351,5.59561601351,5.59561601354,5.59561601374,5.59561601394,5.59561601336,5.59561601336,5.59561601336,5.59561601346,5.59561601346,5.59561601346,5.59561601346,5.59561601346,5.59561601386,5.59561601386,5.59561601326,5.59561601296,5.59561601296,5.59561601296,5.59561601376,5.59561601346,5.59561601346,5.59561601346,5.59561601296,3.573659743494,3.573659743494,3.57365974355,3.57365974355,3.57365974385,3.573659743797,3.573659743797,3.57365974346,3.57365974346,3.57365974346,3.57365974346,3.57365974343,3.57365974343,3.573659743438,3.573659743438,3.57365974344,3.57365974346,3.57365974337,3.57365974337,3.57365974341,3.57365974341,3.57365974341,3.57365974337,3.57365974347,2.33059368649,2.14768545119,2.14768545119,2.14768545124,1.62499395226,1.62499395227,1.62499395227,1.62499395224,0.91637786294,0.91637786294,0.77103287097,0.53452715907,0.53452715907,0.079267911541,0.079267911541,0,2.64801501639,2.64801501639,2.648015016529,2.648015016569,2.648015016469,2.648015016469,2.648015016529,2.648015016529,2.64801501649,5.56646803769,5.56646803764,5.56646803766,5.56646803766,5.56646803763,5.56646803763
"t7",5.59561601364,5.59561601364,5.59561601322,5.59561601322,5.59561601319,5.59561601319,5.59561601316,5.595616013189,5.595616013189,5.59561601316,5.59561601326,5.59561601326,5.5956160133,5.5956160133,5.59561601302,5.59561601305,5.59561601305,5.59561601305,5.59561601333,5.59561601333,5.59561601335,5.59561601332,5.59561601332,5.59561601335,5.59561601355,5.59561601375,5.59561601317,5.59561601317,5.59561601317,5.59561601327,5.59561601327,5.59561601327,5.59561601327,5.59561601327,5.59561601367,5.59561601367,5.59561601307,5.59561601277,5.59561601277,5.59561601277,5.59561601357,5.59561601327,5.59561601327,5.59561601327,5.59561601277,3.573659743304,3.573659743304,3.57365974336,3.57365974336,3.57365974366,3.573659743607,3.573659743607,3.57365974327,3.57365974327,3.57365974327,3.57365974327,3.57365974324,3.57365974324,3.573659743248,3.573659743248,3.57365974325,3.57365974327,3.57365974318,3.57365974318,3.57365974322,3.57365974322,3.57365974322,3.57365974318,3.57365974328,2.6480150159,2.6480150163,2.6480150163,2.64801501635,2.64801501637,2.64801501638,2.64801501638,2.64801501635,2.64801501645,2.64801501645,2.64801501642,2.64801501632,2.64801501632,2.648015016391,2.648015016391,2.64801501639,0,2.15619231,2.379424682339,2.379424682379,2.379424682279,2.379424682279,2.379424682339,2.379424682339,2.3794246823,5.5664680375,5.56646803745,5.56646803747,5.56646803747,5.56646803744,5.56646803744
"t8",5.59561601364,5.59561601364,5.59561601322,5.59561601322,5.59561601319,5.59561601319,5.59561601316,5.595616013189,5.595616013189,5.59561601316,5.59561601326,5.59561601326,5.5956160133,5.5956160133,5.59561601302,5.59561601305,5.59561601305,5.59561601305,5.59561601333,5.59561601333,5.59561601335,5.59561601332,5.59561601332,5.59561601335,5.59561601355,5.59561601375,5.59561601317,5.59561601317,5.59561601317,5.59561601327,5.59561601327,5.59561601327,5.59561601327,5.59561601327,5.59561601367,5.59561601367,5.59561601307,5.59561601277,5.59561601277,5.59561601277,5.59561601357,5.59561601327,5.59561601327,5.59561601327,5.59561601277,3.573659743304,3.573659743304,3.57365974336,3.57365974336,3.57365974366,3.573659743607,3.573659743607,3.57365974327,3.57365974327,3.57365974327,3.57365974327,3.57365974324,3.57365974324,3.573659743248,3.573659743248,3.57365974325,3.57365974327,3.57365974318,3.57365974318,3.57365974322,3.57365974322,3.57365974322,3.57365974318,3.57365974328,2.6480150159,2.6480150163,2.6480150163,2.64801501635,2.64801501637,2.64801501638,2.64801501638,2.64801501635,2.64801501645,2.64801501645,2.64801501642,2.64801501632,2.64801501632,2.648015016391,2.648015016391,2.64801501639,2.15619231,0,2.379424682339,2.379424682379,2.379424682279,2.379424682279,2.379424682339,2.379424682339,2.3794246823,5.5664680375,5.56646803745,5.56646803747,5.56646803747,5.56646803744,5.56646803744
"t13",5.595616013779,5.595616013779,5.595616013359,5.595616013359,5.595616013329,5.595616013329,5.595616013299,5.595616013328,5.595616013328,5.595616013299,5.595616013399,5.595616013399,5.595616013439,5.595616013439,5.595616013159,5.595616013189,5.595616013189,5.595616013189,5.595616013469,5.595616013469,5.595616013489,5.595616013459,5.595616013459,5.595616013489,5.595616013689,5.595616013889,5.595616013309,5.595616013309,5.595616013309,5.595616013409,5.595616013409,5.595616013409,5.595616013409,5.595616013409,5.595616013809,5.595616013809,5.595616013209,5.595616012909,5.595616012909,5.595616012909,5.595616013709,5.595616013409,5.595616013409,5.595616013409,5.595616012909,3.573659743443,3.573659743443,3.573659743499,3.573659743499,3.573659743799,3.573659743746,3.573659743746,3.573659743409,3.573659743409,3.573659743409,3.573659743409,3.573659743379,3.573659743379,3.573659743387,3.573659743387,3.573659743389,3.573659743409,3.573659743319,3.573659743319,3.573659743359,3.573659743359,3.573659743359,3.573659743319,3.573659743419,2.648015016039,2.648015016439,2.648015016439,2.648015016489,2.648015016509,2.648015016519,2.648015016519,2.648015016489,2.648015016589,2.648015016589,2.648015016559,2.648015016459,2.648015016459,2.64801501653,2.64801501653,2.648015016529,2.379424682339,2.379424682339,0,1.54648774884,1.54648774874,1.54648774874,1.5464877488,1.5464877488,1.550996528239,5.566468037639,5.566468037589,5.566468037609,5.566468037609,5.566468037579,5.566468037579
"t42",5.595616013819,5.595616013819,5.595616013399,5.595616013399,5.595616013369,5.595616013369,5.595616013339,5.595616013368,5.595616013368,5.595616013339,5.595616013439,5.595616013439,5.595616013479,5.595616013479,5.595616013199,5.595616013229,5.595616013229,5.595616013229,5.595616013509,5.595616013509,5.595616013529,5.595616013499,5.595616013499,5.595616013529,5.595616013729,5.595616013929,5.595616013349,5.595616013349,5.595616013349,5.595616013449,5.595616013449,5.595616013449,5.595616013449,5.595616013449,5.595616013849,5.595616013849,5.595616013249,5.595616012949,5.595616012949,5.595616012949,5.595616013749,5.595616013449,5.595616013449,5.595616013449,5.595616012949,3.573659743483,3.573659743483,3.573659743539,3.573659743539,3.573659743839,3.573659743786,3.573659743786,3.573659743449,3.573659743449,3.573659743449,3.573659743449,3.573659743419,3.573659743419,3.573659743427,3.573659743427,3.573659743429,3.573659743449,3.573659743359,3.573659743359,3.573659743399,3.573659743399,3.573659743399,3.573659743359,3.573659743459,2.648015016079,2.648015016479,2.648015016479,2.648015016529,2.648015016549,2.648015016559,2.648015016559,2.648015016529,2.648015016629,2.648015016629,2.648015016599,2.648015016499,2.648015016499,2.64801501657,2.64801501657,2.648015016569,2.379424682379,2.379424682379,1.54648774884,0,0.6841557495,0.6841557495,0.73586046604,0.98854712464,1.550996528279,5.566468037679,5.566468037629,5.566468037649,5.566468037649,5.566468037619,5.566468037619
"t59",5.595616013719,5.595616013719,5.595616013299,5.595616013299,5.595616013269,5.595616013269,5.595616013239,5.595616013268,5.595616013268,5.595616013239,5.595616013339,5.595616013339,5.595616013379,5.595616013379,5.595616013099,5.595616013129,5.595616013129,5.595616013129,5.595616013409,5.595616013409,5.595616013429,5.595616013399,5.595616013399,5.595616013429,5.595616013629,5.595616013829,5.595616013249,5.595616013249,5.595616013249,5.595616013349,5.595616013349,5.595616013349,5.595616013349,5.595616013349,5.595616013749,5.595616013749,5.595616013149,5.595616012849,5.595616012849,5.595616012849,5.595616013649,5.595616013349,5.595616013349,5.595616013349,5.595616012849,3.573659743383,3.573659743383,3.573659743439,3.573659743439,3.573659743739,3.573659743686,3.573659743686,3.573659743349,3.573659743349,3.573659743349,3.573659743349,3.573659743319,3.573659743319,3.573659743327,3.573659743327,3.573659743329,3.573659743349,3.573659743259,3.573659743259,3.573659743299,3.573659743299,3.573659743299,3.573659743259,3.573659743359,2.648015015979,2.648015016379,2.648015016379,2.648015016429,2.648015016449,2.648015016459,2.648015016459,2.648015016429,2.648015016529,2.648015016529,2.648015016499,2.648015016399,2.648015016399,2.64801501647,2.64801501647,2.648015016469,2.379424682279,2.379424682279,1.54648774874,0.6841557495,0,0.3847596354,0.73586046594,0.98854712454,1.550996528179,5.566468037579,5.566468037529,5.566468037549,5.566468037549,5.566468037519,5.566468037519
"t60",5.595616013719,5.595616013719,5.595616013299,5.595616013299,5.595616013269,5.595616013269,5.595616013239,5.595616013268,5.595616013268,5.595616013239,5.595616013339,5.595616013339,5.595616013379,5.595616013379,5.595616013099,5.595616013129,5.595616013129,5.595616013129,5.595616013409,5.595616013409,5.595616013429,5.595616013399,5.595616013399,5.595616013429,5.595616013629,5.595616013829,5.595616013249,5.595616013249,5.595616013249,5.595616013349,5.595616013349,5.595616013349,5.595616013349,5.595616013349,5.595616013749,5.595616013749,5.595616013149,5.595616012849,5.595616012849,5.595616012849,5.595616013649,5.595616013349,5.595616013349,5.595616013349,5.595616012849,3.573659743383,3.573659743383,3.573659743439,3.573659743439,3.573659743739,3.573659743686,3.573659743686,3.573659743349,3.573659743349,3.573659743349,3.573659743349,3.573659743319,3.573659743319,3.573659743327,3.573659743327,3.573659743329,3.573659743349,3.573659743259,3.573659743259,3.573659743299,3.573659743299,3.573659743299,3.573659743259,3.573659743359,2.648015015979,2.648015016379,2.648015016379,2.648015016429,2.648015016449,2.648015016459,2.648015016459,2.648015016429,2.648015016529,2.648015016529,2.648015016499,2.648015016399,2.648015016399,2.64801501647,2.64801501647,2.648015016469,2.379424682279,2.379424682279,1.54648774874,0.6841557495,0.3847596354,0,0.73586046594,0.98854712454,1.550996528179,5.566468037579,5.566468037529,5.566468037549,5.566468037549,5.566468037519,5.566468037519
"t37",5.595616013779,5.595616013779,5.595616013359,5.595616013359,5.595616013329,5.595616013329,5.595616013299,5.595616013328,5.595616013328,5.595616013299,5.595616013399,5.595616013399,5.595616013439,5.595616013439,5.595616013159,5.595616013189,5.595616013189,5.595616013189,5.595616013469,5.595616013469,5.595616013489,5.595616013459,5.595616013459,5.595616013489,5.595616013689,5.595616013889,5.595616013309,5.595616013309,5.595616013309,5.595616013409,5.595616013409,5.595616013409,5.595616013409,5.595616013409,5.595616013809,5.595616013809,5.595616013209,5.595616012909,5.595616012909,5.595616012909,5.595616013709,5.595616013409,5.595616013409,5.595616013409,5.595616012909,3.573659743443,3.573659743443,3.573659743499,3.573659743499,3.573659743799,3.573659743746,3.573659743746,3.573659743409,3.573659743409,3.573659743409,3.573659743409,3.573659743379,3.573659743379,3.573659743387,3.573659743387,3.573659743389,3.573659743409,3.573659743319,3.573659743319,3.573659743359,3.573659743359,3.573659743359,3.573659743319,3.573659743419,2.648015016039,2.648015016439,2.648015016439,2.648015016489,2.648015016509,2.648015016519,2.648015016519,2.648015016489,2.648015016589,2.648015016589,2.648015016559,2.648015016459,2.648015016459,2.64801501653,2.64801501653,2.648015016529,2.379424682339,2.379424682339,1.5464877488,0.73586046604,0.73586046594,0.73586046594,0,0.9885471246,1.550996528239,5.566468037639,5.566468037589,5.566468037609,5.566468037609,5.566468037579,5.566468037579
"t26",5.595616013779,5.595616013779,5.595616013359,5.595616013359,5.595616013329,5.595616013329,5.595616013299,5.595616013328,5.595616013328,5.595616013299,5.595616013399,5.595616013399,5.595616013439,5.595616013439,5.595616013159,5.595616013189,5.595616013189,5.595616013189,5.595616013469,5.595616013469,5.595616013489,5.595616013459,5.595616013459,5.595616013489,5.595616013689,5.595616013889,5.595616013309,5.595616013309,5.595616013309,5.595616013409,5.595616013409,5.595616013409,5.595616013409,5.595616013409,5.595616013809,5.595616013809,5.595616013209,5.595616012909,5.595616012909,5.595616012909,5.595616013709,5.595616013409,5.595616013409,5.595616013409,5.595616012909,3.573659743443,3.573659743443,3.573659743499,3.573659743499,3.573659743799,3.573659743746,3.573659743746,3.573659743409,3.573659743409,3.573659743409,3.573659743409,3.573659743379,3.573659743379,3.573659743387,3.573659743387,3.573659743389,3.573659743409,3.573659743319,3.573659743319,3.573659743359,3.573659743359,3.573659743359,3.573659743319,3.573659743419,2.648015016039,2.648015016439,2.648015016439,2.648015016489,2.648015016509,2.648015016519,2.648015016519,2.648015016489,2.648015016589,2.648015016589,2.648015016559,2.648015016459,2.648015016459,2.64801501653,2.64801501653,2.648015016529,2.379424682339,2.379424682339,1.5464877488,0.98854712464,0.98854712454,0.98854712454,0.9885471246,0,1.550996528239,5.566468037639,5.566468037589,5.566468037609,5.566468037609,5.566468037579,5.566468037579
"t12",5.59561601374,5.59561601374,5.59561601332,5.59561601332,5.59561601329,5.59561601329,5.59561601326,5.595616013289,5.595616013289,5.59561601326,5.59561601336,5.59561601336,5.5956160134,5.5956160134,5.59561601312,5.59561601315,5.59561601315,5.59561601315,5.59561601343,5.59561601343,5.59561601345,5.59561601342,5.59561601342,5.59561601345,5.59561601365,5.59561601385,5.59561601327,5.59561601327,5.59561601327,5.59561601337,5.59561601337,5.59561601337,5.59561601337,5.59561601337,5.59561601377,5.59561601377,5.59561601317,5.59561601287,5.59561601287,5.59561601287,5.59561601367,5.59561601337,5.59561601337,5.59561601337,5.59561601287,3.573659743404,3.573659743404,3.57365974346,3.57365974346,3.57365974376,3.573659743707,3.573659743707,3.57365974337,3.57365974337,3.57365974337,3.57365974337,3.57365974334,3.57365974334,3.573659743348,3.573659743348,3.57365974335,3.57365974337,3.57365974328,3.57365974328,3.57365974332,3.57365974332,3.57365974332,3.57365974328,3.57365974338,2.648015016,2.6480150164,2.6480150164,2.64801501645,2.64801501647,2.64801501648,2.64801501648,2.64801501645,2.64801501655,2.64801501655,2.64801501652,2.64801501642,2.64801501642,2.648015016491,2.648015016491,2.64801501649,2.3794246823,2.3794246823,1.550996528239,1.550996528279,1.550996528179,1.550996528179,1.550996528239,1.550996528239,0,5.5664680376,5.56646803755,5.56646803757,5.56646803757,5.56646803754,5.56646803754
"t25",5.59561601394,5.59561601394,5.59561601352,5.59561601352,5.59561601349,5.59561601349,5.59561601346,5.595616013489,5.595616013489,5.59561601346,5.59561601356,5.59561601356,5.5956160136,5.5956160136,5.59561601332,5.59561601335,5.59561601335,5.59561601335,5.59561601363,5.59561601363,5.59561601365,5.59561601362,5.59561601362,5.59561601365,5.59561601385,5.59561601405,5.59561601347,5.59561601347,5.59561601347,5.59561601357,5.59561601357,5.59561601357,5.59561601357,5.59561601357,5.59561601397,5.59561601397,5.59561601337,5.59561601307,5.59561601307,5.59561601307,5.59561601387,5.59561601357,5.59561601357,5.59561601357,5.59561601307,5.566468037604,5.566468037604,5.56646803766,5.56646803766,5.56646803796,5.566468037907,5.566468037907,5.56646803757,5.56646803757,5.56646803757,5.56646803757,5.56646803754,5.56646803754,5.566468037548,5.566468037548,5.56646803755,5.56646803757,5.56646803748,5.56646803748,5.56646803752,5.56646803752,5.56646803752,5.56646803748,5.56646803758,5.5664680372,5.5664680376,5.5664680376,5.56646803765,5.56646803767,5.56646803768,5.56646803768,5.56646803765,5.56646803775,5.56646803775,5.56646803772,5.56646803762,5.56646803762,5.566468037691,5.566468037691,5.56646803769,5.5664680375,5.5664680375,5.566468037639,5.566468037679,5.566468037579,5.566468037579,5.566468037639,5.566468037639,5.5664680376,0,1.00410060375,1.00410060377,1.00410060377,1.00410060374,1.00410060374
"t51",5.59561601389,5.59561601389,5.59561601347,5.59561601347,5.59561601344,5.59561601344,5.59561601341,5.595616013439,5.595616013439,5.59561601341,5.59561601351,5.59561601351,5.59561601355,5.59561601355,5.59561601327,5.5956160133,5.5956160133,5.5956160133,5.59561601358,5.59561601358,5.5956160136,5.59561601357,5.59561601357,5.5956160136,5.5956160138,5.595616014,5.59561601342,5.59561601342,5.59561601342,5.59561601352,5.59561601352,5.59561601352,5.59561601352,5.59561601352,5.59561601392,5.59561601392,5.59561601332,5.59561601302,5.59561601302,5.59561601302,5.59561601382,5.59561601352,5.59561601352,5.59561601352,5.59561601302,5.566468037554,5.566468037554,5.56646803761,5.56646803761,5.56646803791,5.566468037857,5.566468037857,5.56646803752,5.56646803752,5.56646803752,5.56646803752,5.56646803749,5.56646803749,5.566468037498,5.566468037498,5.5664680375,5.56646803752,5.56646803743,5.56646803743,5.56646803747,5.56646803747,5.56646803747,5.56646803743,5.56646803753,5.56646803715,5.56646803755,5.56646803755,5.5664680376,5.56646803762,5.56646803763,5.56646803763,5.5664680376,5.5664680377,5.5664680377,5.56646803767,5.56646803757,5.56646803757,5.566468037641,5.566468037641,5.56646803764,5.56646803745,5.56646803745,5.566468037589,5.566468037629,5.566468037529,5.566468037529,5.566468037589,5.566468037589,5.56646803755,1.00410060375,0,0.51587551982,0.51587551982,0.86828070279,0.86828070279
"t91",5.59561601391,5.59561601391,5.59561601349,5.59561601349,5.59561601346,5.59561601346,5.59561601343,5.595616013459,5.595616013459,5.59561601343,5.59561601353,5.59561601353,5.59561601357,5.59561601357,5.59561601329,5.59561601332,5.59561601332,5.59561601332,5.5956160136,5.5956160136,5.59561601362,5.59561601359,5.59561601359,5.59561601362,5.59561601382,5.59561601402,5.59561601344,5.59561601344,5.59561601344,5.59561601354,5.59561601354,5.59561601354,5.59561601354,5.59561601354,5.59561601394,5.59561601394,5.59561601334,5.59561601304,5.59561601304,5.59561601304,5.59561601384,5.59561601354,5.59561601354,5.59561601354,5.59561601304,5.566468037574,5.566468037574,5.56646803763,5.56646803763,5.56646803793,5.566468037877,5.566468037877,5.56646803754,5.56646803754,5.56646803754,5.56646803754,5.56646803751,5.56646803751,5.566468037518,5.566468037518,5.56646803752,5.56646803754,5.56646803745,5.56646803745,5.56646803749,5.56646803749,5.56646803749,5.56646803745,5.56646803755,5.56646803717,5.56646803757,5.56646803757,5.56646803762,5.56646803764,5.56646803765,5.56646803765,5.56646803762,5.56646803772,5.56646803772,5.56646803769,5.56646803759,5.56646803759,5.566468037661,5.566468037661,5.56646803766,5.56646803747,5.56646803747,5.566468037609,5.566468037649,5.566468037549,5.566468037549,5.566468037609,5.566468037609,5.56646803757,1.00410060377,0.51587551982,0,0.05647224164,0.86828070281,0.86828070281
"t92",5.59561601391,5.59561601391,5.59561601349,5.59561601349,5.59561601346,5.59561601346,5.59561601343,5.595616013459,5.595616013459,5.59561601343,5.59561601353,5.59561601353,5.59561601357,5.59561601357,5.59561601329,5.59561601332,5.59561601332,5.59561601332,5.5956160136,5.5956160136,5.59561601362,5.59561601359,5.59561601359,5.59561601362,5.59561601382,5.59561601402,5.59561601344,5.59561601344,5.59561601344,5.59561601354,5.59561601354,5.59561601354,5.59561601354,5.59561601354,5.59561601394,5.59561601394,5.59561601334,5.59561601304,5.59561601304,5.59561601304,5.59561601384,5.59561601354,5.59561601354,5.59561601354,5.59561601304,5.566468037574,5.566468037574,5.56646803763,5.56646803763,5.56646803793,5.566468037877,5.566468037877,5.56646803754,5.56646803754,5.56646803754,5.56646803754,5.56646803751,5.56646803751,5.566468037518,5.566468037518,5.56646803752,5.56646803754,5.56646803745,5.56646803745,5.56646803749,5.56646803749,5.56646803749,5.56646803745,5.56646803755,5.56646803717,5.56646803757,5.56646803757,5.56646803762,5.56646803764,5.56646803765,5.56646803765,5.56646803762,5.56646803772,5.56646803772,5.56646803769,5.56646803759,5.56646803759,5.566468037661,5.566468037661,5.56646803766,5.56646803747,5.56646803747,5.566468037609,5.566468037649,5.566468037549,5.566468037549,5.566468037609,5.566468037609,5.56646803757,1.00410060377,0.51587551982,0.05647224164,0,0.86828070281,0.86828070281
"t35",5.59561601388,5.59561601388,5.59561601346,5.59561601346,5.59561601343,5.59561601343,5.5956160134,5.595616013429,5.595616013429,5.5956160134,5.5956160135,5.5956160135,5.59561601354,5.59561601354,5.59561601326,5.59561601329,5.59561601329,5.59561601329,5.59561601357,5.59561601357,5.59561601359,5.59561601356,5.59561601356,5.59561601359,5.59561601379,5.59561601399,5.59561601341,5.59561601341,5.59561601341,5.59561601351,5.59561601351,5.59561601351,5.59561601351,5.59561601351,5.59561601391,5.59561601391,5.59561601331,5.59561601301,5.59561601301,5.59561601301,5.59561601381,5.59561601351,5.59561601351,5.59561601351,5.59561601301,5.566468037544,5.566468037544,5.5664680376,5.5664680376,5.5664680379,5.566468037847,5.566468037847,5.56646803751,5.56646803751,5.56646803751,5.56646803751,5.56646803748,5.56646803748,5.566468037488,5.566468037488,5.56646803749,5.56646803751,5.56646803742,5.56646803742,5.56646803746,5.56646803746,5.56646803746,5.56646803742,5.56646803752,5.56646803714,5.56646803754,5.56646803754,5.56646803759,5.56646803761,5.56646803762,5.56646803762,5.56646803759,5.56646803769,5.56646803769,5.56646803766,5.56646803756,5.56646803756,5.566468037631,5.566468037631,5.56646803763,5.56646803744,5.56646803744,5.566468037579,5.566468037619,5.566468037519,5.566468037519,5.566468037579,5.566468037579,5.56646803754,1.00410060374,0.86828070279,0.86828070281,0.86828070281,0,0.7620952544
"t36",5.59561601388,5.59561601388,5.59561601346,5.59561601346,5.59561601343,5.59561601343,5.5956160134,5.595616013429,5.595616013429,5.5956160134,5.5956160135,5.5956160135,5.59561601354,5.59561601354,5.59561601326,5.59561601329,5.59561601329,5.59561601329,5.59561601357,5.59561601357,5.59561601359,5.59561601356,5.59561601356,5.59561601359,5.59561601379,5.59561601399,5.59561601341,5.59561601341,5.59561601341,5.59561601351,5.59561601351,5.59561601351,5.59561601351,5.59561601351,5.59561601391,5.59561601391,5.59561601331,5.59561601301,5.59561601301,5.59561601301,5.59561601381,5.59561601351,5.59561601351,5.59561601351,5.59561601301,5.566468037544,5.566468037544,5.5664680376,5.5664680376,5.5664680379,5.566468037847,5.566468037847,5.56646803751,5.56646803751,5.56646803751,5.56646803751,5.56646803748,5.56646803748,5.566468037488,5.566468037488,5.56646803749,5.56646803751,5.56646803742,5.56646803742,5.56646803746,5.56646803746,5.56646803746,5.56646803742,5.56646803752,5.56646803714,5.56646803754,5.56646803754,5.56646803759,5.56646803761,5.56646803762,5.56646803762,5.56646803759,5.56646803769,5.56646803769,5.56646803766,5.56646803756,5.56646803756,5.566468037631,5.566468037631,5.56646803763,5.56646803744,5.56646803744,5.566468037579,5.566468037619,5.566468037519,5.566468037519,5.566468037579,5.566468037579,5.56646803754,1.00410060374,0.86828070279,0.86828070281,0.86828070281,0.7620952544,0
