accepted_species,0,1
t50,0.6456794007483988,0.35432059925160125
t55,0.6455889821498606,0.3544110178501394
t88,0.6457159598179323,0.35428404018206777
t89,0.6456143364636586,0.3543856635363414
t90,0.645605484086239,0.35439451591376103
t101,0.6457352012099296,0.3542647987900704
t116,0.6456273459516291,0.35437265404837087
t117,0.6456292872366955,0.3543707127633044
t124,0.6457257377705232,0.35427426222947683
t125,0.6457257243311953,0.35427427566880465
