"accepted_species","0","1"
"t121","0.928221001456583","0.0717789985434172"
"t66","0.681111788827967","0.318888211172033"
"t65","0.770647022420009","0.229352977579991"
"t88","0.860886049061411","0.13911395093859"
"t129","0.979300575096172","0.0206994249038279"
"t57","0.783647040977727","0.216352959022273"
"t83","0.876679389583539","0.123320610416461"
"t24","0.520196902553052","0.479803097446948"
"t115","0.884019233243695","0.115980766756305"
"t76","0.168021287537355","0.831978712462645"
