accepted_species,0,1
t50,0.57472885,0.42527115
t55,0.5469682,0.45303178
t88,0.70614004,0.29385993
t89,0.5469682,0.45303178
t90,0.5469682,0.45303178
t101,0.70614004,0.29385993
t116,0.5469682,0.45303178
t117,0.5469682,0.45303178
t124,0.7659066,0.23409346
t125,0.7659066,0.23409346
