accepted_species,0,1
t39,0.090795875,0.9092041
t72,0.043103635,0.95689636
t73,0.043103635,0.95689636
t83,0.48755258,0.5124474
t88,0.043103635,0.95689636
t89,0.061250746,0.93874925
t107,0.3242455,0.6757545
t108,0.27623612,0.7237639
t110,0.05104804,0.94895196
t115,0.043103635,0.95689636
