accepted_species,estimate
t112,-1.515814784345322
t18,-1.6995883230424562
t149,-0.40786644781492337
t115,0.2666369392854138
t36,-0.3111587331034064
t64,-0.06796362707447584
t32,0.5197371404919358
t128,0.40261539252323414
t120,0.7963189851361354
t117,0.4193145697817922
t101,0.39305507442448634
t74,-1.1777674534583282
t13,-0.09937907495388892
t86,-0.9611200882245106
t28,-0.9572283453691122
t14,-0.32603987910896465
