accepted_species,0
t112,0.013701301571687807
t18,0.013701301571687807
t149,-0.181212060177815
t115,0.013701301571687807
t36,0.013701301571687807
t64,0.013701301571687807
t32,0.013701301571687807
t128,0.013701301571687807
t120,0.013701301571687807
t117,0.013701301571687807
t101,0.013701301571687807
t74,0.013701301571687807
t13,0.013701301571687807
t86,0.013701301571687807
t28,0.013701301571687807
t14,0.013701301571687807
