accepted_species,estimate
t112,-1.1405444
t18,-0.53409946
t149,-0.41465995
t115,-0.70472556
t36,0.5767669
t64,0.5390499
t32,0.26409093
t128,0.22743846
t120,0.7700236
t117,0.8283413
t101,0.7466655
t74,-0.99422294
t13,-0.10876266
t86,-2.4600284
t28,-0.16140284
t14,-0.438376
