accepted_species,0,1
t54,0.20700076206374218,0.7929992379362578
t55,0.20662624551485564,0.7933737544851444
t56,0.3131921232456176,0.6868078767543824
t23,0.36805968355396057,0.6319403164460394
t100,0.39643408427882054,0.6035659157211795
t84,0.39650746153461314,0.6034925384653869
t17,0.18077808686785846,0.8192219131321415
t49,0.13501387940239606,0.8649861205976039
t41,0.2795195449549148,0.7204804550450852
t36,0.447591498584898,0.552408501415102
