accepted_species,0,1
t54,0.13918247926633465,0.8608175207336654
t55,0.13378658837637336,0.8662134116236266
t56,0.5057510392203772,0.49424896077962277
t23,0.4692903725931554,0.5307096274068446
t100,0.45808554823831826,0.5419144517616817
t84,0.4214604076283801,0.5785395923716199
t17,0.041055906880921755,0.9589440931190782
t49,0.0314265817832754,0.9685734182167246
t41,0.3331756061626001,0.6668243938373999
t36,0.2643888648058934,0.7356111351941066
