"accepted_species","0","1"
"t54","0.5","0.5"
"t55","0.5","0.5"
"t56","0.5","0.5"
"t23","0.5","0.5"
"t100","0.939171438912854","0.0608285610871455"
"t84","0.500000853082359","0.499999146917641"
"t17","0.5","0.5"
"t49","0.5","0.5"
"t41","0.5","0.5"
"t36","0.5","0.5"
