accepted_species,estimate
Alstonia_spectabilis,0.46559286821932755
Coprosma_rhamnoides,0.24446575135896967
Coprosma_robusta,0.21780101925518294
Cyclophyllum_coprosmoides,0.9637039122989015
Galium_angustifolium,-0.4106755948393257
Galium_binifolium,-0.3764690492062175
Galium_propinquum,-0.31498553315970224
Galium_uliginosum,-0.14499338946890059
Nertera_granadensis,0.2541707677947138
Tabernaemontana_siphilitica,0.13995540089320982
