accepted_species,0,1
t73,0.47350732194373324,0.5264926780562668
t77,0.4594789855688711,0.5405210144311289
t47,0.4566971092068567,0.5433028907931433
t57,0.5724114275769029,0.4275885724230971
t91,0.5756330178004765,0.4243669821995235
t90,0.577129554968366,0.42287044503163396
t60,0.5802171365683229,0.4197828634316771
t44,0.5520689727990045,0.4479310272009956
t7,0.5524435987864545,0.44755640121354545
t58,0.5538787424480315,0.4461212575519685
