accepted_species,estimate
t49,-0.2895591167290585
t17,-0.45054417881208747
t70,0.050862285811747024
t71,0.02897112464618724
t86,0.05900120993160719
t51,-0.257298319847617
t45,0.14958888494739647
t46,0.15642640558905702
t35,-0.1844436555896075
t2,0.5662538341883361
