accepted_species,0,1
Matelea_ecuadorensis,0.81143856,0.18856142
Strychnos_vitiensis,0.88768077,0.112319246
Cynanchum_descoingsii,0.8103939,0.18960604
Ixora_banjoana,0.92052674,0.07947329
Hoya_ranauensis,0.84141254,0.15858749
Rutidea_glabra,0.92052674,0.07947329
Gomphocarpus_tomentosus,0.8046804,0.19531958
Lasianthus_eriocalyx,0.92899776,0.07100227
Rudgea_interrupta,0.92834777,0.07165225
Paracephaelis_orientalis,0.92052674,0.07947329
