accepted_species,0,1
Matelea_ecuadorensis,0.9030324,0.09696757
Strychnos_vitiensis,0.89401966,0.10598034
Cynanchum_descoingsii,0.63525707,0.36474293
Ixora_banjoana,0.91525465,0.08474534
Hoya_ranauensis,0.8939753,0.10602469
Rutidea_glabra,0.9403056,0.059694424
Gomphocarpus_tomentosus,0.88672173,0.1132783
Lasianthus_eriocalyx,0.94767225,0.052327722
Rudgea_interrupta,0.94767225,0.052327722
Paracephaelis_orientalis,0.9403056,0.059694424
