accepted_species,0,1
Matelea_ecuadorensis,0.82448995,0.17551006
Strychnos_vitiensis,0.89793456,0.102065414
Cynanchum_descoingsii,0.78122336,0.21877664
Ixora_banjoana,0.9357523,0.064247735
Hoya_ranauensis,0.836405,0.16359502
Rutidea_glabra,0.9357523,0.064247735
Gomphocarpus_tomentosus,0.78122336,0.21877664
Lasianthus_eriocalyx,0.9387179,0.061282095
Rudgea_interrupta,0.9355037,0.06449628
Paracephaelis_orientalis,0.9357523,0.064247735
