accepted_species,0,1
t125,0.99876165,0.0012383454
t89,0.99876165,0.0012383454
t135,0.99876165,0.0012383454
t29,0.99876165,0.0012383454
t142,0.99876165,0.0012383454
t15,0.99876165,0.0012383454
t149,0.99876165,0.0012383454
t12,0.99876165,0.0012383454
t38,0.99876165,0.0012383454
t134,0.99876165,0.0012383454
t113,0.9852817,0.014718286
t28,0.99578214,0.0042178743
t8,0.99578214,0.0042178743
t16,0.9712565,0.02874349
t69,0.9407285,0.05927152
