accepted_species,0,1
t88,0.8010592,0.19894083
t89,0.8010592,0.19894083
t71,0.8010592,0.19894083
t76,0.6426479,0.35735208
t99,0.6426479,0.35735208
t100,0.6426479,0.35735208
t42,0.6209779,0.37902215
t43,0.57279015,0.42720988
t17,0.5736366,0.4263634
t46,0.5736366,0.4263634
