accepted_species,0,1
t88,0.29332942,0.7066706
t89,0.5405352,0.45946482
t71,0.5405352,0.45946482
t76,0.29558033,0.7044197
t99,0.32581127,0.67418873
t100,0.3325435,0.6674565
t42,0.30228186,0.69771814
t43,0.1541425,0.8458575
t17,0.1541425,0.8458575
t46,0.19728804,0.80271196
