accepted_species,0,1
t42,0.8647561075149958,0.1352438924850042
t21,0.8652550812845081,0.13474491871549188
t8,0.8594549823879591,0.14054501761204083
t44,0.864011286484074,0.13598871351592604
t30,0.8055871184811718,0.19441288151882824
t67,0.8071902454059479,0.1928097545940522
t5,0.8119085489445077,0.18809145105549227
t70,0.7984822768463857,0.20151772315361427
t18,0.8015064873428022,0.1984935126571978
t55,0.8767270267728358,0.12327297322716424
