accepted_species,0,1
t95,0.9997577,0.00024226955
t18,0.9992986,0.0007014387
t55,0.99799407,0.0020059233
t111,0.9997577,0.00024226955
t71,0.9997577,0.00024226955
t89,0.9997577,0.00024226955
t108,0.9999001,9.988821e-05
t133,0.9999001,9.988821e-05
t57,0.9997577,0.00024226955
t140,0.97292376,0.027076261
t37,0.9941213,0.0058786604
t156,0.96820676,0.031793207
t51,0.49257696,0.50742304
t22,0.9774142,0.02258582
t82,0.99726254,0.0027374835
t7,0.9702883,0.02971175
