accepted_species,estimate
t17,1.3561141797547418
t18,1.1463803259956336
t46,0.880659705529813
t47,1.1975258759734062
t5,0.8035881654904392
t20,1.5797183581165808
t95,1.4194035917127248
t96,1.6739371637430092
t14,1.394580248164943
t15,1.5440415039669884
