accepted_species,estimate
t17,0.9580970284662673
t18,0.9889951091192152
t46,1.0862226001773665
t47,1.1308618034457862
t5,0.6531607914657007
t20,0.8224504579188595
t95,1.2427474829243985
t96,1.2404235807709925
t14,0.7972403177713333
t15,0.8807878000861838
