accepted_species,estimate
t64,0.6961167424647181
t63,0.6171648515159889
t77,0.6662085152587378
t62,0.6367383510154918
t19,0.36649205863116846
t35,1.0962148775752971
t50,-0.6935765540341986
t9,-0.6882334259041754
t25,-0.5588530763762992
t90,0.0874211225001679
