accepted_species,0
t64,-0.04691187858301617
t63,-0.04691187858301617
t77,-0.04691187858301617
t62,-0.04691187858301617
t19,-0.04691187858301617
t35,-0.04691187858301617
t50,-0.04691187858301617
t9,-0.04691187858301617
t25,-0.04691187858301617
t90,-0.548370230678825
