accepted_species,0
t64,-0.220210797679767
t63,1.38904910260851
t77,1.38904910260851
t62,1.38904910260851
t19,
t35,
t50,
t9,
t25,
t90,-0.548370230678825
