"accepted_species","estimate"
"t64",-0.218919508025575
"t63",1.41239773755868
"t77",1.40102683830107
"t62",1.41339638668425
"t19",1.18851321464335
"t35",0.250254839375371
"t50",-0.448877657487411
"t9",-0.616828708217199
"t25",-0.0637521036540024
"t90",-0.534156718520758
