accepted_species,estimate
t64,-0.106243126
t63,1.2927467
t77,1.4185755
t62,1.4185755
t19,1.2776414
t35,0.27073917
t50,-0.31322953
t9,-0.6408347
t25,0.098162666
t90,-0.6556643
