accepted_species,0,1
sp19,0.8702773821573443,0.12972261784265574
sp21,0.8420668774059805,0.15793312259401954
sp36,0.668917076882006,0.33108292311799403
sp49,0.5127052631347759,0.48729473686522407
sp59,0.6256164846934364,0.37438351530656355
sp68,0.6363417337618384,0.36365826623816155
sp73,0.6965606679354601,0.3034393320645398
sp89,0.6738769566029771,0.3261230433970229
sp113,0.6721908520980775,0.3278091479019225
sp121,0.8998715993640558,0.10012840063594415
