accepted_species,0,1
sp19,0.9999254317036929,7.456829630714426e-05
sp21,0.9993592848026523,0.000640715197347606
sp36,0.20154101594767382,0.7984589840523262
sp49,0.43075947845222085,0.5692405215477792
sp59,0.18430799673279397,0.815692003267206
sp68,0.5241533428441041,0.4758466571558959
sp73,0.4125422740172723,0.5874577259827277
sp89,0.5886515362670668,0.41134846373293316
sp113,0.6754608863696997,0.3245391136303003
sp121,0.6241778839652583,0.3758221160347417
