accepted_species,0,1
sp19,0.9759097,0.024090273
sp21,0.9759097,0.024090273
sp36,0.9548209,0.045179106
sp49,0.9269822,0.07301778
sp59,0.08396852,0.9160315
sp68,0.8343403,0.16565971
sp73,0.913527,0.086472996
sp89,0.7337108,0.26628917
sp113,0.94512784,0.05487213
sp121,0.23039919,0.7696008
