accepted_species,estimate
t54,1.7018033
t82,0.42373198
t27,-2.3878956
t59,-0.74809617
t33,-0.107348494
t68,0.24337415
t93,-0.6936885
t89,0.6070356
t46,-0.380372
t84,0.4959045
