accepted_species,0
Coffea_arabica,-0.13855275044172244
Coffea_congensis,-0.13855275044172244
Gardenia_jasminoides,-0.13855275044172244
Gardenia_ovularis,-0.13855275044172244
Pavetta_australiensis,-0.13855275044172244
Randia_armata,-0.13855275044172244
Randia_thurberi,-0.28674465588073
Rosenbergiodendron_formosum,-0.28674465588073
Rothmannia_urcelliformis,-0.13855275044172244
Tarenna_mollissima,-0.13855275044172244
