accepted_species,0,1
t25,0.29583371534940117,0.7041662846505988
t26,0.27475936207411034,0.7252406379258897
t80,0.2673992089494668,0.7326007910505332
t81,0.30468717799051726,0.6953128220094827
t38,0.2522036743659054,0.7477963256340946
t42,0.278819945865199,0.721180054134801
t10,0.3243448476488764,0.6756551523511236
t29,0.3127437248988958,0.6872562751011042
t30,0.2952290368623981,0.7047709631376019
t7,0.3211633498578028,0.6788366501421972
