accepted_species,0,1
t25,0.23756145305392162,0.7624385469460784
t26,0.2375614530539215,0.7624385469460785
t80,0.2364478312377064,0.7635521687622936
t81,0.2364478312377064,0.7635521687622936
t38,0.2380921049100676,0.7619078950899324
t42,0.23796045278273936,0.7620395472172606
t10,0.2396424314897243,0.7603575685102757
t29,0.23896794194677606,0.7610320580532239
t30,0.23896794194677617,0.7610320580532238
t7,0.2403245503871949,0.7596754496128051
