accepted_species,0,1
t25,0.022413611,0.9775864
t26,0.43590063,0.5640994
t80,0.022413611,0.9775864
t81,0.19794595,0.80205405
t38,0.1504196,0.8495804
t42,0.34283113,0.65716887
t10,0.571733,0.428267
t29,0.91047037,0.08952966
t30,0.38749373,0.6125063
t7,0.19794595,0.80205405
