"accepted_species","0","1"
"sp99",0.866855760112571,0.133144239887429
"sp102",0.838041341912692,0.161958658087308
"sp104",0.733432943394584,0.266567056605417
"sp105",0.733432943394584,0.266567056605417
"sp112",0.870065049973542,0.129934950026458
"sp122",0.883440317241608,0.116559682758392
"sp124",0.933749586782013,0.0662504132179872
"sp125",0.883440317241608,0.116559682758392
"sp126",0.883440317241608,0.116559682758392
"sp134",0.966659703755604,0.0333402962443963
