accepted_species,0,1
sp99,0.9487070871944426,0.0512929128055574
sp102,0.9705262350454318,0.02947376495456821
sp104,0.9531316794393447,0.046868320560655256
sp105,0.9528236183449188,0.04717638165508125
sp112,0.9724967876091268,0.02750321239087311
sp122,0.9460062279753466,0.05399377202465337
sp124,0.9726621782324545,0.027337821767545525
sp125,0.9460637271608163,0.053936272839183674
sp126,0.945834609277942,0.05416539072205795
sp134,0.9458277471131327,0.05417225288686729
