accepted_species,0,1
sp99,0.82633483,0.17366515
sp102,0.83609885,0.16390115
sp104,0.8220854,0.17791465
sp105,0.8220854,0.17791465
sp112,0.83609885,0.16390115
sp122,0.8220854,0.17791465
sp124,0.83609885,0.16390115
sp125,0.8220854,0.17791465
sp126,0.8220854,0.17791465
sp134,0.8220854,0.17791465
