accepted_species,0
t33,
t70,
t81,-0.242624833214116
t74,
t69,
t58,
t89,-1.17568822890218
t95,-1.11252648877185
t83,-1.8589196819213938
t20,
