accepted_species,estimate
t139,-0.6385201762901401
t71,-2.8110266916642774
t162,0.498579347341622
t137,0.6863156196707033
t81,-0.32276855742600463
t101,0.3058810284088481
t102,0.30644949448648634
t119,0.3142134681874589
t134,1.0808223108566481
t158,1.2461620628684513
t32,0.715366177925403
t127,0.7452501010155632
t34,0.7253966833801329
t75,0.36370228440453095
t60,-0.03323969364658281
t64,-0.19540006757395256
