accepted_species,0,1
t53,0.18052334,0.81947666
t111,0.22978646,0.77021354
t150,0.2269544,0.7730456
t154,0.13772625,0.86227375
t171,0.15161312,0.8483869
t175,0.17372972,0.8262703
t193,0.1337893,0.8662107
t203,0.117126524,0.8828735
t205,0.14350283,0.85649717
t206,0.21878481,0.7812152
