accepted_species,0,1
t8,0.36705083,0.6329492
t18,0.41311407,0.5868859
t33,0.43824792,0.5617521
t39,0.38565654,0.61434346
t64,0.316696,0.683304
t76,0.40211213,0.5978879
t87,0.4134786,0.5865214
t107,0.43014997,0.56985
t108,0.43014997,0.56985
t111,0.2303648,0.7696352
