accepted_species,estimate
t33,-0.8906369526430686
t34,-1.1287772650044623
t43,-1.2022492719515443
t44,-1.0604877610987185
t21,-1.0008403361494551
t20,-0.6264013548512888
t91,-0.993618577204046
t11,-1.2732780408482005
t12,-0.9242954985966758
t10,-1.2207585546959914
