"accepted_species","estimate"
"t33",-0.605576605155783
"t34",-0.605576605155783
"t43",-0.613371872220554
"t44",-0.613371872220554
"t21",-0.613371872220554
"t20",-0.627403065732919
"t91",-0.683032899168607
"t11",-0.116595370963901
"t12",-0.116595370963901
"t10",-0.116595370963901
