accepted_species,estimate
t33,-0.8880775
t34,-0.85080266
t43,-0.937827
t44,-0.8880775
t21,-0.8880775
t20,-0.937827
t91,-0.937827
t11,-0.8848813
t12,-1.0819173
t10,-0.8848813
