accepted_species,0,1
t75,0.23337345133826648,0.7666265486617335
t51,0.2540563027293493,0.7459436972706507
t94,0.24268207779078976,0.7573179222092102
t80,0.22629992916991626,0.7737000708300837
t91,0.22354168526159301,0.776458314738407
t71,0.22391220125639666,0.7760877987436033
t63,0.20542121890260312,0.7945787810973969
t42,0.2688430739208647,0.7311569260791353
t43,0.267744295715887,0.732255704284113
t25,0.2807391194810338,0.7192608805189662
