accepted_species,0,1
t75,0.15637351439336644,0.8436264856066336
t51,0.15789121241189352,0.8421087875881065
t94,0.18891034703178178,0.8110896529682182
t80,0.19546254708725008,0.8045374529127499
t91,0.19648692516603905,0.803513074833961
t71,0.19711516908455773,0.8028848309154423
t63,0.3395421885839618,0.6604578114160382
t42,0.21284961690933002,0.78715038309067
t43,0.23092902994358366,0.7690709700564163
t25,0.23934997186003282,0.7606500281399672
