"accepted_species","0","1"
"t75","0.0032866403083353","0.996713359691665"
"t51","0.00588326849132701","0.994116731508673"
"t94","0.00203501904125591","0.997964980958744"
"t80","0.00404818328240686","0.995951816717593"
"t91","0.0024857062398785","0.997514293760121"
"t71","0.00556106306859921","0.994438936931401"
"t63","0.0106954597785041","0.989304540221496"
"t42","0.268743295287431","0.731256704712569"
"t43","0.268743295287431","0.731256704712569"
"t25","0.626836100240488","0.373163899759512"
