accepted_species,0
t18,-0.047437759355000754
t68,-0.04743775935602877
t69,-0.04743775935602877
t40,-0.05925445494754341
t75,-0.07983033767511485
t43,-0.05974757874784358
t95,-0.05325925367664827
t16,-0.051001465507091684
t22,-0.04979046765861668
t23,-0.04979046765861668
