accepted_species,0,1
Ibatia_boliviensis,0.988636,0.011363974
Cynanchum_madagascariense,0.99381655,0.006183474
Asclepias_asperula,0.99381655,0.006183474
Condylocarpon_myrtifolium,0.055914104,0.9440859
Ceropegia_antennifera,0.9784148,0.021585226
Hoya_incrassata,0.9784148,0.021585226
Tabernaemontana_ovalifolia,0.111733854,0.88826615
Landolphia_membranacea,0.9154403,0.08455967
Macrocarpaea_quechua,0.99598694,0.004013046
Secamone_urceolata,0.959301,0.04069903
