accepted_species,estimate
t81,-1.2595126631088056
t96,-1.2595611559307187
t83,-1.2076250405239444
t36,-1.196883094558213
t93,-1.1117707567291468
t35,-0.9892008844577411
t92,-0.6339720913961845
t32,0.9977131041553078
t28,1.0550217628095768
t52,1.3789572563671784
