accepted_species,estimate
t81,-1.1708174415442951
t96,-1.1667129102620761
t83,-1.2500022906110095
t36,-1.1339932860576385
t93,-0.8881291003876995
t35,-1.12857747085711
t92,-0.5151019758597627
t32,0.7472103097148289
t28,0.7420058202432568
t52,0.8547962285560998
