accepted_species,estimate
Arachnothryx_buddleioides,0.9622769201998352
Galium_eriocarpum,-0.46230211112482633
Galium_tinctorium,-0.4242911237292398
Gentiana_lutea,-0.29675349951927144
Gentiana_nivalis,-0.3396006972950939
Ixora_pendula,0.27325800483603724
Palicourea_cyanococca,0.016883963702818527
Psychotria_flava,0.6807210900208244
Randia_hebecarpa,0.4433599532985554
Stephanostegia_capuronii,1.9214047096996119
