"accepted_species","0","1"
"t12",0.690984017299835,0.309015982700165
"t25",0.690640689814398,0.309359310185602
"t35",0.688434230435506,0.311565769564494
"t52",0.637386775994227,0.362613224005773
"t58",0.617774421882684,0.382225578117315
"t67",0.743983368264247,0.256016631735753
"t96",0.872366851251559,0.127633148748441
"t103",0.918245167842678,0.081754832157322
"t106",0.929733662189789,0.0702663378102106
"t111",0.0859188794451009,0.914081120554899
