accepted_species,0,1
t150,0.3533796289349167,0.6466203710650833
t168,0.2669999748666887,0.7330000251333113
t182,0.14581708603262644,0.8541829139673736
t183,0.1287401767577866,0.8712598232422134
t185,0.3611273850701745,0.6388726149298255
t196,0.12118401867382866,0.8788159813261713
t201,0.18831271883732492,0.8116872811626751
t202,0.1380088663762904,0.8619911336237096
t209,0.308363317908225,0.691636682091775
t210,0.3033908498138439,0.6966091501861561
