accepted_species,0,1
t150,0.6152056765717198,0.3847943234282802
t168,0.6146288031334199,0.3853711968665801
t182,0.616123041323026,0.383876958676974
t183,0.6162086672923935,0.38379133270760646
t185,0.6137485344493412,0.38625146555065887
t196,0.6172237708634267,0.38277622913657333
t201,0.6147043823091065,0.38529561769089354
t202,0.6157118274819218,0.38428817251807823
t209,0.6139634561524037,0.3860365438475963
t210,0.6143233376723171,0.38567666232768294
