accepted_species,0,1
t150,0.6825777,0.31742224
t168,0.6825777,0.31742224
t182,0.47261018,0.5273898
t183,0.47261018,0.5273898
t185,0.6825777,0.31742224
t196,0.47261018,0.5273898
t201,0.47261018,0.5273898
t202,0.47261018,0.5273898
t209,0.60001063,0.3999894
t210,0.60001063,0.3999894
