accepted_species,0,1
t12,0.62869835,0.37130168
t25,0.6477171,0.35228288
t35,0.7173116,0.28268835
t52,0.57757914,0.4224209
t58,0.5171287,0.4828713
t67,0.63882077,0.3611792
t96,0.8355018,0.16449821
t103,0.75900996,0.24099001
t106,0.76822275,0.23177724
t111,0.54609144,0.45390856
