accepted_species,0,1
t150,0.9189949,0.081005126
t168,0.3338356,0.6661644
t182,0.09048903,0.90951097
t183,0.06540853,0.9345915
t185,0.79409945,0.20590053
t196,0.84430313,0.15569688
t201,0.0752545,0.9247455
t202,0.49428505,0.50571495
t209,0.10795301,0.892047
t210,0.88920206,0.11079792
