accepted_species,0,1
t150,0.53780997,0.46219006
t168,0.53780997,0.46219006
t182,0.55231535,0.44768462
t183,0.54975563,0.45024437
t185,0.54044044,0.4595596
t196,0.5557631,0.4442369
t201,0.54975563,0.45024437
t202,0.54975563,0.45024437
t209,0.54044044,0.4595596
t210,0.54044044,0.4595596
