accepted_species,0,1
t94,0.7261524459118462,0.27384755408815376
t75,0.7482021791227984,0.2517978208772016
t88,0.7215243166852155,0.27847568331478445
t98,0.9533421476695914,0.0466578523304086
t69,0.9590128053882788,0.04098719461172122
t70,0.9590906576514656,0.04090934234853442
t38,0.9594965612284655,0.040503438771534485
t52,0.7436853705433317,0.2563146294566682
t99,0.9133800796930687,0.08661992030693132
t34,0.9843470663725882,0.015652933627411787
