accepted_species,0,1
t94,1.0,0.0
t75,1.0,0.0
t88,0.0,1.0
t98,1.0,0.0
t69,1.0,0.0
t70,1.0,0.0
t38,1.0,0.0
t52,0.9073806157146671,0.09261938428533294
t99,1.0,0.0
t34,1.0,0.0
