"accepted_species","0","1"
"t94","0.999969288518061","3.07114819390849e-05"
"t75","0.998709261351432","0.00129073864856792"
"t88","5.02943137347091e-05","0.999949705686265"
"t98","0.999923742747857","7.62572521427115e-05"
"t69","0.996920181861403","0.00307981813859659"
"t70","0.996920181861403","0.00307981813859659"
"t38","0.996920181861403","0.00307981813859659"
"t52","0.99959538568017","0.000404614319829632"
"t99","0.999979997887868","2.00021121325515e-05"
"t34","0.998663200173905","0.00133679982609526"
