accepted_species,0,1
t94,0.9664823,0.033517744
t75,0.91947556,0.080524415
t88,0.14136398,0.858636
t98,0.9894713,0.0105286585
t69,0.9894713,0.0105286585
t70,0.9894713,0.0105286585
t38,0.9894713,0.0105286585
t52,0.9547375,0.04526253
t99,0.9839736,0.016026394
t34,0.98736465,0.012635361
