accepted_species,0
t6,
t61,
t26,
t57,
t98,1.27303676277795
t51,
t72,1.00406455056376
t23,
t43,
t50,
