accepted_species,0,1
t37,0.8736591501843836,0.12634084981561639
t51,0.8884646005273482,0.11153539947265173
t68,0.8693865024168799,0.13061349758312016
t81,0.8693404170320487,0.1306595829679513
t90,0.8796060642724868,0.1203939357275132
t95,0.8622927225447113,0.13770727745528863
t106,0.8812444079129123,0.11875559208708772
t114,0.8813708009978535,0.11862919900214652
t120,0.8854268503164817,0.1145731496835183
t123,0.8764152242576496,0.12358477574235038
