accepted_species,0,1
t45,0.6992158088127571,0.3007841911872429
t68,0.7022868100849693,0.29771318991503076
t69,0.7012913221312799,0.29870867786872013
t95,0.7023706754168051,0.29762932458319497
t137,0.6906552321654358,0.30934476783456427
t139,0.6992470596542708,0.3007529403457292
t154,0.7056292549179835,0.2943707450820166
t162,0.6991585516886341,0.3008414483113659
t166,0.6991581836873147,0.30084181631268525
t167,0.6991578740848023,0.3008421259151976
