accepted_species,0,1
t37,0.8674315131846781,0.13256848681532188
t51,1.0,0.0
t68,0.8674222603479639,0.13257773965203615
t81,0.8674178558182183,0.13258214418178174
t90,0.867496777628909,0.13250322237109102
t95,0.867405942341648,0.13259405765835197
t106,0.8674907617333706,0.13250923826662941
t114,0.8675220883723113,0.13247791162768877
t120,1.0,0.0
t123,0.8674849430152964,0.13251505698470353
