accepted_species,0,1
t45,0.7574811,0.24251889
t68,0.79533315,0.20466688
t69,0.7574811,0.24251889
t95,0.7663152,0.23368481
t137,0.56321883,0.4367812
t139,0.65909845,0.34090155
t154,0.8072072,0.19279279
t162,0.5619559,0.43804404
t166,0.5619559,0.43804404
t167,0.5619559,0.43804404
