accepted_species,0,1
t45,0.13282603,0.86717397
t68,0.97197676,0.02802324
t69,0.40632427,0.59367573
t95,0.29437333,0.70562667
t137,0.33432567,0.6656743
t139,0.6009626,0.39903742
t154,0.5708809,0.42911914
t162,0.89437664,0.10562338
t166,0.9043341,0.095665865
t167,0.93294835,0.06705165
