accepted_species,0,1
t83,0.1556553005862601,0.8443446994137399
t55,0.5802740826518669,0.4197259173481331
t14,0.6361852722165457,0.36381472778345425
t27,0.6482519437306249,0.35174805626937516
t23,0.5804495090741792,0.41955049092582075
t9,0.5112810471668023,0.4887189528331977
t59,0.6052515224409027,0.3947484775590972
t37,0.7824293138221046,0.21757068617789538
t21,0.6825062508176414,0.3174937491823586
t3,0.6302630386073225,0.36973696139267753
