accepted_species,0,1
t83,0.018384397,0.9816156
t55,0.7111318,0.28886816
t14,0.7458644,0.25413558
t27,0.98977345,0.010226546
t23,0.27581394,0.72418606
t9,0.06643134,0.93356866
t59,0.2462933,0.7537067
t37,0.9748124,0.02518761
t21,0.5346801,0.46531987
t3,0.10215777,0.8978422
