accepted_species,0,1
t83,0.10199404,0.89800596
t55,0.86287034,0.13712966
t14,0.80970013,0.19029985
t27,0.44833916,0.55166084
t23,0.86287034,0.13712966
t9,0.17593563,0.8240644
t59,0.22045618,0.7795438
t37,0.42426217,0.57573783
t21,0.10199404,0.89800596
t3,0.10199404,0.89800596
