accepted_species,0,1
Vangueria_schliebenii,0.6789427,0.32105735
Euclinia_longiflora,0.724479,0.27552098
Ixora_sabangensis,0.92318195,0.07681805
Ixora_lacuum,0.92318195,0.07681805
Mussaenda_benguetensis,0.97409236,0.025907662
Rutidea_hispida,0.8965114,0.103488624
Randia_amazonasensis,0.724479,0.27552098
Tricalysia_delagoensis,0.92318195,0.07681805
Sabicea_exellii,0.97409236,0.025907662
Posoqueria_longiflora,0.90623564,0.09376435
