accepted_species,0,1
t10,0.02185009132534943,0.9781499086746506
t32,0.1455197337841193,0.8544802662158807
t50,0.15062180627448207,0.8493781937255179
t83,0.23510696661742947,0.7648930333825705
t41,0.8187165737894624,0.18128342621053758
t87,0.7003206376712707,0.2996793623287293
t62,0.5558266106213887,0.44417338937861134
t85,0.6789933658740707,0.32100663412592934
t64,0.8271977244235909,0.17280227557640915
t74,0.6088634270652677,0.3911365729347322
