"accepted_species","0","1"
"t10","0.152203621983265","0.847796378016735"
"t32","0.045269040976067","0.954730959023933"
"t50","0.0866393444042551","0.913360655595745"
"t83","0.00075875847285756","0.999241241527142"
"t41","0.990242188436915","0.00975781156308458"
"t87","0.821666004208392","0.178333995791608"
"t62","0.999484682926052","0.0005153170739485"
"t85","0.999731161303255","0.000268838696744491"
"t64","0.993031871478459","0.00696812852154104"
"t74","0.425514089907088","0.574485910092912"
