accepted_species,estimate
t3,3.1994767895162513
t25,5.808896302877015
t93,6.771368920039927
t94,6.771368920039926
t41,6.496448230657816
t42,6.4964482306578155
t40,6.471932768849548
t43,5.373178967734962
t44,5.373178967734951
t7,3.6959602775689566
