accepted_species,0,1
t86,0.9852928,0.014707219
t128,0.9852928,0.014707219
t114,0.9852928,0.014707219
t32,0.76666856,0.23333147
t141,0.58855015,0.41144985
t53,0.11436707,0.88563293
t25,0.76666856,0.23333147
t80,0.11436707,0.88563293
t150,0.91636705,0.08363296
t151,0.91636705,0.08363296
t108,0.69386405,0.30613595
t109,0.6264534,0.37354663
t119,0.6264534,0.37354663
t120,0.6264534,0.37354663
t48,0.8433341,0.15666589
