accepted_species,0,1
t18,0.02994734,0.97005266
t19,0.02994734,0.97005266
t58,0.06641847,0.93358153
t98,0.06641847,0.93358153
t121,0.9674773,0.03252268
t16,0.28796047,0.71203953
t69,0.021849632,0.97815037
t117,0.021849632,0.97815037
t33,0.021849632,0.97815037
t51,0.39421332,0.6057867
t131,0.43976396,0.56023604
t78,0.5947994,0.40520063
t5,0.03746897,0.96253103
t64,0.9645031,0.03549687
