accepted_species,0,1
t18,0.0064655542,0.99353445
t19,0.012773097,0.9872269
t58,0.011910498,0.9880895
t98,0.79926896,0.20073105
t121,0.9905878,0.009412203
t16,0.02065432,0.9793457
t69,0.02210766,0.97789234
t117,0.026088417,0.9739116
t33,0.021303415,0.9786966
t51,0.033752084,0.9662479
t131,0.033752084,0.9662479
t78,0.058695734,0.94130427
t5,0.0064655542,0.99353445
t64,0.99447364,0.005526347
