"accepted_species","0","1"
"t38",0.0520826065923569,0.947917393407643
"t44",0.0504796447585451,0.949520355241455
"t59",0.0539177783306687,0.946082221669331
"t60",0.0539177783306687,0.946082221669331
"t69",0.0303878827332609,0.969612117266739
"t77",0.0247267528737455,0.975273247126255
"t87",0.0191541639491667,0.980845836050833
"t91",0.0146612111935064,0.985338788806494
"t104",0.0102701327787577,0.989729867221242
"t106",0.000835018255921608,0.999164981744078
