accepted_species,0,1
t38,0.0462189185149523,0.9537810814850477
t44,0.05555318790357899,0.944446812096421
t59,0.04900858674705788,0.9509914132529421
t60,0.04900858674705788,0.9509914132529421
t69,0.05307848082800992,0.9469215191719901
t77,0.04595055725804076,0.9540494427419592
t87,0.09500853212956939,0.9049914678704306
t91,0.040103285308915715,0.9598967146910843
t104,0.046167559263966984,0.953832440736033
t106,0.04009667317433652,0.9599033268256635
