accepted_species,0,1
t89,0.30934939376833315,0.6906506062316669
t100,0.3104453432249237,0.6895546567750763
t102,0.3101117928041811,0.6898882071958189
t188,0.31013702877645055,0.6898629712235494
t189,0.310164521371433,0.689835478628567
t209,0.31030735145379296,0.689692648546207
t210,0.3086051150931012,0.6913948849068988
t211,0.3086087114018188,0.6913912885981812
t212,0.31031752723411266,0.6896824727658873
t213,0.31031832113271896,0.689681678867281
