accepted_species,0,1
t38,0.039035721412526425,0.9609642785874736
t44,0.03660991954618087,0.9633900804538191
t59,0.03210534812185317,0.9678946518781468
t60,0.03305689777583398,0.966943102224166
t69,0.03818206067139851,0.9618179393286015
t77,0.035399182902459025,0.964600817097541
t87,0.1434605250256651,0.8565394749743349
t91,0.033598605886188126,0.9664013941138119
t104,0.03849714488660738,0.9615028551133926
t106,0.03353835302103736,0.9664616469789626
