accepted_species,0,1
t38,0.04728276899476902,0.952717231005231
t44,0.047642854360365416,0.9523571456396346
t59,0.06290511314986491,0.9370948868501351
t60,0.06305411174809172,0.9369458882519083
t69,0.06373741420580392,0.9362625857941961
t77,0.04699065602395125,0.9530093439760488
t87,0.06255169484358092,0.9374483051564191
t91,0.04618581415700129,0.9538141858429987
t104,0.0466319735930234,0.9533680264069766
t106,0.046160743506996504,0.9538392564930035
