accepted_species,0,1
t89,0.31410482430835085,0.6858951756916492
t100,0.3139908786474961,0.6860091213525039
t102,0.3140038649362792,0.6859961350637208
t188,0.3141526808997025,0.6858473191002975
t189,0.31399819168850795,0.686001808311492
t209,0.31409556483720436,0.6859044351627956
t210,0.31417374891569483,0.6858262510843052
t211,0.3140557946316622,0.6859442053683378
t212,0.3140811612370158,0.6859188387629842
t213,0.31410269776599764,0.6858973022340024
