accepted_species,0,1
t38,0.008518915575086883,0.9914810844249131
t44,0.12794135357872283,0.8720586464212772
t59,0.03222943330708461,0.9677705666929154
t60,0.030310469262615825,0.9696895307373842
t69,0.028135549345204014,0.971864450654796
t77,0.0030477010458636045,0.9969522989541364
t87,0.03879031204230843,0.9612096879576916
t91,0.006194519700849721,0.9938054802991503
t104,0.004073649564715565,0.9959263504352844
t106,0.006245154493079386,0.9937548455069206
