accepted_species,0,1
t38,0.033019066,0.96698093
t44,0.020883024,0.979117
t59,0.015780509,0.9842195
t60,0.015780509,0.9842195
t69,0.18322378,0.8167762
t77,0.0130524635,0.98694754
t87,0.0022866726,0.9977133
t91,0.02832222,0.9716778
t104,0.019001901,0.9809981
t106,0.02832222,0.9716778
