"","t22","t23","t41","t42","t13","t95","t96","t78","t79","t62","t21","t97","t98","t65","t75","t76","t8","t9","t45","t46","t34","t28","t68","t80","t81","t27","t57","t58","t6","t1","t3","t11","t60","t61","t12","t43","t53","t54","t48","t49","t37","t25","t24","t72","t73","t17","t55","t87","t88","t59","t5","t4","t70","t71","t32","t33","t2","t39","t40","t93","t94","t18","t66","t67","t15","t50","t51","t7","t44","t89","t90","t74","t29","t77","t82","t83","t10","t84","t91","t92","t26","t63","t64","t30","t31","t16","t35","t36","t52","t99","t100","t56","t38","t85","t86","t69","t47","t19","t20","t14"
"t22",0,1.4290971924,2.2854520068,2.2854520068,2.2854520065,4.44584425031,4.44584425031,4.44584425041,4.44584425041,4.4458442504,4.4458442503,4.44584425031,4.44584425031,4.4458442503,4.4458442503,4.4458442503,4.44584425055,4.44584425055,4.4458442507,4.4458442507,4.4458442507,5.3799753583,5.3799753583,5.3799753583,5.3799753583,5.3799753579,5.3799753579,5.3799753579,5.379975358,5.3799753586,5.3799753585,5.3799753583,5.37997535833,5.37997535833,5.37997535823,5.3799753583,5.37997535824,5.37997535824,5.37997535828,5.37997535828,5.37997535828,5.37997535828,5.3799753583,5.3799753584,5.3799753584,5.3799753584,5.3799753584,5.37997535831,5.37997535831,5.3799753584,5.3799753588,5.3799753588,5.3799753581,5.3799753581,5.55655874183,5.55655874183,5.5565587425,5.5565587423,5.5565587423,5.55655874231,5.55655874231,5.5565587423,5.5565587423,5.5565587423,5.5565587423,5.5565587422,5.5565587422,5.5565587421,5.55655874227,5.55655874226,5.55655874226,5.55655874227,5.55655874227,5.55655874227,5.55655874224,5.55655874224,5.55655874277,5.55655874207,5.55655874205,5.55655874205,5.55655874197,5.55655874197,5.55655874197,5.55655874194,5.55655874194,5.55655874217,5.55655874227,5.55655874227,5.55655874227,5.556558742232,5.556558742232,5.55655874228,5.55655874227,5.55655874236,5.55655874236,5.55655874237,5.55655874227,6.28562785063,6.28562785063,6.28562785073
"t23",1.4290971924,0,2.2854520068,2.2854520068,2.2854520065,4.44584425031,4.44584425031,4.44584425041,4.44584425041,4.4458442504,4.4458442503,4.44584425031,4.44584425031,4.4458442503,4.4458442503,4.4458442503,4.44584425055,4.44584425055,4.4458442507,4.4458442507,4.4458442507,5.3799753583,5.3799753583,5.3799753583,5.3799753583,5.3799753579,5.3799753579,5.3799753579,5.379975358,5.3799753586,5.3799753585,5.3799753583,5.37997535833,5.37997535833,5.37997535823,5.3799753583,5.37997535824,5.37997535824,5.37997535828,5.37997535828,5.37997535828,5.37997535828,5.3799753583,5.3799753584,5.3799753584,5.3799753584,5.3799753584,5.37997535831,5.37997535831,5.3799753584,5.3799753588,5.3799753588,5.3799753581,5.3799753581,5.55655874183,5.55655874183,5.5565587425,5.5565587423,5.5565587423,5.55655874231,5.55655874231,5.5565587423,5.5565587423,5.5565587423,5.5565587423,5.5565587422,5.5565587422,5.5565587421,5.55655874227,5.55655874226,5.55655874226,5.55655874227,5.55655874227,5.55655874227,5.55655874224,5.55655874224,5.55655874277,5.55655874207,5.55655874205,5.55655874205,5.55655874197,5.55655874197,5.55655874197,5.55655874194,5.55655874194,5.55655874217,5.55655874227,5.55655874227,5.55655874227,5.556558742232,5.556558742232,5.55655874228,5.55655874227,5.55655874236,5.55655874236,5.55655874237,5.55655874227,6.28562785063,6.28562785063,6.28562785073
"t41",2.2854520068,2.2854520068,0,0.6896584298,2.0093540963,4.44584425031,4.44584425031,4.44584425041,4.44584425041,4.4458442504,4.4458442503,4.44584425031,4.44584425031,4.4458442503,4.4458442503,4.4458442503,4.44584425055,4.44584425055,4.4458442507,4.4458442507,4.4458442507,5.3799753583,5.3799753583,5.3799753583,5.3799753583,5.3799753579,5.3799753579,5.3799753579,5.379975358,5.3799753586,5.3799753585,5.3799753583,5.37997535833,5.37997535833,5.37997535823,5.3799753583,5.37997535824,5.37997535824,5.37997535828,5.37997535828,5.37997535828,5.37997535828,5.3799753583,5.3799753584,5.3799753584,5.3799753584,5.3799753584,5.37997535831,5.37997535831,5.3799753584,5.3799753588,5.3799753588,5.3799753581,5.3799753581,5.55655874183,5.55655874183,5.5565587425,5.5565587423,5.5565587423,5.55655874231,5.55655874231,5.5565587423,5.5565587423,5.5565587423,5.5565587423,5.5565587422,5.5565587422,5.5565587421,5.55655874227,5.55655874226,5.55655874226,5.55655874227,5.55655874227,5.55655874227,5.55655874224,5.55655874224,5.55655874277,5.55655874207,5.55655874205,5.55655874205,5.55655874197,5.55655874197,5.55655874197,5.55655874194,5.55655874194,5.55655874217,5.55655874227,5.55655874227,5.55655874227,5.556558742232,5.556558742232,5.55655874228,5.55655874227,5.55655874236,5.55655874236,5.55655874237,5.55655874227,6.28562785063,6.28562785063,6.28562785073
"t42",2.2854520068,2.2854520068,0.6896584298,0,2.0093540963,4.44584425031,4.44584425031,4.44584425041,4.44584425041,4.4458442504,4.4458442503,4.44584425031,4.44584425031,4.4458442503,4.4458442503,4.4458442503,4.44584425055,4.44584425055,4.4458442507,4.4458442507,4.4458442507,5.3799753583,5.3799753583,5.3799753583,5.3799753583,5.3799753579,5.3799753579,5.3799753579,5.379975358,5.3799753586,5.3799753585,5.3799753583,5.37997535833,5.37997535833,5.37997535823,5.3799753583,5.37997535824,5.37997535824,5.37997535828,5.37997535828,5.37997535828,5.37997535828,5.3799753583,5.3799753584,5.3799753584,5.3799753584,5.3799753584,5.37997535831,5.37997535831,5.3799753584,5.3799753588,5.3799753588,5.3799753581,5.3799753581,5.55655874183,5.55655874183,5.5565587425,5.5565587423,5.5565587423,5.55655874231,5.55655874231,5.5565587423,5.5565587423,5.5565587423,5.5565587423,5.5565587422,5.5565587422,5.5565587421,5.55655874227,5.55655874226,5.55655874226,5.55655874227,5.55655874227,5.55655874227,5.55655874224,5.55655874224,5.55655874277,5.55655874207,5.55655874205,5.55655874205,5.55655874197,5.55655874197,5.55655874197,5.55655874194,5.55655874194,5.55655874217,5.55655874227,5.55655874227,5.55655874227,5.556558742232,5.556558742232,5.55655874228,5.55655874227,5.55655874236,5.55655874236,5.55655874237,5.55655874227,6.28562785063,6.28562785063,6.28562785073
"t13",2.2854520065,2.2854520065,2.0093540963,2.0093540963,0,4.44584425001,4.44584425001,4.44584425011,4.44584425011,4.4458442501,4.44584425,4.44584425001,4.44584425001,4.44584425,4.44584425,4.44584425,4.44584425025,4.44584425025,4.4458442504,4.4458442504,4.4458442504,5.379975358,5.379975358,5.379975358,5.379975358,5.3799753576,5.3799753576,5.3799753576,5.3799753577,5.3799753583,5.3799753582,5.379975358,5.37997535803,5.37997535803,5.37997535793,5.379975358,5.37997535794,5.37997535794,5.37997535798,5.37997535798,5.37997535798,5.37997535798,5.379975358,5.3799753581,5.3799753581,5.3799753581,5.3799753581,5.37997535801,5.37997535801,5.3799753581,5.3799753585,5.3799753585,5.3799753578,5.3799753578,5.55655874153,5.55655874153,5.5565587422,5.556558742,5.556558742,5.55655874201,5.55655874201,5.556558742,5.556558742,5.556558742,5.556558742,5.5565587419,5.5565587419,5.5565587418,5.55655874197,5.55655874196,5.55655874196,5.55655874197,5.55655874197,5.55655874197,5.55655874194,5.55655874194,5.55655874247,5.55655874177,5.55655874175,5.55655874175,5.55655874167,5.55655874167,5.55655874167,5.55655874164,5.55655874164,5.55655874187,5.55655874197,5.55655874197,5.55655874197,5.556558741932,5.556558741932,5.55655874198,5.55655874197,5.55655874206,5.55655874206,5.55655874207,5.55655874197,6.28562785033,6.28562785033,6.28562785043
"t95",4.44584425031,4.44584425031,4.44584425031,4.44584425031,4.44584425001,0,0.06515188962,1.72942413412,1.72942413412,1.72942413411,2.65533285161,2.65533285162,2.65533285162,2.65533285161,2.65533285161,2.65533285161,2.65533285186,2.65533285186,3.75765147441,3.75765147441,3.75765147441,5.37997535781,5.37997535781,5.37997535781,5.37997535781,5.37997535741,5.37997535741,5.37997535741,5.37997535751,5.37997535811,5.37997535801,5.37997535781,5.37997535784,5.37997535784,5.37997535774,5.37997535781,5.37997535775,5.37997535775,5.37997535779,5.37997535779,5.37997535779,5.37997535779,5.37997535781,5.37997535791,5.37997535791,5.37997535791,5.37997535791,5.37997535782,5.37997535782,5.37997535791,5.37997535831,5.37997535831,5.37997535761,5.37997535761,5.55655874134,5.55655874134,5.55655874201,5.55655874181,5.55655874181,5.55655874182,5.55655874182,5.55655874181,5.55655874181,5.55655874181,5.55655874181,5.55655874171,5.55655874171,5.55655874161,5.55655874178,5.55655874177,5.55655874177,5.55655874178,5.55655874178,5.55655874178,5.55655874175,5.55655874175,5.55655874228,5.55655874158,5.55655874156,5.55655874156,5.55655874148,5.55655874148,5.55655874148,5.55655874145,5.55655874145,5.55655874168,5.55655874178,5.55655874178,5.55655874178,5.556558741742,5.556558741742,5.55655874179,5.55655874178,5.55655874187,5.55655874187,5.55655874188,5.55655874178,6.28562785014,6.28562785014,6.28562785024
"t96",4.44584425031,4.44584425031,4.44584425031,4.44584425031,4.44584425001,0.06515188962,0,1.72942413412,1.72942413412,1.72942413411,2.65533285161,2.65533285162,2.65533285162,2.65533285161,2.65533285161,2.65533285161,2.65533285186,2.65533285186,3.75765147441,3.75765147441,3.75765147441,5.37997535781,5.37997535781,5.37997535781,5.37997535781,5.37997535741,5.37997535741,5.37997535741,5.37997535751,5.37997535811,5.37997535801,5.37997535781,5.37997535784,5.37997535784,5.37997535774,5.37997535781,5.37997535775,5.37997535775,5.37997535779,5.37997535779,5.37997535779,5.37997535779,5.37997535781,5.37997535791,5.37997535791,5.37997535791,5.37997535791,5.37997535782,5.37997535782,5.37997535791,5.37997535831,5.37997535831,5.37997535761,5.37997535761,5.55655874134,5.55655874134,5.55655874201,5.55655874181,5.55655874181,5.55655874182,5.55655874182,5.55655874181,5.55655874181,5.55655874181,5.55655874181,5.55655874171,5.55655874171,5.55655874161,5.55655874178,5.55655874177,5.55655874177,5.55655874178,5.55655874178,5.55655874178,5.55655874175,5.55655874175,5.55655874228,5.55655874158,5.55655874156,5.55655874156,5.55655874148,5.55655874148,5.55655874148,5.55655874145,5.55655874145,5.55655874168,5.55655874178,5.55655874178,5.55655874178,5.556558741742,5.556558741742,5.55655874179,5.55655874178,5.55655874187,5.55655874187,5.55655874188,5.55655874178,6.28562785014,6.28562785014,6.28562785024
"t78",4.44584425041,4.44584425041,4.44584425041,4.44584425041,4.44584425011,1.72942413412,1.72942413412,0,0.2568019188,0.39134953441,2.65533285171,2.65533285172,2.65533285172,2.65533285171,2.65533285171,2.65533285171,2.65533285196,2.65533285196,3.75765147451,3.75765147451,3.75765147451,5.37997535791,5.37997535791,5.37997535791,5.37997535791,5.37997535751,5.37997535751,5.37997535751,5.37997535761,5.37997535821,5.37997535811,5.37997535791,5.37997535794,5.37997535794,5.37997535784,5.37997535791,5.37997535785,5.37997535785,5.37997535789,5.37997535789,5.37997535789,5.37997535789,5.37997535791,5.37997535801,5.37997535801,5.37997535801,5.37997535801,5.37997535792,5.37997535792,5.37997535801,5.37997535841,5.37997535841,5.37997535771,5.37997535771,5.55655874144,5.55655874144,5.55655874211,5.55655874191,5.55655874191,5.55655874192,5.55655874192,5.55655874191,5.55655874191,5.55655874191,5.55655874191,5.55655874181,5.55655874181,5.55655874171,5.55655874188,5.55655874187,5.55655874187,5.55655874188,5.55655874188,5.55655874188,5.55655874185,5.55655874185,5.55655874238,5.55655874168,5.55655874166,5.55655874166,5.55655874158,5.55655874158,5.55655874158,5.55655874155,5.55655874155,5.55655874178,5.55655874188,5.55655874188,5.55655874188,5.556558741842,5.556558741842,5.55655874189,5.55655874188,5.55655874197,5.55655874197,5.55655874198,5.55655874188,6.28562785024,6.28562785024,6.28562785034
"t79",4.44584425041,4.44584425041,4.44584425041,4.44584425041,4.44584425011,1.72942413412,1.72942413412,0.2568019188,0,0.39134953441,2.65533285171,2.65533285172,2.65533285172,2.65533285171,2.65533285171,2.65533285171,2.65533285196,2.65533285196,3.75765147451,3.75765147451,3.75765147451,5.37997535791,5.37997535791,5.37997535791,5.37997535791,5.37997535751,5.37997535751,5.37997535751,5.37997535761,5.37997535821,5.37997535811,5.37997535791,5.37997535794,5.37997535794,5.37997535784,5.37997535791,5.37997535785,5.37997535785,5.37997535789,5.37997535789,5.37997535789,5.37997535789,5.37997535791,5.37997535801,5.37997535801,5.37997535801,5.37997535801,5.37997535792,5.37997535792,5.37997535801,5.37997535841,5.37997535841,5.37997535771,5.37997535771,5.55655874144,5.55655874144,5.55655874211,5.55655874191,5.55655874191,5.55655874192,5.55655874192,5.55655874191,5.55655874191,5.55655874191,5.55655874191,5.55655874181,5.55655874181,5.55655874171,5.55655874188,5.55655874187,5.55655874187,5.55655874188,5.55655874188,5.55655874188,5.55655874185,5.55655874185,5.55655874238,5.55655874168,5.55655874166,5.55655874166,5.55655874158,5.55655874158,5.55655874158,5.55655874155,5.55655874155,5.55655874178,5.55655874188,5.55655874188,5.55655874188,5.556558741842,5.556558741842,5.55655874189,5.55655874188,5.55655874197,5.55655874197,5.55655874198,5.55655874188,6.28562785024,6.28562785024,6.28562785034
"t62",4.4458442504,4.4458442504,4.4458442504,4.4458442504,4.4458442501,1.72942413411,1.72942413411,0.39134953441,0.39134953441,0,2.6553328517,2.65533285171,2.65533285171,2.6553328517,2.6553328517,2.6553328517,2.65533285195,2.65533285195,3.7576514745,3.7576514745,3.7576514745,5.3799753579,5.3799753579,5.3799753579,5.3799753579,5.3799753575,5.3799753575,5.3799753575,5.3799753576,5.3799753582,5.3799753581,5.3799753579,5.37997535793,5.37997535793,5.37997535783,5.3799753579,5.37997535784,5.37997535784,5.37997535788,5.37997535788,5.37997535788,5.37997535788,5.3799753579,5.379975358,5.379975358,5.379975358,5.379975358,5.37997535791,5.37997535791,5.379975358,5.3799753584,5.3799753584,5.3799753577,5.3799753577,5.55655874143,5.55655874143,5.5565587421,5.5565587419,5.5565587419,5.55655874191,5.55655874191,5.5565587419,5.5565587419,5.5565587419,5.5565587419,5.5565587418,5.5565587418,5.5565587417,5.55655874187,5.55655874186,5.55655874186,5.55655874187,5.55655874187,5.55655874187,5.55655874184,5.55655874184,5.55655874237,5.55655874167,5.55655874165,5.55655874165,5.55655874157,5.55655874157,5.55655874157,5.55655874154,5.55655874154,5.55655874177,5.55655874187,5.55655874187,5.55655874187,5.556558741832,5.556558741832,5.55655874188,5.55655874187,5.55655874196,5.55655874196,5.55655874197,5.55655874187,6.28562785023,6.28562785023,6.28562785033
"t21",4.4458442503,4.4458442503,4.4458442503,4.4458442503,4.44584425,2.65533285161,2.65533285161,2.65533285171,2.65533285171,2.6553328517,0,1.46678974861,1.46678974861,1.4667897486,1.4667897486,1.4667897486,2.38457464065,2.38457464065,3.7576514744,3.7576514744,3.7576514744,5.3799753578,5.3799753578,5.3799753578,5.3799753578,5.3799753574,5.3799753574,5.3799753574,5.3799753575,5.3799753581,5.379975358,5.3799753578,5.37997535783,5.37997535783,5.37997535773,5.3799753578,5.37997535774,5.37997535774,5.37997535778,5.37997535778,5.37997535778,5.37997535778,5.3799753578,5.3799753579,5.3799753579,5.3799753579,5.3799753579,5.37997535781,5.37997535781,5.3799753579,5.3799753583,5.3799753583,5.3799753576,5.3799753576,5.55655874133,5.55655874133,5.556558742,5.5565587418,5.5565587418,5.55655874181,5.55655874181,5.5565587418,5.5565587418,5.5565587418,5.5565587418,5.5565587417,5.5565587417,5.5565587416,5.55655874177,5.55655874176,5.55655874176,5.55655874177,5.55655874177,5.55655874177,5.55655874174,5.55655874174,5.55655874227,5.55655874157,5.55655874155,5.55655874155,5.55655874147,5.55655874147,5.55655874147,5.55655874144,5.55655874144,5.55655874167,5.55655874177,5.55655874177,5.55655874177,5.556558741732,5.556558741732,5.55655874178,5.55655874177,5.55655874186,5.55655874186,5.55655874187,5.55655874177,6.28562785013,6.28562785013,6.28562785023
"t97",4.44584425031,4.44584425031,4.44584425031,4.44584425031,4.44584425001,2.65533285162,2.65533285162,2.65533285172,2.65533285172,2.65533285171,1.46678974861,0,0.02994540662,0.36389494001,0.97700582481,0.97700582481,2.38457464066,2.38457464066,3.75765147441,3.75765147441,3.75765147441,5.37997535781,5.37997535781,5.37997535781,5.37997535781,5.37997535741,5.37997535741,5.37997535741,5.37997535751,5.37997535811,5.37997535801,5.37997535781,5.37997535784,5.37997535784,5.37997535774,5.37997535781,5.37997535775,5.37997535775,5.37997535779,5.37997535779,5.37997535779,5.37997535779,5.37997535781,5.37997535791,5.37997535791,5.37997535791,5.37997535791,5.37997535782,5.37997535782,5.37997535791,5.37997535831,5.37997535831,5.37997535761,5.37997535761,5.55655874134,5.55655874134,5.55655874201,5.55655874181,5.55655874181,5.55655874182,5.55655874182,5.55655874181,5.55655874181,5.55655874181,5.55655874181,5.55655874171,5.55655874171,5.55655874161,5.55655874178,5.55655874177,5.55655874177,5.55655874178,5.55655874178,5.55655874178,5.55655874175,5.55655874175,5.55655874228,5.55655874158,5.55655874156,5.55655874156,5.55655874148,5.55655874148,5.55655874148,5.55655874145,5.55655874145,5.55655874168,5.55655874178,5.55655874178,5.55655874178,5.556558741742,5.556558741742,5.55655874179,5.55655874178,5.55655874187,5.55655874187,5.55655874188,5.55655874178,6.28562785014,6.28562785014,6.28562785024
"t98",4.44584425031,4.44584425031,4.44584425031,4.44584425031,4.44584425001,2.65533285162,2.65533285162,2.65533285172,2.65533285172,2.65533285171,1.46678974861,0.02994540662,0,0.36389494001,0.97700582481,0.97700582481,2.38457464066,2.38457464066,3.75765147441,3.75765147441,3.75765147441,5.37997535781,5.37997535781,5.37997535781,5.37997535781,5.37997535741,5.37997535741,5.37997535741,5.37997535751,5.37997535811,5.37997535801,5.37997535781,5.37997535784,5.37997535784,5.37997535774,5.37997535781,5.37997535775,5.37997535775,5.37997535779,5.37997535779,5.37997535779,5.37997535779,5.37997535781,5.37997535791,5.37997535791,5.37997535791,5.37997535791,5.37997535782,5.37997535782,5.37997535791,5.37997535831,5.37997535831,5.37997535761,5.37997535761,5.55655874134,5.55655874134,5.55655874201,5.55655874181,5.55655874181,5.55655874182,5.55655874182,5.55655874181,5.55655874181,5.55655874181,5.55655874181,5.55655874171,5.55655874171,5.55655874161,5.55655874178,5.55655874177,5.55655874177,5.55655874178,5.55655874178,5.55655874178,5.55655874175,5.55655874175,5.55655874228,5.55655874158,5.55655874156,5.55655874156,5.55655874148,5.55655874148,5.55655874148,5.55655874145,5.55655874145,5.55655874168,5.55655874178,5.55655874178,5.55655874178,5.556558741742,5.556558741742,5.55655874179,5.55655874178,5.55655874187,5.55655874187,5.55655874188,5.55655874178,6.28562785014,6.28562785014,6.28562785024
"t65",4.4458442503,4.4458442503,4.4458442503,4.4458442503,4.44584425,2.65533285161,2.65533285161,2.65533285171,2.65533285171,2.6553328517,1.4667897486,0.36389494001,0.36389494001,0,0.9770058248,0.9770058248,2.38457464065,2.38457464065,3.7576514744,3.7576514744,3.7576514744,5.3799753578,5.3799753578,5.3799753578,5.3799753578,5.3799753574,5.3799753574,5.3799753574,5.3799753575,5.3799753581,5.379975358,5.3799753578,5.37997535783,5.37997535783,5.37997535773,5.3799753578,5.37997535774,5.37997535774,5.37997535778,5.37997535778,5.37997535778,5.37997535778,5.3799753578,5.3799753579,5.3799753579,5.3799753579,5.3799753579,5.37997535781,5.37997535781,5.3799753579,5.3799753583,5.3799753583,5.3799753576,5.3799753576,5.55655874133,5.55655874133,5.556558742,5.5565587418,5.5565587418,5.55655874181,5.55655874181,5.5565587418,5.5565587418,5.5565587418,5.5565587418,5.5565587417,5.5565587417,5.5565587416,5.55655874177,5.55655874176,5.55655874176,5.55655874177,5.55655874177,5.55655874177,5.55655874174,5.55655874174,5.55655874227,5.55655874157,5.55655874155,5.55655874155,5.55655874147,5.55655874147,5.55655874147,5.55655874144,5.55655874144,5.55655874167,5.55655874177,5.55655874177,5.55655874177,5.556558741732,5.556558741732,5.55655874178,5.55655874177,5.55655874186,5.55655874186,5.55655874187,5.55655874177,6.28562785013,6.28562785013,6.28562785023
"t75",4.4458442503,4.4458442503,4.4458442503,4.4458442503,4.44584425,2.65533285161,2.65533285161,2.65533285171,2.65533285171,2.6553328517,1.4667897486,0.97700582481,0.97700582481,0.9770058248,0,0.300595799,2.38457464065,2.38457464065,3.7576514744,3.7576514744,3.7576514744,5.3799753578,5.3799753578,5.3799753578,5.3799753578,5.3799753574,5.3799753574,5.3799753574,5.3799753575,5.3799753581,5.379975358,5.3799753578,5.37997535783,5.37997535783,5.37997535773,5.3799753578,5.37997535774,5.37997535774,5.37997535778,5.37997535778,5.37997535778,5.37997535778,5.3799753578,5.3799753579,5.3799753579,5.3799753579,5.3799753579,5.37997535781,5.37997535781,5.3799753579,5.3799753583,5.3799753583,5.3799753576,5.3799753576,5.55655874133,5.55655874133,5.556558742,5.5565587418,5.5565587418,5.55655874181,5.55655874181,5.5565587418,5.5565587418,5.5565587418,5.5565587418,5.5565587417,5.5565587417,5.5565587416,5.55655874177,5.55655874176,5.55655874176,5.55655874177,5.55655874177,5.55655874177,5.55655874174,5.55655874174,5.55655874227,5.55655874157,5.55655874155,5.55655874155,5.55655874147,5.55655874147,5.55655874147,5.55655874144,5.55655874144,5.55655874167,5.55655874177,5.55655874177,5.55655874177,5.556558741732,5.556558741732,5.55655874178,5.55655874177,5.55655874186,5.55655874186,5.55655874187,5.55655874177,6.28562785013,6.28562785013,6.28562785023
"t76",4.4458442503,4.4458442503,4.4458442503,4.4458442503,4.44584425,2.65533285161,2.65533285161,2.65533285171,2.65533285171,2.6553328517,1.4667897486,0.97700582481,0.97700582481,0.9770058248,0.300595799,0,2.38457464065,2.38457464065,3.7576514744,3.7576514744,3.7576514744,5.3799753578,5.3799753578,5.3799753578,5.3799753578,5.3799753574,5.3799753574,5.3799753574,5.3799753575,5.3799753581,5.379975358,5.3799753578,5.37997535783,5.37997535783,5.37997535773,5.3799753578,5.37997535774,5.37997535774,5.37997535778,5.37997535778,5.37997535778,5.37997535778,5.3799753578,5.3799753579,5.3799753579,5.3799753579,5.3799753579,5.37997535781,5.37997535781,5.3799753579,5.3799753583,5.3799753583,5.3799753576,5.3799753576,5.55655874133,5.55655874133,5.556558742,5.5565587418,5.5565587418,5.55655874181,5.55655874181,5.5565587418,5.5565587418,5.5565587418,5.5565587418,5.5565587417,5.5565587417,5.5565587416,5.55655874177,5.55655874176,5.55655874176,5.55655874177,5.55655874177,5.55655874177,5.55655874174,5.55655874174,5.55655874227,5.55655874157,5.55655874155,5.55655874155,5.55655874147,5.55655874147,5.55655874147,5.55655874144,5.55655874144,5.55655874167,5.55655874177,5.55655874177,5.55655874177,5.556558741732,5.556558741732,5.55655874178,5.55655874177,5.55655874186,5.55655874186,5.55655874187,5.55655874177,6.28562785013,6.28562785013,6.28562785023
"t8",4.44584425055,4.44584425055,4.44584425055,4.44584425055,4.44584425025,2.65533285186,2.65533285186,2.65533285196,2.65533285196,2.65533285195,2.38457464065,2.38457464066,2.38457464066,2.38457464065,2.38457464065,2.38457464065,0,2.263266376,3.75765147465,3.75765147465,3.75765147465,5.37997535805,5.37997535805,5.37997535805,5.37997535805,5.37997535765,5.37997535765,5.37997535765,5.37997535775,5.37997535835,5.37997535825,5.37997535805,5.37997535808,5.37997535808,5.37997535798,5.37997535805,5.37997535799,5.37997535799,5.37997535803,5.37997535803,5.37997535803,5.37997535803,5.37997535805,5.37997535815,5.37997535815,5.37997535815,5.37997535815,5.37997535806,5.37997535806,5.37997535815,5.37997535855,5.37997535855,5.37997535785,5.37997535785,5.55655874158,5.55655874158,5.55655874225,5.55655874205,5.55655874205,5.55655874206,5.55655874206,5.55655874205,5.55655874205,5.55655874205,5.55655874205,5.55655874195,5.55655874195,5.55655874185,5.55655874202,5.55655874201,5.55655874201,5.55655874202,5.55655874202,5.55655874202,5.55655874199,5.55655874199,5.55655874252,5.55655874182,5.5565587418,5.5565587418,5.55655874172,5.55655874172,5.55655874172,5.55655874169,5.55655874169,5.55655874192,5.55655874202,5.55655874202,5.55655874202,5.556558741982,5.556558741982,5.55655874203,5.55655874202,5.55655874211,5.55655874211,5.55655874212,5.55655874202,6.28562785038,6.28562785038,6.28562785048
"t9",4.44584425055,4.44584425055,4.44584425055,4.44584425055,4.44584425025,2.65533285186,2.65533285186,2.65533285196,2.65533285196,2.65533285195,2.38457464065,2.38457464066,2.38457464066,2.38457464065,2.38457464065,2.38457464065,2.263266376,0,3.75765147465,3.75765147465,3.75765147465,5.37997535805,5.37997535805,5.37997535805,5.37997535805,5.37997535765,5.37997535765,5.37997535765,5.37997535775,5.37997535835,5.37997535825,5.37997535805,5.37997535808,5.37997535808,5.37997535798,5.37997535805,5.37997535799,5.37997535799,5.37997535803,5.37997535803,5.37997535803,5.37997535803,5.37997535805,5.37997535815,5.37997535815,5.37997535815,5.37997535815,5.37997535806,5.37997535806,5.37997535815,5.37997535855,5.37997535855,5.37997535785,5.37997535785,5.55655874158,5.55655874158,5.55655874225,5.55655874205,5.55655874205,5.55655874206,5.55655874206,5.55655874205,5.55655874205,5.55655874205,5.55655874205,5.55655874195,5.55655874195,5.55655874185,5.55655874202,5.55655874201,5.55655874201,5.55655874202,5.55655874202,5.55655874202,5.55655874199,5.55655874199,5.55655874252,5.55655874182,5.5565587418,5.5565587418,5.55655874172,5.55655874172,5.55655874172,5.55655874169,5.55655874169,5.55655874192,5.55655874202,5.55655874202,5.55655874202,5.556558741982,5.556558741982,5.55655874203,5.55655874202,5.55655874211,5.55655874211,5.55655874212,5.55655874202,6.28562785038,6.28562785038,6.28562785048
"t45",4.4458442507,4.4458442507,4.4458442507,4.4458442507,4.4458442504,3.75765147441,3.75765147441,3.75765147451,3.75765147451,3.7576514745,3.7576514744,3.75765147441,3.75765147441,3.7576514744,3.7576514744,3.7576514744,3.75765147465,3.75765147465,0,0.6133920504,1.0004104788,5.3799753582,5.3799753582,5.3799753582,5.3799753582,5.3799753578,5.3799753578,5.3799753578,5.3799753579,5.3799753585,5.3799753584,5.3799753582,5.37997535823,5.37997535823,5.37997535813,5.3799753582,5.37997535814,5.37997535814,5.37997535818,5.37997535818,5.37997535818,5.37997535818,5.3799753582,5.3799753583,5.3799753583,5.3799753583,5.3799753583,5.37997535821,5.37997535821,5.3799753583,5.3799753587,5.3799753587,5.379975358,5.379975358,5.55655874173,5.55655874173,5.5565587424,5.5565587422,5.5565587422,5.55655874221,5.55655874221,5.5565587422,5.5565587422,5.5565587422,5.5565587422,5.5565587421,5.5565587421,5.556558742,5.55655874217,5.55655874216,5.55655874216,5.55655874217,5.55655874217,5.55655874217,5.55655874214,5.55655874214,5.55655874267,5.55655874197,5.55655874195,5.55655874195,5.55655874187,5.55655874187,5.55655874187,5.55655874184,5.55655874184,5.55655874207,5.55655874217,5.55655874217,5.55655874217,5.556558742132,5.556558742132,5.55655874218,5.55655874217,5.55655874226,5.55655874226,5.55655874227,5.55655874217,6.28562785053,6.28562785053,6.28562785063
"t46",4.4458442507,4.4458442507,4.4458442507,4.4458442507,4.4458442504,3.75765147441,3.75765147441,3.75765147451,3.75765147451,3.7576514745,3.7576514744,3.75765147441,3.75765147441,3.7576514744,3.7576514744,3.7576514744,3.75765147465,3.75765147465,0.6133920504,0,1.0004104788,5.3799753582,5.3799753582,5.3799753582,5.3799753582,5.3799753578,5.3799753578,5.3799753578,5.3799753579,5.3799753585,5.3799753584,5.3799753582,5.37997535823,5.37997535823,5.37997535813,5.3799753582,5.37997535814,5.37997535814,5.37997535818,5.37997535818,5.37997535818,5.37997535818,5.3799753582,5.3799753583,5.3799753583,5.3799753583,5.3799753583,5.37997535821,5.37997535821,5.3799753583,5.3799753587,5.3799753587,5.379975358,5.379975358,5.55655874173,5.55655874173,5.5565587424,5.5565587422,5.5565587422,5.55655874221,5.55655874221,5.5565587422,5.5565587422,5.5565587422,5.5565587422,5.5565587421,5.5565587421,5.556558742,5.55655874217,5.55655874216,5.55655874216,5.55655874217,5.55655874217,5.55655874217,5.55655874214,5.55655874214,5.55655874267,5.55655874197,5.55655874195,5.55655874195,5.55655874187,5.55655874187,5.55655874187,5.55655874184,5.55655874184,5.55655874207,5.55655874217,5.55655874217,5.55655874217,5.556558742132,5.556558742132,5.55655874218,5.55655874217,5.55655874226,5.55655874226,5.55655874227,5.55655874217,6.28562785053,6.28562785053,6.28562785063
"t34",4.4458442507,4.4458442507,4.4458442507,4.4458442507,4.4458442504,3.75765147441,3.75765147441,3.75765147451,3.75765147451,3.7576514745,3.7576514744,3.75765147441,3.75765147441,3.7576514744,3.7576514744,3.7576514744,3.75765147465,3.75765147465,1.0004104788,1.0004104788,0,5.3799753582,5.3799753582,5.3799753582,5.3799753582,5.3799753578,5.3799753578,5.3799753578,5.3799753579,5.3799753585,5.3799753584,5.3799753582,5.37997535823,5.37997535823,5.37997535813,5.3799753582,5.37997535814,5.37997535814,5.37997535818,5.37997535818,5.37997535818,5.37997535818,5.3799753582,5.3799753583,5.3799753583,5.3799753583,5.3799753583,5.37997535821,5.37997535821,5.3799753583,5.3799753587,5.3799753587,5.379975358,5.379975358,5.55655874173,5.55655874173,5.5565587424,5.5565587422,5.5565587422,5.55655874221,5.55655874221,5.5565587422,5.5565587422,5.5565587422,5.5565587422,5.5565587421,5.5565587421,5.556558742,5.55655874217,5.55655874216,5.55655874216,5.55655874217,5.55655874217,5.55655874217,5.55655874214,5.55655874214,5.55655874267,5.55655874197,5.55655874195,5.55655874195,5.55655874187,5.55655874187,5.55655874187,5.55655874184,5.55655874184,5.55655874207,5.55655874217,5.55655874217,5.55655874217,5.556558742132,5.556558742132,5.55655874218,5.55655874217,5.55655874226,5.55655874226,5.55655874227,5.55655874217,6.28562785053,6.28562785053,6.28562785063
"t28",5.3799753583,5.3799753583,5.3799753583,5.3799753583,5.379975358,5.37997535781,5.37997535781,5.37997535791,5.37997535791,5.3799753579,5.3799753578,5.37997535781,5.37997535781,5.3799753578,5.3799753578,5.3799753578,5.37997535805,5.37997535805,5.3799753582,5.3799753582,5.3799753582,0,1.1507640386,1.1507640386,1.1507640386,4.4423269702,4.4423269702,4.4423269702,4.4423269703,4.9002876203,4.9002876202,4.90028762,4.90028762003,4.90028762003,4.90028761993,4.90028762,4.90028761994,4.90028761994,4.90028761998,4.90028761998,4.90028761998,4.90028761998,4.90028762,4.9002876201,4.9002876201,4.9002876201,4.9002876201,4.90028762001,4.90028762001,4.9002876201,4.9002876205,4.9002876205,4.9002876198,4.9002876198,5.55655874133,5.55655874133,5.556558742,5.5565587418,5.5565587418,5.55655874181,5.55655874181,5.5565587418,5.5565587418,5.5565587418,5.5565587418,5.5565587417,5.5565587417,5.5565587416,5.55655874177,5.55655874176,5.55655874176,5.55655874177,5.55655874177,5.55655874177,5.55655874174,5.55655874174,5.55655874227,5.55655874157,5.55655874155,5.55655874155,5.55655874147,5.55655874147,5.55655874147,5.55655874144,5.55655874144,5.55655874167,5.55655874177,5.55655874177,5.55655874177,5.556558741732,5.556558741732,5.55655874178,5.55655874177,5.55655874186,5.55655874186,5.55655874187,5.55655874177,6.28562785013,6.28562785013,6.28562785023
"t68",5.3799753583,5.3799753583,5.3799753583,5.3799753583,5.379975358,5.37997535781,5.37997535781,5.37997535791,5.37997535791,5.3799753579,5.3799753578,5.37997535781,5.37997535781,5.3799753578,5.3799753578,5.3799753578,5.37997535805,5.37997535805,5.3799753582,5.3799753582,5.3799753582,1.1507640386,0,0.3480670592,0.3480670592,4.4423269702,4.4423269702,4.4423269702,4.4423269703,4.9002876203,4.9002876202,4.90028762,4.90028762003,4.90028762003,4.90028761993,4.90028762,4.90028761994,4.90028761994,4.90028761998,4.90028761998,4.90028761998,4.90028761998,4.90028762,4.9002876201,4.9002876201,4.9002876201,4.9002876201,4.90028762001,4.90028762001,4.9002876201,4.9002876205,4.9002876205,4.9002876198,4.9002876198,5.55655874133,5.55655874133,5.556558742,5.5565587418,5.5565587418,5.55655874181,5.55655874181,5.5565587418,5.5565587418,5.5565587418,5.5565587418,5.5565587417,5.5565587417,5.5565587416,5.55655874177,5.55655874176,5.55655874176,5.55655874177,5.55655874177,5.55655874177,5.55655874174,5.55655874174,5.55655874227,5.55655874157,5.55655874155,5.55655874155,5.55655874147,5.55655874147,5.55655874147,5.55655874144,5.55655874144,5.55655874167,5.55655874177,5.55655874177,5.55655874177,5.556558741732,5.556558741732,5.55655874178,5.55655874177,5.55655874186,5.55655874186,5.55655874187,5.55655874177,6.28562785013,6.28562785013,6.28562785023
"t80",5.3799753583,5.3799753583,5.3799753583,5.3799753583,5.379975358,5.37997535781,5.37997535781,5.37997535791,5.37997535791,5.3799753579,5.3799753578,5.37997535781,5.37997535781,5.3799753578,5.3799753578,5.3799753578,5.37997535805,5.37997535805,5.3799753582,5.3799753582,5.3799753582,1.1507640386,0.3480670592,0,0.2535943436,4.4423269702,4.4423269702,4.4423269702,4.4423269703,4.9002876203,4.9002876202,4.90028762,4.90028762003,4.90028762003,4.90028761993,4.90028762,4.90028761994,4.90028761994,4.90028761998,4.90028761998,4.90028761998,4.90028761998,4.90028762,4.9002876201,4.9002876201,4.9002876201,4.9002876201,4.90028762001,4.90028762001,4.9002876201,4.9002876205,4.9002876205,4.9002876198,4.9002876198,5.55655874133,5.55655874133,5.556558742,5.5565587418,5.5565587418,5.55655874181,5.55655874181,5.5565587418,5.5565587418,5.5565587418,5.5565587418,5.5565587417,5.5565587417,5.5565587416,5.55655874177,5.55655874176,5.55655874176,5.55655874177,5.55655874177,5.55655874177,5.55655874174,5.55655874174,5.55655874227,5.55655874157,5.55655874155,5.55655874155,5.55655874147,5.55655874147,5.55655874147,5.55655874144,5.55655874144,5.55655874167,5.55655874177,5.55655874177,5.55655874177,5.556558741732,5.556558741732,5.55655874178,5.55655874177,5.55655874186,5.55655874186,5.55655874187,5.55655874177,6.28562785013,6.28562785013,6.28562785023
"t81",5.3799753583,5.3799753583,5.3799753583,5.3799753583,5.379975358,5.37997535781,5.37997535781,5.37997535791,5.37997535791,5.3799753579,5.3799753578,5.37997535781,5.37997535781,5.3799753578,5.3799753578,5.3799753578,5.37997535805,5.37997535805,5.3799753582,5.3799753582,5.3799753582,1.1507640386,0.3480670592,0.2535943436,0,4.4423269702,4.4423269702,4.4423269702,4.4423269703,4.9002876203,4.9002876202,4.90028762,4.90028762003,4.90028762003,4.90028761993,4.90028762,4.90028761994,4.90028761994,4.90028761998,4.90028761998,4.90028761998,4.90028761998,4.90028762,4.9002876201,4.9002876201,4.9002876201,4.9002876201,4.90028762001,4.90028762001,4.9002876201,4.9002876205,4.9002876205,4.9002876198,4.9002876198,5.55655874133,5.55655874133,5.556558742,5.5565587418,5.5565587418,5.55655874181,5.55655874181,5.5565587418,5.5565587418,5.5565587418,5.5565587418,5.5565587417,5.5565587417,5.5565587416,5.55655874177,5.55655874176,5.55655874176,5.55655874177,5.55655874177,5.55655874177,5.55655874174,5.55655874174,5.55655874227,5.55655874157,5.55655874155,5.55655874155,5.55655874147,5.55655874147,5.55655874147,5.55655874144,5.55655874144,5.55655874167,5.55655874177,5.55655874177,5.55655874177,5.556558741732,5.556558741732,5.55655874178,5.55655874177,5.55655874186,5.55655874186,5.55655874187,5.55655874177,6.28562785013,6.28562785013,6.28562785023
"t27",5.3799753579,5.3799753579,5.3799753579,5.3799753579,5.3799753576,5.37997535741,5.37997535741,5.37997535751,5.37997535751,5.3799753575,5.3799753574,5.37997535741,5.37997535741,5.3799753574,5.3799753574,5.3799753574,5.37997535765,5.37997535765,5.3799753578,5.3799753578,5.3799753578,4.4423269702,4.4423269702,4.4423269702,4.4423269702,0,1.3099759532,1.3099759532,2.3723294939,4.9002876199,4.9002876198,4.9002876196,4.90028761963,4.90028761963,4.90028761953,4.9002876196,4.90028761954,4.90028761954,4.90028761958,4.90028761958,4.90028761958,4.90028761958,4.9002876196,4.9002876197,4.9002876197,4.9002876197,4.9002876197,4.90028761961,4.90028761961,4.9002876197,4.9002876201,4.9002876201,4.9002876194,4.9002876194,5.55655874093,5.55655874093,5.5565587416,5.5565587414,5.5565587414,5.55655874141,5.55655874141,5.5565587414,5.5565587414,5.5565587414,5.5565587414,5.5565587413,5.5565587413,5.5565587412,5.55655874137,5.55655874136,5.55655874136,5.55655874137,5.55655874137,5.55655874137,5.55655874134,5.55655874134,5.55655874187,5.55655874117,5.55655874115,5.55655874115,5.55655874107,5.55655874107,5.55655874107,5.55655874104,5.55655874104,5.55655874127,5.55655874137,5.55655874137,5.55655874137,5.556558741332,5.556558741332,5.55655874138,5.55655874137,5.55655874146,5.55655874146,5.55655874147,5.55655874137,6.28562784973,6.28562784973,6.28562784983
"t57",5.3799753579,5.3799753579,5.3799753579,5.3799753579,5.3799753576,5.37997535741,5.37997535741,5.37997535751,5.37997535751,5.3799753575,5.3799753574,5.37997535741,5.37997535741,5.3799753574,5.3799753574,5.3799753574,5.37997535765,5.37997535765,5.3799753578,5.3799753578,5.3799753578,4.4423269702,4.4423269702,4.4423269702,4.4423269702,1.3099759532,0,0.465054673,2.3723294939,4.9002876199,4.9002876198,4.9002876196,4.90028761963,4.90028761963,4.90028761953,4.9002876196,4.90028761954,4.90028761954,4.90028761958,4.90028761958,4.90028761958,4.90028761958,4.9002876196,4.9002876197,4.9002876197,4.9002876197,4.9002876197,4.90028761961,4.90028761961,4.9002876197,4.9002876201,4.9002876201,4.9002876194,4.9002876194,5.55655874093,5.55655874093,5.5565587416,5.5565587414,5.5565587414,5.55655874141,5.55655874141,5.5565587414,5.5565587414,5.5565587414,5.5565587414,5.5565587413,5.5565587413,5.5565587412,5.55655874137,5.55655874136,5.55655874136,5.55655874137,5.55655874137,5.55655874137,5.55655874134,5.55655874134,5.55655874187,5.55655874117,5.55655874115,5.55655874115,5.55655874107,5.55655874107,5.55655874107,5.55655874104,5.55655874104,5.55655874127,5.55655874137,5.55655874137,5.55655874137,5.556558741332,5.556558741332,5.55655874138,5.55655874137,5.55655874146,5.55655874146,5.55655874147,5.55655874137,6.28562784973,6.28562784973,6.28562784983
"t58",5.3799753579,5.3799753579,5.3799753579,5.3799753579,5.3799753576,5.37997535741,5.37997535741,5.37997535751,5.37997535751,5.3799753575,5.3799753574,5.37997535741,5.37997535741,5.3799753574,5.3799753574,5.3799753574,5.37997535765,5.37997535765,5.3799753578,5.3799753578,5.3799753578,4.4423269702,4.4423269702,4.4423269702,4.4423269702,1.3099759532,0.465054673,0,2.3723294939,4.9002876199,4.9002876198,4.9002876196,4.90028761963,4.90028761963,4.90028761953,4.9002876196,4.90028761954,4.90028761954,4.90028761958,4.90028761958,4.90028761958,4.90028761958,4.9002876196,4.9002876197,4.9002876197,4.9002876197,4.9002876197,4.90028761961,4.90028761961,4.9002876197,4.9002876201,4.9002876201,4.9002876194,4.9002876194,5.55655874093,5.55655874093,5.5565587416,5.5565587414,5.5565587414,5.55655874141,5.55655874141,5.5565587414,5.5565587414,5.5565587414,5.5565587414,5.5565587413,5.5565587413,5.5565587412,5.55655874137,5.55655874136,5.55655874136,5.55655874137,5.55655874137,5.55655874137,5.55655874134,5.55655874134,5.55655874187,5.55655874117,5.55655874115,5.55655874115,5.55655874107,5.55655874107,5.55655874107,5.55655874104,5.55655874104,5.55655874127,5.55655874137,5.55655874137,5.55655874137,5.556558741332,5.556558741332,5.55655874138,5.55655874137,5.55655874146,5.55655874146,5.55655874147,5.55655874137,6.28562784973,6.28562784973,6.28562784983
"t6",5.379975358,5.379975358,5.379975358,5.379975358,5.3799753577,5.37997535751,5.37997535751,5.37997535761,5.37997535761,5.3799753576,5.3799753575,5.37997535751,5.37997535751,5.3799753575,5.3799753575,5.3799753575,5.37997535775,5.37997535775,5.3799753579,5.3799753579,5.3799753579,4.4423269703,4.4423269703,4.4423269703,4.4423269703,2.3723294939,2.3723294939,2.3723294939,0,4.90028762,4.9002876199,4.9002876197,4.90028761973,4.90028761973,4.90028761963,4.9002876197,4.90028761964,4.90028761964,4.90028761968,4.90028761968,4.90028761968,4.90028761968,4.9002876197,4.9002876198,4.9002876198,4.9002876198,4.9002876198,4.90028761971,4.90028761971,4.9002876198,4.9002876202,4.9002876202,4.9002876195,4.9002876195,5.55655874103,5.55655874103,5.5565587417,5.5565587415,5.5565587415,5.55655874151,5.55655874151,5.5565587415,5.5565587415,5.5565587415,5.5565587415,5.5565587414,5.5565587414,5.5565587413,5.55655874147,5.55655874146,5.55655874146,5.55655874147,5.55655874147,5.55655874147,5.55655874144,5.55655874144,5.55655874197,5.55655874127,5.55655874125,5.55655874125,5.55655874117,5.55655874117,5.55655874117,5.55655874114,5.55655874114,5.55655874137,5.55655874147,5.55655874147,5.55655874147,5.556558741432,5.556558741432,5.55655874148,5.55655874147,5.55655874156,5.55655874156,5.55655874157,5.55655874147,6.28562784983,6.28562784983,6.28562784993
"t1",5.3799753586,5.3799753586,5.3799753586,5.3799753586,5.3799753583,5.37997535811,5.37997535811,5.37997535821,5.37997535821,5.3799753582,5.3799753581,5.37997535811,5.37997535811,5.3799753581,5.3799753581,5.3799753581,5.37997535835,5.37997535835,5.3799753585,5.3799753585,5.3799753585,4.9002876203,4.9002876203,4.9002876203,4.9002876203,4.9002876199,4.9002876199,4.9002876199,4.90028762,0,4.7178741559,4.7178741557,4.71787415573,4.71787415573,4.71787415563,4.7178741557,4.71787415564,4.71787415564,4.71787415568,4.71787415568,4.71787415568,4.71787415568,4.7178741557,4.7178741558,4.7178741558,4.7178741558,4.7178741558,4.71787415571,4.71787415571,4.7178741558,4.7178741562,4.7178741562,4.7178741555,4.7178741555,5.55655874163,5.55655874163,5.5565587423,5.5565587421,5.5565587421,5.55655874211,5.55655874211,5.5565587421,5.5565587421,5.5565587421,5.5565587421,5.556558742,5.556558742,5.5565587419,5.55655874207,5.55655874206,5.55655874206,5.55655874207,5.55655874207,5.55655874207,5.55655874204,5.55655874204,5.55655874257,5.55655874187,5.55655874185,5.55655874185,5.55655874177,5.55655874177,5.55655874177,5.55655874174,5.55655874174,5.55655874197,5.55655874207,5.55655874207,5.55655874207,5.556558742032,5.556558742032,5.55655874208,5.55655874207,5.55655874216,5.55655874216,5.55655874217,5.55655874207,6.28562785043,6.28562785043,6.28562785053
"t3",5.3799753585,5.3799753585,5.3799753585,5.3799753585,5.3799753582,5.37997535801,5.37997535801,5.37997535811,5.37997535811,5.3799753581,5.379975358,5.37997535801,5.37997535801,5.379975358,5.379975358,5.379975358,5.37997535825,5.37997535825,5.3799753584,5.3799753584,5.3799753584,4.9002876202,4.9002876202,4.9002876202,4.9002876202,4.9002876198,4.9002876198,4.9002876198,4.9002876199,4.7178741559,0,2.9892439098,2.98924390983,2.98924390983,2.98924390973,3.3622271174,3.36222711734,3.36222711734,3.36222711738,3.36222711738,3.36222711738,3.36222711738,3.3622271174,4.2954257631,4.2954257631,4.2954257631,4.2954257631,4.29542576301,4.29542576301,4.2954257631,4.2954257635,4.2954257635,4.2954257628,4.2954257628,5.55655874153,5.55655874153,5.5565587422,5.556558742,5.556558742,5.55655874201,5.55655874201,5.556558742,5.556558742,5.556558742,5.556558742,5.5565587419,5.5565587419,5.5565587418,5.55655874197,5.55655874196,5.55655874196,5.55655874197,5.55655874197,5.55655874197,5.55655874194,5.55655874194,5.55655874247,5.55655874177,5.55655874175,5.55655874175,5.55655874167,5.55655874167,5.55655874167,5.55655874164,5.55655874164,5.55655874187,5.55655874197,5.55655874197,5.55655874197,5.556558741932,5.556558741932,5.55655874198,5.55655874197,5.55655874206,5.55655874206,5.55655874207,5.55655874197,6.28562785033,6.28562785033,6.28562785043
"t11",5.3799753583,5.3799753583,5.3799753583,5.3799753583,5.379975358,5.37997535781,5.37997535781,5.37997535791,5.37997535791,5.3799753579,5.3799753578,5.37997535781,5.37997535781,5.3799753578,5.3799753578,5.3799753578,5.37997535805,5.37997535805,5.3799753582,5.3799753582,5.3799753582,4.90028762,4.90028762,4.90028762,4.90028762,4.9002876196,4.9002876196,4.9002876196,4.9002876197,4.7178741557,2.9892439098,0,2.12155242803,2.12155242803,2.12155242793,3.3622271172,3.36222711714,3.36222711714,3.36222711718,3.36222711718,3.36222711718,3.36222711718,3.3622271172,4.2954257629,4.2954257629,4.2954257629,4.2954257629,4.29542576281,4.29542576281,4.2954257629,4.2954257633,4.2954257633,4.2954257626,4.2954257626,5.55655874133,5.55655874133,5.556558742,5.5565587418,5.5565587418,5.55655874181,5.55655874181,5.5565587418,5.5565587418,5.5565587418,5.5565587418,5.5565587417,5.5565587417,5.5565587416,5.55655874177,5.55655874176,5.55655874176,5.55655874177,5.55655874177,5.55655874177,5.55655874174,5.55655874174,5.55655874227,5.55655874157,5.55655874155,5.55655874155,5.55655874147,5.55655874147,5.55655874147,5.55655874144,5.55655874144,5.55655874167,5.55655874177,5.55655874177,5.55655874177,5.556558741732,5.556558741732,5.55655874178,5.55655874177,5.55655874186,5.55655874186,5.55655874187,5.55655874177,6.28562785013,6.28562785013,6.28562785023
"t60",5.37997535833,5.37997535833,5.37997535833,5.37997535833,5.37997535803,5.37997535784,5.37997535784,5.37997535794,5.37997535794,5.37997535793,5.37997535783,5.37997535784,5.37997535784,5.37997535783,5.37997535783,5.37997535783,5.37997535808,5.37997535808,5.37997535823,5.37997535823,5.37997535823,4.90028762003,4.90028762003,4.90028762003,4.90028762003,4.90028761963,4.90028761963,4.90028761963,4.90028761973,4.71787415573,2.98924390983,2.12155242803,0,0.4299572914,2.0555182881,3.36222711723,3.36222711717,3.36222711717,3.36222711721,3.36222711721,3.36222711721,3.36222711721,3.36222711723,4.29542576293,4.29542576293,4.29542576293,4.29542576293,4.29542576284,4.29542576284,4.29542576293,4.29542576333,4.29542576333,4.29542576263,4.29542576263,5.55655874136,5.55655874136,5.55655874203,5.55655874183,5.55655874183,5.55655874184,5.55655874184,5.55655874183,5.55655874183,5.55655874183,5.55655874183,5.55655874173,5.55655874173,5.55655874163,5.5565587418,5.55655874179,5.55655874179,5.5565587418,5.5565587418,5.5565587418,5.55655874177,5.55655874177,5.5565587423,5.5565587416,5.55655874158,5.55655874158,5.5565587415,5.5565587415,5.5565587415,5.55655874147,5.55655874147,5.5565587417,5.5565587418,5.5565587418,5.5565587418,5.556558741762,5.556558741762,5.55655874181,5.5565587418,5.55655874189,5.55655874189,5.5565587419,5.5565587418,6.28562785016,6.28562785016,6.28562785026
"t61",5.37997535833,5.37997535833,5.37997535833,5.37997535833,5.37997535803,5.37997535784,5.37997535784,5.37997535794,5.37997535794,5.37997535793,5.37997535783,5.37997535784,5.37997535784,5.37997535783,5.37997535783,5.37997535783,5.37997535808,5.37997535808,5.37997535823,5.37997535823,5.37997535823,4.90028762003,4.90028762003,4.90028762003,4.90028762003,4.90028761963,4.90028761963,4.90028761963,4.90028761973,4.71787415573,2.98924390983,2.12155242803,0.4299572914,0,2.0555182881,3.36222711723,3.36222711717,3.36222711717,3.36222711721,3.36222711721,3.36222711721,3.36222711721,3.36222711723,4.29542576293,4.29542576293,4.29542576293,4.29542576293,4.29542576284,4.29542576284,4.29542576293,4.29542576333,4.29542576333,4.29542576263,4.29542576263,5.55655874136,5.55655874136,5.55655874203,5.55655874183,5.55655874183,5.55655874184,5.55655874184,5.55655874183,5.55655874183,5.55655874183,5.55655874183,5.55655874173,5.55655874173,5.55655874163,5.5565587418,5.55655874179,5.55655874179,5.5565587418,5.5565587418,5.5565587418,5.55655874177,5.55655874177,5.5565587423,5.5565587416,5.55655874158,5.55655874158,5.5565587415,5.5565587415,5.5565587415,5.55655874147,5.55655874147,5.5565587417,5.5565587418,5.5565587418,5.5565587418,5.556558741762,5.556558741762,5.55655874181,5.5565587418,5.55655874189,5.55655874189,5.5565587419,5.5565587418,6.28562785016,6.28562785016,6.28562785026
"t12",5.37997535823,5.37997535823,5.37997535823,5.37997535823,5.37997535793,5.37997535774,5.37997535774,5.37997535784,5.37997535784,5.37997535783,5.37997535773,5.37997535774,5.37997535774,5.37997535773,5.37997535773,5.37997535773,5.37997535798,5.37997535798,5.37997535813,5.37997535813,5.37997535813,4.90028761993,4.90028761993,4.90028761993,4.90028761993,4.90028761953,4.90028761953,4.90028761953,4.90028761963,4.71787415563,2.98924390973,2.12155242793,2.0555182881,2.0555182881,0,3.36222711713,3.36222711707,3.36222711707,3.36222711711,3.36222711711,3.36222711711,3.36222711711,3.36222711713,4.29542576283,4.29542576283,4.29542576283,4.29542576283,4.29542576274,4.29542576274,4.29542576283,4.29542576323,4.29542576323,4.29542576253,4.29542576253,5.55655874126,5.55655874126,5.55655874193,5.55655874173,5.55655874173,5.55655874174,5.55655874174,5.55655874173,5.55655874173,5.55655874173,5.55655874173,5.55655874163,5.55655874163,5.55655874153,5.5565587417,5.55655874169,5.55655874169,5.5565587417,5.5565587417,5.5565587417,5.55655874167,5.55655874167,5.5565587422,5.5565587415,5.55655874148,5.55655874148,5.5565587414,5.5565587414,5.5565587414,5.55655874137,5.55655874137,5.5565587416,5.5565587417,5.5565587417,5.5565587417,5.556558741662,5.556558741662,5.55655874171,5.5565587417,5.55655874179,5.55655874179,5.5565587418,5.5565587417,6.28562785006,6.28562785006,6.28562785016
"t43",5.3799753583,5.3799753583,5.3799753583,5.3799753583,5.379975358,5.37997535781,5.37997535781,5.37997535791,5.37997535791,5.3799753579,5.3799753578,5.37997535781,5.37997535781,5.3799753578,5.3799753578,5.3799753578,5.37997535805,5.37997535805,5.3799753582,5.3799753582,5.3799753582,4.90028762,4.90028762,4.90028762,4.90028762,4.9002876196,4.9002876196,4.9002876196,4.9002876197,4.7178741557,3.3622271174,3.3622271172,3.36222711723,3.36222711723,3.36222711713,0,0.67344095294,0.67344095294,1.96185771398,1.96185771398,1.96185771398,1.96185771398,1.961857714,4.2954257629,4.2954257629,4.2954257629,4.2954257629,4.29542576281,4.29542576281,4.2954257629,4.2954257633,4.2954257633,4.2954257626,4.2954257626,5.55655874133,5.55655874133,5.556558742,5.5565587418,5.5565587418,5.55655874181,5.55655874181,5.5565587418,5.5565587418,5.5565587418,5.5565587418,5.5565587417,5.5565587417,5.5565587416,5.55655874177,5.55655874176,5.55655874176,5.55655874177,5.55655874177,5.55655874177,5.55655874174,5.55655874174,5.55655874227,5.55655874157,5.55655874155,5.55655874155,5.55655874147,5.55655874147,5.55655874147,5.55655874144,5.55655874144,5.55655874167,5.55655874177,5.55655874177,5.55655874177,5.556558741732,5.556558741732,5.55655874178,5.55655874177,5.55655874186,5.55655874186,5.55655874187,5.55655874177,6.28562785013,6.28562785013,6.28562785023
"t53",5.37997535824,5.37997535824,5.37997535824,5.37997535824,5.37997535794,5.37997535775,5.37997535775,5.37997535785,5.37997535785,5.37997535784,5.37997535774,5.37997535775,5.37997535775,5.37997535774,5.37997535774,5.37997535774,5.37997535799,5.37997535799,5.37997535814,5.37997535814,5.37997535814,4.90028761994,4.90028761994,4.90028761994,4.90028761994,4.90028761954,4.90028761954,4.90028761954,4.90028761964,4.71787415564,3.36222711734,3.36222711714,3.36222711717,3.36222711717,3.36222711707,0.67344095294,0,0.5117698972,1.96185771392,1.96185771392,1.96185771392,1.96185771392,1.96185771394,4.29542576284,4.29542576284,4.29542576284,4.29542576284,4.29542576275,4.29542576275,4.29542576284,4.29542576324,4.29542576324,4.29542576254,4.29542576254,5.55655874127,5.55655874127,5.55655874194,5.55655874174,5.55655874174,5.55655874175,5.55655874175,5.55655874174,5.55655874174,5.55655874174,5.55655874174,5.55655874164,5.55655874164,5.55655874154,5.55655874171,5.5565587417,5.5565587417,5.55655874171,5.55655874171,5.55655874171,5.55655874168,5.55655874168,5.55655874221,5.55655874151,5.55655874149,5.55655874149,5.55655874141,5.55655874141,5.55655874141,5.55655874138,5.55655874138,5.55655874161,5.55655874171,5.55655874171,5.55655874171,5.556558741672,5.556558741672,5.55655874172,5.55655874171,5.5565587418,5.5565587418,5.55655874181,5.55655874171,6.28562785007,6.28562785007,6.28562785017
"t54",5.37997535824,5.37997535824,5.37997535824,5.37997535824,5.37997535794,5.37997535775,5.37997535775,5.37997535785,5.37997535785,5.37997535784,5.37997535774,5.37997535775,5.37997535775,5.37997535774,5.37997535774,5.37997535774,5.37997535799,5.37997535799,5.37997535814,5.37997535814,5.37997535814,4.90028761994,4.90028761994,4.90028761994,4.90028761994,4.90028761954,4.90028761954,4.90028761954,4.90028761964,4.71787415564,3.36222711734,3.36222711714,3.36222711717,3.36222711717,3.36222711707,0.67344095294,0.5117698972,0,1.96185771392,1.96185771392,1.96185771392,1.96185771392,1.96185771394,4.29542576284,4.29542576284,4.29542576284,4.29542576284,4.29542576275,4.29542576275,4.29542576284,4.29542576324,4.29542576324,4.29542576254,4.29542576254,5.55655874127,5.55655874127,5.55655874194,5.55655874174,5.55655874174,5.55655874175,5.55655874175,5.55655874174,5.55655874174,5.55655874174,5.55655874174,5.55655874164,5.55655874164,5.55655874154,5.55655874171,5.5565587417,5.5565587417,5.55655874171,5.55655874171,5.55655874171,5.55655874168,5.55655874168,5.55655874221,5.55655874151,5.55655874149,5.55655874149,5.55655874141,5.55655874141,5.55655874141,5.55655874138,5.55655874138,5.55655874161,5.55655874171,5.55655874171,5.55655874171,5.556558741672,5.556558741672,5.55655874172,5.55655874171,5.5565587418,5.5565587418,5.55655874181,5.55655874171,6.28562785007,6.28562785007,6.28562785017
"t48",5.37997535828,5.37997535828,5.37997535828,5.37997535828,5.37997535798,5.37997535779,5.37997535779,5.37997535789,5.37997535789,5.37997535788,5.37997535778,5.37997535779,5.37997535779,5.37997535778,5.37997535778,5.37997535778,5.37997535803,5.37997535803,5.37997535818,5.37997535818,5.37997535818,4.90028761998,4.90028761998,4.90028761998,4.90028761998,4.90028761958,4.90028761958,4.90028761958,4.90028761968,4.71787415568,3.36222711738,3.36222711718,3.36222711721,3.36222711721,3.36222711711,1.96185771398,1.96185771392,1.96185771392,0,0.575145761,0.824383433,1.3404985054,1.36390565458,4.29542576288,4.29542576288,4.29542576288,4.29542576288,4.29542576279,4.29542576279,4.29542576288,4.29542576328,4.29542576328,4.29542576258,4.29542576258,5.55655874131,5.55655874131,5.55655874198,5.55655874178,5.55655874178,5.55655874179,5.55655874179,5.55655874178,5.55655874178,5.55655874178,5.55655874178,5.55655874168,5.55655874168,5.55655874158,5.55655874175,5.55655874174,5.55655874174,5.55655874175,5.55655874175,5.55655874175,5.55655874172,5.55655874172,5.55655874225,5.55655874155,5.55655874153,5.55655874153,5.55655874145,5.55655874145,5.55655874145,5.55655874142,5.55655874142,5.55655874165,5.55655874175,5.55655874175,5.55655874175,5.556558741712,5.556558741712,5.55655874176,5.55655874175,5.55655874184,5.55655874184,5.55655874185,5.55655874175,6.28562785011,6.28562785011,6.28562785021
"t49",5.37997535828,5.37997535828,5.37997535828,5.37997535828,5.37997535798,5.37997535779,5.37997535779,5.37997535789,5.37997535789,5.37997535788,5.37997535778,5.37997535779,5.37997535779,5.37997535778,5.37997535778,5.37997535778,5.37997535803,5.37997535803,5.37997535818,5.37997535818,5.37997535818,4.90028761998,4.90028761998,4.90028761998,4.90028761998,4.90028761958,4.90028761958,4.90028761958,4.90028761968,4.71787415568,3.36222711738,3.36222711718,3.36222711721,3.36222711721,3.36222711711,1.96185771398,1.96185771392,1.96185771392,0.575145761,0,0.824383433,1.3404985054,1.36390565458,4.29542576288,4.29542576288,4.29542576288,4.29542576288,4.29542576279,4.29542576279,4.29542576288,4.29542576328,4.29542576328,4.29542576258,4.29542576258,5.55655874131,5.55655874131,5.55655874198,5.55655874178,5.55655874178,5.55655874179,5.55655874179,5.55655874178,5.55655874178,5.55655874178,5.55655874178,5.55655874168,5.55655874168,5.55655874158,5.55655874175,5.55655874174,5.55655874174,5.55655874175,5.55655874175,5.55655874175,5.55655874172,5.55655874172,5.55655874225,5.55655874155,5.55655874153,5.55655874153,5.55655874145,5.55655874145,5.55655874145,5.55655874142,5.55655874142,5.55655874165,5.55655874175,5.55655874175,5.55655874175,5.556558741712,5.556558741712,5.55655874176,5.55655874175,5.55655874184,5.55655874184,5.55655874185,5.55655874175,6.28562785011,6.28562785011,6.28562785021
"t37",5.37997535828,5.37997535828,5.37997535828,5.37997535828,5.37997535798,5.37997535779,5.37997535779,5.37997535789,5.37997535789,5.37997535788,5.37997535778,5.37997535779,5.37997535779,5.37997535778,5.37997535778,5.37997535778,5.37997535803,5.37997535803,5.37997535818,5.37997535818,5.37997535818,4.90028761998,4.90028761998,4.90028761998,4.90028761998,4.90028761958,4.90028761958,4.90028761958,4.90028761968,4.71787415568,3.36222711738,3.36222711718,3.36222711721,3.36222711721,3.36222711711,1.96185771398,1.96185771392,1.96185771392,0.824383433,0.824383433,0,1.3404985054,1.36390565458,4.29542576288,4.29542576288,4.29542576288,4.29542576288,4.29542576279,4.29542576279,4.29542576288,4.29542576328,4.29542576328,4.29542576258,4.29542576258,5.55655874131,5.55655874131,5.55655874198,5.55655874178,5.55655874178,5.55655874179,5.55655874179,5.55655874178,5.55655874178,5.55655874178,5.55655874178,5.55655874168,5.55655874168,5.55655874158,5.55655874175,5.55655874174,5.55655874174,5.55655874175,5.55655874175,5.55655874175,5.55655874172,5.55655874172,5.55655874225,5.55655874155,5.55655874153,5.55655874153,5.55655874145,5.55655874145,5.55655874145,5.55655874142,5.55655874142,5.55655874165,5.55655874175,5.55655874175,5.55655874175,5.556558741712,5.556558741712,5.55655874176,5.55655874175,5.55655874184,5.55655874184,5.55655874185,5.55655874175,6.28562785011,6.28562785011,6.28562785021
"t25",5.37997535828,5.37997535828,5.37997535828,5.37997535828,5.37997535798,5.37997535779,5.37997535779,5.37997535789,5.37997535789,5.37997535788,5.37997535778,5.37997535779,5.37997535779,5.37997535778,5.37997535778,5.37997535778,5.37997535803,5.37997535803,5.37997535818,5.37997535818,5.37997535818,4.90028761998,4.90028761998,4.90028761998,4.90028761998,4.90028761958,4.90028761958,4.90028761958,4.90028761968,4.71787415568,3.36222711738,3.36222711718,3.36222711721,3.36222711721,3.36222711711,1.96185771398,1.96185771392,1.96185771392,1.3404985054,1.3404985054,1.3404985054,0,1.36390565458,4.29542576288,4.29542576288,4.29542576288,4.29542576288,4.29542576279,4.29542576279,4.29542576288,4.29542576328,4.29542576328,4.29542576258,4.29542576258,5.55655874131,5.55655874131,5.55655874198,5.55655874178,5.55655874178,5.55655874179,5.55655874179,5.55655874178,5.55655874178,5.55655874178,5.55655874178,5.55655874168,5.55655874168,5.55655874158,5.55655874175,5.55655874174,5.55655874174,5.55655874175,5.55655874175,5.55655874175,5.55655874172,5.55655874172,5.55655874225,5.55655874155,5.55655874153,5.55655874153,5.55655874145,5.55655874145,5.55655874145,5.55655874142,5.55655874142,5.55655874165,5.55655874175,5.55655874175,5.55655874175,5.556558741712,5.556558741712,5.55655874176,5.55655874175,5.55655874184,5.55655874184,5.55655874185,5.55655874175,6.28562785011,6.28562785011,6.28562785021
"t24",5.3799753583,5.3799753583,5.3799753583,5.3799753583,5.379975358,5.37997535781,5.37997535781,5.37997535791,5.37997535791,5.3799753579,5.3799753578,5.37997535781,5.37997535781,5.3799753578,5.3799753578,5.3799753578,5.37997535805,5.37997535805,5.3799753582,5.3799753582,5.3799753582,4.90028762,4.90028762,4.90028762,4.90028762,4.9002876196,4.9002876196,4.9002876196,4.9002876197,4.7178741557,3.3622271174,3.3622271172,3.36222711723,3.36222711723,3.36222711713,1.961857714,1.96185771394,1.96185771394,1.36390565458,1.36390565458,1.36390565458,1.36390565458,0,4.2954257629,4.2954257629,4.2954257629,4.2954257629,4.29542576281,4.29542576281,4.2954257629,4.2954257633,4.2954257633,4.2954257626,4.2954257626,5.55655874133,5.55655874133,5.556558742,5.5565587418,5.5565587418,5.55655874181,5.55655874181,5.5565587418,5.5565587418,5.5565587418,5.5565587418,5.5565587417,5.5565587417,5.5565587416,5.55655874177,5.55655874176,5.55655874176,5.55655874177,5.55655874177,5.55655874177,5.55655874174,5.55655874174,5.55655874227,5.55655874157,5.55655874155,5.55655874155,5.55655874147,5.55655874147,5.55655874147,5.55655874144,5.55655874144,5.55655874167,5.55655874177,5.55655874177,5.55655874177,5.556558741732,5.556558741732,5.55655874178,5.55655874177,5.55655874186,5.55655874186,5.55655874187,5.55655874177,6.28562785013,6.28562785013,6.28562785023
"t72",5.3799753584,5.3799753584,5.3799753584,5.3799753584,5.3799753581,5.37997535791,5.37997535791,5.37997535801,5.37997535801,5.379975358,5.3799753579,5.37997535791,5.37997535791,5.3799753579,5.3799753579,5.3799753579,5.37997535815,5.37997535815,5.3799753583,5.3799753583,5.3799753583,4.9002876201,4.9002876201,4.9002876201,4.9002876201,4.9002876197,4.9002876197,4.9002876197,4.9002876198,4.7178741558,4.2954257631,4.2954257629,4.29542576293,4.29542576293,4.29542576283,4.2954257629,4.29542576284,4.29542576284,4.29542576288,4.29542576288,4.29542576288,4.29542576288,4.2954257629,0,0.3407360808,2.0614956666,2.0614956666,2.06149566651,2.06149566651,2.0614956666,2.4366320836,2.8420132816,3.0775185701,3.0775185701,5.55655874143,5.55655874143,5.5565587421,5.5565587419,5.5565587419,5.55655874191,5.55655874191,5.5565587419,5.5565587419,5.5565587419,5.5565587419,5.5565587418,5.5565587418,5.5565587417,5.55655874187,5.55655874186,5.55655874186,5.55655874187,5.55655874187,5.55655874187,5.55655874184,5.55655874184,5.55655874237,5.55655874167,5.55655874165,5.55655874165,5.55655874157,5.55655874157,5.55655874157,5.55655874154,5.55655874154,5.55655874177,5.55655874187,5.55655874187,5.55655874187,5.556558741832,5.556558741832,5.55655874188,5.55655874187,5.55655874196,5.55655874196,5.55655874197,5.55655874187,6.28562785023,6.28562785023,6.28562785033
"t73",5.3799753584,5.3799753584,5.3799753584,5.3799753584,5.3799753581,5.37997535791,5.37997535791,5.37997535801,5.37997535801,5.379975358,5.3799753579,5.37997535791,5.37997535791,5.3799753579,5.3799753579,5.3799753579,5.37997535815,5.37997535815,5.3799753583,5.3799753583,5.3799753583,4.9002876201,4.9002876201,4.9002876201,4.9002876201,4.9002876197,4.9002876197,4.9002876197,4.9002876198,4.7178741558,4.2954257631,4.2954257629,4.29542576293,4.29542576293,4.29542576283,4.2954257629,4.29542576284,4.29542576284,4.29542576288,4.29542576288,4.29542576288,4.29542576288,4.2954257629,0.3407360808,0,2.0614956666,2.0614956666,2.06149566651,2.06149566651,2.0614956666,2.4366320836,2.8420132816,3.0775185701,3.0775185701,5.55655874143,5.55655874143,5.5565587421,5.5565587419,5.5565587419,5.55655874191,5.55655874191,5.5565587419,5.5565587419,5.5565587419,5.5565587419,5.5565587418,5.5565587418,5.5565587417,5.55655874187,5.55655874186,5.55655874186,5.55655874187,5.55655874187,5.55655874187,5.55655874184,5.55655874184,5.55655874237,5.55655874167,5.55655874165,5.55655874165,5.55655874157,5.55655874157,5.55655874157,5.55655874154,5.55655874154,5.55655874177,5.55655874187,5.55655874187,5.55655874187,5.556558741832,5.556558741832,5.55655874188,5.55655874187,5.55655874196,5.55655874196,5.55655874197,5.55655874187,6.28562785023,6.28562785023,6.28562785033
"t17",5.3799753584,5.3799753584,5.3799753584,5.3799753584,5.3799753581,5.37997535791,5.37997535791,5.37997535801,5.37997535801,5.379975358,5.3799753579,5.37997535791,5.37997535791,5.3799753579,5.3799753579,5.3799753579,5.37997535815,5.37997535815,5.3799753583,5.3799753583,5.3799753583,4.9002876201,4.9002876201,4.9002876201,4.9002876201,4.9002876197,4.9002876197,4.9002876197,4.9002876198,4.7178741558,4.2954257631,4.2954257629,4.29542576293,4.29542576293,4.29542576283,4.2954257629,4.29542576284,4.29542576284,4.29542576288,4.29542576288,4.29542576288,4.29542576288,4.2954257629,2.0614956666,2.0614956666,0,1.8365199456,1.83651994551,1.83651994551,1.8365199456,2.4366320836,2.8420132816,3.0775185701,3.0775185701,5.55655874143,5.55655874143,5.5565587421,5.5565587419,5.5565587419,5.55655874191,5.55655874191,5.5565587419,5.5565587419,5.5565587419,5.5565587419,5.5565587418,5.5565587418,5.5565587417,5.55655874187,5.55655874186,5.55655874186,5.55655874187,5.55655874187,5.55655874187,5.55655874184,5.55655874184,5.55655874237,5.55655874167,5.55655874165,5.55655874165,5.55655874157,5.55655874157,5.55655874157,5.55655874154,5.55655874154,5.55655874177,5.55655874187,5.55655874187,5.55655874187,5.556558741832,5.556558741832,5.55655874188,5.55655874187,5.55655874196,5.55655874196,5.55655874197,5.55655874187,6.28562785023,6.28562785023,6.28562785033
"t55",5.3799753584,5.3799753584,5.3799753584,5.3799753584,5.3799753581,5.37997535791,5.37997535791,5.37997535801,5.37997535801,5.379975358,5.3799753579,5.37997535791,5.37997535791,5.3799753579,5.3799753579,5.3799753579,5.37997535815,5.37997535815,5.3799753583,5.3799753583,5.3799753583,4.9002876201,4.9002876201,4.9002876201,4.9002876201,4.9002876197,4.9002876197,4.9002876197,4.9002876198,4.7178741558,4.2954257631,4.2954257629,4.29542576293,4.29542576293,4.29542576283,4.2954257629,4.29542576284,4.29542576284,4.29542576288,4.29542576288,4.29542576288,4.29542576288,4.2954257629,2.0614956666,2.0614956666,1.8365199456,0,0.50389620831,0.50389620831,0.5038962084,2.4366320836,2.8420132816,3.0775185701,3.0775185701,5.55655874143,5.55655874143,5.5565587421,5.5565587419,5.5565587419,5.55655874191,5.55655874191,5.5565587419,5.5565587419,5.5565587419,5.5565587419,5.5565587418,5.5565587418,5.5565587417,5.55655874187,5.55655874186,5.55655874186,5.55655874187,5.55655874187,5.55655874187,5.55655874184,5.55655874184,5.55655874237,5.55655874167,5.55655874165,5.55655874165,5.55655874157,5.55655874157,5.55655874157,5.55655874154,5.55655874154,5.55655874177,5.55655874187,5.55655874187,5.55655874187,5.556558741832,5.556558741832,5.55655874188,5.55655874187,5.55655874196,5.55655874196,5.55655874197,5.55655874187,6.28562785023,6.28562785023,6.28562785033
"t87",5.37997535831,5.37997535831,5.37997535831,5.37997535831,5.37997535801,5.37997535782,5.37997535782,5.37997535792,5.37997535792,5.37997535791,5.37997535781,5.37997535782,5.37997535782,5.37997535781,5.37997535781,5.37997535781,5.37997535806,5.37997535806,5.37997535821,5.37997535821,5.37997535821,4.90028762001,4.90028762001,4.90028762001,4.90028762001,4.90028761961,4.90028761961,4.90028761961,4.90028761971,4.71787415571,4.29542576301,4.29542576281,4.29542576284,4.29542576284,4.29542576274,4.29542576281,4.29542576275,4.29542576275,4.29542576279,4.29542576279,4.29542576279,4.29542576279,4.29542576281,2.06149566651,2.06149566651,1.83651994551,0.50389620831,0,0.13115032342,0.46064941071,2.43663208351,2.84201328151,3.07751857001,3.07751857001,5.55655874134,5.55655874134,5.55655874201,5.55655874181,5.55655874181,5.55655874182,5.55655874182,5.55655874181,5.55655874181,5.55655874181,5.55655874181,5.55655874171,5.55655874171,5.55655874161,5.55655874178,5.55655874177,5.55655874177,5.55655874178,5.55655874178,5.55655874178,5.55655874175,5.55655874175,5.55655874228,5.55655874158,5.55655874156,5.55655874156,5.55655874148,5.55655874148,5.55655874148,5.55655874145,5.55655874145,5.55655874168,5.55655874178,5.55655874178,5.55655874178,5.556558741742,5.556558741742,5.55655874179,5.55655874178,5.55655874187,5.55655874187,5.55655874188,5.55655874178,6.28562785014,6.28562785014,6.28562785024
"t88",5.37997535831,5.37997535831,5.37997535831,5.37997535831,5.37997535801,5.37997535782,5.37997535782,5.37997535792,5.37997535792,5.37997535791,5.37997535781,5.37997535782,5.37997535782,5.37997535781,5.37997535781,5.37997535781,5.37997535806,5.37997535806,5.37997535821,5.37997535821,5.37997535821,4.90028762001,4.90028762001,4.90028762001,4.90028762001,4.90028761961,4.90028761961,4.90028761961,4.90028761971,4.71787415571,4.29542576301,4.29542576281,4.29542576284,4.29542576284,4.29542576274,4.29542576281,4.29542576275,4.29542576275,4.29542576279,4.29542576279,4.29542576279,4.29542576279,4.29542576281,2.06149566651,2.06149566651,1.83651994551,0.50389620831,0.13115032342,0,0.46064941071,2.43663208351,2.84201328151,3.07751857001,3.07751857001,5.55655874134,5.55655874134,5.55655874201,5.55655874181,5.55655874181,5.55655874182,5.55655874182,5.55655874181,5.55655874181,5.55655874181,5.55655874181,5.55655874171,5.55655874171,5.55655874161,5.55655874178,5.55655874177,5.55655874177,5.55655874178,5.55655874178,5.55655874178,5.55655874175,5.55655874175,5.55655874228,5.55655874158,5.55655874156,5.55655874156,5.55655874148,5.55655874148,5.55655874148,5.55655874145,5.55655874145,5.55655874168,5.55655874178,5.55655874178,5.55655874178,5.556558741742,5.556558741742,5.55655874179,5.55655874178,5.55655874187,5.55655874187,5.55655874188,5.55655874178,6.28562785014,6.28562785014,6.28562785024
"t59",5.3799753584,5.3799753584,5.3799753584,5.3799753584,5.3799753581,5.37997535791,5.37997535791,5.37997535801,5.37997535801,5.379975358,5.3799753579,5.37997535791,5.37997535791,5.3799753579,5.3799753579,5.3799753579,5.37997535815,5.37997535815,5.3799753583,5.3799753583,5.3799753583,4.9002876201,4.9002876201,4.9002876201,4.9002876201,4.9002876197,4.9002876197,4.9002876197,4.9002876198,4.7178741558,4.2954257631,4.2954257629,4.29542576293,4.29542576293,4.29542576283,4.2954257629,4.29542576284,4.29542576284,4.29542576288,4.29542576288,4.29542576288,4.29542576288,4.2954257629,2.0614956666,2.0614956666,1.8365199456,0.5038962084,0.46064941071,0.46064941071,0,2.4366320836,2.8420132816,3.0775185701,3.0775185701,5.55655874143,5.55655874143,5.5565587421,5.5565587419,5.5565587419,5.55655874191,5.55655874191,5.5565587419,5.5565587419,5.5565587419,5.5565587419,5.5565587418,5.5565587418,5.5565587417,5.55655874187,5.55655874186,5.55655874186,5.55655874187,5.55655874187,5.55655874187,5.55655874184,5.55655874184,5.55655874237,5.55655874167,5.55655874165,5.55655874165,5.55655874157,5.55655874157,5.55655874157,5.55655874154,5.55655874154,5.55655874177,5.55655874187,5.55655874187,5.55655874187,5.556558741832,5.556558741832,5.55655874188,5.55655874187,5.55655874196,5.55655874196,5.55655874197,5.55655874187,6.28562785023,6.28562785023,6.28562785033
"t5",5.3799753588,5.3799753588,5.3799753588,5.3799753588,5.3799753585,5.37997535831,5.37997535831,5.37997535841,5.37997535841,5.3799753584,5.3799753583,5.37997535831,5.37997535831,5.3799753583,5.3799753583,5.3799753583,5.37997535855,5.37997535855,5.3799753587,5.3799753587,5.3799753587,4.9002876205,4.9002876205,4.9002876205,4.9002876205,4.9002876201,4.9002876201,4.9002876201,4.9002876202,4.7178741562,4.2954257635,4.2954257633,4.29542576333,4.29542576333,4.29542576323,4.2954257633,4.29542576324,4.29542576324,4.29542576328,4.29542576328,4.29542576328,4.29542576328,4.2954257633,2.4366320836,2.4366320836,2.4366320836,2.4366320836,2.43663208351,2.43663208351,2.4366320836,0,2.842013282,3.0775185705,3.0775185705,5.55655874183,5.55655874183,5.5565587425,5.5565587423,5.5565587423,5.55655874231,5.55655874231,5.5565587423,5.5565587423,5.5565587423,5.5565587423,5.5565587422,5.5565587422,5.5565587421,5.55655874227,5.55655874226,5.55655874226,5.55655874227,5.55655874227,5.55655874227,5.55655874224,5.55655874224,5.55655874277,5.55655874207,5.55655874205,5.55655874205,5.55655874197,5.55655874197,5.55655874197,5.55655874194,5.55655874194,5.55655874217,5.55655874227,5.55655874227,5.55655874227,5.556558742232,5.556558742232,5.55655874228,5.55655874227,5.55655874236,5.55655874236,5.55655874237,5.55655874227,6.28562785063,6.28562785063,6.28562785073
"t4",5.3799753588,5.3799753588,5.3799753588,5.3799753588,5.3799753585,5.37997535831,5.37997535831,5.37997535841,5.37997535841,5.3799753584,5.3799753583,5.37997535831,5.37997535831,5.3799753583,5.3799753583,5.3799753583,5.37997535855,5.37997535855,5.3799753587,5.3799753587,5.3799753587,4.9002876205,4.9002876205,4.9002876205,4.9002876205,4.9002876201,4.9002876201,4.9002876201,4.9002876202,4.7178741562,4.2954257635,4.2954257633,4.29542576333,4.29542576333,4.29542576323,4.2954257633,4.29542576324,4.29542576324,4.29542576328,4.29542576328,4.29542576328,4.29542576328,4.2954257633,2.8420132816,2.8420132816,2.8420132816,2.8420132816,2.84201328151,2.84201328151,2.8420132816,2.842013282,0,3.0775185705,3.0775185705,5.55655874183,5.55655874183,5.5565587425,5.5565587423,5.5565587423,5.55655874231,5.55655874231,5.5565587423,5.5565587423,5.5565587423,5.5565587423,5.5565587422,5.5565587422,5.5565587421,5.55655874227,5.55655874226,5.55655874226,5.55655874227,5.55655874227,5.55655874227,5.55655874224,5.55655874224,5.55655874277,5.55655874207,5.55655874205,5.55655874205,5.55655874197,5.55655874197,5.55655874197,5.55655874194,5.55655874194,5.55655874217,5.55655874227,5.55655874227,5.55655874227,5.556558742232,5.556558742232,5.55655874228,5.55655874227,5.55655874236,5.55655874236,5.55655874237,5.55655874227,6.28562785063,6.28562785063,6.28562785073
"t70",5.3799753581,5.3799753581,5.3799753581,5.3799753581,5.3799753578,5.37997535761,5.37997535761,5.37997535771,5.37997535771,5.3799753577,5.3799753576,5.37997535761,5.37997535761,5.3799753576,5.3799753576,5.3799753576,5.37997535785,5.37997535785,5.379975358,5.379975358,5.379975358,4.9002876198,4.9002876198,4.9002876198,4.9002876198,4.9002876194,4.9002876194,4.9002876194,4.9002876195,4.7178741555,4.2954257628,4.2954257626,4.29542576263,4.29542576263,4.29542576253,4.2954257626,4.29542576254,4.29542576254,4.29542576258,4.29542576258,4.29542576258,4.29542576258,4.2954257626,3.0775185701,3.0775185701,3.0775185701,3.0775185701,3.07751857001,3.07751857001,3.0775185701,3.0775185705,3.0775185705,0,0.3448668838,5.55655874113,5.55655874113,5.5565587418,5.5565587416,5.5565587416,5.55655874161,5.55655874161,5.5565587416,5.5565587416,5.5565587416,5.5565587416,5.5565587415,5.5565587415,5.5565587414,5.55655874157,5.55655874156,5.55655874156,5.55655874157,5.55655874157,5.55655874157,5.55655874154,5.55655874154,5.55655874207,5.55655874137,5.55655874135,5.55655874135,5.55655874127,5.55655874127,5.55655874127,5.55655874124,5.55655874124,5.55655874147,5.55655874157,5.55655874157,5.55655874157,5.556558741532,5.556558741532,5.55655874158,5.55655874157,5.55655874166,5.55655874166,5.55655874167,5.55655874157,6.28562784993,6.28562784993,6.28562785003
"t71",5.3799753581,5.3799753581,5.3799753581,5.3799753581,5.3799753578,5.37997535761,5.37997535761,5.37997535771,5.37997535771,5.3799753577,5.3799753576,5.37997535761,5.37997535761,5.3799753576,5.3799753576,5.3799753576,5.37997535785,5.37997535785,5.379975358,5.379975358,5.379975358,4.9002876198,4.9002876198,4.9002876198,4.9002876198,4.9002876194,4.9002876194,4.9002876194,4.9002876195,4.7178741555,4.2954257628,4.2954257626,4.29542576263,4.29542576263,4.29542576253,4.2954257626,4.29542576254,4.29542576254,4.29542576258,4.29542576258,4.29542576258,4.29542576258,4.2954257626,3.0775185701,3.0775185701,3.0775185701,3.0775185701,3.07751857001,3.07751857001,3.0775185701,3.0775185705,3.0775185705,0.3448668838,0,5.55655874113,5.55655874113,5.5565587418,5.5565587416,5.5565587416,5.55655874161,5.55655874161,5.5565587416,5.5565587416,5.5565587416,5.5565587416,5.5565587415,5.5565587415,5.5565587414,5.55655874157,5.55655874156,5.55655874156,5.55655874157,5.55655874157,5.55655874157,5.55655874154,5.55655874154,5.55655874207,5.55655874137,5.55655874135,5.55655874135,5.55655874127,5.55655874127,5.55655874127,5.55655874124,5.55655874124,5.55655874147,5.55655874157,5.55655874157,5.55655874157,5.556558741532,5.556558741532,5.55655874158,5.55655874157,5.55655874166,5.55655874166,5.55655874167,5.55655874157,6.28562784993,6.28562784993,6.28562785003
"t32",5.55655874183,5.55655874183,5.55655874183,5.55655874183,5.55655874153,5.55655874134,5.55655874134,5.55655874144,5.55655874144,5.55655874143,5.55655874133,5.55655874134,5.55655874134,5.55655874133,5.55655874133,5.55655874133,5.55655874158,5.55655874158,5.55655874173,5.55655874173,5.55655874173,5.55655874133,5.55655874133,5.55655874133,5.55655874133,5.55655874093,5.55655874093,5.55655874093,5.55655874103,5.55655874163,5.55655874153,5.55655874133,5.55655874136,5.55655874136,5.55655874126,5.55655874133,5.55655874127,5.55655874127,5.55655874131,5.55655874131,5.55655874131,5.55655874131,5.55655874133,5.55655874143,5.55655874143,5.55655874143,5.55655874143,5.55655874134,5.55655874134,5.55655874143,5.55655874183,5.55655874183,5.55655874113,5.55655874113,0,1.000824152,4.52915356467,4.52915356447,4.52915356447,4.52915356448,4.52915356448,4.52915356447,4.52915356447,4.52915356447,4.52915356447,4.52915356437,4.52915356437,4.52915356427,4.52915356444,4.52915356443,4.52915356443,4.52915356444,4.52915356444,4.52915356444,4.52915356441,4.52915356441,4.52915356494,4.52915356424,4.52915356422,4.52915356422,4.52915356414,4.52915356414,4.52915356414,4.52915356411,4.52915356411,4.52915356434,4.52915356444,4.52915356444,4.52915356444,4.529153564402,4.529153564402,4.52915356445,4.52915356444,4.52915356453,4.52915356453,4.52915356454,4.52915356444,6.2856278498,6.2856278498,6.2856278499
"t33",5.55655874183,5.55655874183,5.55655874183,5.55655874183,5.55655874153,5.55655874134,5.55655874134,5.55655874144,5.55655874144,5.55655874143,5.55655874133,5.55655874134,5.55655874134,5.55655874133,5.55655874133,5.55655874133,5.55655874158,5.55655874158,5.55655874173,5.55655874173,5.55655874173,5.55655874133,5.55655874133,5.55655874133,5.55655874133,5.55655874093,5.55655874093,5.55655874093,5.55655874103,5.55655874163,5.55655874153,5.55655874133,5.55655874136,5.55655874136,5.55655874126,5.55655874133,5.55655874127,5.55655874127,5.55655874131,5.55655874131,5.55655874131,5.55655874131,5.55655874133,5.55655874143,5.55655874143,5.55655874143,5.55655874143,5.55655874134,5.55655874134,5.55655874143,5.55655874183,5.55655874183,5.55655874113,5.55655874113,1.000824152,0,4.52915356467,4.52915356447,4.52915356447,4.52915356448,4.52915356448,4.52915356447,4.52915356447,4.52915356447,4.52915356447,4.52915356437,4.52915356437,4.52915356427,4.52915356444,4.52915356443,4.52915356443,4.52915356444,4.52915356444,4.52915356444,4.52915356441,4.52915356441,4.52915356494,4.52915356424,4.52915356422,4.52915356422,4.52915356414,4.52915356414,4.52915356414,4.52915356411,4.52915356411,4.52915356434,4.52915356444,4.52915356444,4.52915356444,4.529153564402,4.529153564402,4.52915356445,4.52915356444,4.52915356453,4.52915356453,4.52915356454,4.52915356444,6.2856278498,6.2856278498,6.2856278499
"t2",5.5565587425,5.5565587425,5.5565587425,5.5565587425,5.5565587422,5.55655874201,5.55655874201,5.55655874211,5.55655874211,5.5565587421,5.556558742,5.55655874201,5.55655874201,5.556558742,5.556558742,5.556558742,5.55655874225,5.55655874225,5.5565587424,5.5565587424,5.5565587424,5.556558742,5.556558742,5.556558742,5.556558742,5.5565587416,5.5565587416,5.5565587416,5.5565587417,5.5565587423,5.5565587422,5.556558742,5.55655874203,5.55655874203,5.55655874193,5.556558742,5.55655874194,5.55655874194,5.55655874198,5.55655874198,5.55655874198,5.55655874198,5.556558742,5.5565587421,5.5565587421,5.5565587421,5.5565587421,5.55655874201,5.55655874201,5.5565587421,5.5565587425,5.5565587425,5.5565587418,5.5565587418,4.52915356467,4.52915356467,0,3.6675583438,3.6675583438,3.66755834381,3.66755834381,3.6675583438,3.6675583438,3.6675583438,3.6675583438,3.6675583437,3.6675583437,3.6675583436,3.72649760763,3.72649760762,3.72649760762,3.72649760763,3.72649760763,3.72649760763,3.7264976076,3.7264976076,3.72649760813,3.72649760743,3.72649760741,3.72649760741,4.49254600393,4.49254600393,4.49254600393,4.4925460039,4.4925460039,4.49254600413,4.49254600423,4.49254600423,4.49254600423,4.492546004192,4.492546004192,4.49254600424,4.49254600423,4.49254600432,4.49254600432,4.49254600433,4.49254600423,6.28562785047,6.28562785047,6.28562785057
"t39",5.5565587423,5.5565587423,5.5565587423,5.5565587423,5.556558742,5.55655874181,5.55655874181,5.55655874191,5.55655874191,5.5565587419,5.5565587418,5.55655874181,5.55655874181,5.5565587418,5.5565587418,5.5565587418,5.55655874205,5.55655874205,5.5565587422,5.5565587422,5.5565587422,5.5565587418,5.5565587418,5.5565587418,5.5565587418,5.5565587414,5.5565587414,5.5565587414,5.5565587415,5.5565587421,5.556558742,5.5565587418,5.55655874183,5.55655874183,5.55655874173,5.5565587418,5.55655874174,5.55655874174,5.55655874178,5.55655874178,5.55655874178,5.55655874178,5.5565587418,5.5565587419,5.5565587419,5.5565587419,5.5565587419,5.55655874181,5.55655874181,5.5565587419,5.5565587423,5.5565587423,5.5565587416,5.5565587416,4.52915356447,4.52915356447,3.6675583438,0,0.6933979944,2.61251606521,2.61251606521,2.6125160652,2.6125160652,2.6125160652,3.1145801206,3.1145801205,3.1145801205,3.1145801204,3.72649760743,3.72649760742,3.72649760742,3.72649760743,3.72649760743,3.72649760743,3.7264976074,3.7264976074,3.72649760793,3.72649760723,3.72649760721,3.72649760721,4.49254600373,4.49254600373,4.49254600373,4.4925460037,4.4925460037,4.49254600393,4.49254600403,4.49254600403,4.49254600403,4.492546003992,4.492546003992,4.49254600404,4.49254600403,4.49254600412,4.49254600412,4.49254600413,4.49254600403,6.28562785027,6.28562785027,6.28562785037
"t40",5.5565587423,5.5565587423,5.5565587423,5.5565587423,5.556558742,5.55655874181,5.55655874181,5.55655874191,5.55655874191,5.5565587419,5.5565587418,5.55655874181,5.55655874181,5.5565587418,5.5565587418,5.5565587418,5.55655874205,5.55655874205,5.5565587422,5.5565587422,5.5565587422,5.5565587418,5.5565587418,5.5565587418,5.5565587418,5.5565587414,5.5565587414,5.5565587414,5.5565587415,5.5565587421,5.556558742,5.5565587418,5.55655874183,5.55655874183,5.55655874173,5.5565587418,5.55655874174,5.55655874174,5.55655874178,5.55655874178,5.55655874178,5.55655874178,5.5565587418,5.5565587419,5.5565587419,5.5565587419,5.5565587419,5.55655874181,5.55655874181,5.5565587419,5.5565587423,5.5565587423,5.5565587416,5.5565587416,4.52915356447,4.52915356447,3.6675583438,0.6933979944,0,2.61251606521,2.61251606521,2.6125160652,2.6125160652,2.6125160652,3.1145801206,3.1145801205,3.1145801205,3.1145801204,3.72649760743,3.72649760742,3.72649760742,3.72649760743,3.72649760743,3.72649760743,3.7264976074,3.7264976074,3.72649760793,3.72649760723,3.72649760721,3.72649760721,4.49254600373,4.49254600373,4.49254600373,4.4925460037,4.4925460037,4.49254600393,4.49254600403,4.49254600403,4.49254600403,4.492546003992,4.492546003992,4.49254600404,4.49254600403,4.49254600412,4.49254600412,4.49254600413,4.49254600403,6.28562785027,6.28562785027,6.28562785037
"t93",5.55655874231,5.55655874231,5.55655874231,5.55655874231,5.55655874201,5.55655874182,5.55655874182,5.55655874192,5.55655874192,5.55655874191,5.55655874181,5.55655874182,5.55655874182,5.55655874181,5.55655874181,5.55655874181,5.55655874206,5.55655874206,5.55655874221,5.55655874221,5.55655874221,5.55655874181,5.55655874181,5.55655874181,5.55655874181,5.55655874141,5.55655874141,5.55655874141,5.55655874151,5.55655874211,5.55655874201,5.55655874181,5.55655874184,5.55655874184,5.55655874174,5.55655874181,5.55655874175,5.55655874175,5.55655874179,5.55655874179,5.55655874179,5.55655874179,5.55655874181,5.55655874191,5.55655874191,5.55655874191,5.55655874191,5.55655874182,5.55655874182,5.55655874191,5.55655874231,5.55655874231,5.55655874161,5.55655874161,4.52915356448,4.52915356448,3.66755834381,2.61251606521,2.61251606521,0,0.11828665102,1.82375135921,2.16475507501,2.16475507501,3.11458012061,3.11458012051,3.11458012051,3.11458012041,3.72649760744,3.72649760743,3.72649760743,3.72649760744,3.72649760744,3.72649760744,3.72649760741,3.72649760741,3.72649760794,3.72649760724,3.72649760722,3.72649760722,4.49254600374,4.49254600374,4.49254600374,4.49254600371,4.49254600371,4.49254600394,4.49254600404,4.49254600404,4.49254600404,4.492546004002,4.492546004002,4.49254600405,4.49254600404,4.49254600413,4.49254600413,4.49254600414,4.49254600404,6.28562785028,6.28562785028,6.28562785038
"t94",5.55655874231,5.55655874231,5.55655874231,5.55655874231,5.55655874201,5.55655874182,5.55655874182,5.55655874192,5.55655874192,5.55655874191,5.55655874181,5.55655874182,5.55655874182,5.55655874181,5.55655874181,5.55655874181,5.55655874206,5.55655874206,5.55655874221,5.55655874221,5.55655874221,5.55655874181,5.55655874181,5.55655874181,5.55655874181,5.55655874141,5.55655874141,5.55655874141,5.55655874151,5.55655874211,5.55655874201,5.55655874181,5.55655874184,5.55655874184,5.55655874174,5.55655874181,5.55655874175,5.55655874175,5.55655874179,5.55655874179,5.55655874179,5.55655874179,5.55655874181,5.55655874191,5.55655874191,5.55655874191,5.55655874191,5.55655874182,5.55655874182,5.55655874191,5.55655874231,5.55655874231,5.55655874161,5.55655874161,4.52915356448,4.52915356448,3.66755834381,2.61251606521,2.61251606521,0.11828665102,0,1.82375135921,2.16475507501,2.16475507501,3.11458012061,3.11458012051,3.11458012051,3.11458012041,3.72649760744,3.72649760743,3.72649760743,3.72649760744,3.72649760744,3.72649760744,3.72649760741,3.72649760741,3.72649760794,3.72649760724,3.72649760722,3.72649760722,4.49254600374,4.49254600374,4.49254600374,4.49254600371,4.49254600371,4.49254600394,4.49254600404,4.49254600404,4.49254600404,4.492546004002,4.492546004002,4.49254600405,4.49254600404,4.49254600413,4.49254600413,4.49254600414,4.49254600404,6.28562785028,6.28562785028,6.28562785038
"t18",5.5565587423,5.5565587423,5.5565587423,5.5565587423,5.556558742,5.55655874181,5.55655874181,5.55655874191,5.55655874191,5.5565587419,5.5565587418,5.55655874181,5.55655874181,5.5565587418,5.5565587418,5.5565587418,5.55655874205,5.55655874205,5.5565587422,5.5565587422,5.5565587422,5.5565587418,5.5565587418,5.5565587418,5.5565587418,5.5565587414,5.5565587414,5.5565587414,5.5565587415,5.5565587421,5.556558742,5.5565587418,5.55655874183,5.55655874183,5.55655874173,5.5565587418,5.55655874174,5.55655874174,5.55655874178,5.55655874178,5.55655874178,5.55655874178,5.5565587418,5.5565587419,5.5565587419,5.5565587419,5.5565587419,5.55655874181,5.55655874181,5.5565587419,5.5565587423,5.5565587423,5.5565587416,5.5565587416,4.52915356447,4.52915356447,3.6675583438,2.6125160652,2.6125160652,1.82375135921,1.82375135921,0,2.164755075,2.164755075,3.1145801206,3.1145801205,3.1145801205,3.1145801204,3.72649760743,3.72649760742,3.72649760742,3.72649760743,3.72649760743,3.72649760743,3.7264976074,3.7264976074,3.72649760793,3.72649760723,3.72649760721,3.72649760721,4.49254600373,4.49254600373,4.49254600373,4.4925460037,4.4925460037,4.49254600393,4.49254600403,4.49254600403,4.49254600403,4.492546003992,4.492546003992,4.49254600404,4.49254600403,4.49254600412,4.49254600412,4.49254600413,4.49254600403,6.28562785027,6.28562785027,6.28562785037
"t66",5.5565587423,5.5565587423,5.5565587423,5.5565587423,5.556558742,5.55655874181,5.55655874181,5.55655874191,5.55655874191,5.5565587419,5.5565587418,5.55655874181,5.55655874181,5.5565587418,5.5565587418,5.5565587418,5.55655874205,5.55655874205,5.5565587422,5.5565587422,5.5565587422,5.5565587418,5.5565587418,5.5565587418,5.5565587418,5.5565587414,5.5565587414,5.5565587414,5.5565587415,5.5565587421,5.556558742,5.5565587418,5.55655874183,5.55655874183,5.55655874173,5.5565587418,5.55655874174,5.55655874174,5.55655874178,5.55655874178,5.55655874178,5.55655874178,5.5565587418,5.5565587419,5.5565587419,5.5565587419,5.5565587419,5.55655874181,5.55655874181,5.5565587419,5.5565587423,5.5565587423,5.5565587416,5.5565587416,4.52915356447,4.52915356447,3.6675583438,2.6125160652,2.6125160652,2.16475507501,2.16475507501,2.164755075,0,0.3632040746,3.1145801206,3.1145801205,3.1145801205,3.1145801204,3.72649760743,3.72649760742,3.72649760742,3.72649760743,3.72649760743,3.72649760743,3.7264976074,3.7264976074,3.72649760793,3.72649760723,3.72649760721,3.72649760721,4.49254600373,4.49254600373,4.49254600373,4.4925460037,4.4925460037,4.49254600393,4.49254600403,4.49254600403,4.49254600403,4.492546003992,4.492546003992,4.49254600404,4.49254600403,4.49254600412,4.49254600412,4.49254600413,4.49254600403,6.28562785027,6.28562785027,6.28562785037
"t67",5.5565587423,5.5565587423,5.5565587423,5.5565587423,5.556558742,5.55655874181,5.55655874181,5.55655874191,5.55655874191,5.5565587419,5.5565587418,5.55655874181,5.55655874181,5.5565587418,5.5565587418,5.5565587418,5.55655874205,5.55655874205,5.5565587422,5.5565587422,5.5565587422,5.5565587418,5.5565587418,5.5565587418,5.5565587418,5.5565587414,5.5565587414,5.5565587414,5.5565587415,5.5565587421,5.556558742,5.5565587418,5.55655874183,5.55655874183,5.55655874173,5.5565587418,5.55655874174,5.55655874174,5.55655874178,5.55655874178,5.55655874178,5.55655874178,5.5565587418,5.5565587419,5.5565587419,5.5565587419,5.5565587419,5.55655874181,5.55655874181,5.5565587419,5.5565587423,5.5565587423,5.5565587416,5.5565587416,4.52915356447,4.52915356447,3.6675583438,2.6125160652,2.6125160652,2.16475507501,2.16475507501,2.164755075,0.3632040746,0,3.1145801206,3.1145801205,3.1145801205,3.1145801204,3.72649760743,3.72649760742,3.72649760742,3.72649760743,3.72649760743,3.72649760743,3.7264976074,3.7264976074,3.72649760793,3.72649760723,3.72649760721,3.72649760721,4.49254600373,4.49254600373,4.49254600373,4.4925460037,4.4925460037,4.49254600393,4.49254600403,4.49254600403,4.49254600403,4.492546003992,4.492546003992,4.49254600404,4.49254600403,4.49254600412,4.49254600412,4.49254600413,4.49254600403,6.28562785027,6.28562785027,6.28562785037
"t15",5.5565587423,5.5565587423,5.5565587423,5.5565587423,5.556558742,5.55655874181,5.55655874181,5.55655874191,5.55655874191,5.5565587419,5.5565587418,5.55655874181,5.55655874181,5.5565587418,5.5565587418,5.5565587418,5.55655874205,5.55655874205,5.5565587422,5.5565587422,5.5565587422,5.5565587418,5.5565587418,5.5565587418,5.5565587418,5.5565587414,5.5565587414,5.5565587414,5.5565587415,5.5565587421,5.556558742,5.5565587418,5.55655874183,5.55655874183,5.55655874173,5.5565587418,5.55655874174,5.55655874174,5.55655874178,5.55655874178,5.55655874178,5.55655874178,5.5565587418,5.5565587419,5.5565587419,5.5565587419,5.5565587419,5.55655874181,5.55655874181,5.5565587419,5.5565587423,5.5565587423,5.5565587416,5.5565587416,4.52915356447,4.52915356447,3.6675583438,3.1145801206,3.1145801206,3.11458012061,3.11458012061,3.1145801206,3.1145801206,3.1145801206,0,1.9649741397,1.9649741397,2.3237337222,3.72649760743,3.72649760742,3.72649760742,3.72649760743,3.72649760743,3.72649760743,3.7264976074,3.7264976074,3.72649760793,3.72649760723,3.72649760721,3.72649760721,4.49254600373,4.49254600373,4.49254600373,4.4925460037,4.4925460037,4.49254600393,4.49254600403,4.49254600403,4.49254600403,4.492546003992,4.492546003992,4.49254600404,4.49254600403,4.49254600412,4.49254600412,4.49254600413,4.49254600403,6.28562785027,6.28562785027,6.28562785037
"t50",5.5565587422,5.5565587422,5.5565587422,5.5565587422,5.5565587419,5.55655874171,5.55655874171,5.55655874181,5.55655874181,5.5565587418,5.5565587417,5.55655874171,5.55655874171,5.5565587417,5.5565587417,5.5565587417,5.55655874195,5.55655874195,5.5565587421,5.5565587421,5.5565587421,5.5565587417,5.5565587417,5.5565587417,5.5565587417,5.5565587413,5.5565587413,5.5565587413,5.5565587414,5.556558742,5.5565587419,5.5565587417,5.55655874173,5.55655874173,5.55655874163,5.5565587417,5.55655874164,5.55655874164,5.55655874168,5.55655874168,5.55655874168,5.55655874168,5.5565587417,5.5565587418,5.5565587418,5.5565587418,5.5565587418,5.55655874171,5.55655874171,5.5565587418,5.5565587422,5.5565587422,5.5565587415,5.5565587415,4.52915356437,4.52915356437,3.6675583437,3.1145801205,3.1145801205,3.11458012051,3.11458012051,3.1145801205,3.1145801205,3.1145801205,1.9649741397,0,0.5454382844,2.3237337221,3.72649760733,3.72649760732,3.72649760732,3.72649760733,3.72649760733,3.72649760733,3.7264976073,3.7264976073,3.72649760783,3.72649760713,3.72649760711,3.72649760711,4.49254600363,4.49254600363,4.49254600363,4.4925460036,4.4925460036,4.49254600383,4.49254600393,4.49254600393,4.49254600393,4.492546003892,4.492546003892,4.49254600394,4.49254600393,4.49254600402,4.49254600402,4.49254600403,4.49254600393,6.28562785017,6.28562785017,6.28562785027
"t51",5.5565587422,5.5565587422,5.5565587422,5.5565587422,5.5565587419,5.55655874171,5.55655874171,5.55655874181,5.55655874181,5.5565587418,5.5565587417,5.55655874171,5.55655874171,5.5565587417,5.5565587417,5.5565587417,5.55655874195,5.55655874195,5.5565587421,5.5565587421,5.5565587421,5.5565587417,5.5565587417,5.5565587417,5.5565587417,5.5565587413,5.5565587413,5.5565587413,5.5565587414,5.556558742,5.5565587419,5.5565587417,5.55655874173,5.55655874173,5.55655874163,5.5565587417,5.55655874164,5.55655874164,5.55655874168,5.55655874168,5.55655874168,5.55655874168,5.5565587417,5.5565587418,5.5565587418,5.5565587418,5.5565587418,5.55655874171,5.55655874171,5.5565587418,5.5565587422,5.5565587422,5.5565587415,5.5565587415,4.52915356437,4.52915356437,3.6675583437,3.1145801205,3.1145801205,3.11458012051,3.11458012051,3.1145801205,3.1145801205,3.1145801205,1.9649741397,0.5454382844,0,2.3237337221,3.72649760733,3.72649760732,3.72649760732,3.72649760733,3.72649760733,3.72649760733,3.7264976073,3.7264976073,3.72649760783,3.72649760713,3.72649760711,3.72649760711,4.49254600363,4.49254600363,4.49254600363,4.4925460036,4.4925460036,4.49254600383,4.49254600393,4.49254600393,4.49254600393,4.492546003892,4.492546003892,4.49254600394,4.49254600393,4.49254600402,4.49254600402,4.49254600403,4.49254600393,6.28562785017,6.28562785017,6.28562785027
"t7",5.5565587421,5.5565587421,5.5565587421,5.5565587421,5.5565587418,5.55655874161,5.55655874161,5.55655874171,5.55655874171,5.5565587417,5.5565587416,5.55655874161,5.55655874161,5.5565587416,5.5565587416,5.5565587416,5.55655874185,5.55655874185,5.556558742,5.556558742,5.556558742,5.5565587416,5.5565587416,5.5565587416,5.5565587416,5.5565587412,5.5565587412,5.5565587412,5.5565587413,5.5565587419,5.5565587418,5.5565587416,5.55655874163,5.55655874163,5.55655874153,5.5565587416,5.55655874154,5.55655874154,5.55655874158,5.55655874158,5.55655874158,5.55655874158,5.5565587416,5.5565587417,5.5565587417,5.5565587417,5.5565587417,5.55655874161,5.55655874161,5.5565587417,5.5565587421,5.5565587421,5.5565587414,5.5565587414,4.52915356427,4.52915356427,3.6675583436,3.1145801204,3.1145801204,3.11458012041,3.11458012041,3.1145801204,3.1145801204,3.1145801204,2.3237337222,2.3237337221,2.3237337221,0,3.72649760723,3.72649760722,3.72649760722,3.72649760723,3.72649760723,3.72649760723,3.7264976072,3.7264976072,3.72649760773,3.72649760703,3.72649760701,3.72649760701,4.49254600353,4.49254600353,4.49254600353,4.4925460035,4.4925460035,4.49254600373,4.49254600383,4.49254600383,4.49254600383,4.492546003792,4.492546003792,4.49254600384,4.49254600383,4.49254600392,4.49254600392,4.49254600393,4.49254600383,6.28562785007,6.28562785007,6.28562785017
"t44",5.55655874227,5.55655874227,5.55655874227,5.55655874227,5.55655874197,5.55655874178,5.55655874178,5.55655874188,5.55655874188,5.55655874187,5.55655874177,5.55655874178,5.55655874178,5.55655874177,5.55655874177,5.55655874177,5.55655874202,5.55655874202,5.55655874217,5.55655874217,5.55655874217,5.55655874177,5.55655874177,5.55655874177,5.55655874177,5.55655874137,5.55655874137,5.55655874137,5.55655874147,5.55655874207,5.55655874197,5.55655874177,5.5565587418,5.5565587418,5.5565587417,5.55655874177,5.55655874171,5.55655874171,5.55655874175,5.55655874175,5.55655874175,5.55655874175,5.55655874177,5.55655874187,5.55655874187,5.55655874187,5.55655874187,5.55655874178,5.55655874178,5.55655874187,5.55655874227,5.55655874227,5.55655874157,5.55655874157,4.52915356444,4.52915356444,3.72649760763,3.72649760743,3.72649760743,3.72649760744,3.72649760744,3.72649760743,3.72649760743,3.72649760743,3.72649760743,3.72649760733,3.72649760733,3.72649760723,0,0.66098841399,0.66098841399,0.660988414,1.6418759092,1.6418759092,1.64187590917,1.64187590917,2.2441030115,3.2125821748,3.21258217478,3.21258217478,4.4925460037,4.4925460037,4.4925460037,4.49254600367,4.49254600367,4.4925460039,4.492546004,4.492546004,4.492546004,4.492546003962,4.492546003962,4.49254600401,4.492546004,4.49254600409,4.49254600409,4.4925460041,4.492546004,6.28562785024,6.28562785024,6.28562785034
"t89",5.55655874226,5.55655874226,5.55655874226,5.55655874226,5.55655874196,5.55655874177,5.55655874177,5.55655874187,5.55655874187,5.55655874186,5.55655874176,5.55655874177,5.55655874177,5.55655874176,5.55655874176,5.55655874176,5.55655874201,5.55655874201,5.55655874216,5.55655874216,5.55655874216,5.55655874176,5.55655874176,5.55655874176,5.55655874176,5.55655874136,5.55655874136,5.55655874136,5.55655874146,5.55655874206,5.55655874196,5.55655874176,5.55655874179,5.55655874179,5.55655874169,5.55655874176,5.5565587417,5.5565587417,5.55655874174,5.55655874174,5.55655874174,5.55655874174,5.55655874176,5.55655874186,5.55655874186,5.55655874186,5.55655874186,5.55655874177,5.55655874177,5.55655874186,5.55655874226,5.55655874226,5.55655874156,5.55655874156,4.52915356443,4.52915356443,3.72649760762,3.72649760742,3.72649760742,3.72649760743,3.72649760743,3.72649760742,3.72649760742,3.72649760742,3.72649760742,3.72649760732,3.72649760732,3.72649760722,0.66098841399,0,0.12634900132,0.31910781739,1.64187590919,1.64187590919,1.64187590916,1.64187590916,2.24410301149,3.21258217479,3.21258217477,3.21258217477,4.49254600369,4.49254600369,4.49254600369,4.49254600366,4.49254600366,4.49254600389,4.49254600399,4.49254600399,4.49254600399,4.492546003952,4.492546003952,4.492546004,4.49254600399,4.49254600408,4.49254600408,4.49254600409,4.49254600399,6.28562785023,6.28562785023,6.28562785033
"t90",5.55655874226,5.55655874226,5.55655874226,5.55655874226,5.55655874196,5.55655874177,5.55655874177,5.55655874187,5.55655874187,5.55655874186,5.55655874176,5.55655874177,5.55655874177,5.55655874176,5.55655874176,5.55655874176,5.55655874201,5.55655874201,5.55655874216,5.55655874216,5.55655874216,5.55655874176,5.55655874176,5.55655874176,5.55655874176,5.55655874136,5.55655874136,5.55655874136,5.55655874146,5.55655874206,5.55655874196,5.55655874176,5.55655874179,5.55655874179,5.55655874169,5.55655874176,5.5565587417,5.5565587417,5.55655874174,5.55655874174,5.55655874174,5.55655874174,5.55655874176,5.55655874186,5.55655874186,5.55655874186,5.55655874186,5.55655874177,5.55655874177,5.55655874186,5.55655874226,5.55655874226,5.55655874156,5.55655874156,4.52915356443,4.52915356443,3.72649760762,3.72649760742,3.72649760742,3.72649760743,3.72649760743,3.72649760742,3.72649760742,3.72649760742,3.72649760742,3.72649760732,3.72649760732,3.72649760722,0.66098841399,0.12634900132,0,0.31910781739,1.64187590919,1.64187590919,1.64187590916,1.64187590916,2.24410301149,3.21258217479,3.21258217477,3.21258217477,4.49254600369,4.49254600369,4.49254600369,4.49254600366,4.49254600366,4.49254600389,4.49254600399,4.49254600399,4.49254600399,4.492546003952,4.492546003952,4.492546004,4.49254600399,4.49254600408,4.49254600408,4.49254600409,4.49254600399,6.28562785023,6.28562785023,6.28562785033
"t74",5.55655874227,5.55655874227,5.55655874227,5.55655874227,5.55655874197,5.55655874178,5.55655874178,5.55655874188,5.55655874188,5.55655874187,5.55655874177,5.55655874178,5.55655874178,5.55655874177,5.55655874177,5.55655874177,5.55655874202,5.55655874202,5.55655874217,5.55655874217,5.55655874217,5.55655874177,5.55655874177,5.55655874177,5.55655874177,5.55655874137,5.55655874137,5.55655874137,5.55655874147,5.55655874207,5.55655874197,5.55655874177,5.5565587418,5.5565587418,5.5565587417,5.55655874177,5.55655874171,5.55655874171,5.55655874175,5.55655874175,5.55655874175,5.55655874175,5.55655874177,5.55655874187,5.55655874187,5.55655874187,5.55655874187,5.55655874178,5.55655874178,5.55655874187,5.55655874227,5.55655874227,5.55655874157,5.55655874157,4.52915356444,4.52915356444,3.72649760763,3.72649760743,3.72649760743,3.72649760744,3.72649760744,3.72649760743,3.72649760743,3.72649760743,3.72649760743,3.72649760733,3.72649760733,3.72649760723,0.660988414,0.31910781739,0.31910781739,0,1.6418759092,1.6418759092,1.64187590917,1.64187590917,2.2441030115,3.2125821748,3.21258217478,3.21258217478,4.4925460037,4.4925460037,4.4925460037,4.49254600367,4.49254600367,4.4925460039,4.492546004,4.492546004,4.492546004,4.492546003962,4.492546003962,4.49254600401,4.492546004,4.49254600409,4.49254600409,4.4925460041,4.492546004,6.28562785024,6.28562785024,6.28562785034
"t29",5.55655874227,5.55655874227,5.55655874227,5.55655874227,5.55655874197,5.55655874178,5.55655874178,5.55655874188,5.55655874188,5.55655874187,5.55655874177,5.55655874178,5.55655874178,5.55655874177,5.55655874177,5.55655874177,5.55655874202,5.55655874202,5.55655874217,5.55655874217,5.55655874217,5.55655874177,5.55655874177,5.55655874177,5.55655874177,5.55655874137,5.55655874137,5.55655874137,5.55655874147,5.55655874207,5.55655874197,5.55655874177,5.5565587418,5.5565587418,5.5565587417,5.55655874177,5.55655874171,5.55655874171,5.55655874175,5.55655874175,5.55655874175,5.55655874175,5.55655874177,5.55655874187,5.55655874187,5.55655874187,5.55655874187,5.55655874178,5.55655874178,5.55655874187,5.55655874227,5.55655874227,5.55655874157,5.55655874157,4.52915356444,4.52915356444,3.72649760763,3.72649760743,3.72649760743,3.72649760744,3.72649760744,3.72649760743,3.72649760743,3.72649760743,3.72649760743,3.72649760733,3.72649760733,3.72649760723,1.6418759092,1.64187590919,1.64187590919,1.6418759092,0,1.1369398334,1.13693983337,1.13693983337,2.2441030115,3.2125821748,3.21258217478,3.21258217478,4.4925460037,4.4925460037,4.4925460037,4.49254600367,4.49254600367,4.4925460039,4.492546004,4.492546004,4.492546004,4.492546003962,4.492546003962,4.49254600401,4.492546004,4.49254600409,4.49254600409,4.4925460041,4.492546004,6.28562785024,6.28562785024,6.28562785034
"t77",5.55655874227,5.55655874227,5.55655874227,5.55655874227,5.55655874197,5.55655874178,5.55655874178,5.55655874188,5.55655874188,5.55655874187,5.55655874177,5.55655874178,5.55655874178,5.55655874177,5.55655874177,5.55655874177,5.55655874202,5.55655874202,5.55655874217,5.55655874217,5.55655874217,5.55655874177,5.55655874177,5.55655874177,5.55655874177,5.55655874137,5.55655874137,5.55655874137,5.55655874147,5.55655874207,5.55655874197,5.55655874177,5.5565587418,5.5565587418,5.5565587417,5.55655874177,5.55655874171,5.55655874171,5.55655874175,5.55655874175,5.55655874175,5.55655874175,5.55655874177,5.55655874187,5.55655874187,5.55655874187,5.55655874187,5.55655874178,5.55655874178,5.55655874187,5.55655874227,5.55655874227,5.55655874157,5.55655874157,4.52915356444,4.52915356444,3.72649760763,3.72649760743,3.72649760743,3.72649760744,3.72649760744,3.72649760743,3.72649760743,3.72649760743,3.72649760743,3.72649760733,3.72649760733,3.72649760723,1.6418759092,1.64187590919,1.64187590919,1.6418759092,1.1369398334,0,0.26596033397,0.26596033397,2.2441030115,3.2125821748,3.21258217478,3.21258217478,4.4925460037,4.4925460037,4.4925460037,4.49254600367,4.49254600367,4.4925460039,4.492546004,4.492546004,4.492546004,4.492546003962,4.492546003962,4.49254600401,4.492546004,4.49254600409,4.49254600409,4.4925460041,4.492546004,6.28562785024,6.28562785024,6.28562785034
"t82",5.55655874224,5.55655874224,5.55655874224,5.55655874224,5.55655874194,5.55655874175,5.55655874175,5.55655874185,5.55655874185,5.55655874184,5.55655874174,5.55655874175,5.55655874175,5.55655874174,5.55655874174,5.55655874174,5.55655874199,5.55655874199,5.55655874214,5.55655874214,5.55655874214,5.55655874174,5.55655874174,5.55655874174,5.55655874174,5.55655874134,5.55655874134,5.55655874134,5.55655874144,5.55655874204,5.55655874194,5.55655874174,5.55655874177,5.55655874177,5.55655874167,5.55655874174,5.55655874168,5.55655874168,5.55655874172,5.55655874172,5.55655874172,5.55655874172,5.55655874174,5.55655874184,5.55655874184,5.55655874184,5.55655874184,5.55655874175,5.55655874175,5.55655874184,5.55655874224,5.55655874224,5.55655874154,5.55655874154,4.52915356441,4.52915356441,3.7264976076,3.7264976074,3.7264976074,3.72649760741,3.72649760741,3.7264976074,3.7264976074,3.7264976074,3.7264976074,3.7264976073,3.7264976073,3.7264976072,1.64187590917,1.64187590916,1.64187590916,1.64187590917,1.13693983337,0.26596033397,0,0.2116030328,2.24410301147,3.21258217477,3.21258217475,3.21258217475,4.49254600367,4.49254600367,4.49254600367,4.49254600364,4.49254600364,4.49254600387,4.49254600397,4.49254600397,4.49254600397,4.492546003932,4.492546003932,4.49254600398,4.49254600397,4.49254600406,4.49254600406,4.49254600407,4.49254600397,6.28562785021,6.28562785021,6.28562785031
"t83",5.55655874224,5.55655874224,5.55655874224,5.55655874224,5.55655874194,5.55655874175,5.55655874175,5.55655874185,5.55655874185,5.55655874184,5.55655874174,5.55655874175,5.55655874175,5.55655874174,5.55655874174,5.55655874174,5.55655874199,5.55655874199,5.55655874214,5.55655874214,5.55655874214,5.55655874174,5.55655874174,5.55655874174,5.55655874174,5.55655874134,5.55655874134,5.55655874134,5.55655874144,5.55655874204,5.55655874194,5.55655874174,5.55655874177,5.55655874177,5.55655874167,5.55655874174,5.55655874168,5.55655874168,5.55655874172,5.55655874172,5.55655874172,5.55655874172,5.55655874174,5.55655874184,5.55655874184,5.55655874184,5.55655874184,5.55655874175,5.55655874175,5.55655874184,5.55655874224,5.55655874224,5.55655874154,5.55655874154,4.52915356441,4.52915356441,3.7264976076,3.7264976074,3.7264976074,3.72649760741,3.72649760741,3.7264976074,3.7264976074,3.7264976074,3.7264976074,3.7264976073,3.7264976073,3.7264976072,1.64187590917,1.64187590916,1.64187590916,1.64187590917,1.13693983337,0.26596033397,0.2116030328,0,2.24410301147,3.21258217477,3.21258217475,3.21258217475,4.49254600367,4.49254600367,4.49254600367,4.49254600364,4.49254600364,4.49254600387,4.49254600397,4.49254600397,4.49254600397,4.492546003932,4.492546003932,4.49254600398,4.49254600397,4.49254600406,4.49254600406,4.49254600407,4.49254600397,6.28562785021,6.28562785021,6.28562785031
"t10",5.55655874277,5.55655874277,5.55655874277,5.55655874277,5.55655874247,5.55655874228,5.55655874228,5.55655874238,5.55655874238,5.55655874237,5.55655874227,5.55655874228,5.55655874228,5.55655874227,5.55655874227,5.55655874227,5.55655874252,5.55655874252,5.55655874267,5.55655874267,5.55655874267,5.55655874227,5.55655874227,5.55655874227,5.55655874227,5.55655874187,5.55655874187,5.55655874187,5.55655874197,5.55655874257,5.55655874247,5.55655874227,5.5565587423,5.5565587423,5.5565587422,5.55655874227,5.55655874221,5.55655874221,5.55655874225,5.55655874225,5.55655874225,5.55655874225,5.55655874227,5.55655874237,5.55655874237,5.55655874237,5.55655874237,5.55655874228,5.55655874228,5.55655874237,5.55655874277,5.55655874277,5.55655874207,5.55655874207,4.52915356494,4.52915356494,3.72649760813,3.72649760793,3.72649760793,3.72649760794,3.72649760794,3.72649760793,3.72649760793,3.72649760793,3.72649760793,3.72649760783,3.72649760783,3.72649760773,2.2441030115,2.24410301149,2.24410301149,2.2441030115,2.2441030115,2.2441030115,2.24410301147,2.24410301147,0,3.2125821753,3.21258217528,3.21258217528,4.4925460042,4.4925460042,4.4925460042,4.49254600417,4.49254600417,4.4925460044,4.4925460045,4.4925460045,4.4925460045,4.492546004462,4.492546004462,4.49254600451,4.4925460045,4.49254600459,4.49254600459,4.4925460046,4.4925460045,6.28562785074,6.28562785074,6.28562785084
"t84",5.55655874207,5.55655874207,5.55655874207,5.55655874207,5.55655874177,5.55655874158,5.55655874158,5.55655874168,5.55655874168,5.55655874167,5.55655874157,5.55655874158,5.55655874158,5.55655874157,5.55655874157,5.55655874157,5.55655874182,5.55655874182,5.55655874197,5.55655874197,5.55655874197,5.55655874157,5.55655874157,5.55655874157,5.55655874157,5.55655874117,5.55655874117,5.55655874117,5.55655874127,5.55655874187,5.55655874177,5.55655874157,5.5565587416,5.5565587416,5.5565587415,5.55655874157,5.55655874151,5.55655874151,5.55655874155,5.55655874155,5.55655874155,5.55655874155,5.55655874157,5.55655874167,5.55655874167,5.55655874167,5.55655874167,5.55655874158,5.55655874158,5.55655874167,5.55655874207,5.55655874207,5.55655874137,5.55655874137,4.52915356424,4.52915356424,3.72649760743,3.72649760723,3.72649760723,3.72649760724,3.72649760724,3.72649760723,3.72649760723,3.72649760723,3.72649760723,3.72649760713,3.72649760713,3.72649760703,3.2125821748,3.21258217479,3.21258217479,3.2125821748,3.2125821748,3.2125821748,3.21258217477,3.21258217477,3.2125821753,0,0.20647024458,0.20647024458,4.4925460035,4.4925460035,4.4925460035,4.49254600347,4.49254600347,4.4925460037,4.4925460038,4.4925460038,4.4925460038,4.492546003762,4.492546003762,4.49254600381,4.4925460038,4.49254600389,4.49254600389,4.4925460039,4.4925460038,6.28562785004,6.28562785004,6.28562785014
"t91",5.55655874205,5.55655874205,5.55655874205,5.55655874205,5.55655874175,5.55655874156,5.55655874156,5.55655874166,5.55655874166,5.55655874165,5.55655874155,5.55655874156,5.55655874156,5.55655874155,5.55655874155,5.55655874155,5.5565587418,5.5565587418,5.55655874195,5.55655874195,5.55655874195,5.55655874155,5.55655874155,5.55655874155,5.55655874155,5.55655874115,5.55655874115,5.55655874115,5.55655874125,5.55655874185,5.55655874175,5.55655874155,5.55655874158,5.55655874158,5.55655874148,5.55655874155,5.55655874149,5.55655874149,5.55655874153,5.55655874153,5.55655874153,5.55655874153,5.55655874155,5.55655874165,5.55655874165,5.55655874165,5.55655874165,5.55655874156,5.55655874156,5.55655874165,5.55655874205,5.55655874205,5.55655874135,5.55655874135,4.52915356422,4.52915356422,3.72649760741,3.72649760721,3.72649760721,3.72649760722,3.72649760722,3.72649760721,3.72649760721,3.72649760721,3.72649760721,3.72649760711,3.72649760711,3.72649760701,3.21258217478,3.21258217477,3.21258217477,3.21258217478,3.21258217478,3.21258217478,3.21258217475,3.21258217475,3.21258217528,0.20647024458,0,0.11897194246,4.49254600348,4.49254600348,4.49254600348,4.49254600345,4.49254600345,4.49254600368,4.49254600378,4.49254600378,4.49254600378,4.492546003742,4.492546003742,4.49254600379,4.49254600378,4.49254600387,4.49254600387,4.49254600388,4.49254600378,6.28562785002,6.28562785002,6.28562785012
"t92",5.55655874205,5.55655874205,5.55655874205,5.55655874205,5.55655874175,5.55655874156,5.55655874156,5.55655874166,5.55655874166,5.55655874165,5.55655874155,5.55655874156,5.55655874156,5.55655874155,5.55655874155,5.55655874155,5.5565587418,5.5565587418,5.55655874195,5.55655874195,5.55655874195,5.55655874155,5.55655874155,5.55655874155,5.55655874155,5.55655874115,5.55655874115,5.55655874115,5.55655874125,5.55655874185,5.55655874175,5.55655874155,5.55655874158,5.55655874158,5.55655874148,5.55655874155,5.55655874149,5.55655874149,5.55655874153,5.55655874153,5.55655874153,5.55655874153,5.55655874155,5.55655874165,5.55655874165,5.55655874165,5.55655874165,5.55655874156,5.55655874156,5.55655874165,5.55655874205,5.55655874205,5.55655874135,5.55655874135,4.52915356422,4.52915356422,3.72649760741,3.72649760721,3.72649760721,3.72649760722,3.72649760722,3.72649760721,3.72649760721,3.72649760721,3.72649760721,3.72649760711,3.72649760711,3.72649760701,3.21258217478,3.21258217477,3.21258217477,3.21258217478,3.21258217478,3.21258217478,3.21258217475,3.21258217475,3.21258217528,0.20647024458,0.11897194246,0,4.49254600348,4.49254600348,4.49254600348,4.49254600345,4.49254600345,4.49254600368,4.49254600378,4.49254600378,4.49254600378,4.492546003742,4.492546003742,4.49254600379,4.49254600378,4.49254600387,4.49254600387,4.49254600388,4.49254600378,6.28562785002,6.28562785002,6.28562785012
"t26",5.55655874197,5.55655874197,5.55655874197,5.55655874197,5.55655874167,5.55655874148,5.55655874148,5.55655874158,5.55655874158,5.55655874157,5.55655874147,5.55655874148,5.55655874148,5.55655874147,5.55655874147,5.55655874147,5.55655874172,5.55655874172,5.55655874187,5.55655874187,5.55655874187,5.55655874147,5.55655874147,5.55655874147,5.55655874147,5.55655874107,5.55655874107,5.55655874107,5.55655874117,5.55655874177,5.55655874167,5.55655874147,5.5565587415,5.5565587415,5.5565587414,5.55655874147,5.55655874141,5.55655874141,5.55655874145,5.55655874145,5.55655874145,5.55655874145,5.55655874147,5.55655874157,5.55655874157,5.55655874157,5.55655874157,5.55655874148,5.55655874148,5.55655874157,5.55655874197,5.55655874197,5.55655874127,5.55655874127,4.52915356414,4.52915356414,4.49254600393,4.49254600373,4.49254600373,4.49254600374,4.49254600374,4.49254600373,4.49254600373,4.49254600373,4.49254600373,4.49254600363,4.49254600363,4.49254600353,4.4925460037,4.49254600369,4.49254600369,4.4925460037,4.4925460037,4.4925460037,4.49254600367,4.49254600367,4.4925460042,4.4925460035,4.49254600348,4.49254600348,0,1.3229316148,1.3229316148,1.32293161477,1.32293161477,3.435530911,3.4355309111,3.4355309111,3.4355309111,3.435530911062,3.435530911062,3.43553091111,3.4355309111,3.43553091119,3.43553091119,3.4355309112,3.4355309111,6.28562784994,6.28562784994,6.28562785004
"t63",5.55655874197,5.55655874197,5.55655874197,5.55655874197,5.55655874167,5.55655874148,5.55655874148,5.55655874158,5.55655874158,5.55655874157,5.55655874147,5.55655874148,5.55655874148,5.55655874147,5.55655874147,5.55655874147,5.55655874172,5.55655874172,5.55655874187,5.55655874187,5.55655874187,5.55655874147,5.55655874147,5.55655874147,5.55655874147,5.55655874107,5.55655874107,5.55655874107,5.55655874117,5.55655874177,5.55655874167,5.55655874147,5.5565587415,5.5565587415,5.5565587414,5.55655874147,5.55655874141,5.55655874141,5.55655874145,5.55655874145,5.55655874145,5.55655874145,5.55655874147,5.55655874157,5.55655874157,5.55655874157,5.55655874157,5.55655874148,5.55655874148,5.55655874157,5.55655874197,5.55655874197,5.55655874127,5.55655874127,4.52915356414,4.52915356414,4.49254600393,4.49254600373,4.49254600373,4.49254600374,4.49254600374,4.49254600373,4.49254600373,4.49254600373,4.49254600373,4.49254600363,4.49254600363,4.49254600353,4.4925460037,4.49254600369,4.49254600369,4.4925460037,4.4925460037,4.4925460037,4.49254600367,4.49254600367,4.4925460042,4.4925460035,4.49254600348,4.49254600348,1.3229316148,0,0.37415384,1.06396557077,1.06396557077,3.435530911,3.4355309111,3.4355309111,3.4355309111,3.435530911062,3.435530911062,3.43553091111,3.4355309111,3.43553091119,3.43553091119,3.4355309112,3.4355309111,6.28562784994,6.28562784994,6.28562785004
"t64",5.55655874197,5.55655874197,5.55655874197,5.55655874197,5.55655874167,5.55655874148,5.55655874148,5.55655874158,5.55655874158,5.55655874157,5.55655874147,5.55655874148,5.55655874148,5.55655874147,5.55655874147,5.55655874147,5.55655874172,5.55655874172,5.55655874187,5.55655874187,5.55655874187,5.55655874147,5.55655874147,5.55655874147,5.55655874147,5.55655874107,5.55655874107,5.55655874107,5.55655874117,5.55655874177,5.55655874167,5.55655874147,5.5565587415,5.5565587415,5.5565587414,5.55655874147,5.55655874141,5.55655874141,5.55655874145,5.55655874145,5.55655874145,5.55655874145,5.55655874147,5.55655874157,5.55655874157,5.55655874157,5.55655874157,5.55655874148,5.55655874148,5.55655874157,5.55655874197,5.55655874197,5.55655874127,5.55655874127,4.52915356414,4.52915356414,4.49254600393,4.49254600373,4.49254600373,4.49254600374,4.49254600374,4.49254600373,4.49254600373,4.49254600373,4.49254600373,4.49254600363,4.49254600363,4.49254600353,4.4925460037,4.49254600369,4.49254600369,4.4925460037,4.4925460037,4.4925460037,4.49254600367,4.49254600367,4.4925460042,4.4925460035,4.49254600348,4.49254600348,1.3229316148,0.37415384,0,1.06396557077,1.06396557077,3.435530911,3.4355309111,3.4355309111,3.4355309111,3.435530911062,3.435530911062,3.43553091111,3.4355309111,3.43553091119,3.43553091119,3.4355309112,3.4355309111,6.28562784994,6.28562784994,6.28562785004
"t30",5.55655874194,5.55655874194,5.55655874194,5.55655874194,5.55655874164,5.55655874145,5.55655874145,5.55655874155,5.55655874155,5.55655874154,5.55655874144,5.55655874145,5.55655874145,5.55655874144,5.55655874144,5.55655874144,5.55655874169,5.55655874169,5.55655874184,5.55655874184,5.55655874184,5.55655874144,5.55655874144,5.55655874144,5.55655874144,5.55655874104,5.55655874104,5.55655874104,5.55655874114,5.55655874174,5.55655874164,5.55655874144,5.55655874147,5.55655874147,5.55655874137,5.55655874144,5.55655874138,5.55655874138,5.55655874142,5.55655874142,5.55655874142,5.55655874142,5.55655874144,5.55655874154,5.55655874154,5.55655874154,5.55655874154,5.55655874145,5.55655874145,5.55655874154,5.55655874194,5.55655874194,5.55655874124,5.55655874124,4.52915356411,4.52915356411,4.4925460039,4.4925460037,4.4925460037,4.49254600371,4.49254600371,4.4925460037,4.4925460037,4.4925460037,4.4925460037,4.4925460036,4.4925460036,4.4925460035,4.49254600367,4.49254600366,4.49254600366,4.49254600367,4.49254600367,4.49254600367,4.49254600364,4.49254600364,4.49254600417,4.49254600347,4.49254600345,4.49254600345,1.32293161477,1.06396557077,1.06396557077,0,1.0255801564,3.43553091097,3.43553091107,3.43553091107,3.43553091107,3.435530911032,3.435530911032,3.43553091108,3.43553091107,3.43553091116,3.43553091116,3.43553091117,3.43553091107,6.28562784991,6.28562784991,6.28562785001
"t31",5.55655874194,5.55655874194,5.55655874194,5.55655874194,5.55655874164,5.55655874145,5.55655874145,5.55655874155,5.55655874155,5.55655874154,5.55655874144,5.55655874145,5.55655874145,5.55655874144,5.55655874144,5.55655874144,5.55655874169,5.55655874169,5.55655874184,5.55655874184,5.55655874184,5.55655874144,5.55655874144,5.55655874144,5.55655874144,5.55655874104,5.55655874104,5.55655874104,5.55655874114,5.55655874174,5.55655874164,5.55655874144,5.55655874147,5.55655874147,5.55655874137,5.55655874144,5.55655874138,5.55655874138,5.55655874142,5.55655874142,5.55655874142,5.55655874142,5.55655874144,5.55655874154,5.55655874154,5.55655874154,5.55655874154,5.55655874145,5.55655874145,5.55655874154,5.55655874194,5.55655874194,5.55655874124,5.55655874124,4.52915356411,4.52915356411,4.4925460039,4.4925460037,4.4925460037,4.49254600371,4.49254600371,4.4925460037,4.4925460037,4.4925460037,4.4925460037,4.4925460036,4.4925460036,4.4925460035,4.49254600367,4.49254600366,4.49254600366,4.49254600367,4.49254600367,4.49254600367,4.49254600364,4.49254600364,4.49254600417,4.49254600347,4.49254600345,4.49254600345,1.32293161477,1.06396557077,1.06396557077,1.0255801564,0,3.43553091097,3.43553091107,3.43553091107,3.43553091107,3.435530911032,3.435530911032,3.43553091108,3.43553091107,3.43553091116,3.43553091116,3.43553091117,3.43553091107,6.28562784991,6.28562784991,6.28562785001
"t16",5.55655874217,5.55655874217,5.55655874217,5.55655874217,5.55655874187,5.55655874168,5.55655874168,5.55655874178,5.55655874178,5.55655874177,5.55655874167,5.55655874168,5.55655874168,5.55655874167,5.55655874167,5.55655874167,5.55655874192,5.55655874192,5.55655874207,5.55655874207,5.55655874207,5.55655874167,5.55655874167,5.55655874167,5.55655874167,5.55655874127,5.55655874127,5.55655874127,5.55655874137,5.55655874197,5.55655874187,5.55655874167,5.5565587417,5.5565587417,5.5565587416,5.55655874167,5.55655874161,5.55655874161,5.55655874165,5.55655874165,5.55655874165,5.55655874165,5.55655874167,5.55655874177,5.55655874177,5.55655874177,5.55655874177,5.55655874168,5.55655874168,5.55655874177,5.55655874217,5.55655874217,5.55655874147,5.55655874147,4.52915356434,4.52915356434,4.49254600413,4.49254600393,4.49254600393,4.49254600394,4.49254600394,4.49254600393,4.49254600393,4.49254600393,4.49254600393,4.49254600383,4.49254600383,4.49254600373,4.4925460039,4.49254600389,4.49254600389,4.4925460039,4.4925460039,4.4925460039,4.49254600387,4.49254600387,4.4925460044,4.4925460037,4.49254600368,4.49254600368,3.435530911,3.435530911,3.435530911,3.43553091097,3.43553091097,0,1.8723242717,1.8723242717,1.8723242717,1.872324271662,1.872324271662,1.87232427171,1.8723242717,1.87232427179,1.87232427179,1.8723242718,1.8723242717,6.28562785014,6.28562785014,6.28562785024
"t35",5.55655874227,5.55655874227,5.55655874227,5.55655874227,5.55655874197,5.55655874178,5.55655874178,5.55655874188,5.55655874188,5.55655874187,5.55655874177,5.55655874178,5.55655874178,5.55655874177,5.55655874177,5.55655874177,5.55655874202,5.55655874202,5.55655874217,5.55655874217,5.55655874217,5.55655874177,5.55655874177,5.55655874177,5.55655874177,5.55655874137,5.55655874137,5.55655874137,5.55655874147,5.55655874207,5.55655874197,5.55655874177,5.5565587418,5.5565587418,5.5565587417,5.55655874177,5.55655874171,5.55655874171,5.55655874175,5.55655874175,5.55655874175,5.55655874175,5.55655874177,5.55655874187,5.55655874187,5.55655874187,5.55655874187,5.55655874178,5.55655874178,5.55655874187,5.55655874227,5.55655874227,5.55655874157,5.55655874157,4.52915356444,4.52915356444,4.49254600423,4.49254600403,4.49254600403,4.49254600404,4.49254600404,4.49254600403,4.49254600403,4.49254600403,4.49254600403,4.49254600393,4.49254600393,4.49254600383,4.492546004,4.49254600399,4.49254600399,4.492546004,4.492546004,4.492546004,4.49254600397,4.49254600397,4.4925460045,4.4925460038,4.49254600378,4.49254600378,3.4355309111,3.4355309111,3.4355309111,3.43553091107,3.43553091107,1.8723242717,0,0.8889255548,1.4529678958,1.452967895762,1.452967895762,1.45296789581,1.4529678958,1.45296789589,1.45296789589,1.4529678959,1.4529678958,6.28562785024,6.28562785024,6.28562785034
"t36",5.55655874227,5.55655874227,5.55655874227,5.55655874227,5.55655874197,5.55655874178,5.55655874178,5.55655874188,5.55655874188,5.55655874187,5.55655874177,5.55655874178,5.55655874178,5.55655874177,5.55655874177,5.55655874177,5.55655874202,5.55655874202,5.55655874217,5.55655874217,5.55655874217,5.55655874177,5.55655874177,5.55655874177,5.55655874177,5.55655874137,5.55655874137,5.55655874137,5.55655874147,5.55655874207,5.55655874197,5.55655874177,5.5565587418,5.5565587418,5.5565587417,5.55655874177,5.55655874171,5.55655874171,5.55655874175,5.55655874175,5.55655874175,5.55655874175,5.55655874177,5.55655874187,5.55655874187,5.55655874187,5.55655874187,5.55655874178,5.55655874178,5.55655874187,5.55655874227,5.55655874227,5.55655874157,5.55655874157,4.52915356444,4.52915356444,4.49254600423,4.49254600403,4.49254600403,4.49254600404,4.49254600404,4.49254600403,4.49254600403,4.49254600403,4.49254600403,4.49254600393,4.49254600393,4.49254600383,4.492546004,4.49254600399,4.49254600399,4.492546004,4.492546004,4.492546004,4.49254600397,4.49254600397,4.4925460045,4.4925460038,4.49254600378,4.49254600378,3.4355309111,3.4355309111,3.4355309111,3.43553091107,3.43553091107,1.8723242717,0.8889255548,0,1.4529678958,1.452967895762,1.452967895762,1.45296789581,1.4529678958,1.45296789589,1.45296789589,1.4529678959,1.4529678958,6.28562785024,6.28562785024,6.28562785034
"t52",5.55655874227,5.55655874227,5.55655874227,5.55655874227,5.55655874197,5.55655874178,5.55655874178,5.55655874188,5.55655874188,5.55655874187,5.55655874177,5.55655874178,5.55655874178,5.55655874177,5.55655874177,5.55655874177,5.55655874202,5.55655874202,5.55655874217,5.55655874217,5.55655874217,5.55655874177,5.55655874177,5.55655874177,5.55655874177,5.55655874137,5.55655874137,5.55655874137,5.55655874147,5.55655874207,5.55655874197,5.55655874177,5.5565587418,5.5565587418,5.5565587417,5.55655874177,5.55655874171,5.55655874171,5.55655874175,5.55655874175,5.55655874175,5.55655874175,5.55655874177,5.55655874187,5.55655874187,5.55655874187,5.55655874187,5.55655874178,5.55655874178,5.55655874187,5.55655874227,5.55655874227,5.55655874157,5.55655874157,4.52915356444,4.52915356444,4.49254600423,4.49254600403,4.49254600403,4.49254600404,4.49254600404,4.49254600403,4.49254600403,4.49254600403,4.49254600403,4.49254600393,4.49254600393,4.49254600383,4.492546004,4.49254600399,4.49254600399,4.492546004,4.492546004,4.492546004,4.49254600397,4.49254600397,4.4925460045,4.4925460038,4.49254600378,4.49254600378,3.4355309111,3.4355309111,3.4355309111,3.43553091107,3.43553091107,1.8723242717,1.4529678958,1.4529678958,0,0.517885032962,0.517885032962,0.51788503301,1.2040896592,1.20408965929,1.20408965929,1.2040896593,1.2040896592,6.28562785024,6.28562785024,6.28562785034
"t99",5.556558742232,5.556558742232,5.556558742232,5.556558742232,5.556558741932,5.556558741742,5.556558741742,5.556558741842,5.556558741842,5.556558741832,5.556558741732,5.556558741742,5.556558741742,5.556558741732,5.556558741732,5.556558741732,5.556558741982,5.556558741982,5.556558742132,5.556558742132,5.556558742132,5.556558741732,5.556558741732,5.556558741732,5.556558741732,5.556558741332,5.556558741332,5.556558741332,5.556558741432,5.556558742032,5.556558741932,5.556558741732,5.556558741762,5.556558741762,5.556558741662,5.556558741732,5.556558741672,5.556558741672,5.556558741712,5.556558741712,5.556558741712,5.556558741712,5.556558741732,5.556558741832,5.556558741832,5.556558741832,5.556558741832,5.556558741742,5.556558741742,5.556558741832,5.556558742232,5.556558742232,5.556558741532,5.556558741532,4.529153564402,4.529153564402,4.492546004192,4.492546003992,4.492546003992,4.492546004002,4.492546004002,4.492546003992,4.492546003992,4.492546003992,4.492546003992,4.492546003892,4.492546003892,4.492546003792,4.492546003962,4.492546003952,4.492546003952,4.492546003962,4.492546003962,4.492546003962,4.492546003932,4.492546003932,4.492546004462,4.492546003762,4.492546003742,4.492546003742,3.435530911062,3.435530911062,3.435530911062,3.435530911032,3.435530911032,1.872324271662,1.452967895762,1.452967895762,0.517885032962,0,0.005630521104,0.491837689352,1.204089659162,1.204089659252,1.204089659252,1.204089659262,1.204089659162,6.285627850202,6.285627850202,6.285627850302
"t100",5.556558742232,5.556558742232,5.556558742232,5.556558742232,5.556558741932,5.556558741742,5.556558741742,5.556558741842,5.556558741842,5.556558741832,5.556558741732,5.556558741742,5.556558741742,5.556558741732,5.556558741732,5.556558741732,5.556558741982,5.556558741982,5.556558742132,5.556558742132,5.556558742132,5.556558741732,5.556558741732,5.556558741732,5.556558741732,5.556558741332,5.556558741332,5.556558741332,5.556558741432,5.556558742032,5.556558741932,5.556558741732,5.556558741762,5.556558741762,5.556558741662,5.556558741732,5.556558741672,5.556558741672,5.556558741712,5.556558741712,5.556558741712,5.556558741712,5.556558741732,5.556558741832,5.556558741832,5.556558741832,5.556558741832,5.556558741742,5.556558741742,5.556558741832,5.556558742232,5.556558742232,5.556558741532,5.556558741532,4.529153564402,4.529153564402,4.492546004192,4.492546003992,4.492546003992,4.492546004002,4.492546004002,4.492546003992,4.492546003992,4.492546003992,4.492546003992,4.492546003892,4.492546003892,4.492546003792,4.492546003962,4.492546003952,4.492546003952,4.492546003962,4.492546003962,4.492546003962,4.492546003932,4.492546003932,4.492546004462,4.492546003762,4.492546003742,4.492546003742,3.435530911062,3.435530911062,3.435530911062,3.435530911032,3.435530911032,1.872324271662,1.452967895762,1.452967895762,0.517885032962,0.005630521104,0,0.491837689352,1.204089659162,1.204089659252,1.204089659252,1.204089659262,1.204089659162,6.285627850202,6.285627850202,6.285627850302
"t56",5.55655874228,5.55655874228,5.55655874228,5.55655874228,5.55655874198,5.55655874179,5.55655874179,5.55655874189,5.55655874189,5.55655874188,5.55655874178,5.55655874179,5.55655874179,5.55655874178,5.55655874178,5.55655874178,5.55655874203,5.55655874203,5.55655874218,5.55655874218,5.55655874218,5.55655874178,5.55655874178,5.55655874178,5.55655874178,5.55655874138,5.55655874138,5.55655874138,5.55655874148,5.55655874208,5.55655874198,5.55655874178,5.55655874181,5.55655874181,5.55655874171,5.55655874178,5.55655874172,5.55655874172,5.55655874176,5.55655874176,5.55655874176,5.55655874176,5.55655874178,5.55655874188,5.55655874188,5.55655874188,5.55655874188,5.55655874179,5.55655874179,5.55655874188,5.55655874228,5.55655874228,5.55655874158,5.55655874158,4.52915356445,4.52915356445,4.49254600424,4.49254600404,4.49254600404,4.49254600405,4.49254600405,4.49254600404,4.49254600404,4.49254600404,4.49254600404,4.49254600394,4.49254600394,4.49254600384,4.49254600401,4.492546004,4.492546004,4.49254600401,4.49254600401,4.49254600401,4.49254600398,4.49254600398,4.49254600451,4.49254600381,4.49254600379,4.49254600379,3.43553091111,3.43553091111,3.43553091111,3.43553091108,3.43553091108,1.87232427171,1.45296789581,1.45296789581,0.51788503301,0.491837689352,0.491837689352,0,1.20408965921,1.2040896593,1.2040896593,1.20408965931,1.20408965921,6.28562785025,6.28562785025,6.28562785035
"t38",5.55655874227,5.55655874227,5.55655874227,5.55655874227,5.55655874197,5.55655874178,5.55655874178,5.55655874188,5.55655874188,5.55655874187,5.55655874177,5.55655874178,5.55655874178,5.55655874177,5.55655874177,5.55655874177,5.55655874202,5.55655874202,5.55655874217,5.55655874217,5.55655874217,5.55655874177,5.55655874177,5.55655874177,5.55655874177,5.55655874137,5.55655874137,5.55655874137,5.55655874147,5.55655874207,5.55655874197,5.55655874177,5.5565587418,5.5565587418,5.5565587417,5.55655874177,5.55655874171,5.55655874171,5.55655874175,5.55655874175,5.55655874175,5.55655874175,5.55655874177,5.55655874187,5.55655874187,5.55655874187,5.55655874187,5.55655874178,5.55655874178,5.55655874187,5.55655874227,5.55655874227,5.55655874157,5.55655874157,4.52915356444,4.52915356444,4.49254600423,4.49254600403,4.49254600403,4.49254600404,4.49254600404,4.49254600403,4.49254600403,4.49254600403,4.49254600403,4.49254600393,4.49254600393,4.49254600383,4.492546004,4.49254600399,4.49254600399,4.492546004,4.492546004,4.492546004,4.49254600397,4.49254600397,4.4925460045,4.4925460038,4.49254600378,4.49254600378,3.4355309111,3.4355309111,3.4355309111,3.43553091107,3.43553091107,1.8723242717,1.4529678958,1.4529678958,1.2040896592,1.204089659162,1.204089659162,1.20408965921,0,0.72943920509,0.72943920509,0.7294392051,0.729439205,6.28562785024,6.28562785024,6.28562785034
"t85",5.55655874236,5.55655874236,5.55655874236,5.55655874236,5.55655874206,5.55655874187,5.55655874187,5.55655874197,5.55655874197,5.55655874196,5.55655874186,5.55655874187,5.55655874187,5.55655874186,5.55655874186,5.55655874186,5.55655874211,5.55655874211,5.55655874226,5.55655874226,5.55655874226,5.55655874186,5.55655874186,5.55655874186,5.55655874186,5.55655874146,5.55655874146,5.55655874146,5.55655874156,5.55655874216,5.55655874206,5.55655874186,5.55655874189,5.55655874189,5.55655874179,5.55655874186,5.5565587418,5.5565587418,5.55655874184,5.55655874184,5.55655874184,5.55655874184,5.55655874186,5.55655874196,5.55655874196,5.55655874196,5.55655874196,5.55655874187,5.55655874187,5.55655874196,5.55655874236,5.55655874236,5.55655874166,5.55655874166,4.52915356453,4.52915356453,4.49254600432,4.49254600412,4.49254600412,4.49254600413,4.49254600413,4.49254600412,4.49254600412,4.49254600412,4.49254600412,4.49254600402,4.49254600402,4.49254600392,4.49254600409,4.49254600408,4.49254600408,4.49254600409,4.49254600409,4.49254600409,4.49254600406,4.49254600406,4.49254600459,4.49254600389,4.49254600387,4.49254600387,3.43553091119,3.43553091119,3.43553091119,3.43553091116,3.43553091116,1.87232427179,1.45296789589,1.45296789589,1.20408965929,1.204089659252,1.204089659252,1.2040896593,0.72943920509,0,0.1974471369,0.34777480119,0.60075257749,6.28562785033,6.28562785033,6.28562785043
"t86",5.55655874236,5.55655874236,5.55655874236,5.55655874236,5.55655874206,5.55655874187,5.55655874187,5.55655874197,5.55655874197,5.55655874196,5.55655874186,5.55655874187,5.55655874187,5.55655874186,5.55655874186,5.55655874186,5.55655874211,5.55655874211,5.55655874226,5.55655874226,5.55655874226,5.55655874186,5.55655874186,5.55655874186,5.55655874186,5.55655874146,5.55655874146,5.55655874146,5.55655874156,5.55655874216,5.55655874206,5.55655874186,5.55655874189,5.55655874189,5.55655874179,5.55655874186,5.5565587418,5.5565587418,5.55655874184,5.55655874184,5.55655874184,5.55655874184,5.55655874186,5.55655874196,5.55655874196,5.55655874196,5.55655874196,5.55655874187,5.55655874187,5.55655874196,5.55655874236,5.55655874236,5.55655874166,5.55655874166,4.52915356453,4.52915356453,4.49254600432,4.49254600412,4.49254600412,4.49254600413,4.49254600413,4.49254600412,4.49254600412,4.49254600412,4.49254600412,4.49254600402,4.49254600402,4.49254600392,4.49254600409,4.49254600408,4.49254600408,4.49254600409,4.49254600409,4.49254600409,4.49254600406,4.49254600406,4.49254600459,4.49254600389,4.49254600387,4.49254600387,3.43553091119,3.43553091119,3.43553091119,3.43553091116,3.43553091116,1.87232427179,1.45296789589,1.45296789589,1.20408965929,1.204089659252,1.204089659252,1.2040896593,0.72943920509,0.1974471369,0,0.34777480119,0.60075257749,6.28562785033,6.28562785033,6.28562785043
"t69",5.55655874237,5.55655874237,5.55655874237,5.55655874237,5.55655874207,5.55655874188,5.55655874188,5.55655874198,5.55655874198,5.55655874197,5.55655874187,5.55655874188,5.55655874188,5.55655874187,5.55655874187,5.55655874187,5.55655874212,5.55655874212,5.55655874227,5.55655874227,5.55655874227,5.55655874187,5.55655874187,5.55655874187,5.55655874187,5.55655874147,5.55655874147,5.55655874147,5.55655874157,5.55655874217,5.55655874207,5.55655874187,5.5565587419,5.5565587419,5.5565587418,5.55655874187,5.55655874181,5.55655874181,5.55655874185,5.55655874185,5.55655874185,5.55655874185,5.55655874187,5.55655874197,5.55655874197,5.55655874197,5.55655874197,5.55655874188,5.55655874188,5.55655874197,5.55655874237,5.55655874237,5.55655874167,5.55655874167,4.52915356454,4.52915356454,4.49254600433,4.49254600413,4.49254600413,4.49254600414,4.49254600414,4.49254600413,4.49254600413,4.49254600413,4.49254600413,4.49254600403,4.49254600403,4.49254600393,4.4925460041,4.49254600409,4.49254600409,4.4925460041,4.4925460041,4.4925460041,4.49254600407,4.49254600407,4.4925460046,4.4925460039,4.49254600388,4.49254600388,3.4355309112,3.4355309112,3.4355309112,3.43553091117,3.43553091117,1.8723242718,1.4529678959,1.4529678959,1.2040896593,1.204089659262,1.204089659262,1.20408965931,0.7294392051,0.34777480119,0.34777480119,0,0.6007525775,6.28562785034,6.28562785034,6.28562785044
"t47",5.55655874227,5.55655874227,5.55655874227,5.55655874227,5.55655874197,5.55655874178,5.55655874178,5.55655874188,5.55655874188,5.55655874187,5.55655874177,5.55655874178,5.55655874178,5.55655874177,5.55655874177,5.55655874177,5.55655874202,5.55655874202,5.55655874217,5.55655874217,5.55655874217,5.55655874177,5.55655874177,5.55655874177,5.55655874177,5.55655874137,5.55655874137,5.55655874137,5.55655874147,5.55655874207,5.55655874197,5.55655874177,5.5565587418,5.5565587418,5.5565587417,5.55655874177,5.55655874171,5.55655874171,5.55655874175,5.55655874175,5.55655874175,5.55655874175,5.55655874177,5.55655874187,5.55655874187,5.55655874187,5.55655874187,5.55655874178,5.55655874178,5.55655874187,5.55655874227,5.55655874227,5.55655874157,5.55655874157,4.52915356444,4.52915356444,4.49254600423,4.49254600403,4.49254600403,4.49254600404,4.49254600404,4.49254600403,4.49254600403,4.49254600403,4.49254600403,4.49254600393,4.49254600393,4.49254600383,4.492546004,4.49254600399,4.49254600399,4.492546004,4.492546004,4.492546004,4.49254600397,4.49254600397,4.4925460045,4.4925460038,4.49254600378,4.49254600378,3.4355309111,3.4355309111,3.4355309111,3.43553091107,3.43553091107,1.8723242717,1.4529678958,1.4529678958,1.2040896592,1.204089659162,1.204089659162,1.20408965921,0.729439205,0.60075257749,0.60075257749,0.6007525775,0,6.28562785024,6.28562785024,6.28562785034
"t19",6.28562785063,6.28562785063,6.28562785063,6.28562785063,6.28562785033,6.28562785014,6.28562785014,6.28562785024,6.28562785024,6.28562785023,6.28562785013,6.28562785014,6.28562785014,6.28562785013,6.28562785013,6.28562785013,6.28562785038,6.28562785038,6.28562785053,6.28562785053,6.28562785053,6.28562785013,6.28562785013,6.28562785013,6.28562785013,6.28562784973,6.28562784973,6.28562784973,6.28562784983,6.28562785043,6.28562785033,6.28562785013,6.28562785016,6.28562785016,6.28562785006,6.28562785013,6.28562785007,6.28562785007,6.28562785011,6.28562785011,6.28562785011,6.28562785011,6.28562785013,6.28562785023,6.28562785023,6.28562785023,6.28562785023,6.28562785014,6.28562785014,6.28562785023,6.28562785063,6.28562785063,6.28562784993,6.28562784993,6.2856278498,6.2856278498,6.28562785047,6.28562785027,6.28562785027,6.28562785028,6.28562785028,6.28562785027,6.28562785027,6.28562785027,6.28562785027,6.28562785017,6.28562785017,6.28562785007,6.28562785024,6.28562785023,6.28562785023,6.28562785024,6.28562785024,6.28562785024,6.28562785021,6.28562785021,6.28562785074,6.28562785004,6.28562785002,6.28562785002,6.28562784994,6.28562784994,6.28562784994,6.28562784991,6.28562784991,6.28562785014,6.28562785024,6.28562785024,6.28562785024,6.285627850202,6.285627850202,6.28562785025,6.28562785024,6.28562785033,6.28562785033,6.28562785034,6.28562785024,0,1.763561004,1.9934379365
"t20",6.28562785063,6.28562785063,6.28562785063,6.28562785063,6.28562785033,6.28562785014,6.28562785014,6.28562785024,6.28562785024,6.28562785023,6.28562785013,6.28562785014,6.28562785014,6.28562785013,6.28562785013,6.28562785013,6.28562785038,6.28562785038,6.28562785053,6.28562785053,6.28562785053,6.28562785013,6.28562785013,6.28562785013,6.28562785013,6.28562784973,6.28562784973,6.28562784973,6.28562784983,6.28562785043,6.28562785033,6.28562785013,6.28562785016,6.28562785016,6.28562785006,6.28562785013,6.28562785007,6.28562785007,6.28562785011,6.28562785011,6.28562785011,6.28562785011,6.28562785013,6.28562785023,6.28562785023,6.28562785023,6.28562785023,6.28562785014,6.28562785014,6.28562785023,6.28562785063,6.28562785063,6.28562784993,6.28562784993,6.2856278498,6.2856278498,6.28562785047,6.28562785027,6.28562785027,6.28562785028,6.28562785028,6.28562785027,6.28562785027,6.28562785027,6.28562785027,6.28562785017,6.28562785017,6.28562785007,6.28562785024,6.28562785023,6.28562785023,6.28562785024,6.28562785024,6.28562785024,6.28562785021,6.28562785021,6.28562785074,6.28562785004,6.28562785002,6.28562785002,6.28562784994,6.28562784994,6.28562784994,6.28562784991,6.28562784991,6.28562785014,6.28562785024,6.28562785024,6.28562785024,6.285627850202,6.285627850202,6.28562785025,6.28562785024,6.28562785033,6.28562785033,6.28562785034,6.28562785024,1.763561004,0,1.9934379365
"t14",6.28562785073,6.28562785073,6.28562785073,6.28562785073,6.28562785043,6.28562785024,6.28562785024,6.28562785034,6.28562785034,6.28562785033,6.28562785023,6.28562785024,6.28562785024,6.28562785023,6.28562785023,6.28562785023,6.28562785048,6.28562785048,6.28562785063,6.28562785063,6.28562785063,6.28562785023,6.28562785023,6.28562785023,6.28562785023,6.28562784983,6.28562784983,6.28562784983,6.28562784993,6.28562785053,6.28562785043,6.28562785023,6.28562785026,6.28562785026,6.28562785016,6.28562785023,6.28562785017,6.28562785017,6.28562785021,6.28562785021,6.28562785021,6.28562785021,6.28562785023,6.28562785033,6.28562785033,6.28562785033,6.28562785033,6.28562785024,6.28562785024,6.28562785033,6.28562785073,6.28562785073,6.28562785003,6.28562785003,6.2856278499,6.2856278499,6.28562785057,6.28562785037,6.28562785037,6.28562785038,6.28562785038,6.28562785037,6.28562785037,6.28562785037,6.28562785037,6.28562785027,6.28562785027,6.28562785017,6.28562785034,6.28562785033,6.28562785033,6.28562785034,6.28562785034,6.28562785034,6.28562785031,6.28562785031,6.28562785084,6.28562785014,6.28562785012,6.28562785012,6.28562785004,6.28562785004,6.28562785004,6.28562785001,6.28562785001,6.28562785024,6.28562785034,6.28562785034,6.28562785034,6.285627850302,6.285627850302,6.28562785035,6.28562785034,6.28562785043,6.28562785043,6.28562785044,6.28562785034,1.9934379365,1.9934379365,0
