accepted_species,estimate
t45,-0.8472679728170286
t63,-0.9875592177555675
t64,-0.9518753007301562
t31,-1.0792793975256554
t28,-1.19754329372265
t68,-1.3154745444975604
t9,-0.8600819390405532
t81,-0.6914731749188595
t2,-0.7275811719677965
t3,-0.6135089000226724
