accepted_species,estimate
t8,0.04687397899432034
t71,0.2638226842844279
t79,0.16026707647508276
t80,0.1522038598304184
t31,0.29000468239494903
t32,0.28069705350227536
t42,0.3851682409267968
t43,0.473413300928052
t40,0.28477550610901525
t41,0.28568658471051245
