accepted_species,0
t8,0.3847680801952926
t71,0.3847680801952924
t79,0.38476808019529257
t80,0.38476808019529257
t31,0.38476808019529257
t32,0.38476808019529257
t42,0.38476808019529224
t43,0.38476808019529224
t40,0.384768080195292
t41,0.384768080195292
