accepted_species,estimate
t77,-0.6582104793044317
t78,-0.6227814264932299
t36,1.1451881095972034
t17,0.5617721149147998
t50,0.14264885949075845
t63,0.38986986363971354
t72,-0.03207769651813262
t37,0.11977637527490793
t92,-1.361692595517237
t54,-0.9366045357911195
