accepted_species,estimate
t77,-0.22593907
t78,-1.2411127
t36,1.1314316
t17,0.86876476
t50,0.69582075
t63,0.27162856
t72,0.3536079
t37,-0.21054813
t92,-1.575254
t54,-1.1243441
