accepted_species,estimate
t46,0.31904917178640785
t47,0.12744030602326045
t31,0.10650465919230351
t17,-0.725925645442492
t95,-0.5763915717679531
t96,-0.6851976529853481
t88,-0.8384425032340523
t99,-0.32865108843013197
t39,-0.27343743604189
t81,-0.40773322997128875
