accepted_species,estimate
t46,0.30474508186732224
t47,0.3701068649756201
t31,0.12217240714686188
t17,-0.043317024848961674
t95,-0.26562708405122354
t96,-0.26691794824480103
t88,-0.25544244661793436
t99,-0.21413342752301195
t39,0.041025747991559766
t81,-0.1342129944742187
