accepted_species,estimate
t46,0.21139424
t47,0.21139424
t31,0.07871484
t17,-0.011489203
t95,0.2105817
t96,0.2105817
t88,0.2105817
t99,-0.2447681
t39,0.013788848
t81,-0.30327344
