"accepted_species","estimate"
"t21",0.490092992306193
"t106",-0.260418461022031
"t121",0.0498562184066207
"t60",-0.788086764498179
"t128",-1.13772310068835
"t42",-1.57866226941015
"t91",-1.50716131768992
"t22",-0.196982295032906
"t77",0.690531965014465
"t51",-1.41521582305418
"t66",-1.2429556420842
"t14",0.420841773268603
