accepted_species,0,1
sp47,0.8015532948544923,0.1984467051455076
sp85,0.801622354642331,0.19837764535766897
sp110,0.800956509256082,0.19904349074391808
sp147,0.8014422428091869,0.19855775719081314
sp161,0.8008141373643474,0.1991858626356527
sp163,0.8005073002675658,0.19949269973243416
sp174,0.8023945928261189,0.19760540717388106
sp198,0.8008100618105967,0.19918993818940328
sp204,0.8007831775921357,0.19921682240786426
sp236,0.8035123580330206,0.19648764196697943
