accepted_species,0,1
sp47,0.8960917867009183,0.10390821329908169
sp85,0.8784284183207545,0.12157158167924548
sp110,0.9087315194255395,0.09126848057446046
sp147,0.8892609753369463,0.11073902466305377
sp161,0.891925040017238,0.10807495998276195
sp163,0.7983559257261137,0.20164407427388628
sp174,0.9087100564307559,0.0912899435692441
sp198,0.9107970290395687,0.08920297096043128
sp204,0.9271339297132987,0.07286607028670136
sp236,0.9303730645789654,0.06962693542103464
