accepted_species,0,1
sp47,0.90002656,0.099973455
sp85,0.89814764,0.10185234
sp110,0.88367844,0.11632159
sp147,0.887178,0.11282201
sp161,0.83925086,0.16074914
sp163,0.7549439,0.24505611
sp174,0.9005796,0.09942043
sp198,0.83085483,0.16914517
sp204,0.77810675,0.22189325
sp236,0.90427184,0.09572815
