"accepted_species","0","1"
"sp2",0.672252579649052,0.327747420350948
"sp14",0.672630828209354,0.327369171790646
"sp15",0.665404853457035,0.334595146542965
"sp31",0.695553006769168,0.304446993230832
"sp37",0.653260467040103,0.346739532959897
"sp39",0.714639965466355,0.285360034533645
"sp81",0.30214886849675,0.69785113150325
"sp88",0.862913334334409,0.137086665665591
"sp106",0.940226297501858,0.059773702498142
"sp107",0.940226297501858,0.059773702498142
