accepted_species,0,1
sp2,0.5998766004907827,0.4001233995092173
sp14,0.6031240969264655,0.39687590307353443
sp15,0.6008413337955296,0.3991586662044703
sp31,0.6016795472153466,0.39832045278465344
sp37,0.6012246760114117,0.3987753239885882
sp39,0.6013052312387966,0.39869476876120336
sp81,0.5988446003060467,0.4011553996939533
sp88,0.5986942929423367,0.4013057070576633
sp106,0.5986779330344366,0.4013220669655634
sp107,0.5986779330344366,0.4013220669655634
