accepted_species,0,1
sp2,0.92044926,0.07955076
sp14,0.87228304,0.12771694
sp15,0.7810078,0.21899219
sp31,0.9644209,0.035579085
sp37,0.29454654,0.70545346
sp39,0.8625766,0.13742337
sp81,0.16968417,0.8303158
sp88,0.640579,0.35942098
sp106,0.7786743,0.22132568
sp107,0.7786743,0.22132568
