accepted_species,estimate
t96,-0.9698380622999038
t48,-1.1974175729384728
t144,-1.1250250324897597
t63,-0.7531973305642062
t83,-0.7593486189347487
t109,-1.5877105059377006
t59,0.17866299326961504
t113,0.7846120188635275
t118,0.20030955920693988
t147,0.12862936162548938
t52,1.5069117589613972
t90,1.1705637029112697
t126,1.238171754717252
t99,1.2925307356377602
t12,1.1846025008523915
