accepted_species,estimate
t96,-1.2917335135247046
t48,-1.2389762528609014
t144,-1.1003930673196944
t63,-0.6789697075064763
t83,-0.588252816650407
t109,-1.620354064746602
t59,0.4090267382804155
t113,0.5067079403415212
t118,0.30080418521399904
t147,-0.013324423561592646
t52,1.4856117464679757
t90,1.488544104172172
t126,1.1185429538156868
t99,1.195234820741886
t12,1.261134930767646
