accepted_species,0
t50,0.019526597173247787
t25,0.019526597173247787
t64,0.019526597173247787
t60,0.019526597173247787
t93,1.07907649460471
t88,0.62114308532524
t90,0.384166938239731
t61,0.019526597173247787
t75,0.019526597173247787
t67,0.019526597173247787
