accepted_species,estimate
t73,-1.3653795
t59,-1.7509642
t100,-0.10716636
t55,-0.06581898
t15,0.9536316
t85,1.658709
t58,0.7757868
t33,0.8746939
t78,0.4800355
t51,0.30649236
