accepted_species,0,1
t24,0.31128946566406723,0.6887105343359328
t27,0.31130702070414196,0.688692979295858
t28,0.31130702070414196,0.688692979295858
t35,0.3113683057832366,0.6886316942167634
t38,0.3113799926408315,0.6886200073591685
t41,0.3113822671584716,0.6886177328415284
t42,0.3113822671584716,0.6886177328415284
t78,0.31145647586235603,0.688543524137644
t84,0.311458118404366,0.688541881595634
t85,0.311458118404366,0.688541881595634
