accepted_species,0,1
t97,0.2996436295008562,0.7003563704991438
t112,0.29952577163604555,0.7004742283639545
t121,0.29964100029367313,0.7003589997063269
t122,0.29964100029367324,0.7003589997063268
t137,0.2996413023839155,0.7003586976160845
t156,0.29951739100905905,0.700482608990941
t157,0.29951739100905905,0.700482608990941
t167,0.29953578251995594,0.7004642174800441
t186,0.2995514559904874,0.7004485440095126
t187,0.2995514559904874,0.7004485440095126
