accepted_species,0,1
t97,0.30140408807405594,0.6985959119259441
t112,0.3015121214168647,0.6984878785831353
t121,0.30139090594853724,0.6986090940514628
t122,0.3013691119636587,0.6986308880363413
t137,0.30144576608283313,0.6985542339171669
t156,0.3014892998837808,0.6985107001162192
t157,0.3014980225937307,0.6985019774062693
t167,0.3015159594155351,0.6984840405844649
t186,0.30142960842253197,0.698570391577468
t187,0.3014293376379411,0.6985706623620589
