"","c1","c2","c3","c4","c5","c6","c7","c8","c9","c10","c11","c12","c13","c14","c15","c16","c17","c18","c19","c20","c21","c22","c23","c24","c25","c26","c27","c28","c29","c30","c31","c32","c33","c34","c35","c36","c37","c38","c39","c40","c41","c42","c43","c44","c45","c46","c47","c48","c49","c50","c51","c52","c53","c54","c55","c56","c57","c58","c59","c60","c61","c62","c63","c64","c65","c66","c67","c68","c69","c70","c71","c72","c73","c74","c75","c76","c77","c78","c79","c80","c81","c82","c83","c84","c85","c86","c87","c88","c89","c90","c91","c92","c93","c94","c95","c96","c97","c98","c99"
"t85",-0.061773218006026,-0.00242918275791134,-0.128752990032038,-0.0473287323653318,-0.0615389510548184,-0.279954177461358,-0.28504327319107,0.00125538819886736,-0.0363154306508431,-0.00389895792803121,0.320482843899512,-0.144104732650995,-0.0774748155726901,-0.000210256083620225,0.013232631601901,1.05460989366666e-05,-1.52495138919565e-05,-4.59360240798737e-05,1.09764960887065e-05,-0.000154519669003803,-0.00020238391056365,0.000126906581453434,3.60021213872266e-05,0.00320377809136301,6.07155850391199e-06,-0.00221612994807001,7.58363830402094e-05,-0.000139947973574227,3.46735580775681e-06,1.8345545078316e-05,5.62198803996293e-16,-0.00095138607854057,-0.000203869598353864,-0.000352656369321857,-0.000124943387516837,-0.0218316221184003,1.28193778025747e-05,-4.81674314505955e-05,2.25760019698905e-05,0.000304188781110956,0.000313273560609528,9.4974915638016e-06,2.12646151465014e-05,0.00024574895070541,-7.46275681347824e-06,7.11604850855706e-05,5.74082533166427e-07,-0.000142860559954636,0.00188992624654039,-0.000122364658405674,7.00931671910504e-16,-1.66406950257807e-05,-3.98232526520534e-05,-9.37709083541087e-06,1.03220357506944e-05,1.35668761754076e-15,5.23401552400904e-05,2.20864719199949e-16,3.5609035676422e-05,-5.75474263176612e-16,-7.62587099136195e-05,-0.000322494739105477,2.23504382183355e-16,-2.21777372026707e-15,-1.779576724131e-15,-1.044122585101e-15,1.6399807716102e-05,-1.69683461569313e-15,1.02118341240743e-06,-7.76449982653309e-15,3.22763454221888e-15,-4.8559573419168e-15,-6.13247762912896e-06,1.62857065419784e-15,-6.01492970464915e-15,-1.03805709134599e-05,5.70468859186068e-16,1.05277202441587e-06,1.22300955814416e-14,6.3101496978267e-15,1.44318526493996e-14,-4.0863766675801e-17,-1.22311839841142e-14,-4.13694593565706e-06,3.08328662096633e-06,0.820039200611923,-4.87576360903498e-13,-1.77728607488931e-13,4.63509148650095e-14,-3.42045513269833e-14,-3.30148591309816e-14,-6.56333015830874e-06,1.1097053596012e-05,7.27133590679341e-15,-2.21429897191548e-15,-1.36981411162006e-13,-9.06977942595438e-15,3.18291301491361e-15,5.33638536062963e-16
"t93",-0.061814276494212,-0.00243555648599874,-0.129323977375546,-0.0476007386792873,-0.061907616795007,-0.281658963145356,-0.287766614767601,0.0012725629609112,-0.0368489291176917,-0.00397416561465515,0.327551031263705,-0.147430674076948,-0.0792977901261743,-0.000215543028470249,0.0135724746200379,1.08453082457886e-05,-1.56874936903182e-05,-4.73877551810595e-05,1.13247378250667e-05,-0.00015954485837918,-0.000209313751912204,0.000131820525013093,3.74201622346774e-05,0.00333183498060421,6.31848003213187e-06,-0.00230960408801774,7.93244093092451e-05,-0.000146534020126944,3.63345872932759e-06,1.92483060820099e-05,2.01265974404816e-15,-0.00100840543328372,-0.000218325425916547,-0.00037826304533684,-0.000134235703586877,-0.0234868406601348,1.38387822236597e-05,-5.22646496016839e-05,2.46085406186946e-05,0.000331775958573905,0.000343413398405288,1.04644591856968e-05,2.34461114762114e-05,0.000272036927809512,-8.35521443520849e-06,7.97148791446055e-05,6.47958092378314e-07,-0.000162830657051573,0.00217601790907364,-0.000142628349156084,1.25814070578589e-16,-1.9800057557315e-05,-4.75063597467605e-05,-1.13129280299141e-05,1.25751670069583e-05,1.25388458715009e-15,6.4790009803129e-05,-1.34848729094592e-14,4.62707230262843e-05,1.35580573340715e-15,-9.99999918918703e-05,-0.00042510158504942,-3.92503765732956e-16,5.79679628627641e-16,4.51266601567666e-17,5.19105214178197e-15,2.41287178163298e-05,3.52751652400925e-15,1.59921873830021e-06,4.84161354596633e-15,6.24983824615559e-16,3.26737972745896e-15,-1.10385833024904e-05,-1.10131713024445e-15,-4.59821589482249e-15,-2.01343299087306e-05,-7.95600482850314e-16,3.1749895651284e-06,-9.08834213143288e-15,-4.08456679601514e-15,-4.17499085480748e-15,-8.26561874459442e-16,8.90625928538702e-15,3.02981924671287e-06,-1.63561837498569e-06,-0.404673632188391,2.45097476962358e-13,7.36347882772149e-14,-1.30187236400426e-14,1.03311503821078e-13,2.81942000390129e-14,-1.09055312250776e-06,3.5346412236801e-06,2.39868409059678e-14,-7.15798486407251e-14,-0.707106781186476,1.45668061174118e-13,4.40545314697391e-14,-4.09589969294347e-14
"t94",-0.061814276494213,-0.00243555648599839,-0.129323977375544,-0.0476007386792857,-0.0619076167950066,-0.281658963145354,-0.2877666147676,0.00127256296091162,-0.0368489291176914,-0.00397416561465563,0.327551031263702,-0.147430674076946,-0.0792977901261731,-0.000215543028471081,0.0135724746200403,1.08453082467834e-05,-1.56874936893258e-05,-4.7387755181497e-05,1.13247378235454e-05,-0.000159544858378479,-0.00020931375191026,0.000131820525008688,3.74201622359238e-05,0.00333183498060765,6.31848003198409e-06,-0.0023096040880158,7.93244093078157e-05,-0.000146534020128301,3.63345872908881e-06,1.92483060796207e-05,-1.84346416130851e-15,-0.00100840543328751,-0.000218325425913851,-0.000378263045337234,-0.000134235703592916,-0.0234868406601548,1.38387822272351e-05,-5.22646495978928e-05,2.46085406162496e-05,0.000331775958572568,0.000343413398404722,1.04644591867796e-05,2.34461114786444e-05,0.00027203692781885,-8.35521443705257e-06,7.97148791387514e-05,6.4795809059376e-07,-0.000162830657051188,0.0021760179090747,-0.00014262834915676,-4.43799231997075e-16,-1.98000575614617e-05,-4.75063597481191e-05,-1.13129280290231e-05,1.25751670009183e-05,-1.91287025505946e-15,6.47900098033909e-05,1.31869647826184e-14,4.62707230254528e-05,-1.12526458257933e-15,-9.99999918874633e-05,-0.000425101585029591,1.10717156447649e-16,1.98293812894578e-15,1.71420522209506e-15,-4.36297341810777e-15,2.4128717810734e-05,-1.18140447681302e-15,1.59921874706503e-06,2.55990148232639e-15,-3.47802782236276e-15,8.18171133896292e-16,-1.10385832775136e-05,-4.51813224951876e-16,1.09413816096031e-14,-2.01343299090963e-05,7.28732983218358e-16,3.17498956321795e-06,-4.08719018656346e-15,-1.7989052770594e-15,-9.21270340303599e-15,1.75212074569216e-15,3.22971347042782e-15,3.02981915671519e-06,-1.63561843861171e-06,-0.40467363218815,2.34170406774598e-13,1.04296444499124e-13,-3.24866100997916e-14,-7.16362241204271e-14,5.46418665272668e-15,-1.09055308205078e-06,3.53464122150428e-06,-3.22478340187157e-14,7.7638368673077e-14,0.70710678118662,-1.39634867858975e-13,-4.40892289108082e-14,4.34537259609442e-14
"t7",-0.0607644256577395,-0.00226309645389799,-0.112977851005303,-0.0394656535632598,-0.0507885266273472,-0.230064961524225,-0.193698298183149,0.000549744337374377,-0.0130566878485776,0.000765744394627095,-0.291310900903833,0.197562647959902,0.127105130227855,0.000700483052093274,-0.0588504021738921,0.000239064102768799,-0.000216592765033097,-0.00018600634183045,4.33272126514542e-05,-0.000527094205036472,-0.000543191896763263,0.000224229064200886,6.03837699477716e-05,0.00513776047073878,9.23093641422561e-06,-0.00299937023889158,7.37456104375434e-05,-0.000121550435440964,2.72349248251182e-06,1.20023119712255e-05,-4.21360483890767e-15,0.000826479515026988,0.00143606052481677,0.0037256607219663,0.00231396729867645,0.85740960056046,0.000386059592505603,-0.000504050683056312,0.000166379625289095,0.00216916669680612,0.00181236335085158,4.78430652741687e-05,0.000105473817929842,0.0011301170212537,-2.96891921392278e-05,0.00028159588252636,2.13705468543418e-06,-0.000502080837718365,0.00636431296417225,-0.000397025951757575,-1.10365535925987e-15,-5.18693866160068e-05,-0.000123675943880176,-2.87336911899849e-05,3.13520430307923e-05,-8.21923031575368e-16,0.000157383810220632,3.24998896075509e-15,0.000106034908050747,1.53436522652376e-16,-0.000227189389976986,-0.000961265681375238,-5.89980570818477e-16,-1.03606961756633e-16,-6.70043683490915e-16,-9.63028879198476e-17,5.0685487755907e-05,1.15704341096166e-16,3.26144854826088e-06,1.16856641383443e-16,-4.98970071328286e-16,8.82972603493835e-16,-2.13868791337055e-05,-4.39424535338769e-16,-2.46201950810901e-16,-3.81471209211237e-05,6.75073500996097e-16,5.47140725477668e-06,1.38607899329873e-15,4.17735310974652e-16,-3.91252158568553e-16,-1.26430893373108e-15,2.26611361851875e-16,1.42885556348624e-06,-1.73269813267123e-07,-0.00274436745437981,8.32840558557932e-16,7.13492335440583e-16,3.0322261351084e-16,-3.92218575783503e-15,-6.98172344871426e-16,-6.06431819047472e-06,1.25349829899377e-05,3.52542770014233e-17,7.31080895917911e-16,1.39610545346613e-14,-1.21628525751433e-15,1.0432142953514e-15,1.29421122130282e-15
"t30",-0.0610582736192258,-0.00230792026705001,-0.116895897159554,-0.0412867892681365,-0.0532436783324022,-0.241392680321957,-0.209806781825746,0.000621776139167709,-0.0149399853034806,0.000929537218401489,-0.368569649072521,0.254164953730206,0.164764685919939,0.000934347586454183,-0.0792876079069242,0.000340103583364295,-0.000310502267642168,-0.000285764635783414,6.67786464109634e-05,-0.000829970512828236,-0.000899282937121643,0.000436704232549396,0.000121101876765362,0.0105861806909877,1.96821375049034e-05,-0.00694211993787357,0.000225137068853849,-0.000411951500632198,1.01552496862029e-05,5.3460144674602e-05,-2.01916672811682e-16,-0.00299245608896396,-0.00105836330697695,-0.00226660120319681,-0.00115459697927806,-0.362604706364344,-0.000103712803074129,5.46251355497748e-05,-1.25761484492146e-06,8.09338663229894e-06,0.000152293870547988,6.99807879553222e-06,1.62146506925441e-05,0.000216687868204666,-8.08844328404594e-06,7.7614207810798e-05,6.69994043219623e-07,-0.00017659664029466,0.00243273855744781,-0.000163166671140004,9.68695126528135e-16,-2.31337592246934e-05,-5.55996564765696e-05,-1.33180414149864e-05,1.4855195135952e-05,1.27350380597014e-14,7.67963307003008e-05,0.707106781186546,5.48891337341221e-05,-2.98284965034721e-15,-0.000118537062021282,-0.00050364738635758,2.75059712936464e-15,2.70909212954501e-15,-2.63137607432591e-15,-1.48151366886625e-15,2.80848422148268e-05,-1.26014781449776e-15,1.83852822219833e-06,4.38941863558509e-15,-1.03375561629326e-17,-2.59594041037642e-15,-1.23398504424796e-05,1.6037839905582e-15,1.70356818767534e-15,-2.21846780598404e-05,-6.77882892602464e-16,3.2552383192558e-06,-4.25498695982506e-16,1.79988929512513e-16,7.99526899985782e-16,-2.11834642660725e-16,-1.36874499892997e-15,8.83113911195909e-07,-1.07357306985716e-07,-0.00170129315539909,2.21930650056837e-15,1.04971476540045e-15,4.17316116254877e-16,-2.48404866445163e-15,-1.09944026514254e-15,-3.82220597084722e-06,7.96357446092605e-06,1.03714023775044e-15,-1.54280177978754e-15,-1.72500902451134e-14,-1.89393578195922e-16,8.40464580683491e-16,-4.45886377230202e-16
"t31",-0.0610582736192258,-0.00230792026704924,-0.116895897159554,-0.0412867892681363,-0.0532436783324024,-0.241392680321957,-0.209806781825746,0.000621776139167931,-0.0149399853034797,0.000929537218401649,-0.36856964907252,0.254164953730206,0.16476468591994,0.000934347586454088,-0.0792876079069249,0.000340103583365027,-0.000310502267641335,-0.000285764635784341,6.6778646411174e-05,-0.000829970512828113,-0.000899282937121229,0.000436704232548193,0.000121101876765394,0.0105861806909888,1.96821375051683e-05,-0.00694211993787445,0.000225137068853735,-0.000411951500631815,1.01552496854417e-05,5.3460144673968e-05,3.33756354350151e-15,-0.0029924560889633,-0.00105836330697627,-0.00226660120319555,-0.00115459697927745,-0.362604706364339,-0.000103712803073285,5.46251355495818e-05,-1.25761484590247e-06,8.09338663577663e-06,0.000152293870549974,6.9980787934458e-06,1.62146506889981e-05,0.000216687868204365,-8.08844328460448e-06,7.76142078134627e-05,6.69994047847902e-07,-0.000176596640296341,0.00243273855745214,-0.000163166671141811,9.54819953384047e-17,-2.31337592234252e-05,-5.55996565083152e-05,-1.33180414264193e-05,1.48551951769368e-05,-1.19939927697407e-14,7.67963307069303e-05,-0.707106781186549,5.48891337576375e-05,2.01184567875065e-15,-0.00011853706201494,-0.00050364738632433,-2.61389420239282e-15,-2.554196229896e-15,4.14870122423722e-15,1.66090348293073e-15,2.80848422058698e-05,1.97380375184474e-15,1.83852822342989e-06,-4.02316095670843e-15,5.67460279684341e-16,2.24007771478469e-15,-1.23398504426417e-05,-1.56785175125901e-15,-5.95446973321303e-16,-2.21846780582851e-05,8.08095815328055e-16,3.25523830514942e-06,-2.07432205596046e-15,-8.77260024811035e-16,3.95173825072473e-16,2.20638950561947e-15,1.28613770520946e-15,8.83113910629778e-07,-1.07357313330593e-07,-0.00170129315539862,-8.76121917262434e-16,1.52031737064106e-15,-1.98359318889376e-16,2.49219861541939e-15,2.22438189801713e-15,-3.8222059732416e-06,7.96357446056006e-06,-1.59039550166692e-15,3.93040523449196e-15,9.45077349712165e-15,-1.64708619134444e-15,1.33944023876033e-15,1.96514001520411e-15
"t23",-0.060968175340703,-0.00229066911403021,-0.11463787762338,-0.0396516624980782,-0.0508094513252476,-0.229680640781292,0.373960553355107,0.0010850736442353,-0.0290735685818379,-0.00187963653009401,0.0411506276189327,0.0137297273687725,0.0174342665988784,0.000217317416302916,-0.0207120107206881,0.000119345573456252,-0.000111216108459338,-0.000113282843652119,2.65374606584833e-05,-0.000334260865684609,-0.00036822348003212,0.000177214346895569,4.88517053654582e-05,0.00424487216086166,7.8284391437136e-06,-0.00270421650294417,8.16530221868321e-05,-0.000145763413155574,3.5184949513792e-06,1.78820485340975e-05,-5.99792347426391e-16,-0.000637619673443759,-6.57498773866049e-05,-8.91158457254031e-05,-2.01010969094074e-05,-0.000567056424586646,2.18394469880964e-06,6.82579823945828e-06,-8.94843476211886e-06,-0.000131527897849983,-0.000239058627138077,-1.11093214405919e-05,-2.62216536184433e-05,-0.000401206049238978,2.53095705288899e-05,-0.000250144351318895,-3.36343770133978e-06,0.0019938163152052,-0.859709839969221,-0.00217980472232666,-2.4733173471447e-15,-0.000140879048550006,-0.000321656267688185,-6.47630521565596e-05,6.50189395403412e-05,-1.16884786716061e-15,0.000299501962878965,-7.11936832054788e-15,0.000226911194695969,3.60286514355135e-15,-0.00074510644147817,-0.183793125375999,-3.3482139058503e-15,4.11645406032184e-15,7.74795535126547e-16,-3.72525779738999e-15,5.94563722033454e-05,-1.90833092585652e-15,3.80115269027197e-06,2.81785126135193e-16,-1.02825941085874e-15,-1.70284322816192e-16,-2.44487067099405e-05,-1.63252169053365e-15,-2.44033441472429e-15,-4.32756453476036e-05,1.94112530768135e-16,6.06526046277557e-06,-2.95580407801519e-15,-1.52617795891288e-15,-8.66164178455331e-17,1.80046259312088e-15,-1.03644346006578e-15,1.51221697760433e-06,-1.7512152422286e-07,-0.000434907640926255,7.9021873646994e-16,-1.56003945105076e-15,-9.90799512771457e-16,1.25275138924253e-15,4.15803643397813e-16,-6.37594539873277e-06,1.30803472016876e-05,-4.53789164034516e-16,1.11903577592934e-15,4.85028683883115e-15,-8.32780675390527e-16,9.93395635134262e-16,1.86972646985859e-15
"t83",-0.0613046812658861,-0.00234179001227686,-0.119061318272106,-0.0416680304562306,-0.0535112232247567,-0.242111014370727,0.407207891283943,0.00123141911377352,-0.0333463774520203,-0.00226851622709505,0.051327038715731,0.0173437482341831,0.0221483159122745,0.000281868527509594,-0.0270545913123944,0.000161713016035634,-0.0001514418688752,-0.000160907394190497,3.77642167542987e-05,-0.000481510471883636,-0.000545069578103028,0.000283269862959335,7.90493814832397e-05,0.00694405986265803,1.2977514388268e-05,-0.00461788799067304,0.000151237304328853,-0.000276685873040454,6.81391529156748e-06,3.57602872231323e-05,8.52602239407744e-16,-0.00178454365390609,-0.000340546584352672,-0.000537884667695254,-0.000146972141523821,-0.00503672071997113,4.49100642143521e-05,-0.000129171351456224,5.95171296751839e-05,0.000802947040391204,0.00084969656062022,2.70404336071273e-05,6.10315159590885e-05,0.000742438410281989,-2.78379500346131e-05,0.000269056666194979,2.72375725261393e-06,-0.00115241925281481,0.355164230174652,0.000588882342356389,2.69419519376098e-16,1.47533996784333e-05,2.82852683841181e-05,1.34461843580183e-06,2.08473059126154e-06,4.23045971521417e-16,3.44627708811598e-05,-9.32902746532484e-15,0.000139062670438622,9.4301282621026e-15,-0.000787417215355395,-0.333920909284367,-1.10461507129773e-14,-2.97970037163036e-17,4.16688153502937e-15,-3.10960306413336e-15,1.94987967259129e-06,2.52508071584289e-16,3.98793201295461e-07,3.84101408971814e-15,-1.14435267662838e-16,7.8153907751024e-16,-4.28533932575474e-06,1.37414080790694e-15,-3.93524101093259e-15,-8.45950541291474e-06,5.99480264947964e-17,1.50299952716687e-06,-1.58497377356334e-15,5.80335657500613e-15,-3.47845412233814e-15,-5.51298098131105e-15,6.05711674938797e-15,4.89410507163161e-07,-5.74858871347743e-08,-0.000143187246914325,2.91711306201728e-15,2.98250735920926e-14,-6.38288618618625e-15,-0.707106781186547,5.70318337095632e-15,-2.29066417346845e-06,4.88259348050515e-06,-8.04658863728783e-15,3.03042297541159e-15,-8.15666978404295e-14,2.64203952364042e-15,-2.27385356828508e-15,-3.64234127705675e-16
"t84",-0.0613046812658861,-0.00234179001227678,-0.119061318272106,-0.0416680304562306,-0.0535112232247571,-0.242111014370727,0.407207891283943,0.00123141911377358,-0.0333463774520197,-0.00226851622709489,0.0513270387157303,0.0173437482341836,0.0221483159122743,0.000281868527509763,-0.0270545913123938,0.000161713016035132,-0.000151441868874966,-0.000160907394190632,3.77642167538259e-05,-0.000481510471884818,-0.000545069578102632,0.000283269862959505,7.90493814861141e-05,0.00694405986265837,1.29775143886773e-05,-0.00461788799067226,0.000151237304327035,-0.000276685873041752,6.81391529062438e-06,3.57602872223652e-05,1.21801998747182e-15,-0.00178454365390787,-0.000340546584351344,-0.000537884667694831,-0.000146972141526225,-0.00503672071996738,4.49100642138658e-05,-0.000129171351453219,5.95171296731481e-05,0.00080294704039076,0.000849696560621338,2.70404336058815e-05,6.10315159597284e-05,0.000742438410280902,-2.78379500348701e-05,0.000269056666197949,2.72375725388902e-06,-0.0011524192528162,0.355164230174654,0.000588882342358536,-1.15463607714435e-15,1.4753399678817e-05,2.82852683870974e-05,1.3446184356964e-06,2.08473059123722e-06,1.05700557881908e-15,3.4462770876443e-05,-4.04159031054754e-15,0.000139062670448193,7.1870844016363e-15,-0.000787417215347663,-0.333920909284361,-1.28099696792362e-14,4.63650393971792e-15,4.57872990032929e-15,-3.8948774165525e-15,1.94987966276431e-06,3.12771072077229e-15,3.98793213339823e-07,1.13536515011219e-15,6.13233138586214e-16,-2.1047607386885e-15,-4.28533932472863e-06,-2.61205104422004e-15,2.26361329402495e-15,-8.45950541453231e-06,1.81425278324325e-15,1.50299949922833e-06,1.66524338765262e-15,-7.38816680349223e-15,5.45110297685351e-15,4.5308218600333e-15,-7.38181699933337e-15,4.89410498361712e-07,-5.74859725915315e-08,-0.000143187246856566,-4.41870290750207e-15,-2.70331854855079e-14,8.53061790525013e-15,0.707106781186548,-4.62895035042567e-15,-2.29066407268988e-06,4.88259351591563e-06,6.90998863945632e-15,-3.01501959510552e-16,9.334200079536e-14,-5.15374740766345e-15,4.4152654995809e-15,2.22613270599336e-15
"t43",-0.0611725835086682,-0.00232178251960799,-0.117334978141053,-0.0408827321858869,-0.0524593941326408,-0.237272496612662,0.394338682479302,0.00117516123987968,-0.0317066575793093,-0.00212047472332317,0.0474722774104943,0.0159773496272705,0.0203674941936044,0.000257556344842395,-0.0246681655508962,0.000145853609568662,-0.000136394323576077,-0.000143192581093467,3.35892414880694e-05,-0.000426838589515414,-0.000479636644514674,0.000244393308347137,6.79955954941191e-05,0.00595726239182527,1.1097892579515e-05,-0.00392161603003781,0.000126134809581162,-0.00022957090958429,5.63030745272138e-06,2.93585449755909e-05,-1.5344665713849e-15,-0.00138466388247758,-0.00024762667595777,-0.000386909219299464,-0.000104518813874445,-0.00354779560821193,3.0845109183178e-05,-8.52350644873921e-05,3.77918222756658e-05,0.000507154065680366,0.00051240556428392,1.54968040283071e-05,3.47194855551026e-05,0.000404375108725905,-1.31202428021116e-05,0.000125792051508936,1.12985376745644e-06,-0.000393344016539172,0.0918826432389067,8.71542376244877e-05,3.36644982602077e-15,-1.01936433294858e-06,-2.81594534468388e-06,-3.26443673003837e-07,-7.96801549168289e-07,-1.57675028730062e-17,-2.23146650501097e-05,2.07621214201965e-14,-0.00026992217738014,-2.13830153024277e-14,0.00183269140323215,0.862092734249476,2.78033478434975e-14,-7.82760591848959e-15,-9.21708364091346e-15,1.06557268214523e-14,5.57314532597784e-05,-6.0922043570449e-16,3.13035460602403e-06,-4.93769546434377e-15,4.3421540848868e-16,1.23697282309801e-15,-1.83077236830443e-05,2.53389029799741e-15,4.95018853779909e-15,-3.17655189059542e-05,-1.44310725874721e-15,4.29407570446963e-06,7.83863968131619e-16,2.97770664067823e-15,-1.06476075773681e-15,4.89271312113102e-16,2.54679790928811e-15,1.05190562366257e-06,-1.21817006941079e-07,-0.000302532882165758,-1.11175685256857e-15,1.64863057443283e-15,-7.55343127592415e-16,-5.28316907617611e-15,-7.33677088925707e-16,-4.44713443248608e-06,9.14664877765625e-06,5.26753343657092e-16,8.99842031879197e-16,-1.06650799303054e-14,-1.14890060230411e-15,1.18992069119459e-15,2.88825708382158e-16
"t3",-0.0677972448063699,0.000590916095099185,-0.0514861269253108,-0.00492725795935168,-0.00834794749929425,-0.0327865386220686,0.00640094298563048,-0.00203999783616488,0.0676552865780484,0.00542712267235422,-0.261104184905654,-0.218192335229104,-0.250165902878296,-0.00209238834627894,0.405051062648972,0.00374684592025976,-0.00287911370798576,0.0545780382687798,-0.0195156948049303,-0.00383458853396429,-0.0336845525811987,0.00261636799688499,0.00108672642482174,0.359891090485175,-0.00352623352037933,-0.0134920500775143,0.00026995316234185,-0.00239213138381038,1.32129109976387e-05,0.000299027253176274,-0.707106781186546,-0.0118931881427087,-0.000570484338945991,-0.000882614656908523,-0.000720580595762211,-0.00609922791023932,7.02126871128563e-05,-0.000189226154534962,8.37205061793548e-05,0.00340090131691891,0.00331236311836597,3.18578874092675e-05,7.11510247124968e-05,0.00242689605382156,-2.37980432439616e-05,0.00066591558862263,5.23007682889385e-06,-0.00125499310845129,0.00445563593446268,-0.00109280304031658,-1.38978275117958e-16,-5.04940039853681e-05,-0.000343444181894772,-8.02545523572212e-05,3.12288837722357e-05,2.30272779714141e-16,0.000443973424830101,-1.9675159201481e-15,0.000109232965960725,-2.10103367765283e-16,-0.000644662989315581,-0.000768103974811379,-5.01661975614764e-16,-1.16516966733763e-16,2.53075572778388e-16,-2.18451254728749e-16,0.000146168667617037,2.61790403820657e-16,3.46654869851482e-06,-5.92541950564761e-17,-3.26809545969831e-16,-3.18865756357611e-16,-2.29139216329165e-05,1.83201536805138e-16,3.75385657368239e-16,-0.000110514470904769,3.36109325249067e-16,1.58694174295438e-05,-6.44553317755937e-16,1.4040273010399e-16,2.93669556404926e-16,5.60740730777642e-16,2.05463457815736e-16,1.5502767288735e-06,-1.79769777090638e-07,-0.000349107399949637,-4.51977074759917e-16,3.31577967664876e-16,9.21358965167727e-17,-1.02589368685153e-15,4.66038971493283e-16,-1.7646837188604e-05,3.64399992546396e-05,-2.80120981372143e-16,1.06724625106973e-15,-2.42861286636753e-15,-1.24432285830037e-15,1.31784673358135e-15,1.13229341951201e-15
"t4",-0.0677972448063699,0.000590916095099199,-0.0514861269253108,-0.00492725795935167,-0.00834794749929468,-0.0327865386220685,0.00640094298563052,-0.00203999783616421,0.0676552865780484,0.00542712267235429,-0.261104184905653,-0.218192335229104,-0.250165902878294,-0.00209238834627869,0.405051062648968,0.00374684592026289,-0.00287911370798425,0.0545780382687794,-0.0195156948049315,-0.00383458853396164,-0.0336845525811996,0.00261636799688354,0.00108672642482312,0.359891090485172,-0.0035262335203824,-0.0134920500774979,0.00026995316230747,-0.00239213138381808,1.32129110266724e-05,0.000299027253066381,0.707106781186551,-0.0118931881427038,-0.00057048433894569,-0.000882614656913565,-0.000720580595762578,-0.00609922791023214,7.02126871118317e-05,-0.000189226154533917,8.37205061769712e-05,0.0034009013169231,0.00331236311836557,3.18578874152105e-05,7.11510247128389e-05,0.00242689605382255,-2.3798043244677e-05,0.000665915588621912,5.23007682286981e-06,-0.00125499310845045,0.004455635934461,-0.00109280304031416,5.58432880037923e-17,-5.04940039854199e-05,-0.000343444181895246,-8.02545523578927e-05,3.12288837730309e-05,-1.39151775896923e-16,0.000443973424829429,1.46376711533403e-15,0.000109232965961155,1.93044065315693e-16,-0.000644662989314988,-0.000768103974808699,-1.07314457327799e-16,1.63739200883631e-16,-1.96411946274493e-16,-5.66580543243232e-18,0.000146168667616636,1.7039645675728e-16,3.46654869987945e-06,-4.12912345539195e-18,2.96501451811369e-16,6.51445434200027e-17,-2.29139216305498e-05,-3.67679013447801e-17,2.15551798214087e-16,-0.000110514470903259,2.54281757731978e-16,1.58694174289842e-05,-3.13249282956453e-16,3.06668706458439e-17,-1.46796379553968e-16,-4.58311453663902e-16,1.46687134033143e-16,1.55027672814131e-06,-1.79769778197803e-07,-0.000349107399950123,-5.50143611096068e-16,1.25054887788116e-15,3.32619208721276e-16,-1.51161626012502e-15,6.99492417971463e-17,-1.76468371883715e-05,3.64399992544258e-05,1.65167780301025e-16,1.61499174714602e-15,1.72084568816899e-15,-6.73173577856209e-16,1.04218117004076e-15,9.31855987497591e-16
"t1",-0.0676272075227853,0.000584773494644507,-0.0505377586169831,-0.00480536399021592,-0.00813121449412089,-0.0319189008422726,0.00610667379638715,-0.0018860355453626,0.061968489898993,0.00470609197507935,-0.215901070475031,-0.176503782202093,-0.200240470586525,-0.00160300614968458,0.305079731783312,0.00252148078695932,-0.00190058542005182,0.0284281817719167,-0.0100150443856298,-0.00175801065055911,-0.0101407089581558,-0.00240727140155905,-0.00160930817422352,-0.826375235828661,0.0152549082224485,-0.286789708359467,0.000736236764170061,-0.0057535600213163,2.94755703267046e-05,0.000610051711673256,3.2941198383418e-15,-0.0180216581539188,-0.000786899935378878,-0.00120649040831381,-0.000976741671896033,-0.00821553067127075,9.32527136275244e-05,-0.000247128297624658,0.000108038350765789,0.00438253585654333,0.00422364404033745,4.02661106672133e-05,8.98313181526281e-05,0.00304656636006528,-2.94885830679349e-05,0.000824703802121838,6.4348273497411e-06,-0.00153342121415245,0.00541282538756929,-0.00132010517142986,1.6801569797058e-16,-6.05616498964447e-05,-0.000411614085613442,-9.59004654260577e-05,3.7234227820119e-05,1.36588375734404e-17,0.000527714550156972,-8.86509466149573e-16,0.000128969876752069,-2.80721937861274e-16,-0.000760424775169635,-0.000905572925795215,-1.29327624152645e-17,1.01584033503578e-15,6.50682056418084e-16,-4.53407797783753e-16,0.000171101678698482,6.2258887763853e-16,4.04836823469735e-06,-9.38332476534884e-16,-1.66790106205624e-17,2.54709474327361e-16,-2.66719943608433e-05,-3.48741669159548e-16,3.0649920331266e-16,-0.000128492307017248,-1.86459607919519e-17,1.83882640839499e-05,4.3103665954386e-17,1.57195913979355e-16,7.1542728385169e-16,7.77616490662028e-17,2.89264564251425e-16,1.78554838476339e-06,-2.06967190914346e-07,-0.000401889135666057,-4.14812817134923e-16,8.19525299120116e-16,3.17341230459267e-17,-8.75678702227936e-16,-4.24586054088156e-16,-2.02585477262886e-05,4.17760530848785e-05,-1.68756894258121e-16,1.29233059154573e-15,3.01841884819964e-15,-7.56344571765882e-16,7.74138897275397e-16,9.7829079099566e-16
"t14",-0.0846691760079922,0.00512815962762991,0.0308725782777906,0.00660105565819559,-0.223904737311906,0.10230794355863,-0.00288252488418309,0.000972426026404978,-0.0479309974561552,-0.000306496600269986,0.0127294333097724,0.0128259605400807,0.00708950705039524,3.19122160887432e-05,-0.00844042599860226,-6.45000195022345e-05,4.74006102324762e-05,0.0568784424673362,-0.0345131068082959,1.58770973900133e-05,0.000493553672582277,-2.33305751615001e-07,-1.33149162680892e-09,-4.29190809300485e-06,-7.59816042940837e-07,0.000341516449244456,-9.17349951062334e-06,0.076065321742383,8.85839269971912e-07,2.64089986197001e-05,5.21202714051941e-15,0.000171701525996999,2.77916363386561e-05,5.53718103537464e-05,0.000445086526560059,0.00060026587554174,-1.18219986230807e-05,8.64331239209309e-05,-0.000409731170398684,-0.621651252060709,0.0185697239750266,1.7589538937732e-05,3.97433913102112e-05,0.112097993249956,-1.94124558828257e-05,0.178240118732837,0.68539596761364,-0.00111308618767309,0.000645013940793652,-0.00100055781864544,-9.56247061861978e-16,-1.18453592274231e-05,-0.0856571500089674,-5.29930333142399e-05,3.76152070733823e-06,2.62174977391822e-15,0.000326543272571199,2.98113197088625e-15,1.39402521959298e-05,1.2360994428261e-15,-0.000150615289726846,-9.79557332414141e-05,2.41192162493343e-15,-1.62094457733138e-16,-1.09473716620771e-15,1.67974524356619e-15,0.000105483599170019,-2.25352729401491e-16,4.45385775893486e-07,1.25892813104318e-15,1.35347714734243e-15,-4.55177375829131e-16,-2.95054328399282e-06,-3.71495231522215e-17,5.7530305236486e-16,-7.8392817924695e-05,-5.9043480415911e-16,0.0012356022402422,-9.57937322463021e-16,1.52818821622719e-15,5.36620510345749e-16,1.78059790943659e-16,3.021063774714e-16,2.01698502638505e-07,-2.34021033960384e-08,-4.5451669771563e-05,4.41623678613249e-16,8.27221342496368e-16,-2.89697123837742e-16,-1.91769319248295e-15,8.33937005545853e-16,-1.21841026668662e-05,8.43478956724824e-06,5.54421641285291e-17,5.72468276985197e-16,1.28022592527088e-15,-1.77826112511474e-15,6.52406840090097e-16,6.71550689647879e-16
"t17",-0.0847339496484987,0.0051444645463927,0.0310470079266405,0.00665125892361535,-0.225692630145495,0.103140787166805,-0.00292358158670745,0.000995418490872718,-0.0491973721383303,-0.00031954505315152,0.0134473113573143,0.0136302180072192,0.00755550779423112,3.44066272406275e-05,-0.00914051103698007,-7.18444385471312e-05,5.30423987382765e-05,0.0670682825936083,-0.0408191022773154,1.91929778405263e-05,0.000638065866596698,-8.05164967336193e-07,-7.34960555850222e-08,9.48539739605452e-06,3.34543751501306e-07,0.000110708609204725,-6.33835450732305e-06,0.0553734899508086,6.6498287372621e-07,2.0547890002364e-05,-1.33582138926799e-15,0.000149590529092877,2.50345766232867e-05,5.00348507164334e-05,0.000403353311705312,0.000545155237153049,-1.07878471065596e-05,7.93103534315034e-05,-0.000377379969408497,-0.572811724838684,0.0171617638882485,1.62877350135423e-05,3.68086052323439e-05,0.103873877422762,-1.78144580546871e-05,0.163285253603684,-0.727371072877384,-0.00108331323826974,0.000624625161935543,-0.000976562787615439,-1.63217277468859e-15,-1.31858968985989e-05,-0.114492067168518,-4.58309443054018e-05,3.41020272249547e-06,-3.88330926028431e-17,0.000302090220433674,-9.41295015551365e-16,1.30892117814259e-05,-2.97689629588185e-16,-0.000141585295787954,-9.21362175449244e-05,-1.97203510007946e-15,-9.61204028537409e-16,9.96088478087817e-16,-1.03023169069629e-15,9.98229218021454e-05,5.34449505671989e-16,4.22115611029936e-07,-2.91939667959719e-15,1.57732793371311e-15,1.51630826592623e-16,-2.80163897485438e-06,-4.59981892647934e-16,9.15989107008926e-16,-7.44820784024728e-05,9.9751322881292e-16,0.00141983566575919,1.8666060078343e-15,-3.55038476541355e-16,1.45035399415847e-16,-1.11908255577223e-15,7.57267549488785e-16,1.92475596220788e-07,-2.23359163315249e-08,-4.33825169582902e-05,-1.67956002458087e-15,1.56175832353268e-15,1.34202262370037e-15,-8.33064613890476e-16,-2.89221975640266e-17,-1.16429081217541e-05,8.06460035780702e-06,-2.40265646781516e-16,1.78527046859337e-16,-3.22658566531686e-16,-1.55195771950781e-15,1.35302202418592e-15,3.00237839638982e-16
"t32",-0.0853630178367324,0.00530327900106593,0.0327506805539872,0.00714259075029177,-0.243197072678849,0.111296027810252,-0.00332781020764847,0.00122331837866922,-0.0617706985976259,-0.000450117143430477,0.0206659550724978,0.02173230072412,0.0122537999712221,5.96296062010477e-05,-0.0162266056384066,-0.000146555903844071,0.000110471600065217,0.171366938033533,-0.105379829796996,5.31935386105195e-05,0.00212489917278745,-6.7424111332444e-06,-8.23769470020009e-07,0.000152897887345184,1.17427564296159e-05,-0.00230305783095095,2.35572316378736e-05,-0.163329730141041,-1.67376677279714e-06,-4.17005071519289e-05,-7.0104965625903e-16,-9.12809408235005e-05,-5.85873714473758e-06,-1.0038921845735e-05,-6.8630986503568e-05,-8.05597628826389e-05,1.07237328214456e-06,-3.61066319980091e-06,4.14111204159249e-06,0.00410498205795323,0.000320863686215593,5.81152038417146e-07,1.3763471574288e-06,0.00461502223196916,-7.45373385595366e-07,0.00667263099546859,-0.0140607047828666,3.91625357959565e-05,-8.89876377264187e-05,0.000400836460092567,2.21905128020253e-15,5.09653980557209e-05,0.915086268711472,-0.000149165706082157,6.16160078371965e-06,-6.36429525337001e-15,0.000370337254312884,-2.07221483205308e-14,1.11496054714565e-05,-7.3139447864061e-16,-0.000117135866143718,-7.51447903863919e-05,-3.78209050262828e-16,9.78579838524185e-16,-4.71650531857823e-16,-3.5247646789284e-16,7.12990973819178e-05,-4.35870834716075e-16,2.94109145155774e-07,1.35901441791628e-15,-1.98743019378927e-15,2.36720723365256e-16,-1.90362893524833e-06,-1.73431179352393e-15,3.07422422631805e-16,-5.02781353848269e-05,1.33258779434896e-15,0.00817303736929786,-2.55745842074831e-15,-6.01381105348123e-16,1.0679980174478e-15,-6.52749820281986e-16,-5.4423892991637e-16,1.26197769182733e-07,-1.46396539660345e-08,-2.84323587328023e-05,1.0989076923816e-15,-8.37648371298191e-17,-2.89324135952036e-16,-2.81288239533445e-15,5.64160279551035e-17,-7.62269175570482e-06,5.28101703482974e-06,-1.86942505708111e-15,1.62877589809399e-15,1.8249290967276e-15,4.15853076804575e-16,8.89551551644091e-16,1.04785405113395e-15
"t64",-0.0857547407881692,0.00540147034793092,0.0337969447419394,0.00744283062987597,-0.253883604159911,0.116272948933166,-0.00357117215616595,0.00135821700175889,-0.0691812945843055,-0.000525534215124667,0.0247824914041679,0.0263302659482246,0.0149143724174444,7.38015834522063e-05,-0.0201975501577171,-0.000187860461489436,0.000142164638542197,0.228059688258672,-0.140449422487282,7.15834956077605e-05,0.0029215047024835,-9.84228476877806e-06,-1.21392910327971e-06,0.000227213033215004,1.76292236343453e-05,-0.00353687898587153,3.84649886829417e-05,-0.271606182551144,-2.82496233494142e-06,-7.20632359702151e-05,-2.5629158299443e-15,-0.000199389300500095,-1.83480959327318e-05,-3.38809684099071e-05,-0.000252274682659066,-0.000319947167950655,5.40640273246241e-06,-3.16684837605189e-05,0.000123395660683494,0.182392247123879,-0.00436572154870546,-3.26430264012035e-06,-7.12784048430385e-06,-0.0164118374812244,1.31620188256365e-06,-0.0114692714189598,0.0174328279476834,-3.40556239224658e-05,5.61666811349953e-05,-0.000176994345545379,-8.19835555660456e-16,-1.25405124014864e-05,-0.208696798107012,2.39456505393243e-05,-6.98842996207833e-07,7.32137684155518e-16,-1.94874334578784e-05,1.29044937233493e-14,6.88625310885072e-07,1.07100766729623e-15,-8.91952632057274e-06,-6.2872497046216e-06,1.5285888483272e-15,-3.9951981252005e-15,-4.45698637198909e-18,2.36682526190589e-15,1.24461855719171e-05,7.06229880570776e-17,5.75201840084543e-08,1.02470575201874e-14,9.63325691635574e-16,3.19944825712313e-15,-3.91264013996222e-07,-1.05036293090034e-14,7.67884566758719e-16,-9.77300448519553e-06,-6.30874475451751e-15,-0.820749977012442,3.52888044496822e-14,-3.71573532141129e-14,-1.33864681109204e-15,-1.96410658929162e-15,-4.58699387710503e-16,5.6723767767097e-08,-6.58694017835544e-09,-1.27970547958781e-05,7.59913521029884e-17,-4.30510667196154e-15,-2.58780591092552e-16,-1.72056942557859e-14,-2.89909421000497e-15,-3.5142877011025e-06,2.47609248089472e-06,-1.40562102728015e-15,2.12630626842991e-15,-3.88578058618805e-16,1.50799746357219e-15,-4.8917041742881e-18,-6.33505987574329e-16
"t67",-0.0857698141911191,0.00540522326724902,0.0338366823047727,0.00745418157225043,-0.25428727606312,0.116460881345905,-0.00358024953815648,0.00136317442984332,-0.0694526280352238,-0.000528249074937396,0.0249291477922995,0.0264934391096338,0.01500862989144,7.43005745662608e-05,-0.0203370781892637,-0.000189296778064547,0.000143265227956045,0.230006290393416,-0.141652987699328,7.22126421156148e-05,0.00294857160056595,-9.94572020144611e-06,-1.22691229702992e-06,0.000229680074711678,1.78240754330718e-05,-0.00357746563565427,3.89475850674705e-05,-0.275095464635753,-2.86192682494078e-06,-7.30327257930499e-05,-1.7814943415091e-15,-0.000202680921318459,-1.87092399486653e-05,-3.45646904878574e-05,-0.000257495619870896,-0.000326704212411603,5.52647413134027e-06,-3.24238015200148e-05,0.000126521756524927,0.187049036054015,-0.0044844380448558,-3.35861892441554e-06,-7.33547118121043e-06,-0.0169119157905998,1.3614520058953e-06,-0.0118658175706243,0.0180820680650348,-3.54447333376828e-05,5.86691905915866e-05,-0.00018571429607929,-8.08612267520721e-16,-1.32621043187586e-05,-0.220928743770426,2.5463300258454e-05,-7.46112853324085e-07,1.88966692986097e-15,-2.09463521695831e-05,8.31391058700316e-16,7.56885569150244e-07,-1.35087537195441e-15,-9.84819601950957e-06,-6.96015960185376e-06,3.07118982636849e-16,2.50409781392652e-15,9.5647356318465e-16,-7.04190475441296e-15,1.471724123282e-05,-3.17667849771528e-15,7.1425747741568e-08,-7.87847878935117e-15,3.72736041660109e-15,-3.19099699197573e-15,-5.70589919613953e-07,6.68809565943785e-15,2.2106687277716e-15,-1.63793957221567e-05,5.48036000915556e-15,0.403917359408755,-2.94330882287445e-15,0.707106781186565,2.7449384426427e-15,2.50318873526387e-15,2.94729257910058e-15,4.47329263398014e-08,-5.27443635266829e-09,-1.0277903396843e-05,-1.41751837981967e-15,-1.34706925246047e-15,-1.25952050294477e-15,1.40645432938373e-14,8.04875762750188e-17,-3.01818331849646e-06,2.17033070992426e-06,8.72325576909901e-16,5.35696833165562e-16,-3.46944695195361e-18,-1.336424429251e-15,1.65390240490182e-15,1.3557943441832e-15
"t68",-0.0857698141911191,0.005405223267249,0.0338366823047726,0.00745418157225046,-0.25428727606312,0.116460881345905,-0.00358024953815659,0.00136317442984331,-0.0694526280352238,-0.000528249074937508,0.0249291477922996,0.0264934391096338,0.0150086298914392,7.43005745665361e-05,-0.0203370781892635,-0.000189296778064283,0.000143265227955726,0.230006290393415,-0.141652987699327,7.22126421154079e-05,0.00294857160056567,-9.94572020065573e-06,-1.22691229691052e-06,0.000229680074711319,1.78240754323248e-05,-0.00357746563565425,3.89475850676315e-05,-0.275095464635752,-2.86192682507414e-06,-7.30327257928869e-05,-1.89251664397191e-15,-0.000202680921317103,-1.87092399487662e-05,-3.45646904853188e-05,-0.000257495619871287,-0.000326704212410696,5.52647413149464e-06,-3.24238015205159e-05,0.000126521756524607,0.187049036054015,-0.00448443804485637,-3.35861892295579e-06,-7.33547118332464e-06,-0.0169119157905983,1.36145200585073e-06,-0.0118658175706221,0.0180820680650365,-3.54447333382947e-05,5.86691905931199e-05,-0.000185714296077505,8.60325556288569e-16,-1.32621043198146e-05,-0.220928743770427,2.54633002583291e-05,-7.46112857518655e-07,1.82755876503798e-15,-2.0946352166271e-05,1.73604935142222e-15,7.56885564087996e-07,-1.14062255228884e-15,-9.84819601642399e-06,-6.96015959724742e-06,-9.65311561624435e-16,1.75034935980173e-15,-1.30808087327637e-16,4.54686950993693e-15,1.4717241233679e-05,4.65234533091711e-15,7.14257648011731e-08,-2.9855688143939e-15,-4.50565796118446e-15,-3.57068091005834e-16,-5.70589919565038e-07,4.63150353430185e-15,-2.43994372095191e-15,-1.63793957179824e-05,2.69399960521806e-16,0.403917359408819,-3.2389142242661e-14,-0.707106781186529,-1.48264701531731e-15,1.57111092076683e-15,-1.54928958448531e-15,4.47329200931257e-08,-5.27446111127971e-09,-1.02779033861605e-05,-1.52796222442841e-15,7.90703109097212e-15,1.93585604138898e-15,3.39411151908779e-16,3.34436076929135e-15,-3.01818331720776e-06,2.17033071862442e-06,1.12554710819134e-15,8.69596955756577e-16,2.60208521396521e-15,-3.36376831934214e-15,2.07883628993721e-15,2.0562291787647e-15
"t19",-0.0845119325402638,0.00508738243592241,0.030423529382967,0.00646895096674982,-0.219180497637021,0.100103552025247,-0.00276685247182423,0.000902042103743548,-0.0439685754870267,-0.000260978450238392,0.0100343406168889,0.0097178365011972,0.00526498947401009,2.1660967847789e-05,-0.00551479394384151,-3.09607810278941e-05,2.13210995521577e-05,0.00446400029267366,-0.00191953338623729,-1.81560068254477e-06,-0.000335466901204589,3.84066205700657e-06,5.31808157045918e-07,-0.000109470985544321,-9.46078379191081e-06,0.00235623517991527,-4.18431856434372e-05,0.33736772458058,3.90141574789035e-06,0.000117753040625732,1.78718420251447e-15,-0.00610335213127444,-2.21061033328973e-05,-3.16364779007746e-05,-0.000177451483592905,-0.000173142270612523,1.07835773841193e-06,5.80924535400342e-06,-5.23247699517708e-05,-0.0816801618743157,0.00234144659473172,8.30126199539805e-07,1.14145351252191e-06,-0.0143704577524504,7.34273781627832e-05,-0.894456137810347,0.00279246176576533,-0.00186232440622631,0.000877036309564346,-0.0012008428824561,-5.36238660930054e-16,-9.62590368044767e-06,-0.0278479346900129,-6.98898649614233e-05,4.57352567184385e-06,-2.41900128768752e-16,0.000379270846556126,-1.12978857317035e-15,1.54838306384327e-05,2.41832085278859e-15,-0.000166621478143471,-0.000108147737056209,-1.51332010731387e-15,3.40879280994328e-16,2.78731555988896e-16,6.29488465048988e-16,0.000114040421610731,5.54631630132941e-16,4.79229502027748e-07,1.22957802516433e-15,-4.09527816724227e-16,2.69882748315546e-16,-3.15731913451204e-06,-4.59868658004185e-16,-7.63081703119554e-16,-8.37474676151503e-05,6.79131428252261e-16,0.000584982148684018,-1.42149996638913e-15,-9.92646537575939e-16,8.3205633636991e-16,1.13807377198211e-15,-1.14394284003154e-15,2.13397117649389e-07,-2.47517951988105e-08,-4.80699452542095e-05,-1.54955690253659e-15,3.86052773656764e-17,-3.29699018676239e-17,1.28763698239943e-15,2.61083207717665e-16,-1.28615982842074e-05,8.8965011054403e-06,-8.20115528258106e-16,1.15725755526117e-15,-2.26207941267376e-15,-1.48163559857885e-15,1.02850723721244e-15,1.69327649764604e-15
"t44",-0.0847938460621384,0.00515602416485394,0.0311334982198927,0.00666794607892861,-0.226231086436266,0.103381004095191,-0.00291576124742988,0.000975745658669318,-0.0478840419922185,-0.00029372496611013,0.011540148602881,0.0112704115829746,0.00612912670851704,2.55678337477869e-05,-0.00654036012384941,-3.76392750540903e-05,2.60072884338954e-05,0.00560514398521565,-0.00241333429102762,-2.30203894749524e-06,-0.000433493092360245,5.2405882732415e-06,7.3206310361865e-07,-0.000151880510009303,-1.32526341687375e-05,0.00337266416635859,-6.36012490164366e-05,0.522315122232441,6.1321786645246e-06,0.000189650089715808,1.92654478147896e-15,-0.0128298943008788,-7.8991092696608e-05,-0.000129842907196656,-0.000868937925879678,-0.00101717883281057,1.42685047449177e-05,-6.43421243356611e-05,0.000193161827011577,0.274402182554543,-0.004227694114527,-9.31051655510994e-07,-1.2059845599803e-06,0.010997463709201,-2.26051701689752e-05,0.262164845425222,-0.000368770512161546,-1.35531221339301e-05,9.21131329513078e-05,-0.000225603205506329,2.03974160739638e-15,-2.68236241781644e-06,-0.00800135817107296,-2.23881891601789e-05,1.57271024616691e-06,1.74730757998995e-16,0.000142204185047911,2.54870064752717e-15,6.75288065419203e-06,4.24546849578809e-15,-7.40087487295236e-05,-4.84962438618083e-05,3.6893048289245e-15,-4.43324468195384e-15,-2.60570335704991e-15,0.707106781186547,5.75320708233835e-05,4.24572876374003e-15,2.49875422470414e-07,5.84294338974796e-15,-7.09231541717059e-15,-4.03529004052505e-16,-1.7177660914711e-06,2.9518875134136e-15,6.97297779674696e-16,-4.62021034244311e-05,3.49317822732816e-15,0.000335491374676555,-1.22251106877924e-15,6.4850169936367e-15,-3.32420415873238e-15,2.08031835229697e-15,8.70657772046975e-16,1.30048927527034e-07,-1.51417097776584e-08,-2.94299275016736e-05,-9.06145798263334e-16,1.11641885162564e-15,-4.98459445659748e-16,-6.06064909863919e-16,-8.41204222616039e-16,-8.07189612193609e-06,5.64856135102628e-06,-4.74673287007089e-16,3.14708031235711e-15,7.66400831686553e-15,-1.16180913544755e-15,1.4703914872681e-15,1.07881970588756e-15
"t45",-0.0847938460621384,0.00515602416485393,0.0311334982198927,0.0066679460789286,-0.226231086436266,0.103381004095191,-0.00291576124742989,0.000975745658669256,-0.0478840419922184,-0.000293724966110235,0.0115401486028812,0.0112704115829749,0.00612912670851718,2.55678337475713e-05,-0.00654036012384994,-3.76392750539783e-05,2.60072884343513e-05,0.00560514398521488,-0.00241333429102788,-2.30203894814645e-06,-0.000433493092360633,5.24058827332395e-06,7.32063103382642e-07,-0.000151880510008491,-1.32526341684593e-05,0.00337266416635923,-6.36012490172417e-05,0.52231512223244,6.13217866408743e-06,0.00018965008971599,2.28042837057839e-15,-0.0128298943008811,-7.89910926975927e-05,-0.000129842907195097,-0.000868937925879703,-0.00101717883281077,1.42685047449241e-05,-6.43421243342208e-05,0.000193161827011502,0.274402182554541,-0.00422769411452664,-9.31051655489767e-07,-1.20598455870666e-06,0.0109974637092021,-2.26051701683259e-05,0.262164845425221,-0.000368770512159214,-1.35531221332122e-05,9.21131329537917e-05,-0.000225603205506123,3.51706612551049e-16,-2.68236242024209e-06,-0.00800135817107364,-2.23881891605875e-05,1.57271023905235e-06,-9.79633036954072e-18,0.000142204185044509,1.64865330883293e-16,6.75288065802886e-06,-7.48826880352673e-15,-7.40087487336568e-05,-4.84962438442892e-05,-3.60527880273155e-15,5.36195505741409e-15,3.43311369397192e-15,-0.707106781186548,5.75320708934432e-05,-3.76221966224957e-15,2.49875461423614e-07,-5.90540188571821e-15,7.07034771939951e-15,1.55214279298857e-16,-1.71776609534358e-06,-1.82081657141591e-15,-2.50371346832042e-16,-4.62021034290279e-05,-3.61952248067878e-15,0.000335491374672456,1.05448264834211e-15,-5.09556325065136e-15,3.18429952010884e-15,-1.67278029341743e-15,-8.50524691612353e-16,1.30048925632627e-07,-1.51417032882603e-08,-2.94299275033598e-05,3.5344748250007e-16,5.16363946277296e-16,1.03205557442095e-15,-1.46648775394841e-15,8.46577064063418e-16,-8.07189612190649e-06,5.64856134975539e-06,7.67870583492488e-16,4.76159574837098e-16,-2.019218126037e-15,-1.17990771216023e-15,6.91168387711756e-16,1.1084138803788e-15
"t15",-0.0834915832461646,0.00482728161696112,0.0276048012732311,0.0056493409623776,-0.189933628660298,0.0864685699827992,-0.00207292951048602,0.000494091127287153,-0.0211788400990434,-6.49884272259528e-06,-0.00491615435020536,-0.00752354861401373,-0.00486228216454146,-3.55883552155943e-05,0.0108828299197167,0.000163641583894789,-0.000131075790795175,-0.332215621804516,0.208686220709718,-0.000121230225655027,-0.00674292156166862,0.000120488586383639,4.36791639252615e-05,0.0105252191876999,0.000208036413211079,-0.0143587230615251,2.96372191356498e-05,-0.0998259707279634,-2.48123627980213e-07,2.2467054270999e-05,6.79016679084357e-16,-0.00395804928678305,-2.02126763086859e-06,3.98460887398892e-06,7.87368148232167e-05,0.000142962724147021,-3.80837310681881e-06,2.6470422738352e-05,-6.57517959466784e-05,-0.0807006192474712,-0.0054137693084974,-2.53425630225911e-05,-6.97911197497523e-05,-0.873843975735811,-2.01628022999589e-05,0.0590264819908237,0.000299765621728256,-0.0028664008712612,0.00143680832374248,-0.0019975135084442,-2.4976743805177e-15,-1.40733656662274e-05,-0.00891144504580266,-0.000123206248703978,7.88767489675695e-06,-6.39723815787595e-16,0.000644761549815324,6.26485808671217e-16,2.57920086256975e-05,3.07630110815343e-16,-0.000276831590454563,-0.000179434565888105,-5.94702672146052e-16,1.63001196169209e-16,-1.45818323836291e-16,-6.94790871850044e-16,0.000185665881089657,2.15473263605276e-16,7.75464482874743e-07,-2.02718664243585e-16,-1.10010386608939e-15,-4.98614710760595e-18,-5.0655665240471e-06,2.8201583227878e-16,4.00401391781149e-16,-0.00013396408872428,3.55112648439243e-16,0.000248438700043908,-7.89979940577433e-16,-5.63612693692023e-16,3.10530437116421e-17,4.385396539284e-16,1.28813529459954e-16,3.33188237974616e-07,-3.86058353429952e-08,-7.49589655549207e-05,-1.24362770869956e-15,1.2907363483245e-15,2.29156556370264e-16,-1.98380385409339e-15,-7.40913829570788e-16,-1.99141813739898e-05,1.37269974962722e-05,-8.55576900153089e-16,1.15245916706298e-15,6.9111383282916e-15,-9.98979257409817e-16,9.10376832368522e-16,5.46522256029263e-16
"t52",-0.0838451833652553,0.00491027642113521,0.0284285753094226,0.00587216647790024,-0.197771622071204,0.0901011458678363,-0.00221717902906263,0.0005468267849336,-0.0236491748351812,-7.58150590346159e-06,-0.00590475560813672,-0.00914019838333784,-0.00593739760690577,-4.42894932048374e-05,0.0136321482312209,0.000212146653760395,-0.000170726171862271,-0.450747817977299,0.283663017075044,-0.000166784042136158,-0.00953315186243267,0.000184531438917477,6.77830407744419e-05,0.01652771735203,0.000331466737676597,-0.0236465548040965,5.36456352471208e-05,-0.186151155313274,-4.74290255678218e-07,4.4723555994039e-05,-6.59825513764548e-16,-0.0130896979080071,-8.49562797982902e-05,-0.000138101474847388,-0.000909041360583828,-0.00104529465432044,1.36926116184652e-05,-4.97293360194038e-05,8.03102846335505e-05,0.0936105612920374,0.0041995236338025,1.34208601048232e-05,3.50741659232636e-05,0.325179586559029,2.61909094085416e-06,-0.00715281211537659,-6.53340112348777e-06,-0.000203553627576456,0.000201591753198406,-0.000403436270297882,9.45272831821037e-16,-3.84041160691218e-06,-0.0024938059077992,-3.77845962101103e-05,2.5723591013374e-06,6.39109839544814e-16,0.000227086279963552,2.80080618537918e-16,1.04449487771137e-05,3.59178323243441e-17,-0.000114069236492468,-7.4610723808595e-05,-1.14848159444041e-15,2.54429110214346e-15,3.73180792299729e-16,-6.8166879409245e-15,8.65663278406457e-05,-5.31989404819094e-15,3.73627950531334e-07,-2.22886009440946e-14,-0.707106781186547,-6.12532982483102e-13,-2.54744740590465e-06,-6.41500749474312e-15,-7.24317877634809e-16,-6.83296527411983e-05,-2.83202578615463e-15,0.000131859401818482,2.50286404098286e-15,4.57005614091374e-15,8.12087943316194e-16,2.15675065185817e-15,8.94809100586082e-16,1.88392535997552e-07,-2.19161405719423e-08,-4.25893366973566e-05,-1.11638832248825e-15,1.45646912940423e-15,2.11441608698905e-16,-5.24854261783252e-16,7.31350947033164e-16,-1.1615315033642e-05,8.10601737735368e-06,-1.09265133116908e-15,1.30191479236563e-15,-3.20923843055709e-15,2.49365976592535e-15,1.85446918441266e-15,1.35902659096717e-15
"t53",-0.0838451833652553,0.00491027642113521,0.0284285753094226,0.00587216647790027,-0.197771622071204,0.0901011458678363,-0.00221717902906245,0.000546826784933702,-0.0236491748351811,-7.58150590341421e-06,-0.0059047556081369,-0.00914019838333797,-0.00593739760690601,-4.42894932052413e-05,0.0136321482312206,0.000212146653760385,-0.000170726171862485,-0.450747817977299,0.283663017075044,-0.000166784042136916,-0.00953315186243348,0.000184531438917584,6.77830407737997e-05,0.01652771735203,0.000331466737676692,-0.0236465548040963,5.36456352467325e-05,-0.186151155313274,-4.74290254823222e-07,4.47235559935314e-05,-1.13167029922989e-15,-0.0130896979080073,-8.49562797968869e-05,-0.00013810147484764,-0.000909041360584247,-0.00104529465431956,1.36926116187448e-05,-4.97293360196214e-05,8.0310284632879e-05,0.0936105612920397,0.00419952363380269,1.34208601049939e-05,3.50741659215907e-05,0.325179586559026,2.61909094028177e-06,-0.00715281211537779,-6.53340112357066e-06,-0.000203553627575236,0.000201591753196881,-0.000403436270304421,1.05346500876623e-15,-3.84041160816746e-06,-0.00249380590779634,-3.77845962104168e-05,2.57235910178248e-06,5.75644848138856e-18,0.000227086279961579,6.48709357182989e-16,1.04449487824947e-05,-5.90568102507397e-16,-0.000114069236487733,-7.46107238091424e-05,1.50023633112132e-15,-2.30273502423176e-15,-2.96825701765012e-17,7.42886121115723e-15,8.65663278459664e-05,5.75385998464756e-15,3.73627960054457e-07,2.29959451841762e-14,0.707106781186548,6.12216501631598e-13,-2.54744725203443e-06,6.06775036836648e-15,1.13776612116601e-15,-6.83296527617076e-05,3.21644976295432e-15,0.000131859401820203,-3.53225799555772e-15,-3.59528725947187e-15,-5.22485308126102e-16,-1.49752297834067e-15,-7.55993538338048e-16,1.88392546879636e-07,-2.19161510078444e-08,-4.25893367027377e-05,3.44608281532153e-16,9.8560718076233e-17,1.20096213717188e-16,-1.28813259121303e-15,3.87778193212863e-16,-1.16153150352765e-05,8.10601737820865e-06,8.91081433733372e-16,1.21659424578464e-15,1.07899800205757e-15,-4.49801451397036e-15,3.16406902642346e-16,1.04431514908356e-15
"t27",-0.0879350704100823,0.00672924394617582,0.154449474815141,-0.00394725253841099,0.0801693355134963,-0.0292349520268999,-0.000904257685254043,0.000184603423068278,-0.000312609350310815,-0.000125882879239833,-0.00598266317477292,-0.0520467423772328,0.060256261226001,3.1648927430246e-05,-0.00641871684048358,-8.6474575360469e-08,-4.92526929043125e-06,-0.220956599570826,-0.365490843162613,-2.47783104439424e-05,-0.00203468968042016,5.03506864165809e-05,1.8763849303196e-05,0.00461838005204323,9.32909476209856e-05,-0.00664095388469443,1.00822942551324e-05,-0.00164301276748075,5.49750511723735e-07,3.80078876980404e-05,-1.63019428307941e-15,-0.0417460984807867,-5.4907135853002e-06,-1.52129912809089e-05,-0.0286219980744035,2.38005389932022e-05,4.46743367141954e-07,-1.36688843000147e-06,4.716840790314e-07,0.000103582938999099,-9.76951800855918e-05,-2.18709069458413e-07,-5.70252946393733e-07,-0.000247198931896993,1.09588444158186e-06,-0.000207998446185862,-2.83378383190903e-06,0.0138104767369283,-0.0016485214389968,0.870143068946742,-5.32433896017981e-15,-2.11841039889954e-05,-0.000802278519424451,-0.000607229277999133,8.53631724918061e-06,1.23367515038722e-15,0.0466953663617155,-8.77479197208225e-16,1.87844046222174e-05,8.12990749962773e-16,-0.000199122410632945,-0.000128225271917356,1.88088137099777e-15,3.38233483048767e-15,-2.32035665944738e-15,7.38613573195777e-16,0.00796748319343699,1.21786238613703e-16,4.98782710376006e-07,-2.87729335984247e-15,3.98965976137408e-15,-5.99073564266766e-16,-3.21904684079981e-06,-1.16590737017538e-15,1.25783108022077e-15,-0.00499535583701032,-1.49529790153204e-16,1.1601416718576e-05,1.40813575921701e-16,1.08569885288886e-15,1.85606776275451e-16,5.05295365109173e-16,7.0457124383131e-17,2.01547721183683e-07,-2.33301143705933e-08,-4.52897134994787e-05,-5.45411918783106e-16,2.05978917120445e-15,-6.85317156322491e-16,-2.22025530465086e-15,1.17320295704701e-16,-0.000603399551513317,8.22520729915224e-06,-3.23746803751145e-16,1.28596305011567e-15,7.52869988573934e-16,-8.37366994820598e-17,7.4160844662655e-16,9.83811838958521e-16
"t91",-0.0883008482403112,0.00684207659826059,0.15891382913169,-0.00409727931264017,0.083354217499778,-0.0304168171093102,-0.000963928747475909,0.00020292855230371,-0.000346349243205416,-0.000144801148309339,-0.0070494792412413,-0.0618968562319774,0.0719551967363504,3.83666528085596e-05,-0.00782095829518768,-1.08182448303918e-07,-6.1834571858092e-06,-0.28587542173368,-0.473500411717474,-3.23793582801256e-05,-0.00271036216885275,7.07549539478218e-05,2.65908990565943e-05,0.00659396100784914,0.00013441289739285,-0.00976323962181552,1.56510515332576e-05,-0.00259206148571736,8.7875086881015e-07,6.20336328816072e-05,6.92995110369183e-16,-0.0836242331245905,-1.49360814293318e-05,-4.40216887452372e-05,-0.0888046298848107,7.85972708372756e-05,1.77828266272936e-06,-8.07765919440749e-06,5.2227075783008e-06,0.00130422623340053,0.00620692492624666,1.81488245761557e-06,4.20213902477712e-06,0.00109806747262855,-2.10412337702878e-06,0.000387212799050254,3.64231206691722e-06,-0.011912486779532,0.000989006764533486,-0.344587241666671,2.46015455638207e-15,4.02093679433819e-06,0.000137192211294941,6.1111787226991e-05,-4.41328517597371e-07,-3.47701768913784e-16,0.000531984320806469,-2.21570959275979e-15,2.45835653616945e-06,-8.56063951728361e-16,-2.90992468375364e-05,-1.97675999630611e-05,-8.72120952624503e-16,-1.67585127361846e-15,1.7699512424391e-15,1.76019230052464e-15,0.00205062402486008,-6.21740521223016e-16,1.43457062860186e-07,-1.33787508500649e-15,-1.84011098531435e-15,-2.9644553168762e-16,-1.05406933771796e-06,1.03133646106781e-15,1.92843340878358e-16,-0.00170190667345442,1.20038987387976e-15,4.38742873685609e-06,1.06273592249282e-16,-5.64119928309645e-16,-7.87809319811143e-16,-9.35868244052108e-16,7.93742365483778e-16,8.83753384636072e-08,-1.0319385506703e-08,-2.00692046292347e-05,-1.66285315365283e-15,-1.5592950579925e-15,2.1983515291174e-15,-2.61171222606744e-15,6.44504778412078e-15,-0.000282610032414077,3.95043463637858e-06,7.83162055914027e-15,-0.707106781186546,7.42773897943749e-14,-1.05404096856415e-14,-4.58666036088594e-15,-1.89578405716418e-15
"t92",-0.0883008482403112,0.00684207659826061,0.15891382913169,-0.0040972793126402,0.083354217499778,-0.0304168171093102,-0.000963928747475917,0.000202928552303753,-0.000346349243205143,-0.000144801148309412,-0.00704947924124136,-0.0618968562319769,0.0719551967363508,3.83666528089043e-05,-0.00782095829518775,-1.08182448272293e-07,-6.18345718657912e-06,-0.28587542173368,-0.473500411717475,-3.23793582796588e-05,-0.00271036216885302,7.07549539481768e-05,2.65908990569443e-05,0.00659396100784907,0.000134412897393022,-0.0097632396218154,1.56510515335127e-05,-0.00259206148571775,8.7875086872774e-07,6.20336328816572e-05,1.82335887128815e-16,-0.0836242331245904,-1.49360814290114e-05,-4.40216887450878e-05,-0.0888046298848097,7.85972708378859e-05,1.77828266096989e-06,-8.0776591934898e-06,5.22270757815804e-06,0.00130422623339871,0.00620692492624705,1.81488245849169e-06,4.20213902455687e-06,0.00109806747262872,-2.10412337921773e-06,0.000387212799050267,3.64231206640719e-06,-0.0119124867795317,0.000989006764533198,-0.34458724166667,1.86304816203186e-15,4.02093679483841e-06,0.000137192211294165,6.11117872275754e-05,-4.41328514368421e-07,-3.17252830531058e-16,0.000531984320805466,3.08560534982533e-15,2.45835653544504e-06,2.56368197617951e-16,-2.90992468357562e-05,-1.97675999625396e-05,-1.14340877754582e-15,-2.47003151171796e-16,4.28800389664075e-16,-1.01536527137603e-15,0.00205062402486431,1.30934216228166e-15,1.43457065810532e-07,2.73496545324236e-15,-1.61459635141268e-15,2.44924345631111e-16,-1.05406933519697e-06,-5.70316695747435e-16,2.46411520364022e-16,-0.00170190667345977,-1.28187339850417e-16,4.38742873876599e-06,-1.04919693497536e-15,-5.08608776919172e-16,2.02714575203454e-15,8.11103145668326e-16,-7.37595145780375e-16,8.83753408996983e-08,-1.0319389089387e-08,-2.00692046231875e-05,1.06986625365304e-16,1.63990794855495e-15,-1.08540548578305e-15,8.5773472588618e-16,-5.64370068710486e-15,-0.000282610032417624,3.95043467247599e-06,-8.16257235941088e-15,0.707106781186549,-7.49088291396305e-14,7.42726981738395e-15,6.82682844166338e-15,4.14379996922645e-15
"t63",-0.0909415520408588,0.00778296193759731,0.202451179045646,-0.00576751153830699,0.119772802330954,-0.0440816334999978,-0.00210410512734495,0.00192867530830691,-0.148595160432731,0.000248736367404258,0.00663547871352652,0.0485243159542919,-0.0522744472822621,-2.15245785211725e-05,0.00404205874688476,3.76159257688729e-08,2.04360840353056e-06,0.0616007072679106,0.100115588986126,6.04127901170623e-06,0.000378345807264125,-3.36797783655768e-06,-9.72198189343191e-07,-0.000180235421870979,-2.25242460562157e-06,-4.46542619009815e-05,8.02472171035784e-07,-0.000163315154948431,6.32745389171272e-08,5.30495970840961e-06,-7.39717438873351e-16,-0.0167233993590251,-8.2343805739357e-06,-3.4096069228882e-05,-0.124183628791106,0.000377756110300329,-1.38657397280719e-06,1.87573134686124e-06,-6.19069086965584e-07,-0.000142669441486837,-0.00035526032357978,-5.18395028632716e-08,-1.07908835618966e-07,-1.39093224520424e-05,-1.19350183076685e-08,2.36910619019306e-06,3.4740691197475e-08,-0.000106623805632765,5.1842220768328e-06,-0.000188081554636592,2.26231614204083e-16,7.20399956929924e-08,3.71824652096741e-06,8.0023165180225e-06,-2.40155654262428e-07,-1.12435087822394e-15,-0.0190892364193935,3.33096177736551e-15,-1.01617306216644e-06,-3.79538825002901e-15,1.4468298956647e-05,1.07980763286465e-05,1.72904654670422e-15,3.45112000464115e-15,-3.36273189173719e-15,-2.4022256635023e-14,-0.430038580124248,3.51070711230774e-15,1.24846971791198e-07,3.13816143739454e-14,1.38919122718171e-14,2.10482453963868e-14,2.83409701367281e-06,6.83815960824126e-14,-1.46906476565418e-13,0.825467101237125,-3.89330044023362e-14,8.07200156877246e-06,-4.3907114676916e-15,2.21537378357178e-15,4.89562427100434e-16,2.09925224391885e-15,2.30407809919274e-15,8.33495036828919e-08,-9.50430415116719e-09,-1.83951788830586e-05,1.7996393808579e-16,-3.19559626684166e-16,2.95994551983617e-15,-1.04803640029462e-15,1.79242337073e-15,-0.0301859847704519,2.92603556347428e-06,-1.37565428379073e-15,5.63085472760135e-15,-1.11022302462516e-16,-6.38481198094252e-16,5.65610431917538e-16,2.78926891464772e-15
"t86",-0.0911539672662944,0.00785548479321934,0.205671251501635,-0.00588725467960562,0.122368374630326,-0.0450531938892338,-0.00217828745448796,0.00202837248272155,-0.156892016017315,0.000267476843436,0.00721680341310789,0.0530013155532738,-0.0572051965666185,-2.37162670461537e-05,0.00446384395915402,4.20270997002504e-08,2.28675734017953e-06,0.0698185489422971,0.113534268171237,6.87567794663349e-06,0.000434000476609842,-3.94566462144975e-06,-1.14261567960445e-06,-0.000212427975185455,-2.6637840099448e-06,-5.3203725553601e-05,9.74722768849384e-07,-0.000199468691034939,7.76233692608662e-08,6.5529421953542e-06,6.37600754408027e-16,-0.0219422345218816,-1.15838947700196e-05,-4.85281897577383e-05,-0.178939895440966,0.000549968107058249,-2.07467522236239e-06,2.93164375788226e-06,-1.0092119258758e-06,-0.000233942525118207,-0.000613158370741209,-9.47190326890015e-08,-1.9881525760561e-07,-2.69234358314755e-05,-2.73453907283713e-08,5.48051820468956e-06,9.3030988141784e-08,-0.000368469604853567,2.70779676289039e-05,-0.00353833964352902,5.01230156404836e-16,-2.87751572522104e-07,-1.25050852124281e-05,-1.48955372380493e-05,2.97041952164883e-07,3.88144883953221e-16,0.0128862272432697,3.62321987809393e-15,-3.78279057843458e-08,-3.50941361164696e-15,1.66541137732017e-06,1.68695072399698e-06,7.23766706143192e-16,-6.45028364182693e-16,-2.38134093945301e-15,-1.90874422839183e-14,-0.426413821105365,-2.05342883894482e-15,3.25952038837765e-07,-1.87003353788581e-14,-4.27251610278123e-15,-1.15637374472668e-14,-2.78082951137711e-06,-3.36500768910249e-14,7.46324294497104e-14,-0.397446497870522,1.67979980269391e-14,2.35149861995282e-07,4.11472375880668e-16,8.85260795024056e-16,-7.02182701602528e-16,-1.09645559655517e-15,-3.00249923134202e-16,2.73167233027895e-08,-3.24026372584396e-09,-6.32205616827447e-06,9.41262328961077e-16,5.56561065984167e-15,1.75942722449487e-15,3.15766766619327e-15,0.707106781186549,-0.0357029015480217,1.24795632591051e-06,1.74215863877064e-15,6.97784395363206e-15,1.10189635194047e-14,-1.63979279580766e-15,1.1121531008749e-15,8.80702821191367e-16
"t87",-0.0911539672662943,0.0078554847932193,0.205671251501635,-0.0058872546796056,0.122368374630326,-0.0450531938892339,-0.00217828745448812,0.00202837248272162,-0.156892016017315,0.000267476843436307,0.00721680341310832,0.0530013155532736,-0.0572051965666183,-2.37162670462998e-05,0.00446384395915389,4.20270994534315e-08,2.28675733965552e-06,0.0698185489422969,0.113534268171236,6.87567794627653e-06,0.000434000476609754,-3.9456646216137e-06,-1.14261567946342e-06,-0.000212427975184672,-2.66378401015209e-06,-5.32037255533722e-05,9.74722768832993e-07,-0.000199468691034583,7.76233692726712e-08,6.55294219516477e-06,4.05147808626299e-16,-0.0219422345218815,-1.15838947698701e-05,-4.85281897575629e-05,-0.178939895440966,0.000549968107056681,-2.0746752225925e-06,2.93164375801334e-06,-1.0092119260314e-06,-0.000233942525118596,-0.000613158370741456,-9.47190326824388e-08,-1.98815257678712e-07,-2.69234358300543e-05,-2.73453907740792e-08,5.48051820450226e-06,9.30309888839516e-08,-0.000368469604853777,2.70779676288247e-05,-0.00353833964352972,-2.43594248867164e-16,-2.87751572610237e-07,-1.25050852126952e-05,-1.48955372372882e-05,2.97041952436621e-07,-5.73187603127969e-16,0.0128862272432698,4.03573106680981e-16,-3.78279059678539e-08,-3.69204903890979e-15,1.66541137825378e-06,1.68695072249393e-06,3.24461672747939e-16,-7.22009451185491e-16,-2.2739440157857e-15,-2.07527767364885e-14,-0.426413821105367,-1.2937495618177e-15,3.25952039218384e-07,-2.18894866909376e-14,-4.22394767198482e-15,-1.04543661174628e-14,-2.78082950888411e-06,-3.52728219157644e-14,7.64995392382275e-14,-0.397446497870521,1.78728867807749e-14,2.35149867805583e-07,-7.04822030930361e-16,-3.59379522154427e-15,8.70398518397814e-16,6.93806485034816e-18,-1.31744389641207e-15,2.73167275394319e-08,-3.24026345552746e-09,-6.32205622583606e-06,-1.79315150596595e-15,3.06841066549272e-16,-2.14032681380917e-15,-7.3339399165145e-15,-0.707106781186547,-0.0357029015480424,1.24795633188904e-06,-1.63446120986421e-15,-4.97301871253206e-15,-1.19036724921529e-14,-7.68371017020086e-16,1.31694121088327e-15,-2.05007732403677e-15
"t99",-0.0913176854790542,0.00791153202695697,0.208166026627031,-0.00598019581371374,0.124383665607165,-0.0458076503436095,-0.0022361734972301,0.00210662545848643,-0.163413698946655,0.000282305934458955,0.00767866448289495,0.0565636591364291,-0.0611311968147903,-2.54655351688326e-05,0.00480075551294302,4.55648428479731e-08,2.48186433821009e-06,0.0764415016733511,0.124350718000535,7.54908027077856e-06,0.000479034907826766,-4.41636325644664e-06,-1.28161614732398e-06,-0.000238709657532509,-2.99998112075486e-06,-6.02076726268603e-05,1.11669196609412e-06,-0.000229317397687399,8.94859699576126e-08,7.58685676251354e-06,3.567948908101e-16,-0.0263428823344383,-1.44617986354568e-05,-6.09652791975421e-05,-0.226273412051998,0.000699216414915205,-2.67497977069874e-06,3.86214966727884e-06,-1.35619687308037e-06,-0.000315219205387186,-0.000845221269474758,-1.33722894439787e-07,-2.81630436704623e-07,-3.88821789514324e-05,-4.18748094011335e-08,8.41789189208694e-06,1.49060956887708e-07,-0.00062641037212861,4.9230562003435e-05,-0.00704769393090276,3.52228607826861e-16,-6.89578941699728e-07,-3.07806310045896e-05,-4.17251052912136e-05,9.49924508537858e-07,5.65401377955179e-16,0.0543697610684472,-3.15923753374706e-15,1.60351022352421e-06,3.19136250689156e-15,-2.11899859527842e-05,-1.5209070222354e-05,-2.16011998001984e-15,3.82638154454001e-16,3.28560218043464e-15,2.03010508749914e-14,0.416682031919813,1.90271880411608e-16,-1.74205058098472e-07,4.34535795633163e-15,-1.73354986252786e-15,7.96150406374108e-16,4.08401838628256e-07,2.57578652479626e-15,-6.8038653532704e-15,0.0188999360316989,1.84068423209168e-16,4.37817663545029e-08,4.2885173083126e-16,-2.97989908397086e-16,-1.3804477998648e-15,-7.79643678378423e-17,-3.63771691938968e-16,1.49667511441752e-08,-1.90086725841631e-09,-3.76653242097069e-06,-7.81459593215249e-16,-4.35037307350404e-15,1.98507579854521e-15,2.96415549035658e-14,6.41037626353869e-15,-0.369782416798085,-1.55004730539022e-08,-2.95897900953112e-16,2.28230536085531e-15,5.44599088048159e-14,-3.89121898593887e-15,-7.51537114944441e-16,-0.707106781186548
"t100",-0.0913176854790542,0.007911532026957,0.208166026627031,-0.00598019581371371,0.124383665607165,-0.0458076503436095,-0.00223617349723011,0.0021066254584864,-0.163413698946656,0.000282305934458902,0.00767866448289489,0.0565636591364294,-0.0611311968147903,-2.54655351686103e-05,0.00480075551294299,4.55648431184372e-08,2.48186433847948e-06,0.0764415016733514,0.124350718000536,7.54908027108263e-06,0.000479034907826875,-4.41636325669537e-06,-1.28161614735331e-06,-0.000238709657532536,-2.99998112069761e-06,-6.02076726267648e-05,1.11669196618568e-06,-0.000229317397687967,8.94859702975108e-08,7.58685676264299e-06,3.4118237952637e-16,-0.0263428823344385,-1.44617986349863e-05,-6.09652791974056e-05,-0.226273412051997,0.00069921641491465,-2.67497977072716e-06,3.86214966726654e-06,-1.35619687286626e-06,-0.000315219205388054,-0.000845221269474447,-1.33722894480458e-07,-2.81630436572326e-07,-3.88821789517512e-05,-4.18748092332404e-08,8.41789189290171e-06,1.49060956193813e-07,-0.000626410372128307,4.92305620046183e-05,-0.00704769393090268,-3.5602454518564e-16,-6.89578940336416e-07,-3.0780631005113e-05,-4.17251052910489e-05,9.49924508462392e-07,1.37719536399089e-15,0.0543697610684467,-9.52669272304563e-16,1.60351022339344e-06,3.43152581800235e-15,-2.11899859527379e-05,-1.52090702213322e-05,-9.17342814732746e-16,-2.24176133297186e-16,2.97995164687196e-15,2.04398287542658e-14,0.416682031919811,4.86620095624194e-17,-1.7420505868235e-07,4.57907781628007e-15,-1.37272745426901e-15,6.89707178129545e-16,4.08401835577466e-07,2.44944889367702e-15,-6.19681778523604e-15,0.0188999360316949,-5.52551466921582e-16,4.37817636526315e-08,1.24004053146483e-15,4.72227314916144e-16,9.19525387325871e-16,-3.42596886862972e-17,5.98829451576576e-16,1.496675174332e-08,-1.90086765487096e-09,-3.76653242013109e-06,-2.00666028776864e-15,-1.16358817530673e-15,1.54513958297268e-15,2.67272194639248e-14,3.62432826479519e-15,-0.36978241679809,-1.5500477092759e-08,3.67395600043679e-15,-3.89331951053223e-15,-2.99309188545038e-14,5.33297871809068e-15,3.37253945352493e-15,0.707106781186548
"t88",-0.0912627699785128,0.00789280450358004,0.207335387566008,-0.00594933061284002,0.123714719614354,-0.0455572682753633,-0.00221709312016251,0.00208103999177253,-0.161285605673014,0.000277510559531729,0.00753011879453436,0.0554202283606432,-0.0598721536839277,-2.4906333358607e-05,0.00469316598042678,4.44410504967883e-08,2.41992957517868e-06,0.0743509832739743,0.120937356401429,7.33690554670063e-06,0.000464893380004954,-4.26985178119526e-06,-1.23840697655605e-06,-0.000230549183964716,-2.89573486374815e-06,-5.80423622828666e-05,1.07312927250571e-06,-0.000220177622005638,8.5859624469251e-08,7.27160274467376e-06,1.61973656804817e-16,-0.0250290732488805,-1.36209655378033e-05,-5.73437254315663e-05,-0.212538118762305,0.000656030531390962,-2.50254128036084e-06,3.5977653405653e-06,-1.25857016944951e-06,-0.000292381206300591,-0.000780720565778957,-1.2300138912728e-07,-2.58900806983773e-07,-3.56282956067876e-05,-3.80190801113315e-08,7.63935454376495e-06,1.34458224973269e-07,-0.000560654003890559,4.37123483242677e-05,-0.00619805814617739,-6.84226213272596e-17,-5.96931906835693e-07,-2.6593049290834e-05,-3.57437273136583e-05,8.0784175876354e-07,5.85083582298655e-16,0.0456973920054458,-3.61383527139415e-15,1.30182141750282e-06,2.79510618380199e-15,-1.7094481489301e-05,-1.22255599602903e-05,-6.31716616442962e-17,-1.0530839492011e-15,1.98462465665065e-15,1.50493767658619e-14,0.311729601139075,1.48411768085982e-15,-1.2551667975886e-07,1.99561897471578e-15,1.1033081379302e-16,5.0399978771817e-16,2.72605519492049e-07,9.71295799027958e-16,-3.28076005117695e-15,0.0121557596252198,1.64707283087621e-15,2.36524521925266e-08,-4.55602024395895e-16,1.10242391285933e-15,2.19513483125114e-15,1.42174139892202e-15,-5.47535407590588e-17,-1.52679630315731e-10,1.97647994361983e-10,4.75310914450217e-07,8.08725854250079e-18,5.70955891311898e-15,-4.52299119314569e-15,-5.95480340768997e-14,-1.27206617457774e-14,0.850319420705458,2.19384300487509e-06,-3.85672882968924e-15,2.74100210939381e-15,-2.29538610341251e-14,-5.07617261226692e-15,8.98831575330508e-16,4.41154461605781e-15
"t33",-0.089966571318521,0.00744641087154404,0.187353268525963,-0.00520180858201366,0.107493178612341,-0.0394825526716249,-0.00174568905990126,0.00143467933813532,-0.107223834077033,0.000152483438494767,0.00359410642619914,0.0249375134582703,-0.0262167839166772,-9.811564519723e-06,0.00177940536978507,1.34931075556868e-08,7.10549591340309e-07,0.0155741361180197,0.0248904867720757,1.33534939598727e-06,6.02750129889735e-05,5.41380048578231e-08,4.29147445141965e-08,1.24592321081715e-05,2.24366242176159e-07,7.49140792040757e-06,-2.84370537109054e-07,6.70546231278081e-05,-2.88806075152451e-08,-2.81021194093132e-06,-3.22018139645624e-16,0.0212801237550123,1.99430728904003e-05,9.051576419565e-05,0.362136931702059,-0.00118929703999837,5.31051278365648e-06,-9.68955451103465e-06,4.25269259918903e-06,0.00101988247244529,0.00364574973691701,8.40108158142697e-07,1.8859161540438e-06,0.000415245904598766,-4.72504034635246e-07,8.44492544161374e-05,4.99066158220945e-07,-0.000560152899036915,-2.19277958077442e-05,0.0119834513569833,1.08421776488904e-15,2.70370336979541e-06,0.000131057846279525,0.000252545937379099,-7.92205423830691e-06,-6.56718519824988e-15,-0.883511741823699,-4.42145108689254e-15,2.09898129450037e-05,-2.69989656086607e-15,-0.000206612570482645,-0.00012868046363284,-7.52470095922669e-16,2.52214775025323e-15,-8.57307629310875e-16,6.011252387815e-15,0.0786225816566235,1.45214978421101e-16,3.26209909429467e-07,-1.80563143479894e-16,-2.1160649092479e-15,-5.6235085651355e-16,-2.25357917356143e-06,-2.21504224164097e-15,6.48112956160921e-15,-0.037118347109503,2.79034984059687e-15,7.18132888209693e-06,-8.96605684940459e-16,-2.12988288186702e-15,-5.16150752137436e-16,-2.12637298455302e-16,-5.62106368747693e-16,1.24182924647238e-07,-1.43654724291673e-08,-2.78833397056658e-05,-2.78020299009343e-16,2.57912509199836e-16,-6.23361002534208e-16,-2.50903197323594e-15,-1.67124462196292e-16,-0.00329696905031913,5.02620498292499e-06,1.04854570860698e-16,-2.85038151498126e-17,3.06005221162309e-15,-7.78269477535759e-16,7.10453946952997e-16,5.78306806469811e-16
"t69",-0.0901796837724602,0.00751698713968038,0.190392686660075,-0.00531218717727989,0.109874892373657,-0.0403724056388238,-0.0018089738854001,0.00151145922420723,-0.113432742442997,0.000164494471394618,0.00392496769504981,0.0273597654243367,-0.0288223897222288,-1.08674646620199e-05,0.00197585588778973,1.51760790046516e-08,8.00531386085215e-07,0.0177985372814478,0.0284631266887138,1.53318688955985e-06,6.98206043515204e-05,6.4234533978979e-08,5.11064335046063e-08,1.48858235489588e-05,2.69119271798356e-07,9.0635034119782e-06,-3.51902075022845e-07,8.35217147217294e-05,-3.61617359760652e-08,-3.5476864605574e-06,1.10024401678219e-16,0.0289193346831811,2.9634726449797e-05,0.000136591688284625,0.555528661642369,-0.00184990351630317,8.57413103461608e-06,-1.6629141832622e-05,7.75750409972679e-06,0.00187649350317658,0.00724707860100552,1.82720781313563e-06,4.15764120548403e-06,0.000993907202363815,-1.54737899512941e-06,0.000282062886624954,2.32727068566174e-06,-0.00621773770546614,0.000374087821421368,-0.0436753627646866,-3.71361614159151e-16,-3.54380631448519e-06,-0.000156092332145545,-0.000204932256232943,4.73096976967868e-06,2.36845916690268e-15,0.322817907341762,1.83871580283083e-15,-5.16641027247311e-07,1.19593686738601e-15,-2.45187030049532e-06,-3.92659137754169e-06,1.19574039244775e-15,-3.91024352329235e-16,1.34635804151555e-15,-3.18361605107607e-15,0.0190283422131967,-9.11531007376922e-17,9.63918194634176e-08,6.02702267016009e-16,-6.5254693201493e-16,-9.61258532658671e-16,-8.13648008919888e-07,-2.61297574487365e-15,3.11916826952622e-15,-0.014169015770887,5.01877666076522e-16,3.14133295166294e-06,-1.23682568090267e-15,4.0252920134808e-15,-0.707106781186547,2.60784938418651e-14,-1.27899695694351e-15,6.44821472181353e-08,-7.52983076515579e-09,-1.46441129060537e-05,-3.13927567806099e-15,-1.23451689476808e-15,2.18241874308844e-16,5.70569481961938e-15,-1.23872615698475e-15,-0.00183516930687018,2.86995512661753e-06,-1.3688629500704e-15,2.22892387675474e-15,1.05818132034585e-15,-1.27209769282302e-15,1.3059962340752e-15,1.88637052549788e-15
"t70",-0.0901796837724602,0.00751698713968038,0.190392686660075,-0.00531218717727989,0.109874892373657,-0.0403724056388237,-0.00180897388539992,0.00151145922420734,-0.113432742442997,0.000164494471394571,0.00392496769504999,0.027359765424337,-0.0288223897222292,-1.08674646619765e-05,0.00197585588778975,1.51760793862503e-08,8.00531386424641e-07,0.0177985372814479,0.028463126688714,1.53318688926577e-06,6.98206043515625e-05,6.42345344833939e-08,5.11064334115966e-08,1.48858235496118e-05,2.69119272010844e-07,9.06350341184605e-06,-3.51902075152176e-07,8.35217147218415e-05,-3.61617361180164e-08,-3.54768646066197e-06,5.55848335004594e-16,0.0289193346831818,2.9634726449578e-05,0.000136591688284872,0.555528661642369,-0.001849903516302,8.57413103462722e-06,-1.66291418324328e-05,7.7575040997369e-06,0.00187649350317691,0.00724707860100551,1.82720781304777e-06,4.1576412057039e-06,0.000993907202364099,-1.54737899551438e-06,0.00028206288662594,2.3272706856307e-06,-0.00621773770546694,0.000374087821420375,-0.0436753627646866,-1.64043596525664e-16,-3.54380631483405e-06,-0.000156092332147112,-0.000204932256231804,4.73096977015912e-06,2.95168675735741e-15,0.322817907341761,1.36687101736514e-15,-5.16641027087192e-07,1.75733700899869e-16,-2.45187030055129e-06,-3.92659137528875e-06,-2.25853613473433e-16,-2.20544832253718e-15,7.52199549447358e-16,3.39445533437358e-15,0.0190283422131965,2.79277233491086e-16,9.63918194179752e-08,-5.0486039165606e-16,3.96962045889143e-16,7.34940145944746e-16,-8.13648007061358e-07,2.60679827990558e-16,2.44738824604355e-15,-0.0141690157708875,4.9149868888416e-16,3.14133294943821e-06,1.3303633546584e-15,-2.81298792803536e-15,0.707106781186547,-2.52083399989628e-14,1.62722563769924e-15,6.448214268649e-08,-7.52981973134542e-09,-1.46441129304301e-05,1.6934472453781e-15,1.91768313021273e-15,3.30470175523107e-16,-2.73200016753179e-15,1.01689271803547e-15,-0.00183516930687246,2.86995512465315e-06,8.91096298120375e-16,-4.49394356772145e-16,5.81826253842621e-15,-8.70675044186178e-16,1.33379486648333e-15,-2.02213726732663e-16
"t5",-0.0837556490019194,0.00531618582771265,0.0924635615163235,-0.00166744061668322,0.0308641629498169,-0.0107967518264757,0.000444562192000817,-0.00147813924506874,0.133964786249252,-0.000369986772486551,-0.0118752097475234,-0.0915623336654338,0.10074459629871,4.45513530998899e-05,-0.00859356985540894,-7.77778290618222e-06,2.49497973812719e-06,-0.0176324397184553,-0.0231656629466044,1.28475746244809e-06,0.000689655358731934,-6.48236037449212e-05,-2.73390613976599e-05,-0.00744733848792163,-0.000168712118106731,0.0150932006999426,-3.79603900578101e-05,0.00705029677849366,-2.61199877667419e-06,-0.000211014336735971,-3.46515327500617e-15,0.960988668938918,-0.000458220885794524,-0.00066466309260839,-0.0888283114063127,-0.00363364856385815,3.9660597685693e-05,-9.92847119116483e-05,4.90807429777225e-05,0.0119106719842963,0.046287466919578,1.14951877823786e-05,2.60763224197321e-05,0.00610883980605881,-8.8122972236256e-06,0.00159945720028734,1.23945614061085e-05,-0.0336434628824124,0.00147020512011578,-0.022935043936456,7.91159716482721e-16,-1.58113426311411e-05,-0.000649673936333886,-0.000625454692821564,9.83497950423643e-06,1.46070632642836e-16,0.00780432601881856,6.95383657622745e-16,3.36273539137484e-05,-6.15236828895246e-16,-0.000362588059155095,-0.000235568822330647,-1.46503540539114e-16,-2.70640725320817e-16,2.80013502096549e-16,-1.48253268961344e-15,0.00219816844844981,4.22820004468887e-16,1.05037245237194e-06,4.65512490864416e-16,5.40186479059151e-17,-5.2788196808374e-17,-6.92127121332114e-06,-1.15577758196659e-16,5.98504661045166e-16,-0.00155254981512646,4.35757523300655e-17,2.5913912860181e-05,-3.24618718114741e-16,9.88085327272004e-16,-6.64749207794002e-17,2.83735067860026e-16,-2.76965952723764e-16,4.61736723309809e-07,-5.35191015521202e-08,-0.000103922730413594,-1.24961857250466e-16,6.52375368755811e-16,-4.97733935158073e-17,2.4093305100875e-17,2.83138824881049e-16,-0.000218581968839253,1.90802855074954e-05,-3.23212198831531e-16,1.1870000636428e-15,3.23352455922077e-15,-1.36819395323769e-15,9.74399232647688e-16,1.1685909104729e-15
"t20",-0.0847321780509385,0.00557967506896428,0.100799355673591,-0.00187359154303289,0.0348851074188376,-0.0122328695454749,0.000554368138517825,-0.00214551485056307,0.203595633192404,-0.000744459246305141,-0.0311599557580767,-0.274330007965745,0.322723741596317,0.000193579445604285,-0.0427056189093284,-0.000183688206831726,0.000125900101058143,0.0950650185879087,0.118755642886179,-4.95952077644247e-06,-0.00168474894948242,7.2274873293131e-05,2.77752184966774e-05,0.00699602486523924,0.000144744899828446,-0.0107416050954022,1.74762332347726e-05,-0.00288852414049872,9.7644586127252e-07,6.84978769127295e-05,-1.49193225183849e-16,-0.0843253697097244,-4.66807899620957e-06,-1.24655533416088e-05,-0.00232754760745501,-0.000113787896048751,1.61081390437945e-06,-4.47956047914575e-06,1.95901518072545e-06,0.000459147065608002,0.000944984553388704,-1.41422286482309e-07,-4.74666588571442e-07,-0.000363079779389264,2.71887883805976e-06,-0.000527862381113262,-1.06816993989228e-05,0.846471083578654,0.00271653862227994,-0.0247948651357149,6.32157153459607e-16,-1.26853986678701e-05,-0.000510704739863975,-0.000459046400813803,6.9266790768195e-06,-6.94247112440826e-16,0.00524897238833657,-7.72782927177048e-16,2.11403926176527e-05,3.11582076723901e-16,-0.000226384818280922,-0.000146571092433896,-1.74671075233188e-17,8.9385346703807e-17,9.47994583335839e-16,4.93804596769278e-16,0.00132042812905216,-1.31652018791051e-15,6.2653079587026e-07,4.83907804421649e-16,-6.74501629804336e-16,4.51670085897201e-16,-4.09973670032569e-06,-6.55233168554742e-16,-7.52614594117494e-17,-0.000918041129538725,4.15697976271047e-16,1.52728097900763e-05,-6.99355300538664e-16,-6.49149743053945e-16,1.08026212735644e-15,2.70060891330151e-16,-2.30109378778292e-16,2.72098607463301e-07,-3.15452923483617e-08,-6.12572684795427e-05,-7.8274736217712e-16,7.16399366691605e-16,3.74048118230982e-16,-1.41600120827907e-16,-5.7209427082984e-17,-0.000129120983910584,1.12874285599205e-05,6.00645546078314e-17,1.05567934193687e-15,5.96744875736022e-16,-1.09262814952241e-15,1.0649528202447e-15,6.52875247206971e-16
"t47",-0.0849649570756467,0.00564140341286214,0.102719883994639,-0.00192049743979074,0.0357978427968309,-0.0125585484671243,0.000578411247482993,-0.00228512698201805,0.217990219832848,-0.000817506435233588,-0.034779788028393,-0.308124589634592,0.363493233740635,0.000220276924068516,-0.0487645733785748,-0.000213559156812212,0.000146727329084834,0.113098683889375,0.141411584667861,-5.9408306371487e-06,-0.00204490377470985,9.10237498852626e-05,3.51850796987814e-05,0.00890842760686997,0.0001854761173957,-0.0139584274590696,2.35863245728546e-05,-0.00394264935663044,1.34505277399876e-06,9.57412683679313e-05,6.39011935791592e-16,-0.136101694124336,-9.33762286484065e-06,-2.60283955756811e-05,-0.00509957426086528,-0.000260189959604331,4.17730546883993e-06,-1.49433192179466e-05,9.21267715761565e-06,0.00229291913348567,0.010753340937436,3.14842723715008e-06,7.29875219324836e-06,0.00193003062165009,-4.10288877871607e-06,0.000762314183974858,9.00719556429204e-06,-0.375248486264598,-0.000571250404331295,0.000914057716590472,1.24173482117121e-16,-1.67714989829911e-06,-7.5241251748807e-05,-9.33941312108929e-05,1.67685981944449e-06,8.59908244748607e-16,0.00152962899233883,-1.10941151744896e-15,8.10476361060067e-06,-1.9535861483199e-15,-8.94204995933291e-05,-5.87878933154022e-05,6.27807473879781e-15,2.7245241498614e-15,-3.56812423947819e-15,4.38062469588816e-15,0.000632131636378697,-0.707106781186546,3.14034138422688e-07,-7.23030040962158e-16,5.51381776317714e-15,-9.71120914716913e-16,-2.17566523862663e-06,5.44239239130652e-15,-2.11254448432214e-16,-0.000496145507261916,7.88487010385927e-15,8.67371359689993e-06,-1.23332767311594e-15,-4.17283873565097e-15,2.41774473243705e-16,2.49975065963761e-16,7.252867706219e-16,1.66461781645564e-07,-1.93860172072073e-08,-3.76812061812642e-05,-6.20430528566672e-16,1.11049285902653e-15,9.44912312727626e-17,-9.07199126836015e-17,-9.62790475292465e-17,-8.17769809090021e-05,7.24551897149512e-06,-1.88545186927765e-16,2.06500725232684e-15,-1.41206490944512e-15,-1.32870694196969e-15,1.5777976030057e-15,1.0326480555805e-15
"t48",-0.0849649570756467,0.00564140341286212,0.102719883994639,-0.00192049743979078,0.0357978427968309,-0.0125585484671244,0.000578411247482955,-0.00228512698201802,0.217990219832848,-0.000817506435233286,-0.0347797880283928,-0.308124589634591,0.363493233740635,0.000220276924068338,-0.0487645733785749,-0.000213559156812178,0.000146727329084984,0.113098683889375,0.141411584667861,-5.94083063699316e-06,-0.00204490377471006,9.10237498851668e-05,3.51850796990972e-05,0.00890842760687047,0.000185476117395849,-0.0139584274590696,2.35863245728588e-05,-0.00394264935663031,1.34505277365184e-06,9.57412683680299e-05,7.63912026061722e-16,-0.136101694124336,-9.33762286490087e-06,-2.60283955754525e-05,-0.00509957426086503,-0.000260189959604005,4.17730546868847e-06,-1.49433192173156e-05,9.21267715747219e-06,0.00229291913348549,0.0107533409374365,3.14842723711038e-06,7.29875219320255e-06,0.00193003062165015,-4.10288877820695e-06,0.000762314183975053,9.00719556540197e-06,-0.375248486264595,-0.000571250404335274,0.000914057716591022,-3.36875281860446e-16,-1.67714989919393e-06,-7.52412517477602e-05,-9.33941312104633e-05,1.67685982036233e-06,-2.10679715669619e-17,0.00152962899233902,2.47105773696717e-15,8.10476361095057e-06,1.56158358254298e-15,-8.94204995939956e-05,-5.87878933135974e-05,-6.34177461229466e-15,-2.52525330770048e-15,3.1025192412143e-15,-3.8905368190954e-15,0.000632131636378119,0.707106781186548,3.14034206063127e-07,1.03221714929084e-15,-4.91534006388113e-15,5.55521262181597e-16,-2.1756652518886e-06,-5.37218501554551e-15,1.11111958195515e-15,-0.000496145507267854,-7.41997539695243e-15,8.67371359605338e-06,3.68137321679554e-16,3.61260022386732e-15,1.03023528702122e-16,3.29460684020218e-16,-6.52834084476795e-16,1.6646178123761e-07,-1.93860171091493e-08,-3.76812061779475e-05,-2.0473720844416e-16,3.13879094805275e-18,2.96389297018041e-16,-2.79949062042139e-15,7.67592333106229e-16,-8.17769809107241e-05,7.24551897256792e-06,-4.39744859792687e-16,2.19251721710545e-16,3.41740524767431e-15,-8.01906487349061e-16,6.6844639194262e-16,1.19223912630182e-15
"t12",-0.0832748426286688,0.00505994549391819,0.0765041482902223,-0.000927469835157022,0.014180039719297,-0.00445185498098886,0.00126818721697894,-0.00358461079142184,0.343223682545101,-0.00205371737084409,0.0761462136514373,0.177687604870851,-0.113433220150687,2.83149808975244e-05,-0.0097187409367422,-7.65143679060807e-05,5.34978035311578e-05,0.0162677862937123,0.00807749888985341,-5.91431231414942e-06,-0.00113171025655606,4.12754532693344e-05,1.55564621023315e-05,0.00384946867425114,7.78838033004852e-05,-0.00547916571237894,7.46679521619301e-06,-0.001157448556351,3.69685931631701e-07,2.34642578681264e-05,1.04879153828799e-17,-8.75592131494251e-05,2.68282586543907e-05,5.52258614793488e-05,0.00240770062970229,0.000590926002886281,-1.11408087254503e-05,6.28854542361391e-05,-7.21225529954625e-05,-0.0200500093344848,-0.89864153921291,3.96396836117101e-05,7.98051826452019e-05,0.0121875040058487,-1.08874551290027e-05,0.00195013329842109,1.30861476825459e-05,-0.0116891743738137,0.00139613775488375,-0.00846717867834822,-1.02270341181582e-15,-1.3852434561105e-05,-0.000565925930912484,-0.00987170691934425,8.22118771903173e-06,-4.91871555974299e-16,0.00275791754409195,-1.03312619066703e-15,2.73048962079513e-05,-3.14652901952179e-16,-0.000293542995672701,-0.000190424025441496,-2.78036579647947e-16,-1.55382777714266e-17,3.22679893504315e-17,-2.0802673788486e-16,0.000779734348833824,5.88176694572006e-16,8.32800148262613e-07,2.69735622782057e-16,-4.37424979942446e-18,2.07191124504694e-17,-5.46064368488395e-06,-2.98761187827067e-16,3.82988459040838e-16,-0.000556251465887791,2.69397250597898e-16,2.03785389373119e-05,-7.70595235498536e-16,4.50491417697807e-16,2.23467163206765e-16,4.41931234591091e-16,7.42884138465327e-17,3.62194767515385e-07,-4.19789427418123e-08,-8.15133319715527e-05,-6.40755776720857e-16,8.24108939635974e-16,1.09338669645769e-16,-5.35047599391527e-16,3.54327995306659e-16,-8.06448880022793e-05,1.49684549533851e-05,-8.41933029765732e-16,1.31843695686211e-15,7.14706072102445e-16,-8.90870584292182e-16,9.52349294097861e-16,1.07842186789598e-15
"t25",-0.0837303929816386,0.00517293611453578,0.0794854769300312,-0.000975439228751406,0.0149479667796322,-0.00469736908596397,0.00138543495443025,-0.00410134090814033,0.397533745216175,-0.00252850107601616,0.0977379390714155,0.231875576360906,-0.149134563942944,3.82790737958466e-05,-0.0132663716668703,-0.000109988425940016,7.74548066615829e-05,0.025096321620176,0.0124972849531869,-9.32745790702907e-06,-0.00186520978534161,7.78903991709849e-05,3.00478193646024e-05,0.00759428038084425,0.000157755132974236,-0.0118005882907646,1.94193759221458e-05,-0.00320954496546982,1.08346525534216e-06,7.56295783539511e-05,4.46601720515685e-16,-0.0546459719618723,-5.76990431160982e-05,-9.88907529761787e-05,-0.00363083416893959,-0.000781803084786926,1.084891728294e-05,-4.04738347565937e-05,3.25185218471582e-05,0.00862057795119096,0.255848283511353,-6.98392695434082e-06,-1.30401771458996e-05,-0.00120595557644895,-3.7606123520925e-07,7.74889543072742e-05,1.32545788179794e-06,-0.00191097090187985,0.000299414662856233,-0.00225843068900732,-1.54133076884093e-15,-5.13787396837892e-06,-0.000224217513579141,-0.403810726867072,1.62522080712918e-06,0.707106781186542,0.000815956579128148,-7.42220662865804e-15,1.00780822586517e-05,1.75642759208941e-15,-0.000110568898608538,-7.2476271687407e-05,-4.50486456358203e-16,1.17297482410539e-15,-7.14104964614948e-16,1.50811285441635e-16,0.000335501425922032,4.74637308897435e-16,3.70611392316794e-07,3.62551696898164e-16,4.42454490377997e-17,-1.16782208606335e-16,-2.53838383735968e-06,2.69227798551618e-16,1.25489845813857e-16,-0.00026231496483419,8.30529555792734e-16,1.00060985062419e-05,-8.37584658799325e-17,-9.90969989148432e-17,8.73326958527224e-17,8.13142975206784e-17,-1.65046199627598e-17,1.89703872927456e-07,-2.20773767027058e-08,-4.2906224613809e-05,-9.44151166293995e-16,6.74795435707244e-16,4.24280749596309e-16,-2.02781536956034e-15,-6.82014217411154e-16,-4.36105220432861e-05,8.19850391630618e-06,-3.7973000594114e-16,1.14033547291787e-15,2.88311041707345e-15,-1.28549484760089e-15,9.27060140953928e-16,4.20188198024803e-16
"t26",-0.0837303929816386,0.00517293611453577,0.0794854769300311,-0.000975439228751368,0.0149479667796323,-0.00469736908596413,0.00138543495443019,-0.00410134090814027,0.397533745216175,-0.0025285010760161,0.0977379390714158,0.231875576360905,-0.149134563942944,3.82790737958706e-05,-0.0132663716668703,-0.000109988425940098,7.74548066616281e-05,0.0250963216201762,0.0124972849531874,-9.3274579069542e-06,-0.00186520978534175,7.78903991709803e-05,3.00478193642196e-05,0.00759428038084433,0.00015775513297438,-0.0118005882907645,1.94193759219854e-05,-0.00320954496546996,1.08346525478265e-06,7.56295783534451e-05,1.41290388743428e-16,-0.0546459719618723,-5.769904311588e-05,-9.88907529765868e-05,-0.00363083416893944,-0.000781803084788361,1.08489172827014e-05,-4.04738347558739e-05,3.2518521847095e-05,0.00862057795118995,0.255848283511354,-6.98392695464556e-06,-1.30401771455701e-05,-0.00120595557644749,-3.7606123497895e-07,7.74889543076036e-05,1.32545788458161e-06,-0.00191097090188118,0.00029941466285844,-0.00225843068900594,9.58708267822191e-16,-5.13787397100583e-06,-0.000224217513589128,-0.403810726867054,1.62522082939315e-06,-0.707106781186552,0.000815956579139193,1.51222596651365e-14,1.00780822560327e-05,3.09338335895698e-16,-0.000110568898607756,-7.24762716879408e-05,6.59189651579973e-16,6.82894905064654e-16,1.62037443125439e-15,3.57243387702003e-16,0.000335501425923861,-8.04734434956668e-17,3.70611392959178e-07,5.50864475321784e-16,-3.92904849463424e-16,-1.21624767077556e-16,-2.53838383770865e-06,-3.72831724228808e-16,4.40660079313725e-16,-0.000262314964834991,1.82136476455086e-16,1.00060985079215e-05,-4.75464999814866e-17,-2.97080606672022e-17,8.29795222964867e-16,2.39920015902561e-16,1.34141893066106e-16,1.8970387247408e-07,-2.20773763112039e-08,-4.29062246118626e-05,-1.15400549886724e-15,1.34194111452327e-15,2.17139106522902e-16,-1.07718690472506e-15,4.2820864394065e-16,-4.36105220435407e-05,8.19850391660074e-06,4.88201960014524e-16,1.12645899053845e-15,-1.73472347597681e-16,-7.3279950420486e-16,8.65972858863343e-16,1.37775514799258e-15
"t24",-0.0837120162628923,0.00516841221106195,0.0793669580773026,-0.00097354230189196,0.0149176295184492,-0.00468767385554691,0.00138087146008936,-0.00408159214847619,0.395467681951309,-0.00251083299170396,0.0969456492576469,0.229897834052316,-0.147834643834606,3.79194149130571e-05,-0.0131386946434653,-0.000108801833931003,7.66072897749117e-05,0.0247893059493472,0.0123437003921611,-9.20943247142176e-06,-0.00184011870316279,7.66747393055469e-05,2.9568926806502e-05,0.00747103583271305,0.000155139619258272,-0.0115958594594577,1.90435098691107e-05,-0.00314556990758845,1.06136779248427e-06,7.40323581488229e-05,6.94471486339695e-16,-0.0531407291346164,-5.56715624960047e-05,-9.52886031959648e-05,-0.00349362672423943,-0.000751363421979989,1.03934197296826e-05,-3.85762306400905e-05,3.0838650773779e-05,0.00816952606580617,0.240965403326712,-6.53197574264543e-06,-1.21838129708047e-05,-0.00111990231440925,-3.41928628990012e-07,7.03705244853632e-05,1.18172893611338e-06,-0.00165086261059055,0.000246727679066032,-0.00168799578995719,1.16738820713459e-15,-1.95710159011978e-06,-5.94069136123429e-05,0.820838044014261,5.09422863440178e-06,1.10223284567178e-14,0.00132144932765593,-6.29040760158722e-15,1.24552527414811e-05,-2.83328533758849e-15,-0.00013446076961324,-8.74578694143498e-05,-1.17905642096384e-16,-1.13736878485061e-15,-3.92497750551099e-16,-2.67749680992756e-16,0.000377756598297225,-4.95717097333813e-18,4.11703291155046e-07,-1.08042619661508e-15,2.79651275860242e-16,-1.50411669761649e-16,-2.7781084900845e-06,1.11842878987409e-16,3.85979138733804e-16,-0.000285834815448413,-2.04778767202127e-16,1.07830248870599e-05,-6.73217610919742e-16,-1.12880835158941e-16,-4.04270506623287e-16,3.79479231406965e-16,5.53975752018478e-17,2.01457669090456e-07,-2.34259322169243e-08,-4.55192210165739e-05,1.31842603776383e-16,2.54843496394886e-16,1.81254954709058e-16,-1.56590560833476e-15,6.52293160215044e-16,-4.60293623997032e-05,8.63357431686188e-06,-3.34355895388455e-16,7.604931748758e-16,7.7715611723761e-16,-1.16645903561736e-15,1.50555083172166e-15,8.82596611026107e-16
"t2",-0.0739446215653964,0.00195585642185314,-0.0698970972093836,0.0102261215814755,0.0295039504812193,0.0268332943505571,0.0013658393343162,-0.00229990495742541,0.036554864270168,0.00187798617943238,-0.0971429061887171,-0.0942228979402304,-0.106446260305497,0.000433457911940964,0.0117468193957448,0.000437534564499805,-0.000320110934053829,-0.0146195030361639,0.00548845043855498,0.000107834707623944,0.0615896849613746,-0.00169060942319799,-0.00076767712207177,-0.228216082522311,-0.0122294490576766,0.942669986088615,0.000979220894846599,-0.0212307777821188,3.22336922180986e-05,0.0169763425766713,-9.69038723031877e-15,-0.0320316633491906,-0.000570015434011392,-0.000869189024063323,-0.00144659788316119,-0.00586042425189814,6.59620375517514e-05,-0.000173274994144791,7.71040656283766e-05,0.00607614823383855,0.00575519265364451,2.74025705064398e-05,6.11554553155954e-05,0.00404580739861707,-1.98670051872108e-05,0.00107067010686655,8.25923942255634e-06,-0.00194142277350364,0.00360027882879017,-0.00165471736302608,-4.04056866181535e-17,-4.00175207499037e-05,-0.000507968213955771,-0.000117738207219686,2.4531507595852e-05,1.5158333680579e-16,0.000642055501760598,-8.47389203895009e-16,8.48667598048547e-05,-1.92526919842249e-16,-0.00236997114136646,-0.000589072173183886,1.54353046267769e-16,2.2174939541541e-16,-1.10964448179286e-16,2.1680064463216e-16,0.000202762941124902,3.87641302984868e-16,2.64059256627292e-06,2.29832870744989e-16,1.09261616951177e-16,-2.36727868896947e-16,-1.73762849141997e-05,-3.71147427349523e-16,3.97238648871788e-16,-0.000150574685228062,3.20454464473294e-16,2.14270351568213e-05,-1.95825772436265e-16,2.61837380227541e-16,4.73130417899471e-16,1.53881961502564e-16,1.0244626058743e-16,1.15891886243065e-06,-1.34315291854137e-07,-0.00026080631920208,-4.0335645740889e-16,4.07111835345991e-16,1.30900638111154e-16,-1.64889044801247e-15,2.27463685078346e-16,-2.32467932110725e-05,0.000117744470991227,-1.80202122846109e-16,1.15544798657251e-15,3.12250225675825e-16,-1.19491098093415e-15,1.15472377212425e-15,9.51090061350026e-16
"t56",-0.0793402743811556,0.00273464681812855,-0.142775026041012,0.033230190451877,0.108448082091899,0.104244167080533,-0.00403962340211811,-0.139395843549236,-0.0236805290179292,-0.000477662115624044,0.0129454087498811,0.00861858434997247,0.00759356491260119,4.87425382121511e-05,-0.00677309141152398,5.97194898619288e-06,-9.22554120693394e-06,-0.00308854462097599,0.00123713199970403,3.86119719938759e-05,0.505706266293629,0.000278847609925482,0.000109163876796057,0.030188944014722,0.395760658198805,-0.0521906669710828,-1.24654244618982e-05,6.67251928445418e-05,1.34555888646146e-07,0.0561813917636456,6.18338166923753e-15,-0.00197948747192249,-5.16491859846103e-05,-8.17259880967824e-05,-0.000140813452168388,-0.000585529957482468,6.98930693881975e-06,-1.97171461053215e-05,9.23866031891376e-06,0.000732551706207102,0.000726813637226831,3.59968705857118e-06,8.07340892520387e-06,0.000548182630526504,-2.85905665068862e-06,0.000154470974329956,1.22933549516612e-06,-0.000298822121782235,0.000570167710966895,-0.000269612704901512,5.52950266266903e-16,-6.7682149079102e-06,-8.6257424720726e-05,-2.03184249828786e-05,4.28717256384183e-06,-2.89228217872438e-16,0.000114333128902336,-1.37715889817057e-15,1.66729768586548e-05,1.64078579926452e-16,-0.00725586013133311,-9.31663383389227e-05,6.1166715633209e-16,1.37637881957684e-15,5.13250208320575e-16,-2.44955698184079e-15,3.84776458428602e-05,6.06816570197886e-15,5.08766561623253e-07,7.47728184134283e-15,-2.15563219340887e-15,5.19103828038572e-15,-3.4162018213119e-06,0.707106781186547,3.52914145026611e-14,-2.9808624185193e-05,8.79335111716974e-15,4.32913696034134e-06,-5.06647520587043e-16,-1.49707445940726e-15,-1.3081642950864e-15,-9.94460100299876e-17,-3.41604078181069e-16,2.42755816037739e-07,-2.82040981241604e-08,-5.47938382018283e-05,1.07194503044029e-15,5.6644998590733e-16,-3.46873936673305e-16,9.09888314032396e-16,-8.65756366286398e-16,-4.96686751103831e-06,9.39457032927262e-05,-6.36911286218153e-18,2.03833119363601e-15,3.71230823859037e-16,-1.5832305367524e-15,8.38858693257139e-16,1.05628305071665e-15
"t57",-0.0793402743811556,0.0027346468181286,-0.142775026041012,0.033230190451877,0.108448082091899,0.104244167080533,-0.00403962340211817,-0.139395843549236,-0.0236805290179292,-0.000477662115624039,0.0129454087498814,0.0086185843499725,0.00759356491260116,4.87425382119291e-05,-0.00677309141152382,5.97194898614875e-06,-9.22554120694657e-06,-0.00308854462097627,0.00123713199970393,3.86119719938529e-05,0.505706266293629,0.000278847609925319,0.000109163876796455,0.0301889440147225,0.395760658198805,-0.0521906669710831,-1.24654244619503e-05,6.67251928451782e-05,1.34555888611757e-07,0.0561813917636453,6.23889282046864e-15,-0.00197948747192241,-5.16491859849037e-05,-8.17259880964468e-05,-0.000140813452167802,-0.000585529957482995,6.98930693872099e-06,-1.97171461052083e-05,9.23866031910556e-06,0.000732551706208133,0.000726813637227261,3.59968705850789e-06,8.07340892526301e-06,0.000548182630525749,-2.85905665071653e-06,0.000154470974330874,1.2293354958425e-06,-0.000298822121783028,0.000570167710968587,-0.000269612704902746,-5.93740210352769e-16,-6.76821490785714e-06,-8.62574247233643e-05,-2.03184249822867e-05,4.28717256365677e-06,3.07516887002482e-16,0.00011433312890138,1.82861008543457e-15,1.66729768605178e-05,-4.76746380894625e-17,-0.00725586013133419,-9.31663383348305e-05,-1.36178179393601e-15,-3.79412336233391e-16,-1.17651592586481e-16,2.5048132811841e-15,3.84776458459578e-05,-5.35324708323745e-15,5.08766559375045e-07,-7.80050396785185e-15,2.4795485991228e-15,-5.15499798200698e-15,-3.41620185581658e-06,-0.707106781186548,-3.50579182005741e-14,-2.98086240662857e-05,-7.8673338788039e-15,4.32913697889237e-06,-2.70637793764337e-16,7.69341761482998e-16,1.78651367820219e-15,3.78407160097899e-16,4.82647499317205e-16,2.42755819863686e-07,-2.82040985104707e-08,-5.47938381990423e-05,-2.43328417953418e-15,7.535034069523e-16,7.7596460960702e-16,-3.28814249783148e-15,1.07708799129169e-15,-4.96686751187136e-06,9.394570329233e-05,-4.86820713693264e-16,4.00736793201035e-16,1.14838694109665e-15,-6.29328887401553e-16,1.16491657803584e-15,9.73009851597998e-16
"t46",-0.0802942418236612,0.00287667977029033,-0.156493396013654,0.0376699114870472,0.123758035160955,0.119286556592683,-0.00517409660933246,-0.217388785883359,-0.0393942787859594,-0.00126197345588886,0.0638725794217282,0.0680065272990749,0.0832247139282197,-0.00100276574655488,0.0677880943033068,-1.48342034815134e-05,2.05654092255745e-05,0.00339115147286784,-0.00132384557886962,-3.51491691468216e-05,-0.33061968281902,-7.01650924908095e-05,-2.11690924925615e-05,-0.00357132132792908,0.18031173571152,0.0107219198742446,1.41746831572024e-07,2.9844168612327e-06,1.57658145665267e-08,0.0705662169344316,5.23189622460942e-15,-0.000199345543131784,-8.66228521378805e-06,-1.42064944158684e-05,-2.5255685708299e-05,-0.000107353044135561,1.33917886790227e-06,-3.93574529590284e-06,1.87762875892696e-06,0.000149075442711007,0.000148259433512409,7.25907931609731e-07,1.62385420527276e-06,0.000108176264453201,-5.12121833398657e-07,2.74897874244387e-05,1.96567263439373e-07,-3.87812610226098e-05,5.14558831021602e-05,-7.83651796637453e-06,9.46060368024881e-16,7.90462240397427e-07,1.2084713636901e-05,5.28459081442739e-06,-1.69507465565128e-06,3.58099441161632e-16,-8.20042798254748e-05,3.52610817751799e-15,-0.000136684677725268,-3.37808086493639e-14,0.843847424079086,-0.00194849253187654,1.34841827637009e-14,-1.12489874922607e-14,-2.70200272882965e-15,-2.2233877071986e-15,6.23438021541865e-05,6.28534459473563e-16,6.86687771195787e-07,-2.02170719894158e-15,-2.90409167589673e-15,4.27372054067526e-16,-3.87670098300264e-06,-8.05027099581396e-16,1.29941882012443e-15,-3.23023758591129e-05,1.6538443470768e-15,4.21051482791123e-06,-1.16217274502113e-15,1.62315778525176e-15,4.13003403657606e-16,-3.96901357185498e-16,5.67354911064879e-16,2.08535082250458e-07,-2.40754381042568e-08,-4.67114636492662e-05,-1.97283654327844e-15,1.34751731746427e-16,-3.89187848757014e-16,-5.78766040939616e-15,6.32533818704775e-16,-4.07801567148215e-06,7.5935687922303e-05,8.27226864655868e-17,3.98097722909678e-17,-1.04777297948999e-15,-1.47721545912913e-15,1.47933323262929e-15,8.05288306918663e-16
"t89",-0.0804980478952155,0.00290583857952072,-0.159203573351966,0.0385220503230195,0.126680553290679,0.122151624646047,-0.00537325121731687,-0.229684050228839,-0.0418022674395435,-0.00136632179328131,0.0700231164699315,0.074906950285435,0.0918600888973009,-0.00111518428149679,0.0755786078448647,-1.67529754097741e-05,2.32648513062037e-05,0.00389105680756552,-0.0015199304766421,-4.05164556644105e-05,-0.384441952182816,-8.35182690029593e-05,-2.52878841531267e-05,-0.00427959244166581,0.21689032648711,0.0130041713706807,1.75649557709016e-07,3.72104614451105e-06,1.97541100367568e-08,0.0890991530753478,7.69301371180618e-15,-0.000269249535626453,-1.26488920626125e-05,-2.10173422670559e-05,-3.7882769393499e-05,-0.00016289749919703,2.09523162534081e-06,-6.46527864460038e-06,3.23297412902777e-06,0.00025836026233565,0.000272031671252416,1.41892864358745e-06,3.20356251393445e-06,0.000225382512865698,-1.28376776878645e-06,6.96355604217386e-05,5.83290872101814e-07,-0.000150854584582066,0.000306120960841666,-0.000155989439328378,-2.89204198066283e-16,-4.48208181784931e-06,-5.81868417945315e-05,-1.49504203728214e-05,3.43789695468707e-06,-1.20035115944725e-16,0.000108983321416944,-2.69590506425469e-16,7.15036438757466e-05,1.47702681351821e-14,-0.378856663561718,0.000802439839904009,-5.64297319203905e-15,4.87908189633414e-15,1.49356110513563e-15,5.94815919234936e-16,-1.48470530138203e-06,-6.32400364994387e-17,4.49972652599963e-08,1.15023563704205e-15,2.26637227687923e-15,-2.33180335558257e-16,-6.62048743612277e-07,4.36993930178491e-16,-5.35620715479134e-16,-6.55861908952145e-06,8.69320875259194e-17,1.21185453845696e-06,-5.25190731624284e-16,-8.86661189022999e-16,1.17527215439298e-15,1.10821587030367e-15,-1.61459182563945e-16,8.48696790017742e-08,-9.96572932862613e-09,-1.94037320804356e-05,-6.2307786073997e-16,6.32107796885599e-16,1.15549186930162e-15,8.97888410017371e-15,1.72074737630373e-15,-1.8734491377611e-06,3.63918084639303e-05,-0.707106781186548,-6.41654738492514e-15,-2.50910403565285e-14,-1.65555128139791e-15,3.94741673372919e-15,3.11641524098707e-15
"t90",-0.0804980478952155,0.00290583857952072,-0.159203573351966,0.0385220503230195,0.126680553290679,0.122151624646047,-0.00537325121731692,-0.229684050228839,-0.0418022674395436,-0.00136632179328133,0.070023116469932,0.074906950285435,0.091860088897301,-0.00111518428149663,0.0755786078448646,-1.67529754098042e-05,2.32648513061426e-05,0.00389105680756533,-0.00151993047664209,-4.05164556645537e-05,-0.384441952182816,-8.35182690029854e-05,-2.52878841532812e-05,-0.00427959244166588,0.21689032648711,0.0130041713706807,1.75649557733463e-07,3.72104614435643e-06,1.97541102111784e-08,0.0890991530753476,7.03381879093448e-15,-0.000269249535626285,-1.26488920627766e-05,-2.1017342267141e-05,-3.78827693935851e-05,-0.000162897499197474,2.09523162508854e-06,-6.46527864409669e-06,3.23297412936091e-06,0.000258360262335295,0.000272031671251391,1.41892864373548e-06,3.20356251414848e-06,0.000225382512864794,-1.28376776900061e-06,6.96355604208256e-05,5.83290871331538e-07,-0.000150854584582528,0.000306120960841624,-0.000155989439328064,-3.15483534444207e-16,-4.482081817685e-06,-5.81868417920112e-05,-1.49504203720506e-05,3.43789695502967e-06,4.66385433495244e-17,0.000108983321417314,-3.14229258264306e-15,7.1503643875595e-05,1.48633990859401e-14,-0.378856663561718,0.000802439839902572,-6.99949220491688e-15,5.11225305193262e-15,1.44312200559505e-15,1.74566945509244e-15,-1.48470530250264e-06,2.26343163851188e-16,4.49972642287956e-08,1.40881710555575e-15,2.95724525919739e-16,-4.63390076121097e-16,-6.62048742827746e-07,4.13969861629405e-17,3.34774578648761e-16,-6.5586190878175e-06,-5.16057844816841e-16,1.21185453579702e-06,3.54275739067422e-16,-5.67472070019064e-16,-8.12574615829443e-16,2.21209493318035e-16,-1.57955145338283e-16,8.48696795272137e-08,-9.96573048744252e-09,-1.94037320935987e-05,4.97427607432212e-16,1.32680446109888e-15,-3.05964614397804e-18,-6.48791041163552e-15,-1.94454751787608e-15,-1.87344913142192e-06,3.63918084720051e-05,0.707106781186547,9.40392638799039e-15,3.10862446895044e-14,-1.68140307493499e-16,-1.926555319954e-15,-1.04680423538303e-15
"t36",-0.0797682452225078,0.00279834780899765,-0.148928039632354,0.0352220454813162,0.115317298269432,0.110993544709206,-0.00454963034638746,-0.174628573508131,-0.0307913338646668,-0.000836640011905659,0.0365008064663573,0.0362200701570051,0.0428252675373177,-0.000445668502738245,0.0284078929962806,-4.05667699984672e-06,5.18148369656601e-06,0.000153340830840958,-4.64279204078964e-05,1.18739912480642e-06,0.0674133927716215,5.9611147832804e-05,2.08130192839738e-05,0.0039690902256873,-0.230991069339734,-0.0184832682950916,-5.22412316856275e-07,-1.39464557920104e-05,-9.04355779670046e-08,-0.582536283389805,-4.52367632535045e-14,-0.00171309538269051,-4.16606709861661e-05,-6.57059998587682e-05,-0.000112921803004927,-0.000468793190563003,5.58078135664878e-06,-1.57185552824039e-05,7.36461504610007e-06,0.000583985030983958,0.000579863755346434,2.8753333381694e-06,6.45001315440275e-06,0.000438434566525748,-2.29432618168388e-06,0.000123979915949027,9.88864576762228e-07,-0.000241035990717086,0.000461162908373972,-0.000218757811556025,1.38601327155839e-16,-5.52020436425386e-06,-7.03991333280633e-05,-1.66334500755548e-05,3.51990162255912e-06,-1.15677941687566e-16,9.44231670672133e-05,2.45031768426899e-15,1.51786757225828e-05,-3.12914721338435e-15,-0.0151512184264304,-5.53421258001003e-05,-0.707106781186548,2.71944593621176e-15,-1.2181932500502e-16,4.20932104378456e-15,3.10794351905704e-05,-6.1172142562691e-15,4.13074343560466e-07,4.85390207352714e-16,9.99998830486408e-16,-8.61718804808912e-17,-2.78778097861635e-06,1.35614600524863e-15,2.43399088943162e-16,-2.43609489051628e-05,-3.20438179129947e-15,3.55164071201103e-06,-2.38695613904616e-16,4.55049723841067e-16,-5.90994406413025e-16,1.08819163956353e-16,9.65796464089979e-17,2.0033816677673e-07,-2.32847200588213e-08,-4.5240286320275e-05,-9.68886767531599e-16,9.42734465988654e-16,-2.9617836070281e-16,-2.08951076309096e-15,5.23048596431645e-16,-4.11129135010714e-06,7.78586767747404e-05,-1.11214567684815e-15,1.13559639405965e-15,5.3776427755281e-16,-7.98695465609065e-16,1.35997964408338e-15,1.49938813477585e-15
"t37",-0.0797682452225078,0.00279834780899768,-0.148928039632354,0.0352220454813162,0.115317298269432,0.110993544709206,-0.00454963034638762,-0.174628573508131,-0.0307913338646668,-0.000836640011905814,0.0365008064663571,0.0362200701570051,0.0428252675373177,-0.000445668502738192,0.0284078929962808,-4.05667699978247e-06,5.18148369657063e-06,0.000153340830840642,-4.64279204079697e-05,1.1873991246339e-06,0.0674133927716215,5.96111478327337e-05,2.08130192839195e-05,0.00396909022568769,-0.230991069339734,-0.0184832682950919,-5.22412316842983e-07,-1.3946455791254e-05,-9.04355777225607e-08,-0.582536283389805,-4.54588078584295e-14,-0.00171309538269054,-4.16606709863471e-05,-6.57059998587388e-05,-0.000112921803005885,-0.000468793190562281,5.58078135695778e-06,-1.57185552830926e-05,7.36461504609959e-06,0.000583985030983781,0.000579863755346104,2.87533333819816e-06,6.45001315436555e-06,0.000438434566524739,-2.29432618210892e-06,0.000123979915947024,9.88864572432417e-07,-0.000241035990717079,0.000461162908378246,-0.000218757811559378,-8.69371625069346e-16,-5.52020436391309e-06,-7.03991333273895e-05,-1.6633450075373e-05,3.51990162244696e-06,4.39433544192356e-16,9.44231670659857e-05,-2.24037459477229e-15,1.51786757220335e-05,4.21848491510579e-15,-0.0151512184264535,-5.53421258460739e-05,0.707106781186548,-2.49168633316259e-15,3.5032999110734e-16,-4.2561295214096e-15,3.10794351940645e-05,6.5393280388465e-15,4.13074340683192e-07,-4.17109281840194e-16,-1.09554711156757e-15,3.72089455137101e-17,-2.78778097825312e-06,-1.20430593845961e-15,3.78308740097074e-16,-2.43609489063967e-05,3.59295203733484e-15,3.55164071443911e-06,-6.99709172642922e-16,-5.30273210388738e-16,1.06740005123785e-15,2.88835278526094e-16,1.11860717530953e-16,2.00338167031652e-07,-2.32847202947998e-08,-4.52402863206913e-05,-1.29319716394014e-16,6.80165882768522e-16,5.96387087817334e-16,-2.1947885598796e-16,-2.16544785155942e-17,-4.11129135152396e-06,7.78586767750361e-05,4.70016810746213e-16,1.39580505939481e-15,5.20417042793042e-17,-1.18450281814345e-15,9.88051656947811e-16,4.42074182418025e-16
"t60",-0.0798035123349483,0.002803179157257,-0.149354634766232,0.0353501512826837,0.115752494296954,0.111418502981279,-0.00457418638212323,-0.175591385585477,-0.0309449211256992,-0.000833611823035162,0.0357859805680564,0.035133224063993,0.0412922715421665,-0.000416345867511272,0.0261242666526006,-3.09406868635206e-06,3.7346300746904e-06,-0.000304145204171692,0.000137146230423637,7.01353181151228e-06,0.14845210774771,0.000112397776891248,4.00983110271408e-05,0.00784835829601973,-0.475923061532305,-0.0437677680360514,-1.14229234184813e-05,7.10561139474503e-05,1.79373340492044e-07,0.383259637528529,2.93801751186768e-14,-0.00109268051373532,-3.26816295590407e-05,-5.2290219145155e-05,-9.10180112152985e-05,-0.000381335147342032,4.62830223355789e-06,-1.33157061097908e-05,6.3265799206433e-06,0.000502473119565893,0.000504699235247467,2.52552453858362e-06,5.67156540973377e-06,0.00038770562104333,-2.0536991387486e-06,0.000111030733259383,8.90707094357404e-07,-0.000218378759226719,0.000419751117879737,-0.000199968423554186,5.68911452666439e-16,-5.07118881742502e-06,-6.47033752238994e-05,-1.53142603546644e-05,3.24431299107927e-06,-5.77987876477775e-16,8.7114766535906e-05,4.50835613620171e-16,1.36879889133276e-05,5.20180054638588e-16,-0.0114787762030179,-5.75470310790515e-05,-3.66784545079328e-15,2.11047219243364e-16,7.80530372335861e-16,-3.96661511294866e-15,2.92584153424394e-05,8.38205143730205e-15,3.89029965200922e-07,-1.01971477425049e-15,-3.10800980319431e-15,9.31542156941539e-16,-2.62874531415585e-06,-7.92706098945882e-15,-4.59731552745501e-15,-2.29831876046581e-05,0.707106781186547,3.356431019811e-06,-1.19316202355694e-15,-2.37945244871354e-15,3.75163390826154e-16,1.52490673549723e-15,-1.4448966619678e-15,1.89939054699089e-07,-2.20810007119744e-08,-4.29035926298379e-05,3.16657443221198e-16,-2.99703416852558e-16,5.28531335052506e-16,-1.42111251541425e-15,6.37876762813598e-16,-3.90488729725909e-06,7.40053144910595e-05,1.96770557326999e-16,2.00830352366899e-15,8.74300631892311e-16,-1.30140480265933e-15,1.49086402565272e-15,1.40464876698911e-15
"t61",-0.0798035123349483,0.00280317915725698,-0.149354634766232,0.0353501512826837,0.115752494296954,0.111418502981279,-0.00457418638212331,-0.175591385585477,-0.030944921125699,-0.00083361182303524,0.0357859805680564,0.0351332240639931,0.0412922715421667,-0.00041634586751143,0.0261242666526007,-3.0940686863914e-06,3.73463007472264e-06,-0.000304145204171803,0.00013714623042372,7.01353181145558e-06,0.14845210774771,0.000112397776891371,4.00983110270217e-05,0.00784835829602005,-0.475923061532305,-0.0437677680360511,-1.14229234184306e-05,7.10561139474261e-05,1.79373339729814e-07,0.383259637528529,2.95605863601783e-14,-0.0010926805137357,-3.26816295591253e-05,-5.22902191447106e-05,-9.1018011215379e-05,-0.00038133514734131,4.62830223345799e-06,-1.33157061097192e-05,6.32657992112058e-06,0.000502473119565412,0.000504699235247463,2.52552453903772e-06,5.67156541032401e-06,0.000387705621043111,-2.05369913899206e-06,0.000111030733258619,8.90707093101408e-07,-0.000218378759226349,0.000419751117880292,-0.00019996842355491,2.91010312863982e-17,-5.07118881824145e-06,-6.47033752224905e-05,-1.53142603557389e-05,3.24431299083756e-06,5.46113250603752e-16,8.71147665346653e-05,-8.95309803737831e-16,1.36879889134037e-05,-3.35823087416288e-16,-0.011478776203016,-5.75470310817891e-05,3.29880347806474e-15,6.52236821635386e-16,-2.35737370257686e-16,3.77111895673698e-15,2.92584153461904e-05,-7.79944824408976e-15,3.89029964750723e-07,7.16380361640188e-16,3.73373946740515e-15,-9.38586637494125e-16,-2.62874532327918e-06,7.58829930036114e-15,4.83643364717933e-15,-2.29831876698132e-05,-0.707106781186547,3.35643103016166e-06,6.97161570640844e-16,2.901045812014e-15,2.71038250991016e-16,-9.36377571860549e-16,1.4554523100044e-15,1.89939055882989e-07,-2.20810005112456e-08,-4.29035926291441e-05,-1.55004289975531e-15,2.06916267132741e-15,-2.29478000186377e-17,1.85241423340267e-16,-2.08687417671541e-16,-3.90488729518568e-06,7.40053144923905e-05,-4.75126853184505e-16,6.06641048418907e-16,2.52228793407028e-15,-9.21839954750667e-16,6.40868307862204e-16,5.51162324368866e-16
"t95",-0.0800361515344966,0.00283884278429352,-0.152928368802052,0.0365489238138401,0.119918807237758,0.115525514092223,-0.0049506304105926,0.413635799342216,-0.0267199974438862,-0.000927203971612136,0.0434667793282382,0.0445297242686472,0.0534737886181577,-0.000594909832923671,0.0389743404482032,-6.90568021006374e-06,9.22956045130403e-06,0.00095241857690456,-0.000360440601458804,-7.49052387107472e-06,-0.0197018120562513,4.9245844328439e-05,2.07758053677244e-05,0.00573945625967904,0.000824471943544346,-0.016447561194209,-4.43778587434945e-06,2.41117657621231e-05,4.78559805537955e-08,0.00189947404509454,-2.64974221588848e-16,-0.00100116512974143,-2.83434498498826e-05,-4.52617934653603e-05,-7.86726309607324e-05,-0.000329337677157621,3.99238212856411e-06,-1.14819858914266e-05,5.45739262262428e-06,0.000433473031712595,0.000435723639196374,2.18225185876157e-06,4.90126656548415e-06,0.000335271189314428,-1.77891838175676e-06,9.61818696091337e-05,7.72240291450698e-07,-0.000189483154959503,0.0003643777903634,-0.000173604730429061,-3.91051269586723e-16,-4.39811461844752e-06,-5.61020092975148e-05,-1.3259625059398e-05,2.80396936380735e-06,2.12502361173592e-16,7.49399280676941e-05,-5.71885069846117e-16,1.04864549112721e-05,-1.54433265323624e-16,-0.00117126953258326,-7.0461493725799e-05,1.91976591516367e-16,1.69993249168179e-16,-6.77142983623027e-16,3.55913579961658e-16,2.60921547171272e-05,2.88953959448623e-16,3.45103259656692e-07,8.29273161799395e-16,3.52712208016168e-15,9.4667173308026e-17,-2.31842852536692e-06,6.90456553127295e-16,7.00341182724525e-16,-2.02283450861807e-05,-1.40206497374919e-16,2.93151003055616e-06,8.58867846574818e-16,-4.2040432876046e-15,-8.03427374266166e-16,2.6160204487989e-15,-2.96389926726496e-16,1.59427761179448e-07,-1.84043025284491e-08,-3.56999206203336e-05,1.03914202175853e-15,1.51668140989589e-15,-1.19730532408567e-15,1.54321560272969e-14,-1.34133469207914e-15,-2.70344511492018e-06,-0.500351339751248,2.65135557707611e-15,4.74392634372568e-15,1.43083461745519e-13,0.707106781186543,-3.74417445599275e-14,-4.99617760788476e-15
"t96",-0.0800361515344966,0.00283884278429354,-0.152928368802052,0.0365489238138401,0.119918807237758,0.115525514092223,-0.00495063041059291,0.413635799342216,-0.0267199974438861,-0.000927203971612245,0.0434667793282381,0.0445297242686472,0.0534737886181575,-0.00059490983292371,0.0389743404482034,-6.90568021006434e-06,9.22956045131919e-06,0.000952418576904735,-0.000360440601458784,-7.49052387116611e-06,-0.0197018120562513,4.92458443284614e-05,2.07758053677336e-05,0.00573945625967886,0.0008244719435443,-0.0164475611942093,-4.4377858742205e-06,2.41117657612852e-05,4.78559806655687e-08,0.00189947404509435,6.02387516398914e-16,-0.00100116512974178,-2.83434498498325e-05,-4.52617934652228e-05,-7.86726309608745e-05,-0.000329337677158023,3.99238212855126e-06,-1.14819858912023e-05,5.4573926224917e-06,0.000433473031713531,0.000435723639196075,2.18225185873991e-06,4.90126656582761e-06,0.000335271189314233,-1.77891838164191e-06,9.61818696092572e-05,7.7224029131882e-07,-0.00018948315495952,0.000364377790362957,-0.000173604730427368,-2.00415262442546e-16,-4.39811461844675e-06,-5.6102009295368e-05,-1.32596250595219e-05,2.80396936359573e-06,-2.13583221908592e-16,7.49399280673622e-05,9.96304952436918e-16,1.0486454910874e-05,2.97415522929481e-17,-0.00117126953258389,-7.04614937257719e-05,-9.36308714672889e-17,3.48978340443082e-16,-7.92700729227537e-17,5.64080436170644e-16,2.60921547174479e-05,9.61378779125484e-16,3.45103259203165e-07,7.33799518090469e-16,-3.45340745737041e-15,-3.25388129416334e-16,-2.31842852483066e-06,-4.60495804329338e-16,9.04293248185577e-16,-2.02283450855821e-05,-4.34926468135014e-16,2.93151002612321e-06,1.96210266987816e-15,-2.01482226153295e-15,-2.91974148164915e-16,1.42503843599084e-15,8.84350694248708e-16,1.59427760997074e-07,-1.84043009185415e-08,-3.56999206342981e-05,1.26706916506728e-15,1.01544438895464e-15,-1.24740234979153e-15,7.66753374882466e-15,-2.43290411884896e-15,-2.70344512154244e-06,-0.50035133975124,2.54832709830806e-15,2.29235647172764e-14,-1.42521411339303e-13,-0.707106781186552,3.66716343909473e-14,3.99684891453972e-15
"t97",-0.0800428152685333,0.00283977327279901,-0.153012876107861,0.0365750496866148,0.120008130526237,0.11561297132401,-0.00495648230157757,0.414331941896403,-0.0267682190597214,-0.000929387266825815,0.0435833648705918,0.0446545385037327,0.0536265005720188,-0.000596721450483621,0.0390954710326267,-6.92930413349232e-06,9.26150792356962e-06,0.000956032102419691,-0.00036181321905176,-7.51973278739738e-06,-0.0197825143674405,4.9472594912786e-05,2.08730276332909e-05,0.00576669090232605,0.000828448819968158,-0.0165296784547349,-4.46182471582599e-06,2.42452166628635e-05,4.81252990027022e-08,0.00191043585946981,1.63594145455137e-16,-0.00100810420591061,-2.8572611655197e-05,-4.56357216157655e-05,-7.9336856150111e-05,-0.000332167076095954,4.02818833276898e-06,-1.1591373721661e-05,5.51208087814648e-06,0.00043784509014914,0.000440353972992174,2.20662384051568e-06,4.95636950167224e-06,0.000339180503278874,-1.80175556848852e-06,9.74221383142776e-05,7.82792708331625e-07,-0.000192259112383781,0.000370080964789453,-0.000176529093867384,3.97490684440789e-16,-4.48076782846724e-06,-5.7169751764462e-05,-1.35256865594318e-05,2.86270219394178e-06,3.26920427437353e-16,7.66151875006382e-05,-2.25152907591077e-16,1.07635737742669e-05,-2.08917670638396e-16,-0.00120307897659187,-7.24041521224924e-05,-3.80866832445118e-16,1.74682220923634e-16,3.93905698129243e-16,-9.09668972658092e-17,2.70198283191844e-05,-5.26374552481651e-16,3.58747358006863e-07,-4.22326789561947e-16,-7.5919816731634e-16,2.96193477869494e-16,-2.42793096352899e-06,-3.17665352490872e-16,-3.36722026303653e-16,-2.12556196077033e-05,1.09832306265298e-15,3.1248868075293e-06,-2.17849337242123e-15,2.86815506739387e-15,1.02852719766581e-15,-1.54746497537528e-15,-9.26917171210164e-17,1.8358636292118e-07,-2.147586144202e-08,-4.1789174357057e-05,-2.51190747056186e-15,4.18793672711541e-17,1.28472776154077e-15,-1.01671870431877e-14,2.26298306653567e-15,-4.35376141077489e-06,0.499648363740494,-6.48934828717831e-15,-5.80485101231853e-15,-4.22058221705157e-14,-3.52944766242896e-14,-0.707106781186545,4.61241711134057e-15
"t98",-0.0800428152685333,0.00283977327279901,-0.153012876107861,0.0365750496866148,0.120008130526237,0.11561297132401,-0.00495648230157761,0.414331941896403,-0.0267682190597213,-0.000929387266825904,0.0435833648705918,0.0446545385037326,0.0536265005720188,-0.000596721450483549,0.0390954710326268,-6.92930413345924e-06,9.26150792351338e-06,0.000956032102419391,-0.000361813219051832,-7.5197327874378e-06,-0.0197825143674403,4.94725949126973e-05,2.08730276332569e-05,0.00576669090232562,0.000828448819968243,-0.0165296784547351,-4.46182471593982e-06,2.42452166630444e-05,4.81252990093198e-08,0.00191043585946997,2.19105296686224e-16,-0.00100810420591046,-2.85726116553098e-05,-4.56357216159363e-05,-7.93368561500572e-05,-0.000332167076095898,4.02818833278514e-06,-1.15913737216616e-05,5.51208087825231e-06,0.000437845090148864,0.000440353972992021,2.20662384053454e-06,4.95636950216612e-06,0.000339180503278714,-1.80175556862439e-06,9.74221383143071e-05,7.82792709081006e-07,-0.000192259112383771,0.00037008096478937,-0.000176529093867082,6.689044555505e-16,-4.48076782811288e-06,-5.71697517636333e-05,-1.3525686560191e-05,2.86270219495026e-06,6.35626130320232e-17,7.66151874999444e-05,1.63425151027728e-16,1.0763573773513e-05,-2.77499129120409e-16,-0.00120307897659248,-7.24041521226001e-05,5.25107221242739e-17,6.90513837099797e-17,8.82476490180897e-16,-8.99348025290041e-16,2.7019828318866e-05,3.1984416450494e-16,3.58747358763869e-07,-5.1615212842648e-16,7.25724423350794e-16,-2.69118374651112e-16,-2.42793096343371e-06,3.40796680950563e-17,-2.92551826210739e-16,-2.1255619606995e-05,2.04942110835516e-16,3.12488680538837e-06,-2.42597160932913e-15,3.17173167550862e-15,9.22522346365031e-16,-1.11080369056954e-15,-3.02551721485093e-16,1.83586362819569e-07,-2.14758644454828e-08,-4.17891743607415e-05,-2.23475766006868e-15,3.70195962387807e-16,1.755335683332e-15,-1.69048530238816e-14,2.30390498892772e-15,-4.35376141033956e-06,0.49964836374049,2.58123321964189e-16,-1.72402323297618e-14,4.58626192578748e-14,3.91702903042187e-14,0.70710678118655,3.38139013260004e-16
"t73",-0.0774657538561961,0.00245144568700543,-0.114979750791326,0.0241128674466022,0.076923113928688,0.0732357455913119,-0.00158774691007372,-0.00391549425128863,0.0134049026031164,0.00177552247614247,-0.167123408574322,-0.227211840718584,-0.311926011980246,0.0061325690859548,-0.512045195286716,-0.000817193013095738,0.000526049533426414,0.011525377191813,-0.00423075102689127,-7.33312704945415e-05,-0.10589328774277,0.000303269007980827,0.000122533262676372,0.032717232039557,0.00333185939474091,-0.0844413051180565,-2.00090911139603e-05,0.000105599581229458,2.05008418383536e-07,0.00519488905132861,3.48466111761049e-16,-0.00355723468686255,-9.1890663391008e-05,-0.000145188183855267,-0.000249783933300761,-0.00103739074554579,1.23455417020604e-05,-3.4677938544414e-05,1.61904936669075e-05,0.00128318938791904,0.00126849851025536,6.2611271004712e-06,1.40362121021862e-05,0.000950733837034738,-4.92792856997933e-06,0.000266175153005984,2.11079989609758e-06,-0.000510981042074257,0.000971319864031532,-0.000457446886418915,2.55990249267075e-16,-1.14152480481483e-05,-0.0001453795463751,-3.41418726593428e-05,7.18497196977881e-06,6.69191837832474e-17,0.000190719944590821,-1.17654972261105e-15,2.62062315110784e-05,-2.87646400473449e-16,-0.00226674962667238,-0.0001778049428081,-1.10866740084961e-16,2.44569936834266e-16,2.42479569048656e-16,2.4347923139545e-16,6.43780725274647e-05,-2.81716361353115e-16,8.47735972751789e-07,7.68593683504875e-16,-8.81570825708171e-16,-4.76312304029049e-16,-5.66535096561607e-06,-6.20797025230482e-16,6.12945255990514e-16,-4.93588962764584e-05,-1.36257614008279e-15,7.13754679148677e-06,-5.92782712198379e-16,1.32497304755662e-15,-5.9084464329076e-15,-3.87451472458675e-15,-0.707106781186548,3.97275181201451e-07,-4.61333040418253e-08,-8.96164053000408e-05,1.51907291219656e-15,-2.12835366897296e-15,-5.61502440931003e-16,-7.23336245646731e-15,8.60868157657565e-16,-8.09534468084676e-06,0.000120125322796812,-2.88427983767854e-16,5.4176683567465e-16,-4.75314232417645e-16,-1.72018140989906e-15,1.02204040259102e-15,1.57080441034688e-15
"t74",-0.0774657538561961,0.00245144568700546,-0.114979750791326,0.0241128674466022,0.0769231139286881,0.0732357455913119,-0.00158774691007378,-0.00391549425128859,0.0134049026031165,0.00177552247614254,-0.167123408574322,-0.227211840718584,-0.311926011980246,0.00613256908595472,-0.512045195286716,-0.000817193013095731,0.000526049533426444,0.0115253771918128,-0.00423075102689121,-7.33312704945186e-05,-0.10589328774277,0.000303269007980848,0.000122533262676373,0.0327172320395571,0.00333185939474085,-0.0844413051180565,-2.0009091113951e-05,0.000105599581230166,2.0500841826663e-07,0.00519488905132873,4.317328386077e-16,-0.00355723468686217,-9.18906633909572e-05,-0.000145188183855161,-0.000249783933300727,-0.0010373907455461,1.23455417015634e-05,-3.46779385444545e-05,1.61904936668834e-05,0.00128318938791953,0.00126849851025532,6.26112710010769e-06,1.40362121017438e-05,0.000950733837034655,-4.92792857001365e-06,0.0002661751530044,2.11079989672193e-06,-0.00051098104207394,0.000971319864030588,-0.000457446886418972,-2.38111208232883e-16,-1.14152480480765e-05,-0.000145379546373864,-3.41418726591238e-05,7.184971969885e-06,1.01628519640287e-16,0.000190719944590078,1.21042978033303e-15,2.62062315108926e-05,-8.63826364036972e-17,-0.00226674962667321,-0.000177804942812135,-2.75694360690228e-17,1.430532865816e-16,1.07532352306576e-17,-7.55721463417272e-16,6.43780725277209e-05,7.59055757420422e-16,8.47735971948176e-07,-6.40234770835687e-16,4.99268067109857e-16,3.6011892446425e-16,-5.66535096639756e-06,3.78743293367102e-16,-2.64611017566816e-16,-4.93588962800446e-05,1.62205393130309e-15,7.1375467900459e-06,-6.16821410863445e-16,-1.45058451460898e-15,6.36485593551487e-15,4.6266284821309e-15,0.707106781186548,3.97275187355657e-07,-4.61333032538152e-08,-8.96164052789084e-05,-2.08909098835411e-15,3.62366774201936e-15,8.05340529256227e-16,5.77012471945483e-15,-5.27291277538332e-16,-8.09534468065968e-06,0.000120125322797498,-2.86764924187745e-16,2.08212663600174e-15,5.22498710964214e-15,-4.39478301323933e-16,1.27770043601097e-15,4.96993407929789e-16
"t42",0.111363077928586,-0.109619983730842,-0.00344832852298181,-0.328382201795989,0.0215388899564132,0.0679673897908286,-0.00100052608190612,4.90305845620335e-05,-0.0014873150773282,-0.00926732954911724,0.00335623532908747,0.00162814396328462,0.0020175347081053,0.00207914883866727,-0.00327641476253946,0.397747102955016,0.018246711662361,1.89851452022481e-06,-3.56396892534503e-07,-0.000431400548434331,-8.57002683301994e-06,0.000871238901922412,0.000465700605351903,0.000234766702522663,4.60723033126587e-07,-0.000180031925154053,0.034254985671114,-4.54086143408161e-06,3.56216046614546e-05,1.09971978200049e-06,2.40529675475089e-16,-6.6096931052986e-05,-0.00189292355697082,-0.00147419894671331,-4.2368610539739e-06,-0.00011802999097175,0.00012871411713187,-0.0006739333704189,0.000283983746048824,2.24794918702539e-05,2.22683791453505e-05,0.000105335652399431,0.000118109634771201,1.60882426627277e-05,-6.90716386178561e-05,4.1565529498938e-06,3.06821201973852e-08,-6.54872592603242e-06,5.37609451984552e-05,-2.87976846010726e-06,1.72426360279635e-16,1.20635209297122e-05,5.81158174842327e-07,3.97188460925441e-07,-5.92052342437713e-05,1.49719088274906e-15,-8.19164470561237e-06,-1.37249054800246e-14,-0.832353564949256,-3.78053728001851e-14,-0.000152096390672009,-0.000334890408901881,-3.76583616948836e-16,-1.32090882665404e-15,-1.47798087870769e-15,-2.21789537470872e-15,5.60579047688039e-06,4.46660863792771e-16,2.3252585687151e-05,7.66883823426146e-16,3.14841924034455e-15,-6.94934787703477e-16,-0.000132957100627478,-1.13169181410329e-15,5.9933389557796e-16,-3.11524510822006e-06,1.88651625854986e-16,4.13104159079227e-07,-1.26451661058006e-16,2.92597052866765e-15,3.58869291286469e-16,-4.80628215139083e-16,-7.96097393193692e-17,7.06389004874886e-06,-8.09569392589861e-07,-2.19952345456367e-05,-1.83177979701095e-15,1.98718946644313e-15,-6.07000862111953e-17,4.71064772319454e-15,2.26417446677735e-16,-4.10276253795473e-07,8.39923395919441e-07,-3.87173227188476e-16,8.10883927372041e-16,6.24500451351651e-16,-9.28028690343474e-16,7.32576237894757e-16,7.80583110838653e-16
"t79",0.111592018071103,-0.110519207307941,-0.00349662117211947,-0.334385961607758,0.0219499351721486,0.069286581872305,-0.00103159932071589,5.12638758145092e-05,-0.00156049528442721,-0.00988275810197587,0.00361542657833168,0.00176056360265848,0.00218529158803716,0.00226577639656881,-0.00357780948656329,0.438865580784575,0.0201605513665195,2.12177328900862e-06,-3.98504735296654e-07,-0.000483921881369238,-9.68118388079765e-06,0.00100291938833846,0.000537629557821717,0.00027171272322432,5.34853965905208e-07,-0.000210395182099324,0.0407290008566071,-5.42580253589849e-06,4.27320388624935e-05,1.32739194719347e-06,-5.88142537406571e-16,-8.4203884109119e-05,-0.00256598249407902,-0.00201917904573465,-5.86691497755187e-06,-0.000164940890716836,0.000184272303084909,-0.0010025343449308,0.000438290921583934,3.4870697460195e-05,3.61088870200034e-05,0.000179343686432374,0.00020252074239724,2.87598760585919e-05,-0.000141810471569894,8.59974394917715e-06,7.11713506650003e-08,-1.82951563196473e-05,0.000195317121459719,-1.75970358045939e-05,2.02159514857361e-16,-0.000208594556994265,-6.51571455610035e-06,-1.6717251519495e-06,0.000154348931892459,-4.14555821219037e-16,1.23076294377302e-05,7.06435937815127e-15,0.391665612992364,1.69756344106108e-14,5.87103123525265e-05,0.000115288428854874,5.35809621805874e-17,1.42791568898097e-15,1.08368495014269e-15,5.42099345615616e-16,3.9230359076378e-07,6.03512495583318e-16,3.72105796026889e-06,8.70432012241054e-16,-6.66811616076583e-16,8.07732788231572e-16,-3.50627320542657e-05,6.27549448776417e-16,-4.89582657697361e-16,-9.1897821612586e-07,1.59804524051227e-15,1.55364589745465e-07,-1.91516658044004e-15,3.36637164782723e-15,-1.24847567705726e-15,5.45989181262686e-15,-3.78461447058986e-15,3.44336879725937e-06,-3.99822537523567e-07,-1.08923148896406e-05,-6.10308104061369e-14,0.707106781186547,2.53553344560389e-14,2.50311994993996e-14,-2.4911956106701e-15,-2.19707886489514e-07,4.64942793210199e-07,-5.28570306222502e-16,-3.77654014453363e-16,-1.35655375821386e-14,-1.3881671689081e-15,9.91188475443764e-16,-6.32797376596402e-16
"t80",0.111592018071103,-0.110519207307941,-0.00349662117211949,-0.334385961607758,0.0219499351721485,0.069286581872305,-0.00103159932071605,5.12638758144574e-05,-0.00156049528442735,-0.00988275810197564,0.00361542657833201,0.00176056360265871,0.00218529158803686,0.00226577639656902,-0.00357780948656324,0.438865580784575,0.0201605513665194,2.12177328885368e-06,-3.98504734792378e-07,-0.000483921881369216,-9.68118388085719e-06,0.00100291938833829,0.000537629557821804,0.000271712723224433,5.34853965600629e-07,-0.000210395182099846,0.0407290008566072,-5.42580253603559e-06,4.27320388620034e-05,1.32739194720744e-06,3.55547033524127e-16,-8.42038841091762e-05,-0.00256598249407893,-0.00201917904573466,-5.86691497843648e-06,-0.00016494089071781,0.000184272303084968,-0.00100253434493121,0.000438290921583956,3.48706974595389e-05,3.61088870199313e-05,0.000179343686432631,0.000202520742396704,2.87598760580919e-05,-0.000141810471570158,8.59974395041484e-06,7.11713499812398e-08,-1.82951563194227e-05,0.000195317121463424,-1.75970358022366e-05,-4.46699089374107e-17,-0.000208594556994511,-6.51571455741877e-06,-1.67172515274006e-06,0.000154348931891309,-9.07203286440515e-16,1.23076294379603e-05,6.26985602615389e-15,0.391665612992362,1.7748889707096e-14,5.87103123515619e-05,0.000115288428856035,1.3678799479575e-16,2.13321684462515e-16,6.86824954520668e-16,1.47191119544975e-15,3.92303586619857e-07,-2.98670096719191e-16,3.7210579603371e-06,-1.23214590898531e-15,-2.19163628334953e-15,-1.84453052359137e-16,-3.50627320569473e-05,2.20873460284964e-16,5.56224290022916e-16,-9.18978219927506e-07,-1.23580360074055e-15,1.55364598449338e-07,7.04170097244906e-16,-5.95082814299431e-15,1.6472244814802e-15,-4.29261892477592e-15,3.98906311268537e-15,3.44336876810166e-06,-3.99822524046585e-07,-1.08923151976095e-05,6.11858369604059e-14,-0.707106781186547,-2.48963469211413e-14,-3.22285529956428e-14,2.74635028000449e-15,-2.19707877021147e-07,4.64942791729934e-07,1.8988442080494e-16,3.09156388341828e-15,1.67435509901281e-14,-9.19491140418675e-16,1.46146819038852e-15,2.55907582459222e-15
"t34",0.110763167532048,-0.107114722408247,-0.00330549625507315,-0.309800141876783,0.020255635904271,0.063834434728943,-0.000889498098014974,3.94609800053228e-05,-0.0011576972709074,-0.00564860048120232,0.00148179581197686,0.000579504029740529,0.000630668378533321,0.000241164190078545,-0.000101870864606804,-0.284636075393342,-0.0162516489572722,-1.73158110220344e-05,4.07745466060232e-06,-0.010866744607409,-3.41189740051588e-05,0.00109267983202038,0.00048449733669584,0.000198710444841259,2.73460522180878e-07,2.20109775721481e-05,-0.533100969090052,-0.000109814523860391,0.000355990319974999,6.61573525835313e-06,-1.24445227927428e-14,-0.000180170227467305,-0.00452153813270532,-0.00349062559004369,-9.9607485192568e-06,-0.000276217897614244,0.000299035774990751,-0.0015637173973892,0.00066328721155447,5.25753488861757e-05,5.28821053350703e-05,0.000255766861373799,0.000287813368552508,4.00997510084762e-05,-0.000187984563973534,1.1372663425259e-05,9.11695265726341e-08,-2.24906870264815e-05,0.000229825526947985,-1.9560352677821e-05,-3.68013015206165e-16,-0.00020720781587258,-6.3680611351942e-06,-1.5097553839405e-06,0.000128407256311175,-5.04500976264924e-16,8.58622834599381e-06,2.43340126041383e-15,0.0107033850318542,0.707106781186548,-1.07607917007234e-05,-3.74802485058392e-05,-4.07628799336033e-15,-3.03892673160958e-15,-2.05512625883361e-15,-5.6347568572322e-15,2.88119793142764e-06,-1.6252366584891e-15,1.39279231631105e-05,1.85208509480243e-17,-1.33604471705498e-16,7.40892051293682e-16,-9.24203357178631e-05,-4.00356395260038e-16,-1.785083596383e-16,-2.25433638444425e-06,-3.48309106167612e-16,3.28970179800753e-07,-1.00386078100369e-16,-8.7251956155188e-17,7.68521586318293e-16,4.90916724219529e-16,-1.48399233547917e-16,6.30196475938798e-06,-7.26562487841402e-07,-1.97644914681355e-05,-9.36827572740448e-16,7.08254768623297e-16,2.07106028439127e-16,-7.99665907477334e-16,2.51966929439252e-16,-3.82164387680902e-07,7.94443202177244e-07,-2.36078659765572e-16,8.27200298604161e-16,2.32452945780892e-15,-1.01789336215834e-15,1.08728407128978e-15,9.24065402825332e-16
"t35",0.110763167532048,-0.107114722408247,-0.00330549625507316,-0.309800141876783,0.020255635904271,0.063834434728943,-0.000889498098015001,3.94609800053936e-05,-0.00115769727090734,-0.00564860048120202,0.00148179581197704,0.000579504029740057,0.000630668378533468,0.000241164190078693,-0.000101870864606546,-0.284636075393342,-0.0162516489572722,-1.73158110224878e-05,4.07745466074794e-06,-0.0108667446074093,-3.41189740051912e-05,0.00109267983202033,0.000484497336695839,0.000198710444841611,2.73460522235704e-07,2.2010977572084e-05,-0.533100969090053,-0.000109814523860609,0.000355990319974925,6.61573525795083e-06,-1.20594141810758e-14,-0.00018017022746804,-0.00452153813270552,-0.00349062559004401,-9.96074851988909e-06,-0.000276217897613503,0.000299035774989551,-0.00156371739738949,0.000663287211555115,5.25753488833325e-05,5.28821053352577e-05,0.000255766861373124,0.000287813368552453,4.00997510079212e-05,-0.000187984563973114,1.13726634212985e-05,9.11695284471649e-08,-2.24906870258391e-05,0.000229825526949143,-1.95603526767581e-05,2.05249492204786e-16,-0.000207207815874121,-6.36806113580111e-06,-1.50975538825981e-06,0.000128407256310143,6.33477645358048e-16,8.5862283506823e-06,-2.6354607363904e-15,0.0107033850319179,-0.707106781186547,-1.07607917570265e-05,-3.74802485404397e-05,4.06650396538599e-15,3.36604646448437e-15,2.42447905632623e-15,6.05727936512957e-15,2.88119794301663e-06,2.3715662772802e-15,1.39279231629713e-05,-3.41993740111601e-16,-3.07076790931391e-16,-6.76558873449932e-16,-9.24203357175755e-05,3.4557470821534e-16,4.17003025546562e-16,-2.25433638446889e-06,7.53673849721425e-16,3.28970177124759e-07,-7.43465228439563e-16,-1.87865917444307e-16,-4.73540454953767e-16,8.2292885309353e-17,2.69770436686791e-16,6.30196475955577e-06,-7.26562487680808e-07,-1.97644914689196e-05,-5.60155330290391e-16,4.05169630502631e-16,3.04834587840696e-16,-2.85357850303386e-15,2.99221763227694e-17,-3.82164387224105e-07,7.94443201923953e-07,-2.22056367409032e-16,1.68588835032219e-15,-2.77555756156289e-17,-1.26437567199087e-15,1.00678967712524e-15,1.23631559643892e-15
"t76",0.11105453008565,-0.10828240105889,-0.00336933901594049,-0.317835399990901,0.0208069809137847,0.0656054667318397,-0.000932355876664563,4.25807143525439e-05,-0.00125961798147904,-0.0064339535032573,0.00175007362920624,0.000695259874629955,0.000762233567030574,0.000300090758751405,-0.000128131946561784,-0.381730439732711,-0.0220116385267754,-2.59471379341875e-05,6.14228879328776e-06,-0.0169825415446617,-5.88368217202354e-05,0.00322334746061828,0.00169394884771855,0.000849075420876573,1.67368487161865e-06,-0.000693234228036616,0.462095057090253,5.60219150455254e-05,-0.0001134587287067,-7.32377207523351e-07,1.20966294931537e-14,-8.19269086160581e-05,-0.00271069610521474,-0.00213865434389137,-6.22399997057379e-06,-0.000175091973072678,0.000195531640483132,-0.00105920294734183,0.000460200796072259,3.65793867193631e-05,3.75502533916544e-05,0.000184642288220464,0.000208199026489458,2.93133825418614e-05,-0.000140643544570933,8.5166549267089e-06,6.90550521539601e-08,-1.72371834500795e-05,0.000177848829448294,-1.52777316193246e-05,-9.94351883830694e-17,-0.000163726624168923,-5.0377774422834e-06,-1.20000488169742e-06,0.00010242209345237,4.97789418243046e-17,6.88206481084559e-06,1.30361744638085e-15,0.00866861858135942,-1.3490680025926e-16,-8.727796505503e-06,-3.04228885341214e-05,8.99456751412299e-17,-1.9178667660029e-16,2.68728862374986e-16,-8.0760923023495e-16,2.36420304934211e-06,1.39349678474939e-16,1.1468973261179e-05,-1.15292767850996e-15,1.03564102909445e-15,-9.10375810588576e-18,-7.64770760856916e-05,1.65584084102865e-15,2.96651586538427e-16,-1.86861752069664e-06,9.89990744036044e-16,2.74053815386959e-07,-7.90355435990711e-16,-4.58141428838878e-17,2.87203587081627e-15,2.24889523929344e-15,-1.55653234889545e-15,5.29621709222547e-06,-6.10969130791899e-07,-1.66221119771229e-05,-0.707106781186548,-6.01229303404272e-14,1.19840659608656e-15,-4.22864418676734e-15,1.53861521779534e-15,-3.22689577213392e-07,6.72117492898017e-07,1.28052039696685e-16,2.18949155765568e-15,-3.12250225675825e-15,-1.15762058966334e-15,1.35360330223283e-15,6.40600005150413e-16
"t77",0.11105453008565,-0.10828240105889,-0.00336933901594053,-0.317835399990901,0.0208069809137847,0.0656054667318398,-0.000932355876664466,4.25807143524837e-05,-0.00125961798147901,-0.00643395350325753,0.00175007362920663,0.000695259874630131,0.000762233567030511,0.000300090758751213,-0.000128131946561179,-0.381730439732711,-0.0220116385267755,-2.59471379344092e-05,6.14228879304862e-06,-0.0169825415446619,-5.88368217201038e-05,0.00322334746061836,0.00169394884771864,0.000849075420876635,1.67368487172319e-06,-0.000693234228036668,0.462095057090252,5.60219150455133e-05,-0.000113458728706695,-7.32377207314451e-07,1.22076517956162e-14,-8.19269086166592e-05,-0.00271069610521468,-0.00213865434389113,-6.22399997064635e-06,-0.000175091973072162,0.000195531640482857,-0.00105920294734207,0.000460200796071972,3.65793867191495e-05,3.75502533916084e-05,0.000184642288221424,0.000208199026489394,2.93133825407797e-05,-0.000140643544570875,8.51665492516221e-06,6.90550503048077e-08,-1.72371834497126e-05,0.000177848829449973,-1.52777316196225e-05,3.52342945443332e-16,-0.000163726624169183,-5.03777744492801e-06,-1.20000488281719e-06,0.000102422093451526,4.97756235653487e-17,6.88206481142818e-06,-1.63153467497191e-15,0.00866861858135719,3.95793767586512e-16,-8.72779650333032e-06,-3.04228885332279e-05,-1.59848969358454e-16,4.45768140379923e-16,1.63275183651535e-17,3.0261378268927e-16,2.36420305063549e-06,2.22640012886081e-16,1.14689732626041e-05,1.47413278301924e-15,-6.01937460450015e-16,-1.5493425712062e-16,-7.64770760884428e-05,-1.73398623258343e-15,1.53889628521362e-16,-1.86861752139496e-06,-5.57083368477414e-16,2.7405381715449e-07,-1.06198340811425e-16,-9.0916953014985e-17,-2.1751843958126e-15,-1.72306512469704e-15,1.64973082876446e-15,5.2962171112955e-06,-6.10969031325411e-07,-1.66221111373849e-05,0.707106781186547,6.14058638941007e-14,-7.9737861220854e-16,2.91841653425711e-15,-1.12743385996321e-15,-3.22689578741965e-07,6.72117497877593e-07,-6.56387507812974e-16,7.66373480926851e-17,7.61890550649014e-15,-9.27951698050043e-16,9.03920464463182e-16,1.47327125757367e-15
"t21",0.118819738134133,-0.179793238561596,0.014034954360121,0.120146026769739,-0.00534407176263568,-0.0141943029253496,-0.000232393528231005,1.31681002065083e-05,-0.000382905538193891,-0.00129999245317988,5.22225297032511e-05,-6.70564405647646e-05,-0.000136086706667009,-0.000336618130857305,0.00061864228782367,-0.00568692389423851,0.00250929865532388,7.93625483338809e-05,-2.1819007664563e-05,0.434105040123735,-0.00018711747847099,0.00126047299639145,-0.339575838885693,0.00169880471061329,2.32221457340581e-06,-0.000661356805702393,0.00370797227157881,-3.10261698183382e-05,0.00878372764488103,3.88849813230163e-06,-2.0285952876606e-16,-0.000202106648858422,-0.143322623665039,0.00472341295385036,1.75363658381661e-07,-0.000111691663751737,0.000340984226860457,-0.322387961540745,-0.0171471385879284,-1.73553380145233e-05,3.38347827814202e-07,0.00149487202212879,5.62700560676288e-05,1.11023948310287e-05,-0.00198385181057186,4.33598143197456e-06,3.96338809943328e-08,-1.05678796006761e-05,0.000113568617249486,-1.00620748307763e-05,-0.707106781186547,-0.000111025053941935,-3.42450239335833e-06,-8.22610184127856e-07,7.05475065983029e-05,-1.41703177511227e-15,4.7551355488075e-06,4.30497056106933e-16,0.000496658142991811,-3.39804790460146e-16,-7.24946650481046e-06,-2.39637733023577e-05,-5.71827040583924e-16,-3.51950197118188e-16,-3.26914013382123e-16,4.92110783316272e-16,1.74499577394113e-06,1.88945961677198e-16,8.46710039498993e-06,4.31738340924982e-16,2.57932099213887e-16,-1.84531287001102e-16,-5.65508967426363e-05,3.25926270277746e-16,4.73285562943712e-16,-1.3827203675156e-06,5.66900990680974e-16,2.03238639445898e-07,5.81297638567215e-17,-6.40662941827378e-16,4.50895104170242e-16,6.96696592603725e-16,-1.06277101088588e-16,3.94216961330727e-06,-4.54869788661518e-07,-1.23758400155938e-05,-4.2864813230218e-16,8.51145476723202e-16,6.17426327516759e-16,-1.68539665273253e-16,3.6067003601588e-16,-2.4060094955296e-07,5.01460412570533e-07,-1.6083784750848e-16,1.06143045408774e-15,2.09554595897998e-15,-1.18801012213909e-15,1.21434128814855e-15,8.12733715296378e-16
"t22",0.118819738134133,-0.179793238561596,0.014034954360121,0.12014602676974,-0.00534407176263572,-0.0141943029253496,-0.000232393528230908,1.31681002062813e-05,-0.000382905538193702,-0.00129999245317976,5.22225297031643e-05,-6.70564405645599e-05,-0.000136086706667354,-0.000336618130857159,0.000618642287823687,-0.00568692389423862,0.00250929865532379,7.93625483337924e-05,-2.18190076645965e-05,0.434105040123735,-0.000187117478470926,0.00126047299639132,-0.339575838885692,0.00169880471061348,2.32221457354735e-06,-0.000661356805702257,0.00370797227157855,-3.10261698192634e-05,0.00878372764488072,3.8884981313709e-06,-3.24290172084242e-16,-0.000202106648859149,-0.143322623665038,0.00472341295385021,1.75363658820523e-07,-0.000111691663749827,0.000340984226860149,-0.322387961540744,-0.01714713858793,-1.73553380181181e-05,3.38347826311575e-07,0.00149487202213113,5.62700560678704e-05,1.11023948273649e-05,-0.00198385181057441,4.33598143114542e-06,3.9633880536708e-08,-1.05678796013903e-05,0.000113568617246627,-1.00620748221567e-05,0.707106781186549,-0.000111025053941468,-3.4245023970844e-06,-8.22610185351357e-07,7.05475065990549e-05,1.14342016466643e-15,4.75513555073042e-06,-4.71559151401007e-16,0.000496658142991956,-7.95965150184613e-17,-7.24946650624792e-06,-2.39637733075791e-05,3.2329026847071e-16,7.20342247797918e-16,5.639604514469e-16,-1.32067525128617e-15,1.74499577417452e-06,6.05279130210308e-16,8.46710039459672e-06,1.91299318624377e-16,-1.86157125438e-16,1.8576034556839e-16,-5.65508967426363e-05,-4.92863202720961e-16,-2.44389493028707e-17,-1.38272036761376e-06,-1.33927578349722e-16,2.03238638356226e-07,-9.16546438394692e-16,8.23443672295825e-16,7.61923912808631e-17,-2.03077826673086e-16,1.84818687344219e-16,3.94216961349645e-06,-4.54869788784074e-07,-1.23758400166069e-05,-7.04560111123995e-16,7.34116075988492e-16,-1.21292701123228e-16,1.73271726439734e-15,-4.33833083054387e-16,-2.40600949473052e-07,5.01460411392147e-07,-2.17359261518543e-16,1.60266384446617e-15,2.63677968348475e-15,-1.11740993582478e-15,9.57128802680311e-16,1.02090075789791e-15
"t10",0.118423199862339,-0.177374932832261,0.0137095800082773,0.116483916254421,-0.00517381839439516,-0.0137341375185571,-0.00022009978278361,1.21206596918074e-05,-0.000349793724211071,-0.00114354666004785,4.47683197846126e-05,-5.68992252858551e-05,-0.000114941182479628,-0.000279449694786635,0.000510515214469844,-0.004545252236667,0.00199669971270118,6.07257613349276e-05,-1.66655017110934e-05,0.327687120935167,-0.000137478054607122,0.000852803690235903,-0.22654308512561,0.00111900276818808,1.50564409205703e-06,-0.000413404247414765,0.00207657310247753,-1.67550748640158e-05,0.00459894191937271,1.93254663341503e-06,-7.25963449836779e-16,-4.15491877811325e-05,0.0501250880529985,-0.00227914916330115,-1.12535874832514e-07,8.85763347390225e-05,-0.000443732763995502,0.870600919709017,0.105234915711878,0.000122720432943172,0.000115489928183507,0.0141991917086701,0.000480789831949597,6.33132712413718e-05,-0.00681721918601927,1.46804055214191e-05,1.14557309721964e-07,-2.67570637296437e-05,0.00026248833072766,-2.15431130771936e-05,-8.66239986752337e-16,-0.000218697806259478,-6.69229199487563e-06,-1.55971709918561e-06,0.000130911962866891,7.79951366872253e-16,8.57659757968226e-06,-6.12199719311931e-17,0.000847001473714488,-3.95012169171748e-16,-1.22724130706673e-05,-4.04097662776163e-05,3.57900784485233e-16,-1.53495688061987e-16,-4.61028565385292e-17,8.49892787573502e-16,2.79499162717005e-06,-1.42566211193026e-16,1.3352485365505e-05,-4.0742336787429e-16,1.24767662860639e-16,2.2420701367547e-16,-8.73391558444729e-05,-1.12179692547158e-17,3.26499044128622e-16,-2.12056032127988e-06,2.40085181730177e-16,3.05473322196478e-07,-3.89581133460179e-16,-4.58849908023565e-16,1.83883231491629e-16,3.87072944047348e-16,7.1306970564662e-17,5.73145110990054e-06,-6.59905960919958e-07,-1.79461974523162e-05,-3.90988827637929e-16,4.47587725553536e-16,2.87826167837163e-16,-1.9907446903297e-15,1.29148321928678e-16,-3.43953599044165e-07,7.12004678620596e-07,-1.64894046604802e-16,5.72513415865961e-16,-1.10328413072125e-15,-1.00418818209307e-15,1.04952259275059e-15,9.16856935559423e-16
"t50",0.119476263634037,-0.184106702359512,0.0146617738551115,0.127649904817056,-0.00569716766882319,-0.0151533982617909,-0.000263673582612929,1.69013093794631e-05,-0.000514656401302452,-0.00275418087899364,0.000746033298245467,0.000298993569996518,0.000332108991450062,0.000179449050341096,-0.000189373058681187,-0.00133175530690986,0.000684617957222808,3.98437052235448e-05,-1.11263201968974e-05,0.243141739946766,-0.000126294430381122,0.00727007091636299,0.591862934573823,-0.000786906063979193,-1.16348845061943e-07,-0.000163261387333642,0.0016749173114025,-1.48680939630017e-05,0.0139530274781091,1.99106036816784e-06,-1.34665990580714e-15,-0.000122339556158803,-0.121308797825383,0.00556216429446116,4.98143879814438e-06,5.47124831741038e-05,3.84173982857692e-05,-0.0157614487460585,0.0182119417398493,1.33785983560772e-06,1.57898604154293e-05,0.00587709114792701,9.04025193705838e-05,1.45792550132062e-05,-0.00391469809417211,4.2819220284192e-06,3.82049487797723e-08,-9.78056106181368e-06,0.000102546229514169,-8.92156057832078e-06,-4.82751839391536e-17,-9.67837885950281e-05,-2.98091583119902e-06,-7.12313118985306e-07,6.08777315285813e-05,1.38921099310215e-16,4.08621834700395e-06,-4.26819189724423e-15,0.000423845797033024,-4.33712273536838e-16,-6.18187981615825e-06,-2.04266976101627e-05,6.2166432085928e-16,-1.95194062163949e-15,-7.2448235566151e-16,-6.23112093373817e-15,1.48107611459173e-06,-7.02608818366871e-16,7.17980020266491e-06,0.707106781186547,-2.24712441417908e-14,-7.57840123729904e-15,-4.79068705838432e-05,-7.50554654458446e-15,7.03270878399307e-15,-1.17107493239238e-06,5.71846365981287e-16,1.72046171905929e-07,3.81649992258463e-15,2.22986918044466e-15,9.32416722641788e-16,9.20573035255895e-16,6.52074685146483e-16,3.33706022470852e-06,-3.85062033598022e-07,-1.04766318207855e-05,-1.89323301235634e-15,-2.6990225217563e-16,-9.54453028225838e-17,-6.18845340715053e-16,-1.25243105601179e-15,-2.03749444062102e-07,4.24756831775466e-07,-1.42091333514107e-17,-9.50113028312437e-16,1.81799020282369e-15,-9.87101550116648e-16,1.14471555202447e-15,7.65768464279355e-16
"t51",0.119476263634038,-0.184106702359512,0.0146617738551115,0.127649904817056,-0.00569716766882318,-0.0151533982617908,-0.000263673582612721,1.6901309379732e-05,-0.000514656401302342,-0.0027541808789932,0.000746033298245522,0.00029899356999671,0.00033210899145088,0.000179449050341102,-0.000189373058681726,-0.00133175530690969,0.000684617957222602,3.98437052233957e-05,-1.11263201961172e-05,0.243141739946766,-0.000126294430381878,0.00727007091636309,0.591862934573822,-0.000786906063978199,-1.16348844856083e-07,-0.000163261387332968,0.00167491731140297,-1.48680939627044e-05,0.0139530274781093,1.99106036804904e-06,-1.2252292624879e-15,-0.000122339556158165,-0.121308797825382,0.00556216429446186,4.98143879926265e-06,5.47124831740773e-05,3.84173982861088e-05,-0.0157614487460594,0.0182119417398498,1.33785983665202e-06,1.578986041507e-05,0.00587709114792596,9.04025193706019e-05,1.4579255013593e-05,-0.00391469809417029,4.28192202651471e-06,3.82049527220459e-08,-9.78056106147431e-06,0.000102546229515667,-8.92156058249236e-06,-2.17257997294085e-16,-9.67837885951135e-05,-2.98091582881968e-06,-7.12313120720993e-07,6.08777315289549e-05,-1.66389047272724e-16,4.08621834633297e-06,4.25276981675384e-15,0.000423845797031961,1.73220608770688e-17,-6.18187981985573e-06,-2.04266976186133e-05,-7.24491061483086e-16,2.15263830615621e-15,9.23101813090112e-16,5.79007899429919e-15,1.48107612610224e-06,1.06676125523798e-15,7.17980020758397e-06,-0.707106781186548,2.35058683899802e-14,7.40809065485402e-15,-4.79068705967553e-05,7.48253218790445e-15,-6.54176086857156e-15,-1.1710748726408e-06,-2.57519803582476e-16,1.72046153742358e-07,-4.64040068722784e-15,-2.14163397644496e-15,-3.91093539230626e-16,-3.7488286185679e-17,-5.30136183207982e-16,3.33706022405702e-06,-3.85062031529322e-07,-1.04766318340527e-05,6.35004861697324e-16,1.76610666606838e-15,5.16815219980583e-16,-2.89480254119659e-15,1.57880414759828e-15,-2.03749445628651e-07,4.24756830008911e-07,-4.64643493972218e-16,2.95654716690538e-15,-4.09394740330526e-16,-1.18947651363874e-15,1.02381420040792e-15,1.16824977337169e-15
"t6",0.118777504475697,-0.179783940082266,0.0140713177484431,0.12092171211051,-0.00538360494276054,-0.0143050395887537,-0.0002400360952068,1.47209494583701e-05,-0.000443716405454386,-0.00230680207057296,0.000645598481515158,0.000270428306612874,0.000309898093042412,0.000215741018896565,-0.000280422243374707,0.000234454669467324,-4.06971954409934e-05,7.80667731092979e-06,-2.20124180642379e-06,0.0495941689347236,-2.42854860998761e-05,0.00058963624302574,0.0343204807318607,-2.87814134877399e-05,-1.10230517010367e-09,8.9247860538923e-06,-0.000423730079045481,4.75515813470418e-06,-0.00840292251319679,-9.26407744052735e-07,-4.60893502592164e-17,0.000218188691949759,0.921478470387166,-0.0600708305149391,-8.79689911800742e-05,-0.00182337965693231,0.00135857283835204,-0.169272944739353,0.204405692676543,-4.69858757243163e-05,7.4386949643427e-05,0.0365434882887032,0.00034719349398108,5.41253952059863e-05,-0.01712446008835,1.29989156363526e-05,1.10826616145534e-07,-2.64108112579151e-05,0.000261780197135015,-2.16248131278727e-05,6.69345877595514e-17,-0.00022053486116361,-6.7504681207997e-06,-1.57463324174102e-06,0.000132213167831438,1.66343244322144e-16,8.66334455941851e-06,1.96952907670919e-16,0.000854917202682127,-2.23508920976304e-16,-1.23844750468713e-05,-4.07737404294715e-05,3.42576922926366e-17,2.35761495960006e-16,2.59552504713333e-16,-8.72224837818929e-16,2.81360828377433e-06,4.0319460412104e-16,1.34284650152676e-05,6.68760007317044e-16,-6.84323911983654e-16,-3.93254555463998e-17,-8.77060106214841e-05,-2.30276605799582e-16,3.00215631738475e-16,-2.12829946422049e-06,2.17651527340815e-16,3.0606519209858e-07,-7.40895936775104e-16,-1.87651689965838e-16,6.6275399572164e-16,3.6209603049881e-16,3.62124289090393e-17,5.72394860379585e-06,-6.58891989844053e-07,-1.7917755874175e-05,-5.98327117053803e-16,8.15700686053585e-16,1.70012575643402e-16,-1.29817610547312e-15,2.1381298390286e-16,-3.42870990323135e-07,7.0921095815126e-07,-2.64622127358419e-16,1.05005089117179e-15,1.94289029309402e-16,-1.07700120951021e-15,1.12827245661836e-15,7.25158919706673e-16
"t13",0.120120894371304,-0.188420922479659,0.0153000236190548,0.13539469555246,-0.00606253652997663,-0.0161468684441366,-0.000297356387532033,2.11395078908572e-05,-0.000666394149747188,-0.00456063782052173,0.00165871491335068,0.000792508034750783,0.00097065181481959,0.000916292135723727,-0.00136294315402786,0.00570080354626461,-0.00231280344846247,-3.92401192517786e-05,1.05246107824325e-05,-0.178778498029116,5.53317855861576e-05,-0.000608780888419019,-0.0322857125211815,2.50470943616998e-05,8.77464943973966e-10,-5.94863218956394e-06,0.000219862015223356,-3.05280821136107e-06,0.182471532357736,4.40617060160131e-08,-3.45553824760694e-16,-2.25251203360351e-06,0.0443800852207448,-0.00286824561015402,-3.86728220984734e-06,-6.90170320636605e-05,6.87840855191987e-06,0.0254596610041173,-0.343920988064392,0.000242645459113365,1.69326427523437e-05,-0.853651901965256,0.00158707136548545,5.58514372799418e-05,-0.0721566589436486,2.63852323088001e-06,5.90191895532305e-08,-1.37401461676332e-05,0.000134221833102569,-1.10101781338405e-05,8.755238002199e-16,-0.000112229770969675,-3.4366687697829e-06,-8.03486092854756e-07,6.76274160404553e-05,1.33667156309922e-16,4.45018552469161e-06,1.40992578109165e-15,0.000444541530972788,-4.28543416911875e-17,-6.45267231505585e-06,-2.12677662308511e-05,-6.7119012877422e-17,7.09421809432269e-16,5.42335300379234e-16,-2.07911606436302e-18,1.49323843104763e-06,2.40390824054618e-16,7.1718978844861e-06,4.89324354547897e-16,-2.29087481236198e-16,2.44894323077976e-16,-4.72802236679389e-05,-1.11773352834161e-16,2.11904290152724e-16,-1.15118273770827e-06,-1.86680194841668e-16,1.6726377625393e-07,-4.00734117475371e-16,-8.06168679173738e-16,1.38092470342238e-16,-6.04671304224774e-17,-1.9157523151291e-16,3.18907636222479e-06,-3.67596143560972e-07,-9.9991956797052e-06,-5.5548571528302e-16,5.46057301421544e-16,-2.45644065655226e-18,-2.25341450509243e-15,2.38972425995339e-16,-1.93135586400944e-07,4.01357763307887e-07,-7.57631044375638e-17,1.57759642976356e-15,8.67361737988404e-16,-9.93701226067732e-16,1.01763018181669e-15,9.65095053025255e-16
"t65",0.120766294170895,-0.192551399432278,0.0158850551048786,0.142263237119103,-0.00638454251732775,-0.0170201976510023,-0.000324288310106564,2.41200961815775e-05,-0.000769487682747676,-0.00558910916314922,0.00211675660721726,0.00102771414924099,0.00126786763054791,0.00122962381263848,-0.00184619372388193,0.00811768206217789,-0.0033161332190796,-5.98066639779319e-05,1.60854192541002e-05,-0.278307493025346,8.98473148849781e-05,-0.00112447594490449,-0.06096300637467,4.82490906578327e-05,1.73284287133246e-09,-1.24449433856188e-05,0.000548142495075151,-8.07296648258412e-06,0.507569440212594,1.33599729402261e-07,-1.009467371094e-14,-6.26159532323491e-05,-0.110980008614641,0.0059019910339296,6.64631511066369e-06,0.000103571805664774,-7.55046760190625e-06,-0.018499113318852,0.17691841024293,-0.000119279205390406,-5.65834522510341e-06,0.186019127149699,-0.00032423232254958,-7.59371485046489e-06,-0.000263643945021727,2.37946814569567e-08,4.24977273220878e-09,-1.84173571180615e-06,2.44997759901033e-05,-2.50320569000173e-06,-7.41937251282501e-16,-3.15321998353525e-05,-9.84071464681413e-07,-2.46927825851289e-07,2.18258649540307e-05,-1.97461122972528e-16,1.52953527779923e-06,8.01173178768741e-17,0.000172113768469638,2.97861229686855e-16,-2.53665902174557e-06,-8.42803461436946e-06,-3.82283515157486e-16,4.87850977272933e-16,5.74172475402959e-16,-1.07117077165153e-15,6.56275233513609e-07,1.15471482619096e-15,3.24970600187052e-06,3.97246483048815e-15,-3.2752687359987e-15,-1.9720662661619e-15,-2.23060336727728e-05,-2.46574398183002e-16,-1.02574056301101e-15,-5.50478734488788e-07,-5.45992907881014e-16,8.31038521879904e-08,-0.707106781186548,1.3533422509582e-14,1.89380585532794e-15,7.27296140919363e-17,-7.645780578312e-17,1.68599334339829e-06,-1.95114109315565e-07,-5.31186431429465e-06,-3.32805753407518e-16,-7.45893893270849e-16,8.02145518748652e-16,1.36882089615139e-15,7.81871317361368e-16,-1.05326183809333e-07,2.21620171565695e-07,8.89475487457082e-17,9.25062282495857e-16,4.28823643261467e-15,-1.63513050924044e-15,9.24850409323538e-16,1.33263137942901e-15
"t66",0.120766294170895,-0.192551399432278,0.0158850551048786,0.142263237119103,-0.0063845425173277,-0.0170201976510023,-0.000324288310106342,2.41200961817272e-05,-0.000769487682747773,-0.00558910916314911,0.00211675660721712,0.00102771414924095,0.00126786763054803,0.00122962381263856,-0.00184619372388235,0.00811768206217793,-0.00331613321907952,-5.98066639780147e-05,1.60854192544872e-05,-0.278307493025345,8.9847314884816e-05,-0.00112447594490447,-0.06096300637467,4.8249090658541e-05,1.73284297636735e-09,-1.24449433857876e-05,0.000548142495075178,-8.07296648303133e-06,0.507569440212594,1.33599729112544e-07,-1.04242711713749e-14,-6.26159532324602e-05,-0.11098000861464,0.00590199103392954,6.64631511046847e-06,0.000103571805661731,-7.55046760195744e-06,-0.0184991133188521,0.17691841024293,-0.000119279205389492,-5.6583452257856e-06,0.1860191271497,-0.00032423232254928,-7.59371485112379e-06,-0.000263643945021339,2.37946795826439e-08,4.24977566110964e-09,-1.84173571150479e-06,2.44997759862445e-05,-2.50320569068685e-06,6.59667430698667e-16,-3.15321998353413e-05,-9.8407146192325e-07,-2.46927825129621e-07,2.18258649524976e-05,-1.55852253510493e-16,1.52953527640836e-06,-1.65460615809993e-15,0.000172113768470204,-6.6019889472863e-16,-2.53665902052883e-06,-8.42803461601324e-06,8.95734389080608e-17,-7.86458574465361e-16,-3.98867571829865e-16,1.09376404618678e-15,6.5627522996064e-07,-3.71768627039218e-16,3.2497060023269e-06,-3.98243307236067e-15,2.87259355491204e-15,1.81642706834597e-15,-2.23060336707289e-05,1.9049411241956e-16,1.24223273740706e-15,-5.50478729617164e-07,1.28624035838404e-15,8.31039133459914e-08,0.707106781186547,-1.31153995263198e-14,-1.51812988521952e-15,7.74382152418295e-16,4.01858924916675e-16,1.68599334488931e-06,-1.95114103418985e-07,-5.31186433602726e-06,-9.49868466204789e-16,1.82310431407682e-15,-3.01844861732317e-16,-1.88552034478107e-15,-2.97876501718848e-16,-1.05326182591538e-07,2.21620176829164e-07,-7.89976779785775e-16,1.62602858656342e-15,-4.92661467177413e-16,-5.25595770758447e-16,1.17264791894242e-15,5.48589863569825e-16
"t38",0.120743238930374,-0.192392875041276,0.0158610462562788,0.141967186586628,-0.00637053555754559,-0.0169820671144179,-0.000322945704298937,2.39448838501523e-05,-0.00076316875625597,-0.00551213093902209,0.00207772927559552,0.00100663928295103,0.00124063014026089,0.00119841610144986,-0.00179666656190062,0.00782957490842886,-0.00319402545548025,-5.68014811229858e-05,1.52660832457563e-05,-0.262811834413233,8.37441189060679e-05,-0.000987702138177408,-0.0527766714373224,4.11579600539874e-05,1.44756821213106e-09,-9.75817437928004e-06,0.000225477296833595,-2.50169923103677e-07,-0.42371089370897,1.07500064238615e-06,9.88391149228979e-15,-8.02905376279989e-05,-0.136040620434955,0.00723911122996942,8.16971607821275e-06,0.000127691411121238,-9.43413013246731e-06,-0.0241643976738384,0.256748363762407,-0.000177565351920806,-1.9010976409612e-05,-0.0263811485604423,1.68710532426594e-05,1.16020071547745e-06,-0.283566876498564,-2.39181422397348e-05,-8.99364962552476e-09,-2.70280390719554e-07,1.35005670891327e-05,-1.79958656028744e-06,3.62673966105342e-16,-2.6016811623685e-05,-8.19398799671901e-07,-2.1200838498492e-07,1.90888230004679e-05,2.62240283414817e-16,1.36605053115049e-06,2.65760130893633e-15,0.000158796904216378,-3.48530489144733e-15,-2.3487972195131e-06,-7.81822928283617e-06,-2.05466747914507e-15,-0.707106781186548,-1.65952993075137e-14,-4.8417684828901e-15,6.21763035779494e-07,-2.21840289440172e-15,3.09536305239513e-06,-2.4221332385081e-15,-2.18060257908552e-15,-1.54056905457988e-15,-2.13864674463769e-05,9.38344407950582e-16,4.73312556176188e-17,-5.28874634073769e-07,1.00704910249231e-16,8.02846587702026e-08,-4.74058571242167e-16,3.10487975135942e-16,-8.9615058865509e-16,4.28499696292096e-16,-1.07004251005241e-16,1.64185072841474e-06,-1.90095324371735e-07,-5.17574308267488e-06,-2.84668276500309e-16,1.51081097832242e-15,5.51828555846072e-17,1.47520131514004e-15,2.49790629718313e-16,-1.02934879108211e-07,2.16881863115359e-07,-2.54441445799084e-16,1.6427031089879e-15,2.3037127760972e-15,-1.24401168428957e-15,9.32645888042737e-16,8.12791803940625e-16
"t39",0.120743238930374,-0.192392875041276,0.0158610462562787,0.141967186586628,-0.00637053555754558,-0.0169820671144179,-0.000322945704299207,2.39448838499911e-05,-0.000763168756256056,-0.00551213093902213,0.00207772927559557,0.00100663928295123,0.00124063014026129,0.00119841610144989,-0.00179666656190078,0.00782957490842883,-0.00319402545548021,-5.68014811228761e-05,1.52660832460275e-05,-0.262811834413233,8.3744118905461e-05,-0.000987702138177262,-0.0527766714373224,4.11579600551171e-05,1.44756810782996e-09,-9.75817437892025e-06,0.000225477296833636,-2.50169923425431e-07,-0.42371089370897,1.07500064186404e-06,9.58900850137336e-15,-8.02905376274469e-05,-0.136040620434956,0.00723911122996921,8.16971607892285e-06,0.000127691411121516,-9.4341301325445e-06,-0.0241643976738381,0.256748363762409,-0.000177565351922085,-1.90109764098568e-05,-0.0263811485604419,1.68710532425293e-05,1.16020071572098e-06,-0.283566876498565,-2.39181422394074e-05,-8.99365037548269e-09,-2.70280390828961e-07,1.35005670928944e-05,-1.79958656557254e-06,-8.65299045044037e-16,-2.60168116236136e-05,-8.19398801008303e-07,-2.12008382633855e-07,1.90888230005207e-05,-6.04178891153758e-17,1.36605053539648e-06,-2.53616077813823e-15,0.000158796904213894,3.37638673811848e-15,-2.34879720069231e-06,-7.81822927010728e-06,1.79988685214913e-15,0.707106781186547,1.7126433256018e-14,4.99151156437539e-15,6.2176303715328e-07,2.9172500863209e-15,3.09536305133539e-06,1.80138856291408e-15,2.66274516242289e-15,1.1527669171234e-15,-2.1386467448422e-05,-8.93521961063639e-16,3.65329692020578e-16,-5.2887463876271e-07,5.03154256134376e-16,8.02846516443264e-08,3.85551904065203e-16,-1.78704046191379e-16,1.11615099147085e-15,1.74224184386997e-17,1.3636801018581e-16,1.64185072719647e-06,-1.90095323247767e-07,-5.17574307865032e-06,-8.56161367731852e-16,1.94802158680222e-16,1.36113791570238e-16,-3.39590220540286e-15,1.80398573761246e-16,-1.02934877643924e-07,2.16881863314368e-07,-5.56745779276628e-16,1.30021258399645e-16,1.11022302462516e-15,-1.03373364276546e-15,1.04810643118126e-15,1.38351539407864e-15
"t18",0.120375314208687,-0.19004504876125,0.0155294549805391,0.138082643985989,-0.00618849906445658,-0.0164884402943094,-0.000307819667810821,2.22855385003819e-05,-0.000705912562571162,-0.00494806603483733,0.00182881769313524,0.000879310148225806,0.00108001492209702,0.00103023680572368,-0.00153791464559622,0.00655327740524673,-0.00266526877177552,-4.61736441612417e-05,1.23953041872031e-05,-0.211768684974235,6.63348813320672e-05,-0.000745007546294131,-0.0394958831815614,3.05850125760001e-05,1.06649358718439e-09,-7.05181798522193e-06,0.000154452168775935,-1.685912503408e-07,-0.281742456715479,6.99559849603055e-07,6.50418567040561e-15,-4.14332415931323e-05,-0.0453636858802611,0.00216882960408298,2.14602145718988e-06,2.94736120023031e-05,-1.33935874359448e-06,0.000345626457937327,-0.0475696518575695,3.74136024700741e-05,8.64765284621225e-06,0.0205641119414182,-1.40459110758123e-05,-1.37214843030275e-06,0.88834497035481,7.89786063900322e-05,7.10119568517201e-08,-1.2088138480976e-05,0.00010796388800237,-8.53247448310711e-06,1.3048197955644e-15,-8.56357340505032e-05,-2.62118278826409e-06,-6.12678560931603e-07,5.16233678097911e-05,3.22536017928908e-16,3.40681229142671e-06,-2.86391176449268e-16,0.000343703700890577,-9.04590380017757e-17,-4.99737844057529e-06,-1.64863721329007e-05,2.04841133344584e-16,7.07704119481301e-16,-2.07921646134967e-16,5.82588015411323e-16,1.17406561489613e-06,8.45386803583201e-18,5.66706087002645e-06,1.09303652273579e-15,5.28475209570524e-16,1.74332114070154e-16,-3.76268089814186e-05,-1.4208884454671e-16,3.50895814905684e-16,-9.18447297814481e-07,7.47424388734736e-17,1.3445365552398e-07,-5.32511769302261e-16,-1.59435377219279e-17,4.98506132366075e-16,1.29505714438809e-16,1.18089952626744e-16,2.59787914348908e-06,-2.99719948451754e-07,-8.15440871679285e-06,-7.02222528569059e-16,6.8938333958727e-16,2.97167663553665e-16,-1.14278989281055e-15,2.09677143823851e-16,-1.58464172698775e-07,3.30285746089071e-07,1.14099730628966e-17,2.72541188941795e-15,2.17881268582687e-15,-9.49765810025249e-16,1.22096215856469e-15,1.13469980503985e-15
"t11",0.120006892882186,-0.187683226347976,0.01519442043724,0.134144920573738,-0.00600385695345749,-0.0159876226795824,-0.000292333687633956,2.05669471009043e-05,-0.000646435712177586,-0.00435369403187306,0.00156409579359787,0.000743409920494542,0.00090831553879271,0.000849400474105455,-0.0012591372485443,0.00516399022113713,-0.00208890620231455,-3.44512030863877e-05,9.22720160004213e-06,-0.155246624469554,4.69099715931807e-05,-0.000468374969386393,-0.0243066432599049,1.84563469317228e-05,6.27745705525716e-10,-3.9103872979859e-06,7.01669680746077e-05,-7.11407227300553e-08,-0.111239664001125,2.44784460837e-07,-7.40624587284977e-16,9.81640586108259e-06,0.0906032881973269,-0.00563190254378375,-7.39245047870575e-06,-0.000130078308525507,1.28331421669504e-05,0.050059270224587,-0.794294544439269,0.00058190670795405,0.000110058921457827,0.445694605752628,-0.000382529840695911,2.64054032601724e-05,-0.210802417213909,-1.04312724657665e-05,4.7806579510914e-08,-1.26050510086919e-05,0.00012896194218775,-1.08777322633141e-05,-2.13540415917206e-15,-0.00011341776624422,-3.4793261446101e-06,-8.18666459815438e-07,6.91871645832874e-05,8.93173865917705e-17,4.57487578056759e-06,1.03769599610966e-16,0.000460556763798397,-6.40460758691701e-16,-6.69085319586009e-06,-2.20624249434689e-05,-8.44425494428149e-17,7.64004268997273e-16,1.26912416286816e-17,-1.82889426053648e-17,1.55646241704982e-06,2.63219682498218e-16,7.48376152258088e-06,-8.14322838747519e-16,-5.67993288098205e-16,-3.77311796428194e-16,-4.93963409324122e-05,-1.67451406284648e-16,3.97893639628969e-16,-1.20312294433911e-06,1.27330438796701e-16,1.74952888474954e-07,-5.64498905369142e-16,6.75578860145081e-16,1.2987053994767e-16,2.25749638851863e-16,9.71413615720081e-17,3.33822934508674e-06,-3.84798094689686e-07,-1.04671663819361e-05,-7.9257420285134e-16,1.02916143150289e-15,4.26719607850389e-17,-2.03316493661905e-15,3.17066249095391e-16,-2.02191268130276e-07,4.2017345373469e-07,-2.3573979079767e-16,5.44133209651753e-16,-1.40859546249317e-15,-1.01743595199051e-15,1.12391320828112e-15,1.2057982574188e-15
"t9",0.129245355851283,0.139070715257045,0.00384345255985855,0.0174740630018524,-0.000296053326373377,-3.33368698268374e-05,-0.000114460881205036,-1.86408008144779e-06,0.00018309967764675,0.219519368480871,0.00290160090515426,0.00106282575475595,0.00120376075756724,0.0667289808725512,-0.00031943798506996,0.00198683320322786,-0.026956075764268,-3.71369154822164e-07,8.06089777620028e-08,-2.73737547981443e-05,2.21635209917637e-06,-0.0197980503275605,4.35385520258134e-05,-4.23143476395442e-05,-1.67431376112324e-07,0.000102206133827996,-0.000650500078908432,1.3147067840843e-05,-3.58456267940517e-05,-2.19156457904922e-06,3.34256810516298e-15,0.000340125726527758,0.0503423435865915,0.830279856157785,-0.000292423127284674,-0.00449386655246837,0.454967470940902,-0.0033700061414852,0.00117162411688689,0.00018242545982584,0.000157267782764073,0.000380272985674992,0.0269275562698923,9.41175304951447e-05,-0.000197936053568868,2.3497867188611e-05,1.7692758455677e-07,-4.10115470620239e-05,0.000398998085731268,-3.24713486727801e-05,1.84452394667575e-16,-0.00881918213081011,-9.37838471798947e-06,-2.26896453280059e-06,0.00506607671289964,-2.50722327456733e-16,1.22540347219395e-05,9.6486088081341e-16,0.000616104836098841,-7.44602510915826e-16,-1.73860914856527e-05,-5.70630371548408e-05,-8.14454042699122e-17,2.9501579153676e-16,2.3103004661678e-17,6.6449328150103e-16,3.86828830654869e-06,3.48844000636242e-17,0.000448618092721764,7.88804456049249e-16,1.43685659856724e-15,4.7828444698135e-16,-0.0101021051198062,2.77273330817878e-16,1.92575950609269e-16,-2.82209583619194e-06,4.00019213541196e-16,4.07628603555249e-07,-4.16194891526611e-16,1.57766379904371e-15,2.1609977126001e-16,3.00171407791392e-16,9.51852716426302e-17,0.000172808854877,-1.9834911315192e-05,-2.35563418893719e-05,-6.42300700254509e-16,7.87675512399227e-16,2.29806881494644e-16,-1.16772606845299e-15,3.04815271751625e-16,-4.48005897398188e-07,9.23822720000541e-07,-1.25533625428787e-16,1.82614419767683e-15,3.46944695195361e-16,-1.07564324810498e-15,1.1042228127128e-15,8.9488109865349e-16
"t71",0.131038628000761,0.147181225267538,0.00424644222440645,0.0199634527856498,-0.000340416294277949,-3.84334178309617e-05,-0.000146004246984702,-2.75854199921342e-06,0.000282713081052681,0.42988722694551,0.00690417400316089,0.00276011164424928,0.00325946315998058,0.214470873018703,-0.00109691271157667,0.010636809285926,-0.156156206039255,-7.43155074378675e-06,1.81119388832132e-06,-0.00318070851415115,-3.07201154683493e-05,0.064910015580209,-0.000127013784566225,0.000112375688420085,4.0065340357412e-07,-0.000199998831071352,0.000843455378757354,-1.54450298976962e-05,3.90887537187414e-05,2.14151217017411e-06,7.48555199052845e-16,-0.000155201598505156,-0.0113353751190255,-0.166556747308904,5.18458287592738e-05,0.000717130526912424,-0.0541923909524113,0.000232848291167864,-3.78663547320787e-05,-5.08936779142541e-06,8.74253447713326e-07,1.30123953213703e-05,0.00101875978891447,5.35582207646871e-06,-2.00930174161396e-05,2.42977038053776e-06,2.24310245692796e-08,-6.24259589812393e-06,6.94835631052229e-05,-6.37842098932225e-06,4.27580247664517e-16,-0.001997834637024,-2.1554080278489e-06,-5.51992480413054e-07,0.00128633969897793,3.76255720652683e-16,3.30511456053838e-06,9.62342958205543e-16,0.000191630840458291,-1.4179153102609e-16,-5.53356533678939e-06,-1.83961587403708e-05,-3.81200736458824e-17,-2.76721642211575e-16,-6.30269013582856e-16,-1.09631739057646e-15,1.63733092784217e-06,-3.70984802587211e-15,0.000236132926578612,3.34442953788809e-15,4.49705156506289e-14,2.78390574085605e-14,-0.400432176902384,9.37396864873311e-15,8.41978203198716e-17,9.87318099935026e-07,1.49129348991046e-15,6.65377791016879e-08,-2.72535059841715e-16,-2.93554337336977e-16,2.63643837383105e-14,0.707106781186548,-4.32372629902554e-15,4.85770185161168e-05,-5.6598061704081e-06,-6.74228279853861e-06,7.70254935703568e-16,-3.2907386767673e-15,-9.71990925525549e-17,-5.77547001907136e-15,7.54836377640187e-17,-1.39198022630664e-07,2.96487034846353e-07,5.03429969835627e-16,9.20783100955932e-16,7.66747776381749e-15,-1.90469961974473e-15,8.66735660371439e-16,1.31176086690695e-16
"t72",0.131038628000761,0.147181225267538,0.00424644222440649,0.0199634527856499,-0.00034041629427786,-3.84334178310311e-05,-0.000146004246984709,-2.75854199899731e-06,0.000282713081052532,0.42988722694551,0.00690417400316102,0.00276011164424955,0.00325946315998072,0.214470873018703,-0.00109691271157711,0.010636809285926,-0.156156206039255,-7.43155074371078e-06,1.81119388882665e-06,-0.00318070851415093,-3.07201154686953e-05,0.0649100155802091,-0.000127013784565926,0.000112375688420137,4.00653403558624e-07,-0.000199998831071429,0.000843455378757331,-1.54450298978149e-05,3.90887537189753e-05,2.14151217033979e-06,-2.71462204821534e-16,-0.000155201598505073,-0.0113353751190255,-0.166556747308904,5.18458287592688e-05,0.000717130526909865,-0.0541923909524113,0.000232848291167957,-3.78663547317474e-05,-5.08936779006769e-06,8.74253447408252e-07,1.30123953218203e-05,0.00101875978891446,5.35582207606486e-06,-2.00930174162731e-05,2.42977037907654e-06,2.24310259987355e-08,-6.2425958981433e-06,6.94835631026277e-05,-6.37842098871847e-06,-5.60572278733735e-16,-0.001997834637025,-2.15540802929446e-06,-5.51992480161403e-07,0.00128633969897768,2.51355578646483e-16,3.3051145612545e-06,-1.14014189467835e-15,0.0001916308404595,-2.38402826643959e-17,-5.53356533796915e-06,-1.83961587397915e-05,3.78213453681426e-16,-5.99370350039179e-16,9.41125107075243e-17,2.69578812781636e-15,1.63733092780471e-06,-3.48780320678747e-15,0.000236132926578142,4.20584541776726e-15,4.19867912753726e-14,2.82890631929298e-14,-0.400432176902383,1.00956124582405e-14,3.5843424207439e-16,9.87318103003055e-07,3.99623101630293e-15,6.65377837360036e-08,4.94468193017986e-16,5.94624082364055e-16,-2.48724033550118e-14,-0.707106781186547,3.97075563641848e-15,4.85770185131755e-05,-5.65980616877134e-06,-6.74228279912842e-06,-3.31262888194292e-15,6.44110573012718e-15,-7.46725325449501e-17,4.3102122702578e-15,-1.13188259231042e-15,-1.39198020918262e-07,2.96487030104023e-07,-4.68420284804653e-16,2.54448453171575e-15,1.03042574473022e-14,-6.55708653058087e-16,1.33003267122843e-15,1.93626191529165e-16
"t62",0.130935893231446,0.146724938653767,0.00422415641948741,0.0198275217495409,-0.000337999643970544,-3.81560539580023e-05,-0.00014434609451227,-2.71351997839403e-06,0.00027775396332755,0.419946069604955,0.00672117828085656,0.00268348469948989,0.00316717265735311,0.207972046975297,-0.00106294856590523,0.0102721015490974,-0.15073442287459,-7.14690271149527e-06,1.74154320258188e-06,-0.00305523762206835,-2.94422491182357e-05,0.0618444563981319,-0.00012090826608455,0.000106891017949634,3.80744985525202e-07,-0.000189677849258166,0.000795828662746884,-1.45518261444039e-05,3.67859084101796e-05,2.01176204280135e-06,-1.86382865370934e-15,-0.000143636950236881,-0.0103259727763767,-0.151344844927719,4.6987907279551e-05,0.000648538474393795,-0.0487371431042903,0.00020764570756739,-3.35082268915079e-05,-4.49896092074544e-06,7.66102109415276e-07,1.12998645386802e-05,0.000883563086480657,4.61160722538062e-06,-1.6933712774045e-05,2.04550151947227e-06,1.86022564587846e-08,-5.07247038320949e-06,5.52169921681574e-05,-4.92516897951162e-06,-5.6422420709402e-17,-0.00146288434050418,-1.56705525302919e-06,-3.88471321467914e-07,0.000878338079565799,-6.32007633537893e-17,2.13841795520679e-06,-3.02198816170531e-16,0.000100370746561036,1.42698917064319e-16,-2.75482559188022e-06,-8.87834665438568e-06,-3.34391174063665e-16,1.33373765847839e-15,8.20735312201148e-16,-2.59480542038254e-15,1.02258859549768e-07,8.10260128473793e-15,-7.24240891443154e-05,-7.39143286001481e-15,-8.95879967696908e-14,-5.81263952892204e-14,0.824131804572647,-2.04068083399431e-14,4.01978200089379e-16,-4.83853409926692e-06,-5.30252750737751e-15,2.79452884596401e-07,-1.63222236610145e-15,-3.40126221911952e-17,-7.10432768464726e-16,6.05071480855221e-16,4.61993755981383e-16,8.8297644711494e-05,-1.00555576875964e-05,-1.19234997197903e-05,1.1054232867725e-15,-7.33447092954267e-16,6.65955369827443e-16,-1.71748583428255e-15,1.61631990442871e-15,-2.18711796735131e-07,4.46374846017774e-07,-9.01336703899648e-16,-4.12876900916667e-16,-1.28091981466127e-14,-8.00250365531792e-16,9.88451570751419e-16,2.75314630655719e-15
"t28",0.13176591807502,0.151340084872542,0.00451128957492,0.0219757911220233,-0.000377805164570307,-4.28034784510437e-05,-0.000206254575793791,9.06786702755923e-06,-0.000228930830560683,0.0680194401170761,0.000816343359894986,0.000113640823837394,-4.07631335892118e-05,-0.174469143368468,-0.00129832530451868,-0.0186245150239918,0.408945863113624,-2.31424796513351e-05,5.39988464534072e-06,-0.00771195156637873,-6.05478660704011e-05,0.23429880348896,-0.00140964395902125,-0.000574494314510231,-4.32075075300664e-07,-2.13369846026619e-05,0.000448633079679219,-8.66588796860185e-06,2.25176622664203e-05,1.26360042385224e-06,2.05646282618367e-16,-8.52871825988179e-05,-0.00424564644260845,-0.0549171060533398,1.41626051955617e-05,0.000153609712204829,0.0302358388166567,-5.54997645729398e-05,5.09043296145844e-05,8.48399636905531e-06,1.09004279823976e-05,3.97581570205496e-05,0.00716132519283827,8.56113336302896e-06,-2.23171086655113e-05,2.66359993190751e-06,2.09542946613422e-08,-4.78421800585236e-06,4.14114582918195e-05,-2.17598750747519e-06,5.73927243353054e-16,0.00250745990284071,1.53278674983062e-06,1.67090743928547e-06,-0.829224190849074,-1.28665611734484e-14,1.24758324497822e-05,-2.41423703665374e-14,0.000329956888452376,3.85438920064524e-16,-9.00394163568707e-06,-2.90925781768812e-05,-1.22836988167026e-16,1.74002036623415e-16,1.80393397828965e-15,4.26117004657244e-15,1.74842863960607e-06,7.5286205435668e-16,0.000418873139926518,-2.0948960759902e-16,6.24455339309153e-16,-4.38638524766858e-16,-0.00125786015783882,6.20301889541497e-17,5.14932622013434e-16,-1.25711155694466e-06,3.4747720338086e-16,1.79764275620686e-07,-1.33988191306434e-15,2.34802644266853e-15,6.34419616647698e-16,3.76488177066543e-16,2.40748345576146e-16,0.000154038864721536,-1.76741228769808e-05,-1.04922976256402e-05,-1.23189355604253e-15,1.38756960180452e-15,1.06696742119494e-15,-1.04204615517104e-15,5.93422197793496e-17,-2.01236728006062e-07,4.16930725510978e-07,-1.46289148740545e-16,3.26830588836562e-15,-2.05391259555654e-15,-8.68292849796436e-16,1.49689803565674e-15,9.91375870518405e-16
"t40",0.131899405239599,0.151952066628137,0.00454244416709148,0.0221739630988112,-0.000381361542178934,-4.32132749034059e-05,-0.000209416340530538,9.27190340102815e-06,-0.000234496391989455,0.0702534938817956,0.00084754265768654,0.000118215908703378,-4.24410753218484e-05,-0.182224858015563,-0.00135747986434885,-0.019578768777384,0.43020633475709,-2.44923883655103e-05,5.7163506824295e-06,-0.00817777543983131,-6.44445031242999e-05,0.251897617727495,-0.00151786644143173,-0.000619441272630354,-4.66644288624856e-07,-2.3127156019262e-05,0.000490861813577935,-9.50728716949506e-06,2.47576008293377e-05,1.39402274013012e-06,-3.32911330065863e-16,-9.69801954083188e-05,-0.00500471515148689,-0.0651336242411445,1.69070149396903e-05,0.00018438252316083,0.0368271214957624,-6.92110511133622e-05,6.49645471086257e-05,1.08623209129584e-05,1.43600970048258e-05,5.40907001266328e-05,0.00978923361019308,1.20383103303424e-05,-3.46295999625733e-05,4.15669070149654e-06,3.56766629898528e-08,-9.4892551272045e-06,0.000104525558824388,-9.87927286635397e-06,-6.85887433676121e-16,-0.0086070010969986,-3.92499225141437e-06,-1.6425784378262e-06,0.395068437611543,7.64267207039992e-15,-1.00193742087515e-06,1.46759383674309e-14,0.000109214494490408,1.92798444940028e-15,-3.3014368967664e-06,-1.11830977863216e-05,2.85679860890353e-16,-1.48802525107946e-14,0.707106781186547,1.45771472281233e-15,9.87213603977941e-07,-3.52248054713193e-15,0.000253364971133494,1.03354532365047e-15,9.80547227535823e-17,-2.15711218981477e-16,-0.000819747445200228,-4.94296275753569e-16,1.21422463209091e-15,-8.3714820188268e-07,-4.62358073325972e-16,1.26383212978605e-07,3.8466701015924e-16,-1.69402023305306e-15,5.776174122791e-16,4.95931459951e-16,8.91014641284569e-18,0.000116232313219671,-1.33890139412574e-05,-7.95498696089247e-06,-2.44833449153918e-16,-1.51346998610611e-16,-3.02543475362847e-16,-1.4572419004245e-15,2.75201795372419e-16,-1.56358213334228e-07,3.27472282443908e-07,-2.14639309669263e-16,1.12035319796789e-15,2.31065167000111e-15,-9.15240698707164e-16,7.43187432332034e-16,1.20272461577876e-15
"t41",0.131899405239599,0.151952066628137,0.0045424441670915,0.0221739630988112,-0.000381361542178889,-4.32132749033781e-05,-0.000209416340530511,9.27190340094104e-06,-0.000234496391989538,0.0702534938817956,0.000847542657686058,0.000118215908703758,-4.2441075321701e-05,-0.182224858015563,-0.00135747986434884,-0.0195787687773841,0.43020633475709,-2.44923883653905e-05,5.71635068243498e-06,-0.00817777543983145,-6.44445031243138e-05,0.251897617727494,-0.00151786644143173,-0.000619441272630984,-4.66644288613474e-07,-2.31271560198164e-05,0.000490861813577893,-9.50728716909533e-06,2.47576008293453e-05,1.39402274038252e-06,-7.3536717649218e-16,-9.69801954081839e-05,-0.0050047151514867,-0.0651336242411445,1.69070149398432e-05,0.000184382523159185,0.0368271214957621,-6.92110511135929e-05,6.49645471086508e-05,1.08623209136758e-05,1.43600970050194e-05,5.40907001260208e-05,0.00978923361019346,1.20383103306564e-05,-3.46295999631283e-05,4.15669070138593e-06,3.56766608531284e-08,-9.48925512592986e-06,0.000104525558826678,-9.87927287051093e-06,3.89375187572236e-16,-0.00860700109699771,-3.9249922523332e-06,-1.64257843880405e-06,0.39506843761154,4.96425869398033e-15,-1.00193741841436e-06,8.11521418128659e-15,0.000109214494493138,-3.06801235032425e-15,-3.3014369016059e-06,-1.11830978018958e-05,-2.27797153732314e-16,1.50642205960476e-14,-0.707106781186548,-5.29903323539757e-15,9.87213613326581e-07,3.40600043661027e-15,0.000253364971134076,-7.89558046894894e-16,-3.11773515662308e-16,5.50986856717356e-16,-0.000819747445198993,3.38369484535196e-16,-8.40005654741367e-16,-8.3714820297557e-07,8.07466280519242e-16,1.26383213468963e-07,-3.93117736069237e-16,-7.0175840392764e-16,-4.21606372421575e-16,-1.51433059835061e-16,-1.18305556411039e-16,0.000116232313222421,-1.33890139421661e-05,-7.95498696395253e-06,-3.9296319216838e-16,7.80129709958559e-16,-2.37552810575702e-16,-8.63966471640423e-16,1.12141667704323e-16,-1.56358213858582e-07,3.27472283877701e-07,-2.20186918805235e-16,-1.56400063069137e-16,3.94129173741931e-15,-1.41750680688239e-15,1.0989736671569e-15,8.69658306340437e-16
"t8",0.131799033795568,0.151945419050248,0.00457065208320613,0.0225251753536587,-0.00038832396739503,-4.40473910819847e-05,-0.000228906214080872,1.39797425321028e-05,-0.00043938794063409,-0.0410564717793229,1.19976301441727e-05,1.20111456537782e-05,-5.75222862291783e-06,-0.0567474230229293,-0.000687681349320373,0.000584826659424073,-0.00545926044905266,-3.59024740071191e-07,7.87697211302769e-08,-4.88091100231942e-05,1.34641027485662e-06,-0.0341481571700771,0.000238685954103852,0.00010973296447873,9.43234234109223e-08,6.02675394110826e-06,-0.000214566951281128,4.70357806238123e-06,-1.34486011386819e-05,-8.69189081241598e-07,5.38307252809218e-16,0.000161164181849192,0.0237334507382105,0.379312928084844,-0.000125178494361011,-0.00171431505116725,-0.799688326141616,-0.00261910041754249,0.000867852336332164,0.000135550434037995,0.00013017830119292,0.000859247724432604,0.396669533085234,2.35720287332038e-05,-0.00010003582336768,1.19505323813629e-05,9.51345830063507e-08,-2.28956856806858e-05,0.00022867445456281,-1.92026546799563e-05,-1.37783756180817e-16,-0.0395108035734504,-3.45832487846276e-06,-1.24086841926804e-06,0.00648355719413725,2.86473714358971e-16,6.98065604446336e-06,-1.01509090090602e-15,0.000361141242954317,3.74789318506071e-16,-1.02191811112625e-05,-3.3587683632818e-05,-3.42478928976811e-17,2.07727782717323e-16,4.50019958635614e-16,9.83989961581974e-16,2.31471671970687e-06,-3.7154167002031e-17,0.00157443728345796,1.00369498866619e-16,7.56559637641509e-16,-6.45339558843196e-17,-0.00173087264320596,9.04461634236001e-17,-6.89673081155937e-17,-1.73730018133594e-06,6.64922500981893e-16,2.5038170277096e-07,-4.97029514898627e-16,2.4442332885424e-16,1.81533400335749e-16,2.44001348816958e-16,-1.1889303749153e-16,0.000548959438127307,-6.28150052656753e-05,-1.46242306833105e-05,-9.11113278752749e-16,5.10182765890234e-16,7.8290787149716e-17,-1.6183142320784e-15,2.10398815667254e-16,-2.79584771062643e-07,5.7797791820347e-07,-3.27753667077624e-16,3.1516634880074e-16,2.3037127760972e-15,-9.10374606358916e-16,1.27603927459983e-15,9.11830455266162e-16
"t78",0.135142950454913,0.168708649105085,0.00551121548730266,0.0290198260344862,-0.0005068198662899,-5.77951144669769e-05,-0.000372419147934525,3.28221278932021e-05,-0.00116426204568057,-0.28588818441059,-0.00152184382390493,-0.000181342813047958,6.23801455480293e-05,0.303034033375917,0.00313457706394046,-0.00156985216269347,0.0144797552057991,5.7767716709197e-07,-1.25059098498552e-07,7.12289026766882e-05,-1.6609201684273e-06,0.0292310600510022,-0.000194787930819357,-8.59832410235161e-05,-7.04839275393265e-08,-4.08100397296482e-06,0.000115614963570049,-2.38745225687625e-06,6.5178200914619e-06,3.92843329306556e-07,2.20479419731353e-16,-4.29903622932829e-05,-0.00374820855052397,-0.054918768673705,1.65112859366083e-05,0.000208796041433542,0.0778995726535326,0.000165662816006295,-2.76136942306547e-05,-3.69975956722642e-06,2.67632017996839e-06,0.000140624321240202,0.08991688997776,-9.37370446795861e-06,4.49635882655798e-06,-5.00242282301709e-07,-1.09256624058336e-09,-3.03250687079395e-07,7.20016209477715e-06,-9.28507065867442e-07,1.32726668126908e-16,-0.00275509907284212,-2.45097987743645e-07,-9.89229149528293e-08,0.000558435355080486,2.6999831952252e-16,6.6348321175996e-07,-3.92648925868292e-15,4.13115238346463e-05,-2.46454329562866e-16,-1.19701849673423e-06,-3.98362788137055e-06,9.20774498813847e-17,-6.80480747928945e-16,-8.39196561488643e-16,4.16548321778813e-15,3.22408228381247e-07,2.47500148286145e-16,0.000231412104182439,1.28177388593275e-15,7.99223020679202e-15,-3.84671788091188e-15,-0.000268384074360975,-8.37836414903293e-16,-6.285043575168e-16,-2.74617919997485e-07,1.1714664737e-16,4.15114891348883e-08,-3.79081526272447e-15,-1.44355294377416e-14,-6.93800343239992e-15,1.64673057746109e-15,4.41740992475978e-16,-0.177671841479571,0.847938720384351,-7.17616979901275e-06,-5.78491894122213e-14,1.24246488872725e-14,6.16748160586973e-14,4.91172245207399e-14,-3.97555039961456e-16,-6.23071884944955e-08,1.28383612587655e-07,4.44072531180711e-16,3.59688519928183e-15,2.76445533131664e-14,-1.9266393804644e-16,2.70005426169593e-15,1.2633283838871e-15
"t81",0.135155850999427,0.168772156757548,0.00551471856958421,0.0290437139047491,-0.000507254684974064,-5.78455135787151e-05,-0.000372927737606624,3.28861702187279e-05,-0.00116670011829236,-0.286672337675685,-0.00152660952116323,-0.00018193676804266,6.25883929765729e-05,0.304114195433688,0.00314598557156746,-0.00157615507813387,0.0145385959983304,5.80256312490451e-07,-1.25619580773559e-07,7.15559962855452e-05,-1.66894339752787e-06,0.0293903611888077,-0.000195867371224905,-8.64666305027584e-05,-7.08869530337975e-08,-4.1051865270873e-06,0.000116360529102415,-2.40319642973474e-06,6.56155378794639e-06,3.95549155914419e-07,-2.31064323835469e-16,-4.33489910201964e-05,-0.00378499178676893,-0.0554701795886495,1.668093421921e-05,0.000210981413780966,0.0787531037784807,0.00016759891512333,-2.79543975221406e-05,-3.7457270589362e-06,2.71149589145238e-06,0.000142574660175306,0.0911729589437563,-9.50993806448513e-06,4.5689498046515e-06,-5.08358005363276e-07,-1.11146057451427e-09,-3.08915668697356e-07,7.34498068667293e-06,-9.48793800621067e-07,2.13350454381061e-16,-0.00282329601285404,-2.51253863425343e-07,-1.01564114059235e-07,0.00057411074716319,1.89365938344626e-16,6.83588713613613e-07,4.93786748624001e-16,4.28424240872982e-05,5.33314220193431e-17,-1.24288945391082e-06,-4.13914921068819e-06,-6.55820325437173e-16,9.37021547179926e-16,1.14653876296499e-15,-7.71723693666445e-16,3.39828931824222e-07,4.8202851525493e-16,0.00024584413259912,-1.29574872954905e-16,-4.72760383119062e-15,1.07191134214793e-15,-0.000289961213615317,1.66924531851219e-15,5.83064394727867e-16,-2.99256664260847e-07,2.59691928952833e-16,4.72842439204439e-08,4.28058838664672e-16,2.6073497234522e-15,3.38820115608629e-15,-9.88267707775658e-16,-3.07277182975536e-15,0.457508002618528,-0.199220356788042,6.03588959521839e-07,8.08377074110834e-15,-3.88019344542783e-14,0.707106781186537,-2.04675284131502e-14,-2.60956407685312e-16,-4.87893801493802e-08,1.08557665779801e-07,2.81494533944968e-17,1.6107929125282e-15,3.08780778723872e-14,-1.28576081664845e-15,4.4815469585316e-16,9.31296075216529e-16
"t82",0.135155850999427,0.168772156757548,0.00551471856958419,0.0290437139047492,-0.00050725468497405,-5.78455135785971e-05,-0.000372927737606693,3.28861702185296e-05,-0.0011667001182922,-0.286672337675686,-0.00152660952116342,-0.000181936768042441,6.25883929767836e-05,0.304114195433688,0.00314598557156751,-0.00157615507813402,0.0145385959983302,5.80256312440729e-07,-1.25619580671322e-07,7.15559962857444e-05,-1.6689433976316e-06,0.0293903611888079,-0.000195867371224955,-8.64666305025477e-05,-7.0886953006397e-08,-4.10518652710067e-06,0.000116360529102313,-2.40319642950984e-06,6.56155378809297e-06,3.95549156099535e-07,1.50574840879829e-16,-4.33489910206056e-05,-0.00378499178676898,-0.0554701795886494,1.66809342189943e-05,0.000210981413781292,0.0787531037784806,0.000167598915123381,-2.79543975219196e-05,-3.74572705941241e-06,2.71149589164946e-06,0.000142574660175484,0.0911729589437557,-9.50993806447984e-06,4.56894980494003e-06,-5.08358004858071e-07,-1.11146214249959e-09,-3.08915668486511e-07,7.3449806888654e-06,-9.48793802157156e-07,-3.42245837597689e-16,-0.00282329601285364,-2.51253864080377e-07,-1.01564114198514e-07,0.000574110747161606,1.06096339755994e-16,6.8358871448868e-07,3.89703340065392e-16,4.28424240876815e-05,-5.98078525473406e-16,-1.2428894550553e-06,-4.13914921235317e-06,2.87941916335635e-16,4.65716692515756e-16,1.02750076216312e-15,-2.39022074231638e-15,3.39828930272435e-07,6.83330539267557e-16,0.000245844132601572,-9.71753771936981e-16,-4.90020689905007e-15,1.50241140034611e-15,-0.000289961213614437,6.6944008164388e-16,5.8347102523292e-15,-2.99256660590963e-07,8.1794186654971e-16,4.72842446836962e-08,-5.86934702904987e-16,-3.06985715277634e-16,3.04972672377139e-15,-7.81182932908229e-16,-4.81322720893288e-16,0.457508002618542,-0.199220356787936,6.03589039305241e-07,6.38712305424184e-15,1.74954692003102e-14,-0.707106781186558,1.40986481454304e-16,2.94578945184614e-15,-4.87893875492725e-08,1.08557669633944e-07,-1.23158709349608e-15,-1.52542216932274e-15,1.13659082146e-14,-1.32867536580695e-15,8.81053619567145e-16,4.7333478685526e-16
"t75",0.135135864974859,0.168673765545567,0.00550929117322131,0.0290067032683764,-0.000506580997012424,-5.77674274183926e-05,-0.00037213971340605,3.27869354627343e-05,-0.00116292222774643,-0.285457184521098,-0.00151922414072011,-0.000181016305733054,6.22656663707439e-05,0.302440202766757,0.00312830498671069,-0.00156638664182397,0.014447402447175,5.76258907461315e-07,-1.24750889868385e-07,7.10490290789191e-05,-1.65650779027029e-06,0.0291434375512644,-0.000194194177175449,-8.57173434986461e-05,-7.02622300407589e-08,-4.06770080322875e-06,0.000115204758985651,-2.37878958968153e-06,6.49375643192493e-06,3.91354425850212e-07,-7.15988486451415e-16,-4.27929461271184e-05,-0.00372795223955399,-0.0546150913353005,1.64178500008052e-05,0.000207592357686797,0.0774293931209476,0.000164596079028134,-2.74259432672151e-05,-3.67442772954101e-06,2.65693174975286e-06,0.00013954910835522,0.0892244063514173,-9.29858613644763e-06,4.45631537718376e-06,-4.9576529777602e-07,-1.08213997282152e-09,-3.00123592887539e-07,7.12019119364775e-06,-9.17299288496391e-07,9.96510792659654e-17,-0.00271739353528986,-2.41694131669601e-07,-9.74618713433792e-08,0.000549761006810147,-1.90999554351167e-16,6.52350863979355e-07,2.15881052759295e-15,4.04623835614123e-05,-4.7074100964581e-16,-1.17156709266074e-06,-3.89732124033047e-06,-4.9811929658815e-17,-1.38937822284634e-16,-1.05361081853152e-15,-1.08011772775151e-15,3.12703731730158e-07,8.9000370141906e-17,0.000223355807275339,-3.39645630230171e-16,2.50678813683564e-15,1.3540656108963e-15,-0.000256286161773468,-1.96307129352087e-15,-4.8521953577133e-15,-2.6077268673398e-07,-4.86139381166154e-16,3.82309734892606e-08,2.22283893500921e-15,1.06775735305628e-14,1.36803740937189e-15,1.31835928177379e-15,3.60131220347255e-15,-0.741486400520694,-0.449023807771753,-5.49363603100789e-06,4.09739771532792e-14,1.16993076353574e-14,-4.05730654296857e-14,-3.27747638722261e-14,-2.37976194456204e-15,-6.92065398347483e-08,1.38752456516954e-07,-3.5648282376874e-16,1.35102015716344e-15,-6.67521593555875e-14,-1.37465579578063e-15,1.05849304611805e-16,1.17518516344692e-15
"t16",0.132929984740674,0.157638016188779,0.00489129686551383,0.024745642937682,-0.000428858719742719,-4.87512117460231e-05,-0.000278402725013484,2.05444570198205e-05,-0.00069258790833605,-0.127627854343368,-0.000534463604135834,-5.70632108978682e-05,1.86158975675477e-05,0.0724187101087237,0.000685912440641348,-0.000180115206925909,0.00145982153117697,-1.02083133128477e-08,2.86006219640489e-09,-4.04867754114006e-06,2.19537597934057e-07,-0.00997849321844743,7.28924690374701e-05,3.4678531081021e-05,3.09178037297597e-08,2.10977364863599e-06,-8.40435670048568e-05,1.88360041089098e-06,-5.46945492598582e-06,-3.60898630401035e-07,6.81889240555717e-16,7.22410334407307e-05,0.0102395774287921,0.160871807754305,-5.19345483015334e-05,-0.000695844472278192,-0.300572734860217,-0.000794582708657145,0.000161320757408144,2.21960899847445e-05,-2.01624101407136e-05,-0.00135600924902297,-0.898738398118116,0.000116035366319312,-0.000124849097373595,1.46573690592739e-05,9.97930985100209e-08,-2.17626745221779e-05,0.000205824465276507,-1.6632599013856e-05,1.05592624238685e-16,-0.0333181346439441,-2.86618233362102e-06,-1.02253852850275e-06,0.00530665219662448,8.7316979041211e-17,5.6653501386313e-06,2.35725095489756e-15,0.00028889830904258,8.39830232818116e-17,-8.16139812553974e-06,-2.68014650441654e-05,-3.64521587227066e-17,7.4946438302354e-17,-6.04927440131756e-17,-5.34599682282773e-16,1.82929587016076e-06,1.1708105045456e-16,0.00124997430576192,2.16163583031977e-17,-8.5854454338148e-16,7.16951224297724e-17,-0.00136115381201584,-9.00114079899409e-18,-7.93316102169536e-17,-1.36517540807788e-06,2.02272654916391e-17,1.96398211725554e-07,-2.17051914512169e-16,1.66915096792501e-15,3.6298526673699e-16,2.93118896782064e-16,-1.8712195857033e-16,0.00170043625467143,-0.000193743929849538,-1.1441953948442e-05,-5.84796429134625e-16,1.00550247086815e-15,6.09596845477506e-16,-8.06299051350792e-16,3.04202443808586e-16,-2.18840731703652e-07,4.52433660963666e-07,-1.41891072221216e-16,6.61643303241587e-16,3.48332473976143e-15,-1.21211293954058e-15,1.03136358662997e-15,1.03268111855777e-15
"t58",0.134049561044696,0.162940806661181,0.00517050965008395,0.0265705898757422,-0.000461784320870906,-5.25535095331486e-05,-0.00031051550123061,2.30272717328932e-05,-0.000766232251703076,-0.100376735783199,3.19698050984321e-05,4.4261699326505e-05,-2.2922425598434e-05,-0.314475547829307,-0.00438351110926975,0.0168586257985386,-0.299570879090512,2.90342910648119e-06,-6.0613798747873e-07,0.000284980748402048,-5.10127997444964e-06,0.064517316814379,-0.000417205771290395,-0.000179796146128105,-1.43552200885372e-07,-7.90784902448844e-06,0.000203560207922992,-4.11363774173464e-06,1.1052460821386e-05,6.51006878479709e-07,-2.04421955493758e-16,-6.14518315089819e-05,-0.00466860839469987,-0.0667711752756495,1.95498716850664e-05,0.000241572863287257,0.0843315088533904,0.000157734119631053,-2.22688939342004e-05,-2.90196540278396e-06,1.51446990026433e-06,3.59687755072825e-05,0.0182454704706487,1.5139679115259e-06,-1.20780813403382e-05,1.47421459733603e-06,1.51163256197445e-08,-4.77677175699557e-06,6.24694522998491e-05,-7.78497390621745e-06,-8.55280247436124e-18,-0.267271688119864,1.46081266093364e-05,4.94188832428521e-07,-0.00104750005960523,5.96004731347645e-16,-1.77729826313906e-07,1.06689824263563e-15,3.68357348320052e-05,-5.89563663457168e-16,-1.16808514600522e-06,-4.05373424362325e-06,8.99555878158713e-16,6.08231140873775e-16,1.2155379984896e-15,1.19832389383541e-14,5.59343794256283e-07,-1.79494163269434e-14,0.397753382284945,8.22415027603727e-15,-2.9548479333371e-15,-1.08205833258536e-14,-0.000239531993619956,4.19531319033178e-14,-0.707106781186553,-2.78003392730561e-07,-3.41046266726706e-15,4.94532833071366e-08,6.89655184714876e-16,7.14907981103669e-15,-5.17252362456701e-17,2.95608847058055e-16,1.85506487293343e-16,0.000132107775956138,-1.52696839925329e-05,-3.54060547445856e-06,-1.17447261285468e-15,2.02687297987463e-16,-1.84447197119341e-15,-1.14731987659224e-15,-5.69024952895387e-16,-7.20980874414602e-08,1.53329262515848e-07,5.65691379164747e-16,5.07761425861154e-16,5.62050406216485e-15,-1.33699533457484e-15,9.4775668633996e-16,1.53971815958123e-15
"t59",0.134049561044696,0.162940806661181,0.00517050965008387,0.026570589875742,-0.000461784320870975,-5.25535095331903e-05,-0.000310515501230679,2.30272717329191e-05,-0.000766232251703079,-0.100376735783199,3.19698050986403e-05,4.42616993261685e-05,-2.29224255983949e-05,-0.314475547829307,-0.00438351110926991,0.0168586257985386,-0.299570879090512,2.9034291062169e-06,-6.06137987857566e-07,0.000284980748401951,-5.10127997414132e-06,0.0645173168143789,-0.000417205771290413,-0.000179796146128027,-1.43552200910389e-07,-7.90784902470262e-06,0.000203560207922821,-4.11363774138975e-06,1.10524608216124e-05,6.51006878720582e-07,-6.56440774161863e-17,-6.14518315091772e-05,-0.00466860839470003,-0.0667711752756492,1.95498716848832e-05,0.000241572863288156,0.08433150885339,0.000157734119630961,-2.2268893933984e-05,-2.90196540195375e-06,1.51446990024733e-06,3.59687755072188e-05,0.0182454704706486,1.51396791155126e-06,-1.20780813404631e-05,1.47421459584434e-06,1.51163258914543e-08,-4.77677175628909e-06,6.24694522970465e-05,-7.78497390676564e-06,6.01180276107122e-16,-0.267271688119866,1.46081266093259e-05,4.94188832340511e-07,-0.00104750005960484,8.45805978898346e-16,-1.77729826316838e-07,-1.53171752437763e-15,3.68357348326422e-05,4.65152033503383e-16,-1.1680851476398e-06,-4.05373425107621e-06,8.02412099082891e-16,3.36772374003462e-16,-8.6001180346278e-16,1.05405453748403e-14,5.59343804314133e-07,-1.98506503607843e-14,0.397753382284965,-5.33431740945146e-15,-2.98087002627443e-15,9.95959944954493e-15,-0.00023953199362013,-4.31802272629979e-14,0.707106781186542,-2.78003135461132e-07,3.82158509021753e-15,4.94532842782654e-08,-1.71057571177194e-15,2.50695978759116e-15,4.68419535536368e-16,2.77907230129212e-16,7.33561274335721e-16,0.00013210777594674,-1.52696839930254e-05,-3.54060546386287e-06,-1.03941556735647e-15,1.26729620594155e-15,3.49772602208015e-15,-7.28824098155017e-15,1.26266993396011e-15,-7.20980888605164e-08,1.53329264105252e-07,-2.40802894446812e-16,4.52192632970834e-16,-9.90874049477952e-15,-1.1080081739588e-15,9.63926911432917e-16,1.1788714745679e-15
"t49",0.134005254864815,0.162727537125647,0.00515903768498868,0.0264940279044354,-0.000460396762972914,-5.2392969512316e-05,-0.000309018854038424,2.28672674471874e-05,-0.000760505619830668,-0.0993842155952937,3.1606701883978e-05,4.3734720855667e-05,-2.26439835117713e-05,-0.310382288305155,-0.00432518397066322,0.0166096931907365,-0.295090350348938,2.85541295751051e-06,-5.96072794685695e-07,0.000280123366587595,-5.0094654670533e-06,0.0631941195751426,-0.000408491940085345,-0.000175981510283307,-1.40449634680002e-07,-7.73012952372468e-06,0.000198538658376518,-4.00961446377705e-06,1.07675419719701e-05,6.33728740070084e-07,1.06606875557509e-15,-5.94275822560731e-05,-0.00448304585427333,-0.0640450540521713,1.8729706265719e-05,0.000231214050032408,0.0805128460999223,0.000150015238690375,-2.11047302007994e-05,-2.74895598688668e-06,1.42887147436837e-06,3.37942651564286e-05,0.0171323779036694,1.41684208586638e-06,-1.11901271725974e-05,1.36513224806716e-06,1.38984722844239e-08,-4.34911707102163e-06,5.62641437779548e-05,-6.91269425826179e-06,-6.92342849846691e-17,-0.231015350515201,1.25800251479579e-05,4.18391340036282e-07,-0.000872651898105764,1.34956206062508e-16,-1.43758319976401e-07,-1.25832605281153e-15,2.62873100387026e-05,-2.21015416682598e-17,-8.0697614099571e-07,-2.74425929273146e-06,-1.61767267070195e-15,-4.55363121127795e-16,-3.06543366594476e-16,-2.25669244166496e-14,2.15322594854303e-08,3.97009098097392e-14,-0.826428941480385,-2.80121883679378e-15,5.39735013715084e-15,7.75456131590981e-16,-0.000574441757472182,1.29610901110572e-15,1.2124515316844e-14,-5.33272774163708e-07,5.09636751187895e-16,7.16009294254224e-08,-1.07289994866192e-16,-9.96230259984884e-15,1.40100523617505e-16,6.73368950657728e-16,-6.39274440712198e-16,0.000162176106258394,-1.86279587096483e-05,-4.31375313260374e-06,1.35945323752546e-16,5.71582053162092e-16,-1.27317457408739e-15,6.28256586090664e-15,4.75091245194236e-17,-8.48683120550587e-08,1.78117496607621e-07,-8.2381245289217e-16,2.9808952570974e-15,5.68989300120393e-15,-7.40341523576019e-16,1.42459976018273e-15,8.28468907146397e-16
"t29",0.133561594021179,0.160581445838655,0.00504306655744671,0.0257174547006254,-0.000446313862561243,-5.07631686014129e-05,-0.000293687542546391,2.12101536369164e-05,-0.000701034936966631,-0.0889461126961882,2.77582878798442e-05,3.81331704503163e-05,-1.96804674012343e-05,-0.266614486880328,-0.00370054406638988,0.0139228083274382,-0.246679412659017,2.3321410173573e-06,-4.86343523241581e-07,0.000227041832240183,-4.00085925954794e-06,0.0484551867323261,-0.000311225411963754,-0.000133322709197388,-1.05676791387317e-07,-5.72863349868099e-06,0.00014127773737657,-2.81923327915687e-06,7.49790617599516e-06,4.34579868982263e-07,3.90947047705285e-16,-3.52024911448122e-05,-0.00216805164865655,-0.0298043243099195,8.35495736830354e-06,9.94055750412907e-05,0.0311693951197887,4.786259562345e-05,-5.34967704760265e-06,-6.7191926867212e-07,2.36195209015448e-07,2.6419315657909e-06,0.0011228723881447,-1.24529595990306e-08,2.84394137200151e-06,-3.65414281655399e-07,-6.4850022531914e-09,3.38896313021912e-06,-6.69463021468812e-05,1.29087120771431e-05,-3.62458410267583e-16,0.894835782976483,-5.36689052260206e-05,-2.8289439535913e-06,0.00967912210654269,-1.47864319771711e-15,7.47386291033374e-06,9.41303354814776e-16,0.000270737038124645,-1.17137589639584e-15,-7.42762672716799e-06,-2.40419321885635e-05,-3.03752401197671e-16,1.54896960485914e-16,7.31325033560057e-16,-9.21624317629397e-16,1.43414189608539e-06,-3.06989849728473e-16,0.0243825726964886,1.18126160021035e-16,5.47172819263671e-16,-3.14707261410831e-17,-0.000993538837615383,-9.97649396456917e-17,7.69719158960487e-16,-9.89810117113811e-07,-1.67042704730201e-16,1.39967331382858e-07,-3.96285070574318e-16,-5.76013007016025e-16,5.34014865301883e-16,-4.13878993897403e-16,-3.4809162160562e-17,0.000302792377846466,-3.46200730645798e-05,-8.009254304088e-06,-4.76690914563168e-16,5.64999664991368e-16,5.43765557905331e-16,-1.3601317133507e-15,1.6719400725077e-16,-1.52581919098129e-07,3.1517236134151e-07,-3.56496758963117e-16,6.51659893467015e-16,3.71924713249427e-15,-1.06720253708222e-15,8.71086617092025e-16,3.85793515940343e-16
"t54",0.131157353993259,0.148393236638368,0.00435276395096813,0.0209225951465559,-0.000358743974827569,-4.0599452244279e-05,-0.000186684625735331,7.38387908491491e-06,-0.000175788928932509,0.0592473718658306,0.000606078023058718,7.946576594863e-05,-2.76892343108355e-05,-0.103400975082235,-0.000707214347609436,-0.00835731424428838,0.172282494764336,-3.27789791702734e-06,6.82932355749456e-07,-0.000145076694304271,1.75529374648507e-05,-0.626908034985591,0.00530942487525562,0.00307129607119692,3.99469877960429e-06,-0.000934410257061222,0.00203263226325284,-3.37158781567031e-05,7.98278570230223e-05,4.00366879593595e-06,-8.62780925971966e-16,-0.000183195623135024,-0.00802254025677571,-0.102265706267832,2.59564937972707e-05,0.000277316597478401,0.0506732590111971,-0.00012073001593814,9.95789032754397e-05,1.65286891721845e-05,2.08936147494519e-05,7.46577829589649e-05,0.0125774842619192,1.67922744637401e-05,-4.57092996672737e-05,5.47336393141878e-06,4.54744468220524e-08,-1.15702123939191e-05,0.000120893104392877,-1.05156350764592e-05,2.50325725155692e-16,-0.00661844705692416,-3.07361026055982e-06,-8.1040929768525e-07,0.0039408815787667,2.61977931172366e-16,4.57718797977256e-06,-1.62472243639212e-15,0.000245374181987444,1.82455367895424e-16,-6.98163781768924e-06,-2.30147240758796e-05,5.27233612457112e-16,1.57323563061312e-15,-6.62789981298068e-17,-4.9209181245474e-16,1.65327411292977e-06,1.02676071100809e-15,0.00038666231725653,-7.71275972696741e-15,7.05507554200272e-13,-0.707106781186548,-0.00127657783135165,4.49016835892185e-15,1.10141439587251e-14,-1.28935937252231e-06,1.1225507556945e-16,1.89248803016375e-07,1.44080920512237e-15,-1.96589564010382e-15,1.08252434012887e-15,2.45588523132326e-16,4.86033924947848e-16,0.000158730782478943,-1.82458954119472e-05,-1.14315894662598e-05,-4.55259246548726e-16,1.25451788714276e-15,-1.59367313885476e-16,-2.4212841399814e-15,-2.56064770630338e-16,-2.21513053998618e-07,4.60930290064786e-07,-3.30778925685613e-16,1.78661576205069e-15,-2.39391839684799e-15,-8.69636589279451e-16,7.57997796479086e-16,8.61247214524895e-16
"t55",0.131157353993259,0.148393236638368,0.00435276395096812,0.020922595146556,-0.00035874397482764,-4.05994522443276e-05,-0.000186684625735317,7.38387908493646e-06,-0.000175788928932517,0.0592473718658308,0.000606078023059269,7.94657659485085e-05,-2.76892343111009e-05,-0.103400975082235,-0.000707214347609413,-0.00835731424428839,0.172282494764336,-3.2778979171765e-06,6.82932355704379e-07,-0.000145076694304478,1.75529374646093e-05,-0.626908034985591,0.00530942487525575,0.0030712960711973,3.99469877966728e-06,-0.000934410257060868,0.00203263226325299,-3.37158781567968e-05,7.98278570228486e-05,4.0036687959735e-06,-1.14727557603269e-15,-0.000183195623135164,-0.00802254025677572,-0.102265706267831,2.59564937964122e-05,0.000277316597477141,0.050673259011197,-0.000120730015938449,9.95789032753033e-05,1.65286891722394e-05,2.089361474961e-05,7.46577829595102e-05,0.0125774842619193,1.67922744639445e-05,-4.57092996677221e-05,5.47336393194732e-06,4.54744473904789e-08,-1.15702123947028e-05,0.000120893104393168,-1.05156350758669e-05,-2.62302354606815e-16,-0.00661844705692413,-3.07361026110524e-06,-8.10409297688281e-07,0.00394088157876595,1.30138459208559e-16,4.57718797997364e-06,3.06943928960112e-15,0.000245374181986309,-6.15518771549523e-16,-6.98163781858269e-06,-2.30147240780553e-05,-6.31556322911993e-16,-1.14464594467444e-15,7.07063543389963e-16,2.57742459047506e-16,1.65327411143092e-06,-7.42629431681228e-16,0.000386662317257903,7.64731747754953e-15,-7.05147459708428e-13,0.707106781186548,-0.00127657783125211,-4.40554064852217e-15,-1.06015570005811e-14,-1.28935940959545e-06,1.73275339587759e-16,1.89248808733669e-07,-2.23940755559125e-15,7.8190634428843e-16,-5.55142665120581e-16,1.32447403454571e-16,-3.58072149707294e-16,0.000158730782477721,-1.82458954057493e-05,-1.143158945828e-05,-6.07427159286453e-16,2.89596213343345e-16,2.64688289373762e-16,4.44479042332273e-16,7.84656609919433e-16,-2.2151305411969e-07,4.60930289856955e-07,-1.17948163846546e-16,1.14125739679592e-15,2.0122792321331e-16,-1.31516634131451e-15,1.30278111047009e-15,1.02776377334895e-15
