"accepted_species","0","1"
"t40",0.28302951900689,0.71697048099311
"t99",0.000465362714624712,0.999534637285375
"t79",0.0620858964563637,0.937914103543636
"t89",0.0409403855754414,0.959059614424559
"t14",0.53234393009582,0.46765606990418
"t56",0.645081809214695,0.354918190785305
"t23",0.314794187557036,0.685205812442964
"t45",0.2584415503021,0.7415584496979
"t65",0.853565135072805,0.146434864927195
"t28",0.539577072753368,0.460422927246632
