accepted_species,0,1
t40,0.36271375381263304,0.637286246187367
t99,0.35169814062452176,0.6483018593754782
t79,0.34793853401446206,0.6520614659855379
t89,0.38209269092009657,0.6179073090799034
t14,0.364071553774592,0.635928446225408
t56,0.3507533874929154,0.6492466125070846
t23,0.34946696214712125,0.6505330378528787
t45,0.4931141660750161,0.5068858339249839
t65,0.49096977749280923,0.5090302225071908
t28,0.36977094421144774,0.6302290557885523
