"accepted_species","0","1"
"t40","0.131469664348071","0.868530335651929"
"t99","0.000263378768468112","0.999736621231532"
"t79","0.00805383928157459","0.991946160718425"
"t89","0.00875389596296602","0.991246104037034"
"t14","0.729039665194027","0.270960334805973"
"t56","0.726404402591292","0.273595597408708"
"t23","0.125539583451415","0.874460416548585"
"t45","0.105059833296672","0.894940166703328"
"t65","0.986734129118013","0.0132658708819869"
"t28","0.620795105692932","0.379204894307068"
