"","t38","t56","t57","t7","t80","t81","t53","t54","t47","t18","t3","t5","t29","t76","t77","t6","t51","t52","t20","t36","t37","t33","t49","t50","t21","t99","t100","t17","t25","t26","t82","t83","t40","t16","t89","t90","t12","t14","t15","t9","t39","t48","t58","t87","t88","t19","t84","t91","t92","t67","t70","t71","t8","t85","t86","t43","t44","t30","t41","t42","t27","t13","t68","t69","t55","t22","t74","t75","t45","t46","t2","t11","t28","t34","t35","t61","t62","t78","t79","t4","t1","t97","t98","t23","t24","t31","t32","t63","t64","t95","t96","t10","t59","t60","t72","t73","t65","t66","t93","t94"
"t38",0,0.810358969,0.810358969,2.1801694218,2.9864834333,2.9864834333,6.72727218754,6.72727218754,6.72727218754,6.72727218754,6.72727218757,6.72727218785,6.72727218745,6.72727218745,6.72727218745,6.72727218755,6.72727218744,6.72727218744,6.72727218754,6.72727218742,6.72727218742,6.72727218745,6.72727218745,6.72727218745,6.72727218745,6.727272187424,6.727272187424,6.72727218684,6.72727218684,6.72727218684,6.72727218689,6.72727218689,6.72727218694,6.72727218694,6.72727218751,6.72727218751,6.72727218755,6.72727218754,6.72727218754,6.72727218754,6.72727218744,6.72727218744,6.72727218744,6.7272721875,6.7272721875,6.72727218754,6.72727218758,6.72727218758,6.72727218758,6.72727218744,6.72727218746,6.72727218746,6.7272721878,6.72727218709,6.72727218709,6.72727218754,6.72727218754,6.72727218754,7.7865600449,7.7865600449,7.7865600449,7.78656004474,7.78656004474,7.78656004474,7.78656004474,7.78656004474,7.78656004474,7.78656004474,7.78656004474,7.78656004474,7.78656004465,7.78656004475,7.78656004475,7.78656004484,7.78656004484,7.78656004465,7.78656004465,7.78656004465,7.78656004465,7.78656004435,7.7865600449,7.78656004492,7.78656004492,7.7865600447,7.7865600447,7.7865600447,7.7865600447,7.7865600447,7.7865600447,7.78656004467,7.78656004467,7.78656004473,7.78656004473,7.78656004473,7.78656004473,7.78656004473,7.7865600446,7.7865600446,7.78656004466,7.78656004466
"t56",0.810358969,0,0.5071775216,2.1801694218,2.9864834333,2.9864834333,6.72727218754,6.72727218754,6.72727218754,6.72727218754,6.72727218757,6.72727218785,6.72727218745,6.72727218745,6.72727218745,6.72727218755,6.72727218744,6.72727218744,6.72727218754,6.72727218742,6.72727218742,6.72727218745,6.72727218745,6.72727218745,6.72727218745,6.727272187424,6.727272187424,6.72727218684,6.72727218684,6.72727218684,6.72727218689,6.72727218689,6.72727218694,6.72727218694,6.72727218751,6.72727218751,6.72727218755,6.72727218754,6.72727218754,6.72727218754,6.72727218744,6.72727218744,6.72727218744,6.7272721875,6.7272721875,6.72727218754,6.72727218758,6.72727218758,6.72727218758,6.72727218744,6.72727218746,6.72727218746,6.7272721878,6.72727218709,6.72727218709,6.72727218754,6.72727218754,6.72727218754,7.7865600449,7.7865600449,7.7865600449,7.78656004474,7.78656004474,7.78656004474,7.78656004474,7.78656004474,7.78656004474,7.78656004474,7.78656004474,7.78656004474,7.78656004465,7.78656004475,7.78656004475,7.78656004484,7.78656004484,7.78656004465,7.78656004465,7.78656004465,7.78656004465,7.78656004435,7.7865600449,7.78656004492,7.78656004492,7.7865600447,7.7865600447,7.7865600447,7.7865600447,7.7865600447,7.7865600447,7.78656004467,7.78656004467,7.78656004473,7.78656004473,7.78656004473,7.78656004473,7.78656004473,7.7865600446,7.7865600446,7.78656004466,7.78656004466
"t57",0.810358969,0.5071775216,0,2.1801694218,2.9864834333,2.9864834333,6.72727218754,6.72727218754,6.72727218754,6.72727218754,6.72727218757,6.72727218785,6.72727218745,6.72727218745,6.72727218745,6.72727218755,6.72727218744,6.72727218744,6.72727218754,6.72727218742,6.72727218742,6.72727218745,6.72727218745,6.72727218745,6.72727218745,6.727272187424,6.727272187424,6.72727218684,6.72727218684,6.72727218684,6.72727218689,6.72727218689,6.72727218694,6.72727218694,6.72727218751,6.72727218751,6.72727218755,6.72727218754,6.72727218754,6.72727218754,6.72727218744,6.72727218744,6.72727218744,6.7272721875,6.7272721875,6.72727218754,6.72727218758,6.72727218758,6.72727218758,6.72727218744,6.72727218746,6.72727218746,6.7272721878,6.72727218709,6.72727218709,6.72727218754,6.72727218754,6.72727218754,7.7865600449,7.7865600449,7.7865600449,7.78656004474,7.78656004474,7.78656004474,7.78656004474,7.78656004474,7.78656004474,7.78656004474,7.78656004474,7.78656004474,7.78656004465,7.78656004475,7.78656004475,7.78656004484,7.78656004484,7.78656004465,7.78656004465,7.78656004465,7.78656004465,7.78656004435,7.7865600449,7.78656004492,7.78656004492,7.7865600447,7.7865600447,7.7865600447,7.7865600447,7.7865600447,7.7865600447,7.78656004467,7.78656004467,7.78656004473,7.78656004473,7.78656004473,7.78656004473,7.78656004473,7.7865600446,7.7865600446,7.78656004466,7.78656004466
"t7",2.1801694218,2.1801694218,2.1801694218,0,2.9864834335,2.9864834335,6.72727218774,6.72727218774,6.72727218774,6.72727218774,6.72727218777,6.72727218805,6.72727218765,6.72727218765,6.72727218765,6.72727218775,6.72727218764,6.72727218764,6.72727218774,6.72727218762,6.72727218762,6.72727218765,6.72727218765,6.72727218765,6.72727218765,6.727272187624,6.727272187624,6.72727218704,6.72727218704,6.72727218704,6.72727218709,6.72727218709,6.72727218714,6.72727218714,6.72727218771,6.72727218771,6.72727218775,6.72727218774,6.72727218774,6.72727218774,6.72727218764,6.72727218764,6.72727218764,6.7272721877,6.7272721877,6.72727218774,6.72727218778,6.72727218778,6.72727218778,6.72727218764,6.72727218766,6.72727218766,6.727272188,6.72727218729,6.72727218729,6.72727218774,6.72727218774,6.72727218774,7.7865600451,7.7865600451,7.7865600451,7.78656004494,7.78656004494,7.78656004494,7.78656004494,7.78656004494,7.78656004494,7.78656004494,7.78656004494,7.78656004494,7.78656004485,7.78656004495,7.78656004495,7.78656004504,7.78656004504,7.78656004485,7.78656004485,7.78656004485,7.78656004485,7.78656004455,7.7865600451,7.78656004512,7.78656004512,7.7865600449,7.7865600449,7.7865600449,7.7865600449,7.7865600449,7.7865600449,7.78656004487,7.78656004487,7.78656004493,7.78656004493,7.78656004493,7.78656004493,7.78656004493,7.7865600448,7.7865600448,7.78656004486,7.78656004486
"t80",2.9864834333,2.9864834333,2.9864834333,2.9864834335,0,0.1672017976,6.72727218784,6.72727218784,6.72727218784,6.72727218784,6.72727218787,6.72727218815,6.72727218775,6.72727218775,6.72727218775,6.72727218785,6.72727218774,6.72727218774,6.72727218784,6.72727218772,6.72727218772,6.72727218775,6.72727218775,6.72727218775,6.72727218775,6.727272187724,6.727272187724,6.72727218714,6.72727218714,6.72727218714,6.72727218719,6.72727218719,6.72727218724,6.72727218724,6.72727218781,6.72727218781,6.72727218785,6.72727218784,6.72727218784,6.72727218784,6.72727218774,6.72727218774,6.72727218774,6.7272721878,6.7272721878,6.72727218784,6.72727218788,6.72727218788,6.72727218788,6.72727218774,6.72727218776,6.72727218776,6.7272721881,6.72727218739,6.72727218739,6.72727218784,6.72727218784,6.72727218784,7.7865600452,7.7865600452,7.7865600452,7.78656004504,7.78656004504,7.78656004504,7.78656004504,7.78656004504,7.78656004504,7.78656004504,7.78656004504,7.78656004504,7.78656004495,7.78656004505,7.78656004505,7.78656004514,7.78656004514,7.78656004495,7.78656004495,7.78656004495,7.78656004495,7.78656004465,7.7865600452,7.78656004522,7.78656004522,7.786560045,7.786560045,7.786560045,7.786560045,7.786560045,7.786560045,7.78656004497,7.78656004497,7.78656004503,7.78656004503,7.78656004503,7.78656004503,7.78656004503,7.7865600449,7.7865600449,7.78656004496,7.78656004496
"t81",2.9864834333,2.9864834333,2.9864834333,2.9864834335,0.1672017976,0,6.72727218784,6.72727218784,6.72727218784,6.72727218784,6.72727218787,6.72727218815,6.72727218775,6.72727218775,6.72727218775,6.72727218785,6.72727218774,6.72727218774,6.72727218784,6.72727218772,6.72727218772,6.72727218775,6.72727218775,6.72727218775,6.72727218775,6.727272187724,6.727272187724,6.72727218714,6.72727218714,6.72727218714,6.72727218719,6.72727218719,6.72727218724,6.72727218724,6.72727218781,6.72727218781,6.72727218785,6.72727218784,6.72727218784,6.72727218784,6.72727218774,6.72727218774,6.72727218774,6.7272721878,6.7272721878,6.72727218784,6.72727218788,6.72727218788,6.72727218788,6.72727218774,6.72727218776,6.72727218776,6.7272721881,6.72727218739,6.72727218739,6.72727218784,6.72727218784,6.72727218784,7.7865600452,7.7865600452,7.7865600452,7.78656004504,7.78656004504,7.78656004504,7.78656004504,7.78656004504,7.78656004504,7.78656004504,7.78656004504,7.78656004504,7.78656004495,7.78656004505,7.78656004505,7.78656004514,7.78656004514,7.78656004495,7.78656004495,7.78656004495,7.78656004495,7.78656004465,7.7865600452,7.78656004522,7.78656004522,7.786560045,7.786560045,7.786560045,7.786560045,7.786560045,7.786560045,7.78656004497,7.78656004497,7.78656004503,7.78656004503,7.78656004503,7.78656004503,7.78656004503,7.7865600449,7.7865600449,7.78656004496,7.78656004496
"t53",6.72727218754,6.72727218754,6.72727218754,6.72727218774,6.72727218784,6.72727218784,0,0.6255627924,0.7058747662,1.2724166964,2.42530438403,2.42530438431,2.42530438391,2.42530438391,2.42530438391,2.42530438401,3.2059548483,3.2059548483,3.2059548484,3.20595484828,3.20595484828,3.20595484831,3.20595484831,3.20595484831,3.20595484831,3.205954848284,3.205954848284,6.6129551877,6.6129551877,6.6129551877,6.61295518775,6.61295518775,6.6129551878,6.6129551878,6.61295518837,6.61295518837,6.61295518841,6.6129551884,6.6129551884,6.6129551884,6.6129551883,6.6129551883,6.6129551883,6.61295518836,6.61295518836,6.6129551884,6.61295518844,6.61295518844,6.61295518844,6.6129551883,6.61295518832,6.61295518832,6.61295518866,6.61295518795,6.61295518795,6.6129551884,6.6129551884,6.6129551884,7.78656004544,7.78656004544,7.78656004544,7.78656004528,7.78656004528,7.78656004528,7.78656004528,7.78656004528,7.78656004528,7.78656004528,7.78656004528,7.78656004528,7.78656004519,7.78656004529,7.78656004529,7.78656004538,7.78656004538,7.78656004519,7.78656004519,7.78656004519,7.78656004519,7.78656004489,7.78656004544,7.78656004546,7.78656004546,7.78656004524,7.78656004524,7.78656004524,7.78656004524,7.78656004524,7.78656004524,7.78656004521,7.78656004521,7.78656004527,7.78656004527,7.78656004527,7.78656004527,7.78656004527,7.78656004514,7.78656004514,7.7865600452,7.7865600452
"t54",6.72727218754,6.72727218754,6.72727218754,6.72727218774,6.72727218784,6.72727218784,0.6255627924,0,0.7058747662,1.2724166964,2.42530438403,2.42530438431,2.42530438391,2.42530438391,2.42530438391,2.42530438401,3.2059548483,3.2059548483,3.2059548484,3.20595484828,3.20595484828,3.20595484831,3.20595484831,3.20595484831,3.20595484831,3.205954848284,3.205954848284,6.6129551877,6.6129551877,6.6129551877,6.61295518775,6.61295518775,6.6129551878,6.6129551878,6.61295518837,6.61295518837,6.61295518841,6.6129551884,6.6129551884,6.6129551884,6.6129551883,6.6129551883,6.6129551883,6.61295518836,6.61295518836,6.6129551884,6.61295518844,6.61295518844,6.61295518844,6.6129551883,6.61295518832,6.61295518832,6.61295518866,6.61295518795,6.61295518795,6.6129551884,6.6129551884,6.6129551884,7.78656004544,7.78656004544,7.78656004544,7.78656004528,7.78656004528,7.78656004528,7.78656004528,7.78656004528,7.78656004528,7.78656004528,7.78656004528,7.78656004528,7.78656004519,7.78656004529,7.78656004529,7.78656004538,7.78656004538,7.78656004519,7.78656004519,7.78656004519,7.78656004519,7.78656004489,7.78656004544,7.78656004546,7.78656004546,7.78656004524,7.78656004524,7.78656004524,7.78656004524,7.78656004524,7.78656004524,7.78656004521,7.78656004521,7.78656004527,7.78656004527,7.78656004527,7.78656004527,7.78656004527,7.78656004514,7.78656004514,7.7865600452,7.7865600452
"t47",6.72727218754,6.72727218754,6.72727218754,6.72727218774,6.72727218784,6.72727218784,0.7058747662,0.7058747662,0,1.2724166964,2.42530438403,2.42530438431,2.42530438391,2.42530438391,2.42530438391,2.42530438401,3.2059548483,3.2059548483,3.2059548484,3.20595484828,3.20595484828,3.20595484831,3.20595484831,3.20595484831,3.20595484831,3.205954848284,3.205954848284,6.6129551877,6.6129551877,6.6129551877,6.61295518775,6.61295518775,6.6129551878,6.6129551878,6.61295518837,6.61295518837,6.61295518841,6.6129551884,6.6129551884,6.6129551884,6.6129551883,6.6129551883,6.6129551883,6.61295518836,6.61295518836,6.6129551884,6.61295518844,6.61295518844,6.61295518844,6.6129551883,6.61295518832,6.61295518832,6.61295518866,6.61295518795,6.61295518795,6.6129551884,6.6129551884,6.6129551884,7.78656004544,7.78656004544,7.78656004544,7.78656004528,7.78656004528,7.78656004528,7.78656004528,7.78656004528,7.78656004528,7.78656004528,7.78656004528,7.78656004528,7.78656004519,7.78656004529,7.78656004529,7.78656004538,7.78656004538,7.78656004519,7.78656004519,7.78656004519,7.78656004519,7.78656004489,7.78656004544,7.78656004546,7.78656004546,7.78656004524,7.78656004524,7.78656004524,7.78656004524,7.78656004524,7.78656004524,7.78656004521,7.78656004521,7.78656004527,7.78656004527,7.78656004527,7.78656004527,7.78656004527,7.78656004514,7.78656004514,7.7865600452,7.7865600452
"t18",6.72727218754,6.72727218754,6.72727218754,6.72727218774,6.72727218784,6.72727218784,1.2724166964,1.2724166964,1.2724166964,0,2.42530438403,2.42530438431,2.42530438391,2.42530438391,2.42530438391,2.42530438401,3.2059548483,3.2059548483,3.2059548484,3.20595484828,3.20595484828,3.20595484831,3.20595484831,3.20595484831,3.20595484831,3.205954848284,3.205954848284,6.6129551877,6.6129551877,6.6129551877,6.61295518775,6.61295518775,6.6129551878,6.6129551878,6.61295518837,6.61295518837,6.61295518841,6.6129551884,6.6129551884,6.6129551884,6.6129551883,6.6129551883,6.6129551883,6.61295518836,6.61295518836,6.6129551884,6.61295518844,6.61295518844,6.61295518844,6.6129551883,6.61295518832,6.61295518832,6.61295518866,6.61295518795,6.61295518795,6.6129551884,6.6129551884,6.6129551884,7.78656004544,7.78656004544,7.78656004544,7.78656004528,7.78656004528,7.78656004528,7.78656004528,7.78656004528,7.78656004528,7.78656004528,7.78656004528,7.78656004528,7.78656004519,7.78656004529,7.78656004529,7.78656004538,7.78656004538,7.78656004519,7.78656004519,7.78656004519,7.78656004519,7.78656004489,7.78656004544,7.78656004546,7.78656004546,7.78656004524,7.78656004524,7.78656004524,7.78656004524,7.78656004524,7.78656004524,7.78656004521,7.78656004521,7.78656004527,7.78656004527,7.78656004527,7.78656004527,7.78656004527,7.78656004514,7.78656004514,7.7865600452,7.7865600452
"t3",6.72727218757,6.72727218757,6.72727218757,6.72727218777,6.72727218787,6.72727218787,2.42530438403,2.42530438403,2.42530438403,2.42530438403,0,2.32760641228,2.32760641188,2.32760641188,2.32760641188,2.32760641198,3.20595484833,3.20595484833,3.20595484843,3.20595484831,3.20595484831,3.20595484834,3.20595484834,3.20595484834,3.20595484834,3.205954848314,3.205954848314,6.61295518773,6.61295518773,6.61295518773,6.61295518778,6.61295518778,6.61295518783,6.61295518783,6.6129551884,6.6129551884,6.61295518844,6.61295518843,6.61295518843,6.61295518843,6.61295518833,6.61295518833,6.61295518833,6.61295518839,6.61295518839,6.61295518843,6.61295518847,6.61295518847,6.61295518847,6.61295518833,6.61295518835,6.61295518835,6.61295518869,6.61295518798,6.61295518798,6.61295518843,6.61295518843,6.61295518843,7.78656004547,7.78656004547,7.78656004547,7.78656004531,7.78656004531,7.78656004531,7.78656004531,7.78656004531,7.78656004531,7.78656004531,7.78656004531,7.78656004531,7.78656004522,7.78656004532,7.78656004532,7.78656004541,7.78656004541,7.78656004522,7.78656004522,7.78656004522,7.78656004522,7.78656004492,7.78656004547,7.78656004549,7.78656004549,7.78656004527,7.78656004527,7.78656004527,7.78656004527,7.78656004527,7.78656004527,7.78656004524,7.78656004524,7.7865600453,7.7865600453,7.7865600453,7.7865600453,7.7865600453,7.78656004517,7.78656004517,7.78656004523,7.78656004523
"t5",6.72727218785,6.72727218785,6.72727218785,6.72727218805,6.72727218815,6.72727218815,2.42530438431,2.42530438431,2.42530438431,2.42530438431,2.32760641228,0,2.2702656116,2.2702656116,2.2702656116,2.2702656117,3.20595484861,3.20595484861,3.20595484871,3.20595484859,3.20595484859,3.20595484862,3.20595484862,3.20595484862,3.20595484862,3.205954848594,3.205954848594,6.61295518801,6.61295518801,6.61295518801,6.61295518806,6.61295518806,6.61295518811,6.61295518811,6.61295518868,6.61295518868,6.61295518872,6.61295518871,6.61295518871,6.61295518871,6.61295518861,6.61295518861,6.61295518861,6.61295518867,6.61295518867,6.61295518871,6.61295518875,6.61295518875,6.61295518875,6.61295518861,6.61295518863,6.61295518863,6.61295518897,6.61295518826,6.61295518826,6.61295518871,6.61295518871,6.61295518871,7.78656004575,7.78656004575,7.78656004575,7.78656004559,7.78656004559,7.78656004559,7.78656004559,7.78656004559,7.78656004559,7.78656004559,7.78656004559,7.78656004559,7.7865600455,7.7865600456,7.7865600456,7.78656004569,7.78656004569,7.7865600455,7.7865600455,7.7865600455,7.7865600455,7.7865600452,7.78656004575,7.78656004577,7.78656004577,7.78656004555,7.78656004555,7.78656004555,7.78656004555,7.78656004555,7.78656004555,7.78656004552,7.78656004552,7.78656004558,7.78656004558,7.78656004558,7.78656004558,7.78656004558,7.78656004545,7.78656004545,7.78656004551,7.78656004551
"t29",6.72727218745,6.72727218745,6.72727218745,6.72727218765,6.72727218775,6.72727218775,2.42530438391,2.42530438391,2.42530438391,2.42530438391,2.32760641188,2.2702656116,0,1.0339587436,1.0339587436,2.1930087619,3.20595484821,3.20595484821,3.20595484831,3.20595484819,3.20595484819,3.20595484822,3.20595484822,3.20595484822,3.20595484822,3.205954848194,3.205954848194,6.61295518761,6.61295518761,6.61295518761,6.61295518766,6.61295518766,6.61295518771,6.61295518771,6.61295518828,6.61295518828,6.61295518832,6.61295518831,6.61295518831,6.61295518831,6.61295518821,6.61295518821,6.61295518821,6.61295518827,6.61295518827,6.61295518831,6.61295518835,6.61295518835,6.61295518835,6.61295518821,6.61295518823,6.61295518823,6.61295518857,6.61295518786,6.61295518786,6.61295518831,6.61295518831,6.61295518831,7.78656004535,7.78656004535,7.78656004535,7.78656004519,7.78656004519,7.78656004519,7.78656004519,7.78656004519,7.78656004519,7.78656004519,7.78656004519,7.78656004519,7.7865600451,7.7865600452,7.7865600452,7.78656004529,7.78656004529,7.7865600451,7.7865600451,7.7865600451,7.7865600451,7.7865600448,7.78656004535,7.78656004537,7.78656004537,7.78656004515,7.78656004515,7.78656004515,7.78656004515,7.78656004515,7.78656004515,7.78656004512,7.78656004512,7.78656004518,7.78656004518,7.78656004518,7.78656004518,7.78656004518,7.78656004505,7.78656004505,7.78656004511,7.78656004511
"t76",6.72727218745,6.72727218745,6.72727218745,6.72727218765,6.72727218775,6.72727218775,2.42530438391,2.42530438391,2.42530438391,2.42530438391,2.32760641188,2.2702656116,1.0339587436,0,0.2228237174,2.1930087619,3.20595484821,3.20595484821,3.20595484831,3.20595484819,3.20595484819,3.20595484822,3.20595484822,3.20595484822,3.20595484822,3.205954848194,3.205954848194,6.61295518761,6.61295518761,6.61295518761,6.61295518766,6.61295518766,6.61295518771,6.61295518771,6.61295518828,6.61295518828,6.61295518832,6.61295518831,6.61295518831,6.61295518831,6.61295518821,6.61295518821,6.61295518821,6.61295518827,6.61295518827,6.61295518831,6.61295518835,6.61295518835,6.61295518835,6.61295518821,6.61295518823,6.61295518823,6.61295518857,6.61295518786,6.61295518786,6.61295518831,6.61295518831,6.61295518831,7.78656004535,7.78656004535,7.78656004535,7.78656004519,7.78656004519,7.78656004519,7.78656004519,7.78656004519,7.78656004519,7.78656004519,7.78656004519,7.78656004519,7.7865600451,7.7865600452,7.7865600452,7.78656004529,7.78656004529,7.7865600451,7.7865600451,7.7865600451,7.7865600451,7.7865600448,7.78656004535,7.78656004537,7.78656004537,7.78656004515,7.78656004515,7.78656004515,7.78656004515,7.78656004515,7.78656004515,7.78656004512,7.78656004512,7.78656004518,7.78656004518,7.78656004518,7.78656004518,7.78656004518,7.78656004505,7.78656004505,7.78656004511,7.78656004511
"t77",6.72727218745,6.72727218745,6.72727218745,6.72727218765,6.72727218775,6.72727218775,2.42530438391,2.42530438391,2.42530438391,2.42530438391,2.32760641188,2.2702656116,1.0339587436,0.2228237174,0,2.1930087619,3.20595484821,3.20595484821,3.20595484831,3.20595484819,3.20595484819,3.20595484822,3.20595484822,3.20595484822,3.20595484822,3.205954848194,3.205954848194,6.61295518761,6.61295518761,6.61295518761,6.61295518766,6.61295518766,6.61295518771,6.61295518771,6.61295518828,6.61295518828,6.61295518832,6.61295518831,6.61295518831,6.61295518831,6.61295518821,6.61295518821,6.61295518821,6.61295518827,6.61295518827,6.61295518831,6.61295518835,6.61295518835,6.61295518835,6.61295518821,6.61295518823,6.61295518823,6.61295518857,6.61295518786,6.61295518786,6.61295518831,6.61295518831,6.61295518831,7.78656004535,7.78656004535,7.78656004535,7.78656004519,7.78656004519,7.78656004519,7.78656004519,7.78656004519,7.78656004519,7.78656004519,7.78656004519,7.78656004519,7.7865600451,7.7865600452,7.7865600452,7.78656004529,7.78656004529,7.7865600451,7.7865600451,7.7865600451,7.7865600451,7.7865600448,7.78656004535,7.78656004537,7.78656004537,7.78656004515,7.78656004515,7.78656004515,7.78656004515,7.78656004515,7.78656004515,7.78656004512,7.78656004512,7.78656004518,7.78656004518,7.78656004518,7.78656004518,7.78656004518,7.78656004505,7.78656004505,7.78656004511,7.78656004511
"t6",6.72727218755,6.72727218755,6.72727218755,6.72727218775,6.72727218785,6.72727218785,2.42530438401,2.42530438401,2.42530438401,2.42530438401,2.32760641198,2.2702656117,2.1930087619,2.1930087619,2.1930087619,0,3.20595484831,3.20595484831,3.20595484841,3.20595484829,3.20595484829,3.20595484832,3.20595484832,3.20595484832,3.20595484832,3.205954848294,3.205954848294,6.61295518771,6.61295518771,6.61295518771,6.61295518776,6.61295518776,6.61295518781,6.61295518781,6.61295518838,6.61295518838,6.61295518842,6.61295518841,6.61295518841,6.61295518841,6.61295518831,6.61295518831,6.61295518831,6.61295518837,6.61295518837,6.61295518841,6.61295518845,6.61295518845,6.61295518845,6.61295518831,6.61295518833,6.61295518833,6.61295518867,6.61295518796,6.61295518796,6.61295518841,6.61295518841,6.61295518841,7.78656004545,7.78656004545,7.78656004545,7.78656004529,7.78656004529,7.78656004529,7.78656004529,7.78656004529,7.78656004529,7.78656004529,7.78656004529,7.78656004529,7.7865600452,7.7865600453,7.7865600453,7.78656004539,7.78656004539,7.7865600452,7.7865600452,7.7865600452,7.7865600452,7.7865600449,7.78656004545,7.78656004547,7.78656004547,7.78656004525,7.78656004525,7.78656004525,7.78656004525,7.78656004525,7.78656004525,7.78656004522,7.78656004522,7.78656004528,7.78656004528,7.78656004528,7.78656004528,7.78656004528,7.78656004515,7.78656004515,7.78656004521,7.78656004521
"t51",6.72727218744,6.72727218744,6.72727218744,6.72727218764,6.72727218774,6.72727218774,3.2059548483,3.2059548483,3.2059548483,3.2059548483,3.20595484833,3.20595484861,3.20595484821,3.20595484821,3.20595484821,3.20595484831,0,0.670926217,1.2666582709,1.76781706178,1.76781706178,1.76781706181,1.76781706181,1.76781706181,1.76781706181,1.767817061784,1.767817061784,6.6129551876,6.6129551876,6.6129551876,6.61295518765,6.61295518765,6.6129551877,6.6129551877,6.61295518827,6.61295518827,6.61295518831,6.6129551883,6.6129551883,6.6129551883,6.6129551882,6.6129551882,6.6129551882,6.61295518826,6.61295518826,6.6129551883,6.61295518834,6.61295518834,6.61295518834,6.6129551882,6.61295518822,6.61295518822,6.61295518856,6.61295518785,6.61295518785,6.6129551883,6.6129551883,6.6129551883,7.78656004534,7.78656004534,7.78656004534,7.78656004518,7.78656004518,7.78656004518,7.78656004518,7.78656004518,7.78656004518,7.78656004518,7.78656004518,7.78656004518,7.78656004509,7.78656004519,7.78656004519,7.78656004528,7.78656004528,7.78656004509,7.78656004509,7.78656004509,7.78656004509,7.78656004479,7.78656004534,7.78656004536,7.78656004536,7.78656004514,7.78656004514,7.78656004514,7.78656004514,7.78656004514,7.78656004514,7.78656004511,7.78656004511,7.78656004517,7.78656004517,7.78656004517,7.78656004517,7.78656004517,7.78656004504,7.78656004504,7.7865600451,7.7865600451
"t52",6.72727218744,6.72727218744,6.72727218744,6.72727218764,6.72727218774,6.72727218774,3.2059548483,3.2059548483,3.2059548483,3.2059548483,3.20595484833,3.20595484861,3.20595484821,3.20595484821,3.20595484821,3.20595484831,0.670926217,0,1.2666582709,1.76781706178,1.76781706178,1.76781706181,1.76781706181,1.76781706181,1.76781706181,1.767817061784,1.767817061784,6.6129551876,6.6129551876,6.6129551876,6.61295518765,6.61295518765,6.6129551877,6.6129551877,6.61295518827,6.61295518827,6.61295518831,6.6129551883,6.6129551883,6.6129551883,6.6129551882,6.6129551882,6.6129551882,6.61295518826,6.61295518826,6.6129551883,6.61295518834,6.61295518834,6.61295518834,6.6129551882,6.61295518822,6.61295518822,6.61295518856,6.61295518785,6.61295518785,6.6129551883,6.6129551883,6.6129551883,7.78656004534,7.78656004534,7.78656004534,7.78656004518,7.78656004518,7.78656004518,7.78656004518,7.78656004518,7.78656004518,7.78656004518,7.78656004518,7.78656004518,7.78656004509,7.78656004519,7.78656004519,7.78656004528,7.78656004528,7.78656004509,7.78656004509,7.78656004509,7.78656004509,7.78656004479,7.78656004534,7.78656004536,7.78656004536,7.78656004514,7.78656004514,7.78656004514,7.78656004514,7.78656004514,7.78656004514,7.78656004511,7.78656004511,7.78656004517,7.78656004517,7.78656004517,7.78656004517,7.78656004517,7.78656004504,7.78656004504,7.7865600451,7.7865600451
"t20",6.72727218754,6.72727218754,6.72727218754,6.72727218774,6.72727218784,6.72727218784,3.2059548484,3.2059548484,3.2059548484,3.2059548484,3.20595484843,3.20595484871,3.20595484831,3.20595484831,3.20595484831,3.20595484841,1.2666582709,1.2666582709,0,1.76781706188,1.76781706188,1.76781706191,1.76781706191,1.76781706191,1.76781706191,1.767817061884,1.767817061884,6.6129551877,6.6129551877,6.6129551877,6.61295518775,6.61295518775,6.6129551878,6.6129551878,6.61295518837,6.61295518837,6.61295518841,6.6129551884,6.6129551884,6.6129551884,6.6129551883,6.6129551883,6.6129551883,6.61295518836,6.61295518836,6.6129551884,6.61295518844,6.61295518844,6.61295518844,6.6129551883,6.61295518832,6.61295518832,6.61295518866,6.61295518795,6.61295518795,6.6129551884,6.6129551884,6.6129551884,7.78656004544,7.78656004544,7.78656004544,7.78656004528,7.78656004528,7.78656004528,7.78656004528,7.78656004528,7.78656004528,7.78656004528,7.78656004528,7.78656004528,7.78656004519,7.78656004529,7.78656004529,7.78656004538,7.78656004538,7.78656004519,7.78656004519,7.78656004519,7.78656004519,7.78656004489,7.78656004544,7.78656004546,7.78656004546,7.78656004524,7.78656004524,7.78656004524,7.78656004524,7.78656004524,7.78656004524,7.78656004521,7.78656004521,7.78656004527,7.78656004527,7.78656004527,7.78656004527,7.78656004527,7.78656004514,7.78656004514,7.7865600452,7.7865600452
"t36",6.72727218742,6.72727218742,6.72727218742,6.72727218762,6.72727218772,6.72727218772,3.20595484828,3.20595484828,3.20595484828,3.20595484828,3.20595484831,3.20595484859,3.20595484819,3.20595484819,3.20595484819,3.20595484829,1.76781706178,1.76781706178,1.76781706188,0,0.8420502086,0.90368784637,1.60305495877,1.60305495877,1.60305495877,1.635678216424,1.635678216424,6.61295518758,6.61295518758,6.61295518758,6.61295518763,6.61295518763,6.61295518768,6.61295518768,6.61295518825,6.61295518825,6.61295518829,6.61295518828,6.61295518828,6.61295518828,6.61295518818,6.61295518818,6.61295518818,6.61295518824,6.61295518824,6.61295518828,6.61295518832,6.61295518832,6.61295518832,6.61295518818,6.6129551882,6.6129551882,6.61295518854,6.61295518783,6.61295518783,6.61295518828,6.61295518828,6.61295518828,7.78656004532,7.78656004532,7.78656004532,7.78656004516,7.78656004516,7.78656004516,7.78656004516,7.78656004516,7.78656004516,7.78656004516,7.78656004516,7.78656004516,7.78656004507,7.78656004517,7.78656004517,7.78656004526,7.78656004526,7.78656004507,7.78656004507,7.78656004507,7.78656004507,7.78656004477,7.78656004532,7.78656004534,7.78656004534,7.78656004512,7.78656004512,7.78656004512,7.78656004512,7.78656004512,7.78656004512,7.78656004509,7.78656004509,7.78656004515,7.78656004515,7.78656004515,7.78656004515,7.78656004515,7.78656004502,7.78656004502,7.78656004508,7.78656004508
"t37",6.72727218742,6.72727218742,6.72727218742,6.72727218762,6.72727218772,6.72727218772,3.20595484828,3.20595484828,3.20595484828,3.20595484828,3.20595484831,3.20595484859,3.20595484819,3.20595484819,3.20595484819,3.20595484829,1.76781706178,1.76781706178,1.76781706188,0.8420502086,0,0.90368784637,1.60305495877,1.60305495877,1.60305495877,1.635678216424,1.635678216424,6.61295518758,6.61295518758,6.61295518758,6.61295518763,6.61295518763,6.61295518768,6.61295518768,6.61295518825,6.61295518825,6.61295518829,6.61295518828,6.61295518828,6.61295518828,6.61295518818,6.61295518818,6.61295518818,6.61295518824,6.61295518824,6.61295518828,6.61295518832,6.61295518832,6.61295518832,6.61295518818,6.6129551882,6.6129551882,6.61295518854,6.61295518783,6.61295518783,6.61295518828,6.61295518828,6.61295518828,7.78656004532,7.78656004532,7.78656004532,7.78656004516,7.78656004516,7.78656004516,7.78656004516,7.78656004516,7.78656004516,7.78656004516,7.78656004516,7.78656004516,7.78656004507,7.78656004517,7.78656004517,7.78656004526,7.78656004526,7.78656004507,7.78656004507,7.78656004507,7.78656004507,7.78656004477,7.78656004532,7.78656004534,7.78656004534,7.78656004512,7.78656004512,7.78656004512,7.78656004512,7.78656004512,7.78656004512,7.78656004509,7.78656004509,7.78656004515,7.78656004515,7.78656004515,7.78656004515,7.78656004515,7.78656004502,7.78656004502,7.78656004508,7.78656004508
"t33",6.72727218745,6.72727218745,6.72727218745,6.72727218765,6.72727218775,6.72727218775,3.20595484831,3.20595484831,3.20595484831,3.20595484831,3.20595484834,3.20595484862,3.20595484822,3.20595484822,3.20595484822,3.20595484832,1.76781706181,1.76781706181,1.76781706191,0.90368784637,0.90368784637,0,1.6030549588,1.6030549588,1.6030549588,1.635678216454,1.635678216454,6.61295518761,6.61295518761,6.61295518761,6.61295518766,6.61295518766,6.61295518771,6.61295518771,6.61295518828,6.61295518828,6.61295518832,6.61295518831,6.61295518831,6.61295518831,6.61295518821,6.61295518821,6.61295518821,6.61295518827,6.61295518827,6.61295518831,6.61295518835,6.61295518835,6.61295518835,6.61295518821,6.61295518823,6.61295518823,6.61295518857,6.61295518786,6.61295518786,6.61295518831,6.61295518831,6.61295518831,7.78656004535,7.78656004535,7.78656004535,7.78656004519,7.78656004519,7.78656004519,7.78656004519,7.78656004519,7.78656004519,7.78656004519,7.78656004519,7.78656004519,7.7865600451,7.7865600452,7.7865600452,7.78656004529,7.78656004529,7.7865600451,7.7865600451,7.7865600451,7.7865600451,7.7865600448,7.78656004535,7.78656004537,7.78656004537,7.78656004515,7.78656004515,7.78656004515,7.78656004515,7.78656004515,7.78656004515,7.78656004512,7.78656004512,7.78656004518,7.78656004518,7.78656004518,7.78656004518,7.78656004518,7.78656004505,7.78656004505,7.78656004511,7.78656004511
"t49",6.72727218745,6.72727218745,6.72727218745,6.72727218765,6.72727218775,6.72727218775,3.20595484831,3.20595484831,3.20595484831,3.20595484831,3.20595484834,3.20595484862,3.20595484822,3.20595484822,3.20595484822,3.20595484832,1.76781706181,1.76781706181,1.76781706191,1.60305495877,1.60305495877,1.6030549588,0,0.6862669406,1.2286038958,1.635678216454,1.635678216454,6.61295518761,6.61295518761,6.61295518761,6.61295518766,6.61295518766,6.61295518771,6.61295518771,6.61295518828,6.61295518828,6.61295518832,6.61295518831,6.61295518831,6.61295518831,6.61295518821,6.61295518821,6.61295518821,6.61295518827,6.61295518827,6.61295518831,6.61295518835,6.61295518835,6.61295518835,6.61295518821,6.61295518823,6.61295518823,6.61295518857,6.61295518786,6.61295518786,6.61295518831,6.61295518831,6.61295518831,7.78656004535,7.78656004535,7.78656004535,7.78656004519,7.78656004519,7.78656004519,7.78656004519,7.78656004519,7.78656004519,7.78656004519,7.78656004519,7.78656004519,7.7865600451,7.7865600452,7.7865600452,7.78656004529,7.78656004529,7.7865600451,7.7865600451,7.7865600451,7.7865600451,7.7865600448,7.78656004535,7.78656004537,7.78656004537,7.78656004515,7.78656004515,7.78656004515,7.78656004515,7.78656004515,7.78656004515,7.78656004512,7.78656004512,7.78656004518,7.78656004518,7.78656004518,7.78656004518,7.78656004518,7.78656004505,7.78656004505,7.78656004511,7.78656004511
"t50",6.72727218745,6.72727218745,6.72727218745,6.72727218765,6.72727218775,6.72727218775,3.20595484831,3.20595484831,3.20595484831,3.20595484831,3.20595484834,3.20595484862,3.20595484822,3.20595484822,3.20595484822,3.20595484832,1.76781706181,1.76781706181,1.76781706191,1.60305495877,1.60305495877,1.6030549588,0.6862669406,0,1.2286038958,1.635678216454,1.635678216454,6.61295518761,6.61295518761,6.61295518761,6.61295518766,6.61295518766,6.61295518771,6.61295518771,6.61295518828,6.61295518828,6.61295518832,6.61295518831,6.61295518831,6.61295518831,6.61295518821,6.61295518821,6.61295518821,6.61295518827,6.61295518827,6.61295518831,6.61295518835,6.61295518835,6.61295518835,6.61295518821,6.61295518823,6.61295518823,6.61295518857,6.61295518786,6.61295518786,6.61295518831,6.61295518831,6.61295518831,7.78656004535,7.78656004535,7.78656004535,7.78656004519,7.78656004519,7.78656004519,7.78656004519,7.78656004519,7.78656004519,7.78656004519,7.78656004519,7.78656004519,7.7865600451,7.7865600452,7.7865600452,7.78656004529,7.78656004529,7.7865600451,7.7865600451,7.7865600451,7.7865600451,7.7865600448,7.78656004535,7.78656004537,7.78656004537,7.78656004515,7.78656004515,7.78656004515,7.78656004515,7.78656004515,7.78656004515,7.78656004512,7.78656004512,7.78656004518,7.78656004518,7.78656004518,7.78656004518,7.78656004518,7.78656004505,7.78656004505,7.78656004511,7.78656004511
"t21",6.72727218745,6.72727218745,6.72727218745,6.72727218765,6.72727218775,6.72727218775,3.20595484831,3.20595484831,3.20595484831,3.20595484831,3.20595484834,3.20595484862,3.20595484822,3.20595484822,3.20595484822,3.20595484832,1.76781706181,1.76781706181,1.76781706191,1.60305495877,1.60305495877,1.6030549588,1.2286038958,1.2286038958,0,1.635678216454,1.635678216454,6.61295518761,6.61295518761,6.61295518761,6.61295518766,6.61295518766,6.61295518771,6.61295518771,6.61295518828,6.61295518828,6.61295518832,6.61295518831,6.61295518831,6.61295518831,6.61295518821,6.61295518821,6.61295518821,6.61295518827,6.61295518827,6.61295518831,6.61295518835,6.61295518835,6.61295518835,6.61295518821,6.61295518823,6.61295518823,6.61295518857,6.61295518786,6.61295518786,6.61295518831,6.61295518831,6.61295518831,7.78656004535,7.78656004535,7.78656004535,7.78656004519,7.78656004519,7.78656004519,7.78656004519,7.78656004519,7.78656004519,7.78656004519,7.78656004519,7.78656004519,7.7865600451,7.7865600452,7.7865600452,7.78656004529,7.78656004529,7.7865600451,7.7865600451,7.7865600451,7.7865600451,7.7865600448,7.78656004535,7.78656004537,7.78656004537,7.78656004515,7.78656004515,7.78656004515,7.78656004515,7.78656004515,7.78656004515,7.78656004512,7.78656004512,7.78656004518,7.78656004518,7.78656004518,7.78656004518,7.78656004518,7.78656004505,7.78656004505,7.78656004511,7.78656004511
"t99",6.727272187424,6.727272187424,6.727272187424,6.727272187624,6.727272187724,6.727272187724,3.205954848284,3.205954848284,3.205954848284,3.205954848284,3.205954848314,3.205954848594,3.205954848194,3.205954848194,3.205954848194,3.205954848294,1.767817061784,1.767817061784,1.767817061884,1.635678216424,1.635678216424,1.635678216454,1.635678216454,1.635678216454,1.635678216454,0,0.017402014228,6.612955187584,6.612955187584,6.612955187584,6.612955187634,6.612955187634,6.612955187684,6.612955187684,6.612955188254,6.612955188254,6.612955188294,6.612955188284,6.612955188284,6.612955188284,6.612955188184,6.612955188184,6.612955188184,6.612955188244,6.612955188244,6.612955188284,6.612955188324,6.612955188324,6.612955188324,6.612955188184,6.612955188204,6.612955188204,6.612955188544,6.612955187834,6.612955187834,6.612955188284,6.612955188284,6.612955188284,7.786560045324,7.786560045324,7.786560045324,7.786560045164,7.786560045164,7.786560045164,7.786560045164,7.786560045164,7.786560045164,7.786560045164,7.786560045164,7.786560045164,7.786560045074,7.786560045174,7.786560045174,7.786560045264,7.786560045264,7.786560045074,7.786560045074,7.786560045074,7.786560045074,7.786560044774,7.786560045324,7.786560045344,7.786560045344,7.786560045124,7.786560045124,7.786560045124,7.786560045124,7.786560045124,7.786560045124,7.786560045094,7.786560045094,7.786560045154,7.786560045154,7.786560045154,7.786560045154,7.786560045154,7.786560045024,7.786560045024,7.786560045084,7.786560045084
"t100",6.727272187424,6.727272187424,6.727272187424,6.727272187624,6.727272187724,6.727272187724,3.205954848284,3.205954848284,3.205954848284,3.205954848284,3.205954848314,3.205954848594,3.205954848194,3.205954848194,3.205954848194,3.205954848294,1.767817061784,1.767817061784,1.767817061884,1.635678216424,1.635678216424,1.635678216454,1.635678216454,1.635678216454,1.635678216454,0.017402014228,0,6.612955187584,6.612955187584,6.612955187584,6.612955187634,6.612955187634,6.612955187684,6.612955187684,6.612955188254,6.612955188254,6.612955188294,6.612955188284,6.612955188284,6.612955188284,6.612955188184,6.612955188184,6.612955188184,6.612955188244,6.612955188244,6.612955188284,6.612955188324,6.612955188324,6.612955188324,6.612955188184,6.612955188204,6.612955188204,6.612955188544,6.612955187834,6.612955187834,6.612955188284,6.612955188284,6.612955188284,7.786560045324,7.786560045324,7.786560045324,7.786560045164,7.786560045164,7.786560045164,7.786560045164,7.786560045164,7.786560045164,7.786560045164,7.786560045164,7.786560045164,7.786560045074,7.786560045174,7.786560045174,7.786560045264,7.786560045264,7.786560045074,7.786560045074,7.786560045074,7.786560045074,7.786560044774,7.786560045324,7.786560045344,7.786560045344,7.786560045124,7.786560045124,7.786560045124,7.786560045124,7.786560045124,7.786560045124,7.786560045094,7.786560045094,7.786560045154,7.786560045154,7.786560045154,7.786560045154,7.786560045154,7.786560045024,7.786560045024,7.786560045084,7.786560045084
"t17",6.72727218684,6.72727218684,6.72727218684,6.72727218704,6.72727218714,6.72727218714,6.6129551877,6.6129551877,6.6129551877,6.6129551877,6.61295518773,6.61295518801,6.61295518761,6.61295518761,6.61295518761,6.61295518771,6.6129551876,6.6129551876,6.6129551877,6.61295518758,6.61295518758,6.61295518761,6.61295518761,6.61295518761,6.61295518761,6.612955187584,6.612955187584,0,1.294484986,1.294484986,2.14956091265,2.14956091265,2.1495609127,2.1495609127,6.17047091327,6.17047091327,6.17047091331,6.1704709133,6.1704709133,6.1704709133,6.1704709132,6.1704709132,6.1704709132,6.17047091326,6.17047091326,6.1704709133,6.17047091334,6.17047091334,6.17047091334,6.1704709132,6.17047091322,6.17047091322,6.17047091356,6.17047091285,6.17047091285,6.1704709133,6.1704709133,6.1704709133,7.78656004474,7.78656004474,7.78656004474,7.78656004458,7.78656004458,7.78656004458,7.78656004458,7.78656004458,7.78656004458,7.78656004458,7.78656004458,7.78656004458,7.78656004449,7.78656004459,7.78656004459,7.78656004468,7.78656004468,7.78656004449,7.78656004449,7.78656004449,7.78656004449,7.78656004419,7.78656004474,7.78656004476,7.78656004476,7.78656004454,7.78656004454,7.78656004454,7.78656004454,7.78656004454,7.78656004454,7.78656004451,7.78656004451,7.78656004457,7.78656004457,7.78656004457,7.78656004457,7.78656004457,7.78656004444,7.78656004444,7.7865600445,7.7865600445
"t25",6.72727218684,6.72727218684,6.72727218684,6.72727218704,6.72727218714,6.72727218714,6.6129551877,6.6129551877,6.6129551877,6.6129551877,6.61295518773,6.61295518801,6.61295518761,6.61295518761,6.61295518761,6.61295518771,6.6129551876,6.6129551876,6.6129551877,6.61295518758,6.61295518758,6.61295518761,6.61295518761,6.61295518761,6.61295518761,6.612955187584,6.612955187584,1.294484986,0,1.0507381162,2.14956091265,2.14956091265,2.1495609127,2.1495609127,6.17047091327,6.17047091327,6.17047091331,6.1704709133,6.1704709133,6.1704709133,6.1704709132,6.1704709132,6.1704709132,6.17047091326,6.17047091326,6.1704709133,6.17047091334,6.17047091334,6.17047091334,6.1704709132,6.17047091322,6.17047091322,6.17047091356,6.17047091285,6.17047091285,6.1704709133,6.1704709133,6.1704709133,7.78656004474,7.78656004474,7.78656004474,7.78656004458,7.78656004458,7.78656004458,7.78656004458,7.78656004458,7.78656004458,7.78656004458,7.78656004458,7.78656004458,7.78656004449,7.78656004459,7.78656004459,7.78656004468,7.78656004468,7.78656004449,7.78656004449,7.78656004449,7.78656004449,7.78656004419,7.78656004474,7.78656004476,7.78656004476,7.78656004454,7.78656004454,7.78656004454,7.78656004454,7.78656004454,7.78656004454,7.78656004451,7.78656004451,7.78656004457,7.78656004457,7.78656004457,7.78656004457,7.78656004457,7.78656004444,7.78656004444,7.7865600445,7.7865600445
"t26",6.72727218684,6.72727218684,6.72727218684,6.72727218704,6.72727218714,6.72727218714,6.6129551877,6.6129551877,6.6129551877,6.6129551877,6.61295518773,6.61295518801,6.61295518761,6.61295518761,6.61295518761,6.61295518771,6.6129551876,6.6129551876,6.6129551877,6.61295518758,6.61295518758,6.61295518761,6.61295518761,6.61295518761,6.61295518761,6.612955187584,6.612955187584,1.294484986,1.0507381162,0,2.14956091265,2.14956091265,2.1495609127,2.1495609127,6.17047091327,6.17047091327,6.17047091331,6.1704709133,6.1704709133,6.1704709133,6.1704709132,6.1704709132,6.1704709132,6.17047091326,6.17047091326,6.1704709133,6.17047091334,6.17047091334,6.17047091334,6.1704709132,6.17047091322,6.17047091322,6.17047091356,6.17047091285,6.17047091285,6.1704709133,6.1704709133,6.1704709133,7.78656004474,7.78656004474,7.78656004474,7.78656004458,7.78656004458,7.78656004458,7.78656004458,7.78656004458,7.78656004458,7.78656004458,7.78656004458,7.78656004458,7.78656004449,7.78656004459,7.78656004459,7.78656004468,7.78656004468,7.78656004449,7.78656004449,7.78656004449,7.78656004449,7.78656004419,7.78656004474,7.78656004476,7.78656004476,7.78656004454,7.78656004454,7.78656004454,7.78656004454,7.78656004454,7.78656004454,7.78656004451,7.78656004451,7.78656004457,7.78656004457,7.78656004457,7.78656004457,7.78656004457,7.78656004444,7.78656004444,7.7865600445,7.7865600445
"t82",6.72727218689,6.72727218689,6.72727218689,6.72727218709,6.72727218719,6.72727218719,6.61295518775,6.61295518775,6.61295518775,6.61295518775,6.61295518778,6.61295518806,6.61295518766,6.61295518766,6.61295518766,6.61295518776,6.61295518765,6.61295518765,6.61295518775,6.61295518763,6.61295518763,6.61295518766,6.61295518766,6.61295518766,6.61295518766,6.612955187634,6.612955187634,2.14956091265,2.14956091265,2.14956091265,0,0.1531951051,0.79415035415,1.35710825415,6.17047091332,6.17047091332,6.17047091336,6.17047091335,6.17047091335,6.17047091335,6.17047091325,6.17047091325,6.17047091325,6.17047091331,6.17047091331,6.17047091335,6.17047091339,6.17047091339,6.17047091339,6.17047091325,6.17047091327,6.17047091327,6.17047091361,6.1704709129,6.1704709129,6.17047091335,6.17047091335,6.17047091335,7.78656004479,7.78656004479,7.78656004479,7.78656004463,7.78656004463,7.78656004463,7.78656004463,7.78656004463,7.78656004463,7.78656004463,7.78656004463,7.78656004463,7.78656004454,7.78656004464,7.78656004464,7.78656004473,7.78656004473,7.78656004454,7.78656004454,7.78656004454,7.78656004454,7.78656004424,7.78656004479,7.78656004481,7.78656004481,7.78656004459,7.78656004459,7.78656004459,7.78656004459,7.78656004459,7.78656004459,7.78656004456,7.78656004456,7.78656004462,7.78656004462,7.78656004462,7.78656004462,7.78656004462,7.78656004449,7.78656004449,7.78656004455,7.78656004455
"t83",6.72727218689,6.72727218689,6.72727218689,6.72727218709,6.72727218719,6.72727218719,6.61295518775,6.61295518775,6.61295518775,6.61295518775,6.61295518778,6.61295518806,6.61295518766,6.61295518766,6.61295518766,6.61295518776,6.61295518765,6.61295518765,6.61295518775,6.61295518763,6.61295518763,6.61295518766,6.61295518766,6.61295518766,6.61295518766,6.612955187634,6.612955187634,2.14956091265,2.14956091265,2.14956091265,0.1531951051,0,0.79415035415,1.35710825415,6.17047091332,6.17047091332,6.17047091336,6.17047091335,6.17047091335,6.17047091335,6.17047091325,6.17047091325,6.17047091325,6.17047091331,6.17047091331,6.17047091335,6.17047091339,6.17047091339,6.17047091339,6.17047091325,6.17047091327,6.17047091327,6.17047091361,6.1704709129,6.1704709129,6.17047091335,6.17047091335,6.17047091335,7.78656004479,7.78656004479,7.78656004479,7.78656004463,7.78656004463,7.78656004463,7.78656004463,7.78656004463,7.78656004463,7.78656004463,7.78656004463,7.78656004463,7.78656004454,7.78656004464,7.78656004464,7.78656004473,7.78656004473,7.78656004454,7.78656004454,7.78656004454,7.78656004454,7.78656004424,7.78656004479,7.78656004481,7.78656004481,7.78656004459,7.78656004459,7.78656004459,7.78656004459,7.78656004459,7.78656004459,7.78656004456,7.78656004456,7.78656004462,7.78656004462,7.78656004462,7.78656004462,7.78656004462,7.78656004449,7.78656004449,7.78656004455,7.78656004455
"t40",6.72727218694,6.72727218694,6.72727218694,6.72727218714,6.72727218724,6.72727218724,6.6129551878,6.6129551878,6.6129551878,6.6129551878,6.61295518783,6.61295518811,6.61295518771,6.61295518771,6.61295518771,6.61295518781,6.6129551877,6.6129551877,6.6129551878,6.61295518768,6.61295518768,6.61295518771,6.61295518771,6.61295518771,6.61295518771,6.612955187684,6.612955187684,2.1495609127,2.1495609127,2.1495609127,0.79415035415,0.79415035415,0,1.3571082542,6.17047091337,6.17047091337,6.17047091341,6.1704709134,6.1704709134,6.1704709134,6.1704709133,6.1704709133,6.1704709133,6.17047091336,6.17047091336,6.1704709134,6.17047091344,6.17047091344,6.17047091344,6.1704709133,6.17047091332,6.17047091332,6.17047091366,6.17047091295,6.17047091295,6.1704709134,6.1704709134,6.1704709134,7.78656004484,7.78656004484,7.78656004484,7.78656004468,7.78656004468,7.78656004468,7.78656004468,7.78656004468,7.78656004468,7.78656004468,7.78656004468,7.78656004468,7.78656004459,7.78656004469,7.78656004469,7.78656004478,7.78656004478,7.78656004459,7.78656004459,7.78656004459,7.78656004459,7.78656004429,7.78656004484,7.78656004486,7.78656004486,7.78656004464,7.78656004464,7.78656004464,7.78656004464,7.78656004464,7.78656004464,7.78656004461,7.78656004461,7.78656004467,7.78656004467,7.78656004467,7.78656004467,7.78656004467,7.78656004454,7.78656004454,7.7865600446,7.7865600446
"t16",6.72727218694,6.72727218694,6.72727218694,6.72727218714,6.72727218724,6.72727218724,6.6129551878,6.6129551878,6.6129551878,6.6129551878,6.61295518783,6.61295518811,6.61295518771,6.61295518771,6.61295518771,6.61295518781,6.6129551877,6.6129551877,6.6129551878,6.61295518768,6.61295518768,6.61295518771,6.61295518771,6.61295518771,6.61295518771,6.612955187684,6.612955187684,2.1495609127,2.1495609127,2.1495609127,1.35710825415,1.35710825415,1.3571082542,0,6.17047091337,6.17047091337,6.17047091341,6.1704709134,6.1704709134,6.1704709134,6.1704709133,6.1704709133,6.1704709133,6.17047091336,6.17047091336,6.1704709134,6.17047091344,6.17047091344,6.17047091344,6.1704709133,6.17047091332,6.17047091332,6.17047091366,6.17047091295,6.17047091295,6.1704709134,6.1704709134,6.1704709134,7.78656004484,7.78656004484,7.78656004484,7.78656004468,7.78656004468,7.78656004468,7.78656004468,7.78656004468,7.78656004468,7.78656004468,7.78656004468,7.78656004468,7.78656004459,7.78656004469,7.78656004469,7.78656004478,7.78656004478,7.78656004459,7.78656004459,7.78656004459,7.78656004459,7.78656004429,7.78656004484,7.78656004486,7.78656004486,7.78656004464,7.78656004464,7.78656004464,7.78656004464,7.78656004464,7.78656004464,7.78656004461,7.78656004461,7.78656004467,7.78656004467,7.78656004467,7.78656004467,7.78656004467,7.78656004454,7.78656004454,7.7865600446,7.7865600446
"t89",6.72727218751,6.72727218751,6.72727218751,6.72727218771,6.72727218781,6.72727218781,6.61295518837,6.61295518837,6.61295518837,6.61295518837,6.6129551884,6.61295518868,6.61295518828,6.61295518828,6.61295518828,6.61295518838,6.61295518827,6.61295518827,6.61295518837,6.61295518825,6.61295518825,6.61295518828,6.61295518828,6.61295518828,6.61295518828,6.612955188254,6.612955188254,6.17047091327,6.17047091327,6.17047091327,6.17047091332,6.17047091332,6.17047091337,6.17047091337,0,0.10407365292,1.70656251436,1.87921601917,1.87921601917,1.87921601917,2.30476430987,2.30476430987,2.30476430987,2.30476430993,2.30476430993,2.90008580917,2.90008580921,2.90008580921,2.90008580921,3.26041342587,3.26041342589,3.26041342589,3.26041342623,3.26041342552,3.26041342552,3.26041342597,3.26041342597,3.26041342597,7.78656004541,7.78656004541,7.78656004541,7.78656004525,7.78656004525,7.78656004525,7.78656004525,7.78656004525,7.78656004525,7.78656004525,7.78656004525,7.78656004525,7.78656004516,7.78656004526,7.78656004526,7.78656004535,7.78656004535,7.78656004516,7.78656004516,7.78656004516,7.78656004516,7.78656004486,7.78656004541,7.78656004543,7.78656004543,7.78656004521,7.78656004521,7.78656004521,7.78656004521,7.78656004521,7.78656004521,7.78656004518,7.78656004518,7.78656004524,7.78656004524,7.78656004524,7.78656004524,7.78656004524,7.78656004511,7.78656004511,7.78656004517,7.78656004517
"t90",6.72727218751,6.72727218751,6.72727218751,6.72727218771,6.72727218781,6.72727218781,6.61295518837,6.61295518837,6.61295518837,6.61295518837,6.6129551884,6.61295518868,6.61295518828,6.61295518828,6.61295518828,6.61295518838,6.61295518827,6.61295518827,6.61295518837,6.61295518825,6.61295518825,6.61295518828,6.61295518828,6.61295518828,6.61295518828,6.612955188254,6.612955188254,6.17047091327,6.17047091327,6.17047091327,6.17047091332,6.17047091332,6.17047091337,6.17047091337,0.10407365292,0,1.70656251436,1.87921601917,1.87921601917,1.87921601917,2.30476430987,2.30476430987,2.30476430987,2.30476430993,2.30476430993,2.90008580917,2.90008580921,2.90008580921,2.90008580921,3.26041342587,3.26041342589,3.26041342589,3.26041342623,3.26041342552,3.26041342552,3.26041342597,3.26041342597,3.26041342597,7.78656004541,7.78656004541,7.78656004541,7.78656004525,7.78656004525,7.78656004525,7.78656004525,7.78656004525,7.78656004525,7.78656004525,7.78656004525,7.78656004525,7.78656004516,7.78656004526,7.78656004526,7.78656004535,7.78656004535,7.78656004516,7.78656004516,7.78656004516,7.78656004516,7.78656004486,7.78656004541,7.78656004543,7.78656004543,7.78656004521,7.78656004521,7.78656004521,7.78656004521,7.78656004521,7.78656004521,7.78656004518,7.78656004518,7.78656004524,7.78656004524,7.78656004524,7.78656004524,7.78656004524,7.78656004511,7.78656004511,7.78656004517,7.78656004517
"t12",6.72727218755,6.72727218755,6.72727218755,6.72727218775,6.72727218785,6.72727218785,6.61295518841,6.61295518841,6.61295518841,6.61295518841,6.61295518844,6.61295518872,6.61295518832,6.61295518832,6.61295518832,6.61295518842,6.61295518831,6.61295518831,6.61295518841,6.61295518829,6.61295518829,6.61295518832,6.61295518832,6.61295518832,6.61295518832,6.612955188294,6.612955188294,6.17047091331,6.17047091331,6.17047091331,6.17047091336,6.17047091336,6.17047091341,6.17047091341,1.70656251436,1.70656251436,0,1.87921601921,1.87921601921,1.87921601921,2.30476430991,2.30476430991,2.30476430991,2.30476430997,2.30476430997,2.90008580921,2.90008580925,2.90008580925,2.90008580925,3.26041342591,3.26041342593,3.26041342593,3.26041342627,3.26041342556,3.26041342556,3.26041342601,3.26041342601,3.26041342601,7.78656004545,7.78656004545,7.78656004545,7.78656004529,7.78656004529,7.78656004529,7.78656004529,7.78656004529,7.78656004529,7.78656004529,7.78656004529,7.78656004529,7.7865600452,7.7865600453,7.7865600453,7.78656004539,7.78656004539,7.7865600452,7.7865600452,7.7865600452,7.7865600452,7.7865600449,7.78656004545,7.78656004547,7.78656004547,7.78656004525,7.78656004525,7.78656004525,7.78656004525,7.78656004525,7.78656004525,7.78656004522,7.78656004522,7.78656004528,7.78656004528,7.78656004528,7.78656004528,7.78656004528,7.78656004515,7.78656004515,7.78656004521,7.78656004521
"t14",6.72727218754,6.72727218754,6.72727218754,6.72727218774,6.72727218784,6.72727218784,6.6129551884,6.6129551884,6.6129551884,6.6129551884,6.61295518843,6.61295518871,6.61295518831,6.61295518831,6.61295518831,6.61295518841,6.6129551883,6.6129551883,6.6129551884,6.61295518828,6.61295518828,6.61295518831,6.61295518831,6.61295518831,6.61295518831,6.612955188284,6.612955188284,6.1704709133,6.1704709133,6.1704709133,6.17047091335,6.17047091335,6.1704709134,6.1704709134,1.87921601917,1.87921601917,1.87921601921,0,1.6219664282,1.8770328458,2.3047643099,2.3047643099,2.3047643099,2.30476430996,2.30476430996,2.9000858092,2.90008580924,2.90008580924,2.90008580924,3.2604134259,3.26041342592,3.26041342592,3.26041342626,3.26041342555,3.26041342555,3.260413426,3.260413426,3.260413426,7.78656004544,7.78656004544,7.78656004544,7.78656004528,7.78656004528,7.78656004528,7.78656004528,7.78656004528,7.78656004528,7.78656004528,7.78656004528,7.78656004528,7.78656004519,7.78656004529,7.78656004529,7.78656004538,7.78656004538,7.78656004519,7.78656004519,7.78656004519,7.78656004519,7.78656004489,7.78656004544,7.78656004546,7.78656004546,7.78656004524,7.78656004524,7.78656004524,7.78656004524,7.78656004524,7.78656004524,7.78656004521,7.78656004521,7.78656004527,7.78656004527,7.78656004527,7.78656004527,7.78656004527,7.78656004514,7.78656004514,7.7865600452,7.7865600452
"t15",6.72727218754,6.72727218754,6.72727218754,6.72727218774,6.72727218784,6.72727218784,6.6129551884,6.6129551884,6.6129551884,6.6129551884,6.61295518843,6.61295518871,6.61295518831,6.61295518831,6.61295518831,6.61295518841,6.6129551883,6.6129551883,6.6129551884,6.61295518828,6.61295518828,6.61295518831,6.61295518831,6.61295518831,6.61295518831,6.612955188284,6.612955188284,6.1704709133,6.1704709133,6.1704709133,6.17047091335,6.17047091335,6.1704709134,6.1704709134,1.87921601917,1.87921601917,1.87921601921,1.6219664282,0,1.8770328458,2.3047643099,2.3047643099,2.3047643099,2.30476430996,2.30476430996,2.9000858092,2.90008580924,2.90008580924,2.90008580924,3.2604134259,3.26041342592,3.26041342592,3.26041342626,3.26041342555,3.26041342555,3.260413426,3.260413426,3.260413426,7.78656004544,7.78656004544,7.78656004544,7.78656004528,7.78656004528,7.78656004528,7.78656004528,7.78656004528,7.78656004528,7.78656004528,7.78656004528,7.78656004528,7.78656004519,7.78656004529,7.78656004529,7.78656004538,7.78656004538,7.78656004519,7.78656004519,7.78656004519,7.78656004519,7.78656004489,7.78656004544,7.78656004546,7.78656004546,7.78656004524,7.78656004524,7.78656004524,7.78656004524,7.78656004524,7.78656004524,7.78656004521,7.78656004521,7.78656004527,7.78656004527,7.78656004527,7.78656004527,7.78656004527,7.78656004514,7.78656004514,7.7865600452,7.7865600452
"t9",6.72727218754,6.72727218754,6.72727218754,6.72727218774,6.72727218784,6.72727218784,6.6129551884,6.6129551884,6.6129551884,6.6129551884,6.61295518843,6.61295518871,6.61295518831,6.61295518831,6.61295518831,6.61295518841,6.6129551883,6.6129551883,6.6129551884,6.61295518828,6.61295518828,6.61295518831,6.61295518831,6.61295518831,6.61295518831,6.612955188284,6.612955188284,6.1704709133,6.1704709133,6.1704709133,6.17047091335,6.17047091335,6.1704709134,6.1704709134,1.87921601917,1.87921601917,1.87921601921,1.8770328458,1.8770328458,0,2.3047643099,2.3047643099,2.3047643099,2.30476430996,2.30476430996,2.9000858092,2.90008580924,2.90008580924,2.90008580924,3.2604134259,3.26041342592,3.26041342592,3.26041342626,3.26041342555,3.26041342555,3.260413426,3.260413426,3.260413426,7.78656004544,7.78656004544,7.78656004544,7.78656004528,7.78656004528,7.78656004528,7.78656004528,7.78656004528,7.78656004528,7.78656004528,7.78656004528,7.78656004528,7.78656004519,7.78656004529,7.78656004529,7.78656004538,7.78656004538,7.78656004519,7.78656004519,7.78656004519,7.78656004519,7.78656004489,7.78656004544,7.78656004546,7.78656004546,7.78656004524,7.78656004524,7.78656004524,7.78656004524,7.78656004524,7.78656004524,7.78656004521,7.78656004521,7.78656004527,7.78656004527,7.78656004527,7.78656004527,7.78656004527,7.78656004514,7.78656004514,7.7865600452,7.7865600452
"t39",6.72727218744,6.72727218744,6.72727218744,6.72727218764,6.72727218774,6.72727218774,6.6129551883,6.6129551883,6.6129551883,6.6129551883,6.61295518833,6.61295518861,6.61295518821,6.61295518821,6.61295518821,6.61295518831,6.6129551882,6.6129551882,6.6129551883,6.61295518818,6.61295518818,6.61295518821,6.61295518821,6.61295518821,6.61295518821,6.612955188184,6.612955188184,6.1704709132,6.1704709132,6.1704709132,6.17047091325,6.17047091325,6.1704709133,6.1704709133,2.30476430987,2.30476430987,2.30476430991,2.3047643099,2.3047643099,2.3047643099,0,0.8103524094,0.8103524094,0.81035240946,0.81035240946,2.9000858091,2.90008580914,2.90008580914,2.90008580914,3.2604134258,3.26041342582,3.26041342582,3.26041342616,3.26041342545,3.26041342545,3.2604134259,3.2604134259,3.2604134259,7.78656004534,7.78656004534,7.78656004534,7.78656004518,7.78656004518,7.78656004518,7.78656004518,7.78656004518,7.78656004518,7.78656004518,7.78656004518,7.78656004518,7.78656004509,7.78656004519,7.78656004519,7.78656004528,7.78656004528,7.78656004509,7.78656004509,7.78656004509,7.78656004509,7.78656004479,7.78656004534,7.78656004536,7.78656004536,7.78656004514,7.78656004514,7.78656004514,7.78656004514,7.78656004514,7.78656004514,7.78656004511,7.78656004511,7.78656004517,7.78656004517,7.78656004517,7.78656004517,7.78656004517,7.78656004504,7.78656004504,7.7865600451,7.7865600451
"t48",6.72727218744,6.72727218744,6.72727218744,6.72727218764,6.72727218774,6.72727218774,6.6129551883,6.6129551883,6.6129551883,6.6129551883,6.61295518833,6.61295518861,6.61295518821,6.61295518821,6.61295518821,6.61295518831,6.6129551882,6.6129551882,6.6129551883,6.61295518818,6.61295518818,6.61295518821,6.61295518821,6.61295518821,6.61295518821,6.612955188184,6.612955188184,6.1704709132,6.1704709132,6.1704709132,6.17047091325,6.17047091325,6.1704709133,6.1704709133,2.30476430987,2.30476430987,2.30476430991,2.3047643099,2.3047643099,2.3047643099,0.8103524094,0,0.7055126486,0.70551264866,0.70551264866,2.9000858091,2.90008580914,2.90008580914,2.90008580914,3.2604134258,3.26041342582,3.26041342582,3.26041342616,3.26041342545,3.26041342545,3.2604134259,3.2604134259,3.2604134259,7.78656004534,7.78656004534,7.78656004534,7.78656004518,7.78656004518,7.78656004518,7.78656004518,7.78656004518,7.78656004518,7.78656004518,7.78656004518,7.78656004518,7.78656004509,7.78656004519,7.78656004519,7.78656004528,7.78656004528,7.78656004509,7.78656004509,7.78656004509,7.78656004509,7.78656004479,7.78656004534,7.78656004536,7.78656004536,7.78656004514,7.78656004514,7.78656004514,7.78656004514,7.78656004514,7.78656004514,7.78656004511,7.78656004511,7.78656004517,7.78656004517,7.78656004517,7.78656004517,7.78656004517,7.78656004504,7.78656004504,7.7865600451,7.7865600451
"t58",6.72727218744,6.72727218744,6.72727218744,6.72727218764,6.72727218774,6.72727218774,6.6129551883,6.6129551883,6.6129551883,6.6129551883,6.61295518833,6.61295518861,6.61295518821,6.61295518821,6.61295518821,6.61295518831,6.6129551882,6.6129551882,6.6129551883,6.61295518818,6.61295518818,6.61295518821,6.61295518821,6.61295518821,6.61295518821,6.612955188184,6.612955188184,6.1704709132,6.1704709132,6.1704709132,6.17047091325,6.17047091325,6.1704709133,6.1704709133,2.30476430987,2.30476430987,2.30476430991,2.3047643099,2.3047643099,2.3047643099,0.8103524094,0.7055126486,0,0.46072502186,0.46072502186,2.9000858091,2.90008580914,2.90008580914,2.90008580914,3.2604134258,3.26041342582,3.26041342582,3.26041342616,3.26041342545,3.26041342545,3.2604134259,3.2604134259,3.2604134259,7.78656004534,7.78656004534,7.78656004534,7.78656004518,7.78656004518,7.78656004518,7.78656004518,7.78656004518,7.78656004518,7.78656004518,7.78656004518,7.78656004518,7.78656004509,7.78656004519,7.78656004519,7.78656004528,7.78656004528,7.78656004509,7.78656004509,7.78656004509,7.78656004509,7.78656004479,7.78656004534,7.78656004536,7.78656004536,7.78656004514,7.78656004514,7.78656004514,7.78656004514,7.78656004514,7.78656004514,7.78656004511,7.78656004511,7.78656004517,7.78656004517,7.78656004517,7.78656004517,7.78656004517,7.78656004504,7.78656004504,7.7865600451,7.7865600451
"t87",6.7272721875,6.7272721875,6.7272721875,6.7272721877,6.7272721878,6.7272721878,6.61295518836,6.61295518836,6.61295518836,6.61295518836,6.61295518839,6.61295518867,6.61295518827,6.61295518827,6.61295518827,6.61295518837,6.61295518826,6.61295518826,6.61295518836,6.61295518824,6.61295518824,6.61295518827,6.61295518827,6.61295518827,6.61295518827,6.612955188244,6.612955188244,6.17047091326,6.17047091326,6.17047091326,6.17047091331,6.17047091331,6.17047091336,6.17047091336,2.30476430993,2.30476430993,2.30476430997,2.30476430996,2.30476430996,2.30476430996,0.81035240946,0.70551264866,0.46072502186,0,0.11531098232,2.90008580916,2.9000858092,2.9000858092,2.9000858092,3.26041342586,3.26041342588,3.26041342588,3.26041342622,3.26041342551,3.26041342551,3.26041342596,3.26041342596,3.26041342596,7.7865600454,7.7865600454,7.7865600454,7.78656004524,7.78656004524,7.78656004524,7.78656004524,7.78656004524,7.78656004524,7.78656004524,7.78656004524,7.78656004524,7.78656004515,7.78656004525,7.78656004525,7.78656004534,7.78656004534,7.78656004515,7.78656004515,7.78656004515,7.78656004515,7.78656004485,7.7865600454,7.78656004542,7.78656004542,7.7865600452,7.7865600452,7.7865600452,7.7865600452,7.7865600452,7.7865600452,7.78656004517,7.78656004517,7.78656004523,7.78656004523,7.78656004523,7.78656004523,7.78656004523,7.7865600451,7.7865600451,7.78656004516,7.78656004516
"t88",6.7272721875,6.7272721875,6.7272721875,6.7272721877,6.7272721878,6.7272721878,6.61295518836,6.61295518836,6.61295518836,6.61295518836,6.61295518839,6.61295518867,6.61295518827,6.61295518827,6.61295518827,6.61295518837,6.61295518826,6.61295518826,6.61295518836,6.61295518824,6.61295518824,6.61295518827,6.61295518827,6.61295518827,6.61295518827,6.612955188244,6.612955188244,6.17047091326,6.17047091326,6.17047091326,6.17047091331,6.17047091331,6.17047091336,6.17047091336,2.30476430993,2.30476430993,2.30476430997,2.30476430996,2.30476430996,2.30476430996,0.81035240946,0.70551264866,0.46072502186,0.11531098232,0,2.90008580916,2.9000858092,2.9000858092,2.9000858092,3.26041342586,3.26041342588,3.26041342588,3.26041342622,3.26041342551,3.26041342551,3.26041342596,3.26041342596,3.26041342596,7.7865600454,7.7865600454,7.7865600454,7.78656004524,7.78656004524,7.78656004524,7.78656004524,7.78656004524,7.78656004524,7.78656004524,7.78656004524,7.78656004524,7.78656004515,7.78656004525,7.78656004525,7.78656004534,7.78656004534,7.78656004515,7.78656004515,7.78656004515,7.78656004515,7.78656004485,7.7865600454,7.78656004542,7.78656004542,7.7865600452,7.7865600452,7.7865600452,7.7865600452,7.7865600452,7.7865600452,7.78656004517,7.78656004517,7.78656004523,7.78656004523,7.78656004523,7.78656004523,7.78656004523,7.7865600451,7.7865600451,7.78656004516,7.78656004516
"t19",6.72727218754,6.72727218754,6.72727218754,6.72727218774,6.72727218784,6.72727218784,6.6129551884,6.6129551884,6.6129551884,6.6129551884,6.61295518843,6.61295518871,6.61295518831,6.61295518831,6.61295518831,6.61295518841,6.6129551883,6.6129551883,6.6129551884,6.61295518828,6.61295518828,6.61295518831,6.61295518831,6.61295518831,6.61295518831,6.612955188284,6.612955188284,6.1704709133,6.1704709133,6.1704709133,6.17047091335,6.17047091335,6.1704709134,6.1704709134,2.90008580917,2.90008580917,2.90008580921,2.9000858092,2.9000858092,2.9000858092,2.9000858091,2.9000858091,2.9000858091,2.90008580916,2.90008580916,0,1.27178295784,1.27178295784,1.27178295784,3.2604134259,3.26041342592,3.26041342592,3.26041342626,3.26041342555,3.26041342555,3.260413426,3.260413426,3.260413426,7.78656004544,7.78656004544,7.78656004544,7.78656004528,7.78656004528,7.78656004528,7.78656004528,7.78656004528,7.78656004528,7.78656004528,7.78656004528,7.78656004528,7.78656004519,7.78656004529,7.78656004529,7.78656004538,7.78656004538,7.78656004519,7.78656004519,7.78656004519,7.78656004519,7.78656004489,7.78656004544,7.78656004546,7.78656004546,7.78656004524,7.78656004524,7.78656004524,7.78656004524,7.78656004524,7.78656004524,7.78656004521,7.78656004521,7.78656004527,7.78656004527,7.78656004527,7.78656004527,7.78656004527,7.78656004514,7.78656004514,7.7865600452,7.7865600452
"t84",6.72727218758,6.72727218758,6.72727218758,6.72727218778,6.72727218788,6.72727218788,6.61295518844,6.61295518844,6.61295518844,6.61295518844,6.61295518847,6.61295518875,6.61295518835,6.61295518835,6.61295518835,6.61295518845,6.61295518834,6.61295518834,6.61295518844,6.61295518832,6.61295518832,6.61295518835,6.61295518835,6.61295518835,6.61295518835,6.612955188324,6.612955188324,6.17047091334,6.17047091334,6.17047091334,6.17047091339,6.17047091339,6.17047091344,6.17047091344,2.90008580921,2.90008580921,2.90008580925,2.90008580924,2.90008580924,2.90008580924,2.90008580914,2.90008580914,2.90008580914,2.9000858092,2.9000858092,1.27178295784,0,0.13967988488,0.13967988488,3.26041342594,3.26041342596,3.26041342596,3.2604134263,3.26041342559,3.26041342559,3.26041342604,3.26041342604,3.26041342604,7.78656004548,7.78656004548,7.78656004548,7.78656004532,7.78656004532,7.78656004532,7.78656004532,7.78656004532,7.78656004532,7.78656004532,7.78656004532,7.78656004532,7.78656004523,7.78656004533,7.78656004533,7.78656004542,7.78656004542,7.78656004523,7.78656004523,7.78656004523,7.78656004523,7.78656004493,7.78656004548,7.7865600455,7.7865600455,7.78656004528,7.78656004528,7.78656004528,7.78656004528,7.78656004528,7.78656004528,7.78656004525,7.78656004525,7.78656004531,7.78656004531,7.78656004531,7.78656004531,7.78656004531,7.78656004518,7.78656004518,7.78656004524,7.78656004524
"t91",6.72727218758,6.72727218758,6.72727218758,6.72727218778,6.72727218788,6.72727218788,6.61295518844,6.61295518844,6.61295518844,6.61295518844,6.61295518847,6.61295518875,6.61295518835,6.61295518835,6.61295518835,6.61295518845,6.61295518834,6.61295518834,6.61295518844,6.61295518832,6.61295518832,6.61295518835,6.61295518835,6.61295518835,6.61295518835,6.612955188324,6.612955188324,6.17047091334,6.17047091334,6.17047091334,6.17047091339,6.17047091339,6.17047091344,6.17047091344,2.90008580921,2.90008580921,2.90008580925,2.90008580924,2.90008580924,2.90008580924,2.90008580914,2.90008580914,2.90008580914,2.9000858092,2.9000858092,1.27178295784,0.13967988488,0,0.09709577022,3.26041342594,3.26041342596,3.26041342596,3.2604134263,3.26041342559,3.26041342559,3.26041342604,3.26041342604,3.26041342604,7.78656004548,7.78656004548,7.78656004548,7.78656004532,7.78656004532,7.78656004532,7.78656004532,7.78656004532,7.78656004532,7.78656004532,7.78656004532,7.78656004532,7.78656004523,7.78656004533,7.78656004533,7.78656004542,7.78656004542,7.78656004523,7.78656004523,7.78656004523,7.78656004523,7.78656004493,7.78656004548,7.7865600455,7.7865600455,7.78656004528,7.78656004528,7.78656004528,7.78656004528,7.78656004528,7.78656004528,7.78656004525,7.78656004525,7.78656004531,7.78656004531,7.78656004531,7.78656004531,7.78656004531,7.78656004518,7.78656004518,7.78656004524,7.78656004524
"t92",6.72727218758,6.72727218758,6.72727218758,6.72727218778,6.72727218788,6.72727218788,6.61295518844,6.61295518844,6.61295518844,6.61295518844,6.61295518847,6.61295518875,6.61295518835,6.61295518835,6.61295518835,6.61295518845,6.61295518834,6.61295518834,6.61295518844,6.61295518832,6.61295518832,6.61295518835,6.61295518835,6.61295518835,6.61295518835,6.612955188324,6.612955188324,6.17047091334,6.17047091334,6.17047091334,6.17047091339,6.17047091339,6.17047091344,6.17047091344,2.90008580921,2.90008580921,2.90008580925,2.90008580924,2.90008580924,2.90008580924,2.90008580914,2.90008580914,2.90008580914,2.9000858092,2.9000858092,1.27178295784,0.13967988488,0.09709577022,0,3.26041342594,3.26041342596,3.26041342596,3.2604134263,3.26041342559,3.26041342559,3.26041342604,3.26041342604,3.26041342604,7.78656004548,7.78656004548,7.78656004548,7.78656004532,7.78656004532,7.78656004532,7.78656004532,7.78656004532,7.78656004532,7.78656004532,7.78656004532,7.78656004532,7.78656004523,7.78656004533,7.78656004533,7.78656004542,7.78656004542,7.78656004523,7.78656004523,7.78656004523,7.78656004523,7.78656004493,7.78656004548,7.7865600455,7.7865600455,7.78656004528,7.78656004528,7.78656004528,7.78656004528,7.78656004528,7.78656004528,7.78656004525,7.78656004525,7.78656004531,7.78656004531,7.78656004531,7.78656004531,7.78656004531,7.78656004518,7.78656004518,7.78656004524,7.78656004524
"t67",6.72727218744,6.72727218744,6.72727218744,6.72727218764,6.72727218774,6.72727218774,6.6129551883,6.6129551883,6.6129551883,6.6129551883,6.61295518833,6.61295518861,6.61295518821,6.61295518821,6.61295518821,6.61295518831,6.6129551882,6.6129551882,6.6129551883,6.61295518818,6.61295518818,6.61295518821,6.61295518821,6.61295518821,6.61295518821,6.612955188184,6.612955188184,6.1704709132,6.1704709132,6.1704709132,6.17047091325,6.17047091325,6.1704709133,6.1704709133,3.26041342587,3.26041342587,3.26041342591,3.2604134259,3.2604134259,3.2604134259,3.2604134258,3.2604134258,3.2604134258,3.26041342586,3.26041342586,3.2604134259,3.26041342594,3.26041342594,3.26041342594,0,0.34716938342,0.34716938342,2.17234960556,2.17234960485,2.17234960485,2.6382694643,2.6382694643,2.6382694643,7.78656004534,7.78656004534,7.78656004534,7.78656004518,7.78656004518,7.78656004518,7.78656004518,7.78656004518,7.78656004518,7.78656004518,7.78656004518,7.78656004518,7.78656004509,7.78656004519,7.78656004519,7.78656004528,7.78656004528,7.78656004509,7.78656004509,7.78656004509,7.78656004509,7.78656004479,7.78656004534,7.78656004536,7.78656004536,7.78656004514,7.78656004514,7.78656004514,7.78656004514,7.78656004514,7.78656004514,7.78656004511,7.78656004511,7.78656004517,7.78656004517,7.78656004517,7.78656004517,7.78656004517,7.78656004504,7.78656004504,7.7865600451,7.7865600451
"t70",6.72727218746,6.72727218746,6.72727218746,6.72727218766,6.72727218776,6.72727218776,6.61295518832,6.61295518832,6.61295518832,6.61295518832,6.61295518835,6.61295518863,6.61295518823,6.61295518823,6.61295518823,6.61295518833,6.61295518822,6.61295518822,6.61295518832,6.6129551882,6.6129551882,6.61295518823,6.61295518823,6.61295518823,6.61295518823,6.612955188204,6.612955188204,6.17047091322,6.17047091322,6.17047091322,6.17047091327,6.17047091327,6.17047091332,6.17047091332,3.26041342589,3.26041342589,3.26041342593,3.26041342592,3.26041342592,3.26041342592,3.26041342582,3.26041342582,3.26041342582,3.26041342588,3.26041342588,3.26041342592,3.26041342596,3.26041342596,3.26041342596,0.34716938342,0,0.3107898936,2.17234960558,2.17234960487,2.17234960487,2.63826946432,2.63826946432,2.63826946432,7.78656004536,7.78656004536,7.78656004536,7.7865600452,7.7865600452,7.7865600452,7.7865600452,7.7865600452,7.7865600452,7.7865600452,7.7865600452,7.7865600452,7.78656004511,7.78656004521,7.78656004521,7.7865600453,7.7865600453,7.78656004511,7.78656004511,7.78656004511,7.78656004511,7.78656004481,7.78656004536,7.78656004538,7.78656004538,7.78656004516,7.78656004516,7.78656004516,7.78656004516,7.78656004516,7.78656004516,7.78656004513,7.78656004513,7.78656004519,7.78656004519,7.78656004519,7.78656004519,7.78656004519,7.78656004506,7.78656004506,7.78656004512,7.78656004512
"t71",6.72727218746,6.72727218746,6.72727218746,6.72727218766,6.72727218776,6.72727218776,6.61295518832,6.61295518832,6.61295518832,6.61295518832,6.61295518835,6.61295518863,6.61295518823,6.61295518823,6.61295518823,6.61295518833,6.61295518822,6.61295518822,6.61295518832,6.6129551882,6.6129551882,6.61295518823,6.61295518823,6.61295518823,6.61295518823,6.612955188204,6.612955188204,6.17047091322,6.17047091322,6.17047091322,6.17047091327,6.17047091327,6.17047091332,6.17047091332,3.26041342589,3.26041342589,3.26041342593,3.26041342592,3.26041342592,3.26041342592,3.26041342582,3.26041342582,3.26041342582,3.26041342588,3.26041342588,3.26041342592,3.26041342596,3.26041342596,3.26041342596,0.34716938342,0.3107898936,0,2.17234960558,2.17234960487,2.17234960487,2.63826946432,2.63826946432,2.63826946432,7.78656004536,7.78656004536,7.78656004536,7.7865600452,7.7865600452,7.7865600452,7.7865600452,7.7865600452,7.7865600452,7.7865600452,7.7865600452,7.7865600452,7.78656004511,7.78656004521,7.78656004521,7.7865600453,7.7865600453,7.78656004511,7.78656004511,7.78656004511,7.78656004511,7.78656004481,7.78656004536,7.78656004538,7.78656004538,7.78656004516,7.78656004516,7.78656004516,7.78656004516,7.78656004516,7.78656004516,7.78656004513,7.78656004513,7.78656004519,7.78656004519,7.78656004519,7.78656004519,7.78656004519,7.78656004506,7.78656004506,7.78656004512,7.78656004512
"t8",6.7272721878,6.7272721878,6.7272721878,6.727272188,6.7272721881,6.7272721881,6.61295518866,6.61295518866,6.61295518866,6.61295518866,6.61295518869,6.61295518897,6.61295518857,6.61295518857,6.61295518857,6.61295518867,6.61295518856,6.61295518856,6.61295518866,6.61295518854,6.61295518854,6.61295518857,6.61295518857,6.61295518857,6.61295518857,6.612955188544,6.612955188544,6.17047091356,6.17047091356,6.17047091356,6.17047091361,6.17047091361,6.17047091366,6.17047091366,3.26041342623,3.26041342623,3.26041342627,3.26041342626,3.26041342626,3.26041342626,3.26041342616,3.26041342616,3.26041342616,3.26041342622,3.26041342622,3.26041342626,3.2604134263,3.2604134263,3.2604134263,2.17234960556,2.17234960558,2.17234960558,0,2.14133603929,2.14133603929,2.63826946466,2.63826946466,2.63826946466,7.7865600457,7.7865600457,7.7865600457,7.78656004554,7.78656004554,7.78656004554,7.78656004554,7.78656004554,7.78656004554,7.78656004554,7.78656004554,7.78656004554,7.78656004545,7.78656004555,7.78656004555,7.78656004564,7.78656004564,7.78656004545,7.78656004545,7.78656004545,7.78656004545,7.78656004515,7.7865600457,7.78656004572,7.78656004572,7.7865600455,7.7865600455,7.7865600455,7.7865600455,7.7865600455,7.7865600455,7.78656004547,7.78656004547,7.78656004553,7.78656004553,7.78656004553,7.78656004553,7.78656004553,7.7865600454,7.7865600454,7.78656004546,7.78656004546
"t85",6.72727218709,6.72727218709,6.72727218709,6.72727218729,6.72727218739,6.72727218739,6.61295518795,6.61295518795,6.61295518795,6.61295518795,6.61295518798,6.61295518826,6.61295518786,6.61295518786,6.61295518786,6.61295518796,6.61295518785,6.61295518785,6.61295518795,6.61295518783,6.61295518783,6.61295518786,6.61295518786,6.61295518786,6.61295518786,6.612955187834,6.612955187834,6.17047091285,6.17047091285,6.17047091285,6.1704709129,6.1704709129,6.17047091295,6.17047091295,3.26041342552,3.26041342552,3.26041342556,3.26041342555,3.26041342555,3.26041342555,3.26041342545,3.26041342545,3.26041342545,3.26041342551,3.26041342551,3.26041342555,3.26041342559,3.26041342559,3.26041342559,2.17234960485,2.17234960487,2.17234960487,2.14133603929,0,0.11754815658,2.63826946395,2.63826946395,2.63826946395,7.78656004499,7.78656004499,7.78656004499,7.78656004483,7.78656004483,7.78656004483,7.78656004483,7.78656004483,7.78656004483,7.78656004483,7.78656004483,7.78656004483,7.78656004474,7.78656004484,7.78656004484,7.78656004493,7.78656004493,7.78656004474,7.78656004474,7.78656004474,7.78656004474,7.78656004444,7.78656004499,7.78656004501,7.78656004501,7.78656004479,7.78656004479,7.78656004479,7.78656004479,7.78656004479,7.78656004479,7.78656004476,7.78656004476,7.78656004482,7.78656004482,7.78656004482,7.78656004482,7.78656004482,7.78656004469,7.78656004469,7.78656004475,7.78656004475
"t86",6.72727218709,6.72727218709,6.72727218709,6.72727218729,6.72727218739,6.72727218739,6.61295518795,6.61295518795,6.61295518795,6.61295518795,6.61295518798,6.61295518826,6.61295518786,6.61295518786,6.61295518786,6.61295518796,6.61295518785,6.61295518785,6.61295518795,6.61295518783,6.61295518783,6.61295518786,6.61295518786,6.61295518786,6.61295518786,6.612955187834,6.612955187834,6.17047091285,6.17047091285,6.17047091285,6.1704709129,6.1704709129,6.17047091295,6.17047091295,3.26041342552,3.26041342552,3.26041342556,3.26041342555,3.26041342555,3.26041342555,3.26041342545,3.26041342545,3.26041342545,3.26041342551,3.26041342551,3.26041342555,3.26041342559,3.26041342559,3.26041342559,2.17234960485,2.17234960487,2.17234960487,2.14133603929,0.11754815658,0,2.63826946395,2.63826946395,2.63826946395,7.78656004499,7.78656004499,7.78656004499,7.78656004483,7.78656004483,7.78656004483,7.78656004483,7.78656004483,7.78656004483,7.78656004483,7.78656004483,7.78656004483,7.78656004474,7.78656004484,7.78656004484,7.78656004493,7.78656004493,7.78656004474,7.78656004474,7.78656004474,7.78656004474,7.78656004444,7.78656004499,7.78656004501,7.78656004501,7.78656004479,7.78656004479,7.78656004479,7.78656004479,7.78656004479,7.78656004479,7.78656004476,7.78656004476,7.78656004482,7.78656004482,7.78656004482,7.78656004482,7.78656004482,7.78656004469,7.78656004469,7.78656004475,7.78656004475
"t43",6.72727218754,6.72727218754,6.72727218754,6.72727218774,6.72727218784,6.72727218784,6.6129551884,6.6129551884,6.6129551884,6.6129551884,6.61295518843,6.61295518871,6.61295518831,6.61295518831,6.61295518831,6.61295518841,6.6129551883,6.6129551883,6.6129551884,6.61295518828,6.61295518828,6.61295518831,6.61295518831,6.61295518831,6.61295518831,6.612955188284,6.612955188284,6.1704709133,6.1704709133,6.1704709133,6.17047091335,6.17047091335,6.1704709134,6.1704709134,3.26041342597,3.26041342597,3.26041342601,3.260413426,3.260413426,3.260413426,3.2604134259,3.2604134259,3.2604134259,3.26041342596,3.26041342596,3.260413426,3.26041342604,3.26041342604,3.26041342604,2.6382694643,2.63826946432,2.63826946432,2.63826946466,2.63826946395,2.63826946395,0,0.749420093,0.9765901556,7.78656004544,7.78656004544,7.78656004544,7.78656004528,7.78656004528,7.78656004528,7.78656004528,7.78656004528,7.78656004528,7.78656004528,7.78656004528,7.78656004528,7.78656004519,7.78656004529,7.78656004529,7.78656004538,7.78656004538,7.78656004519,7.78656004519,7.78656004519,7.78656004519,7.78656004489,7.78656004544,7.78656004546,7.78656004546,7.78656004524,7.78656004524,7.78656004524,7.78656004524,7.78656004524,7.78656004524,7.78656004521,7.78656004521,7.78656004527,7.78656004527,7.78656004527,7.78656004527,7.78656004527,7.78656004514,7.78656004514,7.7865600452,7.7865600452
"t44",6.72727218754,6.72727218754,6.72727218754,6.72727218774,6.72727218784,6.72727218784,6.6129551884,6.6129551884,6.6129551884,6.6129551884,6.61295518843,6.61295518871,6.61295518831,6.61295518831,6.61295518831,6.61295518841,6.6129551883,6.6129551883,6.6129551884,6.61295518828,6.61295518828,6.61295518831,6.61295518831,6.61295518831,6.61295518831,6.612955188284,6.612955188284,6.1704709133,6.1704709133,6.1704709133,6.17047091335,6.17047091335,6.1704709134,6.1704709134,3.26041342597,3.26041342597,3.26041342601,3.260413426,3.260413426,3.260413426,3.2604134259,3.2604134259,3.2604134259,3.26041342596,3.26041342596,3.260413426,3.26041342604,3.26041342604,3.26041342604,2.6382694643,2.63826946432,2.63826946432,2.63826946466,2.63826946395,2.63826946395,0.749420093,0,0.9765901556,7.78656004544,7.78656004544,7.78656004544,7.78656004528,7.78656004528,7.78656004528,7.78656004528,7.78656004528,7.78656004528,7.78656004528,7.78656004528,7.78656004528,7.78656004519,7.78656004529,7.78656004529,7.78656004538,7.78656004538,7.78656004519,7.78656004519,7.78656004519,7.78656004519,7.78656004489,7.78656004544,7.78656004546,7.78656004546,7.78656004524,7.78656004524,7.78656004524,7.78656004524,7.78656004524,7.78656004524,7.78656004521,7.78656004521,7.78656004527,7.78656004527,7.78656004527,7.78656004527,7.78656004527,7.78656004514,7.78656004514,7.7865600452,7.7865600452
"t30",6.72727218754,6.72727218754,6.72727218754,6.72727218774,6.72727218784,6.72727218784,6.6129551884,6.6129551884,6.6129551884,6.6129551884,6.61295518843,6.61295518871,6.61295518831,6.61295518831,6.61295518831,6.61295518841,6.6129551883,6.6129551883,6.6129551884,6.61295518828,6.61295518828,6.61295518831,6.61295518831,6.61295518831,6.61295518831,6.612955188284,6.612955188284,6.1704709133,6.1704709133,6.1704709133,6.17047091335,6.17047091335,6.1704709134,6.1704709134,3.26041342597,3.26041342597,3.26041342601,3.260413426,3.260413426,3.260413426,3.2604134259,3.2604134259,3.2604134259,3.26041342596,3.26041342596,3.260413426,3.26041342604,3.26041342604,3.26041342604,2.6382694643,2.63826946432,2.63826946432,2.63826946466,2.63826946395,2.63826946395,0.9765901556,0.9765901556,0,7.78656004544,7.78656004544,7.78656004544,7.78656004528,7.78656004528,7.78656004528,7.78656004528,7.78656004528,7.78656004528,7.78656004528,7.78656004528,7.78656004528,7.78656004519,7.78656004529,7.78656004529,7.78656004538,7.78656004538,7.78656004519,7.78656004519,7.78656004519,7.78656004519,7.78656004489,7.78656004544,7.78656004546,7.78656004546,7.78656004524,7.78656004524,7.78656004524,7.78656004524,7.78656004524,7.78656004524,7.78656004521,7.78656004521,7.78656004527,7.78656004527,7.78656004527,7.78656004527,7.78656004527,7.78656004514,7.78656004514,7.7865600452,7.7865600452
"t41",7.7865600449,7.7865600449,7.7865600449,7.7865600451,7.7865600452,7.7865600452,7.78656004544,7.78656004544,7.78656004544,7.78656004544,7.78656004547,7.78656004575,7.78656004535,7.78656004535,7.78656004535,7.78656004545,7.78656004534,7.78656004534,7.78656004544,7.78656004532,7.78656004532,7.78656004535,7.78656004535,7.78656004535,7.78656004535,7.786560045324,7.786560045324,7.78656004474,7.78656004474,7.78656004474,7.78656004479,7.78656004479,7.78656004484,7.78656004484,7.78656004541,7.78656004541,7.78656004545,7.78656004544,7.78656004544,7.78656004544,7.78656004534,7.78656004534,7.78656004534,7.7865600454,7.7865600454,7.78656004544,7.78656004548,7.78656004548,7.78656004548,7.78656004534,7.78656004536,7.78656004536,7.7865600457,7.78656004499,7.78656004499,7.78656004544,7.78656004544,7.78656004544,0,0.7699922212,1.050400736,3.19750199984,3.19750199984,3.19750199984,3.19750199984,3.19750199984,3.19750199984,3.19750199984,3.19750199984,3.19750199984,3.19750199975,3.19750199985,3.19750199985,3.19750199994,3.19750199994,3.19750199975,3.19750199975,3.19750199975,3.19750199975,3.19750199945,6.078070072,7.02658676702,7.02658676702,7.0265867668,7.0265867668,7.0265867668,7.0265867668,7.0265867668,7.0265867668,7.02658676677,7.02658676677,7.02658676683,7.02658676683,7.02658676683,7.02658676683,7.02658676683,7.0265867667,7.0265867667,7.02658676676,7.02658676676
"t42",7.7865600449,7.7865600449,7.7865600449,7.7865600451,7.7865600452,7.7865600452,7.78656004544,7.78656004544,7.78656004544,7.78656004544,7.78656004547,7.78656004575,7.78656004535,7.78656004535,7.78656004535,7.78656004545,7.78656004534,7.78656004534,7.78656004544,7.78656004532,7.78656004532,7.78656004535,7.78656004535,7.78656004535,7.78656004535,7.786560045324,7.786560045324,7.78656004474,7.78656004474,7.78656004474,7.78656004479,7.78656004479,7.78656004484,7.78656004484,7.78656004541,7.78656004541,7.78656004545,7.78656004544,7.78656004544,7.78656004544,7.78656004534,7.78656004534,7.78656004534,7.7865600454,7.7865600454,7.78656004544,7.78656004548,7.78656004548,7.78656004548,7.78656004534,7.78656004536,7.78656004536,7.7865600457,7.78656004499,7.78656004499,7.78656004544,7.78656004544,7.78656004544,0.7699922212,0,1.050400736,3.19750199984,3.19750199984,3.19750199984,3.19750199984,3.19750199984,3.19750199984,3.19750199984,3.19750199984,3.19750199984,3.19750199975,3.19750199985,3.19750199985,3.19750199994,3.19750199994,3.19750199975,3.19750199975,3.19750199975,3.19750199975,3.19750199945,6.078070072,7.02658676702,7.02658676702,7.0265867668,7.0265867668,7.0265867668,7.0265867668,7.0265867668,7.0265867668,7.02658676677,7.02658676677,7.02658676683,7.02658676683,7.02658676683,7.02658676683,7.02658676683,7.0265867667,7.0265867667,7.02658676676,7.02658676676
"t27",7.7865600449,7.7865600449,7.7865600449,7.7865600451,7.7865600452,7.7865600452,7.78656004544,7.78656004544,7.78656004544,7.78656004544,7.78656004547,7.78656004575,7.78656004535,7.78656004535,7.78656004535,7.78656004545,7.78656004534,7.78656004534,7.78656004544,7.78656004532,7.78656004532,7.78656004535,7.78656004535,7.78656004535,7.78656004535,7.786560045324,7.786560045324,7.78656004474,7.78656004474,7.78656004474,7.78656004479,7.78656004479,7.78656004484,7.78656004484,7.78656004541,7.78656004541,7.78656004545,7.78656004544,7.78656004544,7.78656004544,7.78656004534,7.78656004534,7.78656004534,7.7865600454,7.7865600454,7.78656004544,7.78656004548,7.78656004548,7.78656004548,7.78656004534,7.78656004536,7.78656004536,7.7865600457,7.78656004499,7.78656004499,7.78656004544,7.78656004544,7.78656004544,1.050400736,1.050400736,0,3.19750199984,3.19750199984,3.19750199984,3.19750199984,3.19750199984,3.19750199984,3.19750199984,3.19750199984,3.19750199984,3.19750199975,3.19750199985,3.19750199985,3.19750199994,3.19750199994,3.19750199975,3.19750199975,3.19750199975,3.19750199975,3.19750199945,6.078070072,7.02658676702,7.02658676702,7.0265867668,7.0265867668,7.0265867668,7.0265867668,7.0265867668,7.0265867668,7.02658676677,7.02658676677,7.02658676683,7.02658676683,7.02658676683,7.02658676683,7.02658676683,7.0265867667,7.0265867667,7.02658676676,7.02658676676
"t13",7.78656004474,7.78656004474,7.78656004474,7.78656004494,7.78656004504,7.78656004504,7.78656004528,7.78656004528,7.78656004528,7.78656004528,7.78656004531,7.78656004559,7.78656004519,7.78656004519,7.78656004519,7.78656004529,7.78656004518,7.78656004518,7.78656004528,7.78656004516,7.78656004516,7.78656004519,7.78656004519,7.78656004519,7.78656004519,7.786560045164,7.786560045164,7.78656004458,7.78656004458,7.78656004458,7.78656004463,7.78656004463,7.78656004468,7.78656004468,7.78656004525,7.78656004525,7.78656004529,7.78656004528,7.78656004528,7.78656004528,7.78656004518,7.78656004518,7.78656004518,7.78656004524,7.78656004524,7.78656004528,7.78656004532,7.78656004532,7.78656004532,7.78656004518,7.7865600452,7.7865600452,7.78656004554,7.78656004483,7.78656004483,7.78656004528,7.78656004528,7.78656004528,3.19750199984,3.19750199984,3.19750199984,0,1.6335783992,1.6335783992,1.6335783992,1.9291884532,1.9291884532,1.9291884532,2.5229642534,2.5229642534,3.17495626571,3.17495626581,3.17495626581,3.1749562659,3.1749562659,3.17495626571,3.17495626571,3.17495626571,3.17495626571,3.17495626541,6.07807007184,7.02658676686,7.02658676686,7.02658676664,7.02658676664,7.02658676664,7.02658676664,7.02658676664,7.02658676664,7.02658676661,7.02658676661,7.02658676667,7.02658676667,7.02658676667,7.02658676667,7.02658676667,7.02658676654,7.02658676654,7.0265867666,7.0265867666
"t68",7.78656004474,7.78656004474,7.78656004474,7.78656004494,7.78656004504,7.78656004504,7.78656004528,7.78656004528,7.78656004528,7.78656004528,7.78656004531,7.78656004559,7.78656004519,7.78656004519,7.78656004519,7.78656004529,7.78656004518,7.78656004518,7.78656004528,7.78656004516,7.78656004516,7.78656004519,7.78656004519,7.78656004519,7.78656004519,7.786560045164,7.786560045164,7.78656004458,7.78656004458,7.78656004458,7.78656004463,7.78656004463,7.78656004468,7.78656004468,7.78656004525,7.78656004525,7.78656004529,7.78656004528,7.78656004528,7.78656004528,7.78656004518,7.78656004518,7.78656004518,7.78656004524,7.78656004524,7.78656004528,7.78656004532,7.78656004532,7.78656004532,7.78656004518,7.7865600452,7.7865600452,7.78656004554,7.78656004483,7.78656004483,7.78656004528,7.78656004528,7.78656004528,3.19750199984,3.19750199984,3.19750199984,1.6335783992,0,0.3117911424,0.5350008158,1.9291884532,1.9291884532,1.9291884532,2.5229642534,2.5229642534,3.17495626571,3.17495626581,3.17495626581,3.1749562659,3.1749562659,3.17495626571,3.17495626571,3.17495626571,3.17495626571,3.17495626541,6.07807007184,7.02658676686,7.02658676686,7.02658676664,7.02658676664,7.02658676664,7.02658676664,7.02658676664,7.02658676664,7.02658676661,7.02658676661,7.02658676667,7.02658676667,7.02658676667,7.02658676667,7.02658676667,7.02658676654,7.02658676654,7.0265867666,7.0265867666
"t69",7.78656004474,7.78656004474,7.78656004474,7.78656004494,7.78656004504,7.78656004504,7.78656004528,7.78656004528,7.78656004528,7.78656004528,7.78656004531,7.78656004559,7.78656004519,7.78656004519,7.78656004519,7.78656004529,7.78656004518,7.78656004518,7.78656004528,7.78656004516,7.78656004516,7.78656004519,7.78656004519,7.78656004519,7.78656004519,7.786560045164,7.786560045164,7.78656004458,7.78656004458,7.78656004458,7.78656004463,7.78656004463,7.78656004468,7.78656004468,7.78656004525,7.78656004525,7.78656004529,7.78656004528,7.78656004528,7.78656004528,7.78656004518,7.78656004518,7.78656004518,7.78656004524,7.78656004524,7.78656004528,7.78656004532,7.78656004532,7.78656004532,7.78656004518,7.7865600452,7.7865600452,7.78656004554,7.78656004483,7.78656004483,7.78656004528,7.78656004528,7.78656004528,3.19750199984,3.19750199984,3.19750199984,1.6335783992,0.3117911424,0,0.5350008158,1.9291884532,1.9291884532,1.9291884532,2.5229642534,2.5229642534,3.17495626571,3.17495626581,3.17495626581,3.1749562659,3.1749562659,3.17495626571,3.17495626571,3.17495626571,3.17495626571,3.17495626541,6.07807007184,7.02658676686,7.02658676686,7.02658676664,7.02658676664,7.02658676664,7.02658676664,7.02658676664,7.02658676664,7.02658676661,7.02658676661,7.02658676667,7.02658676667,7.02658676667,7.02658676667,7.02658676667,7.02658676654,7.02658676654,7.0265867666,7.0265867666
"t55",7.78656004474,7.78656004474,7.78656004474,7.78656004494,7.78656004504,7.78656004504,7.78656004528,7.78656004528,7.78656004528,7.78656004528,7.78656004531,7.78656004559,7.78656004519,7.78656004519,7.78656004519,7.78656004529,7.78656004518,7.78656004518,7.78656004528,7.78656004516,7.78656004516,7.78656004519,7.78656004519,7.78656004519,7.78656004519,7.786560045164,7.786560045164,7.78656004458,7.78656004458,7.78656004458,7.78656004463,7.78656004463,7.78656004468,7.78656004468,7.78656004525,7.78656004525,7.78656004529,7.78656004528,7.78656004528,7.78656004528,7.78656004518,7.78656004518,7.78656004518,7.78656004524,7.78656004524,7.78656004528,7.78656004532,7.78656004532,7.78656004532,7.78656004518,7.7865600452,7.7865600452,7.78656004554,7.78656004483,7.78656004483,7.78656004528,7.78656004528,7.78656004528,3.19750199984,3.19750199984,3.19750199984,1.6335783992,0.5350008158,0.5350008158,0,1.9291884532,1.9291884532,1.9291884532,2.5229642534,2.5229642534,3.17495626571,3.17495626581,3.17495626581,3.1749562659,3.1749562659,3.17495626571,3.17495626571,3.17495626571,3.17495626571,3.17495626541,6.07807007184,7.02658676686,7.02658676686,7.02658676664,7.02658676664,7.02658676664,7.02658676664,7.02658676664,7.02658676664,7.02658676661,7.02658676661,7.02658676667,7.02658676667,7.02658676667,7.02658676667,7.02658676667,7.02658676654,7.02658676654,7.0265867666,7.0265867666
"t22",7.78656004474,7.78656004474,7.78656004474,7.78656004494,7.78656004504,7.78656004504,7.78656004528,7.78656004528,7.78656004528,7.78656004528,7.78656004531,7.78656004559,7.78656004519,7.78656004519,7.78656004519,7.78656004529,7.78656004518,7.78656004518,7.78656004528,7.78656004516,7.78656004516,7.78656004519,7.78656004519,7.78656004519,7.78656004519,7.786560045164,7.786560045164,7.78656004458,7.78656004458,7.78656004458,7.78656004463,7.78656004463,7.78656004468,7.78656004468,7.78656004525,7.78656004525,7.78656004529,7.78656004528,7.78656004528,7.78656004528,7.78656004518,7.78656004518,7.78656004518,7.78656004524,7.78656004524,7.78656004528,7.78656004532,7.78656004532,7.78656004532,7.78656004518,7.7865600452,7.7865600452,7.78656004554,7.78656004483,7.78656004483,7.78656004528,7.78656004528,7.78656004528,3.19750199984,3.19750199984,3.19750199984,1.9291884532,1.9291884532,1.9291884532,1.9291884532,0,1.2272947442,1.2272947442,2.5229642534,2.5229642534,3.17495626571,3.17495626581,3.17495626581,3.1749562659,3.1749562659,3.17495626571,3.17495626571,3.17495626571,3.17495626571,3.17495626541,6.07807007184,7.02658676686,7.02658676686,7.02658676664,7.02658676664,7.02658676664,7.02658676664,7.02658676664,7.02658676664,7.02658676661,7.02658676661,7.02658676667,7.02658676667,7.02658676667,7.02658676667,7.02658676667,7.02658676654,7.02658676654,7.0265867666,7.0265867666
"t74",7.78656004474,7.78656004474,7.78656004474,7.78656004494,7.78656004504,7.78656004504,7.78656004528,7.78656004528,7.78656004528,7.78656004528,7.78656004531,7.78656004559,7.78656004519,7.78656004519,7.78656004519,7.78656004529,7.78656004518,7.78656004518,7.78656004528,7.78656004516,7.78656004516,7.78656004519,7.78656004519,7.78656004519,7.78656004519,7.786560045164,7.786560045164,7.78656004458,7.78656004458,7.78656004458,7.78656004463,7.78656004463,7.78656004468,7.78656004468,7.78656004525,7.78656004525,7.78656004529,7.78656004528,7.78656004528,7.78656004528,7.78656004518,7.78656004518,7.78656004518,7.78656004524,7.78656004524,7.78656004528,7.78656004532,7.78656004532,7.78656004532,7.78656004518,7.7865600452,7.7865600452,7.78656004554,7.78656004483,7.78656004483,7.78656004528,7.78656004528,7.78656004528,3.19750199984,3.19750199984,3.19750199984,1.9291884532,1.9291884532,1.9291884532,1.9291884532,1.2272947442,0,0.258035469,2.5229642534,2.5229642534,3.17495626571,3.17495626581,3.17495626581,3.1749562659,3.1749562659,3.17495626571,3.17495626571,3.17495626571,3.17495626571,3.17495626541,6.07807007184,7.02658676686,7.02658676686,7.02658676664,7.02658676664,7.02658676664,7.02658676664,7.02658676664,7.02658676664,7.02658676661,7.02658676661,7.02658676667,7.02658676667,7.02658676667,7.02658676667,7.02658676667,7.02658676654,7.02658676654,7.0265867666,7.0265867666
"t75",7.78656004474,7.78656004474,7.78656004474,7.78656004494,7.78656004504,7.78656004504,7.78656004528,7.78656004528,7.78656004528,7.78656004528,7.78656004531,7.78656004559,7.78656004519,7.78656004519,7.78656004519,7.78656004529,7.78656004518,7.78656004518,7.78656004528,7.78656004516,7.78656004516,7.78656004519,7.78656004519,7.78656004519,7.78656004519,7.786560045164,7.786560045164,7.78656004458,7.78656004458,7.78656004458,7.78656004463,7.78656004463,7.78656004468,7.78656004468,7.78656004525,7.78656004525,7.78656004529,7.78656004528,7.78656004528,7.78656004528,7.78656004518,7.78656004518,7.78656004518,7.78656004524,7.78656004524,7.78656004528,7.78656004532,7.78656004532,7.78656004532,7.78656004518,7.7865600452,7.7865600452,7.78656004554,7.78656004483,7.78656004483,7.78656004528,7.78656004528,7.78656004528,3.19750199984,3.19750199984,3.19750199984,1.9291884532,1.9291884532,1.9291884532,1.9291884532,1.2272947442,0.258035469,0,2.5229642534,2.5229642534,3.17495626571,3.17495626581,3.17495626581,3.1749562659,3.1749562659,3.17495626571,3.17495626571,3.17495626571,3.17495626571,3.17495626541,6.07807007184,7.02658676686,7.02658676686,7.02658676664,7.02658676664,7.02658676664,7.02658676664,7.02658676664,7.02658676664,7.02658676661,7.02658676661,7.02658676667,7.02658676667,7.02658676667,7.02658676667,7.02658676667,7.02658676654,7.02658676654,7.0265867666,7.0265867666
"t45",7.78656004474,7.78656004474,7.78656004474,7.78656004494,7.78656004504,7.78656004504,7.78656004528,7.78656004528,7.78656004528,7.78656004528,7.78656004531,7.78656004559,7.78656004519,7.78656004519,7.78656004519,7.78656004529,7.78656004518,7.78656004518,7.78656004528,7.78656004516,7.78656004516,7.78656004519,7.78656004519,7.78656004519,7.78656004519,7.786560045164,7.786560045164,7.78656004458,7.78656004458,7.78656004458,7.78656004463,7.78656004463,7.78656004468,7.78656004468,7.78656004525,7.78656004525,7.78656004529,7.78656004528,7.78656004528,7.78656004528,7.78656004518,7.78656004518,7.78656004518,7.78656004524,7.78656004524,7.78656004528,7.78656004532,7.78656004532,7.78656004532,7.78656004518,7.7865600452,7.7865600452,7.78656004554,7.78656004483,7.78656004483,7.78656004528,7.78656004528,7.78656004528,3.19750199984,3.19750199984,3.19750199984,2.5229642534,2.5229642534,2.5229642534,2.5229642534,2.5229642534,2.5229642534,2.5229642534,0,0.7447407868,3.17495626571,3.17495626581,3.17495626581,3.1749562659,3.1749562659,3.17495626571,3.17495626571,3.17495626571,3.17495626571,3.17495626541,6.07807007184,7.02658676686,7.02658676686,7.02658676664,7.02658676664,7.02658676664,7.02658676664,7.02658676664,7.02658676664,7.02658676661,7.02658676661,7.02658676667,7.02658676667,7.02658676667,7.02658676667,7.02658676667,7.02658676654,7.02658676654,7.0265867666,7.0265867666
"t46",7.78656004474,7.78656004474,7.78656004474,7.78656004494,7.78656004504,7.78656004504,7.78656004528,7.78656004528,7.78656004528,7.78656004528,7.78656004531,7.78656004559,7.78656004519,7.78656004519,7.78656004519,7.78656004529,7.78656004518,7.78656004518,7.78656004528,7.78656004516,7.78656004516,7.78656004519,7.78656004519,7.78656004519,7.78656004519,7.786560045164,7.786560045164,7.78656004458,7.78656004458,7.78656004458,7.78656004463,7.78656004463,7.78656004468,7.78656004468,7.78656004525,7.78656004525,7.78656004529,7.78656004528,7.78656004528,7.78656004528,7.78656004518,7.78656004518,7.78656004518,7.78656004524,7.78656004524,7.78656004528,7.78656004532,7.78656004532,7.78656004532,7.78656004518,7.7865600452,7.7865600452,7.78656004554,7.78656004483,7.78656004483,7.78656004528,7.78656004528,7.78656004528,3.19750199984,3.19750199984,3.19750199984,2.5229642534,2.5229642534,2.5229642534,2.5229642534,2.5229642534,2.5229642534,2.5229642534,0.7447407868,0,3.17495626571,3.17495626581,3.17495626581,3.1749562659,3.1749562659,3.17495626571,3.17495626571,3.17495626571,3.17495626571,3.17495626541,6.07807007184,7.02658676686,7.02658676686,7.02658676664,7.02658676664,7.02658676664,7.02658676664,7.02658676664,7.02658676664,7.02658676661,7.02658676661,7.02658676667,7.02658676667,7.02658676667,7.02658676667,7.02658676667,7.02658676654,7.02658676654,7.0265867666,7.0265867666
"t2",7.78656004465,7.78656004465,7.78656004465,7.78656004485,7.78656004495,7.78656004495,7.78656004519,7.78656004519,7.78656004519,7.78656004519,7.78656004522,7.7865600455,7.7865600451,7.7865600451,7.7865600451,7.7865600452,7.78656004509,7.78656004509,7.78656004519,7.78656004507,7.78656004507,7.7865600451,7.7865600451,7.7865600451,7.7865600451,7.786560045074,7.786560045074,7.78656004449,7.78656004449,7.78656004449,7.78656004454,7.78656004454,7.78656004459,7.78656004459,7.78656004516,7.78656004516,7.7865600452,7.78656004519,7.78656004519,7.78656004519,7.78656004509,7.78656004509,7.78656004509,7.78656004515,7.78656004515,7.78656004519,7.78656004523,7.78656004523,7.78656004523,7.78656004509,7.78656004511,7.78656004511,7.78656004545,7.78656004474,7.78656004474,7.78656004519,7.78656004519,7.78656004519,3.19750199975,3.19750199975,3.19750199975,3.17495626571,3.17495626571,3.17495626571,3.17495626571,3.17495626571,3.17495626571,3.17495626571,3.17495626571,3.17495626571,0,2.7984889761,2.7984889761,2.79848897619,2.79848897619,3.018568018,3.018568018,3.018568018,3.018568018,3.0185680177,6.07807007175,7.02658676677,7.02658676677,7.02658676655,7.02658676655,7.02658676655,7.02658676655,7.02658676655,7.02658676655,7.02658676652,7.02658676652,7.02658676658,7.02658676658,7.02658676658,7.02658676658,7.02658676658,7.02658676645,7.02658676645,7.02658676651,7.02658676651
"t11",7.78656004475,7.78656004475,7.78656004475,7.78656004495,7.78656004505,7.78656004505,7.78656004529,7.78656004529,7.78656004529,7.78656004529,7.78656004532,7.7865600456,7.7865600452,7.7865600452,7.7865600452,7.7865600453,7.78656004519,7.78656004519,7.78656004529,7.78656004517,7.78656004517,7.7865600452,7.7865600452,7.7865600452,7.7865600452,7.786560045174,7.786560045174,7.78656004459,7.78656004459,7.78656004459,7.78656004464,7.78656004464,7.78656004469,7.78656004469,7.78656004526,7.78656004526,7.7865600453,7.78656004529,7.78656004529,7.78656004529,7.78656004519,7.78656004519,7.78656004519,7.78656004525,7.78656004525,7.78656004529,7.78656004533,7.78656004533,7.78656004533,7.78656004519,7.78656004521,7.78656004521,7.78656004555,7.78656004484,7.78656004484,7.78656004529,7.78656004529,7.78656004529,3.19750199985,3.19750199985,3.19750199985,3.17495626581,3.17495626581,3.17495626581,3.17495626581,3.17495626581,3.17495626581,3.17495626581,3.17495626581,3.17495626581,2.7984889761,0,1.7166194864,1.71661948649,1.71661948649,3.0185680181,3.0185680181,3.0185680181,3.0185680181,3.0185680178,6.07807007185,7.02658676687,7.02658676687,7.02658676665,7.02658676665,7.02658676665,7.02658676665,7.02658676665,7.02658676665,7.02658676662,7.02658676662,7.02658676668,7.02658676668,7.02658676668,7.02658676668,7.02658676668,7.02658676655,7.02658676655,7.02658676661,7.02658676661
"t28",7.78656004475,7.78656004475,7.78656004475,7.78656004495,7.78656004505,7.78656004505,7.78656004529,7.78656004529,7.78656004529,7.78656004529,7.78656004532,7.7865600456,7.7865600452,7.7865600452,7.7865600452,7.7865600453,7.78656004519,7.78656004519,7.78656004529,7.78656004517,7.78656004517,7.7865600452,7.7865600452,7.7865600452,7.7865600452,7.786560045174,7.786560045174,7.78656004459,7.78656004459,7.78656004459,7.78656004464,7.78656004464,7.78656004469,7.78656004469,7.78656004526,7.78656004526,7.7865600453,7.78656004529,7.78656004529,7.78656004529,7.78656004519,7.78656004519,7.78656004519,7.78656004525,7.78656004525,7.78656004529,7.78656004533,7.78656004533,7.78656004533,7.78656004519,7.78656004521,7.78656004521,7.78656004555,7.78656004484,7.78656004484,7.78656004529,7.78656004529,7.78656004529,3.19750199985,3.19750199985,3.19750199985,3.17495626581,3.17495626581,3.17495626581,3.17495626581,3.17495626581,3.17495626581,3.17495626581,3.17495626581,3.17495626581,2.7984889761,1.7166194864,0,1.04435348349,1.04435348349,3.0185680181,3.0185680181,3.0185680181,3.0185680181,3.0185680178,6.07807007185,7.02658676687,7.02658676687,7.02658676665,7.02658676665,7.02658676665,7.02658676665,7.02658676665,7.02658676665,7.02658676662,7.02658676662,7.02658676668,7.02658676668,7.02658676668,7.02658676668,7.02658676668,7.02658676655,7.02658676655,7.02658676661,7.02658676661
"t34",7.78656004484,7.78656004484,7.78656004484,7.78656004504,7.78656004514,7.78656004514,7.78656004538,7.78656004538,7.78656004538,7.78656004538,7.78656004541,7.78656004569,7.78656004529,7.78656004529,7.78656004529,7.78656004539,7.78656004528,7.78656004528,7.78656004538,7.78656004526,7.78656004526,7.78656004529,7.78656004529,7.78656004529,7.78656004529,7.786560045264,7.786560045264,7.78656004468,7.78656004468,7.78656004468,7.78656004473,7.78656004473,7.78656004478,7.78656004478,7.78656004535,7.78656004535,7.78656004539,7.78656004538,7.78656004538,7.78656004538,7.78656004528,7.78656004528,7.78656004528,7.78656004534,7.78656004534,7.78656004538,7.78656004542,7.78656004542,7.78656004542,7.78656004528,7.7865600453,7.7865600453,7.78656004564,7.78656004493,7.78656004493,7.78656004538,7.78656004538,7.78656004538,3.19750199994,3.19750199994,3.19750199994,3.1749562659,3.1749562659,3.1749562659,3.1749562659,3.1749562659,3.1749562659,3.1749562659,3.1749562659,3.1749562659,2.79848897619,1.71661948649,1.04435348349,0,0.848938264,3.01856801819,3.01856801819,3.01856801819,3.01856801819,3.01856801789,6.07807007194,7.02658676696,7.02658676696,7.02658676674,7.02658676674,7.02658676674,7.02658676674,7.02658676674,7.02658676674,7.02658676671,7.02658676671,7.02658676677,7.02658676677,7.02658676677,7.02658676677,7.02658676677,7.02658676664,7.02658676664,7.0265867667,7.0265867667
"t35",7.78656004484,7.78656004484,7.78656004484,7.78656004504,7.78656004514,7.78656004514,7.78656004538,7.78656004538,7.78656004538,7.78656004538,7.78656004541,7.78656004569,7.78656004529,7.78656004529,7.78656004529,7.78656004539,7.78656004528,7.78656004528,7.78656004538,7.78656004526,7.78656004526,7.78656004529,7.78656004529,7.78656004529,7.78656004529,7.786560045264,7.786560045264,7.78656004468,7.78656004468,7.78656004468,7.78656004473,7.78656004473,7.78656004478,7.78656004478,7.78656004535,7.78656004535,7.78656004539,7.78656004538,7.78656004538,7.78656004538,7.78656004528,7.78656004528,7.78656004528,7.78656004534,7.78656004534,7.78656004538,7.78656004542,7.78656004542,7.78656004542,7.78656004528,7.7865600453,7.7865600453,7.78656004564,7.78656004493,7.78656004493,7.78656004538,7.78656004538,7.78656004538,3.19750199994,3.19750199994,3.19750199994,3.1749562659,3.1749562659,3.1749562659,3.1749562659,3.1749562659,3.1749562659,3.1749562659,3.1749562659,3.1749562659,2.79848897619,1.71661948649,1.04435348349,0.848938264,0,3.01856801819,3.01856801819,3.01856801819,3.01856801819,3.01856801789,6.07807007194,7.02658676696,7.02658676696,7.02658676674,7.02658676674,7.02658676674,7.02658676674,7.02658676674,7.02658676674,7.02658676671,7.02658676671,7.02658676677,7.02658676677,7.02658676677,7.02658676677,7.02658676677,7.02658676664,7.02658676664,7.0265867667,7.0265867667
"t61",7.78656004465,7.78656004465,7.78656004465,7.78656004485,7.78656004495,7.78656004495,7.78656004519,7.78656004519,7.78656004519,7.78656004519,7.78656004522,7.7865600455,7.7865600451,7.7865600451,7.7865600451,7.7865600452,7.78656004509,7.78656004509,7.78656004519,7.78656004507,7.78656004507,7.7865600451,7.7865600451,7.7865600451,7.7865600451,7.786560045074,7.786560045074,7.78656004449,7.78656004449,7.78656004449,7.78656004454,7.78656004454,7.78656004459,7.78656004459,7.78656004516,7.78656004516,7.7865600452,7.78656004519,7.78656004519,7.78656004519,7.78656004509,7.78656004509,7.78656004509,7.78656004515,7.78656004515,7.78656004519,7.78656004523,7.78656004523,7.78656004523,7.78656004509,7.78656004511,7.78656004511,7.78656004545,7.78656004474,7.78656004474,7.78656004519,7.78656004519,7.78656004519,3.19750199975,3.19750199975,3.19750199975,3.17495626571,3.17495626571,3.17495626571,3.17495626571,3.17495626571,3.17495626571,3.17495626571,3.17495626571,3.17495626571,3.018568018,3.0185680181,3.0185680181,3.01856801819,3.01856801819,0,0.4010186376,1.882037104,1.882037104,2.2783835663,6.07807007175,7.02658676677,7.02658676677,7.02658676655,7.02658676655,7.02658676655,7.02658676655,7.02658676655,7.02658676655,7.02658676652,7.02658676652,7.02658676658,7.02658676658,7.02658676658,7.02658676658,7.02658676658,7.02658676645,7.02658676645,7.02658676651,7.02658676651
"t62",7.78656004465,7.78656004465,7.78656004465,7.78656004485,7.78656004495,7.78656004495,7.78656004519,7.78656004519,7.78656004519,7.78656004519,7.78656004522,7.7865600455,7.7865600451,7.7865600451,7.7865600451,7.7865600452,7.78656004509,7.78656004509,7.78656004519,7.78656004507,7.78656004507,7.7865600451,7.7865600451,7.7865600451,7.7865600451,7.786560045074,7.786560045074,7.78656004449,7.78656004449,7.78656004449,7.78656004454,7.78656004454,7.78656004459,7.78656004459,7.78656004516,7.78656004516,7.7865600452,7.78656004519,7.78656004519,7.78656004519,7.78656004509,7.78656004509,7.78656004509,7.78656004515,7.78656004515,7.78656004519,7.78656004523,7.78656004523,7.78656004523,7.78656004509,7.78656004511,7.78656004511,7.78656004545,7.78656004474,7.78656004474,7.78656004519,7.78656004519,7.78656004519,3.19750199975,3.19750199975,3.19750199975,3.17495626571,3.17495626571,3.17495626571,3.17495626571,3.17495626571,3.17495626571,3.17495626571,3.17495626571,3.17495626571,3.018568018,3.0185680181,3.0185680181,3.01856801819,3.01856801819,0.4010186376,0,1.882037104,1.882037104,2.2783835663,6.07807007175,7.02658676677,7.02658676677,7.02658676655,7.02658676655,7.02658676655,7.02658676655,7.02658676655,7.02658676655,7.02658676652,7.02658676652,7.02658676658,7.02658676658,7.02658676658,7.02658676658,7.02658676658,7.02658676645,7.02658676645,7.02658676651,7.02658676651
"t78",7.78656004465,7.78656004465,7.78656004465,7.78656004485,7.78656004495,7.78656004495,7.78656004519,7.78656004519,7.78656004519,7.78656004519,7.78656004522,7.7865600455,7.7865600451,7.7865600451,7.7865600451,7.7865600452,7.78656004509,7.78656004509,7.78656004519,7.78656004507,7.78656004507,7.7865600451,7.7865600451,7.7865600451,7.7865600451,7.786560045074,7.786560045074,7.78656004449,7.78656004449,7.78656004449,7.78656004454,7.78656004454,7.78656004459,7.78656004459,7.78656004516,7.78656004516,7.7865600452,7.78656004519,7.78656004519,7.78656004519,7.78656004509,7.78656004509,7.78656004509,7.78656004515,7.78656004515,7.78656004519,7.78656004523,7.78656004523,7.78656004523,7.78656004509,7.78656004511,7.78656004511,7.78656004545,7.78656004474,7.78656004474,7.78656004519,7.78656004519,7.78656004519,3.19750199975,3.19750199975,3.19750199975,3.17495626571,3.17495626571,3.17495626571,3.17495626571,3.17495626571,3.17495626571,3.17495626571,3.17495626571,3.17495626571,3.018568018,3.0185680181,3.0185680181,3.01856801819,3.01856801819,1.882037104,1.882037104,0,0.2214948112,2.2783835663,6.07807007175,7.02658676677,7.02658676677,7.02658676655,7.02658676655,7.02658676655,7.02658676655,7.02658676655,7.02658676655,7.02658676652,7.02658676652,7.02658676658,7.02658676658,7.02658676658,7.02658676658,7.02658676658,7.02658676645,7.02658676645,7.02658676651,7.02658676651
"t79",7.78656004465,7.78656004465,7.78656004465,7.78656004485,7.78656004495,7.78656004495,7.78656004519,7.78656004519,7.78656004519,7.78656004519,7.78656004522,7.7865600455,7.7865600451,7.7865600451,7.7865600451,7.7865600452,7.78656004509,7.78656004509,7.78656004519,7.78656004507,7.78656004507,7.7865600451,7.7865600451,7.7865600451,7.7865600451,7.786560045074,7.786560045074,7.78656004449,7.78656004449,7.78656004449,7.78656004454,7.78656004454,7.78656004459,7.78656004459,7.78656004516,7.78656004516,7.7865600452,7.78656004519,7.78656004519,7.78656004519,7.78656004509,7.78656004509,7.78656004509,7.78656004515,7.78656004515,7.78656004519,7.78656004523,7.78656004523,7.78656004523,7.78656004509,7.78656004511,7.78656004511,7.78656004545,7.78656004474,7.78656004474,7.78656004519,7.78656004519,7.78656004519,3.19750199975,3.19750199975,3.19750199975,3.17495626571,3.17495626571,3.17495626571,3.17495626571,3.17495626571,3.17495626571,3.17495626571,3.17495626571,3.17495626571,3.018568018,3.0185680181,3.0185680181,3.01856801819,3.01856801819,1.882037104,1.882037104,0.2214948112,0,2.2783835663,6.07807007175,7.02658676677,7.02658676677,7.02658676655,7.02658676655,7.02658676655,7.02658676655,7.02658676655,7.02658676655,7.02658676652,7.02658676652,7.02658676658,7.02658676658,7.02658676658,7.02658676658,7.02658676658,7.02658676645,7.02658676645,7.02658676651,7.02658676651
"t4",7.78656004435,7.78656004435,7.78656004435,7.78656004455,7.78656004465,7.78656004465,7.78656004489,7.78656004489,7.78656004489,7.78656004489,7.78656004492,7.7865600452,7.7865600448,7.7865600448,7.7865600448,7.7865600449,7.78656004479,7.78656004479,7.78656004489,7.78656004477,7.78656004477,7.7865600448,7.7865600448,7.7865600448,7.7865600448,7.786560044774,7.786560044774,7.78656004419,7.78656004419,7.78656004419,7.78656004424,7.78656004424,7.78656004429,7.78656004429,7.78656004486,7.78656004486,7.7865600449,7.78656004489,7.78656004489,7.78656004489,7.78656004479,7.78656004479,7.78656004479,7.78656004485,7.78656004485,7.78656004489,7.78656004493,7.78656004493,7.78656004493,7.78656004479,7.78656004481,7.78656004481,7.78656004515,7.78656004444,7.78656004444,7.78656004489,7.78656004489,7.78656004489,3.19750199945,3.19750199945,3.19750199945,3.17495626541,3.17495626541,3.17495626541,3.17495626541,3.17495626541,3.17495626541,3.17495626541,3.17495626541,3.17495626541,3.0185680177,3.0185680178,3.0185680178,3.01856801789,3.01856801789,2.2783835663,2.2783835663,2.2783835663,2.2783835663,0,6.07807007145,7.02658676647,7.02658676647,7.02658676625,7.02658676625,7.02658676625,7.02658676625,7.02658676625,7.02658676625,7.02658676622,7.02658676622,7.02658676628,7.02658676628,7.02658676628,7.02658676628,7.02658676628,7.02658676615,7.02658676615,7.02658676621,7.02658676621
"t1",7.7865600449,7.7865600449,7.7865600449,7.7865600451,7.7865600452,7.7865600452,7.78656004544,7.78656004544,7.78656004544,7.78656004544,7.78656004547,7.78656004575,7.78656004535,7.78656004535,7.78656004535,7.78656004545,7.78656004534,7.78656004534,7.78656004544,7.78656004532,7.78656004532,7.78656004535,7.78656004535,7.78656004535,7.78656004535,7.786560045324,7.786560045324,7.78656004474,7.78656004474,7.78656004474,7.78656004479,7.78656004479,7.78656004484,7.78656004484,7.78656004541,7.78656004541,7.78656004545,7.78656004544,7.78656004544,7.78656004544,7.78656004534,7.78656004534,7.78656004534,7.7865600454,7.7865600454,7.78656004544,7.78656004548,7.78656004548,7.78656004548,7.78656004534,7.78656004536,7.78656004536,7.7865600457,7.78656004499,7.78656004499,7.78656004544,7.78656004544,7.78656004544,6.078070072,6.078070072,6.078070072,6.07807007184,6.07807007184,6.07807007184,6.07807007184,6.07807007184,6.07807007184,6.07807007184,6.07807007184,6.07807007184,6.07807007175,6.07807007185,6.07807007185,6.07807007194,6.07807007194,6.07807007175,6.07807007175,6.07807007175,6.07807007175,6.07807007145,0,7.02658676702,7.02658676702,7.0265867668,7.0265867668,7.0265867668,7.0265867668,7.0265867668,7.0265867668,7.02658676677,7.02658676677,7.02658676683,7.02658676683,7.02658676683,7.02658676683,7.02658676683,7.0265867667,7.0265867667,7.02658676676,7.02658676676
"t97",7.78656004492,7.78656004492,7.78656004492,7.78656004512,7.78656004522,7.78656004522,7.78656004546,7.78656004546,7.78656004546,7.78656004546,7.78656004549,7.78656004577,7.78656004537,7.78656004537,7.78656004537,7.78656004547,7.78656004536,7.78656004536,7.78656004546,7.78656004534,7.78656004534,7.78656004537,7.78656004537,7.78656004537,7.78656004537,7.786560045344,7.786560045344,7.78656004476,7.78656004476,7.78656004476,7.78656004481,7.78656004481,7.78656004486,7.78656004486,7.78656004543,7.78656004543,7.78656004547,7.78656004546,7.78656004546,7.78656004546,7.78656004536,7.78656004536,7.78656004536,7.78656004542,7.78656004542,7.78656004546,7.7865600455,7.7865600455,7.7865600455,7.78656004536,7.78656004538,7.78656004538,7.78656004572,7.78656004501,7.78656004501,7.78656004546,7.78656004546,7.78656004546,7.02658676702,7.02658676702,7.02658676702,7.02658676686,7.02658676686,7.02658676686,7.02658676686,7.02658676686,7.02658676686,7.02658676686,7.02658676686,7.02658676686,7.02658676677,7.02658676687,7.02658676687,7.02658676696,7.02658676696,7.02658676677,7.02658676677,7.02658676677,7.02658676677,7.02658676647,7.02658676702,0,0.02437862704,3.11848988282,3.11848988282,3.11848988282,3.11848988282,3.11848988282,3.11848988282,3.11848988279,3.11848988279,3.11848988285,3.11848988285,3.11848988285,3.11848988285,3.11848988285,3.11848988272,3.11848988272,3.11848988278,3.11848988278
"t98",7.78656004492,7.78656004492,7.78656004492,7.78656004512,7.78656004522,7.78656004522,7.78656004546,7.78656004546,7.78656004546,7.78656004546,7.78656004549,7.78656004577,7.78656004537,7.78656004537,7.78656004537,7.78656004547,7.78656004536,7.78656004536,7.78656004546,7.78656004534,7.78656004534,7.78656004537,7.78656004537,7.78656004537,7.78656004537,7.786560045344,7.786560045344,7.78656004476,7.78656004476,7.78656004476,7.78656004481,7.78656004481,7.78656004486,7.78656004486,7.78656004543,7.78656004543,7.78656004547,7.78656004546,7.78656004546,7.78656004546,7.78656004536,7.78656004536,7.78656004536,7.78656004542,7.78656004542,7.78656004546,7.7865600455,7.7865600455,7.7865600455,7.78656004536,7.78656004538,7.78656004538,7.78656004572,7.78656004501,7.78656004501,7.78656004546,7.78656004546,7.78656004546,7.02658676702,7.02658676702,7.02658676702,7.02658676686,7.02658676686,7.02658676686,7.02658676686,7.02658676686,7.02658676686,7.02658676686,7.02658676686,7.02658676686,7.02658676677,7.02658676687,7.02658676687,7.02658676696,7.02658676696,7.02658676677,7.02658676677,7.02658676677,7.02658676677,7.02658676647,7.02658676702,0.02437862704,0,3.11848988282,3.11848988282,3.11848988282,3.11848988282,3.11848988282,3.11848988282,3.11848988279,3.11848988279,3.11848988285,3.11848988285,3.11848988285,3.11848988285,3.11848988285,3.11848988272,3.11848988272,3.11848988278,3.11848988278
"t23",7.7865600447,7.7865600447,7.7865600447,7.7865600449,7.786560045,7.786560045,7.78656004524,7.78656004524,7.78656004524,7.78656004524,7.78656004527,7.78656004555,7.78656004515,7.78656004515,7.78656004515,7.78656004525,7.78656004514,7.78656004514,7.78656004524,7.78656004512,7.78656004512,7.78656004515,7.78656004515,7.78656004515,7.78656004515,7.786560045124,7.786560045124,7.78656004454,7.78656004454,7.78656004454,7.78656004459,7.78656004459,7.78656004464,7.78656004464,7.78656004521,7.78656004521,7.78656004525,7.78656004524,7.78656004524,7.78656004524,7.78656004514,7.78656004514,7.78656004514,7.7865600452,7.7865600452,7.78656004524,7.78656004528,7.78656004528,7.78656004528,7.78656004514,7.78656004516,7.78656004516,7.7865600455,7.78656004479,7.78656004479,7.78656004524,7.78656004524,7.78656004524,7.0265867668,7.0265867668,7.0265867668,7.02658676664,7.02658676664,7.02658676664,7.02658676664,7.02658676664,7.02658676664,7.02658676664,7.02658676664,7.02658676664,7.02658676655,7.02658676665,7.02658676665,7.02658676674,7.02658676674,7.02658676655,7.02658676655,7.02658676655,7.02658676655,7.02658676625,7.0265867668,3.11848988282,3.11848988282,0,1.1272846342,2.586595929,2.586595929,2.8007100394,2.8007100394,2.80071003937,2.80071003937,2.80071003943,2.80071003943,2.80071003943,2.80071003943,2.80071003943,2.8007100393,2.8007100393,2.80071003936,2.80071003936
"t24",7.7865600447,7.7865600447,7.7865600447,7.7865600449,7.786560045,7.786560045,7.78656004524,7.78656004524,7.78656004524,7.78656004524,7.78656004527,7.78656004555,7.78656004515,7.78656004515,7.78656004515,7.78656004525,7.78656004514,7.78656004514,7.78656004524,7.78656004512,7.78656004512,7.78656004515,7.78656004515,7.78656004515,7.78656004515,7.786560045124,7.786560045124,7.78656004454,7.78656004454,7.78656004454,7.78656004459,7.78656004459,7.78656004464,7.78656004464,7.78656004521,7.78656004521,7.78656004525,7.78656004524,7.78656004524,7.78656004524,7.78656004514,7.78656004514,7.78656004514,7.7865600452,7.7865600452,7.78656004524,7.78656004528,7.78656004528,7.78656004528,7.78656004514,7.78656004516,7.78656004516,7.7865600455,7.78656004479,7.78656004479,7.78656004524,7.78656004524,7.78656004524,7.0265867668,7.0265867668,7.0265867668,7.02658676664,7.02658676664,7.02658676664,7.02658676664,7.02658676664,7.02658676664,7.02658676664,7.02658676664,7.02658676664,7.02658676655,7.02658676665,7.02658676665,7.02658676674,7.02658676674,7.02658676655,7.02658676655,7.02658676655,7.02658676655,7.02658676625,7.0265867668,3.11848988282,3.11848988282,1.1272846342,0,2.586595929,2.586595929,2.8007100394,2.8007100394,2.80071003937,2.80071003937,2.80071003943,2.80071003943,2.80071003943,2.80071003943,2.80071003943,2.8007100393,2.8007100393,2.80071003936,2.80071003936
"t31",7.7865600447,7.7865600447,7.7865600447,7.7865600449,7.786560045,7.786560045,7.78656004524,7.78656004524,7.78656004524,7.78656004524,7.78656004527,7.78656004555,7.78656004515,7.78656004515,7.78656004515,7.78656004525,7.78656004514,7.78656004514,7.78656004524,7.78656004512,7.78656004512,7.78656004515,7.78656004515,7.78656004515,7.78656004515,7.786560045124,7.786560045124,7.78656004454,7.78656004454,7.78656004454,7.78656004459,7.78656004459,7.78656004464,7.78656004464,7.78656004521,7.78656004521,7.78656004525,7.78656004524,7.78656004524,7.78656004524,7.78656004514,7.78656004514,7.78656004514,7.7865600452,7.7865600452,7.78656004524,7.78656004528,7.78656004528,7.78656004528,7.78656004514,7.78656004516,7.78656004516,7.7865600455,7.78656004479,7.78656004479,7.78656004524,7.78656004524,7.78656004524,7.0265867668,7.0265867668,7.0265867668,7.02658676664,7.02658676664,7.02658676664,7.02658676664,7.02658676664,7.02658676664,7.02658676664,7.02658676664,7.02658676664,7.02658676655,7.02658676665,7.02658676665,7.02658676674,7.02658676674,7.02658676655,7.02658676655,7.02658676655,7.02658676655,7.02658676625,7.0265867668,3.11848988282,3.11848988282,2.586595929,2.586595929,0,0.9063853992,2.8007100394,2.8007100394,2.80071003937,2.80071003937,2.80071003943,2.80071003943,2.80071003943,2.80071003943,2.80071003943,2.8007100393,2.8007100393,2.80071003936,2.80071003936
"t32",7.7865600447,7.7865600447,7.7865600447,7.7865600449,7.786560045,7.786560045,7.78656004524,7.78656004524,7.78656004524,7.78656004524,7.78656004527,7.78656004555,7.78656004515,7.78656004515,7.78656004515,7.78656004525,7.78656004514,7.78656004514,7.78656004524,7.78656004512,7.78656004512,7.78656004515,7.78656004515,7.78656004515,7.78656004515,7.786560045124,7.786560045124,7.78656004454,7.78656004454,7.78656004454,7.78656004459,7.78656004459,7.78656004464,7.78656004464,7.78656004521,7.78656004521,7.78656004525,7.78656004524,7.78656004524,7.78656004524,7.78656004514,7.78656004514,7.78656004514,7.7865600452,7.7865600452,7.78656004524,7.78656004528,7.78656004528,7.78656004528,7.78656004514,7.78656004516,7.78656004516,7.7865600455,7.78656004479,7.78656004479,7.78656004524,7.78656004524,7.78656004524,7.0265867668,7.0265867668,7.0265867668,7.02658676664,7.02658676664,7.02658676664,7.02658676664,7.02658676664,7.02658676664,7.02658676664,7.02658676664,7.02658676664,7.02658676655,7.02658676665,7.02658676665,7.02658676674,7.02658676674,7.02658676655,7.02658676655,7.02658676655,7.02658676655,7.02658676625,7.0265867668,3.11848988282,3.11848988282,2.586595929,2.586595929,0.9063853992,0,2.8007100394,2.8007100394,2.80071003937,2.80071003937,2.80071003943,2.80071003943,2.80071003943,2.80071003943,2.80071003943,2.8007100393,2.8007100393,2.80071003936,2.80071003936
"t63",7.7865600447,7.7865600447,7.7865600447,7.7865600449,7.786560045,7.786560045,7.78656004524,7.78656004524,7.78656004524,7.78656004524,7.78656004527,7.78656004555,7.78656004515,7.78656004515,7.78656004515,7.78656004525,7.78656004514,7.78656004514,7.78656004524,7.78656004512,7.78656004512,7.78656004515,7.78656004515,7.78656004515,7.78656004515,7.786560045124,7.786560045124,7.78656004454,7.78656004454,7.78656004454,7.78656004459,7.78656004459,7.78656004464,7.78656004464,7.78656004521,7.78656004521,7.78656004525,7.78656004524,7.78656004524,7.78656004524,7.78656004514,7.78656004514,7.78656004514,7.7865600452,7.7865600452,7.78656004524,7.78656004528,7.78656004528,7.78656004528,7.78656004514,7.78656004516,7.78656004516,7.7865600455,7.78656004479,7.78656004479,7.78656004524,7.78656004524,7.78656004524,7.0265867668,7.0265867668,7.0265867668,7.02658676664,7.02658676664,7.02658676664,7.02658676664,7.02658676664,7.02658676664,7.02658676664,7.02658676664,7.02658676664,7.02658676655,7.02658676665,7.02658676665,7.02658676674,7.02658676674,7.02658676655,7.02658676655,7.02658676655,7.02658676655,7.02658676625,7.0265867668,3.11848988282,3.11848988282,2.8007100394,2.8007100394,2.8007100394,2.8007100394,0,0.3838247938,1.20208062337,1.20208062337,2.05140899983,2.05140899983,2.05140899983,2.05140899983,2.05140899983,2.4805216201,2.4805216201,2.48052162016,2.48052162016
"t64",7.7865600447,7.7865600447,7.7865600447,7.7865600449,7.786560045,7.786560045,7.78656004524,7.78656004524,7.78656004524,7.78656004524,7.78656004527,7.78656004555,7.78656004515,7.78656004515,7.78656004515,7.78656004525,7.78656004514,7.78656004514,7.78656004524,7.78656004512,7.78656004512,7.78656004515,7.78656004515,7.78656004515,7.78656004515,7.786560045124,7.786560045124,7.78656004454,7.78656004454,7.78656004454,7.78656004459,7.78656004459,7.78656004464,7.78656004464,7.78656004521,7.78656004521,7.78656004525,7.78656004524,7.78656004524,7.78656004524,7.78656004514,7.78656004514,7.78656004514,7.7865600452,7.7865600452,7.78656004524,7.78656004528,7.78656004528,7.78656004528,7.78656004514,7.78656004516,7.78656004516,7.7865600455,7.78656004479,7.78656004479,7.78656004524,7.78656004524,7.78656004524,7.0265867668,7.0265867668,7.0265867668,7.02658676664,7.02658676664,7.02658676664,7.02658676664,7.02658676664,7.02658676664,7.02658676664,7.02658676664,7.02658676664,7.02658676655,7.02658676665,7.02658676665,7.02658676674,7.02658676674,7.02658676655,7.02658676655,7.02658676655,7.02658676655,7.02658676625,7.0265867668,3.11848988282,3.11848988282,2.8007100394,2.8007100394,2.8007100394,2.8007100394,0.3838247938,0,1.20208062337,1.20208062337,2.05140899983,2.05140899983,2.05140899983,2.05140899983,2.05140899983,2.4805216201,2.4805216201,2.48052162016,2.48052162016
"t95",7.78656004467,7.78656004467,7.78656004467,7.78656004487,7.78656004497,7.78656004497,7.78656004521,7.78656004521,7.78656004521,7.78656004521,7.78656004524,7.78656004552,7.78656004512,7.78656004512,7.78656004512,7.78656004522,7.78656004511,7.78656004511,7.78656004521,7.78656004509,7.78656004509,7.78656004512,7.78656004512,7.78656004512,7.78656004512,7.786560045094,7.786560045094,7.78656004451,7.78656004451,7.78656004451,7.78656004456,7.78656004456,7.78656004461,7.78656004461,7.78656004518,7.78656004518,7.78656004522,7.78656004521,7.78656004521,7.78656004521,7.78656004511,7.78656004511,7.78656004511,7.78656004517,7.78656004517,7.78656004521,7.78656004525,7.78656004525,7.78656004525,7.78656004511,7.78656004513,7.78656004513,7.78656004547,7.78656004476,7.78656004476,7.78656004521,7.78656004521,7.78656004521,7.02658676677,7.02658676677,7.02658676677,7.02658676661,7.02658676661,7.02658676661,7.02658676661,7.02658676661,7.02658676661,7.02658676661,7.02658676661,7.02658676661,7.02658676652,7.02658676662,7.02658676662,7.02658676671,7.02658676671,7.02658676652,7.02658676652,7.02658676652,7.02658676652,7.02658676622,7.02658676677,3.11848988279,3.11848988279,2.80071003937,2.80071003937,2.80071003937,2.80071003937,1.20208062337,1.20208062337,0,0.03617035354,2.0514089998,2.0514089998,2.0514089998,2.0514089998,2.0514089998,2.48052162007,2.48052162007,2.48052162013,2.48052162013
"t96",7.78656004467,7.78656004467,7.78656004467,7.78656004487,7.78656004497,7.78656004497,7.78656004521,7.78656004521,7.78656004521,7.78656004521,7.78656004524,7.78656004552,7.78656004512,7.78656004512,7.78656004512,7.78656004522,7.78656004511,7.78656004511,7.78656004521,7.78656004509,7.78656004509,7.78656004512,7.78656004512,7.78656004512,7.78656004512,7.786560045094,7.786560045094,7.78656004451,7.78656004451,7.78656004451,7.78656004456,7.78656004456,7.78656004461,7.78656004461,7.78656004518,7.78656004518,7.78656004522,7.78656004521,7.78656004521,7.78656004521,7.78656004511,7.78656004511,7.78656004511,7.78656004517,7.78656004517,7.78656004521,7.78656004525,7.78656004525,7.78656004525,7.78656004511,7.78656004513,7.78656004513,7.78656004547,7.78656004476,7.78656004476,7.78656004521,7.78656004521,7.78656004521,7.02658676677,7.02658676677,7.02658676677,7.02658676661,7.02658676661,7.02658676661,7.02658676661,7.02658676661,7.02658676661,7.02658676661,7.02658676661,7.02658676661,7.02658676652,7.02658676662,7.02658676662,7.02658676671,7.02658676671,7.02658676652,7.02658676652,7.02658676652,7.02658676652,7.02658676622,7.02658676677,3.11848988279,3.11848988279,2.80071003937,2.80071003937,2.80071003937,2.80071003937,1.20208062337,1.20208062337,0.03617035354,0,2.0514089998,2.0514089998,2.0514089998,2.0514089998,2.0514089998,2.48052162007,2.48052162007,2.48052162013,2.48052162013
"t10",7.78656004473,7.78656004473,7.78656004473,7.78656004493,7.78656004503,7.78656004503,7.78656004527,7.78656004527,7.78656004527,7.78656004527,7.7865600453,7.78656004558,7.78656004518,7.78656004518,7.78656004518,7.78656004528,7.78656004517,7.78656004517,7.78656004527,7.78656004515,7.78656004515,7.78656004518,7.78656004518,7.78656004518,7.78656004518,7.786560045154,7.786560045154,7.78656004457,7.78656004457,7.78656004457,7.78656004462,7.78656004462,7.78656004467,7.78656004467,7.78656004524,7.78656004524,7.78656004528,7.78656004527,7.78656004527,7.78656004527,7.78656004517,7.78656004517,7.78656004517,7.78656004523,7.78656004523,7.78656004527,7.78656004531,7.78656004531,7.78656004531,7.78656004517,7.78656004519,7.78656004519,7.78656004553,7.78656004482,7.78656004482,7.78656004527,7.78656004527,7.78656004527,7.02658676683,7.02658676683,7.02658676683,7.02658676667,7.02658676667,7.02658676667,7.02658676667,7.02658676667,7.02658676667,7.02658676667,7.02658676667,7.02658676667,7.02658676658,7.02658676668,7.02658676668,7.02658676677,7.02658676677,7.02658676658,7.02658676658,7.02658676658,7.02658676658,7.02658676628,7.02658676683,3.11848988285,3.11848988285,2.80071003943,2.80071003943,2.80071003943,2.80071003943,2.05140899983,2.05140899983,2.0514089998,2.0514089998,0,1.863362289,1.863362289,1.863362289,1.863362289,2.48052162013,2.48052162013,2.48052162019,2.48052162019
"t59",7.78656004473,7.78656004473,7.78656004473,7.78656004493,7.78656004503,7.78656004503,7.78656004527,7.78656004527,7.78656004527,7.78656004527,7.7865600453,7.78656004558,7.78656004518,7.78656004518,7.78656004518,7.78656004528,7.78656004517,7.78656004517,7.78656004527,7.78656004515,7.78656004515,7.78656004518,7.78656004518,7.78656004518,7.78656004518,7.786560045154,7.786560045154,7.78656004457,7.78656004457,7.78656004457,7.78656004462,7.78656004462,7.78656004467,7.78656004467,7.78656004524,7.78656004524,7.78656004528,7.78656004527,7.78656004527,7.78656004527,7.78656004517,7.78656004517,7.78656004517,7.78656004523,7.78656004523,7.78656004527,7.78656004531,7.78656004531,7.78656004531,7.78656004517,7.78656004519,7.78656004519,7.78656004553,7.78656004482,7.78656004482,7.78656004527,7.78656004527,7.78656004527,7.02658676683,7.02658676683,7.02658676683,7.02658676667,7.02658676667,7.02658676667,7.02658676667,7.02658676667,7.02658676667,7.02658676667,7.02658676667,7.02658676667,7.02658676658,7.02658676668,7.02658676668,7.02658676677,7.02658676677,7.02658676658,7.02658676658,7.02658676658,7.02658676658,7.02658676628,7.02658676683,3.11848988285,3.11848988285,2.80071003943,2.80071003943,2.80071003943,2.80071003943,2.05140899983,2.05140899983,2.0514089998,2.0514089998,1.863362289,0,0.4062109938,1.1231333292,1.1231333292,2.48052162013,2.48052162013,2.48052162019,2.48052162019
"t60",7.78656004473,7.78656004473,7.78656004473,7.78656004493,7.78656004503,7.78656004503,7.78656004527,7.78656004527,7.78656004527,7.78656004527,7.7865600453,7.78656004558,7.78656004518,7.78656004518,7.78656004518,7.78656004528,7.78656004517,7.78656004517,7.78656004527,7.78656004515,7.78656004515,7.78656004518,7.78656004518,7.78656004518,7.78656004518,7.786560045154,7.786560045154,7.78656004457,7.78656004457,7.78656004457,7.78656004462,7.78656004462,7.78656004467,7.78656004467,7.78656004524,7.78656004524,7.78656004528,7.78656004527,7.78656004527,7.78656004527,7.78656004517,7.78656004517,7.78656004517,7.78656004523,7.78656004523,7.78656004527,7.78656004531,7.78656004531,7.78656004531,7.78656004517,7.78656004519,7.78656004519,7.78656004553,7.78656004482,7.78656004482,7.78656004527,7.78656004527,7.78656004527,7.02658676683,7.02658676683,7.02658676683,7.02658676667,7.02658676667,7.02658676667,7.02658676667,7.02658676667,7.02658676667,7.02658676667,7.02658676667,7.02658676667,7.02658676658,7.02658676668,7.02658676668,7.02658676677,7.02658676677,7.02658676658,7.02658676658,7.02658676658,7.02658676658,7.02658676628,7.02658676683,3.11848988285,3.11848988285,2.80071003943,2.80071003943,2.80071003943,2.80071003943,2.05140899983,2.05140899983,2.0514089998,2.0514089998,1.863362289,0.4062109938,0,1.1231333292,1.1231333292,2.48052162013,2.48052162013,2.48052162019,2.48052162019
"t72",7.78656004473,7.78656004473,7.78656004473,7.78656004493,7.78656004503,7.78656004503,7.78656004527,7.78656004527,7.78656004527,7.78656004527,7.7865600453,7.78656004558,7.78656004518,7.78656004518,7.78656004518,7.78656004528,7.78656004517,7.78656004517,7.78656004527,7.78656004515,7.78656004515,7.78656004518,7.78656004518,7.78656004518,7.78656004518,7.786560045154,7.786560045154,7.78656004457,7.78656004457,7.78656004457,7.78656004462,7.78656004462,7.78656004467,7.78656004467,7.78656004524,7.78656004524,7.78656004528,7.78656004527,7.78656004527,7.78656004527,7.78656004517,7.78656004517,7.78656004517,7.78656004523,7.78656004523,7.78656004527,7.78656004531,7.78656004531,7.78656004531,7.78656004517,7.78656004519,7.78656004519,7.78656004553,7.78656004482,7.78656004482,7.78656004527,7.78656004527,7.78656004527,7.02658676683,7.02658676683,7.02658676683,7.02658676667,7.02658676667,7.02658676667,7.02658676667,7.02658676667,7.02658676667,7.02658676667,7.02658676667,7.02658676667,7.02658676658,7.02658676668,7.02658676668,7.02658676677,7.02658676677,7.02658676658,7.02658676658,7.02658676658,7.02658676658,7.02658676628,7.02658676683,3.11848988285,3.11848988285,2.80071003943,2.80071003943,2.80071003943,2.80071003943,2.05140899983,2.05140899983,2.0514089998,2.0514089998,1.863362289,1.1231333292,1.1231333292,0,0.3021856088,2.48052162013,2.48052162013,2.48052162019,2.48052162019
"t73",7.78656004473,7.78656004473,7.78656004473,7.78656004493,7.78656004503,7.78656004503,7.78656004527,7.78656004527,7.78656004527,7.78656004527,7.7865600453,7.78656004558,7.78656004518,7.78656004518,7.78656004518,7.78656004528,7.78656004517,7.78656004517,7.78656004527,7.78656004515,7.78656004515,7.78656004518,7.78656004518,7.78656004518,7.78656004518,7.786560045154,7.786560045154,7.78656004457,7.78656004457,7.78656004457,7.78656004462,7.78656004462,7.78656004467,7.78656004467,7.78656004524,7.78656004524,7.78656004528,7.78656004527,7.78656004527,7.78656004527,7.78656004517,7.78656004517,7.78656004517,7.78656004523,7.78656004523,7.78656004527,7.78656004531,7.78656004531,7.78656004531,7.78656004517,7.78656004519,7.78656004519,7.78656004553,7.78656004482,7.78656004482,7.78656004527,7.78656004527,7.78656004527,7.02658676683,7.02658676683,7.02658676683,7.02658676667,7.02658676667,7.02658676667,7.02658676667,7.02658676667,7.02658676667,7.02658676667,7.02658676667,7.02658676667,7.02658676658,7.02658676668,7.02658676668,7.02658676677,7.02658676677,7.02658676658,7.02658676658,7.02658676658,7.02658676658,7.02658676628,7.02658676683,3.11848988285,3.11848988285,2.80071003943,2.80071003943,2.80071003943,2.80071003943,2.05140899983,2.05140899983,2.0514089998,2.0514089998,1.863362289,1.1231333292,1.1231333292,0.3021856088,0,2.48052162013,2.48052162013,2.48052162019,2.48052162019
"t65",7.7865600446,7.7865600446,7.7865600446,7.7865600448,7.7865600449,7.7865600449,7.78656004514,7.78656004514,7.78656004514,7.78656004514,7.78656004517,7.78656004545,7.78656004505,7.78656004505,7.78656004505,7.78656004515,7.78656004504,7.78656004504,7.78656004514,7.78656004502,7.78656004502,7.78656004505,7.78656004505,7.78656004505,7.78656004505,7.786560045024,7.786560045024,7.78656004444,7.78656004444,7.78656004444,7.78656004449,7.78656004449,7.78656004454,7.78656004454,7.78656004511,7.78656004511,7.78656004515,7.78656004514,7.78656004514,7.78656004514,7.78656004504,7.78656004504,7.78656004504,7.7865600451,7.7865600451,7.78656004514,7.78656004518,7.78656004518,7.78656004518,7.78656004504,7.78656004506,7.78656004506,7.7865600454,7.78656004469,7.78656004469,7.78656004514,7.78656004514,7.78656004514,7.0265867667,7.0265867667,7.0265867667,7.02658676654,7.02658676654,7.02658676654,7.02658676654,7.02658676654,7.02658676654,7.02658676654,7.02658676654,7.02658676654,7.02658676645,7.02658676655,7.02658676655,7.02658676664,7.02658676664,7.02658676645,7.02658676645,7.02658676645,7.02658676645,7.02658676615,7.0265867667,3.11848988272,3.11848988272,2.8007100393,2.8007100393,2.8007100393,2.8007100393,2.4805216201,2.4805216201,2.48052162007,2.48052162007,2.48052162013,2.48052162013,2.48052162013,2.48052162013,2.48052162013,0,0.353515404,0.71858932146,0.71858932146
"t66",7.7865600446,7.7865600446,7.7865600446,7.7865600448,7.7865600449,7.7865600449,7.78656004514,7.78656004514,7.78656004514,7.78656004514,7.78656004517,7.78656004545,7.78656004505,7.78656004505,7.78656004505,7.78656004515,7.78656004504,7.78656004504,7.78656004514,7.78656004502,7.78656004502,7.78656004505,7.78656004505,7.78656004505,7.78656004505,7.786560045024,7.786560045024,7.78656004444,7.78656004444,7.78656004444,7.78656004449,7.78656004449,7.78656004454,7.78656004454,7.78656004511,7.78656004511,7.78656004515,7.78656004514,7.78656004514,7.78656004514,7.78656004504,7.78656004504,7.78656004504,7.7865600451,7.7865600451,7.78656004514,7.78656004518,7.78656004518,7.78656004518,7.78656004504,7.78656004506,7.78656004506,7.7865600454,7.78656004469,7.78656004469,7.78656004514,7.78656004514,7.78656004514,7.0265867667,7.0265867667,7.0265867667,7.02658676654,7.02658676654,7.02658676654,7.02658676654,7.02658676654,7.02658676654,7.02658676654,7.02658676654,7.02658676654,7.02658676645,7.02658676655,7.02658676655,7.02658676664,7.02658676664,7.02658676645,7.02658676645,7.02658676645,7.02658676645,7.02658676615,7.0265867667,3.11848988272,3.11848988272,2.8007100393,2.8007100393,2.8007100393,2.8007100393,2.4805216201,2.4805216201,2.48052162007,2.48052162007,2.48052162013,2.48052162013,2.48052162013,2.48052162013,2.48052162013,0.353515404,0,0.71858932146,0.71858932146
"t93",7.78656004466,7.78656004466,7.78656004466,7.78656004486,7.78656004496,7.78656004496,7.7865600452,7.7865600452,7.7865600452,7.7865600452,7.78656004523,7.78656004551,7.78656004511,7.78656004511,7.78656004511,7.78656004521,7.7865600451,7.7865600451,7.7865600452,7.78656004508,7.78656004508,7.78656004511,7.78656004511,7.78656004511,7.78656004511,7.786560045084,7.786560045084,7.7865600445,7.7865600445,7.7865600445,7.78656004455,7.78656004455,7.7865600446,7.7865600446,7.78656004517,7.78656004517,7.78656004521,7.7865600452,7.7865600452,7.7865600452,7.7865600451,7.7865600451,7.7865600451,7.78656004516,7.78656004516,7.7865600452,7.78656004524,7.78656004524,7.78656004524,7.7865600451,7.78656004512,7.78656004512,7.78656004546,7.78656004475,7.78656004475,7.7865600452,7.7865600452,7.7865600452,7.02658676676,7.02658676676,7.02658676676,7.0265867666,7.0265867666,7.0265867666,7.0265867666,7.0265867666,7.0265867666,7.0265867666,7.0265867666,7.0265867666,7.02658676651,7.02658676661,7.02658676661,7.0265867667,7.0265867667,7.02658676651,7.02658676651,7.02658676651,7.02658676651,7.02658676621,7.02658676676,3.11848988278,3.11848988278,2.80071003936,2.80071003936,2.80071003936,2.80071003936,2.48052162016,2.48052162016,2.48052162013,2.48052162013,2.48052162019,2.48052162019,2.48052162019,2.48052162019,2.48052162019,0.71858932146,0.71858932146,0,0.04950396152
"t94",7.78656004466,7.78656004466,7.78656004466,7.78656004486,7.78656004496,7.78656004496,7.7865600452,7.7865600452,7.7865600452,7.7865600452,7.78656004523,7.78656004551,7.78656004511,7.78656004511,7.78656004511,7.78656004521,7.7865600451,7.7865600451,7.7865600452,7.78656004508,7.78656004508,7.78656004511,7.78656004511,7.78656004511,7.78656004511,7.786560045084,7.786560045084,7.7865600445,7.7865600445,7.7865600445,7.78656004455,7.78656004455,7.7865600446,7.7865600446,7.78656004517,7.78656004517,7.78656004521,7.7865600452,7.7865600452,7.7865600452,7.7865600451,7.7865600451,7.7865600451,7.78656004516,7.78656004516,7.7865600452,7.78656004524,7.78656004524,7.78656004524,7.7865600451,7.78656004512,7.78656004512,7.78656004546,7.78656004475,7.78656004475,7.7865600452,7.7865600452,7.7865600452,7.02658676676,7.02658676676,7.02658676676,7.0265867666,7.0265867666,7.0265867666,7.0265867666,7.0265867666,7.0265867666,7.0265867666,7.0265867666,7.0265867666,7.02658676651,7.02658676661,7.02658676661,7.0265867667,7.0265867667,7.02658676651,7.02658676651,7.02658676651,7.02658676651,7.02658676621,7.02658676676,3.11848988278,3.11848988278,2.80071003936,2.80071003936,2.80071003936,2.80071003936,2.48052162016,2.48052162016,2.48052162013,2.48052162013,2.48052162019,2.48052162019,2.48052162019,2.48052162019,2.48052162019,0.71858932146,0.71858932146,0.04950396152,0
