accepted_species,0,1
t279,0.667016469590302,0.332983530409698
t294,0.8463766109705635,0.15362338902943648
t328,0.8373046540280652,0.16269534597193483
t351,0.6548464445860731,0.3451535554139269
t393,0.5619531615203175,0.4380468384796825
t399,0.4765284357917996,0.5234715642082004
t405,0.8376601124114278,0.1623398875885722
t423,0.7197395038319387,0.28026049616806126
t441,0.6976556972002053,0.3023443027997948
t443,0.8620999684060732,0.1379000315939268
