"accepted_species","0","1"
"t16","0.589608910144186","0.410391089855814"
"t23","0.60664717807301","0.39335282192699"
"t24","0.60664717807301","0.39335282192699"
"t25","0.673901407197044","0.326098592802956"
"t61","0.689333903493021","0.310666096506979"
"t68","0.712337050792904","0.287662949207096"
"t80","0.736016655591563","0.263983344408437"
"t83","0.814630334696726","0.185369665303274"
"t85","0.950462149139211","0.0495378508607887"
"t102","0.998313294835801","0.00168670516419941"
