accepted_species,0,1
t16,0.089018404,0.9109816
t23,0.9663116,0.033688407
t24,0.9555298,0.044470206
t25,0.984733,0.015267014
t61,0.87466294,0.12533706
t68,0.9555298,0.044470206
t80,0.9773266,0.022673441
t83,0.9894585,0.010541488
t85,0.69928515,0.30071485
t102,0.9818007,0.01819933
