accepted_species,0,1
t16,0.8364945,0.16350551
t23,0.91313726,0.08686275
t24,0.95910746,0.040892527
t25,0.92723536,0.07276461
t61,0.9413855,0.058614466
t68,0.9350413,0.06495871
t80,0.7918047,0.20819533
t83,0.920735,0.07926499
t85,0.95910746,0.040892527
t102,0.96602213,0.033977896
