accepted_species,0,1
t279,0.62833023,0.37166974
t294,0.7602978,0.23970221
t328,0.7602978,0.23970221
t351,0.6258654,0.3741346
t393,0.56724423,0.43275577
t399,0.5706871,0.42931288
t405,0.7602978,0.23970221
t423,0.63409,0.36591
t441,0.671319,0.32868096
t443,0.7575853,0.24241471
