accepted_species,estimate
t127,-0.2647472427496514
t128,0.06461535897815308
t108,-0.06365014056066608
t119,0.047474763733500805
t73,0.005419950984369329
t118,-0.18537224206936287
t149,-0.02221948305610609
t137,0.03707320585837444
t138,-0.05316524394945697
t76,0.22125033094845115
t85,-0.2403934704652978
t86,0.022814955246235794
t75,0.31595571736967093
t95,0.15758499475245202
t38,-0.07167304771879017
