accepted_species,0,1
t29,0.46943964635164337,0.5305603536483566
t4,0.4711103807492357,0.5288896192507643
t1,0.46856263974076406,0.5314373602592359
t51,0.4685862168293118,0.5314137831706882
t7,0.46616781508491456,0.5338321849150854
t8,0.46666251077332355,0.5333374892266765
t14,0.46758801662799543,0.5324119833720046
t54,0.4617827978514353,0.5382172021485647
t87,0.46052266634205463,0.5394773336579454
t88,0.4621017070274497,0.5378982929725503
