accepted_species,estimate
t28,-0.497135867025805
t40,0.3325969635270139
t73,0.41916900816331243
t38,-0.23313971522640647
t55,-0.20803772447004348
t52,-0.44952794046851613
t53,-0.4770562475987549
t15,0.6263603434156786
t14,0.47838257336452555
t85,0.27227782544378926
