"accepted_species","estimate"
"t28",-1.39608274454112
"t40",-0.0648600602153174
"t73",0.857751929359737
"t38",-0.370723525574652
"t55",-0.410071926217841
"t52",-0.103691950805867
"t53",-0.103691950805867
"t15",0.122721739117142
"t14",0.122721739117142
"t85",0.550780252728523
