accepted_species,estimate
t36,-0.68767804
t4,-0.5980667
t43,-1.1204332
t39,-0.72980154
t32,-0.08706343
t99,-0.42810553
t91,-0.4966887
t73,1.2909805
t47,0.67381674
t94,1.944099
