accepted_species,0,1
t9,0.27593920719608866,0.7240607928039113
t18,0.26130557970113355,0.7386944202988664
t56,0.48919211259304995,0.51080788740695
t61,0.5897108277883408,0.41028917221165917
t78,0.5317438160785188,0.4682561839214811
t79,0.41876712173021546,0.5812328782697845
t83,0.37139010732296085,0.6286098926770392
t90,0.2822259219687675,0.7177740780312325
t92,0.12612704623494853,0.8738729537650515
t100,0.008714059470855906,0.9912859405291441
