accepted_species,0,1
t9,0.32748407,0.6725159
t18,0.31779903,0.68220097
t56,0.8281704,0.17182961
t61,0.6087076,0.3912924
t78,0.846216,0.15378396
t79,0.24373668,0.7562633
t83,0.63310206,0.36689797
t90,0.18483406,0.81516594
t92,0.016475856,0.98352414
t100,0.011652052,0.98834795
