accepted_species,0,1
t10,0.24375594,0.75624406
t58,0.24530518,0.7546948
t70,0.24375594,0.75624406
t96,0.5204871,0.47951287
t110,0.5204871,0.47951287
t121,0.39748508,0.6025149
t139,0.28248084,0.71751916
t143,0.33190602,0.668094
t145,0.24559033,0.7544097
t151,0.3575192,0.6424808
