accepted_species,0,1
t10,0.28874695,0.71125305
t58,0.32245862,0.6775414
t70,0.19798774,0.80201226
t96,0.47342217,0.52657783
t110,0.47342217,0.52657783
t121,0.45626366,0.54373634
t139,0.24629253,0.75370747
t143,0.33317584,0.66682416
t145,0.2019245,0.7980755
t151,0.35063183,0.64936817
