accepted_species,0
t128,-1.0170640219306675
t133,-1.52394822988609
t98,
t89,
t118,-1.5434192764444303
t47,
t60,
t125,
t126,
t132,0.36161559556844
t82,
t25,
t7,
