accepted_species,0,1
t73,0.192884076044595,0.807115923955405
t49,0.19052636621501828,0.8094736337849817
t60,0.21802605925884122,0.7819739407411588
t43,0.2082029137186865,0.7917970862813135
t85,0.12429159417815705,0.875708405821843
t29,0.1196782043211978,0.8803217956788022
t83,0.11719939189456352,0.8828006081054365
t96,0.11816333152238434,0.8818366684776157
t86,0.3661703414927018,0.6338296585072982
t11,0.3595708647238778,0.6404291352761222
