accepted_species,0,1
t73,0.11408196959627792,0.8859180304037221
t49,0.14586679532160796,0.854133204678392
t60,0.29272156649273784,0.7072784335072622
t43,0.27007405302821497,0.729925946971785
t85,0.10964621297725619,0.8903537870227438
t29,0.10930169863440109,0.8906983013655989
t83,0.09563179818140521,0.9043682018185948
t96,0.09568719320532004,0.90431280679468
t86,0.20323090828588497,0.796769091714115
t11,0.20219305107117913,0.7978069489288209
