accepted_species,0,1
t73,0.11994827,0.88005173
t49,0.14116561,0.8588344
t60,0.1719141,0.8280859
t43,0.13398898,0.866011
t85,0.1259461,0.8740539
t29,0.12317532,0.8768247
t83,0.14849788,0.8515021
t96,0.14849788,0.8515021
t86,0.15408725,0.84591275
t11,0.15462166,0.84537834
