accepted_species,0,1
Plocama_bucharica,0.9617504,0.038249593
Neanotis_lancifolia,0.9617504,0.038249593
Galium_uruguayense,0.9617504,0.038249593
Galium_lilloi,0.9617504,0.038249593
Galium_wigginsii,0.9617504,0.038249593
Galium_amblyophyllum,0.9617504,0.038249593
Manettia_pichinchensis,0.9617504,0.038249593
Hedyotis_inamoena,0.9617504,0.038249593
Mitracarpus_gypsophilus,0.9617504,0.038249593
Oldenlandia_willdenowiana,0.9617504,0.038249593
