"accepted_species","estimate"
"Alibertia_edulis",0.134449734664078
"Coffea_arabica",0.622042096560291
"Coffea_liberica",0.639537252485424
"Coffea_racemosa",0.622042096560291
"Genipa_americana",-0.00615010962911939
"Ixora_pendula",0.220035459641728
"Posoqueria_latifolia",0.0210809592447433
"Randia_hebecarpa",0.368949307576901
"Randia_pterocarpa",0.368949307576901
"Rosenbergiodendron_formosum",0.368949307576901
