accepted_species,0,1
Ophionella_arcuata,0.9168639,0.0831361
Secamone_griffithii,0.9968521,0.003147873
Stenostelma_urceolatum,0.98522466,0.014775332
Psychotria_uncumariana,0.9893512,0.010648788
Galium_hierosolymitanum,0.97373056,0.026269453
Ixora_mollirama,0.68366003,0.31633994
Psychotria_labatii,0.9893512,0.010648788
Triainolepis_polyneura,0.98180765,0.018192329
Hoffmannia_pearcei,0.88513094,0.11486904
Mostuea_hymenocardioides,0.981573,0.018427
