accepted_species,0,1
Gonolobus_hystrix,0.9586289,0.0413711
Strychnos_toxifera,0.99943095,0.0005690519
Coptophyllum_bracteatum,0.903297,0.096702985
Kadua_parvula,0.9865423,0.013457724
Galium_corsicum,0.9865423,0.013457724
Mitracarpus_capitatus,0.988176,0.0118240025
Paederia_pilifera,0.9751911,0.024808858
Tassadia_leptobotrys,0.9190845,0.08091552
Halenia_adpressa,0.86001843,0.13998157
Ambelania_acida,0.9590501,0.040949877
