accepted_species,0,1
sp80,0.7555555555555555,0.24444444444444444
sp100,0.7555555555555555,0.24444444444444444
sp114,0.7555555555555555,0.24444444444444444
sp122,0.7555555555555555,0.24444444444444444
sp123,0.7555555555555555,0.24444444444444444
sp137,0.7555555555555555,0.24444444444444444
sp138,0.7555555555555555,0.24444444444444444
sp157,0.0,1.0
sp168,0.0,1.0
sp169,0.0,1.0
