accepted_species,estimate
Faramea_luteovirens,0.17299294088874112
Faramea_occidentalis,0.1729929408887413
Palicourea_acuminata,0.40793025398147414
Psychotria_flava,0.5019523755644958
Psychotria_grandis,0.5006628926405916
Psychotria_loniceroides,0.4815909957328523
Psychotria_marginata,0.47507653684136514
Psychotria_papantlensis,0.47507653684136514
Psychotria_penangensis,0.4750765368413651
Psychotria_serpens,0.4815909957328523
