accepted_species,estimate
Faramea_luteovirens,0.4559492692048124
Faramea_occidentalis,0.49543057580209193
Palicourea_acuminata,0.42461439963364367
Psychotria_flava,0.41908662261176
Psychotria_grandis,0.3894371552621031
Psychotria_loniceroides,0.20620333328509916
Psychotria_marginata,0.2099475702391198
Psychotria_papantlensis,0.20066331504495338
Psychotria_penangensis,0.10486222588664217
Psychotria_serpens,0.25460745986437194
