accepted_species,0
t20,
t77,
t78,
t86,0.708063197320038
t93,
t94,
t62,
t63,
t89,0.697324300158659
t40,
