accepted_species,0
t97,0.559489602171149
t25,
t26,
t83,1.2254617605802502
t33,
t87,1.18136429025204
t38,
t45,
t91,-1.6888036082511
t68,
