"accepted_species","estimate"
"t97",0.560276796221704
"t25",0.200916929226148
"t26",0.200916929226148
"t83",1.23760789366328
"t33",0.646227152339411
"t87",1.15873503706928
"t38",0.829973196534586
"t45",0.355712518722207
"t91",-1.68356239348382
"t68",-1.61133247936403
