accepted_species,0,1
Chomelia_fasciculata,0.91967756,0.08032247
Gentianella_anomala,0.997323,0.0026770425
Rytigynia_seyrigii,0.91967756,0.08032247
Strychnos_flavescens,0.94070524,0.059294734
Swertia_usambarensis,0.997323,0.0026770425
Swertia_angustifolia,0.996963,0.0030369847
Galium_seatonii,0.9966973,0.003302722
Hoya_peninsularis,0.9813954,0.01860458
Streblosa_hypomalaca,0.99347305,0.006526919
Chassalia_verticillata,0.9993881,0.00061189674
