accepted_species,estimate
t72,0.08649221604054583
t48,0.07119363603404785
t83,-1.0875885843813948
t89,0.14945282791075934
t85,-0.5147810731849115
t96,-0.4521837994795449
t56,-0.8023789401620091
t37,0.6374147424522417
t50,0.8313064671002907
t4,0.8417601028247824
