accepted_species,estimate
t72,-0.5053046521199076
t48,0.05683261257405078
t83,-1.823651829160651
t89,-0.20393137415946194
t85,-0.32538395338140347
t96,-0.32445331437728037
t56,-0.43253693625775436
t37,-0.40536146572083304
t50,1.2578952419112988
t4,1.0985053574019863
