accepted_species,0
t72,-0.5753939831511359
t48,
t83,-1.90689423498343
t89,0.1665585933942438
t85,-0.685196155815933
t96,-0.685196155815933
t56,-1.66043091448131
t37,
t50,
t4,
