accepted_species,estimate
t72,-0.360151
t48,-0.08562454
t83,-1.438742
t89,-0.028644698
t85,-0.34683028
t96,-0.33726382
t56,-0.71133965
t37,-0.38999754
t50,1.078386
t4,1.6675038
