accepted_species,estimate
t72,-0.66664535
t48,0.16660114
t83,-1.5179942
t89,0.09048349
t85,-0.50862956
t96,-0.5562547
t56,-1.621543
t37,-0.09726235
t50,0.52130294
t4,1.573247
