"accepted_species","0","1"
"t16",0.647261861462782,0.352738138537218
"t69",0.648439005146836,0.351560994853164
"t77",0.64954731017172,0.35045268982828
"t90",0.645084779299837,0.354915220700163
"t95",0.648921793399419,0.351078206600581
"t105",0.645732666587129,0.354267333412871
"t106",0.656867275638327,0.343132724361673
"t109",0.620274150288266,0.379725849711734
"t140",0.773046733224158,0.226953266775842
"t144",0.266190560708092,0.733809439291908
