accepted_species,0,1
t16,0.6258876165195923,0.37411238348040765
t69,0.5685372368051596,0.4314627631948405
t77,0.5679307554044155,0.43206924459558443
t90,0.5500214845250481,0.44997851547495193
t95,0.8410145981965393,0.15898540180346066
t105,0.5638440303170581,0.4361559696829419
t106,0.5674900151790204,0.4325099848209796
t109,0.6238335333081422,0.37616646669185777
t140,0.5631442674582304,0.43685573254176957
t144,0.5351658294321671,0.464834170567833
