accepted_species,0,1
t6,0.4555555555555556,0.5444444444444444
t27,0.4555555555555556,0.5444444444444444
t32,0.4555555555555556,0.5444444444444444
t38,0.4555555555555556,0.5444444444444444
t49,0.4555555555555556,0.5444444444444444
t57,0.4555555555555556,0.5444444444444444
t76,0.4555555555555556,0.5444444444444444
t86,0.4555555555555556,0.5444444444444444
t100,1.0,0.0
t103,0.0,1.0
