accepted_species,0,1
t16,0.59016407,0.40983593
t69,0.59016407,0.40983593
t77,0.59016407,0.40983593
t90,0.70999,0.29000998
t95,0.73865616,0.26134384
t105,0.5783484,0.42165157
t106,0.59016407,0.40983593
t109,0.59016407,0.40983593
t140,0.59016407,0.40983593
t144,0.5241696,0.47583038
