accepted_species,0,1
t16,0.54400253,0.45599747
t69,0.73826325,0.26173675
t77,0.73826325,0.26173675
t90,0.6784413,0.32155868
t95,0.62337255,0.37662748
t105,0.5175917,0.48240831
t106,0.73826325,0.26173675
t109,0.54400253,0.45599747
t140,0.73464847,0.26535156
t144,0.43174928,0.5682507
