accepted_species,0,1
t6,0.39944983,0.6005502
t27,0.50223494,0.4977651
t32,0.39944983,0.6005502
t38,0.40400755,0.59599245
t49,0.50223494,0.4977651
t57,0.35627723,0.6437228
t76,0.5448195,0.4551805
t86,0.5448195,0.4551805
t100,0.50223494,0.4977651
t103,0.40400755,0.59599245
