accepted_species,0,1
t38,0.25631034,0.74368966
t39,0.1335476,0.8664524
t27,0.10350305,0.89649695
t57,0.0973264,0.9026736
t34,0.046088517,0.9539115
t10,0.20881373,0.7911863
t94,0.020972729,0.9790273
t74,0.3406301,0.6593699
t44,0.33864284,0.66135716
t92,0.025012314,0.9749877
