"accepted_species","estimate"
"t11",-0.0463660028065606
"t22",-0.048805113714583
"t95",0.0410594475657394
"t19",-0.367334617198785
"t58",-0.754178377031039
"t83",-0.745024983774621
"t60",0.111440079542556
"t69",-0.439807527644214
"t89",-0.355744042969202
"t25",-0.325820977742617
