accepted_species,0
t11,0.043909792999460524
t22,0.00878988624831618
t95,0.21893727713346642
t19,-0.8229591921173992
t58,-0.8657079838677852
t83,-0.8709676773343725
t60,0.1532496160415035
t69,0.10665480679442758
t89,0.09969979137344305
t25,0.1191945946951632
