accepted_species,0,1
sp15,0.9983631376149685,0.0016368623850315203
sp25,0.9983699204853121,0.0016300795146878234
sp32,0.998246453400596,0.0017535465994039533
sp39,0.9984291346879897,0.0015708653120103577
sp42,0.998248099733694,0.001751900266306053
sp53,0.9983999990208114,0.0016000009791885823
sp62,0.998436987290101,0.0015630127098990557
sp67,0.9984374076903229,0.0015625923096771557
sp86,0.9984391246823648,0.0015608753176351905
sp90,0.9984368160178609,0.0015631839821390729
