accepted_species,estimate
t75,0.18527064
t8,0.42327628
t41,-0.20009857
t81,1.717591
t53,0.69158375
t32,0.74644834
t70,-0.37057734
t95,-2.443987
t51,-0.44564408
t87,0.34839207
