accepted_species,estimate
t75,0.031435136
t8,0.09426388
t41,-0.42073208
t81,1.2655336
t53,1.2310003
t32,0.35006675
t70,-0.7819765
t95,-1.1030182
t51,-0.13767697
t87,0.3278758
