accepted_species,estimate
t81,-1.5524457728925447
t54,0.38901039887358985
t96,0.40099216658816705
t11,-0.817586128857589
t83,0.5319577076665554
t84,0.5003239563978037
t14,-0.5517013281122906
t34,-0.574951736323119
t28,-0.556235787029863
t60,-0.5606070807072979
