accepted_species,estimate
t81,-0.3916047793177867
t54,-0.31496519013255775
t96,-0.06296245631117503
t11,-0.600916408905341
t83,0.5063411519864575
t84,0.5669411376377801
t14,-0.2636322046105092
t34,-0.17659503790490672
t28,-0.20112965655715176
t60,-0.3470282009917268
