accepted_species,estimate
t81,-1.5082662
t54,0.5529842
t96,0.5529842
t11,-0.743801
t83,0.3762603
t84,0.3762603
t14,-0.142825
t34,-0.8440096
t28,-0.142825
t60,-0.142825
