accepted_species,0,1
Tricalysia_leucocarpa,0.98041093,0.019589042
Allamanda_doniana,0.94778025,0.052219726
Hymenocoleus_axillaris,0.8047836,0.19521643
Cynanchum_blyttioides,0.9283603,0.07163971
Psychotria_refractiflora,0.9354744,0.064525634
Psychotria_sarmentosoides,0.93371487,0.06628512
Desmidorchis_impostor,0.9436172,0.056382764
Toxocarpus_batanensis,0.7999772,0.20002285
Vangueria_glabrata,0.6214433,0.37855676
Ophiorrhiza_ovata,0.993364,0.0066360408
