accepted_species,0,1
Tricalysia_leucocarpa,0.74446726,0.25553277
Allamanda_doniana,0.74446726,0.25553277
Hymenocoleus_axillaris,0.7933981,0.20660192
Cynanchum_blyttioides,0.88407034,0.115929656
Psychotria_refractiflora,0.7933981,0.20660192
Psychotria_sarmentosoides,0.7933981,0.20660192
Desmidorchis_impostor,0.7933981,0.20660192
Toxocarpus_batanensis,0.88407034,0.115929656
Vangueria_glabrata,0.74446726,0.25553277
Ophiorrhiza_ovata,0.9095181,0.09048185
