accepted_species,0,1
t64,0.6845114943979747,0.31548850560202535
t4,0.8589412206923068,0.14105877930769312
t21,0.8673511924568805,0.1326488075431195
t56,0.8699525204150411,0.13004747958495885
t10,0.8667053352305374,0.13329466476946264
t2,0.8535126166140017,0.14648738338599832
t89,0.8513838794069534,0.14861612059304666
t90,0.85317386469066,0.14682613530933994
t33,0.8538488138316056,0.14615118616839445
t23,0.8710907277413108,0.12890927225868923
