accepted_species,0,1
t64,0.121964216,0.8780358
t4,0.9955117,0.00448828
t21,0.9955117,0.00448828
t56,0.9955117,0.00448828
t10,0.9955117,0.00448828
t2,0.9977057,0.002294293
t89,0.9955117,0.00448828
t90,0.82857275,0.17142722
t33,0.9955117,0.00448828
t23,0.9955117,0.00448828
