accepted_species,0,1
t64,0.678495,0.321505
t4,0.8184884,0.1815116
t21,0.79728144,0.20271856
t56,0.8930064,0.1069936
t10,0.9334286,0.06657144
t2,0.8692229,0.13077709
t89,0.93291557,0.067084454
t90,0.7462057,0.25379428
t33,0.879221,0.120779
t23,0.9169506,0.0830494
