accepted_species,0,1
t64,0.46940982,0.5305902
t4,0.9348363,0.06516369
t21,0.9348363,0.06516369
t56,0.9348363,0.06516369
t10,0.9348363,0.06516369
t2,0.9354994,0.06450057
t89,0.9328744,0.06712562
t90,0.9328744,0.06712562
t33,0.9328744,0.06712562
t23,0.9328744,0.06712562
