accepted_species,0,1
t33,0.998932032903441,0.001067967096558998
t34,0.9986465850693127,0.001353414930687312
t21,0.9986396430333513,0.0013603569666487286
t22,0.9983980673387982,0.0016019326612017645
t47,0.9989452387866057,0.0010547612133943365
t48,0.9988687677800318,0.0011312322199682886
t64,0.9990935187633954,0.0009064812366045954
t30,0.9992036418071736,0.0007963581928264069
t19,0.999166085683942,0.0008339143160579128
t20,0.9991884301565684,0.0008115698434315368
