"accepted_species","0","1"
"t21",0.102815105197377,0.897184894802623
"t39",0.10281510519425,0.89718489480575
"t40",0.10281510519425,0.89718489480575
"t63",0.10281510519425,0.89718489480575
"t64",0.10281510519425,0.89718489480575
"t13",0.102796868431323,0.897203131568677
"t7",0.131883658170575,0.868116341829425
"t22",0.138634508480863,0.861365491519137
"t31",0.138634508491209,0.861365491508791
"t32",0.138634508491209,0.861365491508791
