accepted_species,0,1
t21,0.05510106536465109,0.9448989346353489
t39,0.04564411593995843,0.9543558840600416
t40,0.04679120188235364,0.9532087981176464
t63,0.0438695653135992,0.9561304346864008
t64,0.046619335572682497,0.9533806644273175
t13,0.050661248961820116,0.9493387510381799
t7,0.05940591244187465,0.9405940875581253
t22,0.04324715533298329,0.9567528446670167
t31,0.04133465856726215,0.9586653414327378
t32,0.04092138805159162,0.9590786119484084
