accepted_species,0,1
t21,0.6111111111111112,0.3888888888888889
t39,0.6111111111111112,0.3888888888888889
t40,0.6111111111111112,0.3888888888888889
t63,0.6111111111111112,0.3888888888888889
t64,0.6111111111111112,0.3888888888888889
t13,0.6111111111111112,0.3888888888888889
t7,0.6111111111111112,0.3888888888888889
t22,0.6111111111111112,0.3888888888888889
t31,0.6111111111111112,0.3888888888888889
t32,0.6111111111111112,0.3888888888888889
