"accepted_species","0","1"
"t21","0.0761599700288723","0.923840029971128"
"t39","0.0761599700288723","0.923840029971128"
"t40","0.0761599700288723","0.923840029971128"
"t63","0.0761599700288723","0.923840029971128"
"t64","0.0761599700288723","0.923840029971128"
"t13","0.0761472048645746","0.923852795135425"
"t7","0.0953830837443869","0.904616916255613"
"t22","0.0993841376190717","0.900615862380928"
"t31","0.0993841376190717","0.900615862380928"
"t32","0.0993841376190717","0.900615862380928"
