"accepted_species","0","1"
"t21","0.0898863100253379","0.910113689974662"
"t39","0.0898863100253379","0.910113689974662"
"t40","0.0898863100253379","0.910113689974662"
"t63","0.0898863100253379","0.910113689974662"
"t64","0.0898863100253379","0.910113689974662"
"t13","0.089870810608162","0.910129189391838"
"t7","0.113834071052931","0.886165928947069"
"t22","0.119077177614865","0.880922822385135"
"t31","0.119077177614865","0.880922822385135"
"t32","0.119077177614865","0.880922822385135"
