accepted_species,0,1
t21,0.0023210645,0.99767894
t39,0.0028353333,0.99716467
t40,0.004768431,0.99523157
t63,0.0025119781,0.997488
t64,0.0028353333,0.99716467
t13,0.0025759935,0.997424
t7,0.0028444529,0.99715555
t22,0.0038354397,0.99616456
t31,0.0038354397,0.99616456
t32,0.0038354397,0.99616456
