accepted_species,0,1
t20,0.8265589264011637,0.17344107359883632
t21,0.7885219009798005,0.2114780990201995
t31,0.9518899794572627,0.048110020542737275
t46,0.7911500634557198,0.2088499365442802
t86,0.546887995057554,0.4531120049424459
t88,0.8242532538445813,0.1757467461554187
t96,0.996278674407143,0.0037213255928570145
t98,0.783367673961649,0.216632326038351
t126,0.8525523151605724,0.14744768483942763
t136,0.8350012162366766,0.16499878376332347
