accepted_species,0,1
t20,0.8119705429186665,0.1880294570813335
t21,0.8141710196046332,0.18582898039536683
t31,0.8861192006282114,0.1138807993717886
t46,0.8121211356699578,0.1878788643300422
t86,0.8105458747081213,0.18945412529187863
t88,0.8146839541817821,0.18531604581821798
t96,0.7956558197205426,0.20434418027945747
t98,0.8145066756268629,0.1854933243731371
t126,0.8708355367765865,0.12916446322341352
t136,0.8120061258613853,0.18799387413861474
