accepted_species,0,1
t83,0.6777777777777778,0.32222222222222224
t93,0.6777777777777778,0.32222222222222224
t109,0.6777777777777778,0.32222222222222224
t114,0.6777777777777778,0.32222222222222224
t136,0.6777777777777778,0.32222222222222224
t140,0.6777777777777778,0.32222222222222224
t145,0.6777777777777778,0.32222222222222224
t170,1.0,0.0
t172,0.0,1.0
t181,1.0,0.0
