"accepted_species","0","1"
"t20","0.926499918390132","0.0735000816098684"
"t21","0.937814632852452","0.0621853671475484"
"t31","0.998481890957599","0.00151810904240061"
"t46","0.415653565306973","0.584346434693027"
"t86","0.276424363976143","0.723575636023857"
"t88","0.989710448173006","0.010289551826994"
"t96","0.998236295230336","0.00176370476966438"
"t98","0.994109343904876","0.00589065609512378"
"t126","0.99625983076778","0.00374016923222045"
"t136","0.972668570423686","0.0273314295763142"
