"accepted_species","0","1"
"t44",0.838764459269412,0.161235540730588
"t67",0.86540183265502,0.13459816734498
"t79",0.841999672410886,0.158000327589114
"t80",0.841999672410886,0.158000327589114
"t85",0.820399806946101,0.179600193053899
"t86",0.820399806946101,0.179600193053899
"t95",0.50814629262284,0.49185370737716
"t116",0.873083408023045,0.126916591976955
"t117",0.873083408023045,0.126916591976955
"t126",0.99274836857747,0.00725163142252988
