"accepted_species","0","1"
"t44","0.994020913810328","0.0059790861896719"
"t67","0.994352543481787","0.005647456518213"
"t79","0.991068235259254","0.0089317647407455"
"t80","0.991068235259254","0.0089317647407455"
"t85","0.972434564341917","0.0275654356580828"
"t86","0.972434564341917","0.0275654356580828"
"t95","0.10546935230946","0.89453064769054"
"t116","0.997485226411487","0.00251477358851268"
"t117","0.997485226411487","0.00251477358851268"
"t126","0.99984241574456","0.000157584255439652"
