accepted_species,0,1
sp50,0.8335891,0.16641094
sp53,0.39425856,0.60574144
sp55,0.8335891,0.16641094
sp79,0.39425856,0.60574144
sp98,0.8883729,0.11162712
sp102,0.8883729,0.11162712
sp104,0.8883729,0.11162712
sp115,0.8883729,0.11162712
sp132,0.8883729,0.11162712
sp133,0.8883729,0.11162712
