accepted_species,0,1
sp53,0.6907709068384875,0.30922909316151254
sp75,0.9090455741797322,0.09095442582026778
sp105,0.7104111129008411,0.28958888709915886
sp124,0.9988144638005706,0.001185536199429361
sp125,0.6504889702777205,0.34951102972227954
sp133,0.7327484454489519,0.2672515545510481
sp145,0.9982178256339065,0.0017821743660934742
sp147,0.969613356902514,0.03038664309748599
sp160,0.8795722239803639,0.1204277760196361
sp172,0.7430004375780661,0.25699956242193395
