accepted_species,0,1
sp53,0.46076983,0.53923017
sp75,0.9918792,0.008120748
sp105,0.84237254,0.15762746
sp124,0.9510698,0.048930243
sp125,0.86241037,0.13758963
sp133,0.97115725,0.028842764
sp145,0.9510698,0.048930243
sp147,0.9908088,0.00919124
sp160,0.9653246,0.034675393
sp172,0.88576007,0.114239946
