accepted_species,0,1
t80,0.37521558766848595,0.624784412331514
t81,0.37883180051580656,0.6211681994841934
t39,0.3760570663987389,0.6239429336012611
t37,0.3789687636047998,0.6210312363952002
t3,0.37987194717685346,0.6201280528231465
t97,0.36899102112270143,0.6310089788772986
t98,0.37385736615550447,0.6261426338444955
t83,0.36605326119973913,0.6339467388002609
t84,0.3688161684833906,0.6311838315166094
t96,0.3792573176205848,0.6207426823794152
