accepted_species,0,1
t80,0.20167754031826746,0.7983224596817325
t81,0.2017017349644279,0.7982982650355721
t39,0.20154151124831654,0.7984584887516835
t37,0.2016509657268204,0.7983490342731796
t3,0.2013646740138031,0.7986353259861969
t97,0.20146329902927562,0.7985367009707244
t98,0.2014636054853488,0.7985363945146512
t83,0.201479525821455,0.798520474178545
t84,0.20147870286195435,0.7985212971380456
t96,0.20138183282680755,0.7986181671731925
