accepted_species,0,1
t80,0.16264719,0.8373528
t81,0.16264719,0.8373528
t39,0.22219086,0.77780914
t37,0.16264719,0.8373528
t3,0.22219086,0.77780914
t97,0.22865099,0.771349
t98,0.22865099,0.771349
t83,0.24886864,0.75113136
t84,0.24886864,0.75113136
t96,0.16264719,0.8373528
