accepted_species,0,1
sp98,0.4663495160523843,0.5336504839476157
sp119,0.5244065632602534,0.47559343673974663
sp123,0.46558764358728544,0.5344123564127146
sp154,0.4667157146538107,0.5332842853461893
sp160,0.5270083788351896,0.4729916211648104
sp168,0.46832347941345165,0.5316765205865484
sp171,0.5331218077063091,0.4668781922936909
sp174,0.5173087147797817,0.48269128522021826
sp181,0.5321474449869801,0.4678525550130199
sp190,0.5317027611779248,0.46829723882207525
