accepted_species,0,1
sp98,0.39379656,0.60620344
sp119,0.7313863,0.2686137
sp123,0.4535765,0.5464235
sp154,0.44575983,0.55424017
sp160,0.44880044,0.55119956
sp168,0.37519574,0.62480426
sp171,0.6175215,0.38247848
sp174,0.50692946,0.49307054
sp181,0.6175215,0.38247848
sp190,0.6175215,0.38247848
