accepted_species,0,1
sp98,0.5027207,0.49727926
sp119,0.7549768,0.24502319
sp123,0.5039032,0.4960968
sp154,0.5039032,0.4960968
sp160,0.48472774,0.51527226
sp168,0.37024546,0.62975454
sp171,0.67605364,0.32394636
sp174,0.35743904,0.64256096
sp181,0.67605364,0.32394636
sp190,0.67605364,0.32394636
