accepted_species,0,1
t57,0.32939938252050904,0.670600617479491
t58,0.32405061844677163,0.6759493815532284
t30,0.31773676875176093,0.6822632312482391
t95,0.339949001229094,0.660050998770906
t96,0.34000099548324736,0.6599990045167526
t24,0.30829622577977045,0.6917037742202296
t73,0.3171690054448234,0.6828309945551766
t93,0.3293270272142854,0.6706729727857146
t94,0.32921773246216524,0.6707822675378348
t67,0.33559709634473234,0.6644029036552677
