accepted_species,0,1
t57,0.9204480119969833,0.07955198800301662
t58,0.9204480119969833,0.07955198800301665
t30,0.9168150532368231,0.0831849467631769
t95,0.9228347237666155,0.0771652762333845
t96,0.9228347237666155,0.07716527623338457
t24,0.8844955647440728,0.11550443525592724
t73,0.9065528641251074,0.09344713587489262
t93,0.9130754089226853,0.08692459107731464
t94,0.9130754089226859,0.08692459107731407
t67,0.910907569756896,0.089092430243104
