accepted_species,estimate
t80,0.3461609061818972
t81,0.3461609061818969
t39,0.34587806561550904
t56,0.34779637823648263
t57,0.34733795985782484
t94,0.3505668695938332
t99,0.35059968008891146
t109,0.3506351012195532
t110,0.3506351012195532
t84,0.3455700556754543
t85,0.3455700556754547
t36,0.326170528984883
t37,0.3257951950112671
