accepted_species,0
t80,-0.02480102341766495
t81,-0.02480102341766495
t39,-0.02480102341766495
t56,-0.02480102341766495
t57,-0.02480102341766495
t94,-0.02480102341766495
t99,-0.02480102341766495
t109,-0.02480102341766495
t110,-0.02480102341766495
t84,-0.02480102341766495
t85,-0.02480102341766495
t36,-0.02480102341766495
t37,-0.02480102341766495
