accepted_species,estimate
t80,0.07786367
t81,0.0114907995
t39,0.3738733
t56,-0.035984613
t57,0.42722136
t94,-0.0022370834
t99,-0.093417116
t109,-0.0022370834
t110,-0.0022370834
t84,0.42134866
t85,0.42134866
t36,0.82393515
t37,0.86235714
