accepted_species,0,1
t72,0.5863948508046787,0.4136051491953213
t63,0.5696288233260196,0.43037117667398045
t55,0.5547290600569326,0.4452709399430675
t33,0.5481520779117193,0.45184792208828073
t34,0.5815922405631536,0.4184077594368464
t73,0.5150462450837854,0.4849537549162146
t74,0.5178256211394032,0.4821743788605968
t3,0.5144052646911459,0.48559473530885416
t11,0.574322851562695,0.425677148437305
t4,0.5803179181677232,0.41968208183227684
