accepted_species,estimate
t77,-1.1107241838315915
t63,0.030540834626354266
t13,-1.4153321620957355
t59,0.12159624102472022
t73,-0.28350563561866227
t100,1.4451592925338876
t18,0.30156492505733623
t61,0.25758275105138184
t33,-0.23042469064600846
t54,-0.18356659253003937
