accepted_species,estimate
t23,0.9012976228243227
t60,1.0816248655528051
t41,0.9878983103349035
t30,1.1243291267145266
t17,0.8352012219286197
t97,1.2428837193780973
t64,1.0706778934497754
t65,1.1253529930562054
t26,0.889147644742668
t15,0.9029985816161142
