accepted_species,estimate
t23,1.1723284
t60,1.1697549
t41,0.7775734
t30,1.0168175
t17,0.91158414
t97,0.75809664
t64,1.1911702
t65,1.1911702
t26,1.0694189
t15,1.2065288
