"accepted_species","0","1"
"sp34",0.664780446164055,0.335219553835945
"sp35",0.664780446164055,0.335219553835945
"sp51",0.654401407977157,0.345598592022843
"sp67",0.753264936457487,0.246735063542513
"sp91",0.819067573287753,0.180932426712247
"sp96",0.815330163912737,0.184669836087263
"sp101",0.783713427996837,0.216286572003163
"sp124",0.937461777045242,0.062538222954758
"sp138",0.984265907016363,0.0157340929836373
"sp144",0.996959073593023,0.00304092640697665
