accepted_species,0,1
sp34,0.7222409678410976,0.2777590321589024
sp35,0.7240533735784299,0.2759466264215701
sp51,0.7453806287107807,0.25461937128921924
sp67,0.662693785250799,0.33730621474920097
sp91,0.8086739125570648,0.19132608744293517
sp96,0.5044502817386083,0.4955497182613917
sp101,0.733511534486931,0.266488465513069
sp124,0.6721933586842094,0.3278066413157906
sp138,0.6241777434886664,0.37582225651133355
sp144,0.7183104703698538,0.28168952963014615
