accepted_species,0,1
sp34,0.8848103,0.1151897
sp35,0.85990715,0.14009286
sp51,0.24488336,0.75511664
sp67,0.32082123,0.6791788
sp91,0.9685998,0.03140021
sp96,0.74704665,0.25295335
sp101,0.19970626,0.80029374
sp124,0.98676926,0.01323072
sp138,0.9804298,0.019570163
sp144,0.878878,0.12112198
