accepted_species,0,1
t20,0.5201599720162876,0.4798400279837124
t27,0.5201603379510076,0.47983966204899237
t28,0.5201603379510076,0.47983966204899237
t90,0.5214014727556533,0.47859852724434676
t84,0.5218879768787322,0.47811202312126777
t6,0.5207170814694828,0.47928291853051713
t65,0.5219047056963515,0.47809529430364844
t37,0.4855901266482764,0.5144098733517236
t19,0.48496717440603987,0.5150328255939601
t8,0.49263025602612087,0.5073697439738791
