"accepted_species","0","1"
"t20","0.999986367742985","1.36322570154314e-05"
"t27","0.999998030450423","1.96954957726104e-06"
"t28","0.999998030450423","1.96954957726104e-06"
"t90","0.999996769349578","3.23065042152646e-06"
"t84","0.999993809727815","6.19027218464271e-06"
"t6","0.999841323541667","0.000158676458332797"
"t65","0.999993323089611","6.67691038902368e-06"
"t37","0.999974256830814","2.57431691859783e-05"
"t19","0.999992606418511","7.39358148921281e-06"
"t8","0.999970469831321","2.95301686790795e-05"
