accepted_species,0,1
t20,0.98888886,0.01111111
t27,0.98888886,0.01111111
t28,0.98888886,0.01111111
t90,0.98888886,0.01111111
t84,0.98888886,0.01111111
t6,0.98888886,0.01111111
t65,0.98888886,0.01111111
t37,0.98888886,0.01111111
t19,0.98888886,0.01111111
t8,0.98888886,0.01111111
