"accepted_species","0","1"
"t76",0.946285852436521,0.0537141475634793
"t69",0.779983689828754,0.220016310171246
"t55",0.857759007449563,0.142240992550437
"t56",0.857759007449563,0.142240992550437
"t70",0.110823978116783,0.889176021883217
"t71",0.110823978116783,0.889176021883217
"t11",0.11933129111463,0.88066870888537
"t38",0.379498809128474,0.620501190871526
"t18",0.116914634577021,0.883085365422979
"t78",0.0276910655125208,0.972308934487479
