accepted_species,0,1
t76,0.18270928328489855,0.8172907167151015
t69,0.19125290634126946,0.8087470936587305
t55,0.7965255395098134,0.20347446049018655
t56,0.7952727376883363,0.20472726231166372
t70,0.3214346663080442,0.6785653336919558
t71,0.32334462791117036,0.6766553720888296
t11,0.0870009574678775,0.9129990425321225
t38,0.3143071369298972,0.6856928630701028
t18,0.3116306469173591,0.6883693530826409
t78,0.2848904867488554,0.7151095132511446
