accepted_species,0,1
t76,0.5083441053114912,0.49165589468850884
t69,0.18764508459767515,0.8123549154023249
t55,0.8234934346934781,0.1765065653065219
t56,0.8305488494183821,0.16945115058161786
t70,0.6838813053535129,0.31611869464648706
t71,0.6707071397670639,0.3292928602329361
t11,0.16103007052852758,0.8389699294714724
t38,0.3043793100189792,0.6956206899810208
t18,0.19158390942964232,0.8084160905703577
t78,0.0003566692774402691,0.9996433307225597
