"accepted_species","0","1"
"t76","0.997511518651499","0.00248848134850054"
"t69","0.765079836772684","0.234920163227316"
"t55","0.991332264721656","0.00866773527834383"
"t56","0.991332264721656","0.00866773527834383"
"t70","0.0220631965145736","0.977936803485426"
"t71","0.0220631965145736","0.977936803485426"
"t11","0.0160003316894866","0.983999668310513"
"t38","0.293319936169121","0.706680063830879"
"t18","0.0131876932964103","0.98681230670359"
"t78","0.0112147183159006","0.9887852816841"
