"accepted_species","0","1"
"t86","0.0356009728192641","0.964399027180736"
"t69","0.0748604612208349","0.925139538779165"
"t96","0.0184500042712916","0.981549995728708"
"t33","0.496631833555414","0.503368166444586"
"t40","0.496631833555414","0.503368166444586"
"t41","0.496631833555414","0.503368166444586"
"t79","0.104858026051157","0.895141973948843"
"t82","0.0914573573606219","0.908542642639378"
"t24","0.444571706936899","0.555428293063101"
"t5","0.498712555051805","0.501287444948195"
