accepted_species,0,1
t86,0.24885046,0.75114954
t69,0.24885046,0.75114954
t96,0.25602633,0.7439737
t33,0.28733087,0.71266913
t40,0.2864657,0.7135343
t41,0.28017282,0.7198272
t79,0.27921206,0.72078794
t82,0.27921206,0.72078794
t24,0.28266853,0.71733147
t5,0.28547513,0.71452487
