"","c1","c2","c3","c4","c5","c6","c7","c8","c9","c10","c11","c12","c13","c14","c15","c16","c17","c18","c19","c20","c21","c22","c23","c24","c25","c26","c27","c28","c29","c30","c31","c32","c33","c34","c35","c36","c37","c38","c39","c40","c41","c42","c43","c44","c45","c46","c47","c48","c49","c50","c51","c52","c53","c54","c55","c56","c57","c58","c59","c60","c61","c62","c63","c64","c65","c66","c67","c68","c69","c70","c71","c72","c73","c74","c75","c76","c77","c78","c79","c80","c81","c82","c83","c84","c85","c86","c87","c88","c89","c90","c91","c92","c93","c94","c95","c96","c97","c98","c99","c100"
"t1",-0.0765093698479157,0.0394438823270571,0.0034503368511212,-0.00545595610123702,-0.000169565342196848,-0.0330137519510431,0.000600587620002664,0.000214302691444454,0.0188256010117242,-0.0164666408025493,0.00193117151763567,-0.0138203406477375,0.0011815816286367,0.00597036187234773,0.00508520180295688,0.00136105445115633,-0.0567480313497919,0.00203759512469897,-0.0284216148356493,-0.0838069408843386,0.7912291207001,-0.322596412440089,0.328401548336449,0.131568766770525,-0.0634596764758678,0.182109385206921,0.275144151191553,0.000443828759770879,3.67956149169672e-06,-0.00764147528645429,-0.000405013104682549,-0.00603476359183971,-0.000613117478938657,0.00146023657174449,-0.00449999961493564,-0.00119635806122379,0.0181843918042069,0.0287770848585111,0.00104005935079678,-1.5714797330772e-06,0.000126170835994855,0.000737658389530251,0.00640821509436884,0.000393345313872555,-0.00249589822555812,0.000386560179031674,4.54201102593125e-05,0.000423987871433647,0.00141338197218363,-8.43428045282916e-06,-2.5285307541548e-17,0.00135581594418864,-1.34940075548818e-16,-3.09174833087191e-05,7.2552456963926e-05,0.000244248715856162,1.37178165240312e-16,0.00244156182778794,-7.56414491474503e-05,-1.62630996003978e-16,-2.83670010048391e-17,0.00332882382898512,6.03206421309827e-05,1.14724559510581e-16,0.000108656428716212,2.20988835486261e-16,1.92648661973329e-16,-0.00016040101335369,-0.000439325624389394,1.84558434016214e-05,-2.87697017377033e-16,0.000595731485121803,-3.60132543854791e-16,0.00169784421426689,2.48294738498249e-16,1.3490145894845e-16,-0.000533496211027131,1.69421348628189e-18,-9.56304508266469e-05,-1.41863500588637e-16,-1.4970003834942e-16,-8.34205416351716e-17,-2.47469465606146e-16,2.0686719377462e-16,-4.81263045675987e-17,3.05321774209307e-16,-0.000349367667459581,1.21878365067046e-17,-4.62625479083295e-16,-4.871436076856e-16,1.25545048426689e-15,-5.85446818007708e-16,2.44432248528274e-15,-6.14840753625943e-17,-4.43651491226523e-16,2.22383926728414e-15,-3.78548600390968e-15,3.29344716540459e-16,-4.38427913395179e-15,-0.100000000000002
"t61",-0.110486013479543,0.0766604683274102,0.0214042233416816,-0.158038654731346,0.00123326856240063,0.0478355857979106,-0.000588604121998977,-0.000129212736891098,-0.00600277519630807,0.00420564368340831,0.00284041290492076,-0.333581507768794,-0.00175835567663607,-0.0018848344724488,-0.00140204569027748,-0.000303429314209639,0.0750014906350871,-0.000442009575690834,0.362969653861314,0.000188917338729368,-0.00995748869818674,0.00884595741149271,0.0030987307271413,0.000278398417081539,0.000453481559684913,-0.000790232733990141,-9.37489356819046e-05,8.51557151207666e-08,4.10597054149834e-08,-0.000105943950754732,-7.40123567205355e-06,-0.000157286335374442,-1.79364991776731e-05,4.92521141516167e-05,-0.000230896308128941,-6.32940131938613e-05,0.00235588946276275,0.0189452415524098,3.13786491289225e-05,-5.34128820946949e-08,5.44383486467953e-06,3.19895517133736e-05,0.00431001804167209,1.64365395432838e-05,-0.000111056895067714,1.73591031957622e-05,2.14459107660349e-06,2.0069812808843e-05,6.75473526363679e-05,-4.0372159170658e-07,4.00077904494301e-16,0.000886558202673424,9.88064166848303e-16,-1.55502418822571e-06,3.63200726167911e-06,1.19371951756041e-05,8.75709191795953e-16,0.000104159575493102,-3.07948021294771e-06,-1.97876697121446e-15,1.43329717961853e-16,0.0038109408301041,8.70261250306575e-07,-2.34224944256719e-15,-1.20464641011414e-05,5.4952825359091e-15,-2.79828431984717e-14,8.6289415220922e-06,2.81907394126725e-05,-1.26838058044245e-06,4.83598923483247e-15,-7.48510419492924e-05,5.2437736573961e-15,-0.833590009743089,-1.48260771076859e-13,-3.62848595202736e-14,-0.00364252884258107,-7.73269921971759e-16,-3.67033764803201e-05,-1.84998133689578e-15,-1.05762617383701e-15,-1.52355194297963e-14,9.13362607111622e-15,-1.48594070223265e-15,-1.30126541105668e-15,3.23980893690581e-15,-7.09627463612425e-05,5.56343518554437e-16,-1.09202383626221e-14,-2.7716351928983e-15,-1.20116849474133e-15,-2.33397185858399e-15,9.46318305429426e-15,9.05843750136064e-15,-1.0818369606206e-16,7.23356326454016e-15,-3.19814045594742e-14,-1.52037818024257e-15,-3.60298595890211e-15,-0.0999999999999966
"t95",-0.110989925306633,0.0771997330242079,0.0216527490931078,-0.160116658894869,0.00125195653767545,0.0488387332367133,-0.00060273798928607,-0.000132961466484462,-0.00622231690148742,0.00436891037817124,0.00298340392960627,-0.350643115386422,-0.00185043030628223,-0.00199962093338325,-0.00149071764347474,-0.00032409837774292,0.0815939451001481,-0.000486450258950297,0.39996179784466,0.000209428461211453,-0.0110891162116604,0.00991486954636818,0.00347543135104776,0.000312290325871389,0.000511405895690091,-0.000895308223262261,-0.000106829547748319,9.71109610338362e-08,4.75993465876988e-08,-0.00012336539453426,-8.68489291699003e-06,-0.000187361033903828,-2.15081479362112e-05,5.96234751459794e-05,-0.000287993644183167,-7.90754585064643e-05,0.00299728073451814,0.0241955413505855,4.12741451065121e-05,-7.07413668955152e-08,7.35734426756674e-06,4.32482364733063e-05,0.0058857425551401,2.29525262740288e-05,-0.000157853937182556,2.47645318871513e-05,3.14512395050515e-06,2.94874525769085e-05,9.99990086868714e-05,-5.98485576390723e-07,-2.99892106131146e-16,0.00147815903630226,-2.16658115145359e-15,-2.77805622257585e-06,6.66706414641038e-06,2.37667252827495e-05,-6.2763072056057e-16,0.000275095078164103,-8.87669315179796e-06,9.7487749219624e-16,8.83248369535426e-17,0.0182822239142655,6.1179466969708e-06,1.05935494383718e-15,0.000165454899616843,-7.26722690476511e-16,8.38305713311837e-15,-2.61246354794662e-05,-7.40363495764302e-05,3.15532599366551e-06,-2.59383343503356e-15,0.000119300966759561,-1.71694434768238e-15,0.390349474494775,6.69730537163913e-14,1.67689380234113e-14,0.000848681499411212,9.36927240159748e-16,2.47700799101882e-06,2.05979532288662e-16,3.09853020412357e-15,5.30786898660392e-15,-8.09399392238093e-15,-5.84130885733847e-15,-1.29108916202168e-15,1.59430790729845e-15,-2.47235322363471e-05,1.0427978247238e-16,2.0650916677994e-14,1.34323792953441e-15,3.362294018011e-15,-4.18965782891819e-15,-1.79691663254826e-14,-2.54528220781465e-13,-1.65006913247699e-14,2.49227038773566e-13,0.707106781186557,1.17761740031102e-14,-1.31614649088299e-14,-0.100000000000026
"t96",-0.110989925306633,0.0771997330242086,0.0216527490931078,-0.160116658894869,0.00125195653767543,0.0488387332367136,-0.000602737989285955,-0.000132961466484385,-0.00622231690148772,0.00436891037817148,0.00298340392960637,-0.35064311538642,-0.00185043030628187,-0.00199962093338338,-0.00149071764347475,-0.000324098377741845,0.0815939451001491,-0.000486450258950264,0.39996179784466,0.000209428461212361,-0.0110891162116601,0.00991486954636827,0.00347543135104747,0.000312290325871781,0.000511405895690527,-0.000895308223262445,-0.000106829547748925,9.71109614284502e-08,4.75993463651889e-08,-0.000123365394534434,-8.6848929175345e-06,-0.000187361033902956,-2.15081479357927e-05,5.96234751456896e-05,-0.000287993644182696,-7.90754585051513e-05,0.00299728073451847,0.0241955413505886,4.12741451067348e-05,-7.0741365730905e-08,7.35734426885524e-06,4.32482364736568e-05,0.00588574255513923,2.29525262709143e-05,-0.00015785393718253,2.47645318853423e-05,3.1451239474408e-06,2.94874525747214e-05,9.99990086849037e-05,-5.9848557698103e-07,-2.90561172668225e-16,0.00147815903629772,1.46340045142016e-15,-2.77805621902392e-06,6.66706414974406e-06,2.37667252816138e-05,-7.92681042773312e-17,0.000275095078164801,-8.87669315297584e-06,5.60656800077897e-16,-5.67619640920482e-16,0.0182822239142704,6.1179466958649e-06,1.51979440425709e-15,0.000165454899614446,-4.68632572853293e-15,1.87411360250405e-14,-2.61246354773381e-05,-7.40363495914052e-05,3.15532599122802e-06,-2.58234714354506e-15,0.000119300966757038,-3.51552489950732e-15,0.390349474494822,7.05914928084964e-14,1.71250262769607e-14,0.000848681499401512,-3.59774256609248e-16,2.4770079932835e-06,1.28583970863924e-15,-2.77297942322659e-15,8.02342033186614e-15,-7.5220359590722e-16,7.74612654817309e-15,2.05811696286791e-15,-3.75246371866373e-15,-2.47235322601906e-05,-1.17241177526862e-15,-1.22108560100816e-14,-5.80816785657798e-16,7.57911111551951e-17,4.94586418722815e-15,1.73065487862443e-14,2.47473481023379e-13,1.53060856826553e-14,-2.4859527659612e-13,-0.707106781186538,-9.73204978466586e-15,3.82207947002977e-15,-0.0999999999999728
"t79",-0.110438496044799,0.0765919221324632,0.0213564035528962,-0.157590192990736,0.00122864297993313,0.0474864588173241,-0.000582861872652549,-0.000127293454077542,-0.00584897358443184,0.00408079417251506,0.00267266046011553,-0.312971521374561,-0.00164210845648567,-0.00168682700363645,-0.00123506486538667,-0.000256478319428799,0.0368746582983949,0.000343890482984926,-0.447358117263627,0.00649972959748792,-0.0408464408213512,0.0223656481277314,0.00763273786532698,0.000681740498029256,0.000956452789850717,-0.00154080348747277,-0.000171433584057874,1.54696937750182e-07,6.8415186151676e-08,-0.000174371992603756,-1.19978413293652e-05,-0.000251101408368676,-2.85551230897392e-05,7.83182691172115e-05,-0.000370900699213731,-0.000101771406188344,0.00383651987324032,0.030946630833027,5.26552605466392e-05,-9.02556910796096e-08,9.40012315836422e-06,5.52581664828055e-05,0.00752969801754085,2.94781697923605e-05,-0.000203550200639596,3.19630192207003e-05,4.09141964206903e-06,3.83817890865062e-05,0.000130481210975162,-7.81267234840896e-07,2.16810379912893e-16,0.00202900610587232,8.00742207033688e-16,-3.96458855325975e-06,9.67890720809842e-06,3.65495531460696e-05,-7.70111410180038e-16,0.000564799593839614,-2.06898543526602e-05,-2.85564202154747e-16,-3.28337624694884e-15,0.37624686895626,-2.44361519010567e-05,6.18154552422883e-15,-5.67652182368254e-05,-2.50826600835112e-15,4.03446096670941e-15,-1.30442911721497e-06,-5.90194663601134e-06,2.84488068164217e-07,-1.93746966713146e-16,1.82207080305862e-05,1.27250505512537e-16,0.00391437532145429,2.12180976926281e-15,-5.99026041208526e-16,-0.000355021979558389,-5.05655879086119e-16,-6.72299220482453e-06,-2.1141347970722e-16,-2.78148751350875e-15,-4.2890296458819e-16,-1.70796971608412e-15,1.28249337967939e-15,1.24359961746736e-15,-2.5084740039783e-15,-3.23796200900425e-05,-2.33658146371657e-14,0.707106781186548,-1.76922448830077e-13,-6.66126017649847e-14,6.27459003903488e-15,3.88572392506891e-15,1.91408033483987e-14,-4.06096257939119e-16,-2.47363765904969e-14,-1.91741065631664e-14,-4.02854452392507e-15,-2.76480065907866e-15,-0.100000000000001
"t80",-0.110438496044799,0.0765919221324632,0.021356403552896,-0.157590192990736,0.00122864297993309,0.0474864588173232,-0.000582861872652478,-0.000127293454077766,-0.0058489735844318,0.00408079417251465,0.00267266046011549,-0.312971521374561,-0.00164210845648559,-0.00168682700363671,-0.00123506486538649,-0.000256478319428693,0.0368746582983941,0.000343890482984706,-0.447358117263627,0.00649972959748743,-0.0408464408213513,0.022365648127732,0.00763273786532738,0.000681740498029235,0.000956452789851387,-0.00154080348747314,-0.000171433584057801,1.54696937992218e-07,6.84151859868037e-08,-0.000174371992604139,-1.19978413295899e-05,-0.000251101408370036,-2.85551230904723e-05,7.83182691177201e-05,-0.00037090069921424,-0.000101771406187823,0.00383651987324135,0.0309466308330242,5.26552605471049e-05,-9.0255691016377e-08,9.40012315856088e-06,5.5258166483192e-05,0.00752969801753854,2.94781697921e-05,-0.000203550200639348,3.19630192220432e-05,4.09141964261701e-06,3.83817890866858e-05,0.000130481210973594,-7.81267235387481e-07,2.68706818262893e-16,0.00202900610587407,-2.79078205915217e-15,-3.96458855090476e-06,9.67890720754334e-06,3.65495531469147e-05,-1.36383241851903e-15,0.000564799593843663,-2.06898543522139e-05,-4.7343167886003e-16,-3.0036537760083e-15,0.376246868956263,-2.4436151901761e-05,8.34097832064369e-15,-5.67652182418616e-05,-2.88767799339357e-16,7.78755747839815e-15,-1.30442911792608e-06,-5.90194662588756e-06,2.84488066093679e-07,6.73419140033531e-17,1.82207080320607e-05,1.09285542939914e-15,0.00391437532147187,-1.46389853316585e-15,1.62936456149595e-15,-0.000355021979571737,9.55062620710832e-16,-6.72299220498447e-06,-3.04689020873737e-16,2.29029850159368e-15,1.69789403868952e-15,1.49163951369706e-15,-6.64828139523078e-16,-1.00239638401389e-15,1.61220588584218e-15,-3.23796201209413e-05,2.29206326422253e-14,-0.707106781186547,1.76024596577757e-13,6.80577048811719e-14,-8.29332890330111e-15,1.05047083245498e-15,-2.10655423161722e-14,2.19356393815741e-16,2.76746421693189e-14,1.39105395706632e-14,3.96446678211464e-15,-5.52370474600226e-15,-0.0999999999999948
"t44",-0.109663300248454,0.0757631579529847,0.0209753383197294,-0.154406940049814,0.00120005350446067,0.0459591433840504,-0.000561409691208556,-0.000121638907723275,-0.00552195683892262,0.00383872970435176,0.00246756911094077,-0.288575100152868,-0.00151109130264495,-0.00153058105511667,-0.0011163178373521,-0.000229945543407701,0.0319724429667172,0.000291732451965854,-0.378600088338028,0.00543694420418102,-0.0338627234227251,0.0183057515543588,0.00623905485022478,0.000557087106938236,0.000773185054317653,-0.00123379654302879,-0.000135638095256923,1.22201662304999e-07,5.21743335323941e-08,-0.00013168010720673,-8.90531726332138e-06,-0.000180003358313745,-2.01485867160907e-05,5.39922483827173e-05,-0.00023660953225096,-6.46330642570491e-05,0.00231481813667974,0.0184642067937612,2.86695570876912e-05,-4.80356321044485e-08,4.66125306812456e-06,2.73678562618754e-05,0.0035924341359098,1.28642291057497e-05,-8.21990086020435e-05,1.26908151725527e-05,1.41422599958242e-06,1.31343498016441e-05,4.27934315868765e-05,-2.54251996032162e-07,-4.88703262539012e-16,0.000200472076404054,1.82138294835973e-15,1.55751455538188e-07,-9.14574050321482e-07,-9.60481080015919e-06,2.19701837793678e-15,-0.000496049673229487,2.22643078554294e-05,4.30217924971989e-16,6.6668290668825e-15,-0.84613876193355,7.55068676779741e-05,-1.57505512355951e-14,0.000554968538340449,2.93084317471112e-15,-1.20786437093119e-14,-5.49282036699761e-05,-0.000145885490450361,6.05799160639391e-06,-4.53001591964725e-16,0.000178878955308163,-2.30863094737912e-15,0.0167373764799304,4.79797253320658e-15,1.33983140910323e-16,-0.00126620666179621,-3.69537662691352e-16,-2.09892094048568e-05,2.29330038437163e-16,1.22315794789339e-16,-1.262678834499e-15,-3.94099725282437e-16,-5.39875905880597e-17,-5.40091291666664e-16,8.54584302139931e-16,-7.0057537551903e-05,1.05191723495301e-15,-1.88300456911629e-15,-4.08159895967396e-16,3.5759249950373e-15,-1.17877036241898e-16,2.14629306634059e-15,7.3754693154865e-16,-7.47953096904166e-16,3.5565929276062e-15,-6.56157784657449e-15,5.09282528456624e-16,-4.05876073905281e-15,-0.100000000000003
"t42",-0.111093164471756,0.0773605128789876,0.0217829010857133,-0.161404203205893,0.00126624186209534,0.0502081828182411,-0.000628813859138428,-0.00014458793520235,-0.00799718138664301,0.00630126831658113,-0.00146994385246196,0.117182491461954,0.000322585200885474,-0.000223590319833412,-0.000149242223466814,-3.18793335701672e-06,-0.450352616413249,-0.000371466734539561,0.0349413156364564,0.00857558817505562,-0.0693426764320759,0.125411269358407,0.134498617174504,0.0327603885836066,0.000488756833867387,-0.00132757120624839,-0.00017299195856351,1.57929909096628e-07,7.90299637397098e-08,-0.000205299601347194,-1.45636608959703e-05,-0.000324558565504753,-3.81302917252842e-05,0.000110555603612971,-0.000717458739558318,-0.000202675945895079,0.0134485723741985,0.139052383956372,-6.77283514446682e-05,6.6497510940348e-08,-3.79606340327252e-07,-1.79971649841467e-06,0.00498748602209044,5.79035054049444e-06,-6.00952122590995e-05,9.90838497670136e-06,1.58828590980101e-06,1.50439190618233e-05,5.29810716025226e-05,-3.19018298287498e-07,-7.91871508104627e-16,0.00346943193900663,-2.66886286023215e-16,-1.89930647455751e-06,4.6031448437716e-06,1.66553016986454e-05,1.4431347457836e-15,0.000190871663430442,-6.08095151136075e-06,-5.89461374282437e-16,1.13871420111301e-15,0.00328111128076141,5.22670911961216e-06,8.92089175773696e-16,0.406698632968376,-7.42308930491813e-14,0.707106781186601,-1.26456555935905e-05,-3.5465098798462e-05,1.50198675602361e-06,1.14828900939796e-14,5.11717364290843e-05,-2.54280165599073e-15,0.00168124663615127,-1.64424158668656e-15,6.3642972437778e-17,-0.00146660830841563,-5.25286856416091e-16,-9.30519082017155e-06,4.63502238674941e-16,-1.25619505415712e-16,-3.68060891326077e-16,1.0175041732021e-15,4.30480194699909e-16,-5.91564780688227e-16,7.09003012563836e-16,-3.76469475277493e-05,4.68718724333225e-16,-1.66617236457705e-16,-1.02262235139098e-15,1.75251043986764e-15,5.38213054792951e-16,3.31688073281603e-15,2.5722281311036e-15,-2.41552235631544e-15,4.71376622330918e-15,8.40786881699958e-16,8.60490683937031e-16,-4.6488288209318e-15,-0.100000000000001
"t43",-0.111093164471756,0.0773605128789876,0.0217829010857136,-0.161404203205892,0.00126624186209527,0.050208182818241,-0.000628813859138564,-0.000144587935202309,-0.00799718138664323,0.00630126831658085,-0.0014699438524617,0.117182491461954,0.000322585200885578,-0.000223590319833699,-0.000149242223466466,-3.18793335713284e-06,-0.450352616413249,-0.000371466734539445,0.0349413156364562,0.00857558817505564,-0.0693426764320749,0.125411269358408,0.134498617174505,0.0327603885836063,0.000488756833867424,-0.00132757120624893,-0.000172991958565295,1.5792990856817e-07,7.90299638806061e-08,-0.000205299601347398,-1.45636608952957e-05,-0.000324558565503928,-3.81302917244618e-05,0.000110555603612498,-0.00071745873955776,-0.000202675945895339,0.0134485723741972,0.139052383956374,-6.77283514449611e-05,6.64975107020096e-08,-3.79606341258727e-07,-1.79971649893454e-06,0.00498748602209417,5.79035053932329e-06,-6.00952122586249e-05,9.90838497467535e-06,1.58828591115344e-06,1.50439190614506e-05,5.29810716038616e-05,-3.19018295045908e-07,6.2863222247848e-16,0.00346943193900674,1.41941016478568e-15,-1.89930647570189e-06,4.60314484107991e-06,1.6655301694777e-05,-3.51846135184754e-15,0.000190871663430695,-6.08095151683866e-06,1.01000408761333e-15,-3.82279369823702e-15,0.0032811112807825,5.22670913107139e-06,1.93577676274728e-15,0.406698632968558,9.66028463128301e-14,-0.707106781186495,-1.26456555479969e-05,-3.54650988392743e-05,1.50198676718853e-06,-8.187575095215e-15,5.11717364295933e-05,3.22955850209107e-15,0.00168124663619906,3.76914743913233e-15,1.02706367812068e-15,-0.00146660830840949,1.26574749671493e-15,-9.3051908167449e-06,-4.85838416908792e-17,-9.5255001893564e-16,5.85432407452204e-16,-1.04439641691194e-15,6.76994770131487e-16,8.10009268329981e-16,-5.19282529323893e-16,-3.76469475249346e-05,5.9774048316262e-16,-3.59096137803592e-15,-1.0334492880514e-15,-6.83461362799473e-16,-1.11179194200751e-15,1.62627978168559e-15,-1.75356405045066e-15,6.71900805972118e-16,5.62306939552892e-15,-9.55367618635307e-15,-1.19609523851034e-15,-4.29629683406925e-15,-0.100000000000001
"t39",-0.111060044044656,0.07732494851718,0.0217663786186839,-0.161265583355342,0.00126498880497827,0.050139458281712,-0.000627828566230921,-0.000144314331267147,-0.00797811712089633,0.00628532700181275,-0.00146512645308597,0.116792339196204,0.000321485729389106,-0.000222704702082342,-0.000148628460091604,-3.17381873811188e-06,-0.447784217909381,-0.000369046186949637,0.0347105505227903,0.00851528826272239,-0.0688325310324036,0.124430884507949,0.133440910867754,0.0325023964663774,0.000484720456205948,-0.00131616344507141,-0.000171433010405,1.56497983984949e-07,7.82184126723616e-08,-0.000203123976876125,-1.4401009272231e-05,-0.000320568628244208,-3.76424699853715e-05,0.000109061384877746,-0.000706108138054824,-0.000199443498819717,0.0132148403345008,0.13659342645891,-6.63699952607245e-05,6.51265755448457e-08,-3.71147054944199e-07,-1.7595613574387e-06,0.00487202748370651,5.64538736540415e-06,-5.84994817401239e-05,9.64214281779044e-06,1.54177309341111e-06,1.4600906761889e-05,5.13852367592291e-05,-3.09370976047355e-07,-3.70237253304865e-17,0.00332657425229305,-9.70070211710729e-16,-1.80804965617931e-06,4.36911990428612e-06,1.56639709436666e-05,2.94088242421098e-15,0.000173013162558648,-5.44037519151703e-06,-8.47241028996863e-16,3.04063338902843e-15,0.00267315214122937,3.88853354476757e-06,-2.8217728398079e-15,-0.818039789168629,-2.1825130765412e-14,-1.05606217050436e-13,-1.78562106049744e-05,-4.79216730867403e-05,2.00021401438739e-06,-3.96484262597676e-15,6.24789817457525e-05,-1.48916528037766e-15,0.00186712272620496,-1.14721394477715e-15,-9.16124424538333e-16,-0.0015995450454866,-6.14973750443103e-16,-1.00234473390649e-05,-8.21513343578011e-16,8.89639254097364e-16,-5.87019058678015e-16,-3.70042307644544e-16,-4.88127171647761e-16,-2.06355394971761e-16,5.1159591014933e-16,-3.93505530344095e-05,-7.5154325010777e-16,2.54550739040669e-15,3.1881496841551e-16,1.97899294641814e-15,-1.15454083083211e-15,2.39890048495033e-15,-1.72405841065137e-15,-3.50052070667487e-17,-4.07063842154304e-15,-2.34863799304949e-15,6.78238443384386e-16,-3.89900533002179e-15,-0.100000000000003
"t9",-0.108066400923546,0.0740867585534091,0.020241236993389,-0.148410454796234,0.00114807578673779,0.0436118304096289,-0.000533354101559018,-0.000117664167339456,-0.00607563156339795,0.00468281802481619,-0.000961952190141241,0.0759298452916724,0.000205855284486899,-0.000126777691554528,-8.15972768103863e-05,-1.60533514638224e-06,-0.140600302366584,-6.47492161023962e-05,0.00553844047266511,0.000680939018563675,-0.00112203228250995,-0.00979536866574447,-0.0118360938890109,-0.00296000009983424,-8.51139000147297e-05,0.000333269012635673,6.10095017942354e-05,-5.78863920144119e-08,-5.52999514500144e-08,0.000164753357231175,1.44968962183533e-05,0.00046703228875074,6.36519994142751e-05,-0.000226350177095626,0.00273099967258142,0.000798770804781537,-0.0794328111168894,-0.90058560713433,0.00108023324074918,-1.45058492035873e-06,0.000119665886720016,0.000706588846005305,0.323667145931046,0.000116728333364314,-0.000831611887635376,0.000129433831050948,1.51031300153543e-05,0.000140768000828606,0.000466127730190372,-2.77818727890983e-06,-5.24331995935203e-16,0.0185640776537404,-2.24334647077831e-15,-8.93132815223956e-06,2.08410924695616e-05,6.91119996437028e-05,-7.03609401221237e-16,0.000675096699712441,-2.08915570476649e-05,8.45937630971424e-16,-4.73126072978145e-16,0.0101389423571091,1.53454619008665e-05,4.06873898117048e-16,0.00146010052317664,-1.42283799591963e-15,-2.27592413195486e-16,-4.18420980829152e-05,-0.000114594976549516,4.81396473448441e-06,-2.4535570595848e-16,0.000155392875125135,-1.1562239338033e-15,0.0046625925328028,1.72977380577583e-15,9.67512527071131e-17,-0.00395100105474945,-5.47106770687792e-16,-2.44442269324661e-05,5.15096301366801e-17,1.81163502195597e-17,8.4004674217728e-17,-1.83069848432263e-16,3.23151059800327e-16,-2.803348803201e-16,1.13486833184285e-16,-8.96953960063783e-05,1.54480440149689e-17,8.72110167654666e-16,-3.76392199380234e-16,1.87697497596565e-15,-7.66575190410122e-16,2.7151336665877e-15,-5.97301916735521e-16,-4.78176390651671e-16,3.35602656433065e-15,-5.95612095584404e-15,5.59179741611882e-16,-4.00861990671318e-15,-0.100000000000002
"t89",-0.111381615217143,0.0776970181389901,0.0219658341998085,-0.163024223769138,0.00128197249712531,0.0512788039138418,-0.000646096561979255,-0.000150483760012539,-0.0085772565234869,0.00684430318469636,-0.00180115225402857,0.145682560816987,0.000410989628762467,-0.000402832671941874,-0.000338162716096612,-7.61383042837605e-05,-0.0621768839718445,-2.4246520844897e-05,0.00122033695872414,-0.00184868280764974,0.0440349262965961,-0.368793274482633,-0.493955837705703,-0.127421881632049,0.00387001446388248,-0.00409950863636282,-0.000358064564315223,3.16204305777906e-07,1.09803947573291e-07,-0.000272063570344611,-1.81427124215144e-05,-0.000372826916459346,-4.26330146701747e-05,0.000119440989555736,-0.000696925516174449,-0.000195493696444261,0.0116881560965654,0.117007049723627,-2.13397283112846e-05,-4.68154624086836e-09,1.03289420874535e-05,6.24200496511101e-05,0.0671553857326013,-1.89726292501146e-06,-4.39606995305695e-05,7.91476915581097e-06,1.58940522234568e-06,1.51352889281858e-05,5.42467590217372e-05,-3.27461418884037e-07,1.97085172265206e-16,0.00892209559868947,-3.93290754158459e-16,-1.97558188144094e-06,4.796140916461e-06,1.73228810519866e-05,6.90291022717155e-16,0.000195423370802428,-6.19414776704647e-06,-6.33799973893103e-16,2.22674683380332e-17,0.00323798341026277,5.02213186274905e-06,-6.51924254993771e-16,0.000317319184094458,8.9992442528842e-16,-1.82599765398827e-15,-1.5012782625582e-05,-4.13429359531995e-05,1.74053797963008e-06,-1.12720237738273e-15,5.72726195855647e-05,-7.27932387014481e-16,0.0018143675958311,6.64002666169059e-16,-1.96463066272064e-16,-0.00289061924454551,1.44328249126542e-16,-9.85239817274756e-06,-7.95663664476408e-16,2.04037504913618e-15,-1.62067247197003e-15,5.64225334164902e-16,-2.89346861485681e-15,-2.63999988044422e-16,-1.24409533727521e-16,-3.93102862880359e-05,-1.99731457752754e-15,-2.10756311325209e-14,2.5911623659144e-15,5.61603545134205e-15,-1.05451140108179e-14,-3.24843307271996e-15,0.707106781186547,1.13437968864628e-13,5.42765797224845e-14,2.47591905464378e-13,-2.08923470935107e-16,-2.50181942603568e-14,-0.0999999999999992
"t90",-0.111381615217143,0.0776970181389901,0.0219658341998085,-0.163024223769138,0.00128197249712631,0.0512788039138417,-0.000646096561979315,-0.000150483760012693,-0.00857725652348681,0.00684430318469619,-0.00180115225402873,0.145682560816986,0.000410989628762341,-0.000402832671941572,-0.000338162716096275,-7.61383042834809e-05,-0.0621768839718438,-2.42465208447565e-05,0.00122033695872546,-0.00184868280764925,0.0440349262965963,-0.368793274482632,-0.493955837705703,-0.127421881632049,0.00387001446388232,-0.00409950863636305,-0.000358064564315396,3.1620430588933e-07,1.0980394781166e-07,-0.000272063570345177,-1.81427124218518e-05,-0.000372826916459353,-4.26330146700019e-05,0.000119440989555859,-0.000696925516174479,-0.000195493696444505,0.0116881560965661,0.117007049723626,-2.13397283122648e-05,-4.68154797633856e-09,1.0328942088337e-05,6.24200496523679e-05,0.067155385732599,-1.8972629241816e-06,-4.39606995293722e-05,7.91476915759155e-06,1.58940522254529e-06,1.51352889286208e-05,5.42467590198783e-05,-3.27461418308027e-07,-2.52591416408362e-16,0.00892209559868888,1.24408392855585e-16,-1.97558188060171e-06,4.79614091762437e-06,1.73228810537419e-05,-4.28566303338879e-16,0.000195423370803397,-6.19414776861439e-06,8.32253471699452e-16,-1.33186365720964e-16,0.00323798341026081,5.02213186238368e-06,1.22630390215496e-15,0.000317319184096969,-4.93907130488366e-16,2.28876643102869e-15,-1.50127826234667e-05,-4.13429359561515e-05,1.74053797263332e-06,5.94700838822765e-17,5.72726195829548e-05,-5.31963508573264e-17,0.00181436759581653,-6.19358108323764e-16,1.58721401931814e-16,-0.00289061924454067,-6.00157778162964e-16,-9.85239817702837e-06,5.05448862798459e-16,-2.25414515190631e-15,1.52056098612293e-15,-1.28919022700743e-15,2.96853681391197e-15,9.89570811583407e-17,1.15129438780632e-15,-3.93102862889064e-05,2.08981338288362e-15,1.90728089954863e-14,-3.78955758791565e-15,-3.47783918491865e-15,9.3462784927541e-15,7.0921708169248e-15,-0.707106781186548,-1.14449941657638e-13,-5.06222328990623e-14,-2.54475232399782e-13,6.17271622820298e-16,1.63131480683037e-14,-0.0999999999999978
"t93",-0.114887647929589,0.0815816934338197,0.0238853846455645,-0.17948538300682,0.00143523293418338,0.0605021007652805,-0.000785590532735818,-0.000193161945234655,-0.0121190358854279,0.00999114219185304,-0.0032452750589371,0.267343529566599,0.000776333898709029,-0.000983718928046648,-0.000907482649880377,-0.000263125361960077,0.323516676650081,3.24661729321315e-05,-0.00147016210900821,0.00137371459258217,-0.0227375848314811,0.107440380369987,0.134725348120175,0.034205262395786,-0.000532115133231802,0.000188254598692022,-1.72426770615854e-05,1.8724530646305e-08,2.74800846463257e-08,-7.92025730797466e-05,-6.443738432632e-06,-0.000173251003748608,-2.17115126828154e-05,6.82742618957522e-05,-0.000541343263898749,-0.000154298693611188,0.011049022892167,0.115095994276162,-2.99757416092792e-05,-7.29909276804276e-09,2.41724712295596e-05,0.000147332101262672,0.21588796054179,-5.36589331726048e-05,0.00019786999916114,-2.80889941816714e-05,-1.87975780580202e-06,-1.6933834526854e-05,-4.86740232380005e-05,2.82769792623645e-07,-1.24022197999057e-15,0.145924276280048,-4.42715816379371e-15,8.13441768156734e-07,-1.2978865672649e-06,-1.27181867652647e-06,-4.72807954607691e-16,2.67954492729616e-05,-1.03107435361033e-06,-7.85311029461045e-16,-1.44832869771197e-15,0.000828517005039492,1.43888110619008e-06,3.54177420199638e-16,0.000115216044638612,-1.65007210840114e-15,4.87303657739832e-17,-6.53722673352495e-06,-1.85504991823198e-05,7.90603118931046e-07,3.86315004804922e-15,2.93611019179678e-05,2.97921313673701e-15,0.00196343279221625,-2.48514453922836e-14,-1.56089925882248e-14,-0.380315463121096,-4.75177979242308e-15,4.526832781116e-06,-1.50211750337501e-15,6.21144076818906e-15,3.69168694576349e-16,-2.24393972488929e-15,1.82446318009182e-15,-4.20441058739042e-16,2.43671432998981e-15,-1.01458379361312e-05,7.78684626816855e-15,2.87504435143206e-14,4.31842015356597e-15,1.65857390429148e-14,3.70790662030341e-16,-3.3293187436267e-15,-5.4500248525389e-14,-1.43841625710911e-14,0.707106781186548,-2.50187067662848e-13,-7.28162401565839e-15,-1.76099665502913e-14,-0.0999999999999823
"t94",-0.114887647929589,0.0815816934338197,0.0238853846455645,-0.17948538300682,0.00143523293418345,0.0605021007652805,-0.000785590532735532,-0.000193161945234673,-0.012119035885428,0.0099911421918525,-0.00324527505893716,0.267343529566599,0.000776333898709132,-0.00098371892804725,-0.000907482649880741,-0.000263125361960429,0.323516676650081,3.24661729317974e-05,-0.00147016210900761,0.00137371459258252,-0.0227375848314811,0.107440380369988,0.134725348120175,0.034205262395786,-0.000532115133231711,0.000188254598691533,-1.72426770611855e-05,1.87245304635169e-08,2.74800840475592e-08,-7.92025730803758e-05,-6.4437384319086e-06,-0.000173251003748735,-2.17115126836483e-05,6.82742618951454e-05,-0.000541343263899095,-0.000154298693611474,0.011049022892166,0.115095994276161,-2.99757416090183e-05,-7.29909249214779e-09,2.41724712291992e-05,0.00014733210126247,0.21588796054179,-5.36589331737364e-05,0.000197869999161974,-2.8088994181119e-05,-1.87975780565516e-06,-1.69338345273321e-05,-4.86740232399981e-05,2.82769792616561e-07,-1.52709441171416e-15,0.145924276280047,-4.61046255431893e-15,8.13441769316596e-07,-1.29788656822336e-06,-1.2718186778403e-06,8.90052421684913e-16,2.67954492723854e-05,-1.03107435331642e-06,-7.43875613408629e-16,-9.19155805575915e-16,0.000828517005036672,1.43888110493226e-06,-2.56946071109399e-16,0.000115216044648684,8.06573271839854e-16,-1.00077733719198e-15,-6.53722673527504e-06,-1.85504991824211e-05,7.90603118622265e-07,3.0037968383087e-15,2.93611019196592e-05,2.34121618634165e-15,0.00196343279220849,-2.2642629773399e-14,-1.37258044610822e-14,-0.380315463121091,-6.68098305875901e-15,4.5268327779831e-06,5.71599011185296e-16,7.39074027162786e-16,3.85066667772536e-15,9.86975144410794e-16,-3.15608954320725e-15,1.38671760463556e-15,2.17699547802608e-15,-1.01458379328232e-05,-6.59692628362139e-15,-2.33259552345031e-14,-6.24953642974281e-15,-1.22489699480169e-14,-2.92559868185578e-16,5.47656271390172e-15,5.07766497846914e-14,1.1317450087821e-14,-0.707106781186548,2.48192048091384e-13,6.86527904349206e-15,8.37665959896074e-15,-0.100000000000015
"t62",-0.114417451719824,0.081068103646464,0.0236384117392225,-0.177387225808895,0.00141593917206342,0.0593835152247634,-0.000769013323260942,-0.000188263320965788,-0.0117346691967537,0.00965558270019274,-0.00310561914911748,0.255664507342501,0.000741655874476746,-0.000933060747576426,-0.000859067370038573,-0.000248080439459153,0.300117757910613,2.98136080622798e-05,-0.0013485703510679,0.0012534651618872,-0.0206644788461409,0.0970969180334002,0.121685953097371,0.0308905525938916,-0.000478321701256914,0.000168542117795996,-1.53598602820456e-05,1.66689158392819e-08,2.41176834817153e-08,-6.92448956765349e-05,-5.59633216787908e-06,-0.000148535601575711,-1.850887176667e-05,5.77323679536658e-05,-0.000446283453939931,-0.000127027313360132,0.0089578213617185,0.0930124858407053,-2.36341115531347e-05,-5.72211661051742e-09,1.8635011732729e-05,0.000113549967371768,0.165014592976991,-4.02699781208916e-05,0.000146369627395401,-2.07163402755527e-05,-1.35576678659066e-06,-1.21953454381147e-05,-3.4840930897374e-05,2.02188594930738e-07,-1.45311263641219e-15,0.0951202581605321,-4.65316516577646e-15,5.03020388206837e-07,-7.86411903992976e-07,-7.2586376155499e-07,-1.34057012921003e-15,1.2589811407164e-05,-4.5812653937608e-07,3.20370959394755e-15,3.07392327996401e-15,0.000277119459978579,4.07019764739252e-07,-8.75361167155663e-17,1.37311426683063e-05,-5.16753203168562e-16,4.43039464708042e-15,4.52698659295084e-07,1.95256012825393e-06,-9.51109246567307e-08,-8.65226152548495e-15,-8.13451178255893e-06,-7.66431634517313e-15,-0.00234865378478753,5.46166300454887e-14,3.23098046489054e-14,0.841706281934234,1.23592077943633e-14,-2.1825230310323e-05,8.00035659209201e-16,-7.51594662350808e-15,-4.822315833238e-15,3.77106603692038e-16,2.58267233832378e-15,-1.39087156906026e-15,-4.42000361012659e-15,-3.07999780960871e-05,-5.37287999466098e-16,-8.72971326936584e-15,-6.31883126472336e-17,-4.5147693307401e-16,-2.24030334133585e-15,6.06240232610051e-15,2.84969002080967e-15,2.62556524902703e-15,5.62451165780732e-15,-9.49761053595037e-15,4.57699383227773e-16,-3.40991646255454e-15,-0.100000000000002
"t26",-0.11232236213769,0.0787683761092234,0.0225224229318992,-0.167877343336396,0.00132814151749588,0.0542341980566012,-0.000692239710902443,-0.000165350493764625,-0.00990970566296327,0.00805525102727822,-0.00242422874476349,0.198591029897981,0.000571781796787929,-0.00068068567084098,-0.000616746796929693,-0.0001720518929707,0.177166596535871,1.55235312596537e-05,-0.000691746796059482,0.000595307380927716,-0.00920366270806488,0.0390977911988453,0.0484644740904517,0.0122707686077368,-0.000172550841552974,5.53288770940674e-05,-4.40538480485971e-06,4.68863066788694e-09,3.7758893281759e-09,-8.3833546961466e-06,-3.23763790121304e-07,1.07688013537172e-05,2.46185089462885e-06,-1.28899054465692e-05,0.000239207138455001,7.04453874493353e-05,-0.00690369708139467,-0.0761593841229344,2.89086282906793e-05,7.59145367529288e-09,-3.08359866055379e-05,-0.000188540540706317,-0.30321478109401,9.13630269877849e-05,-0.000388214973467214,5.66976989562733e-05,4.66042479501672e-06,4.25455185640749e-05,0.000129107347130079,-7.57242134279843e-07,7.66599102370148e-15,-0.874469878114774,3.11988159720055e-14,-8.20037737964488e-06,1.65913525374087e-05,4.53908408191421e-05,8.41204149573547e-16,0.000380597196160859,-1.16123196274003e-05,-3.31150128779585e-15,-9.25411136642033e-16,0.00546490319322111,8.21884087085701e-06,4.3181039963931e-19,0.000488098729944776,2.10702818725753e-15,-7.43666424882591e-16,-2.22307725201995e-05,-6.09105307788536e-05,2.55929610008215e-06,-4.52568486180753e-18,8.28629400363524e-05,6.30945736527375e-16,0.00259852837577007,-5.34247225323597e-15,-1.13861371334124e-15,-0.0437425834522188,-1.2378347243874e-15,-1.20076731378445e-05,-2.77600044143471e-16,-6.93242553199721e-16,-6.98964115382498e-17,9.06808341307664e-16,-4.46881561519507e-16,-2.60421870798388e-16,7.06930982185836e-16,-4.73984911362971e-05,-5.34904145364862e-17,-1.36121550014657e-16,9.12663294460028e-17,7.16908976644677e-16,4.96797428853036e-17,2.49273737060559e-15,6.9228823320995e-16,-1.16037282259135e-15,2.93021444618156e-15,-3.54249846866424e-16,9.3136788293e-16,-4.84061110931308e-15,-0.100000000000003
"t16",-0.110973119228403,0.0772852615589012,0.0218008031870801,-0.161722512430711,0.0012712509897866,0.0508858259905954,-0.000642223362429399,-0.000150376202322184,-0.0087111623292524,0.00700266345578638,-0.00197249777019472,0.160732364197496,0.000459001436746224,-0.000512090287086375,-0.000454585210356307,-0.000120985245855892,0.0932635994515694,5.66495968606212e-06,-0.000238057459819252,0.000137947116281587,-0.00120176683230557,-0.00167618157516867,-0.00304752167705821,-0.00083062946581574,4.38760139263069e-05,-2.52304459080754e-05,3.44288061964945e-06,-3.902421922182e-09,-1.1118833028231e-08,3.64503108357185e-05,3.60258949815234e-06,0.000132127914807337,1.86100318591786e-05,-6.81622588306898e-05,0.000807983949937301,0.000234883031605426,-0.0206863221365446,-0.224595294498125,7.91287019391137e-05,2.06136374415595e-08,-8.30835793875628e-05,-0.000508027059522548,-0.82066665066118,0.000254663322906701,-0.00113222147645703,0.000167407449243772,1.57995398939452e-05,0.000146123141676395,0.000471093272175286,-2.79665058294837e-06,-2.34698101847769e-15,0.42791584369583,-1.50240113355398e-14,-4.42064605692543e-06,1.1397539090644e-05,4.16379814361811e-05,6.35519741938589e-16,0.000429983894688044,-1.33726452820098e-05,-3.22880731574954e-17,-2.49423706162476e-17,0.00657275222039028,9.9846381312639e-06,3.4499344218954e-16,0.000602497012180424,2.56963715371967e-16,-1.92710731285204e-15,-2.76110395011726e-05,-7.56902050221879e-05,3.18083006396039e-06,1.03432453172622e-15,0.000103042359994229,9.14871744106007e-16,0.00315160313823958,-6.58294159535353e-16,-8.65767390120103e-16,-0.0167709726852498,1.20998462032746e-15,-1.60577268116757e-05,-5.41743810836357e-16,-4.18101576422759e-16,2.39600784029774e-16,-6.32761521647839e-16,-6.33453698056704e-18,1.77191634350052e-16,-5.95157024997763e-16,-6.06529104695893e-05,-2.75039045080846e-16,1.95680786339679e-15,-9.66578732474817e-16,1.81923979598069e-15,-8.17953964109445e-16,2.22793533219078e-15,8.64814489707158e-16,-6.25141179158255e-16,2.51946333129674e-15,-4.8395830519136e-15,2.69873751785842e-17,-3.77818465142774e-15,-0.0999999999999988
"t47",-0.102268644982582,0.0633507730464556,0.00151117742146969,0.213398325751738,0.0116699388957593,0.117124184678296,-0.00143285001552445,-0.00037904745283653,-0.241597472033034,-0.0231986561940518,-0.000244924780775546,0.00103794219357859,-0.000171499273212507,-0.000857990398215008,-0.000708579043555613,-0.000175247114228591,0.00345625924748181,-0.000144816687155638,0.00154476078586268,0.00542917063029027,-0.0532944952548619,-0.0334274613933955,0.0167999057820426,0.00540004805692264,0.000428312945696764,0.0983184427501755,-0.00868173822456989,-1.32958691960552e-05,-5.47823153056355e-08,9.37989085342798e-05,3.34365443174602e-06,1.07423987720587e-05,-4.64949141939494e-06,5.30436697436534e-06,-4.92446050136294e-05,-1.35473465631538e-05,0.00186750873797712,1.7093080361251e-05,1.0718174698111e-05,-1.52956164667198e-08,7.41876588257733e-07,4.26755445915046e-06,7.88818503455875e-06,-4.5980388244035e-06,8.99581594512331e-05,-1.70984147574036e-05,-1.44694985005035e-05,-0.000173197272129076,-0.371525830943076,-2.26282323625405e-05,7.75398417035413e-16,6.56088521596993e-05,2.73023963108435e-15,-2.42899943671644e-06,5.55513783081049e-06,1.77417890546493e-05,4.04715026330474e-15,0.000158735258844457,-4.76344315287663e-06,-3.97510691136574e-15,-1.19221825216488e-16,9.65002087399334e-05,2.58585955047879e-06,-7.75355130526769e-16,-9.21428833158169e-07,-2.28802884537933e-14,-2.37597847920999e-14,0.000137786219760118,0.819365325009283,5.04640823268976e-05,2.74095284744741e-14,0.183767970484612,9.41062070082749e-15,0.000134461119319543,9.48263723119795e-16,-3.00624172609548e-16,-4.0364341991703e-05,3.01059486828302e-16,-1.21500716326003e-05,-6.10034545877008e-16,-1.54952513272835e-15,-8.37453469716072e-16,7.24603001350194e-16,4.38136087115806e-15,-1.90924171296045e-15,2.20784435521222e-15,-4.2500724696504e-05,-5.19382623042972e-16,5.90558260325958e-15,4.24029712175242e-17,3.29424445027565e-15,1.6351984121495e-17,2.39854848196372e-15,-1.74660044927671e-15,1.03013417486512e-15,2.84112488959301e-15,-1.21611347517779e-14,3.03748067987609e-17,-3.84071372695892e-15,-0.100000000000005
"t53",-0.102433255561035,0.0635080304807981,0.00151736817507779,0.214388258856764,0.0117323228830181,0.117990483950665,-0.00144498384557559,-0.000382924959683746,-0.2447121825621,-0.0235160896436269,-0.000249268904962522,0.00105664559518649,-0.000174663049050654,-0.000876392815076386,-0.000724360616032321,-0.000179450263822173,0.00356314781696868,-0.000149937222778359,0.00160012465698632,0.00563640982396809,-0.055423499993587,-0.0348469357057848,0.0175175923097125,0.00563106275342708,0.000447534153172353,0.102910599907083,-0.00910714084350475,-1.39513795498931e-05,-5.78442694111412e-08,9.92107411914706e-05,3.54706003234126e-06,1.14623914445337e-05,-4.9739268454202e-06,5.69561832144205e-06,-5.35044246621472e-05,-1.47288631983024e-05,0.00204520243635126,1.87483504338131e-05,1.18976492556329e-05,-1.70266434264446e-08,8.32753819616058e-07,4.79097324972468e-06,8.89269733447446e-06,-5.2322541766955e-06,0.000103135194500725,-1.96335516032288e-05,-1.68123210879989e-05,-0.000201400358219151,-0.43344140706606,-2.64146507275363e-05,8.21356386648752e-16,8.06944202793198e-05,1.02021678289936e-14,-3.08448488888962e-06,7.1451211817121e-06,2.37307941262642e-05,-4.54788704554683e-16,0.000245482278901267,-7.72493917392212e-06,-1.77474951283753e-15,2.15781805381254e-16,0.000210083026372913,7.09591711561494e-06,2.39440328459167e-15,9.46093071779912e-06,1.02731382923967e-14,1.35052583190805e-14,-9.18951616061689e-05,-0.389592917578812,-2.07335399996543e-05,-1.29555566582397e-14,-0.00209832473848706,-6.30874729501053e-15,6.08245345762592e-05,0.707106781186548,1.03089604481347e-13,-2.19684834354428e-05,-1.10287629958897e-15,-7.38618323840457e-06,1.57146289484642e-15,3.94885983159557e-15,7.75088944627207e-16,8.91430120340386e-17,1.17521175451801e-15,-2.01002102047604e-15,-3.07263918648738e-15,-3.24873067893333e-05,2.6444740489057e-15,-4.85073335470361e-15,-8.46581894338187e-16,-4.615931476553e-15,-2.36353851071222e-16,1.54721629218697e-15,5.74602814725807e-16,-1.06095210992594e-15,4.02559336769563e-15,2.77677941327001e-15,-1.86405401929664e-16,-4.0266456383311e-15,-0.0999999999999947
"t54",-0.102433255561035,0.063508030480798,0.00151736817507776,0.214388258856764,0.0117323228830181,0.117990483950665,-0.00144498384557561,-0.000382924959683775,-0.2447121825621,-0.0235160896436269,-0.00024926890496318,0.00105664559518648,-0.000174663049050836,-0.000876392815076685,-0.000724360616032572,-0.00017945026382227,0.00356314781696804,-0.000149937222778447,0.00160012465698534,0.00563640982396804,-0.0554234999935873,-0.0348469357057849,0.0175175923097133,0.00563106275342694,0.00044753415317254,0.102910599907083,-0.00910714084350484,-1.39513795496563e-05,-5.78442695314977e-08,9.9210741191853e-05,3.54706003204994e-06,1.14623914429969e-05,-4.97392684566324e-06,5.69561832153629e-06,-5.35044246627956e-05,-1.47288631981577e-05,0.00204520243635082,1.87483504329523e-05,1.18976492553379e-05,-1.70266435249151e-08,8.32753820171069e-07,4.79097325010932e-06,8.89269733706869e-06,-5.23225417638585e-06,0.000103135194500027,-1.9633551603494e-05,-1.68123210872783e-05,-0.000201400358220211,-0.433441407066062,-2.64146507282122e-05,-2.33666556451734e-16,8.06944202830165e-05,2.89033934180697e-15,-3.08448488961333e-06,7.14512118313487e-06,2.37307941261738e-05,2.25614284317962e-16,0.000245482278902594,-7.72493917272816e-06,2.55211554282066e-15,9.14518257711263e-16,0.000210083026370161,7.09591711660092e-06,-1.94739968335606e-15,9.46093072056675e-06,9.11591454018981e-15,8.36527265976123e-15,-9.18951616040443e-05,-0.389592917578811,-2.07335399963245e-05,-1.28687917358954e-14,-0.00209832473848474,5.52012510000738e-16,6.08245348263647e-05,-0.707106781186548,-1.01192660308538e-13,-2.19684833438004e-05,1.00176035061329e-15,-7.38618323181329e-06,-9.27506164324598e-16,-2.86479588864291e-15,-3.7678567220106e-16,-5.1477394759928e-16,-3.33682496237987e-15,3.10868088112397e-15,1.35644540173141e-15,-3.24873067904366e-05,-1.00294399552832e-15,-9.37197192899932e-16,-9.72788132321722e-16,5.260144313774e-15,-2.08548572596179e-15,3.34186581925082e-15,1.77503146010176e-15,-1.41121558237821e-15,1.7635139550221e-15,-9.42467719224261e-16,5.36961207112912e-17,-5.15339302401578e-15,-0.0999999999999945
"t83",-0.103080300865736,0.0641305390937176,0.00154219878188841,0.218376521250653,0.0119851271158327,0.12156165095177,-0.00149545846595763,-0.000399299337322682,-0.258173689988789,-0.0248976260139212,-0.000268879013884305,0.00114129574822439,-0.000189038638500555,-0.00096239026954174,-0.000798690978834219,-0.000199575898361957,0.00411186514500602,-0.000177489288738273,0.00189958387400028,0.00678658147465179,-0.0674786948655214,-0.0431216317021784,0.0217138347529606,0.00698274292731359,0.000562839510506394,0.131079011981274,-0.0117922780067261,-1.81048223918628e-05,-7.90137839797042e-08,0.000137581389036282,5.05615084815482e-06,1.73410368703846e-05,-7.74666569719236e-06,9.2810409006195e-06,-0.000104219131031009,-2.90329887109725e-05,0.0046955302970714,4.47150940527556e-05,4.28993638447483e-05,-7.11402134718281e-08,7.32635821089629e-06,4.30024972596347e-05,0.000223478820703493,3.55143754821177e-05,-0.000311080925595664,5.23898048276605e-05,2.164262842767e-05,0.000248724922313375,0.453596119960676,2.68617712984768e-05,-5.14682164281096e-16,-5.68198071831959e-07,-5.39686051512454e-15,-5.2460326691843e-07,1.55273572809795e-06,7.57443456972928e-06,-8.60492451487715e-16,0.000119264925627967,-3.96846939981013e-06,3.91993060705773e-16,-1.01751075426527e-16,0.000126984137683708,4.5168193383173e-06,4.65809719851228e-16,6.6099777607814e-06,1.46085079472239e-15,3.87499722065056e-15,-4.05912417809197e-05,-0.0725744966185534,-3.21977966318093e-07,-2.13334849810626e-15,0.33167995521146,4.29180720048261e-15,-2.64200084236499e-06,-4.79023282939259e-15,4.88279778815162e-16,-5.2945571215617e-06,1.15650631771851e-15,-2.72982746434898e-06,1.37112897707159e-15,-8.10592833969887e-16,-1.34492725534656e-15,4.22535656693864e-15,2.16416738929654e-15,-9.91297557847033e-16,5.56300779000477e-15,-1.90456487499922e-05,-4.9610025947354e-15,-6.8466695097145e-14,-3.42116454449591e-14,-0.707106781186546,-9.88533504548715e-14,3.68289023130035e-14,3.42393184134299e-15,-1.64448056233873e-14,1.64945698602596e-14,-2.68393566948955e-15,-1.23827420268015e-15,-3.46643116427606e-15,-0.100000000000015
"t84",-0.103080300865736,0.0641305390937177,0.00154219878188835,0.218376521250653,0.0119851271158327,0.12156165095177,-0.00149545846595762,-0.000399299337322636,-0.258173689988788,-0.0248976260139211,-0.000268879013884675,0.00114129574822424,-0.000189038638500584,-0.000962390269541492,-0.000798690978834592,-0.000199575898361969,0.00411186514500571,-0.000177489288738089,0.00189958387400136,0.00678658147465214,-0.0674786948655215,-0.0431216317021787,0.0217138347529607,0.00698274292731344,0.00056283951050624,0.131079011981274,-0.0117922780067258,-1.81048223916879e-05,-7.9013784077856e-08,0.000137581389036474,5.05615084809503e-06,1.73410368701669e-05,-7.74666569688623e-06,9.28104090034281e-06,-0.000104219131030865,-2.90329887110382e-05,0.00469553029707195,4.4715094053904e-05,4.28993638443339e-05,-7.11402133841362e-08,7.32635821071382e-06,4.30024972592338e-05,0.000223478820703616,3.55143754821688e-05,-0.000311080925595626,5.23898048283086e-05,2.16426284283407e-05,0.00024872492231269,0.453596119960676,2.68617712985156e-05,-4.54238509586032e-16,-5.68198073117389e-07,-4.1351392369956e-15,-5.24603268110578e-07,1.55273572807591e-06,7.57443456950653e-06,-1.79535638452374e-15,0.000119264925626196,-3.96846940189826e-06,3.35337410229932e-16,-3.67270295645976e-17,0.000126984137687143,4.5168193407921e-06,-4.68049237198386e-16,6.60997776243329e-06,5.00527520345632e-16,1.300667582301e-15,-4.05912417834623e-05,-0.0725744966185572,-3.21977965206664e-07,-1.64520927074249e-15,0.331679955211461,8.16326473838619e-15,-2.6420008457928e-06,4.98753604301497e-15,7.28228169322315e-16,-5.29455711866384e-06,-2.72107840771446e-16,-2.72982746081633e-06,-7.07974667711469e-16,-3.21446960579605e-16,2.12542183938525e-15,-4.37570209524762e-15,-8.56176563803684e-16,5.78685955597183e-16,-5.62365443254783e-15,-1.90456487562663e-05,3.65092741782499e-15,6.624499115331e-14,3.15411768788599e-14,0.707106781186548,9.78946905845011e-14,-3.27111053956645e-14,-5.78051092218987e-15,1.52601737374465e-14,-1.22914315000938e-14,-5.77868235063217e-15,1.90055953988961e-15,-5.80255453777442e-15,-0.0999999999999975
"t52",-0.102558673519447,0.0636308614455386,0.00152242746500855,0.215209487953828,0.0117850892282187,0.11876497112775,-0.00145614499273408,-0.000386659939859244,-0.247924333672223,-0.0238500578741184,-0.000254321954584115,0.00107855190615639,-0.00017840738639677,-0.000899802045061115,-0.000744833126970992,-0.000185127756573591,0.00373272595513929,-0.000158923008760355,0.00169834376251051,0.00602394961035031,-0.0595674255354745,-0.0377709003317916,0.0190044740982586,0.00611032401427842,0.000489338645943777,0.11331920094043,-0.0101226838339783,-1.55270008951056e-05,-6.64013663667766e-08,0.00011498058370479,4.18500147675105e-06,1.40829980465376e-05,-6.23827382600466e-06,7.38322884686083e-06,-7.97374990156499e-05,-2.2164792278324e-05,0.00349887505083513,3.31481536309948e-05,3.05463365444601e-05,-5.01744032308035e-08,5.02235623280623e-06,2.94651517696525e-05,0.000150951210796777,2.32262368809261e-05,-0.000198205514260949,3.31984338092551e-05,1.31539410985351e-05,0.000150743039409932,0.271714325317937,1.60573325778098e-05,-3.88023124606323e-16,-2.79802494733654e-07,-4.93676931585702e-15,-2.27570414627295e-07,6.38810001473431e-07,2.62524971746642e-06,-2.90376066036368e-16,1.74411893702253e-05,-3.64291802663668e-07,1.69913453148836e-15,-6.87282153229142e-16,-2.05992498953348e-05,-1.3277907007146e-06,5.48842503133001e-16,-5.13381400487163e-06,1.4605916850651e-15,-3.51572838392e-15,6.06969895270342e-05,0.120410039399983,5.57217179800175e-07,1.13645500525201e-15,-0.863782951331091,-1.77187699345711e-14,0.000218985631899052,-1.56800426068873e-15,-2.40309577517513e-15,-5.57940218208468e-05,-1.41585407677462e-15,-1.52624526006756e-05,-1.27108913609202e-15,3.87220718362789e-16,-1.29234229363593e-15,-1.14109103483593e-15,-2.40607600458605e-15,6.12826983371362e-16,1.11429031538803e-15,-4.4271582196423e-05,3.90923054864315e-16,-7.85291659241085e-16,1.26276609493239e-15,1.87561347046952e-15,-7.37457477894802e-17,3.49443102633783e-15,9.22097884500584e-16,1.25363907710533e-16,7.12351213687767e-16,-3.79735459151763e-15,6.95571540531061e-16,-3.5350770551594e-15,-0.0999999999999932
"t20",-0.0952345510769131,0.0565251403838751,0.00123445690425995,0.168703351170688,0.00881593619862279,0.0759131708110418,-0.000843433995859777,-0.00018396137018842,-0.0760293774956377,-0.00603881544189162,1.19829901075544e-05,-7.53971335471261e-05,1.87058555842229e-05,0.000330769656265973,0.000331961540956382,0.000114243021722086,-0.00548592495451833,0.000349071298241158,-0.0038839469788586,-0.0166541893275981,0.189390435365179,0.145818070342395,-0.0748187688331499,-0.0241674302492219,-0.0022729604372657,-0.60645662374907,0.0649565132367723,0.000102098092152078,7.85424293239187e-07,-0.00164638864574325,-8.89035887984232e-05,-0.00137571332850584,-0.00176147802105029,0.000346557649711911,-0.00119859600509227,-0.000322690675133038,0.0383260148673636,0.000345887633797669,0.000233988198169037,-3.60790978467664e-07,3.00292185011675e-05,0.000175630231917989,0.000816850401401961,9.76645191586394e-05,-0.00063035051226594,9.8014926954262e-05,1.2364980183893e-05,0.000117603848905499,0.0207003092226076,-9.20610930759535e-07,-4.42240892703245e-15,0.000194255863013148,0.707106781186547,-8.16954898779328e-06,1.92558147260093e-05,6.55137759460599e-05,-1.36971770089815e-15,0.000668663638343196,-2.0794943619348e-05,7.5421798229571e-16,-1.90444371410611e-15,0.000525722545972634,1.69370932077118e-05,-1.89583643566598e-15,1.75943023957796e-05,2.67809514728933e-16,1.1955453955674e-15,-4.68504498726465e-05,-0.00444266059838448,5.06665969002226e-06,-8.02865505775631e-16,0.00595313524153061,-7.343680289216e-16,0.000282576461894848,-3.42214747609179e-15,-1.17897714592191e-16,-8.9584327273439e-05,3.12919454086566e-16,-2.79683655868899e-05,-2.09039915279938e-16,4.95626651323653e-17,-1.84997064834402e-16,-3.99264167124667e-17,8.20958801825751e-16,-2.23119647856932e-16,-7.68208996561177e-17,-0.000104731023027059,2.6237357907546e-17,-2.04131168180581e-15,-1.93780905671302e-16,2.34133749662599e-16,-1.43756830237415e-15,2.5247084393947e-15,1.96683194608235e-16,-7.11162750338733e-16,2.16414076255725e-15,-1.90484809389079e-15,-2.2966423148142e-16,-4.35882515163321e-15,-0.0999999999999998
"t21",-0.0952345510769131,0.0565251403838751,0.00123445690425998,0.168703351170688,0.00881593619862278,0.0759131708110418,-0.000843433995859757,-0.000183961370188379,-0.0760293774956379,-0.00603881544189143,1.19829901075486e-05,-7.53971335471539e-05,1.87058555847544e-05,0.000330769656265392,0.000331961540956828,0.000114243021722578,-0.00548592495451816,0.000349071298241406,-0.00388394697885835,-0.0166541893275976,0.18939043536518,0.145818070342395,-0.0748187688331506,-0.0241674302492222,-0.0022729604372655,-0.606456623749066,0.0649565132367716,0.00010209809215183,7.85424293180862e-07,-0.00164638864574417,-8.89035887983375e-05,-0.00137571332850472,-0.00176147802104992,0.000346557649711753,-0.00119859600509219,-0.000322690675134069,0.0383260148673648,0.000345887633799851,0.000233988198169783,-3.60790976333628e-07,3.00292184989842e-05,0.000175630231920281,0.000816850401401059,9.76645191565709e-05,-0.000630350512259657,9.8014926951649e-05,1.23649801925947e-05,0.000117603848910022,0.0207003092225901,-9.20610927646478e-07,4.46689439350006e-15,0.000194255862963082,-0.707106781186548,-8.16954900585576e-06,1.92558147191131e-05,6.55137759410547e-05,1.00080359576487e-15,0.000668663638340566,-2.07949436217982e-05,-7.83613878522507e-16,1.49081223514826e-15,0.000525722545969564,1.69370932098259e-05,1.94564957557122e-15,1.75943023973689e-05,-2.24456110935277e-16,-3.03255687676533e-16,-4.68504498717913e-05,-0.00444266059838828,5.06665968783479e-06,6.43622950574976e-16,0.00595313524153275,-1.50365566930468e-17,0.000282576461893252,3.23919067165853e-15,-4.21402294717212e-16,-8.95843272755077e-05,-2.49586520636846e-16,-2.79683655871212e-05,-2.22175859762194e-16,-1.37962780275994e-16,1.09383139915295e-16,-5.96923767219811e-17,-6.25174064072257e-16,-1.03156982682462e-17,-1.97610818078365e-16,-0.000104731023025532,5.16331888468719e-16,1.60160761774548e-15,-1.00436300524908e-15,1.80232377194094e-15,-1.57934893775426e-16,2.88626819931953e-15,-1.50261500587122e-16,-5.52906455715086e-16,2.42781873090615e-15,-5.35347836413268e-15,4.10800908096e-16,-3.75005188359823e-15,-0.0999999999999996
"t40",-0.0944417309316665,0.0555454995751547,0.00117574643042382,0.157997199170936,0.00801860468887692,0.0581045720784315,-0.000521816849487293,-2.25377407790819e-05,0.24281043947024,0.0423858562270799,-0.000806952168704413,0.00308469793663779,-0.000446116730253642,-0.00121660795652642,-0.000881109451949346,-0.000165096084496725,-0.00050221595682507,0.000170394818613109,-0.0020590999179024,-0.0128413817087617,0.203363593763926,0.413441971648002,-0.266451908812853,-0.0918219565102415,0.00396111992877389,0.266784237564919,-0.00176601789038546,4.31412595794349e-07,2.70728444667561e-07,-0.000646413219106034,-4.09285647174205e-05,-0.000779216000789945,-0.00899061991817874,0.00023240509385032,-0.00124191087844977,-0.000348461755409389,0.159714080236715,-0.0120993564964587,2.9129241378332e-05,-7.53409092724871e-08,1.03255011056492e-05,6.06482290142933e-05,0.000313224059122163,4.29295615667507e-05,-0.000294806847306269,4.62803357381988e-05,5.93377337240207e-06,5.5778398535031e-05,0.00167849295052837,-1.0263093944591e-06,-1.92174496381666e-16,0.000114088105322192,9.70838390949719e-16,-4.94037607309614e-06,1.17479194176264e-05,4.08025174864212e-05,-1.23656593400878e-15,0.000432457749486555,-1.35372972031152e-05,1.19229155460784e-15,-1.60187816083055e-15,0.000349350012829999,1.13313833771603e-05,7.6197608011023e-16,1.19371319807891e-05,-0.707106781186547,-8.26337674808292e-14,-3.16414334153812e-05,-0.00065159808394887,3.61170353996695e-06,-1.73455020340186e-15,0.000887717344327361,7.40907504361389e-16,0.00020046029291905,3.84559135645376e-16,7.79286080168067e-16,-6.3921578991935e-05,7.28499108779787e-16,-2.00730907844482e-05,-1.5033188423501e-15,-1.33029437564636e-15,-3.08326660139173e-17,7.89737350651298e-16,-5.36009993927104e-16,-6.34564426310209e-16,8.56499532147645e-16,-7.71839255514304e-05,-7.02592460437158e-16,-1.42876655191056e-15,-4.53376742846586e-16,7.9564799696654e-16,-2.93252924041228e-16,1.89635041875272e-15,4.85326378884868e-16,-6.38963708915626e-16,8.07604124679214e-16,-1.78403944619458e-15,-1.59744767087608e-15,-3.47806036986829e-15,-0.0999999999999998
"t41",-0.0944417309316665,0.0555454995751547,0.00117574643042384,0.157997199170936,0.00801860468887695,0.0581045720784315,-0.000521816849487284,-2.2537740779036e-05,0.24281043947024,0.0423858562270798,-0.000806952168704585,0.00308469793663752,-0.000446116730253671,-0.00121660795652629,-0.00088110945194919,-0.000165096084496303,-0.000502215956824796,0.000170394818613428,-0.0020590999179021,-0.0128413817087612,0.203363593763925,0.413441971648002,-0.266451908812853,-0.091821956510241,0.00396111992877421,0.266784237564918,-0.00176601789038536,4.31412595474232e-07,2.70728444282033e-07,-0.000646413219106379,-4.09285647173666e-05,-0.000779216000790658,-0.00899061991817814,0.000232405093850683,-0.00124191087844942,-0.000348461755409479,0.159714080236715,-0.0120993564964602,2.91292413791277e-05,-7.53409101916538e-08,1.03255011068048e-05,6.06482290140452e-05,0.000313224059124542,4.29295615665435e-05,-0.000294806847306662,4.62803357395145e-05,5.93377337337563e-06,5.57783985368044e-05,0.00167849295052666,-1.02630939176761e-06,1.14185394415014e-16,0.000114088105324941,4.01849090830492e-16,-4.94037607242068e-06,1.17479194185663e-05,4.08025174848379e-05,1.23636930322828e-15,0.000432457749482729,-1.35372972038822e-05,-1.44574342108603e-15,1.37783629731636e-15,0.000349350012834907,1.13313833870599e-05,-5.1363905455978e-16,1.19371319424944e-05,0.707106781186548,8.29559966420129e-14,-3.16414334223604e-05,-0.000651598083911551,3.61170354401575e-06,1.19391492607963e-15,0.000887717344334181,-1.38211703824178e-15,0.000200460292928556,-1.11424194759392e-15,-9.08920572828355e-16,-6.39215789915822e-05,-3.67920173356371e-16,-2.0073090783654e-05,9.29352851172179e-16,8.58921217857042e-16,-3.34398538212161e-16,-7.17456327805353e-16,1.20017034283254e-15,2.40146381251826e-16,-2.35958010392724e-16,-7.71839255511026e-05,6.21771645236998e-16,1.03627550745248e-15,-5.17836445452819e-16,1.88505433989585e-15,-8.73829278174431e-16,3.03726328456649e-15,-4.82649320710093e-16,-2.29463453467455e-16,3.26397256666483e-15,-5.78084233484514e-15,1.95054073937975e-15,-4.9729461566194e-15,-0.0999999999999992
"t8",-0.0937109771917053,0.0548874583752415,0.00115314065060284,0.154580466476542,0.00782072513080649,0.0561908141204392,-0.000502615538776322,-2.15865429936533e-05,0.2313565991768,0.0403684861452675,-0.00077748757689262,0.00297825421026295,-0.000432273788365698,-0.0012352028743447,-0.000915103583999778,-0.000184129627404929,0.00138573038933552,-5.61038183797124e-06,-5.01211729022483e-06,-0.00125891965289391,0.0253832028507978,0.0534149163162487,-0.0341434371706341,-0.0117402095347415,0.000440443961155854,0.0233636265493099,-8.5555357251044e-05,1.83695668239052e-08,-3.32377917946141e-08,0.000116654330479881,1.20681038384385e-05,0.000454806139875921,0.0126755698271659,-0.000238653060762683,0.00335020714983273,0.000994700372343925,-0.93963092938684,0.0863231308193319,0.000940195853037836,-1.25019940826455e-06,7.84927476613969e-05,0.00045750818351714,0.00194120536457815,0.000200304181302411,-0.00118825404907603,0.000181935418373208,2.00922444789718e-05,0.000187352070548896,0.00546416856154433,-3.32354874528294e-06,5.26147653196365e-16,0.000282751359380838,-6.42618386895653e-16,-1.1361639194564e-05,2.64287024379378e-05,8.72670392867044e-05,-3.41641392975203e-16,0.000845660437646069,-2.60729994252005e-05,-9.15943497832337e-17,1.21568162757751e-16,0.000641716742530794,2.04910583611747e-05,6.47265660537511e-17,2.08527594224459e-05,1.36937159731086e-16,1.13126251618785e-15,-5.39534435299084e-05,-0.00110718177487298,6.12842352477895e-06,-3.54015611687372e-16,0.00148802682495027,-3.42760115580656e-16,0.00032494197992182,1.59450909684477e-16,-1.68986694730236e-16,-0.000102228804580109,-8.51690555574442e-17,-3.17076347889457e-05,-1.6355730329971e-16,-2.50302575385616e-17,-3.25973451159168e-16,-2.0888981015592e-16,5.44629570837393e-17,-9.82997053840873e-17,5.44673938580268e-16,-0.000115819433857065,3.61629845994542e-16,-1.40977409854968e-15,-7.48542411641297e-16,1.49192856128832e-15,-5.01663264190573e-16,2.47694351833309e-15,-3.00874229385958e-16,-4.84470270545683e-16,2.75683196931602e-15,-3.74629768765135e-15,5.75281130957403e-16,-4.28868596760862e-15,-0.100000000000003
"t74",-0.0967671686234916,0.0577202036864404,0.00125634509375252,0.170518338381708,0.00877144053040985,0.066322504835323,-0.000610433587482017,-2.75645186235651e-05,0.321461620840912,0.0576506642501083,-0.00130548162665913,0.00506572084930709,-0.000750085728193832,-0.00251121209825862,-0.0019563919849147,-0.000442366384145563,0.007450563687097,-0.000313411114850468,0.00336726461532565,0.0127165846056795,-0.143011380029204,-0.180719739842575,0.110842164105362,0.0377496680029449,-0.00105557937751765,-0.0452899442821485,0.000132005495486083,-2.75676829402047e-08,2.95679565679297e-08,-9.13614236391161e-05,-7.57573318812828e-06,-0.000141116382487795,0.502586574247,0.000112060884471882,-0.000711255956474046,-0.000203298698186983,0.123480478922355,-0.0102471975394359,-3.84162056850928e-05,3.31918645360332e-08,7.65605133192651e-07,4.70628073149872e-06,4.97125314848996e-05,1.09921904235925e-05,-8.8334567750672e-05,1.41963377743375e-05,2.06344377530527e-06,1.95171328161093e-05,0.000601294832224089,-3.69089058298214e-07,-1.17369976347597e-16,4.90619826960966e-05,-2.85753241807851e-17,-2.22473686671249e-06,5.36197761259366e-06,1.92063213572717e-05,1.98396829549309e-16,0.000215089033151995,-6.79693418835911e-06,2.10087671348821e-16,2.02551490970766e-17,0.000180725635907183,5.92102742091754e-06,-3.43753520547934e-16,6.37930355499431e-06,-3.10644578553482e-17,-6.50543824772876e-16,-1.71825521495176e-05,-0.000354675713026865,1.96774040967041e-06,6.62815023508528e-17,0.000487645889160421,3.03908102461736e-16,0.000112685077053074,2.06073913214095e-15,-6.15807034392575e-16,-3.62740068650987e-05,9.67405914516905e-16,-1.14917690983746e-05,-3.67750818472935e-16,-1.21841072762655e-15,3.8187138775156e-16,-2.59206791974287e-15,-1.54384266285621e-14,1.21155777044991e-14,0.707106781186547,-4.58905049278223e-05,2.00719275422755e-15,1.41653838305803e-15,2.06733955961331e-15,6.48636370815148e-15,-1.62374466401715e-15,3.10005338952807e-15,6.56867651994325e-16,-8.70573796461698e-16,1.67737663190271e-15,-6.51421325403883e-15,-1.55712442844789e-16,-5.19723126638487e-15,-0.099999999999998
"t75",-0.0967671686234916,0.0577202036864405,0.00125634509375252,0.170518338381708,0.00877144053040979,0.0663225048353231,-0.000610433587481991,-2.75645186235875e-05,0.321461620840911,0.0576506642501084,-0.00130548162665904,0.00506572084930725,-0.000750085728193893,-0.00251121209825862,-0.00195639198491467,-0.000442366384145587,0.0074505636870969,-0.000313411114850751,0.00336726461532621,0.0127165846056793,-0.143011380029204,-0.180719739842575,0.110842164105361,0.0377496680029449,-0.00105557937751793,-0.045289944282148,0.000132005495486328,-2.75676826198814e-08,2.95679566344149e-08,-9.13614236393399e-05,-7.57573318800867e-06,-0.000141116382487423,0.502586574246999,0.000112060884471562,-0.00071125595647368,-0.000203298698186747,0.123480478922354,-0.0102471975394354,-3.84162056849382e-05,3.31918643647535e-08,7.6560513369102e-07,4.70628073186162e-06,4.97125314860361e-05,1.0992190423429e-05,-8.83345677505421e-05,1.4196337774405e-05,2.06344377574979e-06,1.95171328159718e-05,0.000601294832224537,-3.69089057831651e-07,-3.92124402577949e-17,4.9061982695201e-05,-1.06637880590299e-16,-2.22473686644817e-06,5.36197761262122e-06,1.92063213575398e-05,2.92713057468747e-16,0.000215089033153026,-6.79693418846275e-06,-3.57245742544224e-16,-5.78818196690896e-17,0.00018072563590586,5.92102742006031e-06,3.26449589691177e-16,6.37930355398104e-06,-5.94849587512784e-16,5.98457077930419e-16,-1.71825521480951e-05,-0.000354675713023165,1.96774040992579e-06,-7.12807913733104e-16,0.000487645889159549,-4.50978247729621e-16,0.000112685077048327,-1.72789693940617e-15,9.1947508402722e-16,-3.62740068723081e-05,-8.37787095523777e-16,-1.14917691004913e-05,3.54623305891124e-16,7.48953888807859e-16,-5.63687492366331e-16,2.17062732183884e-15,1.56303204820181e-14,-1.22439968980894e-14,-0.707106781186548,-4.58905053355474e-05,-1.5298134161747e-15,-2.74332851233435e-15,-3.15760397778211e-15,-4.49443589523332e-15,4.5793198742698e-16,1.76759163550749e-15,-6.14684655896706e-16,1.11907358413822e-17,2.40769521528735e-15,-1.01167038824039e-15,3.50896257081573e-16,-3.5158727869714e-15,-0.1
"t77",-0.0968387635880365,0.0577869324569186,0.00125880196452614,0.170899134128924,0.00879426497175909,0.0665692779801342,-0.000613080334605566,-2.7713240852456e-05,0.323751764223955,0.0580928484959489,-0.00131949321310441,0.00512126717614189,-0.000758577629041367,-0.00254636538381423,-0.00198533524198949,-0.000449683731673783,0.00763868442536831,-0.000323661691443832,0.00348052852486364,0.0132069559465213,-0.149139412358331,-0.189740994925268,0.116463227278758,0.0396712207769706,-0.00111690476504313,-0.0482563987505865,0.000142131979865956,-2.97286547540591e-08,3.35482656653235e-08,-0.000106137567491158,-9.38298720231902e-06,-0.000315393179786061,-0.49723450783471,6.17187959103053e-05,-0.000604702757650509,-0.000173770733448121,0.10978391846693,-0.00915980682522333,-3.52632689037121e-05,3.0587278367543e-08,7.11848599656845e-07,4.376361972562e-06,4.63837938332218e-05,1.03168774594542e-05,-8.32047024697281e-05,1.33805989640071e-05,1.95291856524648e-06,1.84760778832737e-05,0.000569748296477424,-3.4978003111825e-07,8.14170403481123e-16,4.69044083770507e-05,-5.4743970844099e-16,-2.13270239489027e-06,5.14440663206998e-06,1.84627151863001e-05,4.34362529782499e-16,0.000207502535991294,-6.56129597061473e-06,-5.73617043371807e-17,-1.07854530334229e-16,0.000174807054123467,5.73095051470154e-06,8.95751599380544e-16,6.18377332780085e-06,9.56956309812692e-16,-5.55057167215335e-16,-1.66736560164326e-05,-0.000344224947001381,1.90987748313566e-06,-1.87025580293944e-16,0.000473564494732474,-6.96287815836399e-16,0.0001095974565192,1.95096788880817e-15,3.12593833586693e-17,-3.53019304503071e-05,6.77847648636804e-16,-1.11902239265168e-05,-1.13460362560265e-15,-2.87034645596168e-16,-2.80434981780172e-16,-4.06439563215298e-16,7.58296518208119e-16,4.87919140920107e-15,2.09671996258917e-15,-4.47948263517084e-05,-0.707106781186548,-2.26549642961219e-14,1.11465537713797e-15,5.36165078667872e-15,9.62126015778467e-16,6.14078069787948e-16,-2.43705197866116e-15,2.53206144037446e-16,1.00004357628e-14,-3.52111945962649e-15,-1.66541224614175e-18,-1.90522190726711e-15,-0.1
"t78",-0.0968387635880365,0.0577869324569186,0.00125880196452617,0.170899134128924,0.00879426497175913,0.0665692779801343,-0.000613080334605654,-2.77132408524358e-05,0.323751764223955,0.058092848495949,-0.00131949321310448,0.0051212671761416,-0.000758577629041524,-0.00254636538381395,-0.00198533524198936,-0.000449683731673561,0.00763868442536835,-0.000323661691444083,0.00348052852486474,0.0132069559465208,-0.149139412358331,-0.189740994925268,0.116463227278758,0.0396712207769706,-0.00111690476504321,-0.0482563987505864,0.000142131979866243,-2.97286546721315e-08,3.35482651318679e-08,-0.000106137567491435,-9.38298720182983e-06,-0.000315393179784896,-0.497234507834711,6.17187959099381e-05,-0.000604702757650571,-0.000173770733448539,0.10978391846693,-0.00915980682522361,-3.52632689035662e-05,3.05872783402165e-08,7.1184859959856e-07,4.37636197202702e-06,4.63837938325412e-05,1.03168774590668e-05,-8.32047024696842e-05,1.33805989643931e-05,1.95291856527412e-06,1.84760778831511e-05,0.000569748296479304,-3.49780031176706e-07,-1.00315745938726e-15,4.69044083772422e-05,-1.38044968111231e-16,-2.13270239534134e-06,5.14440663177887e-06,1.84627151862985e-05,-6.33615906908775e-17,0.000207502535991457,-6.56129597057453e-06,-1.65148337624663e-16,1.37556433013883e-16,0.000174807054125151,5.7309505143734e-06,-8.71654057654669e-16,6.1837733262183e-06,-5.86947583809316e-16,-4.16279289137195e-16,-1.66736560157607e-05,-0.000344224947000053,1.90987748321774e-06,-2.82551903940297e-16,0.000473564494733699,5.76545613562212e-17,0.000109597456520297,-1.65725694122272e-15,1.80034656525485e-16,-3.53019304491541e-05,-1.02988355191791e-15,-1.11902239295851e-05,8.32953397082214e-16,-2.47569829013505e-16,1.51240606365439e-17,-9.40534099960029e-17,-4.67721583452466e-16,-5.06895560129978e-15,-1.7613050479287e-15,-4.47948263554953e-05,0.707106781186547,2.22639653908216e-14,-2.24797477360858e-15,-2.98583857969211e-15,-2.37043428660454e-15,4.4286528010468e-15,2.07496378235449e-15,-9.82679800309172e-16,-4.56083309454915e-15,-4.61746469644384e-15,3.04353080043406e-16,-6.53894667610749e-15,-0.0999999999999992
"t81",-0.0752251141563272,0.0347924843572592,-0.00203533184794793,0.0361800126417457,-0.00262185590171073,-0.248811230046243,0.0116253187380716,-0.000867141088809175,0.0490032525340879,-0.496829051456732,-0.00312331757800589,0.00850231758689901,-0.00174565829765032,-0.00499640279801461,-0.00375974500431208,-0.000793321652345414,0.00782130034339779,-0.000289729015224504,0.00252826502345417,0.00759985856970364,-0.048875253318134,0.010371423179066,-0.0119190091783087,-0.00426041855893448,-0.000388078315806129,0.00296380392187547,0.0463303831186351,0.000105554489796377,1.17429820920567e-07,-0.000362990702748721,-2.75918150359551e-05,-0.0023489272757494,-4.46155204064824e-05,0.000174742528925545,-0.000670937661240519,-0.000179721194224185,0.00201591670655988,0.00170848864916763,0.000199360412371389,-3.05668022073093e-07,2.55105015893045e-05,0.00014922081853898,0.000505918796677886,8.46184689130853e-05,-0.000549891847781574,8.5562296287345e-05,1.03738216175044e-05,9.70147195988498e-05,0.000238641809722519,-1.95344592361755e-06,-5.02116357854254e-16,0.000138354300036956,-2.35721151918461e-16,-8.01644275783527e-06,1.90020929397346e-05,6.55965257363243e-05,3.93496260080565e-16,0.00187454602733272,-2.12692708776599e-05,-2.07426476204907e-16,-1.77850870180448e-16,0.000413427507557407,1.79631317306306e-05,-3.72755476405848e-16,1.42122940830142e-05,6.48743153091003e-17,-8.85665200175276e-16,-5.02180993806883e-05,-0.000103702216410966,5.80946581069067e-06,-2.08160605717584e-16,0.000142804178497963,1.76315133938798e-16,0.000245569774750404,2.9586379676768e-16,-5.71513729096824e-16,-7.91765424173757e-05,2.56786448386997e-16,-3.3429489287626e-05,1.22049100687648e-16,-2.14009594322521e-15,2.16119098064906e-15,-1.09809581236118e-15,-4.82488451946915e-15,2.54829568998201e-15,1.20261632511936e-13,-0.40675224947033,-3.53949509323807e-15,-1.77509042460826e-13,-0.707106781186545,3.350913723342e-14,-4.98327895429991e-17,8.51904608160662e-15,3.27426532026176e-15,1.92283336015146e-15,6.62594827649567e-15,4.04438144613348e-15,3.26063113496611e-15,-7.99928577941932e-15,-0.100000000000025
"t82",-0.0752251141563272,0.0347924843572592,-0.00203533184794798,0.0361800126417457,-0.00262185590171072,-0.248811230046243,0.0116253187380715,-0.000867141088809204,0.049003252534088,-0.496829051456732,-0.00312331757800592,0.00850231758689903,-0.00174565829765038,-0.00499640279801455,-0.00375974500431201,-0.00079332165234551,0.00782130034339785,-0.000289729015224432,0.00252826502345448,0.00759985856970349,-0.048875253318134,0.0103714231790658,-0.0119190091783086,-0.00426041855893451,-0.000388078315806188,0.00296380392187514,0.0463303831186348,0.000105554489796405,1.17429821365396e-07,-0.000362990702748229,-2.75918150357684e-05,-0.00234892727574938,-4.46155204066216e-05,0.000174742528925128,-0.000670937661240189,-0.00017972119422394,0.00201591670655956,0.0017084886491678,0.000199360412371688,-3.056680222052e-07,2.55105015897296e-05,0.000149220818539229,0.00050591879667792,8.46184689131418e-05,-0.000549891847781174,8.5562296287229e-05,1.03738216175966e-05,9.70147195985534e-05,0.000238641809722658,-1.95344592357714e-06,2.23810633197661e-16,0.000138354300037998,-1.04063284474174e-15,-8.01644275783771e-06,1.90020929402524e-05,6.55965257361351e-05,1.38570603153392e-16,0.00187454602733298,-2.12692708777811e-05,-5.59994417960187e-17,5.37836477325797e-19,0.000413427507557427,1.79631317307219e-05,6.13554021058374e-16,1.42122940845003e-05,9.26298910340821e-17,-7.46887322097123e-16,-5.02180993803332e-05,-0.000103702216412548,5.80946581089515e-06,1.27201993749354e-16,0.00014280417850099,6.62512110929414e-16,0.000245569774746643,3.93008311395205e-16,-9.43083610118933e-16,-7.91765424187797e-05,4.88465226231234e-16,-3.34294892886021e-05,1.66451766388179e-15,-5.63767905472276e-16,9.25000010258692e-16,-1.70783191813287e-15,2.0000732449295e-15,3.57495120547696e-15,1.14502350569449e-13,-0.40675224947032,1.56753081932078e-15,1.9480424884722e-13,0.70710678118655,-3.48667232967153e-14,7.11056502706087e-16,3.97651289930906e-15,-3.17890601037193e-15,-3.23162305039479e-15,-4.06688722942793e-15,1.86556876030662e-15,-2.88473534314061e-15,7.53944969251281e-16,-0.100000000000033
"t76",-0.0751680221868486,0.0347519159435231,-0.00203144261098634,0.036101909673597,-0.00261535347983046,-0.247964900517868,0.011580250553059,-0.000863110368799173,0.048719368938534,-0.493784256560052,-0.00309891707250637,0.00843491196301117,-0.00173151481103806,-0.00494990522376061,-0.00372353204811856,-0.000785149313948308,0.00772020395060001,-0.000285519569235597,0.00249110046857851,0.00748192110466321,-0.0480867688542542,0.0101952255166635,-0.0117154950174933,-0.00418758634174127,-0.00038117260542834,0.00290927983704138,0.0454436438277533,0.000103523997709482,1.14928521021372e-07,-0.0003550599634353,-2.69631249564069e-05,-0.00229120073560053,-4.34845806827793e-05,0.00017012226190355,-0.00065097819525847,-0.00017434300193628,0.00195172098702224,0.00165340590364456,0.000192342436584982,-2.94703664927037e-07,2.45464517145128e-05,0.000143577103247664,0.000486315159969434,8.11700010776155e-05,-0.000526637694293312,8.19172662755055e-05,9.9081378467528e-06,9.26452354144667e-05,0.00022774830439287,-1.86406580528803e-06,1.93763947061666e-16,0.000130846918866875,1.02374037671191e-15,-7.54693202030532e-06,1.78593142936245e-05,6.136689735941e-05,-4.40568202886045e-16,0.00173171071519676,-1.95889112211299e-05,-2.48703265047479e-17,3.52645142454722e-16,0.000376045388676981,1.62487242693024e-05,-2.68123918334656e-17,1.26476543418792e-05,-1.96361904440295e-16,1.4891464319534e-15,-4.39463219531308e-05,-9.04800644624144e-05,5.06252617512752e-06,-9.19061371771929e-16,0.000122937721051551,-1.72102898779015e-15,0.000200302968089941,-5.89468127102208e-16,1.63737977985228e-15,-6.21476968364916e-05,-8.3625838479429e-16,-2.48563762435584e-05,-2.19320796419878e-15,2.23893371631802e-15,-3.45729704946976e-15,2.41112408522376e-15,3.23092005139417e-15,-6.39846481391936e-15,-2.35652771416557e-13,0.817987869476971,2.28803497293137e-15,-1.80788395114743e-14,-6.16795244193672e-15,5.1504952222884e-15,-2.58745137295859e-15,-5.09139403282741e-15,-6.35286257182527e-16,-3.36442371688476e-17,4.09628716195435e-15,-1.77324387325452e-14,1.14758519648476e-16,-5.5607216094339e-15,-0.0999999999999408
"t3",-0.0715307609195514,0.0321522911464407,-0.00178188706985459,0.031108955830859,-0.00220367487023784,-0.198979584394144,0.00932079677247673,-0.000845198399283539,-0.010802406760443,0.024238425192769,0.000334002041622342,-0.00105713890789245,0.000265565063868585,0.001947366494053,0.00175627708263666,0.000511731392814917,-0.013093263357457,0.000799210408697109,-0.00735559907898078,-0.0286977576127272,0.226693361833382,-0.0657278974576058,0.0781218628789723,0.0281497472182586,0.00345478659420318,-0.035772648951482,-0.91224228249903,-0.00225011538173581,5.30386558297033e-06,-0.00984547393155753,-0.000467662107367071,-0.211758643555558,-0.000363782312860498,0.0012985642939339,-0.00384064674366513,-0.00101788679625333,0.0103266956720328,0.00859760977796538,0.00089887001479049,-1.35050247089846e-06,0.000107048250997974,0.000625692771317493,0.00207565416908053,0.000333012318116418,-0.00210494161402445,0.000325808927946576,3.81373505058981e-05,0.000355906386859797,0.000868177332895299,-7.0963957325262e-06,2.01400431899913e-16,0.000459689646058849,-8.1075489056035e-17,-2.58017894956854e-05,6.05512762686584e-05,0.000204104727769138,1.7795902205436e-16,0.0138536902482076,-6.02192699161895e-05,-2.53587791001293e-16,7.45364358257941e-17,0.0011569690089625,4.97386124084194e-05,1.88962640194066e-16,3.83001729227584e-05,8.81409840984655e-17,1.22347915817135e-15,-0.000132384058461573,-0.00027243723135479,1.5241020592187e-05,6.69352022781171e-17,0.000369912343062409,-2.63652087387469e-16,0.000609886757539771,5.23832084693315e-16,1.01039715742129e-17,-0.000192348488271111,-1.23297231993524e-16,-7.91722253967381e-05,3.36798330439663e-17,-2.44155681844101e-16,-1.66448945456036e-16,-1.23683633392335e-16,3.35968773767039e-16,-1.07818483211008e-16,2.71997501230824e-16,-0.000742110937709783,3.20726186127236e-16,-2.35528701766095e-16,-7.27626106070161e-16,1.35442358191903e-15,-5.19639319722454e-16,2.77148546409959e-15,2.87201643454283e-17,-6.16418937242057e-16,2.17278566013359e-15,-3.69661136599313e-15,1.22218263925579e-16,-4.30803596595644e-15,-0.100000000000002
"t99",-0.0788596871947827,0.0375858973404817,-0.00235225031816143,0.0429737501909976,-0.00324301197941277,-0.36383299259503,0.0196144040905977,-0.00239021758619329,-0.0674554712614482,0.241791270857416,-0.00147770830764021,0.00422635040936676,-0.00092556424051399,-0.00349345011564079,-0.00276204455157826,-0.000635582654410215,0.00820068074976793,-0.00036020449053905,0.00320721816929531,0.0107100193033966,-0.0754546778235685,0.0186690051552679,-0.0218376003063174,-0.00783907589623305,-0.000843734993956001,0.00777971076052309,0.170753773521681,0.000412680632324022,-5.70860685323583e-07,0.000853187697155955,2.00179296594267e-05,-0.351863246617643,8.7952183559473e-05,-0.00014997261054157,0.000104692640162051,2.48796430870379e-05,2.18154366196503e-05,5.93307683528882e-05,3.41919436734388e-05,-5.97170426340139e-08,6.50969322765586e-06,3.82084861461843e-05,0.000142322846060118,2.7963816836808e-05,-0.000200449446681297,3.17586476372366e-05,4.33627601435822e-06,4.08399660517154e-05,0.000103332187503524,-8.49966892989358e-07,-1.28993373877096e-16,8.47159419118788e-05,-1.21245062819636e-15,-5.87503007050312e-06,1.49920001993465e-05,6.62734799148148e-05,5.72990402671932e-15,0.35339329672078,6.33846545333487e-05,3.46191421785019e-16,2.86126198873135e-15,-0.000139783109483505,-2.99341740742439e-06,1.25273570323215e-15,6.86906154055485e-07,2.09692095233551e-17,-5.63400420631926e-16,-6.90365591675708e-06,-1.53541960477495e-05,8.83700963947462e-07,2.71381104608972e-16,2.64027611029893e-05,6.27113339868262e-17,6.23571359758684e-05,1.12557552581981e-15,-3.9424718032091e-16,-2.17427420023077e-05,-7.60177076168272e-16,-9.69281279965854e-06,-1.20189309855658e-16,-7.04069663092596e-16,-2.40246172970538e-16,-5.83712803918468e-16,-1.5822204270329e-16,-2.27787623568406e-16,-3.60409833629658e-16,-0.00011747196577546,-2.33529836686128e-15,2.34452922111253e-15,3.77087070450916e-15,3.62813358622585e-16,1.37070122681195e-15,3.89601594352041e-15,-2.05734231354484e-14,4.92416449597543e-16,-1.06528864602148e-14,-1.22046789538716e-14,-1.02534516506043e-15,-0.707106781186552,-0.0999999999999694
"t100",-0.0788596871947827,0.0375858973404817,-0.00235225031816146,0.0429737501909977,-0.00324301197941275,-0.363832992595031,0.0196144040905976,-0.00239021758619329,-0.0674554712614482,0.241791270857416,-0.00147770830764013,0.00422635040936687,-0.000925564240513981,-0.00349345011564079,-0.00276204455157831,-0.000635582654410165,0.00820068074976794,-0.000360204490539775,0.00320721816929565,0.0107100193033967,-0.0754546778235684,0.0186690051552677,-0.0218376003063171,-0.00783907589623288,-0.000843734993956239,0.00777971076052347,0.170753773521681,0.000412680632323964,-5.70860685250716e-07,0.000853187697156341,2.00179296592496e-05,-0.351863246617643,8.79521835595959e-05,-0.000149972610541492,0.000104692640162285,2.4879643086405e-05,2.181543661969e-05,5.93307683533614e-05,3.41919436732334e-05,-5.97170424888765e-08,6.50969322757293e-06,3.82084861460633e-05,0.000142322846060243,2.79638168361289e-05,-0.000200449446681153,3.17586476374674e-05,4.33627601420092e-06,4.08399660513244e-05,0.000103332187503783,-8.49966893103658e-07,-1.40330844043406e-16,8.4715941910963e-05,-6.29583540168921e-16,-5.87503006998659e-06,1.49920001993484e-05,6.62734799149715e-05,5.03259701738269e-15,0.353393296720781,6.33846545328739e-05,4.23972707865488e-16,3.23811777840496e-15,-0.000139783109483459,-2.99341740822958e-06,1.19632594783043e-15,6.86906154582102e-07,1.65854817120609e-15,-1.35001441547331e-18,-6.90365591685037e-06,-1.53541960487514e-05,8.83700964664051e-07,1.12991535504315e-16,2.64027611041144e-05,6.66923267352091e-17,6.23571359770619e-05,6.30573967280798e-17,1.12385419146531e-16,-2.17427420038198e-05,-3.49185870173671e-16,-9.69281280070162e-06,-1.2296915368443e-17,-5.34770009237579e-16,8.17334246901715e-17,4.5568010401064e-16,-1.55297774569893e-16,1.7787914000983e-16,1.30839414145526e-15,-0.000117471965773235,2.41090505768228e-15,-6.25317369759768e-16,-4.84376302620969e-15,2.72203728345874e-15,-2.30845091928443e-15,1.17189447105328e-15,2.09350401977245e-14,-1.34094735910444e-15,1.52500044830669e-14,4.42091083989013e-15,1.7749561371248e-15,0.707106781186543,-0.10000000000003
"t37",-0.0781095176701939,0.0370344353430837,-0.0022952836001705,0.0417951840328542,-0.00314051213250709,-0.347918494756923,0.0186319919121123,-0.00224557264448033,-0.062309369062146,0.222211628030249,-0.00132253067248748,0.00377543239898326,-0.000824463250893327,-0.00304963915481522,-0.00239764009192645,-0.000545265518248877,0.00669689418105444,-0.000284647840712322,0.00252528174262647,0.00828401142708444,-0.0575638516479168,0.0139622924850073,-0.0162987751692113,-0.00584796894418163,-0.000618873402905956,0.00562134995407811,0.121042573595981,0.000291792941370232,-3.8114004360334e-07,0.000560432063953105,1.27731078450806e-05,-0.21146242597321,5.14034083742479e-05,-8.40655449018251e-05,5.06583956444392e-05,1.19321743666087e-05,9.41843455421056e-06,2.50101953865751e-05,1.16825133021223e-05,-1.92723632351947e-08,1.73255490823291e-06,1.01333726515193e-05,3.36866088730633e-05,4.81638058813291e-06,-2.40712379842183e-05,3.4669827946671e-06,1.11280303872394e-07,8.16939552459553e-07,-3.49881027125054e-07,6.42122160979147e-09,2.34517739152314e-16,-3.34126642689234e-05,1.55742881142108e-15,3.78381655317552e-06,-1.11991417575548e-05,-7.10896472455829e-05,-1.27496739533116e-14,-0.861825874355091,-0.000186814560182076,-1.24409042281557e-15,-7.64620464863262e-15,0.00097926855805932,3.53044811322949e-05,-2.78577062413997e-15,2.09560062085912e-05,-2.59387228771617e-15,-3.55073028183123e-16,-6.42459050816401e-05,-0.000130308637533951,7.24944267998713e-06,-1.00604310799941e-15,0.000168205366015451,-1.17645980622432e-15,0.000252532020948174,-3.54058128530585e-16,2.4172715041931e-16,-7.74640015323633e-05,1.35886047571865e-15,-3.12087601896616e-05,-5.24330927973655e-16,1.09580506198679e-15,-1.38149708108077e-16,-3.28574414881256e-16,7.57717269274044e-16,-3.07435062129706e-16,-4.9006183388017e-16,-0.000276828412981861,4.50201091272741e-16,-2.5738290105493e-15,-3.80355647586744e-16,1.23199192578798e-16,-1.32047166653638e-15,2.52040261718255e-15,-8.25939903084821e-16,-5.70372472549219e-16,2.68773039449398e-15,-4.48245899405754e-15,-2.69637840693668e-16,-3.25576780367662e-15,-0.100000000000002
"t28",-0.0770764893518638,0.0362657640838915,-0.00221405783816166,0.0401017710692872,-0.00299174641740787,-0.32412826129173,0.017140255106267,-0.00202014838663349,-0.0539610944107909,0.190061555230292,-0.00105102132163682,0.0029828923425115,-0.000645540678253112,-0.00222471128144635,-0.00171093155365236,-0.000370062770917691,0.00339595290984635,-0.000104110125086386,0.000880250227949329,0.00214951428943807,-0.0106189400213596,0.0009239964439912,-0.000868833901427634,-0.000293774425870433,3.86712263363764e-05,-0.000964936703081642,-0.0392983906690869,-0.000101053912665876,3.53654012983198e-07,-0.000634745231102224,-1.98328364248771e-05,0.57565863969207,-0.000178011131385169,0.00041432518485163,-0.00104899478547027,-0.000278007272469696,0.00285235383208588,0.0023838954222184,0.000257712610198145,-3.90235234259418e-07,3.16171360183751e-05,0.000184864359259321,0.000619512152666693,0.00010148337221728,-0.000651122918367225,0.00010107918877084,1.20779048234993e-05,0.000112858981230999,0.00027673531267832,-2.2640548557568e-06,2.3676475012061e-16,0.000156637406085052,-8.84819669930611e-16,-9.08722559763188e-06,2.16074251315724e-05,7.60898940798259e-05,-0.707106781186546,0.0602896807866107,-9.94948970930563e-06,4.09390339798581e-15,3.43978495876347e-15,0.000367273168553054,1.63601030270971e-05,-2.16846200783034e-16,1.32440718298771e-05,1.96118813025983e-15,3.04749578989988e-15,-4.69531519484791e-05,-9.69508842915541e-05,5.4308495118341e-06,-1.86466786011157e-16,0.000133291334370048,8.6800831382445e-16,0.000226139394590458,-9.14640364172902e-16,2.2033783304722e-16,-7.21152148463976e-05,2.2032720784313e-16,-2.99850511229353e-05,2.73835390551384e-16,-4.12660683434515e-16,-1.97485489693943e-16,4.87788149922202e-17,-2.34789353955979e-16,-2.66589531809998e-16,3.01025497340407e-16,-0.000293309025781256,-4.50687178120962e-16,-7.13800738490533e-16,-7.6517597891877e-16,9.49355277731997e-16,-4.67581228744655e-16,2.47432488860395e-15,6.03396774815236e-16,-5.54848414752623e-16,1.50798963291076e-15,-3.64431074321817e-15,3.66521966378921e-16,-4.75699665022096e-15,-0.100000000000001
"t29",-0.0770764893518638,0.0362657640838915,-0.0022140578381616,0.0401017710692873,-0.00299174641740787,-0.32412826129173,0.017140255106267,-0.00202014838663351,-0.0539610944107909,0.190061555230292,-0.00105102132163693,0.00298289234251136,-0.000645540678253098,-0.00222471128144623,-0.00171093155365242,-0.000370062770917764,0.00339595290984685,-0.000104110125086308,0.000880250227949093,0.00214951428943789,-0.0106189400213593,0.000923996443991961,-0.000868833901427444,-0.000293774425870346,3.86712263367298e-05,-0.000964936703081916,-0.039298390669087,-0.000101053912665615,3.5365401291357e-07,-0.00063474523110247,-1.98328364246996e-05,0.57565863969207,-0.000178011131385144,0.000414325184851425,-0.00104899478547059,-0.000278007272469639,0.00285235383208511,0.00238389542221791,0.000257712610198396,-3.90235234116866e-07,3.16171360186344e-05,0.000184864359259531,0.000619512152668248,0.000101483372217252,-0.000651122918368352,0.000101079188771198,1.20779048234223e-05,0.000112858981231778,0.000276735312682498,-2.26405485714126e-06,-2.44179817947203e-16,0.000156637406085769,1.49522093910847e-15,-9.08722559613318e-06,2.16074251322652e-05,7.60898940787571e-05,0.707106781186548,0.0602896807865897,-9.94948970621458e-06,-4.22466594912319e-15,-2.44238367091436e-15,0.000367273168556734,1.63601030278034e-05,6.59283950097012e-16,1.32440718340264e-05,-8.28247219111007e-16,-1.80972994283517e-15,-4.69531519485713e-05,-9.69508842964557e-05,5.4308495119223e-06,-3.24971551725673e-16,0.000133291334369889,-1.15204868068231e-15,0.000226139394591762,-1.92995398166872e-16,2.31988745228084e-17,-7.21152148446804e-05,-3.43818099112211e-16,-2.99850511241999e-05,-3.96316705185328e-16,-2.89396696644077e-16,-2.44361217106356e-16,-2.92146716104082e-16,5.53821826896772e-16,8.5070942708096e-17,4.6062005712865e-16,-0.000293309025780434,1.42187134411287e-17,-8.52578616568678e-16,-4.3210907205663e-16,1.865289273031e-15,-3.37454341621142e-16,2.44117591871381e-15,-5.69276294945063e-16,-2.24667217584595e-16,2.8762527745886e-15,-3.26267157850328e-15,1.14247547722012e-16,-4.14637396859337e-15,-0.0999999999999997
"t70",-0.00337906824115302,-0.183166865510873,0.120532645647267,-0.00351132632879386,0.00856071543866607,0.0113617081857561,0.00429191724205677,-0.193706207768681,-0.000968014442292989,0.00110055721704349,0.00217558993808766,-0.0012678600305732,0.383322184344558,-0.00662102637979328,-0.00291611703485341,-0.00058389905476279,0.000756505776881057,-0.000168310095956757,0.000308071298944189,0.0256115619078937,-0.00149439870405531,0.000610039644159506,-0.000838830164070168,0.000284948888927271,-0.00134575413716161,0.000124152491384782,0.000941805531059056,-0.000181792646436135,2.84578131309031e-07,-0.000407668317227094,0.504438098083797,-0.000133388363849168,-9.63295489839009e-06,0.000362969174338118,-0.0447095210989189,0.00176384744931362,9.53803242047278e-05,0.000104794276859133,0.00249681467110888,-2.59082623839468e-07,2.43659255515769e-05,0.000210347425506245,5.58003606430033e-05,8.27429574666351e-05,-0.000820028130360961,7.98029386003693e-05,1.36680443616617e-05,0.00494061148182116,2.4990158911523e-05,-2.4234811230548e-05,-2.0694200259382e-16,1.65158685127369e-05,8.50716286131565e-16,-7.81768294130981e-06,1.85312863539434e-05,9.63308032329996e-05,4.08408897299736e-16,8.50661028365147e-05,-2.1066192641317e-05,1.20821968510216e-16,4.31975965405876e-17,5.16546608672169e-05,1.75007424244618e-05,5.03941033605374e-17,1.78500748947954e-06,9.12210033998484e-16,4.40078733804752e-17,-0.00192491099242913,-1.25835088738483e-05,5.45584767502581e-06,-3.30584032353186e-16,1.77292678069847e-05,-3.92423642949408e-16,3.03701773225057e-05,2.09612984755933e-15,-4.99337476268644e-16,-9.72308674305005e-06,7.15367064389653e-17,-3.05331378026153e-05,6.34420782217901e-16,2.85752781245947e-17,1.75441375572293e-15,5.53126826095884e-15,-0.707106781186547,1.75516903974388e-14,-1.7663850580543e-14,-1.5814946456747e-05,-4.72370129167287e-16,7.64235151200193e-16,2.68284914935963e-15,3.38512847435216e-17,-5.23456414354856e-16,3.31561620504394e-15,-3.13502721610995e-15,-7.62310725463865e-16,4.9876059126279e-15,-1.1069242303071e-14,-4.95353074162973e-16,-4.08528951010089e-15,-0.100000000000002
"t71",-0.00337906824115302,-0.183166865510873,0.120532645647267,-0.00351132632879385,0.00856071543866608,0.011361708185756,0.00429191724205674,-0.193706207768681,-0.000968014442292965,0.00110055721704345,0.00217558993808762,-0.00126786003057316,0.383322184344558,-0.0066210263797931,-0.0029161170348532,-0.000583899054762782,0.000756505776881057,-0.000168310095956745,0.000308071298944203,0.0256115619078936,-0.00149439870405553,0.000610039644159303,-0.000838830164070255,0.000284948888927103,-0.0013457541371613,0.00012415249138456,0.000941805531059312,-0.000181792646435581,2.84578131310754e-07,-0.000407668317227057,0.504438098083797,-0.000133388363849122,-9.63295489861265e-06,0.000362969174337801,-0.0447095210989191,0.00176384744931359,9.53803242044277e-05,0.000104794276859215,0.00249681467110853,-2.59082623986366e-07,2.43659255515318e-05,0.000210347425506407,5.58003606424079e-05,8.27429574661903e-05,-0.000820028130359862,7.98029386003689e-05,1.36680443615719e-05,0.00494061148182121,2.49901589124291e-05,-2.4234811230943e-05,2.06807079632935e-16,1.65158685121992e-05,-5.19281579029906e-16,-7.81768294124431e-06,1.85312863533855e-05,9.6330803233415e-05,-4.30546743216915e-16,8.50661028375312e-05,-2.10661926411135e-05,-2.72472349619538e-16,-1.50111586326745e-16,5.16546608668526e-05,1.75007424249918e-05,-3.73017135947944e-17,1.78500748762348e-06,-8.08635654203358e-16,5.22791552750089e-16,-0.00192491099242962,-1.25835088793231e-05,5.4558476752047e-06,-4.04225526665509e-17,1.77292678022906e-05,2.17526006636817e-17,3.03701773196191e-05,-2.2640976092945e-15,5.35202744928817e-16,-9.72308674705212e-06,-1.55659295169476e-16,-3.05331378047459e-05,-8.22323933107936e-16,-4.09709474639223e-16,-2.04275589021501e-15,-5.96232147407944e-15,0.707106781186547,-1.77751898769002e-14,1.80957391538305e-14,-1.58149464621173e-05,2.77030412479842e-16,-1.73376665420641e-15,-3.92297783603019e-15,2.40695300032827e-15,-1.06659324586345e-15,1.81661078134624e-15,2.79458288543056e-15,-1.61041405260662e-16,1.65074649413934e-16,3.03059010966849e-15,9.82179094501275e-16,-4.24833952953614e-15,-0.1
"t85",-0.00338482409935781,-0.183655475790655,0.121078882793919,-0.00352952532797697,0.00861251939356857,0.0114606198542334,0.00433560426464429,-0.19617408286841,-0.000984455297599747,0.00112074278338376,0.00223239749634941,-0.00130172655839108,0.393915279266817,-0.00685077014276399,-0.00302354932565392,-0.000608197445258692,0.000807147204013171,-0.000183610191433445,0.00033704758461222,0.0284648552329301,-0.00168490431319364,0.000705308791389802,-0.000972687874370478,0.000330654412397604,-0.00160587182641838,0.000152856332290532,0.00122276539720458,-0.000238064447893945,5.98347197712191e-07,-0.00152818177964078,-0.495461033973186,-6.59985590940356e-05,-5.85778885015682e-06,0.00025308376394686,-0.0361825855389106,0.001433218830035,8.01533000551726e-05,8.85266738625679e-05,0.00217025167969206,-2.2624438075165e-07,2.15138102674362e-05,0.000185754263245766,4.94916620237847e-05,7.39690445449821e-05,-0.000736705165402027,7.17595269648988e-05,1.23630665578502e-05,0.00447042619627261,2.26424166427789e-05,-2.19630830048229e-05,-3.70020257250224e-17,1.51674802104478e-05,-4.93828123899262e-16,-7.21042264831276e-06,1.71144630841739e-05,8.92454316849041e-05,3.18907401514055e-16,7.92776894646859e-05,-1.96533983717433e-05,-2.06895813837781e-16,-1.91019617372181e-16,4.83536647168641e-05,1.6401212351514e-05,-6.05032655308286e-17,1.67721566218975e-06,-3.61335806948175e-16,7.37148543813837e-16,-0.0018120548586107,-1.18490033955221e-05,5.1379468218269e-06,-1.24356286324107e-16,1.67123335118985e-05,-5.15687343695849e-16,2.87058236322843e-05,9.80410794120548e-16,2.98862093206139e-16,-9.20048390756547e-06,7.90084046612939e-17,-2.89219916628991e-05,-3.41348364514852e-16,-4.24652375933747e-19,-1.07504440352149e-16,-9.54968776809098e-16,-1.44166307211535e-16,2.23221798819306e-15,-7.12930301279148e-16,-1.50471096877356e-05,-1.47847548802248e-15,7.24544938873375e-15,-1.31787906099764e-16,9.9083523811422e-14,-0.707106781186548,4.62587873768974e-15,-9.92251022990093e-15,4.28692633726868e-15,2.57174319407759e-15,-7.94116644193458e-15,-4.74052551936408e-15,-6.2098412268009e-15,-0.0999999999999959
"t86",-0.0033848240993578,-0.183655475790655,0.121078882793919,-0.00352952532797692,0.00861251939356857,0.0114606198542333,0.00433560426464431,-0.19617408286841,-0.000984455297599657,0.00112074278338372,0.00223239749634937,-0.00130172655839112,0.393915279266818,-0.00685077014276393,-0.00302354932565384,-0.000608197445258779,0.000807147204013186,-0.000183610191433423,0.000337047584611797,0.0284648552329304,-0.00168490431319361,0.000705308791389841,-0.000972687874370546,0.0003306544123978,-0.00160587182641826,0.000152856332290118,0.00122276539720481,-0.000238064447894246,5.98347197713882e-07,-0.00152818177964098,-0.495461033973187,-6.59985590944559e-05,-5.85778885027462e-06,0.000253083763946832,-0.0361825855389102,0.00143321883003498,8.01533000550773e-05,8.85266738624012e-05,0.00217025167969189,-2.26244380809989e-07,2.15138102671016e-05,0.00018575426324573,4.94916620239061e-05,7.39690445448123e-05,-0.00073670516540186,7.17595269643221e-05,1.23630665575009e-05,0.00447042619627279,2.26424166420292e-05,-2.19630830048716e-05,2.38300812397419e-17,1.51674802113612e-05,6.66701881564998e-16,-7.21042264862251e-06,1.71144630840813e-05,8.92454316845563e-05,-9.04872989117243e-17,7.92776894636596e-05,-1.96533983716984e-05,7.31937133798593e-17,1.16531304438624e-16,4.83536647178077e-05,1.64012123514793e-05,5.42617577764431e-17,1.6772156611253e-06,1.79897917686849e-16,-1.18492506756847e-15,-0.0018120548586111,-1.18490033966049e-05,5.13794682204951e-06,-3.37040400833832e-16,1.67123335123532e-05,7.14714864967124e-17,2.87058236291063e-05,-7.18750850627687e-16,-4.01394218610473e-16,-9.20048390496621e-06,-6.69151636441856e-18,-2.8921991662875e-05,2.08033138487742e-17,-2.26038217277969e-16,-1.54226656908022e-16,6.00801539623313e-16,5.37576514717928e-16,-2.39080105546477e-15,8.83015293842283e-16,-1.504710968436e-05,2.0915854244512e-15,-7.86746153397619e-15,-7.14654541671031e-16,-9.65100175530555e-14,0.707106781186547,3.47295892810474e-16,9.7609633711389e-15,-5.2509276066312e-15,1.64193141095139e-15,9.82251118490118e-16,5.23373198033135e-15,-2.44829936004253e-15,-0.100000000000004
"t10",-0.00334254080985764,-0.180258324426409,0.11774649825627,-0.00342453095216967,0.00833823389024324,0.0111096562301581,0.00423448760119627,-0.19754691409311,-0.00114649443552155,0.00144073358779492,-0.00218368376237052,0.000893435689440666,-0.163367234941354,-0.000708904782670241,-0.000412038126818705,-0.000100249631229417,6.22878119330423e-05,8.90860618424534e-06,-2.16659845397246e-05,-0.00415903104450504,0.000361173925216664,-0.000225404529279224,0.000321776964281443,-0.000110268209922469,0.000689843285746031,-7.9260034841104e-05,-0.000776688850700875,0.000154943054823236,-5.64204025434923e-07,0.00142072862865447,0.00595712455050757,0.000281828816397847,2.68403162956066e-05,-0.00145648119222242,0.849249003027062,-0.039030076121979,0.00398071787604812,0.00291371078062365,0.0232148941299727,-2.15926143193948e-06,0.000163293860315313,0.00140599500472134,0.000348381621691833,0.000476479671842661,-0.00481691857726709,0.000478091108008274,0.000333575418421729,0.391983575745223,-9.5590642440843e-05,6.31466575006112e-05,1.05822373579195e-15,4.24974823970945e-05,1.25378629099498e-15,-1.97237252298981e-05,4.62981945593486e-05,0.000234202600225538,-1.28817766149239e-16,0.000194732278404901,-4.7684060477021e-05,-1.3498283256852e-16,-1.00873857207455e-16,0.000112796166307274,3.77787848681604e-05,-1.28798445177793e-16,3.78687684680191e-06,-7.45624007944024e-16,-5.65676837763711e-16,-0.0252900819262965,-2.11603269792367e-05,9.69599429869541e-06,-2.92281427123027e-16,3.41613901345539e-05,-1.68244075839738e-16,5.79161550944909e-05,-7.93942594129446e-16,2.31587482009621e-16,-1.83337482141936e-05,2.71712951960367e-16,-5.69248185117228e-05,-1.71914980312419e-16,-3.6506327667814e-16,-2.86618455264407e-16,-1.05121842310147e-16,4.11228565098102e-16,-1.12118115017388e-17,2.23448434670099e-16,-2.79910893205993e-05,1.06260488085265e-16,-5.74238447004275e-16,-5.75252070617044e-16,1.28129213637026e-15,-7.89772956888264e-16,2.55939610690064e-15,4.31371480531268e-17,-4.62599753626603e-16,1.94694054350972e-15,-4.25250737295724e-15,6.26998073418876e-17,-4.40914434168125e-15,-0.0999999999999977
"t51",-0.00346380958023823,-0.190630996523376,0.129548131012698,-0.00382056540737204,0.00947755478848234,0.0133760555477762,0.00526606992990366,-0.260094622876909,-0.00166309830773337,0.00215720596155604,-0.00395092348629446,0.00164134026221249,-0.30731418815238,-0.00161324139083795,-0.00099716852770072,-0.000280490069837572,0.000558165023986376,-0.000140113560985438,0.000259377489957358,0.0227269843032742,-0.00137856555657595,0.00059486785581628,-0.00082269889481814,0.000279852367019881,-0.00138835426230572,0.000134230805037287,0.00108932377454992,-0.000212366321249414,5.03353375745456e-07,-0.00114712697801151,-0.00409310473429372,-0.000145637310711064,-1.23450431853635e-05,0.00057066630835981,-0.206754921974447,0.0092609270124402,-0.000708249868886991,-0.000487129440857375,-0.00229158339133191,1.84495290313638e-07,-8.14953189358005e-06,-6.93937719804933e-05,-1.146389607267e-05,2.01403057599396e-06,-0.000192281132394097,2.34785965779052e-05,6.88545524071223e-05,0.0921775326474661,-4.77291198647634e-05,3.8814645975709e-05,-4.67863017254781e-16,-5.07566008885513e-07,6.9652127512348e-16,-1.45941833848e-07,5.07713571637922e-07,3.40822413386806e-06,2.15299792642306e-17,-2.11264128386791e-06,1.15879576314697e-06,6.32553873099389e-17,1.05654191164073e-15,-1.34036514582193e-05,-7.21378589729323e-06,1.32132726050666e-15,-2.67678866516669e-06,4.3844720442494e-15,2.72471309976665e-14,0.850032796465641,-0.000175103212523093,5.46006240629186e-05,-7.46968518149414e-16,5.54487523494189e-05,-8.57261841029891e-16,4.11872624607526e-05,1.25370688106184e-15,-1.40428254009064e-15,-1.14140975743481e-05,1.26421704456764e-15,-3.25495787595763e-05,-2.95618947376404e-16,8.53395112076233e-16,-1.1457934618905e-16,-5.98188825098273e-16,6.07527125548711e-16,6.90967304934307e-16,9.8992527808429e-16,-1.35934638409195e-05,-3.27125513542816e-16,-9.26495152318484e-16,-8.73023784312592e-16,2.77919608973146e-15,-3.82207244693336e-16,2.52401438888822e-15,1.20241451726213e-15,-6.04675067126759e-16,1.27102869703514e-15,-2.91515033757109e-15,1.52257110593916e-17,-4.10443094172391e-15,-0.0999999999999964
"t97",-0.00348528855022042,-0.192457364202296,0.131603368391527,-0.0038892784623234,0.00967427200951105,0.0137618598657812,0.00544036508884802,-0.270532529304206,-0.00174769025925438,0.00227386053087884,-0.0042302878732009,0.00175932190340252,-0.329949999111033,-0.00175229674399937,-0.00108658254224204,-0.000307675741389589,0.000628997497079289,-0.000160645002564997,0.000297943875044053,0.0263450125372414,-0.00160916533125548,0.000701249399030622,-0.00097079492566243,0.000330307506684003,-0.00165219171916092,0.00016089183197788,0.00131751122458043,-0.000257157605849254,6.25577532515481e-07,-0.00143588193765487,-0.00518755435427212,-0.000189183028173324,-1.62137068419975e-05,0.000761552554107383,-0.290481331104024,0.0130488134230634,-0.0010307968248798,-0.000713903931175846,-0.00354701514791272,2.89325755845274e-07,-1.32919919659368e-05,-0.000113256186497879,-1.90870769997476e-05,3.50941700263978e-06,-0.000347767517977763,4.27992976681646e-05,0.000133376518054157,0.179299550541238,-9.44572194357479e-05,7.70527962979022e-05,-2.8770813670389e-16,-1.36591872896553e-06,3.258828590513e-16,-4.90355060958747e-07,1.88521853613274e-06,1.82159514543919e-05,1.15533907567435e-16,3.04933067993024e-05,-8.30412128823701e-06,-2.85131623282968e-16,-9.74286547357939e-16,2.84703727783027e-05,1.11867892053994e-05,-1.85976710347667e-16,2.06524650629097e-06,-3.59670879563034e-15,-1.30532241879673e-14,-0.368466103437352,6.88138155630281e-05,-2.06104335175347e-05,-5.56921163810886e-17,-1.39603332851786e-05,1.36706538290847e-16,6.85961919190403e-07,-3.96368541260484e-16,7.05828164239712e-16,-1.15728782412497e-06,-4.65820980164229e-16,-5.55119802625152e-06,-6.6479745520906e-16,-1.08615238027138e-15,1.36569896455375e-16,1.23259229224928e-15,-7.39092350395847e-16,1.05349351628196e-15,-1.15901626644099e-16,-5.33890040304543e-06,2.36366877095547e-16,3.77494558066101e-15,2.67728161983185e-15,-1.01516587340755e-15,-5.93524747968218e-15,1.47719034837857e-15,-1.97111069482374e-16,-6.71768332120778e-15,1.03644533493523e-14,-1.52733474790431e-14,0.707106781186548,-5.43903153649969e-15,-0.100000000000003
"t98",-0.00348528855022041,-0.192457364202296,0.131603368391527,-0.00388927846232339,0.00967427200951104,0.0137618598657812,0.00544036508884804,-0.270532529304206,-0.00174769025925442,0.0022738605308789,-0.00423028787320093,0.00175932190340254,-0.329949999111033,-0.00175229674399926,-0.00108658254224197,-0.000307675741389532,0.000628997497079265,-0.000160645002564985,0.00029794387504422,0.0263450125372412,-0.00160916533125536,0.000701249399030502,-0.000970794925662302,0.000330307506683891,-0.00165219171916097,0.000160891831978159,0.00131751122458055,-0.000257157605849778,6.25577532543662e-07,-0.00143588193765478,-0.00518755435427275,-0.000189183028173267,-1.62137068420856e-05,0.000761552554107447,-0.290481331104024,0.0130488134230634,-0.00103079682488026,-0.000713903931176572,-0.00354701514791191,2.89325755630865e-07,-1.32919919659593e-05,-0.000113256186497854,-1.90870769999916e-05,3.50941700189934e-06,-0.000347767517977956,4.2799297668424e-05,0.000133376518054016,0.179299550541238,-9.4457219434951e-05,7.7052796299284e-05,1.32203583836227e-16,-1.36591872998716e-06,6.91437846202645e-17,-4.90355061335275e-07,1.88521853632133e-06,1.82159514544966e-05,-2.73044105183366e-16,3.04933068000393e-05,-8.30412128812128e-06,-2.08779701242876e-16,8.91979863925121e-17,2.84703727777261e-05,1.11867892051562e-05,-5.66490306573095e-16,2.06524650510992e-06,-2.93795297321341e-16,-1.09368615472756e-14,-0.368466103437352,6.88138155631576e-05,-2.06104335175356e-05,2.56503762272859e-16,-1.39603332857182e-05,-2.62835831758275e-16,6.85961922146372e-07,-6.86067361756898e-16,8.11258235640748e-16,-1.1572878234037e-06,-6.50101051473468e-16,-5.55119802679236e-06,4.95359225752157e-16,-3.66773232298401e-16,-2.92395691389965e-16,-1.02883883787501e-15,5.10730741733532e-16,-1.87229880787692e-15,-3.37946232722499e-16,-5.33890040311561e-06,1.65243213913616e-16,-3.94804333438774e-15,-3.29016680175585e-15,2.45428107818967e-15,4.7145766145333e-15,3.44288724475246e-15,-1.04539084923516e-15,5.8987339437487e-15,-4.85947987582069e-15,5.90415671568173e-15,-0.707106781186547,-2.794670546097e-15,-0.100000000000005
"t23",-0.00339863013904624,-0.185060636682402,0.123220602859191,-0.00360834639446834,0.0088674849120577,0.0121651199009888,0.004715545899777,-0.226781368736075,-0.00138881980832877,0.00177718171889581,-0.00301845871424256,0.00124686749405428,-0.231435415394995,-0.00113855142367817,-0.000690402222830494,-0.000186238797663398,0.00030181494536449,-6.37073200516713e-05,0.000115417445068291,0.00901979066736398,-0.000494924227829052,0.000180554505939709,-0.000244969881406075,8.29475980435778e-05,-0.000344580530395482,2.74856968880718e-05,0.000161805754626725,-2.99380301186493e-05,-1.69081844882445e-08,9.71436308992243e-05,0.000725513989422773,5.45466703249478e-05,5.7908692387563e-06,-0.000350198006985432,0.237415450509941,-0.0109438929753791,0.00112271605377608,0.000817744793180937,0.00577429899072416,-5.07665332558688e-07,2.87999846670845e-05,0.000246220218321965,4.58866649545063e-05,-1.04929709853978e-05,0.00123330987079709,-0.000157249988645667,-0.000642222892755841,-0.879447255894346,0.000500293460177792,-0.000413773204717106,-1.3213766822195e-16,4.61068151663781e-05,-2.82493381971349e-15,-1.86924435106218e-05,4.25994762183204e-05,0.000203967642264578,6.24111185283715e-16,0.000159283986784364,-3.87430300632039e-05,-6.30837698926923e-17,-9.68202647574655e-17,9.05590898512996e-05,3.03532062129185e-05,-1.2193320027165e-16,3.13853305193853e-06,7.33376815805227e-16,-1.90468436079545e-15,-0.0724731162449541,-5.67868928192831e-06,4.19004249140057e-06,-3.6057275914642e-16,2.32152623832508e-05,-3.95571299426427e-16,4.25439011333198e-05,4.6283156251271e-16,-1.47945875751833e-16,-1.35670726260506e-05,-2.83588360108664e-16,-4.23161053510972e-05,-4.74230705405239e-17,-5.75976106748624e-17,-1.24599612909641e-16,-1.06541862003536e-16,3.87925135665052e-16,-3.45291808249608e-16,1.29021148627695e-16,-2.10590916575042e-05,-4.51907800967242e-17,-5.73969685341929e-16,-8.21603160725225e-16,6.0648207133232e-16,-6.44856324949856e-16,2.45810729586772e-15,-4.1087323497444e-16,-2.07039074986222e-16,2.65213736248237e-15,-2.79724210055318e-15,2.39680613961629e-16,-4.57418691114166e-15,-0.0999999999999975
"t13",-0.00337712974048556,-0.182791736967049,0.119420567556145,-0.00346254646574779,0.00836449764908346,0.0103024519271812,0.00338120405045334,0.269411633505825,-0.00195423797668053,0.00229406144973505,-0.00166832573814373,0.000507121696741837,-0.0209317308074272,-0.00446864595161065,-0.0021767814854337,-0.000499468050417803,0.000939856598656232,-0.00033496657948015,0.000673286699222578,0.141799196482201,0.011401474780776,-0.000697631643452524,0.000852329476111048,-0.000281712510082547,0.000541331120997757,-1.85892803116056e-05,0.000366635388395342,-0.167524793998179,4.67238606292332e-08,-0.000115532423642041,-0.000105214185859603,-8.48509230748904e-06,-4.13796043200002e-07,-1.91316921742802e-06,0.00504145703812043,-0.000124218776866336,-0.000278484717176126,-0.000298006660922326,-0.516237235965003,-3.89600207630922e-06,0.000104867925970393,0.000896577324581164,0.000187487916654618,0.000202592183530068,-0.00171218757430319,0.000161920732471037,1.79397365635531e-05,0.00202490377273147,3.46935642426772e-06,0.74445783988634,1.9050481625005e-15,2.41879719680728e-05,1.40339151130611e-15,-1.07904174374147e-05,2.51594922242642e-05,0.000126108303477305,7.08125796566276e-16,0.000104869138696902,-2.57210061612993e-05,9.92106806442867e-17,-9.77372137361795e-17,6.12513416502136e-05,2.05570057843491e-05,3.310575871689e-16,2.05229172533444e-06,-1.14827082502599e-15,1.88854138291839e-15,-0.000658202892950972,-1.45990562948412e-05,6.28672935523273e-06,-3.57498127488193e-16,2.00796464066778e-05,-5.52885248838955e-16,3.37151754996809e-05,-4.48759303378911e-16,1.8858360226724e-16,-1.07191707080224e-05,-1.43904437937926e-16,-3.34541141999818e-05,-3.48489197963172e-16,-1.60808960770625e-16,-3.76443099871161e-16,6.59857035296388e-17,3.93668040673546e-16,1.10074168724509e-16,2.26165044929376e-17,-1.69196865919442e-05,1.73139208407424e-16,-9.88232556409444e-16,-4.53579750622391e-16,9.67965269683934e-16,-8.14080872405029e-16,2.5109086745415e-15,5.30155907440246e-16,-6.13372524350098e-16,2.23051257405902e-15,-4.24029873446164e-15,6.03499329045563e-16,-4.36210779294742e-15,-0.0999999999999968
"t57",-0.00342183414861875,-0.186569338051715,0.123588392282417,-0.00360046567944674,0.0087524217929954,0.0109840916922764,0.0036415637350826,0.29517045208018,-0.00220008163070554,0.00260442310182611,-0.00198220034374261,0.00060454898479477,-0.0250806998117146,-0.00555795542248847,-0.0027366728040764,-0.000642605565594468,0.00134393957533167,-0.00051881700697206,0.00105265419207295,0.232528977241174,0.0194417935394773,-0.00126314757629864,0.00155318939271394,-0.000514147056818242,0.00104430980979505,-3.77993461445224e-05,0.000801480224411507,-0.369948669628918,1.34844452627739e-07,-0.000366298541893544,-0.000406173378913682,-6.12363150440671e-05,-5.1369418027272e-06,0.000221533752223691,-0.0145862747796827,0.000338311324939121,0.000440261815589582,0.000428413103831468,0.398589571701382,2.64622001673438e-06,-4.95446987820578e-05,-0.000421108893748595,-7.37195793693682e-05,-5.29760156674894e-05,0.000313327125997687,-2.73399241892936e-05,-1.42909072248814e-06,-0.000151076440433925,-1.90130710170298e-07,-0.0382974226626075,-1.59710873250011e-16,3.21602683880922e-06,-5.68627325968469e-17,-2.04151309722228e-06,5.18653872318064e-06,3.09858702485411e-05,2.71027016792738e-16,3.33614838246489e-05,-8.50560561634629e-06,-4.22006821928198e-16,4.64325759419772e-17,2.26899533739197e-05,7.88903644220458e-06,-3.23058400799989e-16,8.48649481852861e-07,2.76745617845938e-16,5.86906787251274e-16,-0.000286045588267924,-6.38946308661656e-06,2.75912316704037e-06,-1.70173830504917e-15,9.02836455858081e-06,-1.26078550820385e-15,1.61647452830913e-05,9.91903666861648e-16,2.60276723560701e-15,-5.26917057148968e-06,0.707106781186548,-1.6819453307112e-05,1.66836374234743e-14,-6.10458614197187e-16,1.21772837455579e-15,-3.41545873981192e-17,2.60386940850862e-16,3.03904638080783e-17,-7.15531081956636e-16,-9.3040346047627e-06,6.45052148275746e-16,3.91360462471217e-16,-8.50919215287253e-16,1.98989412231767e-15,-6.45345198656626e-16,2.25655727878003e-15,-8.03474185060082e-16,-6.12896111613561e-16,1.51684179647217e-15,-4.34940189596568e-15,1.50937255187549e-16,-4.45615048593958e-15,-0.099999999999998
"t58",-0.00342183414861875,-0.186569338051715,0.123588392282417,-0.00360046567944676,0.00875242179299541,0.0109840916922764,0.00364156373508263,0.29517045208018,-0.00220008163070544,0.0026044231018262,-0.00198220034374247,0.000604548984794773,-0.0250806998117146,-0.00555795542248852,-0.00273667280407637,-0.000642605565594536,0.00134393957533157,-0.000518817006971974,0.00105265419207281,0.232528977241174,0.0194417935394775,-0.00126314757629824,0.00155318939271396,-0.000514147056818234,0.00104430980979511,-3.7799346144407e-05,0.000801480224411648,-0.369948669628918,1.34844452742152e-07,-0.000366298541893577,-0.000406173378913866,-6.1236315043937e-05,-5.13694180259132e-06,0.000221533752223714,-0.0145862747796824,0.000338311324939031,0.000440261815589797,0.000428413103831616,0.398589571701382,2.64622001676423e-06,-4.95446987819087e-05,-0.000421108893748882,-7.37195793711328e-05,-5.29760156679046e-05,0.000313327125998082,-2.73399241890375e-05,-1.42909072229603e-06,-0.000151076440433719,-1.90130710190267e-07,-0.0382974226626075,1.80324783786148e-16,3.2160268402537e-06,4.28859840676656e-16,-2.04151309713329e-06,5.18653872300722e-06,3.0985870248333e-05,-2.28573344288927e-16,3.33614838224256e-05,-8.50560561588995e-06,1.22824186104814e-16,-7.28194865606232e-17,2.26899533745902e-05,7.88903644318973e-06,5.35293294414522e-16,8.48649483112051e-07,-5.4204386281515e-16,-6.82910797163757e-16,-0.000286045588265817,-6.38946308657904e-06,2.75912316604275e-06,1.13713132225073e-15,9.02836456086332e-06,5.42100221990195e-16,1.6164745284257e-05,-1.1348673146863e-15,-2.62058183451168e-15,-5.26917055056666e-06,-0.707106781186547,-1.68194533008876e-05,-1.68246923524116e-14,3.04260439955173e-16,-1.2421044142622e-15,-2.42577947362364e-16,1.49364637676607e-16,-3.96215301626693e-16,9.22047879364791e-16,-9.304034606147e-06,-5.90070966618593e-16,-1.24621849885089e-15,-4.90096732509051e-16,5.57012531152929e-16,-6.10650761922727e-16,2.68295247342403e-15,2.05267516220425e-16,-2.73591633120445e-16,3.44238485480631e-15,-3.0171342664155e-15,4.83958878572873e-16,-4.00165296441609e-15,-0.0999999999999978
"t12",-0.0033725008613414,-0.182400443022156,0.118988551695987,-0.00344824705393657,0.00832426527368286,0.0102316926522661,0.00335416353106838,0.266734173126011,-0.00192865159342522,0.00226174781804758,-0.00163557956238529,0.000496955729726124,-0.0204987137710675,-0.00435477594349257,-0.00211822742698547,-0.000484484343187471,0.00089738375877096,-0.000315587522147572,0.000633286138130369,0.132217584759478,0.0105513194923431,-0.000637727820839668,0.000778075067593714,-0.000257085539294028,0.000487955797887302,-1.65478593248884e-05,0.000320340696147497,-0.145968935217791,3.72865819338512e-08,-8.86318234533391e-05,-7.28312851018811e-05,-2.77208613289759e-06,9.93368978915864e-08,-2.63071189988525e-05,0.00722439357122924,-0.000175721664056476,-0.000359717571138951,-0.000380400368209384,-0.623653255677248,-4.67224084265844e-06,0.000123917257982393,0.0010592605238511,0.000220583068708034,0.000237832577783458,-0.00202710056986609,0.000192431882745017,2.46472671625178e-05,0.00290849190315984,9.35127473792582e-05,-0.665468104536157,-1.88850866762207e-15,2.58105865080765e-05,-1.61212702412676e-15,-1.15314104596948e-05,2.68828272189823e-05,0.000134601998138673,-3.02759592937401e-16,0.000111529712879667,-2.73335007805807e-05,-3.21781834152593e-16,2.42426090717595e-17,6.49189661591973e-05,2.17672672592627e-05,-6.05119376287758e-16,2.16832331092744e-06,1.40084837901738e-15,-1.27366481478928e-15,-0.000694282929186284,-1.53955874394361e-05,6.62909865359822e-06,-4.47171447792648e-17,2.11550628706271e-05,-2.68673520427727e-16,3.54346071695447e-05,3.61173765244391e-16,-1.09073180279252e-16,-1.12544600871138e-05,-1.3624011836383e-16,-3.50915843930215e-05,-2.88795790869312e-16,-1.36026267204131e-16,4.5956335577143e-17,-3.94085555603802e-16,5.17849934031651e-17,3.53571705097072e-17,1.6523647288515e-16,-1.76756939279758e-05,4.7122333783343e-17,-4.23681346778422e-16,-3.47418205446859e-16,1.208541586248e-15,-6.0613486840059e-16,2.45678255610425e-15,1.39286338876269e-16,-4.64799802572806e-16,2.27074546719045e-15,-3.66193820468516e-15,-4.71912567700776e-16,-4.36010607811397e-15,-0.0999999999999986
"t59",-0.00339288691374848,-0.184111213889356,0.120850502104067,-0.00350956453007607,0.00849561344623564,0.0105267121513875,0.00346555003964853,0.277528395378835,-0.00202803708773884,0.00238572642899246,-0.00175212946390297,0.000532916554760537,-0.0220158752857249,-0.00472388492969432,-0.00230327735104374,-0.000529083055598205,0.000979112463693143,-0.000330815005804091,0.00065823544455745,0.129084672401202,0.00943867461183671,-0.000436290797069537,0.000507988950247787,-0.000165850387084252,0.000124415629136652,7.50900237371792e-06,-0.00100742619843982,0.579468458736276,2.67546315207582e-07,-0.000601943528331419,-0.000547811019603132,-6.63890499065272e-05,-5.19579997583206e-06,0.000205085691680221,-0.010306734816479,0.000235132602170002,0.000247410503377586,0.000227975719718376,0.105281946485049,4.971181511429e-07,4.21997194781733e-06,3.80728178664265e-05,1.94679557173848e-05,4.237028627737e-05,-0.000467459446299964,4.61379863805956e-05,6.95861123324176e-06,0.000816221530020317,1.74770002615778e-05,-0.000683481784932325,-5.62995246788101e-16,1.19183559243985e-05,-3.64563162174706e-17,-5.76293198053101e-06,1.37444485510032e-05,7.24400436582244e-05,3.81519132020568e-16,6.55096789449757e-05,-1.62875627741905e-05,-6.70593509769419e-17,1.8140898445587e-17,4.04270261109566e-05,1.37503423700993e-05,-4.26624646281158e-17,1.41299831028463e-06,-1.13475633626391e-15,-3.21661475845035e-16,-0.000462204555505771,-1.02808639861148e-05,4.4321563807645e-06,1.38935999797464e-16,1.42953525018399e-05,-5.27187145974761e-16,2.46446969797837e-05,-1.13269485231085e-16,8.69825657219462e-17,-7.91734922884509e-06,-1.70865942990503e-14,-2.49447309733509e-05,0.707106781186547,-1.82239685328454e-15,-1.92043104881144e-15,5.84503379129216e-16,7.26907560935972e-16,-7.9888618837016e-17,4.8746018519073e-16,-1.31081353116994e-05,-7.09758814351778e-16,-4.9230807378202e-16,-1.3256639192211e-15,2.26628730542757e-15,-6.80388545133624e-16,2.52898282883355e-15,5.52615078808114e-16,-1.1373436738835e-15,3.30106539375798e-15,-3.01733653789863e-15,7.89035522768248e-16,-4.22361900731935e-15,-0.100000000000003
"t60",-0.00339288691374848,-0.184111213889356,0.120850502104067,-0.00350956453007607,0.00849561344623566,0.0105267121513876,0.0034655500396485,0.277528395378835,-0.00202803708773892,0.00238572642899241,-0.00175212946390291,0.000532916554760419,-0.0220158752857249,-0.00472388492969438,-0.00230327735104371,-0.000529083055598137,0.000979112463693132,-0.000330815005804117,0.000658235444557575,0.129084672401202,0.00943867461183655,-0.000436290797069783,0.000507988950248005,-0.000165850387084098,0.000124415629136581,7.50900237378557e-06,-0.00100742619844012,0.579468458736276,2.67546315224013e-07,-0.000601943528331304,-0.000547811019603063,-6.63890499064062e-05,-5.19579997564252e-06,0.0002050856916801,-0.010306734816479,0.000235132602170189,0.000247410503377568,0.000227975719718312,0.105281946485049,4.97118151040174e-07,4.21997194770566e-06,3.80728178664583e-05,1.94679557180145e-05,4.23702862778558e-05,-0.000467459446299857,4.61379863805528e-05,6.95861123315674e-06,0.000816221530020223,1.74770002613592e-05,-0.000683481784932379,6.09302969098097e-16,1.19183559243958e-05,1.16199349668341e-16,-5.76293198091658e-06,1.37444485513036e-05,7.24400436581369e-05,-3.54003621770803e-16,6.55096789455057e-05,-1.62875627738749e-05,-1.41600297867591e-16,-1.20418519120331e-16,4.04270261104405e-05,1.37503423705548e-05,1.65089716034284e-16,1.41299831153339e-06,1.08568971298505e-15,6.69165827737751e-17,-0.000462204555506056,-1.02808639875854e-05,4.43215638139583e-06,-5.56416120767946e-16,1.42953525035353e-05,1.94804981088349e-16,2.46446969827813e-05,1.57347377029333e-16,-6.01850981010205e-17,-7.91734922734347e-06,1.65531633390745e-14,-2.49447309368817e-05,-0.707106781186547,1.35718177704985e-15,1.56875083488716e-15,-7.51268472474771e-16,-5.74134893163301e-16,-2.28080690319706e-16,-6.76513270648112e-17,-1.31081353152658e-05,7.64756140205616e-16,-2.91080150568711e-16,2.28648322353889e-16,6.92600232809222e-17,-3.09132720391121e-16,2.58106519740266e-15,-6.46946204829855e-16,2.07850336090436e-16,1.23327501039519e-15,-3.91939274540656e-15,-4.63225234044806e-16,-4.14728951581083e-15,-0.100000000000001
"t17",-0.00325541139348414,-0.172377812129766,0.107654393994034,-0.00306996732064673,0.00724815841158336,0.00827499751129628,0.0025926510784628,0.18893199887661,-0.00114633723872526,0.0012577854201411,-0.000522797476704458,0.000149144728235195,-0.00552897320129696,-9.82944588464321e-05,0.000121984911423161,0.000118827754039709,-0.00131744497952886,0.000959425421262686,-0.00207901867842931,-0.634388304864217,-0.0688368209046507,0.00682135942143944,-0.00880634099139274,0.00294959245127634,-0.00974112553764945,0.000744345974073185,0.0049574285579615,-0.051627983533161,1.43231254572736e-06,-0.00297687953933227,-0.00240435714269912,-0.000243590610094052,-1.78892683630715e-05,0.000651075888438514,-0.0260777783652537,0.000587190787399547,0.000519719967545636,0.000456250232463177,0.0447273800109832,-3.74026548687008e-07,5.04119585464795e-05,0.000435414577071155,0.000116144209766259,0.000170114943117002,-0.00165783752008948,0.000160650571892385,2.1963497407216e-05,0.00256365801579801,5.37994995528053e-05,-0.000323672672953138,0.707106781186547,3.17553279389371e-05,3.87951223900459e-15,-1.47743680821995e-05,3.48359561369702e-05,0.000178794762662351,-1.50306900112004e-16,0.000154002554776101,-3.79634377618613e-05,1.37300980168755e-16,2.07247976735115e-16,9.16807943914203e-05,3.08934410707044e-05,2.52835104006366e-16,3.10811913606499e-06,1.67626215631384e-16,7.44364493775926e-16,-0.00100123239894342,-2.22201787052538e-05,9.57069025533385e-06,1.01583373483841e-16,3.06240780118729e-05,1.37467058202412e-16,5.16157291977348e-05,-5.19925000856736e-16,6.73224162708143e-17,-1.6426965508305e-05,1.65804664276253e-16,-5.13015725854964e-05,3.79156047080408e-16,-2.89802514037133e-16,3.54323402514405e-17,-7.30597056152661e-17,5.861701216376e-18,9.79672099124456e-17,2.9627572736371e-16,-2.59388347071038e-05,9.13823692361102e-16,-1.98576692268546e-16,-8.83719361559379e-16,1.35791562411973e-15,-5.10694890325219e-16,2.55750631174768e-15,-6.12833363640045e-16,-1.94071392084667e-16,1.98290269847284e-15,-4.12036168489983e-15,5.01261492214535e-16,-3.99639218698049e-15,-0.1
"t18",-0.00325541139348413,-0.172377812129766,0.107654393994034,-0.00306996732064673,0.00724815841158333,0.00827499751129627,0.00259265107846285,0.18893199887661,-0.00114633723872525,0.00125778542014115,-0.00052279747670447,0.000149144728235205,-0.0055289732012969,-9.82944588463688e-05,0.000121984911423193,0.000118827754039711,-0.00131744497952891,0.000959425421262714,-0.00207901867842931,-0.634388304864217,-0.0688368209046505,0.00682135942143933,-0.00880634099139283,0.00294959245127613,-0.00974112553764933,0.000744345974073024,0.0049574285579612,-0.0516279835331611,1.43231254457945e-06,-0.0029768795393323,-0.00240435714269907,-0.000243590610094035,-1.78892683630303e-05,0.000651075888438376,-0.0260777783652523,0.000587190787398122,0.000519719967544884,0.000456250232463122,0.0447273800109835,-3.74026548528772e-07,5.04119585461335e-05,0.000435414577070788,0.00011614420976418,0.00017011494311485,-0.00165783752009001,0.000160650571893537,2.19634974082759e-05,0.00256365801579839,5.37994995511994e-05,-0.000323672672949259,-0.707106781186548,3.1755327927398e-05,-4.26674920418263e-15,-1.47743680809043e-05,3.48359561381058e-05,0.000178794762661702,1.58473878611844e-16,0.000154002554775617,-3.79634377619656e-05,-4.72900721397318e-16,-2.19405965604359e-16,9.1680794392285e-05,3.08934410712799e-05,7.68939531751938e-17,3.10811913598354e-06,2.7170962418981e-16,-6.71169862621155e-16,-0.00100123239894394,-2.22201787047205e-05,9.57069025536106e-06,-6.30657429528713e-16,3.06240780121293e-05,-5.6061956280638e-16,5.1615729196916e-05,6.45809174999554e-16,-8.2816502693683e-18,-1.64269655089581e-05,-1.39506667519872e-16,-5.13015725855215e-05,-6.34789825612826e-16,-1.9642544963846e-16,-3.74071183748275e-16,-1.89858523973692e-16,2.00150730168048e-16,-3.80866776063793e-16,1.95661765756324e-16,-2.59388347067027e-05,-7.79266420191816e-16,-3.02660100827155e-16,-2.31463334590468e-16,1.47587682048487e-15,-3.9273368700682e-16,2.44946906624062e-15,-7.68038095632049e-17,-5.79509132421994e-16,2.26045845462919e-15,-4.35628407763268e-15,1.19662343796694e-16,-4.38497025006859e-15,-0.1
"t72",-0.00287851701432107,-0.122008492216426,-0.272803871422008,-0.0247032600120734,0.0221187119660207,0.0188852484228282,0.00642483941832216,-0.00218239497128928,-0.00231976526670636,0.00280562244876972,-0.00226894260356919,0.000663847877309309,-0.00239101392313048,-0.134303548946393,0.00550628110457026,0.000138881762298811,8.63082109503221e-05,3.82140347278821e-05,-8.68984899711871e-05,-0.00336553080087789,0.00952986929272375,-0.0257955790059105,0.172633489902633,-0.590674188875557,-0.0102799464370402,0.000578489005511226,0.0032724153318387,-4.98294243912696e-05,8.84419430430489e-07,-0.00183087260281399,-0.000153489785123545,-0.00015006185706634,-1.09991318046482e-05,0.000396311912150511,-0.00198293647921718,-0.000316927017771116,0.000421057668869333,0.000358139716212857,0.000593482105682901,-6.10008068778936e-07,0.000337970796953283,0.0304220065528801,8.74542001018605e-05,0.000181534488976903,-0.0217752329090463,-0.000226794103985994,1.02734049624465e-05,0.000149478328171455,3.07667000767802e-05,-3.28761803930167e-06,3.23758081463358e-16,2.2218077883413e-05,-1.0139025184869e-16,-1.06588083449869e-05,2.54446509235315e-05,0.00991880753675254,3.03739004722403e-16,0.000112743730805231,-2.79413994444828e-05,-7.80644131781968e-17,8.83120134975133e-16,6.84588740108263e-05,2.31697331278757e-05,1.37001097673954e-16,2.3522338753324e-06,5.56808427184859e-16,-2.12849082489818e-16,-9.53364215099902e-05,-1.71001195024821e-05,7.35186859950804e-06,1.48892270774731e-15,2.35116797725512e-05,1.57738321624338e-17,3.99733718921894e-05,-2.04212874567333e-15,6.8096844602809e-16,-1.27716586940721e-05,3.97590257445211e-16,-4.00341686471278e-05,-5.09172563088856e-18,-1.1485726372393e-15,2.398340109756e-15,4.4860121214635e-16,-1.71129743657079e-14,-0.707106781186548,1.04893583760696e-14,-2.05777362009765e-05,-4.77204162728991e-15,8.43338172100522e-16,-1.9916936781451e-16,2.08040535660544e-15,-2.75154213104806e-15,2.24809457685526e-15,-5.37389722184556e-16,-9.44916292229488e-17,1.42360252057921e-15,-5.58086651237659e-15,1.42678548671724e-15,-4.09167355139515e-15,-0.0999999999999993
"t73",-0.00287851701432108,-0.122008492216426,-0.272803871422008,-0.0247032600120734,0.0221187119660206,0.0188852484228282,0.00642483941832219,-0.00218239497128927,-0.00231976526670634,0.00280562244876976,-0.00226894260356924,0.000663847877309224,-0.0023910139231305,-0.134303548946393,0.00550628110457017,0.000138881762298736,8.63082109505042e-05,3.82140347278686e-05,-8.68984899710726e-05,-0.00336553080087796,0.0095298692927238,-0.0257955790059105,0.172633489902633,-0.590674188875557,-0.0102799464370402,0.000578489005511244,0.00327241533183866,-4.9829424391214e-05,8.84419430421474e-07,-0.00183087260281395,-0.000153489785123513,-0.000150061857066337,-1.09991318047175e-05,0.000396311912150424,-0.00198293647921721,-0.00031692701777121,0.000421057668869327,0.000358139716212628,0.00059348210568319,-6.10008068845949e-07,0.000337970796953341,0.0304220065528796,8.74542001021111e-05,0.000181534488976979,-0.0217752329090468,-0.000226794103985916,1.02734049626985e-05,0.000149478328171093,3.07667000764707e-05,-3.28761803936822e-06,-1.87859025094037e-16,2.22180778830015e-05,-8.75124640385641e-17,-1.06588083446909e-05,2.54446509233612e-05,0.00991880753675284,-2.23616932044115e-16,0.000112743730804901,-2.79413994449576e-05,7.27754114063651e-17,-3.5444867990378e-16,6.8458874010043e-05,2.31697331284371e-05,-1.78657354700766e-16,2.35223387487506e-06,-4.31116592375435e-16,8.55740578711904e-16,-9.53364215115824e-05,-1.71001194998436e-05,7.35186859910666e-06,-1.61397312223644e-15,2.35116797739947e-05,-5.04328018709382e-16,3.9973371890302e-05,2.31896607292888e-15,-7.8495022642014e-16,-1.27716586919716e-05,-4.28129087519096e-16,-4.00341686468958e-05,-3.20721736909437e-16,6.65086004684009e-16,-2.82409994842547e-15,-5.14051338876907e-16,1.73455718453393e-14,0.707106781186548,-1.01607898821158e-14,-2.05777361900522e-05,4.82444864180117e-15,-1.56098856560333e-15,-9.34692122121521e-16,4.49765289073277e-16,1.75454298908454e-15,2.83432715021632e-15,4.89468126956426e-17,-7.4040352173481e-16,3.30491013027559e-15,-2.38897531657926e-15,-1.37237886005522e-15,-4.40392548762852e-15,-0.100000000000001
"t32",-0.00291448282866911,-0.12443450142538,-0.282313109607675,-0.0256990225251922,0.0231752568987379,0.0202442320862208,0.00697967977312985,-0.00242944804823636,-0.0026987989196855,0.00331385101989963,-0.00295574442981258,0.000872138072253214,-0.00318325274793478,-0.200455567943191,0.00855184921679528,0.000238218017851626,0.000450597155768808,-0.000122500531120263,0.000222533840434356,0.00378955959028574,-0.00646543142712026,0.00862106834836296,-0.053416641308564,0.179417655211942,0.00147928745989309,-2.66271335251746e-05,0.000140106146948245,-2.61449806630179e-06,1.68686194350318e-07,-0.000389133494798614,-3.68887540500299e-05,-4.01593128963807e-05,-2.97781665143536e-06,0.000105794981837348,-0.000374292364368124,-5.73297804252361e-05,2.31153142004953e-05,5.73911032756842e-06,-0.000393021767737834,6.61119538649617e-07,-0.00533334362861893,-0.555955931663798,0.000535831531952184,0.00039598468852999,-0.0365017408379597,-0.00036644409869474,1.38159810459898e-05,0.00019934429119134,3.97709309355908e-05,-4.22845296967321e-06,1.78352919952726e-16,2.39868725887769e-05,2.48219624258245e-16,-1.16528402082293e-05,2.87459168930603e-05,0.0850026282135386,6.64492592697944e-16,9.28065231527097e-05,-2.32477148698384e-05,-7.32373658574251e-15,0.707106781186547,5.775874402488e-05,1.95777920504769e-05,5.39080319000347e-16,1.98963663938378e-06,-1.00141129471892e-15,-2.2466855787708e-15,-8.06195942362898e-05,-1.44593954579938e-05,6.21635613409381e-06,-1.37904872776806e-15,1.98745139364737e-05,-5.49531299130413e-16,3.37607944555646e-05,8.36342269904422e-17,5.34570657540306e-16,-1.07836397503747e-05,6.7977665119319e-17,-3.37957798445126e-05,-2.83470984439417e-16,-1.77767021331901e-16,-2.86425351351108e-16,-3.49092395170774e-16,5.97695003090453e-16,2.23961302038037e-16,1.98178732599378e-16,-1.73737640417174e-05,-5.28348822927821e-17,-4.01662196617586e-16,-5.38992786111097e-16,1.05355552524471e-15,-6.26726080813684e-16,2.29054153143921e-15,-2.51888479496677e-16,-1.38559781226462e-16,2.53476526979739e-15,-4.51416138342546e-15,4.25704375675493e-16,-4.47177396863194e-15,-0.0999999999999999
"t33",-0.00291448282866911,-0.12443450142538,-0.282313109607675,-0.0256990225251922,0.023175256898738,0.0202442320862208,0.00697967977312984,-0.0024294480482364,-0.0026987989196855,0.00331385101989948,-0.00295574442981264,0.000872138072253325,-0.00318325274793487,-0.200455567943191,0.00855184921679533,0.000238218017851584,0.000450597155768704,-0.000122500531120259,0.000222533840434419,0.00378955959028573,-0.00646543142712049,0.00862106834836272,-0.0534166413085638,0.179417655211941,0.00147928745989304,-2.66271335248763e-05,0.000140106146948225,-2.61449806633902e-06,1.68686194300251e-07,-0.000389133494798582,-3.6888754050088e-05,-4.0159312896341e-05,-2.97781665146851e-06,0.000105794981837383,-0.000374292364368212,-5.73297804252297e-05,2.31153142003088e-05,5.73911032823108e-06,-0.00039302176773775,6.61119538375522e-07,-0.00533334362861908,-0.555955931663796,0.000535831531952382,0.000395984688529704,-0.0365017408379605,-0.00036644409869496,1.38159810462935e-05,0.000199344291191324,3.97709309345957e-05,-4.22845296976644e-06,1.36719556502633e-16,2.39868725898379e-05,-2.88816042030816e-15,-1.16528402072477e-05,2.87459168940913e-05,0.0850026282135411,-2.09808039193035e-16,9.28065231651676e-05,-2.32477148684586e-05,6.7943709504525e-15,-0.707106781186548,5.77587440134959e-05,1.95777920485939e-05,-2.05984874305631e-16,1.9896366341309e-06,1.09066521730885e-15,2.19420651972983e-15,-8.0619594234663e-05,-1.44593954589271e-05,6.21635613352685e-06,8.85597646746759e-16,1.98745139372171e-05,-2.53134971145175e-16,3.37607944550788e-05,-2.85861873392987e-16,-5.91560954566712e-16,-1.07836397454685e-05,-1.95700303140969e-16,-3.37957798444195e-05,7.73515082855552e-17,-1.5131328667701e-16,1.84788143581977e-16,-1.07015855289531e-16,3.30547587319779e-16,-1.05251909514463e-15,7.84828127562648e-17,-1.73737640412129e-05,2.67626893836088e-18,-7.65954126572715e-16,-4.90420528989545e-16,1.22702787283553e-15,-5.15704320562244e-16,2.57540884902844e-15,-7.86183310097546e-16,-5.02229942832641e-16,2.18391744678129e-15,-3.48720508564719e-15,-2.3368722625195e-16,-4.25753561271479e-15,-0.0999999999999995
"t45",-0.0029344545061603,-0.125760829558533,-0.287359390927936,-0.0262220324747083,0.0237226674675173,0.0209199381212675,0.00724941434543279,-0.00254500688782455,-0.00286535204299028,0.00353283308660052,-0.00322098579838951,0.00095191718725674,-0.00348287629783389,-0.223205569164188,0.00957008017008423,0.000269431345950174,0.000534197476203809,-0.000150236532653543,0.000273981736922061,0.00475740288378477,-0.00824412197867991,0.0112516010750608,-0.0698862659611265,0.234872860120977,0.00197708478782352,-3.62728728170816e-05,0.000195749896043524,-3.66551007730306e-06,2.57180201246358e-07,-0.000609014341243522,-6.06714816645953e-05,-7.42592878763803e-05,-5.86340792735868e-06,0.000231790148245686,-0.00148706353991629,-0.000240908478228693,0.000376300901593615,0.000332735408937672,0.000860299979586289,-1.06640298911986e-06,0.00397829709550249,0.40969786592025,-0.000271540555261302,-7.09750357399398e-05,0.000509915656272331,-5.15003597696605e-06,2.51063443753543e-06,3.80500296879104e-05,9.01146528082759e-06,-9.83614402629568e-07,-7.20939071142893e-16,1.46367890352089e-05,1.27316176863974e-16,-1.00863858620402e-05,2.9644382866234e-05,0.334295635941806,3.1633129312024e-16,1.62166162633937e-05,-5.87622876241282e-06,-3.84882905315431e-17,1.98786603978021e-15,2.33669380913062e-05,8.59874044791771e-06,-8.25299194835833e-16,9.98947740780191e-07,5.57471998756885e-16,-1.21988576174064e-14,-4.34231501120172e-05,-7.85944066303509e-06,3.39090320242466e-06,0.707106781186547,1.11681812275893e-05,3.55825590191628e-16,2.03639237604733e-05,3.24353590008745e-16,7.91367010358657e-16,-6.66918857050256e-06,1.41894388229332e-15,-2.13571798730739e-05,-3.18319138170498e-16,2.48097399968629e-16,-3.91941523518132e-16,-3.31705606490127e-16,-1.65781724123188e-16,1.33521647684174e-15,1.17799814497239e-16,-1.18757147167486e-05,1.08173035964396e-16,-7.47561586593463e-17,-6.5719005999249e-16,1.10505505376963e-15,-6.97855684366341e-16,2.52091603068904e-15,1.30531423020427e-15,-2.33679873594495e-16,1.52773216688212e-15,-3.83921000205691e-15,4.44959722948264e-16,-4.28463710216427e-15,-0.1
"t46",-0.0029344545061603,-0.125760829558533,-0.287359390927936,-0.0262220324747084,0.0237226674675173,0.0209199381212675,0.0072494143454328,-0.0025450068878246,-0.00286535204299045,0.00353283308660075,-0.00322098579838952,0.000951917187256601,-0.00348287629783387,-0.223205569164188,0.00957008017008404,0.000269431345950042,0.000534197476203855,-0.000150236532653515,0.00027398173692195,0.0047574028837848,-0.00824412197867972,0.0112516010750612,-0.069886265961126,0.234872860120977,0.00197708478782354,-3.62728728176148e-05,0.000195749896043253,-3.66551007721574e-06,2.57180201287075e-07,-0.000609014341243609,-6.06714816645466e-05,-7.42592878767012e-05,-5.86340792746379e-06,0.000231790148245782,-0.00148706353991653,-0.000240908478228883,0.000376300901593705,0.000332735408937246,0.00086029997958605,-1.06640298910395e-06,0.00397829709550287,0.40969786592025,-0.000271540555262688,-7.09750357394327e-05,0.000509915656273034,-5.15003597678e-06,2.51063443781066e-06,3.80500296881699e-05,9.01146528026444e-06,-9.83614403017918e-07,4.2339258109905e-17,1.46367890361117e-05,-1.30209596733863e-15,-1.00863858597244e-05,2.96443828675177e-05,0.334295635941805,1.49797839425242e-16,1.62166162647508e-05,-5.87622876219822e-06,6.47257116953506e-18,3.3423837836069e-18,2.33669380917035e-05,8.59874044804122e-06,8.89739139344827e-16,9.98947747149538e-07,3.44101011222533e-16,1.01166251775592e-14,-4.34231501130938e-05,-7.85944061641895e-06,3.39090320209604e-06,-0.707106781186548,1.11681812316098e-05,-1.26516207524704e-15,2.03639237520148e-05,-7.81022564101849e-17,-1.02915934967888e-15,-6.66918858445667e-06,-1.44681930030391e-15,-2.13571798729743e-05,3.55639987096433e-17,-4.79391427496493e-16,8.23630969277256e-17,-1.38067822794918e-16,2.15857439026676e-16,-1.52789642165567e-15,5.20364081120836e-16,-1.18757147177648e-05,3.57973216523223e-16,1.54494620914474e-17,-3.79634306467445e-16,1.68792214176274e-15,-3.78668515971024e-16,2.63041217406473e-15,8.4068903116621e-17,-3.23695906451297e-16,2.4644828439127e-15,-3.90859894109598e-15,2.42977674154789e-16,-4.25688115878704e-15,-0.0999999999999968
"t27",-0.00292027093828423,-0.124821625907469,-0.283805410804001,-0.025854369481896,0.0233387845553145,0.0204494605805188,0.00706231702301757,-0.00246535782183507,-0.00275167687998914,0.00338381817597119,-0.0030432965300661,0.000898531818944708,-0.00328271974491456,-0.208191799398673,0.00890039514345753,0.000249049954040815,0.000481265090956229,-0.000133042134771567,0.000242162934285341,0.00416577162623837,-0.00716672126629181,0.00967930786540709,-0.0600557768247121,0.201783239121435,0.00168345188235626,-3.06416406922452e-05,0.00016369452542337,-3.06112218549968e-06,2.08338130306374e-07,-0.000489099347346039,-4.7978802225133e-05,-5.68794098438241e-05,-4.42483661360715e-06,0.000171070083822744,-0.00101497725494522,-0.000163657278921706,0.00024185652926414,0.000211197126866705,0.000490056749553152,-5.90267077461931e-07,0.00200388980142099,0.206020060772357,-0.000129453968305923,-2.94610701360283e-05,0.000184775045799073,-1.80756279051228e-06,6.52041689688667e-07,9.63588507541938e-06,2.03749022638697e-06,-2.17568128836697e-07,2.75565069629438e-16,-5.13395796299614e-06,3.4913957198556e-15,9.11454242252023e-06,-3.55758491288343e-05,-0.872798065400988,-4.46980680160744e-16,0.000175985383375878,-3.93618924452102e-05,-3.61283848294509e-17,-1.32330910713898e-15,7.78274054403176e-05,2.50912403195071e-05,-3.63440765654194e-17,2.34411525032891e-06,-8.03890855635677e-16,2.38042790774625e-15,-9.09619800011956e-05,-1.62255600143801e-05,6.96098754603318e-06,1.68226288645346e-16,2.18723545864692e-05,5.60305214130526e-16,3.57545500969808e-05,7.9332757392694e-17,6.34777625434205e-16,-1.12807962528733e-05,1.27774573579932e-16,-3.50020562066522e-05,-6.43497330634891e-17,-2.14233635650645e-16,-6.12383767137861e-17,9.01658978394193e-17,3.37841236289892e-16,7.6303681334901e-17,-3.72355911763113e-17,-1.74478879177262e-05,1.79309094478469e-16,-8.53827954959807e-16,-6.47412868557542e-16,1.04979520479855e-15,-9.74216786212621e-16,2.44804352369692e-15,-9.07757899812014e-16,-8.809860956789e-16,3.09789732367553e-15,-2.89784603359207e-15,2.740429431036e-16,-4.07578379429052e-15,-0.1
"t91",-0.00279987005888784,-0.116549210974602,-0.250169595562509,-0.0222855626064561,0.0194839426098052,0.0152004262454703,0.00484645138288514,-0.00141594781820539,-0.000946411796922492,0.000862972955070215,0.00149525645102567,-0.000516118784727577,0.00234063542516424,0.532072433887983,-0.03305505172593,-0.00276664345520833,0.00190310291477192,-0.000336020717029627,0.000584883863910072,0.00785193129524492,-0.010162304813892,0.00402602814868678,-0.0161024979325592,0.0466409311905486,-0.00324338332981692,0.000317407319351614,0.00247475881329243,-3.88024970278478e-05,9.82886931789933e-07,-0.00214386032614834,-0.000193119838578154,-0.000209199930612456,-1.59060782140016e-05,0.000601190887278328,-0.00345300048791592,-0.000556114162670606,0.000807021450728414,0.000700123906628925,0.00137257096486481,-1.46702831952453e-06,0.000348514904347688,0.0214232954123927,0.000397794450377281,0.00117353337287067,-0.354016542548986,-0.00575530353470534,-6.31574790154212e-05,-0.000835990064114384,-0.000123316601064271,1.25095068724387e-05,3.10519535115408e-16,-3.60183630949526e-06,-1.48525824825129e-15,-1.58489080388419e-06,5.63836482450185e-06,0.000840289256557762,-1.17797340176102e-17,6.62730633455367e-05,-1.72358001170092e-05,4.46305435588309e-17,4.65598280922814e-16,4.79154921716179e-05,1.67988728296923e-05,2.90052735658158e-16,1.82725447595267e-06,1.69152198538306e-16,-1.64410670028248e-15,-7.72466594454797e-05,-1.39353893149442e-05,6.00475620079049e-06,-3.45258794832906e-16,1.95767300290439e-05,-4.51473985292232e-16,3.49249936449081e-05,2.49406830930678e-16,-1.15608634759489e-16,-1.13569131324515e-05,-2.9172400242009e-16,-3.6151493997029e-05,-8.76161758935708e-16,-5.27286844016817e-16,-9.35629742520561e-17,6.54062181999938e-18,7.27435998677804e-16,-4.77702235148742e-16,-1.74248520481642e-16,-1.96652557742917e-05,-6.12050516995882e-16,-8.57745591911276e-16,-3.08896738566098e-15,1.71502196503435e-14,-5.16429568986618e-15,2.55877255024234e-16,1.13853137585796e-13,-0.707106781186548,-1.07051647837637e-14,-1.97356079198832e-14,-6.50181595008052e-15,-5.22053049450264e-15,-0.0999999999999986
"t92",-0.00279987005888784,-0.116549210974602,-0.250169595562509,-0.0222855626064562,0.0194839426098052,0.0152004262454703,0.00484645138288517,-0.00141594781820532,-0.000946411796922575,0.000862972955070182,0.00149525645102554,-0.000516118784727349,0.00234063542516433,0.532072433887984,-0.03305505172593,-0.0027666434552082,0.00190310291477142,-0.00033602071702965,0.00058488386391037,0.0078519312952451,-0.0101623048138919,0.00402602814868677,-0.0161024979325593,0.0466409311905486,-0.00324338332981686,0.000317407319351298,0.00247475881329223,-3.88024970278461e-05,9.82886931816702e-07,-0.00214386032614841,-0.000193119838578212,-0.000209199930612602,-1.59060782139259e-05,0.000601190887278295,-0.00345300048791604,-0.000556114162670616,0.000807021450728209,0.00070012390662887,0.00137257096486464,-1.46702831920857e-06,0.000348514904347776,0.021423295412393,0.000397794450376623,0.00117353337287061,-0.354016542548986,-0.00575530353470527,-6.31574790157346e-05,-0.000835990064114043,-0.000123316601064942,1.25095068726756e-05,-6.52909535578604e-17,-3.60183631030874e-06,-1.62403612630767e-15,-1.58489080382019e-06,5.63836482441678e-06,0.00084028925655702,-5.11380037006482e-16,6.62730633453781e-05,-1.72358001169401e-05,1.625404258568e-16,-4.89199650427549e-17,4.79154921709197e-05,1.67988728296611e-05,-2.00418111259972e-17,1.82725447679949e-06,-3.0963148075236e-16,1.14532864908822e-15,-7.72466594452279e-05,-1.39353893173969e-05,6.00475620038331e-06,-4.76510006964322e-16,1.95767300295801e-05,-5.02054569368178e-16,3.4924993645491e-05,-8.36600764709458e-17,1.76505261977338e-16,-1.13569131373433e-05,1.9171744302316e-17,-3.61514939969219e-05,5.09920512581659e-16,8.65193604355798e-17,-3.78072674222082e-16,-9.85836259085305e-17,2.14975765672082e-16,5.31443779924011e-17,4.91885292480893e-16,-1.96652557750194e-05,5.39805870085287e-16,-1.70795095424461e-16,2.06316180689074e-15,-1.48797146106914e-14,4.04089625234104e-15,4.82334118766448e-15,-1.14422594064944e-13,0.707106781186547,1.45454701325536e-14,1.1961259433165e-14,7.07467859394202e-15,-3.25337605810021e-15,-0.100000000000005
"t22",-0.00275662654433398,-0.113763178607811,-0.240234746646273,-0.0212811568160499,0.0184690443833663,0.014095520627626,0.00444129811070176,-0.00127189284036098,-0.000823682949429414,0.000743793694408706,0.00122284700633792,-0.000420471728547889,0.00189573209560285,0.412920686750236,-0.0253401768069456,-0.00206594217893649,0.00126159845744662,-0.000203801995811079,0.00035107825896597,0.00447154983744281,-0.00554430096631628,0.00205728598773761,-0.00817104725992421,0.0236281356944987,-0.00154722084911359,0.000143063490058812,0.00103216662788177,-1.60093601597661e-05,3.05716609171005e-07,-0.000604628292152353,-4.44573488557392e-05,-2.56571792901094e-05,-1.15075364570015e-06,-1.90563059824532e-06,0.000932678637590241,0.000159186805430776,-0.000384800112547197,-0.000364039501397769,-0.00122740675311625,1.45780494492187e-06,-0.000460074646402512,-0.0284054731115636,-0.000600640751008342,-0.00232761218652945,0.863351258056861,0.0146412856517232,0.000220649532653109,0.00298370621888967,0.000480824065912156,-4.95529823784467e-05,-2.52792803873794e-16,0.000113014958387144,3.6444674970952e-15,-4.48721303340596e-05,0.000101475414255243,0.00817387314305326,7.65587606672328e-16,0.000350239561807515,-8.44033949215875e-05,-7.58079397454732e-16,-5.12587314997764e-16,0.000190430806164085,6.27990615062849e-05,-1.91339171410785e-16,6.03125978576658e-06,2.40668818585109e-16,3.41654794745095e-17,-0.000235452764386897,-4.20064969023802e-05,1.802176072187e-05,1.99307865768038e-16,5.65801383831727e-05,-2.12658617084924e-16,9.15400903314344e-05,-5.67809180412973e-16,-2.57576104566199e-16,-2.86822521294494e-05,2.3575651554377e-16,-8.83272672177023e-05,-7.7916285086287e-17,-1.09043626502982e-16,2.02519294625351e-17,-4.90962655522102e-16,-6.99335666048202e-16,2.52944852696634e-16,1.76074392722384e-16,-4.22541526165249e-05,-4.06572994315753e-17,-3.87214270318054e-16,-7.50066653654669e-16,1.17894433616131e-15,-7.88802908959996e-16,2.43027885321084e-15,7.35985542855094e-16,-5.45498408368181e-16,2.57738875228305e-15,-3.80001200002437e-15,1.04601006383492e-16,-4.35313144696718e-15,-0.0999999999999975
"t11",0.149989480217624,0.0688753456328107,0.0161777032285961,-0.00457131687415377,0.140294747691959,0.00208456448646315,0.0273740071506744,-8.32180596575287e-05,-0.000155853283722856,0.000105563377166258,0.256313599985821,0.00285786009950172,-0.00288138996789528,-0.00900065798078503,-0.119831161190126,0.00817184967657881,0.000101863872996101,-0.0208304129752587,2.00214107679564e-05,0.000400479324809798,-0.000805348473391526,0.000210977295681789,-0.000280659914182753,3.22682159550986e-05,-0.00382812241586826,-1.76946668738361e-07,7.87661643705034e-05,-7.34675751398587e-07,2.89273380385956e-07,-0.000283421562805839,9.82455480231304e-07,1.29113312954794e-05,1.57855345830748e-06,-0.00166388777803507,0.0126676409467777,0.282218752077354,0.000474626598991549,0.00034239584628178,0.000132816219382233,-1.67017347942989e-06,-0.808331266968659,0.00796468736367946,0.000164430969100623,0.0020080081123373,-0.0015349341193762,0.0487556011042487,0.352839366170346,-0.000189531755473714,6.98946059800907e-06,-6.1815050448211e-07,2.12267497968421e-16,1.14790317462514e-05,3.59127807739454e-15,-0.0345739047743659,0.00015398523799043,4.05592770501102e-05,2.21711325599741e-16,5.27594725935131e-05,-0.00366225834984555,-9.01611991190151e-17,1.14761163378326e-16,3.06792239409974e-05,0.00279183253626027,1.11951065733317e-16,1.02291169015951e-06,2.89265964951204e-16,8.79494659656638e-16,-2.74788951828219e-05,-7.41361752668469e-06,0.000811529411077766,-3.84710895125304e-16,1.00695251289796e-05,-8.86567575721817e-17,1.69235880253665e-05,-2.6530524206126e-16,7.49085172721882e-17,-5.38348626282306e-06,-4.15591179738298e-18,-0.000206563484036085,1.44541426912865e-18,-3.6688527334973e-16,-4.41316735659157e-16,-3.59917490503436e-16,2.76233351143845e-16,-1.75089572724001e-16,1.0726866891481e-16,-8.48453539335207e-06,5.36719972009363e-17,-4.10195128764825e-16,-3.57620546598064e-16,7.80313066791593e-16,-6.0667378345206e-16,2.87470337235559e-15,-5.05717034353849e-16,-1.6346412948178e-17,2.45668425563772e-15,-5.16961217507665e-15,2.80146916229719e-16,-4.16432756577688e-15,-0.100000000000002
"t15",0.151194892593524,0.0697427405731095,0.0165242388893354,-0.00468335039643506,0.144311318403789,0.00217055698277788,0.0286954326172271,-8.82531195953525e-05,-0.000168451313043339,0.000114784195832991,0.288296889593885,0.00322275658655625,-0.00326215113619598,-0.0104980798181008,-0.141013616047336,0.0098061113788605,0.000134853361763445,-0.0300324536385806,2.91773288200459e-05,0.000617921810731187,-0.00130661547298124,0.000372255520896407,-0.000499943015067456,5.76112124751882e-05,-0.0074584234412715,-3.7798390100036e-07,0.000194426212898702,-1.85422542908298e-06,1.84533689146056e-06,-0.00395029357422976,-9.36731264655768e-06,-2.08689970050223e-05,-1.63431367098305e-06,0.000969415421486318,-0.000357406730405125,-0.00358167817757378,5.43829949462216e-05,4.57335476050305e-05,2.96842835615178e-05,-3.89712387385814e-07,-0.194971195821548,0.00191993705424737,3.81166775629693e-05,0.000332138314477901,-3.10803482139549e-05,-0.00157167764617389,-0.88320617607023,0.000707279140740232,5.12827356175124e-05,-3.23285942498849e-06,-6.74488093950952e-16,9.80241072602192e-06,-3.21420520470972e-15,-0.134256046554945,9.15956698577568e-05,2.85151049747563e-05,2.1215908925721e-16,3.83115737595606e-05,-0.00266847928322083,-1.88243429859378e-16,-1.99198120003412e-16,2.26023345123625e-05,0.00206492673783659,-6.11724985081373e-16,7.63667058695655e-07,7.29473362177063e-16,-5.29496734716667e-16,-2.06606470806765e-05,-5.58005982074029e-06,0.000611079334524638,-4.70384779679898e-16,7.61125825080012e-06,-8.01845186011218e-16,1.29346267554453e-05,-6.24701226392103e-16,5.58001334441642e-18,-4.13400083815153e-06,-1.25213918648954e-16,-0.000159329000609005,-3.75958799802126e-19,-2.24646249365102e-16,9.52356939700513e-17,-3.10824460857759e-16,1.21266766662855e-16,5.79756819450427e-17,-7.54328550321534e-17,-6.67485093160458e-06,2.25496493871977e-16,-1.29516808984193e-15,-5.79254047741971e-16,1.72103310884662e-15,-7.99501966336507e-16,2.35356273725292e-15,-4.80561435579091e-16,-7.85887977398404e-16,2.17929767701692e-15,-2.18737722134514e-15,2.09230599943581e-16,-4.33751218739277e-15,-0.100000000000003
"t25",0.152274469808682,0.0705190388023969,0.0168339668271503,-0.0047834384192996,0.147897465804818,0.00224719704966708,0.0298720089205789,-9.27289905635686e-05,-0.00017962165856118,0.00012295365649849,0.316514742154948,0.00354459503113993,-0.00359782619940981,-0.0118137559907619,-0.159607278799239,0.0112377189986188,0.00016349274635428,-0.0379697497893865,3.70690360607454e-05,0.000804654125616118,-0.00173583202777955,0.000509755843672321,-0.000686811781917331,7.92056983111775e-05,-0.0105399872583403,-5.48041345742323e-07,0.000291818337916911,-2.79636556094088e-06,3.13584697544628e-06,-0.00697804662519273,-1.78440921860218e-05,-4.8043477474782e-05,-4.19586776091576e-06,0.00303943345369265,-0.0100249950801297,-0.214889053269638,-0.000241181492387696,-0.00016033169718592,-3.32198541357826e-05,3.58671469481639e-07,0.106224613856435,-0.00103745170348563,-1.60895784628106e-05,-8.04419382302115e-05,4.66053469882967e-06,0.000211668916222727,0.0445948088212638,-3.28816057194343e-05,-1.6325379251602e-06,9.54526304488471e-08,1.00669057286033e-15,-1.92158293407178e-06,-1.07969902811209e-14,0.866973143221244,0.000248947891047351,2.77000409940929e-05,-6.90784633685635e-16,2.71070763772747e-05,-0.00185974611117874,-1.56135031495553e-16,4.86124632522539e-16,1.54400380541778e-05,0.00140997397312162,-1.93596287143405e-16,5.24579672867148e-07,-1.8152268577308e-16,-7.43225671329053e-16,-1.4311100236587e-05,-3.87068669657045e-06,0.000424128782669061,7.45836835124418e-16,5.31126839513887e-06,-4.07224621599577e-17,9.18232310370692e-06,-4.65796624433818e-16,2.4531229313572e-16,-2.95733319907737e-06,1.15184035832223e-16,-0.000114819814073584,-3.98794941673648e-16,-1.10906237410937e-16,-2.51579161204223e-16,1.19742472827819e-16,1.41467025358733e-16,-1.3748379979111e-16,2.01730050963581e-16,-4.97042115990823e-06,1.95417966851138e-16,1.27379480866552e-15,-4.34016856973449e-16,2.0147443404438e-15,-5.69259706491096e-16,2.3704270233325e-15,5.53676453440152e-16,-4.59510875006282e-16,3.01193303025426e-15,-2.19851754682052e-15,4.55200655747042e-18,-4.68707086431208e-15,-0.100000000000001
"t34",0.152895628799511,0.0709648379847206,0.0170111915143355,-0.00484063827135557,0.149943651893583,0.00229072122472031,0.0305385288075468,-9.5254050599739e-05,-0.000185883316279933,0.000127524330677471,0.332143934319797,0.00372272584752045,-0.0037834133401919,-0.0125355540132112,-0.169785982852659,0.0120178677059217,0.000178803085331509,-0.0421584638462785,4.12277155117241e-05,0.000902364168549551,-0.00195919620898649,0.00058074514532703,-0.000783210471924068,9.03433382178497e-05,-0.0121185873858935,-6.346316778808e-07,0.000341026372051435,-3.2718964435199e-06,3.77214813976102e-06,-0.00846095347033481,-2.19463655042381e-05,-6.08708693874898e-05,-5.39098560401134e-06,0.00398840691210204,-0.0141886271486018,-0.305549843622332,-0.00036240796895498,-0.000243987759863583,-5.65614142441308e-05,6.29726572841963e-07,0.20686858043178,-0.00202422295965511,-3.33580074817576e-05,-0.000196728762951904,1.35662195069364e-05,0.000643162209135433,0.213367488196507,-0.00016425697776729,-1.00333374903501e-05,6.12444015089403e-07,3.08273878540352e-16,2.22761205491016e-06,3.60185576739099e-15,-0.33833554478323,-6.08341125874213e-05,4.14684525663517e-07,5.99321674531541e-16,8.61754009976796e-06,-0.000663169115633969,2.24027198286516e-15,1.97743593640798e-15,7.12255328931403e-06,0.000692909445823847,-0.707106781186547,2.89332473266257e-07,-9.34224026331632e-16,-5.20762910576184e-16,-8.43000245155285e-06,-2.30004418456261e-06,0.00025288512141608,-1.31551046801516e-15,3.25915748475818e-06,8.97206036550171e-17,6.03934960327623e-06,2.12836497722334e-15,-3.74299228562977e-16,-1.99344408009056e-06,-4.04705254526407e-16,-7.90498748402807e-05,-2.87681036503591e-16,1.73068975542151e-16,3.08034434600448e-16,-2.92623209874694e-16,6.05221820219722e-17,-2.04941075775353e-16,-1.09142409357923e-16,-3.69081346673198e-06,-7.66800516605722e-16,-2.11453224220827e-15,-9.6847383057941e-17,4.77830371422798e-16,-5.58250114733532e-16,2.49094551820597e-15,-9.43807542714428e-16,-5.52257114588424e-16,2.39620327722073e-15,-5.3768084910393e-15,3.69030119970219e-16,-4.27370436216158e-15,-0.0999999999999992
"t35",0.152895628799511,0.0709648379847206,0.0170111915143355,-0.00484063827135557,0.149943651893583,0.00229072122472037,0.0305385288075468,-9.52540505997402e-05,-0.000185883316279922,0.000127524330677509,0.332143934319797,0.00372272584752036,-0.00378341334019173,-0.0125355540132112,-0.169785982852659,0.0120178677059217,0.000178803085331528,-0.0421584638462785,4.1227715512196e-05,0.000902364168549777,-0.00195919620898657,0.000580745145327176,-0.000783210471923547,9.03433382178184e-05,-0.0121185873858933,-6.34631678017843e-07,0.000341026372051529,-3.27189644353517e-06,3.77214813966672e-06,-0.00846095347033481,-2.19463655042374e-05,-6.08708693874031e-05,-5.39098560398494e-06,0.00398840691210189,-0.0141886271486015,-0.305549843622332,-0.000362407968954985,-0.000243987759863322,-5.65614142445863e-05,6.29726572845437e-07,0.20686858043178,-0.00202422295965488,-3.33580074817177e-05,-0.000196728762952048,1.35662195073537e-05,0.000643162209134803,0.213367488196506,-0.000164256977767344,-1.00333374906771e-05,6.12444014355142e-07,-1.63570906821685e-16,2.2276120546197e-06,7.45988077796361e-15,-0.33833554478323,-6.08341125881698e-05,4.14684525552061e-07,1.51763017727548e-16,8.61754009508963e-06,-0.000663169115636263,-2.52420224411019e-15,-2.49121173749204e-15,7.12255326268082e-06,0.000692909445798623,0.707106781186548,2.89332468316075e-07,6.40904889856805e-16,1.3128398035313e-15,-8.43000245351291e-06,-2.30004418345841e-06,0.000252885121415376,4.05335225931914e-16,3.25915748569514e-06,-7.80733144797948e-16,6.03934959933494e-06,-1.93088795656185e-15,2.01468862536675e-16,-1.99344407998241e-06,4.2102311970314e-16,-7.90498748406182e-05,-9.33922557440847e-17,-5.63103253134954e-16,-6.7310727884614e-16,4.83137363960851e-17,3.83180750106146e-16,-3.69912482265064e-17,5.70869193223548e-16,-3.69081346654032e-06,6.6608107455293e-16,-3.63335179880595e-17,-9.92425482439079e-16,1.25498648865536e-15,-5.58245711343049e-16,2.46295644193286e-15,6.66015842992049e-16,-1.03550802223545e-16,1.7855806136773e-15,-4.87720812995798e-15,6.51109319520038e-17,-4.26676547076662e-15,-0.0999999999999987
"t7",0.148156432069735,0.0675559021971416,0.0156502521519048,-0.00440075870274734,0.134178291684033,0.00195350527444268,0.0253591315011497,-7.55347062156327e-05,-0.00013660466368551,9.14692239880096e-05,0.207319239140276,0.00229879308167774,-0.00229786998388009,-0.0067015812410536,-0.0872909167101462,0.00565837018314876,5.08469639354994e-05,-0.00653933986254737,5.79484725540813e-06,6.17521190377603e-05,-2.28519003962905e-05,-4.15908972903941e-05,6.28635244738318e-05,-7.43671806013781e-06,0.00187619809220727,1.39817246569592e-07,-0.000104155854500727,1.03686364301095e-06,-2.20518758848467e-06,0.00561957369589079,1.77798068336987e-05,6.88317857415732e-05,6.9550668710349e-06,-0.00615277921844328,0.0370979550181943,0.82250131632503,0.00137136822193286,0.000999389353648041,0.000609250280872522,-1.29782078610666e-05,0.459676331031043,-0.00412498511227111,5.92540048635661e-05,0.00181947647053467,-0.00153420802825153,0.0486837919394876,0.0442085519957948,6.60105050574541e-05,2.76803969934955e-05,-1.9435266972745e-06,-8.91461952860998e-16,1.67832168707993e-05,-8.43532985772959e-16,-0.0136207084415914,0.000232442622569692,5.90919106034658e-05,-5.77187966455084e-17,7.51437609946477e-05,-0.00519783816237142,2.4126243010406e-16,-1.55779587748812e-16,4.30569801122019e-05,0.00390306170470937,9.48066327304479e-17,1.41732461349877e-06,-1.94163751579528e-16,-3.54488187266172e-16,-3.78230903251113e-05,-1.01943414168968e-05,0.00111548288549789,-2.26432972091666e-16,1.37926477657933e-05,-1.84187308067404e-16,2.29482876896586e-05,2.55653027407887e-16,5.66916868294002e-17,-7.26892674148135e-06,7.43693894044584e-17,-0.000277786543781966,1.18915384383601e-16,1.5718265893118e-16,6.76897979259653e-17,1.46160626581735e-16,2.70750111599182e-16,-1.41726956491852e-16,4.95810609346668e-16,-1.12073525166852e-05,1.44565766505742e-16,-6.76934959988082e-17,-7.93126643225921e-16,1.1982014330648e-15,-5.35284050023607e-16,2.42588958072809e-15,5.84706225148543e-17,-5.12178424805624e-16,2.0288786806169e-15,-2.87806408779717e-15,1.52558981079242e-16,-3.8317317076182e-15,-0.1
"t55",0.156616395429156,0.0738874529747929,0.018405451695767,-0.00532164053250205,0.168803189113733,0.00283576346444606,0.0406675672935538,-0.000152586472737355,-0.000626616744566914,0.000883954805148319,-0.176392140704839,-0.00167855050386116,0.00133035947666814,0.000223823817651355,-0.00339305303928636,0.000749908421294352,-3.59812584048748e-05,0.488161260590714,0.000585344615721239,0.00152766670161684,-0.00234735054878261,0.000542198481573877,-0.000718183000887569,8.25011981962704e-05,-0.00982605136858565,-4.76073102194559e-07,0.000236570236728004,-2.24884462399561e-06,2.1838267886276e-06,-0.00469332244386768,-1.12929027582853e-05,-2.66028524258296e-05,-2.16400430893182e-06,0.00138445512857727,-0.00187278331248775,-0.0357948797205302,3.06876947226558e-05,3.40738724994397e-05,6.35114111047559e-05,-1.48006029209483e-06,0.00396099482121521,2.03426590487998e-05,2.50459111346503e-05,0.000729481302293237,-0.0013257159723992,0.0699573300689199,-6.43011083357072e-05,4.29890077749175e-07,1.72767043934553e-06,-1.353492847885e-07,2.52936157093293e-16,4.19995060713178e-06,5.4538528945215e-16,-0.00071627168457347,7.13683442309496e-05,2.00955535717154e-05,-1.63004097890524e-16,3.58374439298878e-05,-0.0140445722698536,-1.16359433388836e-15,-3.83471103888053e-17,4.48124876225853e-05,0.391828845097857,7.26272016807008e-15,1.19214034133238e-08,-4.04017636756045e-15,2.60948450202781e-15,-5.98319606066408e-06,-1.77476504458031e-06,0.000983340009974036,7.98121092643868e-16,2.88009105935067e-06,5.05839064616757e-16,6.2466120301502e-06,1.09692412502972e-13,-0.707106781186547,-2.11246479961077e-06,3.09859572141724e-15,-8.48964136766774e-05,1.16754135259816e-16,7.28922249515784e-16,-1.80561312446508e-15,-2.10799484772483e-16,1.93727228141683e-16,-1.18556559134165e-15,-9.07421624612819e-16,-4.00260105389144e-06,2.20209726832102e-16,-1.78083087936794e-15,-5.68374371024459e-16,4.10172312616653e-16,-9.70193472882795e-16,2.56189604859678e-15,-3.34602150176678e-16,-3.8919707484905e-16,1.06337644824362e-15,-4.46738357223965e-15,1.26902590018758e-16,-3.89723172762779e-15,-0.0999999999999987
"t56",0.156616395429156,0.0738874529747929,0.018405451695767,-0.00532164053250205,0.168803189113733,0.00283576346444611,0.0406675672935538,-0.000152586472737341,-0.000626616744566937,0.000883954805148327,-0.176392140704839,-0.00167855050386108,0.00133035947666828,0.000223823817651548,-0.00339305303928616,0.000749908421294344,-3.59812584047655e-05,0.488161260590714,0.000585344615721406,0.00152766670161683,-0.00234735054878233,0.000542198481574249,-0.000718183000887825,8.2501198196015e-05,-0.00982605136858558,-4.76073102641684e-07,0.000236570236728041,-2.24884462400961e-06,2.18382678874419e-06,-0.00469332244386786,-1.12929027583703e-05,-2.66028524260901e-05,-2.16400430897665e-06,0.0013844551285773,-0.00187278331248778,-0.0357948797205304,3.06876947223897e-05,3.40738724994333e-05,6.35114111047969e-05,-1.48006029209899e-06,0.00396099482121527,2.03426590487255e-05,2.50459111344582e-05,0.000729481302293012,-0.00132571597239886,0.0699573300689202,-6.43011083357062e-05,4.29890077249913e-07,1.72767044053606e-06,-1.3534928507144e-07,3.36202878000543e-16,4.19995060792579e-06,4.2048519918205e-16,-0.000716271684573858,7.13683442313463e-05,2.00955535725866e-05,-2.18515249122175e-16,3.58374439302999e-05,-0.0140445722698535,-2.23979308105699e-16,-1.09305890721219e-15,4.48124876215478e-05,0.391828845097857,6.79556035977911e-15,1.19214017094526e-08,-1.77809695488635e-15,3.71753912230801e-15,-5.98319605817552e-06,-1.77476504270632e-06,0.000983340009973451,-1.12742599928471e-15,2.88009105591115e-06,-3.30091661967294e-16,6.24661196882426e-06,-1.0895213440914e-13,0.707106781186547,-2.11246485416126e-06,-2.2998637375641e-15,-8.48964136713169e-05,-1.74685547676032e-16,-4.27948923945196e-16,1.40521542797454e-15,-7.39196072576106e-16,-1.20691412515574e-16,8.71901772891422e-16,7.13677463704445e-16,-4.00260105665865e-06,6.40846139856446e-17,8.17784887645314e-16,-5.63874930115684e-16,2.43638859010408e-16,-1.65282662847235e-16,2.61414400323192e-15,-2.92908184047164e-17,-5.25472464496932e-16,2.9507555901072e-15,-3.98166099896614e-15,1.84930661513397e-16,-4.09152064879558e-15,-0.0999999999999985
"t38",0.156108026815799,0.0735176002536211,0.0182534240039274,-0.00527186779746198,0.166983931794757,0.002793483372739,0.0399734125965245,-0.000149440676172216,-0.000610338808270225,0.000859584153756183,-0.170090280372269,-0.00161762585965655,0.00128092725191544,0.000214156581073616,-0.00324088256591791,0.000713696106412952,-3.37419817157229e-05,0.453437428596217,0.000543142976518231,0.00141038062784224,-0.00215877038332782,0.000495904192896393,-0.000656495091960657,7.54048106059385e-05,-0.00893957341817381,-4.31377218456513e-07,0.000213273561756148,-2.02602513101685e-06,1.93863774994603e-06,-0.00414945231298677,-9.91341698904e-06,-2.30241006446698e-05,-1.86098424425945e-06,0.00117959040064692,-0.00154807894598439,-0.029538078333007,2.48388263144132e-05,2.74651798998947e-05,4.95267065079664e-05,-1.14497715629199e-06,0.00299099065345218,1.53547438674592e-05,1.8671941290944e-05,0.00052855173063539,-0.000938166248337192,0.0492595854194753,-4.35460150651694e-05,2.90348171858893e-07,1.15389091722393e-06,-9.02171300968054e-08,-2.85055920318986e-16,2.28412044096192e-06,-1.43269409579813e-15,-0.000333891728317073,3.10055455319967e-05,6.74012458338182e-06,4.65754888102259e-16,-2.16042735997756e-06,0.00280824771898236,1.24788910536237e-15,1.09230459821291e-15,-5.32216701825527e-05,-0.832093718267985,-1.47631898166429e-14,1.47617416808058e-06,5.80471115672141e-15,-6.76995614421161e-15,-2.88564407419203e-05,-7.68716453710517e-06,0.00409942604842578,-2.80626559548098e-16,9.21888522839409e-06,-9.53077118792198e-16,1.34306860913869e-05,-5.00773763376748e-16,-6.2552010426548e-17,-4.12038135103108e-06,-8.16086406694478e-16,-0.000153990866747379,-4.70427521600437e-16,-9.0877536581627e-16,-7.96535939947308e-17,5.07108847976991e-16,3.85169149926222e-16,2.07421246205605e-17,5.55262366551885e-16,-5.93755120757962e-06,-9.4598160918899e-17,-2.09913698897036e-17,-5.976491797398e-16,2.47230111133063e-15,-6.58920133125419e-16,2.23059403993401e-15,1.89030117995636e-16,-4.75868730624674e-16,3.06167347605179e-15,-3.61788101095058e-15,3.13090469285817e-16,-5.03188915586958e-15,-0.1
"t68",0.160216380682145,0.0765842101721101,0.019578937847028,-0.00571361577949931,0.183521047938727,0.00320755868091246,0.0470664186657841,-0.000184117411008048,-0.000815165671936534,0.00118016189013421,-0.279723665932904,-0.00270307030417036,0.00219517279850113,0.000461452221517613,-0.0076129865099346,0.00212622745707589,0.000108892148557676,-0.294854252825534,-0.000301191148345044,-0.000311788068736064,0.000117209313186906,5.6482336788251e-05,-8.39887445128799e-05,9.89252576096174e-06,-0.00206470014776917,-1.30158405109437e-07,8.00831781184678e-05,-7.78502082213497e-07,1.04466876305704e-06,-0.00237715523742708,-6.21523044845816e-06,-1.66063811506574e-05,-1.41452305068115e-06,0.000960782934079632,-0.00153073878026047,-0.0295079484285254,2.78140087207527e-05,3.15199228778783e-05,6.97158679154906e-05,-1.70011745037083e-06,0.0053095883203563,2.7346844028617e-05,3.69637868446201e-05,0.00141797771311581,-0.00364969748683438,0.212832661111051,-0.00352687909770441,-6.55560977458691e-05,-1.49432785561581e-05,9.93242856386131e-07,9.30380570142444e-17,4.93657043253691e-08,-3.98657686617385e-16,-0.000193516941072582,2.42640149828372e-05,1.03816901014496e-05,4.7905353701482e-16,7.20525346502976e-05,-0.320182370124217,2.31115814682665e-15,-6.24855553606823e-16,-5.48419743940967e-06,-0.000798609745632292,-1.86648865269986e-16,1.42978331568855e-07,-1.96867122346879e-15,4.6945379294048e-15,-2.1893884209476e-05,-1.946057696531e-05,0.328827510939886,-3.46920037773415e-16,-1.89923025715615e-06,8.11248679442946e-16,1.26550568556316e-06,8.54057906762765e-16,-2.28055896741663e-16,-5.9184769366687e-07,-3.00491731823843e-16,-2.79920930358839e-05,6.63426818583582e-16,-1.88578410186526e-15,-3.64224420497964e-15,-0.707106781186548,-6.30675569209561e-15,-4.09513818785775e-16,-2.28875825994178e-15,-1.8133099372766e-06,1.59246961109732e-16,-2.30950900280166e-15,-6.32917989553597e-16,-3.71525452091567e-15,7.53285686240288e-17,1.71172299263529e-15,-5.89904473429501e-18,-1.47577423233363e-16,6.33233077846015e-16,-8.10622630878486e-15,1.19211065338788e-15,-4.02765448452712e-15,-0.0999999999999985
"t69",0.160216380682145,0.0765842101721101,0.019578937847028,-0.00571361577949928,0.183521047938727,0.00320755868091251,0.0470664186657842,-0.000184117411008109,-0.000815165671936503,0.00118016189013423,-0.279723665932904,-0.00270307030417021,0.00219517279850132,0.000461452221517654,-0.00761298650993458,0.00212622745707584,0.000108892148557686,-0.294854252825534,-0.000301191148345085,-0.000311788068736059,0.000117209313186794,5.6482336787669e-05,-8.39887445129796e-05,9.89252576119267e-06,-0.00206470014776922,-1.30158405041783e-07,8.00831781185146e-05,-7.78502082322231e-07,1.04466876290323e-06,-0.00237715523742715,-6.21523044840644e-06,-1.66063811506489e-05,-1.41452305072532e-06,0.000960782934079837,-0.00153073878026048,-0.0295079484285255,2.78140087206143e-05,3.15199228780136e-05,6.9715867915415e-05,-1.70011745016923e-06,0.00530958832035576,2.73468440284901e-05,3.6963786844753e-05,0.00141797771311567,-0.00364969748683389,0.212832661111051,-0.00352687909770453,-6.55560977459067e-05,-1.49432785554879e-05,9.93242855977558e-07,4.12804066047739e-16,4.93657060646462e-08,-4.54168837840517e-16,-0.000193516941072947,2.42640149826536e-05,1.03816901018422e-05,8.78907297398383e-16,7.20525346500044e-05,-0.320182370124217,3.08384939789663e-15,-4.96732470421456e-16,-5.48419743956992e-06,-0.000798609745631155,-2.29206430991677e-16,1.429783311821e-07,-4.14358988962624e-16,2.60549718345971e-15,-2.18938842086006e-05,-1.94605769662209e-05,0.328827510939888,-3.30837501871099e-16,-1.89923025862735e-06,7.99389315103928e-16,1.26550570124506e-06,2.57313031010979e-16,5.41973224970444e-16,-5.91847694694531e-07,-5.08607102022194e-16,-2.79920930368517e-05,-8.79296456416082e-16,1.28010000744487e-15,3.03860642034667e-15,0.707106781186547,6.69672171946498e-15,2.89200293857709e-16,2.83214544061354e-15,-1.81330994167548e-06,-2.29764778350549e-16,5.28498603896397e-16,-5.49651291812685e-16,4.50039586082398e-15,-1.18010091472416e-15,3.12584399983462e-15,-1.94878933782837e-15,-5.98640925324924e-16,3.81124648583367e-15,-8.20387709682269e-16,-7.11201322029915e-16,-4.88810124781206e-15,-0.100000000000001
"t50",0.159600174721792,0.0761304928535058,0.019387930720848,-0.00565054356056545,0.181188740854886,0.00315131369015017,0.046122865421852,-0.000179669264520657,-0.000790434784281625,0.00114220081620617,-0.268123904169615,-0.00258923132678701,0.00210058169287998,0.000438426003779215,-0.00721894193010898,0.00200798419083263,0.000101154829948788,-0.27103902959362,-0.000276548608593316,-0.000284701260083075,0.000106577318540522,5.10538303887375e-05,-7.58707401722603e-05,8.93507708874994e-06,-0.00185564152489543,-1.1647410601669e-07,7.12762328074958e-05,-6.92393784513414e-07,9.14769340458926e-07,-0.00207272986027066,-5.37933503467831e-06,-1.41647833216525e-05,-1.19874425328615e-06,0.000806623493226568,-0.00124718514317273,-0.0240017866235806,2.2206029289038e-05,2.50651543467263e-05,5.37469630459384e-05,-1.30111074463755e-06,0.00397551710628689,2.0468344762319e-05,2.73633623248484e-05,0.00102393210309969,-0.00258310931267606,0.150003261851829,-0.0024072648398588,-4.46481285925397e-05,-1.00864679089311e-05,6.69351561298945e-07,1.3928479121515e-16,2.86861093419554e-08,1.2326364386358e-15,-0.000102169481046186,1.23114196762506e-05,4.63992506117447e-06,1.48309626178078e-16,1.80877711853072e-05,-0.0625364569545814,-1.46951341918854e-16,4.26770596034422e-16,4.39297702613673e-07,0.000186741942087359,-4.20340091322982e-16,-1.24771495752677e-07,2.4218228485161e-15,-6.72993004074997e-15,4.64066842550793e-05,4.81000690096945e-05,-0.866549540708223,1.53479500302587e-17,1.01065855522492e-05,-3.77248684752125e-15,7.87567869370287e-06,-2.09314895401578e-15,-3.49738016619925e-16,-2.3063490432098e-06,5.68324736105864e-16,-8.46605827354886e-05,-5.40065144810151e-16,1.50402595751248e-16,1.2184656476212e-15,1.17462010578166e-15,4.00598927858949e-16,-3.98697667006529e-16,3.72231234537655e-17,-3.32274867957666e-06,7.24846119794053e-17,7.56609769778865e-16,-4.68508403696033e-16,1.69309548514444e-15,-5.77222377846189e-16,2.17114618649824e-15,4.52619001829942e-15,-7.51730352819081e-16,2.59465510210139e-15,-2.61664973237715e-15,8.85751942513441e-17,-3.76844436824334e-15,-0.100000000000008
"t36",0.158685741067757,0.0754561482203856,0.0191032327329331,-0.00555644381421343,0.177704747215258,0.00306699111054883,0.0447056200900005,-0.000172967317915582,-0.00075299891135702,0.0010846584294302,-0.250415829845753,-0.00241536020095228,0.0019560009210409,0.000403046749434835,-0.0066126350932912,0.00182550533734342,8.90702136314859e-05,-0.233558618534082,-0.000237734173369211,-0.000241866203913333,8.97127688071911e-05,4.24060541267734e-05,-6.29328844574811e-05,7.40901135885775e-06,-0.00152123462155628,-9.45167432852764e-08,5.70898567964374e-05,-5.53618090677632e-07,7.03074620769677e-07,-0.00157510586059372,-4.00573503370621e-06,-1.01108277648516e-05,-8.3882297243487e-07,0.000547777063890982,-0.000760956558033216,-0.0145489801555116,1.24526337479095e-05,1.3808094879956e-05,2.52951184745711e-05,-5.8661152946309e-07,0.00155064192156672,7.96255619983814e-06,9.77780662392557e-06,0.000289926716658838,-0.000569421931692018,0.0310501952492142,-0.000241932008743778,-4.15415902117742e-06,-6.24185151845691e-07,3.76666929412211e-08,-8.84277116136003e-18,-1.56587093397379e-08,-1.94784480223249e-15,0.000105546966434127,-1.55185569314481e-05,-9.74123566725643e-06,-1.88809282124921e-15,-0.000161014358215463,0.87967929368266,-6.95540804208507e-15,6.73401108508188e-16,4.40784640794104e-05,0.0169238208901491,1.85504321333041e-15,9.02897938593808e-07,-6.55331904894814e-17,-1.85498334112798e-15,-3.08546519594977e-05,-1.56337255419373e-05,0.180331488781505,-1.07822691637421e-16,5.2751088676776e-06,1.03230833893386e-15,9.8864010408678e-06,1.3019386011345e-15,1.75271103401007e-17,-3.11346928069932e-06,2.667568783011e-16,-0.000118231715647459,1.93520819453909e-16,-2.54133388247833e-16,-9.61960509526911e-16,-1.58549424879822e-16,-1.40179872117462e-16,4.15234441827971e-17,2.88623154421237e-17,-4.70501836290663e-06,-7.61301649079075e-17,-3.08232370349597e-16,-4.50919842598963e-16,2.34668306340752e-15,-5.94620019631823e-16,2.99778269699449e-15,-1.79468577911774e-15,-4.63510296782791e-16,2.43630801594053e-15,-4.81464930068668e-15,2.87356173528805e-16,-4.21370302509196e-15,-0.0999999999999952
"t19",0.155598008667883,0.0731727226700662,0.0181341527294403,-0.0052355719405931,0.165797109014357,0.00277683302268592,0.0398113306248015,-0.000149685195402211,-0.000621760081742007,0.000882379710137805,-0.187273759432848,-0.00179475807240431,0.00143915561058519,0.000275194404937874,-0.00441496542189828,0.00115988295486489,4.38102846527337e-05,-0.0907028490470699,-8.95072874427943e-05,-7.67284726286938e-05,2.42188273956688e-05,8.46672691789258e-06,-1.21017658316633e-05,1.41176844688294e-06,-0.000195261689425935,-6.76087284984597e-09,-1.81370062090486e-07,7.37762203573934e-09,-1.78705584068433e-07,0.00051525228248842,1.85137323938595e-06,7.71291536743663e-06,7.66098476522627e-07,-0.000630858732295982,0.00161768700955661,0.0318903735534958,-3.78716962622043e-05,-4.4910222032528e-05,-0.000137288984321563,3.59273534516413e-06,-0.0137255706249571,-7.09230129447611e-05,-0.000105709403691684,-0.00503282235055562,0.0154074715335104,-0.931919697640791,0.0205723400090682,0.000390175435585213,9.67999345913998e-05,-6.53360516526571e-06,-8.02659838798566e-16,2.16952482433815e-05,2.19441435689374e-15,-0.00280591384128046,0.000259268299460882,6.17502881306008e-05,6.23210113993008e-16,9.21195617492057e-05,-0.129460204980249,7.43113666582553e-16,-3.83055748904265e-18,3.22183390215856e-05,0.0154505673342935,-3.07916490508446e-16,1.04626989159739e-06,5.66813482706865e-16,2.30933574476568e-15,-2.87646340418718e-05,-8.4214312381192e-06,0.0171963044391679,-3.05467650104596e-16,9.9441905270056e-06,-7.23854108272751e-17,1.65486108335972e-05,3.09535816637129e-16,1.23027378560137e-16,-5.22246563389595e-06,-2.91504839587176e-16,-0.000198848315216751,-1.28832447356048e-16,-3.51754521159814e-16,-2.2236805932118e-16,-2.12021249930348e-16,6.03518706899641e-17,-8.82249704907285e-17,1.0316540622703e-16,-7.90528729799803e-06,2.45300973835694e-16,-1.34977354016045e-15,-5.99827898770299e-16,1.66752210124364e-15,-7.334896497596e-16,2.59140027478577e-15,-1.01575712746259e-15,-4.6427478674815e-16,1.83713724590318e-15,-2.67947609234781e-15,8.1869150173192e-17,-4.0926274033838e-15,-0.0999999999999991
"t48",0.129136354521707,0.0532355098459394,0.00937046980113309,-0.00229903786087126,0.055111044603844,-4.3817381214453e-05,-0.00884752642293145,8.95920327686332e-05,0.000763306593358194,-0.00124245427500744,0.179190208440587,0.00110452314566979,0.000191185567377754,0.0340212529721295,0.649081649971381,-0.0950698647290329,0.00168494954924664,-0.0245647487567389,0.000459116211207741,0.00462552104093514,-0.00879279796955639,0.00227113395586616,-0.00302565149547105,0.000348011086430773,-0.0425545855429663,-2.07193801698676e-06,0.0010231001051087,-9.7109934323023e-06,8.94870853027371e-06,-0.0188864446978205,-4.39232210291833e-05,-9.57295600117402e-05,-7.47072098012159e-06,0.00444000844852191,-0.00207434072950154,-0.0258029788072317,0.0002587490662568,0.000224756743715104,0.000247664283839357,-5.4353555940091e-06,0.00236095584966074,0.000160760147099076,7.22297761109001e-05,0.00143314097041625,-0.000790021879343055,0.00860187603356485,0.000914492462289898,0.000109101177383533,3.21478893471819e-05,-2.23386214278092e-06,-4.55563837927602e-16,1.90975461376058e-05,4.83818254287409e-16,-0.000619405078513501,0.000280166577970054,7.22385244861345e-05,1.28239188245679e-15,9.50284841940501e-05,-0.00152163558662833,-3.50042374137353e-16,5.33434602989184e-16,5.68513792224194e-05,0.00121250515528684,4.40135921961575e-16,1.93573787360308e-06,1.12208132018443e-15,3.19028683383387e-15,-5.22241087880924e-05,-1.40532499174761e-05,0.000369248287944451,-1.07106434281767e-15,1.92532955001975e-05,0.707106781186547,3.26040707228636e-05,3.50591798159809e-15,-3.01104965389429e-17,-1.04027382152592e-05,9.0413499882687e-16,-0.000400212099389828,3.6850426266435e-16,1.79705703646055e-16,-5.63215877689565e-16,-1.28229640075342e-16,-2.13781107731598e-16,2.617015848076e-16,-1.74162989835045e-16,-1.6594993288874e-05,-3.10770835052691e-16,-1.49201810106971e-16,-6.49680337487001e-16,-5.89436366824793e-16,-9.4671434899584e-16,2.60670405036537e-15,4.83728191683987e-16,-4.21411936871841e-16,1.81996110116644e-15,-4.74014992228512e-15,5.49399959172841e-17,-4.23553718959943e-15,-0.100000000000002
"t49",0.129136354521707,0.0532355098459395,0.00937046980113311,-0.00229903786087124,0.055111044603844,-4.3817381214411e-05,-0.00884752642293141,8.95920327685501e-05,0.000763306593358159,-0.00124245427500735,0.179190208440587,0.00110452314566941,0.000191185567377947,0.0340212529721292,0.649081649971381,-0.0950698647290331,0.00168494954924677,-0.0245647487567388,0.000459116211207984,0.00462552104093501,-0.00879279796955677,0.00227113395586606,-0.00302565149547083,0.000348011086430833,-0.0425545855429664,-2.07193801674303e-06,0.00102310010510862,-9.71099343199504e-06,8.94870853028657e-06,-0.0188864446978205,-4.39232210291203e-05,-9.57295600116224e-05,-7.47072097973001e-06,0.00444000844852209,-0.00207434072950149,-0.0258029788072315,0.000258749066256898,0.000224756743715744,0.000247664283839476,-5.43535559392221e-06,0.00236095584966072,0.000160760147099271,7.222977610878e-05,0.00143314097041618,-0.000790021879342752,0.00860187603356457,0.000914492462290612,0.000109101177383675,3.21478893468764e-05,-2.23386214305632e-06,5.3626431342263e-16,1.9097546137532e-05,-5.98649194718716e-16,-0.00061940507851305,0.000280166577970469,7.2238524484864e-05,-1.08377093877095e-15,9.50284841954963e-05,-0.00152163558662743,1.10039316431305e-17,-5.62910660535637e-16,5.68513792256726e-05,0.00121250515528808,-5.60729207541566e-17,1.9357378755521e-06,-1.38979827301578e-15,-2.65855020585639e-15,-5.22241087890162e-05,-1.40532499080416e-05,0.000369248287950075,4.52891772809594e-16,1.92532955299567e-05,-0.707106781186548,3.26040707138153e-05,-3.90482070776205e-15,-1.49650980575821e-16,-1.04027382272761e-05,-8.51405155918549e-16,-0.000400212099389864,-6.51506613204366e-16,-4.80676191078984e-16,2.16861930913931e-16,-1.46426213534402e-16,3.69086001185096e-16,-3.59978083150171e-16,6.16870915184668e-16,-1.65949932912939e-05,3.55362979742379e-16,-6.76557746803919e-16,-5.10902463789817e-16,3.29634421951489e-15,-3.9161899287801e-16,2.49698796958366e-15,-2.24038986514493e-16,-5.47889435582561e-16,2.46701295770997e-15,-3.07481538534738e-15,3.91826237983374e-16,-4.2338022148124e-15,-0.099999999999998
"t64",0.125650261477437,0.0466909609226269,0.000259248576276805,0.00220613467444532,-0.255146976679239,0.0186229343947921,0.145980851859631,-0.000378450878294925,-0.00113810310344966,0.00145706486750717,-0.0205437577503779,0.00018163932506151,-0.000691357588065067,-0.00606794942216163,-0.0598528882081848,-0.279043709096536,0.000212299465737586,-0.000853937983675513,0.000130766322808312,0.00164591463685541,-0.00385330660551297,0.00145972027126784,-0.00204521280811568,0.000238180522603678,-0.0551717783432261,-0.000287610467949072,-0.000706265544469029,5.65294634727392e-06,0.5338478430648,-0.00163389306910069,-7.01897141358192e-06,-2.90685012508495e-05,-3.24841343844282e-06,0.0498462750579791,-0.000167202261025394,-0.000684309537910394,6.57615455567014e-05,5.87123391236486e-05,8.29706497412708e-05,-1.94645462607545e-06,0.000196127384417427,8.4436870314142e-05,4.26523088454726e-05,0.11316469952151,0.000155550218873473,-0.000229142196917957,1.39609265726521e-05,1.01210752945043e-05,3.73377598668355e-06,-2.67507067475815e-07,-4.0864695780066e-16,4.51200127838875e-06,-3.27383058983991e-16,-3.09544156978438e-05,0.00146276169808775,1.99418826929659e-05,-1.00617365611905e-16,2.85205053614699e-05,-9.24764085613456e-05,-4.48710946641859e-16,-4.77543405577182e-17,1.80895349123132e-05,7.92273005892251e-05,4.231809839926e-16,6.4516334093537e-07,-1.0291882109228e-15,-5.74271218832317e-16,-1.77787003744335e-05,-4.79516984660368e-06,2.60253223922915e-05,-5.31353686125034e-16,6.65976749649602e-06,-5.767793915789e-16,1.16313703470289e-05,-3.33059260047656e-15,8.57664448967417e-16,-3.75861283896905e-06,4.68231996992016e-16,-0.000146323194672898,1.44646583597939e-15,0.707106781186547,8.12818992209241e-15,-1.35157602148383e-15,-2.07202518849393e-16,-1.06990404555067e-15,1.16175005411031e-15,-6.38553995277641e-06,2.05373393483121e-16,1.99014112110346e-15,-1.40437902411898e-15,1.03317882732498e-15,-4.94192370977833e-16,2.16886715412954e-15,-2.14979009956546e-15,-8.04422072490729e-16,-9.08565000515738e-16,-7.36090416302361e-15,5.1019317278578e-16,-4.2126782308108e-15,-0.100000000000002
"t65",0.125650261477437,0.0466909609226269,0.00025924857627678,0.00220613467444529,-0.255146976679239,0.0186229343947921,0.145980851859631,-0.000378450878294937,-0.00113810310344976,0.00145706486750712,-0.0205437577503778,0.00018163932506151,-0.000691357588064965,-0.00606794942216166,-0.0598528882081848,-0.279043709096536,0.000212299465737386,-0.00085393798367551,0.000130766322808229,0.00164591463685551,-0.00385330660551288,0.001459720271268,-0.00204521280811568,0.000238180522603835,-0.055171778343226,-0.000287610467949331,-0.000706265544468896,5.65294634715542e-06,0.5338478430648,-0.00163389306910078,-7.01897141367306e-06,-2.90685012510786e-05,-3.24841343838051e-06,0.0498462750579792,-0.000167202261025415,-0.000684309537910074,6.57615455564141e-05,5.87123391238701e-05,8.29706497412309e-05,-1.94645462613017e-06,0.0001961273844179,8.44368703141295e-05,4.26523088466015e-05,0.11316469952151,0.000155550218873602,-0.000229142196917704,1.396092657269e-05,1.01210752941116e-05,3.73377598625859e-06,-2.67507067550291e-07,-6.58495050477764e-16,4.51200127942836e-06,-3.59495150224678e-17,-3.09544156977241e-05,0.00146276169808843,1.99418826930769e-05,2.42857882894459e-16,2.85205053594411e-05,-9.24764085613186e-05,3.52468478515496e-16,-1.91255354562134e-17,1.80895349119113e-05,7.922730059047e-05,-2.37188367024385e-16,6.45163339366513e-07,1.27452456516391e-15,4.7263439891968e-16,-1.77787003726432e-05,-4.79516984883631e-06,2.60253223917518e-05,2.46910392736247e-16,6.65976749504672e-06,1.9092256549704e-16,1.16313703484583e-05,3.46995710623139e-15,-8.75979982501631e-16,-3.75861285169856e-06,-4.61585443327412e-16,-0.000146323194671529,-1.86222101217416e-15,-0.707106781186548,-8.52190125460477e-15,1.10902854775854e-15,6.62763959904449e-16,8.40758617003125e-16,-8.64406965645388e-16,-6.38553994864701e-06,3.26804036763303e-16,-3.03708751227733e-15,1.39524888047092e-16,1.39400131059513e-15,-8.39840122064224e-16,2.79544691991533e-15,2.01354624277887e-15,-7.10390083428693e-17,4.85071693972873e-15,-1.38304706480753e-15,-1.80542696433928e-16,-4.06001268193568e-15,-0.0999999999999994
"t14",0.124301297716231,0.0459138222675213,0.000252057463497372,0.00213661145712582,-0.245841308888447,0.0176713002127547,0.137383707888618,-0.000351233457360481,-0.00103323366358055,0.00131386429253468,-0.017859834789605,0.000157487961461762,-0.000596998338320022,-0.00508704441296613,-0.0497549017028022,-0.227815350569081,0.000159989308300872,-0.000608154575727178,9.25417453253724e-05,0.00112941342924209,-0.00258323879623392,0.000948666055736971,-0.00132532269479041,0.000154239347894879,-0.0350094554959731,-0.00018086427072318,-0.000451053404620747,3.63253563819018e-06,-0.145163322375601,-0.000130109672307421,-1.11787080961768e-06,-2.95740869672446e-06,-1.71229291756523e-07,-0.00158236998774738,6.63704874117782e-05,0.000288772958459,-4.8984240296561e-05,-4.84670851787957e-05,-0.000138744633572366,3.80162139273531e-06,-0.00061193830753943,-0.000265572630796053,-0.000172593864802971,-0.903167012393356,-0.002946112559951,0.00576609709790687,0.000328709033167835,0.000214780443932761,5.71328931459822e-05,-3.90843527328993e-06,1.50890867587379e-15,1.89923239021207e-05,1.16380120648048e-15,-0.000107148997704058,0.00480648164768699,5.85984955578357e-05,6.84834663631404e-17,7.02544271051876e-05,-0.00022159762048098,-6.6753990884784e-18,4.10151498861043e-17,3.99161560572728e-05,0.000170312539362576,-4.15026962462579e-17,1.31148062034378e-06,1.62488848451698e-17,7.35391911043152e-16,-3.48027078148077e-05,-9.33638107416576e-06,5.05648633960005e-05,-4.38939982877033e-16,1.27017679212633e-05,-1.80817658073573e-16,2.11102357088738e-05,-1.0522764892699e-16,-1.28834300098743e-16,-6.69037863353241e-06,2.95709943583406e-16,-0.000255910666467085,-4.56049001027813e-16,-1.95681083901274e-16,-2.63541875306874e-16,-2.79633366201417e-16,-1.47595662517213e-16,-4.39955707567233e-17,3.71945490946225e-16,-1.04055538896785e-05,-9.52724238234954e-17,-3.76869715442945e-16,-6.03729901750952e-16,1.25109196433011e-15,-5.89113523564397e-16,2.44275478310709e-15,-7.27166987579824e-16,-4.94903480343498e-16,3.26267646930706e-15,-2.25148150379509e-15,3.61676632340223e-16,-4.7618300789077e-15,-0.100000000000002
"t66",0.126061184283158,0.0469288745756085,0.00026147130293709,0.00222769588027882,-0.258045833966188,0.0189234393550796,0.148716132050441,-0.000387224051455704,-0.00117264097231989,0.00150455089829483,-0.0214691404254986,0.000189991392286183,-0.000724139662539863,-0.00642089278897596,-0.0635249103421881,-0.298114908193108,0.000234318902207266,-0.000969913225934646,0.000149074074804398,0.00191438267109604,-0.00456525403196191,0.00178755504499314,-0.00251449389930083,0.000293112737040303,-0.0705998065392867,-0.000385893224323569,-0.00104015828546796,8.46870308907488e-06,-0.452061701419613,-0.000449011846684088,-4.79429970485296e-06,-2.61459033813553e-05,-3.07154208503538e-06,0.0496131920264907,-0.000185867246466061,-0.000764840877279642,7.8156076318604e-05,7.07386020881148e-05,0.00011321109257286,-2.75441274444567e-06,0.000317950596692467,0.000137254981984489,7.60256444042945e-05,0.27853006298066,0.000675465051149871,-0.00123958622303282,-4.09766020067798e-05,-2.56731629035837e-05,-5.68000017292022e-06,3.75223964807205e-07,-4.84175058899359e-16,1.75144472748739e-06,-2.06853056841779e-16,-1.60672058955119e-05,0.00080452383002784,1.21957786967779e-05,3.93435131699493e-18,1.9875028915046e-05,-6.55704876676399e-05,1.44292211901728e-16,3.51931292557725e-16,1.34550655042261e-05,5.9763417196517e-05,6.03522747550404e-16,5.00718415796931e-07,8.69982613837487e-17,1.9063791649592e-16,-1.40500341780575e-05,-3.79903126861422e-06,2.06392211804404e-05,1.24377379298734e-16,5.32658446964484e-06,2.62638691156952e-16,9.50856559982227e-06,-3.13686089298287e-16,-1.44240683069245e-15,-3.09803114967923e-06,-1.35202556135915e-15,-0.000121491023506979,1.70504148635046e-15,-7.56417111006353e-15,0.707106781186547,-3.42449193449427e-15,1.71945877495158e-15,2.40004530256165e-15,-3.2569552918188e-16,-5.45235955853449e-06,-6.81305512775221e-18,6.56106070340939e-16,1.05926852612534e-16,-5.84532107804295e-16,-5.84663583473997e-16,2.02007531242347e-15,1.4834933751167e-15,-2.76091295260295e-16,3.87618794894592e-15,-3.17982904436201e-15,7.1183507522996e-18,-4.2526139846319e-15,-0.1
"t67",0.126061184283158,0.0469288745756084,0.00026147130293709,0.00222769588027881,-0.258045833966188,0.0189234393550796,0.148716132050441,-0.000387224051455675,-0.00117264097231993,0.00150455089829478,-0.0214691404254987,0.000189991392286523,-0.00072413966253992,-0.00642089278897607,-0.0635249103421881,-0.298114908193108,0.000234318902207326,-0.000969913225934775,0.000149074074804023,0.00191438267109618,-0.00456525403196191,0.00178755504499303,-0.00251449389930097,0.000293112737040455,-0.0705998065392869,-0.000385893224323751,-0.00104015828546784,8.46870308888816e-06,-0.452061701419613,-0.000449011846684195,-4.79429970488849e-06,-2.61459033815522e-05,-3.07154208488992e-06,0.0496131920264909,-0.000185867246466324,-0.000764840877279453,7.81560763188347e-05,7.07386020879664e-05,0.000113211092572973,-2.75441274438689e-06,0.000317950596692888,0.000137254981984363,7.60256444042663e-05,0.27853006298066,0.000675465051150156,-0.00123958622303258,-4.09766020072111e-05,-2.56731629036665e-05,-5.68000017274392e-06,3.75223964467172e-07,2.65184982519715e-16,1.75144472796034e-06,-8.3829240209885e-16,-1.60672058956433e-05,0.000804523830027855,1.21957786966827e-05,-2.72906710782791e-17,1.98750289150993e-05,-6.55704876685788e-05,-6.12011784035759e-16,-3.96725808525106e-16,1.34550655067127e-05,5.97634171963664e-05,-4.84794504837677e-16,5.00718416615223e-07,-2.5994643381753e-16,-8.09430167404707e-16,-1.40500341780683e-05,-3.79903127007472e-06,2.0639221178414e-05,-3.84523077180148e-16,5.32658447136315e-06,-6.67492454178512e-16,9.50856562513536e-06,5.65385032160044e-16,1.67272762427107e-15,-3.09803115755911e-06,1.07658275794528e-15,-0.00012149102350855,-1.68116694654931e-15,7.42414631744459e-15,-0.707106781186548,3.01687522780881e-15,-1.1392553030275e-15,-2.70014414419712e-15,5.6248289063932e-16,-5.45235956431892e-06,2.27374614109046e-16,-1.50882882767811e-15,-1.02261917815263e-15,2.9126704199435e-15,-6.00214806428134e-16,2.92622894916811e-15,-1.73615339629628e-15,-5.3636400896116e-16,5.03885511648306e-16,-5.84609902693837e-15,2.40386483291622e-16,-3.96117430839178e-15,-0.0999999999999985
"t4",0.119832936505103,0.043306813060982,0.000227330842030082,0.00189546570567798,-0.213184511065374,0.0142080172537933,0.105442476859402,-0.000246300335670899,-0.000601720166618075,0.000711456643764184,-0.00481195170312489,3.85512313600331e-05,-0.000122690400283778,0.000891133874082393,0.0167243681967632,0.197263603925801,0.0002127726479248,-0.000107625335431043,8.27760979584674e-06,-0.000364730923886516,0.00166951461413253,-0.00109148539589805,0.00159824326031599,-0.000188043655653425,0.0599761903816175,0.000399350181567045,0.00131749353006531,-1.09773301668868e-05,0.00512056081067879,0.00313767653619437,2.39801575270491e-05,0.000202462520036989,3.18778765384639e-05,-0.933261319815532,-0.00313636761805852,-0.0118013409930568,0.000624250639489912,0.000512261428956637,0.000445843086837141,-9.49120522978222e-06,0.000695034291900718,0.000297362177100905,0.000120035624160287,0.0521070459393448,-0.000791896816933242,0.00186545315613118,0.000210412805641982,0.00014102677711778,4.11242534766122e-05,-2.85428119207654e-06,6.22007519846411e-17,2.29411861160334e-05,-2.39456096369094e-17,-0.00014271767563409,0.0169392550438946,8.13264536017226e-05,2.68786313210404e-16,0.000104245332286195,-0.000331704076347848,2.44915644436604e-16,-5.96578811845885e-17,6.11666716042926e-05,0.000262684105770232,-1.97067934557909e-17,2.04758263875777e-06,3.61003272681703e-16,2.80577179440691e-16,-5.47054848880281e-05,-1.46882710757057e-05,7.9576578164369e-05,-2.96532827419382e-16,2.00438407690908e-05,-4.41704676670858e-16,3.34981123455841e-05,-2.28991885777311e-16,4.76843003437722e-17,-1.06316174846191e-05,-6.92224071964566e-17,-0.000407033006327402,-5.67086217345465e-17,-1.66231811522193e-16,-2.52543584243475e-16,-7.72223008530017e-18,-1.0678373836761e-16,-1.61935172639682e-16,2.47014276293302e-16,-1.65409990652217e-05,-1.84937363591453e-16,-8.16697928123164e-16,-7.3949053629163e-16,1.02093988381902e-15,-6.43506547524853e-16,2.64129784919072e-15,-5.33580995558097e-17,-5.19527469978404e-16,2.56654023114888e-15,-3.50533496293363e-15,2.60544302715533e-16,-4.20666403245722e-15,-0.0999999999999979
"t30",0.123286660407553,0.0452809973786175,0.000245283638205438,0.00206784845791366,-0.236032721458564,0.0164632431225856,0.125337229762383,-0.000306201582885388,-0.000806973577613454,0.000977982169355593,-0.00765509916636854,6.20489989196296e-05,-0.000201073059433202,0.00168586044447298,0.033116149202206,0.434216347879879,0.000963584889132414,-0.00249956650146241,0.000373831950400978,0.0043241379517583,-0.00972526336685546,0.00357015518022005,-0.00499341008237682,0.000581301665866171,-0.134097478649894,-0.000707535790061721,-0.00181755811348922,1.46900457380746e-05,-0.00385941404750889,-0.00205989551872378,-1.25015161622582e-05,-6.78662316660039e-05,-8.74481633394703e-06,0.188496809432727,0.000145176300746852,0.000470137508621275,1.37684269645713e-05,1.70261728417939e-05,4.64695741114658e-05,-1.11805455183469e-06,0.000106478840836956,4.5713944613119e-05,2.03125999098907e-05,0.0104269437723373,-0.00017581134425767,0.000422223875867915,5.41438063221705e-05,3.6571320376587e-05,1.10007862854394e-05,-7.67649213996015e-07,-3.91888808049806e-18,9.91090077313186e-06,-2.75095484685514e-15,-0.000133901528294423,0.39692075564505,3.12880409524233e-06,3.06145320763211e-15,2.64277505835301e-05,-8.93107665308035e-05,0.707106781186547,3.68454804474764e-16,1.89382481561377e-05,8.43854655462891e-05,2.79655806108925e-15,7.07172921031585e-07,1.34588189377111e-15,1.3963736260005e-17,-1.97766432534003e-05,-5.34398853738917e-06,2.90248548338585e-05,4.10809889685051e-17,7.47158042198522e-06,2.41987940488564e-17,1.32234083320137e-05,2.53504729953954e-15,-5.54401841205755e-16,-4.29146408154339e-06,4.72464152942371e-17,-0.000167654596524268,-2.02149823636198e-16,4.73965296227146e-16,-4.40933468731734e-16,-5.02780625647827e-16,5.57007488387591e-16,-1.71940410547915e-17,-1.85807446652113e-16,-7.39638884520894e-06,1.24304940248478e-16,-4.99210267943251e-16,-7.17834763144022e-16,1.23170782518279e-15,-6.96786553487422e-16,2.47045007843248e-15,9.71192062569534e-16,-5.0292595787097e-16,1.88799630493838e-15,-2.88702680220793e-15,3.07075216134273e-16,-4.28112312943929e-15,-0.100000000000001
"t31",0.123286660407553,0.0452809973786176,0.000245283638205424,0.00206784845791368,-0.236032721458564,0.0164632431225856,0.125337229762383,-0.000306201582885456,-0.000806973577613451,0.000977982169355561,-0.00765509916636859,6.20489989196712e-05,-0.000201073059433036,0.00168586044447289,0.0331161492022058,0.434216347879879,0.00096358488913225,-0.00249956650146251,0.000373831950401096,0.00432413795175841,-0.00972526336685554,0.00357015518021993,-0.00499341008237698,0.000581301665865931,-0.134097478649894,-0.0007075357900618,-0.001817558113489,1.46900457381249e-05,-0.00385941404750867,-0.00205989551872382,-1.25015161622622e-05,-6.78662316660558e-05,-8.7448163338898e-06,0.188496809432726,0.000145176300746952,0.000470137508621681,1.37684269644049e-05,1.70261728411249e-05,4.6469574111475e-05,-1.11805455192947e-06,0.000106478840837159,4.57139446135354e-05,2.0312599912042e-05,0.0104269437723371,-0.000175811344258649,0.000422223875868153,5.41438063222445e-05,3.65713203764525e-05,1.10007862881658e-05,-7.67649213531812e-07,6.13642669279193e-16,9.91090077735576e-06,-1.21052040018918e-15,-0.000133901528294489,0.396920755645048,3.12880409516156e-06,-3.43335148642055e-15,2.64277505854017e-05,-8.93107665419708e-05,-0.707106781186548,1.18654622279485e-16,1.89382481552343e-05,8.43854655439074e-05,-2.14365732439197e-15,7.07172922212278e-07,-1.67947584833203e-15,-1.65397288589168e-15,-1.97766432530515e-05,-5.34398854216918e-06,2.90248548347929e-05,1.33254210699702e-17,7.4715804192578e-06,-4.70012785684961e-16,1.32234083351501e-05,-1.76880164435917e-15,3.64914354913796e-16,-4.29146407674406e-06,-1.57450954512314e-16,-0.000167654596524176,1.72550454070487e-16,-3.50641301407615e-16,3.6295895898338e-16,2.59110014661855e-16,1.40673851773241e-16,-2.59934576740123e-17,4.24815216890872e-16,-7.39638884510443e-06,6.53243420652663e-17,-3.22268473393616e-16,-4.68034583170207e-16,1.27334118857924e-15,-4.19232787221545e-16,2.51099999180236e-15,-5.41486808482253e-16,-3.86559968546765e-16,1.77697400247757e-15,-2.51232653139694e-15,2.50844126293445e-16,-4.18397860471158e-15,-0.0999999999999994
"t24",0.122998417091233,0.0451172942628367,0.000243812950028812,0.00205378540919667,-0.234178910035962,0.0162832015424652,0.123762680507304,-0.000301529324978164,-0.000791325177458524,0.00095780366126923,-0.00744771302075927,6.03396336256654e-05,-0.000195394408077704,0.00162996745172441,0.0319729966789447,0.417985133543449,0.00091606417333987,-0.00235651171614096,0.00035211040045894,0.00405440330276069,-0.00908649818945252,0.0033187155171578,-0.00463930443376312,0.000540011898801761,-0.124032465132034,-0.000651907455843014,-0.00166642144417041,1.3459662876323e-05,-0.00348415347012931,-0.00185177953382627,-1.11542911930648e-05,-5.96191611757058e-05,-7.6267768118005e-06,0.162627079247081,0.00012058971714868,0.000389628072890426,1.11093552099716e-05,1.3655410121952e-05,3.53890917194224e-05,-8.39939237976841e-07,7.65249716639444e-05,3.28282629449522e-05,1.42305765255771e-05,0.00685944218328495,-0.000108964622974567,0.000258133554471325,2.93053357880479e-05,1.96056578615434e-05,5.65637383713817e-06,-3.91629838277781e-07,-6.9303814144505e-16,-9.10080971258093e-07,4.20503888121106e-15,0.000150549637584778,-0.827393262836882,7.51186119460515e-05,5.14342031354963e-16,5.83852269743187e-05,-0.000180431311819661,5.70712707374381e-16,-6.06854269987292e-16,3.15207217517811e-05,0.000134133927758182,-3.15361553618761e-16,1.03543435544819e-06,4.24605037151028e-16,1.5675802516449e-15,-2.76623116790908e-05,-7.43003710519628e-06,4.02606342360281e-05,-8.705991796331e-16,1.01621924482829e-05,-6.05546115236065e-16,1.71634421713279e-05,-9.1671245036424e-16,2.44227661451749e-16,-5.47994145715927e-06,-3.45188857044587e-18,-0.000211118280550701,-3.42337008552978e-16,-5.2805835967224e-16,-4.96473669326814e-17,-3.0603419527211e-16,-1.57790375793434e-16,-1.45738829478401e-16,3.36397064297367e-16,-8.86706698591211e-06,-5.06962532453168e-17,-5.02273803084666e-17,-2.48078847710873e-16,1.34562143520738e-15,-5.41600881537944e-16,2.26680905580408e-15,-8.49007178310809e-16,-5.02462108345429e-16,2.70857803343445e-15,-5.40326340323494e-15,3.25137536890161e-17,-4.26329978111601e-15,-0.0999999999999993
"t2",0.111092333316623,0.0382472808130256,0.000180133765434983,0.00143805183938352,-0.15178001720436,0.00788795908412759,0.0482467172816896,-6.53386719196103e-05,8.58732792950101e-05,-0.000219210222377085,0.0106635993163037,-9.8380133743154e-05,0.000396871745754953,0.00416761911707563,0.0385060718207665,0.0702847155954734,-0.00146644174294994,0.00655198307410116,-0.00103176160689115,-0.0151937117118133,0.0409041039166803,-0.0194483957850075,0.027944928526413,-0.00327409174873944,0.951407402217526,0.00626562537499175,0.0222611063707052,-0.000188867686983619,-0.0123624879840259,-0.116608362227009,-0.000232837781078527,-0.000432198359459787,-3.38300604826872e-05,0.144811014447051,-0.0031179002358717,-0.012106269765554,0.000801183212227189,0.000677025021465864,0.000672746431948497,-1.45494811915836e-05,0.00108871207589121,0.000465788489887063,0.000186238492184133,0.0217299825420179,-0.00158499200813094,0.00365486902581416,0.000393959395735885,0.000263837709125613,7.67554346587256e-05,-5.32571124820842e-06,7.89131262437824e-17,4.27643177884595e-05,1.5696004114115e-16,-0.000261779980098945,0.00342526890919233,0.000154985835877514,-1.81687079289719e-17,0.000197564167209413,-0.000628407348672341,-1.68208238831057e-16,-5.38045563493435e-17,0.00011571835402377,0.000496655851805902,-8.83373097137172e-17,3.86458530073452e-06,-1.92822770144345e-16,1.71110777666274e-16,-0.000103082864417021,-2.7670059119011e-05,0.000149891741984095,-1.94525741076387e-16,3.77167519364856e-05,-4.38274147186127e-16,6.28208591271495e-05,8.5448650230278e-17,-4.31791056809702e-17,-1.99053469529328e-05,3.16230148009932e-17,-0.000760809012545006,-2.04844232890026e-16,-7.15303251164151e-17,-2.16813962627211e-16,-1.52372479657564e-16,4.65586033202544e-16,-1.60662927864287e-16,-1.89484400612167e-17,-3.06466431833075e-05,7.09909024729914e-17,-6.94666824577292e-17,-4.36736215482747e-16,1.30155806059022e-15,-7.0880471890462e-16,2.56536193952293e-15,4.07543799631065e-18,-4.9990255464977e-16,2.21131044804167e-15,-3.44870524752992e-15,1.56846930219424e-16,-4.26114215204485e-15,-0.1
"t87",0.114631411347928,0.039560144711942,0.000131718183695145,0.00131829849062712,-0.114459021873729,-0.010510295414601,-0.442712468604023,-0.00200007646920762,-0.00260123195550004,0.00302951621301739,-0.0305063410925677,0.000267163299141039,-0.000975169847290509,-0.00567764229996692,-0.0437680369490099,-0.00882709500776606,0.00085265037455181,-0.0023808948829707,0.000357755774248451,0.00401779996365801,-0.00850388141961861,0.002572485225803,-0.00348448415553838,0.000402371680512763,-0.0566939719602302,-9.25608727718984e-07,0.00194511097011319,-1.90195405516062e-05,5.53171331863827e-05,-0.31913226758148,0.000342376811544009,0.000172982568788513,9.62426487870024e-06,-0.00382861584321303,0.000388852357340289,0.00143480153459773,-5.67833165303494e-05,-4.25472209866258e-05,-1.01202672294988e-05,-0.00603775209820189,1.63623126626067e-05,7.18922503920313e-06,4.54325696476891e-06,0.000146962891936247,-8.96954241794099e-05,0.000213075252769874,2.87531425352475e-05,1.96088984672758e-05,5.9851364643491e-06,-4.18646950921727e-07,-5.05431754244287e-17,5.11113733748863e-06,3.99445678720323e-16,-3.51387399323429e-05,8.53774767357344e-05,2.38116739442748e-05,-3.97776320688965e-16,3.59742076948421e-05,-0.000117469910112657,-9.28919802365174e-17,9.25460111590979e-17,2.42407192052898e-05,0.000107762037789211,8.74109366934572e-18,9.35877735422232e-07,-4.81480492678442e-16,-1.60569339023336e-15,-2.7458654578785e-05,-7.49293304683369e-06,4.06484346905222e-05,-1.3344210580477e-16,1.09959865641776e-05,-3.24537586157875e-16,2.60070086340047e-05,-9.57169397538367e-16,1.46994910009004e-15,-1.25404001285336e-05,-1.5921995303902e-15,-0.397339809999041,-1.0347256442297e-14,-2.58795987823133e-16,8.20653071305514e-16,-1.15448236346718e-15,3.01942572460693e-16,-2.77801432269479e-16,1.5930570971295e-16,-4.87384954465285e-06,-2.61817143806762e-15,-1.92804263457398e-15,1.60080486646602e-15,3.77438268534922e-14,2.88336545575547e-16,0.70710678118655,6.44580812811794e-15,-2.55286027558266e-15,7.96999091270315e-15,1.28947334582703e-14,1.36885213749678e-15,-2.98330167023199e-15,-0.0999999999999787
"t88",0.114631411347928,0.039560144711942,0.000131718183695141,0.00131829849062711,-0.114459021873729,-0.010510295414601,-0.442712468604023,-0.00200007646920763,-0.0026012319555001,0.00302951621301744,-0.0305063410925677,0.000267163299140605,-0.000975169847290426,-0.0056776422999669,-0.0437680369490098,-0.00882709500776614,0.000852650374552194,-0.00238089488297073,0.000357755774249055,0.00401779996365798,-0.00850388141961853,0.00257248522580364,-0.00348448415553757,0.000402371680512899,-0.05669397196023,-9.25608728141389e-07,0.00194511097011286,-1.90195405514675e-05,5.53171331863971e-05,-0.31913226758148,0.000342376811544097,0.000172982568788287,9.62426487856977e-06,-0.00382861584321324,0.000388852357340373,0.00143480153459781,-5.67833165304217e-05,-4.25472209869578e-05,-1.01202672294855e-05,-0.00603775209820137,1.63623126621537e-05,7.18922503938737e-06,4.54325696497778e-06,0.000146962891936267,-8.96954241795872e-05,0.00021307525276964,2.87531425354204e-05,1.96088984674876e-05,5.98513646430386e-06,-4.18646950822934e-07,4.98889624285406e-17,5.11113733723997e-06,5.94398775754285e-17,-3.51387399322765e-05,8.53774767361663e-05,2.38116739443984e-05,-4.53287274323501e-16,3.59742076948075e-05,-0.000117469910111946,-1.23957380238957e-16,-2.06759724910649e-16,2.42407192055491e-05,0.000107762037789621,-1.00444519609711e-16,9.35877735617042e-07,7.08539812374727e-16,1.28036128529946e-17,-2.7458654578716e-05,-7.49293304666775e-06,4.0648434690861e-05,-3.2391886204372e-16,1.09959865625125e-05,-2.28449561481217e-16,2.60070086225833e-05,-2.88054405164119e-15,1.50815414826599e-15,-1.25404001228261e-05,-1.93434724272268e-15,-0.397339809999042,-1.04573238717364e-14,-8.90325695544484e-16,-8.09129306319423e-17,2.9316297855642e-16,-1.20748137654179e-15,2.28000897893182e-16,1.4152454947785e-15,-4.87384955774531e-06,1.3146635175642e-15,1.30548192464678e-15,-3.08988532501036e-15,-3.32445272349653e-14,-1.56031968353042e-15,-0.707106781186545,-3.8237548496648e-15,1.69632103753477e-15,-1.18934904046437e-15,-2.19194319811082e-14,-7.09386541368775e-16,-5.79860412349809e-15,-0.100000000000014
"t63",0.114269805775715,0.0393682194178891,0.000130668941388382,0.00130642742430732,-0.113273930233607,-0.0103606892874613,-0.435521560084603,-0.00196104623352309,-0.00253778033318219,0.00295127238047564,-0.0294975540836853,0.000258195352258784,-0.000941701667527633,-0.00545311926724768,-0.0419751513594984,-0.00843968874079587,0.000805370291109908,-0.00223186759759387,0.000335089390591764,0.00374848030053837,-0.00791032160961976,0.00238296783880536,-0.00322642038701312,0.000372534601710108,-0.0523097221464823,-8.51488691354374e-07,0.00178273985257007,-1.74233968424733e-05,5.01481184400381e-05,-0.288499053555107,0.00030801578642211,0.000154166602399015,8.54219687145315e-06,-0.0033782763188791,0.000336920628872074,0.00124195044739716,-4.8618289520862e-05,-3.63462957560447e-05,-8.4964389034504e-06,-0.00504874858205448,1.35233180145454e-05,5.94070624942281e-06,3.73278113478242e-06,0.000119232291082126,-7.20558350675257e-05,0.000170824450473388,2.27056062103608e-05,1.54691557479391e-05,4.70225699424459e-06,-3.28673854323086e-07,-2.42227576734012e-17,3.77561288932272e-06,-2.30041863639448e-17,-2.51002839041349e-05,6.02138007969465e-05,1.61873095472342e-05,9.41833035160941e-16,2.18566020307947e-05,-6.92431969596631e-05,-3.99741111035773e-17,3.25699641250957e-17,1.24191837696763e-05,5.13515743083152e-05,2.36439239851972e-16,3.41370248294374e-07,-5.21861686252928e-16,1.92610611647978e-15,-6.57315283403679e-06,-1.61707437746836e-06,8.37361219566698e-06,-1.35739190099723e-16,1.15482554971335e-06,-2.83776849372021e-16,-1.15592977185108e-05,3.76130516993484e-15,-3.14201014163912e-15,1.22732937651146e-05,3.62081524862452e-15,0.826989728977696,2.1182749170403e-14,6.10962790059062e-16,-9.60841642000013e-16,4.04117742221276e-16,1.44263003280186e-15,-2.1386934987805e-16,-9.86665953881081e-16,-1.39774674726315e-05,1.88785131914023e-15,-4.69496304424373e-16,-4.09128559672465e-17,-9.17078666190695e-16,-6.41613342193247e-16,2.26787341300746e-15,-2.53875530267212e-15,-4.90418088872742e-16,7.51318805568753e-16,-2.5515019269545e-15,-1.62182612262356e-16,-3.9449558440288e-15,-0.100000000000009
"t6",0.109843611084389,0.036994323342738,0.00011743614745497,0.00115572496490821,-0.0980993272778231,-0.00839624179313969,-0.339837400079097,-0.00143014385173726,-0.00164507012194727,0.00183922853356839,-0.0143823564732835,0.000123319388797595,-0.000435480805676734,-0.0019174020394716,-0.0134225136172232,-0.00212291992430863,-4.57776808780444e-05,0.00063528320862328,-0.000104220787266435,-0.00166409282427689,0.00435974419521112,-0.00169807211271403,0.00235411410141664,-0.000273325187322498,0.0459741166071467,8.62846745854334e-07,-0.00212645397609882,2.12116691267285e-05,-9.12659928569544e-05,0.579803408264779,-0.000730274852138321,-0.000497196003679633,-3.1447971007749e-05,0.0150317426951981,-0.00281077508741314,-0.0107593560649169,0.000669021341013973,0.000559731789836103,0.000524357721663277,0.715622515474049,0.000829301379759092,0.000356779212031556,0.000140602924600178,0.00262388886913413,-0.00124361439110165,0.00283291456126123,0.00029898657870699,0.000201242897643487,5.83833876656626e-05,-4.04917824817171e-06,6.72462122431756e-17,3.19664056727363e-05,7.10392814000989e-16,-0.00019362597063832,0.000452824436678537,0.000115432875131467,8.34408352923834e-17,0.000146852592820791,-0.000464548488437988,-1.70934659711208e-16,-1.57392320448447e-16,8.60450093141449e-05,0.000367443373739331,2.89067149411109e-17,2.87824612393807e-06,8.92769853019149e-16,-3.45304723875192e-16,-7.68866090961762e-05,-2.06439190540973e-05,0.000111249571619296,-2.42659238949709e-16,2.81750372545273e-05,-2.35799933650675e-16,4.72335657923512e-05,1.05815016176817e-16,1.32514348091769e-16,-1.51125861411271e-05,-9.99905898420912e-17,-0.0130973635003642,-4.35620505999055e-16,-2.81405093698912e-16,-1.12671532849728e-16,-2.18246072935709e-16,2.33105061140052e-16,-7.51515862656864e-17,3.90551955029631e-17,-2.29271616941773e-05,-2.31251214058999e-16,-5.7934679154774e-16,-5.53631658859065e-16,1.18346600062362e-15,-4.67192728442077e-16,2.86175625806562e-15,-1.30755099145312e-15,-6.47121847143691e-16,2.15964494347627e-15,-3.27459407184663e-15,5.88775539532441e-17,-4.44138250257955e-15,-0.0999999999999977
"t5",0.109731081513449,0.0369339937082114,0.000117100086672339,0.00115189859588579,-0.0977141547940726,-0.008346420538283,-0.337411740517416,-0.00141669423172481,-0.00162247672749205,0.00181109192572647,-0.0140004300512474,0.000119911683666821,-0.000422692588813342,-0.00182816087287984,-0.012702011056361,-0.00196359303339929,-6.72137780813207e-05,0.000707444174952589,-0.00011527679611497,-0.00180027835334337,0.00466843305657787,-0.0018007332738146,0.00249449554449983,-0.000289572138910177,0.0484465440146278,9.05976048234686e-07,-0.00222482069235293,2.21838728346763e-05,-9.48290291699052e-05,0.601692983259719,-0.000756481292945246,-0.000513693930620388,-3.24630388547556e-05,0.0155008971882703,-0.00289293374383112,-0.0110732815129225,0.000688491161215716,0.000576105891331122,0.000547541755018054,-0.698416792400408,0.000843044933255891,0.000362726975778644,0.000143211614860542,0.00267606328915056,-0.00126868962277713,0.00289010694324576,0.000305030407736249,0.000205309969348716,5.95619178762067e-05,-4.13089538647729e-06,-7.24644691074273e-17,3.25919069824316e-05,-1.41005572674792e-15,-0.000197353681434894,0.000461493788143741,0.000117611377837854,2.42056619691434e-16,0.000149537616344403,-0.000472988632239705,-7.27415717049552e-17,1.35652541930052e-16,8.75743033933322e-05,0.000373920982479816,6.7254665300496e-17,2.92797916606144e-06,-2.4555560339444e-16,1.85296683789407e-16,-7.81935806327972e-05,-2.09939256700946e-05,0.000113133768610754,-2.70815405185489e-16,2.86475544795493e-05,-3.30905656004736e-16,4.79945673700077e-05,2.0198315949115e-16,1.30001801005583e-16,-1.53454702313634e-05,-8.687169932018e-17,-0.0125282326917178,-3.85616595013231e-16,-2.11630901365205e-16,-1.68832410469872e-16,-3.10539459040569e-17,4.48980479115912e-17,-1.67359489285298e-16,1.11765584763292e-16,-2.32909626769417e-05,-2.31268072982472e-16,-6.31088758280978e-16,-8.38144108180474e-16,1.26618792250784e-15,-5.79345750989922e-16,2.43145023221661e-15,6.39277568516673e-16,-2.1879048814079e-16,1.95164844719027e-15,-4.54246614464078e-15,3.76155993737147e-16,-4.34881802383102e-15,-0.100000000000001
