accepted_species,estimate
t59,-0.8658177895912365
t9,0.1044885754355658
t39,1.7491698563886637
t80,-1.0593240958123318
t45,0.503300811094191
t88,-0.8479705265257462
t12,-0.7558111069568418
t86,-0.6249440509758257
t24,-0.7195921459475378
t75,-0.6291620044348283
