accepted_species,0
t59,0.009438634541711816
t9,0.009438634541711816
t39,0.009438634541711816
t80,0.009438634541711816
t45,0.009438634541711816
t88,0.009438634541711816
t12,0.009438634541711816
t86,0.009438634541711816
t24,0.009438634541711816
t75,0.009438634541711816
