accepted_species,estimate
t59,-0.7555745
t9,-0.13822177
t39,1.706051
t80,-0.32292414
t45,0.24048267
t88,-0.80453163
t12,-0.6341495
t86,-0.61878425
t24,-0.4077269
t75,-0.88011175
