accepted_species,0,1
t13,0.08787503581305056,0.9121249641869494
t70,0.6103762822589667,0.38962371774103327
t51,0.9999999999992354,7.646262463560354e-13
t35,0.999999999842014,1.5798592236119614e-10
t28,0.9999999998909622,1.0903778803939573e-10
t30,0.9999999999763036,2.369634164492245e-11
t48,0.9999999980141202,1.98587983931135e-09
t9,0.9551884491597032,0.04481155084029671
t19,0.9486369933081501,0.0513630066918499
t81,0.9126070150425538,0.08739298495744624
