accepted_species,0,1
t13,0.013753935666668382,0.9862460643333316
t70,0.9949577289344853,0.0050422710655147265
t51,0.9969746806903277,0.0030253193096723423
t35,0.9999984328314531,1.5671685469269152e-06
t28,0.9999977166515603,2.2833484396580034e-06
t30,0.9999998613080863,1.3869191374884103e-07
t48,0.9999849336564267,1.5066343573331494e-05
t9,0.9870595498651611,0.01294045013483887
t19,0.9032364542287769,0.09676354577122312
t81,0.8722143239836901,0.1277856760163099
