accepted_species,0,1
t13,0.030873239,0.96912676
t70,0.8895777,0.110422336
t51,0.9942852,0.00571479
t35,0.9941301,0.005869936
t28,0.9941301,0.005869936
t30,0.9941301,0.005869936
t48,0.9941301,0.005869936
t9,0.99267614,0.0073238458
t19,0.993887,0.0061129783
t81,0.9544605,0.045539476
