accepted_species,0,1
t13,0.06080991,0.9391901
t70,0.9415724,0.05842757
t51,0.99102044,0.008979563
t35,0.98212063,0.017879367
t28,0.989718,0.010281976
t30,0.98454857,0.015451413
t48,0.9546328,0.04536717
t9,0.9519051,0.048094906
t19,0.9706307,0.029369287
t81,0.92736435,0.07263568
