"accepted_species","estimate"
"t42",-1.09003101896957
"t43",-1.09003101896957
"t13",-0.99457153697749
"t7",-0.833639297867753
"t83",-1.09621203334053
"t84",-1.09621203334053
"t18",-0.893487522051451
"t47",-0.492994295403036
"t67",-0.364269250355388
"t16",-1.02538423543
