accepted_species,0,1
t87,0.4989018731221915,0.5010981268778085
t31,0.2923473997003041,0.7076526002996959
t81,0.3338809887973666,0.6661190112026334
t71,0.22378082248582554,0.7762191775141745
t93,0.5426776734989184,0.4573223265010816
t44,0.06870888101416339,0.9312911189858366
t3,0.09400064406283382,0.9059993559371662
t15,0.42960528092376726,0.5703947190762327
t34,0.4311928450336494,0.5688071549663506
t8,0.9820723420119727,0.01792765798802732
