accepted_species,0,1
t87,0.39193672424063386,0.6080632757593661
t31,0.3913060426319249,0.6086939573680751
t81,0.39066078790410463,0.6093392120958954
t71,0.39039352084256973,0.6096064791574303
t93,0.3915263343580795,0.6084736656419205
t44,0.3779780011202094,0.6220219988797906
t3,0.3798432274147272,0.6201567725852728
t15,0.3794649776484764,0.6205350223515236
t34,0.37938721836209277,0.6206127816379072
t8,0.3955910270502022,0.6044089729497978
