"accepted_species","0","1"
"t65",0.5,0.5
"t66",0.5,0.5
"t109",0.5,0.5
"t156",0.499999999999872,0.500000000000128
"t167",0.499999999415417,0.500000000584583
"t182",0.499999991437853,0.500000008562147
"t195",0.5,0.5
"t211",0.492456582809685,0.507543417190315
"t212",0.510609071391583,0.489390928608417
"t222",0.980098909544275,0.0199010904557245
