accepted_species,0,1
t327,0.7137193389200851,0.28628066107991496
t352,0.7263932683096357,0.27360673169036426
t357,0.5790065849346195,0.4209934150653804
t378,0.5218063747925992,0.47819362520740083
t385,0.27166277462441113,0.7283372253755889
t409,0.4788451418203986,0.5211548581796014
t412,0.7766404300675167,0.22335956993248335
t413,0.7788578800579822,0.22114211994201788
t421,0.5787799901124336,0.42122000988756636
t471,0.7061280983182421,0.293871901681758
