accepted_species,0,1
t327,0.6767426087191006,0.32325739128089936
t352,0.7054604989791882,0.2945395010208118
t357,0.6166102217526291,0.38338977824737086
t378,0.5343799370188591,0.4656200629811409
t385,0.29999563785059213,0.7000043621494079
t409,0.49583296636689955,0.5041670336331004
t412,0.7353619939201886,0.26463800607981136
t413,0.7353619939201886,0.26463800607981136
t421,0.6942800865164398,0.3057199134835602
t471,0.6459061426378387,0.3540938573621612
