accepted_species,0,1
t327,0.6475062837639514,0.35249371623604864
t352,0.637923285860529,0.3620767141394709
t357,0.590633244477374,0.409366755522626
t378,0.6676453411667518,0.3323546588332482
t385,0.20875797392861217,0.7912420260713878
t409,0.29876711039072024,0.7012328896092798
t412,0.7899098402521996,0.2100901597478005
t413,0.8132807290429045,0.18671927095709548
t421,0.7695600584684101,0.23043994153158986
t471,0.5501160561261117,0.4498839438738883
