"accepted_species","0","1"
"t327","0.50020656347242","0.49979343652758"
"t352","0.555594132260075","0.444405867739925"
"t357","0.500004348943284","0.499995651056716"
"t378","0.5530288677236","0.446971132276399"
"t385","0.605073470706622","0.394926529293378"
"t409","0.232628458163909","0.767371541836091"
"t412","0.750184724613724","0.249815275386276"
"t413","0.750184724613724","0.249815275386276"
"t421","0.621045515937772","0.378954484062228"
"t471","0.985779816758813","0.014220183241187"
