"accepted_species","0","1"
"t65","0.5","0.5"
"t66","0.5","0.5"
"t109","0.5","0.5"
"t156","0.499999746849261","0.500000253150739"
"t167","0.49998284280377","0.50001715719623"
"t182","0.499934366072962","0.500065633927038"
"t195","0.5","0.5"
"t211","0.442718315948721","0.557281684051279"
"t212","0.558467604985144","0.441532395014856"
"t222","0.989923106497665","0.0100768935023354"
