accepted_species,0,1
t327,0.20712602,0.792874
t352,0.865468,0.13453199
t357,0.8901136,0.1098864
t378,0.8867778,0.113222204
t385,0.44017953,0.5598205
t409,0.30065805,0.69934195
t412,0.98090035,0.01909966
t413,0.91958183,0.08041817
t421,0.3382455,0.6617545
t471,0.95056844,0.04943155
