accepted_species,0,1
t327,0.52259266,0.4774073
t352,0.5925026,0.4074974
t357,0.6600434,0.33995658
t378,0.6390382,0.36096182
t385,0.49199027,0.50800973
t409,0.49639255,0.50360745
t412,0.74463224,0.25536776
t413,0.7400238,0.2599762
t421,0.5340067,0.4659933
t471,0.6090188,0.39098117
