accepted_species,estimate
Asclepias_fascicularis,-0.2483811892133233
Aspidosperma_spruceanum,0.3991544298050232
Centaurium_littorale,-0.39040905116651997
Galium_album,-0.4371625949432145
Geniostoma_rupestre,-0.5459875451601961
Guettarda_odorata,0.6256378141817445
Isertia_haenkeana,0.7076003651216347
Neolamarckia_cadamba,0.6479164948758033
Opercularia_varia,-0.17166611752849692
Palicourea_guianensis,-0.07318075810471569
