accepted_species,0,1
Mandevilla_subsessilis,0.9232135,0.07678653
Minaria_decussata,0.9232135,0.07678653
Ditassa_sipapoana,0.9232135,0.07678653
Ditassa_oberdanii,0.9232135,0.07678653
Metastelma_brachystephanum,0.9232135,0.07678653
Asclepias_curassavica,0.9232135,0.07678653
Cynanchum_wallichii,0.9232135,0.07678653
Matelea_pusilliflora,0.9232135,0.07678653
Prestonia_lauta,0.7798585,0.22014146
Eustegia_fraterna,0.9232135,0.07678653
