accepted_species,0,1
Mandevilla_subsessilis,0.86893594,0.13106403
Minaria_decussata,0.9753921,0.024607914
Ditassa_sipapoana,0.9753921,0.024607914
Ditassa_oberdanii,0.9753921,0.024607914
Metastelma_brachystephanum,0.9753921,0.024607914
Asclepias_curassavica,0.9753921,0.024607914
Cynanchum_wallichii,0.93888354,0.06111647
Matelea_pusilliflora,0.9753921,0.024607914
Prestonia_lauta,0.7014538,0.29854622
Eustegia_fraterna,0.9753921,0.024607914
