accepted_species,0,1
t17,0.38655043603478745,0.6134495639652126
t2,0.3749304569664905,0.6250695430335095
t31,0.4177586447150642,0.5822413552849358
t25,0.07608438801732242,0.9239156119826776
t27,0.07567957638381873,0.9243204236161813
t90,0.07300563849183794,0.9269943615081621
t57,0.07326082602071049,0.9267391739792895
t98,0.22029292961621783,0.7797070703837822
t83,0.06832956281425051,0.9316704371857495
t46,0.06615670084601821,0.9338432991539818
