accepted_species,0,1
t17,0.6555167,0.34448332
t2,0.6555167,0.34448332
t31,0.17335558,0.8266444
t25,0.003278792,0.9967212
t27,0.003278792,0.9967212
t90,0.003278792,0.9967212
t57,0.003278792,0.9967212
t98,0.9429228,0.057077207
t83,0.004424572,0.9955754
t46,0.004424572,0.9955754
