accepted_species,0,1
t22,0.0015150905,0.9984849
t23,0.0015150905,0.9984849
t154,0.000277102,0.9997229
t155,0.0015150905,0.9984849
t48,0.000277102,0.9997229
t69,0.000277102,0.9997229
t90,0.00046646595,0.99953353
t124,0.00046646595,0.99953353
t140,0.00046646595,0.99953353
t141,0.00046646595,0.99953353
t119,0.00046646595,0.99953353
t76,0.00046646595,0.99953353
t81,0.000277102,0.9997229
t148,0.000277102,0.9997229
t149,0.0032547712,0.9967452
