accepted_species,0,1
t22,0.022818804,0.9771812
t23,0.01710093,0.98289907
t154,0.05661434,0.94338566
t155,0.05661434,0.94338566
t48,0.05661434,0.94338566
t69,0.017377973,0.982622
t90,0.02190435,0.97809565
t124,0.019962072,0.9800379
t140,0.02190435,0.97809565
t141,0.02190435,0.97809565
t119,0.02190435,0.97809565
t76,0.032048106,0.9679519
t81,0.032048106,0.9679519
t148,0.034805894,0.9651941
t149,0.034805894,0.9651941
