"accepted_species","0","1"
"t91","0.000123568049811066","0.999876431950189"
"t60","0.00298545284529903","0.997014547154701"
"t21","0.00156181861993195","0.998438181380068"
"t9","0.00124213193786574","0.998757868062134"
"t34","0.00012843878113507","0.999871561218865"
"t16","0.000802043768853673","0.999197956231146"
"t23","0.00608123026616326","0.993918769733837"
"t84","3.84512273199124e-05","0.99996154877268"
"t7","0.00122411673516346","0.998775883264837"
"t5","0.00821391915458428","0.991786080845416"
