accepted_species,0,1
t91,0.004409194,0.9955908
t60,0.0017741323,0.99822587
t21,0.0012435913,0.9987564
t9,0.0017741323,0.99822587
t34,0.004290104,0.9957099
t16,0.0066099167,0.9933901
t23,0.036466777,0.9635332
t84,0.0028108954,0.9971891
t7,0.40418112,0.5958189
t5,0.016088605,0.9839114
