accepted_species,0
t67,-0.09235843156191148
t41,-0.09235843156191148
t42,-0.09235843156191148
t29,-0.09235843156191148
t35,-0.09235843156191148
t97,-0.0632849011049141
t58,-0.09235843156191148
t76,-0.09235843156191148
t25,-0.09235843156191148
t18,-0.09235843156191148
