accepted_species,0
t89,0.168158404798429
t31,0.08901116593444477
t80,-0.3812313883191625
t25,-0.48720380587215034
t50,-0.538985697389193
t6,-0.5275898225226292
t76,-0.5001150294949841
t85,-0.4698759081801432
t86,-0.4698759081801432
t54,-0.4698759081801432
