"accepted_species","estimate"
"t26",0.0772144727596696
"t2",-0.138257405274959
"t30",-1.47104631865685
"t38",1.29982006422384
"t11",0.691264663220319
"t45",1.11962313877739
"t91",-0.307836951642767
"t76",1.41360678891449
"t57",-0.282983329015344
"t4",-0.117107467991042
