accepted_species,estimate
t27,0.4101119845791116
t28,0.41011198457911163
t34,0.40907838168596145
t35,0.4090783816859614
t22,0.4087786830586253
t23,0.40877868305862525
t65,0.4174617474854942
t97,0.4182143628292404
t30,0.4154791646493015
t4,0.3788865940646778
