accepted_species,0,1
t3,0.98888886,0.01111111
t4,0.98888886,0.01111111
t9,0.98888886,0.01111111
t11,0.98888886,0.01111111
t14,0.98888886,0.01111111
t24,0.98888886,0.01111111
t41,0.98888886,0.01111111
t49,0.98888886,0.01111111
t90,0.98888886,0.01111111
t94,0.98888886,0.01111111
