"accepted_species","estimate"
"t99",-0.0206844259014243
"t57",-0.0206844259014243
"t60",-0.0206844259014243
"t39",-0.0206844259014243
"t17",-0.0206844259014243
"t41",-0.0206844259014243
"t45",-0.0206844259014243
"t55",-0.0206844259014243
"t10",-0.0206844259014243
"t94",-0.0206844259014243
