accepted_species,0,1
Secamone_spirei,0.8393211,0.16067894
Mandevilla_martii,0.83969283,0.16030717
Forsteronia_laurifolia,0.83969283,0.16030717
Gonolobus_grandiflorus,0.8428989,0.1571011
Micrechites_parkinsonii,0.8428989,0.1571011
Mandevilla_equatorialis,0.83969283,0.16030717
Ceropegia_foetidiflora,0.8390072,0.16099282
Hoya_nyhuusiae,0.8364376,0.1635624
Polystemma_canisferum,0.8428989,0.1571011
Wrightia_sikkimensis,0.84115213,0.15884785
