accepted_species,estimate
t43,-0.11867052
t66,-0.1089102
t63,0.20956908
t98,0.84891504
t71,-0.28018486
t45,-0.1697285
t84,-0.4856244
t13,-0.76873034
t96,0.39570802
t68,0.13616018
