accepted_species,estimate
t100,-0.44765174012053877
t88,-0.40615865648317884
t95,-0.344593171473195
t90,0.5389650141361723
t26,0.5705214755265072
t50,-0.21661715359088884
t31,-0.14426244192539184
t82,0.2044168679900612
t62,1.207984261878703
t7,1.1609025954737437
