"accepted_species","estimate"
"t118",-0.232188830575405
"t46",0.528140163180491
"t47",0.528140163180491
"t63",0.384706229904686
"t42",0.718490479853356
"t10",0.618582493867454
"t30",-0.61526939348764
"t31",-0.61526939348764
"t132",-0.163815328455758
"t116",-1.52914048716018
"t70",-0.312809351398713
"t79",-0.63324609599108
"t99",-0.733531935009375
"t100",-0.733531935009375
