accepted_species,0,1
t101,0.42812832432170567,0.5718716756782943
t143,0.42635656260510124,0.5736434373948988
t144,0.4451191652768145,0.5548808347231855
t148,0.42568152506595924,0.5743184749340408
t152,0.4441489358773957,0.5558510641226043
t161,0.4262506480288817,0.5737493519711183
t182,0.4277019028451793,0.5722980971548207
t194,0.427490564003005,0.572509435996995
t199,0.4442368636340065,0.5557631363659935
t204,0.44300348246853893,0.5569965175314611
