accepted_species,0,1
t101,0.4325207529350513,0.5674792470649487
t143,0.4300868909629476,0.5699131090370524
t144,0.43592819186007603,0.564071808139924
t148,0.4297291135411343,0.5702708864588657
t152,0.4344537585053556,0.5655462414946444
t161,0.4301377901981641,0.5698622098018359
t182,0.4298219232859446,0.5701780767140554
t194,0.43305755084050845,0.5669424491594915
t199,0.4344624184403175,0.5655375815596825
t204,0.4346351483790748,0.5653648516209252
