accepted_species,0,1
t7,0.8944999273742338,0.1055000726257662
t27,0.0007619365396409616,0.999238063460359
t55,0.7663243725107599,0.2336756274892401
t79,0.9957015928498361,0.004298407150163892
t84,0.7276051557137164,0.2723948442862835
t89,0.6298887192583263,0.37011128074167365
t91,0.5429709961805171,0.4570290038194828
t102,0.9658253413121918,0.034174658687808175
t107,0.6152335527853241,0.38476644721467584
t111,0.8969661501429725,0.10303384985702746
