accepted_species,0,1
t7,0.6747309112893527,0.32526908871064725
t27,0.662897877773025,0.337102122226975
t55,0.6697602474610842,0.3302397525389158
t79,0.6623713229073487,0.3376286770926513
t84,0.6697720496242806,0.3302279503757194
t89,0.6753160317821285,0.3246839682178715
t91,0.662986068500244,0.337013931499756
t102,0.6746886655235766,0.3253113344764234
t107,0.6633845572322052,0.3366154427677948
t111,0.6747732456626125,0.3252267543373874
