accepted_species,0,1
t7,0.7766160877193495,0.22338391228065044
t27,0.2205659422079821,0.7794340577920179
t55,0.7314566203376559,0.2685433796623441
t79,0.6860579051264786,0.31394209487352137
t84,0.7328140515276085,0.26718594847239147
t89,0.6560817517849439,0.3439182482150561
t91,0.6066778587623732,0.39332214123762677
t102,0.8469217102895715,0.1530782897104285
t107,0.5842278472803648,0.41577215271963514
t111,0.7838585594121921,0.2161414405878079
