accepted_species,0,1
t7,0.69694304,0.30305693
t27,0.32243466,0.67756534
t55,0.7744688,0.22553125
t79,0.78825855,0.21174148
t84,0.7744688,0.22553125
t89,0.65773034,0.3422697
t91,0.5122772,0.4877228
t102,0.7720716,0.22792837
t107,0.7553679,0.24463212
t111,0.84054106,0.15945895
