accepted_species,0,1
t101,0.8185712,0.1814288
t143,0.009622991,0.990377
t144,0.025131464,0.97486854
t148,0.02181667,0.9781833
t152,0.32916164,0.67083836
t161,0.08523381,0.9147662
t182,0.39943045,0.60056955
t194,0.53747165,0.46252832
t199,0.8190372,0.18096279
t204,0.082021296,0.9179787
