accepted_species,0,1
t88,0.26211161937796024,0.7378883806220398
t41,0.6482627393494527,0.3517372606505473
t33,0.8903427303555271,0.10965726964447287
t93,1.0,0.0
t84,1.0,0.0
t30,1.0,0.0
t97,1.0,0.0
t140,1.0,0.0
t99,1.0,0.0
t83,1.0,0.0
t78,0.6859907351306933,0.31400926486930664
t90,1.0,0.0
t73,1.0,0.0
t105,1.0,0.0
