accepted_species,0,1
t88,0.06139368,0.9386063
t41,0.98742384,0.012576182
t33,0.9886988,0.011301227
t93,0.99704486,0.0029551561
t84,0.9968415,0.0031585207
t30,0.94333106,0.056668915
t97,0.99434227,0.005657735
t140,0.98916054,0.010839462
t99,0.98980194,0.010198085
t83,0.96773374,0.03226628
t78,0.7568239,0.24317609
t90,0.9965041,0.0034958487
t73,0.9965041,0.0034958487
t105,0.9965041,0.0034958487
