accepted_species,0,1
t35,0.4995392715250573,0.5004607284749427
t39,0.49949352163388383,0.5005064783661162
t58,0.49905904720724004,0.50094095279276
t59,0.5039411225491714,0.4960588774508286
t66,0.503933938315177,0.49606606168482303
t71,0.5036833388446945,0.4963166611553055
t105,0.5035303784753019,0.4964696215246981
t141,0.5038246822797003,0.4961753177202997
t145,0.5036874429500975,0.49631255704990257
t164,0.5044681000262597,0.49553189997374025
