accepted_species,0,1
t10,0.29456335,0.70543665
t32,0.19989026,0.80010974
t53,0.17527747,0.8247225
t75,0.092104256,0.90789574
t90,0.04301095,0.95698905
t96,0.08974427,0.91025573
t111,0.04301095,0.95698905
t116,0.16507834,0.83492166
t119,0.2065844,0.7934156
t127,0.04301095,0.95698905
