"accepted_species","estimate"
"t14",-0.757639678577364
"t10",1.42343015192208
"t39",0.7294693151346
"t53",1.47687323691371
"t59",-0.390987522963357
"t29",-0.221706437475496
"t77",-0.0121247869735487
"t65",0.189851685848182
"t46",0.252554000610817
"t18",-0.0828595249752124
