accepted_species,estimate
t14,-1.1752526
t10,1.5677025
t39,1.0808266
t53,1.7336519
t59,-0.38532096
t29,-0.229721
t77,-0.048883054
t65,-0.17431174
t46,0.28729734
t18,-0.79443926
