accepted_species,0,1
t56,0.4688491886290681,0.5311508113709319
t61,0.4613124853678102,0.5386875146321898
t105,0.4546370243415383,0.5453629756584617
t122,0.46439578948401117,0.5356042105159888
t128,0.462786763833145,0.537213236166855
t142,0.4624573754340089,0.5375426245659911
t167,0.4652627172278282,0.5347372827721718
t168,0.4584252614105303,0.5415747385894697
t172,0.4655392779323254,0.5344607220676746
t173,0.4693950876941557,0.5306049123058443
