accepted_species,0,1
t56,0.4643972042760469,0.5356027957239531
t61,0.472584635994756,0.527415364005244
t105,0.4535038663365407,0.5464961336634593
t122,0.4501429307910859,0.5498570692089141
t128,0.45348740729431036,0.5465125927056896
t142,0.49544281426673087,0.5045571857332691
t167,0.45010891580691625,0.5498910841930837
t168,0.45017293294712923,0.5498270670528708
t172,0.49561037194956803,0.504389628050432
t173,0.49540209207735797,0.504597907922642
