accepted_species,0,1
t56,0.33333333333333337,0.6666666666666666
t61,0.33333333333333337,0.6666666666666666
t105,0.33333333333333337,0.6666666666666666
t122,0.33333333333333337,0.6666666666666666
t128,0.33333333333333337,0.6666666666666666
t142,0.33333333333333337,0.6666666666666666
t167,0.33333333333333337,0.6666666666666666
t168,0.33333333333333337,0.6666666666666666
t172,0.33333333333333337,0.6666666666666666
t173,0.33333333333333337,0.6666666666666666
