accepted_species,0,1
t56,0.37796366,0.62203634
t61,0.37796366,0.62203634
t105,0.37796366,0.62203634
t122,0.37796366,0.62203634
t128,0.37796366,0.62203634
t142,0.37796366,0.62203634
t167,0.37796366,0.62203634
t168,0.37796366,0.62203634
t172,0.37796366,0.62203634
t173,0.37796366,0.62203634
