accepted_species,0
t58,
t36,
t140,0.38464423468947795
t41,
t107,-0.9958939527291484
t105,-1.15665729498671
t12,
t96,
t117,-0.438253649441346
t18,
t32,
t24,
t13,
t56,
