accepted_species,0
t58,0.013870039872443455
t36,0.013870039872443455
t140,0.38464423468947795
t41,0.013870039872443455
t107,-0.9958939527291484
t105,-1.15665729498671
t12,0.013870039872443455
t96,0.013870039872443455
t117,-0.438253649441346
t18,0.013870039872443455
t32,0.013870039872443455
t24,0.013870039872443455
t13,0.013870039872443455
t56,0.013870039872443455
