"accepted_species","estimate"
"t16",0.186038617229253
"t83",0.602194411185704
"t69",0.940114044548703
"t91",0.195595789792465
"t98",-1.02774390807618
"t64",0.106142466371795
"t37",-0.482520101316303
"t80",-0.228255174271674
"t66",1.05457677522457
"t86",1.46374290908836
