accepted_species,estimate
Alyxia_ruscifolia,0.47892248686405103
Blackstonia_perfoliata,-0.4183253753489131
Galium_triflorum,-0.43364234648358
Gardenia_ternifolia,0.6891480114743522
Gentiana_sceptrum,-0.4568006799957274
Hintonia_latiflora,0.5154945465913029
Mandevilla_benthamii,0.08258294894328935
Rothmannia_urcelliformis,0.7013460572324628
Rudgea_jasminoides,-0.13117323519233445
Sherardia_arvensis,-0.40854311991884873
