accepted_species,0,1
sp43,0.5000926584770695,0.4999073415229304
sp60,0.5000966948150292,0.4999033051849709
sp75,0.5001103921036176,0.4998896078963824
sp83,0.5000983601630635,0.4999016398369365
sp101,0.5001120833511492,0.4998879166488508
sp102,0.5001120833511492,0.4998879166488508
sp118,0.5001148055254672,0.4998851944745328
sp135,0.5001152573531193,0.4998847426468807
sp144,0.5000994483700325,0.49990055162996744
sp145,0.5000994483700325,0.49990055162996744
