accepted_species,0,1
sp43,0.4963238804115486,0.5036761195884514
sp60,0.4964242243834943,0.5035757756165057
sp75,0.49617738765933117,0.5038226123406688
sp83,0.4962704925757988,0.5037295074242012
sp101,0.49617023016985473,0.5038297698301453
sp102,0.49613751374191084,0.5038624862580892
sp118,0.49618157992826695,0.503818420071733
sp135,0.4961286278351117,0.5038713721648883
sp144,0.49621225342754827,0.5037877465724517
sp145,0.4963332373367554,0.5036667626632446
