accepted_species,0,1
t78,0.32924137951127785,0.6707586204887221
t143,0.33006174589187387,0.6699382541081261
t147,0.32740804508349086,0.6725919549165091
t150,0.32845064727564344,0.6715493527243566
t160,0.32840260320152226,0.6715973967984777
t161,0.3276124670523576,0.6723875329476424
t176,0.3276490572518549,0.6723509427481451
t182,0.32888190240227866,0.6711180975977213
t192,0.32789105149762576,0.6721089485023742
t201,0.32811488222865215,0.6718851177713479
