accepted_species,0,1
t37,0.8566264045760006,0.14337359542399938
t62,0.855356447725223,0.14464355227477696
t65,0.8553368084411772,0.14466319155882285
t74,0.8569444939181255,0.14305550608187442
t81,0.8568147937976869,0.1431852062023131
t88,0.8553180096215546,0.1446819903784454
t119,0.8551522881651499,0.14484771183485015
t120,0.8551522881651499,0.14484771183485015
t137,0.8552739569512059,0.14472604304879413
t138,0.8552739569512059,0.14472604304879413
