"accepted_species","0","1"
"t78","0.5","0.5"
"t143","0.49999711115463","0.50000288884537"
"t147","0.499986409805931","0.500013590194069"
"t150","0.499992329999255","0.500007670000745"
"t160","0.499911719595463","0.500088280404537"
"t161","0.499878922811008","0.500121077188992"
"t176","0.496797920445328","0.503202079554672"
"t182","0.487157812019484","0.512842187980516"
"t192","0.296341337344323","0.703658662655676"
"t201","0.0868299519320676","0.913170048067932"
