accepted_species,0,1
t78,0.12959176,0.87040824
t143,0.121575,0.878425
t147,0.16075516,0.83924484
t150,0.045104504,0.9548955
t160,0.10867244,0.89132756
t161,0.08171159,0.9182884
t176,0.2249347,0.7750653
t182,0.12959176,0.87040824
t192,0.24590343,0.75409657
t201,0.056910336,0.94308966
