accepted_species,0,1
t78,0.118258774,0.8817412
t143,0.16211468,0.8378853
t147,0.16182643,0.83817357
t150,0.021098077,0.9789019
t160,0.6041484,0.39585158
t161,0.66136336,0.33863667
t176,0.66136336,0.33863667
t182,0.09861654,0.90138346
t192,0.68786335,0.31213662
t201,0.021098077,0.9789019
