accepted_species,0,1
t37,0.9129474,0.08705257
t62,0.9129474,0.08705257
t65,0.9129474,0.08705257
t74,0.9129474,0.08705257
t81,0.9129474,0.08705257
t88,0.9129474,0.08705257
t119,0.9129474,0.08705257
t120,0.9129474,0.08705257
t137,0.9129474,0.08705257
t138,0.9129474,0.08705257
