accepted_species,estimate
t97,0.5256338274493775
t59,0.5248009378168541
t60,0.5248009378168537
t90,0.5248498210169732
t17,0.5244689870381781
t40,0.5250256682791032
t81,0.526176543868298
t87,0.5262142824620559
t18,0.5245807864593853
t6,0.5181194765393278
