accepted_species,estimate
t105,-0.7543892615370515
t66,-0.5971650610398178
t65,-0.9381764834279627
t140,-0.5184495640278584
t63,-0.6540688215719406
t16,-0.00522115735137825
t108,0.2599017914054296
t73,0.09878359751598569
t84,0.18025446143649854
t85,0.3200307965799058
t142,0.39288556057205554
t79,0.24957242067065394
t125,0.18028898064584747
t51,0.22125292388644918
t24,-0.06782023984219594
