accepted_species,estimate
t105,-0.5762757532651128
t66,-0.5729454037709181
t65,-0.579923158766064
t140,-0.5980293019154063
t63,-0.5766981599330528
t16,-0.33868669885879144
t108,0.1717998319041289
t73,0.1878822412135964
t84,0.18890415815170475
t85,0.1889041581517048
t142,0.29261618414961854
t79,0.2776691317631469
t125,0.2852611794532555
t51,0.2634134253953291
t24,0.03226336082884814
