accepted_species,estimate
t105,-0.4934133
t66,-0.4934133
t65,-1.268266
t140,-1.1531583
t63,-0.4934133
t16,0.10948798
t108,0.34948543
t73,0.33535457
t84,0.2960878
t85,0.12618227
t142,0.086641476
t79,0.32179344
t125,0.10253505
t51,0.0706758
t24,0.2498786
