accepted_species,0
t27,-0.02905533589740635
t70,-0.02905533589740635
t120,-0.333964230516305
t9,-0.02905533589740635
t72,-0.02905533589740635
t101,-0.02905533589740635
t95,-0.02905533589740635
t90,-0.02905533589740635
t11,-0.02905533589740635
t107,-0.02905533589740635
t92,-0.02905533589740635
t20,-0.02905533589740635
t36,-0.02905533589740635
t142,-0.348596758864719
t141,0.28272152993982075
