"accepted_species","estimate"
"t27",-1.19504962931367
"t70",-0.315645460527097
"t120",-0.300764982755484
"t9",-0.171009715706232
"t72",0.170866551726435
"t101",0.0769752579028241
"t95",1.30087875751652
"t90",1.28965461013096
"t11",0.330430439515306
"t107",0.320403157636664
"t92",-0.000882983167889148
"t20",0.313946844383583
"t36",0.538470101077368
"t142",-0.417151302962123
"t141",0.2648389281514
