"accepted_species","0","1"
"sp176",0.818488032677297,0.181511967322703
"sp181",0.818488032678214,0.181511967321786
"sp182",0.818488032674925,0.181511967325075
"sp200",0.818488110004242,0.181511889995758
"sp212",0.818487337076477,0.181512662923523
"sp217",0.818491302909615,0.181508697090385
"sp265",0.84875511810279,0.15124488189721
"sp270",0.905749223979291,0.0942507760207095
"sp272",0.368155162548514,0.631844837451486
"sp274",0.959321088658662,0.0406789113413377
