accepted_species,0,1
sp176,0.8475829798983516,0.15241702010164832
sp181,0.8089047963410911,0.19109520365890886
sp182,0.8487061087657763,0.15129389123422365
sp200,0.809271882173737,0.19072811782626298
sp212,0.8055828662393674,0.19441713376063266
sp217,0.8476812502670477,0.15231874973295237
sp265,0.810549463521709,0.189450536478291
sp270,0.8496801059814187,0.15031989401858123
sp272,0.8058301688059407,0.1941698311940593
sp274,0.8116390112751477,0.1883609887248523
