accepted_species,0,1
t11,0.28830876390243754,0.7116912360975625
t46,0.28588888588349515,0.7141111141165049
t47,0.28588888588349515,0.7141111141165049
t21,0.2855590188004534,0.7144409811995466
t64,0.2855590188008976,0.7144409811991024
t74,0.2855590188008976,0.7144409811991024
t75,0.2855590188008976,0.7144409811991024
t25,0.28555901880050905,0.714440981199491
t93,0.2855590188011864,0.7144409811988136
t94,0.2855590188011864,0.7144409811988136
