"accepted_species","0","1"
"t11","0.05481903455713","0.94518096544287"
"t46","0.0622786061365731","0.937721393863427"
"t47","0.0622786061365731","0.937721393863427"
"t21","0.0622292061843911","0.937770793815609"
"t64","0.0622292061843911","0.937770793815609"
"t74","0.0622292061843911","0.937770793815609"
"t75","0.0622292061843911","0.937770793815609"
"t25","0.0622292061843911","0.937770793815609"
"t93","0.0622292061843911","0.937770793815609"
"t94","0.0622292061843911","0.937770793815609"
