"accepted_species","0","1"
"t11","0.054819053424321","0.945180946575679"
"t46","0.0622786258732193","0.937721374126781"
"t47","0.0622786258732193","0.937721374126781"
"t21","0.0622292257972826","0.937770774202717"
"t64","0.0622292257972826","0.937770774202717"
"t74","0.0622292257972826","0.937770774202717"
"t75","0.0622292257972826","0.937770774202717"
"t25","0.0622292257972826","0.937770774202717"
"t93","0.0622292257972826","0.937770774202717"
"t94","0.0622292257972826","0.937770774202717"
