"accepted_species","estimate"
"t1",0.0606439900838892
"t35",-0.613791836497918
"t33",1.65892818725814
"t53",0.249698368686916
"t79",1.4357589727456
"t64",-0.494227203309719
"t24",0.898837745410308
"t68",-0.19243591335225
"t86",-0.272321402006005
"t82",-1.79946200786451
