accepted_species,0
t95,0.15391418008239077
t96,0.15391418008239077
t72,0.15391418008239077
t79,0.15391418008239077
t80,0.15391418008239077
t77,0.15391418008239077
t42,0.15391418008239077
t51,0.15391418008239077
t10,0.15391418008239077
t11,0.15391418008239077
