"accepted_species","0","1"
"t28",0.45820836209032,0.54179163790968
"t50",0.45772952774659,0.54227047225341
"t56",0.460407370475994,0.539592629524006
"t61",0.460817561935404,0.539182438064596
"t86",0.510477555783133,0.489522444216867
"t88",0.531019426380625,0.468980573619375
"t116",0.170400193929499,0.829599806070501
"t122",0.931037884064862,0.0689621159351385
"t126",0.0229134444929736,0.977086555507026
"t130",0.999136853440878,0.00086314655912166
