accepted_species,0,1
t28,0.4489303831355218,0.5510696168644782
t50,0.4037959393184074,0.5962040606815926
t56,0.48609712148434836,0.5139028785156516
t61,0.4711485867994538,0.5288514132005462
t86,0.4237791085351589,0.5762208914648411
t88,0.5178487072771624,0.48215129272283763
t116,0.4453900817091002,0.5546099182908998
t122,0.4458585717660887,0.5541414282339113
t126,0.4337236501904991,0.5662763498095009
t130,0.4462094079374773,0.5537905920625227
