accepted_species,0,1
t26,0.2216511858406428,0.7783488141593572
t68,0.24804817075783547,0.7519518292421645
t77,0.24825145405752658,0.7517485459424734
t83,0.2803464750425734,0.7196535249574266
t84,0.2803464750425735,0.7196535249574265
t89,0.24364105824046012,0.7563589417595399
t93,0.24800365000736524,0.7519963499926348
t100,0.2271366535206668,0.7728633464793332
t102,0.3376108457325018,0.6623891542674982
t114,0.26573267038534676,0.7342673296146532
