accepted_species,0,1
t26,0.2531487260802787,0.7468512739197213
t68,0.25337046265204055,0.7466295373479594
t77,0.25340689799313687,0.7465931020068631
t83,0.25375932335075924,0.7462406766492408
t84,0.2537358448657535,0.7462641551342465
t89,0.25640481910380364,0.7435951808961964
t93,0.2533284730020534,0.7466715269979466
t100,0.2569560902026653,0.7430439097973347
t102,0.2548757663827822,0.7451242336172178
t114,0.25533267982189845,0.7446673201781016
