accepted_species,0,1
t26,0.2527054809231746,0.7472945190768254
t68,0.2542479757419044,0.7457520242580956
t77,0.2540288610412542,0.7459711389587458
t83,0.2542989449111578,0.7457010550888422
t84,0.25431297923113183,0.7456870207688682
t89,0.255404580628413,0.744595419371587
t93,0.2541715634775149,0.7458284365224851
t100,0.25730067611061846,0.7426993238893815
t102,0.2518135636450578,0.7481864363549422
t114,0.25497860111088255,0.7450213988891174
