accepted_species,0,1
t28,0.46143652036479255,0.5385634796352075
t50,0.23725045315979043,0.7627495468402096
t56,0.642145524746139,0.35785447525386105
t61,0.6089213081297835,0.3910786918702165
t86,0.3658767051124924,0.6341232948875076
t88,0.3880729675123077,0.6119270324876923
t116,0.4039448511864938,0.5960551488135062
t122,0.35853114317984247,0.6414688568201575
t126,0.3207973223055032,0.6792026776944968
t130,0.3694132816904476,0.6305867183095524
