accepted_species,0,1
t28,0.27965206,0.72034794
t50,0.27965206,0.72034794
t56,0.66276366,0.33723634
t61,0.67543197,0.324568
t86,0.6610204,0.33897963
t88,0.63073367,0.36926633
t116,0.68816555,0.31183448
t122,0.68816555,0.31183448
t126,0.27965206,0.72034794
t130,0.27965206,0.72034794
