accepted_species,0,1
t33,0.37421024,0.62578976
t40,0.273717,0.726283
t133,0.98406327,0.01593671
t43,0.99756414,0.0024358425
t45,0.99756414,0.0024358425
t137,0.99912727,0.0008727366
t126,0.99912727,0.0008727366
t28,0.9999178,8.2170154e-05
t96,0.9998094,0.00019059498
t107,0.9998094,0.00019059498
t55,0.9998094,0.00019059498
t11,0.9999178,8.2170154e-05
t77,0.9998094,0.00019059498
t49,0.9998094,0.00019059498
