accepted_species,0,1
t23,0.3550353725852684,0.6449646274147316
t25,0.7433662549443079,0.25663374505569214
t31,0.43654467324235524,0.5634553267576448
t32,0.6800853233671624,0.3199146766328376
t38,0.6828279752264947,0.3171720247735053
t76,0.5218126559266492,0.4781873440733509
t79,0.6776078786674727,0.32239212133252726
t110,0.44974690188676325,0.5502530981132367
t112,0.7120907511108774,0.2879092488891226
t120,0.6413896973582769,0.35861030264172317
