accepted_species,0,1
t23,0.4817245743428885,0.5182754256571115
t25,0.7346786525579772,0.2653213474420229
t31,0.47807690491002175,0.5219230950899783
t32,0.672082016705083,0.32791798329491695
t38,0.6824421626224648,0.31755783737753523
t76,0.48523599535692574,0.5147640046430743
t79,0.47530642949351976,0.5246935705064802
t110,0.674842813189104,0.325157186810896
t112,0.8598625856673963,0.14013741433260374
t120,0.4943592437777753,0.5056407562222247
