accepted_species,0,1
t23,0.5777777777777777,0.4222222222222222
t25,0.5777777777777777,0.4222222222222222
t31,0.5777777777777777,0.4222222222222222
t32,0.5777777777777777,0.4222222222222222
t38,0.5777777777777777,0.4222222222222222
t76,0.5777777777777777,0.4222222222222222
t79,0.5777777777777777,0.4222222222222222
t110,1.0,0.0
t112,1.0,0.0
t120,1.0,0.0
