accepted_species,0,1
t23,0.46534747,0.53465253
t25,0.9595529,0.04044713
t31,0.60296583,0.39703417
t32,0.932905,0.06709496
t38,0.9845003,0.015499696
t76,0.8154228,0.18457726
t79,0.9580167,0.0419833
t110,0.9316875,0.068312496
t112,0.98035675,0.019643223
t120,0.9856366,0.014363434
