accepted_species,0,1
t23,0.47246444,0.52753556
t25,0.7305131,0.26948693
t31,0.43413484,0.56586516
t32,0.5991914,0.4008086
t38,0.6287694,0.37123063
t76,0.54174966,0.45825034
t79,0.6032412,0.39675876
t110,0.6862427,0.3137573
t112,0.756202,0.24379802
t120,0.6232075,0.3767925
