accepted_species,estimate
Alibertia_edulis,0.16810563335768636
Atractocarpus_sessilis,0.03288963906478848
Coffea_arabica,0.048798111724575266
Gardenia_jasminoides,-0.05358610519098139
Pavetta_australiensis,0.12687954956820147
Randia_hebecarpa,0.04457513907123212
Randia_pterocarpa,0.03665095756971404
Randia_thurberi,0.001812035266926526
Rosenbergiodendron_formosum,-0.0018390965261276815
Rothmannia_urcelliformis,0.04828564651840306
