accepted_species,estimate
t44,-0.46955356046354796
t51,-0.4699171225366346
t98,-0.4712193603378213
t80,-0.46346220024796914
t111,-0.46965001483049695
t112,-0.4696500148304972
t24,-0.6202254062269743
t34,-0.6284025162834863
t41,-0.7497686511927246
t42,-0.7518704938515115
t119,-0.8031165737686421
t139,-0.8030725189322092
t140,-0.8030725189322105
t20,-0.628496339809957
