accepted_species,estimate
t44,-0.07745474
t51,-0.2262967
t98,-0.18459411
t80,-0.36048812
t111,-0.36926287
t112,-0.37362432
t24,-0.6619871
t34,-0.50494736
t41,-0.69282943
t42,-0.69282943
t119,-0.28892958
t139,-0.392803
t140,-0.392803
t20,-0.53001845
