accepted_species,0
t51,-0.2748550603205659
t86,-0.28162192546342435
t87,-0.28162192546342435
t91,-0.29719597338222664
t18,0.6071759646578545
t56,0.6087796743531039
t81,0.6054691059520753
t10,0.6049370011008237
t27,0.6014864659359263
t9,-0.21497736341388435
