"accepted_species","estimate"
"t66",1.74105026860602
"t28",0.422936211833707
"t48",0.226506645423925
"t96",0.413076238264601
"t31",-0.0842354381967643
"t63",-1.09255561537496
"t39",-0.58276941621657
"t47",-0.167120629138185
"t67",0.672177231255529
"t90",0.15074912017273
