"accepted_species","estimate"
"t66",1.71641815798228
"t28",0.413878797557622
"t48",0.236828343538726
"t96",0.418181871035633
"t31",-0.100701002493916
"t63",-1.0911470936945
"t39",-0.577207846564524
"t47",-0.157309223802391
"t67",0.665103823316811
"t90",0.156612406862101
