accepted_species,0,1
sp10,0.2924501444908505,0.7075498555091495
sp13,0.3332237059825591,0.6667762940174409
sp31,0.17665645704445576,0.8233435429555442
sp35,0.4613000468372995,0.5386999531627005
sp46,0.08758588687310687,0.9124141131268931
sp48,0.11651845715678111,0.8834815428432189
sp49,0.09274210241110581,0.9072578975888942
sp60,0.4561942949059411,0.5438057050940589
sp63,0.8129429729810724,0.18705702701892762
sp92,0.7881809737427046,0.21181902625729537
