accepted_species,0,1
sp31,0.4192648968761271,0.5807351031238729
sp79,0.4191079054094714,0.5808920945905286
sp127,0.4187622891989754,0.5812377108010246
sp172,0.4254058286016985,0.5745941713983015
sp183,0.4236301789680995,0.5763698210319005
sp189,0.41920174784339814,0.5807982521566019
sp203,0.41925174067001103,0.580748259329989
sp215,0.4236425545456656,0.5763574454543344
sp222,0.4186925051748882,0.5813074948251118
sp226,0.41872970575737345,0.5812702942426266
