accepted_species,0,1
sp31,0.4224219886002202,0.5775780113997798
sp79,0.4223551092422324,0.5776448907577676
sp127,0.4171578223597179,0.5828421776402821
sp172,0.4286986655856092,0.5713013344143908
sp183,0.4217784662760472,0.5782215337239528
sp189,0.4222145879942091,0.5777854120057909
sp203,0.42236595172304536,0.5776340482769546
sp215,0.42183691621100416,0.5781630837889958
sp222,0.4171690212362851,0.5828309787637149
sp226,0.4217363753667538,0.5782636246332462
