accepted_species,0,1
sp31,0.55880964,0.44119036
sp79,0.42374647,0.57625353
sp127,0.29151756,0.70848244
sp172,0.53169525,0.46830475
sp183,0.3097533,0.6902467
sp189,0.50623655,0.49376342
sp203,0.51851153,0.4814885
sp215,0.4716798,0.5283202
sp222,0.2342487,0.7657513
sp226,0.6869323,0.3130677
