accepted_species,0,1
Palicourea_hyptoides,0.0,1.0
Gynochthodes_lacunosa,0.0,1.0
Stenaria_rupicola,0.8111111111111111,0.18888888888888888
Strychnos_puberula,1.0,0.0
Psychotria_cumanensis,1.0,0.0
Psychotria_golmanii,1.0,0.0
Ixora_aegialodes,1.0,0.0
Gongronemopsis_truncata,0.8111111111111111,0.18888888888888888
Diodia_discolor,0.7216928118677641,0.2783071881322359
Declieuxia_irwinii,0.8111111111111111,0.18888888888888888
