accepted_species,0,1
Palicourea_hyptoides,0.6360632,0.36393675
Gynochthodes_lacunosa,0.86809105,0.13190897
Stenaria_rupicola,0.9622695,0.037730515
Strychnos_puberula,0.95162964,0.048370387
Psychotria_cumanensis,0.9839381,0.016061887
Psychotria_golmanii,0.58066607,0.41933396
Ixora_aegialodes,0.9941941,0.0058059385
Gongronemopsis_truncata,0.9876273,0.012372668
Diodia_discolor,0.8609457,0.13905427
Declieuxia_irwinii,0.78694886,0.21305116
