"accepted_species","0","1"
"sp54",0.609541986260616,0.390458013739384
"sp162",0.609542518852349,0.390457481147651
"sp193",0.609542518852349,0.390457481147651
"sp201",0.660164145359478,0.339835854640522
"sp205",0.609542518852349,0.390457481147651
"sp206",0.609542518852349,0.390457481147651
"sp234",0.792821772260695,0.207178227739305
"sp250",0.825893584521185,0.174106415478815
"sp251",0.825893584521185,0.174106415478815
"sp252",0.839704136467906,0.160295863532094
