accepted_species,0,1
sp54,0.7885239126464054,0.21147608735359463
sp162,0.7988770966618624,0.20112290333813768
sp193,0.770644638649498,0.22935536135050202
sp201,0.8951533190588646,0.10484668094113533
sp205,0.7801630627067077,0.21983693729329237
sp206,0.7715262219938487,0.22847377800615132
sp234,0.8990117274226216,0.10098827257737843
sp250,0.8992357723678038,0.10076422763219618
sp251,0.8988848498691091,0.10111515013089095
sp252,0.8998770452790957,0.10012295472090431
