accepted_species,0,1
sp54,0.8870138,0.112986214
sp162,0.79081297,0.20918703
sp193,0.79081297,0.20918703
sp201,0.6331657,0.36683425
sp205,0.79081297,0.20918703
sp206,0.79081297,0.20918703
sp234,0.6331657,0.36683425
sp250,0.6331657,0.36683425
sp251,0.6331657,0.36683425
sp252,0.6331657,0.36683425
