"","c1","c2","c3","c4","c5","c6","c7","c8","c9","c10","c11","c12","c13","c14","c15","c16","c17","c18","c19","c20","c21","c22","c23","c24","c25","c26","c27","c28","c29","c30","c31","c32","c33","c34","c35","c36","c37","c38","c39","c40","c41","c42","c43","c44","c45","c46","c47","c48","c49","c50","c51","c52","c53","c54","c55","c56","c57","c58","c59","c60","c61","c62","c63","c64","c65","c66","c67","c68","c69","c70","c71","c72","c73","c74","c75","c76","c77","c78","c79","c80","c81","c82","c83","c84","c85","c86","c87","c88","c89","c90","c91","c92","c93","c94","c95","c96","c97","c98","c99","c100"
"t15",0.0186838110507022,-0.0248219259000428,-0.26338222537103,-0.185673680810535,-0.00890722730786118,-0.000871588234135229,-0.0279211620983713,0.00301849686943446,-0.00145085238956148,0.0096017062288902,-7.83430649131842e-05,-0.00157843024361008,-0.00025965427618294,-0.00367990013187284,-0.000355893727023559,-0.000231703564800945,-0.236510284752015,0.00666992760978014,-0.000208258317325524,0.00049734728679706,-0.000497697970265176,0.000225006764255689,-0.000141356770774386,-0.00151979121710219,5.24511612159059e-06,-2.11397016527874e-05,-0.000197439868979059,8.47670821727544e-05,-0.00014263285395065,0.000203296949253012,0.0011280545551176,0.000475010665756443,-0.000127462299873867,0.000121897425244562,-0.000218815440336026,-0.00047954265985513,-0.000885997993875516,2.54246195068797e-05,0.000677072097131537,-0.00318256951591465,0.903105409305787,-0.000785598776864095,0.0654992339470311,8.58674276948587e-05,0.000428235961118748,0.000283709275124511,-0.00210751382640402,0.000108599887984684,-8.37920416935585e-16,0.000424346191521981,-3.49161570793388e-16,-0.000596674363532251,1.80324147966495e-06,-3.89669350859714e-16,-5.54834322616102e-06,2.52982983478967e-05,1.70160312707069e-15,1.22317704989406e-07,-3.6758719916153e-16,-0.000243166360938742,-1.26287054875269e-15,2.98679283652722e-05,-1.85579639224095e-15,-3.56936035770113e-05,-8.79970497641025e-05,-0.0911986711126432,4.39057638874519e-15,1.38700902153409e-05,1.34403540348532e-16,-7.81337673884047e-06,-1.74748114773825e-15,-2.23335007206085e-06,5.62384424992256e-05,-1.78836352459576e-16,-3.35306040092131e-16,9.75918920986583e-16,-1.04399145975812e-15,-1.09383019859856e-16,5.98311955702263e-16,-2.25956313066982e-06,2.16784509837916e-16,8.43561758088527e-06,-3.23033586498096e-16,4.19335006535845e-16,-2.51004853832882e-05,6.44148376203731e-16,2.69485252716139e-16,-3.96602444303949e-16,1.06182120369275e-17,4.59146164046002e-16,-1.65128775290456e-16,6.12433063086794e-17,-3.25118619406065e-16,2.1891299522396e-16,-1.32821334062563e-15,-3.63751519892908e-16,1.05299705302475e-15,5.49514281652046e-16,1.12278702251899e-14,0.0999999999999975
"t99",0.0191141511332536,-0.0255989780408134,-0.276763275723226,-0.196856358395401,-0.00987742341161625,-0.000975655019201768,-0.031837406510565,0.00355218435589744,-0.00175290686879605,0.0116840481483382,-0.000100806041785161,-0.00203344296355763,-0.000354449452131389,-0.00517493848774089,-0.000569145394366575,-0.000390769546816322,-0.402557579058776,0.0117212689971529,-0.00037711388013193,0.00100467696355059,-0.00109292852393072,0.000609654918786893,-0.000417712488300466,-0.00460242887341891,1.96030527010759e-05,-0.000116242677298893,-0.00149523080158392,-0.000708255274635848,0.000607283638880547,-0.000764559033676407,-0.00338072435042121,-0.000753827707823681,0.000140530161370813,-0.000126233588200823,0.000194126816991788,0.000388158522869833,0.000624161068850239,-1.33165505643024e-05,-0.000350670021278069,0.00103670176564528,-0.276401624750948,0.000122792614731194,-0.0086851320574065,-8.69766779587788e-06,-1.10082791507169e-05,-5.02458718603571e-06,3.26132163350643e-05,-1.20420273866025e-06,-4.97367139526087e-16,1.05684930742417e-05,-1.14829105289197e-15,-1.83094956034516e-05,1.15466658291023e-07,-2.17288057732156e-15,-6.42104037332498e-07,3.20685755476522e-06,-1.86271248237799e-15,2.37503721177543e-08,-9.0273391073837e-16,-6.74755982570144e-05,-2.99562528997327e-15,1.43495716673195e-05,-3.4030722718316e-15,-2.75897935526099e-05,-6.8047590059476e-05,-0.365551960734351,1.95901602314797e-14,-2.29127915049143e-05,2.84283361902911e-15,3.67559947583625e-06,-6.77103011460157e-15,2.74627570032094e-07,-5.32365131234296e-06,1.28396297465757e-16,-1.5954797167507e-15,1.64024975719344e-14,-8.580780151422e-17,2.08807834362137e-15,1.52120264666774e-15,-2.49623280345665e-07,7.03942928257932e-15,1.25795385626551e-06,-1.74011199206588e-15,-9.31619062354007e-15,-4.62417329672805e-06,8.98530848007303e-15,2.84331562612628e-15,1.14500584340008e-15,6.82620183917694e-18,9.98274168811234e-15,-2.92152306742262e-15,2.83538515864834e-15,2.24706823534394e-15,7.02344401759096e-16,-5.28617403522731e-15,1.71688405889871e-14,-1.63416237403603e-15,-1.06197460011245e-14,-0.707106781186537,0.100000000000101
"t100",0.0191141511332534,-0.0255989780408131,-0.276763275723226,-0.196856358395401,-0.00987742341161593,-0.000975655019201658,-0.031837406510565,0.00355218435589713,-0.00175290686879642,0.0116840481483384,-0.000100806041785687,-0.00203344296355793,-0.000354449452130613,-0.00517493848774077,-0.000569145394367092,-0.000390769546815978,-0.402557579058775,0.0117212689971521,-0.00037711388013097,0.00100467696355138,-0.0010929285239313,0.000609654918786931,-0.000417712488301856,-0.00460242887341944,1.96030527007154e-05,-0.000116242677300297,-0.00149523080158497,-0.000708255274635272,0.000607283638877937,-0.000764559033674584,-0.00338072435041946,-0.000753827707823656,0.000140530161370191,-0.000126233588199907,0.000194126816993639,0.000388158522870781,0.000624161068851308,-1.33165505638874e-05,-0.000350670021279941,0.00103670176564489,-0.276401624750943,0.000122792614730504,-0.00868513205741002,-8.69766779574869e-06,-1.10082791499428e-05,-5.02458718199127e-06,3.26132163343311e-05,-1.20420273674058e-06,-9.68411591675921e-17,1.05684930711337e-05,-6.53214889745425e-16,-1.83094956065934e-05,1.15466658675772e-07,-2.08722956656063e-15,-6.42104037847418e-07,3.20685755354745e-06,1.82719860336595e-15,2.37503658275136e-08,-1.67541463651158e-16,-6.74755982633078e-05,-3.23984161082395e-15,1.43495716725375e-05,-3.0821826581004e-15,-2.75897935507326e-05,-6.80475900597362e-05,-0.365551960734376,1.78181261736932e-14,-2.29127915057792e-05,-8.80331949220065e-16,3.67559947617558e-06,-6.30834582387417e-15,2.74627567534776e-07,-5.32365131955876e-06,1.41715868617418e-16,3.22298573277293e-16,9.75234848134624e-16,-1.10199690252172e-14,3.64093711569198e-16,-9.25284657860634e-16,-2.49623275894008e-07,-1.67074179997878e-15,1.25795386012654e-06,4.48549612487655e-16,1.04376870691573e-14,-4.62417328230002e-06,-8.20364718911011e-15,-3.49177091517894e-15,-2.62403221783456e-15,2.33772942788193e-16,-8.4814877478892e-15,3.01902434828012e-15,-2.77242299714038e-15,-5.5464743726498e-15,-1.10176768945412e-15,-8.35033012608046e-16,-1.5433049521878e-14,1.62046226523742e-15,1.26821804106639e-14,0.707106781186559,0.099999999999878
"t52",0.0189979595102225,-0.025389609444032,-0.273175012404393,-0.193864306600173,-0.00962065719394188,-0.00094817446732492,-0.0308076937162767,0.00341285972850547,-0.0016745071859435,0.0111444008747528,-9.50520907955528e-05,-0.00191691852433811,-0.000330447479781907,-0.00479849708279691,-0.0005166246898653,-0.000351917625358179,-0.362056679114077,0.0104949874775036,-0.000336297122482511,0.000883810650799437,-0.000952533299875631,0.000520870356777911,-0.000354408870253126,-0.00389773663860825,1.63712433806654e-05,-9.52804414856994e-05,-0.00121261209191377,-0.000545584902707386,0.000457501793964331,-0.000572616345539172,-0.00250022242819318,-0.000529080813943315,9.43056020581407e-05,-8.39492100009562e-05,0.000126023649861935,0.000248098318825589,0.000388954050547549,-7.803687295739e-06,-0.000204980381575535,0.000540110470885409,-0.141593973685658,5.19772393932587e-05,-0.00351028508524111,-3.27011561057133e-06,-3.19689495944732e-06,-1.40481735065414e-06,9.01734625894496e-06,-3.25532501525697e-07,1.48006448313801e-15,2.27094757491227e-06,2.31506875511901e-15,-3.75534467161959e-06,1.65683341489866e-08,5.41520392461569e-15,-1.83738690607393e-08,2.77321103980898e-09,-1.61967827529297e-15,-4.56228620664435e-09,1.53767405691918e-15,3.14669937645177e-05,6.99812298833573e-15,-1.51608943164039e-05,7.96029062842586e-15,4.2443525455605e-05,0.000104708728015472,0.851055144547744,-4.36055894282237e-14,7.00205265158051e-05,-1.93378656671777e-15,-1.63317026348285e-05,1.63189252678263e-14,-2.82151381833114e-06,6.74997201088258e-05,-3.0843635960846e-16,8.64758313432907e-16,-2.04688231289144e-14,1.07356336947716e-14,-2.59028029728029e-15,5.63712930427998e-16,-1.81342855246262e-06,-5.15346973787852e-15,6.31351824886859e-06,9.21531343850067e-16,-1.50275818802793e-15,-1.77737233255298e-05,-1.15309120493821e-15,4.01563181880072e-16,5.32421559854368e-16,-2.24344547439211e-16,1.06907826038129e-15,-1.04835292881642e-15,1.35453975414064e-15,3.12824688177057e-15,7.18401302491592e-16,4.24987502992328e-15,-1.85850920081811e-15,1.59826816957678e-15,-6.31020755712122e-16,3.20576898360514e-14,0.100000000000024
"t55",0.0190164859561739,-0.0254240671960467,-0.273811911895448,-0.194415348029618,-0.00967808093914817,-0.000954586835821585,-0.0310693396298341,0.00345404843283025,-0.00170096516294165,0.0113333920788522,-9.77904685318197e-05,-0.00197276259831466,-0.000347000228951244,-0.00511985733082392,-0.00072112228193375,0.00212533359264614,0.33706955868319,0.0042061079006956,-0.000204990453859533,0.000697589282531842,-0.00078521056562157,0.00044387881275689,-0.000303277605563716,-0.00333789669451263,1.40504051693166e-05,-8.14775431691354e-05,-0.00103247660603165,-0.000447867275838004,0.000367154450324875,-0.000456498922252926,-0.00196307496921286,-0.00038404279276779,6.24911091645683e-05,-5.44374351901812e-05,7.66413693293001e-05,0.00014395860629048,0.000206711399639871,-3.09463139477435e-06,-8.00563102147475e-05,5.34142763492116e-05,-0.00858402361898436,0.000186958207932086,-0.51108854196837,4.16984627824673e-05,0.000131719678285329,8.67995629341474e-05,-0.000644128823013112,3.31433771396343e-05,-7.75857347716527e-16,0.000130411399811612,1.58164334500252e-15,-0.000183969265258545,5.6986947931262e-07,-1.90533333196216e-15,-1.83634419755305e-06,8.45603848968025e-06,-4.03411686636041e-16,4.31430223656183e-08,8.34257606005146e-16,-8.96244768950093e-05,-2.81191783416701e-15,1.12857922292369e-05,-1.32162099562803e-16,-1.29674035110485e-05,-3.1967102194982e-05,-0.00676002911013009,1.78175045859235e-15,8.44522495930045e-06,1.30315929901131e-15,-3.95923313480831e-06,-5.54209149100597e-16,-1.08562760923799e-06,2.72954947041657e-05,8.79848066568343e-15,-4.5847394352167e-13,0.707106781186549,-2.95656861724459e-12,-3.35390592919467e-13,-6.08135956827552e-14,-1.1145399802219e-06,-7.05817528525803e-15,4.21295885799258e-06,-5.74745063984046e-15,-6.24937204846387e-15,-1.27269806871094e-05,1.94036113891255e-15,-1.82116819288071e-14,-3.98281772187074e-15,1.77874765827817e-15,8.58493089128271e-16,-2.22121896160151e-15,-7.69317997805307e-16,2.33713182324787e-15,-3.79893665830143e-16,2.11554207814946e-15,-6.72382344142712e-15,1.80821607954455e-15,-2.39596572172713e-15,2.14273043752655e-14,0.100000000000006
"t56",0.0190164859561738,-0.0254240671960452,-0.273811911895449,-0.194415348029617,-0.00967808093914807,-0.000954586835821523,-0.0310693396298339,0.00345404843283027,-0.00170096516294173,0.0113333920788525,-9.77904685321447e-05,-0.00197276259831464,-0.000347000228951739,-0.00511985733082393,-0.000721122281934049,0.00212533359264636,0.33706955868319,0.00420610790069531,-0.00020499045385992,0.00069758928253215,-0.000785210565622291,0.000443878812757293,-0.000303277605563312,-0.00333789669451278,1.40504051692885e-05,-8.14775431694529e-05,-0.00103247660603175,-0.000447867275836906,0.000367154450322825,-0.000456498922253796,-0.00196307496921204,-0.00038404279276951,6.24911091643331e-05,-5.44374351889411e-05,7.66413693292188e-05,0.000143958606290529,0.000206711399638925,-3.09463139631568e-06,-8.00563102106415e-05,5.34142763458609e-05,-0.00858402361898522,0.000186958207933847,-0.511088541968376,4.16984627836342e-05,0.000131719678280731,8.67995629409073e-05,-0.000644128823017679,3.31433771407826e-05,-1.63920003795658e-17,0.00013041139980939,1.25867225513403e-15,-0.000183969265261419,5.69869480374429e-07,-1.10754311824884e-15,-1.83634419857976e-06,8.45603849082234e-06,1.03870738208692e-16,4.31430191564147e-08,-4.82666433814337e-16,-8.96244769042294e-05,4.84601481441786e-15,1.12857922270543e-05,3.52766806622975e-15,-1.29674035162124e-05,-3.19671021963175e-05,-0.00676002911016378,-5.17453221120469e-16,8.44522498875012e-06,-1.49817810506269e-15,-3.95923312454893e-06,8.96434960728218e-16,-1.08562761129012e-06,2.72954947073721e-05,-8.79715612290427e-15,4.58911799407693e-13,-0.707106781186546,2.95700867786938e-12,3.34761759056547e-13,5.93919865763229e-14,-1.11453990722449e-06,6.58665601249872e-15,4.21295883826915e-06,5.44734448970583e-15,5.69583037037794e-15,-1.27269806541189e-05,-1.88086192787224e-15,1.72162023737168e-14,4.52697634269793e-15,-1.57362546958354e-15,2.02362148832826e-16,2.03491959176342e-15,4.93146468443966e-16,-1.57550255185639e-15,5.64845035310738e-16,-3.44614705542994e-15,4.56555448418275e-15,-2.822996361436e-16,3.20800365807178e-15,6.32827124036339e-15,0.1
"t91",0.0190843768075414,-0.0255467045191964,-0.275925942434312,-0.196183033523292,-0.00983196540526774,-0.000971107365521115,-0.0316922151004145,0.00353926093660351,-0.00174938711770873,0.0116676220374031,-0.000101440976069774,-0.00204673236047382,-0.000362740412128589,-0.00537223188691383,-0.000768344119431852,0.00227791707292689,0.361628620181528,0.00452796894592618,-0.000221366119047935,0.000761467664655021,-0.000863643430173915,0.000496538477428866,-0.000341343758166074,-0.00376305779546116,1.60437310971836e-05,-9.47216105780339e-05,-0.00121319946107088,-0.00055713705853705,0.0004696367187546,-0.000588437665910198,-0.00257419928826738,-0.000545700392496741,9.65539401424214e-05,-8.57212175814464e-05,0.00012747508723734,0.000248934790583439,0.000383615014106984,-7.17665410518734e-06,-0.000187755402243786,0.000330173082426027,-0.0752689296482189,-0.000261935151805551,0.486375582794245,-2.31434561964032e-05,-3.22355335918711e-06,1.07904581571609e-06,-1.43719425546673e-05,1.36462938645858e-06,3.81753283555128e-16,2.26116853458457e-05,-1.25356798035338e-15,-3.52171702577807e-05,1.60690008032857e-07,1.18991459632335e-15,-7.10211555094482e-07,3.42250419284999e-06,4.07744398191575e-16,2.11216164091105e-08,-5.97713522867893e-16,-4.94256567395182e-05,-9.50246797770232e-16,6.88899763203491e-06,-1.16897363252296e-15,-8.21028522565365e-06,-2.02403425487815e-05,-0.00441849212501497,-4.50088354361341e-16,5.61118692911471e-06,-3.32550610309635e-16,-2.67718998593713e-06,-2.52825599319812e-15,-7.51790371399799e-07,1.89707673918763e-05,-2.74129162726656e-16,-1.32695036866436e-15,-2.50008143737258e-17,-6.88462442968359e-15,1.5443379149093e-15,6.62646991342617e-15,-8.11670141100122e-07,4.45984482803567e-15,3.1140192714411e-06,1.19608508706675e-15,5.4470258036712e-15,-9.55386911019648e-06,1.17361517572575e-15,-3.65938053106501e-15,-2.09731123227137e-15,-5.35747922881805e-15,6.50543299454263e-15,-4.49879978292678e-15,2.83698721207476e-15,2.60728770395357e-14,-1.04430992480685e-13,-0.707106781186549,-6.21871096827324e-14,4.84573054331264e-14,5.08538312918075e-15,1.9151347174784e-14,0.0999999999999902
"t92",0.0190843768075414,-0.0255467045191963,-0.275925942434313,-0.196183033523292,-0.00983196540526763,-0.000971107365521223,-0.0316922151004149,0.00353926093660331,-0.00174938711770865,0.0116676220374031,-0.000101440976069934,-0.00204673236047379,-0.00036274041212848,-0.0053722318869144,-0.000768344119431847,0.0022779170729264,0.361628620181528,0.00452796894592599,-0.00022136611904798,0.000761467664654614,-0.000863643430173996,0.000496538477428724,-0.000341343758166141,-0.00376305779546107,1.60437310966528e-05,-9.47216105778956e-05,-0.00121319946107094,-0.000557137058536729,0.000469636718753293,-0.000588437665910015,-0.00257419928826793,-0.000545700392496302,9.65539401422202e-05,-8.5721217582403e-05,0.000127475087237194,0.000248934790582862,0.000383615014107292,-7.17665410502465e-06,-0.00018775540224389,0.000330173082425808,-0.0752689296482191,-0.000261935151804696,0.486375582794246,-2.31434561975517e-05,-3.22355335926084e-06,1.07904581700762e-06,-1.43719425535505e-05,1.36462938694118e-06,6.50308622004104e-16,2.26116853448966e-05,-1.17426967103179e-15,-3.5217170258557e-05,1.60690008551252e-07,1.77540262292298e-15,-7.10211554047676e-07,3.42250419298722e-06,3.58802309026547e-16,2.11216143084759e-08,2.05662138237335e-16,-4.94256567375582e-05,-1.13566873706658e-15,6.88899762984472e-06,-3.12054546945692e-15,-8.21028522468535e-06,-2.02403425493248e-05,-0.00441849212502374,-5.8958646731776e-18,5.61118693089199e-06,4.62694422133502e-16,-2.67718998912055e-06,1.88333026502598e-15,-7.51790372075166e-07,1.89707673939149e-05,3.88460461185215e-16,2.33351578293799e-16,-5.31243796915103e-15,4.79607046023874e-15,-1.51468685669127e-15,-3.9741509332228e-15,-8.11670147304008e-07,-3.76227628125752e-15,3.11401927212114e-06,-1.64747132976774e-15,-4.31296272193067e-15,-9.55386911024062e-06,-6.91026136990342e-16,4.86347421794761e-15,5.28048631211816e-16,4.96398276067832e-15,-5.39395458981309e-15,3.7753552178927e-15,-1.75361623416367e-15,-2.7254495412585e-14,1.04797977241738e-13,0.707106781186546,6.31241572655306e-14,-4.6460643846559e-14,-3.36526321388483e-15,1.44884104713583e-14,0.100000000000004
"t12",-0.0908928967568523,0.0629418979534811,0.0255662727433932,-0.00835637248206052,-0.00231168153718365,-0.0246704100273732,0.00131728368099695,-0.00129755407813417,0.023548450463118,-0.116032055206329,0.444207859218995,-0.00415431204340202,-0.000249274951259499,-0.00340384975774185,-0.000686142199553798,0.00064918973233115,0.000171541366862194,0.00787485183522979,-6.58163293517415e-05,0.00859514962649222,-0.018259063217668,0.0154258032977467,-0.00667496793905499,-0.00265745366274216,0.000301513588221233,-7.24957411532371e-05,-0.035334320777491,-0.0117473144297584,0.026465824372054,0.000142047019485969,-4.99657185744566e-05,-3.31494567311466e-05,-5.70691645015091e-06,1.37075013437727e-05,-0.00158416742300814,-0.0020736687495427,-0.000325692747546813,0.000220270535907148,0.873042537196718,0.000102112017534151,-0.00115120266774741,-0.00177048103191945,8.98089240864501e-05,9.12087595450811e-06,9.73428606192716e-05,6.39477139404444e-05,-0.000277369760866707,0.000847891277255575,7.34002336396731e-16,6.00540078538154e-05,-8.76097557172198e-16,-8.53337971701974e-05,4.86560694914792e-07,1.48426435990177e-15,-4.8700807814899e-05,7.40795198194086e-06,-1.42875169468513e-15,1.13218994797335e-06,-2.75287654443221e-16,-0.00231298475946503,-1.77665829368762e-17,5.52489278052127e-06,-3.00166846274162e-16,-0.000150445990137069,-2.32679084891112e-05,-8.46218817955879e-05,9.9693709153029e-17,7.84329494184036e-06,-1.33961949839231e-16,-2.01817174603225e-06,4.93914338175275e-16,-2.678630317965e-05,0.000750910440086861,4.32607464632934e-16,-9.9714674903591e-16,1.94217933112898e-15,2.03181454576351e-15,-2.14070184641986e-16,3.3804026641571e-16,-2.96080088900682e-05,-3.6902266295395e-16,3.66313298828457e-06,-6.02788393971053e-16,-2.20880835570708e-16,-0.000329943393589829,7.57298183133508e-16,5.24949631790911e-17,-5.44816643903653e-16,2.41909290170921e-16,4.33892782375243e-16,-7.15662848033065e-16,4.46115446078319e-16,5.29959944776734e-16,-1.84130037673101e-16,-6.61322768904975e-16,-4.7762517553344e-16,1.15086612947324e-15,4.83048947535096e-16,1.71841707530263e-14,0.0999999999999979
"t57",-0.0920134363204782,0.0639946460322925,0.0262573081119529,-0.00862358265860796,-0.00244396114998873,-0.0262143785645296,0.00141369191209693,-0.00141631916455693,0.0260693331385905,-0.128947176846324,0.508605145718195,-0.00475960935218119,-0.000294528562611114,-0.0040855589760276,-0.00088087172721224,0.000856572576658323,0.00022740739244213,0.0106109213716385,-9.00402836247119e-05,0.0124169502583386,-0.0274689182075182,0.0255807476691749,-0.0114991003427947,-0.00462650543566824,0.000572029599110237,-0.000157598419494827,-0.0841890709103781,-0.0586828411220529,0.29360077457988,0.00239216997197316,0.00524174115885983,9.70800393179938e-05,8.10888108635447e-06,-1.73929671585757e-05,0.00152908162838783,0.00170492990819343,0.00020978860239116,-8.2107641136404e-05,-0.318352000480565,-1.21034948292102e-05,0.000109890892700502,-0.000119835103708428,8.21609940655516e-06,1.11298939592427e-06,1.86221621529617e-05,1.26766170216636e-05,-5.55174502191268e-05,0.000172893823620871,-3.84794849435185e-16,1.40361052701988e-05,1.19702725644249e-15,-2.03385132642256e-05,1.28431358108449e-07,-4.9177105139242e-17,-1.46045555073141e-05,2.27341891648513e-06,1.83726820698929e-15,3.89561539956658e-07,2.50853863749093e-17,-0.000870786506573069,-4.26229793895965e-16,2.27994239351171e-06,3.54866846471775e-16,-6.44384156612386e-05,-9.96624223283632e-06,-3.75160536115852e-05,7.80358491186159e-16,3.54240606246231e-06,4.61023301214602e-16,-9.30427714628501e-07,1.21130820910302e-15,-1.27130511296007e-05,0.000358015297679178,1.98935295310225e-15,-1.43170459204071e-13,-3.03306802193754e-12,-0.707106781186549,2.28941844395829e-12,1.75864245367105e-16,-1.50136887997937e-05,-2.17903706184831e-15,1.8967245919655e-06,1.55844820498473e-15,-1.28798260380816e-14,-0.000174726954410565,2.73626918022433e-15,2.18349688386171e-14,2.02807333307658e-16,2.04683662537997e-19,-8.27248134188173e-16,-6.7028742821079e-16,-2.07843803897911e-15,4.46423012143216e-15,1.11108381354053e-15,5.52953266117737e-15,-8.29758725502968e-16,2.11943368163503e-15,5.89798642229895e-16,1.05297714991792e-14,0.0999999999999992
"t58",-0.0920134363204782,0.0639946460322924,0.0262573081119529,-0.00862358265860797,-0.00244396114998893,-0.0262143785645294,0.00141369191209713,-0.0014163191645572,0.0260693331385906,-0.128947176846323,0.508605145718195,-0.00475960935218118,-0.000294528562611245,-0.00408555897602764,-0.000880871727212547,0.000856572576657982,0.0002274073924418,0.0106109213716389,-9.00402836247132e-05,0.0124169502583379,-0.0274689182075182,0.0255807476691747,-0.0114991003427953,-0.00462650543566796,0.000572029599109952,-0.000157598419494682,-0.0841890709103764,-0.0586828411220539,0.29360077457988,0.00239216997197305,0.00524174115885963,9.7080039318569e-05,8.10888108575176e-06,-1.73929671583839e-05,0.00152908162838798,0.00170492990819098,0.000209788602390201,-8.21076411355909e-05,-0.318352000480569,-1.21034948291715e-05,0.000109890892699423,-0.000119835103707665,8.21609940833412e-06,1.11298939266749e-06,1.86221621579223e-05,1.26766170203724e-05,-5.55174502143921e-05,0.000172893823620657,-6.66678567192249e-16,1.40361052694008e-05,-6.77108378895606e-16,-2.0338513262775e-05,1.28431357668281e-07,-1.56311795181132e-15,-1.46045555087396e-05,2.27341891610016e-06,-5.17049649583819e-16,3.89561539933821e-07,2.86270555978226e-16,-0.000870786506572535,2.43800760627721e-16,2.27994239790426e-06,-4.73120154302394e-16,-6.4438415663926e-05,-9.96624223377675e-06,-3.75160536306967e-05,-1.31867848955434e-15,3.54240605722355e-06,-7.71973290832991e-16,-9.30427715423085e-07,-1.41808622101229e-15,-1.27130510940269e-05,0.000358015297687277,-2.46120591691968e-15,1.43777976407996e-13,3.02902377882502e-12,0.707106781186546,-2.28911610036904e-12,7.8603794740345e-16,-1.5013688684545e-05,2.5397132253075e-15,1.89672460500609e-06,-1.4761155904928e-15,1.37087927217558e-14,-0.000174726954415224,-2.73408570077705e-15,-2.2149876632213e-14,-6.55217255520856e-16,-1.68254641731514e-16,1.88659554566106e-15,6.95754207273104e-16,2.6479520318167e-15,-4.84625588578493e-15,-2.37406605212806e-16,-6.51291770905363e-15,4.72941975153096e-16,-9.07724917179392e-16,5.39802868905566e-16,2.1687512896662e-14,0.100000000000005
"t5",-0.089380605416879,0.0615169904557235,0.0246246600185933,-0.00799110712439123,-0.00212795507572665,-0.0225188221913488,0.00118205848917286,-0.00112912078393137,0.0199404592673697,-0.0975015305956137,0.350023438927526,-0.00326867132484212,-0.00018175442026997,-0.00237658315358051,-0.000380209760783297,0.000317901918695411,8.20427928946953e-05,0.0034483912635267,-2.62687278916059e-05,0.0021519144055179,-0.00236362616576961,-0.0030863416308878,0.00230379493572016,0.00102823457745071,-0.000228295991350761,0.000105899637094767,0.0715934622164205,0.123460816662643,-0.888019952902952,-0.00798895402603936,-0.0218914607507182,-0.00173970721714045,0.000126061423073793,-0.000197847123282774,0.00990515573511466,0.00839060458437936,0.000686183454121214,-5.60484376892059e-05,-0.186778626042919,7.33513695904563e-05,-0.00089852362506803,-0.00198669833401689,0.000104092213835945,1.09640950851913e-05,0.000124861102862869,8.24617182005452e-05,-0.000358187770192366,0.0010979735499695,5.15625854085622e-16,7.93381115300653e-05,1.22636259043438e-16,-0.000113051737297568,6.53810191862678e-07,4.00309938060193e-16,-6.65115966675483e-05,1.01444760287264e-05,3.01403781572533e-16,1.56897799908902e-06,-3.4408462436376e-17,-0.00322858203298032,1.10854777540498e-16,7.74948236090888e-06,-5.21879101483041e-16,-0.000211254237566382,-3.26725006512889e-05,-0.00011888433462065,8.78491551115309e-17,1.10194890428349e-05,4.47384279607459e-16,-2.83505175584376e-06,-8.8935257731629e-17,-3.76073862240031e-05,0.00105412721680878,8.46119629108409e-18,-1.92711078830727e-16,3.33565327651186e-16,-1.04442128378874e-15,-1.05641897617593e-15,4.35875472286309e-16,-4.14436954368766e-05,1.71454656738501e-16,5.1197353604904e-06,8.847031797647e-17,-6.82458253102552e-17,-0.000460244624013528,-1.68922378207353e-16,9.24114078299076e-16,-4.48716932452582e-16,2.90237734204133e-17,1.16265381876007e-15,-2.66665323012973e-16,6.23463613600438e-16,-3.63839288368439e-16,-4.30085680817605e-16,-1.89285429209001e-15,2.65398933449128e-16,6.46167708011811e-16,6.39605668048584e-16,1.40894240718836e-14,0.1
"t2",-0.0917571806183433,0.0641164740788112,0.027114209814193,-0.00916586863421999,-0.00512344014987247,-0.117794782884295,-0.00189431369210255,0.000121899213204762,0.00131251961574488,-0.00827638700105088,0.0295100574679271,-0.000269923980367913,9.29144855083077e-06,0.000363200558439616,0.000336391588252588,-0.000443167489834477,-0.000123140883037368,-0.00665290356415099,6.38763798695282e-05,-0.0127819021140158,0.0356177851034407,-0.0546627820354582,0.0841018257476673,0.00859382569217759,-0.00196399444453316,0.00101421651324239,0.956236374000983,-0.160208766830176,0.0988848433616351,-0.000426439425556966,-0.00682493241198484,-0.00134652045156474,0.000113220009156767,-0.000180110345243025,0.00918742802496848,0.00777755074898353,0.000618575278303103,-1.16812145828548e-05,-0.00987487679378295,9.94611520994371e-05,-0.00119941279671047,-0.00251514508545626,0.000131306858958131,1.37768711845308e-05,0.000155832678525716,0.000102857343537901,-0.000446710128319459,0.00136891241857523,1.08217730938612e-16,9.86897562830895e-05,-3.94902686936915e-17,-0.00014057880117174,8.11510146779233e-07,2.82714532093379e-16,-8.23453344934269e-05,1.25532256572627e-05,1.92602614383282e-16,1.93626798875058e-06,1.35278406151431e-16,-0.00397436149069916,-1.37942703678174e-16,9.51091600559323e-06,-2.92979835753789e-17,-0.00025893299336974,-4.00464474401947e-05,-0.000145553409977245,-6.29774315652665e-17,1.34859765351276e-05,-1.07665106790819e-16,-3.47019874487069e-06,1.34457376136814e-16,-4.69223243082283e-05,0.00560713565618792,-4.04669540091182e-16,-5.17081974283572e-16,-7.54095763460734e-16,-1.72198074223262e-15,-2.43379742066833e-18,-2.89523356317932e-17,-0.000215312050514619,9.90299883961185e-17,6.19268019448752e-06,1.02358849457567e-16,-2.12230366513162e-16,-0.00234741579614191,5.88493004340436e-16,1.21463145945561e-16,-3.59439767425893e-16,-3.47509377890915e-17,4.52469283407734e-16,-2.4076944860471e-16,2.7777648778133e-16,-1.38767435776176e-16,-2.53649722418871e-18,-7.66761743309229e-16,2.36873395663759e-16,5.86803042136177e-16,3.16063682966288e-16,1.68996761029661e-14,0.0999999999999985
"t93",-0.104213647072229,0.0765553339599437,0.0368303784646402,-0.0133383745063463,-0.0118262762906866,-0.311298936751294,-0.00704282359178002,0.00159714363494719,-0.0145329718585403,0.060575108680909,-0.0574447746404792,0.000516953079440583,-9.7924271508406e-06,-0.000306637004656397,-0.000140755116562876,0.000146544562394172,3.91418454662121e-05,0.00184467608902921,-1.55668184525453e-05,0.00182468000924032,-0.00258852672700632,-0.0166849629374363,0.441596525729431,-0.0237699978314008,0.000578032365073157,-0.00014706226175372,-0.102918388082192,0.00301512824531238,0.000245332448588292,-3.09891323848744e-06,-0.000113674590231587,-6.21322813913711e-05,7.22179728431619e-06,-1.20265074339645e-05,0.00068004763301257,0.0006082468142872,5.2177965601938e-05,-1.12746586936355e-06,-0.000957386451554956,1.12187429106032e-05,-0.000137474521269439,-0.00032677710844667,1.74108150552308e-05,1.87689229527991e-06,2.26762908790925e-05,1.50724016695524e-05,-6.55874668321204e-05,0.00020175940912655,3.82145161636462e-16,1.50081883371351e-05,7.28641157593589e-16,-2.14855804209417e-05,1.27622642089941e-07,7.40923745712255e-16,-1.35161067977078e-05,2.07864313684667e-06,-7.39454683265485e-16,3.36924334536814e-07,7.06006407051985e-16,-0.00072611513891853,9.37914950176043e-16,1.85403683801581e-06,-4.59492888459834e-16,-5.22290650117415e-05,-8.07790701675289e-06,-3.05448163837371e-05,-1.13966306198273e-15,2.90803083003384e-06,-1.51423729326454e-15,-7.79475905193415e-07,1.95901675886595e-15,-1.34915100368635e-05,0.0123057592786724,-1.33741924494934e-15,1.61617426690254e-15,-4.19694457668831e-15,-2.17506463911292e-15,-8.12309754996829e-15,2.59082304122376e-15,-0.000570963956694225,-4.29834651678746e-15,2.27469326402259e-06,5.40050723609809e-14,-5.74318738792755e-14,-0.401053926472203,7.30333732130037e-15,-6.7028049345048e-15,-9.92996467868665e-16,-2.3982891657567e-15,9.04789444836828e-15,-5.36913222715238e-15,-1.24545041806341e-14,6.56952166913602e-15,4.81501912709538e-15,-6.38530428245328e-14,0.707106781186545,-7.48889085616095e-15,-1.61202448290108e-13,3.68455266297474e-14,0.0999999999999955
"t94",-0.104213647072229,0.0765553339599437,0.0368303784646402,-0.0133383745063464,-0.0118262762906866,-0.311298936751295,-0.00704282359178005,0.00159714363494789,-0.0145329718585401,0.0605751086809087,-0.057444774640479,0.000516953079440746,-9.79242715098671e-06,-0.000306637004656625,-0.000140755116562963,0.000146544562394117,3.91418454657247e-05,0.00184467608902901,-1.55668184527084e-05,0.00182468000924063,-0.00258852672700732,-0.0166849629374358,0.441596525729431,-0.0237699978314006,0.000578032365072891,-0.000147062261754263,-0.102918388082191,0.00301512824531265,0.000245332448587652,-3.09891323762698e-06,-0.000113674590230925,-6.21322813913297e-05,7.22179728506058e-06,-1.20265074343478e-05,0.000680047633010565,0.000608246814286852,5.21779656003955e-05,-1.12746586893775e-06,-0.000957386451555464,1.12187429107274e-05,-0.0001374745212703,-0.000326777108446911,1.74108150576902e-05,1.87689229220243e-06,2.2676290878677e-05,1.50724016684222e-05,-6.55874668343508e-05,0.000201759409127108,-4.22903754042258e-16,1.50081883386145e-05,5.48238943527293e-16,-2.14855804234827e-05,1.27622641332056e-07,7.38628706216931e-16,-1.35161067947484e-05,2.07864313626254e-06,3.64735193029049e-17,3.36924333966602e-07,-1.13884862712792e-15,-0.000726115138921414,-4.8301749729169e-16,1.85403684325206e-06,-2.72995466517595e-15,-5.22290650156737e-05,-8.07790701443817e-06,-3.05448163869151e-05,-1.1781388000527e-15,2.9080308318961e-06,-1.18084241231172e-15,-7.79475902928548e-07,-1.64330723570993e-15,-1.34915100456449e-05,0.0123057592786616,5.30456440410165e-17,-1.89058942388561e-15,-1.51708052857176e-14,-6.08609340305862e-16,-3.65676213667642e-15,1.78333393429868e-15,-0.000570963956703147,-1.29697500798454e-15,2.27469326412932e-06,4.83568507584707e-14,-5.61963038176665e-14,-0.401053926472195,2.82465267739616e-15,-1.61962381709706e-14,-8.5066712140408e-15,3.77378831427149e-16,-7.09720935142926e-15,1.44314671415781e-15,1.09444233771311e-14,-7.19099242806094e-15,-3.45966659507922e-15,6.21017593191912e-14,-0.70710678118655,5.18944165679081e-17,1.53387819526568e-13,3.97251675998689e-15,0.0999999999999923
"t76",-0.104044720108457,0.0763885249030246,0.0367034296933171,-0.0132845294902146,-0.0117450074139138,-0.308983251266124,-0.00698277376521649,0.00158067828612521,-0.0143625310044972,0.0598419442339043,-0.0565895328244216,0.000509227106844051,-9.62025341559857e-06,-0.000300857767994543,-0.000137417558265972,0.000142811965100967,3.81334959313265e-05,0.00179534318823068,-1.51367791279697e-05,0.00176893375616412,-0.00250437006310876,-0.0160743526953509,0.424819978995243,-0.0228582229590985,0.000554273520778957,-0.000140492017330554,-0.0981159461928108,0.00284693942155144,0.000230735379156115,-2.91156263819485e-06,-0.000106571333822909,-5.77529489457091e-05,6.66684541001296e-06,-1.10875500418683e-05,0.000624776929190291,0.000557593571156509,4.76673560596974e-05,-1.0218703121762e-06,-0.000867449932999598,1.00316744699299e-05,-0.000122710267680213,-0.000286573653179401,1.52124687469832e-05,1.63110781777991e-06,1.93963286421355e-05,1.2867035719277e-05,-5.59595435961943e-05,0.000171951036988642,-1.88546956332642e-16,1.26655474668324e-05,-1.04449004824976e-15,-1.81009276117208e-05,1.06385728641891e-07,-1.212433027224e-15,-1.10555316724881e-05,1.69271783542806e-06,8.85946202423376e-16,2.66441125304483e-07,4.31098147493659e-16,-0.000552958680045159,-3.34014967328112e-16,1.31840627335808e-06,2.75912700417545e-15,-3.54685151643616e-05,-5.48548583553099e-06,-1.95040456447103e-05,2.12199316235954e-15,1.77424642303639e-06,2.10886564475043e-15,-4.44917662492524e-07,-1.19175396665414e-17,-6.65865213675504e-06,0.00588370664188151,7.82535823489986e-16,-4.65129285841854e-16,1.88975150790146e-14,2.55442909862834e-15,1.26195472560955e-14,-3.35457438790543e-15,-2.49702161589247e-05,5.9464014698652e-15,-9.19592868665304e-07,-1.05380123236758e-13,1.17762353294502e-13,0.82354637719584,-1.08887794673926e-14,2.29741872406294e-14,8.51307392304725e-15,2.06571849718745e-15,-3.18156530879371e-16,3.17628793988144e-15,2.49418164359898e-15,5.71911167862883e-17,-1.19333854733554e-15,-9.0409710903543e-16,4.08682076345728e-15,9.72416957140159e-15,9.20297044124167e-15,7.8756445809347e-15,0.100000000000014
"t61",-0.104856326811194,0.0772048939300764,0.0373521099069812,-0.0135654088905146,-0.0122158863035329,-0.322702443590175,-0.00735453668210451,0.00169067977630182,-0.0155772221950668,0.065160688117635,-0.0637381037918469,0.000574006073465671,-1.1304627709415e-05,-0.00036226824074428,-0.000190117426149398,0.000214087153834574,5.80748717808489e-05,0.00290412778234969,-2.61458489251254e-05,0.00439693484331571,-0.0114593510971803,0.0250542668622271,-0.304524980160463,0.0134065976357513,-2.5398671549641e-05,-3.32297107944875e-05,-0.0317266127117857,0.00146316466419821,0.000127057326822919,-1.62546732429617e-06,-6.10141009306038e-05,-3.52777416250482e-05,4.19147015043996e-06,-6.99969432445396e-06,0.000398038239416059,0.000356889387443498,3.06916397057422e-05,-6.63522573336412e-07,-0.000563372139672791,6.531784162185e-06,-7.98628516461494e-05,-0.000184270554579384,9.74251219785843e-06,1.03765467566616e-06,1.20350387938357e-05,7.95499320963163e-06,-3.45604813441278e-05,0.00010597247716014,1.54962357280199e-15,7.64864578217306e-06,-1.17039642021274e-15,-1.08893228662622e-05,6.23764358309305e-08,1.9279447505286e-16,-6.13387935908593e-06,9.25380700400018e-07,-4.8863884860071e-16,1.29232800063591e-07,-5.82120640252829e-16,-0.000212286139523748,-1.16109348019715e-15,1.5655291500348e-07,-1.83628198475339e-15,5.09106927372948e-06,7.88596211865435e-07,1.29525998245252e-05,-2.27996666918648e-15,-2.22085371329739e-06,3.98187487315885e-15,1.20907340998213e-06,6.765947776401e-15,0.000159390464180461,-0.642824824531559,9.15948749692284e-15,-8.90254344024341e-15,-3.26453467651596e-14,5.14961978490511e-14,-3.438505150079e-15,4.24708385894605e-14,-0.592109650826106,2.54791656947255e-15,2.06087659008118e-06,4.28772308558143e-15,-3.44588346100526e-15,-0.00644905144013087,6.73074120081362e-15,-1.9875758151267e-15,-4.66373777488165e-15,1.15051022075174e-15,-6.85087310610852e-16,1.02434248863045e-15,1.22816556034943e-15,-2.35067844245704e-15,-1.33226652514156e-15,-2.63986391389418e-15,8.47297026494773e-15,2.60267797954588e-15,2.51447791697134e-15,1.42490186316735e-14,0.100000000000016
"t64",-0.104940893070793,0.0772887556151434,0.0374165774695193,-0.0135928865481011,-0.0122584320628942,-0.323921528873613,-0.00738650598233452,0.00169962256738515,-0.015671435313084,0.0655679592667882,-0.0642331171547678,0.000578482056106836,-1.14093399909376e-05,-0.000365882059112986,-0.000192547103790604,0.00021704566427076,5.88874714340486e-05,0.00294646940145463,-2.65409452984023e-05,0.00447124295131702,-0.0116670053819211,0.0255735356203713,-0.311113064266618,0.0136998677504465,-2.60005620056569e-05,-3.40980462529917e-05,-0.0325995472608705,0.00151314816386577,0.000131760910935819,-1.68686196154649e-06,-6.34170511938708e-05,-3.69011904629326e-05,4.4079323228075e-06,-7.36906214720473e-06,0.000420232373638888,0.000377473019018431,3.25571457601058e-05,-7.08783347171017e-07,-0.000601971228008863,7.06740464385157e-06,-8.65657544071446e-05,-0.00020358369299421,1.0810261534011e-05,1.15892363172057e-06,1.37271743836456e-05,9.09887412421965e-06,-3.95619355499442e-05,0.000121504142847974,1.02650643737834e-15,8.90218737585684e-06,-3.04115059955988e-16,-1.27087512064417e-05,7.41186982378382e-08,-9.82233845014311e-16,-7.56414000434278e-06,1.15234152646592e-06,9.39007830863271e-16,1.7403498885987e-07,5.08382476763198e-16,-0.000334261771089207,-8.97931115828037e-16,6.17739378725778e-07,2.45553582328834e-16,-1.16698050736189e-05,-1.80417060109935e-06,-8.95714605568185e-07,-1.13058636679462e-15,-4.93609124090056e-07,9.27882432169865e-16,4.8714249684372e-07,8.0941492367948e-15,8.67953817543628e-05,-0.359481599944326,2.75158664474753e-15,8.43650018297536e-15,3.95041282311817e-14,-6.30185035425302e-14,-9.52934890615783e-15,-4.68691295363852e-14,0.793411723035629,3.90151138652144e-15,1.90657905868145e-06,-6.55325652371753e-15,5.46997385479022e-15,-0.00566519769157127,-7.10061014899378e-15,4.47636098089929e-15,7.203925232998e-15,-3.92690367975836e-15,1.99180094632473e-16,-2.19566851016909e-16,-1.63115887230306e-15,1.38794820158002e-15,7.64366003172168e-16,3.05738475844452e-15,-2.48388363183331e-15,1.16254877180955e-15,-8.23478339431721e-16,1.13034581694649e-14,0.0999999999999945
"t97",-0.105264824188898,0.0776099433633992,0.037663408459643,-0.0136980765107615,-0.012421190343231,-0.328584461668254,-0.00750875335885466,0.00173380354377845,-0.0160314059552003,0.0671239179906651,-0.0661229539472468,0.000595569985960597,-1.18088303831317e-05,-0.000379664758428852,-0.000201802010049957,0.000228309810548113,6.19811058365938e-05,0.00310762626607289,-2.80443797682272e-05,0.00475378627925254,-0.0124561667988965,0.0275448129001458,-0.336113844858349,0.0148126743720049,-2.82827461321715e-05,-3.73873443102378e-05,-0.0359044907925174,0.00170191495849678,0.000149506091459139,-1.91842333773464e-06,-7.24750891514464e-05,-4.30070667261925e-05,5.22057644736296e-06,-8.755253762155e-06,0.000503446939380308,0.000454604128723859,3.95410908970367e-05,-8.77865657208331e-07,-0.000746155091452041,9.06099998434096e-06,-0.000111502024350195,-0.000275082486878772,1.4759079904573e-05,1.60673178026808e-06,1.99476663029558e-05,1.33015636262267e-05,-5.79346536109887e-05,0.000178541211458149,-7.56530339811208e-16,1.34925708797133e-05,1.15556703467938e-15,-1.93680849659482e-05,1.16964816414962e-07,1.52723681460858e-15,-1.27539556086023e-05,1.97480230441585e-06,-4.91273764308713e-16,3.34956684323291e-07,1.16805922169215e-16,-0.000767259142163196,1.52961214162632e-15,2.21863538090832e-06,-8.61466062909363e-17,-6.89363697339692e-05,-1.06627243213558e-05,-4.71703258354376e-05,1.45952382747996e-15,5.17933148100922e-06,-1.77860558920282e-15,-1.82184110901716e-06,-7.50553442525205e-15,-0.000131055095638723,0.478108777342768,-5.07845822479833e-15,3.83974584308726e-16,-7.34816277767487e-15,5.03561987483565e-15,5.98101403060161e-15,3.44540261272877e-15,-0.0997579411647003,-2.79069369271827e-15,1.15157546781808e-07,2.63464599205865e-15,-4.70831301767118e-15,-0.00119439109771108,-9.04671812815543e-16,-7.09563338551877e-16,-2.25896881588461e-16,2.6070226730884e-15,1.04319483156498e-14,3.44635954979146e-15,-6.59781043940259e-16,5.72463129432846e-15,-4.90749361118356e-15,-7.43263692053123e-15,-1.60610004973721e-13,5.45706037954062e-14,-0.707106781186547,2.99482660892636e-14,0.0999999999999983
"t98",-0.105264824188898,0.0776099433633993,0.037663408459643,-0.0136980765107615,-0.012421190343231,-0.328584461668254,-0.00750875335885465,0.0017338035437785,-0.0160314059551999,0.0671239179906651,-0.0661229539472468,0.000595569985960912,-1.18088303829426e-05,-0.000379664758428839,-0.00020180201005004,0.000228309810548186,6.19811058363354e-05,0.00310762626607272,-2.8044379768029e-05,0.0047537862792523,-0.0124561667988963,0.0275448129001457,-0.336113844858349,0.0148126743720052,-2.82827461321978e-05,-3.73873443098636e-05,-0.0359044907925174,0.00170191495849689,0.00014950609145936,-1.9184233385408e-06,-7.24750891540107e-05,-4.30070667273638e-05,5.2205764467172e-06,-8.75525376148551e-06,0.000503446939380689,0.00045460412872414,3.95410908973581e-05,-8.77865657314803e-07,-0.000746155091451861,9.06099998448299e-06,-0.000111502024349987,-0.000275082486879091,1.47590799039706e-05,1.60673177885477e-06,1.99476663024267e-05,1.33015636265213e-05,-5.79346536112403e-05,0.00017854121145766,-1.24595016564858e-15,1.34925708793993e-05,7.07428146325641e-16,-1.93680849653225e-05,1.1696481616999e-07,-4.6649474757665e-16,-1.27539556080655e-05,1.97480230403799e-06,1.80736876715449e-16,3.34956684819413e-07,6.85016474709752e-17,-0.000767259142165173,-2.44600020951275e-17,2.21863538152245e-06,1.05886737998833e-15,-6.89363697340335e-05,-1.06627243231514e-05,-4.71703258335052e-05,1.52095884568608e-15,5.17933148278438e-06,-2.32845745908885e-15,-1.82184110831337e-06,-6.3425368087313e-15,-0.00013105509563549,0.478108777342769,-5.95673839763265e-15,-4.04131928808556e-16,-1.81092544235691e-15,4.89684199675762e-15,5.71260275670996e-15,2.74154374966924e-15,-0.0997579411646972,-3.14343620156463e-15,1.15157546758237e-07,4.47200952560275e-16,2.19584953408511e-16,-0.00119439109772606,2.38196858529993e-15,-1.6217287298559e-15,-3.32988821991918e-15,-1.32376145618519e-16,-7.01072802576295e-15,-5.32717832892018e-15,2.18731543307837e-15,-5.12526860893828e-15,6.28481536956861e-15,3.31570973662107e-15,1.5433251153682e-13,-5.51590605157963e-14,0.707106781186548,6.49133524710521e-15,0.0999999999999902
"t38",-0.105684477664162,0.0783041323973706,0.0389574734810863,-0.0145033374837378,-0.147075085186578,0.107119419039279,-0.00298137618678601,0.00080332581417403,0.327262710240233,0.0886412088764998,-0.0439005029023753,0.000392226154154666,-1.20074309139428e-05,-0.000311364535131203,-0.000133750446031153,0.000142429360616505,3.82664593088691e-05,0.00184997510058352,-1.61225704911043e-05,0.00238003340179668,-0.00551117023401627,0.0179416249982419,-0.00091834321927238,-0.000509056572324508,8.06790334562124e-05,-2.15018228154317e-05,-0.0105477229598457,-0.0156000726869711,0.000183737585082234,-4.5712465489142e-06,-0.000112336595484177,-3.81590095762883e-05,3.54301791349861e-06,-5.71468472519633e-06,0.00144013104994221,0.000202041462050503,1.59718369434621e-05,-2.25823096046058e-07,-0.000169097073923651,1.83004137319022e-07,1.4115510424996e-06,9.94220260442724e-05,-6.51137220778679e-06,-9.04679402642124e-07,-1.94981825025472e-05,-1.38876320385776e-05,6.1977684363663e-05,-0.000845407264363483,7.9249180358497e-16,-1.87629002199938e-05,-1.20519861574835e-15,2.81194765460731e-05,-2.19244369952179e-07,1.09749164305638e-15,0.00015745323677433,-6.36768128351308e-06,4.55255796725821e-16,-9.83865311381389e-06,-1.32792685309544e-15,0.90557824101429,-1.5117978308068e-14,1.31258939540182e-05,-9.38781136449508e-15,-0.000261211298717631,-4.03923951600408e-05,-0.00011900312975203,-2.21090848357144e-15,1.00487241761718e-05,1.16671786320912e-15,-2.36174644919841e-06,3.69637542651997e-16,-0.0133323269829606,0.000688059547521722,-1.56291260306902e-15,2.00944044880281e-16,-6.33262878878279e-15,-3.34879968950971e-16,1.41562200320586e-16,-8.84740195228009e-16,-2.27746555242117e-05,-4.3368262002641e-15,2.99537077052922e-06,1.08635455869723e-15,-2.95384898327167e-15,-0.000230185199916808,-1.97703268973214e-15,4.85100717768728e-17,-3.05005504223665e-16,-5.53927249810824e-16,3.10437870801729e-15,1.5410252234992e-16,4.06815388374883e-16,-9.61144738313066e-16,1.0924654150786e-16,-2.205552820021e-15,-1.9689630787797e-15,-4.37639652450891e-17,1.80885088941225e-15,1.98278893304149e-14,0.0999999999999972
"t72",-0.10680799235784,0.0794290723938169,0.0398536692420036,-0.014896329552122,-0.154051374644635,0.112650974739824,-0.0031597920669284,0.00086252461861276,0.355106960667109,0.0964553193366214,-0.048804986585597,0.000436240452628679,-1.36394290768394e-05,-0.00035737988606267,-0.000160073345981965,0.00017319021284447,4.66552444572266e-05,0.0022761453235446,-2.00018406588746e-05,0.00303762750007314,-0.00717430064996156,0.0243905832908639,-0.00126794663750585,-0.000705773832798075,0.000115481780346214,-3.21630727165711e-05,-0.0161903484833651,-0.0273584091160204,0.000343060164246625,-8.68206707593638e-06,-0.00022153479022574,-8.92078522264932e-05,9.80744842897953e-06,-1.64201093526351e-05,0.00460072211193011,0.000695064456299695,6.2730528643388e-05,-1.33529608156963e-06,-0.00102067487149416,1.38415219907191e-05,-0.00017003341375391,-0.000418963216586273,2.25450343245819e-05,2.46942415423022e-06,3.17608235301714e-05,2.14779586235747e-05,-9.44765588408532e-05,0.00125276220331799,1.90731495294487e-16,2.2095774078151e-05,-3.40404791310154e-16,-3.19229169516562e-05,2.01570927821108e-07,-1.53888878415083e-15,-0.000104331548319507,3.93363657732624e-06,-9.86532697489166e-16,3.96336309460537e-06,-7.05362764339634e-17,-0.21933920784093,2.8872392805448e-15,-1.11850974007498e-06,2.43321609550018e-15,5.92832846443444e-06,9.15184537079152e-07,-4.29699956293675e-06,1.52733294183554e-15,7.00202206204118e-07,1.02846345641536e-14,-2.67525671636095e-07,1.95621835131433e-15,-0.496432580756804,-3.38127408527462e-05,-8.0075736810909e-16,6.00505135505287e-15,-8.66860025388985e-17,1.46565915284155e-14,-7.8556535808761e-16,4.07217850712114e-16,-4.85963322395883e-06,6.96472065438764e-16,7.37755802867666e-07,1.18879799350938e-14,2.8563862501535e-14,-6.44490143186108e-05,0.70710678118655,-1.0901290134444e-14,2.39883483074422e-15,-6.36334091460043e-16,-3.2597231910774e-15,-2.60457482831939e-15,4.55204865809641e-15,3.80987002097742e-15,2.50246832644781e-15,1.93988577248003e-16,1.01295807609231e-15,4.00568398672811e-15,-3.7072009985809e-16,2.27803886865274e-14,0.100000000000012
"t73",-0.10680799235784,0.0794290723938169,0.0398536692420036,-0.014896329552122,-0.154051374644635,0.112650974739824,-0.00315979206692838,0.000862524618612856,0.355106960667109,0.0964553193366213,-0.0488049865855967,0.00043624045262862,-1.36394290762828e-05,-0.000357379886062686,-0.000160073345982202,0.00017319021284419,4.66552444574383e-05,0.00227614532354463,-2.00018406589358e-05,0.00303762750007306,-0.00717430064996172,0.0243905832908638,-0.00126794663750691,-0.000705773832798078,0.000115481780345784,-3.21630727169012e-05,-0.0161903484833643,-0.0273584091160202,0.000343060164246943,-8.68206707543095e-06,-0.000221534790225361,-8.92078522261852e-05,9.80744842919949e-06,-1.64201093508382e-05,0.00460072211193026,0.000695064456298911,6.27305286434608e-05,-1.33529608128702e-06,-0.00102067487149341,1.38415219909616e-05,-0.000170033413753219,-0.000418963216586293,2.25450343249167e-05,2.46942415290083e-06,3.17608235310486e-05,2.14779586225e-05,-9.44765588403624e-05,0.00125276220331749,3.12752800962346e-16,2.20957740779677e-05,-3.35192543585889e-16,-3.19229169537061e-05,2.01570927514665e-07,3.19279792985316e-16,-0.000104331548319446,3.93363657710919e-06,-3.18654052657137e-16,3.96336309518786e-06,1.72025059023396e-16,-0.219339207840934,4.10927714470068e-15,-1.11850974272971e-06,2.49101050888119e-15,5.92832846093319e-06,9.15184535698492e-07,-4.29699956485709e-06,7.69787691196525e-16,7.0020220749294e-07,3.77401804833808e-15,-2.67525669935214e-07,-6.79199287120393e-16,-0.49643258075681,-3.38127408542677e-05,2.01644819795077e-15,-1.0114037009875e-15,3.09826629935451e-15,9.62589344808302e-15,-1.55339623407711e-16,5.43508771427857e-15,-4.85963323813423e-06,-2.45696149042282e-15,7.37755832174511e-07,-1.20824924930953e-14,-2.8569566646604e-14,-6.44490143368744e-05,-0.707106781186545,1.03167506850936e-14,-2.06160487725922e-15,-1.56825310566617e-15,3.8135962883306e-15,2.46314591142957e-15,-6.36183328759746e-15,-8.02676558043815e-16,-2.71661385337281e-15,-1.89461848782807e-15,5.74528371855702e-15,-8.87034159724814e-16,3.18199357891165e-15,5.41580669199959e-15,0.100000000000014
"t70",-0.106780625196483,0.0794016858990454,0.0398318794444258,-0.0148867802023863,-0.153882348880924,0.112517031357302,-0.00315547670455073,0.000861095437613893,0.354435747524722,0.0962670273748958,-0.0486871569546163,0.000435183079371777,-1.36003347272938e-05,-0.000356279117154458,-0.000159447051575154,0.000172459782161742,4.64561147194998e-05,0.00226604039073415,-1.99099521912289e-05,0.00302210375659328,-0.007135129589071,0.024239432295909,-0.00125976644615575,-0.000701173005722421,0.000114670552059233,-3.1915673751737e-05,-0.0160597386055636,-0.0270894719062982,0.000339434505852751,-8.5886417409767e-06,-0.000219060076444295,-8.8064136315894e-05,9.66842795745419e-06,-1.61829815730468e-05,0.00453106158106119,0.000684232377897109,6.17084205202227e-05,-1.31133253894474e-06,-0.00100229044516233,1.35527926322571e-05,-0.000166419854066149,-0.000408368833923736,2.1955237280533e-05,2.40162984100882e-06,3.07632732058635e-05,2.0792560699939e-05,-9.14480319017925e-05,0.00121224394352664,-7.57044309084169e-16,2.13237652135565e-05,1.00090098577374e-15,-3.07928775417532e-05,1.93848353042453e-07,9.15309725946038e-16,-9.97605223944216e-05,3.75601303438879e-06,8.76553441683155e-16,3.74679621177958e-06,-4.35767459578267e-16,-0.204292428026125,3.21386268651473e-15,-1.0058937508953e-06,-6.0986915738308e-16,5.16253122617399e-06,7.9694338949303e-07,-3.51892724522254e-06,7.27829374436424e-16,5.35174561113994e-07,-7.23101208027442e-15,-1.70297923706295e-07,-3.91376530213708e-15,0.503453839259901,0.000233854078926218,4.9843929389678e-16,-2.19774805498434e-15,-5.25230337892672e-15,4.19206886685874e-16,-1.27655342753316e-15,2.68770821026672e-15,-5.76001660170144e-06,-3.15279894412619e-15,8.35935065366965e-07,-3.31668545872844e-14,-0.707106781186546,-7.09230079403237e-05,2.72933223903395e-14,-1.07365972509368e-14,-2.24331944817758e-15,-1.0402791270552e-14,-1.65029466310535e-15,-4.16436285854566e-16,-9.50284699079596e-15,-4.68417671352185e-16,1.2679835678737e-15,-5.27399337358447e-15,-3.52063207326854e-15,-2.43411242811074e-15,1.30842648326656e-15,2.57883991938712e-14,0.0999999999999905
"t71",-0.106780625196483,0.0794016858990454,0.0398318794444258,-0.0148867802023863,-0.153882348880924,0.112517031357302,-0.00315547670455073,0.000861095437613905,0.354435747524722,0.0962670273748957,-0.0486871569546164,0.000435183079371672,-1.36003347271717e-05,-0.000356279117154388,-0.000159447051575034,0.000172459782161536,4.64561147191806e-05,0.0022660403907342,-1.9909952190947e-05,0.00302210375659317,-0.00713512958907078,0.0242394322959084,-0.00125976644615664,-0.000701173005722563,0.000114670552059566,-3.19156737510721e-05,-0.0160597386055639,-0.0270894719062986,0.000339434505852374,-8.58864174104278e-06,-0.000219060076443765,-8.80641363161355e-05,9.66842795792645e-06,-1.61829815728099e-05,0.00453106158106157,0.000684232377896872,6.17084205207757e-05,-1.31133253990776e-06,-0.00100229044516194,1.35527926317143e-05,-0.00016641985406644,-0.000408368833923015,2.19552372793441e-05,2.40162983956969e-06,3.07632732045421e-05,2.07925606981883e-05,-9.14480319017702e-05,0.00121224394352721,-2.47060847155022e-17,2.13237652137973e-05,1.14127504153797e-15,-3.07928775415448e-05,1.93848353334018e-07,-1.61562963722186e-16,-9.97605223924264e-05,3.75601303427915e-06,1.92418911411156e-16,3.74679620984608e-06,1.53624085214122e-15,-0.20429242802612,3.63721135478336e-15,-1.00589374953432e-06,3.55087883229566e-15,5.16253122577914e-06,7.96943385989761e-07,-3.51892724277311e-06,-1.35160433216846e-15,5.35174561057905e-07,-7.80430084932508e-15,-1.7029792341579e-07,2.91040899513724e-15,0.503453839259899,0.000233854078929992,-2.41644964867373e-16,-3.85540665963828e-15,5.97135751064322e-15,-2.63232902189725e-14,1.666480452438e-15,-5.74569774270614e-15,-5.76001661130976e-06,9.45650322173119e-15,8.35935075084995e-07,3.16525794524168e-14,0.707106781186549,-7.09230081415829e-05,-3.03805953273873e-14,1.15063260750775e-14,7.4207693537082e-16,1.29299711098627e-14,1.55431641050953e-15,-8.35197572687994e-16,1.24144381421695e-14,-2.26635443171266e-15,-4.82460333102444e-16,4.54454150044426e-15,-2.40867432516741e-15,3.20637924980221e-15,-3.52104367383348e-15,5.91540705308091e-15,0.0999999999999893
"t74",-0.105733798434805,0.0783670532097917,0.0390465632423449,-0.0145545076995179,-0.150446047750367,0.110654140582097,-0.00318628079170355,0.00107351994299396,-0.172386495620354,0.0149399284743644,-0.0278684206244693,0.000249237141763664,-7.25540068046477e-06,-0.000174715389881535,-3.05871882809019e-05,1.26215045085648e-06,-1.36064775192908e-06,-0.000383956518041014,6.40804246536573e-06,-0.00343209782741256,0.0161666541522262,-0.585928764156546,-0.0416813690553646,-0.015229309608944,0.000850707016216433,-0.000162203235296555,-0.0754241164121073,-0.196748498876141,-0.020552809379939,0.000100049711078965,0.000675406763878108,-5.5832987111806e-05,1.73280292491045e-05,-3.70080144825835e-05,0.121676622384827,-0.00174559687352694,-2.5375324328306e-05,-4.57602966820462e-07,-0.000362255529011075,8.47739604153837e-06,-0.000106782319189116,-0.000294062820168377,1.59413611126973e-05,1.75796271516538e-06,2.44247794014806e-05,1.86669835545664e-05,-9.09296390111697e-05,0.011869119576063,3.70562021467582e-16,1.35903378010315e-05,5.96730023520547e-17,-1.96462370978235e-05,1.20247571817441e-07,1.1406661422527e-16,-0.000678832705957891,2.00229349929213e-06,1.47613317891042e-16,1.54213314066941e-05,6.16609085891876e-16,-0.00290183610291733,-8.00316177283796e-17,1.72832840802734e-06,-1.46007104732643e-15,-4.83916541510663e-05,-7.48435184551029e-06,-2.78763031037414e-05,-1.1489842668779e-15,2.61630577484008e-06,-1.59333226828172e-15,-6.82491198299955e-07,5.90367357748277e-16,-3.69217125784692e-05,0.000232070751597194,1.20561784343845e-15,-2.55647761558214e-15,-1.81592074829093e-14,-2.2474956560497e-14,-5.21189442101644e-15,-2.3661115811962e-15,-9.54590518576232e-06,-1.30142253299181e-14,1.33837830228991e-06,-2.89155622344596e-15,1.06194110349929e-14,-0.000109630837201384,-5.27153396613708e-15,-0.707106781186548,-4.87045369022509e-15,1.75768693822881e-15,1.25413638209274e-15,-9.34552196983033e-16,-3.4496792231015e-15,3.13095529848167e-15,-1.66744770222486e-15,3.48294804207183e-15,4.14777234561761e-15,-1.29598188820828e-15,2.0704318041447e-17,1.24969479209369e-14,0.100000000000002
"t75",-0.105733798434805,0.0783670532097917,0.0390465632423449,-0.0145545076995179,-0.150446047750367,0.110654140582097,-0.00318628079170362,0.00107351994299398,-0.172386495620354,0.0149399284743645,-0.0278684206244702,0.000249237141763701,-7.25540068041369e-06,-0.000174715389881492,-3.05871882814405e-05,1.26215045070163e-06,-1.36064775213031e-06,-0.000383956518040771,6.40804246568714e-06,-0.00343209782741239,0.0161666541522266,-0.585928764156547,-0.041681369055364,-0.0152293096089441,0.000850707016216094,-0.000162203235296798,-0.0754241164121077,-0.196748498876142,-0.0205528093799381,0.000100049711078465,0.000675406763877928,-5.58329871118587e-05,1.73280292482879e-05,-3.70080144843512e-05,0.121676622384827,-0.00174559687352784,-2.53753243289201e-05,-4.5760296674744e-07,-0.000362255529011117,8.47739604156724e-06,-0.000106782319189508,-0.000294062820168117,1.59413611110807e-05,1.75796271581975e-06,2.44247794012731e-05,1.86669835544615e-05,-9.09296390105924e-05,0.0118691195760642,5.2303711606832e-16,1.35903377996141e-05,-2.20489377891551e-16,-1.96462370997874e-05,1.20247571871958e-07,2.10624505866179e-16,-0.000678832705957928,2.00229349692513e-06,8.32302759205053e-17,1.54213314047445e-05,-5.87246894465773e-16,-0.00290183610291749,6.53990729459321e-17,1.7283284091481e-06,1.37198384569049e-15,-4.83916541510304e-05,-7.48435184468401e-06,-2.78763031045359e-05,1.37501128560135e-15,2.61630577330001e-06,1.65675769985184e-15,-6.8249119657038e-07,-2.97277135779182e-16,-3.69217125792279e-05,0.000232070751599475,-5.76245394207099e-16,2.03731010909457e-15,1.67885316641194e-14,2.14274251695239e-14,5.32842458056013e-15,3.21194551356351e-15,-9.54590519259973e-06,1.35471628626117e-14,1.33837827944924e-06,2.4774233135726e-15,-1.12658603087223e-14,-0.00010963083724089,5.501098824927e-15,0.707106781186547,4.7297549346179e-15,-1.77330774683637e-15,3.18612988692369e-16,4.59130439507431e-16,3.81902040483258e-15,-3.74387944595939e-15,1.79900163801028e-15,-5.39883615492942e-15,-5.44524847653412e-15,2.91767163179229e-15,1.17256070610368e-15,1.87141968588378e-14,0.100000000000002
"t9",-0.104851132167223,0.0774938760861951,0.0383715110107701,-0.0142629616849831,-0.145676958484808,0.106933204816017,-0.00306903269804587,0.00103053781687857,-0.165460064092819,0.0143462534723697,-0.0271158712969275,0.000242630362843617,-7.36008762121582e-06,-0.000184241588381094,-5.98079924466966e-05,5.25649723515346e-05,1.3564104598145e-05,0.000556759122610249,-3.97407232885384e-06,-8.25427621289391e-08,0.00152013368077299,-0.0728871093110354,-0.00465860516977204,-0.00163259663619551,5.08444707773102e-05,5.10976260266141e-06,0.00719119356041898,0.103454926618131,0.0162323252090405,-8.70116693065543e-05,-0.000715352188883185,0.000124208163321486,-7.40759678358029e-05,0.000183260554176957,-0.942511256718976,0.019425003452048,0.000710203436541156,-7.57469893301683e-06,-0.00569777721990272,5.01258751318551e-05,-0.000593158121347585,-0.00112331123249262,5.81643136846179e-05,6.07366830194708e-06,8.21431299900743e-05,6.88397888777492e-05,-0.000358172845539583,0.0720607090713115,2.95188501406543e-15,3.47868951045184e-05,9.95330030271901e-16,-5.04070449230608e-05,3.03404694564337e-07,-1.20040615442446e-15,-0.0032174898153287,4.76702175931141e-06,8.56471860962595e-18,6.57379057741393e-05,-1.18817556644307e-16,-0.00623354294179953,-2.33431294747136e-16,3.5184886363394e-06,-6.1053091773659e-16,-9.62729936448123e-05,-1.48895652354407e-05,-5.42546555936316e-05,-4.05107946686621e-16,5.03089254023942e-06,4.25143388917935e-16,-1.29467134723573e-06,7.70006725243569e-16,-6.86836304152561e-05,0.00043037202101209,-2.42362221675606e-16,3.37960566947442e-16,-8.28819251181864e-17,-1.51251872019975e-16,-3.9202831978759e-16,6.38567122164777e-17,-1.69561653753589e-05,-7.90303955309814e-16,2.34179864183238e-06,5.15146865651287e-17,5.04147947637434e-16,-0.000188690770188573,-4.33904997610774e-17,-1.74226047618764e-16,-7.9871592105397e-16,1.96678976976208e-16,8.0255496268221e-16,-8.79389191371034e-17,-4.09489930089473e-17,-1.1024106473771e-16,8.05627530082995e-17,-9.40382230810575e-16,9.39108725591034e-16,1.110430978554e-15,8.45754953194398e-16,1.69274316785817e-14,0.100000000000006
"t28",-0.108687832658903,0.0813809476276913,0.0415593432253225,-0.0156817607475133,-0.173312994497294,0.12943377891492,-0.00384594037294855,0.00137386305246769,-0.232913988334282,0.0205054686372891,-0.0439915190241537,0.000394768544826238,-1.38972597070832e-05,-0.000378667404496395,-0.000195847702642945,0.000225542052740013,6.14527991418569e-05,0.00312426582121556,-2.86178707998352e-05,0.00522761966839656,-0.0150567224474533,0.217599108196083,0.0110100244671121,0.00365115964575435,-7.97339732724103e-05,-5.55852083558186e-06,-0.00656709239913428,-0.0482000414341803,-0.00592744234120721,2.98750794119105e-05,0.000215694574964964,-2.22958352252303e-05,8.45561830779535e-06,-1.9008243323487e-05,0.0747280423144722,-0.0012773396442756,-3.32062503559285e-05,9.66322907781179e-08,6.64117498529374e-05,1.06048831252271e-06,-1.39960105391933e-05,-1.84735856351194e-05,2.29601657558655e-07,-1.71244767840708e-07,-5.72669540176681e-05,-9.1669298847455e-05,0.000615344122584822,-0.261839116387844,-1.03955974402739e-14,2.53844401568411e-05,-2.58336790082811e-15,-3.28853523862015e-05,1.43402252656198e-07,-3.01370781814139e-15,-0.525352717695383,5.72829933685692e-07,-5.3085931385781e-14,0.682557423820605,4.31021081717112e-15,-0.00182348095316185,2.71123074902629e-15,1.069121498061e-06,-4.60925279220197e-17,-2.97817960336909e-05,-4.60610072520107e-06,-1.70955548480217e-05,3.47188586389663e-17,1.60228118436498e-06,-5.8334368849833e-16,-4.17521753544912e-07,-8.95284087159812e-16,-2.25712889750717e-05,0.000141868123829363,1.9411514157255e-15,1.12969421817009e-16,-1.86221022266921e-15,-1.0494280676604e-15,-1.52495013698181e-15,2.93828882438699e-16,-5.84760337332301e-06,7.24773747042827e-16,8.21270620961756e-07,-5.95407938688445e-16,1.8641810739074e-15,-6.74371154893558e-05,5.26880985629201e-16,1.17648075953693e-15,-5.46216552538544e-16,3.97217980592304e-17,7.50566202823445e-16,-4.26729169785016e-16,-2.01931668531469e-16,-2.11320607199087e-17,5.64517186878409e-16,9.02683553265933e-16,-1.72488644711345e-15,1.19577984619281e-15,6.57331720615445e-16,1.88668525247238e-14,0.0999999999999928
"t29",-0.108721413806515,0.0814148996333734,0.0415870555097279,-0.0156940668488667,-0.173550040444182,0.129626332572755,-0.00385255921954519,0.00137676602849962,-0.233480826445653,0.0205571404817243,-0.0441313033617692,0.000396028397062136,-1.39507086739612e-05,-0.000380246991226468,-0.00019692450108211,0.000226897440612782,6.18273970479019e-05,0.00314423219171299,-2.88084875364784e-05,0.00526730898872916,-0.0151809234189749,0.21971194237494,0.0111227600403566,0.00368906516740385,-8.06496547493894e-05,-5.63095288102706e-06,-0.00665870571943272,-0.0491080028133401,-0.00605317484339741,3.0528358671278e-05,0.000220724780044584,-2.29662747889093e-05,8.76836410659763e-06,-1.97406927086482e-05,0.077937618485036,-0.00133615409993834,-3.49186693577682e-05,1.03210332866457e-07,7.09852456215708e-05,1.18924960153057e-06,-1.58611066540804e-05,-3.23986854714449e-05,1.15370827579483e-06,-3.0243237585107e-08,-4.5558602353381e-05,-7.43308912484773e-05,0.000501345418751009,-0.215207972974457,-1.41598222753738e-14,2.19484203628994e-05,1.59133500845583e-15,-2.85969169024168e-05,1.27876436264418e-07,2.01599659909769e-16,-0.478670977299946,5.23178619866166e-07,6.30828259224013e-14,-0.730110351165332,-3.76862031118385e-15,-0.00174431907819448,-1.18514905943669e-15,1.02657495051965e-06,-5.06516611612191e-16,-2.86662046505682e-05,-4.43356826471063e-06,-1.64932071218937e-05,-2.09556020150507e-16,1.54774390717454e-06,3.80624075114237e-16,-4.03858773671089e-07,4.1772557379085e-16,-2.18738786535626e-05,0.000137524719426888,6.62283910214935e-16,-3.04184731662246e-16,1.49209146427966e-15,-9.22948111110636e-16,7.02742792086211e-16,6.4249609405255e-16,-5.69024256635643e-06,-2.69911958008682e-16,8.00157860109001e-07,-3.30954567079776e-17,-4.87317385523641e-17,-6.57887026753937e-05,-2.43250270496141e-16,-7.25855899808261e-16,-3.52613243093127e-16,1.40134336332776e-16,4.78720147802768e-16,-3.4318712030841e-16,6.28822415815403e-16,-2.9677720991879e-16,-1.36540687196797e-17,-1.42857633882841e-15,-1.01407812797438e-15,6.53253571871794e-16,9.23850999702926e-16,1.25038868148408e-14,0.100000000000007
"t50",-0.109254785746757,0.0819541331190925,0.0420271343986085,-0.0158894799662214,-0.177313122607707,0.13268292917233,-0.00395761517391422,0.00142283430923733,-0.242474830493821,0.0213769836234117,-0.0463485064366536,0.000416011543341024,-1.47982426031736e-05,-0.000405290741029373,-0.000213987071564927,0.000248369889457613,6.77616758449923e-05,0.00346049593179739,-3.18274925523025e-05,0.00589567931078758,-0.0171468003276682,0.253135917923852,0.0129058351755105,0.00428856458702832,-9.51260541756745e-05,-6.77545583176265e-06,-0.00810585281443998,-0.0634289398554666,-0.00803499484655799,4.08236627063515e-05,0.000299967772413705,-3.35110719910595e-05,1.36803466656965e-05,-3.1241215577237e-05,0.128293509269319,-0.0022584430291143,-6.1749300759593e-05,2.06064266517784e-07,0.00014249005014764,3.1942779997737e-06,-4.48861040511089e-05,-0.000247554776780917,1.54061683271952e-05,2.13814104866146e-06,0.000132568599358316,0.000189020383587594,-0.00122933833061507,0.492038535014466,2.40409619695059e-14,-2.96445310064195e-05,-2.4172771461933e-15,3.56635352684135e-05,-1.01185792558814e-07,8.31417565286189e-17,0.176111179397739,-1.59093290419217e-07,-3.43385794623052e-15,0.0229326438825074,-1.09160925918762e-15,-0.000248177367687637,-9.27356936592651e-16,2.98914428863542e-07,-1.52243649947219e-15,-9.88459720806511e-06,-1.52891035768961e-06,-6.4564130833767e-06,7.47024935004435e-16,6.43024769981439e-07,-9.01891504483384e-16,-1.78161013463821e-07,3.70180918288257e-15,-1.04112345966391e-05,6.61867717531962e-05,-0.707106781186548,-7.25047160025909e-15,8.63572865978952e-15,-1.9699211990035e-15,4.64796931270083e-16,-8.13904535606705e-16,-3.12594085409008e-06,-6.31951020447467e-16,4.56837437296835e-07,1.79395073938517e-16,-9.63427653254596e-16,-3.90380274049302e-05,-1.26287532546973e-15,-1.20546389052345e-15,2.85306748402292e-16,-7.09472667578643e-16,3.45729033876788e-16,-8.13290780853668e-16,1.03541169351674e-16,-5.05880098710808e-16,2.4752025223336e-16,-9.95058921822383e-16,-5.53410684905826e-16,6.12768387518956e-16,4.30575765096117e-16,1.49255607873044e-14,0.100000000000005
"t51",-0.109254785746757,0.0819541331190925,0.0420271343986085,-0.0158894799662214,-0.177313122607707,0.13268292917233,-0.00395761517391423,0.00142283430923726,-0.242474830493821,0.0213769836234117,-0.0463485064366535,0.000416011543341004,-1.47982426031652e-05,-0.000405290741029238,-0.000213987071564996,0.000248369889457412,6.77616758448605e-05,0.00346049593179765,-3.18274925527237e-05,0.00589567931078755,-0.0171468003276683,0.253135917923852,0.0129058351755108,0.00428856458702844,-9.51260541756851e-05,-6.77545583169925e-06,-0.00810585281443935,-0.0634289398554661,-0.00803499484655791,4.0823662706751e-05,0.000299967772413797,-3.35110719918512e-05,1.36803466659003e-05,-3.12412155772672e-05,0.128293509269318,-0.00225844302911432,-6.17493007597412e-05,2.06064266406816e-07,0.000142490050147279,3.19427799932344e-06,-4.48861040508314e-05,-0.000247554776781923,1.54061683271015e-05,2.13814104812149e-06,0.000132568599358415,0.000189020383587895,-0.00122933833061533,0.492038535014467,2.19608949162893e-14,-2.96445310065047e-05,-2.71093383431901e-15,3.56635352683066e-05,-1.01185792815054e-07,7.8555575521642e-16,0.176111179397742,-1.59093291360914e-07,-2.90249995975037e-15,0.0229326438825059,2.36504722553912e-16,-0.000248177367685085,1.15066729263509e-16,2.98914428917852e-07,1.76852723771858e-15,-9.88459720850415e-06,-1.52891035649921e-06,-6.456413082917e-06,3.38192159400172e-16,6.4302476862072e-07,5.57602872202738e-16,-1.78161017603901e-07,-3.72947038546949e-15,-1.04112345957033e-05,6.61867717695414e-05,0.707106781186546,6.90151855687364e-15,-9.14518696897276e-15,1.8256537664339e-15,-1.12204411882944e-16,9.60983751468707e-16,-3.12594085134136e-06,9.79664360553017e-16,4.56837439968568e-07,-5.21180529393167e-16,1.75584674989231e-17,-3.9038027406654e-05,1.21777924415526e-15,7.13140260297405e-16,-1.95269634063858e-17,-3.77140135883303e-17,9.03088798842274e-16,3.65656605146435e-16,8.7716887397481e-16,2.74015654044947e-16,-1.13732953791079e-16,-1.37669808653728e-15,8.82506672333961e-16,6.87165826048896e-16,9.99565065213361e-16,1.52343415660283e-14,0.100000000000005
"t24",-0.108344662178177,0.0810340574302038,0.0412763360601793,-0.0155561141068743,-0.170895312410393,0.127470310365428,-0.00377847645707527,0.00134429464613875,-0.227143712356077,0.0199795416292963,-0.0425703969899253,0.000381960522664747,-1.33544918420375e-05,-0.000362635726887185,-0.000184942972077149,0.000211827404766589,5.76629121868399e-05,0.00292235704705971,-2.66910959991235e-05,0.00482701955992412,-0.0138043738907415,0.196341329231882,0.00987663789086034,0.00327015515204463,-7.05445201965208e-05,-4.83317024842904e-06,-0.00565078832947723,-0.0391744238981498,-0.00468104123595545,2.34038219360319e-05,0.000165946121426632,-1.5710536293974e-05,5.40261799007046e-06,-1.18672595387651e-05,0.0435446995619391,-0.000707215832068488,-1.6669626882953e-05,3.3716716021466e-08,2.26864319342016e-05,-1.46456017661236e-07,3.43238841335816e-06,0.000106650464541066,-7.98507335958605e-06,-1.402319611277e-06,-0.000151831363985851,-0.000229809801008185,0.00151987204984924,-0.628694836445472,-2.62475395359315e-14,4.97693620521051e-05,6.43652526020829e-15,-6.25601754791041e-05,2.25073007653045e-07,3.20744351591238e-15,0.65790306268886,3.99529689107585e-06,-3.50435150278485e-15,0.00155588282168594,5.13933569294483e-16,-0.0029906105115113,-7.97121542448773e-16,1.59975024501236e-06,-2.71249483014896e-16,-4.32375222725073e-05,-6.68706759846435e-06,-2.41901641005286e-05,-1.31290703097253e-15,2.23775971441333e-06,5.67419117938641e-16,-5.75046123248953e-07,6.02632242164077e-16,-3.05074945683307e-05,0.000191201484350088,-2.77886144900577e-16,-5.91889983348459e-16,-1.19984861939216e-15,2.64693646743744e-16,-1.34045208077598e-16,9.15954354169515e-16,-7.59652965360811e-06,1.17926193912785e-16,1.0544925986576e-06,1.55987026439117e-17,-5.75527101199504e-16,-8.5537251289903e-05,3.7013359757966e-16,5.00559630945888e-16,-8.96548748732879e-16,3.02561183835143e-16,6.53844374338129e-16,-2.35553947211024e-16,3.47451436000103e-16,1.8126232530467e-16,1.69776985243901e-16,-1.34763631336457e-15,7.2178519604291e-16,6.53128104222443e-16,1.00432162299548e-16,1.66290592407137e-14,0.0999999999999844
"t3",-0.0995566585647999,0.0721291755214143,0.0339710075863297,-0.0123043797361271,-0.107544741135948,0.0758943829472315,-0.00199798590602974,0.000557973757750459,-0.0727848551706779,0.00588906160318167,-0.00408278993819157,3.50143010753746e-05,1.47801026307159e-06,7.69937603654782e-05,0.000115644354531053,-0.000164870237617968,-4.63265984111238e-05,-0.00259230572986366,2.56237126149619e-05,-0.00564407840008156,0.0172356607631829,-0.177505277175976,-0.00349279352612706,-0.000408296255485725,-0.000343411722071473,0.000166284801638355,0.107788789583803,0.919594977246898,0.162481899266993,-0.000927617363599248,-0.00937455124233894,-0.00131738664748681,0.000112863786368319,-0.000190080034585093,0.186922185779546,0.00275418950413515,0.00036916179019311,-7.59796705276843e-06,-0.00578778471797899,6.77483444258512e-05,-0.000817150954365853,-0.00171261338604923,8.94110075776464e-05,9.3856341209964e-06,0.000108642526084946,7.42138584019306e-05,-0.000332419859618979,0.0131195782447586,4.79705781882523e-16,6.59337259414885e-05,-1.07746295942875e-16,-9.40773426698107e-05,5.45659681977991e-07,3.6889698724752e-16,-0.000723817573160787,8.47636286536234e-06,-1.01059858443991e-16,1.62069587590657e-05,-8.77065587393256e-17,-0.0110664829002933,8.73185935116493e-17,6.24863215480751e-06,1.30844656001065e-16,-0.000170950682857393,-2.64391999428058e-05,-9.63030850086206e-05,-1.2590925377982e-16,8.92706819594231e-06,-1.78004263520777e-16,-2.29625692027753e-06,1.81617519920309e-16,-0.000121710671293193,0.000762513447810857,-3.24360213385493e-16,-1.94981077305757e-16,2.40218743684951e-17,-2.35607235133092e-17,-6.29156014299466e-17,5.57316289042987e-16,-2.9949988789214e-05,1.80436211074007e-16,4.13039358210134e-06,-4.46378171456294e-16,5.05456566098695e-17,-0.00033220146645751,2.2581185456162e-16,3.1204922159913e-16,-1.45228041691886e-16,-1.28328230899595e-17,4.83028497491018e-16,-3.35659421559331e-16,3.76000583707465e-16,6.5850741063605e-17,2.85399106357759e-16,-8.43544912132943e-16,-2.08626818623982e-16,5.12930127374725e-16,3.75814539873182e-16,1.57131252453979e-14,0.0999999999999978
"t16",-0.0943335598634788,0.065782409218017,0.0260222203629248,-0.00793486054623719,0.278307559002535,0.0990933816914419,-0.0209615519717158,0.00290591860460387,-0.0161529698029291,0.0875435869468815,-0.027460145648991,0.000223503748127898,-5.37169147014184e-05,-0.00103670560507296,-0.000406541139309666,0.000467279155291832,0.000127760112943279,0.006634886348551,-6.29164841339593e-05,0.0161974077676975,-0.1956122388218,-0.0054203909896897,0.00133485257350104,0.00117218328919269,0.117544627559965,4.50437199680559e-06,0.000513759577695176,-0.000326023423479229,0.000234088807861572,-7.06258745249283e-06,-5.0917213579274e-05,1.20424170386115e-05,-5.62602644594743e-06,1.19389732394367e-05,-0.000793433591680575,-0.0381427353592125,5.10291395804768e-05,6.18879427642068e-07,0.000262428475740595,-3.20213941485731e-05,0.00046060505334412,0.907669308302844,0.00047918292731225,2.29751245914724e-05,0.000126896401371315,8.0060336159699e-05,-0.000343239714866857,0.000508968625000101,-3.34252472363947e-15,6.40476406855614e-05,4.29111649060549e-16,-8.94095447423795e-05,4.67372956158714e-07,4.27552025588636e-16,-2.12480272257319e-05,6.36020621247421e-06,-9.2589275830939e-16,4.5550885879626e-07,-9.36747570890122e-17,-0.000892550543519911,-6.72599240365486e-17,4.1467093282555e-06,-2.63367235681314e-17,-0.0434550961489597,0.00121802795879505,-5.67198502692511e-05,-8.13460754902044e-16,5.29572865434636e-06,9.45139726372679e-17,-1.36183190568828e-06,4.0458814520078e-17,-9.24172362073665e-06,0.000231575647859166,5.58497812389729e-16,8.83216523852405e-17,1.04051938898233e-15,-9.34477585335001e-16,-2.69984324600856e-17,-2.23129432397981e-17,-9.06502094632332e-06,6.03548846334199e-17,2.40884570473343e-06,-2.652670058453e-16,-1.72333225179375e-16,-0.000100612800214195,2.77573103502551e-16,-2.41395828901943e-18,-2.59731367067405e-16,-5.84003083351417e-17,6.70752574187764e-16,-3.2223072024028e-16,5.9411508045829e-16,9.05044983006072e-17,1.48935872988621e-16,-1.33073351045531e-15,-2.2375458005953e-16,8.06756125273729e-16,7.91210032284369e-16,1.59629254259386e-14,0.0999999999999977
"t53",-0.0957236881354608,0.0670965242951048,0.0268607022138404,-0.00823706266511198,0.297188340059178,0.106438800102226,-0.0227751455059651,0.00321932293091314,-0.0181848819248984,0.0989850217418344,-0.0321069576435588,0.00026151130417983,-6.50280513322304e-05,-0.00127675971645152,-0.00053807087630864,0.000636444465132108,0.000174864590699025,0.00923535892507711,-8.89508491314169e-05,0.024195002671098,-0.304140970889266,-0.00925259026723862,0.00236082869394229,0.00209332397051231,0.226826572476542,9.77073661051973e-06,0.0012011651054892,-0.00125786994329694,0.00128628888278188,-4.38154397232968e-05,-0.000439814505051441,-0.000145619048560094,2.10372700903814e-05,-3.8959484562351e-05,0.00191799314911419,0.0785909405520063,-8.41034681070077e-05,-6.67761502843615e-07,-0.00027895067874007,1.92302645890798e-05,-0.000257648816292911,-0.251523919251301,-0.000113578988048503,-4.27045459751006e-06,-8.94321436805813e-06,-4.71769542980206e-06,1.91252308287442e-05,-2.51714644657142e-05,5.98564094073211e-16,3.41753425665907e-08,1.53813965643537e-16,-7.44572481065925e-07,2.4317146973516e-08,-1.72407028380013e-16,-2.45596566915466e-06,8.17353692202428e-07,-9.89444197768455e-16,9.25626498920695e-08,-1.64556422670401e-17,-0.000258614971872929,-4.12224957685019e-16,2.35604239710108e-06,5.43878112412154e-16,-0.387188685936189,0.0110217791239434,4.76772004112842e-06,-6.91588978014653e-15,3.33180865655864e-07,1.51194045439831e-15,-1.97064596496193e-07,5.97846742902874e-17,-1.97111100238427e-06,5.13211575120775e-05,6.72687727415919e-15,-0.70710678118655,-3.65591964770367e-13,1.5017548683945e-13,-6.63463869454242e-14,8.73311676739941e-15,-2.78639637879767e-06,-4.56303078605592e-16,7.96200986263774e-07,-3.27857302744126e-16,-5.93597616738072e-16,-3.56093687373889e-05,4.35301818804015e-15,2.41692972232516e-15,1.28953531197154e-16,-9.76429231303458e-16,7.17959513105387e-16,-3.02527241009912e-16,4.22415267342275e-16,1.52809486017861e-16,1.61339593001655e-16,4.67226283195705e-16,2.71858167061617e-15,1.11986555001837e-16,1.96543142399489e-16,1.68441649517348e-14,0.0999999999999971
"t54",-0.0957236881354608,0.0670965242951048,0.0268607022138404,-0.00823706266511196,0.297188340059178,0.106438800102226,-0.0227751455059651,0.00321932293091311,-0.0181848819248984,0.0989850217418344,-0.0321069576435589,0.0002615113041798,-6.50280513322068e-05,-0.00127675971645148,-0.000538070876308641,0.000636444465131789,0.000174864590698969,0.00923535892507715,-8.89508491310833e-05,0.024195002671098,-0.304140970889266,-0.00925259026723849,0.00236082869394276,0.00209332397051234,0.226826572476543,9.77073661035539e-06,0.00120116510548967,-0.00125786994329751,0.00128628888278161,-4.38154397235214e-05,-0.000439814505051385,-0.000145619048560238,2.10372700904051e-05,-3.89594845625044e-05,0.00191799314911492,0.0785909405520065,-8.41034681068334e-05,-6.67761502798322e-07,-0.00027895067873871,1.92302645892085e-05,-0.000257648816292935,-0.251523919251302,-0.000113578988047384,-4.27045459780372e-06,-8.94321436776268e-06,-4.71769542977471e-06,1.91252308282291e-05,-2.51714644660116e-05,7.55825497852353e-16,3.41753425285047e-08,-4.47732600623994e-17,-7.44572481372152e-07,2.43171468452032e-08,-4.52529633508635e-17,-2.45596566871239e-06,8.17353692312296e-07,2.33978209559448e-16,9.25626494326204e-08,-3.11352843023914e-16,-0.000258614971873393,-2.28173661274279e-16,2.35604239773524e-06,5.56122811791607e-16,-0.387188685936195,0.0110217791239442,4.76772003937982e-06,-7.6296320333415e-15,3.33180866320673e-07,3.68473611071695e-16,-1.97064595893865e-07,5.63857427199449e-17,-1.97111099459507e-06,5.1321157508289e-05,-7.56464206685095e-15,0.707106781186546,3.67051148073678e-13,-1.51652520192707e-13,6.60744180466717e-14,-8.41915384325961e-15,-2.78639639564952e-06,1.07990400684645e-15,7.96200988636701e-07,2.99443402511229e-16,1.05092022332431e-15,-3.56093687370183e-05,-2.71597997959535e-15,-2.14539306462647e-15,-6.63243607128397e-16,5.77553750765785e-16,4.11970791401425e-16,1.68803062679606e-16,1.37161350924455e-16,-7.73882373040234e-16,4.34724666455477e-16,-1.04892203480802e-15,-5.77392933739747e-16,1.02922994734871e-15,1.11941603160945e-15,1.50261747489111e-14,0.0999999999999996
"t42",-0.0955056219172143,0.0668907506267418,0.0267299442083953,-0.00819002612205648,0.294277166054481,0.105308397956795,-0.0224970799255977,0.00317156607797408,-0.0178767968024491,0.0972525430132593,-0.0314103594523406,0.000255814826771719,-6.3349279796652e-05,-0.00124130183391022,-0.000519009703575989,0.000612103774597567,0.000168094961538943,0.00886314770963983,-8.52382195200198e-05,0.0230686855383445,-0.288987863205307,-0.0087273986656528,0.00222114211538548,0.00196813001438256,0.212170408088864,9.0770768687507e-06,0.00111155917486824,-0.0011424827013938,0.00115894404413408,-3.93943529633534e-05,-0.000393646538089626,-0.000127923044520904,1.81904552530346e-05,-3.35807515479971e-05,0.00163932703121151,0.0668104985696787,-7.08727941370244e-05,-5.51024558486414e-07,-0.000229988796275274,1.52601644150901e-05,-0.000203339367573645,-0.187005823599309,-8.32893685759012e-05,-3.06651716144186e-06,-5.99220610617624e-06,-3.13137704759492e-06,1.26598953741468e-05,-1.65714627680641e-05,1.19036567480195e-15,2.1366932146952e-08,9.59526185781895e-18,-4.61069378521262e-07,1.41188948853747e-08,4.6832967178363e-16,-1.23736397777536e-06,3.9581405571554e-07,1.65553633169321e-15,3.10981488426877e-08,3.97755811220112e-16,-2.06104645652277e-05,4.77824765197453e-16,-1.82519833738146e-06,-1.58941802503345e-15,0.83511525709281,-0.0237898332671713,-6.65002482096739e-05,1.51255398280409e-14,4.64808926538594e-06,-1.88681667846247e-15,-1.00083817151018e-06,5.89561406753719e-16,-5.92018869927614e-06,0.000146216406912918,1.51458575238418e-16,2.94934023177109e-15,-3.48324873925969e-15,1.43507944032565e-15,5.8571652483023e-17,1.10845197927509e-15,-5.18252369623649e-06,-2.51989689569482e-17,1.36439020390972e-06,-2.49867980199484e-16,2.56614528534662e-16,-5.68539873934183e-05,-2.16185780068092e-15,1.34751948515844e-16,-5.49990550364075e-16,5.26147164498832e-16,6.99938130329265e-16,-3.96505430349933e-16,-1.61184066582125e-16,8.12978470475221e-17,-2.20079307537897e-16,-1.21454746379845e-15,-2.51546024350099e-15,1.00662126607868e-15,3.8081513665298e-16,1.4436368767079e-14,0.0999999999999989
"t10",-0.0923086964736747,0.0638593213004379,0.0247818050619891,-0.00748548042102336,0.249492955726288,0.0878221913639589,-0.0181488197797484,0.00241090941524718,-0.0128944247973937,0.0691189844711507,-0.0197313278336393,0.000160243653215886,-3.42462172799356e-05,-0.00061625717501988,-0.000158057433751007,0.000137381969762931,3.53905947886556e-05,0.00143611382263567,-9.91138982566799e-06,-0.00122909449814651,0.0538708301013469,0.00475075383066267,-0.00156897334078924,-0.0014844040613602,-0.258231009479427,-2.32858866764364e-05,-0.00594641250498133,-0.000180841203362726,-0.00075423593083782,3.28567205003325e-05,0.000480035354285307,0.000392623466974889,-0.000105143915113063,0.000222181280438298,-0.0162011595745691,-0.904600226371855,0.00202277009799314,-1.34068592822643e-05,-0.0052395834805123,9.0112773809759e-05,-0.0010666313474815,-0.113223648065465,3.2945106715692e-05,6.5816580014284e-06,8.57361733484438e-05,5.66661489553221e-05,-0.000245938513607846,0.000373237658965616,1.6168461258878e-15,5.48308203438011e-05,2.14180385309864e-16,-7.80986293313138e-05,4.4998753598439e-07,-8.66095780839258e-16,-2.27126065819416e-05,6.91487903364443e-06,2.57474288884153e-16,5.33789426440277e-07,4.96050074634753e-16,-0.00109620476311951,-1.97679925332332e-16,5.1919257234462e-06,-5.18851035754622e-16,-0.00568692405262706,0.000136239106093286,-7.84813146307312e-05,-3.20073301172652e-16,7.27326927523765e-06,3.41021133375565e-16,-1.86931744673001e-06,1.3554272618433e-16,-1.27261121622048e-05,0.000319096925787491,2.38620914010995e-17,-2.60361651436935e-17,-5.42106175206052e-16,-2.01199362834068e-15,-2.0946223319737e-16,1.99711826127958e-16,-1.2609112155507e-05,4.82981235788267e-17,3.35998268722098e-06,-1.93132793547045e-16,-5.50461008251482e-17,-0.000140701520971715,6.90921025675791e-16,-5.41023904942846e-16,-7.76135432156007e-17,-3.70771033930858e-16,5.24146189111329e-16,-2.07801381734515e-16,1.90386994438912e-16,-1.22156017745172e-16,5.09425420645618e-17,-1.30182485554777e-15,3.10400822170753e-17,1.18231792553696e-15,6.37438615158081e-16,1.62404811820949e-14,0.100000000000011
"t39",-0.0934626761045586,0.0649434847924838,0.0254632882147505,-0.00772927660048678,0.264116966715264,0.0934590392802498,-0.0195143351771723,0.00263871723566915,-0.0143244872400854,0.0770971552759499,-0.0227207125280566,0.000184648044658422,-4.07987562687075e-05,-0.000746907260910748,-0.000206486844541979,0.000185169153868357,4.79594894377804e-05,0.00198311144469469,-1.39304870616832e-05,-0.00184263884570663,0.084834402812674,0.00845805265867731,-0.00293616909542403,-0.00281700718704923,-0.551174191279459,-6.0740744580389e-05,-0.0179708429837399,-0.00692198349123266,0.00539258185279684,-0.000174771783074032,-0.00160697885557416,-0.000438525878378683,6.19775255384251e-05,-0.000116243555498379,0.00618059177151303,0.280428618722519,-0.000437641478642604,8.4023105757028e-07,0.000303153379962291,8.54430541289742e-06,-0.000117140384553991,-0.0248596124408247,7.77919642139073e-06,1.69542684666283e-06,2.63401897889593e-05,1.76945077927966e-05,-7.71406713712553e-05,0.000118089923433578,-1.12618587526386e-15,1.85468820842743e-05,-3.48065822546277e-16,-2.66834638093594e-05,1.62302267367388e-07,5.761672481697e-16,-8.80499231929483e-06,2.71738406871997e-06,-8.01039961275087e-16,2.24932240443283e-07,-2.94234175629183e-16,-0.000489430522819579,6.74841381369553e-16,2.46554901930237e-06,1.14889064461898e-15,-0.00277117840074038,6.638893957941e-05,-3.91835905299703e-05,0.707106781186548,3.67978709620402e-06,7.84910454736954e-16,-9.59847636684152e-07,1.96574701215908e-15,-6.67422353867521e-06,0.000167910618147055,2.67457288671419e-16,4.81299378522034e-16,-1.79527918145788e-15,3.35957179041318e-16,1.35037919040466e-17,-1.46461567762448e-15,-6.94673703610951e-06,4.1441673008773e-16,1.88070174297445e-06,-6.93037712077669e-17,9.22530755883017e-16,-8.01250253028356e-05,-3.37618453706572e-16,-1.30839565382065e-15,-3.47232931485691e-16,-5.89937302561237e-16,6.66881630296926e-16,-7.45264666370468e-17,-1.95630215795749e-16,-2.29660228490473e-16,3.30535670390799e-17,-1.16466571880476e-15,-3.36247180552924e-16,7.4464548995633e-16,4.74406880363196e-16,1.64243618705484e-14,0.099999999999998
"t40",-0.0934626761045586,0.0649434847924838,0.0254632882147505,-0.00772927660048681,0.264116966715264,0.0934590392802498,-0.0195143351771724,0.00263871723566916,-0.0143244872400855,0.0770971552759499,-0.0227207125280566,0.000184648044658436,-4.07987562687195e-05,-0.000746907260910742,-0.000206486844542043,0.000185169153868381,4.7959489437711e-05,0.00198311144469468,-1.39304870617154e-05,-0.00184263884570655,0.0848344028126741,0.00845805265867728,-0.00293616909542369,-0.00281700718704934,-0.551174191279459,-6.07407445806591e-05,-0.0179708429837399,-0.00692198349123262,0.00539258185279674,-0.000174771783074296,-0.00160697885557408,-0.000438525878378856,6.19775255384327e-05,-0.000116243555498087,0.00618059177151364,0.280428618722519,-0.00043764147864236,8.40231057084145e-07,0.000303153379962679,8.54430541274431e-06,-0.000117140384554234,-0.0248596124408244,7.77919642031086e-06,1.69542684649333e-06,2.63401897895331e-05,1.76945077929596e-05,-7.71406713715972e-05,0.000118089923435532,4.81060317290251e-16,1.85468820840753e-05,1.2213346048861e-16,-2.66834638090541e-05,1.62302267680843e-07,8.4751672565602e-17,-8.80499232005707e-06,2.71738407021975e-06,1.22339562990976e-15,2.24932241226539e-07,-5.70298043756298e-17,-0.000489430522822928,-7.36365376645788e-16,2.46554901227265e-06,-1.32039675520423e-15,-0.00277117840071399,6.63889396041053e-05,-3.91835906024054e-05,-0.707106781186548,3.67978707331476e-06,-7.83620923756217e-16,-9.59847636891878e-07,-1.79909190501179e-15,-6.67422354053946e-06,0.000167910618151589,-3.15409797415494e-16,-7.95457095584238e-16,9.47318634061452e-16,-8.29776996815122e-16,-2.13685338528347e-16,2.31726713020633e-15,-6.94673703592368e-06,-3.15994182707134e-16,1.88070174084126e-06,-2.21773532237476e-16,-9.22347662346569e-16,-8.01250252990166e-05,7.06685078478882e-16,1.36611426180379e-15,-3.23028270704062e-16,7.16740178692834e-16,7.81842492203254e-16,-4.54572035993167e-16,9.08077229131677e-16,-1.67224532942157e-16,3.60538879671839e-16,-8.0731268275354e-16,-1.66244279907192e-16,5.78719341983305e-16,5.09968711619662e-16,1.45231049408778e-14,0.0999999999999967
"t26",-0.0903889772671698,0.0620197978824281,0.0235705692024578,-0.00704235349323996,0.21965483715268,0.0760312847547056,-0.015147215797997,0.00186449077152021,-0.00919521001627289,0.0480432328997823,-0.0103546565219243,8.33994696361013e-05,-9.12318044348042e-06,-5.68204691546539e-05,0.0002189806753975,-0.000390835984194476,-0.000113885180689737,-0.00724046726509014,8.1263562695627e-05,-0.0347045354709122,0.575929168019356,0.031698689708858,-0.0102918288258642,-0.0098213999390733,0.286346672748134,-0.000119514255329925,-0.0345793824881673,-0.0111673148908519,0.00805858173002347,-0.000255818840541182,-0.00224626084169058,-0.000483683507051311,4.76915758293836e-05,-7.96287675107862e-05,0.0025553135065493,0.0527375986840347,0.000140770269356051,-3.63711096134498e-06,-0.00145331406024635,4.09521234270219e-05,-0.000499689833895176,-0.0166831504073203,4.98813538828268e-05,5.78164668890819e-06,6.97691581888712e-05,4.61971845509515e-05,-0.000200624123996365,0.000304866018416526,-2.02522343188069e-16,4.54362332378514e-05,1.46972291287652e-15,-6.4891915127949e-05,3.80043783146551e-07,4.17021006117407e-16,-1.96719089586599e-05,6.01962516608778e-06,-0.707106781186548,4.77511225102283e-07,-8.25615704687644e-15,-0.00100397667516163,3.84650768715751e-15,4.87173867122064e-06,1.61260331020266e-16,-0.0016639463934826,2.29186057206353e-05,-7.56553757884915e-05,-1.17052863394514e-15,7.04421277311997e-06,8.35560673909801e-16,-1.8210064949391e-06,-1.30037530641766e-16,-1.25049753366194e-05,0.000313985824331201,1.82409502559467e-16,2.0057377040374e-16,-8.28693327376183e-16,-1.38044476797904e-15,-2.29003203879066e-16,2.87402969165285e-16,-1.26461220483773e-05,-1.2912366616198e-16,3.39199892269696e-06,-1.34037596066665e-16,-3.46711079704872e-16,-0.000143050106204357,-1.19215083286419e-16,-2.64098327980048e-16,-3.43299161088094e-16,3.13594657182005e-16,4.69675124829373e-16,-6.02197591501822e-16,1.12863031192169e-15,2.18050900369883e-17,2.2668497524192e-16,-6.14920343310443e-16,-1.01394794549475e-15,7.67905396593089e-16,8.00605545535272e-16,1.78884684842728e-14,0.0999999999999983
"t27",-0.0903889772671699,0.0620197978824281,0.0235705692024578,-0.00704235349323998,0.21965483715268,0.0760312847547057,-0.015147215797997,0.00186449077152025,-0.00919521001627289,0.0480432328997823,-0.0103546565219244,8.33994696360759e-05,-9.1231804434166e-06,-5.68204691547634e-05,0.000218980675397584,-0.000390835984194511,-0.000113885180690271,-0.00724046726509022,8.12635626956587e-05,-0.0347045354709123,0.575929168019356,0.0316986897088581,-0.010291828825864,-0.00982139993907346,0.286346672748134,-0.000119514255330114,-0.0345793824881674,-0.0111673148908515,0.00805858173002404,-0.000255818840541471,-0.00224626084169024,-0.000483683507051699,4.76915758299954e-05,-7.96287675110523e-05,0.00255531350654947,0.0527375986840348,0.000140770269355977,-3.63711096104478e-06,-0.00145331406024385,4.09521234274001e-05,-0.000499689833897605,-0.0166831504073188,4.9881353881924e-05,5.78164668895284e-06,6.97691581892018e-05,4.61971845500256e-05,-0.000200624123997609,0.00030486601841758,3.73582362382994e-16,4.54362332372411e-05,-1.21106383593841e-15,-6.48919151242455e-05,3.80043782387331e-07,-1.71050360782265e-16,-1.96719089505873e-05,6.01962516741708e-06,0.707106781186548,4.77511341731134e-07,8.25021851674927e-15,-0.00100397667516248,-3.89204865809574e-15,4.87173867227265e-06,-4.56602963929122e-16,-0.00166394639348507,2.29186057159073e-05,-7.5655375786297e-05,8.55628397039634e-16,7.04421277353337e-06,-9.4125018535135e-16,-1.8210064951428e-06,2.15790584845861e-16,-1.25049753383497e-05,0.000313985824331457,-3.96350957066071e-17,-7.98626971752746e-16,-7.07262684057793e-16,9.09390220309923e-16,-8.62341227837928e-17,5.99288640811234e-16,-1.26461220496419e-05,2.54934550883484e-16,3.3919989220448e-06,-3.85276437150398e-16,3.71464425354044e-16,-0.000143050106205805,2.25127522571667e-16,3.2137082824204e-16,-2.58058597428046e-16,-3.40854899219645e-16,1.06251000888791e-15,3.57163184935204e-17,-3.90115345496016e-16,-2.61833283175759e-16,1.98263597454056e-16,-5.73286979887005e-16,-3.131196612e-16,7.82193247240209e-16,1.96921775869878e-16,1.43565714871841e-14,0.0999999999999975
"t17",-0.067908925696979,0.0394924884530788,0.00623950835445581,0.000179036958317339,0.0471729175855569,0.00520802624422375,0.0168480953977753,-0.00618909620488153,0.0534889412337321,-0.414116667557317,-0.145092285513598,-0.0042754218073491,-0.000554295375420926,-0.00711695815810099,-0.00096550524566941,0.000619639739923552,0.000146349792753365,0.00324639858701957,1.34165999865242e-05,-0.530908118135245,-0.0531094064395767,0.0127680634784487,-0.00507298144078908,-0.0110958180145244,0.00042475476326639,-0.000146460565550961,-0.0240817191112704,-0.00868484819503658,0.00643565621921752,-0.000559004707680026,-0.00436909676406745,-0.000874224857557633,7.86364511764171e-05,-0.000126143260843742,0.00142977176025213,0.00267959354683564,0.000481956153445273,-7.82666312692953e-06,-0.00151825122172838,8.58450680526559e-05,-0.00104062338311609,-0.00107945716856768,0.000120752524664972,1.27605258432268e-05,0.000147536526231057,9.74243403221768e-05,-0.000422588742731875,0.000306549628749424,3.94696099840423e-15,9.51792438834713e-05,-0.707106781186547,-0.000135809848313004,7.91814833338469e-07,-1.17735850209176e-15,-1.96845527393566e-05,1.24652191524832e-05,-1.26522341969057e-15,4.77922717345561e-07,-1.50971008192118e-16,-0.0010057085050669,2.17560719916006e-16,9.99559441703053e-06,-1.27354793177995e-16,-0.000134984434207446,-4.63340861732915e-05,-0.000155097608639584,-7.83887830932613e-17,1.44235632295774e-05,-1.25617547320961e-16,-3.72445658849683e-06,-1.13933890495081e-16,-1.26122749310453e-05,0.000316732873753451,-1.94410046547706e-16,-1.53636794829765e-16,-3.89846059873187e-16,-1.51812616848986e-15,-1.06973863491691e-16,2.48894743467121e-16,-1.27902693998137e-05,-2.75917863407344e-16,6.90422258854639e-06,-1.91634606953131e-16,4.61707939811874e-16,-0.00014500319545689,9.31521251121062e-17,-5.65899541290395e-17,-2.5294674637068e-16,1.67295753241427e-16,5.58246324591152e-16,-4.36535055212163e-16,1.56696747746181e-16,1.36415717880681e-16,1.49810712617906e-16,-9.01954638595211e-16,-2.43574130576168e-16,7.86136206157737e-16,3.44671329005244e-16,1.62456853525228e-14,0.100000000000002
"t18",-0.067908925696979,0.0394924884530789,0.00623950835445581,0.000179036958317332,0.0471729175855569,0.00520802624422375,0.0168480953977753,-0.00618909620488159,0.0534889412337321,-0.414116667557317,-0.145092285513598,-0.00427542180734911,-0.00055429537542091,-0.0071169581581009,-0.00096550524566946,0.000619639739923567,0.000146349792753303,0.00324639858701962,1.34165999865671e-05,-0.530908118135245,-0.0531094064395768,0.012768063478449,-0.00507298144078904,-0.0110958180145243,0.000424754763266807,-0.000146460565550691,-0.0240817191112703,-0.00868484819503688,0.00643565621921726,-0.000559004707679385,-0.00436909676406762,-0.000874224857557446,7.86364511764114e-05,-0.000126143260844067,0.00142977176025483,0.00267959354683608,0.000481956153444362,-7.82666312675128e-06,-0.00151825122172705,8.58450680543238e-05,-0.00104062338311612,-0.00107945716856804,0.000120752524668721,1.27605258406588e-05,0.000147536526234336,9.74243403311132e-05,-0.000422588742746375,0.0003065496287583,-3.57674308997023e-15,9.51792439250497e-05,0.707106781186547,-0.000135809848260432,7.91814828421602e-07,1.26424176126791e-15,-1.96845527449074e-05,1.2465219153227e-05,1.24633090802521e-15,4.77922721741662e-07,1.15496360439728e-16,-0.00100570850506491,-2.59589330639882e-16,9.99559441676645e-06,-1.02333351694873e-16,-0.000134984434207286,-4.63340861735029e-05,-0.000155097608643324,-1.54716616541873e-16,1.44235632292197e-05,1.25644259791513e-16,-3.72445658900159e-06,2.60517018264361e-16,-1.26122749327938e-05,0.000316732873750938,9.7023497597052e-17,-2.09147947272439e-16,-7.81893565443946e-16,2.02719519679131e-16,3.35055387455225e-18,4.87415382807536e-16,-1.27902693994125e-05,4.05094280112348e-16,6.90422258813254e-06,-6.54732653159467e-17,-3.43203752034813e-16,-0.000145003195454931,1.92898725346037e-16,1.9321022680573e-16,-2.86519822864544e-16,-2.45296057830769e-16,7.3523718992483e-16,8.35724473873666e-18,2.18177915843618e-16,-3.9369008098863e-16,1.99581891473066e-16,-1.25930767464643e-15,-3.91025626034205e-16,5.53258726008218e-16,7.88760538858569e-16,1.58224128243845e-14,0.100000000000001
"t85",-0.0687405298473544,0.0401569737761856,0.00641438028182788,0.000185062192639914,0.0502489868714555,0.0055861006802349,0.0183308772401497,-0.00691647730287628,0.0612885816212259,-0.477967849684049,-0.178745809045501,-0.005275468383544,-0.000747888491697392,-0.0101764781947802,-0.00218056062425751,0.00222969307396489,0.000600111998175844,0.0298597417363063,-0.000278344889996694,0.463774581659212,0.0123438832801368,0.00290459184955683,-0.00153921515593275,-0.00355308785768067,0.00017722890421011,-7.28553180629355e-05,-0.0127429952177859,-0.00536592831063329,0.00411596825957903,-0.000360199679950867,-0.00285596691023085,-0.000596066408237539,5.4865687897773e-05,-8.83414265739792e-05,0.00101022949327651,0.00190280161658158,0.000344705473462231,-5.67459618197039e-06,-0.00110130099240747,6.3309809012287e-05,-0.000768848670533664,-0.00080928695954452,9.07500614460452e-05,9.6211421880404e-06,0.000112125066343441,7.41030643587018e-05,-0.000321505764499052,0.000233330736711217,3.06425967430951e-16,7.27190835426884e-05,-2.76248683643539e-16,-0.000103823993931498,6.0739551806864e-07,1.10198127325472e-17,-1.51761729667813e-05,9.62009763897931e-06,7.5281755730683e-16,3.70921417297387e-07,-1.63883521662306e-16,-0.000784628745011771,-1.16334352925573e-16,7.84695897876002e-06,-5.65888003637185e-16,-0.000106268240996861,-3.64771733676866e-05,-0.000122444329148428,3.06531642430987e-16,1.14049482366148e-05,-4.11482607054367e-16,-2.9503461706841e-06,3.34325236572951e-16,-1.00178356500599e-05,0.000251688367556893,-2.496738534573e-16,5.4650613956212e-17,2.70293976022342e-16,-2.78280892046625e-15,-8.95954836858169e-17,1.38512346424413e-15,-1.02280898564169e-05,7.67422867625168e-16,5.53403508434171e-06,1.6813637376195e-15,-1.10294315424457e-14,-0.000116532139654667,-5.55629926535207e-15,-3.63592856125906e-15,2.08101130808861e-15,-1.99659216252958e-15,4.46307809209893e-14,2.87424920698638e-15,0.707106781186548,3.54701843952708e-15,3.14430230258259e-15,1.56506567315313e-15,1.16370374024429e-14,-2.73692027897261e-15,-7.77096154576104e-16,1.84383758261575e-14,0.0999999999999972
"t86",-0.0687405298473544,0.0401569737761856,0.00641438028182793,0.000185062192639923,0.0502489868714555,0.00558610068023485,0.0183308772401497,-0.00691647730287629,0.0612885816212259,-0.477967849684049,-0.178745809045501,-0.00527546838354403,-0.000747888491697369,-0.0101764781947802,-0.00218056062425776,0.00222969307396482,0.000600111998175529,0.0298597417363064,-0.000278344889996625,0.463774581659212,0.0123438832801371,0.00290459184955707,-0.00153921515593272,-0.00355308785768073,0.000177228904210242,-7.28553180628255e-05,-0.0127429952177859,-0.00536592831063328,0.00411596825957848,-0.000360199679950551,-0.00285596691023099,-0.000596066408237437,5.48656878985356e-05,-8.8341426574474e-05,0.00101022949327714,0.00190280161658183,0.000344705473462049,-5.67459618199346e-06,-0.00110130099240742,6.33098090121156e-05,-0.000768848670534013,-0.000809286959543786,9.07500614469719e-05,9.62114218772058e-06,0.000112125066343856,7.41030643588465e-05,-0.00032150576449967,0.000233330736711332,-4.19526402573477e-16,7.27190835423901e-05,6.25808277255183e-16,-0.000103823993931521,6.07395518060441e-07,8.08737880261582e-18,-1.51761729665638e-05,9.62009763929737e-06,-5.93311425829263e-16,3.70921416294846e-07,2.82909702191176e-16,-0.000784628745011531,-4.05507602225149e-17,7.84695897886928e-06,1.87655301401584e-16,-0.000106268240997479,-3.64771733681107e-05,-0.000122444329146835,-4.28991175274995e-16,1.14049482367256e-05,3.50990262127452e-16,-2.95034617113416e-06,1.11944996788348e-17,-1.00178356467336e-05,0.000251688367557606,3.33193221782069e-16,-2.64539889807545e-16,-1.19554736117806e-15,2.21319469034706e-15,-1.86373432220703e-16,-6.23423164406073e-16,-1.02280898593926e-05,-4.61604974098605e-16,5.53403508499514e-06,-1.92935930483088e-15,1.10640066388097e-14,-0.00011653213965096,5.63613660017869e-15,3.63603221526449e-15,-2.69035176940361e-15,2.00918530245181e-15,-4.34396701916804e-14,-3.35486108738201e-15,-0.707106781186548,-3.87350810544003e-15,-2.86930920051743e-15,-3.0701154546569e-15,-1.18580573561869e-14,4.41222580998882e-15,2.03662532345402e-15,1.29254246195032e-14,0.100000000000001
"t13",-0.0181405420994074,-0.172123477873956,0.0517411207048479,-0.0154081460343596,-0.00139086637728249,-0.000101892748525583,-0.000459747341411374,-0.000317506217026154,0.000681147189776229,-0.00526448308284028,0.000100429219542152,0.00109209221836384,0.000382422647582651,0.00766675905419743,0.0384829311374356,-0.0144064971843986,-0.00460103015599141,-0.567182528161142,-0.0162305756892321,0.0189822763862631,-0.016107804811615,0.0117809253467515,-0.0176862286872759,-0.352545486397697,-0.000135870201007155,3.45360197362702e-05,-0.000496067811401188,-0.000985670499366647,0.000909478195473541,-0.000684834483190153,-0.00557082148799074,-0.0883979768711981,5.70407978904704e-05,-0.0105038553852294,0.000146531426455921,0.000289949478160852,0.000458349121527319,-0.000508443313701138,-0.000186475767847662,0.00510322490516588,-0.00102417951100609,-0.000145592243974753,0.000124355747851719,1.31725349350812e-05,0.000163959615248073,0.00485800137394491,-0.000385585812647993,4.00743783305322e-05,-0.707106781186548,9.84501155872811e-05,-3.85557392604702e-15,-0.000140641186736444,3.95191471702247e-05,7.06377679040718e-16,-2.80688289499879e-06,0.000600349988169821,3.02372630783183e-16,6.90040901266385e-08,-1.12033920087505e-15,-0.00014658104050049,-1.17445764418661e-15,1.05624037228783e-05,-8.6033418054844e-16,-2.133663101439e-05,-5.4474632095807e-05,-0.000164158031048676,-9.89025988285324e-16,0.00060647051674682,2.92387933137379e-16,-3.94276526547637e-06,4.16876601724022e-16,-1.89158039639253e-06,4.7535995493793e-05,-6.72092040317684e-16,-1.30697942220105e-16,-3.55890755137847e-16,-2.05651272702296e-16,-1.48469013191427e-16,3.37720376467434e-16,-1.93816491335879e-06,8.37812442157657e-17,0.000268420914070943,1.23537671399248e-16,4.44674019955517e-16,-2.2131999477822e-05,1.82328935892568e-16,2.52125849379221e-16,-3.43457837445851e-16,1.33258314122124e-16,6.43851494980039e-16,-2.0953374347465e-16,6.44549474357812e-16,-9.60015995063236e-17,2.16687398061332e-16,-7.04152516780618e-16,2.08295941123475e-16,9.93221670991174e-16,3.95015826663368e-16,1.55223056630405e-14,0.0999999999999982
"t14",-0.0181405420994074,-0.172123477873956,0.051741120704848,-0.0154081460343596,-0.00139086637728248,-0.000101892748525576,-0.000459747341411415,-0.000317506217026192,0.000681147189776208,-0.0052644830828403,0.000100429219542342,0.00109209221836385,0.000382422647582565,0.00766675905419747,0.0384829311374355,-0.0144064971843987,-0.00460103015599141,-0.567182528161142,-0.0162305756892322,0.0189822763862635,-0.016107804811615,0.0117809253467511,-0.0176862286872753,-0.352545486397697,-0.000135870201007432,3.45360197363193e-05,-0.000496067811401499,-0.000985670499366666,0.000909478195474607,-0.000684834483189186,-0.00557082148799046,-0.0883979768711984,5.70407978899799e-05,-0.0105038553852288,0.000146531426455491,0.000289949478162439,0.000458349121526936,-0.000508443313700833,-0.000186475767848446,0.00510322490516716,-0.00102417951100487,-0.000145592243969562,0.000124355747850465,1.31725349370072e-05,0.000163959615274786,0.00485800137395636,-0.000385585812661724,4.00743782668053e-05,0.707106781186548,9.8450115587808e-05,4.05476512456165e-15,-0.000140641186724557,3.95191471628865e-05,-4.2409003650223e-16,-2.80688289945808e-06,0.000600349988165277,-3.36005608006094e-16,6.90040840921168e-08,1.16203691014213e-15,-0.000146581040501704,9.95174557947818e-16,1.05624037224888e-05,5.38942433687476e-16,-2.13366310152291e-05,-5.44746320959617e-05,-0.000164158031050883,8.42842002183939e-16,0.000606470516746863,-7.23875576039681e-17,-3.9427652650104e-06,-1.35945801792057e-16,-1.89158039581508e-06,4.75359954970585e-05,8.89159088575208e-16,-2.07025777163995e-16,4.65650912887651e-17,-4.25872659603476e-17,-9.86612023211289e-17,5.11555379330325e-16,-1.93816491339023e-06,9.27924898039674e-17,0.000268420914070795,-1.12143441062701e-16,-3.11665413917009e-16,-2.21319994776066e-05,4.3551058450338e-17,-1.36452208922687e-16,-2.56197246403539e-16,-3.56495294069698e-16,9.29955047511293e-16,-3.11728906263193e-16,-9.09693977795709e-17,-1.33342399791922e-16,1.89793721820597e-16,-1.10313891625528e-15,-6.72943584672794e-16,7.27071315367786e-16,9.22371763369182e-16,1.50157664080552e-14,0.0999999999999976
"t48",-0.0214347155114263,-0.217640037145864,0.0784498780504474,-0.0258632234734343,-0.00530699572105258,-0.000538309435846131,-0.0106698048639223,0.00145985393128628,-0.00152504100240348,0.0103017099556974,-9.57376628013753e-05,-0.00102895129299831,-0.000223054251497271,-0.00363226450913646,0.288606778392054,0.00422862061057785,0.00126204025372083,0.129034688211097,0.00319949243340923,-0.00239693610945602,0.00146876330397193,-0.000394810045823665,0.000297623066608882,0.0044442679635528,-2.33070597990438e-06,1.83324472378859e-06,-3.60561100635145e-05,-0.000176493429322904,0.000225803488380435,-0.000186302185430779,-0.00187424301585253,-0.167195395060651,-0.000127072673248342,0.310077442386478,1.51097653552737e-05,-2.72308975561147e-06,-1.73015779754196e-05,-0.00909169944584513,5.1715817095735e-06,0.0031286625593098,-2.01486410020945e-05,-1.13982086188733e-05,1.13974721891464e-05,1.54569064759458e-06,0.000135950157476313,0.115670880444185,0.00124182601345942,-3.84563651461224e-05,-7.57767199100794e-16,-9.3364764319567e-06,-6.8108247978708e-16,1.06885292073574e-05,-7.11807588613851e-06,9.68946724851037e-17,-4.39724115493888e-08,0.000107136139135116,5.14702110154889e-16,2.33395855234945e-09,6.26757506997141e-17,-5.28390606223296e-06,-1.82326715473875e-16,1.25925057414728e-07,1.8220509154472e-16,7.66229386665826e-07,1.95910435339851e-06,4.46999373680933e-05,1.34036637665955e-14,-0.835165621975941,-7.4795897614549e-15,-1.74795538720574e-06,2.61140325228323e-15,-4.75043712763299e-07,1.14184846186723e-05,-1.00197160750786e-15,2.13119380716169e-16,-1.68802343377363e-14,-3.44263220930559e-15,1.1214215636597e-15,-3.43836282078802e-15,-3.55605117912514e-07,9.39364732659551e-16,0.000303478328076075,-1.24390583375978e-16,-8.26871521521934e-18,-3.88815581873704e-06,-4.71285322721622e-16,-4.12699983964362e-16,-2.84086532900018e-16,-5.06140563357992e-16,8.2179060369604e-16,-4.2119488958991e-16,1.52551415974843e-16,5.48040046384466e-17,5.17496853636619e-16,3.2839503341475e-16,-1.53679560147446e-15,5.33402593417452e-16,1.27464768065121e-15,1.51684220739412e-14,0.100000000000006
"t62",-0.0214741030329649,-0.218178632615444,0.0787583018444811,-0.02598254636186,-0.00534907857580371,-0.000542939160624781,-0.0107753797880682,0.00147742674606055,-0.00154602743105554,0.0104482042076272,-9.74286800848084e-05,-0.00104719910354116,-0.000227751450943372,-0.00371462623910428,0.296985087587882,0.00436132952788176,0.00130214199682942,0.13330639811544,0.00330925967084758,-0.00248886692311089,0.00152914920542852,-0.000413365059133272,0.000312220737961035,0.00466466650139906,-2.45587376588792e-06,1.94175520599187e-06,-3.83026376155612e-05,-0.000190130200765247,0.000244700696838076,-0.000202207916963923,-0.0020410480708943,-0.184564776333757,-0.000141875405544758,0.346980107726327,1.70091240622779e-05,-3.0770706224481e-06,-1.96709057455003e-05,-0.0104877590744209,5.9691786737443e-06,0.003705410290548,-2.39495915573176e-05,-1.40791833474053e-05,1.41999511543902e-05,1.95081277605413e-06,0.000178777962858052,0.15293438105249,0.00164443641460522,-5.10827756382984e-05,-1.45500650746893e-15,-1.2763182934567e-05,-8.4231518167874e-16,1.46877364507996e-05,-1.0118363855756e-05,-7.43516495159443e-17,-6.69410767299202e-08,0.000166014947842095,-2.07392310736338e-16,4.15423873780345e-09,-7.92739198504485e-16,-1.2220465644911e-05,2.08353142326171e-16,1.24504002486522e-06,-6.26764629504206e-16,-3.19030304590334e-06,-8.14680938845466e-06,-4.40310503195211e-05,-4.36753269973676e-15,0.388295226109744,2.95179938454965e-15,2.13674133856354e-07,4.28608648938867e-16,-8.12258386072503e-08,2.34170721037311e-06,-2.10372364552898e-18,8.21096553470045e-15,6.89981496522724e-14,1.19871515326694e-15,-7.53302959001348e-16,0.707106781186549,-1.80430430796063e-07,2.28653670253267e-15,0.000173000513886575,7.55473780160619e-16,3.8989134575859e-15,-2.4302933514106e-06,3.14950851994213e-15,-1.74119307620019e-15,-1.06884800126157e-15,-1.39376579344922e-15,6.93979021568361e-16,3.40781360588133e-16,-7.66712205946086e-16,-8.01654667982252e-17,2.24456882817257e-16,4.07416700049135e-15,-3.57358226271132e-16,4.54624609384117e-17,1.34539140837795e-16,1.67331426492723e-14,0.0999999999999988
"t63",-0.021474103032965,-0.218178632615444,0.0787583018444811,-0.0259825463618599,-0.00534907857580376,-0.000542939160624767,-0.0107753797880683,0.00147742674606063,-0.00154602743105546,0.0104482042076272,-9.74286800846672e-05,-0.00104719910354117,-0.00022775145094336,-0.00371462623910433,0.296985087587882,0.00436132952788178,0.00130214199682928,0.13330639811544,0.00330925967084758,-0.00248886692311086,0.0015291492054286,-0.000413365059133335,0.000312220737961057,0.00466466650139914,-2.45587376586011e-06,1.94175520595425e-06,-3.83026376161248e-05,-0.000190130200765002,0.00024470069683802,-0.000202207916963956,-0.00204104807089431,-0.184564776333758,-0.000141875405545344,0.346980107726327,1.70091240626297e-05,-3.07707062210306e-06,-1.96709057457407e-05,-0.0104877590744208,5.96917867359849e-06,0.0037054102905476,-2.39495915571875e-05,-1.40791833476224e-05,1.4199951157309e-05,1.9508127754149e-06,0.000178777962858079,0.152934381052491,0.00164443641460497,-5.10827756393973e-05,-1.38041340340568e-15,-1.27631829347648e-05,-4.19042639877222e-16,1.46877364506202e-05,-1.01183638557395e-05,-5.99588531096159e-16,-6.69410766662216e-08,0.000166014947841014,3.26902933966597e-16,4.15423837841938e-09,4.72977555432228e-16,-1.22204656470296e-05,3.66366479653651e-16,1.24504002287362e-06,-1.70700095606057e-16,-3.19030304476825e-06,-8.14680939206857e-06,-4.40310503192383e-05,-8.07290200898343e-15,0.388295226109751,4.06149725458347e-15,2.13674131939389e-07,-2.45061709493129e-15,-8.12258449745261e-08,2.34170719981803e-06,3.38335789224193e-16,-8.96279629380587e-15,-5.16414597610586e-14,1.21346030281305e-15,-6.8301937048806e-16,-0.707106781186545,-1.80430519819919e-07,-2.91010961428051e-15,0.000173000513897422,-1.22063824422079e-15,-3.58121420338468e-15,-2.43029335783354e-06,-1.71292138961001e-15,3.44216057003688e-15,2.47117342206849e-16,1.34691388827537e-15,1.7971328754901e-16,-9.82792406862663e-16,1.3099780136061e-15,-2.53610854178566e-16,-2.21841630994872e-16,-6.47989062735154e-15,3.22653376311804e-16,1.73655548661925e-15,-5.73228037380697e-16,1.42767742072891e-14,0.100000000000004
"t22",-0.021182928044661,-0.214190032421342,0.0764650498421262,-0.0250936590557508,-0.00503268852590224,-0.000508066625679372,-0.00997728239926615,0.00134378637767978,-0.00138565325603039,0.0093272787265132,-8.43633990555148e-05,-0.000906182880988237,-0.000191108466938025,-0.00306915579808648,0.230116640305653,0.00329493475553711,0.00097953481234587,0.0988088783060481,0.00241969537278857,-0.00173499335265796,0.00102992433121487,-0.000257268568092741,0.000188662086384451,0.00279611370533293,-1.3814970087342e-06,9.94726187082517e-07,-1.85082252997556e-05,-6.42446620254891e-05,6.66500854295853e-05,-5.15290645489099e-05,-0.000442269311670409,-0.00971246703432129,1.36636043100697e-05,-0.0441706992672494,-3.60032837106499e-06,8.22761685913955e-07,7.09315847841156e-06,0.00628474567640437,-3.63783763748693e-06,-0.00412387012566042,2.85842590125266e-05,3.17471999152835e-05,-3.63697177776094e-05,-6.02463033099167e-06,-0.00100401510697963,-0.933404751201441,-0.010283459522226,0.000335537989628834,7.53762089122299e-15,0.000138961709356352,5.83215791996211e-15,-0.000177885002133976,0.000322976643801995,1.60952176253187e-15,-1.66033286554247e-06,0.00305385724825943,-5.65908934774763e-16,3.18177193993006e-08,5.15258684351772e-16,-6.01355308793016e-05,-5.64402151739028e-16,3.95745295458195e-06,-1.86476990930608e-16,-7.7840256616974e-06,-1.98731662998983e-05,-5.96591448286813e-05,-6.25776007268922e-16,0.0275946772571533,1.36648254951382e-16,-1.30543806970493e-06,2.08365629009379e-18,-6.27593815045193e-07,1.57502128390493e-05,2.53744071833391e-16,-8.02814891628664e-17,-4.32539747096509e-15,-1.17908157941874e-15,-3.25878099013596e-16,-2.47924720238215e-16,-6.2813001114042e-07,-1.86986217987472e-16,0.000547612568412773,-4.78384695659618e-17,-8.60521686256862e-16,-7.07624420310344e-06,6.82439158838856e-16,-9.28936024624983e-17,-5.00834955565537e-16,-7.02269480978287e-16,7.70999376972579e-16,8.54403681312578e-17,1.22304472369492e-16,-2.19714919524599e-16,8.99452495715704e-17,5.44621084585258e-17,7.80120628134589e-16,2.14014111147464e-16,8.44469997285221e-16,1.86430731963227e-14,0.0999999999999983
"t77",-0.0213860235823618,-0.216968800968014,0.0780582990747123,-0.0257104033526544,-0.00525075166668329,-0.000532067836968537,-0.0105250616905551,0.00143507792835887,-0.00149477358802872,0.010089145282885,-9.31689221093161e-05,-0.00100120541734931,-0.000215584127906107,-0.00349835716246309,0.273723647290016,0.00398483074475077,0.00118795613181618,0.120990013600907,0.00298912244186924,-0.00220987493999003,0.0013406450277735,-0.000351650036565061,0.000262526654588853,0.00390965418634658,-2.00559072218678e-06,1.52315293748896e-06,-2.92617920736714e-05,-0.000120579340859111,0.00013551915113576,-0.000106959370899765,-0.00095680972448688,-0.00858869743404151,0.000151321163616727,-0.560638061069863,-0.000116348864576476,-0.000123506008255355,-9.55130657915508e-05,-0.0242577510281859,1.36155214584341e-05,0.00607799303197664,-3.83254878941301e-05,-1.91241911602586e-05,1.88223585593225e-05,2.50133091412304e-06,0.000207860441537868,0.175338497190474,0.0018774997013085,-5.7826589419083e-05,-1.12938059584595e-15,-1.30318328192213e-05,-1.21423578166241e-15,1.45929091455096e-05,-6.06678073277291e-06,2.20341903906176e-17,-1.07510125736615e-07,0.000245475487077001,3.81103400660641e-17,5.09058286217825e-09,1.24411616469794e-16,-1.3532303251619e-05,-7.30865749148237e-17,1.16061497015482e-06,3.82316277085135e-17,-2.50133107369483e-06,-6.38641482685044e-06,-2.0698855615107e-05,-3.26251470774308e-16,0.008997094295028,2.67546830471001e-17,-4.95624346160185e-07,-5.96575842394973e-17,-2.52024791095129e-07,6.38025742021293e-06,3.30506815402953e-16,1.88416380116667e-16,4.26290263602874e-15,5.08879855987898e-16,1.01220550333945e-16,1.13799028633252e-15,-2.84770541891918e-07,-5.53064170424955e-16,0.000257323642828203,6.2465553762566e-16,-1.17957341018706e-15,-3.45165195757462e-06,-2.87169358057841e-15,-5.04560856026718e-15,0.707106781186547,1.2347369175972e-14,-1.06155837215791e-15,-6.00280063980394e-15,-1.95223750976854e-15,-1.1565054501382e-15,2.54310085023314e-16,-2.72374339529849e-15,-4.01557142997659e-15,2.63620258901902e-16,2.27203623815347e-15,1.79439796355041e-14,0.0999999999999995
"t78",-0.0213860235823618,-0.216968800968014,0.0780582990747123,-0.0257104033526545,-0.00525075166668332,-0.0005320678369685,-0.0105250616905551,0.0014350779283589,-0.00149477358802872,0.010089145282885,-9.31689221094404e-05,-0.0010012054173493,-0.000215584127906124,-0.00349835716246313,0.273723647290016,0.00398483074475074,0.00118795613181633,0.120990013600908,0.00298912244186923,-0.00220987493999008,0.00134064502777358,-0.000351650036565367,0.0002625266545885,0.00390965418634648,-2.00559072223732e-06,1.52315293749357e-06,-2.92617920737298e-05,-0.000120579340859172,0.000135519151135989,-0.000106959370899787,-0.00095680972448685,-0.0085886974340414,0.000151321163616444,-0.560638061069864,-0.00011634886457563,-0.00012350600825569,-9.55130657917601e-05,-0.0242577510281859,1.36155214581732e-05,0.00607799303197655,-3.83254878939913e-05,-1.91241911601259e-05,1.88223585578098e-05,2.50133091394637e-06,0.000207860441537907,0.175338497190473,0.00187749970130866,-5.78265894179143e-05,-1.12938429150792e-15,-1.30318328191791e-05,-1.18648086124312e-15,1.45929091457594e-05,-6.06678073364539e-06,-1.31173188899225e-17,-1.07510125993189e-07,0.000245475487077183,6.86791507329834e-18,5.09058274947834e-09,-2.78125507309979e-16,-1.35323032516365e-05,-5.59381024476657e-16,1.16061496953029e-06,-5.97006481717384e-17,-2.5013310738003e-06,-6.38641482715506e-06,-2.06988556136498e-05,-3.95640198840654e-16,0.0089970942950279,1.14754714362369e-17,-4.95624346289826e-07,3.20007118659821e-16,-2.520247923475e-07,6.38025741825385e-06,-2.24604672385639e-16,-6.80677259606568e-16,-4.09152562427557e-15,-6.71599469413916e-16,-1.29253483593361e-17,-9.46349695663208e-17,-2.84770529417873e-07,8.22604825881686e-16,0.000257323642831034,-1.06765044872069e-15,1.91517332090095e-15,-3.45165194225128e-06,1.61083189005917e-15,3.89515642057755e-15,-0.707106781186547,-1.15647064371277e-14,2.4626584788876e-15,5.57743487230443e-15,2.72756558092901e-15,1.07889113400503e-15,3.99330754830769e-17,-8.00248179098336e-17,3.46455619843538e-15,1.4262478534676e-15,-8.08832655159188e-16,1.36488043089855e-14,0.0999999999999952
"t11",-0.0204104225340083,-0.20358557539787,0.0703381871154817,-0.0227133585244324,-0.00417579833317212,-0.000413400797564996,-0.00780096899905576,0.000976608331241537,-0.000942310409487588,0.00622345448855685,-4.77308075469912e-05,-0.000510696327472365,-8.70659712346432e-05,-0.00122523574715308,0.0343452355652839,0.000143560595736404,2.46818108486646e-05,-0.00384412935667288,-0.000240269822926512,0.000557030368502789,-0.000505527939565578,0.00023507778177928,-0.000204554117982103,-0.00316461065288773,2.10863246714168e-06,-2.1581989447722e-06,4.83231260237094e-05,0.000389156604283863,-0.000589392798070038,0.000506352548881733,0.00552411840553611,0.604860884116897,0.000196739794704586,0.105266061418864,0.000371015995304818,0.000613940840205948,0.000797004403360734,0.737634823746282,-0.000446761607694685,0.126162873124234,-0.000673254665128036,-0.000131315908831083,0.000111203637194822,1.16977163631027e-05,0.000200561572033411,0.0657459065496059,0.000367374359886921,1.02730717467223e-05,-6.47193109853617e-16,6.89503765359487e-05,-6.45774197369396e-16,-9.95031951215509e-05,0.000281758093683621,-4.45494318701377e-16,-2.02320876376616e-06,0.00389434229431056,6.29604445274706e-17,4.8552081889874e-08,1.78924640820863e-16,-0.000101335372042495,2.91594274395692e-16,7.15136710985672e-06,1.15790665180986e-16,-1.43178012497818e-05,-3.65546340509096e-05,-0.000109347837442034,-3.35370087300079e-16,0.00385937198867736,6.36243041860965e-17,-2.58763854320953e-06,2.17076510134183e-16,-1.23319232535119e-06,3.09540288754994e-05,4.22885974668763e-16,-1.68222363134712e-16,-1.92918669088334e-15,-1.09985411824471e-15,-3.86791606365365e-16,4.33310044987144e-16,-1.24120227782543e-06,-2.59750346486596e-16,0.00108309869953151,-2.88916339021729e-16,6.88135001505449e-16,-1.39960054050869e-05,5.43381348926281e-16,2.1681508007712e-16,-2.34724941097043e-16,1.29374922943729e-16,4.08986244424158e-16,-3.00277495543994e-16,1.77035849356017e-16,-1.59783829463399e-16,3.27924550041585e-16,-1.18513274714269e-15,-8.64773176960168e-17,9.59180190062275e-16,7.23456379415213e-16,1.5111176199234e-14,0.100000000000005
"t79",-0.0216344030799884,-0.220398912669119,0.0800696106199307,-0.0264976739529209,-0.00554651352454195,-0.000565075568397483,-0.0113002721939922,0.00157142419312435,-0.00166624902909606,0.011304395222027,-0.000109297476277509,-0.00117586197716824,-0.000271090556749774,-0.00463587161035998,-0.347647138811839,0.00244594595570779,0.000801942227689615,0.098069860785499,0.00264406060175663,-0.00225359910020157,0.00144236615764154,-0.000410803850233572,0.000314337493896504,0.00471121514078134,-2.53365756099751e-06,2.05004833753116e-06,-4.08949490317681e-05,-0.000210775344396938,0.000272694953058455,-0.000225261373429801,-0.00226441751077421,-0.180986346098886,-4.4290634420009e-05,-0.0276858117149429,-7.11982014569778e-05,-0.000105912058128492,-0.000113551995345947,0.0315337495550692,4.73619923847037e-06,0.309649329197926,0.0012136668441328,2.37048941014371e-05,-1.74658723524863e-05,-1.53247531485004e-06,-1.45545408861987e-05,-0.00329470697289378,-8.15878255706624e-06,-1.4026338531226e-06,5.14690397681974e-16,-3.89445588107083e-06,-2.35266689533466e-16,5.23792550471388e-06,-0.0372365622522527,1.18753674202034e-15,-1.86880472914215e-07,0.120251452196218,3.88198365988375e-16,-9.94707125960801e-10,-5.08121995163558e-17,-1.07420589814193e-06,7.6331886851778e-16,2.82567677836e-07,-8.53086633367808e-16,-7.46603476276859e-07,-1.90643808888142e-06,-7.09024391568232e-06,-4.55672887835605e-17,0.000205285008803723,5.97052649501693e-16,-2.10665955500249e-07,-9.92788322653204e-16,-1.1871442603947e-07,3.06298209023712e-06,-9.81074021346123e-16,-1.71223252983099e-15,-8.18153084890009e-15,-4.05225340690292e-15,-2.9856365041014e-15,4.66874501478093e-15,-2.2754491593611e-07,-2.87253380470728e-14,0.395909633903493,-4.40035881186526e-15,-1.40855757338449e-14,-5.91700854219036e-07,7.80731418349826e-15,8.30196418879394e-15,-1.13826396368681e-14,0.707106781186547,-1.5933251233162e-15,6.9823787859511e-15,2.48021757682689e-15,6.92161763798207e-16,2.07373732311969e-15,-6.24706966958878e-15,1.23417308866206e-15,9.26279306814322e-16,1.89819414558374e-15,1.45473910695415e-14,0.100000000000016
"t80",-0.0216344030799884,-0.220398912669119,0.0800696106199307,-0.0264976739529209,-0.00554651352454193,-0.00056507556839746,-0.0113002721939922,0.0015714241931243,-0.00166624902909608,0.0113043952220269,-0.0001092974762774,-0.00117586197716826,-0.000271090556749698,-0.00463587161035994,-0.347647138811839,0.00244594595570776,0.000801942227689485,0.0980698607854991,0.00264406060175668,-0.00225359910020147,0.00144236615764151,-0.000410803850233673,0.000314337493896554,0.0047112151407814,-2.53365756098456e-06,2.05004833751393e-06,-4.08949490318039e-05,-0.000210775344396894,0.000272694953058403,-0.000225261373429708,-0.00226441751077444,-0.180986346098886,-4.42906344200838e-05,-0.0276858117149441,-7.11982014574234e-05,-0.000105912058127947,-0.000113551995345538,0.0315337495550694,4.73619923881175e-06,0.309649329197926,0.00121366684413281,2.37048941013927e-05,-1.74658723529189e-05,-1.53247531519699e-06,-1.45545408855568e-05,-0.00329470697289264,-8.15878255748785e-06,-1.40263385409706e-06,-4.01243446251498e-16,-3.89445588107389e-06,-5.12822420919288e-16,5.23792550451322e-06,-0.0372365622522525,-9.6518877691279e-16,-1.86880472832227e-07,0.120251452196217,-2.84873705847993e-16,-9.94707342041358e-10,2.98822450334776e-18,-1.0742058988757e-06,3.8277807423978e-16,2.82567677878418e-07,-5.72523793948664e-16,-7.46603475386997e-07,-1.90643808858936e-06,-7.09024391607957e-06,-1.20436257739377e-15,0.000205285008804014,3.71922210110153e-16,-2.10665956419982e-07,-1.36280051705061e-15,-1.18714422154024e-07,3.06298209277863e-06,-4.67595873298099e-16,-1.30164812334278e-16,-4.69820610913867e-15,-4.16154098588961e-15,-4.03411483420781e-15,1.9486195332133e-15,-2.2754492154784e-07,-2.77941736795944e-14,0.395909633903491,-2.87637950521897e-15,8.95155202574656e-15,-5.91700850677087e-07,8.61916477001572e-15,4.74925050482004e-15,1.23815626956845e-14,-0.707106781186548,1.55962314815288e-15,-6.88303677607899e-15,-1.44978325570543e-15,-7.25114220657606e-17,-1.77879550702395e-16,4.19596565579159e-15,-1.65240677536335e-15,-6.71059414740006e-16,-9.53691248922558e-16,1.49741330446318e-14,0.100000000000015
"t67",-0.0216071079823506,-0.220025034005087,0.0798546192371735,-0.0264143251061158,-0.00551677536544661,-0.000561795068665863,-0.0112250399960623,0.00155876434550348,-0.00165096800432266,0.0111973854694478,-0.000108023158114697,-0.00116209941686283,-0.000267353210920899,-0.00456732202926484,-0.3411650714659,0.00239691680528364,0.000785681581096357,0.0960045954845243,0.00258651897528193,-0.00219928641643478,0.00140534032010067,-0.000398910691727235,0.000304884252723613,0.00456813680450478,-2.4510988671455e-06,1.97731803730185e-06,-3.93781934272037e-05,-0.000201389872245562,0.000259720273103897,-0.000214366096091815,-0.00215110586472848,-0.170731941649795,-4.1546452901209e-05,-0.0259419595463074,-6.65226227170393e-05,-9.87786036328053e-05,-0.000105600850538316,0.0291332066872383,4.37451518320022e-06,0.282861252916965,0.00110701655589284,2.13003895637929e-05,-1.56447915286288e-05,-1.36637606576759e-06,-1.28003436008401e-05,-0.00289267805437492,-7.15974517577652e-06,-1.22969339238791e-06,-1.02798609487169e-16,-3.38504558217954e-06,-7.65285265227168e-16,4.54596640322276e-06,-0.0320173470024374,4.34610521787428e-16,-1.57998745150452e-07,0.101263514846675,-5.90357940638165e-16,-8.1560908375401e-10,3.89929014414968e-16,-8.50389306456915e-07,1.86950206913085e-16,2.09331813814363e-07,1.3926776683648e-15,-5.27943865864209e-07,-1.34804852150578e-06,-4.69884944421899e-06,1.13362748494599e-15,0.000129411316155099,-1.12765407506718e-15,-1.2301385676851e-07,2.53893784688284e-15,-5.77265281879316e-08,1.42635686485714e-06,1.55161719829654e-15,1.14147217040851e-15,1.04178875069792e-14,7.26104058196706e-15,7.16348299076432e-15,-6.05619219469656e-15,7.49006009201962e-08,5.94895007795875e-14,-0.828318260682737,7.100521331697e-15,5.95713028815677e-15,-4.0493786111771e-06,-1.70704111757501e-14,-1.32554761048869e-14,-1.95082425475101e-15,1.63361665902446e-15,2.15250287899598e-15,-1.09521305144708e-15,-4.62890621050337e-17,-9.13219168479659e-16,-1.37712004993415e-15,-4.93919403647187e-16,-2.80106271269397e-16,1.75332201465173e-15,5.43689888857389e-16,1.80133685745432e-14,0.0999999999999713
"t33",-0.0213271013477165,-0.216181030125147,0.0776329104460823,-0.0255509487071512,-0.00520515330213699,-0.000527339041594514,-0.0104313026251687,0.00142420373414199,-0.00148757923488521,0.0100513996653675,-9.42141146361911e-05,-0.0010129261508361,-0.000226381556093567,-0.0038116851423246,-0.268159149084359,0.00184032695974732,0.000600844201226922,0.0724235130905409,0.00192686268436323,-0.00156818973956299,0.00097115158039795,-0.00025670847785266,0.000191091560814167,0.00284276610787933,-1.44205350045607e-06,1.07240086958138e-06,-2.03154457403957e-05,-7.76474564397018e-05,8.51446907743573e-05,-6.69879763391659e-05,-0.000600823340248766,-0.0237823590526864,-6.68905310196712e-07,0.000235167640718129,5.10515120805336e-06,1.19296740664359e-05,2.04078290155856e-05,-0.0108439032095646,-1.66078831597934e-06,-0.205477653256818,-0.000861652929485188,-2.94344715215101e-05,2.39624677951545e-05,2.415665167995e-06,3.35479877301409e-05,0.00794377541793488,1.99244593722292e-05,3.51326934666839e-06,-2.0675267176445e-15,1.21889542741257e-05,1.38783387691144e-15,-1.70384809683942e-05,0.154189371051418,-3.73683571643765e-16,1.22803076043986e-06,-0.889754161880006,1.00607448439314e-15,2.1335145748829e-08,-1.03182620264169e-15,-3.77430930546239e-05,-3.01706393304725e-15,2.53583444940086e-06,-1.18631598464914e-15,-5.05269428186291e-06,-1.28999691430348e-05,-3.86054964335632e-05,-8.52402225169584e-16,0.00100464284897712,1.86122556755893e-16,-9.2039667023852e-07,9.67018516040467e-17,-4.41885127924339e-07,1.11076051081304e-05,-6.11135397527164e-16,-9.9473311764253e-17,-6.76279260139359e-16,-7.60067743714878e-16,-1.24024414641701e-16,1.10158692537426e-15,-4.59009078444702e-07,-1.34355475003754e-15,0.0171522776345522,-1.24728711298793e-16,-2.65946513888879e-16,-5.1943340636672e-06,5.16797390560389e-16,-1.34397645072603e-15,-4.24347376106629e-16,2.43070095141141e-16,8.31996766896721e-16,-1.54333853898611e-16,2.42370593335665e-16,-3.26030369180349e-16,-9.35317689038421e-17,-7.43312854229423e-16,4.78388881714517e-17,9.24064804588013e-16,3.68691624617706e-16,1.48370898900296e-14,0.0999999999999934
"t23",-0.0211875099844843,-0.214263527397159,0.0765231190091518,-0.0251193920324669,-0.00504888982236581,-0.000510049686697589,-0.0100325150571939,0.00135645471989946,-0.00140517403029488,0.00947315475553411,-8.72219592740829e-05,-0.000937387341737375,-0.000205563029137435,-0.00342708314602658,-0.23074902668183,0.0015543870012779,0.000505846052597125,0.0602862129176305,0.00158688380990911,-0.00124145793276873,0.000745658401678443,-0.000182352173433961,0.000131446428262494,0.00193781903538513,-9.10200963866455e-07,5.92216776318402e-07,-1.01605674185522e-05,-1.0432838528884e-05,-1.05173356174483e-05,1.39604823285398e-05,0.000255034953108417,0.0591370762481724,2.28562070810184e-05,0.0153617521505442,4.6956199318377e-05,7.70870425840426e-05,9.54731475654327e-05,-0.0353983415378622,-5.37253933253031e-06,-0.52512597627924,-0.0021628257427305,-6.7259573379943e-05,5.44622490823091e-05,5.48746894826303e-06,8.04800446276036e-05,0.0193297834301809,4.86993253485839e-05,8.66850185254693e-06,5.0713508706001e-15,3.42109569448543e-05,2.83893237551754e-15,-4.94934340877793e-05,0.672469452101688,1.2955917411221e-15,-1.61226931694528e-06,0.382930482468281,3.40077367846751e-16,1.74889559655322e-08,-4.30453819015267e-16,-4.02941332730669e-05,-5.29343731403773e-16,2.98294738108184e-06,-2.48118625695272e-16,-6.06597221107239e-06,-1.5487115006378e-05,-4.69571738725312e-05,5.96390983999505e-16,0.00122834028389491,2.92442998176318e-16,-1.13035724565457e-06,6.93195780208541e-16,-5.44984060903603e-07,1.37054092824046e-05,1.56034989767128e-16,-4.26084275189106e-17,1.47222960750116e-15,-1.70108068537521e-16,-3.60099286953863e-16,5.70283413898096e-16,-5.65531494253323e-07,-9.6380579470811e-17,0.0076045541294364,-1.38733413134486e-16,3.01079442937484e-17,-6.46588682487682e-06,2.15829469949452e-16,8.61222925309726e-16,-3.22460756367965e-16,1.5971769090621e-16,8.82476385743712e-16,3.50346341031933e-16,5.01907805531997e-16,-4.26603345724454e-16,4.90260237912978e-17,-1.05895439017585e-15,-7.24281610054762e-16,1.41906840640503e-15,8.27499767030223e-16,1.56281237950751e-14,0.0999999999999985
"t19",-0.0211506449347469,-0.213757662545203,0.0762310475402622,-0.0250059454028276,-0.00500803987840636,-0.000505535083813013,-0.0099286122713565,0.00133886751596997,-0.00138384563082404,0.00932361029198038,-8.54244860109158e-05,-0.000917971013656749,-0.000200243228077329,-0.00332908811445276,-0.221326280943791,0.00148267734400527,0.000482039185109409,0.0572520835943826,0.00150208560375354,-0.00116058503566198,0.000690138828883948,-0.000164253749028404,0.000116987695435045,0.00171868660079887,-7.82476493588453e-07,4.78195313539212e-07,-7.76495846016428e-06,4.91412016939095e-06,-3.20404432243546e-05,3.21015472552123e-05,0.000445202154128053,0.0768952723106588,2.77289710630698e-05,0.0184732496770526,5.54037548009573e-05,9.00759833617912e-05,0.000110128501678305,-0.0399432947827983,-6.05801166057188e-06,-0.577879954290871,-0.0023737336276319,-7.20825639271169e-05,5.80847810194013e-05,5.80939765340768e-06,8.28725805868685e-05,0.0198117416543622,4.98428983387214e-05,8.84596813878768e-06,-2.82382222050157e-15,3.35578000963961e-05,-2.11851813372874e-15,-4.79768640453875e-05,-0.721257165546164,-7.60610681294759e-16,-1.25380386422802e-06,0.149911741897145,-3.21363066282601e-16,2.14560770930035e-08,9.30288218008029e-16,-4.61842766012112e-05,1.6554876620633e-15,3.32355724106656e-06,1.59645129606204e-16,-6.70671260359021e-06,-1.71229241426356e-05,-5.16011349182928e-05,-3.74921211839194e-18,0.00134579973848495,1.0147028530805e-16,-1.23461049826945e-06,-3.38217213087774e-16,-5.92812682106697e-07,1.48990101597893e-05,-1.24504505937949e-16,-2.06551992149215e-16,5.33173363498367e-16,-6.23936515512665e-16,-1.44674441534263e-16,4.18578559008692e-16,-6.09781341583145e-07,-4.63928007824405e-16,0.00664878155730526,-4.80933898680007e-16,-1.06806499123473e-16,-6.94608653642124e-06,2.41920686758382e-16,4.19182588339027e-16,5.08504261381805e-17,-1.37846964442564e-17,5.03051634993598e-16,-5.34954040249265e-16,5.15672997373057e-16,1.34245634761287e-16,-2.36355459374747e-17,-1.06490262890945e-15,5.03264423785469e-17,5.11610814240434e-16,6.20043180827852e-16,1.58050655896247e-14,0.0999999999999972
"t8",-0.0203789527408831,-0.203154393700134,0.0700902657009703,-0.0226172842104708,-0.00414174580442731,-0.000409653700182718,-0.00771556992602278,0.000962459796898286,-0.000925556032302289,0.00610687737066518,-4.64442695039321e-05,-0.000496833937137114,-8.39149902663041e-05,-0.00117752018827171,-0.0109754253640627,-0.000128494594180447,-5.34358454074004e-05,-0.0112479205100733,-0.000418918685860248,0.000693333535827227,-0.000593324987722253,0.000262099941767411,-0.000225981584104574,-0.00348893888401873,2.29716128157457e-06,-2.32825995745039e-06,5.19354216216887e-05,0.000414416817627755,-0.00062672946437541,0.000538304521598132,0.00587086304626974,0.643117574333921,0.000204982937333461,0.135422826770027,0.000406949717988438,0.000675805768861746,0.000892019040390039,-0.669754829038677,-0.000109902897672758,0.245309449914693,-0.000252867701744541,-0.000126751947803167,0.000107847019133749,1.13669816105784e-05,0.000174102116599673,0.0418123661180352,0.000105320702305008,1.87353519751981e-05,-8.64179340586048e-17,7.24019921425842e-05,-4.0894781888613e-16,-0.000103948256549718,0.000391590832286905,-2.73587089745337e-16,-2.07427667053642e-06,0.00524682191650338,2.5327361811794e-16,4.95964351568772e-08,6.36266801682452e-17,-0.00010346936514824,-1.13690341638249e-16,7.30020488901877e-06,-3.49448997361475e-16,-1.46139051001984e-05,-3.73106094186882e-05,-0.00011155726596341,-1.13531906371035e-17,0.00289646622881232,-1.87649614563874e-16,-2.64333573404302e-06,1.93082154798354e-16,-1.25925217548807e-06,3.16073592631572e-05,1.6598861720367e-16,-1.59692225433855e-16,-7.11039045609327e-16,-2.20205577953185e-16,-6.31804385819904e-17,1.95940839619234e-16,-1.26718612881913e-06,-1.18362500158628e-17,0.00134356410695524,-2.53341104648348e-16,-2.36607661044773e-16,-1.42858732995587e-05,3.71906399100156e-16,4.36021891923644e-16,-3.30709996936498e-16,-2.04410076545514e-16,2.38877961816248e-16,-3.18542609939378e-16,2.18525657795737e-16,-2.24781870849074e-16,1.48212009738852e-16,-1.03163784271078e-15,-5.44188788443141e-16,7.32529268638436e-16,8.49783976995318e-16,1.57460849914415e-14,0.100000000000006
"t1",-0.014750006369082,-0.125787577908922,0.0252640459924767,-0.00517934071281303,0.00217489688073091,0.000289032323313258,0.00838376394219978,-0.00176371237051149,0.00237546710694159,-0.0170207265210216,0.000228144318893706,0.0024680516181509,0.000703740813657634,0.0129317596690237,0.030828783406259,-0.0140887215174623,-0.00434057878925161,-0.466692382572092,-0.0114866326668426,0.00485408838043847,0.00225029580202195,-0.0171556942938891,0.0390391722866386,0.864190326860855,0.000743017400283165,-0.00111360434765424,-0.0215087188616832,-0.00592868036440819,0.00443452087365982,-0.00318636854062318,-0.0235037684111865,-0.0615521014929793,0.000305111442862982,-0.00739266904343052,0.000679022364149837,0.00127326981292269,0.00189736945607703,-0.000362229827685952,-0.000707740100047034,0.00366334935959914,-0.00361841793613277,-0.000478790130343815,0.000405047370023834,4.23594386118501e-05,0.000500740457523803,0.00351985512582657,-0.00133075174386804,0.000128958669983232,-9.95815519213794e-17,0.000304283791838851,-2.76218205831099e-17,-0.000433539206669125,2.86083574779121e-05,-6.48772544461145e-17,-8.38516635634124e-06,0.000435374275602821,9.05161911713114e-17,2.01688868822805e-07,-1.57960841212074e-17,-0.000421241011729957,-1.60634428886379e-16,2.97613292400536e-05,-3.15949023618206e-16,-5.95900571488923e-05,-0.000152138749943253,-0.000454461371896152,-9.68663705143968e-17,0.0004427265352396,3.12685719971262e-16,-1.08060601438089e-05,1.54651935881606e-16,-5.14137212190601e-06,0.000129032356810862,-2.14915981550866e-17,-1.85534861223609e-16,-4.23264458055501e-16,-3.20477122156757e-16,-6.77513197726703e-17,4.8020249093107e-16,-5.16143621842165e-06,1.13968418101602e-16,0.000196665936924176,-6.2243348209646e-16,1.79434106889615e-16,-5.80763490202393e-05,-1.10638655512588e-17,1.35030741381818e-16,-3.87965236028947e-16,-4.20023078370978e-17,6.99379551477956e-16,-2.61335728710161e-16,2.20542022141979e-16,8.76357124653963e-17,1.64016113571673e-16,-1.0115715669881e-15,-9.34654941172557e-17,5.29090957775478e-16,4.17165802046186e-16,1.58302190800264e-14,0.100000000000001
"t20",-0.0107552774017707,-0.0389458768757977,-0.160107774177017,0.284126581326362,-0.0131191855650101,-0.00120506538139689,-0.0207084320964554,0.00238666149847004,-0.00222433004633348,0.0145985721049625,-0.000109801838634006,-0.00117487576403852,-0.000204987951741675,-0.0029774147810979,-0.0006412768628889,0.000568034427322494,0.000149120135479907,0.00675506656415599,-4.53203967571025e-05,0.000594425585885285,-0.000584714464800885,0.000224510282546378,-0.000125548379093741,-0.00131472187617097,2.01875341402041e-06,1.17321961945833e-05,0.000601031655087895,0.00200090881234369,-0.00452949256717659,0.00492196921914461,0.25648097605183,-0.00421288474108534,0.000291051603378812,-0.000489935206659392,0.000765308176021744,0.00185231634600713,0.543091534650059,-1.59917658667592e-06,-4.97910531767734e-05,8.70902632201565e-05,-0.0010458990203131,-0.000164565459723761,0.000143476186342742,1.58402508840156e-05,0.141893706906043,-5.46757656840897e-05,7.92701338147097e-05,7.70373069600924e-06,-1.63614443546487e-15,7.79835046167297e-05,-1.03677772320489e-15,-0.000114786386139041,7.63461832906996e-07,0.707106781186547,-2.62183395832396e-06,1.27109710273665e-05,2.91294070708169e-16,6.58522013410477e-08,-4.07862799774143e-16,-0.000140777906493892,1.85165385831646e-15,1.02396423591261e-05,5.7561598109796e-16,-0.000403623748438695,-0.0135080288574155,-0.000154798850241718,-3.23505578890046e-16,1.50076897136523e-05,3.05869647856499e-16,-3.74033475648526e-06,-9.09232732712363e-17,-1.79469619504562e-06,4.50979979357243e-05,-9.0388391555612e-17,-2.93670351878218e-16,-5.07102384283246e-16,3.43971832247571e-16,8.18537081396721e-17,4.62573202359096e-16,-1.83438652762305e-06,5.06963287576466e-16,7.18694726462996e-06,-4.60442564565078e-16,6.88276044486448e-16,-2.08947680009113e-05,1.07649668781913e-15,1.33253256574845e-16,-4.96281951459319e-16,-1.03564162220181e-15,8.72501529984298e-16,5.32932039870921e-16,2.54960884325015e-16,-7.99107358213367e-17,-2.45659844171038e-16,-1.37540222341204e-15,-7.72600322247949e-16,5.06330067292323e-16,1.84728382094661e-15,1.47859155474883e-14,0.1
"t21",-0.0107552774017707,-0.0389458768757977,-0.160107774177017,0.284126581326362,-0.0131191855650102,-0.00120506538139687,-0.0207084320964552,0.00238666149847004,-0.00222433004633349,0.0145985721049628,-0.000109801838634231,-0.00117487576403861,-0.000204987951741669,-0.00297741478109788,-0.000641276862888978,0.000568034427322488,0.000149120135479785,0.00675506656415607,-4.53203967571231e-05,0.000594425585885218,-0.000584714464800876,0.000224510282546458,-0.000125548379093638,-0.00131472187617118,2.01875341405142e-06,1.17321961944976e-05,0.000601031655088379,0.00200090881234394,-0.00452949256717758,0.00492196921914454,0.25648097605183,-0.00421288474108598,0.000291051603379061,-0.000489935206659862,0.00076530817602336,0.00185231634600844,0.543091534650059,-1.59917658686057e-06,-4.97910531743583e-05,8.70902632199898e-05,-0.0010458990203133,-0.00016456545972315,0.0001434761863469,1.5840250883941e-05,0.141893706906042,-5.46757656864762e-05,7.92701338149923e-05,7.70373069465161e-06,-3.19045666942007e-15,7.79835046183855e-05,1.23917947632478e-15,-0.000114786386142247,7.63461835009863e-07,-0.707106781186548,-2.62183395329648e-06,1.27109710284381e-05,-4.8586202203373e-16,6.58521984640963e-08,1.67958749310421e-16,-0.000140777906492427,-3.14343239354236e-16,1.02396423581417e-05,-7.40567959001861e-16,-0.00040362374843795,-0.0135080288574142,-0.000154798850232897,9.9766951082586e-17,1.50076897132761e-05,-3.24889806736153e-17,-3.74033475649103e-06,-2.42298241140644e-16,-1.79469619360605e-06,4.50979979368926e-05,3.81456393994395e-16,-1.61831366391732e-16,-1.17323619905835e-15,-1.41850721934466e-15,-1.72535358725653e-16,4.62573166039943e-16,-1.83438652916436e-06,1.22112546960483e-16,7.18694726422912e-06,9.04948052571721e-17,-7.2725831378799e-16,-2.08947680032548e-05,-5.19448910711079e-16,3.69175648015644e-16,-3.93007817793199e-16,1.27524195439125e-15,8.68906427391892e-16,-4.32453267014087e-16,4.21524722415045e-16,-7.26620174572092e-17,4.56959245915632e-16,-1.68034684132177e-16,-7.27497511872548e-16,6.50590279460628e-16,-7.47897904419115e-17,1.4961122618562e-14,0.100000000000001
"t34",-0.0109459379507757,-0.0398871865438402,-0.166434549718937,0.297484014150626,-0.0142553326550231,-0.00131991795438216,-0.0230453037120252,0.00273088095060428,-0.00260659670213442,0.0172206592478893,-0.000136577302482744,-0.00146308395477744,-0.000270575368137975,-0.004054558908129,-0.00101059499718693,0.000956478801437315,0.00025408302975963,0.012004436259961,-8.38959126230922e-05,0.00129333775387529,-0.00146190626076868,0.0008690322493249,-0.000616089635056903,-0.00696342914317588,2.95595179231185e-05,-0.00010179399855363,-0.00257879663101191,-0.00202439024155424,0.00312103622966816,-0.00309094719657378,-0.132970814114276,0.0010434483337428,-3.76139717404924e-05,5.48969629802288e-05,-5.6474258017423e-05,-9.99381445292698e-05,-0.0151988453551778,-1.71415745529208e-08,-5.84033564430532e-07,1.99953014758972e-06,-2.05547868570503e-05,1.76228424440973e-05,-2.45370180814505e-05,-5.02459057671796e-06,-0.584387223034047,0.000708455835545278,-0.00234608425482205,0.00016088311974764,1.22337988773794e-14,0.000135538342153863,1.12145092159143e-15,-0.000179127338721615,8.09638349504042e-07,1.68510789441677e-15,-2.12908826582926e-06,9.98154042760442e-06,-4.69272579002825e-15,4.58651030732891e-08,-6.07351692998698e-15,-9.3665404642393e-05,-0.707106781186549,7.21164591879245e-06,1.1824818489324e-16,-0.00304685559709013,-0.106581997065167,-7.85297904999729e-05,-1.43310724625762e-15,8.11918147833191e-06,2.4637674821827e-16,-2.08767252868601e-06,1.49274910157131e-16,-1.02472916750938e-06,2.58157106507054e-05,5.39556175460014e-16,1.50996475096759e-16,-2.36946521683786e-15,1.9607726488436e-15,-6.43328830875664e-16,5.67874411797647e-16,-1.07706028402599e-06,2.72957183927126e-17,4.25058571101369e-06,2.16261355159878e-17,-5.36987409179439e-16,-1.24555374362089e-05,-8.50614541822384e-16,9.36541346421818e-17,-7.55080325406051e-17,4.44570491353504e-17,6.19271580106861e-16,-3.60431247218046e-16,1.22986117480968e-16,2.85315046115844e-17,-1.61311701066127e-16,-1.0692727140154e-15,5.10467179067012e-16,1.0377636331068e-15,-8.4469435167576e-16,1.57291714375507e-14,0.099999999999998
"t35",-0.0109459379507757,-0.0398871865438403,-0.166434549718937,0.297484014150626,-0.0142553326550231,-0.00131991795438217,-0.0230453037120252,0.00273088095060421,-0.00260659670213446,0.0172206592478892,-0.000136577302482727,-0.00146308395477745,-0.000270575368137926,-0.00405455890812884,-0.00101059499718681,0.000956478801437337,0.000254083029759314,0.0120044362599609,-8.38959126230782e-05,0.00129333775387538,-0.0014619062607687,0.000869032249324862,-0.00061608963505712,-0.00696342914317577,2.95595179230944e-05,-0.000101793998553652,-0.00257879663101168,-0.00202439024155422,0.00312103622966838,-0.00309094719657375,-0.132970814114276,0.00104344833374281,-3.76139717405396e-05,5.4896962979497e-05,-5.64742580177818e-05,-9.99381445294594e-05,-0.0151988453551785,-1.71415749502751e-08,-5.84033564465299e-07,1.99953014707134e-06,-2.05547868566843e-05,1.76228424440307e-05,-2.45370180784307e-05,-5.02459057607363e-06,-0.584387223034051,0.00070845583554425,-0.002346084254822,0.000160883119748153,9.93008610289638e-15,0.000135538342153231,1.60587245164866e-15,-0.000179127338721441,8.09638352660293e-07,-6.46292016394539e-16,-2.12908826364425e-06,9.98154042350083e-06,4.36946966133584e-15,4.58650991316571e-08,6.27307825557632e-15,-9.36654046188994e-05,0.707106781186546,7.21164592005189e-06,-6.35310576570789e-16,-0.00304685559709099,-0.106581997065157,-7.85297905118122e-05,-3.01170560463969e-15,8.11918147782561e-06,-9.26335342860514e-17,-2.08767252865204e-06,8.37579692721704e-18,-1.02472916776283e-06,2.58157106481918e-05,-2.86172208764348e-16,-1.67758932405884e-16,5.56862940923201e-15,1.22524989503005e-15,-5.92658089608663e-17,7.16518570715198e-16,-1.07706028377924e-06,-1.57636821616447e-16,4.25058571064791e-06,-3.58693908299766e-16,-7.4168476752268e-16,-1.24555374355774e-05,4.68859505250513e-16,-3.47153834951905e-17,-3.62357789198192e-16,-3.88542021396413e-16,7.89405133216381e-16,-4.76734363209003e-16,2.80923041709913e-16,-3.03005349991769e-16,2.71470245756809e-16,-7.08450231012219e-16,-1.08721314230766e-15,5.32823306478851e-16,9.10845806027866e-16,1.58081013557076e-14,0.0999999999999991
"t45",-0.0110158970537783,-0.0402322233794021,-0.168748060819115,0.302362855541858,-0.0146679595648967,-0.00136158101613941,-0.023891057710527,0.00285497493504293,-0.0027439646585191,0.0181620915729394,-0.000146126832796708,-0.0015658595408328,-0.000293807210670218,-0.00443481176280225,-0.00113916749968676,0.00109097551715803,0.000290392355533251,0.0138145916477845,-9.71594238360838e-05,0.00153123143772566,-0.00175834392659212,0.00108334711379294,-0.000778240220190014,-0.00882765426843456,3.85364139638867e-05,-0.000138151206009006,-0.00358643639449316,-0.00322904407204929,0.00534675866876173,-0.00540386476010553,-0.243435981396639,0.00241660379841206,-0.000116410690165526,0.000183011638065218,-0.000239239124973658,-0.000517360958657392,-0.126390830786484,2.36145668481072e-07,7.20971969403251e-06,-3.90046224014965e-06,3.51834939332943e-05,-1.12318081585134e-05,1.31744266319421e-05,2.11895572132522e-06,0.122315101580022,-0.000135649794983766,0.00043785263846647,-2.85268728061534e-05,-2.27069090327476e-15,-1.48690833554666e-05,-2.52250903456089e-16,1.79633149514875e-05,-4.33594570087049e-08,9.2491500030609e-16,1.51068277897358e-08,-1.41563442857416e-08,3.27218399645226e-15,-7.83841733800983e-11,9.79535144145925e-17,8.73001682104216e-06,-5.83636757267279e-15,-6.07479101269696e-06,1.68660392555657e-15,0.0250831237858199,0.880916153440459,-0.000174011702586636,1.55185975233175e-14,1.22823627741932e-05,-1.8904268700414e-16,-2.49114148269514e-06,5.6378857153157e-16,-1.00810008913787e-06,2.48576292267984e-05,-8.23888810142065e-16,-5.51082460493102e-16,-1.61717243240952e-15,-2.97590605001389e-16,5.78179480100145e-16,-1.82092580039452e-15,-8.74912507524788e-07,2.3376791445881e-16,3.36076091351078e-06,5.08713986562977e-17,2.44957104018492e-15,-9.65914768192009e-06,-7.22595264030945e-16,-5.4325306289616e-16,-4.4596177036047e-16,1.83396081023457e-16,1.03659450738936e-15,-4.88532618713908e-16,7.66832910820332e-17,-1.80401095085238e-16,1.67003154263086e-16,-7.74185392198036e-16,1.18377614249423e-15,1.01670653495551e-15,1.47401998233425e-15,1.62621652255446e-14,0.1
"t83",-0.0110706828747939,-0.0405019990934144,-0.170550410312753,0.306157305757001,-0.014986243150147,-0.00139366471103929,-0.0245402615648363,0.00294972416969629,-0.00284840051720114,0.0188770117918763,-0.000153316888803949,-0.00164322785613298,-0.00031115180545737,-0.00471756335115079,-0.00123327035929085,0.00118883817918533,0.000316785973129103,0.015126052210823,-0.000106740052903844,0.00170134111888045,-0.00196885865269719,0.00123331718951702,-0.000891126047728694,-0.0101237193496827,4.47133652827e-05,-0.000162825890175963,-0.00426495453498852,-0.00401017053212324,0.00676666705556171,-0.00687309383452622,-0.31296351756931,0.00324866354113821,-0.000162636748284988,0.000257683245237213,-0.000343937076142008,-0.000753841077357641,-0.188255588857854,3.71070958537401e-07,1.13540693716323e-05,-6.79619258674318e-06,6.22246633551755e-05,-2.35462708707488e-05,2.87903323072127e-05,4.94271527551375e-06,0.36085169022202,-0.00041433680318176,0.00135110322292097,-8.9863407857957e-05,-6.85786833079488e-15,-5.78358406404715e-05,-5.29871749692671e-16,7.29308046867129e-05,-2.44549308485844e-07,7.26942068613807e-17,3.4545960249925e-07,-1.35355706294538e-06,-7.60874923535892e-16,3.37124808488261e-10,6.54828017641409e-17,-1.41485832772563e-05,2.91114457651332e-15,3.68784819073998e-06,-9.03320077678687e-16,-0.00900871054440136,-0.316266935311056,3.05373492000868e-05,-5.36261513848645e-15,-1.11154371963866e-06,1.31613158532656e-16,1.43235480998461e-08,-1.65928803562551e-16,-1.00817649521574e-07,2.86555176329643e-06,7.83055504362011e-16,8.79212021469126e-17,-3.11835370981397e-15,-1.46676370406467e-15,1.26237502918107e-17,1.73571841047425e-15,-2.57248538238254e-07,2.16329324814968e-16,1.15868066215155e-06,-1.31542139410944e-15,-6.36212876069734e-16,-3.81443895044375e-06,-2.08367173688952e-15,8.71996102516952e-16,-6.35120383297097e-15,6.56215923784687e-15,3.95746868932012e-14,-0.707106781186548,-1.91057399050642e-14,-1.77154239350806e-15,-5.49918334099706e-15,2.99210242139763e-15,-4.55991134909019e-15,-9.26243344773238e-16,-4.70645611027865e-15,1.89505529324396e-14,0.0999999999999987
"t84",-0.0110706828747939,-0.0405019990934143,-0.170550410312753,0.306157305757001,-0.0149862431501471,-0.00139366471103934,-0.0245402615648363,0.00294972416969634,-0.00284840051720119,0.0188770117918764,-0.00015331688880404,-0.00164322785613302,-0.000311151805457411,-0.00471756335115081,-0.00123327035929083,0.0011888381791853,0.00031678597312903,0.015126052210823,-0.000106740052903795,0.00170134111888049,-0.00196885865269708,0.00123331718951709,-0.000891126047728597,-0.0101237193496827,4.47133652826396e-05,-0.000162825890175955,-0.00426495453498854,-0.00401017053212311,0.00676666705556154,-0.00687309383452615,-0.31296351756931,0.00324866354113815,-0.000162636748284967,0.0002576832452374,-0.000343937076141921,-0.000753841077357622,-0.188255588857854,3.7107095852966e-07,1.13540693724507e-05,-6.79619258638503e-06,6.22246633551382e-05,-2.35462708705945e-05,2.87903323075183e-05,4.94271527529829e-06,0.36085169022202,-0.000414336803181249,0.00135110322292075,-8.9863407858092e-05,-6.75376696809203e-15,-5.7835840640255e-05,-1.27927031566239e-15,7.29308046863862e-05,-2.44549309125101e-07,-6.66551211221158e-16,3.45459602265816e-07,-1.35355706302557e-06,-1.39920994221254e-15,3.37124871552809e-10,-2.30516367485256e-16,-1.41485832778885e-05,3.11202581361075e-15,3.68784819053471e-06,-1.61932657428839e-15,-0.00900871054440104,-0.316266935311056,3.0537349201527e-05,-5.91772682278681e-15,-1.11154371977293e-06,7.33263290690888e-17,1.43235475010038e-08,3.70694406624371e-16,-1.00817648753528e-07,2.86555176543673e-06,-4.03495386953223e-16,-3.97805045846955e-16,9.33960330067856e-16,-2.66025345553681e-15,-5.63688239060603e-16,6.77235116676789e-16,-2.57248537385857e-07,-4.85644557792939e-16,1.15868066079392e-06,7.5339092690996e-16,1.82576580951338e-16,-3.81443895637857e-06,3.20376541392665e-15,-5.36599453457119e-16,5.79114809424115e-15,-6.572051681549e-15,-3.87398543444878e-14,0.707106781186548,2.00223873542558e-14,1.52320150352229e-15,5.75014576883563e-15,-5.22354796082853e-15,2.87229454329795e-15,2.6265618221553e-15,4.43900605506144e-15,1.31982098861005e-14,0.100000000000002
"t7",-0.0103552360757329,-0.0369738484204628,-0.146900064542605,0.256288464773962,-0.0107710429217083,-0.000968103277326832,-0.0159033063513505,0.00168290659094047,-0.00144646521715774,0.00926974649581216,-5.59172726937632e-05,-0.000594988729077038,-7.43253524341453e-05,-0.000842218519079964,7.57583455545644e-05,-0.000179969885979583,-5.27187863526571e-05,-0.00329088831073066,2.81770308434278e-05,-0.000716654133028461,0.00104242349061408,-0.000940540108820604,0.0007526185030196,0.00877098776312332,-4.61402781009428e-05,0.000204239770265197,0.00589060452168073,0.00796055575592838,-0.0151093212957017,0.0157771517612369,0.758883146532261,-0.00915319546689313,0.000437743510211308,-0.000656775363169829,0.000610044432216594,0.000565192267231867,-0.568129108428801,-4.5497703649648e-05,-0.00111800777664445,0.000377123224521388,-0.00430066128415302,-0.000502505103492892,0.00041857174550751,4.29974260246289e-05,0.0361982306329575,0.000269816225511443,-0.00116284312642297,0.000114277930473371,-1.02439862759534e-15,0.000276777171727363,-2.75143662681975e-16,-0.000393915540894054,2.34003509562918e-06,4.07838672642596e-16,-7.39076269343276e-06,3.53863884418593e-05,-1.14127183165671e-16,1.73188426118348e-07,2.38730175924877e-16,-0.000354771996921718,-9.84737978274539e-17,2.45654615978725e-05,1.35683548618497e-16,-0.000230271560444501,-0.00650296164879719,-0.00036642511776737,-2.40398859152653e-16,3.50721923575105e-05,-3.47741932420458e-16,-8.63596159414636e-06,3.53051508281088e-16,-4.07789447774868e-06,0.000102218411016072,-1.80495923400243e-16,-1.19488258185075e-16,4.80358573521127e-16,-8.33659071077095e-16,-6.40894404515182e-17,3.80296669891204e-16,-4.02034185292288e-06,1.97593719680598e-16,1.55685536667306e-05,-1.1679720905717e-16,-6.173867842243e-17,-4.46867246331875e-05,3.24437232728488e-16,-3.86049951922736e-17,-1.81344457459268e-16,-2.92689401682108e-16,1.71395800184588e-16,-6.59724464694706e-16,2.58803691771001e-16,-2.01981728779828e-16,3.1486697507847e-16,-5.11058502050768e-16,7.51202505351289e-16,7.1513192440943e-16,1.73169733539822e-15,1.51001173370746e-14,0.100000000000001
"t31",0.0897129661841837,0.0203109130375167,-0.0041172820635002,-0.000432127396500598,0.00934609287761167,0.001567380835774,0.298508568358236,-0.0994162805673197,-0.00240460298454724,0.0134402716784541,5.80775135088148e-05,0.00704360576732704,0.0118262244163524,0.617125949808528,-0.00235241635746847,0.0206602519358482,0.000677216682182934,0.0209862647717989,-0.00997387312843022,0.00195001453915545,-0.00204073582583784,0.00105065461471861,-0.000702129404814227,-0.00768702230467148,3.12933710134875e-05,-0.00128025437828063,-0.00219554713107676,-0.000922183252368805,0.000781325524303707,-0.00587536645254977,-0.00384833598358099,-0.000767866012546245,0.000853401258006621,-0.000110077407070867,0.000156535454276699,0.000296023407859305,0.000430377051097228,-6.67427473318012e-06,-0.000172908850162657,7.92360013332264e-05,-0.00167073126733966,-0.00012819148253502,0.000196857909689033,0.000132968609538951,0.000169436811772151,0.000199204886067603,-0.0107218546214093,1.00469119459528e-05,-1.18426000577872e-15,0.000907376115272635,-2.10476686370992e-16,-0.00130229316704765,6.69207614367093e-07,4.91227399574882e-16,-2.31333040292648e-06,1.07603285955375e-05,-7.13012361636138e-15,5.72346890243403e-08,0.707106781186548,-0.00012179885935479,-5.29783171363067e-15,9.67053751282969e-05,2.87481546495789e-15,-1.77110408507025e-05,-4.36604021088272e-05,-0.000241197565388134,6.0971416606863e-17,1.27030736002255e-05,-5.45570384374848e-16,-3.57228971586476e-05,-2.75930052814527e-16,-1.57562275216478e-06,3.95982637829263e-05,-1.12864337782765e-15,-5.07209397730649e-17,-8.47363626482164e-16,-3.42249290781614e-16,2.75032884619847e-16,7.22881598743363e-16,-1.61603577898701e-06,-2.88373676403797e-16,6.11158608376789e-06,6.6999486117629e-17,-8.32849331458692e-16,-1.84715042190237e-05,1.24428376397218e-16,7.57295316571646e-16,-4.5548794032861e-16,-1.04959839567326e-16,6.09213828097858e-16,-1.00205181384361e-17,4.14610839658024e-16,2.72919297618176e-16,1.0698173562515e-15,-1.08631333058407e-15,-1.2139440669828e-15,7.67637131424889e-16,5.2974433352252e-16,1.52467556809033e-14,0.0999999999999991
"t32",0.0897129661841837,0.0203109130375167,-0.00411728206350021,-0.000432127396500572,0.00934609287761171,0.00156738083577397,0.298508568358236,-0.0994162805673198,-0.00240460298454725,0.0134402716784541,5.80775135088215e-05,0.00704360576732699,0.0118262244163524,0.617125949808528,-0.00235241635746836,0.0206602519358482,0.000677216682182854,0.0209862647717989,-0.00997387312843028,0.00195001453915556,-0.00204073582583783,0.0010506546147186,-0.000702129404814301,-0.0076870223046715,3.12933710135653e-05,-0.00128025437828062,-0.00219554713107647,-0.000922183252368963,0.000781325524303935,-0.00587536645254986,-0.0038483359835808,-0.000767866012545945,0.000853401258006831,-0.000110077407070854,0.000156535454276783,0.000296023407858527,0.000430377051096863,-6.67427473303311e-06,-0.000172908850163088,7.92360013332606e-05,-0.00167073126734,-0.000128191482535157,0.000196857909688539,0.000132968609539435,0.000169436811771873,0.000199204886066518,-0.0107218546214102,1.00469119441398e-05,1.03618604448143e-15,0.000907376115271209,9.11483575582933e-17,-0.00130229316704769,6.69207612813478e-07,-2.30371073341805e-16,-2.31333040335309e-06,1.07603285968526e-05,7.35134799267081e-15,5.72346971812279e-08,-0.707106781186548,-0.000121798859356831,5.01307997340146e-15,9.67053751280019e-05,-3.29851557105033e-15,-1.77110408500736e-05,-4.36604021086576e-05,-0.000241197565385699,-2.06175997717953e-16,1.27030736000245e-05,6.19298231896382e-16,-3.57228971592872e-05,4.65211316946449e-16,-1.57562275142361e-06,3.95982637833529e-05,9.91188711993082e-16,-3.49093385167077e-16,2.90614973758624e-16,-3.16228438642064e-16,-2.29991183521837e-16,-5.42742969868122e-17,-1.61603577797218e-06,2.95279017503658e-16,6.11158608324944e-06,-3.74222143072341e-16,9.43507504580874e-16,-1.84715042182087e-05,6.54477772708737e-17,-6.99872407987893e-16,-2.27024536220272e-16,1.36199937793713e-16,4.96187000483142e-16,-4.68219881568773e-16,1.64869900051357e-16,-4.82418002920237e-16,-7.54352912549301e-16,-1.00990396229247e-16,4.4445157605104e-16,9.50382914046682e-16,5.85255484748604e-16,1.60850608006691e-14,0.0999999999999993
"t25",0.0929722848365494,0.021352698135013,-0.00449379649289989,-0.000481273827184409,0.0118940378375027,0.00206987024469546,0.429639935110723,-0.176292558745258,-0.00567589090881573,0.0354466443911806,-0.000526426408615896,-0.0564879898424462,-0.00969139067650039,-0.252750428738779,-0.000274022284696713,0.00390149390216415,0.00013438207131386,0.00476566955237177,-0.00248031082092925,0.000585941604189374,-0.000660078486359412,0.000370779732183002,-0.000252028995640775,-0.00276947453909351,1.14921620055734e-05,-0.000473581181649787,-0.000809952286778884,-0.000319999072871047,0.000258816322435374,-0.00191895974572673,-0.00121601614869788,-0.000202380243256044,0.000178099800257287,-2.16360999447366e-05,2.54139441548976e-05,4.11118387050319e-05,4.22172645556193e-05,9.85689233648489e-08,3.43337760538824e-06,-2.37724571829193e-05,0.0005855388258276,0.000154564598045528,-0.000303442117898991,-0.000300873983880699,-0.00305608060957086,-0.00906056156666805,0.834469387646775,0.00208900128994226,8.42978479294712e-15,0.00661870883162307,8.86079427456169e-15,-0.0083277677342652,2.5927917230673e-06,3.99011746829408e-16,-5.97828848794271e-06,2.62207292078395e-05,7.2964071299151e-16,1.08751271042569e-07,-5.31742259394482e-16,-0.000197477370105227,-3.57094673559417e-17,0.000136666762351579,-1.61243171628567e-15,-2.38111878639312e-05,-5.8696458028998e-05,-0.000310443861770949,-3.17168285577475e-16,1.59864998814036e-05,6.72875700782243e-16,-4.38856103975354e-05,3.71658218313056e-16,-1.87333163696519e-06,4.68458841801163e-05,8.45665031249336e-17,1.34747401273316e-16,-2.93787338807096e-15,-3.12959956219951e-15,-4.71982071828402e-16,2.44776187635944e-16,-1.79323333831527e-06,-5.25823087840777e-16,6.64570697648336e-06,7.73258223646171e-17,8.74785945798736e-17,-1.96680324230292e-05,4.65622569526466e-16,-2.76162638535597e-16,-1.87123285117281e-16,-2.96243543775795e-16,1.22544256381248e-15,-1.515569668827e-16,-3.25346820038548e-17,-4.08685628591522e-16,-4.19676139633891e-16,-1.71028768003115e-15,-1.53007290815183e-15,6.04257070875221e-16,7.69850975685149e-16,1.61535281678615e-14,0.100000000000001
"t89",0.0938633558420843,0.0216294857067006,-0.00458725165755351,-0.000493073744142198,0.0124068329426516,0.00216711302478892,0.453074103940323,-0.188170058585606,-0.00611852948044855,0.0383127624154137,-0.000580655866337733,-0.0623336814560342,-0.0109126333448527,-0.287475259895504,-0.000324720845014867,0.00469712927264542,0.00016221964527587,0.00580575096037732,-0.00304704221851064,0.000740961603538352,-0.000851957229063379,0.000500919803297265,-0.000346193889898402,-0.0038212876831206,1.64172706455726e-05,-0.000710561695355483,-0.00125148405219774,-0.000579873076890985,0.000508023476434111,-0.00385197552406397,-0.00256684868727432,-0.000546752152476187,0.000640033485445537,-8.34070927214708e-05,0.000121885233595815,0.000234577156829079,0.000350992112567862,-5.84606984844317e-06,-0.000151908264134385,8.06353383862077e-05,-0.00174080436476087,-0.000184860053755395,0.000314317453998132,0.000256279905842186,0.0015434746535903,0.00430199737262678,-0.389310328004958,-0.000941193826503663,-3.75454796587686e-15,-0.00218614397221873,-4.05174609271836e-15,0.00260399305708876,-5.68926263262758e-07,-5.01283488208196e-18,5.98858309805394e-07,-2.05396949638584e-06,-4.43330320101743e-16,3.33702847019894e-09,1.11637587496583e-15,-2.31298146079691e-05,2.22277203432594e-16,2.80861469664924e-05,2.04662497660309e-16,-5.74627409224675e-06,-1.41663003206696e-05,-8.52031192902655e-05,-5.08325073633899e-18,4.67253378919256e-06,-3.27395087850472e-16,-1.36913791812125e-05,-4.42224522413245e-17,-6.3649344816965e-07,1.61203075320665e-05,-1.95807863563115e-16,-1.46959088188937e-16,3.47061273008611e-16,8.18423010004234e-18,4.57430328202684e-16,4.69046057667179e-16,-7.22317990320559e-07,3.24448298025965e-16,2.80850313205549e-06,-1.52250928200727e-15,-8.7177964287553e-16,-8.72991983286964e-06,2.73729560102323e-15,2.081312028471e-15,-2.36150691587082e-16,9.16735047625146e-16,5.14233944404091e-15,8.41205229063807e-15,2.81553283088074e-15,-4.07710891340495e-14,-0.707106781186547,1.04752923884381e-13,4.78432340126918e-15,1.01715419620019e-14,6.34108527234641e-15,1.44706295557295e-14,0.1
"t90",0.0938633558420843,0.0216294857067007,-0.00458725165755352,-0.000493073744142173,0.0124068329426516,0.00216711302478891,0.453074103940323,-0.188170058585606,-0.00611852948044852,0.0383127624154137,-0.000580655866337664,-0.0623336814560344,-0.0109126333448527,-0.287475259895504,-0.000324720845015017,0.00469712927264548,0.000162219645275831,0.00580575096037745,-0.00304704221851059,0.000740961603538411,-0.000851957229063439,0.000500919803297086,-0.000346193889898064,-0.00382128768312057,1.64172706455422e-05,-0.000710561695355425,-0.00125148405219751,-0.000579873076891118,0.000508023476433549,-0.00385197552406403,-0.00256684868727449,-0.000546752152476297,0.000640033485445513,-8.34070927215036e-05,0.000121885233595699,0.000234577156828887,0.000350992112568055,-5.84606984866735e-06,-0.000151908264133899,8.06353383858451e-05,-0.00174080436476113,-0.000184860053755409,0.00031431745399794,0.000256279905841801,0.00154347465359011,0.00430199737262673,-0.389310328004958,-0.000941193826503425,-3.90724201415234e-15,-0.0021861439722186,-3.87133868375116e-15,0.00260399305708882,-5.68926263399795e-07,7.45009581839751e-17,5.98858310070047e-07,-2.05396949660281e-06,-8.25883963031674e-17,3.33702787185299e-09,-5.37424658527893e-16,-2.31298146079049e-05,-3.1197968097317e-16,2.80861469672294e-05,7.94989193321849e-16,-5.74627409160828e-06,-1.41663003207043e-05,-8.52031192913321e-05,6.43059115334868e-17,4.67253378975879e-06,-2.13197099506509e-16,-1.36913791819616e-05,1.78927300148496e-16,-6.3649344882559e-07,1.61203075303349e-05,1.51136885348981e-16,-5.18183900121938e-16,1.52320378972089e-15,1.84005222073147e-15,-6.73483645309318e-16,3.17218203490754e-16,-7.22317991836072e-07,3.31624131129237e-16,2.80850312939643e-06,8.23993211807799e-16,1.0502940002358e-15,-8.72991983069076e-06,-2.85545288026151e-15,-1.63099608283531e-15,-5.10488300726837e-16,-6.41559671424412e-16,-4.23440056746133e-15,-9.02838183707943e-15,-1.89900969031277e-15,4.07728121713389e-14,0.707106781186548,-1.05995161765089e-13,-4.05235798535668e-15,-8.41571803113324e-15,-5.364828743533e-15,1.63623455062822e-14,0.0999999999999985
"t30",0.150512140987549,0.0484864581310666,0.0430501320695358,0.00105196537204608,-0.00246220568553691,-0.000278950236950879,-0.0173128584606995,0.05185296085773,-3.6368296383712e-05,0.000185848529583429,0.00106106613384439,0.208335396493163,0.4402250283926,-0.0355243925216743,-0.000426253565173109,0.113307499861135,-0.000329159900226973,0.000206901111917477,-0.0133801991510253,0.000202658901487228,-0.000249214602064789,0.000149357549811905,-0.000102819853962462,-0.00113334195105287,4.80657891067991e-06,-0.0022564831528148,-0.000349861659433019,-0.000163967702038684,0.000227503134181271,-0.0154216258435679,-0.000230626684713508,-8.212009239095e-05,0.00150342487691447,-9.83231407519144e-06,1.2938118816459e-05,2.26379471154926e-05,2.80624876208267e-05,-2.21435734250295e-07,-5.48671102011399e-06,-3.63122788825607e-06,9.899001856053e-05,3.33796466533823e-05,-6.44251729108093e-05,-0.000501856558866167,-0.000202287676830351,-0.000214425322795785,0.00750017153966557,-5.14069229278827e-05,-6.63165745161301e-15,-0.161674809691538,-2.58231835166639e-14,0.825966331249761,2.03958321346242e-06,-2.01314136785796e-15,-3.16403095307038e-06,1.34017217504656e-05,-2.04826870033259e-15,4.97372006038455e-08,1.16801342076633e-16,-8.61882530064477e-05,-2.24544946536666e-16,0.000801867366952577,-4.71419510482588e-16,-1.00183665865094e-05,-2.46959650994803e-05,-0.000129893289051311,2.34010318595437e-16,6.67233190862842e-06,-7.29143657979206e-16,-0.00024536415275284,5.66759781952243e-16,-7.77808667747889e-07,1.94434771447764e-05,7.46188921706612e-17,-5.42897179921699e-17,-1.98731470284835e-15,-1.4397723772696e-15,-6.95235038087609e-18,3.32156841836649e-16,-7.41831357927484e-07,-5.75098377820314e-16,2.74786343987523e-06,-4.49687558505135e-17,-1.13657426370865e-16,-8.13070647928565e-06,-1.21720132092947e-15,1.14213073154888e-15,-1.83290505542217e-16,-1.51364795983776e-16,9.02346204291426e-16,-1.54721871283331e-17,2.75699649330532e-16,-4.99305599728897e-16,1.27551042467447e-16,-4.95663724965657e-16,-1.74907743955317e-15,7.44528378808519e-16,2.74730627162306e-16,1.70401887045202e-14,0.100000000000001
"t81",0.151846869251629,0.0490677511153337,0.0438773579418681,0.00107578571259918,-0.00256001973789624,-0.000291019930338189,-0.0181817470434024,0.0550623998000889,-3.89704694856266e-05,0.000199630868290821,0.00116104423361474,0.228054293214453,0.490823100025227,-0.0399698394445834,-0.000497670814013441,0.134184703256116,-0.000390742537323683,0.000247628394065939,-0.016134274672579,0.000250749010233519,-0.000313988656516674,0.000195894171814957,-0.00013683099740272,-0.00151413664313289,6.61849077742984e-06,-0.00324135209426675,-0.000515348807152449,-0.000276033423826871,0.000408779376415345,-0.0282139857131691,-0.000439216437011258,-0.000189007679909925,0.00423647950208163,-2.90362581769047e-05,4.38710087015154e-05,8.49529972645512e-05,0.00012775841011848,-2.13057597483464e-06,-5.5353531812638e-05,2.88186436413655e-05,-0.00061925437815361,-5.99412478540767e-05,9.81168168692028e-05,0.000615706869600742,0.000144473284725021,0.000144101681900142,-0.00495445168834953,3.28234275057837e-05,2.96938637230812e-15,0.0769300060478099,1.1651765292912e-14,-0.373746807153596,-6.74925109721549e-07,1.15773243525592e-15,5.70127204560786e-07,-2.05242712083398e-06,6.85761088735335e-16,-1.02624880601575e-09,-1.65229731522745e-16,-7.03093406390323e-06,-6.94443122105151e-17,0.000147196454938362,1.85364337619324e-16,-2.24609620173795e-06,-5.53739054496253e-06,-3.39573421506128e-05,-2.8994683764938e-16,1.87702769761213e-06,6.79497686946665e-16,-7.43908175246274e-05,-3.58796774187113e-16,-2.59661451125439e-07,6.58381126063935e-06,-2.27684418166486e-16,-1.82793309561268e-16,-2.91387438702873e-16,-1.13230687617711e-15,-7.45348058389583e-16,1.99598454637316e-16,-2.98607516278808e-07,1.97944898762943e-15,1.16472827576673e-06,-5.32367716513425e-16,-1.53824896140497e-15,-3.63159007068232e-06,4.3803453722795e-15,1.44153005506478e-16,1.07862963640817e-15,1.63531347206565e-15,0.707106781186548,5.2329141147618e-14,-4.63036970863555e-14,1.05831976407552e-15,3.68967600871175e-15,3.94119702229139e-15,-7.94785159012612e-15,7.0655496757347e-15,8.13719871403969e-15,2.41941883194485e-14,0.0999999999999953
"t82",0.151846869251629,0.0490677511153338,0.0438773579418682,0.00107578571259919,-0.00256001973789628,-0.000291019930338129,-0.0181817470434025,0.0550623998000888,-3.89704694856476e-05,0.000199630868290926,0.00116104423361468,0.228054293214453,0.490823100025227,-0.0399698394445836,-0.000497670814013627,0.134184703256116,-0.00039074253732418,0.000247628394065711,-0.016134274672579,0.000250749010233457,-0.000313988656516444,0.0001958941718147,-0.000136830997403202,-0.00151413664313293,6.61849077741743e-06,-0.00324135209426659,-0.000515348807152658,-0.000276033423826984,0.000408779376414601,-0.0282139857131693,-0.000439216437011583,-0.000189007679910505,0.00423647950208181,-2.90362581772528e-05,4.38710087013313e-05,8.49529972647714e-05,0.000127758410119202,-2.13057597473566e-06,-5.5353531812962e-05,2.88186436410698e-05,-0.000619254378154004,-5.99412478539769e-05,9.81168168692403e-05,0.000615706869600551,0.000144473284724895,0.000144101681899685,-0.00495445168834866,3.28234275062716e-05,3.27127430500258e-15,0.0769300060478097,1.1721159381997e-14,-0.373746807153596,-6.74925108954163e-07,8.77155692509221e-16,5.70127204668324e-07,-2.05242712101826e-06,1.28652251029115e-15,-1.02624857291278e-09,1.06573039695077e-17,-7.03093406012432e-06,9.10332304149646e-18,0.000147196454939861,-2.0816819738517e-16,-2.24609620177198e-06,-5.53739054420794e-06,-3.3957342150258e-05,-1.51169435281915e-16,1.87702769720506e-06,2.45996332304155e-16,-7.43908175246739e-05,3.31104403104136e-16,-2.59661451601662e-07,6.58381126359745e-06,2.58038064258608e-16,-2.93825468030054e-16,4.16379739495667e-16,1.43161442131671e-15,5.04606671859194e-16,6.08913702293735e-16,-2.98607516008529e-07,-9.96995411381139e-16,1.16472827326988e-06,-2.16864522710589e-16,1.84793119813727e-15,-3.63159007216951e-06,-2.89161545001365e-15,-1.07015368637486e-15,-1.78478875823834e-15,-1.52552621780113e-15,-0.707106781186547,-5.29844113306688e-14,4.69150898666736e-14,-9.16455975293554e-16,-3.41564854049604e-15,-5.9397878968725e-15,9.06631626225446e-15,-5.66662265899667e-15,-6.86468990623435e-15,5.75407776981507e-15,0.100000000000005
"t41",0.17133104048851,0.058202881748384,0.0596492729609585,0.0015805833585243,-0.00714332748574017,-0.00104307159881994,-0.168930692511599,-0.223565972135812,6.22187280660401e-05,-0.000266748581950787,-0.000524345681327572,-0.100805197153619,-0.0615118060274289,0.000823817380184097,-0.000216330828225136,0.150178524021651,-0.000575205235615491,-0.00439543926351191,0.0208446417892882,-5.62938848726359e-05,2.84398707832272e-05,7.28785836670241e-06,-8.74841741437836e-06,-0.000106357948206053,7.32375830493452e-07,-0.000496082037584873,-9.00960326821496e-05,-9.13492551919903e-05,0.000278508036718603,-0.0317509273702165,0.000507032217726757,-6.54170545097103e-06,0.00424699106764085,-1.58362037815782e-06,3.9749223727988e-06,8.34602797870106e-06,1.34847845271075e-05,-2.38832927074215e-07,-6.20908787870546e-06,3.09006230356138e-06,-6.53824799503287e-05,-4.74506759903443e-06,7.00440328035748e-06,3.60626924067398e-05,1.1054080331797e-06,-1.01265290545749e-07,1.59989567417325e-05,-2.78466766659466e-07,3.72184426689851e-16,-0.0442080455699147,1.4674543663599e-15,-0.00993468934507425,6.6709725157722e-08,6.17899223042415e-16,-1.56880826091382e-07,6.90891924657436e-07,7.16633972763845e-16,2.53845696771319e-09,3.73858778075466e-16,-6.62920439991943e-07,6.49508684542252e-16,-0.846710427255019,9.88646847753053e-16,-5.06405577949555e-06,-1.24786773340295e-05,-4.90529353397804e-05,4.32111294398289e-15,2.5716617229741e-06,5.33196299671907e-15,-0.34376379391696,1.05671834263655e-14,-1.66544148856254e-07,4.28161907678493e-06,-9.63977185498152e-16,3.49434977752412e-16,-1.70897896095566e-15,2.08603631064937e-15,2.48829782831933e-15,2.20070587953721e-15,-1.80247075106753e-07,1.30271854768943e-15,6.77069331128932e-07,-1.26312663534871e-15,9.50981783633301e-16,-2.03433410320411e-06,1.32818742959091e-15,1.06215312567565e-15,7.86686522242235e-17,1.26567047776335e-16,-1.86512943623294e-16,-4.90888667198123e-16,1.88961431592466e-16,-1.28543608037847e-17,3.6754595149329e-16,-3.10114614955313e-15,-4.07357682409553e-15,4.36570873897124e-16,1.11460836473203e-15,1.8776646903973e-14,0.100000000000012
"t49",0.171863235554415,0.0584469179169978,0.0600486842477551,0.00159303382392558,-0.00724120869361306,-0.00105861119866726,-0.171839842318114,-0.228286609342923,6.37301928918443e-05,-0.000273456220830778,-0.000540933472436809,-0.104007925050652,-0.0638615225915602,0.000857909525247901,-0.000228073403454199,0.159071496040866,-0.000609744220474608,-0.00467183809166618,0.0222094118437281,-6.04802449415596e-05,3.07319740175977e-05,7.97533490751572e-06,-9.6168783635595e-06,-0.000117057030555216,8.13518209834329e-07,-0.000558062833975077,-0.000102102556683196,-0.000107463398382768,0.00033329258269255,-0.0381720849548596,0.000615735619208467,-8.30038146355767e-06,0.00561209351799923,-2.11059482795686e-06,5.42314237606022e-06,1.15656910865675e-05,1.91847767223317e-05,-3.6391285649754e-07,-9.48900586868886e-06,5.4921538809068e-06,-0.000119148792684409,-1.23362573751372e-05,2.04107204149136e-05,0.000130104490866678,3.30168882475171e-05,3.36580089967701e-05,-0.00116595265309419,7.85881542069269e-06,-6.36947633479743e-16,0.172493191231262,-5.95616382181664e-15,0.0330423854094094,-1.06097768520414e-07,2.77346223620729e-16,9.86217424271608e-08,-3.56498661615673e-07,1.74504524002199e-16,-2.70574231336814e-10,-5.22341025228604e-16,-6.25380908584212e-08,1.15961556000086e-16,-0.168958635237774,3.9385639573427e-15,-9.40846744575935e-07,-2.3180208581321e-06,-3.05695635643109e-06,5.91194524867245e-16,-4.94860269415472e-07,-1.22821430131205e-14,0.877577051501612,-1.50461535812444e-14,-2.18150764359186e-07,5.0922781585752e-06,2.47757030469967e-15,-4.39629332612859e-16,5.68096578949463e-15,6.84629954968e-16,-1.17605193107464e-15,-7.50405813636387e-16,-1.46289718830333e-07,2.03773403738384e-15,5.37379285120403e-07,-1.03963884102817e-16,3.14021593200704e-17,-1.60032082353169e-06,1.35235866363953e-15,-5.56981453050225e-16,-3.42310425960936e-16,-6.3244835885565e-16,4.75086666639688e-16,8.72888842180315e-17,-2.50556462035153e-17,-2.22280324631607e-16,6.13135034361998e-16,1.01254911025059e-15,5.86379653022489e-16,2.96207085969115e-16,2.75724444554333e-16,1.63757896132211e-14,0.0999999999999959
"t95",0.172640237208333,0.058803019527033,0.0606308037986377,0.00161116937568908,-0.00738339248492189,-0.00108117176158786,-0.176058873390494,-0.235120728846658,6.5915271551848e-05,-0.000283149613290517,-0.000564837873392491,-0.108623058016587,-0.0672383786730443,0.000906840803705653,-0.000244841813680236,0.171747028721973,-0.000658958878929214,-0.00506526654321778,0.0241502005918178,-6.64146917902188e-05,3.3974218666743e-05,8.94338667720894e-06,-1.08378606019593e-05,-0.000132092781029819,9.27194092906924e-07,-0.000644536125572562,-0.00011881463067669,-0.000129647558867877,0.000408365264935484,-0.0469605414210279,0.000764131362004307,-1.06763062020964e-05,0.00744048023904254,-2.8152122631678e-06,7.35089789949752e-06,1.58392778226993e-05,2.67161361445604e-05,-5.27421918990059e-07,-1.37748022671777e-05,8.57298506848365e-06,-0.000187929282406553,-2.17897153605751e-05,3.70078299648876e-05,0.000245513393394304,7.11298329067985e-05,7.38371190349749e-05,-0.00257126036737481,1.75144846325681e-05,-5.23087217726537e-16,0.424989687725889,-1.54657640966846e-14,0.0829559846582709,-3.02668855065568e-07,1.0318255721627e-16,3.77824027943987e-07,-1.48967182156195e-06,-2.10493196409845e-16,-3.0962875624104e-09,-2.57692336690964e-16,4.75712795818422e-07,3.55955722665594e-17,0.275002441828379,-6.36816526361775e-16,9.21265964376802e-07,2.26905620603767e-06,1.78350552780537e-06,-1.55124357259392e-15,2.07689306198402e-07,2.93607161682456e-15,-0.234316471409572,3.87928993925947e-15,1.95863105185851e-08,-3.32644496933279e-07,-5.16000664480924e-16,-6.93838246204219e-16,-4.63261497614147e-15,2.32846013846642e-16,-2.80284175343344e-17,1.10360638846668e-15,-2.95445417508162e-08,-5.0830971379543e-16,1.46150019989545e-07,-1.02869601255811e-15,-2.91494656261496e-15,-5.42245007866538e-07,-3.34553746557751e-15,-1.55065310129668e-15,3.00967268460228e-16,-5.54816938216814e-16,-4.89024560607891e-15,-2.1068678934037e-15,3.94077491784422e-15,-1.81850154254324e-15,9.05771244227432e-15,4.5763050117054e-14,1.63287112944753e-15,0.707106781186549,5.50549386473787e-14,1.41865685865383e-14,0.0999999999999922
"t96",0.172640237208333,0.0588030195270331,0.0606308037986377,0.00161116937568909,-0.00738339248492191,-0.00108117176158778,-0.176058873390494,-0.235120728846658,6.59152715518253e-05,-0.000283149613290468,-0.000564837873392543,-0.108623058016587,-0.0672383786730444,0.000906840803705784,-0.000244841813680398,0.171747028721973,-0.000658958878928598,-0.00506526654321781,0.0241502005918177,-6.64146917899705e-05,3.39742186668357e-05,8.94338667720684e-06,-1.0837860602203e-05,-0.0001320927810302,9.27194092880556e-07,-0.00064453612557252,-0.000118814630676898,-0.000129647558868206,0.000408365264935296,-0.046960541421028,0.000764131362003973,-1.06763062018431e-05,0.00744048023904247,-2.81521226320361e-06,7.3508978989854e-06,1.58392778220649e-05,2.67161361442259e-05,-5.27421918648892e-07,-1.37748022665505e-05,8.57298506802593e-06,-0.000187929282405798,-2.17897153604901e-05,3.70078299652828e-05,0.000245513393394642,7.11298329065152e-05,7.38371190357972e-05,-0.00257126036737524,1.75144846325548e-05,-9.11307037123271e-16,0.424989687725889,-1.56287969629718e-14,0.0829559846582709,-3.02668853982759e-07,2.67489584324677e-16,3.77824027702095e-07,-1.48967182154852e-06,-1.2313898505664e-16,-3.09628720336981e-09,-4.98837273067018e-16,4.75712794510471e-07,-3.09309873747847e-16,0.27500244182838,-9.11881451792529e-16,9.21265964767492e-07,2.26905620627588e-06,1.78350552961296e-06,-1.53042766897075e-15,2.07689306556358e-07,3.21693432809068e-15,-0.234316471409572,2.82159316501413e-15,1.9586308737401e-08,-3.32644500329987e-07,-5.35950309695329e-16,2.84507483819787e-16,-2.07910201950361e-15,-2.47332260867733e-15,-1.19500393457137e-15,-5.22789145465365e-16,-2.95445425319737e-08,-1.03988575602669e-15,1.46150018121051e-07,1.11491611371635e-15,2.53902389314984e-15,-5.42244992340132e-07,1.4284215153351e-15,2.68207155416709e-15,-9.86794783411954e-16,8.04045459843517e-16,6.7800643557988e-15,1.42382892548227e-15,-3.22250185226753e-15,1.63099878210209e-15,-9.51260274141482e-15,-4.69405724391466e-14,-4.18439380895049e-16,-0.707106781186546,-5.37538566598468e-14,1.73819292292876e-14,0.100000000000003
"t36",0.170546133075172,0.0578427479846814,0.05905903098627,0.00156217238272915,-0.00699812870759352,-0.00102000508697941,-0.164607085457413,-0.216535673861069,5.99640129988367e-05,-0.000256738087906563,-0.000499507507525768,-0.0960091750624795,-0.0579817704835105,0.000772519157644473,-0.000198551430535897,0.136682415024169,-0.000522768051724326,-0.00397525740682934,0.0187674427297929,-4.98965001734742e-05,2.49275238060697e-05,6.22814554811081e-06,-7.40695143183477e-06,-8.98225404336497e-05,6.0644625325237e-07,-0.000399350325255629,-7.12977821581807e-05,-6.57253411740966e-05,0.000190802633979665,-0.0214528822974236,0.000332027535353204,-3.66492913299479e-06,0.0019832554921651,-7.07330964979501e-07,1.54894222696347e-06,2.92699831559102e-06,3.81669851666341e-06,-2.26778054633369e-08,-5.36612276750394e-07,-1.21070119379266e-06,3.13672609299522e-05,9.69662004663713e-06,-1.88357764657755e-05,-0.000148875338939239,-6.60273507682262e-05,-7.17846876267249e-05,0.00253249075460673,-1.76975724285428e-05,1.9375949722512e-15,-0.532692648738328,1.97463752039799e-14,-0.107757712720452,4.868082483816e-07,3.1889264776431e-16,-8.77845112453625e-07,3.77473721279365e-06,-3.2667273131891e-16,1.50083243299958e-08,3.99772393879174e-15,-2.82629986965772e-05,-7.093044992346e-16,0.227227310535705,-0.70710678118655,-2.2003878502073e-06,-5.4254848502072e-06,-3.4634850206109e-05,3.22231463113297e-16,1.87664483034057e-06,-1.15093312515072e-15,-0.0306148966367811,-1.84205823035308e-15,-2.23566922950133e-07,5.62651067047454e-06,1.26429018430692e-15,-2.96897944715106e-16,-1.55316518478423e-15,-1.62128739780324e-15,-6.5493767552922e-16,1.65887669778575e-16,-2.27486406104318e-07,-6.13876351685938e-16,8.55261587395177e-07,8.31919610191634e-16,1.88618392486754e-15,-2.56914303652139e-06,-2.12534416295618e-16,6.75150286461611e-16,-4.3091526969296e-16,-1.53471925266399e-16,1.13500612397101e-15,-7.00609641329799e-16,4.43426142090832e-17,4.88552375267679e-17,5.30887912159417e-16,-1.97188720977791e-15,1.21772438621051e-15,7.59791899456755e-16,9.23109642019719e-16,1.36245181803218e-14,0.0999999999999975
"t37",0.170546133075172,0.0578427479846814,0.05905903098627,0.00156217238272919,-0.00699812870759351,-0.00102000508697935,-0.164607085457413,-0.216535673861069,5.99640129989243e-05,-0.000256738087906592,-0.000499507507525571,-0.0960091750624796,-0.0579817704835106,0.000772519157644561,-0.000198551430536062,0.13668241502417,-0.000522768051723972,-0.00397525740682942,0.0187674427297929,-4.98965001733671e-05,2.49275238061179e-05,6.22814554820667e-06,-7.40695143174088e-06,-8.98225404334659e-05,6.06446253171133e-07,-0.000399350325255593,-7.12977821582395e-05,-6.5725341174074e-05,0.000190802633979067,-0.021452882297424,0.00033202753535243,-3.66492913305662e-06,0.00198325549216547,-7.07330964648483e-07,1.54894222617967e-06,2.92699831505809e-06,3.81669851653389e-06,-2.26778059513045e-08,-5.36612276570898e-07,-1.21070119403031e-06,3.13672609309583e-05,9.696620046566e-06,-1.88357764601452e-05,-0.000148875338939,-6.60273507676333e-05,-7.17846876268414e-05,0.00253249075460916,-1.76975724290332e-05,3.97160528657072e-16,-0.532692648738331,1.97810696721618e-14,-0.107757712720452,4.86808249020072e-07,-1.20768340469956e-15,-8.77845112531039e-07,3.7747372114279e-06,1.59050097368901e-16,1.50083238764126e-08,-2.97911979476558e-15,-2.82629986821887e-05,-3.90841600614857e-16,0.22722731053571,0.707106781186545,-2.20038784777486e-06,-5.42548485357015e-06,-3.46348502192756e-05,-2.55740948702533e-15,1.87664483096323e-06,2.0996682965823e-15,-0.0306148966367863,4.60152412483895e-16,-2.235669217573e-07,5.62651066832246e-06,-1.52167573142177e-15,-2.93428481221628e-16,1.87464840374594e-15,-9.51684136075934e-16,-3.84676797645735e-16,8.26221152788404e-17,-2.274864077791e-07,-6.98929162423746e-16,8.552615898352e-07,-4.19252447415871e-16,-1.86775766463757e-15,-2.56914304147584e-06,-5.81440238463334e-17,-2.19061287132616e-15,-4.55129239046129e-16,2.51017179132157e-16,7.67121413888877e-16,3.69544317661565e-16,8.42593066300438e-16,-3.15718295385432e-16,-4.75098718719692e-16,-1.95530370377653e-16,-1.04435502646329e-15,5.13167372368801e-16,-2.28746746016676e-16,1.34094124693007e-14,0.1
"t4",0.155557291201568,0.0509263877756233,0.0475723132614927,0.00120159798820474,-0.00406156175684915,-0.000550318352124805,-0.0753806199386771,-0.068056837914601,1.14051601363015e-05,-3.99881110106594e-05,6.1641822507852e-05,0.0124442114777618,0.0255854299086673,-0.000471834119840123,0.000285629733191715,-0.251816406034088,0.00100226095740246,0.00871369701697537,-0.0464329929272309,0.000192404070307889,-0.000147837675907344,1.76689867877176e-05,3.6839671776654e-06,8.82821914744469e-05,-2.04754217420739e-06,0.00233412548544328,0.00052604708999705,0.00134858951809391,-0.00651758855514027,0.854236020405413,-0.0192410911855766,-0.00111668714982102,0.39136042004842,1.09177836382406e-06,8.86552449968054e-05,0.000179743238519285,0.000265623538427328,-3.96439139210204e-06,-0.000102513780597546,4.38053800962436e-05,-0.000916597080563384,-6.63984644822281e-05,0.000101099847691968,0.000563267702234041,7.70842828547503e-05,6.92063087402261e-05,-0.00230261313671461,1.42301462397063e-05,-6.56186822774419e-16,0.0284591144779089,-9.81689425011331e-16,-0.00541971051711296,2.78057480716774e-07,1.91770964507904e-16,-1.0185766481046e-06,4.74675678260208e-06,2.17818968380912e-17,2.51914715983187e-08,-2.73958512342377e-17,-5.3119578534521e-05,-7.67747034026118e-17,0.0028780140496275,8.56030025203769e-17,-7.55330992205094e-06,-1.86199953183415e-05,-0.00010228138843598,-2.87420523417799e-16,5.36871759537483e-06,5.34613982369472e-17,-0.000969466490730528,2.22237928294662e-16,-6.58928062266482e-07,1.65444324391068e-05,-3.74785414427303e-16,-1.71948066096053e-16,-9.92314816412732e-16,-2.75685931921044e-16,3.64477217245116e-17,3.32068016563147e-16,-6.66026255213097e-07,1.07322304428177e-16,2.50647940045458e-06,-2.23023473391547e-16,-4.8151502611614e-17,-7.5346589325007e-06,3.69371575603583e-16,5.39522212048196e-16,-3.59185763222178e-16,1.9852680273421e-17,6.00130155742554e-16,-3.11288485924556e-16,4.10917101884086e-16,-1.32826440710047e-16,1.75267829689193e-16,-9.67428066359667e-16,5.21795924539988e-16,6.86602282821644e-16,1.1764753433755e-15,1.50868900705703e-14,0.0999999999999999
"t6",0.156931236598371,0.0515410760942536,0.0485162586778029,0.00123003963529561,-0.00424116978533697,-0.000577183679059201,-0.0797648979879371,-0.0731724249851257,1.24367177180056e-05,-4.37784985692936e-05,6.97566891933146e-05,0.0140930723117506,0.0301255209161991,-0.00056791863673461,0.000385650028746766,-0.360783431156912,0.00145203752433446,0.0131521395442621,-0.0730885981645694,0.000366586239700923,-0.000345895897379832,0.000147840515007541,-9.23001793373996e-05,-0.000991278763474854,3.39918419381474e-06,-0.00105019174689919,-0.00010406410832009,0.000290950755220401,-0.00170231445396674,0.227780310572723,-0.00519489443793921,-0.00012507730957815,-0.871417610475706,-0.000271925777327556,0.000155145302574398,0.00023898915870636,0.000287593410471741,-3.60074262136715e-06,-9.27708201365085e-05,3.65668306905046e-05,-0.000761316121130262,-5.37918130506958e-05,8.17250314294139e-05,0.00045427481476166,6.19746585595092e-05,5.56323751431412e-05,-0.00185091592706485,1.14378982243984e-05,-4.07755635640333e-16,0.0228696510361907,-6.31446935215236e-16,-0.00435531603132429,2.23516355726635e-07,-7.4438863789235e-17,-8.19674757511228e-07,3.82099621196926e-06,4.16145952515265e-16,2.03212464827435e-08,-1.33352018195501e-16,-4.29587970271989e-05,-1.0714023910095e-16,0.00233591880379397,2.16553595602603e-16,-6.14175070736033e-06,-1.51403166850185e-05,-8.33248738755805e-05,-1.43666147722027e-16,4.37856234225784e-06,4.76388189810437e-17,-0.000791703354698233,-7.25747739660133e-17,-5.39183586859854e-07,1.35423480545701e-05,-2.58535989542363e-16,-1.81238337856358e-16,-7.41472832908832e-16,-9.21035821267189e-16,-2.58992508505102e-16,5.21806378714463e-16,-5.47881813967034e-07,1.58214287763856e-16,2.06578966999525e-06,-2.50702362695388e-16,1.16742215446249e-16,-6.22350772542245e-06,1.06689057839787e-16,-5.49201448914848e-16,-1.50130407816389e-16,3.47233746543618e-17,5.4387950709841e-16,-2.41821243191897e-16,1.86952185211583e-16,-3.73242744585087e-16,1.36185496481167e-16,-1.16248369791781e-15,-4.56721293428484e-16,8.01911810042095e-16,4.18799537603175e-16,1.52395457364563e-14,0.0999999999999984
"t46",0.159299225217636,0.0525988763805703,0.0501349220056335,0.00127872860409008,-0.00454603590824084,-0.00062270368871989,-0.0871676001654598,-0.0817585238337504,1.41595144514929e-05,-5.01002470373544e-05,8.31494153090145e-05,0.0168137291912414,0.0375359347535264,-0.00072388305506439,0.00054420727195132,-0.531871678190723,0.00215706460920697,0.0200698395286265,-0.114413662085984,0.000631544796764152,-0.000642965915520453,0.000336654451900238,-0.00022973170555818,-0.00253150597709787,1.09491826193918e-05,-0.00553699127629875,-0.000915497783369704,-0.000824261903757954,0.00271577499066021,-0.321247643021821,0.00575122087802064,5.98796365004869e-05,0.208834357822195,5.59121761213554e-05,-2.00650217060987e-05,-2.12493669367742e-05,-9.73929869301251e-06,-2.23475385836851e-07,-6.04748402818067e-06,6.15516003902722e-06,-0.000136204558048107,-1.39258081236992e-05,2.21774721423059e-05,0.000130702697559418,2.02188549544987e-05,1.83704712305842e-05,-0.000613239396031304,3.81429165487048e-06,6.27640945466704e-16,0.00802441671473888,-2.26397566045685e-16,-0.0015400682900494,8.24646298975472e-08,1.64470600528174e-16,-3.20482100550856e-07,1.51067260436787e-06,-2.29778788216931e-16,8.51468430636969e-09,3.38784310570904e-16,-1.89105853070057e-05,-3.42250643382765e-17,0.00108520466483119,-1.38467328138077e-15,-2.91944871235157e-06,-7.19697142078277e-06,-4.0481019673539e-05,-2.138155900172e-15,2.15283422258423e-06,-1.1982481789657e-14,-0.000394532003039964,0.707106781186547,-2.7394521896615e-07,6.90168245148524e-06,3.00241212054519e-15,-2.34379011725788e-16,4.67520821882237e-16,9.34651966281408e-16,1.25140270892753e-15,-7.5336429982383e-16,-2.91381653069378e-07,2.04319628593018e-15,1.11514775868105e-06,-1.01593661408841e-15,-3.35053174684354e-15,-3.41477207732432e-06,-1.14174985065858e-15,4.96151758891889e-16,-1.16322487903858e-16,-2.35569183988345e-16,1.08847559694228e-15,-5.2989844600332e-16,1.44436170615713e-17,3.67738908116539e-17,1.48773689898095e-16,-3.15280273864974e-15,-1.92889097431098e-15,2.4902931686248e-16,8.63168768252579e-18,1.61693575195798e-14,0.100000000000001
"t47",0.159299225217636,0.0525988763805703,0.0501349220056335,0.00127872860409004,-0.00454603590824083,-0.000622703688719975,-0.0871676001654598,-0.0817585238337503,1.4159514451496e-05,-5.01002470372959e-05,8.31494153087954e-05,0.0168137291912414,0.0375359347535264,-0.000723883055064498,0.000544207271951433,-0.531871678190723,0.00215706460920647,0.0200698395286265,-0.114413662085984,0.000631544796764283,-0.000642965915520658,0.000336654451899853,-0.000229731705557907,-0.00253150597709786,1.09491826194647e-05,-0.00553699127629897,-0.000915497783369588,-0.000824261903757748,0.00271577499066042,-0.321247643021821,0.00575122087802059,5.98796365007072e-05,0.208834357822195,5.59121761213675e-05,-2.00650217070695e-05,-2.12493669368106e-05,-9.73929869370609e-06,-2.23475385839514e-07,-6.04748402738643e-06,6.15516003887717e-06,-0.000136204558048435,-1.39258081238959e-05,2.21774721415308e-05,0.000130702697559277,2.02188549545277e-05,1.83704712306789e-05,-0.00061323939603092,3.81429165462045e-06,3.08960621529617e-17,0.00802441671473948,3.46061183887096e-16,-0.00154006829004861,8.24646309384575e-08,1.15910038798318e-16,-3.20482099555716e-07,1.51067260452688e-06,1.3104392738313e-16,8.51468296991072e-09,-2.50140089691131e-16,-1.89105853066649e-05,-7.79885046011073e-17,0.00108520466482428,8.62203818645838e-16,-2.91944871169829e-06,-7.19697142024442e-06,-4.04810196469709e-05,2.07722217509562e-15,2.15283421843123e-06,1.18438525246939e-14,-0.000394532003065921,-0.707106781186547,-2.73945220614296e-07,6.90168243190804e-06,-3.03442559781706e-15,-9.56012711547956e-17,-1.17005813943987e-15,-1.94498900384004e-15,-1.28261405408213e-15,1.39421148570261e-15,-2.91381647681731e-07,-1.83007610181766e-15,1.11514775441259e-06,7.24370808340988e-16,3.41142038005453e-15,-3.41477207763689e-06,1.42911034459851e-15,-4.05904404885647e-16,-5.24267877928896e-16,1.41981698019544e-16,4.22566126240893e-16,5.3550587875909e-17,6.24275017377042e-16,-1.75113585188831e-16,1.22789530319583e-16,1.21870042081182e-15,1.49892261421919e-15,1.3269481036462e-15,1.08069079584956e-15,1.67782454596477e-14,0.100000000000003
"t43",0.146882564237429,0.0467602972688212,0.0399697638343295,0.000951804408608705,-0.00147422489630959,-0.000113762088963117,0.0171370525368997,0.120991472124123,-6.44654440839169e-05,0.000326156915615201,0.00171884933741317,0.338581582811694,-0.263210688221414,-0.0279705226807928,-0.000377614573635537,0.054348513531861,-8.40616542551135e-05,0.00264204398229761,-0.0280362013115419,0.000282470662841286,-0.000325037358352114,0.000172282555589821,-0.000110589388661091,-0.00118944334473756,3.27401837287328e-06,0.510800664769535,-0.00112718482302243,-0.000318220516643424,0.000363417490986899,-0.0175321748495834,-0.000837802020164029,-0.000217699851993296,0.00237969681749971,-3.14162007824739e-05,4.55367571469331e-05,8.65456311764186e-05,0.000126576171257504,-1.98241261910913e-06,-5.13745618170412e-05,2.38043747038817e-05,-0.000502511452352153,-3.88573810696018e-05,5.97021077995705e-05,0.000337925170680507,4.59496301197552e-05,4.09429815288322e-05,-0.00135833908444416,8.33636488763388e-06,2.57844805875522e-16,0.0025378322519976,2.19627286476187e-17,-0.00360363141057999,2.0381456378892e-07,-9.33485964881156e-17,-7.19475368965702e-07,3.35239346979549e-06,9.78775666186664e-16,1.79578846260431e-08,6.02155702430787e-16,-3.84232516565904e-05,1.71645444799235e-16,0.000246382091462281,-1.824802858876e-15,-5.63709550503954e-06,-1.38963220616144e-05,-7.69956864465956e-05,-4.27668609862439e-16,4.06190380755828e-06,0.707106781186547,-9.00502375717681e-05,1.201085206747e-14,-5.06215266737307e-07,1.27281305574019e-05,-8.68060707064322e-16,3.50747416735515e-16,-1.86346339394092e-15,3.70270511360575e-17,1.38678306833955e-15,8.73015882323563e-16,-5.23077515243827e-07,-4.53545509051352e-17,1.98342561190639e-06,8.86760004027477e-17,2.26739201588079e-16,-6.0128289687094e-06,-3.35443651046486e-15,-1.51172253419781e-15,-2.85422719047506e-16,-1.44813971547452e-16,5.16313164551953e-16,-1.86209657464431e-16,7.33433677026537e-16,4.87550929133649e-19,1.16492575496258e-16,-1.30754047464986e-15,-2.3311644792985e-16,9.53175321156197e-16,6.07136510121314e-16,1.83377618645508e-14,0.0999999999999992
"t44",0.146882564237429,0.0467602972688212,0.0399697638343295,0.000951804408608696,-0.00147422489630958,-0.00011376208896302,0.0171370525368998,0.120991472124123,-6.44654440839745e-05,0.000326156915615357,0.00171884933741307,0.338581582811694,-0.263210688221414,-0.0279705226807928,-0.000377614573635695,0.0543485135318613,-8.40616542553295e-05,0.00264204398229727,-0.0280362013115418,0.000282470662841244,-0.000325037358352236,0.000172282555589755,-0.000110589388661675,-0.00118944334473726,3.27401837295664e-06,0.510800664769536,-0.00112718482302238,-0.000318220516643472,0.00036341749098611,-0.0175321748495833,-0.000837802020164358,-0.000217699851993487,0.00237969681749965,-3.14162007823504e-05,4.55367571462359e-05,8.65456311760142e-05,0.000126576171257963,-1.98241261888253e-06,-5.13745618171499e-05,2.38043747034387e-05,-0.000502511452352385,-3.88573810696727e-05,5.97021077998276e-05,0.000337925170680617,4.59496301197379e-05,4.09429815289289e-05,-0.00135833908444306,8.33636488709414e-06,-1.23794358516748e-16,0.00253783225199755,1.44260733604139e-16,-0.00360363141058142,2.03814563992877e-07,1.73799117065285e-16,-7.19475368341906e-07,3.35239346974129e-06,-7.14314459108927e-16,1.79578836421889e-08,-5.61702338876203e-16,-3.84232516551082e-05,-2.72145141574303e-16,0.00024638209146151,1.47833197945851e-15,-5.63709550821917e-06,-1.38963220618837e-05,-7.69956864499705e-05,1.55198476868957e-16,4.06190382025371e-06,-0.707106781186547,-9.00502375916742e-05,-1.18322157140202e-14,-5.06215287250299e-07,1.27281305505445e-05,8.21559959312685e-16,-5.92942150974298e-16,1.00229978837277e-15,-1.03503205701761e-15,-1.64461920545076e-15,-1.47001136865944e-16,-5.23077516867368e-07,7.53537446553109e-17,1.98342561378555e-06,-4.86225895763478e-16,-3.28372311351685e-16,-6.01282896473932e-06,3.39016836399184e-15,1.87445768940426e-15,-3.08718362161173e-16,4.61774735991551e-17,9.18167742209366e-16,-3.06402611538478e-16,-1.54719014125727e-16,-1.22168891428015e-16,2.30085184958783e-16,-4.88750993988805e-16,-6.07816718740833e-16,6.899778485871e-16,3.81472100002073e-17,1.46410661372443e-14,0.0999999999999996
"t68",0.147390294350522,0.0469805657161822,0.0402772309959169,0.000960510358527396,-0.00149899676642352,-0.000115864652933208,0.0175116508534413,0.124365368925083,-6.66041934565828e-05,0.000337461354623471,0.00179947344778832,0.354556845110303,-0.279356417361551,-0.02990731698977,-0.000418948811916364,0.0613921024099437,-9.52697550565852e-05,0.003030276780347,-0.0325411778379952,0.000344777452334826,-0.000416043766726369,0.000263053116116251,-0.000189067022453877,-0.00211418985535674,1.07549829133783e-05,-0.488883425578717,2.85149131259924e-05,-0.00019961627059252,0.00025087033006642,-0.0123124116348146,-0.000606418354642791,-0.000169384610045182,0.0019110866817186,-2.53491123828732e-05,3.71413573181345e-05,7.10029170241968e-05,0.000104687896372011,-1.66354098085404e-06,-4.31316777551954e-05,2.03113202413045e-05,-0.000429501357924529,-3.36482862862624e-05,5.18060237420055e-05,0.000294034394835884,4.02426884845774e-05,3.58821194588597e-05,-0.00119066247626055,7.3100008357042e-06,1.60084560654425e-16,0.00223202133372102,2.3246624178154e-17,-0.00317087992044435,1.79814469236238e-07,5.28062767854799e-16,-6.37192815828628e-07,2.971270234072e-06,2.20654312456236e-16,1.59826334630213e-08,-2.95923374386993e-16,-3.43258546740015e-05,8.6946803616043e-17,0.00022107134525174,5.17345409810143e-16,-5.06783937171583e-06,-1.24930318744459e-05,-6.93519151100811e-05,-1.27779266866766e-16,3.66255410270689e-06,-3.50038043484036e-16,-8.12954744429311e-05,1.1309515816071e-15,-4.57815661842302e-07,1.15144840652732e-05,7.22580222647108e-16,-5.0645724362544e-16,5.72408190844847e-15,1.21566043790484e-15,3.97106261126508e-16,-2.7472327294118e-16,-4.75140660510954e-07,4.18975997971454e-15,1.80432600126287e-06,0.707106781186547,-3.35148024978074e-14,-5.47892027133037e-06,-1.22106536879819e-14,-2.63179206899454e-15,-1.13656005034051e-15,8.62049021338187e-16,7.42940016769323e-16,-1.47663271085981e-15,-1.62259958545496e-15,-3.4650593208649e-16,-9.62266923684959e-16,6.53694880269042e-16,-3.01891433980845e-15,1.8175112362527e-15,1.79219152152333e-15,1.44190215323192e-14,0.100000000000001
"t69",0.147390294350522,0.0469805657161822,0.0402772309959169,0.000960510358527443,-0.00149899676642349,-0.000115864652933257,0.0175116508534412,0.124365368925083,-6.66041934564656e-05,0.000337461354623382,0.00179947344778838,0.354556845110303,-0.279356417361551,-0.0299073169897698,-0.00041894881191641,0.0613921024099436,-9.52697550565713e-05,0.00303027678034702,-0.0325411778379952,0.000344777452334857,-0.000416043766726625,0.00026305311611633,-0.000189067022453652,-0.00211418985535746,1.07549829133973e-05,-0.488883425578716,2.8514913125903e-05,-0.000199616270592822,0.000250870330066428,-0.0123124116348146,-0.00060641835464274,-0.000169384610045379,0.00191108668171867,-2.53491123828895e-05,3.71413573177433e-05,7.10029170243169e-05,0.000104687896371952,-1.66354098088664e-06,-4.31316777560124e-05,2.03113202413623e-05,-0.00042950135792456,-3.36482862864766e-05,5.18060237419089e-05,0.000294034394835926,4.0242688484488e-05,3.58821194586558e-05,-0.00119066247626006,7.31000083568004e-06,-8.45114432014936e-17,0.00223202133372071,3.2855796093677e-16,-0.00317087992044405,1.79814469597909e-07,-3.31389212036272e-16,-6.37192815455415e-07,2.97127023384033e-06,-1.40167939385081e-16,1.59826330213511e-08,3.17923687935445e-16,-3.43258546721258e-05,-2.2672658748035e-16,0.000221071345253432,-8.19512691476665e-16,-5.06783937191568e-06,-1.24930318740591e-05,-6.93519151082709e-05,9.42653215331583e-17,3.66255410259271e-06,1.59487045848557e-16,-8.12954744424934e-05,-6.56726795988902e-16,-4.57815662812677e-07,1.15144840676943e-05,-6.02748525859083e-16,7.64096925400146e-17,-6.16918224284852e-15,-1.85826956152611e-15,-4.12479934430612e-16,1.04189022880485e-15,-4.75140672088692e-07,-4.02786296250504e-15,1.80432598887103e-06,-0.707106781186548,3.41949242451899e-14,-5.47892045222433e-06,1.24362974640145e-14,2.49605062270783e-15,5.40309228032658e-16,-9.39152479941269e-16,4.55241219569899e-16,9.7473279429647e-16,2.14866456750335e-15,-9.35055016358493e-17,1.40841977509268e-15,-2.20512940814074e-15,2.9901677809752e-15,-2.12325752645918e-16,-4.4213231552016e-16,1.65128327678232e-14,0.0999999999999985
"t59",0.154428777238521,0.0501557076727044,0.0451726589146198,0.00110656622749148,-0.00207836143289277,-0.000169698987844434,0.0293669216198854,0.309616268788381,-0.000403908568670497,0.00412231159746545,-0.00137708055319408,-0.258919907420839,-0.0164693679591567,-0.00664947918321192,-0.000282855658731614,0.0613029889600968,-0.000104366794137317,0.00533285548151462,-0.204026818819225,-7.79547821800417e-05,-2.01417116831578e-05,5.78364216766666e-05,-4.53205545918747e-05,-0.000513424594139024,2.53874669603958e-06,-0.0013633831365423,-0.000221358878289578,-0.000119810166831482,0.000146148696855315,-0.00714310215066123,-0.000349614975988284,-9.66944077068572e-05,0.0010868720900369,-1.44045768957947e-05,2.10510152068977e-05,4.01617884894905e-05,5.89775256140768e-05,-9.23840002371497e-07,-2.39349907696835e-05,1.0669187907162e-05,-0.000222715859035466,-9.82995345855499e-06,2.6917272225956e-06,-0.502009542158967,3.42411909784644e-05,2.9752275465985e-05,-0.000980917406792716,5.95167604222034e-06,7.03304276831306e-16,0.00169882439350226,-6.50663536587891e-16,-0.00239536509425742,1.31442554736716e-07,2.73722271112288e-16,-4.52147959691966e-07,2.09930717491824e-06,1.20594975824093e-16,1.10961852277968e-08,8.84532307598974e-17,-2.35981388569843e-05,4.25029773223974e-16,0.000150940509281401,4.34835349987819e-17,-3.45352504706335e-06,-8.51348106324887e-06,-4.7197439900332e-05,-6.28229349771652e-17,2.49120198233866e-06,1.60009202017154e-15,-5.52707071376166e-05,1.58720427773405e-15,-3.11141892202169e-07,7.82527687767512e-06,-4.58554553067464e-16,6.93860136538667e-14,-3.44543671876424e-13,-2.29097348851056e-12,-0.707106781186547,4.83148583939659e-16,-3.23039667546683e-07,1.51875623799248e-15,1.22733603053563e-06,3.35349989894214e-16,9.66390383273073e-16,-3.72964769787825e-06,2.65352527141953e-16,5.50777407883184e-15,-2.3916310343471e-16,6.0327948352652e-16,8.62004211137489e-17,-6.23388635038788e-16,4.26059086131676e-16,3.01860684948224e-16,-5.31919933455285e-16,-2.78618039877089e-15,-1.35985785325203e-15,1.33171954488438e-15,6.7678386618739e-17,1.50487261540988e-14,0.0999999999999973
"t60",0.154428777238521,0.0501557076727044,0.0451726589146199,0.00110656622749147,-0.00207836143289276,-0.00016969898784429,0.0293669216198855,0.309616268788381,-0.000403908568670525,0.00412231159746537,-0.0013770805531939,-0.25891990742084,-0.0164693679591567,-0.00664947918321227,-0.000282855658731571,0.061302988960097,-0.000104366794137008,0.0053328554815146,-0.204026818819225,-7.79547821799208e-05,-2.01417116829482e-05,5.7836421676928e-05,-4.53205545920474e-05,-0.000513424594139065,2.53874669604577e-06,-0.00136338313654214,-0.000221358878289566,-0.000119810166831193,0.000146148696853919,-0.0071431021506613,-0.0003496149759884,-9.66944077066474e-05,0.00108687209003658,-1.44045768954545e-05,2.10510152065461e-05,4.0161788489383e-05,5.89775256140557e-05,-9.23840002036148e-07,-2.39349907695303e-05,1.06691879070592e-05,-0.000222715859034909,-9.82995345865882e-06,2.69172722218599e-06,-0.502009542158966,3.42411909780387e-05,2.97522754657325e-05,-0.000980917406792304,5.9516760415365e-06,6.68609804987307e-16,0.00169882439350269,-7.58216389965478e-16,-0.00239536509425749,1.31442554895981e-07,-4.06548600792962e-17,-4.5214796028297e-07,2.09930717515787e-06,2.34505421342767e-17,1.10961873897137e-08,-3.68063453981641e-16,-2.3598138857345e-05,-6.37834750779441e-17,0.000150940509284903,-2.44050630460256e-16,-3.45352504734214e-06,-8.51348106432681e-06,-4.7197439895983e-05,-7.31177988465428e-18,2.49120198446704e-06,-1.71467345174857e-15,-5.52707071354076e-05,-1.11836474229983e-15,-3.1114189312311e-07,7.82527686190422e-06,1.24312540074087e-16,-7.00024869975157e-14,3.43052141743455e-13,2.28775279849728e-12,0.707106781186548,8.69111649048506e-16,-3.23039658053293e-07,-7.04502716880431e-16,1.22733604283544e-06,-6.33209333173072e-16,-2.0450895760248e-15,-3.72964771927419e-06,8.01382080220263e-16,-4.91444457974609e-15,-3.15501827802847e-16,-4.5746752333523e-16,1.31317102278999e-15,-5.37186306487858e-17,3.49151299237438e-16,-4.61254421059046e-16,5.6922291778309e-16,2.6693291894829e-16,3.06715645744076e-15,1.86328169075935e-16,2.96661885444768e-16,1.66620189867572e-14,0.0999999999999988
"t65",0.154560041979895,0.050213271886576,0.0452555166125473,0.00110895480746013,-0.00208617910161118,-0.000170393246967411,0.0295058990901765,0.311415044511803,-0.00040661101549175,0.00415086937125354,-0.00138910771266687,-0.261191105016988,-0.0166434353269641,-0.00672569823833296,-0.000287127494529124,0.0623147864633955,-0.000106114033012278,0.00542644874400771,-0.207758590865578,-7.95796484687109e-05,-2.05977789049687e-05,5.93774305041007e-05,-4.65938054261742e-05,-0.000528049103941848,2.61872185271009e-06,-0.00141210169454383,-0.000229825587143287,-0.000125993285173737,0.000154639158067056,-0.00757085953356358,-0.000371939546292636,-0.000104650588380595,0.00119682326296567,-1.59226039576052e-05,2.35233576076495e-05,4.52180262196171e-05,6.72928603402949e-05,-1.09580768943151e-06,-2.84423402676724e-05,1.42219605553745e-05,-0.000304189207649659,-3.17756711222161e-05,6.13640435884148e-05,0.497978029847616,1.62022697696085e-05,1.52467704618308e-05,-0.000512476348782323,3.21948558868076e-06,-7.16516955172262e-16,0.00110848095383497,5.36733044516329e-16,-0.00159446893046002,9.53784549326757e-08,-9.6337944811841e-17,-3.54749552482275e-07,1.66635612954973e-06,-1.05669098910648e-16,9.25275773783066e-09,5.00218822738773e-16,-2.02990225464546e-05,-2.24211058194112e-16,0.000133321459237499,-1.96265382527794e-16,-3.0795146379014e-06,-7.59152921355627e-06,-4.24344418073668e-05,-4.24187936957248e-16,2.24930812231817e-06,7.20283222487906e-17,-5.01305576201108e-05,-1.82047028526857e-15,-2.83942299444534e-07,7.14787473873962e-06,-7.62738452783763e-16,-9.76025025028356e-16,6.96359254805831e-15,-1.38664247304915e-15,7.15031907206871e-16,-3.37924364495526e-15,-2.9862864594142e-07,0.707106781186547,1.13889743996759e-06,-4.80654055813553e-15,-6.05992772341201e-15,-3.47455585206779e-06,-1.79707052260843e-15,-1.33393174449505e-14,3.60952548734744e-16,4.16171800625818e-16,-9.33576303754122e-16,-6.52092930791717e-18,-4.44374472350571e-16,6.85441195823398e-16,3.18293337749398e-16,3.72368018470343e-15,3.08182015048363e-16,5.12035468959098e-16,1.24556498687163e-15,2.01887118134181e-14,0.100000000000002
"t66",0.154560041979895,0.0502132718865761,0.0452555166125473,0.0011089548074601,-0.00208617910161113,-0.000170393246967418,0.0295058990901763,0.311415044511803,-0.000406611015491752,0.00415086937125352,-0.00138910771266705,-0.261191105016987,-0.0166434353269639,-0.00672569823833307,-0.000287127494529214,0.0623147864633955,-0.000106114033012647,0.00542644874400768,-0.207758590865578,-7.95796484685553e-05,-2.05977789051786e-05,5.93774305040098e-05,-4.65938054260962e-05,-0.000528049103941832,2.61872185287198e-06,-0.00141210169454394,-0.000229825587143192,-0.000125993285173945,0.00015463915806697,-0.00757085953356355,-0.000371939546292162,-0.00010465058838086,0.00119682326296562,-1.59226039577288e-05,2.35233576089316e-05,4.52180262196549e-05,6.72928603406678e-05,-1.09580768967595e-06,-2.84423402683188e-05,1.42219605552361e-05,-0.000304189207650525,-3.17756711223997e-05,6.13640435892163e-05,0.497978029847616,1.62022697697391e-05,1.52467704621381e-05,-0.000512476348783311,3.21948558855512e-06,-4.32455982572563e-16,0.00110848095383568,1.33383848330402e-15,-0.00159446893046113,9.53784553329257e-08,3.01812030211347e-16,-3.54749552710502e-07,1.66635612999974e-06,1.99642202116615e-16,9.25275862488546e-09,-9.69365124248311e-17,-2.02990225532638e-05,-3.87252421784475e-16,0.000133321459234424,-3.43807517289842e-16,-3.07951463831118e-06,-7.59152921312032e-06,-4.24344418164203e-05,1.72556957629789e-16,2.249308120865e-06,-5.24241604163006e-17,-5.01305576176337e-05,2.09132115899147e-15,-2.83942293674765e-07,7.14787473034197e-06,1.09688512457569e-15,8.69720974892854e-16,-7.12236207687336e-15,3.17914971572181e-15,-1.66909677474223e-15,3.60821970984753e-15,-2.9862864284431e-07,-0.707106781186548,1.13889733860145e-06,4.55792637580941e-15,7.63744882717866e-15,-3.47455584197881e-06,1.31502339030084e-15,1.31256238536884e-14,-9.78811644359144e-16,-6.95121010656418e-16,2.08970756718265e-15,-3.67143984769031e-16,8.77520035945339e-16,-1.10125931082836e-15,2.50365089819492e-16,-4.47809240971492e-15,-2.70329793924733e-15,1.06961418272934e-15,9.47192548994651e-16,1.15237680509139e-14,0.100000000000003
"t87",0.149224498122527,0.047840338528671,0.0417247006808019,0.00100552180163948,-0.00171818905584245,-0.000137117714621231,0.0225998722286904,0.216146747579969,-0.000255335905690856,0.00252744598209451,-0.000613475175284944,-0.114305770329558,-0.00364090462967345,-0.000556931339220884,0.000236995644775906,-0.0926363993261117,0.0001731551911653,-0.0121618215956291,0.627926364340813,0.000994208310556455,-0.000823473227905455,0.000355800289288659,-0.000231725996524394,-0.00252347804587437,1.0007358820385e-05,-0.00450963257898944,-0.000683937100424976,-0.000307034236789142,0.000358268147141811,-0.0173420228435601,-0.000833196480628205,-0.000218496401500805,0.00239239301667767,-3.15866116757388e-05,4.5784966554394e-05,8.70092252613658e-05,0.000127220780576777,-1.99075201751828e-06,-5.15886824282501e-05,2.3863854476613e-05,-0.000503660138899431,-3.888693724258e-05,5.97598316930528e-05,0.00175703922636623,4.5816492834742e-05,4.08203463523666e-05,-0.00135423064231843,8.31065289940622e-06,1.55856319358115e-16,0.00252857730188266,4.10407792579457e-16,-0.00359013570127994,2.029314038919e-07,-5.27936940667777e-17,-7.15686158564618e-07,3.33408086290525e-06,1.35343874249469e-16,1.78397616709385e-08,-3.92193626002976e-16,-3.81291170427811e-05,-4.04791788817064e-17,0.000244169110751993,-9.27187691442633e-17,-5.58298914042346e-06,-1.37629359712258e-05,-7.62091488619304e-05,-8.70325802334764e-17,4.01897872501792e-06,-4.53649424458126e-17,-8.9061936367999e-05,3.66955480453314e-17,-5.00351496461564e-07,1.25794327987415e-05,-2.27834462626795e-16,2.40723352373206e-16,-2.72720369142565e-15,4.2007579700867e-15,3.21324006268946e-16,3.77044251873888e-16,-5.16209140776598e-07,-8.42349505212727e-16,1.95631120065393e-06,-9.61183120790803e-17,8.55833572645313e-16,-5.92695343714743e-06,-2.55288712654857e-15,3.47921805141666e-15,9.68374333962633e-16,-4.8529421916827e-16,2.19214551200452e-15,-1.45902028161434e-15,-3.63607119533703e-15,0.707106781186548,-1.65447752045496e-14,2.79226309682624e-14,-6.13778626530748e-15,2.82513489429346e-15,6.06079881695664e-15,1.92502264129146e-14,0.100000000000001
"t88",0.149224498122527,0.047840338528671,0.0417247006808019,0.00100552180163945,-0.0017181890558425,-0.00013711771462124,0.0225998722286904,0.21614674757997,-0.000255335905690865,0.00252744598209452,-0.000613475175284761,-0.114305770329558,-0.00364090462967339,-0.000556931339220838,0.000236995644776015,-0.0926363993261117,0.000173155191165451,-0.0121618215956292,0.627926364340814,0.000994208310556426,-0.000823473227905499,0.000355800289288932,-0.000231725996524628,-0.00252347804587409,1.00073588204457e-05,-0.0045096325789892,-0.0006839371004249,-0.000307034236788867,0.000358268147142124,-0.0173420228435603,-0.000833196480628219,-0.000218496401501002,0.002392393016678,-3.15866116758485e-05,4.57849665544088e-05,8.70092252612649e-05,0.000127220780576944,-1.99075201749335e-06,-5.15886824272994e-05,2.38638544767128e-05,-0.000503660138899065,-3.88869372423359e-05,5.97598316916026e-05,0.00175703922636606,4.58164928348086e-05,4.08203463525281e-05,-0.00135423064231892,8.31065289882724e-06,3.78420465632532e-17,0.00252857730188281,-1.58586885443207e-16,-0.00359013570128058,2.02931403296595e-07,2.5368448991976e-16,-7.15686158266401e-07,3.33408086306958e-06,-5.99262435373886e-17,1.78397618084791e-08,3.73323183414024e-16,-3.81291170441314e-05,-1.14668573997117e-16,0.000244169110751899,-2.78798137964586e-16,-5.58298914002477e-06,-1.37629359713115e-05,-7.62091488564643e-05,-9.05016922737209e-17,4.01897872479225e-06,3.99557392541231e-17,-8.90619363681979e-05,2.14130698862237e-16,-5.00351500497986e-07,1.25794328005551e-05,3.13399339565923e-16,-5.6417968515205e-16,1.51246048386167e-15,-5.09735986114904e-15,-4.21506584685584e-16,3.8112114138361e-16,-5.16209137380907e-07,9.85174756811969e-16,1.95631120206432e-06,-1.86277106669807e-16,-1.01766773434802e-15,-5.926953436699e-06,2.70679446043295e-15,-3.72335363244206e-15,-1.58026373599868e-15,4.75396517151804e-16,-8.49943948888068e-16,9.05555203904592e-16,4.27846360806096e-15,-0.707106781186547,1.67849581715965e-14,-2.96285550707442e-14,5.72772231037387e-15,-1.29224451281973e-15,-5.10735092136381e-15,1.151682915701e-14,0.0999999999999988
