accepted_species,0,1
sp6,0.9980656718064698,0.0019343281935302406
sp38,0.9940109956884912,0.005989004311508883
sp40,0.9975361184734372,0.0024638815265628305
sp45,0.9982067020063337,0.00179329799366637
sp52,0.9978899105100776,0.0021100894899224276
sp60,0.99960836323614,0.00039163676386004846
sp71,0.9982607897365839,0.0017392102634160459
sp79,0.9996434828148567,0.00035651718514323623
sp86,0.9995375776391071,0.00046242236089287183
sp93,0.9990100533598877,0.0009899466401123362
