accepted_species,0,1
sp6,0.9778156017132914,0.022184398286708606
sp38,0.9778211038635725,0.022178896136427532
sp40,0.9778233189350618,0.022176681064938173
sp45,0.9778273626935219,0.02217263730647813
sp52,0.9778231649351155,0.0221768350648845
sp60,0.9778188316285222,0.022181168371477728
sp71,0.9778258827322046,0.0221741172677954
sp79,0.9778193373229467,0.02218066267705328
sp86,0.977819362131334,0.02218063786866598
sp93,0.9778240015429766,0.022175998457023484
