accepted_species,0,1
sp6,0.9900287837857696,0.009971216214230413
sp38,0.9854895903704163,0.014510409629583691
sp40,0.9935180533932338,0.006481946606766146
sp45,0.9908125464861899,0.009187453513810123
sp52,0.9935653962175188,0.006434603782481182
sp60,0.9935399444339493,0.00646005556605072
sp71,0.9878138407259487,0.012186159274051292
sp79,0.9939946724995528,0.006005327500447246
sp86,0.9939626343790158,0.006037365620984181
sp93,0.9899107104001347,0.010089289599865275
