"accepted_species","0","1"
"sp107",0.499161488882977,0.500838511117023
"sp128",0.498936438946093,0.501063561053907
"sp129",0.498936438946093,0.501063561053907
"sp158",0.442972025673125,0.557027974326875
"sp195",0.499161488883045,0.500838511116955
"sp196",0.499161488883045,0.500838511116955
"sp205",0.660336033629935,0.339663966370065
"sp213",0.442972025663994,0.557027974336006
"sp214",0.442972025663994,0.557027974336006
"sp230",0.0470374047967493,0.952962595203251
