accepted_species,0,1
sp107,0.3623516503990173,0.6376483496009827
sp128,0.3633381629671444,0.6366618370328556
sp129,0.3631682755366018,0.6368317244633982
sp158,0.3647588056560721,0.6352411943439279
sp195,0.362460536970022,0.637539463029978
sp196,0.36260112724748417,0.6373988727525158
sp205,0.363182252366689,0.636817747633311
sp213,0.36505797262140127,0.6349420273785987
sp214,0.3650397011556369,0.6349602988443631
sp230,0.3645295455201155,0.6354704544798845
