accepted_species,0,1
sp107,0.2767468,0.7232532
sp128,0.3916322,0.6083678
sp129,0.3916322,0.6083678
sp158,0.23366207,0.76633793
sp195,0.4221105,0.5778895
sp196,0.4221105,0.5778895
sp205,0.36790687,0.63209313
sp213,0.23366207,0.76633793
sp214,0.23366207,0.76633793
sp230,0.23366207,0.76633793
