accepted_species,0,1
t9,0.3159050373190808,0.6840949626809192
t12,0.3068791380215633,0.6931208619784367
t14,0.3116601057125421,0.6883398942874579
t33,0.31530137550535386,0.6846986244946461
t47,0.3164249936491179,0.6835750063508821
t49,0.30789385134037106,0.6921061486596289
t50,0.30457693711782097,0.695423062882179
t52,0.31629651141393944,0.6837034885860606
t68,0.3128466550473218,0.6871533449526782
t95,0.3163940461657361,0.6836059538342639
