accepted_species,0,1
t15,0.21974462,0.7802554
t22,0.21974462,0.7802554
t62,0.95555174,0.044448268
t65,0.95555174,0.044448268
t68,0.98852694,0.011473085
t71,0.9161842,0.083815806
t79,0.97170454,0.028295439
t110,0.96833557,0.031664424
t121,0.923082,0.076918036
t124,0.9322579,0.067742124
