accepted_species,0,1
sp4,0.8502167330356755,0.1497832669643245
sp33,0.8940596655149698,0.10594033448503011
sp38,0.7860704308360921,0.2139295691639079
sp50,0.7858984329071874,0.21410156709281253
sp70,0.757161197543196,0.24283880245680395
sp73,0.8979875350681608,0.10201246493183926
sp74,0.8979875350681608,0.10201246493183926
sp75,0.7849007106657211,0.21509928933427885
sp76,0.7849007106657211,0.21509928933427885
sp78,0.8971928302757379,0.10280716972426211
