accepted_species,0,1
sp4,1.0,0.0
sp33,1.0,0.0
sp38,0.633139086058034,0.36686091394196596
sp50,0.6296273027041424,0.37037269729585764
sp70,0.657331659172655,0.34266834082734504
sp73,1.0,0.0
sp74,1.0,0.0
sp75,0.6683463001608543,0.33165369983914567
sp76,0.6683463001608543,0.33165369983914567
sp78,1.0,0.0
