"accepted_species","0","1"
"sp81","0.411224466691943","0.588775533308057"
"sp121","0.411224466691943","0.588775533308057"
"sp77","0.411224466691943","0.588775533308057"
"sp125","0.571167992655777","0.428832007344223"
"sp126","0.571167992655777","0.428832007344223"
"sp102","0.717878157001874","0.282121842998126"
"sp177","0.965671449465439","0.0343285505345609"
"sp187","0.980297182114221","0.0197028178857794"
"sp138","0.860142286626758","0.139857713373242"
"sp129","0.648695788284251","0.351304211715749"
