accepted_species,0
t96,0.011364845540294799
t92,-1.31820534735225
t45,-0.06544102183388989
t27,-0.06544102183388989
t8,-0.06544102183388989
t91,0.7423965445241069
t55,-0.06544102183388989
t43,-0.06544102183388989
t35,-0.06544102183388989
t38,-0.06544102183388989
