accepted_species,0,1
sp149,0.5893113816344171,0.41068861836558296
sp159,0.7373686263146341,0.26263137368536593
sp176,0.5929863082886502,0.40701369171134977
sp183,0.5891319396791246,0.41086806032087536
sp196,0.6139338877980035,0.3860661122019965
sp203,0.5944910092098243,0.40550899079017566
sp214,0.5898968458867528,0.4101031541132472
sp218,0.6064673297130725,0.39353267028692757
sp275,0.588959404203649,0.411040595796351
sp280,0.5906827483955728,0.4093172516044272
