accepted_species,0,1
sp149,0.76281065,0.23718937
sp159,0.73745745,0.26254255
sp176,0.12118399,0.878816
sp183,0.8357012,0.16429876
sp196,0.87014943,0.12985055
sp203,0.82398874,0.17601126
sp214,0.22371465,0.77628535
sp218,0.79897594,0.20102403
sp275,0.5843047,0.41569534
sp280,0.78118384,0.21881618
