accepted_species,0,1
t30,0.9939236,0.0060763843
t141,0.9939236,0.0060763843
t15,0.9939236,0.0060763843
t93,0.9939236,0.0060763843
t47,0.9939236,0.0060763843
t122,0.9939236,0.0060763843
t123,0.9939236,0.0060763843
t83,0.9939236,0.0060763843
t54,0.9939236,0.0060763843
t22,0.99092185,0.009078146
t23,0.9939236,0.0060763843
t37,0.9939236,0.0060763843
t85,0.9939236,0.0060763843
t57,0.9939236,0.0060763843
