accepted_species,0,1
t9,0.7796739,0.22032611
t39,0.7796739,0.22032611
t26,0.6437023,0.35629767
t22,0.59201837,0.40798163
t85,0.59201837,0.40798163
t66,0.3115232,0.6884768
t74,0.7796739,0.22032611
t14,0.76499003,0.23500995
t20,0.63398075,0.36601925
t53,0.5747365,0.4252635
