"accepted_species","0","1"
"t85",0.998197030694031,0.00180296930596925
"t25",0.985778327013918,0.0142216729860825
"t11",0.973098040512604,0.026901959487396
"t56",0.994988052701506,0.00501194729849362
"t94",0.998960119667866,0.0010398803321345
"t10",0.970774804099524,0.029225195900476
"t22",0.970774804099524,0.029225195900476
"t1",0.935304132300329,0.0646958676996706
"t66",0.995945328246763,0.00405467175323715
"t12",0.974278906827336,0.0257210931726644
