accepted_species,0,1
t85,0.9775091366125536,0.022490863387446398
t25,0.97751439911143,0.022485600888569966
t11,0.9775342608660637,0.022465739133936364
t56,0.9775085323790739,0.022491467620926082
t94,0.9775830197929231,0.02241698020707694
t10,0.9776977663946191,0.022302233605380896
t22,0.9776946254882337,0.0223053745117663
t1,0.9777359828727306,0.022264017127269442
t66,0.9777968851085849,0.02220311489141509
t12,0.9779011113228356,0.022098888677164398
