accepted_species,0,1
t85,0.97771207352589,0.02228792647410999
t25,0.9777141119804834,0.022285888019516597
t11,0.97772220582917,0.022277794170829954
t56,0.9777134000757506,0.022286599924249383
t94,0.9778189017673531,0.0221810982326469
t10,0.9778047868583774,0.022195213141622684
t22,0.9778047868583774,0.022195213141622684
t1,0.9777787101426705,0.022221289857329553
t66,0.9778280432164136,0.02217195678358644
t12,0.9778199909949057,0.022180009005094294
