accepted_species,estimate
Asclepias_cordifolia,-0.22894717717646235
Asclepias_eriocarpa,-0.022633380630067097
Asclepias_erosa,-0.341730261556536
Asclepias_fascicularis,-0.1998993192773874
Asclepias_incarnata,-0.29119331522886055
Asclepias_speciosa,0.06987669916186473
Asclepias_tuberosa,-0.41465697191282097
Asclepias_vestita,-0.2630864966096366
Calotropis_gigantea,-0.6550584010948792
Vincetoxicum_hirundinaria,-0.37497822495596517
