accepted_species,0,1
t96,0.8379758,0.16202419
t97,0.8379758,0.16202419
t140,0.9885019,0.011498113
t141,0.9885019,0.011498113
t71,0.9648329,0.03516708
t128,0.9327756,0.0672244
t134,0.94542766,0.05457233
t133,0.9656193,0.034380697
t132,0.82578474,0.17421527
t109,0.9749916,0.025008388
t144,0.756002,0.24399799
t145,0.756002,0.24399799
t39,0.80526716,0.19473286
t9,0.99382263,0.0061773444
