accepted_species,0,1
t78,0.69695302441488,0.3030469755851199
t91,0.6910925391125962,0.3089074608874038
t9,0.7348748873578257,0.26512511264217437
t66,0.737214354709249,0.262785645290751
t59,0.7109732715285761,0.2890267284714238
t69,0.4895583656608695,0.5104416343391305
t15,0.4914721923427403,0.5085278076572597
t88,0.47390070147551644,0.5260992985244836
t100,0.4756954932042007,0.5243045067957993
t70,0.4883349913240881,0.5116650086759119
