accepted_species,0,1
t78,0.7392595529228918,0.2607404470771082
t91,0.6854674831355247,0.3145325168644752
t9,0.688633478923306,0.3113665210766941
t66,0.6898955308775403,0.31010446912245965
t59,0.7608767924159261,0.2391232075840739
t69,0.4365290968398685,0.5634709031601315
t15,0.44046632573525524,0.5595336742647448
t88,0.37490345364219935,0.6250965463578007
t100,0.3895967445172046,0.6104032554827954
t70,0.46408349840760166,0.5359165015923983
