"accepted_species","0","1"
"t78","0.111298146947318","0.888701853052682"
"t91","0.998617144101425","0.00138285589857517"
"t9","0.57611762410098","0.42388237589902"
"t66","0.817598038208737","0.182401961791263"
"t59","0.598623621972938","0.401376378027062"
"t69","0.14719918763156","0.85280081236844"
"t15","0.454081374637315","0.545918625362685"
"t88","0.0537403713721747","0.946259628627825"
"t100","0.00643231595919928","0.993567684040801"
"t70","0.832262784893708","0.167737215106292"
