accepted_species,0,1
t78,0.37403923,0.62596077
t91,0.80760306,0.19239694
t9,0.80886513,0.19113487
t66,0.80886513,0.19113487
t59,0.6171924,0.38280764
t69,0.5092174,0.4907826
t15,0.5225148,0.47748515
t88,0.50375426,0.4962457
t100,0.38094527,0.61905473
t70,0.65540034,0.34459966
