accepted_species,0,1
t18,0.9779036252010425,0.0220963747989575
t30,0.977970581159613,0.022029418840387036
t45,0.9779168409420014,0.022083159057998673
t75,0.9779125195887619,0.022087480411238126
t76,0.9779486835043986,0.022051316495601388
t77,0.9779462140640032,0.02205378593599681
t82,0.9779174469189622,0.022082553081037765
t83,0.9779122761899974,0.022087723810002523
t86,0.9780495690812934,0.02195043091870662
t87,0.9780557037696106,0.021944296230389352
