accepted_species,0,1
t18,0.9777279528964614,0.02227204710353859
t30,0.9776426694194208,0.022357330580579184
t45,0.9777162555950182,0.022283744404981792
t75,0.9777110608092666,0.022288939190733357
t76,0.9776242175604575,0.022375782439542535
t77,0.9776242175604575,0.022375782439542535
t82,0.9777108194082089,0.02228918059179106
t83,0.9777108194082089,0.02228918059179106
t86,0.9777284855909895,0.02227151440901052
t87,0.9777284855909895,0.02227151440901052
