accepted_species,0,1
t65,0.7064779903475692,0.2935220096524308
t128,0.7069372824094449,0.29306271759055513
t138,0.7070528221047865,0.2929471778952135
t145,0.706968783166754,0.29303121683324596
t152,0.7068664860184632,0.2931335139815368
t206,0.707438953583704,0.292561046416296
t207,0.7074299474721313,0.2925700525278688
t208,0.7074272062518333,0.2925727937481667
t216,0.7056864847619579,0.29431351523804206
t217,0.7056864937938767,0.29431350620612334
