"accepted_species","0","1"
"t50",0.585472141958821,0.414527858041179
"t64",0.584032309197869,0.415967690802131
"t66",0.585978077791983,0.414021922208017
"t85",0.582372371975846,0.417627628024154
"t104",0.583875467742104,0.416124532257896
"t105",0.583875467742104,0.416124532257896
"t110",0.607683624001786,0.392316375998214
"t162",0.187813641953768,0.812186358046233
"t170",0.948954853422025,0.0510451465779752
"t176",0.960243296722434,0.0397567032775655
