accepted_species,0,1
t52,0.4285394494007435,0.5714605505992565
t55,0.42143153324279337,0.5785684667572066
t56,0.42143153324279337,0.5785684667572066
t64,0.42188549643779816,0.5781145035622018
t87,0.4272067310510761,0.5727932689489239
t88,0.4272067310510761,0.5727932689489239
t99,0.4159638770564895,0.5840361229435105
t110,0.4201780104933218,0.5798219895066782
t120,0.41577295072423137,0.5842270492757686
t126,0.4197566297334562,0.5802433702665438
