accepted_species,0,1
t52,0.42151854734879335,0.5784814526512067
t55,0.41512350682974664,0.5848764931702534
t56,0.41457329558508516,0.5854267044149148
t64,0.41600194951238745,0.5839980504876126
t87,0.4159054956410435,0.5840945043589565
t88,0.41603777889926163,0.5839622211007384
t99,0.4160975191997952,0.5839024808002048
t110,0.4162525940167887,0.5837474059832113
t120,0.4154648848513105,0.5845351151486895
t126,0.40856771719409934,0.5914322828059007
