accepted_species,0,1
t40,0.6463069,0.35369313
t32,0.8053684,0.19463155
t21,0.8053684,0.19463155
t70,0.9387144,0.061285585
t50,0.9387144,0.061285585
t73,0.9387144,0.061285585
t74,0.9387144,0.061285585
t62,0.9489403,0.051059745
t81,0.9417247,0.058275305
t16,0.7230095,0.27699047
