accepted_species,0,1
t20,0.7746260980869829,0.22537390191301707
t35,0.7745811763670841,0.22541882363291585
t64,0.7739584473649754,0.22604155263502462
t69,0.7743126072261443,0.22568739277385577
t73,0.7741665657223699,0.2258334342776301
t93,0.7827465074188816,0.21725349258111834
t107,0.7757530651772271,0.22424693482277291
t115,0.7736377842795026,0.2263622157204974
t119,0.7745860108931582,0.22541398910684182
t126,0.7740730065612074,0.2259269934387926
