accepted_species,0,1
t47,0.28738053924362306,0.7126194607563769
t72,0.553047930648782,0.446952069351218
t121,0.46604009234221455,0.5339599076577854
t122,0.5260003162561262,0.47399968374387375
t126,0.8092340405974293,0.19076595940257066
t153,0.989686280286577,0.01031371971342297
t163,0.6918622110657033,0.3081377889342967
t175,0.35133498229995297,0.648665017700047
t176,0.3987639851042284,0.6012360148957716
t180,0.7350822944248117,0.26491770557518834
