accepted_species,0,1
t20,0.7777777777777778,0.2222222222222222
t35,0.7777777777777778,0.2222222222222222
t64,0.7777777777777778,0.2222222222222222
t69,0.7777777777777778,0.2222222222222222
t73,0.7777777777777778,0.2222222222222222
t93,0.7777777777777778,0.2222222222222222
t107,1.0,0.0
t115,0.0,1.0
t119,1.0,0.0
t126,1.0,0.0
