accepted_species,0,1
t20,0.7694274,0.23057257
t35,0.68516946,0.31483054
t64,0.84479874,0.15520127
t69,0.8213718,0.17862818
t73,0.82758915,0.17241082
t93,0.8397162,0.16028377
t107,0.76204336,0.23795666
t115,0.78884953,0.21115047
t119,0.7748394,0.22516057
t126,0.80388904,0.196111
