accepted_species,estimate
t31,0.6086296837874742
t81,0.5249941829115602
t21,0.2884868815159538
t88,0.2933488014811908
t7,0.143938778253849
t24,0.1427973709735959
t78,0.11989592369653201
t79,0.03961350483520088
t99,0.04334678069616461
t100,-0.03877499532992434
