accepted_species,0
t55,
t56,
t14,
t35,
t95,
t96,
t79,-0.337401265880914
t69,
t83,0.54765119003252
t76,
