accepted_species,0
t121,0.770783754294843
t114,-0.426718869870318
t61,
t62,
t76,
t14,
t123,-1.06981241606715
t17,
t116,0.850987113577807
t57,
t84,
t98,
t36,
