accepted_species,estimate
t49,0.33615871303610345
t60,0.33406308374372
t82,0.3482406670350138
t46,1.0076919842131074
t79,1.026644922758537
t99,1.3642608272817702
t115,1.3708328528068046
t92,0.4169483573984574
t139,0.53493744908949
t83,0.5350161767408276
t129,-1.8339580108006048
t88,0.48283472051030274
t22,-1.6664531237554532
t23,-1.6808820577456753
