accepted_species,estimate
t49,0.353291619249519
t60,0.32459268394333707
t82,0.1606563438396711
t46,0.09069528253165393
t79,0.13449893012663067
t99,0.7304551914109605
t115,0.7523845195198997
t92,0.5275272720253377
t139,0.20053173132538527
t83,0.305471849852084
t129,-1.9565915992205074
t88,0.4405326736632562
t22,-1.4118284583094334
t23,-1.6506769360977962
