"accepted_species","estimate"
"t3",-0.0283411883501648
"t10",-0.046917172906148
"t75",0.040024393332074
"t90",-0.196441677064462
"t4",-0.0418090651373634
"t42",-0.0895484728617264
"t91",-0.103705632442266
"t54",-0.0929958807131465
"t8",-0.636716476353392
"t7",-0.557132834597408
