accepted_species,estimate
t3,-0.6336323
t10,-0.03609226
t75,-0.06358681
t90,-0.20789951
t4,-0.25084484
t42,-0.17168376
t91,-0.17168376
t54,-0.18299761
t8,0.007444583
t7,-0.2085093
