accepted_species,estimate
t13,-0.41222375396452055
t41,-0.19974329760802095
t48,-0.17411089202143598
t10,-0.5063102856355868
t130,-1.1114117553893743
t79,-1.6841311686741318
t80,-1.6841311686741314
t73,-1.6915494036212473
t129,-1.7605057561014852
t93,-0.7412345660300423
t90,-0.7250765607937215
t76,-0.7295457936079216
t69,-0.740229538084573
t46,-0.8216934457787051
t23,-0.7776350609796752
