accepted_species,0
t36,0.0212443724855974
t89,0.0212443724855974
t121,0.0212443724855974
t55,0.0212443724855974
t133,-0.103073648169027
t90,0.0212443724855974
t16,0.0212443724855974
t110,0.0212443724855974
t105,0.0212443724855974
t134,-1.48962951817494
t111,0.0212443724855974
t103,0.0212443724855974
t43,0.0212443724855974
t72,0.0212443724855974
t30,0.0212443724855974
