accepted_species,0,1
t19,0.5614207324416187,0.43857926755838134
t20,0.5606337786604363,0.43936622133956366
t49,0.5742214991748442,0.4257785008251557
t52,0.5722347311220106,0.4277652688779893
t24,0.5024604712826833,0.49753952871731666
t44,0.5200871512649963,0.4799128487350038
t45,0.5138299601554199,0.48617003984458
t3,0.5318169981712096,0.46818300182879036
t58,0.43098407010799245,0.5690159298920076
t36,0.44428198485795156,0.5557180151420484
