"accepted_species","0","1"
"t19","0.634909560716209","0.365090439283791"
"t20","0.634909560716209","0.365090439283791"
"t49","0.468067369361492","0.531932630638508"
"t52","0.831221534556119","0.168778465443881"
"t24","0.34874868292604","0.65125131707396"
"t44","0.540877518041217","0.459122481958783"
"t45","0.540877518041217","0.459122481958783"
"t3","0.526001464305372","0.473998535694629"
"t58","0.215074629365432","0.784925370634568"
"t36","0.631874147733251","0.368125852266749"
