accepted_species,0,1
Coptosperma_kibuwae,0.93766856,0.062331438
Rothmannia_macrocarpa,0.93766856,0.062331438
Ixora_brandisiana,0.93766856,0.062331438
Ixora_casei,0.93766856,0.062331438
Feretia_aeruginescens,0.93766856,0.062331438
Mussaenda_kajewskii,0.93766856,0.062331438
Cordiera_papillosa,0.93766856,0.062331438
Pavetta_mollis,0.93766856,0.062331438
Pavetta_brownii,0.93766856,0.062331438
Heinsia_bussei,0.93766856,0.062331438
