accepted_species,0,1
sp65,0.3392531159138694,0.6607468840861306
sp67,0.3407456558011117,0.6592543441988883
sp72,0.33906424054582673,0.6609357594541733
sp73,0.3397367851607568,0.6602632148392432
sp81,0.3394372743775773,0.6605627256224227
sp113,0.3402063149812482,0.6597936850187518
sp115,0.33969737574186276,0.6603026242581372
sp116,0.3399505424640925,0.6600494575359075
sp136,0.3402597267502864,0.6597402732497136
sp137,0.34031070157839316,0.6596892984216068
