accepted_species,0,1
sp65,0.26418358,0.7358164
sp67,0.26418358,0.7358164
sp72,0.26418358,0.7358164
sp73,0.26418358,0.7358164
sp81,0.26418358,0.7358164
sp113,0.26418358,0.7358164
sp115,0.26418358,0.7358164
sp116,0.26418358,0.7358164
sp136,0.26418358,0.7358164
sp137,0.26418358,0.7358164
