"accepted_species","0","1"
"sp110",0.49699724205979,0.50300275794021
"sp133",0.473281956143523,0.526718043856477
"sp150",0.499009338672781,0.500990661327219
"sp186",0.317983602579022,0.682016397420978
"sp187",0.480207943764068,0.519792056235932
"sp188",0.480207943764423,0.519792056235577
"sp189",0.480207943764423,0.519792056235577
"sp205",0.146458785684933,0.853541214315067
"sp223",0.499009338672891,0.500990661327109
"sp224",0.499009338672891,0.500990661327109
