accepted_species,0,1
sp110,0.37264836,0.62735164
sp133,0.20004755,0.79995245
sp150,0.8283366,0.17166343
sp186,0.20004755,0.79995245
sp187,0.37264836,0.62735164
sp188,0.37264836,0.62735164
sp189,0.37264836,0.62735164
sp205,0.47330117,0.5266988
sp223,0.7282858,0.27171424
sp224,0.7282858,0.27171424
