accepted_species,estimate
t20,-1.8030862
t3,-0.9814169
t14,-1.2150527
t61,-0.7484792
t89,-0.6433969
t67,0.38505864
t92,-0.68324155
t93,-0.68324155
t99,-0.5721141
t47,0.10582403
