accepted_species,estimate
Asperula_glomerata,-0.22670151151582982
Coprosma_quadrifida,0.35372977059961924
Galium_bifolium,-0.23118570328584262
Galium_eriocarpum,-0.22523790043026717
Galium_mollugo,-0.28095317602968106
Galium_palustre,-0.24334447054883815
Galium_trifidum,-0.24088499386717097
Nertera_dichondrifolia,0.35425284215707764
Rubia_cordifolia,-0.16694877581260223
Spermacoce_breviflora,0.3604576186544012
