accepted_species,estimate
t9,-0.25402329457384665
t30,-0.28293386279234733
t64,-0.2912744930658037
t65,-0.29127449306580294
t63,-0.2912310501582083
t22,-0.26774101739885897
t10,-0.2702700404452466
t24,-0.2799804777499664
t25,-0.28859866268302614
t91,-0.3060144108831831
