"accepted_species","estimate"
"t41",0.0690454885579855
"t66",0.0690454885579855
"t21",-0.417700765503208
"t84",-0.728680525571899
"t51",-0.276661268640275
"t52",-0.276661268640275
"t73",0.672427081992308
"t74",0.672427081992308
"t29",0.659485078630543
"t69",1.49366822209059
