accepted_species,estimate
t41,0.08906294
t66,0.08906294
t21,0.046610747
t84,0.046610747
t51,0.046610747
t52,0.046610747
t73,0.046610747
t74,0.046610747
t29,0.08906294
t69,0.08906294
