accepted_species,0,1
Asclepias_asperula,0.8849984,0.11500164
Parsonsia_lata,0.88964826,0.11035175
Xanthophytum_balansae,0.90551114,0.09448887
Guettarda_nannocarpa,0.9047244,0.09527556
Psychotria_dodoensis,0.68950003,0.31049997
Manettia_stenocalyx,0.8438156,0.15618436
Toxocarpus_palghatensis,0.88964826,0.11035175
Timonius_grandifolius,0.9047244,0.09527556
Pavetta_stipulopallium,0.78412914,0.21587084
Rudgea_reticulata,0.8707118,0.1292882
