accepted_species,0,1
Asclepias_asperula,0.88957053,0.110429466
Parsonsia_lata,0.88120985,0.11879014
Xanthophytum_balansae,0.832041,0.167959
Guettarda_nannocarpa,0.8379654,0.16203459
Psychotria_dodoensis,0.8604461,0.13955389
Manettia_stenocalyx,0.8086407,0.19135927
Toxocarpus_palghatensis,0.88220537,0.11779462
Timonius_grandifolius,0.8590616,0.14093842
Pavetta_stipulopallium,0.8289528,0.17104721
Rudgea_reticulata,0.8549774,0.14502259
