accepted_species,0,1
t67,0.04522984512032846,0.9547701548796715
t11,0.0511270292618351,0.9488729707381649
t12,0.04816747135558441,0.9518325286444156
t52,0.045718096748835646,0.9542819032511644
t53,0.04493121469286965,0.9550687853071304
t28,0.04569096678810536,0.9543090332118946
t27,0.04676275705982913,0.9532372429401709
t91,0.04283749105007373,0.9571625089499263
t92,0.04285159976792374,0.9571484002320763
t43,0.0428136469640058,0.9571863530359942
