accepted_species,0,1
t67,0.030413084002330337,0.9695869159976697
t11,0.03573556052773996,0.96426443947226
t12,0.038260771684065165,0.9617392283159348
t52,0.032903879714336504,0.9670961202856635
t53,0.031218093168197347,0.9687819068318027
t28,0.03448890506930824,0.9655110949306918
t27,0.03197073827694852,0.9680292617230515
t91,0.032409578649444604,0.9675904213505554
t92,0.03471238771403029,0.9652876122859697
t43,0.030026407316782966,0.969973592683217
