accepted_species,0,1
t67,0.05343633871097808,0.9465636612890219
t11,0.06717495870006296,0.932825041299937
t12,0.05435072710322464,0.9456492728967754
t52,0.05817586431035615,0.9418241356896438
t53,0.06025370460874713,0.9397462953912529
t28,0.05767209092355374,0.9423279090764463
t27,0.05820819315178005,0.94179180684822
t91,0.05857577174128459,0.9414242282587154
t92,0.05867060795983792,0.9413293920401621
t43,0.05635746509809425,0.9436425349019057
