accepted_species,0,1
t67,0.033811808,0.9661882
t11,0.033811808,0.9661882
t12,0.033811808,0.9661882
t52,0.033811808,0.9661882
t53,0.033811808,0.9661882
t28,0.033811808,0.9661882
t27,0.033811808,0.9661882
t91,0.033811808,0.9661882
t92,0.033811808,0.9661882
t43,0.033811808,0.9661882
