accepted_species,0,1
t67,0.018526971,0.981473
t11,0.018526971,0.981473
t12,0.018526971,0.981473
t52,0.018526971,0.981473
t53,0.018526971,0.981473
t28,0.018526971,0.981473
t27,0.018526971,0.981473
t91,0.018526971,0.981473
t92,0.018526971,0.981473
t43,0.018526971,0.981473
