accepted_species,0,1
sp58,0.6879167434817945,0.31208325651820545
sp69,0.6810243632494295,0.3189756367505705
sp94,0.18395693554706416,0.8160430644529358
sp98,0.7709409861075837,0.22905901389241634
sp109,0.6378343280359184,0.36216567196408156
sp125,0.7848398660876058,0.21516013391239422
sp128,0.38054490643950434,0.6194550935604957
sp129,0.2815389536886155,0.7184610463113845
sp142,0.8203991981697287,0.17960080183027125
sp143,0.19414888516934004,0.80585111483066
