accepted_species,0,1
sp58,0.4664588548308042,0.5335411451691958
sp69,0.46664724107303424,0.5333527589269658
sp94,0.46685251656965554,0.5331474834303445
sp98,0.46666280533308346,0.5333371946669165
sp109,0.4668241839270336,0.5331758160729664
sp125,0.4668611176713743,0.5331388823286257
sp128,0.466814446217492,0.533185553782508
sp129,0.466814446217492,0.533185553782508
sp142,0.4667511842734219,0.5332488157265781
sp143,0.4669805726861951,0.5330194273138049
