accepted_species,0,1
sp58,0.6850021,0.31499788
sp69,0.6850021,0.31499788
sp94,0.59313375,0.40686625
sp98,0.6850021,0.31499788
sp109,0.6850021,0.31499788
sp125,0.6850021,0.31499788
sp128,0.47294366,0.52705634
sp129,0.47294366,0.52705634
sp142,0.6850021,0.31499788
sp143,0.2390958,0.7609042
