"accepted_species","estimate"
"t83",-0.245265881879219
"t37",0.155882131836787
"t26",-0.406901328079798
"t62",1.20996648643731
"t61",-0.637483797278781
"t33",0.369012969400546
"t42",-0.912681710972504
"t6",-0.290321955448897
"t50",0.0734930639894406
"t82",-1.53023628280206
