accepted_species,0
t12,0.051640054970028444
t10,0.051640054970028444
t9,0.051640054970028444
t55,0.051640054970028444
t21,0.051640054970028444
t38,0.051640054970028444
t16,0.051640054970028444
t71,-0.317088118608311
t92,-1.02374495543198
t50,0.051640054970028444
