"accepted_species","estimate"
"t12",-0.115149640663144
"t10",0.299556284921254
"t9",0.0301773781383177
"t55",0.626339456664615
"t21",-0.99060910705157
"t38",-1.35285990989878
"t16",-1.51645526084245
"t71",-0.389543926628718
"t92",-1.01692801445286
"t50",0.364510058550736
