accepted_species,estimate
t12,-0.519257
t10,0.8904764
t9,0.18997599
t55,0.6836744
t21,-1.2426469
t38,-1.080833
t16,-1.080833
t71,-0.56408745
t92,-0.9408604
t50,0.46469358
