accepted_species,estimate
t86,-1.1352626172625127
t34,-1.131450899653956
t28,0.3540902679642788
t57,-0.6300905989842065
t16,-0.2705977840378708
t13,-0.2683197159837156
t55,0.8681646062735751
t21,0.8171621407882934
t17,1.2915375183988551
t47,1.3730218239943925
