"accepted_species","estimate"
"t86",-0.378632419121493
"t34",-1.26701593260203
"t28",0.41729727638323
"t57",-0.67085177888189
"t16",-0.76147106530885
"t13",-0.675553750534491
"t55",0.914800588300158
"t21",0.739381252539852
"t17",1.03405171699093
"t47",1.39007936610744
