accepted_species,estimate
Alstonia_muelleriana,1.1102431242623216
Chironia_linoides,-0.32096010393938934
Cynanchum_acutum,-0.1407837151158525
Galium_album,-0.424932081068787
Galium_nuttallii,-0.394587456240312
Galium_tenuissimum,-0.39458745624031555
Gentiana_clusii,-0.4586823290809261
Gentiana_nivalis,-0.45868232908092743
Knoxia_sumatrensis,-0.06018214038313707
Notopleura_macrophylla,0.12176889839596275
