accepted_species,estimate
Asclepias_oenotheroides,-0.4385827871686994
Carissa_macrocarpa,0.5785306979453749
Cynanchum_acutum,0.1387309410416088
Galium_labradoricum,-0.5424454483825606
Galium_uliginosum,-0.581651456446297
Gentianella_insubrica,-0.5136673519200429
Guettarda_aromatica,-0.0790846066988152
Pavetta_australiensis,0.6816377546402547
Randia_hebecarpa,0.6630220246240924
Rubia_peregrina,-0.1593508218656093
