accepted_species,estimate
t92,1.192340061729605
t68,1.1445946982813342
t129,-1.5620394736364505
t80,0.025569075582650494
t95,-0.13896203008590868
t61,-0.15696839992773398
t48,-0.1607765389152052
t88,-0.156210920668996
t57,0.18478553350897906
t27,0.1590923525848846
t31,0.17624347581210825
t25,0.7489947619713143
t10,0.7741852727300589
t2,0.27555154319577946
t110,0.15977026194044597
t51,0.1684300411424731
