accepted_species,0
t92,-0.011142679584737506
t68,-0.011142679584737506
t129,-0.011142679584737506
t80,-0.011142679584737506
t95,-0.011142679584737506
t61,-0.011142679584737506
t48,-0.011142679584737506
t88,-0.011142679584737506
t57,-0.011142679584737506
t27,-0.011142679584737506
t31,-0.011142679584737506
t25,-0.011142679584737506
t10,-0.011142679584737506
t2,-0.011142679584737506
t110,-0.011142679584737506
t51,-0.011142679584737506
