accepted_species,0,1
t37,0.997074,0.002925968
t14,0.99273103,0.0072689415
t16,0.04804039,0.9519596
t12,0.24548686,0.75451314
t69,0.7642422,0.23575781
t107,0.97426385,0.025736175
t72,0.9853022,0.014697805
t97,0.9853022,0.014697805
t137,0.99909496,0.00090502086
t64,0.9981065,0.0018935051
t104,0.99961185,0.00038817286
t35,0.7770416,0.2229584
t86,0.9953095,0.004690543
t90,0.9934275,0.006572457
