accepted_species,0,1
t91,0.8813525835324298,0.1186474164675701
t84,0.5478830142856104,0.4521169857143897
t78,0.3780052134687255,0.6219947865312745
t10,0.44671542887124494,0.5532845711287551
t28,0.2381956452122167,0.7618043547877833
t49,0.560211047367007,0.439788952632993
t63,0.6135860367923234,0.38641396320767657
t47,0.99099593419108,0.009004065808919947
t45,0.3660694291581339,0.6339305708418661
t96,0.6874151354432947,0.3125848645567053
