accepted_species,0,1
t91,0.9735980142112586,0.026401985788741377
t84,0.574393132237784,0.42560686776221607
t78,0.5744691646556861,0.42553083534431396
t10,0.5833779009906632,0.4166220990093368
t28,0.3928200655086629,0.6071799344913371
t49,0.3846652972548269,0.6153347027451731
t63,0.38495301693183814,0.6150469830681619
t47,0.7170791410865549,0.28292085891344515
t45,0.728605428640307,0.2713945713596931
t96,0.7254495834874191,0.27455041651258094
