"accepted_species","0","1"
"t27",0.469411540981981,0.530588459018019
"t28",0.469411540981981,0.530588459018019
"t44",0.422240441852547,0.577759558147453
"t57",0.424373551857826,0.575626448142174
"t58",0.424373551857826,0.575626448142174
"t67",0.424373551857826,0.575626448142174
"t84",0.424373551857826,0.575626448142174
"t85",0.424373551857826,0.575626448142174
"t112",0.424373551864969,0.575626448135031
"t113",0.424373551864969,0.575626448135031
