accepted_species,0,1
t27,0.3708605585499831,0.6291394414500169
t28,0.35018730632700346,0.6498126936729965
t44,0.3594905905632447,0.6405094094367553
t57,0.33895008737191934,0.6610499126280807
t58,0.3379285230600988,0.6620714769399012
t67,0.33655557376347045,0.6634444262365295
t84,0.33785367061845784,0.6621463293815422
t85,0.3352714724685115,0.6647285275314885
t112,0.35463566012030356,0.6453643398796964
t113,0.3546579808837611,0.6453420191162389
