accepted_species,0,1
t27,0.31034405390900777,0.6896559460909922
t28,0.30844904145895213,0.6915509585410479
t44,0.3068196619429234,0.6931803380570766
t57,0.3064302446516516,0.6935697553483484
t58,0.30627899680495874,0.6937210031950413
t67,0.30537608744496103,0.694623912555039
t84,0.30431244470043917,0.6956875552995608
t85,0.3041769143815457,0.6958230856184543
t112,0.30575812799227053,0.6942418720077295
t113,0.30576030291598455,0.6942396970840155
