"accepted_species","0","1"
"t27","0.492437155510646","0.507562844489354"
"t28","0.492437155510646","0.507562844489354"
"t44","0.439156627231201","0.560843372768799"
"t57","0.441228345471013","0.558771654528987"
"t58","0.441228345471013","0.558771654528987"
"t67","0.441228345471013","0.558771654528987"
"t84","0.441228345471013","0.558771654528987"
"t85","0.441228345471013","0.558771654528987"
"t112","0.441228345471013","0.558771654528987"
"t113","0.441228345471013","0.558771654528987"
