accepted_species,0,1
t27,0.34809548,0.6519045
t28,0.33937126,0.66062874
t44,0.3418963,0.6581037
t57,0.33937126,0.66062874
t58,0.33937126,0.66062874
t67,0.33937126,0.66062874
t84,0.33937126,0.66062874
t85,0.33937126,0.66062874
t112,0.3418963,0.6581037
t113,0.3418963,0.6581037
