accepted_species,estimate
t92,-0.079534374
t34,1.7721106
t90,1.163215
t3,-0.58110267
t11,-0.419875
t76,0.102037795
t8,0.6817325
t20,-2.0451577
t21,-2.0451577
t89,-1.626746
