"","c1","c2","c3","c4","c5","c6","c7","c8","c9","c10","c11","c12","c13","c14","c15","c16","c17","c18","c19","c20","c21","c22","c23","c24","c25","c26","c27","c28","c29","c30","c31","c32","c33","c34","c35","c36","c37","c38","c39","c40","c41","c42","c43","c44","c45","c46","c47","c48","c49","c50","c51","c52","c53","c54","c55","c56","c57","c58","c59","c60","c61","c62","c63","c64","c65","c66","c67","c68","c69","c70","c71","c72","c73","c74","c75","c76","c77","c78","c79","c80","c81","c82","c83","c84","c85","c86","c87","c88","c89","c90","c91","c92","c93","c94","c95","c96","c97","c98","c99"
"t3",-0.212077917979621,-0.0170592181102788,-0.00721506270359649,-0.0203939713262377,-0.00621202725349524,-0.000164732900282606,-0.00275643890874967,0.00161456618429678,5.05449010189867e-05,-0.0110173887152587,-0.0975996844312751,-0.0591967436656079,-0.213810288441526,0.00117153955896781,-0.00689671128203661,0.13824334717189,-0.0180864375543111,-0.0458700237287929,0.000124876934831767,0.0254058783907641,-0.000422532649080971,0.00230049950421782,-0.000640197343042255,0.00802819776210293,0.0051045345361255,-0.0365653835909592,0.827768634624094,-0.0169435647748457,-0.419694516988871,-0.00425346116391079,0.00234710378344083,0.00113197314930173,-0.00178872533484286,0.000171224279086472,-1.67041010998633e-07,-6.78239628700594e-05,-0.00138415770707924,0.000183530341242814,-0.000379842366295413,-0.000359550472001492,-1.13966899568973e-05,-0.00130939145456726,0.00341986940572891,3.95276409914908e-05,-1.25617551175576e-05,0.000266490029866964,2.74748078871604e-16,-9.87530155787775e-17,1.42637344463604e-17,-4.54266273652684e-05,3.28246004079499e-16,-0.000274703175823031,-1.31436817472988e-05,3.01624875789137e-05,5.96226839694046e-05,-2.79259615485949e-16,1.31041378942889e-16,-0.000126944858447076,-9.39209999532906e-05,-8.61787755311471e-06,6.77058361644288e-05,-3.03881856387382e-17,-2.25374669151649e-16,6.58369254000254e-05,9.38795016924647e-06,-1.31441701538613e-17,-3.11919316827763e-06,-1.93882595376521e-06,-3.70802443438301e-08,-2.86945037922546e-18,1.04428756922389e-16,2.43489029907056e-16,2.02025171115948e-16,-7.04068667856956e-16,-4.42525605837489e-16,-0.0018216286022305,3.15238954252658e-17,1.02065782395016e-05,5.08165767305635e-06,1.99621463095381e-16,-1.09564146463704e-16,1.11772316302738e-16,-2.14909261198684e-16,3.85420679895022e-16,3.23751274340308e-16,-2.66255805326838e-16,-6.0020833571832e-07,1.16298562644217e-16,3.01924038460496e-07,-6.9047549364366e-16,-1.86758637575619e-15,-8.30189772256724e-16,1.152613560585e-16,9.70077699976401e-16,-3.50943427068452e-16,-1.01914100169778e-15,-8.07808579675539e-16,5.64227066278914e-15,1.04113646711207e-14
"t57",-0.218395937147829,-0.0180018221926059,-0.00773035551094325,-0.0220651708633847,-0.00684301936938044,-0.000183486247792353,-0.00307162095220327,0.0018216905492219,6.15851036398764e-05,-0.0165334216699232,-0.17388138500817,-0.110122526527672,-0.401717782068926,0.00265059836886431,-0.0158805105645558,0.360103341470438,-0.0491821677187486,0.227904496435916,-0.000430254288074396,-0.0557987823671515,0.000490591314860085,-0.00134586389605826,0.00035734363921739,-0.00369828919123662,-0.00225683503719126,0.00989644373493572,-0.211040847273231,0.00337631844417517,0.0726847944484046,0.000500301147833317,-0.000249315659026248,-0.000110005087961798,0.000155759644575699,1.27213134836475e-05,-1.6691013327499e-08,-8.59754022379893e-06,-0.000220816614316467,2.9976805755237e-05,-8.59288849761095e-05,-9.20387201286574e-05,-2.99339785751884e-06,-0.000349113664719888,0.000981609459354807,1.15250763102832e-05,-3.67648730752868e-06,8.18292886052895e-05,6.96787675849945e-16,1.12327176056219e-16,-3.01940165605995e-16,-1.6873292369125e-05,2.85341978106959e-15,-0.000104066356951034,-5.05711415076784e-06,1.21352408171797e-05,2.40996410899678e-05,-1.78863474546736e-15,-1.68934850153158e-15,-5.56475943730442e-05,-4.19826100266801e-05,-3.86304502419655e-06,3.04118748000585e-05,5.51215949045338e-15,-1.21467113286137e-15,3.03329903510737e-05,4.33149866739365e-06,-4.03283425386878e-15,-1.4896622474166e-06,-9.28219853814073e-07,-1.77982807118608e-08,5.92930515248546e-15,2.64781727719043e-15,1.37536246004185e-14,-5.41592473677757e-14,-2.08958280375721e-13,-0.707106781186546,-0.000928970977378407,7.66162115307568e-16,5.27890673798153e-06,2.63015950657447e-06,-1.73159362033561e-15,-2.36786210770974e-15,4.73653971263757e-15,-2.50813469482948e-14,-2.16434558151943e-15,1.98627093454612e-15,-1.08509764746545e-15,-3.22511753698093e-07,-4.37440445043249e-16,1.6278736651377e-07,-1.65799295884921e-15,-1.04708192131009e-14,-5.42602305811849e-16,1.15292664617956e-15,3.22603730603344e-15,1.27548820489156e-15,5.05221524980477e-16,-1.78637611362939e-15,4.92050598352005e-15,9.43126534670604e-15
"t58",-0.218395937147829,-0.0180018221926057,-0.00773035551094364,-0.0220651708633839,-0.00684301936938016,-0.000183486247792448,-0.00307162095220326,0.00182169054922229,6.15851036401277e-05,-0.0165334216699233,-0.17388138500817,-0.110122526527673,-0.401717782068925,0.00265059836886404,-0.0158805105645558,0.360103341470437,-0.0491821677187487,0.227904496435913,-0.000430254288074942,-0.0557987823671556,0.000490591314860246,-0.00134586389605792,0.000357343639216525,-0.00369828919123528,-0.00225683503719191,0.00989644373493564,-0.211040847273231,0.00337631844417606,0.0726847944484005,0.000500301147832333,-0.000249315659026759,-0.000110005087959984,0.000155759644576278,1.27213134839753e-05,-1.66910129649819e-08,-8.59754022559362e-06,-0.000220816614316846,2.99768057547878e-05,-8.59288849770696e-05,-9.20387201282683e-05,-2.99339786073807e-06,-0.000349113664718934,0.000981609459370399,1.15250763122073e-05,-3.67648730708037e-06,8.18292886033254e-05,-5.76459582852548e-16,-9.57050816316604e-18,1.3323354032754e-16,-1.68732923709814e-05,-3.54988102883551e-15,-0.000104066356948031,-5.05711415075671e-06,1.21352408113553e-05,2.40996410918804e-05,2.27597576968402e-15,1.86891724657617e-15,-5.56475943769319e-05,-4.19826100244196e-05,-3.86304503248928e-06,3.04118748012066e-05,-6.23971795297384e-15,1.14690654735864e-15,3.03329903553035e-05,4.33149867037795e-06,4.11743687701649e-15,-1.48966224767184e-06,-9.28219848791014e-07,-1.77982767054598e-08,-6.19631596549152e-15,-2.66359076883506e-15,-1.36739936645112e-14,5.34593150061745e-14,2.11063946934969e-13,0.707106781186549,-0.000928970977352237,-1.1369385995906e-15,5.27890672267489e-06,2.63015950783109e-06,1.77887824737302e-15,2.40276592725991e-15,-4.47940594171522e-15,2.49134815250865e-14,2.14792035424563e-15,-1.62815852290482e-15,4.63875050976324e-16,-3.22511748995979e-07,1.21765072057117e-15,1.62787360198459e-07,1.47146754644784e-16,6.05158015724951e-15,-9.56660347151881e-16,-6.30319376285809e-16,-1.21050269238578e-15,-2.08924628152862e-15,-2.41101298150094e-15,4.52132430767742e-16,6.61537909221021e-15,1.14224838397633e-14
"t83",-0.254487869840935,-0.0243277995029276,-0.0116023015622935,-0.0356566823078139,-0.0128770628849951,-0.000384277145131408,-0.00646271229749886,0.00439355858070692,0.00167675802340144,0.0160488157550684,0.0872076379965704,0.0488190737798277,0.173358672324356,-0.000738288859084959,0.00426249289979419,-0.0753549133085413,0.00946178357447918,0.304970257175192,0.00373465838534517,0.355482197317896,-2.05849481402429e-05,2.03048875242026e-05,-4.24649696268726e-06,-4.44183122466808e-06,-9.03457761793677e-06,0.000433987140965941,-0.0109700825313442,0.00059346619418802,-0.0173193808838122,-5.07536058931747e-06,1.17362809801962e-06,2.07433601250425e-07,-1.27789236622637e-08,1.53740296766717e-06,-1.98117542652402e-09,-1.03783954867728e-06,-2.78580645738526e-05,3.80514776441203e-06,-1.22959991255208e-05,-1.41210118076052e-05,-4.68067371592454e-07,-5.52983082067706e-05,0.00980705013011431,1.62887478548934e-06,-5.36055342397469e-07,1.33433036096087e-05,-3.29470367303428e-16,1.19637396041621e-16,-3.78693889903552e-16,-3.26692847151432e-06,-2.40472742900068e-15,-2.05333738408835e-05,-1.01327713818767e-06,2.54902907311396e-06,5.08864420505493e-06,5.67138144418393e-18,1.04649127069223e-16,-1.30640447640117e-05,-1.01798262370266e-05,-9.41421625723139e-07,7.43895300830756e-06,1.63869395015489e-15,-2.29599769287771e-16,7.81648495038218e-06,1.11992180640711e-06,1.25384510024916e-17,-4.2753842125622e-07,-2.69106829446415e-07,-5.21836830482321e-09,1.09043576396158e-15,-3.57750591049456e-16,-2.51060601516297e-15,4.62410103116452e-15,1.09920947969024e-14,1.66533453693773e-15,-0.396253612164003,-7.72295374994996e-17,-1.82137446044638e-07,-5.42380104972253e-08,-8.79258625375839e-15,4.1493893409951e-15,-9.0329812647545e-15,3.38307577829064e-14,-6.4203064162882e-15,-1.69828788063073e-14,-3.69398310704013e-15,-5.86753030058149e-08,-1.60333607432156e-14,3.05394472123822e-08,7.71192500378796e-15,0.707106781186552,-1.22655145515015e-14,1.16014668865196e-14,3.82604868529267e-14,8.99450639144885e-15,1.7202257519955e-15,-2.29347888617236e-15,5.41068659715795e-15,7.78334758458608e-15
"t84",-0.254487869840935,-0.0243277995029273,-0.0116023015622934,-0.0356566823078134,-0.0128770628849948,-0.000384277145131358,-0.00646271229749913,0.00439355858070683,0.00167675802340175,0.0160488157550681,0.0872076379965701,0.0488190737798277,0.173358672324355,-0.00073828885908501,0.00426249289979372,-0.0753549133085417,0.00946178357447855,0.30497025717519,0.00373465838534494,0.355482197317895,-2.05849481397288e-05,2.03048875261574e-05,-4.24649696277746e-06,-4.44183122452692e-06,-9.03457761719756e-06,0.000433987140965637,-0.0109700825313443,0.000593466194187891,-0.0173193808838118,-5.07536059010986e-06,1.17362810027395e-06,2.07433602045023e-07,-1.27789238891601e-08,1.53740296703207e-06,-1.98117545936935e-09,-1.037839549268e-06,-2.78580645749446e-05,3.80514776552492e-06,-1.22959991275895e-05,-1.41210118084117e-05,-4.68067373227479e-07,-5.52983082062346e-05,0.00980705013011803,1.62887478626332e-06,-5.36055342696977e-07,1.33433036100241e-05,1.38547085520405e-16,-6.41693803148369e-16,-3.44872200874351e-16,-3.26692847117777e-06,-1.44194312742122e-15,-2.05333738371482e-05,-1.01327713752715e-06,2.54902906852788e-06,5.0886442040727e-06,2.69740722216377e-16,1.22391834145726e-16,-1.30640447658017e-05,-1.01798262379985e-05,-9.41421626119375e-07,7.43895300560124e-06,-1.29296619355526e-15,-2.3928485649814e-16,7.81648494655923e-06,1.11992180652058e-06,1.90316616307836e-17,-4.27538423139981e-07,-2.69106829767649e-07,-5.21836862616795e-09,2.49401270425795e-15,2.54702847832397e-16,2.93568981891165e-16,6.55017040418932e-16,-6.5944147332149e-15,1.83464354819307e-14,-0.396253612164026,1.73346215926894e-15,-1.82137449847178e-07,-5.42380080179056e-08,-4.45597136410528e-15,2.09047698364119e-15,1.19307849551257e-14,-1.44931070190532e-14,5.78468048365184e-15,1.45380848185901e-14,5.85441714665901e-15,-5.86753506401311e-08,1.13727981035529e-14,3.05394103555918e-08,-7.79361578985136e-15,-0.707106781186544,1.31050894347456e-14,-1.20685329104955e-14,-3.948254519757e-14,-8.58745976788392e-15,-2.61697735720446e-15,1.84835935259165e-15,4.98953768268702e-15,1.2455242490392e-14
"t62",-0.253717786295271,-0.0241977339591479,-0.0115244676836081,-0.0353873479918639,-0.0127605520631221,-0.000380460641451773,-0.00639829774399716,0.00434555113552443,0.00164957863860987,0.0156238259952922,0.0844041580088333,0.0471929452084452,0.167540078678889,-0.000710521216688332,0.00410080123255055,-0.0723432984039712,0.00907773434002944,0.287731252897203,0.00351700172863172,0.333731377368032,-1.92083821273556e-05,1.87889897630443e-05,-3.92706297973305e-06,-4.09741160805666e-06,-8.32957569615346e-06,0.000397662193004863,-0.0100448116338437,0.00054191889826861,-0.0157922543051448,-4.61178353458613e-06,1.06558675832855e-06,1.88215560387755e-07,-1.1586322440642e-08,1.37080712381019e-06,-1.75964719741403e-09,-9.17532130681355e-07,-2.44659505782887e-05,3.33897086633608e-06,-1.06027548021709e-05,-1.20390378479349e-05,-3.97889674669008e-07,-4.69219514526899e-05,0.00823536443520716,1.36429728288668e-06,-4.48694477845805e-07,1.10677998816594e-05,2.86465772219626e-16,1.39460942132398e-16,1.87629903285545e-16,-2.53989059012255e-06,5.06847576794123e-15,-1.57780274967531e-05,-7.70531196339666e-07,1.86585308738092e-06,3.70674700551808e-06,-2.52527431246624e-17,-8.73064522540531e-17,-8.28904134730302e-06,-6.07180591879711e-06,-5.55552038800326e-07,4.35450460111141e-06,-1.89786124368106e-15,6.3078614903015e-16,4.00573614818762e-06,5.68262992536886e-07,-6.87127445954227e-17,-1.4186979148335e-07,-8.43623499697964e-08,-1.52846001194193e-09,-3.5477978486594e-15,6.4527436484585e-16,2.19614566146548e-15,-5.11246479936736e-15,-4.64279357278218e-15,-1.26842980563424e-14,0.828152168023536,-2.00048884124173e-15,4.37884533380202e-06,2.10695216800495e-06,1.4360775399746e-14,-6.77399271942242e-15,-3.1462756089409e-15,-2.35692506482396e-14,1.59711971202766e-15,3.29608700431242e-15,-2.54954378735791e-15,-1.32436441879338e-07,5.86844582563236e-15,6.54331333523189e-08,-1.96444714511753e-15,-1.60967795452091e-14,-2.91224177350148e-15,8.21529496879065e-16,3.90385189216541e-15,-1.18643027157731e-15,-1.42644083895484e-15,-2.00461876285802e-15,6.69365854299289e-15,1.10168601672744e-14
"t70",-0.25303685415654,-0.0240731967782804,-0.0114463684019202,-0.0351091085662128,-0.0126338068788848,-0.000376179583002272,-0.00632595334062772,0.0042898007157558,0.00161152522942675,0.0147466675914885,0.0770666135827368,0.0427109420094134,0.1513172303061,-0.000616751179635483,0.00354591582878323,-0.0608685484890499,0.00756484168756069,0.047559956832407,-0.000400149978075326,-0.388644710009585,-0.000111638182698257,4.13528789959557e-05,-8.45189964992822e-06,-8.19561801829682e-06,-1.64517617683872e-05,0.00071122643086308,-0.0178298996192384,0.000938397669497251,-0.0270620906695385,-7.74977403364359e-06,1.78434401940461e-06,3.14331126430675e-07,-1.92950116168888e-08,2.24613434474327e-06,-2.90055396499894e-09,-1.52967354500519e-06,-4.18105019562043e-05,5.72884489847054e-06,-2.09924386008909e-05,-3.00946760150231e-05,-1.1094930427739e-06,-0.000142989342900092,0.484539491949928,-9.93637652480215e-06,2.41461221386754e-06,-3.85595925941075e-06,1.6933309829874e-15,2.55749102043006e-16,-6.97208657171728e-17,-2.62963045433038e-06,8.27998979892378e-16,-1.69779702193434e-05,-8.52304533616027e-07,2.21845009666372e-06,4.43958749266405e-06,2.4322478906277e-16,3.96274301295738e-16,-1.15531975826517e-05,-8.94669838601979e-06,-8.26297455269614e-07,6.5225574041123e-06,2.58241479185769e-15,-1.36086162337885e-15,6.72392544959275e-06,9.61935340760358e-07,2.71326297318171e-16,-3.45751753747545e-07,-2.16119534158106e-07,-4.15779858489982e-09,-1.80351716533108e-16,-1.53059612650886e-15,-1.44666215967712e-15,-5.64363636760562e-15,1.45817065781319e-14,-3.00870439673417e-14,-0.00428337722102061,-7.08857597957366e-16,1.33307535922896e-06,6.6515664934788e-07,-5.80223262951372e-15,-7.05804822624694e-15,-2.46720169301966e-14,0.707106781186549,6.30139134853944e-15,1.17086706302634e-14,2.02596190881232e-15,-8.61208450044182e-08,1.71620822022059e-15,4.3663459800064e-08,-4.63810552866311e-15,-2.4540454404796e-14,-4.86334861365306e-16,1.44070921970692e-15,1.82535003532098e-15,8.27627543792987e-16,-9.31701668186203e-16,2.73678340029428e-16,7.48555005973483e-15,1.28375473978318e-14
"t71",-0.25303685415654,-0.0240731967782803,-0.0114463684019196,-0.0351091085662131,-0.0126338068788842,-0.000376179583002039,-0.0063259533406275,0.00428980071575543,0.00161152522942687,0.0147466675914884,0.0770666135827368,0.0427109420094135,0.1513172303061,-0.000616751179635532,0.00354591582878334,-0.0608685484890484,0.00756484168756008,0.0475599568324059,-0.00040014997807533,-0.388644710009587,-0.000111638182698228,4.13528789963246e-05,-8.45189964955394e-06,-8.19561801834214e-06,-1.64517617679429e-05,0.000711226430862761,-0.0178298996192393,0.000938397669496612,-0.0270620906695397,-7.74977403392862e-06,1.78434402042435e-06,3.14331127347178e-07,-1.92950116384102e-08,2.24613434411338e-06,-2.90055508559389e-09,-1.52967354465281e-06,-4.18105019559291e-05,5.72884489932255e-06,-2.09924386002023e-05,-3.00946760161297e-05,-1.10949304220811e-06,-0.000142989342900565,0.484539491949932,-9.93637652440295e-06,2.41461221439067e-06,-3.85595925980814e-06,1.22400795176756e-15,2.76867369546093e-16,2.63141303988276e-16,-2.62963045440204e-06,1.42467020478991e-15,-1.69779702206783e-05,-8.52304534106932e-07,2.21845009892686e-06,4.43958749266766e-06,-2.3538668148345e-16,-1.05332845122339e-16,-1.15531975835591e-05,-8.94669839110924e-06,-8.26297452806685e-07,6.52255741039925e-06,1.4444903235705e-15,-1.52134948377262e-16,6.72392545548959e-06,9.61935338764013e-07,6.01041410162666e-16,-3.45751755798511e-07,-2.16119537414938e-07,-4.15778912044173e-09,1.41475035570062e-16,1.79597105342781e-15,2.68431453389694e-15,4.31055843637394e-15,-1.24117602926039e-14,1.93456362040934e-14,-0.00428337722105925,5.37043519878902e-16,1.3330753227635e-06,6.65156624173517e-07,6.8536414087001e-15,5.99027311107942e-15,2.5621574290932e-14,-0.707106781186546,-6.08772608501493e-15,-1.13840120237891e-14,-2.14698305593507e-15,-8.61208454072294e-08,-4.90638079833036e-16,4.36634653414966e-08,3.48395933758937e-15,2.36154692883201e-14,-8.76890428287249e-16,-1.01174441170544e-15,3.87014182625761e-16,-1.9471700262151e-15,-1.26338983054993e-15,-2.63878181200541e-15,3.03618249335253e-15,7.74381423039304e-15
"t55",-0.252283517662475,-0.0239448197226004,-0.0113691495300169,-0.034841061719221,-0.0125172178218524,-0.000372348393014547,-0.00626128275363961,0.00424143912896254,0.00158366760235339,0.014301073385502,0.0741261577764599,0.0410083881658612,0.145228202665577,-0.000588111028840146,0.00337944446683948,-0.0578119511244245,0.0071772200199219,0.043702838118195,-0.000366180998592373,-0.3531088114332,-9.98858446573124e-05,3.6109229442378e-05,-7.36581531048366e-06,-7.08375246909762e-06,-1.41939633731609e-05,0.00059990811899473,-0.01499737215739,0.000780413964293041,-0.0223654644232265,-6.30272904225871e-06,1.44557572314151e-06,2.53832726614578e-07,-1.55223748796049e-08,1.6180887787284e-06,-2.01661863253675e-09,-1.01181947909259e-06,-2.52560509108549e-05,3.41300410561184e-06,-7.379240770445e-06,-1.33057360421917e-06,8.40165814536377e-08,2.34265599323975e-05,-0.514776558708406,1.49866168175709e-05,-3.98051294784621e-06,3.63210004616887e-05,-1.50332618094276e-15,-6.20719161988816e-16,-4.93770355206179e-16,-4.61925368370611e-06,-1.76496783177005e-15,-2.82721874132723e-05,-1.36825081307368e-06,3.26970861719806e-06,6.49424203644666e-06,-1.13908961775327e-15,-6.30766838373735e-16,-1.52327884503204e-05,-1.15729973684079e-05,-1.06606827673816e-06,8.39947648893432e-06,-4.85214555827991e-15,2.26999865850561e-15,8.47123347464786e-06,1.21050014251326e-06,6.98344253970921e-16,-4.23943923049579e-07,-2.6454230409223e-07,-5.0803047011482e-09,-3.21712122901906e-15,-3.82221100394874e-16,-2.59904441124719e-15,-1.0944117441813e-13,-0.707106781186548,2.10581552195777e-13,-0.00504348212025039,-2.71508082690215e-15,1.55792582843298e-06,7.77059236115254e-07,-6.00065871452355e-15,-2.24204392520633e-15,-4.42175216874641e-15,1.24930588848907e-14,2.5211687142972e-15,-1.17644526024179e-15,-1.34693348173607e-15,-9.87988643338876e-08,2.34708276189941e-15,5.00141334524828e-08,-8.13741295138913e-17,5.76994552331611e-15,-1.38317070451053e-15,7.19904899567147e-16,1.31072637696024e-15,-8.48501749396071e-16,-1.40445185322745e-15,-1.3651441984193e-15,5.80804588778193e-15,1.11111766711541e-14
"t56",-0.252283517662475,-0.0239448197226004,-0.0113691495300166,-0.0348410617192211,-0.0125172178218524,-0.000372348393014529,-0.00626128275364029,0.00424143912896303,0.00158366760235335,0.0143010733855014,0.0741261577764603,0.0410083881658611,0.145228202665578,-0.00058811102884036,0.00337944446683952,-0.0578119511244254,0.00717722001992206,0.0437028381181948,-0.000366180998592318,-0.353108811433199,-9.98858446573626e-05,3.61092294433162e-05,-7.36581531037634e-06,-7.0837524692763e-06,-1.41939633732051e-05,0.000599908118994841,-0.014997372157387,0.000780413964293411,-0.0223654644232241,-6.30272904174957e-06,1.44557572264315e-06,2.53832726208259e-07,-1.55223748019354e-08,1.61808877873786e-06,-2.01661897794389e-09,-1.01181947921394e-06,-2.52560509106452e-05,3.41300410581547e-06,-7.37924077039493e-06,-1.33057360422008e-06,8.40165845762078e-08,2.34265599338621e-05,-0.514776558708407,1.49866168170788e-05,-3.98051294824575e-06,3.63210004614168e-05,-1.38564243477434e-15,9.65962923663786e-17,1.85608491493438e-16,-4.61925368524305e-06,-1.79439225009123e-15,-2.82721874153352e-05,-1.36825080943467e-06,3.26970861807436e-06,6.49424203782192e-06,8.38510363857369e-16,8.69759806738805e-16,-1.523278844715e-05,-1.1572997368805e-05,-1.06606827918747e-06,8.39947650497165e-06,6.15064887459352e-16,-1.79853037856555e-15,8.47123347823906e-06,1.21050014930754e-06,-1.47441850122432e-15,-4.23943935192587e-07,-2.64542332935824e-07,-5.08029373783065e-09,2.84085025344714e-15,-1.13175772773188e-16,2.31167912352391e-15,1.1047913622713e-13,0.707106781186547,-1.98924210437212e-13,-0.00504348212024245,2.29087494741529e-15,1.55792585143816e-06,7.77059249407758e-07,5.39628689009602e-15,3.37884805446966e-15,3.72368985129462e-15,-1.42355604329601e-14,-1.53858683192367e-15,1.77179339888711e-15,2.75176302657908e-16,-9.87988689811754e-08,-2.51336611408745e-15,5.001413513772e-08,-1.572098637475e-15,-1.19381117194551e-14,-5.27733681724601e-16,-5.61353646436225e-16,6.64858242390468e-16,-3.8998297609861e-17,-5.72947365598919e-16,7.08004274508414e-16,6.22469435287797e-15,1.00510572069893e-14
"t32",-0.239460959061733,-0.0217156411233703,-0.0100118382546529,-0.0300927897167224,-0.0104226215063165,-0.000302926864575868,-0.00508903854721404,0.00335644401677174,0.0010442516294887,0.00441758837661019,0.00233353366811908,-0.00149605729626505,-0.00754926848028899,0.000196094551516317,-0.00121388822889723,0.0309617644209081,-0.00427194051998965,-0.454744048933443,-0.00487910753216073,0.1665852565324,0.000537121292850451,-0.00120134793823084,0.000318703903752211,-0.00334501623287214,-0.00205580706404606,0.0121180164182524,-0.283156519804162,0.0123383357123635,-0.338933666897949,-0.000112091041404522,3.12826077776733e-05,7.86062871387948e-06,-4.67517592304008e-06,8.56631275908158e-06,-1.05768923554436e-08,-5.26985788970338e-06,-0.000132503131752643,1.79581826705232e-05,-5.07537274064007e-05,-5.43179869844156e-05,-1.76745340272266e-06,-0.000206245047544916,0.00522445841881048,6.66790436969353e-06,-2.13434268059979e-06,4.80036502197419e-05,-3.11185858230793e-16,5.8482628508016e-17,3.68405148502961e-16,-9.97916581012637e-06,-4.10584151226276e-15,-6.16053722819109e-05,-2.99610476622617e-06,7.20790824799401e-06,1.43184769906749e-05,1.43557557541368e-15,-1.30630114631042e-15,-3.32575736878684e-05,-2.51332380243845e-05,-2.31323215253536e-06,1.82143445133341e-05,-0.707106781186546,-4.06516400980596e-14,1.82114699355537e-05,2.6009431689999e-06,8.91452218186722e-16,-8.9788112993292e-07,-5.59640508080914e-07,-1.07342640447879e-08,7.64916400676349e-16,-1.29501375643872e-15,7.98661116249815e-16,-9.81423106683342e-16,3.81665577635822e-15,-6.35602681597902e-15,-0.0027469073061702,-5.05162701537145e-16,3.20418208224308e-06,1.59681570849222e-06,4.93496874656092e-17,-3.43730728891868e-17,1.92411603107565e-15,1.06689935064752e-15,3.711784429007e-16,-1.83981332366391e-16,-1.43341156296747e-15,-1.9728877962265e-07,8.06802796127764e-16,9.96420205632776e-08,-1.32575851113388e-15,1.06106821377888e-16,-6.49417510893639e-16,2.94800957753287e-16,1.03567177279472e-15,-5.90606962184421e-16,-5.25465467785861e-16,-4.50837300692217e-16,5.80641340441392e-15,1.03950005050462e-14
"t33",-0.239460959061733,-0.0217156411233703,-0.0100118382546529,-0.0300927897167222,-0.0104226215063164,-0.000302926864575742,-0.00508903854721365,0.00335644401677146,0.00104425162948876,0.00441758837660998,0.0023335336681193,-0.00149605729626492,-0.0075492684802891,0.000196094551515971,-0.00121388822889706,0.0309617644209084,-0.00427194051998889,-0.454744048933441,-0.00487910753216062,0.1665852565324,0.000537121292850429,-0.00120134793823029,0.00031870390375225,-0.00334501623287241,-0.00205580706404607,0.0121180164182523,-0.283156519804162,0.0123383357123628,-0.338933666897948,-0.000112091041405104,3.12826077776275e-05,7.86062871400574e-06,-4.6751759231246e-06,8.56631275929978e-06,-1.05768924336141e-08,-5.26985789002223e-06,-0.000132503131753077,1.79581826699801e-05,-5.07537274060044e-05,-5.43179869840261e-05,-1.76745340063763e-06,-0.000206245047541983,0.00522445841880463,6.66790436913838e-06,-2.13434268104777e-06,4.80036502191693e-05,5.32411248580625e-16,2.79421354388061e-17,1.0117383799441e-16,-9.97916581043432e-06,2.31918156050675e-15,-6.16053722830895e-05,-2.99610476346453e-06,7.20790824877697e-06,1.43184769922766e-05,-1.69695411175089e-15,1.17434922714889e-15,-3.32575737127982e-05,-2.51332380066185e-05,-2.31323215593342e-06,1.82143445421914e-05,0.707106781186548,4.10803320013562e-14,1.82114699364309e-05,2.60094317030793e-06,-9.74523543633776e-16,-8.97881128828104e-07,-5.59640508362504e-07,-1.07342616026741e-08,-6.528614584516e-16,1.3369598190423e-15,-7.69125157563473e-16,1.08859613761769e-15,-1.30424792472534e-15,5.49560397189452e-15,-0.00274690730616771,3.17324679970807e-16,3.20418208468045e-06,1.59681570721612e-06,1.9410109701051e-16,3.05426558332135e-17,-2.62285100497347e-15,1.91263711575333e-17,1.23607814654266e-17,6.93836457055544e-16,9.71079448736441e-16,-1.97288780442367e-07,-5.8697842052945e-16,9.9642021003902e-08,-1.09252023357238e-16,-2.87067866339831e-15,-8.4663657964921e-16,-2.55428025529442e-16,9.74211291986767e-16,-2.57862926736818e-16,-1.07302195566097e-15,-1.24340544683853e-15,5.51245680451157e-15,1.02345234235122e-14
"t23",-0.237833982389818,-0.021448231200872,-0.0098547600960688,-0.0295560587107128,-0.0101960859896894,-0.000295624807290094,-0.00496587793261531,0.00326637931440301,0.000999904753798374,0.00406530973087033,0.00208733844677179,-0.0013294431800762,-0.00669859060272736,0.000169594470667209,-0.00104750422985533,0.0263261582296397,-0.00361494527040435,-0.317236935648644,-0.00328579372723156,0.104595537027416,0.000274870863777167,-0.000298690452804663,7.05943423687217e-05,-0.000309055834223536,-0.000124135482529455,-0.00609989706257195,0.171215612931155,-0.0141735129425492,0.538397524228794,0.000433115960476287,-0.000156860863806048,-5.05849258924346e-05,4.28489358571793e-05,2.31957784496814e-05,-2.53342628718138e-08,-1.13808074569894e-05,-0.000258362906728768,3.46502900766667e-05,-8.48133879134971e-05,-8.60715744002316e-05,-2.77027481685495e-06,-0.000321223284823048,0.00788967472351765,1.00042541278286e-05,-3.1972884600136e-06,7.0507121873098e-05,1.05657533927621e-15,8.50885414641668e-16,-1.57238177666121e-14,-1.35901700467075e-05,0.707106781186549,-8.32647517576582e-05,-4.02555451976884e-06,9.52243162704636e-06,1.88833732421401e-05,3.3938506002905e-15,8.69541209451959e-16,-4.25682020109635e-05,-3.19432575731104e-05,-2.9370403798544e-06,2.31092096829323e-05,-3.25105692278669e-15,-2.07220487180166e-17,2.28967165166182e-05,3.26842095594267e-06,-8.94731534524021e-16,-1.11465239163409e-06,-6.9415467815218e-07,-1.33022884148201e-08,-1.78162459525194e-15,1.67315064348902e-16,-1.78407054554747e-16,-2.83484287210063e-16,-8.94354859232033e-16,5.8564264548977e-15,-0.00333364854181945,-3.99838733954942e-16,3.87003727515552e-06,1.92817707385995e-06,-4.35671569319735e-16,-5.66152133478472e-16,-1.5842639764671e-15,-4.48974836288126e-16,5.91634360922921e-16,1.42873976192044e-15,-5.65585598448721e-17,-2.35255128017282e-07,-1.2670060356027e-16,1.18682783945116e-07,-5.74560763255316e-16,-7.91512504961179e-16,-3.79902255697829e-16,1.12373993381983e-16,1.17890759366949e-15,-8.83548944869554e-16,-8.33463934161006e-16,-4.36958776106691e-16,5.98413104173664e-15,1.03933044588456e-14
"t24",-0.237833982389818,-0.0214482312008721,-0.00985476009606875,-0.0295560587107128,-0.0101960859896896,-0.000295624807290078,-0.00496587793261491,0.00326637931440327,0.000999904753798379,0.00406530973087107,0.00208733844677182,-0.00132944318007579,-0.00669859060272703,0.000169594470667277,-0.00104750422985533,0.0263261582296393,-0.00361494527040442,-0.317236935648644,-0.00328579372723172,0.104595537027417,0.000274870863777399,-0.000298690452804478,7.05943423691026e-05,-0.000309055834223871,-0.000124135482529897,-0.00609989706257203,0.171215612931157,-0.0141735129425494,0.538397524228796,0.000433115960477199,-0.000156860863805528,-5.05849258928169e-05,4.28489358578899e-05,2.31957784499483e-05,-2.53342633455012e-08,-1.13808074575924e-05,-0.000258362906727574,3.46502900748466e-05,-8.48133879121531e-05,-8.60715744012521e-05,-2.77027482125769e-06,-0.00032122328482124,0.00788967472352167,1.00042541264961e-05,-3.1972884603693e-06,7.05071218708803e-05,-1.28048566425165e-15,-6.08067970061592e-16,1.61070645997763e-14,-1.35901702994517e-05,-0.707106781186547,-8.32647515659476e-05,-4.02555454252472e-06,9.52243163286953e-06,1.88833732506472e-05,-3.45212290013564e-15,-6.3848677632362e-16,-4.25682020092856e-05,-3.19432575708959e-05,-2.93704038108661e-06,2.31092096813091e-05,3.04945874196113e-15,-7.81129282634997e-17,2.28967165150325e-05,3.26842095490098e-06,6.91989230004851e-16,-1.11465239322641e-06,-6.94154678070709e-07,-1.33022865881719e-08,1.72428392624224e-15,-1.02242919324233e-17,2.16823095712273e-16,7.40043724690261e-16,-8.11088132385386e-16,-8.60422844084496e-16,-0.00333364854181129,1.1953369792222e-16,3.87003727673557e-06,1.92817707267634e-06,4.39427761317527e-16,-3.28948438673393e-16,2.19553331181829e-15,-9.34697409561652e-16,-1.14116264631425e-16,-8.40846357361551e-16,-5.77855021298214e-16,-2.35255127096463e-07,4.62201663264279e-16,1.18682784250103e-07,-8.98975292993472e-16,-1.8288771435953e-15,-6.75485399398659e-16,4.05991740748932e-16,8.1354080132298e-16,-1.74722770587931e-17,-6.78217224965263e-16,-9.29873565468247e-16,5.59978104963617e-15,1.02540204929863e-14
"t1",-0.110379417386713,0.000343280189069591,0.00327185811246358,0.0160407328803094,0.00965060286996886,0.000356598968560957,0.00604364444775472,-0.00496449265384848,-0.00369187490432417,-0.0610249694611486,-0.281116179155013,-0.132041546567792,-0.443722813195779,-0.001829709778904,0.0138372465185273,-0.809795581543816,0.137008123375796,0.0439081881223065,-0.0224282377676657,-0.0128851261936797,0.00343173744804083,-0.00550322007771336,0.00139614589687862,-0.0116336956734039,-0.00671840916438438,0.00596940596934282,-0.0493453338684609,-0.00741345566570371,0.0139240606590221,-0.00253741539369178,0.00155767959278952,0.000809062631590674,-0.00137745276841166,0.000260796430588783,-2.71556309336246e-07,-0.000117235043920623,-0.00255750123734477,0.000341562902991442,-0.000785640905438194,-0.000775531967467166,-2.47978402250507e-05,-0.00286355911948312,0.000471379032432423,8.93497797681722e-05,-2.84206029746296e-05,0.000612137875212122,-2.65407852663727e-17,6.66355353791585e-17,-9.96040504238691e-19,-0.000111029483791135,-7.48312449311997e-17,-0.000675533510239871,-3.24761373110313e-05,7.55274723574496e-05,0.000149498782869994,-1.34980249230947e-16,5.19182208759357e-17,-0.000325536689536324,-0.000242062430632074,-2.22266146809899e-05,0.000174711674222962,-2.88187196237723e-17,-1.55857992263982e-16,0.000170946432449113,2.43842243275544e-05,1.31907759457772e-16,-8.16557760131491e-06,-5.07825045075255e-06,-9.71759896747829e-08,-1.75388265042834e-16,-3.2930974481417e-18,1.06278710711834e-16,1.85271457982519e-17,6.69268285244415e-17,7.07767178198537e-16,-0.000442313384208434,-8.96730595544455e-17,2.7153375757548e-05,1.35203428295128e-05,1.37994487000401e-16,-2.15001158174892e-16,-9.27084090640728e-17,-2.86299093405445e-16,3.20016036778857e-16,1.35783244384163e-16,-3.25181655807176e-16,-1.60513748884922e-06,1.32752786776882e-16,8.07784390740153e-07,-6.59692239054201e-16,-1.48622159475721e-15,-7.55612133818999e-16,-5.46147948407112e-17,9.41530903866615e-16,-5.78991636554404e-16,-9.90797073499348e-16,-9.56736320242803e-16,5.54576348145162e-15,1.03522234286526e-14
"t63",0.0107045435970884,0.0315205151749667,0.0291544918145159,0.132018046158142,0.109208311682421,0.00777812622097696,0.138040091520882,0.13539735484825,0.00385101195561338,-0.0301904560942672,-0.360466503503096,0.528680287383791,0.0496882636609669,0.00181647360228532,-0.00987572543056708,0.031789955898599,0.00654943456629616,0.000753542459373955,-0.0135619094551565,-0.000237795305573262,0.0024242306088903,-0.0400863296358497,0.000142078811114486,-0.00791273186969365,-0.00475756382912623,0.00475342156154935,-0.00309299838597859,-0.072810528695319,-0.000776395161615795,-0.000268168587436474,0.00029428851255863,0.00019474363612795,-0.000396763908662319,0.000148786029529994,-1.60110887696656e-07,-7.11971668673782e-05,-0.00160246416629776,0.000214733312657789,-0.000518963940700968,-0.000522125119824926,-1.67021994418115e-05,-0.0017867457150009,1.8569235253633e-05,6.18531727556311e-05,-1.96872475724701e-05,0.000427862930591299,4.40603588930755e-17,-1.14406114075158e-17,3.64790313726345e-16,-8.23432590474417e-05,-8.39578193594028e-16,-0.00513347794458958,-2.30327425122327e-05,5.53426975637605e-05,0.000109726522356212,2.34130458736338e-16,2.64662839490673e-16,-0.000244778357312465,-0.000183019534103362,-1.681861956077e-05,0.000132279061077364,2.41082602948293e-16,5.75280323904045e-16,0.000130372746381941,1.86043865714377e-05,2.47985901350352e-16,-6.29344807066449e-06,-3.91682651785814e-06,-7.50093721619786e-08,-1.97444998770507e-17,-2.17572774491769e-16,2.35789802298299e-16,-1.01488664880136e-15,6.06276105989327e-15,2.87617152316955e-15,-2.39291472953713e-05,-4.96929693787194e-15,1.98194601070682e-05,1.06868106216793e-05,-0.707106781186547,-1.53889868888497e-14,-3.63100686398802e-14,-6.4942523864157e-15,9.2345208097056e-16,-3.22732127772289e-15,-1.52710389663672e-15,-1.28485882393617e-06,-5.56113516734975e-15,6.47371831158048e-07,-3.46341685201377e-15,-4.24794941903475e-15,-4.89543400760982e-16,1.29165069901239e-15,1.88457037381338e-15,-2.86684524800933e-16,-1.27004515532091e-15,-3.69068240042861e-15,4.18378315607737e-15,1.09342239264617e-14
"t64",0.0107045435970884,0.0315205151749666,0.0291544918145159,0.132018046158142,0.109208311682421,0.00777812622097684,0.138040091520882,0.13539735484825,0.00385101195561289,-0.0301904560942671,-0.360466503503096,0.528680287383791,0.0496882636609668,0.00181647360228522,-0.00987572543056708,0.0317899558985991,0.00654943456629605,0.000753542459373843,-0.0135619094551567,-0.000237795305573037,0.00242423060889023,-0.0400863296358493,0.000142078811114841,-0.00791273186969374,-0.0047575638291262,0.00475342156154934,-0.00309299838597862,-0.0728105286953192,-0.000776395161615566,-0.000268168587435879,0.000294288512559096,0.000194743636127706,-0.000396763908662287,0.000148786029529905,-1.60110887400386e-07,-7.11971668674518e-05,-0.00160246416629821,0.000214733312658264,-0.000518963940701063,-0.000522125119828583,-1.67021994413198e-05,-0.00178674571500116,1.85692352526147e-05,6.18531727560624e-05,-1.9687247572392e-05,0.000427862930591287,-3.76970304851968e-17,1.14004676203884e-16,-2.0117746219495e-16,-8.23432590464334e-05,-2.07887129326573e-17,-0.00513347794458882,-2.30327425119846e-05,5.53426975651419e-05,0.000109726522355316,-2.62833642012169e-16,-1.09319105445903e-17,-0.000244778357312672,-0.000183019534102886,-1.6818619561604e-05,0.000132279061075545,-2.58517758133051e-16,-8.89529354686168e-16,0.000130372746384722,1.8604386573151e-05,-5.57886848809827e-16,-6.29344807204217e-06,-3.91682651819335e-06,-7.50093715371832e-08,-1.08986702295657e-16,2.30668109323775e-16,6.02124461111915e-18,7.8978424050909e-16,-5.36559719984185e-15,-8.79504802320241e-16,-2.39291473195534e-05,4.69340964424803e-15,1.98194601302269e-05,1.06868106839884e-05,0.707106781186548,1.52336425540304e-14,3.59865601299471e-14,6.21086235163844e-15,-5.63215865261868e-16,3.75523115411222e-15,1.05130162678457e-15,-1.28485882046973e-06,5.8624151616834e-15,6.47371831067053e-07,2.11089641841417e-15,1.25314379642855e-17,-9.34307642753736e-16,-9.03337831271322e-16,6.09919067330203e-17,-2.94817784824906e-16,-5.63003339312877e-16,2.55948382861484e-15,7.17134372746773e-15,9.97722203245534e-15
"t5",0.0109206032457968,0.0329590489701492,0.0310989585666431,0.142956581729194,0.122220746820982,0.00891901500493827,0.158456136860974,0.160440977865033,0.0066332755703221,0.0123892078759229,0.0151098988865333,-0.0103514590490988,-0.000786325665847873,8.12057094831209e-06,-3.54433590898394e-05,-0.000267986831444465,-9.27947327968534e-05,-0.000337123220190078,0.00727950176523224,0.000169927976877981,-0.00298390303748397,0.242218687417084,0.00379678453460469,0.0156185757890566,0.0108220368154741,-0.0293186494434169,0.021543457845029,0.915442832741731,0.0154871303960085,-0.0224764318021939,0.0119550212758243,0.00561632910827548,-0.00864259826001785,0.000657841662887539,-6.27804464204141e-07,-0.000249527741771671,-0.00497070448556199,0.000657309663505326,-0.00130453470899798,-0.00121057216648547,-3.80655396754352e-05,-0.00403139490876279,3.98603403453011e-05,0.000131365388466074,-4.17051555624329e-05,0.000877331565673778,6.79708328750555e-17,-1.61407217524123e-16,2.68612974992047e-17,-0.000157757349629987,-5.32472397720654e-15,-0.0385076815188177,-3.53307827185189e-05,8.97178253073983e-05,0.000177624222901406,-1.64639606898579e-16,1.6320055568409e-16,-0.000378078471192621,-0.000278890292918623,-2.55780178232198e-05,0.000200882500091416,3.32541032328564e-16,-2.70148961026325e-16,0.000194432192533848,2.77171452175443e-05,1.98548136933948e-16,-9.14359785164476e-06,-5.68041390021328e-06,-1.08576504240295e-07,1.67552055920986e-16,2.22810391393294e-16,1.77146815858047e-16,-2.57898081465784e-16,-3.45273619796002e-16,3.15719672627779e-16,-3.31184521121867e-05,-3.30917225964199e-16,2.71442794658536e-05,1.46285624886878e-05,1.86914222083489e-16,-2.54424653205967e-16,1.64469382369225e-16,-4.22433053540404e-16,2.7655172138479e-16,4.20047658642116e-16,-5.24435715241773e-17,-1.7103921713054e-06,7.61558353724266e-16,8.59593645396944e-07,-6.72374277517981e-16,-1.85534302953126e-15,-5.60996634148144e-16,6.24034044813224e-16,1.05928936062726e-15,-8.48862787262448e-16,-8.96143467772482e-16,-7.71937428987319e-16,5.82918384265548e-15,1.032967940668e-14
"t26",0.011565438176417,0.0366723555623705,0.035711238122953,0.167578151901889,0.148914019497056,0.0111338693987262,0.198002848455194,0.206117120531985,0.0102340037733374,0.0366650820085305,0.119732314751267,-0.131844461878091,-0.0115880864216965,-7.24012463408528e-05,0.00027815904637572,0.00118187909245593,0.000359128239580501,0.000266792622000735,-0.00522670220676947,-0.000105946735958537,0.00155455258150415,-0.275796895040038,-0.00676969140542574,0.00831966738802878,0.00385590304777136,0.000243151739366672,-0.000313833398536332,-0.0249836680139579,-0.000457063354493503,0.000649454138002511,-0.000335521782529416,-0.000153145581662298,0.000226801183583193,1.14873919803827e-06,-4.20937524879587e-09,-2.84287374445308e-06,-7.82395627801255e-05,1.05808015480392e-05,-1.74057398498234e-05,-1.06991896086369e-06,1.45611441092065e-07,2.85602186260631e-05,-1.24148806162106e-06,-5.08663660182094e-06,1.69831618296126e-06,-6.50590595142177e-05,4.12821094554807e-16,8.09592955022896e-16,-4.59032371657599e-15,0.000321345315542058,1.16802672687291e-13,0.86314661115261,-0.000136733271310987,9.54922623148195e-05,0.000178200400351299,1.80376915935612e-15,7.98977213299022e-16,-0.000222590400982249,-0.000154736193286226,-1.40868852956315e-05,0.000110060461798046,9.35536841510645e-16,5.90257401793956e-16,0.000100889961527385,1.43455262126952e-05,-1.01549800981954e-15,-4.50774995188164e-06,-2.79307420920182e-06,-5.32455352403524e-08,-5.56833587838846e-16,1.6493422837359e-15,3.46798210086063e-16,1.67666895119506e-15,1.68971257145086e-15,-8.70831184940357e-16,-1.56588496620192e-05,-4.63249693357519e-16,1.27990567922141e-05,6.89701641195785e-06,-3.95120831779988e-16,1.26370354398137e-15,4.03524984094617e-16,-1.04324589432413e-15,6.37181432575052e-16,2.87742274900631e-16,-1.1815758077435e-16,-8.07138870926749e-07,-5.60919584307728e-16,4.05883617724401e-07,-1.76499474898531e-15,-6.26080204942048e-17,-7.70270887596601e-16,-1.14826261520511e-15,1.24272189393861e-15,-1.32692060979206e-15,-8.29923567016372e-16,-4.57902000878771e-16,6.31723588755028e-15,1.005532215039e-14
"t67",0.0116883305675176,0.0373720378655697,0.0365744169145475,0.172166390621478,0.153850425478488,0.0115415924503411,0.205281488654244,0.214481761527743,0.0108748189019384,0.0407329305355905,0.136647622484544,-0.151339930957825,-0.0133185258629866,-8.49608716209603e-05,0.000326968913299104,0.0014044916169865,0.000428226722928455,0.0003507450546875,-0.00695558353413636,-0.000143972241898603,0.00220711640311755,-0.418776846351272,-0.0103334154498741,0.0129828413625083,0.00604626173536233,0.00040437572879975,-0.000525650668328225,-0.0430629571718686,-0.000800223940063583,0.00118280054627294,-0.000616800830637793,-0.000283731139790596,0.000424031324382082,2.74938501120599e-06,-1.084070121475e-08,-8.08106466445119e-06,-0.000263479045156726,3.65273560018862e-05,-0.000136665431916367,-0.000163005764773704,-5.41697894610927e-06,-0.000592915481223283,6.97133246494347e-06,2.39157482835449e-05,-7.66807453467593e-06,0.000184726336051121,-2.66670309641953e-17,-3.60194663513536e-16,2.18084589974665e-15,-0.00016637358070061,-4.95902504893964e-14,-0.352719209431459,4.51683925151187e-05,-1.29596062316511e-05,-2.09759401721987e-05,-7.60812876790393e-16,-6.19987371096146e-16,-3.23162227392777e-05,-3.04315835386136e-05,-2.87075152011604e-06,2.29930065059822e-05,-2.18863395583107e-15,3.07068196711547e-16,2.71893656709395e-05,3.91273358961667e-06,6.93789990750205e-16,-1.56177149326794e-06,-9.81460122404534e-07,-1.89840120791628e-08,9.10156509765873e-16,9.56340238966885e-16,5.69948652978145e-16,4.36734268083224e-15,4.43227509358986e-15,-3.13811476804204e-15,-7.29030857923574e-06,6.99266664617021e-15,6.24764725856788e-06,3.37444199720453e-06,3.72490721052367e-14,8.55504614372073e-14,-0.707106781186548,-2.54737505402321e-14,1.66222027614852e-15,4.71235350553092e-16,-6.62136389106474e-16,-4.39674585627784e-07,-4.35273289988106e-16,2.23027700416149e-07,2.76993201771974e-15,-1.36789661009926e-14,-1.82941557595803e-15,-1.55095769020272e-15,1.25089317910171e-15,-1.17529300471291e-15,-3.2974626474841e-15,3.57976345405385e-16,5.78312881122621e-15,9.11036975048657e-15
"t68",0.0116883305675176,0.0373720378655697,0.0365744169145476,0.172166390621478,0.153850425478488,0.0115415924503412,0.205281488654244,0.214481761527743,0.0108748189019384,0.0407329305355905,0.136647622484544,-0.151339930957825,-0.0133185258629866,-8.49608716207793e-05,0.000326968913298631,0.00140449161698626,0.000428226722928625,0.000350745054687283,-0.00695558353413642,-0.000143972241897981,0.00220711640311784,-0.418776846351273,-0.010333415449874,0.0129828413625084,0.00604626173536264,0.000404375728800287,-0.000525650668328674,-0.0430629571718683,-0.000800223940064358,0.00118280054627305,-0.000616800830637996,-0.000283731139791497,0.000424031324382263,2.74938501071966e-06,-1.08407018615885e-08,-8.08106466459256e-06,-0.00026347904515703,3.65273560027288e-05,-0.00013666543191537,-0.000163005764773664,-5.4169789469762e-06,-0.000592915481223755,6.97133246369946e-06,2.39157482839977e-05,-7.66807453386991e-06,0.000184726336050645,-8.38610827740261e-17,-2.27722606759407e-16,1.99003169723048e-15,-0.000166373580700196,-4.62595814155208e-14,-0.352719209431459,4.51683925150588e-05,-1.29596062319914e-05,-2.09759401711047e-05,-8.16825044973344e-16,3.04223911283358e-16,-3.23162227386718e-05,-3.04315835341822e-05,-2.87075152184663e-06,2.29930065058275e-05,1.89143565966637e-15,-8.82446086090024e-16,2.71893656736832e-05,3.91273358676026e-06,1.15742821802617e-16,-1.56177149240959e-06,-9.81460123764087e-07,-1.89840127138556e-08,-5.55013295878142e-16,-2.20842062222806e-15,-5.63296376907929e-16,-5.62586517796566e-15,-4.35236458875672e-15,6.26408647175225e-15,-7.29030857394966e-06,-7.00100940275355e-15,6.247647215499e-06,3.37444199618832e-06,-3.65044311993886e-14,-8.66723955517075e-14,0.707106781186547,2.56381419559486e-14,-1.37623716387557e-15,-7.03842623923661e-16,-1.79767498491481e-16,-4.39674593691553e-07,1.34455066021719e-15,2.23027706617942e-07,-3.22399341518786e-15,6.92954879361185e-15,2.80783199018882e-16,2.73128568341105e-15,5.13609731812533e-16,1.04966614582894e-15,1.34789660865973e-15,-2.15054551078688e-15,5.1697150201178e-15,1.20162543203118e-14
"t53",0.0115410314717531,0.0365205250218305,0.0355141574136584,0.166497400380129,0.147686161512593,0.0110291714356284,0.19613140704064,0.203891372011896,0.010028869443196,0.0348181129072405,0.110411158170713,-0.120660384378999,-0.0105865509404375,-6.40176947024744e-05,0.000245199587511908,0.00102008406146641,0.000307745866138837,0.000145797376390611,-0.00250752429922384,-3.60799425498852e-05,-0.000161514001129163,0.50417541803559,0.0141841826994857,-0.0314422206970226,-0.0167482457945431,0.0125734042146443,-0.00848144605973266,-0.26675193721092,-0.00390346118871613,0.00404548717349923,-0.00199295047181972,-0.000878714946228306,0.00125568501526619,4.93508714836515e-06,-1.83442010780693e-08,-1.28871341544556e-05,-0.000391496940050206,5.38324509315432e-05,-0.000174778847695789,-0.000192679439391976,-6.27752072341661e-06,-0.000678713162654879,7.43180135887997e-06,2.50358009169135e-05,-7.99047000540656e-06,0.000179997702779039,-1.05855186336015e-15,2.46569695771034e-16,1.82674098434665e-17,-5.46565311242785e-05,-5.39307147237903e-15,-0.0480401194522581,-3.48978913352714e-06,2.13056886693648e-05,4.2953710630967e-05,-2.27905524926779e-16,-6.12513751512971e-16,-0.0001099397721403,-8.37176568263682e-05,-7.71225122083091e-06,6.07644617728896e-05,-1.48585835930446e-15,-6.5877951998987e-16,6.11369493259068e-05,8.7339437964629e-06,-9.58363369283679e-16,-3.0295978580532e-06,-1.88873138102763e-06,-3.62348204064618e-08,-4.09938247910117e-15,2.97371411537561e-15,-5.36566777153794e-16,0.707106781186547,-1.11740670921305e-13,-5.49386924841855e-14,-1.20278506483042e-05,2.38978681586121e-15,1.00509673432503e-05,5.42200929964959e-06,-6.79469157935945e-16,-1.54328013131928e-15,5.29925863358159e-15,5.10646085656269e-15,-5.51639645104677e-16,1.69793276823835e-15,-1.49281029409496e-15,-6.67245005896415e-07,-6.09803885532698e-16,3.36898876341025e-07,6.48036439536371e-16,-3.44498545901442e-15,-1.6421273443304e-15,-6.0268074536287e-16,1.27306476390434e-15,-3.69727774297346e-16,-1.5278112574652e-15,-1.22419379720312e-15,5.87031791615842e-15,1.04184969344949e-14
"t54",0.0115410314717531,0.0365205250218305,0.0355141574136584,0.166497400380129,0.147686161512593,0.0110291714356284,0.19613140704064,0.203891372011896,0.010028869443196,0.0348181129072405,0.110411158170713,-0.120660384378999,-0.0105865509404373,-6.40176947024119e-05,0.000245199587511739,0.00102008406146611,0.000307745866139018,0.000145797376390366,-0.00250752429922393,-3.60799425496677e-05,-0.000161514001129357,0.50417541803559,0.0141841826994859,-0.0314422206970217,-0.0167482457945421,0.0125734042146442,-0.00848144605973214,-0.266751937210921,-0.00390346118871601,0.00404548717349931,-0.00199295047181989,-0.000878714946228543,0.00125568501526657,4.9350871479196e-06,-1.83442012825394e-08,-1.28871341547229e-05,-0.000391496940051436,5.38324509323107e-05,-0.000174778847694767,-0.000192679439391688,-6.27752072294623e-06,-0.000678713162654274,7.43180135718731e-06,2.50358009170683e-05,-7.99047000555729e-06,0.000179997702778593,1.13151655511641e-15,-3.97246561505198e-16,1.53159025453034e-16,-5.46565311237344e-05,-7.16942831177961e-15,-0.0480401194522551,-3.48978913362653e-06,2.13056886691225e-05,4.29537106312523e-05,1.23723442993838e-16,4.18437429606917e-16,-0.000109939772145721,-8.37176568312788e-05,-7.71225121898034e-06,6.07644617692336e-05,7.90098841177134e-16,6.40962326181797e-16,6.11369493243134e-05,8.73394379804237e-06,1.20134183884293e-15,-3.02959786396996e-06,-1.88873138359157e-06,-3.623482519145e-08,4.01095050245552e-15,-3.14849369248094e-15,4.95922134443734e-16,-0.707106781186547,1.11622323845469e-13,5.75373082511987e-14,-1.2027850657213e-05,-2.37582019432911e-15,1.00509673386467e-05,5.42200929905437e-06,5.83409532565325e-16,1.07056902912091e-15,-4.2000871208746e-15,-4.78840185040904e-15,9.78966040825764e-16,-8.54192955300508e-16,9.42250466959297e-16,-6.67245006500702e-07,1.22224060185878e-15,3.3689887674841e-07,-2.06276423433297e-15,4.13039551557998e-16,9.10388207539765e-17,8.41801128369078e-16,6.33368201510641e-16,-1.5666666720328e-16,-1.59037804870976e-16,-6.25327739532363e-16,5.2310245516555e-15,1.03085492108823e-14
"t8",0.0299855522821624,0.05822934424286,0.0132091361984552,0.0963105862823941,-0.221255504499383,0.00185280325837157,0.0277149571212477,0.00420395405329186,0.00376699947611834,-0.00154688355814981,-0.00559419769773131,-0.00224834940834543,0.00151041599461567,-0.000239641821311421,0.00181246488981335,-0.00384857245781833,-0.00594400540567163,-0.000673637391612007,0.0273661031844674,0.00022471441657897,-0.0107520160481953,0.0334976947038151,-0.0210253786482477,0.603022594022552,0.496312613602162,0.0461041841961068,-0.0093506240867202,-0.02968746864021,0.00165284122628922,-0.0179431727293071,0.0186513903305704,0.00475808256651696,-0.00802935870347649,0.00173496956328641,-1.03386473649013e-06,-0.00045972310830475,-0.0212617057805376,0.556342622652859,-0.00284126113843964,-0.00166048366068883,-0.00489389880615313,-0.00259144628853197,2.63350371217882e-05,0.000315522979189469,-6.05279581604027e-05,0.0010555703952783,4.34439843662187e-16,-2.28274192213854e-16,3.26924889973004e-17,-0.00017717347351258,-1.00466848996355e-15,-0.000606120284643661,-6.16700572948333e-05,0.000140214227540206,0.000448342240973463,-1.96069424965746e-16,2.29308946278457e-16,-0.000483605397068792,-0.000441025279885466,-6.84510192893102e-05,0.0120847980874023,1.47762057922394e-16,-1.13265287063707e-16,0.000292097226023775,4.16494915398953e-05,3.09162552256021e-17,-1.3736437035102e-05,-0.000309129674514108,-1.63028097760097e-07,-2.02640349848271e-16,2.65287834521772e-16,5.865910606023e-17,1.07445284215683e-15,4.63214357497885e-16,9.29811783123569e-16,-2.40625775409697e-05,-2.04919884059259e-16,1.97245480197325e-05,2.17561110209796e-05,1.1982232753147e-16,-1.57375931947815e-16,-3.08129402867695e-16,2.93689209617991e-16,1.62238625812784e-16,2.74834012545711e-16,-2.62239015901214e-16,-2.52744459465152e-06,9.08373158433391e-16,1.26941676188421e-06,-8.60102683670709e-16,-1.24321993031969e-15,-7.37027067635091e-16,5.10853077763926e-16,9.07464245713767e-16,-3.68276069953871e-16,-1.17967363975022e-15,-1.02440926466126e-15,5.59985207828222e-15,1.03882280391375e-14
"t39",0.0331968513936234,0.0705421024682144,0.0169733271490266,0.128700354058879,-0.318670976959836,0.00280029315139102,0.0419717448892758,0.00673479063758317,0.00911662600827156,0.0235002857659034,0.0148288026208565,0.00504124043701921,-0.00327433738616729,0.000334444992770037,-0.00245617163666193,0.00439184739933556,0.00646011995091169,0.000292458498857893,-0.01097213729973,-7.93457042844569e-05,0.00300034032568771,-0.00689023418174963,0.00423166543634576,-0.111052055345023,-0.0896894471781051,-0.00670239383653876,0.00132582848469559,0.00381571642212571,-0.000201653348895459,0.00192641039640528,-0.0019438873546762,-0.000483878622670577,0.000793590130974863,-7.80111978717793e-05,3.43269748168556e-08,7.66017188018986e-06,-0.000949228079686203,0.0411986589912721,4.52404466190747e-05,-5.19223947426871e-05,-0.234950776364676,0.00017568674998082,-1.56970554676165e-07,-8.97848619635835e-07,1.31679229692488e-07,4.90426057410653e-06,-1.14103535957168e-16,-3.05308031547469e-16,-9.67893781441371e-16,-1.3596749638289e-06,1.79063435548963e-15,-2.0855510241424e-06,8.71324787461443e-08,-4.00103643147858e-06,-1.48793998625203e-05,-7.06210935953141e-16,1.30415985837861e-15,0.000228303419557262,0.00122957921038102,0.000441764524823456,-0.886107609773015,1.82097846486776e-14,1.22770244992079e-14,0.000214217916484014,2.9249408170069e-05,-3.3875128616646e-15,-5.51063257761001e-06,-0.00392693750959261,-6.24683820229602e-08,1.5618843454039e-15,-2.36675574665021e-15,-2.5435965365005e-16,2.29229817749552e-15,1.07006482778786e-14,1.32532873564628e-15,-7.21931614395982e-06,3.27322126579446e-16,5.80163166189866e-06,6.39408758066337e-06,-1.05430290369956e-15,8.44377044876975e-17,-5.21896138540153e-17,-4.42556949376506e-15,-6.63353736333311e-18,1.40691006001111e-16,1.61365093266635e-17,-7.28624355306126e-07,2.04841904063955e-15,3.65952570831545e-07,-7.72569160947608e-16,4.72235143557033e-18,-6.75494449787521e-16,1.30191944958403e-15,1.00946056735345e-15,-5.10398561410344e-16,-8.39886463979078e-16,-3.53701536774152e-16,5.60241933834394e-15,1.06764094519414e-14
"t74",0.0334451848277645,0.07148376669238,0.0172593075493576,0.131150934363531,-0.325986797263032,0.00287113330747839,0.0430374788233114,0.0069230580381525,0.00950371578318951,0.0252097737230007,0.0161744516409818,0.00551794706029777,-0.00358671967885707,0.000370923427737369,-0.00272680643644156,0.00490693712013399,0.00723204726895552,0.000345414018364245,-0.0130405380980705,-9.5308464079603e-05,0.00368203024729505,-0.00872154357752134,0.00536885616198141,-0.142260562909588,-0.115133578601383,-0.00881707039192364,0.00174913669624507,0.00509123119892603,-0.000270687107601229,0.00262436029081315,-0.00265722191705159,-0.000663307745195918,0.00109141795913002,-0.0001159656916081,5.20345203768292e-08,1.18950746423715e-05,-0.00152830739683962,0.0666510279845187,8.14436178692521e-05,-0.000101219906835564,-0.468258700271345,0.00035511153346599,-3.45889186953095e-07,-2.02473438625767e-06,2.98702216535686e-07,1.21499275664657e-05,-1.63701134425681e-15,-4.10238550292166e-16,-1.0838989171185e-16,-1.31472623588256e-05,2.07628409991658e-17,-5.01060696731e-05,-5.54907990728816e-06,1.63081464984991e-05,5.36908159032902e-05,-1.3577452264899e-16,-2.68830344309484e-16,-0.000149192523559643,-0.000501127939266276,-0.000166608835523989,0.315223942456055,-6.50811998441844e-15,-4.53656291254129e-15,-2.77398818089226e-05,-3.46859428854266e-06,1.0070112871204e-15,-5.57560631042656e-07,-0.000448539279644665,-7.97409832264574e-09,-1.19883955696351e-15,5.54895236606239e-16,-3.76557799487585e-16,-2.41622885363541e-15,-4.0960668679767e-15,1.63410951437015e-15,-2.6879448615766e-06,2.96886072771314e-15,2.40772495250013e-06,2.66685462738347e-06,-2.84810251694436e-15,4.33604922980809e-16,5.02047236651215e-16,-1.07359049187607e-14,1.7003430098426e-14,0.707106781186547,3.26486686974142e-14,-3.7349637668403e-07,7.04486812278937e-15,1.90384718643155e-07,-1.99603631696029e-15,1.3502697377599e-14,2.58441025222582e-15,-3.43148685324485e-16,7.20728179556083e-15,-1.78942458194226e-17,-2.59945593519043e-16,-4.14528243352381e-15,8.26868156274235e-15,9.05640207708494e-15
"t75",0.0334451848277645,0.07148376669238,0.0172593075493576,0.131150934363531,-0.325986797263032,0.0028711333074784,0.0430374788233113,0.0069230580381525,0.00950371578318952,0.0252097737230007,0.0161744516409818,0.00551794706029796,-0.00358671967885699,0.00037092342773727,-0.00272680643644116,0.00490693712013424,0.00723204726895603,0.000345414018364111,-0.0130405380980706,-9.53084640795835e-05,0.00368203024729494,-0.00872154357752089,0.00536885616198146,-0.142260562909588,-0.115133578601382,-0.00881707039192412,0.0017491366962452,0.00509123119892604,-0.000270687107601233,0.00262436029081335,-0.00265722191705113,-0.000663307745196739,0.00109141795913018,-0.000115965691608393,5.20345202310612e-08,1.18950746422345e-05,-0.00152830739684027,0.0666510279845185,8.14436178700043e-05,-0.000101219906835115,-0.468258700271344,0.000355111533466011,-3.45889187237728e-07,-2.02473438654101e-06,2.98702216572725e-07,1.21499275662834e-05,-1.72268136623269e-15,-4.5636169940921e-16,5.02565286177768e-16,-1.31472623583198e-05,2.17181995121008e-15,-5.01060696728901e-05,-5.54907990703953e-06,1.63081465004502e-05,5.36908159030612e-05,1.54669694200317e-16,4.57606690406921e-16,-0.000149192523559472,-0.000501127939264697,-0.000166608835525696,0.315223942456054,-5.41177474760108e-15,-4.70014860173906e-15,-2.77398818082451e-05,-3.46859429085725e-06,8.91992559658928e-16,-5.57560631328993e-07,-0.000448539279646486,-7.97409979037899e-09,-2.92134765052111e-16,5.25122866998582e-16,4.64389559296748e-16,1.8585636077078e-16,-9.59686823410706e-16,-2.1614654510671e-15,-2.68794485629561e-06,-4.42402355557118e-15,2.40772494849279e-06,2.66685463028257e-06,4.23650815893323e-15,-8.01361732119508e-16,-1.03838721003216e-15,1.24261229324817e-14,-1.61181289242923e-14,-0.707106781186548,-3.3694642025588e-14,-3.73496383401081e-07,-7.92567731132135e-15,1.90384699295394e-07,1.01119858387226e-15,-1.78055919168305e-14,-3.92052182481558e-15,-6.8361695952142e-17,-4.74587692973429e-15,-9.43070231542429e-16,-1.7265509518709e-15,2.01244458319847e-15,3.14608637929861e-15,1.13677033924561e-14
"t46",0.0332694027087039,0.0708129140085385,0.0170547876741445,0.129394166770581,-0.320719598227128,0.00281999858749705,0.042268117577449,0.00678676170476824,0.00921894564920901,0.0239088417873346,0.0151293449044777,0.00514610064945634,-0.00334281797301432,0.000341993767778856,-0.00251190203954926,0.00449456945096895,0.0066124892054603,0.000299734497262756,-0.0112404215178286,-8.12034969794105e-05,0.00306035765766477,-0.00696982400340722,0.00427705859176575,-0.111830269097989,-0.0902400728921129,-0.00666211880478077,0.00131565465266306,0.00375924386772161,-0.000197828535033897,0.00186793121433383,-0.00187927520244868,-0.000466609674917934,0.000762946893412376,-6.69703380028163e-05,2.81448248575031e-08,5.8436139083283e-06,-0.000619865469721154,0.0261958159689207,-2.07009174410729e-07,6.09252101985177e-05,0.41122540869131,-0.000390721472217046,1.77416208302718e-06,2.11769217641947e-05,-4.06686830123186e-06,7.476200180355e-05,1.02510291135127e-15,6.37994680954746e-16,-5.80713569222204e-17,-1.88106739646685e-05,-3.19602154796207e-15,-6.74442081739404e-05,-7.12593904592529e-06,1.81766512693229e-05,5.88727992567586e-05,1.03655337390883e-15,-6.71794497382792e-16,-9.27387670961828e-05,-0.000169792889273995,-4.66052545962124e-05,0.073227334844482,-2.93913102039719e-15,-3.89297357076391e-16,3.33832637067656e-05,4.89299344930043e-06,1.45085572693974e-15,-3.06527951357281e-06,-0.406293365014481,-1.35176792667564e-08,-0.707106781186525,1.50583947098632e-14,2.95312465643626e-16,-3.63504783905834e-15,-6.71431022816433e-15,-2.67494359995624e-15,-4.36665223244187e-06,1.81289181237244e-15,3.72194514182573e-06,4.11320873981484e-06,2.59436698259799e-16,8.06621782439327e-16,-9.46970180353721e-16,8.76924102097013e-16,1.63795192423484e-16,6.45180370073617e-16,9.15374602384201e-16,-5.25161635320303e-07,3.65530963133831e-16,2.65934739778716e-07,-1.02522819239954e-15,-3.43876713982363e-15,-9.70267217180715e-16,-6.91054193805092e-16,1.67384128790278e-15,-1.04579793811008e-15,-6.80646878294769e-16,1.70570370304601e-16,5.6126816469645e-15,1.01474886447993e-14
"t47",0.0332694027087039,0.0708129140085385,0.0170547876741445,0.129394166770581,-0.320719598227128,0.00281999858749707,0.042268117577449,0.00678676170476815,0.00921894564920904,0.0239088417873345,0.0151293449044776,0.00514610064945631,-0.00334281797301452,0.000341993767779383,-0.00251190203954923,0.00449456945096889,0.00661248920546026,0.000299734497262829,-0.0112404215178286,-8.12034969797574e-05,0.00306035765766479,-0.00696982400340748,0.004277058591766,-0.111830269097989,-0.0902400728921129,-0.00666211880478058,0.00131565465266303,0.00375924386772135,-0.000197828535033779,0.00186793121433372,-0.00187927520244843,-0.000466609674918279,0.000762946893412065,-6.69703380030349e-05,2.81448241966809e-08,5.84361390791133e-06,-0.000619865469720762,0.0261958159689209,-2.07009174323531e-07,6.09252101978223e-05,0.411225408691309,-0.000390721472216509,1.77416208282454e-06,2.11769217638151e-05,-4.06686830180079e-06,7.47620018029617e-05,9.70024064570724e-16,4.0306544281839e-16,1.13127137195702e-18,-1.88106739662665e-05,3.77508812550134e-16,-6.74442081731651e-05,-7.12593904689353e-06,1.8176651270858e-05,5.88727992555756e-05,2.01284042525233e-16,3.47535040690737e-16,-9.27387670951921e-05,-0.000169792889273358,-4.66052545970982e-05,0.0732273348444843,-1.606863390847e-15,-1.60153730441227e-15,3.33832637068996e-05,4.89299345054157e-06,-1.1416294898264e-16,-3.06527949876964e-06,-0.406293365014403,-1.3517712131445e-08,0.70710678118657,-1.31040051145503e-14,4.47064058015133e-15,4.53203028583629e-15,-1.29315591660652e-14,9.39526234589039e-15,-4.36665222626973e-06,-5.99642734592341e-16,3.72194513992087e-06,4.11320873638665e-06,-1.29141360359622e-16,-4.57421442885835e-16,5.72647584601483e-16,1.20999100948457e-15,-1.81664997836388e-16,1.54550185459808e-15,-9.65979407245595e-16,-5.25161632790082e-07,1.77329639274135e-16,2.65934741055042e-07,-1.20322400132955e-15,-2.06486614685e-15,-4.76292970385031e-16,7.55266162794908e-16,2.64995287918518e-16,3.25756747015271e-16,-9.39910289356567e-16,-1.22943556910175e-15,5.74619528546952e-15,1.06911909493898e-14
"t43",0.033263466736256,0.0707905162248685,0.0170480056148334,0.129336158608199,-0.320546997511914,0.00281833058436951,0.0422430258026315,0.00678233875320422,0.00920996369768857,0.0238702025711108,0.015099409202013,0.00513553171639396,-0.00333589743828778,0.000341195502195351,-0.00250598565737799,0.00448338153761018,0.00659575653490499,0.00029865188743555,-0.0111984478436619,-8.08836882128434e-05,0.00304706579924681,-0.00693560509458621,0.00425588148948102,-0.111257366526062,-0.0897744606229968,-0.00662490662340041,0.00130824149926896,0.00373734099562615,-0.000196655901983183,0.00185640162194656,-0.00186757038501803,-0.000463682002056283,0.000758119382511912,-6.64657196451488e-05,2.79246983980477e-08,5.79589698199225e-06,-0.000614494608066438,0.025967148469406,-2.04922741239058e-07,6.0256089063692e-05,0.406611727318475,-0.000386280086678393,1.7524753249046e-06,2.09134922460485e-05,-4.01605892056415e-06,7.37705263123761e-05,1.25814074009315e-15,2.76508685557805e-16,4.38231173863483e-16,-1.84493553620506e-05,-1.35447997361217e-15,-6.60697967411682e-05,-6.97309766657017e-06,1.77114851987003e-05,5.73334245153388e-05,-6.26703566895351e-16,-9.69859636112867e-16,-8.85468062384161e-05,-0.000160216389574298,-4.3876261065954e-05,0.0688163738733738,-1.81530049729565e-15,-8.36319173165004e-16,3.01914023155801e-05,4.40853766394435e-06,1.15037007865661e-16,-3.86340604876346e-08,0.818434611571542,-4.81104712816243e-08,-4.52689404563769e-14,-6.92834065916132e-16,-4.10068406057385e-15,-1.54531488570452e-15,1.52372791364176e-14,-9.8879238130678e-16,-4.59686347572425e-06,-9.09419405188802e-16,3.87832615505396e-06,4.28421313085698e-06,2.96781828191905e-16,-7.96519592124118e-16,1.08935984218308e-15,-1.70318111943238e-15,7.64208110104568e-16,-3.42589636046464e-16,-4.26402827177867e-16,-5.38970451111241e-07,-5.28540564707061e-16,2.72686217591952e-07,-1.39540948034816e-16,-2.82107535748363e-15,-9.46174032147436e-16,-1.99767280512188e-16,6.66258602540142e-16,-3.61842736420639e-16,-8.6700205915414e-16,-9.47980095853785e-16,5.6720379707655e-15,1.03857278871135e-14
"t9",0.0308751705355107,0.0616470722353148,0.0142552431754437,0.105318894735969,-0.248386267248275,0.00211690479255203,0.0316890013127543,0.00491006990852298,0.00526766537163702,0.00556667408116289,0.000253182484112009,-0.000157499980243072,0.000137473173510677,-7.38104451247855e-05,0.000578731044776672,-0.00145824832150855,-0.00234176307985304,-0.000382604748533392,0.0157577727613759,0.000131810473382582,-0.00646399624529478,0.0204587144023598,-0.0128473959999607,0.368867310543561,0.303606556165083,0.0280829433400613,-0.00568953482564682,-0.0179653585065007,0.000996481610385804,-0.0106903566781822,0.0110753795416873,0.00281714130517836,-0.00473686865783253,0.000824182399014279,-4.17873367376528e-07,-0.000111380908967065,0.0182394094189687,-0.822866893685087,-0.00309689867769398,-0.00159744058726086,-0.0519170100616433,-0.00236994307927902,2.34152101915734e-05,0.000278679096717748,-5.33772089758274e-05,0.000914277666434585,5.06493042898098e-16,2.60890332832241e-18,1.74732768068214e-16,-0.000146652654888533,1.08560122278325e-15,-0.000500296524380528,-5.08013569400406e-05,0.000114969110229839,0.000367480678565657,6.36432401112551e-17,3.5967409021566e-16,-0.000396917116811475,-0.000375358121056891,-6.16169323345417e-05,0.0217111579475545,-7.02594699974547e-16,-4.08533019987581e-16,0.000234601543729951,3.34676494961682e-05,-1.18468702302983e-17,-1.10896437116564e-05,-0.000519713798899288,-1.31635132172102e-07,-6.26135685507144e-17,1.58893568842755e-16,3.08458392047298e-16,-2.63864836091459e-16,3.90850702500793e-16,4.44089209850063e-16,-1.94760756453698e-05,-6.90473080507998e-18,1.5974544332754e-05,1.76204434847176e-05,3.02495649338981e-16,2.96560422013768e-17,3.78754020116037e-16,-5.78937725293711e-16,1.42257100935945e-16,3.31323603417982e-16,-1.91598862272966e-16,-2.05103451930289e-06,1.25982492572368e-16,1.03035328183103e-06,-7.81845417017176e-16,-2.35478931274403e-15,-7.13648898144717e-16,-1.55907582484154e-17,8.67238768347927e-16,-3.36045799863468e-16,-8.26278385565321e-16,-6.90820134840717e-16,5.83190528701863e-15,1.04960311177192e-14
"t29",0.0408908188306015,0.178009287573997,-0.069265029404796,-0.111099938250626,0.0233914715946973,0.000214750534925231,0.00340143617884467,0.00114266519717557,0.00253887850860923,0.000334734156607206,-0.00672121164262275,-0.00318553865196624,0.00222126848671261,-0.000795013734517197,0.00667204350603272,-0.048406040100649,-0.325881160770645,0.000246136123614557,-0.00808185775412622,-4.57040788054051e-05,0.000801315949302257,0.00233628384761754,-0.00179437082246342,0.262642343539147,-0.346552158017225,0.00647826574758695,-0.0014548741481399,-0.00684330634683417,0.000487894057801201,-0.021542542528706,0.249409914329102,-0.00735336141829644,0.00489548755807877,0.0235749132653371,-1.45875272303564e-07,-7.46016156791854e-05,-0.00166277361301125,0.00051683080254051,-0.278772428315574,0.000236702286386414,6.23859023090804e-06,0.000113567150455038,1.40287183544026e-06,0.00125701585367424,-3.89667946556426e-06,0.00010860509687966,9.29347433821569e-16,-4.47419868848661e-16,-1.56903283715679e-15,-3.36086013590284e-05,-5.22457878820365e-16,-0.000119340805942047,-1.24934046791159e-05,3.23649694575481e-05,0.00428959637056245,-5.86294327931321e-15,0.707106781186547,-0.000117056532740147,-0.000106441137454371,-0.000626197189136133,0.000123425056493994,-9.17344044401541e-16,-1.32021059975638e-15,7.66933045913613e-05,1.09513067322492e-05,-1.05848209327254e-15,-3.75777282911733e-06,-3.74219735604225e-06,-4.48732951287912e-08,-5.42970790941563e-16,-4.55168932705199e-16,4.04967395519948e-18,3.99811181884881e-16,-4.70023501567161e-16,-1.30104260698261e-15,-7.12157237235943e-06,4.13463804029706e-16,5.93651718156202e-06,6.55357242127601e-06,2.91530654180529e-16,1.65991167403695e-16,-2.54581184868795e-16,-4.52843100685952e-16,-1.37049480889405e-16,4.16650649660343e-16,-6.9068690350372e-16,-7.9594891631265e-07,9.05114910334484e-16,4.01384953105009e-07,-6.63410414072057e-16,-1.14883681135797e-15,-3.35963423874512e-16,-2.61088603021139e-16,1.92908470593289e-15,-6.24440182357475e-16,-7.88709228989877e-16,-9.2596931099352e-16,5.59601069363344e-15,1.02146222533575e-14
"t30",0.0408908188306015,0.178009287573997,-0.069265029404796,-0.111099938250625,0.0233914715946973,0.000214750534925239,0.00340143617884467,0.00114266519717557,0.00253887850860923,0.000334734156607224,-0.00672121164262278,-0.0031855386519661,0.00222126848671261,-0.000795013734517293,0.00667204350603283,-0.048406040100649,-0.325881160770645,0.000246136123614699,-0.0080818577541258,-4.57040788056323e-05,0.000801315949303321,0.0023362838476173,-0.00179437082246356,0.262642343539147,-0.346552158017224,0.00647826574758704,-0.0014548741481397,-0.00684330634683387,0.000487894057801347,-0.0215425425287052,0.249409914329101,-0.00735336141829657,0.00489548755807969,0.0235749132653363,-1.45875272923505e-07,-7.46016156796616e-05,-0.00166277361301199,0.000516830802540237,-0.278772428315573,0.000236702286386344,6.23859022948114e-06,0.000113567150454564,1.40287183549604e-06,0.00125701585367329,-3.89667946537579e-06,0.000108605096879883,-3.84951321094992e-16,-4.35588374451098e-16,1.90376076495465e-15,-3.36086013596619e-05,5.02330014612706e-16,-0.000119340805940954,-1.2493404676973e-05,3.23649694532385e-05,0.00428959637055377,5.76375850692456e-15,-0.707106781186548,-0.000117056532749918,-0.000106441137449067,-0.000626197189134256,0.000123425056492552,1.47657435244648e-15,9.91217586124004e-16,7.66933045906883e-05,1.09513067326027e-05,1.09680092509944e-15,-3.75777282880071e-06,-3.7421973569954e-06,-4.48732956196288e-08,4.59699378168521e-16,2.2707101128996e-16,4.25696231251325e-17,-9.86232875575663e-16,1.02444077298674e-15,2.30718222304915e-15,-7.12157237257453e-06,-6.85172435704853e-16,5.9365171807418e-06,6.55357242074385e-06,2.72021645234239e-17,-4.41875696719554e-16,7.30741749486042e-16,-5.03872542593305e-17,5.99618669619358e-16,-2.49483164300415e-16,8.54362148336714e-17,-7.95948917414553e-07,-2.43868314635527e-16,4.01384952797643e-07,-7.74675025381989e-16,-1.26679800772439e-15,-1.09372843148267e-15,5.10780856537818e-16,5.9587784569278e-16,-2.09126150865782e-16,-9.02411650429581e-16,-6.20371074466288e-16,5.69927513962614e-15,1.05824130087887e-14
"t10",0.0404671576427937,0.174700045260467,-0.0676344220260489,-0.108138069175573,0.0226368181198534,0.000207099103995411,0.00327978247490418,0.0010975629370761,0.00238453810738262,0.000298823544152504,-0.00580533190668034,-0.00273144975341023,0.00190154128950944,-0.000662342945467682,0.0055459569126232,-0.0396458297097166,-0.265656821860056,0.000172483692513794,-0.00554303596566034,-3.01610945684177e-05,0.000484157778280059,0.00120330009620046,-0.000911327955655385,0.125398524637264,-0.16313136210213,0.00250611874948367,-0.000547692934766426,-0.00228578432416539,0.000151493441867543,-0.00538513738721504,0.0587041113397063,-0.0016408918600694,0.00102203188352702,-0.00514236798080409,5.23289461021904e-08,4.16613031457406e-05,0.00154509001332619,-0.000509837772213861,0.906981017469982,-0.00232716094778972,-9.99868964589678e-05,-0.00283905584439423,2.16341466668748e-05,0.0146065816800246,-4.27696578021531e-05,0.000707529832426975,-3.59867192822409e-16,1.5875838992127e-15,-1.49883161949497e-16,-9.06131647652529e-05,1.04045795955588e-15,-0.000305268953967123,-3.07404460734904e-05,7.19951383919038e-05,0.00945027426092764,-1.19206066254181e-16,4.05429615090184e-16,-0.000222214423679413,-0.000195889400977736,-0.00114742753823453,0.000225453031812593,-1.65862984460065e-16,-4.16106724248911e-17,0.000134920536701102,1.92263456408831e-05,-5.77573241559965e-17,-6.29280730318836e-06,-6.24660243710303e-06,-7.46522083128745e-08,-1.5962489385121e-16,2.82412238272672e-16,-5.52536084660834e-17,6.97707538011338e-16,8.8187611000827e-17,1.4363510381088e-15,-1.10093830310849e-05,-1.43946447609571e-16,9.0344525044973e-06,9.96564404560548e-06,2.18885933502428e-16,-1.32192186716024e-16,-5.75211990644734e-16,2.69621925891062e-16,2.91996618040325e-16,7.11579777983583e-16,-2.02157870298382e-16,-1.16356732727118e-06,1.45447306570932e-16,5.84757614629736e-07,-5.93553256160951e-16,-3.185957518632e-15,-6.80516761104245e-16,9.80211022869608e-17,1.16153004997246e-15,-4.31442878723207e-16,-1.01059804331228e-15,-7.61374755153777e-16,5.64785756228611e-15,1.04360172984732e-14
"t59",0.0411943742915081,0.180431851929096,-0.070474473259814,-0.113315152597088,0.0239644675298975,0.00022061359900756,0.00349469041966617,0.00117759165698851,0.0026658055572,0.000368787263286895,-0.00767936639412972,-0.00367135207351778,0.00256505654833017,-0.000950496394324656,0.00800158293314023,-0.0592668563053931,-0.401734742807339,0.000418312762263857,-0.0147346672801006,-9.71549284707585e-05,0.00315601740347949,-0.00680847721833971,0.00432918661435545,-0.334920665537967,0.391891416071646,-0.00184943127894704,0.000342606143641297,0.000549779076460092,-8.6744903809088e-06,-0.00211082584196986,0.029713099573567,-0.000995173436543122,0.000748287396470384,0.00841871643068083,-5.47748401051875e-08,-2.89884917582846e-05,-0.000651312320767345,0.00020194092220904,-0.0726176759318856,-6.21085227736633e-05,-4.82386701277319e-06,-0.000172358921940485,2.61921383366471e-06,0.00195311855743014,-5.84870875990916e-06,0.000123822927983924,1.22803286308844e-16,-1.2605134675609e-16,-4.17989239276535e-16,-2.91588353515395e-05,2.84094814907862e-16,-0.00010275386640884,-1.07043075255832e-05,2.74609077530455e-05,0.00363707493685278,-1.84205395910731e-16,-3.34018964926472e-16,-9.87442424636714e-05,-8.98227163774751e-05,-0.000528480227531086,0.000104172567923796,-1.45660308621009e-16,-8.91505747663335e-16,6.48167597856212e-05,9.25630668452218e-06,-2.47734743394592e-16,-3.18550347556534e-06,-3.17309603093284e-06,-3.80593802623983e-08,1.20639984879268e-15,-5.84966329772104e-16,5.14706942480091e-16,-2.79354524897444e-15,-2.54791948323985e-15,2.35922392732846e-15,-6.08735108587353e-06,0.707106781186547,5.08537414015755e-06,5.61459732170174e-06,-5.93682987483338e-15,-1.33533540051062e-16,8.20731828016431e-15,5.46003330580327e-16,8.40289178743946e-16,-3.79261335908771e-15,1.19465685446885e-16,-6.86209400011306e-07,1.012688528754e-15,3.4625496940859e-07,-3.52084467826352e-16,-1.96619446468664e-16,-1.11252582160163e-15,2.18342532054029e-16,1.36238250949207e-15,8.30695340435243e-17,-1.61032145800917e-15,-1.43856787944769e-15,5.34737319400866e-15,1.05156840436308e-14
"t60",0.0411943742915081,0.180431851929096,-0.070474473259814,-0.113315152597088,0.0239644675298975,0.000220613599007577,0.00349469041966616,0.00117759165698852,0.00266580555720002,0.000368787263286875,-0.00767936639412967,-0.00367135207351784,0.00256505654833014,-0.000950496394324742,0.00800158293314055,-0.0592668563053932,-0.401734742807339,0.000418312762263883,-0.0147346672801013,-9.71549284705447e-05,0.00315601740347954,-0.00680847721833942,0.00432918661435516,-0.334920665537968,0.391891416071645,-0.00184943127894701,0.000342606143641459,0.000549779076459654,-8.67449038109442e-06,-0.00211082584196976,0.029713099573567,-0.000995173436543112,0.000748287396470212,0.00841871643068061,-5.47748399600008e-08,-2.89884917583411e-05,-0.000651312320767618,0.000201940922208762,-0.0726176759318855,-6.2108522773662e-05,-4.82386701209673e-06,-0.000172358921940443,2.61921383384451e-06,0.00195311855743076,-5.84870876003359e-06,0.000123822927983867,9.26558047027406e-17,8.54747312207296e-17,1.06719034679604e-16,-2.91588353519993e-05,-2.18107631387452e-16,-0.000102753866409473,-1.07043075255219e-05,2.74609077539075e-05,0.00363707493685389,3.1157586958362e-16,9.5921738628004e-16,-9.87442424647402e-05,-8.98227163763256e-05,-0.000528480227532,0.000104172567922737,2.74142772565376e-16,8.16238504060371e-16,6.48167597869201e-05,9.25630668536768e-06,1.30484484230514e-16,-3.18550347631456e-06,-3.17309603259356e-06,-3.80593773405351e-08,-1.29008407360233e-15,5.58417588797369e-16,-1.733493088519e-16,2.60838365522502e-15,2.62676064559906e-15,5.89805981832114e-16,-6.08735108915933e-06,-0.707106781186547,5.08537412466645e-06,5.6145973137396e-06,6.03281631951406e-15,-1.78236526536106e-16,-7.83540442567047e-15,-4.94830755005777e-16,-2.34781653371565e-16,3.92343665911613e-15,-5.89325409460347e-16,-6.86209403352617e-07,-4.95680170716128e-16,3.46254968783187e-07,-9.45792964362356e-16,-2.16379586822636e-15,-4.84946875013956e-16,-2.81645790272564e-17,5.54564976895685e-16,-9.3056582285838e-16,-2.80859916073952e-16,-6.51007110975766e-18,6.12318325314029e-15,1.02832612259161e-14
"t17",0.0418429933368175,0.18639711939948,-0.0737246180383829,-0.119611568335785,0.0257703339989825,0.000240311297102677,0.00380880969299375,0.00130405836382154,0.00340371335777582,0.00876040063010167,0.0048865538777738,0.00160615707367232,-0.00103508724779273,9.08519769258768e-05,-0.000657021870749921,0.00101071789975987,0.00100954279065635,3.80636071726365e-06,0.000175424149361286,5.12203346012723e-06,-0.000469853749920317,0.00173537615916232,-0.00110047088507262,0.0720411050201047,-0.0766037810332479,-0.00203018832125459,0.000554933399999799,0.00477145459490106,-0.000445097617022405,0.0370433187786407,-0.500799200401035,0.0168827808272014,-0.0132571040299783,-0.101007308154548,-3.42667940532654e-07,-0.00012967324668261,-0.00215635181216612,0.000646794949726569,-0.067120609778391,-0.000483396115820802,-2.65399391088647e-05,-0.000855788271165274,1.6951796385899e-05,0.391645013291574,7.36958604367898e-05,0.000190882518289758,9.54603789413884e-16,0.707106781186545,1.04450922033985e-15,-5.0455064886535e-05,-1.44479737858056e-15,-0.000175715668321028,-1.81861426752626e-05,5.7071316418911e-05,0.0335966436406469,-3.34087784518924e-16,-1.38328788452928e-16,-0.000142040393444196,-0.000128303083738913,-0.00362774626563768,0.000145749415200035,2.36705244896825e-16,3.03385797762581e-16,8.98078008719521e-05,1.28116333158871e-05,2.95102893643098e-16,-4.29432718707379e-06,-4.26945796719841e-06,-5.11068315496692e-08,2.52501641764953e-16,-9.12015109940132e-17,-1.41391478167459e-17,-4.26038013446038e-16,8.76224365671282e-18,7.28583859910259e-17,-7.79985436326727e-06,2.37632762993717e-16,6.44633338948679e-06,7.11329675765642e-06,-3.45347975225203e-18,-1.51786636892505e-16,-2.51323941941015e-16,-5.079290752244e-16,6.43734418487288e-17,-3.01484548671405e-17,-2.87882612679108e-16,-8.45319740051067e-07,3.81648940112002e-16,4.25470215190455e-07,-7.26357865357222e-16,-3.09036319422942e-15,-9.90228571973655e-16,1.29512332040102e-16,1.28865336416973e-15,-2.31518405252938e-16,-1.11458848053017e-15,-9.21470898064154e-16,5.71488130387237e-15,1.02981818386351e-14
"t18",0.0418429933368175,0.18639711939948,-0.0737246180383829,-0.119611568335785,0.0257703339989825,0.000240311297102675,0.00380880969299376,0.00130405836382152,0.00340371335777581,0.00876040063010168,0.00488655387777373,0.00160615707367242,-0.00103508724779294,9.08519769258775e-05,-0.000657021870749921,0.00101071789975989,0.00100954279065641,3.80636071697742e-06,0.000175424149360857,5.12203345996937e-06,-0.000469853749920249,0.00173537615916203,-0.00110047088507273,0.0720411050201043,-0.0766037810332479,-0.0020301883212544,0.000554933399999706,0.0047714545949009,-0.000445097617022195,0.0370433187786411,-0.500799200401034,0.0168827808272007,-0.0132571040299781,-0.101007308154547,-3.42667939699756e-07,-0.000129673246683419,-0.00215635181216636,0.000646794949726283,-0.0671206097783884,-0.00048339611581911,-2.65399391075559e-05,-0.000855788271168719,1.69517963866454e-05,0.391645013291565,7.36958604382238e-05,0.000190882518257456,1.73620733256173e-15,-0.707106781186551,6.65414775389337e-17,-5.04550648872446e-05,4.20897719832603e-16,-0.000175715668319731,-1.81861426747596e-05,5.7071316418848e-05,0.0335966436406498,-1.5391380791014e-16,-2.45881644027231e-16,-0.00014204039344486,-0.000128303083738522,-0.00362774626563747,0.000145749415200112,-6.1560417399397e-18,-4.52362149985919e-16,8.98078008727401e-05,1.28116333156879e-05,-2.1527827562882e-16,-4.29432718761811e-06,-4.26945796735622e-06,-5.11068321508482e-08,-8.05652656238308e-17,-7.89546475937172e-17,2.23454737370867e-16,3.85812573319189e-16,2.45551998127612e-16,-1.07552855510562e-16,-7.79985436281278e-06,-5.38007809051628e-17,6.44633338967242e-06,7.11329675766674e-06,1.08436184449792e-16,2.0980258603278e-16,-1.12546063863777e-16,-5.2180686303221e-16,2.6994286056941e-16,9.30169124149135e-17,2.76249472880633e-17,-8.45319740118044e-07,3.82035376920829e-16,4.25470215057052e-07,-5.45475000176363e-16,-1.98014016960426e-15,-8.62239155190118e-16,2.91870088008383e-16,4.11526530921687e-16,-4.63514161604715e-16,-1.10853706243098e-15,-8.53649280189829e-16,5.71706300968659e-15,9.99460268110715e-15
"t13",0.0417993305047873,0.186048484907553,-0.0735501073550658,-0.119291067862165,0.0256868300417533,0.000239451698969029,0.00379513373627616,0.00129889325756727,0.00338300572892713,0.00866689008175828,0.0048205392768425,0.00158347652224904,-0.00102033059025787,8.93545960174368e-05,-0.000646072531518614,0.000992684197176246,0.000991157441518376,3.69568319705249e-06,0.000170078993804557,4.95360942765052e-06,-0.000451993248026208,0.00165540867751191,-0.00104905477402415,0.0684799631751342,-0.0727714333839468,-0.00191368392465155,0.000522587482726709,0.00447587862470135,-0.000416629881519954,0.034484116008201,-0.465586273121232,0.0156784142069694,-0.0122954701291296,-0.0902549843079099,-3.02597647963737e-07,-0.00011264767126037,-0.00181908151077905,0.000543231935434501,-0.0483976088233436,-0.000260544163660342,-1.20848731590447e-05,-0.000332392062278649,-1.29942576501217e-05,-0.832378401716894,-0.000210100894487421,0.000541493166953457,-2.38300770022065e-15,4.75574670805178e-15,-1.12101470144327e-15,-6.14413186626988e-05,8.52603741219821e-16,-0.000210095248575377,-2.14714438579124e-05,6.54096432184891e-05,0.0384040177489613,4.89831303324372e-17,5.84489432023246e-16,-0.00015655757411543,-0.000140469032406478,-0.0039680854732274,0.000159317778431022,-4.55785750743769e-16,2.82059553755263e-17,9.74140978383649e-05,1.38910285067492e-05,6.73296815413929e-18,-4.61372365046936e-06,-4.58423976004961e-06,-5.4840384395428e-08,-1.19769540706781e-16,4.96376406823768e-17,3.00209556359885e-16,-1.84527161776743e-18,-2.12385812790672e-16,2.11289319373975e-15,-8.26110850763976e-06,-1.88772398478035e-16,6.8095454753353e-06,7.51310089532319e-06,4.16283802497846e-16,-1.94960889344914e-16,1.6898201724611e-16,-4.58305340623239e-16,3.56271223994914e-16,3.57356051535371e-16,-5.05829893858514e-16,-8.87134355756038e-07,1.60905000083388e-16,4.46274152553295e-07,-7.05636399683092e-16,-3.22585254714754e-15,-5.572722980331e-16,1.91271475298267e-16,8.70299964729941e-16,-5.55973726825304e-16,-6.71687587392155e-16,-5.79851577035531e-16,5.61277550984223e-15,1.0736811527107e-14
"t31",0.0439097009790257,0.203757046443779,-0.082693538968277,-0.136423000368598,0.0303183392194262,0.000288229932100675,0.00457190522317655,0.00159990833041173,0.00480147648576205,0.0189599788815112,0.016417810015069,0.00615469658996523,-0.00409473619578392,0.000787509602068314,-0.00633127307365709,0.035471695175076,0.22124686107349,-4.93982486580655e-06,-0.000199421423337826,-4.77031918014962e-06,0.000311762220409862,-0.000774975531809816,0.000478526600181049,-0.0281618551839941,0.0292883320244401,0.000609040687879992,-0.000162181558489533,-0.00126339561416332,0.000112170188863037,-0.0083581136430422,0.110417269830753,-0.00365514458540088,0.0028130006694644,-0.117203026099865,-1.60178813826117e-08,1.96919901687293e-07,2.10428856946194e-05,-6.25708552272701e-06,9.14340020462647e-05,-1.04951051964261e-07,4.78879284095430e-09,4.97574324051425e-07,-6.09642572617579e-08,-0.000772409323702906,-3.4353605356911e-08,-5.54807555802759e-06,1.58831014201132e-16,-1.61527354519931e-15,1.31498447274087e-15,1.61114868789228e-05,-4.4771704285043e-15,8.16064865590684e-05,1.20296505639392e-05,-0.000379476018150694,-0.796651511305579,1.04250691654814e-15,4.38501418128876e-15,-0.000135615338145094,-0.000235107147483516,-0.454839479097722,-0.000130315352338874,-1.87461698448865e-16,6.83354864871052e-16,4.47166004838438e-05,6.41237614726145e-06,2.43602364234332e-16,-2.16658595776123e-06,-2.14992512783748e-06,-2.5682584831598e-08,-9.25512443437621e-16,1.25038991666929e-16,-1.95501496665261e-16,-8.14418880089761e-16,4.07694572920467e-16,-5.41233724504764e-16,-3.78191727517455e-06,-8.0946432431059e-16,3.11630375780519e-06,3.43838749439322e-06,-5.16074651531696e-16,1.52680017839891e-16,1.68957239611902e-16,-8.02006586789305e-16,1.98124058685567e-16,9.82558912151195e-16,-6.64279433102913e-17,-4.09148152491541e-07,2.15597129241113e-16,2.06078360141193e-07,-8.30958491902725e-16,-1.28506190502751e-15,-6.16290651114168e-16,-7.75996438028544e-17,9.47506985931084e-16,-3.70621523948916e-16,-5.92639384642642e-16,-7.37791978374697e-16,5.44307118393954e-15,1.0478971718591e-14
"t37",0.0441116763728001,0.20544158305239,-0.0835601564209076,-0.138043073029862,0.0307545334410205,0.000292812661086805,0.00464487595218087,0.00162811050447311,0.00493237216428938,0.0198800465269082,0.0174349580494718,0.00655400890008369,-0.00436305813268718,0.000847570488196324,-0.00681978638984439,0.0384123495014323,0.239988568479505,-5.62940543085561e-06,-0.000228709392606779,-5.53155925822309e-06,0.000370108272189191,-0.000954756369838054,0.000591278941013283,-0.0352345860912951,0.0367447890554861,0.000790489334420984,-0.000211378852225087,-0.00167474512535069,0.000150082877692923,-0.0114520498143861,0.152153929207423,-0.00506073155617278,0.00391650016233756,-0.191174591770593,-2.74501911467008e-08,3.61241130695781e-07,4.35515524468577e-05,-1.31855726838298e-05,0.000361660223576688,-2.49052533832525e-06,-1.91089608022003e-07,-7.09119299276011e-06,1.55332496091857e-07,0.00156116685137593,6.58041902034677e-08,5.51920306650959e-06,6.02555567659063e-17,-3.44128497929125e-16,3.83648503263654e-16,2.89765766170019e-06,-2.33425691517073e-15,1.85683289526903e-05,3.12715182626681e-06,-0.000124205300769875,-0.264311215980064,3.91957180846212e-16,2.82951238329158e-15,-1.86357484007762e-05,0.000224554397961269,0.852412029421508,0.00048898186358821,2.22473433496679e-15,-1.0086565135593e-15,5.12376011613323e-05,7.16181243353161e-06,1.43109889008734e-16,-1.88035825477787e-06,-1.85383298275549e-06,-2.20103384517916e-08,2.00517159177842e-16,1.12383460685421e-15,6.48154373623652e-17,1.07060223195858e-15,2.07384201648514e-15,6.53990750443256e-15,-3.10369648051776e-06,-6.4124338623195e-16,2.56181614115109e-06,2.82697382493087e-06,4.76540935724072e-16,-4.99699604818778e-16,1.14567624251497e-15,1.48687240132692e-15,2.58877741897211e-16,-5.11054396305309e-16,-4.35424979712217e-16,-3.40137868795791e-07,-1.79519450359557e-16,1.71537480556092e-07,-8.26439204738494e-16,-1.83445539717267e-15,-8.66541599230315e-16,1.63743099902953e-18,8.63789902147789e-16,-4.75670601629242e-16,-1.12979352483894e-15,-5.14865854739128e-16,6.0438182400488e-15,1.02810088636177e-14
"t89",0.0445246583630851,0.208879927137923,-0.0853271873321122,-0.141344253369542,0.0316423297604306,0.000302133596662068,0.00479328898081541,0.00168542714928202,0.00519728749413197,0.0217264926399599,0.0194663800100832,0.00735070103768424,-0.00489828472075659,0.000966948864816587,-0.00779048757381016,0.044244958999926,0.277140713570643,-6.97604140086072e-06,-0.00028580529400748,-7.01127889644057e-06,0.000482867392346557,-0.00129935118345622,0.000807264596704485,-0.0487487479694484,0.0509844233662862,0.00113481396548925,-0.000304669265983652,-0.00245251891143837,0.000221658161248004,-0.0172713863746116,0.230588674557319,-0.0077003614186061,0.00598713774926428,-0.327380519750435,-4.84044935568599e-08,6.60750844954359e-07,8.42435743911865e-05,-2.56977495758881e-05,0.000838605193029992,-6.63438775620829e-06,-5.29892963492919e-07,-2.01820641364897e-05,5.22597440649236e-07,0.00550744145512164,2.35006472267049e-07,2.39419524877106e-05,-2.5600672700685e-16,3.85793785259984e-16,-8.29081424354162e-16,-1.64084657465664e-05,2.12753283166627e-15,-7.08380764557185e-05,-9.1436069221326e-06,0.00018612505482107,0.370680485384766,-5.54227731543016e-16,-2.99314409874816e-15,7.00506973617754e-06,-5.2187765815771e-05,-0.182084511287673,-9.79126787278699e-05,-9.62937183317337e-16,-3.09105838212338e-16,-2.61222790938382e-06,-3.10832488379225e-07,3.37536443167665e-16,-2.21395627655292e-07,-2.36986166367735e-07,-3.04393619878442e-09,8.08858121334235e-16,-1.11172353002489e-16,-9.13491559385812e-17,-2.24800520983035e-16,1.27999292894385e-16,2.0122792321331e-15,-1.0595738548254e-06,4.8191921185894e-17,9.72048910914562e-07,1.07794400267705e-06,1.05344592051682e-15,-3.61160916793599e-16,-3.72521664581435e-16,-8.75489093818681e-16,-5.22395316568472e-16,-5.4089030225004e-15,-8.93796100295536e-16,-1.5974758479923e-07,-9.49945685784254e-16,8.1808564512908e-08,2.6509943541706e-15,-4.08924871482449e-14,-3.36577788361691e-14,6.06101683826744e-14,0.707106781186549,2.85209340253153e-14,-1.51433748213662e-15,1.7431013307982e-15,4.70497642635726e-15,1.03499012672303e-14
"t90",0.0445246583630851,0.208879927137923,-0.0853271873321122,-0.141344253369542,0.0316423297604306,0.000302133596662069,0.00479328898081542,0.00168542714928201,0.00519728749413197,0.0217264926399599,0.0194663800100832,0.00735070103768423,-0.00489828472075664,0.000966948864816691,-0.00779048757381028,0.044244958999926,0.277140713570643,-6.97604140106542e-06,-0.000285805294007462,-7.01127889681094e-06,0.000482867392346631,-0.0012993511834562,0.000807264596704741,-0.0487487479694486,0.0509844233662857,0.00113481396548924,-0.000304669265983687,-0.00245251891143832,0.000221658161248021,-0.0172713863746115,0.23058867455732,-0.00770036141860617,0.00598713774926427,-0.327380519750435,-4.84044934549604e-08,6.60750845032911e-07,8.42435743915454e-05,-2.56977495758359e-05,0.00083860519302981,-6.63438775624897e-06,-5.29892963942989e-07,-2.01820641364101e-05,5.22597440775973e-07,0.00550744145512149,2.35006472215352e-07,2.39419524879453e-05,-3.21137238787438e-16,8.02127789174529e-16,-7.84803999846808e-16,-1.64084657464629e-05,2.54907063632809e-15,-7.08380764553198e-05,-9.14360692111396e-06,0.000186125054820864,0.370680485384766,-3.65523768209768e-16,-1.65914126472299e-15,7.00506973696463e-06,-5.21877658163757e-05,-0.182084511287673,-9.79126787275947e-05,-9.10895479037993e-16,4.48254754880799e-16,-2.61222790948533e-06,-3.10832487433158e-07,-7.1082152913228e-16,-2.21395629089861e-07,-2.36986167024687e-07,-3.04393453016696e-09,-6.17084586560166e-16,-5.59314706415443e-16,4.79532995854693e-16,2.8867762923931e-16,-7.06402699050666e-16,-2.68188249386014e-15,-1.05957384963023e-06,5.06160776939638e-16,9.72048910598692e-07,1.07794400170434e-06,-5.90204572991858e-16,1.28348092506713e-16,-9.41510964734652e-16,3.18000657653374e-16,1.12961233054131e-15,6.53987150732216e-15,3.30788101493499e-16,-1.59747580088348e-07,1.71495029283687e-15,8.18085695153491e-08,-4.00821894571422e-15,3.73227249365973e-14,3.21631131505098e-14,-6.00873034574311e-14,-0.707106781186547,-2.9301122377139e-14,-2.75880008752554e-16,-3.51503325844343e-15,6.60530666763535e-15,1.05693533091649e-14
"t85",0.0440928226887688,0.205255732051217,-0.0834556402666561,-0.137837169126252,0.0306939863827025,0.000292144151787657,0.00463421042452172,0.00162376833208274,0.00490627257714594,0.0196023299287902,0.0170603017100158,0.00640105829490743,-0.00425940353558643,0.00082108363860581,-0.00660210819979131,0.0370144816445909,0.230902554896597,-5.08471505767695e-06,-0.000204302776246947,-4.8378464004681e-06,0.000306526054480907,-0.000700912772990901,0.000428901349946653,-0.0241731876110333,0.0248720802602019,0.000431406364221538,-0.000111424775923644,-0.000745263311475927,5.92651964071616e-05,-0.00284568474285748,0.0317947120340312,-0.000883069200152329,0.000517916702903293,0.593936873070318,2.10670981878413e-07,3.92059161006373e-05,0.000346855717297946,-9.68313089711142e-05,0.0014684213124592,-9.58038954903482e-06,-7.36617853851995e-07,-2.74434443235232e-05,6.37086989679465e-07,0.00655578670117067,2.78123251385367e-07,2.62489132862625e-05,1.78834236495778e-16,6.80010783589897e-16,2.69689039032461e-16,-1.09938405140872e-05,4.89167987057692e-16,-4.25379588083417e-05,-4.91170238186167e-06,5.27308106155013e-05,0.0916292061324485,5.15969850070506e-17,-1.17404340204308e-15,-2.53694546230656e-05,-2.795438908024e-05,-0.00894798688496323,2.52648429937041e-05,-2.7504168794332e-16,-5.77116432068798e-16,1.99294870851216e-05,2.85904998915146e-06,-2.18778905082218e-16,-1.07383882674064e-06,-1.07522533675554e-06,-1.29661111882569e-08,-2.67124950384272e-16,-1.82604440793246e-16,-5.03585472569118e-16,5.92976743482608e-16,-1.12360232825167e-16,1.1067535776732e-15,-2.30522618894036e-06,-3.64110980081074e-17,1.96675252084974e-06,2.1737133560418e-06,4.51838157704857e-16,8.84254120199951e-17,-8.96729941407977e-16,-6.16217094418025e-16,3.37513439047036e-15,-3.22806471814591e-15,9.54178724031489e-18,-2.79894161850149e-07,2.17231643043814e-15,1.41874540004091e-07,-2.23998566351411e-15,9.26699895250576e-15,0.707106781186547,-1.04124304897108e-14,3.3585481824238e-14,3.00464158434515e-15,-3.15541080462526e-15,-6.68147192253815e-16,4.48937493910004e-15,1.02435367371644e-14
"t86",0.0440928226887688,0.205255732051217,-0.0834556402666561,-0.137837169126252,0.0306939863827025,0.00029214415178765,0.00463421042452172,0.00162376833208273,0.00490627257714594,0.0196023299287902,0.0170603017100158,0.00640105829490747,-0.00425940353558638,0.000821083638605817,-0.00660210819979144,0.0370144816445909,0.230902554896597,-5.08471505775848e-06,-0.000204302776246936,-4.83784640007388e-06,0.00030652605448084,-0.000700912772990931,0.000428901349946344,-0.024173187611033,0.0248720802602017,0.000431406364221644,-0.000111424775923619,-0.000745263311475573,5.92651964075423e-05,-0.00284568474285757,0.0317947120340312,-0.000883069200152446,0.000517916702903342,0.593936873070318,2.10670982302481e-07,3.92059161006072e-05,0.000346855717298075,-9.68313089710942e-05,0.00146842131245915,-9.58038954893974e-06,-7.36617853888399e-07,-2.74434443233931e-05,6.37086990082613e-07,0.00655578670117034,2.78123251395017e-07,2.62489132857204e-05,1.71746072192688e-16,5.13477137106516e-16,-2.11949703403569e-16,-1.09938405141053e-05,7.6498901973854e-16,-4.25379588084069e-05,-4.91170238209232e-06,5.27308106154516e-05,0.0916292061324483,-3.65110713564642e-16,-3.96887649549889e-16,-2.53694546233195e-05,-2.79543890807519e-05,-0.00894798688496348,2.52648429937434e-05,-3.51369520886335e-16,3.95647241034387e-16,1.99294870850618e-05,2.85904998895901e-06,1.76781331572026e-16,-1.07383882679442e-06,-1.07522533715195e-06,-1.2966110636594e-08,4.75336706422575e-16,1.56416074731037e-16,6.28233422136416e-16,-8.22557614120752e-16,5.03466601146715e-16,3.01841884819964e-16,-2.30522619278866e-06,-3.83356925286215e-16,1.96675252282028e-06,2.17371335582701e-06,6.10916947614826e-17,-1.65904471849574e-16,1.04616035171764e-15,-3.24783550453918e-16,-3.04302486771425e-15,3.55817419325117e-15,-4.8081641741245e-16,-2.79894160165007e-07,-1.61515462627403e-15,1.41874545961276e-07,7.19304296621066e-16,-1.40303373298628e-14,-0.707106781186548,1.07601196196465e-14,-3.22391616524011e-14,-3.86954792938226e-15,1.57161910168635e-15,-8.72007308067887e-16,6.84755305649829e-15,1.05762442711399e-14
"t44",0.0570077944075266,-0.077406113032764,0.149549613676677,-0.104297190612408,-0.00473435905602508,0.225342967811688,-0.00328656740790246,0.00196304143771179,0.187565086751253,0.0183821678744207,0.00180671521908155,0.000815575614813155,-0.000552676579909019,0.000107994704937611,-0.0028389494034614,0.00089457761657913,0.00077152317852805,0.000182342992456596,-0.0173914810187532,2.63446465074888e-05,0.00287841226503925,-0.000263010501664676,0.00554071937902905,-0.000526712375860847,-0.000328892137979699,0.00108980817732613,-2.28100214978537e-05,-0.000260070681698806,1.80695377299941e-05,-0.00106883907207595,0.000128645235560634,0.000462896506111619,-0.00201149564891341,2.43128600877994e-05,-3.01168547924354e-07,-4.23842622580516e-05,-0.000212511264282479,3.60355044260041e-05,-8.52648766554164e-05,-0.00256295561454497,-1.70388334408163e-06,-9.94550322200349e-05,1.15460324838921e-06,8.41673346334891e-06,-9.3162093929075e-06,4.67715905284881e-05,3.28720668644853e-16,5.74026907522581e-16,-3.11370333204592e-17,-4.37419564604977e-06,-1.14276751060715e-15,-5.50952965926721e-06,0.0816033411254877,3.49160214713931e-06,8.5472287244857e-07,1.78055465714769e-16,1.92477461362194e-15,0.00019379322322309,0.433705173871012,-0.000143725151818217,0.000667883800081101,-4.05597802576547e-15,-9.81757336350934e-15,0.00326805880194665,5.45984200126044e-05,-6.07941814858027e-16,-0.428695647423709,-1.19889257266877e-06,-0.694450102942518,-1.18200381906334e-14,-1.38963059545771e-15,2.17978710285586e-15,2.73162795097773e-15,1.7373264504597e-15,2.00880978518114e-15,-4.79174018026259e-06,-9.07174565090226e-16,3.84996095842079e-06,1.31580878762734e-05,-1.30113187677805e-16,3.142861770596e-16,-1.34493417963846e-15,-5.81467790963647e-15,-1.08795614201595e-16,1.46563260021778e-15,-1.12927777471725e-16,-3.53573275745876e-06,6.93954109997653e-16,7.3667204179969e-07,-1.09060905463903e-15,-1.36449491483399e-15,-1.09072766880711e-15,8.57186984785908e-17,6.66123112211821e-16,3.25257445431478e-16,-9.32249717380104e-16,-6.96280174906527e-16,5.37836679920705e-15,1.10059009768747e-14
"t78",0.0574034316080393,-0.0783634444942748,0.151882241006803,-0.106134720290755,-0.00483483559880811,0.230610053380928,-0.00336367112163123,0.00201371330087953,0.194894643025654,0.0196043904155317,0.00195596367332231,0.000885720980547323,-0.000600624820124841,0.000118673389370069,-0.00312246552124545,0.000989519423086151,0.000854905460378775,0.000211799108005041,-0.0203116349386307,3.10521531296589e-05,0.0034559817749052,-0.000324229540401364,0.00684387416797829,-0.000655915256650055,-0.000410287914324777,0.00138772209154433,-2.91148140388227e-05,-0.000335091534621659,2.33984297015027e-05,-0.00140102054142421,0.000169100409448685,0.000609871600607954,-0.00265726778541497,3.41987931702625e-05,-4.30225059177174e-07,-6.17023379420437e-05,-0.000318159076034878,5.41492663566023e-05,-0.000138812876381181,-0.00441883365628026,-2.98377075361064e-06,-0.000175883572385781,2.16587903230422e-06,1.60337153362323e-05,-1.78164180087046e-05,9.46942446744234e-05,3.02325903303827e-17,7.98911988358182e-17,-1.12966158559404e-15,-1.61398600937955e-05,-7.35496302410178e-15,-2.42246102299954e-05,0.434831220143432,0.000101380153794109,6.12153727660322e-05,-7.3334728090484e-16,-1.38709929941424e-15,-0.000286939744701517,-0.4054703374093,0.000125570279446451,-0.000555247422273199,5.08819416411129e-15,4.54076526537069e-15,-0.00136725555609072,-2.18351706055231e-05,-2.38292643445374e-16,0.022715150777894,4.03134907133444e-08,-0.0109943110918181,-1.48912118599026e-16,-3.93898888953332e-16,-9.11373464076595e-17,2.18273437019968e-15,1.67998396787202e-15,1.08246744900953e-15,-1.52462100167384e-06,-1.6807063818055e-15,1.43124526292854e-06,4.92543036643005e-06,-5.64551053896585e-15,6.46449850044798e-16,6.73283669058393e-16,-1.92828519559548e-16,7.57869848601105e-16,-7.0904608093046e-15,-3.34838642216673e-15,-1.73184952977775e-06,0.707106781186548,3.67454028476822e-07,3.09040003796351e-16,1.21945613403525e-14,-2.46821128618368e-15,-1.42151845173537e-15,2.6352936274712e-15,1.65739954427819e-15,-1.59348984722105e-16,1.57812244276877e-15,4.15807264042819e-15,9.93731106132229e-15
"t79",0.0574034316080393,-0.0783634444942748,0.151882241006803,-0.106134720290755,-0.00483483559880814,0.230610053380928,-0.00336367112163124,0.00201371330087958,0.194894643025655,0.0196043904155317,0.00195596367332244,0.000885720980547224,-0.000600624820124809,0.000118673389370142,-0.0031224655212458,0.000989519423086296,0.000854905460378661,0.000211799108005445,-0.0203116349386307,3.1052153129547e-05,0.00345598177490503,-0.00032422954040095,0.00684387416797857,-0.000655915256649328,-0.000410287914324358,0.00138772209154409,-2.91148140389857e-05,-0.00033509153462075,2.33984297016111e-05,-0.00140102054142436,0.000169100409448463,0.00060987160060773,-0.00265726778541498,3.41987931703057e-05,-4.3022505950085e-07,-6.17023379419512e-05,-0.000318159076035411,5.41492663571171e-05,-0.000138812876381427,-0.0044188336562804,-2.98377075377847e-06,-0.000175883572386111,2.16587903326285e-06,1.60337153366909e-05,-1.78164180090275e-05,9.46942446743789e-05,8.77774631917792e-17,-8.66422532847769e-17,-9.58223335175312e-16,-1.61398600939787e-05,-7.86844117299103e-15,-2.42246102312727e-05,0.434831220143433,0.000101380153793944,6.12153727663761e-05,-7.02671173135727e-16,-2.49120666338335e-16,-0.000286939744701614,-0.405470337409299,0.000125570279445986,-0.000555247422276235,3.35694013508645e-15,4.39483044005949e-15,-0.00136725555609105,-2.18351706054848e-05,-4.83328216393035e-16,0.0227151507778931,4.03134897373689e-08,-0.0109943110918179,-1.07278756294388e-16,-1.53637968042063e-16,1.04217153004659e-15,3.4045803888103e-16,-3.02458609897722e-15,2.3488155864726e-15,-1.5246209922036e-06,6.86649097788048e-16,1.43124526324152e-06,4.92543036425045e-06,6.09509794644083e-15,-1.39295265904446e-15,2.19290143400812e-15,2.13170093824939e-15,1.22354858694737e-16,6.60691567007361e-15,2.78194264572326e-15,-1.73184952096952e-06,-0.707106781186547,3.67454042397038e-07,-1.44650953310327e-15,-1.49781471873482e-14,1.182399304436e-15,2.10343049018791e-15,-1.19545386111422e-18,-2.47783451759396e-15,-1.46467332043718e-15,-3.36785162182856e-15,7.27964410981382e-15,1.16735344447563e-14
"t45",0.0570195359496849,-0.0774345264617422,0.149618848776506,-0.104351732171966,-0.00473734154994058,0.225499317899141,-0.00328885618536448,0.0019645456500996,0.187782706253881,0.0184184694261563,0.00181114897835401,0.000817659526690244,-0.000554101062060306,0.000108312001705639,-0.00284737364385136,0.000897398874043994,0.000774000993877453,0.000183218844597644,-0.0174783151485634,2.64846454392999e-05,0.00289559274537346,-0.000264832103719746,0.0055794962733388,-0.000530557323214378,-0.00033131444330726,0.0010986760602357,-2.29976987760304e-05,-0.000262304093851206,1.82281906343871e-05,-0.00107873018553262,0.000129849875518479,0.000467273117189009,-0.0020307259564066,2.46074470832053e-05,-3.05014854460325e-07,-4.29601137808486e-05,-0.000215661378652894,3.6575623973001e-05,-8.6862765067828e-05,-0.00261836302609602,-1.74209945883397e-06,-0.000101737294127442,1.18481550840797e-06,8.64432062433516e-06,-9.57019391570285e-06,4.82041113075919e-05,-5.25303065175043e-17,-5.16683079180144e-18,-5.63568664585376e-16,-4.72703902286239e-06,6.08148170957337e-16,-6.07113665125403e-06,0.0922092312515041,6.43733763455756e-06,2.67168343597507e-06,-1.35606120221018e-16,1.48545324531163e-15,0.00017917533919627,0.408038924948539,-0.000135479577927427,0.000630400281602869,-6.34917511444873e-15,-1.64845795889661e-15,0.00312346103882022,5.22101164640634e-05,1.96067382783018e-15,-0.410021900825627,-1.13412311255684e-06,0.719367400254691,2.07920329384155e-14,3.63452528028633e-15,-3.28808812868558e-15,-2.03372491098786e-15,-9.09179933110543e-15,-1.81799020282369e-15,-4.69769383974586e-06,1.8293767623997e-15,3.77989253827843e-06,1.29195317776876e-05,-8.9030556712573e-16,3.91572289387272e-16,-7.45496180987409e-16,3.56859945239234e-15,1.54690380581008e-16,1.23536011926312e-16,2.48246496779109e-17,-3.48299445062978e-06,9.19417842589689e-16,7.25871947531892e-07,-7.91700935627922e-16,-1.79448671730479e-15,-4.83739775284361e-16,9.44530530564023e-16,1.96444382544082e-15,-1.48910677893542e-15,-8.37653363495142e-16,-1.00012967524021e-16,5.44536122197655e-15,9.83156375910366e-15
"t42",0.0569747918373898,-0.0773263759196392,0.149355499185605,-0.10414436125588,-0.00472601051534971,0.224905583776412,-0.00328016478880171,0.00195883636828438,0.186958983342483,0.0182818120516947,0.00179450978402129,0.000809843973127021,-0.00054875940566404,0.000107124866508172,-0.00281586090516943,0.000886857486742497,0.000764746137940934,0.000179977938825213,-0.017157345489474,2.59680798186937e-05,0.00283242437255103,-0.000258167728155642,0.00543768216032169,-0.00051651689781328,-0.000322471881992162,0.00106642567107967,-2.23154566251771e-05,-0.000254199012972535,1.76529536857258e-05,-0.00104294537702966,0.000125493810228118,0.000451453453676585,-0.00196124911583299,2.35545918548565e-05,-2.91303581308474e-07,-4.09137132955311e-05,-0.000204517447734147,3.46660060188065e-05,-8.12828269422616e-05,-0.00242648964802128,-1.61005020511428e-06,-9.3862196029066e-05,1.08139995484506e-06,7.86688010360612e-06,-8.70302192198865e-06,4.33485682803341e-05,2.75750101339591e-16,-1.31065645494253e-16,1.21974317465538e-16,-3.59874030370026e-06,-1.14222293785575e-15,-4.29648028912814e-06,0.0590614060853527,-2.37513280645824e-06,-2.73128899441644e-06,1.26420869996459e-15,1.99653531647658e-15,0.000213619319461038,0.459161607693716,-0.000151323906814218,0.00070037034914911,-6.58138940759616e-15,-3.68242843427193e-15,0.00322518351537362,5.36211307860724e-05,-9.31828289161338e-16,0.804375150522126,-4.32469664720156e-06,-0.00280025915723218,-8.66843199927798e-15,-6.72930233826651e-16,1.33980968344488e-15,-5.1713827897227e-15,6.95709807833618e-15,4.8919202022546e-16,-5.21582008431775e-06,-1.58116748465425e-16,4.14184047569642e-06,1.41484455977402e-05,9.00374024403162e-16,-4.03425901690971e-17,-1.97207874039718e-15,-3.07222415230759e-15,3.10607606958036e-16,5.79616234358378e-16,1.26572225267158e-17,-3.72881367720197e-06,6.07444688872856e-18,7.75898134075913e-07,-5.11166190639981e-16,-3.43983508534328e-15,-1.07155280782148e-15,-8.67760683231586e-16,8.48581249248133e-17,-2.94858446338341e-16,-9.55137795883824e-16,-8.27845146772149e-16,5.49256397563942e-15,1.02292104440745e-14
"t87",0.0573823298069458,-0.078313038329827,0.151760372671443,-0.106039187661866,-0.00482965770098862,0.230340058851207,-0.00335971957800111,0.00201113151613077,0.194533589055176,0.0195485027557835,0.00194945294055555,0.000882692276347376,-0.000598559250683618,0.000118230424866027,-0.00311074187470935,0.000985672313248413,0.000851548290073595,0.000210825643982043,-0.0202176804570976,3.09076910858697e-05,0.00344002366151087,-0.000322815996829211,0.00681423727803116,-0.000653164015076791,-0.000408580250323483,0.00138259024108819,-2.90090127389314e-05,-0.000333965542363448,2.33235242994238e-05,-0.00139713572677485,0.000168649588310148,0.000608300756384353,-0.00265070821234666,3.42289429184655e-05,-4.31069572460136e-07,-6.19140569878297e-05,-0.000320040026157312,5.44885722459764e-05,-0.000140992556393905,-0.00452802098075936,-3.06587948398264e-06,-0.000181051060649029,2.25693349823579e-06,1.67681837567109e-05,-1.86500899394556e-05,0.000100644573710248,-1.5208674736591e-16,-1.93081072520796e-16,1.20009387845423e-15,-3.0891269124779e-05,8.31737633336428e-15,-0.000153976602163021,-0.549177777719591,4.55797930003554e-05,2.93645717686842e-05,-1.04759200954914e-16,-2.00882560449503e-15,-0.000173549242202051,-0.229869449141408,7.0118968064584e-05,-0.000306276171117897,3.61670963294634e-15,2.00222071297134e-15,-0.000542994321647432,-8.34367946876855e-06,1.58220752470023e-16,-0.00503346994808675,-2.49418645856451e-07,-5.81393596102248e-05,4.44054099485452e-16,-4.30640288674649e-16,-6.67718080277809e-16,4.7092634232744e-16,7.76249576193621e-16,7.8756445809347e-16,-1.94018794307696e-06,-3.46908656669059e-16,1.72657514303902e-06,5.92863255513226e-06,-7.90278185689026e-16,-1.68492217453906e-16,2.83823093106909e-15,1.92001074648389e-15,7.10637528136475e-16,4.37387009790389e-17,1.08947482595182e-15,-1.93146975884561e-06,-1.5606056857014e-15,4.07984163781625e-07,-4.88439670366058e-15,9.83497533084131e-15,-1.10074624424836e-14,-0.707106781186548,6.27957447806197e-14,7.01759802382069e-15,-1.74130969841595e-15,-3.88555313739618e-16,6.25028997441274e-15,1.30009516915004e-14
"t88",0.0573823298069458,-0.078313038329827,0.151760372671443,-0.106039187661866,-0.00482965770098862,0.230340058851206,-0.00335971957800111,0.00201113151613077,0.194533589055176,0.0195485027557834,0.00194945294055563,0.000882692276347258,-0.000598559250683642,0.00011823042486597,-0.00311074187470907,0.000985672313248039,0.000851548290073567,0.000210825643981963,-0.0202176804570976,3.09076910859599e-05,0.00344002366151092,-0.000322815996829319,0.00681423727803131,-0.000653164015077091,-0.000408580250323739,0.00138259024108821,-2.90090127390216e-05,-0.000333965542364188,2.33235242990768e-05,-0.00139713572677479,0.000168649588310331,0.000608300756384206,-0.00265070821234622,3.42289429184986e-05,-4.31069572321882e-07,-6.19140569885218e-05,-0.000320040026157009,5.44885722456053e-05,-0.000140992556393939,-0.0045280209807597,-3.06587948365534e-06,-0.000181051060648704,2.25693349806557e-06,1.67681837567429e-05,-1.86500899396542e-05,0.000100644573710103,-2.96781932793023e-16,-2.69408947805326e-16,1.36150487228342e-15,-3.08912691250045e-05,8.89330452738865e-15,-0.00015397660216088,-0.549177777719593,4.55797930005286e-05,2.93645717682329e-05,1.50730672323102e-16,-1.10676945366144e-15,-0.000173549242201828,-0.229869449141408,7.01189680647252e-05,-0.0003062761711163,4.15707599571311e-15,3.42292314790229e-15,-0.00054299432164617,-8.34367946901647e-06,2.81042160216258e-16,-0.0050334699480852,-2.49418645761665e-07,-5.813935961116e-05,-9.22907998318058e-16,-3.95169663529546e-16,2.79893466778722e-16,1.442371488715e-15,2.10851720574386e-15,2.48759346455074e-15,-1.94018794424963e-06,-2.25478228683598e-16,1.72657514192596e-06,5.92863255463108e-06,1.4024122879482e-15,-5.58458234469728e-16,-1.63041674304315e-15,-4.73907650364115e-16,-2.12410914581756e-16,2.2922111356414e-17,-2.23315264881263e-15,-1.93146975640542e-06,1.57458122907967e-15,4.07984167520601e-07,3.44605993675234e-15,-1.36739972155964e-14,9.77787012258683e-15,0.707106781186548,-6.12338887548072e-14,-7.35706138579689e-15,-2.26834126081968e-16,-1.58928732960474e-15,5.76949041064772e-15,7.13511478078768e-15
"t16",0.0504986077045494,-0.0597759745636942,0.103140329703115,-0.065741263489801,-0.00238970812123461,0.093267947621657,-0.00134723921275803,0.00057099284177147,-0.299417237259723,0.0410783890745948,0.00288937421178609,0.0012368434088252,-0.00082869113096555,0.000135904036632389,-0.00352274582066293,0.00101349439553797,0.000848970333334748,1.61050890542976e-05,0.0014847594630078,-1.16475369698107e-05,-0.00480726560725595,0.00544776563260436,-0.235810568976121,-0.00755980921901476,-0.00372596345701165,0.00370984254958913,-7.16564256085413e-05,-0.000614924127549194,3.71475835267091e-05,-0.00155830991970032,0.000172397076971898,0.000577144810007773,-0.00229794730188314,-2.57102877125589e-05,5.08724030320943e-07,0.000109853304026367,0.000921126047565736,-0.000166266076844342,0.00162622597896711,0.900545146674028,-0.000260262495875405,-0.00838888768523046,3.20951041243702e-05,0.000207246910895378,-0.000223418857312151,0.000860509264710257,-4.07033105185754e-16,1.11787838732092e-15,-1.15720436237481e-16,-8.60240687552127e-05,-7.41917395093877e-16,-0.000285947886767246,-0.000787352165189142,0.000202331040569197,0.000121020349785531,-1.13071513510939e-16,3.60031445622305e-17,-0.000203099334835872,-0.00445098427198508,-1.51281885271866e-05,0.000123815223184748,-2.01708403418097e-16,3.92316399039343e-16,0.044892922635513,-1.39955888088804e-05,-6.56413519987255e-17,-0.000120681638302344,-3.15244532423674e-06,-1.43290936542629e-06,5.18453210976737e-16,2.70409807072053e-16,2.82294677270956e-16,1.04493464930138e-16,1.4829900155971e-16,5.79397640976254e-16,-9.06341587559113e-06,-6.80682402020394e-17,7.4409822808164e-06,2.54553441229617e-05,2.28413618221033e-15,-5.86156120549359e-17,-1.33896160225235e-16,-8.3106231255291e-16,1.44144946801583e-16,5.53659369321888e-16,-2.856512902696e-17,-7.07064774769746e-06,1.58933027310643e-16,1.47570254777387e-06,-6.26487137529491e-16,-2.53648037779743e-15,-6.45563234245776e-16,2.31823792418462e-16,1.03695667637094e-15,-4.08658135147848e-16,-8.95758428276539e-16,-4.52531244080151e-16,5.6739125516459e-15,1.06872592931183e-14
"t40",0.0511397906425286,-0.0611493232681732,0.106156447323,-0.0679253801612642,-0.00248634659941736,0.0974480174170089,-0.00140785869660361,0.00059945723222818,-0.322932177297706,0.0470710937145,0.00344292684323797,0.00148655471997118,-0.000997910284091456,0.000168973681316008,-0.0043916897621947,0.00128558990386479,0.00108282622180301,2.44758742809839e-05,0.00231274415306454,-1.89592752876887e-05,-0.00864802618500993,0.0117195155095242,-0.51525494612019,-0.0176899358655648,-0.0088565562203711,0.0109401831015894,-0.0002176942500021,-0.00212801351578205,0.000139151291940452,-0.0073802423144113,0.000871318328702973,0.0030898288912193,-0.0132195926036759,0.000140333620906507,-1.75338996511477e-06,-0.000253096352472132,-0.00135685834670753,0.000232761950076288,-0.000923012276407812,-0.291181117469279,7.1973778994918e-05,0.00209620154515706,-4.00836052775451e-06,-2.0636529604343e-05,2.08999829484666e-05,-1.63747856922605e-05,-1.44018973367276e-16,-5.92618819061128e-16,4.5268885839457e-16,-2.07540213273553e-05,8.86243352450437e-16,-7.58603250190856e-05,-0.000223506213619136,6.79132899060269e-05,4.12560542704932e-05,4.02611979414475e-16,1.3349556359901e-15,-8.70239600209625e-05,-0.00199604077101557,-6.82729717233587e-06,5.61326190935707e-05,9.2861712395484e-16,1.62850868070122e-15,0.0214859748110026,-6.7179971383648e-06,0.707106781186547,-6.19316722064593e-05,-1.62508148390671e-06,-7.42150057314681e-07,7.1558295141337e-16,2.10077587645311e-15,-4.68403311545714e-16,1.08088447501251e-15,1.18702658357418e-15,-3.37924133120282e-15,-5.19397426783343e-06,1.9637723330727e-16,4.35599337019686e-06,1.49176272519604e-05,4.94146631693415e-17,2.74821639987419e-17,3.24284937020069e-16,2.76173586484207e-16,5.13279512545258e-16,1.89268183226614e-16,-3.67146072387007e-16,-4.36905808829887e-06,1.96256469291761e-16,9.16046953072346e-07,-1.32676044249672e-15,-1.78733726217183e-15,-5.53084958740313e-16,1.31786402083036e-17,5.83557246344142e-16,-3.71303537079731e-16,-1.02267716002643e-15,-5.02996890607299e-16,5.80263626711719e-15,1.02594987644066e-14
"t41",0.0511397906425286,-0.0611493232681732,0.106156447323,-0.0679253801612642,-0.00248634659941736,0.0974480174170089,-0.00140785869660362,0.000599457232228189,-0.322932177297706,0.0470710937145,0.00344292684323808,0.00148655471997094,-0.000997910284091595,0.000168973681316007,-0.00439168976219468,0.00128558990386465,0.00108282622180306,2.44758742811643e-05,0.00231274415306454,-1.89592752878136e-05,-0.00864802618500995,0.0117195155095243,-0.51525494612019,-0.0176899358655648,-0.00885655622037123,0.0109401831015894,-0.000217694250002166,-0.0021280135157818,0.000139151291940337,-0.00738024231441127,0.000871318328703068,0.00308982889121975,-0.0132195926036754,0.000140333620906532,-1.75338996517385e-06,-0.00025309635247196,-0.00135685834670746,0.000232761950076435,-0.000923012276407972,-0.291181117469278,7.19737789958043e-05,0.00209620154515684,-4.00836052661588e-06,-2.06365296041957e-05,2.0899982948626e-05,-1.63747856921283e-05,2.93435532302621e-16,-2.18947953802493e-17,-4.5512555890148e-16,-2.07540213271352e-05,-7.11870649793169e-16,-7.58603250207212e-05,-0.000223506213619417,6.79132899069925e-05,4.12560542700917e-05,-7.02174356901135e-16,-1.12835170013243e-15,-8.70239600212236e-05,-0.00199604077101497,-6.82729717226837e-06,5.61326190989265e-05,-7.50595200790713e-16,-1.56875388137235e-15,0.0214859748110026,-6.71799713341618e-06,-0.707106781186548,-6.19316722085836e-05,-1.62508148438086e-06,-7.42150054769502e-07,-9.8444605505622e-16,-2.04743644519628e-15,6.67446025155664e-16,-1.28527834620127e-15,-8.73824905886245e-16,4.88498130835069e-15,-5.1939742679271e-06,-2.9628423422227e-16,4.35599337067508e-06,1.4917627251021e-05,-7.27741454067548e-16,-3.00653359835799e-16,-2.03070999676619e-16,-2.85876819732278e-16,-8.56292276517022e-17,9.90625604877138e-17,-3.71833029477414e-16,-4.36905808796122e-06,3.90545589611165e-16,9.16046953141948e-07,-9.44983490600096e-17,-1.84284841340309e-15,-8.65343047193379e-16,2.16240695018811e-16,1.48040648372311e-15,-3.30244188322282e-16,-9.17021650001507e-16,-1.18052868772493e-15,5.63919804919612e-15,1.0390817771085e-14
"t95",0.0524003279293067,-0.0639259919623869,0.112360711431609,-0.0724680443583381,-0.00269143361855051,0.10642898047452,-0.00153816612663604,0.000661491407862496,-0.378623056822266,0.0645839249183412,0.00533719037802561,0.0023739338832456,-0.00160442092286451,0.000307054831198757,-0.00807012008031938,0.00254972546090601,0.00220360623958451,0.000660065436968589,-0.0663963441927404,0.000112110296536771,0.0171351070078313,-0.00949382455893675,0.394083582872581,0.0107217157074161,0.00510901888889026,-0.00349786276855454,6.47212817918019e-05,0.000466416975381826,-2.55087749452126e-05,0.000800165575696213,-8.12935741131291e-05,-0.000251398943409045,0.000900128786716119,1.89933211159406e-05,-2.91108392886061e-07,-4.99892952886304e-05,-0.000318448762140271,5.56043117848057e-05,-0.000277057963659822,-0.091296391345396,2.24625190145607e-05,0.000649248575459088,-1.02592399380928e-06,-4.54295537866748e-06,4.35238126388535e-06,1.06328433198416e-05,-2.07081267995759e-16,-5.58240281890115e-18,-1.95151396637478e-16,-1.40246952231226e-05,3.34951188881279e-17,-5.2293589970337e-05,-0.000157185746206196,5.18694123064506e-05,3.1866242367991e-05,-5.84608591048449e-16,-1.63094364253586e-16,-0.000100282617657319,-0.00302468496310102,-1.09715392905787e-05,9.46016416631864e-05,-7.1755711114106e-16,2.33662500525514e-15,0.371105745599596,-0.000539520670068988,6.62393293371737e-16,1.78634898941346e-05,3.70479171829848e-07,1.27911755767395e-07,-9.97403734993354e-16,1.29159472152323e-15,-1.04061925458321e-16,-7.64543249482789e-16,2.4786913191057e-16,1.40165656858926e-15,-1.67134295962221e-06,-5.53610035812312e-16,1.59232513174964e-06,5.48282449270627e-06,1.98510684242434e-15,-1.46624309348091e-16,-2.25063474489154e-15,2.67420733806942e-15,-2.40812218267018e-16,-2.75334921220068e-15,-6.3516867223025e-16,-1.96487072138605e-06,2.27884197439898e-15,4.17428344747206e-07,-3.5498487142458e-17,-4.90595760370187e-15,-6.87809842291358e-16,-9.51896002050437e-16,3.47180219269584e-15,9.60548862770139e-16,7.35675171073265e-16,-0.707106781186548,1.76108754512078e-14,5.86068575054559e-15
"t96",0.0524003279293067,-0.0639259919623869,0.112360711431609,-0.0724680443583381,-0.00269143361855053,0.10642898047452,-0.00153816612663604,0.000661491407862489,-0.378623056822266,0.0645839249183411,0.00533719037802594,0.00237393388324535,-0.0016044209228646,0.000307054831198747,-0.0080701200803194,0.00254972546090567,0.0022036062395846,0.000660065436968553,-0.0663963441927404,0.000112110296536858,0.0171351070078313,-0.00949382455893652,0.394083582872581,0.0107217157074163,0.00510901888889031,-0.00349786276855449,6.47212817917811e-05,0.000466416975381723,-2.55087749454555e-05,0.00080016557569631,-8.12935741133828e-05,-0.000251398943409286,0.000900128786716117,1.89933211158951e-05,-2.91108392868128e-07,-4.99892952885845e-05,-0.000318448762140237,5.56043117849658e-05,-0.000277057963659943,-0.0912963913453965,2.24625190142197e-05,0.000649248575458821,-1.0259239925875e-06,-4.54295537824793e-06,4.35238126380598e-06,1.06328433198181e-05,-5.94496428731402e-17,1.47073827889332e-16,-7.89593129030665e-17,-1.40246952230177e-05,-4.38783347446717e-16,-5.22935899709098e-05,-0.000157185746206703,5.18694123056225e-05,3.18662423681822e-05,-5.23078838641672e-16,-9.37050902983124e-17,-0.000100282617657744,-0.00302468496310168,-1.09715392914534e-05,9.46016416638685e-05,2.79908887545614e-16,1.8196345738253e-15,0.371105745599595,-0.000539520670068412,-2.30856155749543e-16,1.78634898947045e-05,3.70479172264122e-07,1.27911755375292e-07,6.26297433209085e-16,1.09730116359942e-15,1.32635699086283e-16,2.47559326424051e-17,-1.77134899412645e-15,-8.11850586757146e-16,-1.67134295754748e-06,9.17437505828842e-16,1.5923251316383e-06,5.48282449341055e-06,-3.704786158786e-15,4.17084028160837e-16,6.22067331314697e-16,-4.20570883877043e-18,6.82928754474255e-16,3.38063263655079e-15,4.91433198220671e-16,-1.96487071932639e-06,-2.08966255877366e-15,4.17428346415652e-07,-1.38255752676368e-15,-1.13813821388024e-15,-9.19842141112798e-16,5.36355434051545e-16,-1.53635862605407e-15,-1.84935790190153e-15,-2.63213506334282e-15,0.707106781186547,-6.12024932250877e-15,1.47441134200866e-14
"t50",0.051971596233304,-0.0629992350506045,0.110313313470979,-0.0709796542582644,-0.00262509590082307,0.103546363664301,-0.00149635445630471,0.000641755291079007,-0.361753777445806,0.0598215327470822,0.00485594505355338,0.00215181123415685,-0.00145310251765316,0.000274434040732756,-0.00720505062807622,0.00226100966772356,0.00194998339667609,0.000552033170706387,-0.0551661645034812,9.2125318436932e-05,0.0137712497635333,-0.00739112399059857,0.30607210356602,0.00824566519236117,0.00392084075816489,-0.00261851539939046,4.83108374776595e-05,0.000344208360901832,-1.87114283024198e-05,0.000578322513202697,-5.85551541365297e-05,-0.000180572765328534,0.000644437252643168,1.25948524426751e-05,-1.89413266024951e-07,-3.17783928239481e-05,-0.000195559341792062,3.3991349415777e-05,-0.00015328188149937,-0.0469875480295849,1.1334711181495e-05,0.000323539356761181,-4.74054110590263e-07,-2.05784078661718e-06,1.9616071620106e-06,4.44893284164697e-06,7.3875064537087e-16,-5.29439825283162e-16,3.83899085964371e-16,-2.44074438096354e-06,1.11373526442392e-15,-6.64392770923751e-06,-1.32673036728856e-05,-4.04236361990145e-06,-3.16736174017474e-06,1.32271146051621e-15,4.47796831528256e-16,7.93560886468281e-05,0.00351501545180372,1.35024176702976e-05,-0.000121429325594122,4.71028009499178e-16,-5.1272966353454e-15,-0.849455521390548,0.00128180777593291,1.80836284854066e-16,-0.000164078167605129,-4.0748768371783e-06,-1.76441833653652e-06,-1.15436573232686e-17,-2.42234969021537e-15,1.3382148519786e-16,8.92214773080523e-16,2.57049887403764e-15,3.82333054105288e-15,-6.62689808322479e-06,-9.51364235476783e-16,5.19012973322015e-06,1.77187995385468e-05,1.62911907852194e-15,-5.22955078259017e-16,1.7606667902179e-15,-3.58706892264898e-15,5.00199970759611e-16,-3.57904084582885e-17,-6.20641337137973e-16,-4.57526224040863e-06,4.09046185638265e-16,9.51011790558867e-07,-8.39838978245594e-16,3.00214076574294e-16,-7.08782708045389e-16,8.89918164322846e-16,9.2440789590163e-16,-3.46390425050111e-16,-6.92383288616869e-16,-1.14981836269672e-15,5.50677331527781e-15,1.05689818796704e-14
"t97",0.0571377554132829,-0.0767922554716541,0.145880597052587,-0.0997688838639332,-0.0040827450171883,-0.285698900174423,0.0213471867467151,0.00207376550913792,0.0531431282171687,0.0429112465215926,0.00429507463318457,0.00197406042195011,-0.00134361443227592,0.000287011852054209,-0.00761001111875216,0.00254388066023797,0.00223804238228699,0.00141404450764545,-0.170180586565434,0.000456772105843449,-0.19511723318011,0.000792940586811031,-0.00491090057375448,0.00289085451182562,0.00168302225078965,-0.00412927242728612,8.57221949230533e-05,0.000997705180372724,-7.3363800880662e-05,0.00668528311930637,-0.00102573174716894,-0.00506077558100814,0.0448795238067051,-2.27345097885496e-06,-0.207758290201129,6.9925421252023e-06,3.16769552521449e-05,-5.24760969858055e-06,4.66186533339868e-06,-2.90705919740537e-06,-4.22021612788356e-08,-3.28484913140424e-06,9.74649480231823e-08,8.1706404281229e-07,-9.33724211346594e-07,6.75177856235976e-06,1.89761438886865e-17,-9.94482939441441e-17,-2.03346754333938e-17,-3.07599916778469e-06,4.97575903784063e-16,-1.14340642875176e-05,-1.0747945051706e-05,1.10450798275878e-05,6.75479004332049e-06,-1.00914088028559e-16,-4.52496860451011e-16,-1.59076761030583e-05,-0.000121865332817545,-1.35613653612607e-06,1.08411880323752e-05,2.03715519982302e-16,7.67088147057798e-16,9.27769059728602e-05,5.20615590936926e-06,2.07897163299912e-16,-4.82267007614035e-06,-3.82962000266405e-07,-5.80580905321479e-08,-9.01267789779148e-16,-1.85458685674458e-17,4.13886732048221e-17,1.49329736250692e-16,2.108535867592e-15,1.87350135405495e-16,-1.32484264974865e-06,-1.63045619882933e-15,1.13124739339203e-06,3.87720082268156e-06,3.27664874580947e-16,-2.18373233609552e-16,2.64147385878467e-15,1.90638107542005e-15,-1.42796269496484e-16,4.11169430912351e-16,-3.32431589982608e-15,0.500405927632646,1.80780726806267e-15,3.30749562242342e-07,-1.13135861101706e-15,-1.84521587804705e-14,-1.30363019370941e-15,-9.543939384687e-16,1.81100799081221e-15,1.93085688705302e-15,-8.6292122215489e-16,-1.32104117148709e-14,-0.70710678118654,4.96148994751303e-14
"t98",0.0571377554132829,-0.0767922554716541,0.145880597052587,-0.0997688838639332,-0.00408274501718832,-0.285698900174422,0.0213471867467151,0.00207376550913794,0.0531431282171687,0.0429112465215925,0.00429507463318457,0.00197406042195007,-0.00134361443227585,0.000287011852054188,-0.00761001111875211,0.00254388066023772,0.00223804238228703,0.00141404450764547,-0.170180586565434,0.000456772105843335,-0.195117233180111,0.000792940586811212,-0.00491090057375445,0.00289085451182566,0.00168302225078955,-0.00412927242728613,8.57221949230429e-05,0.000997705180372661,-7.33638008808997e-05,0.00668528311930622,-0.00102573174716917,-0.00506077558100837,0.0448795238067052,-2.27345097877462e-06,-0.207758290201129,6.99254212526754e-06,3.16769552521607e-05,-5.24760969832119e-06,4.66186533339581e-06,-2.90705919729462e-06,-4.22021612770423e-08,-3.28484913160661e-06,9.74649490743163e-08,8.17064042426854e-07,-9.33724211372975e-07,6.75177856237681e-06,-2.25547062243586e-17,-7.16949132677935e-17,1.20736474352013e-16,-3.07599916763826e-06,1.78386784204744e-16,-1.14340642884897e-05,-1.07479450512922e-05,1.10450798279798e-05,6.75479004323741e-06,7.89447630479076e-17,-3.41475629455846e-16,-1.59076761027472e-05,-0.00012186533281677,-1.35613653659337e-06,1.08411880323088e-05,4.67393488330747e-16,-2.33139418265669e-16,9.2776905972567e-05,5.20615590932627e-06,5.54568641159574e-19,-4.82267007631089e-06,-3.82962000223629e-07,-5.80580903813946e-08,-1.00535118293501e-15,1.6419071397584e-18,6.54329552015531e-16,-4.42210970576897e-16,1.5534243552796e-15,-1.59594559789866e-15,-1.32484265140671e-06,-8.94940698877646e-16,1.13124739267028e-06,3.87720082179256e-06,-2.55891498942826e-15,4.79521872349269e-16,3.21046315893421e-15,-2.68022779506264e-15,-1.30648645815723e-15,-4.66983460073598e-15,-2.94552152685969e-15,0.50040592763264,5.00405453236213e-15,3.30749564525966e-07,-2.30756925458798e-15,-1.91044148074377e-14,9.94675389163261e-16,-4.24041073110932e-16,3.58088706678885e-15,-5.77062871379878e-15,-3.08742183649447e-16,1.0215828343004e-14,0.707106781186555,-2.63729383821829e-14
"t99",0.0571448759280016,-0.0768091332792953,0.145920785850088,-0.0997998114503102,-0.00408425928333321,-0.285815134662269,0.0213559024671784,0.00207469303269571,0.0531782462621124,0.0429572107966818,0.00430063576451215,0.00197670644674204,-0.00134542882679044,0.000287444836091774,-0.00762158724078933,0.00254795141223635,0.00224167792037667,0.00141720558955022,-0.170572314174031,0.000457873583363399,-0.195629313853111,0.000795250641062297,-0.0049253098973328,0.00289958318209177,0.00168813449545975,-0.00414267063053573,8.60023468310656e-05,0.00100105684356557,-7.36137536146379e-05,0.00670882345613435,-0.00102937010376233,-0.00507883376535401,0.0450407602286627,-2.28283270734178e-06,-0.20864079206492,7.02324491216932e-06,3.18224485560478e-05,-5.2718473696981e-06,4.68581066432289e-06,-2.92293807694481e-06,-4.24361682686602e-08,-3.30323133450233e-06,9.80385059019232e-08,8.21930061058073e-07,-9.39301420900483e-07,6.79376112413115e-06,2.49331750550068e-17,7.09956077536026e-17,-8.62137643090745e-17,-3.10010101490023e-06,-2.22531397871606e-16,-1.152674311154e-05,-1.08375925338271e-05,1.11462646542098e-05,6.81734849555808e-06,-1.0690509628077e-16,4.11863820599765e-16,-1.6094719331926e-05,-0.000123411831552186,-1.37355124323369e-06,1.09816265509411e-05,-2.90999409585717e-16,-6.36548842738109e-17,9.41321076992475e-05,5.28277398318454e-06,-1.86948655722353e-16,-4.9103136099546e-06,-3.90046354197615e-07,-5.91529089217577e-08,1.04395305119811e-15,9.87442226871537e-18,-1.69289808804671e-16,3.59209798005914e-16,-2.05079660754735e-15,3.58393870136808e-15,-1.37462991962867e-06,1.18815629682395e-15,1.18856196464296e-06,4.07728261703165e-06,1.13329595236518e-15,-1.7022728389958e-16,-1.39741183230465e-15,2.47644790505301e-15,1.5812727528043e-15,1.51797386183621e-15,2.02621463650044e-15,-0.4995934513936,-3.5159304230717e-15,1.94751123745319e-07,6.95699256644142e-16,1.24538043423934e-14,-1.46616664542832e-15,-1.84563633950286e-15,-9.88923725556066e-16,-2.45678823735331e-15,1.43737531519081e-15,5.03050328853056e-15,-3.41458605762272e-14,-0.707106781186538
"t100",0.0571448759280016,-0.0768091332792953,0.145920785850088,-0.0997998114503101,-0.0040842592833332,-0.285815134662269,0.0213559024671783,0.00207469303269572,0.0531782462621124,0.0429572107966817,0.00430063576451222,0.00197670644674195,-0.00134542882679049,0.000287444836091761,-0.00762158724078932,0.00254795141223628,0.00224167792037665,0.00141720558955001,-0.170572314174031,0.000457873583363517,-0.195629313853111,0.000795250641062428,-0.00492530989733276,0.00289958318209171,0.00168813449545972,-0.0041426706305357,8.60023468310482e-05,0.00100105684356569,-7.3613753614598e-05,0.00670882345613439,-0.00102937010376257,-0.00507883376535416,0.0450407602286623,-2.28283270733287e-06,-0.208640792064919,7.02324491200628e-06,3.18224485563602e-05,-5.27184736974469e-06,4.68581066424427e-06,-2.92293807737039e-06,-4.24361684159096e-08,-3.30323133445203e-06,9.80385063111011e-08,8.21930061720095e-07,-9.39301420866734e-07,6.79376112408824e-06,7.99464618903805e-17,-1.4064194715776e-16,-3.97210077529497e-17,-3.10010101489241e-06,-3.37023147285874e-16,-1.15267431109704e-05,-1.08375925349619e-05,1.11462646539027e-05,6.81734849564161e-06,-1.04240217528065e-16,5.71457792921882e-16,-1.60947193316039e-05,-0.000123411831551867,-1.37355124305389e-06,1.09816265513454e-05,-1.41813190651725e-16,-4.21595196598681e-16,9.41321076995736e-05,5.28277398228013e-06,-8.33617000208772e-17,-4.91031360980164e-06,-3.90046354162897e-07,-5.91529079243451e-08,5.16597122641252e-16,1.23328672402566e-16,-2.34819627604805e-18,1.40634639247715e-16,-8.7118464388307e-16,1.87697080100691e-15,-1.37462992071808e-06,1.02161870859124e-15,1.18856196420374e-06,4.07728261699263e-06,1.67452967687801e-15,-6.66405969052116e-16,-4.31868616583486e-15,-2.4224111911055e-15,6.32500366064811e-16,3.7540329622097e-15,3.07386019248556e-15,-0.499593451393603,-2.1368798030974e-15,1.94751123149529e-07,-1.58185872454343e-17,1.7269396711705e-14,-1.17125041398337e-15,3.9274903195499e-15,-4.97422566380893e-16,4.47986166989824e-15,-3.93008257211768e-15,-5.07438155860519e-15,4.11731016962834e-14,0.707106781186556
"t91",0.0556519457514395,-0.0732059179456259,0.137248400386948,-0.0930810283170193,-0.00375134420664892,-0.260078183779123,0.0194254914284156,0.00186765552277252,0.0449890912463176,0.0312322083941294,0.00280552904251911,0.00125740768962222,-0.000850997255396044,0.000164706914654806,-0.0043295753318953,0.00136648608425244,0.00117983074119301,0.00031791699170503,-0.031467009680913,5.25795619048496e-05,0.0070458852738427,-0.00022350134364283,0.001482231927955,-0.00111853834084448,-0.000682967719943034,0.00265761841345773,-5.77238183191858e-05,-0.000793804629696045,6.33755206428588e-05,-0.00696002654857048,0.00111211654554363,0.00567016489494141,-0.0522001233633167,5.67363769221187e-06,0.615723796406232,-2.55626319453326e-05,-0.000159410628270203,2.7583692369086e-05,-8.2879549222656e-05,-0.000852409794700577,-2.56152848177132e-06,-0.000135781746722065,1.54036191856358e-06,1.13750577989157e-05,-1.2634767811851e-05,6.70696998539625e-05,6.76034740894282e-18,1.80937077678209e-16,8.29734195348259e-17,-1.4326722426589e-05,2.83446389524046e-16,-5.03211825880356e-05,-4.5317137138158e-05,4.14835261274869e-05,2.50814089331633e-05,1.90341602901823e-16,6.61672907541008e-17,-4.91227370765766e-05,-0.000361386344902233,-3.99859077951038e-06,3.18333127544859e-05,-1.88078145741415e-16,-8.52276821619602e-17,0.000259073791681212,1.44977075659749e-05,2.46940532178617e-17,-1.25910247996363e-05,-9.95418082868922e-07,-1.5020935709768e-07,-5.53166793662478e-16,3.0006102401481e-16,2.99610542036256e-16,-7.96862762054688e-18,2.80357544975496e-17,3.06005221162309e-15,-3.10485121520872e-06,-6.15861340171507e-16,2.60500679074076e-06,8.9215794849068e-06,-7.11290805028716e-18,2.66191546285862e-16,-1.05440754181947e-15,-1.79981027636538e-15,1.06201964085655e-15,-1.10434526375439e-16,1.38953119153932e-16,-0.000499888315363333,-1.86647123952442e-15,5.50931995090938e-07,-3.85471186315584e-16,-1.04125306147532e-14,-3.72665971223795e-15,7.15229163998443e-15,-2.72363913571035e-14,0.707106781186547,2.637570084178e-15,6.02897010142016e-16,9.47436989317422e-15,7.01880834013519e-15
"t92",0.0556519457514395,-0.0732059179456259,0.137248400386947,-0.0930810283170193,-0.00375134420664896,-0.260078183779123,0.0194254914284156,0.00186765552277255,0.0449890912463176,0.0312322083941295,0.00280552904251907,0.00125740768962241,-0.000850997255395905,0.000164706914654773,-0.00432957533189527,0.00136648608425265,0.00117983074119301,0.000317916991705263,-0.031467009680913,5.25795619052594e-05,0.00704588527384269,-0.000223501343642816,0.00148223192795491,-0.0011185383408444,-0.000682967719942974,0.00265761841345781,-5.77238183191303e-05,-0.000793804629696828,6.33755206427737e-05,-0.00696002654857042,0.00111211654554363,0.00567016489494131,-0.0522001233633166,5.67363769217761e-06,0.615723796406232,-2.55626319453792e-05,-0.000159410628270171,2.75836923690185e-05,-8.28795492226788e-05,-0.000852409794700622,-2.56152848160114e-06,-0.000135781746722125,1.54036191847514e-06,1.13750577989919e-05,-1.26347678117503e-05,6.70696998539131e-05,3.28810170674738e-17,2.64203653652674e-16,-1.73794540965248e-16,-1.43267224264305e-05,-6.55039010979215e-16,-5.03211825895452e-05,-4.53171371386907e-05,4.14835261273297e-05,2.50814089331285e-05,-2.32027634313928e-17,-1.50673322332378e-16,-4.91227370764889e-05,-0.000361386344902476,-3.99859077953559e-06,3.18333127545869e-05,1.86622125069561e-16,-5.28873304661289e-16,0.000259073791681105,1.44977075658177e-05,-2.45122439822296e-17,-1.25910247993152e-05,-9.95418082873228e-07,-1.50209358499732e-07,8.07723777059726e-16,-2.33811998459939e-16,-3.69512219221096e-17,-1.60624293976593e-16,5.97025054618045e-16,-9.74914593498966e-16,-3.10485121673461e-06,2.12468390489149e-16,2.60500679087558e-06,8.92157948570126e-06,-2.79295897548781e-17,-3.4786906324462e-16,1.34644974894381e-15,2.26346743575516e-16,-3.70637957711871e-16,5.99067650912737e-16,-6.34922612491935e-16,-0.000499888315367478,2.34036712517678e-15,5.50931995483484e-07,-1.08395591596863e-15,6.49061493516484e-15,2.35178931573269e-15,-7.05181895303404e-15,2.92261695992259e-14,-0.707106781186548,-4.5047063024354e-15,-2.12393069072229e-15,1.65288112425094e-15,1.36312172978175e-14
"t34",0.0528860728518718,-0.0665166000939037,0.12112798570266,-0.0805820608483434,-0.00313112891785393,-0.212088866468914,0.0158259050839916,0.00148122572168948,0.0296176015479301,0.0089358142977137,-6.21733309596985e-05,-0.000124902780345508,9.95826779501066e-05,-7.29736034590896e-05,0.00204925451024944,-0.000931900621243981,-0.000888466099615423,-0.00191554124971899,0.252919233566965,-0.000785400747054252,0.437323100947129,-0.00249716325794172,0.0158472995620198,-0.0103097238943637,-0.00613205842585164,0.0193549770292843,-0.000413961980039339,-0.00543232108504842,0.000426659801254382,-0.0461288692798935,0.0073824801261149,0.0377499669474582,-0.349386055424127,-2.81180191829993e-05,-0.183557493374136,-2.83234824607087e-05,-0.000286528269198065,5.09151476615547e-05,-0.000185788576313318,-0.00195331777682594,-5.88268767735632e-06,-0.000312120848530236,3.5446263884604e-06,2.61630010498862e-05,-2.90558746027415e-05,0.000153749936833411,-6.35053943042136e-19,2.77511306346503e-16,3.04036681585305e-16,-3.17658308531071e-05,-1.84242103863497e-16,-0.00011098821067493,-9.95141306645963e-05,8.98494452755046e-05,5.42408253160547e-05,-4.64795353198637e-16,-8.09865223194243e-16,-0.000103115284906063,-0.000752532926138338,-8.31659472715188e-06,6.61522289839872e-05,4.08094937581198e-14,-0.707106781186548,0.000532450477361083,2.97766992468756e-05,1.56619529687197e-15,-2.54496879515785e-05,-2.00961786392422e-06,-3.02873648165485e-07,-7.71356208944082e-16,4.12117993584199e-16,-5.76648062634005e-16,-7.71531104368944e-16,-1.75804789742913e-15,2.41820452551167e-15,-6.06869008438984e-06,-9.02225938167609e-16,5.05241315055758e-06,1.72964714442708e-05,-5.92996137019848e-16,-2.34194221462848e-16,-9.23455803606993e-16,-5.77748990567755e-16,2.01018795917275e-16,2.44942192334313e-16,-2.48492373335533e-16,-0.000184722096144344,2.17169920458049e-16,1.04331245741901e-06,-1.00034917724102e-15,-1.76123873987868e-15,-1.21858721091643e-15,1.04000605686366e-15,5.22964987752283e-16,-2.16539574791915e-16,-8.98205906957328e-16,-9.34495856983451e-16,5.52990891288727e-15,9.99306729779107e-15
"t35",0.0528860728518718,-0.0665166000939037,0.12112798570266,-0.0805820608483434,-0.00313112891785389,-0.212088866468914,0.0158259050839916,0.00148122572168945,0.02961760154793,0.00893581429771371,-6.21733309598988e-05,-0.000124902780345359,9.95826779501829e-05,-7.29736034590894e-05,0.00204925451024943,-0.000931900621244142,-0.000888466099615453,-0.00191554124971872,0.252919233566965,-0.000785400747055021,0.437323100947129,-0.00249716325794166,0.0158472995620199,-0.0103097238943637,-0.00613205842585181,0.0193549770292843,-0.000413961980038929,-0.00543232108504826,0.000426659801254523,-0.0461288692798936,0.00738248012611503,0.0377499669474581,-0.349386055424128,-2.81180191829854e-05,-0.183557493374136,-2.83234824607101e-05,-0.000286528269198089,5.09151476614802e-05,-0.000185788576313482,-0.00195331777682619,-5.88268767802133e-06,-0.000312120848530777,3.54462638989341e-06,2.6163001049959e-05,-2.90558746024349e-05,0.000153749936833166,4.45095235624897e-17,-6.10667113282596e-16,-1.33912885071452e-16,-3.17658308532834e-05,-1.77086501701265e-17,-0.000110988210675952,-9.95141306642065e-05,8.9849445275745e-05,5.42408253163996e-05,1.57747389174657e-16,1.07751391916683e-15,-0.000103115284907285,-0.000752532926122072,-8.31659472532876e-06,6.61522290038282e-05,-4.09272069829553e-14,0.707106781186548,0.000532450477352801,2.97766992492032e-05,-1.73671827545884e-15,-2.54496879545636e-05,-2.00961786405698e-06,-3.02873656272968e-07,4.56828012139949e-16,-5.93647379196594e-17,6.17965637495687e-16,5.91961547426169e-16,2.33589950587602e-15,1.04083408558608e-17,-6.0686900853502e-06,6.79841871815856e-16,5.05241315028692e-06,1.72964714444783e-05,1.0098883547724e-15,2.37664087623948e-16,7.00245369904777e-16,3.79818368171434e-16,4.11030656847938e-16,1.06164334360019e-16,-1.13060507293621e-16,-0.000184722096145039,1.06147791199236e-16,1.04331245706744e-06,-5.58441045042913e-16,-1.66409422522398e-15,-2.74902648286925e-16,-7.36336208884515e-16,1.41808470690247e-15,-7.23563430399753e-16,-8.02378893293134e-16,-5.67154328749334e-16,6.30201255860495e-15,1.06997503450469e-14
"t6",0.0485275787790985,-0.0561674773526571,0.0964686959985246,-0.0616003112879536,-0.00220159080434505,-0.14074398553648,0.0104762190481608,0.000912066165253063,0.00817623484937127,-0.0181920507983376,-0.00321540058287586,-0.00160887283381723,0.00111455769696749,-0.000303630405592657,0.00818728712899909,-0.00302118669039456,-0.00273360137815265,-0.00267057909227254,0.3263472815156,-0.000881279559252839,0.344072202761136,-0.000632078921777637,0.00330169156738331,-0.000135117139478043,0.000191827500957294,-0.0122841713045478,0.000296871745515171,0.00584369827869713,-0.000551057235972827,0.0883872885023573,-0.0153867229657176,-0.0842178622557852,0.842381703311951,0.00062116210145427,-0.0315076452488429,-0.000835997154323546,-0.0036908511602886,0.000617466211264975,-0.00119087327077857,-0.0104252460594313,-3.03011062453449e-05,-0.00157533114723276,1.6245119402715e-05,0.000117554062687403,-0.000129935821684697,0.000648148512329003,2.45865030683476e-16,1.45959143749346e-16,4.59704432629865e-17,-0.000107818753137945,4.87045344941854e-16,-0.000368833720848858,-0.000325289492679376,0.000280251296898827,0.000168369444572312,1.45300537245752e-16,5.24339297477338e-16,-0.000294614447555943,-0.00210831664547061,-2.32343440015966e-05,0.000184433713997824,1.27332718305781e-16,2.9542868627659e-16,0.00144732678466514,8.08249215753903e-05,1.39804458533686e-16,-6.67576470792014e-05,-5.2586972585875e-06,-7.90526659545748e-07,1.36922396908153e-17,-4.90562540373556e-17,3.46737899316676e-17,4.35920150317943e-17,1.53905492600272e-16,9.40220123979429e-16,-1.49231383969539e-05,-2.44381237971335e-16,1.2253344452322e-05,4.19185450194221e-05,1.10320747075486e-16,-7.24778710339282e-17,-1.63449767603652e-16,-2.16476542421243e-16,2.36645444844942e-16,2.72525849429785e-16,-2.01801902896195e-16,-0.000113775540021285,1.89239437821891e-16,2.4290928878893e-06,-6.59102701155743e-16,-1.99495940970151e-15,-8.08426666557339e-16,8.81955593599955e-17,1.10416130190553e-15,-3.32631745649037e-16,-8.85038044848679e-16,-7.31864789574821e-16,5.77934446233535e-15,1.05444162149787e-14
"t2",0.0409375791032946,-0.0378784631867084,0.0524950722901146,-0.0275552958155119,-0.000516767423730882,-0.0105953207924926,0.000714674286354517,-0.000133938946043974,-0.032963732505323,-0.0761209575614109,-0.0104951239151729,-0.00509811254436848,0.00351093152837391,-0.00088903854661182,0.0238651622728714,-0.00858932653844551,-0.00772011056378591,-0.00662760925315237,0.781118254646265,-0.00185548066062787,-0.586844457807096,-0.0136204879186685,0.0809102902391537,-0.0423842566651838,-0.024229324038194,0.0497255165954709,-0.0010069367805613,-0.0102961712228305,0.000683485749916966,-0.0378811897594708,0.00459267156955071,0.0170244262602276,-0.0851581669177753,0.000564208838544705,-8.77729848841937e-06,-0.000911228838077213,-0.00436367523759698,0.000736090277390293,-0.00158575554506894,-0.0144348193066175,-4.22851710260628e-05,-0.00220832602150192,2.32707291356337e-05,0.000169147405435104,-0.000187163186273066,0.000946127051375015,1.56831902354016e-16,-2.33987708609051e-16,-1.58734960971283e-17,-0.000165019396387252,-2.11703125202824e-16,-0.000566957347352833,-0.000501686166393321,0.000436181664620119,0.00026228752532969,-1.71773579047391e-17,-1.74321133725523e-16,-0.000465684386191454,-0.00334289818723327,-3.68558603913756e-05,0.00029265273271515,-8.61711093290928e-17,-7.27739116436596e-18,0.00230516722157784,0.00012875640298014,4.06632269815391e-17,-0.000106833770443364,-8.41816125806118e-06,-1.26588048367924e-06,-1.1838663399134e-16,-1.32960539904268e-17,1.41309993592697e-16,8.2496368270758e-17,1.18114982924354e-16,1.55431223447522e-15,-2.40491961475981e-05,-3.46151007673709e-16,1.97700190981902e-05,6.76368536370136e-05,1.18667864835763e-16,-1.63726587438944e-16,8.06065339149271e-17,-2.32158708486196e-16,1.91011424877803e-16,3.24112152023441e-16,-3.01212740566278e-16,-2.27629670047778e-05,2.53369747733558e-16,3.92997873136602e-06,-7.04231920989505e-16,-2.2664260992652e-15,-7.0266897201298e-16,1.09703368663478e-16,9.63537632038345e-16,-3.7166373889755e-16,-9.70294917994248e-16,-7.37390324183521e-16,5.72113739001216e-15,1.03680360264625e-14
"t38",0.0663763577285777,-0.155657648311215,-0.20639448124715,-0.00347201934418297,-0.00200827214566121,0.00146716174461185,0.0039851976113704,0.00116702147206683,0.0152360524359331,0.0628368827055841,-0.00240928768157629,0.000235535987400421,-0.000294952586536987,0.00145021445491132,-0.098727985296569,-0.00321702775572774,-0.0019913929434157,3.55112979070777e-05,-0.00320127549412171,-6.63810722054299e-08,0.00114034125029702,-0.000546450130651548,0.00100904232846001,-0.00357327450431297,-0.00227177075527212,0.0925195951365808,0.00436520181357833,0.00417233984510358,-0.000222905502802986,0.0279503364713678,-0.000914044313804831,-0.0795181672710989,-0.00893833386444936,-2.06839546490866e-06,6.38935540988202e-09,-0.00628515529102022,1.60054275256977e-05,-2.4557559020094e-06,-1.01167555475719e-06,-9.34616881174823e-06,-8.68091046350594e-08,-4.52315006112431e-06,1.79736038694638e-08,-1.05530939056969e-06,0.00628155338635878,2.16868913871215e-06,5.22219241754303e-16,2.14652697885051e-16,-1.15636139324104e-16,4.6750707954899e-06,-1.27159860603545e-15,2.53991033044278e-05,1.31289402460487e-05,-0.473385161756425,0.000239048625478312,1.08135943551532e-16,1.26292127644401e-15,-2.60024660831576e-05,-3.46918781743062e-05,-7.36517592951443e-07,4.18220473557691e-06,9.94425731169246e-16,1.33021728758113e-15,-0.00113954122676461,-0.815312258969353,-3.17766581797426e-15,-5.69938758794923e-06,-1.08628885359074e-06,-6.40063940869239e-08,1.21937304476765e-15,-1.68963265879022e-15,7.36253171880821e-16,-7.88116103533293e-16,4.29705903023544e-15,8.95117313604032e-16,-2.37464203593944e-06,-9.43221134702438e-16,2.13629622504291e-06,0.00765755968297045,1.03938970062104e-15,-5.48905188161342e-17,-1.96411213298083e-15,-1.0558408837218e-17,-1.04032862517978e-16,8.77668028821016e-16,2.47802040955064e-17,-7.52404301092104e-07,2.09946457451423e-16,0.00130189425106912,-7.13990934015822e-16,-4.63535811508537e-16,-5.92330126279499e-16,-7.69050837252504e-18,6.88951985750788e-16,-2.01274067964273e-16,-7.15841790555584e-16,-9.80089087890257e-16,5.84374512777788e-15,9.93251911051095e-15
"t80",0.0676338350690131,-0.160962303066537,-0.215315216762914,-0.00364212598043527,-0.00212754854738633,0.00156349634852872,0.00424787768148715,0.00125201233120866,0.016956354366476,0.0755410408124499,-0.00303367003567586,0.000299516503462515,-0.000375890923487478,0.00191495760582309,-0.130746055295168,-0.00434007181281443,-0.00270215944827276,5.68068409284982e-05,-0.00522652566427636,-1.12234860804444e-07,0.00207430626019938,-0.00111172165077743,0.00207089083525482,-0.00760851210759086,-0.00487635993301831,0.219111286021116,0.0104620098542949,0.0104929910727531,-0.000575535495227868,0.0771449093816462,-0.00256321624497225,-0.225960010120605,-0.0257960379643062,-9.23865713263148e-06,3.2773836909155e-08,-0.0392301626321179,0.00014544966184999,-2.37138810366433e-05,3.24566539340677e-05,7.75399357377384e-05,6.03603879855547e-07,2.85676710153226e-05,-7.42613809815074e-08,4.01249572001729e-06,-0.0234168322368292,-6.33223217901819e-06,-1.38524349856708e-16,2.38820704093078e-16,1.66578687163568e-16,-5.23960341082976e-06,1.34865929813471e-15,-2.55463275608234e-05,-1.20965283809119e-05,0.334301259974057,-0.000164020235192313,-4.13266411601533e-16,-8.87126027925091e-16,1.19474618046561e-05,2.39070178392591e-05,6.44654817995567e-07,-4.90785220682579e-06,1.00190182736361e-16,-3.02636453050954e-16,-3.67088645078038e-05,-0.0201949623472218,5.98675473169679e-17,-1.14844869343548e-07,-2.62171409119264e-08,-1.82574427056439e-09,1.76367452134463e-16,3.6162661137561e-16,1.00329063889985e-15,-2.70873117624063e-16,1.02359800534626e-15,-1.02695629777827e-15,-3.54411595746428e-07,3.85498033324937e-16,3.76253016497875e-07,0.00135867539456639,-2.62345716410615e-16,-1.19680428451501e-15,3.50119742663482e-15,-3.02185192368785e-15,-5.80969993629972e-15,1.19543727213678e-14,-3.47656242187903e-15,-9.02123241383348e-08,-7.7956372552124e-15,-0.81835470180583,4.60773368227647e-15,1.83038485304089e-14,-4.11459176398821e-15,2.27782616604609e-15,-1.98073330301177e-15,-6.53515535439418e-16,9.89803034783202e-16,3.36489593964575e-16,6.92606104865401e-15,9.99481822540976e-15
"t81",0.0676471106883881,-0.161018017581804,-0.215408626986844,-0.00364390383990377,-0.00212879101340031,0.00156449786217083,0.00425060833969263,0.00125289395493034,0.0169739902501248,0.0756683231840724,-0.00303984682863541,0.000300147793894264,-0.000376689079728904,0.00191949917192887,-0.131058715999773,-0.00435098859083248,-0.00270905893119287,5.70062814499658e-05,-0.00524541808997139,-1.12659811874437e-07,0.002082851484727,-0.00111680339838398,0.00208042456198792,-0.0076445528529629,-0.00489959687038042,0.220226287835559,0.0105156313893261,0.0105482658316186,-0.000578610099131113,0.0775707754670317,-0.00257746950489136,-0.227223970487208,-0.025941315428321,-9.29837692190328e-06,3.29918709954098e-08,-0.0394998854143806,0.000146495457190912,-2.38853363963415e-05,3.2717434906855e-05,7.82021655929311e-05,6.08836452129963e-07,2.88175873801983e-05,-7.4944281592164e-08,4.04983417866896e-06,-0.0236353768690614,-6.39373226675797e-06,2.71330893380873e-16,1.55097197938141e-16,3.99793326427759e-16,-5.30358736207058e-06,1.24733253379018e-15,-2.58689219947424e-05,-1.22536668388443e-05,0.339065659219061,-0.000166383083607023,-7.15752412381906e-16,-1.02901986043903e-15,1.21652332321971e-05,2.43767341324696e-05,6.57469026710362e-07,-5.00625021397448e-06,-1.00140826010526e-15,-3.71739504449078e-16,-3.75368996077409e-05,-0.0206538500496573,7.63444328055348e-16,-1.18052383666061e-07,-2.69621539396183e-08,-1.87860644884062e-09,-9.21918635813258e-16,-6.8133765287121e-17,-6.51391183440382e-16,-1.36798626551789e-15,3.08763207358245e-16,3.48332473976143e-15,-3.74359212598597e-07,-4.75027095470817e-16,4.0432203068138e-07,0.00146178967291854,-3.0878805984138e-15,1.54105792381836e-15,1.00302910895785e-15,5.94672364756944e-15,3.3291082687319e-15,-3.38345305898234e-15,2.03311114099851e-15,-2.5189691916719e-07,3.34247758298052e-15,0.406379465445514,0.707106781186544,-2.08034221749749e-14,2.27623429003364e-15,-5.29778407945557e-15,-8.67258513744225e-16,-6.25838287919761e-16,-1.50000947276683e-15,-3.2999422506779e-16,5.50406856672422e-15,1.09066697104844e-14
"t82",0.0676471106883881,-0.161018017581804,-0.215408626986844,-0.00364390383990377,-0.00212879101340028,0.00156449786217084,0.00425060833969267,0.00125289395493035,0.0169739902501248,0.0756683231840723,-0.00303984682863551,0.000300147793894222,-0.000376689079728793,0.00191949917192879,-0.131058715999773,-0.00435098859083262,-0.00270905893119305,5.70062814500196e-05,-0.00524541808997147,-1.12659811863161e-07,0.0020828514847269,-0.00111680339838411,0.00208042456198785,-0.00764455285296312,-0.00489959687038053,0.220226287835559,0.0105156313893261,0.0105482658316186,-0.000578610099131157,0.0775707754670318,-0.0025774695048915,-0.227223970487208,-0.0259413154283209,-9.29837692199926e-06,3.29918709516352e-08,-0.0394998854143803,0.000146495457191034,-2.38853363963102e-05,3.27174349069197e-05,7.82021655930176e-05,6.08836451715277e-07,2.88175873802056e-05,-7.49442812125578e-08,4.04983417877202e-06,-0.0236353768690612,-6.39373226680856e-06,-3.13370255142946e-16,-9.81725192460986e-17,2.29064319543223e-16,-5.30358736214689e-06,1.91693579551773e-15,-2.58689219964778e-05,-1.22536668386611e-05,0.339065659219062,-0.000166383083606813,-5.21383816214382e-16,-8.93711693307051e-16,1.21652332308666e-05,2.43767341321557e-05,6.5746902668541e-07,-5.00625021375332e-06,4.64433077095102e-16,3.38099223457567e-16,-3.75368996075787e-05,-0.0206538500496576,-5.02652374741833e-16,-1.18052383149409e-07,-2.69621528273198e-08,-1.87860625584012e-09,-8.24774113825332e-16,-2.33697456014697e-16,-6.82500263156323e-17,1.43532687063846e-15,-1.2733046027324e-15,5.50948175970234e-15,-3.7435921480484e-07,1.0957407897763e-16,4.04322031447904e-07,0.00146178967291895,2.754668068695e-15,-6.54948306311288e-16,-4.83951955810357e-15,-2.44933797615831e-15,2.57797921643578e-15,-6.22146011284523e-15,1.48927388599935e-16,-2.5189692200708e-07,5.1861605094832e-15,0.406379465445505,-0.707106781186551,-6.49542294511823e-15,-1.98218835779766e-16,3.38578116617929e-15,5.58227984505162e-15,-1.01685351464991e-17,-2.06836075499889e-15,-1.8936062999302e-15,4.32590346159393e-15,1.02292274540647e-14
"t51",0.0667203499118905,-0.157104286643419,-0.208822796138555,-0.00351827096415886,-0.00204063689524389,0.00149326959962988,0.00405638363227906,0.00119002329212738,0.0156981719959169,0.0661980106067994,-0.00257302793438376,0.000252283438668949,-0.00031613026381561,0.00157101945047658,-0.107046317721619,-0.00350781385096262,-0.00217523731671476,4.08661630015347e-05,-0.00370885518472643,-7.78094127050662e-08,0.00137051695683626,-0.00068352671060507,0.00126622496924247,-0.00454572401435227,-0.00289877047597549,0.122608695841608,0.00581218192089429,0.00566368660486061,-0.000305849162676375,0.0394337080541406,-0.00129832965403138,-0.11359217508815,-0.0128541906888739,-3.66897765400252e-06,1.22209557743125e-08,-0.0134786191457668,4.37604511965403e-05,-7.00293430909797e-06,5.77934716513259e-06,7.61915563505315e-06,4.65896858545542e-08,1.82801655535466e-06,9.69792150596715e-10,-1.3090552065469e-07,0.000878895247550236,6.82289344044569e-07,6.88783006287679e-17,1.467424583403e-16,-3.20832825840591e-16,3.55841430278106e-06,-1.97457240941039e-15,2.03788343408204e-05,1.09837731584681e-05,-0.452155951571928,0.000231993605524748,6.59746154412958e-16,1.44387023113741e-15,-4.68069808620021e-05,-0.000139690119002037,-4.03866260047787e-06,3.24276349069309e-05,6.8106296333333e-16,-1.25286741015905e-15,0.000672273052043945,0.408268205627464,1.62235579853346e-15,-1.75950868013875e-06,-3.60044024876346e-07,-2.26294689529568e-08,-2.05905709148403e-15,3.40577542669013e-15,0.707106781186547,1.23879646965739e-15,-3.7940156764075e-15,1.14977471987743e-14,-1.47220086465115e-06,-4.40798282457917e-16,1.39185895802733e-06,0.00500038296350954,1.09421416431296e-16,-1.03565746199804e-16,9.97334663090333e-16,3.72062209824482e-16,1.28416867455923e-15,-5.05049773282735e-16,-3.9650342581209e-16,-5.38692603846142e-07,8.13895640550964e-16,0.00160549810401394,-1.0126691808171e-15,9.19123722742611e-16,-3.81457540375842e-16,-7.99657014541666e-17,1.56135298599125e-15,-7.84300282315343e-16,-1.21560433036256e-15,-1.21341431765808e-15,5.56180783710809e-15,1.04656783200377e-14
"t52",0.0667203499118905,-0.157104286643419,-0.208822796138555,-0.00351827096415885,-0.00204063689524395,0.0014932695996299,0.00405638363227903,0.00119002329212739,0.0156981719959169,0.0661980106067993,-0.00257302793438372,0.000252283438669098,-0.000316130263815606,0.00157101945047657,-0.107046317721619,-0.00350781385096268,-0.00217523731671478,4.08661630015e-05,-0.00370885518472647,-7.7809413239361e-08,0.00137051695683605,-0.000683526710605175,0.00126622496924232,-0.00454572401435229,-0.00289877047597525,0.122608695841608,0.00581218192089451,0.00566368660486077,-0.000305849162676506,0.0394337080541406,-0.00129832965403153,-0.113592175088151,-0.012854190688874,-3.66897765410608e-06,1.22209558325918e-08,-0.0134786191457665,4.37604511966207e-05,-7.00293430943132e-06,5.77934716497177e-06,7.61915563526833e-06,4.65896862597676e-08,1.82801655527348e-06,9.69793234878509e-10,-1.30905520816903e-07,0.000878895247550448,6.82289344145528e-07,1.76405769480847e-16,-4.06076812078084e-17,-5.07280210998348e-16,3.55841430256935e-06,-2.22784203690344e-15,2.03788343412203e-05,1.0983773159347e-05,-0.452155951571928,0.000231993605525112,8.23541250420638e-16,1.60346479759969e-15,-4.6806980862874e-05,-0.000139690119002141,-4.03866260041427e-06,3.24276349073997e-05,-8.05161374709766e-16,-1.05091712958252e-16,0.00067227305204384,0.408268205627463,4.46191474027139e-16,-1.75950867803075e-06,-3.60044032353595e-07,-2.26294744597392e-08,2.08519729295372e-15,-1.77227876873325e-15,-0.707106781186548,-1.9061567480632e-16,5.77487483053957e-16,-1.47798440153224e-14,-1.47220086083392e-06,9.32797313218855e-17,1.39185895785691e-06,0.00500038296350784,-2.72217748296401e-16,2.20832210244528e-16,3.45078636114992e-16,-3.70800740567298e-15,2.93132265115722e-16,-1.74017284556606e-15,1.41358277995029e-16,-5.38692603236481e-07,-1.57529341025236e-16,0.00160549810401238,-8.52404226572528e-16,-1.93970056566716e-15,-1.11601827719131e-15,6.28811444554665e-16,1.16710575200233e-15,-9.14653795820255e-18,-1.07298234272117e-15,-9.34456914847958e-16,6.15478345707286e-15,1.06083345847998e-14
"t69",0.0664301556571721,-0.155835539645447,-0.206643297156001,-0.00347615417896015,-0.00201039594258626,0.00146849691548247,0.00398879626390853,0.00116781383367277,0.0152075778956935,0.0618542500152915,-0.00233525117006086,0.000227354649514491,-0.000284434540725565,0.00137344031945785,-0.0933425750681795,-0.003006104894199,-0.00185343811895856,2.67338275446866e-05,-0.00229861579546215,-4.31106843144964e-08,0.000526609727385919,-4.22671855237035e-06,-3.98365911002299e-05,0.000937550352453184,0.000720078185887452,-0.11189505884428,-0.00591142407738198,-0.00856605585318034,0.000564289577693961,-0.117279295551846,0.00431876482439526,0.414953825369988,0.052449337820751,-6.03994941759178e-05,1.4036678559483e-07,-0.124671105464499,0.000353665782512209,-5.61399284229618e-05,5.30301476405463e-05,0.000108776978320838,8.18454057562885e-07,3.79565742123161e-05,-8.86240228343118e-08,4.67089394076594e-06,-0.027092886450907,-6.74076202108601e-06,2.34289928054669e-16,-1.41813288333724e-16,-7.86248435211808e-17,-3.07601573676207e-06,9.57184141269074e-16,-1.31126948302867e-05,-5.42304122258561e-06,0.0706378766706206,-2.96386093537819e-05,2.00533076942948e-16,2.3215593860348e-16,-9.56235817809322e-06,-3.1777109417693e-05,-9.17660149605069e-07,7.33516058608835e-06,-9.98132992567078e-16,7.73293196965037e-17,4.0175850582533e-05,0.0102963205504971,6.79901295392515e-16,-1.24677249202517e-06,-2.45390575309796e-07,-1.48945532157016e-08,-2.11292346606261e-15,1.08374325391352e-15,1.01620662630186e-15,3.26151948318691e-16,7.93804020940882e-15,1.29757316003065e-15,1.77738674483919e-07,4.58421613907337e-15,-2.28471795748598e-05,-0.826471803043567,3.64147066445554e-14,-1.77311292576589e-14,-4.2363864563741e-16,1.49070851858349e-14,8.79454985359756e-16,-1.56487459139558e-15,8.06924980373307e-16,-6.60635288332041e-07,1.79420410378404e-15,0.000290054421764841,-9.29769263494583e-16,-3.21093250910285e-15,-7.45633443089415e-16,-9.76332804509789e-17,1.46850877659538e-15,-9.19948588301601e-16,-5.76357591745661e-16,-2.48703271574369e-16,5.18142549881361e-15,1.0412935597203e-14
"t72",0.0665324020365013,-0.156259679705793,-0.207349366557769,-0.00348953204236075,-0.00201966867227166,0.00147593416684622,0.00400907005715194,0.00117432327546561,0.0153335736242392,0.062694650499348,-0.00237384992659509,0.000231250066651881,-0.000289345663356276,0.0014000539353083,-0.0951670481699858,-0.00306805688074169,-0.00189224032589181,2.75179320188713e-05,-0.00236817135510588,-4.44817623793808e-08,0.000544953397257004,-4.39157282026706e-06,-4.14024515798997e-05,0.000975571224957642,0.000749471258860261,-0.116804764485989,-0.00617286514961239,-0.00895656232321487,0.000590417178924002,-0.122911186693005,0.00452784641444503,0.435175822290182,0.0550247554042544,-6.38629709064156e-05,1.48683468225931e-07,-0.132341023636933,0.000376571922684355,-5.97993768470075e-05,5.69385022032017e-05,0.000117392929977758,8.84441808508969e-07,4.10502161848123e-05,-9.62924805350284e-08,5.08087429229143e-06,-0.0294793359335139,-7.36392422437087e-06,1.85213629832093e-16,-2.94342426786323e-16,-1.76896856540217e-16,-3.45484644256135e-06,2.39631953890494e-16,-1.47993672334183e-05,-6.14694208682203e-06,0.0813093277355589,-3.41820994858762e-05,-1.75188986622089e-16,-6.57509013499163e-16,-1.16141358690407e-05,-3.94288092888087e-05,-1.14271078535417e-06,9.15869204166961e-06,-6.16342725986061e-17,-1.30363348830079e-17,5.23033904722424e-05,0.0134437816982737,1.04212727677112e-16,-1.80804860057959e-06,-3.59918421218423e-07,-2.21279221129267e-08,7.49455859550184e-16,-3.91084891464389e-16,6.5978869199e-17,-8.93809874057668e-16,-5.49595021015092e-15,2.62984078958084e-15,-1.85624226506804e-06,-1.88526460799956e-15,1.25332414143116e-05,0.3980016627687,-1.81700501323678e-14,7.67326300749349e-15,-8.69140385174196e-16,-1.30283001946465e-15,-0.707106781186547,9.65469658035898e-15,-4.28464463381986e-15,-3.72151448959858e-07,-1.06861719573646e-16,0.000171517874815622,-5.00026261260616e-16,-7.21913373586888e-15,2.24520881875463e-15,-1.6197235149648e-16,-3.48829432381721e-16,4.49004990950433e-16,-6.58579184892201e-16,-4.14898191420894e-16,5.31482074735545e-15,9.97058161217272e-15
"t73",0.0665324020365013,-0.156259679705793,-0.207349366557769,-0.00348953204236073,-0.00201966867227167,0.00147593416684622,0.00400907005715195,0.00117432327546562,0.0153335736242392,0.0626946504993479,-0.00237384992659529,0.000231250066651926,-0.000289345663356561,0.00140005393530833,-0.0951670481699858,-0.00306805688074133,-0.00189224032589178,2.75179320188418e-05,-0.00236817135510589,-4.44817623997638e-08,0.000544953397256798,-4.39157282018615e-06,-4.14024515800706e-05,0.000975571224957811,0.000749471258860282,-0.116804764485989,-0.00617286514961276,-0.00895656232321495,0.000590417178924101,-0.122911186693005,0.00452784641444499,0.435175822290182,0.0550247554042545,-6.38629709062285e-05,1.48683468043012e-07,-0.132341023636933,0.000376571922684247,-5.97993768471152e-05,5.69385022031136e-05,0.000117392929977865,8.84441808664959e-07,4.10502161848736e-05,-9.62924799878062e-08,5.08087429254831e-06,-0.0294793359335139,-7.36392422447735e-06,-3.68087205444951e-17,-1.33172058166199e-17,2.70122347062645e-16,-3.45484644261981e-06,-3.29357346229519e-16,-1.47993672339905e-05,-6.14694208704651e-06,0.0813093277355595,-3.41820994859813e-05,-3.57886806811089e-17,-5.72947582351281e-17,-1.16141358690565e-05,-3.94288092883807e-05,-1.14271078534412e-06,9.15869204121674e-06,3.37785807745027e-16,-1.94525261375958e-16,5.23033904725986e-05,0.0134437816982726,-2.62952054448325e-16,-1.80804860099525e-06,-3.59918422168532e-07,-2.21279223375508e-08,1.06864498220814e-15,-3.9344274331874e-16,-9.83605700533706e-16,7.02135723322656e-16,-1.55465847273155e-15,-2.32452945780892e-15,-1.85624226721926e-06,-2.80119854171086e-15,1.25332414155299e-05,0.398001662768701,-1.67336990942452e-14,9.21134019052884e-15,1.87866160079193e-15,-1.24466936291396e-14,0.707106781186548,-7.58845452256873e-15,2.8842074394138e-15,-3.72151446377639e-07,-8.01396226643361e-16,0.000171517874805501,-6.16069941391983e-16,5.13209741308598e-15,-3.90774308081772e-15,8.20955182502919e-16,1.75460887780206e-15,-9.37337761943647e-16,-1.52554685250441e-15,-1.29099548854366e-15,6.52129985710614e-15,1.09309271741759e-14
"t19",0.0610047665233757,-0.132928829638105,-0.168104184684061,-0.00274107571884489,-0.00149475868844993,0.00105194949467601,0.00285296776112356,0.000800238275359511,0.00776311922174779,0.00700887288808168,0.000348940667252372,-4.73620134859533e-05,6.29964680061469e-05,-0.000610613341526145,0.043275740341694,0.00176852369114159,0.00116466744201557,-5.82335133373132e-05,0.0056811242411002,1.33093440460915e-07,-0.0028182068675345,0.0016764070182159,-0.00313138710748952,0.0115242292323829,0.00737162246969077,-0.2947188034403,-0.0136457048801101,-0.0113059570547742,0.000518978754273051,-0.0168899739880801,-3.17280503914736e-05,-0.0524720112760099,-0.0135774603793382,0.000160476582957464,-4.48259273953732e-07,0.482000945882486,-0.00174233857011229,0.000284829418532654,-0.000475985234780911,-0.00143118037304466,-1.19752222582581e-05,-0.000594662979941408,2.16431442821136e-06,-0.00013004383493521,0.780830441856646,0.000358289506608793,-2.95562120515426e-15,4.56336082736948e-16,3.19513192706948e-16,-5.07401500383062e-05,-9.21869580766288e-17,-0.00017476150042425,-5.96766445338203e-05,0.0745156064555901,4.02688859916621e-05,9.28417814073532e-17,-1.05398782879351e-16,-0.000131462617326312,-0.000376540514438573,-1.06702154172841e-05,8.41409107655665e-05,2.72642715925694e-16,-2.4217962778408e-16,0.000277851148519727,0.0107078583447848,2.83363934752456e-16,-1.22754455977078e-05,-2.40793254355428e-06,-1.45786403364342e-07,4.6782119607688e-16,-5.27279427842888e-17,3.46746521223413e-16,-1.48621736691468e-16,3.83931621112175e-16,1.76247905159244e-15,-6.95587538850171e-06,-2.64312760120522e-17,5.82718817169641e-06,0.0034039836574947,-3.78485660201706e-17,-8.56809926304146e-17,-1.93546688779544e-16,3.01582021129339e-16,1.56943829693622e-16,4.69522681554213e-16,-3.98266357542211e-16,-2.28773093095968e-06,9.89075092286268e-17,0.000170175924572926,-4.24207397298932e-16,-2.42132638702842e-15,-6.99758888410185e-16,1.92725115279248e-16,9.67315111528524e-16,-4.40017357829419e-16,-6.21813538630809e-16,-6.49322809735471e-16,5.56903626186857e-15,1.06147321898372e-14
"t12",0.0597418908991905,-0.127584860520746,-0.159101067946952,-0.00256920634511217,-0.00137400939611115,0.000954312726135618,0.00258672472604746,0.000713987267292444,0.00600560250576669,-0.00612191280038204,0.000997576484216287,-0.000113885445074586,0.000147166915243784,-0.00109505494721986,0.0766556315529032,0.00294015929485875,0.00190629665155541,-8.01339496526807e-05,0.00775332659565451,1.79494223901278e-07,-0.00373081287965404,0.00217521556879751,-0.00405749344570058,0.014845942255446,0.0094841220360984,-0.371942136956644,-0.0171642598059842,-0.0139477063011442,0.000627900266549661,-0.0134475314011393,-0.000345167828121761,-0.0966900597147,-0.0211470920231385,0.000211216463551006,-5.8930526066834e-07,0.634063321313792,-0.0023016642285174,0.000376576186464428,-0.000653687232673298,-0.00212191647331136,-1.84796765224872e-05,-0.000949577237076614,1.26046663094603e-05,0.000207011811065401,-0.621351848482908,0.00028511408933113,2.05036274637347e-15,-1.0519674214164e-15,-1.11199368117009e-16,-5.63078016761205e-05,1.96614085597242e-17,-0.000194128328980921,-6.6103327724595e-05,0.038279115048611,6.94089374444553e-05,-3.52293444082726e-16,-3.04579421737037e-16,-0.000154203594644652,-0.000440713817204147,-1.24849005084148e-05,9.84279997429534e-05,-2.08251531778653e-16,5.90862888705841e-17,0.000316781193496776,0.00694935905747702,3.12076206839535e-17,-1.43582557948361e-05,-2.81602406764323e-06,-1.7046572102827e-07,4.25638180107759e-17,1.38045334945092e-16,1.84191449051261e-16,2.67283269312564e-17,1.14169084126425e-16,2.17881268582687e-15,-8.10639259151227e-06,-1.6628619042854e-16,6.74480864944731e-06,0.0024661660757227,1.10337369864081e-16,3.27721099176426e-17,5.76511526210467e-16,-2.82679341472836e-16,1.4495679495328e-16,3.61554075988824e-16,-2.75856480871355e-16,-2.65944763179668e-06,4.20440505271066e-16,0.00012699911575335,-5.75999868009153e-16,-2.19052370096868e-15,-6.97567556344524e-16,-3.05517603375959e-17,9.86469035408744e-16,-4.48502625395215e-16,-1.06716309896045e-15,-8.38046649152034e-16,5.64282713057633e-15,1.03148742921635e-14
"t7",0.0544971622448189,-0.105408725442178,-0.121757896841738,-0.00185653535706187,-0.000873575622647228,0.000549794024880057,0.00148366774860268,0.000356768856592399,-0.00125906665411931,-0.0601726090532653,0.00366086995828504,-0.000386883094278671,0.000492542941495838,-0.00307899067035853,0.213334529707582,0.00773267004479478,0.00493891421055527,-0.000168819783897238,0.0161333449730418,3.66676160802604e-07,-0.00738985435297901,0.00414550946005556,-0.00770930975367874,0.0278286504570468,0.0177211091897092,-0.656255039141643,-0.0299342040045483,-0.0225212410765713,0.000925898381291677,0.0339193729815392,-0.00289321777075773,-0.402905849226356,-0.0685767665403564,0.000557956057953623,-2.17559073065241e-06,-0.556722126898589,-0.00274274309860877,0.000467783089718814,-0.000996158090778513,-0.00321687878844654,-2.7715451879154e-05,-0.00141007575257817,1.4304661906095e-05,0.000104675362165902,-0.00664475760811344,0.000568053863468743,4.3863270866274e-16,3.22891254285059e-16,-8.70587169366497e-17,-9.50054026625041e-05,2.34757358271505e-16,-0.000325280307868059,-0.000109949018435091,0.00914960493335666,0.000143932864677038,-1.1778047029097e-16,2.20283323156771e-16,-0.000258898846734232,-0.00073613678328971,-2.08383918218218e-05,0.000164194753291888,-1.9664490250537e-16,-9.75579741421465e-17,0.00051262310903708,0.00226152935388235,-2.45865715489693e-16,-2.37227245360092e-05,-4.65011063284825e-06,-2.81332454254771e-07,-2.52983168631434e-16,1.25031110333567e-16,1.76824801019416e-16,1.47677647123134e-16,2.19672391214734e-16,8.50014503228635e-16,-1.32112172292147e-05,-5.29194541038446e-17,1.08770700914933e-05,0.000972508321968703,1.16826446422406e-16,-5.16732194209075e-17,1.14047179975631e-16,-3.46148556161971e-16,1.79689918223671e-16,7.58743174586492e-16,-2.00889123036007e-16,-4.28920266106062e-06,3.53076129911901e-16,5.31118717092682e-05,-7.47009838516332e-16,-1.85484875362717e-15,-8.17456388611239e-16,1.67352895432091e-16,8.01538018042329e-16,-3.79319866601941e-16,-7.82119363642643e-16,-8.18982365013915e-16,5.63157612469318e-15,1.0300353487452e-14
"t93",0.0552086831812432,-0.107134919730576,-0.123290669386356,-0.00186868385592521,-0.000859670763293802,0.000527201936587555,0.00142079233646215,0.000324994207929493,-0.0034152225427613,-0.112190204393164,0.00805045839858451,-0.000890477608032587,0.00114576599160144,-0.00879327522606079,0.621536462613173,0.0259699577308914,0.0174455533265315,0.000729876444911232,-0.052043070911322,-8.06965804479691e-07,0.00923371660734327,-0.00279589877501097,0.0049859427457657,-0.0151777026602325,-0.00932101911596113,0.22512805128264,0.00975106222675141,0.00589626364304514,-0.000210920737224536,-0.00954510572337352,0.00062155311247524,0.0775094733392324,0.0119508044065618,7.52169827138626e-06,-8.11705145460325e-08,-0.00544948554781759,-0.000345037464798514,6.01546210992478e-05,-0.000190743000302159,-0.000719661631923441,-6.40206401242519e-06,-0.000331826886487598,3.68351593454635e-06,2.73598423928488e-05,-0.00112392919593939,0.000159030290896755,7.59870571248226e-17,2.66132468858521e-17,-4.52286367240845e-17,-3.33519939005972e-05,4.28571119581238e-17,-0.000116841775866999,-4.0208472928444e-05,0.00255203654112759,5.62769536376454e-05,5.50881401361646e-17,3.77806532928864e-17,-0.000110254489128784,-0.000320542886836346,-9.1029729349453e-06,7.18932011626656e-05,2.27100392197692e-16,-2.16032345382306e-16,0.000230683842471398,0.000767908637842839,1.54088194773445e-16,-1.11385262889732e-05,-2.18943626390078e-06,-1.32849192171458e-07,1.05569190193123e-16,1.17649443979715e-18,1.34233475142964e-16,5.90528788657279e-16,-5.32163296951845e-17,2.4459601011273e-15,-6.67922062704377e-06,7.81271506072747e-16,5.58372730145052e-06,0.000387420556276927,-2.74861220139261e-16,-1.12253732726684e-16,-2.11016457878821e-15,-2.11243511652496e-16,6.66555315347965e-16,-5.11280744759659e-16,4.23931676358874e-16,-2.29927363599558e-06,-6.5458600282855e-16,2.23727255463418e-05,-9.56200471755379e-16,-4.19080176201445e-15,1.65305901726686e-15,-7.24934355637233e-16,1.67392525567976e-15,-3.90123654424003e-15,0.707106781186547,9.64534300720946e-16,5.62556562017763e-15,1.25303405895062e-14
"t94",0.0552086831812431,-0.107134919730576,-0.123290669386356,-0.00186868385592523,-0.00085967076329378,0.000527201936587566,0.00142079233646215,0.000324994207929488,-0.00341522254276129,-0.112190204393164,0.00805045839858463,-0.00089047760803257,0.00114576599160154,-0.00879327522606075,0.621536462613173,0.0259699577308915,0.0174455533265316,0.000729876444911097,-0.052043070911322,-8.06965803887717e-07,0.00923371660734343,-0.00279589877501082,0.00498594274576584,-0.0151777026602327,-0.00932101911596137,0.22512805128264,0.0097510622267513,0.00589626364304514,-0.000210920737224341,-0.00954510572337358,0.000621553112475355,0.0775094733392322,0.0119508044065618,7.52169827159804e-06,-8.11705145975347e-08,-0.00544948554781764,-0.000345037464798263,6.01546210989406e-05,-0.00019074300030232,-0.000719661631923376,-6.40206401227187e-06,-0.000331826886487474,3.68351593442712e-06,2.73598423923759e-05,-0.00112392919593893,0.000159030290896794,5.05842060409786e-17,-1.14299190444906e-18,-4.9301547215758e-17,-3.3351993900599e-05,-2.13276566526503e-17,-0.000116841775866824,-4.02084729281744e-05,0.0025520365411278,5.62769536374446e-05,7.72070037712923e-17,2.11252463899634e-16,-0.000110254489128509,-0.00032054288683644,-9.102972935483e-06,7.18932011625441e-05,-2.93316650595372e-16,1.03664721243803e-16,0.000230683842471119,0.000767908637842258,-8.41837280944139e-17,-1.11385262890393e-05,-2.18943626397605e-06,-1.3284919222441e-07,-2.63926900344499e-16,8.44192563930896e-17,5.85519144425353e-17,-7.69494417626967e-16,5.15772970425218e-16,-4.44089209850063e-16,-6.6792206282107e-06,-7.00185074552119e-16,5.58372730157495e-06,0.00038742055627633,4.57192086737444e-16,-2.55187666889623e-16,2.55277212466195e-15,1.08010932725432e-17,-1.79121409758567e-16,1.20956563426779e-15,-9.38314643115261e-16,-2.29927363506621e-06,7.48108521205193e-16,2.23727255431371e-05,-3.57255019001774e-16,9.74346706002096e-17,-3.18315094630687e-15,7.43961130957862e-16,2.8314111566267e-16,3.11988615936052e-15,-0.707106781186548,-2.44429828559202e-15,5.70946966240303e-15,8.25949582707199e-15
"t21",0.0395047949230715,-0.0377654275323164,-0.00315672247798855,0.000466508771375115,0.000837715492253056,-0.000875069319185205,-0.0024064046681444,-0.000945757028563045,-0.0339829470190883,-0.55719648000601,0.136334435922503,0.0392364593253238,-0.0247535934856952,0.00367168071830094,-0.152071541120456,0.0118421794538071,0.0102967460174575,0.00101952494585552,-0.0729225305772035,-1.12648553842235e-06,0.0124036174208482,-0.00320361168201609,0.00559385281992732,-0.015183138968689,-0.00902464345618509,0.0542861439275166,0.00066854437197551,-0.00728383618838613,0.000663566386186172,-0.338595939027455,-0.0280777355255661,-0.0796768880666367,0.0251230606851253,3.76506322599252e-05,-2.50590775456952e-07,-0.000277553504144088,-0.000871893060313635,0.000150487393436894,-0.000430304186831854,-0.00157511014409209,-1.39288751648396e-05,-0.000719476987762743,7.84816508423569e-06,5.76788543158325e-05,-0.000118703183416421,0.000334933266277182,9.54321912461161e-16,4.28757562364213e-16,-0.707106781186548,-6.76265784602513e-05,-2.02401744022187e-15,-0.000235972049539127,-8.09317886874612e-05,0.000341145324274457,0.0001148681994704,-6.77590201403237e-16,-1.36877933848828e-15,-0.000217529646190074,-0.000630088431114327,-1.78840429088798e-05,0.000141188838231615,-3.69222244107697e-16,-3.05071379100135e-16,0.00044899885139609,0.00011331884532416,3.37287710889689e-16,-2.16433877790866e-05,-4.25238732836778e-06,-2.57900758877483e-07,-1.23195912514988e-16,1.30551334272369e-16,6.88050173659121e-17,-3.27173002697342e-17,6.26153798960573e-16,1.31145094783847e-15,-1.28231702689597e-05,-3.74143250850834e-16,1.06735844821967e-05,6.31956088202899e-05,4.12363723921278e-18,-2.03378238140093e-17,-2.54245518522221e-16,-3.77192498867429e-16,5.03669797858776e-16,-1.25921258303245e-16,-2.51343027760079e-17,-4.37214841361029e-06,1.82161662152053e-16,3.78145761221545e-06,-5.75036828576455e-16,-1.78805699099816e-15,-5.13497722688543e-16,2.3409133506887e-16,1.00813580309875e-15,-3.01902099835398e-16,-9.15838252324597e-16,-8.07850469828972e-16,5.7192789327602e-15,1.03832846467494e-14
"t22",0.0395047949230715,-0.0377654275323163,-0.00315672247798858,0.000466508771375104,0.000837715492253019,-0.000875069319185198,-0.0024064046681444,-0.000945757028563086,-0.0339829470190883,-0.55719648000601,0.136334435922503,0.0392364593253237,-0.0247535934856951,0.00367168071830091,-0.152071541120455,0.0118421794538071,0.0102967460174575,0.00101952494585629,-0.0729225305772037,-1.12648553851711e-06,0.012403617420848,-0.00320361168201561,0.00559385281992723,-0.0151831389686894,-0.0090246434561849,0.0542861439275166,0.000668544371975523,-0.00728383618838605,0.000663566386186117,-0.338595939027456,-0.0280777355255659,-0.0796768880666368,0.0251230606851255,3.76506322594445e-05,-2.50590775369022e-07,-0.000277553504144265,-0.00087189306031367,0.000150487393437143,-0.000430304186831542,-0.00157511014409195,-1.39288751651218e-05,-0.00071947698776255,7.84816508373771e-06,5.76788543138891e-05,-0.000118703183416861,0.000334933266277664,-7.67501292719754e-16,-5.9819873543122e-16,0.707106781186547,-6.76265784561572e-05,1.16657271296849e-15,-0.000235972049531421,-8.09317886841382e-05,0.000341145324273426,0.000114868199472854,8.59906899873387e-16,1.29228647365651e-15,-0.000217529646189788,-0.00063008843111445,-1.78840429089553e-05,0.000141188838230184,-1.6799432089439e-16,1.99732369749567e-16,0.000448998851396689,0.000113318845324533,-3.01090527538021e-16,-2.16433877794727e-05,-4.25238732890392e-06,-2.57900758322459e-07,-8.27048223128846e-18,7.55956355642147e-17,1.27867498244717e-16,-6.04728758798249e-17,-2.84576025927239e-16,7.42461647718073e-16,-1.28231702695187e-05,1.39334898060654e-16,1.06735844822075e-05,6.31956088201522e-05,3.73619737622601e-16,-1.94103897940772e-16,5.10658132496194e-17,-6.84117201435589e-17,-3.00162803175497e-17,4.67354170771519e-16,-3.87038673783982e-16,-4.37214841377759e-06,4.73595185990373e-16,3.78145761204944e-06,-9.04373727036172e-16,-1.82969035442161e-15,-9.12049572485315e-16,4.66726340025115e-17,1.06191297008482e-15,-5.60593595228358e-16,-8.89159043204162e-16,-9.32562550182869e-16,5.56055327904546e-15,1.03501721628485e-14
"t4",0.0389021640135112,-0.0367238726667674,-0.00304596653629216,0.000447919296983478,0.0007971071668336,-0.00082807433430851,-0.00227666050543241,-0.00088928541136372,-0.0307936758533358,-0.460590323225462,0.105407091542275,0.0298644248095,-0.0187745065453423,0.00261818303356873,-0.107852078789151,0.00810084707934892,0.00696089148000245,0.000408263069656845,-0.0261531103093711,-3.17639397334887e-07,0.0012179526656956,0.000849489602705901,-0.00167260075017104,0.0068636110410179,0.00440464266507191,-0.0554273611564329,-0.00073550463567181,0.0106527384981351,-0.00112511847106189,0.82604948317432,0.0746704169407748,0.227768144045827,-0.0782132397803276,0.00065924365672164,-2.35967918936758e-06,-0.0017902193307604,-0.00412473219251396,0.000691259658907494,-0.00136120494012252,-0.00438709732279653,-3.78134630471116e-05,-0.00192448990480309,1.95446263376062e-05,0.000141513914317953,-0.000290196807610263,0.000782840740425579,1.97551913261842e-16,1.89675394001924e-16,4.93453234121105e-16,-0.000133431318826451,2.09237096246478e-16,-0.000457846920944439,-0.000154984568303676,0.000629422156725539,0.000211124369518457,5.56218220863037e-17,2.55958428366782e-16,-0.000374401280825505,-0.00106784826538816,-3.02419890223782e-05,0.00023836714115673,3.3514140245679e-16,-4.30889216536546e-17,0.000743127878232114,0.000187342786452632,5.25044083188078e-18,-3.48421458672589e-05,-6.83276487581004e-06,-4.13578280289e-07,-9.76764289640869e-17,2.70912837769042e-17,6.8390172371131e-17,2.49191641771321e-17,-2.97277409616721e-16,1.25940924355916e-15,-1.9646206228499e-05,-1.84338008908822e-16,1.61829875399648e-05,9.57644505296819e-05,-1.18901959103375e-16,-2.09316063568405e-16,-2.0056366842773e-17,-1.00420930980916e-16,2.53743588018938e-16,2.29821353264357e-16,-2.58083326177082e-16,-6.44624653269589e-06,1.53273530142975e-16,5.56158529380261e-06,-6.34587528123288e-16,-1.96505073119767e-15,-7.39976244206123e-16,1.46303338167305e-16,9.38669264177475e-16,-4.18891661610379e-16,-9.64406073353761e-16,-8.1522320917597e-16,5.68924575307946e-15,1.03878378735567e-14
"t14",0.0211809385307467,0.0249802457840601,0.0191580132700394,0.0734153326790366,0.0289645399117516,-0.00425102548521383,-0.0935596836104726,0.00721781570751406,-0.00487839395904195,-0.112998150438201,-0.440581626200087,-0.369068857809074,0.346951708408492,-0.064743872513136,-0.0341195620250409,0.0478723708860775,0.0273798813426907,0.00101048810694164,-0.0296333571056076,-0.000238002860517147,0.00466348875858357,-0.00445072378197836,0.0019797813683021,-0.0157861757107236,-0.00907106856609198,0.00534167449363922,-0.00155786650724715,-0.00640041982203762,0.000397168453505428,-0.00413890804129059,0.00251301068766545,0.00129626954279666,-0.00219299041407518,0.000406005710141821,-4.26073707384677e-07,-0.000188293048127497,-0.0153672930792055,0.000205643141824292,-0.00115664274152766,-0.00114044885000681,-3.56226109951513e-05,-0.00218423816068668,2.2655002095745e-05,0.000135890743878128,-4.32354664414887e-05,0.00354018672451727,0.707106781186548,6.42376427439515e-17,1.00213497884248e-15,-0.000622441831174868,-1.16181188016821e-15,-0.000580730177019331,-4.93716620451709e-05,0.000114918373532005,0.000227508043143218,-3.42629499620851e-16,-5.09992699780178e-16,-0.00177863207211315,-0.000368730035375015,-3.38696368148325e-05,0.000266290925821271,-3.44543350641684e-16,-1.35164821293758e-16,0.000261013313144569,3.72344058533205e-05,2.47193594011748e-16,-1.24888723087664e-05,-7.76777715961232e-06,-1.48658636440927e-07,-2.07164462150351e-17,1.11211627811776e-16,1.01017683845972e-16,1.28968218851387e-15,2.66071611519601e-16,1.49359691281603e-15,-2.71644530722809e-05,-1.27861874947111e-16,2.24466212479186e-05,2.07510526807714e-05,2.26950272306737e-17,-2.41631416787346e-16,2.32182010867651e-16,-4.50767666004163e-16,4.53072726389899e-16,1.20823353220961e-16,-7.7144401228473e-17,-2.46729168190461e-06,2.17918608676257e-16,1.24184048774692e-06,-9.85991061423985e-16,-1.8224861032932e-15,-7.30846098696634e-16,2.59341762341898e-16,9.43303443195759e-16,-4.1046577297106e-16,-9.48490994129876e-16,-7.92687100481662e-16,5.67508013326985e-15,1.03841565837799e-14
"t15",0.0211809385307468,0.0249802457840601,0.0191580132700394,0.0734153326790366,0.0289645399117516,-0.00425102548521384,-0.0935596836104726,0.00721781570751411,-0.00487839395904194,-0.112998150438201,-0.440581626200086,-0.369068857809074,0.346951708408492,-0.0647438725131361,-0.0341195620250408,0.0478723708860777,0.0273798813426904,0.0010104881069417,-0.0296333571056076,-0.000238002860517272,0.00466348875858361,-0.00445072378197834,0.00197978136830234,-0.0157861757107229,-0.00907106856609158,0.00534167449363916,-0.00155786650724704,-0.00640041982203785,0.000397168453505042,-0.00413890804129053,0.00251301068766532,0.00129626954279662,-0.00219299041407503,0.000406005710142324,-4.26073707409843e-07,-0.000188293048128124,-0.0153672930792071,0.000205643141823832,-0.00115664274152856,-0.00114044885000759,-3.56226109910894e-05,-0.00218423816068732,2.26550020998971e-05,0.000135890743882488,-4.32354664465764e-05,0.00354018672473065,-0.707106781186547,-2.96584840155212e-16,-1.06625438603354e-15,-0.000622441831174581,1.12802310812094e-15,-0.000580730177018731,-4.93716620446833e-05,0.000114918373531255,0.000227508043142732,3.33489386400708e-16,6.4186368838663e-16,-0.00177863207211153,-0.00036873003537452,-3.38696368146983e-05,0.000266290925820277,4.18734978788139e-16,-7.27145834382465e-17,0.00026101331314349,3.72344058528467e-05,-2.94040131939923e-16,-1.24888723086025e-05,-7.7677771593109e-06,-1.48658636775694e-07,-6.2349809635777e-17,4.39851151208453e-17,-5.90410265817554e-18,-8.47497133902674e-16,1.65457649912828e-16,1.12757025938492e-16,-2.7164453071907e-05,-1.55617450661632e-16,2.24466212482979e-05,2.07510526805764e-05,2.26950272271589e-17,-2.90802138685786e-17,1.21159708407103e-16,-4.13729256736387e-17,7.9958199872596e-17,3.42867957371611e-16,-3.35723098844936e-16,-2.46729168198675e-06,2.73429781234392e-16,1.24184048788495e-06,-3.02558459589504e-16,-2.21800305581591e-15,-7.30849709735571e-16,6.50453982248232e-17,1.02309709131365e-15,-4.28418154143108e-16,-9.08571401921804e-16,-6.4621220727393e-16,5.63782314742342e-15,1.04251074741155e-14
"t27",0.0252875443004001,0.0360489050587864,0.0320327277126442,0.137243471016192,0.0699396293066667,-0.0126309878038412,-0.280675396863005,0.0297038365999024,0.0121056987473846,0.0311292382045481,0.0329093223363676,0.016716358356473,-0.0135478107210113,0.377623265596381,0.00450334695158919,0.00147367463551187,0.00118048667976378,0.00018832877171261,-0.00581132228291518,-5.02435348319729e-05,0.00110706258056428,-0.00119941903289791,0.000537968870334949,-0.00443373597541576,-0.0025653212897381,0.00163076827552084,-0.000479680355715755,-0.00203742621445221,0.000128665203414091,-0.00139960487670893,0.000858315620544797,0.000446412180184798,-0.000762532180108501,0.000188114739081169,-2.22485162943113e-07,-0.000124787577383514,-0.0693049143542233,-0.00164859609461395,-0.000338917006059611,-0.000490039862373053,-1.67570594874829e-05,-0.00109013022459061,1.78761947433273e-05,0.000128762231812797,-4.32592317112952e-05,0.327819804324946,4.9141523904596e-14,-7.58244934295636e-15,1.94050962377155e-15,-0.354742366902034,6.6445012091613e-14,6.05424237593736e-05,-1.05679776586075e-06,1.53966938016138e-05,3.19506539324654e-05,-0.707106781186548,-5.37227955669818e-15,-0.00364363030667406,-8.01482139400184e-05,-7.43826021210617e-06,5.88877790222874e-05,-1.47639588980677e-15,1.54842044360939e-16,6.1778797031027e-05,8.84178802132052e-06,5.67277777476999e-16,-3.17922039379264e-06,-1.98619320418386e-06,-3.81873789109095e-08,-5.94854458866575e-16,6.3776356105498e-17,6.2409346907034e-17,-5.08664755987277e-16,9.26775904224956e-16,3.15719672627779e-15,-7.6756535478578e-06,-2.48147522218314e-16,6.46818200720211e-06,5.98547263711266e-06,1.78169278940846e-16,-2.0430446224181e-16,4.0187648199271e-17,-1.58988056538717e-16,3.33902437689593e-16,-4.79588123601793e-17,-1.86894766421527e-16,-7.47448282360433e-07,3.21027582179803e-16,3.77823951081206e-07,-8.18374328316672e-16,-1.91278171511916e-15,-5.28849824006819e-16,5.0678780755484e-16,7.72788996433891e-16,-4.26475279982884e-16,-9.00795852073077e-16,-7.08281341737393e-16,5.80670936209668e-15,1.04336666504597e-14
"t28",0.0252875443004001,0.0360489050587864,0.0320327277126442,0.137243471016192,0.0699396293066667,-0.0126309878038412,-0.280675396863005,0.0297038365999024,0.0121056987473846,0.0311292382045483,0.0329093223363675,0.016716358356473,-0.0135478107210112,0.377623265596381,0.00450334695158912,0.00147367463551154,0.0011804866797638,0.000188328771712122,-0.00581132228291517,-5.02435348321349e-05,0.00110706258056431,-0.00119941903289796,0.000537968870334753,-0.0044337359754155,-0.00256532128973816,0.00163076827552082,-0.000479680355715391,-0.00203742621445214,0.000128665203413816,-0.00139960487670885,0.000858315620544664,0.000446412180184494,-0.0007625321801089,0.000188114739081257,-2.22485163230315e-07,-0.000124787577383434,-0.0693049143542233,-0.00164859609461372,-0.000338917006059585,-0.000490039862373146,-1.67570594881e-05,-0.00109013022459157,1.78761947431218e-05,0.000128762231813178,-4.32592317117598e-05,0.327819804324947,4.97409054699677e-14,-7.08978787651955e-15,-6.27500720274492e-17,-0.354742366902033,5.93118291583959e-14,6.0542423756423e-05,-1.05679776499034e-06,1.53966938034429e-05,3.19506539343559e-05,0.707106781186548,5.92423971667428e-15,-0.00364363030666915,-8.01482139416854e-05,-7.43826021215008e-06,5.88877790213562e-05,1.64610636695153e-15,-2.82427732496915e-16,6.17787970331991e-05,8.84178802053235e-06,-5.84578615519588e-16,-3.17922039508867e-06,-1.98619320278354e-06,-3.81873785995022e-08,6.43404619880905e-17,3.52927150207718e-16,2.78254980795988e-16,5.33856499158787e-17,-8.91214298598871e-16,-9.95731275210687e-16,-7.67565354767967e-06,7.10415986563953e-17,6.46818200727206e-06,5.9854726374628e-06,5.66747337549201e-16,-2.3968952472029e-16,2.65701700076722e-16,-6.86343993235681e-16,1.62874985364727e-16,1.26380896451978e-16,-4.95149438837281e-16,-7.47448282477979e-07,3.48783596587933e-16,3.77823951302471e-07,-6.74011716097318e-16,-1.9544150785426e-15,-8.75809372076062e-16,-1.65352222799678e-16,1.05031389674002e-15,-5.20941464346447e-16,-8.74797014125052e-16,-7.80348275196575e-16,5.62868655484009e-15,1.04298122870587e-14
"t25",0.0252129999208355,0.035859274150899,0.0318200449745993,0.136213678552839,0.0693069082613465,-0.0125050716253216,-0.277866962270671,0.0293766228671795,0.0119031479514977,0.0302369092842518,0.031732512012298,0.0160934604227739,-0.0130384875175059,0.361392826533948,0.00430781386661157,0.00140556689485162,0.00112490189511472,0.000174891328130145,-0.00537963357273675,-4.62604846801135e-05,0.00100794812186212,-0.00107380348501049,0.000481001842350051,-0.00394276088509207,-0.00227855307062736,0.00142802515607851,-0.00041933264825017,-0.00176905908362282,0.000111309011825603,-0.00119979535847815,0.00073420640604625,0.000381185241626116,-0.000649770583264886,0.000152052537030912,-1.77263742532392e-07,-9.76048539469401e-05,-0.0526461568661623,-0.00124729555913493,-0.000232059356436271,-0.000306732608317432,-1.02012833180799e-05,-0.000651505868641964,9.4003142866097e-06,6.50953795498093e-05,-2.16427714672309e-05,0.137025054166727,2.08887403381051e-14,-3.6505007715884e-15,-2.52161150204032e-15,0.854818242265786,-1.53077707484164e-13,-0.000485961646900846,-2.83927467053558e-05,4.62295783596157e-05,9.0033898955214e-05,-7.74013338584801e-16,-2.60464851202442e-16,-0.00601864545575203,-0.00012461841605589,-1.14761636113199e-05,9.03583561838561e-05,2.82792772619357e-16,4.8004162346397e-17,8.92833310678159e-05,1.27402180352686e-05,1.11960756215008e-16,-4.30551574999136e-06,-2.67962540318763e-06,-5.13174289263828e-08,9.76094341140017e-16,1.63751165663575e-16,-1.60321162399064e-17,3.19892710232903e-16,1.15394178994492e-15,2.17187379192296e-15,-9.57446105326811e-06,-3.19136481096307e-16,7.95946408636773e-06,7.3605718162789e-06,-3.82323556136373e-16,6.99546603602744e-17,-2.92454757017171e-16,-2.84941058673711e-16,2.92435865420605e-16,6.04052547089726e-16,-6.55741086787824e-16,-8.91023880974383e-07,2.43538968952222e-16,4.49261614752997e-07,-7.85224856944529e-16,-1.65149037527625e-15,-8.60324272455273e-16,2.47858518876118e-16,1.01854354610381e-15,-3.42910037940435e-16,-8.88035175442213e-16,-7.74891339793081e-16,5.60652561416252e-15,1.03780284178386e-14
"t20",0.0250571435735087,0.0354618356979542,0.0313736481194243,0.134050300161327,0.0679755355761017,-0.0122398612837258,-0.271951479024078,0.0286866697388571,0.011473465996938,0.0283196965224649,0.0291846602979409,0.0147426573554163,-0.0119335827491438,0.325976274308262,0.00388093532137952,0.0012564219881323,0.00100306416273434,0.000144632776041428,-0.00440433237382307,-3.72106795299817e-05,0.000780097922165025,-0.000779895676962669,0.000347532258925537,-0.002785878120816,-0.00160200504916669,0.000942530473992263,-0.000274564929903314,-0.0011206783311727,6.92146036002528e-05,-0.0007105245585649,0.000429617630546845,0.000220806682296605,-0.000371912239471774,5.81188652174662e-05,-5.76730662704436e-08,-2.43058234990447e-05,-0.00631757744282058,-0.000126510816662955,9.96759473814989e-05,0.00031946656523765,1.28702022400593e-05,0.00092297680997652,-2.55242285834739e-05,-0.000208697524999861,7.23765801869129e-05,-0.873768281651101,-1.31861279259966e-13,2.02335467355054e-14,6.98653465753955e-16,-0.132513059737858,2.49425908103648e-14,-0.000350474895179064,-3.0430742989074e-05,6.70479007140125e-05,0.000131859062370721,2.73408198393132e-16,2.39432882919996e-16,-0.00896649844624713,-0.000183349163864701,-1.6851499491264e-05,0.000132489278326783,-4.88551874401135e-16,-2.35410472508116e-16,0.000128443055301422,1.8307671511084e-05,-8.44640068393199e-17,-6.02008534322914e-06,-3.73939089132992e-06,-7.14654632926309e-08,-4.05330127612027e-16,-3.45272994490366e-16,4.35803894510891e-17,4.34531977420077e-16,-5.17724698603653e-18,-3.22658566531686e-16,-1.27210304848136e-05,-2.35670992926153e-17,1.04656467497972e-05,9.67309050289392e-06,2.84204925139073e-16,-1.25902050484056e-16,-3.69916382319961e-16,7.53810060925075e-19,1.6387826022293e-16,3.85850755687263e-16,6.77449739672421e-17,-1.14037071309046e-06,2.30015947882557e-16,5.73652191891634e-07,-6.80259948247953e-16,-2.10702885610389e-15,-6.81876370832858e-16,8.31276394299806e-17,1.18061913367889e-15,-4.16076256135734e-16,-9.17764974833088e-16,-8.02461373968957e-16,5.68444385364417e-15,1.03615006296702e-14
"t11",0.0248272973029202,0.0348973152538396,0.0307560975597923,0.131111895324868,0.0662327952472504,-0.0119012942469009,-0.264407798800178,0.0278333162033538,0.01106775991317,0.0298323109666248,0.0473853404610203,0.0328380589021768,-0.029625196962641,-0.185603195006341,-0.00171161356893167,-5.17445377934828e-05,1.71012619847157e-05,1.15676530864223e-05,-0.000178465118524926,1.34734886780602e-06,-0.000179737330509315,0.000481930651551508,-0.000227042719486048,0.00225888116719104,0.00135737336970477,-0.00127921046610834,0.000392094978305708,0.00194631563407519,-0.000133037684363919,0.00174204233719154,-0.00111353120060098,-0.000599090156980602,0.00106391807262537,-0.000648048794539676,9.84881856494134e-07,0.000786986503140068,0.920373848796002,0.025183367320348,-0.00297341502061913,-0.00208757540746965,-6.15607891238522e-05,-0.00365763171813856,3.34988242659093e-05,0.000198309797576875,-6.30042459248734e-05,0.0526653656828241,6.89358664769139e-15,-1.27265392851063e-15,3.66118482239598e-17,-0.00612052515845837,1.57925750174286e-15,-0.000512175651960884,-4.29290546051212e-05,9.60965607684235e-05,0.000189615157649055,1.99558377862885e-16,1.30495496995344e-16,-0.0675984072234336,-0.000230017601926043,-2.15127278442383e-05,0.000170821662076001,-9.53864711319743e-16,-7.99526001092916e-17,0.000174285299272723,2.48714035392434e-05,3.8489031717069e-17,-8.28316756655016e-06,-5.14617973781902e-06,-9.83667673460743e-08,-3.13654560058527e-16,-5.90751913566435e-17,1.99818356415997e-16,-3.78454343578105e-16,1.60298255452586e-16,1.2038980923279e-15,-1.73694441217675e-05,-2.66468217150428e-16,1.42338638374877e-05,1.31531134056616e-05,3.70378126859605e-16,-1.55501975472417e-16,2.18254696314262e-16,-6.78310029140132e-17,3.36292845548278e-16,-5.412596762143e-17,-2.31122205595203e-16,-1.53097165180234e-06,-1.16339317500023e-16,7.69144464664375e-07,-5.68798525511742e-16,-2.50001318910317e-15,-6.86080026526078e-16,-1.13600591128724e-17,1.10018530431217e-15,-3.9214018979808e-16,-7.80206772767707e-16,-8.69863032284242e-16,5.73455004719249e-15,1.02329888570392e-14
"t76",0.0257148837431017,0.0371940420644394,0.0333601586512578,0.143810431928906,0.074139628449863,-0.0134880645199871,-0.299811339960403,0.0319980281731475,0.0138178714807987,0.0456221179527235,0.0839928696726716,0.0602644190433589,-0.0547966328350465,-0.394177328290592,-0.0036799081271291,-0.000120790727769918,4.10215284581824e-05,0.000140467564971222,-0.00447050037846752,-4.03768952401482e-05,0.000953374943939194,-0.0011181888124521,0.000504316232062243,-0.00425152910170057,-0.00247183874449237,0.0016638996648861,-0.000492770059661949,-0.00215123069134307,0.000137908378016165,-0.00155893400675557,0.000964927399320721,0.000505773833071828,-0.000871871036056716,0.000289753967947715,-3.85559808894277e-07,-0.000262884594013966,-0.243838754004182,-0.00647156653448964,0.000376653080024119,0.000136129399996544,3.16167050218793e-06,0.000157643487147494,-8.10838837859145e-09,1.86559968096571e-06,-7.40986249787613e-07,0.00225572145064392,1.48400448251406e-16,3.88936521440113e-16,1.89844497778439e-16,-0.00124704648843244,-6.6259123863807e-16,-0.00011689477521736,-1.07357603329099e-05,3.23267169914459e-05,6.61519153478163e-05,1.59085407476856e-15,3.25626221622266e-15,-0.372365255425079,0.000148940654852035,1.1120075904741e-05,-7.56944023793688e-05,-8.04630991698114e-15,-5.92805888367153e-16,-8.87666491589083e-06,-1.0067378877832e-06,-4.10981469628818e-17,-9.42779318998086e-07,-6.22095233915548e-07,-1.25928582304083e-08,1.12106491809459e-15,-7.53207194250155e-16,3.49368090915575e-16,2.80382483090233e-15,5.03965085449674e-17,-9.57567358739198e-16,-4.25615299644734e-06,-6.48690413777214e-17,3.77449173372766e-06,3.50094951548702e-06,-1.1665572396334e-15,-4.45595622892367e-16,2.09752575147462e-17,-2.22996061029747e-15,-1.03595329611448e-14,-2.22405811100934e-14,0.707106781186547,-4.80955489516252e-07,3.70990397959981e-15,2.44775331564411e-07,-1.13712080636308e-15,3.30054348120018e-15,-6.70530144887142e-16,1.76584569215069e-15,1.34049474077926e-15,-7.86359237906701e-16,-1.7113256645895e-15,-1.43251735205327e-15,5.58285729604339e-15,1.00126397212654e-14
"t77",0.0257148837431017,0.0371940420644394,0.0333601586512577,0.143810431928906,0.0741396284498629,-0.0134880645199871,-0.299811339960403,0.0319980281731475,0.0138178714807987,0.0456221179527234,0.0839928696726716,0.060264419043359,-0.0547966328350463,-0.394177328290592,-0.00367990812712909,-0.000120790727769925,4.10215284581779e-05,0.000140467564971464,-0.00447050037846743,-4.03768952398223e-05,0.000953374943939388,-0.00111818881245196,0.000504316232062385,-0.00425152910170057,-0.00247183874449217,0.00166389966488603,-0.000492770059661961,-0.00215123069134277,0.000137908378016059,-0.00155893400675565,0.000964927399320744,0.000505773833071961,-0.000871871036056656,0.00028975396794781,-3.85559808859646e-07,-0.000262884594014136,-0.243838754004182,-0.00647156653448969,0.000376653080024227,0.000136129399996901,3.16167050254943e-06,0.000157643487147636,-8.10838770229197e-09,1.86559968131218e-06,-7.40986249925126e-07,0.00225572145064333,3.32151758457141e-16,9.05640940020711e-17,-3.06347801208396e-17,-0.0012470464884329,-1.76868665364297e-16,-0.000116894775217038,-1.07357603323531e-05,3.2326716990866e-05,6.61519153476266e-05,1.13358199642926e-15,2.39583931982043e-15,-0.372365255425079,0.000148940654852645,1.11200759043457e-05,-7.56944023798872e-05,-5.15973005295575e-15,-1.34179821487101e-16,-8.87666491520295e-06,-1.00673788794519e-06,1.65440742340273e-16,-9.42779318864463e-07,-6.22095234451717e-07,-1.25928580773894e-08,-7.17741964212853e-16,-8.41925153434538e-16,3.21446985839322e-16,5.34806523958074e-16,2.00716458944688e-15,8.43075609324728e-16,-4.25615300061802e-06,5.80448113467925e-16,3.77449173203106e-06,3.50094951373393e-06,1.19266668770461e-15,1.21802586658651e-16,2.20468457265153e-16,1.9680702015664e-15,1.08454991943439e-14,2.28899850191384e-14,-0.707106781186548,-4.80955497537875e-07,-2.98643978771481e-15,2.44775336860738e-07,3.66690817280682e-16,-5.87267425976518e-15,-7.6642152909231e-16,-1.29127650472935e-15,1.30897715675023e-17,-8.29140592180486e-17,-3.176470547166e-16,-3.03407785370312e-16,5.95354971338417e-15,1.10408108781929e-14
"t36",0.0255097034907987,0.0366673223616031,0.0327657872014084,0.140920638581599,0.0723498377627859,-0.0131300258523006,-0.291823914845144,0.0310616994645911,0.013211716087847,0.0422840773194384,0.0764451497310991,0.0546397144437509,-0.049640446800003,-0.352263217480514,-0.00328498768476237,-0.000107075035850076,3.62846668157065e-05,0.000117096177769834,-0.00370068046354957,-3.30306490621049e-05,0.00076140131273797,-0.000862390532495801,0.000387924248057616,-0.00323475011543384,-0.00187624958266457,0.00122824007485213,-0.000362560682385375,-0.0015624304494249,9.94725061658035e-05,-0.0011055089295805,0.000681585019169938,0.000356099658465629,-0.000611549680150544,0.000185601461482577,-2.41330216158732e-07,-0.000159891597878832,-0.142007246546208,-0.00374715904390722,0.000191276038808465,6.25054844754365e-05,1.41098899435911e-06,6.90803701943851e-05,-3.17015612822552e-09,7.06970181253699e-07,-2.78561278519358e-07,0.000750450467942654,1.32328593514834e-15,-5.483681832e-16,-1.77556297921169e-16,3.09735565612841e-05,7.89479852774058e-16,1.17297399321573e-05,1.83571664654025e-06,-1.48689812900444e-05,-3.312458238552e-05,-2.89312413343867e-15,-5.79043569749888e-15,0.847329164525607,-0.00057087341437506,-4.67047965648722e-05,0.000341050136477722,1.48094757619594e-14,6.69469705441198e-16,0.000192528553125593,2.69300831827079e-05,-1.32320571941452e-16,-6.57220473148027e-06,-4.02663743512499e-06,-7.59035434705058e-08,-5.95300330398843e-16,1.83413361840137e-15,-4.1820488307662e-16,-3.44605222476728e-15,-1.7001194793235e-15,3.04964387076723e-15,-1.11773286101687e-05,-7.75826766906325e-16,8.99385793654872e-06,8.30446497949157e-06,2.19029546971969e-16,5.06180263372567e-17,-2.37974856124508e-16,-7.23669241662073e-16,2.66228392212434e-16,5.22489884026061e-16,-2.12741015524661e-16,-9.42585868677356e-07,2.08977398166548e-16,4.73050855164749e-07,-1.52812455100842e-15,-2.85618575342369e-15,-8.04912520521497e-16,1.73272462935693e-17,1.48951659529126e-15,-3.59984571868873e-16,-7.64288318007881e-16,-4.90421188732548e-16,5.46610302642454e-15,1.02078318763451e-14
"t61",0.0089809469332133,0.0337632096296889,0.0317719235895239,0.144000575754185,0.111967071348759,0.00633796998586433,0.110117909546808,-0.384724363479849,0.0102857506877822,0.0251536934182001,0.0243767762863012,0.00279120055922733,0.00196616223680344,0.000329511799862004,-0.00189136382599851,0.00859003897169854,0.00154679308441228,0.000367155020422172,-0.0062361488605984,-0.000124638543235636,0.00117042946757564,-0.00212580439650112,0.000543013557512308,-0.00463036640802764,-0.00268340314445873,0.00177238804691761,-0.00113270734396434,-0.00403448645054001,0.000281444834945235,-0.00138212349196867,0.000850574941656401,0.00044323113600501,-0.000758178055852184,0.000173275766362088,-1.90856486114095e-07,-8.87467544134668e-05,-0.0021926363434106,0.000298143617191072,-0.00120348511023551,-0.00342711614655782,-0.000260591428516299,-0.351230865076109,-4.92793482398006e-05,-0.000114334342652405,3.42068593958981e-05,-0.000363416229277366,-9.98865740273623e-17,7.77001600937607e-16,6.41212992472338e-17,-1.02290320178644e-05,-1.33222899552086e-15,-8.23460868121314e-05,-4.65348410062362e-06,1.4861543145711e-05,3.01620159728689e-05,-1.96884561122393e-16,5.98302795121549e-16,-8.97569373753711e-05,-7.03095614024546e-05,-6.50128823674925e-06,5.13594939729621e-05,1.89522870858711e-15,-3.45075854987972e-16,5.31990257221751e-05,7.61073467357373e-06,-2.03432434268181e-16,-2.70934357103417e-06,-1.69097123785277e-06,-3.24748116706718e-08,-1.05955185216806e-15,1.19962652149537e-15,2.0378986769359e-16,2.52724199595204e-15,1.37314610661777e-14,-7.55298601440302e-15,-9.92376506853392e-06,8.85489541166491e-15,-0.81817747676521,2.91141037810158e-05,1.34714087636001e-14,9.82393731768042e-15,-2.51097937447241e-14,2.09712900000296e-14,9.51456185466919e-16,2.48024678382741e-15,6.72088389597489e-16,-7.32774349718886e-07,9.5083839214515e-17,3.68275012407057e-07,-1.13819953172096e-15,2.14652207973891e-16,-1.80966820563667e-15,-4.26070341742249e-16,1.12905239483811e-15,-5.00281337954336e-16,-1.00290537311111e-15,-8.80160227638122e-16,5.22395013543535e-15,1.01376250709514e-14
"t65",0.00898359190625578,0.03378078228169,0.0317926757967591,0.144106488880817,0.11206573171649,0.00634410074962489,0.110224808149315,-0.385133841444329,0.0103019999997587,0.0252186818608729,0.0244532790471104,0.00280027808371773,0.00197260562788107,0.000330722374195598,-0.00189837227012074,0.00862358171283977,0.00155292774042422,0.000369186340040788,-0.00627172772093654,-0.000125385332251805,0.00117809851011155,-0.00214136758769468,0.000547019392028585,-0.00466558562233497,-0.00270394452053933,0.00178694962907701,-0.0011420857269744,-0.00406889488926873,0.000283881878578805,-0.00139452500859437,0.000858267628324289,0.000447265670021352,-0.000765130485354022,0.000175123635335631,-1.92957509146748e-07,-8.9760012655042e-05,-0.00221894878965748,0.000301743715723041,-0.00121984604835754,-0.00347705058461821,-0.000264453569653133,-0.356490853641705,-5.0060882576045e-05,-0.000116172565897369,3.4758685050204e-05,-0.000369555980753205,3.35934826688523e-16,1.16931109056306e-15,2.17479925244485e-16,-1.04558117759037e-05,1.27935812994205e-16,-8.42477756290985e-05,-4.76474670278844e-06,1.52602933149328e-05,3.0982329191309e-05,-2.41999373260623e-16,-2.30926948804111e-16,-9.30761790761713e-05,-7.3192183744953e-05,-6.77220662349632e-06,5.35256792515311e-05,-4.38089779971107e-16,-3.2561886273639e-16,5.58585166787042e-05,7.99536943824471e-06,-3.54697388798073e-17,-2.89875722613633e-06,-1.81268577674754e-06,-3.48880445506446e-08,9.71753449919928e-16,4.86097534963237e-16,3.0817684708435e-16,-1.66524956458163e-16,-8.78957085331661e-15,3.24566762355261e-15,-1.43386766351367e-05,-3.62886111721961e-15,0.40655600858919,-6.36731806348002e-06,-1.82172308382052e-14,0.707106781186543,8.91741673751885e-14,-3.98315372077211e-15,-7.99150707306356e-16,-1.54705424976282e-15,-7.68306222146439e-16,-6.53593372056695e-07,-6.30344130803571e-16,3.31717844842448e-07,-1.54402482833421e-15,-4.21337268297581e-15,-3.08214393479484e-16,7.02083832277275e-16,1.11975372568377e-15,-6.96146132262836e-16,-9.62078141828557e-16,-1.03768173440694e-15,5.51607176808804e-15,1.07753764014769e-14
"t66",0.00898359190625577,0.03378078228169,0.0317926757967592,0.144106488880817,0.11206573171649,0.00634410074962486,0.110224808149315,-0.385133841444329,0.0103019999997587,0.025218681860873,0.0244532790471104,0.00280027808371779,0.00197260562788107,0.00033072237419556,-0.00189837227012087,0.00862358171283997,0.0015529277404243,0.000369186340041165,-0.00627172772093648,-0.000125385332251944,0.00117809851011177,-0.00214136758769473,0.000547019392028724,-0.00466558562233486,-0.00270394452053938,0.00178694962907692,-0.00114208572697472,-0.00406889488926867,0.000283881878578187,-0.0013945250085945,0.000858267628324108,0.000447265670021347,-0.000765130485354073,0.000175123635335836,-1.92957509055035e-07,-8.97600126550522e-05,-0.0022189487896576,0.000301743715722844,-0.00121984604835755,-0.00347705058461817,-0.000264453569653295,-0.356490853641705,-5.00608825775719e-05,-0.000116172565896953,3.47586850500735e-05,-0.000369555980753245,1.10724384255282e-16,7.5297745752381e-16,-1.1842580203174e-16,-1.04558117755548e-05,-2.05131094393169e-16,-8.42477756271187e-05,-4.7647467026229e-06,1.52602933149082e-05,3.09823291911774e-05,-3.42716208805056e-16,1.85406684894105e-16,-9.30761790759081e-05,-7.31921837438693e-05,-6.77220662393675e-06,5.35256792512207e-05,1.30899520149271e-16,4.46737672443174e-17,5.58585166795314e-05,7.99536943845302e-06,4.29416799954327e-16,-2.89875722665228e-06,-1.81268577784396e-06,-3.48880444606998e-08,2.80638792674467e-17,-1.06562570840893e-15,-1.98591379541983e-16,-2.78942685219947e-15,-3.25233351799859e-15,8.23820178741386e-15,-1.43386766464888e-05,-5.73134593998107e-15,0.406556008589172,-6.36731803318444e-06,5.00724705817806e-15,-0.707106781186553,-6.48137661403143e-14,-1.70560298357333e-14,6.53419445043301e-16,-3.57033919490361e-16,-8.37134164466825e-16,-6.53593371263432e-07,1.50679061868669e-15,3.31717846720127e-07,5.54493412512989e-16,-2.25660460207397e-15,-7.22423241928795e-17,3.65875517603667e-16,6.04829080633202e-16,-6.50226637275239e-17,-8.12317861378757e-16,-5.2253580340709e-16,6.19810728954303e-15,1.02920482370749e-14
"t48",0.0088622636330286,0.0329654246543375,0.0308232374063726,0.139137783498375,0.107402302349632,0.00605301395624465,0.1051483804937,-0.365593156953621,0.009505058837876,0.0218494264348895,0.0203579791436288,0.00231107801664362,0.00162485018740743,0.000263816967878259,-0.00151028926043852,0.00674346173576622,0.00120777407687483,0.000242690911381932,-0.00402976065202342,-7.73792436683453e-05,0.000664871128441868,-0.00103776453099821,0.000261723622666717,-0.00211172162755558,-0.00120863265356962,0.000677436895832372,-0.00042368749991134,-0.00137707225871341,9.10787276423735e-05,-0.000386055783890726,0.000228725608562793,0.000115360054790503,-0.000189698354260403,-1.69006378090468e-06,1.55685020062659e-08,1.54644676207963e-05,0.000706647596172118,-0.000102195950761518,0.00103473902984609,0.004584227155152,0.000387719174387386,0.557801565582609,0.000113029578015365,0.000287427023006303,-8.79944705681174e-05,0.00130503974999221,-5.67291811034779e-17,-1.4259611178509e-15,4.44088658978898e-17,-0.000120609920160427,4.71959119090748e-16,-0.000705871507562759,-3.29876477585819e-05,7.14099642976936e-05,0.000140403544651319,2.04246400782681e-16,2.51710433269088e-16,-0.000277130477146269,-0.000202200599799024,-1.85182024625459e-05,0.000145290201802229,-2.49719517661986e-15,5.01570319494112e-16,0.00013909203070403,1.98175360246328e-05,-2.17746199842026e-15,-6.46904512347338e-06,-4.01650741164071e-06,-7.67266337741091e-08,1.38594175512509e-14,0.707106781186547,-2.85489531572479e-15,-3.02782792859387e-15,-5.30215652414777e-16,3.1485231088979e-15,-2.51493478474363e-05,2.74062648953586e-16,0.00223967377032203,1.01871522521879e-05,-2.07468418275635e-16,-6.77544210543779e-16,2.05005092295096e-15,1.32473391000692e-15,2.02800599531596e-16,2.01298109488237e-16,-2.08682253517385e-16,-1.20045123438269e-06,9.35776657247606e-17,6.03510159297601e-07,-8.28177956779277e-16,-1.29627219025527e-15,-6.00583515797328e-16,-5.31143760140196e-17,7.77031871138167e-16,-7.4951673444216e-16,-8.08361422880511e-16,-5.95239477054203e-16,5.75838040276866e-15,1.03143129438902e-14
"t49",0.0088622636330286,0.0329654246543374,0.0308232374063726,0.139137783498375,0.107402302349632,0.00605301395624459,0.1051483804937,-0.365593156953621,0.00950505883787591,0.0218494264348894,0.0203579791436288,0.00231107801664358,0.00162485018740753,0.000263816967878378,-0.00151028926043853,0.00674346173576624,0.00120777407687503,0.000242690911381984,-0.00402976065202341,-7.73792436680454e-05,0.00066487112844205,-0.00103776453099821,0.000261723622666873,-0.00211172162755537,-0.00120863265356938,0.000677436895832293,-0.000423687499911201,-0.00137707225871312,9.10787276423978e-05,-0.000386055783890839,0.000228725608562909,0.000115360054790491,-0.000189698354260642,-1.69006378093294e-06,1.55685019516465e-08,1.54644676207311e-05,0.000706647596172141,-0.000102195950761561,0.00103473902984643,0.00458422715515221,0.000387719174388176,0.557801565582608,0.000113029578015902,0.000287427023006195,-8.79944705683154e-05,0.00130503974999287,-1.3587211248594e-17,-1.41208333172225e-15,-1.96268165813505e-16,-0.000120609920160344,7.21759299631223e-16,-0.000705871507560173,-3.29876477580103e-05,7.14099642977742e-05,0.000140403544650403,5.06497489420418e-16,-4.14423378665492e-16,-0.000277130477143259,-0.000202200599797671,-1.85182024611537e-05,0.000145290201805814,-1.93482400522647e-16,-2.01160898855769e-16,0.000139092030708229,1.98175360275188e-05,1.96852159057566e-15,-6.46904512548886e-06,-4.01650741350439e-06,-7.67266286920368e-08,-1.40904470935497e-14,-0.707106781186548,2.96084763590456e-15,3.52248791657629e-15,-1.9714874502729e-16,-2.02095284951298e-15,-2.51493478466866e-05,-4.05948944663019e-16,0.00223967377032033,1.01871522504832e-05,6.94587789226875e-16,8.33417270087536e-16,-1.40551824119808e-15,-1.97817958825293e-15,2.60277022703479e-16,3.74770475437201e-16,-1.92336648171971e-16,-1.20045123448331e-06,8.49093973046628e-17,6.03510158725449e-07,-6.22816281402963e-16,-1.94158932331864e-15,-8.91660192427469e-16,1.63161624112666e-16,1.33256471253741e-15,-1.66707876170958e-16,-8.9540391399742e-16,-8.01383472630652e-16,5.80001185251874e-15,1.04526908327688e-14
