"accepted_species","0","1"
"sp160",0.883121693785583,0.116878306214417
"sp167",0.900714299384963,0.0992857006150372
"sp206",0.845713602876613,0.154286397123387
"sp229",0.925319872882078,0.0746801271179218
"sp248",0.974810009921618,0.0251899900783817
"sp262",0.981727822736246,0.0182721772637541
"sp263",0.987080140314413,0.0129198596855865
"sp266",0.994079163362812,0.00592083663718797
"sp267",0.996615283755116,0.00338471624488395
"sp269",0.9967345955339,0.00326540446610047
