accepted_species,0,1
sp160,0.9142134811121367,0.08578651888786326
sp167,0.9305257808939474,0.06947421910605259
sp206,0.7173809292511326,0.28261907074886744
sp229,0.9444702737071304,0.055529726292869515
sp248,0.926878539489483,0.07312146051051702
sp262,0.932793047862249,0.06720695213775098
sp263,0.9347040680964008,0.06529593190359918
sp266,0.9275493134371623,0.0724506865628377
sp267,0.9270606700001123,0.07293932999988774
sp269,0.9276568494403861,0.07234315055961398
