accepted_species,0,1
t5,0.4670514544960651,0.5329485455039349
t91,0.46655491579149244,0.5334450842085076
t93,0.46448118855703524,0.5355188114429648
t94,0.4646214088655469,0.5353785911344531
t95,0.4646214088655469,0.5353785911344531
t97,0.4676305779987834,0.5323694220012166
t103,0.4646313252196447,0.5353686747803553
t110,0.4676626082481071,0.5323373917518929
t111,0.4665035063747637,0.5334964936252363
t117,0.46476206679757937,0.5352379332024206
