accepted_species,0,1
t5,0.4666666666666667,0.5333333333333333
t91,0.4666666666666667,0.5333333333333333
t93,0.4666666666666667,0.5333333333333333
t94,0.4666666666666667,0.5333333333333333
t95,0.4666666666666667,0.5333333333333333
t97,0.4666666666666667,0.5333333333333333
t103,0.4666666666666667,0.5333333333333333
t110,1.0,0.0
t111,1.0,0.0
t117,0.0,1.0
