accepted_species,0,1
t61,0.61463475,0.38536522
t86,0.49967217,0.5003278
t96,0.61463475,0.38536522
t103,0.49967217,0.5003278
t109,0.61463475,0.38536522
t111,0.49967217,0.5003278
t120,0.61463475,0.38536522
t132,0.49967217,0.5003278
t137,0.49967217,0.5003278
t142,0.61463475,0.38536522
