accepted_species,0,1
t5,0.3478369,0.6521631
t91,0.30016363,0.6998364
t93,0.3103485,0.6896515
t94,0.3103485,0.6896515
t95,0.3103485,0.6896515
t97,0.40256363,0.59743637
t103,0.36144507,0.63855493
t110,0.40451223,0.5954878
t111,0.57148826,0.42851177
t117,0.40583962,0.5941604
