accepted_species,0,1
t61,0.6131557,0.38684428
t86,0.42271703,0.57728297
t96,0.49939257,0.50060743
t103,0.46361578,0.5363842
t109,0.61077726,0.38922277
t111,0.49939257,0.50060743
t120,0.61077726,0.38922277
t132,0.47883272,0.5211673
t137,0.53600895,0.46399105
t142,0.61653733,0.3834627
