"accepted_species","estimate"
"t19",-0.215050232975014
"t87",-0.215050232975014
"t88",-0.215050232975014
"t57",-0.596022262971304
"t77",-0.597014259216173
"t28",0.287185707568088
"t22",-0.609588875885066
"t83",-0.566254079377472
"t65",-1.5307105112878
"t45",-1.19726821338701
