accepted_species,0
t19,0.05951830275061641
t87,0.05951830275061641
t88,0.05951830275061641
t57,0.05951830275061641
t77,0.05951830275061641
t28,0.05951830275061641
t22,0.05951830275061641
t83,0.05951830275061641
t65,0.05951830275061641
t45,0.05951830275061641
