accepted_species,estimate
t19,0.059794545
t87,-0.55877066
t88,0.03682224
t57,-0.55877066
t77,0.025515504
t28,0.025515504
t22,-0.08039602
t83,-0.08039602
t65,-1.030768
t45,-1.012634
