accepted_species,estimate
t4,1.2887669777785664
t108,-1.4131821147417842
t109,-1.384206688787101
t69,-1.0619886829356298
t62,-0.4021918311404333
t28,-0.4013173279374755
t124,0.1995690924896985
t31,0.5397386627997519
t39,0.5398923296936021
t53,0.3579755734633941
t43,0.10263079132619529
t127,0.1092086857648355
t29,0.6100909337029222
t84,0.8627436926696731
t97,-0.13594254034227263
