accepted_species,estimate
t5,-0.11301066594569939
t22,-0.04343438105979533
t12,0.37312727998528195
t62,0.4088204667470977
t48,0.5313395458349658
t26,1.3514629232986088
t42,1.2036059278400828
t59,1.0689581470055056
t97,-2.042961366382621
t9,-2.1473078006130435
