accepted_species,estimate
t5,-0.034434028
t22,0.120839626
t12,0.5285504
t62,0.7634247
t48,0.16792235
t26,0.86643374
t42,1.0489115
t59,1.2034417
t97,-2.1664453
t9,-2.04866
