accepted_species,estimate
t5,0.24360931
t22,0.24360931
t12,0.5737154
t62,0.42697033
t48,0.24360931
t26,1.201374
t42,1.0555122
t59,1.0555122
t97,-1.6560179
t9,-1.6560179
