accepted_species,estimate
Alstonia_muelleriana,0.9272407335845773
Arachnothryx_buddleioides,0.17744292728201472
Coprosma_propinqua,0.20127732545003735
Faramea_occidentalis,0.24706041310049282
Galium_propinquum,-0.35349176058987986
Guettarda_uruguensis,0.16301112359113928
Macrocnemum_roseum,0.21946463171467576
Psychotria_brachypoda,0.5318018367802596
Psychotria_penangensis,0.5318018367802596
Richardia_stellaris,0.16058578903926243
