accepted_species,0,1
t40,0.551649556865511,0.448350443134489
t86,0.5626298350779808,0.43737016492201913
t89,0.5526821316710193,0.44731786832898063
t116,0.5503637941447244,0.4496362058552757
t139,0.5579561681435782,0.4420438318564218
t161,0.5507637951902293,0.4492362048097707
t167,0.5516769716041087,0.44832302839589133
t174,0.5509828502992824,0.44901714970071765
t188,0.5627778456696797,0.43722215433032036
t194,0.5576424820350006,0.4423575179649995
