accepted_species,0,1
t40,0.38634717,0.6136528
t86,0.7511995,0.24880049
t89,0.3877386,0.6122614
t116,0.488522,0.511478
t139,0.590412,0.40958795
t161,0.74618006,0.25381994
t167,0.6051405,0.3948595
t174,0.36772895,0.63227105
t188,0.70989835,0.29010162
t194,0.590412,0.40958795
