accepted_species,estimate
t49,-1.7010835369483415
t50,-1.7451649707588173
t65,-1.6018007690467797
t85,-1.6383250950783532
t35,-1.629684739363247
t14,-1.7319928155354984
t11,-1.7240836351654212
t3,-2.125683603737694
t98,-2.3312361208048094
t9,-2.4233272135354653
