accepted_species,estimate
t49,-1.903079385290945
t50,-1.8993720161584013
t65,-1.8179540161336005
t85,-1.8472333092091104
t35,-1.8640189077908285
t14,-1.8304616062036754
t11,-2.0094905628249538
t3,-2.208345454545128
t98,-2.0824017128600407
t9,-2.245277958853548
