accepted_species,estimate
t49,-1.7991782
t50,-1.6650475
t65,-1.7547894
t85,-1.6650475
t35,-1.9066834
t14,-1.9066834
t11,-1.8316249
t3,-1.9066834
t98,-2.0397
t9,-1.9066834
