accepted_species,estimate
t49,-1.8399696
t50,-1.8097817
t65,-1.8097817
t85,-1.8097817
t35,-1.8762764
t14,-1.9293331
t11,-2.0984054
t3,-1.5713185
t98,-2.264067
t9,-1.689126
