accepted_species,0,1
t20,0.07099120069589704,0.929008799304103
t21,0.07126942104893008,0.9287305789510699
t88,0.0714789818755055,0.9285210181244945
t64,0.07194284469511936,0.9280571553048806
t65,0.07189144074092035,0.9281085592590796
t66,0.07166551233551999,0.92833448766448
t81,0.07143770022752305,0.928562299772477
t96,0.07109509779388068,0.9289049022061193
t92,0.07108121596784722,0.9289187840321528
t51,0.07135770138691755,0.9286422986130825
