accepted_species,0,1
t20,0.07214840041435422,0.9278515995856458
t21,0.07236082129526522,0.9276391787047348
t88,0.07258819077770717,0.9274118092222928
t64,0.07259442495524115,0.9274055750447588
t65,0.07258017044416265,0.9274198295558373
t66,0.07245904739521991,0.9275409526047801
t81,0.07239244638884057,0.9276075536111594
t96,0.07295180746033858,0.9270481925396614
t92,0.0729519918736593,0.9270480081263407
t51,0.07267415295266766,0.9273258470473323
