accepted_species,0,1
t20,0.011952043,0.98804796
t21,0.011952043,0.98804796
t88,0.0024710298,0.997529
t64,0.0024710298,0.997529
t65,0.0024710298,0.997529
t66,0.0024710298,0.997529
t81,0.0024710298,0.997529
t96,0.007902145,0.99209785
t92,0.007902145,0.99209785
t51,0.010890484,0.9891095
