"accepted_species","0","1"
"sp49",0.867653883125244,0.132346116874756
"sp64",0.860774649267469,0.139225350732531
"sp70",0.860774649267469,0.139225350732531
"sp77",0.879017931191512,0.120982068808488
"sp78",0.879017931191512,0.120982068808488
"sp79",0.894413621000246,0.105586378999754
"sp84",0.898022622365087,0.101977377634913
"sp97",0.914764892103862,0.0852351078961382
"sp98",0.912793284661371,0.0872067153386289
"sp105",0.917799708917867,0.0822002910821334
