accepted_species,0,1
sp49,0.937009020193893,0.06299097980610704
sp64,0.9004285048324917,0.09957149516750832
sp70,0.8948633404393365,0.10513665956066352
sp77,0.8595823684124306,0.1404176315875693
sp78,0.8516572456627165,0.14834275433728356
sp79,0.9518561751746075,0.04814382482539242
sp84,0.9469641630845566,0.05303583691544342
sp97,0.912795125545661,0.08720487445433905
sp98,0.8876745463802646,0.11232545361973548
sp105,0.879867640193016,0.12013235980698403
