accepted_species,0,1
sp49,0.8333333333333334,0.16666666666666666
sp64,0.8333333333333334,0.16666666666666666
sp70,0.8333333333333334,0.16666666666666666
sp77,0.8333333333333334,0.16666666666666666
sp78,0.8333333333333334,0.16666666666666666
sp79,0.8333333333333334,0.16666666666666666
sp84,0.8333333333333334,0.16666666666666666
sp97,0.8333333333333334,0.16666666666666666
sp98,0.8333333333333334,0.16666666666666666
sp105,0.8333333333333334,0.16666666666666666
