"accepted_species","0","1"
"sp95","0.983844830154853","0.0161551698451471"
"sp109","0.983844830154853","0.0161551698451471"
"sp135","0.983844830154853","0.0161551698451471"
"sp78","0.983844830154853","0.0161551698451471"
"sp79","0.983844830154853","0.0161551698451471"
"sp62","0.983844830154853","0.0161551698451471"
"sp173","0.983844830154853","0.0161551698451471"
"sp174","0.983844830154853","0.0161551698451471"
"sp85","0.983844830154853","0.0161551698451471"
"sp35","0.983844830154853","0.0161551698451471"
