accepted_species,0,1
sp49,0.99977076,0.00022926241
sp64,0.99929523,0.0007047551
sp70,0.99929523,0.0007047551
sp77,0.99929523,0.0007047551
sp78,0.99929523,0.0007047551
sp79,0.99980307,0.00019690735
sp84,0.99980307,0.00019690735
sp97,0.99978703,0.00021299496
sp98,0.99897826,0.001021732
sp105,0.999341,0.0006590114
