accepted_species,0,1
sp49,0.9558727,0.044127304
sp64,0.9558727,0.044127304
sp70,0.9558727,0.044127304
sp77,0.9558727,0.044127304
sp78,0.9558727,0.044127304
sp79,0.9558727,0.044127304
sp84,0.9558727,0.044127304
sp97,0.9558727,0.044127304
sp98,0.9558727,0.044127304
sp105,0.9558727,0.044127304
