accepted_species,0
Coffea_liberica,0.0912756753567509
Coprosma_lucida,0.0912756753567509
Cruciata_glabra,0.0912756753567509
Gentianella_parviflora,0.0912756753567509
Nertera_granadensis,0.0912756753567509
Psychotria_marginata,0.0912756753567509
Randia_hebecarpa,0.0912756753567509
Rubia_cordifolia,0.0912756753567509
Spermacoce_brachystema,0.0912756753567509
Stephanostegia_capuronii,0.0912756753567509
