accepted_species,estimate
Asperula_molluginoides,-0.39882687114434956
Galium_angustifolium,-0.3362086529767371
Galium_binifolium,-0.24784059927117352
Galium_eriocarpum,-0.30068182551275624
Galium_mollugo,-0.44947372540873365
Galium_palustre,-0.2248537917068546
Galium_spurium,-0.31958393423558495
Kelloggia_galioides,-0.06512694035192577
Rubia_cordifolia,-0.21723449814569074
Rubia_tinctorum,-0.22119174220847782
