accepted_species,0
Asperula_molluginoides,-0.10059500928198106
Galium_angustifolium,-0.39476831238298526
Galium_binifolium,-0.10059500928198106
Galium_eriocarpum,-0.10059500928198106
Galium_mollugo,-0.10059500928198106
Galium_palustre,-0.10059500928198106
Galium_spurium,-0.10059500928198106
Kelloggia_galioides,-0.10059500928198106
Rubia_cordifolia,-0.10059500928198106
Rubia_tinctorum,-0.10059500928198106
