accepted_species,estimate
t25,0.3745536971836516
t81,1.1269505465526921
t74,0.3501537758503315
t50,-0.11599118348659812
t26,-0.9480759815875672
t58,-0.2682298520589932
t21,0.0636505460313013
t90,1.0851489417640148
t12,-0.08294868896524318
t55,-0.13401151392619035
