accepted_species,estimate
t25,-0.8617654
t81,0.42861748
t74,-0.2761616
t50,-0.8231685
t26,-0.09249842
t58,0.007019908
t21,0.68173516
t90,0.38872525
t12,0.90433526
t55,0.43982014
