accepted_species,estimate
t25,-0.19447103
t81,0.61790895
t74,-0.38459048
t50,-0.45159242
t26,0.12524179
t58,-0.018600505
t21,0.7746769
t90,0.6140251
t12,-2.091707
t55,0.48638132
