accepted_species,estimate
t8,-0.5800755298459774
t57,-0.2531856125322092
t83,-0.07747911382314282
t84,-0.05175961365816534
t123,-0.10035046846913881
t27,-0.028043700522506987
t12,-0.4679068486705051
t35,-0.678381891529408
t39,-0.651551419195908
t40,-0.667296819115629
t66,-0.6038682867503513
t79,-0.6540119115449126
t20,-0.6030174620845195
