"accepted_species","0","1"
"sp31",0.616958787973504,0.383041212026496
"sp46",0.616976533857885,0.383023466142115
"sp49",0.61699652312481,0.38300347687519
"sp68",0.624766736607624,0.375233263392375
"sp71",0.608601623163437,0.391398376836563
"sp80",0.592595884789988,0.407404115210011
"sp82",0.626394861135065,0.373605138864935
"sp86",0.627324376288816,0.372675623711184
"sp154",0.214633118890095,0.785366881109905
"sp160",0.150919108342595,0.849080891657405
