accepted_species,0,1
sp31,0.7006054,0.29939464
sp46,0.6768153,0.32318476
sp49,0.78873426,0.21126576
sp68,0.93657327,0.06342671
sp71,0.14085901,0.859141
sp80,0.45436525,0.54563475
sp82,0.88316286,0.11683714
sp86,0.9656002,0.034399785
sp154,0.28946608,0.7105339
sp160,0.4984334,0.5015666
