accepted_species,estimate
t63,-0.7957754498476308
t38,-0.5564476895026143
t68,-0.0625116980998563
t70,0.2291724781217402
t21,-0.4207065811821297
t29,1.3641271975989437
t90,0.47996568918354915
t43,0.5314203179227885
t87,0.6310877580985326
t88,0.7325763386691857
