accepted_species,estimate
t63,-1.0035698
t38,-0.8997644
t68,0.3298013
t70,0.24555859
t21,-0.8124399
t29,1.3551087
t90,-0.3655645
t43,0.924023
t87,0.9939728
t88,0.9939728
