accepted_species,estimate
t63,-0.8006395
t38,-0.6413665
t68,0.25979885
t70,0.25979885
t21,-0.7188678
t29,1.4234085
t90,-0.09551362
t43,0.5851086
t87,0.88315314
t88,1.2380414
