accepted_species,0
t37,
t117,0.0828906215144577
t50,
t32,
t87,
t67,
t62,
t82,
t61,
t48,
t111,-1.00070579662844
t65,
t66,
