accepted_species,0
t99,0.017488341424925148
t100,0.017488341424925148
t60,0.017488341424925148
t61,0.017488341424925148
t55,0.017488341424925148
t70,0.017488341424925148
t56,0.017488341424925148
t57,0.017488341424925148
t16,0.017488341424925148
t85,0.0884452829120306
