accepted_species,0
t87,-0.017069379595262474
t2,-0.017069379595262474
t8,-0.017069379595262474
t35,-0.017069379595262474
t123,1.21913392929026
t72,-0.017069379595262474
t90,-0.017069379595262474
t44,-0.017069379595262474
t74,-0.017069379595262474
t67,-0.017069379595262474
t129,0.0945294009307645
t137,-0.832582321340761
t25,-0.017069379595262474
t6,-0.017069379595262474
