"accepted_species","0","1"
"t68",0.672062296583697,0.327937703416303
"t70",0.673442255595319,0.326557744404681
"t73",0.670891302543833,0.329108697456167
"t74",0.670891302543833,0.329108697456167
"t81",0.668566018775633,0.331433981224367
"t82",0.668566018775633,0.331433981224367
"t83",0.68046388921779,0.31953611078221
"t90",0.683753352625101,0.316246647374899
"t113",0.709614996577052,0.290385003422948
"t122",0.725624179739517,0.274375820260483
