accepted_species,0,1
t20,0.5034834119168626,0.49651658808313737
t22,0.5034454177557792,0.4965545822442208
t36,0.5033196183628071,0.49668038163719286
t38,0.5034827697766019,0.4965172302233981
t61,0.5034581380303977,0.49654186196960226
t90,0.5035915464301826,0.49640845356981744
t91,0.5036054044534228,0.4963945955465772
t96,0.5033674737998767,0.4966325262001233
t102,0.5034735006762143,0.4965264993237856
t103,0.5032846464062997,0.4967153535937004
