accepted_species,0,1
t20,0.5033643054403656,0.4966356945596344
t22,0.4733453242618132,0.5266546757381868
t36,0.5248082596482577,0.4751917403517422
t38,0.43185659860004477,0.5681434013999552
t61,0.44010161490342403,0.559898385096576
t90,0.42926032614747434,0.5707396738525257
t91,0.4296868273390396,0.5703131726609604
t96,0.5442556450175485,0.45574435498245147
t102,0.542808776218936,0.4571912237810641
t103,0.5429650309202241,0.4570349690797759
