accepted_species,0,1
t68,0.5776916308923423,0.4223083691076577
t70,0.5762483806293932,0.42375161937060674
t73,0.5763348146545375,0.4236651853454625
t74,0.5764485939013168,0.42355140609868325
t81,0.5781027388148454,0.4218972611851546
t82,0.5776093568735232,0.42239064312647673
t83,0.5763657815213983,0.4236342184786018
t90,0.5762134540706443,0.4237865459293557
t113,0.5753160670765791,0.4246839329234208
t122,0.5755187480760804,0.42448125192391956
