accepted_species,0,1
t68,0.7525067961127723,0.24749320388722768
t70,0.7520878032110986,0.24791219678890145
t73,0.7451341992287362,0.25486580077126375
t74,0.6420857656536834,0.3579142343463166
t81,0.7812028237383101,0.21879717626168996
t82,0.7911655393036167,0.20883446069638334
t83,0.8360304623939633,0.16396953760603675
t90,0.7697950257640614,0.23020497423593853
t113,0.8296976282308778,0.1703023717691222
t122,0.8759498951812446,0.12405010481875546
