accepted_species,0,1
t68,0.9313547,0.06864532
t70,0.9313547,0.06864532
t73,0.8678312,0.13216883
t74,0.7442002,0.25579974
t81,0.89390075,0.10609927
t82,0.89390075,0.10609927
t83,0.8678312,0.13216883
t90,0.8678312,0.13216883
t113,0.8678312,0.13216883
t122,0.8678312,0.13216883
