accepted_species,0,1
t68,0.9778052,0.022194816
t70,0.9778052,0.022194816
t73,0.97584206,0.02415797
t74,0.97584206,0.02415797
t81,0.9778052,0.022194816
t82,0.97584206,0.02415797
t83,0.9778052,0.022194816
t90,0.97584206,0.02415797
t113,0.97584206,0.02415797
t122,0.9977145,0.0022854742
