accepted_species,0,1
Rytigynia_dubiosa,0.92182326,0.07817674
Guettarda_mattogrossensis,0.93549865,0.064501345
Orthosia_smaragdina,0.87472504,0.12527497
Houstonia_longifolia,0.93897456,0.061025426
Rondeletia_diplocalyx,0.9298133,0.070186675
Ixora_laotica,0.92100096,0.07899902
Canscora_alata,0.9121817,0.0878183
Matelea_grenandii,0.87218225,0.12781778
Oldenlandia_rigidula,0.93809587,0.06190416
Sipanea_ovalifolia,0.9307729,0.06922709
