"accepted_species","0","1"
"t91",0.404427355238919,0.595572644761081
"t92",0.404427355238919,0.595572644761081
"t46",0.404427355238919,0.595572644761081
"t36",0.404427355238919,0.595572644761081
"t37",0.404427355238919,0.595572644761081
"t35",0.404427355238919,0.595572644761081
"t63",0.404427355238919,0.595572644761081
"t66",0.404427355238919,0.595572644761081
"t67",0.404427355238919,0.595572644761081
"t11",0.404427355238919,0.595572644761081
