accepted_species,0,1
t91,0.044960976,0.955039
t92,0.044960976,0.955039
t46,0.044960976,0.955039
t36,0.044960976,0.955039
t37,0.044960976,0.955039
t35,0.044960976,0.955039
t63,0.044960976,0.955039
t66,0.044960976,0.955039
t67,0.044960976,0.955039
t11,0.044960976,0.955039
