accepted_species,0,1
t91,0.10860038,0.8913996
t92,0.10860038,0.8913996
t46,0.10860038,0.8913996
t36,0.10860038,0.8913996
t37,0.10860038,0.8913996
t35,0.10860038,0.8913996
t63,0.10860038,0.8913996
t66,0.10860038,0.8913996
t67,0.10860038,0.8913996
t11,0.10860038,0.8913996
