accepted_species,0,1
t28,0.833303391785278,0.166696608214722
t30,0.836127500618185,0.16387249938181506
t68,0.8323040404287542,0.1676959595712458
t85,0.8344884671261503,0.16551153287384965
t88,0.8347193972036794,0.16528060279632062
t98,0.8362119611558807,0.16378803884411935
t109,0.8296855014229063,0.1703144985770937
t115,0.8332275456149294,0.16677245438507057
t132,0.8361009977914613,0.16389900220853873
t134,0.834693475003503,0.16530652499649703
