accepted_species,0,1
t28,0.8333333333333334,0.16666666666666666
t30,0.8333333333333334,0.16666666666666666
t68,0.8333333333333334,0.16666666666666666
t85,0.8333333333333334,0.16666666666666666
t88,0.8333333333333334,0.16666666666666666
t98,0.8333333333333334,0.16666666666666666
t109,0.8333333333333334,0.16666666666666666
t115,1.0,0.0
t132,1.0,0.0
t134,1.0,0.0
