accepted_species,0,1
t59,0.043410182,0.9565898
t88,0.7261546,0.27384537
t101,0.29772353,0.70227647
t117,0.23849094,0.76150906
t131,0.04019308,0.9598069
t186,0.06829435,0.93170565
t187,0.06829435,0.93170565
t193,0.018113256,0.98188674
t194,0.04839182,0.9516082
t202,0.7261546,0.27384537
