accepted_species,0,1
Mandevilla_angustifolia,0.9001971,0.09980293
Malouetia_guatemalensis,0.875198,0.12480198
Ceropegia_duplicata,0.8766211,0.123378895
Ditassa_sipapoana,0.89867425,0.10132573
Oxystelma_bornouense,0.8754657,0.124534294
Hoya_megalaster,0.8850628,0.1149372
Hoya_benchaii,0.8865582,0.11344181
Matelea_ochracea,0.8974226,0.102577366
Dischidia_deschampsii,0.88379824,0.11620177
Vincetoxicum_bracteatum,0.8975012,0.10249882
