accepted_species,0,1
t69,0.13909405,0.86090595
t70,0.058127344,0.94187266
t127,0.89069915,0.109300874
t130,0.89069915,0.109300874
t92,0.8346426,0.16535743
t12,0.9769789,0.023021085
t82,0.8638795,0.13612048
t104,0.8638795,0.13612048
t123,0.8638795,0.13612048
t124,0.8638795,0.13612048
t41,0.58179474,0.41820523
t33,0.9382296,0.061770365
t34,0.8460782,0.1539218
t79,0.9879904,0.012009648
