accepted_species,0,1
t69,0.43260562,0.5673944
t70,0.87750983,0.12249018
t127,0.9080795,0.091920495
t130,0.9257385,0.07426147
t92,0.9223012,0.07769883
t12,0.89979976,0.10020024
t82,0.97414774,0.025852248
t104,0.9778605,0.02213949
t123,0.9759992,0.024000825
t124,0.97614914,0.02385084
t41,0.97565955,0.024340464
t33,0.9448466,0.055153433
t34,0.9629092,0.0370908
t79,0.97565955,0.024340464
