accepted_species,0,1
t69,0.7734567,0.22654329
t70,0.49717456,0.50282544
t127,0.91302943,0.0869706
t130,0.91302943,0.0869706
t92,0.94847876,0.051521223
t12,0.92853343,0.07146654
t82,0.7542707,0.24572934
t104,0.7542707,0.24572934
t123,0.7542707,0.24572934
t124,0.7542707,0.24572934
t41,0.8094274,0.19057263
t33,0.6357317,0.3642683
t34,0.8419171,0.15808289
t79,0.8063071,0.19369295
