accepted_species,0
t1,0.02752065008232311
t12,0.02752065008232311
t16,0.02752065008232311
t26,0.02752065008232311
t14,0.02752065008232311
t5,0.02752065008232311
t118,0.02752065008232311
t51,0.02752065008232311
t89,0.02752065008232311
t104,0.02752065008232311
t28,0.02752065008232311
t38,0.02752065008232311
t25,0.02752065008232311
t96,0.02752065008232311
t6,0.02752065008232311
