accepted_species,0,1
t11,0.528592,0.47140804
t39,0.24425715,0.75574285
t89,0.7389622,0.2610378
t81,0.43267077,0.5673292
t94,0.7389622,0.2610378
t52,0.7389622,0.2610378
t53,0.7389622,0.2610378
t61,0.7389622,0.2610378
t120,0.7389622,0.2610378
t133,0.7389622,0.2610378
t78,0.20755649,0.7924435
t48,0.20842862,0.7915714
t27,0.18686849,0.8131315
