accepted_species,0,1
t11,0.40955192,0.5904481
t39,0.19091064,0.80908936
t89,0.45792592,0.5420741
t81,0.45792592,0.5420741
t94,0.4612379,0.5387621
t52,0.4612379,0.5387621
t53,0.4612379,0.5387621
t61,0.4612379,0.5387621
t120,0.4612379,0.5387621
t133,0.4612379,0.5387621
t78,0.24192971,0.7580703
t48,0.22654074,0.77345926
t27,0.2419129,0.7580871
