"","t18","t19","t25","t54","t55","t27","t89","t90","t16","t17","t15","t97","t98","t72","t60","t10","t5","t70","t71","t58","t59","t42","t43","t66","t67","t4","t14","t34","t35","t28","t20","t46","t47","t36","t33","t56","t57","t41","t32","t29","t40","t61","t99","t100","t87","t88","t75","t11","t12","t50","t68","t69","t79","t80","t62","t63","t26","t21","t51","t93","t94","t39","t91","t92","t22","t44","t48","t49","t64","t65","t77","t78","t23","t24","t6","t7","t52","t53","t73","t74","t83","t84","t30","t31","t1","t37","t38","t81","t82","t8","t9","t45","t85","t86","t13","t3","t2","t76","t95","t96"
"t18",0,2.388294408,3.6732900726,3.67329007257,3.67329007257,3.67329007257,4.07952771654,4.07952771654,4.0795277168,4.0795277168,4.415499924,4.415499924427,4.415499924427,4.4154999244,4.4154999244,4.4154999243,4.4154999244,4.415499924211,4.415499924211,4.415499924411,4.415499924411,4.415499924111,4.415499924111,4.642632939,4.642632939,5.40752853185,5.40752853155,5.40752853142,5.40752853142,5.40752853132,5.40752853122,5.40752853142,5.40752853142,5.40752853142,5.4075285314,5.4075285313,5.4075285313,5.4075285314,5.40752853142,5.40752853142,5.40752853125,5.40752853135,5.407528531299,5.407528531299,5.40752853132,5.40752853132,5.40752853135,5.40752853155,5.40752853155,5.40752853165,5.40752853165,5.40752853165,5.4075285317,5.4075285317,5.40752853175,5.40752853175,5.40752853175,5.40752853155,5.40752853105,5.40752853107,5.40752853107,5.4075285313,5.40752853135,5.40752853135,5.4075285313,5.4075285313,5.407528531301,5.407528531301,5.40752853128,5.40752853128,5.40752853128,5.40752853128,5.40752853137,5.40752853137,5.40752853177,5.40752853177,5.40752853142,5.40752853142,5.4075285318,5.4075285318,5.40752853224,5.40752853224,5.7906369107,5.7906369107,7.896468549,7.89646854954,7.89646854954,7.89646854956,7.89646854956,7.89646854914,7.89646854914,7.896468549,7.89646854903,7.89646854903,7.8964685488,7.8964685493,7.8964685487,7.896468549,7.89646854899,7.89646854899
"t19",2.388294408,0,3.6732900726,3.67329007257,3.67329007257,3.67329007257,4.07952771654,4.07952771654,4.0795277168,4.0795277168,4.415499924,4.415499924427,4.415499924427,4.4154999244,4.4154999244,4.4154999243,4.4154999244,4.415499924211,4.415499924211,4.415499924411,4.415499924411,4.415499924111,4.415499924111,4.642632939,4.642632939,5.40752853185,5.40752853155,5.40752853142,5.40752853142,5.40752853132,5.40752853122,5.40752853142,5.40752853142,5.40752853142,5.4075285314,5.4075285313,5.4075285313,5.4075285314,5.40752853142,5.40752853142,5.40752853125,5.40752853135,5.407528531299,5.407528531299,5.40752853132,5.40752853132,5.40752853135,5.40752853155,5.40752853155,5.40752853165,5.40752853165,5.40752853165,5.4075285317,5.4075285317,5.40752853175,5.40752853175,5.40752853175,5.40752853155,5.40752853105,5.40752853107,5.40752853107,5.4075285313,5.40752853135,5.40752853135,5.4075285313,5.4075285313,5.407528531301,5.407528531301,5.40752853128,5.40752853128,5.40752853128,5.40752853128,5.40752853137,5.40752853137,5.40752853177,5.40752853177,5.40752853142,5.40752853142,5.4075285318,5.4075285318,5.40752853224,5.40752853224,5.7906369107,5.7906369107,7.896468549,7.89646854954,7.89646854954,7.89646854956,7.89646854956,7.89646854914,7.89646854914,7.896468549,7.89646854903,7.89646854903,7.8964685488,7.8964685493,7.8964685487,7.896468549,7.89646854899,7.89646854899
"t25",3.6732900726,3.6732900726,0,1.84019256217,1.84019256217,1.84019256217,4.07952771654,4.07952771654,4.0795277168,4.0795277168,4.415499924,4.415499924427,4.415499924427,4.4154999244,4.4154999244,4.4154999243,4.4154999244,4.415499924211,4.415499924211,4.415499924411,4.415499924411,4.415499924111,4.415499924111,4.642632939,4.642632939,5.40752853185,5.40752853155,5.40752853142,5.40752853142,5.40752853132,5.40752853122,5.40752853142,5.40752853142,5.40752853142,5.4075285314,5.4075285313,5.4075285313,5.4075285314,5.40752853142,5.40752853142,5.40752853125,5.40752853135,5.407528531299,5.407528531299,5.40752853132,5.40752853132,5.40752853135,5.40752853155,5.40752853155,5.40752853165,5.40752853165,5.40752853165,5.4075285317,5.4075285317,5.40752853175,5.40752853175,5.40752853175,5.40752853155,5.40752853105,5.40752853107,5.40752853107,5.4075285313,5.40752853135,5.40752853135,5.4075285313,5.4075285313,5.407528531301,5.407528531301,5.40752853128,5.40752853128,5.40752853128,5.40752853128,5.40752853137,5.40752853137,5.40752853177,5.40752853177,5.40752853142,5.40752853142,5.4075285318,5.4075285318,5.40752853224,5.40752853224,5.7906369107,5.7906369107,7.896468549,7.89646854954,7.89646854954,7.89646854956,7.89646854956,7.89646854914,7.89646854914,7.896468549,7.89646854903,7.89646854903,7.8964685488,7.8964685493,7.8964685487,7.896468549,7.89646854899,7.89646854899
"t54",3.67329007257,3.67329007257,1.84019256217,0,0.7782012212,1.7129915556,4.07952771651,4.07952771651,4.07952771677,4.07952771677,4.41549992397,4.415499924397,4.415499924397,4.41549992437,4.41549992437,4.41549992427,4.41549992437,4.415499924181,4.415499924181,4.415499924381,4.415499924381,4.415499924081,4.415499924081,4.64263293897,4.64263293897,5.40752853182,5.40752853152,5.40752853139,5.40752853139,5.40752853129,5.40752853119,5.40752853139,5.40752853139,5.40752853139,5.40752853137,5.40752853127,5.40752853127,5.40752853137,5.40752853139,5.40752853139,5.40752853122,5.40752853132,5.407528531269,5.407528531269,5.40752853129,5.40752853129,5.40752853132,5.40752853152,5.40752853152,5.40752853162,5.40752853162,5.40752853162,5.40752853167,5.40752853167,5.40752853172,5.40752853172,5.40752853172,5.40752853152,5.40752853102,5.40752853104,5.40752853104,5.40752853127,5.40752853132,5.40752853132,5.40752853127,5.40752853127,5.407528531271,5.407528531271,5.40752853125,5.40752853125,5.40752853125,5.40752853125,5.40752853134,5.40752853134,5.40752853174,5.40752853174,5.40752853139,5.40752853139,5.40752853177,5.40752853177,5.40752853221,5.40752853221,5.79063691067,5.79063691067,7.89646854897,7.89646854951,7.89646854951,7.89646854953,7.89646854953,7.89646854911,7.89646854911,7.89646854897,7.896468549,7.896468549,7.89646854877,7.89646854927,7.89646854867,7.89646854897,7.89646854896,7.89646854896
"t55",3.67329007257,3.67329007257,1.84019256217,0.7782012212,0,1.7129915556,4.07952771651,4.07952771651,4.07952771677,4.07952771677,4.41549992397,4.415499924397,4.415499924397,4.41549992437,4.41549992437,4.41549992427,4.41549992437,4.415499924181,4.415499924181,4.415499924381,4.415499924381,4.415499924081,4.415499924081,4.64263293897,4.64263293897,5.40752853182,5.40752853152,5.40752853139,5.40752853139,5.40752853129,5.40752853119,5.40752853139,5.40752853139,5.40752853139,5.40752853137,5.40752853127,5.40752853127,5.40752853137,5.40752853139,5.40752853139,5.40752853122,5.40752853132,5.407528531269,5.407528531269,5.40752853129,5.40752853129,5.40752853132,5.40752853152,5.40752853152,5.40752853162,5.40752853162,5.40752853162,5.40752853167,5.40752853167,5.40752853172,5.40752853172,5.40752853172,5.40752853152,5.40752853102,5.40752853104,5.40752853104,5.40752853127,5.40752853132,5.40752853132,5.40752853127,5.40752853127,5.407528531271,5.407528531271,5.40752853125,5.40752853125,5.40752853125,5.40752853125,5.40752853134,5.40752853134,5.40752853174,5.40752853174,5.40752853139,5.40752853139,5.40752853177,5.40752853177,5.40752853221,5.40752853221,5.79063691067,5.79063691067,7.89646854897,7.89646854951,7.89646854951,7.89646854953,7.89646854953,7.89646854911,7.89646854911,7.89646854897,7.896468549,7.896468549,7.89646854877,7.89646854927,7.89646854867,7.89646854897,7.89646854896,7.89646854896
"t27",3.67329007257,3.67329007257,1.84019256217,1.7129915556,1.7129915556,0,4.07952771651,4.07952771651,4.07952771677,4.07952771677,4.41549992397,4.415499924397,4.415499924397,4.41549992437,4.41549992437,4.41549992427,4.41549992437,4.415499924181,4.415499924181,4.415499924381,4.415499924381,4.415499924081,4.415499924081,4.64263293897,4.64263293897,5.40752853182,5.40752853152,5.40752853139,5.40752853139,5.40752853129,5.40752853119,5.40752853139,5.40752853139,5.40752853139,5.40752853137,5.40752853127,5.40752853127,5.40752853137,5.40752853139,5.40752853139,5.40752853122,5.40752853132,5.407528531269,5.407528531269,5.40752853129,5.40752853129,5.40752853132,5.40752853152,5.40752853152,5.40752853162,5.40752853162,5.40752853162,5.40752853167,5.40752853167,5.40752853172,5.40752853172,5.40752853172,5.40752853152,5.40752853102,5.40752853104,5.40752853104,5.40752853127,5.40752853132,5.40752853132,5.40752853127,5.40752853127,5.407528531271,5.407528531271,5.40752853125,5.40752853125,5.40752853125,5.40752853125,5.40752853134,5.40752853134,5.40752853174,5.40752853174,5.40752853139,5.40752853139,5.40752853177,5.40752853177,5.40752853221,5.40752853221,5.79063691067,5.79063691067,7.89646854897,7.89646854951,7.89646854951,7.89646854953,7.89646854953,7.89646854911,7.89646854911,7.89646854897,7.896468549,7.896468549,7.89646854877,7.89646854927,7.89646854867,7.89646854897,7.89646854896,7.89646854896
"t89",4.07952771654,4.07952771654,4.07952771654,4.07952771651,4.07952771651,4.07952771651,0,0.09971292748,3.75108556574,3.75108556574,4.41549992414,4.415499924567,4.415499924567,4.41549992454,4.41549992454,4.41549992444,4.41549992454,4.415499924351,4.415499924351,4.415499924551,4.415499924551,4.415499924251,4.415499924251,4.64263293914,4.64263293914,5.40752853199,5.40752853169,5.40752853156,5.40752853156,5.40752853146,5.40752853136,5.40752853156,5.40752853156,5.40752853156,5.40752853154,5.40752853144,5.40752853144,5.40752853154,5.40752853156,5.40752853156,5.40752853139,5.40752853149,5.407528531439,5.407528531439,5.40752853146,5.40752853146,5.40752853149,5.40752853169,5.40752853169,5.40752853179,5.40752853179,5.40752853179,5.40752853184,5.40752853184,5.40752853189,5.40752853189,5.40752853189,5.40752853169,5.40752853119,5.40752853121,5.40752853121,5.40752853144,5.40752853149,5.40752853149,5.40752853144,5.40752853144,5.407528531441,5.407528531441,5.40752853142,5.40752853142,5.40752853142,5.40752853142,5.40752853151,5.40752853151,5.40752853191,5.40752853191,5.40752853156,5.40752853156,5.40752853194,5.40752853194,5.40752853238,5.40752853238,5.79063691084,5.79063691084,7.89646854914,7.89646854968,7.89646854968,7.8964685497,7.8964685497,7.89646854928,7.89646854928,7.89646854914,7.89646854917,7.89646854917,7.89646854894,7.89646854944,7.89646854884,7.89646854914,7.89646854913,7.89646854913
"t90",4.07952771654,4.07952771654,4.07952771654,4.07952771651,4.07952771651,4.07952771651,0.09971292748,0,3.75108556574,3.75108556574,4.41549992414,4.415499924567,4.415499924567,4.41549992454,4.41549992454,4.41549992444,4.41549992454,4.415499924351,4.415499924351,4.415499924551,4.415499924551,4.415499924251,4.415499924251,4.64263293914,4.64263293914,5.40752853199,5.40752853169,5.40752853156,5.40752853156,5.40752853146,5.40752853136,5.40752853156,5.40752853156,5.40752853156,5.40752853154,5.40752853144,5.40752853144,5.40752853154,5.40752853156,5.40752853156,5.40752853139,5.40752853149,5.407528531439,5.407528531439,5.40752853146,5.40752853146,5.40752853149,5.40752853169,5.40752853169,5.40752853179,5.40752853179,5.40752853179,5.40752853184,5.40752853184,5.40752853189,5.40752853189,5.40752853189,5.40752853169,5.40752853119,5.40752853121,5.40752853121,5.40752853144,5.40752853149,5.40752853149,5.40752853144,5.40752853144,5.407528531441,5.407528531441,5.40752853142,5.40752853142,5.40752853142,5.40752853142,5.40752853151,5.40752853151,5.40752853191,5.40752853191,5.40752853156,5.40752853156,5.40752853194,5.40752853194,5.40752853238,5.40752853238,5.79063691084,5.79063691084,7.89646854914,7.89646854968,7.89646854968,7.8964685497,7.8964685497,7.89646854928,7.89646854928,7.89646854914,7.89646854917,7.89646854917,7.89646854894,7.89646854944,7.89646854884,7.89646854914,7.89646854913,7.89646854913
"t16",4.0795277168,4.0795277168,4.0795277168,4.07952771677,4.07952771677,4.07952771677,3.75108556574,3.75108556574,0,2.487462286,4.4154999244,4.415499924827,4.415499924827,4.4154999248,4.4154999248,4.4154999247,4.4154999248,4.415499924611,4.415499924611,4.415499924811,4.415499924811,4.415499924511,4.415499924511,4.6426329394,4.6426329394,5.40752853225,5.40752853195,5.40752853182,5.40752853182,5.40752853172,5.40752853162,5.40752853182,5.40752853182,5.40752853182,5.4075285318,5.4075285317,5.4075285317,5.4075285318,5.40752853182,5.40752853182,5.40752853165,5.40752853175,5.407528531699,5.407528531699,5.40752853172,5.40752853172,5.40752853175,5.40752853195,5.40752853195,5.40752853205,5.40752853205,5.40752853205,5.4075285321,5.4075285321,5.40752853215,5.40752853215,5.40752853215,5.40752853195,5.40752853145,5.40752853147,5.40752853147,5.4075285317,5.40752853175,5.40752853175,5.4075285317,5.4075285317,5.407528531701,5.407528531701,5.40752853168,5.40752853168,5.40752853168,5.40752853168,5.40752853177,5.40752853177,5.40752853217,5.40752853217,5.40752853182,5.40752853182,5.4075285322,5.4075285322,5.40752853264,5.40752853264,5.7906369111,5.7906369111,7.8964685494,7.89646854994,7.89646854994,7.89646854996,7.89646854996,7.89646854954,7.89646854954,7.8964685494,7.89646854943,7.89646854943,7.8964685492,7.8964685497,7.8964685491,7.8964685494,7.89646854939,7.89646854939
"t17",4.0795277168,4.0795277168,4.0795277168,4.07952771677,4.07952771677,4.07952771677,3.75108556574,3.75108556574,2.487462286,0,4.4154999244,4.415499924827,4.415499924827,4.4154999248,4.4154999248,4.4154999247,4.4154999248,4.415499924611,4.415499924611,4.415499924811,4.415499924811,4.415499924511,4.415499924511,4.6426329394,4.6426329394,5.40752853225,5.40752853195,5.40752853182,5.40752853182,5.40752853172,5.40752853162,5.40752853182,5.40752853182,5.40752853182,5.4075285318,5.4075285317,5.4075285317,5.4075285318,5.40752853182,5.40752853182,5.40752853165,5.40752853175,5.407528531699,5.407528531699,5.40752853172,5.40752853172,5.40752853175,5.40752853195,5.40752853195,5.40752853205,5.40752853205,5.40752853205,5.4075285321,5.4075285321,5.40752853215,5.40752853215,5.40752853215,5.40752853195,5.40752853145,5.40752853147,5.40752853147,5.4075285317,5.40752853175,5.40752853175,5.4075285317,5.4075285317,5.407528531701,5.407528531701,5.40752853168,5.40752853168,5.40752853168,5.40752853168,5.40752853177,5.40752853177,5.40752853217,5.40752853217,5.40752853182,5.40752853182,5.4075285322,5.4075285322,5.40752853264,5.40752853264,5.7906369111,5.7906369111,7.8964685494,7.89646854994,7.89646854994,7.89646854996,7.89646854996,7.89646854954,7.89646854954,7.8964685494,7.89646854943,7.89646854943,7.8964685492,7.8964685497,7.8964685491,7.8964685494,7.89646854939,7.89646854939
"t15",4.415499924,4.415499924,4.415499924,4.41549992397,4.41549992397,4.41549992397,4.41549992414,4.41549992414,4.4154999244,4.4154999244,0,2.546739830427,2.546739830427,2.5467398304,2.5467398304,3.0126417237,3.9556949656,4.213310546811,4.213310546811,4.213310547011,4.213310547011,4.213310546711,4.213310546711,4.6426329386,4.6426329386,5.40752853145,5.40752853115,5.40752853102,5.40752853102,5.40752853092,5.40752853082,5.40752853102,5.40752853102,5.40752853102,5.407528531,5.4075285309,5.4075285309,5.407528531,5.40752853102,5.40752853102,5.40752853085,5.40752853095,5.407528530899,5.407528530899,5.40752853092,5.40752853092,5.40752853095,5.40752853115,5.40752853115,5.40752853125,5.40752853125,5.40752853125,5.4075285313,5.4075285313,5.40752853135,5.40752853135,5.40752853135,5.40752853115,5.40752853065,5.40752853067,5.40752853067,5.4075285309,5.40752853095,5.40752853095,5.4075285309,5.4075285309,5.407528530901,5.407528530901,5.40752853088,5.40752853088,5.40752853088,5.40752853088,5.40752853097,5.40752853097,5.40752853137,5.40752853137,5.40752853102,5.40752853102,5.4075285314,5.4075285314,5.40752853184,5.40752853184,5.7906369103,5.7906369103,7.8964685486,7.89646854914,7.89646854914,7.89646854916,7.89646854916,7.89646854874,7.89646854874,7.8964685486,7.89646854863,7.89646854863,7.8964685484,7.8964685489,7.8964685483,7.8964685486,7.89646854859,7.89646854859
"t97",4.415499924427,4.415499924427,4.415499924427,4.415499924397,4.415499924397,4.415499924397,4.415499924567,4.415499924567,4.415499924827,4.415499924827,2.546739830427,0,0.007275686254,0.273767378427,0.565139576827,3.012641724127,3.955694966027,4.213310547238,4.213310547238,4.213310547438,4.213310547438,4.213310547138,4.213310547138,4.642632939027,4.642632939027,5.407528531877,5.407528531577,5.407528531447,5.407528531447,5.407528531347,5.407528531247,5.407528531447,5.407528531447,5.407528531447,5.407528531427,5.407528531327,5.407528531327,5.407528531427,5.407528531447,5.407528531447,5.407528531277,5.407528531377,5.407528531326,5.407528531326,5.407528531347,5.407528531347,5.407528531377,5.407528531577,5.407528531577,5.407528531677,5.407528531677,5.407528531677,5.407528531727,5.407528531727,5.407528531777,5.407528531777,5.407528531777,5.407528531577,5.407528531077,5.407528531097,5.407528531097,5.407528531327,5.407528531377,5.407528531377,5.407528531327,5.407528531327,5.407528531328,5.407528531328,5.407528531307,5.407528531307,5.407528531307,5.407528531307,5.407528531397,5.407528531397,5.407528531797,5.407528531797,5.407528531447,5.407528531447,5.407528531827,5.407528531827,5.407528532267,5.407528532267,5.790636910727,5.790636910727,7.896468549027,7.896468549567,7.896468549567,7.896468549587,7.896468549587,7.896468549167,7.896468549167,7.896468549027,7.896468549057,7.896468549057,7.896468548827,7.896468549327,7.896468548727,7.896468549027,7.896468549017,7.896468549017
"t98",4.415499924427,4.415499924427,4.415499924427,4.415499924397,4.415499924397,4.415499924397,4.415499924567,4.415499924567,4.415499924827,4.415499924827,2.546739830427,0.007275686254,0,0.273767378427,0.565139576827,3.012641724127,3.955694966027,4.213310547238,4.213310547238,4.213310547438,4.213310547438,4.213310547138,4.213310547138,4.642632939027,4.642632939027,5.407528531877,5.407528531577,5.407528531447,5.407528531447,5.407528531347,5.407528531247,5.407528531447,5.407528531447,5.407528531447,5.407528531427,5.407528531327,5.407528531327,5.407528531427,5.407528531447,5.407528531447,5.407528531277,5.407528531377,5.407528531326,5.407528531326,5.407528531347,5.407528531347,5.407528531377,5.407528531577,5.407528531577,5.407528531677,5.407528531677,5.407528531677,5.407528531727,5.407528531727,5.407528531777,5.407528531777,5.407528531777,5.407528531577,5.407528531077,5.407528531097,5.407528531097,5.407528531327,5.407528531377,5.407528531377,5.407528531327,5.407528531327,5.407528531328,5.407528531328,5.407528531307,5.407528531307,5.407528531307,5.407528531307,5.407528531397,5.407528531397,5.407528531797,5.407528531797,5.407528531447,5.407528531447,5.407528531827,5.407528531827,5.407528532267,5.407528532267,5.790636910727,5.790636910727,7.896468549027,7.896468549567,7.896468549567,7.896468549587,7.896468549587,7.896468549167,7.896468549167,7.896468549027,7.896468549057,7.896468549057,7.896468548827,7.896468549327,7.896468548727,7.896468549027,7.896468549017,7.896468549017
"t72",4.4154999244,4.4154999244,4.4154999244,4.41549992437,4.41549992437,4.41549992437,4.41549992454,4.41549992454,4.4154999248,4.4154999248,2.5467398304,0.273767378427,0.273767378427,0,0.5651395768,3.0126417241,3.955694966,4.213310547211,4.213310547211,4.213310547411,4.213310547411,4.213310547111,4.213310547111,4.642632939,4.642632939,5.40752853185,5.40752853155,5.40752853142,5.40752853142,5.40752853132,5.40752853122,5.40752853142,5.40752853142,5.40752853142,5.4075285314,5.4075285313,5.4075285313,5.4075285314,5.40752853142,5.40752853142,5.40752853125,5.40752853135,5.407528531299,5.407528531299,5.40752853132,5.40752853132,5.40752853135,5.40752853155,5.40752853155,5.40752853165,5.40752853165,5.40752853165,5.4075285317,5.4075285317,5.40752853175,5.40752853175,5.40752853175,5.40752853155,5.40752853105,5.40752853107,5.40752853107,5.4075285313,5.40752853135,5.40752853135,5.4075285313,5.4075285313,5.407528531301,5.407528531301,5.40752853128,5.40752853128,5.40752853128,5.40752853128,5.40752853137,5.40752853137,5.40752853177,5.40752853177,5.40752853142,5.40752853142,5.4075285318,5.4075285318,5.40752853224,5.40752853224,5.7906369107,5.7906369107,7.896468549,7.89646854954,7.89646854954,7.89646854956,7.89646854956,7.89646854914,7.89646854914,7.896468549,7.89646854903,7.89646854903,7.8964685488,7.8964685493,7.8964685487,7.896468549,7.89646854899,7.89646854899
"t60",4.4154999244,4.4154999244,4.4154999244,4.41549992437,4.41549992437,4.41549992437,4.41549992454,4.41549992454,4.4154999248,4.4154999248,2.5467398304,0.565139576827,0.565139576827,0.5651395768,0,3.0126417241,3.955694966,4.213310547211,4.213310547211,4.213310547411,4.213310547411,4.213310547111,4.213310547111,4.642632939,4.642632939,5.40752853185,5.40752853155,5.40752853142,5.40752853142,5.40752853132,5.40752853122,5.40752853142,5.40752853142,5.40752853142,5.4075285314,5.4075285313,5.4075285313,5.4075285314,5.40752853142,5.40752853142,5.40752853125,5.40752853135,5.407528531299,5.407528531299,5.40752853132,5.40752853132,5.40752853135,5.40752853155,5.40752853155,5.40752853165,5.40752853165,5.40752853165,5.4075285317,5.4075285317,5.40752853175,5.40752853175,5.40752853175,5.40752853155,5.40752853105,5.40752853107,5.40752853107,5.4075285313,5.40752853135,5.40752853135,5.4075285313,5.4075285313,5.407528531301,5.407528531301,5.40752853128,5.40752853128,5.40752853128,5.40752853128,5.40752853137,5.40752853137,5.40752853177,5.40752853177,5.40752853142,5.40752853142,5.4075285318,5.4075285318,5.40752853224,5.40752853224,5.7906369107,5.7906369107,7.896468549,7.89646854954,7.89646854954,7.89646854956,7.89646854956,7.89646854914,7.89646854914,7.896468549,7.89646854903,7.89646854903,7.8964685488,7.8964685493,7.8964685487,7.896468549,7.89646854899,7.89646854899
"t10",4.4154999243,4.4154999243,4.4154999243,4.41549992427,4.41549992427,4.41549992427,4.41549992444,4.41549992444,4.4154999247,4.4154999247,3.0126417237,3.012641724127,3.012641724127,3.0126417241,3.0126417241,0,3.9556949659,4.213310547111,4.213310547111,4.213310547311,4.213310547311,4.213310547011,4.213310547011,4.6426329389,4.6426329389,5.40752853175,5.40752853145,5.40752853132,5.40752853132,5.40752853122,5.40752853112,5.40752853132,5.40752853132,5.40752853132,5.4075285313,5.4075285312,5.4075285312,5.4075285313,5.40752853132,5.40752853132,5.40752853115,5.40752853125,5.407528531199,5.407528531199,5.40752853122,5.40752853122,5.40752853125,5.40752853145,5.40752853145,5.40752853155,5.40752853155,5.40752853155,5.4075285316,5.4075285316,5.40752853165,5.40752853165,5.40752853165,5.40752853145,5.40752853095,5.40752853097,5.40752853097,5.4075285312,5.40752853125,5.40752853125,5.4075285312,5.4075285312,5.407528531201,5.407528531201,5.40752853118,5.40752853118,5.40752853118,5.40752853118,5.40752853127,5.40752853127,5.40752853167,5.40752853167,5.40752853132,5.40752853132,5.4075285317,5.4075285317,5.40752853214,5.40752853214,5.7906369106,5.7906369106,7.8964685489,7.89646854944,7.89646854944,7.89646854946,7.89646854946,7.89646854904,7.89646854904,7.8964685489,7.89646854893,7.89646854893,7.8964685487,7.8964685492,7.8964685486,7.8964685489,7.89646854889,7.89646854889
"t5",4.4154999244,4.4154999244,4.4154999244,4.41549992437,4.41549992437,4.41549992437,4.41549992454,4.41549992454,4.4154999248,4.4154999248,3.9556949656,3.955694966027,3.955694966027,3.955694966,3.955694966,3.9556949659,0,4.213310547211,4.213310547211,4.213310547411,4.213310547411,4.213310547111,4.213310547111,4.642632939,4.642632939,5.40752853185,5.40752853155,5.40752853142,5.40752853142,5.40752853132,5.40752853122,5.40752853142,5.40752853142,5.40752853142,5.4075285314,5.4075285313,5.4075285313,5.4075285314,5.40752853142,5.40752853142,5.40752853125,5.40752853135,5.407528531299,5.407528531299,5.40752853132,5.40752853132,5.40752853135,5.40752853155,5.40752853155,5.40752853165,5.40752853165,5.40752853165,5.4075285317,5.4075285317,5.40752853175,5.40752853175,5.40752853175,5.40752853155,5.40752853105,5.40752853107,5.40752853107,5.4075285313,5.40752853135,5.40752853135,5.4075285313,5.4075285313,5.407528531301,5.407528531301,5.40752853128,5.40752853128,5.40752853128,5.40752853128,5.40752853137,5.40752853137,5.40752853177,5.40752853177,5.40752853142,5.40752853142,5.4075285318,5.4075285318,5.40752853224,5.40752853224,5.7906369107,5.7906369107,7.896468549,7.89646854954,7.89646854954,7.89646854956,7.89646854956,7.89646854914,7.89646854914,7.896468549,7.89646854903,7.89646854903,7.8964685488,7.8964685493,7.8964685487,7.896468549,7.89646854899,7.89646854899
"t70",4.415499924211,4.415499924211,4.415499924211,4.415499924181,4.415499924181,4.415499924181,4.415499924351,4.415499924351,4.415499924611,4.415499924611,4.213310546811,4.213310547238,4.213310547238,4.213310547211,4.213310547211,4.213310547111,4.213310547211,0,0.3011904378,4.211225898,4.211225898,4.2112258977,4.2112258977,4.642632938811,4.642632938811,5.407528531661,5.407528531361,5.407528531231,5.407528531231,5.407528531131,5.407528531031,5.407528531231,5.407528531231,5.407528531231,5.407528531211,5.407528531111,5.407528531111,5.407528531211,5.407528531231,5.407528531231,5.407528531061,5.407528531161,5.40752853111,5.40752853111,5.407528531131,5.407528531131,5.407528531161,5.407528531361,5.407528531361,5.407528531461,5.407528531461,5.407528531461,5.407528531511,5.407528531511,5.407528531561,5.407528531561,5.407528531561,5.407528531361,5.407528530861,5.407528530881,5.407528530881,5.407528531111,5.407528531161,5.407528531161,5.407528531111,5.407528531111,5.407528531112,5.407528531112,5.407528531091,5.407528531091,5.407528531091,5.407528531091,5.407528531181,5.407528531181,5.407528531581,5.407528531581,5.407528531231,5.407528531231,5.407528531611,5.407528531611,5.407528532051,5.407528532051,5.790636910511,5.790636910511,7.896468548811,7.896468549351,7.896468549351,7.896468549371,7.896468549371,7.896468548951,7.896468548951,7.896468548811,7.896468548841,7.896468548841,7.896468548611,7.896468549111,7.896468548511,7.896468548811,7.896468548801,7.896468548801
"t71",4.415499924211,4.415499924211,4.415499924211,4.415499924181,4.415499924181,4.415499924181,4.415499924351,4.415499924351,4.415499924611,4.415499924611,4.213310546811,4.213310547238,4.213310547238,4.213310547211,4.213310547211,4.213310547111,4.213310547211,0.3011904378,0,4.211225898,4.211225898,4.2112258977,4.2112258977,4.642632938811,4.642632938811,5.407528531661,5.407528531361,5.407528531231,5.407528531231,5.407528531131,5.407528531031,5.407528531231,5.407528531231,5.407528531231,5.407528531211,5.407528531111,5.407528531111,5.407528531211,5.407528531231,5.407528531231,5.407528531061,5.407528531161,5.40752853111,5.40752853111,5.407528531131,5.407528531131,5.407528531161,5.407528531361,5.407528531361,5.407528531461,5.407528531461,5.407528531461,5.407528531511,5.407528531511,5.407528531561,5.407528531561,5.407528531561,5.407528531361,5.407528530861,5.407528530881,5.407528530881,5.407528531111,5.407528531161,5.407528531161,5.407528531111,5.407528531111,5.407528531112,5.407528531112,5.407528531091,5.407528531091,5.407528531091,5.407528531091,5.407528531181,5.407528531181,5.407528531581,5.407528531581,5.407528531231,5.407528531231,5.407528531611,5.407528531611,5.407528532051,5.407528532051,5.790636910511,5.790636910511,7.896468548811,7.896468549351,7.896468549351,7.896468549371,7.896468549371,7.896468548951,7.896468548951,7.896468548811,7.896468548841,7.896468548841,7.896468548611,7.896468549111,7.896468548511,7.896468548811,7.896468548801,7.896468548801
"t58",4.415499924411,4.415499924411,4.415499924411,4.415499924381,4.415499924381,4.415499924381,4.415499924551,4.415499924551,4.415499924811,4.415499924811,4.213310547011,4.213310547438,4.213310547438,4.213310547411,4.213310547411,4.213310547311,4.213310547411,4.211225898,4.211225898,0,0.5712323636,3.9828375053,3.9828375053,4.642632939011,4.642632939011,5.407528531861,5.407528531561,5.407528531431,5.407528531431,5.407528531331,5.407528531231,5.407528531431,5.407528531431,5.407528531431,5.407528531411,5.407528531311,5.407528531311,5.407528531411,5.407528531431,5.407528531431,5.407528531261,5.407528531361,5.40752853131,5.40752853131,5.407528531331,5.407528531331,5.407528531361,5.407528531561,5.407528531561,5.407528531661,5.407528531661,5.407528531661,5.407528531711,5.407528531711,5.407528531761,5.407528531761,5.407528531761,5.407528531561,5.407528531061,5.407528531081,5.407528531081,5.407528531311,5.407528531361,5.407528531361,5.407528531311,5.407528531311,5.407528531312,5.407528531312,5.407528531291,5.407528531291,5.407528531291,5.407528531291,5.407528531381,5.407528531381,5.407528531781,5.407528531781,5.407528531431,5.407528531431,5.407528531811,5.407528531811,5.407528532251,5.407528532251,5.790636910711,5.790636910711,7.896468549011,7.896468549551,7.896468549551,7.896468549571,7.896468549571,7.896468549151,7.896468549151,7.896468549011,7.896468549041,7.896468549041,7.896468548811,7.896468549311,7.896468548711,7.896468549011,7.896468549001,7.896468549001
"t59",4.415499924411,4.415499924411,4.415499924411,4.415499924381,4.415499924381,4.415499924381,4.415499924551,4.415499924551,4.415499924811,4.415499924811,4.213310547011,4.213310547438,4.213310547438,4.213310547411,4.213310547411,4.213310547311,4.213310547411,4.211225898,4.211225898,0.5712323636,0,3.9828375053,3.9828375053,4.642632939011,4.642632939011,5.407528531861,5.407528531561,5.407528531431,5.407528531431,5.407528531331,5.407528531231,5.407528531431,5.407528531431,5.407528531431,5.407528531411,5.407528531311,5.407528531311,5.407528531411,5.407528531431,5.407528531431,5.407528531261,5.407528531361,5.40752853131,5.40752853131,5.407528531331,5.407528531331,5.407528531361,5.407528531561,5.407528531561,5.407528531661,5.407528531661,5.407528531661,5.407528531711,5.407528531711,5.407528531761,5.407528531761,5.407528531761,5.407528531561,5.407528531061,5.407528531081,5.407528531081,5.407528531311,5.407528531361,5.407528531361,5.407528531311,5.407528531311,5.407528531312,5.407528531312,5.407528531291,5.407528531291,5.407528531291,5.407528531291,5.407528531381,5.407528531381,5.407528531781,5.407528531781,5.407528531431,5.407528531431,5.407528531811,5.407528531811,5.407528532251,5.407528532251,5.790636910711,5.790636910711,7.896468549011,7.896468549551,7.896468549551,7.896468549571,7.896468549571,7.896468549151,7.896468549151,7.896468549011,7.896468549041,7.896468549041,7.896468548811,7.896468549311,7.896468548711,7.896468549011,7.896468549001,7.896468549001
"t42",4.415499924111,4.415499924111,4.415499924111,4.415499924081,4.415499924081,4.415499924081,4.415499924251,4.415499924251,4.415499924511,4.415499924511,4.213310546711,4.213310547138,4.213310547138,4.213310547111,4.213310547111,4.213310547011,4.213310547111,4.2112258977,4.2112258977,3.9828375053,3.9828375053,0,0.945066877,4.642632938711,4.642632938711,5.407528531561,5.407528531261,5.407528531131,5.407528531131,5.407528531031,5.407528530931,5.407528531131,5.407528531131,5.407528531131,5.407528531111,5.407528531011,5.407528531011,5.407528531111,5.407528531131,5.407528531131,5.407528530961,5.407528531061,5.40752853101,5.40752853101,5.407528531031,5.407528531031,5.407528531061,5.407528531261,5.407528531261,5.407528531361,5.407528531361,5.407528531361,5.407528531411,5.407528531411,5.407528531461,5.407528531461,5.407528531461,5.407528531261,5.407528530761,5.407528530781,5.407528530781,5.407528531011,5.407528531061,5.407528531061,5.407528531011,5.407528531011,5.407528531012,5.407528531012,5.407528530991,5.407528530991,5.407528530991,5.407528530991,5.407528531081,5.407528531081,5.407528531481,5.407528531481,5.407528531131,5.407528531131,5.407528531511,5.407528531511,5.407528531951,5.407528531951,5.790636910411,5.790636910411,7.896468548711,7.896468549251,7.896468549251,7.896468549271,7.896468549271,7.896468548851,7.896468548851,7.896468548711,7.896468548741,7.896468548741,7.896468548511,7.896468549011,7.896468548411,7.896468548711,7.896468548701,7.896468548701
"t43",4.415499924111,4.415499924111,4.415499924111,4.415499924081,4.415499924081,4.415499924081,4.415499924251,4.415499924251,4.415499924511,4.415499924511,4.213310546711,4.213310547138,4.213310547138,4.213310547111,4.213310547111,4.213310547011,4.213310547111,4.2112258977,4.2112258977,3.9828375053,3.9828375053,0.945066877,0,4.642632938711,4.642632938711,5.407528531561,5.407528531261,5.407528531131,5.407528531131,5.407528531031,5.407528530931,5.407528531131,5.407528531131,5.407528531131,5.407528531111,5.407528531011,5.407528531011,5.407528531111,5.407528531131,5.407528531131,5.407528530961,5.407528531061,5.40752853101,5.40752853101,5.407528531031,5.407528531031,5.407528531061,5.407528531261,5.407528531261,5.407528531361,5.407528531361,5.407528531361,5.407528531411,5.407528531411,5.407528531461,5.407528531461,5.407528531461,5.407528531261,5.407528530761,5.407528530781,5.407528530781,5.407528531011,5.407528531061,5.407528531061,5.407528531011,5.407528531011,5.407528531012,5.407528531012,5.407528530991,5.407528530991,5.407528530991,5.407528530991,5.407528531081,5.407528531081,5.407528531481,5.407528531481,5.407528531131,5.407528531131,5.407528531511,5.407528531511,5.407528531951,5.407528531951,5.790636910411,5.790636910411,7.896468548711,7.896468549251,7.896468549251,7.896468549271,7.896468549271,7.896468548851,7.896468548851,7.896468548711,7.896468548741,7.896468548741,7.896468548511,7.896468549011,7.896468548411,7.896468548711,7.896468548701,7.896468548701
"t66",4.642632939,4.642632939,4.642632939,4.64263293897,4.64263293897,4.64263293897,4.64263293914,4.64263293914,4.6426329394,4.6426329394,4.6426329386,4.642632939027,4.642632939027,4.642632939,4.642632939,4.6426329389,4.642632939,4.642632938811,4.642632938811,4.642632939011,4.642632939011,4.642632938711,4.642632938711,0,0.4005055152,5.40752853205,5.40752853175,5.40752853162,5.40752853162,5.40752853152,5.40752853142,5.40752853162,5.40752853162,5.40752853162,5.4075285316,5.4075285315,5.4075285315,5.4075285316,5.40752853162,5.40752853162,5.40752853145,5.40752853155,5.407528531499,5.407528531499,5.40752853152,5.40752853152,5.40752853155,5.40752853175,5.40752853175,5.40752853185,5.40752853185,5.40752853185,5.4075285319,5.4075285319,5.40752853195,5.40752853195,5.40752853195,5.40752853175,5.40752853125,5.40752853127,5.40752853127,5.4075285315,5.40752853155,5.40752853155,5.4075285315,5.4075285315,5.407528531501,5.407528531501,5.40752853148,5.40752853148,5.40752853148,5.40752853148,5.40752853157,5.40752853157,5.40752853197,5.40752853197,5.40752853162,5.40752853162,5.407528532,5.407528532,5.40752853244,5.40752853244,5.7906369109,5.7906369109,7.8964685492,7.89646854974,7.89646854974,7.89646854976,7.89646854976,7.89646854934,7.89646854934,7.8964685492,7.89646854923,7.89646854923,7.896468549,7.8964685495,7.8964685489,7.8964685492,7.89646854919,7.89646854919
"t67",4.642632939,4.642632939,4.642632939,4.64263293897,4.64263293897,4.64263293897,4.64263293914,4.64263293914,4.6426329394,4.6426329394,4.6426329386,4.642632939027,4.642632939027,4.642632939,4.642632939,4.6426329389,4.642632939,4.642632938811,4.642632938811,4.642632939011,4.642632939011,4.642632938711,4.642632938711,0.4005055152,0,5.40752853205,5.40752853175,5.40752853162,5.40752853162,5.40752853152,5.40752853142,5.40752853162,5.40752853162,5.40752853162,5.4075285316,5.4075285315,5.4075285315,5.4075285316,5.40752853162,5.40752853162,5.40752853145,5.40752853155,5.407528531499,5.407528531499,5.40752853152,5.40752853152,5.40752853155,5.40752853175,5.40752853175,5.40752853185,5.40752853185,5.40752853185,5.4075285319,5.4075285319,5.40752853195,5.40752853195,5.40752853195,5.40752853175,5.40752853125,5.40752853127,5.40752853127,5.4075285315,5.40752853155,5.40752853155,5.4075285315,5.4075285315,5.407528531501,5.407528531501,5.40752853148,5.40752853148,5.40752853148,5.40752853148,5.40752853157,5.40752853157,5.40752853197,5.40752853197,5.40752853162,5.40752853162,5.407528532,5.407528532,5.40752853244,5.40752853244,5.7906369109,5.7906369109,7.8964685492,7.89646854974,7.89646854974,7.89646854976,7.89646854976,7.89646854934,7.89646854934,7.8964685492,7.89646854923,7.89646854923,7.896468549,7.8964685495,7.8964685489,7.8964685492,7.89646854919,7.89646854919
"t4",5.40752853185,5.40752853185,5.40752853185,5.40752853182,5.40752853182,5.40752853182,5.40752853199,5.40752853199,5.40752853225,5.40752853225,5.40752853145,5.407528531877,5.407528531877,5.40752853185,5.40752853185,5.40752853175,5.40752853185,5.407528531661,5.407528531661,5.407528531861,5.407528531861,5.407528531561,5.407528531561,5.40752853205,5.40752853205,0,4.7783054577,4.77830545757,4.77830545757,4.77830545747,4.77830545737,4.77830545757,4.77830545757,4.77830545757,4.77830545755,4.77830545745,4.77830545745,4.77830545755,4.77830545757,4.77830545757,4.7783054574,4.7783054575,4.778305457449,4.778305457449,4.77830545747,4.77830545747,4.7783054575,4.7783054577,4.7783054577,4.8687442933,4.8687442933,4.8687442933,4.86874429335,4.86874429335,4.8687442934,4.8687442934,4.8687442934,4.8687442932,4.8687442927,4.86874429272,4.86874429272,4.86874429295,4.868744293,4.868744293,4.86874429295,4.86874429295,4.868744292951,4.868744292951,4.86874429293,4.86874429293,4.86874429293,4.86874429293,4.86874429302,4.86874429302,4.86874429342,4.86874429342,4.86874429307,4.86874429307,5.11710361785,5.11710361785,5.11710361829,5.11710361829,5.79063691115,5.79063691115,7.89646854945,7.89646854999,7.89646854999,7.89646855001,7.89646855001,7.89646854959,7.89646854959,7.89646854945,7.89646854948,7.89646854948,7.89646854925,7.89646854975,7.89646854915,7.89646854945,7.89646854944,7.89646854944
"t14",5.40752853155,5.40752853155,5.40752853155,5.40752853152,5.40752853152,5.40752853152,5.40752853169,5.40752853169,5.40752853195,5.40752853195,5.40752853115,5.407528531577,5.407528531577,5.40752853155,5.40752853155,5.40752853145,5.40752853155,5.407528531361,5.407528531361,5.407528531561,5.407528531561,5.407528531261,5.407528531261,5.40752853175,5.40752853175,4.7783054577,0,2.65538207587,2.65538207587,2.65538207577,2.65538207567,2.65538207587,2.65538207587,2.65538207587,2.65538207585,2.65538207575,2.65538207575,2.65538207585,2.65538207587,2.65538207587,4.3922096117,4.3922096118,4.392209611749,4.392209611749,4.39220961177,4.39220961177,4.3922096118,4.392209612,4.392209612,4.868744293,4.868744293,4.868744293,4.86874429305,4.86874429305,4.8687442931,4.8687442931,4.8687442931,4.8687442929,4.8687442924,4.86874429242,4.86874429242,4.86874429265,4.8687442927,4.8687442927,4.86874429265,4.86874429265,4.868744292651,4.868744292651,4.86874429263,4.86874429263,4.86874429263,4.86874429263,4.86874429272,4.86874429272,4.86874429312,4.86874429312,4.86874429277,4.86874429277,5.11710361755,5.11710361755,5.11710361799,5.11710361799,5.79063691085,5.79063691085,7.89646854915,7.89646854969,7.89646854969,7.89646854971,7.89646854971,7.89646854929,7.89646854929,7.89646854915,7.89646854918,7.89646854918,7.89646854895,7.89646854945,7.89646854885,7.89646854915,7.89646854914,7.89646854914
"t34",5.40752853142,5.40752853142,5.40752853142,5.40752853139,5.40752853139,5.40752853139,5.40752853156,5.40752853156,5.40752853182,5.40752853182,5.40752853102,5.407528531447,5.407528531447,5.40752853142,5.40752853142,5.40752853132,5.40752853142,5.407528531231,5.407528531231,5.407528531431,5.407528531431,5.407528531131,5.407528531131,5.40752853162,5.40752853162,4.77830545757,2.65538207587,0,1.2226459646,1.6991470969,2.2111915782,2.5067254144,2.5067254144,2.5067254144,2.50672541438,2.50672541428,2.50672541428,2.50672541438,2.5067254144,2.5067254144,4.39220961157,4.39220961167,4.392209611619,4.392209611619,4.39220961164,4.39220961164,4.39220961167,4.39220961187,4.39220961187,4.86874429287,4.86874429287,4.86874429287,4.86874429292,4.86874429292,4.86874429297,4.86874429297,4.86874429297,4.86874429277,4.86874429227,4.86874429229,4.86874429229,4.86874429252,4.86874429257,4.86874429257,4.86874429252,4.86874429252,4.868744292521,4.868744292521,4.8687442925,4.8687442925,4.8687442925,4.8687442925,4.86874429259,4.86874429259,4.86874429299,4.86874429299,4.86874429264,4.86874429264,5.11710361742,5.11710361742,5.11710361786,5.11710361786,5.79063691072,5.79063691072,7.89646854902,7.89646854956,7.89646854956,7.89646854958,7.89646854958,7.89646854916,7.89646854916,7.89646854902,7.89646854905,7.89646854905,7.89646854882,7.89646854932,7.89646854872,7.89646854902,7.89646854901,7.89646854901
"t35",5.40752853142,5.40752853142,5.40752853142,5.40752853139,5.40752853139,5.40752853139,5.40752853156,5.40752853156,5.40752853182,5.40752853182,5.40752853102,5.407528531447,5.407528531447,5.40752853142,5.40752853142,5.40752853132,5.40752853142,5.407528531231,5.407528531231,5.407528531431,5.407528531431,5.407528531131,5.407528531131,5.40752853162,5.40752853162,4.77830545757,2.65538207587,1.2226459646,0,1.6991470969,2.2111915782,2.5067254144,2.5067254144,2.5067254144,2.50672541438,2.50672541428,2.50672541428,2.50672541438,2.5067254144,2.5067254144,4.39220961157,4.39220961167,4.392209611619,4.392209611619,4.39220961164,4.39220961164,4.39220961167,4.39220961187,4.39220961187,4.86874429287,4.86874429287,4.86874429287,4.86874429292,4.86874429292,4.86874429297,4.86874429297,4.86874429297,4.86874429277,4.86874429227,4.86874429229,4.86874429229,4.86874429252,4.86874429257,4.86874429257,4.86874429252,4.86874429252,4.868744292521,4.868744292521,4.8687442925,4.8687442925,4.8687442925,4.8687442925,4.86874429259,4.86874429259,4.86874429299,4.86874429299,4.86874429264,4.86874429264,5.11710361742,5.11710361742,5.11710361786,5.11710361786,5.79063691072,5.79063691072,7.89646854902,7.89646854956,7.89646854956,7.89646854958,7.89646854958,7.89646854916,7.89646854916,7.89646854902,7.89646854905,7.89646854905,7.89646854882,7.89646854932,7.89646854872,7.89646854902,7.89646854901,7.89646854901
"t28",5.40752853132,5.40752853132,5.40752853132,5.40752853129,5.40752853129,5.40752853129,5.40752853146,5.40752853146,5.40752853172,5.40752853172,5.40752853092,5.407528531347,5.407528531347,5.40752853132,5.40752853132,5.40752853122,5.40752853132,5.407528531131,5.407528531131,5.407528531331,5.407528531331,5.407528531031,5.407528531031,5.40752853152,5.40752853152,4.77830545747,2.65538207577,1.6991470969,1.6991470969,0,2.2111915781,2.5067254143,2.5067254143,2.5067254143,2.50672541428,2.50672541418,2.50672541418,2.50672541428,2.5067254143,2.5067254143,4.39220961147,4.39220961157,4.392209611519,4.392209611519,4.39220961154,4.39220961154,4.39220961157,4.39220961177,4.39220961177,4.86874429277,4.86874429277,4.86874429277,4.86874429282,4.86874429282,4.86874429287,4.86874429287,4.86874429287,4.86874429267,4.86874429217,4.86874429219,4.86874429219,4.86874429242,4.86874429247,4.86874429247,4.86874429242,4.86874429242,4.868744292421,4.868744292421,4.8687442924,4.8687442924,4.8687442924,4.8687442924,4.86874429249,4.86874429249,4.86874429289,4.86874429289,4.86874429254,4.86874429254,5.11710361732,5.11710361732,5.11710361776,5.11710361776,5.79063691062,5.79063691062,7.89646854892,7.89646854946,7.89646854946,7.89646854948,7.89646854948,7.89646854906,7.89646854906,7.89646854892,7.89646854895,7.89646854895,7.89646854872,7.89646854922,7.89646854862,7.89646854892,7.89646854891,7.89646854891
"t20",5.40752853122,5.40752853122,5.40752853122,5.40752853119,5.40752853119,5.40752853119,5.40752853136,5.40752853136,5.40752853162,5.40752853162,5.40752853082,5.407528531247,5.407528531247,5.40752853122,5.40752853122,5.40752853112,5.40752853122,5.407528531031,5.407528531031,5.407528531231,5.407528531231,5.407528530931,5.407528530931,5.40752853142,5.40752853142,4.77830545737,2.65538207567,2.2111915782,2.2111915782,2.2111915781,0,2.5067254142,2.5067254142,2.5067254142,2.50672541418,2.50672541408,2.50672541408,2.50672541418,2.5067254142,2.5067254142,4.39220961137,4.39220961147,4.392209611419,4.392209611419,4.39220961144,4.39220961144,4.39220961147,4.39220961167,4.39220961167,4.86874429267,4.86874429267,4.86874429267,4.86874429272,4.86874429272,4.86874429277,4.86874429277,4.86874429277,4.86874429257,4.86874429207,4.86874429209,4.86874429209,4.86874429232,4.86874429237,4.86874429237,4.86874429232,4.86874429232,4.868744292321,4.868744292321,4.8687442923,4.8687442923,4.8687442923,4.8687442923,4.86874429239,4.86874429239,4.86874429279,4.86874429279,4.86874429244,4.86874429244,5.11710361722,5.11710361722,5.11710361766,5.11710361766,5.79063691052,5.79063691052,7.89646854882,7.89646854936,7.89646854936,7.89646854938,7.89646854938,7.89646854896,7.89646854896,7.89646854882,7.89646854885,7.89646854885,7.89646854862,7.89646854912,7.89646854852,7.89646854882,7.89646854881,7.89646854881
"t46",5.40752853142,5.40752853142,5.40752853142,5.40752853139,5.40752853139,5.40752853139,5.40752853156,5.40752853156,5.40752853182,5.40752853182,5.40752853102,5.407528531447,5.407528531447,5.40752853142,5.40752853142,5.40752853132,5.40752853142,5.407528531231,5.407528531231,5.407528531431,5.407528531431,5.407528531131,5.407528531131,5.40752853162,5.40752853162,4.77830545757,2.65538207587,2.5067254144,2.5067254144,2.5067254143,2.5067254142,0,0.8842553778,1.1726827562,2.28551637498,2.28551637488,2.28551637488,2.28551637498,2.285516375,2.285516375,4.39220961157,4.39220961167,4.392209611619,4.392209611619,4.39220961164,4.39220961164,4.39220961167,4.39220961187,4.39220961187,4.86874429287,4.86874429287,4.86874429287,4.86874429292,4.86874429292,4.86874429297,4.86874429297,4.86874429297,4.86874429277,4.86874429227,4.86874429229,4.86874429229,4.86874429252,4.86874429257,4.86874429257,4.86874429252,4.86874429252,4.868744292521,4.868744292521,4.8687442925,4.8687442925,4.8687442925,4.8687442925,4.86874429259,4.86874429259,4.86874429299,4.86874429299,4.86874429264,4.86874429264,5.11710361742,5.11710361742,5.11710361786,5.11710361786,5.79063691072,5.79063691072,7.89646854902,7.89646854956,7.89646854956,7.89646854958,7.89646854958,7.89646854916,7.89646854916,7.89646854902,7.89646854905,7.89646854905,7.89646854882,7.89646854932,7.89646854872,7.89646854902,7.89646854901,7.89646854901
"t47",5.40752853142,5.40752853142,5.40752853142,5.40752853139,5.40752853139,5.40752853139,5.40752853156,5.40752853156,5.40752853182,5.40752853182,5.40752853102,5.407528531447,5.407528531447,5.40752853142,5.40752853142,5.40752853132,5.40752853142,5.407528531231,5.407528531231,5.407528531431,5.407528531431,5.407528531131,5.407528531131,5.40752853162,5.40752853162,4.77830545757,2.65538207587,2.5067254144,2.5067254144,2.5067254143,2.5067254142,0.8842553778,0,1.1726827562,2.28551637498,2.28551637488,2.28551637488,2.28551637498,2.285516375,2.285516375,4.39220961157,4.39220961167,4.392209611619,4.392209611619,4.39220961164,4.39220961164,4.39220961167,4.39220961187,4.39220961187,4.86874429287,4.86874429287,4.86874429287,4.86874429292,4.86874429292,4.86874429297,4.86874429297,4.86874429297,4.86874429277,4.86874429227,4.86874429229,4.86874429229,4.86874429252,4.86874429257,4.86874429257,4.86874429252,4.86874429252,4.868744292521,4.868744292521,4.8687442925,4.8687442925,4.8687442925,4.8687442925,4.86874429259,4.86874429259,4.86874429299,4.86874429299,4.86874429264,4.86874429264,5.11710361742,5.11710361742,5.11710361786,5.11710361786,5.79063691072,5.79063691072,7.89646854902,7.89646854956,7.89646854956,7.89646854958,7.89646854958,7.89646854916,7.89646854916,7.89646854902,7.89646854905,7.89646854905,7.89646854882,7.89646854932,7.89646854872,7.89646854902,7.89646854901,7.89646854901
"t36",5.40752853142,5.40752853142,5.40752853142,5.40752853139,5.40752853139,5.40752853139,5.40752853156,5.40752853156,5.40752853182,5.40752853182,5.40752853102,5.407528531447,5.407528531447,5.40752853142,5.40752853142,5.40752853132,5.40752853142,5.407528531231,5.407528531231,5.407528531431,5.407528531431,5.407528531131,5.407528531131,5.40752853162,5.40752853162,4.77830545757,2.65538207587,2.5067254144,2.5067254144,2.5067254143,2.5067254142,1.1726827562,1.1726827562,0,2.28551637498,2.28551637488,2.28551637488,2.28551637498,2.285516375,2.285516375,4.39220961157,4.39220961167,4.392209611619,4.392209611619,4.39220961164,4.39220961164,4.39220961167,4.39220961187,4.39220961187,4.86874429287,4.86874429287,4.86874429287,4.86874429292,4.86874429292,4.86874429297,4.86874429297,4.86874429297,4.86874429277,4.86874429227,4.86874429229,4.86874429229,4.86874429252,4.86874429257,4.86874429257,4.86874429252,4.86874429252,4.868744292521,4.868744292521,4.8687442925,4.8687442925,4.8687442925,4.8687442925,4.86874429259,4.86874429259,4.86874429299,4.86874429299,4.86874429264,4.86874429264,5.11710361742,5.11710361742,5.11710361786,5.11710361786,5.79063691072,5.79063691072,7.89646854902,7.89646854956,7.89646854956,7.89646854958,7.89646854958,7.89646854916,7.89646854916,7.89646854902,7.89646854905,7.89646854905,7.89646854882,7.89646854932,7.89646854872,7.89646854902,7.89646854901,7.89646854901
"t33",5.4075285314,5.4075285314,5.4075285314,5.40752853137,5.40752853137,5.40752853137,5.40752853154,5.40752853154,5.4075285318,5.4075285318,5.407528531,5.407528531427,5.407528531427,5.4075285314,5.4075285314,5.4075285313,5.4075285314,5.407528531211,5.407528531211,5.407528531411,5.407528531411,5.407528531111,5.407528531111,5.4075285316,5.4075285316,4.77830545755,2.65538207585,2.50672541438,2.50672541438,2.50672541428,2.50672541418,2.28551637498,2.28551637498,2.28551637498,0,1.2952690727,1.2952690727,1.2952690728,1.35969501178,1.66278137298,4.39220961155,4.39220961165,4.392209611599,4.392209611599,4.39220961162,4.39220961162,4.39220961165,4.39220961185,4.39220961185,4.86874429285,4.86874429285,4.86874429285,4.8687442929,4.8687442929,4.86874429295,4.86874429295,4.86874429295,4.86874429275,4.86874429225,4.86874429227,4.86874429227,4.8687442925,4.86874429255,4.86874429255,4.8687442925,4.8687442925,4.868744292501,4.868744292501,4.86874429248,4.86874429248,4.86874429248,4.86874429248,4.86874429257,4.86874429257,4.86874429297,4.86874429297,4.86874429262,4.86874429262,5.1171036174,5.1171036174,5.11710361784,5.11710361784,5.7906369107,5.7906369107,7.896468549,7.89646854954,7.89646854954,7.89646854956,7.89646854956,7.89646854914,7.89646854914,7.896468549,7.89646854903,7.89646854903,7.8964685488,7.8964685493,7.8964685487,7.896468549,7.89646854899,7.89646854899
"t56",5.4075285313,5.4075285313,5.4075285313,5.40752853127,5.40752853127,5.40752853127,5.40752853144,5.40752853144,5.4075285317,5.4075285317,5.4075285309,5.407528531327,5.407528531327,5.4075285313,5.4075285313,5.4075285312,5.4075285313,5.407528531111,5.407528531111,5.407528531311,5.407528531311,5.407528531011,5.407528531011,5.4075285315,5.4075285315,4.77830545745,2.65538207575,2.50672541428,2.50672541428,2.50672541418,2.50672541408,2.28551637488,2.28551637488,2.28551637488,1.2952690727,0,0.738253657,0.9643431395,1.35969501168,1.66278137288,4.39220961145,4.39220961155,4.392209611499,4.392209611499,4.39220961152,4.39220961152,4.39220961155,4.39220961175,4.39220961175,4.86874429275,4.86874429275,4.86874429275,4.8687442928,4.8687442928,4.86874429285,4.86874429285,4.86874429285,4.86874429265,4.86874429215,4.86874429217,4.86874429217,4.8687442924,4.86874429245,4.86874429245,4.8687442924,4.8687442924,4.868744292401,4.868744292401,4.86874429238,4.86874429238,4.86874429238,4.86874429238,4.86874429247,4.86874429247,4.86874429287,4.86874429287,4.86874429252,4.86874429252,5.1171036173,5.1171036173,5.11710361774,5.11710361774,5.7906369106,5.7906369106,7.8964685489,7.89646854944,7.89646854944,7.89646854946,7.89646854946,7.89646854904,7.89646854904,7.8964685489,7.89646854893,7.89646854893,7.8964685487,7.8964685492,7.8964685486,7.8964685489,7.89646854889,7.89646854889
"t57",5.4075285313,5.4075285313,5.4075285313,5.40752853127,5.40752853127,5.40752853127,5.40752853144,5.40752853144,5.4075285317,5.4075285317,5.4075285309,5.407528531327,5.407528531327,5.4075285313,5.4075285313,5.4075285312,5.4075285313,5.407528531111,5.407528531111,5.407528531311,5.407528531311,5.407528531011,5.407528531011,5.4075285315,5.4075285315,4.77830545745,2.65538207575,2.50672541428,2.50672541428,2.50672541418,2.50672541408,2.28551637488,2.28551637488,2.28551637488,1.2952690727,0.738253657,0,0.9643431395,1.35969501168,1.66278137288,4.39220961145,4.39220961155,4.392209611499,4.392209611499,4.39220961152,4.39220961152,4.39220961155,4.39220961175,4.39220961175,4.86874429275,4.86874429275,4.86874429275,4.8687442928,4.8687442928,4.86874429285,4.86874429285,4.86874429285,4.86874429265,4.86874429215,4.86874429217,4.86874429217,4.8687442924,4.86874429245,4.86874429245,4.8687442924,4.8687442924,4.868744292401,4.868744292401,4.86874429238,4.86874429238,4.86874429238,4.86874429238,4.86874429247,4.86874429247,4.86874429287,4.86874429287,4.86874429252,4.86874429252,5.1171036173,5.1171036173,5.11710361774,5.11710361774,5.7906369106,5.7906369106,7.8964685489,7.89646854944,7.89646854944,7.89646854946,7.89646854946,7.89646854904,7.89646854904,7.8964685489,7.89646854893,7.89646854893,7.8964685487,7.8964685492,7.8964685486,7.8964685489,7.89646854889,7.89646854889
"t41",5.4075285314,5.4075285314,5.4075285314,5.40752853137,5.40752853137,5.40752853137,5.40752853154,5.40752853154,5.4075285318,5.4075285318,5.407528531,5.407528531427,5.407528531427,5.4075285314,5.4075285314,5.4075285313,5.4075285314,5.407528531211,5.407528531211,5.407528531411,5.407528531411,5.407528531111,5.407528531111,5.4075285316,5.4075285316,4.77830545755,2.65538207585,2.50672541438,2.50672541438,2.50672541428,2.50672541418,2.28551637498,2.28551637498,2.28551637498,1.2952690728,0.9643431395,0.9643431395,0,1.35969501178,1.66278137298,4.39220961155,4.39220961165,4.392209611599,4.392209611599,4.39220961162,4.39220961162,4.39220961165,4.39220961185,4.39220961185,4.86874429285,4.86874429285,4.86874429285,4.8687442929,4.8687442929,4.86874429295,4.86874429295,4.86874429295,4.86874429275,4.86874429225,4.86874429227,4.86874429227,4.8687442925,4.86874429255,4.86874429255,4.8687442925,4.8687442925,4.868744292501,4.868744292501,4.86874429248,4.86874429248,4.86874429248,4.86874429248,4.86874429257,4.86874429257,4.86874429297,4.86874429297,4.86874429262,4.86874429262,5.1171036174,5.1171036174,5.11710361784,5.11710361784,5.7906369107,5.7906369107,7.896468549,7.89646854954,7.89646854954,7.89646854956,7.89646854956,7.89646854914,7.89646854914,7.896468549,7.89646854903,7.89646854903,7.8964685488,7.8964685493,7.8964685487,7.896468549,7.89646854899,7.89646854899
"t32",5.40752853142,5.40752853142,5.40752853142,5.40752853139,5.40752853139,5.40752853139,5.40752853156,5.40752853156,5.40752853182,5.40752853182,5.40752853102,5.407528531447,5.407528531447,5.40752853142,5.40752853142,5.40752853132,5.40752853142,5.407528531231,5.407528531231,5.407528531431,5.407528531431,5.407528531131,5.407528531131,5.40752853162,5.40752853162,4.77830545757,2.65538207587,2.5067254144,2.5067254144,2.5067254143,2.5067254142,2.285516375,2.285516375,2.285516375,1.35969501178,1.35969501168,1.35969501168,1.35969501178,0,1.662781373,4.39220961157,4.39220961167,4.392209611619,4.392209611619,4.39220961164,4.39220961164,4.39220961167,4.39220961187,4.39220961187,4.86874429287,4.86874429287,4.86874429287,4.86874429292,4.86874429292,4.86874429297,4.86874429297,4.86874429297,4.86874429277,4.86874429227,4.86874429229,4.86874429229,4.86874429252,4.86874429257,4.86874429257,4.86874429252,4.86874429252,4.868744292521,4.868744292521,4.8687442925,4.8687442925,4.8687442925,4.8687442925,4.86874429259,4.86874429259,4.86874429299,4.86874429299,4.86874429264,4.86874429264,5.11710361742,5.11710361742,5.11710361786,5.11710361786,5.79063691072,5.79063691072,7.89646854902,7.89646854956,7.89646854956,7.89646854958,7.89646854958,7.89646854916,7.89646854916,7.89646854902,7.89646854905,7.89646854905,7.89646854882,7.89646854932,7.89646854872,7.89646854902,7.89646854901,7.89646854901
"t29",5.40752853142,5.40752853142,5.40752853142,5.40752853139,5.40752853139,5.40752853139,5.40752853156,5.40752853156,5.40752853182,5.40752853182,5.40752853102,5.407528531447,5.407528531447,5.40752853142,5.40752853142,5.40752853132,5.40752853142,5.407528531231,5.407528531231,5.407528531431,5.407528531431,5.407528531131,5.407528531131,5.40752853162,5.40752853162,4.77830545757,2.65538207587,2.5067254144,2.5067254144,2.5067254143,2.5067254142,2.285516375,2.285516375,2.285516375,1.66278137298,1.66278137288,1.66278137288,1.66278137298,1.662781373,0,4.39220961157,4.39220961167,4.392209611619,4.392209611619,4.39220961164,4.39220961164,4.39220961167,4.39220961187,4.39220961187,4.86874429287,4.86874429287,4.86874429287,4.86874429292,4.86874429292,4.86874429297,4.86874429297,4.86874429297,4.86874429277,4.86874429227,4.86874429229,4.86874429229,4.86874429252,4.86874429257,4.86874429257,4.86874429252,4.86874429252,4.868744292521,4.868744292521,4.8687442925,4.8687442925,4.8687442925,4.8687442925,4.86874429259,4.86874429259,4.86874429299,4.86874429299,4.86874429264,4.86874429264,5.11710361742,5.11710361742,5.11710361786,5.11710361786,5.79063691072,5.79063691072,7.89646854902,7.89646854956,7.89646854956,7.89646854958,7.89646854958,7.89646854916,7.89646854916,7.89646854902,7.89646854905,7.89646854905,7.89646854882,7.89646854932,7.89646854872,7.89646854902,7.89646854901,7.89646854901
"t40",5.40752853125,5.40752853125,5.40752853125,5.40752853122,5.40752853122,5.40752853122,5.40752853139,5.40752853139,5.40752853165,5.40752853165,5.40752853085,5.407528531277,5.407528531277,5.40752853125,5.40752853125,5.40752853115,5.40752853125,5.407528531061,5.407528531061,5.407528531261,5.407528531261,5.407528530961,5.407528530961,5.40752853145,5.40752853145,4.7783054574,4.3922096117,4.39220961157,4.39220961157,4.39220961147,4.39220961137,4.39220961157,4.39220961157,4.39220961157,4.39220961155,4.39220961145,4.39220961145,4.39220961155,4.39220961157,4.39220961157,0,0.9748990675,0.974899067449,0.974899067449,2.22397029267,2.22397029267,2.2239702927,3.5985744687,3.5985744687,4.8687442927,4.8687442927,4.8687442927,4.86874429275,4.86874429275,4.8687442928,4.8687442928,4.8687442928,4.8687442926,4.8687442921,4.86874429212,4.86874429212,4.86874429235,4.8687442924,4.8687442924,4.86874429235,4.86874429235,4.868744292351,4.868744292351,4.86874429233,4.86874429233,4.86874429233,4.86874429233,4.86874429242,4.86874429242,4.86874429282,4.86874429282,4.86874429247,4.86874429247,5.11710361725,5.11710361725,5.11710361769,5.11710361769,5.79063691055,5.79063691055,7.89646854885,7.89646854939,7.89646854939,7.89646854941,7.89646854941,7.89646854899,7.89646854899,7.89646854885,7.89646854888,7.89646854888,7.89646854865,7.89646854915,7.89646854855,7.89646854885,7.89646854884,7.89646854884
"t61",5.40752853135,5.40752853135,5.40752853135,5.40752853132,5.40752853132,5.40752853132,5.40752853149,5.40752853149,5.40752853175,5.40752853175,5.40752853095,5.407528531377,5.407528531377,5.40752853135,5.40752853135,5.40752853125,5.40752853135,5.407528531161,5.407528531161,5.407528531361,5.407528531361,5.407528531061,5.407528531061,5.40752853155,5.40752853155,4.7783054575,4.3922096118,4.39220961167,4.39220961167,4.39220961157,4.39220961147,4.39220961167,4.39220961167,4.39220961167,4.39220961165,4.39220961155,4.39220961155,4.39220961165,4.39220961167,4.39220961167,0.9748990675,0,0.532085648349,0.532085648349,2.22397029277,2.22397029277,2.2239702928,3.5985744688,3.5985744688,4.8687442928,4.8687442928,4.8687442928,4.86874429285,4.86874429285,4.8687442929,4.8687442929,4.8687442929,4.8687442927,4.8687442922,4.86874429222,4.86874429222,4.86874429245,4.8687442925,4.8687442925,4.86874429245,4.86874429245,4.868744292451,4.868744292451,4.86874429243,4.86874429243,4.86874429243,4.86874429243,4.86874429252,4.86874429252,4.86874429292,4.86874429292,4.86874429257,4.86874429257,5.11710361735,5.11710361735,5.11710361779,5.11710361779,5.79063691065,5.79063691065,7.89646854895,7.89646854949,7.89646854949,7.89646854951,7.89646854951,7.89646854909,7.89646854909,7.89646854895,7.89646854898,7.89646854898,7.89646854875,7.89646854925,7.89646854865,7.89646854895,7.89646854894,7.89646854894
"t99",5.407528531299,5.407528531299,5.407528531299,5.407528531269,5.407528531269,5.407528531269,5.407528531439,5.407528531439,5.407528531699,5.407528531699,5.407528530899,5.407528531326,5.407528531326,5.407528531299,5.407528531299,5.407528531199,5.407528531299,5.40752853111,5.40752853111,5.40752853131,5.40752853131,5.40752853101,5.40752853101,5.407528531499,5.407528531499,4.778305457449,4.392209611749,4.392209611619,4.392209611619,4.392209611519,4.392209611419,4.392209611619,4.392209611619,4.392209611619,4.392209611599,4.392209611499,4.392209611499,4.392209611599,4.392209611619,4.392209611619,0.974899067449,0.532085648349,0,0.003596547098,2.223970292719,2.223970292719,2.223970292749,3.598574468749,3.598574468749,4.868744292749,4.868744292749,4.868744292749,4.868744292799,4.868744292799,4.868744292849,4.868744292849,4.868744292849,4.868744292649,4.868744292149,4.868744292169,4.868744292169,4.868744292399,4.868744292449,4.868744292449,4.868744292399,4.868744292399,4.8687442924,4.8687442924,4.868744292379,4.868744292379,4.868744292379,4.868744292379,4.868744292469,4.868744292469,4.868744292869,4.868744292869,4.868744292519,4.868744292519,5.117103617299,5.117103617299,5.117103617739,5.117103617739,5.790636910599,5.790636910599,7.896468548899,7.896468549439,7.896468549439,7.896468549459,7.896468549459,7.896468549039,7.896468549039,7.896468548899,7.896468548929,7.896468548929,7.896468548699,7.896468549199,7.896468548599,7.896468548899,7.896468548889,7.896468548889
"t100",5.407528531299,5.407528531299,5.407528531299,5.407528531269,5.407528531269,5.407528531269,5.407528531439,5.407528531439,5.407528531699,5.407528531699,5.407528530899,5.407528531326,5.407528531326,5.407528531299,5.407528531299,5.407528531199,5.407528531299,5.40752853111,5.40752853111,5.40752853131,5.40752853131,5.40752853101,5.40752853101,5.407528531499,5.407528531499,4.778305457449,4.392209611749,4.392209611619,4.392209611619,4.392209611519,4.392209611419,4.392209611619,4.392209611619,4.392209611619,4.392209611599,4.392209611499,4.392209611499,4.392209611599,4.392209611619,4.392209611619,0.974899067449,0.532085648349,0.003596547098,0,2.223970292719,2.223970292719,2.223970292749,3.598574468749,3.598574468749,4.868744292749,4.868744292749,4.868744292749,4.868744292799,4.868744292799,4.868744292849,4.868744292849,4.868744292849,4.868744292649,4.868744292149,4.868744292169,4.868744292169,4.868744292399,4.868744292449,4.868744292449,4.868744292399,4.868744292399,4.8687442924,4.8687442924,4.868744292379,4.868744292379,4.868744292379,4.868744292379,4.868744292469,4.868744292469,4.868744292869,4.868744292869,4.868744292519,4.868744292519,5.117103617299,5.117103617299,5.117103617739,5.117103617739,5.790636910599,5.790636910599,7.896468548899,7.896468549439,7.896468549439,7.896468549459,7.896468549459,7.896468549039,7.896468549039,7.896468548899,7.896468548929,7.896468548929,7.896468548699,7.896468549199,7.896468548599,7.896468548899,7.896468548889,7.896468548889
"t87",5.40752853132,5.40752853132,5.40752853132,5.40752853129,5.40752853129,5.40752853129,5.40752853146,5.40752853146,5.40752853172,5.40752853172,5.40752853092,5.407528531347,5.407528531347,5.40752853132,5.40752853132,5.40752853122,5.40752853132,5.407528531131,5.407528531131,5.407528531331,5.407528531331,5.407528531031,5.407528531031,5.40752853152,5.40752853152,4.77830545747,4.39220961177,4.39220961164,4.39220961164,4.39220961154,4.39220961144,4.39220961164,4.39220961164,4.39220961164,4.39220961162,4.39220961152,4.39220961152,4.39220961162,4.39220961164,4.39220961164,2.22397029267,2.22397029277,2.223970292719,2.223970292719,0,0.10114143684,0.24233874017,3.59857446877,3.59857446877,4.86874429277,4.86874429277,4.86874429277,4.86874429282,4.86874429282,4.86874429287,4.86874429287,4.86874429287,4.86874429267,4.86874429217,4.86874429219,4.86874429219,4.86874429242,4.86874429247,4.86874429247,4.86874429242,4.86874429242,4.868744292421,4.868744292421,4.8687442924,4.8687442924,4.8687442924,4.8687442924,4.86874429249,4.86874429249,4.86874429289,4.86874429289,4.86874429254,4.86874429254,5.11710361732,5.11710361732,5.11710361776,5.11710361776,5.79063691062,5.79063691062,7.89646854892,7.89646854946,7.89646854946,7.89646854948,7.89646854948,7.89646854906,7.89646854906,7.89646854892,7.89646854895,7.89646854895,7.89646854872,7.89646854922,7.89646854862,7.89646854892,7.89646854891,7.89646854891
"t88",5.40752853132,5.40752853132,5.40752853132,5.40752853129,5.40752853129,5.40752853129,5.40752853146,5.40752853146,5.40752853172,5.40752853172,5.40752853092,5.407528531347,5.407528531347,5.40752853132,5.40752853132,5.40752853122,5.40752853132,5.407528531131,5.407528531131,5.407528531331,5.407528531331,5.407528531031,5.407528531031,5.40752853152,5.40752853152,4.77830545747,4.39220961177,4.39220961164,4.39220961164,4.39220961154,4.39220961144,4.39220961164,4.39220961164,4.39220961164,4.39220961162,4.39220961152,4.39220961152,4.39220961162,4.39220961164,4.39220961164,2.22397029267,2.22397029277,2.223970292719,2.223970292719,0.10114143684,0,0.24233874017,3.59857446877,3.59857446877,4.86874429277,4.86874429277,4.86874429277,4.86874429282,4.86874429282,4.86874429287,4.86874429287,4.86874429287,4.86874429267,4.86874429217,4.86874429219,4.86874429219,4.86874429242,4.86874429247,4.86874429247,4.86874429242,4.86874429242,4.868744292421,4.868744292421,4.8687442924,4.8687442924,4.8687442924,4.8687442924,4.86874429249,4.86874429249,4.86874429289,4.86874429289,4.86874429254,4.86874429254,5.11710361732,5.11710361732,5.11710361776,5.11710361776,5.79063691062,5.79063691062,7.89646854892,7.89646854946,7.89646854946,7.89646854948,7.89646854948,7.89646854906,7.89646854906,7.89646854892,7.89646854895,7.89646854895,7.89646854872,7.89646854922,7.89646854862,7.89646854892,7.89646854891,7.89646854891
"t75",5.40752853135,5.40752853135,5.40752853135,5.40752853132,5.40752853132,5.40752853132,5.40752853149,5.40752853149,5.40752853175,5.40752853175,5.40752853095,5.407528531377,5.407528531377,5.40752853135,5.40752853135,5.40752853125,5.40752853135,5.407528531161,5.407528531161,5.407528531361,5.407528531361,5.407528531061,5.407528531061,5.40752853155,5.40752853155,4.7783054575,4.3922096118,4.39220961167,4.39220961167,4.39220961157,4.39220961147,4.39220961167,4.39220961167,4.39220961167,4.39220961165,4.39220961155,4.39220961155,4.39220961165,4.39220961167,4.39220961167,2.2239702927,2.2239702928,2.223970292749,2.223970292749,0.24233874017,0.24233874017,0,3.5985744688,3.5985744688,4.8687442928,4.8687442928,4.8687442928,4.86874429285,4.86874429285,4.8687442929,4.8687442929,4.8687442929,4.8687442927,4.8687442922,4.86874429222,4.86874429222,4.86874429245,4.8687442925,4.8687442925,4.86874429245,4.86874429245,4.868744292451,4.868744292451,4.86874429243,4.86874429243,4.86874429243,4.86874429243,4.86874429252,4.86874429252,4.86874429292,4.86874429292,4.86874429257,4.86874429257,5.11710361735,5.11710361735,5.11710361779,5.11710361779,5.79063691065,5.79063691065,7.89646854895,7.89646854949,7.89646854949,7.89646854951,7.89646854951,7.89646854909,7.89646854909,7.89646854895,7.89646854898,7.89646854898,7.89646854875,7.89646854925,7.89646854865,7.89646854895,7.89646854894,7.89646854894
"t11",5.40752853155,5.40752853155,5.40752853155,5.40752853152,5.40752853152,5.40752853152,5.40752853169,5.40752853169,5.40752853195,5.40752853195,5.40752853115,5.407528531577,5.407528531577,5.40752853155,5.40752853155,5.40752853145,5.40752853155,5.407528531361,5.407528531361,5.407528531561,5.407528531561,5.407528531261,5.407528531261,5.40752853175,5.40752853175,4.7783054577,4.392209612,4.39220961187,4.39220961187,4.39220961177,4.39220961167,4.39220961187,4.39220961187,4.39220961187,4.39220961185,4.39220961175,4.39220961175,4.39220961185,4.39220961187,4.39220961187,3.5985744687,3.5985744688,3.598574468749,3.598574468749,3.59857446877,3.59857446877,3.5985744688,0,2.73014437,4.868744293,4.868744293,4.868744293,4.86874429305,4.86874429305,4.8687442931,4.8687442931,4.8687442931,4.8687442929,4.8687442924,4.86874429242,4.86874429242,4.86874429265,4.8687442927,4.8687442927,4.86874429265,4.86874429265,4.868744292651,4.868744292651,4.86874429263,4.86874429263,4.86874429263,4.86874429263,4.86874429272,4.86874429272,4.86874429312,4.86874429312,4.86874429277,4.86874429277,5.11710361755,5.11710361755,5.11710361799,5.11710361799,5.79063691085,5.79063691085,7.89646854915,7.89646854969,7.89646854969,7.89646854971,7.89646854971,7.89646854929,7.89646854929,7.89646854915,7.89646854918,7.89646854918,7.89646854895,7.89646854945,7.89646854885,7.89646854915,7.89646854914,7.89646854914
"t12",5.40752853155,5.40752853155,5.40752853155,5.40752853152,5.40752853152,5.40752853152,5.40752853169,5.40752853169,5.40752853195,5.40752853195,5.40752853115,5.407528531577,5.407528531577,5.40752853155,5.40752853155,5.40752853145,5.40752853155,5.407528531361,5.407528531361,5.407528531561,5.407528531561,5.407528531261,5.407528531261,5.40752853175,5.40752853175,4.7783054577,4.392209612,4.39220961187,4.39220961187,4.39220961177,4.39220961167,4.39220961187,4.39220961187,4.39220961187,4.39220961185,4.39220961175,4.39220961175,4.39220961185,4.39220961187,4.39220961187,3.5985744687,3.5985744688,3.598574468749,3.598574468749,3.59857446877,3.59857446877,3.5985744688,2.73014437,0,4.868744293,4.868744293,4.868744293,4.86874429305,4.86874429305,4.8687442931,4.8687442931,4.8687442931,4.8687442929,4.8687442924,4.86874429242,4.86874429242,4.86874429265,4.8687442927,4.8687442927,4.86874429265,4.86874429265,4.868744292651,4.868744292651,4.86874429263,4.86874429263,4.86874429263,4.86874429263,4.86874429272,4.86874429272,4.86874429312,4.86874429312,4.86874429277,4.86874429277,5.11710361755,5.11710361755,5.11710361799,5.11710361799,5.79063691085,5.79063691085,7.89646854915,7.89646854969,7.89646854969,7.89646854971,7.89646854971,7.89646854929,7.89646854929,7.89646854915,7.89646854918,7.89646854918,7.89646854895,7.89646854945,7.89646854885,7.89646854915,7.89646854914,7.89646854914
"t50",5.40752853165,5.40752853165,5.40752853165,5.40752853162,5.40752853162,5.40752853162,5.40752853179,5.40752853179,5.40752853205,5.40752853205,5.40752853125,5.407528531677,5.407528531677,5.40752853165,5.40752853165,5.40752853155,5.40752853165,5.407528531461,5.407528531461,5.407528531661,5.407528531661,5.407528531361,5.407528531361,5.40752853185,5.40752853185,4.8687442933,4.868744293,4.86874429287,4.86874429287,4.86874429277,4.86874429267,4.86874429287,4.86874429287,4.86874429287,4.86874429285,4.86874429275,4.86874429275,4.86874429285,4.86874429287,4.86874429287,4.8687442927,4.8687442928,4.868744292749,4.868744292749,4.86874429277,4.86874429277,4.8687442928,4.868744293,4.868744293,0,0.8429145622,0.8429145622,1.91909067625,1.91909067625,1.9190906763,1.9190906763,1.9190906763,4.3937976741,4.3937976736,4.39379767362,4.39379767362,4.44424706455,4.4442470646,4.4442470646,4.44424706455,4.44424706455,4.444247064551,4.444247064551,4.44424706453,4.44424706453,4.44424706453,4.44424706453,4.44424706462,4.44424706462,4.44424706502,4.44424706502,4.44424706467,4.44424706467,5.11710361765,5.11710361765,5.11710361809,5.11710361809,5.79063691095,5.79063691095,7.89646854925,7.89646854979,7.89646854979,7.89646854981,7.89646854981,7.89646854939,7.89646854939,7.89646854925,7.89646854928,7.89646854928,7.89646854905,7.89646854955,7.89646854895,7.89646854925,7.89646854924,7.89646854924
"t68",5.40752853165,5.40752853165,5.40752853165,5.40752853162,5.40752853162,5.40752853162,5.40752853179,5.40752853179,5.40752853205,5.40752853205,5.40752853125,5.407528531677,5.407528531677,5.40752853165,5.40752853165,5.40752853155,5.40752853165,5.407528531461,5.407528531461,5.407528531661,5.407528531661,5.407528531361,5.407528531361,5.40752853185,5.40752853185,4.8687442933,4.868744293,4.86874429287,4.86874429287,4.86874429277,4.86874429267,4.86874429287,4.86874429287,4.86874429287,4.86874429285,4.86874429275,4.86874429275,4.86874429285,4.86874429287,4.86874429287,4.8687442927,4.8687442928,4.868744292749,4.868744292749,4.86874429277,4.86874429277,4.8687442928,4.868744293,4.868744293,0.8429145622,0,0.3207633604,1.91909067625,1.91909067625,1.9190906763,1.9190906763,1.9190906763,4.3937976741,4.3937976736,4.39379767362,4.39379767362,4.44424706455,4.4442470646,4.4442470646,4.44424706455,4.44424706455,4.444247064551,4.444247064551,4.44424706453,4.44424706453,4.44424706453,4.44424706453,4.44424706462,4.44424706462,4.44424706502,4.44424706502,4.44424706467,4.44424706467,5.11710361765,5.11710361765,5.11710361809,5.11710361809,5.79063691095,5.79063691095,7.89646854925,7.89646854979,7.89646854979,7.89646854981,7.89646854981,7.89646854939,7.89646854939,7.89646854925,7.89646854928,7.89646854928,7.89646854905,7.89646854955,7.89646854895,7.89646854925,7.89646854924,7.89646854924
"t69",5.40752853165,5.40752853165,5.40752853165,5.40752853162,5.40752853162,5.40752853162,5.40752853179,5.40752853179,5.40752853205,5.40752853205,5.40752853125,5.407528531677,5.407528531677,5.40752853165,5.40752853165,5.40752853155,5.40752853165,5.407528531461,5.407528531461,5.407528531661,5.407528531661,5.407528531361,5.407528531361,5.40752853185,5.40752853185,4.8687442933,4.868744293,4.86874429287,4.86874429287,4.86874429277,4.86874429267,4.86874429287,4.86874429287,4.86874429287,4.86874429285,4.86874429275,4.86874429275,4.86874429285,4.86874429287,4.86874429287,4.8687442927,4.8687442928,4.868744292749,4.868744292749,4.86874429277,4.86874429277,4.8687442928,4.868744293,4.868744293,0.8429145622,0.3207633604,0,1.91909067625,1.91909067625,1.9190906763,1.9190906763,1.9190906763,4.3937976741,4.3937976736,4.39379767362,4.39379767362,4.44424706455,4.4442470646,4.4442470646,4.44424706455,4.44424706455,4.444247064551,4.444247064551,4.44424706453,4.44424706453,4.44424706453,4.44424706453,4.44424706462,4.44424706462,4.44424706502,4.44424706502,4.44424706467,4.44424706467,5.11710361765,5.11710361765,5.11710361809,5.11710361809,5.79063691095,5.79063691095,7.89646854925,7.89646854979,7.89646854979,7.89646854981,7.89646854981,7.89646854939,7.89646854939,7.89646854925,7.89646854928,7.89646854928,7.89646854905,7.89646854955,7.89646854895,7.89646854925,7.89646854924,7.89646854924
"t79",5.4075285317,5.4075285317,5.4075285317,5.40752853167,5.40752853167,5.40752853167,5.40752853184,5.40752853184,5.4075285321,5.4075285321,5.4075285313,5.407528531727,5.407528531727,5.4075285317,5.4075285317,5.4075285316,5.4075285317,5.407528531511,5.407528531511,5.407528531711,5.407528531711,5.407528531411,5.407528531411,5.4075285319,5.4075285319,4.86874429335,4.86874429305,4.86874429292,4.86874429292,4.86874429282,4.86874429272,4.86874429292,4.86874429292,4.86874429292,4.8687442929,4.8687442928,4.8687442928,4.8687442929,4.86874429292,4.86874429292,4.86874429275,4.86874429285,4.868744292799,4.868744292799,4.86874429282,4.86874429282,4.86874429285,4.86874429305,4.86874429305,1.91909067625,1.91909067625,1.91909067625,0,0.1806405771,0.79902783415,0.79902783415,1.71428343415,4.39379767415,4.39379767365,4.39379767367,4.39379767367,4.4442470646,4.44424706465,4.44424706465,4.4442470646,4.4442470646,4.444247064601,4.444247064601,4.44424706458,4.44424706458,4.44424706458,4.44424706458,4.44424706467,4.44424706467,4.44424706507,4.44424706507,4.44424706472,4.44424706472,5.1171036177,5.1171036177,5.11710361814,5.11710361814,5.790636911,5.790636911,7.8964685493,7.89646854984,7.89646854984,7.89646854986,7.89646854986,7.89646854944,7.89646854944,7.8964685493,7.89646854933,7.89646854933,7.8964685491,7.8964685496,7.896468549,7.8964685493,7.89646854929,7.89646854929
"t80",5.4075285317,5.4075285317,5.4075285317,5.40752853167,5.40752853167,5.40752853167,5.40752853184,5.40752853184,5.4075285321,5.4075285321,5.4075285313,5.407528531727,5.407528531727,5.4075285317,5.4075285317,5.4075285316,5.4075285317,5.407528531511,5.407528531511,5.407528531711,5.407528531711,5.407528531411,5.407528531411,5.4075285319,5.4075285319,4.86874429335,4.86874429305,4.86874429292,4.86874429292,4.86874429282,4.86874429272,4.86874429292,4.86874429292,4.86874429292,4.8687442929,4.8687442928,4.8687442928,4.8687442929,4.86874429292,4.86874429292,4.86874429275,4.86874429285,4.868744292799,4.868744292799,4.86874429282,4.86874429282,4.86874429285,4.86874429305,4.86874429305,1.91909067625,1.91909067625,1.91909067625,0.1806405771,0,0.79902783415,0.79902783415,1.71428343415,4.39379767415,4.39379767365,4.39379767367,4.39379767367,4.4442470646,4.44424706465,4.44424706465,4.4442470646,4.4442470646,4.444247064601,4.444247064601,4.44424706458,4.44424706458,4.44424706458,4.44424706458,4.44424706467,4.44424706467,4.44424706507,4.44424706507,4.44424706472,4.44424706472,5.1171036177,5.1171036177,5.11710361814,5.11710361814,5.790636911,5.790636911,7.8964685493,7.89646854984,7.89646854984,7.89646854986,7.89646854986,7.89646854944,7.89646854944,7.8964685493,7.89646854933,7.89646854933,7.8964685491,7.8964685496,7.896468549,7.8964685493,7.89646854929,7.89646854929
"t62",5.40752853175,5.40752853175,5.40752853175,5.40752853172,5.40752853172,5.40752853172,5.40752853189,5.40752853189,5.40752853215,5.40752853215,5.40752853135,5.407528531777,5.407528531777,5.40752853175,5.40752853175,5.40752853165,5.40752853175,5.407528531561,5.407528531561,5.407528531761,5.407528531761,5.407528531461,5.407528531461,5.40752853195,5.40752853195,4.8687442934,4.8687442931,4.86874429297,4.86874429297,4.86874429287,4.86874429277,4.86874429297,4.86874429297,4.86874429297,4.86874429295,4.86874429285,4.86874429285,4.86874429295,4.86874429297,4.86874429297,4.8687442928,4.8687442929,4.868744292849,4.868744292849,4.86874429287,4.86874429287,4.8687442929,4.8687442931,4.8687442931,1.9190906763,1.9190906763,1.9190906763,0.79902783415,0.79902783415,0,0.502929182,1.7142834342,4.3937976742,4.3937976737,4.39379767372,4.39379767372,4.44424706465,4.4442470647,4.4442470647,4.44424706465,4.44424706465,4.444247064651,4.444247064651,4.44424706463,4.44424706463,4.44424706463,4.44424706463,4.44424706472,4.44424706472,4.44424706512,4.44424706512,4.44424706477,4.44424706477,5.11710361775,5.11710361775,5.11710361819,5.11710361819,5.79063691105,5.79063691105,7.89646854935,7.89646854989,7.89646854989,7.89646854991,7.89646854991,7.89646854949,7.89646854949,7.89646854935,7.89646854938,7.89646854938,7.89646854915,7.89646854965,7.89646854905,7.89646854935,7.89646854934,7.89646854934
"t63",5.40752853175,5.40752853175,5.40752853175,5.40752853172,5.40752853172,5.40752853172,5.40752853189,5.40752853189,5.40752853215,5.40752853215,5.40752853135,5.407528531777,5.407528531777,5.40752853175,5.40752853175,5.40752853165,5.40752853175,5.407528531561,5.407528531561,5.407528531761,5.407528531761,5.407528531461,5.407528531461,5.40752853195,5.40752853195,4.8687442934,4.8687442931,4.86874429297,4.86874429297,4.86874429287,4.86874429277,4.86874429297,4.86874429297,4.86874429297,4.86874429295,4.86874429285,4.86874429285,4.86874429295,4.86874429297,4.86874429297,4.8687442928,4.8687442929,4.868744292849,4.868744292849,4.86874429287,4.86874429287,4.8687442929,4.8687442931,4.8687442931,1.9190906763,1.9190906763,1.9190906763,0.79902783415,0.79902783415,0.502929182,0,1.7142834342,4.3937976742,4.3937976737,4.39379767372,4.39379767372,4.44424706465,4.4442470647,4.4442470647,4.44424706465,4.44424706465,4.444247064651,4.444247064651,4.44424706463,4.44424706463,4.44424706463,4.44424706463,4.44424706472,4.44424706472,4.44424706512,4.44424706512,4.44424706477,4.44424706477,5.11710361775,5.11710361775,5.11710361819,5.11710361819,5.79063691105,5.79063691105,7.89646854935,7.89646854989,7.89646854989,7.89646854991,7.89646854991,7.89646854949,7.89646854949,7.89646854935,7.89646854938,7.89646854938,7.89646854915,7.89646854965,7.89646854905,7.89646854935,7.89646854934,7.89646854934
"t26",5.40752853175,5.40752853175,5.40752853175,5.40752853172,5.40752853172,5.40752853172,5.40752853189,5.40752853189,5.40752853215,5.40752853215,5.40752853135,5.407528531777,5.407528531777,5.40752853175,5.40752853175,5.40752853165,5.40752853175,5.407528531561,5.407528531561,5.407528531761,5.407528531761,5.407528531461,5.407528531461,5.40752853195,5.40752853195,4.8687442934,4.8687442931,4.86874429297,4.86874429297,4.86874429287,4.86874429277,4.86874429297,4.86874429297,4.86874429297,4.86874429295,4.86874429285,4.86874429285,4.86874429295,4.86874429297,4.86874429297,4.8687442928,4.8687442929,4.868744292849,4.868744292849,4.86874429287,4.86874429287,4.8687442929,4.8687442931,4.8687442931,1.9190906763,1.9190906763,1.9190906763,1.71428343415,1.71428343415,1.7142834342,1.7142834342,0,4.3937976742,4.3937976737,4.39379767372,4.39379767372,4.44424706465,4.4442470647,4.4442470647,4.44424706465,4.44424706465,4.444247064651,4.444247064651,4.44424706463,4.44424706463,4.44424706463,4.44424706463,4.44424706472,4.44424706472,4.44424706512,4.44424706512,4.44424706477,4.44424706477,5.11710361775,5.11710361775,5.11710361819,5.11710361819,5.79063691105,5.79063691105,7.89646854935,7.89646854989,7.89646854989,7.89646854991,7.89646854991,7.89646854949,7.89646854949,7.89646854935,7.89646854938,7.89646854938,7.89646854915,7.89646854965,7.89646854905,7.89646854935,7.89646854934,7.89646854934
"t21",5.40752853155,5.40752853155,5.40752853155,5.40752853152,5.40752853152,5.40752853152,5.40752853169,5.40752853169,5.40752853195,5.40752853195,5.40752853115,5.407528531577,5.407528531577,5.40752853155,5.40752853155,5.40752853145,5.40752853155,5.407528531361,5.407528531361,5.407528531561,5.407528531561,5.407528531261,5.407528531261,5.40752853175,5.40752853175,4.8687442932,4.8687442929,4.86874429277,4.86874429277,4.86874429267,4.86874429257,4.86874429277,4.86874429277,4.86874429277,4.86874429275,4.86874429265,4.86874429265,4.86874429275,4.86874429277,4.86874429277,4.8687442926,4.8687442927,4.868744292649,4.868744292649,4.86874429267,4.86874429267,4.8687442927,4.8687442929,4.8687442929,4.3937976741,4.3937976741,4.3937976741,4.39379767415,4.39379767415,4.3937976742,4.3937976742,4.3937976742,0,2.0610076435,2.06100764352,2.06100764352,4.44424706445,4.4442470645,4.4442470645,4.44424706445,4.44424706445,4.444247064451,4.444247064451,4.44424706443,4.44424706443,4.44424706443,4.44424706443,4.44424706452,4.44424706452,4.44424706492,4.44424706492,4.44424706457,4.44424706457,5.11710361755,5.11710361755,5.11710361799,5.11710361799,5.79063691085,5.79063691085,7.89646854915,7.89646854969,7.89646854969,7.89646854971,7.89646854971,7.89646854929,7.89646854929,7.89646854915,7.89646854918,7.89646854918,7.89646854895,7.89646854945,7.89646854885,7.89646854915,7.89646854914,7.89646854914
"t51",5.40752853105,5.40752853105,5.40752853105,5.40752853102,5.40752853102,5.40752853102,5.40752853119,5.40752853119,5.40752853145,5.40752853145,5.40752853065,5.407528531077,5.407528531077,5.40752853105,5.40752853105,5.40752853095,5.40752853105,5.407528530861,5.407528530861,5.407528531061,5.407528531061,5.407528530761,5.407528530761,5.40752853125,5.40752853125,4.8687442927,4.8687442924,4.86874429227,4.86874429227,4.86874429217,4.86874429207,4.86874429227,4.86874429227,4.86874429227,4.86874429225,4.86874429215,4.86874429215,4.86874429225,4.86874429227,4.86874429227,4.8687442921,4.8687442922,4.868744292149,4.868744292149,4.86874429217,4.86874429217,4.8687442922,4.8687442924,4.8687442924,4.3937976736,4.3937976736,4.3937976736,4.39379767365,4.39379767365,4.3937976737,4.3937976737,4.3937976737,2.0610076435,0,0.83172626802,0.83172626802,4.44424706395,4.444247064,4.444247064,4.44424706395,4.44424706395,4.444247063951,4.444247063951,4.44424706393,4.44424706393,4.44424706393,4.44424706393,4.44424706402,4.44424706402,4.44424706442,4.44424706442,4.44424706407,4.44424706407,5.11710361705,5.11710361705,5.11710361749,5.11710361749,5.79063691035,5.79063691035,7.89646854865,7.89646854919,7.89646854919,7.89646854921,7.89646854921,7.89646854879,7.89646854879,7.89646854865,7.89646854868,7.89646854868,7.89646854845,7.89646854895,7.89646854835,7.89646854865,7.89646854864,7.89646854864
"t93",5.40752853107,5.40752853107,5.40752853107,5.40752853104,5.40752853104,5.40752853104,5.40752853121,5.40752853121,5.40752853147,5.40752853147,5.40752853067,5.407528531097,5.407528531097,5.40752853107,5.40752853107,5.40752853097,5.40752853107,5.407528530881,5.407528530881,5.407528531081,5.407528531081,5.407528530781,5.407528530781,5.40752853127,5.40752853127,4.86874429272,4.86874429242,4.86874429229,4.86874429229,4.86874429219,4.86874429209,4.86874429229,4.86874429229,4.86874429229,4.86874429227,4.86874429217,4.86874429217,4.86874429227,4.86874429229,4.86874429229,4.86874429212,4.86874429222,4.868744292169,4.868744292169,4.86874429219,4.86874429219,4.86874429222,4.86874429242,4.86874429242,4.39379767362,4.39379767362,4.39379767362,4.39379767367,4.39379767367,4.39379767372,4.39379767372,4.39379767372,2.06100764352,0.83172626802,0,0.08495887084,4.44424706397,4.44424706402,4.44424706402,4.44424706397,4.44424706397,4.444247063971,4.444247063971,4.44424706395,4.44424706395,4.44424706395,4.44424706395,4.44424706404,4.44424706404,4.44424706444,4.44424706444,4.44424706409,4.44424706409,5.11710361707,5.11710361707,5.11710361751,5.11710361751,5.79063691037,5.79063691037,7.89646854867,7.89646854921,7.89646854921,7.89646854923,7.89646854923,7.89646854881,7.89646854881,7.89646854867,7.8964685487,7.8964685487,7.89646854847,7.89646854897,7.89646854837,7.89646854867,7.89646854866,7.89646854866
"t94",5.40752853107,5.40752853107,5.40752853107,5.40752853104,5.40752853104,5.40752853104,5.40752853121,5.40752853121,5.40752853147,5.40752853147,5.40752853067,5.407528531097,5.407528531097,5.40752853107,5.40752853107,5.40752853097,5.40752853107,5.407528530881,5.407528530881,5.407528531081,5.407528531081,5.407528530781,5.407528530781,5.40752853127,5.40752853127,4.86874429272,4.86874429242,4.86874429229,4.86874429229,4.86874429219,4.86874429209,4.86874429229,4.86874429229,4.86874429229,4.86874429227,4.86874429217,4.86874429217,4.86874429227,4.86874429229,4.86874429229,4.86874429212,4.86874429222,4.868744292169,4.868744292169,4.86874429219,4.86874429219,4.86874429222,4.86874429242,4.86874429242,4.39379767362,4.39379767362,4.39379767362,4.39379767367,4.39379767367,4.39379767372,4.39379767372,4.39379767372,2.06100764352,0.83172626802,0.08495887084,0,4.44424706397,4.44424706402,4.44424706402,4.44424706397,4.44424706397,4.444247063971,4.444247063971,4.44424706395,4.44424706395,4.44424706395,4.44424706395,4.44424706404,4.44424706404,4.44424706444,4.44424706444,4.44424706409,4.44424706409,5.11710361707,5.11710361707,5.11710361751,5.11710361751,5.79063691037,5.79063691037,7.89646854867,7.89646854921,7.89646854921,7.89646854923,7.89646854923,7.89646854881,7.89646854881,7.89646854867,7.8964685487,7.8964685487,7.89646854847,7.89646854897,7.89646854837,7.89646854867,7.89646854866,7.89646854866
"t39",5.4075285313,5.4075285313,5.4075285313,5.40752853127,5.40752853127,5.40752853127,5.40752853144,5.40752853144,5.4075285317,5.4075285317,5.4075285309,5.407528531327,5.407528531327,5.4075285313,5.4075285313,5.4075285312,5.4075285313,5.407528531111,5.407528531111,5.407528531311,5.407528531311,5.407528531011,5.407528531011,5.4075285315,5.4075285315,4.86874429295,4.86874429265,4.86874429252,4.86874429252,4.86874429242,4.86874429232,4.86874429252,4.86874429252,4.86874429252,4.8687442925,4.8687442924,4.8687442924,4.8687442925,4.86874429252,4.86874429252,4.86874429235,4.86874429245,4.868744292399,4.868744292399,4.86874429242,4.86874429242,4.86874429245,4.86874429265,4.86874429265,4.44424706455,4.44424706455,4.44424706455,4.4442470646,4.4442470646,4.44424706465,4.44424706465,4.44424706465,4.44424706445,4.44424706395,4.44424706397,4.44424706397,0,1.06637158985,1.06637158985,2.2598669158,2.2598669158,2.259866915801,2.259866915801,2.25986691578,2.25986691578,2.25986691578,2.25986691578,3.93795372467,3.93795372467,3.93795372507,3.93795372507,3.93795372472,3.93795372472,5.1171036173,5.1171036173,5.11710361774,5.11710361774,5.7906369106,5.7906369106,7.8964685489,7.89646854944,7.89646854944,7.89646854946,7.89646854946,7.89646854904,7.89646854904,7.8964685489,7.89646854893,7.89646854893,7.8964685487,7.8964685492,7.8964685486,7.8964685489,7.89646854889,7.89646854889
"t91",5.40752853135,5.40752853135,5.40752853135,5.40752853132,5.40752853132,5.40752853132,5.40752853149,5.40752853149,5.40752853175,5.40752853175,5.40752853095,5.407528531377,5.407528531377,5.40752853135,5.40752853135,5.40752853125,5.40752853135,5.407528531161,5.407528531161,5.407528531361,5.407528531361,5.407528531061,5.407528531061,5.40752853155,5.40752853155,4.868744293,4.8687442927,4.86874429257,4.86874429257,4.86874429247,4.86874429237,4.86874429257,4.86874429257,4.86874429257,4.86874429255,4.86874429245,4.86874429245,4.86874429255,4.86874429257,4.86874429257,4.8687442924,4.8687442925,4.868744292449,4.868744292449,4.86874429247,4.86874429247,4.8687442925,4.8687442927,4.8687442927,4.4442470646,4.4442470646,4.4442470646,4.44424706465,4.44424706465,4.4442470647,4.4442470647,4.4442470647,4.4442470645,4.444247064,4.44424706402,4.44424706402,1.06637158985,0,0.0904193137,2.25986691585,2.25986691585,2.259866915851,2.259866915851,2.25986691583,2.25986691583,2.25986691583,2.25986691583,3.93795372472,3.93795372472,3.93795372512,3.93795372512,3.93795372477,3.93795372477,5.11710361735,5.11710361735,5.11710361779,5.11710361779,5.79063691065,5.79063691065,7.89646854895,7.89646854949,7.89646854949,7.89646854951,7.89646854951,7.89646854909,7.89646854909,7.89646854895,7.89646854898,7.89646854898,7.89646854875,7.89646854925,7.89646854865,7.89646854895,7.89646854894,7.89646854894
"t92",5.40752853135,5.40752853135,5.40752853135,5.40752853132,5.40752853132,5.40752853132,5.40752853149,5.40752853149,5.40752853175,5.40752853175,5.40752853095,5.407528531377,5.407528531377,5.40752853135,5.40752853135,5.40752853125,5.40752853135,5.407528531161,5.407528531161,5.407528531361,5.407528531361,5.407528531061,5.407528531061,5.40752853155,5.40752853155,4.868744293,4.8687442927,4.86874429257,4.86874429257,4.86874429247,4.86874429237,4.86874429257,4.86874429257,4.86874429257,4.86874429255,4.86874429245,4.86874429245,4.86874429255,4.86874429257,4.86874429257,4.8687442924,4.8687442925,4.868744292449,4.868744292449,4.86874429247,4.86874429247,4.8687442925,4.8687442927,4.8687442927,4.4442470646,4.4442470646,4.4442470646,4.44424706465,4.44424706465,4.4442470647,4.4442470647,4.4442470647,4.4442470645,4.444247064,4.44424706402,4.44424706402,1.06637158985,0.0904193137,0,2.25986691585,2.25986691585,2.259866915851,2.259866915851,2.25986691583,2.25986691583,2.25986691583,2.25986691583,3.93795372472,3.93795372472,3.93795372512,3.93795372512,3.93795372477,3.93795372477,5.11710361735,5.11710361735,5.11710361779,5.11710361779,5.79063691065,5.79063691065,7.89646854895,7.89646854949,7.89646854949,7.89646854951,7.89646854951,7.89646854909,7.89646854909,7.89646854895,7.89646854898,7.89646854898,7.89646854875,7.89646854925,7.89646854865,7.89646854895,7.89646854894,7.89646854894
"t22",5.4075285313,5.4075285313,5.4075285313,5.40752853127,5.40752853127,5.40752853127,5.40752853144,5.40752853144,5.4075285317,5.4075285317,5.4075285309,5.407528531327,5.407528531327,5.4075285313,5.4075285313,5.4075285312,5.4075285313,5.407528531111,5.407528531111,5.407528531311,5.407528531311,5.407528531011,5.407528531011,5.4075285315,5.4075285315,4.86874429295,4.86874429265,4.86874429252,4.86874429252,4.86874429242,4.86874429232,4.86874429252,4.86874429252,4.86874429252,4.8687442925,4.8687442924,4.8687442924,4.8687442925,4.86874429252,4.86874429252,4.86874429235,4.86874429245,4.868744292399,4.868744292399,4.86874429242,4.86874429242,4.86874429245,4.86874429265,4.86874429265,4.44424706455,4.44424706455,4.44424706455,4.4442470646,4.4442470646,4.44424706465,4.44424706465,4.44424706465,4.44424706445,4.44424706395,4.44424706397,4.44424706397,2.2598669158,2.25986691585,2.25986691585,0,1.8931845296,1.893184529601,1.893184529601,1.89318452958,1.89318452958,1.89318452958,1.89318452958,3.93795372467,3.93795372467,3.93795372507,3.93795372507,3.93795372472,3.93795372472,5.1171036173,5.1171036173,5.11710361774,5.11710361774,5.7906369106,5.7906369106,7.8964685489,7.89646854944,7.89646854944,7.89646854946,7.89646854946,7.89646854904,7.89646854904,7.8964685489,7.89646854893,7.89646854893,7.8964685487,7.8964685492,7.8964685486,7.8964685489,7.89646854889,7.89646854889
"t44",5.4075285313,5.4075285313,5.4075285313,5.40752853127,5.40752853127,5.40752853127,5.40752853144,5.40752853144,5.4075285317,5.4075285317,5.4075285309,5.407528531327,5.407528531327,5.4075285313,5.4075285313,5.4075285312,5.4075285313,5.407528531111,5.407528531111,5.407528531311,5.407528531311,5.407528531011,5.407528531011,5.4075285315,5.4075285315,4.86874429295,4.86874429265,4.86874429252,4.86874429252,4.86874429242,4.86874429232,4.86874429252,4.86874429252,4.86874429252,4.8687442925,4.8687442924,4.8687442924,4.8687442925,4.86874429252,4.86874429252,4.86874429235,4.86874429245,4.868744292399,4.868744292399,4.86874429242,4.86874429242,4.86874429245,4.86874429265,4.86874429265,4.44424706455,4.44424706455,4.44424706455,4.4442470646,4.4442470646,4.44424706465,4.44424706465,4.44424706465,4.44424706445,4.44424706395,4.44424706397,4.44424706397,2.2598669158,2.25986691585,2.25986691585,1.8931845296,0,0.938297976801,0.938297976801,0.93829797678,0.93829797678,0.93829797678,0.93829797678,3.93795372467,3.93795372467,3.93795372507,3.93795372507,3.93795372472,3.93795372472,5.1171036173,5.1171036173,5.11710361774,5.11710361774,5.7906369106,5.7906369106,7.8964685489,7.89646854944,7.89646854944,7.89646854946,7.89646854946,7.89646854904,7.89646854904,7.8964685489,7.89646854893,7.89646854893,7.8964685487,7.8964685492,7.8964685486,7.8964685489,7.89646854889,7.89646854889
"t48",5.407528531301,5.407528531301,5.407528531301,5.407528531271,5.407528531271,5.407528531271,5.407528531441,5.407528531441,5.407528531701,5.407528531701,5.407528530901,5.407528531328,5.407528531328,5.407528531301,5.407528531301,5.407528531201,5.407528531301,5.407528531112,5.407528531112,5.407528531312,5.407528531312,5.407528531012,5.407528531012,5.407528531501,5.407528531501,4.868744292951,4.868744292651,4.868744292521,4.868744292521,4.868744292421,4.868744292321,4.868744292521,4.868744292521,4.868744292521,4.868744292501,4.868744292401,4.868744292401,4.868744292501,4.868744292521,4.868744292521,4.868744292351,4.868744292451,4.8687442924,4.8687442924,4.868744292421,4.868744292421,4.868744292451,4.868744292651,4.868744292651,4.444247064551,4.444247064551,4.444247064551,4.444247064601,4.444247064601,4.444247064651,4.444247064651,4.444247064651,4.444247064451,4.444247063951,4.444247063971,4.444247063971,2.259866915801,2.259866915851,2.259866915851,1.893184529601,0.938297976801,0,0.880853445,0.893819767561,0.893819767561,0.893819767561,0.893819767561,3.937953724671,3.937953724671,3.937953725071,3.937953725071,3.937953724721,3.937953724721,5.117103617301,5.117103617301,5.117103617741,5.117103617741,5.790636910601,5.790636910601,7.896468548901,7.896468549441,7.896468549441,7.896468549461,7.896468549461,7.896468549041,7.896468549041,7.896468548901,7.896468548931,7.896468548931,7.896468548701,7.896468549201,7.896468548601,7.896468548901,7.896468548891,7.896468548891
"t49",5.407528531301,5.407528531301,5.407528531301,5.407528531271,5.407528531271,5.407528531271,5.407528531441,5.407528531441,5.407528531701,5.407528531701,5.407528530901,5.407528531328,5.407528531328,5.407528531301,5.407528531301,5.407528531201,5.407528531301,5.407528531112,5.407528531112,5.407528531312,5.407528531312,5.407528531012,5.407528531012,5.407528531501,5.407528531501,4.868744292951,4.868744292651,4.868744292521,4.868744292521,4.868744292421,4.868744292321,4.868744292521,4.868744292521,4.868744292521,4.868744292501,4.868744292401,4.868744292401,4.868744292501,4.868744292521,4.868744292521,4.868744292351,4.868744292451,4.8687442924,4.8687442924,4.868744292421,4.868744292421,4.868744292451,4.868744292651,4.868744292651,4.444247064551,4.444247064551,4.444247064551,4.444247064601,4.444247064601,4.444247064651,4.444247064651,4.444247064651,4.444247064451,4.444247063951,4.444247063971,4.444247063971,2.259866915801,2.259866915851,2.259866915851,1.893184529601,0.938297976801,0.880853445,0,0.893819767561,0.893819767561,0.893819767561,0.893819767561,3.937953724671,3.937953724671,3.937953725071,3.937953725071,3.937953724721,3.937953724721,5.117103617301,5.117103617301,5.117103617741,5.117103617741,5.790636910601,5.790636910601,7.896468548901,7.896468549441,7.896468549441,7.896468549461,7.896468549461,7.896468549041,7.896468549041,7.896468548901,7.896468548931,7.896468548931,7.896468548701,7.896468549201,7.896468548601,7.896468548901,7.896468548891,7.896468548891
"t64",5.40752853128,5.40752853128,5.40752853128,5.40752853125,5.40752853125,5.40752853125,5.40752853142,5.40752853142,5.40752853168,5.40752853168,5.40752853088,5.407528531307,5.407528531307,5.40752853128,5.40752853128,5.40752853118,5.40752853128,5.407528531091,5.407528531091,5.407528531291,5.407528531291,5.407528530991,5.407528530991,5.40752853148,5.40752853148,4.86874429293,4.86874429263,4.8687442925,4.8687442925,4.8687442924,4.8687442923,4.8687442925,4.8687442925,4.8687442925,4.86874429248,4.86874429238,4.86874429238,4.86874429248,4.8687442925,4.8687442925,4.86874429233,4.86874429243,4.868744292379,4.868744292379,4.8687442924,4.8687442924,4.86874429243,4.86874429263,4.86874429263,4.44424706453,4.44424706453,4.44424706453,4.44424706458,4.44424706458,4.44424706463,4.44424706463,4.44424706463,4.44424706443,4.44424706393,4.44424706395,4.44424706395,2.25986691578,2.25986691583,2.25986691583,1.89318452958,0.93829797678,0.893819767561,0.893819767561,0,0.471457925,0.8166112348,0.8166112348,3.93795372465,3.93795372465,3.93795372505,3.93795372505,3.9379537247,3.9379537247,5.11710361728,5.11710361728,5.11710361772,5.11710361772,5.79063691058,5.79063691058,7.89646854888,7.89646854942,7.89646854942,7.89646854944,7.89646854944,7.89646854902,7.89646854902,7.89646854888,7.89646854891,7.89646854891,7.89646854868,7.89646854918,7.89646854858,7.89646854888,7.89646854887,7.89646854887
"t65",5.40752853128,5.40752853128,5.40752853128,5.40752853125,5.40752853125,5.40752853125,5.40752853142,5.40752853142,5.40752853168,5.40752853168,5.40752853088,5.407528531307,5.407528531307,5.40752853128,5.40752853128,5.40752853118,5.40752853128,5.407528531091,5.407528531091,5.407528531291,5.407528531291,5.407528530991,5.407528530991,5.40752853148,5.40752853148,4.86874429293,4.86874429263,4.8687442925,4.8687442925,4.8687442924,4.8687442923,4.8687442925,4.8687442925,4.8687442925,4.86874429248,4.86874429238,4.86874429238,4.86874429248,4.8687442925,4.8687442925,4.86874429233,4.86874429243,4.868744292379,4.868744292379,4.8687442924,4.8687442924,4.86874429243,4.86874429263,4.86874429263,4.44424706453,4.44424706453,4.44424706453,4.44424706458,4.44424706458,4.44424706463,4.44424706463,4.44424706463,4.44424706443,4.44424706393,4.44424706395,4.44424706395,2.25986691578,2.25986691583,2.25986691583,1.89318452958,0.93829797678,0.893819767561,0.893819767561,0.471457925,0,0.8166112348,0.8166112348,3.93795372465,3.93795372465,3.93795372505,3.93795372505,3.9379537247,3.9379537247,5.11710361728,5.11710361728,5.11710361772,5.11710361772,5.79063691058,5.79063691058,7.89646854888,7.89646854942,7.89646854942,7.89646854944,7.89646854944,7.89646854902,7.89646854902,7.89646854888,7.89646854891,7.89646854891,7.89646854868,7.89646854918,7.89646854858,7.89646854888,7.89646854887,7.89646854887
"t77",5.40752853128,5.40752853128,5.40752853128,5.40752853125,5.40752853125,5.40752853125,5.40752853142,5.40752853142,5.40752853168,5.40752853168,5.40752853088,5.407528531307,5.407528531307,5.40752853128,5.40752853128,5.40752853118,5.40752853128,5.407528531091,5.407528531091,5.407528531291,5.407528531291,5.407528530991,5.407528530991,5.40752853148,5.40752853148,4.86874429293,4.86874429263,4.8687442925,4.8687442925,4.8687442924,4.8687442923,4.8687442925,4.8687442925,4.8687442925,4.86874429248,4.86874429238,4.86874429238,4.86874429248,4.8687442925,4.8687442925,4.86874429233,4.86874429243,4.868744292379,4.868744292379,4.8687442924,4.8687442924,4.86874429243,4.86874429263,4.86874429263,4.44424706453,4.44424706453,4.44424706453,4.44424706458,4.44424706458,4.44424706463,4.44424706463,4.44424706463,4.44424706443,4.44424706393,4.44424706395,4.44424706395,2.25986691578,2.25986691583,2.25986691583,1.89318452958,0.93829797678,0.893819767561,0.893819767561,0.8166112348,0.8166112348,0,0.200289884,3.93795372465,3.93795372465,3.93795372505,3.93795372505,3.9379537247,3.9379537247,5.11710361728,5.11710361728,5.11710361772,5.11710361772,5.79063691058,5.79063691058,7.89646854888,7.89646854942,7.89646854942,7.89646854944,7.89646854944,7.89646854902,7.89646854902,7.89646854888,7.89646854891,7.89646854891,7.89646854868,7.89646854918,7.89646854858,7.89646854888,7.89646854887,7.89646854887
"t78",5.40752853128,5.40752853128,5.40752853128,5.40752853125,5.40752853125,5.40752853125,5.40752853142,5.40752853142,5.40752853168,5.40752853168,5.40752853088,5.407528531307,5.407528531307,5.40752853128,5.40752853128,5.40752853118,5.40752853128,5.407528531091,5.407528531091,5.407528531291,5.407528531291,5.407528530991,5.407528530991,5.40752853148,5.40752853148,4.86874429293,4.86874429263,4.8687442925,4.8687442925,4.8687442924,4.8687442923,4.8687442925,4.8687442925,4.8687442925,4.86874429248,4.86874429238,4.86874429238,4.86874429248,4.8687442925,4.8687442925,4.86874429233,4.86874429243,4.868744292379,4.868744292379,4.8687442924,4.8687442924,4.86874429243,4.86874429263,4.86874429263,4.44424706453,4.44424706453,4.44424706453,4.44424706458,4.44424706458,4.44424706463,4.44424706463,4.44424706463,4.44424706443,4.44424706393,4.44424706395,4.44424706395,2.25986691578,2.25986691583,2.25986691583,1.89318452958,0.93829797678,0.893819767561,0.893819767561,0.8166112348,0.8166112348,0.200289884,0,3.93795372465,3.93795372465,3.93795372505,3.93795372505,3.9379537247,3.9379537247,5.11710361728,5.11710361728,5.11710361772,5.11710361772,5.79063691058,5.79063691058,7.89646854888,7.89646854942,7.89646854942,7.89646854944,7.89646854944,7.89646854902,7.89646854902,7.89646854888,7.89646854891,7.89646854891,7.89646854868,7.89646854918,7.89646854858,7.89646854888,7.89646854887,7.89646854887
"t23",5.40752853137,5.40752853137,5.40752853137,5.40752853134,5.40752853134,5.40752853134,5.40752853151,5.40752853151,5.40752853177,5.40752853177,5.40752853097,5.407528531397,5.407528531397,5.40752853137,5.40752853137,5.40752853127,5.40752853137,5.407528531181,5.407528531181,5.407528531381,5.407528531381,5.407528531081,5.407528531081,5.40752853157,5.40752853157,4.86874429302,4.86874429272,4.86874429259,4.86874429259,4.86874429249,4.86874429239,4.86874429259,4.86874429259,4.86874429259,4.86874429257,4.86874429247,4.86874429247,4.86874429257,4.86874429259,4.86874429259,4.86874429242,4.86874429252,4.868744292469,4.868744292469,4.86874429249,4.86874429249,4.86874429252,4.86874429272,4.86874429272,4.44424706462,4.44424706462,4.44424706462,4.44424706467,4.44424706467,4.44424706472,4.44424706472,4.44424706472,4.44424706452,4.44424706402,4.44424706404,4.44424706404,3.93795372467,3.93795372472,3.93795372472,3.93795372467,3.93795372467,3.937953724671,3.937953724671,3.93795372465,3.93795372465,3.93795372465,3.93795372465,0,1.880567351,3.8120173436,3.8120173436,3.87218579155,3.87218579155,5.11710361737,5.11710361737,5.11710361781,5.11710361781,5.79063691067,5.79063691067,7.89646854897,7.89646854951,7.89646854951,7.89646854953,7.89646854953,7.89646854911,7.89646854911,7.89646854897,7.896468549,7.896468549,7.89646854877,7.89646854927,7.89646854867,7.89646854897,7.89646854896,7.89646854896
"t24",5.40752853137,5.40752853137,5.40752853137,5.40752853134,5.40752853134,5.40752853134,5.40752853151,5.40752853151,5.40752853177,5.40752853177,5.40752853097,5.407528531397,5.407528531397,5.40752853137,5.40752853137,5.40752853127,5.40752853137,5.407528531181,5.407528531181,5.407528531381,5.407528531381,5.407528531081,5.407528531081,5.40752853157,5.40752853157,4.86874429302,4.86874429272,4.86874429259,4.86874429259,4.86874429249,4.86874429239,4.86874429259,4.86874429259,4.86874429259,4.86874429257,4.86874429247,4.86874429247,4.86874429257,4.86874429259,4.86874429259,4.86874429242,4.86874429252,4.868744292469,4.868744292469,4.86874429249,4.86874429249,4.86874429252,4.86874429272,4.86874429272,4.44424706462,4.44424706462,4.44424706462,4.44424706467,4.44424706467,4.44424706472,4.44424706472,4.44424706472,4.44424706452,4.44424706402,4.44424706404,4.44424706404,3.93795372467,3.93795372472,3.93795372472,3.93795372467,3.93795372467,3.937953724671,3.937953724671,3.93795372465,3.93795372465,3.93795372465,3.93795372465,1.880567351,0,3.8120173436,3.8120173436,3.87218579155,3.87218579155,5.11710361737,5.11710361737,5.11710361781,5.11710361781,5.79063691067,5.79063691067,7.89646854897,7.89646854951,7.89646854951,7.89646854953,7.89646854953,7.89646854911,7.89646854911,7.89646854897,7.896468549,7.896468549,7.89646854877,7.89646854927,7.89646854867,7.89646854897,7.89646854896,7.89646854896
"t6",5.40752853177,5.40752853177,5.40752853177,5.40752853174,5.40752853174,5.40752853174,5.40752853191,5.40752853191,5.40752853217,5.40752853217,5.40752853137,5.407528531797,5.407528531797,5.40752853177,5.40752853177,5.40752853167,5.40752853177,5.407528531581,5.407528531581,5.407528531781,5.407528531781,5.407528531481,5.407528531481,5.40752853197,5.40752853197,4.86874429342,4.86874429312,4.86874429299,4.86874429299,4.86874429289,4.86874429279,4.86874429299,4.86874429299,4.86874429299,4.86874429297,4.86874429287,4.86874429287,4.86874429297,4.86874429299,4.86874429299,4.86874429282,4.86874429292,4.868744292869,4.868744292869,4.86874429289,4.86874429289,4.86874429292,4.86874429312,4.86874429312,4.44424706502,4.44424706502,4.44424706502,4.44424706507,4.44424706507,4.44424706512,4.44424706512,4.44424706512,4.44424706492,4.44424706442,4.44424706444,4.44424706444,3.93795372507,3.93795372512,3.93795372512,3.93795372507,3.93795372507,3.937953725071,3.937953725071,3.93795372505,3.93795372505,3.93795372505,3.93795372505,3.8120173436,3.8120173436,0,3.322060202,3.87218579195,3.87218579195,5.11710361777,5.11710361777,5.11710361821,5.11710361821,5.79063691107,5.79063691107,7.89646854937,7.89646854991,7.89646854991,7.89646854993,7.89646854993,7.89646854951,7.89646854951,7.89646854937,7.8964685494,7.8964685494,7.89646854917,7.89646854967,7.89646854907,7.89646854937,7.89646854936,7.89646854936
"t7",5.40752853177,5.40752853177,5.40752853177,5.40752853174,5.40752853174,5.40752853174,5.40752853191,5.40752853191,5.40752853217,5.40752853217,5.40752853137,5.407528531797,5.407528531797,5.40752853177,5.40752853177,5.40752853167,5.40752853177,5.407528531581,5.407528531581,5.407528531781,5.407528531781,5.407528531481,5.407528531481,5.40752853197,5.40752853197,4.86874429342,4.86874429312,4.86874429299,4.86874429299,4.86874429289,4.86874429279,4.86874429299,4.86874429299,4.86874429299,4.86874429297,4.86874429287,4.86874429287,4.86874429297,4.86874429299,4.86874429299,4.86874429282,4.86874429292,4.868744292869,4.868744292869,4.86874429289,4.86874429289,4.86874429292,4.86874429312,4.86874429312,4.44424706502,4.44424706502,4.44424706502,4.44424706507,4.44424706507,4.44424706512,4.44424706512,4.44424706512,4.44424706492,4.44424706442,4.44424706444,4.44424706444,3.93795372507,3.93795372512,3.93795372512,3.93795372507,3.93795372507,3.937953725071,3.937953725071,3.93795372505,3.93795372505,3.93795372505,3.93795372505,3.8120173436,3.8120173436,3.322060202,0,3.87218579195,3.87218579195,5.11710361777,5.11710361777,5.11710361821,5.11710361821,5.79063691107,5.79063691107,7.89646854937,7.89646854991,7.89646854991,7.89646854993,7.89646854993,7.89646854951,7.89646854951,7.89646854937,7.8964685494,7.8964685494,7.89646854917,7.89646854967,7.89646854907,7.89646854937,7.89646854936,7.89646854936
"t52",5.40752853142,5.40752853142,5.40752853142,5.40752853139,5.40752853139,5.40752853139,5.40752853156,5.40752853156,5.40752853182,5.40752853182,5.40752853102,5.407528531447,5.407528531447,5.40752853142,5.40752853142,5.40752853132,5.40752853142,5.407528531231,5.407528531231,5.407528531431,5.407528531431,5.407528531131,5.407528531131,5.40752853162,5.40752853162,4.86874429307,4.86874429277,4.86874429264,4.86874429264,4.86874429254,4.86874429244,4.86874429264,4.86874429264,4.86874429264,4.86874429262,4.86874429252,4.86874429252,4.86874429262,4.86874429264,4.86874429264,4.86874429247,4.86874429257,4.868744292519,4.868744292519,4.86874429254,4.86874429254,4.86874429257,4.86874429277,4.86874429277,4.44424706467,4.44424706467,4.44424706467,4.44424706472,4.44424706472,4.44424706477,4.44424706477,4.44424706477,4.44424706457,4.44424706407,4.44424706409,4.44424706409,3.93795372472,3.93795372477,3.93795372477,3.93795372472,3.93795372472,3.937953724721,3.937953724721,3.9379537247,3.9379537247,3.9379537247,3.9379537247,3.87218579155,3.87218579155,3.87218579195,3.87218579195,0,0.8214313296,5.11710361742,5.11710361742,5.11710361786,5.11710361786,5.79063691072,5.79063691072,7.89646854902,7.89646854956,7.89646854956,7.89646854958,7.89646854958,7.89646854916,7.89646854916,7.89646854902,7.89646854905,7.89646854905,7.89646854882,7.89646854932,7.89646854872,7.89646854902,7.89646854901,7.89646854901
"t53",5.40752853142,5.40752853142,5.40752853142,5.40752853139,5.40752853139,5.40752853139,5.40752853156,5.40752853156,5.40752853182,5.40752853182,5.40752853102,5.407528531447,5.407528531447,5.40752853142,5.40752853142,5.40752853132,5.40752853142,5.407528531231,5.407528531231,5.407528531431,5.407528531431,5.407528531131,5.407528531131,5.40752853162,5.40752853162,4.86874429307,4.86874429277,4.86874429264,4.86874429264,4.86874429254,4.86874429244,4.86874429264,4.86874429264,4.86874429264,4.86874429262,4.86874429252,4.86874429252,4.86874429262,4.86874429264,4.86874429264,4.86874429247,4.86874429257,4.868744292519,4.868744292519,4.86874429254,4.86874429254,4.86874429257,4.86874429277,4.86874429277,4.44424706467,4.44424706467,4.44424706467,4.44424706472,4.44424706472,4.44424706477,4.44424706477,4.44424706477,4.44424706457,4.44424706407,4.44424706409,4.44424706409,3.93795372472,3.93795372477,3.93795372477,3.93795372472,3.93795372472,3.937953724721,3.937953724721,3.9379537247,3.9379537247,3.9379537247,3.9379537247,3.87218579155,3.87218579155,3.87218579195,3.87218579195,0.8214313296,0,5.11710361742,5.11710361742,5.11710361786,5.11710361786,5.79063691072,5.79063691072,7.89646854902,7.89646854956,7.89646854956,7.89646854958,7.89646854958,7.89646854916,7.89646854916,7.89646854902,7.89646854905,7.89646854905,7.89646854882,7.89646854932,7.89646854872,7.89646854902,7.89646854901,7.89646854901
"t73",5.4075285318,5.4075285318,5.4075285318,5.40752853177,5.40752853177,5.40752853177,5.40752853194,5.40752853194,5.4075285322,5.4075285322,5.4075285314,5.407528531827,5.407528531827,5.4075285318,5.4075285318,5.4075285317,5.4075285318,5.407528531611,5.407528531611,5.407528531811,5.407528531811,5.407528531511,5.407528531511,5.407528532,5.407528532,5.11710361785,5.11710361755,5.11710361742,5.11710361742,5.11710361732,5.11710361722,5.11710361742,5.11710361742,5.11710361742,5.1171036174,5.1171036173,5.1171036173,5.1171036174,5.11710361742,5.11710361742,5.11710361725,5.11710361735,5.117103617299,5.117103617299,5.11710361732,5.11710361732,5.11710361735,5.11710361755,5.11710361755,5.11710361765,5.11710361765,5.11710361765,5.1171036177,5.1171036177,5.11710361775,5.11710361775,5.11710361775,5.11710361755,5.11710361705,5.11710361707,5.11710361707,5.1171036173,5.11710361735,5.11710361735,5.1171036173,5.1171036173,5.117103617301,5.117103617301,5.11710361728,5.11710361728,5.11710361728,5.11710361728,5.11710361737,5.11710361737,5.11710361777,5.11710361777,5.11710361742,5.11710361742,0,0.2527635298,3.08613790224,3.08613790224,5.7906369111,5.7906369111,7.8964685494,7.89646854994,7.89646854994,7.89646854996,7.89646854996,7.89646854954,7.89646854954,7.8964685494,7.89646854943,7.89646854943,7.8964685492,7.8964685497,7.8964685491,7.8964685494,7.89646854939,7.89646854939
"t74",5.4075285318,5.4075285318,5.4075285318,5.40752853177,5.40752853177,5.40752853177,5.40752853194,5.40752853194,5.4075285322,5.4075285322,5.4075285314,5.407528531827,5.407528531827,5.4075285318,5.4075285318,5.4075285317,5.4075285318,5.407528531611,5.407528531611,5.407528531811,5.407528531811,5.407528531511,5.407528531511,5.407528532,5.407528532,5.11710361785,5.11710361755,5.11710361742,5.11710361742,5.11710361732,5.11710361722,5.11710361742,5.11710361742,5.11710361742,5.1171036174,5.1171036173,5.1171036173,5.1171036174,5.11710361742,5.11710361742,5.11710361725,5.11710361735,5.117103617299,5.117103617299,5.11710361732,5.11710361732,5.11710361735,5.11710361755,5.11710361755,5.11710361765,5.11710361765,5.11710361765,5.1171036177,5.1171036177,5.11710361775,5.11710361775,5.11710361775,5.11710361755,5.11710361705,5.11710361707,5.11710361707,5.1171036173,5.11710361735,5.11710361735,5.1171036173,5.1171036173,5.117103617301,5.117103617301,5.11710361728,5.11710361728,5.11710361728,5.11710361728,5.11710361737,5.11710361737,5.11710361777,5.11710361777,5.11710361742,5.11710361742,0.2527635298,0,3.08613790224,3.08613790224,5.7906369111,5.7906369111,7.8964685494,7.89646854994,7.89646854994,7.89646854996,7.89646854996,7.89646854954,7.89646854954,7.8964685494,7.89646854943,7.89646854943,7.8964685492,7.8964685497,7.8964685491,7.8964685494,7.89646854939,7.89646854939
"t83",5.40752853224,5.40752853224,5.40752853224,5.40752853221,5.40752853221,5.40752853221,5.40752853238,5.40752853238,5.40752853264,5.40752853264,5.40752853184,5.407528532267,5.407528532267,5.40752853224,5.40752853224,5.40752853214,5.40752853224,5.407528532051,5.407528532051,5.407528532251,5.407528532251,5.407528531951,5.407528531951,5.40752853244,5.40752853244,5.11710361829,5.11710361799,5.11710361786,5.11710361786,5.11710361776,5.11710361766,5.11710361786,5.11710361786,5.11710361786,5.11710361784,5.11710361774,5.11710361774,5.11710361784,5.11710361786,5.11710361786,5.11710361769,5.11710361779,5.117103617739,5.117103617739,5.11710361776,5.11710361776,5.11710361779,5.11710361799,5.11710361799,5.11710361809,5.11710361809,5.11710361809,5.11710361814,5.11710361814,5.11710361819,5.11710361819,5.11710361819,5.11710361799,5.11710361749,5.11710361751,5.11710361751,5.11710361774,5.11710361779,5.11710361779,5.11710361774,5.11710361774,5.117103617741,5.117103617741,5.11710361772,5.11710361772,5.11710361772,5.11710361772,5.11710361781,5.11710361781,5.11710361821,5.11710361821,5.11710361786,5.11710361786,3.08613790224,3.08613790224,0,0.14760452668,5.79063691154,5.79063691154,7.89646854984,7.89646855038,7.89646855038,7.8964685504,7.8964685504,7.89646854998,7.89646854998,7.89646854984,7.89646854987,7.89646854987,7.89646854964,7.89646855014,7.89646854954,7.89646854984,7.89646854983,7.89646854983
"t84",5.40752853224,5.40752853224,5.40752853224,5.40752853221,5.40752853221,5.40752853221,5.40752853238,5.40752853238,5.40752853264,5.40752853264,5.40752853184,5.407528532267,5.407528532267,5.40752853224,5.40752853224,5.40752853214,5.40752853224,5.407528532051,5.407528532051,5.407528532251,5.407528532251,5.407528531951,5.407528531951,5.40752853244,5.40752853244,5.11710361829,5.11710361799,5.11710361786,5.11710361786,5.11710361776,5.11710361766,5.11710361786,5.11710361786,5.11710361786,5.11710361784,5.11710361774,5.11710361774,5.11710361784,5.11710361786,5.11710361786,5.11710361769,5.11710361779,5.117103617739,5.117103617739,5.11710361776,5.11710361776,5.11710361779,5.11710361799,5.11710361799,5.11710361809,5.11710361809,5.11710361809,5.11710361814,5.11710361814,5.11710361819,5.11710361819,5.11710361819,5.11710361799,5.11710361749,5.11710361751,5.11710361751,5.11710361774,5.11710361779,5.11710361779,5.11710361774,5.11710361774,5.117103617741,5.117103617741,5.11710361772,5.11710361772,5.11710361772,5.11710361772,5.11710361781,5.11710361781,5.11710361821,5.11710361821,5.11710361786,5.11710361786,3.08613790224,3.08613790224,0.14760452668,0,5.79063691154,5.79063691154,7.89646854984,7.89646855038,7.89646855038,7.8964685504,7.8964685504,7.89646854998,7.89646854998,7.89646854984,7.89646854987,7.89646854987,7.89646854964,7.89646855014,7.89646854954,7.89646854984,7.89646854983,7.89646854983
"t30",5.7906369107,5.7906369107,5.7906369107,5.79063691067,5.79063691067,5.79063691067,5.79063691084,5.79063691084,5.7906369111,5.7906369111,5.7906369103,5.790636910727,5.790636910727,5.7906369107,5.7906369107,5.7906369106,5.7906369107,5.790636910511,5.790636910511,5.790636910711,5.790636910711,5.790636910411,5.790636910411,5.7906369109,5.7906369109,5.79063691115,5.79063691085,5.79063691072,5.79063691072,5.79063691062,5.79063691052,5.79063691072,5.79063691072,5.79063691072,5.7906369107,5.7906369106,5.7906369106,5.7906369107,5.79063691072,5.79063691072,5.79063691055,5.79063691065,5.790636910599,5.790636910599,5.79063691062,5.79063691062,5.79063691065,5.79063691085,5.79063691085,5.79063691095,5.79063691095,5.79063691095,5.790636911,5.790636911,5.79063691105,5.79063691105,5.79063691105,5.79063691085,5.79063691035,5.79063691037,5.79063691037,5.7906369106,5.79063691065,5.79063691065,5.7906369106,5.7906369106,5.790636910601,5.790636910601,5.79063691058,5.79063691058,5.79063691058,5.79063691058,5.79063691067,5.79063691067,5.79063691107,5.79063691107,5.79063691072,5.79063691072,5.7906369111,5.7906369111,5.79063691154,5.79063691154,0,1.3992574406,7.8964685489,7.89646854944,7.89646854944,7.89646854946,7.89646854946,7.89646854904,7.89646854904,7.8964685489,7.89646854893,7.89646854893,7.8964685487,7.8964685492,7.8964685486,7.8964685489,7.89646854889,7.89646854889
"t31",5.7906369107,5.7906369107,5.7906369107,5.79063691067,5.79063691067,5.79063691067,5.79063691084,5.79063691084,5.7906369111,5.7906369111,5.7906369103,5.790636910727,5.790636910727,5.7906369107,5.7906369107,5.7906369106,5.7906369107,5.790636910511,5.790636910511,5.790636910711,5.790636910711,5.790636910411,5.790636910411,5.7906369109,5.7906369109,5.79063691115,5.79063691085,5.79063691072,5.79063691072,5.79063691062,5.79063691052,5.79063691072,5.79063691072,5.79063691072,5.7906369107,5.7906369106,5.7906369106,5.7906369107,5.79063691072,5.79063691072,5.79063691055,5.79063691065,5.790636910599,5.790636910599,5.79063691062,5.79063691062,5.79063691065,5.79063691085,5.79063691085,5.79063691095,5.79063691095,5.79063691095,5.790636911,5.790636911,5.79063691105,5.79063691105,5.79063691105,5.79063691085,5.79063691035,5.79063691037,5.79063691037,5.7906369106,5.79063691065,5.79063691065,5.7906369106,5.7906369106,5.790636910601,5.790636910601,5.79063691058,5.79063691058,5.79063691058,5.79063691058,5.79063691067,5.79063691067,5.79063691107,5.79063691107,5.79063691072,5.79063691072,5.7906369111,5.7906369111,5.79063691154,5.79063691154,1.3992574406,0,7.8964685489,7.89646854944,7.89646854944,7.89646854946,7.89646854946,7.89646854904,7.89646854904,7.8964685489,7.89646854893,7.89646854893,7.8964685487,7.8964685492,7.8964685486,7.8964685489,7.89646854889,7.89646854889
"t1",7.896468549,7.896468549,7.896468549,7.89646854897,7.89646854897,7.89646854897,7.89646854914,7.89646854914,7.8964685494,7.8964685494,7.8964685486,7.896468549027,7.896468549027,7.896468549,7.896468549,7.8964685489,7.896468549,7.896468548811,7.896468548811,7.896468549011,7.896468549011,7.896468548711,7.896468548711,7.8964685492,7.8964685492,7.89646854945,7.89646854915,7.89646854902,7.89646854902,7.89646854892,7.89646854882,7.89646854902,7.89646854902,7.89646854902,7.896468549,7.8964685489,7.8964685489,7.896468549,7.89646854902,7.89646854902,7.89646854885,7.89646854895,7.896468548899,7.896468548899,7.89646854892,7.89646854892,7.89646854895,7.89646854915,7.89646854915,7.89646854925,7.89646854925,7.89646854925,7.8964685493,7.8964685493,7.89646854935,7.89646854935,7.89646854935,7.89646854915,7.89646854865,7.89646854867,7.89646854867,7.8964685489,7.89646854895,7.89646854895,7.8964685489,7.8964685489,7.896468548901,7.896468548901,7.89646854888,7.89646854888,7.89646854888,7.89646854888,7.89646854897,7.89646854897,7.89646854937,7.89646854937,7.89646854902,7.89646854902,7.8964685494,7.8964685494,7.89646854984,7.89646854984,7.8964685489,7.8964685489,0,7.42966588654,7.42966588654,7.42966588656,7.42966588656,7.42966588614,7.42966588614,7.429665886,7.42966588603,7.42966588603,7.4296658858,7.4296658863,7.4296658857,7.429665886,7.42966588599,7.42966588599
"t37",7.89646854954,7.89646854954,7.89646854954,7.89646854951,7.89646854951,7.89646854951,7.89646854968,7.89646854968,7.89646854994,7.89646854994,7.89646854914,7.896468549567,7.896468549567,7.89646854954,7.89646854954,7.89646854944,7.89646854954,7.896468549351,7.896468549351,7.896468549551,7.896468549551,7.896468549251,7.896468549251,7.89646854974,7.89646854974,7.89646854999,7.89646854969,7.89646854956,7.89646854956,7.89646854946,7.89646854936,7.89646854956,7.89646854956,7.89646854956,7.89646854954,7.89646854944,7.89646854944,7.89646854954,7.89646854956,7.89646854956,7.89646854939,7.89646854949,7.896468549439,7.896468549439,7.89646854946,7.89646854946,7.89646854949,7.89646854969,7.89646854969,7.89646854979,7.89646854979,7.89646854979,7.89646854984,7.89646854984,7.89646854989,7.89646854989,7.89646854989,7.89646854969,7.89646854919,7.89646854921,7.89646854921,7.89646854944,7.89646854949,7.89646854949,7.89646854944,7.89646854944,7.896468549441,7.896468549441,7.89646854942,7.89646854942,7.89646854942,7.89646854942,7.89646854951,7.89646854951,7.89646854991,7.89646854991,7.89646854956,7.89646854956,7.89646854994,7.89646854994,7.89646855038,7.89646855038,7.89646854944,7.89646854944,7.42966588654,0,1.132930353,1.43188937202,1.43188937202,3.6023412236,3.6023412236,3.63732589294,3.63732589297,3.63732589297,3.63732589274,5.22631186224,6.75076801304,6.75076801334,6.75076801333,6.75076801333
"t38",7.89646854954,7.89646854954,7.89646854954,7.89646854951,7.89646854951,7.89646854951,7.89646854968,7.89646854968,7.89646854994,7.89646854994,7.89646854914,7.896468549567,7.896468549567,7.89646854954,7.89646854954,7.89646854944,7.89646854954,7.896468549351,7.896468549351,7.896468549551,7.896468549551,7.896468549251,7.896468549251,7.89646854974,7.89646854974,7.89646854999,7.89646854969,7.89646854956,7.89646854956,7.89646854946,7.89646854936,7.89646854956,7.89646854956,7.89646854956,7.89646854954,7.89646854944,7.89646854944,7.89646854954,7.89646854956,7.89646854956,7.89646854939,7.89646854949,7.896468549439,7.896468549439,7.89646854946,7.89646854946,7.89646854949,7.89646854969,7.89646854969,7.89646854979,7.89646854979,7.89646854979,7.89646854984,7.89646854984,7.89646854989,7.89646854989,7.89646854989,7.89646854969,7.89646854919,7.89646854921,7.89646854921,7.89646854944,7.89646854949,7.89646854949,7.89646854944,7.89646854944,7.896468549441,7.896468549441,7.89646854942,7.89646854942,7.89646854942,7.89646854942,7.89646854951,7.89646854951,7.89646854991,7.89646854991,7.89646854956,7.89646854956,7.89646854994,7.89646854994,7.89646855038,7.89646855038,7.89646854944,7.89646854944,7.42966588654,1.132930353,0,1.43188937202,1.43188937202,3.6023412236,3.6023412236,3.63732589294,3.63732589297,3.63732589297,3.63732589274,5.22631186224,6.75076801304,6.75076801334,6.75076801333,6.75076801333
"t81",7.89646854956,7.89646854956,7.89646854956,7.89646854953,7.89646854953,7.89646854953,7.8964685497,7.8964685497,7.89646854996,7.89646854996,7.89646854916,7.896468549587,7.896468549587,7.89646854956,7.89646854956,7.89646854946,7.89646854956,7.896468549371,7.896468549371,7.896468549571,7.896468549571,7.896468549271,7.896468549271,7.89646854976,7.89646854976,7.89646855001,7.89646854971,7.89646854958,7.89646854958,7.89646854948,7.89646854938,7.89646854958,7.89646854958,7.89646854958,7.89646854956,7.89646854946,7.89646854946,7.89646854956,7.89646854958,7.89646854958,7.89646854941,7.89646854951,7.896468549459,7.896468549459,7.89646854948,7.89646854948,7.89646854951,7.89646854971,7.89646854971,7.89646854981,7.89646854981,7.89646854981,7.89646854986,7.89646854986,7.89646854991,7.89646854991,7.89646854991,7.89646854971,7.89646854921,7.89646854923,7.89646854923,7.89646854946,7.89646854951,7.89646854951,7.89646854946,7.89646854946,7.896468549461,7.896468549461,7.89646854944,7.89646854944,7.89646854944,7.89646854944,7.89646854953,7.89646854953,7.89646854993,7.89646854993,7.89646854958,7.89646854958,7.89646854996,7.89646854996,7.8964685504,7.8964685504,7.89646854946,7.89646854946,7.42966588656,1.43188937202,1.43188937202,0,0.15024866904,3.60234122362,3.60234122362,3.63732589296,3.63732589299,3.63732589299,3.63732589276,5.22631186226,6.75076801306,6.75076801336,6.75076801335,6.75076801335
"t82",7.89646854956,7.89646854956,7.89646854956,7.89646854953,7.89646854953,7.89646854953,7.8964685497,7.8964685497,7.89646854996,7.89646854996,7.89646854916,7.896468549587,7.896468549587,7.89646854956,7.89646854956,7.89646854946,7.89646854956,7.896468549371,7.896468549371,7.896468549571,7.896468549571,7.896468549271,7.896468549271,7.89646854976,7.89646854976,7.89646855001,7.89646854971,7.89646854958,7.89646854958,7.89646854948,7.89646854938,7.89646854958,7.89646854958,7.89646854958,7.89646854956,7.89646854946,7.89646854946,7.89646854956,7.89646854958,7.89646854958,7.89646854941,7.89646854951,7.896468549459,7.896468549459,7.89646854948,7.89646854948,7.89646854951,7.89646854971,7.89646854971,7.89646854981,7.89646854981,7.89646854981,7.89646854986,7.89646854986,7.89646854991,7.89646854991,7.89646854991,7.89646854971,7.89646854921,7.89646854923,7.89646854923,7.89646854946,7.89646854951,7.89646854951,7.89646854946,7.89646854946,7.896468549461,7.896468549461,7.89646854944,7.89646854944,7.89646854944,7.89646854944,7.89646854953,7.89646854953,7.89646854993,7.89646854993,7.89646854958,7.89646854958,7.89646854996,7.89646854996,7.8964685504,7.8964685504,7.89646854946,7.89646854946,7.42966588656,1.43188937202,1.43188937202,0.15024866904,0,3.60234122362,3.60234122362,3.63732589296,3.63732589299,3.63732589299,3.63732589276,5.22631186226,6.75076801306,6.75076801336,6.75076801335,6.75076801335
"t8",7.89646854914,7.89646854914,7.89646854914,7.89646854911,7.89646854911,7.89646854911,7.89646854928,7.89646854928,7.89646854954,7.89646854954,7.89646854874,7.896468549167,7.896468549167,7.89646854914,7.89646854914,7.89646854904,7.89646854914,7.896468548951,7.896468548951,7.896468549151,7.896468549151,7.896468548851,7.896468548851,7.89646854934,7.89646854934,7.89646854959,7.89646854929,7.89646854916,7.89646854916,7.89646854906,7.89646854896,7.89646854916,7.89646854916,7.89646854916,7.89646854914,7.89646854904,7.89646854904,7.89646854914,7.89646854916,7.89646854916,7.89646854899,7.89646854909,7.896468549039,7.896468549039,7.89646854906,7.89646854906,7.89646854909,7.89646854929,7.89646854929,7.89646854939,7.89646854939,7.89646854939,7.89646854944,7.89646854944,7.89646854949,7.89646854949,7.89646854949,7.89646854929,7.89646854879,7.89646854881,7.89646854881,7.89646854904,7.89646854909,7.89646854909,7.89646854904,7.89646854904,7.896468549041,7.896468549041,7.89646854902,7.89646854902,7.89646854902,7.89646854902,7.89646854911,7.89646854911,7.89646854951,7.89646854951,7.89646854916,7.89646854916,7.89646854954,7.89646854954,7.89646854998,7.89646854998,7.89646854904,7.89646854904,7.42966588614,3.6023412236,3.6023412236,3.60234122362,3.60234122362,0,3.186782966,3.63732589254,3.63732589257,3.63732589257,3.63732589234,5.22631186184,6.75076801264,6.75076801294,6.75076801293,6.75076801293
"t9",7.89646854914,7.89646854914,7.89646854914,7.89646854911,7.89646854911,7.89646854911,7.89646854928,7.89646854928,7.89646854954,7.89646854954,7.89646854874,7.896468549167,7.896468549167,7.89646854914,7.89646854914,7.89646854904,7.89646854914,7.896468548951,7.896468548951,7.896468549151,7.896468549151,7.896468548851,7.896468548851,7.89646854934,7.89646854934,7.89646854959,7.89646854929,7.89646854916,7.89646854916,7.89646854906,7.89646854896,7.89646854916,7.89646854916,7.89646854916,7.89646854914,7.89646854904,7.89646854904,7.89646854914,7.89646854916,7.89646854916,7.89646854899,7.89646854909,7.896468549039,7.896468549039,7.89646854906,7.89646854906,7.89646854909,7.89646854929,7.89646854929,7.89646854939,7.89646854939,7.89646854939,7.89646854944,7.89646854944,7.89646854949,7.89646854949,7.89646854949,7.89646854929,7.89646854879,7.89646854881,7.89646854881,7.89646854904,7.89646854909,7.89646854909,7.89646854904,7.89646854904,7.896468549041,7.896468549041,7.89646854902,7.89646854902,7.89646854902,7.89646854902,7.89646854911,7.89646854911,7.89646854951,7.89646854951,7.89646854916,7.89646854916,7.89646854954,7.89646854954,7.89646854998,7.89646854998,7.89646854904,7.89646854904,7.42966588614,3.6023412236,3.6023412236,3.60234122362,3.60234122362,3.186782966,0,3.63732589254,3.63732589257,3.63732589257,3.63732589234,5.22631186184,6.75076801264,6.75076801294,6.75076801293,6.75076801293
"t45",7.896468549,7.896468549,7.896468549,7.89646854897,7.89646854897,7.89646854897,7.89646854914,7.89646854914,7.8964685494,7.8964685494,7.8964685486,7.896468549027,7.896468549027,7.896468549,7.896468549,7.8964685489,7.896468549,7.896468548811,7.896468548811,7.896468549011,7.896468549011,7.896468548711,7.896468548711,7.8964685492,7.8964685492,7.89646854945,7.89646854915,7.89646854902,7.89646854902,7.89646854892,7.89646854882,7.89646854902,7.89646854902,7.89646854902,7.896468549,7.8964685489,7.8964685489,7.896468549,7.89646854902,7.89646854902,7.89646854885,7.89646854895,7.896468548899,7.896468548899,7.89646854892,7.89646854892,7.89646854895,7.89646854915,7.89646854915,7.89646854925,7.89646854925,7.89646854925,7.8964685493,7.8964685493,7.89646854935,7.89646854935,7.89646854935,7.89646854915,7.89646854865,7.89646854867,7.89646854867,7.8964685489,7.89646854895,7.89646854895,7.8964685489,7.8964685489,7.896468548901,7.896468548901,7.89646854888,7.89646854888,7.89646854888,7.89646854888,7.89646854897,7.89646854897,7.89646854937,7.89646854937,7.89646854902,7.89646854902,7.8964685494,7.8964685494,7.89646854984,7.89646854984,7.8964685489,7.8964685489,7.429665886,3.63732589294,3.63732589294,3.63732589296,3.63732589296,3.63732589254,3.63732589254,0,0.91626665583,0.91626665583,2.7203173802,5.2263118617,6.7507680125,6.7507680128,6.75076801279,6.75076801279
"t85",7.89646854903,7.89646854903,7.89646854903,7.896468549,7.896468549,7.896468549,7.89646854917,7.89646854917,7.89646854943,7.89646854943,7.89646854863,7.896468549057,7.896468549057,7.89646854903,7.89646854903,7.89646854893,7.89646854903,7.896468548841,7.896468548841,7.896468549041,7.896468549041,7.896468548741,7.896468548741,7.89646854923,7.89646854923,7.89646854948,7.89646854918,7.89646854905,7.89646854905,7.89646854895,7.89646854885,7.89646854905,7.89646854905,7.89646854905,7.89646854903,7.89646854893,7.89646854893,7.89646854903,7.89646854905,7.89646854905,7.89646854888,7.89646854898,7.896468548929,7.896468548929,7.89646854895,7.89646854895,7.89646854898,7.89646854918,7.89646854918,7.89646854928,7.89646854928,7.89646854928,7.89646854933,7.89646854933,7.89646854938,7.89646854938,7.89646854938,7.89646854918,7.89646854868,7.8964685487,7.8964685487,7.89646854893,7.89646854898,7.89646854898,7.89646854893,7.89646854893,7.896468548931,7.896468548931,7.89646854891,7.89646854891,7.89646854891,7.89646854891,7.896468549,7.896468549,7.8964685494,7.8964685494,7.89646854905,7.89646854905,7.89646854943,7.89646854943,7.89646854987,7.89646854987,7.89646854893,7.89646854893,7.42966588603,3.63732589297,3.63732589297,3.63732589299,3.63732589299,3.63732589257,3.63732589257,0.91626665583,0,0.13193293406,2.72031738023,5.22631186173,6.75076801253,6.75076801283,6.75076801282,6.75076801282
"t86",7.89646854903,7.89646854903,7.89646854903,7.896468549,7.896468549,7.896468549,7.89646854917,7.89646854917,7.89646854943,7.89646854943,7.89646854863,7.896468549057,7.896468549057,7.89646854903,7.89646854903,7.89646854893,7.89646854903,7.896468548841,7.896468548841,7.896468549041,7.896468549041,7.896468548741,7.896468548741,7.89646854923,7.89646854923,7.89646854948,7.89646854918,7.89646854905,7.89646854905,7.89646854895,7.89646854885,7.89646854905,7.89646854905,7.89646854905,7.89646854903,7.89646854893,7.89646854893,7.89646854903,7.89646854905,7.89646854905,7.89646854888,7.89646854898,7.896468548929,7.896468548929,7.89646854895,7.89646854895,7.89646854898,7.89646854918,7.89646854918,7.89646854928,7.89646854928,7.89646854928,7.89646854933,7.89646854933,7.89646854938,7.89646854938,7.89646854938,7.89646854918,7.89646854868,7.8964685487,7.8964685487,7.89646854893,7.89646854898,7.89646854898,7.89646854893,7.89646854893,7.896468548931,7.896468548931,7.89646854891,7.89646854891,7.89646854891,7.89646854891,7.896468549,7.896468549,7.8964685494,7.8964685494,7.89646854905,7.89646854905,7.89646854943,7.89646854943,7.89646854987,7.89646854987,7.89646854893,7.89646854893,7.42966588603,3.63732589297,3.63732589297,3.63732589299,3.63732589299,3.63732589257,3.63732589257,0.91626665583,0.13193293406,0,2.72031738023,5.22631186173,6.75076801253,6.75076801283,6.75076801282,6.75076801282
"t13",7.8964685488,7.8964685488,7.8964685488,7.89646854877,7.89646854877,7.89646854877,7.89646854894,7.89646854894,7.8964685492,7.8964685492,7.8964685484,7.896468548827,7.896468548827,7.8964685488,7.8964685488,7.8964685487,7.8964685488,7.896468548611,7.896468548611,7.896468548811,7.896468548811,7.896468548511,7.896468548511,7.896468549,7.896468549,7.89646854925,7.89646854895,7.89646854882,7.89646854882,7.89646854872,7.89646854862,7.89646854882,7.89646854882,7.89646854882,7.8964685488,7.8964685487,7.8964685487,7.8964685488,7.89646854882,7.89646854882,7.89646854865,7.89646854875,7.896468548699,7.896468548699,7.89646854872,7.89646854872,7.89646854875,7.89646854895,7.89646854895,7.89646854905,7.89646854905,7.89646854905,7.8964685491,7.8964685491,7.89646854915,7.89646854915,7.89646854915,7.89646854895,7.89646854845,7.89646854847,7.89646854847,7.8964685487,7.89646854875,7.89646854875,7.8964685487,7.8964685487,7.896468548701,7.896468548701,7.89646854868,7.89646854868,7.89646854868,7.89646854868,7.89646854877,7.89646854877,7.89646854917,7.89646854917,7.89646854882,7.89646854882,7.8964685492,7.8964685492,7.89646854964,7.89646854964,7.8964685487,7.8964685487,7.4296658858,3.63732589274,3.63732589274,3.63732589276,3.63732589276,3.63732589234,3.63732589234,2.7203173802,2.72031738023,2.72031738023,0,5.2263118615,6.7507680123,6.7507680126,6.75076801259,6.75076801259
"t3",7.8964685493,7.8964685493,7.8964685493,7.89646854927,7.89646854927,7.89646854927,7.89646854944,7.89646854944,7.8964685497,7.8964685497,7.8964685489,7.896468549327,7.896468549327,7.8964685493,7.8964685493,7.8964685492,7.8964685493,7.896468549111,7.896468549111,7.896468549311,7.896468549311,7.896468549011,7.896468549011,7.8964685495,7.8964685495,7.89646854975,7.89646854945,7.89646854932,7.89646854932,7.89646854922,7.89646854912,7.89646854932,7.89646854932,7.89646854932,7.8964685493,7.8964685492,7.8964685492,7.8964685493,7.89646854932,7.89646854932,7.89646854915,7.89646854925,7.896468549199,7.896468549199,7.89646854922,7.89646854922,7.89646854925,7.89646854945,7.89646854945,7.89646854955,7.89646854955,7.89646854955,7.8964685496,7.8964685496,7.89646854965,7.89646854965,7.89646854965,7.89646854945,7.89646854895,7.89646854897,7.89646854897,7.8964685492,7.89646854925,7.89646854925,7.8964685492,7.8964685492,7.896468549201,7.896468549201,7.89646854918,7.89646854918,7.89646854918,7.89646854918,7.89646854927,7.89646854927,7.89646854967,7.89646854967,7.89646854932,7.89646854932,7.8964685497,7.8964685497,7.89646855014,7.89646855014,7.8964685492,7.8964685492,7.4296658863,5.22631186224,5.22631186224,5.22631186226,5.22631186226,5.22631186184,5.22631186184,5.2263118617,5.22631186173,5.22631186173,5.2263118615,0,6.7507680128,6.7507680131,6.75076801309,6.75076801309
"t2",7.8964685487,7.8964685487,7.8964685487,7.89646854867,7.89646854867,7.89646854867,7.89646854884,7.89646854884,7.8964685491,7.8964685491,7.8964685483,7.896468548727,7.896468548727,7.8964685487,7.8964685487,7.8964685486,7.8964685487,7.896468548511,7.896468548511,7.896468548711,7.896468548711,7.896468548411,7.896468548411,7.8964685489,7.8964685489,7.89646854915,7.89646854885,7.89646854872,7.89646854872,7.89646854862,7.89646854852,7.89646854872,7.89646854872,7.89646854872,7.8964685487,7.8964685486,7.8964685486,7.8964685487,7.89646854872,7.89646854872,7.89646854855,7.89646854865,7.896468548599,7.896468548599,7.89646854862,7.89646854862,7.89646854865,7.89646854885,7.89646854885,7.89646854895,7.89646854895,7.89646854895,7.896468549,7.896468549,7.89646854905,7.89646854905,7.89646854905,7.89646854885,7.89646854835,7.89646854837,7.89646854837,7.8964685486,7.89646854865,7.89646854865,7.8964685486,7.8964685486,7.896468548601,7.896468548601,7.89646854858,7.89646854858,7.89646854858,7.89646854858,7.89646854867,7.89646854867,7.89646854907,7.89646854907,7.89646854872,7.89646854872,7.8964685491,7.8964685491,7.89646854954,7.89646854954,7.8964685486,7.8964685486,7.4296658857,6.75076801304,6.75076801304,6.75076801306,6.75076801306,6.75076801264,6.75076801264,6.7507680125,6.75076801253,6.75076801253,6.7507680123,6.7507680128,0,6.1307950483,6.13079504829,6.13079504829
"t76",7.896468549,7.896468549,7.896468549,7.89646854897,7.89646854897,7.89646854897,7.89646854914,7.89646854914,7.8964685494,7.8964685494,7.8964685486,7.896468549027,7.896468549027,7.896468549,7.896468549,7.8964685489,7.896468549,7.896468548811,7.896468548811,7.896468549011,7.896468549011,7.896468548711,7.896468548711,7.8964685492,7.8964685492,7.89646854945,7.89646854915,7.89646854902,7.89646854902,7.89646854892,7.89646854882,7.89646854902,7.89646854902,7.89646854902,7.896468549,7.8964685489,7.8964685489,7.896468549,7.89646854902,7.89646854902,7.89646854885,7.89646854895,7.896468548899,7.896468548899,7.89646854892,7.89646854892,7.89646854895,7.89646854915,7.89646854915,7.89646854925,7.89646854925,7.89646854925,7.8964685493,7.8964685493,7.89646854935,7.89646854935,7.89646854935,7.89646854915,7.89646854865,7.89646854867,7.89646854867,7.8964685489,7.89646854895,7.89646854895,7.8964685489,7.8964685489,7.896468548901,7.896468548901,7.89646854888,7.89646854888,7.89646854888,7.89646854888,7.89646854897,7.89646854897,7.89646854937,7.89646854937,7.89646854902,7.89646854902,7.8964685494,7.8964685494,7.89646854984,7.89646854984,7.8964685489,7.8964685489,7.429665886,6.75076801334,6.75076801334,6.75076801336,6.75076801336,6.75076801294,6.75076801294,6.7507680128,6.75076801283,6.75076801283,6.7507680126,6.7507680131,6.1307950483,0,0.23061318859,0.23061318859
"t95",7.89646854899,7.89646854899,7.89646854899,7.89646854896,7.89646854896,7.89646854896,7.89646854913,7.89646854913,7.89646854939,7.89646854939,7.89646854859,7.896468549017,7.896468549017,7.89646854899,7.89646854899,7.89646854889,7.89646854899,7.896468548801,7.896468548801,7.896468549001,7.896468549001,7.896468548701,7.896468548701,7.89646854919,7.89646854919,7.89646854944,7.89646854914,7.89646854901,7.89646854901,7.89646854891,7.89646854881,7.89646854901,7.89646854901,7.89646854901,7.89646854899,7.89646854889,7.89646854889,7.89646854899,7.89646854901,7.89646854901,7.89646854884,7.89646854894,7.896468548889,7.896468548889,7.89646854891,7.89646854891,7.89646854894,7.89646854914,7.89646854914,7.89646854924,7.89646854924,7.89646854924,7.89646854929,7.89646854929,7.89646854934,7.89646854934,7.89646854934,7.89646854914,7.89646854864,7.89646854866,7.89646854866,7.89646854889,7.89646854894,7.89646854894,7.89646854889,7.89646854889,7.896468548891,7.896468548891,7.89646854887,7.89646854887,7.89646854887,7.89646854887,7.89646854896,7.89646854896,7.89646854936,7.89646854936,7.89646854901,7.89646854901,7.89646854939,7.89646854939,7.89646854983,7.89646854983,7.89646854889,7.89646854889,7.42966588599,6.75076801333,6.75076801333,6.75076801335,6.75076801335,6.75076801293,6.75076801293,6.75076801279,6.75076801282,6.75076801282,6.75076801259,6.75076801309,6.13079504829,0.23061318859,0,0.04830073396
"t96",7.89646854899,7.89646854899,7.89646854899,7.89646854896,7.89646854896,7.89646854896,7.89646854913,7.89646854913,7.89646854939,7.89646854939,7.89646854859,7.896468549017,7.896468549017,7.89646854899,7.89646854899,7.89646854889,7.89646854899,7.896468548801,7.896468548801,7.896468549001,7.896468549001,7.896468548701,7.896468548701,7.89646854919,7.89646854919,7.89646854944,7.89646854914,7.89646854901,7.89646854901,7.89646854891,7.89646854881,7.89646854901,7.89646854901,7.89646854901,7.89646854899,7.89646854889,7.89646854889,7.89646854899,7.89646854901,7.89646854901,7.89646854884,7.89646854894,7.896468548889,7.896468548889,7.89646854891,7.89646854891,7.89646854894,7.89646854914,7.89646854914,7.89646854924,7.89646854924,7.89646854924,7.89646854929,7.89646854929,7.89646854934,7.89646854934,7.89646854934,7.89646854914,7.89646854864,7.89646854866,7.89646854866,7.89646854889,7.89646854894,7.89646854894,7.89646854889,7.89646854889,7.896468548891,7.896468548891,7.89646854887,7.89646854887,7.89646854887,7.89646854887,7.89646854896,7.89646854896,7.89646854936,7.89646854936,7.89646854901,7.89646854901,7.89646854939,7.89646854939,7.89646854983,7.89646854983,7.89646854889,7.89646854889,7.42966588599,6.75076801333,6.75076801333,6.75076801335,6.75076801335,6.75076801293,6.75076801293,6.75076801279,6.75076801282,6.75076801282,6.75076801259,6.75076801309,6.13079504829,0.23061318859,0.04830073396,0
