"accepted_species","0","1"
"t40",0.00450190124920741,0.995498098750793
"t98",4.46681679905382e-05,0.999955331832009
"t12",0.0116259900633851,0.988374009936615
"t9",0.190901966974555,0.809098033025445
"t91",0.000337042428188347,0.999662957571812
"t48",0.00375380880602009,0.99624619119398
"t85",0.000459871934351348,0.999540128065649
"t80",0.000680964355948942,0.999319035644051
"t30",0.00655435778829886,0.993445642211701
"t47",0.00408391090368739,0.995916089096313
