accepted_species,0,1
t40,0.0,1.0
t98,0.0,1.0
t12,0.0,1.0
t9,0.10651956793882456,0.8934804320611754
t91,0.0,1.0
t48,0.0,1.0
t85,0.0,1.0
t80,0.0,1.0
t30,0.0,1.0
t47,0.0,1.0
