accepted_species,0,1
t40,0.011111081,0.9888889
t98,0.011111081,0.9888889
t12,0.011111081,0.9888889
t9,0.011111081,0.9888889
t91,0.011111081,0.9888889
t48,0.011111081,0.9888889
t85,0.011111081,0.9888889
t80,0.011111081,0.9888889
t30,0.011111081,0.9888889
t47,0.011111081,0.9888889
