accepted_species,0,1
Swertia_lurida,0.8692712,0.13072877
Diplolepis_geminiflora,0.88690025,0.113099754
Pagamea_thyrsiflora,0.9397692,0.060230784
Urophyllum_platyphyllum,0.9054921,0.09450787
Psychotria_rauwolfioides,0.9397692,0.060230784
Hedyotis_articularis,0.9397692,0.060230784
Lasianthus_bicolor,0.91810906,0.08189096
Craterispermum_microdon,0.9397692,0.060230784
Saprosma_beddomei,0.9393554,0.060644623
Ophiorrhiza_orofenensis,0.91115814,0.08884186
