accepted_species,0,1
Matelea_pringlei,0.7952461,0.20475385
Diplolepis_geminiflora,0.7952461,0.20475385
Ruehssia_lauretiana,0.80734277,0.19265726
Oxypetalum_glaziovianum,0.7952461,0.20475385
Cynanchum_giraldii,0.80734277,0.19265726
Cynanchum_bicampanulatum,0.80734277,0.19265726
Matelea_acevedoi,0.7952461,0.20475385
Gonolobus_barbatus,0.7952461,0.20475385
Dischidia_dohtii,0.7952461,0.20475385
Dischidia_thaithongiae,0.7952461,0.20475385
