accepted_species,0,1
Matelea_pringlei,0.31699318,0.6830068
Diplolepis_geminiflora,0.16646135,0.83353865
Ruehssia_lauretiana,0.19794041,0.8020596
Oxypetalum_glaziovianum,0.13462496,0.86537504
Cynanchum_giraldii,0.076402426,0.9235976
Cynanchum_bicampanulatum,0.076402426,0.9235976
Matelea_acevedoi,0.9052636,0.094736405
Gonolobus_barbatus,0.26553863,0.73446137
Dischidia_dohtii,0.09599757,0.9040024
Dischidia_thaithongiae,0.19794041,0.8020596
