accepted_species,0,1
Mycetia_longifolia,0.95901287,0.040987115
Hedyotis_ceylanica,0.9587693,0.041230675
Plocama_tinctoria,0.9587693,0.041230675
Galium_cankiriense,0.9587693,0.041230675
Hedyotis_novoguineensis,0.9587693,0.041230675
Mitracarpus_steyermarkii,0.9587693,0.041230675
Galianthe_chiquitosiana,0.9587693,0.041230675
Saprosma_glomerulata,0.9587693,0.041230675
Saprosma_kraussii,0.9587693,0.041230675
Oldenlandia_justiciformis,0.95901287,0.040987115
