accepted_species,0,1
Mycetia_longifolia,0.9556107,0.044389293
Hedyotis_ceylanica,0.9561119,0.043888073
Plocama_tinctoria,0.9561119,0.043888073
Galium_cankiriense,0.9556107,0.044389293
Hedyotis_novoguineensis,0.9561119,0.043888073
Mitracarpus_steyermarkii,0.9561119,0.043888073
Galianthe_chiquitosiana,0.9556107,0.044389293
Saprosma_glomerulata,0.9561119,0.043888073
Saprosma_kraussii,0.9561119,0.043888073
Oldenlandia_justiciformis,0.9561119,0.043888073
