accepted_species,0
t55,-0.0994921842033942
t64,-1.1987717534226818
t90,-1.4629306195604297
t45,-1.0042521670543665
t1,
t98,-0.8010285803883174
t74,-0.666275135256279
t7,
t42,-0.0571499090868108
t23,
