accepted_species,0
t28,0.013478727962806412
t63,0.013478727962806412
t47,0.013478727962806412
t87,-0.603603321665463
t2,0.013478727962806412
t78,0.013478727962806412
t81,-0.4314659317560894
t21,0.013478727962806412
t61,0.013478727962806412
t85,-1.45763882063821
