"accepted_species","estimate"
"t28",0.882930085564355
"t63",1.0052596501322
"t47",-2.16752452052301
"t87",-0.60559113912648
"t2",0.0293043571862664
"t78",1.1746770220781
"t81",-0.375770015748535
"t21",-0.895852920765074
"t61",-1.29615282761788
"t85",-1.43176435032973
