accepted_species,estimate
t28,0.55651057
t63,0.9803566
t47,-1.3978248
t87,-0.8296935
t2,0.43373856
t78,1.185854
t81,-0.43155006
t21,-1.1945006
t61,-1.2647531
t85,-1.5754576
