accepted_species,0,1
t41,0.7205587500088848,0.27944124999111514
t19,0.8624603703544818,0.13753962964551827
t3,0.8936521180989714,0.10634788190102856
t25,0.8630275105568533,0.13697248944314666
t75,0.052509467236760754,0.9474905327632392
t100,0.047834157284880385,0.9521658427151196
t82,0.0645717004169084,0.9354282995830916
t56,0.09404641795868607,0.9059535820413139
t57,0.09441355297604181,0.9055864470239582
t7,0.008026485141733763,0.9919735148582662
