accepted_species,0,1
t41,0.9006964670601748,0.09930353293982523
t19,0.9457336586524581,0.054266341347541984
t3,0.8553289422116647,0.14467105778833533
t25,0.7032524556378978,0.29674754436210216
t75,0.02288943734971416,0.9771105626502858
t100,0.022232349880887736,0.9777676501191123
t82,0.15248536403981205,0.847514635960188
t56,0.029612659268761665,0.9703873407312383
t57,0.029612659268761665,0.9703873407312383
t7,0.03362146232879126,0.9663785376712087
