accepted_species,0,1
t41,0.9605304,0.039469574
t19,0.9680231,0.031976853
t3,0.9406526,0.059347376
t25,0.7408096,0.25919038
t75,0.029582977,0.970417
t100,0.029582977,0.970417
t82,0.117587864,0.88241214
t56,0.018235862,0.98176414
t57,0.018235862,0.98176414
t7,0.018235862,0.98176414
