accepted_species,0
t88,-0.204741830118155
t68,-1.28213361501996
t73,0.2799759984441064
t2,
t9,0.1688466064796085
t77,0.21308250954791097
t55,0.14705020699311178
t93,0.16172554682950913
t94,0.16172554682950913
t43,0.16172554682970747
