"accepted_species","estimate"
"t32",0.319004249707156
"t33",0.319004249707156
"t56",0.326559541147014
"t50",0.326897920513255
"t97",0.35465228419074
"t98",0.35465228419074
"t68",0.337597978921883
"t84",0.338208875984166
"t63",0.337228739506084
"t41",0.336164897965469
