"accepted_species","estimate"
"t32",0.575301342527825
"t33",0.575301342527825
"t56",0.399156643364324
"t50",0.449150114165763
"t97",1.26455196904847
"t98",1.26455196904847
"t68",0.633082699243169
"t84",0.577088939451729
"t63",0.666926540424084
"t41",0.764436401510561
