"accepted_species","estimate"
"t88",-0.209856180734637
"t68",-1.14358773083112
"t73",0.369567861315679
"t2",0.323343438072429
"t9",0.328741946675608
"t77",0.496381676762132
"t55",-0.123990847593174
"t93",0.0963223379194399
"t94",0.0963223379194399
"t43",0.0963223379194399
