accepted_species,estimate
Carissa_macrocarpa,0.13217568978425465
Fagraea_berteroana,-0.33131426692852156
Gentiana_affinis,-0.41711516170528956
Gentiana_lutea,-0.41711516170528934
Gentiana_scabra,-0.423508289277811
Plumeria_alba,0.13217568978425476
Tabernaemontana_sananho,0.15464331339742476
Thevetia_ahouai,0.03199635414629326
Vinca_major,0.1593198263177222
Vinca_minor,0.15931982631772204
