accepted_species,estimate
t43,-0.5732876
t98,0.67792153
t38,1.6823229
t25,0.44653428
t72,0.27353403
t78,1.2301813
t45,-0.9127414
t69,-0.8019268
t51,-0.9273973
t100,-0.964931
