accepted_species,estimate
Coussarea_suaveolens,-0.04443933255622204
Notopleura_macrophylla,0.004978325617923218
Palicourea_acuminata,0.01784289891728255
Psychotria_chagrensis,0.056796983170905924
Psychotria_grandis,0.12710402811440882
Psychotria_horizontalis,0.12370800014384967
Psychotria_marginata,0.14187315128475878
Psychotria_micrantha,0.04873973510369514
Psychotria_penangensis,0.05125728413367439
Rudgea_jasminoides,-0.005156611053810975
