accepted_species,estimate
t26,0.33001653829761646
t25,-0.5419344301402457
t86,-0.2663260057162399
t14,-0.35679825332563786
t8,0.685023371779423
t92,0.6615265998907945
t98,-0.040434592247786116
t64,-1.173836254380421
t33,-0.49166644146010696
t93,-0.49987259959929764
