accepted_species,0,1
t41,0.966760035509601,0.03323996449039901
t64,0.9702597103620584,0.0297402896379416
t65,0.9689689638650643,0.031031036134935755
t93,0.970732043659193,0.029267956340807064
t96,0.9697424773771829,0.030257522622817074
t99,0.9698719251430971,0.030128074856902973
t102,0.971486928918173,0.028513071081826956
t103,0.9714251941314035,0.02857480586859655
t104,0.9697562051523402,0.03024379484765977
t105,0.9697560339576565,0.03024396604234348
