accepted_species,0,1
t4,0.0,1.0
t9,0.5454545454545454,0.45454545454545453
t13,0.0,1.0
t26,0.0,1.0
t66,0.0,1.0
t84,0.5928944216093212,0.40710557839067885
t89,0.0,1.0
t134,0.5587245307316175,0.44127546926838246
t135,0.5587245307316175,0.44127546926838246
t141,0.8805754582438557,0.11942454175614425
