accepted_species,0,1
t4,0.22746748,0.7725325
t9,0.30814642,0.6918536
t13,0.21578223,0.7842178
t26,0.23453325,0.76546675
t66,0.22534215,0.77465785
t84,0.32565546,0.67434454
t89,0.21041411,0.7895859
t134,0.32900518,0.6709948
t135,0.32900518,0.6709948
t141,0.5838876,0.4161124
