accepted_species,0,1
t4,0.034570277,0.9654297
t9,0.6667175,0.3332825
t13,0.035939217,0.9640608
t26,0.029203355,0.97079664
t66,0.029203355,0.97079664
t84,0.05159855,0.94840145
t89,0.029458702,0.9705413
t134,0.6667175,0.3332825
t135,0.034570277,0.9654297
t141,0.9624247,0.03757529
