"accepted_species","0","1"
"t5",0.588860308774415,0.411139691225585
"t24",0.588866100092281,0.411133899907719
"t40",0.588751246308685,0.411248753691315
"t51",0.589234853000282,0.410765146999718
"t59",0.590139347420278,0.409860652579722
"t79",0.591092363246275,0.408907636753725
"t92",0.610000923188615,0.389999076811385
"t93",0.601958309807111,0.398041690192888
"t96",0.482012310168707,0.517987689831293
"t99",0.662241683214128,0.337758316785872
