accepted_species,0,1
t8,0.01187259,0.9881274
t55,0.05515182,0.9448482
t70,0.051410317,0.9485897
t84,0.0036229491,0.99637705
t102,0.7327002,0.26729977
t106,0.0080551505,0.99194485
t107,0.6311949,0.3688051
t128,0.14574587,0.8542541
t143,0.93768615,0.06231383
t158,0.009309411,0.9906906
