accepted_species,0,1
t5,0.5299421,0.4700579
t24,0.5854038,0.4145962
t40,0.5350264,0.46497363
t51,0.59250534,0.40749463
t59,0.6520795,0.34792048
t79,0.62423086,0.3757691
t92,0.625949,0.374051
t93,0.6247594,0.37524062
t96,0.52926147,0.47073856
t99,0.62605596,0.37394407
