accepted_species,0,1
t5,0.22523934,0.77476066
t24,0.22958583,0.7704142
t40,0.5778902,0.42210978
t51,0.32067245,0.67932755
t59,0.9273529,0.07264711
t79,0.66065896,0.33934104
t92,0.25234622,0.7476538
t93,0.9095056,0.090494365
t96,0.4762262,0.5237738
t99,0.70178735,0.29821262
