accepted_species,0
t70,
t90,-2.05729928356593
t86,0.5680347901585415
t73,
t9,
t39,
t93,0.570886007616171
t4,
t18,
t26,
