accepted_species,0
t70,0.0023942960117519026
t90,-2.05729928356593
t86,0.5680347901585415
t73,0.0023942960117519026
t9,0.0023942960117519026
t39,0.0023942960117519026
t93,0.570886007616171
t4,0.0023942960117519026
t18,0.0023942960117519026
t26,0.0023942960117519026
