"accepted_species","estimate"
"t70",0.0954855136260161
"t90",-2.07838685726228
"t86",0.52567961119918
"t73",0.501176468549359
"t9",0.585226120987498
"t39",0.503138275231692
"t93",0.574906437578087
"t4",-0.0957400906594476
"t18",-0.455299758159986
"t26",-0.945052761396337
