accepted_species,0,1
t16,0.8289269196482856,0.17107308035171442
t32,0.8206485533728622,0.1793514466271377
t43,0.9283157930702806,0.07168420692971943
t47,0.8192762428834499,0.1807237571165501
t58,0.8572756272472328,0.14272437275276711
t68,0.8215381763464027,0.1784618236535973
t72,0.8590383184361459,0.14096168156385414
t99,0.9389008812464297,0.06109911875357037
t100,0.8980777056705654,0.10192229432943453
t111,0.8665570335460541,0.13344296645394596
