"accepted_species","0","1"
"t44","0.477618247993656","0.522381752006345"
"t67","0.571172318267879","0.428827681732121"
"t73","0.680469069178579","0.319530930821421"
"t84","0.238961798379121","0.761038201620879"
"t90","0.673983733998443","0.326016266001557"
"t92","0.868948868301074","0.131051131698926"
"t109","0.770506874797042","0.229493125202958"
"t119","0.769856380693384","0.230143619306616"
"t126","0.917594551178611","0.0824054488213894"
"t136","0.990366571021834","0.00963342897816588"
