accepted_species,0,1
t44,0.5427374,0.45726258
t67,0.6222441,0.3777559
t73,0.6433933,0.35660672
t84,0.7107319,0.28926808
t90,0.6236925,0.37630752
t92,0.5450673,0.45493272
t109,0.8284408,0.1715592
t119,0.5672058,0.43279418
t126,0.85069567,0.14930432
t136,0.85069567,0.14930432
