accepted_species,0,1
Aleisanthia_rupestris,0.9007024,0.09929759
Peponidium_cystiporon,0.9007024,0.09929759
Psydrax_calcicola,0.9007024,0.09929759
Tarennoidea_axillaris,0.9007024,0.09929759
Porterandia_pauciflora,0.9007024,0.09929759
Rutidea_decorticata,0.9007024,0.09929759
Pavetta_akeassii,0.9007024,0.09929759
Pavetta_gardeniifolia,0.9007024,0.09929759
Pavetta_gorontalensis,0.9007024,0.09929759
Randia_heteromera,0.9007024,0.09929759
