accepted_species,0,1
sp69,0.96710926,0.032890715
sp78,0.96710926,0.032890715
sp106,0.96710926,0.032890715
sp120,0.96710926,0.032890715
sp150,0.96710926,0.032890715
sp151,0.96710926,0.032890715
sp178,0.96710926,0.032890715
sp179,0.96710926,0.032890715
sp188,0.96710926,0.032890715
sp189,0.96710926,0.032890715
