"accepted_species","0","1"
"sp385",0.50001010422289,0.49998989577711
"sp430",0.500033562654284,0.499966437345716
"sp431",0.503141472159371,0.496858527840629
"sp437",0.50289212925559,0.49710787074441
"sp462",0.50340655554505,0.49659344445495
"sp476",0.463383262569188,0.536616737430812
"sp503",0.752948129902211,0.247051870097789
"sp516",0.752558115463006,0.247441884536994
"sp519",0.75255811547329,0.24744188452671
"sp520",0.75255811547329,0.24744188452671
