accepted_species,estimate
Alstonia_angustiloba,0.4975937561279371
Asclepias_oenotheroides,-0.3378219910655891
Asclepias_speciosa,-0.5946671288884735
Aspidosperma_polyneuron,0.8887974094093438
Calotropis_gigantea,-0.5920083119237212
Faramea_luteovirens,0.9304751805191642
Gentiana_andrewsii,-0.2757265182421522
Palicourea_acuminata,0.3269263988968898
Palicourea_guianensis,0.7873054670001032
Randia_pterocarpa,0.9043553023164039
