accepted_species,estimate
Alstonia_angustiloba,1.503185045550458
Asclepias_oenotheroides,-0.46772771255516854
Asclepias_speciosa,-0.46772771255516943
Aspidosperma_polyneuron,1.578985087570685
Calotropis_gigantea,-0.3736419452021149
Faramea_luteovirens,0.27941516213079165
Gentiana_andrewsii,-0.46052991072672944
Palicourea_acuminata,0.5212962637774302
Palicourea_guianensis,0.5212962637774305
Randia_pterocarpa,0.991440438358237
