accepted_species,0
Alstonia_angustiloba,-0.317295100965836
Asclepias_oenotheroides,-0.3442314561434507
Asclepias_speciosa,-0.3442314561434507
Aspidosperma_polyneuron,3.705234437911295
Calotropis_gigantea,-0.3453575441041107
Faramea_luteovirens,2.843833792516909
Gentiana_andrewsii,-0.42103644285155595
Palicourea_acuminata,0.360224926017486
Palicourea_guianensis,0.360224926017486
Randia_pterocarpa,1.1742519480870133
