"","turnover.rates","eps.values","transition.rates"
"1",0.716826258925721,0.380539802601561,NA
"2",0.802782480604947,0.503254460403696,0.373325752094388
"3",0.716826258925721,0.380539802601561,0.610920176608488
"4",0.802782480604947,0.503254460403696,NA
