accepted_species,estimate
Galium_circaezans,-1.0085650829219972
Galium_eriocarpum,-0.6202836257947622
Galium_mexicanum,-0.5285065757142027
Galium_nuttallii,-0.3849833556275374
Galium_spurium,-0.4558505289103004
Galium_sterneri,-0.28181724410269887
Galium_triflorum,-0.4226424472382792
Galium_uliginosum,-0.381821427927848
Galium_verum,-0.41235903463387147
Sherardia_arvensis,-0.295531068844442
