"accepted_species","estimate"
"t63",-0.345138161354475
"t99",-0.802176319787696
"t100",-0.802176319787696
"t61",-0.649682856672094
"t62",-0.649682856672094
"t43",-0.642054732214516
"t27",-0.49235498880925
"t28",-0.346923949508864
"t29",-0.346923949508864
"t16",-0.346923949508864
