accepted_species,0,1
t99,0.6155024357319887,0.3844975642680113
t37,0.5877079947123189,0.41229200528768106
t98,0.579882251897568,0.42011774810243196
t66,0.5809934324998363,0.41900656750016374
t19,0.6918606082781273,0.3081393917218726
t62,0.594182088727004,0.4058179112729961
t58,0.6058828595487273,0.3941171404512727
t90,0.7722218756178365,0.22777812438216352
t86,0.7427050929637715,0.25729490703622854
t30,0.21694170906495858,0.7830582909350414
