accepted_species,0,1
t99,0.6948397164126777,0.3051602835873223
t37,0.6618620751108331,0.338137924889167
t98,0.6443536611006838,0.3556463388993162
t66,0.6205583935698391,0.37944160643016095
t19,0.6720229827659558,0.32797701723404415
t62,0.6083659199843192,0.3916340800156808
t58,0.6506626916055845,0.34933730839441546
t90,0.8722659696437323,0.12773403035626774
t86,0.8296655270839713,0.17033447291602868
t30,0.025811360327286037,0.974188639672714
