accepted_species,0,1
t10,0.52083296,0.47916704
t76,0.4984905,0.5015095
t6,0.4984905,0.5015095
t88,0.3518052,0.6481948
t20,0.52083296,0.47916704
t55,0.52083296,0.47916704
t26,0.30268395,0.69731605
t46,0.28327942,0.7167206
t73,0.52083296,0.47916704
t18,0.52083296,0.47916704
