accepted_species,estimate
t33,0.06623966240909446
t82,-0.003822092394473571
t73,0.2862676542898142
t9,-0.6320051496917294
t2,-0.17455855370943513
t54,0.0024984733640909737
t27,0.0581231949682302
t86,0.452868603227856
t59,0.2810685290819775
t11,0.07472928520290717
