accepted_species,0
t33,
t82,-0.101020918577369
t73,1.32056716783186
t9,
t2,
t54,
t27,
t86,1.1229322139772646
t59,
t11,
