"accepted_species","estimate"
"t33",0.0145090713256493
"t82",0.0145090713256493
"t73",0.0145090713256493
"t9",0.0145090713256493
"t2",0.0145090713256493
"t54",0.0145090713256493
"t27",0.0145090713256493
"t86",0.0145090713256493
"t59",0.0145090713256493
"t11",0.0145090713256493
