"accepted_species","estimate"
"t33",-0.0114009221672549
"t82",-0.0940537695668295
"t73",0.852288715801993
"t9",-0.48817401168731
"t2",0.0960689607310116
"t54",0.591986667769757
"t27",0.495669221527606
"t86",1.02774491152648
"t59",0.512292266283819
"t11",0.197514315605224
