accepted_species,estimate
t33,-0.061844356
t82,-0.22037579
t73,-0.17184068
t9,-0.3985151
t2,-0.11599746
t54,0.20079999
t27,0.13154544
t86,0.29884085
t59,0.29877308
t11,0.10425131
