accepted_species,0,1
t41,0.5222222222222221,0.4777777777777778
t90,0.5222222222222221,0.4777777777777778
t97,0.5222222222222221,0.4777777777777778
t117,0.5222222222222221,0.4777777777777778
t127,0.5222222222222221,0.4777777777777778
t132,0.5222222222222221,0.4777777777777778
t135,0.5222222222222221,0.4777777777777778
t148,0.5222222222222221,0.4777777777777778
t149,1.0,0.0
t156,1.0,0.0
