"accepted_species","0","1"
"t34","0.501377939819889","0.498622060180111"
"t47","0.497492466913783","0.502507533086217"
"t66","0.497824115406949","0.502175884593051"
"t86","0.407404082170391","0.592595917829609"
"t108","0.479176959319862","0.520823040680138"
"t122","0.744635632825125","0.255364367174875"
"t124","0.290909188917","0.709090811083"
"t142","0.800218851909984","0.199781148090016"
"t144","0.953135270364853","0.0468647296351472"
"t152","0.0718634014698024","0.928136598530198"
