accepted_species,0,1
t41,0.6083931,0.39160696
t90,0.53652316,0.46347684
t97,0.53270876,0.4672912
t117,0.6404555,0.35954452
t127,0.52182806,0.4781719
t132,0.5435995,0.45640048
t135,0.58851945,0.41148052
t148,0.42857176,0.57142824
t149,0.5946944,0.40530562
t156,0.5122561,0.4877439
