accepted_species,0,1
t34,0.53993,0.46006998
t47,0.47966087,0.52033913
t66,0.28167266,0.71832734
t86,0.28167266,0.71832734
t108,0.28167266,0.71832734
t122,0.53993,0.46006998
t124,0.332911,0.667089
t142,0.28167266,0.71832734
t144,0.28167266,0.71832734
t152,0.28167266,0.71832734
