accepted_species,0,1
t34,0.58990884,0.4100912
t47,0.31102753,0.6889725
t66,0.31296384,0.68703616
t86,0.28568566,0.71431434
t108,0.2703942,0.7296058
t122,0.5994195,0.4005805
t124,0.28840238,0.7115976
t142,0.35262644,0.64737356
t144,0.30334914,0.69665086
t152,0.2884693,0.7115307
