accepted_species,0,1
t34,0.672837,0.327163
t47,0.19928509,0.8007149
t66,0.1671673,0.8328327
t86,0.12853706,0.87146294
t108,0.19945979,0.8005402
t122,0.6687115,0.33128852
t124,0.15113264,0.84886736
t142,0.31436294,0.68563706
t144,0.393408,0.606592
t152,0.12853706,0.87146294
