accepted_species,estimate
t95,-0.5094197612479181
t90,-0.3704084532332834
t85,-0.1256675191778378
t39,0.38273815161067515
t59,-0.575704789030177
t91,-0.48598434029587856
t29,0.3611587100285891
t79,0.08785998987960197
t1,2.0385185100508743
t74,0.30580493766958494
