accepted_species,estimate
t22,-0.8169541760239087
t9,-0.50426661729609
t97,0.5188984502514696
t72,0.5155436568930153
t75,0.5065215856491082
t34,0.32215495221109264
t76,0.5077411217002339
t77,0.5077411217002337
t88,-0.3527885741835866
t92,-0.3353465958019303
