accepted_species,0,1
t29,0.87284935,0.12715065
t30,0.87284935,0.12715065
t55,0.87284935,0.12715065
t62,0.08606076,0.91393924
t63,0.08606076,0.91393924
t80,0.31119418,0.6888058
t84,0.31119418,0.6888058
t49,0.047128737,0.95287126
t44,0.07889503,0.92110497
t46,0.08155352,0.9184465
