"accepted_species","0","1"
"sp115",0.72821560641135,0.27178439358865
"sp161",0.760853382763876,0.239146617236124
"sp163",0.760056008591984,0.239943991408016
"sp172",0.513700478840943,0.486299521159056
"sp201",0.916900953047199,0.0830990469528008
"sp202",0.893672438334806,0.106327561665194
"sp204",0.913096478917515,0.0869035210824852
"sp210",0.900653277701633,0.0993467222983676
"sp215",0.960775065307805,0.0392249346921949
"sp233",0.977743915188981,0.022256084811019
