accepted_species,0,1
sp21,0.05571661851420129,0.9442833814857987
sp22,0.05563229364498112,0.9443677063550189
sp35,0.05556231086640462,0.9444376891335954
sp40,0.05547558400280195,0.944524415997198
sp87,0.05553781411642167,0.9444621858835783
sp91,0.055585581747645496,0.9444144182523545
sp107,0.05519710704809644,0.9448028929519036
sp110,0.05554896322293568,0.9444510367770643
sp115,0.05519356404766396,0.944806435952336
sp116,0.05515930859988272,0.9448406914001173
