accepted_species,0,1
sp21,0.05555555555555558,0.9444444444444444
sp22,0.05555555555555558,0.9444444444444444
sp35,0.05555555555555558,0.9444444444444444
sp40,0.05555555555555558,0.9444444444444444
sp87,0.0,1.0
sp91,0.0,1.0
sp107,0.0,1.0
sp110,0.0,1.0
sp115,0.0,1.0
sp116,0.0,1.0
