accepted_species,estimate
t85,1.545200361143524
t18,1.5965140523180128
t17,1.5555074538845313
t30,1.583482269286438
t86,0.6702174304299052
t23,0.6940835089146705
t99,0.6895200139663697
t100,0.6784865503798346
t80,1.0707870074992374
t3,-0.18498160629708438
