"accepted_species","estimate"
"t85",1.84710082150139
"t18",1.65290616351615
"t17",1.63336586642001
"t30",1.00798423342503
"t86",0.730034322700971
"t23",0.940865513752696
"t99",0.73372970363598
"t100",0.73372970363598
"t80",1.37377072803956
"t3",0.0249175292172851
