accepted_species,estimate
t20,-0.77059468921772
t48,-0.20113756064733335
t78,0.2244350520266296
t72,0.03288212137320135
t29,0.6904310051111973
t3,-0.435176140271629
t4,-0.5473353708989397
t44,-0.5818054842872906
t67,-0.49094843729384396
t68,-0.4025416341988002
