accepted_species,estimate
t20,-0.36509982
t48,-0.36509982
t78,0.23460057
t72,-0.24057434
t29,0.20752051
t3,-0.8228342
t4,-0.8228342
t44,-0.82325554
t67,-0.82325554
t68,-0.82325554
