"accepted_species","0","1"
"t32","0.506758505368765","0.493241494631235"
"t56","0.502499024857131","0.497500975142868"
"t85","0.667123989168347","0.332876010831653"
"t89","0.333994612318835","0.666005387681165"
"t116","0.849497841554313","0.150502158445687"
"t124","0.894477450177249","0.105522549822751"
"t136","0.819646079513557","0.180353920486443"
"t141","0.590901590293675","0.409098409706325"
"t151","0.746272146225828","0.253727853774172"
"t152","0.746272146225828","0.253727853774172"
