accepted_species,0,1
t32,0.54347813,0.4565219
t56,0.54347813,0.4565219
t85,0.54347813,0.4565219
t89,0.52423114,0.47576886
t116,0.57439196,0.425608
t124,0.5536399,0.4463601
t136,0.5400438,0.45995623
t141,0.5378872,0.46211275
t151,0.5083623,0.49163774
t152,0.5083623,0.49163774
