accepted_species,0,1
t54,0.96002275,0.039977234
t98,0.26329756,0.73670244
t105,0.78846467,0.21153532
t112,0.24106699,0.758933
t123,0.43652534,0.56347466
t125,0.78846467,0.21153532
t140,0.36979073,0.63020927
t155,0.89946234,0.10053763
t163,0.8776088,0.12239122
t164,0.43652534,0.56347466
