accepted_species,0,1
t41,0.5161290322580645,0.4838709677419355
t70,1.0,0.0
t58,0.5161290322580645,0.4838709677419355
t119,1.0,0.0
t89,0.0,1.0
t90,0.0,1.0
t82,0.0,1.0
t23,0.5161290322580645,0.4838709677419355
t130,0.0,1.0
t73,0.0,1.0
t95,0.0,1.0
t81,0.0,1.0
t127,0.0,1.0
