accepted_species,0,1
t41,0.94981337,0.05018661
t70,0.8302511,0.16974887
t58,0.98808384,0.011916134
t119,0.98808384,0.011916134
t89,0.0042565465,0.99574345
t90,0.0042565465,0.99574345
t82,0.0042565465,0.99574345
t23,0.0037038922,0.9962961
t130,0.0041048527,0.99589515
t73,0.009206474,0.9907935
t95,0.009206474,0.9907935
t81,0.007607579,0.9923924
t127,0.008540273,0.9914597
