accepted_species,0,1
sp160,0.25330768871377773,0.7466923112862223
sp185,0.2529887110865867,0.7470112889134133
sp216,0.26077918921662047,0.7392208107833795
sp217,0.2607316074715347,0.7392683925284653
sp223,0.260907066552459,0.739092933447541
sp224,0.26084088396979643,0.7391591160302036
sp235,0.2530042605169729,0.7469957394830271
sp244,0.2605282721826532,0.7394717278173468
sp256,0.2532582109604342,0.7467417890395658
sp272,0.25324962027756825,0.7467503797224317
