accepted_species,0,1
sp160,0.054381967,0.94561803
sp185,0.22504592,0.7749541
sp216,0.8901599,0.10984009
sp217,0.49607772,0.5039223
sp223,0.09742528,0.9025747
sp224,0.9556462,0.044353776
sp235,0.58429134,0.41570863
sp244,0.919795,0.08020504
sp256,0.0463385,0.9536615
sp272,0.1290434,0.8709566
