accepted_species,estimate
t120,1.3119979
t83,1.6506863
t13,-0.08269756
t51,-0.42091238
t91,-0.013209185
t40,-0.78310865
t41,-0.36545298
t138,-0.04534962
t38,-0.4405262
t102,-0.22806236
t116,-1.4101669
t86,-1.770397
t54,-1.5163852
t2,2.3608701
