accepted_species,estimate
Gardenia_jasminoides,0.9161361258083504
Gardenia_ternifolia,0.9394254262353964
Pavetta_australiensis,0.9548062899425532
Randia_armata,1.2642415464688945
Randia_hebecarpa,1.279792285463268
Randia_pterocarpa,1.28618944420428
Randia_thurberi,1.277216224119415
Rosenbergiodendron_formosum,1.276688850807416
Tarenna_mollissima,0.8619872318616234
Tocoyena_pittieri,1.2805099328195502
