"accepted_species","0","1"
"t15",0.375497220101863,0.624502779898137
"t22",0.375497220101863,0.624502779898137
"t90",0.375497220101863,0.624502779898137
"t91",0.375497220101863,0.624502779898137
"t100",0.375497138085569,0.624502861914431
"t113",0.292190577129753,0.707809422870247
"t119",0.375497220101863,0.624502779898137
"t120",0.375497220101863,0.624502779898137
"t121",0.375497138085569,0.624502861914431
"t122",0.375497138085569,0.624502861914431
