accepted_species,0,1
t15,0.29048317629107445,0.7095168237089255
t22,0.24351499835367085,0.7564850016463291
t90,0.23058006806835407,0.7694199319316459
t91,0.22875761942418127,0.7712423805758187
t100,0.259086038462775,0.740913961537225
t113,0.26533617193496195,0.734663828065038
t119,0.26325355118067895,0.736746448819321
t120,0.2637198813380307,0.7362801186619693
t121,0.2586944613104656,0.7413055386895344
t122,0.2585648478793323,0.7414351521206677
