accepted_species,0,1
t74,0.20711202488207703,0.792887975117923
t111,0.244072473939417,0.755927526060583
t131,0.19891204748449876,0.8010879525155012
t161,0.19979067326478073,0.8002093267352193
t165,0.19779874696194022,0.8022012530380598
t170,0.19776437761289745,0.8022356223871026
t175,0.24801309177840258,0.7519869082215974
t181,0.2513990611078507,0.7486009388921493
t190,0.1975001076820363,0.8024998923179637
t193,0.19748111307631644,0.8025188869236836
