accepted_species,0,1
t15,0.30002504028992205,0.699974959710078
t22,0.2707865108309805,0.7292134891690195
t90,0.2898280955065987,0.7101719044934013
t91,0.28257675238965096,0.717423247610349
t100,0.25239517767092134,0.7476048223290787
t113,0.2570088926056222,0.7429911073943778
t119,0.2953698010486736,0.7046301989513264
t120,0.29530878198516175,0.7046912180148382
t121,0.2512377641243877,0.7487622358756123
t122,0.25118588456271684,0.7488141154372832
