accepted_species,0,1
t15,0.3025092,0.6974908
t22,0.50931585,0.49068412
t90,0.32987243,0.6701276
t91,0.32987243,0.6701276
t100,0.36021537,0.63978463
t113,0.36847502,0.631525
t119,0.32400477,0.67599523
t120,0.32400477,0.67599523
t121,0.3152786,0.6847214
t122,0.3152786,0.6847214
