accepted_species,0,1
t15,0.35327828,0.6467217
t22,0.40288407,0.59711593
t90,0.35327828,0.6467217
t91,0.35327828,0.6467217
t100,0.23217148,0.7678285
t113,0.23217148,0.7678285
t119,0.21752071,0.7824793
t120,0.21752071,0.7824793
t121,0.23217148,0.7678285
t122,0.23217148,0.7678285
