accepted_species,0,1
Ditassa_colellae,0.9886385,0.011361495
Matelea_lhotzkyana,0.9886385,0.011361495
Asclepias_melantha,0.9886385,0.011361495
Cynanchum_erythranthum,0.9886385,0.011361495
Ceropegia_digitiformis,0.9886385,0.011361495
Hoya_chiekoae,0.9886385,0.011361495
Hoya_clemensiorum,0.9886385,0.011361495
Hoya_capotoanensis,0.9886385,0.011361495
Hoya_hernaezii,0.9886385,0.011361495
Hoya_corollimarginata,0.9886385,0.011361495
