accepted_species,0,1
sp74,0.6038012577494207,0.3961987422505792
sp84,0.6088804194950396,0.39111958050496043
sp85,0.5830965945662272,0.41690340543377286
sp108,0.5876155307262125,0.4123844692737874
sp114,0.578083872862376,0.42191612713762405
sp115,0.5772965870291722,0.42270341297082775
sp117,0.5560254846714863,0.4439745153285137
sp130,0.5816162250740591,0.41838377492594087
sp131,0.5822420356361497,0.41775796436385026
sp133,0.6113250505144434,0.38867494948555664
