accepted_species,0,1
sp74,0.5111111111111111,0.4888888888888889
sp84,0.0,1.0
sp85,0.5111111111111111,0.4888888888888889
sp108,1.0,0.0
sp114,1.0,0.0
sp115,1.0,0.0
sp117,0.5111111111111111,0.4888888888888889
sp130,0.5111111111111111,0.4888888888888889
sp131,0.5111111111111111,0.4888888888888889
sp133,0.0,1.0
