accepted_species,0,1
sp74,0.30146742,0.6985326
sp84,0.30146742,0.6985326
sp85,0.6817601,0.3182399
sp108,0.6817601,0.3182399
sp114,0.6817601,0.3182399
sp115,0.6817601,0.3182399
sp117,0.42557234,0.57442766
sp130,0.6817601,0.3182399
sp131,0.6817601,0.3182399
sp133,0.30146742,0.6985326
