accepted_species,0,1
t20,0.6821808132085793,0.31781918679142074
t51,0.5591382528796762,0.4408617471203237
t84,0.2563344681507903,0.7436655318492097
t44,0.3074233353690311,0.6925766646309689
t45,0.27228735637332824,0.7277126436266718
t82,0.47669458583245383,0.5233054141675462
t77,0.23820510164629172,0.7617948983537083
t65,0.1288575964221309,0.8711424035778691
t61,0.45985662937566607,0.5401433706243339
t28,0.9385321019511284,0.06146789804887167
