accepted_species,0,1
t20,0.67671204,0.323288
t51,0.3340686,0.6659314
t84,0.3207878,0.6792122
t44,0.29660714,0.70339286
t45,0.29660714,0.70339286
t82,0.5514893,0.4485107
t77,0.17230171,0.8276983
t65,0.25800282,0.7419972
t61,0.38748056,0.61251944
t28,0.67671204,0.323288
