accepted_species,0,1
t20,0.6609405,0.33905947
t51,0.23758584,0.76241416
t84,0.29971963,0.70028037
t44,0.40092403,0.599076
t45,0.40936887,0.5906311
t82,0.44402665,0.55597335
t77,0.22974771,0.7702523
t65,0.32085615,0.67914385
t61,0.6609405,0.33905947
t28,0.6609405,0.33905947
