"accepted_species","0","1"
"t79",0.87658957904478,0.12341042095522
"t15",0.874366036567334,0.125633963432666
"t47",0.874366036567334,0.125633963432666
"t48",0.874366036567334,0.125633963432666
"t53",0.874365589303875,0.125634410696125
"t4",0.874366036567334,0.125633963432666
"t69",0.874370141362316,0.125629858637684
"t71",0.874337098239132,0.125662901760868
"t43",0.874366036620885,0.125633963379115
"t17",0.874366036567334,0.125633963432666
