accepted_species,0,1
t79,0.877661457642821,0.12233854235717896
t15,0.8774811597564044,0.12251884024359556
t47,0.8779266542773814,0.12207334572261858
t48,0.8779430346847932,0.12205696531520684
t53,0.8779155549449914,0.1220844450550086
t4,0.8778885142838984,0.12211148571610167
t69,0.8779528554031735,0.12204714459682658
t71,0.8781957484884814,0.12180425151151866
t43,0.8782298015264774,0.12177019847352256
t17,0.8785465439797044,0.12145345602029559
