accepted_species,0,1
t79,1.0,0.0
t15,1.0,0.0
t47,1.0,0.0
t48,1.0,0.0
t53,0.8485216277030778,0.15147837229692218
t4,0.8714562163174406,0.1285437836825594
t69,0.8857589967926034,0.1142410032073966
t71,0.9104222745428558,0.08957772545714421
t43,0.9275525010960411,0.07244749890395881
t17,0.7485065690440664,0.25149343095593363
