accepted_species,estimate
t23,-0.6384279382163225
t41,-0.771192700220622
t17,-0.77937260673284
t98,-0.05497981107206758
t47,-0.5799091997343575
t71,1.1151261431709338
t18,1.0272994108980267
t46,0.9595672814978302
t85,1.5343094712530312
t60,0.8978612519805597
