accepted_species,0
t23,-0.04032200261626568
t41,-0.04032200261626568
t17,-0.04032200261626568
t98,-0.43869578381740293
t47,-0.04032200261626568
t71,1.06367365308535
t18,-0.04032200261626568
t46,-0.04032200261626568
t85,1.5317474783739804
t60,-0.04032200261626568
