accepted_species,estimate
t23,-0.5657099
t41,-0.20652902
t17,-0.3354186
t98,-0.3736817
t47,-1.0455716
t71,1.0942837
t18,1.1333214
t46,1.0757025
t85,1.1978691
t60,1.3494312
