accepted_species,0,1
t124,0.98838377,0.011616224
t79,0.98838377,0.011616224
t107,0.98838377,0.011616224
t36,0.98838377,0.011616224
t1,0.98838377,0.011616224
t13,0.98838377,0.011616224
t88,0.98838377,0.011616224
t73,0.98838377,0.011616224
t29,0.98838377,0.011616224
t92,0.9768169,0.023183092
t152,0.96661854,0.033381447
t90,0.8594843,0.14051566
t51,0.927457,0.072543055
t129,0.88576037,0.114239655
t5,0.8677275,0.13227248
t75,0.40001863,0.59998137
