accepted_species,0,1
t124,0.9060862,0.093913764
t79,0.9060862,0.093913764
t107,0.9060862,0.093913764
t36,0.9060862,0.093913764
t1,0.9060862,0.093913764
t13,0.9060862,0.093913764
t88,0.9060862,0.093913764
t73,0.9060862,0.093913764
t29,0.9060862,0.093913764
t92,0.9060862,0.093913764
t152,0.9060862,0.093913764
t90,0.9047921,0.09520791
t51,0.61533463,0.38466534
t129,0.656635,0.343365
t5,0.7094754,0.2905246
t75,0.61533463,0.38466534
