accepted_species,0,1
t124,0.9943459,0.0056540854
t79,0.9943459,0.0056540854
t107,0.9976722,0.0023278068
t36,0.9976722,0.0023278068
t1,0.99038297,0.00961702
t13,0.99038297,0.00961702
t88,0.99038297,0.00961702
t73,0.99038297,0.00961702
t29,0.9887408,0.011259192
t92,0.9797097,0.0202903
t152,0.94964063,0.05035935
t90,0.997358,0.0026419645
t51,0.5261298,0.47387022
t129,0.9834141,0.016585888
t5,0.990508,0.009491979
t75,0.014289439,0.98571056
