accepted_species,0,1
sp18,0.8559621841662245,0.14403781583377553
sp28,0.8559618412839084,0.1440381587160916
sp52,0.8559658379022959,0.1440341620977042
sp53,0.8560098646539015,0.14399013534609847
sp54,0.8560070791010633,0.14399292089893664
sp74,0.8559627545325124,0.1440372454674876
sp97,0.8560192505567155,0.1439807494432846
sp98,0.8559718977570583,0.14402810224294169
sp99,0.8559749281868329,0.14402507181316715
sp109,0.8560225862947215,0.14397741370527853
