accepted_species,0,1
sp18,0.972847578721257,0.027152421278743004
sp28,0.9721632386772568,0.027836761322743105
sp52,0.974905847390832,0.02509415260916806
sp53,0.9833261180035403,0.016673881996459743
sp54,0.9751612722968961,0.024838727703103934
sp74,0.9650800173897693,0.03491998261023066
sp97,0.978239678572267,0.021760321427733015
sp98,0.9570527498091153,0.04294725019088475
sp99,0.9638855590867862,0.03611444091321385
sp109,0.9816823096010013,0.018317690398998613
