accepted_species,0,1
sp18,0.8725773430264847,0.1274226569735153
sp28,0.8750333718907829,0.1249666281092171
sp52,0.8750333718907829,0.1249666281092171
sp53,0.8852390858841324,0.11476091411586764
sp54,0.8852390858841324,0.11476091411586764
sp74,0.8750333718907829,0.1249666281092171
sp97,0.9804796608792556,0.01952033912074435
sp98,0.8750333718907829,0.1249666281092171
sp99,0.8750333718907829,0.1249666281092171
sp109,0.9961996775390147,0.0038003224609852396
