accepted_species,0,1
sp18,0.9826856,0.017314352
sp28,0.99626166,0.003738351
sp52,0.99626166,0.003738351
sp53,0.99483335,0.0051666256
sp54,0.97619444,0.023805542
sp74,0.9826856,0.017314352
sp97,0.95963645,0.04036358
sp98,0.9826856,0.017314352
sp99,0.9826856,0.017314352
sp109,0.95963645,0.04036358
