accepted_species,0,1
sp18,0.9969843,0.003015712
sp28,0.9969843,0.003015712
sp52,0.9936929,0.0063071195
sp53,0.9928573,0.007142752
sp54,0.9922126,0.0077874265
sp74,0.99441355,0.0055864565
sp97,0.99441355,0.0055864565
sp98,0.99441355,0.0055864565
sp99,0.99441355,0.0055864565
sp109,0.99441355,0.0055864565
