accepted_species,0,1
t9,0.1419998677573866,0.8580001322426134
t37,0.11272768633369723,0.8872723136663028
t83,0.06495973999499272,0.9350402600050073
t80,0.06362346423344689,0.9363765357665531
t77,0.06418430510190165,0.9358156948980983
t61,0.052794470586715825,0.9472055294132842
t49,0.057614404419913834,0.9423855955800862
t94,0.05594125770938363,0.9440587422906164
t99,0.05575545516057334,0.9442445448394267
t100,0.05556805129703912,0.9444319487029609
