accepted_species,estimate
t98,0.3490398956559626
t71,0.38560813242689335
t89,0.3822065140575215
t90,0.3822065140575217
t95,0.33411072592769764
t37,0.38749114788271144
t59,0.3924915121204668
t60,0.3924915121204669
t40,0.3886575436113232
t58,0.363592770070107
