accepted_species,0
t98,-0.705968864578233
t71,0.02285523489168053
t89,0.02285523489168053
t90,0.02285523489168053
t95,-0.831394021474186
t37,0.02285523489168053
t59,0.02285523489168053
t60,0.02285523489168053
t40,0.02285523489168053
t58,0.02285523489168053
