accepted_species,0
t98,-0.705968864578233
t71,
t89,
t90,
t95,-0.831394021474186
t37,
t59,
t60,
t40,
t58,
