"accepted_species","estimate"
"t98",-0.689646446838735
"t71",1.02816580445237
"t89",0.715431794925091
"t90",0.715431794925091
"t95",-0.805349903931533
"t37",-0.0331130563391542
"t59",-0.00806561690421895
"t60",-0.00806561690421895
"t40",-0.0284911668465261
"t58",-0.416044946804805
