accepted_species,estimate
t98,0.8820119
t71,0.9852795
t89,0.615527
t90,0.5435167
t95,0.36825055
t37,-0.28767306
t59,-0.18505679
t60,-0.18505679
t40,-0.18505679
t58,-0.20716722
