accepted_species,estimate
Coffea_canephora,1.0834809752733028
Galium_bolanderi,-0.2257341709572699
Galium_eriocarpum,-0.3025505479547085
Galium_mexicanum,-0.26797786467120155
Gardenia_ternifolia,0.5972399734328259
Gentianella_amarella,-1.0800196449583597
Ixora_pendula,0.6069690620667093
Psychotria_horizontalis,-0.14296358781703866
Psychotria_suterella,-0.6135222917820925
Richardia_stellaris,-0.3439738373273623
