accepted_species,0
t30,
t88,-0.7242422033996976
t55,
t2,
t24,
t11,
t28,
t89,-3.28344666933072
t82,0.023311349873291518
t75,1.4165921815690499
