accepted_species,estimate
t62,-0.7319654847456257
t14,-0.5690762966493138
t33,-0.7264112548011795
t39,-0.6254983810045746
t91,-0.37766147869557076
t42,0.204197803375595
t40,0.3684874178658023
t79,0.4423602230041276
t8,0.39534106956067594
t100,-0.5123199249611546
