"accepted_species","estimate"
"t62",-1.61989505863206
"t14",-0.683648203400212
"t33",-0.573045917265335
"t39",-0.991524117328037
"t91",-1.41111494388003
"t42",0.181295965855876
"t40",0.221204341459964
"t79",1.40972969807652
"t8",0.711096545628914
"t100",-0.859614233631119
