"accepted_species","estimate"
"Galium_aparine",-0.398718934640266
"Galium_bifolium",-0.389682513266807
"Galium_bolanderi",-0.413973233265582
"Galium_labradoricum",-0.38744894896386
"Galium_mexicanum",-0.413823655751932
"Galium_palustre",-0.389682513266807
"Galium_saxatile",-0.403202259607664
"Galium_sterneri",-0.38744894896386
"Galium_sylvaticum",-0.410608096575826
"Rubia_tinctorum",-0.366947239757892
