accepted_species,0,1
t57,0.9085804193671116,0.09141958063288837
t25,0.8743473557108143,0.12565264428918568
t85,0.8217117083044513,0.17828829169554875
t97,0.6628655650690125,0.33713443493098755
t95,0.8188093905175179,0.1811906094824821
t55,0.7296903007569759,0.270309699243024
t56,0.7115736327462263,0.28842636725377363
t38,0.8439019544456067,0.1560980455543933
t67,0.8073608368277301,0.19263916317226992
t11,0.7838529901009178,0.21614700989908217
