accepted_species,0,1
t57,0.8606293918450845,0.13937060815491556
t25,0.9012238026944385,0.0987761973055615
t85,0.924476449292969,0.07552355070703097
t97,0.668644066544596,0.33135593345540404
t95,0.8321084975325682,0.16789150246743176
t55,0.8776003392118955,0.12239966078810449
t56,0.833802560535498,0.166197439464502
t38,0.6815552037982335,0.3184447962017664
t67,0.7981975549749514,0.20180244502504863
t11,0.8053118414118234,0.1946881585881765
