"accepted_species","0","1"
"t57","0.999927370705333","7.26292946674014e-05"
"t25","0.980842248682412","0.0191577513175885"
"t85","0.0282401302246607","0.971759869775339"
"t97","0.998428215109952","0.00157178489004754"
"t95","0.017729315287147","0.982270684712853"
"t55","0.983829717226264","0.0161702827737357"
"t56","0.983829717226264","0.0161702827737357"
"t38","0.0360350968800323","0.963964903119968"
"t67","0.999195531924667","0.000804468075332719"
"t11","0.23116639838245","0.76883360161755"
