accepted_species,0,1
t57,0.9197518,0.08024819
t25,0.86522007,0.13477992
t85,0.86522007,0.13477992
t97,0.85585237,0.14414765
t95,0.85585237,0.14414765
t55,0.88869184,0.11130815
t56,0.88869184,0.11130815
t38,0.51735365,0.48264635
t67,0.86914724,0.13085274
t11,0.6836456,0.31635442
