accepted_species,estimate
t70,0.26011292682928006
t58,0.2641510119138975
t46,-0.30723170497164326
t98,0.478998668105543
t31,1.1339739387935266
t83,-1.7698987711980887
t84,-1.76989877119809
t22,-0.5297593044699276
t81,-0.511747581593813
t45,-0.8329629981835821
