accepted_species,0
t24,-0.07531676592751267
t36,-0.07531676592751267
t79,-0.07531676592751267
t95,-0.07531676592751267
t129,-0.07531676592751267
t100,-0.07531676592751267
t123,-0.07531676592751267
t124,-0.07531676592751267
t96,-0.07531676592751267
t60,-0.07531676592751267
t76,-0.07531676592751267
t77,-0.07531676592751267
t75,-0.07531676592751267
t30,-0.07531676592751267
