accepted_species,0
Blackstonia_perfoliata,-0.022698403826657807
Galium_porrigens,-0.4037978035826024
Gentiana_sceptrum,-0.022698403826657807
Gentiana_triflora,-0.022698403826657807
Ixora_javanica,-0.022698403826657807
Nerium_oleander,-0.022698403826657807
Strophanthus_kombe,-0.022698403826657807
Tabernaemontana_arborea,-0.022698403826657807
Vinca_major,-0.364317886347613
Vincetoxicum_hirundinaria,-0.022698403826657807
