accepted_species,estimate
t41,-0.48935685350810365
t68,0.0700167568895124
t50,-0.4360593711631646
t32,-0.6222196007190945
t15,1.0403656356156843
t72,1.9262358175958478
t31,1.8504272633601964
t23,0.9234648537542263
t36,0.9695077939485108
t45,0.2018250951884011
