accepted_species,estimate
t41,-0.2470602618912807
t68,-0.49785340382462273
t50,-0.6543788092640086
t32,-0.5707670665138238
t15,0.8403004821684817
t72,1.4572633177255778
t31,1.482990223908663
t23,0.7433172134812736
t36,1.3202474848256627
t45,0.1621736191422787
