accepted_species,estimate
t41,-0.328546573741535
t68,-0.20480396186205468
t50,-0.40859109964458556
t32,0.35389699908107103
t15,1.2952698763596435
t72,2.1179029991021956
t31,2.021629144317736
t23,0.6999675889605423
t36,0.6919323854355423
t45,0.13389170528985433
