"accepted_species","estimate"
"t41",-0.69599502155068
"t68",-0.528005678086071
"t50",0.276098880475429
"t32",0.268851678897999
"t15",1.18168209498014
"t72",2.02992802007057
"t31",1.89161967448674
"t23",0.598886282991763
"t36",0.700925270515437
"t45",0.266529630965109
