accepted_species,estimate
t41,-0.8651982
t68,-0.5582511
t50,0.58864397
t32,0.49354798
t15,1.0567893
t72,2.0971677
t31,2.1283188
t23,0.4276014
t36,0.8879838
t45,0.0056081424
