accepted_species,0,1
t48,0.2460604071708684,0.7539395928291316
t52,0.06823595619823442,0.9317640438017656
t88,0.5144708326762207,0.48552916732377926
t152,0.13231497771100087,0.8676850222889991
t174,0.1407306900967341,0.8592693099032659
t175,0.09250354282678963,0.9074964571732104
t182,0.051628841971754325,0.9483711580282457
t190,0.5332315866867969,0.4667684133132031
t199,0.3631604546033339,0.6368395453966661
t206,0.2659950262541936,0.7340049737458064
