accepted_species,0,1
t48,0.4564494,0.5435506
t52,0.2425468,0.7574532
t88,0.7183553,0.28164467
t152,0.13589746,0.86410254
t174,0.23974282,0.7602572
t175,0.23974282,0.7602572
t182,0.24181414,0.75818586
t190,0.6241058,0.3758942
t199,0.4116693,0.5883307
t206,0.13091767,0.86908233
