accepted_species,0,1
t48,0.03926289,0.9607371
t52,0.0070855618,0.99291444
t88,0.38271064,0.61728936
t152,0.7635243,0.23647569
t174,0.14753854,0.85246146
t175,0.5117601,0.4882399
t182,0.8584737,0.14152628
t190,0.9809219,0.019078093
t199,0.5056529,0.49434707
t206,0.019744277,0.9802557
