accepted_species,0,1
t47,0.4122517523892607,0.5877482476107393
t55,0.4951964980574164,0.5048035019425836
t73,0.3263660117036413,0.6736339882963587
t79,0.49356253961646546,0.5064374603835345
t90,0.3238996584744359,0.6761003415255641
t96,0.41408599277673774,0.5859140072232623
t102,0.25025020441054113,0.7497497955894589
t140,0.49434468995299696,0.505655310047003
t146,0.8627584874928766,0.13724151250712335
t149,0.35249323790087617,0.6475067620991238
