accepted_species,0,1
t47,0.3696982004146758,0.6303017995853242
t55,0.6050280125955048,0.3949719874044953
t73,0.300433830227009,0.699566169772991
t79,0.520463602247916,0.479536397752084
t90,0.23874643607796597,0.761253563922034
t96,0.4809336300989684,0.5190663699010316
t102,0.038296672406490706,0.9617033275935093
t140,0.5240736991707833,0.4759263008292168
t146,0.7388012969544362,0.26119870304556386
t149,0.2646829435476753,0.7353170564523247
