accepted_species,0,1
t47,0.2928018653137072,0.7071981346862928
t55,0.4972318699078254,0.5027681300921746
t73,0.21649525582659734,0.7835047441734027
t79,0.37199488698671546,0.6280051130132845
t90,0.1984049942056194,0.8015950057943806
t96,0.2834399681323011,0.7165600318676989
t102,0.2108531547226532,0.7891468452773468
t140,0.38924139906881206,0.610758600931188
t146,0.9049851778990131,0.0950148221009869
t149,0.33073110882204704,0.669268891177953
