accepted_species,0,1
t47,0.39988494,0.60011506
t55,0.52234674,0.47765324
t73,0.29052782,0.7094722
t79,0.42566794,0.57433206
t90,0.24600893,0.75399107
t96,0.39988494,0.60011506
t102,0.2777694,0.7222306
t140,0.5541527,0.4458473
t146,0.6962766,0.3037234
t149,0.35153824,0.64846176
