accepted_species,0,1
t31,0.784799,0.21520099
t34,0.4141019,0.5858981
t50,0.7942013,0.20579869
t64,0.31818032,0.6818197
t71,0.4141019,0.5858981
t79,0.6089692,0.39103076
t86,0.8078946,0.19210543
t107,0.80353296,0.19646701
t110,0.31818032,0.6818197
t120,0.31818032,0.6818197
