accepted_species,0,1
t47,0.20873052,0.7912695
t55,0.886681,0.11331896
t73,0.21714592,0.7828541
t79,0.56462914,0.43537086
t90,0.09170514,0.90829486
t96,0.20873052,0.7912695
t102,0.038229764,0.96177024
t140,0.46128047,0.53871953
t146,0.97667015,0.02332983
t149,0.7264484,0.27355158
