"accepted_species","0","1"
"t45",0.665088408946931,0.334911591053069
"t55",0.654665810052643,0.345334189947357
"t65",0.386528404182705,0.613471595817295
"t79",0.752951697338972,0.247048302661028
"t86",0.654665810052643,0.345334189947357
"t115",0.895289257951981,0.104710742048019
"t121",0.0668980953412947,0.933101904658705
"t140",0.973727423221417,0.0262725767785834
"t144",0.0225669836083576,0.977433016391642
"t151",0.0136848230579762,0.986315176942024
