accepted_species,0,1
t45,0.43703811375521506,0.5629618862447849
t55,0.49109611125999664,0.5089038887400034
t65,0.5659604295127582,0.43403957048724184
t79,0.39321025841419543,0.6067897415858046
t86,0.4511747670083067,0.5488252329916933
t115,0.48478353365158156,0.5152164663484184
t121,0.3267293984851921,0.6732706015148079
t140,0.41202829292051857,0.5879717070794814
t144,0.43042945333452154,0.5695705466654785
t151,0.5142310080163184,0.4857689919836817
