"accepted_species","0","1"
"t63","0.397584646605684","0.602415353394316"
"t64","0.287759479765949","0.712240520234051"
"t65","0.287759479765949","0.712240520234051"
"t94","0.373686375527188","0.626313624472812"
"t95","0.373686375527188","0.626313624472812"
"t109","0.397584646605684","0.602415353394316"
"t110","0.397584646605684","0.602415353394316"
"t120","0.0658044584382805","0.934195541561719"
"t127","0.373686375527188","0.626313624472812"
"t128","0.373686375527188","0.626313624472812"
