accepted_species,0,1
t4,0.70887065,0.29112938
t8,0.8630838,0.13691624
t132,0.88945603,0.110543974
t78,0.4525227,0.5474773
t114,0.4525227,0.5474773
t115,0.4525227,0.5474773
t103,0.15953857,0.84046143
t104,0.15953857,0.84046143
t6,0.48513585,0.51486415
t70,0.9991972,0.0008028284
t109,0.999313,0.0006869906
t86,0.9934762,0.0065238005
t46,0.9934762,0.0065238005
t12,0.36723,0.63277
t13,0.72220397,0.27779603
