"accepted_species","estimate"
"t41",-0.381252701086471
"t111",-0.381252701086471
"t127",-0.381252701086471
"t128",-0.381252701086471
"t133",-0.428011028655811
"t134",-0.428011028655811
"t56",-0.428011028655811
"t119",-0.451795025361081
"t120",-0.451795025361081
"t97",-0.510487851146211
"t98",-0.510487851146211
"t44",-0.415341859546144
"t45",-0.415341859546144
