accepted_species,estimate
t12,0.16653827555751216
t25,0.3169476090359672
t139,0.5466503914636891
t48,0.5350140352612374
t95,0.5663431843924794
t70,0.5572777025887616
t58,0.6085802129516912
t71,0.6134390125352395
t117,0.5867609599682984
t104,0.5857488242107174
t105,0.5857488242107174
t96,0.6586680725017555
t97,0.6586680725017555
t50,0.1287550597015525
