accepted_species,0
t12,-0.0736591432219184
t25,-0.0736591432219184
t139,0.905627879312478
t48,-0.0736591432219184
t95,-0.0736591432219184
t70,-0.0736591432219184
t58,-0.0736591432219184
t71,-0.0736591432219184
t117,-0.0736591432219184
t104,-0.0736591432219184
t105,-0.0736591432219184
t96,-0.0736591432219184
t97,-0.0736591432219184
t50,-0.0736591432219184
