accepted_species,estimate
t12,0.128307
t25,1.0634736
t139,0.8970436
t48,-0.41401842
t95,0.3978171
t70,-0.44821152
t58,0.90075266
t71,1.2671478
t117,1.130082
t104,0.9023667
t105,0.9023667
t96,-0.14930987
t97,-0.23857045
t50,0.37610114
