accepted_species,0,1
sp5,0.9113907470117076,0.08860925298829232
sp43,0.9113987020869708,0.08860129791302918
sp44,0.911402590540811,0.08859740945918905
sp45,0.9113794525075694,0.08862054749243067
sp66,0.9114075604854568,0.08859243951454322
sp68,0.9113911543847144,0.08860884561528559
sp69,0.9113853723128013,0.08861462768719877
sp76,0.9113870679466499,0.08861293205335011
sp115,0.9113835956189916,0.08861640438100842
sp116,0.9113846488686239,0.08861535113137604
