accepted_species,estimate
t100,0.57701796
t45,0.25728548
t6,-1.4145516
t89,-1.3756683
t4,-1.153148
t10,-0.5947132
t29,-1.2292783
t26,0.099192716
t59,0.85899425
t15,0.43486947
