accepted_species,estimate
t27,0.23293991
t42,0.23293991
t43,0.23293991
t19,0.23293991
t67,0.26372537
t13,0.25719604
t99,0.25719604
t91,0.21252647
t92,0.21252647
t48,0.21252647
