accepted_species,0,1
t24,0.6739886139468662,0.32601138605313384
t40,0.6507153631197657,0.3492846368802342
t41,0.5347186117671865,0.4652813882328135
t60,0.05799381059761455,0.9420061894023855
t64,0.5926759560080606,0.4073240439919394
t65,0.5460727280093103,0.45392727199068966
t97,0.9948899005969666,0.00511009940303347
t117,0.9608747278154729,0.03912527218452708
t138,0.5264801079879173,0.4735198920120827
t142,0.9858852282229839,0.014114771777016172
