accepted_species,0,1
t24,0.7853188243335417,0.21468117566645828
t40,0.7168106045667623,0.28318939543323773
t41,0.665118002965724,0.334881997034276
t60,0.2239822237643243,0.7760177762356757
t64,0.7400773309739377,0.25992266902606237
t65,0.6651879415731627,0.33481205842683726
t97,0.6863630910190195,0.31363690898098057
t117,0.999380336267851,0.0006196637321488961
t138,0.8538581794453591,0.14614182055464084
t142,0.9995466807454071,0.0004533192545929051
