accepted_species,0,1
t24,0.6666666666666667,0.3333333333333333
t40,0.6666666666666667,0.3333333333333333
t41,0.6666666666666667,0.3333333333333333
t60,0.6666666666666667,0.3333333333333333
t64,0.6666666666666667,0.3333333333333333
t65,0.6666666666666667,0.3333333333333333
t97,0.6666666666666667,0.3333333333333333
t117,1.0,0.0
t138,1.0,0.0
t142,1.0,0.0
