accepted_species,0,1
t77,0.10419619,0.8958038
t86,0.20026809,0.7997319
t103,0.9309097,0.06909031
t88,0.9792962,0.020703811
t104,0.98233205,0.017667959
t125,0.9829694,0.017030576
t19,0.98778343,0.012216566
t5,0.98778343,0.012216566
t17,0.98962086,0.010379146
t82,0.98962086,0.010379146
t21,0.98962086,0.010379146
t119,0.9902941,0.0097059235
t110,0.9902941,0.0097059235
