accepted_species,0,1
t77,0.9370159,0.06298412
t86,0.9479502,0.052049834
t103,0.9370159,0.06298412
t88,0.99057966,0.00942036
t104,0.99057966,0.00942036
t125,0.9885811,0.011418887
t19,0.99057966,0.00942036
t5,0.99057966,0.00942036
t17,0.99057966,0.00942036
t82,0.99057966,0.00942036
t21,0.99057966,0.00942036
t119,0.99057966,0.00942036
t110,0.99057966,0.00942036
