accepted_species,0
t28,-0.718238606682546
t40,-0.7396572936216886
t76,-0.7889255313535969
t75,-0.6738156158255092
t89,-0.9394661695035187
t41,-0.9558185185473022
t43,-1.167347833165395
t60,-1.1988279723339579
t71,-1.0445931159465736
t15,-1.0296830896450162
