"accepted_species","estimate"
"t28",-0.622104244318213
"t40",-0.691053061926397
"t76",-0.73698814076552
"t75",-0.642234674766723
"t89",-0.836459571768752
"t41",-0.542245464673997
"t43",-1.32499988605051
"t60",-1.36991477184677
"t71",-1.07533364638504
"t15",-0.873993000409017
