"","t8","t53","t54","t9","t62","t63","t11","t97","t98","t94","t78","t79","t35","t59","t60","t57","t58","t67","t68","t34","t32","t88","t89","t48","t30","t31","t15","t40","t41","t21","t95","t96","t6","t38","t39","t12","t84","t85","t55","t56","t2","t33","t90","t91","t43","t44","t16","t17","t99","t100","t61","t24","t82","t83","t42","t7","t49","t50","t92","t93","t10","t1","t25","t45","t46","t20","t3","t4","t36","t37","t28","t29","t65","t66","t64","t71","t72","t74","t75","t70","t47","t51","t52","t5","t26","t27","t69","t76","t77","t86","t87","t22","t23","t13","t14","t18","t19","t80","t81","t73"
"t8",0,2.03184313418,2.03184313418,2.03184313418,5.1690785983,5.1690785983,5.1690785983,5.16907859861,5.16907859861,5.16907859861,5.1690785986,5.1690785986,5.1690785986,5.16907859863,5.16907859863,5.16907859863,5.16907859863,5.1690785986,5.1690785986,5.1690785986,11.4468422226,11.44684222254,11.44684222254,11.4468422226,11.4468422226,11.4468422226,11.44684222259,11.44684222264,11.44684222264,11.44684222264,11.44684222187,11.44684222187,11.44684222205,11.44684222185,11.44684222185,11.44684222197,11.4468422219,11.4468422219,11.44684222187,11.44684222187,11.44684222201,11.44684222196,11.44684222184,11.44684222184,11.44684222185,11.44684222185,11.44684222196,11.44684222196,11.44684222201,11.44684222201,11.44684222201,11.44684222201,11.44684222204,11.44684222204,11.44684222201,11.44684222161,11.44684222229,11.44684222229,11.44684222229,11.44684222229,11.44684222229,11.4468422226,11.44684222264,11.44684222264,11.44684222264,11.4468422226,11.4468422225,11.4468422225,11.4468422217,11.4468422217,11.4468422222,11.446842222272,11.446842222325,11.446842222325,11.446842222272,11.4468422222,11.4468422222,11.44684222214,11.44684222214,11.4468422222,11.44684222213,11.4468422221,11.4468422221,11.44684222191,11.44684222217,11.446842222154,11.446842222254,11.446842222294,11.446842222294,11.44684222222,11.44684222222,11.44684222221,11.44684222221,11.4468422217,11.4468422217,11.446842222,11.446842222,11.44684222201,11.44684222201,11.446842222
"t53",2.03184313418,0,0.691309211,1.9349114972,5.16907859848,5.16907859848,5.16907859848,5.16907859879,5.16907859879,5.16907859879,5.16907859878,5.16907859878,5.16907859878,5.16907859881,5.16907859881,5.16907859881,5.16907859881,5.16907859878,5.16907859878,5.16907859878,11.44684222278,11.44684222272,11.44684222272,11.44684222278,11.44684222278,11.44684222278,11.44684222277,11.44684222282,11.44684222282,11.44684222282,11.44684222205,11.44684222205,11.44684222223,11.44684222203,11.44684222203,11.44684222215,11.44684222208,11.44684222208,11.44684222205,11.44684222205,11.44684222219,11.44684222214,11.44684222202,11.44684222202,11.44684222203,11.44684222203,11.44684222214,11.44684222214,11.44684222219,11.44684222219,11.44684222219,11.44684222219,11.44684222222,11.44684222222,11.44684222219,11.44684222179,11.44684222247,11.44684222247,11.44684222247,11.44684222247,11.44684222247,11.44684222278,11.44684222282,11.44684222282,11.44684222282,11.44684222278,11.44684222268,11.44684222268,11.44684222188,11.44684222188,11.44684222238,11.446842222452,11.446842222505,11.446842222505,11.446842222452,11.44684222238,11.44684222238,11.44684222232,11.44684222232,11.44684222238,11.44684222231,11.44684222228,11.44684222228,11.44684222209,11.44684222235,11.446842222334,11.446842222434,11.446842222474,11.446842222474,11.4468422224,11.4468422224,11.44684222239,11.44684222239,11.44684222188,11.44684222188,11.44684222218,11.44684222218,11.44684222219,11.44684222219,11.44684222218
"t54",2.03184313418,0.691309211,0,1.9349114972,5.16907859848,5.16907859848,5.16907859848,5.16907859879,5.16907859879,5.16907859879,5.16907859878,5.16907859878,5.16907859878,5.16907859881,5.16907859881,5.16907859881,5.16907859881,5.16907859878,5.16907859878,5.16907859878,11.44684222278,11.44684222272,11.44684222272,11.44684222278,11.44684222278,11.44684222278,11.44684222277,11.44684222282,11.44684222282,11.44684222282,11.44684222205,11.44684222205,11.44684222223,11.44684222203,11.44684222203,11.44684222215,11.44684222208,11.44684222208,11.44684222205,11.44684222205,11.44684222219,11.44684222214,11.44684222202,11.44684222202,11.44684222203,11.44684222203,11.44684222214,11.44684222214,11.44684222219,11.44684222219,11.44684222219,11.44684222219,11.44684222222,11.44684222222,11.44684222219,11.44684222179,11.44684222247,11.44684222247,11.44684222247,11.44684222247,11.44684222247,11.44684222278,11.44684222282,11.44684222282,11.44684222282,11.44684222278,11.44684222268,11.44684222268,11.44684222188,11.44684222188,11.44684222238,11.446842222452,11.446842222505,11.446842222505,11.446842222452,11.44684222238,11.44684222238,11.44684222232,11.44684222232,11.44684222238,11.44684222231,11.44684222228,11.44684222228,11.44684222209,11.44684222235,11.446842222334,11.446842222434,11.446842222474,11.446842222474,11.4468422224,11.4468422224,11.44684222239,11.44684222239,11.44684222188,11.44684222188,11.44684222218,11.44684222218,11.44684222219,11.44684222219,11.44684222218
"t9",2.03184313418,1.9349114972,1.9349114972,0,5.16907859848,5.16907859848,5.16907859848,5.16907859879,5.16907859879,5.16907859879,5.16907859878,5.16907859878,5.16907859878,5.16907859881,5.16907859881,5.16907859881,5.16907859881,5.16907859878,5.16907859878,5.16907859878,11.44684222278,11.44684222272,11.44684222272,11.44684222278,11.44684222278,11.44684222278,11.44684222277,11.44684222282,11.44684222282,11.44684222282,11.44684222205,11.44684222205,11.44684222223,11.44684222203,11.44684222203,11.44684222215,11.44684222208,11.44684222208,11.44684222205,11.44684222205,11.44684222219,11.44684222214,11.44684222202,11.44684222202,11.44684222203,11.44684222203,11.44684222214,11.44684222214,11.44684222219,11.44684222219,11.44684222219,11.44684222219,11.44684222222,11.44684222222,11.44684222219,11.44684222179,11.44684222247,11.44684222247,11.44684222247,11.44684222247,11.44684222247,11.44684222278,11.44684222282,11.44684222282,11.44684222282,11.44684222278,11.44684222268,11.44684222268,11.44684222188,11.44684222188,11.44684222238,11.446842222452,11.446842222505,11.446842222505,11.446842222452,11.44684222238,11.44684222238,11.44684222232,11.44684222232,11.44684222238,11.44684222231,11.44684222228,11.44684222228,11.44684222209,11.44684222235,11.446842222334,11.446842222434,11.446842222474,11.446842222474,11.4468422224,11.4468422224,11.44684222239,11.44684222239,11.44684222188,11.44684222188,11.44684222218,11.44684222218,11.44684222219,11.44684222219,11.44684222218
"t62",5.1690785983,5.16907859848,5.16907859848,5.16907859848,0,0.4336698096,1.774916117,4.45046010331,4.45046010331,4.45046010331,4.4504601033,4.4504601033,4.4504601033,4.45046010333,4.45046010333,4.45046010333,4.45046010333,4.4504601033,4.4504601033,4.4504601033,11.4468422229,11.44684222284,11.44684222284,11.4468422229,11.4468422229,11.4468422229,11.44684222289,11.44684222294,11.44684222294,11.44684222294,11.44684222217,11.44684222217,11.44684222235,11.44684222215,11.44684222215,11.44684222227,11.4468422222,11.4468422222,11.44684222217,11.44684222217,11.44684222231,11.44684222226,11.44684222214,11.44684222214,11.44684222215,11.44684222215,11.44684222226,11.44684222226,11.44684222231,11.44684222231,11.44684222231,11.44684222231,11.44684222234,11.44684222234,11.44684222231,11.44684222191,11.44684222259,11.44684222259,11.44684222259,11.44684222259,11.44684222259,11.4468422229,11.44684222294,11.44684222294,11.44684222294,11.4468422229,11.4468422228,11.4468422228,11.446842222,11.446842222,11.4468422225,11.446842222572,11.446842222625,11.446842222625,11.446842222572,11.4468422225,11.4468422225,11.44684222244,11.44684222244,11.4468422225,11.44684222243,11.4468422224,11.4468422224,11.44684222221,11.44684222247,11.446842222454,11.446842222554,11.446842222594,11.446842222594,11.44684222252,11.44684222252,11.44684222251,11.44684222251,11.446842222,11.446842222,11.4468422223,11.4468422223,11.44684222231,11.44684222231,11.4468422223
"t63",5.1690785983,5.16907859848,5.16907859848,5.16907859848,0.4336698096,0,1.774916117,4.45046010331,4.45046010331,4.45046010331,4.4504601033,4.4504601033,4.4504601033,4.45046010333,4.45046010333,4.45046010333,4.45046010333,4.4504601033,4.4504601033,4.4504601033,11.4468422229,11.44684222284,11.44684222284,11.4468422229,11.4468422229,11.4468422229,11.44684222289,11.44684222294,11.44684222294,11.44684222294,11.44684222217,11.44684222217,11.44684222235,11.44684222215,11.44684222215,11.44684222227,11.4468422222,11.4468422222,11.44684222217,11.44684222217,11.44684222231,11.44684222226,11.44684222214,11.44684222214,11.44684222215,11.44684222215,11.44684222226,11.44684222226,11.44684222231,11.44684222231,11.44684222231,11.44684222231,11.44684222234,11.44684222234,11.44684222231,11.44684222191,11.44684222259,11.44684222259,11.44684222259,11.44684222259,11.44684222259,11.4468422229,11.44684222294,11.44684222294,11.44684222294,11.4468422229,11.4468422228,11.4468422228,11.446842222,11.446842222,11.4468422225,11.446842222572,11.446842222625,11.446842222625,11.446842222572,11.4468422225,11.4468422225,11.44684222244,11.44684222244,11.4468422225,11.44684222243,11.4468422224,11.4468422224,11.44684222221,11.44684222247,11.446842222454,11.446842222554,11.446842222594,11.446842222594,11.44684222252,11.44684222252,11.44684222251,11.44684222251,11.446842222,11.446842222,11.4468422223,11.4468422223,11.44684222231,11.44684222231,11.4468422223
"t11",5.1690785983,5.16907859848,5.16907859848,5.16907859848,1.774916117,1.774916117,0,4.45046010331,4.45046010331,4.45046010331,4.4504601033,4.4504601033,4.4504601033,4.45046010333,4.45046010333,4.45046010333,4.45046010333,4.4504601033,4.4504601033,4.4504601033,11.4468422229,11.44684222284,11.44684222284,11.4468422229,11.4468422229,11.4468422229,11.44684222289,11.44684222294,11.44684222294,11.44684222294,11.44684222217,11.44684222217,11.44684222235,11.44684222215,11.44684222215,11.44684222227,11.4468422222,11.4468422222,11.44684222217,11.44684222217,11.44684222231,11.44684222226,11.44684222214,11.44684222214,11.44684222215,11.44684222215,11.44684222226,11.44684222226,11.44684222231,11.44684222231,11.44684222231,11.44684222231,11.44684222234,11.44684222234,11.44684222231,11.44684222191,11.44684222259,11.44684222259,11.44684222259,11.44684222259,11.44684222259,11.4468422229,11.44684222294,11.44684222294,11.44684222294,11.4468422229,11.4468422228,11.4468422228,11.446842222,11.446842222,11.4468422225,11.446842222572,11.446842222625,11.446842222625,11.446842222572,11.4468422225,11.4468422225,11.44684222244,11.44684222244,11.4468422225,11.44684222243,11.4468422224,11.4468422224,11.44684222221,11.44684222247,11.446842222454,11.446842222554,11.446842222594,11.446842222594,11.44684222252,11.44684222252,11.44684222251,11.44684222251,11.446842222,11.446842222,11.4468422223,11.4468422223,11.44684222231,11.44684222231,11.4468422223
"t97",5.16907859861,5.16907859879,5.16907859879,5.16907859879,4.45046010331,4.45046010331,4.45046010331,0,0.06522291048,0.10881179522,0.99436705121,0.99436705121,1.16952440721,1.80991628844,1.80991628844,1.80991628844,1.80991628844,2.60758332301,2.60758332301,2.60758332301,11.44684222321,11.44684222315,11.44684222315,11.44684222321,11.44684222321,11.44684222321,11.4468422232,11.44684222325,11.44684222325,11.44684222325,11.44684222248,11.44684222248,11.44684222266,11.44684222246,11.44684222246,11.44684222258,11.44684222251,11.44684222251,11.44684222248,11.44684222248,11.44684222262,11.44684222257,11.44684222245,11.44684222245,11.44684222246,11.44684222246,11.44684222257,11.44684222257,11.44684222262,11.44684222262,11.44684222262,11.44684222262,11.44684222265,11.44684222265,11.44684222262,11.44684222222,11.4468422229,11.4468422229,11.4468422229,11.4468422229,11.4468422229,11.44684222321,11.44684222325,11.44684222325,11.44684222325,11.44684222321,11.44684222311,11.44684222311,11.44684222231,11.44684222231,11.44684222281,11.446842222882,11.446842222935,11.446842222935,11.446842222882,11.44684222281,11.44684222281,11.44684222275,11.44684222275,11.44684222281,11.44684222274,11.44684222271,11.44684222271,11.44684222252,11.44684222278,11.446842222764,11.446842222864,11.446842222904,11.446842222904,11.44684222283,11.44684222283,11.44684222282,11.44684222282,11.44684222231,11.44684222231,11.44684222261,11.44684222261,11.44684222262,11.44684222262,11.44684222261
"t98",5.16907859861,5.16907859879,5.16907859879,5.16907859879,4.45046010331,4.45046010331,4.45046010331,0.06522291048,0,0.10881179522,0.99436705121,0.99436705121,1.16952440721,1.80991628844,1.80991628844,1.80991628844,1.80991628844,2.60758332301,2.60758332301,2.60758332301,11.44684222321,11.44684222315,11.44684222315,11.44684222321,11.44684222321,11.44684222321,11.4468422232,11.44684222325,11.44684222325,11.44684222325,11.44684222248,11.44684222248,11.44684222266,11.44684222246,11.44684222246,11.44684222258,11.44684222251,11.44684222251,11.44684222248,11.44684222248,11.44684222262,11.44684222257,11.44684222245,11.44684222245,11.44684222246,11.44684222246,11.44684222257,11.44684222257,11.44684222262,11.44684222262,11.44684222262,11.44684222262,11.44684222265,11.44684222265,11.44684222262,11.44684222222,11.4468422229,11.4468422229,11.4468422229,11.4468422229,11.4468422229,11.44684222321,11.44684222325,11.44684222325,11.44684222325,11.44684222321,11.44684222311,11.44684222311,11.44684222231,11.44684222231,11.44684222281,11.446842222882,11.446842222935,11.446842222935,11.446842222882,11.44684222281,11.44684222281,11.44684222275,11.44684222275,11.44684222281,11.44684222274,11.44684222271,11.44684222271,11.44684222252,11.44684222278,11.446842222764,11.446842222864,11.446842222904,11.446842222904,11.44684222283,11.44684222283,11.44684222282,11.44684222282,11.44684222231,11.44684222231,11.44684222261,11.44684222261,11.44684222262,11.44684222262,11.44684222261
"t94",5.16907859861,5.16907859879,5.16907859879,5.16907859879,4.45046010331,4.45046010331,4.45046010331,0.10881179522,0.10881179522,0,0.99436705121,0.99436705121,1.16952440721,1.80991628844,1.80991628844,1.80991628844,1.80991628844,2.60758332301,2.60758332301,2.60758332301,11.44684222321,11.44684222315,11.44684222315,11.44684222321,11.44684222321,11.44684222321,11.4468422232,11.44684222325,11.44684222325,11.44684222325,11.44684222248,11.44684222248,11.44684222266,11.44684222246,11.44684222246,11.44684222258,11.44684222251,11.44684222251,11.44684222248,11.44684222248,11.44684222262,11.44684222257,11.44684222245,11.44684222245,11.44684222246,11.44684222246,11.44684222257,11.44684222257,11.44684222262,11.44684222262,11.44684222262,11.44684222262,11.44684222265,11.44684222265,11.44684222262,11.44684222222,11.4468422229,11.4468422229,11.4468422229,11.4468422229,11.4468422229,11.44684222321,11.44684222325,11.44684222325,11.44684222325,11.44684222321,11.44684222311,11.44684222311,11.44684222231,11.44684222231,11.44684222281,11.446842222882,11.446842222935,11.446842222935,11.446842222882,11.44684222281,11.44684222281,11.44684222275,11.44684222275,11.44684222281,11.44684222274,11.44684222271,11.44684222271,11.44684222252,11.44684222278,11.446842222764,11.446842222864,11.446842222904,11.446842222904,11.44684222283,11.44684222283,11.44684222282,11.44684222282,11.44684222231,11.44684222231,11.44684222261,11.44684222261,11.44684222262,11.44684222262,11.44684222261
"t78",5.1690785986,5.16907859878,5.16907859878,5.16907859878,4.4504601033,4.4504601033,4.4504601033,0.99436705121,0.99436705121,0.99436705121,0,0.2126289468,1.1695244072,1.80991628843,1.80991628843,1.80991628843,1.80991628843,2.607583323,2.607583323,2.607583323,11.4468422232,11.44684222314,11.44684222314,11.4468422232,11.4468422232,11.4468422232,11.44684222319,11.44684222324,11.44684222324,11.44684222324,11.44684222247,11.44684222247,11.44684222265,11.44684222245,11.44684222245,11.44684222257,11.4468422225,11.4468422225,11.44684222247,11.44684222247,11.44684222261,11.44684222256,11.44684222244,11.44684222244,11.44684222245,11.44684222245,11.44684222256,11.44684222256,11.44684222261,11.44684222261,11.44684222261,11.44684222261,11.44684222264,11.44684222264,11.44684222261,11.44684222221,11.44684222289,11.44684222289,11.44684222289,11.44684222289,11.44684222289,11.4468422232,11.44684222324,11.44684222324,11.44684222324,11.4468422232,11.4468422231,11.4468422231,11.4468422223,11.4468422223,11.4468422228,11.446842222872,11.446842222925,11.446842222925,11.446842222872,11.4468422228,11.4468422228,11.44684222274,11.44684222274,11.4468422228,11.44684222273,11.4468422227,11.4468422227,11.44684222251,11.44684222277,11.446842222754,11.446842222854,11.446842222894,11.446842222894,11.44684222282,11.44684222282,11.44684222281,11.44684222281,11.4468422223,11.4468422223,11.4468422226,11.4468422226,11.44684222261,11.44684222261,11.4468422226
"t79",5.1690785986,5.16907859878,5.16907859878,5.16907859878,4.4504601033,4.4504601033,4.4504601033,0.99436705121,0.99436705121,0.99436705121,0.2126289468,0,1.1695244072,1.80991628843,1.80991628843,1.80991628843,1.80991628843,2.607583323,2.607583323,2.607583323,11.4468422232,11.44684222314,11.44684222314,11.4468422232,11.4468422232,11.4468422232,11.44684222319,11.44684222324,11.44684222324,11.44684222324,11.44684222247,11.44684222247,11.44684222265,11.44684222245,11.44684222245,11.44684222257,11.4468422225,11.4468422225,11.44684222247,11.44684222247,11.44684222261,11.44684222256,11.44684222244,11.44684222244,11.44684222245,11.44684222245,11.44684222256,11.44684222256,11.44684222261,11.44684222261,11.44684222261,11.44684222261,11.44684222264,11.44684222264,11.44684222261,11.44684222221,11.44684222289,11.44684222289,11.44684222289,11.44684222289,11.44684222289,11.4468422232,11.44684222324,11.44684222324,11.44684222324,11.4468422232,11.4468422231,11.4468422231,11.4468422223,11.4468422223,11.4468422228,11.446842222872,11.446842222925,11.446842222925,11.446842222872,11.4468422228,11.4468422228,11.44684222274,11.44684222274,11.4468422228,11.44684222273,11.4468422227,11.4468422227,11.44684222251,11.44684222277,11.446842222754,11.446842222854,11.446842222894,11.446842222894,11.44684222282,11.44684222282,11.44684222281,11.44684222281,11.4468422223,11.4468422223,11.4468422226,11.4468422226,11.44684222261,11.44684222261,11.4468422226
"t35",5.1690785986,5.16907859878,5.16907859878,5.16907859878,4.4504601033,4.4504601033,4.4504601033,1.16952440721,1.16952440721,1.16952440721,1.1695244072,1.1695244072,0,1.80991628843,1.80991628843,1.80991628843,1.80991628843,2.607583323,2.607583323,2.607583323,11.4468422232,11.44684222314,11.44684222314,11.4468422232,11.4468422232,11.4468422232,11.44684222319,11.44684222324,11.44684222324,11.44684222324,11.44684222247,11.44684222247,11.44684222265,11.44684222245,11.44684222245,11.44684222257,11.4468422225,11.4468422225,11.44684222247,11.44684222247,11.44684222261,11.44684222256,11.44684222244,11.44684222244,11.44684222245,11.44684222245,11.44684222256,11.44684222256,11.44684222261,11.44684222261,11.44684222261,11.44684222261,11.44684222264,11.44684222264,11.44684222261,11.44684222221,11.44684222289,11.44684222289,11.44684222289,11.44684222289,11.44684222289,11.4468422232,11.44684222324,11.44684222324,11.44684222324,11.4468422232,11.4468422231,11.4468422231,11.4468422223,11.4468422223,11.4468422228,11.446842222872,11.446842222925,11.446842222925,11.446842222872,11.4468422228,11.4468422228,11.44684222274,11.44684222274,11.4468422228,11.44684222273,11.4468422227,11.4468422227,11.44684222251,11.44684222277,11.446842222754,11.446842222854,11.446842222894,11.446842222894,11.44684222282,11.44684222282,11.44684222281,11.44684222281,11.4468422223,11.4468422223,11.4468422226,11.4468422226,11.44684222261,11.44684222261,11.4468422226
"t59",5.16907859863,5.16907859881,5.16907859881,5.16907859881,4.45046010333,4.45046010333,4.45046010333,1.80991628844,1.80991628844,1.80991628844,1.80991628843,1.80991628843,1.80991628843,0,0.4632762626,1.7888899818,1.7888899818,2.60758332303,2.60758332303,2.60758332303,11.44684222323,11.44684222317,11.44684222317,11.44684222323,11.44684222323,11.44684222323,11.44684222322,11.44684222327,11.44684222327,11.44684222327,11.4468422225,11.4468422225,11.44684222268,11.44684222248,11.44684222248,11.4468422226,11.44684222253,11.44684222253,11.4468422225,11.4468422225,11.44684222264,11.44684222259,11.44684222247,11.44684222247,11.44684222248,11.44684222248,11.44684222259,11.44684222259,11.44684222264,11.44684222264,11.44684222264,11.44684222264,11.44684222267,11.44684222267,11.44684222264,11.44684222224,11.44684222292,11.44684222292,11.44684222292,11.44684222292,11.44684222292,11.44684222323,11.44684222327,11.44684222327,11.44684222327,11.44684222323,11.44684222313,11.44684222313,11.44684222233,11.44684222233,11.44684222283,11.446842222902,11.446842222955,11.446842222955,11.446842222902,11.44684222283,11.44684222283,11.44684222277,11.44684222277,11.44684222283,11.44684222276,11.44684222273,11.44684222273,11.44684222254,11.4468422228,11.446842222784,11.446842222884,11.446842222924,11.446842222924,11.44684222285,11.44684222285,11.44684222284,11.44684222284,11.44684222233,11.44684222233,11.44684222263,11.44684222263,11.44684222264,11.44684222264,11.44684222263
"t60",5.16907859863,5.16907859881,5.16907859881,5.16907859881,4.45046010333,4.45046010333,4.45046010333,1.80991628844,1.80991628844,1.80991628844,1.80991628843,1.80991628843,1.80991628843,0.4632762626,0,1.7888899818,1.7888899818,2.60758332303,2.60758332303,2.60758332303,11.44684222323,11.44684222317,11.44684222317,11.44684222323,11.44684222323,11.44684222323,11.44684222322,11.44684222327,11.44684222327,11.44684222327,11.4468422225,11.4468422225,11.44684222268,11.44684222248,11.44684222248,11.4468422226,11.44684222253,11.44684222253,11.4468422225,11.4468422225,11.44684222264,11.44684222259,11.44684222247,11.44684222247,11.44684222248,11.44684222248,11.44684222259,11.44684222259,11.44684222264,11.44684222264,11.44684222264,11.44684222264,11.44684222267,11.44684222267,11.44684222264,11.44684222224,11.44684222292,11.44684222292,11.44684222292,11.44684222292,11.44684222292,11.44684222323,11.44684222327,11.44684222327,11.44684222327,11.44684222323,11.44684222313,11.44684222313,11.44684222233,11.44684222233,11.44684222283,11.446842222902,11.446842222955,11.446842222955,11.446842222902,11.44684222283,11.44684222283,11.44684222277,11.44684222277,11.44684222283,11.44684222276,11.44684222273,11.44684222273,11.44684222254,11.4468422228,11.446842222784,11.446842222884,11.446842222924,11.446842222924,11.44684222285,11.44684222285,11.44684222284,11.44684222284,11.44684222233,11.44684222233,11.44684222263,11.44684222263,11.44684222264,11.44684222264,11.44684222263
"t57",5.16907859863,5.16907859881,5.16907859881,5.16907859881,4.45046010333,4.45046010333,4.45046010333,1.80991628844,1.80991628844,1.80991628844,1.80991628843,1.80991628843,1.80991628843,1.7888899818,1.7888899818,0,0.6309087604,2.60758332303,2.60758332303,2.60758332303,11.44684222323,11.44684222317,11.44684222317,11.44684222323,11.44684222323,11.44684222323,11.44684222322,11.44684222327,11.44684222327,11.44684222327,11.4468422225,11.4468422225,11.44684222268,11.44684222248,11.44684222248,11.4468422226,11.44684222253,11.44684222253,11.4468422225,11.4468422225,11.44684222264,11.44684222259,11.44684222247,11.44684222247,11.44684222248,11.44684222248,11.44684222259,11.44684222259,11.44684222264,11.44684222264,11.44684222264,11.44684222264,11.44684222267,11.44684222267,11.44684222264,11.44684222224,11.44684222292,11.44684222292,11.44684222292,11.44684222292,11.44684222292,11.44684222323,11.44684222327,11.44684222327,11.44684222327,11.44684222323,11.44684222313,11.44684222313,11.44684222233,11.44684222233,11.44684222283,11.446842222902,11.446842222955,11.446842222955,11.446842222902,11.44684222283,11.44684222283,11.44684222277,11.44684222277,11.44684222283,11.44684222276,11.44684222273,11.44684222273,11.44684222254,11.4468422228,11.446842222784,11.446842222884,11.446842222924,11.446842222924,11.44684222285,11.44684222285,11.44684222284,11.44684222284,11.44684222233,11.44684222233,11.44684222263,11.44684222263,11.44684222264,11.44684222264,11.44684222263
"t58",5.16907859863,5.16907859881,5.16907859881,5.16907859881,4.45046010333,4.45046010333,4.45046010333,1.80991628844,1.80991628844,1.80991628844,1.80991628843,1.80991628843,1.80991628843,1.7888899818,1.7888899818,0.6309087604,0,2.60758332303,2.60758332303,2.60758332303,11.44684222323,11.44684222317,11.44684222317,11.44684222323,11.44684222323,11.44684222323,11.44684222322,11.44684222327,11.44684222327,11.44684222327,11.4468422225,11.4468422225,11.44684222268,11.44684222248,11.44684222248,11.4468422226,11.44684222253,11.44684222253,11.4468422225,11.4468422225,11.44684222264,11.44684222259,11.44684222247,11.44684222247,11.44684222248,11.44684222248,11.44684222259,11.44684222259,11.44684222264,11.44684222264,11.44684222264,11.44684222264,11.44684222267,11.44684222267,11.44684222264,11.44684222224,11.44684222292,11.44684222292,11.44684222292,11.44684222292,11.44684222292,11.44684222323,11.44684222327,11.44684222327,11.44684222327,11.44684222323,11.44684222313,11.44684222313,11.44684222233,11.44684222233,11.44684222283,11.446842222902,11.446842222955,11.446842222955,11.446842222902,11.44684222283,11.44684222283,11.44684222277,11.44684222277,11.44684222283,11.44684222276,11.44684222273,11.44684222273,11.44684222254,11.4468422228,11.446842222784,11.446842222884,11.446842222924,11.446842222924,11.44684222285,11.44684222285,11.44684222284,11.44684222284,11.44684222233,11.44684222233,11.44684222263,11.44684222263,11.44684222264,11.44684222264,11.44684222263
"t67",5.1690785986,5.16907859878,5.16907859878,5.16907859878,4.4504601033,4.4504601033,4.4504601033,2.60758332301,2.60758332301,2.60758332301,2.607583323,2.607583323,2.607583323,2.60758332303,2.60758332303,2.60758332303,2.60758332303,0,0.3504899292,1.1805299538,11.4468422232,11.44684222314,11.44684222314,11.4468422232,11.4468422232,11.4468422232,11.44684222319,11.44684222324,11.44684222324,11.44684222324,11.44684222247,11.44684222247,11.44684222265,11.44684222245,11.44684222245,11.44684222257,11.4468422225,11.4468422225,11.44684222247,11.44684222247,11.44684222261,11.44684222256,11.44684222244,11.44684222244,11.44684222245,11.44684222245,11.44684222256,11.44684222256,11.44684222261,11.44684222261,11.44684222261,11.44684222261,11.44684222264,11.44684222264,11.44684222261,11.44684222221,11.44684222289,11.44684222289,11.44684222289,11.44684222289,11.44684222289,11.4468422232,11.44684222324,11.44684222324,11.44684222324,11.4468422232,11.4468422231,11.4468422231,11.4468422223,11.4468422223,11.4468422228,11.446842222872,11.446842222925,11.446842222925,11.446842222872,11.4468422228,11.4468422228,11.44684222274,11.44684222274,11.4468422228,11.44684222273,11.4468422227,11.4468422227,11.44684222251,11.44684222277,11.446842222754,11.446842222854,11.446842222894,11.446842222894,11.44684222282,11.44684222282,11.44684222281,11.44684222281,11.4468422223,11.4468422223,11.4468422226,11.4468422226,11.44684222261,11.44684222261,11.4468422226
"t68",5.1690785986,5.16907859878,5.16907859878,5.16907859878,4.4504601033,4.4504601033,4.4504601033,2.60758332301,2.60758332301,2.60758332301,2.607583323,2.607583323,2.607583323,2.60758332303,2.60758332303,2.60758332303,2.60758332303,0.3504899292,0,1.1805299538,11.4468422232,11.44684222314,11.44684222314,11.4468422232,11.4468422232,11.4468422232,11.44684222319,11.44684222324,11.44684222324,11.44684222324,11.44684222247,11.44684222247,11.44684222265,11.44684222245,11.44684222245,11.44684222257,11.4468422225,11.4468422225,11.44684222247,11.44684222247,11.44684222261,11.44684222256,11.44684222244,11.44684222244,11.44684222245,11.44684222245,11.44684222256,11.44684222256,11.44684222261,11.44684222261,11.44684222261,11.44684222261,11.44684222264,11.44684222264,11.44684222261,11.44684222221,11.44684222289,11.44684222289,11.44684222289,11.44684222289,11.44684222289,11.4468422232,11.44684222324,11.44684222324,11.44684222324,11.4468422232,11.4468422231,11.4468422231,11.4468422223,11.4468422223,11.4468422228,11.446842222872,11.446842222925,11.446842222925,11.446842222872,11.4468422228,11.4468422228,11.44684222274,11.44684222274,11.4468422228,11.44684222273,11.4468422227,11.4468422227,11.44684222251,11.44684222277,11.446842222754,11.446842222854,11.446842222894,11.446842222894,11.44684222282,11.44684222282,11.44684222281,11.44684222281,11.4468422223,11.4468422223,11.4468422226,11.4468422226,11.44684222261,11.44684222261,11.4468422226
"t34",5.1690785986,5.16907859878,5.16907859878,5.16907859878,4.4504601033,4.4504601033,4.4504601033,2.60758332301,2.60758332301,2.60758332301,2.607583323,2.607583323,2.607583323,2.60758332303,2.60758332303,2.60758332303,2.60758332303,1.1805299538,1.1805299538,0,11.4468422232,11.44684222314,11.44684222314,11.4468422232,11.4468422232,11.4468422232,11.44684222319,11.44684222324,11.44684222324,11.44684222324,11.44684222247,11.44684222247,11.44684222265,11.44684222245,11.44684222245,11.44684222257,11.4468422225,11.4468422225,11.44684222247,11.44684222247,11.44684222261,11.44684222256,11.44684222244,11.44684222244,11.44684222245,11.44684222245,11.44684222256,11.44684222256,11.44684222261,11.44684222261,11.44684222261,11.44684222261,11.44684222264,11.44684222264,11.44684222261,11.44684222221,11.44684222289,11.44684222289,11.44684222289,11.44684222289,11.44684222289,11.4468422232,11.44684222324,11.44684222324,11.44684222324,11.4468422232,11.4468422231,11.4468422231,11.4468422223,11.4468422223,11.4468422228,11.446842222872,11.446842222925,11.446842222925,11.446842222872,11.4468422228,11.4468422228,11.44684222274,11.44684222274,11.4468422228,11.44684222273,11.4468422227,11.4468422227,11.44684222251,11.44684222277,11.446842222754,11.446842222854,11.446842222894,11.446842222894,11.44684222282,11.44684222282,11.44684222281,11.44684222281,11.4468422223,11.4468422223,11.4468422226,11.4468422226,11.44684222261,11.44684222261,11.4468422226
"t32",11.4468422226,11.44684222278,11.44684222278,11.44684222278,11.4468422229,11.4468422229,11.4468422229,11.44684222321,11.44684222321,11.44684222321,11.4468422232,11.4468422232,11.4468422232,11.44684222323,11.44684222323,11.44684222323,11.44684222323,11.4468422232,11.4468422232,11.4468422232,0,1.21224595254,1.21224595254,1.2122459526,2.1119911036,2.1119911036,7.24048289559,7.24048289564,7.24048289564,7.24048289564,7.24048289487,7.24048289487,7.24048289505,7.24048289485,7.24048289485,7.24048289497,7.2404828949,7.2404828949,7.24048289487,7.24048289487,7.24048289501,7.24048289496,7.24048289484,7.24048289484,7.24048289485,7.24048289485,7.24048289496,7.24048289496,7.24048289501,7.24048289501,7.24048289501,7.24048289501,7.24048289504,7.24048289504,7.24048289501,7.24048289461,7.24048289529,7.24048289529,7.24048289529,7.24048289529,7.24048289529,7.2404828956,7.47101281764,7.47101281764,7.47101281764,7.4710128176,7.4710128175,7.4710128175,7.4710128167,7.4710128167,7.4710128172,7.471012817272,7.471012817325,7.471012817325,7.471012817272,7.4710128172,7.4710128172,7.47101281714,7.47101281714,7.4710128172,7.47101281713,7.4710128171,7.4710128171,7.47101281691,7.47101281717,7.471012817154,7.471012817254,7.471012817294,7.471012817294,7.47101281722,7.47101281722,7.47101281721,7.47101281721,7.7632236723,7.7632236723,7.7632236726,7.7632236726,7.76322367261,7.76322367261,7.7632236726
"t88",11.44684222254,11.44684222272,11.44684222272,11.44684222272,11.44684222284,11.44684222284,11.44684222284,11.44684222315,11.44684222315,11.44684222315,11.44684222314,11.44684222314,11.44684222314,11.44684222317,11.44684222317,11.44684222317,11.44684222317,11.44684222314,11.44684222314,11.44684222314,1.21224595254,0,0.14628725228,0.84056057074,2.11199110354,2.11199110354,7.24048289553,7.24048289558,7.24048289558,7.24048289558,7.24048289481,7.24048289481,7.24048289499,7.24048289479,7.24048289479,7.24048289491,7.24048289484,7.24048289484,7.24048289481,7.24048289481,7.24048289495,7.2404828949,7.24048289478,7.24048289478,7.24048289479,7.24048289479,7.2404828949,7.2404828949,7.24048289495,7.24048289495,7.24048289495,7.24048289495,7.24048289498,7.24048289498,7.24048289495,7.24048289455,7.24048289523,7.24048289523,7.24048289523,7.24048289523,7.24048289523,7.24048289554,7.47101281758,7.47101281758,7.47101281758,7.47101281754,7.47101281744,7.47101281744,7.47101281664,7.47101281664,7.47101281714,7.471012817212,7.471012817265,7.471012817265,7.471012817212,7.47101281714,7.47101281714,7.47101281708,7.47101281708,7.47101281714,7.47101281707,7.47101281704,7.47101281704,7.47101281685,7.47101281711,7.471012817094,7.471012817194,7.471012817234,7.471012817234,7.47101281716,7.47101281716,7.47101281715,7.47101281715,7.76322367224,7.76322367224,7.76322367254,7.76322367254,7.76322367255,7.76322367255,7.76322367254
"t89",11.44684222254,11.44684222272,11.44684222272,11.44684222272,11.44684222284,11.44684222284,11.44684222284,11.44684222315,11.44684222315,11.44684222315,11.44684222314,11.44684222314,11.44684222314,11.44684222317,11.44684222317,11.44684222317,11.44684222317,11.44684222314,11.44684222314,11.44684222314,1.21224595254,0.14628725228,0,0.84056057074,2.11199110354,2.11199110354,7.24048289553,7.24048289558,7.24048289558,7.24048289558,7.24048289481,7.24048289481,7.24048289499,7.24048289479,7.24048289479,7.24048289491,7.24048289484,7.24048289484,7.24048289481,7.24048289481,7.24048289495,7.2404828949,7.24048289478,7.24048289478,7.24048289479,7.24048289479,7.2404828949,7.2404828949,7.24048289495,7.24048289495,7.24048289495,7.24048289495,7.24048289498,7.24048289498,7.24048289495,7.24048289455,7.24048289523,7.24048289523,7.24048289523,7.24048289523,7.24048289523,7.24048289554,7.47101281758,7.47101281758,7.47101281758,7.47101281754,7.47101281744,7.47101281744,7.47101281664,7.47101281664,7.47101281714,7.471012817212,7.471012817265,7.471012817265,7.471012817212,7.47101281714,7.47101281714,7.47101281708,7.47101281708,7.47101281714,7.47101281707,7.47101281704,7.47101281704,7.47101281685,7.47101281711,7.471012817094,7.471012817194,7.471012817234,7.471012817234,7.47101281716,7.47101281716,7.47101281715,7.47101281715,7.76322367224,7.76322367224,7.76322367254,7.76322367254,7.76322367255,7.76322367255,7.76322367254
"t48",11.4468422226,11.44684222278,11.44684222278,11.44684222278,11.4468422229,11.4468422229,11.4468422229,11.44684222321,11.44684222321,11.44684222321,11.4468422232,11.4468422232,11.4468422232,11.44684222323,11.44684222323,11.44684222323,11.44684222323,11.4468422232,11.4468422232,11.4468422232,1.2122459526,0.84056057074,0.84056057074,0,2.1119911036,2.1119911036,7.24048289559,7.24048289564,7.24048289564,7.24048289564,7.24048289487,7.24048289487,7.24048289505,7.24048289485,7.24048289485,7.24048289497,7.2404828949,7.2404828949,7.24048289487,7.24048289487,7.24048289501,7.24048289496,7.24048289484,7.24048289484,7.24048289485,7.24048289485,7.24048289496,7.24048289496,7.24048289501,7.24048289501,7.24048289501,7.24048289501,7.24048289504,7.24048289504,7.24048289501,7.24048289461,7.24048289529,7.24048289529,7.24048289529,7.24048289529,7.24048289529,7.2404828956,7.47101281764,7.47101281764,7.47101281764,7.4710128176,7.4710128175,7.4710128175,7.4710128167,7.4710128167,7.4710128172,7.471012817272,7.471012817325,7.471012817325,7.471012817272,7.4710128172,7.4710128172,7.47101281714,7.47101281714,7.4710128172,7.47101281713,7.4710128171,7.4710128171,7.47101281691,7.47101281717,7.471012817154,7.471012817254,7.471012817294,7.471012817294,7.47101281722,7.47101281722,7.47101281721,7.47101281721,7.7632236723,7.7632236723,7.7632236726,7.7632236726,7.76322367261,7.76322367261,7.7632236726
"t30",11.4468422226,11.44684222278,11.44684222278,11.44684222278,11.4468422229,11.4468422229,11.4468422229,11.44684222321,11.44684222321,11.44684222321,11.4468422232,11.4468422232,11.4468422232,11.44684222323,11.44684222323,11.44684222323,11.44684222323,11.4468422232,11.4468422232,11.4468422232,2.1119911036,2.11199110354,2.11199110354,2.1119911036,0,1.2264365848,7.24048289559,7.24048289564,7.24048289564,7.24048289564,7.24048289487,7.24048289487,7.24048289505,7.24048289485,7.24048289485,7.24048289497,7.2404828949,7.2404828949,7.24048289487,7.24048289487,7.24048289501,7.24048289496,7.24048289484,7.24048289484,7.24048289485,7.24048289485,7.24048289496,7.24048289496,7.24048289501,7.24048289501,7.24048289501,7.24048289501,7.24048289504,7.24048289504,7.24048289501,7.24048289461,7.24048289529,7.24048289529,7.24048289529,7.24048289529,7.24048289529,7.2404828956,7.47101281764,7.47101281764,7.47101281764,7.4710128176,7.4710128175,7.4710128175,7.4710128167,7.4710128167,7.4710128172,7.471012817272,7.471012817325,7.471012817325,7.471012817272,7.4710128172,7.4710128172,7.47101281714,7.47101281714,7.4710128172,7.47101281713,7.4710128171,7.4710128171,7.47101281691,7.47101281717,7.471012817154,7.471012817254,7.471012817294,7.471012817294,7.47101281722,7.47101281722,7.47101281721,7.47101281721,7.7632236723,7.7632236723,7.7632236726,7.7632236726,7.76322367261,7.76322367261,7.7632236726
"t31",11.4468422226,11.44684222278,11.44684222278,11.44684222278,11.4468422229,11.4468422229,11.4468422229,11.44684222321,11.44684222321,11.44684222321,11.4468422232,11.4468422232,11.4468422232,11.44684222323,11.44684222323,11.44684222323,11.44684222323,11.4468422232,11.4468422232,11.4468422232,2.1119911036,2.11199110354,2.11199110354,2.1119911036,1.2264365848,0,7.24048289559,7.24048289564,7.24048289564,7.24048289564,7.24048289487,7.24048289487,7.24048289505,7.24048289485,7.24048289485,7.24048289497,7.2404828949,7.2404828949,7.24048289487,7.24048289487,7.24048289501,7.24048289496,7.24048289484,7.24048289484,7.24048289485,7.24048289485,7.24048289496,7.24048289496,7.24048289501,7.24048289501,7.24048289501,7.24048289501,7.24048289504,7.24048289504,7.24048289501,7.24048289461,7.24048289529,7.24048289529,7.24048289529,7.24048289529,7.24048289529,7.2404828956,7.47101281764,7.47101281764,7.47101281764,7.4710128176,7.4710128175,7.4710128175,7.4710128167,7.4710128167,7.4710128172,7.471012817272,7.471012817325,7.471012817325,7.471012817272,7.4710128172,7.4710128172,7.47101281714,7.47101281714,7.4710128172,7.47101281713,7.4710128171,7.4710128171,7.47101281691,7.47101281717,7.471012817154,7.471012817254,7.471012817294,7.471012817294,7.47101281722,7.47101281722,7.47101281721,7.47101281721,7.7632236723,7.7632236723,7.7632236726,7.7632236726,7.76322367261,7.76322367261,7.7632236726
"t15",11.44684222259,11.44684222277,11.44684222277,11.44684222277,11.44684222289,11.44684222289,11.44684222289,11.4468422232,11.4468422232,11.4468422232,11.44684222319,11.44684222319,11.44684222319,11.44684222322,11.44684222322,11.44684222322,11.44684222322,11.44684222319,11.44684222319,11.44684222319,7.24048289559,7.24048289553,7.24048289553,7.24048289559,7.24048289559,7.24048289559,0,1.55783103725,1.55783103725,1.55783103725,6.26096210048,6.26096210048,6.26096210066,6.26096210046,6.26096210046,6.26096210058,6.26096210051,6.26096210051,6.26096210048,6.26096210048,6.26096210062,6.26096210057,6.26096210045,6.26096210045,6.26096210046,6.26096210046,6.26096210057,6.26096210057,6.26096210062,6.26096210062,6.26096210062,6.26096210062,6.26096210065,6.26096210065,6.26096210062,6.26096210022,6.2609621009,6.2609621009,6.2609621009,6.2609621009,6.2609621009,6.32929962999,7.47101281763,7.47101281763,7.47101281763,7.47101281759,7.47101281749,7.47101281749,7.47101281669,7.47101281669,7.47101281719,7.471012817262,7.471012817315,7.471012817315,7.471012817262,7.47101281719,7.47101281719,7.47101281713,7.47101281713,7.47101281719,7.47101281712,7.47101281709,7.47101281709,7.4710128169,7.47101281716,7.471012817144,7.471012817244,7.471012817284,7.471012817284,7.47101281721,7.47101281721,7.4710128172,7.4710128172,7.76322367229,7.76322367229,7.76322367259,7.76322367259,7.7632236726,7.7632236726,7.76322367259
"t40",11.44684222264,11.44684222282,11.44684222282,11.44684222282,11.44684222294,11.44684222294,11.44684222294,11.44684222325,11.44684222325,11.44684222325,11.44684222324,11.44684222324,11.44684222324,11.44684222327,11.44684222327,11.44684222327,11.44684222327,11.44684222324,11.44684222324,11.44684222324,7.24048289564,7.24048289558,7.24048289558,7.24048289564,7.24048289564,7.24048289564,1.55783103725,0,0.9883163956,1.4454694734,6.26096210053,6.26096210053,6.26096210071,6.26096210051,6.26096210051,6.26096210063,6.26096210056,6.26096210056,6.26096210053,6.26096210053,6.26096210067,6.26096210062,6.2609621005,6.2609621005,6.26096210051,6.26096210051,6.26096210062,6.26096210062,6.26096210067,6.26096210067,6.26096210067,6.26096210067,6.2609621007,6.2609621007,6.26096210067,6.26096210027,6.26096210095,6.26096210095,6.26096210095,6.26096210095,6.26096210095,6.32929963004,7.47101281768,7.47101281768,7.47101281768,7.47101281764,7.47101281754,7.47101281754,7.47101281674,7.47101281674,7.47101281724,7.471012817312,7.471012817365,7.471012817365,7.471012817312,7.47101281724,7.47101281724,7.47101281718,7.47101281718,7.47101281724,7.47101281717,7.47101281714,7.47101281714,7.47101281695,7.47101281721,7.471012817194,7.471012817294,7.471012817334,7.471012817334,7.47101281726,7.47101281726,7.47101281725,7.47101281725,7.76322367234,7.76322367234,7.76322367264,7.76322367264,7.76322367265,7.76322367265,7.76322367264
"t41",11.44684222264,11.44684222282,11.44684222282,11.44684222282,11.44684222294,11.44684222294,11.44684222294,11.44684222325,11.44684222325,11.44684222325,11.44684222324,11.44684222324,11.44684222324,11.44684222327,11.44684222327,11.44684222327,11.44684222327,11.44684222324,11.44684222324,11.44684222324,7.24048289564,7.24048289558,7.24048289558,7.24048289564,7.24048289564,7.24048289564,1.55783103725,0.9883163956,0,1.4454694734,6.26096210053,6.26096210053,6.26096210071,6.26096210051,6.26096210051,6.26096210063,6.26096210056,6.26096210056,6.26096210053,6.26096210053,6.26096210067,6.26096210062,6.2609621005,6.2609621005,6.26096210051,6.26096210051,6.26096210062,6.26096210062,6.26096210067,6.26096210067,6.26096210067,6.26096210067,6.2609621007,6.2609621007,6.26096210067,6.26096210027,6.26096210095,6.26096210095,6.26096210095,6.26096210095,6.26096210095,6.32929963004,7.47101281768,7.47101281768,7.47101281768,7.47101281764,7.47101281754,7.47101281754,7.47101281674,7.47101281674,7.47101281724,7.471012817312,7.471012817365,7.471012817365,7.471012817312,7.47101281724,7.47101281724,7.47101281718,7.47101281718,7.47101281724,7.47101281717,7.47101281714,7.47101281714,7.47101281695,7.47101281721,7.471012817194,7.471012817294,7.471012817334,7.471012817334,7.47101281726,7.47101281726,7.47101281725,7.47101281725,7.76322367234,7.76322367234,7.76322367264,7.76322367264,7.76322367265,7.76322367265,7.76322367264
"t21",11.44684222264,11.44684222282,11.44684222282,11.44684222282,11.44684222294,11.44684222294,11.44684222294,11.44684222325,11.44684222325,11.44684222325,11.44684222324,11.44684222324,11.44684222324,11.44684222327,11.44684222327,11.44684222327,11.44684222327,11.44684222324,11.44684222324,11.44684222324,7.24048289564,7.24048289558,7.24048289558,7.24048289564,7.24048289564,7.24048289564,1.55783103725,1.4454694734,1.4454694734,0,6.26096210053,6.26096210053,6.26096210071,6.26096210051,6.26096210051,6.26096210063,6.26096210056,6.26096210056,6.26096210053,6.26096210053,6.26096210067,6.26096210062,6.2609621005,6.2609621005,6.26096210051,6.26096210051,6.26096210062,6.26096210062,6.26096210067,6.26096210067,6.26096210067,6.26096210067,6.2609621007,6.2609621007,6.26096210067,6.26096210027,6.26096210095,6.26096210095,6.26096210095,6.26096210095,6.26096210095,6.32929963004,7.47101281768,7.47101281768,7.47101281768,7.47101281764,7.47101281754,7.47101281754,7.47101281674,7.47101281674,7.47101281724,7.471012817312,7.471012817365,7.471012817365,7.471012817312,7.47101281724,7.47101281724,7.47101281718,7.47101281718,7.47101281724,7.47101281717,7.47101281714,7.47101281714,7.47101281695,7.47101281721,7.471012817194,7.471012817294,7.471012817334,7.471012817334,7.47101281726,7.47101281726,7.47101281725,7.47101281725,7.76322367234,7.76322367234,7.76322367264,7.76322367264,7.76322367265,7.76322367265,7.76322367264
"t95",11.44684222187,11.44684222205,11.44684222205,11.44684222205,11.44684222217,11.44684222217,11.44684222217,11.44684222248,11.44684222248,11.44684222248,11.44684222247,11.44684222247,11.44684222247,11.4468422225,11.4468422225,11.4468422225,11.4468422225,11.44684222247,11.44684222247,11.44684222247,7.24048289487,7.24048289481,7.24048289481,7.24048289487,7.24048289487,7.24048289487,6.26096210048,6.26096210053,6.26096210053,6.26096210053,0,0.0810323176,3.07282553978,3.07282553958,3.07282553958,3.0728255397,3.07282553963,3.07282553963,3.0728255396,3.0728255396,3.26889074186,4.10747551021,4.10747551009,4.10747551009,4.1074755101,4.1074755101,4.10747551021,4.10747551021,4.10747551026,4.10747551026,4.10747551026,4.10747551026,4.10747551029,4.10747551029,4.10747551026,4.10747550986,4.20950191418,4.20950191418,4.20950191418,4.20950191418,4.20950191418,6.32929962927,7.47101281691,7.47101281691,7.47101281691,7.47101281687,7.47101281677,7.47101281677,7.47101281597,7.47101281597,7.47101281647,7.471012816542,7.471012816595,7.471012816595,7.471012816542,7.47101281647,7.47101281647,7.47101281641,7.47101281641,7.47101281647,7.4710128164,7.47101281637,7.47101281637,7.47101281618,7.47101281644,7.471012816424,7.471012816524,7.471012816564,7.471012816564,7.47101281649,7.47101281649,7.47101281648,7.47101281648,7.76322367157,7.76322367157,7.76322367187,7.76322367187,7.76322367188,7.76322367188,7.76322367187
"t96",11.44684222187,11.44684222205,11.44684222205,11.44684222205,11.44684222217,11.44684222217,11.44684222217,11.44684222248,11.44684222248,11.44684222248,11.44684222247,11.44684222247,11.44684222247,11.4468422225,11.4468422225,11.4468422225,11.4468422225,11.44684222247,11.44684222247,11.44684222247,7.24048289487,7.24048289481,7.24048289481,7.24048289487,7.24048289487,7.24048289487,6.26096210048,6.26096210053,6.26096210053,6.26096210053,0.0810323176,0,3.07282553978,3.07282553958,3.07282553958,3.0728255397,3.07282553963,3.07282553963,3.0728255396,3.0728255396,3.26889074186,4.10747551021,4.10747551009,4.10747551009,4.1074755101,4.1074755101,4.10747551021,4.10747551021,4.10747551026,4.10747551026,4.10747551026,4.10747551026,4.10747551029,4.10747551029,4.10747551026,4.10747550986,4.20950191418,4.20950191418,4.20950191418,4.20950191418,4.20950191418,6.32929962927,7.47101281691,7.47101281691,7.47101281691,7.47101281687,7.47101281677,7.47101281677,7.47101281597,7.47101281597,7.47101281647,7.471012816542,7.471012816595,7.471012816595,7.471012816542,7.47101281647,7.47101281647,7.47101281641,7.47101281641,7.47101281647,7.4710128164,7.47101281637,7.47101281637,7.47101281618,7.47101281644,7.471012816424,7.471012816524,7.471012816564,7.471012816564,7.47101281649,7.47101281649,7.47101281648,7.47101281648,7.76322367157,7.76322367157,7.76322367187,7.76322367187,7.76322367188,7.76322367188,7.76322367187
"t6",11.44684222205,11.44684222223,11.44684222223,11.44684222223,11.44684222235,11.44684222235,11.44684222235,11.44684222266,11.44684222266,11.44684222266,11.44684222265,11.44684222265,11.44684222265,11.44684222268,11.44684222268,11.44684222268,11.44684222268,11.44684222265,11.44684222265,11.44684222265,7.24048289505,7.24048289499,7.24048289499,7.24048289505,7.24048289505,7.24048289505,6.26096210066,6.26096210071,6.26096210071,6.26096210071,3.07282553978,3.07282553978,0,2.0980182258,2.0980182258,2.19373048088,2.19373048081,2.19373048081,2.19373048078,2.19373048078,3.26889074204,4.10747551039,4.10747551027,4.10747551027,4.10747551028,4.10747551028,4.10747551039,4.10747551039,4.10747551044,4.10747551044,4.10747551044,4.10747551044,4.10747551047,4.10747551047,4.10747551044,4.10747551004,4.20950191436,4.20950191436,4.20950191436,4.20950191436,4.20950191436,6.32929962945,7.47101281709,7.47101281709,7.47101281709,7.47101281705,7.47101281695,7.47101281695,7.47101281615,7.47101281615,7.47101281665,7.471012816722,7.471012816775,7.471012816775,7.471012816722,7.47101281665,7.47101281665,7.47101281659,7.47101281659,7.47101281665,7.47101281658,7.47101281655,7.47101281655,7.47101281636,7.47101281662,7.471012816604,7.471012816704,7.471012816744,7.471012816744,7.47101281667,7.47101281667,7.47101281666,7.47101281666,7.76322367175,7.76322367175,7.76322367205,7.76322367205,7.76322367206,7.76322367206,7.76322367205
"t38",11.44684222185,11.44684222203,11.44684222203,11.44684222203,11.44684222215,11.44684222215,11.44684222215,11.44684222246,11.44684222246,11.44684222246,11.44684222245,11.44684222245,11.44684222245,11.44684222248,11.44684222248,11.44684222248,11.44684222248,11.44684222245,11.44684222245,11.44684222245,7.24048289485,7.24048289479,7.24048289479,7.24048289485,7.24048289485,7.24048289485,6.26096210046,6.26096210051,6.26096210051,6.26096210051,3.07282553958,3.07282553958,2.0980182258,0,0.9971365658,2.19373048068,2.19373048061,2.19373048061,2.19373048058,2.19373048058,3.26889074184,4.10747551019,4.10747551007,4.10747551007,4.10747551008,4.10747551008,4.10747551019,4.10747551019,4.10747551024,4.10747551024,4.10747551024,4.10747551024,4.10747551027,4.10747551027,4.10747551024,4.10747550984,4.20950191416,4.20950191416,4.20950191416,4.20950191416,4.20950191416,6.32929962925,7.47101281689,7.47101281689,7.47101281689,7.47101281685,7.47101281675,7.47101281675,7.47101281595,7.47101281595,7.47101281645,7.471012816522,7.471012816575,7.471012816575,7.471012816522,7.47101281645,7.47101281645,7.47101281639,7.47101281639,7.47101281645,7.47101281638,7.47101281635,7.47101281635,7.47101281616,7.47101281642,7.471012816404,7.471012816504,7.471012816544,7.471012816544,7.47101281647,7.47101281647,7.47101281646,7.47101281646,7.76322367155,7.76322367155,7.76322367185,7.76322367185,7.76322367186,7.76322367186,7.76322367185
"t39",11.44684222185,11.44684222203,11.44684222203,11.44684222203,11.44684222215,11.44684222215,11.44684222215,11.44684222246,11.44684222246,11.44684222246,11.44684222245,11.44684222245,11.44684222245,11.44684222248,11.44684222248,11.44684222248,11.44684222248,11.44684222245,11.44684222245,11.44684222245,7.24048289485,7.24048289479,7.24048289479,7.24048289485,7.24048289485,7.24048289485,6.26096210046,6.26096210051,6.26096210051,6.26096210051,3.07282553958,3.07282553958,2.0980182258,0.9971365658,0,2.19373048068,2.19373048061,2.19373048061,2.19373048058,2.19373048058,3.26889074184,4.10747551019,4.10747551007,4.10747551007,4.10747551008,4.10747551008,4.10747551019,4.10747551019,4.10747551024,4.10747551024,4.10747551024,4.10747551024,4.10747551027,4.10747551027,4.10747551024,4.10747550984,4.20950191416,4.20950191416,4.20950191416,4.20950191416,4.20950191416,6.32929962925,7.47101281689,7.47101281689,7.47101281689,7.47101281685,7.47101281675,7.47101281675,7.47101281595,7.47101281595,7.47101281645,7.471012816522,7.471012816575,7.471012816575,7.471012816522,7.47101281645,7.47101281645,7.47101281639,7.47101281639,7.47101281645,7.47101281638,7.47101281635,7.47101281635,7.47101281616,7.47101281642,7.471012816404,7.471012816504,7.471012816544,7.471012816544,7.47101281647,7.47101281647,7.47101281646,7.47101281646,7.76322367155,7.76322367155,7.76322367185,7.76322367185,7.76322367186,7.76322367186,7.76322367185
"t12",11.44684222197,11.44684222215,11.44684222215,11.44684222215,11.44684222227,11.44684222227,11.44684222227,11.44684222258,11.44684222258,11.44684222258,11.44684222257,11.44684222257,11.44684222257,11.4468422226,11.4468422226,11.4468422226,11.4468422226,11.44684222257,11.44684222257,11.44684222257,7.24048289497,7.24048289491,7.24048289491,7.24048289497,7.24048289497,7.24048289497,6.26096210058,6.26096210063,6.26096210063,6.26096210063,3.0728255397,3.0728255397,2.19373048088,2.19373048068,2.19373048068,0,1.69902520993,1.69902520993,1.6990252099,1.6990252099,3.26889074196,4.10747551031,4.10747551019,4.10747551019,4.1074755102,4.1074755102,4.10747551031,4.10747551031,4.10747551036,4.10747551036,4.10747551036,4.10747551036,4.10747551039,4.10747551039,4.10747551036,4.10747550996,4.20950191428,4.20950191428,4.20950191428,4.20950191428,4.20950191428,6.32929962937,7.47101281701,7.47101281701,7.47101281701,7.47101281697,7.47101281687,7.47101281687,7.47101281607,7.47101281607,7.47101281657,7.471012816642,7.471012816695,7.471012816695,7.471012816642,7.47101281657,7.47101281657,7.47101281651,7.47101281651,7.47101281657,7.4710128165,7.47101281647,7.47101281647,7.47101281628,7.47101281654,7.471012816524,7.471012816624,7.471012816664,7.471012816664,7.47101281659,7.47101281659,7.47101281658,7.47101281658,7.76322367167,7.76322367167,7.76322367197,7.76322367197,7.76322367198,7.76322367198,7.76322367197
"t84",11.4468422219,11.44684222208,11.44684222208,11.44684222208,11.4468422222,11.4468422222,11.4468422222,11.44684222251,11.44684222251,11.44684222251,11.4468422225,11.4468422225,11.4468422225,11.44684222253,11.44684222253,11.44684222253,11.44684222253,11.4468422225,11.4468422225,11.4468422225,7.2404828949,7.24048289484,7.24048289484,7.2404828949,7.2404828949,7.2404828949,6.26096210051,6.26096210056,6.26096210056,6.26096210056,3.07282553963,3.07282553963,2.19373048081,2.19373048061,2.19373048061,1.69902520993,0,0.15638755026,1.14867028703,1.14867028703,3.26889074189,4.10747551024,4.10747551012,4.10747551012,4.10747551013,4.10747551013,4.10747551024,4.10747551024,4.10747551029,4.10747551029,4.10747551029,4.10747551029,4.10747551032,4.10747551032,4.10747551029,4.10747550989,4.20950191421,4.20950191421,4.20950191421,4.20950191421,4.20950191421,6.3292996293,7.47101281694,7.47101281694,7.47101281694,7.4710128169,7.4710128168,7.4710128168,7.471012816,7.471012816,7.4710128165,7.471012816572,7.471012816625,7.471012816625,7.471012816572,7.4710128165,7.4710128165,7.47101281644,7.47101281644,7.4710128165,7.47101281643,7.4710128164,7.4710128164,7.47101281621,7.47101281647,7.471012816454,7.471012816554,7.471012816594,7.471012816594,7.47101281652,7.47101281652,7.47101281651,7.47101281651,7.7632236716,7.7632236716,7.7632236719,7.7632236719,7.76322367191,7.76322367191,7.7632236719
"t85",11.4468422219,11.44684222208,11.44684222208,11.44684222208,11.4468422222,11.4468422222,11.4468422222,11.44684222251,11.44684222251,11.44684222251,11.4468422225,11.4468422225,11.4468422225,11.44684222253,11.44684222253,11.44684222253,11.44684222253,11.4468422225,11.4468422225,11.4468422225,7.2404828949,7.24048289484,7.24048289484,7.2404828949,7.2404828949,7.2404828949,6.26096210051,6.26096210056,6.26096210056,6.26096210056,3.07282553963,3.07282553963,2.19373048081,2.19373048061,2.19373048061,1.69902520993,0.15638755026,0,1.14867028703,1.14867028703,3.26889074189,4.10747551024,4.10747551012,4.10747551012,4.10747551013,4.10747551013,4.10747551024,4.10747551024,4.10747551029,4.10747551029,4.10747551029,4.10747551029,4.10747551032,4.10747551032,4.10747551029,4.10747550989,4.20950191421,4.20950191421,4.20950191421,4.20950191421,4.20950191421,6.3292996293,7.47101281694,7.47101281694,7.47101281694,7.4710128169,7.4710128168,7.4710128168,7.471012816,7.471012816,7.4710128165,7.471012816572,7.471012816625,7.471012816625,7.471012816572,7.4710128165,7.4710128165,7.47101281644,7.47101281644,7.4710128165,7.47101281643,7.4710128164,7.4710128164,7.47101281621,7.47101281647,7.471012816454,7.471012816554,7.471012816594,7.471012816594,7.47101281652,7.47101281652,7.47101281651,7.47101281651,7.7632236716,7.7632236716,7.7632236719,7.7632236719,7.76322367191,7.76322367191,7.7632236719
"t55",11.44684222187,11.44684222205,11.44684222205,11.44684222205,11.44684222217,11.44684222217,11.44684222217,11.44684222248,11.44684222248,11.44684222248,11.44684222247,11.44684222247,11.44684222247,11.4468422225,11.4468422225,11.4468422225,11.4468422225,11.44684222247,11.44684222247,11.44684222247,7.24048289487,7.24048289481,7.24048289481,7.24048289487,7.24048289487,7.24048289487,6.26096210048,6.26096210053,6.26096210053,6.26096210053,3.0728255396,3.0728255396,2.19373048078,2.19373048058,2.19373048058,1.6990252099,1.14867028703,1.14867028703,0,0.6718010772,3.26889074186,4.10747551021,4.10747551009,4.10747551009,4.1074755101,4.1074755101,4.10747551021,4.10747551021,4.10747551026,4.10747551026,4.10747551026,4.10747551026,4.10747551029,4.10747551029,4.10747551026,4.10747550986,4.20950191418,4.20950191418,4.20950191418,4.20950191418,4.20950191418,6.32929962927,7.47101281691,7.47101281691,7.47101281691,7.47101281687,7.47101281677,7.47101281677,7.47101281597,7.47101281597,7.47101281647,7.471012816542,7.471012816595,7.471012816595,7.471012816542,7.47101281647,7.47101281647,7.47101281641,7.47101281641,7.47101281647,7.4710128164,7.47101281637,7.47101281637,7.47101281618,7.47101281644,7.471012816424,7.471012816524,7.471012816564,7.471012816564,7.47101281649,7.47101281649,7.47101281648,7.47101281648,7.76322367157,7.76322367157,7.76322367187,7.76322367187,7.76322367188,7.76322367188,7.76322367187
"t56",11.44684222187,11.44684222205,11.44684222205,11.44684222205,11.44684222217,11.44684222217,11.44684222217,11.44684222248,11.44684222248,11.44684222248,11.44684222247,11.44684222247,11.44684222247,11.4468422225,11.4468422225,11.4468422225,11.4468422225,11.44684222247,11.44684222247,11.44684222247,7.24048289487,7.24048289481,7.24048289481,7.24048289487,7.24048289487,7.24048289487,6.26096210048,6.26096210053,6.26096210053,6.26096210053,3.0728255396,3.0728255396,2.19373048078,2.19373048058,2.19373048058,1.6990252099,1.14867028703,1.14867028703,0.6718010772,0,3.26889074186,4.10747551021,4.10747551009,4.10747551009,4.1074755101,4.1074755101,4.10747551021,4.10747551021,4.10747551026,4.10747551026,4.10747551026,4.10747551026,4.10747551029,4.10747551029,4.10747551026,4.10747550986,4.20950191418,4.20950191418,4.20950191418,4.20950191418,4.20950191418,6.32929962927,7.47101281691,7.47101281691,7.47101281691,7.47101281687,7.47101281677,7.47101281677,7.47101281597,7.47101281597,7.47101281647,7.471012816542,7.471012816595,7.471012816595,7.471012816542,7.47101281647,7.47101281647,7.47101281641,7.47101281641,7.47101281647,7.4710128164,7.47101281637,7.47101281637,7.47101281618,7.47101281644,7.471012816424,7.471012816524,7.471012816564,7.471012816564,7.47101281649,7.47101281649,7.47101281648,7.47101281648,7.76322367157,7.76322367157,7.76322367187,7.76322367187,7.76322367188,7.76322367188,7.76322367187
"t2",11.44684222201,11.44684222219,11.44684222219,11.44684222219,11.44684222231,11.44684222231,11.44684222231,11.44684222262,11.44684222262,11.44684222262,11.44684222261,11.44684222261,11.44684222261,11.44684222264,11.44684222264,11.44684222264,11.44684222264,11.44684222261,11.44684222261,11.44684222261,7.24048289501,7.24048289495,7.24048289495,7.24048289501,7.24048289501,7.24048289501,6.26096210062,6.26096210067,6.26096210067,6.26096210067,3.26889074186,3.26889074186,3.26889074204,3.26889074184,3.26889074184,3.26889074196,3.26889074189,3.26889074189,3.26889074186,3.26889074186,0,4.10747551035,4.10747551023,4.10747551023,4.10747551024,4.10747551024,4.10747551035,4.10747551035,4.1074755104,4.1074755104,4.1074755104,4.1074755104,4.10747551043,4.10747551043,4.1074755104,4.10747551,4.20950191432,4.20950191432,4.20950191432,4.20950191432,4.20950191432,6.32929962941,7.47101281705,7.47101281705,7.47101281705,7.47101281701,7.47101281691,7.47101281691,7.47101281611,7.47101281611,7.47101281661,7.471012816682,7.471012816735,7.471012816735,7.471012816682,7.47101281661,7.47101281661,7.47101281655,7.47101281655,7.47101281661,7.47101281654,7.47101281651,7.47101281651,7.47101281632,7.47101281658,7.471012816564,7.471012816664,7.471012816704,7.471012816704,7.47101281663,7.47101281663,7.47101281662,7.47101281662,7.76322367171,7.76322367171,7.76322367201,7.76322367201,7.76322367202,7.76322367202,7.76322367201
"t33",11.44684222196,11.44684222214,11.44684222214,11.44684222214,11.44684222226,11.44684222226,11.44684222226,11.44684222257,11.44684222257,11.44684222257,11.44684222256,11.44684222256,11.44684222256,11.44684222259,11.44684222259,11.44684222259,11.44684222259,11.44684222256,11.44684222256,11.44684222256,7.24048289496,7.2404828949,7.2404828949,7.24048289496,7.24048289496,7.24048289496,6.26096210057,6.26096210062,6.26096210062,6.26096210062,4.10747551021,4.10747551021,4.10747551039,4.10747551019,4.10747551019,4.10747551031,4.10747551024,4.10747551024,4.10747551021,4.10747551021,4.10747551035,0,1.18307576508,1.18307576508,1.18307576509,1.18307576509,1.6078068604,1.6078068604,1.65623197155,1.65623197155,1.65623197155,2.33083621835,2.33083621838,2.33083621838,2.33083621835,2.33083621795,4.20950191427,4.20950191427,4.20950191427,4.20950191427,4.20950191427,6.32929962936,7.471012817,7.471012817,7.471012817,7.47101281696,7.47101281686,7.47101281686,7.47101281606,7.47101281606,7.47101281656,7.471012816632,7.471012816685,7.471012816685,7.471012816632,7.47101281656,7.47101281656,7.4710128165,7.4710128165,7.47101281656,7.47101281649,7.47101281646,7.47101281646,7.47101281627,7.47101281653,7.471012816514,7.471012816614,7.471012816654,7.471012816654,7.47101281658,7.47101281658,7.47101281657,7.47101281657,7.76322367166,7.76322367166,7.76322367196,7.76322367196,7.76322367197,7.76322367197,7.76322367196
"t90",11.44684222184,11.44684222202,11.44684222202,11.44684222202,11.44684222214,11.44684222214,11.44684222214,11.44684222245,11.44684222245,11.44684222245,11.44684222244,11.44684222244,11.44684222244,11.44684222247,11.44684222247,11.44684222247,11.44684222247,11.44684222244,11.44684222244,11.44684222244,7.24048289484,7.24048289478,7.24048289478,7.24048289484,7.24048289484,7.24048289484,6.26096210045,6.2609621005,6.2609621005,6.2609621005,4.10747551009,4.10747551009,4.10747551027,4.10747551007,4.10747551007,4.10747551019,4.10747551012,4.10747551012,4.10747551009,4.10747551009,4.10747551023,1.18307576508,0,0.13645867696,0.95058231037,0.95058231037,1.60780686028,1.60780686028,1.65623197143,1.65623197143,1.65623197143,2.33083621823,2.33083621826,2.33083621826,2.33083621823,2.33083621783,4.20950191415,4.20950191415,4.20950191415,4.20950191415,4.20950191415,6.32929962924,7.47101281688,7.47101281688,7.47101281688,7.47101281684,7.47101281674,7.47101281674,7.47101281594,7.47101281594,7.47101281644,7.471012816512,7.471012816565,7.471012816565,7.471012816512,7.47101281644,7.47101281644,7.47101281638,7.47101281638,7.47101281644,7.47101281637,7.47101281634,7.47101281634,7.47101281615,7.47101281641,7.471012816394,7.471012816494,7.471012816534,7.471012816534,7.47101281646,7.47101281646,7.47101281645,7.47101281645,7.76322367154,7.76322367154,7.76322367184,7.76322367184,7.76322367185,7.76322367185,7.76322367184
"t91",11.44684222184,11.44684222202,11.44684222202,11.44684222202,11.44684222214,11.44684222214,11.44684222214,11.44684222245,11.44684222245,11.44684222245,11.44684222244,11.44684222244,11.44684222244,11.44684222247,11.44684222247,11.44684222247,11.44684222247,11.44684222244,11.44684222244,11.44684222244,7.24048289484,7.24048289478,7.24048289478,7.24048289484,7.24048289484,7.24048289484,6.26096210045,6.2609621005,6.2609621005,6.2609621005,4.10747551009,4.10747551009,4.10747551027,4.10747551007,4.10747551007,4.10747551019,4.10747551012,4.10747551012,4.10747551009,4.10747551009,4.10747551023,1.18307576508,0.13645867696,0,0.95058231037,0.95058231037,1.60780686028,1.60780686028,1.65623197143,1.65623197143,1.65623197143,2.33083621823,2.33083621826,2.33083621826,2.33083621823,2.33083621783,4.20950191415,4.20950191415,4.20950191415,4.20950191415,4.20950191415,6.32929962924,7.47101281688,7.47101281688,7.47101281688,7.47101281684,7.47101281674,7.47101281674,7.47101281594,7.47101281594,7.47101281644,7.471012816512,7.471012816565,7.471012816565,7.471012816512,7.47101281644,7.47101281644,7.47101281638,7.47101281638,7.47101281644,7.47101281637,7.47101281634,7.47101281634,7.47101281615,7.47101281641,7.471012816394,7.471012816494,7.471012816534,7.471012816534,7.47101281646,7.47101281646,7.47101281645,7.47101281645,7.76322367154,7.76322367154,7.76322367184,7.76322367184,7.76322367185,7.76322367185,7.76322367184
"t43",11.44684222185,11.44684222203,11.44684222203,11.44684222203,11.44684222215,11.44684222215,11.44684222215,11.44684222246,11.44684222246,11.44684222246,11.44684222245,11.44684222245,11.44684222245,11.44684222248,11.44684222248,11.44684222248,11.44684222248,11.44684222245,11.44684222245,11.44684222245,7.24048289485,7.24048289479,7.24048289479,7.24048289485,7.24048289485,7.24048289485,6.26096210046,6.26096210051,6.26096210051,6.26096210051,4.1074755101,4.1074755101,4.10747551028,4.10747551008,4.10747551008,4.1074755102,4.10747551013,4.10747551013,4.1074755101,4.1074755101,4.10747551024,1.18307576509,0.95058231037,0.95058231037,0,0.9233424608,1.60780686029,1.60780686029,1.65623197144,1.65623197144,1.65623197144,2.33083621824,2.33083621827,2.33083621827,2.33083621824,2.33083621784,4.20950191416,4.20950191416,4.20950191416,4.20950191416,4.20950191416,6.32929962925,7.47101281689,7.47101281689,7.47101281689,7.47101281685,7.47101281675,7.47101281675,7.47101281595,7.47101281595,7.47101281645,7.471012816522,7.471012816575,7.471012816575,7.471012816522,7.47101281645,7.47101281645,7.47101281639,7.47101281639,7.47101281645,7.47101281638,7.47101281635,7.47101281635,7.47101281616,7.47101281642,7.471012816404,7.471012816504,7.471012816544,7.471012816544,7.47101281647,7.47101281647,7.47101281646,7.47101281646,7.76322367155,7.76322367155,7.76322367185,7.76322367185,7.76322367186,7.76322367186,7.76322367185
"t44",11.44684222185,11.44684222203,11.44684222203,11.44684222203,11.44684222215,11.44684222215,11.44684222215,11.44684222246,11.44684222246,11.44684222246,11.44684222245,11.44684222245,11.44684222245,11.44684222248,11.44684222248,11.44684222248,11.44684222248,11.44684222245,11.44684222245,11.44684222245,7.24048289485,7.24048289479,7.24048289479,7.24048289485,7.24048289485,7.24048289485,6.26096210046,6.26096210051,6.26096210051,6.26096210051,4.1074755101,4.1074755101,4.10747551028,4.10747551008,4.10747551008,4.1074755102,4.10747551013,4.10747551013,4.1074755101,4.1074755101,4.10747551024,1.18307576509,0.95058231037,0.95058231037,0.9233424608,0,1.60780686029,1.60780686029,1.65623197144,1.65623197144,1.65623197144,2.33083621824,2.33083621827,2.33083621827,2.33083621824,2.33083621784,4.20950191416,4.20950191416,4.20950191416,4.20950191416,4.20950191416,6.32929962925,7.47101281689,7.47101281689,7.47101281689,7.47101281685,7.47101281675,7.47101281675,7.47101281595,7.47101281595,7.47101281645,7.471012816522,7.471012816575,7.471012816575,7.471012816522,7.47101281645,7.47101281645,7.47101281639,7.47101281639,7.47101281645,7.47101281638,7.47101281635,7.47101281635,7.47101281616,7.47101281642,7.471012816404,7.471012816504,7.471012816544,7.471012816544,7.47101281647,7.47101281647,7.47101281646,7.47101281646,7.76322367155,7.76322367155,7.76322367185,7.76322367185,7.76322367186,7.76322367186,7.76322367185
"t16",11.44684222196,11.44684222214,11.44684222214,11.44684222214,11.44684222226,11.44684222226,11.44684222226,11.44684222257,11.44684222257,11.44684222257,11.44684222256,11.44684222256,11.44684222256,11.44684222259,11.44684222259,11.44684222259,11.44684222259,11.44684222256,11.44684222256,11.44684222256,7.24048289496,7.2404828949,7.2404828949,7.24048289496,7.24048289496,7.24048289496,6.26096210057,6.26096210062,6.26096210062,6.26096210062,4.10747551021,4.10747551021,4.10747551039,4.10747551019,4.10747551019,4.10747551031,4.10747551024,4.10747551024,4.10747551021,4.10747551021,4.10747551035,1.6078068604,1.60780686028,1.60780686028,1.60780686029,1.60780686029,0,1.5451460354,1.65623197155,1.65623197155,1.65623197155,2.33083621835,2.33083621838,2.33083621838,2.33083621835,2.33083621795,4.20950191427,4.20950191427,4.20950191427,4.20950191427,4.20950191427,6.32929962936,7.471012817,7.471012817,7.471012817,7.47101281696,7.47101281686,7.47101281686,7.47101281606,7.47101281606,7.47101281656,7.471012816632,7.471012816685,7.471012816685,7.471012816632,7.47101281656,7.47101281656,7.4710128165,7.4710128165,7.47101281656,7.47101281649,7.47101281646,7.47101281646,7.47101281627,7.47101281653,7.471012816514,7.471012816614,7.471012816654,7.471012816654,7.47101281658,7.47101281658,7.47101281657,7.47101281657,7.76322367166,7.76322367166,7.76322367196,7.76322367196,7.76322367197,7.76322367197,7.76322367196
"t17",11.44684222196,11.44684222214,11.44684222214,11.44684222214,11.44684222226,11.44684222226,11.44684222226,11.44684222257,11.44684222257,11.44684222257,11.44684222256,11.44684222256,11.44684222256,11.44684222259,11.44684222259,11.44684222259,11.44684222259,11.44684222256,11.44684222256,11.44684222256,7.24048289496,7.2404828949,7.2404828949,7.24048289496,7.24048289496,7.24048289496,6.26096210057,6.26096210062,6.26096210062,6.26096210062,4.10747551021,4.10747551021,4.10747551039,4.10747551019,4.10747551019,4.10747551031,4.10747551024,4.10747551024,4.10747551021,4.10747551021,4.10747551035,1.6078068604,1.60780686028,1.60780686028,1.60780686029,1.60780686029,1.5451460354,0,1.65623197155,1.65623197155,1.65623197155,2.33083621835,2.33083621838,2.33083621838,2.33083621835,2.33083621795,4.20950191427,4.20950191427,4.20950191427,4.20950191427,4.20950191427,6.32929962936,7.471012817,7.471012817,7.471012817,7.47101281696,7.47101281686,7.47101281686,7.47101281606,7.47101281606,7.47101281656,7.471012816632,7.471012816685,7.471012816685,7.471012816632,7.47101281656,7.47101281656,7.4710128165,7.4710128165,7.47101281656,7.47101281649,7.47101281646,7.47101281646,7.47101281627,7.47101281653,7.471012816514,7.471012816614,7.471012816654,7.471012816654,7.47101281658,7.47101281658,7.47101281657,7.47101281657,7.76322367166,7.76322367166,7.76322367196,7.76322367196,7.76322367197,7.76322367197,7.76322367196
"t99",11.44684222201,11.44684222219,11.44684222219,11.44684222219,11.44684222231,11.44684222231,11.44684222231,11.44684222262,11.44684222262,11.44684222262,11.44684222261,11.44684222261,11.44684222261,11.44684222264,11.44684222264,11.44684222264,11.44684222264,11.44684222261,11.44684222261,11.44684222261,7.24048289501,7.24048289495,7.24048289495,7.24048289501,7.24048289501,7.24048289501,6.26096210062,6.26096210067,6.26096210067,6.26096210067,4.10747551026,4.10747551026,4.10747551044,4.10747551024,4.10747551024,4.10747551036,4.10747551029,4.10747551029,4.10747551026,4.10747551026,4.1074755104,1.65623197155,1.65623197143,1.65623197143,1.65623197144,1.65623197144,1.65623197155,1.65623197155,0,0.0331925854,0.441281159,2.3308362184,2.33083621843,2.33083621843,2.3308362184,2.330836218,4.20950191432,4.20950191432,4.20950191432,4.20950191432,4.20950191432,6.32929962941,7.47101281705,7.47101281705,7.47101281705,7.47101281701,7.47101281691,7.47101281691,7.47101281611,7.47101281611,7.47101281661,7.471012816682,7.471012816735,7.471012816735,7.471012816682,7.47101281661,7.47101281661,7.47101281655,7.47101281655,7.47101281661,7.47101281654,7.47101281651,7.47101281651,7.47101281632,7.47101281658,7.471012816564,7.471012816664,7.471012816704,7.471012816704,7.47101281663,7.47101281663,7.47101281662,7.47101281662,7.76322367171,7.76322367171,7.76322367201,7.76322367201,7.76322367202,7.76322367202,7.76322367201
"t100",11.44684222201,11.44684222219,11.44684222219,11.44684222219,11.44684222231,11.44684222231,11.44684222231,11.44684222262,11.44684222262,11.44684222262,11.44684222261,11.44684222261,11.44684222261,11.44684222264,11.44684222264,11.44684222264,11.44684222264,11.44684222261,11.44684222261,11.44684222261,7.24048289501,7.24048289495,7.24048289495,7.24048289501,7.24048289501,7.24048289501,6.26096210062,6.26096210067,6.26096210067,6.26096210067,4.10747551026,4.10747551026,4.10747551044,4.10747551024,4.10747551024,4.10747551036,4.10747551029,4.10747551029,4.10747551026,4.10747551026,4.1074755104,1.65623197155,1.65623197143,1.65623197143,1.65623197144,1.65623197144,1.65623197155,1.65623197155,0.0331925854,0,0.441281159,2.3308362184,2.33083621843,2.33083621843,2.3308362184,2.330836218,4.20950191432,4.20950191432,4.20950191432,4.20950191432,4.20950191432,6.32929962941,7.47101281705,7.47101281705,7.47101281705,7.47101281701,7.47101281691,7.47101281691,7.47101281611,7.47101281611,7.47101281661,7.471012816682,7.471012816735,7.471012816735,7.471012816682,7.47101281661,7.47101281661,7.47101281655,7.47101281655,7.47101281661,7.47101281654,7.47101281651,7.47101281651,7.47101281632,7.47101281658,7.471012816564,7.471012816664,7.471012816704,7.471012816704,7.47101281663,7.47101281663,7.47101281662,7.47101281662,7.76322367171,7.76322367171,7.76322367201,7.76322367201,7.76322367202,7.76322367202,7.76322367201
"t61",11.44684222201,11.44684222219,11.44684222219,11.44684222219,11.44684222231,11.44684222231,11.44684222231,11.44684222262,11.44684222262,11.44684222262,11.44684222261,11.44684222261,11.44684222261,11.44684222264,11.44684222264,11.44684222264,11.44684222264,11.44684222261,11.44684222261,11.44684222261,7.24048289501,7.24048289495,7.24048289495,7.24048289501,7.24048289501,7.24048289501,6.26096210062,6.26096210067,6.26096210067,6.26096210067,4.10747551026,4.10747551026,4.10747551044,4.10747551024,4.10747551024,4.10747551036,4.10747551029,4.10747551029,4.10747551026,4.10747551026,4.1074755104,1.65623197155,1.65623197143,1.65623197143,1.65623197144,1.65623197144,1.65623197155,1.65623197155,0.441281159,0.441281159,0,2.3308362184,2.33083621843,2.33083621843,2.3308362184,2.330836218,4.20950191432,4.20950191432,4.20950191432,4.20950191432,4.20950191432,6.32929962941,7.47101281705,7.47101281705,7.47101281705,7.47101281701,7.47101281691,7.47101281691,7.47101281611,7.47101281611,7.47101281661,7.471012816682,7.471012816735,7.471012816735,7.471012816682,7.47101281661,7.47101281661,7.47101281655,7.47101281655,7.47101281661,7.47101281654,7.47101281651,7.47101281651,7.47101281632,7.47101281658,7.471012816564,7.471012816664,7.471012816704,7.471012816704,7.47101281663,7.47101281663,7.47101281662,7.47101281662,7.76322367171,7.76322367171,7.76322367201,7.76322367201,7.76322367202,7.76322367202,7.76322367201
"t24",11.44684222201,11.44684222219,11.44684222219,11.44684222219,11.44684222231,11.44684222231,11.44684222231,11.44684222262,11.44684222262,11.44684222262,11.44684222261,11.44684222261,11.44684222261,11.44684222264,11.44684222264,11.44684222264,11.44684222264,11.44684222261,11.44684222261,11.44684222261,7.24048289501,7.24048289495,7.24048289495,7.24048289501,7.24048289501,7.24048289501,6.26096210062,6.26096210067,6.26096210067,6.26096210067,4.10747551026,4.10747551026,4.10747551044,4.10747551024,4.10747551024,4.10747551036,4.10747551029,4.10747551029,4.10747551026,4.10747551026,4.1074755104,2.33083621835,2.33083621823,2.33083621823,2.33083621824,2.33083621824,2.33083621835,2.33083621835,2.3308362184,2.3308362184,2.3308362184,0,1.32012896843,1.32012896843,1.3201289684,2.0403236684,4.20950191432,4.20950191432,4.20950191432,4.20950191432,4.20950191432,6.32929962941,7.47101281705,7.47101281705,7.47101281705,7.47101281701,7.47101281691,7.47101281691,7.47101281611,7.47101281611,7.47101281661,7.471012816682,7.471012816735,7.471012816735,7.471012816682,7.47101281661,7.47101281661,7.47101281655,7.47101281655,7.47101281661,7.47101281654,7.47101281651,7.47101281651,7.47101281632,7.47101281658,7.471012816564,7.471012816664,7.471012816704,7.471012816704,7.47101281663,7.47101281663,7.47101281662,7.47101281662,7.76322367171,7.76322367171,7.76322367201,7.76322367201,7.76322367202,7.76322367202,7.76322367201
"t82",11.44684222204,11.44684222222,11.44684222222,11.44684222222,11.44684222234,11.44684222234,11.44684222234,11.44684222265,11.44684222265,11.44684222265,11.44684222264,11.44684222264,11.44684222264,11.44684222267,11.44684222267,11.44684222267,11.44684222267,11.44684222264,11.44684222264,11.44684222264,7.24048289504,7.24048289498,7.24048289498,7.24048289504,7.24048289504,7.24048289504,6.26096210065,6.2609621007,6.2609621007,6.2609621007,4.10747551029,4.10747551029,4.10747551047,4.10747551027,4.10747551027,4.10747551039,4.10747551032,4.10747551032,4.10747551029,4.10747551029,4.10747551043,2.33083621838,2.33083621826,2.33083621826,2.33083621827,2.33083621827,2.33083621838,2.33083621838,2.33083621843,2.33083621843,2.33083621843,1.32012896843,0,0.18130936346,0.96158264263,2.04032366843,4.20950191435,4.20950191435,4.20950191435,4.20950191435,4.20950191435,6.32929962944,7.47101281708,7.47101281708,7.47101281708,7.47101281704,7.47101281694,7.47101281694,7.47101281614,7.47101281614,7.47101281664,7.471012816712,7.471012816765,7.471012816765,7.471012816712,7.47101281664,7.47101281664,7.47101281658,7.47101281658,7.47101281664,7.47101281657,7.47101281654,7.47101281654,7.47101281635,7.47101281661,7.471012816594,7.471012816694,7.471012816734,7.471012816734,7.47101281666,7.47101281666,7.47101281665,7.47101281665,7.76322367174,7.76322367174,7.76322367204,7.76322367204,7.76322367205,7.76322367205,7.76322367204
"t83",11.44684222204,11.44684222222,11.44684222222,11.44684222222,11.44684222234,11.44684222234,11.44684222234,11.44684222265,11.44684222265,11.44684222265,11.44684222264,11.44684222264,11.44684222264,11.44684222267,11.44684222267,11.44684222267,11.44684222267,11.44684222264,11.44684222264,11.44684222264,7.24048289504,7.24048289498,7.24048289498,7.24048289504,7.24048289504,7.24048289504,6.26096210065,6.2609621007,6.2609621007,6.2609621007,4.10747551029,4.10747551029,4.10747551047,4.10747551027,4.10747551027,4.10747551039,4.10747551032,4.10747551032,4.10747551029,4.10747551029,4.10747551043,2.33083621838,2.33083621826,2.33083621826,2.33083621827,2.33083621827,2.33083621838,2.33083621838,2.33083621843,2.33083621843,2.33083621843,1.32012896843,0.18130936346,0,0.96158264263,2.04032366843,4.20950191435,4.20950191435,4.20950191435,4.20950191435,4.20950191435,6.32929962944,7.47101281708,7.47101281708,7.47101281708,7.47101281704,7.47101281694,7.47101281694,7.47101281614,7.47101281614,7.47101281664,7.471012816712,7.471012816765,7.471012816765,7.471012816712,7.47101281664,7.47101281664,7.47101281658,7.47101281658,7.47101281664,7.47101281657,7.47101281654,7.47101281654,7.47101281635,7.47101281661,7.471012816594,7.471012816694,7.471012816734,7.471012816734,7.47101281666,7.47101281666,7.47101281665,7.47101281665,7.76322367174,7.76322367174,7.76322367204,7.76322367204,7.76322367205,7.76322367205,7.76322367204
"t42",11.44684222201,11.44684222219,11.44684222219,11.44684222219,11.44684222231,11.44684222231,11.44684222231,11.44684222262,11.44684222262,11.44684222262,11.44684222261,11.44684222261,11.44684222261,11.44684222264,11.44684222264,11.44684222264,11.44684222264,11.44684222261,11.44684222261,11.44684222261,7.24048289501,7.24048289495,7.24048289495,7.24048289501,7.24048289501,7.24048289501,6.26096210062,6.26096210067,6.26096210067,6.26096210067,4.10747551026,4.10747551026,4.10747551044,4.10747551024,4.10747551024,4.10747551036,4.10747551029,4.10747551029,4.10747551026,4.10747551026,4.1074755104,2.33083621835,2.33083621823,2.33083621823,2.33083621824,2.33083621824,2.33083621835,2.33083621835,2.3308362184,2.3308362184,2.3308362184,1.3201289684,0.96158264263,0.96158264263,0,2.0403236684,4.20950191432,4.20950191432,4.20950191432,4.20950191432,4.20950191432,6.32929962941,7.47101281705,7.47101281705,7.47101281705,7.47101281701,7.47101281691,7.47101281691,7.47101281611,7.47101281611,7.47101281661,7.471012816682,7.471012816735,7.471012816735,7.471012816682,7.47101281661,7.47101281661,7.47101281655,7.47101281655,7.47101281661,7.47101281654,7.47101281651,7.47101281651,7.47101281632,7.47101281658,7.471012816564,7.471012816664,7.471012816704,7.471012816704,7.47101281663,7.47101281663,7.47101281662,7.47101281662,7.76322367171,7.76322367171,7.76322367201,7.76322367201,7.76322367202,7.76322367202,7.76322367201
"t7",11.44684222161,11.44684222179,11.44684222179,11.44684222179,11.44684222191,11.44684222191,11.44684222191,11.44684222222,11.44684222222,11.44684222222,11.44684222221,11.44684222221,11.44684222221,11.44684222224,11.44684222224,11.44684222224,11.44684222224,11.44684222221,11.44684222221,11.44684222221,7.24048289461,7.24048289455,7.24048289455,7.24048289461,7.24048289461,7.24048289461,6.26096210022,6.26096210027,6.26096210027,6.26096210027,4.10747550986,4.10747550986,4.10747551004,4.10747550984,4.10747550984,4.10747550996,4.10747550989,4.10747550989,4.10747550986,4.10747550986,4.10747551,2.33083621795,2.33083621783,2.33083621783,2.33083621784,2.33083621784,2.33083621795,2.33083621795,2.330836218,2.330836218,2.330836218,2.0403236684,2.04032366843,2.04032366843,2.0403236684,0,4.20950191392,4.20950191392,4.20950191392,4.20950191392,4.20950191392,6.32929962901,7.47101281665,7.47101281665,7.47101281665,7.47101281661,7.47101281651,7.47101281651,7.47101281571,7.47101281571,7.47101281621,7.471012816282,7.471012816335,7.471012816335,7.471012816282,7.47101281621,7.47101281621,7.47101281615,7.47101281615,7.47101281621,7.47101281614,7.47101281611,7.47101281611,7.47101281592,7.47101281618,7.471012816164,7.471012816264,7.471012816304,7.471012816304,7.47101281623,7.47101281623,7.47101281622,7.47101281622,7.76322367131,7.76322367131,7.76322367161,7.76322367161,7.76322367162,7.76322367162,7.76322367161
"t49",11.44684222229,11.44684222247,11.44684222247,11.44684222247,11.44684222259,11.44684222259,11.44684222259,11.4468422229,11.4468422229,11.4468422229,11.44684222289,11.44684222289,11.44684222289,11.44684222292,11.44684222292,11.44684222292,11.44684222292,11.44684222289,11.44684222289,11.44684222289,7.24048289529,7.24048289523,7.24048289523,7.24048289529,7.24048289529,7.24048289529,6.2609621009,6.26096210095,6.26096210095,6.26096210095,4.20950191418,4.20950191418,4.20950191436,4.20950191416,4.20950191416,4.20950191428,4.20950191421,4.20950191421,4.20950191418,4.20950191418,4.20950191432,4.20950191427,4.20950191415,4.20950191415,4.20950191416,4.20950191416,4.20950191427,4.20950191427,4.20950191432,4.20950191432,4.20950191432,4.20950191432,4.20950191435,4.20950191435,4.20950191432,4.20950191392,0,0.7466045618,2.1270451326,2.1270451326,2.1270451326,6.32929962969,7.47101281733,7.47101281733,7.47101281733,7.47101281729,7.47101281719,7.47101281719,7.47101281639,7.47101281639,7.47101281689,7.471012816962,7.471012817015,7.471012817015,7.471012816962,7.47101281689,7.47101281689,7.47101281683,7.47101281683,7.47101281689,7.47101281682,7.47101281679,7.47101281679,7.4710128166,7.47101281686,7.471012816844,7.471012816944,7.471012816984,7.471012816984,7.47101281691,7.47101281691,7.4710128169,7.4710128169,7.76322367199,7.76322367199,7.76322367229,7.76322367229,7.7632236723,7.7632236723,7.76322367229
"t50",11.44684222229,11.44684222247,11.44684222247,11.44684222247,11.44684222259,11.44684222259,11.44684222259,11.4468422229,11.4468422229,11.4468422229,11.44684222289,11.44684222289,11.44684222289,11.44684222292,11.44684222292,11.44684222292,11.44684222292,11.44684222289,11.44684222289,11.44684222289,7.24048289529,7.24048289523,7.24048289523,7.24048289529,7.24048289529,7.24048289529,6.2609621009,6.26096210095,6.26096210095,6.26096210095,4.20950191418,4.20950191418,4.20950191436,4.20950191416,4.20950191416,4.20950191428,4.20950191421,4.20950191421,4.20950191418,4.20950191418,4.20950191432,4.20950191427,4.20950191415,4.20950191415,4.20950191416,4.20950191416,4.20950191427,4.20950191427,4.20950191432,4.20950191432,4.20950191432,4.20950191432,4.20950191435,4.20950191435,4.20950191432,4.20950191392,0.7466045618,0,2.1270451326,2.1270451326,2.1270451326,6.32929962969,7.47101281733,7.47101281733,7.47101281733,7.47101281729,7.47101281719,7.47101281719,7.47101281639,7.47101281639,7.47101281689,7.471012816962,7.471012817015,7.471012817015,7.471012816962,7.47101281689,7.47101281689,7.47101281683,7.47101281683,7.47101281689,7.47101281682,7.47101281679,7.47101281679,7.4710128166,7.47101281686,7.471012816844,7.471012816944,7.471012816984,7.471012816984,7.47101281691,7.47101281691,7.4710128169,7.4710128169,7.76322367199,7.76322367199,7.76322367229,7.76322367229,7.7632236723,7.7632236723,7.76322367229
"t92",11.44684222229,11.44684222247,11.44684222247,11.44684222247,11.44684222259,11.44684222259,11.44684222259,11.4468422229,11.4468422229,11.4468422229,11.44684222289,11.44684222289,11.44684222289,11.44684222292,11.44684222292,11.44684222292,11.44684222292,11.44684222289,11.44684222289,11.44684222289,7.24048289529,7.24048289523,7.24048289523,7.24048289529,7.24048289529,7.24048289529,6.2609621009,6.26096210095,6.26096210095,6.26096210095,4.20950191418,4.20950191418,4.20950191436,4.20950191416,4.20950191416,4.20950191428,4.20950191421,4.20950191421,4.20950191418,4.20950191418,4.20950191432,4.20950191427,4.20950191415,4.20950191415,4.20950191416,4.20950191416,4.20950191427,4.20950191427,4.20950191432,4.20950191432,4.20950191432,4.20950191432,4.20950191435,4.20950191435,4.20950191432,4.20950191392,2.1270451326,2.1270451326,0,0.1236927346,1.9241911338,6.32929962969,7.47101281733,7.47101281733,7.47101281733,7.47101281729,7.47101281719,7.47101281719,7.47101281639,7.47101281639,7.47101281689,7.471012816962,7.471012817015,7.471012817015,7.471012816962,7.47101281689,7.47101281689,7.47101281683,7.47101281683,7.47101281689,7.47101281682,7.47101281679,7.47101281679,7.4710128166,7.47101281686,7.471012816844,7.471012816944,7.471012816984,7.471012816984,7.47101281691,7.47101281691,7.4710128169,7.4710128169,7.76322367199,7.76322367199,7.76322367229,7.76322367229,7.7632236723,7.7632236723,7.76322367229
"t93",11.44684222229,11.44684222247,11.44684222247,11.44684222247,11.44684222259,11.44684222259,11.44684222259,11.4468422229,11.4468422229,11.4468422229,11.44684222289,11.44684222289,11.44684222289,11.44684222292,11.44684222292,11.44684222292,11.44684222292,11.44684222289,11.44684222289,11.44684222289,7.24048289529,7.24048289523,7.24048289523,7.24048289529,7.24048289529,7.24048289529,6.2609621009,6.26096210095,6.26096210095,6.26096210095,4.20950191418,4.20950191418,4.20950191436,4.20950191416,4.20950191416,4.20950191428,4.20950191421,4.20950191421,4.20950191418,4.20950191418,4.20950191432,4.20950191427,4.20950191415,4.20950191415,4.20950191416,4.20950191416,4.20950191427,4.20950191427,4.20950191432,4.20950191432,4.20950191432,4.20950191432,4.20950191435,4.20950191435,4.20950191432,4.20950191392,2.1270451326,2.1270451326,0.1236927346,0,1.9241911338,6.32929962969,7.47101281733,7.47101281733,7.47101281733,7.47101281729,7.47101281719,7.47101281719,7.47101281639,7.47101281639,7.47101281689,7.471012816962,7.471012817015,7.471012817015,7.471012816962,7.47101281689,7.47101281689,7.47101281683,7.47101281683,7.47101281689,7.47101281682,7.47101281679,7.47101281679,7.4710128166,7.47101281686,7.471012816844,7.471012816944,7.471012816984,7.471012816984,7.47101281691,7.47101281691,7.4710128169,7.4710128169,7.76322367199,7.76322367199,7.76322367229,7.76322367229,7.7632236723,7.7632236723,7.76322367229
"t10",11.44684222229,11.44684222247,11.44684222247,11.44684222247,11.44684222259,11.44684222259,11.44684222259,11.4468422229,11.4468422229,11.4468422229,11.44684222289,11.44684222289,11.44684222289,11.44684222292,11.44684222292,11.44684222292,11.44684222292,11.44684222289,11.44684222289,11.44684222289,7.24048289529,7.24048289523,7.24048289523,7.24048289529,7.24048289529,7.24048289529,6.2609621009,6.26096210095,6.26096210095,6.26096210095,4.20950191418,4.20950191418,4.20950191436,4.20950191416,4.20950191416,4.20950191428,4.20950191421,4.20950191421,4.20950191418,4.20950191418,4.20950191432,4.20950191427,4.20950191415,4.20950191415,4.20950191416,4.20950191416,4.20950191427,4.20950191427,4.20950191432,4.20950191432,4.20950191432,4.20950191432,4.20950191435,4.20950191435,4.20950191432,4.20950191392,2.1270451326,2.1270451326,1.9241911338,1.9241911338,0,6.32929962969,7.47101281733,7.47101281733,7.47101281733,7.47101281729,7.47101281719,7.47101281719,7.47101281639,7.47101281639,7.47101281689,7.471012816962,7.471012817015,7.471012817015,7.471012816962,7.47101281689,7.47101281689,7.47101281683,7.47101281683,7.47101281689,7.47101281682,7.47101281679,7.47101281679,7.4710128166,7.47101281686,7.471012816844,7.471012816944,7.471012816984,7.471012816984,7.47101281691,7.47101281691,7.4710128169,7.4710128169,7.76322367199,7.76322367199,7.76322367229,7.76322367229,7.7632236723,7.7632236723,7.76322367229
"t1",11.4468422226,11.44684222278,11.44684222278,11.44684222278,11.4468422229,11.4468422229,11.4468422229,11.44684222321,11.44684222321,11.44684222321,11.4468422232,11.4468422232,11.4468422232,11.44684222323,11.44684222323,11.44684222323,11.44684222323,11.4468422232,11.4468422232,11.4468422232,7.2404828956,7.24048289554,7.24048289554,7.2404828956,7.2404828956,7.2404828956,6.32929962999,6.32929963004,6.32929963004,6.32929963004,6.32929962927,6.32929962927,6.32929962945,6.32929962925,6.32929962925,6.32929962937,6.3292996293,6.3292996293,6.32929962927,6.32929962927,6.32929962941,6.32929962936,6.32929962924,6.32929962924,6.32929962925,6.32929962925,6.32929962936,6.32929962936,6.32929962941,6.32929962941,6.32929962941,6.32929962941,6.32929962944,6.32929962944,6.32929962941,6.32929962901,6.32929962969,6.32929962969,6.32929962969,6.32929962969,6.32929962969,0,7.47101281764,7.47101281764,7.47101281764,7.4710128176,7.4710128175,7.4710128175,7.4710128167,7.4710128167,7.4710128172,7.471012817272,7.471012817325,7.471012817325,7.471012817272,7.4710128172,7.4710128172,7.47101281714,7.47101281714,7.4710128172,7.47101281713,7.4710128171,7.4710128171,7.47101281691,7.47101281717,7.471012817154,7.471012817254,7.471012817294,7.471012817294,7.47101281722,7.47101281722,7.47101281721,7.47101281721,7.7632236723,7.7632236723,7.7632236726,7.7632236726,7.76322367261,7.76322367261,7.7632236726
"t25",11.44684222264,11.44684222282,11.44684222282,11.44684222282,11.44684222294,11.44684222294,11.44684222294,11.44684222325,11.44684222325,11.44684222325,11.44684222324,11.44684222324,11.44684222324,11.44684222327,11.44684222327,11.44684222327,11.44684222327,11.44684222324,11.44684222324,11.44684222324,7.47101281764,7.47101281758,7.47101281758,7.47101281764,7.47101281764,7.47101281764,7.47101281763,7.47101281768,7.47101281768,7.47101281768,7.47101281691,7.47101281691,7.47101281709,7.47101281689,7.47101281689,7.47101281701,7.47101281694,7.47101281694,7.47101281691,7.47101281691,7.47101281705,7.471012817,7.47101281688,7.47101281688,7.47101281689,7.47101281689,7.471012817,7.471012817,7.47101281705,7.47101281705,7.47101281705,7.47101281705,7.47101281708,7.47101281708,7.47101281705,7.47101281665,7.47101281733,7.47101281733,7.47101281733,7.47101281733,7.47101281733,7.47101281764,0,1.309666975,1.309666975,1.48387136004,3.67311100194,3.67311100194,3.82247236434,3.82247236434,4.21826829124,4.218268291312,4.218268291365,4.218268291365,4.218268291312,4.21826829124,4.21826829124,4.21826829118,4.21826829118,4.21826829124,4.21826829117,4.21826829114,4.21826829114,4.21826829095,4.21826829121,4.218268291194,4.218268291294,4.218268291334,4.218268291334,4.21826829126,4.21826829126,4.21826829125,4.21826829125,7.76322367234,7.76322367234,7.76322367264,7.76322367264,7.76322367265,7.76322367265,7.76322367264
"t45",11.44684222264,11.44684222282,11.44684222282,11.44684222282,11.44684222294,11.44684222294,11.44684222294,11.44684222325,11.44684222325,11.44684222325,11.44684222324,11.44684222324,11.44684222324,11.44684222327,11.44684222327,11.44684222327,11.44684222327,11.44684222324,11.44684222324,11.44684222324,7.47101281764,7.47101281758,7.47101281758,7.47101281764,7.47101281764,7.47101281764,7.47101281763,7.47101281768,7.47101281768,7.47101281768,7.47101281691,7.47101281691,7.47101281709,7.47101281689,7.47101281689,7.47101281701,7.47101281694,7.47101281694,7.47101281691,7.47101281691,7.47101281705,7.471012817,7.47101281688,7.47101281688,7.47101281689,7.47101281689,7.471012817,7.471012817,7.47101281705,7.47101281705,7.47101281705,7.47101281705,7.47101281708,7.47101281708,7.47101281705,7.47101281665,7.47101281733,7.47101281733,7.47101281733,7.47101281733,7.47101281733,7.47101281764,1.309666975,0,0.9092837312,1.48387136004,3.67311100194,3.67311100194,3.82247236434,3.82247236434,4.21826829124,4.218268291312,4.218268291365,4.218268291365,4.218268291312,4.21826829124,4.21826829124,4.21826829118,4.21826829118,4.21826829124,4.21826829117,4.21826829114,4.21826829114,4.21826829095,4.21826829121,4.218268291194,4.218268291294,4.218268291334,4.218268291334,4.21826829126,4.21826829126,4.21826829125,4.21826829125,7.76322367234,7.76322367234,7.76322367264,7.76322367264,7.76322367265,7.76322367265,7.76322367264
"t46",11.44684222264,11.44684222282,11.44684222282,11.44684222282,11.44684222294,11.44684222294,11.44684222294,11.44684222325,11.44684222325,11.44684222325,11.44684222324,11.44684222324,11.44684222324,11.44684222327,11.44684222327,11.44684222327,11.44684222327,11.44684222324,11.44684222324,11.44684222324,7.47101281764,7.47101281758,7.47101281758,7.47101281764,7.47101281764,7.47101281764,7.47101281763,7.47101281768,7.47101281768,7.47101281768,7.47101281691,7.47101281691,7.47101281709,7.47101281689,7.47101281689,7.47101281701,7.47101281694,7.47101281694,7.47101281691,7.47101281691,7.47101281705,7.471012817,7.47101281688,7.47101281688,7.47101281689,7.47101281689,7.471012817,7.471012817,7.47101281705,7.47101281705,7.47101281705,7.47101281705,7.47101281708,7.47101281708,7.47101281705,7.47101281665,7.47101281733,7.47101281733,7.47101281733,7.47101281733,7.47101281733,7.47101281764,1.309666975,0.9092837312,0,1.48387136004,3.67311100194,3.67311100194,3.82247236434,3.82247236434,4.21826829124,4.218268291312,4.218268291365,4.218268291365,4.218268291312,4.21826829124,4.21826829124,4.21826829118,4.21826829118,4.21826829124,4.21826829117,4.21826829114,4.21826829114,4.21826829095,4.21826829121,4.218268291194,4.218268291294,4.218268291334,4.218268291334,4.21826829126,4.21826829126,4.21826829125,4.21826829125,7.76322367234,7.76322367234,7.76322367264,7.76322367264,7.76322367265,7.76322367265,7.76322367264
"t20",11.4468422226,11.44684222278,11.44684222278,11.44684222278,11.4468422229,11.4468422229,11.4468422229,11.44684222321,11.44684222321,11.44684222321,11.4468422232,11.4468422232,11.4468422232,11.44684222323,11.44684222323,11.44684222323,11.44684222323,11.4468422232,11.4468422232,11.4468422232,7.4710128176,7.47101281754,7.47101281754,7.4710128176,7.4710128176,7.4710128176,7.47101281759,7.47101281764,7.47101281764,7.47101281764,7.47101281687,7.47101281687,7.47101281705,7.47101281685,7.47101281685,7.47101281697,7.4710128169,7.4710128169,7.47101281687,7.47101281687,7.47101281701,7.47101281696,7.47101281684,7.47101281684,7.47101281685,7.47101281685,7.47101281696,7.47101281696,7.47101281701,7.47101281701,7.47101281701,7.47101281701,7.47101281704,7.47101281704,7.47101281701,7.47101281661,7.47101281729,7.47101281729,7.47101281729,7.47101281729,7.47101281729,7.4710128176,1.48387136004,1.48387136004,1.48387136004,0,3.6731110019,3.6731110019,3.8224723643,3.8224723643,4.2182682912,4.218268291272,4.218268291325,4.218268291325,4.218268291272,4.2182682912,4.2182682912,4.21826829114,4.21826829114,4.2182682912,4.21826829113,4.2182682911,4.2182682911,4.21826829091,4.21826829117,4.218268291154,4.218268291254,4.218268291294,4.218268291294,4.21826829122,4.21826829122,4.21826829121,4.21826829121,7.7632236723,7.7632236723,7.7632236726,7.7632236726,7.76322367261,7.76322367261,7.7632236726
"t3",11.4468422225,11.44684222268,11.44684222268,11.44684222268,11.4468422228,11.4468422228,11.4468422228,11.44684222311,11.44684222311,11.44684222311,11.4468422231,11.4468422231,11.4468422231,11.44684222313,11.44684222313,11.44684222313,11.44684222313,11.4468422231,11.4468422231,11.4468422231,7.4710128175,7.47101281744,7.47101281744,7.4710128175,7.4710128175,7.4710128175,7.47101281749,7.47101281754,7.47101281754,7.47101281754,7.47101281677,7.47101281677,7.47101281695,7.47101281675,7.47101281675,7.47101281687,7.4710128168,7.4710128168,7.47101281677,7.47101281677,7.47101281691,7.47101281686,7.47101281674,7.47101281674,7.47101281675,7.47101281675,7.47101281686,7.47101281686,7.47101281691,7.47101281691,7.47101281691,7.47101281691,7.47101281694,7.47101281694,7.47101281691,7.47101281651,7.47101281719,7.47101281719,7.47101281719,7.47101281719,7.47101281719,7.4710128175,3.67311100194,3.67311100194,3.67311100194,3.6731110019,0,2.466805532,3.8224723642,3.8224723642,4.2182682911,4.218268291172,4.218268291225,4.218268291225,4.218268291172,4.2182682911,4.2182682911,4.21826829104,4.21826829104,4.2182682911,4.21826829103,4.218268291,4.218268291,4.21826829081,4.21826829107,4.218268291054,4.218268291154,4.218268291194,4.218268291194,4.21826829112,4.21826829112,4.21826829111,4.21826829111,7.7632236722,7.7632236722,7.7632236725,7.7632236725,7.76322367251,7.76322367251,7.7632236725
"t4",11.4468422225,11.44684222268,11.44684222268,11.44684222268,11.4468422228,11.4468422228,11.4468422228,11.44684222311,11.44684222311,11.44684222311,11.4468422231,11.4468422231,11.4468422231,11.44684222313,11.44684222313,11.44684222313,11.44684222313,11.4468422231,11.4468422231,11.4468422231,7.4710128175,7.47101281744,7.47101281744,7.4710128175,7.4710128175,7.4710128175,7.47101281749,7.47101281754,7.47101281754,7.47101281754,7.47101281677,7.47101281677,7.47101281695,7.47101281675,7.47101281675,7.47101281687,7.4710128168,7.4710128168,7.47101281677,7.47101281677,7.47101281691,7.47101281686,7.47101281674,7.47101281674,7.47101281675,7.47101281675,7.47101281686,7.47101281686,7.47101281691,7.47101281691,7.47101281691,7.47101281691,7.47101281694,7.47101281694,7.47101281691,7.47101281651,7.47101281719,7.47101281719,7.47101281719,7.47101281719,7.47101281719,7.4710128175,3.67311100194,3.67311100194,3.67311100194,3.6731110019,2.466805532,0,3.8224723642,3.8224723642,4.2182682911,4.218268291172,4.218268291225,4.218268291225,4.218268291172,4.2182682911,4.2182682911,4.21826829104,4.21826829104,4.2182682911,4.21826829103,4.218268291,4.218268291,4.21826829081,4.21826829107,4.218268291054,4.218268291154,4.218268291194,4.218268291194,4.21826829112,4.21826829112,4.21826829111,4.21826829111,7.7632236722,7.7632236722,7.7632236725,7.7632236725,7.76322367251,7.76322367251,7.7632236725
"t36",11.4468422217,11.44684222188,11.44684222188,11.44684222188,11.446842222,11.446842222,11.446842222,11.44684222231,11.44684222231,11.44684222231,11.4468422223,11.4468422223,11.4468422223,11.44684222233,11.44684222233,11.44684222233,11.44684222233,11.4468422223,11.4468422223,11.4468422223,7.4710128167,7.47101281664,7.47101281664,7.4710128167,7.4710128167,7.4710128167,7.47101281669,7.47101281674,7.47101281674,7.47101281674,7.47101281597,7.47101281597,7.47101281615,7.47101281595,7.47101281595,7.47101281607,7.471012816,7.471012816,7.47101281597,7.47101281597,7.47101281611,7.47101281606,7.47101281594,7.47101281594,7.47101281595,7.47101281595,7.47101281606,7.47101281606,7.47101281611,7.47101281611,7.47101281611,7.47101281611,7.47101281614,7.47101281614,7.47101281611,7.47101281571,7.47101281639,7.47101281639,7.47101281639,7.47101281639,7.47101281639,7.4710128167,3.82247236434,3.82247236434,3.82247236434,3.8224723643,3.8224723642,3.8224723642,0,1.0212294454,4.2182682903,4.218268290372,4.218268290425,4.218268290425,4.218268290372,4.2182682903,4.2182682903,4.21826829024,4.21826829024,4.2182682903,4.21826829023,4.2182682902,4.2182682902,4.21826829001,4.21826829027,4.218268290254,4.218268290354,4.218268290394,4.218268290394,4.21826829032,4.21826829032,4.21826829031,4.21826829031,7.7632236714,7.7632236714,7.7632236717,7.7632236717,7.76322367171,7.76322367171,7.7632236717
"t37",11.4468422217,11.44684222188,11.44684222188,11.44684222188,11.446842222,11.446842222,11.446842222,11.44684222231,11.44684222231,11.44684222231,11.4468422223,11.4468422223,11.4468422223,11.44684222233,11.44684222233,11.44684222233,11.44684222233,11.4468422223,11.4468422223,11.4468422223,7.4710128167,7.47101281664,7.47101281664,7.4710128167,7.4710128167,7.4710128167,7.47101281669,7.47101281674,7.47101281674,7.47101281674,7.47101281597,7.47101281597,7.47101281615,7.47101281595,7.47101281595,7.47101281607,7.471012816,7.471012816,7.47101281597,7.47101281597,7.47101281611,7.47101281606,7.47101281594,7.47101281594,7.47101281595,7.47101281595,7.47101281606,7.47101281606,7.47101281611,7.47101281611,7.47101281611,7.47101281611,7.47101281614,7.47101281614,7.47101281611,7.47101281571,7.47101281639,7.47101281639,7.47101281639,7.47101281639,7.47101281639,7.4710128167,3.82247236434,3.82247236434,3.82247236434,3.8224723643,3.8224723642,3.8224723642,1.0212294454,0,4.2182682903,4.218268290372,4.218268290425,4.218268290425,4.218268290372,4.2182682903,4.2182682903,4.21826829024,4.21826829024,4.2182682903,4.21826829023,4.2182682902,4.2182682902,4.21826829001,4.21826829027,4.218268290254,4.218268290354,4.218268290394,4.218268290394,4.21826829032,4.21826829032,4.21826829031,4.21826829031,7.7632236714,7.7632236714,7.7632236717,7.7632236717,7.76322367171,7.76322367171,7.7632236717
"t28",11.4468422222,11.44684222238,11.44684222238,11.44684222238,11.4468422225,11.4468422225,11.4468422225,11.44684222281,11.44684222281,11.44684222281,11.4468422228,11.4468422228,11.4468422228,11.44684222283,11.44684222283,11.44684222283,11.44684222283,11.4468422228,11.4468422228,11.4468422228,7.4710128172,7.47101281714,7.47101281714,7.4710128172,7.4710128172,7.4710128172,7.47101281719,7.47101281724,7.47101281724,7.47101281724,7.47101281647,7.47101281647,7.47101281665,7.47101281645,7.47101281645,7.47101281657,7.4710128165,7.4710128165,7.47101281647,7.47101281647,7.47101281661,7.47101281656,7.47101281644,7.47101281644,7.47101281645,7.47101281645,7.47101281656,7.47101281656,7.47101281661,7.47101281661,7.47101281661,7.47101281661,7.47101281664,7.47101281664,7.47101281661,7.47101281621,7.47101281689,7.47101281689,7.47101281689,7.47101281689,7.47101281689,7.4710128172,4.21826829124,4.21826829124,4.21826829124,4.2182682912,4.2182682911,4.2182682911,4.2182682903,4.2182682903,0,1.246754640072,1.246754640125,1.246754640125,1.246754640072,2.1110973428,2.1110973428,2.11109734274,2.11109734274,2.1110973428,2.71342071293,2.7134207129,2.7134207129,2.71342071271,2.71342071297,2.713420712954,2.713420713054,2.713420713094,2.713420713094,2.71342071302,2.71342071302,2.71342071301,2.71342071301,7.7632236719,7.7632236719,7.7632236722,7.7632236722,7.76322367221,7.76322367221,7.7632236722
"t29",11.446842222272,11.446842222452,11.446842222452,11.446842222452,11.446842222572,11.446842222572,11.446842222572,11.446842222882,11.446842222882,11.446842222882,11.446842222872,11.446842222872,11.446842222872,11.446842222902,11.446842222902,11.446842222902,11.446842222902,11.446842222872,11.446842222872,11.446842222872,7.471012817272,7.471012817212,7.471012817212,7.471012817272,7.471012817272,7.471012817272,7.471012817262,7.471012817312,7.471012817312,7.471012817312,7.471012816542,7.471012816542,7.471012816722,7.471012816522,7.471012816522,7.471012816642,7.471012816572,7.471012816572,7.471012816542,7.471012816542,7.471012816682,7.471012816632,7.471012816512,7.471012816512,7.471012816522,7.471012816522,7.471012816632,7.471012816632,7.471012816682,7.471012816682,7.471012816682,7.471012816682,7.471012816712,7.471012816712,7.471012816682,7.471012816282,7.471012816962,7.471012816962,7.471012816962,7.471012816962,7.471012816962,7.471012817272,4.218268291312,4.218268291312,4.218268291312,4.218268291272,4.218268291172,4.218268291172,4.218268290372,4.218268290372,1.246754640072,0,1.244496210253,1.244496210253,1.2444962102,2.111097342872,2.111097342872,2.111097342812,2.111097342812,2.111097342872,2.713420713002,2.713420712972,2.713420712972,2.713420712782,2.713420713042,2.713420713026,2.713420713126,2.713420713166,2.713420713166,2.713420713092,2.713420713092,2.713420713082,2.713420713082,7.763223671972,7.763223671972,7.763223672272,7.763223672272,7.763223672282,7.763223672282,7.763223672272
"t65",11.446842222325,11.446842222505,11.446842222505,11.446842222505,11.446842222625,11.446842222625,11.446842222625,11.446842222935,11.446842222935,11.446842222935,11.446842222925,11.446842222925,11.446842222925,11.446842222955,11.446842222955,11.446842222955,11.446842222955,11.446842222925,11.446842222925,11.446842222925,7.471012817325,7.471012817265,7.471012817265,7.471012817325,7.471012817325,7.471012817325,7.471012817315,7.471012817365,7.471012817365,7.471012817365,7.471012816595,7.471012816595,7.471012816775,7.471012816575,7.471012816575,7.471012816695,7.471012816625,7.471012816625,7.471012816595,7.471012816595,7.471012816735,7.471012816685,7.471012816565,7.471012816565,7.471012816575,7.471012816575,7.471012816685,7.471012816685,7.471012816735,7.471012816735,7.471012816735,7.471012816735,7.471012816765,7.471012816765,7.471012816735,7.471012816335,7.471012817015,7.471012817015,7.471012817015,7.471012817015,7.471012817015,7.471012817325,4.218268291365,4.218268291365,4.218268291365,4.218268291325,4.218268291225,4.218268291225,4.218268290425,4.218268290425,1.246754640125,1.244496210253,0,0.4152895898,0.431905173053,2.111097342925,2.111097342925,2.111097342865,2.111097342865,2.111097342925,2.713420713055,2.713420713025,2.713420713025,2.713420712835,2.713420713095,2.713420713079,2.713420713179,2.713420713219,2.713420713219,2.713420713145,2.713420713145,2.713420713135,2.713420713135,7.763223672025,7.763223672025,7.763223672325,7.763223672325,7.763223672335,7.763223672335,7.763223672325
"t66",11.446842222325,11.446842222505,11.446842222505,11.446842222505,11.446842222625,11.446842222625,11.446842222625,11.446842222935,11.446842222935,11.446842222935,11.446842222925,11.446842222925,11.446842222925,11.446842222955,11.446842222955,11.446842222955,11.446842222955,11.446842222925,11.446842222925,11.446842222925,7.471012817325,7.471012817265,7.471012817265,7.471012817325,7.471012817325,7.471012817325,7.471012817315,7.471012817365,7.471012817365,7.471012817365,7.471012816595,7.471012816595,7.471012816775,7.471012816575,7.471012816575,7.471012816695,7.471012816625,7.471012816625,7.471012816595,7.471012816595,7.471012816735,7.471012816685,7.471012816565,7.471012816565,7.471012816575,7.471012816575,7.471012816685,7.471012816685,7.471012816735,7.471012816735,7.471012816735,7.471012816735,7.471012816765,7.471012816765,7.471012816735,7.471012816335,7.471012817015,7.471012817015,7.471012817015,7.471012817015,7.471012817015,7.471012817325,4.218268291365,4.218268291365,4.218268291365,4.218268291325,4.218268291225,4.218268291225,4.218268290425,4.218268290425,1.246754640125,1.244496210253,0.4152895898,0,0.431905173053,2.111097342925,2.111097342925,2.111097342865,2.111097342865,2.111097342925,2.713420713055,2.713420713025,2.713420713025,2.713420712835,2.713420713095,2.713420713079,2.713420713179,2.713420713219,2.713420713219,2.713420713145,2.713420713145,2.713420713135,2.713420713135,7.763223672025,7.763223672025,7.763223672325,7.763223672325,7.763223672335,7.763223672335,7.763223672325
"t64",11.446842222272,11.446842222452,11.446842222452,11.446842222452,11.446842222572,11.446842222572,11.446842222572,11.446842222882,11.446842222882,11.446842222882,11.446842222872,11.446842222872,11.446842222872,11.446842222902,11.446842222902,11.446842222902,11.446842222902,11.446842222872,11.446842222872,11.446842222872,7.471012817272,7.471012817212,7.471012817212,7.471012817272,7.471012817272,7.471012817272,7.471012817262,7.471012817312,7.471012817312,7.471012817312,7.471012816542,7.471012816542,7.471012816722,7.471012816522,7.471012816522,7.471012816642,7.471012816572,7.471012816572,7.471012816542,7.471012816542,7.471012816682,7.471012816632,7.471012816512,7.471012816512,7.471012816522,7.471012816522,7.471012816632,7.471012816632,7.471012816682,7.471012816682,7.471012816682,7.471012816682,7.471012816712,7.471012816712,7.471012816682,7.471012816282,7.471012816962,7.471012816962,7.471012816962,7.471012816962,7.471012816962,7.471012817272,4.218268291312,4.218268291312,4.218268291312,4.218268291272,4.218268291172,4.218268291172,4.218268290372,4.218268290372,1.246754640072,1.2444962102,0.431905173053,0.431905173053,0,2.111097342872,2.111097342872,2.111097342812,2.111097342812,2.111097342872,2.713420713002,2.713420712972,2.713420712972,2.713420712782,2.713420713042,2.713420713026,2.713420713126,2.713420713166,2.713420713166,2.713420713092,2.713420713092,2.713420713082,2.713420713082,7.763223671972,7.763223671972,7.763223672272,7.763223672272,7.763223672282,7.763223672282,7.763223672272
"t71",11.4468422222,11.44684222238,11.44684222238,11.44684222238,11.4468422225,11.4468422225,11.4468422225,11.44684222281,11.44684222281,11.44684222281,11.4468422228,11.4468422228,11.4468422228,11.44684222283,11.44684222283,11.44684222283,11.44684222283,11.4468422228,11.4468422228,11.4468422228,7.4710128172,7.47101281714,7.47101281714,7.4710128172,7.4710128172,7.4710128172,7.47101281719,7.47101281724,7.47101281724,7.47101281724,7.47101281647,7.47101281647,7.47101281665,7.47101281645,7.47101281645,7.47101281657,7.4710128165,7.4710128165,7.47101281647,7.47101281647,7.47101281661,7.47101281656,7.47101281644,7.47101281644,7.47101281645,7.47101281645,7.47101281656,7.47101281656,7.47101281661,7.47101281661,7.47101281661,7.47101281661,7.47101281664,7.47101281664,7.47101281661,7.47101281621,7.47101281689,7.47101281689,7.47101281689,7.47101281689,7.47101281689,7.4710128172,4.21826829124,4.21826829124,4.21826829124,4.2182682912,4.2182682911,4.2182682911,4.2182682903,4.2182682903,2.1110973428,2.111097342872,2.111097342925,2.111097342925,2.111097342872,0,0.2444002602,1.47283586294,1.47283586294,1.472835863,2.71342071293,2.7134207129,2.7134207129,2.71342071271,2.71342071297,2.713420712954,2.713420713054,2.713420713094,2.713420713094,2.71342071302,2.71342071302,2.71342071301,2.71342071301,7.7632236719,7.7632236719,7.7632236722,7.7632236722,7.76322367221,7.76322367221,7.7632236722
"t72",11.4468422222,11.44684222238,11.44684222238,11.44684222238,11.4468422225,11.4468422225,11.4468422225,11.44684222281,11.44684222281,11.44684222281,11.4468422228,11.4468422228,11.4468422228,11.44684222283,11.44684222283,11.44684222283,11.44684222283,11.4468422228,11.4468422228,11.4468422228,7.4710128172,7.47101281714,7.47101281714,7.4710128172,7.4710128172,7.4710128172,7.47101281719,7.47101281724,7.47101281724,7.47101281724,7.47101281647,7.47101281647,7.47101281665,7.47101281645,7.47101281645,7.47101281657,7.4710128165,7.4710128165,7.47101281647,7.47101281647,7.47101281661,7.47101281656,7.47101281644,7.47101281644,7.47101281645,7.47101281645,7.47101281656,7.47101281656,7.47101281661,7.47101281661,7.47101281661,7.47101281661,7.47101281664,7.47101281664,7.47101281661,7.47101281621,7.47101281689,7.47101281689,7.47101281689,7.47101281689,7.47101281689,7.4710128172,4.21826829124,4.21826829124,4.21826829124,4.2182682912,4.2182682911,4.2182682911,4.2182682903,4.2182682903,2.1110973428,2.111097342872,2.111097342925,2.111097342925,2.111097342872,0.2444002602,0,1.47283586294,1.47283586294,1.472835863,2.71342071293,2.7134207129,2.7134207129,2.71342071271,2.71342071297,2.713420712954,2.713420713054,2.713420713094,2.713420713094,2.71342071302,2.71342071302,2.71342071301,2.71342071301,7.7632236719,7.7632236719,7.7632236722,7.7632236722,7.76322367221,7.76322367221,7.7632236722
"t74",11.44684222214,11.44684222232,11.44684222232,11.44684222232,11.44684222244,11.44684222244,11.44684222244,11.44684222275,11.44684222275,11.44684222275,11.44684222274,11.44684222274,11.44684222274,11.44684222277,11.44684222277,11.44684222277,11.44684222277,11.44684222274,11.44684222274,11.44684222274,7.47101281714,7.47101281708,7.47101281708,7.47101281714,7.47101281714,7.47101281714,7.47101281713,7.47101281718,7.47101281718,7.47101281718,7.47101281641,7.47101281641,7.47101281659,7.47101281639,7.47101281639,7.47101281651,7.47101281644,7.47101281644,7.47101281641,7.47101281641,7.47101281655,7.4710128165,7.47101281638,7.47101281638,7.47101281639,7.47101281639,7.4710128165,7.4710128165,7.47101281655,7.47101281655,7.47101281655,7.47101281655,7.47101281658,7.47101281658,7.47101281655,7.47101281615,7.47101281683,7.47101281683,7.47101281683,7.47101281683,7.47101281683,7.47101281714,4.21826829118,4.21826829118,4.21826829118,4.21826829114,4.21826829104,4.21826829104,4.21826829024,4.21826829024,2.11109734274,2.111097342812,2.111097342865,2.111097342865,2.111097342812,1.47283586294,1.47283586294,0,0.2315971124,0.28011132474,2.71342071287,2.71342071284,2.71342071284,2.71342071265,2.71342071291,2.713420712894,2.713420712994,2.713420713034,2.713420713034,2.71342071296,2.71342071296,2.71342071295,2.71342071295,7.76322367184,7.76322367184,7.76322367214,7.76322367214,7.76322367215,7.76322367215,7.76322367214
"t75",11.44684222214,11.44684222232,11.44684222232,11.44684222232,11.44684222244,11.44684222244,11.44684222244,11.44684222275,11.44684222275,11.44684222275,11.44684222274,11.44684222274,11.44684222274,11.44684222277,11.44684222277,11.44684222277,11.44684222277,11.44684222274,11.44684222274,11.44684222274,7.47101281714,7.47101281708,7.47101281708,7.47101281714,7.47101281714,7.47101281714,7.47101281713,7.47101281718,7.47101281718,7.47101281718,7.47101281641,7.47101281641,7.47101281659,7.47101281639,7.47101281639,7.47101281651,7.47101281644,7.47101281644,7.47101281641,7.47101281641,7.47101281655,7.4710128165,7.47101281638,7.47101281638,7.47101281639,7.47101281639,7.4710128165,7.4710128165,7.47101281655,7.47101281655,7.47101281655,7.47101281655,7.47101281658,7.47101281658,7.47101281655,7.47101281615,7.47101281683,7.47101281683,7.47101281683,7.47101281683,7.47101281683,7.47101281714,4.21826829118,4.21826829118,4.21826829118,4.21826829114,4.21826829104,4.21826829104,4.21826829024,4.21826829024,2.11109734274,2.111097342812,2.111097342865,2.111097342865,2.111097342812,1.47283586294,1.47283586294,0.2315971124,0,0.28011132474,2.71342071287,2.71342071284,2.71342071284,2.71342071265,2.71342071291,2.713420712894,2.713420712994,2.713420713034,2.713420713034,2.71342071296,2.71342071296,2.71342071295,2.71342071295,7.76322367184,7.76322367184,7.76322367214,7.76322367214,7.76322367215,7.76322367215,7.76322367214
"t70",11.4468422222,11.44684222238,11.44684222238,11.44684222238,11.4468422225,11.4468422225,11.4468422225,11.44684222281,11.44684222281,11.44684222281,11.4468422228,11.4468422228,11.4468422228,11.44684222283,11.44684222283,11.44684222283,11.44684222283,11.4468422228,11.4468422228,11.4468422228,7.4710128172,7.47101281714,7.47101281714,7.4710128172,7.4710128172,7.4710128172,7.47101281719,7.47101281724,7.47101281724,7.47101281724,7.47101281647,7.47101281647,7.47101281665,7.47101281645,7.47101281645,7.47101281657,7.4710128165,7.4710128165,7.47101281647,7.47101281647,7.47101281661,7.47101281656,7.47101281644,7.47101281644,7.47101281645,7.47101281645,7.47101281656,7.47101281656,7.47101281661,7.47101281661,7.47101281661,7.47101281661,7.47101281664,7.47101281664,7.47101281661,7.47101281621,7.47101281689,7.47101281689,7.47101281689,7.47101281689,7.47101281689,7.4710128172,4.21826829124,4.21826829124,4.21826829124,4.2182682912,4.2182682911,4.2182682911,4.2182682903,4.2182682903,2.1110973428,2.111097342872,2.111097342925,2.111097342925,2.111097342872,1.472835863,1.472835863,0.28011132474,0.28011132474,0,2.71342071293,2.7134207129,2.7134207129,2.71342071271,2.71342071297,2.713420712954,2.713420713054,2.713420713094,2.713420713094,2.71342071302,2.71342071302,2.71342071301,2.71342071301,7.7632236719,7.7632236719,7.7632236722,7.7632236722,7.76322367221,7.76322367221,7.7632236722
"t47",11.44684222213,11.44684222231,11.44684222231,11.44684222231,11.44684222243,11.44684222243,11.44684222243,11.44684222274,11.44684222274,11.44684222274,11.44684222273,11.44684222273,11.44684222273,11.44684222276,11.44684222276,11.44684222276,11.44684222276,11.44684222273,11.44684222273,11.44684222273,7.47101281713,7.47101281707,7.47101281707,7.47101281713,7.47101281713,7.47101281713,7.47101281712,7.47101281717,7.47101281717,7.47101281717,7.4710128164,7.4710128164,7.47101281658,7.47101281638,7.47101281638,7.4710128165,7.47101281643,7.47101281643,7.4710128164,7.4710128164,7.47101281654,7.47101281649,7.47101281637,7.47101281637,7.47101281638,7.47101281638,7.47101281649,7.47101281649,7.47101281654,7.47101281654,7.47101281654,7.47101281654,7.47101281657,7.47101281657,7.47101281654,7.47101281614,7.47101281682,7.47101281682,7.47101281682,7.47101281682,7.47101281682,7.47101281713,4.21826829117,4.21826829117,4.21826829117,4.21826829113,4.21826829103,4.21826829103,4.21826829023,4.21826829023,2.71342071293,2.713420713002,2.713420713055,2.713420713055,2.713420713002,2.71342071293,2.71342071293,2.71342071287,2.71342071287,2.71342071293,0,0.88812766277,0.88812766277,2.52843129558,2.52843129584,2.528431295824,2.528431295924,2.528431295964,2.528431295964,2.52843129589,2.52843129589,2.52843129588,2.52843129588,7.76322367183,7.76322367183,7.76322367213,7.76322367213,7.76322367214,7.76322367214,7.76322367213
"t51",11.4468422221,11.44684222228,11.44684222228,11.44684222228,11.4468422224,11.4468422224,11.4468422224,11.44684222271,11.44684222271,11.44684222271,11.4468422227,11.4468422227,11.4468422227,11.44684222273,11.44684222273,11.44684222273,11.44684222273,11.4468422227,11.4468422227,11.4468422227,7.4710128171,7.47101281704,7.47101281704,7.4710128171,7.4710128171,7.4710128171,7.47101281709,7.47101281714,7.47101281714,7.47101281714,7.47101281637,7.47101281637,7.47101281655,7.47101281635,7.47101281635,7.47101281647,7.4710128164,7.4710128164,7.47101281637,7.47101281637,7.47101281651,7.47101281646,7.47101281634,7.47101281634,7.47101281635,7.47101281635,7.47101281646,7.47101281646,7.47101281651,7.47101281651,7.47101281651,7.47101281651,7.47101281654,7.47101281654,7.47101281651,7.47101281611,7.47101281679,7.47101281679,7.47101281679,7.47101281679,7.47101281679,7.4710128171,4.21826829114,4.21826829114,4.21826829114,4.2182682911,4.218268291,4.218268291,4.2182682902,4.2182682902,2.7134207129,2.713420712972,2.713420713025,2.713420713025,2.713420712972,2.7134207129,2.7134207129,2.71342071284,2.71342071284,2.7134207129,0.88812766277,0,0.6929932742,2.52843129555,2.52843129581,2.528431295794,2.528431295894,2.528431295934,2.528431295934,2.52843129586,2.52843129586,2.52843129585,2.52843129585,7.7632236718,7.7632236718,7.7632236721,7.7632236721,7.76322367211,7.76322367211,7.7632236721
"t52",11.4468422221,11.44684222228,11.44684222228,11.44684222228,11.4468422224,11.4468422224,11.4468422224,11.44684222271,11.44684222271,11.44684222271,11.4468422227,11.4468422227,11.4468422227,11.44684222273,11.44684222273,11.44684222273,11.44684222273,11.4468422227,11.4468422227,11.4468422227,7.4710128171,7.47101281704,7.47101281704,7.4710128171,7.4710128171,7.4710128171,7.47101281709,7.47101281714,7.47101281714,7.47101281714,7.47101281637,7.47101281637,7.47101281655,7.47101281635,7.47101281635,7.47101281647,7.4710128164,7.4710128164,7.47101281637,7.47101281637,7.47101281651,7.47101281646,7.47101281634,7.47101281634,7.47101281635,7.47101281635,7.47101281646,7.47101281646,7.47101281651,7.47101281651,7.47101281651,7.47101281651,7.47101281654,7.47101281654,7.47101281651,7.47101281611,7.47101281679,7.47101281679,7.47101281679,7.47101281679,7.47101281679,7.4710128171,4.21826829114,4.21826829114,4.21826829114,4.2182682911,4.218268291,4.218268291,4.2182682902,4.2182682902,2.7134207129,2.713420712972,2.713420713025,2.713420713025,2.713420712972,2.7134207129,2.7134207129,2.71342071284,2.71342071284,2.7134207129,0.88812766277,0.6929932742,0,2.52843129555,2.52843129581,2.528431295794,2.528431295894,2.528431295934,2.528431295934,2.52843129586,2.52843129586,2.52843129585,2.52843129585,7.7632236718,7.7632236718,7.7632236721,7.7632236721,7.76322367211,7.76322367211,7.7632236721
"t5",11.44684222191,11.44684222209,11.44684222209,11.44684222209,11.44684222221,11.44684222221,11.44684222221,11.44684222252,11.44684222252,11.44684222252,11.44684222251,11.44684222251,11.44684222251,11.44684222254,11.44684222254,11.44684222254,11.44684222254,11.44684222251,11.44684222251,11.44684222251,7.47101281691,7.47101281685,7.47101281685,7.47101281691,7.47101281691,7.47101281691,7.4710128169,7.47101281695,7.47101281695,7.47101281695,7.47101281618,7.47101281618,7.47101281636,7.47101281616,7.47101281616,7.47101281628,7.47101281621,7.47101281621,7.47101281618,7.47101281618,7.47101281632,7.47101281627,7.47101281615,7.47101281615,7.47101281616,7.47101281616,7.47101281627,7.47101281627,7.47101281632,7.47101281632,7.47101281632,7.47101281632,7.47101281635,7.47101281635,7.47101281632,7.47101281592,7.4710128166,7.4710128166,7.4710128166,7.4710128166,7.4710128166,7.47101281691,4.21826829095,4.21826829095,4.21826829095,4.21826829091,4.21826829081,4.21826829081,4.21826829001,4.21826829001,2.71342071271,2.713420712782,2.713420712835,2.713420712835,2.713420712782,2.71342071271,2.71342071271,2.71342071265,2.71342071265,2.71342071271,2.52843129558,2.52843129555,2.52843129555,0,2.37832798426,2.378327984244,2.378327984344,2.378327984384,2.378327984384,2.37832798431,2.37832798431,2.3783279843,2.3783279843,7.76322367161,7.76322367161,7.76322367191,7.76322367191,7.76322367192,7.76322367192,7.76322367191
"t26",11.44684222217,11.44684222235,11.44684222235,11.44684222235,11.44684222247,11.44684222247,11.44684222247,11.44684222278,11.44684222278,11.44684222278,11.44684222277,11.44684222277,11.44684222277,11.4468422228,11.4468422228,11.4468422228,11.4468422228,11.44684222277,11.44684222277,11.44684222277,7.47101281717,7.47101281711,7.47101281711,7.47101281717,7.47101281717,7.47101281717,7.47101281716,7.47101281721,7.47101281721,7.47101281721,7.47101281644,7.47101281644,7.47101281662,7.47101281642,7.47101281642,7.47101281654,7.47101281647,7.47101281647,7.47101281644,7.47101281644,7.47101281658,7.47101281653,7.47101281641,7.47101281641,7.47101281642,7.47101281642,7.47101281653,7.47101281653,7.47101281658,7.47101281658,7.47101281658,7.47101281658,7.47101281661,7.47101281661,7.47101281658,7.47101281618,7.47101281686,7.47101281686,7.47101281686,7.47101281686,7.47101281686,7.47101281717,4.21826829121,4.21826829121,4.21826829121,4.21826829117,4.21826829107,4.21826829107,4.21826829027,4.21826829027,2.71342071297,2.713420713042,2.713420713095,2.713420713095,2.713420713042,2.71342071297,2.71342071297,2.71342071291,2.71342071291,2.71342071297,2.52843129584,2.52843129581,2.52843129581,2.37832798426,0,1.269854346584,1.269854346684,1.269854346724,1.269854346724,1.31124582537,1.31124582537,1.96752766956,1.96752766956,7.76322367187,7.76322367187,7.76322367217,7.76322367217,7.76322367218,7.76322367218,7.76322367217
"t27",11.446842222154,11.446842222334,11.446842222334,11.446842222334,11.446842222454,11.446842222454,11.446842222454,11.446842222764,11.446842222764,11.446842222764,11.446842222754,11.446842222754,11.446842222754,11.446842222784,11.446842222784,11.446842222784,11.446842222784,11.446842222754,11.446842222754,11.446842222754,7.471012817154,7.471012817094,7.471012817094,7.471012817154,7.471012817154,7.471012817154,7.471012817144,7.471012817194,7.471012817194,7.471012817194,7.471012816424,7.471012816424,7.471012816604,7.471012816404,7.471012816404,7.471012816524,7.471012816454,7.471012816454,7.471012816424,7.471012816424,7.471012816564,7.471012816514,7.471012816394,7.471012816394,7.471012816404,7.471012816404,7.471012816514,7.471012816514,7.471012816564,7.471012816564,7.471012816564,7.471012816564,7.471012816594,7.471012816594,7.471012816564,7.471012816164,7.471012816844,7.471012816844,7.471012816844,7.471012816844,7.471012816844,7.471012817154,4.218268291194,4.218268291194,4.218268291194,4.218268291154,4.218268291054,4.218268291054,4.218268290254,4.218268290254,2.713420712954,2.713420713026,2.713420713079,2.713420713079,2.713420713026,2.713420712954,2.713420712954,2.713420712894,2.713420712894,2.713420712954,2.528431295824,2.528431295794,2.528431295794,2.378327984244,1.269854346584,0,1.2664291395,1.26642913954,1.26642913954,1.311245825354,1.311245825354,1.967527669544,1.967527669544,7.763223671854,7.763223671854,7.763223672154,7.763223672154,7.763223672164,7.763223672164,7.763223672154
"t69",11.446842222254,11.446842222434,11.446842222434,11.446842222434,11.446842222554,11.446842222554,11.446842222554,11.446842222864,11.446842222864,11.446842222864,11.446842222854,11.446842222854,11.446842222854,11.446842222884,11.446842222884,11.446842222884,11.446842222884,11.446842222854,11.446842222854,11.446842222854,7.471012817254,7.471012817194,7.471012817194,7.471012817254,7.471012817254,7.471012817254,7.471012817244,7.471012817294,7.471012817294,7.471012817294,7.471012816524,7.471012816524,7.471012816704,7.471012816504,7.471012816504,7.471012816624,7.471012816554,7.471012816554,7.471012816524,7.471012816524,7.471012816664,7.471012816614,7.471012816494,7.471012816494,7.471012816504,7.471012816504,7.471012816614,7.471012816614,7.471012816664,7.471012816664,7.471012816664,7.471012816664,7.471012816694,7.471012816694,7.471012816664,7.471012816264,7.471012816944,7.471012816944,7.471012816944,7.471012816944,7.471012816944,7.471012817254,4.218268291294,4.218268291294,4.218268291294,4.218268291254,4.218268291154,4.218268291154,4.218268290354,4.218268290354,2.713420713054,2.713420713126,2.713420713179,2.713420713179,2.713420713126,2.713420713054,2.713420713054,2.713420712994,2.713420712994,2.713420713054,2.528431295924,2.528431295894,2.528431295894,2.378327984344,1.269854346684,1.2664291395,0,0.30525676804,0.30525676804,1.311245825454,1.311245825454,1.967527669644,1.967527669644,7.763223671954,7.763223671954,7.763223672254,7.763223672254,7.763223672264,7.763223672264,7.763223672254
"t76",11.446842222294,11.446842222474,11.446842222474,11.446842222474,11.446842222594,11.446842222594,11.446842222594,11.446842222904,11.446842222904,11.446842222904,11.446842222894,11.446842222894,11.446842222894,11.446842222924,11.446842222924,11.446842222924,11.446842222924,11.446842222894,11.446842222894,11.446842222894,7.471012817294,7.471012817234,7.471012817234,7.471012817294,7.471012817294,7.471012817294,7.471012817284,7.471012817334,7.471012817334,7.471012817334,7.471012816564,7.471012816564,7.471012816744,7.471012816544,7.471012816544,7.471012816664,7.471012816594,7.471012816594,7.471012816564,7.471012816564,7.471012816704,7.471012816654,7.471012816534,7.471012816534,7.471012816544,7.471012816544,7.471012816654,7.471012816654,7.471012816704,7.471012816704,7.471012816704,7.471012816704,7.471012816734,7.471012816734,7.471012816704,7.471012816304,7.471012816984,7.471012816984,7.471012816984,7.471012816984,7.471012816984,7.471012817294,4.218268291334,4.218268291334,4.218268291334,4.218268291294,4.218268291194,4.218268291194,4.218268290394,4.218268290394,2.713420713094,2.713420713166,2.713420713219,2.713420713219,2.713420713166,2.713420713094,2.713420713094,2.713420713034,2.713420713034,2.713420713094,2.528431295964,2.528431295934,2.528431295934,2.378327984384,1.269854346724,1.26642913954,0.30525676804,0,0.231319237,1.311245825494,1.311245825494,1.967527669684,1.967527669684,7.763223671994,7.763223671994,7.763223672294,7.763223672294,7.763223672304,7.763223672304,7.763223672294
"t77",11.446842222294,11.446842222474,11.446842222474,11.446842222474,11.446842222594,11.446842222594,11.446842222594,11.446842222904,11.446842222904,11.446842222904,11.446842222894,11.446842222894,11.446842222894,11.446842222924,11.446842222924,11.446842222924,11.446842222924,11.446842222894,11.446842222894,11.446842222894,7.471012817294,7.471012817234,7.471012817234,7.471012817294,7.471012817294,7.471012817294,7.471012817284,7.471012817334,7.471012817334,7.471012817334,7.471012816564,7.471012816564,7.471012816744,7.471012816544,7.471012816544,7.471012816664,7.471012816594,7.471012816594,7.471012816564,7.471012816564,7.471012816704,7.471012816654,7.471012816534,7.471012816534,7.471012816544,7.471012816544,7.471012816654,7.471012816654,7.471012816704,7.471012816704,7.471012816704,7.471012816704,7.471012816734,7.471012816734,7.471012816704,7.471012816304,7.471012816984,7.471012816984,7.471012816984,7.471012816984,7.471012816984,7.471012817294,4.218268291334,4.218268291334,4.218268291334,4.218268291294,4.218268291194,4.218268291194,4.218268290394,4.218268290394,2.713420713094,2.713420713166,2.713420713219,2.713420713219,2.713420713166,2.713420713094,2.713420713094,2.713420713034,2.713420713034,2.713420713094,2.528431295964,2.528431295934,2.528431295934,2.378327984384,1.269854346724,1.26642913954,0.30525676804,0.231319237,0,1.311245825494,1.311245825494,1.967527669684,1.967527669684,7.763223671994,7.763223671994,7.763223672294,7.763223672294,7.763223672304,7.763223672304,7.763223672294
"t86",11.44684222222,11.4468422224,11.4468422224,11.4468422224,11.44684222252,11.44684222252,11.44684222252,11.44684222283,11.44684222283,11.44684222283,11.44684222282,11.44684222282,11.44684222282,11.44684222285,11.44684222285,11.44684222285,11.44684222285,11.44684222282,11.44684222282,11.44684222282,7.47101281722,7.47101281716,7.47101281716,7.47101281722,7.47101281722,7.47101281722,7.47101281721,7.47101281726,7.47101281726,7.47101281726,7.47101281649,7.47101281649,7.47101281667,7.47101281647,7.47101281647,7.47101281659,7.47101281652,7.47101281652,7.47101281649,7.47101281649,7.47101281663,7.47101281658,7.47101281646,7.47101281646,7.47101281647,7.47101281647,7.47101281658,7.47101281658,7.47101281663,7.47101281663,7.47101281663,7.47101281663,7.47101281666,7.47101281666,7.47101281663,7.47101281623,7.47101281691,7.47101281691,7.47101281691,7.47101281691,7.47101281691,7.47101281722,4.21826829126,4.21826829126,4.21826829126,4.21826829122,4.21826829112,4.21826829112,4.21826829032,4.21826829032,2.71342071302,2.713420713092,2.713420713145,2.713420713145,2.713420713092,2.71342071302,2.71342071302,2.71342071296,2.71342071296,2.71342071302,2.52843129589,2.52843129586,2.52843129586,2.37832798431,1.31124582537,1.311245825354,1.311245825454,1.311245825494,1.311245825494,0,0.14714367822,1.96752766961,1.96752766961,7.76322367192,7.76322367192,7.76322367222,7.76322367222,7.76322367223,7.76322367223,7.76322367222
"t87",11.44684222222,11.4468422224,11.4468422224,11.4468422224,11.44684222252,11.44684222252,11.44684222252,11.44684222283,11.44684222283,11.44684222283,11.44684222282,11.44684222282,11.44684222282,11.44684222285,11.44684222285,11.44684222285,11.44684222285,11.44684222282,11.44684222282,11.44684222282,7.47101281722,7.47101281716,7.47101281716,7.47101281722,7.47101281722,7.47101281722,7.47101281721,7.47101281726,7.47101281726,7.47101281726,7.47101281649,7.47101281649,7.47101281667,7.47101281647,7.47101281647,7.47101281659,7.47101281652,7.47101281652,7.47101281649,7.47101281649,7.47101281663,7.47101281658,7.47101281646,7.47101281646,7.47101281647,7.47101281647,7.47101281658,7.47101281658,7.47101281663,7.47101281663,7.47101281663,7.47101281663,7.47101281666,7.47101281666,7.47101281663,7.47101281623,7.47101281691,7.47101281691,7.47101281691,7.47101281691,7.47101281691,7.47101281722,4.21826829126,4.21826829126,4.21826829126,4.21826829122,4.21826829112,4.21826829112,4.21826829032,4.21826829032,2.71342071302,2.713420713092,2.713420713145,2.713420713145,2.713420713092,2.71342071302,2.71342071302,2.71342071296,2.71342071296,2.71342071302,2.52843129589,2.52843129586,2.52843129586,2.37832798431,1.31124582537,1.311245825354,1.311245825454,1.311245825494,1.311245825494,0.14714367822,0,1.96752766961,1.96752766961,7.76322367192,7.76322367192,7.76322367222,7.76322367222,7.76322367223,7.76322367223,7.76322367222
"t22",11.44684222221,11.44684222239,11.44684222239,11.44684222239,11.44684222251,11.44684222251,11.44684222251,11.44684222282,11.44684222282,11.44684222282,11.44684222281,11.44684222281,11.44684222281,11.44684222284,11.44684222284,11.44684222284,11.44684222284,11.44684222281,11.44684222281,11.44684222281,7.47101281721,7.47101281715,7.47101281715,7.47101281721,7.47101281721,7.47101281721,7.4710128172,7.47101281725,7.47101281725,7.47101281725,7.47101281648,7.47101281648,7.47101281666,7.47101281646,7.47101281646,7.47101281658,7.47101281651,7.47101281651,7.47101281648,7.47101281648,7.47101281662,7.47101281657,7.47101281645,7.47101281645,7.47101281646,7.47101281646,7.47101281657,7.47101281657,7.47101281662,7.47101281662,7.47101281662,7.47101281662,7.47101281665,7.47101281665,7.47101281662,7.47101281622,7.4710128169,7.4710128169,7.4710128169,7.4710128169,7.4710128169,7.47101281721,4.21826829125,4.21826829125,4.21826829125,4.21826829121,4.21826829111,4.21826829111,4.21826829031,4.21826829031,2.71342071301,2.713420713082,2.713420713135,2.713420713135,2.713420713082,2.71342071301,2.71342071301,2.71342071295,2.71342071295,2.71342071301,2.52843129588,2.52843129585,2.52843129585,2.3783279843,1.96752766956,1.967527669544,1.967527669644,1.967527669684,1.967527669684,1.96752766961,1.96752766961,0,1.3289452238,7.76322367191,7.76322367191,7.76322367221,7.76322367221,7.76322367222,7.76322367222,7.76322367221
"t23",11.44684222221,11.44684222239,11.44684222239,11.44684222239,11.44684222251,11.44684222251,11.44684222251,11.44684222282,11.44684222282,11.44684222282,11.44684222281,11.44684222281,11.44684222281,11.44684222284,11.44684222284,11.44684222284,11.44684222284,11.44684222281,11.44684222281,11.44684222281,7.47101281721,7.47101281715,7.47101281715,7.47101281721,7.47101281721,7.47101281721,7.4710128172,7.47101281725,7.47101281725,7.47101281725,7.47101281648,7.47101281648,7.47101281666,7.47101281646,7.47101281646,7.47101281658,7.47101281651,7.47101281651,7.47101281648,7.47101281648,7.47101281662,7.47101281657,7.47101281645,7.47101281645,7.47101281646,7.47101281646,7.47101281657,7.47101281657,7.47101281662,7.47101281662,7.47101281662,7.47101281662,7.47101281665,7.47101281665,7.47101281662,7.47101281622,7.4710128169,7.4710128169,7.4710128169,7.4710128169,7.4710128169,7.47101281721,4.21826829125,4.21826829125,4.21826829125,4.21826829121,4.21826829111,4.21826829111,4.21826829031,4.21826829031,2.71342071301,2.713420713082,2.713420713135,2.713420713135,2.713420713082,2.71342071301,2.71342071301,2.71342071295,2.71342071295,2.71342071301,2.52843129588,2.52843129585,2.52843129585,2.3783279843,1.96752766956,1.967527669544,1.967527669644,1.967527669684,1.967527669684,1.96752766961,1.96752766961,1.3289452238,0,7.76322367191,7.76322367191,7.76322367221,7.76322367221,7.76322367222,7.76322367222,7.76322367221
"t13",11.4468422217,11.44684222188,11.44684222188,11.44684222188,11.446842222,11.446842222,11.446842222,11.44684222231,11.44684222231,11.44684222231,11.4468422223,11.4468422223,11.4468422223,11.44684222233,11.44684222233,11.44684222233,11.44684222233,11.4468422223,11.4468422223,11.4468422223,7.7632236723,7.76322367224,7.76322367224,7.7632236723,7.7632236723,7.7632236723,7.76322367229,7.76322367234,7.76322367234,7.76322367234,7.76322367157,7.76322367157,7.76322367175,7.76322367155,7.76322367155,7.76322367167,7.7632236716,7.7632236716,7.76322367157,7.76322367157,7.76322367171,7.76322367166,7.76322367154,7.76322367154,7.76322367155,7.76322367155,7.76322367166,7.76322367166,7.76322367171,7.76322367171,7.76322367171,7.76322367171,7.76322367174,7.76322367174,7.76322367171,7.76322367131,7.76322367199,7.76322367199,7.76322367199,7.76322367199,7.76322367199,7.7632236723,7.76322367234,7.76322367234,7.76322367234,7.7632236723,7.7632236722,7.7632236722,7.7632236714,7.7632236714,7.7632236719,7.763223671972,7.763223672025,7.763223672025,7.763223671972,7.7632236719,7.7632236719,7.76322367184,7.76322367184,7.7632236719,7.76322367183,7.7632236718,7.7632236718,7.76322367161,7.76322367187,7.763223671854,7.763223671954,7.763223671994,7.763223671994,7.76322367192,7.76322367192,7.76322367191,7.76322367191,0,1.6599760954,5.4541425697,5.4541425697,5.45414256971,5.45414256971,5.4541425697
"t14",11.4468422217,11.44684222188,11.44684222188,11.44684222188,11.446842222,11.446842222,11.446842222,11.44684222231,11.44684222231,11.44684222231,11.4468422223,11.4468422223,11.4468422223,11.44684222233,11.44684222233,11.44684222233,11.44684222233,11.4468422223,11.4468422223,11.4468422223,7.7632236723,7.76322367224,7.76322367224,7.7632236723,7.7632236723,7.7632236723,7.76322367229,7.76322367234,7.76322367234,7.76322367234,7.76322367157,7.76322367157,7.76322367175,7.76322367155,7.76322367155,7.76322367167,7.7632236716,7.7632236716,7.76322367157,7.76322367157,7.76322367171,7.76322367166,7.76322367154,7.76322367154,7.76322367155,7.76322367155,7.76322367166,7.76322367166,7.76322367171,7.76322367171,7.76322367171,7.76322367171,7.76322367174,7.76322367174,7.76322367171,7.76322367131,7.76322367199,7.76322367199,7.76322367199,7.76322367199,7.76322367199,7.7632236723,7.76322367234,7.76322367234,7.76322367234,7.7632236723,7.7632236722,7.7632236722,7.7632236714,7.7632236714,7.7632236719,7.763223671972,7.763223672025,7.763223672025,7.763223671972,7.7632236719,7.7632236719,7.76322367184,7.76322367184,7.7632236719,7.76322367183,7.7632236718,7.7632236718,7.76322367161,7.76322367187,7.763223671854,7.763223671954,7.763223671994,7.763223671994,7.76322367192,7.76322367192,7.76322367191,7.76322367191,1.6599760954,0,5.4541425697,5.4541425697,5.45414256971,5.45414256971,5.4541425697
"t18",11.446842222,11.44684222218,11.44684222218,11.44684222218,11.4468422223,11.4468422223,11.4468422223,11.44684222261,11.44684222261,11.44684222261,11.4468422226,11.4468422226,11.4468422226,11.44684222263,11.44684222263,11.44684222263,11.44684222263,11.4468422226,11.4468422226,11.4468422226,7.7632236726,7.76322367254,7.76322367254,7.7632236726,7.7632236726,7.7632236726,7.76322367259,7.76322367264,7.76322367264,7.76322367264,7.76322367187,7.76322367187,7.76322367205,7.76322367185,7.76322367185,7.76322367197,7.7632236719,7.7632236719,7.76322367187,7.76322367187,7.76322367201,7.76322367196,7.76322367184,7.76322367184,7.76322367185,7.76322367185,7.76322367196,7.76322367196,7.76322367201,7.76322367201,7.76322367201,7.76322367201,7.76322367204,7.76322367204,7.76322367201,7.76322367161,7.76322367229,7.76322367229,7.76322367229,7.76322367229,7.76322367229,7.7632236726,7.76322367264,7.76322367264,7.76322367264,7.7632236726,7.7632236725,7.7632236725,7.7632236717,7.7632236717,7.7632236722,7.763223672272,7.763223672325,7.763223672325,7.763223672272,7.7632236722,7.7632236722,7.76322367214,7.76322367214,7.7632236722,7.76322367213,7.7632236721,7.7632236721,7.76322367191,7.76322367217,7.763223672154,7.763223672254,7.763223672294,7.763223672294,7.76322367222,7.76322367222,7.76322367221,7.76322367221,5.4541425697,5.4541425697,0,1.5142583398,2.03767502201,2.03767502201,2.037675022
"t19",11.446842222,11.44684222218,11.44684222218,11.44684222218,11.4468422223,11.4468422223,11.4468422223,11.44684222261,11.44684222261,11.44684222261,11.4468422226,11.4468422226,11.4468422226,11.44684222263,11.44684222263,11.44684222263,11.44684222263,11.4468422226,11.4468422226,11.4468422226,7.7632236726,7.76322367254,7.76322367254,7.7632236726,7.7632236726,7.7632236726,7.76322367259,7.76322367264,7.76322367264,7.76322367264,7.76322367187,7.76322367187,7.76322367205,7.76322367185,7.76322367185,7.76322367197,7.7632236719,7.7632236719,7.76322367187,7.76322367187,7.76322367201,7.76322367196,7.76322367184,7.76322367184,7.76322367185,7.76322367185,7.76322367196,7.76322367196,7.76322367201,7.76322367201,7.76322367201,7.76322367201,7.76322367204,7.76322367204,7.76322367201,7.76322367161,7.76322367229,7.76322367229,7.76322367229,7.76322367229,7.76322367229,7.7632236726,7.76322367264,7.76322367264,7.76322367264,7.7632236726,7.7632236725,7.7632236725,7.7632236717,7.7632236717,7.7632236722,7.763223672272,7.763223672325,7.763223672325,7.763223672272,7.7632236722,7.7632236722,7.76322367214,7.76322367214,7.7632236722,7.76322367213,7.7632236721,7.7632236721,7.76322367191,7.76322367217,7.763223672154,7.763223672254,7.763223672294,7.763223672294,7.76322367222,7.76322367222,7.76322367221,7.76322367221,5.4541425697,5.4541425697,1.5142583398,0,2.03767502201,2.03767502201,2.037675022
"t80",11.44684222201,11.44684222219,11.44684222219,11.44684222219,11.44684222231,11.44684222231,11.44684222231,11.44684222262,11.44684222262,11.44684222262,11.44684222261,11.44684222261,11.44684222261,11.44684222264,11.44684222264,11.44684222264,11.44684222264,11.44684222261,11.44684222261,11.44684222261,7.76322367261,7.76322367255,7.76322367255,7.76322367261,7.76322367261,7.76322367261,7.7632236726,7.76322367265,7.76322367265,7.76322367265,7.76322367188,7.76322367188,7.76322367206,7.76322367186,7.76322367186,7.76322367198,7.76322367191,7.76322367191,7.76322367188,7.76322367188,7.76322367202,7.76322367197,7.76322367185,7.76322367185,7.76322367186,7.76322367186,7.76322367197,7.76322367197,7.76322367202,7.76322367202,7.76322367202,7.76322367202,7.76322367205,7.76322367205,7.76322367202,7.76322367162,7.7632236723,7.7632236723,7.7632236723,7.7632236723,7.7632236723,7.76322367261,7.76322367265,7.76322367265,7.76322367265,7.76322367261,7.76322367251,7.76322367251,7.76322367171,7.76322367171,7.76322367221,7.763223672282,7.763223672335,7.763223672335,7.763223672282,7.76322367221,7.76322367221,7.76322367215,7.76322367215,7.76322367221,7.76322367214,7.76322367211,7.76322367211,7.76322367192,7.76322367218,7.763223672164,7.763223672264,7.763223672304,7.763223672304,7.76322367223,7.76322367223,7.76322367222,7.76322367222,5.45414256971,5.45414256971,2.03767502201,2.03767502201,0,0.2088772838,0.23578209761
"t81",11.44684222201,11.44684222219,11.44684222219,11.44684222219,11.44684222231,11.44684222231,11.44684222231,11.44684222262,11.44684222262,11.44684222262,11.44684222261,11.44684222261,11.44684222261,11.44684222264,11.44684222264,11.44684222264,11.44684222264,11.44684222261,11.44684222261,11.44684222261,7.76322367261,7.76322367255,7.76322367255,7.76322367261,7.76322367261,7.76322367261,7.7632236726,7.76322367265,7.76322367265,7.76322367265,7.76322367188,7.76322367188,7.76322367206,7.76322367186,7.76322367186,7.76322367198,7.76322367191,7.76322367191,7.76322367188,7.76322367188,7.76322367202,7.76322367197,7.76322367185,7.76322367185,7.76322367186,7.76322367186,7.76322367197,7.76322367197,7.76322367202,7.76322367202,7.76322367202,7.76322367202,7.76322367205,7.76322367205,7.76322367202,7.76322367162,7.7632236723,7.7632236723,7.7632236723,7.7632236723,7.7632236723,7.76322367261,7.76322367265,7.76322367265,7.76322367265,7.76322367261,7.76322367251,7.76322367251,7.76322367171,7.76322367171,7.76322367221,7.763223672282,7.763223672335,7.763223672335,7.763223672282,7.76322367221,7.76322367221,7.76322367215,7.76322367215,7.76322367221,7.76322367214,7.76322367211,7.76322367211,7.76322367192,7.76322367218,7.763223672164,7.763223672264,7.763223672304,7.763223672304,7.76322367223,7.76322367223,7.76322367222,7.76322367222,5.45414256971,5.45414256971,2.03767502201,2.03767502201,0.2088772838,0,0.23578209761
"t73",11.446842222,11.44684222218,11.44684222218,11.44684222218,11.4468422223,11.4468422223,11.4468422223,11.44684222261,11.44684222261,11.44684222261,11.4468422226,11.4468422226,11.4468422226,11.44684222263,11.44684222263,11.44684222263,11.44684222263,11.4468422226,11.4468422226,11.4468422226,7.7632236726,7.76322367254,7.76322367254,7.7632236726,7.7632236726,7.7632236726,7.76322367259,7.76322367264,7.76322367264,7.76322367264,7.76322367187,7.76322367187,7.76322367205,7.76322367185,7.76322367185,7.76322367197,7.7632236719,7.7632236719,7.76322367187,7.76322367187,7.76322367201,7.76322367196,7.76322367184,7.76322367184,7.76322367185,7.76322367185,7.76322367196,7.76322367196,7.76322367201,7.76322367201,7.76322367201,7.76322367201,7.76322367204,7.76322367204,7.76322367201,7.76322367161,7.76322367229,7.76322367229,7.76322367229,7.76322367229,7.76322367229,7.7632236726,7.76322367264,7.76322367264,7.76322367264,7.7632236726,7.7632236725,7.7632236725,7.7632236717,7.7632236717,7.7632236722,7.763223672272,7.763223672325,7.763223672325,7.763223672272,7.7632236722,7.7632236722,7.76322367214,7.76322367214,7.7632236722,7.76322367213,7.7632236721,7.7632236721,7.76322367191,7.76322367217,7.763223672154,7.763223672254,7.763223672294,7.763223672294,7.76322367222,7.76322367222,7.76322367221,7.76322367221,5.4541425697,5.4541425697,2.037675022,2.037675022,0.23578209761,0.23578209761,0
