accepted_species,0,1
t6,0.33333333333333337,0.6666666666666666
t19,0.33333333333333337,0.6666666666666666
t25,0.33333333333333337,0.6666666666666666
t50,1.0,0.0
t57,0.33333333333333337,0.6666666666666666
t60,1.0,0.0
t89,0.0,1.0
t100,0.0,1.0
t24,0.33333333333333337,0.6666666666666666
t92,0.0,1.0
