accepted_species,0,1
t6,0.084331155,0.91566885
t19,0.084331155,0.91566885
t25,0.11065,0.88935
t50,0.8716885,0.12831154
t57,0.94963944,0.05036054
t60,0.94963944,0.05036054
t89,0.055526137,0.94447386
t100,0.055526137,0.94447386
t24,0.07741779,0.9225822
t92,0.047786593,0.9522134
