accepted_species,0,1
t35,0.8236093105921488,0.17639068940785121
t33,0.8244393752677592,0.17556062473224074
t84,0.8237132302418158,0.17628676975818425
t97,0.8216304448099547,0.17836955519004533
t21,0.8201421000728768,0.17985789992712323
t42,0.820129571608399,0.17987042839160097
t68,0.8200847839984915,0.17991521600150853
t94,0.8205796158301977,0.1794203841698023
t51,0.8205472477650574,0.17945275223494264
t52,0.821681250951182,0.17831874904881795
