accepted_species,0,1
t35,0.8472093109703214,0.15279068902967863
t33,0.8485352874986337,0.15146471250136628
t84,0.8447091146735074,0.1552908853264926
t97,0.8326176105494144,0.1673823894505856
t21,0.7831690306841705,0.2168309693158294
t42,0.782587411366489,0.21741258863351093
t68,0.7826483489676872,0.2173516510323128
t94,0.7931491898692357,0.20685081013076437
t51,0.7940799755002833,0.20592002449971666
t52,0.820199767765182,0.17980023223481806
