accepted_species,0,1
t35,0.8571434745930359,0.14285652540696417
t33,0.8571768017712981,0.14282319822870196
t84,0.8571431814586893,0.14285681854131074
t97,0.8571903866162731,0.14280961338372694
t21,0.7804176330416988,0.2195823669583012
t42,0.7804166994007345,0.21958330059926545
t68,0.7804060311741539,0.2195939688258461
t94,0.7804939985170312,0.21950600148296887
t51,0.7805008484082818,0.21949915159171823
t52,0.7805286730851856,0.21947132691481444
