accepted_species,0,1
t35,0.8347378,0.1652622
t33,0.87759256,0.12240745
t84,0.832639,0.16736099
t97,0.8378456,0.16215436
t21,0.81379426,0.18620574
t42,0.7221626,0.2778374
t68,0.7357831,0.26421687
t94,0.8295411,0.17045891
t51,0.8346932,0.1653068
t52,0.82944995,0.17055005
