accepted_species,estimate
t48,-1.4340703584408514
t54,-0.5090647374317989
t93,-0.4947735878850178
t86,-0.3383559112794992
t98,-0.3347625143691544
t28,-0.36955724353936936
t18,0.34286817100419187
t76,0.9589599097913679
t46,1.15041357330139
t92,1.1373590920844079
