accepted_species,0
t48,-0.00271778369373596
t54,-0.00271778369373596
t93,-0.923982059487228
t86,0.349201524664703
t98,-0.199445419167947
t28,-0.00271778369373596
t18,-0.00271778369373596
t76,-0.00271778369373596
t46,-0.00271778369373596
t92,1.42462647057698
