accepted_species,estimate
t48,-2.44916
t54,-0.2975704
t93,-0.92373973
t86,0.30679965
t98,-0.12654541
t28,-0.19046055
t18,2.022722
t76,-0.03340961
t46,1.3964115
t92,1.6392272
