accepted_species,estimate
t15,0.5051943725388279
t16,0.5742366269043272
t93,0.9921058866310846
t59,0.96833952761482
t70,-0.755832130459578
t62,-0.7105219290692792
t42,-0.5449330881822423
t23,-0.45232106071301237
t36,-0.4097597298861208
t2,-0.16422107089251595
