"accepted_species","estimate"
"t15",0.199073349483742
"t16",0.199073349483742
"t93",0.536744241396176
"t59",0.550765525505703
"t70",-0.438011298005728
"t62",-0.542770189164283
"t42",-0.473051175873039
"t23",-0.014219440273445
"t36",0.00090194865565787
"t2",0.0489155950486183
