accepted_species,0,1
t26,0.9339810872318354,0.06601891276816463
t41,0.9340457796314046,0.06595422036859543
t32,0.9339945798330165,0.06600542016698355
t50,0.9333117883242616,0.06668821167573832
t51,0.9333155941389518,0.06668440586104814
t88,0.9331491759563284,0.06685082404367164
t79,0.9331264142136759,0.06687358578632402
t74,0.9338130906351623,0.06618690936483772
t23,0.9340624231537379,0.0659375768462621
t72,0.9339821171336756,0.06601788286632436
