"accepted_species","0","1"
"t26","0.997668499234998","0.00233150076500208"
"t41","0.940407327600293","0.0595926723997071"
"t32","0.999160588971299","0.00083941102870067"
"t50","0.999448259259603","0.000551740740396576"
"t51","0.999448259259603","0.000551740740396576"
"t88","0.99989063924955","0.000109360750450353"
"t79","0.842029145666441","0.157970854333559"
"t74","0.999887981707292","0.000112018292707848"
"t23","0.999844372264581","0.000155627735418678"
"t72","0.999564159273106","0.000435840726894337"
