accepted_species,0,1
t26,0.9292035,0.07079648
t41,0.9292035,0.07079648
t32,0.9334266,0.06657335
t50,0.9532607,0.046739295
t51,0.9532607,0.046739295
t88,0.9466079,0.0533921
t79,0.9269595,0.07304046
t74,0.9268061,0.07319389
t23,0.955757,0.044242967
t72,0.9552289,0.04477107
