"accepted_species","0","1"
"t32",0.56703831525741,0.432961684742591
"t33",0.577985825556127,0.422014174443873
"t39",0.587283474195153,0.412716525804847
"t42",0.612307593056162,0.387692406943838
"t87",0.275501409418518,0.724498590581482
"t89",0.306571654209743,0.693428345790257
"t98",0.55986491488753,0.44013508511247
"t99",0.55986491488753,0.44013508511247
"t103",0.0944262663243882,0.905573733675612
"t114",0.997010939231053,0.00298906076894739
