accepted_species,0,1
t10,0.9751429636870987,0.024857036312901308
t64,0.9398934999208184,0.06010650007918162
t66,0.9686386236824216,0.03136137631757836
t87,0.9406027447638149,0.059397255236185116
t109,0.9584123219706129,0.04158767802938708
t128,0.967915323663089,0.03208467633691106
t141,0.9780463030111722,0.021953696988827712
t143,0.9759658457108354,0.024034154289164594
t162,0.8701887367475784,0.12981126325242162
t175,0.9856593608056742,0.014340639194325797
