accepted_species,0,1
t10,0.9555555555555556,0.044444444444444446
t64,0.9555555555555556,0.044444444444444446
t66,0.9555555555555556,0.044444444444444446
t87,0.9555555555555556,0.044444444444444446
t109,0.9555555555555556,0.044444444444444446
t128,0.9555555555555556,0.044444444444444446
t141,1.0,0.0
t143,1.0,0.0
t162,1.0,0.0
t175,1.0,0.0
