accepted_species,0,1
t10,0.98927337,0.010726659
t64,0.9731921,0.02680788
t66,0.96143544,0.038564585
t87,0.9731921,0.02680788
t109,0.9461325,0.053867504
t128,0.974357,0.025642993
t141,0.9696189,0.030381102
t143,0.9731921,0.02680788
t162,0.8418615,0.15813854
t175,0.9731921,0.02680788
