accepted_species,0,1
t10,0.96910447,0.030895516
t64,0.9631184,0.036881626
t66,0.96923476,0.030765245
t87,0.9631184,0.036881626
t109,0.9689064,0.03109359
t128,0.96034724,0.039652765
t141,0.95242345,0.04757656
t143,0.9631184,0.036881626
t162,0.9657879,0.03421212
t175,0.9631184,0.036881626
