accepted_species,0,1
t32,0.052603543,0.94739646
t33,0.9652407,0.034759287
t39,0.9933883,0.006611721
t42,0.99524456,0.0047554434
t87,0.023171306,0.9768287
t89,0.99410266,0.0058973664
t98,0.036059976,0.96394
t99,0.032424927,0.9675751
t103,0.96659434,0.033405636
t114,0.62335,0.37664998
