accepted_species,estimate
Asclepias_cordifolia,0.09450675369203698
Coprosma_lucida,-0.04447523935258446
Galium_porrigens,-0.2563113588266701
Galium_sterneri,-0.11188005532491041
Guettarda_uruguensis,0.3312624132251749
Hamelia_axillaris,0.2616970949065409
Pentagonia_macrophylla,0.36049921609170865
Psychotria_chagrensis,0.5266325769194802
Vinca_major,0.0036377552638651167
Vinca_minor,0.4126868091558634
