accepted_species,0,1
t62,0.1294284986368961,0.8705715013631039
t72,0.1080433004957917,0.8919566995042083
t87,0.5524460814720183,0.44755391852798165
t111,0.633584323250064,0.36641567674993597
t122,0.33414670443981487,0.6658532955601851
t123,0.20144161767902435,0.7985583823209756
t130,0.2398703362629423,0.7601296637370577
t133,0.36299683931710236,0.6370031606828976
t134,0.39354414614710487,0.6064558538528951
t143,0.6784648305906031,0.32153516940939686
