accepted_species,0,1
t26,0.45543295462769917,0.5445670453723008
t39,0.4601211328103948,0.5398788671896052
t46,0.46057849401221895,0.539421505987781
t58,0.4502929835386592,0.5497070164613408
t78,0.46043458503707424,0.5395654149629258
t90,0.45174019036350666,0.5482598096364933
t93,0.45456504682960663,0.5454349531703934
t121,0.4606439254913022,0.5393560745086978
t130,0.45048056509653855,0.5495194349034614
t140,0.4538600932686071,0.5461399067313929
