accepted_species,0,1
t62,0.30793414868354896,0.692065851316451
t72,0.2682688804512098,0.7317311195487902
t87,0.3400080168696322,0.6599919831303678
t111,0.3475083875139008,0.6524916124860992
t122,0.2665397353297506,0.7334602646702494
t123,0.34140907055393954,0.6585909294460605
t130,0.33045902122113,0.66954097877887
t133,0.34827216404766137,0.6517278359523386
t134,0.34825706129703726,0.6517429387029627
t143,0.34181515336169177,0.6581848466383082
