accepted_species,0,1
t62,0.30796720466608496,0.692032795333915
t72,0.3080082481108305,0.6919917518891695
t87,0.31453195489281005,0.68546804510719
t111,0.31334420926198414,0.6866557907380159
t122,0.307343143640903,0.692656856359097
t123,0.3110752498987297,0.6889247501012703
t130,0.3167919306735252,0.6832080693264748
t133,0.31540658550323586,0.6845934144967641
t134,0.31554268210133496,0.684457317898665
t143,0.31341343654632614,0.6865865634536739
