accepted_species,0,1
t62,0.26129836,0.73870164
t72,0.28918928,0.7108107
t87,0.55914724,0.44085276
t111,0.38417888,0.6158211
t122,0.28100318,0.7189968
t123,0.2652231,0.7347769
t130,0.23558998,0.76441
t133,0.3007161,0.6992839
t134,0.3041516,0.6958484
t143,0.37582535,0.62417465
