accepted_species,0,1
t127,0.8463115089647673,0.15368849103523272
t202,0.8462810487247809,0.15371895127521912
t204,0.8408757719626064,0.1591242280373936
t207,0.842915012805866,0.15708498719413405
t208,0.8429318007837348,0.1570681992162652
t218,0.8448302273546402,0.15516977264535978
t227,0.8462600028587272,0.15373999714127287
t267,0.8462367636633132,0.15376323633668681
t284,0.8466895466181877,0.15331045338181223
t287,0.8464093751280154,0.15359062487198458
