"accepted_species","estimate"
"t84",-1.34759673234941
"t85",-1.34759673234941
"t76",-1.34759673234941
"t58",-1.40321596838919
"t93",-1.47648749761291
"t94",-1.47648749761291
"t38",-1.42967568582017
"t20",-0.665445912702331
"t39",-0.665445912702331
"t40",-0.665445912702331
