accepted_species,0,1
sp110,0.7142697719959499,0.28573022800405007
sp116,0.8048708472232854,0.1951291527767146
sp121,0.8048808119127497,0.19511918808725023
sp136,0.7142828530634974,0.28571714693650263
sp138,0.7142718653120472,0.28572813468795283
sp160,0.8048810753075839,0.19511892469241607
sp161,0.8048810753075839,0.19511892469241607
sp166,0.7142639080219517,0.2857360919780482
sp175,0.8048649985635652,0.19513500143643478
sp181,0.7142941939684133,0.28570580603158663
