accepted_species,0,1
sp110,0.20310658,0.7968934
sp116,0.60922235,0.39077765
sp121,0.33892053,0.66107947
sp136,0.9254862,0.07451382
sp138,0.9663631,0.03363695
sp160,0.97407764,0.025922364
sp161,0.92283523,0.077164784
sp166,0.9254862,0.07451382
sp175,0.21340722,0.7865928
sp181,0.8553871,0.14461294
