accepted_species,0,1
t86,0.6905473648601093,0.3094526351398908
t95,0.6905722936679892,0.3094277063320107
t96,0.6905333587973578,0.3094666412026422
t97,0.690498179889657,0.30950182011034305
t114,0.6901273589697443,0.3098726410302557
t117,0.6904903855379608,0.3095096144620392
t125,0.6903349560965608,0.3096650439034392
t130,0.6903702648608286,0.30962973513917136
t148,0.6903168204992789,0.3096831795007211
t149,0.6903168588053199,0.30968314119468004
