accepted_species,0,1
t86,0.6897668482447734,0.31023315175522653
t95,0.6898288111629274,0.31017118883707256
t96,0.6898330586920738,0.31016694130792627
t97,0.6903332985297981,0.3096667014702019
t114,0.689447551625962,0.31055244837403795
t117,0.690186932368183,0.30981306763181704
t125,0.689181012622809,0.31081898737719105
t130,0.6898781152348638,0.31012188476513625
t148,0.6893731461417074,0.31062685385829264
t149,0.6893732848342962,0.3106267151657038
