accepted_species,0,1
t86,0.6897451645480477,0.3102548354519523
t95,0.689748250393194,0.31025174960680607
t96,0.6897485461447312,0.3102514538552688
t97,0.689688683209378,0.3103113167906219
t114,0.689583853871411,0.310416146128589
t117,0.689688683209378,0.3103113167906219
t125,0.689691887078002,0.31030811292199795
t130,0.6896528692107834,0.3103471307892166
t148,0.6896952712123147,0.31030472878768534
t149,0.6896952712123147,0.31030472878768534
