accepted_species,0,1
t215,0.6018383765075138,0.3981616234924862
t267,0.7166526735257563,0.2833473264742436
t299,0.606016694288035,0.3939833057119651
t348,0.6944955809155273,0.3055044190844726
t368,0.6234364409963591,0.37656355900364086
t398,0.7312213843196178,0.26877861568038214
t407,0.7092797426820436,0.29072025731795637
t408,0.7092797426820436,0.29072025731795637
t415,0.6601324074129795,0.33986759258702043
t428,0.40207056754455694,0.597929432455443
