accepted_species,0,1
t86,0.70039666,0.2996033
t95,0.70039666,0.2996033
t96,0.70039666,0.2996033
t97,0.70039666,0.2996033
t114,0.70039666,0.2996033
t117,0.70039666,0.2996033
t125,0.70039666,0.2996033
t130,0.70039666,0.2996033
t148,0.70039666,0.2996033
t149,0.70039666,0.2996033
