accepted_species,0,1
t215,0.68834937,0.31165066
t267,0.6995959,0.30040404
t299,0.67648137,0.3235186
t348,0.6936985,0.3063015
t368,0.6730005,0.3269995
t398,0.69617146,0.30382854
t407,0.6948861,0.30511394
t408,0.6948861,0.30511394
t415,0.68812484,0.31187516
t428,0.60256135,0.39743868
