accepted_species,0,1
t215,0.85749185,0.14250815
t267,0.67848647,0.32151353
t299,0.94343674,0.056563247
t348,0.92512757,0.074872434
t368,0.8109076,0.18909243
t398,0.8637375,0.13626249
t407,0.49497914,0.50502086
t408,0.49714917,0.50285083
t415,0.06568104,0.93431896
t428,0.9470054,0.052994635
