accepted_species,estimate
t43,1.0084261054424495
t20,-0.46673425463310586
t28,0.0786314889151277
t49,-0.0285420323707443
t50,0.0047058690966238145
t100,-0.24171387256284374
t15,0.1336194672860501
t56,0.1185246708876889
t37,0.5123311673494699
t1,0.39184521943676426
