accepted_species,0,1
sp97,0.6165127703344107,0.3834872296655894
sp160,0.627578939278009,0.372421060721991
sp163,0.6160509362550288,0.3839490637449712
sp173,0.6253296890991529,0.3746703109008471
sp180,0.6275630949802395,0.3724369050197605
sp187,0.6264172800569954,0.3735827199430046
sp194,0.6271220571907737,0.37287794280922626
sp195,0.6271208420654029,0.3728791579345972
sp214,0.6275120426611389,0.37248795733886114
sp216,0.6159351914929619,0.38406480850703806
