accepted_species,0,1
sp97,0.6189854834231243,0.38101451657687563
sp160,0.6214338353416097,0.3785661646583903
sp163,0.6183244687052326,0.3816755312947674
sp173,0.6274975444552562,0.3725024555447438
sp180,0.6215272351226687,0.3784727648773313
sp187,0.6262407746653058,0.37375922533469413
sp194,0.6224511665327224,0.3775488334672776
sp195,0.6224511665327224,0.3775488334672776
sp214,0.6215572884458553,0.3784427115541447
sp216,0.6183021478630155,0.3816978521369845
