accepted_species,0,1
sp97,0.20866066,0.79133934
sp160,0.73799664,0.26200336
sp163,0.69094193,0.3090581
sp173,0.9683526,0.031647358
sp180,0.555639,0.444361
sp187,0.73278016,0.26721984
sp194,0.4263751,0.5736249
sp195,0.4263751,0.5736249
sp214,0.5610179,0.43898213
sp216,0.69094193,0.3090581
