"accepted_species","estimate"
"t20",-1.91903914218557
"t75",-0.332569139073174
"t60",-0.0488679015165306
"t23",0.271335080505248
"t55",0.773851988435394
"t99",0.116540939907344
"t6",0.199554947906961
"t66",0.845830571050366
"t21",0.0701926113771903
"t84",0.283127170733347
