accepted_species,0
t20,0.029513682852450658
t75,0.029513682852450658
t60,0.029513682852450658
t23,0.029513682852450658
t55,0.029513682852450658
t99,0.10291409437089953
t6,0.029513682852450658
t66,0.029513682852450658
t21,0.029513682852450658
t84,0.029513682852450658
