"accepted_species","estimate"
"t20",-1.93190486948259
"t75",-0.33289477214539
"t60",-0.049634191990801
"t23",0.273595037600455
"t55",0.775638783594714
"t99",0.116547857552838
"t6",0.204476985072352
"t66",0.848094769199945
"t21",0.072966745138012
"t84",0.282301308245976
