accepted_species,0,1
Vincetoxicum_cinerascens,0.9001668,0.099833176
Pachypodium_stenanthum,0.8886862,0.11131383
Ruehssia_sessilifolia,0.8985455,0.10145448
Stapelianthus_insignis,0.90325475,0.09674522
Hoya_clemensiorum,0.89624035,0.103759624
Hoya_amorosoae,0.89624035,0.103759624
Fagraea_obtusifolia,0.91730064,0.08269938
Gonolobus_lozadae,0.9174082,0.08259175
Camptocarpus_linearis,0.89624035,0.103759624
Glossostelma_nyikense,0.90325475,0.09674522
