accepted_species,0,1
Vincetoxicum_cinerascens,0.88688934,0.11311068
Pachypodium_stenanthum,0.5471819,0.4528181
Ruehssia_sessilifolia,0.87313735,0.12686263
Stapelianthus_insignis,0.9856548,0.014345226
Hoya_clemensiorum,0.85463905,0.14536095
Hoya_amorosoae,0.86778456,0.13221544
Fagraea_obtusifolia,0.9524606,0.04753944
Gonolobus_lozadae,0.9229047,0.07709532
Camptocarpus_linearis,0.6107826,0.3892174
Glossostelma_nyikense,0.9856548,0.014345226
