accepted_species,0,1
t38,0.4515279512983156,0.5484720487016844
t39,0.4513514760720886,0.5486485239279114
t56,0.450406732818995,0.549593267181005
t70,0.4505098457395247,0.5494901542604753
t71,0.45010858611429483,0.5498914138857052
t78,0.4498160101654729,0.5501839898345271
t85,0.45026561979939417,0.5497343802006058
t107,0.4498243002446435,0.5501756997553565
t108,0.4498788959980775,0.5501211040019225
t113,0.452676580454597,0.547323419545403
