accepted_species,0,1
t38,0.45250405142695427,0.5474959485730457
t39,0.4524754311654633,0.5475245688345367
t56,0.45228632000513047,0.5477136799948695
t70,0.4523943706139105,0.5476056293860895
t71,0.4524200204962189,0.5475799795037811
t78,0.4525046169329665,0.5474953830670335
t85,0.4524605554568649,0.5475394445431351
t107,0.45245377972745426,0.5475462202725457
t108,0.4524358154838938,0.5475641845161062
t113,0.45255395248570973,0.5474460475142903
