"accepted_species","0","1"
"t38","0.49999999999999","0.50000000000001"
"t39","0.49999999999999","0.50000000000001"
"t56","0.5","0.5"
"t70","0.5","0.5"
"t71","0.5","0.5"
"t78","0.499980673332404","0.500019326667596"
"t85","0.492209153472395","0.507790846527605"
"t107","0.499980673332404","0.500019326667596"
"t108","0.499980673332404","0.500019326667596"
"t113","0.755320600230419","0.244679399769581"
