accepted_species,0,1
t18,0.003083706,0.9969163
t19,0.003083706,0.9969163
t20,0.0040330887,0.9959669
t26,0.06929302,0.930707
t55,0.06929302,0.930707
t72,0.002242148,0.99775785
t100,0.002242148,0.99775785
t101,0.002242148,0.99775785
t110,0.002242148,0.99775785
t111,0.002242148,0.99775785
