accepted_species,0,1
t18,0.20205337,0.79794663
t19,0.19153655,0.80846345
t20,0.18120271,0.8187973
t26,0.19571245,0.80428755
t55,0.19402444,0.80597556
t72,0.18098539,0.8190146
t100,0.1955654,0.8044346
t101,0.18680304,0.81319696
t110,0.1750353,0.8249647
t111,0.1787731,0.8212269
