accepted_species,0,1
t18,0.023706555,0.97629344
t19,0.023706555,0.97629344
t20,0.016071081,0.9839289
t26,0.013770819,0.9862292
t55,0.013770819,0.9862292
t72,0.023824513,0.9761755
t100,0.023824513,0.9761755
t101,0.023824513,0.9761755
t110,0.021547377,0.9784526
t111,0.021547377,0.9784526
