accepted_species,estimate
t57,0.19779498528178655
t63,-0.34523368183692615
t58,0.15393558917586678
t50,0.18138249880133211
t97,0.18532221060529352
t40,0.04366395001640868
t24,0.032713795012671604
t36,0.0312941846769492
t72,0.043035359232116856
t11,0.08789113084537045
