"accepted_species","estimate"
"t57",0.00288283771752593
"t63",0.00288283771752593
"t58",0.00288283771752593
"t50",0.00288283771752593
"t97",0.00288283771752593
"t40",0.00288283771752593
"t24",0.00288283771752593
"t36",0.00288283771752593
"t72",0.00288283771752593
"t11",0.00288283771752593
