"accepted_species","estimate"
"t57",-2.06466065154002
"t63",-0.624423583370096
"t58",-0.616617268816269
"t50",1.87084944142017
"t97",1.10627364760646
"t40",-0.640690175060147
"t24",-0.434758150859772
"t36",-0.484054784242685
"t72",1.12839023469231
"t11",0.576173942218107
