accepted_species,estimate
t10,-0.07190744565739018
t58,-0.1418222588002186
t29,-0.12551511151173025
t61,-0.11727033318691371
t33,0.11000506071120764
t21,0.5031829586203747
t79,0.6810573676005565
t44,0.6792416363719639
t45,0.6792416363719649
t35,0.6414500850616017
