accepted_species,estimate
t10,-0.14903364
t58,-0.26380354
t29,-0.26380354
t61,-0.06127445
t33,-0.038656145
t21,0.49529603
t79,0.66861856
t44,0.5755472
t45,0.61534804
t35,0.42070195
