accepted_species,0,1
Palicourea_chrysotricha,0.95003235,0.049967624
Psychotria_xantholoba,0.95003235,0.049967624
Coussarea_resinosa,0.95003235,0.049967624
Cruckshanksia_montiana,0.95003235,0.049967624
Rudgea_recurva,0.95003235,0.049967624
Rudgea_maypurensis,0.95003235,0.049967624
Rudgea_bracteata,0.95003235,0.049967624
Rudgea_reducticalyx,0.95003235,0.049967624
Opercularia_nubicola,0.95003235,0.049967624
Declieuxia_aspalathoides,0.95003235,0.049967624
