accepted_species,estimate
t49,-2.038953915669565
t29,-0.9045000137188278
t112,-0.6802923152532426
t150,-0.4077832973301682
t63,0.1638557331158284
t106,0.2929905333851806
t102,0.39330971652975993
t148,1.044764576065355
t156,1.3924016735026141
t133,1.2960413120738334
t72,0.9979794727343404
t158,0.4967315884479749
t11,0.08457685570522795
t99,0.04554460949674028
t4,-1.6549575370161693
t43,0.44381222742610366
