"","c1","c2","c3","c4","c5","c6","c7","c8","c9","c10","c11","c12","c13","c14","c15","c16","c17","c18","c19","c20","c21","c22","c23","c24","c25","c26","c27","c28","c29","c30","c31","c32","c33","c34","c35","c36","c37","c38","c39","c40","c41","c42","c43","c44","c45","c46","c47","c48","c49","c50","c51","c52","c53","c54","c55","c56","c57","c58","c59","c60","c61","c62","c63","c64","c65","c66","c67","c68","c69","c70","c71","c72","c73","c74","c75","c76","c77","c78","c79","c80","c81","c82","c83","c84","c85","c86","c87","c88","c89","c90","c91","c92","c93","c94","c95","c96","c97","c98","c99"
"t7",0.0564617505748308,-0.0158392707692992,-0.0656542611290754,-0.00497917335363577,-0.00598586287467164,0.0944831397643635,-0.0347542399495149,-0.500380359854663,-7.90378631296348e-05,-0.0624553204415902,-0.0242585598733895,-0.00410066907371112,0.00535671704662908,-0.00321204418184312,-0.0011671855475141,0.00204861914950477,0.0010361577800473,0.000126046548756759,6.23154878617243e-06,8.38965868832282e-06,-0.000111252988658117,0.000170189063769176,-0.00112595918934695,-0.000958314537696788,-0.000211616726559918,-0.000361109987629058,-0.00130875513810771,0.00283368410878637,-0.0319247226857575,-0.051109003443263,0.843625606002448,0.0412130493597964,-0.000250534621352309,0.000102200101543381,0.00170493260090335,-0.0005776603340264,-4.53810749715889e-05,0.00762220002310204,-0.00256492901833697,0.00202605217257805,-0.0001236825776561,0.000103641804448952,0.000196167294310344,-3.0597204955517e-16,0.00114283184838496,0.000186821623612885,-0.000654976059565846,-3.03220752006642e-16,1.51258345094934e-05,0.000102320421279601,0.000472693225998515,-0.00110385661187135,-2.56694865894179e-17,0.000639428770176676,1.39587859387083e-16,2.55010892322751e-05,-0.000710679891555925,-7.39060950528346e-17,2.04988002245296e-06,0.000290259833519709,0.000150802676481496,2.95239931773469e-05,1.90774402468642e-16,-1.43849570197272e-16,0.000667925574943054,2.94187749528212e-16,2.96166793488739e-16,-5.92276827310822e-17,1.87880573391462e-16,-1.15049833241282e-16,-1.3886503044361e-05,6.77341152884441e-16,4.67365320910678e-16,-3.11445937954286e-05,8.5823495804073e-16,-2.51989447003263e-17,-7.40402271150378e-17,-1.9190877193472e-16,2.09509657014016e-16,-9.79146982301845e-05,-6.23201012824189e-06,0.000157352707715171,3.69072413579479e-16,-2.31315455432639e-16,1.79998810640321e-16,9.07560786948079e-17,4.11118940865269e-16,2.18180799101597e-05,2.8446941441587e-16,6.41636366065802e-15,1.41653705575044e-06,1.48039968833133e-15,-1.20702384737e-16,-1.21409648638284e-15,1.98051691727187e-15,-3.4792617840782e-15,-1.64488357098008e-15,2.68860606241027e-15,2.60036645944286e-15
"t82",0.0578617530236034,-0.0166311338710433,-0.0697323808461111,-0.00532718074246061,-0.0065192659839805,0.104245760669752,-0.0386895057808356,-0.566691103168911,-9.14750236810423e-05,-0.0734865599593397,-0.0306491545455448,-0.00540291571491533,0.00744153293068235,-0.0045992622278564,-0.00173173441520019,0.00358377608580394,0.00227564843591131,0.000317433295591524,1.76596963527978e-05,4.10443207216223e-05,-0.000642838083743412,0.00302786571661892,0.00845541177349701,0.00403699918399239,0.000638445750401476,0.00101379271985875,0.00209205826973105,-0.00383867577352133,0.0178556573427486,0.0234012393160309,-0.37454028089583,-0.0143872533673259,5.1774202789567e-05,-1.18448596439677e-05,6.42073006539025e-05,-2.48814966413301e-05,-3.12738850368859e-06,0.00055841183783509,-0.00019459216303363,0.000202056798005901,-1.55013377604323e-05,1.48469657410113e-05,3.49051567701902e-05,7.47547351896347e-16,0.000239243638365928,3.98033395562183e-05,-0.000166306494326273,2.29442686863533e-16,4.20196975279485e-06,2.851230602867e-05,0.000132285557334711,-0.000318696781633057,-3.71606091303223e-16,0.000192146961179594,-6.43982996565946e-16,8.78529391053747e-06,-0.000245552162516844,4.84114876277983e-16,7.3355226381874e-07,0.000105526232762161,5.63061955158483e-05,1.12267436555095e-05,2.62244866938637e-15,7.96089731933684e-16,0.00027071340791575,-2.71018630551566e-17,5.17125499710334e-16,2.89366742556302e-16,2.41977088305282e-15,-6.32615001426129e-16,-6.37571694442662e-06,9.80262822233618e-16,-3.98328764724249e-15,-1.44240556037388e-05,-6.76626349208092e-16,1.11076881191716e-15,-1.00325004251709e-15,6.56306282713449e-15,-7.7656074165e-16,-4.63516181952785e-05,-2.96266398512641e-06,7.56336716056903e-05,-6.35847202845672e-15,-2.88023837772758e-16,1.22800142245614e-15,1.26305403223572e-14,1.87568877484958e-15,1.0717512701691e-05,2.89511139572649e-14,0.707106781186547,7.0862126716082e-07,-4.74207939388038e-13,3.04365268702761e-14,1.94962267352212e-14,2.28250342936543e-14,-5.10201598357125e-15,-9.03231726942034e-15,-2.36504809874006e-14,1.1832566377515e-14
"t83",0.0578617530236046,-0.0166311338710432,-0.069732380846111,-0.00532718074246079,-0.00651926598398039,0.104245760669751,-0.0386895057808356,-0.56669110316891,-9.14750236805971e-05,-0.0734865599593394,-0.0306491545455445,-0.0054029157149154,0.00744153293068224,-0.00459926222785652,-0.00173173441520007,0.00358377608580359,0.00227564843591166,0.000317433295591558,1.76596963539125e-05,4.10443207215593e-05,-0.000642838083743326,0.00302786571661884,0.008455411773498,0.00403699918399185,0.000638445750400693,0.00101379271985825,0.00209205826973112,-0.00383867577352112,0.0178556573427505,0.0234012393160304,-0.374540280895822,-0.0143872533673249,5.17742027899831e-05,-1.18448596433625e-05,6.42073006545547e-05,-2.48814966414323e-05,-3.12738850277483e-06,0.000558411837836201,-0.000194592163031309,0.00020205679800619,-1.55013377584817e-05,1.48469657417342e-05,3.49051567702991e-05,-4.12435805908463e-16,0.000239243638369185,3.98033395567171e-05,-0.000166306494330427,6.96422179673804e-17,4.20196974695753e-06,2.85123060269221e-05,0.000132285557337085,-0.00031869678163576,6.11736903632929e-16,0.000192146961180953,4.65574806577935e-16,8.78529391116039e-06,-0.000245552162517525,-4.10891751110006e-16,7.33552262770831e-07,0.000105526232767649,5.63061955161921e-05,1.12267436567709e-05,-2.90704135133345e-15,-3.59910411225816e-16,0.0002707134079204,-3.10599914066435e-16,-7.02015815259499e-16,-4.93530245258245e-16,-2.6091482017103e-15,6.20333263158533e-16,-6.3757169391155e-06,-2.47554254454315e-16,3.55573419364366e-15,-1.44240555978408e-05,1.42619462983541e-15,-8.11731990145237e-16,1.00796842736861e-15,-7.19021144338421e-15,7.14914993339863e-16,-4.63516181790308e-05,-2.96266398292793e-06,7.56336716051024e-05,6.31615458959441e-15,-5.2368218916964e-17,-1.55857220851012e-15,-1.2391906954771e-14,-6.56911036791128e-16,1.07175126521903e-05,-2.85596923719099e-14,-0.707106781186547,7.08619851873742e-07,4.7796765577779e-13,-3.06491982968708e-14,-2.22977174638776e-14,-1.92910210548341e-14,-2.02041302862215e-15,5.7018116558154e-15,2.90988327293735e-14,-7.10718721639458e-15
"t79",-0.0273005682244704,-0.0734013368815203,-0.0742717266498007,-0.350930236537528,0.0324618396894789,-0.0256321737772096,0.0393595400367652,0.0240523580820531,-3.17184371057885e-05,-0.00307539713500004,-0.00329302172098809,-0.00476950966174792,0.00105941842647411,-0.00430629653080381,-0.00163585247796595,0.00348023081458946,0.00222825476046573,0.000310446855085423,3.1819746505567e-06,3.93167154560315e-05,-0.000612364117267194,0.00280575332389029,0.00154360297057108,0.00369860681011163,0.00010135965104728,0.000876619734612504,0.00160055071501179,-0.000539408647470212,0.00102464467807299,0.00108148769429227,-0.0021837958002403,0.00541163880665906,-9.59146190003668e-05,6.43050286773314e-05,0.00451353209758585,-0.00174260393558648,-0.000122491118811114,0.052055667898382,-0.264185008457467,-0.00799600487040151,0.000197755731766212,-0.000107081746064974,-9.63864518110867e-05,2.23059017278119e-16,-5.12270816284658e-05,-3.80474778521164e-05,-2.14170708930538e-06,2.2371151721254e-16,1.79035187151557e-06,1.24642023805355e-05,5.98529069280241e-05,-3.59764795036704e-05,-3.374007224617e-16,2.69382857333004e-05,1.40692185459392e-16,2.09819425967214e-06,-5.93021584372991e-05,4.10816012228249e-16,1.0033346286353e-06,0.000155522418193046,1.98605816020451e-05,2.24243882546085e-05,-6.28988684950293e-15,8.8549122731776e-15,0.165140671641449,1.44324995133733e-15,-9.2445991377387e-16,-4.11197735956359e-15,-1.84156108168684e-15,9.45978841112026e-16,-3.13373053981236e-06,4.34767626616246e-15,-2.614578637529e-15,-8.28523992037683e-06,8.77281688649229e-16,3.36598348552323e-16,4.36547095336966e-15,1.23335116801806e-14,-1.00547555674949e-14,-0.0982260209055512,1.92782095468332e-06,1.28975271532289e-07,4.16393920921484e-16,8.5074937178397e-15,7.11405379347325e-15,4.33684771772411e-14,-1.49267357807959e-14,-0.861221559222064,-1.53325101825539e-15,3.15684978158259e-14,7.75284385266849e-07,-3.34810822938718e-15,4.63401841877862e-16,-3.42766772288794e-16,1.46702642420826e-14,-6.03522904068351e-15,-3.06184949194955e-15,-7.30814694567464e-16,4.17465138806191e-15
"t97",-0.0273383095352284,-0.0735968824683857,-0.0745124446127123,-0.352193152237843,0.0326060836600297,-0.025761227724275,0.0395733075616923,0.0242007231851472,-3.19422377329228e-05,-0.00309908002918443,-0.00332665235483445,-0.00482443266137439,0.00107319164297171,-0.00436563527173571,-0.00165979438431517,0.00354262592317331,0.00227542063629141,0.000317469484768759,3.25725785154124e-06,4.03699322954772e-05,-0.000629134495685897,0.00288839383612696,0.00159352555597029,0.00382335962965496,0.000104895047278963,0.000907448208826787,0.00166130762556756,-0.000560429019015928,0.0010713196513926,0.0011325280681079,-0.00228741210565977,0.00567898500663923,-0.000101031673256847,6.79607537041266e-05,0.00481160819546994,-0.00185845637205779,-0.000130912609117609,0.0556559404767845,-0.282522612377994,-0.00857060774744082,0.000212558815544998,-0.000115350812276712,-0.00010434791031604,9.23544201507328e-17,-5.57687313716878e-05,-4.14514878300446e-05,-2.35617935877527e-06,7.98000306024278e-16,1.98438694120025e-06,1.38191816937158e-05,6.63875417787357e-05,-4.00355116900216e-05,4.7570564378922e-16,3.01233113924542e-05,6.58601999371081e-16,2.40608890791318e-06,-6.80561223570234e-05,-1.33747484768106e-16,1.16330757384348e-06,0.000181301624245616,2.33999255886979e-05,2.66490237478909e-05,-4.49163341258412e-15,1.0358416793726e-14,0.204985528371274,1.71659989698823e-15,6.04573494475088e-16,4.20908626351831e-15,-7.80166637495091e-16,-6.74588418491429e-16,-5.58238042297676e-06,2.76542693223006e-15,-6.01524961183525e-16,-1.6222299563976e-05,-1.07283928609702e-16,6.28786439204522e-16,1.56945048954627e-14,3.84623809914886e-14,-3.6104823050349e-14,-0.330522177123341,8.38647176848686e-06,-3.82982851920852e-06,-5.61938810380192e-15,1.95575764624115e-15,-3.62522440986913e-15,-4.10667871550235e-15,8.19097018144077e-15,0.340485264202362,1.89654617623696e-15,-3.94996535479919e-14,1.8992027862501e-07,-6.31759881155161e-16,4.18567982571641e-15,-1.04480980731558e-14,-1.32179605526564e-15,3.50472380704436e-14,-1.3891095518101e-13,-0.707106781186546,-3.75914337572901e-14
"t98",-0.0273383095352284,-0.0735968824683849,-0.0745124446127123,-0.352193152237843,0.03260608366003,-0.0257612277242747,0.0395733075616921,0.024200723185147,-3.19422377329737e-05,-0.00309908002918426,-0.00332665235483417,-0.00482443266137417,0.00107319164297197,-0.00436563527173568,-0.00165979438431514,0.00354262592317329,0.00227542063629116,0.000317469484768884,3.2572578523248e-06,4.03699322949747e-05,-0.000629134495685478,0.00288839383612728,0.0015935255559707,0.00382335962965466,0.000104895047279198,0.000907448208826698,0.00166130762556713,-0.000560429019016289,0.00107131965139333,0.00113252806810835,-0.00228741210565967,0.00567898500663915,-0.000101031673256703,6.79607537038384e-05,0.00481160819546969,-0.0018584563720582,-0.000130912609116153,0.0556559404767846,-0.282522612377997,-0.00857060774744008,0.000212558815545605,-0.000115350812276856,-0.000104347910316739,-5.39090264412215e-17,-5.57687313714166e-05,-4.14514878299287e-05,-2.35617935945685e-06,-5.8680779332055e-16,1.98438694130151e-06,1.38191816929428e-05,6.63875417793511e-05,-4.00355116888635e-05,-5.86865954578253e-17,3.01233113927258e-05,-1.71157235374759e-16,2.40608890183377e-06,-6.80561223560193e-05,-6.89231100131872e-17,1.16330757018241e-06,0.000181301624244508,2.33999255887908e-05,2.66490237521358e-05,-4.19520845511483e-15,1.01087316063095e-14,0.204985528371286,8.5790530359432e-16,5.86773595470372e-16,1.16921838538722e-14,1.321109698958e-16,-7.03669624417582e-16,-5.58238042281241e-06,1.75386229579356e-15,-2.27022389603658e-15,-1.62222995483127e-05,2.56711302957721e-15,-1.96629108309413e-16,1.53778880667909e-14,3.80566741919477e-14,-3.5904455144175e-14,-0.330522177123339,8.38647177005342e-06,-3.82982852553946e-06,-1.09022485658252e-15,-2.84783075665888e-15,-3.37386134516858e-15,-1.26849858140398e-14,6.9021671670014e-15,0.340485264202359,1.52989487582159e-16,1.32446137390829e-14,1.89920349841545e-07,6.61131530174169e-15,-2.76737319487014e-15,3.8123883975952e-15,-1.83279443147257e-15,-4.11461453172836e-14,1.38995611230574e-13,0.707106781186549,3.86613691232583e-14
"t69",-0.0272365619287254,-0.0730693476010204,-0.0738628464731499,-0.348784418046246,0.0322165803385898,-0.0254126328302837,0.038995766694419,0.0237997249562474,-3.13370695114818e-05,-0.00303501842145826,-0.00323556150193531,-0.00467556767751708,0.00103583105372931,-0.00420460971978496,-0.00159479475264855,0.00337293679763704,0.00214693092399305,0.000298323821874156,3.05190332926783e-06,3.74923178476286e-05,-0.000583299946427052,0.00266228883599582,0.00145673214016506,0.0034812771284156,9.51949272057686e-05,0.000822851067501749,0.00149434243533212,-0.000502633155871712,0.000942550842433235,0.000991597245276552,-0.00200127343170766,0.00493996407330583,-8.68581459581665e-05,5.78168550163152e-05,0.00398064962900682,-0.00153541796611104,-0.000107403592703138,0.0456035229161459,-0.231315256795373,-0.00696406565311412,0.000171108432022029,-9.2169015374618e-05,-8.19685246331849e-05,-2.48212890791377e-16,-4.29638520876405e-05,-3.18502569139682e-05,-1.74805540990347e-06,3.57575836372445e-16,1.43198981082497e-06,9.96107669090416e-06,4.77768766695385e-05,-2.84548410836553e-05,3.55008460753709e-16,2.10123675287609e-05,-2.07608276371253e-16,1.51324117719631e-06,-4.26604621499232e-05,5.36278719877588e-16,6.96627712375997e-07,0.000105874979556524,1.29842368297087e-05,1.41582273263112e-05,3.48336206017734e-15,2.5951042054313e-15,0.0843441758054339,-5.55048767343977e-16,2.88034910705516e-15,-2.36346637835711e-15,1.3644674466393e-15,-1.80430182296932e-15,3.4660351206753e-06,-9.36677738306157e-15,5.58870934212616e-15,1.46737468224758e-05,-2.37654737647478e-15,-5.22517313864029e-16,-4.026251154556e-14,-1.04983676396156e-13,9.44877864913487e-14,0.873999333168866,-2.9535341626215e-05,5.39887961493424e-05,5.4588513482078e-15,-8.89280680841947e-15,4.14624020179215e-16,-2.62700285763632e-14,1.05186959048826e-15,0.162067616877819,2.53553389784868e-16,6.67695065903473e-15,1.04992028752203e-06,4.34823641088586e-15,-2.86535831470441e-15,2.58628541211809e-15,-4.78415246467942e-15,-1.51154814884578e-15,-3.65650099858859e-15,3.34113107075257e-16,4.41663635926468e-15
"t45",-0.0269254374977501,-0.0714505941668062,-0.0718663892543953,-0.338297835245544,0.031015537278401,-0.0243359833602307,0.0372100618120536,0.0225573524370494,-2.94575372354747e-05,-0.00283570046490272,-0.00295016168052468,-0.00420745472768756,0.000917859132511963,-0.00369503267626018,-0.00138860233149889,0.00282960799188983,0.00173169840395286,0.000236193096763123,2.38349903722762e-06,2.80407585661059e-05,-0.000432493418118295,0.00191384275892459,0.00100006125784751,0.00233457163704836,6.25676846457788e-05,0.000538057285723963,0.000927552546879428,-0.000305840655912094,0.000495255751696704,0.00049958307802639,-0.00100153484295781,0.00234228410972857,-3.64219562246842e-05,2.13205031459336e-05,0.000901629575379172,-0.000336716901275228,-1.95201001151366e-05,0.007974156096786,-0.0394727628308572,-0.000896601480942018,1.29977677839443e-05,-3.03971727394979e-06,5.65775060219725e-06,-1.75249809580123e-16,8.23240225283895e-06,6.64586464179665e-06,7.8449221321833e-07,1.21916989873419e-15,-9.39058767826246e-07,-6.61947539203993e-06,-3.23439460147283e-05,2.20883623098354e-05,-1.44411721113473e-16,-1.95809740889742e-05,-1.86043463253701e-16,-2.9534251711066e-06,8.48650342880549e-05,-1.05250214348067e-15,-1.77239406697711e-06,-0.000304909090692331,-4.72204564298628e-05,-6.1843067230256e-05,1.6408774726496e-14,-4.48695310433301e-14,-0.922795719626436,-5.15920249211091e-15,-4.04112848892499e-15,-1.32123960645417e-14,2.12756939172579e-15,2.93727363118288e-15,-2.6558712942777e-05,2.97938659097709e-15,7.0997399812415e-17,-5.77396176705384e-05,1.04842057084759e-15,1.68984240202834e-16,3.38468812497801e-15,1.07714314531644e-14,-9.13279856766593e-15,-0.0877327170764885,-7.13770751867881e-06,4.61112493793971e-05,8.8020383540959e-16,7.56554664874153e-16,-7.42360856184221e-16,-1.80665814763489e-15,1.36887578509795e-15,0.0126108952456714,8.20777163085509e-17,-2.07646400074424e-15,1.85870551550597e-06,5.82742732746522e-16,1.23836565890802e-15,-1.06662437998046e-15,3.03841666911359e-15,-3.38654428492296e-15,-1.80556544590191e-15,1.02908843104503e-14,2.27765693011862e-15
"t62",-0.0266926134452111,-0.0702156381456601,-0.070329930694657,-0.330183544220031,0.0300741755607755,-0.023484462613733,0.0357891502854202,0.0215575136348305,-2.79240533668384e-05,-0.00267144472814582,-0.00270552790041078,-0.00379783145142538,0.000812144139515148,-0.00323262692003314,-0.00119888004330709,0.00230181762088833,0.00130565882391881,0.000170829168537231,1.66748882014213e-06,1.73383683457873e-05,-0.000259875618712231,0.00102415075948291,0.000427016629093931,0.000856839831576375,1.95708857517866e-05,0.000160627733514776,0.000133340049151981,-2.43423019452622e-05,-0.000241734297778616,-0.000341959677268281,0.000718446716767469,-0.00233679891589513,6.37209680526127e-05,-5.81545875722518e-05,-0.00795172946546921,0.00316208014433125,0.000258358234260896,-0.112806784633195,0.582015218048815,0.0207077686877631,-0.000625995112973736,0.000399342948699186,0.000539752525488728,7.03471261829697e-17,0.000511599584660351,0.000418158559042453,-0.000247237125019399,-1.06745057431619e-15,2.66755659477283e-05,0.000180033319682705,0.000829004114268414,-0.000381547236861828,6.45469856094215e-16,0.000216716783850109,1.70204764799769e-16,8.32221019535719e-06,-0.000231961992694226,-1.37192163396843e-16,3.30572335272041e-06,0.000471524376250268,5.14657706534645e-05,5.1057809714997e-05,-2.14741112603337e-15,5.01592870642175e-15,0.122510717227201,2.01881324038187e-15,-9.39536935527139e-16,2.2270596282005e-15,5.56205300235265e-15,-4.65973647072809e-16,-1.54012733401865e-05,1.53461702412245e-16,-2.6948112261583e-15,-3.48642613632794e-05,-2.11358277500336e-16,-4.66630752575035e-15,-6.25788738347065e-15,-0.707106781186546,-8.27742603020602e-14,-0.012037759791535,-6.62777649715021e-06,3.66369666961818e-05,1.84813677139634e-16,2.01635558667618e-15,2.96917798989047e-15,-5.38817767981513e-15,-1.81719506427351e-15,0.00245368108748096,1.30594269604285e-15,1.03372171933458e-14,1.59875541504268e-06,-1.41592147006723e-15,3.7567842260282e-15,-1.57342408081124e-15,3.15043509268431e-15,-4.38066426834005e-15,-1.36057003889911e-15,2.860018575832e-15,2.39808103035893e-15
"t63",-0.0266926134452111,-0.0702156381456601,-0.070329930694657,-0.330183544220032,0.0300741755607755,-0.0234844626137329,0.0357891502854203,0.0215575136348306,-2.79240533666757e-05,-0.00267144472814626,-0.00270552790040984,-0.00379783145142497,0.000812144139514446,-0.00323262692003243,-0.00119888004330707,0.00230181762088883,0.00130565882391839,0.000170829168537128,1.66748882003042e-06,1.73383683460826e-05,-0.000259875618711694,0.00102415075948308,0.000427016629094325,0.000856839831576395,1.95708857515694e-05,0.000160627733514615,0.000133340049152257,-2.4342301945859e-05,-0.000241734297777995,-0.000341959677268225,0.000718446716767338,-0.00233679891589481,6.37209680525001e-05,-5.81545875722788e-05,-0.00795172946546935,0.00316208014433119,0.000258358234261238,-0.112806784633195,0.582015218048814,0.0207077686877648,-0.000625995112973967,0.000399342948699379,0.000539752525488779,8.46095824422908e-17,0.000511599584661342,0.000418158559042357,-0.00024723712501954,-1.10382609967337e-15,2.66755659485996e-05,0.000180033319681833,0.000829004114268308,-0.00038154723686205,-6.03551804544735e-16,0.000216716783853109,-4.35168680818412e-16,8.32221019615545e-06,-0.000231961992691406,2.86380002303098e-16,3.30572334947806e-06,0.000471524376247054,5.14657706536468e-05,5.10578097149437e-05,-2.33332769451303e-15,7.34834276392088e-15,0.122510717227202,-3.28566831923882e-16,2.35161603685704e-15,5.07039895508572e-16,-6.53382249089012e-15,-2.73122746561909e-16,-1.54012733424532e-05,6.11982054854626e-16,2.73340230781573e-15,-3.48642613803547e-05,1.80844258689221e-15,5.12529755087124e-15,7.26765980245278e-15,0.707106781186549,8.02669629789867e-14,-0.0120377597913665,-6.6277765224617e-06,3.66369666984813e-05,7.6524690560767e-16,-2.85206311089543e-15,-2.94313697798722e-15,7.77827740219354e-15,2.91886294626532e-15,0.00245368108748306,-6.62614168850686e-16,-3.39398648074862e-15,1.59875541424867e-06,5.49808531186806e-15,-4.74843882152666e-15,-2.23464129093294e-15,5.69216853452647e-17,-3.21389203847195e-15,-1.77727633268084e-15,3.17226880150782e-15,2.96600301230014e-15
"t36",-0.0529184383234628,-0.153599437556424,0.0394692708466027,0.0370722696357412,-0.291107251105697,-0.015292848488741,0.0403260218596056,0.0103583323001559,-3.19255473094587e-05,-0.00154950533444099,-0.00179517836039977,-0.0045201428105501,0.000595953778168091,-0.00405278799588396,-0.00153936472496452,0.00916892548709771,0.0019272503201027,0.000269265882731801,1.70987237635042e-06,3.40028294235932e-05,-0.000529437863051762,0.0024264696052818,0.000873171099913136,0.00326872026749206,5.46545038779537e-05,0.000783187900182037,0.00148870476503214,-0.00031877583529189,0.000976338228901102,0.00213448426868361,-0.00320051994412881,0.0608529214131982,6.68346223755241e-05,-1.11664222301726e-05,0.0177707976511518,0.000406496120746848,6.78262484843444e-07,-0.000116462631954925,0.000180864330022191,-0.000169039537665815,5.00898913570576e-07,4.67496022413981e-07,1.40488401682486e-06,-7.21433308647945e-16,-1.29555761277359e-06,-6.45427272041841e-06,7.0615947441818e-06,-1.31583795794529e-15,-2.71863426909348e-06,-4.94905997035377e-05,-8.97259112819936e-05,3.4799382018975e-05,-6.07210995179969e-16,-2.88543120280356e-05,3.22672928016375e-16,-6.68688279942608e-06,0.000198995347841988,-2.49472659404085e-15,-4.16635994295912e-05,-0.931817996423304,0.00010313419328029,0.00025379348972923,3.56987577671498e-15,-4.1551268904954e-15,0.000690600722771528,4.67773168713517e-16,-6.98578013962405e-16,1.04862176141435e-15,1.25217186845405e-15,-1.6166183197622e-16,-1.49788307812063e-05,-9.23701421514355e-17,3.74851299670402e-16,-0.0381236546432079,-9.41836244946305e-16,-6.88369548792433e-15,-1.58355857760417e-15,-2.94849267302167e-15,5.07744871614038e-16,-6.09688008524444e-05,-0.00604962497454197,2.02243221426975e-05,-6.11320593004021e-16,-6.21386769711797e-16,1.09895657563082e-15,-2.6917619519261e-15,-4.91205096949478e-16,1.31334871090952e-05,-2.48899756814014e-16,-1.28022592527088e-15,3.33275291848712e-06,1.17768701840988e-15,1.87291710093336e-15,-2.06218538205906e-15,1.34243776082685e-15,-4.08352160487636e-15,-2.54778417172799e-15,2.48878973347935e-15,2.71100347583647e-15
"t66",-0.0538170553315803,-0.158736362972217,0.0410912099982461,0.0387744037412846,-0.307857176997853,-0.0163004254792438,0.0432125109891638,0.0112117506879587,-3.49838297324061e-05,-0.00171346738167263,-0.00205956742939228,-0.00529054814337131,0.000714178375568502,-0.00491899677356952,-0.00189527447328425,0.0119643228091259,0.0026773738625961,0.000385509850111303,2.50337614986792e-06,5.35025434372229e-05,-0.000845358640713022,0.00408567977890954,0.00159477623639782,0.00622923187572633,0.000108094334982332,0.00156387499109438,0.0032843288543294,-0.000731546079914939,0.00308207193614146,0.00746941587402144,-0.0113925331982023,0.250235327954309,0.000406590259524243,-0.000122004241295609,-0.155124619160967,-0.00325076956543691,-3.77192439669471e-06,0.000613345979796044,-0.000922590827278229,0.000656721120147742,-1.49511749185611e-06,-1.17309756071795e-06,-2.55297865980083e-06,5.83068892723413e-17,1.76272392494906e-06,8.48275275000171e-06,-6.23933497448842e-06,-9.27691420466609e-16,1.85963954255516e-06,3.35274012856862e-05,5.99635921838281e-05,-2.09749538652377e-05,-4.09699377742712e-16,1.5030164389279e-05,-1.0841333449794e-16,1.74185414349916e-06,-5.07878063727509e-05,1.08592661861957e-15,8.04715649999114e-06,0.154440517719182,-1.24176833165099e-05,-2.28219200249975e-05,-1.32364662832274e-15,2.99249222400615e-15,8.8883290246931e-06,-6.08955089941972e-16,9.92573372651404e-16,1.38466408281378e-15,-4.96132472190209e-15,-1.66493903679122e-15,-4.13156448785875e-06,-5.40636509274587e-15,2.68733230753952e-15,-0.114311179377359,-6.82139834194221e-15,-1.94133776377805e-14,1.24259610598648e-14,1.38616574004925e-14,-2.05339025742822e-14,1.47388257605054e-05,0.858827998672524,8.13032114215362e-06,3.17796873526732e-15,6.48157164132577e-15,-4.93326603300861e-15,-2.89348130637503e-14,7.51995930506549e-15,4.3603715823599e-06,2.58692963222515e-15,3.66720542821497e-15,1.13556206950069e-06,1.39535125156421e-15,-2.33362093147276e-15,-1.78175148455411e-15,1.6470525876824e-15,-7.2554094101768e-15,1.58651715602821e-15,3.12311741268178e-15,5.03974917985892e-15
"t75",-0.0538630475491395,-0.15899803172963,0.0411736524764552,0.0388608071788008,-0.308704752266685,-0.0163512976014384,0.0433580314516113,0.0112546557182908,-3.51370668557413e-05,-0.00172166268081274,-0.002072655754723,-0.00532849454703638,0.000719967933737922,-0.00496128645915529,-0.00191259209147931,0.0120985691863529,0.00271292877169511,0.000390986943371446,2.54060408187237e-06,5.44055283246073e-05,-0.000859951342369221,0.00416165077252071,0.00162740873910411,0.00636230577453736,0.000110484352626126,0.00159874586896045,0.0033635452049244,-0.000749673658494158,0.00317179660731242,0.00769498696408855,-0.011738492642769,0.258159131026967,0.000420536277042329,-0.000126475536770248,-0.161776030606277,-0.00339113635329242,-3.94065208319451e-06,0.00064095498205344,-0.000964278343435341,0.000687501095077892,-1.56828324756455e-06,-1.23242970215363e-06,-2.6916779927885e-06,1.39877499593607e-16,1.86600629479114e-06,8.9846423827384e-06,-6.65605332626517e-06,1.80156537596823e-15,1.9949498132523e-06,3.59750212259487e-05,6.4361674249517e-05,-2.25694387735789e-05,3.68357529453473e-16,1.62327670178801e-05,-1.64497499615541e-17,1.91892036064766e-06,-5.5985085792201e-05,2.02939825948078e-16,8.94543342801506e-06,0.172458717853871,-1.39917640378778e-05,-2.59069612495377e-05,-4.92478309235727e-16,1.04309261286059e-15,1.05003733578219e-05,7.7169068394162e-16,-1.56767587910663e-15,-2.64739774850813e-15,-7.74895857029721e-15,-1.94669084628676e-15,-8.85480067728135e-06,-6.4997600670881e-15,9.91011245766737e-15,-0.346310281676111,-3.95138379222091e-14,-4.93053195358564e-14,8.60682919533279e-16,-1.69390960777423e-14,6.28515465072026e-15,-1.39980354192672e-05,-0.343562805341434,1.62793382689162e-06,-2.94577576819352e-15,-9.80923464734879e-15,5.61232849268255e-14,0.707106781186568,-3.12635964092119e-14,2.51126329346447e-06,-3.01820568089024e-16,-1.14630527292547e-14,7.95804567592883e-07,4.868713206264e-15,2.84929418133629e-15,5.22097082883831e-15,-2.16811702371028e-15,2.8351030329195e-15,-3.25383453580193e-15,1.15176509659419e-14,1.00136410110456e-15
"t76",-0.0538630475491395,-0.158998031729629,0.0411736524764552,0.0388608071788008,-0.308704752266686,-0.0163512976014386,0.0433580314516111,0.0112546557182909,-3.5137066855881e-05,-0.00172166268081286,-0.00207265575472274,-0.00532849454703632,0.000719967933737844,-0.00496128645915515,-0.00191259209147936,0.0120985691863533,0.00271292877169586,0.000390986943371504,2.54060408164697e-06,5.44055283249015e-05,-0.000859951342368695,0.00416165077252083,0.00162740873910404,0.00636230577453706,0.000110484352625572,0.00159874586896033,0.00336354520492433,-0.000749673658493953,0.00317179660731155,0.00769498696408837,-0.011738492642769,0.258159131026966,0.00042053627704217,-0.000126475536770258,-0.161776030606277,-0.00339113635329296,-3.94065208253613e-06,0.000640954982051949,-0.000964278343434427,0.000687501095078428,-1.56828324739522e-06,-1.23242970215701e-06,-2.69167799209646e-06,6.11055670533118e-16,1.86600629532615e-06,8.98464238452317e-06,-6.65605332564262e-06,7.42089865047166e-16,1.99494981517253e-06,3.59750212248413e-05,6.43616742498334e-05,-2.25694387749572e-05,1.63559089534274e-16,1.62327670207066e-05,-5.02490023591492e-16,1.9189203620776e-06,-5.59850857906833e-05,6.22906604660722e-16,8.94543342852558e-06,0.172458717853877,-1.39917640403679e-05,-2.59069612491477e-05,8.26068818668735e-16,9.44825368708584e-16,1.05003733625786e-05,-4.35935280829523e-16,-5.50497570952155e-16,1.48549437198443e-15,2.66625958245216e-15,-2.63956800087283e-15,-8.85480068231606e-06,-2.31173607207568e-15,8.7195852237449e-15,-0.346310281676141,-3.81031818180679e-14,-4.89624734785858e-14,-6.90710613414691e-15,-3.76213655422242e-15,7.89629056307666e-15,-1.3998035449859e-05,-0.343562805341486,1.62793383822968e-06,3.89676159505867e-16,8.86718412345711e-15,-5.03471903806577e-14,-0.707106781186527,2.85850490843467e-14,2.51126322656659e-06,9.50680403307164e-16,1.35239042187152e-14,7.95804548127322e-07,-1.03154426697295e-15,-1.2830898989272e-15,-8.30323028891776e-15,5.65564491278884e-15,-6.82485303838439e-15,-2.71585070852385e-15,3.10424210745439e-15,2.9823381569883e-15
"t58",-0.0537366228488458,-0.158278432216277,0.0409468873448813,0.038623117810241,-0.306372457612339,-0.0162112829293232,0.0429574626393476,0.0111365225645354,-3.47150199608896e-05,-0.00169908609051083,-0.00203656837594509,-0.0052238207115114,0.000703989396969953,-0.00484454001547244,-0.00186477019677737,0.0117274273578952,0.0026145210841924,0.000375819896940907,2.43747572053278e-06,5.19013354200741e-05,-0.000819473757502003,0.00395076676023077,0.00153673323337745,0.00599235303204949,0.000103837258794001,0.00150175340750458,0.00314298786866787,-0.000699183963112018,0.00292130219917342,0.00706486312734908,-0.0107719807156826,0.236006702655458,0.000381492019672933,-0.000113941488571183,-0.143067992249213,-0.00299627088218957,-3.46560894584028e-06,0.000563211694844126,-0.000846881034363104,0.000600742570168791,-1.36182510336044e-06,-1.0648602580092e-06,-2.29917089281005e-06,-2.09098644800024e-16,1.57306316053303e-06,7.56068357029788e-06,-5.46896778932545e-06,-2.2922953769248e-16,1.60828540847679e-06,2.89797822938812e-05,5.17898045992628e-05,-1.80052350696477e-05,3.88994090560879e-16,1.2783132144716e-05,7.85488114171734e-16,1.4052912849814e-06,-4.0903698097483e-05,4.66978178214186e-17,6.32641750345581e-06,0.119790083188257,-9.3670693016514e-06,-1.68046479577533e-05,-2.59922617583739e-15,-2.00670549715267e-15,5.6348099091421e-06,-2.31363821493336e-16,1.45794127733345e-15,-1.02323248374478e-15,8.39332352708696e-15,6.66315944647923e-15,1.13274104982329e-05,1.69878067929499e-14,-2.22462658401769e-14,0.863432909127469,9.10654745960141e-14,1.272328332685e-13,-5.696486118956e-15,7.50401637232052e-15,6.09972561948229e-15,-4.85272764911767e-05,-0.162183585335858,1.0661056015115e-05,7.63384131132018e-16,-6.49133303137171e-15,-1.65684871348616e-15,-1.21762972528739e-14,-1.89608434978257e-15,6.32666842656396e-06,-1.84312207570269e-15,6.06806271896687e-15,1.56798507636812e-06,1.40032200945717e-15,-1.30027037791473e-15,4.88175814200096e-17,3.11346422438992e-15,-1.83847288184296e-15,-1.56219268017245e-15,-6.53227446870852e-15,7.71427612839054e-16
"t43",-0.0523685635925257,-0.150395503189488,0.0384488511301346,0.0359956022229341,-0.280375630346998,-0.0146414418371103,0.0384485036174657,0.00979687782066224,-2.98855920557733e-05,-0.00143902824548009,-0.00160977152574751,-0.00396834766237791,0.000509181048307474,-0.00340871824464158,-0.00127089153024261,0.00693733817362195,0.00129270558952307,0.000168264449423256,1.00689017919697e-06,1.56554387213377e-05,-0.000228653660653552,0.00077961570382864,0.000112397379124768,5.24906667493186e-05,-4.89282821900586e-06,-9.2327426344933e-05,-0.00065817953081785,0.000186696011215161,-0.00207467825276088,-0.00595707570681888,0.00931425704071263,-0.24545884198825,-0.000555405853865746,0.000218212528366013,0.552169780855501,0.0119785563100401,1.66957536733248e-05,-0.00280973919981139,0.00431675001130641,-0.00381989716000369,1.17652888977714e-05,1.22712960594984e-05,7.4965972292666e-05,-5.05676113596295e-16,7.60623750710711e-05,0.000281833246328002,-5.65090458884748e-05,-1.08913365298929e-15,1.13487135759832e-05,0.000202049270696848,0.000355105411389272,-0.00010955115655247,4.71162090914025e-16,6.67830741545138e-05,1.63440947490805e-16,3.67559619509e-06,-0.000104295374108485,4.81336296750423e-17,1.02361661231762e-05,0.126018888532146,3.3315695039107e-06,3.42774791534081e-05,4.4271500165254e-15,-2.99576427554725e-15,0.000296683379200949,-2.54817927215051e-15,-4.39613232101833e-15,0.707106781186547,7.7555138569176e-15,-5.15845068951792e-15,-1.15378169924364e-05,-1.38233002700447e-15,-1.20476696408709e-16,-0.0067073089549171,-1.91592355520332e-15,-2.22717317971663e-16,-1.06063306567252e-17,1.06431061401986e-15,-6.45651427654367e-16,-5.29581352043515e-05,-0.00125082305380574,1.8057652602698e-05,-2.12927088371568e-16,8.61792897802883e-16,9.72350355759118e-18,3.36472177122662e-15,4.22141519356421e-16,1.21321215985494e-05,5.67427906305365e-16,2.53269627492614e-15,3.15980735413984e-06,3.02278892073671e-15,3.35860429313698e-15,-1.39294322506626e-15,2.50115412664666e-15,-3.60504098506392e-15,-1.46370680367242e-15,-7.84282384880691e-16,2.22778056390812e-15
"t44",-0.0523685635925258,-0.150395503189488,0.0384488511301346,0.0359956022229342,-0.280375630346998,-0.0146414418371103,0.0384485036174656,0.00979687782066221,-2.98855920557637e-05,-0.00143902824548007,-0.00160977152574772,-0.00396834766237804,0.000509181048307203,-0.00340871824464148,-0.00127089153024218,0.00693733817362162,0.0012927055895228,0.000168264449423211,1.00689017915424e-06,1.56554387213945e-05,-0.000228653660653795,0.000779615703828853,0.000112397379124083,5.24906667497877e-05,-4.8928282190358e-06,-9.23274263446382e-05,-0.000658179530817803,0.000186696011215246,-0.00207467825276162,-0.005957075706819,0.00931425704071262,-0.24545884198825,-0.000555405853865914,0.000218212528366157,0.552169780855502,0.0119785563100404,1.66957536743302e-05,-0.00280973919981133,0.0043167500113052,-0.00381989716000264,1.17652888977692e-05,1.22712960590445e-05,7.49659722916466e-05,-1.55906159854304e-16,7.60623750718945e-05,0.000281833246329216,-5.65090458883979e-05,-8.84089543248301e-17,1.13487135759367e-05,0.000202049270696862,0.000355105411389716,-0.000109551156553473,-9.7965235326194e-17,6.67830741542684e-05,-5.40580475297993e-16,3.67559619573907e-06,-0.000104295374114147,2.3368929790712e-16,1.023616612253e-05,0.126018888532145,3.3315695046467e-06,3.42774791521206e-05,-4.56409515859681e-15,3.72249820878184e-15,0.000296683379221682,2.6990352414937e-15,4.70826687915368e-15,-0.707106781186548,-7.13127740304561e-15,4.94974391424677e-15,-1.15378169943001e-05,2.07944178278569e-15,5.88198743143375e-16,-0.00670730895491764,8.9568938565026e-16,-9.52640211509671e-16,7.74166010570552e-16,-1.1084305396411e-15,9.9549911453701e-16,-5.29581352125203e-05,-0.00125082305380315,1.80576526035967e-05,2.81066354027012e-16,-4.87730577210682e-16,-1.52075116203578e-16,-9.79025812619465e-16,7.52257450484666e-16,1.2132121610408e-05,-3.66541851986107e-16,3.18495230189342e-15,3.15980735087519e-06,9.24639224060753e-16,-3.33485677732844e-15,-1.2968023086483e-15,1.00683682642767e-15,-3.92828314531762e-15,-1.59356411687095e-15,7.00115657530322e-15,2.73641518700331e-15
"t8",-0.0493394631506639,-0.13303371314208,0.0329604902848345,0.030231633527373,-0.223556668826892,-0.0112194173933666,0.0286372378665857,0.0068917466689509,-1.94562643370036e-05,-0.000879166560120305,-0.000702552515714527,-0.00131827250329049,0.000101397301270659,-0.000416821360065328,-3.9746822707071e-05,-0.00278330631250899,-0.00132678217738511,-0.000238269895473302,-1.77059265321542e-06,-5.26948508224646e-05,0.000878735662485961,-0.00503246004176386,-0.00240682544283614,-0.0102530549624324,-0.000190323809397605,-0.00279873402455148,-0.00680834825863106,0.00159197936203562,-0.00872320759968544,-0.0222279948740149,0.0341440783077498,-0.787049101631685,-0.00134501726347398,0.000383272344388463,-0.540124801328505,-0.0145652737732008,-4.79122508590615e-05,0.00922397465763459,-0.0153668880012585,0.0308765410777541,-0.000536093190139228,0.00042790830057393,0.000742392046079725,8.49700493581228e-16,0.000506974069280885,0.00181599770873016,-0.000273150298347182,9.93970229892138e-16,4.82455380239568e-05,0.00085521194807228,0.00149393110372971,-0.000440765756516727,2.36410510750634e-16,0.000253129994515919,-1.98631416113635e-16,9.94713616737045e-06,-0.000277595861063103,5.05305840745338e-17,1.74835024951432e-05,0.0475684762842975,5.00459053289858e-05,0.000202766272155049,4.1698861025959e-16,8.76171940057261e-16,0.00111816535343861,-7.89183329702358e-17,5.3281897089929e-16,-3.02503598995426e-16,-1.33634725568838e-16,-2.44413726704374e-17,-3.44238427791881e-05,4.6813129266528e-16,3.24264334860198e-16,-0.00339051625067416,3.19300393201143e-17,-2.60688276394229e-16,-1.03526790887594e-16,-6.75036872199762e-17,-2.74791234113325e-16,-0.000153649859727684,-0.000648519346334083,5.13974255616101e-05,2.28541858859119e-16,-4.85544001545631e-16,-2.52509385389247e-16,3.99291774297586e-16,6.6200259901112e-16,3.36207999374795e-05,2.02783902953623e-16,1.82839854367955e-15,8.57000632474095e-06,1.80614594318657e-15,-8.41424633593909e-16,-1.06068214828898e-15,1.66839787819915e-15,-3.48344090015001e-15,-1.73663276455846e-15,2.65975472364585e-15,2.31389772235918e-15
"t46",-0.0550901889985894,-0.183298422257418,0.0571778146864385,0.0726346529101007,0.149030722993589,-0.0035512622235212,0.014765594014835,0.00482621683453314,-1.58729276596739e-05,-0.000764958974754227,-0.000655818175158387,-0.00102235283654202,-2.10205027759014e-05,0.00101262082388649,0.000926594249920289,-0.421129063310246,0.00606443015239349,0.000678528143248555,3.88066956338978e-06,6.34107211240114e-05,-0.000961488849105392,0.00407644580519694,0.0013412716306364,0.00482187861460709,7.7925168511976e-05,0.001106962306035,0.00191746301346973,-0.000394703004470247,0.000746266926542346,0.00121875777103821,-0.00171765584900177,0.0132743427427283,-6.26727124702638e-05,4.13109130370607e-05,0.00390096963195577,-0.000457393965664332,-8.44209439108416e-06,0.00190304802034465,-0.00349440380206272,0.0718956893465584,3.30432307974346e-05,2.11063430616016e-05,0.000139932884882542,-2.63412315637439e-15,0.00066395260972342,0.48942266977426,-8.0060872480897e-06,2.89371102687572e-15,4.68439118758179e-06,0.00135888183039753,0.000129728813404117,-4.70130966353797e-05,-9.12809458576624e-16,3.13421801699287e-05,3.32251591589335e-16,1.6816237733735e-06,-4.70937129019031e-05,-3.84626043205662e-16,4.48817664937516e-05,0.000418963231949537,1.114148133815e-05,0.000677923480538221,-8.00944934552916e-16,6.37762996761411e-16,0.000265250133675396,2.87829941845548e-15,-4.97033342459714e-15,7.81754490829703e-15,-0.707106781186549,3.59084767677388e-15,-9.67642395526893e-06,-2.06260800659305e-16,-2.8889494362115e-15,-5.64824637280068e-05,-4.9059911665618e-16,1.34370433654131e-15,4.27778946905195e-15,-6.47997145111236e-15,-6.2144383342075e-16,-4.51304897908274e-05,-1.15239404870529e-05,1.54124754147655e-05,-8.93726795972779e-17,2.15065321293692e-16,-1.02607518021104e-15,-4.7704471856527e-15,1.20454148444999e-15,1.03827549161778e-05,-1.11106058494219e-17,4.95783969434171e-15,3.51299975714191e-05,2.88424722232672e-15,9.12496077530703e-16,-1.45450454059139e-15,1.77154650903392e-15,-3.67805946898406e-15,-2.3587127237365e-15,2.96171495076399e-15,3.5793624722159e-15
"t47",-0.0550901889985894,-0.183298422257418,0.0571778146864384,0.0726346529101007,0.149030722993589,-0.00355126222352124,0.014765594014835,0.00482621683453311,-1.58729276594116e-05,-0.000764958974754337,-0.000655818175158401,-0.00102235283654195,-2.10205027757973e-05,0.00101262082388638,0.000926594249920244,-0.421129063310246,0.00606443015239363,0.000678528143248656,3.88066956346508e-06,6.34107211248281e-05,-0.000961488849105366,0.00407644580519721,0.0013412716306359,0.00482187861460699,7.79251685122443e-05,0.00110696230603493,0.0019174630134697,-0.000394703004470137,0.000746266926542148,0.00121875777103831,-0.00171765584900213,0.0132743427427289,-6.26727124711469e-05,4.13109130378448e-05,0.00390096963195441,-0.00045739396566424,-8.44209439144759e-06,0.0019030480203448,-0.00349440380206224,0.0718956893465593,3.30432307960407e-05,2.11063430622779e-05,0.000139932884883647,-3.41026415764777e-15,0.000663952609722633,0.489422669774263,-8.0060872474177e-06,2.72112412121802e-15,4.68439118991888e-06,0.00135888183039877,0.000129728813404001,-4.70130966340302e-05,-6.76468257715677e-16,3.13421801692649e-05,-6.50258261989411e-16,1.68162377366355e-06,-4.70937129025962e-05,-4.4563392938841e-16,4.48817664939483e-05,0.000418963231952019,1.11414813404102e-05,0.00067792348054099,3.26796733916485e-15,-1.68184179512569e-15,0.000265250133678601,-2.97444417343234e-15,5.63552644374381e-15,-6.97617689483573e-15,0.707106781186546,-5.01470345066518e-15,-9.67642394715415e-06,1.16182122551861e-15,3.08302771475604e-15,-5.64824637414802e-05,1.18025174230586e-15,-9.06919133141832e-16,-4.4424331828484e-15,5.83136105789509e-15,6.833039957055e-16,-4.51304897927069e-05,-1.15239404813499e-05,1.54124754119231e-05,1.55156480006632e-17,-2.99536172931454e-16,1.18277285218365e-15,5.91544942636402e-15,-2.61855640555404e-16,1.0382754913874e-05,9.40977368697391e-17,1.80411241501588e-16,3.51299975709899e-05,6.87313887429796e-16,-3.72965732338888e-16,-8.39782230754791e-16,1.48705044630277e-15,-3.25633311816428e-15,-1.12998313122799e-15,1.84108358528297e-15,1.2503930789695e-15
"t32",-0.0549364385829188,-0.182299347758714,0.0567963595009926,0.0720945572170427,0.147650095361402,-0.00351374781802853,0.0145966172099626,0.00476298474303753,-1.56327239876067e-05,-0.000752234646889439,-0.000640937008210468,-0.000995801511264741,-2.03934015091391e-05,0.000980305787235868,0.000894864664249614,-0.402737623159931,0.00573856452253126,0.00063881259827106,3.63978437038244e-06,5.87583483592232e-05,-0.000888759160050622,0.00373481041464465,0.00121241610431074,0.00432832921145265,6.95268516576908e-05,0.000986125632928784,0.0016810253044004,-0.000343885086357361,0.000619861851046482,0.000997967186850489,-0.00140324884842455,0.0106427756861292,-4.80693435645019e-05,3.01816576718761e-05,0.00232925024607109,-0.000269275596963411,-4.57303903300895e-06,0.00101319832759018,-0.00184021078428825,0.0333611449092314,1.22100678407061e-05,5.81619908012444e-06,-6.31488107822147e-06,2.93319287100648e-15,-0.000562869158470486,-0.509652284789026,-8.16790231640961e-05,-2.32370422408416e-15,1.42442408839346e-05,0.00405431067245667,0.000377313052954552,-0.000116899578573916,-6.56211640718585e-17,6.71024917408792e-05,3.21132415898518e-16,2.66964661275826e-06,-7.44376663021317e-05,2.69169107262495e-15,6.76101673585831e-05,0.000618964854733036,1.59718133263782e-05,0.000953615719405554,0.707106781186546,-4.81372714375313e-14,0.00035240267740227,2.36727562361665e-15,2.43005373917195e-16,-5.02322625215783e-15,-8.81417560424004e-16,2.62572140969957e-15,-1.183495610378e-05,1.45633313374515e-15,-2.16240218329182e-17,-6.87575236587458e-05,1.96284045217209e-16,5.33891981082895e-16,-1.8963522896585e-16,-9.73764963303826e-17,7.0049427326756e-16,-5.4315644199557e-05,-1.38398918956249e-05,1.84097080772695e-05,1.36685897266976e-16,-2.59785529469558e-16,9.58989848445176e-16,6.81514038111454e-17,1.37003303000807e-16,1.22753674902227e-05,9.90180695964235e-16,-5.41233724504764e-16,4.11959887365647e-05,1.5703723857857e-15,2.35684964487483e-16,-1.29650303234242e-15,2.50094526968159e-15,-3.15163916409732e-15,-1.24225692574361e-15,2.80590568712297e-15,1.98576823709529e-15
"t33",-0.0549364385829188,-0.182299347758714,0.0567963595009926,0.0720945572170427,0.147650095361402,-0.00351374781802848,0.0145966172099626,0.00476298474303758,-1.56327239873247e-05,-0.000752234646889313,-0.000640937008210448,-0.000995801511264683,-2.03934015097802e-05,0.000980305787236055,0.000894864664249715,-0.402737623159932,0.00573856452253155,0.000638812598270965,3.63978437033967e-06,5.87583483593915e-05,-0.000888759160049747,0.00373481041464478,0.00121241610431096,0.00432832921145319,6.95268516575888e-05,0.00098612563292872,0.0016810253044002,-0.000343885086357143,0.00061986185104678,0.00099796718685036,-0.00140324884842409,0.0106427756861279,-4.8069343564443e-05,3.01816576726256e-05,0.00232925024607123,-0.000269275596963054,-4.57303903288873e-06,0.00101319832759088,-0.00184021078428801,0.0333611449092294,1.22100678396055e-05,5.81619907889633e-06,-6.31488107827279e-06,3.55987190027086e-15,-0.000562869158469739,-0.509652284789022,-8.16790231650351e-05,-4.10597461079375e-15,1.42442408836347e-05,0.0040543106724542,0.000377313052954001,-0.000116899578571237,1.85590130362151e-15,6.71024917393886e-05,2.21914791648383e-16,2.6696466134848e-06,-7.443766630273e-05,-1.86045952955112e-15,6.76101673667483e-05,0.000618964854727681,1.59718133222906e-05,0.000953615719397998,-0.707106781186549,4.93193006581114e-14,0.000352402677376346,-2.17694618746621e-15,-5.44441135786596e-16,4.01121361073205e-15,3.44845223554463e-15,-1.16173916684661e-15,-1.18349561024036e-05,-3.92870851850122e-16,-1.11254254811497e-16,-6.87575236622132e-05,1.45852328633442e-15,-5.14120017337664e-16,2.07996858782559e-16,-1.07784837186297e-16,-5.86586987258774e-16,-5.43156441920144e-05,-1.38398918965709e-05,1.84097080767928e-05,4.31783802587304e-16,-2.19474255343806e-16,-1.33466489935745e-15,-1.13921613546821e-15,1.1543229813955e-15,1.22753674947364e-05,-2.56355319513085e-16,4.95783969434171e-15,4.11959887385952e-05,1.96147432480589e-15,-1.12978310410699e-15,-1.35824273257155e-15,1.94497696210189e-15,-3.85133903475946e-15,-1.66654607472091e-15,3.03141973899996e-15,2.83593373970773e-15
"t29",-0.0571476466890952,-0.198415207871766,0.0633082356541953,0.0816614241516478,0.174499627594927,-0.00429723986842603,0.0183102763362928,0.00630300615104539,-2.2363694617897e-05,-0.00115282006329386,-0.00155090911177397,-0.00420207439833746,0.000616779866300752,-0.00452765458224897,-0.00192468562255994,0.169757534639853,-0.000428757192509401,-2.01321222278276e-08,1.40448642344114e-07,6.43064728815611e-06,-0.000104478535081769,0.000508792851929204,0.000173769226881155,0.000607762438894659,9.40414852508444e-06,0.000131742114827144,0.000184738168071744,-3.36883741903029e-05,-1.80796635137726e-05,-7.69949864059399e-05,0.000119664290004651,-0.00165429765684005,1.67634888128779e-05,-1.83620342717681e-05,-0.0057363586916115,0.000716808428255889,1.89267811436609e-05,-0.00458673237320361,0.00881572346763164,-0.311611845041826,-0.000584542612971942,0.000303450012460618,0.000362818323115991,-3.01455864595284e-16,0.000231851089270668,0.0160317102080728,-0.000119388650300029,5.87603223329654e-16,0.000169091148085711,0.503554449612676,-0.00297322620197625,-1.55993822888913e-05,3.11494740982444e-16,4.52975277797616e-05,4.04455415521453e-15,2.46039887900446e-06,-6.85662585497642e-05,-5.75035930899978e-15,-0.714134219652077,0.000637712256684477,1.6931542274977e-05,0.126181979122808,-5.19767089067616e-15,5.92212162212886e-16,0.000312070298774997,-1.35049935206173e-15,7.98686087595675e-16,-4.02056742625854e-17,-4.27055721284212e-16,-3.36653907005757e-17,-1.02679678437304e-05,6.1987296405241e-16,-2.02476896934332e-16,-5.95054205154504e-05,1.44964713531705e-15,1.04094246737933e-15,-7.06875822803304e-16,-1.35114690136699e-15,-4.41971552329219e-16,-4.67082004608315e-05,-1.18867518496333e-05,1.57607332511923e-05,-2.01057485856631e-16,-1.02850966637492e-15,1.14141745821634e-16,-5.62050765190512e-16,8.05516244316846e-16,1.04428675784761e-05,-1.67179685514976e-16,1.61676227961038e-15,0.000614432368576067,2.24234206831225e-15,4.99950869807704e-16,-1.2343258682886e-15,2.49092966786548e-15,-3.25967434249968e-15,-1.72421705524061e-15,7.90297979713919e-16,2.59330031874364e-15
"t86",-0.0586087869372338,-0.208491367153039,0.067274333354316,0.0873917258398935,0.189938168627855,-0.00473449427827543,0.0203404680423867,0.0071120322142933,-2.57251478508521e-05,-0.00134525761787047,-0.00191945734343105,-0.00537258092510313,0.000819916078940732,-0.00614833605039897,-0.00267747454592517,0.261201168189322,-0.000739426413382348,-3.67613837311017e-08,2.67854628065952e-07,1.42081215638613e-05,-0.000238200765537725,0.0013059924333023,0.000544278310647078,0.00213494796415976,3.67906619622195e-05,0.000530610371027711,0.00105007572528887,-0.000225768777614806,0.000551427817770796,0.000957522225072477,-0.00136235462278981,0.0113375099727899,-6.26595099799935e-05,4.82652169698054e-05,0.00816587435828591,-0.00099697963668092,-2.35016338602142e-05,0.00558514305817818,-0.0106088919128559,0.33571346403209,0.000555745413515094,-0.000263081725075769,-0.000259451203319566,2.87444194052008e-16,-0.000136331946015604,-0.00919562916748951,5.04204721407882e-05,-5.30953358551783e-16,-5.74142504034774e-05,-0.169519989775943,0.000988887183008367,4.72520349298722e-06,6.23827582904835e-17,-1.19598646946029e-05,-6.85315394976034e-16,-2.99302680086948e-07,8.11722938028999e-06,-1.26866739722029e-15,-0.0447888847154041,-2.14038018660277e-05,8.06222391719655e-07,0.116735576400983,-2.23089162705078e-15,1.5296065459844e-15,-2.60288025258684e-06,4.92950364215534e-16,4.58446659616356e-16,1.86262678243462e-15,-5.5872261405554e-16,-1.49508991418466e-15,-1.46151761469908e-06,2.72066726781416e-16,1.63000650516133e-15,-9.01297449112191e-06,8.33259986607545e-16,-5.39425613258584e-16,-1.5613111913311e-15,-1.47554259308035e-15,-2.10066500447426e-15,-8.10472755397368e-06,-2.11015893653197e-06,2.95086336550176e-06,2.0870123346506e-15,-6.11653778241254e-15,5.07420121561289e-16,1.16880145458555e-14,2.15872831212117e-15,2.0597991103986e-06,-2.2121682848728e-14,8.20888496066985e-13,-0.817650581637073,-4.47372117903132e-13,1.05865158938911e-14,1.19319060915002e-15,2.34557880271768e-14,-4.72694795830718e-15,1.71344075403659e-16,4.30761478056257e-14,8.44649178869614e-15
"t87",-0.0586168922440849,-0.2085468419071,0.0672960945968686,0.0874231004737082,0.190022275704761,-0.00473686802377079,0.020351463475339,0.0071163946370723,-2.57431774747038e-05,-0.00134628579826958,-0.00192139685605031,-0.00537869224856721,0.000820967096986297,-0.00615668144001733,-0.00268133052938399,0.261660102594491,-0.000740954206809944,-3.68424123963398e-08,2.68471341651857e-07,1.42450196548408e-05,-0.000238832721723931,0.00130970953620992,0.000545973369607137,0.00214187063943523,3.69138540848644e-05,0.000532401135042201,0.00105388823183041,-0.000226609251680067,0.000553808621077828,0.000961797043783997,-0.00136846759330335,0.0113903548502198,-6.29734429045825e-05,4.8521836695264e-05,0.00821577211088763,-0.00100310931526121,-2.36506677407366e-05,0.00562075520447688,-0.0106767615198312,0.337930669124672,0.000559555582485151,-0.000264937380071437,-0.000261396694247834,5.08228285327691e-16,-0.000137421682982811,-0.00926973604166597,5.08698604098371e-05,-4.4953320406758e-16,-5.7963017331714e-05,-0.17114462619374,0.000998400344033715,4.77198980972391e-06,1.5508429597415e-16,-1.20832274651989e-05,-3.40577725781575e-16,-3.03018328971122e-07,8.21850551301272e-06,-7.780852175019e-16,-0.0453849898847526,-2.16980100914659e-05,8.17984420848545e-07,0.118517330654026,1.99740242585122e-16,-6.53124399827183e-16,-2.65116437080359e-06,7.75403644024832e-16,8.03676299421906e-16,2.09741694420209e-15,-6.2209513451677e-16,2.27513454735455e-15,-1.51923992831758e-06,5.09372402524418e-16,-8.70087023698082e-16,-9.40542890910908e-06,1.18165512593882e-15,-1.53337168981254e-16,-9.30853440267751e-16,-5.05137969010894e-15,2.2718221835403e-15,-8.5880567085457e-06,-2.24605667671673e-06,3.19226519902498e-06,2.46884152385151e-15,2.52046661280715e-15,-5.46818501885239e-16,-2.88852182793874e-15,-3.28395688885906e-16,2.44142610731299e-06,7.11299867319626e-15,-3.74259651048092e-13,0.407089666354729,2.2498595349707e-13,-0.707106781186552,-2.23770062648639e-14,1.34544344723572e-14,8.9842904231964e-15,-6.48660098541201e-15,-2.20892745882793e-14,-2.54752033772436e-15
"t88",-0.0586168922440849,-0.2085468419071,0.0672960945968686,0.0874231004737082,0.190022275704761,-0.00473686802377077,0.020351463475339,0.0071163946370723,-2.57431774747565e-05,-0.00134628579826957,-0.00192139685605028,-0.00537869224856718,0.000820967096986375,-0.00615668144001703,-0.00268133052938378,0.261660102594491,-0.000740954206809856,-3.68424123856265e-08,2.68471341708465e-07,1.42450196549082e-05,-0.000238832721723637,0.0013097095362105,0.000545973369606237,0.0021418706394354,3.69138540850209e-05,0.000532401135043105,0.0010538882318305,-0.000226609251680085,0.000553808621078614,0.000961797043783765,-0.00136846759330331,0.0113903548502192,-6.29734429047138e-05,4.85218366954744e-05,0.00821577211088659,-0.00100310931526122,-2.36506677405263e-05,0.00562075520447769,-0.0106767615198303,0.337930669124671,0.000559555582484779,-0.000264937380071392,-0.000261396694248308,9.5652912920826e-17,-0.000137421682983411,-0.00926973604166706,5.08698604108737e-05,-1.38591408070914e-16,-5.79630173320762e-05,-0.171144626193742,0.000998400344035222,4.77198980981043e-06,1.14845161939453e-16,-1.20832274663391e-05,-8.59632394938503e-16,-3.03018329169411e-07,8.21850551538626e-06,-1.08175534682487e-15,-0.0453849898847519,-2.16980100884696e-05,8.17984420757052e-07,0.118517330654026,-1.17416075042396e-15,4.10595356383674e-16,-2.65116436917988e-06,-5.38286856782407e-16,1.47859045017385e-15,-3.8839096009654e-15,5.50577935215968e-16,-1.62499467493719e-15,-1.51923992701907e-06,1.39809261038743e-15,7.35502895368253e-17,-9.40542890686898e-06,1.24966563445443e-15,1.91546285176616e-15,2.71143124110415e-15,3.41407087265788e-15,-6.20785882468355e-17,-8.58805670418807e-06,-2.24605667337646e-06,3.19226520501282e-06,-3.72232503856587e-15,3.33664609539606e-15,-4.20102880518645e-16,-7.30165835082367e-15,-3.28441795044492e-16,2.44142610796525e-06,1.54505272120117e-14,-4.35127628373166e-13,0.407089666354747,2.24807703484302e-13,0.707106781186542,1.6968915916142e-14,-3.11774701038018e-14,-1.43443764063521e-14,1.69626190439239e-15,-1.50116028062939e-14,1.04079246567113e-15
"t38",-0.057729499793471,-0.20243131962309,0.0648896698840313,0.0839468938161408,0.18066084036092,-0.00447181361173197,0.019121062352605,0.00662627560038451,-2.37077341044759e-05,-0.00122980078393727,-0.00169861818354728,-0.00467166682249804,0.000698369951453851,-0.0051790048486967,-0.00222743705190221,0.206632475660545,-0.000554378794132089,-2.68647835124553e-08,1.92078427972453e-07,9.5912772136199e-06,-0.00015885086474054,0.000833566926862649,0.000325132734322922,0.00123251760723894,2.0620613710663e-05,0.000295150837811535,0.000540273282189544,-0.000112691255975823,0.000217874490276085,0.000352441471613353,-0.000495717962394174,0.0037529853567417,-1.64562075973288e-05,9.63400230617146e-06,0.000182842112611787,-1.33733922133035e-05,7.85034600359353e-07,-0.000234532667360638,0.000501243029765506,-0.0334135065876044,-9.19624236974098e-05,5.76818396306293e-05,9.0089898223354e-05,1.46235089553202e-16,6.84195062173388e-05,0.00481340969443521,-4.18536777354988e-05,9.01057255012385e-16,6.3103454371263e-05,0.188266663032117,-0.00111440798270892,-5.94442391545508e-06,-6.84842218305539e-16,1.75353313219608e-05,1.41674819420664e-15,8.7798192104675e-07,-2.42837494024356e-05,4.99577594493568e-15,0.174369441896727,9.59243096865904e-05,-4.80131027419347e-06,-0.889717569002759,5.56656111869155e-15,-1.84935251991897e-15,0.000264202343132469,8.1980647129392e-16,-3.67567377732494e-15,6.10059996955843e-16,1.56196020096096e-15,1.26014125724106e-15,-7.40619118947241e-06,-7.04061540268945e-16,-1.30907949990176e-15,-4.29153821489848e-05,-2.33842207800387e-15,-5.02826589095119e-16,-6.62151153215591e-16,1.05557402046491e-16,-2.31368624054877e-16,-3.374222649663e-05,-8.59217941051221e-06,1.14141994369113e-05,-3.96497316770082e-16,-1.84194540097667e-16,1.29575267521933e-15,-1.30352574614072e-16,7.35070124621477e-16,7.60111419572246e-06,6.64789416596621e-16,-5.23886489744996e-16,0.00158664455505907,2.93741065457985e-15,-2.97665436542231e-16,-1.75479583117704e-15,2.13453500659585e-15,-4.17422903326815e-15,-2.28761573854957e-15,5.98071930934994e-15,3.03074845618886e-15
"t30",-0.0572988895170405,-0.199456853467543,0.0637180002141104,0.0822532448236742,0.176092724798936,-0.00434233236369137,0.0185195563801415,0.00638633922585647,-2.27096130086848e-05,-0.001172609656863,-0.00158870561129111,-0.00432194125915101,0.000637547129971085,-0.00469319325031603,-0.0020014998300764,0.179051671258935,-0.00046020529821082,-2.18122956574108e-08,1.53303839073374e-07,7.21207765691583e-06,-0.00011790292900573,0.000588590068901639,0.000210699310832632,0.000759663502808639,1.21233119402215e-05,0.000171327345512304,0.000270235560271592,-5.2634905701034e-05,3.74532732128219e-05,2.35722850971557e-05,-2.43362099677062e-05,-0.000396709031352929,9.13698228676603e-06,-1.20127327133095e-05,-0.00444107164352821,0.000557322760121277,1.50031247077165e-05,-0.00364716508865324,0.0070227746988982,-0.252292261014019,-0.000481024287818569,0.000252422034517356,0.000307857755870745,-1.92263224203319e-16,0.00020015004260118,0.0138676827159548,-0.000105645911110835,2.98975370836822e-16,0.00015184500137587,0.45245297623561,-0.00267364657196321,-1.41151619058985e-05,9.10056375228108e-16,4.13716589262912e-05,-9.03663881487124e-17,2.4375407232599e-06,-6.83225687476755e-05,4.83364157129254e-15,0.673408787585039,0.000573778554913632,1.86232189551633e-05,0.38789042957599,1.44298609338545e-15,3.89185297436319e-16,0.000255783436210992,-3.77725219802799e-16,1.65193340033484e-17,-1.03471220275268e-15,-1.16443482259388e-15,-1.95275700808204e-16,-9.1576346800622e-06,5.61714998514641e-16,4.82035801029077e-16,-5.32069293988047e-05,6.11448691150022e-16,-9.27060418020229e-16,5.48023457728811e-16,1.75832247370045e-15,1.15009321912922e-15,-4.2012114249436e-05,-1.07030506280543e-05,1.42293273817023e-05,4.85127743312272e-16,6.76558588825749e-17,-6.65425534460433e-16,3.32851771858848e-16,5.43616180262605e-16,9.47474343831619e-06,3.78018418864341e-16,7.97972798949331e-16,0.000729828927535134,2.04407097747109e-15,-3.33122278475029e-16,-7.0906185125041e-16,1.25432010713722e-15,-3.94653459012208e-15,-1.16040325302649e-15,3.52602601668707e-15,2.44438136082883e-15
"t17",-0.0560713230176538,-0.191002822658356,0.060392440486553,0.0774502556110006,0.16316443197605,-0.00397641250023363,0.0168213230509431,0.00571015838107236,-1.99029674937697e-05,-0.00101205383764814,-0.00128213610823746,-0.00334984751388224,0.000469163061790564,-0.00335113553508812,-0.00137883429261235,0.103757647369882,-0.000205625464146195,-8.216160523133e-09,4.93093506295829e-08,8.97032810236707e-07,-9.43892138815151e-06,-5.56124487737034e-05,-8.70422471587146e-05,-0.000464127569199078,-9.7695841269627e-06,-0.000147333345264811,-0.000416798776118394,9.95059209371808e-05,-0.000405900792137645,-0.00077786291214674,0.00112288583309591,-0.0103913409056889,6.93956370850382e-05,-6.18575644048704e-05,-0.0143542072148051,0.00177588933172423,4.47038871897048e-05,-0.0107462275481997,0.0205540742524618,-0.694414787562634,-0.00123821759812595,0.0006188764298937,0.00067991863781014,-1.0656038322581e-15,0.000390476894149305,0.0265551005758541,-0.000130762806408242,6.40877010669078e-17,-0.000170111330463808,-0.647203432610539,0.00529100518353596,-0.00040471419215684,-4.36155643788395e-16,0.000180678792500051,-3.84787989540873e-15,5.51206752210959e-06,-0.000153098106331462,-1.12177611045721e-15,0.0016013299452027,0.00119496759049113,2.99957757445245e-05,0.0172912211126697,1.96029667042817e-15,-2.0392748545089e-17,0.000596599638112007,1.41134512736751e-16,2.93806740298788e-16,-4.85924999712314e-16,8.78268853194106e-16,-4.16021440723328e-16,-1.75732557185447e-05,4.53466941232421e-16,5.32170479710858e-16,-0.000101201620263049,5.78222624629234e-16,-3.31620939393026e-17,2.82215332650485e-16,3.11358846112651e-16,-1.0636462797428e-16,-7.82078460202243e-05,-1.98440929920872e-05,2.61102352974884e-05,-5.44082824476189e-17,-1.70572770469092e-16,-4.1682590491921e-16,2.14782796309405e-16,6.70865764665699e-17,1.70440336713259e-05,8.37190348130284e-17,2.67147415300428e-15,0.000315918916794524,1.78822577699843e-15,-8.86769066626296e-16,-1.5604166690987e-15,1.20027645042504e-15,-3.15286851021743e-15,-1.96949394534109e-15,2.66173049347773e-15,2.44947969274476e-15
"t34",-0.0688854669835007,0.0461413876582198,0.00186568431562273,0.00118349151476378,-0.00565242722564466,0.011678154647883,-0.171179670048891,0.0206707938564949,-0.0701214721767354,-0.00134032643824602,0.000204798668245197,0.214673595720178,0.00127810452199199,-0.0359366800754394,-0.0611906358168796,-0.00222711179582614,-0.6189242352438,0.0103678676763675,8.78280677802758e-06,0.000521822236207566,-0.00780634146880163,0.0336173863094936,0.0040991165283605,0.109050114119208,-0.000105762243626698,0.0251773772089182,0.00141626565527591,-9.93174952677313e-05,0.000416170084279148,0.00255092437282559,-0.000762031011085299,0.00320863950593847,-0.000262082354573558,0.0001423718512521,0.000751855666034861,-0.00116189333077689,-3.09485112320003e-06,0.000640524592278369,-0.0011069894367397,0.00107796032730482,-0.000315372910042826,0.000266843300667837,0.00190182465594018,3.87175559446111e-16,8.92402515276651e-05,0.000118791323922475,-5.80956908663324e-05,1.13548589588506e-16,7.86746150482912e-05,0.000172860569912557,0.0154842681264464,-7.63228787068653e-05,7.7131531000235e-16,5.20698419714025e-05,-1.08500899585022e-16,2.38302809546296e-06,-6.65501409464762e-05,1.29888435443311e-16,1.50846594771695e-06,0.000215375133488051,1.48442241501167e-05,2.24245647117325e-05,3.52883281465901e-14,0.707106781186548,0.000336191170953021,-1.88979664422297e-15,-9.64156270691319e-17,3.21744747551342e-15,1.14779371710549e-15,3.41998059695634e-16,-4.7577032364179e-05,7.01919037234728e-16,-1.44080218004127e-16,-2.61679558617027e-05,8.83965241379942e-16,2.06082079144139e-16,-6.08583486240201e-16,-1.60912617193886e-15,-9.82297755874197e-17,-5.36229582493127e-05,-5.30623234904417e-06,1.82233043871343e-05,-1.6410607356109e-16,-6.68747523605333e-16,1.13253006956722e-16,-3.63273972569543e-16,4.69465929328031e-16,1.21950656985556e-05,-3.72599407286388e-16,1.6306400674182e-15,1.23736582801739e-06,1.67948653401555e-15,-6.38463254036687e-16,-1.19778956166018e-15,2.08016746863228e-15,-3.45580925247537e-15,-1.77025705879655e-15,2.63903889113088e-15,2.67150110235705e-15
"t35",-0.0688854669835007,0.0461413876582198,0.00186568431562272,0.00118349151476376,-0.00565242722564465,0.011678154647883,-0.171179670048891,0.0206707938564948,-0.0701214721767353,-0.00134032643824604,0.000204798668245169,0.214673595720178,0.00127810452199197,-0.0359366800754395,-0.0611906358168797,-0.00222711179582601,-0.6189242352438,0.0103678676763675,8.7828067779023e-06,0.000521822236207584,-0.00780634146880198,0.0336173863094936,0.00409911652836091,0.109050114119207,-0.000105762243626702,0.0251773772089181,0.00141626565527596,-9.9317495268203e-05,0.000416170084278906,0.00255092437282558,-0.000762031011085733,0.00320863950593803,-0.000262082354573829,0.000142371851252192,0.000751855666033967,-0.00116189333077677,-3.09485112320668e-06,0.000640524592279263,-0.00110698943673928,0.00107796032730511,-0.000315372910042547,0.000266843300667987,0.00190182465594032,-1.52879125417007e-16,8.92402515285932e-05,0.000118791323920704,-5.80956908672939e-05,-1.39843706882673e-16,7.86746150482696e-05,0.000172860569912388,0.0154842681264466,-7.63228787084316e-05,-5.87003412236722e-16,5.20698419718754e-05,-3.2280382682632e-17,2.38302809505526e-06,-6.65501409472206e-05,-1.01354734909088e-16,1.50846594670987e-06,0.000215375133494434,1.4844224152099e-05,2.24245647144905e-05,-3.52247117048593e-14,-0.707106781186548,0.000336191171022032,1.74865394770485e-15,2.31020828749778e-16,-3.24960164293045e-15,-1.35020808823994e-15,-5.88651279361238e-16,-4.75770323638748e-05,2.12070885750657e-16,2.59130007848374e-16,-2.61679558652307e-05,5.21904298209656e-17,2.56882071261237e-16,2.72536424825443e-16,5.62747619984171e-16,1.89227490607689e-16,-5.36229582515019e-05,-5.30623234575762e-06,1.82233043876981e-05,3.52353867386254e-16,7.55325581009668e-17,-3.14583622340033e-16,-1.13473792029321e-16,6.85718684706044e-16,1.21950656975807e-05,6.53448924808972e-16,2.70269917557187e-15,1.23736582621302e-06,1.69528610424824e-15,3.39920786426227e-16,-1.3009055318952e-15,1.72275598302935e-15,-3.48857006706974e-15,-1.51555884900176e-15,2.43087207401366e-15,2.25281131917125e-15
"t80",-0.0711449789944064,0.0493150127751502,0.00202828873829433,0.00130106321085428,-0.00639231557353948,0.0134960980887841,-0.200916162338189,0.025029881946665,-0.0885745859988362,-0.00175269540222818,0.000320983882086836,0.387551188171458,0.00293532372988169,-0.0997255553118725,-0.231613738190892,0.00646500853893825,0.276160904286726,-0.00179952004454982,-3.94192524311002e-07,9.94634017251695e-05,-0.00172462117234062,0.0102726532767053,0.00159843094825896,0.0459858795546802,-4.70621894130651e-05,0.011341063197895,0.000704683944453472,-5.08971727599748e-05,0.000246821902788377,0.00155702186961609,-0.000467111209672046,0.00203002112409167,-0.000175864185751224,0.00010032798362623,0.000601706500349678,-0.000935801512200986,-2.57748251809884e-06,0.000536765961776604,-0.00093120524191546,0.000942303493359551,-0.000289921814651479,0.000256121744754346,0.00204382647433949,3.41927090403919e-16,0.000113143919420481,0.000154662803722963,-0.000131531347668333,-6.73702241712594e-16,0.000941579960341503,0.00261032839252039,0.375437499872978,0.00043707316583193,8.72651663149994e-16,-8.86539724664134e-05,8.78491737121084e-17,-5.75299768888347e-08,8.38987373409949e-07,4.61521167371184e-16,1.5705737139153e-07,3.15714048789757e-05,3.08448649529521e-06,5.46656050607933e-06,4.19147097318189e-16,-4.03089618682986e-16,0.000115307779736341,4.92813495501238e-16,-1.01412552157639e-16,4.00742147996818e-16,1.18385589985915e-16,-6.94509813541295e-16,-2.23444441773921e-05,1.66223938484521e-15,6.85445989951268e-16,-1.24699264865202e-05,4.67845952134654e-16,-2.36144945762321e-16,-8.48803649702125e-16,-1.23030478569746e-15,2.35759386436707e-16,-2.64452780786837e-05,-2.63332753926789e-06,9.18799145413687e-06,1.3791465935088e-15,-4.82892377272412e-16,-1.49091458334609e-15,-3.35988818253514e-16,-1.33194946484423e-15,6.33150673157592e-06,-0.707106781186547,3.17419701634236e-14,6.57286145643841e-07,5.70145288853271e-15,3.43474926815356e-15,4.08204594918772e-16,1.25357988110916e-15,-3.50171252805458e-15,-1.46851470561571e-16,1.84545130198365e-15,2.57099289154347e-15
"t81",-0.0711449789944064,0.0493150127751502,0.00202828873829434,0.00130106321085433,-0.00639231557353947,0.0134960980887841,-0.200916162338189,0.025029881946665,-0.0885745859988362,-0.00175269540222812,0.00032098388208685,0.387551188171458,0.00293532372988168,-0.0997255553118725,-0.231613738190892,0.00646500853893812,0.276160904286726,-0.0017995200445498,-3.94192524102276e-07,9.94634017251344e-05,-0.00172462117234092,0.0102726532767054,0.00159843094825898,0.0459858795546805,-4.70621894131505e-05,0.0113410631978952,0.000704683944453281,-5.08971727598158e-05,0.000246821902788519,0.00155702186961625,-0.000467111209672123,0.0020300211240912,-0.00017586418575116,0.000100327983626186,0.000601706500350064,-0.000935801512200992,-2.57748251798626e-06,0.000536765961776709,-0.000931205241915658,0.000942303493359355,-0.000289921814651675,0.000256121744754067,0.00204382647433934,2.95817923970385e-16,0.000113143919419598,0.000154662803723527,-0.000131531347667955,-5.03650665343222e-16,0.000941579960341561,0.00261032839252052,0.375437499872979,0.000437073165832302,7.91168843237188e-16,-8.86539724662671e-05,5.91676136710187e-16,-5.75299771252532e-08,8.38987375065008e-07,6.1262978697284e-16,1.570573709272e-07,3.15714048782145e-05,3.08448649476217e-06,5.46656050651306e-06,-8.71487168704666e-16,6.09988891150185e-16,0.000115307779736,-3.5215462739887e-16,3.77617030029738e-17,-4.87436271704916e-16,-1.3835348437681e-16,7.03953552568329e-16,-2.23444441763692e-05,-5.93859095145173e-16,-7.93091408431015e-16,-1.24699264836286e-05,5.74449056814544e-16,2.08891759575281e-16,7.57331030035559e-16,7.33402189108321e-16,-4.09620862492829e-16,-2.64452780782296e-05,-2.63332754251973e-06,9.18799145382606e-06,-1.16191883956907e-15,1.70774246674528e-16,1.53170534730308e-15,1.20444562841369e-15,2.54037063517929e-15,6.33150672888363e-06,0.707106781186548,-2.59757493292767e-14,6.5728610711995e-07,-2.2400129113251e-15,-4.73926775159876e-15,-2.76464329534709e-15,2.66368430505652e-15,-3.69553691938231e-15,-3.06985022609345e-15,3.48303026330575e-15,2.19397104629594e-15
"t25",-0.0703593179554306,0.048256330248862,0.00197510516093037,0.00126308935355637,-0.00616060139472191,0.0129394907808918,-0.191952989544531,0.0237551172070528,-0.0833821661903433,-0.00164004463254532,0.000293127213263717,0.349266754716511,0.00260437018067523,-0.0877392538000629,-0.201856697635669,0.00542190175125537,0.222217217210233,-0.0014195345004865,-3.06411410559931e-07,7.37412349869115e-05,-0.00126640708374378,0.00728631725619219,0.00107552754617442,0.0301070497864894,-3.00877242576689e-05,0.00720634841583479,0.000420371830194127,-2.96221452472097e-05,0.000118518598794244,0.000704891523911133,-0.000209454778401161,0.000841186201242844,-6.00336622534394e-05,2.72283688722724e-05,3.57406872949572e-05,-4.49301570765308e-05,3.21150658140656e-08,-1.2751742286117e-05,2.85883180103012e-05,-9.52846569657219e-05,5.6116056549642e-05,-6.96918947618006e-05,-0.000963698893660322,-8.58163691978506e-16,-8.36141382144491e-05,-0.000120472601216544,0.000188031327340894,1.29681610844945e-15,-0.00204101716593408,-0.00575246362238326,-0.846899230070419,-0.00118326470068313,-1.79570614374542e-15,0.000317085409320255,-5.78910232414601e-16,5.23466722785221e-06,-0.000144448939198307,-1.24452061951055e-15,2.8784821684484e-06,0.000390677440891665,2.49329322661775e-05,3.59191762626237e-05,3.59706794686952e-16,-4.52710116687175e-17,0.000468448841669021,-1.13096510266187e-16,2.27250502051326e-16,-3.90683832567547e-16,-1.57114391726169e-16,3.58836504915917e-17,-5.47972565613606e-05,3.31063256028076e-16,2.3593523149662e-16,-2.98295087765258e-05,6.06078048830123e-16,3.58485903349873e-16,1.58267581542321e-16,-3.68820302328501e-16,3.18107382032867e-16,-5.96344811735381e-05,-5.87427384648652e-06,1.99423318838882e-05,1.97347800323402e-16,-2.50769795459467e-16,7.90449196828923e-17,2.7090614215222e-16,4.04381183753032e-16,1.30614696812527e-05,5.90689590277151e-16,1.0547118733939e-15,1.303208054989e-06,1.5471612353101e-15,8.73138442072156e-16,-1.59099819623164e-15,1.84952949088696e-15,-3.33980547982733e-15,-1.73033644579004e-15,3.19894963733372e-15,2.52904399650838e-15
"t1",-0.0655201123400177,0.041588624068141,0.00163669884859891,0.00101990577100494,-0.00465373224682021,0.00928004395198542,-0.132586782824555,0.0151936912322681,-0.0479124831001422,-0.000860860486179728,9.07237131962911e-05,0.0639544809065703,6.86812865515835e-05,0.00534251474745261,0.0323370175278211,-0.00291248155885107,-0.0881614159322119,-0.00179791188112356,-3.58277157156273e-06,-0.000676628195911713,0.011866332869863,-0.0852078795466023,-0.0217147682901727,-0.890005724905464,0.00136728461360868,-0.374934972426048,0.0968920590789352,-0.00259956734260497,0.00283811681378176,0.0154016135897765,-0.00452625909468615,0.0170770333712566,-0.00118825269226717,0.000583840152118256,0.00260310858519433,-0.0039986789163174,-1.03490982217323e-05,0.00213152305732523,-0.00367310095676783,0.0034822180722127,-0.000989596200399839,0.000820228888742161,0.0056109485698688,-2.48227756652472e-16,0.000253017672533689,0.000335112208376041,-0.000152448135368508,2.63718907056001e-16,0.000144739050554456,0.000277800000144631,0.0144277859131284,-0.000237153516727141,4.94756080072694e-17,0.000144612182572081,-1.39084811942851e-16,6.02608850968911e-06,-0.000168044890485314,-1.441201006201e-16,3.7444924594233e-06,0.000530577250814529,3.61038699174465e-05,5.40628315617936e-05,-3.80938985146218e-16,2.28786449887993e-16,0.000785538401271734,-1.83128104425337e-17,-7.36856431069532e-17,-4.91418778570551e-16,-1.59188661723081e-16,-1.73788559902988e-16,-0.000104097260219768,4.22789946011477e-16,-5.14946100420792e-17,-5.69769489347674e-05,5.40992582488328e-16,2.01774073163179e-16,-1.85132431504031e-17,-3.99558723620156e-16,-3.64922754300962e-17,-0.00011530903483508,-1.13825158619058e-05,3.88412766367916e-05,9.11525206876381e-17,-2.26942468332716e-16,9.50527730589979e-18,1.65933947437225e-16,5.14358934850568e-16,2.56602689419312e-05,4.92630702386757e-16,2.71310751642773e-15,2.57505995714882e-06,1.75423591965373e-15,1.6950255750524e-16,-1.2533915627017e-15,1.64867303899336e-15,-3.65402518702249e-15,-1.61942651726625e-15,2.42422529481857e-15,2.37184168778374e-15
"t14",-0.069882544738669,0.0476306497877254,0.00194456838940185,0.00124184886002601,-0.00604346415039259,0.0126916941763122,-0.188462955231883,0.023454577786879,-0.0839045370732317,-0.00170296130375351,-0.00110740088763371,0.0294932640377621,-8.78753619337899e-06,0.0301824984266619,0.378482847733538,0.00577945148517321,0.0553598497160684,0.00100671558589551,1.47004774604878e-06,0.000115386998221283,-0.00164651586693738,0.00389493631551628,-0.00157730215589859,-0.155084192211655,0.00159185802334167,0.516962193188583,0.00457872794525989,-0.000199001071287092,0.000486267479271452,0.00286420446999578,-0.000851208129831135,0.00346619038332154,-0.00027073562198056,0.000143402096441383,0.000729349246041274,-0.00112573732221365,-2.98137103537122e-06,0.000616450652473779,-0.00106477747241501,0.001031539707582,-0.000300198929865551,0.000253167529686513,0.003425253671647,-1.03239049976017e-15,8.25407175551996e-05,0.000109740152890567,-5.19253530218297e-05,0.707106781186547,4.9313252194182e-05,9.35723833272009e-05,0.00451977035209282,-8.45690404643914e-05,8.56141659102534e-16,5.19239592616012e-05,-4.33921373168996e-16,2.25794850612128e-06,-6.30306540414342e-05,1.64503642441567e-17,1.42241474384475e-06,0.000202746118929575,1.39383709326091e-05,2.10233327587413e-05,-8.99771297180639e-16,-2.93616741878971e-16,0.000313737850576067,1.62376483851319e-16,2.97509340158795e-16,6.15561986586104e-16,-5.3312622035803e-17,4.81582622264993e-16,-4.41133960838202e-05,3.99754794321695e-16,-1.13266714088297e-16,-2.42543175167475e-05,5.29658603020548e-16,1.70019410517131e-16,2.94757951973546e-17,-3.14999946160121e-16,2.42788716962832e-17,-4.96596389561477e-05,-4.9132841170787e-06,1.68672088506657e-05,3.91544225732465e-18,3.58849264575579e-17,9.65867095124481e-17,-3.30323210610595e-16,5.23990840212854e-16,1.12794880444229e-05,5.25780716879713e-17,2.17187379192296e-15,1.14384457437534e-06,1.73743508093159e-15,-4.92217193400469e-16,-1.14743835521615e-15,1.80226072046488e-15,-3.46884462496243e-15,-1.76206462838678e-15,3.30395104154432e-15,2.2542378924264e-15
"t15",-0.069882544738669,0.0476306497877253,0.00194456838940185,0.00124184886002604,-0.00604346415039256,0.0126916941763123,-0.188462955231883,0.023454577786879,-0.0839045370732316,-0.00170296130375354,-0.00110740088763368,0.0294932640377621,-8.78753619329941e-06,0.0301824984266618,0.378482847733538,0.00577945148517362,0.0553598497160683,0.00100671558589547,1.47004774653117e-06,0.00011538699822124,-0.00164651586693718,0.00389493631551657,-0.00157730215589816,-0.155084192211654,0.00159185802334157,0.516962193188582,0.00457872794525976,-0.000199001071287058,0.000486267479271553,0.00286420446999585,-0.000851208129831634,0.00346619038332127,-0.000270735621980782,0.000143402096441464,0.000729349246039418,-0.00112573732221369,-2.98137103528309e-06,0.000616450652475977,-0.0010647774724167,0.00103153970758131,-0.000300198929866275,0.000253167529687365,0.00342525367164695,8.80881225747731e-16,8.25407175553488e-05,0.000109740152899097,-5.19253530001671e-05,-0.707106781186548,4.93132521903243e-05,9.35723833282444e-05,0.00451977035209065,-8.45690404637384e-05,-6.06859578588522e-16,5.1923959259151e-05,6.01627314780728e-16,2.25794850621211e-06,-6.30306540398108e-05,-3.97611681966577e-17,1.42241474383712e-06,0.000202746118931488,1.39383709329837e-05,2.10233327576923e-05,1.01536342030424e-15,2.92719793006741e-16,0.000313737850574267,-1.0965809936164e-16,-1.97156847058939e-16,-5.66652062294006e-16,-1.86181525023112e-17,2.52513094116198e-16,-4.4113396083198e-05,4.29090706884289e-16,4.38656494308418e-16,-2.42543175180199e-05,5.23506073097489e-16,2.00824269306355e-16,-8.25209844256929e-17,-1.69283174178003e-16,6.9072352950807e-17,-4.96596389557209e-05,-4.91328411907487e-06,1.68672088502552e-05,3.63293760153591e-16,-4.06785588642552e-16,-9.6512330929192e-17,5.57855209088924e-16,5.92722063657991e-16,1.12794880442043e-05,3.16256040910452e-16,2.35922392732846e-15,1.14384457470273e-06,1.67063981147076e-15,-2.70172588484751e-16,-1.7080012002924e-15,1.83825502205731e-15,-3.60695856184324e-15,-1.563877811722e-15,2.22148359253479e-15,2.56062042041866e-15
"t48",-0.0706434110069439,0.0486758488003454,0.0019975758786091,0.00127993484674191,-0.00627970349900528,0.0132668357245593,-0.197820663526248,0.0248171525879091,-0.0896902337810698,-0.00183473111017256,-0.00123503347636743,0.0335875968983265,-1.02809624577967e-05,0.0358708151680214,0.458306361897046,0.00766028162988327,0.0839261034154068,0.00166290384656457,2.62192092285661e-06,0.000301564526736622,-0.00486660418427886,0.0267440317905697,0.00520272348295762,0.230844831238236,-0.0014012854202527,-0.401222415402346,-0.000864378014031265,1.45363932307678e-05,0.000145043168845402,0.000988064675628123,-0.000299079311937202,0.00136871148204666,-0.000124529904923815,7.18864270466616e-05,0.00041641965749662,-0.000645493492840213,-1.74434961636296e-06,0.000361886258623277,-0.000626329566978329,0.000617899810208609,-0.000183291209501921,0.000156622367975853,0.00217259002707317,9.82591760999653e-17,5.35218308538626e-05,7.1342113964156e-05,-3.47108909779398e-05,2.7356569365084e-16,3.34940726563462e-05,6.35913177130468e-05,0.00307404485030664,-5.78545602520718e-05,3.05744872320156e-16,3.57964430881801e-05,-4.19282530265845e-16,1.60120315239639e-06,-4.47261534183957e-05,4.42595218469716e-17,1.01719854362801e-06,0.000145506318960801,1.00645528365055e-05,1.52452114201078e-05,1.95235433827765e-15,5.00981315155841e-16,0.000231026043289711,7.04042588950238e-16,-5.562083208818e-16,-5.13188635084432e-15,-4.58780164600469e-15,-0.707106781186548,-3.35450323742358e-05,-7.76264546686346e-16,-3.09907561860585e-15,-1.84869909219694e-05,2.98702190795798e-15,2.11177938671673e-17,-2.91800115285526e-16,-3.19907690703012e-16,-9.51920062087069e-16,-3.80787043567917e-05,-3.77187783916014e-06,1.29884523594009e-05,4.83938871626724e-16,-1.61023944767081e-16,-1.07964435536932e-15,3.7347594282283e-16,8.0234793863289e-16,8.73882258008205e-06,1.03241369269355e-15,1.88390969491081e-15,8.90804087105382e-07,1.51406632716043e-15,-1.98357373921824e-15,-1.04208717416961e-15,1.782552286081e-15,-3.18498479439071e-15,-1.61974811838573e-15,2.76749387306811e-15,2.27066961191784e-15
"t49",-0.0706434110069439,0.0486758488003454,0.00199757587860909,0.0012799348467419,-0.00627970349900524,0.0132668357245593,-0.197820663526248,0.024817152587909,-0.0896902337810697,-0.00183473111017258,-0.00123503347636744,0.0335875968983265,-1.02809624577642e-05,0.0358708151680214,0.458306361897046,0.00766028162988334,0.0839261034154066,0.00166290384656458,2.62192092290096e-06,0.000301564526736402,-0.00486660418427886,0.0267440317905697,0.00520272348295776,0.230844831238236,-0.00140128542025276,-0.401222415402346,-0.000864378014031156,1.45363932309767e-05,0.000145043168845271,0.000988064675628226,-0.00029907931193706,0.00136871148204662,-0.000124529904923911,7.18864270465509e-05,0.000416419657497032,-0.000645493492840315,-1.74434961628196e-06,0.000361886258623689,-0.000626329566978448,0.000617899810208669,-0.000183291209502139,0.000156622367975925,0.00217259002707293,-1.11897722248056e-16,5.35218308535699e-05,7.13421139662871e-05,-3.47108909771578e-05,1.27848921459927e-16,3.34940726565518e-05,6.35913177122909e-05,0.00307404485030664,-5.78545602500363e-05,-1.55052199477125e-16,3.57964430869442e-05,2.74398973995445e-16,1.60120315234883e-06,-4.4726153417365e-05,-3.63970530422531e-17,1.01719854333958e-06,0.000145506318961083,1.00645528366916e-05,1.52452114217977e-05,-1.85015952111926e-15,-4.14952680126858e-16,0.000231026043294066,-6.9335137743344e-16,6.51466308675599e-16,5.04139947402319e-15,4.55766051929196e-15,0.707106781186547,-3.35450323782314e-05,1.78463635379373e-15,2.85085095425767e-15,-1.84869909330179e-05,-1.91004908026593e-15,2.49109802112471e-16,2.58873254782197e-16,-4.51746674877286e-16,1.11340013642938e-15,-3.80787043544307e-05,-3.77187783796205e-06,1.29884523578775e-05,-3.23454311656788e-16,-6.98998086846618e-17,1.09508640154356e-15,-7.06132670269905e-17,1.70720010842753e-16,8.73882258216718e-06,-5.21898530684681e-16,2.93515212135276e-15,8.90804084728202e-07,1.8936530116396e-15,2.23527375447463e-15,-1.47983968118237e-15,1.99715636424602e-15,-3.87553198623225e-15,-1.69240932608725e-15,2.79524944868374e-15,2.91927322150709e-15
"t99",-0.0737320490856093,0.0534035980712434,0.00225101764299125,0.00146887710843367,-0.00756985059526234,0.016656345380683,-0.256145124793319,0.0343648137386215,-0.137745961108143,-0.0031082624521188,-0.0053244789456971,-0.348084680468805,1.34860888609252e-05,-0.0258382247286822,-0.17423524212095,0.000867872394803453,0.0223764091198913,0.000500349511693667,8.32121980467379e-07,0.000101069469044704,-0.00162252972550545,0.00836690748623455,0.00119181305366286,0.0337389018337121,-4.84762497963869e-05,0.00122203806690583,0.000899704903001479,-4.73789501132134e-05,0.000191604859375284,0.00120084529938821,-0.000359996804391274,0.00155880240845421,-0.000135122472211416,7.77214030576495e-05,0.000500544758174331,-0.000783487252976575,-2.24721652227681e-06,0.000472188013567999,-0.000823883979891406,0.000894545951795829,-0.000316862518165515,0.000340811372945099,0.491582550934954,-3.49645327101596e-15,-3.48112316753855e-05,-3.51710519257884e-05,-7.54141600932144e-06,-3.50186435305559e-18,1.2093122898639e-05,2.32056688715647e-05,0.00113806387678748,-2.34754150789658e-05,-1.61325333801806e-16,1.59276232809636e-05,3.24926143917796e-16,8.67012192695037e-07,-2.42902251260024e-05,2.32377723509952e-16,5.70946977430481e-07,8.27777987156245e-05,5.84688439599654e-06,8.97469495424144e-06,4.38549100173755e-16,-1.64534954969813e-16,0.000141627355253279,9.91977723353436e-17,-2.08326635489833e-17,-1.19472510244782e-16,6.09126226384038e-16,-3.17779093945109e-16,-2.18579815779445e-05,3.2518080125255e-16,1.58374592553668e-15,-1.20898168209588e-05,1.12962159591145e-15,-1.72602805350713e-16,-2.67572966064497e-16,-5.02125016002352e-16,-3.42895021864178e-16,-2.51238493646457e-05,-2.4927998045916e-06,8.62090429904049e-06,-2.40870709529604e-17,-6.2624957434538e-16,-6.55060082063442e-17,1.56703956534985e-15,2.21583299177892e-15,5.84826974700425e-06,3.68308568200501e-16,-6.94236335085918e-15,6.00158642780026e-07,1.6493566948271e-15,-1.72619569065575e-15,5.8243022183415e-17,4.08479048373143e-15,4.90095937969141e-15,-5.27784269685905e-15,-3.48010059144321e-14,0.70710678118655
"t100",-0.0737320490856093,0.0534035980712433,0.00225101764299125,0.00146887710843369,-0.00756985059526235,0.0166563453806829,-0.256145124793319,0.0343648137386215,-0.137745961108143,-0.00310826245211879,-0.00532447894569709,-0.348084680468805,1.34860888608343e-05,-0.0258382247286823,-0.17423524212095,0.000867872394803584,0.0223764091198913,0.000500349511693672,8.32121980447918e-07,0.000101069469044549,-0.00162252972550549,0.00836690748623464,0.00119181305366286,0.0337389018337122,-4.84762497965583e-05,0.00122203806690609,0.000899704903001561,-4.73789501132601e-05,0.000191604859375181,0.00120084529938779,-0.000359996804391045,0.00155880240845438,-0.000135122472211163,7.77214030578526e-05,0.00050054475817485,-0.000783487252976197,-2.24721652245933e-06,0.000472188013568219,-0.000823883979891012,0.000894545951795601,-0.000316862518164863,0.000340811372944812,0.491582550934954,-3.65950912832178e-15,-3.48112316756744e-05,-3.51710519253353e-05,-7.54141600956247e-06,-1.70035344978669e-16,1.20931228985153e-05,2.3205668871951e-05,0.00113806387678721,-2.34754150788413e-05,-3.71814692839207e-16,1.59276232809118e-05,-2.95979097855247e-16,8.67012192866568e-07,-2.42902251262448e-05,3.27117127035899e-16,5.70946977409466e-07,8.27777987150208e-05,5.84688439676414e-06,8.97469495361524e-06,-5.32896046564069e-16,3.2812651293002e-16,0.000141627355253056,-1.38318071151422e-16,-9.31835801376528e-17,-7.57850749401633e-16,-1.77785327670401e-15,3.17129777324501e-16,-2.18579815777203e-05,6.43879690704932e-16,-8.68087816139824e-16,-1.20898168224608e-05,-1.77604060333321e-16,5.69289565175762e-16,1.59861634339477e-16,1.08497647541436e-16,3.44863653948797e-16,-2.51238493607564e-05,-2.49279980081875e-06,8.62090429874872e-06,2.50579062285876e-16,2.70292840034554e-16,-2.27282824701648e-16,-4.22688261595225e-16,-1.10930774872688e-15,5.84826974357991e-06,6.29962724200189e-17,1.18099974244501e-14,6.00158632313373e-07,1.78772137267695e-15,1.88202914161477e-15,-2.62605583822132e-15,-3.3021161100575e-16,-1.19017669305457e-14,2.07409335930688e-15,4.10133488796583e-14,-0.707106781186545
"t56",-0.0734121255526838,0.0529508251770806,0.00222765252485824,0.00145188099878577,-0.00746068679993146,0.0163823806510991,-0.251580177684947,0.0336634273089766,-0.134497447538154,-0.00302766455924688,-0.00513591914072775,-0.333966955037503,1.28573067303163e-05,-0.0245490397145203,-0.164902655305323,0.000808478310692718,0.0204885204599134,0.00045432281943573,7.50888679295288e-07,8.9381637845964e-05,-0.00142899652583656,0.00725942752629181,0.00101054168653932,0.0282647505838322,-4.01857997119578e-05,0.00101029761318383,0.000723119460955168,-3.76590000532762e-05,0.000139471882407969,0.000850572296550592,-0.000253857885886256,0.00105953414448221,-8.38975474035341e-05,4.34032493404021e-05,0.000160776338590654,-0.000239646494361519,-4.91732362377731e-07,9.51084005103021e-05,-0.000156979327902772,6.36592938855487e-05,3.65260958789228e-05,-0.000105124149889102,-0.508235501870579,3.64857224113379e-15,0.000120460647348041,0.000148809584657384,-4.64085462337465e-05,1.810259839911e-16,3.96124175670218e-05,7.4941780476094e-05,0.00360512076729826,-6.56201412179319e-05,4.12137338514259e-16,3.9073521547792e-05,3.73493002326442e-16,1.57800884793747e-06,-4.39987624853547e-05,-8.65877034235796e-17,9.80250339721333e-07,0.000139004526996287,9.48188003050662e-06,1.42335443214999e-05,4.38172819435944e-16,-3.83443289936727e-17,0.000209627002481027,2.18048572953889e-16,9.08701839097623e-16,7.45804209560379e-16,-8.52340389035864e-16,3.24332294012312e-16,-2.91220096592526e-05,5.82293290422667e-15,-1.77253269480684e-14,-1.60082741836932e-05,-2.98805335550057e-14,-0.707106781186548,1.08890928047913e-15,6.27277409620594e-15,-1.30291099123408e-15,-3.27692225291306e-05,-3.24220710560485e-06,1.11317924613242e-05,-1.42246425162168e-15,3.48099411638566e-16,6.96711052800585e-16,-5.83881409430258e-17,-6.24424982929562e-17,7.44851869024998e-06,3.50235639892003e-16,3.24046345312468e-15,7.55998665648565e-07,2.08951149729904e-15,6.19795075461483e-16,-1.31421562049239e-15,1.74976161166004e-15,-3.74683147949371e-15,-2.06034379157208e-15,2.08648286781521e-15,1.98312371254486e-15
"t57",-0.0734121255526838,0.0529508251770806,0.00222765252485823,0.00145188099878577,-0.00746068679993143,0.0163823806510991,-0.251580177684946,0.0336634273089766,-0.134497447538154,-0.00302766455924689,-0.00513591914072779,-0.333966955037503,1.28573067302793e-05,-0.0245490397145202,-0.164902655305323,0.000808478310692664,0.0204885204599136,0.000454322819435696,7.50888679295839e-07,8.93816378458637e-05,-0.00142899652583654,0.00725942752629186,0.00101054168653924,0.028264750583832,-4.01857997117171e-05,0.00101029761318376,0.000723119460954949,-3.7659000053521e-05,0.000139471882407951,0.000850572296550732,-0.000253857885886045,0.00105953414448231,-8.3897547403598e-05,4.34032493406463e-05,0.000160776338590693,-0.000239646494361608,-4.91732362175572e-07,9.5108400510025e-05,-0.00015697932790314,6.36592938853613e-05,3.65260958791936e-05,-0.000105124149889087,-0.508235501870578,3.69154299740225e-15,0.00012046064734784,0.000148809584657086,-4.64085462343202e-05,-1.32630453439308e-17,3.96124175673945e-05,7.49417804762877e-05,0.00360512076729872,-6.56201412179287e-05,3.38081642600571e-16,3.90735215475042e-05,-3.5525295604749e-16,1.57800884798145e-06,-4.39987624851953e-05,-4.61787421214e-16,9.80250342009519e-07,0.000139004526994213,9.4818800294861e-06,1.42335443208185e-05,-6.0266126616168e-16,6.92085265189149e-17,0.000209627002480938,-1.45026679750263e-16,-5.80134213988938e-16,-1.56251997947319e-16,1.57627247732139e-15,-5.08334973862433e-16,-2.91220096675568e-05,-4.92272665950413e-15,1.71539300646208e-14,-1.60082743908593e-05,3.12805759873807e-14,0.707106781186547,-1.10822047843681e-15,-6.56417962602249e-15,1.49815000525903e-15,-3.27692225281049e-05,-3.24220710089384e-06,1.11317924589558e-05,1.67145207934319e-15,-8.17580739730957e-16,-4.41185672822374e-16,-1.72012528619453e-16,1.09766569867743e-15,7.44851869037488e-06,-1.2854803647121e-16,1.23512311489549e-15,7.55998664383038e-07,1.09032659735196e-15,-1.40636194443172e-15,-1.43805794002122e-15,1.92246528555172e-15,-3.27607202321572e-15,-1.33696186471826e-15,2.90527234847626e-15,2.76028003512869e-15
"t52",-0.0860515677333551,0.0932208013421861,0.00695647429254226,0.0175223719668715,0.00619268930639798,-0.00292594942780293,-0.00140154545452676,0.00618061888700429,0.236490850667531,-0.00097939472365988,-0.001488698237809,-0.0249038831912742,0.000831031740424901,-0.0853841394180962,0.00514462285896233,0.00101510061216848,0.00175512961576642,-0.265755297719121,2.01476450300103e-06,-0.55779693101159,-0.0106956013253279,0.0358477053013629,0.000520765896916384,0.00882843914668724,2.08913916327209e-05,0.00245617293183948,0.0242782622173738,1.02998027620626e-05,0.000811858649147291,0.159294945898667,0.00964980639761679,-0.00297353921171318,0.0150108176208845,0.00104249645754156,0.000174732129838235,-0.00115639267728377,-6.78551346298596e-07,0.000142846636007266,-0.000249264655931481,0.000264224626867315,-0.00687666732640032,0.000298388389791452,0.00014001667699749,-2.27311865695193e-16,2.51300740298236e-05,3.35993028230673e-05,-1.67660965450658e-05,2.59641242530921e-16,5.70418362723519e-05,2.43021305008808e-05,0.000442681565005203,-3.06013999491869e-05,-3.34833838168431e-17,1.85391500410492e-05,-3.01388291149792e-16,8.39174480017194e-07,-2.34511137823402e-05,2.1069859642495e-16,5.36329448540041e-07,7.69196604155687e-05,5.34429048358051e-06,8.1204608949728e-06,-1.16427275257525e-16,3.06210642113937e-16,0.000124433671305614,-9.29662945302048e-16,7.72884361088675e-16,3.86695540359156e-16,-2.48227003492146e-15,-2.95588141207894e-15,-7.22641374652054e-05,-4.02142444423072e-15,0.707106781186547,-1.02017104906606e-05,-7.88014340568289e-16,-1.78125736084155e-14,-6.31663651648436e-16,-2.35791363043441e-15,3.88437070814607e-15,-2.11021753763734e-05,-2.09197555835419e-06,7.21908615627228e-06,3.25745625764763e-16,-9.16010389378449e-16,4.29586690011485e-16,1.92426469109732e-17,2.44715675277364e-16,4.87778849976457e-06,8.54910692439284e-16,6.08540995372664e-15,4.9902560599646e-07,2.15579459190706e-15,-6.33436284822373e-16,-1.2501082510144e-15,2.4351056522998e-15,-3.28792846562377e-15,-1.87298355222813e-15,3.42514811747457e-15,1.2549729832782e-15
"t53",-0.0860515677333551,0.0932208013421861,0.00695647429254227,0.0175223719668715,0.00619268930639799,-0.00292594942780292,-0.00140154545452676,0.00618061888700438,0.236490850667531,-0.00097939472365984,-0.00148869823780901,-0.0249038831912742,0.000831031740424825,-0.0853841394180962,0.00514462285896228,0.00101510061216852,0.00175512961576639,-0.265755297719121,2.01476450303672e-06,-0.55779693101159,-0.0106956013253277,0.0358477053013629,0.00052076589691641,0.00882843914668735,2.0891391632643e-05,0.00245617293183989,0.0242782622173734,1.02998027620032e-05,0.000811858649147373,0.159294945898668,0.00964980639761761,-0.00297353921171333,0.0150108176208849,0.00104249645754189,0.000174732129837985,-0.00115639267728403,-6.78551346631173e-07,0.000142846636007369,-0.000249264655931131,0.000264224626867448,-0.00687666732640049,0.000298388389792075,0.000140016676998288,1.7592095557237e-16,2.51300740303564e-05,3.35993028232114e-05,-1.67660965446258e-05,-2.43428566184555e-16,5.70418362728935e-05,2.43021304999365e-05,0.000442681565005042,-3.06013999492358e-05,-3.72277551729247e-17,1.85391500408222e-05,8.93344993206145e-16,8.39174480059438e-07,-2.34511137815609e-05,-2.00841897213239e-16,5.36329448694623e-07,7.6919660416665e-05,5.34429048407525e-06,8.12046089677336e-06,9.17395416046549e-17,-2.28084188435256e-16,0.000124433671304756,9.44682333698634e-16,-6.25202423729325e-16,-6.5153646000726e-16,3.46436204049965e-15,2.77998177755553e-15,-7.22641374854362e-05,4.89993678079486e-15,-0.707106781186547,-1.02017105274472e-05,1.88042970715309e-15,1.77978299158251e-14,5.59856169155459e-16,1.93726169608402e-15,-3.73276888728556e-15,-2.11021753677604e-05,-2.09197555910117e-06,7.21908615698157e-06,-2.19397482784522e-17,5.00830983047064e-16,-4.78342890376343e-16,4.35287755755003e-17,9.46741149922463e-16,4.87778850285736e-06,-5.12051336531298e-16,-1.14838694109665e-15,4.99025603619608e-07,1.17606473150369e-15,5.53114573743751e-16,-1.13447305372245e-15,1.29328283378146e-15,-3.79492336837255e-15,-1.40341348654765e-15,1.75981358053683e-15,3.53093730288978e-15
"t4",-0.0839564244148507,0.0887391687621879,0.00654504303692412,0.0163635946261627,0.00567852910287718,-0.00264740837120398,-0.00125646268850311,0.0054429305797202,0.20360206092843,-0.00082870076716752,-0.00116776570990893,-0.0186675989298128,0.00058771672852071,-0.058382780014843,0.0033796874789708,0.000550295375591582,0.0007146112821872,-0.0897483198673917,5.72463535612242e-07,-0.054979653570183,-0.000622886042911081,-0.00343656654308281,-0.00018685683470953,-0.0045113107575867,-1.36471590295862e-05,-0.0016983264630877,-0.0274489092320776,-1.36750924053233e-05,-0.00298929097178391,-0.782810852298619,-0.0497346619292931,0.0231259790385991,-0.547781785201008,0.0267553101266818,0.00112879531071397,-0.0072746378295762,-3.79216685595299e-06,0.00078354474646415,-0.0013522627776541,0.00130206147572734,-0.0308358752868338,0.00125825424646254,0.000528980294101076,4.8908976220812e-17,8.66990028580313e-05,0.000114735108716718,-5.14420297345149e-05,6.35008912839501e-17,0.000165132782543473,7.02106660208744e-05,0.00127532271948377,-8.63514836039365e-05,-2.56203163616379e-16,5.09204932139181e-05,3.13727168748787e-16,2.09496900909314e-06,-5.84219218742109e-05,1.34120094416428e-16,1.30266985577657e-06,0.000184683109464625,1.25825905233957e-05,1.88617144993822e-05,1.48359766788831e-16,1.48494504982952e-16,0.000275486125035127,-7.61447338882437e-19,-8.6175954019863e-17,9.35905789256479e-17,-3.97649725274503e-16,1.17582059685444e-16,-0.00014520967706124,6.51468261469524e-16,-3.61558544879948e-16,-2.03587196032559e-05,7.26081725232258e-16,2.25195121045949e-16,1.8843124602931e-17,-3.41702032501515e-16,5.67335540979365e-17,-4.13814849617952e-05,-4.08847660067786e-06,1.39841921002183e-05,6.07291618382691e-17,-1.88230972600341e-16,-1.8717964931607e-16,2.65883467519866e-16,5.24679734555567e-16,9.28427875376243e-06,3.34103591035009e-16,2.15452655716319e-15,9.35863026444233e-07,1.74038287913855e-15,-2.25018471040546e-16,-1.3839069534876e-15,1.9153830606297e-15,-3.48740544702789e-15,-1.67523230430403e-15,2.93510936285586e-15,2.46533131541916e-15
"t5",-0.0844261170783862,0.089746437826874,0.00663762600160398,0.0166245507006443,0.00579453515835719,-0.00271033952867787,-0.00128927239347541,0.00561005837433711,0.211070381289175,-0.000862980210627134,-0.00124133054127748,-0.0201036447016157,0.000644075356457118,-0.0646584656280599,0.00379157352372791,0.000660991388317488,0.000971205467625411,-0.134415212924183,9.5115402697805e-07,0.100559995998582,-0.00182071956084308,0.00471597216829913,-2.52525072535531e-05,-0.00138580086829808,-5.40062434833368e-06,-0.000701826408561564,-0.0144657088591365,-7.54812610383927e-06,-0.00181741686373936,-0.465011889058484,-0.0293571677680982,0.0124049367690665,0.819286587303547,0.0300989020565047,0.00104439086574169,-0.00672815163806834,-3.52175090703749e-06,0.000729173592059427,-0.00126034198025361,0.00125493185475959,-0.0860708260406678,0.000959006705246531,0.000445378517354207,-3.93520998173955e-17,7.42830273115373e-05,9.84305319359252e-05,-4.4586238732574e-05,-6.53508241937767e-17,0.000143759029055937,6.11321321303728e-05,0.00111064841653286,-7.53148647742407e-05,6.52068663324214e-16,4.44989621281937e-05,3.12850448455577e-19,1.84367448315275e-06,-5.14223445608429e-05,9.67525365230786e-17,1.14883662969008e-06,0.000163021331567031,1.1124141682055e-05,1.66938236625279e-05,1.75102696758764e-16,-5.7448701948421e-17,0.000244812615267067,-4.32669679017963e-18,8.17010426314876e-17,-1.27200808938452e-16,5.08051048028284e-16,-1.78747917265673e-17,-0.000130206609948476,3.12616657471202e-16,1.25393842734128e-16,-1.82677615622855e-05,3.78492639725584e-16,1.79808349739728e-16,-4.8407216069999e-17,-2.21358572356719e-16,-1.05968288280067e-16,-3.71969931814463e-05,-3.67632693218567e-06,1.25859853811824e-05,1.26952456794132e-16,-2.3186216830474e-16,1.9399641115894e-16,4.17693979911806e-17,4.19024685998422e-16,8.3714236545056e-06,2.25758950027818e-16,2.5882074261574e-15,8.45189420587609e-07,1.66052985527841e-15,-1.41922079359012e-16,-1.47325194007996e-15,1.79235300940707e-15,-3.57194645586441e-15,-1.59594423704198e-15,2.9547152694889e-15,2.66512162528824e-15
"t12",-0.085734305980189,0.0925498561822333,0.00689521065933972,0.017350417831912,0.0061170303520201,-0.00288521297171199,-0.00138041705904622,0.00607406540572838,0.231789476330557,-0.000958024451449478,-0.00144475498409537,-0.0240680501624299,0.00079932059231164,-0.0819230315065798,0.00492291129120868,0.000962665243387204,0.00166144987233911,-0.253382480137986,1.94875513993335e-06,0.298548650635809,-0.00600702595655197,0.0274903771459902,0.00040798301491127,0.00687073740671433,1.61126932997235e-05,0.00188932490688289,0.018072988344193,7.55446227910047e-06,0.0005139058050455,0.0948792358662043,0.00568381240452066,-0.00155660781074102,-0.0315848417636624,-0.00010685618404424,-0.000128018013250163,0.000959511202456708,1.05264988297333e-06,-0.000248918135813984,0.000466880979011137,-0.00112568064133788,0.864901216986661,0.00263406356937446,0.000481250921145674,-1.26416568086745e-15,6.15022301593985e-05,7.98951251647963e-05,-3.15426758222045e-05,-3.88532315744876e-16,9.78643634539487e-05,4.15734656252951e-05,0.000754256781474741,-5.06852645921071e-05,-5.97387169751048e-16,2.96739585800355e-05,-1.94556880473609e-16,1.21363429489054e-06,-3.38496552267518e-05,-5.4661728949001e-16,7.56820907141771e-07,0.000107481105655666,7.34887246981539e-06,1.1048267035859e-05,-3.95026692015868e-16,1.95924668926978e-16,0.000163475244874216,1.51056170691401e-16,1.18557249130897e-16,-1.32692800358937e-16,8.73558155227817e-16,1.16580549478606e-16,-8.94154388813494e-05,4.90656543943645e-16,-1.71067179560802e-17,-1.2575165269736e-05,4.30201026509347e-16,2.41869398278477e-18,7.48641207164556e-18,-1.97855529175542e-16,9.90686684834501e-17,-2.5768652631094e-05,-2.5500442878808e-06,8.75949739478277e-06,3.28099366928952e-16,-1.66007761971264e-16,-2.15769977494457e-16,5.24068068589166e-17,4.12582611391338e-16,5.86644318631771e-06,1.69373375322466e-16,3.66026653431106e-15,5.95851656462237e-07,1.76182802750541e-15,3.41676911151755e-17,-1.28303608040138e-15,1.916819676604e-15,-3.50973348830068e-15,-1.74750127473726e-15,2.41259518074034e-15,2.77052519316009e-15
"t21",-0.0863360636138856,0.0938300539860827,0.00701244234637502,0.0176800740732228,0.00626274793968188,-0.00296394047271372,-0.00142134823070953,0.00628146227930552,0.240996541275465,-0.00100007707990838,-0.00153317203737811,-0.0257742471096826,0.000865350400921642,-0.0892188741690067,0.00539752143386274,0.00108542500120918,0.00193289572279856,-0.299381676775935,2.32958040092417e-06,0.370983324771487,-0.00752503840104786,0.0354812527323923,0.000552203464485495,0.00954181717107284,2.28966072335296e-05,0.00270095056534437,0.0275553415750664,1.18264682756291e-05,0.00101749886960228,0.204386012612538,0.0124212223077446,-0.00386104841151379,-0.116174345741285,-0.000866390446656996,0.000234635787721547,-0.00161085275212521,-1.17080243463961e-06,0.000258224526009677,-0.000464409067621922,0.000749351068711501,-0.348815579501815,-0.000678509434711723,-1.73574199294378e-05,5.77979900510084e-16,7.17241141842287e-06,1.05787905344865e-05,-8.89682576097269e-06,-4.70403029618089e-16,3.45599632516254e-05,1.47796580662296e-05,0.000270625224834083,-1.93839061225095e-05,4.65770082970795e-16,1.22294512231207e-05,-0.707106781186547,6.16497003011696e-07,-1.7261192571669e-05,6.08246615123929e-15,4.03476144470145e-07,5.8404849475125e-05,4.11871993274003e-06,6.31923805293477e-06,9.83565597399365e-17,-9.35555135807471e-17,9.98882386342191e-05,-7.24871282659139e-16,4.46769963364372e-17,2.2039460848036e-16,-9.63148646050861e-16,3.49128488188201e-16,-6.10172952423075e-05,3.12454204292971e-16,-6.60989498210599e-16,-8.64076990852952e-06,7.68692856308873e-16,8.69373553385162e-17,1.28491778019397e-16,-6.75998910097531e-16,1.11859263926912e-16,-1.80104073754318e-05,-1.78804858697785e-06,6.19321309042651e-06,-1.42260994612927e-17,-3.71723973623004e-16,-3.3819031315166e-16,1.89415829996015e-16,4.52944075658761e-16,4.21450988130563e-06,4.40574860653195e-16,1.56819002228303e-15,4.33663541068696e-07,1.66136803603702e-15,-2.76471802631859e-16,-1.08550583833479e-15,1.84719836716644e-15,-3.57227394440488e-15,-1.7257791708339e-15,2.61825075697829e-15,2.68962177580184e-15
"t22",-0.0863360636138856,0.0938300539860826,0.00701244234637504,0.0176800740732228,0.00626274793968187,-0.00296394047271367,-0.00142134823070954,0.00628146227930549,0.240996541275465,-0.00100007707990835,-0.00153317203737805,-0.0257742471096826,0.000865350400921606,-0.0892188741690067,0.0053975214338628,0.0010854250012092,0.00193289572279833,-0.299381676775935,2.32958040095623e-06,0.370983324771487,-0.00752503840104769,0.0354812527323922,0.000552203464485679,0.00954181717107273,2.2896607234571e-05,0.00270095056534373,0.0275553415750664,1.18264682759752e-05,0.0010174988696026,0.204386012612539,0.0124212223077444,-0.00386104841151425,-0.116174345741284,-0.000866390446657659,0.00023463578772173,-0.00161085275212564,-1.17080243471028e-06,0.000258224526010429,-0.000464409067621265,0.000749351068710402,-0.348815579501814,-0.000678509434711385,-1.73574199292668e-05,5.01714327938146e-16,7.17241141922226e-06,1.05787905349703e-05,-8.89682576145338e-06,9.2431464507699e-16,3.45599632513574e-05,1.4779658059188e-05,0.0002706252248332,-1.93839061220692e-05,5.40935211970574e-17,1.22294512162241e-05,0.707106781186547,6.16496996813488e-07,-1.72611925551352e-05,-5.72787964036936e-15,4.03476148150622e-07,5.84048494754617e-05,4.11871993109199e-06,6.31923805454434e-06,3.34278952489155e-16,1.14611303526315e-16,9.98882386338755e-05,5.76922786348263e-16,2.23905362289485e-16,-2.6185851784251e-16,1.05441015173031e-16,-5.11294356025353e-16,-6.10172952419823e-05,7.40685153042528e-16,6.43522554967761e-16,-8.64076990970341e-06,6.09770181543617e-16,5.17148777397521e-16,-2.49226487042396e-16,-1.3476518559272e-16,8.21063345439971e-17,-1.80104073749547e-05,-1.78804858687609e-06,6.19321309010499e-06,1.09644404405572e-16,-8.40439433216608e-17,3.59477386370903e-16,-1.03752437444368e-16,8.34421646410991e-16,4.21450988133794e-06,-5.55560536016062e-17,1.97064586870965e-15,4.33663540957261e-07,1.49027378530047e-15,-1.5851060624672e-16,-1.59799521803166e-15,1.91727518760687e-15,-3.47635298839367e-15,-1.46781565331597e-15,3.25662899613775e-15,2.03736574433303e-15
"t26",-0.0866585563710862,0.0945761658369913,0.00708349592367615,0.017884887543238,0.0063588838230085,-0.00301818575212716,-0.00145040397391885,0.00643732776338683,0.248429976902018,-0.00103592547450631,-0.00162843635726471,-0.0278877068356343,0.000963244593759968,-0.101239861268663,0.00628592214845904,0.00154034902432828,0.0101982614872694,0.398830292622458,-5.32723052906839e-07,0.00668681055511926,-0.00392818482382571,0.0192615542439503,0.000323981450598462,0.00568899783707178,1.37358951228526e-05,0.00162140753209176,0.0163805861240544,6.95592413327701e-06,0.000481545892844615,0.0831390112617811,0.00489034975102361,-0.000955865536494304,-0.0107194165496111,0.483031804980242,0.000121747542858701,-0.000821653833802868,-5.15288010988672e-07,0.000109341564672483,-0.000191640570583621,0.000209007577517407,-0.00377872759989905,0.00025374439434545,0.000119582300451266,1.45366426984517e-16,2.16572895724576e-05,2.8984582604156e-05,-1.46014624206969e-05,1.71401759529676e-16,4.99092062238742e-05,2.12666902812495e-05,0.000387473728436256,-2.68276018760956e-05,-1.06397399119522e-15,1.6285907866989e-05,-6.4472139429681e-15,7.42329806672563e-07,-2.0747884771676e-05,-0.707106781186547,4.75373195422865e-07,6.82341753190166e-05,4.7475593869934e-06,7.22085423114853e-06,2.37412820660754e-15,2.12936822305678e-16,0.000111040800813733,-5.38821208567197e-16,1.76484090834748e-16,-3.61597808742312e-16,-3.44622501064847e-16,-1.14501743073435e-16,-6.49742835783914e-05,7.40739739859194e-16,-3.0658563493203e-18,-9.17775836557261e-06,4.45545718085384e-16,3.92734345872473e-17,2.03617080117914e-16,1.96551208458525e-16,4.02411638098003e-17,-1.90116989166686e-05,-1.88527202901452e-06,6.51066242249273e-06,-7.76357650986244e-17,-1.1512690445288e-16,-2.21544517707482e-16,-4.2414897492311e-17,6.95353942909753e-16,4.40576939220206e-06,2.71637089735853e-16,2.99413271953597e-15,4.51321921989806e-07,1.62090952509253e-15,-3.24163112344767e-16,-1.29985326255828e-15,1.83558019600133e-15,-3.34430747641133e-15,-1.92775526405182e-15,2.88102495854359e-15,2.68985427570513e-15
"t27",-0.0866585563710862,0.0945761658369912,0.00708349592367612,0.017884887543238,0.00635888382300851,-0.00301818575212717,-0.00145040397391881,0.00643732776338687,0.248429976902018,-0.0010359254745063,-0.00162843635726475,-0.0278877068356342,0.000963244593760018,-0.101239861268663,0.00628592214845905,0.00154034902432829,0.0101982614872694,0.398830292622458,-5.32723052925237e-07,0.0066868105551193,-0.00392818482382557,0.0192615542439502,0.000323981450598302,0.00568899783707156,1.37358951228858e-05,0.00162140753209172,0.0163805861240544,6.9559241332022e-06,0.000481545892844602,0.0831390112617813,0.00489034975102375,-0.000955865536494644,-0.0107194165496112,0.483031804980241,0.000121747542858975,-0.000821653833802928,-5.15288011057245e-07,0.000109341564672422,-0.000191640570583737,0.000209007577517139,-0.0037787275998984,0.000253744394345359,0.000119582300450447,-1.44888296567705e-16,2.16572895725021e-05,2.89845826053649e-05,-1.46014624212261e-05,-1.10978696298262e-16,4.9909206224455e-05,2.12666902793988e-05,0.000387473728434703,-2.68276018742885e-05,5.99186886895256e-16,1.62859078680741e-05,6.50943569909575e-15,7.42329807834501e-07,-2.07478847729546e-05,0.707106781186548,4.7537318371246e-07,6.82341753147915e-05,4.74755938509701e-06,7.22085423660457e-06,-2.05288610409699e-15,4.77000519755117e-18,0.000111040800812251,5.87017032489591e-16,-1.37534931619565e-16,2.78515153893957e-16,-1.22577896155001e-16,1.35298437412275e-16,-6.49742835788073e-05,5.53323070004975e-17,3.38674668586588e-16,-9.17775836511243e-06,4.95537602879513e-16,2.19684676083734e-16,-2.54254093432666e-16,-6.15299378298639e-16,-4.09053325178719e-17,-1.90116989174968e-05,-1.88527203008863e-06,6.51066242148957e-06,3.07574005332269e-16,-3.13149585950669e-16,7.60001993432006e-17,2.1432417695244e-16,5.73223262638013e-16,4.40576939273397e-06,5.65313786833433e-17,2.24126273096203e-15,4.51321921587238e-07,1.84942815410419e-15,3.14552002178861e-17,-1.4443575259169e-15,1.86916950300211e-15,-3.6634419621082e-15,-1.71610646555825e-15,2.78388044388888e-15,2.54153540119699e-15
"t18",-0.0863908242016343,0.0940006049029838,0.00703052299816168,0.017735441735854,0.00629228797305276,-0.00298198806198514,-0.00143150470444579,0.00634076721426972,0.244096583239868,-0.00101596315412227,-0.0015847408157906,-0.0270214980669661,0.000928409969299196,-0.0972946055535161,0.00602088374397237,0.00145463433263199,0.00947305295909439,0.367357219197357,-4.87514851779318e-07,0.0059846472577157,-0.00349886169141328,0.016846583989771,0.000274802021702263,0.00474162900626984,1.12642605181375e-05,0.00132390155732643,0.0127340298006898,5.29168100111318e-06,0.000287485028691186,0.0441360233932628,0.00253902372094306,-0.000392941847817995,-0.000127947969016824,-0.515619710478956,0.000312774575945497,-0.00202393250057145,-1.08105135878284e-06,0.000224403952878459,-0.000388370849748579,0.000383328007164782,-0.00637779972549752,0.000408338642424287,0.000178565023010153,2.40295216771401e-16,3.06578101467667e-05,4.08005437397452e-05,-1.94709877650287e-05,-7.78078301359519e-16,6.4824830102425e-05,2.75979715189027e-05,0.000502210539908125,-3.44650888638414e-05,0.707106781186548,2.0689501647476e-05,-8.68054623547053e-17,9.09116839382586e-07,-2.53902667850931e-05,-1.36061523767332e-15,5.76531389532428e-07,8.24237104377182e-05,5.69673341655233e-06,8.62549817922545e-06,5.92012567192083e-16,-5.28822338862036e-16,0.00013061276749174,1.273991610638e-16,1.25333238922824e-16,-4.83155695699588e-16,2.95992376007182e-16,2.00233959794067e-16,-7.42758007947097e-05,3.91696805922159e-16,-1.7327866234214e-16,-1.0471608020962e-05,3.68382413399816e-16,2.2322231879163e-16,-3.35388788658137e-16,1.87820821632704e-16,2.37619070743877e-16,-2.15885934537169e-05,-2.13884928723333e-06,7.36887450718918e-06,5.18274490227037e-17,-3.61426401536085e-17,-1.2064560542404e-16,2.53380351966048e-17,3.6736581636484e-16,4.96349192140688e-06,1.69150503861238e-16,2.62984078958084e-15,5.06509960823586e-07,1.58448919356436e-15,-5.30236530661743e-17,-1.29031049397502e-15,1.76162562168946e-15,-3.44958709191449e-15,-1.37741945453483e-15,2.82822097975607e-15,2.18561528618349e-15
"t19",-0.0863908242016343,0.0940006049029838,0.00703052299816167,0.0177354417358541,0.00629228797305276,-0.00298198806198512,-0.0014315047044458,0.00634076721426968,0.244096583239868,-0.00101596315412222,-0.00158474081579057,-0.0270214980669661,0.000928409969299242,-0.0972946055535161,0.00602088374397245,0.0014546343326321,0.00947305295909437,0.367357219197356,-4.87514851774509e-07,0.00598464725771589,-0.00349886169141338,0.0168465839897711,0.000274802021702342,0.00474162900626983,1.12642605182552e-05,0.00132390155732652,0.0127340298006897,5.29168100106274e-06,0.000287485028690946,0.0441360233932628,0.00253902372094287,-0.000392941847818243,-0.000127947969016102,-0.515619710478957,0.000312774575945605,-0.00202393250057171,-1.08105135830539e-06,0.000224403952877975,-0.000388370849748657,0.000383328007165142,-0.00637779972549805,0.000408338642423679,0.000178565023008768,-2.27332283618397e-16,3.06578101483663e-05,4.08005437373078e-05,-1.94709877650558e-05,7.41539463588541e-16,6.48248301084141e-05,2.7597971520236e-05,0.000502210539911072,-3.44650888933975e-05,-0.707106781186547,2.06895016478832e-05,-5.37833566108996e-16,9.09116839151648e-07,-2.53902667858025e-05,5.96152843227987e-16,5.76531389958395e-07,8.24237104386465e-05,5.6967334164472e-06,8.62549818082862e-06,-1.15658869658991e-15,5.5364511014788e-16,0.000130612767492021,-1.01107759320117e-16,-1.74406815037595e-16,2.15287343815178e-16,6.2905928339916e-16,-3.82633128136637e-16,-7.42758007938808e-05,5.23434763955751e-16,1.30297945791997e-16,-1.04716080206073e-05,6.53684826935819e-16,1.10465292858752e-16,2.60354343331459e-16,-7.90563218818177e-16,-1.62958630730222e-16,-2.15885934534479e-05,-2.13884928754583e-06,7.36887450765829e-06,2.08496369869231e-16,-2.73465724556657e-16,1.97141476602532e-16,6.00325047160278e-17,4.86329583747314e-16,4.96349192213981e-06,2.24661655160903e-16,1.86656246015104e-15,5.06509960888021e-07,2.09067471347405e-15,-7.2105611301309e-17,-1.18488962456664e-15,1.92640089240557e-15,-3.64715380294958e-15,-1.78213913024727e-15,2.30086504305912e-15,2.46317104626623e-15
"t13",-0.0937341323839933,0.118349376237132,0.00992982612324924,0.0276590292400027,0.0148208518909762,-0.0150747044349808,0.155034908676603,-0.0106389224973053,-0.116410767488691,0.000201916995613085,-0.000212257842784844,-0.00487985043319885,0.000194787424939854,-0.0225607024378589,0.00193362053690704,-2.62885615782041e-06,-0.00075852572822218,-0.00106200666202081,-3.74439433424871e-07,-0.000446555662915392,0.0122697667634671,-0.109779017483964,0.00144400415892053,0.014291743457943,2.59416441164219e-05,0.00289881056726427,0.0281128820402719,0.000108805016918654,-1.97874086818146e-05,-0.00132049001315552,6.27505556684976e-06,-0.000542281788995298,0.000572251361044148,-0.000553675829323054,-0.0200770061630811,0.882492152861959,-1.83562985285503e-05,0.00324810338886678,-0.00516257638252019,0.00282353315250565,-0.00206560454278855,-0.36506896266544,0.000866987891766201,-5.96707094348988e-17,0.00011465199128175,0.000148997404249754,-5.74920414680258e-05,-4.49675786079949e-16,0.0431656683015762,5.90915892978367e-05,0.00121642267546782,-8.6328555765196e-05,4.01888877240783e-16,5.00468803938582e-05,4.1904607609772e-16,1.91877426258128e-06,-5.34322274833131e-05,3.28095738127662e-17,1.17173131739728e-06,0.000164917369131841,1.11032623961123e-05,1.65135157659707e-05,5.47122081610347e-16,2.82168122849215e-16,0.000235039314948674,7.83663053108589e-18,2.21367887026625e-16,2.38984494952093e-16,4.21336197971122e-16,-5.21438634723221e-18,-0.00788086921070783,5.05042131339463e-16,-8.31738897941188e-17,-1.64382608301549e-05,3.54263302904258e-16,7.05548160700636e-17,-2.64106473785914e-16,-2.10816799607907e-16,-1.84055345141364e-17,-3.33874769684294e-05,-3.29550340528304e-06,1.12415616611027e-05,3.59625632228238e-16,-2.36129889867174e-16,1.38430518500413e-16,-3.4542022705432e-17,4.30415768896811e-16,7.4219731867372e-06,2.47244587475581e-16,1.65839564303383e-15,7.44677576410473e-07,1.55728703885148e-15,-2.42743722395103e-17,-1.26880950340578e-15,1.80861644195102e-15,-3.53340365047801e-15,-1.62748065844108e-15,2.78096500098765e-15,2.73142250962019e-15
"t72",-0.0994163466700704,0.133339994586852,0.0115203479447445,0.0327016949860529,0.0183672447700665,-0.0193504263494705,0.203983237811705,-0.0146947126062317,-0.171350411954531,0.000312538286045337,-0.000417354368633899,-0.0112956400208478,0.000573193440044829,-0.0779969631588876,0.00834382330520149,0.000257651141237877,0.0026461201636151,0.00249350046460188,7.03764000400027e-07,0.000500769931035015,-0.0126702214928241,0.0873470714925719,-0.000832669899242604,-0.00713515047173752,-1.15303156444227e-05,-0.00125191816073477,-0.00921331062325209,-3.22698217895106e-05,2.88096281212649e-06,0.000154923398656552,-7.10274713822123e-07,4.50221450749091e-05,-1.66941360712647e-05,-7.74940389933318e-06,-0.00281055310167049,0.130963064440326,-3.70535130554972e-06,0.000695731151232855,-0.00114762617232973,0.00096382446095471,-0.00198224559393235,0.561068921220325,-0.000122068236861876,-3.03617640345276e-16,-1.38732304735227e-06,-3.76748813040596e-07,-5.03627008598301e-06,-8.53989701630237e-17,0.206822190757966,-6.02992780006916e-05,-0.000387442411217927,-2.17075189178324e-06,4.21482535003459e-16,3.73159063146019e-06,3.14916264787514e-16,2.6577929500821e-07,-7.45891367322924e-06,1.65774407483728e-16,1.7850469055986e-07,2.60608807529394e-05,1.86062413513749e-06,2.87568101105697e-06,5.81572523996111e-16,2.72470771760018e-16,4.6435377350928e-05,1.13393056426447e-15,2.99877145109323e-17,-1.76264555880868e-16,3.71387361416789e-16,1.14279571340481e-15,-0.0165545044946642,1.49680994628754e-15,1.09900661490435e-15,-3.83282590651504e-06,-6.39867294668533e-16,-7.04873569310195e-16,-2.77416580405814e-15,-3.2700923095622e-15,-1.95018880970603e-16,-8.46450532914062e-06,-8.43244319005829e-07,2.94076171785234e-06,-3.94204659044826e-15,-2.26706648841102e-15,-0.707106781186548,5.44657639830647e-14,4.67203844379486e-15,2.02027325221647e-06,1.63338928089125e-15,3.05311331771918e-15,2.09216493598067e-07,1.88947514334469e-15,2.0681403751137e-16,-1.16057158659842e-15,1.41067365738457e-15,-4.16426817864138e-15,-2.73352383740209e-15,2.91811541081173e-15,2.53890948799663e-15
"t73",-0.0994163466700704,0.133339994586852,0.0115203479447445,0.0327016949860529,0.0183672447700665,-0.0193504263494704,0.203983237811705,-0.0146947126062318,-0.171350411954531,0.000312538286045408,-0.000417354368633953,-0.0112956400208479,0.000573193440044779,-0.0779969631588876,0.00834382330520146,0.000257651141237749,0.00264612016361488,0.00249350046460185,7.03764000409744e-07,0.000500769931035012,-0.012670221492824,0.0873470714925717,-0.000832669899242466,-0.00713515047173746,-1.15303156444e-05,-0.00125191816073475,-0.00921331062325216,-3.2269821789582e-05,2.88096281256061e-06,0.000154923398656548,-7.10274714189885e-07,4.50221450746667e-05,-1.66941360716347e-05,-7.7494038991779e-06,-0.00281055310167068,0.130963064440326,-3.70535130539249e-06,0.000695731151232757,-0.00114762617233001,0.000963824460954387,-0.00198224559393193,0.561068921220325,-0.000122068236861452,-1.3552146090387e-16,-1.38732304714456e-06,-3.76748813480624e-07,-5.03627008586538e-06,-3.71628343560793e-16,0.206822190757965,-6.02992780013958e-05,-0.000387442411217709,-2.17075189094812e-06,9.7659404728581e-16,3.73159063116641e-06,-3.16739919539567e-16,2.6577929487636e-07,-7.45891367295462e-06,-3.61581529839821e-16,1.78504691026267e-07,2.60608807543891e-05,1.86062413484301e-06,2.87568101299137e-06,-1.81234587276176e-15,-5.71266887061722e-17,4.64353773502975e-05,-9.70161134884439e-16,7.67563686109661e-17,-3.4062960523124e-16,-1.75191417310462e-15,-1.10540591297506e-15,-0.0165545044946694,-4.90040042414386e-16,2.66139579093859e-18,-3.83282590242427e-06,1.23952358399371e-15,6.86374657548162e-16,2.13465507463913e-15,2.23592000318826e-15,7.41490386265127e-16,-8.46450533200465e-06,-8.43244310335877e-07,2.94076171347356e-06,4.28342894945558e-15,1.76917358640603e-15,0.707106781186548,-5.37671031300805e-14,-3.55976904893096e-15,2.02027326420687e-06,-1.239312761275e-15,2.4980018054066e-16,2.09216494735076e-07,1.44830558230485e-15,-2.58091854681437e-16,-1.7052694508827e-15,2.24729830722398e-15,-2.76779661001678e-15,-8.37766454832523e-16,2.6960708058867e-15,2.25094420498598e-15
"t61",-0.100327398569641,0.135757465515267,0.011777522654614,0.0335183984646101,0.0189438717475956,-0.0200475701928368,0.211979075023615,-0.0153595671661762,-0.180395123213015,0.000330807215299505,-0.000451653477589417,-0.0123758017209414,0.00063740270935226,-0.0874430538513367,0.00944120679848826,0.000303049018210845,0.00325170572135937,0.00313179332186467,8.98644171355988e-07,0.000675715831263576,-0.0172958460218497,0.124475880683451,-0.00127148633282297,-0.0113141234937135,-1.8913406427996e-05,-0.00207186990796366,-0.0167861506243379,-6.11879720403791e-05,7.90702560162383e-06,0.000489820943000849,-2.30186655940379e-06,0.000183053235944213,-0.000165785342031823,0.000142583601214875,0.00431659205929703,-0.189750489899095,4.05568214752702e-06,-0.00072576984185389,0.00116295182225668,-0.000741628022177643,0.00109944964266287,-0.238925925924264,2.58971389675791e-05,3.61917016844473e-16,5.85648171124719e-08,8.46329708824829e-09,-1.2301445674048e-06,-2.82708886028429e-16,0.1944932003129,-6.26862565947066e-05,-0.000473720673326369,5.71258937322842e-06,1.55715880944416e-15,-1.29084176227999e-06,-1.2263914360586e-16,2.65778213002774e-08,-7.69911380734953e-07,7.71305301431035e-17,2.41494166910011e-08,3.80771979559528e-06,2.96234033597343e-07,4.71867310641348e-07,8.68900383434951e-16,1.83087649750177e-16,6.56580195831141e-06,5.74375933233731e-16,-9.53866937605462e-16,-1.2230191579748e-15,-5.15973868059409e-15,2.29490071863712e-15,0.852471297834419,-6.86276069386199e-16,-1.2001976370196e-14,-1.7085158114444e-05,1.44077171836895e-14,5.06329042333724e-15,6.27949179874353e-15,1.01561367390302e-15,-1.91769721091956e-15,-1.34481946514738e-05,-1.23162298292178e-06,3.65248998697519e-06,-1.84752576881721e-15,-5.73225527959086e-16,3.40827052790531e-15,-2.535670635579e-15,1.0762896593466e-15,2.08045571833157e-06,-4.42998285782019e-16,4.65599780952175e-15,1.9697969642058e-07,2.05789881227577e-15,-8.02231685648677e-16,-1.1092463513221e-15,1.73669474480245e-15,-3.84644110550687e-15,-1.52168700947119e-15,2.55314933708074e-15,2.61187487461234e-15
"t95",-0.100675222410328,0.13666799955314,0.0118737929047031,0.0338229528242385,0.0191569526720444,-0.0203035389606648,0.214902238149062,-0.0156006727129378,-0.183643137691424,0.000337320779170289,-0.000463539800845619,-0.01274454576275,0.000658944367324817,-0.0905830079033041,0.00980226806694197,0.000317395439258025,0.0034353529196064,0.00332170900912058,9.55832952627915e-07,0.000724905715344487,-0.0185855858152669,0.134527300680115,-0.00138531618164536,-0.0123754327086401,-2.07551839002898e-05,-0.0022754899018037,-0.0185838579712728,-6.7938388034276e-05,8.95025848049176e-06,0.000557164517547831,-2.62032366192544e-06,0.000209604489846726,-0.000192123425650871,0.000167030153020329,0.00520620596949661,-0.229183977775725,4.934849907963e-06,-0.000884284888517035,0.00141811373019484,-0.000911684094109953,0.00136513307264786,-0.299044361551715,3.3018244168962e-05,4.24698791987595e-16,7.628259687918e-08,1.10558030842303e-08,-1.67145399443016e-06,-1.13289912864238e-15,0.272805261213686,-8.80416989619363e-05,-0.000666565111353624,8.15600084423073e-06,1.30338574496371e-15,-1.88417576090072e-06,1.28049139022191e-16,4.40907426545989e-08,-1.28268549452393e-06,-6.61145826768026e-18,4.27218863505982e-08,6.9688020933463e-06,5.8223341355083e-07,9.87959465292849e-07,-1.7711655505704e-16,-1.86813820955745e-16,2.12070996382564e-05,-4.61599915451961e-16,2.02764907771725e-16,4.19839292631543e-16,2.28868230051053e-15,-1.22169269325015e-15,-0.367594006568685,8.95182823911147e-16,4.93841370142676e-15,4.4550483239391e-06,-5.09878766136684e-15,-1.84050255564996e-15,-8.53528605177964e-16,-1.15952970843161e-15,1.20814539355953e-15,-5.40190605093026e-07,-1.0339864266006e-07,6.68955033941019e-07,5.12502247274958e-16,2.02898450073336e-16,-4.55410420486212e-17,1.70334805006109e-15,1.2864311036584e-15,6.91766300305333e-07,-9.54943026328626e-16,-7.84788900531908e-15,8.38715945370324e-08,3.28787162911777e-15,4.29972711710741e-15,-3.18066106125617e-15,4.16255290577271e-15,-6.082927088416e-15,-0.707106781186549,1.41331533989584e-13,-1.12735763315109e-15
"t96",-0.100675222410328,0.13666799955314,0.0118737929047031,0.0338229528242385,0.0191569526720444,-0.0203035389606649,0.214902238149062,-0.0156006727129378,-0.183643137691424,0.000337320779170257,-0.00046353980084562,-0.01274454576275,0.000658944367324781,-0.0905830079033041,0.00980226806694198,0.000317395439258167,0.00343535291960642,0.00332170900912074,9.55832952623204e-07,0.000724905715344481,-0.018585585815267,0.134527300680115,-0.00138531618164531,-0.0123754327086401,-2.07551839003647e-05,-0.00227548990180369,-0.0185838579712728,-6.79383880342311e-05,8.95025848028836e-06,0.000557164517547843,-2.62032366193238e-06,0.000209604489846572,-0.00019212342565098,0.000167030153020673,0.00520620596949658,-0.229183977775725,4.9348499080005e-06,-0.000884284888517373,0.00141811373019482,-0.000911684094110294,0.00136513307264804,-0.299044361551714,3.30182441687895e-05,6.80344952763342e-16,7.62825964911237e-08,1.10558031356681e-08,-1.67145399438439e-06,-1.00799906212468e-15,0.272805261213687,-8.80416989621806e-05,-0.000666565111353821,8.15600084443927e-06,9.98074459981993e-16,-1.88417576101785e-06,1.00291466133545e-16,4.40907428819815e-08,-1.28268549426892e-06,-4.50697886054432e-16,4.27218859582256e-08,6.96880209193914e-06,5.82233413409241e-07,9.87959464181363e-07,-4.19977841896854e-16,5.60474663602841e-17,2.12070996376276e-05,-2.56437878867085e-16,3.97833719572141e-16,3.92083717018776e-16,1.16458148792343e-15,-8.69543736101754e-16,-0.367594006568685,9.48150336177169e-16,5.49352631247555e-15,4.4550483229466e-06,-5.80579113040836e-15,-2.45806475391638e-15,-5.41852732386285e-15,-7.64012755908903e-16,4.53094205365959e-16,-5.40190601226327e-07,-1.03398647615646e-07,6.68955034629611e-07,1.36739154364214e-15,-6.97306108361861e-17,-2.03222668549854e-15,2.0572316391607e-15,-7.41220069128974e-16,6.91766297491612e-07,1.91775814223031e-15,7.09848846369709e-15,8.38715974871239e-08,-3.06265327968881e-16,-3.74938980911913e-15,-4.76816303312704e-16,-3.34956576176816e-16,-4.1528794228089e-16,0.707106781186546,-1.36057688713011e-13,5.82401356741914e-15
"t59",-0.0998140025324456,0.13439678660094,0.0116328519041789,0.0330591331068654,0.0186198884857096,-0.0196561156002087,0.207491218569283,-0.0149867028793774,-0.175327767918099,0.000320579675271078,-0.000432512141356348,-0.0117740602753204,0.000601709022835682,-0.0821981606665036,0.00883270138845593,0.00027801544136287,0.00291984477957079,0.00278307950008081,7.92421168329831e-07,0.00058107267411114,-0.0147973161406128,0.104533370679918,-0.00103782641216579,-0.00909899114821027,-1.50153359456643e-05,-0.00163939874528413,-0.0128338451898809,-4.61574537835869e-05,5.37609866566513e-06,0.000322763138390724,-1.50913307175177e-06,0.000115146075225383,-9.45133235353372e-05,7.28898154469607e-05,0.00137595519367204,-0.0584116714499755,1.00910037943949e-06,-0.000172442639970824,0.000268268612324177,-0.000118102406856188,6.82005783193821e-05,0.00565399101050279,-6.58016185861691e-06,-5.59734858278572e-16,-3.47253799397692e-08,-5.47189449830366e-09,2.01836187357687e-06,1.63136654705368e-15,-0.60245091815896,0.000199322428562564,0.00156336615167729,-2.54616339751262e-05,-2.40760812213325e-15,9.58515823948441e-06,1.1380053375283e-16,2.97285819177589e-07,-8.28988203905051e-06,4.01699922563225e-16,1.86175467834669e-07,2.65841474902304e-05,1.84101295651914e-06,2.79808035789319e-06,3.59435465388296e-16,3.95471796052763e-16,4.34559009162801e-05,-5.96873459183409e-17,-1.86116943853689e-16,4.24859165970249e-16,5.00705307825098e-15,-2.56927022978512e-16,-0.0348243780695152,3.46557526500708e-15,7.85604056736936e-16,-3.10363940548858e-06,2.99975967611062e-15,1.32734888942376e-15,0.707106781186548,-1.16698362202143e-14,-1.47256894110193e-14,-7.41012418043625e-06,-7.40667664655942e-07,2.59787727001086e-06,1.40720776008344e-15,-2.7772170717973e-16,-3.16057197572723e-15,-4.8110164710323e-15,-2.27897561759e-16,1.79547505168349e-06,-5.66887384402068e-16,5.75234304633909e-15,1.86519042075225e-07,1.42575625363675e-15,-2.33086665825163e-15,-7.38470525868256e-16,1.7253546317935e-15,-3.3682423516346e-15,8.54051959758077e-16,2.98998338277245e-15,2.64306268190994e-15
"t60",-0.0998140025324456,0.13439678660094,0.0116328519041789,0.0330591331068653,0.0186198884857095,-0.0196561156002087,0.207491218569283,-0.0149867028793774,-0.175327767918099,0.000320579675271056,-0.000432512141356349,-0.0117740602753203,0.000601709022835691,-0.0821981606665035,0.0088327013884559,0.000278015441362854,0.00291984477957108,0.00278307950008082,7.92421168343474e-07,0.000581072674111124,-0.0147973161406128,0.104533370679918,-0.0010378264121657,-0.00909899114821031,-1.50153359456368e-05,-0.00163939874528415,-0.0128338451898809,-4.61574537835135e-05,5.37609866567727e-06,0.000322763138390688,-1.50913307184197e-06,0.000115146075225393,-9.45133235353922e-05,7.28898154469747e-05,0.00137595519367254,-0.0584116714499755,1.00910037946118e-06,-0.000172442639970051,0.000268268612324488,-0.000118102406856208,6.82005783197186e-05,0.00565399101050293,-6.58016185859399e-06,-1.06126078580161e-15,-3.47253795552196e-08,-5.47189400755479e-09,2.018361873482e-06,1.65218322879867e-15,-0.602450918158962,0.000199322428561991,0.0015633661516771,-2.5461633975138e-05,-2.81006396856234e-15,9.5851582394557e-06,-4.3610680799513e-16,2.9728581909621e-07,-8.28988203917133e-06,1.65913108465027e-17,1.86175469140407e-07,2.65841474926971e-05,1.8410129568004e-06,2.7980803589834e-06,-1.33226001745677e-16,-5.30870540123804e-16,4.34559009172811e-05,1.69803335702456e-16,6.33158362053063e-16,-4.2775742247326e-16,-3.43758080276651e-15,2.06287324792606e-17,-0.0348243780695044,-2.35743920440007e-15,-1.45942444038649e-16,-3.10363941139054e-06,-3.05175069618539e-15,-1.14983623466117e-15,-0.707106781186547,1.17905640688961e-14,1.48033729047138e-14,-7.41012424572647e-06,-7.406676452472e-07,2.59787726933612e-06,-1.26466297603338e-15,-1.93026361394542e-16,1.82849771027252e-15,3.82790643933207e-15,1.27492972474807e-15,1.79547505220738e-06,1.02905820512655e-15,3.58740814832004e-15,1.86519044896167e-07,2.01499563996272e-15,1.56879171552993e-15,-9.49356509105013e-16,1.95760106789985e-15,-4.14997956504647e-15,-3.54906357599336e-15,2.40711629484424e-15,2.36897659335025e-15
"t10",-0.0881966950601932,0.103379731463817,0.00832349379610039,0.0225299576798917,0.0111515930103853,-0.0105964868158824,0.103340563820507,-0.00628765467594116,-0.0563115440846662,7.91416754760453e-05,2.93232154589529e-05,0.00293041352157367,-0.000284437015370582,0.0491799852816652,-0.00656795690122192,-0.0003851831622101,-0.00638245633960734,-0.00729030733178676,-2.34962512481608e-06,-0.00246714873535799,0.067227767554957,-0.601279289171065,0.00844100051914515,0.0886594048355021,0.000171852638484202,0.0195738735775081,0.246447022399542,0.00110101346862456,0.000403651520122131,0.0127919560333822,-5.58225579542909e-05,0.00282381598484201,-0.00137001075291335,0.000743996816403437,0.00373008970288214,-0.13573287785427,9.50141419257108e-08,6.32955662086375e-05,-0.000176978309073265,0.000494179420643114,-0.000883273706554979,0.022999869716339,0.000332476816319701,0.707106781186548,5.94609911122592e-05,7.9346881045728e-05,-3.84216828937882e-05,8.65201591451349e-16,0.00241934285194903,5.36621705221177e-05,0.000984212884926557,-6.77588918991661e-05,-1.81266863749103e-16,4.0589640061599e-05,-2.83112088853922e-17,1.75523221501756e-06,-4.89978760399734e-05,1.14781522208153e-18,1.10585171772688e-06,0.000157625229891114,1.08355302484505e-05,1.63411169473003e-05,2.26184831697683e-16,-2.55934898715031e-16,0.000243605739332357,4.07897258958513e-17,8.04136335542233e-17,-8.72009443586426e-17,3.37465254498642e-16,6.22461117188348e-17,-0.00167703730496099,7.22068175673741e-16,1.42560118741628e-16,-1.86915863664425e-05,5.11518167865027e-16,8.25740003720203e-17,-2.91454683044153e-16,-3.7028516253421e-16,1.11951939910703e-16,-3.82557756000823e-05,-3.78405364298265e-06,1.2981232184717e-05,2.91222965004234e-16,-7.53105946869037e-17,-1.87041599347885e-16,2.54537364460424e-16,5.52024412495189e-16,8.66681150230196e-06,2.26116525897575e-16,1.83880688453542e-15,8.77572141619599e-07,1.69678911424328e-15,1.72615196191953e-16,-1.36738225544452e-15,1.81811808930001e-15,-3.44512961512721e-15,-1.66270737741008e-15,2.98446263175106e-15,2.25646078982752e-15
"t11",-0.0881966950601932,0.103379731463817,0.00832349379610039,0.0225299576798917,0.0111515930103853,-0.0105964868158824,0.103340563820507,-0.00628765467594122,-0.0563115440846661,7.91416754759846e-05,2.93232154589278e-05,0.0029304135215737,-0.000284437015370589,0.0491799852816652,-0.00656795690122192,-0.000385183162210114,-0.00638245633960763,-0.00729030733178673,-2.34962512478097e-06,-0.00246714873535793,0.067227767554957,-0.601279289171065,0.00844100051914526,0.0886594048355025,0.000171852638484232,0.0195738735775081,0.246447022399542,0.00110101346862446,0.000403651520122071,0.0127919560333823,-5.58225579548044e-05,0.00282381598484144,-0.00137001075291355,0.000743996816403448,0.00373008970288084,-0.135732877854271,9.50141427993812e-08,6.32955662075045e-05,-0.000176978309073605,0.000494179420644514,-0.00088327370655691,0.022999869716338,0.000332476816309406,-0.707106781186547,5.94609911145599e-05,7.93468810368322e-05,-3.84216828951128e-05,-1.00829976262996e-15,0.0024193428519507,5.36621705223871e-05,0.000984212884928133,-6.77588919000572e-05,1.51800043639606e-16,4.05896400618485e-05,-1.3239461747695e-16,1.75523221500739e-06,-4.89978760405975e-05,-1.0987448725409e-16,1.10585171758391e-06,0.000157625229892132,1.08355302488657e-05,1.63411169471461e-05,-2.87293317192769e-16,2.1590988675215e-16,0.000243605739332673,-7.06839918362078e-17,2.32871597918024e-16,-2.15570481582099e-16,-2.73157409044325e-16,-1.3204291769817e-16,-0.00167703730496106,4.11624600064502e-16,-1.62751213103326e-16,-1.86915863669911e-05,7.12404773378384e-16,2.21677139128692e-16,2.22023553522323e-16,-2.55468152467937e-16,8.46484055715422e-17,-3.82557756003867e-05,-3.78405364319844e-06,1.2981232184582e-05,8.12080777126763e-17,-1.83486654123315e-16,4.88807411339764e-17,-1.6179626977452e-16,6.06446510859414e-16,8.66681150212154e-06,1.94891504000709e-16,2.85188539450587e-15,8.77572141613073e-07,1.68524926355631e-15,-8.41238782663087e-17,-1.19128550271789e-15,1.9969566965173e-15,-3.49250186492435e-15,-1.56284425771226e-15,2.65139572436351e-15,2.48544430211494e-15
"t3",-0.0789793463790167,0.0793198986917633,0.00578406455538723,0.0145062089072005,0.00555674839204687,-0.00389443164109052,0.026964449914694,-1.60107773533591e-05,0.027642224193472,-8.8318948678342e-05,0.000326362202960624,0.0119562343116199,-0.000795908689987706,0.122287467689675,-0.0147664244436833,-0.000666248915909889,-0.00902274145111815,-0.00936339938197545,-2.79726783006157e-06,-0.00215836489310646,0.0541022943830216,-0.313792070907302,-0.000452351613216149,-0.0417548814531122,-0.00016242325110109,-0.0213418702624176,-0.922188636976972,-0.00683106773921915,0.00268052989642223,0.0677033511698181,-0.000287371132311788,0.0122140608062078,-0.00468974536958398,0.00217415621414042,0.00260738742996447,-0.0357630648218986,-6.68218768186195e-06,0.00139547976995296,-0.00242025626426698,0.00236591038768301,-0.0031680462209087,0.00660391231966078,0.00106109263262054,-7.98975092308579e-17,0.00017435336318066,0.000230824867641129,-0.000103854936663214,-2.14948383512911e-17,0.000776568394635506,0.000141718027579155,0.00257574188492608,-0.000174461483344853,9.03818253627553e-17,0.000102857260632745,-5.5091151705873e-17,4.2174554094964e-06,-0.000117596491501769,-8.33156651379873e-17,2.61766699456194e-06,0.000370781947510732,2.52187199878006e-05,3.77540809866592e-05,1.41558337363645e-16,-9.07831325247574e-17,0.000548325762435557,-2.15317006502054e-16,2.12446901608778e-16,-2.6766031918671e-16,-3.58526331657368e-17,4.94194311424368e-17,-0.000606338704664607,4.67667836398844e-16,3.67747430354207e-16,-3.97865107025497e-05,5.24089528875151e-16,-1.4616453427835e-16,9.15749183134957e-19,-2.59214605438807e-16,7.23116787953863e-17,-8.05569568904697e-05,-7.95261050818395e-06,2.71424669067651e-05,4.00835174564527e-17,-2.40560509704405e-16,-1.02056918564327e-16,1.53436925029716e-16,5.44091031099894e-16,1.79389989186201e-05,1.4309972464694e-16,2.34187669256869e-15,1.80092629067921e-06,1.5797141089833e-15,1.43629378639161e-16,-1.3313614386231e-15,1.92997846645701e-15,-3.44662461629151e-15,-1.63073908128418e-15,2.46477996388915e-15,2.60196612423113e-15
"t64",-0.0823466065754543,0.0858784619531849,0.00635338268997289,0.0160446031312753,0.00615243735013708,-0.00415189559848623,0.0260697031300717,0.000713364408209717,0.0499743002129248,-0.000154536655135939,0.00067439306179608,0.0290442427290988,-0.00251170337875464,0.46636981415374,-0.0745489011828612,0.00725801036328588,0.0198897035728829,0.0146598095960608,3.6268759037864e-06,0.00301471047905587,-0.493034514742324,0.0492008697138805,0.000243384330955228,0.00761272930191122,2.15767721171626e-05,0.00262821948679053,0.0456149440213997,0.000192745656770941,0.000197205119848861,0.00624063734710668,-2.72629210653734e-05,0.00139569252002774,-0.000690121224357684,0.000371361984493899,0.000528457910480177,-0.00609630940357944,-1.5656460404486e-06,0.000327912604145847,-0.000569990195068588,0.000572974048009435,-0.000794251973681328,0.00133240486544607,0.000287555991125049,-1.1679524080657e-17,4.94604305714887e-05,6.58370096470827e-05,-3.14527705148788e-05,4.55900875341697e-17,0.000196073137256457,4.45277653302579e-05,0.000810563969538961,-5.56164075808735e-05,2.99746430673232e-16,3.33642114170231e-05,-1.12703263985394e-16,1.45994994750391e-06,-4.07691500238716e-05,1.09784654726535e-16,9.24245641029859e-07,0.000132028131808857,9.11169789432461e-06,1.37809665770827e-05,4.32797055957744e-16,-2.07890149154456e-16,0.000207751462130877,1.21390320705142e-15,6.37832839221966e-16,-9.09142411501985e-16,8.43423219841121e-16,9.98204458913742e-16,-0.000205913405226277,-8.30423537664898e-16,4.03633863332285e-15,-1.64389120363872e-05,-3.93866200192679e-17,2.67207508258348e-15,-1.67447931372326e-14,9.51454161025941e-14,-0.707106781186547,-3.3801530842691e-05,-3.34701001308625e-06,1.15146146490482e-05,2.59506356034471e-16,-2.31011094094219e-15,2.38551367260488e-16,-9.80118039398129e-16,-8.11971184293123e-16,7.73268244943003e-06,-2.40209683972022e-16,1.33226762955019e-15,7.86986666288914e-07,1.18851312610367e-15,-1.23669316416491e-15,-1.13150374058365e-15,1.37891588913118e-15,-3.72842701064194e-15,-2.02261107373297e-15,3.02548962076683e-15,2.15322124349099e-15
"t65",-0.0823466065754543,0.0858784619531849,0.00635338268997287,0.0160446031312753,0.00615243735013705,-0.00415189559848626,0.0260697031300717,0.000713364408209675,0.0499743002129248,-0.000154536655135943,0.000674393061796067,0.0290442427290988,-0.00251170337875469,0.46636981415374,-0.0745489011828612,0.00725801036328586,0.0198897035728828,0.0146598095960609,3.6268759038071e-06,0.00301471047905586,-0.493034514742324,0.0492008697138805,0.000243384330955085,0.0076127293019111,2.15767721171151e-05,0.00262821948679048,0.0456149440213997,0.00019274565677095,0.000197205119848827,0.00624063734710659,-2.72629210656683e-05,0.00139569252002754,-0.000690121224357477,0.000371361984493953,0.00052845791047964,-0.00609630940357942,-1.5656460409286e-06,0.000327912604145689,-0.000569990195068637,0.00057297404800951,-0.000794251973681352,0.00133240486544566,0.000287555991125173,-4.29025821936412e-17,4.94604305715579e-05,6.58370096471364e-05,-3.14527705147974e-05,-1.48698941730356e-16,0.000196073137256247,4.45277653302098e-05,0.000810563969539389,-5.56164075810438e-05,-1.02709415756818e-16,3.33642114173379e-05,1.75260833054705e-16,1.45994994763879e-06,-4.0769150024417e-05,-3.2462670394893e-17,9.24245639567231e-07,0.000132028131809497,9.11169789435672e-06,1.37809665762715e-05,-8.71714997855735e-16,2.36199060682762e-16,0.000207751462131334,-1.1827971562195e-15,-6.89805767889842e-16,8.18642170568478e-16,-4.88844409604969e-16,-9.6550251676984e-16,-0.000205913405223062,1.8543781129047e-15,-4.16543395728405e-15,-1.64389120402229e-05,1.23247532948991e-15,-2.44188972508204e-15,1.66680783504279e-14,-9.57157996182781e-14,0.707106781186548,-3.38015309957296e-05,-3.34700997976125e-06,1.15146146512491e-05,-4.16108148415838e-17,1.82771224571937e-15,-1.9165601898142e-16,7.54605436578334e-16,1.87412995202643e-15,7.73268245040581e-06,6.34090928970699e-16,3.15372727932584e-15,7.86986662682404e-07,2.39982450948254e-15,1.12253076253377e-15,-1.60106281094505e-15,2.34453526813531e-15,-3.29373244637573e-15,-1.35780665935006e-15,2.78956722803398e-15,2.76384482689081e-15
"t39",-0.082015158743266,0.0851792452354248,0.00628901050163605,0.0158615000804689,0.00606269478932988,-0.00408154190088355,0.0255849806707495,0.000697801770805133,0.048675513360467,-0.00015001711704835,0.000644635370197026,0.0274880724086395,-0.0023451714375795,0.431857258038789,-0.0683263480293624,0.00628383855779529,0.0153378397842965,0.0101814541571991,2.21738472020345e-06,-0.000796133474924766,0.499593101656026,0.163981333833554,0.00040319384653306,0.0114530519936688,3.08165774397471e-05,0.00371431707528657,0.0599817102211185,0.000249082062628396,0.000238634107947212,0.00747988206733294,-3.26331700820116e-05,0.00165522918333208,-0.000806727524504086,0.000429983272580327,0.000601665155134355,-0.00693660204741436,-1.77624582046765e-06,0.000371837152307546,-0.000646149729905702,0.000647760972190208,-0.000895271559879489,0.00149874438269632,0.000322140920603678,-1.35948361223228e-16,5.52028855450668e-05,7.34482328122739e-05,-3.49167130907262e-05,8.86616950111477e-17,0.000217034465340308,4.92828721594633e-05,0.000896992315470246,-6.14798314230592e-05,1.61132357218969e-16,3.68282101133489e-05,6.41354253344381e-16,1.60273412697504e-06,-4.47507336990771e-05,4.86875929096862e-16,1.01293801500731e-06,0.000144593750264864,9.96651395987114e-06,1.50606831822202e-05,2.6155543631224e-15,-1.67233822895351e-15,0.000226319347611833,-0.707106781186547,-2.14387951803815e-15,-2.84470270583227e-15,-2.21624485527431e-15,-3.92782880680759e-16,-0.000222759879913586,5.93870166992804e-16,-8.38504096033924e-16,-1.77745293591719e-05,4.7692265039621e-16,-2.35399355003035e-17,-1.23747829294939e-16,-1.85164777068085e-15,-1.1300811806409e-15,-3.64986870057862e-05,-3.61312768394395e-06,1.24215133533966e-05,-1.82638283887165e-16,7.74384359473191e-17,-1.22268280571204e-15,1.00061755651834e-15,6.67388164085012e-17,8.33009393438815e-06,-1.39260337733406e-16,2.46677678283902e-15,8.46774213745132e-07,1.72994237100123e-15,-9.22176267685598e-16,-6.9428074059905e-16,1.95255553648077e-15,-3.41009883930802e-15,-1.6802613197859e-15,1.87354226408605e-15,2.5635749483584e-15
"t40",-0.082015158743266,0.0851792452354248,0.00628901050163605,0.0158615000804689,0.00606269478932985,-0.00408154190088349,0.0255849806707494,0.00069780177080505,0.048675513360467,-0.000150017117048354,0.000644635370197034,0.0274880724086395,-0.00234517143757952,0.431857258038789,-0.0683263480293624,0.00628383855779522,0.0153378397842964,0.010181454157199,2.21738472021248e-06,-0.000796133474924747,0.499593101656026,0.163981333833554,0.000403193846532944,0.0114530519936687,3.08165774397587e-05,0.00371431707528654,0.0599817102211182,0.000249082062628604,0.000238634107947378,0.00747988206733302,-3.26331700825321e-05,0.00165522918333211,-0.000806727524504055,0.000429983272580322,0.000601665155134082,-0.00693660204741447,-1.77624582029212e-06,0.000371837152307761,-0.000646149729906009,0.000647760972189343,-0.000895271559879726,0.00149874438269603,0.000322140920603786,-2.47078275772346e-17,5.5202885545002e-05,7.34482328124843e-05,-3.49167130905226e-05,-7.0932864560545e-17,0.00021703446534058,4.92828721607332e-05,0.000896992315470035,-6.14798314230895e-05,-4.00955661970395e-17,3.68282101126693e-05,-7.64855971199874e-16,1.60273412706406e-06,-4.47507336995098e-05,-5.53958160855024e-16,1.01293801384338e-06,0.000144593750265598,9.96651396026367e-06,1.50606831835917e-05,-2.04738234018344e-15,1.90813102535088e-15,0.000226319347603768,0.707106781186547,2.48465822125255e-15,2.47742891846066e-15,2.46403908303227e-15,3.01106502256647e-16,-0.000222759879914639,4.40414874964239e-16,9.51730614431593e-16,-1.77745293588611e-05,5.90152339092443e-16,2.95649181587254e-16,1.35741245516124e-16,5.1451505055161e-16,1.2902136318558e-15,-3.64986870043111e-05,-3.61312768313733e-06,1.24215133531767e-05,4.69815962604438e-16,-5.09476631049978e-16,1.1087636911238e-15,-3.87161224263762e-16,1.0030681388308e-15,8.33009393516704e-06,4.99117892455592e-16,2.26554885962571e-15,8.46774214179026e-07,1.48889900672689e-15,3.54580210532518e-16,-1.84411229159366e-15,1.72880995685402e-15,-3.52083777255317e-15,-1.61501188366435e-15,3.30295440829094e-15,2.32938203365978e-15
"t31",0.0951310706114259,-0.0241763215881158,-0.32020618165294,0.105868456442173,0.0074185060971094,-0.0755314822303297,0.00959806419807466,0.0557389467490713,-2.70208622510382e-06,-0.0131822916553755,-0.0104772896875679,-0.00126010012681394,0.00305792372992927,-0.00123708149189051,-0.000482796047657798,0.00107621182000698,0.000702658834296084,9.84998594373285e-05,8.08577070462634e-06,1.27837041450866e-05,-0.000200416233445836,0.00095588478078802,0.0041945006116115,0.00172752437901408,0.338973038345137,-0.000538411196081465,0.000282208275204959,-0.000780137712874713,0.0014364897807695,0.000309811800813144,-0.00206208063808732,0.000959307558902725,-1.67347830531633e-05,1.04459368634307e-05,0.000565086419955428,-0.000216841646029824,-0.000108578998195727,0.0731347803007337,0.0138918972656089,-0.00053958422330706,1.07810349834708e-05,-4.29677651753773e-06,-3.6247423642004e-07,-4.43376282534261e-16,1.26681822082393e-05,1.40460903474976e-06,1.72227583978958e-05,1.0664198906683e-15,-1.3264520711151e-06,-9.57206061560799e-06,-4.87163049016791e-05,0.0193982213616529,-7.65949323079895e-16,-8.60622925967162e-05,-1.0147022983889e-14,-0.000481965133128384,0.858205629631394,6.79083338277757e-16,2.71638135998707e-06,0.000282435710323587,0.000152126933057694,1.80567468659126e-05,-8.48917161119196e-17,-3.28070168475511e-16,0.000304069610257016,2.80876897162947e-16,4.32859543153921e-16,-3.51803681064936e-15,3.30163135564438e-16,-6.28556069512338e-16,-5.11293779246916e-06,5.73716400134964e-16,4.70238513758536e-16,-1.13910694910404e-05,1.17136056259839e-15,8.95603862271984e-17,-5.82103113666745e-17,-1.96270055382395e-15,3.96619322352833e-16,-3.53157481966339e-05,-2.24269160166077e-06,7.9806203251798e-05,1.38493400166381e-16,-2.24473368714972e-16,-2.13549918338934e-16,7.64889135628348e-16,7.34766112921437e-16,7.74657239050991e-06,-7.95903584401707e-16,1.80758186196783e-15,5.00621181534773e-07,1.27005465886066e-15,-1.58561734183151e-15,-1.30917013440001e-15,1.52540784130911e-15,-3.28143798006345e-15,-1.80267022179458e-15,1.96860559052855e-15,2.30349862678172e-15
"t67",0.0958430041652607,-0.0245298319536365,-0.325938222306105,0.107981039875942,0.00760299645680792,-0.0776738623147901,0.00989303466354557,0.0577006423428434,-2.81196535724165e-06,-0.0137716682188306,-0.0111169645143873,-0.00134820337386885,0.00330368361733827,-0.0013434715861786,-0.000527367599811321,0.00120312967746708,0.000804793078351354,0.000114108551325027,9.44542637105455e-06,1.5329488796742e-05,-0.00024158090346134,0.00117371892760507,0.00529257330931511,0.00220989205150643,0.438726782778821,-0.000698933177301576,0.000377484903326065,-0.00105540705093123,0.00210809010220375,0.000465050925313184,-0.00310643105050232,0.00148691537871817,-2.7619783578429e-05,1.83528639131717e-05,0.00122047779193596,-0.000473961693287837,-0.000253298597156272,0.172759463455236,0.033070576794132,-0.00139296082344086,3.12015590227438e-05,-1.38197047067623e-05,-1.59888109614797e-06,2.16046975256027e-17,0.00010440290878281,1.32132589985012e-05,-0.000147787469321624,-3.40922161639075e-16,4.05136044015029e-06,2.84233043189831e-05,0.000139139804047742,-0.0422188136812652,9.26359130845071e-16,0.000134137321719046,4.07322984901187e-15,0.000207681447887031,-0.356663403349037,-1.47168101662466e-16,-6.76547612094074e-07,-5.1645414945546e-05,-1.24374114342496e-05,-3.44263396203009e-07,1.10124557990545e-17,-1.54058711058606e-16,5.05478074524731e-05,2.32605576623498e-16,3.3549638581057e-16,8.95409236736271e-16,-2.47671795617235e-16,-3.6344986188288e-16,-2.16840142003202e-06,8.89597795299406e-16,4.98408694337748e-17,-4.99388780336333e-06,1.72254003004021e-16,1.68621208080054e-15,1.13630754717938e-15,7.97555221338254e-16,-1.22737391621437e-16,-1.6699646830895e-05,-1.07484600036433e-06,3.95493966978548e-05,-0.707106781186547,-5.28820803768433e-15,5.76619435645587e-15,-2.49695319015382e-15,6.68810185482215e-16,4.07636796794677e-06,-5.97745391083217e-16,-3.8372083288607e-15,2.75582343596219e-07,2.26091309160721e-15,-2.83609621350481e-15,-1.36815423428734e-15,2.57559186504143e-15,-3.20119908666404e-15,-1.1242426949612e-15,5.25108786528959e-15,2.38513362522735e-15
"t68",0.0958430041652607,-0.0245298319536365,-0.325938222306105,0.107981039875942,0.00760299645680799,-0.0776738623147902,0.00989303466354559,0.0577006423428433,-2.81196535729126e-06,-0.0137716682188305,-0.0111169645143873,-0.00134820337386887,0.00330368361733829,-0.00134347158617862,-0.000527367599811333,0.00120312967746707,0.000804793078351289,0.000114108551325048,9.4454263710622e-06,1.5329488796764e-05,-0.000241580903461405,0.00117371892760519,0.00529257330931517,0.00220989205150647,0.438726782778821,-0.000698933177301703,0.000377484903325892,-0.00105540705093099,0.0021080901022035,0.000465050925313179,-0.00310643105050279,0.00148691537871802,-2.76197835785106e-05,1.83528639132166e-05,0.00122047779193634,-0.000473961693288189,-0.000253298597156326,0.172759463455235,0.0330705767941303,-0.00139296082344134,3.12015590223752e-05,-1.38197047067415e-05,-1.59888109614964e-06,7.7000788883336e-17,0.000104402908782395,1.3213258998911e-05,-0.000147787469321496,-9.11219810815636e-17,4.05136043992891e-06,2.84233043190812e-05,0.000139139804047906,-0.0422188136812654,1.23513990955074e-15,0.000134137321719054,4.05935206196013e-15,0.000207681447886639,-0.356663403349038,-4.59418327580655e-16,-6.76547612596867e-07,-5.16454149465312e-05,-1.24374114337382e-05,-3.44263397080812e-07,2.26118167016213e-16,8.34733670204632e-16,5.05478074545964e-05,-4.91817783434117e-16,-4.20296485646841e-16,1.6864431417781e-15,-2.37263454597995e-16,8.30039890140789e-16,-2.16840141682799e-06,8.11315765717752e-17,-3.52614967344058e-16,-4.9938878051165e-06,3.55915507009257e-17,-1.37384013109655e-15,-9.50383706204567e-16,6.5213162929209e-18,2.99533254149038e-17,-1.66996468405886e-05,-1.07484600533339e-06,3.9549396744767e-05,0.707106781186548,4.98143660674883e-15,-5.64818999933491e-15,1.60740255400681e-15,5.71490286355806e-17,4.07636797052804e-06,1.85168418980113e-15,9.03790930983916e-15,2.75582346754404e-07,1.43678545103129e-15,3.39503051093778e-15,-1.15475223720191e-15,1.50008831120728e-15,-4.31646744828224e-15,-1.90391026742035e-15,8.11930490264939e-16,2.57942074412212e-15
"t77",0.0956708337765929,-0.0244412272317434,-0.324477404124663,0.107436960814484,0.00755426199653226,-0.0770975201745114,0.00981268725202655,0.0571534858111029,-2.78040236219829e-06,-0.0135985932658031,-0.0109110686609286,-0.00131834175683159,0.00321499076629855,-0.0013037198378749,-0.000510038766099893,0.00114460695234336,0.000747077855122474,0.00010429386282513,8.51570184279469e-06,1.29689974674951e-05,-0.000200640897399145,0.000885045467190277,0.00260879884870064,0.000246791805461134,-0.453113029380691,0.00134337966690015,0.000776793745215224,-0.00184075373279593,0.00275650002366117,0.000595231239179169,-0.00396521343817046,0.00186575206431798,-3.39564562373052e-05,2.23732629213385e-05,0.0014912723791222,-0.000579589437713879,-0.000311324017722533,0.212565306132081,0.0407183593835141,-0.00172845538277685,3.91916351929068e-05,-1.75678336632086e-05,-2.10812363886014e-06,-7.64223112852618e-17,0.000146527326119921,1.87440505443086e-05,-0.000265571768030503,4.9432577297046e-17,1.21657471395054e-05,8.86588226913443e-05,0.000460072804130241,-0.31864789030179,6.64078178244077e-15,-0.000519123808715138,-3.15948378976957e-16,5.28575556426482e-07,-0.000932721378302282,5.63331655135178e-16,7.4088930343088e-08,1.43467676403308e-05,1.48488435981217e-05,2.39069451764803e-06,5.92461334577202e-17,8.47208889877766e-16,7.7947716072174e-05,-9.10401858839834e-16,-3.5752168419397e-16,2.02943181232181e-16,1.31679064219349e-15,6.16324601293595e-16,-2.3941778349317e-06,9.34009184201634e-16,3.89684735656216e-16,-5.47926137169301e-06,2.93042926017943e-16,-2.5479314856757e-16,8.27131147584071e-16,-2.83900419592145e-15,-1.21263476050213e-15,-1.8084770973922e-05,-1.16150879585446e-06,4.25209994792483e-05,6.63472470217179e-16,-9.38563411764384e-16,5.47861251591746e-15,3.15694397783323e-14,0.707106781186548,4.34624277747454e-06,-1.67566275821887e-15,2.1163626406917e-15,2.92178624554757e-07,7.95659457608233e-16,-1.39620115953457e-16,-3.3832117997816e-15,1.79066662629574e-15,-4.26246113914229e-15,-6.60323858302813e-16,3.75051973614838e-15,9.88244470082752e-16
"t78",0.0956708337765929,-0.0244412272317434,-0.324477404124663,0.107436960814484,0.00755426199653224,-0.0770975201745114,0.00981268725202655,0.0571534858111029,-2.780402362162e-06,-0.0135985932658031,-0.0109110686609286,-0.00131834175683156,0.00321499076629855,-0.00130371983787493,-0.000510038766099956,0.00114460695234334,0.000747077855122409,0.000104293862825063,8.51570184280125e-06,1.29689974674546e-05,-0.000200640897399144,0.000885045467190236,0.00260879884870059,0.000246791805461165,-0.453113029380691,0.00134337966690029,0.000776793745215281,-0.00184075373279594,0.00275650002366115,0.000595231239179369,-0.00396521343817069,0.001865752064318,-3.39564562375402e-05,2.23732629216443e-05,0.00149127237912194,-0.000579589437714038,-0.000311324017722651,0.212565306132081,0.0407183593835142,-0.00172845538277652,3.91916351926974e-05,-1.75678336630898e-05,-2.10812363879414e-06,1.16084063687302e-16,0.000146527326120063,1.87440505441529e-05,-0.000265571768030547,1.86475731064905e-16,1.2165747139562e-05,8.86588226919219e-05,0.000460072804130429,-0.318647890301789,6.51588169224115e-15,-0.000519123808714996,3.50185432506076e-16,5.28575556888153e-07,-0.000932721378301912,3.82920415369377e-16,7.40889301008072e-08,1.43467676418852e-05,1.48488435980297e-05,2.3906945174335e-06,-1.07179357307536e-15,2.69545972474906e-16,7.79477160716051e-05,8.55872886259829e-16,6.52454290546595e-17,2.25319397340051e-17,-5.532412650693e-16,1.30602037920303e-16,-2.39417783399498e-06,2.61748309201021e-16,-2.31346316032611e-16,-5.47926137387499e-06,4.23549625623503e-16,6.47263061825179e-16,-6.89146709987673e-16,1.93495480996677e-15,1.28011522527045e-15,-1.8084770977839e-05,-1.16150878500486e-06,4.25209994830533e-05,-3.35638480820823e-16,7.52144157959073e-16,-5.19417727415551e-15,-3.0682846880571e-14,-0.707106781186547,4.34624280314845e-06,2.14072876678065e-15,4.80518402845576e-15,2.92178621718548e-07,2.73928075365008e-15,-1.39620114484548e-16,5.1985113221766e-16,2.19368529107167e-15,-3.2420972392645e-15,-2.51629156977106e-15,2.40090487183843e-15,4.30850312007377e-15
"t24",0.0946781173304141,-0.0239481092145344,-0.316480664215825,0.1044895178374,0.00729683713348733,-0.0741081023770492,0.00940109387702439,0.0544163270473624,-2.62711079384712e-06,-0.0127765046785608,-0.0100200284005974,-0.00119576587010108,0.00287372650860419,-0.00115617467184016,-0.000448328201304822,0.000970578364114974,0.000609473566768936,8.35213659005656e-05,6.7266257791744e-06,9.80259651134887e-06,-0.000150306076927111,0.000641990352247109,0.00180201807907185,0.00016620501792211,-0.298517042745131,0.000880049228241579,0.000480083763494055,-0.00111210322602127,0.00139689674971064,0.000285968629987231,-0.00188860872212503,0.000827680907687094,-1.26783204833883e-05,6.84307832686286e-06,0.000149418473544767,-5.16419239087605e-05,-9.36979231619354e-06,0.00405120991425355,0.000499679879369557,9.79376998169556e-05,-5.77833530474784e-06,3.94984104483983e-06,8.90457076938143e-07,-5.85189682515691e-16,-0.000101081018721273,-1.36833712216113e-05,0.000370088135036813,2.9601272222686e-16,-2.63702236890278e-05,-0.000195582486668005,-0.00104047303477553,0.875745352337735,-1.81975077526338e-14,0.00192680228829696,4.99319983875471e-16,6.07544311307976e-05,-0.066611743548838,-1.33950370295995e-15,9.80034086852291e-07,0.000140268926149007,0.000101873730009741,1.36977869453322e-05,1.76198721958171e-15,-8.24170119515109e-16,0.000289806904199018,1.81300335302667e-17,2.70780665504142e-16,-5.31728062922479e-16,-9.36034201692211e-16,-1.24429156146043e-15,-5.57258164094806e-06,3.49142242762971e-16,-1.9228126566186e-17,-1.24592450526166e-05,6.68411942595045e-16,6.86148906921866e-17,-6.07941503495073e-17,-1.28141841083826e-16,1.11695808142593e-16,-3.89070766578308e-05,-2.47356790937037e-06,8.82529458439823e-05,3.21808420324146e-16,-4.95783623249888e-16,-4.65820038587453e-16,-1.00748368152649e-15,1.24816376567281e-15,8.59974606378413e-06,1.45665864998853e-16,9.67975699595058e-16,5.56939857889647e-07,1.41715533967449e-15,-7.52654489931876e-17,-1.21763258404747e-15,1.40753798550121e-15,-3.17035648620496e-15,-1.79988234413764e-15,2.01346177205124e-15,2.56150575980769e-15
"t9",0.0932871102757554,-0.0232523931811636,-0.305162948225567,0.10030981793765,0.00693006983355621,-0.0698346817173553,0.00881138445618085,0.0504779706965605,-2.40539768874074e-06,-0.0115829052374945,-0.0087061741994547,-0.00101351158481336,0.00236131313217746,-0.000933463091779591,-0.000354628304941659,0.000699976688103327,0.000390032732259322,4.99944260792472e-05,3.81334301502778e-06,4.49870595449028e-06,-6.55104551186827e-05,0.000224007752116045,0.000368019090875942,1.64632917170008e-05,-0.0193965942736212,3.90691122444102e-05,-7.96564550117532e-05,0.000281185691210533,-0.00147120667870889,-0.000385035405455738,0.00263726070661172,-0.00151808435902882,3.95363296829463e-05,-3.46953833744008e-05,-0.00479450232968264,0.00193396327914223,0.00126745196152062,-0.898649868135327,-0.176202410291839,0.00954851745936608,-0.000309595071547524,0.000200568482107816,0.000275037222440103,8.56444749850865e-16,0.00192065890075881,0.000213852592128688,-0.000971404144266973,-1.33892344192798e-15,1.83929558014557e-05,0.000127375745153258,0.00061228036806965,-0.161385625527524,3.79261598286223e-15,0.000430406965283476,1.41312654727204e-15,6.15950142711798e-05,-0.0680007771736336,1.18348698644479e-16,1.11632799901429e-06,0.000165383528309601,0.000126015337742456,1.74017594999796e-05,-1.02506191916372e-15,-3.57435979614098e-16,0.000392424181994749,1.1872575560003e-16,1.68235163672721e-17,4.87979557674224e-16,2.78464648044996e-16,6.05023495902993e-16,-7.87989272728632e-06,2.24320439404441e-16,-9.14296142018471e-17,-1.7625927864077e-05,1.05344059842326e-15,-2.00199150909212e-17,-4.16182934949391e-16,-8.89574101984875e-17,-8.07225394019466e-17,-5.50450124415445e-05,-3.49902147897928e-06,0.000124760128523645,-2.13060253429392e-16,-1.88155382930622e-16,3.37892051103826e-17,9.95066695810599e-16,5.60653168228011e-16,1.21305570106822e-05,3.61003905364312e-16,1.77635683940025e-15,7.83475387295384e-07,1.84130770720985e-15,6.03257692439039e-16,-1.29017819097328e-15,2.02850762540211e-15,-3.12430995605659e-15,-1.87962071398137e-15,2.60263562865337e-15,2.13766608598318e-15
"t74",0.131749767404464,0.0144831013109766,0.00907210702783145,0.00109371943980212,-0.00358271248443578,0.383509514488846,0.0495557058962382,0.117977961929343,-5.57899783409709e-06,-0.120967609172433,-0.0539495048477428,-0.000784924920058671,0.0131169862018496,-0.000927586903174812,-0.000389919557878794,0.000963704229058634,0.000671809868834614,9.70201536239712e-05,3.14562280581462e-05,1.39615752221767e-05,-0.000223037731675085,0.00115486560399599,0.0175433178466626,0.00134394612643552,0.00040067828688654,0.000455899475198468,0.0025264276706356,-0.337932720699493,-0.00108617227355442,-8.19821977490211e-06,1.35965207972329e-05,0.000112309469820207,-4.22528424700363e-06,3.1395122003928e-06,0.000104051428704388,-3.60012004254e-05,-1.27221590407472e-05,0.000726513452671246,-0.000135916101710221,0.000148155562387558,-9.8433869739433e-06,8.70244510220958e-06,1.81590784234455e-05,5.41512715959005e-17,0.000575484217500151,1.82595643316625e-05,-0.000360776340456563,1.60625045109957e-16,1.75720379570141e-06,1.19099764421876e-05,5.51723193381111e-05,-0.000187945663341419,-2.07284209720489e-16,0.000383272256798889,-1.14843155322102e-16,1.60010281872172e-05,-0.000132197984355288,-6.18832574320286e-16,2.70873204167659e-07,3.85925254337983e-05,9.78819545776952e-05,3.97319913172084e-06,2.3064105188246e-17,-2.20322075195663e-16,8.95463055538634e-05,-8.00978803143085e-17,9.36114347140558e-16,-7.16306575734189e-16,-1.41425220997339e-15,-8.70666899322808e-16,-8.70939146392249e-07,5.16006413519086e-16,-3.8709354225425e-16,-1.09961602057378e-06,-4.70116403327796e-15,-1.35843711581642e-15,3.34441729845732e-16,9.04224061785859e-16,1.37564619291498e-15,1.76163517909693e-05,2.0051702729076e-06,-0.822583923653025,2.74979924078681e-14,-2.17820738441441e-14,-2.5964378607001e-15,-6.59448885447051e-15,-1.68857805526015e-15,1.0017221282983e-05,1.05670830835013e-16,2.66800470605233e-15,4.86789290074112e-07,5.24734222722261e-16,3.4701829173557e-15,-2.85130438440062e-15,1.38078347282359e-15,-4.9824247730306e-15,-1.2437240768496e-15,-9.85118751404006e-16,2.62118304901804e-15
"t91",0.131987840567008,0.0145335897226841,0.00911060087828634,0.00109887397225304,-0.00360357550102315,0.386041261653003,0.0499087180807268,0.118933066686948,-5.63070003046367e-06,-0.12219178536745,-0.0546751050229197,-0.000796841736628181,0.0133421009338459,-0.000944471079236364,-0.000397463498816937,0.000986608646998396,0.000690713710869086,9.99413334917829e-05,3.24476994241254e-05,1.44611718413198e-05,-0.000231201308888065,0.00120040852616218,0.0183048819240844,0.00140486487359382,0.000419478380721819,0.00047747243973498,0.00265578462195318,-0.355711090571327,-0.00115335415867155,-8.72433550886537e-06,1.44739459029333e-05,0.000119868655331051,-4.53347388378896e-06,3.38428528535796e-06,0.000113552803739137,-3.93119237527759e-05,-1.39345069081685e-05,0.000796184574116325,-0.000149000220819196,0.000162953699009074,-1.08702972958655e-05,9.64103220948659e-06,2.02642009837917e-05,3.44308069667379e-17,0.000647486963223959,2.05667272713827e-05,-0.000412302382886209,-1.42883386731564e-16,2.03089073086511e-06,1.37712191158383e-05,6.38353626588524e-05,-0.000218545901075077,3.22789346167709e-16,0.00044899826513356,9.03211057733723e-17,1.95001855262215e-05,-0.000161304086841212,2.04206894892218e-16,3.36032163865381e-07,4.83037184885432e-05,0.0001246901759515,5.13535039231402e-06,-4.6356399984271e-16,4.26667062040647e-17,0.000124971858231578,1.48393007453732e-16,-5.71197781189993e-16,-5.65894447356165e-16,9.79864153591551e-16,2.47379354848032e-16,-3.48267596835532e-06,9.96045716582993e-16,-2.18024210289764e-16,-8.29706730301645e-06,3.96605055340193e-15,7.5216944356026e-16,-1.70445020545004e-16,3.86741153124269e-16,-1.00223643606115e-15,-3.69433614424228e-05,-2.79033947579087e-06,0.40202773401877,-1.26262691812809e-14,1.09545578318342e-14,9.17799926752518e-16,7.11088288606284e-15,1.82485801894141e-15,1.63934474691182e-06,-4.27668217622527e-16,-1.90299165314656e-14,1.93754187710422e-07,4.21230829024094e-15,2.0425412432817e-14,5.63428130670516e-16,0.707106781186549,7.24099170581918e-15,3.18960789311223e-16,4.84994128391624e-15,1.66532164404617e-16
"t92",0.131987840567008,0.0145335897226841,0.00911060087828635,0.00109887397225312,-0.00360357550102316,0.386041261653004,0.0499087180807268,0.118933066686948,-5.63070003043946e-06,-0.12219178536745,-0.0546751050229196,-0.000796841736628084,0.013342100933846,-0.000944471079236371,-0.000397463498817013,0.000986608646998312,0.000690713710869133,9.99413334917084e-05,3.24476994240384e-05,1.4461171841312e-05,-0.000231201308888078,0.0012004085261621,0.0183048819240848,0.00140486487359414,0.000419478380721889,0.000477472439734977,0.00265578462195306,-0.355711090571327,-0.00115335415867191,-8.72433550884693e-06,1.44739459031415e-05,0.000119868655331602,-4.53347388392985e-06,3.38428528537891e-06,0.000113552803738924,-3.93119237528638e-05,-1.39345069086798e-05,0.000796184574116247,-0.000149000220819605,0.000162953699009599,-1.08702972958789e-05,9.64103220941621e-06,2.02642009838556e-05,-1.27857912085717e-16,0.000647486963223521,2.05667272706912e-05,-0.000412302382885989,-1.01250056417e-16,2.03089073106025e-06,1.37712191166862e-05,6.38353626589375e-05,-0.000218545901075835,7.29891979281421e-17,0.000448998265134418,2.35426588389834e-16,1.95001855264573e-05,-0.000161304086841778,3.01353121819735e-16,3.36032162630044e-07,4.83037184892612e-05,0.000124690175952025,5.1353503917205e-06,1.19303087690909e-16,4.86755917116723e-16,0.00012497185823023,8.29645303332719e-17,-9.80793494962689e-17,9.12089954181749e-16,6.39858351997753e-16,7.19224317305194e-16,-3.4826759685363e-06,-8.10407096982483e-17,7.5342369720181e-16,-8.29706730128781e-06,2.3231927343276e-15,7.52168749327388e-16,-3.28849377308238e-16,-2.74269999753792e-15,-1.08060095321055e-16,-3.6943361449268e-05,-2.79033947615385e-06,0.402027734018771,-1.366010255076e-14,9.93435508128028e-15,1.49120069353361e-15,-6.19044922889129e-16,1.42653910722004e-15,1.63934472646984e-06,1.01562028949386e-15,2.3411828031783e-14,1.93754150478077e-07,1.54825215269077e-16,-2.42333087284835e-14,-1.61296007630525e-15,-0.707106781186545,-1.28778058904554e-14,-3.97074056186934e-15,3.98951843983174e-15,4.63353425473227e-15
"t70",0.1296474723736,0.0140235334446146,0.00871680772989066,0.00104572656216192,-0.00338436992227745,0.359081178002357,0.0461151997745546,0.108491690917138,-5.05344009984781e-06,-0.108308563050373,-0.0459073668697581,-0.000647770448960845,0.0104079339577069,-0.000719443655644888,-0.00029436382105139,0.000639555199612562,0.000369809835825408,4.75112781795055e-05,1.38919681249477e-05,3.72417224617736e-06,-5.06201693651225e-05,7.93794764887635e-05,-0.00395921649859099,-0.000553266228415405,-0.000239210931152189,-0.000295799004626588,-0.00332172953872299,0.561979751462465,0.01376416606481,0.00067209094960465,-0.0044442287867663,0.0018961401642493,-2.77268851004701e-05,1.48564257031785e-05,0.000336256275110196,-0.000115078967301354,-3.86718806814291e-05,0.00219042513402489,-0.000407798044873625,0.000425725452084779,-2.70721644798284e-05,2.32458712024104e-05,4.59991134810205e-05,-3.06544113986539e-17,0.00139477798657874,4.40355524349028e-05,-0.000826870629839134,-2.79729135625763e-17,3.92338051419746e-06,2.65684881184879e-05,0.000122926439501493,-0.000415088081785942,-3.02249088311805e-17,0.000837299340897523,-2.31221464140864e-16,3.39224492687448e-05,-0.000280143493815541,2.54843778115057e-16,5.71840565037478e-07,8.14103335461127e-05,0.000206587648338284,8.40304516120952e-06,2.59169581300957e-16,3.88140959059392e-16,0.000194411772147108,1.96361305423839e-16,-1.91857935059451e-16,-8.30229486418362e-16,1.1664585432054e-16,-1.50718849700446e-16,-4.24193010774265e-06,2.10176765969987e-16,8.43743651456704e-16,-9.55340388301139e-06,-2.75751183042671e-17,8.65710198540817e-16,3.82524928876344e-16,2.37296839648303e-15,-2.04206227093034e-15,-3.04776283819382e-05,-1.9507190141643e-06,0.00715802973403396,-6.11680588155554e-15,0.707106781186547,-1.48188582082604e-15,9.80732498778689e-15,1.20942971037793e-15,6.77270324533639e-06,-3.76686053146149e-16,2.39044894989604e-15,4.44514077768856e-07,2.07754981069348e-15,-3.10366967607539e-16,-7.11538295639862e-16,1.53732621023463e-15,-2.79065698101491e-15,-1.51547862661849e-15,5.42773822515853e-15,2.89840082814778e-15
"t71",0.1296474723736,0.0140235334446146,0.0087168077298907,0.0010457265621619,-0.00338436992227742,0.359081178002357,0.0461151997745546,0.108491690917138,-5.05344009985303e-06,-0.108308563050374,-0.0459073668697583,-0.000647770448960864,0.0104079339577068,-0.000719443655644937,-0.000294363821051238,0.000639555199612439,0.000369809835825623,4.75112781795111e-05,1.38919681249402e-05,3.72417224616018e-06,-5.06201693650815e-05,7.93794764886804e-05,-0.00395921649859079,-0.000553266228415357,-0.000239210931152187,-0.000295799004626659,-0.00332172953872281,0.561979751462465,0.0137641660648098,0.000672090949604653,-0.00444422878676639,0.00189614016424946,-2.77268851005074e-05,1.48564257030976e-05,0.000336256275110916,-0.000115078967301492,-3.8671880681434e-05,0.00219042513402512,-0.000407798044874194,0.000425725452085162,-2.70721644797646e-05,2.32458712022355e-05,4.59991134811041e-05,6.28703109884251e-17,0.00139477798657903,4.40355524351284e-05,-0.00082687062983922,2.05993438040314e-17,3.92338051432208e-06,2.65684881179887e-05,0.000122926439501623,-0.000415088081786381,1.12022416180726e-16,0.000837299340898,-4.38713279279263e-17,3.39224492683178e-05,-0.000280143493815594,-2.3781768935932e-16,5.71840565951527e-07,8.14103335470425e-05,0.000206587648338608,8.40304516133215e-06,9.26361277295315e-17,-4.7228188505509e-16,0.00019441177214664,-3.70712006234504e-16,3.04560578953749e-16,6.82449384631165e-16,-2.0254326515756e-16,-2.58187594907698e-17,-4.24193010847661e-06,7.04596365455517e-16,-7.93835299323929e-16,-9.55340389157868e-06,1.11599171442983e-15,-3.65943469797117e-16,-3.94725383863202e-16,-2.63257619344804e-15,2.13104774337761e-15,-3.04776283937898e-05,-1.95071900434917e-06,0.00715802973407115,5.76040820589085e-15,-0.707106781186548,1.52970620396137e-15,-9.23299988453484e-15,-8.68731374633498e-17,6.77270323252719e-06,6.9190363401905e-16,2.4459601011273e-15,4.4451408817464e-07,1.250545111218e-15,1.1117083624896e-16,-1.89040345025214e-15,2.51395142271982e-15,-4.27864438952585e-15,-1.80300968038333e-15,6.12145855846912e-16,1.96858758544407e-15
"t93",0.137163426196726,0.0206809253786273,0.0423778513982394,-0.00179651337212766,-7.47100181806609e-05,0.0349396808155364,0.00325439501321795,-0.0104463467344982,3.11253950748875e-06,0.212184720854559,0.434544855151983,-0.00625859402278701,0.342891760799171,-0.000683176546529298,-0.000611328196655749,0.0016118776403626,0.00107276033106658,0.00015257340758637,0.000146743345955272,2.14510724480145e-05,-0.00034282788751201,0.00181711397716015,0.0581371981916211,0.000494592492328839,0.000269319512860446,0.000311644118165948,0.000889036114725386,-0.00886663752666642,0.335471321239629,-0.00203694626798729,0.0114284533884465,-0.00212105991082242,1.05086114623682e-05,-1.83592934408947e-06,6.00737983917527e-05,-2.15866103392934e-05,-2.25008741865491e-05,0.000516606078894796,-9.78330093368105e-05,0.000117630338408901,-8.50112321777962e-06,7.89748358871679e-06,1.78873187943243e-05,-2.75304148817658e-17,0.00154936452744221,1.78370297867127e-05,-0.00102622243523767,1.26957632344481e-17,1.99749660138075e-06,1.35572466880568e-05,6.2924085595751e-05,-0.00021758330795201,2.03179163472227e-17,0.00114479944815036,-5.67133790564605e-17,4.98855379081999e-05,-0.000164088867482418,2.55005248354509e-16,3.42887434649108e-07,4.93334470466683e-05,0.000318256873903265,5.23929147880716e-06,-3.54136231811174e-16,3.70782504527088e-17,0.000126390483448317,5.58841652264054e-17,1.60310608188921e-16,-6.17369516183366e-16,3.26668661853044e-18,4.80186193390581e-16,-2.98155947416814e-06,1.13311612194222e-15,-3.14023934962853e-16,-6.74691930390059e-06,6.24933905326014e-16,-1.42467861014482e-16,-3.73862158968534e-16,-1.0139793305856e-15,-1.34784453409067e-16,-2.16980675676661e-05,-1.38720244829404e-06,0.000165644646539733,6.42945943868811e-16,-1.01966056549057e-15,-8.93593723314875e-16,-4.8658978267971e-15,1.05356897271071e-15,5.02138567691197e-06,2.32660887603275e-16,4.37844205336546e-15,3.32286032093159e-07,4.91871502330999e-16,1.14204380382401e-14,7.730808145201e-16,-8.09766456843698e-15,0.707106781186544,-3.66593680472065e-15,4.00663869788294e-14,-5.88538944810067e-15
"t94",0.137163426196726,0.0206809253786273,0.0423778513982394,-0.00179651337212766,-7.47100181806767e-05,0.0349396808155364,0.00325439501321792,-0.0104463467344982,3.11253950748387e-06,0.212184720854559,0.434544855151983,-0.00625859402278695,0.34289176079917,-0.00068317654652911,-0.0006113281966558,0.00161187764036249,0.00107276033106652,0.000152573407586397,0.000146743345955274,2.14510724480613e-05,-0.000342827887511912,0.00181711397716005,0.0581371981916214,0.000494592492329024,0.00026931951286039,0.000311644118166025,0.00088903611472531,-0.00886663752666645,0.335471321239629,-0.00203694626798727,0.0114284533884466,-0.00212105991082197,1.05086114621912e-05,-1.83592934402863e-06,6.00737983910732e-05,-2.15866103393874e-05,-2.25008741864754e-05,0.000516606078894203,-9.78330093375217e-05,0.000117630338408814,-8.50112321767257e-06,7.89748358881085e-06,1.78873187943156e-05,-5.66369861572276e-17,0.0015493645274422,1.78370297864255e-05,-0.00102622243523725,9.59625444437295e-17,1.99749660157572e-06,1.35572466873795e-05,6.2924085595483e-05,-0.000217583307951456,6.19511907421179e-17,0.00114479944814999,-1.22628928579789e-16,4.98855379079601e-05,-0.000164088867481988,-2.44600197010134e-16,3.42887433814531e-07,4.93334470475326e-05,0.000318256873903452,5.23929147955475e-06,5.61797764015965e-16,-2.53717962892981e-17,0.000126390483448181,-1.07916763392149e-16,-6.42338342382923e-17,-2.42669245379598e-16,4.0572253343425e-16,-4.07992460334457e-16,-2.9815594747681e-06,-2.68558869568465e-16,3.79862190418022e-16,-6.74691930277978e-06,4.47888188851893e-16,5.1325897844406e-16,3.14464465206483e-16,1.79510420886437e-16,3.2705126850698e-16,-2.16980675653353e-05,-1.38720245465989e-06,0.000165644646542251,-3.48943178091918e-16,4.22356772638697e-16,6.62250485604798e-16,4.70977576059404e-15,5.16500605113377e-18,5.02138568090877e-06,5.57212427048041e-17,1.49186218934005e-15,3.32286034503567e-07,2.73338822622911e-15,-1.18942454846084e-14,-3.25870043387563e-15,1.17496309030754e-14,-0.707106781186551,4.83656016243626e-16,-3.51234673639093e-14,1.07432521925112e-14
"t6",0.133535587859174,0.0196031056965472,0.039663414933398,-0.00166792396101004,-6.8006148095784e-05,0.0313487382534533,0.00289095600963368,-0.00910308734232873,2.64699672488753e-06,0.177117093372702,0.334457291979369,-0.00458914808276806,0.236338444337315,-0.000454337993289043,-0.000389690716589147,0.000839450313542708,0.000414666680594666,4.86145626495232e-05,3.91468200414971e-05,1.94435531851441e-06,-1.81924502080151e-05,-0.000160420680441173,-0.018695544199757,-0.000223681893205278,-0.00015395398776373,-0.000188004590200748,-0.000848068244749948,0.00978883215045838,-0.876288149101534,0.00659524395254205,-0.0382776626180269,0.00932505352115668,-8.94268674540439e-05,4.04561912393676e-05,0.000746001265827205,-0.00025378776341041,-0.000210740129432311,0.00467779673659775,-0.00086856464323737,0.000885403242069641,-5.49569048016723e-05,4.64403755831456e-05,8.94332050239202e-05,5.69867956974438e-17,0.0068143622619049,7.73449315473297e-05,-0.00384948325628879,-1.75778642696152e-16,6.94055622164485e-06,4.6981851101676e-05,0.000217255966021231,-0.000731285695748352,2.41074777166721e-16,0.00371589046559809,1.90044754877032e-16,0.00014344757290501,-0.000470602578234399,-1.32033056542045e-17,9.5276499006908e-07,0.000135128629603533,0.00085084399041691,1.37751100305144e-05,-2.12271562707701e-16,1.82385182097116e-16,0.000313343720750896,9.82768757769246e-17,1.35632120456249e-16,1.81664332594997e-16,-8.10399370388188e-17,-9.96355001494737e-17,-6.57662494582079e-06,5.99701917408535e-16,-4.19779950304571e-17,-1.4760161966949e-05,5.91949378556189e-16,8.61036460727641e-17,-3.70224669368613e-17,1.25387387086679e-16,3.60367378969854e-17,-4.64901525779262e-05,-2.96025137059092e-06,0.000349782035468549,-8.90268620561769e-17,-1.34886228459786e-16,2.54350244320554e-16,6.55131231462566e-16,5.66957687705373e-16,1.03851064223565e-05,3.25292049767357e-16,1.12410081243297e-15,6.75309451540478e-07,1.78677262409802e-15,2.0069338100954e-16,-1.5307723976849e-15,2.12361685971207e-15,-3.60581228432546e-15,-1.7586120998737e-15,3.06897185401105e-15,2.53696216049562e-15
"t84",0.137646377084161,0.0212140053952233,0.0449398634442256,-0.00199799595951777,9.50975177195093e-05,0.0245048861126154,0.00252313312851666,-0.0085414390880478,2.58244665102891e-06,0.177783814115436,0.237643364988258,-0.00181416654681206,-0.556607087907346,-0.00597573892957042,-0.00155088998740948,0.00235381212577988,0.0014538214278623,0.000206678527740948,0.000242097622716416,3.19939197642705e-05,-0.00052762819086244,0.00334883784666438,0.264300301792247,-0.00521705506514975,-0.000506293354609989,-0.000456440654440278,-0.000175396346101808,0.000642120969005587,0.00686366166209533,0.000116964527643506,-0.000833669686220319,0.000492083590175201,-9.8459672283056e-06,6.1959588741616e-06,0.000176868606308776,-6.09842217746174e-05,-6.31346382452211e-05,0.0012091422426211,-0.000225897082051896,0.00024336904205339,-1.59980927555451e-05,1.40578388059126e-05,2.91451406661871e-05,-4.99802681866791e-17,0.00275736437734609,2.65024742730338e-05,-0.00169225060159263,2.12007124733985e-17,2.73340917534575e-06,1.85331103370676e-05,8.58972905506278e-05,-0.000294080144230985,1.27803195718569e-16,0.00177318447007104,8.01133634742474e-17,7.36428683093139e-05,-0.000208639735968422,-1.50754449327102e-16,4.31320650213766e-07,6.1761474616841e-05,0.000457560377012408,6.47021785876026e-06,3.1516193155743e-16,2.67670896419046e-16,0.000153255818199027,1.4357300553532e-16,7.46705559471956e-17,-1.17512865507702e-15,1.21117943124081e-15,-2.11856847984503e-16,-3.49570776097601e-06,4.81146929614237e-16,-4.29952520871301e-16,-7.89278414895802e-06,1.09237435757696e-15,4.02999112548733e-16,2.7497984478841e-16,-3.85991198951721e-15,-6.26564860628109e-16,-2.52425964768405e-05,-1.61209918888262e-06,0.000191970852714689,5.77260118101367e-16,-7.10444046295113e-16,5.34636402208103e-17,-2.66385949650119e-15,1.55760994515635e-15,5.78839210802822e-06,4.18333975455346e-15,4.78846129414734e-13,3.81355097215917e-07,0.707106781186549,2.84354434913818e-16,7.71052227443055e-15,-9.6687690197544e-17,-2.3600618126293e-15,1.39414936567146e-16,-1.00352577087801e-15,2.60596864525793e-15
"t85",0.137646377084161,0.0212140053952234,0.0449398634442257,-0.00199799595951769,9.50975177194858e-05,0.0245048861126154,0.00252313312851665,-0.008541439088048,2.58244665116325e-06,0.177783814115436,0.237643364988258,-0.00181416654681204,-0.556607087907346,-0.0059757389295704,-0.00155088998740943,0.00235381212577978,0.00145382142786232,0.000206678527741258,0.00024209762271635,3.19939197642116e-05,-0.000527628190862701,0.00334883784666442,0.264300301792247,-0.00521705506514983,-0.000506293354609971,-0.000456440654440325,-0.000175396346101669,0.000642120969005646,0.00686366166209517,0.00011696452764345,-0.000833669686220766,0.000492083590174735,-9.84596722834268e-06,6.19595887399384e-06,0.00017686860630911,-6.09842217747519e-05,-6.31346382452279e-05,0.00120914224262088,-0.000225897082051279,0.000243369042052992,-1.59980927553892e-05,1.40578388059477e-05,2.91451406663317e-05,-1.28679071959122e-17,0.00275736437734594,2.65024742733385e-05,-0.00169225060159285,-4.81882446109337e-17,2.73340917526155e-06,1.85331103376228e-05,8.58972905508511e-05,-0.000294080144231419,2.9031043848262e-18,0.0017731844700714,-2.25197978736701e-16,7.36428683092645e-05,-0.000208639735969088,2.03129138581371e-16,4.31320650027796e-07,6.17614746175766e-05,0.000457560377012994,6.47021785818491e-06,-1.28927278783644e-16,-2.37626467635839e-17,0.000153255818200342,-1.24937203668432e-16,1.59434907954526e-16,1.04531739418086e-15,-1.09253334524075e-15,1.48965785233775e-16,-3.49570776032329e-06,3.55820221156501e-16,5.83127599608844e-16,-7.89278414944742e-06,-5.27538714881422e-17,-2.04154285440801e-16,-3.07476107726462e-16,2.74591500700255e-15,7.45075909548835e-16,-2.52425964739703e-05,-1.61209918932158e-06,0.000191970852716595,-3.94770442505847e-16,3.63355872127902e-16,-1.97224883512471e-16,2.94276677785673e-15,-4.82897279881096e-16,5.78839211604438e-06,-3.76169482136803e-15,-4.73454608851398e-13,3.81355873482563e-07,-0.707106781186546,-2.22184815402674e-16,-1.0416607611136e-14,3.96410395640613e-15,-4.58303778739097e-15,-3.49052302022518e-15,6.35170176726365e-15,2.3608033160281e-15
"t2",0.132449064656684,0.0196173228658786,0.0407601695479119,-0.00178962816312582,8.25605715669972e-05,0.020782394525867,0.00210493031065267,-0.00689842653261657,1.9988896537361e-06,0.133060763176193,0.151661408518832,-0.0010401250181997,-0.273705237337577,-0.00266070430376725,-0.00060614939723351,0.00033457074867975,-0.000272764195462477,-7.76628538679794e-05,-0.000128481481452542,-3.66519586354593e-05,0.000684909343537098,-0.0065610646182764,-0.92110521121396,0.0246452838163239,0.00317235406519073,0.00308916042570601,0.0033752183984764,-0.026655623158184,0.0654659031246681,0.000917575600017658,-0.00637733260601423,0.00319580833029268,-5.10747612097106e-05,2.81227733579113e-05,0.000647994711408214,-0.000221793503092733,-0.000221738907138885,0.00422194217591881,-0.000786004715540861,0.000820164947755024,-5.21076925366442e-05,4.47136691372666e-05,8.85592035786852e-05,4.79666109697037e-17,0.00804052113713735,7.69075247402508e-05,-0.00465606116662005,-2.46249043603831e-16,7.29094195786804e-06,4.93792955002797e-05,0.000228507850675374,-0.000773391346687808,-5.97052324824321e-18,0.00459256462121947,1.14507726962072e-16,0.000180179567348824,-0.00050980554412305,-1.08604690219821e-16,1.03725433174928e-06,0.000147434941927756,0.00107850403905885,1.5115798072798e-05,-2.30332758746102e-16,-1.69022570736396e-16,0.000346636710881516,-9.01727687292476e-17,3.73508047955434e-18,3.81619176969378e-16,-5.47168396709105e-16,6.92633449692023e-17,-7.37483997279769e-06,4.21073490073593e-16,2.41015217004661e-17,-1.6565180068056e-05,6.67531717100652e-16,3.18437233434393e-17,-9.1846241110197e-17,-2.51086327137732e-16,-2.86357661610208e-17,-5.22788677169722e-05,-3.33007150144373e-06,0.000393848005701928,1.67644295395708e-16,-3.10478766500083e-16,3.94019163965989e-17,3.3045626767768e-16,5.87269125129609e-16,1.17138191960166e-05,1.28710909928225e-16,1.9220736113823e-15,7.62739983880868e-07,1.75779480212722e-15,-5.80725544052677e-16,-1.31140237665214e-15,1.57349111975494e-15,-3.6723194090153e-15,-1.607239395305e-15,2.91944510646166e-15,2.513700817766e-15
"t23",0.154974765956671,0.0292107810768958,0.0731814673798251,-0.00384665606070633,0.00109621197420181,-0.0187199107761284,0.000252147969117889,-0.00608110337597375,3.22814926615061e-06,0.334378676959537,-0.28994063916029,0.000718040334167275,0.0527221698567429,6.19944357996919e-05,-8.56679368084515e-05,0.000431323471017549,0.000328553806324064,4.78587882679277e-05,0.000132047203680827,6.78677289163326e-06,-0.00010807680279566,0.000563591352123199,0.0189544286542483,5.51221089720792e-05,5.79151521992936e-05,6.77155221242056e-05,0.00017475497813421,-0.00161223722134989,0.00651661406337628,9.70944482574377e-05,-0.000680394906185895,0.000360047823328283,-6.18526403976849e-06,3.51986236685193e-06,7.96985650915621e-05,-2.71573561075375e-05,-5.41724951812309e-05,0.000499075233692185,-9.2543536316949e-05,9.2135828068773e-05,-5.40529901980967e-06,4.25670367714297e-06,6.10465386846902e-06,-1.09873236702738e-16,0.000356861670214452,9.30470648313792e-07,0.00155065862853938,1.15978610633202e-15,-4.22722558501562e-06,-3.02187518894317e-05,-0.000151153906787303,0.00103535298092909,-2.62825668423813e-16,-0.642492574115414,-5.08467365177058e-16,0.589498315561066,-1.3651360371327e-05,1.34383784931683e-16,5.68944434817052e-07,7.88918999288366e-05,0.00107927853608971,7.43885699967098e-06,1.07602822203795e-15,-2.97368432756281e-16,0.000156290186212299,-3.30641097760365e-16,-9.9682537536265e-16,3.02016126863462e-16,-4.14324890936169e-16,-5.09703764025443e-16,-3.04446311414583e-06,2.73490268868627e-16,1.39814906580177e-16,-6.81697794716603e-06,5.45337651762215e-16,7.19651622200364e-17,-3.82424319459473e-18,7.96818737123967e-16,1.47941385245783e-16,-2.13738388178228e-05,-1.36005463062784e-06,0.000160467799277178,2.62858445256646e-16,-5.70097881962598e-16,-8.47856824828723e-17,-6.3964788621999e-16,6.58245463813152e-16,4.7562284331921e-06,2.86351308187568e-16,1.94982918699793e-15,3.0919600578356e-07,1.54337584751523e-15,-5.60547733206594e-16,-1.14050250327094e-15,1.55155623978062e-15,-3.46679173762029e-15,-1.70496439334694e-15,5.31493777993649e-15,2.44192393292911e-15
"t28",0.155180851083984,0.0292867625937278,0.0734146280509751,-0.00386032214105506,0.00110106928942017,-0.0188145675761615,0.000253529908061003,-0.00611929716008124,3.25159547061665e-06,0.337050532675527,-0.293112214041589,0.000727047221965272,0.0534835492595395,6.29532765285596e-05,-8.70916224899393e-05,0.000440514878832533,0.000337218120958465,4.92373327832093e-05,0.000136088989901642,7.03388476158457e-06,-0.000112139137605814,0.000587169903312064,0.0198697057253275,5.79680088902233e-05,6.10730382217618e-05,7.14581684732485e-05,0.000185751407175399,-0.00171848367688618,0.00709434724050802,0.000106360332800495,-0.000746068822032424,0.000397999877566221,-6.96619603091253e-06,4.04392524747769e-06,9.87861157087866e-05,-3.38274596683382e-05,-6.93910360500211e-05,0.000642864560625486,-0.000119624345965167,0.000123762715425875,-7.71105456700177e-06,6.46472082236973e-06,1.17697024310532e-05,-9.34508832301474e-17,0.00174632224906805,6.86606415917961e-06,-3.5869465859756e-05,5.15591610353923e-16,-1.65779553970251e-06,-1.21080189719917e-05,-6.22976583147164e-05,0.000500506942305336,6.00131632263285e-18,-0.353171961598594,-5.08552354066503e-15,-0.79479545368012,-0.000707074346892493,8.86964843567982e-16,5.37613897529288e-07,7.1264876275692e-05,0.000949469260075613,6.51180023532557e-06,1.32751662716388e-16,1.57127201925804e-16,0.000137743403136807,-1.16766024203072e-16,1.29979017349246e-16,-4.10915064721502e-16,1.78760452381629e-17,-3.0775680486204e-16,-2.76807887452687e-06,7.49545316791003e-16,6.7545246010943e-17,-6.21098617930595e-06,9.68775973517365e-16,-3.42224445210444e-17,-4.29045707728676e-17,1.32775154215713e-15,2.22009065092003e-16,-1.95733165731588e-05,-1.24668112564839e-06,0.000147454414111745,-1.08721826800221e-16,-7.57698314766158e-17,-1.38662005479517e-16,-1.43918308454812e-15,2.26568622997638e-16,4.39112499247801e-06,1.01216740403227e-16,1.76941794549634e-15,2.86543359313238e-07,1.64339143586854e-15,-4.72252800130725e-16,-1.3723923648789e-15,1.52940007911339e-15,-3.28932570582145e-15,-1.65274041128402e-15,-7.00887390843433e-16,2.5808822325015e-15
"t41",0.155953118597212,0.0295713124316741,0.0742875637576454,-0.003911477828419,0.00111924380734725,-0.0191686373180629,0.000258698097139787,-0.00626208073357848,3.33920644088131e-06,0.347031033292402,-0.304943456240375,0.000760622449384453,0.0563193999944752,6.65230099039675e-05,-9.23893394778042e-05,0.000474650300024781,0.000369330883412692,5.43418516732527e-05,0.000151044775301364,7.94631730628988e-06,-0.000127132529969375,0.000674064948449684,0.0232355187675013,6.84221502286781e-05,7.26626361746292e-05,8.51906869649158e-05,0.000226006491103485,-0.00210708912211066,0.00919474336005108,0.000139992505535114,-0.000984383129881954,0.000535441520050514,-9.78213230547534e-06,5.92584027603798e-06,0.000166479916099582,-5.74671008574712e-05,-0.000123136287446742,0.0011503294653175,-0.000215159714521895,0.000234876272255874,-1.57680871447966e-05,1.41449033257594e-05,3.12468917886053e-05,-8.68268565066045e-17,0.00644988943899175,2.69127038692185e-05,-0.00519724145235095,-9.72789359083049e-16,6.35732071906553e-06,4.42716329890056e-05,0.000213503715893671,-0.00111790479498889,3.78529211111554e-16,0.480801933344727,2.76301939281028e-15,0.101959449984807,8.06106803433413e-05,-8.3611908509174e-16,2.02678581225919e-08,6.85957150363384e-06,0.000174535567270102,1.54352273013202e-06,-1.91898815231918e-16,1.81217691847304e-17,5.36700759029711e-05,1.66511362481802e-15,-0.707106781186547,-4.16505512137058e-15,6.47417817376008e-15,1.38371081182564e-15,-1.63607866743909e-06,1.81038412612053e-15,6.68356824312869e-16,-3.73821138936532e-06,-9.35508911283647e-17,-5.65527155196524e-16,-4.43970171030795e-16,2.17874470388799e-16,-7.46821679124008e-16,-1.22879694312184e-05,-7.88628378918623e-07,9.50717811871554e-05,-2.23026473039091e-16,-3.22653362049249e-16,9.2756907546918e-17,3.68988797141677e-16,4.11450512683496e-16,2.93113174006785e-06,2.39792793369467e-16,3.48332473976143e-15,1.96402133587231e-07,1.83299078773284e-15,5.89186977267601e-16,-1.62083509148378e-15,1.92838087445184e-15,-3.56196429761567e-15,-1.47525615112898e-15,3.13189263024864e-15,2.46823774762904e-15
"t42",0.155953118597212,0.0295713124316741,0.0742875637576454,-0.00391147782841895,0.0011192438073472,-0.019168637318063,0.000258698097139725,-0.00626208073357855,3.33920644088294e-06,0.347031033292402,-0.304943456240375,0.000760622449384456,0.0563193999944752,6.65230099038835e-05,-9.23893394777732e-05,0.000474650300024806,0.000369330883412709,5.43418516734713e-05,0.000151044775301462,7.94631730619711e-06,-0.000127132529969673,0.00067406494844991,0.0232355187675012,6.84221502285256e-05,7.26626361744206e-05,8.5190686964877e-05,0.000226006491103609,-0.00210708912211063,0.00919474336005121,0.000139992505534933,-0.00098438312988243,0.000535441520051155,-9.78213230560739e-06,5.92584027601063e-06,0.000166479916099772,-5.74671008576958e-05,-0.000123136287446865,0.00115032946531758,-0.000215159714522114,0.000234876272254935,-1.57680871448131e-05,1.41449033257487e-05,3.12468917889636e-05,2.60557084756685e-16,0.00644988943899146,2.69127038684257e-05,-0.00519724145235106,-8.61767056273753e-16,6.35732071937836e-06,4.42716329902973e-05,0.000213503715893975,-0.00111790479498952,1.39137371161969e-16,0.480801933344725,2.65199708007097e-15,0.101959449984808,8.06106803427861e-05,-2.53252002769912e-16,2.02678599407952e-08,6.85957150277386e-06,0.000174535567271238,1.54352272487477e-06,-8.58032629876806e-16,3.46418186906641e-16,5.36700758970175e-05,-1.21517629709364e-15,0.707106781186548,3.92916461753324e-15,-5.87705297506624e-15,-6.14690643618941e-16,-1.63607866591972e-06,-8.22856504014939e-16,-7.15952368699917e-16,-3.73821139205177e-06,6.90183398299292e-16,1.04429622618685e-15,3.52113114299978e-16,-2.69646096925216e-15,6.54131067103165e-16,-1.22879694347954e-05,-7.88628380779123e-07,9.50717811886296e-05,5.14868759047652e-16,2.10500330166294e-16,-1.08469513838662e-16,1.70125642669121e-15,8.79409971024567e-16,2.93113173770169e-06,1.56526051093864e-16,2.26901830657766e-15,1.96402132798863e-07,1.85288838298121e-15,-7.55789863511814e-18,-9.82268420023557e-16,2.39614920580408e-15,-3.78758091350897e-15,-1.7424618649646e-15,3.07638147901738e-15,2.34332948637244e-15
"t89",0.180992858002925,0.0430279627370569,0.126538297326055,-0.007583542611773,0.00360754271815931,-0.15519349665424,-0.00870623087665941,0.0155226109254425,-2.98187170126163e-06,-0.17152430602638,-0.0154745416015644,0.000121187394074184,0.013441900426699,1.79185104094674e-05,-2.74699764013125e-05,0.000175758295582325,0.000151330793305115,2.22704601087879e-05,-0.42006082041482,3.82978727694458e-06,-6.16500738532108e-05,0.00033464255896755,0.0119128484957508,3.55971121753683e-05,3.8249374221011e-05,4.4973663838775e-05,0.000122595794197464,-0.00115389482377126,0.00534873276355938,8.26771954124468e-05,-0.000582727589341371,0.000322837288591868,-6.13124101394323e-06,3.85531623410981e-06,0.000122363659933719,-4.25461134844008e-05,-0.00173289342724316,0.000890182542915504,-0.00016747523348445,0.000192738236762808,-1.39755930014138e-05,1.35380031797535e-05,3.97555103470473e-05,5.99753563581395e-16,0.117643283038122,-0.000114814496977553,-0.315131672179218,-4.80378906506916e-15,-2.48968782429093e-06,-1.60925125656325e-05,-6.98582927941635e-05,0.00015236335950531,1.38766406603458e-16,-0.000998334611447237,6.02383091372206e-16,2.3410990988472e-05,-3.55595410585953e-05,2.1492804920072e-16,1.52358620387485e-07,3.40732547372823e-05,0.308688790436879,-3.88768818892218e-06,-5.61973397970509e-16,7.27528187335978e-16,-1.16799682038852e-07,2.8841964193723e-16,-4.81803259089719e-16,1.74485115084183e-16,-6.40069259325561e-16,4.83645059654502e-16,-5.639405997118e-07,9.01096001724139e-16,2.58662245176767e-16,-1.32299339516446e-06,2.54365858939393e-15,2.34489116723955e-16,-1.13455585212309e-17,-2.61527804810702e-16,2.40861095499786e-16,-4.60242889961358e-06,-2.98232413627035e-07,3.68045094783621e-05,-7.20906874670048e-17,-6.13876467271786e-16,2.43245820225735e-16,-7.36127852194523e-15,2.58864580431989e-15,1.18148633125794e-06,1.92168986778728e-15,-1.75675446412171e-14,8.1515878080615e-08,-7.22787707276938e-15,-1.97504963763007e-14,0.707106781186546,6.32140505046274e-16,-5.87034214925734e-15,-2.91591409652476e-15,-4.60977009139852e-15,1.35012204263652e-15
"t90",0.180992858002925,0.043027962737057,0.126538297326055,-0.007583542611773,0.00360754271815935,-0.15519349665424,-0.00870623087665942,0.0155226109254426,-2.98187170121366e-06,-0.17152430602638,-0.0154745416015645,0.00012118739407427,0.0134419004266991,1.79185104094596e-05,-2.7469976401368e-05,0.000175758295582046,0.000151330793305015,2.22704601087717e-05,-0.420060820414819,3.82978727674554e-06,-6.16500738530933e-05,0.000334642558967455,0.0119128484957507,3.55971121754094e-05,3.82493742211745e-05,4.49736638386253e-05,0.000122595794197547,-0.00115389482377129,0.0053487327635597,8.26771954126485e-05,-0.000582727589341121,0.000322837288591692,-6.13124101407084e-06,3.85531623392429e-06,0.000122363659933368,-4.25461134841943e-05,-0.00173289342724332,0.000890182542915646,-0.000167475233485449,0.000192738236762716,-1.39755930013304e-05,1.35380031798813e-05,3.97555103471834e-05,5.39366898746087e-16,0.117643283038122,-0.000114814496977234,-0.315131672179218,-4.58174444228158e-15,-2.48968782473009e-06,-1.60925125652774e-05,-6.9858292793577e-05,0.000152363359505609,1.82134490307964e-16,-0.000998334611447346,-2.78856251633399e-16,2.34109909886959e-05,-3.55595410586223e-05,2.40948718591662e-16,1.52358620881357e-07,3.40732547383676e-05,0.30868879043688,-3.88768818807073e-06,-5.96667867143302e-16,8.68908149945813e-16,-1.1679968305193e-07,-3.3048510678945e-16,9.26833906841088e-17,-5.44983837499721e-17,2.25557755456051e-16,2.56779329881278e-17,-5.63940598975539e-07,-4.66956285854243e-16,-2.58341414657111e-17,-1.32299339309558e-06,-1.54267388005739e-15,1.65100426611807e-16,1.93845609152361e-16,-7.57658718940105e-16,-9.86704313110043e-17,-4.6024288930598e-06,-2.98232414293971e-07,3.68045094810784e-05,2.63587053338851e-16,4.8637970838896e-16,-1.04568419454467e-16,6.46099813463736e-15,-1.51295695933853e-15,1.18148632892647e-06,-1.02040022779877e-15,2.44266412652294e-14,8.15158735651211e-08,1.09336040623249e-14,2.02452880823593e-14,-0.707106781186549,3.20262300172055e-15,-1.28896262011655e-15,-2.70946905660576e-16,1.02186461812512e-14,4.01534073710655e-15
"t37",0.179574856746556,0.0423748504793687,0.124195957516051,-0.00742743615808686,0.00351552420056266,-0.150696912048484,-0.00843366379455961,0.0149689444943085,-2.85975142181417e-06,-0.163836467374084,-0.0145447358605569,0.000112930365157811,0.0124011974189287,1.64430873611964e-05,-2.50584707333097e-05,0.000156579559447914,0.000131548070468578,1.91385374510438e-05,-0.357981533735306,3.1796159613076e-06,-5.09203027849265e-05,0.000271392577326565,0.00940636772386726,2.77338192031478e-05,2.94635195286204e-05,3.45435128684501e-05,9.14852230357566e-05,-0.000851793578023671,0.00365685909910938,5.53536384211476e-05,-0.000388859262789759,0.000209871390441203,-3.76578323129584e-06,2.24032861071363e-06,5.97019229877695e-05,-2.05573916151012e-05,-0.000794566021488539,0.000404137824486406,-7.55690232266042e-05,8.16562085643438e-05,-5.43470564514104e-06,4.88009985704623e-06,1.16407493551342e-05,-2.27843226942118e-16,0.02480873096057,-2.2897307421798e-05,-0.0114450727676559,-5.79590245530931e-16,2.67471724078548e-07,1.82794318676532e-06,8.54691180764147e-06,-2.93555670634961e-05,1.71646151905022e-16,0.000304143447563617,-1.10115584562246e-15,-2.58875468266656e-05,4.04670836391197e-05,-1.3012754007557e-15,-2.5010898593389e-07,-6.72932430782736e-05,-0.872497280980631,1.48481960399491e-05,2.52484681207211e-15,-1.10387136208414e-15,0.000113288341345699,2.56857277124549e-16,8.15736918645935e-16,-4.99705480269983e-16,1.40618798278425e-15,6.01655981576402e-17,-1.67540522286138e-06,1.01215128219612e-15,-2.91467480003728e-16,-3.73171173717298e-06,1.25318322031525e-15,-5.85578459776366e-16,-2.05197498190663e-16,-3.20190292421979e-16,9.20179800362278e-17,-1.15814779703972e-05,-7.35822396275829e-07,8.65209961775006e-05,4.5920668977118e-16,-3.69110538087735e-16,-2.46537741027875e-16,1.6868194900429e-15,5.98201373904748e-16,2.55261042133034e-06,1.60917269157635e-17,1.96197225132977e-15,1.65591485018593e-07,1.33902865044303e-15,-1.15511164671267e-16,-1.54725412627403e-15,1.54265079584591e-15,-3.64125811027239e-15,-1.75305457747024e-15,2.96736427049976e-15,1.92603682587845e-15
"t20",0.17786031187283,0.0415816323032062,0.121345369898822,-0.00723721720880265,0.00340306045116085,-0.145189581555563,-0.00809935121561303,0.0142880330535931,-2.70907540616612e-06,-0.15432827958856,-0.0133838087827825,0.00010256883042651,0.0110875906295413,1.4574964994377e-05,-2.19945534406814e-05,0.000131877416212232,0.000105708471780171,1.50210757551514e-05,-0.275981747276446,2.30816163259598e-06,-3.64973674374955e-05,0.000185508297234936,0.00595276806130319,1.68203273617364e-05,1.71946576773167e-05,1.99559141182044e-05,4.72989007938e-05,-0.000420254052861106,0.00114219542535168,1.4309851562857e-05,-9.71586564585854e-05,3.76677260029805e-05,-5.85039508232183e-08,-3.58160638493611e-07,-4.92915989964975e-05,1.78475562963079e-05,0.000880361890258092,-0.000466977469637099,8.95599792654085e-05,-0.000122993310877068,1.08214124918852e-05,-1.20564394739249e-05,-4.72551205557252e-05,-1.05540871604866e-15,-0.187919319022295,0.000190529059061498,0.858420882865627,1.31600176664788e-14,1.02123655427764e-05,6.71917477771058e-05,0.000299166420191144,-0.000803861600919544,-2.39665963435056e-16,0.00759545546762951,8.61877378358751e-16,0.000196244617983218,-0.000278912226758198,8.56197573311961e-16,5.71537304969272e-07,8.71066350382513e-05,0.218897978658956,2.98015437412092e-06,-1.37461805858726e-15,-2.79562130585318e-16,0.00011305434145465,-1.93980366624097e-16,-1.64471486654785e-17,-5.5513380507447e-17,-9.95023216905929e-16,-6.10558071972072e-16,-2.28730894178397e-06,4.604320404139e-16,1.97521295184018e-16,-5.1150081930826e-06,1.84920457360694e-16,7.42848541545311e-16,-9.96724355997947e-17,-1.50466081081501e-16,4.23275688231176e-18,-1.59731603315303e-05,-1.01550429560553e-06,0.000119525105252876,-7.80084066441225e-17,-2.35653219793639e-16,3.2163491713177e-17,1.14766462709625e-16,4.49290752356599e-16,3.52420263196857e-06,4.30374361874854e-18,-8.01442245901285e-16,2.28024149543993e-07,1.66740118324887e-15,-7.69562282462381e-16,-1.22076561994598e-15,2.15362342679643e-15,-3.20398186287421e-15,-1.75112855810498e-15,3.32450506159765e-15,2.54646260075089e-15
"t50",0.180494775399115,0.0427998267644309,0.125722354086045,-0.00752926105897427,0.00357569019330991,-0.153642313482075,-0.0086124319182672,0.015332996501869,-2.94031761845147e-06,-0.168921835067405,-0.0151676519129821,0.000118509852944718,0.0131131045729562,1.74603137418339e-05,-2.67379600000831e-05,0.000170831431569146,0.000149598371353081,2.33793293316392e-05,0.314883106126331,3.43366575198331e-06,-5.54950257139346e-05,0.000302603665644507,0.0107451469604129,3.20228638401419e-05,3.43197517908898e-05,4.03252547917196e-05,0.000109109879057494,-0.0010239409986365,0.00464450433656666,7.13609253742305e-05,-0.00050249022947871,0.000276290743097625,-5.16036053599284e-06,3.18876640430044e-06,8.76523532507804e-05,-2.94383563456796e-05,0.498751252340388,0.00147906177143548,-0.000226063446658322,0.000183293163738295,-1.26922980607398e-05,1.23060001339473e-05,3.94218488259663e-05,8.03300850563972e-16,0.196285015651519,-0.000235204040816068,0.0166345475864753,3.0008653194284e-16,2.68552027062398e-08,2.46771386022492e-07,1.56314868769088e-06,-1.55777266643533e-05,2.52981582417692e-16,0.000325417725733389,-2.60159004372222e-17,2.68991772665902e-05,-3.87209903717783e-05,-3.03446021111027e-16,8.78124083538006e-08,1.31162637751714e-05,0.00355724282765181,1.3994596866574e-06,1.14929119953129e-15,2.08309641791279e-16,3.7286910460493e-05,-6.30766919378176e-17,-1.11424906870536e-15,-1.27607987581132e-15,7.49119276965972e-16,1.09023745229511e-15,-9.67052095744527e-07,-0.707106781186548,-1.16308594551965e-15,-2.19921853305229e-06,9.63325184958268e-16,-5.2771206098826e-15,3.01504530982963e-15,-2.58344077219447e-16,1.38735867392919e-15,-7.15773961141338e-06,-4.5862746897664e-07,5.5075952672389e-05,-1.66706690111876e-17,-3.60655246878884e-16,-1.07374672285866e-15,-1.39143906964578e-15,7.81783972229507e-16,1.68762272449382e-06,-8.1330116358841e-16,4.02108901731424e-15,1.12644823165549e-07,1.78114273457281e-15,2.15457321685088e-16,-6.8855028776451e-16,2.20731904178537e-15,-2.7733845881587e-15,-1.63006863968221e-15,1.48566389952788e-15,2.24389091110514e-15
"t51",0.180494775399115,0.0427998267644309,0.125722354086045,-0.00752926105897427,0.00357569019330993,-0.153642313482075,-0.00861243191826726,0.0153329965018689,-2.9403176184285e-06,-0.168921835067405,-0.015167651912982,0.000118509852944713,0.0131131045729561,1.74603137416994e-05,-2.67379600000497e-05,0.000170831431569224,0.000149598371353052,2.33793293317514e-05,0.31488310612633,3.43366575191906e-06,-5.54950257139337e-05,0.000302603665644657,0.0107451469604129,3.20228638400179e-05,3.43197517909278e-05,4.03252547917314e-05,0.000109109879057421,-0.0010239409986365,0.00464450433656688,7.13609253743492e-05,-0.000502490229479052,0.000276290743097689,-5.16036053564726e-06,3.18876640437146e-06,8.76523532507774e-05,-2.94383563456917e-05,0.498751252340389,0.00147906177143503,-0.000226063446658468,0.000183293163737986,-1.26922980606948e-05,1.23060001339096e-05,3.94218488259238e-05,5.25726137676968e-16,0.196285015651519,-0.000235204040815946,0.0166345475864751,4.73558880617158e-16,2.68552027882669e-08,2.46771386318974e-07,1.56314868748084e-06,-1.55777266641169e-05,6.13804065402351e-16,0.000325417725733307,-1.57854886258952e-16,2.68991772670587e-05,-3.87209903719425e-05,3.80035028526257e-16,8.78124087288973e-08,1.31162637753106e-05,0.00355724282765268,1.39945968502894e-06,-9.67071440791839e-16,2.78984002059791e-17,3.72869104630118e-05,1.46733378356737e-16,1.34436476071036e-15,1.93315855473736e-15,-3.92328769896576e-16,-1.15102530482529e-15,-9.67052093881094e-07,0.707106781186548,1.13715774309623e-15,-2.19921855898741e-06,-2.70478896106352e-17,5.45734824448029e-15,-2.92422339246585e-15,-7.85700013916324e-16,-1.24266291496555e-15,-7.15773959674109e-06,-4.58627462821676e-07,5.5075952672438e-05,4.5113898416499e-16,8.437286910772e-17,8.62202555339008e-16,2.41454423664614e-15,2.57132742981364e-16,1.6876227298229e-06,1.33775584445046e-15,2.71137279295175e-15,1.12644822364214e-07,1.5069177132356e-15,-4.95779304850177e-16,-2.08443227724466e-15,1.08490981146244e-15,-4.18132004442594e-15,-1.64936969702887e-15,2.50568130340224e-15,2.52143398021334e-15
"t54",0.180538155602152,0.042820036445698,0.125795216310195,-0.00753413301603294,0.00357858476753575,-0.153784557554531,-0.00862108721182379,0.0153507051031496,-2.94425828203154e-06,-0.169171546482568,-0.0151986723229571,0.0001187894068909,0.013148964065078,1.75116437199134e-05,-2.68227794103887e-05,0.000171538619179275,0.000150379720559648,2.3513974742826e-05,0.31682386277222,3.45943123098417e-06,-5.59269656475686e-05,0.000305271422372515,0.0108575043644987,3.23860855208677e-05,3.47361291890898e-05,4.08228052509694e-05,0.000110696545489164,-0.00103975201601864,0.00475254164380953,7.32142062193898e-05,-0.000515769092439836,0.00028467671895846,-5.37401643035065e-06,3.37225514811889e-06,0.000116802502005275,-4.16223843888751e-05,-0.501195730516594,7.55822877975074e-06,-5.36103919932115e-05,0.000139585004531629,-1.09912164890376e-05,1.105854171655e-05,3.67607547635464e-05,-1.41751951104244e-16,0.186306423214952,-0.000223600653115371,0.0160244226158338,2.0567818946166e-16,2.6008569862865e-08,2.39032005767422e-07,1.51447814896925e-06,-1.51175930626475e-05,-3.98633679382191e-17,0.000316437093267552,-1.34081478850885e-16,2.63129079371165e-05,-3.78813963788132e-05,1.57983158842082e-17,8.6022808353755e-08,1.28563896559557e-05,0.00349005665411946,1.3738880620483e-06,-7.77430355481863e-16,5.08011967960212e-16,3.66811819483567e-05,1.04838962376449e-16,3.73655412768205e-16,-1.84263883252479e-15,8.52761432917617e-16,-2.38898360778045e-15,-9.54713406652965e-07,6.34729301834079e-16,-5.02564993357717e-15,-2.17164574211024e-06,-0.707106781186547,2.78152071379239e-14,3.98956838180367e-15,1.06201923337625e-15,7.46992561382184e-16,-7.07192205904252e-06,-4.53176473256978e-07,5.44361310946296e-05,2.37034311080688e-16,-5.69299678883162e-16,9.88868141760385e-16,-7.86028930030975e-16,4.75226982069932e-16,1.66889139447091e-06,3.81765991964635e-16,1.75380543421255e-15,1.11442180237579e-07,2.26824068880901e-15,-5.46643035044674e-18,7.6587813179591e-16,2.72721953339313e-15,-3.48351656040335e-15,-1.92004479411117e-15,4.4401386603013e-15,3.05296487671384e-15
"t55",0.180538155602152,0.042820036445698,0.125795216310195,-0.00753413301603305,0.00357858476753581,-0.153784557554531,-0.00862108721182378,0.0153507051031496,-2.9442582820118e-06,-0.169171546482568,-0.0151986723229572,0.000118789406891015,0.0131489640650781,1.7511643719819e-05,-2.68227794103237e-05,0.000171538619179365,0.000150379720559513,2.35139747430324e-05,0.31682386277222,3.45943123094854e-06,-5.59269656475352e-05,0.000305271422372681,0.0108575043644989,3.23860855208512e-05,3.47361291891805e-05,4.0822805251026e-05,0.000110696545489088,-0.00103975201601856,0.00475254164380963,7.32142062194548e-05,-0.000515769092440395,0.00028467671895838,-5.37401642995717e-06,3.37225514817891e-06,0.000116802502005201,-4.16223843887778e-05,-0.501195730516594,7.55822878078126e-06,-5.36103919937181e-05,0.000139585004531178,-1.09912164887725e-05,1.10585417164597e-05,3.67607547639025e-05,1.43772644113183e-17,0.186306423214952,-0.000223600653114704,0.0160244226158343,1.22411463750455e-16,2.60085698555163e-08,2.39032006284777e-07,1.51447814907327e-06,-1.51175930629598e-05,1.96059024771838e-16,0.000316437093268127,-1.06325901737424e-16,2.63129079376587e-05,-3.78813963799555e-05,-7.31062621683074e-17,8.60228100130079e-08,1.28563896598498e-05,0.00349005665412049,1.37388805789375e-06,6.58920683098964e-16,-2.96899724978463e-16,3.66811819487973e-05,-9.14691897143565e-17,-3.29971773809965e-16,1.18618835652023e-15,-8.82395723509354e-16,2.50987546167635e-15,-9.54713429684845e-07,7.95868220783988e-16,5.43126352542159e-15,-2.17164589252989e-06,0.707106781186548,-2.74253272464805e-14,-3.93555731111087e-15,-1.59557713182011e-15,-6.87418447336891e-16,-7.07192205469877e-06,-4.53176481763689e-07,5.44361310855481e-05,1.27893239331386e-16,2.97631389324041e-16,-9.33202523723233e-16,4.35216397055205e-16,6.92366433393272e-16,1.66889139502602e-06,2.84621349759438e-16,3.76781938982163e-15,1.11442179858126e-07,1.01116749680471e-15,8.04023797900017e-17,-3.29260172113445e-15,1.08439610314815e-15,-3.63493637074538e-15,-1.22205733084772e-15,1.82417565852828e-15,1.77619834083243e-15
"t16",0.177700312854474,0.0415071771270748,0.121077173079344,-0.00721929632904218,0.00339243488170729,-0.144668382747622,-0.0080676828359385,0.0142234450454199,-2.69477121801023e-06,-0.153425680735467,-0.0132744119987527,0.000101602488391196,0.0109675761426252,1.44070314842789e-05,-2.17256463858263e-05,0.000130149215771534,0.000105945500009905,1.59626487045114e-05,0.209101374852655,2.07647624242728e-06,-3.29009508031592e-05,0.000166550863941818,0.00523406100120736,1.45670803765855e-05,1.46633651650924e-05,1.69447678424028e-05,3.80390369891773e-05,-0.000328986536798772,0.000559388453418501,4.5116162132303e-06,-2.71887877067098e-05,-5.26793121367322e-06,9.50905954718e-07,-1.1319626884433e-06,-9.31262482078229e-05,3.35737813944968e-05,0.00950548864426411,-0.000851629735689618,0.000164150135269676,-0.000228331619603257,2.06910970182017e-05,-2.40242582390481e-05,-0.000113408406468116,-1.19908417012418e-15,-0.888641999126077,0.00113638619255083,-0.251385995441687,-3.99086340848528e-15,3.72411222666548e-06,2.53508136385169e-05,0.000117950060711504,-0.000401012117146749,-8.91535142594622e-16,0.0045324293274024,4.23558524181759e-16,0.000145532845179677,-0.000206777785765716,-1.62002906219721e-16,4.05948328337524e-07,5.71721926208574e-05,0.014145339515277,5.24953993909765e-06,-2.79737891174338e-16,-3.04737168312756e-16,0.00011679106522825,2.131789723449e-17,-1.49447199806936e-16,-6.38042668442679e-16,-4.2089695241851e-16,-1.15201713864435e-16,-2.29433386314769e-06,5.24999280252664e-16,-3.03417054584538e-16,-5.1316459263846e-06,5.99518893006848e-16,-5.03855706593824e-17,-2.75647553522969e-16,2.19292166070513e-16,1.03637597333612e-16,-1.6035954746024e-05,-1.01965539149655e-06,0.000120065381128121,-1.26472758621783e-16,-3.30644875052861e-16,1.1357184141451e-16,-4.76898744507501e-16,4.32582585072729e-16,3.54335647804993e-06,-2.30819779472692e-16,1.22818422099158e-15,2.29442370011685e-07,1.80395883152651e-15,-4.19392428811568e-16,-1.14847176750935e-15,2.09807228394398e-15,-3.56295228521349e-15,-1.89906007448275e-15,2.7124636222377e-15,2.75599319661774e-15
