accepted_species,0,1
Guettarda_divaricata,0.89011675,0.109883234
Stenostomum_ophiticola,0.89193684,0.10806318
Guettarda_undulata,0.891316,0.108683996
Guettarda_angelica,0.89011675,0.109883234
Hillia_ulei,0.9209418,0.07905816
Hoffmannia_arborescens,0.93096256,0.06903744
Timonius_carstensensis,0.8893913,0.11060867
Timonius_meridionalis,0.8881735,0.11182647
Cinchona_officinalis,0.9204642,0.07953577
Isidorea_rheedioides,0.93155104,0.068448976
