accepted_species,0,1
t20,0.1904347220915772,0.8095652779084228
t21,0.19032524455656386,0.8096747554434361
t25,0.18995349849611753,0.8100465015038825
t42,0.19034641605393,0.80965358394607
t82,0.19007870190898135,0.8099212980910186
t83,0.19008350537176688,0.8099164946282331
t102,0.19001755480462457,0.8099824451953754
t103,0.19001729392213995,0.80998270607786
t104,0.19035238858486148,0.8096476114151385
t105,0.19035256075197748,0.8096474392480225
