accepted_species,0,1
t20,0.18806249949277765,0.8119375005072224
t21,0.18803812932196873,0.8119618706780313
t25,0.18786824167685223,0.8121317583231478
t42,0.1880584747812294,0.8119415252187706
t82,0.18807245508211545,0.8119275449178845
t83,0.1880189742216717,0.8119810257783283
t102,0.1879027990991603,0.8120972009008397
t103,0.18786140262399753,0.8121385973760025
t104,0.1879140735582977,0.8120859264417023
t105,0.18804240926362614,0.8119575907363739
