accepted_species,0,1
t20,0.6709858,0.3290142
t21,0.103055775,0.8969442
t25,0.073844016,0.926156
t42,0.49651015,0.50348985
t82,0.6416232,0.3583768
t83,0.7878357,0.21216425
t102,0.042069077,0.9579309
t103,0.08932638,0.9106736
t104,0.6709858,0.3290142
t105,0.76777905,0.23222093
