accepted_species,estimate
t88,0.22353078984636635
t89,0.22375512005290008
t27,0.18864625926090609
t28,0.5121029953647009
t71,0.2276246232413113
t81,0.22857650784444164
t82,0.2729217971270662
t21,0.5938926826298729
t3,0.6014080061462913
t43,0.33279591933984387
