accepted_species,estimate
t88,-0.027287122626137514
t89,-0.027287122626137514
t27,-0.1571808557649476
t28,-0.15718085576494728
t71,-0.1774861666495259
t81,-0.17842655224851506
t82,-0.17842655224851495
t21,-0.13200761557014742
t3,0.004080521615655076
t43,0.34747762553503453
