"accepted_species","estimate"
"t88",0.262275035305359
"t89",0.262275035305359
"t27",-0.15988665474935
"t28",-0.15988665474935
"t71",-0.226724958128083
"t81",-0.197214224995046
"t82",-0.197214224995046
"t21",0.497578271438753
"t3",0.397990635847808
"t43",0.832357334311815
