accepted_species,estimate
t23,-0.22421881857432152
t67,0.254105875190856
t153,0.8600966168421041
t154,0.9295584615974645
t104,0.7886955151497271
t95,0.9537764937449912
t135,0.8214828082030979
t58,0.09133283527254593
t59,-0.22068034279541565
t160,0.04301661548553353
t144,-0.24550200660157523
t109,-0.07849921879062355
t79,-0.018001412472636265
t165,0.9795501863012178
t166,0.982586888735833
t63,0.09925696199926842
