"accepted_species","estimate"
"t23",-0.130218887539931
"t67",0.415621664591694
"t153",0.415621664591694
"t154",0.415621664591694
"t104",0.415621664591694
"t95",0.415621664591694
"t135",0.871366257601838
"t58",0.0664840436675491
"t59",0.0664840436675491
"t160",0.072397740559671
"t144",0.0471041970361948
"t109",0.000341769259756892
"t79",0.00644477926768947
"t165",-0.253431680734629
"t166",-0.253431680734629
"t63",-0.253431680734629
