"accepted_species","estimate"
"t23",-0.130218887539932
"t67",0.41562166459169
"t153",0.41562166459169
"t154",0.41562166459169
"t104",0.41562166459169
"t95",0.41562166459169
"t135",0.871366257601837
"t58",0.0664840436675468
"t59",0.0664840436675468
"t160",0.0723977405596709
"t144",0.0471041970361945
"t109",0.000341769259756395
"t79",0.00644477926768849
"t165",-0.253431680734625
"t166",-0.253431680734625
"t63",-0.253431680734625
