accepted_species,0,1
t33,0.5963254397498903,0.4036745602501098
t37,0.5776926018651198,0.4223073981348802
t46,0.5971396777416811,0.40286032225831886
t60,0.6206254294565714,0.3793745705434286
t64,0.7983711734789287,0.20162882652107134
t92,0.4841738727519038,0.5158261272480962
t93,0.5679648557132615,0.43203514428673845
t95,0.22322410081278365,0.7767758991872163
t114,0.4928666304155448,0.5071333695844552
t127,0.4322059778592484,0.5677940221407516
