accepted_species,0,1
t33,0.5942565130055841,0.40574348699441587
t37,0.5932287079750478,0.4067712920249522
t46,0.5920927217470069,0.40790727825299306
t60,0.5892535000661885,0.41074649993381146
t64,0.6957707969021549,0.3042292030978451
t92,0.6972131537513582,0.30278684624864177
t93,0.45869414155055266,0.5413058584494473
t95,0.2621556076402427,0.7378443923597573
t114,0.6483379364667652,0.3516620635332348
t127,0.09638343064498478,0.9036165693550152
