"accepted_species","0","1"
"t33","0.500068451751169","0.499931548248831"
"t37","0.50077565222503","0.49922434777497"
"t46","0.500029057779249","0.499970942220751"
"t60","0.50930563470598","0.49069436529402"
"t64","0.520097165436591","0.479902834563409"
"t92","0.679750303068","0.320249696932"
"t93","0.317431840347668","0.682568159652332"
"t95","0.157766713259957","0.842233286740043"
"t114","0.743803458262192","0.256196541737808"
"t127","0.0201142758810457","0.979885724118954"
