accepted_species,0,1
t19,0.8033605,0.1966395
t67,0.5494311,0.4505689
t72,0.84370875,0.15629125
t85,0.99721193,0.002788055
t88,0.9116939,0.088306144
t95,0.9764091,0.023590919
t104,0.98826766,0.011732354
t111,0.9764091,0.023590919
t124,0.9713073,0.028692722
t132,0.9975949,0.0024050784
