accepted_species,0,1
t33,0.9547754,0.04522461
t37,0.95778346,0.04221651
t46,0.95778346,0.04221651
t60,0.8229956,0.17700438
t64,0.97709185,0.02290817
t92,0.96345377,0.03654623
t93,0.22274196,0.77725804
t95,0.05626279,0.9437372
t114,0.51604706,0.48395294
t127,0.03285384,0.96714616
