"accepted_species","0","1"
"sp14",0.7992215353225,0.2007784646775
"sp66",0.799220846554829,0.200779153445171
"sp80",0.799876561188538,0.200123438811462
"sp98",0.81271223682151,0.18728776317849
"sp124",0.881270024247124,0.118729975752876
"sp128",0.857802613874572,0.142197386125428
"sp129",0.880579298176132,0.119420701823868
"sp132",0.884648224812339,0.115351775187661
"sp139",0.938924798992978,0.0610752010070222
"sp142",0.944989600099883,0.0550103999001173
