accepted_species,0,1
sp14,0.8109148999817649,0.1890851000182351
sp66,0.8111642359807616,0.18883576401923835
sp80,0.8112442225979655,0.18875577740203453
sp98,0.8111026391313545,0.18889736086864548
sp124,0.8109089567027773,0.18909104329722273
sp128,0.8109211479240039,0.18907885207599603
sp129,0.8115351630376653,0.18846483696233468
sp132,0.8117128874279109,0.1882871125720891
sp139,0.8112442372554716,0.1887557627445285
sp142,0.8109299758228181,0.18907002417718188
