accepted_species,0,1
sp14,0.8110792241185399,0.18892077588146003
sp66,0.8107579275816049,0.18924207241839505
sp80,0.8117693140629355,0.18823068593706452
sp98,0.812019468469172,0.18798053153082803
sp124,0.8107459153118803,0.1892540846881197
sp128,0.8106764414903912,0.18932355850960883
sp129,0.8111308683198926,0.18886913168010747
sp132,0.8110545832640396,0.1889454167359604
sp139,0.8117756202075324,0.18822437979246767
sp142,0.8107348621022605,0.18926513789773947
