accepted_species,0,1
sp14,0.8666247,0.13337526
sp66,0.7777403,0.22225969
sp80,0.82507664,0.17492338
sp98,0.85827595,0.14172404
sp124,0.8259453,0.1740547
sp128,0.76818043,0.23181957
sp129,0.83058214,0.16941784
sp132,0.83858097,0.16141902
sp139,0.81263566,0.18736432
sp142,0.83964574,0.16035424
