accepted_species,0,1
sp14,0.99738395,0.002616026
sp66,0.9762625,0.023737503
sp80,0.67249924,0.32750076
sp98,0.8100349,0.18996513
sp124,0.9312357,0.06876432
sp128,0.058107555,0.94189245
sp129,0.9761354,0.023864646
sp132,0.72232985,0.27767017
sp139,0.59492457,0.40507546
sp142,0.52609754,0.47390246
