accepted_species,0
t56,0.0037880756014295946
t28,0.0037880756014295946
t74,0.0037880756014295946
t46,0.0037880756014295946
t43,0.0037880756014295946
t88,1.26364787959209
t15,0.0037880756014295946
t94,-1.28291663089268
t63,0.0037880756014295946
t92,-2.043524071941102
