accepted_species,0,1
sp70,0.644060266859056,0.35593973314094396
sp91,0.6436731039295791,0.3563268960704209
sp119,0.6437820491912734,0.35621795080872665
sp120,0.6435276912837234,0.35647230871627655
sp122,0.6438365533403976,0.35616344665960237
sp143,0.643937644441873,0.356062355558127
sp159,0.6439718524186995,0.35602814758130047
sp162,0.6452704079551859,0.3547295920448141
sp169,0.6526278926343309,0.34737210736566915
sp170,0.6526264067916525,0.34737359320834743
