accepted_species,0,1
sp70,0.9088034,0.09119662
sp91,0.93956614,0.060433865
sp119,0.92473674,0.07526328
sp120,0.92473674,0.07526328
sp122,0.929981,0.07001904
sp143,0.9450894,0.054910623
sp159,0.9489937,0.05100634
sp162,0.91003305,0.08996695
sp169,0.91005594,0.08994406
sp170,0.96069884,0.039301146
