accepted_species,0,1
sp70,0.6980456,0.30195442
sp91,0.74438095,0.25561902
sp119,0.74438095,0.25561902
sp120,0.6980456,0.30195442
sp122,0.6980456,0.30195442
sp143,0.74438095,0.25561902
sp159,0.74438095,0.25561902
sp162,0.71475565,0.28524435
sp169,0.7550051,0.24499488
sp170,0.7550051,0.24499488
