accepted_species,estimate
t91,-0.13290374620050674
t85,0.15252556871702413
t75,0.0483129113802778
t76,0.03571289469066639
t35,0.12832517301314336
t32,-0.015042210478719363
t50,0.15755263622404822
t14,0.6399275466376466
t13,0.6055425720373255
t3,0.019021088108619223
