accepted_species,0
t91,0.28360918745377817
t85,-0.09983474547739446
t75,
t76,
t35,
t32,
t50,
t14,
t13,
t3,
