accepted_species,0
t91,0.28360918745377817
t85,-0.09983474547739446
t75,-0.016145103614135396
t76,-0.016145103614135396
t35,-0.016145103614135396
t32,-0.016145103614135396
t50,-0.016145103614135396
t14,-0.016145103614135396
t13,-0.016145103614135396
t3,-0.016145103614135396
