accepted_species,estimate
t91,0.2680446
t85,-0.48285997
t75,-0.047726966
t76,-0.047726966
t35,-0.22908626
t32,0.21682233
t50,-0.16093582
t14,1.0642065
t13,1.3073273
t3,-0.16962267
