accepted_species,0,1
t40,0.0020020604,0.99799794
t90,0.0020020604,0.99799794
t72,0.0020020604,0.99799794
t47,0.011479557,0.98852044
t99,0.06640059,0.9335994
t81,0.017744303,0.9822557
t82,0.017744303,0.9822557
t83,0.4780165,0.5219835
t45,0.0094047785,0.9905952
t31,0.017304182,0.9826958
