accepted_species,0,1
t40,0.0064184666,0.99358153
t90,0.00053459406,0.9994654
t72,0.00053459406,0.9994654
t47,0.00590384,0.99409616
t99,0.022860467,0.97713953
t81,0.022860467,0.97713953
t82,0.022860467,0.97713953
t83,0.014077544,0.98592246
t45,0.026412725,0.9735873
t31,0.026412725,0.9735873
