accepted_species,estimate
Carissa_macrocarpa,0.2862353154481404
Galium_eriocarpum,-0.3414918195481279
Gentiana_affinis,-0.6629748468375964
Gentianella_amarella,-0.0879950519499886
Ixora_pendula,0.4222905267049563
Psychotria_brachypoda,0.03803747018837817
Psychotria_grandis,0.07836875953816719
Randia_pterocarpa,0.2608864400749006
Rubia_tinctorum,-0.30929869038639957
Spermacoce_brachystema,0.2879733444690143
