accepted_species,estimate
t6,-0.30327669645455546
t47,-0.5151516606849111
t48,-0.5151516606849109
t18,-0.4938201429358279
t80,-0.7507356957357645
t89,-0.7582065772507054
t33,-0.6640704436150059
t37,0.8003947653801484
t71,0.8574426528097049
t66,0.7819964653553634
