accepted_species,0,1
t72,0.8570548,0.1429452
t54,0.9376204,0.06237963
t129,0.8895148,0.11048519
t92,0.9159647,0.08403531
t25,0.7705641,0.22943595
t97,0.95111674,0.04888326
t45,0.93020445,0.069795564
t67,0.81209207,0.18790792
t16,0.97849804,0.021501934
t135,0.98801804,0.011981984
t35,0.8441565,0.15584353
t36,0.9541538,0.045846194
t18,0.8844836,0.11551642
t5,0.6475518,0.3524482
t29,0.9228148,0.07718522
