accepted_species,0,1
sp7,0.58545125,0.41454875
sp11,0.660541,0.339459
sp27,0.6968903,0.3031097
sp28,0.7600669,0.23993307
sp30,0.58545125,0.41454875
sp85,0.80861473,0.19138527
sp99,0.58545125,0.41454875
sp100,0.6968903,0.3031097
sp103,0.7600669,0.23993307
sp104,0.80861473,0.19138527
