accepted_species,0,1
sp7,0.7680309,0.23196913
sp11,0.7680309,0.23196913
sp27,0.91198134,0.088018686
sp28,0.91198134,0.088018686
sp30,0.8552756,0.14472443
sp85,0.91198134,0.088018686
sp99,0.90192425,0.09807578
sp100,0.90192425,0.09807578
sp103,0.91198134,0.088018686
sp104,0.91198134,0.088018686
