accepted_species,0,1
t33,0.49398602757315613,0.5060139724268439
t50,0.49583159988732894,0.5041684001126711
t56,0.49915085453878627,0.5008491454612137
t75,0.49936967852493774,0.5006303214750623
t90,0.503028890676472,0.49697110932352795
t92,0.4940562547435108,0.5059437452564892
t99,0.5038338538344355,0.49616614616556454
t127,0.5040704986761231,0.4959295013238769
t129,0.49586449791837806,0.504135502081622
t133,0.5030143206398424,0.4969856793601576
