accepted_species,0,1
t33,0.44264431737364573,0.5573556826263543
t50,0.4815564568780354,0.5184435431219646
t56,0.48672094316425685,0.5132790568357432
t75,0.4857842192425723,0.5142157807574277
t90,0.49522819702380017,0.5047718029761998
t92,0.4398113353162174,0.5601886646837826
t99,0.5473499073729335,0.45265009262706646
t127,0.5486731334532428,0.45132686654675724
t129,0.47971197074065874,0.5202880292593413
t133,0.48709948638384803,0.512900513616152
