accepted_species,0,1
t33,0.0,1.0
t50,0.49996003127274924,0.5000399687272508
t56,0.5000255943369241,0.499974405663076
t75,0.5000186817456524,0.4999813182543476
t90,0.5000942587080155,0.4999057412919845
t92,0.0,1.0
t99,0.6819117054321691,0.31808829456783094
t127,0.6820824365927718,0.31791756340722827
t129,0.4997968433604558,0.5002031566395442
t133,0.142492168701304,0.857507831298696
