"accepted_species","estimate"
"t1",-0.203359328995005
"t31",0.604612047252485
"t71",-0.30500899226323
"t72",-0.30500899226323
"t88",-0.633182704703074
"t26",0.700495819757693
"t112",0.71307997020677
"t131",0.694490931175138
"t68",-1.09026590968779
"t96",-1.22714072961064
"t78",-0.272589616957688
"t50",0.480884006431308
"t42",-0.811125242127582
