accepted_species,estimate
t6,-0.711408919960207
t70,-0.4784977083404399
t39,-0.4073186870380362
t80,1.0151094096772306
t5,0.0953362790551692
t54,-0.07757841704282256
t13,1.018648334194235
t23,1.771654004952002
t82,0.025113717506844407
t47,0.12853808484689241
