"accepted_species","estimate"
"t6",-0.442270011568983
"t70",-0.617041182032164
"t39",-0.676546357717692
"t80",0.833418372047499
"t5",0.0785745476307283
"t54",0.0288436520496427
"t13",0.570971136645393
"t23",1.55912130246726
"t82",0.476418085572137
"t47",0.00174999877001537
