accepted_species,0,1
t78,0.6239219839468324,0.3760780160531676
t85,0.6215583599960909,0.3784416400039091
t89,0.6235477336089938,0.3764522663910062
t104,0.620862284504529,0.37913771549547104
t115,0.6165847847782646,0.38341521522173533
t133,0.6240152470340508,0.37598475296594924
t142,0.6236958321475505,0.3763041678524495
t152,0.6211005644893695,0.3788994355106306
t171,0.6237144754989049,0.3762855245010951
t178,0.6241132256491221,0.3758867743508779
