accepted_species,0,1
t78,0.5844462793475187,0.41555372065248136
t85,0.8675992514773428,0.13240074852265715
t89,0.6210958895543326,0.3789041104456674
t104,0.3530654971440649,0.6469345028559351
t115,0.3669186442084217,0.6330813557915783
t133,0.4790047954868931,0.5209952045131069
t142,0.5075370104745612,0.49246298952543877
t152,0.6540224193635306,0.34597758063646944
t171,0.5261700280623831,0.47382997193761683
t178,0.9742406799915353,0.0257593200084647
