accepted_species,0,1
t78,0.6222222222222222,0.37777777777777777
t85,0.6222222222222222,0.37777777777777777
t89,0.6222222222222222,0.37777777777777777
t104,0.6222222222222222,0.37777777777777777
t115,0.6222222222222222,0.37777777777777777
t133,0.6222222222222222,0.37777777777777777
t142,0.6222222222222222,0.37777777777777777
t152,1.0,0.0
t171,1.0,0.0
t178,1.0,0.0
