"accepted_species","0","1"
"t14","0.504698852257033","0.495301147742967"
"t30","0.477261400441065","0.522738599558935"
"t52","0.563774943278556","0.436225056721444"
"t61","0.42158449779559","0.57841550220441"
"t63","0.402200438903391","0.597799561096609"
"t87","0.743352401786807","0.256647598213193"
"t91","0.183319104827456","0.816680895172544"
"t92","0.298609980074288","0.701390019925712"
"t102","0.756888208099928","0.243111791900072"
"t118","0.0562443375649041","0.943755662435096"
