accepted_species,0,1
t14,0.57915735,0.42084262
t30,0.40323073,0.5967693
t52,0.5002468,0.49975318
t61,0.40693533,0.59306467
t63,0.58816755,0.41183242
t87,0.4966814,0.5033186
t91,0.5890075,0.41099253
t92,0.4214697,0.5785303
t102,0.4061393,0.5938607
t118,0.48455048,0.5154495
