accepted_species,0,1
sp70,0.46913904220751945,0.5308609577924805
sp90,0.1839931590860575,0.8160068409139425
sp130,0.2811333008333671,0.7188666991666329
sp147,0.43231696880708637,0.5676830311929136
sp149,0.1716751696095381,0.8283248303904619
sp155,0.11341135602709573,0.8865886439729043
sp158,0.22981575312988645,0.7701842468701136
sp167,0.3957304638823448,0.6042695361176552
sp174,0.15542625923111375,0.8445737407688862
sp176,0.11659380137571274,0.8834061986242873
