accepted_species,0,1
sp70,0.36836344,0.63163656
sp90,0.2691297,0.7308703
sp130,0.32640338,0.6735966
sp147,0.37228674,0.62771326
sp149,0.27121842,0.7287816
sp155,0.2742964,0.7257036
sp158,0.27269918,0.7273008
sp167,0.36335546,0.63664454
sp174,0.27140427,0.72859573
sp176,0.24391592,0.7560841
