accepted_species,0,1
sp70,0.047537267,0.95246273
sp90,0.058337092,0.9416629
sp130,0.22772235,0.77227765
sp147,0.2226184,0.7773816
sp149,0.6020594,0.39794058
sp155,0.03289318,0.9671068
sp158,0.024620831,0.97537917
sp167,0.6211903,0.3788097
sp174,0.115116954,0.88488305
sp176,0.0669567,0.9330433
