accepted_species,0
t20,0.06558101217620917
t13,0.06399039576106967
t47,0.05892789721463552
t38,0.02893363866328899
t72,0.032548357976442385
t73,0.032548357976442385
t89,-0.1910656879908233
t66,-0.0952420931464292
t67,-0.0952420931464292
t17,-0.009782949398931597
