accepted_species,estimate
t46,0.398346915447009
t47,0.39150643916097133
t21,0.6322756471059879
t19,0.5065941727865045
t20,0.510750546396532
t16,0.614904908364538
t69,0.1908532389263607
t6,0.7582303216895833
t7,0.8499931578406958
t2,0.832427218145619
