accepted_species,estimate
t21,1.0187573590738073
t71,1.4155218373260103
t72,1.316450689051611
t46,1.7275690215647388
t47,1.5497364522811505
t51,1.266015291848121
t52,1.1181526415065788
t132,1.2693747794020418
t133,1.2567072820963792
t129,1.2654574493394999
t108,1.241990207315414
t77,1.2407500022593283
t144,1.3298992989492806
t145,1.3301330517809666
