accepted_species,estimate
t21,1.2964672
t71,1.5566597
t72,1.5566597
t46,0.49042994
t47,0.8054367
t51,1.4628409
t52,1.0585425
t132,0.8795337
t133,0.8795337
t129,0.8795337
t108,0.8795337
t77,0.8795337
t144,1.1567898
t145,1.1567898
