accepted_species,0,1
t52,0.5896759965705682,0.4103240034294317
t54,0.5897861809390156,0.4102138190609844
t64,0.5429753727929647,0.4570246272070353
t69,0.5648400451878397,0.4351599548121603
t74,0.5901424381813744,0.40985756181862565
t78,0.5901358524651561,0.40986414753484396
t100,0.542990745051158,0.4570092549488421
t103,0.5270902833241071,0.4729097166758928
t117,0.5897746709292193,0.41022532907078063
t119,0.5882589068761697,0.4117410931238303
