accepted_species,0,1
t212,0.0333543242652653,0.9666456757347347
t217,0.033259866737557875,0.9667401332624421
t235,0.033269299633469696,0.9667307003665303
t241,0.03350993338959685,0.9664900666104032
t252,0.03326096979874693,0.9667390302012531
t255,0.03327075670551549,0.9667292432944845
t259,0.033275473423649116,0.9667245265763509
t272,0.033278452991274854,0.9667215470087251
t281,0.033387995287806116,0.9666120047121939
t284,0.033276994750518374,0.9667230052494816
