"accepted_species","0","1"
"t52","0.434287777794857","0.565712222205143"
"t54","0.505060145717761","0.494939854282239"
"t64","0.493668690569339","0.506331309430661"
"t69","0.345578873460646","0.654421126539354"
"t74","0.387076320209578","0.612923679790422"
"t78","0.374262263107119","0.625737736892881"
"t100","0.747567777636688","0.252432222363312"
"t103","0.217284791785337","0.782715208214663"
"t117","0.836219282614798","0.163780717385202"
"t119","0.94155882964066","0.0584411703593403"
