accepted_species,0,1
sp43,0.7826374521052362,0.21736254789476384
sp119,0.7913815906809343,0.2086184093190657
sp148,0.8114626165830742,0.18853738341692583
sp150,0.572903802425452,0.42709619757454803
sp158,0.7074500698059358,0.2925499301940642
sp160,0.9858322875160244,0.014167712483975671
sp170,0.6982165253396336,0.30178347466036637
sp188,0.8091429243893623,0.19085707561063767
sp189,0.7927461800953254,0.20725381990467465
sp203,0.6777572498028506,0.3222427501971495
