accepted_species,0,1
sp43,0.8046564826020288,0.19534351739797123
sp119,0.8171219929682727,0.18287800703172735
sp148,0.7991290080711071,0.20087099192889285
sp150,0.8028259918205971,0.19717400817940295
sp158,0.8029227047262184,0.1970772952737816
sp160,0.8194843917174397,0.18051560828256036
sp170,0.7846880071795317,0.21531199282046828
sp188,0.7996266175736454,0.20037338242635458
sp189,0.7996266175736454,0.20037338242635458
sp203,0.8031203058489667,0.1968796941510333
