accepted_species,0,1
sp43,0.7390521,0.26094788
sp119,0.7390521,0.26094788
sp148,0.82316625,0.17683378
sp150,0.8135437,0.1864563
sp158,0.8135437,0.1864563
sp160,0.9050784,0.09492158
sp170,0.7943102,0.2056898
sp188,0.82515717,0.17484282
sp189,0.82515717,0.17484282
sp203,0.8135437,0.1864563
