accepted_species,0,1
sp43,0.6814674,0.3185326
sp119,0.88389117,0.11610885
sp148,0.8074846,0.19251539
sp150,0.88389117,0.11610885
sp158,0.88389117,0.11610885
sp160,0.8074846,0.19251539
sp170,0.8074846,0.19251539
sp188,0.8074846,0.19251539
sp189,0.8074846,0.19251539
sp203,0.88389117,0.11610885
