accepted_species,0,1
sp43,0.8079041,0.19209588
sp119,0.8116275,0.18837248
sp148,0.80178916,0.1982108
sp150,0.80729985,0.19270013
sp158,0.80729985,0.19270013
sp160,0.82528794,0.17471206
sp170,0.799321,0.20067902
sp188,0.7968521,0.20314787
sp189,0.7968863,0.2031137
sp203,0.80729985,0.19270013
