accepted_species,0,1
t13,0.0054269433,0.99457306
t35,0.0054269433,0.99457306
t45,0.0054269433,0.99457306
t109,0.0054269433,0.99457306
t110,0.0054269433,0.99457306
t14,0.0054269433,0.99457306
t21,0.0054269433,0.99457306
t113,0.0054269433,0.99457306
t102,0.93032575,0.06967425
t77,0.9544678,0.04553223
t74,0.025664032,0.97433597
t61,0.24034774,0.75965226
