accepted_species,0,1
t51,1.0,0.0
t23,1.0,0.0
t76,0.14149759323566458,0.8585024067643354
t57,0.0,1.0
t50,0.0,1.0
t17,0.1777777777777778,0.8222222222222222
t78,0.3098881408280171,0.6901118591719829
t100,1.0,0.0
t4,0.1777777777777778,0.8222222222222222
t10,0.1777777777777778,0.8222222222222222
