accepted_species,0
t93,0.362271180228947
t88,0.3588336951309443
t22,-0.035036259288520014
t38,-0.035036259288520014
t26,-0.035036259288520014
t45,-0.035036259288520014
t55,-0.035036259288520014
t56,-0.035036259288520014
t64,-0.035036259288520014
t68,-0.035036259288520014
