accepted_species,estimate
t93,0.4329414
t88,0.42611298
t22,0.49459636
t38,0.6290209
t26,0.2807205
t45,0.31433186
t55,0.34176427
t56,0.32573324
t64,0.62671727
t68,0.7517756
