"accepted_species","0","1"
"sp22",0.818975894349327,0.181024105650673
"sp50",0.810554987424508,0.189445012575492
"sp60",0.883766124721787,0.116233875278213
"sp64",0.865991785116834,0.134008214883166
"sp74",0.871710936420947,0.128289063579053
"sp86",0.8253113355033,0.1746886644967
"sp104",0.9410386615203,0.0589613384797004
"sp106",0.8253113355033,0.1746886644967
"sp113",0.942014923219944,0.0579850767800556
"sp130",0.0193939425093826,0.980606057490617
