accepted_species,0,1
sp22,0.700705899775813,0.299294100224187
sp50,0.48400138588261077,0.5159986141173892
sp60,0.5730848081053304,0.4269151918946697
sp64,0.6451087319699695,0.3548912680300305
sp74,0.5790820520600799,0.42091794793992005
sp86,0.8788772026142058,0.12112279738579423
sp104,0.7964486038149203,0.20355139618507964
sp106,0.886835426809743,0.11316457319025694
sp113,0.648803690924264,0.351196309075736
sp130,0.7137200513959303,0.2862799486040697
