accepted_species,0,1
sp22,0.6500960285940649,0.3499039714059351
sp50,0.7251321969693679,0.2748678030306321
sp60,0.712943725768294,0.28705627423170604
sp64,0.7423633965461779,0.2576366034538221
sp74,0.7789069444299428,0.22109305557005726
sp86,0.7273049014349958,0.2726950985650042
sp104,0.7701491088082678,0.22985089119173216
sp106,0.7258514283301091,0.27414857166989093
sp113,0.7512771539765666,0.24872284602343347
sp130,0.7659669383915355,0.23403306160846452
