accepted_species,0
t57,0.02564807804354136
t17,0.02564807804354136
t50,0.02564807804354136
t38,0.02564807804354136
t87,1.8940022581164198
t47,0.02564807804354136
t35,0.02564807804354136
t26,0.02564807804354136
t83,0.02564807804354136
t89,-2.82984680972289
