"accepted_species","estimate"
"t21",1.58763999135468
"t18",1.93582755711679
"t70",0.0816209328493241
"t80",-0.610096634441855
"t44",0.425813738577471
"t45",0.425813738577471
"t36",0.367291634103938
"t96",0.171515310888751
"t93",0.610628384044108
"t69",0.453977640257415
