"accepted_species","estimate"
"t57",0.830890209934089
"t17",1.03707197113619
"t50",-0.814561982023776
"t38",0.842586260929453
"t87",1.86236526697176
"t47",0.517558906390309
"t35",-0.148180414212678
"t26",0.0201132412425339
"t83",0.103476075911782
"t89",-2.57785144346789
