accepted_species,0
t92,-0.01171449077732234
t116,0.180934885079788
t15,-0.01171449077732234
t56,-0.01171449077732234
t38,-0.01171449077732234
t45,-0.596665722110953
t85,-0.01171449077732234
t138,-1.3198416126028805
t57,-0.01171449077732234
t10,-0.01171449077732234
t117,-1.53983193696116
t7,-0.01171449077732234
t86,-0.01171449077732234
t87,-0.01171449077732234
t76,-0.01171449077732234
