"accepted_species","estimate"
"t92",0.612402433047526
"t116",0.210547644876587
"t15",0.154970615171372
"t56",0.465967695323655
"t38",-0.214051376976823
"t45",-0.494412581821704
"t85",-1.01801244100904
"t138",-1.32793003897594
"t57",0.717073198998392
"t10",-0.162766595559946
"t117",-1.3417903297473
"t7",1.93057790595535
"t86",0.65892471970678
"t87",0.65892471970678
"t76",0.65892471970678
