accepted_species,0,1
t136,1.0,0.0
t83,1.0,0.0
t100,1.0,0.0
t153,1.0,0.0
t154,1.0,0.0
t126,1.0,0.0
t152,1.0,0.0
t118,1.0,0.0
t17,0.9944387949204423,0.005561205079557677
t36,0.9941441055701964,0.005855894429803626
t131,1.0,0.0
t102,1.0,0.0
t110,1.0,0.0
t103,0.9893028773770626,0.010697122622937413
t104,0.9893028773770626,0.010697122622937413
t13,0.9933635425717269,0.006636457428273073
t14,0.9933452921995857,0.006654707800414326
