accepted_species,0,1
t13,0.029437125,0.9705629
t20,0.029437125,0.9705629
t33,0.029437125,0.9705629
t46,0.021802247,0.97819775
t91,0.021802247,0.97819775
t124,0.021802247,0.97819775
t99,0.021802247,0.97819775
t113,0.021802247,0.97819775
t108,0.021802247,0.97819775
t96,0.021868885,0.9781311
t67,0.021868885,0.9781311
t17,0.021868885,0.9781311
