accepted_species,0,1
t13,0.019016206,0.9809838
t20,0.019016206,0.9809838
t33,0.019016206,0.9809838
t46,0.019016206,0.9809838
t91,0.019016206,0.9809838
t124,0.019016206,0.9809838
t99,0.025645792,0.9743542
t113,0.025645792,0.9743542
t108,0.025645792,0.9743542
t96,0.019016206,0.9809838
t67,0.019016206,0.9809838
t17,0.019016206,0.9809838
