accepted_species,0,1
t74,0.4213915013600087,0.5786084986399913
t81,0.4194273497918525,0.5805726502081475
t14,0.4236376611525139,0.5763623388474861
t97,0.35402197285909154,0.6459780271409085
t30,0.3494516427598767,0.6505483572401233
t25,0.36097214174436076,0.6390278582556392
t35,0.3642095985085583,0.6357904014914417
t48,0.7470592900940503,0.2529407099059498
t15,0.7460041315673744,0.2539958684326255
t6,0.3780615494778574,0.6219384505221426
