accepted_species,0,1
t74,0.3630494837508573,0.6369505162491427
t81,0.34327767157518174,0.6567223284248183
t14,0.3292413740894726,0.6707586259105274
t97,0.3546030593399778,0.6453969406600222
t30,0.3553808647561404,0.6446191352438596
t25,0.2636620201837173,0.7363379798162827
t35,0.24161556140802998,0.75838443859197
t48,0.7349044723414497,0.26509552765855027
t15,0.7296209667991738,0.2703790332008263
t6,0.36426486586717366,0.6357351341328263
