accepted_species,0,1
t74,0.33935314999679045,0.6606468500032096
t81,0.3140182850827783,0.6859817149172217
t14,0.34594873442041907,0.6540512655795809
t97,0.45312871162368795,0.546871288376312
t30,0.464097415944949,0.535902584055051
t25,0.36329741735768284,0.6367025826423172
t35,0.4351458069984472,0.5648541930015528
t48,0.8449105096175444,0.1550894903824555
t15,0.8033141483577861,0.1966858516422139
t6,0.4546119556127467,0.5453880443872533
