"accepted_species","0","1"
"t74","0.521044566066988","0.478955433933012"
"t81","0.461796248118511","0.538203751881489"
"t14","0.500000003120194","0.499999996879806"
"t97","0.875600486433856","0.124399513566144"
"t30","0.499999587185197","0.500000412814803"
"t25","0.499999999999919","0.500000000000081"
"t35","0.49999706392332","0.50000293607668"
"t48","0.500622397377102","0.499377602622898"
"t15","0.500000014977384","0.499999985022616"
"t6","0.499999999996154","0.500000000003846"
