accepted_species,0,1
t74,0.43930328,0.5606967
t81,0.4402851,0.5597149
t14,0.4393602,0.5606398
t97,0.44130987,0.55869013
t30,0.41210788,0.5878921
t25,0.3915981,0.6084019
t35,0.3915981,0.6084019
t48,0.46343303,0.536567
t15,0.43095487,0.5690451
t6,0.42094225,0.57905775
