accepted_species,0,1
t41,0.0017835498,0.99821645
t42,0.0017835498,0.99821645
t81,0.0017835498,0.99821645
t130,0.0017835498,0.99821645
t100,0.0017835498,0.99821645
t57,0.0017835498,0.99821645
t122,0.0017835498,0.99821645
t76,0.0017835498,0.99821645
t78,0.0057135224,0.9942865
t68,0.0017835498,0.99821645
t53,0.0017835498,0.99821645
t30,0.0057135224,0.9942865
t136,0.0017835498,0.99821645
t79,0.0017835498,0.99821645
