accepted_species,0,1
t66,0.5685396962121034,0.4314603037878965
t100,0.5685203888949024,0.43147961110509764
t110,0.5685209783473386,0.4314790216526614
t116,0.5685419287067625,0.43145807129323754
t124,0.5685297125612203,0.43147028743877963
t125,0.5685297125612203,0.43147028743877963
t126,0.5685196328927739,0.43148036710722615
t168,0.5685216790712648,0.4314783209287352
t187,0.5685500260657526,0.4314499739342474
t188,0.5685500260657528,0.4314499739342473
