accepted_species,0,1
t66,0.5775037648344937,0.4224962351655063
t100,0.5779979463896354,0.4220020536103646
t110,0.5777456992604655,0.42225430073953446
t116,0.5773872324155556,0.4226127675844445
t124,0.5774600099086001,0.42253999009139986
t125,0.5774351205189826,0.4225648794810174
t126,0.5778062576443189,0.4221937423556811
t168,0.5777934940583904,0.4222065059416095
t187,0.5772908597945202,0.4227091402054798
t188,0.5772876261233736,0.4227123738766264
