accepted_species,0,1
t66,0.5193417224021786,0.48065827759782137
t100,0.5711149358625307,0.42888506413746924
t110,0.4530615228816398,0.5469384771183602
t116,0.617996056925481,0.382003943074519
t124,0.5125679733269748,0.4874320266730252
t125,0.7420417657797904,0.2579582342202096
t126,0.6197947564514084,0.3802052435485917
t168,0.7108931376381153,0.28910686236188465
t187,0.5581153698284606,0.44188463017153945
t188,0.545254056177064,0.4547459438229359
