accepted_species,0,1
t72,0.5986354216396312,0.4013645783603687
t95,0.601898358440199,0.398101641559801
t106,0.5977795702466076,0.4022204297533924
t133,0.6035694068643895,0.3964305931356105
t134,0.6035490982453449,0.3964509017546551
t143,0.604466344023832,0.395533655976168
t148,0.5975388830372447,0.4024611169627553
t159,0.6056117715363685,0.3943882284636316
t179,0.598317638927353,0.40168236107264704
t180,0.5983176427872725,0.40168235721272744
