accepted_species,0,1
t72,0.6099143294997833,0.39008567050021675
t95,0.6149522241628705,0.38504777583712946
t106,0.6296861227598936,0.3703138772401065
t133,0.694068413690393,0.30593158630960704
t134,0.694068413690393,0.30593158630960704
t143,0.7536665931273094,0.2463334068726905
t148,0.3516351983919187,0.6483648016080813
t159,0.8000613316995833,0.1999386683004168
t179,0.8435700168051578,0.15642998319484222
t180,0.8435700168051578,0.15642998319484222
