accepted_species,0,1
t72,0.53863573,0.46136427
t95,0.886077,0.11392301
t106,0.55891824,0.4410818
t133,0.91311014,0.08688987
t134,0.88414055,0.11585943
t143,0.8583214,0.14167859
t148,0.55891824,0.4410818
t159,0.81548667,0.18451335
t179,0.6081369,0.39186314
t180,0.5143431,0.48565692
