accepted_species,0,1
t72,0.68079466,0.31920534
t95,0.5963639,0.40363613
t106,0.6669251,0.3330749
t133,0.75377107,0.2462289
t134,0.76515925,0.23484074
t143,0.7544333,0.24556671
t148,0.51577353,0.4842265
t159,0.72976303,0.27023697
t179,0.6975478,0.30245224
t180,0.6975478,0.30245224
