accepted_species,0,1
t72,0.58002234,0.41997764
t95,0.67329323,0.32670677
t106,0.67329323,0.32670677
t133,0.79544544,0.20455453
t134,0.79544544,0.20455453
t143,0.7797121,0.22028789
t148,0.52359354,0.47640643
t159,0.74535286,0.25464714
t179,0.58002234,0.41997764
t180,0.58002234,0.41997764
