accepted_species,0,1
t72,0.5991687,0.40083128
t95,0.67410403,0.32589597
t106,0.55566335,0.44433662
t133,0.71750474,0.2824953
t134,0.71750474,0.2824953
t143,0.72179914,0.27820086
t148,0.56037617,0.4396238
t159,0.7246114,0.27538863
t179,0.60205466,0.39794534
t180,0.60205466,0.39794534
