"accepted_species","0","1"
"sp54",0.620942685403487,0.379057314596513
"sp166",0.620092462609734,0.379907537390266
"sp176",0.620728558196559,0.379271441803441
"sp190",0.624713320292286,0.375286679707714
"sp206",0.63589139551964,0.36410860448036
"sp215",0.614579174563701,0.385420825436299
"sp225",0.550348673494671,0.449651326505329
"sp248",0.609613258369276,0.390386741630724
"sp250",0.492545877887256,0.507454122112744
"sp254",0.814303071490539,0.185696928509461
