accepted_species,0,1
sp54,0.705683563034184,0.29431643696581594
sp166,0.5198111461944142,0.4801888538055858
sp176,0.634628829637019,0.36537117036298095
sp190,0.758867501379684,0.24113249862031608
sp206,0.7078597500469355,0.2921402499530645
sp215,0.6383280550945484,0.3616719449054516
sp225,0.3070584682657215,0.6929415317342785
sp248,0.6382628320493264,0.36173716795067357
sp250,0.7042653131172454,0.29573468688275456
sp254,0.668735824540722,0.33126417545927794
