accepted_species,0,1
sp54,0.8235739224585754,0.17642607754142456
sp166,0.7885824721934287,0.2114175278065713
sp176,0.8293573324689869,0.17064266753101312
sp190,0.8865480467591258,0.11345195324087418
sp206,0.6138925507251889,0.3861074492748111
sp215,0.4747574581067904,0.5252425418932096
sp225,0.32340431615577836,0.6765956838442216
sp248,0.449188106921409,0.550811893078591
sp250,0.6661735108805382,0.3338264891194618
sp254,0.7715122936789276,0.22848770632107246
