accepted_species,0,1
Vincetoxicum_glaucirameum,0.8995516,0.10044843
Vincetoxicum_clemensiae,0.8995516,0.10044843
Marsdenia_burmanica,0.8995419,0.10045811
Marsdenia_gilgiana,0.8995419,0.10045811
Asclepias_obovata,0.89834136,0.10165865
Asclepias_foliosa,0.8995516,0.10044843
Ceropegia_haygarthii,0.9007394,0.099260606
Hoya_sabaensis,0.8995419,0.10045811
Toxocarpus_excisus,0.89834136,0.10165865
Pentopetia_urceolata,0.9007394,0.099260606
