accepted_species,estimate
Asclepias_erosa,0.9587246733971395
Asclepias_fascicularis,0.9479773708137049
Asclepias_incarnata,0.9432074950933051
Asclepias_speciosa,0.6790548162316965
Asclepias_subulata,0.8635843444479663
Asclepias_syriaca,0.7486540903642065
Asclepias_tuberosa,0.6650298647780875
Asclepias_vestita,1.0106962354258042
Calotropis_gigantea,0.7452195113716555
Calotropis_procera,0.72643109757434
