accepted_species,0,1
Tarenna_pavettoides,0.9813686,0.018631395
Atractocarpus_colnettianus,0.9813686,0.018631395
Didymosalpinx_norae,0.9813686,0.018631395
Peponidium_latiflorum,0.4626019,0.5373981
Cyclophyllum_calyculatum,0.7065213,0.29347873
Bertiera_bracteolata,0.9813686,0.018631395
Ixora_brandisiana,0.9444822,0.05551779
Canthium_arboreum,0.5056921,0.4943079
Psydrax_moggii,0.8737427,0.1262573
Posoqueria_acutifolia,0.9667881,0.03321187
