accepted_species,estimate
t34,0.9913392705968249
t65,1.2889351589761038
t74,0.20108726569010923
t35,-1.5139988218450808
t61,-1.0237842321158466
t7,0.5473144814042676
t39,0.9635820262296355
t99,-0.44755956921392365
t100,-0.6107169875384146
t1,-0.2641997300952826
