accepted_species,estimate
t34,1.4195555
t65,0.65054774
t74,0.37019858
t35,-0.7312059
t61,-1.6235096
t7,0.08758098
t39,0.6626553
t99,0.1174398
t100,0.1174398
t1,1.2718618
