"accepted_species","0","1"
"sp256",0.499995465881593,0.500004534118407
"sp417",0.534738378735478,0.465261621264522
"sp435",0.825297730900397,0.174702269099603
"sp443",0.855479525477554,0.144520474522446
"sp447",0.841781368757455,0.158218631242545
"sp450",0.88620969920909,0.11379030079091
"sp466",0.958569568587322,0.0414304314126781
"sp468",0.943776788341546,0.0562232116584538
"sp473",0.962892975326279,0.0371070246737212
"sp481",0.996646333505244,0.0033536664947564
