accepted_species,0,1
sp256,0.43869203,0.56130797
sp417,0.43869203,0.56130797
sp435,0.7947235,0.20527649
sp443,0.75705737,0.24294263
sp447,0.7822233,0.21777673
sp450,0.72251123,0.27748877
sp466,0.72251123,0.27748877
sp468,0.8230146,0.1769854
sp473,0.8230146,0.1769854
sp481,0.7822233,0.21777673
