accepted_species,0,1
sp256,0.7847516,0.21524839
sp417,0.5062544,0.49374563
sp435,0.73549443,0.26450557
sp443,0.78244954,0.21755046
sp447,0.6239543,0.37604573
sp450,0.6977165,0.30228353
sp466,0.6977165,0.30228353
sp468,0.80639476,0.19360523
sp473,0.80639476,0.19360523
sp481,0.80488366,0.19511633
