accepted_species,0,1
t15,0.06255049381261313,0.9374495061873869
t23,0.061224354057057284,0.9387756459429427
t52,0.046705009044493484,0.9532949909555065
t72,0.048114310987096176,0.9518856890129038
t73,0.048114310987096176,0.9518856890129038
t91,0.03132716668306901,0.968672833316931
t109,0.04295229263365685,0.9570477073663431
t111,0.009080428480869873,0.9909195715191301
t112,0.04295229263365685,0.9570477073663431
t113,0.04295229263365685,0.9570477073663431
