accepted_species,estimate
t11,-0.18605336587309154
t12,-0.15046309003566818
t19,-0.06681016693808953
t20,0.006680337157468269
t48,0.16315892848219113
t63,0.09549632181439169
t55,0.31830957222333545
t49,0.3784687277820452
t93,0.17202241436673113
t94,0.33695599374079255
