accepted_species,0
t11,0.07540066948584487
t12,0.07540066948584487
t19,0.07540066948584487
t20,0.07540066948584487
t48,0.07540066948584487
t63,0.07540066948584487
t55,0.07540066948584487
t49,0.07540066948584487
t93,0.07540066948584487
t94,0.07540066948584487
