accepted_species,0,1
t44,0.3102904075377727,0.6897095924622273
t57,0.3100897532120024,0.6899102467879976
t58,0.3099501685361812,0.6900498314638188
t63,0.3097701557212943,0.6902298442787057
t71,0.31023279275403914,0.6897672072459609
t75,0.3103188879054811,0.6896811120945189
t106,0.30989764887151694,0.6901023511284831
t107,0.3102660884482876,0.6897339115517124
t120,0.31014306422241467,0.6898569357775853
t121,0.3103704818484183,0.6896295181515817
