accepted_species,0,1
t61,0.27725595,0.72274405
t62,0.57178825,0.42821175
t72,0.609548,0.390452
t73,0.39937967,0.6006203
t97,0.7391423,0.2608577
t126,0.9196401,0.0803599
t132,0.12458438,0.8754156
t134,0.8060081,0.19399187
t135,0.5196296,0.48037037
t143,0.6300789,0.36992106
