"accepted_species","0","1"
"t60",0.644034834625475,0.355965165374525
"t63",0.644034834625475,0.355965165374525
"t67",0.644034834625483,0.355965165374517
"t74",0.644034834625475,0.355965165374525
"t75",0.644034834625475,0.355965165374525
"t80",0.644034834675506,0.355965165324494
"t97",0.644034818369192,0.355965181630808
"t115",0.644040583904697,0.355959416095303
"t126",0.64406765342018,0.35593234657982
"t138",0.644652074965476,0.355347925034523
