accepted_species,0,1
t51,0.67357826,0.32642174
t63,0.98007566,0.019924337
t74,0.5277947,0.47220528
t80,0.066768885,0.9332311
t106,0.026566029,0.973434
t109,0.0296309,0.9703691
t118,0.7545413,0.24545869
t125,0.10048199,0.899518
t141,0.13858026,0.86141974
t151,0.026566029,0.973434
