accepted_species,0,1
t60,0.88347524,0.11652473
t63,0.720924,0.27907595
t67,0.96770185,0.03229813
t74,0.86595964,0.13404036
t75,0.88322574,0.116774276
t80,0.91144997,0.088550046
t97,0.9780705,0.021929504
t115,0.4235735,0.5764265
t126,0.9152312,0.084768765
t138,0.46769172,0.5323083
