accepted_species,estimate
t18,0.4736315538487629
t63,-0.2435122899337787
t48,-0.24080346822204007
t19,-0.10377789557778666
t86,-0.8112375238187546
t100,-0.8318039288211416
t41,-0.8164794524532434
t27,-0.7677671292039683
t96,0.4278825084014303
t37,0.8839855252932323
