accepted_species,estimate
t85,-1.1142829102039478
t33,-1.1500180379979161
t87,-0.9990089413003752
t20,0.2048918382144046
t24,0.01918942070946511
t61,0.03962512259461121
t73,0.9695645392957172
t49,0.9322321596499342
t93,0.23378873895208552
t69,1.6409139027937538
