accepted_species,0
t85,-0.7628094447653759
t33,-0.7609095182677751
t87,-0.6354296026272848
t20,-0.03790912893212284
t24,-0.03790912893212284
t61,0.523832422040403
t73,0.6623037404044696
t49,0.6623037404044695
t93,1.2735367933267694
t69,2.245902390970829
