accepted_species,0,1
sp32,0.6360500229566816,0.36394997704331844
sp34,0.8046023887148716,0.19539761128512845
sp35,0.7088442794405603,0.2911557205594397
sp62,0.9999936945556566,6.305444343477711e-06
sp69,0.9999890826123581,1.0917387641960959e-05
sp74,0.6124912253694725,0.3875087746305275
sp95,0.9999867446803758,1.3255319624164905e-05
sp106,0.8384554882463265,0.16154451175367346
sp118,0.925212063303762,0.07478793669623791
sp121,0.9882425730975384,0.011757426902461583
