accepted_species,0,1
sp32,0.8771352293114308,0.12286477068856912
sp34,0.8777991854630917,0.12220081453690836
sp35,0.8771521042585966,0.12284789574140342
sp62,0.8788916590970773,0.12110834090292268
sp69,0.8789432446293408,0.1210567553706592
sp74,0.8771155012271703,0.12288449877282966
sp95,0.8789527709603547,0.12104722903964525
sp106,0.876927081341421,0.12307291865857897
sp118,0.877697288787681,0.12230271121231899
sp121,0.8789634949032918,0.12103650509670817
