accepted_species,0
Asclepias_speciosa,0.20801588314320543
Galium_album,-0.41401173349536496
Galium_bolanderi,-0.4169136307097338
Galium_eriocarpum,0.20801588314320543
Galium_odoratum,0.20801588314320543
Gentiana_sceptrum,0.20801588314320543
Gentiana_triflora,0.20801588314320543
Macrocnemum_roseum,0.20801588314320543
Vinca_minor,0.20801588314320543
Vincetoxicum_hirundinaria,0.20801588314320543
