accepted_species,0,1
t7,0.3464566929133859,0.6535433070866141
t14,0.3464566929133859,0.6535433070866141
t86,0.3464566929133859,0.6535433070866141
t56,0.3464566929133859,0.6535433070866141
t65,0.3464566929133859,0.6535433070866141
t114,1.0,0.0
t74,0.3464566929133859,0.6535433070866141
t106,0.0,1.0
t137,0.0,1.0
t109,1.0,0.0
t57,0.3464566929133859,0.6535433070866141
t124,0.0,1.0
t108,0.0,1.0
t33,0.3464566929133859,0.6535433070866141
