accepted_species,0,1
t7,0.007307291,0.9926927
t14,0.1672141,0.8327859
t86,0.945349,0.054651015
t56,0.9783328,0.021667155
t65,0.8767938,0.12320622
t114,0.9795795,0.020420516
t74,0.9226761,0.07732391
t106,0.7146225,0.28537753
t137,0.012195468,0.98780453
t109,0.9847363,0.0152636515
t57,0.9847363,0.0152636515
t124,0.07934046,0.92065954
t108,0.032391787,0.9676082
t33,0.088617384,0.9113826
