accepted_species,0,1
t7,0.008649588,0.9913504
t14,0.05087799,0.949122
t86,0.98949814,0.010501888
t56,0.9785678,0.021432225
t65,0.9832676,0.016732382
t114,0.93949217,0.060507838
t74,0.1261639,0.8738361
t106,0.034671724,0.9653283
t137,0.011543393,0.9884566
t109,0.9887402,0.011259802
t57,0.9846272,0.015372824
t124,0.2164101,0.7835899
t108,0.01385361,0.9861464
t33,0.2544682,0.7455318
