accepted_species,estimate
t31,-0.3974733913816928
t43,-0.31549021031188107
t77,-0.3366765856633742
t78,-0.3391467294771775
t54,-0.2521530056483401
t99,-0.6092693283816766
t100,-0.6068198920861974
t93,-0.5041016212939737
t44,-0.7768154552512718
t25,-0.5323895472550265
