"accepted_species","estimate"
"t31",0.31898801839894
"t43",0.31898801839894
"t77",0.31898801839894
"t78",0.31898801839894
"t54",0.31898801839894
"t99",0.235796075667614
"t100",0.235796075667614
"t93",-0.044943779224073
"t44",0.138711934889032
"t25",0.286384033896824
