accepted_species,estimate
t31,0.12609862
t43,0.41617227
t77,0.5065795
t78,0.532294
t54,0.5065795
t99,-0.033799693
t100,-0.033799693
t93,0.23228242
t44,0.3548767
t25,0.30933425
