accepted_species,0,1
Kanapia_wenzelii,0.87103087,0.12896913
Vincetoxicum_carnosum,0.7751126,0.22488736
Secamone_curtisii,0.7751126,0.22488736
Apocynum_androsaemifolium,0.7751126,0.22488736
Ceropegia_abyssinica,0.7751126,0.22488736
Asperula_comosa,0.87103087,0.12896913
Hoffmannia_peckii,0.87103087,0.12896913
Chassalia_longiloba,0.88899267,0.111007355
Gentiana_rubicunda,0.8095593,0.19044071
Parsonsia_novoguineensis,0.7751126,0.22488736
