accepted_species,estimate
Alibertia_edulis,0.26519669072194035
Atractocarpus_sessilis,0.47481965263188713
Coffea_racemosa,0.18730654424416332
Genipa_americana,0.4718806686875084
Ixora_congesta,0.13127972381067937
Ixora_pendula,0.1971454623488998
Posoqueria_latifolia,1.4534009783803097
Randia_pterocarpa,0.40095589030502526
Randia_thurberi,0.4489588007816508
Rosenbergiodendron_formosum,0.41726791088677856
