accepted_species,estimate
t41,-0.9041416681918932
t43,0.6886016222051208
t48,0.4125877484187319
t47,0.19707543684050455
t34,0.7375869166798954
t70,0.9918262950642892
t13,-0.07716172996031327
t23,0.629299248613818
t9,0.35004825919647015
t36,1.1092035930543782
