accepted_species,0
t41,-0.508613839487291
t43,-0.0031141120321071347
t48,-0.384728782407686
t47,-0.750221509689455
t34,1.60396384985083
t70,1.60396384985083
t13,0.24013516078108474
t23,1.83496710437191
t9,0.696551700373252
t36,1.2608713578880995
