"accepted_species","estimate"
"t41",-0.563036044400534
"t43",-0.0949571026476713
"t48",-0.329663411953104
"t47",-0.492503038179101
"t34",1.57856607465164
"t70",1.59126529052012
"t13",0.324098292131621
"t23",1.47949132421988
"t9",0.91028108183467
"t36",1.10763607180758
