accepted_species,0,1
Cruciata_pedemontana,0.88671935,0.113280624
Paraknoxia_parviflora,0.87739503,0.12260497
Achilleanthus_hypolasius,0.8973052,0.10269481
Orbea_caudata,0.84262735,0.15737267
Swertia_striata,0.9005993,0.099400684
Psychotria_obovalis,0.9321717,0.06782831
Landolphia_gossweileri,0.84262735,0.15737267
Timonius_hentyi,0.9126437,0.0873563
Stapelia_arenosa,0.84262735,0.15737267
Gentiana_alpina,0.89841217,0.101587854
