accepted_species,0,1
t30,0.9783857,0.0216143
t86,0.9783857,0.0216143
t140,0.9783857,0.0216143
t141,0.9783857,0.0216143
t87,0.9783857,0.0216143
t40,0.9783857,0.0216143
t136,0.9783857,0.0216143
t137,0.9783857,0.0216143
t109,0.9783857,0.0216143
t110,0.9783857,0.0216143
t105,0.9783857,0.0216143
t73,0.9783857,0.0216143
t74,0.9783857,0.0216143
t70,0.9783857,0.0216143
