accepted_species,0,1
t69,0.727868957481303,0.272131042518697
t90,0.77135900397533,0.22864099602466997
t76,0.8365839358719761,0.16341606412802387
t91,0.8509226063384208,0.14907739366157924
t18,0.8364155674243924,0.1635844325756076
t86,0.5388835675548964,0.4611164324451036
t23,0.9513464362478955,0.04865356375210455
t60,0.9425885734765022,0.05741142652349785
t27,0.9455711086750109,0.05442889132498902
t31,0.9774914249852654,0.02250857501473462
