accepted_species,0,1
t69,0.8222222222222222,0.17777777777777778
t90,1.0,0.0
t76,1.0,0.0
t91,0.0,1.0
t18,0.8222222222222222,0.17777777777777778
t86,1.0,0.0
t23,0.8222222222222222,0.17777777777777778
t60,0.8222222222222222,0.17777777777777778
t27,0.8222222222222222,0.17777777777777778
t31,0.8222222222222222,0.17777777777777778
