"accepted_species","0","1"
"t69","0.015805675857963","0.984194324142037"
"t90","1","0"
"t76","1","0"
"t91","0.00384034303770137","0.996159656962299"
"t18","1","0"
"t86","1","0"
"t23","1","0"
"t60","1","0"
"t27","1","0"
"t31","1","0"
