accepted_species,0,1
t83,0.32772718486035823,0.6722728151396418
t85,0.3164956703683022,0.6835043296316978
t91,0.32747156779754005,0.67252843220246
t110,0.32773534791299064,0.6722646520870094
t122,0.3277073241952212,0.6722926758047788
t142,0.3279983275081134,0.6720016724918866
t157,0.32720267794232394,0.6727973220576761
t174,0.3164860822138219,0.6835139177861781
t181,0.3277700493211606,0.6722299506788394
t182,0.32776975169501954,0.6722302483049805
