accepted_species,0,1
t83,0.3109565670246045,0.6890434329753955
t85,0.32326471934303025,0.6767352806569698
t91,0.35058906211846164,0.6494109378815384
t110,0.3078071588834249,0.6921928411165751
t122,0.30874637942496097,0.691253620575039
t142,0.3097222569219509,0.6902777430780491
t157,0.34769250908821814,0.6523074909117819
t174,0.32441451507833763,0.6755854849216624
t181,0.30763693463075914,0.6923630653692409
t182,0.30763693463075925,0.6923630653692407
