accepted_species,0,1
t83,0.2120127705792011,0.7879872294207989
t85,0.3624663200452828,0.6375336799547172
t91,0.5173702118166021,0.4826297881833979
t110,0.21706492578597514,0.7829350742140249
t122,0.25510332442971106,0.7448966755702889
t142,0.2593066833694808,0.7406933166305192
t157,0.4141551578568503,0.5858448421431497
t174,0.37850391639634284,0.6214960836036572
t181,0.222328606497168,0.777671393502832
t182,0.22222115633505835,0.7777788436649417
