accepted_species,0,1
t83,0.2044614187203313,0.7955385812796687
t85,0.42307095024218044,0.5769290497578196
t91,0.49523306149368407,0.5047669385063159
t110,0.19441812660076574,0.8055818733992343
t122,0.2292529611366726,0.7707470388633274
t142,0.22420147509237864,0.7757985249076214
t157,0.4376576307690321,0.5623423692309679
t174,0.4915133897020266,0.5084866102979734
t181,0.2013357058117745,0.7986642941882255
t182,0.2029704453826251,0.7970295546173749
