accepted_species,0,1
t83,0.35004538,0.6499546
t85,0.24191153,0.75808847
t91,0.36584878,0.6341512
t110,0.34788907,0.65211093
t122,0.3145057,0.6854943
t142,0.32755733,0.6724427
t157,0.36584878,0.6341512
t174,0.35734957,0.6426504
t181,0.35004538,0.6499546
t182,0.35004538,0.6499546
