accepted_species,0,1
t112,0.7860484,0.21395157
t130,0.007965505,0.9920345
t134,0.03338176,0.96661824
t151,0.7860484,0.21395157
t169,0.7054011,0.29459888
t171,0.70761806,0.29238194
t182,0.31385624,0.68614376
t185,0.9104377,0.08956229
t191,0.20313132,0.7968687
t194,0.06658292,0.9334171
