accepted_species,0,1
t32,0.8246871112451959,0.17531288875480416
t33,0.8393282427518732,0.1606717572481268
t21,0.8282555416067593,0.17174445839324068
t22,0.8648273420573888,0.13517265794261124
t88,0.8178632578172378,0.18213674218276218
t89,0.8335242305625413,0.16647576943745865
t65,0.8168430848174868,0.18315691518251315
t75,0.8850182375122018,0.11498176248779818
t63,0.8365498991528934,0.16345010084710665
t64,0.8360682399728148,0.16393176002718524
