accepted_species,estimate
t30,0.20318976086598728
t79,-0.6753350631424685
t28,0.3698361107341297
t26,0.2545337308466763
t21,-0.05872910113105617
t9,-0.2657526495759617
t10,0.15503110581777263
t36,-0.051138994358744805
t12,0.08890344738396153
t63,-0.6271377767618002
