accepted_species,0
t30,-0.014423030331710409
t79,-0.43026185041254794
t28,-0.014423030331710409
t26,-0.014423030331710409
t21,-0.014423030331710409
t9,-0.014423030331710409
t10,-0.014423030331710409
t36,-0.014423030331710409
t12,-0.014423030331710409
t63,-0.014423030331710409
