accepted_species,estimate
t30,0.18307249
t79,-0.48360085
t28,-0.3553826
t26,-0.3553826
t21,0.3476133
t9,-0.15258987
t10,-0.15258987
t36,-0.42934147
t12,-0.3911858
t63,-0.42934147
