"accepted_species","0","1"
"sp120",0.561274902533576,0.438725097466423
"sp212",0.561274902535239,0.438725097464761
"sp213",0.561274902535239,0.438725097464761
"sp228",0.561274902531913,0.438725097468087
"sp240",0.561274902531913,0.438725097468087
"sp241",0.561274902518606,0.438725097481394
"sp257",0.561274902511952,0.438725097488048
"sp258",0.561274902511952,0.438725097488048
"sp296",0.561274902520268,0.438725097479732
"sp297",0.561274902520268,0.438725097479732
