accepted_species,0,1
sp120,0.7211064375046368,0.2788935624953632
sp212,0.8121958177448058,0.1878041822551942
sp213,0.7953747257329034,0.20462527426709667
sp228,0.8366785553857057,0.16332144461429438
sp240,0.8320434930491488,0.16795650695085118
sp241,0.8297410059302001,0.17025899406979997
sp257,0.8388888760549906,0.16111112394500943
sp258,0.8350635824781347,0.1649364175218653
sp296,0.7724315218671755,0.22756847813282452
sp297,0.7745854846084497,0.22541451539155033
