accepted_species,0,1
sp401,0.3194899,0.6805101
sp418,0.27252573,0.7274743
sp440,0.38748163,0.61251837
sp450,0.36695457,0.63304543
sp466,0.3147366,0.6852634
sp467,0.3059001,0.6940999
sp473,0.3712002,0.6287998
sp474,0.26981384,0.73018616
sp475,0.26981384,0.73018616
sp477,0.31438816,0.68561184
