accepted_species,0,1
sp401,0.3213398,0.6786602
sp418,0.3213398,0.6786602
sp440,0.3213398,0.6786602
sp450,0.38577175,0.61422825
sp466,0.3213398,0.6786602
sp467,0.3213398,0.6786602
sp473,0.38577175,0.61422825
sp474,0.3213398,0.6786602
sp475,0.3213398,0.6786602
sp477,0.3213398,0.6786602
