"accepted_species","estimate"
"t16",0.444236246661832
"t37",0.278835413484314
"t32",0.302424870509315
"t33",0.302424870509315
"t43",-0.0682514777404759
"t44",-0.0682514777404759
"t5",0.22610435325228
"t6",0.22610435325228
"t95",0.22610435325228
"t96",0.22610435325228
