accepted_species,0
t16,0.08038398053420935
t37,0.08038398053420935
t32,0.08038398053420935
t33,0.08038398053420935
t43,0.08038398053420935
t44,0.08038398053420935
t5,0.08038398053420935
t6,0.08038398053420935
t95,0.08038398053420935
t96,0.08038398053420935
