accepted_species,estimate
t14,-1.0379748092600694
t30,-1.0785248127407803
t33,-1.0846197953973928
t34,-1.084619795397393
t18,-1.0575119933690558
t87,-1.1332249422561216
t88,-1.133224942256122
t62,-1.1260109231813324
t3,-0.821587386883686
t4,-0.8215873868836863
