accepted_species,estimate
t14,-0.87329394
t30,-0.87329394
t33,-0.87329394
t34,-0.87329394
t18,-0.87329394
t87,-1.3698409
t88,-1.3698409
t62,-1.3698409
t3,0.122407354
t4,0.122407354
