"accepted_species","0","1"
"sp34",0.757691154694396,0.242308845305604
"sp44",0.757691007949307,0.242308992050693
"sp58",0.757683070065875,0.242316929934125
"sp103",0.732180535475231,0.267819464524769
"sp108",0.727828807566599,0.272171192433401
"sp116",0.757690421647828,0.242309578352172
"sp117",0.757690421647828,0.242309578352172
"sp121",0.663784353288181,0.336215646711819
"sp124",0.757691154694398,0.242308845305602
"sp125",0.757691154694398,0.242308845305602
