accepted_species,0,1
sp34,0.9859074,0.014092642
sp44,0.9702897,0.029710265
sp58,0.9746794,0.0253206
sp103,0.9746794,0.0253206
sp108,0.9859074,0.014092642
sp116,0.9746794,0.0253206
sp117,0.9746794,0.0253206
sp121,0.14179248,0.8582075
sp124,0.9859074,0.014092642
sp125,0.9859074,0.014092642
