"accepted_species","0","1"
"t71",0.0133987747111832,0.986601225288817
"t11",0.0840886922250496,0.91591130777495
"t84",0.00559055168984152,0.994409448310159
"t62",0.859333695375648,0.140666304624352
"t19",0.10237911518982,0.89762088481018
"t24",0.102379115193815,0.897620884806185
"t25",0.102379115193815,0.897620884806185
"t48",0.905242029007468,0.0947579709925318
"t27",0.51622753252718,0.48377246747282
"t59",0.025886384463828,0.974113615536172
