accepted_species,0,1
t71,0.22770522940886218,0.7722947705911378
t11,0.2466812959598209,0.7533187040401791
t84,0.2645423255502397,0.7354576744497603
t62,0.23509867118419303,0.764901328815807
t19,0.23040357101781062,0.7695964289821894
t24,0.22631840300979267,0.7736815969902073
t25,0.2310108529178585,0.7689891470821415
t48,0.22450872719469728,0.7754912728053027
t27,0.22870591215806058,0.7712940878419394
t59,0.2634914904556106,0.7365085095443894
