accepted_species,0,1
t71,0.16070056,0.83929944
t11,0.19418114,0.80581886
t84,0.047960103,0.9520399
t62,0.4275034,0.5724966
t19,0.078106046,0.92189395
t24,0.084898114,0.9151019
t25,0.130463,0.869537
t48,0.32114345,0.67885655
t27,0.75191414,0.24808587
t59,0.19393182,0.8060682
