accepted_species,0
t3,0.051157587452267214
t4,0.051157587452267214
t99,0.051157587452267214
t100,0.051157587452267214
t92,0.051157587452267214
t31,0.051157587452267214
t36,0.051157587452267214
t37,0.051157587452267214
t50,0.051157587452267214
t73,0.051157587452267214
