"accepted_species","0","1"
"t53",0.943484663187918,0.0565153368120818
"t69",0.95031958022536,0.0496804197746397
"t25",0.940619498020743,0.0593805019792566
"t97",0.97444216844586,0.0255578315541405
"t51",0.940800773711846,0.0591992262881543
"t86",0.940800773711846,0.0591992262881543
"t84",0.962910067959872,0.0370899320401277
"t81",0.940620022715745,0.059379977284255
"t91",0.940620022715746,0.0593799772842539
"t92",0.940620022715746,0.0593799772842539
