accepted_species,0,1
t53,0.9450316641599195,0.0549683358400805
t69,0.9450407151602432,0.05495928483975672
t25,0.9450000195257046,0.05499998047429544
t97,0.9450022660745444,0.05499773392545562
t51,0.9450351945587917,0.054964805441208346
t86,0.9450418904935545,0.054958109506445474
t84,0.9450572818709745,0.05494271812902547
t81,0.945075198657026,0.054924801342974006
t91,0.9450765706983947,0.05492342930160533
t92,0.9450763152391178,0.0549236847608822
