"accepted_species","0","1"
"t53","0.999701188846632","0.000298811153368378"
"t69","0.999722818774368","0.000277181225631586"
"t25","0.998751603401068","0.00124839659893255"
"t97","0.999713962863538","0.000286037136462135"
"t51","0.998353473545232","0.00164652645476845"
"t86","0.998353473545232","0.00164652645476845"
"t84","0.999519572611966","0.000480427388034012"
"t81","0.998727399856306","0.00127260014369367"
"t91","0.998727399856306","0.00127260014369367"
"t92","0.998727399856306","0.00127260014369367"
