accepted_species,0,1
t53,0.95547855,0.044521466
t69,0.95547855,0.044521466
t25,0.9556267,0.044373292
t97,0.9556267,0.044373292
t51,0.9556267,0.044373292
t86,0.9556267,0.044373292
t84,0.9556267,0.044373292
t81,0.9556267,0.044373292
t91,0.9556267,0.044373292
t92,0.9556267,0.044373292
