accepted_species,0,1
t53,0.95212185,0.047878146
t69,0.95212185,0.047878146
t25,0.95212185,0.047878146
t97,0.95212185,0.047878146
t51,0.95212185,0.047878146
t86,0.95212185,0.047878146
t84,0.95212185,0.047878146
t81,0.95212185,0.047878146
t91,0.95212185,0.047878146
t92,0.95212185,0.047878146
