"accepted_species","estimate"
"t80",-1.3782126499562
"t2",0.0624103589800612
"t36",1.50672734453204
"t32",0.0878536373736826
"t33",0.0878536373736826
"t41",-0.984542807841615
"t15",-0.309141622875598
"t12",-0.294037848103635
"t43",-0.693294388997282
"t92",-1.77437762247261
