accepted_species,estimate
t80,-0.19689557
t2,-0.17373414
t36,1.4505253
t32,0.6497257
t33,0.04583539
t41,-0.96759754
t15,-0.17373414
t12,0.10246447
t43,-0.55216146
t92,-0.97951984
