accepted_species,0,1
sp728,0.08127512065595355,0.9187248793440465
sp765,0.11473239615422604,0.885267603845774
sp788,0.11361208076421436,0.8863879192357856
sp793,0.10799721238908166,0.8920027876109183
sp804,0.11310185972279951,0.8868981402772005
sp826,0.11473315487289604,0.885266845127104
sp827,0.11374219603691593,0.8862578039630841
sp834,0.08026372776236157,0.9197362722376384
sp836,0.11477379326607229,0.8852262067339277
sp863,0.0802407458867308,0.9197592541132692
