accepted_species,0,1
t40,0.3125875613248634,0.6874124386751366
t51,0.20335769057249908,0.7966423094275009
t60,0.30916202615863275,0.6908379738413672
t76,0.3003996637732351,0.6996003362267649
t82,0.20787246964121664,0.7921275303587834
t87,0.3459312952211283,0.6540687047788717
t117,0.246183606192243,0.753816393807757
t137,0.3583726106246925,0.6416273893753075
t164,0.21511178000572195,0.784888219994278
t165,0.21534365085445006,0.7846563491455499
