accepted_species,0,1
t7,0.5334426916007642,0.4665573083992358
t24,0.5145948731287678,0.48540512687123216
t41,0.5383322098932721,0.4616677901067278
t42,0.47788053197210634,0.5221194680278937
t47,0.5260248684866249,0.47397513151337517
t48,0.5631991991569566,0.4368008008430434
t54,0.5566480339904879,0.4433519660095121
t58,0.5443804117954791,0.45561958820452086
t113,0.5353295381417951,0.46467046185820493
t114,0.5432077187876257,0.45679228121237425
