accepted_species,0,1
t7,0.58763814,0.41236183
t24,0.58763814,0.41236183
t41,0.49015605,0.50984395
t42,0.56821805,0.43178195
t47,0.58763814,0.41236183
t48,0.58763814,0.41236183
t54,0.58763814,0.41236183
t58,0.58763814,0.41236183
t113,0.58763814,0.41236183
t114,0.58763814,0.41236183
