accepted_species,0,1
t40,0.10421932,0.8957807
t51,0.23724699,0.762753
t60,0.10421932,0.8957807
t76,0.10421932,0.8957807
t82,0.30522078,0.6947792
t87,0.10421932,0.8957807
t117,0.10421932,0.8957807
t137,0.10421932,0.8957807
t164,0.14113134,0.85886866
t165,0.14113134,0.85886866
