accepted_species,estimate
t44,0.14948656370706032
t45,-0.8639473441209421
t65,-0.1380017933491278
t69,-0.511044754670796
t2,-0.27551427677776374
t33,-0.873206043230364
t19,-0.5649396718526839
t86,1.4370584454853528
t46,1.1207420758940385
t60,0.9941930477339657
