accepted_species,estimate
t44,-0.32395124
t45,-0.5439849
t65,-0.07309198
t69,0.1509201
t2,-0.62172335
t33,-1.1867248
t19,-0.40605736
t86,2.0895412
t46,1.9176279
t60,0.7689712
