accepted_species,0
t29,0.26088792230812674
t87,0.14762653195031544
t28,0.24397212224728165
t79,0.2966875628232839
t22,0.17371712365914146
t58,0.17710772191260402
t6,0.6955459346828143
t44,-0.8572119978476938
t64,-0.12655056697471576
t15,-0.4859108259933627
