accepted_species,0,1
t115,0.029610455,0.97038954
t66,0.029610455,0.97038954
t30,0.029610455,0.97038954
t89,0.0035268664,0.99647313
t128,0.0013167262,0.9986833
t101,0.0013167262,0.9986833
t124,0.00552845,0.99447155
t127,0.00552845,0.99447155
t82,0.00552845,0.99447155
t105,0.0037528872,0.9962471
t19,0.0047789216,0.9952211
t38,0.3450932,0.6549068
t11,0.083509445,0.91649055
t119,0.924412,0.07558799
