accepted_species,0,1
t115,0.02497375,0.97502625
t66,0.02497375,0.97502625
t30,0.02497375,0.97502625
t89,0.006221354,0.99377865
t128,0.0026343465,0.99736565
t101,0.0026343465,0.99736565
t124,0.004689753,0.99531025
t127,0.004689753,0.99531025
t82,0.004689753,0.99531025
t105,0.004689753,0.99531025
t19,0.002617538,0.99738246
t38,0.45287138,0.5471286
t11,0.4094349,0.5905651
t119,0.858979,0.14102104
