accepted_species,0,1
t115,0.113654315,0.8863457
t66,0.034930706,0.9650693
t30,0.03153348,0.9684665
t89,0.004068196,0.9959318
t128,0.004068196,0.9959318
t101,0.005158365,0.99484164
t124,0.004068196,0.9959318
t127,0.004068196,0.9959318
t82,0.004068196,0.9959318
t105,0.0047370195,0.995263
t19,0.029126763,0.97087324
t38,0.16583818,0.8341618
t11,0.28901374,0.71098626
t119,0.8929901,0.10700989
