"","turnover.rates","eps.values","transition.rates"
"1",0.427277203183621,0.479847427690402,NA
"2",0.982348386896774,0.272650972940028,0.171766165178269
"3",0.427277203183621,0.479847427690402,0.0821621308568865
"4",0.982348386896774,0.272650972940028,NA
