accepted_species,0,1
t106,0.2316172847830711,0.7683827152169289
t131,0.2541874251526841,0.7458125748473159
t146,0.22976093168756062,0.7702390683124394
t147,0.23814830032634227,0.7618516996736577
t167,0.22522576998466703,0.774774230015333
t168,0.23141312277436044,0.7685868772256396
t173,0.24106532306674333,0.7589346769332567
t174,0.2508608801747536,0.7491391198252464
t175,0.2340450194568301,0.7659549805431699
t176,0.22211057630188225,0.7778894236981178
