accepted_species,0,1
t19,0.7755082291588524,0.2244917708411476
t34,0.7742480829515025,0.22575191704849748
t40,0.7742927355599417,0.2257072644400583
t63,0.7793927817077607,0.22060721829223925
t64,0.7794300050940057,0.22056999490599427
t76,0.7755638305662529,0.22443616943374717
t78,0.7757230534267867,0.22427694657321334
t88,0.779542993025774,0.22045700697422602
t102,0.7742356350447953,0.2257643649552047
t108,0.7755028052850816,0.22449719471491836
