accepted_species,0,1
t19,0.7333339698845371,0.2666660301154629
t34,0.7438041814418646,0.2561958185581355
t40,0.6331319815104649,0.3668680184895351
t63,0.7644917098237629,0.23550829017623715
t64,0.7003457170317522,0.29965428296824775
t76,0.8725468570596399,0.12745314294036017
t78,0.8735193583877459,0.12648064161225414
t88,0.5186790516209008,0.4813209483790993
t102,0.6791117775143982,0.3208882224856018
t108,0.7954116330319051,0.2045883669680949
