accepted_species,0,1
t106,0.5555555555555556,0.4444444444444444
t131,0.5555555555555556,0.4444444444444444
t146,0.5555555555555556,0.4444444444444444
t147,0.5555555555555556,0.4444444444444444
t167,0.5555555555555556,0.4444444444444444
t168,0.5555555555555556,0.4444444444444444
t173,0.5555555555555556,0.4444444444444444
t174,0.5555555555555556,0.4444444444444444
t175,0.5555555555555556,0.4444444444444444
t176,0.5555555555555556,0.4444444444444444
