"accepted_species","estimate"
"t22",1.06557220187824
"t79",0.90207660262967
"t80",0.90207660262967
"t23",0.779726359671397
"t73",0.925318486900217
"t74",0.925318486900217
"t38",0.568949268510554
"t97",-0.974364074012043
"t66",-0.523768015799055
"t47",-0.563286807920782
