accepted_species,estimate
t22,1.3559313
t79,0.7145774
t80,-0.00769635
t23,0.8520318
t73,0.5659056
t74,0.74178773
t38,0.20733318
t97,0.9702668
t66,-0.50369525
t47,-0.5226247
