accepted_species,estimate
t16,1.6565526989782169
t5,-0.19048112146009363
t87,0.48724452361891335
t41,-0.7258602507900702
t42,-0.4024250243229839
t92,-0.1872907970723505
t77,-0.07717663744686451
t71,-0.2752827263516162
t14,0.11985974083062903
t56,-0.24913669813567083
