accepted_species,estimate
Asclepias_albicans,0.9887771282805067
Asclepias_amplexicaulis,0.9894030743806141
Asclepias_fascicularis,0.8968598368854261
Asclepias_incarnata,0.9081560616456399
Asclepias_oenotheroides,0.9289971522261771
Asclepias_ovalifolia,0.9471402570832799
Calotropis_gigantea,0.9921360137014388
Hoya_australis,1.2304330081321917
Strophanthus_kombe,1.348120620528207
Wrightia_tinctoria,1.0540319817475143
