accepted_species,0
Asclepias_albicans,0.0435181834655824
Asclepias_amplexicaulis,0.0435181834655824
Asclepias_fascicularis,0.0435181834655824
Asclepias_incarnata,0.0435181834655824
Asclepias_oenotheroides,0.0435181834655824
Asclepias_ovalifolia,0.0435181834655824
Calotropis_gigantea,0.0435181834655824
Hoya_australis,0.0435181834655824
Strophanthus_kombe,0.0435181834655824
Wrightia_tinctoria,0.0435181834655824
