accepted_species,estimate
t56,0.6152807661901643
t38,0.6193933326081429
t94,-0.21140438459587813
t20,-0.3023635694210783
t54,0.8406563616609722
t46,0.47144653992384566
t100,0.4830478081436528
t85,-0.3208088210631249
t91,-0.5721945580534238
t92,-0.5721945580534243
