accepted_species,0,1
t29,0.5408141916822469,0.4591858083177532
t43,0.5320768138655426,0.4679231861344574
t52,0.5367465576354227,0.4632534423645774
t98,0.5200399964038839,0.4799600035961161
t102,0.5322708047391849,0.4677291952608152
t123,0.5419916836145706,0.45800831638542944
t133,0.5218808967507682,0.47811910324923185
t155,0.5314593116515227,0.4685406883484773
t157,0.541972968873926,0.458027031126074
t162,0.5394272986277406,0.4605727013722593
