accepted_species,0,1
t12,,
t57,,
t87,,
t114,,
t132,0.0,1.0
t138,0.0,1.0
t149,1.0,0.0
t153,0.0,1.0
t155,0.13943552526931624,0.8605644747306838
t175,0.0,1.0
