accepted_species,0,1
t29,0.6139828,0.3860172
t43,0.48691458,0.5130854
t52,0.6064812,0.39351884
t98,0.43414098,0.565859
t102,0.48865545,0.51134455
t123,0.5808804,0.41911963
t133,0.4219234,0.5780766
t155,0.51380837,0.48619166
t157,0.56655735,0.43344265
t162,0.62437123,0.37562877
