accepted_species,0,1
Coussarea_acuminata,0.874911,0.125089
Oldenlandia_balfourii,0.88588774,0.114112265
Bouvardia_tenuifolia,0.88731843,0.11268155
Asperula_sherardioides,0.9000216,0.099978395
Gaertnera_grisea,0.8914734,0.10852658
Palicourea_veterinariorum,0.8896816,0.110318415
Palicourea_tetraphylla,0.8896816,0.110318415
Rudgea_quisquiliae,0.88986135,0.11013867
Faramea_oblongifolia,0.8738933,0.1261067
Faramea_juruana,0.8568502,0.1431498
