"accepted_species","estimate"
"t8",-0.547953933713707
"t34",-0.353537174032695
"t72",-0.218712100344527
"t78",0.0802299706687741
"t76",-0.495685320144762
"t11",-1.63601322589922
"t38",1.0152279577363
"t64",1.15885968140368
"t41",-0.50924188027139
"t30",0.0804474130700722
