accepted_species,estimate
t8,-0.61085135
t34,-0.41697198
t72,-0.2356861
t78,-0.2925879
t76,-0.59468937
t11,-0.29440686
t38,0.7076096
t64,1.099888
t41,-0.09627497
t30,0.21193905
