accepted_species,0,1
t117,1.0,0.0
t12,,
t9,,
t14,,
t65,,
t54,0.0,1.0
t34,,
t115,0.5132568918633633,0.4867431081366366
t120,0.7936373861471029,0.20636261385289717
t61,,
t56,,
t137,1.0,0.0
t35,,
t130,1.0,0.0
