accepted_species,0,1
t117,0.9948573,0.005142706
t12,0.98054606,0.019453956
t9,0.0120152235,0.9879848
t14,0.020421386,0.9795786
t65,0.3089183,0.6910817
t54,0.10107386,0.89892614
t34,0.17851418,0.8214858
t115,0.029328525,0.9706715
t120,0.3223822,0.6776178
t61,0.022534728,0.9774653
t56,0.9872937,0.012706307
t137,0.95303994,0.04696004
t35,0.98754305,0.012456978
t130,0.9960243,0.003975711
