accepted_species,0,1
t117,0.975847,0.024152964
t12,0.40256268,0.5974373
t9,0.23985761,0.7601424
t14,0.19254047,0.80745953
t65,0.2355333,0.7644667
t54,0.17252457,0.8274754
t34,0.120134294,0.8798657
t115,0.17498267,0.82501733
t120,0.21476531,0.7852347
t61,0.103459716,0.8965403
t56,0.9725861,0.027413886
t137,0.98089457,0.019105436
t35,0.946782,0.05321803
t130,0.91389674,0.086103246
