"accepted_species","estimate"
"t135",1.82456496132131
"t136",1.82456496132131
"t117",1.82456496132131
"t84",1.82456496132131
"t146",2.12212835344249
"t131",1.75980324450401
"t132",1.75980324450401
"t112",0.7808898629484
"t113",0.7808898629484
"t81",0.7808898629484
"t123",0.774333859554705
"t124",0.774333859554705
"t45",0.719534467234618
"t21",0.620946334532153
