accepted_species,estimate
Cyclophyllum_coprosmoides,0.7785219475260365
Galium_aparine,-0.30258168789531803
Gardenia_ternifolia,1.1272193556216918
Isertia_haenkeana,0.2649463112006929
Ixora_peruviana,0.7847509944366935
Nauclea_diderrichii,0.3127467671652706
Palicourea_cyanococca,0.5151333553129152
Plumeria_rubra,0.3581773082138606
Psychotria_horizontalis,0.6285666854074375
Spermacoce_leptoloba,0.2698048013513652
