accepted_species,estimate
Asclepias_erosa,-0.34586189367473164
Asclepias_oenotheroides,-0.34586189367473075
Centaurium_pulchellum,-0.3917003010733522
Coffea_canephora,1.2760326269527789
Galium_labradoricum,-0.39530041066434574
Gardenia_jasminoides,1.2687198683706922
Gentiana_andrewsii,-0.4451074380740091
Guettarda_aromatica,-0.287185234127338
Ixora_congesta,0.9343091263272458
Knoxia_sumatrensis,-0.1763251846642395
