accepted_species,0
t51,-0.04539099441609494
t24,-0.04539099441609494
t88,0.814133517728288
t84,-0.127098241262328
t81,-0.127098241262328
t54,-0.04539099441609494
t95,1.583182270633918
t7,-0.04539099441609494
t77,-1.15866505581265
t10,-0.04539099441609494
