"accepted_species","estimate"
"t51",1.77071414163223
"t24",0.230922398829945
"t88",0.76668206676766
"t84",-0.117382314930985
"t81",-0.10907860892899
"t54",0.780353967710153
"t95",1.56425172382547
"t7",0.394269492975679
"t77",-1.12656032442372
"t10",1.496640944204
