accepted_species,estimate
t51,0.8392358
t24,0.048294596
t88,0.22680995
t84,0.07988502
t81,0.07988502
t54,0.9204865
t95,0.9204865
t7,0.9204865
t77,-1.3509208
t10,1.3429103
