"accepted_species","estimate"
"t85",0.241957138806479
"t95",0.241957138806479
"t96",0.241957138806479
"t99",0.241957138806479
"t100",0.241957138806479
"t77",0.241957138806479
"t72",0.241957138806479
"t73",0.241957138806479
"t37",0.241957138806479
"t38",0.241957138806479
