"accepted_species","estimate"
"t85",0.26126187511734
"t95",0.26126187511734
"t96",0.26126187511734
"t99",0.26126187511734
"t100",0.26126187511734
"t77",0.26126187511734
"t72",0.26126187511734
"t73",0.26126187511734
"t37",0.26126187511734
"t38",0.26126187511734
