accepted_species,estimate
t85,0.5849199
t95,0.5849199
t96,0.5849199
t99,0.5849199
t100,0.5849199
t77,0.5849199
t72,0.5849199
t73,0.5849199
t37,0.5849199
t38,0.5849199
