"accepted_species","0","1"
"sp102",0.789480976786967,0.210519023213033
"sp115",0.789480986025675,0.210519013974325
"sp125",0.789480882544468,0.210519117455532
"sp137",0.789481508021289,0.210518491978711
"sp157",0.789559459849084,0.210440540150916
"sp158",0.789637568259318,0.210362431740682
"sp166",0.7910583876484,0.2089416123516
"sp180",0.789480985383992,0.210519014616008
"sp181",0.789480985383992,0.210519014616008
"sp182",0.796498260348686,0.203501739651314
