accepted_species,0,1
sp102,0.7647212192142915,0.2352787807857085
sp115,0.7647121434549932,0.23528785654500683
sp125,0.8460921890786792,0.15390781092132075
sp137,0.8461760077985135,0.15382399220148646
sp157,0.8462497494331156,0.15375025056688435
sp158,0.7647302835889065,0.23526971641109345
sp166,0.7647792240954217,0.23522077590457832
sp180,0.7647566377496963,0.2352433622503037
sp181,0.7647566377496963,0.2352433622503037
sp182,0.7647360977957125,0.2352639022042875
