accepted_species,0,1
Pachycarpus_grantii,0.9025241,0.097475864
Ruehssia_gymnemoides,0.8397624,0.16023761
Gentianella_dissitifolia,0.91489303,0.08510697
Stapelianthus_pilosus,0.85939735,0.14060263
Swertia_erythrosticta,0.87053543,0.12946455
Psychotria_multiplex,0.90295124,0.09704879
Hydnophytum_bracteatum,0.924203,0.07579703
Rudgea_mazanensis,0.9052202,0.094779804
Stapelia_concinna,0.86205804,0.13794196
Remijia_leiocalyx,0.92002314,0.07997687
