accepted_species,0,1
Pachycarpus_grantii,0.88918793,0.110812075
Ruehssia_gymnemoides,0.86686957,0.13313043
Gentianella_dissitifolia,0.90672666,0.093273334
Stapelianthus_pilosus,0.87168014,0.12831984
Swertia_erythrosticta,0.90672666,0.093273334
Psychotria_multiplex,0.9166491,0.083350904
Hydnophytum_bracteatum,0.8910089,0.10899109
Rudgea_mazanensis,0.9159523,0.08404768
Stapelia_concinna,0.8832844,0.116715625
Remijia_leiocalyx,0.9239584,0.07604157
