"accepted_species","estimate"
"t80",-1.04888989581129
"t92",-2.10225875742655
"t24",-1.14000513432836
"t16",0.448860344849323
"t82",1.23701385908752
"t54",-1.07361862041471
"t77",-0.992373966943498
"t63",-0.939170165341888
"t23",0.835927799479759
"t44",-0.069910403878735
