accepted_species,0,1
sp46,0.7475856586815555,0.2524143413184446
sp47,0.8076675348600406,0.19233246513995939
sp59,0.6492629316071384,0.35073706839286156
sp70,0.790270835304105,0.209729164695895
sp102,0.7502441195612254,0.24975588043877464
sp121,0.7291054035123276,0.27089459648767245
sp146,0.8033464352947106,0.19665356470528939
sp147,0.804945458482271,0.19505454151772908
sp170,0.7951456074376235,0.20485439256237642
sp172,0.728419885076941,0.271580114923059
