"accepted_species","0","1"
"sp46","0.500016035449326","0.499983964550674"
"sp47","0.500007848979014","0.499992151020986"
"sp59","0.500001207958604","0.499998792041396"
"sp70","0.500000846732826","0.499999153267174"
"sp102","0.508884891018046","0.491115108981954"
"sp121","0.53109233557933","0.468907664420671"
"sp146","0.500000003581622","0.499999996418378"
"sp147","0.500000003581622","0.499999996418378"
"sp170","0.859917907376103","0.140082092623897"
"sp172","0.117390674196379","0.882609325803622"
