accepted_species,0,1
t180,0.9290725957492704,0.07092740425072966
t210,0.915663398289795,0.084336601710205
t211,0.6532691190338988,0.3467308809661011
t235,0.8335795386308644,0.1664204613691356
t238,0.6385005072803749,0.36149949271962517
t287,0.9686753944207667,0.03132460557923328
t300,0.9999927158855187,7.28411448127986e-06
t301,0.9360158775098367,0.06398412249016328
t309,0.999997435881091,2.5641189089632244e-06
t317,0.8814584304206441,0.1185415695793559
