accepted_species,0,1
t15,0.4015539040034155,0.5984460959965845
t23,0.40052710411892833,0.5994728958810717
t40,0.4022299324178271,0.5977700675821729
t69,0.40720533016823546,0.5927946698317645
t76,0.40231542469003334,0.5976845753099667
t96,0.400141532271705,0.599858467728295
t118,0.38811699922322707,0.6118830007767729
t120,0.3914801535262994,0.6085198464737006
t125,0.4071657634515875,0.5928342365484125
t138,0.4077591770653315,0.5922408229346685
