accepted_species,0,1
t15,0.5199999999999998,0.4800000000000002
t23,0.4,0.6
t40,0.33113661592476007,0.6688633840752399
t69,0.5202725963398857,0.47972740366011435
t76,0.3445524011693656,0.6554475988306344
t96,0.5039228759754402,0.4960771240245598
t118,0.0,1.0
t120,0.18239439517845368,0.8176056048215463
t125,0.4587992264963173,0.5412007735036827
t138,0.3027044603192972,0.6972955396807028
