accepted_species,0,1
t180,0.9897503,0.010249666
t210,0.96440935,0.035590664
t211,0.43968385,0.56031615
t235,0.9846824,0.015317591
t238,0.6039393,0.39606068
t287,0.8772685,0.12273149
t300,0.9901922,0.009807844
t301,0.9583098,0.041690167
t309,0.9877451,0.012254918
t317,0.9790441,0.020955918
