accepted_species,0,1
t180,0.9222846,0.077715404
t210,0.98530906,0.014690955
t211,0.49356598,0.506434
t235,0.96959984,0.030400176
t238,0.67604697,0.32395303
t287,0.9426043,0.057395723
t300,0.9835547,0.016445307
t301,0.94994277,0.050057247
t309,0.9835547,0.016445307
t317,0.7513157,0.24868427
