accepted_species,0,1
t180,0.9815328,0.018467186
t210,0.9571593,0.042840697
t211,0.6941223,0.30587766
t235,0.99360216,0.006397847
t238,0.2624992,0.7375008
t287,0.7239906,0.27600938
t300,0.99430996,0.005690065
t301,0.96197814,0.03802187
t309,0.9955171,0.0044828975
t317,0.9059274,0.0940726
