"accepted_species","0","1"
"t6",0.816448845440844,0.183551154559156
"t16",0.814855181314311,0.185144818685689
"t17",0.814855181314311,0.185144818685689
"t21",0.842830761935642,0.157169238064358
"t60",0.917337272536752,0.0826627274632483
"t72",0.935807055882808,0.0641929441171915
"t86",0.951284078940809,0.0487159210591914
"t93",0.959268512208816,0.0407314877911838
"t95",0.934030737030857,0.0659692629691428
"t96",0.934030737030857,0.0659692629691428
