accepted_species,0,1
t258,0.9310839,0.06891607
t279,0.9310839,0.06891607
t294,0.9310839,0.06891607
t300,0.9274611,0.072538935
t307,0.9310839,0.06891607
t308,0.9310839,0.06891607
t334,0.9310839,0.06891607
t340,0.9310839,0.06891607
t359,0.9310839,0.06891607
t360,0.9310839,0.06891607
