accepted_species,0,1
t84,1.0,0.0
t59,0.4935397629148556,0.5064602370851444
t15,0.6363636363636364,0.36363636363636365
t27,0.0,1.0
t81,1.0,0.0
t11,1.0,0.0
t5,0.6363636363636364,0.36363636363636365
t97,1.0,0.0
t47,0.19788324955258252,0.8021167504474175
t64,1.0,0.0
t65,1.0,0.0
t57,1.0,0.0
