accepted_species,0,1
t84,0.84576404,0.15423593
t59,0.5934243,0.40657565
t15,0.27476734,0.72523266
t27,0.27292377,0.72707623
t81,0.84576404,0.15423593
t11,0.84576404,0.15423593
t5,0.84576404,0.15423593
t97,0.84576404,0.15423593
t47,0.5266819,0.47331813
t64,0.7058136,0.2941864
t65,0.70335424,0.29664576
t57,0.8433572,0.15664281
