accepted_species,0,1
t84,0.9837833,0.016216712
t59,0.631799,0.368201
t15,0.009811938,0.99018806
t27,0.019578159,0.98042184
t81,0.9892385,0.010761481
t11,0.97691524,0.02308479
t5,0.9828599,0.017140081
t97,0.9892385,0.010761481
t47,0.54300666,0.45699334
t64,0.96374583,0.036254145
t65,0.96374583,0.036254145
t57,0.9836673,0.016332658
