accepted_species,0,1
t84,0.9877559,0.012244124
t59,0.18149,0.81851
t15,0.08306444,0.91693556
t27,0.071982324,0.9280177
t81,0.98922306,0.010776965
t11,0.98922306,0.010776965
t5,0.9823649,0.017635109
t97,0.9632761,0.03672393
t47,0.41407907,0.58592093
t64,0.5144957,0.48550433
t65,0.5144957,0.48550433
t57,0.99069816,0.009301858
