accepted_species,estimate
Galium_eriocarpum,-0.7106817693571366
Galium_verum,-0.33525586955057146
Gentianella_campestris,-0.2936416577660979
Gentianella_germanica,-0.29148285910358435
Oldenlandia_corymbosa,1.4414853932672507
Psychotria_marginata,0.17070665269166047
Psychotria_suterella,0.2666617655304477
Randia_hebecarpa,1.3749265325515314
Spermacoce_brachystema,1.8817459142684745
Tabernaemontana_cymosa,-0.20729094994743075
