accepted_species,0,1
sp106,0.36268352753890665,0.6373164724610934
sp131,0.3486873052874493,0.6513126947125507
sp167,0.34871377123675285,0.6512862287632472
sp183,0.34873959176409053,0.6512604082359095
sp188,0.36274535732986757,0.6372546426701324
sp196,0.3626847147284574,0.6373152852715426
sp205,0.362764066565181,0.637235933434819
sp213,0.36319312641119383,0.6368068735888062
sp234,0.3486561384546194,0.6513438615453806
sp235,0.35502160775373237,0.6449783922462676
