accepted_species,0,1
sp106,0.5218478444173069,0.47815215558269314
sp131,0.17667219241776289,0.8233278075822371
sp167,0.44507526821073684,0.5549247317892632
sp183,0.38645921592654264,0.6135407840734574
sp188,0.37849149639130375,0.6215085036086962
sp196,0.4145199220026776,0.5854800779973224
sp205,0.42285216320258046,0.5771478367974195
sp213,0.35706371317552654,0.6429362868244735
sp234,0.12012734930016988,0.8798726506998301
sp235,0.3401511166621224,0.6598488833378776
