accepted_species,0,1
sp106,0.37828857,0.62171143
sp131,0.24919635,0.75080365
sp167,0.37917542,0.6208246
sp183,0.4014809,0.5985191
sp188,0.30524188,0.6947581
sp196,0.32245284,0.67754716
sp205,0.30524188,0.6947581
sp213,0.38473636,0.61526364
sp234,0.23273408,0.7672659
sp235,0.2875648,0.7124352
