accepted_species,0,1
sp106,0.5438514,0.45614862
sp131,0.22758412,0.7724159
sp167,0.3031246,0.6968754
sp183,0.16301787,0.83698213
sp188,0.29416037,0.70583963
sp196,0.19671208,0.8032879
sp205,0.4479581,0.5520419
sp213,0.57816756,0.42183244
sp234,0.32081854,0.67918146
sp235,0.66996956,0.3300304
