accepted_species,estimate
t98,-0.47052305792005245
t2,-0.9671308038895742
t21,0.15690021765140508
t93,0.0007268909878201026
t32,1.1105630423452788
t78,0.5151106542154563
t7,-1.0686394242384991
t31,1.3933966512883402
t80,-0.19640195984601502
t38,0.5329779726325258
