accepted_species,estimate
t10,0.6332839384727434
t101,1.7605342162133413
t148,1.4871804601230794
t49,1.484193005390329
t153,0.49980750918330347
t131,0.23319969202584895
t132,0.2291379050048244
t124,0.07271733489342928
t135,0.29472354354783453
t23,0.05394253313913737
t9,0.05404685083169551
t69,-0.8061988030773849
t11,-0.35159903981123036
t95,-1.1844692306306688
t156,-0.32087009146708795
t12,0.06472042117306225
