accepted_species,0,1
sp129,0.2350079367333583,0.7649920632666417
sp188,0.2294516031191196,0.7705483968808804
sp189,0.2396680448681986,0.7603319551318014
sp222,0.2295700961161523,0.7704299038838477
sp225,0.23585593133941662,0.7641440686605834
sp234,0.23574221967995812,0.7642577803200419
sp239,0.22876163430302188,0.7712383656969781
sp241,0.2355324785725995,0.7644675214274005
sp242,0.23582353538400902,0.764176464615991
sp245,0.23590099203767756,0.7640990079623224
