accepted_species,0,1
sp129,0.23363446705776192,0.7663655329422381
sp188,0.2313826748210932,0.7686173251789068
sp189,0.23485040464862206,0.7651495953513779
sp222,0.23144126937715148,0.7685587306228485
sp225,0.23397016620308775,0.7660298337969123
sp234,0.23371540248308498,0.766284597516915
sp239,0.2324363060074367,0.7675636939925633
sp241,0.23367194619363751,0.7663280538063625
sp242,0.23396049831117005,0.76603950168883
sp245,0.23396437919806512,0.7660356208019349
