accepted_species,0,1
sp129,0.11407007371641154,0.8859299262835885
sp188,0.06000132307636685,0.9399986769236331
sp189,0.19539728202691586,0.8046027179730841
sp222,0.06015378521565995,0.93984621478434
sp225,0.1602454562924681,0.8397545437075319
sp234,0.10651310502680367,0.8934868949731963
sp239,0.08536093362382091,0.9146390663761791
sp241,0.12016950904483414,0.8798304909551659
sp242,0.1477493990464126,0.8522506009535874
sp245,0.14216974153173223,0.8578302584682678
