accepted_species,0,1
sp129,0.23413427963716837,0.7658657203628316
sp188,0.2314651829621882,0.7685348170378118
sp189,0.2344209136833153,0.7655790863166847
sp222,0.23157983799978699,0.768420162000213
sp225,0.23395342853829593,0.7660465714617041
sp234,0.23442918914295585,0.7655708108570441
sp239,0.23119715937092022,0.7688028406290798
sp241,0.2342611394096774,0.7657388605903226
sp242,0.2339218821908201,0.7660781178091799
sp245,0.23390641696691705,0.766093583033083
