accepted_species,estimate
t52,0.2824551084231388
t54,0.2774131185259506
t4,0.37341831883794263
t15,0.3718574083680527
t47,1.3192279174303363
t97,0.10288665759355824
t59,0.12039343060096601
t46,0.5609951447005103
t38,-0.3682354701266537
t35,-1.0889463894038698
