accepted_species,estimate
t52,0.058480326
t54,-0.296801
t4,0.5210865
t15,1.2519585
t47,1.2206732
t97,-0.6457494
t59,0.15274787
t46,0.81705415
t38,-0.7623018
t35,-0.56397986
