accepted_species,0,1
t140,0.024003148,0.97599685
t72,0.024003148,0.97599685
t63,0.024003148,0.97599685
t60,0.027269721,0.9727303
t121,0.024003148,0.97599685
t64,0.09148246,0.90851754
t157,0.09148246,0.90851754
t158,0.09148246,0.90851754
t132,0.09148246,0.90851754
t22,0.09148246,0.90851754
t94,0.7106774,0.2893226
t52,0.7106774,0.2893226
t89,0.58955723,0.41044277
t90,0.13023067,0.86976933
t100,0.13023067,0.86976933
t101,0.13023067,0.86976933
