accepted_species,estimate
t32,1.0655574
t29,0.31943583
t31,0.92102927
t96,0.7749816
t52,0.4469575
t44,1.5883589
t45,1.5883589
t17,0.87377477
t100,-0.7453581
t87,-0.77813363
