accepted_species,0,1
Ridsdalea_daweishanensis,0.8555597,0.14444031
Dictyanthus_hamatus,0.8091727,0.19082731
Rubia_siamensis,0.88958484,0.110415146
Ixora_inexpecta,0.8555597,0.14444031
Hoya_salmonea,0.86579716,0.13420287
Palicourea_divaricata,0.90258324,0.09741673
Canthium_quadratum,0.8613461,0.13865386
Prestonia_vana,0.84306365,0.15693635
Raphionacme_utilis,0.8494976,0.15050237
Ophiorrhiza_schlenckerae,0.88671494,0.113285035
