accepted_species,0,1
t65,0.5055316715736535,0.4944683284263464
t80,0.5026304850900489,0.49736951490995107
t11,0.505818029113382,0.49418197088661797
t46,0.5068352648909185,0.49316473510908154
t94,0.49521442982938935,0.5047855701706107
t44,0.5006323132174865,0.49936768678251353
t62,0.5010395909139918,0.4989604090860083
t4,0.5030194593444871,0.4969805406555129
t90,0.5148628683880686,0.4851371316119314
t37,0.511095583319592,0.488904416680408
