accepted_species,0,1
t65,0.299964183363025,0.700035816636975
t80,0.5097827175819526,0.4902172824180474
t11,0.42461284160230506,0.5753871583976949
t46,1.0,0.0
t94,0.7784056398875749,0.22159436011242503
t44,0.44428783306794783,0.5557121669320522
t62,0.4710523683950737,0.5289476316049263
t4,0.49999999999850386,0.5000000000014961
t90,0.18361783665261544,0.8163821633473846
t37,0.3870338515594982,0.6129661484405018
