accepted_species,0,1
t65,0.56938916,0.43061084
t80,0.4369263,0.5630737
t11,0.56938916,0.43061084
t46,0.87733454,0.12266546
t94,0.30686295,0.69313705
t44,0.40261656,0.59738344
t62,0.34473258,0.6552674
t4,0.521786,0.478214
t90,0.59537226,0.40462774
t37,0.49386615,0.50613385
