accepted_species,0,1
t65,0.4565603,0.5434397
t80,0.697217,0.302783
t11,0.697217,0.302783
t46,0.72447866,0.27552134
t94,0.48962873,0.51037127
t44,0.4565603,0.5434397
t62,0.48962873,0.51037127
t4,0.48962873,0.51037127
t90,0.48962873,0.51037127
t37,0.48962873,0.51037127
