"accepted_species","estimate"
"t55",0.0656216466294368
"t51",0.0656216466294368
"t52",0.0656216466294368
"t46",0.0656216466294368
"t33",0.0656216466294368
"t99",0.0656216466294368
"t100",0.0656216466294368
"t95",0.0656216466294368
"t96",0.0656216466294368
"t71",0.0656216466294368
