accepted_species,estimate
t29,-0.074714065
t91,-0.07214995
t96,-0.11654424
t21,-0.17174664
t54,-0.20553865
t55,-0.1594956
t97,0.055932518
t98,0.31560177
t2,-0.122521296
t72,-0.29825222
