accepted_species,estimate
t59,-0.3934864972731641
t22,-0.26178489962672924
t74,-0.12275684856798609
t37,-0.28869573218459066
t96,-0.397242751903806
t3,-0.36404425605875945
t16,0.5074856571066276
t71,-0.46451333638028636
t46,-0.45348027343730224
t52,-0.8032510232936285
