"accepted_species","0","1"
"t12",0.271298062487015,0.728701937512985
"t15",0.271298062487015,0.728701937512985
"t30",0.271298062487015,0.728701937512985
"t31",0.271298062487015,0.728701937512985
"t49",0.271298062487015,0.728701937512985
"t62",0.271298062487015,0.728701937512985
"t66",0.271298062487015,0.728701937512985
"t68",0.271298062486994,0.728701937513006
"t77",0.271298022900982,0.728701977099018
"t95",0.270638772784399,0.729361227215601
