accepted_species,0,1
t12,0.23975144761494482,0.7602485523850552
t15,0.42683134039871873,0.5731686596012813
t30,0.26341985313295,0.73658014686705
t31,0.45674447592525136,0.5432555240747486
t49,0.05221017176695397,0.947789828233046
t62,0.17314850775461887,0.8268514922453811
t66,0.2755430180260626,0.7244569819739374
t68,0.3264942533394011,0.6735057466605989
t77,0.35032034980806437,0.6496796501919356
t95,0.11785587731513558,0.8821441226848644
