accepted_species,0,1
t126,0.3390999789902943,0.6609000210097057
t150,0.5954168255934841,0.4045831744065159
t153,0.23790856095160995,0.76209143904839
t179,0.34071730156610636,0.6592826984338936
t210,0.24142862246324914,0.7585713775367509
t214,0.45446356616872763,0.5455364338312724
t217,0.4525490057657917,0.5474509942342083
t237,0.34576802351064506,0.6542319764893549
t256,0.35329101001601326,0.6467089899839867
t270,0.2479051518047135,0.7520948481952865
