accepted_species,0,1
t126,0.3098646053632993,0.6901353946367007
t150,0.4063603243786056,0.5936396756213944
t153,0.3485565801777063,0.6514434198222937
t179,0.34481427309476076,0.6551857269052392
t210,0.37406436524525455,0.6259356347547455
t214,0.42653056268635137,0.5734694373136486
t217,0.40845250932896937,0.5915474906710306
t237,0.37592105038179247,0.6240789496182075
t256,0.49250249390428247,0.5074975060957175
t270,0.0030774617061547493,0.9969225382938453
