accepted_species,0,1
t12,0.22465956,0.77534044
t15,0.43384618,0.5661538
t30,0.22465956,0.77534044
t31,0.26248503,0.737515
t49,0.22465956,0.77534044
t62,0.22465956,0.77534044
t66,0.26248503,0.737515
t68,0.26248503,0.737515
t77,0.26248503,0.737515
t95,0.22465956,0.77534044
