accepted_species,0,1
t126,0.3281557,0.6718443
t150,0.48983526,0.51016474
t153,0.3281557,0.6718443
t179,0.42146873,0.57853127
t210,0.3281557,0.6718443
t214,0.42146873,0.57853127
t217,0.42146873,0.57853127
t237,0.42146873,0.57853127
t256,0.3281557,0.6718443
t270,0.3281557,0.6718443
