accepted_species,0,1
t12,0.31358075,0.68641925
t15,0.31358075,0.68641925
t30,0.31358075,0.68641925
t31,0.31358075,0.68641925
t49,0.19979167,0.80020833
t62,0.31358075,0.68641925
t66,0.28727895,0.71272105
t68,0.31358075,0.68641925
t77,0.31358075,0.68641925
t95,0.15161788,0.8483821
