accepted_species,0,1
t84,0.97296786,0.02703213
t59,0.97296786,0.02703213
t40,0.97074986,0.029250115
t38,0.9733903,0.026609695
t39,0.9733903,0.026609695
t98,0.9733903,0.026609695
t78,0.9733903,0.026609695
t57,0.9705328,0.029467221
t62,0.9726018,0.02739824
t63,0.9726018,0.02739824
