accepted_species,0,1
t84,0.9138727,0.0861273
t59,0.9138727,0.0861273
t40,0.9138727,0.0861273
t38,0.9138727,0.0861273
t39,0.9138727,0.0861273
t98,0.9138727,0.0861273
t78,0.9138727,0.0861273
t57,0.9138727,0.0861273
t62,0.9138727,0.0861273
t63,0.9138727,0.0861273
