accepted_species,estimate
t86,0.047662326032575385
t39,0.9083115416736238
t123,1.0124575499318578
t98,0.6085049624280733
t125,1.2285089662325626
t29,0.42201341636249246
t120,-0.41975227341433674
t23,1.1003257249156448
t8,-0.21577340508341122
t108,0.2943884840627464
t15,1.2556226323649327
t26,-0.3882942641428805
t68,-0.36802633612607816
t53,-0.7257718417828637
