accepted_species,estimate
t80,-0.09676329838326402
t87,0.1448204153160031
t50,0.6188704202979984
t96,0.0776652205194739
t51,-0.1532445366937294
t68,-0.2225117183831291
t18,-0.11895271165279063
t81,-0.8728748631037975
t64,-0.7109238646571926
t23,-0.09633009772455246
