"accepted_species","estimate"
"t80",-0.613295330682387
"t87",-0.449035152888257
"t50",0.67116273080011
"t96",-0.295905796554677
"t51",0.0465256500193131
"t68",-0.68044758473418
"t18",-0.205844280806404
"t81",-0.413667535118452
"t64",-0.5847621485897
"t23",-0.295399023321889
