accepted_species,estimate
t80,0.031263866
t87,0.057847373
t50,0.13905449
t96,0.09975865
t51,-0.13312094
t68,-0.13312094
t18,-0.12282468
t81,-0.38660654
t64,-0.3196775
t23,-0.1382979
