accepted_species,0,1
t11,0.22252387912149119,0.7774761208785088
t94,0.22250767072490396,0.777492329275096
t42,0.2229073702007367,0.7770926297992633
t49,0.22290555302667225,0.7770944469733277
t87,0.22290039121345717,0.7770996087865428
t23,0.2228851032243767,0.7771148967756233
t72,0.2227580437342882,0.7772419562657118
t70,0.22168955001423274,0.7783104499857673
t15,0.22169660591198803,0.778303394088012
t12,0.22402997693328097,0.775970023066719
