accepted_species,0,1
t11,0.22390031127006793,0.7760996887299321
t94,0.22401482811157014,0.7759851718884299
t42,0.2244590612281242,0.7755409387718758
t49,0.2244340237561252,0.7755659762438748
t87,0.22441217244964207,0.7755878275503579
t23,0.2243034947596162,0.7756965052403838
t72,0.22074604654033814,0.7792539534596619
t70,0.22017230338516436,0.7798276966148356
t15,0.22044153482587514,0.7795584651741249
t12,0.22084524691797824,0.7791547530820218
