accepted_species,0,1
t11,0.17428923,0.8257108
t94,0.17875421,0.8212458
t42,0.22693205,0.77306795
t49,0.23382443,0.76617557
t87,0.21884894,0.78115106
t23,0.26087397,0.739126
t72,0.17058688,0.8294131
t70,0.2026487,0.7973513
t15,0.19528872,0.8047113
t12,0.16867203,0.831328
