accepted_species,estimate
t80,-0.01638608830721741
t85,0.15730811243735357
t60,-0.415481780296144
t61,-0.42901955056008323
t13,-0.10090895923209173
t9,-0.08191372097983449
t94,0.36942576611898714
t44,0.3288374973032685
t77,-0.03306294027357015
t90,-0.07904556862789694
