"accepted_species","estimate"
"t80",0.0739501313556303
"t85",0.0739501313556303
"t60",0.0739501313556303
"t61",0.0739501313556303
"t13",0.0739501313556304
"t9",0.0739501313556303
"t94",0.0739501313556303
"t44",0.0739501313556303
"t77",0.0739501313556303
"t90",0.0739501313556303
