"accepted_species","estimate"
"t80",0.622385154172707
"t85",-0.875311840772821
"t60",-0.630093030410321
"t61",-0.630093030410321
"t13",-0.276088727436704
"t9",0.169118912062111
"t94",1.60322283870712
"t44",0.479358367825949
"t77",-0.169486187971207
"t90",0.847133572328253
