accepted_species,0,1
Vincetoxicum_nanum,0.8596104,0.14038962
Minaria_cordata,0.82128197,0.17871802
Vincetoxicum_rockii,0.8455657,0.15443431
Ceropegia_parvissima,0.74767363,0.25232634
Oxypetalum_pachygynum,0.68981254,0.31018743
Ceropegia_suddeei,0.74767363,0.25232634
Hoya_ramosii,0.8885752,0.111424774
Hoya_lanataiensis,0.82128197,0.17871802
Hoya_fischeriana,0.8700148,0.12998523
Dischidia_cochleata,0.8455657,0.15443431
