"accepted_species","0","1"
"t27",0.315610693409828,0.684389306590172
"t34",0.31560480029545,0.68439519970455
"t57",0.315735594906057,0.684264405093943
"t63",0.315458377908639,0.684541622091361
"t65",0.314710018266181,0.685289981733819
"t67",0.317341853446256,0.682658146553744
"t88",0.324459807507917,0.675540192492083
"t120",0.290440307891262,0.709559692108738
"t127",0.458963918675436,0.541036081324564
"t159",0.0663996849721261,0.933600315027874
