accepted_species,0,1
t27,0.15581614569503477,0.8441838543049652
t34,0.22246193411160808,0.7775380658883919
t57,0.3843394048693921,0.6156605951306079
t63,0.3952711640246668,0.6047288359753332
t65,0.5449492220264813,0.4550507779735186
t67,0.26054520723946506,0.7394547927605349
t88,0.5556838717299837,0.4443161282700164
t120,0.916941160286911,0.08305883971308904
t127,0.25095193451886355,0.7490480654811364
t159,0.4313175841428497,0.5686824158571503
