accepted_species,0,1
t27,0.33548600200756695,0.664513997992433
t34,0.335538401550752,0.664461598449248
t57,0.33540161265561097,0.664598387344389
t63,0.3356861241733462,0.6643138758266538
t65,0.3351922822286496,0.6648077177713504
t67,0.3356489299717065,0.6643510700282935
t88,0.33511584916665094,0.6648841508333491
t120,0.33555450730230973,0.6644454926976903
t127,0.33590170311888723,0.6640982968811128
t159,0.33588460410066123,0.6641153958993388
