accepted_species,0,1
t27,0.035185814,0.9648142
t34,0.117296994,0.882703
t57,0.13624996,0.86375004
t63,0.18207002,0.81793
t65,0.1675446,0.8324554
t67,0.006538391,0.9934616
t88,0.13720262,0.8627974
t120,0.96594167,0.03405831
t127,0.009743094,0.9902569
t159,0.18207002,0.81793
