accepted_species,0,1
t27,0.22231734,0.77768266
t34,0.22231734,0.77768266
t57,0.5144615,0.4855385
t63,0.5144615,0.4855385
t65,0.30570698,0.694293
t67,0.16458511,0.8354149
t88,0.29865968,0.7013403
t120,0.57237196,0.42762804
t127,0.1855424,0.8144576
t159,0.42491734,0.57508266
