"accepted_species","estimate"
"t80",1.31006622623674
"t12",-0.54736171721636
"t25",-0.718929861241459
"t58",1.45877952328412
"t74",-0.0924213567827448
"t77",-0.41245075984574
"t45",-0.314810266701409
"t66",-0.208329247505584
"t97",-1.21355715891666
"t42",0.0194406120672838
