accepted_species,estimate
t80,1.454216
t12,-0.8438118
t25,-0.7541134
t58,1.2070632
t74,-0.042472348
t77,-0.5346313
t45,-0.6388615
t66,-0.26706898
t97,-0.8960371
t42,-0.5141229
