accepted_species,estimate
t11,0.036342154607014544
t64,0.14792868567566092
t81,0.09393788978043358
t15,-0.9905652660343206
t98,-1.0986898027278735
t13,0.10268492957103886
t49,1.3020776188864753
t42,0.3676456878905766
t1,0.04044049064920872
t22,0.6702342264802065
