accepted_species,estimate
t94,-0.6922414063880746
t8,-0.37047774594764954
t17,-0.5809605707032328
t22,-0.6619824295266861
t28,0.29019079330934816
t66,0.15851899468559102
t37,-0.16321523803640284
t97,-0.21745583932944448
t75,0.9123561524632237
t84,-0.21597205076821394
