accepted_species,0,1
t2,0.0,1.0
t96,0.0,1.0
t6,0.0,1.0
t144,0.0,1.0
t121,0.0,1.0
t90,0.0,1.0
t54,0.0,1.0
t122,0.0,1.0
t124,0.0,1.0
t61,0.0,1.0
t86,0.4287893042914457,0.5712106957085543
t31,0.5195268504614089,0.4804731495385911
t116,0.769507268463853,0.23049273153614702
t115,0.12293490814852703,0.877065091851473
t134,0.4676640542456325,0.5323359457543675
