accepted_species,estimate
t99,0.4880247102189908
t21,0.3233644588559515
t35,0.08551263396304236
t31,-0.41465218131299747
t2,0.6292487805473288
t52,0.25378246438413515
t85,-0.38279350034159426
t48,-1.0080036928131253
t39,-0.6625033552543306
t49,0.11012449775050043
