accepted_species,0,1
t5,0.04418686847747766,0.9558131315225223
t89,0.04418598208421676,0.9558140179157832
t90,0.04419014527439458,0.9558098547256054
t94,0.044189070091856464,0.9558109299081435
t51,0.044190767430840605,0.9558092325691594
t20,0.0441942615620502,0.9558057384379498
t42,0.04419637602568249,0.9558036239743175
t72,0.04419725219405379,0.9558027478059462
t15,0.0441962595065879,0.9558037404934121
t8,0.044196270755315625,0.9558037292446844
