accepted_species,0,1
t69,0.9951979732394476,0.0048020267605524145
t43,0.9916187244295404,0.008381275570459697
t33,0.8167149001936809,0.18328509980631907
t93,0.6638204458252759,0.3361795541747241
t59,0.5776513041424887,0.4223486958575114
t53,0.943411135058325,0.05658886494167507
t31,0.8309674018932338,0.1690325981067662
t28,0.8380021857598632,0.16199781424013687
t38,0.9785893192458612,0.021410680754138805
t56,0.8454509760323364,0.15454902396766357
