accepted_species,0,1
t69,0.8587426975554068,0.14125730244459325
t43,0.8572152197171037,0.14278478028289635
t33,0.7875974708577573,0.2124025291422427
t93,0.7885374022065348,0.21146259779346516
t59,0.788817421018161,0.21118257898183898
t53,0.8330591511215306,0.16694084887846944
t31,0.8358907149769116,0.1641092850230884
t28,0.8361952604483256,0.16380473955167438
t38,0.8774594427119153,0.12254055728808469
t56,0.834798802587802,0.16520119741219796
