accepted_species,0,1
t69,0.9840654965451102,0.01593450345488981
t43,0.9854258318660116,0.014574168133988324
t33,0.7384153908883586,0.2615846091116414
t93,0.6781841508668203,0.32181584913317973
t59,0.8036170977284033,0.19638290227159672
t53,0.8844301533039517,0.11556984669604833
t31,0.887887922495443,0.11211207750455703
t28,0.8800635383861057,0.11993646161389422
t38,0.9127806455227818,0.08721935447721813
t56,0.8273319674158933,0.1726680325841067
