accepted_species,0,1
t69,0.8974486,0.102551416
t43,0.8974486,0.102551416
t33,0.7953319,0.20466812
t93,0.7975683,0.20243171
t59,0.8045715,0.19542846
t53,0.84468615,0.15531385
t31,0.85859066,0.14140934
t28,0.85723686,0.14276317
t38,0.8841006,0.115899384
t56,0.8467946,0.15320536
