accepted_species,0,1
t12,0.5997314772189153,0.40026852278108477
t23,0.571472241337019,0.42852775866298104
t46,0.42664328651874583,0.5733567134812542
t27,0.4028075333339586,0.5971924666660414
t37,0.2872015656051533,0.7127984343948467
t20,0.2678457394407031,0.7321542605592969
t58,0.5202402665371988,0.4797597334628012
t91,0.500870265591312,0.49912973440868796
t87,0.49741739335195456,0.5025826066480454
t74,0.5012331744802696,0.49876682551973045
