"accepted_species","estimate"
"t6",-1.2797071633654
"t139",-0.443496992585112
"t131",-0.448628109759507
"t111",-0.953131040154854
"t124",-0.498074864694309
"t14",-0.812582539624458
"t97",-1.90384675899021
"t61",0.0917684992379217
"t94",0.682343925109695
"t39",0.671365157408662
"t141",1.17874024618823
"t115",1.22849784922293
"t34",1.04341303154922
"t76",0.737038893471219
"t119",0.83740755871114
"t75",-0.234774009548161
