"accepted_species","estimate"
"t6",-1.2558881701158
"t139",-0.449589951841438
"t131",-0.461447694422789
"t111",-0.943179304614671
"t124",-0.505369577148329
"t14",-0.847995352061748
"t97",-1.85585044274562
"t61",0.0871347168530367
"t94",0.688563126445561
"t39",0.672049476785168
"t141",1.17200486022966
"t115",1.21744124841949
"t34",1.02170113443723
"t76",0.734447719519608
"t119",0.82573788817697
"t75",-0.245795661172929
