accepted_species,estimate
t6,-1.3504186
t139,-0.6214369
t131,-0.6214369
t111,-0.7942634
t124,-0.7942634
t14,-0.7508941
t97,-0.8047812
t61,0.4728104
t94,0.62709326
t39,0.53073585
t141,0.9813085
t115,1.1120292
t34,0.7133847
t76,0.69960076
t119,0.7778986
t75,0.03291503
