accepted_species,estimate
t77,-0.8900401814640707
t59,-1.0113987043543564
t57,-1.0209946974816213
t36,-1.1327018221092233
t15,-1.4411053770951128
t96,0.32314642247700637
t73,0.5446989533596015
t3,1.535629485320861
t9,1.2523374460086647
t42,1.1885618796971134
