accepted_species,estimate
t77,-0.9976582423055675
t59,-1.0290936169184197
t57,-1.0290186314352023
t36,-0.5300199887117804
t15,-0.5318071301284184
t96,0.25495651987887924
t73,0.382977560811363
t3,0.9738856906326882
t9,1.0490270033550166
t42,1.1483906349312338
