accepted_species,estimate
t72,1.1134212399103491
t70,-1.2302043245281662
t6,0.052822907255771046
t26,0.6693411082840834
t12,-0.4537150467834905
t86,-0.4720597980522918
t58,-0.467157862524302
t61,-0.6117597511217269
t2,-0.34674775376981215
t75,-0.6172828695861144
