accepted_species,0,1
t52,0.3390139536928831,0.6609860463071169
t67,0.5974638065961728,0.4025361934038272
t102,0.8045094625216325,0.19549053747836753
t128,0.6254476755985499,0.3745523244014501
t129,0.6526995479028689,0.3473004520971311
t137,0.5151162913925094,0.48488370860749064
t147,0.6738215192491754,0.3261784807508246
t198,0.829818593801584,0.17018140619841604
t210,0.5673842657472177,0.43261573425278227
t219,0.9096844552727544,0.09031554472724557
