accepted_species,0,1
t33,0.6878848394070081,0.312115160592992
t46,0.5305209349705844,0.46947906502941567
t47,0.5476700760122005,0.4523299239877995
t63,0.2624752537812628,0.7375247462187372
t68,0.34490524248168863,0.6550947575183114
t84,0.8744781101914955,0.12552188980850457
t100,0.6562573860097887,0.34374261399021133
t103,0.6815828333528877,0.3184171666471123
t110,0.44655050607737157,0.5534494939226284
t117,0.8072984610744536,0.19270153892554637
