accepted_species,0,1
t52,0.6987917514899964,0.3012082485100036
t67,0.6967840611111139,0.3032159388888861
t102,0.7022965250697604,0.2977034749302396
t128,0.6994798743469416,0.3005201256530584
t129,0.698856905708144,0.301143094291856
t137,0.6987423308505325,0.30125766914946744
t147,0.6993308333898738,0.3006691666101262
t198,0.7017027103794724,0.2982972896205276
t210,0.699483412848771,0.3005165871512289
t219,0.702466754900773,0.2975332450992269
