accepted_species,0,1
t33,0.6227407174882325,0.3772592825117675
t46,0.6248369468361832,0.37516305316381676
t47,0.6241288230061277,0.3758711769938723
t63,0.6156544350317492,0.38434556496825073
t68,0.613090504591331,0.38690949540866904
t84,0.611895254781968,0.3881047452180319
t100,0.6265058334252489,0.37349416657475104
t103,0.6252053477366275,0.3747946522633725
t110,0.6236007070829096,0.3763992929170904
t117,0.6118102184665062,0.3881897815334938
