accepted_species,0,1
t52,0.6079822,0.39201778
t67,0.6785475,0.3214525
t102,0.7983056,0.20169444
t128,0.77262527,0.22737472
t129,0.55615246,0.4438475
t137,0.6343168,0.36568317
t147,0.61557996,0.38442004
t198,0.8005064,0.19949359
t210,0.7312037,0.2687963
t219,0.74615693,0.25384307
