accepted_species,0,1
t33,0.6861714,0.3138286
t46,0.46723688,0.5327631
t47,0.53442836,0.4655716
t63,0.4546057,0.5453943
t68,0.30633736,0.69366264
t84,0.7981781,0.20182194
t100,0.8198665,0.1801335
t103,0.6984008,0.3015992
t110,0.6238787,0.37612128
t117,0.7981781,0.20182194
