accepted_species,0,1
sp162,0.8250419746103602,0.17495802538963975
sp226,0.9617748055441747,0.03822519445582532
sp280,0.39663805676250086,0.6033619432374991
sp291,0.9406487907249117,0.05935120927508827
sp314,0.7078069116876651,0.292193088312335
sp342,0.6292743466872031,0.3707256533127969
sp354,0.7688045077382257,0.23119549226177422
sp366,0.7337991167210378,0.2662008832789622
sp380,0.6518810823868212,0.3481189176131788
sp381,0.9277966144283787,0.07220338557162137
