accepted_species,0,1
sp162,0.77945364,0.22054633
sp226,0.8284143,0.17158568
sp280,0.7456099,0.25439012
sp291,0.86986536,0.13013464
sp314,0.7454889,0.25451115
sp342,0.71806026,0.28193977
sp354,0.80182695,0.19817306
sp366,0.7658177,0.23418231
sp380,0.7658177,0.23418231
sp381,0.8728111,0.1271889
