accepted_species,estimate
t89,-0.05679568276015588
t13,-0.09720978614460073
t10,-0.15429557755283363
t27,0.0868611205740686
t8,-0.08593155831581288
t59,-0.06354610213151844
t54,-0.16131138668004497
t35,0.17545318438818158
t95,0.2701138929085914
t96,0.17699181731874117
