"accepted_species","estimate"
"t89",0.288455023224578
"t13",-0.00056795723098208
"t10",-0.000567957229417962
"t27",-0.000567993351394769
"t8",-0.000567957229417944
"t59",-0.000853137680392986
"t54",-0.000660817044373387
"t35",-0.000568916051524663
"t95",-0.000750809192065654
"t96",-0.000750809192065654
