"accepted_species","estimate"
"t28",0.339517014339692
"t20",-0.0452004583406521
"t8",-0.193546871311453
"t24",0.251659164240966
"t10",1.92797610619578
"t50",2.42470560237414
"t43",1.2977480107441
"t53",1.2716103851074
"t61",-1.2196081465444
"t85",-1.19512053361987
