accepted_species,0,1
Tarenna_maingayi,0.88292444,0.117075555
Tocoyena_pendulina,0.8648319,0.13516808
Tarenna_hirsuta,0.88292444,0.117075555
Gardenia_brighamii,0.88292444,0.117075555
Randia_mendozae,0.87501943,0.12498054
Pavetta_swatowica,0.88292444,0.117075555
Pavetta_palembangensis,0.88292444,0.117075555
Pavetta_brachyantha,0.8732879,0.1267121
Pavetta_barbata,0.8648319,0.13516808
Tricalysia_ignota,0.88292444,0.117075555
