accepted_species,0,1
Tarenna_maingayi,0.8759898,0.124010205
Tocoyena_pendulina,0.8685093,0.13149072
Tarenna_hirsuta,0.86921805,0.13078193
Gardenia_brighamii,0.8722763,0.12772371
Randia_mendozae,0.8613937,0.13860631
Pavetta_swatowica,0.8759898,0.124010205
Pavetta_palembangensis,0.86921805,0.13078193
Pavetta_brachyantha,0.86921805,0.13078193
Pavetta_barbata,0.8759898,0.124010205
Tricalysia_ignota,0.86921805,0.13078193
