"accepted_species","estimate"
"t6",-1.13114388835355
"t45",-0.425936172129243
"t70",-0.425936172129243
"t71",-0.425936172129243
"t20",-0.425936172129243
"t50",-0.842800194421795
"t51",-0.842800194421795
"t22",-0.133046671715227
"t82",0.0609591354159869
"t97",-0.0238355826542091
