accepted_species,0
t6,
t45,
t70,
t71,
t20,
t50,
t51,
t22,
t82,-0.016008403798428977
t97,-0.030222897274894533
