accepted_species,0,1
t79,0.37797248,0.6220275
t107,0.88345855,0.11654145
t108,0.88345855,0.11654145
t66,0.88345855,0.11654145
t97,0.8986613,0.10133868
t33,0.026260078,0.9737399
t68,0.58216256,0.41783744
t53,0.743154,0.256846
t54,0.4423579,0.5576421
t75,0.7497688,0.2502312
t146,0.92301536,0.07698467
t106,0.89520156,0.10479846
t48,0.33388507,0.6661149
t128,0.7445927,0.25540727
t129,0.7445927,0.25540727
