accepted_species,estimate
t74,-0.911824537435093
t70,-0.20018288229003772
t91,-0.4253351538017855
t89,-1.0690602945279473
t88,0.5398790426709317
t32,1.120355198859259
t59,1.0914993461696925
t8,-0.09684096307283631
t100,-0.3612157752255675
t92,-0.29631958369538264
