"accepted_species","estimate"
"t74",0.356770390554188
"t70",-0.247517181487074
"t91",-1.0064618979412
"t89",-0.957496488826404
"t88",0.10722964717143
"t32",0.820446093893661
"t59",0.751968554214242
"t8",-0.0492110250283239
"t100",-0.0505820526885417
"t92",-0.24643708876465
