"accepted_species","estimate"
"t29",-0.239340330758349
"t30",-0.239340330758349
"t15",-0.239340330758349
"t86",-0.441039639398373
"t87",-0.441039639398373
"t41",-0.441039639398373
"t38",-0.188929829644703
"t39",-0.188929829644703
"t21",0.182988417939619
"t22",0.182988417939619
