accepted_species,0
t92,0.779817064567924
t37,
t89,1.3824468743635
t6,
t56,
t82,0.216480638616132
t95,0.451273242021214
t28,
t1,
t12,
