"accepted_species","estimate"
"t92",0.788874614155221
"t37",0.90075879042176
"t89",1.33975978837491
"t6",0.354817150032683
"t56",-0.0463805098769557
"t82",0.151816405780118
"t95",0.449635948607131
"t28",0.388351115212143
"t1",0.50150219870795
"t12",0.370995469708561
