accepted_species,estimate
t92,1.0483829
t37,0.8267946
t89,0.58220416
t6,0.6980412
t56,0.24992132
t82,0.11967171
t95,0.5917009
t28,0.42237598
t1,0.8381701
t12,0.592731
