accepted_species,0,1
sp66,0.4203939871146438,0.5796060128853562
sp76,0.4205003634987179,0.5794996365012821
sp80,0.42055469000532575,0.5794453099946743
sp120,0.42030211313677046,0.5796978868632295
sp121,0.4203339839127962,0.5796660160872038
sp163,0.42042165409625365,0.5795783459037464
sp174,0.42043420953202393,0.5795657904679761
sp205,0.4205514255263314,0.5794485744736686
sp226,0.4204651605951818,0.5795348394048182
sp227,0.4203229217191379,0.5796770782808621
