accepted_species,0,1
sp66,0.47038507,0.5296149
sp76,0.47038507,0.5296149
sp80,0.47038507,0.5296149
sp120,0.47038507,0.5296149
sp121,0.47038507,0.5296149
sp163,0.5789714,0.4210286
sp174,0.47038507,0.5296149
sp205,0.5789714,0.4210286
sp226,0.47038507,0.5296149
sp227,0.47038507,0.5296149
