accepted_species,estimate
t1,0.06362809968253504
t21,0.6020485232221546
t122,-0.1695288829659351
t59,0.6117444897762029
t112,0.7355844216367772
t103,0.7324861541546249
t35,0.9695278787232366
t95,1.0115407401737195
t125,1.0075228457400665
t102,0.40213033758749006
t118,1.4725183672944295
t50,-1.5789242897156959
t82,0.6561042124464971
