accepted_species,estimate
t1,0.8431936687527196
t21,0.42097332470565746
t122,-0.5375241422681617
t59,0.3377894421981597
t112,0.6642377713957116
t103,0.5821488901163142
t35,1.2562594029303469
t95,1.1809107103569758
t125,0.9488930808071688
t102,0.1789735260342246
t118,0.8525523164011352
t50,-1.6977518966387346
t82,0.30902155476524923
