"accepted_species","estimate"
"t1",1.05412150108181
"t21",0.437613252048572
"t122",-0.148332835030181
"t59",0.416018985886281
"t112",0.234041007773735
"t103",0.254570267544959
"t35",0.949555311751231
"t95",0.88715682223566
"t125",1.39803755861721
"t102",0.0551155754935237
"t118",1.43369063477898
"t50",-1.68118832024482
"t82",0.693275202193622
