"accepted_species","estimate"
"t1",1.05652767274073
"t21",0.471839718244223
"t122",-0.148418919553875
"t59",0.404969176583601
"t112",0.236190527116079
"t103",0.257542089045857
"t35",0.962411930627655
"t95",0.891244528899557
"t125",1.39545686197013
"t102",0.081557306154506
"t118",1.43393867460545
"t50",-1.64790969638053
"t82",0.69717338095317
