accepted_species,0,1
Oxypetalum_costae,0.8822847,0.117715314
Metastelma_northropiae,0.8822847,0.117715314
Oxystelma_bornouense,0.87974316,0.12025686
Cynanchum_natalitium,0.87974316,0.12025686
Cynanchum_rioparanense,0.87974316,0.12025686
Cynanchum_falcatum,0.87974316,0.12025686
Matelea_texensis,0.8822847,0.117715314
Gomphocarpus_munonquensis,0.87974316,0.12025686
Pachycarpus_lebomboensis,0.87974316,0.12025686
Xysmalobium_gossweileri,0.87974316,0.12025686
