accepted_species,0
t45,-0.015743677025746385
t4,-0.015743677025746385
t26,-0.015743677025746385
t74,-0.015743677025746385
t102,-0.015743677025746385
t16,-0.015743677025746385
t109,-0.015743677025746385
t94,-0.015743677025746385
t39,-0.015743677025746385
t121,-0.015743677025746385
t21,-0.015743677025746385
t67,-0.015743677025746385
t61,-0.015743677025746385
t62,-0.015743677025746385
