accepted_species,estimate
Alibertia_edulis,0.6342897556354476
Coffea_liberica,0.38703147163642915
Coffea_racemosa,0.19286025255360362
Hamelia_axillaris,0.4368074196335432
Ixora_congesta,0.7871776194094899
Ixora_pendula,0.7306989800324459
Nauclea_officinalis,0.31333112407528607
Neolamarckia_cadamba,0.29589001862016073
Pentagonia_macrophylla,1.5561159208064883
Randia_armata,0.3914218237219791
