accepted_species,0
Alibertia_edulis,0.0027906579275843815
Coffea_liberica,0.0027906579275843815
Coffea_racemosa,1.3804812402802
Hamelia_axillaris,-0.346409004745999
Ixora_congesta,0.0027906579275843815
Ixora_pendula,0.0027906579275843815
Nauclea_officinalis,0.0027906579275843815
Neolamarckia_cadamba,0.0027906579275843815
Pentagonia_macrophylla,0.0027906579275843815
Randia_armata,-0.355985946778948
