accepted_species,0
t85,0.0929877385825525
t86,0.0929877385825525
t19,0.0929877385825525
t60,0.0929877385825525
t52,0.0929877385825525
t53,0.0929877385825525
t12,0.0929877385825525
t29,0.0929877385825525
t33,0.0929877385825525
t34,0.0929877385825525
