accepted_species,estimate
t92,-0.5590702007153534
t84,-0.8161638147045405
t97,-1.6806643939212862
t17,0.9366274650264919
t40,0.8441715596605368
t62,0.12468994344661218
t78,0.15157042740581736
t74,0.4398774677777448
t75,0.30886073190838575
t68,-0.04440313985817527
