accepted_species,estimate
t92,-1.767537
t84,-0.40354633
t97,-1.6633928
t17,1.1436791
t40,0.366583
t62,0.5987518
t78,0.5987518
t74,0.36262026
t75,0.36262026
t68,0.35271043
