"accepted_species","estimate"
"t73",0.0521403139510555
"t74",0.0521403139510555
"t10",0.0309311273084562
"t53",0.0483560630863998
"t63",-0.531219535232878
"t36",0.72632299661173
"t96",0.933031332786004
"t34",-1.02890127788952
"t9",0.0532670593298794
"t56",0.600432105174774
