accepted_species,estimate
t5,-0.3435243474249142
t9,0.234291075189787
t8,0.6628183978894127
t95,0.1186735987832307
t64,2.2054861674445623
t58,-0.24196371896923682
t3,-0.18244163371715583
t99,0.05177171098757248
t81,0.04973369223663952
t51,0.888338093408659
