accepted_species,estimate
t5,-0.25717405798185156
t9,-0.10007648640880024
t8,0.05969787076087529
t95,0.12222165036752508
t64,2.2528844175902796
t58,-0.3099689745779525
t3,-0.38432633330892324
t99,-0.0009197967421994378
t81,-0.054321558264487424
t51,-0.1260131670857832
