accepted_species,0
t5,-0.020638928749271913
t9,-0.020638928749271913
t8,-0.020638928749271913
t95,-0.21464783551897
t64,-0.020638928749271913
t58,-0.020638928749271913
t3,-0.020638928749271913
t99,0.0131741131599911
t81,0.0131741131599911
t51,-0.020638928749271913
