accepted_species,0,1
t147,0.35199042362091093,0.6480095763790891
t165,0.36771164347834373,0.6322883565216563
t175,0.39051924007380545,0.6094807599261945
t234,0.40038794831596203,0.599612051684038
t251,0.34413853846633014,0.6558614615336699
t256,0.34137975589248304,0.658620244107517
t257,0.34363852236066184,0.6563614776393382
t259,0.3789279366150142,0.6210720633849858
t276,0.35204242370512007,0.6479575762948799
t281,0.3444860052813141,0.6555139947186859
