accepted_species,0,1
t7,0.5124327982968678,0.48756720170313217
t34,0.577697760609788,0.4223022393902121
t44,0.4778339187726366,0.5221660812273634
t71,0.5698858712516004,0.43011412874839966
t84,0.5061348950099032,0.49386510499009684
t85,0.5395558160866654,0.4604441839133347
t86,0.5407713851146418,0.45922861488535816
t87,0.49724363269881156,0.5027563673011884
t110,0.5009497233434392,0.4990502766565607
t118,0.5790013332725845,0.4209986667274155
