accepted_species,0,1
t7,0.5386813904975509,0.461318609502449
t34,0.5204673784642684,0.4795326215357316
t44,0.6688468663514965,0.3311531336485035
t71,0.5599074026345885,0.44009259736541145
t84,0.6900500130016044,0.3099499869983956
t85,0.4777985091524036,0.5222014908475964
t86,0.5918674271158368,0.4081325728841632
t87,0.43971482481282675,0.5602851751871732
t110,0.4391214177050291,0.5608785822949709
t118,0.6259926290824904,0.3740073709175096
