accepted_species,0,1
t147,0.7228167783614166,0.2771832216385834
t165,0.7307035960102113,0.26929640398978866
t175,0.5465474280581979,0.45345257194180216
t234,0.6740778941733874,0.32592210582661263
t251,0.11576521134448248,0.8842347886555175
t256,0.12750653193346895,0.872493468066531
t257,0.13113849156801083,0.8688615084319892
t259,0.7315604352680669,0.26843956473193303
t276,0.6709250890724666,0.3290749109275334
t281,0.11376979452608438,0.8862302054739156
