"accepted_species","0","1"
"t147","0.500063976328146","0.499936023671854"
"t165","0.500194500301428","0.499805499698572"
"t175","0.502199331250838","0.497800668749162"
"t234","0.612602874285587","0.387397125714413"
"t251","0.365013191451098","0.634986808548902"
"t256","0.344586483438932","0.655413516561068"
"t257","0.498028585833731","0.501971414166269"
"t259","0.745617323572732","0.254382676427268"
"t276","0.50704013987404","0.492959860125961"
"t281","0.812015630259422","0.187984369740578"
