accepted_species,0,1
t7,0.523828,0.476172
t34,0.523828,0.476172
t44,0.523828,0.476172
t71,0.56909543,0.43090457
t84,0.523828,0.476172
t85,0.5312072,0.46879277
t86,0.5312072,0.46879277
t87,0.596943,0.403057
t110,0.596943,0.403057
t118,0.5312072,0.46879277
