accepted_species,0,1
t7,0.545828,0.45417202
t34,0.49329227,0.5067077
t44,0.5202565,0.47974345
t71,0.5140331,0.48596695
t84,0.51943666,0.48056334
t85,0.5405128,0.4594872
t86,0.5405128,0.4594872
t87,0.5474684,0.45253155
t110,0.54222643,0.4577736
t118,0.5580089,0.44199112
