accepted_species,0,1
t7,0.55216956,0.44783047
t34,0.49865484,0.50134516
t44,0.5244641,0.47553593
t71,0.53353727,0.46646276
t84,0.5244641,0.47553593
t85,0.53779095,0.46220905
t86,0.5458296,0.4541704
t87,0.5667336,0.43326643
t110,0.5642843,0.4357157
t118,0.55926156,0.44073844
