accepted_species,0,1
sp30,0.8102626076492745,0.18973739235072548
sp55,0.8102730039937425,0.18972699600625756
sp66,0.8100116972643351,0.1899883027356649
sp80,0.8119471791901176,0.18805282080988237
sp89,0.8118479657402444,0.18815203425975552
sp104,0.8096266297240927,0.1903733702759073
sp109,0.8102877189257938,0.1897122810742062
sp124,0.8099635398386621,0.19003646016133793
sp137,0.8119121903129876,0.1880878096870125
sp143,0.80941215377123,0.19058784622876998
