accepted_species,0,1
sp30,0.8105850979104682,0.1894149020895318
sp55,0.8107213331180159,0.1892786668819842
sp66,0.8104680372272282,0.18953196277277184
sp80,0.8115498988440064,0.18845010115599356
sp89,0.8115309221835433,0.18846907781645672
sp104,0.8103620422409276,0.1896379577590724
sp109,0.810689210138159,0.189310789861841
sp124,0.8104213162118309,0.18957868378816908
sp137,0.8115478786825957,0.18845212131740427
sp143,0.8103894821015806,0.18961051789841946
