accepted_species,0,1
sp30,0.99775696,0.002243045
sp55,0.8157519,0.18424812
sp66,0.9306714,0.0693286
sp80,0.94359636,0.056403607
sp89,0.9480902,0.0519098
sp104,0.33692974,0.66307026
sp109,0.8157519,0.18424812
sp124,0.719635,0.28036496
sp137,0.83299625,0.16700377
sp143,0.5385331,0.4614669
