accepted_species,0,1
sp30,0.82833934,0.17166066
sp55,0.8376799,0.16232008
sp66,0.79416203,0.205838
sp80,0.79949284,0.20050713
sp89,0.8355373,0.16446267
sp104,0.7883427,0.21165726
sp109,0.84084165,0.15915836
sp124,0.81852144,0.18147856
sp137,0.8370192,0.16298077
sp143,0.799194,0.200806
