accepted_species,0,1
t10,0.0135682225,0.9864318
t65,0.0135682225,0.9864318
t109,0.0135682225,0.9864318
t27,0.0135682225,0.9864318
t104,0.0135682225,0.9864318
t41,0.0135682225,0.9864318
t82,0.0135682225,0.9864318
t61,0.0135682225,0.9864318
t119,0.0135682225,0.9864318
t43,0.0135682225,0.9864318
t94,0.0135682225,0.9864318
t102,0.0135682225,0.9864318
t48,0.0135682225,0.9864318
t3,0.0135682225,0.9864318
