accepted_species,0,1
Galium_problematicum,1.0,0.0
Vincetoxicum_tridactylatum,1.0,0.0
Vincetoxicum_barbatum,1.0,0.0
Metastelma_martinicense,0.8888888888888888,0.1111111111111111
Ceropegia_mafekingensis,1.0,0.0
Psychotria_silhetensis,0.8571428571428571,0.14285714285714288
Psychotria_inegi,0.8571428571428571,0.14285714285714288
Rutidea_decorticata,1.0,0.0
Oldenlandia_nudiflora,0.8888888888888888,0.1111111111111111
Dentella_pulvinata,0.8888888888888888,0.1111111111111111
