accepted_species,0,1
Pavetta_angustifolia,0.942458,0.057542007
Ixora_javanica,0.9427465,0.057253502
Pentagonia_dwyeriana,0.94166815,0.058331825
Deppea_pauciflora,0.9419385,0.05806151
Urophyllum_platyphyllum,0.93435293,0.06564706
Psychotria_cordatula,0.93545276,0.06454726
Ixora_djambica,0.9411052,0.05889482
Palicourea_mediocris,0.9416089,0.05839109
Palicourea_antioquiana,0.9430299,0.056970134
Spermacoce_diversistyla,0.90869915,0.09130083
