accepted_species,0
t78,-0.011755542325850864
t1,-0.011755542325850864
t38,-0.011755542325850864
t19,-0.011755542325850864
t48,-0.011755542325850864
t9,-0.011755542325850864
t22,-0.011755542325850864
t58,-0.011755542325850864
t53,-0.011755542325850864
t41,-0.011755542325850864
