accepted_species,0,1
t124,0.8900507,0.10994928
t28,0.6066723,0.39332774
t104,0.81726784,0.18273218
t35,0.6701282,0.3298718
t82,0.3330434,0.6669566
t79,0.19748056,0.80251944
t37,0.4242143,0.5757857
t90,0.48218983,0.51781017
t139,0.85076535,0.14923464
t74,0.9427683,0.05723172
t87,0.93621117,0.06378885
t64,0.93621117,0.06378885
t113,0.9335754,0.06642462
t7,0.11351633,0.88648367
t42,0.13794959,0.8620504
t14,0.11351633,0.88648367
