accepted_species,0,1
t45,0.6077282176357446,0.3922717823642555
t19,0.7216998831777874,0.27830011682221256
t11,0.7225927885722314,0.27740721142776864
t59,0.7619600251349321,0.23803997486506792
t62,0.7109804886956301,0.28901951130436987
t71,0.6898407833632005,0.3101592166367995
t43,0.7493232151008363,0.2506767848991637
t44,0.6634506853706109,0.3365493146293891
t48,0.46353993809000615,0.5364600619099938
t25,0.49358585088645546,0.5064141491135445
