"accepted_species","0","1"
"t134",0.0357554530294422,0.964244546970558
"t200",0.0686880519147771,0.931311948085223
"t203",0.0686880519121952,0.931311948087805
"t261",0.00513844492729952,0.9948615550727
"t266",0.00518818429580299,0.994811815704197
"t268",0.0686880519121952,0.931311948087805
"t281",0.00313856393470114,0.996861436065299
"t290",0.00245208470650947,0.997547915293491
"t292",0.00148242916519241,0.998517570834808
"t298",0.000935900244776695,0.999064099755223
