"accepted_species","0","1"
"t14",0.499999999999458,0.500000000000542
"t24",0.499995492411973,0.500004507588027
"t41",0.500167849861749,0.499832150138251
"t56",0.500293363126299,0.499706636873701
"t60",0.499545373272038,0.500454626727962
"t70",0.498622810634661,0.501377189365339
"t72",0.503329308006141,0.496670691993859
"t80",0.505408528540744,0.494591471459256
"t130",0.865578960373238,0.134421039626762
"t132",0.917643364056207,0.0823566359437934
