accepted_species,0,1
t134,0.0444444444444444,0.9555555555555556
t200,0.0444444444444444,0.9555555555555556
t203,0.0444444444444444,0.9555555555555556
t261,0.0,1.0
t266,0.0,1.0
t268,0.0444444444444444,0.9555555555555556
t281,0.0,1.0
t290,0.0,1.0
t292,0.0,1.0
t298,0.0,1.0
