"accepted_species","0","1"
"t158","0.545069689981082","0.454930310018918"
"t159","0.545069689981082","0.454930310018918"
"t99","0.565908083072478","0.434091916927522"
"t160","0.68562718991314","0.31437281008686"
"t161","0.68562718991314","0.31437281008686"
"t153","0.68562718991314","0.31437281008686"
"t176","0.778040468732548","0.221959531267452"
"t177","0.778040468732548","0.221959531267452"
"t147","0.571012407941957","0.428987592058043"
"t148","0.571012407941957","0.428987592058043"
