accepted_species,0,1
t14,0.48371577,0.5162842
t24,0.48371577,0.5162842
t41,0.5931632,0.4068368
t56,0.5931632,0.4068368
t60,0.5599184,0.44008157
t70,0.5599184,0.44008157
t72,0.5599184,0.44008157
t80,0.5931632,0.4068368
t130,0.5931632,0.4068368
t132,0.5931632,0.4068368
