accepted_species,0,1
t14,0.48482764,0.51517236
t24,0.48809093,0.51190907
t41,0.60760546,0.39239457
t56,0.60760546,0.39239457
t60,0.56759536,0.4324046
t70,0.55683357,0.44316643
t72,0.64803785,0.35196215
t80,0.60021126,0.3997887
t130,0.64803785,0.35196215
t132,0.64803785,0.35196215
