accepted_species,0,1
t134,0.10927504,0.89072496
t200,0.001383543,0.99861646
t203,0.001383543,0.99861646
t261,0.08123028,0.9187697
t266,0.001383543,0.99861646
t268,0.001383543,0.99861646
t281,0.001383543,0.99861646
t290,0.10318315,0.89681685
t292,0.0052587986,0.9947412
t298,0.001383543,0.99861646
