accepted_species,0,1
t50,0.16811721682574998,0.83188278317425
t92,0.16855219426583778,0.8314478057341622
t108,0.16755505589708553,0.8324449441029145
t129,0.16889900676524827,0.8311009932347517
t132,0.16848961790725525,0.8315103820927447
t133,0.16860090440155584,0.8313990955984442
t153,0.16824433792162652,0.8317556620783735
t159,0.16945268827079918,0.8305473117292008
t160,0.1695011600349402,0.8304988399650598
t166,0.16874073727405248,0.8312592627259475
