accepted_species,0,1
t50,0.052577972,0.947422
t92,0.8444842,0.1555158
t108,0.8023586,0.1976414
t129,0.81089973,0.1891003
t132,0.85154164,0.14845833
t133,0.07761139,0.9223886
t153,0.07053125,0.92946875
t159,0.8943424,0.10565758
t160,0.8602457,0.13975431
t166,0.081626534,0.91837347
