accepted_species,0,1
t67,0.7788531,0.2211469
t74,0.7768366,0.22316343
t75,0.7768366,0.22316343
t76,0.7768366,0.22316343
t82,0.7768366,0.22316343
t83,0.7768366,0.22316343
t104,0.7788531,0.2211469
t105,0.7788531,0.2211469
t108,0.7698673,0.23013267
t109,0.7698673,0.23013267
