accepted_species,0,1
t67,0.81845415,0.18154584
t74,0.81845415,0.18154584
t75,0.81845415,0.18154584
t76,0.81845415,0.18154584
t82,0.81845415,0.18154584
t83,0.81845415,0.18154584
t104,0.81845415,0.18154584
t105,0.81845415,0.18154584
t108,0.81845415,0.18154584
t109,0.81845415,0.18154584
