accepted_species,0,1
t67,0.7882025,0.2117975
t74,0.7882025,0.2117975
t75,0.7882025,0.2117975
t76,0.7882025,0.2117975
t82,0.7882025,0.2117975
t83,0.7882025,0.2117975
t104,0.7882025,0.2117975
t105,0.7882025,0.2117975
t108,0.7882025,0.2117975
t109,0.7882025,0.2117975
