accepted_species,0,1
t67,0.8769091,0.12309092
t74,0.8769091,0.12309092
t75,0.078526735,0.92147326
t76,0.078526735,0.92147326
t82,0.078526735,0.92147326
t83,0.078526735,0.92147326
t104,0.9355165,0.06448354
t105,0.8769091,0.12309092
t108,0.8769091,0.12309092
t109,0.8769091,0.12309092
