accepted_species,estimate
t22,-0.5670051681291034
t25,-0.4327977561635915
t46,-0.5180206129637511
t72,-0.49666975367238864
t59,-1.0969269497494638
t64,-1.1329888727784236
t65,-1.1627822127415801
t61,-1.0988028350719394
t96,-1.4100925574561785
t42,-1.393682522245584
