accepted_species,estimate
t22,-1.1906587
t25,-1.1906587
t46,-1.2519397
t72,-1.1553755
t59,-0.52388966
t64,-0.52388966
t65,-0.52388966
t61,-0.5466673
t96,-1.2049592
t42,-1.5950013
