"accepted_species","0","1"
"sp395",0.674449497950381,0.325550502049619
"sp403",0.674449497950381,0.325550502049619
"sp439",0.674449497946687,0.325550502053313
"sp459",0.674449499661,0.325550500339
"sp468",0.674449524133616,0.325550475866384
"sp474",0.674449497950381,0.325550502049619
"sp475",0.674449594363493,0.325550405636507
"sp498",0.67601088953903,0.32398911046097
"sp505",0.681587111855238,0.318412888144762
"sp518",0.623999780823511,0.376000219176489
