accepted_species,0,1
sp395,0.6193698522675217,0.3806301477324782
sp403,0.7376597879239168,0.2623402120760831
sp439,0.621764004106639,0.37823599589336093
sp459,0.7199514426980449,0.28004855730195505
sp468,0.7182489830664638,0.28175101693353627
sp474,0.7376473436148362,0.2623526563851638
sp475,0.6142585669293454,0.3857414330706545
sp498,0.7343326949214573,0.26566730507854275
sp505,0.7158144946160714,0.28418550538392867
sp518,0.6101155993409848,0.3898844006590152
