accepted_species,0,1
sp395,0.665594837001634,0.33440516299836603
sp403,0.6939137869359651,0.3060862130640349
sp439,0.6656348937336827,0.3343651062663173
sp459,0.6946624727246634,0.3053375272753366
sp468,0.6952769962581382,0.30472300374186173
sp474,0.69389167659558,0.3061083234044199
sp475,0.665355426415793,0.334644573584207
sp498,0.6939893409165607,0.30601065908343933
sp505,0.694756691755398,0.305243308244602
sp518,0.6650627320129856,0.3349372679870144
