accepted_species,0,1
sp395,0.651758692534262,0.34824130746573795
sp403,0.706772071284994,0.293227928715006
sp439,0.6498796878596886,0.35012031214031136
sp459,0.7141836442395235,0.28581635576047654
sp468,0.7182873255194973,0.28171267448050274
sp474,0.709820918871209,0.290179081128791
sp475,0.6534020044891562,0.34659799551084386
sp498,0.7515938260630309,0.24840617393696904
sp505,0.7163080777634744,0.2836919222365256
sp518,0.653165063351887,0.34683493664811305
