accepted_species,0,1
sp395,0.35669005,0.64330995
sp403,0.52923155,0.47076845
sp439,0.35669005,0.64330995
sp459,0.8508908,0.14910917
sp468,0.8508908,0.14910917
sp474,0.8508908,0.14910917
sp475,0.6589991,0.3410009
sp498,0.81958234,0.18041764
sp505,0.8508908,0.14910917
sp518,0.55867445,0.44132558
