accepted_species,estimate
t55,-0.8810452093466768
t74,-0.8718931340300015
t31,0.7155003184611544
t50,0.2752852690067225
t57,-0.27978865180496876
t28,-0.25911577116901346
t12,0.5121730753940872
t36,0.3543005896352717
t85,0.032911429007017254
t89,0.004466878248390736
