accepted_species,estimate
t48,0.18920705545888644
t72,-0.3646276681515887
t99,-0.376535251881383
t100,-0.376535251881383
t80,-1.2363844643039805
t5,-0.2855776845555103
t34,-0.37266585042959893
t81,1.3370966012521506
t40,0.6817088479330592
t38,0.7865217375082848
