accepted_species,estimate
t7,0.269474177892023
t62,0.8569313189191802
t15,0.4460048424962467
t66,0.5295132338425822
t91,0.781514990138185
t92,0.7768586358754471
t39,0.916461572302885
t46,0.9380383547827129
t47,1.0140439762784352
t86,0.7704652870473548
